X,orig_gene,proc_gene
1,a1cf,a1cf
2,a2ml,a2ml
3,aaas,aaas
4,aacs,aacs
5,aadac,aadac
6,aadacl4,aadacl4
7,aadat,aadat
8,aagab,aagab
9,aak1a,aak1a
10,aak1b,aak1b
11,aamdc,aamdc
12,aamp,aamp
13,aanat1,aanat1
14,aar2,aar2
15,aars,aars
16,aars2,aars2
17,aarsd1,aarsd1
18,aasdh,aasdh
19,aasdhppt,aasdhppt
20,aass,aass
21,aatf,aatf
22,aatka,aatka
23,aatkb,aatkb
24,abat,abat
25,abca12,abca12
26,abca1a,abca1a
27,abca1b,abca1b
28,abca2,abca2
29,abca3b,abca3b
30,abca4b,abca4b
31,abca5,abca5
32,abcb10,abcb10
33,abcb11a,abcb11a
34,abcb11b,abcb11b
35,abcb4,abcb4
36,abcb5,abcb5
37,abcb6a,abcb6a
38,abcb6b,abcb6b
39,abcb7,abcb7
40,abcb8,abcb8
41,abcb9,abcb9
42,abcc1,abcc1
43,abcc10,abcc10
44,abcc12,abcc12
45,abcc13,abcc13
46,abcc2,abcc2
47,abcc3,abcc3
48,abcc4,abcc4
49,abcc5,abcc5
50,abcc6a,abcc6a
51,abcc6b.2,abcc6b.2
52,abcc8,abcc8
53,abcc8b,abcc8b
54,abcc9,abcc9
55,abcd1,abcd1
56,abcd2,abcd2
58,abcd3a,abcd3a
59,abcd3b,abcd3b
60,abcd4,abcd4
61,abce1,abce1
62,abcf1,abcf1
63,abcf2a,abcf2a
64,abcf2b,abcf2b
65,abcf3,abcf3
66,abcg1,abcg1
67,abcg2a,abcg2a
68,abcg2b,abcg2b
69,abcg2c,abcg2c
70,abcg4a,abcg4a
71,abcg4b,abcg4b
72,abcg5,abcg5
73,abcg8,abcg8
74,abch1,abch1
75,abhd10a,abhd10a
76,abhd10b,abhd10b
77,abhd11,abhd11
78,abhd12,abhd12
79,abhd13,abhd13
80,abhd14a,abhd14a
81,abhd14b,abhd14b
82,abhd15a,abhd15a
83,abhd16a,abhd16a
84,abhd17aa,abhd17aa
85,abhd17ab,abhd17ab
86,abhd17b,abhd17b
87,abhd17c,abhd17c
88,abhd18,abhd18
89,abhd2a,abhd2a
90,abhd2b,abhd2b
91,abhd3,abhd3
92,abhd4,abhd4
93,abhd6b,abhd6b
94,abhd8a,abhd8a
95,abhd8b,abhd8b
96,abi1a,abi1a
97,abi1b,abi1b
98,abi2a,abi2a
99,abi2b,abi2b
100,abi3a,abi3a
101,abi3b,abi3b
102,abi3bpb,abi3bpb
103,abl1,abl1
104,abl2,abl2
105,ablim1a,ablim1a
106,ablim1b,ablim1b
107,ablim2,ablim2
108,ablim3,ablim3
109,abo,abo
110,abr,abr
111,abraa,abraa
112,abrab,abrab
113,abracl,abracl
114,abraxas1,abraxas1
115,abraxas2,abraxas2
116,abt1,abt1
117,abtb1,abtb1
118,abtb2a,abtb2a
119,abtb2b,abtb2b
120,acaa1,acaa1
121,acaa2,acaa2
122,acaca,acaca
123,acacb,acacb
124,acad11,acad11
125,acad8,acad8
126,acad9,acad9
127,acadl,acadl
128,acadm,acadm
129,acads,acads
130,acadsb,acadsb
131,acadvl,acadvl
132,acana,acana
133,acanb,acanb
134,acap1,acap1
135,acap2,acap2
136,acap3a,acap3a
137,acap3b,acap3b
138,acat1,acat1
139,acat2,acat2
140,acbd3,acbd3
141,acbd4,acbd4
142,acbd5a,acbd5a
143,acbd5b,acbd5b
144,acbd6,acbd6
145,acbd7,acbd7
146,accs,accs
147,acd,acd
148,ace2,ace2
149,acer1,acer1
150,acer2,acer2
151,acer3,acer3
152,ache,ache
153,acin1a,acin1a
154,acin1b,acin1b
155,ACKR2,ACKR2
156,ackr3a,ackr3a
157,ackr3b,ackr3b
158,ackr4a,ackr4a
159,ackr4b,ackr4b
160,aclya,aclya
161,aclyb,aclyb
162,acmsd,acmsd
163,aco1,aco1
164,aco2,aco2
165,acot11a,acot11a
166,acot11b,acot11b
167,ACOT12,ACOT12
168,acot13,acot13
169,acot14,acot14
170,acot15,acot15
171,acot16,acot16
172,acot17,acot17
173,acot18,acot18
174,acot19,acot19
175,acot20,acot20
176,acot21,acot21
177,acot7,acot7
178,acot8,acot8
179,acot9.1,acot9.1
180,acot9.2,acot9.2
181,acox1,acox1
182,acox3,acox3
183,acoxl,acoxl
184,acp1,acp1
185,acp2,acp2
186,acp5a,acp5a
187,acp5b,acp5b
188,acp6,acp6
189,acp7,acp7
190,acsbg1,acsbg1
191,acsbg2,acsbg2
192,acsf2,acsf2
193,ACSF3,ACSF3
194,acsl1a,acsl1a
195,acsl1b,acsl1b
196,acsl2,acsl2
197,acsl3a,acsl3a
198,acsl3b,acsl3b
199,acsl4a,acsl4a
200,acsl4b,acsl4b
201,acsl5,acsl5
202,acsm3,acsm3
203,acss1,acss1
204,acss2,acss2
205,acss2l,acss2l
206,acss3,acss3
207,acta1a,acta1a
208,acta1b,acta1b
209,acta2,acta2
210,actb1,actb1
211,actb2,actb2
212,actc1b,actc1b
213,actc1c,actc1c
214,actl6a,actl6a
215,actl6b,actl6b
216,actn1,actn1
217,actn2a,actn2a
218,actn2b,actn2b
219,actn3a,actn3a
220,actn3b,actn3b
221,actn4,actn4
222,actr1,actr1
223,actr10,actr10
224,actr2a,actr2a
225,actr2b,actr2b
226,actr3,actr3
227,actr3b,actr3b
228,actr5,actr5
229,actr6,actr6
230,actr8,actr8
231,acvr1ba,acvr1ba
232,acvr1bb,acvr1bb
233,ACVR1C,ACVR1C
234,acvr1l,acvr1l
235,acvr2aa,acvr2aa
236,acvr2ab,acvr2ab
237,acvr2ba,acvr2ba
238,acvr2bb,acvr2bb
239,acvrl1,acvrl1
240,acy1,acy1
241,acy3.1,acy3.1
242,acy3.2,acy3.2
243,acyp1,acyp1
244,acyp2,acyp2
245,ada,ada
246,ada2a,ada2a
247,ada2b,ada2b
248,adad1,adad1
249,adad2,adad2
250,adal,adal
251,adam10a,adam10a
252,adam10b,adam10b
253,adam11,adam11
254,adam12,adam12
256,adam15,adam15
257,adam17a,adam17a
258,adam17b,adam17b
259,adam19a,adam19a
260,adam19b,adam19b
261,adam22,adam22
262,adam23a,adam23a
263,adam28,adam28
264,adam8a,adam8a
265,adam8b,adam8b
266,adam9,adam9
267,adamts1,adamts1
268,adamts10,adamts10
269,adamts12,adamts12
270,adamts13,adamts13
271,adamts14,adamts14
272,adamts15a,adamts15a
273,adamts16,adamts16
274,adamts17,adamts17
275,adamts18,adamts18
276,adamts2,adamts2
277,adamts3,adamts3
278,adamts5,adamts5
279,adamts6,adamts6
280,ADAMTS7,ADAMTS7
281,adamts8a,adamts8a
282,adamts9,adamts9
283,adamtsl2,adamtsl2
284,adamtsl3,adamtsl3
285,adamtsl5,adamtsl5
286,adamtsl7,adamtsl7
287,adap2,adap2
288,adar,adar
289,adarb1a,adarb1a
290,adarb1b,adarb1b
291,adat1,adat1
292,adat2,adat2
293,adat3,adat3
294,adck1,adck1
295,adck2,adck2
296,adck5,adck5
297,adcy1a,adcy1a
298,adcy1b,adcy1b
299,adcy2a,adcy2a
300,adcy2b,adcy2b
301,adcy3a,adcy3a
302,adcy3b,adcy3b
303,adcy5,adcy5
304,adcy6a,adcy6a
305,adcy6b,adcy6b
306,adcy7,adcy7
307,adcy8,adcy8
308,adcy9,adcy9
309,adcyap1a,adcyap1a
310,adcyap1b,adcyap1b
311,add1,add1
312,add2,add2
313,add3a,add3a
314,add3b,add3b
315,adgb,adgb
316,adgra2,adgra2
317,adgra3,adgra3
318,adgrb1a,adgrb1a
319,adgrb1b,adgrb1b
320,adgrb2,adgrb2
321,adgrb3,adgrb3
322,adgrd1,adgrd1
323,adgrd2,adgrd2
324,adgre10,adgre10
325,adgre13,adgre13
326,adgre14,adgre14
327,adgre17,adgre17
328,adgre5b.2,adgre5b.2
329,adgre5b.3,adgre5b.3
330,adgre8,adgre8
331,adgre9,adgre9
332,adgrf11,adgrf11
333,adgrf3a,adgrf3a
334,adgrf3b,adgrf3b
335,adgrf6,adgrf6
336,adgrf7,adgrf7
337,adgrf8,adgrf8
338,adgrg1,adgrg1
339,adgrg11,adgrg11
340,adgrg2a,adgrg2a
341,adgrg3,adgrg3
342,adgrg4a,adgrg4a
343,adgrg4b,adgrg4b
344,adgrg6,adgrg6
345,adgrg7.1,adgrg7.1
346,adgrg7.2,adgrg7.2
347,adgrl1.1,adgrl1.1
348,adgrl1a,adgrl1a
349,adgrl2a,adgrl2a
350,ADGRL3,ADGRL3
351,adgrl3.1,adgrl3.1
352,adgrl4,adgrl4
353,adgrv1,adgrv1
354,adh5,adh5
355,adh8a,adh8a
356,adh8b,adh8b
357,adhfe1,adhfe1
358,adi1,adi1
359,adipoqa,adipoqa
360,adipor1a,adipor1a
361,adipor1b,adipor1b
362,adipor2,adipor2
363,adka,adka
364,adkb,adkb
365,adm2b,adm2b
366,adma,adma
367,admb,admb
368,admp,admp
369,adnp2a,adnp2a
370,adnp2b,adnp2b
371,adnpa,adnpa
372,adnpb,adnpb
373,adoa,adoa
374,adob,adob
375,adora1a,adora1a
376,adora1b,adora1b
377,adora2aa,adora2aa
378,adora2ab,adora2ab
379,adora2b,adora2b
380,adpgk,adpgk
381,adpgk2,adpgk2
382,adprh,adprh
383,adprhl1,adprhl1
384,adprhl2,adprhl2
385,adprm,adprm
386,adra1ab,adra1ab
387,adra1ba,adra1ba
388,adra1bb,adra1bb
389,adra1d,adra1d
390,adra2a,adra2a
391,adra2b,adra2b
392,adra2c,adra2c
393,adra2da,adra2da
394,adrb1,adrb1
395,adrb2a,adrb2a
396,adrb2b,adrb2b
397,adrb3a,adrb3a
398,adrb3b,adrb3b
399,adrm1,adrm1
400,adsl,adsl
401,adss,adss
402,adssl,adssl
403,adssl1,adssl1
404,adtrp1,adtrp1
405,aebp1,aebp1
406,aebp2,aebp2
407,aep1,aep1
408,aes,aes
409,afap1,afap1
410,afap1l1a,afap1l1a
411,afap1l1b,afap1l1b
412,afap1l2,afap1l2
413,afdna,afdna
414,aff1,aff1
415,aff2,aff2
416,aff3,aff3
417,aff4,aff4
418,afg1la,afg1la
419,afg1lb,afg1lb
420,afg3l2,afg3l2
421,afmid,afmid
422,afp4,afp4
423,aftpha,aftpha
424,aftphb,aftphb
425,aga,aga
426,agap1,agap1
427,agap2,agap2
428,agap3,agap3
429,AGBL1,AGBL1
430,agbl2,agbl2
431,agbl4,agbl4
432,agbl5,agbl5
433,agfg1a,agfg1a
434,agfg1b,agfg1b
435,aggf1,aggf1
436,agk,agk
437,agla,agla
438,aglb,aglb
439,agmat,agmat
440,agmo,agmo
441,ago1,ago1
442,ago2,ago2
443,ago3a,ago3a
444,ago3b,ago3b
445,ago4,ago4
446,agpat2,agpat2
447,agpat3,agpat3
448,agpat4,agpat4
449,agpat5,agpat5
450,agpat9l,agpat9l
451,agps,agps
452,agr1,agr1
453,agr2,agr2
454,agrn,agrn
455,agrp,agrp
456,agt,agt
457,agtpbp1,agtpbp1
458,agtr1b,agtr1b
459,agtr2,agtr2
460,agtrap,agtrap
461,agxt2,agxt2
462,agxta,agxta
463,agxtb,agxtb
464,ahctf1,ahctf1
465,ahcy,ahcy
466,ahcyl1,ahcyl1
467,ahcyl2,ahcyl2
468,ahdc1,ahdc1
469,ahi1,ahi1
470,ahnak,ahnak
471,ahr1a,ahr1a
472,ahr1b,ahr1b
473,ahr2,ahr2
474,ahrra,ahrra
475,ahrrb,ahrrb
476,ahsa1a,ahsa1a
477,ahsa1b,ahsa1b
478,ahsg2,ahsg2
479,aicda,aicda
480,aida,aida
481,aif1l,aif1l
482,aifm1,aifm1
483,aifm2,aifm2
484,aifm3,aifm3
485,aifm4,aifm4
486,aifm5,aifm5
487,aig1,aig1
488,aimp1,aimp1
489,aimp2,aimp2
490,aip,aip
491,aipl1,aipl1
492,aipl2,aipl2
493,aire,aire
494,ajap1,ajap1
495,ajuba,ajuba
496,ak1,ak1
497,ak2,ak2
498,ak3,ak3
499,ak4,ak4
500,ak5,ak5
501,ak5l,ak5l
502,AK6,AK6
503,ak7a,ak7a
504,ak7b,ak7b
505,ak8,ak8
506,akap10,akap10
507,akap11,akap11
508,akap12a,akap12a
509,akap12b,akap12b
510,akap17a,akap17a
511,akap1a,akap1a
512,akap1b,akap1b
513,akap6,akap6
514,akap7,akap7
515,akap8l,akap8l
516,akap9,akap9
517,akip1,akip1
518,akirin1,akirin1
519,akirin2,akirin2
520,akna,akna
521,aknad1,aknad1
522,akr1a1b,akr1a1b
523,akr1b1,akr1b1
524,akr7a3,akr7a3
525,akt1,akt1
526,akt1s1,akt1s1
527,akt2,akt2
528,akt2l,akt2l
529,akt3a,akt3a
530,akt3b,akt3b
531,aktip,aktip
532,AL590134.1,AL590134.1
533,AL590146.1,AL590146.1
534,AL590150.1,AL590150.1
535,AL590151.1,AL590151.1
536,AL590151.2,AL590151.2
537,AL627126.1,AL627126.1
538,AL627258.1,AL627258.1
539,AL627305.1,AL627305.1
540,AL627305.3,AL627305.3
541,AL645691.1,AL645691.1
542,AL645691.2,AL645691.2
543,AL645792.1,AL645792.1
544,AL645792.2,AL645792.2
545,AL732488.1,AL732488.1
546,AL732515.1,AL732515.1
547,AL772146.2,AL772146.2
548,AL772219.1,AL772219.1
549,AL772241.2,AL772241.2
550,AL772300.1,AL772300.1
551,AL772314.1,AL772314.1
552,AL772362.1,AL772362.1
553,AL772373.1,AL772373.1
554,AL772382.1,AL772382.1
555,AL773558.1,AL773558.1
556,AL805905.1,AL805905.1
557,AL807792.1,AL807792.1
558,AL808129.1,AL808129.1
559,AL808129.2,AL808129.2
560,AL831726.1,AL831726.1
561,AL831726.3,AL831726.3
562,AL831745.1,AL831745.1
563,AL831745.2,AL831745.2
564,AL831745.3,AL831745.3
565,AL831768.1,AL831768.1
566,AL833789.1,AL833789.1
567,AL840638.1,AL840638.1
568,AL840638.2,AL840638.2
569,AL844141.1,AL844141.1
570,AL844186.1,AL844186.1
571,AL844192.1,AL844192.1
572,AL844518.1,AL844518.1
573,AL845295.1,AL845295.1
574,AL845295.2,AL845295.2
575,AL845320.1,AL845320.1
576,AL845320.2,AL845320.2
577,AL845324.1,AL845324.1
578,AL845330.1,AL845330.1
579,AL845357.1,AL845357.1
580,AL845365.1,AL845365.1
581,AL845419.1,AL845419.1
583,AL845550.1,AL845550.1
584,AL928650.1,AL928650.1
585,AL928650.2,AL928650.2
586,AL928650.3,AL928650.3
587,AL928650.4,AL928650.4
588,AL928657.1,AL928657.1
589,AL928685.1,AL928685.1
590,AL928685.2,AL928685.2
591,AL928685.4,AL928685.4
592,AL928707.2,AL928707.2
593,AL928707.3,AL928707.3
594,AL928714.1,AL928714.1
595,AL928724.1,AL928724.1
596,AL928808.1,AL928808.1
597,AL928824.1,AL928824.1
598,AL928835.1,AL928835.1
599,AL928854.1,AL928854.1
600,AL928875.1,AL928875.1
601,AL928908.2,AL928908.2
602,AL928908.3,AL928908.3
603,AL928920.2,AL928920.2
604,AL928920.3,AL928920.3
605,AL928920.4,AL928920.4
606,AL928927.1,AL928927.1
607,AL928951.1,AL928951.1
608,AL929009.1,AL929009.1
609,AL929009.2,AL929009.2
610,AL929017.2,AL929017.2
612,AL929028.1,AL929028.1
613,AL929032.1,AL929032.1
614,AL929048.1,AL929048.1
615,AL929105.1,AL929105.1
616,AL929114.1,AL929114.1
617,AL929171.1,AL929171.1
618,AL929182.1,AL929182.1
619,AL929192.1,AL929192.1
620,AL929210.1,AL929210.1
621,AL929210.2,AL929210.2
622,AL929216.1,AL929216.1
623,AL929217.1,AL929217.1
624,AL929220.1,AL929220.1
625,AL929222.1,AL929222.1
626,AL929222.2,AL929222.2
627,AL929237.1,AL929237.1
628,AL929237.3,AL929237.3
629,AL929243.1,AL929243.1
630,AL929266.1,AL929266.1
631,AL929276.1,AL929276.1
632,AL929304.1,AL929304.1
633,AL929307.1,AL929307.1
634,AL929309.1,AL929309.1
635,AL929315.1,AL929315.1
637,AL929378.1,AL929378.1
638,AL929396.1,AL929396.1
639,AL929435.1,AL929435.1
640,AL929453.1,AL929453.1
641,AL929457.1,AL929457.1
642,AL929493.1,AL929493.1
643,AL929523.1,AL929523.1
644,AL929536.3,AL929536.3
645,AL929536.5,AL929536.5
646,AL929536.6,AL929536.6
647,AL929576.1,AL929576.1
648,AL929586.1,AL929586.1
649,AL935044.1,AL935044.1
650,AL935044.2,AL935044.2
651,AL935044.3,AL935044.3
652,AL935044.4,AL935044.4
653,AL935065.1,AL935065.1
654,AL935115.1,AL935115.1
655,AL935117.1,AL935117.1
656,AL935126.1,AL935126.1
657,AL935126.2,AL935126.2
658,AL935144.1,AL935144.1
659,AL935145.2,AL935145.2
660,AL935153.1,AL935153.1
661,AL935166.1,AL935166.1
662,AL935174.2,AL935174.2
663,AL935174.5,AL935174.5
664,AL935183.1,AL935183.1
665,AL935184.2,AL935184.2
666,AL935186.1,AL935186.1
667,AL935186.2,AL935186.2
668,AL935186.6,AL935186.6
669,AL935198.2,AL935198.2
670,AL935199.1,AL935199.1
671,AL935292.1,AL935292.1
672,AL935294.2,AL935294.2
673,AL935295.1,AL935295.1
674,AL935295.2,AL935295.2
676,AL935300.2,AL935300.2
677,AL935300.3,AL935300.3
678,AL935334.1,AL935334.1
679,AL953841.2,AL953841.2
680,AL953866.1,AL953866.1
681,AL953875.1,AL953875.1
682,AL953886.1,AL953886.1
683,AL953886.2,AL953886.2
684,AL953896.1,AL953896.1
685,AL953907.1,AL953907.1
686,AL953907.2,AL953907.2
687,AL953910.1,AL953910.1
688,AL954129.1,AL954129.1
689,AL954134.1,AL954134.1
690,AL954134.2,AL954134.2
692,AL954138.1,AL954138.1
693,AL954142.1,AL954142.1
694,AL954142.2,AL954142.2
695,AL954142.3,AL954142.3
697,AL954145.2,AL954145.2
698,AL954146.1,AL954146.1
699,AL954149.1,AL954149.1
700,AL954191.1,AL954191.1
701,AL954317.1,AL954317.1
702,AL954322.2,AL954322.2
703,AL954322.3,AL954322.3
704,AL954327.1,AL954327.1
706,AL954666.1,AL954666.1
707,AL954669.1,AL954669.1
708,AL954672.1,AL954672.1
709,AL954694.1,AL954694.1
710,AL954694.2,AL954694.2
711,AL954695.2,AL954695.2
712,AL954695.3,AL954695.3
713,AL954696.1,AL954696.1
714,AL954696.2,AL954696.2
715,AL954698.1,AL954698.1
716,AL954698.2,AL954698.2
717,AL954703.1,AL954703.1
718,AL954741.1,AL954741.1
719,AL954741.2,AL954741.2
720,AL954831.1,AL954831.1
721,AL954832.1,AL954832.1
722,AL954861.1,AL954861.1
723,AL954861.2,AL954861.2
724,alad,alad
725,alas1,alas1
726,alas2,alas2
727,alcama,alcama
728,alcamb,alcamb
729,aldh16a1,aldh16a1
730,aldh18a1,aldh18a1
731,aldh1a2,aldh1a2
732,aldh1a3,aldh1a3
733,aldh1l1,aldh1l1
734,aldh1l2,aldh1l2
735,aldh2.1,aldh2.1
736,aldh2.2,aldh2.2
737,aldh3a1,aldh3a1
738,aldh3a2a,aldh3a2a
739,aldh3a2b,aldh3a2b
740,aldh3b1,aldh3b1
741,aldh3b2,aldh3b2
742,aldh4a1,aldh4a1
743,aldh5a1,aldh5a1
744,aldh6a1,aldh6a1
745,aldh7a1,aldh7a1
746,aldh8a1,aldh8a1
747,aldh9a1a.1,aldh9a1a.1
748,aldh9a1a.2,aldh9a1a.2
749,aldh9a1b,aldh9a1b
750,aldoaa,aldoaa
751,aldoab,aldoab
752,aldob,aldob
753,aldoca,aldoca
754,aldocb,aldocb
755,alg1,alg1
756,alg10,alg10
757,alg11,alg11
758,alg12,alg12
759,alg13,alg13
760,alg14,alg14
761,alg2,alg2
762,alg3,alg3
763,alg5,alg5
764,alg6,alg6
765,alg8,alg8
766,alg9,alg9
767,alk,alk
768,alkal1,alkal1
769,alkal2a,alkal2a
770,alkal2b,alkal2b
771,alkbh1,alkbh1
772,alkbh2,alkbh2
773,alkbh3,alkbh3
774,alkbh4,alkbh4
775,alkbh5,alkbh5
776,alkbh6,alkbh6
777,alkbh7,alkbh7
778,alkbh8,alkbh8
779,allc,allc
780,alms1,alms1
781,alox12,alox12
782,alox5a,alox5a
783,alox5ap,alox5ap
784,alox5b.1,alox5b.1
785,alox5b.2,alox5b.2
786,alox5b.3,alox5b.3
787,ALOXE3,ALOXE3
788,alp3,alp3
789,alpi.1,alpi.1
790,alpk2,alpk2
791,alpk3a,alpk3a
792,alpk3b,alpk3b
793,alpl,alpl
794,als2a,als2a
795,als2b,als2b
796,alx1,alx1
797,alx4a,alx4a
798,alx4b,alx4b
799,alyref,alyref
800,amacr,amacr
802,ambp,ambp
803,ambra1a,ambra1a
804,ambra1b,ambra1b
805,amd1,amd1
806,amdhd2,amdhd2
807,amer1,amer1
808,amer2,amer2
809,amfra,amfra
810,amfrb,amfrb
811,amh,amh
812,amigo1,amigo1
813,amigo3,amigo3
814,ammecr1,ammecr1
815,amn,amn
816,amn1,amn1
817,amot,amot
818,amotl2a,amotl2a
819,amotl2b,amotl2b
820,ampd1,ampd1
821,ampd2a,ampd2a
822,ampd2b,ampd2b
823,ampd3a,ampd3a
824,ampd3b,ampd3b
825,amph,amph
826,amt,amt
827,amy2a,amy2a
828,anapc1,anapc1
829,anapc10,anapc10
830,anapc11,anapc11
831,anapc13,anapc13
832,anapc15,anapc15
833,anapc16,anapc16
834,anapc2,anapc2
835,anapc4,anapc4
836,anapc5,anapc5
837,anapc7,anapc7
838,and1,and1
839,and2,and2
840,and3,and3
841,angel1,angel1
842,angel2,angel2
843,angpt1,angpt1
844,angpt2a,angpt2a
845,angpt2b,angpt2b
846,angpt4,angpt4
847,angptl1a,angptl1a
848,angptl1b,angptl1b
849,angptl2a,angptl2a
850,angptl2b,angptl2b
851,angptl3,angptl3
852,angptl4,angptl4
853,angptl5,angptl5
854,angptl6,angptl6
855,angptl7,angptl7
856,ank1a,ank1a
857,ank1b,ank1b
858,ank2a,ank2a
859,ank2b,ank2b
860,ank3a,ank3a
861,ank3b,ank3b
862,ankar,ankar
863,ankdd1a,ankdd1a
864,ankdd1b,ankdd1b
865,ankef1a,ankef1a
866,ankef1b,ankef1b
867,ANKFN1,ANKFN1
868,ankfy1,ankfy1
869,ankha,ankha
870,ankhb,ankhb
871,ankhd1,ankhd1
872,ankib1a,ankib1a
873,ankib1b,ankib1b
874,ankk1,ankk1
875,ankle2,ankle2
876,ankmy1,ankmy1
877,ankmy2a,ankmy2a
878,ankmy2b,ankmy2b
879,ankra2,ankra2
880,ankrd10a,ankrd10a
881,ankrd10b,ankrd10b
882,ankrd11,ankrd11
883,ankrd12,ankrd12
884,ankrd13a,ankrd13a
885,ankrd13b,ankrd13b
886,ankrd13c,ankrd13c
887,ankrd13d,ankrd13d
888,ankrd16,ankrd16
889,ankrd1a,ankrd1a
890,ankrd1b,ankrd1b
891,ankrd22,ankrd22
892,ankrd24,ankrd24
893,ankrd28b,ankrd28b
894,ankrd29,ankrd29
895,ankrd31,ankrd31
896,ankrd33aa,ankrd33aa
897,ankrd33ab,ankrd33ab
898,ankrd33ba,ankrd33ba
899,ankrd33bb,ankrd33bb
900,ankrd34a,ankrd34a
901,ankrd34bb,ankrd34bb
902,ankrd37,ankrd37
903,ankrd39,ankrd39
904,ankrd40,ankrd40
905,ankrd44,ankrd44
906,ankrd45,ankrd45
907,ankrd46a,ankrd46a
908,ankrd46b,ankrd46b
909,ankrd49,ankrd49
910,ANKRD50,ANKRD50
911,ankrd50l,ankrd50l
912,ankrd52a,ankrd52a
913,ankrd52b,ankrd52b
914,ankrd54,ankrd54
915,ankrd55,ankrd55
916,ankrd63,ankrd63
917,ANKRD66,ANKRD66
918,ankrd6a,ankrd6a
919,ankrd6b,ankrd6b
920,ankrd9,ankrd9
921,anks1aa,anks1aa
922,anks1ab,anks1ab
923,anks1b,anks1b
924,anks3,anks3
925,anks6,anks6
926,ankzf1,ankzf1
927,anln,anln
928,ano1,ano1
929,ano10a,ano10a
930,ano10b,ano10b
931,ano11,ano11
932,ano2,ano2
933,ano3,ano3
934,ano5a,ano5a
935,ano5b,ano5b
936,ano6,ano6
937,ANO7,ANO7
938,ano8a,ano8a
939,ano8b,ano8b
940,ano9b,ano9b
941,anos1a,anos1a
942,anos1b,anos1b
943,anp32a,anp32a
944,anp32b,anp32b
945,anp32e,anp32e
946,ANPEP,ANPEP
947,anpepa,anpepa
948,anpepb,anpepb
949,antxr1a,antxr1a
950,antxr1b,antxr1b
951,antxr1c,antxr1c
952,antxr1d,antxr1d
953,antxr2a,antxr2a
954,ANXA1,ANXA1
955,anxa11a,anxa11a
956,anxa11b,anxa11b
957,anxa13,anxa13
958,anxa13l,anxa13l
959,anxa1a,anxa1a
960,anxa1b,anxa1b
961,anxa1c,anxa1c
962,anxa2a,anxa2a
963,anxa2b,anxa2b
964,anxa3a,anxa3a
965,anxa3b,anxa3b
966,anxa4,anxa4
967,anxa5a,anxa5a
968,anxa5b,anxa5b
969,anxa6,anxa6
970,aoc2,aoc2
971,aox5,aox5
972,aox6,aox6
973,ap1ar,ap1ar
974,ap1b1,ap1b1
975,ap1g1,ap1g1
976,ap1g2,ap1g2
977,ap1m2,ap1m2
978,ap1m3,ap1m3
979,ap1s1,ap1s1
980,ap1s2,ap1s2
981,ap1s3a,ap1s3a
982,ap1s3b,ap1s3b
983,ap2a1,ap2a1
984,ap2b1,ap2b1
985,ap2m1a,ap2m1a
986,ap2m1b,ap2m1b
987,ap2s1,ap2s1
988,AP3B2,AP3B2
989,ap3d1,ap3d1
990,ap3m1,ap3m1
991,ap3m2,ap3m2
992,ap3s2,ap3s2
993,ap4b1,ap4b1
994,ap4e1,ap4e1
995,ap4m1,ap4m1
996,ap4s1,ap4s1
997,ap5b1,ap5b1
998,ap5m1,ap5m1
999,ap5s1,ap5s1
1000,ap5z1,ap5z1
1001,apaf1,apaf1
1002,apba1a,apba1a
1003,apba1b,apba1b
1004,apba2a,apba2a
1005,apba2b,apba2b
1006,APBA3,APBA3
1007,apbb1,apbb1
1008,apbb1ip,apbb1ip
1009,apbb2b,apbb2b
1010,apbb3,apbb3
1011,apc,apc
1012,apc2,apc2
1013,apcdd1l,apcdd1l
1014,apeh,apeh
1015,apela,apela
1016,apex1,apex1
1017,apex2,apex2
1018,aph1b,aph1b
1019,api5,api5
1020,apip,apip
1021,apln,apln
1022,aplnr2,aplnr2
1023,aplnra,aplnra
1024,aplnrb,aplnrb
1025,aplp1,aplp1
1026,aplp2,aplp2
1027,apmap,apmap
1028,apnl,apnl
1029,apoa1a,apoa1a
1030,apoa1b,apoa1b
1031,apoa2,apoa2
1032,apoa4a,apoa4a
1033,apoa4b.1,apoa4b.1
1034,apoa4b.2,apoa4b.2
1035,apoba,apoba
1036,apobb.1,apobb.1
1037,apobb.2,apobb.2
1038,apobec2a,apobec2a
1039,apobec2b,apobec2b
1040,apoc1,apoc1
1041,apoc2,apoc2
1042,apoda.1,apoda.1
1043,apoda.2,apoda.2
1044,apodb,apodb
1045,apoea,apoea
1046,apoeb,apoeb
1047,apof,apof
1048,apol1,apol1
1049,apom,apom
1050,apooa,apooa
1051,apoob,apoob
1052,apool,apool
1053,apopt1,apopt1
1054,appa,appa
1055,appb,appb
1056,appbp2,appbp2
1057,appl1,appl1
1058,aprt,aprt
1059,aptx,aptx
1060,aqp10a,aqp10a
1061,aqp10b,aqp10b
1062,aqp11,aqp11
1063,aqp12,aqp12
1064,aqp1a.1,aqp1a.1
1065,aqp1a.2,aqp1a.2
1066,aqp3a,aqp3a
1067,aqp4,aqp4
1068,aqp7,aqp7
1069,aqp8a.1,aqp8a.1
1070,aqp8a.2,aqp8a.2
1071,aqp8b,aqp8b
1072,aqp9b,aqp9b
1073,aqr,aqr
1074,ar,ar
1075,araf,araf
1076,arap1,arap1
1077,arap1a,arap1a
1078,arap3,arap3
1079,arcn1a,arcn1a
1080,arcn1b,arcn1b
1081,areg,areg
1082,AREL1,AREL1
1083,arf1,arf1
1084,arf2a,arf2a
1085,arf2b,arf2b
1086,arf3a,arf3a
1087,arf3b,arf3b
1088,arf4a,arf4a
1089,arf4b,arf4b
1090,arf5,arf5
1092,arf6a,arf6a
1093,arf6b,arf6b
1094,arfgap1,arfgap1
1095,arfgap2,arfgap2
1096,arfgap3,arfgap3
1097,arfgef2,arfgef2
1098,arfgef3,arfgef3
1099,arfip1,arfip1
1100,arfip2a,arfip2a
1101,arfip2b,arfip2b
1102,arfrp1,arfrp1
1103,arg1,arg1
1104,arg2,arg2
1105,arglu1a,arglu1a
1106,arglu1b,arglu1b
1107,arhgap1,arhgap1
1108,arhgap11a,arhgap11a
1109,arhgap12a,arhgap12a
1110,arhgap12b,arhgap12b
1111,arhgap15,arhgap15
1112,arhgap17a,arhgap17a
1113,arhgap17b,arhgap17b
1114,arhgap18,arhgap18
1115,arhgap19,arhgap19
1116,arhgap20,arhgap20
1117,arhgap20b,arhgap20b
1118,arhgap21a,arhgap21a
1119,arhgap21b,arhgap21b
1120,arhgap22,arhgap22
1122,arhgap23a,arhgap23a
1123,arhgap23b,arhgap23b
1124,arhgap24,arhgap24
1125,arhgap25,arhgap25
1126,arhgap27,arhgap27
1127,arhgap28,arhgap28
1128,arhgap29a,arhgap29a
1129,arhgap29b,arhgap29b
1130,arhgap31,arhgap31
1131,arhgap32a,arhgap32a
1132,arhgap32b,arhgap32b
1133,arhgap33,arhgap33
1134,arhgap35a,arhgap35a
1135,arhgap35b,arhgap35b
1136,arhgap36,arhgap36
1137,arhgap39,arhgap39
1138,arhgap42a,arhgap42a
1139,arhgap42b,arhgap42b
1140,arhgap44,arhgap44
1141,arhgap4a,arhgap4a
1142,arhgap4b,arhgap4b
1143,arhgap5,arhgap5
1144,ARHGAP6,ARHGAP6
1145,arhgdia,arhgdia
1146,arhgdig,arhgdig
1147,arhgef10,arhgef10
1148,arhgef10lb,arhgef10lb
1149,arhgef11,arhgef11
1150,arhgef12a,arhgef12a
1151,arhgef12b,arhgef12b
1152,arhgef15,arhgef15
1153,arhgef16,arhgef16
1154,ARHGEF17,ARHGEF17
1155,arhgef18a,arhgef18a
1156,arhgef18b,arhgef18b
1157,arhgef19,arhgef19
1158,arhgef1a,arhgef1a
1159,arhgef1b,arhgef1b
1160,arhgef2,arhgef2
1161,arhgef25b,arhgef25b
1162,arhgef28,arhgef28
1163,arhgef3,arhgef3
1164,arhgef33,arhgef33
1165,arhgef37,arhgef37
1166,arhgef38,arhgef38
1167,arhgef39,arhgef39
1168,arhgef3l,arhgef3l
1169,arhgef4,arhgef4
1170,arhgef40,arhgef40
1171,arhgef5,arhgef5
1172,arhgef6,arhgef6
1173,arhgef7a,arhgef7a
1174,arhgef7b,arhgef7b
1175,arhgef9a,arhgef9a
1176,arhgef9b,arhgef9b
1177,arid1aa,arid1aa
1178,arid1ab,arid1ab
1179,arid1b,arid1b
1180,arid2,arid2
1181,arid3a,arid3a
1182,arid3b,arid3b
1183,arid3c,arid3c
1184,arid4a,arid4a
1185,arid5a,arid5a
1186,arid5b,arid5b
1187,arid6,arid6
1188,arih1,arih1
1189,arih1l,arih1l
1190,arih2,arih2
1191,arl1,arl1
1192,arl11,arl11
1193,arl13a,arl13a
1194,arl13b,arl13b
1195,arl14,arl14
1196,arl14ep,arl14ep
1197,arl15a,arl15a
1198,arl15b,arl15b
1199,arl16,arl16
1200,arl2,arl2
1201,arl2bp,arl2bp
1202,arl3,arl3
1203,arl3l1,arl3l1
1204,arl3l2,arl3l2
1205,arl4aa,arl4aa
1206,arl4ab,arl4ab
1207,arl4ca,arl4ca
1208,arl4cb,arl4cb
1209,arl4d,arl4d
1210,arl5a,arl5a
1211,arl5c,arl5c
1212,arl6,arl6
1213,arl6ip1,arl6ip1
1214,arl6ip4,arl6ip4
1215,arl6ip5a,arl6ip5a
1216,arl6ip5b,arl6ip5b
1217,arl6ip6,arl6ip6
1218,arl8,arl8
1219,arl8a,arl8a
1220,arl8ba,arl8ba
1221,arl8bb,arl8bb
1222,arl9,arl9
1223,armc1,armc1
1224,armc10,armc10
1225,armc1l,armc1l
1226,armc2,armc2
1227,armc3,armc3
1228,armc4,armc4
1229,armc5,armc5
1230,ARMC6,ARMC6
1231,armc7,armc7
1232,armc8,armc8
1233,armc9,armc9
1234,armh1,armh1
1235,armh3,armh3
1236,armt1,armt1
1237,arnt,arnt
1238,arnt2,arnt2
1239,arntl1a,arntl1a
1240,arntl1b,arntl1b
1241,arntl2,arntl2
1242,arpc1a,arpc1a
1243,arpc1b,arpc1b
1244,arpc2,arpc2
1245,arpc3,arpc3
1246,arpc4,arpc4
1247,arpc4l,arpc4l
1248,arpc5a,arpc5a
1249,arpc5b,arpc5b
1250,arpc5la,arpc5la
1251,arpc5lb,arpc5lb
1252,arpin,arpin
1253,arpp19a,arpp19a
1254,arpp19b,arpp19b
1255,arpp21,arpp21
1256,arr3a,arr3a
1257,arr3b,arr3b
1258,arrb1,arrb1
1259,arrb2a,arrb2a
1260,arrb2b,arrb2b
1261,arrdc1a,arrdc1a
1262,arrdc1b,arrdc1b
1263,arrdc2,arrdc2
1264,arrdc3a,arrdc3a
1265,arrdc3b,arrdc3b
1266,arsa,arsa
1267,ARSB,ARSB
1268,arsg,arsg
1269,arsh,arsh
1270,arsia,arsia
1271,arsib,arsib
1272,arsj,arsj
1273,arsk,arsk
1274,art4,art4
1275,artnb,artnb
1276,arv1,arv1
1277,arvcfa,arvcfa
1278,arvcfb,arvcfb
1279,arxa,arxa
1280,arxb,arxb
1281,as3mt,as3mt
1282,asah1a,asah1a
1283,asah1b,asah1b
1284,asah2,asah2
1285,asap1a,asap1a
1286,asap1b,asap1b
1287,asap2a,asap2a
1288,asap2b,asap2b
1289,asap3,asap3
1290,asb1,asb1
1291,asb11,asb11
1292,asb12a,asb12a
1293,asb12b,asb12b
1294,asb13a.1,asb13a.1
1295,asb13a.2,asb13a.2
1296,asb13b,asb13b
1297,asb14a,asb14a
1298,asb14b,asb14b
1299,asb15a,asb15a
1300,asb16,asb16
1301,asb18,asb18
1302,asb2a.1,asb2a.1
1303,asb2b,asb2b
1304,asb3,asb3
1305,asb4,asb4
1306,asb5a,asb5a
1307,asb5b,asb5b
1308,asb6,asb6
1309,asb7,asb7
1310,asb8,asb8
1311,ascc1,ascc1
1312,ascc2,ascc2
1313,ascc3,ascc3
1314,ascl1a,ascl1a
1315,ascl1b,ascl1b
1316,asf1ba,asf1ba
1317,asf1bb,asf1bb
1318,ash1l,ash1l
1319,ash2l,ash2l
1320,asic1a,asic1a
1321,asic1c,asic1c
1322,asic2,asic2
1323,asic4a,asic4a
1324,asic4b,asic4b
1325,asip1,asip1
1326,asip2b,asip2b
1327,asl,asl
1328,asmt,asmt
1329,asmt2,asmt2
1330,asmtl,asmtl
1331,asna1,asna1
1332,asns,asns
1333,asnsd1,asnsd1
1334,aspa,aspa
1335,aspdh,aspdh
1336,aspg,aspg
1337,asph,asph
1338,asphd1,asphd1
1339,asphd2,asphd2
1340,aspm,aspm
1341,aspn,aspn
1342,aspscr1,aspscr1
1343,asrgl1,asrgl1
1344,ASS1,ASS1
1345,ASTE1,ASTE1
1346,aste1a,aste1a
1347,astn1,astn1
1348,asxl1,asxl1
1349,asxl2,asxl2
1350,asz1,asz1
1351,atad1a,atad1a
1352,atad1b,atad1b
1353,atad2,atad2
1354,atad2b,atad2b
1355,atad3,atad3
1356,atad5a,atad5a
1357,atad5b,atad5b
1358,atcaya,atcaya
1359,atcayb,atcayb
1360,ATE1,ATE1
1361,atf1,atf1
1362,atf2,atf2
1363,atf3,atf3
1364,atf4a,atf4a
1365,atf4b,atf4b
1366,atf5a,atf5a
1367,atf5b,atf5b
1368,atf6,atf6
1369,atf6b,atf6b
1370,atf7a,atf7a
1371,atf7b,atf7b
1372,atf7ip,atf7ip
1373,atf7ip2,atf7ip2
1374,atg10,atg10
1375,atg101,atg101
1376,atg12,atg12
1377,atg13,atg13
1378,ATG14,ATG14
1379,atg16l1,atg16l1
1380,atg16l2,atg16l2
1381,atg2b,atg2b
1382,atg3,atg3
1383,atg4a,atg4a
1384,atg4b,atg4b
1385,atg4c,atg4c
1386,atg4da,atg4da
1387,atg4db,atg4db
1388,atg5,atg5
1389,atg7,atg7
1390,atg9a,atg9a
1391,atg9b,atg9b
1392,atic,atic
1393,atl1,atl1
1394,atl2,atl2
1395,atl3,atl3
1396,atm,atm
1397,atmin,atmin
1398,atn1,atn1
1399,atoh1a,atoh1a
1400,atoh1b,atoh1b
1401,atoh1c,atoh1c
1402,atoh7,atoh7
1403,atoh8,atoh8
1404,atox1,atox1
1405,atp10a,atp10a
1406,atp10b,atp10b
1407,atp10d,atp10d
1408,atp11a,atp11a
1409,ATP11B,ATP11B
1410,atp11c,atp11c
1411,atp13a1,atp13a1
1412,atp13a2,atp13a2
1413,atp13a3,atp13a3
1414,atp1a1a.1,atp1a1a.1
1415,atp1a1a.2,atp1a1a.2
1416,atp1a1a.3,atp1a1a.3
1417,atp1a1a.4,atp1a1a.4
1418,atp1a1a.5,atp1a1a.5
1419,atp1a1b,atp1a1b
1420,atp1a2a,atp1a2a
1421,atp1a3a,atp1a3a
1422,atp1a3b,atp1a3b
1423,atp1b1a,atp1b1a
1424,atp1b1b,atp1b1b
1425,atp1b2a,atp1b2a
1426,atp1b2b,atp1b2b
1427,atp1b3a,atp1b3a
1428,atp1b3b,atp1b3b
1429,atp1b4,atp1b4
1430,atp23,atp23
1431,atp2a1l,atp2a1l
1432,atp2a2a,atp2a2a
1433,atp2a2b,atp2a2b
1434,atp2a3,atp2a3
1435,atp2b1a,atp2b1a
1436,atp2b1b,atp2b1b
1437,atp2b2,atp2b2
1438,atp2b3a,atp2b3a
1439,atp2b3b,atp2b3b
1440,atp2c1,atp2c1
1441,atp5f1b,atp5f1b
1442,atp5f1c,atp5f1c
1443,atp5f1d,atp5f1d
1444,atp5f1e,atp5f1e
1445,atp5fa1,atp5fa1
1446,atp5if1a,atp5if1a
1447,atp5if1b,atp5if1b
1448,atp5l,atp5l
1449,atp5mc1,atp5mc1
1450,atp5mc3a,atp5mc3a
1451,atp5mc3b,atp5mc3b
1452,atp5md,atp5md
1453,atp5mea,atp5mea
1454,atp5meb,atp5meb
1455,atp5mf,atp5mf
1456,atp5pb,atp5pb
1457,atp5pd,atp5pd
1458,atp5pf,atp5pf
1459,atp5po,atp5po
1460,atp6ap1a,atp6ap1a
1461,atp6ap1b,atp6ap1b
1462,atp6ap1la,atp6ap1la
1463,atp6ap1lb,atp6ap1lb
1464,atp6ap2,atp6ap2
1465,atp6v0a1a,atp6v0a1a
1466,atp6v0a1b,atp6v0a1b
1467,atp6v0a2a,atp6v0a2a
1468,atp6v0a2b,atp6v0a2b
1469,atp6v0b,atp6v0b
1470,atp6v0ca,atp6v0ca
1471,atp6v0cb,atp6v0cb
1472,atp6v0d1,atp6v0d1
1473,atp6v1aa,atp6v1aa
1474,atp6v1ab,atp6v1ab
1475,atp6v1b2,atp6v1b2
1476,atp6v1ba,atp6v1ba
1477,atp6v1c1a,atp6v1c1a
1478,atp6v1c1b,atp6v1c1b
1479,atp6v1c2,atp6v1c2
1480,atp6v1d,atp6v1d
1481,atp6v1e1a,atp6v1e1a
1482,atp6v1e1b,atp6v1e1b
1483,atp6v1g1,atp6v1g1
1484,atp6v1h,atp6v1h
1485,atp7a,atp7a
1486,atp7b,atp7b
1487,atp8a1,atp8a1
1488,atp8a2,atp8a2
1489,atp8b1,atp8b1
1490,atp8b3,atp8b3
1491,atp8b4,atp8b4
1492,atp8b5a,atp8b5a
1493,ATP9A,ATP9A
1494,atp9b,atp9b
1495,atpaf1,atpaf1
1496,atpaf2,atpaf2
1497,atpv0e2,atpv0e2
1498,atraid,atraid
1499,atrip,atrip
1500,atrn,atrn
1501,atrnl1a,atrnl1a
1502,atrnl1b,atrnl1b
1503,atrx,atrx
1504,atrxl,atrxl
1505,atxn10,atxn10
1506,atxn1a,atxn1a
1507,atxn1b,atxn1b
1508,atxn1l,atxn1l
1509,atxn2,atxn2
1510,atxn2l,atxn2l
1511,atxn3,atxn3
1512,atxn7,atxn7
1513,atxn7l1,atxn7l1
1514,atxn7l2a,atxn7l2a
1515,atxn7l2b,atxn7l2b
1516,atxn7l3,atxn7l3
1517,auh,auh
1518,aup1,aup1
1519,aurka,aurka
1520,aurkaip1,aurkaip1
1521,aurkb,aurkb
1522,auts2a,auts2a
1523,auts2b,auts2b
1524,avd,avd
1525,aven,aven
1526,avil,avil
1527,avl9,avl9
1528,avpr1ab,avpr1ab
1529,avpr2aa,avpr2aa
1530,avpr2ab,avpr2ab
1531,avpr2l,avpr2l
1532,axdnd1,axdnd1
1533,axin1,axin1
1534,axin2,axin2
1535,AXL,AXL
1536,azi2,azi2
1537,azin1a,azin1a
1538,azin1b,azin1b
1539,b2m,b2m
1540,b3galnt2,b3galnt2
1541,b3galt1a,b3galt1a
1542,b3galt1b,b3galt1b
1543,b3galt2,b3galt2
1544,b3galt4,b3galt4
1545,b3galt6,b3galt6
1546,B3GAT1,B3GAT1
1547,b3gat1a,b3gat1a
1548,b3gat2,b3gat2
1549,b3gat3,b3gat3
1550,b3glcta,b3glcta
1551,b3glctb,b3glctb
1552,b3gnt2a,b3gnt2a
1553,b3gnt2b,b3gnt2b
1554,b3gnt2l,b3gnt2l
1555,b3gnt3.1,b3gnt3.1
1556,b3gnt3.2,b3gnt3.2
1557,b3gnt3.3,b3gnt3.3
1558,b3gnt3.4,b3gnt3.4
1559,b3gnt5a,b3gnt5a
1560,b3gnt5b,b3gnt5b
1561,b3gnt7,b3gnt7
1562,b3gnt7l,b3gnt7l
1563,b3gnt9,b3gnt9
1564,b3gntl1,b3gntl1
1565,b4galnt1a,b4galnt1a
1566,b4galnt1b,b4galnt1b
1567,b4galnt2.1,b4galnt2.1
1568,b4galnt2.2,b4galnt2.2
1569,b4galnt3a,b4galnt3a
1570,b4galnt3b,b4galnt3b
1571,b4galnt4a,b4galnt4a
1572,b4galnt4b,b4galnt4b
1573,b4galt1,b4galt1
1574,b4galt1l,b4galt1l
1575,b4galt2,b4galt2
1576,b4galt3,b4galt3
1577,b4galt4,b4galt4
1578,b4galt5,b4galt5
1579,b4galt6,b4galt6
1580,b4galt7,b4galt7
1581,b4gat1,b4gat1
1582,b9d1,b9d1
1583,b9d2,b9d2
1584,baalc,baalc
1585,baalca,baalca
1586,babam1,babam1
1587,babam2,babam2
1588,bace1,bace1
1589,bace2,bace2
1590,bach1a,bach1a
1591,bach1b,bach1b
1592,bach2a,bach2a
1593,bach2b,bach2b
1594,bada,bada
1595,badb,badb
1596,bag1,bag1
1597,bag2,bag2
1598,bag3,bag3
1599,bag4,bag4
1600,bag5,bag5
1601,bag6,bag6
1602,bag6l,bag6l
1603,bahcc1a,bahcc1a
1604,bahcc1b,bahcc1b
1605,bahd1,bahd1
1606,baiap2a,baiap2a
1607,baiap2b,baiap2b
1608,baiap2l1a,baiap2l1a
1609,baiap2l1b,baiap2l1b
1610,baiap2l2a,baiap2l2a
1611,baiap2l2b,baiap2l2b
1612,baiap3,baiap3
1613,bambia,bambia
1614,bambib,bambib
1615,banf1,banf1
1616,banp,banp
1617,bap1,bap1
1618,bard1,bard1
1619,barhl1a,barhl1a
1620,barhl1b,barhl1b
1621,barhl2,barhl2
1622,barx1,barx1
1623,barx2,barx2
1624,basp1,basp1
1625,batf,batf
1626,batf3,batf3
1627,baxa,baxa
1628,baxb,baxb
1629,baz1a,baz1a
1630,baz1b,baz1b
1631,baz2a,baz2a
1632,baz2ba,baz2ba
1633,bbc3,bbc3
1634,bbip1,bbip1
1635,bbox1,bbox1
1636,bbs1,bbs1
1637,bbs10,bbs10
1638,bbs12,bbs12
1639,bbs2,bbs2
1640,bbs4,bbs4
1641,bbs5,bbs5
1642,bbs7,bbs7
1643,bbs9,bbs9
1644,bbx,bbx
1645,bcam,bcam
1646,bcan,bcan
1647,bcap29,bcap29
1648,bcap31,bcap31
1649,bcar1,bcar1
1650,bcar3,bcar3
1651,bcas2,bcas2
1652,bcas3,bcas3
1653,bcat1,bcat1
1654,bcat2,bcat2
1655,bccip,bccip
1656,bcdin3d,bcdin3d
1657,bckdha,bckdha
1658,bckdhb,bckdhb
1659,bckdhbl,bckdhbl
1660,bckdk,bckdk
1661,bcl10,bcl10
1662,bcl11ab,bcl11ab
1663,bcl11ba,bcl11ba
1664,bcl2a,bcl2a
1665,bcl2b,bcl2b
1666,bcl2l1,bcl2l1
1667,bcl2l10,bcl2l10
1668,bcl2l11,bcl2l11
1669,bcl2l13,bcl2l13
1670,bcl2l16,bcl2l16
1671,bcl3,bcl3
1672,bcl6aa,bcl6aa
1673,bcl6ab,bcl6ab
1674,bcl6b,bcl6b
1675,bcl7a,bcl7a
1676,bcl7ba,bcl7ba
1677,bcl7bb,bcl7bb
1678,bcl9,bcl9
1679,bcl9l,bcl9l
1680,bco1,bco1
1681,bco1l,bco1l
1682,bco2a,bco2a
1683,bco2b,bco2b
1684,bco2l,bco2l
1685,bcor,bcor
1686,bcr,bcr
1687,bcs1l,bcs1l
1688,bdh1,bdh1
1689,bdh2,bdh2
1690,bdkrb2,bdkrb2
1691,bean1,bean1
1692,becn1,becn1
1693,bend3,bend3
1694,BEND4,BEND4
1695,bend5,bend5
1696,best2,best2
1697,best4,best4
1698,bet1,bet1
1699,bet1l,bet1l
1700,bfb,bfb
1701,BFSP1,BFSP1
1702,bfsp2,bfsp2
1703,bglap,bglap
1704,bglapl,bglapl
1705,bgna,bgna
1706,bgnb,bgnb
1707,bhlha15,bhlha15
1708,bhlha9,bhlha9
1709,bhlhe22,bhlhe22
1710,bhlhe23,bhlhe23
1711,bhlhe40,bhlhe40
1712,bhlhe41,bhlhe41
1713,bicc1a,bicc1a
1714,bicc2,bicc2
1715,bicd1a,bicd1a
1716,bicdl1,bicdl1
1717,bicdl2,bicdl2
1718,bicdl2l,bicdl2l
1719,bicra,bicra
1720,bicral,bicral
1721,bida,bida
1722,bik,bik
1723,bin1a,bin1a
1724,bin1b,bin1b
1725,bin2a,bin2a
1726,bin2b,bin2b
1727,bin3,bin3
1728,birc2,birc2
1729,birc5a,birc5a
1730,birc5b,birc5b
1731,birc6,birc6
1732,birc6-as2,birc6-as2
1733,birc7,birc7
1734,bivm,bivm
1735,blcap,blcap
1736,blf,blf
1737,blk,blk
1738,blm,blm
1739,blmh,blmh
1740,blnk,blnk
1741,bloc1s1,bloc1s1
1742,bloc1s2,bloc1s2
1743,bloc1s3,bloc1s3
1744,bloc1s4,bloc1s4
1745,bloc1s5,bloc1s5
1746,bloc1s6,bloc1s6
1747,blvra,blvra
1748,blvrb,blvrb
1749,blzf1,blzf1
1750,bmb,bmb
1751,bmf1,bmf1
1752,bmf2,bmf2
1753,bmi1a,bmi1a
1754,bmi1b,bmi1b
1755,bmp15,bmp15
1756,bmp16,bmp16
1757,bmp1a,bmp1a
1758,bmp1b,bmp1b
1759,bmp2b,bmp2b
1760,bmp2k,bmp2k
1761,bmp3,bmp3
1762,bmp4,bmp4
1763,bmp5,bmp5
1764,bmp6,bmp6
1765,bmp7a,bmp7a
1766,bmp7b,bmp7b
1767,bmper,bmper
1768,bmpr1aa,bmpr1aa
1769,bmpr1ab,bmpr1ab
1770,bmpr1ba,bmpr1ba
1771,bmpr2a,bmpr2a
1772,bms1,bms1
1773,bmt2,bmt2
1774,BNC1,BNC1
1775,bnc2,bnc2
1776,bnip1a,bnip1a
1777,bnip1b,bnip1b
1778,bnip2,bnip2
1779,bnip3,bnip3
1780,bnip3la,bnip3la
1781,bnip3lb,bnip3lb
1782,bnip4,bnip4
1783,bnipl,bnipl
1784,boc,boc
1785,bod1,bod1
1786,bod1l1,bod1l1
1787,boka,boka
1788,bokb,bokb
1789,bola1,bola1
1790,BOLA2,BOLA2
1791,bola3,bola3
1792,bop1,bop1
1793,bora,bora
1794,borcs5,borcs5
1795,borcs7,borcs7
1796,borcs8,borcs8
1797,bpgm,bpgm
1798,bphl,bphl
1799,bpifcl,bpifcl
1800,bpnt1,bpnt1
1801,bptf,bptf
1802,brap,brap
1803,brat1,brat1
1804,brca2,brca2
1805,brcc3,brcc3
1806,brd1a,brd1a
1807,brd1b,brd1b
1808,brd2a,brd2a
1809,brd2b,brd2b
1810,brd3a,brd3a
1811,brd3b,brd3b
1812,brd4,brd4
1813,brd7,brd7
1814,brd8,brd8
1815,brd9,brd9
1816,brdt,brdt
1817,brf1a,brf1a
1818,brf1b,brf1b
1819,brf2,brf2
1820,bri3,bri3
1821,bri3bp,bri3bp
1822,bricd5,bricd5
1823,brinp1,brinp1
1824,brinp2,brinp2
1825,brinp3a.1,brinp3a.1
1826,brinp3a.2,brinp3a.2
1827,brinp3b,brinp3b
1828,brip1,brip1
1829,brk1,brk1
1830,brms1,brms1
1831,brms1la,brms1la
1832,brms1lb,brms1lb
1833,brox,brox
1834,brpf1,brpf1
1835,brpf3a,brpf3a
1836,brpf3b,brpf3b
1837,brsk2b,brsk2b
1838,brwd1,brwd1
1839,brwd3,brwd3
1840,bscl2,bscl2
1841,bscl2l,bscl2l
1842,bsdc1,bsdc1
1843,bsg,bsg
1844,bsk146,bsk146
1845,bsna,bsna
1846,bsnb,bsnb
1847,bsnd,bsnd
1848,bspry,bspry
1849,bsx,bsx
1850,btaf1,btaf1
1851,btbd10a,btbd10a
1852,btbd10b,btbd10b
1853,btbd11a,btbd11a
1854,btbd11b,btbd11b
1855,btbd16,btbd16
1856,btbd17a,btbd17a
1857,btbd17b,btbd17b
1858,btbd18,btbd18
1859,btbd2a,btbd2a
1860,btbd2b,btbd2b
1861,btbd3a,btbd3a
1862,btbd3b,btbd3b
1863,btbd6a,btbd6a
1864,btbd6b,btbd6b
1865,btbd7,btbd7
1866,btbd9,btbd9
1867,btc,btc
1868,btd,btd
1869,btf3,btf3
1870,btf3l4,btf3l4
1871,btg1,btg1
1872,btg2,btg2
1873,btg3,btg3
1874,btg4,btg4
1875,btk,btk
1876,btr01,btr01
1877,btr02,btr02
1878,btr05,btr05
1879,btr06,btr06
1880,btr07,btr07
1881,btr09,btr09
1882,btr12,btr12
1883,btr20,btr20
1884,btr22,btr22
1885,btr23,btr23
1886,btr25,btr25
1887,btr26,btr26
1888,btr29,btr29
1889,btr30,btr30
1890,btr33,btr33
1891,bub1,bub1
1892,bub1ba,bub1ba
1893,bub1bb,bub1bb
1894,bub3,bub3
1895,buc,buc
1896,buc2l,buc2l
1897,bud23,bud23
1898,bud31,bud31
1899,bves,bves
1900,BX000364.1,BX000364.1
1901,BX000364.3,BX000364.3
1902,BX000434.1,BX000434.1
1903,BX000438.1,BX000438.1
1904,BX000438.2,BX000438.2
1905,BX000447.1,BX000447.1
1906,BX000451.1,BX000451.1
1907,BX000460.1,BX000460.1
1908,BX000463.2,BX000463.2
1909,BX000522.1,BX000522.1
1911,BX000534.2,BX000534.2
1912,BX000696.1,BX000696.1
1913,BX000696.2,BX000696.2
1914,BX000701.1,BX000701.1
1915,BX000701.2,BX000701.2
1916,BX000991.1,BX000991.1
1917,BX001014.1,BX001014.1
1918,BX001014.2,BX001014.2
1919,BX001026.1,BX001026.1
1920,BX001030.1,BX001030.1
1921,BX001030.2,BX001030.2
1922,BX004768.1,BX004768.1
1923,BX004769.1,BX004769.1
1924,BX004771.1,BX004771.1
1925,BX004774.2,BX004774.2
1926,BX004779.1,BX004779.1
1927,BX004780.1,BX004780.1
1928,BX004785.2,BX004785.2
1929,BX004785.3,BX004785.3
1930,BX004803.1,BX004803.1
1931,BX004816.1,BX004816.1
1932,BX004840.1,BX004840.1
1933,BX004840.2,BX004840.2
1934,BX004857.1,BX004857.1
1935,BX004970.1,BX004970.1
1936,BX004972.1,BX004972.1
1937,BX004976.1,BX004976.1
1938,BX004980.1,BX004980.1
1939,BX004981.1,BX004981.1
1940,BX004981.2,BX004981.2
1941,BX004991.1,BX004991.1
1942,BX004999.1,BX004999.1
1943,BX005003.1,BX005003.1
1944,BX005005.1,BX005005.1
1945,BX005005.2,BX005005.2
1946,BX005011.1,BX005011.1
1947,BX005012.1,BX005012.1
1948,BX005012.3,BX005012.3
1949,BX005012.4,BX005012.4
1950,BX005022.1,BX005022.1
1952,BX005027.2,BX005027.2
1953,BX005032.1,BX005032.1
1954,BX005043.1,BX005043.1
1955,BX005048.1,BX005048.1
1956,BX005056.1,BX005056.1
1957,BX005058.1,BX005058.1
1958,BX005060.1,BX005060.1
1959,BX005064.1,BX005064.1
1960,BX005065.1,BX005065.1
1961,BX005068.1,BX005068.1
1962,BX005073.1,BX005073.1
1963,BX005073.2,BX005073.2
1964,BX005073.3,BX005073.3
1965,BX005082.1,BX005082.1
1966,BX005083.1,BX005083.1
1967,BX005085.1,BX005085.1
1968,BX005085.2,BX005085.2
1969,BX005085.4,BX005085.4
1970,BX005085.6,BX005085.6
1971,BX005085.7,BX005085.7
1972,BX005105.1,BX005105.1
1973,BX005108.2,BX005108.2
1974,BX005108.3,BX005108.3
1975,BX005124.1,BX005124.1
1976,BX005128.1,BX005128.1
1977,BX005129.1,BX005129.1
1978,BX005129.5,BX005129.5
1979,BX005156.1,BX005156.1
1980,BX005156.2,BX005156.2
1981,BX005174.1,BX005174.1
1982,BX005228.1,BX005228.1
1983,BX005229.1,BX005229.1
1984,BX005242.1,BX005242.1
1985,BX005245.1,BX005245.1
1986,BX005254.1,BX005254.1
1987,BX005254.2,BX005254.2
1988,BX005254.3,BX005254.3
1989,BX005275.2,BX005275.2
1990,BX005286.1,BX005286.1
1992,BX005305.1,BX005305.1
1993,BX005308.1,BX005308.1
1994,BX005309.1,BX005309.1
1995,BX005313.1,BX005313.1
1996,BX005319.1,BX005319.1
1997,BX005321.1,BX005321.1
1998,BX005328.1,BX005328.1
1999,BX005329.1,BX005329.1
2000,BX005329.2,BX005329.2
2001,BX005332.1,BX005332.1
2002,BX005336.1,BX005336.1
2003,BX005340.1,BX005340.1
2004,BX005351.1,BX005351.1
2005,BX005355.1,BX005355.1
2006,BX005361.1,BX005361.1
2007,BX005367.1,BX005367.1
2008,BX005367.2,BX005367.2
2009,BX005368.1,BX005368.1
2010,BX005375.1,BX005375.1
2011,BX005376.1,BX005376.1
2012,BX005380.2,BX005380.2
2013,BX005389.4,BX005389.4
2014,BX005392.1,BX005392.1
2015,BX005392.2,BX005392.2
2016,BX005392.3,BX005392.3
2017,BX005396.1,BX005396.1
2018,BX005396.2,BX005396.2
2019,BX005396.3,BX005396.3
2020,BX005396.4,BX005396.4
2021,BX005397.1,BX005397.1
2022,BX005398.1,BX005398.1
2023,BX005402.1,BX005402.1
2024,BX005407.1,BX005407.1
2025,BX005414.1,BX005414.1
2026,BX005417.2,BX005417.2
2028,BX005419.1,BX005419.1
2029,BX005421.1,BX005421.1
2030,BX005421.3,BX005421.3
2031,BX005438.1,BX005438.1
2032,BX005442.1,BX005442.1
2033,BX005442.2,BX005442.2
2034,BX005442.3,BX005442.3
2035,BX005443.1,BX005443.1
2036,BX005448.1,BX005448.1
2037,BX005450.1,BX005450.1
2038,BX005456.1,BX005456.1
2039,BX005461.1,BX005461.1
2040,BX005461.2,BX005461.2
2041,BX005461.3,BX005461.3
2042,BX005462.2,BX005462.2
2043,BX005484.1,BX005484.1
2044,BX072554.2,BX072554.2
2045,BX072559.1,BX072559.1
2046,BX072561.1,BX072561.1
2047,BX072570.1,BX072570.1
2048,BX072576.1,BX072576.1
2049,BX072576.2,BX072576.2
2050,BX072576.3,BX072576.3
2051,BX085193.1,BX085193.1
2052,BX085193.2,BX085193.2
2053,BX088524.2,BX088524.2
2054,BX088524.3,BX088524.3
2055,BX088525.2,BX088525.2
2056,BX088535.1,BX088535.1
2057,BX088540.1,BX088540.1
2058,BX088544.1,BX088544.1
2059,BX088583.1,BX088583.1
2060,BX088583.2,BX088583.2
2061,BX088587.1,BX088587.1
2062,BX088596.1,BX088596.1
2063,BX088596.2,BX088596.2
2064,BX088603.1,BX088603.1
2065,BX088603.2,BX088603.2
2066,BX088603.3,BX088603.3
2067,BX088649.1,BX088649.1
2068,BX088686.1,BX088686.1
2069,BX088688.1,BX088688.1
2070,BX088688.2,BX088688.2
2071,BX088688.3,BX088688.3
2072,BX088696.2,BX088696.2
2073,BX088705.1,BX088705.1
2074,BX088707.1,BX088707.1
2075,BX088707.3,BX088707.3
2076,BX088709.1,BX088709.1
2077,BX088712.1,BX088712.1
2078,BX088712.2,BX088712.2
2079,BX088713.1,BX088713.1
2080,BX088718.1,BX088718.1
2081,BX088728.1,BX088728.1
2082,BX119902.2,BX119902.2
2083,BX119909.1,BX119909.1
2084,BX119915.1,BX119915.1
2085,BX119915.2,BX119915.2
2086,BX119915.3,BX119915.3
2087,BX119926.1,BX119926.1
2088,BX119963.3,BX119963.3
2089,BX119992.1,BX119992.1
2090,BX120005.1,BX120005.1
2091,BX120006.1,BX120006.1
2092,BX120006.2,BX120006.2
2093,BX120006.3,BX120006.3
2094,BX120016.1,BX120016.1
2095,BX247868.1,BX247868.1
2096,BX247870.2,BX247870.2
2097,BX247946.1,BX247946.1
2098,BX248089.1,BX248089.1
2100,BX248106.1,BX248106.1
2101,BX248108.1,BX248108.1
2102,BX248113.1,BX248113.1
2103,BX248121.1,BX248121.1
2104,BX248122.1,BX248122.1
2105,BX248126.1,BX248126.1
2106,BX248128.1,BX248128.1
2107,BX248128.2,BX248128.2
2108,BX248136.1,BX248136.1
2109,BX248238.1,BX248238.1
2110,BX248238.2,BX248238.2
2111,BX248318.1,BX248318.1
2112,BX248322.1,BX248322.1
2113,BX248324.1,BX248324.1
2114,BX248331.1,BX248331.1
2115,BX248331.2,BX248331.2
2116,BX248390.1,BX248390.1
2117,BX248410.1,BX248410.1
2118,BX248410.2,BX248410.2
2119,BX248418.1,BX248418.1
2120,BX248418.2,BX248418.2
2121,BX248497.1,BX248497.1
2122,BX248501.1,BX248501.1
2124,BX248510.2,BX248510.2
2125,BX248510.5,BX248510.5
2126,BX248511.1,BX248511.1
2127,BX248515.1,BX248515.1
2128,BX248515.2,BX248515.2
2130,BX248521.2,BX248521.2
2131,BX255896.1,BX255896.1
2132,BX255897.2,BX255897.2
2133,BX255908.1,BX255908.1
2134,BX255912.1,BX255912.1
2135,BX255913.1,BX255913.1
2136,BX255913.2,BX255913.2
2137,BX255915.1,BX255915.1
2138,BX255915.2,BX255915.2
2139,BX255917.1,BX255917.1
2140,BX255917.2,BX255917.2
2141,BX255920.1,BX255920.1
2142,BX255963.1,BX255963.1
2143,BX255963.2,BX255963.2
2144,BX255967.1,BX255967.1
2145,BX276088.1,BX276088.1
2146,BX276096.1,BX276096.1
2147,BX276098.1,BX276098.1
2148,BX276101.1,BX276101.1
2149,BX276101.2,BX276101.2
2150,BX276103.1,BX276103.1
2151,BX276105.1,BX276105.1
2152,BX276107.1,BX276107.1
2153,BX279523.1,BX279523.1
2154,BX279523.2,BX279523.2
2155,BX279523.3,BX279523.3
2157,BX284620.1,BX284620.1
2158,BX284635.1,BX284635.1
2159,BX284638.1,BX284638.1
2160,BX284666.1,BX284666.1
2161,BX284666.2,BX284666.2
2162,BX284666.3,BX284666.3
2163,BX284696.1,BX284696.1
2164,BX284697.1,BX284697.1
2165,BX293559.1,BX293559.1
2166,BX293559.2,BX293559.2
2167,BX293567.1,BX293567.1
2168,BX294100.2,BX294100.2
2169,BX294110.1,BX294110.1
2170,BX294110.2,BX294110.2
2171,BX294129.1,BX294129.1
2172,BX294160.1,BX294160.1
2173,BX294177.1,BX294177.1
2174,BX294178.1,BX294178.1
2175,BX294178.2,BX294178.2
2176,BX294178.3,BX294178.3
2177,BX294181.2,BX294181.2
2178,BX294189.1,BX294189.1
2179,BX294383.1,BX294383.1
2180,BX294383.2,BX294383.2
2181,BX294388.1,BX294388.1
2182,BX294389.1,BX294389.1
2183,BX294434.1,BX294434.1
2184,BX294444.1,BX294444.1
2185,BX294661.2,BX294661.2
2186,BX296520.1,BX296520.1
2187,BX296526.2,BX296526.2
2188,BX296541.1,BX296541.1
2189,BX296551.1,BX296551.1
2190,BX296552.1,BX296552.1
2191,BX296552.2,BX296552.2
2192,BX296562.1,BX296562.1
2193,BX296562.2,BX296562.2
2194,BX321870.1,BX321870.1
2195,BX321875.1,BX321875.1
2197,BX321877.1,BX321877.1
2198,BX321882.1,BX321882.1
2199,BX321886.1,BX321886.1
2200,BX321912.1,BX321912.1
2201,BX322530.1,BX322530.1
2202,BX322538.1,BX322538.1
2203,BX322555.3,BX322555.3
2204,BX322555.4,BX322555.4
2205,BX322574.1,BX322574.1
2206,BX322577.1,BX322577.1
2207,BX322587.1,BX322587.1
2208,BX322587.2,BX322587.2
2209,BX322601.1,BX322601.1
2210,BX322603.1,BX322603.1
2211,BX322608.1,BX322608.1
2214,BX322657.3,BX322657.3
2215,BX322661.1,BX322661.1
2216,BX322661.2,BX322661.2
2217,BX322661.3,BX322661.3
2218,BX322665.1,BX322665.1
2219,BX322665.2,BX322665.2
2220,BX322665.3,BX322665.3
2221,BX322787.1,BX322787.1
2222,BX322792.1,BX322792.1
2223,BX323016.1,BX323016.1
2224,BX323022.1,BX323022.1
2225,BX323031.1,BX323031.1
2226,BX323031.2,BX323031.2
2227,BX323038.1,BX323038.1
2228,BX323041.1,BX323041.1
2229,BX323051.1,BX323051.1
2230,BX323060.1,BX323060.1
2232,BX323062.1,BX323062.1
2233,BX323067.1,BX323067.1
2234,BX323074.2,BX323074.2
2235,BX323076.2,BX323076.2
2236,BX323080.1,BX323080.1
2237,BX323082.1,BX323082.1
2238,BX323087.1,BX323087.1
2239,BX323087.2,BX323087.2
2240,BX323448.1,BX323448.1
2241,BX323450.1,BX323450.1
2242,BX323453.1,BX323453.1
2243,BX323457.1,BX323457.1
2244,BX323458.1,BX323458.1
2245,BX323458.2,BX323458.2
2246,BX323459.1,BX323459.1
2247,BX323459.2,BX323459.2
2248,BX323543.2,BX323543.2
2249,BX323550.3,BX323550.3
2251,BX323556.1,BX323556.1
2252,BX323557.1,BX323557.1
2253,BX323559.1,BX323559.1
2254,BX323559.2,BX323559.2
2255,BX323559.3,BX323559.3
2256,BX323559.4,BX323559.4
2257,BX323560.1,BX323560.1
2258,BX323564.1,BX323564.1
2259,BX323573.1,BX323573.1
2260,BX323574.1,BX323574.1
2261,BX323575.1,BX323575.1
2262,BX323578.1,BX323578.1
2263,BX323586.1,BX323586.1
2264,BX323586.2,BX323586.2
2265,BX323586.3,BX323586.3
2266,BX323590.1,BX323590.1
2267,BX323590.3,BX323590.3
2268,BX323593.1,BX323593.1
2269,BX323596.1,BX323596.1
2270,BX323596.2,BX323596.2
2271,BX323793.1,BX323793.1
2273,BX323800.1,BX323800.1
2274,BX323801.1,BX323801.1
2275,BX323807.1,BX323807.1
2276,BX323807.2,BX323807.2
2277,BX323812.2,BX323812.2
2278,BX323820.1,BX323820.1
2279,BX323822.1,BX323822.1
2280,BX323824.1,BX323824.1
2281,BX323830.1,BX323830.1
2282,BX323837.1,BX323837.1
2283,BX323854.2,BX323854.2
2284,BX323855.1,BX323855.1
2285,BX323855.2,BX323855.2
2286,BX323861.1,BX323861.1
2287,BX323861.3,BX323861.3
2288,BX323875.1,BX323875.1
2289,BX323876.2,BX323876.2
2290,BX323880.1,BX323880.1
2291,BX323882.1,BX323882.1
2292,BX323887.1,BX323887.1
2293,BX323889.1,BX323889.1
2294,BX323987.1,BX323987.1
2295,BX323991.1,BX323991.1
2296,BX323994.1,BX323994.1
2297,BX323994.2,BX323994.2
2298,BX324003.2,BX324003.2
2299,BX324007.2,BX324007.2
2300,BX324110.1,BX324110.1
2301,BX324119.1,BX324119.1
2302,BX324123.2,BX324123.2
2303,BX324132.1,BX324132.1
2304,BX324132.2,BX324132.2
2305,BX324132.3,BX324132.3
2307,BX324142.2,BX324142.2
2308,BX324146.1,BX324146.1
2309,BX324153.1,BX324153.1
2310,BX324157.1,BX324157.1
2311,BX324164.3,BX324164.3
2312,BX324164.5,BX324164.5
2313,BX324181.1,BX324181.1
2314,BX324188.1,BX324188.1
2315,BX324202.1,BX324202.1
2316,BX324206.2,BX324206.2
2317,BX324207.1,BX324207.1
2318,BX324212.1,BX324212.1
2319,BX324212.2,BX324212.2
2320,BX324216.1,BX324216.1
2321,BX324216.2,BX324216.2
2322,BX324216.4,BX324216.4
2323,BX324218.1,BX324218.1
2324,BX324224.1,BX324224.1
2325,BX324227.1,BX324227.1
2326,BX324230.2,BX324230.2
2327,BX465186.1,BX465186.1
2328,BX465186.2,BX465186.2
2329,BX465198.1,BX465198.1
2330,BX465205.2,BX465205.2
2331,BX465227.1,BX465227.1
2332,BX465228.1,BX465228.1
2333,BX465836.2,BX465836.2
2334,BX465838.1,BX465838.1
2335,BX465844.1,BX465844.1
2336,BX465848.1,BX465848.1
2337,BX465849.1,BX465849.1
2339,BX465857.1,BX465857.1
2340,BX465862.1,BX465862.1
2341,BX465862.2,BX465862.2
2342,BX465862.3,BX465862.3
2343,BX465868.1,BX465868.1
2345,BX469885.1,BX469885.1
2346,BX469896.1,BX469896.1
2347,BX469902.1,BX469902.1
2348,BX469908.1,BX469908.1
2349,BX469925.1,BX469925.1
2350,BX469925.2,BX469925.2
2351,BX469930.1,BX469930.1
2352,BX469930.2,BX469930.2
2353,BX470116.1,BX470116.1
2354,BX470117.1,BX470117.1
2355,BX470137.1,BX470137.1
2356,BX470154.1,BX470154.1
2357,BX470182.1,BX470182.1
2358,BX470182.2,BX470182.2
2359,BX470183.1,BX470183.1
2360,BX470185.1,BX470185.1
2361,BX470185.2,BX470185.2
2362,BX470188.1,BX470188.1
2363,BX470189.1,BX470189.1
2364,BX470189.2,BX470189.2
2365,BX470197.1,BX470197.1
2366,BX470211.1,BX470211.1
2368,BX470218.1,BX470218.1
2369,BX470224.1,BX470224.1
2370,BX470229.1,BX470229.1
2371,BX470229.2,BX470229.2
2372,BX470238.1,BX470238.1
2373,BX470242.1,BX470242.1
2374,BX470242.2,BX470242.2
2375,BX470246.1,BX470246.1
2376,BX470247.1,BX470247.1
2377,BX470259.1,BX470259.1
2378,BX470259.2,BX470259.2
2379,BX470259.3,BX470259.3
2380,BX470264.1,BX470264.1
2382,BX510301.2,BX510301.2
2383,BX510306.1,BX510306.1
2384,BX510319.1,BX510319.1
2385,BX510337.1,BX510337.1
2387,BX510360.1,BX510360.1
2388,BX510649.1,BX510649.1
2389,BX510654.1,BX510654.1
2390,BX510909.1,BX510909.1
2391,BX510909.2,BX510909.2
2392,BX510919.1,BX510919.1
2393,BX510920.1,BX510920.1
2394,BX510922.2,BX510922.2
2395,BX510922.4,BX510922.4
2396,BX510923.1,BX510923.1
2397,BX510924.1,BX510924.1
2398,BX510929.1,BX510929.1
2399,BX510934.2,BX510934.2
2400,BX510940.1,BX510940.1
2401,BX510941.1,BX510941.1
2402,BX510941.2,BX510941.2
2403,BX510949.1,BX510949.1
2404,BX510960.1,BX510960.1
2405,BX510960.2,BX510960.2
2407,BX510989.1,BX510989.1
2408,BX510992.1,BX510992.1
2409,BX510992.2,BX510992.2
2410,BX511010.1,BX511010.1
2411,BX511013.1,BX511013.1
2412,BX511021.1,BX511021.1
2413,BX511021.2,BX511021.2
2414,BX511021.3,BX511021.3
2415,BX511021.4,BX511021.4
2416,BX511023.1,BX511023.1
2417,BX511025.1,BX511025.1
2418,BX511028.1,BX511028.1
2419,BX511034.1,BX511034.1
2420,BX511034.2,BX511034.2
2421,BX511034.3,BX511034.3
2422,BX511034.4,BX511034.4
2423,BX511034.5,BX511034.5
2424,BX511034.6,BX511034.6
2425,BX511034.7,BX511034.7
2426,BX511034.8,BX511034.8
2427,BX511061.1,BX511061.1
2428,BX511066.1,BX511066.1
2429,BX511067.1,BX511067.1
2430,BX511073.1,BX511073.1
2431,BX511075.1,BX511075.1
2432,BX511079.1,BX511079.1
2433,BX511079.2,BX511079.2
2434,BX511093.1,BX511093.1
2435,BX511100.1,BX511100.1
2436,BX511100.5,BX511100.5
2438,BX511111.1,BX511111.1
2439,BX511112.1,BX511112.1
2440,BX511120.1,BX511120.1
2441,BX511124.1,BX511124.1
2442,BX511128.1,BX511128.1
2443,BX511128.2,BX511128.2
2444,BX511129.1,BX511129.1
2445,BX511129.2,BX511129.2
2446,BX511132.2,BX511132.2
2447,BX511136.1,BX511136.1
2448,BX511142.1,BX511142.1
2449,BX511151.1,BX511151.1
2450,BX511161.1,BX511161.1
2451,BX511166.1,BX511166.1
2452,BX511187.1,BX511187.1
2453,BX511218.1,BX511218.1
2454,BX511223.1,BX511223.1
2455,BX511245.1,BX511245.1
2456,BX511246.1,BX511246.1
2457,BX511250.1,BX511250.1
2458,BX511253.1,BX511253.1
2459,BX511259.1,BX511259.1
2460,BX511261.1,BX511261.1
2461,BX511265.2,BX511265.2
2462,BX511265.3,BX511265.3
2463,BX511272.1,BX511272.1
2464,BX511310.1,BX511310.1
2465,BX530017.1,BX530017.1
2466,BX530017.2,BX530017.2
2467,BX530018.2,BX530018.2
2468,BX530024.1,BX530024.1
2470,BX530064.1,BX530064.1
2471,BX530064.2,BX530064.2
2472,BX530077.1,BX530077.1
2473,BX530079.1,BX530079.1
2474,BX530091.1,BX530091.1
2475,BX530097.1,BX530097.1
2477,BX530407.2,BX530407.2
2478,BX530407.4,BX530407.4
2479,BX530407.6,BX530407.6
2480,BX530407.7,BX530407.7
2481,BX530721.1,BX530721.1
2482,BX537104.1,BX537104.1
2483,BX537110.1,BX537110.1
2484,BX537115.1,BX537115.1
2485,BX537120.3,BX537120.3
2486,BX537130.1,BX537130.1
2487,BX537137.1,BX537137.1
2488,BX537137.3,BX537137.3
2489,BX537143.1,BX537143.1
2490,BX537156.1,BX537156.1
2491,BX537166.1,BX537166.1
2492,BX537168.1,BX537168.1
2493,BX537263.2,BX537263.2
2494,BX537274.1,BX537274.1
2495,BX537276.1,BX537276.1
2496,BX537280.1,BX537280.1
2497,BX537288.2,BX537288.2
2499,BX537303.1,BX537303.1
2500,BX537305.1,BX537305.1
2501,BX537308.1,BX537308.1
2502,BX537310.1,BX537310.1
2503,BX537313.1,BX537313.1
2504,BX537342.1,BX537342.1
2505,BX537358.1,BX537358.1
2506,BX539307.1,BX539307.1
2507,BX539307.3,BX539307.3
2508,BX539310.1,BX539310.1
2509,BX539313.2,BX539313.2
2510,BX539313.3,BX539313.3
2511,BX539321.2,BX539321.2
2512,BX539325.1,BX539325.1
2514,BX539336.1,BX539336.1
2515,BX544876.1,BX544876.1
2516,BX544876.2,BX544876.2
2517,BX544877.1,BX544877.1
2518,BX545856.1,BX545856.1
2519,BX545856.2,BX545856.2
2520,BX545917.3,BX545917.3
2521,BX545917.5,BX545917.5
2522,BX545917.6,BX545917.6
2523,BX546453.1,BX546453.1
2524,BX546453.2,BX546453.2
2525,BX546459.1,BX546459.1
2526,BX546499.2,BX546499.2
2527,BX546500.1,BX546500.1
2528,BX546503.1,BX546503.1
2529,BX547930.1,BX547930.1
2530,BX547930.4,BX547930.4
2531,BX547934.1,BX547934.1
2532,BX547934.2,BX547934.2
2533,BX547939.1,BX547939.1
2534,BX547992.1,BX547992.1
2535,BX547992.2,BX547992.2
2537,BX548000.1,BX548000.1
2539,BX548011.4,BX548011.4
2540,BX548015.2,BX548015.2
2542,BX548024.1,BX548024.1
2543,BX548024.2,BX548024.2
2544,BX548028.1,BX548028.1
2545,BX548032.1,BX548032.1
2546,BX548032.3,BX548032.3
2548,BX548044.7,BX548044.7
2549,BX548045.1,BX548045.1
2550,BX548046.1,BX548046.1
2551,BX548046.2,BX548046.2
2552,BX548060.1,BX548060.1
2553,BX548061.1,BX548061.1
2554,BX548062.1,BX548062.1
2555,BX548067.1,BX548067.1
2556,BX548073.1,BX548073.1
2557,BX548073.11,BX548073.11
2558,BX548073.2,BX548073.2
2559,BX548073.3,BX548073.3
2560,BX548073.4,BX548073.4
2561,BX548075.1,BX548075.1
2562,BX548075.3,BX548075.3
2563,BX548078.1,BX548078.1
2564,BX548157.1,BX548157.1
2565,BX548170.1,BX548170.1
2566,BX548247.1,BX548247.1
2567,BX548249.1,BX548249.1
2568,BX569783.1,BX569783.1
2569,BX569785.1,BX569785.1
2570,BX569787.1,BX569787.1
2571,BX569788.1,BX569788.1
2572,BX569789.1,BX569789.1
2574,BX569790.3,BX569790.3
2575,BX569793.1,BX569793.1
2576,BX569796.1,BX569796.1
2577,BX569798.1,BX569798.1
2579,BX571664.1,BX571664.1
2580,BX571675.1,BX571675.1
2581,BX571678.1,BX571678.1
2582,BX571680.1,BX571680.1
2583,BX571681.2,BX571681.2
2584,BX571681.3,BX571681.3
2585,BX571681.4,BX571681.4
2586,BX571694.1,BX571694.1
2587,BX571701.1,BX571701.1
2588,BX571705.1,BX571705.1
2589,BX571707.1,BX571707.1
2590,BX571712.1,BX571712.1
2591,BX571712.2,BX571712.2
2592,BX571712.3,BX571712.3
2593,BX571715.1,BX571715.1
2594,BX571720.1,BX571720.1
2596,BX571737.1,BX571737.1
2597,BX571738.1,BX571738.1
2598,BX571757.1,BX571757.1
2599,BX571760.1,BX571760.1
2600,BX571762.1,BX571762.1
2601,BX571762.2,BX571762.2
2603,BX571772.1,BX571772.1
2604,BX571774.1,BX571774.1
2605,BX571780.1,BX571780.1
2606,BX571786.1,BX571786.1
2607,BX571794.2,BX571794.2
2608,BX571794.3,BX571794.3
2609,BX571796.1,BX571796.1
2610,BX571803.1,BX571803.1
2611,BX571809.2,BX571809.2
2612,BX571811.1,BX571811.1
2613,BX571811.2,BX571811.2
2614,BX571825.12,BX571825.12
2616,BX571827.2,BX571827.2
2617,BX571828.1,BX571828.1
2618,BX571839.1,BX571839.1
2619,BX571843.1,BX571843.1
2620,BX571853.1,BX571853.1
2621,BX571853.2,BX571853.2
2622,BX571854.1,BX571854.1
2623,BX571884.1,BX571884.1
2624,BX571940.1,BX571940.1
2625,BX571942.1,BX571942.1
2626,BX571945.1,BX571945.1
2627,BX571945.2,BX571945.2
2628,BX571952.1,BX571952.1
2629,BX571954.1,BX571954.1
2630,BX571954.3,BX571954.3
2631,BX571955.1,BX571955.1
2632,BX571955.2,BX571955.2
2633,BX571960.1,BX571960.1
2634,BX572077.1,BX572077.1
2635,BX572077.2,BX572077.2
2636,BX572078.1,BX572078.1
2637,BX572103.1,BX572103.1
2638,BX572619.1,BX572619.1
2639,BX572620.1,BX572620.1
2640,BX572622.1,BX572622.1
2641,BX572627.1,BX572627.1
2642,BX572628.1,BX572628.1
2643,BX601644.1,BX601644.1
2644,BX601644.2,BX601644.2
2645,BX601644.4,BX601644.4
2646,BX601644.5,BX601644.5
2647,BX601646.1,BX601646.1
2648,BX601648.2,BX601648.2
2649,BX629344.1,BX629344.1
2650,BX629346.2,BX629346.2
2651,BX640398.1,BX640398.1
2653,BX640453.1,BX640453.1
2654,BX640512.2,BX640512.2
2655,BX640512.3,BX640512.3
2656,BX640520.1,BX640520.1
2657,BX640520.2,BX640520.2
2658,BX640520.3,BX640520.3
2659,BX640522.2,BX640522.2
2660,BX640537.2,BX640537.2
2661,BX640537.3,BX640537.3
2662,BX640539.1,BX640539.1
2664,BX640549.1,BX640549.1
2666,BX649231.1,BX649231.1
2667,BX649242.1,BX649242.1
2668,BX649250.1,BX649250.1
2669,BX649266.2,BX649266.2
2670,BX649276.1,BX649276.1
2671,BX649279.1,BX649279.1
2672,BX649294.1,BX649294.1
2673,BX649295.2,BX649295.2
2674,BX649300.1,BX649300.1
2675,BX649300.2,BX649300.2
2676,BX649300.3,BX649300.3
2677,BX649313.1,BX649313.1
2678,BX649315.1,BX649315.1
2679,BX649324.1,BX649324.1
2680,BX649328.1,BX649328.1
2681,BX649328.3,BX649328.3
2682,BX649331.1,BX649331.1
2683,BX649337.1,BX649337.1
2684,BX649337.2,BX649337.2
2685,BX649341.1,BX649341.1
2686,BX649345.2,BX649345.2
2687,BX649349.1,BX649349.1
2688,BX649350.1,BX649350.1
2689,BX649350.2,BX649350.2
2690,BX649356.1,BX649356.1
2692,BX649384.1,BX649384.1
2693,BX649384.2,BX649384.2
2694,BX649384.3,BX649384.3
2695,BX649385.1,BX649385.1
2696,BX649388.1,BX649388.1
2697,BX649388.2,BX649388.2
2698,BX649388.3,BX649388.3
2699,BX649397.1,BX649397.1
2700,BX649398.1,BX649398.1
2701,BX649398.2,BX649398.2
2702,BX649398.3,BX649398.3
2703,BX649411.1,BX649411.1
2704,BX649411.2,BX649411.2
2705,BX649416.1,BX649416.1
2706,BX649416.2,BX649416.2
2708,BX649431.1,BX649431.1
2710,BX649434.1,BX649434.1
2711,BX649434.2,BX649434.2
2712,BX649442.1,BX649442.1
2713,BX649448.1,BX649448.1
2714,BX649448.3,BX649448.3
2715,BX649453.1,BX649453.1
2716,BX649457.1,BX649457.1
2717,BX649471.1,BX649471.1
2718,BX649471.2,BX649471.2
2719,BX649478.1,BX649478.1
2720,BX649481.1,BX649481.1
2721,BX649484.1,BX649484.1
2722,BX649485.1,BX649485.1
2723,BX649485.2,BX649485.2
2724,BX649490.3,BX649490.3
2725,BX649502.2,BX649502.2
2726,BX649502.6,BX649502.6
2727,BX649516.1,BX649516.1
2728,BX649516.2,BX649516.2
2729,BX649516.3,BX649516.3
2730,BX649516.4,BX649516.4
2731,BX649522.1,BX649522.1
2732,BX649522.2,BX649522.2
2733,BX649529.1,BX649529.1
2734,BX649533.1,BX649533.1
2735,BX649556.1,BX649556.1
2736,BX649556.2,BX649556.2
2737,BX649559.1,BX649559.1
2738,BX649559.2,BX649559.2
2739,BX649612.1,BX649612.1
2740,BX649622.1,BX649622.1
2741,BX649622.2,BX649622.2
2742,BX649628.1,BX649628.1
2743,BX649641.2,BX649641.2
2745,BX649641.4,BX649641.4
2746,BX663503.1,BX663503.1
2747,BX663503.2,BX663503.2
2748,BX663515.1,BX663515.1
2749,BX663521.1,BX663521.1
2750,BX663522.1,BX663522.1
2751,BX663525.1,BX663525.1
2752,BX663525.2,BX663525.2
2753,BX663528.1,BX663528.1
2754,BX663533.1,BX663533.1
2755,BX663605.1,BX663605.1
2756,BX663606.1,BX663606.1
2757,BX663611.1,BX663611.1
2758,BX663612.1,BX663612.1
2759,BX663613.1,BX663613.1
2761,BX664605.1,BX664605.1
2762,BX664614.1,BX664614.1
2763,BX664618.1,BX664618.1
2764,BX664625.1,BX664625.1
2765,BX664625.2,BX664625.2
2766,BX664625.4,BX664625.4
2767,BX664625.5,BX664625.5
2768,BX664716.1,BX664716.1
2770,BX664721.3,BX664721.3
2771,BX664738.1,BX664738.1
2772,BX664742.1,BX664742.1
2773,BX664742.2,BX664742.2
2774,BX664742.3,BX664742.3
2775,BX664750.2,BX664750.2
2776,BX664750.3,BX664750.3
2777,BX666065.1,BX666065.1
2779,BX677668.1,BX677668.1
2780,BX677668.2,BX677668.2
2781,BX681416.2,BX681416.2
2782,BX681417.2,BX681417.2
2784,BX682234.1,BX682234.1
2785,BX682550.1,BX682550.1
2786,BX682556.1,BX682556.1
2787,BX682557.1,BX682557.1
2788,BX682558.1,BX682558.1
2789,BX769173.1,BX769173.1
2790,BX769173.2,BX769173.2
2792,BX784023.1,BX784023.1
2793,BX784025.1,BX784025.1
2794,BX784029.2,BX784029.2
2795,BX842240.1,BX842240.1
2796,BX842669.1,BX842669.1
2797,BX842700.1,BX842700.1
2798,BX842701.1,BX842701.1
2799,BX855614.1,BX855614.1
2800,BX855614.2,BX855614.2
2801,BX855614.3,BX855614.3
2802,BX855614.4,BX855614.4
2803,BX855618.1,BX855618.1
2804,BX890539.1,BX890539.1
2805,BX890544.1,BX890544.1
2806,BX890548.1,BX890548.1
2807,BX890558.1,BX890558.1
2808,BX890559.1,BX890559.1
2809,BX890562.1,BX890562.1
2810,BX890562.2,BX890562.2
2811,BX890576.1,BX890576.1
2812,BX890590.1,BX890590.1
2813,BX890591.1,BX890591.1
2814,BX890600.1,BX890600.1
2815,BX890608.1,BX890608.1
2816,BX890624.2,BX890624.2
2817,BX890629.1,BX890629.1
2818,BX897662.1,BX897662.1
2819,BX897682.1,BX897682.1
2820,BX897691.1,BX897691.1
2821,BX897714.1,BX897714.1
2822,BX897720.1,BX897720.1
2823,BX897740.1,BX897740.1
2824,BX897741.1,BX897741.1
2826,BX899181.1,BX899181.1
2827,BX901878.2,BX901878.2
2829,BX901883.1,BX901883.1
2830,BX901883.2,BX901883.2
2831,BX901883.3,BX901883.3
2832,BX901883.4,BX901883.4
2833,BX901898.1,BX901898.1
2834,BX901898.2,BX901898.2
2835,BX901907.1,BX901907.1
2836,BX901918.1,BX901918.1
2837,BX901922.1,BX901922.1
2838,BX901923.2,BX901923.2
2839,BX901942.1,BX901942.1
2840,BX901957.1,BX901957.1
2841,BX901962.2,BX901962.2
2842,BX901962.3,BX901962.3
2843,BX901962.4,BX901962.4
2844,BX901968.1,BX901968.1
2845,BX901973.1,BX901973.1
2846,BX901974.1,BX901974.1
2847,BX901974.2,BX901974.2
2848,BX901974.3,BX901974.3
2849,BX908385.1,BX908385.1
2850,BX908386.1,BX908386.1
2851,BX908386.2,BX908386.2
2852,BX908386.3,BX908386.3
2853,BX908388.2,BX908388.2
2854,BX908395.1,BX908395.1
2855,BX908401.1,BX908401.1
2856,BX908401.2,BX908401.2
2857,BX908726.1,BX908726.1
2858,BX908731.1,BX908731.1
2859,BX908744.1,BX908744.1
2860,BX908744.2,BX908744.2
2861,BX908750.2,BX908750.2
2862,BX908753.1,BX908753.1
2863,BX908756.1,BX908756.1
2864,BX908756.2,BX908756.2
2865,BX908770.1,BX908770.1
2866,BX908780.1,BX908780.1
2867,BX908780.4,BX908780.4
2868,BX908782.3,BX908782.3
2870,BX908796.3,BX908796.3
2871,BX908797.1,BX908797.1
2872,BX908799.1,BX908799.1
2873,BX908800.1,BX908800.1
2874,BX908803.2,BX908803.2
2875,BX908803.3,BX908803.3
2876,BX908804.1,BX908804.1
2877,BX908804.2,BX908804.2
2878,BX908804.3,BX908804.3
2879,BX914200.1,BX914200.1
2880,BX914205.1,BX914205.1
2881,BX914205.3,BX914205.3
2882,BX914220.1,BX914220.1
2883,BX927078.1,BX927078.1
2884,BX927081.1,BX927081.1
2885,BX927081.3,BX927081.3
2886,BX927082.1,BX927082.1
2887,BX927082.2,BX927082.2
2888,BX927121.1,BX927121.1
2889,BX927130.3,BX927130.3
2890,BX927130.4,BX927130.4
2892,BX927164.1,BX927164.1
2893,BX927181.2,BX927181.2
2894,BX927181.3,BX927181.3
2895,BX927184.1,BX927184.1
2896,BX927193.2,BX927193.2
2897,BX927210.1,BX927210.1
2898,BX927212.1,BX927212.1
2899,BX927218.2,BX927218.2
2900,BX927219.1,BX927219.1
2901,BX927234.2,BX927234.2
2902,BX927243.1,BX927243.1
2903,BX927243.2,BX927243.2
2904,BX927244.2,BX927244.2
2905,BX927253.1,BX927253.1
2906,BX927253.3,BX927253.3
2907,BX927257.1,BX927257.1
2908,BX927258.1,BX927258.1
2909,BX927275.1,BX927275.1
2910,BX927275.2,BX927275.2
2911,BX927282.2,BX927282.2
2912,BX927282.3,BX927282.3
2914,BX927308.1,BX927308.1
2915,BX927308.2,BX927308.2
2916,BX927317.2,BX927317.2
2917,BX927317.3,BX927317.3
2918,BX927318.1,BX927318.1
2919,BX927323.1,BX927323.1
2920,BX927327.1,BX927327.1
2921,BX927329.1,BX927329.1
2922,BX927329.2,BX927329.2
2923,BX927335.1,BX927335.1
2924,BX927335.2,BX927335.2
2925,BX927336.1,BX927336.1
2926,BX927336.2,BX927336.2
2927,BX927336.3,BX927336.3
2928,BX927351.1,BX927351.1
2929,BX927361.1,BX927361.1
2930,BX927362.2,BX927362.2
2931,BX927363.1,BX927363.1
2932,BX927365.1,BX927365.1
2933,BX927374.2,BX927374.2
2934,BX927376.1,BX927376.1
2935,BX927377.1,BX927377.1
2936,BX927385.2,BX927385.2
2937,BX927388.1,BX927388.1
2938,BX927394.1,BX927394.1
2939,BX927394.2,BX927394.2
2940,BX927394.3,BX927394.3
2941,BX927395.1,BX927395.1
2942,BX927404.1,BX927404.1
2943,BX927407.1,BX927407.1
2944,BX928743.1,BX928743.1
2945,BX928755.1,BX928755.1
2946,BX936298.2,BX936298.2
2947,BX936303.2,BX936303.2
2948,BX936305.1,BX936305.1
2949,BX936305.2,BX936305.2
2950,BX936308.1,BX936308.1
2951,BX936308.2,BX936308.2
2952,BX936317.1,BX936317.1
2953,BX936318.1,BX936318.1
2954,BX936320.1,BX936320.1
2955,BX936342.1,BX936342.1
2956,BX936342.2,BX936342.2
2957,BX936364.1,BX936364.1
2958,BX936382.1,BX936382.1
2959,BX936386.1,BX936386.1
2960,BX936391.1,BX936391.1
2961,BX936393.2,BX936393.2
2962,BX936397.1,BX936397.1
2963,BX936397.2,BX936397.2
2964,BX936406.1,BX936406.1
2965,BX936406.2,BX936406.2
2966,BX936415.1,BX936415.1
2967,BX936420.1,BX936420.1
2968,BX936421.1,BX936421.1
2969,BX936433.1,BX936433.1
2970,BX936433.2,BX936433.2
2971,BX936438.1,BX936438.1
2972,BX936439.1,BX936439.1
2973,BX936447.1,BX936447.1
2974,BX936456.1,BX936456.1
2975,BX936461.1,BX936461.1
2976,BX942813.1,BX942813.1
2977,BX942819.1,BX942819.1
2978,BX942819.3,BX942819.3
2979,BX942821.1,BX942821.1
2980,BX942837.1,BX942837.1
2981,BX942846.1,BX942846.1
2982,BX950184.1,BX950184.1
2983,BX950187.1,BX950187.1
2984,BX950188.1,BX950188.1
2986,BX950205.1,BX950205.1
2987,BX950205.3,BX950205.3
2988,BX950217.1,BX950217.1
2989,BX950224.1,BX950224.1
2990,BX950855.1,BX950855.1
2991,BX950865.1,BX950865.1
2992,BX950868.2,BX950868.2
2993,BX957236.1,BX957236.1
2994,BX957251.1,BX957251.1
2995,BX957252.3,BX957252.3
2996,BX957256.1,BX957256.1
2997,BX957257.1,BX957257.1
2999,BX957260.1,BX957260.1
3000,BX957270.1,BX957270.1
3001,BX957276.1,BX957276.1
3002,BX957278.1,BX957278.1
3003,BX957279.1,BX957279.1
3004,BX957292.1,BX957292.1
3005,BX957297.1,BX957297.1
3006,BX957306.1,BX957306.1
3007,BX957311.1,BX957311.1
3008,BX957317.1,BX957317.1
3009,BX957317.2,BX957317.2
3010,BX957322.1,BX957322.1
3011,BX957322.2,BX957322.2
3012,BX957322.3,BX957322.3
3013,BX957325.1,BX957325.1
3014,BX957326.1,BX957326.1
3015,BX957326.2,BX957326.2
3016,BX957326.3,BX957326.3
3017,BX957328.1,BX957328.1
3018,BX957336.2,BX957336.2
3019,BX957344.1,BX957344.1
3020,BX957345.1,BX957345.1
3021,BX957346.1,BX957346.1
3022,BX957346.3,BX957346.3
3023,BX957347.1,BX957347.1
3024,BX957361.1,BX957361.1
3025,BX957361.2,BX957361.2
3026,BX957362.1,BX957362.1
3027,BX957362.4,BX957362.4
3028,BX957362.5,BX957362.5
3029,bxdc2,bxdc2
3030,bysl,bysl
3031,bzw1a,bzw1a
3032,bzw1b,bzw1b
3033,bzw2,bzw2
3034,C12orf75,C12orf75
3035,c13h10orf71,c13h10orf71
3036,C14orf28,C14orf28
3037,c15h3orf80,c15h3orf80
3038,c16h2orf66,c16h2orf66
3039,c16h7orf31,c16h7orf31
3040,c18h15orf65,c18h15orf65
3041,c18h3orf33,c18h3orf33
3042,c19h1orf109,c19h1orf109
3043,c1d,c1d
3044,c1galt1a,c1galt1a
3045,c1galt1b,c1galt1b
3046,c1galt1c1,c1galt1c1
3047,C1orf232,C1orf232
3048,c1qbp,c1qbp
3049,c1qc,c1qc
3050,c1ql3a,c1ql3a
3051,c1ql4a,c1ql4a
3052,c1ql4b,c1ql4b
3053,c1qtnf1,c1qtnf1
3054,c1qtnf12,c1qtnf12
3055,c1qtnf2,c1qtnf2
3056,c1qtnf4,c1qtnf4
3057,c1qtnf6a,c1qtnf6a
3058,c1qtnf7,c1qtnf7
3059,c1qtnf9,c1qtnf9
3060,c1s,c1s
3061,c24h18orf63,c24h18orf63
3062,c2cd2,c2cd2
3063,c2cd2l,c2cd2l
3064,c2cd3,c2cd3
3065,c2cd4a,c2cd4a
3066,c2cd5,c2cd5
3067,c3a.1,c3a.1
3068,c3a.2,c3a.2
3069,c3a.3,c3a.3
3070,c3a.4,c3a.4
3071,c3a.5,c3a.5
3072,c3a.6,c3a.6
3073,c3b.1,c3b.1
3074,c3b.2,c3b.2
3075,c4,c4
3076,c4b,c4b
3077,c5,c5
3078,c6,c6
3079,c6ast1,c6ast1
3080,c6ast3,c6ast3
3081,c6ast4,c6ast4
3082,c6h1orf226,c6h1orf226
3083,c7a,c7a
3084,c7b,c7b
3085,c8a,c8a
3086,c8b,c8b
3087,c8g,c8g
3088,c8h22orf15,c8h22orf15
3089,c9,c9
3090,ca10a,ca10a
3091,ca10b,ca10b
3092,ca12,ca12
3093,ca14,ca14
3094,ca15a,ca15a
3095,ca15b,ca15b
3096,ca16b,ca16b
3097,ca2,ca2
3098,ca4a,ca4a
3099,ca4b,ca4b
3100,ca4c,ca4c
3101,ca5a,ca5a
3102,ca6,ca6
3103,ca7,ca7
3104,ca8,ca8
3105,ca9,ca9
3106,caap1,caap1
3107,cab39,cab39
3108,cab39l,cab39l
3109,cab39l1,cab39l1
3110,cabcoco1,cabcoco1
3111,cabin1,cabin1
3112,cables1,cables1
3113,cables2a,cables2a
3114,cables2b,cables2b
3115,cabp1a,cabp1a
3116,cabp1b,cabp1b
3117,cabp2a,cabp2a
3118,cabp2b,cabp2b
3119,cabp5a,cabp5a
3120,cabp5b,cabp5b
3122,CABZ01000634.1,CABZ01000634.1
3123,CABZ01001434.1,CABZ01001434.1
3124,CABZ01002188.1,CABZ01002188.1
3125,CABZ01002349.1,CABZ01002349.1
3126,CABZ01002690.1,CABZ01002690.1
3127,CABZ01002702.1,CABZ01002702.1
3128,CABZ01002768.1,CABZ01002768.1
3129,CABZ01003344.1,CABZ01003344.1
3130,CABZ01004876.1,CABZ01004876.1
3131,CABZ01005379.1,CABZ01005379.1
3133,CABZ01005857.2,CABZ01005857.2
3134,CABZ01007816.1,CABZ01007816.1
3135,CABZ01008730.1,CABZ01008730.1
3136,CABZ01008739.1,CABZ01008739.1
3137,CABZ01009248.1,CABZ01009248.1
3138,CABZ01009511.1,CABZ01009511.1
3139,CABZ01009512.2,CABZ01009512.2
3140,CABZ01010098.1,CABZ01010098.1
3141,CABZ01010830.1,CABZ01010830.1
3142,CABZ01011209.1,CABZ01011209.1
3143,CABZ01011673.1,CABZ01011673.1
3144,CABZ01012382.1,CABZ01012382.1
3145,CABZ01012885.1,CABZ01012885.1
3147,CABZ01013771.1,CABZ01013771.1
3148,CABZ01015105.1,CABZ01015105.1
3149,CABZ01015815.1,CABZ01015815.1
3150,CABZ01015815.2,CABZ01015815.2
3151,CABZ01016118.1,CABZ01016118.1
3152,CABZ01016692.1,CABZ01016692.1
3153,CABZ01018269.1,CABZ01018269.1
3154,CABZ01020455.1,CABZ01020455.1
3155,CABZ01020840.1,CABZ01020840.1
3156,CABZ01021433.1,CABZ01021433.1
3157,CABZ01021435.1,CABZ01021435.1
3158,CABZ01021532.1,CABZ01021532.1
3159,CABZ01021592.1,CABZ01021592.1
3160,CABZ01021599.1,CABZ01021599.1
3161,CABZ01023255.1,CABZ01023255.1
3162,CABZ01024499.1,CABZ01024499.1
3163,CABZ01024501.1,CABZ01024501.1
3164,CABZ01024844.1,CABZ01024844.1
3165,CABZ01024848.1,CABZ01024848.1
3166,CABZ01024856.1,CABZ01024856.1
3167,CABZ01025311.1,CABZ01025311.1
3168,CABZ01025780.1,CABZ01025780.1
3169,CABZ01026153.1,CABZ01026153.1
3170,CABZ01026681.1,CABZ01026681.1
3171,CABZ01027646.1,CABZ01027646.1
3172,CABZ01029422.1,CABZ01029422.1
3173,CABZ01029822.1,CABZ01029822.1
3174,CABZ01029938.1,CABZ01029938.1
3175,CABZ01030006.1,CABZ01030006.1
3176,CABZ01030017.1,CABZ01030017.1
3177,CABZ01030017.2,CABZ01030017.2
3178,CABZ01030033.1,CABZ01030033.1
3179,CABZ01030107.1,CABZ01030107.1
3180,CABZ01031868.1,CABZ01031868.1
3181,CABZ01031870.1,CABZ01031870.1
3182,CABZ01032351.1,CABZ01032351.1
3183,CABZ01032476.1,CABZ01032476.1
3184,CABZ01032488.1,CABZ01032488.1
3185,CABZ01032906.1,CABZ01032906.1
3186,CABZ01033178.1,CABZ01033178.1
3187,CABZ01033180.1,CABZ01033180.1
3188,CABZ01033205.1,CABZ01033205.1
3189,CABZ01033206.1,CABZ01033206.1
3190,CABZ01033394.1,CABZ01033394.1
3191,CABZ01033540.1,CABZ01033540.1
3192,CABZ01034082.1,CABZ01034082.1
3193,CABZ01034089.1,CABZ01034089.1
3194,CABZ01034596.1,CABZ01034596.1
3195,CABZ01034691.1,CABZ01034691.1
3196,CABZ01034698.1,CABZ01034698.1
3197,CABZ01034698.2,CABZ01034698.2
3198,CABZ01034851.1,CABZ01034851.1
3199,CABZ01035279.1,CABZ01035279.1
3200,CABZ01035356.1,CABZ01035356.1
3201,CABZ01037174.1,CABZ01037174.1
3202,CABZ01037298.1,CABZ01037298.1
3203,CABZ01038376.1,CABZ01038376.1
3204,CABZ01038493.1,CABZ01038493.1
3205,CABZ01038494.1,CABZ01038494.1
3206,CABZ01038524.1,CABZ01038524.1
3207,CABZ01038699.1,CABZ01038699.1
3208,CABZ01038709.1,CABZ01038709.1
3209,CABZ01039304.1,CABZ01039304.1
3210,CABZ01039782.1,CABZ01039782.1
3211,CABZ01039859.1,CABZ01039859.1
3212,CABZ01040021.1,CABZ01040021.1
3213,CABZ01040054.1,CABZ01040054.1
3214,CABZ01040931.1,CABZ01040931.1
3215,CABZ01040998.1,CABZ01040998.1
3216,CABZ01040999.1,CABZ01040999.1
3217,CABZ01041604.1,CABZ01041604.1
3218,CABZ01041962.1,CABZ01041962.1
3219,CABZ01042675.1,CABZ01042675.1
3220,CABZ01043166.1,CABZ01043166.1
3221,CABZ01043503.1,CABZ01043503.1
3222,CABZ01043506.1,CABZ01043506.1
3223,CABZ01043506.2,CABZ01043506.2
3224,CABZ01043826.1,CABZ01043826.1
3225,CABZ01043955.1,CABZ01043955.1
3226,CABZ01044022.1,CABZ01044022.1
3227,CABZ01044023.1,CABZ01044023.1
3228,CABZ01044048.1,CABZ01044048.1
3229,CABZ01044053.1,CABZ01044053.1
3230,CABZ01044099.1,CABZ01044099.1
3231,CABZ01044154.1,CABZ01044154.1
3232,CABZ01044156.1,CABZ01044156.1
3233,CABZ01044235.1,CABZ01044235.1
3234,CABZ01044277.1,CABZ01044277.1
3235,CABZ01044281.1,CABZ01044281.1
3236,CABZ01044731.1,CABZ01044731.1
3237,CABZ01044764.1,CABZ01044764.1
3238,CABZ01044764.2,CABZ01044764.2
3239,CABZ01046087.1,CABZ01046087.1
3240,CABZ01046088.1,CABZ01046088.1
3242,CABZ01046425.1,CABZ01046425.1
3243,CABZ01046432.1,CABZ01046432.1
3244,CABZ01046954.1,CABZ01046954.1
3245,CABZ01046996.1,CABZ01046996.1
3246,CABZ01046997.1,CABZ01046997.1
3247,CABZ01047589.1,CABZ01047589.1
3248,CABZ01048053.1,CABZ01048053.1
3249,CABZ01048392.1,CABZ01048392.1
3250,CABZ01048402.1,CABZ01048402.1
3251,CABZ01048402.2,CABZ01048402.2
3252,CABZ01048453.1,CABZ01048453.1
3253,CABZ01048666.1,CABZ01048666.1
3254,CABZ01048956.1,CABZ01048956.1
3255,CABZ01049361.1,CABZ01049361.1
3256,CABZ01049362.1,CABZ01049362.1
3257,CABZ01049825.1,CABZ01049825.1
3258,CABZ01049847.1,CABZ01049847.1
3259,CABZ01050238.1,CABZ01050238.1
3260,CABZ01050249.1,CABZ01050249.1
3261,CABZ01050280.1,CABZ01050280.1
3262,CABZ01050944.1,CABZ01050944.1
3263,CABZ01051600.1,CABZ01051600.1
3264,CABZ01051602.1,CABZ01051602.1
3265,CABZ01051877.1,CABZ01051877.1
3266,CABZ01052527.1,CABZ01052527.1
3267,CABZ01052570.1,CABZ01052570.1
3268,CABZ01052576.1,CABZ01052576.1
3269,CABZ01052756.1,CABZ01052756.1
3270,CABZ01052810.1,CABZ01052810.1
3271,CABZ01053221.1,CABZ01053221.1
3272,CABZ01053323.1,CABZ01053323.1
3273,CABZ01053592.1,CABZ01053592.1
3274,CABZ01053619.1,CABZ01053619.1
3275,CABZ01053748.1,CABZ01053748.1
3276,CABZ01053976.1,CABZ01053976.1
3277,CABZ01054023.1,CABZ01054023.1
3278,CABZ01054394.1,CABZ01054394.1
3279,CABZ01054965.1,CABZ01054965.1
3280,CABZ01055306.1,CABZ01055306.1
3281,CABZ01055347.1,CABZ01055347.1
3282,CABZ01055365.1,CABZ01055365.1
3283,CABZ01055489.1,CABZ01055489.1
3284,CABZ01055522.1,CABZ01055522.1
3285,CABZ01055707.1,CABZ01055707.1
3286,CABZ01056052.1,CABZ01056052.1
3287,CABZ01056275.1,CABZ01056275.1
3288,CABZ01056321.1,CABZ01056321.1
3289,CABZ01056629.1,CABZ01056629.1
3290,CABZ01056826.1,CABZ01056826.1
3291,CABZ01056843.1,CABZ01056843.1
3292,CABZ01057057.1,CABZ01057057.1
3293,CABZ01057159.1,CABZ01057159.1
3294,CABZ01057364.1,CABZ01057364.1
3295,CABZ01057364.2,CABZ01057364.2
3296,CABZ01057381.1,CABZ01057381.1
3297,CABZ01057488.1,CABZ01057488.1
3298,CABZ01057496.1,CABZ01057496.1
3299,CABZ01057891.1,CABZ01057891.1
3300,CABZ01058045.1,CABZ01058045.1
3301,CABZ01058046.1,CABZ01058046.1
3302,CABZ01058107.1,CABZ01058107.1
3303,CABZ01058261.1,CABZ01058261.1
3304,CABZ01058333.1,CABZ01058333.1
3305,CABZ01058362.1,CABZ01058362.1
3306,CABZ01058452.1,CABZ01058452.1
3307,CABZ01058650.1,CABZ01058650.1
3308,CABZ01058721.1,CABZ01058721.1
3309,CABZ01058723.1,CABZ01058723.1
3310,CABZ01059099.1,CABZ01059099.1
3311,CABZ01059119.1,CABZ01059119.1
3312,CABZ01059120.1,CABZ01059120.1
3313,CABZ01059403.1,CABZ01059403.1
3314,CABZ01059406.1,CABZ01059406.1
3315,CABZ01059408.1,CABZ01059408.1
3316,CABZ01059559.1,CABZ01059559.1
3317,CABZ01059623.1,CABZ01059623.1
3318,CABZ01059626.1,CABZ01059626.1
3319,CABZ01059627.1,CABZ01059627.1
3320,CABZ01059627.2,CABZ01059627.2
3321,CABZ01059627.3,CABZ01059627.3
3322,CABZ01059914.1,CABZ01059914.1
3323,CABZ01060030.1,CABZ01060030.1
3324,CABZ01060373.1,CABZ01060373.1
3325,CABZ01060490.1,CABZ01060490.1
3326,CABZ01060491.1,CABZ01060491.1
3327,CABZ01060492.1,CABZ01060492.1
3328,CABZ01060891.1,CABZ01060891.1
3329,CABZ01060936.1,CABZ01060936.1
3330,CABZ01061349.1,CABZ01061349.1
3331,CABZ01061495.1,CABZ01061495.1
3332,CABZ01061498.1,CABZ01061498.1
3333,CABZ01061508.1,CABZ01061508.1
3334,CABZ01061524.1,CABZ01061524.1
3335,CABZ01061591.1,CABZ01061591.1
3336,CABZ01062422.1,CABZ01062422.1
3337,CABZ01062796.1,CABZ01062796.1
3338,CABZ01062797.1,CABZ01062797.1
3339,CABZ01062996.1,CABZ01062996.1
3340,CABZ01063034.1,CABZ01063034.1
3341,CABZ01063298.1,CABZ01063298.1
3342,CABZ01063543.1,CABZ01063543.1
3343,CABZ01063556.1,CABZ01063556.1
3344,CABZ01063602.1,CABZ01063602.1
3345,CABZ01063971.1,CABZ01063971.1
3346,CABZ01064405.1,CABZ01064405.1
3347,CABZ01064441.1,CABZ01064441.1
3348,CABZ01064472.1,CABZ01064472.1
3349,CABZ01064670.1,CABZ01064670.1
3350,CABZ01064671.1,CABZ01064671.1
3351,CABZ01064771.1,CABZ01064771.1
3352,CABZ01064859.1,CABZ01064859.1
3353,CABZ01064859.2,CABZ01064859.2
3354,CABZ01064941.1,CABZ01064941.1
3355,CABZ01064968.1,CABZ01064968.1
3356,CABZ01064972.1,CABZ01064972.1
3357,CABZ01065076.1,CABZ01065076.1
3358,CABZ01065131.1,CABZ01065131.1
3359,CABZ01065328.1,CABZ01065328.1
3360,CABZ01065328.2,CABZ01065328.2
3361,CABZ01065417.1,CABZ01065417.1
3362,CABZ01065425.1,CABZ01065425.1
3363,CABZ01065679.1,CABZ01065679.1
3364,CABZ01066224.1,CABZ01066224.1
3365,CABZ01066320.1,CABZ01066320.1
3366,CABZ01066320.2,CABZ01066320.2
3367,CABZ01066384.1,CABZ01066384.1
3368,CABZ01066578.1,CABZ01066578.1
3369,CABZ01066694.1,CABZ01066694.1
3370,CABZ01066719.1,CABZ01066719.1
3371,CABZ01066720.1,CABZ01066720.1
3372,CABZ01066725.1,CABZ01066725.1
3373,CABZ01066727.1,CABZ01066727.1
3374,CABZ01066921.1,CABZ01066921.1
3375,CABZ01066926.1,CABZ01066926.1
3376,CABZ01067002.1,CABZ01067002.1
3377,CABZ01067080.1,CABZ01067080.1
3378,CABZ01067150.1,CABZ01067150.1
3379,CABZ01067151.2,CABZ01067151.2
3380,CABZ01067169.1,CABZ01067169.1
3381,CABZ01067232.1,CABZ01067232.1
3382,CABZ01067348.1,CABZ01067348.1
3383,CABZ01067440.1,CABZ01067440.1
3384,CABZ01067557.1,CABZ01067557.1
3385,CABZ01067558.1,CABZ01067558.1
3386,CABZ01067581.1,CABZ01067581.1
3387,CABZ01067657.1,CABZ01067657.1
3388,CABZ01067754.1,CABZ01067754.1
3389,CABZ01067973.1,CABZ01067973.1
3390,CABZ01067979.1,CABZ01067979.1
3391,CABZ01067980.1,CABZ01067980.1
3392,CABZ01068050.1,CABZ01068050.1
3393,CABZ01068177.1,CABZ01068177.1
3394,CABZ01068244.1,CABZ01068244.1
3395,CABZ01068246.1,CABZ01068246.1
3396,CABZ01068248.1,CABZ01068248.1
3397,CABZ01068251.1,CABZ01068251.1
3398,CABZ01068273.1,CABZ01068273.1
3399,CABZ01068352.1,CABZ01068352.1
3400,CABZ01068356.1,CABZ01068356.1
3401,CABZ01068358.1,CABZ01068358.1
3402,CABZ01068362.1,CABZ01068362.1
3403,CABZ01068366.1,CABZ01068366.1
3404,CABZ01068367.1,CABZ01068367.1
3405,CABZ01068469.1,CABZ01068469.1
3406,CABZ01068499.1,CABZ01068499.1
3407,CABZ01068600.1,CABZ01068600.1
3408,CABZ01068842.1,CABZ01068842.1
3409,CABZ01069020.1,CABZ01069020.1
3410,CABZ01069022.1,CABZ01069022.1
3411,CABZ01069022.2,CABZ01069022.2
3412,CABZ01069040.1,CABZ01069040.1
3413,CABZ01069162.1,CABZ01069162.1
3414,CABZ01069184.1,CABZ01069184.1
3415,CABZ01070258.1,CABZ01070258.1
3416,CABZ01070469.1,CABZ01070469.1
3417,CABZ01070527.1,CABZ01070527.1
3418,CABZ01070579.1,CABZ01070579.1
3419,CABZ01070631.1,CABZ01070631.1
3420,CABZ01070747.1,CABZ01070747.1
3421,CABZ01070852.1,CABZ01070852.1
3422,CABZ01070852.2,CABZ01070852.2
3423,CABZ01071020.1,CABZ01071020.1
3424,CABZ01071056.1,CABZ01071056.1
3425,CABZ01071326.1,CABZ01071326.1
3426,CABZ01071845.1,CABZ01071845.1
3427,CABZ01071848.1,CABZ01071848.1
3428,CABZ01071874.1,CABZ01071874.1
3429,CABZ01071903.1,CABZ01071903.1
3430,CABZ01071939.1,CABZ01071939.1
3431,CABZ01071972.1,CABZ01071972.1
3432,CABZ01072077.1,CABZ01072077.1
3433,CABZ01072084.1,CABZ01072084.1
3434,CABZ01072096.1,CABZ01072096.1
3435,CABZ01072157.1,CABZ01072157.1
3436,CABZ01072245.1,CABZ01072245.1
3437,CABZ01072254.1,CABZ01072254.1
3438,CABZ01072309.1,CABZ01072309.1
3439,CABZ01072312.1,CABZ01072312.1
3440,CABZ01072406.1,CABZ01072406.1
3441,CABZ01072487.1,CABZ01072487.1
3442,CABZ01072487.2,CABZ01072487.2
3443,CABZ01072523.1,CABZ01072523.1
3444,CABZ01072532.1,CABZ01072532.1
3445,CABZ01072548.1,CABZ01072548.1
3446,CABZ01072614.1,CABZ01072614.1
3447,CABZ01072810.1,CABZ01072810.1
3448,CABZ01072848.1,CABZ01072848.1
3449,CABZ01072885.1,CABZ01072885.1
3450,CABZ01072950.1,CABZ01072950.1
3451,CABZ01072952.1,CABZ01072952.1
3452,CABZ01073033.1,CABZ01073033.1
3453,CABZ01073083.1,CABZ01073083.1
3454,CABZ01073097.1,CABZ01073097.1
3455,CABZ01073166.1,CABZ01073166.1
3456,CABZ01073197.1,CABZ01073197.1
3457,CABZ01073424.1,CABZ01073424.1
3458,CABZ01073424.2,CABZ01073424.2
3459,CABZ01073736.1,CABZ01073736.1
3460,CABZ01073795.1,CABZ01073795.1
3461,CABZ01073834.1,CABZ01073834.1
3462,CABZ01074085.1,CABZ01074085.1
3463,CABZ01074130.1,CABZ01074130.1
3464,CABZ01074203.1,CABZ01074203.1
3465,CABZ01074298.1,CABZ01074298.1
3466,CABZ01074304.1,CABZ01074304.1
3467,CABZ01074307.1,CABZ01074307.1
3468,CABZ01074307.2,CABZ01074307.2
3469,CABZ01074363.1,CABZ01074363.1
3470,CABZ01074397.1,CABZ01074397.1
3471,CABZ01074453.1,CABZ01074453.1
3472,CABZ01074708.1,CABZ01074708.1
3473,CABZ01074745.1,CABZ01074745.1
3474,CABZ01074888.1,CABZ01074888.1
3475,CABZ01074913.1,CABZ01074913.1
3476,CABZ01074994.1,CABZ01074994.1
3477,CABZ01075068.1,CABZ01075068.1
3478,CABZ01075078.1,CABZ01075078.1
3479,CABZ01075114.1,CABZ01075114.1
3480,CABZ01075242.1,CABZ01075242.1
3481,CABZ01075274.1,CABZ01075274.1
3482,CABZ01075319.1,CABZ01075319.1
3483,CABZ01075509.1,CABZ01075509.1
3484,CABZ01075521.1,CABZ01075521.1
3485,CABZ01075572.1,CABZ01075572.1
3486,CABZ01075618.1,CABZ01075618.1
3487,CABZ01075628.1,CABZ01075628.1
3488,cabz01076234.2,cabz01076234.2
3489,CABZ01076275.1,CABZ01076275.1
3490,CABZ01076667.1,CABZ01076667.1
3491,CABZ01076737.1,CABZ01076737.1
3492,CABZ01076744.1,CABZ01076744.1
3493,CABZ01076758.1,CABZ01076758.1
3494,CABZ01076968.1,CABZ01076968.1
3495,CABZ01076996.1,CABZ01076996.1
3496,CABZ01077121.1,CABZ01077121.1
3497,CABZ01077217.1,CABZ01077217.1
3498,CABZ01077217.2,CABZ01077217.2
3499,CABZ01077218.1,CABZ01077218.1
3500,CABZ01077220.1,CABZ01077220.1
3501,CABZ01077220.2,CABZ01077220.2
3502,CABZ01077555.1,CABZ01077555.1
3503,CABZ01077956.1,CABZ01077956.1
3504,CABZ01078055.1,CABZ01078055.1
3505,CABZ01078120.1,CABZ01078120.1
3506,CABZ01078244.2,CABZ01078244.2
3507,CABZ01078261.1,CABZ01078261.1
3508,CABZ01078320.1,CABZ01078320.1
3509,CABZ01078350.1,CABZ01078350.1
3510,CABZ01078594.1,CABZ01078594.1
3511,CABZ01078606.1,CABZ01078606.1
3512,CABZ01078607.1,CABZ01078607.1
3513,CABZ01078733.1,CABZ01078733.1
3514,CABZ01078734.1,CABZ01078734.1
3515,CABZ01078737.1,CABZ01078737.1
3516,CABZ01078767.1,CABZ01078767.1
3517,CABZ01078989.1,CABZ01078989.1
3518,CABZ01079005.1,CABZ01079005.1
3519,CABZ01079080.1,CABZ01079080.1
3520,CABZ01079081.1,CABZ01079081.1
3521,CABZ01079179.1,CABZ01079179.1
3522,CABZ01079192.1,CABZ01079192.1
3523,CABZ01079241.1,CABZ01079241.1
3524,CABZ01079251.1,CABZ01079251.1
3525,CABZ01079267.1,CABZ01079267.1
3526,CABZ01079276.1,CABZ01079276.1
3527,CABZ01079281.1,CABZ01079281.1
3528,CABZ01079302.1,CABZ01079302.1
3529,CABZ01079427.1,CABZ01079427.1
3530,CABZ01079480.1,CABZ01079480.1
3531,CABZ01079550.1,CABZ01079550.1
3532,CABZ01079663.1,CABZ01079663.1
3533,CABZ01079837.1,CABZ01079837.1
3534,CABZ01079853.1,CABZ01079853.1
3535,CABZ01079872.1,CABZ01079872.1
3536,CABZ01080006.1,CABZ01080006.1
3537,CABZ01080056.1,CABZ01080056.1
3538,CABZ01080074.1,CABZ01080074.1
3539,CABZ01080371.1,CABZ01080371.1
3540,CABZ01080371.2,CABZ01080371.2
3541,CABZ01080371.3,CABZ01080371.3
3542,CABZ01080375.1,CABZ01080375.1
3543,CABZ01080568.1,CABZ01080568.1
3544,CABZ01080587.1,CABZ01080587.1
3545,CABZ01080599.1,CABZ01080599.1
3546,CABZ01080702.1,CABZ01080702.1
3547,CABZ01081294.1,CABZ01081294.1
3548,CABZ01081385.1,CABZ01081385.1
3549,CABZ01081490.1,CABZ01081490.1
3550,CABZ01081730.1,CABZ01081730.1
3551,CABZ01081752.1,CABZ01081752.1
3552,CABZ01081752.2,CABZ01081752.2
3553,CABZ01081752.3,CABZ01081752.3
3554,CABZ01081777.1,CABZ01081777.1
3555,CABZ01081780.1,CABZ01081780.1
3556,CABZ01081830.2,CABZ01081830.2
3557,CABZ01081897.1,CABZ01081897.1
3558,CABZ01081908.1,CABZ01081908.1
3559,CABZ01081909.1,CABZ01081909.1
3560,CABZ01083166.1,CABZ01083166.1
3561,CABZ01083442.1,CABZ01083442.1
3562,CABZ01083448.1,CABZ01083448.1
3563,CABZ01083943.1,CABZ01083943.1
3564,CABZ01083945.1,CABZ01083945.1
3565,CABZ01084081.1,CABZ01084081.1
3566,CABZ01084131.1,CABZ01084131.1
3567,CABZ01084225.1,CABZ01084225.1
3568,CABZ01084230.1,CABZ01084230.1
3569,CABZ01084347.1,CABZ01084347.1
3570,CABZ01084382.1,CABZ01084382.1
3571,CABZ01084501.2,CABZ01084501.2
3572,CABZ01084501.3,CABZ01084501.3
3573,CABZ01084564.1,CABZ01084564.1
3574,CABZ01084566.1,CABZ01084566.1
3575,CABZ01084575.1,CABZ01084575.1
3576,CABZ01084603.1,CABZ01084603.1
3577,CABZ01084617.1,CABZ01084617.1
3578,CABZ01084942.1,CABZ01084942.1
3579,CABZ01084963.1,CABZ01084963.1
3580,CABZ01085052.1,CABZ01085052.1
3581,CABZ01085061.1,CABZ01085061.1
3582,CABZ01085137.1,CABZ01085137.1
3583,CABZ01085139.1,CABZ01085139.1
3584,CABZ01085177.1,CABZ01085177.1
3585,CABZ01085195.1,CABZ01085195.1
3586,CABZ01085201.1,CABZ01085201.1
3587,CABZ01085365.1,CABZ01085365.1
3588,CABZ01085594.1,CABZ01085594.1
3589,CABZ01085626.1,CABZ01085626.1
3590,CABZ01085658.1,CABZ01085658.1
3591,CABZ01085662.1,CABZ01085662.1
3592,CABZ01085700.1,CABZ01085700.1
3593,CABZ01085710.1,CABZ01085710.1
3594,CABZ01085878.1,CABZ01085878.1
3595,CABZ01085887.1,CABZ01085887.1
3596,CABZ01086029.1,CABZ01086029.1
3597,CABZ01086041.1,CABZ01086041.1
3598,CABZ01086127.1,CABZ01086127.1
3599,CABZ01086293.1,CABZ01086293.1
3600,CABZ01086574.1,CABZ01086574.1
3601,CABZ01086734.1,CABZ01086734.1
3603,CABZ01086877.1,CABZ01086877.1
3604,CABZ01087025.1,CABZ01087025.1
3605,CABZ01087025.2,CABZ01087025.2
3606,CABZ01087025.3,CABZ01087025.3
3607,CABZ01087091.1,CABZ01087091.1
3608,CABZ01087415.1,CABZ01087415.1
3609,CABZ01087514.1,CABZ01087514.1
3610,CABZ01087560.1,CABZ01087560.1
3611,CABZ01087564.1,CABZ01087564.1
3612,CABZ01087629.1,CABZ01087629.1
3613,CABZ01087948.1,CABZ01087948.1
3614,CABZ01088025.1,CABZ01088025.1
3615,CABZ01088036.1,CABZ01088036.1
3616,CABZ01088049.1,CABZ01088049.1
3617,CABZ01088109.1,CABZ01088109.1
3618,CABZ01088134.1,CABZ01088134.1
3619,CABZ01088149.1,CABZ01088149.1
3620,CABZ01088229.1,CABZ01088229.1
3621,CABZ01088271.1,CABZ01088271.1
3622,CABZ01088274.1,CABZ01088274.1
3623,CABZ01088308.1,CABZ01088308.1
3624,CABZ01088367.1,CABZ01088367.1
3625,CABZ01088428.1,CABZ01088428.1
3626,CABZ01088484.1,CABZ01088484.1
3627,CABZ01088864.1,CABZ01088864.1
3628,CABZ01089081.1,CABZ01089081.1
3629,CABZ01089980.1,CABZ01089980.1
3630,CABZ01090041.1,CABZ01090041.1
3631,CABZ01090144.1,CABZ01090144.1
3632,CABZ01090219.1,CABZ01090219.1
3633,CABZ01090361.1,CABZ01090361.1
3634,CABZ01090373.1,CABZ01090373.1
3635,CABZ01090785.1,CABZ01090785.1
3636,CABZ01090890.1,CABZ01090890.1
3637,CABZ01092072.1,CABZ01092072.1
3638,CABZ01092156.1,CABZ01092156.1
3639,CABZ01092170.1,CABZ01092170.1
3640,CABZ01092282.1,CABZ01092282.1
3642,CABZ01092746.1,CABZ01092746.1
3643,CABZ01092907.1,CABZ01092907.1
3644,CABZ01092982.1,CABZ01092982.1
3645,cabz01093075.1,cabz01093075.1
3646,CABZ01093502.1,CABZ01093502.1
3647,CABZ01094390.1,CABZ01094390.1
3648,CABZ01095001.1,CABZ01095001.1
3649,CABZ01096573.1,CABZ01096573.1
3650,CABZ01099795.1,CABZ01099795.1
3651,CABZ01099833.1,CABZ01099833.1
3652,CABZ01099847.1,CABZ01099847.1
3653,CABZ01100278.1,CABZ01100278.1
3654,CABZ01100304.1,CABZ01100304.1
3655,CABZ01100396.1,CABZ01100396.1
3656,CABZ01101739.1,CABZ01101739.1
3657,CABZ01101813.1,CABZ01101813.1
3658,CABZ01101984.1,CABZ01101984.1
3659,CABZ01102038.1,CABZ01102038.1
3660,CABZ01102109.1,CABZ01102109.1
3661,CABZ01102115.1,CABZ01102115.1
3662,CABZ01102170.1,CABZ01102170.1
3663,CABZ01102201.1,CABZ01102201.1
3664,CABZ01102240.1,CABZ01102240.1
3665,CABZ01102517.1,CABZ01102517.1
3666,CABZ01102518.1,CABZ01102518.1
3667,CABZ01103862.1,CABZ01103862.1
3668,CABZ01109019.1,CABZ01109019.1
3669,CABZ01109081.1,CABZ01109081.1
3670,CABZ01109480.1,CABZ01109480.1
3671,CABZ01109481.1,CABZ01109481.1
3672,CABZ01109604.1,CABZ01109604.1
3673,CABZ01110379.1,CABZ01110379.1
3674,CABZ01110881.1,CABZ01110881.1
3675,CABZ01111454.1,CABZ01111454.1
3676,CABZ01111496.1,CABZ01111496.1
3677,CABZ01111953.1,CABZ01111953.1
3678,CABZ01111959.1,CABZ01111959.1
3679,CABZ01112025.1,CABZ01112025.1
3680,CABZ01112049.1,CABZ01112049.1
3681,CABZ01112387.1,CABZ01112387.1
3682,CABZ01112461.1,CABZ01112461.1
3683,CABZ01112656.1,CABZ01112656.1
3684,CABZ01112732.1,CABZ01112732.1
3685,CABZ01112864.1,CABZ01112864.1
3686,CABZ01113192.1,CABZ01113192.1
3687,CABZ01113369.1,CABZ01113369.1
3688,CABZ01113467.1,CABZ01113467.1
3689,CABZ01113599.1,CABZ01113599.1
3690,CABZ01113771.1,CABZ01113771.1
3691,CABZ01113812.1,CABZ01113812.1
3692,CABZ01113815.1,CABZ01113815.1
3693,CABZ01113816.1,CABZ01113816.1
3694,CABZ01113830.1,CABZ01113830.1
3695,CABZ01113954.1,CABZ01113954.1
3696,CABZ01114105.1,CABZ01114105.1
3697,CABZ01115113.1,CABZ01115113.1
3698,CABZ01117348.1,CABZ01117348.1
3699,CABZ01117603.1,CABZ01117603.1
3700,CABZ01117607.1,CABZ01117607.1
3701,CABZ01117752.1,CABZ01117752.1
3702,CABZ01117780.1,CABZ01117780.1
3703,CABZ01117840.1,CABZ01117840.1
3704,CABZ01118575.1,CABZ01118575.1
3705,CABZ01118738.1,CABZ01118738.1
3706,CABZ01118767.1,CABZ01118767.1
3707,CABZ01118770.1,CABZ01118770.1
3708,CACFD1,CACFD1
3709,cachd1,cachd1
3710,cacna1aa,cacna1aa
3711,cacna1ab,cacna1ab
3712,cacna1ba,cacna1ba
3713,cacna1bb,cacna1bb
3714,cacna1c,cacna1c
3715,cacna1da,cacna1da
3716,cacna1db,cacna1db
3717,cacna1ea,cacna1ea
3718,cacna1eb,cacna1eb
3719,cacna1fa,cacna1fa
3720,cacna1fb,cacna1fb
3721,cacna1g,cacna1g
3722,cacna1ha,cacna1ha
3723,cacna1hb,cacna1hb
3724,cacna1i,cacna1i
3725,cacna1sa,cacna1sa
3726,cacna1sb,cacna1sb
3727,CACNA2D1,CACNA2D1
3728,cacna2d1a,cacna2d1a
3729,cacna2d2a,cacna2d2a
3730,cacna2d2b,cacna2d2b
3731,cacna2d3,cacna2d3
3733,cacna2d4a,cacna2d4a
3734,cacna2d4b,cacna2d4b
3735,cacnb1,cacnb1
3736,cacnb2b,cacnb2b
3737,cacnb3a,cacnb3a
3738,cacnb3b,cacnb3b
3739,cacnb4a,cacnb4a
3740,cacnb4b,cacnb4b
3741,cacng1a,cacng1a
3742,cacng2a,cacng2a
3743,cacng2b,cacng2b
3744,cacng3a,cacng3a
3745,cacng3b,cacng3b
3746,cacng4a,cacng4a
3747,cacng4b,cacng4b
3748,cacng5a,cacng5a
3749,cacng5b,cacng5b
3750,cacng6a,cacng6a
3751,cacng6b,cacng6b
3752,cacng7a,cacng7a
3753,cacng7b,cacng7b
3754,cacng8a,cacng8a
3755,cacng8b,cacng8b
3756,cactin,cactin
3757,cacul1,cacul1
3758,cacybp,cacybp
3759,cad,cad
3760,cadm1a,cadm1a
3761,cadm1b,cadm1b
3762,cadm2a,cadm2a
3763,cadm2b,cadm2b
3764,cadm3,cadm3
3765,cadm4,cadm4
3766,cadps2,cadps2
3767,cadpsa,cadpsa
3768,cadpsb,cadpsb
3769,cahz,cahz
3770,caiap,caiap
3771,calb1,calb1
3772,calb2b,calb2b
3773,calca,calca
3774,calcoco1a,calcoco1a
3775,calcoco1b,calcoco1b
3776,calcoco2,calcoco2
3777,calcr,calcr
3778,calcrla,calcrla
3779,calcrlb,calcrlb
3780,cald1a,cald1a
3781,calhm1,calhm1
3784,calhm3,calhm3
3785,calhm5.1,calhm5.1
3786,calhm5.2,calhm5.2
3787,calhm6,calhm6
3788,calm1b,calm1b
3789,calm2a,calm2a
3790,calm2b,calm2b
3791,calm3b,calm3b
3792,calml4a,calml4a
3793,calml4b,calml4b
3794,caln1,caln1
3795,caln2,caln2
3796,calr,calr
3797,calr3a,calr3a
3798,calr3b,calr3b
3799,calua,calua
3800,calub,calub
3801,caly,caly
3802,camk1a,camk1a
3803,camk1b,camk1b
3804,camk1da,camk1da
3805,camk1ga,camk1ga
3806,camk1gb,camk1gb
3807,camk2a,camk2a
3808,camk2b1,camk2b1
3809,camk2b2,camk2b2
3810,camk2d1,camk2d1
3811,camk2d2,camk2d2
3812,camk2g1,camk2g1
3813,camk2g2,camk2g2
3814,CAMK2N1,CAMK2N1
3815,camk2n1a,camk2n1a
3816,camk2n2,camk2n2
3817,camk4,camk4
3818,camkk1a,camkk1a
3819,camkk1b,camkk1b
3820,camkva,camkva
3821,camkvb,camkvb
3822,camkvl,camkvl
3823,camlg,camlg
3824,camsap1a,camsap1a
3825,camsap1b,camsap1b
3826,camsap2a,camsap2a
3827,camsap2b,camsap2b
3828,camta1,camta1
3829,camta1a,camta1a
3830,camta1b,camta1b
3831,camta2,camta2
3832,cand1,cand1
3833,cand2,cand2
3834,cant1a,cant1a
3835,cant1b,cant1b
3836,canx,canx
3837,cap1,cap1
3838,cap2,cap2
3839,capga,capga
3840,capgb,capgb
3841,capn10,capn10
3842,capn12,capn12
3843,CAPN14,CAPN14
3844,capn15,capn15
3845,capn1a,capn1a
3846,capn1b,capn1b
3847,capn2a,capn2a
3848,capn2b,capn2b
3849,capn2l,capn2l
3850,capn3a,capn3a
3851,capn3b,capn3b
3852,capn5a,capn5a
3853,capn5b,capn5b
3854,capn7,capn7
3855,capn8,capn8
3856,capn9,capn9
3857,capns1a,capns1a
3858,capns1b,capns1b
3859,caprin1a,caprin1a
3860,caprin1b,caprin1b
3861,caprin2,caprin2
3862,caps2,caps2
3863,capsla,capsla
3864,capslb,capslb
3865,capza1a,capza1a
3866,capza1b,capza1b
3867,capzb,capzb
3868,car15,car15
3869,card11,card11
3870,card19,card19
3871,card9,card9
3872,carf,carf
3873,carhsp1,carhsp1
3874,carm1,carm1
3875,carm1l,carm1l
3876,carmil1,carmil1
3877,carmil2,carmil2
3878,carmil3,carmil3
3879,carnmt1,carnmt1
3880,cars,cars
3881,cars2,cars2
3882,cart2,cart2
3883,cart3,cart3
3884,cart4,cart4
3885,casc1,casc1
3886,casc3,casc3
3887,casc4,casc4
3888,casd1,casd1
3889,caska,caska
3890,caskb,caskb
3891,caskin1,caskin1
3892,casp2,casp2
3893,casp3a,casp3a
3894,casp3b,casp3b
3895,casp6,casp6
3896,casp6l1,casp6l1
3897,casp6l2,casp6l2
3898,casp7,casp7
3899,casp8,casp8
3900,casp8ap2,casp8ap2
3901,casp8l2,casp8l2
3902,casp9,casp9
3903,caspa,caspa
3904,caspb,caspb
3905,caspbl,caspbl
3906,casq1a,casq1a
3907,casq1b,casq1b
3908,casq2,casq2
3909,casr,casr
3910,cass4,cass4
3911,cast,cast
3912,castor1,castor1
3913,castor2,castor2
3914,casz1,casz1
3915,cat,cat
3916,catip,catip
3917,cav1,cav1
3918,cav2,cav2
3919,cav3,cav3
3920,cavin1a,cavin1a
3921,cavin1b,cavin1b
3922,cavin2a,cavin2a
3923,cavin2b,cavin2b
3924,cavin4a,cavin4a
3925,cavin4b,cavin4b
3926,cax1,cax1
3927,cax2,cax2
3928,cbarpb,cbarpb
3929,cbfa2t2,cbfa2t2
3930,cbfa2t3,cbfa2t3
3931,cbfb,cbfb
3932,cbl,cbl
3933,cblb,cblb
3934,cblc,cblc
3935,cbll1,cbll1
3936,cbln1,cbln1
3937,cbln10,cbln10
3938,cbln11,cbln11
3939,cbln12,cbln12
3940,cbln13,cbln13
3941,cbln14,cbln14
3942,cbln17,cbln17
3943,cbln18,cbln18
3944,cbln20,cbln20
3945,cbln2a,cbln2a
3946,cbln2b,cbln2b
3947,cbln4,cbln4
3948,cbln5,cbln5
3949,cbln7,cbln7
3950,cbr1,cbr1
3951,cbr1l,cbr1l
3952,cbr4,cbr4
3953,cbsa,cbsa
3954,cbsb,cbsb
3955,cbwd,cbwd
3956,cbx1a,cbx1a
3957,cbx1b,cbx1b
3958,cbx2,cbx2
3959,cbx3a,cbx3a
3960,cbx3b,cbx3b
3961,cbx4,cbx4
3962,cbx5,cbx5
3963,cbx6a,cbx6a
3964,cbx6b,cbx6b
3965,cbx7b,cbx7b
3966,cbx8a,cbx8a
3967,cbx8b,cbx8b
3968,cby1,cby1
3969,CC2D1A,CC2D1A
3970,cc2d1b,cc2d1b
3971,cc2d2a,cc2d2a
3972,ccar1,ccar1
3973,ccar2,ccar2
3974,ccbe1,ccbe1
3975,ccdc102a,ccdc102a
3976,ccdc103,ccdc103
3977,ccdc105,ccdc105
3978,ccdc106a,ccdc106a
3979,ccdc106b,ccdc106b
3980,ccdc113,ccdc113
3981,ccdc114,ccdc114
3982,ccdc115,ccdc115
3983,ccdc12,ccdc12
3984,ccdc120,ccdc120
3985,ccdc124,ccdc124
3986,ccdc125,ccdc125
3987,ccdc126,ccdc126
3988,CCDC127,CCDC127
3989,ccdc127b,ccdc127b
3990,ccdc13,ccdc13
3991,ccdc130,ccdc130
3992,CCDC134,CCDC134
3993,ccdc137,ccdc137
3994,ccdc14,ccdc14
3995,ccdc141,ccdc141
3996,ccdc142,ccdc142
3997,ccdc146,ccdc146
3998,ccdc149a,ccdc149a
3999,ccdc149b,ccdc149b
4000,ccdc15,ccdc15
4001,ccdc151,ccdc151
4002,ccdc153,ccdc153
4003,ccdc157,ccdc157
4004,ccdc160,ccdc160
4005,ccdc166,ccdc166
4006,ccdc167,ccdc167
4007,ccdc169,ccdc169
4008,ccdc17,ccdc17
4009,ccdc170,ccdc170
4010,ccdc172,ccdc172
4011,ccdc173,ccdc173
4012,ccdc174,ccdc174
4013,ccdc175,ccdc175
4014,ccdc177,ccdc177
4015,ccdc18,ccdc18
4016,ccdc180,ccdc180
4017,ccdc181,ccdc181
4018,ccdc186,ccdc186
4019,ccdc187,ccdc187
4020,ccdc22,ccdc22
4021,ccdc24,ccdc24
4022,ccdc25,ccdc25
4023,ccdc28a,ccdc28a
4024,ccdc28b,ccdc28b
4025,ccdc30,ccdc30
4026,ccdc32,ccdc32
4027,ccdc36,ccdc36
4028,ccdc39,ccdc39
4029,ccdc3a,ccdc3a
4030,ccdc3b,ccdc3b
4031,ccdc40,ccdc40
4032,ccdc43,ccdc43
4033,ccdc47,ccdc47
4034,ccdc50,ccdc50
4035,ccdc51,ccdc51
4036,ccdc57,ccdc57
4037,ccdc58,ccdc58
4038,ccdc59,ccdc59
4039,ccdc61,ccdc61
4040,ccdc62,ccdc62
4041,ccdc65,ccdc65
4042,CCDC69,CCDC69
4043,ccdc6a,ccdc6a
4044,ccdc6b,ccdc6b
4045,ccdc73,ccdc73
4046,ccdc77,ccdc77
4047,ccdc78,ccdc78
4048,ccdc80,ccdc80
4049,ccdc80l1,ccdc80l1
4050,ccdc80l2,ccdc80l2
4051,ccdc82,ccdc82
4052,ccdc83,ccdc83
4053,ccdc84,ccdc84
4054,ccdc85a,ccdc85a
4055,ccdc85al,ccdc85al
4056,ccdc85b,ccdc85b
4057,ccdc85ca,ccdc85ca
4058,ccdc85cb,ccdc85cb
4059,ccdc87,ccdc87
4060,ccdc88aa,ccdc88aa
4061,ccdc88b,ccdc88b
4062,ccdc88c,ccdc88c
4063,ccdc9,ccdc9
4064,ccdc90b,ccdc90b
4065,ccdc92,ccdc92
4066,ccdc93,ccdc93
4067,ccdc96,ccdc96
4068,ccdc97,ccdc97
4069,ccdc9b,ccdc9b
4070,ccka,ccka
4071,CCKAR,CCKAR
4072,CCKBR,CCKBR
4073,ccl19a.1,ccl19a.1
4074,ccl19a.2,ccl19a.2
4075,ccl19b,ccl19b
4076,ccl25b,ccl25b
4077,ccl27a,ccl27a
4078,ccl27b,ccl27b
4079,ccl32b.3,ccl32b.3
4080,ccl33.2,ccl33.2
4081,ccl33.3,ccl33.3
4082,ccl34a.4,ccl34a.4
4083,ccl34b.3,ccl34b.3
4084,ccl34b.4,ccl34b.4
4085,ccl34b.8,ccl34b.8
4086,ccl34b.9,ccl34b.9
4087,ccl35.1,ccl35.1
4088,ccl36.1,ccl36.1
4089,ccl38.1,ccl38.1
4090,ccl38.6,ccl38.6
4091,ccl38a.3,ccl38a.3
4092,ccl38a.4,ccl38a.4
4093,ccl38a.5,ccl38a.5
4094,ccl39.1,ccl39.1
4095,ccl39.3,ccl39.3
4096,ccl39.4,ccl39.4
4097,ccl39.5,ccl39.5
4098,ccl39.6,ccl39.6
4099,ccl39.7,ccl39.7
4100,ccl39.9,ccl39.9
4101,ccl44,ccl44
4102,ccm2,ccm2
4103,ccm2l,ccm2l
4104,ccna1,ccna1
4105,ccna2,ccna2
4106,ccnb1,ccnb1
4107,CCNB1IP1,CCNB1IP1
4108,ccnb2,ccnb2
4109,ccnb3,ccnb3
4110,ccnc,ccnc
4111,ccnd1,ccnd1
4112,ccnd2a,ccnd2a
4113,ccnd2b,ccnd2b
4114,ccnd3,ccnd3
4115,ccndbp1,ccndbp1
4116,ccne1,ccne1
4117,ccne2,ccne2
4118,ccnf,ccnf
4119,ccng1,ccng1
4120,ccng2,ccng2
4121,ccnh,ccnh
4122,ccni,ccni
4123,ccnj,ccnj
4124,ccnjl,ccnjl
4125,ccnk,ccnk
4126,ccnl1a,ccnl1a
4127,ccnl1b,ccnl1b
4128,ccnq,ccnq
4129,ccnt2a,ccnt2a
4130,ccnt2b,ccnt2b
4131,ccny,ccny
4132,ccnyl1,ccnyl1
4133,ccr10,ccr10
4134,ccr11.1,ccr11.1
4135,ccr12b.1,ccr12b.1
4136,ccr12b.2,ccr12b.2
4137,ccr2,ccr2
4138,ccr7,ccr7
4140,ccr8.1,ccr8.1
4141,ccr9a,ccr9a
4142,ccs,ccs
4143,ccsapa,ccsapa
4144,ccsapb,ccsapb
4145,ccser1,ccser1
4146,ccser2a,ccser2a
4147,ccser2b,ccser2b
4148,cct3,cct3
4149,cct4,cct4
4150,cct5,cct5
4151,cct6a,cct6a
4152,cct7,cct7
4153,cct8,cct8
4154,ccz1,ccz1
4155,cd109,cd109
4156,cd151,cd151
4157,cd151l,cd151l
4158,cd164,cd164
4159,cd164l2,cd164l2
4160,cd209,cd209
4161,cd22,cd22
4162,cd226,cd226
4163,cd247l,cd247l
4164,cd248a,cd248a
4165,cd248b,cd248b
4166,cd276,cd276
4167,cd28,cd28
4168,cd28l,cd28l
4169,cd2ap,cd2ap
4170,cd2bp2,cd2bp2
4171,cd302,cd302
4172,cd36,cd36
4173,cd37,cd37
4174,cd3eap,cd3eap
4175,cd4-1,cd4-1
4176,cd4-2.2,cd4-2.2
4177,cd40,cd40
4178,cd40lg,cd40lg
4179,cd44a,cd44a
4180,cd44b,cd44b
4181,cd59,cd59
4182,cd63,cd63
4183,cd74a,cd74a
4184,cd74b,cd74b
4185,cd79a,cd79a
4186,cd7al,cd7al
4187,cd81a,cd81a
4188,cd81b,cd81b
4189,cd82a,cd82a
4190,cd82b,cd82b
4191,cd83,cd83
4192,cd8a,cd8a
4193,cd99,cd99
4194,cd99l2,cd99l2
4195,cd9a,cd9a
4196,cd9b,cd9b
4197,cdaa,cdaa
4198,cdab,cdab
4199,cdadc1,cdadc1
4200,cdan1,cdan1
4201,cdc123,cdc123
4202,cdc14aa,cdc14aa
4203,cdc14ab,cdc14ab
4204,cdc14b,cdc14b
4205,cdc16,cdc16
4206,cdc20,cdc20
4207,cdc23,cdc23
4208,cdc25b,cdc25b
4209,cdc25d,cdc25d
4210,cdc26,cdc26
4211,cdc27,cdc27
4212,cdc34a,cdc34a
4213,cdc34b,cdc34b
4214,cdc37,cdc37
4215,cdc37l1,cdc37l1
4216,cdc40,cdc40
4217,cdc42,cdc42
4218,cdc42bpaa,cdc42bpaa
4219,cdc42bpab,cdc42bpab
4220,cdc42bpb,cdc42bpb
4221,cdc42ep1a,cdc42ep1a
4222,cdc42ep2,cdc42ep2
4223,cdc42ep3,cdc42ep3
4224,cdc42ep4a,cdc42ep4a
4225,cdc42ep4b,cdc42ep4b
4226,cdc42ep5,cdc42ep5
4227,cdc42l,cdc42l
4228,cdc42l2,cdc42l2
4229,cdc42se1,cdc42se1
4230,cdc42se2,cdc42se2
4231,cdc45,cdc45
4232,cdc5l,cdc5l
4233,cdc6,cdc6
4234,cdc7,cdc7
4235,cdc73,cdc73
4236,cdca4,cdca4
4237,cdca5,cdca5
4238,cdca7a,cdca7a
4239,cdca7b,cdca7b
4240,cdca8,cdca8
4241,cdca9,cdca9
4242,CDCP1,CDCP1
4243,cdcp1a,cdcp1a
4244,cdcp2,cdcp2
4245,cdh1,cdh1
4246,cdh10a,cdh10a
4247,cdh11,cdh11
4248,cdh12a,cdh12a
4249,cdh15,cdh15
4250,cdh16,cdh16
4251,cdh17,cdh17
4252,CDH18,CDH18
4253,cdh18a,cdh18a
4254,cdh2,cdh2
4255,cdh24a,cdh24a
4256,cdh24b,cdh24b
4257,cdh26.1,cdh26.1
4258,cdh26.2,cdh26.2
4259,cdh27,cdh27
4260,cdh28,cdh28
4261,cdh29,cdh29
4262,cdh30,cdh30
4263,cdh31,cdh31
4264,cdh4,cdh4
4265,cdh5,cdh5
4266,cdh6,cdh6
4267,cdh7a,cdh7a
4268,cdh7b,cdh7b
4269,CDHR1,CDHR1
4270,cdhr1a,cdhr1a
4271,cdhr5a,cdhr5a
4272,cdhr5b,cdhr5b
4273,cdip1,cdip1
4274,cdipt,cdipt
4275,cdk1,cdk1
4276,cdk10,cdk10
4277,cdk11b,cdk11b
4278,cdk12,cdk12
4279,cdk13,cdk13
4280,cdk14,cdk14
4281,cdk15,cdk15
4282,cdk16,cdk16
4283,cdk17,cdk17
4284,CDK18,CDK18
4285,cdk19,cdk19
4286,cdk2,cdk2
4287,cdk20,cdk20
4288,cdk21,cdk21
4289,CDK2AP1,CDK2AP1
4290,cdk2ap2,cdk2ap2
4291,cdk4,cdk4
4292,cdk5,cdk5
4293,cdk5r1a,cdk5r1a
4294,cdk5r1b,cdk5r1b
4295,cdk5r2a,cdk5r2a
4296,cdk5r2b,cdk5r2b
4297,cdk5rap1,cdk5rap1
4298,cdk5rap2,cdk5rap2
4299,cdk5rap3,cdk5rap3
4300,cdk6,cdk6
4301,cdk7,cdk7
4302,cdk8,cdk8
4303,cdk9,cdk9
4304,cdkal1,cdkal1
4305,cdkl1,cdkl1
4306,cdkl5,cdkl5
4307,cdkn1a,cdkn1a
4308,cdkn1ba,cdkn1ba
4309,cdkn1bb,cdkn1bb
4310,cdkn1ca,cdkn1ca
4311,cdkn1cb,cdkn1cb
4312,cdkn1d,cdkn1d
4313,cdkn2a/b,cdkn2ab
4314,cdkn2aip,cdkn2aip
4315,cdkn2aipnl,cdkn2aipnl
4316,cdkn2c,cdkn2c
4317,cdkn2d,cdkn2d
4318,cdkn3,cdkn3
4319,cdnf,cdnf
4320,cdo1,cdo1
4321,cdon,cdon
4322,CDPF1,CDPF1
4323,cdr2a,cdr2a
4324,cdr2l,cdr2l
4325,cds1,cds1
4326,cds2,cds2
4327,cdt1,cdt1
4328,cdv3,cdv3
4329,cdx1a,cdx1a
4330,cdx1b,cdx1b
4331,cdx4,cdx4
4332,cdyl,cdyl
4333,ceacam1,ceacam1
4334,cebp1,cebp1
4335,cebpa,cebpa
4336,cebpb,cebpb
4337,cebpd,cebpd
4338,cebpg,cebpg
4339,cebpz,cebpz
4340,cecr2,cecr2
4341,cel.2,cel.2
4342,CELA1,CELA1
4343,celf1,celf1
4344,celf2,celf2
4345,celf3a,celf3a
4346,celf4,celf4
4347,celf5a,celf5a
4348,celf5b,celf5b
4349,celsr1a,celsr1a
4350,celsr1b,celsr1b
4351,celsr2,celsr2
4352,celsr3,celsr3
4353,cemip,cemip
4354,cemip2,cemip2
4355,cenpe,cenpe
4356,cenpf,cenpf
4357,cenph,cenph
4358,cenpi,cenpi
4359,cenpj,cenpj
4360,cenpk,cenpk
4361,cenpl,cenpl
4362,cenpn,cenpn
4363,cenpo,cenpo
4364,cenpp,cenpp
4365,cenpq,cenpq
4366,cenps,cenps
4367,cenpv,cenpv
4368,cenpw,cenpw
4369,cenpx,cenpx
4370,cep104,cep104
4371,cep112,cep112
4372,cep120,cep120
4373,cep126,cep126
4374,cep128,cep128
4375,cep131,cep131
4376,cep135,cep135
4377,cep152,cep152
4378,cep162,cep162
4379,cep170aa,cep170aa
4380,cep170ab,cep170ab
4381,cep170b,cep170b
4383,cep19,cep19
4384,cep192,cep192
4385,cep290,cep290
4386,cep295,cep295
4387,cep350,cep350
4388,cep41,cep41
4389,cep44,cep44
4390,cep55l,cep55l
4391,cep57,cep57
4392,cep57l1,cep57l1
4393,cep63,cep63
4394,cep68,cep68
4395,cep70,cep70
4396,cep72,cep72
4397,cep76,cep76
4398,cep78,cep78
4399,cep83,cep83
4400,cep85,cep85
4401,cep85l,cep85l
4402,cep89,cep89
4403,cep97,cep97
4404,cept1a,cept1a
4405,cept1b,cept1b
4406,cercam,cercam
4407,cerk,cerk
4408,cerkl,cerkl
4409,cers1,cers1
4410,cers2a,cers2a
4411,cers2b,cers2b
4412,cers3a,cers3a
4413,cers3b,cers3b
4414,cers4a,cers4a
4415,cers4b,cers4b
4416,cers5,cers5
4417,cers6,cers6
4418,ces2,ces2
4419,ces3,ces3
4420,cetn2,cetn2
4421,cetn3,cetn3
4422,cetn4,cetn4
4423,cetp,cetp
4424,cfap100,cfap100
4425,cfap126,cfap126
4426,cfap157,cfap157
4427,cfap161,cfap161
4428,cfap20,cfap20
4429,cfap206,cfap206
4430,cfap298,cfap298
4431,cfap300,cfap300
4432,cfap410,cfap410
4433,cfap43,cfap43
4434,cfap46,cfap46
4435,cfap52,cfap52
4436,cfap53,cfap53
4437,cfap58,cfap58
4438,cfap61,cfap61
4439,cfap70,cfap70
4440,cfap73,cfap73
4441,CFAP77,CFAP77
4442,cfap97,cfap97
4443,cfap99,cfap99
4444,cfb,cfb
4445,cfbl,cfbl
4446,cfd,cfd
4447,cfdp1,cfdp1
4448,cfh,cfh
4449,cfhl1,cfhl1
4450,cfhl2,cfhl2
4451,cfhl3,cfhl3
4452,cfhl4,cfhl4
4453,cfhl5,cfhl5
4454,cfi,cfi
4455,cfl1,cfl1
4456,cfl1l,cfl1l
4457,cfl2,cfl2
4458,cflara,cflara
4459,cflarb,cflarb
4460,cfp,cfp
4461,cftr,cftr
4462,cga,cga
4463,cgas,cgas
4464,cgna,cgna
4465,cgnb,cgnb
4466,cgnl1,cgnl1
4467,cgref1,cgref1
4468,cgrrf1,cgrrf1
4469,ch25h,ch25h
4470,ch25hl1.1,ch25hl1.1
4471,ch25hl1.2,ch25hl1.2
4472,ch25hl3,ch25hl3
4473,chac1,chac1
4474,chac2,chac2
4475,chad,chad
4476,chadla,chadla
4477,chadlb,chadlb
4478,chaf1a,chaf1a
4479,chaf1b,chaf1b
4480,chata,chata
4481,chchd1,chchd1
4482,chchd10,chchd10
4483,chchd2,chchd2
4484,chchd3a,chchd3a
4485,chchd3b,chchd3b
4486,chchd4a,chchd4a
4487,chchd4b,chchd4b
4488,chchd6a,chchd6a
4489,chchd6b,chchd6b
4490,chd1,chd1
4491,chd1l,chd1l
4492,chd2,chd2
4493,chd3,chd3
4494,chd4a,chd4a
4495,chd4b,chd4b
4496,chd5,chd5
4497,chd6,chd6
4498,chd7,chd7
4499,chd8,chd8
4500,chd9,chd9
4501,chdh,chdh
4502,chek1,chek1
4503,chek2,chek2
4504,cherp,cherp
4505,ches1,ches1
4506,chfr,chfr
4507,chga,chga
4508,chgb,chgb
4509,chia.1,chia.1
4510,chia.2,chia.2
4511,chia.3,chia.3
4512,chia.4,chia.4
4513,chia.6,chia.6
4514,chic1,chic1
4515,chic2,chic2
4516,chico,chico
4517,chid1,chid1
4518,chka,chka
4519,chkb,chkb
4520,chl1a,chl1a
4521,chl1b,chl1b
4522,chm,chm
4523,chmp1a,chmp1a
4524,chmp1b,chmp1b
4525,chmp2a,chmp2a
4526,chmp2ba,chmp2ba
4527,chmp2bb,chmp2bb
4528,chmp3,chmp3
4529,chmp4ba,chmp4ba
4530,chmp4bb,chmp4bb
4531,chmp4c,chmp4c
4532,chmp5a,chmp5a
4533,chmp5b,chmp5b
4534,chmp6a,chmp6a
4535,chmp6b,chmp6b
4536,chmp7,chmp7
4537,chn1,chn1
4538,chn2,chn2
4539,chodl,chodl
4540,chordc1a,chordc1a
4541,chordc1b,chordc1b
4542,chp1,chp1
4543,chp2,chp2
4544,chpf2,chpf2
4545,chpfa,chpfa
4546,chpfb,chpfb
4547,chpt1,chpt1
4548,chrac1,chrac1
4549,chrd,chrd
4550,chrdl2,chrdl2
4551,chrm1b,chrm1b
4552,chrm2b,chrm2b
4553,chrm3a,chrm3a
4554,chrm4a,chrm4a
4555,chrna1,chrna1
4556,chrna10a,chrna10a
4557,chrna2a,chrna2a
4558,chrna2b,chrna2b
4559,chrna3,chrna3
4560,chrna4a,chrna4a
4561,chrna4b,chrna4b
4562,chrna5,chrna5
4563,chrna6,chrna6
4564,chrna7,chrna7
4565,chrna9,chrna9
4566,chrnb1,chrnb1
4567,chrnb1l,chrnb1l
4568,chrnb2a,chrnb2a
4569,chrnb2b,chrnb2b
4570,chrnb2l,chrnb2l
4571,chrnb3a,chrnb3a
4572,chrnb3b,chrnb3b
4573,chrnb4,chrnb4
4574,chrnd,chrnd
4575,chrne,chrne
4576,chrng,chrng
4577,chs1,chs1
4578,chst1,chst1
4579,chst10,chst10
4580,chst11,chst11
4581,chst12a,chst12a
4582,CHST13,CHST13
4583,chst14,chst14
4584,chst15,chst15
4585,chst2a,chst2a
4586,chst2b,chst2b
4587,chst3a,chst3a
4588,chst3b,chst3b
4589,chst6,chst6
4590,chst7,chst7
4591,chsy1,chsy1
4592,chsy3,chsy3
4593,chtf18,chtf18
4594,chtf8,chtf8
4595,chtopa,chtopa
4596,chtopb,chtopb
4597,chuk,chuk
4598,churc1,churc1
4599,ciao1,ciao1
4600,ciao2a,ciao2a
4601,ciao2b,ciao2b
4602,ciapin1,ciapin1
4603,ciarta,ciarta
4604,ciartb,ciartb
4605,cib1,cib1
4606,cib2,cib2
4607,cib3,cib3
4608,cica,cica
4609,cicb,cicb
4610,cidea,cidea
4611,cideb,cideb
4612,cidec,cidec
4613,ciita,ciita
4614,cilp,cilp
4615,cilp2,cilp2
4616,cinp,cinp
4617,cip2a,cip2a
4618,cipca,cipca
4619,cipcb,cipcb
4620,CIR1,CIR1
4621,cirbpa,cirbpa
4622,cirbpb,cirbpb
4623,cisd1,cisd1
4624,cish,cish
4625,cishb,cishb
4626,cita,cita
4627,citb,citb
4628,cited1,cited1
4629,cited2,cited2
4630,cited4a,cited4a
4631,cited4b,cited4b
4632,ciz1a,ciz1a
4633,ciz1b,ciz1b
4634,ckap2l,ckap2l
4635,ckap4,ckap4
4636,ckap5,ckap5
4637,ckba,ckba
4638,ckbb,ckbb
4639,ckma,ckma
4640,ckmb,ckmb
4641,ckmt1,ckmt1
4642,ckmt2a,ckmt2a
4643,ckmt2b,ckmt2b
4644,cks1b,cks1b
4645,clasp1a,clasp1a
4646,clasp2,clasp2
4647,clasrp,clasrp
4648,clca1,clca1
4649,clcf1,clcf1
4650,clcn1a,clcn1a
4651,clcn1b,clcn1b
4652,clcn2a,clcn2a
4653,clcn2b,clcn2b
4654,clcn2c,clcn2c
4655,clcn3,clcn3
4656,clcn4,clcn4
4657,clcn5a,clcn5a
4658,clcn5b,clcn5b
4659,clcn6,clcn6
4660,clcn7,clcn7
4661,clcnk,clcnk
4662,cldn1,cldn1
4663,cldn10a,cldn10a
4664,cldn10b,cldn10b
4665,cldn10l2,cldn10l2
4666,cldn11a,cldn11a
4667,cldn11b,cldn11b
4668,cldn12,cldn12
4669,cldn15b,cldn15b
4670,cldn15la,cldn15la
4671,cldn15lb,cldn15lb
4672,cldn17,cldn17
4673,cldn18,cldn18
4674,cldn19,cldn19
4675,cldn2,cldn2
4676,cldn23a,cldn23a
4677,cldn23b,cldn23b
4678,cldn34a,cldn34a
4679,cldn5a,cldn5a
4680,cldn5b,cldn5b
4681,cldn7a,cldn7a
4682,cldn7b,cldn7b
4683,cldn8,cldn8
4684,cldna,cldna
4685,cldnb,cldnb
4686,cldnc,cldnc
4687,cldnd,cldnd
4688,cldnd1a,cldnd1a
4689,cldnd1b,cldnd1b
4690,cldne,cldne
4691,cldnf,cldnf
4692,cldng,cldng
4693,cldnh,cldnh
4694,cldni,cldni
4695,cldnk,cldnk
4696,clec11a,clec11a
4697,clec14a,clec14a
4698,clec16a,clec16a
4699,clec19a,clec19a
4700,CLEC3A,CLEC3A
4701,clec3ba,clec3ba
4702,clgn,clgn
4703,clic1,clic1
4704,clic2,clic2
4705,clic3,clic3
4706,clic4,clic4
4707,clic5a,clic5a
4708,clint1a,clint1a
4709,clint1b,clint1b
4710,clip1a,clip1a
4711,clip2,clip2
4712,clip3,clip3
4713,CLIP4,CLIP4
4714,clk2a,clk2a
4715,clk2b,clk2b
4716,clk4a,clk4a
4717,clk4b,clk4b
4718,clmn,clmn
4719,cln3,cln3
4720,cln5,cln5
4721,cln6a,cln6a
4722,cln6b,cln6b
4723,cln8,cln8
4724,clns1a,clns1a
4725,clocka,clocka
4726,clockb,clockb
4727,clp1,clp1
4728,clpb,clpb
4729,clpp,clpp
4730,clptm1,clptm1
4731,clptm1l,clptm1l
4732,clpxa,clpxa
4733,clpxb,clpxb
4734,clrn1,clrn1
4735,clrn2,clrn2
4736,clrn3,clrn3
4737,clstn1,clstn1
4738,clstn2,clstn2
4739,clstn3,clstn3
4740,clta,clta
4741,cltb,cltb
4742,cltca,cltca
4743,cltcb,cltcb
4744,cltcl1,cltcl1
4745,clu,clu
4746,cluap1,cluap1
4747,cluha,cluha
4748,cluhb,cluhb
4749,clul1,clul1
4750,clvs2,clvs2
4751,clybl,clybl
4752,cmah,cmah
4753,cmasa,cmasa
4754,cmbl,cmbl
4755,cmc1,cmc1
4756,cmc2,cmc2
4757,cmc4,cmc4
4758,cmip,cmip
4759,cmklr1,cmklr1
4761,cmlc1,cmlc1
4762,cmn,cmn
4763,cmpk,cmpk
4764,cmss1,cmss1
4765,cmtm3,cmtm3
4766,cmtm4,cmtm4
4767,cmtm6,cmtm6
4768,cmtm7,cmtm7
4769,cmtm8a,cmtm8a
4770,cmtm8b,cmtm8b
4771,cmtr1,cmtr1
4772,cmtr2,cmtr2
4773,cmya5,cmya5
4774,cnbd1,cnbd1
4775,cnbpa,cnbpa
4776,cnbpb,cnbpb
4777,cndp2,cndp2
4778,cnep1r1,cnep1r1
4779,cnfn,cnfn
4780,cnga1a,cnga1a
4781,cnga1b,cnga1b
4782,cnga2a,cnga2a
4783,cnga3a,cnga3a
4784,cngb1a,cngb1a
4785,cngb3.1,cngb3.1
4786,cngb3.2,cngb3.2
4787,cngk,cngk
4788,cnih1,cnih1
4789,cnih2,cnih2
4790,cnih3,cnih3
4791,cnih4,cnih4
4792,cnksr1,cnksr1
4793,cnksr2a,cnksr2a
4794,cnksr2b,cnksr2b
4795,cnksr3,cnksr3
4796,cnmd,cnmd
4797,cnn1a,cnn1a
4798,cnn1b,cnn1b
4799,cnn2,cnn2
4800,cnn3a,cnn3a
4801,cnn3b,cnn3b
4802,CNNM1,CNNM1
4803,cnnm2a,cnnm2a
4804,cnnm2b,cnnm2b
4805,cnnm4a,cnnm4a
4806,cnnm4b,cnnm4b
4807,cnot1,cnot1
4808,cnot10,cnot10
4809,cnot11,cnot11
4810,cnot2,cnot2
4811,cnot3a,cnot3a
4812,cnot3b,cnot3b
4813,cnot4a,cnot4a
4814,cnot4b,cnot4b
4815,cnot6a,cnot6a
4816,cnot6b,cnot6b
4817,cnot6l,cnot6l
4818,cnot7,cnot7
4819,cnot8,cnot8
4820,cnot9,cnot9
4821,cnp,cnp
4822,cnppd1,cnppd1
4823,cnpy1,cnpy1
4824,cnpy2,cnpy2
4825,cnpy3,cnpy3
4826,cnpy4,cnpy4
4827,cnr1,cnr1
4828,cnrip1a,cnrip1a
4829,cnrip1b,cnrip1b
4830,cnsta,cnsta
4831,cnstb,cnstb
4832,cntf,cntf
4833,cntfr,cntfr
4834,cntln,cntln
4835,cntn1a,cntn1a
4836,cntn1b,cntn1b
4837,cntn2,cntn2
4838,cntn3a.1,cntn3a.1
4839,cntn3a.2,cntn3a.2
4840,cntn3b,cntn3b
4841,cntn4,cntn4
4842,cntn5,cntn5
4843,cntnap1,cntnap1
4844,cntnap2a,cntnap2a
4845,cntnap2b,cntnap2b
4846,cntnap3,cntnap3
4847,cntnap5a,cntnap5a
4848,cntnap5b,cntnap5b
4849,cntnap5l,cntnap5l
4850,cntrl,cntrl
4851,coa3a,coa3a
4852,coa3b,coa3b
4853,COA4,COA4
4854,coa5,coa5
4855,coa6,coa6
4856,coa7,coa7
4857,coasy,coasy
4858,cobl,cobl
4859,cobll1a,cobll1a
4860,cobll1b,cobll1b
4861,coch,coch
4862,cog1,cog1
4863,cog2,cog2
4864,cog3,cog3
4865,cog5,cog5
4866,cog6,cog6
4867,cog7,cog7
4868,cog8,cog8
4869,coil,coil
4870,col10a1a,col10a1a
4871,col10a1b,col10a1b
4872,col11a1a,col11a1a
4873,col11a1b,col11a1b
4874,col11a2,col11a2
4875,col12a1a,col12a1a
4876,col12a1b,col12a1b
4877,col13a1,col13a1
4878,col14a1a,col14a1a
4879,col14a1b,col14a1b
4880,col15a1a,col15a1a
4881,col15a1b,col15a1b
4882,col16a1,col16a1
4883,col17a1a,col17a1a
4884,col17a1b,col17a1b
4885,col18a1a,col18a1a
4886,col18a1b,col18a1b
4887,col19a1,col19a1
4888,col1a1a,col1a1a
4889,col1a1b,col1a1b
4890,col1a2,col1a2
4891,col21a1,col21a1
4892,col24a1,col24a1
4893,col27a1b,col27a1b
4894,col28a1a,col28a1a
4895,col28a1b,col28a1b
4896,col28a2a,col28a2a
4897,col28a2b,col28a2b
4898,col2a1a,col2a1a
4899,col2a1b,col2a1b
4900,col4a1,col4a1
4901,col4a2,col4a2
4902,col4a3,col4a3
4903,col4a3bpa,col4a3bpa
4904,col4a3bpb,col4a3bpb
4905,col4a4,col4a4
4906,col4a5,col4a5
4907,col4a6,col4a6
4908,col5a2a,col5a2a
4909,col5a2b,col5a2b
4910,col5a3a,col5a3a
4911,col5a3b,col5a3b
4912,col6a1,col6a1
4913,col6a2,col6a2
4914,col6a3,col6a3
4915,col6a4a,col6a4a
4916,col7a1,col7a1
4917,col7a1l,col7a1l
4918,col8a1a,col8a1a
4919,col8a1b,col8a1b
4920,col8a2,col8a2
4921,col9a1b,col9a1b
4922,col9a2,col9a2
4923,col9a3,col9a3
4924,COLEC10,COLEC10
4925,colec11,colec11
4926,colec12,colec12
4927,colgalt1,colgalt1
4929,colgalt2,colgalt2
4930,colq,colq
4931,commd1,commd1
4932,commd10,commd10
4933,commd2,commd2
4934,commd3,commd3
4935,commd4,commd4
4936,commd5,commd5
4937,commd6,commd6
4938,commd7,commd7
4939,commd8,commd8
4940,commd9,commd9
4941,comta,comta
4942,comtb,comtb
4943,comtd1,comtd1
4944,cop1,cop1
4945,copa,copa
4946,copb1,copb1
4947,copb2,copb2
4948,cope,cope
4949,copg2,copg2
4950,cops2,cops2
4951,cops3,cops3
4952,cops4,cops4
4953,cops5,cops5
4954,cops7a,cops7a
4955,cops8,cops8
4956,cops9,cops9
4957,copz1,copz1
4958,copz2,copz2
4959,COQ10A,COQ10A
4960,coq10b,coq10b
4961,coq2,coq2
4962,coq3,coq3
4963,coq4,coq4
4964,coq5,coq5
4965,coq6,coq6
4966,coq7,coq7
4967,coq8a,coq8a
4968,coq8b,coq8b
4969,coq9,coq9
4970,corin,corin
4971,coro1a,coro1a
4972,coro1b,coro1b
4973,coro1ca,coro1ca
4974,coro1cb,coro1cb
4975,coro2a,coro2a
4976,coro2ba,coro2ba
4977,coro2bb,coro2bb
4978,coro6,coro6
4979,coro7,coro7
4980,cort,cort
4981,cotl1,cotl1
4982,cox10,cox10
4983,cox11,cox11
4984,cox14,cox14
4985,cox15,cox15
4986,cox16,cox16
4987,cox17,cox17
4988,cox18,cox18
4989,cox19,cox19
4990,cox20,cox20
4991,COX3,COX3
4992,cox4i1,cox4i1
4993,cox4i1l,cox4i1l
4994,cox4i2,cox4i2
4995,cox5aa,cox5aa
4996,cox5ab,cox5ab
4997,COX5B,COX5B
4998,cox5b2,cox5b2
4999,cox6a1,cox6a1
5000,cox6a2,cox6a2
5001,cox6b1,cox6b1
5002,cox6b2,cox6b2
5003,cox6c,cox6c
5004,cox7a1,cox7a1
5005,COX7A2,COX7A2
5006,cox7a2a,cox7a2a
5007,cox7a2l,cox7a2l
5008,cox7b,cox7b
5009,cox7c,cox7c
5010,cox8a,cox8a
5011,cox8b,cox8b
5012,cp,cp
5013,cpa1,cpa1
5014,cpa2,cpa2
5015,cpa4,cpa4
5016,cpa5,cpa5
5017,cpa6,cpa6
5018,cpamd8,cpamd8
5019,cpb1,cpb1
5020,cpb2,cpb2
5021,cpda,cpda
5022,cpdb,cpdb
5023,cpe,cpe
5024,cpeb1a,cpeb1a
5025,cpeb1b,cpeb1b
5026,cpeb2,cpeb2
5027,cpeb3,cpeb3
5028,cpeb4a,cpeb4a
5029,cpeb4b,cpeb4b
5030,cped1,cped1
5031,cplx2,cplx2
5032,cplx2l,cplx2l
5033,cplx3b,cplx3b
5034,cplx4a,cplx4a
5035,cpm,cpm
5036,cpn1,cpn1
5037,cpne1,cpne1
5038,cpne2,cpne2
5039,cpne3,cpne3
5040,cpne4a,cpne4a
5041,cpne5a,cpne5a
5042,cpne5b,cpne5b
5043,cpne7,cpne7
5044,cpne9,cpne9
5045,cpo,cpo
5046,cpox,cpox
5047,cpped1,cpped1
5048,cps1,cps1
5049,cpsf1,cpsf1
5050,cpsf2,cpsf2
5051,cpsf3,cpsf3
5052,cpsf4,cpsf4
5053,cpsf6,cpsf6
5054,cpt1aa,cpt1aa
5055,cpt1b,cpt1b
5056,cpt1cb,cpt1cb
5057,cptp,cptp
5058,cpvl,cpvl
5059,cpxm1b,cpxm1b
5060,cpz,cpz
5061,CR293502.1,CR293502.1
5062,CR293507.1,CR293507.1
5063,CR293508.1,CR293508.1
5064,CR293509.1,CR293509.1
5065,CR293511.1,CR293511.1
5066,CR293531.1,CR293531.1
5067,CR293531.2,CR293531.2
5068,CR318588.1,CR318588.1
5069,CR318588.2,CR318588.2
5070,CR318588.3,CR318588.3
5071,CR318599.2,CR318599.2
5072,CR318600.2,CR318600.2
5073,CR318601.1,CR318601.1
5074,CR318603.1,CR318603.1
5075,CR318614.1,CR318614.1
5076,CR318620.1,CR318620.1
5077,CR318624.2,CR318624.2
5078,CR318653.1,CR318653.1
5079,CR318658.1,CR318658.1
5080,CR318668.1,CR318668.1
5081,CR318673.1,CR318673.1
5082,CR318674.1,CR318674.1
5083,CR339041.1,CR339041.1
5084,CR339041.2,CR339041.2
5085,CR339041.3,CR339041.3
5086,CR339044.1,CR339044.1
5087,CR339054.1,CR339054.1
5088,CR339054.2,CR339054.2
5089,CR339059.1,CR339059.1
5090,CR339059.3,CR339059.3
5091,CR339059.4,CR339059.4
5092,CR352218.1,CR352218.1
5093,CR352220.1,CR352220.1
5094,CR352226.3,CR352226.3
5095,CR352226.4,CR352226.4
5096,CR352226.5,CR352226.5
5097,CR352226.6,CR352226.6
5098,CR352228.1,CR352228.1
5099,CR352232.1,CR352232.1
5100,CR352243.1,CR352243.1
5101,CR352243.2,CR352243.2
5102,CR352253.1,CR352253.1
5103,CR352292.1,CR352292.1
5104,CR352310.1,CR352310.1
5105,CR352329.1,CR352329.1
5106,CR352342.1,CR352342.1
5107,CR354372.1,CR354372.1
5108,CR354377.1,CR354377.1
5109,CR354383.1,CR354383.1
5110,CR354430.3,CR354430.3
5111,CR354430.4,CR354430.4
5112,CR354435.1,CR354435.1
5113,CR354435.2,CR354435.2
5114,CR354435.3,CR354435.3
5115,CR354444.1,CR354444.1
5116,CR354444.2,CR354444.2
5117,CR354537.1,CR354537.1
5118,CR354538.1,CR354538.1
5119,CR354540.1,CR354540.1
5120,CR354540.2,CR354540.2
5121,CR354542.1,CR354542.1
5122,CR354547.1,CR354547.1
5123,CR354549.11,CR354549.11
5124,CR354549.3,CR354549.3
5125,CR354556.2,CR354556.2
5126,CR354556.3,CR354556.3
5127,CR354564.1,CR354564.1
5128,CR354564.2,CR354564.2
5129,CR354581.1,CR354581.1
5130,CR354588.1,CR354588.1
5131,CR354610.1,CR354610.1
5132,CR356222.1,CR356222.1
5133,CR356223.2,CR356223.2
5134,CR356227.1,CR356227.1
5135,CR356233.1,CR356233.1
5136,CR356233.2,CR356233.2
5137,CR356236.1,CR356236.1
5138,CR356242.1,CR356242.1
5139,CR356246.1,CR356246.1
5141,CR361560.1,CR361560.1
5142,CR376737.1,CR376737.1
5143,CR376740.2,CR376740.2
5144,CR376741.1,CR376741.1
5145,CR376741.2,CR376741.2
5146,CR376741.3,CR376741.3
5147,CR376741.4,CR376741.4
5148,CR376741.6,CR376741.6
5149,CR376747.1,CR376747.1
5150,CR376748.1,CR376748.1
5151,CR376751.1,CR376751.1
5152,CR376762.1,CR376762.1
5153,CR376766.1,CR376766.1
5154,CR376766.2,CR376766.2
5155,CR376766.3,CR376766.3
5156,CR376776.1,CR376776.1
5157,CR376783.1,CR376783.1
5158,CR376800.1,CR376800.1
5159,CR376821.1,CR376821.1
5160,CR376825.1,CR376825.1
5161,CR376838.1,CR376838.1
5162,CR376857.1,CR376857.1
5163,CR376861.1,CR376861.1
5164,CR377210.1,CR377210.1
5165,CR377211.1,CR377211.1
5166,CR377211.3,CR377211.3
5167,CR377211.4,CR377211.4
5168,CR377229.1,CR377229.1
5169,CR381531.2,CR381531.2
5170,CR381534.1,CR381534.1
5171,CR381540.3,CR381540.3
5172,CR381544.1,CR381544.1
5173,CR381544.2,CR381544.2
5174,CR381579.2,CR381579.2
5175,CR381579.4,CR381579.4
5176,CR381618.1,CR381618.1
5177,CR381646.1,CR381646.1
5178,CR381647.1,CR381647.1
5179,CR381647.3,CR381647.3
5180,CR381657.1,CR381657.1
5181,CR381673.1,CR381673.1
5182,CR381673.2,CR381673.2
5184,CR381684.1,CR381684.1
5185,CR381686.1,CR381686.1
5186,CR381686.2,CR381686.2
5187,CR381686.3,CR381686.3
5188,CR381686.4,CR381686.4
5189,CR381686.5,CR381686.5
5190,CR381689.1,CR381689.1
5191,CR381700.1,CR381700.1
5192,CR382294.1,CR382294.1
5193,CR382300.1,CR382300.1
5194,CR382300.2,CR382300.2
5195,CR382300.3,CR382300.3
5196,CR382325.1,CR382325.1
5197,CR382326.1,CR382326.1
5199,CR382327.2,CR382327.2
5200,CR382327.3,CR382327.3
5201,CR382334.1,CR382334.1
5202,CR382337.2,CR382337.2
5203,CR382337.3,CR382337.3
5204,CR382370.1,CR382370.1
5205,CR382370.2,CR382370.2
5206,CR382383.2,CR382383.2
5207,CR383662.2,CR383662.2
5208,CR383662.4,CR383662.4
5209,CR383662.8,CR383662.8
5210,CR383668.2,CR383668.2
5211,CR383669.1,CR383669.1
5212,CR383669.2,CR383669.2
5213,CR383672.1,CR383672.1
5214,CR383672.2,CR383672.2
5215,CR383676.1,CR383676.1
5216,CR383676.2,CR383676.2
5217,CR383680.1,CR383680.1
5218,CR383680.2,CR383680.2
5220,CR383683.1,CR383683.1
5221,CR384055.1,CR384055.1
5222,CR384085.1,CR384085.1
5223,CR384099.1,CR384099.1
5224,CR385024.1,CR385024.1
5225,CR385041.1,CR385041.1
5226,CR385050.1,CR385050.1
5227,CR385053.1,CR385053.1
5228,CR385053.2,CR385053.2
5229,CR385053.3,CR385053.3
5230,CR385065.1,CR385065.1
5231,CR385067.1,CR385067.1
5232,CR385078.1,CR385078.1
5233,CR387919.1,CR387919.1
5234,CR387933.1,CR387933.1
5235,CR387984.1,CR387984.1
5236,CR387996.1,CR387996.1
5237,CR388008.1,CR388008.1
5238,CR388029.1,CR388029.1
5242,CR388047.1,CR388047.1
5243,CR388050.1,CR388050.1
5244,CR388055.1,CR388055.1
5245,CR388077.1,CR388077.1
5246,CR388079.1,CR388079.1
5247,CR388079.2,CR388079.2
5248,CR388102.1,CR388102.1
5249,CR388129.1,CR388129.1
5250,CR388132.2,CR388132.2
5251,CR388143.1,CR388143.1
5252,CR388148.1,CR388148.1
5253,CR388148.2,CR388148.2
5254,CR388156.1,CR388156.1
5255,CR388157.1,CR388157.1
5256,CR388163.1,CR388163.1
5257,CR388165.2,CR388165.2
5258,CR388166.1,CR388166.1
5259,CR388166.2,CR388166.2
5260,CR388168.2,CR388168.2
5261,CR388172.1,CR388172.1
5263,CR388184.1,CR388184.1
5264,CR388189.1,CR388189.1
5265,CR388190.1,CR388190.1
5266,CR388206.1,CR388206.1
5267,CR388207.1,CR388207.1
5268,CR388209.1,CR388209.1
5269,CR388228.1,CR388228.1
5270,CR388231.1,CR388231.1
5271,CR388231.2,CR388231.2
5272,CR388231.3,CR388231.3
5273,CR388363.2,CR388363.2
5274,CR388364.1,CR388364.1
5275,CR388369.1,CR388369.1
5276,CR388373.2,CR388373.2
5277,CR388378.1,CR388378.1
5278,CR388413.3,CR388413.3
5279,CR388417.1,CR388417.1
5280,CR388417.2,CR388417.2
5281,CR388421.1,CR388421.1
5282,CR391910.1,CR391910.1
5283,CR391910.2,CR391910.2
5284,CR391910.3,CR391910.3
5285,CR391915.1,CR391915.1
5286,CR391930.1,CR391930.1
5287,CR391940.1,CR391940.1
5288,CR391944.1,CR391944.1
5289,CR391977.1,CR391977.1
5290,CR391978.1,CR391978.1
5291,CR391986.1,CR391986.1
5292,CR391990.1,CR391990.1
5293,CR391991.3,CR391991.3
5294,CR391991.4,CR391991.4
5295,CR391991.5,CR391991.5
5296,CR391995.1,CR391995.1
5297,CR392001.4,CR392001.4
5298,CR392002.1,CR392002.1
5299,CR392012.1,CR392012.1
5300,CR392012.2,CR392012.2
5301,CR392024.1,CR392024.1
5302,CR392026.2,CR392026.2
5303,CR392036.1,CR392036.1
5304,CR392042.1,CR392042.1
5305,CR392045.1,CR392045.1
5307,CR392341.1,CR392341.1
5308,CR392341.3,CR392341.3
5309,CR392341.4,CR392341.4
5310,CR392363.2,CR392363.2
5311,CR394535.1,CR394535.1
5312,CR394545.1,CR394545.1
5313,CR394552.1,CR394552.1
5314,CR394556.1,CR394556.1
5315,CR394572.1,CR394572.1
5316,CR396583.1,CR396583.1
5317,CR396584.1,CR396584.1
5318,CR396585.1,CR396585.1
5319,CR396595.1,CR396595.1
5320,CR405682.1,CR405682.1
5321,CR405710.2,CR405710.2
5322,CR407547.1,CR407547.1
5323,CR407550.1,CR407550.1
5324,CR407561.1,CR407561.1
5325,CR407561.2,CR407561.2
5326,CR407584.1,CR407584.1
5327,CR407585.1,CR407585.1
5328,CR407590.2,CR407590.2
5329,CR407594.1,CR407594.1
5330,CR407598.2,CR407598.2
5331,CR407701.1,CR407701.1
5332,CR450686.2,CR450686.2
5333,CR450686.3,CR450686.3
5334,CR450687.1,CR450687.1
5335,CR450696.1,CR450696.1
5336,CR450727.1,CR450727.1
5337,CR450738.1,CR450738.1
5338,CR450740.1,CR450740.1
5340,CR450749.3,CR450749.3
5341,CR450764.3,CR450764.3
5342,CR450777.1,CR450777.1
5343,CR450780.1,CR450780.1
5344,CR450780.2,CR450780.2
5345,CR450782.1,CR450782.1
5346,CR450785.1,CR450785.1
5347,CR450785.2,CR450785.2
5348,CR450786.1,CR450786.1
5349,CR450787.1,CR450787.1
5350,CR450793.1,CR450793.1
5351,CR450808.1,CR450808.1
5352,CR450808.2,CR450808.2
5353,CR450808.4,CR450808.4
5354,CR450812.1,CR450812.1
5355,CR450813.1,CR450813.1
5356,CR450824.1,CR450824.1
5357,CR450827.2,CR450827.2
5358,CR450832.1,CR450832.1
5359,CR450833.1,CR450833.1
5360,CR450836.1,CR450836.1
5361,CR450848.1,CR450848.1
5362,CR456627.1,CR456627.1
5363,CR457444.1,CR457444.1
5364,CR457444.2,CR457444.2
5365,CR457444.5,CR457444.5
5366,CR457444.7,CR457444.7
5367,CR457444.8,CR457444.8
5368,CR513782.1,CR513782.1
5369,CR513785.1,CR513785.1
5370,CR513789.1,CR513789.1
5372,CR524821.1,CR524821.1
5373,CR524827.1,CR524827.1
5374,CR533430.1,CR533430.1
5375,CR536604.1,CR536604.1
5376,CR538726.1,CR538726.1
5377,CR545465.1,CR545465.1
5378,CR545465.2,CR545465.2
5379,CR545466.1,CR545466.1
5380,CR545469.1,CR545469.1
5381,CR545469.2,CR545469.2
5382,CR545476.1,CR545476.1
5383,CR547131.1,CR547131.1
5384,CR548622.1,CR548622.1
5385,CR548622.2,CR548622.2
5386,CR548634.1,CR548634.1
5387,CR548634.2,CR548634.2
5388,CR550302.1,CR550302.1
5389,CR550302.2,CR550302.2
5390,CR550307.1,CR550307.1
5391,CR555293.1,CR555293.1
5392,CR556696.1,CR556696.1
5393,CR556709.1,CR556709.1
5394,CR556712.1,CR556712.1
5395,CR556713.1,CR556713.1
5396,CR559941.1,CR559941.1
5397,CR559944.1,CR559944.1
5398,CR559945.2,CR559945.2
5399,CR589875.1,CR589875.1
5400,CR589875.3,CR589875.3
5401,CR589882.1,CR589882.1
5402,CR589943.1,CR589943.1
5403,CR589944.1,CR589944.1
5404,CR589944.2,CR589944.2
5405,CR589944.3,CR589944.3
5406,CR589947.1,CR589947.1
5407,CR589947.2,CR589947.2
5408,CR589947.3,CR589947.3
5409,CR626866.1,CR626866.1
5410,CR626874.1,CR626874.1
5411,CR626882.2,CR626882.2
5412,CR626882.3,CR626882.3
5414,CR626884.4,CR626884.4
5415,CR626886.1,CR626886.1
5416,CR626886.2,CR626886.2
5417,CR626887.1,CR626887.1
5418,CR626887.2,CR626887.2
5419,CR626887.3,CR626887.3
5420,CR626889.1,CR626889.1
5421,CR626907.2,CR626907.2
5422,CR626944.1,CR626944.1
5423,CR626962.1,CR626962.1
5424,CR627496.1,CR627496.1
5425,CR628323.2,CR628323.2
5426,CR628324.1,CR628324.1
5427,CR628327.1,CR628327.1
5428,CR628341.1,CR628341.1
5429,CR628365.1,CR628365.1
5431,CR677513.1,CR677513.1
5432,CR677617.1,CR677617.1
5433,CR678070.1,CR678070.1
5434,CR735102.1,CR735102.1
5435,CR735121.1,CR735121.1
5436,CR749162.1,CR749162.1
5437,CR749164.1,CR749164.1
5438,CR749168.2,CR749168.2
5439,CR749752.1,CR749752.1
5440,CR749762.1,CR749762.1
5441,CR749763.1,CR749763.1
5442,CR749763.3,CR749763.3
5443,CR749763.5,CR749763.5
5444,CR749774.1,CR749774.1
5445,CR749775.1,CR749775.1
5446,CR749777.1,CR749777.1
5447,CR751227.1,CR751227.1
5448,CR751602.1,CR751602.1
5449,CR751602.2,CR751602.2
5450,CR751608.1,CR751608.1
5451,CR753874.1,CR753874.1
5452,CR753876.1,CR753876.1
5453,CR753886.1,CR753886.1
5454,CR753902.1,CR753902.1
5456,CR759797.1,CR759797.1
5457,CR759810.1,CR759810.1
5458,CR759816.1,CR759816.1
5459,CR759826.1,CR759826.1
5460,CR759830.1,CR759830.1
5461,CR759836.1,CR759836.1
5462,CR759841.1,CR759841.1
5463,CR759843.2,CR759843.2
5464,CR759845.1,CR759845.1
5465,CR759845.2,CR759845.2
5466,CR759845.3,CR759845.3
5467,CR759846.1,CR759846.1
5468,CR759863.2,CR759863.2
5469,CR759875.1,CR759875.1
5470,CR759879.1,CR759879.1
5471,CR759882.1,CR759882.1
5472,CR759885.1,CR759885.1
5473,CR759887.1,CR759887.1
5474,CR759887.2,CR759887.2
5475,CR759887.3,CR759887.3
5476,CR759887.4,CR759887.4
5477,CR759918.1,CR759918.1
5478,CR759927.1,CR759927.1
5479,CR759927.2,CR759927.2
5480,CR759927.3,CR759927.3
5481,CR759955.1,CR759955.1
5482,CR759968.2,CR759968.2
5483,CR762392.1,CR762392.1
5484,CR762400.1,CR762400.1
5485,CR762407.1,CR762407.1
5486,CR762407.2,CR762407.2
5487,CR762407.3,CR762407.3
5488,CR762420.1,CR762420.1
5489,CR762431.1,CR762431.1
5490,CR762436.1,CR762436.1
5491,CR762436.2,CR762436.2
5492,CR762470.1,CR762470.1
5493,CR762475.1,CR762475.1
5494,CR762480.2,CR762480.2
5495,CR762493.1,CR762493.1
5496,CR762497.1,CR762497.1
5497,CR769769.1,CR769769.1
5498,CR769769.2,CR769769.2
5499,CR769769.3,CR769769.3
5500,CR769772.1,CR769772.1
5501,CR769772.3,CR769772.3
5502,CR769777.2,CR769777.2
5503,CR769778.1,CR769778.1
5504,CR769778.2,CR769778.2
5505,CR774179.2,CR774179.2
5506,CR774179.3,CR774179.3
5507,CR774184.1,CR774184.1
5508,CR774192.1,CR774192.1
5509,CR786562.1,CR786562.1
5510,CR786571.1,CR786571.1
5511,CR786571.4,CR786571.4
5512,CR786576.1,CR786576.1
5513,CR786577.1,CR786577.1
5514,CR786582.1,CR786582.1
5515,CR786582.2,CR786582.2
5516,CR788226.1,CR788226.1
5517,CR788230.1,CR788230.1
5518,CR788235.1,CR788235.1
5519,CR788236.1,CR788236.1
5520,CR788248.1,CR788248.1
5521,CR788249.2,CR788249.2
5522,CR788254.1,CR788254.1
5523,CR788254.2,CR788254.2
5524,CR788254.3,CR788254.3
5525,CR788303.1,CR788303.1
5526,CR788311.1,CR788311.1
5527,CR788316.1,CR788316.1
5528,CR788316.2,CR788316.2
5529,CR788316.3,CR788316.3
5530,CR788316.4,CR788316.4
5531,CR788322.1,CR788322.1
5532,CR790362.1,CR790362.1
5533,CR790366.1,CR790366.1
5534,CR790366.2,CR790366.2
5535,CR790368.1,CR790368.1
5536,CR790377.1,CR790377.1
5537,CR790382.3,CR790382.3
5538,CR790388.1,CR790388.1
5539,CR792417.1,CR792417.1
5540,CR792422.1,CR792422.1
5541,CR792422.2,CR792422.2
5542,CR792424.1,CR792424.1
5543,CR792426.1,CR792426.1
5544,CR792437.1,CR792437.1
5545,CR792438.1,CR792438.1
5546,CR792438.2,CR792438.2
5547,CR792439.1,CR792439.1
5548,CR792441.1,CR792441.1
5549,CR792453.2,CR792453.2
5550,CR792454.1,CR792454.1
5551,CR812468.1,CR812468.1
5552,CR812469.1,CR812469.1
5553,CR812470.2,CR812470.2
5554,CR812472.1,CR812472.1
5555,CR812481.1,CR812481.1
5556,CR812832.1,CR812832.1
5557,CR846082.1,CR846082.1
5558,CR846087.1,CR846087.1
5560,CR846087.3,CR846087.3
5562,CR847503.1,CR847503.1
5563,CR847503.2,CR847503.2
5564,CR847509.1,CR847509.1
5565,CR847523.1,CR847523.1
5566,CR847530.1,CR847530.1
5567,CR847530.2,CR847530.2
5568,CR847531.1,CR847531.1
5569,CR847534.1,CR847534.1
5570,CR847537.1,CR847537.1
5571,CR847543.1,CR847543.1
5572,CR847543.2,CR847543.2
5573,CR847545.1,CR847545.1
5574,CR847563.1,CR847563.1
5575,CR847563.2,CR847563.2
5576,CR847566.1,CR847566.1
5577,CR847571.1,CR847571.1
5578,CR847785.1,CR847785.1
5579,CR847793.1,CR847793.1
5580,CR847803.1,CR847803.1
5581,CR847844.1,CR847844.1
5582,CR847844.2,CR847844.2
5583,CR847850.1,CR847850.1
5584,CR847870.1,CR847870.1
5585,CR847887.1,CR847887.1
5586,CR847895.1,CR847895.1
5587,CR847897.1,CR847897.1
5588,CR847898.1,CR847898.1
5589,CR847898.2,CR847898.2
5590,CR847898.4,CR847898.4
5591,CR847899.2,CR847899.2
5592,CR847923.1,CR847923.1
5593,CR847936.1,CR847936.1
5594,CR847939.1,CR847939.1
5595,CR847944.1,CR847944.1
5596,CR847944.2,CR847944.2
5597,CR847947.1,CR847947.1
5598,CR847953.1,CR847953.1
5599,CR847968.1,CR847968.1
5600,CR847970.1,CR847970.1
5601,CR847971.1,CR847971.1
5602,CR847983.1,CR847983.1
5603,CR847984.1,CR847984.1
5604,CR847994.1,CR847994.1
5605,CR847998.1,CR847998.1
5606,CR848025.1,CR848025.1
5607,CR848025.2,CR848025.2
5608,CR848032.1,CR848032.1
5610,CR848047.1,CR848047.1
5611,CR848665.1,CR848665.1
5612,CR848667.1,CR848667.1
5613,CR848667.2,CR848667.2
5614,CR848683.1,CR848683.1
5615,CR848683.2,CR848683.2
5616,CR848705.1,CR848705.1
5617,CR848705.2,CR848705.2
5618,CR848715.1,CR848715.1
5619,CR848723.1,CR848723.1
5620,CR848736.1,CR848736.1
5621,CR848741.1,CR848741.1
5622,CR848742.1,CR848742.1
5623,CR848746.1,CR848746.1
5624,CR848749.2,CR848749.2
5625,CR848759.1,CR848759.1
5626,CR848784.4,CR848784.4
5627,CR848788.1,CR848788.1
5628,CR848788.2,CR848788.2
5629,CR848791.1,CR848791.1
5630,CR848791.2,CR848791.2
5631,CR848791.3,CR848791.3
5632,CR848812.1,CR848812.1
5633,CR848833.1,CR848833.1
5634,CR848840.1,CR848840.1
5635,CR848841.1,CR848841.1
5636,CR848844.1,CR848844.1
5637,CR854827.2,CR854827.2
5638,CR854827.3,CR854827.3
5639,CR854829.1,CR854829.1
5640,CR854832.1,CR854832.1
5641,CR854838.1,CR854838.1
5642,CR854839.1,CR854839.1
5643,CR854897.2,CR854897.2
5644,CR854927.1,CR854927.1
5645,CR854927.2,CR854927.2
5646,CR854927.3,CR854927.3
5647,CR854927.4,CR854927.4
5648,CR854941.1,CR854941.1
5649,CR854964.1,CR854964.1
5650,CR854965.2,CR854965.2
5651,CR854980.1,CR854980.1
5652,CR854981.1,CR854981.1
5653,CR854988.1,CR854988.1
5654,CR854989.1,CR854989.1
5655,CR855123.1,CR855123.1
5656,CR855257.1,CR855257.1
5657,CR855257.2,CR855257.2
5658,CR855277.2,CR855277.2
5659,CR855277.3,CR855277.3
5660,CR855300.1,CR855300.1
5661,CR855306.1,CR855306.1
5662,CR855311.1,CR855311.1
5663,CR855311.2,CR855311.2
5664,CR855311.4,CR855311.4
5665,CR855311.5,CR855311.5
5666,CR855318.1,CR855318.1
5667,CR855320.3,CR855320.3
5668,CR855328.1,CR855328.1
5669,CR855337.1,CR855337.1
5670,CR855375.1,CR855375.1
5671,CR855379.1,CR855379.1
5672,CR855379.3,CR855379.3
5673,CR855389.1,CR855389.1
5674,CR855389.2,CR855389.2
5675,CR855393.1,CR855393.1
5676,CR855860.1,CR855860.1
5677,CR855860.2,CR855860.2
5678,CR855865.1,CR855865.1
5679,CR855996.2,CR855996.2
5680,CR925709.1,CR925709.1
5681,CR925709.2,CR925709.2
5682,CR925709.3,CR925709.3
5683,CR925713.1,CR925713.1
5684,CR925719.1,CR925719.1
5685,CR925723.1,CR925723.1
5686,CR925723.3,CR925723.3
5687,CR925728.1,CR925728.1
5688,CR925728.2,CR925728.2
5689,CR925728.3,CR925728.3
5690,CR925737.1,CR925737.1
5691,CR925744.1,CR925744.1
5692,CR925756.1,CR925756.1
5693,CR925761.1,CR925761.1
5694,CR925761.3,CR925761.3
5695,CR925761.4,CR925761.4
5696,CR925763.1,CR925763.1
5697,CR925768.1,CR925768.1
5698,CR925773.1,CR925773.1
5699,CR925777.1,CR925777.1
5700,CR925797.1,CR925797.1
5701,CR925798.1,CR925798.1
5702,CR925804.1,CR925804.1
5703,CR925817.1,CR925817.1
5704,CR925879.1,CR925879.1
5705,CR926130.1,CR926130.1
5706,CR926130.2,CR926130.2
5707,CR926463.1,CR926463.1
5708,CR926464.1,CR926464.1
5709,CR926469.1,CR926469.1
5710,CR927215.1,CR927215.1
5711,CR927456.1,CR927456.1
5712,CR931763.1,CR931763.1
5713,CR931780.1,CR931780.1
5714,CR931782.1,CR931782.1
5715,CR931782.2,CR931782.2
5716,CR931802.2,CR931802.2
5717,CR931802.3,CR931802.3
5718,CR931802.4,CR931802.4
5719,CR931813.1,CR931813.1
5720,CR931813.2,CR931813.2
5721,CR931980.1,CR931980.1
5722,CR932000.1,CR932000.1
5723,CR932077.1,CR932077.1
5724,CR932360.1,CR932360.1
5725,CR932360.2,CR932360.2
5726,CR932362.1,CR932362.1
5727,CR932364.1,CR932364.1
5728,CR932983.1,CR932983.1
5729,CR932999.1,CR932999.1
5730,CR933528.1,CR933528.1
5731,CR933559.1,CR933559.1
5732,CR933730.1,CR933730.1
5733,CR933734.1,CR933734.1
5734,CR933734.2,CR933734.2
5735,CR933791.1,CR933791.1
5736,CR933791.2,CR933791.2
5737,CR933812.1,CR933812.1
5738,CR933839.1,CR933839.1
5739,CR936249.1,CR936249.1
5741,CR936321.1,CR936321.1
5742,CR936363.1,CR936363.1
5743,CR936403.1,CR936403.1
5744,CR936408.1,CR936408.1
5745,CR936408.2,CR936408.2
5746,CR936416.1,CR936416.1
5747,CR936442.1,CR936442.1
5748,CR936459.1,CR936459.1
5749,CR936462.1,CR936462.1
5750,CR936482.1,CR936482.1
5751,CR936518.1,CR936518.1
5752,CR936518.2,CR936518.2
5753,CR936540.1,CR936540.1
5754,CR936968.1,CR936968.1
5755,CR936975.1,CR936975.1
5756,CR936977.2,CR936977.2
5757,CR944667.1,CR944667.1
5758,CR944667.3,CR944667.3
5759,CR954285.1,CR954285.1
5760,CR954963.1,CR954963.1
5761,CR956623.1,CR956623.1
5762,CR974456.1,CR974456.1
5763,CR974461.1,CR974461.1
5764,CR974475.1,CR974475.1
5765,crabp1a,crabp1a
5766,crabp1b,crabp1b
5767,crabp2a,crabp2a
5768,crabp2b,crabp2b
5769,CRACR2A,CRACR2A
5770,cracr2ab,cracr2ab
5771,cracr2b,cracr2b
5772,cradd,cradd
5773,cramp1,cramp1
5774,crata,crata
5775,cratb,cratb
5776,crb1,crb1
5777,crb2a,crb2a
5778,crb3a,crb3a
5779,crb3b,crb3b
5780,crbn,crbn
5781,crcp,crcp
5782,creb1a,creb1a
5783,creb1b,creb1b
5784,creb3l1,creb3l1
5785,creb3l2,creb3l2
5786,creb3l3a,creb3l3a
5787,creb3l3b,creb3l3b
5788,creb3l3l,creb3l3l
5789,creb5a,creb5a
5790,crebbpa,crebbpa
5791,crebbpb,crebbpb
5792,crebl2,crebl2
5793,crebrf,crebrf
5794,crebzf,crebzf
5795,creg1,creg1
5796,creg2,creg2
5797,creld1a,creld1a
5798,creld1b,creld1b
5799,creld2,creld2
5800,crema,crema
5801,cremb,cremb
5802,crfb1,crfb1
5803,crfb12,crfb12
5804,crfb15,crfb15
5805,crfb16,crfb16
5806,crfb2,crfb2
5807,crha,crha
5808,crhb,crhb
5809,crhbp,crhbp
5810,crhr1,crhr1
5811,crim1,crim1
5812,crip1,crip1
5813,crip2,crip2
5814,crip3,crip3
5815,cript,cript
5816,crispld1a,crispld1a
5817,crispld1b,crispld1b
5818,crispld2,crispld2
5819,crk,crk
5820,crkl,crkl
5821,crlf1a,crlf1a
5822,crlf3,crlf3
5823,crls1,crls1
5824,crmp1,crmp1
5825,crnkl1,crnkl1
5826,crocc2,crocc2
5827,crot,crot
5828,crp1,crp1
5829,crp2,crp2
5830,crp3,crp3
5831,crp6,crp6
5832,crp7,crp7
5833,crsp7,crsp7
5834,crtac1a,crtac1a
5835,crtap,crtap
5836,crtc1a,crtc1a
5837,crtc1b,crtc1b
5838,crtc2,crtc2
5839,crtc3,crtc3
5840,crx,crx
5841,cry-dash,cry-dash
5842,cry1aa,cry1aa
5843,cry1ab,cry1ab
5844,cry1ba,cry1ba
5845,cry1bb,cry1bb
5846,cry2,cry2
5847,cry4,cry4
5848,cry5,cry5
5849,cryabb,cryabb
5850,cryba1a,cryba1a
5851,cryba1b,cryba1b
5852,cryba1l1,cryba1l1
5853,cryba1l2,cryba1l2
5854,cryba2a,cryba2a
5855,cryba2b,cryba2b
5856,cryba4,cryba4
5857,crybb1,crybb1
5858,crybb1l1,crybb1l1
5859,crybb1l2,crybb1l2
5860,crybb1l3,crybb1l3
5861,crybb2,crybb2
5862,crybb3,crybb3
5863,crybg1a,crybg1a
5864,crybg1b,crybg1b
5865,crybgx,crybgx
5866,crygm2d1,crygm2d1
5867,crygm2d12,crygm2d12
5868,crygm2d14,crygm2d14
5869,crygm2d16,crygm2d16
5870,crygm2d18,crygm2d18
5871,crygm2d2,crygm2d2
5872,crygm2d20,crygm2d20
5873,crygm2d3,crygm2d3
5874,crygm2d6,crygm2d6
5875,crygm2d8,crygm2d8
5876,crygm2f,crygm2f
5877,crygm3,crygm3
5878,crygm4,crygm4
5879,crygm5,crygm5
5880,crygm6,crygm6
5882,crygmx,crygmx
5883,crygmxl1,crygmxl1
5884,crygmxl2,crygmxl2
5885,crygn1,crygn1
5886,crygn2,crygn2
5887,crygs1,crygs1
5888,crygs2,crygs2
5889,crygs3,crygs3
5890,crygs4,crygs4
5891,cryl1,cryl1
5892,crym,crym
5893,cryz,cryz
5894,cryzl1,cryzl1
5895,cs,cs
5896,csad,csad
5897,CSDC2,CSDC2
5898,csdc2a,csdc2a
5899,csde1,csde1
5900,cse1l,cse1l
5901,csf1a,csf1a
5902,csf1ra,csf1ra
5903,csf1rb,csf1rb
5904,csf2rb,csf2rb
5905,csf3a,csf3a
5906,csf3b,csf3b
5907,csf3r,csf3r
5908,csgalnact1a,csgalnact1a
5909,csgalnact1b,csgalnact1b
5910,csgalnact2,csgalnact2
5911,csk,csk
5912,cskl,cskl
5913,CSKMT,CSKMT
5914,csmd1a,csmd1a
5915,csmd2,csmd2
5916,CSMD3,CSMD3
5917,csnk1a1,csnk1a1
5918,csnk1da,csnk1da
5919,csnk1db,csnk1db
5920,csnk1e,csnk1e
5921,csnk1g1,csnk1g1
5922,csnk1g2a,csnk1g2a
5923,csnk1g2b,csnk1g2b
5924,csnk2a1,csnk2a1
5925,csnk2a2a,csnk2a2a
5926,csnk2a2b,csnk2a2b
5927,csnk2a4,csnk2a4
5928,csnk2b,csnk2b
5929,cspg4,cspg4
5930,cspg5a,cspg5a
5931,cspg5b,cspg5b
5932,cspp1a,cspp1a
5933,cspp1b,cspp1b
5934,csrnp1a,csrnp1a
5935,csrnp1b,csrnp1b
5936,csrnp2,csrnp2
5937,CSRNP3,CSRNP3
5938,csrp1a,csrp1a
5939,csrp3,csrp3
5940,cst14a.1,cst14a.1
5941,cst14a.2,cst14a.2
5942,cst14b.1,cst14b.1
5943,cst14b.2,cst14b.2
5944,cst3,cst3
5945,cstf1,cstf1
5946,cstf2,cstf2
5947,cstf3,cstf3
5948,CT009487.2,CT009487.2
5949,CT009596.1,CT009596.1
5950,CT009597.1,CT009597.1
5951,CT009620.1,CT009620.1
5952,CT009714.1,CT009714.1
5953,CT009745.1,CT009745.1
5954,CT025585.1,CT025585.1
5955,CT025588.1,CT025588.1
5956,CT025588.2,CT025588.2
5957,CT025651.1,CT025651.1
5958,CT025669.1,CT025669.1
5959,CT025690.1,CT025690.1
5960,CT025742.1,CT025742.1
5961,CT025745.1,CT025745.1
5962,CT025748.1,CT025748.1
5963,CT025771.1,CT025771.1
5964,CT025776.1,CT025776.1
5965,CT025776.2,CT025776.2
5966,CT025854.1,CT025854.1
5967,CT025875.1,CT025875.1
5968,CT025897.1,CT025897.1
5969,CT025909.1,CT025909.1
5970,CT025909.2,CT025909.2
5971,CT025912.1,CT025912.1
5972,CT025913.1,CT025913.1
5973,CT027551.1,CT027551.1
5974,CT027582.1,CT027582.1
5975,CT027582.2,CT027582.2
5976,CT027583.1,CT027583.1
5977,CT027583.2,CT027583.2
5978,CT027609.1,CT027609.1
5979,CT027611.1,CT027611.1
5980,CT027623.1,CT027623.1
5981,CT027631.1,CT027631.1
5982,CT027674.1,CT027674.1
5983,CT027702.1,CT027702.1
5984,CT027704.1,CT027704.1
5985,CT027744.2,CT027744.2
5986,CT027756.3,CT027756.3
5987,CT027801.1,CT027801.1
5988,CT027801.2,CT027801.2
5989,CT027815.1,CT027815.1
5990,CT027825.1,CT027825.1
5991,CT027980.1,CT027980.1
5992,CT027989.1,CT027989.1
5993,CT030005.2,CT030005.2
5994,CT030017.2,CT030017.2
5995,CT030129.1,CT030129.1
5996,CT030144.1,CT030144.1
5997,CT030153.1,CT030153.1
5998,CT030188.1,CT030188.1
5999,CT030712.1,CT030712.1
6000,CT033796.1,CT033796.1
6001,CT033825.1,CT033825.1
6002,CT033842.1,CT033842.1
6003,CT476811.1,CT476811.1
6004,CT573003.1,CT573003.1
6005,CT573006.1,CT573006.1
6006,CT573048.1,CT573048.1
6007,CT573103.1,CT573103.1
6008,CT573103.2,CT573103.2
6009,CT573133.1,CT573133.1
6010,CT573133.2,CT573133.2
6011,CT573139.1,CT573139.1
6012,CT573139.2,CT573139.2
6013,CT573148.1,CT573148.1
6014,CT573157.1,CT573157.1
6015,CT573163.1,CT573163.1
6016,CT573178.1,CT573178.1
6017,CT573204.1,CT573204.1
6018,CT573231.1,CT573231.1
6019,CT573234.1,CT573234.1
6020,CT573239.1,CT573239.1
6021,CT573245.1,CT573245.1
6022,CT573248.1,CT573248.1
6023,CT573256.1,CT573256.1
6024,CT573263.1,CT573263.1
6025,CT573279.1,CT573279.1
6027,CT573316.1,CT573316.1
6028,CT573316.2,CT573316.2
6029,CT573342.1,CT573342.1
6030,CT573342.2,CT573342.2
6031,CT573344.1,CT573344.1
6032,CT573366.1,CT573366.1
6033,CT573383.1,CT573383.1
6034,CT573392.1,CT573392.1
6035,CT573408.1,CT573408.1
6036,CT573429.1,CT573429.1
6037,CT573429.2,CT573429.2
6038,CT573433.1,CT573433.1
6039,CT573467.1,CT573467.1
6040,CT573476.1,CT573476.1
6041,CT573484.1,CT573484.1
6042,CT573787.1,CT573787.1
6043,CT573793.1,CT573793.1
6044,CT573793.2,CT573793.2
6045,CT573793.3,CT573793.3
6046,CT573799.2,CT573799.2
6047,CT573817.1,CT573817.1
6048,CT574585.1,CT574585.1
6049,CT574585.2,CT574585.2
6050,CT583625.5,CT583625.5
6051,CT583642.1,CT583642.1
6053,CT583646.1,CT583646.1
6054,CT583646.2,CT583646.2
6055,CT583650.1,CT583650.1
6056,CT583651.1,CT583651.1
6057,CT583651.2,CT583651.2
6058,CT583672.1,CT583672.1
6059,CT583687.1,CT583687.1
6060,CT583690.1,CT583690.1
6061,CT583708.1,CT583708.1
6062,CT583723.2,CT583723.2
6063,CT583726.2,CT583726.2
6064,CT583727.1,CT583727.1
6065,CT583728.12,CT583728.12
6066,CT583728.14,CT583728.14
6067,CT583728.23,CT583728.23
6068,CT583728.4,CT583728.4
6069,CT737123.1,CT737123.1
6070,CT737127.1,CT737127.1
6071,CT737129.1,CT737129.1
6072,CT737162.1,CT737162.1
6073,CT737184.1,CT737184.1
6074,CT737190.1,CT737190.1
6075,CT737190.2,CT737190.2
6076,CT737196.1,CT737196.1
6077,CT737210.1,CT737210.1
6078,CT867948.1,CT867948.1
6079,CT867973.2,CT867973.2
6080,CT868708.1,CT868708.1
6081,CT954240.1,CT954240.1
6082,CT955963.1,CT955963.1
6083,CT955967.1,CT955967.1
6084,CT955996.1,CT955996.1
6085,CT956002.2,CT956002.2
6086,CT956055.1,CT956055.1
6087,CT956093.1,CT956093.1
6088,CT978957.2,CT978957.2
6089,CT990561.1,CT990561.1
6090,CT990561.2,CT990561.2
6091,CT990567.1,CT990567.1
6092,CT990567.2,CT990567.2
6093,CT990618.1,CT990618.1
6094,CT990625.1,CT990625.1
6095,CT997819.1,CT997819.1
6096,CT997819.2,CT997819.2
6097,CT997819.3,CT997819.3
6098,CT998556.1,CT998556.1
6099,ctbp1,ctbp1
6100,ctbp2a,ctbp2a
6101,ctbs,ctbs
6102,ctc1,ctc1
6103,ctcf,ctcf
6104,ctdnep1a,ctdnep1a
6105,ctdnep1b,ctdnep1b
6106,ctdp1,ctdp1
6107,ctdsp1,ctdsp1
6108,ctdsp2,ctdsp2
6109,ctdspl2a,ctdspl2a
6110,ctdspl2b,ctdspl2b
6111,ctdspl3,ctdspl3
6112,ctdspla,ctdspla
6113,ctdsplb,ctdsplb
6114,ctgfa,ctgfa
6115,ctgfb,ctgfb
6116,cth,cth
6117,cth1,cth1
6118,cthl,cthl
6119,cthrc1a,cthrc1a
6120,cthrc1b,cthrc1b
6121,ctif,ctif
6122,ctnna1,ctnna1
6123,ctnna2,ctnna2
6124,ctnnal1,ctnnal1
6125,ctnnb1,ctnnb1
6126,ctnnbip1,ctnnbip1
6127,ctnnbl1,ctnnbl1
6128,ctnnd1,ctnnd1
6129,ctnnd2b,ctnnd2b
6130,ctns,ctns
6131,ctps1a,ctps1a
6132,ctps1b,ctps1b
6133,ctr9,ctr9
6134,ctrb1,ctrb1
6135,ctrl,ctrl
6136,cts12,cts12
6137,ctsa,ctsa
6138,ctsba,ctsba
6139,ctsbb,ctsbb
6140,ctsc,ctsc
6141,ctsd,ctsd
6142,ctsf,ctsf
6143,ctsh,ctsh
6144,ctsk,ctsk
6145,ctsl.1,ctsl.1
6146,ctsla,ctsla
6147,ctslb,ctslb
6148,ctsll,ctsll
6149,ctso,ctso
6150,ctss1,ctss1
6151,ctss2.1,ctss2.1
6152,ctss2.2,ctss2.2
6153,ctsz,ctsz
6154,cttn,cttn
6155,cttnbp2,cttnbp2
6156,cttnbp2nla,cttnbp2nla
6157,cttnbp2nlb,cttnbp2nlb
6158,ctu1,ctu1
6159,ctu2,ctu2
6160,ctxn2,ctxn2
6161,ctxn3,ctxn3
6162,CU013526.1,CU013526.1
6163,CU019562.2,CU019562.2
6164,CU019562.3,CU019562.3
6165,CU019624.1,CU019624.1
6166,CU019646.1,CU019646.1
6167,CU019647.1,CU019647.1
6168,CU019662.1,CU019662.1
6169,CU019663.1,CU019663.1
6170,CU024870.1,CU024870.1
6172,CU041319.1,CU041319.1
6173,CU041319.2,CU041319.2
6174,CU041363.1,CU041363.1
6175,CU062454.1,CU062454.1
6176,CU062487.1,CU062487.1
6177,CU062501.1,CU062501.1
6178,CU062501.2,CU062501.2
6179,CU062628.1,CU062628.1
6180,CU062632.1,CU062632.1
6181,CU062633.1,CU062633.1
6182,CU062645.1,CU062645.1
6183,CU074310.1,CU074310.1
6184,CU074419.1,CU074419.1
6185,CU074419.2,CU074419.2
6186,CU074421.1,CU074421.1
6187,CU075735.1,CU075735.1
6188,CU075735.2,CU075735.2
6189,CU076099.1,CU076099.1
6190,CU104709.1,CU104709.1
6191,CU104743.1,CU104743.1
6192,CU104777.1,CU104777.1
6193,CU104782.1,CU104782.1
6194,CU137645.1,CU137645.1
6195,CU137648.2,CU137648.2
6196,CU137680.1,CU137680.1
6197,CU137680.2,CU137680.2
6198,CU137681.3,CU137681.3
6199,CU138509.1,CU138509.1
6200,CU138515.1,CU138515.1
6201,CU138533.2,CU138533.2
6202,CU138542.1,CU138542.1
6203,CU138542.2,CU138542.2
6204,CU138548.5,CU138548.5
6205,CU138553.1,CU138553.1
6206,CU151886.1,CU151886.1
6207,CU179643.1,CU179643.1
6208,CU179656.1,CU179656.1
6209,CU179656.2,CU179656.2
6210,CU179702.2,CU179702.2
6211,CU179756.1,CU179756.1
6212,CU179757.1,CU179757.1
6213,CU179758.1,CU179758.1
6214,CU179759.1,CU179759.1
6215,CU179759.2,CU179759.2
6216,CU182107.1,CU182107.1
6217,CU182107.2,CU182107.2
6218,CU182823.1,CU182823.1
6219,CU182823.2,CU182823.2
6220,CU182823.3,CU182823.3
6221,CU182823.4,CU182823.4
6222,CU207217.1,CU207217.1
6223,CU207221.1,CU207221.1
6224,CU207221.2,CU207221.2
6225,CU207241.1,CU207241.1
6226,CU207245.1,CU207245.1
6227,CU207275.1,CU207275.1
6228,CU207281.1,CU207281.1
6229,CU207281.2,CU207281.2
6230,CU207281.3,CU207281.3
6231,CU207301.1,CU207301.1
6232,CU207301.2,CU207301.2
6233,CU207301.3,CU207301.3
6234,CU207343.1,CU207343.1
6235,CU207354.1,CU207354.1
6236,CU210890.1,CU210890.1
6237,CU210919.1,CU210919.1
6238,CU234171.1,CU234171.1
6239,CU278559.1,CU278559.1
6240,CU280645.1,CU280645.1
6241,CU302200.1,CU302200.1
6242,CU302316.1,CU302316.1
6243,CU302321.1,CU302321.1
6244,CU306817.1,CU306817.1
6245,CU326349.1,CU326349.1
6246,CU326366.2,CU326366.2
6248,CU457778.1,CU457778.1
6249,CU457778.2,CU457778.2
6250,CU457778.3,CU457778.3
6251,CU457819.1,CU457819.1
6252,CU457819.2,CU457819.2
6253,CU457819.3,CU457819.3
6254,CU457819.4,CU457819.4
6256,CU459012.1,CU459012.1
6257,CU459012.3,CU459012.3
6258,CU459056.1,CU459056.1
6259,CU459056.2,CU459056.2
6260,CU459065.1,CU459065.1
6261,CU459089.1,CU459089.1
6262,CU459093.1,CU459093.1
6263,CU459094.2,CU459094.2
6264,CU459094.3,CU459094.3
6265,CU459145.1,CU459145.1
6266,CU459155.1,CU459155.1
6267,CU459174.1,CU459174.1
6268,CU459186.1,CU459186.1
6269,CU459186.2,CU459186.2
6270,CU459186.3,CU459186.3
6272,CU459210.1,CU459210.1
6273,CU462871.1,CU462871.1
6274,CU462878.1,CU462878.1
6275,CU462914.1,CU462914.1
6276,CU462915.1,CU462915.1
6277,CU462980.1,CU462980.1
6278,CU463033.1,CU463033.1
6279,CU463038.2,CU463038.2
6280,CU463109.1,CU463109.1
6281,CU463284.1,CU463284.1
6282,CU463284.2,CU463284.2
6283,CU464087.1,CU464087.1
6284,CU464118.1,CU464118.1
6285,CU464124.1,CU464124.1
6286,CU464134.1,CU464134.1
6287,CU464134.2,CU464134.2
6288,CU464180.1,CU464180.1
6289,CU466278.1,CU466278.1
6290,CU466285.1,CU466285.1
6291,CU466285.2,CU466285.2
6292,CU466287.1,CU466287.1
6293,CU466287.2,CU466287.2
6294,CU467042.1,CU467042.1
6295,CU467043.1,CU467043.1
6296,CU467110.1,CU467110.1
6297,CU467639.1,CU467639.1
6298,CU467646.2,CU467646.2
6299,CU467646.4,CU467646.4
6301,CU467646.6,CU467646.6
6302,CU467646.7,CU467646.7
6303,CU467655.2,CU467655.2
6304,CU467822.1,CU467822.1
6305,CU467822.2,CU467822.2
6306,CU467823.1,CU467823.1
6307,CU467837.1,CU467837.1
6308,CU467856.1,CU467856.1
6309,CU467856.3,CU467856.3
6310,CU467861.1,CU467861.1
6311,CU467880.1,CU467880.1
6312,CU467963.1,CU467963.1
6313,CU468002.1,CU468002.1
6315,CU468041.2,CU468041.2
6316,CU468164.1,CU468164.1
6317,CU468723.1,CU468723.1
6318,CU468723.2,CU468723.2
6319,CU468730.1,CU468730.1
6320,CU468826.1,CU468826.1
6321,CU468896.1,CU468896.1
6322,CU468917.1,CU468917.1
6323,CU468920.1,CU468920.1
6324,CU469104.1,CU469104.1
6325,CU469362.1,CU469362.1
6326,CU469420.2,CU469420.2
6327,CU469420.3,CU469420.3
6328,CU469493.1,CU469493.1
6329,CU469524.2,CU469524.2
6330,CU469526.1,CU469526.1
6331,CU469530.1,CU469530.1
6332,CU469530.2,CU469530.2
6334,CU469539.1,CU469539.1
6335,CU469541.1,CU469541.1
6336,CU469568.1,CU469568.1
6337,CU469568.3,CU469568.3
6338,CU469568.4,CU469568.4
6339,CU469577.1,CU469577.1
6340,CU469584.1,CU469584.1
6341,CU499311.1,CU499311.1
6342,CU499330.1,CU499330.1
6344,CU550702.1,CU550702.1
6345,CU550719.1,CU550719.1
6346,CU570682.1,CU570682.1
6347,CU570689.1,CU570689.1
6348,CU570689.2,CU570689.2
6349,CU570769.1,CU570769.1
6350,CU570769.3,CU570769.3
6351,CU570781.1,CU570781.1
6352,CU570781.3,CU570781.3
6353,CU570787.1,CU570787.1
6355,CU570881.2,CU570881.2
6356,CU570893.1,CU570893.1
6357,CU570894.1,CU570894.1
6358,CU570894.2,CU570894.2
6359,CU571061.1,CU571061.1
6360,CU571064.1,CU571064.1
6361,CU571069.1,CU571069.1
6362,CU571074.1,CU571074.1
6363,CU571079.1,CU571079.1
6364,CU571091.1,CU571091.1
6365,CU571161.1,CU571161.1
6366,CU571163.1,CU571163.1
6367,CU571169.1,CU571169.1
6368,CU571179.1,CU571179.1
6369,CU571254.1,CU571254.1
6370,CU571315.1,CU571315.1
6371,CU571315.2,CU571315.2
6372,CU571315.3,CU571315.3
6373,CU571318.1,CU571318.1
6374,CU571319.1,CU571319.1
6375,CU571319.2,CU571319.2
6376,CU571324.1,CU571324.1
6377,CU571336.1,CU571336.1
6378,CU571384.1,CU571384.1
6379,CU595864.1,CU595864.1
6380,CU627988.1,CU627988.1
6381,CU628002.1,CU628002.1
6382,CU633478.1,CU633478.1
6383,CU633479.5,CU633479.5
6384,CU633479.6,CU633479.6
6385,CU633745.1,CU633745.1
6386,CU633804.1,CU633804.1
6387,CU633823.1,CU633823.1
6388,CU633857.1,CU633857.1
6389,CU633933.1,CU633933.1
6390,CU633978.1,CU633978.1
6391,CU633984.1,CU633984.1
6392,CU633991.2,CU633991.2
6393,CU633999.1,CU633999.1
6394,CU633999.2,CU633999.2
6395,CU638702.1,CU638702.1
6396,CU638870.1,CU638870.1
6397,CU639397.1,CU639397.1
6398,CU639412.1,CU639412.1
6399,CU639436.1,CU639436.1
6400,CU639468.1,CU639468.1
6401,CU639469.1,CU639469.1
6402,CU640433.1,CU640433.1
6403,CU651657.1,CU651657.1
6404,CU651668.1,CU651668.1
6405,CU651669.1,CU651669.1
6406,CU652893.1,CU652893.1
6407,CU655842.1,CU655842.1
6408,CU655844.1,CU655844.1
6409,CU655845.1,CU655845.1
6410,CU655961.1,CU655961.1
6411,CU655961.2,CU655961.2
6412,CU655961.3,CU655961.3
6413,CU655961.4,CU655961.4
6414,CU657976.1,CU657976.1
6415,CU657977.1,CU657977.1
6416,CU657980.1,CU657980.1
6417,CU658285.1,CU658285.1
6418,CU659670.1,CU659670.1
6419,CU660013.2,CU660013.2
6420,CU672227.1,CU672227.1
6421,CU672228.1,CU672228.1
6422,CU672266.1,CU672266.1
6423,CU681836.1,CU681836.1
6424,CU681836.2,CU681836.2
6425,CU681841.1,CU681841.1
6426,CU681842.1,CU681842.1
6427,CU681845.1,CU681845.1
6428,CU681855.1,CU681855.1
6429,CU682604.1,CU682604.1
6430,CU682640.1,CU682640.1
6431,CU682777.1,CU682777.1
6432,CU682777.2,CU682777.2
6433,CU682811.1,CU682811.1
6434,CU682811.2,CU682811.2
6435,CU683879.1,CU683879.1
6436,CU683879.2,CU683879.2
6437,CU693368.1,CU693368.1
6438,CU693379.1,CU693379.1
6439,CU693446.1,CU693446.1
6440,CU693471.1,CU693471.1
6441,CU693481.1,CU693481.1
6442,CU693484.1,CU693484.1
6443,CU693494.2,CU693494.2
6444,CU693502.1,CU693502.1
6445,CU694197.1,CU694197.1
6446,CU694197.2,CU694197.2
6447,CU694255.2,CU694255.2
6448,CU694256.1,CU694256.1
6449,CU694264.1,CU694264.1
6450,CU694317.1,CU694317.1
6451,CU694380.1,CU694380.1
6452,CU694380.2,CU694380.2
6453,CU694481.1,CU694481.1
6454,CU694486.1,CU694486.1
6455,CU694525.1,CU694525.1
6456,CU694532.1,CU694532.1
6457,CU694807.1,CU694807.1
6458,CU694808.1,CU694808.1
6459,CU694952.1,CU694952.1
6460,CU695011.1,CU695011.1
6461,CU695117.1,CU695117.1
6463,CU695215.2,CU695215.2
6464,CU695223.1,CU695223.1
6465,CU695232.1,CU695232.1
6466,CU855685.1,CU855685.1
6467,CU855688.2,CU855688.2
6468,CU855694.1,CU855694.1
6469,CU855758.1,CU855758.1
6470,CU855758.2,CU855758.2
6471,CU855799.1,CU855799.1
6472,CU855801.1,CU855801.1
6473,CU855821.1,CU855821.1
6474,CU855854.1,CU855854.1
6475,CU855878.1,CU855878.1
6476,CU855889.1,CU855889.1
6477,CU855889.2,CU855889.2
6478,CU855895.2,CU855895.2
6479,CU855900.1,CU855900.1
6480,CU855906.1,CU855906.1
6481,CU855930.1,CU855930.1
6482,CU855936.1,CU855936.1
6483,CU855948.1,CU855948.1
6484,CU856222.1,CU856222.1
6485,CU856343.1,CU856343.1
6486,CU856344.2,CU856344.2
6487,CU856358.1,CU856358.1
6488,CU856423.1,CU856423.1
6489,CU856516.1,CU856516.1
6490,CU856520.1,CU856520.1
6491,CU856539.1,CU856539.1
6492,CU856539.2,CU856539.2
6493,CU856621.2,CU856621.2
6494,CU856622.1,CU856622.1
6495,CU861453.1,CU861453.1
6496,CU861459.1,CU861459.1
6497,CU861477.1,CU861477.1
6498,CU861667.1,CU861667.1
6499,CU862015.1,CU862015.1
6500,CU862078.1,CU862078.1
6501,CU896541.1,CU896541.1
6502,CU896641.1,CU896641.1
6503,CU896647.1,CU896647.1
6504,CU896691.1,CU896691.1
6505,CU896691.2,CU896691.2
6506,CU896691.3,CU896691.3
6507,CU914157.1,CU914157.1
6508,CU914164.1,CU914164.1
6509,CU914487.1,CU914487.1
6510,CU914550.1,CU914550.1
6511,CU914602.1,CU914602.1
6512,CU914622.1,CU914622.1
6513,CU914622.2,CU914622.2
6514,CU914760.1,CU914760.1
6515,CU914776.2,CU914776.2
6518,CU915256.2,CU915256.2
6519,CU915778.1,CU915778.1
6520,CU915818.1,CU915818.1
6521,CU915827.1,CU915827.1
6522,CU927887.1,CU927887.1
6523,CU927890.1,CU927890.1
6524,CU927920.1,CU927920.1
6525,CU927934.1,CU927934.1
6526,CU927934.3,CU927934.3
6527,CU928071.1,CU928071.1
6528,CU928073.1,CU928073.1
6529,CU928083.1,CU928083.1
6530,CU928129.1,CU928129.1
6531,CU928131.1,CU928131.1
6533,CU928222.3,CU928222.3
6534,CU929037.1,CU929037.1
6535,CU929037.2,CU929037.2
6536,CU929054.1,CU929054.1
6537,CU929070.1,CU929070.1
6538,CU929073.1,CU929073.1
6539,CU929079.1,CU929079.1
6540,CU929119.1,CU929119.1
6541,CU929143.1,CU929143.1
6542,CU929144.1,CU929144.1
6543,CU929145.3,CU929145.3
6544,CU929146.1,CU929146.1
6545,CU929149.1,CU929149.1
6546,CU929150.1,CU929150.1
6547,CU929150.2,CU929150.2
6548,CU929160.1,CU929160.1
6549,CU929178.1,CU929178.1
6550,CU929199.1,CU929199.1
6551,CU929203.1,CU929203.1
6552,CU929203.2,CU929203.2
6553,CU929206.2,CU929206.2
6554,CU929230.1,CU929230.1
6555,CU929237.1,CU929237.1
6556,CU929240.1,CU929240.1
6557,CU929259.1,CU929259.1
6558,CU929294.1,CU929294.1
6559,CU929294.2,CU929294.2
6560,CU929307.1,CU929307.1
6561,CU929322.1,CU929322.1
6562,CU929339.1,CU929339.1
6563,CU929339.2,CU929339.2
6564,CU929346.1,CU929346.1
6565,CU929359.1,CU929359.1
6566,CU929391.1,CU929391.1
6567,CU929391.2,CU929391.2
6568,CU929402.1,CU929402.1
6569,CU929402.2,CU929402.2
6570,CU929403.2,CU929403.2
6571,CU929416.1,CU929416.1
6572,CU929418.1,CU929418.1
6573,CU929418.2,CU929418.2
6574,CU929426.1,CU929426.1
6575,CU929444.1,CU929444.1
6576,CU929451.1,CU929451.1
6577,CU929451.2,CU929451.2
6578,CU929544.1,CU929544.1
6580,CU972454.1,CU972454.1
6581,CU972454.2,CU972454.2
6582,CU972454.3,CU972454.3
6583,CU972454.4,CU972454.4
6584,CU972454.5,CU972454.5
6585,CU972512.1,CU972512.1
6586,CU972516.1,CU972516.1
6587,CU984579.1,CU984579.1
6588,CU984600.1,CU984600.1
6589,CU984600.2,CU984600.2
6590,CU984600.3,CU984600.3
6591,CU986305.1,CU986305.1
6592,cubn,cubn
6593,cuedc1a,cuedc1a
6594,cuedc1b,cuedc1b
6595,cuedc2,cuedc2
6596,cul1a,cul1a
6597,cul1b,cul1b
6598,cul2,cul2
6599,cul3a,cul3a
6600,cul3b,cul3b
6601,cul4a,cul4a
6602,cul4b,cul4b
6603,cul5a,cul5a
6604,cul5b,cul5b
6605,cutc,cutc
6606,cux1b,cux1b
6607,cux2b,cux2b
6608,cuzd1.1,cuzd1.1
6609,cuzd1.2,cuzd1.2
6610,cwc15,cwc15
6611,cwc22,cwc22
6612,cwc25,cwc25
6613,cwc27,cwc27
6614,cwf19l1,cwf19l1
6615,cwf19l2,cwf19l2
6616,cx23,cx23
6617,cx27.5,cx27.5
6618,cx28.1,cx28.1
6619,cx28.6,cx28.6
6620,cx28.8,cx28.8
6621,cx30.3,cx30.3
6622,cx32.2,cx32.2
6623,cx32.3,cx32.3
6624,cx34.4,cx34.4
6625,cx34.5,cx34.5
6626,cx35.4,cx35.4
6627,cx39.4,cx39.4
6628,cx39.9,cx39.9
6629,cx43,cx43
6630,cx43.4,cx43.4
6631,cx44.2,cx44.2
6632,cx47.1,cx47.1
6633,cx52.6,cx52.6
6634,cx52.9,cx52.9
6635,cx55.5,cx55.5
6636,cxadr,cxadr
6637,cxcl11.1,cxcl11.1
6638,cxcl11.5,cxcl11.5
6639,cxcl11.6,cxcl11.6
6640,cxcl11.7,cxcl11.7
6642,cxcl12a,cxcl12a
6643,cxcl12b,cxcl12b
6644,cxcl14,cxcl14
6645,cxcl18b,cxcl18b
6646,cxcl20,cxcl20
6647,cxcl8b.1,cxcl8b.1
6648,cxcl8b.3,cxcl8b.3
6649,cxcr1,cxcr1
6650,cxcr2,cxcr2
6651,cxcr3.1,cxcr3.1
6652,cxcr3.2,cxcr3.2
6653,cxcr3.3,cxcr3.3
6654,cxcr4a,cxcr4a
6655,cxcr4b,cxcr4b
6656,cxl34b.11,cxl34b.11
6657,cxxc1a,cxxc1a
6658,cxxc1b,cxxc1b
6659,cxxc4,cxxc4
6660,cxxc5a,cxxc5a
6661,cxxc5b,cxxc5b
6662,cyb561,cyb561
6663,cyb561a3a,cyb561a3a
6664,cyb561a3b,cyb561a3b
6665,cyb561d1,cyb561d1
6666,cyb561d2,cyb561d2
6667,cyb5a,cyb5a
6668,cyb5b,cyb5b
6669,cyb5d1,cyb5d1
6670,cyb5r1,cyb5r1
6671,cyb5r2,cyb5r2
6672,cyb5r3,cyb5r3
6673,cyb5r4,cyb5r4
6674,cyba,cyba
6675,cybb,cybb
6676,cybc1,cybc1
6677,cybrd1,cybrd1
6678,cyc1,cyc1
6679,cycsb,cycsb
6680,cyfip1,cyfip1
6681,cyfip2,cyfip2
6682,cygb1,cygb1
6683,cygb2,cygb2
6684,cyhr1,cyhr1
6685,cylda,cylda
6686,cyldb,cyldb
6687,cyldl,cyldl
6688,cyp11a1,cyp11a1
6689,cyp11a2,cyp11a2
6690,cyp11c1,cyp11c1
6691,cyp17a1,cyp17a1
6692,cyp17a2,cyp17a2
6693,cyp19a1a,cyp19a1a
6694,cyp19a1b,cyp19a1b
6695,cyp1a,cyp1a
6696,cyp1b1,cyp1b1
6697,cyp1c1,cyp1c1
6698,cyp1c2,cyp1c2
6699,cyp1d1,cyp1d1
6700,cyp20a1,cyp20a1
6701,cyp21a2,cyp21a2
6702,cyp24a1,cyp24a1
6703,cyp26a1,cyp26a1
6704,cyp26b1,cyp26b1
6705,cyp26c1,cyp26c1
6706,cyp27a1.2,cyp27a1.2
6707,cyp27a1.4,cyp27a1.4
6708,cyp27a7,cyp27a7
6709,cyp27b1,cyp27b1
6710,cyp27c1,cyp27c1
6711,cyp2aa1,cyp2aa1
6712,cyp2aa12,cyp2aa12
6713,cyp2aa2,cyp2aa2
6714,cyp2aa3,cyp2aa3
6715,cyp2aa4,cyp2aa4
6716,cyp2aa6,cyp2aa6
6717,cyp2aa7,cyp2aa7
6718,cyp2aa8,cyp2aa8
6719,cyp2aa9,cyp2aa9
6720,cyp2ad2,cyp2ad2
6721,cyp2ad3,cyp2ad3
6722,cyp2ad6,cyp2ad6
6723,cyp2ae1,cyp2ae1
6724,cyp2j20,cyp2j20
6725,cyp2k16,cyp2k16
6726,cyp2k17,cyp2k17
6727,cyp2k18,cyp2k18
6728,cyp2k19,cyp2k19
6729,cyp2k21,cyp2k21
6730,cyp2k22,cyp2k22
6731,cyp2k31,cyp2k31
6732,cyp2k8,cyp2k8
6733,cyp2p10,cyp2p10
6734,cyp2p6,cyp2p6
6735,cyp2p7,cyp2p7
6736,cyp2p8,cyp2p8
6737,cyp2p9,cyp2p9
6738,cyp2r1,cyp2r1
6739,cyp2u1,cyp2u1
6740,cyp2v1,cyp2v1
6741,cyp2x10.2,cyp2x10.2
6742,cyp2x12,cyp2x12
6743,cyp2x6,cyp2x6
6744,cyp2x7,cyp2x7
6745,cyp2x8,cyp2x8
6746,cyp2x9,cyp2x9
6747,cyp2y3,cyp2y3
6748,cyp39a1,cyp39a1
6749,cyp3a65,cyp3a65
6750,cyp3c1,cyp3c1
6751,cyp3c3,cyp3c3
6752,cyp3c4,cyp3c4
6753,cyp46a1.1,cyp46a1.1
6754,cyp46a1.3,cyp46a1.3
6755,cyp46a1.4,cyp46a1.4
6756,cyp4t8,cyp4t8
6757,cyp4v8,cyp4v8
6758,cyp51,cyp51
6759,cyp7a1,cyp7a1
6760,cyp7b1,cyp7b1
6761,cyp8b1,cyp8b1
6762,cyp8b2,cyp8b2
6763,cyp8b3,cyp8b3
6764,cyr61,cyr61
6765,cyr61l1,cyr61l1
6766,cyr61l2,cyr61l2
6767,cysltr1,cysltr1
6768,cysltr2a,cysltr2a
6769,cysltr2b,cysltr2b
6770,cysltr3,cysltr3
6771,cyt1,cyt1
6772,cyt1l,cyt1l
6773,cyth1a,cyth1a
6774,cyth1b,cyth1b
6775,CYTH2,CYTH2
6776,cyth3a,cyth3a
6777,cyth3b,cyth3b
6778,cyth4a,cyth4a
6779,cyth4b,cyth4b
6780,CYTL1,CYTL1
6781,cyyr1,cyyr1
6782,CZQB01066256.1,CZQB01066256.1
6783,CZQB01137059.1,CZQB01137059.1
6784,CZQB01141835.1,CZQB01141835.1
6785,d2hgdh,d2hgdh
6786,daam1a,daam1a
6787,daam1b,daam1b
6788,daam2,daam2
6789,dab1a,dab1a
6790,dab1b,dab1b
6791,dab2,dab2
6792,dab2ipa,dab2ipa
6793,dab2ipb,dab2ipb
6794,dacha,dacha
6795,dachb,dachb
6796,dachc,dachc
6797,dact1,dact1
6798,dact2,dact2
6799,dact3a,dact3a
6800,dad1,dad1
6801,dag1,dag1
6802,dagla,dagla
6803,daglb,daglb
6804,dalrd3,dalrd3
6805,dand5,dand5
6806,dao.1,dao.1
6807,dao.3,dao.3
6808,dap,dap
6809,dap3,dap3
6810,dapk1,dapk1
6811,dapk2a,dapk2a
6812,dapk2b,dapk2b
6813,dapk3,dapk3
6814,dapp1,dapp1
6815,dars,dars
6816,dars2,dars2
6817,daw1,daw1
6818,daxx,daxx
6819,dazap1,dazap1
6820,dazap2,dazap2
6821,dazl,dazl
6822,dbf4,dbf4
6823,dbf4b,dbf4b
6824,dbh,dbh
6825,dbi,dbi
6826,dbn1,dbn1
6827,dbnla,dbnla
6828,dbnlb,dbnlb
6829,dbpa,dbpa
6830,dbpb,dbpb
6831,dbr1,dbr1
6832,dbt,dbt
6833,dbx1a,dbx1a
6834,dcaf11,dcaf11
6835,dcaf12,dcaf12
6836,dcaf13,dcaf13
6837,dcaf15,dcaf15
6838,dcaf17,dcaf17
6839,dcaf5,dcaf5
6840,dcaf6,dcaf6
6841,dcaf7,dcaf7
6842,dcaf8,dcaf8
6843,dcakd,dcakd
6844,dcbld1,dcbld1
6845,dcbld2,dcbld2
6846,dcc,dcc
6847,dcdc2b,dcdc2b
6848,dchs1a,dchs1a
6849,dchs1b,dchs1b
6850,dck,dck
6851,dclk1a,dclk1a
6852,dclk1b,dclk1b
6853,dclk2a,dclk2a
6854,dclk2b,dclk2b
6855,dclk3,dclk3
6856,dclre1a,dclre1a
6857,dclre1b,dclre1b
6858,dclre1c,dclre1c
6859,dcn,dcn
6860,dcp1a,dcp1a
6861,dcp1b,dcp1b
6862,dcp2,dcp2
6863,dcps,dcps
6864,dcst1,dcst1
6865,dcst2,dcst2
6866,dcstamp,dcstamp
6867,dctd,dctd
6868,dctn1a,dctn1a
6869,dctn1b,dctn1b
6870,dctn2,dctn2
6871,dctn3,dctn3
6872,dctn4,dctn4
6873,dctn5,dctn5
6874,dctpp1,dctpp1
6875,dcun1d1,dcun1d1
6876,dcun1d2a,dcun1d2a
6877,dcun1d2b,dcun1d2b
6878,dcun1d3,dcun1d3
6879,dcun1d4,dcun1d4
6880,dcun1d5,dcun1d5
6881,dcxr,dcxr
6882,dda1,dda1
6883,ddah1,ddah1
6884,ddah2,ddah2
6885,ddb1,ddb1
6886,ddb2,ddb2
6887,ddc,ddc
6888,ddhd1a,ddhd1a
6889,ddhd1b,ddhd1b
6890,ddhd2,ddhd2
6891,ddi2,ddi2
6892,ddias,ddias
6893,ddit3,ddit3
6894,ddit4,ddit4
6895,ddost,ddost
6896,ddr1,ddr1
6897,ddr2a,ddr2a
6898,ddr2b,ddr2b
6899,ddr2l,ddr2l
6900,ddt,ddt
6901,ddx1,ddx1
6902,ddx10,ddx10
6903,ddx11,ddx11
6904,DDX17,DDX17
6905,ddx18,ddx18
6906,ddx19,ddx19
6907,ddx20,ddx20
6908,ddx21,ddx21
6909,ddx23,ddx23
6910,ddx24,ddx24
6911,ddx27,ddx27
6912,ddx28,ddx28
6913,ddx31,ddx31
6914,ddx39aa,ddx39aa
6915,ddx39ab,ddx39ab
6916,ddx39b,ddx39b
6917,ddx3xa,ddx3xa
6918,ddx3xb,ddx3xb
6919,ddx4,ddx4
6920,ddx41,ddx41
6921,ddx42,ddx42
6922,ddx43,ddx43
6923,ddx46,ddx46
6924,ddx47,ddx47
6925,ddx49,ddx49
6926,ddx5,ddx5
6927,ddx51,ddx51
6928,ddx52,ddx52
6929,ddx54,ddx54
6930,ddx55,ddx55
6931,ddx56,ddx56
6932,ddx58,ddx58
6933,ddx59,ddx59
6934,ddx6,ddx6
6935,ddx61,ddx61
6936,deaf1,deaf1
6937,decr1,decr1
6938,decr2,decr2
6939,dedd,dedd
6940,dedd1,dedd1
6941,def6a,def6a
6942,def6b,def6b
6943,def6c,def6c
6944,def8,def8
6945,defbl1,defbl1
6946,defbl2,defbl2
6947,defbl3,defbl3
6948,degs1,degs1
6949,degs2,degs2
6950,dek,dek
6951,dele1,dele1
6952,dennd1a,dennd1a
6953,dennd1b,dennd1b
6954,dennd2c,dennd2c
6955,dennd2da,dennd2da
6956,dennd2db,dennd2db
6957,dennd3a,dennd3a
6958,dennd3b,dennd3b
6959,dennd4a,dennd4a
6960,dennd4b,dennd4b
6961,dennd4c,dennd4c
6962,dennd5a,dennd5a
6963,dennd5b,dennd5b
6964,dennd6aa,dennd6aa
6965,dennd6b,dennd6b
6966,denr,denr
6967,depdc1a,depdc1a
6968,depdc5,depdc5
6969,depdc7a,depdc7a
6970,depdc7b,depdc7b
6971,deptor,deptor
6972,dera,dera
6973,derl1,derl1
6974,derl3,derl3
6975,desi1a,desi1a
6976,desi1b,desi1b
6977,desi2,desi2
6978,desma,desma
6979,desmb,desmb
6980,det1,det1
6981,dexi,dexi
6982,dffa,dffa
6983,dffb,dffb
6984,dgat1a,dgat1a
6985,dgat1b,dgat1b
6986,dgat2,dgat2
6987,dgcr2,dgcr2
6988,dgcr6,dgcr6
6989,dgcr8,dgcr8
6990,dgkaa,dgkaa
6991,dgkab,dgkab
6992,DGKD,DGKD
6993,dgke,dgke
6994,dgkg,dgkg
6995,dgkh,dgkh
6996,DGKI,DGKI
6997,dgkq,dgkq
6998,dgkza,dgkza
6999,dgkzb,dgkzb
7000,dglucy,dglucy
7001,dguok,dguok
7002,dharma,dharma
7003,dhcr24,dhcr24
7004,dhcr7,dhcr7
7005,dhdds,dhdds
7006,DHDH,DHDH
7007,dhdhl,dhdhl
7008,dhfr,dhfr
7009,dhh,dhh
7010,dhodh,dhodh
7011,dhps,dhps
7012,dhrs1,dhrs1
7013,dhrs11a,dhrs11a
7014,dhrs11b,dhrs11b
7015,dhrs12,dhrs12
7016,dhrs13a.1,dhrs13a.1
7017,dhrs13a.2,dhrs13a.2
7018,dhrs13a.3,dhrs13a.3
7019,dhrs13b,dhrs13b
7020,dhrs13l1,dhrs13l1
7021,dhrs3a,dhrs3a
7022,dhrs3b,dhrs3b
7023,dhrs4,dhrs4
7024,dhrs7,dhrs7
7025,dhrs7b,dhrs7b
7026,dhrs7ca,dhrs7ca
7027,dhrs7cb,dhrs7cb
7028,dhrs9,dhrs9
7029,dhrsx,dhrsx
7030,dhtkd1,dhtkd1
7031,dhx15,dhx15
7032,dhx16,dhx16
7033,dhx29,dhx29
7034,dhx30,dhx30
7035,dhx32a,dhx32a
7036,dhx32b,dhx32b
7037,dhx33,dhx33
7038,dhx34,dhx34
7039,DHX35,DHX35
7040,dhx36,dhx36
7041,dhx37,dhx37
7042,dhx38,dhx38
7043,dhx57,dhx57
7044,dhx58,dhx58
7045,dhx8,dhx8
7046,dhx9,dhx9
7047,dia1a,dia1a
7048,dia1b,dia1b
7049,diabloa,diabloa
7050,diablob,diablob
7051,diaph2,diaph2
7052,diaph3,diaph3
7053,dicer1,dicer1
7054,dicp1.16,dicp1.16
7055,dicp1.17,dicp1.17
7056,dicp1.19,dicp1.19
7057,dicp1.5-6,dicp1.5-6
7058,dicp1.7,dicp1.7
7059,dicp3.1,dicp3.1
7060,dido1,dido1
7061,dimt1l,dimt1l
7062,dio1,dio1
7063,dio2,dio2
7064,dio3a,dio3a
7065,dip2a,dip2a
7066,dip2ba,dip2ba
7067,dip2bb,dip2bb
7068,dip2ca,dip2ca
7069,dip2cb,dip2cb
7070,DIPK2B,DIPK2B
7071,diras1a,diras1a
7072,diras1b,diras1b
7073,diras2,diras2
7074,dirc2,dirc2
7075,dis3,dis3
7076,dis3l,dis3l
7077,dis3l2,dis3l2
7078,disc1,disc1
7079,disp1,disp1
7080,DISP3,DISP3
7081,dixdc1a,dixdc1a
7082,dixdc1b,dixdc1b
7083,dkc1,dkc1
7084,dkk1a,dkk1a
7085,dkk1b,dkk1b
7086,dkk2,dkk2
7087,dkk3a,dkk3a
7088,dkk3b,dkk3b
7089,dla,dla
7090,dlat,dlat
7091,dlb,dlb
7092,dlc,dlc
7093,dlc1,dlc1
7094,dld,dld
7095,dldh,dldh
7096,dlec1,dlec1
7097,dlg1,dlg1
7098,dlg1l,dlg1l
7099,dlg2,dlg2
7100,dlg3,dlg3
7101,dlg4a,dlg4a
7102,dlg4b,dlg4b
7103,dlg5b.1,dlg5b.1
7104,dlgap1a,dlgap1a
7105,dlgap1b,dlgap1b
7106,dlgap2a,dlgap2a
7107,dlgap2b,dlgap2b
7108,dlgap3,dlgap3
7109,dlgap4a,dlgap4a
7110,dlgap4b,dlgap4b
7111,dlgap5,dlgap5
7112,dlk2,dlk2
7113,dll4,dll4
7114,dlst,dlst
7115,dlx1a,dlx1a
7116,dlx2a,dlx2a
7117,dlx2b,dlx2b
7118,dlx3b,dlx3b
7119,dlx4a,dlx4a
7120,dlx4b,dlx4b
7121,dlx5a,dlx5a
7122,dlx6a,dlx6a
7123,dmac2l,dmac2l
7124,dmap1,dmap1
7125,dmbx1a,dmbx1a
7126,dmbx1b,dmbx1b
7127,dmc1,dmc1
7128,dmd,dmd
7129,dmgdh,dmgdh
7130,dmrt1,dmrt1
7131,dmrt2a,dmrt2a
7132,dmrt2b,dmrt2b
7133,dmrt3a,dmrt3a
7134,dmrta2,dmrta2
7135,dmtf1,dmtf1
7136,dmtn,dmtn
7137,DMWD,DMWD
7138,dmxl2,dmxl2
7139,dna2,dna2
7140,dnaaf1,dnaaf1
7141,dnaaf2,dnaaf2
7142,dnaaf3,dnaaf3
7143,dnaaf3l,dnaaf3l
7144,dnaaf4,dnaaf4
7145,dnah1,dnah1
7146,DNAH10,DNAH10
7147,dnah11,dnah11
7148,dnah12,dnah12
7149,dnah2,dnah2
7150,dnah3,dnah3
7151,dnah5,dnah5
7152,dnah5l,dnah5l
7153,dnah6,dnah6
7154,dnah7,dnah7
7155,dnah9,dnah9
7156,dnah9l,dnah9l
7157,dnai1.1,dnai1.1
7158,dnai1.2,dnai1.2
7159,dnai2a,dnai2a
7160,dnai2b,dnai2b
7161,dnaja1,dnaja1
7162,dnaja2a,dnaja2a
7163,dnaja2b,dnaja2b
7164,dnaja3a,dnaja3a
7165,dnaja3b,dnaja3b
7166,dnajb11,dnajb11
7167,dnajb12a,dnajb12a
7168,dnajb12b,dnajb12b
7169,dnajb13,dnajb13
7170,dnajb14,dnajb14
7171,dnajb1a,dnajb1a
7172,dnajb1b,dnajb1b
7173,dnajb2,dnajb2
7174,dnajb4,dnajb4
7175,dnajb5,dnajb5
7176,dnajb6a,dnajb6a
7177,dnajb6b,dnajb6b
7178,dnajb9a,dnajb9a
7179,dnajb9b,dnajb9b
7180,dnajc1,dnajc1
7181,dnajc10,dnajc10
7182,dnajc11a,dnajc11a
7183,dnajc11b,dnajc11b
7184,dnajc12,dnajc12
7185,dnajc14,dnajc14
7186,dnajc15,dnajc15
7187,dnajc16,dnajc16
7188,dnajc16l,dnajc16l
7189,dnajc17,dnajc17
7190,dnajc18,dnajc18
7191,dnajc19,dnajc19
7192,dnajc2,dnajc2
7193,dnajc21,dnajc21
7194,dnajc22,dnajc22
7195,dnajc24,dnajc24
7196,dnajc25,dnajc25
7197,dnajc27,dnajc27
7198,dnajc28,dnajc28
7199,dnajc30b,dnajc30b
7200,dnajc3a,dnajc3a
7201,dnajc3b,dnajc3b
7202,dnajc4,dnajc4
7203,dnajc5aa,dnajc5aa
7204,dnajc5ab,dnajc5ab
7205,dnajc5b,dnajc5b
7206,dnajc5ga,dnajc5ga
7207,dnajc5gb,dnajc5gb
7208,dnajc6,dnajc6
7209,dnajc7,dnajc7
7210,dnajc8,dnajc8
7211,dnajc9,dnajc9
7212,dnal1,dnal1
7213,dnal4a,dnal4a
7214,dnal4b,dnal4b
7215,dnali1,dnali1
7216,dnase1,dnase1
7217,dnase1l1,dnase1l1
7218,dnase1l1l,dnase1l1l
7219,dnase1l4.1,dnase1l4.1
7220,dnase1l4.2,dnase1l4.2
7221,dnase2,dnase2
7222,dnase2b,dnase2b
7223,dnd1,dnd1
7224,dner,dner
7225,dnlz,dnlz
7226,dnm1a,dnm1a
7227,dnm1b,dnm1b
7228,dnm1l,dnm1l
7229,dnm2a,dnm2a
7230,dnm2b,dnm2b
7231,dnm3a,dnm3a
7232,dnmbp,dnmbp
7233,dnmt1,dnmt1
7234,dnmt3aa,dnmt3aa
7235,dnmt3ab,dnmt3ab
7236,dnmt3ba,dnmt3ba
7237,dnmt3bb.1,dnmt3bb.1
7238,dnmt3bb.2,dnmt3bb.2
7239,dnmt3bb.3,dnmt3bb.3
7240,dnpep,dnpep
7241,dnph1,dnph1
7242,dntt,dntt
7243,dnttip2,dnttip2
7244,doc2a,doc2a
7245,doc2b,doc2b
7246,doc2d,doc2d
7247,dock1,dock1
7248,dock11,dock11
7249,dock3,dock3
7250,DOCK4,DOCK4
7251,dock4b,dock4b
7252,dock5,dock5
7253,dock6,dock6
7254,dock8,dock8
7255,DOCK9,DOCK9
7256,dock9b,dock9b
7257,dohh,dohh
7258,dok1a,dok1a
7259,dok1b,dok1b
7260,dok2,dok2
7261,dok4,dok4
7262,dok6,dok6
7263,dok7,dok7
7264,dolk,dolk
7265,dolpp1,dolpp1
7266,dop1a,dop1a
7267,dop1b,dop1b
7268,dot1l,dot1l
7269,dpagt1,dpagt1
7270,dpcd,dpcd
7271,dpep1,dpep1
7272,dpep2,dpep2
7273,dpf1,dpf1
7274,dpf2,dpf2
7275,dpf2l,dpf2l
7276,dpf3,dpf3
7277,dph1,dph1
7278,dph2,dph2
7279,dph3,dph3
7280,dph5,dph5
7281,dph6,dph6
7282,dph7,dph7
7283,dpm1,dpm1
7284,dpm2,dpm2
7285,dpm3,dpm3
7286,dpp3,dpp3
7287,dpp4,dpp4
7288,dpp6a,dpp6a
7289,dpp6b,dpp6b
7290,dpp7,dpp7
7291,dpp9,dpp9
7292,dpy19l1l,dpy19l1l
7293,dpy19l3,dpy19l3
7294,dpy30,dpy30
7295,dpyda.1,dpyda.1
7296,dpydb,dpydb
7297,dpys,dpys
7298,DPYSL2,DPYSL2
7299,dpysl3,dpysl3
7300,dpysl4,dpysl4
7301,dpysl5a,dpysl5a
7302,dpysl5b,dpysl5b
7303,dqx1,dqx1
7304,dr1,dr1
7305,dram1,dram1
7306,dram2a,dram2a
7307,dram2b,dram2b
7308,drap1,drap1
7309,draxin,draxin
7310,drc1,drc1
7311,drc3,drc3
7312,drd1a,drd1a
7313,drd1b,drd1b
7314,drd2a,drd2a
7315,drd2b,drd2b
7316,drd2l,drd2l
7317,drd3,drd3
7318,drd4-rs,drd4-rs
7319,drd4a,drd4a
7320,drd4b,drd4b
7321,drd5a,drd5a
7322,drd6b,drd6b
7323,drd7,drd7
7324,dre-let-7b,dre-let-7b
7325,dre-let-7g-1,dre-let-7g-1
7326,dre-let-7i,dre-let-7i
7327,drg1,drg1
7328,drg2,drg2
7329,drgx,drgx
7330,drl,drl
7331,drosha,drosha
7332,drp2,drp2
7333,dsc2l,dsc2l
7334,dscama,dscama
7335,dscamb,dscamb
7336,dscc1,dscc1
7337,dse,dse
7338,dsela,dsela
7339,DSG2,DSG2
7340,dsg2.1,dsg2.1
7341,dsg2l,dsg2l
7342,dsn1,dsn1
7343,dspa,dspa
7344,DST,DST
7345,dstyk,dstyk
7346,dtd1,dtd1
7347,dtd2,dtd2
7348,dthd1,dthd1
7349,dtl,dtl
7350,dtna,dtna
7351,dtnba,dtnba
7352,dtnbb,dtnbb
7353,dtnbp1a,dtnbp1a
7354,dtnbp1b,dtnbp1b
7355,dtwd1,dtwd1
7356,dtwd2,dtwd2
7357,dtx2,dtx2
7358,dtymk,dtymk
7359,dub,dub
7360,duox,duox
7361,duox2,duox2
7362,dus1l,dus1l
7363,dus2,dus2
7364,dus3l,dus3l
7365,dus4l,dus4l
7366,dusp1,dusp1
7367,dusp10,dusp10
7368,dusp11,dusp11
7369,dusp12,dusp12
7370,dusp14,dusp14
7371,dusp16,dusp16
7372,dusp19a,dusp19a
7373,dusp19b,dusp19b
7374,dusp2,dusp2
7375,dusp22a,dusp22a
7376,dusp22b,dusp22b
7377,dusp23a,dusp23a
7378,dusp23b,dusp23b
7379,dusp26,dusp26
7380,dusp27,dusp27
7381,dusp28,dusp28
7382,dusp3a,dusp3a
7383,dusp4,dusp4
7384,dusp5,dusp5
7385,dusp6,dusp6
7386,dusp7,dusp7
7387,dusp8a,dusp8a
7388,dut,dut
7389,dvl1a,dvl1a
7390,dvl1b,dvl1b
7391,dvl2,dvl2
7392,dvl3a,dvl3a
7393,dvl3b,dvl3b
7394,DXO,DXO
7395,dydc2,dydc2
7396,dym,dym
7397,dync1h1,dync1h1
7398,dync1i1,dync1i1
7399,dync1i2a,dync1i2a
7400,dync1i2b,dync1i2b
7401,dync1li1,dync1li1
7402,dync1li2,dync1li2
7403,DYNC2H1,DYNC2H1
7404,dync2li1,dync2li1
7405,dynll1,dynll1
7406,dynll2a,dynll2a
7407,dynll2b,dynll2b
7408,dynlrb1,dynlrb1
7409,dynlt3,dynlt3
7410,dyrk1aa,dyrk1aa
7411,dyrk1ab,dyrk1ab
7412,dyrk1b,dyrk1b
7413,dyrk2,dyrk2
7414,dyrk3,dyrk3
7415,dyrk4,dyrk4
7416,dysf,dysf
7417,dytn,dytn
7418,dzank1,dzank1
7419,dzip1,dzip1
7420,dzip1l,dzip1l
7421,e2f1,e2f1
7422,e2f3,e2f3
7423,e2f4,e2f4
7424,e2f5,e2f5
7425,e2f7,e2f7
7426,e2f8,e2f8
7427,e4f1,e4f1
7428,eaf1,eaf1
7429,eaf2,eaf2
7430,eapp,eapp
7431,EARS2,EARS2
7432,ebag9,ebag9
7433,ebf1b,ebf1b
7434,ebf2,ebf2
7435,ebf3b,ebf3b
7436,ebna1bp2,ebna1bp2
7437,ebp,ebp
7438,ebpl,ebpl
7439,ecd,ecd
7440,ece2a,ece2a
7441,ecel1,ecel1
7442,ech1,ech1
7443,echdc1,echdc1
7444,echdc2,echdc2
7445,echdc3,echdc3
7446,echs1,echs1
7447,eci1,eci1
7448,eci2,eci2
7449,ecm1a,ecm1a
7450,ecm1b,ecm1b
7451,ecm2,ecm2
7452,ecpas,ecpas
7453,ecrg4a,ecrg4a
7454,ecrg4b,ecrg4b
7455,ecsit,ecsit
7456,ect2,ect2
7457,eda,eda
7458,edar,edar
7459,edaradd,edaradd
7460,edc3,edc3
7461,edc4,edc4
7462,edem1,edem1
7463,edem2,edem2
7464,edem3,edem3
7465,edf1,edf1
7466,edil3a,edil3a
7467,edil3b,edil3b
7468,edn1,edn1
7469,edn2,edn2
7470,edn3b,edn3b
7471,ednraa,ednraa
7472,ednrab,ednrab
7473,ednrba,ednrba
7474,ednrbb,ednrbb
7475,edrf1,edrf1
7476,eea1,eea1
7477,eed,eed
7478,eef1a1a,eef1a1a
7479,eef1a1b,eef1a1b
7480,eef1a1l1,eef1a1l1
7481,eef1a1l2,eef1a1l2
7482,eef1a2,eef1a2
7483,eef1akmt1,eef1akmt1
7484,eef1akmt2,eef1akmt2
7485,eef1b2,eef1b2
7486,eef1da,eef1da
7487,eef1db,eef1db
7488,eef1e1,eef1e1
7489,eef1g,eef1g
7490,eef2a.1,eef2a.1
7491,eef2a.2,eef2a.2
7492,eef2b,eef2b
7493,eef2k,eef2k
7494,eef2kmt,eef2kmt
7495,eef2l2,eef2l2
7496,eefsec,eefsec
7497,eepd1,eepd1
7498,eevs,eevs
7499,efcab1,efcab1
7500,efcab11,efcab11
7501,efcab2,efcab2
7502,efcab6,efcab6
7503,efcab7,efcab7
7504,efcc1,efcc1
7505,efemp1,efemp1
7506,efemp2a,efemp2a
7507,efemp2b,efemp2b
7508,efhb,efhb
7509,efhc2,efhc2
7510,efhd1,efhd1
7511,efhd2,efhd2
7512,efl1,efl1
7513,efna1a,efna1a
7514,efna1b,efna1b
7515,efna2a,efna2a
7516,efna2b,efna2b
7517,efna3a,efna3a
7518,efna3b,efna3b
7519,efna5a,efna5a
7520,efnb1,efnb1
7521,efnb2a,efnb2a
7522,efnb2b,efnb2b
7523,efnb3a,efnb3a
7524,efnb3b,efnb3b
7525,efr3a,efr3a
7526,efr3ba,efr3ba
7527,efr3bb,efr3bb
7528,efs,efs
7529,eftud2,eftud2
7530,egf,egf
7531,egfl6,egfl6
7532,egfl7,egfl7
7533,EGFLAM,EGFLAM
7534,egfra,egfra
7535,egln1a,egln1a
7536,egln1b,egln1b
7537,egln2,egln2
7538,egr1,egr1
7539,egr2a,egr2a
7540,egr2b,egr2b
7541,egr3,egr3
7542,egr4,egr4
7543,ehbp1,ehbp1
7544,ehbp1l1a,ehbp1l1a
7545,ehbp1l1b,ehbp1l1b
7546,ehd1a,ehd1a
7547,ehd1b,ehd1b
7548,ehd2a,ehd2a
7549,ehd2b,ehd2b
7550,ehd3,ehd3
7551,ehd4,ehd4
7552,ehf,ehf
7553,ehhadh,ehhadh
7554,ehmt1a,ehmt1a
7555,ehmt1b,ehmt1b
7556,ehmt2,ehmt2
7557,ei24,ei24
7558,eif1ad,eif1ad
7559,eif1axa,eif1axa
7560,eif1axb,eif1axb
7561,eif1b,eif1b
7562,eif2a,eif2a
7563,eif2ak1,eif2ak1
7564,eif2ak2,eif2ak2
7565,eif2ak3,eif2ak3
7566,EIF2AK4,EIF2AK4
7567,eif2b1,eif2b1
7568,eif2b2,eif2b2
7569,eif2b3,eif2b3
7570,eif2b4,eif2b4
7571,eif2b5,eif2b5
7572,eif2d,eif2d
7573,eif2s1a,eif2s1a
7574,eif2s1b,eif2s1b
7575,eif2s2,eif2s2
7576,eif2s3,eif2s3
7577,eif3ba,eif3ba
7578,eif3bb,eif3bb
7579,eif3c,eif3c
7580,eif3d,eif3d
7581,eif3ea,eif3ea
7582,eif3eb,eif3eb
7583,eif3f,eif3f
7584,eif3g,eif3g
7585,eif3ha,eif3ha
7586,eif3hb,eif3hb
7587,eif3i,eif3i
7588,EIF3J,EIF3J
7589,eif3ja,eif3ja
7590,eif3jb,eif3jb
7591,eif3k,eif3k
7592,eif3m,eif3m
7593,eif3s10,eif3s10
7594,eif3s6ip,eif3s6ip
7595,eif4a1a,eif4a1a
7596,eif4a1b,eif4a1b
7597,eif4a2,eif4a2
7598,eif4a3,eif4a3
7599,eif4ba,eif4ba
7600,eif4bb,eif4bb
7601,eif4e1b,eif4e1b
7602,eif4e1c,eif4e1c
7603,eif4e2,eif4e2
7604,eif4e2rs1,eif4e2rs1
7605,eif4e3,eif4e3
7606,eif4ea,eif4ea
7607,eif4eb,eif4eb
7608,eif4ebp1,eif4ebp1
7609,eif4ebp2,eif4ebp2
7610,eif4ebp3,eif4ebp3
7611,eif4ebp3l,eif4ebp3l
7612,eif4enif1,eif4enif1
7613,eif4g1a,eif4g1a
7614,eif4g2a,eif4g2a
7615,eif4g2b,eif4g2b
7616,eif4g3a,eif4g3a
7617,eif4g3b,eif4g3b
7618,eif4h,eif4h
7619,eif5,eif5
7620,eif5a,eif5a
7621,eif5a2,eif5a2
7622,eif5b,eif5b
7623,eif6,eif6
7624,eipr1,eipr1
7625,ek1,ek1
7626,ela2,ela2
7627,ela3l,ela3l
7628,elac1,elac1
7629,elac2,elac2
7630,elavl1a,elavl1a
7631,elavl1b,elavl1b
7632,elavl2,elavl2
7633,elavl3,elavl3
7634,elavl4,elavl4
7635,elf1,elf1
7636,elf2a,elf2a
7637,elf2b,elf2b
7638,elf3,elf3
7639,elfn1a,elfn1a
7640,elfn1b,elfn1b
7641,elfn2a,elfn2a
7642,elk1,elk1
7643,elk3,elk3
7644,elk4,elk4
7645,ell,ell
7646,ell2,ell2
7647,elmo1,elmo1
7648,elmo2,elmo2
7649,elmo3,elmo3
7650,elmod1,elmod1
7651,elmod2,elmod2
7652,elmod3,elmod3
7653,elmsan1a,elmsan1a
7654,elmsan1b,elmsan1b
7655,elnb,elnb
7656,eloa,eloa
7657,eloal,eloal
7658,elob,elob
7659,eloca,eloca
7660,elocb,elocb
7661,elof1,elof1
7662,elovl1a,elovl1a
7663,elovl1b,elovl1b
7664,elovl2,elovl2
7665,elovl4a,elovl4a
7666,elovl4b,elovl4b
7667,elovl5,elovl5
7668,elovl6,elovl6
7669,elovl6l,elovl6l
7670,elovl7a,elovl7a
7671,elovl7b,elovl7b
7672,elovl8a,elovl8a
7673,elovl8b,elovl8b
7674,elp1,elp1
7675,elp2,elp2
7676,elp3,elp3
7677,elp4,elp4
7678,elp5,elp5
7679,elp6,elp6
7680,emb,emb
7681,emc1,emc1
7682,emc10,emc10
7683,emc2,emc2
7684,emc3,emc3
7685,emc4,emc4
7686,emc6,emc6
7687,emc7,emc7
7688,emc8,emc8
7689,emc9,emc9
7690,emd,emd
7691,eme1,eme1
7692,eme2,eme2
7693,emg1,emg1
7694,emid1,emid1
7695,emilin1a,emilin1a
7696,emilin1b,emilin1b
7697,emilin2a,emilin2a
7698,emilin2b,emilin2b
7699,emilin3a,emilin3a
7700,eml1,eml1
7701,eml2,eml2
7702,eml3,eml3
7703,EML4,EML4
7704,EML5,EML5
7705,EML6,EML6
7706,emp1,emp1
7707,emp2,emp2
7708,emp3b,emp3b
7709,emsy,emsy
7710,emx1,emx1
7711,emx2,emx2
7712,emx3,emx3
7713,en1a,en1a
7714,en1b,en1b
7715,en2a,en2a
7716,en2b,en2b
7717,enah,enah
7718,enam,enam
7719,enc1,enc1
7720,enc2,enc2
7721,enc3,enc3
7722,endog,endog
7723,endou,endou
7724,endouc,endouc
7725,engase,engase
7726,ENKD1,ENKD1
7727,eno1a,eno1a
7728,eno1b,eno1b
7729,eno2,eno2
7730,eno3,eno3
7731,eno4,eno4
7732,enoph1,enoph1
7733,enosf1,enosf1
7734,enox1,enox1
7735,enox2,enox2
7736,enpep,enpep
7737,enpp1,enpp1
7738,enpp2,enpp2
7739,enpp4,enpp4
7740,enpp5,enpp5
7741,enpp6,enpp6
7742,enpp7.2,enpp7.2
7743,ensaa,ensaa
7744,ensab,ensab
7745,entpd1,entpd1
7746,entpd2a.2,entpd2a.2
7747,entpd2b,entpd2b
7748,entpd3,entpd3
7749,entpd4,entpd4
7750,entpd5a,entpd5a
7751,entpd5b,entpd5b
7752,entpd6,entpd6
7753,entpd8,entpd8
7754,entr1,entr1
7755,eny2,eny2
7756,eogt,eogt
7757,eomesa,eomesa
7758,eomesb,eomesb
7759,ep300a,ep300a
7760,ep300b,ep300b
7761,ep400,ep400
7762,epas1a,epas1a
7763,epas1b,epas1b
7764,epb41a,epb41a
7765,epb41b,epb41b
7766,EPB41L2,EPB41L2
7767,epb41l3a,epb41l3a
7768,epb41l3b,epb41l3b
7769,epb41l4a,epb41l4a
7770,epb41l4b,epb41l4b
7771,epb41l5,epb41l5
7772,epc1a,epc1a
7773,epc1b,epc1b
7774,epc2,epc2
7775,epcam,epcam
7776,epdl1,epdl1
7777,epdl2,epdl2
7778,epdr1,epdr1
7779,epg5,epg5
7780,epgn,epgn
7781,epha2a,epha2a
7782,epha2b,epha2b
7783,epha3,epha3
7784,epha4a,epha4a
7785,epha4b,epha4b
7786,epha6,epha6
7787,epha7,epha7
7788,epha8,epha8
7789,ephb1,ephb1
7790,ephb2a,ephb2a
7791,ephb2b,ephb2b
7792,ephb3a,ephb3a
7793,ephb4a,ephb4a
7794,ephb4b,ephb4b
7795,ephb6,ephb6
7796,ephx1,ephx1
7797,ephx2,ephx2
7798,ephx4,ephx4
7799,ephx5,ephx5
7800,epm2a,epm2a
7801,epn1,epn1
7802,epn2,epn2
7803,epn3a,epn3a
7804,epn3b,epn3b
7805,epob,epob
7806,epor,epor
7807,eppk1,eppk1
7808,eprs,eprs
7809,eps15,eps15
7810,eps15l1a,eps15l1a
7811,eps8a,eps8a
7812,eps8b,eps8b
7813,eps8l1a,eps8l1a
7814,eps8l1b,eps8l1b
7815,eps8l2,eps8l2
7816,eps8l3a,eps8l3a
7817,eps8l3b,eps8l3b
7818,epsti1,epsti1
7819,epx,epx
7820,epyc,epyc
7821,eral1,eral1
7822,erap1a,erap1a
7823,erap1b,erap1b
7824,erap2,erap2
7825,erbb2,erbb2
7826,erbb3a,erbb3a
7827,erbb3b,erbb3b
7828,ERBB4,ERBB4
7829,erbb4a,erbb4a
7830,erbb4b,erbb4b
7831,erbin,erbin
7832,ERC1,ERC1
7833,erc1a,erc1a
7834,ercc1,ercc1
7835,ercc2,ercc2
7836,ercc3,ercc3
7837,ercc4,ercc4
7838,ercc5,ercc5
7839,ercc6,ercc6
7840,ercc6l,ercc6l
7841,ercc6l2,ercc6l2
7842,ercc8,ercc8
7843,erf,erf
7844,erfl1,erfl1
7845,erfl3,erfl3
7846,erg,erg
7847,ERG28,ERG28
7848,ergic1,ergic1
7849,ergic2,ergic2
7850,ergic3,ergic3
7851,erh,erh
7852,eri1,eri1
7853,eri2,eri2
7854,erich2,erich2
7855,erich3,erich3
7856,erlec1,erlec1
7857,erlin1,erlin1
7858,ern1,ern1
7859,ern2,ern2
7860,ero1a,ero1a
7861,ero1b,ero1b
7862,erp27,erp27
7863,erp44,erp44
7864,errfi1a,errfi1a
7865,es1,es1
7866,esama,esama
7867,esamb,esamb
7868,esco1,esco1
7869,esco2,esco2
7870,esd,esd
7871,esf1,esf1
7872,esm1,esm1
7873,espl1,espl1
7874,espn,espn
7875,espnla,espnla
7876,espnlb,espnlb
7877,esr1,esr1
7878,esr2a,esr2a
7879,esr2b,esr2b
7880,esrp1,esrp1
7881,esrp2,esrp2
7882,esrra,esrra
7883,esrrb,esrrb
7884,esrrd,esrrd
7885,esrrga,esrrga
7886,esrrgb,esrrgb
7887,ess2,ess2
7888,esyt1a,esyt1a
7889,esyt1b,esyt1b
7890,esyt2a,esyt2a
7891,esyt2b,esyt2b
7892,esyt3,esyt3
7893,etaa1,etaa1
7894,etf1a,etf1a
7895,etf1b,etf1b
7896,etfa,etfa
7897,etfb,etfb
7898,etfbkmt,etfbkmt
7899,etfdh,etfdh
7900,ethe1,ethe1
7901,etnk1,etnk1
7902,etnk2,etnk2
7903,etnppl,etnppl
7904,ets1,ets1
7905,ets2,ets2
7906,etv1,etv1
7907,etv2,etv2
7908,etv4,etv4
7909,etv5a,etv5a
7910,etv5b,etv5b
7911,etv6,etv6
7912,etv7,etv7
7913,eva1a,eva1a
7914,eva1ba,eva1ba
7915,eva1bb,eva1bb
7916,eva1c,eva1c
7917,eve1,eve1
7918,evi5a,evi5a
7919,evi5b,evi5b
7920,evla,evla
7921,evlb,evlb
7922,evpla,evpla
7923,evplb,evplb
7924,evpll,evpll
7925,evx1,evx1
7926,evx2,evx2
7927,ewsr1a,ewsr1a
7928,exd1,exd1
7929,exd2,exd2
7930,exd3,exd3
7931,exo1,exo1
7932,exo5,exo5
7933,exoc1,exoc1
7934,exoc2,exoc2
7935,exoc3,exoc3
7936,exoc3l1,exoc3l1
7937,exoc3l2a,exoc3l2a
7938,exoc3l2b,exoc3l2b
7939,exoc3l4,exoc3l4
7940,exoc4,exoc4
7941,exoc5,exoc5
7942,exoc6,exoc6
7943,exoc6b,exoc6b
7944,exoc7,exoc7
7945,exoc8,exoc8
7946,exorh,exorh
7947,exosc1,exosc1
7948,exosc10,exosc10
7949,exosc2,exosc2
7950,exosc4,exosc4
7951,exosc5,exosc5
7952,exosc6,exosc6
7953,exosc7,exosc7
7954,exosc8,exosc8
7955,exosc9,exosc9
7956,ext1a,ext1a
7957,ext2,ext2
7958,extl2,extl2
7959,extl3,extl3
7960,eya1,eya1
7961,eya2,eya2
7962,eya3,eya3
7963,eya4,eya4
7964,eys,eys
7965,ezh1,ezh1
7966,ezh2,ezh2
7967,ezra,ezra
7968,ezrb,ezrb
7969,f10,f10
7970,f11r.1,f11r.1
7971,f11r.2,f11r.2
7973,f13a1a.1,f13a1a.1
7974,f13a1b,f13a1b
7975,f13b,f13b
7976,f2,f2
7977,f2rl1.1,f2rl1.1
7978,f2rl1.2,f2rl1.2
7979,f2rl2,f2rl2
7980,F2RL3,F2RL3
7981,f3a,f3a
7982,f3b,f3b
7983,f5,f5
7984,f7i,f7i
7985,f8,f8
7986,f9a,f9a
7987,f9b,f9b
7988,fa2h,fa2h
7989,faah,faah
7990,faah2a,faah2a
7991,faah2b,faah2b
7992,faap24,faap24
7993,fabp10a,fabp10a
7994,fabp10b,fabp10b
7995,fabp11a,fabp11a
7996,fabp11b,fabp11b
7997,fabp1b.1,fabp1b.1
7998,fabp1b.2,fabp1b.2
7999,fabp2,fabp2
8000,fabp3,fabp3
8001,fabp6,fabp6
8002,fabp7a,fabp7a
8003,fabp7b,fabp7b
8004,fadd,fadd
8005,fads2,fads2
8006,FADS6,FADS6
8007,faf1,faf1
8008,faf2,faf2
8009,fah,fah
8010,fahd1,fahd1
8011,fahd2a,fahd2a
8012,faim2a,faim2a
8013,faim2b,faim2b
8014,faima,faima
8015,faimb,faimb
8016,fam102aa,fam102aa
8017,fam102ab,fam102ab
8018,fam102ba,fam102ba
8019,fam102bb,fam102bb
8020,fam107b,fam107b
8021,fam110a,fam110a
8022,fam110b,fam110b
8023,fam110c,fam110c
8024,fam113,fam113
8025,fam114a1,fam114a1
8026,fam114a2,fam114a2
8027,fam117aa,fam117aa
8028,fam117ab,fam117ab
8029,fam117ba,fam117ba
8030,fam117bb,fam117bb
8031,fam118b,fam118b
8032,fam120a,fam120a
8033,fam120b,fam120b
8034,fam120c,fam120c
8035,fam122b,fam122b
8036,FAM124A,FAM124A
8037,fam124b,fam124b
8038,fam126a,fam126a
8039,fam129aa,fam129aa
8040,fam129ab,fam129ab
8041,fam129ba,fam129ba
8042,fam129bb,fam129bb
8043,fam131a,fam131a
8044,fam131ba,fam131ba
8045,fam131bb,fam131bb
8046,fam131c,fam131c
8047,fam133b,fam133b
8048,fam135a,fam135a
8049,FAM135B,FAM135B
8050,fam136a,fam136a
8051,fam13a,fam13a
8052,fam13b,fam13b
8053,fam149b1,fam149b1
8054,fam151a,fam151a
8055,fam151b,fam151b
8056,fam155b,fam155b
8057,fam160a1a,fam160a1a
8058,fam160a1b,fam160a1b
8059,fam160a2,fam160a2
8060,fam160b1,fam160b1
8061,fam160b2,fam160b2
8062,fam161a,fam161a
8063,fam162a,fam162a
8064,FAM163A,FAM163A
8065,fam163b,fam163b
8067,fam167aa,fam167aa
8068,fam167ab,fam167ab
8069,fam167b,fam167b
8070,fam168a,fam168a
8071,fam168b,fam168b
8072,fam169aa,fam169aa
8073,fam169ab,fam169ab
8074,fam169b,fam169b
8075,fam171a1,fam171a1
8076,fam171a2a,fam171a2a
8077,fam171b,fam171b
8078,fam172a,fam172a
8079,fam173a,fam173a
8080,fam173b,fam173b
8081,fam174b,fam174b
8082,fam177a1,fam177a1
8083,fam181b,fam181b
8084,fam183a,fam183a
8085,fam184a,fam184a
8086,fam184b,fam184b
8087,fam185a,fam185a
8088,fam189a1,fam189a1
8089,fam189a2,fam189a2
8090,fam192a,fam192a
8091,fam193a,fam193a
8092,fam193b,fam193b
8093,fam196ab,fam196ab
8094,fam198a,fam198a
8095,fam198b,fam198b
8096,fam199x,fam199x
8097,fam19a1a,fam19a1a
8098,fam19a4a,fam19a4a
8099,fam19a4b,fam19a4b
8100,fam19a5a,fam19a5a
8101,fam19a5b,fam19a5b
8102,fam19a5l,fam19a5l
8103,fam204a,fam204a
8104,fam206a,fam206a
8105,fam207a,fam207a
8106,fam208ab,fam208ab
8107,fam208b,fam208b
8108,fam20a,fam20a
8109,fam20b,fam20b
8110,fam20ca,fam20ca
8111,fam20cb,fam20cb
8112,fam20cl,fam20cl
8113,fam210aa,fam210aa
8114,fam210ab,fam210ab
8115,fam210b,fam210b
8116,fam214a,fam214a
8117,fam214b,fam214b
8118,fam217b,fam217b
8119,fam219aa,fam219aa
8120,fam219ab,fam219ab
8121,fam219b,fam219b
8122,fam221a,fam221a
8123,fam222a,fam222a
8124,fam222ba,fam222ba
8125,fam222bb,fam222bb
8126,fam228a,fam228a
8127,fam234a,fam234a
8128,fam234b,fam234b
8129,fam241a,fam241a
8130,fam32a,fam32a
8131,fam3a,fam3a
8132,fam3c,fam3c
8133,fam43a,fam43a
8134,fam43b,fam43b
8135,fam45a,fam45a
8136,fam49a,fam49a
8137,fam49al,fam49al
8138,fam49ba,fam49ba
8139,fam49bb,fam49bb
8140,fam50a,fam50a
8141,fam53b,fam53b
8142,FAM53C,FAM53C
8143,fam57a,fam57a
8144,fam57ba,fam57ba
8145,fam57bb,fam57bb
8146,fam69aa,fam69aa
8147,fam69ab,fam69ab
8148,fam69b,fam69b
8149,fam69c,fam69c
8150,FAM72B,FAM72B
8151,fam76b,fam76b
8152,fam78aa,fam78aa
8153,fam78ab,fam78ab
8154,fam78ba,fam78ba
8155,fam83b,fam83b
8156,fam83c,fam83c
8157,fam83d,fam83d
8158,fam83fa,fam83fa
8159,fam83fb,fam83fb
8160,FAM83G,FAM83G
8161,fam83ha,fam83ha
8162,fam83hb,fam83hb
8163,fam84a,fam84a
8164,fam84b,fam84b
8165,fam89a,fam89a
8166,fam89b,fam89b
8167,fam8a1a,fam8a1a
8168,fam8a1b,fam8a1b
8169,fam91a1,fam91a1
8170,fam92a1,fam92a1
8171,fam98a,fam98a
8172,fam98b,fam98b
8173,fan1,fan1
8174,fanca,fanca
8175,fancb,fancb
8176,fancc,fancc
8177,fancd2,fancd2
8178,fance,fance
8179,fancf,fancf
8180,fancg,fancg
8181,fanci,fanci
8182,fancl,fancl
8183,fancm,fancm
8184,fap,fap
8185,far1,far1
8186,FAR2,FAR2
8187,farp1,farp1
8188,farp2,farp2
8189,fars2,fars2
8190,farsa,farsa
8191,farsb,farsb
8192,fas,fas
8193,faslg,faslg
8194,fastk,fastk
8195,fastkd1,fastkd1
8196,fastkd2,fastkd2
8197,fastkd3,fastkd3
8198,fastkd5,fastkd5
8199,fat1a,fat1a
8200,fat1b,fat1b
8201,fat2,fat2
8202,fat3a,fat3a
8203,FAT4,FAT4
8204,faua,faua
8205,faub,faub
8206,faxca,faxca
8207,faxcb,faxcb
8208,faxdc2,faxdc2
8209,fbl,fbl
8210,fblim1,fblim1
8211,fbln2,fbln2
8212,fbln5,fbln5
8213,fbln7,fbln7
8214,fbn2b,fbn2b
8215,fbp1a,fbp1a
8216,fbp1b,fbp1b
8217,fbp2,fbp2
8218,fbrs,fbrs
8219,fbrsl1,fbrsl1
8220,fbxl13,fbxl13
8221,fbxl14a,fbxl14a
8222,fbxl14b,fbxl14b
8223,fbxl15,fbxl15
8224,fbxl16,fbxl16
8225,fbxl17,fbxl17
8226,fbxl18,fbxl18
8227,fbxl2,fbxl2
8228,fbxl20,fbxl20
8229,fbxl22,fbxl22
8230,fbxl3a,fbxl3a
8231,fbxl3b,fbxl3b
8232,fbxl3l,fbxl3l
8233,fbxl4,fbxl4
8234,fbxl5,fbxl5
8235,fbxl6,fbxl6
8236,fbxl7,fbxl7
8237,fbxl8,fbxl8
8238,fbxo10,fbxo10
8239,fbxo15,fbxo15
8240,fbxo16,fbxo16
8241,fbxo18,fbxo18
8242,fbxo21,fbxo21
8243,fbxo22,fbxo22
8244,fbxo25,fbxo25
8245,fbxo28,fbxo28
8246,fbxo3,fbxo3
8247,fbxo30a,fbxo30a
8248,fbxo30b,fbxo30b
8249,fbxo31,fbxo31
8250,fbxo32,fbxo32
8251,fbxo33,fbxo33
8252,fbxo34,fbxo34
8253,fbxo36b,fbxo36b
8254,fbxo38,fbxo38
8255,fbxo4,fbxo4
8256,fbxo40.2,fbxo40.2
8257,fbxo41,fbxo41
8258,fbxo42,fbxo42
8259,fbxo43,fbxo43
8260,fbxo44,fbxo44
8261,fbxo45,fbxo45
8262,FBXO46,FBXO46
8263,FBXO48,FBXO48
8264,fbxo5,fbxo5
8265,fbxo7,fbxo7
8266,fbxo8,fbxo8
8267,fbxo9,fbxo9
8268,fbxw10,fbxw10
8269,fbxw11a,fbxw11a
8270,fbxw11b,fbxw11b
8271,fbxw2,fbxw2
8272,fbxw4,fbxw4
8273,fbxw7,fbxw7
8274,fbxw8,fbxw8
8275,fbxw9,fbxw9
8276,fcer1gl,fcer1gl
8277,fcf1,fcf1
8278,fcho1,fcho1
8279,fcho2,fcho2
8280,fdft1,fdft1
8281,fdps,fdps
8282,fdx1,fdx1
8283,fdx1b,fdx1b
8284,fdx2,fdx2
8285,fdxacb1,fdxacb1
8286,fdxr,fdxr
8287,fech,fech
8288,fem1a,fem1a
8289,fem1b,fem1b
8290,fem1c,fem1c
8291,fen1,fen1
8292,fep15,fep15
8293,fer,fer
8294,fer1l4,fer1l4
8295,fer1l6,fer1l6
8296,ferd3l,ferd3l
8297,fermt1,fermt1
8298,fermt2,fermt2
8299,FERMT3,FERMT3
8300,fermt3b,fermt3b
8301,fes,fes
8302,fetub,fetub
8303,fev,fev
8304,fez1,fez1
8305,fezf1,fezf1
8306,fezf2,fezf2
8307,fga,fga
8308,fgb,fgb
8309,fgd1,fgd1
8310,fgd4a,fgd4a
8311,fgd4b,fgd4b
8312,fgd5a,fgd5a
8313,fgd5b,fgd5b
8314,fgd6,fgd6
8315,fgf10a,fgf10a
8316,fgf10b,fgf10b
8317,fgf11a,fgf11a
8318,fgf11b,fgf11b
8319,fgf12a,fgf12a
8320,fgf12b,fgf12b
8321,fgf13a,fgf13a
8322,fgf13b,fgf13b
8323,fgf14,fgf14
8324,fgf16,fgf16
8325,fgf17,fgf17
8326,fgf18a,fgf18a
8327,fgf18b,fgf18b
8328,fgf19,fgf19
8329,fgf1a,fgf1a
8330,fgf1b,fgf1b
8331,fgf2,fgf2
8332,fgf20a,fgf20a
8333,fgf20b,fgf20b
8334,fgf22,fgf22
8335,fgf24,fgf24
8336,fgf3,fgf3
8337,fgf4,fgf4
8338,fgf5,fgf5
8339,fgf6a,fgf6a
8340,fgf8a,fgf8a
8341,fgf8b,fgf8b
8342,fgfbp2a,fgfbp2a
8343,fgfbp2b,fgfbp2b
8344,fgfr1a,fgfr1a
8345,fgfr1b,fgfr1b
8346,fgfr1bl,fgfr1bl
8347,fgfr1op,fgfr1op
8348,fgfr1op2,fgfr1op2
8349,fgfr2,fgfr2
8350,fgfr3,fgfr3
8351,fgfr4,fgfr4
8352,fgfrl1a,fgfrl1a
8353,fgfrl1b,fgfrl1b
8354,fgg,fgg
8355,fggy,fggy
8356,fgl1,fgl1
8357,fgl2a,fgl2a
8358,fgl2b,fgl2b
8359,fh,fh
8360,fhad1,fhad1
8361,fhdc1,fhdc1
8362,fhdc2,fhdc2
8363,fhdc3,fhdc3
8364,fhdc4,fhdc4
8365,fhdc5,fhdc5
8366,fhit,fhit
8367,fhl1a,fhl1a
8368,fhl1b,fhl1b
8369,fhl2a,fhl2a
8370,fhl2b,fhl2b
8371,fhl3a,fhl3a
8372,fhl3b,fhl3b
8373,fhl5,fhl5
8374,fhod1,fhod1
8375,fhod3b,fhod3b
8376,fibcd1,fibcd1
8377,fibina,fibina
8378,fibinb,fibinb
8379,fibpa,fibpa
8380,fibpb,fibpb
8381,ficd,ficd
8382,fig4a,fig4a
8383,figla,figla
8384,fign,fign
8385,fignl1,fignl1
8386,filip1a,filip1a
8387,filip1b,filip1b
8388,filip1l,filip1l
8389,fip1l1a,fip1l1a
8390,fip1l1b,fip1l1b
8391,fis1,fis1
8392,fitm1,fitm1
8393,fitm2,fitm2
8394,fjx1,fjx1
8395,fkbp10a,fkbp10a
8396,fkbp10b,fkbp10b
8397,fkbp11,fkbp11
8398,fkbp14,fkbp14
8399,fkbp16,fkbp16
8400,fkbp1aa,fkbp1aa
8401,fkbp1ab,fkbp1ab
8402,fkbp1b,fkbp1b
8403,fkbp2,fkbp2
8404,fkbp3,fkbp3
8405,fkbp4,fkbp4
8406,fkbp5,fkbp5
8407,fkbp6,fkbp6
8408,fkbp7,fkbp7
8409,fkbp8,fkbp8
8410,fkbp9,fkbp9
8411,fkbpl,fkbpl
8412,fkrp,fkrp
8413,fktn,fktn
8414,flad1,flad1
8415,flcn,flcn
8416,fli1a,fli1a
8417,fli1b,fli1b
8418,flii,flii
8419,flj11011l,flj11011l
8420,flj13639,flj13639
8421,flna,flna
8422,flnca,flnca
8423,flncb,flncb
8424,flot1a,flot1a
8425,flot1b,flot1b
8426,flot2a,flot2a
8427,flot2b,flot2b
8428,flr,flr
8429,flrt1a,flrt1a
8430,flrt1b,flrt1b
8431,flrt3,flrt3
8432,flt1,flt1
8433,flt3,flt3
8434,flt4,flt4
8435,flvcr1,flvcr1
8436,flvcr2a,flvcr2a
8437,flvcr2b,flvcr2b
8438,fmn1,fmn1
8439,fmn2a,fmn2a
8440,fmn2b,fmn2b
8441,fmnl1a,fmnl1a
8442,fmnl2a,fmnl2a
8443,fmnl2b,fmnl2b
8444,fmnl3,fmnl3
8445,fmo5,fmo5
8446,fmoda,fmoda
8447,fmodb,fmodb
8448,fmr1,fmr1
8449,fn1a,fn1a
8450,fn1b,fn1b
8451,fn3krp,fn3krp
8452,fnbp1a,fnbp1a
8453,fnbp1l,fnbp1l
8454,fnbp4,fnbp4
8455,fndc1,fndc1
8456,FNDC10,FNDC10
8457,fndc3a,fndc3a
8458,fndc3ba,fndc3ba
8459,fndc3bb,fndc3bb
8460,fndc4a,fndc4a
8461,fndc4b,fndc4b
8462,fndc5a,fndc5a
8463,fndc5b,fndc5b
8464,fndc7a,fndc7a
8465,fndc7b,fndc7b
8466,fndc7rs4,fndc7rs4
8467,fnip1,fnip1
8468,fnta,fnta
8469,fntb,fntb
8470,FO082779.2,FO082779.2
8471,FO082780.1,FO082780.1
8472,FO082781.1,FO082781.1
8473,FO082877.1,FO082877.1
8474,FO203364.1,FO203364.1
8475,FO203432.1,FO203432.1
8476,FO393424.2,FO393424.2
8477,FO681286.1,FO681286.1
8478,FO681288.1,FO681288.1
8479,FO681314.1,FO681314.1
8480,FO681323.1,FO681323.1
8481,FO681390.1,FO681390.1
8482,FO681393.1,FO681393.1
8483,FO681393.2,FO681393.2
8484,FO681472.1,FO681472.1
8485,FO704607.1,FO704607.1
8486,FO704610.1,FO704610.1
8487,FO704648.1,FO704648.1
8488,FO704648.2,FO704648.2
8489,FO704661.1,FO704661.1
8490,FO704673.1,FO704673.1
8491,FO704721.1,FO704721.1
8492,FO704721.2,FO704721.2
8493,FO704741.1,FO704741.1
8494,FO704745.1,FO704745.1
8495,FO704750.1,FO704750.1
8496,FO704758.1,FO704758.1
8497,FO704758.2,FO704758.2
8498,FO704771.1,FO704771.1
8499,FO704772.2,FO704772.2
8500,FO704777.1,FO704777.1
8501,FO704779.1,FO704779.1
8502,FO704786.1,FO704786.1
8503,FO704797.1,FO704797.1
8504,FO704810.1,FO704810.1
8505,FO704813.1,FO704813.1
8506,FO704819.1,FO704819.1
8507,FO704821.1,FO704821.1
8508,FO704822.1,FO704822.1
8509,FO704836.1,FO704836.1
8510,FO704858.1,FO704858.1
8511,FO704871.1,FO704871.1
8512,FO704909.1,FO704909.1
8513,FO744833.2,FO744833.2
8514,FO744838.1,FO744838.1
8515,FO744840.1,FO744840.1
8516,FO744854.1,FO744854.1
8517,FO818711.1,FO818711.1
8518,FO818719.1,FO818719.1
8519,FO818722.1,FO818722.1
8520,FO818743.1,FO818743.1
8521,FO834799.1,FO834799.1
8522,FO834799.2,FO834799.2
8523,FO834800.1,FO834800.1
8524,FO834814.1,FO834814.1
8525,FO834823.1,FO834823.1
8526,FO834825.1,FO834825.1
8527,FO834825.2,FO834825.2
8528,FO834828.1,FO834828.1
8529,FO834831.1,FO834831.1
8530,FO834850.1,FO834850.1
8531,FO834855.1,FO834855.1
8532,FO834857.1,FO834857.1
8533,FO834866.1,FO834866.1
8534,FO834888.1,FO834888.1
8535,FO834903.1,FO834903.1
8536,FO904870.1,FO904870.1
8537,FO904880.1,FO904880.1
8539,FO904885.3,FO904885.3
8540,FO904898.1,FO904898.1
8541,FO904898.3,FO904898.3
8542,FO904898.4,FO904898.4
8543,FO904898.5,FO904898.5
8544,FO904898.6,FO904898.6
8545,FO904901.1,FO904901.1
8546,FO904903.1,FO904903.1
8547,FO904966.1,FO904966.1
8548,FO904966.2,FO904966.2
8549,FO904970.1,FO904970.1
8550,FO904980.1,FO904980.1
8551,FO904997.1,FO904997.1
8552,FO905027.1,FO905027.1
8553,FO905040.1,FO905040.1
8554,FO905052.1,FO905052.1
8555,FO907087.1,FO907087.1
8556,FO907089.1,FO907089.1
8557,FO907110.1,FO907110.1
8558,FO907118.1,FO907118.1
8559,FO907124.1,FO907124.1
8560,focad,focad
8561,fopnl,fopnl
8562,fosaa,fosaa
8563,fosab,fosab
8564,fosb,fosb
8565,fosl1a,fosl1a
8566,fosl1b,fosl1b
8567,fosl2,fosl2
8568,foxa,foxa
8569,foxa1,foxa1
8570,foxa2,foxa2
8571,foxa3,foxa3
8572,foxb1a,foxb1a
8573,foxb1b,foxb1b
8574,foxb2,foxb2
8575,foxc1a,foxc1a
8576,foxc1b,foxc1b
8577,foxd1,foxd1
8578,foxd2,foxd2
8579,foxd3,foxd3
8580,foxd5,foxd5
8581,foxe1,foxe1
8582,foxe3,foxe3
8583,foxf1,foxf1
8584,foxf2a,foxf2a
8585,foxf2b,foxf2b
8586,foxg1a,foxg1a
8587,foxg1b,foxg1b
8588,foxg1c,foxg1c
8589,foxg1d,foxg1d
8590,foxh1,foxh1
8591,foxi1,foxi1
8592,foxi2,foxi2
8593,foxi3a,foxi3a
8594,foxi3b,foxi3b
8595,foxj1a,foxj1a
8596,foxj1b,foxj1b
8597,foxj2,foxj2
8598,foxj3,foxj3
8599,foxk1,foxk1
8600,foxl1,foxl1
8601,foxl2a,foxl2a
8602,foxl2b,foxl2b
8603,foxm1,foxm1
8604,foxn1,foxn1
8605,FOXN2,FOXN2
8606,foxn2b,foxn2b
8607,foxn3,foxn3
8608,foxn4,foxn4
8609,foxo1a,foxo1a
8610,foxo1b,foxo1b
8611,foxo3a,foxo3a
8612,foxo3b,foxo3b
8613,foxo4,foxo4
8614,foxo6a,foxo6a
8615,foxo6b,foxo6b
8616,foxp1a,foxp1a
8617,foxp1b,foxp1b
8618,foxp2,foxp2
8619,foxp3a,foxp3a
8620,foxp3b,foxp3b
8621,foxp4,foxp4
8622,foxq1a,foxq1a
8623,foxq1b,foxq1b
8624,foxq2,foxq2
8625,foxred1,foxred1
8626,foxred2,foxred2
8627,FP003590.1,FP003590.1
8628,FP003590.2,FP003590.2
8629,FP009765.1,FP009765.1
8630,FP015808.1,FP015808.1
8631,FP015809.1,FP015809.1
8632,FP015810.1,FP015810.1
8633,FP015823.1,FP015823.1
8634,FP015860.1,FP015860.1
8635,FP015862.2,FP015862.2
8636,FP015862.3,FP015862.3
8637,FP015862.4,FP015862.4
8638,FP015866.1,FP015866.1
8639,FP015866.2,FP015866.2
8640,FP016005.1,FP016005.1
8641,FP016012.1,FP016012.1
8642,FP016018.2,FP016018.2
8643,FP016018.3,FP016018.3
8644,FP016018.4,FP016018.4
8645,FP016019.1,FP016019.1
8646,FP016056.1,FP016056.1
8647,FP016106.1,FP016106.1
8648,FP016142.1,FP016142.1
8649,FP016208.1,FP016208.1
8650,FP016213.1,FP016213.1
8651,FP016234.1,FP016234.1
8652,FP016235.1,FP016235.1
8653,FP016239.1,FP016239.1
8654,FP016247.1,FP016247.1
8655,FP016247.2,FP016247.2
8656,FP016248.1,FP016248.1
8657,FP017161.1,FP017161.1
8658,FP017215.1,FP017215.1
8659,FP017274.1,FP017274.1
8660,FP017279.1,FP017279.1
8661,FP017295.1,FP017295.1
8662,FP067424.1,FP067424.1
8663,FP067425.1,FP067425.1
8664,FP067440.1,FP067440.1
8665,FP067442.1,FP067442.1
8666,FP074867.1,FP074867.1
8667,FP074874.2,FP074874.2
8668,FP074874.3,FP074874.3
8669,FP074902.2,FP074902.2
8670,FP074902.6,FP074902.6
8671,FP085398.1,FP085398.1
8672,FP085399.2,FP085399.2
8673,FP085399.4,FP085399.4
8674,FP085400.1,FP085400.1
8675,FP085414.1,FP085414.1
8676,FP085421.1,FP085421.1
8677,FP085432.1,FP085432.1
8678,FP089511.1,FP089511.1
8679,FP101861.1,FP101861.1
8680,FP101875.1,FP101875.1
8681,FP101875.2,FP101875.2
8682,FP101882.1,FP101882.1
8683,FP101883.1,FP101883.1
8684,FP101887.1,FP101887.1
8685,FP101914.1,FP101914.1
8686,FP102018.1,FP102018.1
8687,FP102071.1,FP102071.1
8688,FP102073.1,FP102073.1
8689,FP102120.1,FP102120.1
8690,FP102122.1,FP102122.1
8691,FP102122.2,FP102122.2
8692,FP102122.3,FP102122.3
8693,FP102158.1,FP102158.1
8694,FP102167.1,FP102167.1
8695,FP102169.1,FP102169.1
8696,FP102170.1,FP102170.1
8697,FP102171.1,FP102171.1
8698,FP102192.1,FP102192.1
8699,FP102192.2,FP102192.2
8700,FP102309.1,FP102309.1
8701,FP102783.1,FP102783.1
8702,FP102786.1,FP102786.1
8703,FP102806.1,FP102806.1
8704,FP102809.1,FP102809.1
8705,FP102843.1,FP102843.1
8706,FP102888.1,FP102888.1
8707,FP102888.2,FP102888.2
8708,FP102969.1,FP102969.1
8709,FP103004.1,FP103004.1
8710,FP103009.1,FP103009.1
8711,FP103106.1,FP103106.1
8712,FP236157.1,FP236157.1
8713,FP236157.2,FP236157.2
8714,FP236157.3,FP236157.3
8715,FP236157.7,FP236157.7
8716,FP236161.1,FP236161.1
8717,FP236197.1,FP236197.1
8718,FP236331.1,FP236331.1
8719,FP236356.1,FP236356.1
8720,FP236454.1,FP236454.1
8721,FP236457.1,FP236457.1
8722,FP236476.1,FP236476.1
8723,FP236513.1,FP236513.1
8724,FP236542.1,FP236542.1
8725,FP236644.1,FP236644.1
8726,FP236789.1,FP236789.1
8727,FP236809.1,FP236809.1
8728,FP236812.1,FP236812.1
8729,FP236812.2,FP236812.2
8730,FP236822.1,FP236822.1
8731,FP243382.1,FP243382.1
8732,FP243383.1,FP243383.1
8733,FP245452.1,FP245452.1
8734,FP245456.1,FP245456.1
8735,FP245458.1,FP245458.1
8736,FP245462.1,FP245462.1
8737,FP245526.1,FP245526.1
8738,FP325112.1,FP325112.1
8739,FP325123.1,FP325123.1
8740,FP325123.2,FP325123.2
8741,FP325124.1,FP325124.1
8742,FP325130.1,FP325130.1
8743,FP325358.1,FP325358.1
8744,FP326652.1,FP326652.1
8745,FP340271.1,FP340271.1
8746,FP340292.1,FP340292.1
8747,FP565432.1,FP565432.1
8748,FP565451.1,FP565451.1
8749,FP885542.1,FP885542.1
8750,fpgs,fpgs
8751,fpgt,fpgt
8752,fpr1,fpr1
8753,FQ311879.2,FQ311879.2
8754,FQ311907.1,FQ311907.1
8755,FQ311908.1,FQ311908.1
8756,FQ311920.1,FQ311920.1
8757,FQ311924.1,FQ311924.1
8758,FQ311924.2,FQ311924.2
8759,FQ311928.1,FQ311928.1
8760,FQ312013.1,FQ312013.1
8761,FQ312017.1,FQ312017.1
8762,FQ323119.1,FQ323119.1
8763,FQ323156.1,FQ323156.1
8764,FQ377603.1,FQ377603.1
8765,FQ377628.1,FQ377628.1
8766,FQ377660.1,FQ377660.1
8768,FQ377896.1,FQ377896.1
8769,FQ377903.1,FQ377903.1
8770,FQ377903.3,FQ377903.3
8771,FQ377918.1,FQ377918.1
8772,FQ377991.1,FQ377991.1
8773,FQ378016.1,FQ378016.1
8774,FQ378018.1,FQ378018.1
8775,FQ378040.1,FQ378040.1
8776,FQ790208.1,FQ790208.1
8777,FQ790211.1,FQ790211.1
8778,fra10ac1,fra10ac1
8779,fras1,fras1
8780,frem1a,frem1a
8781,frem1b,frem1b
8782,frem2a,frem2a
8783,frem2b,frem2b
8784,frem3,frem3
8785,frk,frk
8786,FRMD1,FRMD1
8787,frmd3,frmd3
8788,FRMD4A,FRMD4A
8789,frmd4ba,frmd4ba
8790,frmd4bb,frmd4bb
8791,frmd6,frmd6
8792,frmd8,frmd8
8793,frmpd1,frmpd1
8794,frmpd1b,frmpd1b
8795,frmpd2,frmpd2
8796,frmpd3,frmpd3
8797,frrs1b,frrs1b
8798,frrs1l,frrs1l
8799,frs2a,frs2a
8800,frs2b,frs2b
8801,frs3,frs3
8802,frya,frya
8803,fryb,fryb
8804,fryl,fryl
8805,frzb,frzb
8806,fsbp,fsbp
8807,fscn1a,fscn1a
8808,fscn1b,fscn1b
8809,fscn2a,fscn2a
8810,fscn2b,fscn2b
8811,fsd1,fsd1
8812,fsd1l,fsd1l
8813,fshb,fshb
8814,fshr,fshr
8815,fsta,fsta
8816,fstb,fstb
8817,fstl1a,fstl1a
8818,fstl1b,fstl1b
8819,fstl3,fstl3
8820,fstl4,fstl4
8821,fstl5,fstl5
8822,ft1,ft1
8823,ft2,ft2
8824,ftcd,ftcd
8825,fth1a,fth1a
8826,fth1b,fth1b
8827,fthl27,fthl27
8828,fthl28,fthl28
8829,fthl29,fthl29
8830,fthl31,fthl31
8831,fto,fto
8832,ftr01,ftr01
8833,ftr02,ftr02
8834,ftr03,ftr03
8835,ftr04,ftr04
8836,ftr05,ftr05
8837,ftr06,ftr06
8838,ftr07,ftr07
8839,ftr10,ftr10
8840,ftr11,ftr11
8841,ftr13,ftr13
8842,ftr14,ftr14
8843,ftr14l,ftr14l
8844,ftr16,ftr16
8845,ftr22,ftr22
8846,ftr23,ftr23
8847,ftr24,ftr24
8848,ftr25,ftr25
8849,ftr26,ftr26
8850,ftr27,ftr27
8851,ftr29,ftr29
8852,ftr30,ftr30
8853,ftr32,ftr32
8854,ftr34,ftr34
8855,ftr36,ftr36
8856,ftr38,ftr38
8857,ftr43,ftr43
8858,ftr50,ftr50
8859,ftr51,ftr51
8860,ftr52p,ftr52p
8861,ftr53,ftr53
8862,ftr55,ftr55
8863,ftr56,ftr56
8864,ftr57,ftr57
8865,ftr58,ftr58
8866,ftr59,ftr59
8867,ftr63,ftr63
8868,ftr64,ftr64
8869,ftr66,ftr66
8870,ftr67,ftr67
8871,ftr69,ftr69
8872,ftr70,ftr70
8873,ftr72,ftr72
8874,ftr73,ftr73
8875,ftr76,ftr76
8876,ftr79,ftr79
8877,ftr80,ftr80
8878,ftr81,ftr81
8879,ftr82,ftr82
8880,ftr85,ftr85
8881,ftr86,ftr86
8882,ftr87,ftr87
8883,ftr90,ftr90
8884,ftr91,ftr91
8885,ftr92,ftr92
8886,ftr93,ftr93
8887,ftr98,ftr98
8888,ftr99,ftr99
8889,ftsj1,ftsj1
8890,fubp1,fubp1
8891,fuca1.1,fuca1.1
8892,fuca1.2,fuca1.2
8893,fuca2,fuca2
8894,fuk,fuk
8895,fundc1,fundc1
8896,fundc2,fundc2
8897,fuom,fuom
8898,furina,furina
8899,furinb,furinb
8900,fus,fus
8901,fut10,fut10
8902,fut11,fut11
8903,fut7,fut7
8904,fut8a,fut8a
8905,fut8b,fut8b
8906,fut9a,fut9a
8907,fut9b,fut9b
8908,fut9d,fut9d
8909,fuz,fuz
8910,fxn,fxn
8911,fxr1,fxr1
8912,fxr2,fxr2
8913,fxyd1,fxyd1
8914,fxyd6,fxyd6
8915,fxyd6l,fxyd6l
8916,fyba,fyba
8917,fybb,fybb
8918,fyco1a,fyco1a
8919,fyco1b,fyco1b
8920,fyna,fyna
8921,fynb,fynb
8922,fzd1,fzd1
8923,fzd10,fzd10
8924,fzd2,fzd2
8925,fzd3a,fzd3a
8926,fzd3b,fzd3b
8927,fzd4,fzd4
8928,fzd5,fzd5
8929,fzd7a,fzd7a
8930,fzd7b,fzd7b
8931,fzd8a,fzd8a
8932,fzd8b,fzd8b
8933,fzd9b,fzd9b
8934,fzr1a,fzr1a
8935,fzr1b,fzr1b
8936,g0s2,g0s2
8937,g2e3,g2e3
8938,g3bp1,g3bp1
8939,g3bp2,g3bp2
8940,g6fl,g6fl
8941,g6pc3,g6pc3
8942,g6pca.1,g6pca.1
8943,g6pca.2,g6pca.2
8944,g6pcb,g6pcb
8945,g6pd,g6pd
8948,gab1,gab1
8949,gab2,gab2
8950,gabarapa,gabarapa
8951,gabarapb,gabarapb
8952,gabarapl2,gabarapl2
8953,gabbr1a,gabbr1a
8954,gabbr1b,gabbr1b
8955,gabbr2,gabbr2
8956,gabpa,gabpa
8957,gabpb1,gabpb1
8958,gabpb2a,gabpb2a
8959,gabpb2b,gabpb2b
8960,gabra1,gabra1
8961,GABRA2,GABRA2
8962,gabra2a,gabra2a
8963,gabra3,gabra3
8964,gabra4,gabra4
8965,gabra5,gabra5
8966,gabra6a,gabra6a
8967,gabra6b,gabra6b
8968,gabrb1,gabrb1
8969,gabrb2,gabrb2
8970,gabrb3,gabrb3
8971,gabrd,gabrd
8972,gabrg1,gabrg1
8973,gabrp,gabrp
8974,gabrr1,gabrr1
8976,gabrr2a,gabrr2a
8977,gabrr2b,gabrr2b
8978,gabrr3b,gabrr3b
8979,gabrz,gabrz
8980,gad1a,gad1a
8981,gad1b,gad1b
8982,gad2,gad2
8983,gadd45aa,gadd45aa
8984,gadd45ab,gadd45ab
8985,gadd45ba,gadd45ba
8986,gadd45bb,gadd45bb
8987,gadd45ga,gadd45ga
8988,gadd45gb.1,gadd45gb.1
8989,gadd45gip1,gadd45gip1
8990,gak,gak
8991,gal3st1b,gal3st1b
8992,gal3st2,gal3st2
8993,gal3st3,gal3st3
8994,gal3st4,gal3st4
8995,galca,galca
8996,galcb,galcb
8997,gale,gale
8998,galk1,galk1
8999,galk2,galk2
9000,galm,galm
9001,galn,galn
9002,galns,galns
9003,galnt1,galnt1
9004,galnt12,galnt12
9005,galnt13,galnt13
9006,galnt14,galnt14
9007,galnt16,galnt16
9008,galnt17,galnt17
9009,galnt18a,galnt18a
9010,galnt18b,galnt18b
9011,galnt2,galnt2
9012,GALNT3,GALNT3
9013,galnt6,galnt6
9014,galnt7,galnt7
9015,galnt8a.1,galnt8a.1
9016,galnt8a.2,galnt8a.2
9017,galnt8b.1,galnt8b.1
9018,galnt8b.2,galnt8b.2
9019,galnt9,galnt9
9020,GALNTL6,GALNTL6
9021,galr1a,galr1a
9022,galr1b,galr1b
9023,galr2a,galr2a
9024,galr2b,galr2b
9025,galt,galt
9026,gamt,gamt
9027,GAN,GAN
9028,ganab,ganab
9029,ganc,ganc
9030,gap43,gap43
9031,gapdh,gapdh
9032,gapdhs,gapdhs
9033,gapvd1,gapvd1
9034,gar1,gar1
9035,garem,garem
9036,gareml,gareml
9037,GARNL3,GARNL3
9038,gars,gars
9039,gart,gart
9040,gas1a,gas1a
9041,gas1b,gas1b
9042,gas2a,gas2a
9043,gas2b,gas2b
9044,gas2l1,gas2l1
9045,gas2l2,gas2l2
9046,gas2l3,gas2l3
9047,gas6,gas6
9048,gas7a,gas7a
9049,gas8,gas8
9050,gata1a,gata1a
9051,gata1b,gata1b
9052,gata2a,gata2a
9053,gata2b,gata2b
9054,gata3,gata3
9055,gata4,gata4
9056,gata5,gata5
9057,gata6,gata6
9058,gatad1,gatad1
9059,gatad2ab,gatad2ab
9060,gatad2b,gatad2b
9061,gatb,gatb
9062,gatc,gatc
9063,gatd1,gatd1
9064,gatd3a,gatd3a
9065,gatm,gatm
9066,gb:ai877918,gbai877918
9067,gb:bc139872,gbbc139872
9068,gb:co360592,gbco360592
9069,gb:cr929477,gbcr929477
9070,gb:ee300746,gbee300746
9071,gb:eh456644,gbeh456644
9072,gba,gba
9073,gba2,gba2
9074,gba3,gba3
9075,gbe1a,gbe1a
9076,gbe1b,gbe1b
9077,gbf1,gbf1
9078,GBGT1,GBGT1
9079,gbgt1l1,gbgt1l1
9080,gbgt1l2,gbgt1l2
9081,gbgt1l3,gbgt1l3
9082,gbgt1l4,gbgt1l4
9083,gbp,gbp
9084,gbp1,gbp1
9085,gbp2,gbp2
9086,gbp3,gbp3
9087,gbp4,gbp4
9088,gbx1,gbx1
9089,gbx2,gbx2
9090,gc,gc
9091,gc2,gc2
9092,GCA,GCA
9093,gcat,gcat
9094,gcc1,gcc1
9095,gcdha,gcdha
9096,gcdhb,gcdhb
9097,gcfc2,gcfc2
9098,gcga,gcga
9099,gcgb,gcgb
9100,gcgra,gcgra
9101,gcgrb,gcgrb
9102,gch1,gch1
9103,gch2,gch2
9104,gchfr,gchfr
9105,gck,gck
9106,gclc,gclc
9107,gclm,gclm
9108,gcm2,gcm2
9109,gcn1,gcn1
9110,gcna,gcna
9111,gcnt4a,gcnt4a
9112,gcnt4b,gcnt4b
9113,gcnt7,gcnt7
9114,gcsha,gcsha
9115,gcshb,gcshb
9116,gda,gda
9117,gdap1,gdap1
9118,gdap1l1,gdap1l1
9119,gdap2,gdap2
9120,gde1,gde1
9121,gdf10a,gdf10a
9122,gdf11,gdf11
9123,gdf3,gdf3
9124,gdf5,gdf5
9125,gdf6a,gdf6a
9126,gdf6b,gdf6b
9127,gdf7,gdf7
9128,gdf9,gdf9
9129,gdi1,gdi1
9130,gdi2,gdi2
9131,gdnfa,gdnfa
9132,gdnfb,gdnfb
9133,gdpd1,gdpd1
9134,gdpd2,gdpd2
9135,gdpd3a,gdpd3a
9136,gdpd3b,gdpd3b
9137,gdpd4a,gdpd4a
9138,gdpd4b,gdpd4b
9139,gdpd5a,gdpd5a
9140,gdpd5b,gdpd5b
9141,GDPGP1,GDPGP1
9142,gem,gem
9143,gemin2,gemin2
9144,gemin4,gemin4
9145,gemin5,gemin5
9146,gemin6,gemin6
9147,gemin7,gemin7
9148,gemin8,gemin8
9149,get4,get4
9150,gfap,gfap
9151,gfer,gfer
9152,gfi1aa,gfi1aa
9153,gfi1ab,gfi1ab
9154,gfi1b,gfi1b
9155,gfm1,gfm1
9156,gfm2,gfm2
9157,GFOD1,GFOD1
9158,gfod2,gfod2
9159,gfpt1,gfpt1
9160,gfpt2,gfpt2
9161,gfra1b,gfra1b
9162,gfra2b,gfra2b
9163,gfra3,gfra3
9164,gfra4a,gfra4a
9165,gfra4b,gfra4b
9166,gfral,gfral
9167,gga1,gga1
9168,ggact.1,ggact.1
9169,ggact.2,ggact.2
9170,ggact.3,ggact.3
9171,ggcta,ggcta
9172,ggctb,ggctb
9173,ggcx,ggcx
9174,ggh,ggh
9175,ggnbp2,ggnbp2
9176,ggps1,ggps1
9177,ggt1a,ggt1a
9178,ggt1b,ggt1b
9179,ggt1l2.1,ggt1l2.1
9180,ggt5a,ggt5a
9181,GGT7,GGT7
9182,gh1,gh1
9183,ghdc,ghdc
9184,ghitm,ghitm
9185,ghra,ghra
9186,ghrb,ghrb
9187,ghrh,ghrh
9188,ghrhr2,ghrhr2
9189,ghrhra,ghrhra
9190,ghrhrb,ghrhrb
9191,ghrhrl,ghrhrl
9192,ghsra,ghsra
9193,ghsrb,ghsrb
9194,GID4,GID4
9195,gid8a,gid8a
9196,gid8b,gid8b
9197,gig2d,gig2d
9198,gig2e,gig2e
9199,gig2f,gig2f
9200,gig2g,gig2g
9201,gig2h,gig2h
9202,gig2j,gig2j
9204,gig2l,gig2l
9205,gig2o,gig2o
9206,gigyf1a,gigyf1a
9207,gigyf1b,gigyf1b
9208,gigyf2,gigyf2
9209,ginm1,ginm1
9210,gins1,gins1
9211,gins2,gins2
9212,gins3,gins3
9213,gins4,gins4
9214,gipc1,gipc1
9215,gipc2,gipc2
9216,gipc3,gipc3
9217,gipr,gipr
9218,git1,git1
9219,git2a,git2a
9220,git2b,git2b
9221,gja3,gja3
9222,gja5a,gja5a
9223,gja5b,gja5b
9224,gja8a,gja8a
9225,gja8b,gja8b
9226,gjd1a,gjd1a
9227,gjd2b,gjd2b
9228,GJD4,GJD4
9229,GK3P,GK3P
9230,gk5,gk5
9231,gkap1,gkap1
9232,gkup,gkup
9233,gla,gla
9234,glb1,glb1
9235,glb1l,glb1l
9236,GLB1L2,GLB1L2
9237,glcci1a,glcci1a
9238,glcea,glcea
9239,glceb,glceb
9240,gldc,gldc
9241,gldn,gldn
9242,gle1,gle1
9243,glg1a,glg1a
9244,glg1b,glg1b
9245,gli1,gli1
9246,gli2a,gli2a
9247,gli2b,gli2b
9248,glipr1a,glipr1a
9249,glipr1b,glipr1b
9250,glipr2,glipr2
9251,glipr2l,glipr2l
9252,glis1a,glis1a
9253,glis1b,glis1b
9254,glis2a,glis2a
9255,glis2b,glis2b
9256,glmna,glmna
9257,glmnb,glmnb
9258,glmp,glmp
9259,glo1,glo1
9260,glod4,glod4
9261,glod5,glod5
9262,glra1,glra1
9263,glra2,glra2
9264,glra4b,glra4b
9265,glrba,glrba
9266,glrbb,glrbb
9267,glrx,glrx
9268,glrx2,glrx2
9269,glrx3,glrx3
9270,glrx5,glrx5
9271,gls2a,gls2a
9272,gls2b,gls2b
9273,glsa,glsa
9274,glsb,glsb
9275,glsl,glsl
9276,glt1d1,glt1d1
9277,glt8d1,glt8d1
9278,glt8d2,glt8d2
9279,gltpa,gltpa
9280,gltpb,gltpb
9281,gltpd2,gltpd2
9282,glud1a,glud1a
9283,glud1b,glud1b
9284,glula,glula
9285,glulb,glulb
9286,glulc,glulc
9287,glyctk,glyctk
9288,glyr1,glyr1
9289,gm2a,gm2a
9290,gmcl1,gmcl1
9291,gmds,gmds
9292,gmeb1,gmeb1
9293,GMEB2,GMEB2
9294,gmfb,gmfb
9295,gmip,gmip
9296,gmnc,gmnc
9297,gmppaa,gmppaa
9298,gmppab,gmppab
9299,gmppb,gmppb
9300,gmpr,gmpr
9301,gmpr2,gmpr2
9302,gmps,gmps
9303,gna11a,gna11a
9304,gna11b,gna11b
9305,gna12a,gna12a
9306,gna13a,gna13a
9307,gna13b,gna13b
9308,gna14,gna14
9309,gna14a,gna14a
9310,gna15.1,gna15.1
9311,gna15.3,gna15.3
9312,gnai1,gnai1
9313,gnai2a,gnai2a
9314,gnai2b,gnai2b
9315,gnai3,gnai3
9316,gnaia,gnaia
9317,gnal,gnal
9318,gnal2,gnal2
9319,gnao1a,gnao1a
9320,gnao1b,gnao1b
9321,gnaq,gnaq
9322,gnas,gnas
9323,gnat1,gnat1
9324,gnat2,gnat2
9325,gnav1,gnav1
9326,GNAZ,GNAZ
9327,gnb1a,gnb1a
9328,gnb1b,gnb1b
9329,gnb1l,gnb1l
9330,gnb2,gnb2
9331,gnb3a,gnb3a
9332,gnb3b,gnb3b
9333,GNB4,GNB4
9334,gnb4b,gnb4b
9335,gnb5a,gnb5a
9336,gne,gne
9337,gng10,gng10
9338,gng12a,gng12a
9339,gng13a,gng13a
9340,gng13b,gng13b
9341,gng2,gng2
9342,gng3,gng3
9343,GNG4,GNG4
9344,gng5,gng5
9345,gng7,gng7
9346,gng8,gng8
9347,gngt1,gngt1
9348,gngt2a,gngt2a
9349,gngt2b,gngt2b
9350,gnl1,gnl1
9351,gnl2,gnl2
9352,gnl3,gnl3
9353,gnl3l,gnl3l
9354,gnmt,gnmt
9355,gnpat,gnpat
9356,gnpda1,gnpda1
9357,gnpda2,gnpda2
9358,gnpnat1,gnpnat1
9359,gnptab,gnptab
9360,gnrh2,gnrh2
9361,gnrh3,gnrh3
9362,gnrhr1,gnrhr1
9363,gnrhr2,gnrhr2
9364,gnrhr4,gnrhr4
9365,gnsa,gnsa
9366,gnsb,gnsb
9367,golga1,golga1
9368,golga2,golga2
9369,golga3,golga3
9370,golga4,golga4
9371,golga5,golga5
9372,golga7,golga7
9373,golga7ba,golga7ba
9374,golga7bb,golga7bb
9375,golim4b,golim4b
9376,golph3,golph3
9377,golph3l,golph3l
9378,golt1a,golt1a
9379,golt1ba,golt1ba
9380,golt1bb,golt1bb
9381,gon4l,gon4l
9382,gopc,gopc
9383,gorab,gorab
9384,gorasp1a,gorasp1a
9385,gorasp1b,gorasp1b
9386,gorasp2,gorasp2
9387,gosr1,gosr1
9388,gosr2,gosr2
9389,got1,got1
9390,got1l1,got1l1
9391,got2a,got2a
9392,got2b,got2b
9393,gp1bb,gp1bb
9394,gp9,gp9
9395,gpa33a,gpa33a
9396,gpa33b,gpa33b
9397,gpaa1,gpaa1
9398,gpalpp1,gpalpp1
9399,gpam,gpam
9400,gpank1,gpank1
9401,gpat2,gpat2
9402,gpat3,gpat3
9403,gpat4,gpat4
9404,gpatch1,gpatch1
9405,gpatch11,gpatch11
9406,GPATCH2,GPATCH2
9407,gpatch3,gpatch3
9408,gpatch4,gpatch4
9409,gpatch8,gpatch8
9410,gpbar1,gpbar1
9411,gpbp1l1,gpbp1l1
9412,gpc1a,gpc1a
9413,gpc1b,gpc1b
9414,gpc2,gpc2
9415,gpc3,gpc3
9416,gpc4,gpc4
9417,gpc5a,gpc5a
9418,gpc5b,gpc5b
9419,gpc5c,gpc5c
9420,gpc6a,gpc6a
9421,gpc6b,gpc6b
9422,gpcpd1,gpcpd1
9423,gpd1a,gpd1a
9424,gpd1b,gpd1b
9425,gpd1c,gpd1c
9426,gpd1l,gpd1l
9427,gpd2,gpd2
9428,gper1,gper1
9429,gpha2,gpha2
9430,gphna,gphna
9431,gpia,gpia
9432,gpib,gpib
9433,gpkow,gpkow
9434,gpm6aa,gpm6aa
9435,gpm6ab,gpm6ab
9436,gpm6ba,gpm6ba
9437,gpm6bb,gpm6bb
9438,gpn1,gpn1
9439,gpn2,gpn2
9440,gpn3,gpn3
9441,gpnmb,gpnmb
9442,gpr1,gpr1
9443,gpr107,gpr107
9444,gpr108,gpr108
9445,gpr12,gpr12
9446,gpr132a,gpr132a
9447,gpr132b,gpr132b
9448,gpr135,gpr135
9449,gpr137,gpr137
9450,gpr137ba,gpr137ba
9451,gpr137bb,gpr137bb
9452,gpr137c,gpr137c
9453,gpr141,gpr141
9454,gpr142,gpr142
9455,gpr143,gpr143
9456,gpr146,gpr146
9457,gpr153,gpr153
9458,gpr155a,gpr155a
9459,gpr155b,gpr155b
9460,gpr156,gpr156
9461,gpr157,gpr157
9462,gpr158a,gpr158a
9463,gpr158b,gpr158b
9464,gpr160,gpr160
9465,gpr161,gpr161
9466,gpr17,gpr17
9467,gpr171,gpr171
9468,gpr173,gpr173
9469,gpr174,gpr174
9470,gpr176,gpr176
9471,gpr18,gpr18
9472,GPR180,GPR180
9473,gpr182,gpr182
9474,gpr183a,gpr183a
9475,gpr183b,gpr183b
9476,gpr185a,gpr185a
9477,gpr185b,gpr185b
9478,gpr186,gpr186
9479,gpr20,gpr20
9480,gpr22a,gpr22a
9481,gpr22b,gpr22b
9482,gpr26,gpr26
9483,gpr27,gpr27
9484,gpr31,gpr31
9485,gpr34b,gpr34b
9486,gpr35.1,gpr35.1
9487,gpr35.2,gpr35.2
9488,gpr37a,gpr37a
9489,gpr37b,gpr37b
9490,gpr37l1a,gpr37l1a
9491,gpr37l1b,gpr37l1b
9492,gpr39,gpr39
9493,gpr4,gpr4
9494,GPR45,GPR45
9495,gpr52,gpr52
9496,gpr55a,gpr55a
9497,gpr6,gpr6
9498,gpr61,gpr61
9499,gpr61l,gpr61l
9500,GPR62,GPR62
9501,gpr63,gpr63
9502,gpr75,gpr75
9503,gpr78a,gpr78a
9504,gpr78b,gpr78b
9505,gpr84,gpr84
9506,gpr85,gpr85
9507,gpr88,gpr88
9508,GPR89B,GPR89B
9509,gprc5ba,gprc5ba
9510,gprc5bb,gprc5bb
9511,gprc5c,gprc5c
9512,gprc6a,gprc6a
9513,gprin1,gprin1
9514,gps1,gps1
9515,gps2,gps2
9516,gpsm1a,gpsm1a
9517,gpsm1b,gpsm1b
9518,gpsm2,gpsm2
9519,gpsm2l,gpsm2l
9520,gpt2,gpt2
9521,gpt2l,gpt2l
9522,gpx1a,gpx1a
9523,gpx1b,gpx1b
9524,gpx2,gpx2
9525,gpx3,gpx3
9526,gpx4a,gpx4a
9527,gpx4b,gpx4b
9528,gpx7,gpx7
9529,gpx8,gpx8
9530,gpx9,gpx9
9531,gra,gra
9532,gramd1a,gramd1a
9533,gramd1ba,gramd1ba
9534,gramd1bb,gramd1bb
9535,gramd1c,gramd1c
9536,gramd2aa,gramd2aa
9537,gramd4a,gramd4a
9538,gramd4b,gramd4b
9539,grap2a,grap2a
9540,grap2b,grap2b
9541,grapa,grapa
9542,grapb,grapb
9543,grasp,grasp
9544,grb10a,grb10a
9545,grb10b,grb10b
9546,GRB14,GRB14
9547,grb2a,grb2a
9548,grb2b,grb2b
9549,grb7,grb7
9550,grcc10,grcc10
9551,greb1,greb1
9552,greb1l,greb1l
9553,grem1a,grem1a
9554,grem1b,grem1b
9555,grem2a,grem2a
9556,grem2b,grem2b
9557,grhl1,grhl1
9558,grhl2a,grhl2a
9559,grhl2b,grhl2b
9560,grhl3,grhl3
9561,grhpra,grhpra
9562,grhprb,grhprb
9563,gria1a,gria1a
9564,gria1b,gria1b
9565,gria2a,gria2a
9566,gria2b,gria2b
9567,gria3a,gria3a
9568,gria3b,gria3b
9569,gria4b,gria4b
9570,grid1a,grid1a
9571,grid1b,grid1b
9572,grid2,grid2
9573,grid2ipa,grid2ipa
9574,grid2ipb,grid2ipb
9575,grifin,grifin
9576,grik1a,grik1a
9577,grik1b,grik1b
9578,GRIK2,GRIK2
9579,grik4,grik4
9580,grik5,grik5
9581,grin1b,grin1b
9582,grin2aa,grin2aa
9583,grin2ab,grin2ab
9584,GRIN2B,GRIN2B
9585,grin2bb,grin2bb
9586,grin2ca,grin2ca
9587,grin2cb,grin2cb
9588,grin2da,grin2da
9589,grin2db,grin2db
9590,grin3a,grin3a
9591,grin3ba,grin3ba
9592,grin3bb,grin3bb
9593,grinaa,grinaa
9594,grinab,grinab
9595,grip1,grip1
9596,grip2a,grip2a
9597,grip2b,grip2b
9598,gripap1,gripap1
9599,grk1a,grk1a
9600,grk1b,grk1b
9601,grk3,grk3
9602,grk4,grk4
9603,grk5,grk5
9604,grk5l,grk5l
9605,grk6,grk6
9606,grk7a,grk7a
9607,grk7b,grk7b
9608,grm1a,grm1a
9609,grm1b,grm1b
9610,grm2b,grm2b
9611,grm3,grm3
9612,grm4,grm4
9613,grm5a,grm5a
9614,grm5b,grm5b
9615,grm6a,grm6a
9616,grm6b,grm6b
9617,GRM7,GRM7
9618,grm8a,grm8a
9619,grm8b,grm8b
9620,grn1,grn1
9621,grn2,grn2
9622,grna,grna
9623,grnas,grnas
9624,grnb,grnb
9625,grp,grp
9626,grpel1,grpel1
9627,grpel2,grpel2
9628,grpr,grpr
9629,grsf1,grsf1
9630,grtp1a,grtp1a
9631,grtp1b,grtp1b
9632,grwd1,grwd1
9633,grxcr2,grxcr2
9634,gsap,gsap
9635,gsc,gsc
9636,gsdf,gsdf
9637,gsdmea,gsdmea
9638,gsdmeb,gsdmeb
9639,gse1,gse1
9640,gsg1l,gsg1l
9641,gsg1l2a,gsg1l2a
9642,gsg1l2b,gsg1l2b
9643,gsk3aa,gsk3aa
9644,gsk3ab,gsk3ab
9645,gsk3b,gsk3b
9646,gskip,gskip
9647,gsna,gsna
9648,gsnb,gsnb
9649,gspt1,gspt1
9650,gspt1l,gspt1l
9651,gsr,gsr
9652,gss,gss
9653,gsta.1,gsta.1
9654,gsta.2,gsta.2
9655,gstcd,gstcd
9656,gstk1,gstk1
9657,gstk2,gstk2
9658,gstk4,gstk4
9659,gstm.1,gstm.1
9660,gstm.2,gstm.2
9661,gstm.3,gstm.3
9662,gsto1,gsto1
9663,gsto2,gsto2
9664,gstp1,gstp1
9665,gstp2,gstp2
9666,gstr,gstr
9667,gstt1a,gstt1a
9668,gstt1b,gstt1b
9669,gstt2,gstt2
9670,gstz1,gstz1
9671,gsx1,gsx1
9672,gsx2,gsx2
9673,gtdc1,gtdc1
9674,gtf2a1,gtf2a1
9675,gtf2a1l,gtf2a1l
9676,gtf2a2,gtf2a2
9677,gtf2b,gtf2b
9678,gtf2e1,gtf2e1
9679,gtf2e2,gtf2e2
9680,gtf2f1,gtf2f1
9681,gtf2f2a,gtf2f2a
9682,gtf2f2b,gtf2f2b
9683,gtf2h1,gtf2h1
9684,gtf2h2,gtf2h2
9685,gtf2h3,gtf2h3
9686,gtf2h4,gtf2h4
9687,gtf2h5,gtf2h5
9688,gtf2ird1,gtf2ird1
9689,gtf3aa,gtf3aa
9690,gtf3ab,gtf3ab
9691,gtf3c2,gtf3c2
9692,gtf3c3,gtf3c3
9693,gtf3c4,gtf3c4
9694,gtf3c5,gtf3c5
9695,gtpbp1,gtpbp1
9696,gtpbp10,gtpbp10
9697,gtpbp1l,gtpbp1l
9698,gtpbp2b,gtpbp2b
9699,gtpbp3,gtpbp3
9700,gtpbp4,gtpbp4
9701,gtpbp6,gtpbp6
9702,GTPBP8,GTPBP8
9703,gtse1,gtse1
9704,guca1a,guca1a
9705,guca1b,guca1b
9706,guca1c,guca1c
9707,guca1d,guca1d
9708,guca1e,guca1e
9709,gucd1,gucd1
9710,gucy1a1,gucy1a1
9711,GUCY1A2,GUCY1A2
9712,gucy1b1,gucy1b1
9713,gucy1b2,gucy1b2
9714,gucy2c,gucy2c
9715,gucy2d,gucy2d
9716,gucy2f,gucy2f
9717,gucy2g,gucy2g
9718,guf1,guf1
9719,guk1a,guk1a
9720,guk1b,guk1b
9721,gulp1a,gulp1a
9722,gulp1b,gulp1b
9723,gusb,gusb
9724,gxylt1b,gxylt1b
9725,gxylt2,gxylt2
9726,gyg1a,gyg1a
9727,gyg1b,gyg1b
9728,gypc,gypc
9729,gys1,gys1
9730,gys2,gys2
9731,gzm3,gzm3
9732,gzm3.2,gzm3.2
9733,gzm3.3,gzm3.3
9734,gzm3.4,gzm3.4
9735,gzma,gzma
9736,gzmk,gzmk
9737,h1f0,h1f0
9738,h1fx,h1fx
9739,h1m,h1m
9740,h2af1al,h2af1al
9741,h2afva,h2afva
9742,h2afvb,h2afvb
9743,h2afx,h2afx
9744,h2afx1,h2afx1
9745,h2afy,h2afy
9746,h2afy2,h2afy2
9747,h3f3c,h3f3c
9748,h3f3d,h3f3d
9749,haao,haao
9750,habp2,habp2
9751,hacd1,hacd1
9752,hacd2,hacd2
9753,hacd3,hacd3
9754,HACD4,HACD4
9755,hace1,hace1
9756,hacl1,hacl1
9757,hadh,hadh
9758,hadhaa,hadhaa
9759,hadhab,hadhab
9760,hadhb,hadhb
9761,hagh,hagh
9762,hal,hal
9763,hamp,hamp
9764,hand2,hand2
9765,hao1,hao1
9766,hao2,hao2
9767,hapln1a,hapln1a
9768,hapln1b,hapln1b
9769,hapln2,hapln2
9770,hapln3,hapln3
9771,hapln4,hapln4
9772,harbi1,harbi1
9773,hars,hars
9774,has2,has2
9775,has3,has3
9776,hat1,hat1
9777,haus1,haus1
9778,haus3,haus3
9779,haus4,haus4
9780,haus5,haus5
9781,haus6,haus6
9782,haus7,haus7
9783,havcr1,havcr1
9784,havcr2,havcr2
9785,hax1,hax1
9786,hbaa1,hbaa1
9787,hbaa2,hbaa2
9788,hbae1.1,hbae1.1
9789,hbae1.3,hbae1.3
9790,hbae3,hbae3
9791,hbae5,hbae5
9792,hbba1,hbba1
9793,hbba2,hbba2
9794,hbbe1.1,hbbe1.1
9795,hbbe1.2,hbbe1.2
9796,hbbe1.3,hbbe1.3
9797,hbbe2,hbbe2
9798,hbbe3,hbbe3
9799,hbegfa,hbegfa
9800,hbegfb,hbegfb
9801,hbl1,hbl1
9802,hbl2,hbl2
9803,hbl4,hbl4
9804,hbp1,hbp1
9805,hbs1l,hbs1l
9806,hbxb,hbxb
9807,hcar1-3,hcar1-3
9808,hcar1-4,hcar1-4
9809,hccsa.1,hccsa.1
9810,hccsa.2,hccsa.2
9811,hccsb,hccsb
9812,hcfc1a,hcfc1a
9813,hcfc1b,hcfc1b
9814,hcfc2,hcfc2
9815,hck,hck
9816,hcls1,hcls1
9817,hcn1,hcn1
9818,hcn2b,hcn2b
9819,hcn3,hcn3
9820,hcn4,hcn4
9821,hcn4l,hcn4l
9822,hcn5,hcn5
9823,hcrt,hcrt
9824,hcrtr2,hcrtr2
9825,hcst,hcst
9826,hdac1,hdac1
9827,hdac10,hdac10
9828,hdac11,hdac11
9829,hdac12,hdac12
9830,hdac3,hdac3
9831,hdac4,hdac4
9832,hdac5,hdac5
9833,hdac6,hdac6
9834,hdac7a,hdac7a
9835,hdac8,hdac8
9836,hdac9b,hdac9b
9837,hdc,hdc
9838,hddc2,hddc2
9839,hddc3,hddc3
9840,hdgfl2,hdgfl2
9841,hdhd2,hdhd2
9842,hdhd3,hdhd3
9843,hdhd5,hdhd5
9844,hdlbpa,hdlbpa
9845,hdlbpb,hdlbpb
9846,hdr,hdr
9847,hdx,hdx
9848,he1.2,he1.2
9849,he1.3,he1.3
9850,heatr1,heatr1
9851,heatr3,heatr3
9852,heatr5a,heatr5a
9853,heatr5b,heatr5b
9854,heatr6,heatr6
9855,hebp2,hebp2
9856,heca,heca
9857,hectd1,hectd1
9858,hectd2,hectd2
9859,hectd3,hectd3
9860,HECTD4,HECTD4
9861,hecw1b,hecw1b
9862,hecw2a,hecw2a
9863,hecw2b,hecw2b
9864,heg1,heg1
9865,helb,helb
9866,hells,hells
9867,helq,helq
9868,helt,helt
9869,helz,helz
9870,helz2,helz2
9871,hemgn,hemgn
9872,hemk1,hemk1
9873,henmt1,henmt1
9874,hepacam2,hepacam2
9875,hepacama,hepacama
9876,hephl1a,hephl1a
9877,hephl1b,hephl1b
9878,her11,her11
9879,her12,her12
9880,her13,her13
9881,her2,her2
9882,her3,her3
9883,her4.1,her4.1
9884,her4.3,her4.3
9885,her4.4,her4.4
9886,her5,her5
9887,her6,her6
9888,her7,her7
9889,her8.2,her8.2
9890,her8a,her8a
9891,her9,her9
9892,herc1,herc1
9893,herc2,herc2
9894,herc3,herc3
9895,herc4,herc4
9896,herc7,herc7
9897,herpud1,herpud1
9898,herpud2,herpud2
9899,hes2.1,hes2.1
9900,hes2.2,hes2.2
9901,hes6,hes6
9902,hesx1,hesx1
9903,hexa,hexa
9904,hexb,hexb
9905,hexdc,hexdc
9906,hexim1,hexim1
9907,hey1,hey1
9908,hey2,hey2
9909,heyl,heyl
9910,hfm1,hfm1
9911,hgd,hgd
9912,hgfa,hgfa
9913,hgfb,hgfb
9914,hgh1,hgh1
9915,hgs,hgs
9916,hgsnat,hgsnat
9917,hhat,hhat
9918,hhatla,hhatla
9919,hhatlb,hhatlb
9920,hhex,hhex
9921,hhip,hhip
9922,hhipl1,hhipl1
9923,hhipl2,hhipl2
9924,hhla1,hhla1
9925,hhla2a.2,hhla2a.2
9926,hhla2b.1,hhla2b.1
9927,hhla2b.2,hhla2b.2
9928,hiat1a,hiat1a
9929,hiat1b,hiat1b
9930,hibadha,hibadha
9931,hibadhb,hibadhb
9932,hibch,hibch
9933,hic1,hic1
9934,hic1l,hic1l
9935,hic2,hic2
9936,hid1a,hid1a
9937,hid1b,hid1b
9938,hif1aa,hif1aa
9939,hif1ab,hif1ab
9940,hif1al,hif1al
9941,hif1al2,hif1al2
9942,hif1an,hif1an
9943,higd1a,higd1a
9944,higd2a,higd2a
9945,hikeshi,hikeshi
9946,hinfp,hinfp
9947,hint1,hint1
9948,hint2,hint2
9949,hint3,hint3
9950,hip1,hip1
9951,hip1rb,hip1rb
9952,hipk1a,hipk1a
9953,hipk2,hipk2
9954,hipk3a,hipk3a
9955,hipk3b,hipk3b
9956,hira,hira
9957,hirip3,hirip3
9958,hist1h2a1,hist1h2a1
9959,hist1h2a2,hist1h2a2
9960,hist1h2a3,hist1h2a3
9961,hist1h2a5,hist1h2a5
9962,hist1h2a6,hist1h2a6
9963,hist1h2ba,hist1h2ba
9964,hist2h2l,hist2h2l
9965,HIST2H3A,HIST2H3A
9966,hist2h3c,hist2h3c
9967,hist2h3ca1,hist2h3ca1
9968,histh1l,histh1l
9969,hivep1,hivep1
9970,hivep2a,hivep2a
9971,hivep2b,hivep2b
9972,hivep3a,hivep3a
9973,hivep3b,hivep3b
9974,hjv,hjv
9975,hk1,hk1
9976,hk2,hk2
9977,hkdc1,hkdc1
9978,hlcs,hlcs
9979,hlfa,hlfa
9980,hlfb,hlfb
9981,hltf,hltf
9982,hlx1,hlx1
9983,hm13,hm13
9984,hmbox1a,hmbox1a
9985,hmbsa,hmbsa
9986,hmbsb,hmbsb
9987,hmces,hmces
9988,hmcn1,hmcn1
9989,hmcn2,hmcn2
9990,hmg20a,hmg20a
9991,hmg20b,hmg20b
9992,hmga1a,hmga1a
9993,hmga1b,hmga1b
9994,hmga2,hmga2
9995,hmgb1a,hmgb1a
9996,hmgb1b,hmgb1b
9997,hmgb2a,hmgb2a
9998,hmgb2b,hmgb2b
9999,hmgb3a,hmgb3a
10000,hmgb3b,hmgb3b
10001,hmgcl,hmgcl
10002,hmgcll1,hmgcll1
10003,hmgcra,hmgcra
10004,hmgcrb,hmgcrb
10005,hmgcs1,hmgcs1
10006,hmgn2,hmgn2
10007,hmgn3,hmgn3
10008,hmgn6,hmgn6
10009,hmgn7,hmgn7
10010,hmgxb3,hmgxb3
10011,hmgxb4a,hmgxb4a
10012,hmha1b,hmha1b
10013,hmmr,hmmr
10014,hmox1a,hmox1a
10015,hmox2a,hmox2a
10016,hmox2b,hmox2b
10017,hmx1,hmx1
10018,hmx2,hmx2
10019,hmx3a,hmx3a
10020,hmx3b,hmx3b
10021,hmx4,hmx4
10022,hnf1a,hnf1a
10023,hnf1ba,hnf1ba
10024,hnf1bb,hnf1bb
10025,hnf4a,hnf4a
10026,hnf4b,hnf4b
10027,hnf4g,hnf4g
10028,hnmt,hnmt
10029,hnrnpa0a,hnrnpa0a
10030,hnrnpa0b,hnrnpa0b
10031,hnrnpa1a,hnrnpa1a
10032,hnrnpa1b,hnrnpa1b
10033,hnrnpa3,hnrnpa3
10034,hnrnpaba,hnrnpaba
10035,hnrnpabb,hnrnpabb
10036,hnrnpc,hnrnpc
10037,hnrnpd,hnrnpd
10038,hnrnph1,hnrnph1
10039,hnrnph1l,hnrnph1l
10040,hnrnph3,hnrnph3
10041,hnrnpk,hnrnpk
10042,hnrnpl,hnrnpl
10043,hnrnpl2,hnrnpl2
10044,hnrnpm,hnrnpm
10045,hnrnpr,hnrnpr
10046,hnrnpua,hnrnpua
10047,hnrnpub,hnrnpub
10048,hnrnpul1,hnrnpul1
10049,hnrnpul1l,hnrnpul1l
10050,hnrpkl,hnrpkl
10051,hoga1,hoga1
10052,homer1b,homer1b
10053,homer2,homer2
10054,homer3a,homer3a
10055,homer3b,homer3b
10056,homeza,homeza
10057,homezb,homezb
10058,hook1,hook1
10059,hook2,hook2
10060,hopx,hopx
10061,hormad1,hormad1
10062,hoxa10b,hoxa10b
10063,hoxa11a,hoxa11a
10064,hoxa11b,hoxa11b
10065,hoxa13a,hoxa13a
10066,hoxa13b,hoxa13b
10067,hoxa1a,hoxa1a
10068,hoxa2b,hoxa2b
10069,hoxa3a,hoxa3a
10070,hoxa4a,hoxa4a
10071,hoxa5a,hoxa5a
10072,hoxa9a,hoxa9a
10073,hoxa9b,hoxa9b
10074,hoxb13a,hoxb13a
10075,hoxb1a,hoxb1a
10076,hoxb1b,hoxb1b
10077,hoxb2a,hoxb2a
10078,hoxb3a,hoxb3a
10079,hoxb4a,hoxb4a
10080,hoxb5a,hoxb5a
10081,hoxb5b,hoxb5b
10082,hoxb6a,hoxb6a
10083,hoxb6b,hoxb6b
10084,hoxb7a,hoxb7a
10085,hoxb8a,hoxb8a
10086,hoxb8b,hoxb8b
10087,hoxb9a,hoxb9a
10088,hoxc10a,hoxc10a
10089,hoxc11a,hoxc11a
10090,hoxc12a,hoxc12a
10091,hoxc12b,hoxc12b
10092,hoxc13a,hoxc13a
10093,hoxc13b,hoxc13b
10094,hoxc1a,hoxc1a
10095,hoxc3a,hoxc3a
10096,hoxc4a,hoxc4a
10097,hoxc5a,hoxc5a
10098,hoxc6a,hoxc6a
10099,hoxc6b,hoxc6b
10100,hoxc8a,hoxc8a
10101,hoxc9a,hoxc9a
10102,hoxd11a,hoxd11a
10103,hoxd12a,hoxd12a
10104,hoxd13a,hoxd13a
10105,hoxd3a,hoxd3a
10106,hoxd4a,hoxd4a
10107,hoxd9a,hoxd9a
10108,hp1bp3,hp1bp3
10109,hpca,hpca
10110,hpcal1,hpcal1
10111,hpcal4,hpcal4
10112,hpf1,hpf1
10113,hpgd,hpgd
10114,hpn,hpn
10115,hprt1,hprt1
10116,hprt1l,hprt1l
10117,hps1,hps1
10118,hps3,hps3
10119,hps4,hps4
10120,hps5,hps5
10121,hps6,hps6
10122,hpse,hpse
10123,hpse2,hpse2
10124,hpxa,hpxa
10125,hrasa,hrasa
10126,hrasb,hrasb
10127,hrasls,hrasls
10128,hrc,hrc
10129,hrh1,hrh1
10130,hrh2a,hrh2a
10131,hrh2b,hrh2b
10132,hrh3,hrh3
10133,hs1bp3,hs1bp3
10134,hs2st1a,hs2st1a
10135,hs2st1b,hs2st1b
10136,hs3st1,hs3st1
10137,hs3st1l1,hs3st1l1
10138,hs3st1l2,hs3st1l2
10139,hs3st2,hs3st2
10140,hs3st3b1a,hs3st3b1a
10141,hs3st3b1b,hs3st3b1b
10142,hs3st3l,hs3st3l
10143,hs3st4,hs3st4
10144,hs6st1a,hs6st1a
10145,hs6st1b,hs6st1b
10146,hs6st2,hs6st2
10147,hs6st3a,hs6st3a
10148,hs6st3b,hs6st3b
10149,hsbp1a,hsbp1a
10150,hsbp1b,hsbp1b
10151,hsbp1l1,hsbp1l1
10152,hsd11b1la,hsd11b1la
10153,hsd11b1lb,hsd11b1lb
10154,hsd11b2,hsd11b2
10155,hsd17b10,hsd17b10
10156,hsd17b12a,hsd17b12a
10157,hsd17b12b,hsd17b12b
10158,hsd17b14,hsd17b14
10159,hsd17b2,hsd17b2
10160,hsd17b3,hsd17b3
10161,hsd17b4,hsd17b4
10162,hsd17b8,hsd17b8
10163,hsd20b2,hsd20b2
10164,hsd3b1,hsd3b1
10165,hsd3b2,hsd3b2
10166,hsd3b7,hsd3b7
10167,hsdl1,hsdl1
10168,hsdl2,hsdl2
10169,hsf1,hsf1
10170,hsf2,hsf2
10171,hsf2bp,hsf2bp
10172,hsf4,hsf4
10173,hsf5,hsf5
10174,hsh2d,hsh2d
10175,hsp70.1,hsp70.1
10176,hsp70.2,hsp70.2
10177,hsp70.3,hsp70.3
10178,hsp70l,hsp70l
10179,hsp90aa1.1,hsp90aa1.1
10180,hsp90aa1.2,hsp90aa1.2
10181,hsp90ab1,hsp90ab1
10182,hsp90b1,hsp90b1
10183,hspa12a,hspa12a
10184,hspa12b,hspa12b
10185,hspa13,hspa13
10186,hspa14,hspa14
10187,hspa4a,hspa4a
10188,hspa4b,hspa4b
10189,hspa4l,hspa4l
10190,hspa5,hspa5
10191,hspa8,hspa8
10192,hspa9,hspa9
10193,hspb1,hspb1
10194,hspb11,hspb11
10195,hspb12,hspb12
10196,hspb15,hspb15
10197,hspb6,hspb6
10198,hspb7,hspb7
10199,hspb8,hspb8
10200,hspb9,hspb9
10201,hspbap1,hspbap1
10202,hspbp1,hspbp1
10203,hspd1,hspd1
10204,hspe1,hspe1
10205,hspg2,hspg2
10206,hsph1,hsph1
10207,htatip2,htatip2
10208,htatsf1,htatsf1
10209,htr1aa,htr1aa
10210,htr1ab,htr1ab
10211,htr1b,htr1b
10212,htr1d,htr1d
10213,htr1e,htr1e
10214,htr1fa,htr1fa
10215,htr1fb,htr1fb
10216,htr2aa,htr2aa
10217,htr2ab,htr2ab
10218,htr2b,htr2b
10219,htr2cl1,htr2cl1
10220,htr3b,htr3b
10221,htr4,htr4
10222,htr5aa,htr5aa
10223,htr5ab,htr5ab
10224,HTR7,HTR7
10225,htr7b,htr7b
10226,htr7c,htr7c
10227,htra1a,htra1a
10228,htra1b,htra1b
10229,htra3a,htra3a
10230,htra3b,htra3b
10231,htra4,htra4
10232,htt,htt
10233,hunk,hunk
10234,HUS1B,HUS1B
10235,huwe1,huwe1
10236,hvcn1,hvcn1
10237,hyal1,hyal1
10238,hyal2a,hyal2a
10239,hyal2b,hyal2b
10240,hyal3,hyal3
10241,hyal4,hyal4
10242,hyal6,hyal6
10243,hydin,hydin
10244,hyou1,hyou1
10245,hypk,hypk
10246,iah1,iah1
10247,iars,iars
10248,iars2,iars2
10249,iba57,iba57
10250,ibtk,ibtk
10251,ica1,ica1
10252,ical1,ical1
10253,ice1,ice1
10254,ice2,ice2
10255,icmt,icmt
10256,icn,icn
10257,icn2,icn2
10258,id1,id1
10259,id2a,id2a
10260,id2b,id2b
10261,id3,id3
10262,id4,id4
10263,ide,ide
10264,idh1,idh1
10265,idh2,idh2
10266,idh3b,idh3b
10267,idh3g,idh3g
10268,idi1,idi1
10269,ido1,ido1
10270,ids,ids
10271,idua,idua
10272,ier2a,ier2a
10273,ier2b,ier2b
10274,ier3ip1,ier3ip1
10275,ier5,ier5
10276,ier5l,ier5l
10277,iffo1a,iffo1a
10278,iffo1b,iffo1b
10279,iffo2a,iffo2a
10280,iffo2b,iffo2b
10281,ifi30,ifi30
10282,ifi35,ifi35
10283,ifi45,ifi45
10284,ifi46,ifi46
10285,ifih1,ifih1
10286,ifit10,ifit10
10287,ifit11,ifit11
10288,ifit12,ifit12
10289,ifit14,ifit14
10290,ifit16,ifit16
10291,ifit8,ifit8
10292,ifit9,ifit9
10293,ifitm5,ifitm5
10294,ifng1,ifng1
10295,ifngr1,ifngr1
10296,ifngr1l,ifngr1l
10297,ifngr2,ifngr2
10298,ifnlr1,ifnlr1
10299,ifnphi1,ifnphi1
10300,ifnphi2,ifnphi2
10301,ifnphi3,ifnphi3
10302,ifrd1,ifrd1
10303,ifrd2,ifrd2
10304,ift140,ift140
10305,ift172,ift172
10306,ift20,ift20
10307,ift22,ift22
10308,ift27,ift27
10309,ift46,ift46
10310,ift52,ift52
10311,ift57,ift57
10312,ift74,ift74
10313,ift80,ift80
10314,ift81,ift81
10315,ift88,ift88
10316,igbp1,igbp1
10317,igdcc3,igdcc3
10318,igdcc4,igdcc4
10319,igf1,igf1
10320,igf1ra,igf1ra
10321,igf1rb,igf1rb
10322,igf2a,igf2a
10323,igf2b,igf2b
10324,igf2bp1,igf2bp1
10325,igf2bp2b,igf2bp2b
10326,igf2bp3,igf2bp3
10327,igf2r,igf2r
10328,igf3,igf3
10329,igfbp1a,igfbp1a
10330,igfbp1b,igfbp1b
10331,igfbp2a,igfbp2a
10332,igfbp2b,igfbp2b
10333,igfbp3,igfbp3
10334,igfbp5a,igfbp5a
10335,igfbp5b,igfbp5b
10336,igfbp6a,igfbp6a
10337,igfbp6b,igfbp6b
10338,igfbp7,igfbp7
10339,igflr1,igflr1
10340,igfn1.2,igfn1.2
10341,igfn1.3,igfn1.3
10342,igfn1.4,igfn1.4
10343,ighd,ighd
10344,ighmbp2,ighmbp2
10345,ighv1-4,ighv1-4
10349,igl4v10,igl4v10
10350,IGLON5,IGLON5
10351,igsf10,igsf10
10352,igsf11,igsf11
10353,igsf21a,igsf21a
10354,igsf21b,igsf21b
10355,igsf3,igsf3
10356,igsf5a,igsf5a
10357,igsf5b,igsf5b
10358,igsf8,igsf8
10359,igsf9a,igsf9a
10360,igsf9b,igsf9b
10361,igsf9ba,igsf9ba
10362,igsf9bb,igsf9bb
10363,ihha,ihha
10364,ihhb,ihhb
10365,ik,ik
10366,ikbkb,ikbkb
10367,ikbke,ikbke
10368,ikbkg,ikbkg
10369,ikzf1,ikzf1
10370,ikzf2,ikzf2
10371,ikzf4,ikzf4
10372,ikzf5,ikzf5
10373,il10,il10
10374,il10ra,il10ra
10375,il10rb,il10rb
10376,il11a,il11a
10377,il11b,il11b
10378,il11ra,il11ra
10379,il12a,il12a
10380,il12ba,il12ba
10381,il12rb2,il12rb2
10382,il12rb2l,il12rb2l
10383,il13,il13
10384,il13ra1,il13ra1
10385,il13ra2,il13ra2
10386,il15l,il15l
10387,il16,il16
10388,il17a/f2,il17af2
10389,il17c,il17c
10390,il17d,il17d
10391,il17ra1a,il17ra1a
10392,il17rc,il17rc
10393,il17rd,il17rd
10394,il17rel,il17rel
10395,il1b,il1b
10396,il1fma,il1fma
10397,il1rapl1a,il1rapl1a
10398,il1rapl2,il1rapl2
10399,il1rl1,il1rl1
10400,il20ra,il20ra
10401,il21r.1,il21r.1
10402,il22ra2,il22ra2
10403,il23r,il23r
10404,il2rb,il2rb
10405,il2rgb,il2rgb
10406,il34,il34
10407,il4,il4
10408,il4r.1,il4r.1
10409,il4r.2,il4r.2
10410,il6,il6
10411,il6r,il6r
10412,il6st,il6st
10413,il7r,il7r
10414,ildr1a,ildr1a
10415,ildr1b,ildr1b
10416,ilf2,ilf2
10417,ilf3a,ilf3a
10418,ilf3b,ilf3b
10419,ilk,ilk
10420,ilkap,ilkap
10421,illr1,illr1
10422,illr4,illr4
10423,ilvbl,ilvbl
10424,im:6904045,im6904045
10425,im:7136021,im7136021
10426,im:7138239,im7138239
10427,im:7138535,im7138535
10428,im:7140055,im7140055
10429,im:7140347,im7140347
10430,im:7141269,im7141269
10431,im:7142702,im7142702
10432,im:7143333,im7143333
10433,im:7145024,im7145024
10434,im:7147486,im7147486
10435,im:7150988,im7150988
10436,im:7151449,im7151449
10437,im:7152348,im7152348
10438,im:7152688,im7152688
10439,im:7157749,im7157749
10440,im:7160594,im7160594
10441,immp1l,immp1l
10442,immp2l,immp2l
10443,immt,immt
10444,imp3,imp3
10445,imp4,imp4
10446,impa1,impa1
10447,impa2,impa2
10448,impact,impact
10449,impad1,impad1
10450,impdh1a,impdh1a
10451,impdh1b,impdh1b
10452,impdh2,impdh2
10453,impg1a,impg1a
10454,impg1b,impg1b
10455,impg2a,impg2a
10456,inaa,inaa
10457,inab,inab
10458,inafm2,inafm2
10459,inavaa,inavaa
10460,inavab,inavab
10461,incenp,incenp
10462,ing1,ing1
10463,ing2,ing2
10464,ing3,ing3
10465,ing4,ing4
10466,ing5a,ing5a
10467,ing5b,ing5b
10468,inha,inha
10469,inhbaa,inhbaa
10470,inhbab,inhbab
10471,inhbb,inhbb
10472,INHBC,INHBC
10473,inip,inip
10474,inka1a,inka1a
10475,inka1b,inka1b
10476,inka2,inka2
10477,ino80,ino80
10478,ino80b,ino80b
10479,ino80c,ino80c
10480,ino80da,ino80da
10481,ino80db,ino80db
10482,ino80e,ino80e
10483,inpp4aa,inpp4aa
10484,inpp4ab,inpp4ab
10485,inpp4b,inpp4b
10486,inpp5a,inpp5a
10487,inpp5b,inpp5b
10488,inpp5d,inpp5d
10489,inpp5e,inpp5e
10490,inpp5f,inpp5f
10491,inpp5ja,inpp5ja
10492,inpp5jb,inpp5jb
10493,inpp5ka,inpp5ka
10494,inpp5kb,inpp5kb
10495,inpp5l,inpp5l
10496,inppl1a,inppl1a
10497,inppl1b,inppl1b
10498,ins,ins
10499,insb,insb
10500,insc,insc
10501,insig1,insig1
10502,insig2,insig2
10503,insl3,insl3
10504,insl5a,insl5a
10505,insm1a,insm1a
10506,insm1b,insm1b
10507,INSM2,INSM2
10508,insra,insra
10509,insrb,insrb
10510,insyn1,insyn1
10511,ints1,ints1
10512,ints10,ints10
10513,ints12,ints12
10514,ints13,ints13
10515,ints14,ints14
10516,ints2,ints2
10517,ints3,ints3
10518,ints4,ints4
10519,ints5,ints5
10520,ints6,ints6
10521,ints6l,ints6l
10522,ints7,ints7
10523,ints9,ints9
10524,invs,invs
10525,ip6k1,ip6k1
10526,ip6k2a,ip6k2a
10527,ip6k2b,ip6k2b
10528,ipcef1,ipcef1
10529,ipmka,ipmka
10530,ipmkb,ipmkb
10531,ipo11,ipo11
10532,ipo13,ipo13
10533,ipo4,ipo4
10534,ipo7,ipo7
10535,ipo8,ipo8
10536,ipo9,ipo9
10537,ipp,ipp
10538,ippk,ippk
10539,iqca1,iqca1
10540,iqcb1,iqcb1
10541,iqcc,iqcc
10542,iqcd,iqcd
10543,iqce,iqce
10544,iqcg,iqcg
10545,iqch,iqch
10546,iqck,iqck
10547,iqgap1,iqgap1
10548,iqgap2,iqgap2
10549,iqgap3,iqgap3
10550,iqsec1b,iqsec1b
10551,iqsec2a,iqsec2a
10552,iqsec2b,iqsec2b
10553,iqsec3b,iqsec3b
10554,iqub,iqub
10555,irak1,irak1
10556,irak1bp1,irak1bp1
10557,irak3,irak3
10558,irak4,irak4
10559,ireb2,ireb2
10560,irf10,irf10
10561,irf1a,irf1a
10562,irf1b,irf1b
10563,irf2,irf2
10564,irf2a,irf2a
10565,irf2bp1,irf2bp1
10566,irf2bp2a,irf2bp2a
10567,irf2bp2b,irf2bp2b
10568,irf2bpl,irf2bpl
10569,irf3,irf3
10570,irf4b,irf4b
10571,irf5,irf5
10572,irf6,irf6
10573,irf7,irf7
10574,irf8,irf8
10575,irf9,irf9
10576,irg1l,irg1l
10577,irge1,irge1
10578,irge4,irge4
10579,irgf1,irgf1
10580,irgf3,irgf3
10581,irgf4,irgf4
10582,irgq1,irgq1
10583,irs1,irs1
10584,irs2a,irs2a
10585,irs2b,irs2b
10586,irs4a,irs4a
10587,irx1a,irx1a
10588,irx1b,irx1b
10589,irx2a,irx2a
10590,irx3a,irx3a
10591,irx3b,irx3b
10592,irx4a,irx4a
10593,irx4b,irx4b
10594,irx5a,irx5a
10595,irx5b,irx5b
10596,irx6a,irx6a
10597,irx7,irx7
10598,isca1,isca1
10599,isca2,isca2
10600,ISCU,ISCU
10601,iscub,iscub
10602,isg15,isg15
10603,isg20,isg20
10604,isg20l2,isg20l2
10605,isl1,isl1
10606,isl1l,isl1l
10607,isl2a,isl2a
10608,isl2b,isl2b
10609,islr2,islr2
10610,ism1,ism1
10611,ism2a,ism2a
10612,ism2b,ism2b
10613,isoc1,isoc1
10614,isoc2,isoc2
10615,ispd,ispd
10616,ist1,ist1
10617,isy1,isy1
10618,itcha,itcha
10619,itchb,itchb
10620,itfg1,itfg1
10621,itfg2,itfg2
10622,itga10,itga10
10623,itga11a,itga11a
10624,itga11b,itga11b
10625,itga2.2,itga2.2
10626,itga2.3,itga2.3
10627,itga2b,itga2b
10628,itga3a,itga3a
10629,itga3b,itga3b
10630,itga4,itga4
10631,itga5,itga5
10632,itga6a,itga6a
10633,itga6b,itga6b
10634,itga6l,itga6l
10635,itga8,itga8
10636,itga9,itga9
10637,itgae.1,itgae.1
10638,itgae.2,itgae.2
10639,itgam,itgam
10640,itgav,itgav
10641,itgb1a,itgb1a
10642,itgb1b,itgb1b
10643,itgb1b.1,itgb1b.1
10644,itgb1b.2,itgb1b.2
10645,itgb1bp1,itgb1bp1
10646,itgb2,itgb2
10647,itgb3a,itgb3a
10648,itgb3b,itgb3b
10649,itgb4,itgb4
10650,itgb5,itgb5
10651,itgb6,itgb6
10652,itgb7,itgb7
10653,itgb8,itgb8
10654,itih1,itih1
10655,itih2,itih2
10656,itih3a,itih3a
10657,itih3b,itih3b
10658,itih5,itih5
10659,itih6,itih6
10660,itk,itk
10661,itln2,itln2
10662,itln3,itln3
10663,itm2ba,itm2ba
10664,itm2bb,itm2bb
10665,itm2ca,itm2ca
10666,itm2cb,itm2cb
10667,itpa,itpa
10668,itpk1a,itpk1a
10669,itpk1b,itpk1b
10670,itpka,itpka
10671,itpkb,itpkb
10672,itpkca,itpkca
10673,itpkcb,itpkcb
10674,itpr1a,itpr1a
10675,itpr1b,itpr1b
10676,itpr2,itpr2
10677,itpr3,itpr3
10678,itprid1,itprid1
10679,itprid2,itprid2
10680,itprip,itprip
10681,itpripl2,itpripl2
10682,itsn1,itsn1
10683,itsn2a,itsn2a
10684,itsn2b,itsn2b
10685,ivd,ivd
10686,ivns1abpa,ivns1abpa
10687,ivns1abpb,ivns1abpb
10688,IYD,IYD
10689,IZUMO1R,IZUMO1R
10690,jac10,jac10
10691,jac2,jac2
10692,jac3,jac3
10693,jac4,jac4
10694,jac6,jac6
10695,jac7,jac7
10696,jac8,jac8
10697,jac9,jac9
10698,jade1,jade1
10699,jade3,jade3
10700,jag1a,jag1a
10701,jag1b,jag1b
10702,jag2a,jag2a
10703,jag2b,jag2b
10704,jagn1a,jagn1a
10705,jagn1b,jagn1b
10706,jak1,jak1
10707,jak2b,jak2b
10708,jak3,jak3
10709,jakmip1,jakmip1
10710,jakmip2,jakmip2
10711,jakmip3,jakmip3
10712,jam2a,jam2a
10713,jam2b,jam2b
10714,jam3a,jam3a
10715,jam3b,jam3b
10716,jarid2a,jarid2a
10717,jarid2b,jarid2b
10718,jazf1a,jazf1a
10719,jazf1b,jazf1b
10720,jcada,jcada
10721,jdp2a,jdp2a
10722,jdp2b,jdp2b
10723,jhy,jhy
10724,jkamp,jkamp
10725,jmjd1cb,jmjd1cb
10726,jmjd4,jmjd4
10727,jmjd6,jmjd6
10728,jmjd7,jmjd7
10729,JMJD8,JMJD8
10730,JMY,JMY
10731,josd1,josd1
10732,josd2,josd2
10733,jph1a,jph1a
10734,jph1b,jph1b
10735,jph3,jph3
10736,jpt1a,jpt1a
10737,jpt1b,jpt1b
10738,jpt2,jpt2
10739,jtb,jtb
10740,jun,jun
10741,junba,junba
10742,junbb,junbb
10743,jund,jund
10744,june,june
10745,jupa,jupa
10746,jupb,jupb
10747,kalrna,kalrna
10748,kalrnb,kalrnb
10749,kank1a,kank1a
10750,kank1b,kank1b
10751,kank2,kank2
10752,kank4,kank4
10753,kansl1a,kansl1a
10754,kansl1b,kansl1b
10755,kansl1l,kansl1l
10756,kansl2,kansl2
10757,kansl3,kansl3
10758,kars,kars
10759,kat14,kat14
10760,kat2a,kat2a
10761,kat2b,kat2b
10762,kat6a,kat6a
10763,kat6b,kat6b
10764,kat7a,kat7a
10765,kat7b,kat7b
10766,kat8,kat8
10767,katna1,katna1
10768,katnal1,katnal1
10769,katnal2,katnal2
10770,katnb1,katnb1
10771,katnbl1,katnbl1
10772,kazald2,kazald2
10773,kazald3,kazald3
10774,kazna,kazna
10775,kaznb,kaznb
10776,kbtbd11,kbtbd11
10777,kbtbd12,kbtbd12
10778,kbtbd2,kbtbd2
10779,kbtbd3,kbtbd3
10780,kbtbd4,kbtbd4
10781,kbtbd7,kbtbd7
10782,kbtbd8,kbtbd8
10783,kcmf1,kcmf1
10784,kcna10a,kcna10a
10785,kcna1a,kcna1a
10786,kcna1b,kcna1b
10787,kcna2a,kcna2a
10788,kcna2b,kcna2b
10789,kcna3a,kcna3a
10790,kcna4,kcna4
10791,kcna7,kcna7
10792,kcnab1a,kcnab1a
10793,kcnab2a,kcnab2a
10794,kcnab2b,kcnab2b
10795,kcnb1,kcnb1
10796,kcnc1a,kcnc1a
10797,kcnc1b,kcnc1b
10798,kcnc2,kcnc2
10799,kcnc3b,kcnc3b
10800,kcnc4,kcnc4
10801,kcnd1,kcnd1
10802,kcnd2,kcnd2
10803,kcnd3,kcnd3
10804,kcne4,kcne4
10805,kcnf1a,kcnf1a
10806,kcnf1b,kcnf1b
10807,kcng1,kcng1
10808,kcng2,kcng2
10809,kcng3,kcng3
10810,kcng4a,kcng4a
10811,kcng4b,kcng4b
10812,kcnh3,kcnh3
10813,kcnh4a,kcnh4a
10814,kcnh4b,kcnh4b
10815,kcnh5a,kcnh5a
10816,kcnh5b,kcnh5b
10817,kcnh6a,kcnh6a
10818,kcnh6b,kcnh6b
10819,kcnh7,kcnh7
10820,kcnh8,kcnh8
10821,KCNIP1,KCNIP1
10822,kcnip1b,kcnip1b
10823,kcnip2,kcnip2
10824,kcnip3a,kcnip3a
10825,kcnip3b,kcnip3b
10826,KCNIP4,KCNIP4
10827,kcnj10a,kcnj10a
10828,kcnj12a,kcnj12a
10829,kcnj12b,kcnj12b
10830,kcnj13,kcnj13
10831,kcnj14,kcnj14
10832,KCNJ15,KCNJ15
10833,kcnj16,kcnj16
10834,kcnj19a,kcnj19a
10835,kcnj19b,kcnj19b
10836,kcnj1a.1,kcnj1a.1
10837,kcnj1a.5,kcnj1a.5
10838,kcnj1b,kcnj1b
10839,kcnj2a,kcnj2a
10840,kcnj2b,kcnj2b
10841,kcnj3a,kcnj3a
10842,kcnj3b,kcnj3b
10843,KCNJ6,KCNJ6
10844,kcnj8,kcnj8
10845,kcnj9,kcnj9
10846,kcnk10a,kcnk10a
10847,kcnk10b,kcnk10b
10848,kcnk12l,kcnk12l
10849,kcnk13a,kcnk13a
10850,kcnk13b,kcnk13b
10851,kcnk15,kcnk15
10852,kcnk17,kcnk17
10853,kcnk18,kcnk18
10854,kcnk1a,kcnk1a
10855,kcnk1b,kcnk1b
10856,kcnk2a,kcnk2a
10857,kcnk2b,kcnk2b
10858,kcnk3b,kcnk3b
10859,kcnk4a,kcnk4a
10860,kcnk5a,kcnk5a
10861,kcnk5b,kcnk5b
10862,kcnk6,kcnk6
10863,kcnk7,kcnk7
10864,kcnk9,kcnk9
10865,kcnma1a,kcnma1a
10866,kcnmb2,kcnmb2
10867,kcnn1a,kcnn1a
10868,kcnn1b,kcnn1b
10869,KCNN2,KCNN2
10870,kcnn4,kcnn4
10871,kcnq1,kcnq1
10872,kcnq2a,kcnq2a
10873,kcnq2b,kcnq2b
10874,kcnq3,kcnq3
10875,kcnq4,kcnq4
10876,kcnq5a,kcnq5a
10877,kcnq5b,kcnq5b
10878,kcns3a,kcns3a
10879,kcns3b,kcns3b
10880,kcnt1,kcnt1
10881,kcnt2,kcnt2
10882,KCNV1,KCNV1
10883,kcnv2a,kcnv2a
10884,kcnv2b,kcnv2b
10885,kctd1,kctd1
10886,kctd10,kctd10
10887,kctd12.1,kctd12.1
10888,kctd12.2,kctd12.2
10889,kctd12b,kctd12b
10890,kctd13,kctd13
10891,kctd14,kctd14
10892,KCTD15,KCTD15
10893,kctd15a,kctd15a
10894,kctd16a,kctd16a
10895,kctd16b,kctd16b
10896,kctd17,kctd17
10897,kctd2,kctd2
10898,kctd3,kctd3
10899,kctd4,kctd4
10900,kctd5a,kctd5a
10901,kctd6a,kctd6a
10902,kctd6b,kctd6b
10903,kctd7,kctd7
10904,kctd8,kctd8
10905,kctd9a,kctd9a
10906,kctd9b,kctd9b
10907,kdelc1,kdelc1
10908,kdelc2,kdelc2
10909,kdelr2a,kdelr2a
10910,kdelr2b,kdelr2b
10911,kdelr3,kdelr3
10912,kdf1a,kdf1a
10913,kdf1b,kdf1b
10914,kdm1a,kdm1a
10915,kdm2aa,kdm2aa
10916,kdm2ab,kdm2ab
10917,kdm2ba,kdm2ba
10918,kdm2bb,kdm2bb
10919,kdm3b,kdm3b
10920,kdm4aa,kdm4aa
10921,kdm4ab,kdm4ab
10922,kdm4b,kdm4b
10923,kdm4c,kdm4c
10924,kdm5a,kdm5a
10925,kdm5ba,kdm5ba
10926,kdm5bb,kdm5bb
10927,kdm5c,kdm5c
10928,kdm6a,kdm6a
10929,kdm6al,kdm6al
10930,kdm6ba,kdm6ba
10931,kdm6bb,kdm6bb
10932,kdm7aa,kdm7aa
10933,kdm7ab,kdm7ab
10934,kdm8,kdm8
10935,kdr,kdr
10936,kdrl,kdrl
10937,kdsr,kdsr
10938,keap1a,keap1a
10939,keap1b,keap1b
10940,kel,kel
10941,kera,kera
10942,khdc4,khdc4
10943,khdrbs1a,khdrbs1a
10944,khdrbs1b,khdrbs1b
10945,khdrbs2,khdrbs2
10946,KHDRBS3,KHDRBS3
10947,khk,khk
10948,khnyn,khnyn
10949,khsrp,khsrp
10950,KIAA0895L,KIAA0895L
10951,kiaa1549la,kiaa1549la
10952,kiaa1549lb,kiaa1549lb
10953,kiaa1958,kiaa1958
10954,kiaa2026,kiaa2026
10955,kidins220a,kidins220a
10956,kidins220b,kidins220b
10957,kif11,kif11
10958,kif13a,kif13a
10959,kif13ba,kif13ba
10960,kif13bb,kif13bb
10961,kif14,kif14
10962,kif15,kif15
10963,kif16ba,kif16ba
10964,kif16bb,kif16bb
10965,kif17,kif17
10966,kif18a,kif18a
10967,kif19,kif19
10968,kif1aa,kif1aa
10969,kif1ab,kif1ab
10970,kif1b,kif1b
10971,kif1bp,kif1bp
10972,kif20a,kif20a
10973,kif20ba,kif20ba
10974,kif20bb,kif20bb
10975,kif21a,kif21a
10976,kif21b,kif21b
10977,kif22,kif22
10978,kif23,kif23
10979,kif25,kif25
10980,kif26aa,kif26aa
10981,kif26ab,kif26ab
10982,kif26ba,kif26ba
10983,kif26bb,kif26bb
10984,kif28,kif28
10985,KIF2A,KIF2A
10986,kif2c,kif2c
10987,kif3a,kif3a
10988,kif3b,kif3b
10989,kif3ca,kif3ca
10990,kif3cb,kif3cb
10991,kif4,kif4
10992,kif5aa,kif5aa
10993,kif5ab,kif5ab
10994,kif5c,kif5c
10995,kif6,kif6
10996,kif7,kif7
10997,kif9,kif9
10998,kifap3a,kifap3a
10999,kifap3b,kifap3b
11000,kifc1,kifc1
11001,kifc3,kifc3
11002,kifl,kifl
11003,kin,kin
11004,kirrel1a,kirrel1a
11005,kirrel1b,kirrel1b
11006,KIRREL3,KIRREL3
11007,kirrel3a,kirrel3a
11008,kirrel3l,kirrel3l
11009,kiss1,kiss1
11010,kiss1ra,kiss1ra
11011,kiss1rb,kiss1rb
11012,kiss2,kiss2
11013,kita,kita
11014,kitb,kitb
11015,kitlga,kitlga
11016,kitlgb,kitlgb
11017,kiz,kiz
11018,kl,kl
11019,klb,klb
11020,klc1a,klc1a
11021,klc1b,klc1b
11022,klc3,klc3
11023,klc4,klc4
11024,klf1,klf1
11025,klf10,klf10
11026,klf11a,klf11a
11027,klf11b,klf11b
11028,klf12a,klf12a
11029,klf12b,klf12b
11030,klf13,klf13
11031,klf15,klf15
11032,klf17,klf17
11033,klf2a,klf2a
11034,klf2b,klf2b
11035,klf3,klf3
11036,klf4,klf4
11037,klf5a,klf5a
11038,klf5b,klf5b
11039,klf5l,klf5l
11040,klf6a,klf6a
11041,klf6b,klf6b
11042,klf7a,klf7a
11043,klf7b,klf7b
11044,klf8,klf8
11045,klf9,klf9
11046,klhdc10,klhdc10
11047,klhdc2,klhdc2
11048,klhdc3,klhdc3
11049,klhdc4,klhdc4
11050,klhdc7a,klhdc7a
11051,klhdc8a,klhdc8a
11052,klhdc8b,klhdc8b
11053,klhl10a,klhl10a
11054,klhl10b.1,klhl10b.1
11055,klhl10b.2,klhl10b.2
11056,klhl11,klhl11
11057,klhl13,klhl13
11058,klhl14,klhl14
11059,klhl15,klhl15
11060,klhl17,klhl17
11061,klhl18,klhl18
11062,klhl2,klhl2
11063,klhl20,klhl20
11064,klhl21,klhl21
11065,klhl22,klhl22
11066,klhl23,klhl23
11067,klhl24a,klhl24a
11068,klhl24b,klhl24b
11069,klhl26,klhl26
11070,KLHL28,KLHL28
11071,klhl29,klhl29
11072,klhl3,klhl3
11073,klhl30,klhl30
11074,klhl31,klhl31
11075,klhl32,klhl32
11076,klhl33,klhl33
11077,klhl35,klhl35
11078,klhl36,klhl36
11079,klhl38a,klhl38a
11080,klhl38b,klhl38b
11081,klhl4,klhl4
11082,klhl40a,klhl40a
11083,klhl40b,klhl40b
11084,klhl41a,klhl41a
11085,klhl41b,klhl41b
11086,klhl42,klhl42
11087,klhl5,klhl5
11088,klhl6,klhl6
11089,klhl7,klhl7
11090,klhl8,klhl8
11091,kmt2a,kmt2a
11092,kmt2ba,kmt2ba
11093,kmt2bb,kmt2bb
11094,kmt2ca,kmt2ca
11095,kmt2cb,kmt2cb
11096,kmt2d,kmt2d
11097,kmt2e,kmt2e
11098,kmt5aa,kmt5aa
11099,kmt5ab,kmt5ab
11100,kmt5b,kmt5b
11101,kmt5c,kmt5c
11102,kncn,kncn
11103,kng1,kng1
11104,knl1,knl1
11105,knop1,knop1
11106,knstrn,knstrn
11107,kntc1,kntc1
11108,kpna1,kpna1
11109,kpna2,kpna2
11110,kpna3,kpna3
11111,kpna4,kpna4
11112,kpna5,kpna5
11113,kpna6,kpna6
11114,kpnb1,kpnb1
11115,kpnb3,kpnb3
11116,kptn,kptn
11117,kras,kras
11118,krcp,krcp
11119,kremen1,kremen1
11120,kri1,kri1
11121,krit1,krit1
11122,krr1,krr1
11123,krt1-19d,krt1-19d
11124,krt1-c5,krt1-c5
11125,krt15,krt15
11126,krt17,krt17
11127,krt18a.1,krt18a.1
11128,krt18a.2,krt18a.2
11129,krt18b,krt18b
11130,krt222,krt222
11131,krt4,krt4
11132,krt5,krt5
11133,krt8,krt8
11134,krt91,krt91
11135,krt92,krt92
11136,krt93,krt93
11137,krt94,krt94
11138,krt96,krt96
11139,krt97,krt97
11140,krt98,krt98
11141,krt99,krt99
11142,krtcap2,krtcap2
11143,krtt1c19e,krtt1c19e
11144,ksr1a,ksr1a
11145,ksr1b,ksr1b
11146,ksr2,ksr2
11147,kti12,kti12
11148,ktn1,ktn1
11149,kxd1,kxd1
11150,ky,ky
11151,kyat1,kyat1
11152,kyat3,kyat3
11153,kynu,kynu
11154,l1cama,l1cama
11155,l1camb,l1camb
11156,l2hgdh,l2hgdh
11157,l3hypdh,l3hypdh
11158,l3mbtl1a,l3mbtl1a
11159,l3mbtl1b,l3mbtl1b
11160,l3mbtl2,l3mbtl2
11161,l3mbtl3,l3mbtl3
11162,l3mbtl4,l3mbtl4
11163,lactb,lactb
11164,lactb2,lactb2
11165,lactbl1a,lactbl1a
11166,lactbl1b,lactbl1b
11167,lad1,lad1
11168,lama1,lama1
11169,lama2,lama2
11170,lama3,lama3
11171,lama4,lama4
11172,lama5,lama5
11173,lamb1a,lamb1a
11174,lamb1b,lamb1b
11175,lamb2,lamb2
11176,lamb2l,lamb2l
11177,lamb4,lamb4
11178,lamc1,lamc1
11179,lamc2,lamc2
11180,lamc3,lamc3
11181,lamp1a,lamp1a
11182,lamp1b,lamp1b
11183,lamp2,lamp2
11184,LAMP5,LAMP5
11185,lamtor1,lamtor1
11186,lamtor2,lamtor2
11187,lamtor3,lamtor3
11188,lamtor4,lamtor4
11189,lamtor5,lamtor5
11190,lancl1,lancl1
11191,lancl2,lancl2
11192,lap3,lap3
11193,laptm4a,laptm4a
11194,laptm4b,laptm4b
11195,laptm5,laptm5
11196,large1,large1
11197,large2,large2
11198,larp1,larp1
11199,larp1b,larp1b
11200,larp4aa,larp4aa
11201,larp4ab,larp4ab
11202,larp4b,larp4b
11203,larp6a,larp6a
11204,larp6b,larp6b
11205,larp7,larp7
11206,lars2,lars2
11207,larsa,larsa
11208,larsb,larsb
11209,las1l,las1l
11210,lasp1,lasp1
11211,lats1,lats1
11212,lats2,lats2
11213,layna,layna
11214,laynb,laynb
11215,lbh,lbh
11216,lbr,lbr
11217,lbx1a,lbx1a
11218,lbx1b,lbx1b
11219,lbx2,lbx2
11220,lca5,lca5
11221,lcat,lcat
11222,lck,lck
11223,lclat1,lclat1
11224,lcmt1,lcmt1
11225,lcmt2,lcmt2
11226,lcn15,lcn15
11227,lcor,lcor
11228,lcorl,lcorl
11229,lcp1,lcp1
11230,lcp2a,lcp2a
11231,lcp2b,lcp2b
11232,lct,lct
11233,lctla,lctla
11234,lctlb,lctlb
11235,ldah,ldah
11236,ldb1a,ldb1a
11237,ldb1b,ldb1b
11238,ldb2a,ldb2a
11239,ldb2b,ldb2b
11240,ldb3a,ldb3a
11241,ldb3b,ldb3b
11242,ldha,ldha
11243,ldhba,ldhba
11244,ldhbb,ldhbb
11245,ldhd,ldhd
11246,ldlra,ldlra
11247,ldlrad2,ldlrad2
11248,ldlrad3,ldlrad3
11249,ldlrad4a,ldlrad4a
11250,ldlrad4b,ldlrad4b
11251,ldlrap1a,ldlrap1a
11252,ldlrap1b,ldlrap1b
11253,ldlrb,ldlrb
11254,leap2,leap2
11256,lect2l,lect2l
11257,lef1,lef1
11258,leg1.2,leg1.2
11259,lemd3,lemd3
11260,lenep,lenep
11261,leng1,leng1
11262,leng8,leng8
11263,leng9,leng9
11264,leo1,leo1
11265,lepa,lepa
11266,lepr,lepr
11267,LEPROTL1,LEPROTL1
11268,letm1,letm1
11269,letm2,letm2
11270,letmd1,letmd1
11271,lfng,lfng
11272,lft1,lft1
11273,lft2,lft2
11274,lgals17,lgals17
11275,lgals1l1,lgals1l1
11276,lgals2a,lgals2a
11277,lgals2b,lgals2b
11278,lgals3a,lgals3a
11279,lgals3b,lgals3b
11280,lgals3bpa,lgals3bpa
11281,lgals3bpb,lgals3bpb
11282,lgals8a,lgals8a
11283,lgals8b,lgals8b
11284,lgals9l1,lgals9l1
11285,lgals9l3,lgals9l3
11286,lgals9l5,lgals9l5
11287,lgals9l6,lgals9l6
11288,lgalsla,lgalsla
11289,lgalslb,lgalslb
11290,lgi1a,lgi1a
11291,lgi1b,lgi1b
11292,lgi2a,lgi2a
11293,lgi2b,lgi2b
11294,lgi3,lgi3
11295,lgmn,lgmn
11296,lgr4,lgr4
11297,lgsn,lgsn
11298,lhb,lhb
11299,lhcgr,lhcgr
11300,lhfpl2a,lhfpl2a
11301,lhfpl2b,lhfpl2b
11302,lhfpl3,lhfpl3
11303,lhfpl4a,lhfpl4a
11304,lhfpl4b,lhfpl4b
11305,lhfpl5a,lhfpl5a
11306,lhpp,lhpp
11307,lhx1a,lhx1a
11308,lhx1b,lhx1b
11309,lhx2a,lhx2a
11310,lhx2b,lhx2b
11311,LHX3,LHX3
11312,lhx4,lhx4
11313,lhx5,lhx5
11314,lhx8a,lhx8a
11315,lhx8b,lhx8b
11316,lhx9,lhx9
11317,lias,lias
11318,lifra,lifra
11319,lifrb,lifrb
11320,lig1,lig1
11321,lig3,lig3
11322,lig4,lig4
11323,lim2.1,lim2.1
11324,lim2.2,lim2.2
11325,lim2.3,lim2.3
11326,lim2.4,lim2.4
11327,lima1a,lima1a
11328,limch1a,limch1a
11329,limch1b,limch1b
11330,limd1a,limd1a
11331,limd1b,limd1b
11332,limd2,limd2
11333,limk1a,limk1a
11334,limk1b,limk1b
11335,limk2,limk2
11336,lims1,lims1
11337,lims2,lims2
11338,lin28b,lin28b
11339,lin37,lin37
11340,lin52,lin52
11341,lin54,lin54
11342,lin7b,lin7b
11343,lin7c,lin7c
11344,lin9,lin9
11345,lingo1a,lingo1a
11346,lingo1b,lingo1b
11347,lingo2a,lingo2a
11348,lingo2b,lingo2b
11349,lingo3a,lingo3a
11350,lingo4a,lingo4a
11351,lingo4b,lingo4b
11352,lins1,lins1
11353,lipca,lipca
11354,lipcb,lipcb
11355,lipea,lipea
11356,lipeb,lipeb
11357,lipf,lipf
11358,lipg,lipg
11359,lipia,lipia
11360,lipib,lipib
11361,lipt1,lipt1
11362,lipt2,lipt2
11363,litaf,litaf
11364,lix1,lix1
11365,lix1l,lix1l
11366,llgl1,llgl1
11367,llgl2,llgl2
11368,llph,llph
11369,lman1,lman1
11370,lman2,lman2
11371,lman2la,lman2la
11372,lman2lb,lman2lb
11373,lmbr1,lmbr1
11374,lmbr1l,lmbr1l
11375,lmbrd1,lmbrd1
11376,lmbrd2a,lmbrd2a
11377,lmbrd2b,lmbrd2b
11378,lmcd1,lmcd1
11379,lmf1,lmf1
11380,lmf2a,lmf2a
11381,lmf2b,lmf2b
11382,lmln,lmln
11383,lmna,lmna
11384,lmnb1,lmnb1
11385,lmnb2,lmnb2
11386,lmnl3,lmnl3
11387,lmo1,lmo1
11388,lmo2,lmo2
11389,lmo3,lmo3
11390,lmo4a,lmo4a
11391,lmo4b,lmo4b
11392,lmo7a,lmo7a
11393,lmo7b,lmo7b
11394,lmod1a,lmod1a
11395,lmod1b,lmod1b
11396,lmod2a,lmod2a
11397,lmod2b,lmod2b
11398,lmod3,lmod3
11399,lmtk2,lmtk2
11400,lmx1a,lmx1a
11401,lmx1ba,lmx1ba
11402,lmx1bb,lmx1bb
11403,lnpa,lnpa
11404,lnpep,lnpep
11405,lnpk,lnpk
11406,lnx1,lnx1
11407,lnx2a,lnx2a
11408,lnx2b,lnx2b
11409,LO016985.1,LO016985.1
11410,LO017643.1,LO017643.1
11411,LO017648.1,LO017648.1
11412,LO017650.1,LO017650.1
11413,LO017656.1,LO017656.1
11414,LO017700.1,LO017700.1
11415,LO017700.2,LO017700.2
11416,LO017711.1,LO017711.1
11417,LO017716.1,LO017716.1
11418,LO017718.1,LO017718.1
11419,LO017721.1,LO017721.1
11420,LO017722.1,LO017722.1
11421,LO017725.1,LO017725.1
11422,LO017725.2,LO017725.2
11423,LO017771.1,LO017771.1
11424,LO017791.1,LO017791.1
11425,LO017793.1,LO017793.1
11426,LO017799.1,LO017799.1
11427,LO017802.1,LO017802.1
11428,LO017815.1,LO017815.1
11429,LO017816.1,LO017816.1
11430,LO017820.1,LO017820.1
11431,LO017821.1,LO017821.1
11432,LO017835.1,LO017835.1
11433,LO017841.1,LO017841.1
11434,LO017843.1,LO017843.1
11435,LO017845.1,LO017845.1
11436,LO017847.1,LO017847.1
11437,LO017848.1,LO017848.1
11438,LO017849.1,LO017849.1
11439,LO017850.1,LO017850.1
11440,LO017852.1,LO017852.1
11441,LO017858.1,LO017858.1
11442,LO017872.1,LO017872.1
11443,LO017877.1,LO017877.1
11444,LO017877.2,LO017877.2
11445,LO017938.1,LO017938.1
11446,LO017954.1,LO017954.1
11447,LO017955.1,LO017955.1
11448,LO017965.1,LO017965.1
11449,LO017974.1,LO017974.1
11450,LO018011.1,LO018011.1
11451,LO018022.2,LO018022.2
11452,LO018029.1,LO018029.1
11453,LO018102.1,LO018102.1
11454,LO018124.1,LO018124.1
11455,LO018128.1,LO018128.1
11456,LO018148.1,LO018148.1
11457,LO018154.1,LO018154.1
11458,LO018166.1,LO018166.1
11459,LO018168.1,LO018168.1
11460,LO018176.1,LO018176.1
11461,LO018181.1,LO018181.1
11462,LO018183.1,LO018183.1
11463,LO018188.1,LO018188.1
11464,LO018196.1,LO018196.1
11465,LO018197.1,LO018197.1
11467,LO018208.1,LO018208.1
11468,LO018231.1,LO018231.1
11469,LO018238.1,LO018238.1
11470,LO018250.1,LO018250.1
11471,LO018260.1,LO018260.1
11472,LO018260.3,LO018260.3
11473,LO018296.1,LO018296.1
11474,LO018303.1,LO018303.1
11475,LO018309.1,LO018309.1
11476,LO018315.7,LO018315.7
11477,LO018324.1,LO018324.1
11478,LO018333.1,LO018333.1
11479,LO018336.1,LO018336.1
11480,LO018340.1,LO018340.1
11481,LO018363.1,LO018363.1
11482,LO018380.1,LO018380.1
11483,LO018383.1,LO018383.1
11484,LO018400.1,LO018400.1
11485,LO018422.1,LO018422.1
11486,LO018430.1,LO018430.1
11487,LO018432.1,LO018432.1
11488,LO018474.1,LO018474.1
11489,LO018490.1,LO018490.1
11490,LO018493.2,LO018493.2
11491,LO018508.1,LO018508.1
11492,LO018513.1,LO018513.1
11493,LO018550.2,LO018550.2
11494,LO018551.1,LO018551.1
11495,LO018557.1,LO018557.1
11496,LO018568.1,LO018568.1
11497,LO018568.2,LO018568.2
11498,LO018584.1,LO018584.1
11499,LO018585.1,LO018585.1
11500,LO018598.1,LO018598.1
11501,LO018605.1,LO018605.1
11502,LO018605.2,LO018605.2
11503,LO018605.3,LO018605.3
11504,LO018608.1,LO018608.1
11505,LO018627.1,LO018627.1
11506,LO018629.1,LO018629.1
11507,LO018644.1,LO018644.1
11508,LOC100000278,LOC100000278
11509,LOC100000417,LOC100000417
11510,LOC100000545,LOC100000545
11511,LOC100000748,LOC100000748
11512,LOC100000863,LOC100000863
11513,LOC100000890,LOC100000890
11514,LOC100001178,LOC100001178
11515,LOC100001242,LOC100001242
11516,LOC100001589,LOC100001589
11517,LOC100001665,LOC100001665
11518,LOC100001832,LOC100001832
11519,LOC100001846,LOC100001846
11520,LOC100001908,LOC100001908
11521,LOC100002283,LOC100002283
11522,LOC100002327,LOC100002327
11523,LOC100002469,LOC100002469
11524,LOC100002472,LOC100002472
11525,LOC100002570,LOC100002570
11526,LOC100002706,LOC100002706
11527,LOC100002923,LOC100002923
11528,LOC100003040,LOC100003040
11529,LOC100003133,LOC100003133
11530,LOC100003182,LOC100003182
11531,LOC100004016,LOC100004016
11532,LOC100004033,LOC100004033
11533,LOC100004160,LOC100004160
11534,LOC100004591,LOC100004591
11535,LOC100004932,LOC100004932
11536,LOC100004944,LOC100004944
11537,LOC100004978,LOC100004978
11538,LOC100004986,LOC100004986
11539,LOC100005038,LOC100005038
11540,LOC100005129,LOC100005129
11541,LOC100005323,LOC100005323
11542,LOC100005512,LOC100005512
11543,LOC100005584,LOC100005584
11544,LOC100005723,LOC100005723
11545,LOC100005864,LOC100005864
11546,LOC100005908,LOC100005908
11547,LOC100005923,LOC100005923
11548,LOC100005965,LOC100005965
11549,LOC100006216,LOC100006216
11550,LOC100006649,LOC100006649
11551,LOC100006699,LOC100006699
11552,LOC100006805,LOC100006805
11553,LOC100006926,LOC100006926
11554,LOC100007100,LOC100007100
11555,LOC100007229,LOC100007229
11557,LOC100007492,LOC100007492
11558,LOC100007686,LOC100007686
11559,LOC100007738,LOC100007738
11560,LOC100007824,LOC100007824
11561,LOC100007966,LOC100007966
11562,LOC100007972,LOC100007972
11563,LOC100008030,LOC100008030
11564,LOC100147871,LOC100147871
11565,LOC100148023,LOC100148023
11566,LOC100148045,LOC100148045
11567,LOC100148237,LOC100148237
11568,LOC100148332,LOC100148332
11569,LOC100148510,LOC100148510
11570,LOC100148591,LOC100148591
11571,LOC100148648,LOC100148648
11572,LOC100148655,LOC100148655
11573,LOC100148951,LOC100148951
11574,LOC100149190,LOC100149190
11575,LOC100149234,LOC100149234
11576,LOC100149247,LOC100149247
11577,LOC100149643,LOC100149643
11578,LOC100149647,LOC100149647
11579,LOC100149669,LOC100149669
11580,LOC100149773,LOC100149773
11581,LOC100149931,LOC100149931
11582,LOC100149959,LOC100149959
11583,LOC100149991,LOC100149991
11584,LOC100150038,LOC100150038
11585,LOC100150095,LOC100150095
11586,LOC100150142,LOC100150142
11588,LOC100150670,LOC100150670
11589,LOC100150834,LOC100150834
11590,LOC100151145,LOC100151145
11591,LOC100151165,LOC100151165
11592,LOC100151192,LOC100151192
11593,LOC100151196,LOC100151196
11594,LOC100151285,LOC100151285
11595,LOC100151419,LOC100151419
11596,LOC100151570,LOC100151570
11597,LOC100151603,LOC100151603
11598,LOC100329245,LOC100329245
11599,LOC100329307,LOC100329307
11600,LOC100329378,LOC100329378
11601,LOC100329433,LOC100329433
11602,LOC100329477,LOC100329477
11603,LOC100329490,LOC100329490
11604,LOC100329560,LOC100329560
11605,LOC100329579,LOC100329579
11606,LOC100329795,LOC100329795
11607,LOC100329806,LOC100329806
11608,LOC100329825,LOC100329825
11609,LOC100329844,LOC100329844
11610,LOC100329848,LOC100329848
11611,LOC100329885,LOC100329885
11612,LOC100330084,LOC100330084
11613,LOC100330136,LOC100330136
11614,LOC100330188,LOC100330188
11615,LOC100330246,LOC100330246
11616,LOC100330250,LOC100330250
11617,LOC100330283,LOC100330283
11618,LOC100330321,LOC100330321
11619,LOC100330348,LOC100330348
11620,LOC100330380,LOC100330380
11621,LOC100330441,LOC100330441
11622,LOC100330501,LOC100330501
11623,LOC100330690,LOC100330690
11624,LOC100330706,LOC100330706
11625,LOC100330744,LOC100330744
11626,LOC100330797,LOC100330797
11627,LOC100330861,LOC100330861
11628,LOC100330866,LOC100330866
11629,LOC100330916,LOC100330916
11630,LOC100331003,LOC100331003
11631,LOC100331054,LOC100331054
11632,LOC100331068,LOC100331068
11633,LOC100331080,LOC100331080
11634,LOC100331115,LOC100331115
11635,LOC100331140,LOC100331140
11636,LOC100331268,LOC100331268
11637,LOC100331291,LOC100331291
11638,LOC100331306,LOC100331306
11639,LOC100331349,LOC100331349
11640,LOC100331359,LOC100331359
11641,LOC100331400,LOC100331400
11642,LOC100331404,LOC100331404
11643,LOC100331412,LOC100331412
11644,LOC100331417,LOC100331417
11645,LOC100331480,LOC100331480
11646,LOC100331508,LOC100331508
11647,LOC100331510,LOC100331510
11648,LOC100331556,LOC100331556
11649,LOC100331639,LOC100331639
11650,LOC100331665,LOC100331665
11651,LOC100331676,LOC100331676
11652,LOC100331743,LOC100331743
11653,LOC100331751,LOC100331751
11654,LOC100332035,LOC100332035
11655,LOC100332070,LOC100332070
11656,LOC100332108,LOC100332108
11657,LOC100332187,LOC100332187
11658,LOC100332221,LOC100332221
11659,LOC100332293,LOC100332293
11660,LOC100332354,LOC100332354
11661,LOC100332428,LOC100332428
11662,LOC100332443,LOC100332443
11663,LOC100332526,LOC100332526
11664,LOC100332535,LOC100332535
11665,LOC100332582,LOC100332582
11666,LOC100332639,LOC100332639
11667,LOC100332698,LOC100332698
11668,LOC100332699,LOC100332699
11669,LOC100332713,LOC100332713
11670,LOC100332761,LOC100332761
11671,LOC100332847,LOC100332847
11672,LOC100332973,LOC100332973
11673,LOC100333031,LOC100333031
11674,LOC100333048,LOC100333048
11675,LOC100333111,LOC100333111
11676,LOC100333185,LOC100333185
11677,LOC100333218,LOC100333218
11678,LOC100333228,LOC100333228
11679,LOC100333235,LOC100333235
11680,LOC100333241,LOC100333241
11681,LOC100333251,LOC100333251
11682,LOC100333266,LOC100333266
11683,LOC100333313,LOC100333313
11684,LOC100333474,LOC100333474
11685,LOC100333534,LOC100333534
11686,LOC100333572,LOC100333572
11687,LOC100333807,LOC100333807
11688,LOC100333826,LOC100333826
11689,LOC100333844,LOC100333844
11690,LOC100333913,LOC100333913
11691,LOC100333986,LOC100333986
11692,LOC100334014,LOC100334014
11693,LOC100334054,LOC100334054
11694,LOC100334104,LOC100334104
11695,LOC100334202,LOC100334202
11696,LOC100334269,LOC100334269
11697,LOC100334340,LOC100334340
11698,LOC100334368,LOC100334368
11699,LOC100334401,LOC100334401
11700,LOC100334439,LOC100334439
11701,LOC100334487,LOC100334487
11702,LOC100334495,LOC100334495
11703,LOC100334508,LOC100334508
11704,LOC100334526,LOC100334526
11705,LOC100334557,LOC100334557
11706,LOC100334559,LOC100334559
11707,LOC100334612,LOC100334612
11708,LOC100334666,LOC100334666
11709,LOC100334677,LOC100334677
11710,LOC100334716,LOC100334716
11711,LOC100334731,LOC100334731
11712,LOC100334739,LOC100334739
11713,LOC100334861,LOC100334861
11714,LOC100334873,LOC100334873
11715,LOC100334916,LOC100334916
11716,LOC100334937,LOC100334937
11717,LOC100534659,LOC100534659
11718,LOC100534672,LOC100534672
11719,LOC100534673,LOC100534673
11720,LOC100534675,LOC100534675
11721,LOC100534679,LOC100534679
11722,LOC100534765,LOC100534765
11723,LOC100534786,LOC100534786
11724,LOC100534829,LOC100534829
11725,LOC100534832,LOC100534832
11726,LOC100534851,LOC100534851
11727,LOC100534892,LOC100534892
11728,LOC100534908,LOC100534908
11729,LOC100535016,LOC100535016
11730,LOC100535061,LOC100535061
11731,LOC100535067,LOC100535067
11732,LOC100535070,LOC100535070
11733,LOC100535095,LOC100535095
11734,LOC100535130,LOC100535130
11735,LOC100535131,LOC100535131
11736,LOC100535162,LOC100535162
11737,LOC100535191,LOC100535191
11738,LOC100535200,LOC100535200
11739,LOC100535208,LOC100535208
11740,LOC100535210,LOC100535210
11741,LOC100535347,LOC100535347
11742,LOC100535405,LOC100535405
11743,LOC100535429,LOC100535429
11744,LOC100535476,LOC100535476
11745,LOC100535496,LOC100535496
11746,LOC100535506,LOC100535506
11747,LOC100535518,LOC100535518
11748,LOC100535525,LOC100535525
11749,LOC100535543,LOC100535543
11750,LOC100535550,LOC100535550
11751,LOC100535588,LOC100535588
11752,LOC100535592,LOC100535592
11753,LOC100535743,LOC100535743
11754,LOC100535772,LOC100535772
11755,LOC100535806,LOC100535806
11756,LOC100535838,LOC100535838
11757,LOC100535941,LOC100535941
11758,LOC100535985,LOC100535985
11759,LOC100536045,LOC100536045
11760,LOC100536104,LOC100536104
11761,LOC100536112,LOC100536112
11762,LOC100536116,LOC100536116
11763,LOC100536119,LOC100536119
11764,LOC100536156,LOC100536156
11765,LOC100536192,LOC100536192
11766,LOC100536213,LOC100536213
11767,LOC100536312,LOC100536312
11768,LOC100536326,LOC100536326
11769,LOC100536348,LOC100536348
11770,LOC100536359,LOC100536359
11771,LOC100536422,LOC100536422
11772,LOC100536441,LOC100536441
11773,LOC100536462,LOC100536462
11774,LOC100536469,LOC100536469
11775,LOC100536487,LOC100536487
11776,LOC100536501,LOC100536501
11777,LOC100536587,LOC100536587
11778,LOC100536607,LOC100536607
11779,LOC100536609,LOC100536609
11780,LOC100536643,LOC100536643
11781,LOC100536646,LOC100536646
11782,LOC100536647,LOC100536647
11783,LOC100536649,LOC100536649
11784,LOC100536670,LOC100536670
11785,LOC100536671,LOC100536671
11786,LOC100536676,LOC100536676
11787,LOC100536716,LOC100536716
11788,LOC100536726,LOC100536726
11789,LOC100536730,LOC100536730
11790,LOC100536746,LOC100536746
11791,LOC100536750,LOC100536750
11792,LOC100536761,LOC100536761
11793,LOC100536797,LOC100536797
11794,LOC100536860,LOC100536860
11795,LOC100536887,LOC100536887
11796,LOC100536910,LOC100536910
11797,LOC100536937,LOC100536937
11798,LOC100536949,LOC100536949
11799,LOC100536983,LOC100536983
11800,LOC100537030,LOC100537030
11801,LOC100537032,LOC100537032
11802,LOC100537040,LOC100537040
11803,LOC100537082,LOC100537082
11804,LOC100537163,LOC100537163
11805,LOC100537259,LOC100537259
11806,LOC100537263,LOC100537263
11807,LOC100537265,LOC100537265
11808,LOC100537272,LOC100537272
11809,LOC100537297,LOC100537297
11810,LOC100537317,LOC100537317
11811,LOC100537342,LOC100537342
11812,LOC100537361,LOC100537361
11813,LOC100537377,LOC100537377
11814,LOC100537404,LOC100537404
11815,LOC100537428,LOC100537428
11816,LOC100537437,LOC100537437
11817,LOC100537499,LOC100537499
11818,LOC100537549,LOC100537549
11819,LOC100537584,LOC100537584
11820,LOC100537613,LOC100537613
11821,LOC100537633,LOC100537633
11822,LOC100537640,LOC100537640
11823,LOC100537702,LOC100537702
11824,LOC100537721,LOC100537721
11825,LOC100537733,LOC100537733
11826,LOC100537734,LOC100537734
11827,LOC100537813,LOC100537813
11828,LOC100537816,LOC100537816
11829,LOC100537845,LOC100537845
11830,LOC100537853,LOC100537853
11831,LOC100537874,LOC100537874
11832,LOC100537936,LOC100537936
11833,LOC100537963,LOC100537963
11834,LOC100537992,LOC100537992
11835,LOC100538023,LOC100538023
11836,LOC100538052,LOC100538052
11837,LOC100538090,LOC100538090
11838,LOC100538118,LOC100538118
11839,LOC100538121,LOC100538121
11840,LOC100538123,LOC100538123
11842,LOC100538160,LOC100538160
11843,LOC100538188,LOC100538188
11844,LOC100538196,LOC100538196
11845,LOC100538201,LOC100538201
11846,LOC100538221,LOC100538221
11847,LOC100538233,LOC100538233
11848,LOC100538255,LOC100538255
11849,LOC100538333,LOC100538333
11850,LOC100538336,LOC100538336
11851,LOC101882020,LOC101882020
11852,LOC101882034,LOC101882034
11853,LOC101882039,LOC101882039
11854,LOC101882048,LOC101882048
11855,LOC101882049,LOC101882049
11856,LOC101882062,LOC101882062
11857,LOC101882067,LOC101882067
11858,LOC101882070,LOC101882070
11859,LOC101882072,LOC101882072
11860,LOC101882073,LOC101882073
11861,LOC101882086,LOC101882086
11863,LOC101882097,LOC101882097
11864,LOC101882111,LOC101882111
11865,LOC101882112,LOC101882112
11866,LOC101882114,LOC101882114
11867,LOC101882122,LOC101882122
11868,LOC101882124,LOC101882124
11869,LOC101882135,LOC101882135
11870,LOC101882140,LOC101882140
11871,LOC101882153,LOC101882153
11872,LOC101882159,LOC101882159
11873,LOC101882166,LOC101882166
11874,LOC101882171,LOC101882171
11875,LOC101882181,LOC101882181
11876,LOC101882201,LOC101882201
11877,LOC101882208,LOC101882208
11878,LOC101882228,LOC101882228
11879,LOC101882230,LOC101882230
11880,LOC101882231,LOC101882231
11881,LOC101882235,LOC101882235
11882,LOC101882237,LOC101882237
11883,LOC101882242,LOC101882242
11884,LOC101882251,LOC101882251
11885,LOC101882272,LOC101882272
11886,LOC101882287,LOC101882287
11887,LOC101882290,LOC101882290
11888,LOC101882298,LOC101882298
11889,LOC101882303,LOC101882303
11890,LOC101882309,LOC101882309
11891,LOC101882313,LOC101882313
11892,LOC101882317,LOC101882317
11893,LOC101882320,LOC101882320
11894,LOC101882326,LOC101882326
11895,LOC101882330,LOC101882330
11896,LOC101882334,LOC101882334
11897,LOC101882342,LOC101882342
11898,LOC101882343,LOC101882343
11899,LOC101882344,LOC101882344
11900,LOC101882355,LOC101882355
11901,LOC101882358,LOC101882358
11902,LOC101882365,LOC101882365
11903,LOC101882375,LOC101882375
11904,LOC101882386,LOC101882386
11905,LOC101882396,LOC101882396
11906,LOC101882397,LOC101882397
11907,LOC101882402,LOC101882402
11908,LOC101882407,LOC101882407
11909,LOC101882443,LOC101882443
11910,LOC101882453,LOC101882453
11911,LOC101882461,LOC101882461
11912,LOC101882464,LOC101882464
11913,LOC101882465,LOC101882465
11914,LOC101882472,LOC101882472
11915,LOC101882475,LOC101882475
11916,LOC101882480,LOC101882480
11917,LOC101882493,LOC101882493
11918,LOC101882509,LOC101882509
11919,LOC101882511,LOC101882511
11920,LOC101882521,LOC101882521
11921,LOC101882525,LOC101882525
11922,LOC101882529,LOC101882529
11923,LOC101882544,LOC101882544
11924,LOC101882555,LOC101882555
11925,LOC101882559,LOC101882559
11926,LOC101882573,LOC101882573
11927,LOC101882575,LOC101882575
11928,LOC101882592,LOC101882592
11929,LOC101882596,LOC101882596
11930,LOC101882607,LOC101882607
11931,LOC101882623,LOC101882623
11932,LOC101882639,LOC101882639
11933,LOC101882640,LOC101882640
11934,LOC101882642,LOC101882642
11935,LOC101882645,LOC101882645
11936,LOC101882667,LOC101882667
11937,LOC101882668,LOC101882668
11938,LOC101882691,LOC101882691
11939,LOC101882703,LOC101882703
11940,LOC101882713,LOC101882713
11941,LOC101882721,LOC101882721
11942,LOC101882727,LOC101882727
11943,LOC101882729,LOC101882729
11944,LOC101882750,LOC101882750
11946,LOC101882765,LOC101882765
11947,LOC101882770,LOC101882770
11948,LOC101882775,LOC101882775
11949,LOC101882778,LOC101882778
11950,LOC101882787,LOC101882787
11951,LOC101882800,LOC101882800
11952,LOC101882809,LOC101882809
11953,LOC101882826,LOC101882826
11954,LOC101882847,LOC101882847
11955,LOC101882853,LOC101882853
11956,LOC101882857,LOC101882857
11957,LOC101882863,LOC101882863
11958,LOC101882866,LOC101882866
11959,LOC101882875,LOC101882875
11960,LOC101882884,LOC101882884
11961,LOC101882892,LOC101882892
11962,LOC101882916,LOC101882916
11963,LOC101882921,LOC101882921
11964,LOC101882926,LOC101882926
11965,LOC101882928,LOC101882928
11966,LOC101882950,LOC101882950
11967,LOC101882952,LOC101882952
11968,LOC101882959,LOC101882959
11969,LOC101882962,LOC101882962
11970,LOC101882989,LOC101882989
11971,LOC101883001,LOC101883001
11972,LOC101883008,LOC101883008
11973,LOC101883010,LOC101883010
11974,LOC101883023,LOC101883023
11975,LOC101883028,LOC101883028
11976,LOC101883034,LOC101883034
11977,LOC101883046,LOC101883046
11978,LOC101883073,LOC101883073
11979,LOC101883084,LOC101883084
11980,LOC101883097,LOC101883097
11981,LOC101883106,LOC101883106
11982,LOC101883107,LOC101883107
11983,LOC101883110,LOC101883110
11985,LOC101883154,LOC101883154
11986,LOC101883160,LOC101883160
11987,LOC101883163,LOC101883163
11988,LOC101883165,LOC101883165
11989,LOC101883166,LOC101883166
11990,LOC101883170,LOC101883170
11991,LOC101883201,LOC101883201
11992,LOC101883215,LOC101883215
11993,LOC101883229,LOC101883229
11994,LOC101883232,LOC101883232
11995,LOC101883235,LOC101883235
11996,LOC101883236,LOC101883236
11997,LOC101883251,LOC101883251
11998,LOC101883267,LOC101883267
11999,LOC101883268,LOC101883268
12000,LOC101883269,LOC101883269
12001,LOC101883270,LOC101883270
12002,LOC101883283,LOC101883283
12003,LOC101883290,LOC101883290
12004,LOC101883308,LOC101883308
12005,LOC101883314,LOC101883314
12006,LOC101883319,LOC101883319
12007,LOC101883320,LOC101883320
12008,LOC101883323,LOC101883323
12009,LOC101883326,LOC101883326
12010,LOC101883330,LOC101883330
12011,LOC101883343,LOC101883343
12012,LOC101883356,LOC101883356
12013,LOC101883361,LOC101883361
12014,LOC101883391,LOC101883391
12015,LOC101883398,LOC101883398
12016,LOC101883443,LOC101883443
12017,LOC101883456,LOC101883456
12018,LOC101883465,LOC101883465
12019,LOC101883468,LOC101883468
12020,LOC101883472,LOC101883472
12021,LOC101883486,LOC101883486
12022,LOC101883493,LOC101883493
12023,LOC101883507,LOC101883507
12024,LOC101883509,LOC101883509
12025,LOC101883513,LOC101883513
12026,LOC101883516,LOC101883516
12027,LOC101883520,LOC101883520
12028,LOC101883542,LOC101883542
12029,LOC101883543,LOC101883543
12030,LOC101883552,LOC101883552
12031,LOC101883563,LOC101883563
12032,LOC101883584,LOC101883584
12033,LOC101883590,LOC101883590
12034,LOC101883594,LOC101883594
12035,LOC101883600,LOC101883600
12036,LOC101883618,LOC101883618
12037,LOC101883622,LOC101883622
12038,LOC101883642,LOC101883642
12039,LOC101883656,LOC101883656
12040,LOC101883668,LOC101883668
12041,LOC101883670,LOC101883670
12042,LOC101883687,LOC101883687
12043,LOC101883704,LOC101883704
12044,LOC101883723,LOC101883723
12045,LOC101883730,LOC101883730
12046,LOC101883751,LOC101883751
12047,LOC101883755,LOC101883755
12049,LOC101883766,LOC101883766
12050,LOC101883768,LOC101883768
12051,LOC101883779,LOC101883779
12052,LOC101883789,LOC101883789
12053,LOC101883797,LOC101883797
12054,LOC101883798,LOC101883798
12055,LOC101883802,LOC101883802
12056,LOC101883807,LOC101883807
12057,LOC101883810,LOC101883810
12058,LOC101883815,LOC101883815
12059,LOC101883824,LOC101883824
12060,LOC101883836,LOC101883836
12061,LOC101883850,LOC101883850
12062,LOC101883855,LOC101883855
12063,LOC101883862,LOC101883862
12064,LOC101883867,LOC101883867
12065,LOC101883873,LOC101883873
12066,LOC101883894,LOC101883894
12067,LOC101883897,LOC101883897
12068,LOC101883911,LOC101883911
12069,LOC101883913,LOC101883913
12070,LOC101883916,LOC101883916
12071,LOC101883948,LOC101883948
12072,LOC101883959,LOC101883959
12073,LOC101883960,LOC101883960
12074,LOC101883977,LOC101883977
12075,LOC101883985,LOC101883985
12076,LOC101883999,LOC101883999
12077,LOC101884045,LOC101884045
12078,LOC101884052,LOC101884052
12079,LOC101884055,LOC101884055
12080,LOC101884081,LOC101884081
12081,LOC101884089,LOC101884089
12082,LOC101884096,LOC101884096
12083,LOC101884098,LOC101884098
12084,LOC101884106,LOC101884106
12085,LOC101884110,LOC101884110
12086,LOC101884113,LOC101884113
12087,LOC101884122,LOC101884122
12088,LOC101884125,LOC101884125
12089,LOC101884135,LOC101884135
12090,LOC101884142,LOC101884142
12091,LOC101884145,LOC101884145
12092,LOC101884154,LOC101884154
12093,LOC101884156,LOC101884156
12094,LOC101884157,LOC101884157
12095,LOC101884161,LOC101884161
12096,LOC101884166,LOC101884166
12097,LOC101884169,LOC101884169
12098,LOC101884172,LOC101884172
12099,LOC101884177,LOC101884177
12100,LOC101884182,LOC101884182
12101,LOC101884186,LOC101884186
12102,LOC101884200,LOC101884200
12103,LOC101884209,LOC101884209
12104,LOC101884231,LOC101884231
12105,LOC101884237,LOC101884237
12106,LOC101884238,LOC101884238
12107,LOC101884253,LOC101884253
12108,LOC101884261,LOC101884261
12109,LOC101884267,LOC101884267
12110,LOC101884285,LOC101884285
12111,LOC101884287,LOC101884287
12112,LOC101884295,LOC101884295
12113,LOC101884296,LOC101884296
12114,LOC101884298,LOC101884298
12115,LOC101884310,LOC101884310
12116,LOC101884314,LOC101884314
12117,LOC101884340,LOC101884340
12118,LOC101884359,LOC101884359
12119,LOC101884366,LOC101884366
12120,LOC101884375,LOC101884375
12121,LOC101884382,LOC101884382
12122,LOC101884404,LOC101884404
12123,LOC101884422,LOC101884422
12124,LOC101884431,LOC101884431
12125,LOC101884438,LOC101884438
12126,LOC101884441,LOC101884441
12127,LOC101884443,LOC101884443
12128,LOC101884451,LOC101884451
12129,LOC101884463,LOC101884463
12130,LOC101884469,LOC101884469
12131,LOC101884473,LOC101884473
12132,LOC101884482,LOC101884482
12133,LOC101884484,LOC101884484
12134,LOC101884504,LOC101884504
12135,LOC101884506,LOC101884506
12136,LOC101884509,LOC101884509
12137,LOC101884517,LOC101884517
12138,LOC101884520,LOC101884520
12139,LOC101884528,LOC101884528
12140,LOC101884529,LOC101884529
12141,LOC101884533,LOC101884533
12142,LOC101884549,LOC101884549
12143,LOC101884552,LOC101884552
12144,LOC101884560,LOC101884560
12145,LOC101884589,LOC101884589
12146,LOC101884606,LOC101884606
12147,LOC101884613,LOC101884613
12148,LOC101884619,LOC101884619
12149,LOC101884626,LOC101884626
12150,LOC101884632,LOC101884632
12151,LOC101884641,LOC101884641
12152,LOC101884649,LOC101884649
12153,LOC101884652,LOC101884652
12154,LOC101884666,LOC101884666
12155,LOC101884668,LOC101884668
12156,LOC101884676,LOC101884676
12157,LOC101884680,LOC101884680
12158,LOC101884685,LOC101884685
12159,LOC101884686,LOC101884686
12160,LOC101884690,LOC101884690
12161,LOC101884692,LOC101884692
12162,LOC101884695,LOC101884695
12163,LOC101884710,LOC101884710
12164,LOC101884718,LOC101884718
12165,LOC101884739,LOC101884739
12166,LOC101884740,LOC101884740
12168,LOC101884747,LOC101884747
12169,LOC101884756,LOC101884756
12170,LOC101884757,LOC101884757
12171,LOC101884770,LOC101884770
12172,LOC101884772,LOC101884772
12173,LOC101884781,LOC101884781
12174,LOC101884790,LOC101884790
12175,LOC101884792,LOC101884792
12176,LOC101884799,LOC101884799
12177,LOC101884821,LOC101884821
12178,LOC101884845,LOC101884845
12179,LOC101884850,LOC101884850
12180,LOC101884857,LOC101884857
12181,LOC101884860,LOC101884860
12182,LOC101884869,LOC101884869
12183,LOC101884874,LOC101884874
12184,LOC101884876,LOC101884876
12185,LOC101884879,LOC101884879
12186,LOC101884894,LOC101884894
12187,LOC101884896,LOC101884896
12188,LOC101884915,LOC101884915
12189,LOC101884919,LOC101884919
12190,LOC101884921,LOC101884921
12191,LOC101884926,LOC101884926
12192,LOC101884938,LOC101884938
12193,LOC101884949,LOC101884949
12194,LOC101884966,LOC101884966
12195,LOC101884967,LOC101884967
12196,LOC101884973,LOC101884973
12197,LOC101884976,LOC101884976
12198,LOC101884985,LOC101884985
12199,LOC101884990,LOC101884990
12200,LOC101884995,LOC101884995
12201,LOC101885008,LOC101885008
12202,LOC101885011,LOC101885011
12203,LOC101885015,LOC101885015
12204,LOC101885018,LOC101885018
12205,LOC101885027,LOC101885027
12206,LOC101885030,LOC101885030
12207,LOC101885051,LOC101885051
12208,LOC101885053,LOC101885053
12209,LOC101885062,LOC101885062
12210,LOC101885065,LOC101885065
12211,LOC101885066,LOC101885066
12212,LOC101885083,LOC101885083
12213,LOC101885084,LOC101885084
12214,LOC101885086,LOC101885086
12215,LOC101885088,LOC101885088
12216,LOC101885092,LOC101885092
12217,LOC101885099,LOC101885099
12218,LOC101885117,LOC101885117
12219,LOC101885129,LOC101885129
12220,LOC101885134,LOC101885134
12221,LOC101885143,LOC101885143
12222,LOC101885149,LOC101885149
12223,LOC101885161,LOC101885161
12224,LOC101885165,LOC101885165
12225,LOC101885174,LOC101885174
12226,LOC101885178,LOC101885178
12227,LOC101885180,LOC101885180
12228,LOC101885184,LOC101885184
12229,LOC101885193,LOC101885193
12230,LOC101885209,LOC101885209
12231,LOC101885216,LOC101885216
12232,LOC101885266,LOC101885266
12233,LOC101885283,LOC101885283
12234,LOC101885297,LOC101885297
12235,LOC101885301,LOC101885301
12236,LOC101885311,LOC101885311
12237,LOC101885315,LOC101885315
12238,LOC101885325,LOC101885325
12239,LOC101885328,LOC101885328
12240,LOC101885332,LOC101885332
12241,LOC101885341,LOC101885341
12242,LOC101885342,LOC101885342
12243,LOC101885345,LOC101885345
12244,LOC101885358,LOC101885358
12245,LOC101885373,LOC101885373
12246,LOC101885376,LOC101885376
12247,LOC101885394,LOC101885394
12248,LOC101885400,LOC101885400
12249,LOC101885404,LOC101885404
12250,LOC101885413,LOC101885413
12251,LOC101885430,LOC101885430
12252,LOC101885431,LOC101885431
12253,LOC101885432,LOC101885432
12254,LOC101885443,LOC101885443
12255,LOC101885444,LOC101885444
12256,LOC101885445,LOC101885445
12257,LOC101885454,LOC101885454
12258,LOC101885470,LOC101885470
12259,LOC101885477,LOC101885477
12260,LOC101885478,LOC101885478
12261,LOC101885485,LOC101885485
12262,LOC101885494,LOC101885494
12264,LOC101885506,LOC101885506
12265,LOC101885529,LOC101885529
12266,LOC101885530,LOC101885530
12267,LOC101885535,LOC101885535
12268,LOC101885536,LOC101885536
12269,LOC101885538,LOC101885538
12270,LOC101885539,LOC101885539
12271,LOC101885541,LOC101885541
12272,LOC101885553,LOC101885553
12273,LOC101885558,LOC101885558
12274,LOC101885577,LOC101885577
12275,LOC101885583,LOC101885583
12276,LOC101885586,LOC101885586
12277,LOC101885593,LOC101885593
12278,LOC101885599,LOC101885599
12279,LOC101885606,LOC101885606
12280,LOC101885611,LOC101885611
12281,LOC101885620,LOC101885620
12282,LOC101885631,LOC101885631
12283,LOC101885636,LOC101885636
12284,LOC101885637,LOC101885637
12285,LOC101885645,LOC101885645
12286,LOC101885646,LOC101885646
12287,LOC101885649,LOC101885649
12288,LOC101885655,LOC101885655
12289,LOC101885664,LOC101885664
12290,LOC101885668,LOC101885668
12291,LOC101885675,LOC101885675
12292,LOC101885677,LOC101885677
12293,LOC101885678,LOC101885678
12294,LOC101885687,LOC101885687
12295,LOC101885690,LOC101885690
12296,LOC101885698,LOC101885698
12297,LOC101885706,LOC101885706
12298,LOC101885708,LOC101885708
12299,LOC101885717,LOC101885717
12300,LOC101885726,LOC101885726
12301,LOC101885749,LOC101885749
12302,LOC101885758,LOC101885758
12303,LOC101885765,LOC101885765
12304,LOC101885769,LOC101885769
12305,LOC101885776,LOC101885776
12306,LOC101885777,LOC101885777
12307,LOC101885801,LOC101885801
12308,LOC101885805,LOC101885805
12309,LOC101885809,LOC101885809
12310,LOC101885828,LOC101885828
12311,LOC101885829,LOC101885829
12312,LOC101885837,LOC101885837
12313,LOC101885844,LOC101885844
12314,LOC101885857,LOC101885857
12315,LOC101885859,LOC101885859
12316,LOC101885863,LOC101885863
12317,LOC101885868,LOC101885868
12318,LOC101885872,LOC101885872
12319,LOC101885875,LOC101885875
12320,LOC101885876,LOC101885876
12321,LOC101885890,LOC101885890
12322,LOC101885893,LOC101885893
12323,LOC101885894,LOC101885894
12324,LOC101885896,LOC101885896
12325,LOC101885905,LOC101885905
12326,LOC101885915,LOC101885915
12327,LOC101885919,LOC101885919
12328,LOC101885920,LOC101885920
12329,LOC101885924,LOC101885924
12330,LOC101885930,LOC101885930
12331,LOC101885935,LOC101885935
12332,LOC101885938,LOC101885938
12333,LOC101885940,LOC101885940
12334,LOC101885945,LOC101885945
12335,LOC101885947,LOC101885947
12336,LOC101885950,LOC101885950
12337,LOC101885966,LOC101885966
12338,LOC101885970,LOC101885970
12339,LOC101885979,LOC101885979
12340,LOC101885981,LOC101885981
12341,LOC101885985,LOC101885985
12342,LOC101885989,LOC101885989
12343,LOC101885990,LOC101885990
12344,LOC101886002,LOC101886002
12345,LOC101886005,LOC101886005
12346,LOC101886012,LOC101886012
12347,LOC101886015,LOC101886015
12348,LOC101886071,LOC101886071
12349,LOC101886073,LOC101886073
12350,LOC101886077,LOC101886077
12351,LOC101886078,LOC101886078
12352,LOC101886083,LOC101886083
12353,LOC101886091,LOC101886091
12354,LOC101886102,LOC101886102
12355,LOC101886104,LOC101886104
12356,LOC101886111,LOC101886111
12357,LOC101886113,LOC101886113
12358,LOC101886114,LOC101886114
12359,LOC101886132,LOC101886132
12360,LOC101886133,LOC101886133
12361,LOC101886155,LOC101886155
12362,LOC101886158,LOC101886158
12363,LOC101886161,LOC101886161
12364,LOC101886167,LOC101886167
12365,LOC101886187,LOC101886187
12366,LOC101886193,LOC101886193
12367,LOC101886196,LOC101886196
12368,LOC101886199,LOC101886199
12369,LOC101886229,LOC101886229
12370,LOC101886239,LOC101886239
12371,LOC101886255,LOC101886255
12372,LOC101886256,LOC101886256
12373,LOC101886261,LOC101886261
12374,LOC101886275,LOC101886275
12375,LOC101886291,LOC101886291
12376,LOC101886293,LOC101886293
12378,LOC101886318,LOC101886318
12379,LOC101886337,LOC101886337
12380,LOC101886340,LOC101886340
12381,LOC101886347,LOC101886347
12382,LOC101886363,LOC101886363
12383,LOC101886371,LOC101886371
12384,LOC101886376,LOC101886376
12385,LOC101886384,LOC101886384
12386,LOC101886386,LOC101886386
12387,LOC101886390,LOC101886390
12388,LOC101886403,LOC101886403
12389,LOC101886407,LOC101886407
12390,LOC101886427,LOC101886427
12391,LOC101886429,LOC101886429
12392,LOC101886439,LOC101886439
12393,LOC101886442,LOC101886442
12395,LOC101886459,LOC101886459
12396,LOC101886464,LOC101886464
12397,LOC101886478,LOC101886478
12398,LOC101886485,LOC101886485
12399,LOC101886486,LOC101886486
12400,LOC101886492,LOC101886492
12401,LOC101886494,LOC101886494
12402,LOC101886519,LOC101886519
12403,LOC101886524,LOC101886524
12404,LOC101886528,LOC101886528
12405,LOC101886530,LOC101886530
12406,LOC101886547,LOC101886547
12407,LOC101886572,LOC101886572
12408,LOC101886581,LOC101886581
12409,LOC101886593,LOC101886593
12410,LOC101886598,LOC101886598
12411,LOC101886616,LOC101886616
12412,LOC101886621,LOC101886621
12413,LOC101886630,LOC101886630
12414,LOC101886638,LOC101886638
12415,LOC101886654,LOC101886654
12416,LOC101886665,LOC101886665
12417,LOC101886672,LOC101886672
12418,LOC101886679,LOC101886679
12419,LOC101886684,LOC101886684
12420,LOC101886687,LOC101886687
12421,LOC101886691,LOC101886691
12422,LOC101886700,LOC101886700
12423,LOC101886706,LOC101886706
12424,LOC101886712,LOC101886712
12425,LOC101886719,LOC101886719
12426,LOC101886724,LOC101886724
12427,LOC101886743,LOC101886743
12428,LOC101886751,LOC101886751
12429,LOC101886754,LOC101886754
12430,LOC101886756,LOC101886756
12431,LOC101886779,LOC101886779
12432,LOC101886784,LOC101886784
12433,LOC101886786,LOC101886786
12434,LOC101886822,LOC101886822
12435,LOC101886825,LOC101886825
12436,LOC101886835,LOC101886835
12437,LOC101886838,LOC101886838
12438,LOC101886843,LOC101886843
12439,LOC101886853,LOC101886853
12440,LOC101886860,LOC101886860
12441,LOC101886868,LOC101886868
12442,LOC101886876,LOC101886876
12443,LOC101886880,LOC101886880
12444,LOC101886884,LOC101886884
12445,LOC101886896,LOC101886896
12447,LOC101886905,LOC101886905
12448,LOC101886920,LOC101886920
12449,LOC101886926,LOC101886926
12450,LOC101886928,LOC101886928
12451,LOC101886929,LOC101886929
12452,LOC101886933,LOC101886933
12453,LOC101886944,LOC101886944
12454,LOC101886950,LOC101886950
12455,LOC101886963,LOC101886963
12456,LOC101886997,LOC101886997
12457,LOC101887000,LOC101887000
12458,LOC101887002,LOC101887002
12459,LOC101887011,LOC101887011
12460,LOC101887017,LOC101887017
12461,LOC101887036,LOC101887036
12462,LOC101887041,LOC101887041
12463,LOC101887064,LOC101887064
12464,LOC101887070,LOC101887070
12465,LOC101887079,LOC101887079
12466,LOC101887081,LOC101887081
12467,LOC101887092,LOC101887092
12468,LOC101887100,LOC101887100
12469,LOC101887111,LOC101887111
12470,LOC101887114,LOC101887114
12471,LOC101887118,LOC101887118
12472,LOC101887121,LOC101887121
12473,LOC101887126,LOC101887126
12474,LOC101887156,LOC101887156
12475,LOC101887160,LOC101887160
12476,LOC101887189,LOC101887189
12477,LOC103908636,LOC103908636
12478,LOC103908666,LOC103908666
12479,LOC103908679,LOC103908679
12480,LOC103908684,LOC103908684
12482,LOC103908725,LOC103908725
12483,LOC103908739,LOC103908739
12484,LOC103908740,LOC103908740
12485,LOC103908741,LOC103908741
12486,LOC103908743,LOC103908743
12487,LOC103908766,LOC103908766
12488,LOC103908767,LOC103908767
12489,LOC103908784,LOC103908784
12490,LOC103908786,LOC103908786
12491,LOC103908820,LOC103908820
12492,LOC103908824,LOC103908824
12493,LOC103908832,LOC103908832
12494,LOC103908843,LOC103908843
12495,LOC103908849,LOC103908849
12496,LOC103908867,LOC103908867
12497,LOC103908871,LOC103908871
12498,LOC103908875,LOC103908875
12499,LOC103908877,LOC103908877
12500,LOC103908896,LOC103908896
12501,LOC103908899,LOC103908899
12502,LOC103908901,LOC103908901
12503,LOC103908902,LOC103908902
12504,LOC103908903,LOC103908903
12505,LOC103908923,LOC103908923
12506,LOC103908925,LOC103908925
12507,LOC103908936,LOC103908936
12508,LOC103908938,LOC103908938
12509,LOC103908940,LOC103908940
12510,LOC103908968,LOC103908968
12511,LOC103908970,LOC103908970
12512,LOC103908977,LOC103908977
12513,LOC103908981,LOC103908981
12514,LOC103908985,LOC103908985
12515,LOC103908992,LOC103908992
12516,LOC103908995,LOC103908995
12517,LOC103908998,LOC103908998
12518,LOC103909000,LOC103909000
12519,LOC103909048,LOC103909048
12520,LOC103909050,LOC103909050
12521,LOC103909053,LOC103909053
12522,LOC103909067,LOC103909067
12523,LOC103909069,LOC103909069
12524,LOC103909086,LOC103909086
12525,LOC103909095,LOC103909095
12526,LOC103909099,LOC103909099
12527,LOC103909107,LOC103909107
12528,LOC103909112,LOC103909112
12529,LOC103909114,LOC103909114
12530,LOC103909115,LOC103909115
12531,LOC103909118,LOC103909118
12532,LOC103909136,LOC103909136
12533,LOC103909138,LOC103909138
12534,LOC103909160,LOC103909160
12535,LOC103909167,LOC103909167
12536,LOC103909170,LOC103909170
12537,LOC103909195,LOC103909195
12538,LOC103909205,LOC103909205
12539,LOC103909227,LOC103909227
12540,LOC103909239,LOC103909239
12541,LOC103909257,LOC103909257
12542,LOC103909268,LOC103909268
12543,LOC103909284,LOC103909284
12544,LOC103909304,LOC103909304
12545,LOC103909323,LOC103909323
12546,LOC103909333,LOC103909333
12547,LOC103909344,LOC103909344
12548,LOC103909376,LOC103909376
12549,LOC103909395,LOC103909395
12550,LOC103909407,LOC103909407
12551,LOC103909414,LOC103909414
12552,LOC103909421,LOC103909421
12553,LOC103909422,LOC103909422
12554,LOC103909443,LOC103909443
12555,LOC103909450,LOC103909450
12556,LOC103909461,LOC103909461
12557,LOC103909463,LOC103909463
12558,LOC103909465,LOC103909465
12559,LOC103909470,LOC103909470
12560,LOC103909472,LOC103909472
12561,LOC103909475,LOC103909475
12562,LOC103909479,LOC103909479
12563,LOC103909492,LOC103909492
12564,LOC103909508,LOC103909508
12565,LOC103909509,LOC103909509
12566,LOC103909511,LOC103909511
12567,LOC103909512,LOC103909512
12568,LOC103909515,LOC103909515
12569,LOC103909522,LOC103909522
12570,LOC103909524,LOC103909524
12571,LOC103909543,LOC103909543
12572,LOC103909551,LOC103909551
12573,LOC103909553,LOC103909553
12574,LOC103909565,LOC103909565
12575,LOC103909567,LOC103909567
12576,LOC103909568,LOC103909568
12577,LOC103909575,LOC103909575
12578,LOC103909581,LOC103909581
12579,LOC103909584,LOC103909584
12580,LOC103909593,LOC103909593
12581,LOC103909596,LOC103909596
12582,LOC103909602,LOC103909602
12583,LOC103909610,LOC103909610
12584,LOC103909620,LOC103909620
12585,LOC103909625,LOC103909625
12586,LOC103909634,LOC103909634
12587,LOC103909640,LOC103909640
12588,LOC103909649,LOC103909649
12589,LOC103909664,LOC103909664
12590,LOC103909675,LOC103909675
12591,LOC103909694,LOC103909694
12592,LOC103909697,LOC103909697
12593,LOC103909712,LOC103909712
12594,LOC103909736,LOC103909736
12595,LOC103909742,LOC103909742
12596,LOC103909745,LOC103909745
12597,LOC103909765,LOC103909765
12598,LOC103909772,LOC103909772
12599,LOC103909783,LOC103909783
12600,LOC103909784,LOC103909784
12601,LOC103909796,LOC103909796
12602,LOC103909808,LOC103909808
12603,LOC103909809,LOC103909809
12604,LOC103909810,LOC103909810
12605,LOC103909811,LOC103909811
12606,LOC103909816,LOC103909816
12607,LOC103909817,LOC103909817
12608,LOC103909828,LOC103909828
12609,LOC103909840,LOC103909840
12610,LOC103909850,LOC103909850
12611,LOC103909855,LOC103909855
12612,LOC103909867,LOC103909867
12613,LOC103909868,LOC103909868
12614,LOC103909885,LOC103909885
12615,LOC103909892,LOC103909892
12616,LOC103909893,LOC103909893
12617,LOC103909905,LOC103909905
12618,LOC103909918,LOC103909918
12619,LOC103909928,LOC103909928
12620,LOC103909932,LOC103909932
12621,LOC103909933,LOC103909933
12622,LOC103909940,LOC103909940
12623,LOC103909945,LOC103909945
12624,LOC103909950,LOC103909950
12625,LOC103909958,LOC103909958
12626,LOC103909963,LOC103909963
12627,LOC103909967,LOC103909967
12628,LOC103909969,LOC103909969
12629,LOC103909972,LOC103909972
12630,LOC103909974,LOC103909974
12631,LOC103909976,LOC103909976
12632,LOC103909978,LOC103909978
12633,LOC103909980,LOC103909980
12634,LOC103909982,LOC103909982
12635,LOC103909988,LOC103909988
12636,LOC103909997,LOC103909997
12637,LOC103910002,LOC103910002
12638,LOC103910003,LOC103910003
12639,LOC103910007,LOC103910007
12640,LOC103910009,LOC103910009
12641,LOC103910010,LOC103910010
12642,LOC103910017,LOC103910017
12643,LOC103910022,LOC103910022
12644,LOC103910025,LOC103910025
12645,LOC103910031,LOC103910031
12646,LOC103910040,LOC103910040
12647,LOC103910042,LOC103910042
12648,LOC103910100,LOC103910100
12649,LOC103910105,LOC103910105
12650,LOC103910107,LOC103910107
12651,LOC103910120,LOC103910120
12652,LOC103910127,LOC103910127
12653,LOC103910136,LOC103910136
12654,LOC103910162,LOC103910162
12655,LOC103910163,LOC103910163
12656,LOC103910166,LOC103910166
12657,LOC103910167,LOC103910167
12658,LOC103910169,LOC103910169
12659,LOC103910179,LOC103910179
12660,LOC103910193,LOC103910193
12661,LOC103910194,LOC103910194
12662,LOC103910196,LOC103910196
12663,LOC103910217,LOC103910217
12664,LOC103910218,LOC103910218
12665,LOC103910220,LOC103910220
12666,LOC103910228,LOC103910228
12667,LOC103910250,LOC103910250
12668,LOC103910251,LOC103910251
12669,LOC103910253,LOC103910253
12670,LOC103910263,LOC103910263
12671,LOC103910264,LOC103910264
12672,LOC103910269,LOC103910269
12673,LOC103910280,LOC103910280
12674,LOC103910292,LOC103910292
12675,LOC103910295,LOC103910295
12676,LOC103910297,LOC103910297
12677,LOC103910306,LOC103910306
12678,LOC103910313,LOC103910313
12679,LOC103910314,LOC103910314
12680,LOC103910319,LOC103910319
12681,LOC103910320,LOC103910320
12682,LOC103910324,LOC103910324
12684,LOC103910348,LOC103910348
12685,LOC103910356,LOC103910356
12686,LOC103910363,LOC103910363
12687,LOC103910369,LOC103910369
12688,LOC103910371,LOC103910371
12689,LOC103910375,LOC103910375
12690,LOC103910383,LOC103910383
12691,LOC103910397,LOC103910397
12692,LOC103910402,LOC103910402
12693,LOC103910403,LOC103910403
12694,LOC103910408,LOC103910408
12695,LOC103910422,LOC103910422
12696,LOC103910423,LOC103910423
12697,LOC103910428,LOC103910428
12698,LOC103910431,LOC103910431
12699,LOC103910432,LOC103910432
12700,LOC103910438,LOC103910438
12701,LOC103910439,LOC103910439
12702,LOC103910447,LOC103910447
12703,LOC103910448,LOC103910448
12704,LOC103910453,LOC103910453
12705,LOC103910459,LOC103910459
12706,LOC103910470,LOC103910470
12707,LOC103910480,LOC103910480
12708,LOC103910488,LOC103910488
12709,LOC103910497,LOC103910497
12710,LOC103910498,LOC103910498
12711,LOC103910502,LOC103910502
12712,LOC103910524,LOC103910524
12713,LOC103910525,LOC103910525
12714,LOC103910526,LOC103910526
12715,LOC103910528,LOC103910528
12716,LOC103910533,LOC103910533
12717,LOC103910551,LOC103910551
12718,LOC103910552,LOC103910552
12719,LOC103910556,LOC103910556
12720,LOC103910566,LOC103910566
12721,LOC103910570,LOC103910570
12722,LOC103910580,LOC103910580
12723,LOC103910593,LOC103910593
12724,LOC103910597,LOC103910597
12725,LOC103910600,LOC103910600
12726,LOC103910607,LOC103910607
12727,LOC103910611,LOC103910611
12728,LOC103910614,LOC103910614
12729,LOC103910625,LOC103910625
12730,LOC103910633,LOC103910633
12731,LOC103910643,LOC103910643
12732,LOC103910645,LOC103910645
12733,LOC103910647,LOC103910647
12734,LOC103910661,LOC103910661
12735,LOC103910662,LOC103910662
12736,LOC103910665,LOC103910665
12737,LOC103910666,LOC103910666
12738,LOC103910668,LOC103910668
12739,LOC103910670,LOC103910670
12740,LOC103910674,LOC103910674
12741,LOC103910690,LOC103910690
12742,LOC103910701,LOC103910701
12743,LOC103910717,LOC103910717
12744,LOC103910718,LOC103910718
12745,LOC103910729,LOC103910729
12746,LOC103910731,LOC103910731
12747,LOC103910741,LOC103910741
12748,LOC103910742,LOC103910742
12749,LOC103910749,LOC103910749
12750,LOC103910762,LOC103910762
12751,LOC103910768,LOC103910768
12752,LOC103910773,LOC103910773
12753,LOC103910778,LOC103910778
12754,LOC103910779,LOC103910779
12755,LOC103910783,LOC103910783
12757,LOC103910799,LOC103910799
12758,LOC103910801,LOC103910801
12759,LOC103910812,LOC103910812
12760,LOC103910825,LOC103910825
12761,LOC103910826,LOC103910826
12762,LOC103910827,LOC103910827
12763,LOC103910844,LOC103910844
12764,LOC103910850,LOC103910850
12765,LOC103910859,LOC103910859
12766,LOC103910868,LOC103910868
12767,LOC103910869,LOC103910869
12768,LOC103910871,LOC103910871
12769,LOC103910872,LOC103910872
12770,LOC103910873,LOC103910873
12771,LOC103910874,LOC103910874
12772,LOC103910875,LOC103910875
12773,LOC103910876,LOC103910876
12774,LOC103910886,LOC103910886
12775,LOC103910891,LOC103910891
12776,LOC103910897,LOC103910897
12777,LOC103910903,LOC103910903
12778,LOC103910907,LOC103910907
12779,LOC103910909,LOC103910909
12780,LOC103910915,LOC103910915
12781,LOC103910918,LOC103910918
12782,LOC103910921,LOC103910921
12783,LOC103910933,LOC103910933
12784,LOC103910934,LOC103910934
12785,LOC103910940,LOC103910940
12786,LOC103910941,LOC103910941
12787,LOC103910947,LOC103910947
12788,LOC103910948,LOC103910948
12790,LOC103910960,LOC103910960
12791,LOC103910976,LOC103910976
12793,LOC103910988,LOC103910988
12794,LOC103910996,LOC103910996
12795,LOC103911019,LOC103911019
12796,LOC103911023,LOC103911023
12797,LOC103911026,LOC103911026
12798,LOC103911030,LOC103911030
12799,LOC103911035,LOC103911035
12800,LOC103911037,LOC103911037
12801,LOC103911046,LOC103911046
12802,LOC103911047,LOC103911047
12803,LOC103911048,LOC103911048
12804,LOC103911055,LOC103911055
12805,LOC103911063,LOC103911063
12806,LOC103911065,LOC103911065
12807,LOC103911067,LOC103911067
12808,LOC103911081,LOC103911081
12809,LOC103911083,LOC103911083
12810,LOC103911089,LOC103911089
12811,LOC103911090,LOC103911090
12812,LOC103911098,LOC103911098
12813,LOC103911111,LOC103911111
12814,LOC103911115,LOC103911115
12815,LOC103911134,LOC103911134
12816,LOC103911142,LOC103911142
12817,LOC103911160,LOC103911160
12818,LOC103911170,LOC103911170
12819,LOC103911173,LOC103911173
12820,LOC103911178,LOC103911178
12821,LOC103911188,LOC103911188
12822,LOC103911204,LOC103911204
12823,LOC103911207,LOC103911207
12824,LOC103911209,LOC103911209
12825,LOC103911210,LOC103911210
12826,LOC103911255,LOC103911255
12827,LOC103911261,LOC103911261
12828,LOC103911264,LOC103911264
12829,LOC103911288,LOC103911288
12830,LOC103911290,LOC103911290
12831,LOC103911301,LOC103911301
12832,LOC103911313,LOC103911313
12833,LOC103911318,LOC103911318
12834,LOC103911332,LOC103911332
12835,LOC103911338,LOC103911338
12836,LOC103911361,LOC103911361
12837,LOC103911363,LOC103911363
12838,LOC103911404,LOC103911404
12839,LOC103911430,LOC103911430
12840,LOC103911447,LOC103911447
12841,LOC103911450,LOC103911450
12842,LOC103911451,LOC103911451
12843,LOC103911458,LOC103911458
12844,LOC103911473,LOC103911473
12845,LOC103911485,LOC103911485
12846,LOC103911487,LOC103911487
12847,LOC103911494,LOC103911494
12848,LOC103911495,LOC103911495
12849,LOC103911496,LOC103911496
12850,LOC103911506,LOC103911506
12851,LOC103911517,LOC103911517
12852,LOC103911521,LOC103911521
12853,LOC103911527,LOC103911527
12854,LOC103911530,LOC103911530
12855,LOC103911545,LOC103911545
12856,LOC103911551,LOC103911551
12857,LOC103911555,LOC103911555
12858,LOC103911561,LOC103911561
12859,LOC103911563,LOC103911563
12860,LOC103911582,LOC103911582
12861,LOC103911588,LOC103911588
12862,LOC103911600,LOC103911600
12863,LOC103911601,LOC103911601
12864,LOC103911603,LOC103911603
12865,LOC103911615,LOC103911615
12866,LOC103911624,LOC103911624
12867,LOC103911635,LOC103911635
12868,LOC103911641,LOC103911641
12869,LOC103911653,LOC103911653
12870,LOC103911664,LOC103911664
12871,LOC103911689,LOC103911689
12872,LOC103911701,LOC103911701
12873,LOC103911715,LOC103911715
12874,LOC103911722,LOC103911722
12875,LOC103911723,LOC103911723
12876,LOC103911725,LOC103911725
12877,LOC103911727,LOC103911727
12878,LOC103911747,LOC103911747
12879,LOC103911750,LOC103911750
12880,LOC103911773,LOC103911773
12881,LOC103911788,LOC103911788
12882,LOC103911803,LOC103911803
12883,LOC103911808,LOC103911808
12884,LOC103911818,LOC103911818
12885,LOC103911819,LOC103911819
12886,LOC103911822,LOC103911822
12887,LOC103911828,LOC103911828
12889,LOC103911830,LOC103911830
12890,LOC103911839,LOC103911839
12891,LOC103911848,LOC103911848
12892,LOC103911880,LOC103911880
12893,LOC103911884,LOC103911884
12894,LOC103911885,LOC103911885
12895,LOC103911895,LOC103911895
12896,LOC103911899,LOC103911899
12897,LOC103911920,LOC103911920
12898,LOC103911922,LOC103911922
12899,LOC103911924,LOC103911924
12900,LOC103911938,LOC103911938
12901,LOC103911951,LOC103911951
12902,LOC103911956,LOC103911956
12903,LOC103911961,LOC103911961
12904,LOC103911969,LOC103911969
12905,LOC103911994,LOC103911994
12906,LOC103911995,LOC103911995
12907,LOC103911996,LOC103911996
12908,LOC103912003,LOC103912003
12909,LOC103912005,LOC103912005
12910,LOC103912010,LOC103912010
12911,LOC103912023,LOC103912023
12912,LOC103912024,LOC103912024
12913,LOC103912040,LOC103912040
12914,LOC103912041,LOC103912041
12915,LOC103912045,LOC103912045
12916,LOC103912048,LOC103912048
12917,LOC103912066,LOC103912066
12918,LOC108179023,LOC108179023
12919,LOC108179035,LOC108179035
12920,LOC108179036,LOC108179036
12921,LOC108179037,LOC108179037
12922,LOC108179079,LOC108179079
12923,LOC108179099,LOC108179099
12924,LOC108179102,LOC108179102
12925,LOC108179108,LOC108179108
12926,LOC108179111,LOC108179111
12928,LOC108179116,LOC108179116
12929,LOC108179130,LOC108179130
12930,LOC108179136,LOC108179136
12931,LOC108179139,LOC108179139
12932,LOC108179142,LOC108179142
12933,LOC108179143,LOC108179143
12934,LOC108179151,LOC108179151
12936,LOC108179158,LOC108179158
12937,LOC108179161,LOC108179161
12938,LOC108179162,LOC108179162
12939,LOC108179173,LOC108179173
12940,LOC108179174,LOC108179174
12941,LOC108179175,LOC108179175
12942,LOC108179178,LOC108179178
12943,LOC108179200,LOC108179200
12944,LOC108179227,LOC108179227
12946,LOC108179246,LOC108179246
12947,LOC108179274,LOC108179274
12948,LOC108179280,LOC108179280
12949,LOC108179291,LOC108179291
12951,LOC108179300,LOC108179300
12952,LOC108179305,LOC108179305
12953,LOC108179343,LOC108179343
12954,LOC108179355,LOC108179355
12955,LOC108179356,LOC108179356
12956,LOC108179500,LOC108179500
12957,LOC108179505,LOC108179505
12958,LOC108179509,LOC108179509
12959,LOC108179520,LOC108179520
12960,LOC108179562,LOC108179562
12961,LOC108179567,LOC108179567
12962,LOC108179575,LOC108179575
12963,LOC108179593,LOC108179593
12964,LOC108179594,LOC108179594
12965,LOC108179595,LOC108179595
12966,LOC108179621,LOC108179621
12967,LOC108179634,LOC108179634
12968,LOC108179642,LOC108179642
12969,LOC108179660,LOC108179660
12970,LOC108179662,LOC108179662
12971,LOC108179687,LOC108179687
12972,LOC108179692,LOC108179692
12973,LOC108179710,LOC108179710
12974,LOC108179735,LOC108179735
12975,LOC108179755,LOC108179755
12976,LOC108179780,LOC108179780
12977,LOC108179784,LOC108179784
12978,LOC108179792,LOC108179792
12980,LOC108179808,LOC108179808
12981,LOC108179947,LOC108179947
12982,LOC108179959,LOC108179959
12983,LOC108179963,LOC108179963
12984,LOC108179992,LOC108179992
12985,LOC108180010,LOC108180010
12986,LOC108180013,LOC108180013
12987,LOC108180017,LOC108180017
12988,LOC108180020,LOC108180020
12989,LOC108180033,LOC108180033
12990,LOC108180038,LOC108180038
12991,LOC108180073,LOC108180073
12992,LOC108180091,LOC108180091
12993,LOC108180112,LOC108180112
12994,LOC108180115,LOC108180115
12995,LOC108180121,LOC108180121
12996,LOC108180123,LOC108180123
12997,LOC108180131,LOC108180131
12998,LOC108180138,LOC108180138
12999,LOC108180139,LOC108180139
13000,LOC108180164,LOC108180164
13001,LOC108180171,LOC108180171
13002,LOC108180193,LOC108180193
13003,LOC108180196,LOC108180196
13004,LOC108180199,LOC108180199
13005,LOC108180204,LOC108180204
13006,LOC108180218,LOC108180218
13007,LOC108180223,LOC108180223
13008,LOC108180226,LOC108180226
13009,LOC108180241,LOC108180241
13010,LOC108180244,LOC108180244
13011,LOC108180259,LOC108180259
13012,LOC108180265,LOC108180265
13013,LOC108180269,LOC108180269
13014,LOC108180286,LOC108180286
13015,LOC108180305,LOC108180305
13016,LOC108180322,LOC108180322
13018,LOC108180355,LOC108180355
13019,LOC108180719,LOC108180719
13020,LOC108180720,LOC108180720
13021,LOC108180722,LOC108180722
13022,LOC108180723,LOC108180723
13023,LOC108180725,LOC108180725
13024,LOC108180727,LOC108180727
13025,LOC108180734,LOC108180734
13026,LOC108180743,LOC108180743
13027,LOC108180776,LOC108180776
13028,LOC108180795,LOC108180795
13029,LOC108180802,LOC108180802
13030,LOC108180813,LOC108180813
13031,LOC108181078,LOC108181078
13032,LOC108181079,LOC108181079
13033,LOC108181080,LOC108181080
13034,LOC108181095,LOC108181095
13035,LOC108181097,LOC108181097
13036,LOC108181101,LOC108181101
13037,LOC108181104,LOC108181104
13038,LOC108181107,LOC108181107
13039,LOC108181115,LOC108181115
13040,LOC108181163,LOC108181163
13041,LOC108181164,LOC108181164
13042,LOC108181166,LOC108181166
13043,LOC108181171,LOC108181171
13044,LOC108181174,LOC108181174
13045,LOC108181175,LOC108181175
13046,LOC108181183,LOC108181183
13048,LOC108181189,LOC108181189
13049,LOC108181220,LOC108181220
13050,LOC108181226,LOC108181226
13051,LOC108181229,LOC108181229
13052,LOC108181236,LOC108181236
13053,LOC108181393,LOC108181393
13054,LOC108181407,LOC108181407
13055,LOC108181409,LOC108181409
13056,LOC108181449,LOC108181449
13057,LOC108181454,LOC108181454
13058,LOC108181455,LOC108181455
13059,LOC108181458,LOC108181458
13060,LOC108181470,LOC108181470
13061,LOC108181471,LOC108181471
13062,LOC108181495,LOC108181495
13063,LOC108181502,LOC108181502
13064,LOC108181518,LOC108181518
13065,LOC108181524,LOC108181524
13066,LOC108181551,LOC108181551
13067,LOC108181556,LOC108181556
13068,LOC108181560,LOC108181560
13071,LOC108181592,LOC108181592
13072,LOC108181595,LOC108181595
13073,LOC108181599,LOC108181599
13074,LOC108181606,LOC108181606
13076,LOC108181760,LOC108181760
13077,LOC108181885,LOC108181885
13078,LOC108182124,LOC108182124
13079,LOC108182214,LOC108182214
13080,LOC108182234,LOC108182234
13081,LOC108182241,LOC108182241
13082,LOC108182290,LOC108182290
13083,LOC108182323,LOC108182323
13084,LOC108182329,LOC108182329
13085,LOC108182396,LOC108182396
13086,LOC108182399,LOC108182399
13087,LOC108182424,LOC108182424
13088,LOC108182459,LOC108182459
13089,LOC108182464,LOC108182464
13090,LOC108182486,LOC108182486
13091,LOC108182487,LOC108182487
13092,LOC108182577,LOC108182577
13093,LOC108182616,LOC108182616
13094,LOC108182660,LOC108182660
13095,LOC108182673,LOC108182673
13096,LOC108182677,LOC108182677
13097,LOC108182681,LOC108182681
13098,LOC108182684,LOC108182684
13099,LOC108182721,LOC108182721
13100,LOC108182761,LOC108182761
13101,LOC108182762,LOC108182762
13102,LOC108182764,LOC108182764
13103,LOC108182766,LOC108182766
13104,LOC108182767,LOC108182767
13105,LOC108182776,LOC108182776
13106,LOC108182781,LOC108182781
13107,LOC108182785,LOC108182785
13108,LOC108182795,LOC108182795
13109,LOC108182798,LOC108182798
13110,LOC108182812,LOC108182812
13111,LOC108182851,LOC108182851
13112,LOC108182857,LOC108182857
13113,LOC108182859,LOC108182859
13114,LOC108182865,LOC108182865
13115,LOC108182890,LOC108182890
13116,LOC108182922,LOC108182922
13117,LOC108182924,LOC108182924
13118,LOC108183289,LOC108183289
13119,LOC108183290,LOC108183290
13120,LOC108183291,LOC108183291
13121,LOC108183299,LOC108183299
13122,LOC108183309,LOC108183309
13123,LOC108183310,LOC108183310
13124,LOC108183311,LOC108183311
13126,LOC108183319,LOC108183319
13128,LOC108183323,LOC108183323
13129,LOC108183338,LOC108183338
13130,LOC108183341,LOC108183341
13131,LOC108183342,LOC108183342
13132,LOC108183376,LOC108183376
13133,LOC108183378,LOC108183378
13134,LOC108183379,LOC108183379
13135,LOC108183387,LOC108183387
13136,LOC108183423,LOC108183423
13137,LOC108183429,LOC108183429
13138,LOC108183430,LOC108183430
13139,LOC108183434,LOC108183434
13140,LOC108183436,LOC108183436
13141,LOC108183447,LOC108183447
13142,LOC108183452,LOC108183452
13143,LOC108183475,LOC108183475
13144,LOC108183490,LOC108183490
13146,LOC108183498,LOC108183498
13147,LOC108183500,LOC108183500
13148,LOC108183501,LOC108183501
13149,LOC108183534,LOC108183534
13150,LOC108183555,LOC108183555
13151,LOC108183584,LOC108183584
13152,LOC108183588,LOC108183588
13153,LOC108183591,LOC108183591
13154,LOC108183595,LOC108183595
13155,LOC108183599,LOC108183599
13156,LOC108183607,LOC108183607
13157,LOC108183612,LOC108183612
13158,LOC108183614,LOC108183614
13159,LOC108183629,LOC108183629
13160,LOC108183641,LOC108183641
13161,LOC108183642,LOC108183642
13162,LOC108183650,LOC108183650
13163,LOC108183658,LOC108183658
13164,LOC108183667,LOC108183667
13165,LOC108183672,LOC108183672
13166,LOC108183673,LOC108183673
13167,LOC108183679,LOC108183679
13168,LOC108183686,LOC108183686
13169,LOC108183688,LOC108183688
13170,LOC108183690,LOC108183690
13171,LOC108183691,LOC108183691
13172,LOC108183700,LOC108183700
13173,LOC108183703,LOC108183703
13174,LOC108183721,LOC108183721
13175,LOC108183728,LOC108183728
13176,LOC108183743,LOC108183743
13177,LOC108183754,LOC108183754
13178,LOC108183756,LOC108183756
13179,LOC108183778,LOC108183778
13180,LOC108183785,LOC108183785
13181,LOC108183801,LOC108183801
13182,LOC108183814,LOC108183814
13183,LOC108183818,LOC108183818
13184,LOC108183843,LOC108183843
13185,LOC108183847,LOC108183847
13186,LOC108183855,LOC108183855
13187,LOC108183877,LOC108183877
13188,LOC108183878,LOC108183878
13189,LOC108183898,LOC108183898
13190,LOC108183923,LOC108183923
13191,LOC108183925,LOC108183925
13192,LOC108183926,LOC108183926
13193,LOC108183927,LOC108183927
13194,LOC108183929,LOC108183929
13195,LOC108183930,LOC108183930
13196,LOC108183933,LOC108183933
13197,LOC108183960,LOC108183960
13198,LOC108184001,LOC108184001
13199,LOC108184005,LOC108184005
13200,LOC108184011,LOC108184011
13201,LOC108184012,LOC108184012
13202,LOC108184018,LOC108184018
13203,LOC108184019,LOC108184019
13204,LOC108184022,LOC108184022
13205,LOC108184024,LOC108184024
13206,LOC108184028,LOC108184028
13207,LOC108184031,LOC108184031
13208,LOC108184035,LOC108184035
13209,LOC108184043,LOC108184043
13210,LOC108184060,LOC108184060
13211,LOC108184061,LOC108184061
13212,LOC108185170,LOC108185170
13213,LOC108187081,LOC108187081
13214,LOC108187164,LOC108187164
13215,LOC108190005,LOC108190005
13216,LOC108190012,LOC108190012
13217,LOC108190024,LOC108190024
13218,LOC108190036,LOC108190036
13219,LOC108190050,LOC108190050
13220,LOC108190056,LOC108190056
13221,LOC108190058,LOC108190058
13222,LOC108190067,LOC108190067
13223,LOC108190082,LOC108190082
13224,LOC108190098,LOC108190098
13225,LOC108190109,LOC108190109
13226,LOC108190134,LOC108190134
13227,LOC108190166,LOC108190166
13228,LOC108190180,LOC108190180
13229,LOC108190346,LOC108190346
13230,LOC108190355,LOC108190355
13231,LOC108190362,LOC108190362
13232,LOC108190371,LOC108190371
13233,LOC108190390,LOC108190390
13234,LOC108190396,LOC108190396
13235,LOC108190423,LOC108190423
13236,LOC108190452,LOC108190452
13237,LOC108190497,LOC108190497
13238,LOC108190589,LOC108190589
13239,LOC108190590,LOC108190590
13240,LOC108190593,LOC108190593
13241,LOC108190601,LOC108190601
13242,LOC108190604,LOC108190604
13243,LOC108190613,LOC108190613
13244,LOC108190616,LOC108190616
13245,LOC108190653,LOC108190653
13246,LOC108190667,LOC108190667
13247,LOC108190674,LOC108190674
13248,LOC108190690,LOC108190690
13249,LOC108190696,LOC108190696
13250,LOC108190702,LOC108190702
13251,LOC108190704,LOC108190704
13252,LOC108190726,LOC108190726
13253,LOC108190731,LOC108190731
13254,LOC108190733,LOC108190733
13255,LOC108190743,LOC108190743
13256,LOC108190761,LOC108190761
13257,LOC108190763,LOC108190763
13258,LOC108190781,LOC108190781
13259,LOC108190785,LOC108190785
13260,LOC108190816,LOC108190816
13261,LOC108190819,LOC108190819
13262,LOC108190923,LOC108190923
13263,LOC108190928,LOC108190928
13264,LOC108190947,LOC108190947
13266,LOC108190964,LOC108190964
13267,LOC108190994,LOC108190994
13268,LOC108191042,LOC108191042
13269,LOC108191313,LOC108191313
13270,LOC108191314,LOC108191314
13271,LOC108191315,LOC108191315
13272,LOC108191316,LOC108191316
13273,LOC108191324,LOC108191324
13274,LOC108191349,LOC108191349
13275,LOC108191351,LOC108191351
13276,LOC108191465,LOC108191465
13277,LOC108191478,LOC108191478
13278,LOC108191486,LOC108191486
13279,LOC108191505,LOC108191505
13280,LOC108191529,LOC108191529
13282,LOC108191602,LOC108191602
13283,LOC108191614,LOC108191614
13284,LOC108191691,LOC108191691
13285,LOC108191695,LOC108191695
13286,LOC108191709,LOC108191709
13287,LOC108191717,LOC108191717
13288,LOC108191721,LOC108191721
13289,LOC108191726,LOC108191726
13290,LOC108191752,LOC108191752
13291,LOC108191766,LOC108191766
13292,LOC108191783,LOC108191783
13293,LOC108191789,LOC108191789
13294,LOC108191791,LOC108191791
13295,LOC108191800,LOC108191800
13296,LOC108191933,LOC108191933
13297,LOC108191970,LOC108191970
13298,LOC108192008,LOC108192008
13299,LOC108192030,LOC108192030
13300,LOC108192084,LOC108192084
13301,LOC108192131,LOC108192131
13302,LOC108192140,LOC108192140
13303,LOC108192157,LOC108192157
13304,LOC110437702,LOC110437702
13305,LOC110437707,LOC110437707
13306,LOC110437709,LOC110437709
13307,LOC110437710,LOC110437710
13308,LOC110437713,LOC110437713
13309,LOC110437714,LOC110437714
13310,LOC110437715,LOC110437715
13311,LOC110437722,LOC110437722
13312,LOC110437723,LOC110437723
13313,LOC110437726,LOC110437726
13314,LOC110437727,LOC110437727
13315,LOC110437732,LOC110437732
13316,LOC110437748,LOC110437748
13317,LOC110437749,LOC110437749
13318,LOC110437750,LOC110437750
13319,LOC110437755,LOC110437755
13320,LOC110437758,LOC110437758
13321,LOC110437760,LOC110437760
13322,LOC110437765,LOC110437765
13323,LOC110437766,LOC110437766
13324,LOC110437767,LOC110437767
13325,LOC110437769,LOC110437769
13326,LOC110437773,LOC110437773
13327,LOC110437774,LOC110437774
13328,LOC110437779,LOC110437779
13329,LOC110437781,LOC110437781
13330,LOC110437782,LOC110437782
13331,LOC110437784,LOC110437784
13332,LOC110437787,LOC110437787
13333,LOC110437790,LOC110437790
13334,LOC110437795,LOC110437795
13335,LOC110437801,LOC110437801
13336,LOC110437802,LOC110437802
13337,LOC110437807,LOC110437807
13338,LOC110437813,LOC110437813
13339,LOC110437817,LOC110437817
13340,LOC110437818,LOC110437818
13341,LOC110437821,LOC110437821
13342,LOC110437824,LOC110437824
13343,LOC110437825,LOC110437825
13344,LOC110437827,LOC110437827
13345,LOC110437829,LOC110437829
13346,LOC110437835,LOC110437835
13347,LOC110437839,LOC110437839
13348,LOC110437840,LOC110437840
13349,LOC110437841,LOC110437841
13350,LOC110437842,LOC110437842
13351,LOC110437844,LOC110437844
13352,LOC110437846,LOC110437846
13353,LOC110437856,LOC110437856
13354,LOC110437877,LOC110437877
13355,LOC110437880,LOC110437880
13356,LOC110437883,LOC110437883
13357,LOC110437885,LOC110437885
13358,LOC110437886,LOC110437886
13359,LOC110437888,LOC110437888
13360,LOC110437891,LOC110437891
13361,LOC110437895,LOC110437895
13362,LOC110437896,LOC110437896
13363,LOC110437908,LOC110437908
13364,LOC110437915,LOC110437915
13365,LOC110437920,LOC110437920
13366,LOC110437921,LOC110437921
13367,LOC110437922,LOC110437922
13368,LOC110437926,LOC110437926
13369,LOC110437929,LOC110437929
13370,LOC110437930,LOC110437930
13371,LOC110437931,LOC110437931
13372,LOC110437936,LOC110437936
13373,LOC110437938,LOC110437938
13374,LOC110437943,LOC110437943
13375,LOC110437946,LOC110437946
13376,LOC110437953,LOC110437953
13377,LOC110437954,LOC110437954
13378,LOC110437967,LOC110437967
13379,LOC110437969,LOC110437969
13380,LOC110437970,LOC110437970
13381,LOC110437971,LOC110437971
13382,LOC110437974,LOC110437974
13383,LOC110437978,LOC110437978
13384,LOC110437979,LOC110437979
13385,LOC110437982,LOC110437982
13386,LOC110437984,LOC110437984
13387,LOC110437985,LOC110437985
13388,LOC110437988,LOC110437988
13389,LOC110437989,LOC110437989
13390,LOC110437991,LOC110437991
13391,LOC110437994,LOC110437994
13392,LOC110437996,LOC110437996
13393,LOC110438000,LOC110438000
13394,LOC110438002,LOC110438002
13395,LOC110438004,LOC110438004
13396,LOC110438006,LOC110438006
13397,LOC110438007,LOC110438007
13398,LOC110438009,LOC110438009
13399,LOC110438012,LOC110438012
13400,LOC110438013,LOC110438013
13401,LOC110438017,LOC110438017
13402,LOC110438018,LOC110438018
13403,LOC110438020,LOC110438020
13404,LOC110438024,LOC110438024
13405,LOC110438027,LOC110438027
13406,LOC110438029,LOC110438029
13407,LOC110438030,LOC110438030
13408,LOC110438040,LOC110438040
13409,LOC110438044,LOC110438044
13410,LOC110438048,LOC110438048
13411,LOC110438049,LOC110438049
13412,LOC110438055,LOC110438055
13413,LOC110438056,LOC110438056
13414,LOC110438067,LOC110438067
13415,LOC110438072,LOC110438072
13416,LOC110438075,LOC110438075
13417,LOC110438076,LOC110438076
13418,LOC110438077,LOC110438077
13419,LOC110438079,LOC110438079
13420,LOC110438080,LOC110438080
13421,LOC110438081,LOC110438081
13422,LOC110438082,LOC110438082
13423,LOC110438085,LOC110438085
13424,LOC110438086,LOC110438086
13425,LOC110438087,LOC110438087
13426,LOC110438090,LOC110438090
13427,LOC110438093,LOC110438093
13428,LOC110438106,LOC110438106
13429,LOC110438108,LOC110438108
13430,LOC110438109,LOC110438109
13432,LOC110438122,LOC110438122
13433,LOC110438125,LOC110438125
13434,LOC110438130,LOC110438130
13435,LOC110438135,LOC110438135
13436,LOC110438136,LOC110438136
13437,LOC110438141,LOC110438141
13438,LOC110438143,LOC110438143
13439,LOC110438144,LOC110438144
13440,LOC110438146,LOC110438146
13441,LOC110438149,LOC110438149
13442,LOC110438150,LOC110438150
13443,LOC110438151,LOC110438151
13444,LOC110438154,LOC110438154
13445,LOC110438155,LOC110438155
13446,LOC110438160,LOC110438160
13447,LOC110438164,LOC110438164
13448,LOC110438166,LOC110438166
13449,LOC110438169,LOC110438169
13450,LOC110438170,LOC110438170
13451,LOC110438175,LOC110438175
13452,LOC110438179,LOC110438179
13453,LOC110438186,LOC110438186
13454,LOC110438192,LOC110438192
13455,LOC110438194,LOC110438194
13456,LOC110438195,LOC110438195
13457,LOC110438196,LOC110438196
13458,LOC110438199,LOC110438199
13459,LOC110438203,LOC110438203
13460,LOC110438204,LOC110438204
13461,LOC110438212,LOC110438212
13462,LOC110438215,LOC110438215
13463,LOC110438216,LOC110438216
13464,LOC110438219,LOC110438219
13465,LOC110438226,LOC110438226
13466,LOC110438228,LOC110438228
13467,LOC110438232,LOC110438232
13468,LOC110438234,LOC110438234
13469,LOC110438235,LOC110438235
13470,LOC110438236,LOC110438236
13471,LOC110438237,LOC110438237
13472,LOC110438239,LOC110438239
13473,LOC110438240,LOC110438240
13474,LOC110438241,LOC110438241
13475,LOC110438243,LOC110438243
13476,LOC110438247,LOC110438247
13477,LOC110438250,LOC110438250
13478,LOC110438251,LOC110438251
13479,LOC110438252,LOC110438252
13480,LOC110438253,LOC110438253
13481,LOC110438254,LOC110438254
13482,LOC110438258,LOC110438258
13483,LOC110438259,LOC110438259
13484,LOC110438260,LOC110438260
13485,LOC110438261,LOC110438261
13486,LOC110438262,LOC110438262
13487,LOC110438263,LOC110438263
13488,LOC110438269,LOC110438269
13489,LOC110438278,LOC110438278
13490,LOC110438280,LOC110438280
13491,LOC110438282,LOC110438282
13492,LOC110438285,LOC110438285
13493,LOC110438288,LOC110438288
13494,LOC110438291,LOC110438291
13495,LOC110438295,LOC110438295
13496,LOC110438297,LOC110438297
13497,LOC110438298,LOC110438298
13498,LOC110438317,LOC110438317
13499,LOC110438328,LOC110438328
13500,LOC110438331,LOC110438331
13501,LOC110438334,LOC110438334
13502,LOC110438335,LOC110438335
13503,LOC110438339,LOC110438339
13504,LOC110438342,LOC110438342
13505,LOC110438343,LOC110438343
13506,LOC110438346,LOC110438346
13507,LOC110438348,LOC110438348
13508,LOC110438350,LOC110438350
13509,LOC110438356,LOC110438356
13510,LOC110438357,LOC110438357
13511,LOC110438360,LOC110438360
13512,LOC110438363,LOC110438363
13513,LOC110438364,LOC110438364
13514,LOC110438365,LOC110438365
13515,LOC110438367,LOC110438367
13516,LOC110438371,LOC110438371
13517,LOC110438374,LOC110438374
13518,LOC110438375,LOC110438375
13519,LOC110438378,LOC110438378
13520,LOC110438380,LOC110438380
13521,LOC110438386,LOC110438386
13522,LOC110438394,LOC110438394
13523,LOC110438396,LOC110438396
13524,LOC110438400,LOC110438400
13525,LOC110438401,LOC110438401
13526,LOC110438405,LOC110438405
13527,LOC110438407,LOC110438407
13528,LOC110438414,LOC110438414
13529,LOC110438419,LOC110438419
13530,LOC110438422,LOC110438422
13531,LOC110438424,LOC110438424
13533,LOC110438429,LOC110438429
13534,LOC110438434,LOC110438434
13535,LOC110438435,LOC110438435
13536,LOC110438437,LOC110438437
13537,LOC110438441,LOC110438441
13538,LOC110438448,LOC110438448
13539,LOC110438457,LOC110438457
13540,LOC110438464,LOC110438464
13541,LOC110438467,LOC110438467
13542,LOC110438469,LOC110438469
13543,LOC110438472,LOC110438472
13544,LOC110438475,LOC110438475
13545,LOC110438482,LOC110438482
13546,LOC110438490,LOC110438490
13547,LOC110438494,LOC110438494
13548,LOC110438496,LOC110438496
13549,LOC110438497,LOC110438497
13550,LOC110438498,LOC110438498
13551,LOC110438501,LOC110438501
13552,LOC110438502,LOC110438502
13553,LOC110438504,LOC110438504
13554,LOC110438506,LOC110438506
13555,LOC110438507,LOC110438507
13556,LOC110438508,LOC110438508
13557,LOC110438511,LOC110438511
13558,LOC110438516,LOC110438516
13559,LOC110438517,LOC110438517
13560,LOC110438518,LOC110438518
13562,LOC110438541,LOC110438541
13563,LOC110438543,LOC110438543
13564,LOC110438556,LOC110438556
13565,LOC110438560,LOC110438560
13566,LOC110438587,LOC110438587
13567,LOC110438594,LOC110438594
13568,LOC110438598,LOC110438598
13569,LOC110438602,LOC110438602
13570,LOC110438604,LOC110438604
13571,LOC110438607,LOC110438607
13572,LOC110438610,LOC110438610
13573,LOC110438614,LOC110438614
13574,LOC110438633,LOC110438633
13575,LOC110438643,LOC110438643
13576,LOC110438646,LOC110438646
13577,LOC110438655,LOC110438655
13578,LOC110438658,LOC110438658
13579,LOC110438671,LOC110438671
13580,LOC110438674,LOC110438674
13581,LOC110438678,LOC110438678
13582,LOC110438679,LOC110438679
13584,LOC110438742,LOC110438742
13585,LOC110438745,LOC110438745
13586,LOC110438754,LOC110438754
13587,LOC110438761,LOC110438761
13588,LOC110438777,LOC110438777
13589,LOC110438783,LOC110438783
13590,LOC110438793,LOC110438793
13591,LOC110438797,LOC110438797
13592,LOC110438801,LOC110438801
13593,LOC110438806,LOC110438806
13594,LOC110438807,LOC110438807
13595,LOC110438837,LOC110438837
13597,LOC110438870,LOC110438870
13598,LOC110438878,LOC110438878
13599,LOC110438880,LOC110438880
13601,LOC110438909,LOC110438909
13602,LOC110438921,LOC110438921
13603,LOC110438922,LOC110438922
13604,LOC110438926,LOC110438926
13605,LOC110438930,LOC110438930
13606,LOC110438943,LOC110438943
13607,LOC110438960,LOC110438960
13608,LOC110438973,LOC110438973
13609,LOC110438990,LOC110438990
13610,LOC110439013,LOC110439013
13611,LOC110439111,LOC110439111
13612,LOC110439181,LOC110439181
13613,LOC110439198,LOC110439198
13614,LOC110439242,LOC110439242
13615,LOC110439257,LOC110439257
13616,LOC110439258,LOC110439258
13617,LOC110439299,LOC110439299
13618,LOC110439302,LOC110439302
13619,LOC110439303,LOC110439303
13620,LOC110439309,LOC110439309
13621,LOC110439310,LOC110439310
13622,LOC110439321,LOC110439321
13623,LOC110439323,LOC110439323
13624,LOC110439324,LOC110439324
13625,LOC110439325,LOC110439325
13626,LOC110439327,LOC110439327
13627,LOC110439328,LOC110439328
13628,LOC110439329,LOC110439329
13629,LOC110439330,LOC110439330
13630,LOC110439332,LOC110439332
13631,LOC110439337,LOC110439337
13632,LOC110439339,LOC110439339
13633,LOC110439347,LOC110439347
13634,LOC110439350,LOC110439350
13635,LOC110439352,LOC110439352
13636,LOC110439355,LOC110439355
13637,LOC110439356,LOC110439356
13638,LOC110439360,LOC110439360
13639,LOC110439364,LOC110439364
13640,LOC110439365,LOC110439365
13641,LOC110439367,LOC110439367
13643,LOC110439372,LOC110439372
13644,LOC110439374,LOC110439374
13645,LOC110439375,LOC110439375
13646,LOC110439379,LOC110439379
13647,LOC110439382,LOC110439382
13648,LOC110439385,LOC110439385
13649,LOC110439386,LOC110439386
13650,LOC110439393,LOC110439393
13651,LOC110439394,LOC110439394
13652,LOC110439395,LOC110439395
13653,LOC110439400,LOC110439400
13654,LOC110439404,LOC110439404
13655,LOC110439406,LOC110439406
13656,LOC110439414,LOC110439414
13657,LOC110439416,LOC110439416
13658,LOC110439419,LOC110439419
13659,LOC110439420,LOC110439420
13660,LOC110439424,LOC110439424
13661,LOC110439426,LOC110439426
13663,LOC110439429,LOC110439429
13664,LOC110439431,LOC110439431
13665,LOC110439434,LOC110439434
13666,LOC110439435,LOC110439435
13667,LOC110439436,LOC110439436
13668,LOC110439437,LOC110439437
13669,LOC110439438,LOC110439438
13670,LOC110439439,LOC110439439
13671,LOC110439440,LOC110439440
13672,LOC110439441,LOC110439441
13673,LOC110439442,LOC110439442
13674,LOC110439443,LOC110439443
13675,LOC110439448,LOC110439448
13676,LOC110439449,LOC110439449
13678,LOC110439456,LOC110439456
13679,LOC110439458,LOC110439458
13680,LOC110439460,LOC110439460
13681,LOC110439462,LOC110439462
13682,LOC110439467,LOC110439467
13683,LOC110439469,LOC110439469
13684,LOC110439471,LOC110439471
13685,LOC110439473,LOC110439473
13687,LOC110439478,LOC110439478
13688,LOC110439481,LOC110439481
13689,LOC110439484,LOC110439484
13690,LOC110439488,LOC110439488
13691,LOC110439489,LOC110439489
13692,LOC110439492,LOC110439492
13693,LOC110439493,LOC110439493
13694,LOC110439495,LOC110439495
13695,LOC110439496,LOC110439496
13696,LOC110439512,LOC110439512
13697,LOC110439513,LOC110439513
13698,LOC110439514,LOC110439514
13699,LOC110439515,LOC110439515
13701,LOC110439524,LOC110439524
13702,LOC110439528,LOC110439528
13703,LOC110439529,LOC110439529
13704,LOC110439531,LOC110439531
13705,LOC110439533,LOC110439533
13706,LOC110439535,LOC110439535
13707,LOC110439537,LOC110439537
13708,LOC110439539,LOC110439539
13709,LOC110439543,LOC110439543
13710,LOC110439545,LOC110439545
13711,LOC110439554,LOC110439554
13712,LOC110439557,LOC110439557
13713,LOC110439561,LOC110439561
13714,LOC110439563,LOC110439563
13715,LOC110439565,LOC110439565
13716,LOC110439573,LOC110439573
13717,LOC110439576,LOC110439576
13718,LOC110439579,LOC110439579
13719,LOC110439581,LOC110439581
13720,LOC110439582,LOC110439582
13721,LOC110439583,LOC110439583
13722,LOC110439584,LOC110439584
13723,LOC110439587,LOC110439587
13724,LOC110439590,LOC110439590
13725,LOC110439591,LOC110439591
13726,LOC110439593,LOC110439593
13727,LOC110439595,LOC110439595
13728,LOC110439599,LOC110439599
13729,LOC110439602,LOC110439602
13730,LOC110439608,LOC110439608
13731,LOC110439617,LOC110439617
13732,LOC110439619,LOC110439619
13733,LOC110439620,LOC110439620
13734,LOC110439623,LOC110439623
13735,LOC110439626,LOC110439626
13736,LOC110439628,LOC110439628
13737,LOC110439630,LOC110439630
13738,LOC110439634,LOC110439634
13739,LOC110439635,LOC110439635
13740,LOC110439689,LOC110439689
13741,LOC110439690,LOC110439690
13742,LOC110439701,LOC110439701
13743,LOC110439710,LOC110439710
13744,LOC110439728,LOC110439728
13745,LOC110439758,LOC110439758
13746,LOC110439781,LOC110439781
13747,LOC110439785,LOC110439785
13748,LOC110439786,LOC110439786
13749,LOC110439787,LOC110439787
13750,LOC110439789,LOC110439789
13751,LOC110439790,LOC110439790
13752,LOC110439791,LOC110439791
13753,LOC110439792,LOC110439792
13754,LOC110439793,LOC110439793
13755,LOC110439794,LOC110439794
13756,LOC110439797,LOC110439797
13757,LOC110439800,LOC110439800
13758,LOC110439804,LOC110439804
13759,LOC110439805,LOC110439805
13760,LOC110439806,LOC110439806
13761,LOC110439807,LOC110439807
13762,LOC110439812,LOC110439812
13763,LOC110439813,LOC110439813
13764,LOC110439817,LOC110439817
13765,LOC110439819,LOC110439819
13766,LOC110439824,LOC110439824
13767,LOC110439826,LOC110439826
13768,LOC110439827,LOC110439827
13769,LOC110439828,LOC110439828
13770,LOC110439835,LOC110439835
13771,LOC110439840,LOC110439840
13772,LOC110439844,LOC110439844
13773,LOC110439848,LOC110439848
13774,LOC110439855,LOC110439855
13775,LOC110439858,LOC110439858
13776,LOC110439870,LOC110439870
13777,LOC110439871,LOC110439871
13778,LOC110439875,LOC110439875
13779,LOC110439879,LOC110439879
13780,LOC110439880,LOC110439880
13781,LOC110439883,LOC110439883
13782,LOC110439885,LOC110439885
13783,LOC110439888,LOC110439888
13784,LOC110439889,LOC110439889
13785,LOC110439893,LOC110439893
13786,LOC110439898,LOC110439898
13787,LOC110439902,LOC110439902
13788,LOC110439910,LOC110439910
13789,LOC110439913,LOC110439913
13790,LOC110439916,LOC110439916
13791,LOC110439920,LOC110439920
13792,LOC110439927,LOC110439927
13793,LOC110439930,LOC110439930
13794,LOC110439934,LOC110439934
13795,LOC110439936,LOC110439936
13796,LOC110439939,LOC110439939
13797,LOC110439942,LOC110439942
13798,LOC110439944,LOC110439944
13799,LOC110439948,LOC110439948
13800,LOC110439953,LOC110439953
13801,LOC110439961,LOC110439961
13802,LOC110439963,LOC110439963
13803,LOC110439968,LOC110439968
13804,LOC110439970,LOC110439970
13805,LOC110439974,LOC110439974
13806,LOC110439976,LOC110439976
13807,LOC110439990,LOC110439990
13808,LOC110439995,LOC110439995
13809,LOC110439997,LOC110439997
13810,LOC110439998,LOC110439998
13811,LOC110440003,LOC110440003
13812,LOC110440005,LOC110440005
13813,LOC110440010,LOC110440010
13814,LOC110440016,LOC110440016
13815,LOC110440017,LOC110440017
13816,LOC110440022,LOC110440022
13817,LOC110440027,LOC110440027
13818,LOC110440038,LOC110440038
13819,LOC110440040,LOC110440040
13820,LOC110440049,LOC110440049
13821,LOC110440052,LOC110440052
13822,LOC110440053,LOC110440053
13823,LOC110440058,LOC110440058
13824,LOC110440062,LOC110440062
13825,LOC110440068,LOC110440068
13826,LOC110440070,LOC110440070
13827,LOC110440075,LOC110440075
13828,LOC110440077,LOC110440077
13829,LOC110440078,LOC110440078
13830,LOC110440080,LOC110440080
13831,LOC110440083,LOC110440083
13832,LOC110440088,LOC110440088
13833,LOC110440095,LOC110440095
13834,LOC110440096,LOC110440096
13835,LOC110440098,LOC110440098
13836,LOC110440108,LOC110440108
13837,LOC110440109,LOC110440109
13838,LOC110440110,LOC110440110
13839,LOC110440113,LOC110440113
13840,LOC110440123,LOC110440123
13841,LOC110440131,LOC110440131
13842,LOC110440132,LOC110440132
13843,LOC110440135,LOC110440135
13844,LOC110440141,LOC110440141
13845,LOC110440150,LOC110440150
13846,LOC110440152,LOC110440152
13847,LOC110440165,LOC110440165
13848,LOC110440166,LOC110440166
13849,LOC110440167,LOC110440167
13850,LOC110440170,LOC110440170
13851,LOC110440176,LOC110440176
13852,LOC110440177,LOC110440177
13853,LOC110440179,LOC110440179
13854,LOC110440180,LOC110440180
13855,LOC110440183,LOC110440183
13856,LOC110440188,LOC110440188
13857,LOC110440195,LOC110440195
13858,LOC110440196,LOC110440196
13859,LOC110440198,LOC110440198
13860,LOC110440204,LOC110440204
13861,LOC110440205,LOC110440205
13862,LOC110440211,LOC110440211
13863,LOC110440214,LOC110440214
13864,LOC110440216,LOC110440216
13865,LOC110440217,LOC110440217
13866,LOC110440218,LOC110440218
13867,LOC407643,LOC407643
13868,LOC553316,LOC553316
13869,LOC555793,LOC555793
13870,LOC556170,LOC556170
13871,LOC556451,LOC556451
13872,LOC556532,LOC556532
13873,LOC556776,LOC556776
13874,LOC557268,LOC557268
13875,LOC557729,LOC557729
13876,LOC558721,LOC558721
13877,LOC558761,LOC558761
13878,LOC559196,LOC559196
13879,LOC559501,LOC559501
13880,LOC559538,LOC559538
13881,LOC559585,LOC559585
13882,LOC559637,LOC559637
13883,LOC560099,LOC560099
13884,LOC560447,LOC560447
13885,LOC560870,LOC560870
13886,LOC560949,LOC560949
13887,LOC561230,LOC561230
13888,LOC561361,LOC561361
13889,LOC562049,LOC562049
13890,LOC562053,LOC562053
13891,LOC562098,LOC562098
13892,LOC562245,LOC562245
13893,LOC562898,LOC562898
13894,LOC563477,LOC563477
13895,LOC564237,LOC564237
13896,LOC564253,LOC564253
13897,LOC564307,LOC564307
13898,loc564481,loc564481
13899,LOC564731,LOC564731
13900,LOC565709,LOC565709
13901,LOC565905,LOC565905
13902,LOC566055,LOC566055
13903,LOC566064,LOC566064
13904,LOC566574,LOC566574
13905,LOC566587,LOC566587
13906,LOC567521,LOC567521
13907,LOC567650,LOC567650
13908,LOC568754,LOC568754
13909,LOC568930,LOC568930
13910,LOC569262,LOC569262
13911,LOC569391,LOC569391
13912,LOC569568,LOC569568
13913,LOC569612,LOC569612
13914,LOC569982,LOC569982
13915,LOC570079,LOC570079
13916,LOC570163,LOC570163
13917,LOC570185,LOC570185
13918,LOC570251,LOC570251
13919,LOC570526,LOC570526
13920,LOC570723,LOC570723
13921,LOC570835,LOC570835
13922,LOC571123,LOC571123
13923,LOC572443,LOC572443
13924,LOC792627,LOC792627
13925,LOC792894,LOC792894
13926,LOC793010,LOC793010
13927,LOC793244,LOC793244
13928,LOC793560,LOC793560
13929,LOC793648,LOC793648
13930,LOC793824,LOC793824
13931,LOC794378,LOC794378
13932,LOC794452,LOC794452
13933,LOC794549,LOC794549
13934,LOC794642,LOC794642
13935,LOC795066,LOC795066
13936,LOC795083,LOC795083
13937,LOC795227,LOC795227
13938,LOC795531,LOC795531
13939,LOC795766,LOC795766
13940,LOC795897,LOC795897
13941,LOC796000,LOC796000
13942,LOC796088,LOC796088
13943,LOC796314,LOC796314
13944,LOC796453,LOC796453
13945,LOC796940,LOC796940
13946,LOC797104,LOC797104
13947,LOC797311,LOC797311
13948,LOC797394,LOC797394
13949,LOC797711,LOC797711
13950,LOC797799,LOC797799
13951,LOC797949,LOC797949
13952,LOC797963,LOC797963
13953,LOC798120,LOC798120
13954,LOC798685,LOC798685
13955,LOC798783,LOC798783
13956,LOC799039,LOC799039
13957,LOC799574,LOC799574
13958,LOC799656,LOC799656
13959,LOC799796,LOC799796
13960,LOC799914,LOC799914
13961,LOC799924,LOC799924
13962,LOC799983,LOC799983
13963,lonp1,lonp1
13964,lonp2,lonp2
13965,lonrf1,lonrf1
13966,lonrf1l,lonrf1l
13967,loxa,loxa
13968,loxhd1a,loxhd1a
13969,loxhd1b,loxhd1b
13970,loxl1,loxl1
13971,loxl2a,loxl2a
13972,loxl2b,loxl2b
13973,loxl3a,loxl3a
13974,loxl4,loxl4
13975,loxl5a,loxl5a
13976,loxl5b,loxl5b
13977,lpar1,lpar1
13978,lpar2b,lpar2b
13979,lpar3,lpar3
13980,lpar4,lpar4
13981,lpar5b,lpar5b
13982,lpar6a,lpar6a
13983,lpar6b,lpar6b
13984,lpcat1,lpcat1
13985,lpcat2,lpcat2
13986,lpcat3,lpcat3
13987,lpcat4,lpcat4
13988,lpgat1,lpgat1
13989,lpin1,lpin1
13990,lpin2,lpin2
13991,lpl,lpl
13992,lpp,lpp
13993,lrata,lrata
13994,lratb.1,lratb.1
13995,lratb.2,lratb.2
13996,lrba,lrba
13997,lrch1,lrch1
13998,lrch2,lrch2
13999,lrch3,lrch3
14000,lrch4,lrch4
14001,lrfn1,lrfn1
14002,lrfn2b,lrfn2b
14003,lrfn4a,lrfn4a
14004,lrfn4b,lrfn4b
14005,lrfn5a,lrfn5a
14006,lrfn5b,lrfn5b
14007,lrguk,lrguk
14008,lrig1,lrig1
14009,lrig2,lrig2
14010,lrit1a,lrit1a
14011,lrit1b,lrit1b
14012,lrit2,lrit2
14013,lrit3a,lrit3a
14014,lrmda,lrmda
14015,lrmp,lrmp
14016,lrp10,lrp10
14017,lrp11,lrp11
14018,lrp12,lrp12
14019,lrp13,lrp13
14020,lrp1aa,lrp1aa
14021,lrp1ab,lrp1ab
14022,lrp1ba,lrp1ba
14023,lrp1bb,lrp1bb
14024,lrp2a,lrp2a
14025,lrp2b,lrp2b
14026,lrp2bp,lrp2bp
14027,lrp3,lrp3
14028,LRP4,LRP4
14029,lrp8,lrp8
14030,lrpap1,lrpap1
14031,lrpprc,lrpprc
14032,lrrc1,lrrc1
14033,lrrc10,lrrc10
14034,lrrc10b,lrrc10b
14035,lrrc15,lrrc15
14036,lrrc17,lrrc17
14037,lrrc18a,lrrc18a
14038,lrrc18b,lrrc18b
14039,lrrc20,lrrc20
14040,lrrc23,lrrc23
14041,lrrc24,lrrc24
14042,lrrc28,lrrc28
14043,lrrc29,lrrc29
14044,lrrc3,lrrc3
14045,lrrc30a,lrrc30a
14046,lrrc31,lrrc31
14047,lrrc32,lrrc32
14048,lrrc34,lrrc34
14049,lrrc38a,lrrc38a
14050,lrrc38b,lrrc38b
14051,lrrc39,lrrc39
14052,lrrc3ca,lrrc3ca
14053,lrrc3cb,lrrc3cb
14054,lrrc4.1,lrrc4.1
14055,lrrc4.2,lrrc4.2
14056,lrrc40,lrrc40
14057,lrrc42,lrrc42
14058,lrrc45,lrrc45
14059,lrrc47,lrrc47
14060,lrrc4ba,lrrc4ba
14061,lrrc4bb,lrrc4bb
14062,lrrc4c,lrrc4c
14063,lrrc51,lrrc51
14064,lrrc53,lrrc53
14065,LRRC56,LRRC56
14066,lrrc57,lrrc57
14067,lrrc58a,lrrc58a
14068,lrrc58b,lrrc58b
14069,lrrc59,lrrc59
14070,lrrc6,lrrc6
14071,lrrc61,lrrc61
14072,lrrc66,lrrc66
14073,lrrc7,lrrc7
14074,lrrc73,lrrc73
14075,lrrc74a,lrrc74a
14076,lrrc74b,lrrc74b
14077,LRRC75A,LRRC75A
14078,lrrc75ba,lrrc75ba
14079,lrrc75bb,lrrc75bb
14080,lrrc8aa,lrrc8aa
14081,lrrc8ab,lrrc8ab
14082,lrrc8c,lrrc8c
14083,lrrc8da,lrrc8da
14084,lrrc8db,lrrc8db
14085,lrrc9,lrrc9
14086,lrrcc1,lrrcc1
14087,lrrfip1a,lrrfip1a
14088,lrrfip1b,lrrfip1b
14089,lrrfip2,lrrfip2
14090,lrriq1,lrriq1
14091,lrriq3,lrriq3
14092,lrrk1,lrrk1
14093,lrrk2,lrrk2
14094,lrrn1,lrrn1
14095,lrrn2,lrrn2
14096,lrrn3a,lrrn3a
14097,lrrn3b,lrrn3b
14098,lrrtm1,lrrtm1
14099,lrrtm2,lrrtm2
14100,LRRTM4,LRRTM4
14101,lrrtm4l1,lrrtm4l1
14102,lrrtm4l2,lrrtm4l2
14103,lrsam1,lrsam1
14104,lrtm1,lrtm1
14105,lrtm2a,lrtm2a
14106,lrwd1,lrwd1
14107,lsg1,lsg1
14108,lsm1,lsm1
14109,lsm11,lsm11
14110,lsm12a,lsm12a
14111,lsm12b,lsm12b
14112,lsm14aa,lsm14aa
14113,lsm14ab,lsm14ab
14114,lsm14b,lsm14b
14115,lsm3,lsm3
14116,lsm4,lsm4
14117,lsm5,lsm5
14118,lsm6,lsm6
14119,lsm7,lsm7
14120,lsm8,lsm8
14121,lsp1,lsp1
14122,lsr,lsr
14123,lss,lss
14124,LT631676.1,LT631676.1
14125,lta,lta
14126,lta4h,lta4h
14127,ltb4r,ltb4r
14128,ltb4r2a,ltb4r2a
14129,ltb4r2b,ltb4r2b
14130,ltbp1,ltbp1
14131,ltc4s,ltc4s
14132,ltk,ltk
14133,LTN1,LTN1
14134,lto1,lto1
14135,ltv1,ltv1
14136,luc7l,luc7l
14137,luc7l3,luc7l3
14138,lum,lum
14139,lurap1,lurap1
14140,luzp1,luzp1
14141,luzp2,luzp2
14142,lxn,lxn
14143,ly6m2,ly6m2
14144,ly6m4,ly6m4
14145,ly6m5,ly6m5
14146,ly6m6,ly6m6
14147,ly75,ly75
14148,ly86,ly86
14149,lyar,lyar
14150,lye,lye
14151,lygl1,lygl1
14152,lygl2,lygl2
14153,lyn,lyn
14154,lypc,lypc
14155,lypd6,lypd6
14156,lypd6b,lypd6b
14157,lypla1,lypla1
14158,lypla2,lypla2
14159,lyplal1,lyplal1
14160,lyrm1,lyrm1
14161,lyrm2,lyrm2
14162,lyrm4,lyrm4
14163,lyrm5a,lyrm5a
14164,lyrm5b,lyrm5b
14165,lyrm7,lyrm7
14166,lyrm9,lyrm9
14167,lysmd1,lysmd1
14168,lysmd2,lysmd2
14169,lysmd3,lysmd3
14170,lysmd4,lysmd4
14171,lyst,lyst
14172,lyve1a,lyve1a
14173,lyve1b,lyve1b
14174,lyz,lyz
14175,lzic,lzic
14176,lztfl1,lztfl1
14177,lztr1,lztr1
14178,lzts1,lzts1
14179,lzts2a,lzts2a
14180,lzts2b,lzts2b
14181,lzts3b,lzts3b
14182,m17,m17
14183,m1ap,m1ap
14184,m6pr,m6pr
14185,maats1,maats1
14186,mab21l1,mab21l1
14187,mab21l2,mab21l2
14188,mab21l3,mab21l3
14189,macc1,macc1
14190,macf1a,macf1a
14191,maco1a,maco1a
14192,maco1b,maco1b
14193,macrod1,macrod1
14194,macrod2,macrod2
14195,mad1l1,mad1l1
14196,mad2l1,mad2l1
14197,mad2l1bp,mad2l1bp
14198,mad2l2,mad2l2
14199,madd,madd
14200,maea,maea
14201,maf1,maf1
14202,mafa,mafa
14203,mafaa,mafaa
14204,mafb,mafb
14205,mafba,mafba
14206,mafbb,mafbb
14207,maff,maff
14208,mafgb,mafgb
14209,mafk,mafk
14210,mag,mag
14211,magi1a,magi1a
14212,magi1b,magi1b
14213,magi2a,magi2a
14214,magi2b,magi2b
14215,magi3a,magi3a
14216,magi3b,magi3b
14217,magixa,magixa
14218,magixb,magixb
14219,magoh,magoh
14220,magt1,magt1
14221,maip1,maip1
14222,MAJIN,MAJIN
14223,mak,mak
14224,mak16,mak16
14225,mal2,mal2
14226,malb,malb
14227,malrd1,malrd1
14228,malt1,malt1
14229,malt2,malt2
14230,malt3,malt3
14231,mamdc2a,mamdc2a
14232,mamdc2b,mamdc2b
14233,maml1,maml1
14234,maml3,maml3
14235,man1a1,man1a1
14236,man1a2,man1a2
14237,man1b1a,man1b1a
14238,man1b1b,man1b1b
14239,man2a1,man2a1
14240,man2a2,man2a2
14241,man2b1,man2b1
14242,man2b2,man2b2
14243,man2c1,man2c1
14244,manba,manba
14245,manbal,manbal
14246,manea,manea
14247,MANEAL,MANEAL
14248,manf,manf
14249,mansc1,mansc1
14250,mao,mao
14251,map1aa,map1aa
14252,map1ab,map1ab
14253,map1b,map1b
14254,map1lc3a,map1lc3a
14255,map1lc3b,map1lc3b
14256,map1lc3c,map1lc3c
14257,map1lc3cl,map1lc3cl
14258,map1sa,map1sa
14259,map1sb,map1sb
14260,map2,map2
14261,map2k1,map2k1
14262,map2k2a,map2k2a
14263,map2k2b,map2k2b
14264,map2k4a,map2k4a
14265,map2k4b,map2k4b
14266,map2k5,map2k5
14267,map2k6,map2k6
14268,map2k7,map2k7
14269,map3k1,map3k1
14270,map3k10,map3k10
14271,MAP3K11,MAP3K11
14272,map3k12,map3k12
14273,MAP3K13,MAP3K13
14274,map3k14a,map3k14a
14275,map3k15,map3k15
14276,map3k19,map3k19
14277,map3k2,map3k2
14278,map3k21,map3k21
14279,map3k3,map3k3
14280,map3k4,map3k4
14281,map3k5,map3k5
14282,map3k7,map3k7
14283,map3k8,map3k8
14284,map3k9,map3k9
14285,map4k2,map4k2
14286,map4k3a,map4k3a
14287,map4k3b,map4k3b
14288,map4k4,map4k4
14289,map4k5,map4k5
14290,map4k6,map4k6
14291,map4l,map4l
14292,map6a,map6a
14293,map6b,map6b
14294,map6d1,map6d1
14295,map7a,map7a
14296,map7d1a,map7d1a
14297,map7d1b,map7d1b
14298,map7d2a,map7d2a
14299,map7d2b,map7d2b
14300,map7d3,map7d3
14301,map9,map9
14302,mapk1,mapk1
14303,mapk10,mapk10
14304,mapk11,mapk11
14305,mapk12a,mapk12a
14306,mapk12b,mapk12b
14307,mapk13,mapk13
14308,mapk14a,mapk14a
14309,mapk14b,mapk14b
14310,mapk15,mapk15
14311,mapk3,mapk3
14312,mapk4,mapk4
14313,mapk6,mapk6
14314,mapk7,mapk7
14315,mapk8a,mapk8a
14316,mapk8b,mapk8b
14317,MAPK8IP1,MAPK8IP1
14318,mapk8ip1a,mapk8ip1a
14319,mapk8ip2,mapk8ip2
14320,mapk8ip3,mapk8ip3
14321,mapk9,mapk9
14322,mapkap1,mapkap1
14323,mapkapk2a,mapkapk2a
14324,mapkapk2b,mapkapk2b
14325,mapkapk3,mapkapk3
14326,mapkapk5,mapkapk5
14327,mapkbp1,mapkbp1
14328,mapre1a,mapre1a
14329,mapre1b,mapre1b
14330,mapre2,mapre2
14331,mapre3a,mapre3a
14332,mapre3b,mapre3b
14333,mapta,mapta
14334,maptb,maptb
14335,march11,march11
14336,march2,march2
14338,march5,march5
14339,march5l,march5l
14340,march6,march6
14341,march7,march7
14342,march8,march8
14343,march9,march9
14344,marcksa,marcksa
14345,marcksb,marcksb
14346,marcksl1b,marcksl1b
14347,marco,marco
14348,MARF1,MARF1
14349,mark1,mark1
14350,mark2a,mark2a
14351,mark2b,mark2b
14352,mark3a,mark3a
14353,mark3b,mark3b
14354,MARK4,MARK4
14355,mark4a,mark4a
14356,mars,mars
14357,mars2,mars2
14358,marveld1,marveld1
14359,marveld2a,marveld2a
14360,marveld2b,marveld2b
14361,marveld3,marveld3
14362,masp1,masp1
14363,masp2,masp2
14364,mast1a,mast1a
14365,mast1b,mast1b
14366,mast2,mast2
14367,mast3a,mast3a
14368,mast3b,mast3b
14369,mastl,mastl
14370,mat1a,mat1a
14371,mat2aa,mat2aa
14372,mat2ab,mat2ab
14373,mat2al,mat2al
14374,mat2b,mat2b
14375,matk,matk
14376,matn1,matn1
14377,matn3a,matn3a
14378,matn3b,matn3b
14379,matn4,matn4
14380,matr3l1.1,matr3l1.1
14381,mau2,mau2
14382,mavs,mavs
14383,max,max
14384,maza,maza
14385,mb,mb
14386,mbd1a,mbd1a
14387,mbd1b,mbd1b
14388,mbd2,mbd2
14389,mbd3a,mbd3a
14390,mbd4,mbd4
14391,mbd5,mbd5
14392,mbd6,mbd6
14393,mbip,mbip
14394,mbl2,mbl2
14395,mblac1,mblac1
14396,mblac2,mblac2
14397,mbnl1,mbnl1
14398,mbnl2,mbnl2
14399,mbnl3,mbnl3
14400,mboat1,mboat1
14401,mboat2a,mboat2a
14402,mboat2b,mboat2b
14403,mboat4,mboat4
14404,mboat7,mboat7
14405,mbpa,mbpa
14406,mbpb,mbpb
14407,mbtd1,mbtd1
14408,mbtps1,mbtps1
14409,mbtps2,mbtps2
14410,mc1r,mc1r
14411,mc2r,mc2r
14412,mc4r,mc4r
14413,mc5ra,mc5ra
14414,mc5rb,mc5rb
14415,mcama,mcama
14416,mcamb,mcamb
14417,mcat,mcat
14418,mcc,mcc
14419,mccc1,mccc1
14420,mccc2,mccc2
14421,mcee,mcee
14422,mcf2a,mcf2a
14423,mcf2b,mcf2b
14424,mcf2l2,mcf2l2
14425,mcf2la,mcf2la
14426,mcf2lb,mcf2lb
14427,mcfd2,mcfd2
14428,mchr2,mchr2
14429,mcl1a,mcl1a
14430,mcl1b,mcl1b
14431,mcm10,mcm10
14432,mcm2,mcm2
14433,mcm3,mcm3
14434,mcm3ap,mcm3ap
14435,mcm3l,mcm3l
14436,mcm4,mcm4
14437,mcm5,mcm5
14438,mcm6,mcm6
14439,mcm6l,mcm6l
14440,mcm7,mcm7
14441,mcm8,mcm8
14442,mcm9,mcm9
14443,mcmbp,mcmbp
14444,mcoln1a,mcoln1a
14445,mcoln1b,mcoln1b
14446,mcoln2,mcoln2
14447,mcoln3a,mcoln3a
14448,mcph1,mcph1
14449,mcrip1,mcrip1
14450,mcrs1,mcrs1
14451,mctp1a,mctp1a
14452,mctp1b,mctp1b
14453,mctp2a,mctp2a
14454,mctp2b,mctp2b
14455,mcts1,mcts1
14456,mcu,mcu
14457,MCUR1,MCUR1
14458,mdc1,mdc1
14459,MDFI,MDFI
14460,MDFIC,MDFIC
14461,mdga1,mdga1
14462,mdga2a,mdga2a
14463,mdh1aa,mdh1aa
14464,mdh1ab,mdh1ab
14465,mdh1b,mdh1b
14466,mdh2,mdh2
14467,mdka,mdka
14468,mdkb,mdkb
14469,mdm1,mdm1
14470,mdm2,mdm2
14471,mdm4,mdm4
14472,mdn1,mdn1
14473,me1,me1
14474,me2,me2
14475,me3,me3
14476,mea1,mea1
14477,meaf6,meaf6
14478,mecom,mecom
14479,mecp2,mecp2
14480,mecr,mecr
14481,med1,med1
14482,med10,med10
14483,med11,med11
14484,med12,med12
14485,med13a,med13a
14486,med13b,med13b
14487,med14,med14
14488,med15,med15
14489,med16,med16
14490,med17,med17
14491,med18,med18
14492,med19a,med19a
14493,med19b,med19b
14494,med20,med20
14495,med21,med21
14496,med22,med22
14497,med23,med23
14498,med24,med24
14499,med25,med25
14500,med27,med27
14501,med28,med28
14502,med29,med29
14503,med30,med30
14504,med31,med31
14505,med4,med4
14506,med6,med6
14507,med7,med7
14508,med8,med8
14509,MED9,MED9
14510,mef2aa,mef2aa
14511,mef2ab,mef2ab
14512,mef2b,mef2b
14513,mef2ca,mef2ca
14514,mef2cb,mef2cb
14515,mef2d,mef2d
14516,megf10,megf10
14517,megf11,megf11
14518,megf6a,megf6a
14519,megf6b,megf6b
14520,mei4,mei4
14521,meig1,meig1
14522,meis1a,meis1a
14523,meis1b,meis1b
14524,meis3,meis3
14525,melk,melk
14526,meltf,meltf
14527,memo1,memo1
14528,men1,men1
14529,meox1,meox1
14530,meox2a,meox2a
14531,meox2b,meox2b
14532,mep1a.1,mep1a.1
14533,mep1a.2,mep1a.2
14534,mep1b,mep1b
14535,mertka,mertka
14536,mesd,mesd
14537,mespaa,mespaa
14538,mespab,mespab
14539,mespba,mespba
14540,mespbb,mespbb
14541,mest,mest
14542,met,met
14543,metap1,metap1
14544,metap1d,metap1d
14545,metap2b,metap2b
14546,metrn,metrn
14547,metrnla,metrnla
14548,metrnlb,metrnlb
14549,mettl1,mettl1
14550,mettl11b,mettl11b
14551,mettl13,mettl13
14552,mettl14,mettl14
14553,mettl15,mettl15
14554,mettl16,mettl16
14555,mettl17,mettl17
14556,METTL18,METTL18
14557,mettl21a,mettl21a
14558,METTL21C,METTL21C
14559,mettl22,mettl22
14560,mettl23,mettl23
14561,mettl24,mettl24
14562,mettl25,mettl25
14563,mettl26,mettl26
14564,mettl27,mettl27
14565,mettl2a,mettl2a
14566,mettl3,mettl3
14567,mettl4,mettl4
14568,mettl5,mettl5
14569,mettl6,mettl6
14570,mettl7a,mettl7a
14571,mettl8,mettl8
14572,mettl9,mettl9
14573,mex3b,mex3b
14574,mfap1,mfap1
14575,mfap3l,mfap3l
14576,mfap4,mfap4
14577,mfap5,mfap5
14578,mff,mff
14579,mfge8a,mfge8a
14580,mfge8b,mfge8b
14581,mfhas1,mfhas1
14582,MFN1,MFN1
14583,mfn1b,mfn1b
14584,mfn2,mfn2
14585,mfng,mfng
14586,mfrp,mfrp
14587,mfsd1,mfsd1
14588,mfsd10,mfsd10
14589,mfsd11,mfsd11
14590,mfsd12a,mfsd12a
14591,mfsd13a,mfsd13a
14592,mfsd2aa,mfsd2aa
14593,mfsd2ab,mfsd2ab
14594,mfsd2b,mfsd2b
14595,MFSD3,MFSD3
14596,mfsd4aa,mfsd4aa
14597,mfsd4ab,mfsd4ab
14598,mfsd4b,mfsd4b
14599,mfsd5,mfsd5
14600,mfsd6a,mfsd6a
14601,mfsd6b,mfsd6b
14602,mfsd6l,mfsd6l
14603,mfsd7,mfsd7
14604,mfsd8,mfsd8
14605,mfsd9,mfsd9
14606,mgaa,mgaa
14607,mgarp,mgarp
14608,mgat1a,mgat1a
14609,mgat1b,mgat1b
14610,mgat2,mgat2
14611,mgat3a,mgat3a
14612,mgat3b,mgat3b
14613,mgat4a,mgat4a
14614,mgat4b,mgat4b
14615,mgat4c,mgat4c
14616,mgat5,mgat5
14617,MGAT5B,MGAT5B
14618,mgll,mgll
14619,mgme1,mgme1
14620,mgmt,mgmt
14621,mgrn1a,mgrn1a
14622,mgrn1b,mgrn1b
14623,mgst1.1,mgst1.1
14624,mgst1.2,mgst1.2
14625,mgst2,mgst2
14626,mgst3a,mgst3a
14627,mgst3b,mgst3b
14628,mhc1laa,mhc1laa
14629,mhc1lba,mhc1lba
14630,mhc1lda,mhc1lda
14631,mhc1lga,mhc1lga
14632,mhc1lia,mhc1lia
14633,mhc1lja,mhc1lja
14634,mhc1uba,mhc1uba
14635,mhc1uka,mhc1uka
14636,mhc1uma,mhc1uma
14637,mhc1zaa,mhc1zaa
14638,mhc1zca,mhc1zca
14639,mhc1zda,mhc1zda
14640,mhc1zea,mhc1zea
14641,mhc1zfa,mhc1zfa
14642,mhc1zja,mhc1zja
14643,mhc1zka,mhc1zka
14644,mhc2b,mhc2b
14645,mhc2dab,mhc2dab
14646,mhc2dbb,mhc2dbb
14647,mia,mia
14648,mia2,mia2
14649,mia3,mia3
14650,mib1,mib1
14651,mib2,mib2
14652,mibp,mibp
14653,mibp2,mibp2
14654,mical1,mical1
14655,mical2a,mical2a
14656,mical2b,mical2b
14657,mical3a,mical3a
14658,mical3b,mical3b
14659,micall1a,micall1a
14660,micall1b.2,micall1b.2
14661,micall2a,micall2a
14662,micall2b,micall2b
14663,micu1,micu1
14664,micu2,micu2
14665,micu3a,micu3a
14666,micu3b,micu3b
14667,mid1,mid1
14668,mid1ip1a,mid1ip1a
14669,mid1ip1b,mid1ip1b
14670,mid1ip1l,mid1ip1l
14671,mid2,mid2
14672,midn,midn
14673,mief1,mief1
14674,mief2,mief2
14675,mier1a,mier1a
14676,mier1b,mier1b
14677,mier2,mier2
14678,mier3a,mier3a
14679,mier3b,mier3b
14680,mif,mif
14681,mif4gda,mif4gda
14682,mif4gdb,mif4gdb
14683,miga1,miga1
14684,miga2,miga2
14685,miip,miip
14686,MINAR1,MINAR1
14687,mindy2,mindy2
14688,mindy3,mindy3
14689,mindy4b,mindy4b
14690,mink1,mink1
14691,minos1,minos1
14692,minpp1a,minpp1a
14693,minpp1b,minpp1b
14694,mios,mios
14695,miox,miox
14696,mipa,mipa
14697,mipb,mipb
14698,mipep,mipep
14699,mipol1,mipol1
14700,mir101a,mir101a
14701,mir101b,mir101b
14702,mir103,mir103
14704,mir10a,mir10a
14705,mir10c,mir10c
14706,mir124-3,mir124-3
14707,mir124-5,mir124-5
14708,mir124-6,mir124-6
14709,mir125a-1,mir125a-1
14710,mir125a-2,mir125a-2
14711,mir126b,mir126b
14712,mir129-1,mir129-1
14713,mir130b,mir130b
14714,mir130c-1,mir130c-1
14715,mir130c-2,mir130c-2
14716,mir132-1,mir132-1
14717,mir132-2,mir132-2
14718,mir133c,mir133c
14719,mir135b,mir135b
14720,mir142a,mir142a
14721,mir150,mir150
14722,mir15a-1,mir15a-1
14724,mir16b,mir16b
14725,mir181b-1,mir181b-1
14726,mir181b-3,mir181b-3
14727,mir18a,mir18a
14728,mir196a-1,mir196a-1
14729,mir196b,mir196b
14730,mir199-2,mir199-2
14731,mir199-3,mir199-3
14732,mir19b,mir19b
14733,mir19c,mir19c
14734,mir19d,mir19d
14736,mir203a,mir203a
14737,mir203b,mir203b
14738,mir205,mir205
14739,mir20a,mir20a
14740,mir21-1,mir21-1
14741,mir21-2,mir21-2
14743,mir214a,mir214a
14744,mir2189,mir2189
14745,mir219-1,mir219-1
14747,mir219-3,mir219-3
14748,mir221,mir221
14749,mir223,mir223
14750,mir22a,mir22a
14751,mir25,mir25
14752,mir26a-2,mir26a-2
14753,mir27b,mir27b
14754,mir29b-1,mir29b-1
14755,mir301b,mir301b
14756,mir301c,mir301c
14757,mir30a,mir30a
14758,mir30b,mir30b
14759,mir30d,mir30d
14760,mir363,mir363
14761,mir375-2,mir375-2
14762,mir429b,mir429b
14765,mir430b-6,mir430b-6
14766,mir454a,mir454a
14767,mir454b,mir454b
14768,mir457a,mir457a
14769,mir457b,mir457b
14770,mir459,mir459
14771,mir7146,mir7146
14773,mir725,mir725
14774,mir733,mir733
14775,mir92a-1,mir92a-1
14776,mir92a-2,mir92a-2
14777,mir96,mir96
14778,mis12,mis12
14779,mis18a,mis18a
14780,mis18bp1,mis18bp1
14781,mitd1,mitd1
14782,mitfa,mitfa
14783,mitfb,mitfb
14784,mki67,mki67
14785,mkks,mkks
14786,mkln1,mkln1
14787,mknk1,mknk1
14788,mknk2a,mknk2a
14789,mknk2b,mknk2b
14790,mkrn1,mkrn1
14791,mkrn2,mkrn2
14792,mkrn2os.1,mkrn2os.1
14793,mkrn4,mkrn4
14794,mks1,mks1
14795,mkxa,mkxa
14796,mkxb,mkxb
14797,mlc1,mlc1
14798,mlec,mlec
14799,mlf1,mlf1
14800,mlf2,mlf2
14801,mlh1,mlh1
14802,mlh3,mlh3
14803,mlip,mlip
14804,mllt10,mllt10
14805,mllt11,mllt11
14806,mllt1a,mllt1a
14807,mllt1b,mllt1b
14808,mllt3,mllt3
14809,mlnl,mlnl
14810,mlpha,mlpha
14811,mlsl,mlsl
14812,mlst8,mlst8
14813,mlx,mlx
14814,mlxip,mlxip
14815,mlxipl,mlxipl
14816,mlycd,mlycd
14817,mmaa,mmaa
14818,mmab,mmab
14819,mmachc,mmachc
14820,mmadhc,mmadhc
14821,mmd,mmd
14822,mmd2a,mmd2a
14823,mmel1,mmel1
14824,mmgt1,mmgt1
14825,mmp11a,mmp11a
14826,mmp11b,mmp11b
14827,mmp13a,mmp13a
14828,mmp13b,mmp13b
14829,mmp14a,mmp14a
14830,mmp14b,mmp14b
14831,mmp15a,mmp15a
14832,mmp15b,mmp15b
14833,mmp16a,mmp16a
14834,mmp16b,mmp16b
14835,mmp17a,mmp17a
14836,mmp17b,mmp17b
14837,mmp19,mmp19
14838,mmp2,mmp2
14839,mmp20a,mmp20a
14840,mmp21,mmp21
14841,mmp24,mmp24
14842,mmp25b,mmp25b
14843,mmp28,mmp28
14844,mmp30,mmp30
14845,mmrn2a,mmrn2a
14846,mmrn2b,mmrn2b
14847,mms19,mms19
14848,mms22l,mms22l
14849,mn1a,mn1a
14850,mn1b,mn1b
14851,mnat1,mnat1
14852,mnd1,mnd1
14853,mns1,mns1
14854,mnta,mnta
14855,mntb,mntb
14856,mnx1,mnx1
14857,mnx2a,mnx2a
14858,mnx2b,mnx2b
14859,mob1a,mob1a
14860,mob1ba,mob1ba
14861,mob1bb,mob1bb
14862,mob2a,mob2a
14863,mob2b,mob2b
14864,mob3a,mob3a
14865,mob3c,mob3c
14866,mob4,mob4
14867,mocos,mocos
14868,mocs1,mocs1
14869,mocs3,mocs3
14870,mogat3a,mogat3a
14871,mogat3b,mogat3b
14872,mogs,mogs
14873,mon1a,mon1a
14874,mon1ba,mon1ba
14875,mon1bb,mon1bb
14876,mon2,mon2
14877,morc2,morc2
14878,morc3a,morc3a
14879,morc3b,morc3b
14880,morf4l1,morf4l1
14881,morn2,morn2
14882,morn3,morn3
14883,morn4,morn4
14884,morn5,morn5
14885,mos,mos
14886,mosmob,mosmob
14887,mospd1,mospd1
14888,mospd2,mospd2
14889,moto,moto
14890,mov10a,mov10a
14891,mov10b.1,mov10b.1
14892,mov10b.2,mov10b.2
14893,moxd1,moxd1
14894,moxd1l,moxd1l
14895,mpc1,mpc1
14896,mpc2,mpc2
14897,mpdu1a,mpdu1a
14898,mpdu1b,mpdu1b
14899,mpeg1.1,mpeg1.1
14901,mphosph10,mphosph10
14902,mphosph6,mphosph6
14903,mphosph8,mphosph8
14904,mpi,mpi
14905,mpl,mpl
14906,mplkip,mplkip
14907,mpnd,mpnd
14908,mpp2a,mpp2a
14909,mpp2b,mpp2b
14910,mpp3a,mpp3a
14911,mpp3b,mpp3b
14912,mpp4a,mpp4a
14913,mpp5a,mpp5a
14914,mpp5b,mpp5b
14915,mpp6a,mpp6a
14916,mpp6b,mpp6b
14917,mpp7a,mpp7a
14918,mppe1,mppe1
14919,mpped1,mpped1
14920,mpped2,mpped2
14921,mpped2a,mpped2a
14922,mpv17,mpv17
14923,mpv17l2,mpv17l2
14924,mpx,mpx
14925,mpz,mpz
14926,mpzl1l,mpzl1l
14927,mpzl2b,mpzl2b
14928,mrap,mrap
14929,mrap2a,mrap2a
14930,mrap2b,mrap2b
14931,mras,mras
14932,mrc1b,mrc1b
14933,mrc2,mrc2
14934,mre11a,mre11a
14935,mrgbp,mrgbp
14936,mri1,mri1
14937,mrm1,mrm1
14938,mrm2,mrm2
14939,mrm3a,mrm3a
14940,mrm3b,mrm3b
14941,mrnip,mrnip
14942,mroh1,mroh1
14943,mrpl1,mrpl1
14944,mrpl10,mrpl10
14945,mrpl11,mrpl11
14946,mrpl12,mrpl12
14947,mrpl13,mrpl13
14948,mrpl14,mrpl14
14949,mrpl15,mrpl15
14950,mrpl16,mrpl16
14951,mrpl17,mrpl17
14952,mrpl18,mrpl18
14953,mrpl19,mrpl19
14954,mrpl2,mrpl2
14955,mrpl20,mrpl20
14956,mrpl21,mrpl21
14957,mrpl22,mrpl22
14958,mrpl23,mrpl23
14959,mrpl24,mrpl24
14960,mrpl27,mrpl27
14961,mrpl28,mrpl28
14962,mrpl3,mrpl3
14963,mrpl30,mrpl30
14964,mrpl32,mrpl32
14965,mrpl33,mrpl33
14966,mrpl34,mrpl34
14967,mrpl35,mrpl35
14968,mrpl36,mrpl36
14969,mrpl37,mrpl37
14970,mrpl38,mrpl38
14971,mrpl39,mrpl39
14972,mrpl4,mrpl4
14973,mrpl40,mrpl40
14974,mrpl41,mrpl41
14975,mrpl42,mrpl42
14976,mrpl43,mrpl43
14977,mrpl44,mrpl44
14978,mrpl45,mrpl45
14979,mrpl46,mrpl46
14980,mrpl47,mrpl47
14981,mrpl48,mrpl48
14982,MRPL49,MRPL49
14983,mrpl51,mrpl51
14984,mrpl52,mrpl52
14985,mrpl53,mrpl53
14986,mrpl54,mrpl54
14987,mrpl57,mrpl57
14988,mrpl58,mrpl58
14989,mrpl9,mrpl9
14990,mrps10,mrps10
14991,mrps11,mrps11
14992,MRPS12,MRPS12
14993,mrps14,mrps14
14994,mrps15,mrps15
14995,mrps16,mrps16
14996,mrps17,mrps17
14997,mrps18a,mrps18a
14998,mrps18b,mrps18b
14999,mrps18c,mrps18c
15000,mrps2,mrps2
15001,mrps21,mrps21
15002,mrps22,mrps22
15003,mrps23,mrps23
15004,mrps24,mrps24
15005,mrps25,mrps25
15006,mrps26,mrps26
15007,mrps27,mrps27
15008,mrps28,mrps28
15009,mrps30,mrps30
15010,mrps31,mrps31
15011,mrps33,mrps33
15012,mrps34,mrps34
15013,mrps35,mrps35
15014,mrps36,mrps36
15015,mrps5,mrps5
15016,mrps6,mrps6
15017,mrps7,mrps7
15018,mrps9,mrps9
15019,mrrf,mrrf
15020,mrs2,mrs2
15021,mrtfaa,mrtfaa
15022,mrtfab,mrtfab
15023,mrtfba,mrtfba
15024,mrtfbb,mrtfbb
15025,mrto4,mrto4
15026,mrvi1,mrvi1
15027,ms4a17a.1,ms4a17a.1
15028,ms4a17a.10,ms4a17a.10
15029,ms4a17a.11,ms4a17a.11
15030,ms4a17a.14,ms4a17a.14
15031,ms4a17a.16,ms4a17a.16
15032,ms4a17a.17,ms4a17a.17
15033,ms4a17a.2,ms4a17a.2
15034,ms4a17a.3,ms4a17a.3
15035,ms4a17a.4,ms4a17a.4
15036,ms4a17a.5,ms4a17a.5
15037,ms4a17a.6,ms4a17a.6
15038,ms4a17a.7,ms4a17a.7
15039,ms4a17a.8,ms4a17a.8
15040,ms4a17a.9,ms4a17a.9
15041,msantd1,msantd1
15042,MSANTD2,MSANTD2
15043,msantd4,msantd4
15044,msc,msc
15045,msgn1,msgn1
15046,msh2,msh2
15047,msh3,msh3
15048,msh4,msh4
15049,msh5,msh5
15050,msh6,msh6
15051,msi1,msi1
15052,msi2a,msi2a
15053,msi2b,msi2b
15054,msl1a,msl1a
15055,msl1b,msl1b
15056,msl2a,msl2a
15057,msl2b,msl2b
15058,mslna,mslna
15059,mslnb,mslnb
15060,msmo1,msmo1
15061,msna,msna
15062,msnb,msnb
15063,msra,msra
15064,msrb1a,msrb1a
15065,msrb1b,msrb1b
15066,msrb2,msrb2
15067,msrb3,msrb3
15068,mss51,mss51
15069,mst1ra,mst1ra
15070,mst1rb,mst1rb
15071,mstnb,mstnb
15072,msto1,msto1
15073,msx1a,msx1a
15074,msx1b,msx1b
15075,msx2a,msx2a
15076,msx2b,msx2b
15077,msx3,msx3
15078,mt-atp6,mt-atp6
15079,mt-atp8,mt-atp8
15080,mt-co1,mt-co1
15081,mt-co2,mt-co2
15082,mt-cyb,mt-cyb
15083,mt-nd1,mt-nd1
15084,mt-nd2,mt-nd2
15085,mt-nd3,mt-nd3
15086,mt-nd4,mt-nd4
15087,mt-nd4l,mt-nd4l
15088,mt-nd5,mt-nd5
15089,mt-nd6,mt-nd6
15090,mt2,mt2
15091,mta1,mta1
15092,mta2,mta2
15093,mta3,mta3
15094,mtap,mtap
15095,mtbl,mtbl
15096,mtbp,mtbp
15097,mtch2,mtch2
15098,mtcl1,mtcl1
15099,mtdha,mtdha
15100,mtdhb,mtdhb
15101,MTERF1,MTERF1
15102,mterf2,mterf2
15103,mterf3,mterf3
15104,MTERF4,MTERF4
15105,mtf1,mtf1
15106,mtf2,mtf2
15107,mtfmt,mtfmt
15108,mtfp1,mtfp1
15109,mtfr1,mtfr1
15110,mtfr1l,mtfr1l
15111,mtfr2,mtfr2
15112,mtg1,mtg1
15113,mtg2,mtg2
15114,mthfd1a,mthfd1a
15115,mthfd1b,mthfd1b
15116,mthfd1l,mthfd1l
15117,mthfd2,mthfd2
15118,mthfd2l,mthfd2l
15119,mthfr,mthfr
15120,mthfsd,mthfsd
15121,mtif2,mtif2
15122,mtif3,mtif3
15123,mtm1,mtm1
15124,mtmr10,mtmr10
15125,mtmr11,mtmr11
15126,mtmr12,mtmr12
15127,mtmr14,mtmr14
15128,mtmr1a,mtmr1a
15129,mtmr1b,mtmr1b
15130,mtmr2,mtmr2
15131,mtmr3,mtmr3
15132,mtmr4,mtmr4
15133,mtmr6,mtmr6
15134,mtmr7a,mtmr7a
15135,mtmr7b,mtmr7b
15136,mtmr8,mtmr8
15137,mtmr9,mtmr9
15138,mtnr1aa,mtnr1aa
15139,mtnr1ab,mtnr1ab
15140,mtnr1ba,mtnr1ba
15141,mtnr1bb,mtnr1bb
15142,mtor,mtor
15143,mtpap,mtpap
15144,mtpn,mtpn
15145,mtr,mtr
15146,mtrex,mtrex
15147,mtrf1,mtrf1
15148,mtrf1l,mtrf1l
15149,mtrr,mtrr
15150,mtss1,mtss1
15151,mtss1la,mtss1la
15152,mtss1lb,mtss1lb
15153,mttp,mttp
15154,mturn,mturn
15155,mtus1a,mtus1a
15156,mtus1b,mtus1b
15157,mtus2a,mtus2a
15158,mtx1a,mtx1a
15159,mtx1b,mtx1b
15160,mtx2,mtx2
15161,mtx3,mtx3
15162,muc13a,muc13a
15163,muc13b,muc13b
15164,muc5.1,muc5.1
15165,muc5.2,muc5.2
15166,muc5.3,muc5.3
15167,muc5d,muc5d
15168,muc5e,muc5e
15169,muc5f,muc5f
15170,mucms1,mucms1
15171,mul1a,mul1a
15172,mul1b,mul1b
15173,mus81,mus81
15174,musk,musk
15175,mustn1a,mustn1a
15176,mustn1b,mustn1b
15177,mut,mut
15178,mvb12a,mvb12a
15179,mvb12ba,mvb12ba
15180,mvb12bb,mvb12bb
15181,mvda,mvda
15182,mvk,mvk
15183,mvp,mvp
15184,mxa,mxa
15185,mxb,mxb
15186,mxc,mxc
15187,mxd,mxd
15188,mxd1,mxd1
15189,mxd3,mxd3
15190,mxd4,mxd4
15191,mxe,mxe
15192,mxf,mxf
15193,mxg,mxg
15194,mxi1,mxi1
15195,mxra5a,mxra5a
15196,mxra5b,mxra5b
15197,mxra7,mxra7
15198,mxra8a,mxra8a
15199,mxra8b,mxra8b
15200,mxtx1,mxtx1
15201,mxtx2,mxtx2
15202,MYADM,MYADM
15203,myadml2,myadml2
15204,myb,myb
15205,mybbp1a,mybbp1a
15206,mybl1,mybl1
15207,mybl2a,mybl2a
15208,mybl2b,mybl2b
15209,mybpc1,mybpc1
15210,mybpc2a,mybpc2a
15211,mybpc2b,mybpc2b
15212,mybpc3,mybpc3
15213,mybpha,mybpha
15214,mybphb,mybphb
15215,myca,myca
15216,mycb,mycb
15217,mycbp2,mycbp2
15218,mycbpap,mycbpap
15219,mych,mych
15220,mycla,mycla
15221,myclb,myclb
15222,mycn,mycn
15223,myct1a,myct1a
15224,myct1b,myct1b
15225,myd88,myd88
15226,mydgf,mydgf
15227,myef2,myef2
15228,myf5,myf5
15229,myf6,myf6
15230,myg1,myg1
15231,myh10,myh10
15232,myh11a,myh11a
15233,myh14,myh14
15234,myh6,myh6
15235,myh7,myh7
15236,myh7ba,myh7ba
15237,myh7bb,myh7bb
15238,myh7l,myh7l
15239,myh9a,myh9a
15240,myh9b,myh9b
15241,myha,myha
15242,myhb,myhb
15243,myhc4,myhc4
15244,myhz1.2,myhz1.2
15245,myhz1.3,myhz1.3
15246,myhz2,myhz2
15247,myl1,myl1
15248,myl10,myl10
15249,myl12.1,myl12.1
15250,myl12.2,myl12.2
15251,myl13,myl13
15252,MYL2,MYL2
15253,myl2b,myl2b
15254,myl4,myl4
15255,myl6,myl6
15256,myl7,myl7
15257,myl9a,myl9a
15258,myl9b,myl9b
15259,mylipa,mylipa
15260,mylipb,mylipb
15261,mylk2,mylk2
15262,mylk3,mylk3
15263,mylk4b,mylk4b
15264,mylk5,mylk5
15265,mylka,mylka
15266,mylkb,mylkb
15267,mylpfa,mylpfa
15268,mylpfb,mylpfb
15269,mylz3,mylz3
15270,mymk,mymk
15271,mynn,mynn
15272,myo10,myo10
15273,myo10l1,myo10l1
15274,myo10l3,myo10l3
15275,myo15aa,myo15aa
15276,myo15ab,myo15ab
15277,myo15b,myo15b
15278,myo18aa,myo18aa
15279,myo18ab,myo18ab
15280,myo19,myo19
15281,myo1b,myo1b
15282,myo1ca,myo1ca
15283,myo1cb,myo1cb
15284,MYO1D,MYO1D
15285,myo1ea,myo1ea
15286,myo1eb,myo1eb
15287,myo1f,myo1f
15288,MYO1G,MYO1G
15289,myo1ha,myo1ha
15290,myo1hb,myo1hb
15291,myo3a,myo3a
15292,myo3b,myo3b
15293,myo5aa,myo5aa
15294,myo5ab,myo5ab
15295,myo5b,myo5b
15296,myo5c,myo5c
15297,myo6a,myo6a
15298,myo6b,myo6b
15299,myo7aa,myo7aa
15300,myo7ab,myo7ab
15301,myo9aa,myo9aa
15302,myo9ab,myo9ab
15303,myoc,myoc
15304,myocd,myocd
15305,myod1,myod1
15306,myof,myof
15307,myofl,myofl
15308,myog,myog
15309,myom1a,myom1a
15310,myom1b,myom1b
15311,myom2a,myom2a
15312,myorg,myorg
15313,myot,myot
15314,myoz1a,myoz1a
15315,myoz1b,myoz1b
15316,myoz2a,myoz2a
15317,myoz2b,myoz2b
15318,myoz3a,myoz3a
15319,myrf,myrf
15320,myrfl,myrfl
15321,myrip,myrip
15322,mysm1,mysm1
15323,myt1a,myt1a
15324,myt1b,myt1b
15325,myt1la,myt1la
15326,myzap,myzap
15327,MZT1,MZT1
15328,mzt2b,mzt2b
15329,n4bp1,n4bp1
15330,n4bp2,n4bp2
15331,n4bp2l2,n4bp2l2
15332,n6amt1,n6amt1
15333,naa10,naa10
15334,naa15a,naa15a
15335,naa15b,naa15b
15336,naa20,naa20
15337,naa25,naa25
15338,naa30,naa30
15339,naa35,naa35
15340,naa38,naa38
15341,naa50,naa50
15342,naalad2,naalad2
15343,nab1a,nab1a
15344,nab1b,nab1b
15345,nab2,nab2
15346,nabp1a,nabp1a
15347,nabp1b,nabp1b
15348,NABP2,NABP2
15349,naca,naca
15350,nacad,nacad
15351,nacc1a,nacc1a
15352,nacc1b,nacc1b
15353,nacc2,nacc2
15354,nadk2,nadk2
15355,nadka,nadka
15356,nadkb,nadkb
15357,nae1,nae1
15358,naf1,naf1
15359,naga,naga
15360,nagk,nagk
15361,naglu,naglu
15362,nagpa,nagpa
15363,nags,nags
15364,naif1,naif1
15365,nalcn,nalcn
15366,nampta,nampta
15367,namptb,namptb
15368,nanog,nanog
15369,nanos1,nanos1
15370,nanos2,nanos2
15371,nanos3,nanos3
15372,nanp,nanp
15373,nansa,nansa
15374,nansb,nansb
15375,nap1l1,nap1l1
15376,nap1l4a,nap1l4a
15377,nap1l4b,nap1l4b
15378,napaa,napaa
15379,napab,napab
15380,napba,napba
15381,napbb,napbb
15382,napepld,napepld
15383,napga,napga
15384,napgb,napgb
15385,naprt,naprt
15386,narf,narf
15387,narfl,narfl
15388,nars,nars
15389,nars2,nars2
15390,nasp,nasp
15391,nat10,nat10
15392,nat14,nat14
15393,nat15,nat15
15394,nat16,nat16
15396,nat8l,nat8l
15397,nat9,nat9
15398,natd1,natd1
15399,NAV1,NAV1
15400,nav1b,nav1b
15401,nav2a,nav2a
15402,nav2b,nav2b
15403,nav3,nav3
15404,naxd,naxd
15405,naxe,naxe
15406,nbas,nbas
15407,nbeaa,nbeaa
15408,nbeal1,nbeal1
15409,nbeal2,nbeal2
15410,nbn,nbn
15411,nbr1a,nbr1a
15412,nbr1b,nbr1b
15413,NC-002333.10,NC-002333.10
15414,NC-002333.11,NC-002333.11
15415,NC-002333.13,NC-002333.13
15416,NC-002333.14,NC-002333.14
15417,NC-002333.17,NC-002333.17
15418,NC-002333.19,NC-002333.19
15419,NC-002333.2,NC-002333.2
15420,NC-002333.20,NC-002333.20
15421,NC-002333.21,NC-002333.21
15422,NC-002333.22,NC-002333.22
15423,NC-002333.23,NC-002333.23
15424,NC-002333.24,NC-002333.24
15425,NC-002333.4,NC-002333.4
15426,NC-002333.5,NC-002333.5
15427,NC-002333.6,NC-002333.6
15428,NC-002333.8,NC-002333.8
15429,NC-002333.9,NC-002333.9
15430,ncalda,ncalda
15431,ncaldb,ncaldb
15432,ncam1a,ncam1a
15433,ncam1b,ncam1b
15434,ncam2,ncam2
15435,ncam3,ncam3
15436,ncanb,ncanb
15437,ncapd2,ncapd2
15438,ncapd3,ncapd3
15439,ncapg,ncapg
15440,ncapg2,ncapg2
15441,ncaph,ncaph
15442,ncaph2,ncaph2
15443,ncbp1,ncbp1
15444,ncbp2,ncbp2
15445,ncbp3,ncbp3
15446,nccrp1,nccrp1
15447,ncdn,ncdn
15448,NCEH1,NCEH1
15449,nceh1a,nceh1a
15450,nceh1b.1,nceh1b.1
15451,ncf2,ncf2
15452,ncf4,ncf4
15453,nck1a,nck1a
15454,nck1b,nck1b
15455,nck2a,nck2a
15456,nck2b,nck2b
15457,nckap1,nckap1
15458,NCKAP1L,NCKAP1L
15459,nckap5l,nckap5l
15460,nckipsd,nckipsd
15461,ncl,ncl
15462,ncln,ncln
15463,ncoa1,ncoa1
15464,ncoa2,ncoa2
15465,ncoa3,ncoa3
15466,ncoa4,ncoa4
15467,ncoa5,ncoa5
15468,ncoa6,ncoa6
15469,ncor1,ncor1
15470,ncor2,ncor2
15471,ncs1a,ncs1a
15472,ncs1b,ncs1b
15473,ndc1,ndc1
15474,ndc80,ndc80
15475,nde1,nde1
15476,ndel1a,ndel1a
15477,ndel1b,ndel1b
15478,ndfip1,ndfip1
15479,ndfip1l,ndfip1l
15480,ndfip2,ndfip2
15481,ndnf,ndnf
15482,ndnfl,ndnfl
15483,ndnl2,ndnl2
15484,ndor1,ndor1
15485,ndr1,ndr1
15486,ndr2,ndr2
15487,ndrg1a,ndrg1a
15488,ndrg1b,ndrg1b
15489,ndrg2,ndrg2
15490,ndrg3a,ndrg3a
15491,ndrg3b,ndrg3b
15492,ndrg4,ndrg4
15493,ndst1a,ndst1a
15494,ndst2a,ndst2a
15495,ndst2b,ndst2b
15496,ndst3,ndst3
15497,ndufa1,ndufa1
15498,ndufa10,ndufa10
15499,ndufa11,ndufa11
15500,ndufa12,ndufa12
15501,ndufa2,ndufa2
15502,ndufa4,ndufa4
15503,ndufa4l,ndufa4l
15504,ndufa4l2a,ndufa4l2a
15505,ndufa5,ndufa5
15506,ndufa6,ndufa6
15507,ndufa7,ndufa7
15508,ndufa8,ndufa8
15509,ndufa9a,ndufa9a
15510,ndufa9b,ndufa9b
15511,ndufab1a,ndufab1a
15512,ndufab1b,ndufab1b
15513,ndufaf1,ndufaf1
15514,ndufaf2,ndufaf2
15515,ndufaf3,ndufaf3
15516,ndufaf4,ndufaf4
15517,ndufaf5,ndufaf5
15518,ndufaf7,ndufaf7
15519,NDUFAF8,NDUFAF8
15520,NDUFB1,NDUFB1
15521,ndufb10,ndufb10
15522,ndufb11,ndufb11
15523,ndufb2,ndufb2
15524,ndufb3,ndufb3
15525,ndufb4,ndufb4
15526,ndufb5,ndufb5
15527,ndufb6,ndufb6
15528,ndufb7,ndufb7
15529,ndufb8,ndufb8
15530,ndufb9,ndufb9
15531,ndufc2,ndufc2
15532,ndufs1,ndufs1
15533,ndufs2,ndufs2
15534,ndufs3,ndufs3
15535,ndufs4,ndufs4
15536,ndufs5,ndufs5
15537,ndufs6,ndufs6
15538,ndufs7,ndufs7
15539,ndufs8a,ndufs8a
15540,ndufs8b,ndufs8b
15541,ndufv1,ndufv1
15542,ndufv2,ndufv2
15543,ndufv3,ndufv3
15544,neb,neb
15545,nebl,nebl
15546,necab1,necab1
15547,necab2,necab2
15548,necab3,necab3
15549,necap1,necap1
15550,necap2,necap2
15551,nectin1a,nectin1a
15552,nectin1b,nectin1b
15553,nectin3b,nectin3b
15554,nectin4a,nectin4a
15555,nectin4b,nectin4b
15556,nedd1,nedd1
15557,nedd4a,nedd4a
15558,nedd4l,nedd4l
15559,nedd8,nedd8
15560,nedd8l,nedd8l
15561,nedd9,nedd9
15562,nefla,nefla
15563,neflb,neflb
15564,nefma,nefma
15565,nefmb,nefmb
15566,negaly6,negaly6
15567,negr1,negr1
15568,neil1,neil1
15569,neil3,neil3
15570,nek1,nek1
15571,nek10,nek10
15572,nek11,nek11
15573,nek12,nek12
15574,nek2,nek2
15575,nek3,nek3
15576,nek4,nek4
15577,nek6,nek6
15578,nek7,nek7
15579,nek8,nek8
15580,nek9,nek9
15581,nelfa,nelfa
15582,nelfb,nelfb
15583,nelfcd,nelfcd
15584,nelfe,nelfe
15585,nell2a,nell2a
15586,nell2b,nell2b
15587,nemp1,nemp1
15588,nemp2,nemp2
15589,nenf,nenf
15590,neo1a,neo1a
15591,neo1b,neo1b
15592,nepro,nepro
15593,nes,nes
15594,net1,net1
15595,neto1,neto1
15596,neto1l,neto1l
15597,neu1,neu1
15598,neu3.1,neu3.1
15599,neu3.2,neu3.2
15600,neu3.3,neu3.3
15601,neu3.4,neu3.4
15602,neu3.5,neu3.5
15603,neu4,neu4
15604,neurl1aa,neurl1aa
15605,neurl1ab,neurl1ab
15606,neurl1b,neurl1b
15607,neurl2,neurl2
15608,neurl4,neurl4
15609,neurod1,neurod1
15610,neurod2,neurod2
15611,neurod4,neurod4
15612,neurod6a,neurod6a
15613,neurod6b,neurod6b
15614,neurog1,neurog1
15615,neurog3,neurog3
15616,nexmifa,nexmifa
15617,nexmifb,nexmifb
15618,nexn,nexn
15619,nf1b,nf1b
15620,nf2a,nf2a
15621,nf2b,nf2b
15622,nfasca,nfasca
15623,nfat5a,nfat5a
15624,nfat5b,nfat5b
15625,nfatc1,nfatc1
15626,nfatc2a,nfatc2a
15627,nfatc2b,nfatc2b
15628,nfatc2ip,nfatc2ip
15629,nfatc3a,nfatc3a
15630,nfatc3b,nfatc3b
15631,nfatc4,nfatc4
15632,nfe2l1a,nfe2l1a
15633,nfe2l1b,nfe2l1b
15634,nfe2l2a,nfe2l2a
15635,nfe2l2b,nfe2l2b
15636,nfe2l3,nfe2l3
15637,nfia,nfia
15638,nfic,nfic
15639,nfil3,nfil3
15640,nfil3-2,nfil3-2
15641,nfil3-3,nfil3-3
15642,nfil3-4,nfil3-4
15643,nfil3-5,nfil3-5
15644,nfil3-6,nfil3-6
15645,nfixb,nfixb
15646,nfkb1,nfkb1
15647,nfkb2,nfkb2
15648,nfkbiaa,nfkbiaa
15649,nfkbiab,nfkbiab
15650,nfkbib,nfkbib
15651,nfkbie,nfkbie
15652,nfkbil1,nfkbil1
15653,nfkbiz,nfkbiz
15654,nfr,nfr
15655,nfrkb,nfrkb
15656,nfs1,nfs1
15657,nfu1,nfu1
15658,NFX1,NFX1
15659,nfxl1,nfxl1
15660,nfya,nfya
15661,nfyal,nfyal
15662,nfyba,nfyba
15663,nfybb,nfybb
15664,nfyc,nfyc
15665,ngb,ngb
15666,ngdn,ngdn
15667,ngef,ngef
15668,ngfa,ngfa
15669,ngfb,ngfb
15670,ngfra,ngfra
15671,ngfrb,ngfrb
15672,ngly1,ngly1
15673,ngrn,ngrn
15674,ngs,ngs
15675,nhej1,nhej1
15676,nhlh2,nhlh2
15677,nhlrc2,nhlrc2
15678,NHLRC3,NHLRC3
15679,nhp2,nhp2
15680,nhsa,nhsa
15681,nhsb,nhsb
15682,nhsl1a,nhsl1a
15683,nhsl1b,nhsl1b
15684,nhsl2,nhsl2
15685,nicn1,nicn1
15686,nid1a,nid1a
15687,nid1b,nid1b
15688,nid2a,nid2a
15689,nid2b,nid2b
15690,nif3l1,nif3l1
15691,nifk,nifk
15692,nim1k,nim1k
15693,nin,nin
15694,NINJ1,NINJ1
15695,ninj2,ninj2
15696,ninl,ninl
15697,nip7,nip7
15698,nipa1,nipa1
15699,nipa2,nipa2
15700,nipal3,nipal3
15701,nipal4,nipal4
15702,nipbla,nipbla
15703,nipblb,nipblb
15704,nipsnap1,nipsnap1
15705,nipsnap2,nipsnap2
15706,nipsnap3a,nipsnap3a
15707,nisch,nisch
15708,nit1,nit1
15709,nit2,nit2
15710,nitr10a,nitr10a
15711,nitr11a,nitr11a
15712,nitr12,nitr12
15713,nitr13,nitr13
15714,nitr1b,nitr1b
15715,nitr1f,nitr1f
15716,nitr1k,nitr1k
15717,nitr1m,nitr1m
15718,nitr2b,nitr2b
15719,nitr3a,nitr3a
15720,nitr3c,nitr3c
15722,nitr4a,nitr4a
15723,nitr5,nitr5
15724,nitr6b,nitr6b
15725,nitr7a,nitr7a
15726,nitr7b,nitr7b
15727,nitr9,nitr9
15728,nkain1,nkain1
15729,nkain2,nkain2
15730,nkain4,nkain4
15731,nkap,nkap
15732,nkd1,nkd1
15733,nkd2a,nkd2a
15734,nkd3,nkd3
15735,nkd3l,nkd3l
15736,nkiras1,nkiras1
15737,nkiras2,nkiras2
15738,nkl.2,nkl.2
15739,nkpd1,nkpd1
15740,nkrf,nkrf
15741,nktr,nktr
15742,nkx1.2la,nkx1.2la
15743,nkx1.2lb,nkx1.2lb
15744,nkx2.1,nkx2.1
15745,nkx2.2a,nkx2.2a
15746,nkx2.2b,nkx2.2b
15747,nkx2.3,nkx2.3
15748,nkx2.4a,nkx2.4a
15749,nkx2.4b,nkx2.4b
15750,nkx2.5,nkx2.5
15751,nkx2.7,nkx2.7
15752,nkx2.9,nkx2.9
15753,nkx3-1,nkx3-1
15754,nkx3.2,nkx3.2
15755,nkx3.3,nkx3.3
15756,nkx6.1,nkx6.1
15757,nkx6.2,nkx6.2
15758,nle1,nle1
15759,nlgn1,nlgn1
15760,nlgn2a,nlgn2a
15761,nlgn2b,nlgn2b
15762,nlgn3a,nlgn3a
15763,nlgn3b,nlgn3b
15764,nlgn4xa,nlgn4xa
15765,nlgn4xb,nlgn4xb
15766,nlk1,nlk1
15767,nln,nln
15768,nlrb5,nlrb5
15769,nlrc3,nlrc3
15770,nlrc3l,nlrc3l
15771,nlrc3l1,nlrc3l1
15772,nlrc5,nlrc5
15773,nlrc6,nlrc6
15774,nlrc7,nlrc7
15775,nlrc8,nlrc8
15776,nlrc9,nlrc9
15777,nlrp15,nlrp15
15778,nlrp16,nlrp16
15779,nlrx1,nlrx1
15780,nmba,nmba
15781,nmd3,nmd3
15782,nme2a,nme2a
15783,nme2b.1,nme2b.1
15784,nme3,nme3
15785,nme4,nme4
15786,nme5,nme5
15787,nme6,nme6
15788,nme7,nme7
15789,nme8,nme8
15790,nmi,nmi
15791,nmnat1,nmnat1
15792,nmnat2,nmnat2
15793,NMNAT3,NMNAT3
15794,nmrk1,nmrk1
15795,nmrk2,nmrk2
15796,nms,nms
15797,nmt1a,nmt1a
15798,nmt1b,nmt1b
15799,nmt2,nmt2
15800,nmu,nmu
15801,nmur1a,nmur1a
15802,nmur1b,nmur1b
15803,nmur3,nmur3
15804,nnr,nnr
15805,nnt,nnt
15806,nnt2,nnt2
15807,noa1,noa1
15808,nob1,nob1
15809,nobox,nobox
15810,noc2l,noc2l
15811,noc3l,noc3l
15812,noc4l,noc4l
15813,nocta,nocta
15814,noctb,noctb
15815,nod1,nod1
15816,nod2,nod2
15817,nog1,nog1
15818,nog2,nog2
15819,nog3,nog3
15820,nog5,nog5
15821,nol10,nol10
15822,nol11,nol11
15823,nol12,nol12
15824,nol4la,nol4la
15825,nol4lb,nol4lb
15826,nol6,nol6
15827,nol7,nol7
15828,nol8,nol8
15829,nol9,nol9
15830,nolc1,nolc1
15831,nom1,nom1
15832,nomo,nomo
15833,nono,nono
15834,nop10,nop10
15835,nop14,nop14
15836,nop16,nop16
15837,nop2,nop2
15838,nop53,nop53
15839,nop56,nop56
15840,nop58,nop58
15841,nos1,nos1
15842,nos1apa,nos1apa
15843,nos1apb,nos1apb
15844,nos2a,nos2a
15845,nos2b,nos2b
15846,nosip,nosip
15847,nostrin,nostrin
15848,notch1a,notch1a
15849,notch1b,notch1b
15850,notch2,notch2
15851,notch3,notch3
15852,notchl,notchl
15853,noto,noto
15854,nots,nots
15855,notum1a,notum1a
15856,notum1b,notum1b
15857,notum2,notum2
15858,nova1,nova1
15859,nova2,nova2
15860,nox1,nox1
15861,nox4,nox4
15862,nox5,nox5
15863,noxa1,noxa1
15864,noxo1a,noxo1a
15865,noxo1b,noxo1b
15866,noxred1,noxred1
15867,npas1,npas1
15868,npas2,npas2
15869,npas4a,npas4a
15870,npas4l,npas4l
15871,npat,npat
15872,npb,npb
15873,npbwr2a,npbwr2a
15874,npc1,npc1
15875,npc2,npc2
15877,npdc1a,npdc1a
15878,npdc1b,npdc1b
15879,npepl1,npepl1
15880,npepps,npepps
15881,npffl,npffl
15882,npffr1,npffr1
15883,npffr1l1,npffr1l1
15884,npffr1l3,npffr1l3
15885,NPFFR2,NPFFR2
15886,npffr2b,npffr2b
15887,nphp1,nphp1
15888,nphp3,nphp3
15889,nphp4,nphp4
15890,nphs1,nphs1
15891,nphs2,nphs2
15892,npl,npl
15893,nploc4,nploc4
15894,npm1a,npm1a
15895,npm1b,npm1b
15896,npm2a,npm2a
15897,npm3,npm3
15898,npnt,npnt
15899,nppa,nppa
15900,nppb,nppb
15901,nppc,nppc
15902,npr1a,npr1a
15903,npr1b,npr1b
15904,npr2,npr2
15905,npr3,npr3
15906,nprl2,nprl2
15907,nprl3,nprl3
15908,npsn,npsn
15909,nptna,nptna
15910,nptnb,nptnb
15911,nptx1l,nptx1l
15912,nptx2a,nptx2a
15913,nptx2b,nptx2b
15914,nptxra,nptxra
15915,nptxrb,nptxrb
15916,npvf,npvf
15917,npy,npy
15918,npy2rl,npy2rl
15919,npy4r,npy4r
15920,npy7r,npy7r
15921,npy8br,npy8br
15922,nqo1,nqo1
15923,nr0b1,nr0b1
15924,nr0b2a,nr0b2a
15925,nr0b2b,nr0b2b
15926,nr1d2a,nr1d2a
15927,nr1d2b,nr1d2b
15928,nr1d4a,nr1d4a
15929,nr1d4b,nr1d4b
15930,nr1h3,nr1h3
15931,nr1h4,nr1h4
15932,nr1h5,nr1h5
15933,nr1i2,nr1i2
15934,nr2c1,nr2c1
15935,nr2c2,nr2c2
15936,nr2c2ap,nr2c2ap
15937,nr2e1,nr2e1
15938,nr2e3,nr2e3
15939,nr2f1a,nr2f1a
15940,nr2f1b,nr2f1b
15941,nr2f2,nr2f2
15942,nr2f5,nr2f5
15943,nr2f6a,nr2f6a
15944,nr2f6b,nr2f6b
15945,nr3c1,nr3c1
15946,nr3c2,nr3c2
15947,nr4a1,nr4a1
15948,nr4a2a,nr4a2a
15949,nr4a2b,nr4a2b
15950,nr4a3,nr4a3
15951,nr5a1a,nr5a1a
15952,nr5a1b,nr5a1b
15953,nr5a2,nr5a2
15954,nr5a5,nr5a5
15955,nr6a1a,nr6a1a
15956,nr6a1b,nr6a1b
15957,nradd,nradd
15958,nrap,nrap
15959,nrarpa,nrarpa
15960,nrarpb,nrarpb
15961,nras,nras
15962,nrbf2a,nrbf2a
15963,nrbf2b,nrbf2b
15964,nrbp1,nrbp1
15965,nrbp2a,nrbp2a
15966,nrbp2b,nrbp2b
15967,nrcama,nrcama
15968,nrcamb,nrcamb
15969,nrd1a,nrd1a
15970,nrd1b,nrd1b
15971,nrde2,nrde2
15972,nrf1,nrf1
15973,nrg1,nrg1
15974,nrg2a,nrg2a
15975,nrg2b,nrg2b
15976,nrg3b,nrg3b
15977,nrgna,nrgna
15978,nrip1a,nrip1a
15979,nrip1b,nrip1b
15980,nrip2,nrip2
15981,nrl,nrl
15982,nrm,nrm
15983,nrn1a,nrn1a
15984,nrn1b,nrn1b
15985,nrn1la,nrn1la
15986,nrn1lb,nrn1lb
15987,nrp1a,nrp1a
15988,nrp1b,nrp1b
15989,nrp2a,nrp2a
15990,nrp2b,nrp2b
15991,nrros,nrros
15992,nrtn,nrtn
15993,nrxn1a,nrxn1a
15994,nrxn1b,nrxn1b
15995,NRXN2,NRXN2
15996,nrxn2b,nrxn2b
15997,nrxn3a,nrxn3a
15998,nrxn3b,nrxn3b
15999,nsa2,nsa2
16000,nsd1a,nsd1a
16001,nsd1b,nsd1b
16002,nsd2,nsd2
16003,nsd3,nsd3
16004,nsdhl,nsdhl
16005,nsfa,nsfa
16006,nsfb,nsfb
16007,nsfl1c,nsfl1c
16008,nsg2,nsg2
16009,nsl1,nsl1
16010,nsmaf,nsmaf
16011,nsmce1,nsmce1
16012,nsmce2,nsmce2
16013,nsmce4a,nsmce4a
16014,nsmfa,nsmfa
16015,nsmfb,nsmfb
16016,nsrp1,nsrp1
16017,nsun2,nsun2
16018,nsun3,nsun3
16019,nsun4,nsun4
16020,nsun5,nsun5
16021,nsun6,nsun6
16022,nt5c1aa,nt5c1aa
16023,nt5c1ab,nt5c1ab
16024,nt5c1ba,nt5c1ba
16025,nt5c1bb,nt5c1bb
16026,nt5c2a,nt5c2a
16027,nt5c2b,nt5c2b
16028,nt5c2l1,nt5c2l1
16029,nt5c3a,nt5c3a
16030,nt5dc1,nt5dc1
16031,nt5dc2,nt5dc2
16032,nt5dc3,nt5dc3
16033,nt5e,nt5e
16034,ntan1,ntan1
16035,ntd5,ntd5
16036,ntf3,ntf3
16037,nthl1,nthl1
16038,ntm,ntm
16039,ntmt1,ntmt1
16040,ntn1a,ntn1a
16041,ntn1b,ntn1b
16042,ntn2,ntn2
16043,ntn4,ntn4
16044,ntn5,ntn5
16045,ntng1a,ntng1a
16046,ntng2a,ntng2a
16047,ntng2b,ntng2b
16048,ntpcr,ntpcr
16049,ntrk2a,ntrk2a
16050,ntrk2b,ntrk2b
16051,ntrk3a,ntrk3a
16052,ntrk3b,ntrk3b
16053,ntsr1,ntsr1
16054,nuak1a,nuak1a
16055,nuak1b,nuak1b
16056,nuak2,nuak2
16057,nub1,nub1
16058,nubp1,nubp1
16059,nubp2,nubp2
16060,nubpl,nubpl
16061,nucb1,nucb1
16062,nucb2a,nucb2a
16063,nucb2b,nucb2b
16064,nucks1a,nucks1a
16065,nucks1b,nucks1b
16066,nudc,nudc
16067,nudcd1,nudcd1
16068,nudcd2,nudcd2
16069,nudcd3,nudcd3
16070,nudt1,nudt1
16071,nudt12,nudt12
16072,nudt13,nudt13
16073,nudt14,nudt14
16074,nudt15,nudt15
16075,nudt17,nudt17
16076,nudt18,nudt18
16077,nudt19,nudt19
16078,nudt2,nudt2
16079,nudt21,nudt21
16080,nudt22,nudt22
16081,nudt3a,nudt3a
16082,nudt3b,nudt3b
16083,nudt4a,nudt4a
16084,nudt4b,nudt4b
16085,nudt5,nudt5
16086,nudt7,nudt7
16087,nudt8,nudt8
16088,nudt9,nudt9
16089,nuf2,nuf2
16090,nufip1,nufip1
16091,nufip2,nufip2
16092,nuggc.1,nuggc.1
16093,nuggc.2,nuggc.2
16094,nuggc.3,nuggc.3
16095,numa1,numa1
16096,numb,numb
16097,numbl,numbl
16098,nup107,nup107
16099,nup133,nup133
16100,nup153,nup153
16101,nup155,nup155
16102,nup160,nup160
16103,nup188,nup188
16104,nup205,nup205
16105,nup210,nup210
16106,nup214,nup214
16107,nup35,nup35
16108,nup37,nup37
16109,nup43,nup43
16110,nup50,nup50
16111,nup54,nup54
16112,nup58,nup58
16113,nup62l,nup62l
16114,nup85,nup85
16116,nup88,nup88
16117,nup93,nup93
16118,nup98,nup98
16119,nupl2,nupl2
16120,nupr1a,nupr1a
16121,nupr1b,nupr1b
16122,nus1,nus1
16123,nusap1,nusap1
16124,nutf2,nutf2
16125,nutf2l,nutf2l
16126,nvl,nvl
16127,nwd1,nwd1
16128,nwd2,nwd2
16129,nxf1,nxf1
16130,nxn,nxn
16131,nxnl1,nxnl1
16132,nxnl2,nxnl2
16133,nxpe3,nxpe3
16134,nxph1,nxph1
16135,nxph2a,nxph2a
16136,nxph2b,nxph2b
16137,nxph3,nxph3
16138,nxt2,nxt2
16139,nyap2a,nyap2a
16140,nyap2b,nyap2b
16141,nyx,nyx
16142,oacyl,oacyl
16143,oafa,oafa
16144,oafb,oafb
16145,oard1,oard1
16146,oat,oat
16147,oatx,oatx
16148,oaz1a,oaz1a
16149,oaz1b,oaz1b
16150,oaz2a,oaz2a
16151,oaz2b,oaz2b
16152,obscna,obscna
16153,obscnb,obscnb
16154,obsl1a,obsl1a
16155,obsl1b,obsl1b
16156,oc90,oc90
16157,oca2,oca2
16158,ociad1,ociad1
16159,ociad2,ociad2
16160,oclna,oclna
16161,oclnb,oclnb
16162,ocrl,ocrl
16163,oct2,oct2
16164,odam,odam
16165,odc1,odc1
16166,odf2a,odf2a
16167,odf2b,odf2b
16168,odf3b,odf3b
16169,odf3l2a,odf3l2a
16170,odf3l2b,odf3l2b
16171,odr4,odr4
16172,ofd1,ofd1
16173,oga,oga
16174,ogal,ogal
16175,ogdha,ogdha
16176,ogdhb,ogdhb
16177,ogdhl,ogdhl
16178,ogfod1,ogfod1
16179,ogfod2,ogfod2
16180,ogfr,ogfr
16181,ogfrl1,ogfrl1
16182,ogfrl2,ogfrl2
16183,ogg1,ogg1
16184,ogna,ogna
16185,ognb,ognb
16186,ogt.1,ogt.1
16187,oip5,oip5
16188,oip5-as1,oip5-as1
16189,oit3,oit3
16190,ola1,ola1
16191,olah,olah
16192,olfcd1,olfcd1
16193,olfcd2,olfcd2
16194,olfcd3,olfcd3
16195,olfcg1,olfcg1
16196,olfcg2,olfcg2
16197,olfcg3,olfcg3
16198,olfcg4,olfcg4
16199,olfcg7,olfcg7
16201,olfcg9,olfcg9
16202,olfch1,olfch1
16203,olfcj1,olfcj1
16204,olfcs2,olfcs2
16205,olfcw1,olfcw1
16206,olfm1a,olfm1a
16207,olfm1b,olfm1b
16208,olfm2a,olfm2a
16209,olfm2b,olfm2b
16210,olfm3a,olfm3a
16211,olfm3b,olfm3b
16212,olfml1,olfml1
16213,olfml2a,olfml2a
16214,olfml2ba,olfml2ba
16215,olfml2bb,olfml2bb
16216,olfml3a,olfml3a
16217,olfml3b,olfml3b
16218,olig1,olig1
16219,olig2,olig2
16220,olig3,olig3
16221,olig4,olig4
16222,oma1,oma1
16223,omd,omd
16224,omga,omga
16225,omgb,omgb
16226,ompb,ompb
16227,onecut2,onecut2
16228,onecut3a,onecut3a
16229,onecutl,onecutl
16230,opa1,opa1
16231,opa3,opa3
16232,opcml,opcml
16233,ophn1,ophn1
16234,oplah,oplah
16235,opn1lw1,opn1lw1
16236,opn1lw2,opn1lw2
16237,opn1mw1,opn1mw1
16238,opn1mw2,opn1mw2
16239,opn1mw3,opn1mw3
16240,opn1mw4,opn1mw4
16241,opn1sw1,opn1sw1
16242,opn1sw2,opn1sw2
16243,opn3,opn3
16244,opn4.1,opn4.1
16245,opn4b,opn4b
16246,opn4xa,opn4xa
16247,opn4xb,opn4xb
16248,opn5,opn5
16249,opn6a,opn6a
16250,opn6b,opn6b
16251,opn7b,opn7b
16252,opn7c,opn7c
16253,opn7d,opn7d
16254,opn8b,opn8b
16255,opn8c,opn8c
16256,opn9,opn9
16257,oprd1a,oprd1a
16258,oprd1b,oprd1b
16259,oprk1,oprk1
16260,oprl1,oprl1
16261,oprm1,oprm1
16262,optc,optc
16263,optn,optn
16264,or103-2,or103-2
16265,or104-1,or104-1
16266,or105-1,or105-1
16267,or106-1,or106-1
16268,or106-11,or106-11
16269,or106-5,or106-5
16270,or107-1,or107-1
16271,or109-1,or109-1
16272,or109-11,or109-11
16273,or109-13,or109-13
16274,or109-2,or109-2
16275,or109-5,or109-5
16276,or109-7,or109-7
16277,or110-2,or110-2
16278,or111-10,or111-10
16279,or111-11,or111-11
16280,or111-2,or111-2
16281,or111-8,or111-8
16282,or112-1,or112-1
16283,or113-1,or113-1
16284,or113-2,or113-2
16285,or114-1,or114-1
16286,or115-1,or115-1
16287,or115-14,or115-14
16288,or115-2,or115-2
16289,or115-5,or115-5
16290,or115-9,or115-9
16291,or116-1,or116-1
16292,or116-2,or116-2
16293,or118-2,or118-2
16294,or120-1,or120-1
16295,or121-1,or121-1
16296,or124-4,or124-4
16297,or125-2,or125-2
16298,or126-1,or126-1
16299,or126-2,or126-2
16300,or126-4,or126-4
16301,or126-5,or126-5
16302,or126-7,or126-7
16303,or127-1,or127-1
16304,or128-1,or128-1
16305,or128-3,or128-3
16306,or128-6,or128-6
16308,or129-1,or129-1
16309,or130-1,or130-1
16310,or131-2,or131-2
16311,or132-1,or132-1
16312,or132-2,or132-2
16313,or132-3,or132-3
16314,or133-2,or133-2
16315,or133-3,or133-3
16316,or133-4,or133-4
16317,or133-6,or133-6
16318,or133-7,or133-7
16319,or135-1,or135-1
16320,or137-1,or137-1
16321,or137-2,or137-2
16322,or137-3,or137-3
16323,or137-4,or137-4
16324,or137-8,or137-8
16325,or137-9,or137-9
16326,ora1,ora1
16327,ora3,ora3
16328,ora4,ora4
16329,ora6,ora6
16330,orai1a,orai1a
16331,orai1b,orai1b
16332,orai2,orai2
16333,orc1,orc1
16334,orc2,orc2
16335,orc3,orc3
16336,orc4,orc4
16337,orc5,orc5
16338,orc6,orc6
16339,org,org
16340,ormdl1,ormdl1
16341,ormdl2,ormdl2
16342,ormdl3,ormdl3
16343,os9,os9
16344,osbp,osbp
16345,osbp2,osbp2
16346,osbpl10b,osbpl10b
16347,osbpl11,osbpl11
16348,osbpl1a,osbpl1a
16349,osbpl2a,osbpl2a
16350,osbpl2b,osbpl2b
16351,osbpl3a,osbpl3a
16352,osbpl3b,osbpl3b
16353,osbpl5,osbpl5
16354,osbpl6,osbpl6
16355,osbpl7,osbpl7
16356,OSBPL8,OSBPL8
16357,osbpl9,osbpl9
16358,OSCP1,OSCP1
16359,oscp1a,oscp1a
16360,oser1,oser1
16361,osgep,osgep
16362,osgepl1,osgepl1
16363,osgin2,osgin2
16364,osgn1,osgn1
16365,osr1,osr1
16366,osr2,osr2
16367,ost4,ost4
16368,ostc,ostc
16369,ostf1,ostf1
16370,ostm1,ostm1
16371,ostn,ostn
16372,otc,otc
16373,otofa,otofa
16374,otofb,otofb
16375,otog,otog
16376,otogl,otogl
16377,otol1a,otol1a
16378,otol1b,otol1b
16379,otomp,otomp
16380,OTOP1,OTOP1
16381,otop2,otop2
16382,otos,otos
16383,otpa,otpa
16384,otpb,otpb
16385,otub1a,otub1a
16386,otub1b,otub1b
16387,otud1,otud1
16388,otud3,otud3
16389,otud4,otud4
16390,otud5a,otud5a
16391,otud5b,otud5b
16392,otud6b,otud6b
16393,OTUD7A,OTUD7A
16394,otud7b,otud7b
16395,otulina,otulina
16396,otulinb,otulinb
16397,otx1,otx1
16398,otx2a,otx2a
16399,otx2b,otx2b
16400,otx5,otx5
16401,ovca2,ovca2
16402,ovgp1,ovgp1
16403,ovol1a,ovol1a
16404,ovol1b,ovol1b
16405,oxa1l,oxa1l
16406,oxct1a,oxct1a
16407,oxct1b,oxct1b
16408,oxgr1b,oxgr1b
16409,oxld1,oxld1
16410,oxnad1,oxnad1
16411,oxr1a,oxr1a
16412,oxr1b,oxr1b
16413,oxsm,oxsm
16414,oxsr1a,oxsr1a
16415,oxsr1b,oxsr1b
16416,oxt,oxt
16417,oxtr,oxtr
16418,oxtrl,oxtrl
16419,p2rx1,p2rx1
16420,p2rx2,p2rx2
16421,p2rx3a,p2rx3a
16422,p2rx3b,p2rx3b
16423,p2rx4a,p2rx4a
16424,p2rx4b,p2rx4b
16425,p2rx5,p2rx5
16426,p2rx7,p2rx7
16427,p2rx8,p2rx8
16428,p2ry1,p2ry1
16429,p2ry10,p2ry10
16430,p2ry11,p2ry11
16431,p2ry12,p2ry12
16432,p2ry13,p2ry13
16433,p2ry2.1,p2ry2.1
16435,p2ry6,p2ry6
16436,p2ry8,p2ry8
16437,p3h1,p3h1
16438,p3h2,p3h2
16439,p3h3,p3h3
16440,p3h4,p3h4
16441,p4ha1a,p4ha1a
16442,p4ha1b,p4ha1b
16443,p4ha2,p4ha2
16444,p4ha3,p4ha3
16445,p4hb,p4hb
16446,p4htm,p4htm
16447,pa2g4a,pa2g4a
16448,pa2g4b,pa2g4b
16449,pabpc1a,pabpc1a
16450,pabpc1b,pabpc1b
16451,pabpc1l,pabpc1l
16452,pabpc4,pabpc4
16453,pabpn1,pabpn1
16454,pabpn1l,pabpn1l
16455,pacrg,pacrg
16456,pacs1a,pacs1a
16457,pacs2,pacs2
16458,pacsin1a,pacsin1a
16459,pacsin1b,pacsin1b
16460,pacsin2,pacsin2
16461,pacsin3,pacsin3
16462,padi2,padi2
16463,paf1,paf1
16464,pafah1b1a,pafah1b1a
16465,pafah1b1b,pafah1b1b
16466,pafah1b2,pafah1b2
16467,pafah1b3,pafah1b3
16468,pag1,pag1
16469,pagr1,pagr1
16470,pah,pah
16471,paics,paics
16472,paip1,paip1
16473,paip2b,paip2b
16474,pak1,pak1
16475,pak1ip1,pak1ip1
16476,pak2a,pak2a
16477,pak2b,pak2b
16478,pak4,pak4
16479,pak6a,pak6a
16480,pak6b,pak6b
16481,pak7,pak7
16482,palb2,palb2
16483,pald1a,pald1a
16484,pald1b,pald1b
16485,palld,palld
16486,palm1a,palm1a
16487,palm1b,palm1b
16488,palm2,palm2
16489,palm3,palm3
16490,palmda,palmda
16491,palmdb,palmdb
16492,pam,pam
16493,pam16,pam16
16494,pamr1,pamr1
16496,pan2,pan2
16497,pan3,pan3
16498,pane1,pane1
16499,pank1a,pank1a
16500,pank1b,pank1b
16501,pank2,pank2
16502,pank4,pank4
16503,panx1a,panx1a
16504,panx1b,panx1b
16505,panx2,panx2
16506,panx3,panx3
16507,PAOX,PAOX
16508,paox1,paox1
16509,paplna,paplna
16510,paplnb,paplnb
16511,papola,papola
16512,papolg,papolg
16513,pappa2,pappa2
16514,pappaa,pappaa
16515,pappab,pappab
16516,papss1,papss1
16517,papss2a,papss2a
16518,papss2b,papss2b
16519,paqr3a,paqr3a
16520,paqr3b,paqr3b
16521,paqr4a,paqr4a
16522,paqr4b,paqr4b
16523,paqr5a,paqr5a
16524,paqr5b,paqr5b
16525,paqr6,paqr6
16526,paqr7a,paqr7a
16527,paqr7b,paqr7b
16528,paqr8,paqr8
16529,PAQR9,PAQR9
16530,parapinopsina,parapinopsina
16531,parapinopsinb,parapinopsinb
16532,PARD3,PARD3
16533,pard3ab,pard3ab
16534,pard3bb,pard3bb
16535,pard6a,pard6a
16536,pard6b,pard6b
16537,pard6ga,pard6ga
16538,pard6gb,pard6gb
16539,parga,parga
16540,pargl,pargl
16541,parietopsin,parietopsin
16542,park7,park7
16543,parm1,parm1
16544,parn,parn
16545,parp1,parp1
16546,parp11,parp11
16547,parp12a,parp12a
16548,parp12b,parp12b
16549,parp16,parp16
16550,parp2,parp2
16551,parp3,parp3
16552,parp4,parp4
16553,parp6a,parp6a
16554,parp6b,parp6b
16555,parp8,parp8
16556,parp9,parp9
16557,parpbp,parpbp
16558,pars2,pars2
16559,parvaa,parvaa
16560,parvab,parvab
16561,parvb,parvb
16562,parvg,parvg
16563,pask,pask
16564,patj,patj
16565,patl1,patl1
16566,patl2,patl2
16567,patz1,patz1
16568,pawr,pawr
16569,pax1a,pax1a
16570,pax1b,pax1b
16571,pax2a,pax2a
16572,pax2b,pax2b
16573,pax3a,pax3a
16574,pax3b,pax3b
16575,pax4,pax4
16576,pax5,pax5
16577,pax6a,pax6a
16578,pax6b,pax6b
16579,pax7a,pax7a
16580,pax8,pax8
16581,pax9,pax9
16582,PAXBP1,PAXBP1
16583,paxip1,paxip1
16584,paxx,paxx
16585,pbdc1,pbdc1
16586,pbk,pbk
16587,pbld,pbld
16588,pbld2,pbld2
16589,pbrm1,pbrm1
16590,pbrm1l,pbrm1l
16591,pbx1a,pbx1a
16592,pbx1b,pbx1b
16593,pbx2,pbx2
16594,pbx3a,pbx3a
16595,pbx3b,pbx3b
16596,pbx4,pbx4
16597,pbxip1a,pbxip1a
16598,pbxip1b,pbxip1b
16599,pcbd1,pcbd1
16600,pcbp2,pcbp2
16601,pcbp3,pcbp3
16602,pcca,pcca
16603,pccb,pccb
16604,pcdh10a,pcdh10a
16605,pcdh10b,pcdh10b
16606,pcdh11,pcdh11
16607,pcdh12,pcdh12
16608,pcdh15a,pcdh15a
16609,pcdh15b,pcdh15b
16610,pcdh17,pcdh17
16611,pcdh18a,pcdh18a
16612,pcdh18b,pcdh18b
16613,pcdh19,pcdh19
16614,pcdh1a,pcdh1a
16615,pcdh1a3,pcdh1a3
16616,pcdh1a4,pcdh1a4
16617,pcdh1b,pcdh1b
16618,pcdh1g1,pcdh1g1
16619,pcdh1g13,pcdh1g13
16620,pcdh1g14,pcdh1g14
16621,pcdh1g18,pcdh1g18
16622,pcdh1g2,pcdh1g2
16623,pcdh1g22,pcdh1g22
16624,pcdh1g26,pcdh1g26
16625,pcdh1g29,pcdh1g29
16626,pcdh1g3,pcdh1g3
16627,pcdh1g30,pcdh1g30
16628,pcdh1g31,pcdh1g31
16629,pcdh1g32,pcdh1g32
16630,pcdh1gb9,pcdh1gb9
16631,pcdh1gc5,pcdh1gc5
16632,pcdh1gc6,pcdh1gc6
16633,pcdh2ab10,pcdh2ab10
16634,pcdh2ab11,pcdh2ab11
16635,pcdh2ab12,pcdh2ab12
16636,pcdh2ab2,pcdh2ab2
16637,pcdh2ab7,pcdh2ab7
16638,pcdh2ab9,pcdh2ab9
16639,pcdh2g17,pcdh2g17
16640,pcdh2g8,pcdh2g8
16641,pcdh7a,pcdh7a
16642,pcdh7b,pcdh7b
16643,pcdh9,pcdh9
16644,pcf11,pcf11
16645,pcgf1,pcgf1
16646,pcgf3,pcgf3
16647,pcgf5a,pcgf5a
16648,pcgf5b,pcgf5b
16649,pcgf6,pcgf6
16650,pcid2,pcid2
16651,pcif1,pcif1
16652,pck1,pck1
16653,pck2,pck2
16654,pclaf,pclaf
16655,pcloa,pcloa
16656,pclob,pclob
16657,pcm1,pcm1
16658,pcmt,pcmt
16659,pcmtd1,pcmtd1
16660,pcmtd2,pcmtd2
16662,pcmtl,pcmtl
16663,pcna,pcna
16664,pcnp,pcnp
16665,pcnt,pcnt
16666,pcnx1,pcnx1
16667,pcnx2,pcnx2
16668,pcnx3,pcnx3
16669,pcnx4,pcnx4
16670,pcolce2a,pcolce2a
16671,pcolce2b,pcolce2b
16672,pcolcea,pcolcea
16673,pcolceb,pcolceb
16674,PCP4,PCP4
16675,pcp4a,pcp4a
16676,pcp4l1,pcp4l1
16677,pcsk1,pcsk1
16678,pcsk1nl,pcsk1nl
16679,pcsk2,pcsk2
16680,pcsk5a,pcsk5a
16681,pcsk5b,pcsk5b
16682,pcsk6,pcsk6
16683,pcsk7,pcsk7
16684,pcsk9,pcsk9
16685,pctp,pctp
16686,pcxa,pcxa
16687,pcxb,pcxb
16688,pcyox1,pcyox1
16689,pcyox1l,pcyox1l
16690,pcyt1aa,pcyt1aa
16691,pcyt1ab,pcyt1ab
16692,pcyt1ba,pcyt1ba
16693,pcyt1bb,pcyt1bb
16694,pcyt2,pcyt2
16695,pdap1a,pdap1a
16696,pdap1b,pdap1b
16697,pdcb,pdcb
16698,pdcd10a,pdcd10a
16699,pdcd10b,pdcd10b
16700,pdcd11,pdcd11
16701,pdcd2,pdcd2
16702,pdcd2l,pdcd2l
16703,pdcd4a,pdcd4a
16704,pdcd4b,pdcd4b
16705,pdcd5,pdcd5
16706,pdcd6,pdcd6
16707,pdcd6ip,pdcd6ip
16708,pdcd7,pdcd7
16709,pdcl,pdcl
16710,PDCL3,PDCL3
16711,pde10a,pde10a
16712,pde11a,pde11a
16713,pde11al,pde11al
16714,pde12,pde12
16715,pde1a,pde1a
16716,pde3a,pde3a
16717,PDE3B,PDE3B
16718,pde4a,pde4a
16719,pde4ba,pde4ba
16720,pde4bb,pde4bb
16721,pde4ca,pde4ca
16722,pde4cb,pde4cb
16723,pde4d,pde4d
16724,pde5aa,pde5aa
16725,pde5ab,pde5ab
16726,pde6a,pde6a
16727,pde6b,pde6b
16728,pde6c,pde6c
16729,pde6d,pde6d
16730,pde6ga,pde6ga
16731,pde6gb,pde6gb
16732,pde6h,pde6h
16733,pde6ha,pde6ha
16734,pde7a,pde7a
16735,pde8b,pde8b
16736,pde9a,pde9a
16737,pde9al,pde9al
16738,pdf,pdf
16739,pdgfaa,pdgfaa
16740,pdgfab,pdgfab
16741,pdgfba,pdgfba
16742,pdgfbb,pdgfbb
16743,pdgfc,pdgfc
16744,pdgfd,pdgfd
16745,pdgfra,pdgfra
16746,pdgfrb,pdgfrb
16747,pdgfrl,pdgfrl
16748,pdha1a,pdha1a
16749,pdha1b,pdha1b
16750,pdhb,pdhb
16751,pdhx,pdhx
16752,pdia2,pdia2
16753,pdia3,pdia3
16754,pdia4,pdia4
16755,pdia5,pdia5
16756,pdia6,pdia6
16757,pdik1l,pdik1l
16758,pdk1,pdk1
16759,pdk2a,pdk2a
16760,pdk2b,pdk2b
16761,pdk3a,pdk3a
16762,pdk3b,pdk3b
16763,pdk4,pdk4
16764,pdlim1,pdlim1
16765,pdlim2,pdlim2
16766,pdlim3a,pdlim3a
16767,pdlim3b,pdlim3b
16768,pdlim4,pdlim4
16769,pdlim5a,pdlim5a
16770,pdlim5b,pdlim5b
16771,pdlim7,pdlim7
16772,pdp1,pdp1
16773,pdp2,pdp2
16774,pdpk1a,pdpk1a
16775,pdpk1b,pdpk1b
16776,PDPR,PDPR
16777,pdrg1,pdrg1
16778,pds5a,pds5a
16779,pds5b,pds5b
16780,pdss1,pdss1
16781,pdss2,pdss2
16782,pdx1,pdx1
16783,pdxdc1,pdxdc1
16784,pdxka,pdxka
16785,pdxkb,pdxkb
16786,pdxp,pdxp
16787,pdyn,pdyn
16788,pdzd11,pdzd11
16789,pdzd2,pdzd2
16790,pdzd3a,pdzd3a
16791,pdzd3b,pdzd3b
16792,PDZD4,PDZD4
16793,pdzd7a,pdzd7a
16794,pdzd8,pdzd8
16795,pdzk1,pdzk1
16796,pdzk1ip1,pdzk1ip1
16797,pdzph1,pdzph1
16798,pdzrn3a,pdzrn3a
16799,pdzrn3b,pdzrn3b
16800,pdzrn4,pdzrn4
16801,pea15,pea15
16802,peak1,peak1
16803,peak3,peak3
16804,pear1,pear1
16805,pebp1,pebp1
16806,PEBP4,PEBP4
16807,pecam1,pecam1
16808,pecr,pecr
16809,pef1,pef1
16810,peli1a,peli1a
16811,peli1b,peli1b
16812,peli2,peli2
16813,peli3,peli3
16814,pelo,pelo
16815,pelp1,pelp1
16816,pemt,pemt
16817,penka,penka
16818,penkb,penkb
16819,pepd,pepd
16820,per1a,per1a
16821,per1b,per1b
16822,per2,per2
16823,per3,per3
16824,perp,perp
16825,pes,pes
16826,pet100,pet100
16827,pet117,pet117
16828,pex1,pex1
16829,pex10,pex10
16830,pex11a,pex11a
16831,pex11b,pex11b
16832,pex11g,pex11g
16833,pex12,pex12
16834,pex13,pex13
16835,pex14,pex14
16836,pex16,pex16
16837,pex19,pex19
16838,pex2,pex2
16839,pex26,pex26
16840,pex3,pex3
16841,pex5,pex5
16842,pex5la,pex5la
16843,pex5lb,pex5lb
16844,pex7,pex7
16845,pfas,pfas
16846,pfdn1,pfdn1
16847,pfdn2,pfdn2
16848,pfdn4,pfdn4
16849,pfdn5,pfdn5
16850,pfdn6,pfdn6
16851,pfkfb1,pfkfb1
16852,pfkfb2a,pfkfb2a
16853,pfkfb2b,pfkfb2b
16854,pfkfb3,pfkfb3
16855,pfkfb4a,pfkfb4a
16856,pfkfb4b,pfkfb4b
16857,pfkla,pfkla
16858,pfklb,pfklb
16859,pfkma,pfkma
16860,pfkmb,pfkmb
16861,pfkpa,pfkpa
16862,pfkpb,pfkpb
16863,pfn1,pfn1
16864,pfn2,pfn2
16865,pfn2l,pfn2l
16866,pgam1a,pgam1a
16867,pgam1b,pgam1b
16868,pgam5,pgam5
16869,pgap1,pgap1
16870,pgap2,pgap2
16871,pgap3,pgap3
16872,pgbd4,pgbd4
16873,pgbd5,pgbd5
16874,pgd,pgd
16875,pgfb,pgfb
16876,pgghg,pgghg
16877,pggt1b,pggt1b
16878,pgk1,pgk1
16879,pgls,pgls
16880,pglyrp2,pglyrp2
16881,pglyrp5,pglyrp5
16882,pglyrp6,pglyrp6
16883,pgm1,pgm1
16884,pgm2,pgm2
16885,pgm2l1,pgm2l1
16886,pgm3,pgm3
16887,pgm5,pgm5
16888,pgp,pgp
16889,pgpep1,pgpep1
16890,pgpep1l,pgpep1l
16891,pgr,pgr
16892,pgrmc1,pgrmc1
16893,pgrmc2,pgrmc2
16894,pgs1,pgs1
16895,phactr1,phactr1
16896,phactr2,phactr2
16897,phactr3a,phactr3a
16898,phactr3b,phactr3b
16899,phactr4a,phactr4a
16900,phactr4b,phactr4b
16901,phax,phax
16902,phb,phb
16903,phb2a,phb2a
16904,phb2b,phb2b
16905,phc1,phc1
16906,phc2a,phc2a
16907,phc2b,phc2b
16908,phc3,phc3
16909,phex,phex
16910,phf1,phf1
16911,phf10,phf10
16912,phf11,phf11
16913,phf12a,phf12a
16914,phf12b,phf12b
16915,phf13,phf13
16916,phf14,phf14
16917,phf19,phf19
16918,phf2,phf2
16919,phf20a,phf20a
16920,phf20b,phf20b
16921,phf20l1,phf20l1
16922,phf21aa,phf21aa
16923,phf21ab,phf21ab
16924,PHF21B,PHF21B
16925,phf23a,phf23a
16926,phf23b,phf23b
16927,phf24,phf24
16928,phf3,phf3
16929,phf5a,phf5a
16930,phf6,phf6
16931,phf8,phf8
16932,phgdh,phgdh
16933,phip,phip
16934,phka1b,phka1b
16935,phka2,phka2
16936,phkb,phkb
16937,phkg1a,phkg1a
16938,phkg1b,phkg1b
16939,phkg2,phkg2
16940,phlda1,phlda1
16941,phlda2,phlda2
16942,phlda3,phlda3
16943,phldb1a,phldb1a
16944,phldb1b,phldb1b
16945,phldb2a,phldb2a
16946,phldb2b,phldb2b
16947,phlpp1,phlpp1
16948,phlpp2,phlpp2
16949,pho,pho
16950,phospho1,phospho1
16951,phospho2,phospho2
16952,phox2a,phox2a
16953,phox2ba,phox2ba
16954,phox2bb,phox2bb
16955,phpt1,phpt1
16956,phrf1,phrf1
16957,phtf2,phtf2
16958,phyh,phyh
16959,phyhd1,phyhd1
16960,phyhip,phyhip
16961,phyhipla,phyhipla
16962,phyhiplb,phyhiplb
16963,phykpl,phykpl
16964,pi15a,pi15a
16965,pi15b,pi15b
16966,pi4k2a,pi4k2a
16967,pi4k2b,pi4k2b
16968,pi4kaa,pi4kaa
16969,pi4kab,pi4kab
16970,pi4kb,pi4kb
16971,pias1a,pias1a
16972,pias1b,pias1b
16973,pias2,pias2
16974,pias4a,pias4a
16975,pias4b,pias4b
16976,pibf1,pibf1
16977,picalma,picalma
16978,picalmb,picalmb
16979,pick1,pick1
16980,pid1,pid1
16981,pidd1,pidd1
16982,piezo1,piezo1
16983,piezo2a.2,piezo2a.2
16984,pif1,pif1
16985,piga,piga
16986,pigb,pigb
16987,pigbos1,pigbos1
16988,pigc,pigc
16989,pigf,pigf
16990,PIGG,PIGG
16991,pigh,pigh
16992,pigk,pigk
16993,pigl,pigl
16994,pigm,pigm
16995,pign,pign
16996,pigo,pigo
16997,pigp,pigp
16998,pigq,pigq
16999,pigr,pigr
17000,pigrl2.3,pigrl2.3
17001,pigrl3.5,pigrl3.5
17002,pigrl4.2,pigrl4.2
17003,pigs,pigs
17004,pigt,pigt
17005,pigu,pigu
17006,pigv,pigv
17007,pigw,pigw
17008,pigx,pigx
17009,pih1d1,pih1d1
17010,pih1d3,pih1d3
17011,pik3ap1,pik3ap1
17012,pik3c2a,pik3c2a
17013,pik3c2b,pik3c2b
17014,pik3c2g,pik3c2g
17015,pik3c3,pik3c3
17016,pik3ca,pik3ca
17017,pik3cb,pik3cb
17018,pik3cd,pik3cd
17019,pik3cg,pik3cg
17020,pik3ip1,pik3ip1
17021,pik3r1,pik3r1
17022,pik3r2,pik3r2
17023,pik3r3a,pik3r3a
17024,pik3r3b,pik3r3b
17025,pik3r4,pik3r4
17026,pik3r5,pik3r5
17027,pik3r6a,pik3r6a
17028,pik3r6b,pik3r6b
17029,pikfyve,pikfyve
17030,pim1,pim1
17031,pim2,pim2
17032,pim3,pim3
17033,pimr109,pimr109
17034,pimr110,pimr110
17035,pimr111,pimr111
17036,pimr125,pimr125
17037,pimr128,pimr128
17038,pimr129,pimr129
17039,pimr130,pimr130
17040,pimr131,pimr131
17041,pimr135,pimr135
17042,pimr137,pimr137
17043,pimr138,pimr138
17044,pimr140,pimr140
17045,pimr141,pimr141
17046,pimr143,pimr143
17047,pimr173,pimr173
17048,pimr175,pimr175
17049,pimr176,pimr176
17050,pimr178,pimr178
17051,pimr179,pimr179
17052,pimr180,pimr180
17053,pimr182,pimr182
17054,pimr183,pimr183
17055,pimr184,pimr184
17056,pimr185,pimr185
17057,pimr186,pimr186
17058,pimr188,pimr188
17059,pimr189,pimr189
17060,pimr190,pimr190
17061,pimr191,pimr191
17062,pimr196,pimr196
17063,pimr199,pimr199
17064,pimr201,pimr201
17066,pimr207,pimr207
17067,pimr209,pimr209
17068,pimr212,pimr212
17069,pimr46,pimr46
17070,pimr55,pimr55
17071,pimr65,pimr65
17072,pimr67,pimr67
17073,pimr68,pimr68
17074,pimr70,pimr70
17075,pimr80,pimr80
17077,pimr82,pimr82
17078,pimr83,pimr83
17079,pimr88,pimr88
17080,pimr89,pimr89
17081,pimr90,pimr90
17082,pimr92,pimr92
17083,pimr93,pimr93
17084,pimr94,pimr94
17085,pin1,pin1
17086,pin4,pin4
17087,pink1,pink1
17088,pinx1,pinx1
17089,pip4k2aa,pip4k2aa
17090,pip4k2ab,pip4k2ab
17091,pip4k2ca,pip4k2ca
17092,pip4k2cb,pip4k2cb
17093,pip4p1a,pip4p1a
17094,pip4p1b,pip4p1b
17095,pip4p2,pip4p2
17096,pip5k1aa,pip5k1aa
17097,pip5k1ab,pip5k1ab
17098,pip5k1ba,pip5k1ba
17099,pip5k1bb,pip5k1bb
17100,pip5k1ca,pip5k1ca
17101,pip5k1cb,pip5k1cb
17102,pip5kl1,pip5kl1
17103,pipox,pipox
17104,pir,pir
17105,pisd,pisd
17106,pithd1,pithd1
17107,pitpnaa,pitpnaa
17108,pitpnb,pitpnb
17109,pitpnbl,pitpnbl
17110,PITPNC1,PITPNC1
17111,pitpnc1b,pitpnc1b
17112,PITPNM2,PITPNM2
17113,pitpnm3,pitpnm3
17114,pitrm1,pitrm1
17115,pitx1,pitx1
17116,pitx2,pitx2
17117,pitx3,pitx3
17118,piwil1,piwil1
17119,piwil2,piwil2
17120,pja2,pja2
17121,pjvk,pjvk
17122,pkd1a,pkd1a
17123,pkd1b,pkd1b
17124,pkd1l1,pkd1l1
17125,pkd1l2b,pkd1l2b
17126,pkd1l3,pkd1l3
17127,pkd2,pkd2
17128,pkd2l1,pkd2l1
17129,pkdc,pkdc
17130,pkdcca,pkdcca
17131,pkdccb,pkdccb
17132,pkhd1l1,pkhd1l1
17133,pkib,pkib
17134,pkig,pkig
17135,pklr,pklr
17136,pkma,pkma
17137,pkmb,pkmb
17138,pkmyt1,pkmyt1
17139,pkn1a,pkn1a
17140,pkn1b,pkn1b
17141,pkn3,pkn3
17142,pknox1.1,pknox1.1
17143,pknox1.2,pknox1.2
17144,pknox2,pknox2
17145,pkp1b,pkp1b
17146,pkp2,pkp2
17147,pkp3a,pkp3a
17148,pkp3b,pkp3b
17149,pkp4,pkp4
17150,pkz,pkz
17151,pla2g12a,pla2g12a
17152,pla2g12b,pla2g12b
17153,pla2g15,pla2g15
17154,pla2g1b,pla2g1b
17155,pla2g3,pla2g3
17156,pla2g4aa,pla2g4aa
17157,pla2g4ab,pla2g4ab
17158,pla2g4f.1,pla2g4f.1
17159,pla2g4f.2,pla2g4f.2
17160,pla2g6,pla2g6
17161,pla2g7,pla2g7
17162,pla2r1,pla2r1
17163,plaa,plaa
17164,plac8.1,plac8.1
17165,plac8.2,plac8.2
17166,plac8l1,plac8l1
17167,plag1,plag1
17168,plagl2,plagl2
17169,plagx,plagx
17170,plat,plat
17171,plaua,plaua
17172,plaub,plaub
17173,plbd1,plbd1
17174,PLBD2,PLBD2
17175,plcb3,plcb3
17176,plcd1a,plcd1a
17177,plcd1b,plcd1b
17178,plcd3a,plcd3a
17179,plcd3b,plcd3b
17180,plcd4a,plcd4a
17181,plcd4b,plcd4b
17182,plce1,plce1
17183,plcg1,plcg1
17184,plcg2,plcg2
17185,plch1,plch1
17186,plch2a,plch2a
17187,plch2b,plch2b
17188,plcl1,plcl1
17189,plcxd1,plcxd1
17190,plcxd2,plcxd2
17191,plcxd3,plcxd3
17192,pld1a,pld1a
17193,pld1b,pld1b
17194,pld2,pld2
17195,pld3,pld3
17196,pld6,pld6
17197,pleca,pleca
17198,plecb,plecb
17199,plek,plek
17200,plek2,plek2
17201,plekha1a,plekha1a
17202,plekha1b,plekha1b
17203,plekha3,plekha3
17204,plekha5,plekha5
17205,plekha6,plekha6
17206,plekha7a,plekha7a
17207,plekha7b,plekha7b
17208,plekha8,plekha8
17209,PLEKHB1,PLEKHB1
17210,plekhb2,plekhb2
17211,plekhd1,plekhd1
17212,plekhf1,plekhf1
17213,plekhf2,plekhf2
17214,plekhg2,plekhg2
17215,plekhg4,plekhg4
17216,plekhg5a,plekhg5a
17217,plekhg5b,plekhg5b
17218,plekhg6,plekhg6
17219,plekhg7,plekhg7
17220,plekhh1,plekhh1
17221,plekhh2,plekhh2
17222,PLEKHH3,PLEKHH3
17223,plekhm1,plekhm1
17224,plekhm2,plekhm2
17225,plekhm3,plekhm3
17226,plekhn1,plekhn1
17227,plekho1a,plekho1a
17228,plekho1b,plekho1b
17229,plekho2,plekho2
17230,plekhs1,plekhs1
17231,plg,plg
17232,plgrkt,plgrkt
17233,plin1,plin1
17234,plin2,plin2
17235,plin6,plin6
17236,plk1,plk1
17237,plk2a,plk2a
17238,plk2b,plk2b
17239,plk3,plk3
17240,plk4,plk4
17241,pllp,pllp
17242,pln,pln
17243,plod1a,plod1a
17244,plod2,plod2
17245,plod3,plod3
17246,plp1a,plp1a
17247,plp1b,plp1b
17248,plp2,plp2
17249,plpbp,plpbp
17250,plpp1a,plpp1a
17251,plpp2a,plpp2a
17252,plpp2b,plpp2b
17253,plpp3,plpp3
17254,plpp4,plpp4
17255,plpp5,plpp5
17256,plpp6,plpp6
17257,plpp7,plpp7
17259,plppr1,plppr1
17260,plppr2a,plppr2a
17261,plppr2b,plppr2b
17262,plppr3a,plppr3a
17263,plppr3b,plppr3b
17264,plppr4a,plppr4a
17265,plppr5a,plppr5a
17266,plppr5b,plppr5b
17267,plrg1,plrg1
17268,pls1,pls1
17269,pls3,pls3
17270,plscr3a,plscr3a
17271,plscr3b,plscr3b
17272,pltp,pltp
17273,plvapa,plvapa
17274,plvapb,plvapb
17275,plxdc1,plxdc1
17276,plxdc2,plxdc2
17277,plxna1a,plxna1a
17278,plxna2,plxna2
17279,plxna3,plxna3
17280,plxna4,plxna4
17281,plxnb1a,plxnb1a
17282,plxnb1b,plxnb1b
17283,plxnb2a,plxnb2a
17284,plxnb2b,plxnb2b
17285,plxnb3,plxnb3
17286,plxnc1,plxnc1
17287,plxnd1,plxnd1
17288,pm20d1.1,pm20d1.1
17289,pm20d1.2,pm20d1.2
17290,pmaip1,pmaip1
17291,pmch,pmch
17292,pmchl,pmchl
17293,pmela,pmela
17294,pmelb,pmelb
17295,pmepa1,pmepa1
17296,pmfbp1,pmfbp1
17297,pmm2,pmm2
17298,pmp22a,pmp22a
17299,pmp22b,pmp22b
17300,pmpca,pmpca
17301,pmpcb,pmpcb
17302,pms1,pms1
17303,pms2,pms2
17304,pmt,pmt
17305,pmvk,pmvk
17306,pnisr,pnisr
17307,pnkd,pnkd
17308,pnkp,pnkp
17309,pnn,pnn
17310,pno1,pno1
17311,pnoca,pnoca
17312,pnocb,pnocb
17313,pnp4a,pnp4a
17314,pnp5a,pnp5a
17315,pnp5b,pnp5b
17316,pnp6,pnp6
17317,pnpla2,pnpla2
17318,pnpla3,pnpla3
17319,pnpla4,pnpla4
17320,pnpla6,pnpla6
17321,pnpla7a,pnpla7a
17322,pnpla7b,pnpla7b
17323,pnpla8,pnpla8
17324,pnpo,pnpo
17325,pnrc1,pnrc1
17326,pnrc2,pnrc2
17327,pnx,pnx
17328,poc1a,poc1a
17329,poc1b,poc1b
17330,poc1bl,poc1bl
17331,poc5,poc5
17332,podn,podn
17333,podxl,podxl
17334,pof1b,pof1b
17335,pofut1,pofut1
17336,pofut2,pofut2
17337,poglut1,poglut1
17338,pogza,pogza
17339,pogzb,pogzb
17340,pola1,pola1
17341,pola2,pola2
17342,polb,polb
17343,pold1,pold1
17344,pold2,pold2
17345,pold3,pold3
17346,poldip2,poldip2
17347,poldip3,poldip3
17348,pole,pole
17349,pole2,pole2
17350,pole3,pole3
17351,pole4,pole4
17352,polg,polg
17353,polg2,polg2
17354,polh,polh
17355,poli,poli
17356,polk,polk
17357,poll,poll
17358,polm,polm
17359,poln,poln
17360,polq,polq
17361,polr1a,polr1a
17362,polr1b,polr1b
17363,polr1c,polr1c
17364,polr1d,polr1d
17365,polr1e,polr1e
17366,polr2a,polr2a
17367,polr2b,polr2b
17368,polr2c,polr2c
17369,polr2d,polr2d
17370,POLR2E,POLR2E
17371,polr2eb,polr2eb
17372,polr2f,polr2f
17373,polr2gl,polr2gl
17374,polr2h,polr2h
17375,polr2i,polr2i
17376,polr2j,polr2j
17377,polr2k,polr2k
17378,polr2l,polr2l
17379,polr2m,polr2m
17380,polr3a,polr3a
17381,polr3b,polr3b
17382,polr3c,polr3c
17383,polr3d,polr3d
17384,polr3e,polr3e
17385,polr3f,polr3f
17386,polr3g,polr3g
17387,polr3gla,polr3gla
17388,polr3h,polr3h
17389,polr3k,polr3k
17390,polrmt,polrmt
17391,pom121,pom121
17392,pomca,pomca
17393,pomcb,pomcb
17394,pomgnt1,pomgnt1
17395,pomgnt2,pomgnt2
17396,pomk,pomk
17397,pomp,pomp
17398,pomt1,pomt1
17399,pomt2,pomt2
17400,pon1,pon1
17401,pon2,pon2
17402,pon3.2,pon3.2
17403,ponzr1,ponzr1
17404,ponzr2,ponzr2
17405,ponzr3,ponzr3
17406,ponzr4,ponzr4
17407,ponzr5,ponzr5
17408,ponzr6,ponzr6
17409,pop1,pop1
17410,pop4,pop4
17411,pop5,pop5
17412,pop7,pop7
17413,popdc3,popdc3
17414,pora,pora
17415,porb,porb
17416,porcn,porcn
17417,porcnl,porcnl
17418,postna,postna
17419,postnb,postnb
17420,pot1,pot1
17421,pou1f1,pou1f1
17422,pou2f1b,pou2f1b
17423,pou2f3,pou2f3
17424,pou3f1,pou3f1
17425,pou3f2a,pou3f2a
17426,pou3f2b,pou3f2b
17427,pou3f3a,pou3f3a
17428,pou3f3b,pou3f3b
17429,pou4f2,pou4f2
17430,pou4f3,pou4f3
17431,pou5f3,pou5f3
17432,pou6f1,pou6f1
17433,pou6f2,pou6f2
17434,ppa1a,ppa1a
17435,ppa1b,ppa1b
17436,ppa2,ppa2
17437,ppan,ppan
17438,ppap2d,ppap2d
17439,pparaa,pparaa
17440,pparab,pparab
17441,pparda,pparda
17442,ppardb,ppardb
17443,pparg,pparg
17444,ppargc1a,ppargc1a
17445,ppargc1b,ppargc1b
17446,ppat,ppat
17447,ppcdc,ppcdc
17448,ppcs,ppcs
17449,ppdpfa,ppdpfa
17450,ppdpfb,ppdpfb
17451,ppef1,ppef1
17452,ppef2b,ppef2b
17453,ppfia1,ppfia1
17454,ppfia2,ppfia2
17455,ppfia4,ppfia4
17456,ppfibp1b,ppfibp1b
17457,ppfibp2a,ppfibp2a
17458,ppfibp2b,ppfibp2b
17459,pphln1,pphln1
17460,ppiaa,ppiaa
17461,ppiab,ppiab
17462,ppib,ppib
17463,ppic,ppic
17464,ppid,ppid
17465,ppie,ppie
17466,ppifa,ppifa
17467,ppifb,ppifb
17468,ppig,ppig
17469,ppih,ppih
17470,ppil1,ppil1
17471,ppil2,ppil2
17472,ppil3,ppil3
17473,ppil4,ppil4
17474,ppil6,ppil6
17475,ppip5k1b,ppip5k1b
17476,ppip5k2,ppip5k2
17477,ppl,ppl
17478,ppm1aa,ppm1aa
17479,ppm1ab,ppm1ab
17480,ppm1ba,ppm1ba
17481,ppm1bb,ppm1bb
17482,ppm1da,ppm1da
17483,ppm1db,ppm1db
17484,ppm1e,ppm1e
17485,ppm1f,ppm1f
17486,ppm1g,ppm1g
17487,ppm1h,ppm1h
17488,ppm1j,ppm1j
17489,ppm1k,ppm1k
17490,ppm1la,ppm1la
17491,ppm1lb,ppm1lb
17492,ppm1na,ppm1na
17493,ppm1nb,ppm1nb
17494,ppme1,ppme1
17495,ppox,ppox
17496,ppp1caa,ppp1caa
17497,ppp1cab,ppp1cab
17498,ppp1cb,ppp1cb
17499,ppp1cbl,ppp1cbl
17500,ppp1r10,ppp1r10
17501,ppp1r11,ppp1r11
17502,ppp1r12a,ppp1r12a
17503,ppp1r12c,ppp1r12c
17504,ppp1r13ba,ppp1r13ba
17505,ppp1r13bb,ppp1r13bb
17506,ppp1r13l,ppp1r13l
17507,ppp1r14aa,ppp1r14aa
17508,ppp1r14ab,ppp1r14ab
17509,ppp1r14ba,ppp1r14ba
17510,ppp1r14bb,ppp1r14bb
17511,ppp1r14c,ppp1r14c
17512,ppp1r15a,ppp1r15a
17513,ppp1r16a,ppp1r16a
17514,ppp1r16b,ppp1r16b
17515,ppp1r18,ppp1r18
17516,ppp1r1b,ppp1r1b
17517,ppp1r1c,ppp1r1c
17518,ppp1r2,ppp1r2
17519,ppp1r21,ppp1r21
17520,ppp1r26,ppp1r26
17521,ppp1r27b,ppp1r27b
17522,ppp1r35,ppp1r35
17523,ppp1r36,ppp1r36
17524,ppp1r37,ppp1r37
17525,ppp1r3aa,ppp1r3aa
17526,ppp1r3ab,ppp1r3ab
17527,ppp1r3b,ppp1r3b
17528,ppp1r3ca,ppp1r3ca
17529,ppp1r3cb,ppp1r3cb
17530,ppp1r3da,ppp1r3da
17531,ppp1r3db,ppp1r3db
17532,ppp1r42,ppp1r42
17533,ppp1r7,ppp1r7
17534,ppp1r8a,ppp1r8a
17535,ppp1r8b,ppp1r8b
17536,ppp1r9a,ppp1r9a
17537,ppp1r9ala,ppp1r9ala
17538,ppp1r9alb,ppp1r9alb
17539,ppp1r9ba,ppp1r9ba
17540,ppp1r9bb,ppp1r9bb
17541,ppp2cb,ppp2cb
17542,ppp2r1ba,ppp2r1ba
17543,ppp2r1bb,ppp2r1bb
17544,ppp2r2aa,ppp2r2aa
17545,ppp2r2ab,ppp2r2ab
17546,ppp2r2bb,ppp2r2bb
17547,ppp2r2cb,ppp2r2cb
17548,ppp2r2d,ppp2r2d
17549,ppp2r3a,ppp2r3a
17550,ppp2r3b,ppp2r3b
17551,ppp2r3c,ppp2r3c
17552,ppp2r5a,ppp2r5a
17553,ppp2r5b,ppp2r5b
17554,ppp2r5ca,ppp2r5ca
17555,ppp2r5cb,ppp2r5cb
17556,ppp2r5d,ppp2r5d
17557,ppp2r5ea,ppp2r5ea
17558,ppp2r5eb,ppp2r5eb
17559,ppp3ca,ppp3ca
17560,ppp3cb,ppp3cb
17561,ppp3cca,ppp3cca
17562,ppp3ccb,ppp3ccb
17563,ppp3r1a,ppp3r1a
17564,ppp3r1b,ppp3r1b
17565,ppp4ca,ppp4ca
17566,ppp4cb,ppp4cb
17567,ppp4r1,ppp4r1
17568,ppp4r1l,ppp4r1l
17569,ppp4r2a,ppp4r2a
17570,ppp4r2b,ppp4r2b
17571,ppp4r3b,ppp4r3b
17572,ppp4r4,ppp4r4
17573,ppp5c,ppp5c
17574,ppp6c,ppp6c
17575,ppp6r2a,ppp6r2a
17576,ppp6r2b,ppp6r2b
17577,ppp6r3,ppp6r3
17578,pprc1,pprc1
17579,ppt1,ppt1
17580,ppt2,ppt2
17581,pptc7a,pptc7a
17582,pptc7b,pptc7b
17583,ppwd1,ppwd1
17584,pqbp1,pqbp1
17585,PQLC1,PQLC1
17586,pqlc2,pqlc2
17587,pqlc3,pqlc3
17588,praf2,praf2
17589,prc1a,prc1a
17590,prc1b,prc1b
17591,prcc,prcc
17592,prcd,prcd
17593,prcp,prcp
17594,prdm10,prdm10
17595,prdm11,prdm11
17596,prdm12a,prdm12a
17597,prdm12b,prdm12b
17598,prdm13,prdm13
17599,prdm14,prdm14
17600,PRDM15,PRDM15
17601,prdm1a,prdm1a
17602,prdm1b,prdm1b
17603,prdm1c,prdm1c
17604,prdm2a,prdm2a
17605,prdm2b,prdm2b
17606,prdm4,prdm4
17607,prdm5,prdm5
17608,prdm6,prdm6
17609,prdm8,prdm8
17610,prdm8b,prdm8b
17611,prdm9,prdm9
17612,prdx1,prdx1
17613,prdx2,prdx2
17614,prdx3,prdx3
17615,prdx4,prdx4
17616,prdx5,prdx5
17617,prdx6,prdx6
17618,preb,preb
17619,prelid1a,prelid1a
17620,prelid1b,prelid1b
17621,prelid3a,prelid3a
17622,prelid3b,prelid3b
17623,prelp,prelp
17624,prep,prep
17625,prepl,prepl
17626,prex1,prex1
17627,prex2,prex2
17628,prf1.1,prf1.1
17629,prf1.3,prf1.3
17630,prf1.5,prf1.5
17631,prf1.6,prf1.6
17632,prf1.7,prf1.7
17633,prf1.9,prf1.9
17634,prg4a,prg4a
17635,prg4b,prg4b
17636,prickle1a,prickle1a
17637,prickle1b,prickle1b
17638,prickle2a,prickle2a
17639,prickle2b,prickle2b
17640,prickle3,prickle3
17641,prim1,prim1
17642,prim2,prim2
17643,primpol,primpol
17644,prkaa1,prkaa1
17645,prkaa2,prkaa2
17646,prkab1a,prkab1a
17647,prkab1b,prkab1b
17648,prkacab,prkacab
17649,prkacba,prkacba
17650,prkacbb,prkacbb
17651,prkag1,prkag1
17652,prkag2a,prkag2a
17653,prkag2b,prkag2b
17654,prkag3a,prkag3a
17655,prkag3b,prkag3b
17656,prkar1aa,prkar1aa
17657,prkar1ab,prkar1ab
17658,prkar1b,prkar1b
17659,prkar2aa,prkar2aa
17660,prkar2ab,prkar2ab
17661,PRKAR2B,PRKAR2B
17662,prkcaa,prkcaa
17663,prkcab,prkcab
17664,prkcba,prkcba
17665,prkcbb,prkcbb
17666,prkcbp1l,prkcbp1l
17667,prkcda,prkcda
17668,prkcdb,prkcdb
17669,prkcea,prkcea
17670,prkceb,prkceb
17671,prkcg,prkcg
17672,prkcha,prkcha
17673,prkchb,prkchb
17674,prkci,prkci
17675,prkcq,prkcq
17676,prkcsh,prkcsh
17677,prkcz,prkcz
17678,prkd1,prkd1
17679,prkd2,prkd2
17680,prkd3,prkd3
17681,prkdc,prkdc
17682,prkg1b,prkg1b
17683,prkg2,prkg2
17684,prkn,prkn
17685,prkra,prkra
17686,prkrip1,prkrip1
17687,prkx,prkx
17688,prl,prl
17689,prl2,prl2
17690,prlh,prlh
17691,prlh2r,prlh2r
17692,PRLHR,PRLHR
17693,prlhr2a,prlhr2a
17694,prlra,prlra
17695,prlrb,prlrb
17696,prmt1,prmt1
17697,prmt2,prmt2
17698,prmt3,prmt3
17699,prmt5,prmt5
17700,prmt6,prmt6
17701,prmt7,prmt7
17702,PRMT8,PRMT8
17703,prmt8b,prmt8b
17704,prmt9,prmt9
17705,prnpa,prnpa
17706,prnpb,prnpb
17707,prnprs3,prnprs3
17708,prob1,prob1
17709,proca,proca
17710,proca1,proca1
17711,prodha,prodha
17712,prodhb,prodhb
17713,prok1,prok1
17714,prok2,prok2
17715,prokr1a,prokr1a
17716,prokr1b,prokr1b
17717,prom1a,prom1a
17718,prom1b,prom1b
17719,prom2,prom2
17720,pros1,pros1
17721,proser1,proser1
17722,proser2,proser2
17723,proser3,proser3
17724,prox1b,prox1b
17725,prox2,prox2
17726,proza,proza
17727,prozb,prozb
17728,prp,prp
17729,prpf18,prpf18
17730,prpf19,prpf19
17731,prpf3,prpf3
17732,prpf31,prpf31
17733,prpf38a,prpf38a
17734,prpf38b,prpf38b
17735,prpf39,prpf39
17736,prpf4,prpf4
17737,prpf40a,prpf40a
17738,prpf4ba,prpf4ba
17739,prpf4bb,prpf4bb
17740,prpf6,prpf6
17741,prpf8,prpf8
17742,prph,prph
17743,prph2a,prph2a
17744,prph2b,prph2b
17745,prph2l,prph2l
17746,prps1a,prps1a
17747,prps1b,prps1b
17748,prpsap1,prpsap1
17749,prpsap2,prpsap2
17750,prr11,prr11
17751,prr12a,prr12a
17752,prr12b,prr12b
17753,prr13,prr13
17754,prr14,prr14
17755,prr15la,prr15la
17756,prr15lb,prr15lb
17757,prr16,prr16
17758,prr18,prr18
17759,prr33,prr33
17760,prr5a,prr5a
17761,prr7,prr7
17762,prrc1,prrc1
17763,prrc2a,prrc2a
17764,PRRC2B,PRRC2B
17765,prrc2c,prrc2c
17766,prrg1,prrg1
17767,prrg2,prrg2
17768,PRRG3,PRRG3
17769,prrg4,prrg4
17770,prrt1,prrt1
17771,prrt2,prrt2
17772,prrt4,prrt4
17773,prrx1a,prrx1a
17774,prss1,prss1
17775,prss12,prss12
17776,prss16,prss16
17777,prss23,prss23
17778,prss35,prss35
17779,prss59.1,prss59.1
17780,prss59.2,prss59.2
17781,prss60.1,prss60.1
17782,prss60.2,prss60.2
17783,prss60.3,prss60.3
17784,prtfdc1,prtfdc1
17785,prtgb,prtgb
17786,prune,prune
17787,prune2,prune2
17788,prx,prx
17789,prxl2b,prxl2b
17790,prxl2c,prxl2c
17791,psap,psap
17792,psat1,psat1
17793,psd2,psd2
17794,psd3l,psd3l
17795,psda,psda
17796,psen1,psen1
17797,psen2,psen2
17798,psenen,psenen
17799,psip1a,psip1a
17800,psip1b,psip1b
17801,pskh1,pskh1
17802,psma1,psma1
17803,psma2,psma2
17804,psma3,psma3
17805,psma4,psma4
17806,psma5,psma5
17807,psma6a,psma6a
17808,psma6b,psma6b
17809,psma6l,psma6l
17810,psma8,psma8
17811,psmb1,psmb1
17812,psmb11a,psmb11a
17813,psmb11b,psmb11b
17814,psmb12,psmb12
17815,psmb13a,psmb13a
17816,psmb2,psmb2
17817,psmb3,psmb3
17818,psmb4,psmb4
17819,psmb5,psmb5
17820,psmb6,psmb6
17821,psmb7,psmb7
17822,psmb8a,psmb8a
17823,psmb9a,psmb9a
17824,psmc1a,psmc1a
17825,psmc1b,psmc1b
17826,psmc2,psmc2
17827,psmc3,psmc3
17828,psmc3ip,psmc3ip
17829,psmc4,psmc4
17830,psmc5,psmc5
17831,psmc6,psmc6
17832,psmd1,psmd1
17833,psmd10,psmd10
17834,psmd11a,psmd11a
17835,psmd11b,psmd11b
17836,psmd12,psmd12
17837,psmd13,psmd13
17838,psmd14,psmd14
17839,psmd3,psmd3
17840,psmd4a,psmd4a
17841,psmd4b,psmd4b
17842,psmd5,psmd5
17843,psmd6,psmd6
17844,psmd7,psmd7
17845,psmd8,psmd8
17846,psmd9,psmd9
17847,psme1,psme1
17848,psme2,psme2
17849,psme3,psme3
17850,psme4a,psme4a
17851,psme4b,psme4b
17852,psmf1,psmf1
17853,psmg1,psmg1
17854,psmg2,psmg2
17855,psmg3,psmg3
17856,pspc1,pspc1
17857,psph,psph
17858,PSTK,PSTK
17859,pstpip1a,pstpip1a
17860,pstpip1b,pstpip1b
17861,pstpip2,pstpip2
17862,ptafr,ptafr
17863,ptar1,ptar1
17864,ptbp1a,ptbp1a
17865,ptbp1b,ptbp1b
17866,ptbp2a,ptbp2a
17867,ptbp2b,ptbp2b
17868,ptbp3,ptbp3
17869,ptcd1,ptcd1
17870,ptcd2,ptcd2
17871,ptcd3,ptcd3
17872,ptch1,ptch1
17873,ptch2,ptch2
17874,ptchd1,ptchd1
17875,ptchd4,ptchd4
17876,ptdss1a,ptdss1a
17877,ptdss1b,ptdss1b
17878,ptdss2,ptdss2
17879,ptena,ptena
17880,ptenb,ptenb
17881,pter,pter
17882,ptf1a,ptf1a
17883,ptgdsa,ptgdsa
17884,ptgdsb.1,ptgdsb.1
17885,ptgdsb.2,ptgdsb.2
17886,ptger1a,ptger1a
17887,ptger1b,ptger1b
17888,ptger1c,ptger1c
17889,ptger2a,ptger2a
17890,ptger2b,ptger2b
17891,ptger3,ptger3
17892,ptger4a,ptger4a
17893,ptger4b,ptger4b
17894,ptges,ptges
17895,ptges3a,ptges3a
17896,ptges3b,ptges3b
17897,ptgesl,ptgesl
17898,ptgfr,ptgfr
17899,ptgir,ptgir
17900,ptgis,ptgis
17901,ptgr1,ptgr1
17902,ptgr2,ptgr2
17903,ptgs1,ptgs1
17904,ptgs2a,ptgs2a
17905,ptgs2b,ptgs2b
17906,pth1a,pth1a
17907,pth1b,pth1b
17908,pth1ra,pth1ra
17909,pth1rb,pth1rb
17910,pth2r,pth2r
17911,pth4,pth4
17912,pthlha,pthlha
17913,pthlhb,pthlhb
17914,ptk2aa,ptk2aa
17915,ptk2ab,ptk2ab
17916,ptk2ba,ptk2ba
17917,ptk2bb,ptk2bb
17918,ptk6a,ptk6a
17919,ptk6b,ptk6b
17920,ptk7a,ptk7a
17921,ptk7b,ptk7b
17922,ptmab,ptmab
17923,ptn,ptn
17924,ptp4a1,ptp4a1
17925,ptp4a2a,ptp4a2a
17926,ptp4a2b,ptp4a2b
17927,ptp4a3,ptp4a3
17928,ptpa,ptpa
17929,ptpdc1a,ptpdc1a
17930,ptpdc1b,ptpdc1b
17931,ptpmt1,ptpmt1
17932,ptpn1,ptpn1
17933,ptpn11a,ptpn11a
17934,ptpn11b,ptpn11b
17935,ptpn12,ptpn12
17936,ptpn13,ptpn13
17937,ptpn18,ptpn18
17938,ptpn20,ptpn20
17939,ptpn21,ptpn21
17940,ptpn22,ptpn22
17941,ptpn23a,ptpn23a
17942,ptpn23b,ptpn23b
17943,ptpn2a,ptpn2a
17944,ptpn2b,ptpn2b
17945,ptpn3,ptpn3
17946,ptpn4a,ptpn4a
17947,ptpn4b,ptpn4b
17948,ptpn5,ptpn5
17949,ptpn6,ptpn6
17950,ptpn9a,ptpn9a
17951,ptpn9b,ptpn9b
17952,ptpra,ptpra
17953,ptprb,ptprb
17954,ptprbl,ptprbl
17955,ptprc,ptprc
17956,PTPRD,PTPRD
17957,ptprda,ptprda
17958,ptprdb,ptprdb
17959,ptprea,ptprea
17960,ptpreb,ptpreb
17961,ptprfa,ptprfa
17962,ptprfb,ptprfb
17963,ptprga,ptprga
17964,ptprja,ptprja
17965,ptprjb.1,ptprjb.1
17966,ptprk,ptprk
17967,ptprn2,ptprn2
17968,ptprna,ptprna
17969,ptprnb,ptprnb
17970,ptpro,ptpro
17971,ptprq,ptprq
17972,ptprr,ptprr
17973,ptprt,ptprt
17974,ptprua,ptprua
17975,ptprub,ptprub
17976,ptprz1a,ptprz1a
17977,ptprz1b,ptprz1b
17978,ptrh1,ptrh1
17979,ptrh2,ptrh2
17980,ptrhd1,ptrhd1
17981,pts,pts
17982,pttg1,pttg1
17983,pttg1ipa,pttg1ipa
17984,pttg1ipb,pttg1ipb
17985,ptx3a,ptx3a
17986,ptx3b,ptx3b
17987,ptx4,ptx4
17988,pudp,pudp
17989,puf60a,puf60a
17990,puf60b,puf60b
17991,pum1,pum1
17992,pum2,pum2
17993,pum3,pum3
17994,puraa,puraa
17995,purba,purba
17996,purbb,purbb
17997,purg,purg
17998,pus1,pus1
17999,pus10,pus10
18000,pus3,pus3
18001,pus7,pus7
18002,pus7l,pus7l
18003,pusl1,pusl1
18004,pvalb1,pvalb1
18005,pvalb2,pvalb2
18006,pvalb3,pvalb3
18007,pvalb4,pvalb4
18008,pvalb5,pvalb5
18009,pvalb6,pvalb6
18010,pvalb7,pvalb7
18011,pvalb8,pvalb8
18012,pvalb9,pvalb9
18013,pvrl2l,pvrl2l
18014,pwp1,pwp1
18015,pwp2h,pwp2h
18016,pwwp2a,pwwp2a
18017,pwwp2b,pwwp2b
18018,pxdc1a,pxdc1a
18019,pxdc1b,pxdc1b
18020,pxdn,pxdn
18021,pxk,pxk
18022,pxmp2,pxmp2
18023,PXMP4,PXMP4
18024,pxna,pxna
18025,pxnb,pxnb
18026,pxylp1,pxylp1
18027,pycard,pycard
18028,pycr1a,pycr1a
18029,pycr1b,pycr1b
18030,pycr3,pycr3
18031,pygb,pygb
18032,pygl,pygl
18033,pygma,pygma
18034,pygmb,pygmb
18035,pygo1,pygo1
18036,pygo2,pygo2
18037,pym1,pym1
18038,pyroxd1,pyroxd1
18039,pyroxd2,pyroxd2
18040,PYURF,PYURF
18041,pyya,pyya
18042,pyyb,pyyb
18043,qars,qars
18044,qdpra,qdpra
18045,qdprb1,qdprb1
18046,qdprb2,qdprb2
18047,qki2,qki2
18048,qkia,qkia
18049,qkib,qkib
18050,qpct,qpct
18051,qpctla,qpctla
18052,qpctlb,qpctlb
18053,qrfp,qrfp
18054,qrfpr4,qrfpr4
18055,qrfpra,qrfpra
18056,qrich1,qrich1
18057,qrsl1,qrsl1
18058,qser1,qser1
18059,qsox1,qsox1
18060,qsox2,qsox2
18061,qtrt1,qtrt1
18062,qtrt2,qtrt2
18063,quo,quo
18064,r3hcc1,r3hcc1
18065,r3hcc1l,r3hcc1l
18066,r3hdm1,r3hdm1
18067,r3hdm2,r3hdm2
18068,r3hdm4,r3hdm4
18069,r3hdml,r3hdml
18070,rab10,rab10
18071,rab11a,rab11a
18072,rab11al,rab11al
18073,rab11ba,rab11ba
18074,rab11bb,rab11bb
18075,rab11fip1a,rab11fip1a
18076,rab11fip1b,rab11fip1b
18077,rab11fip2,rab11fip2
18078,rab11fip3,rab11fip3
18079,rab11fip4a,rab11fip4a
18080,rab11fip4b,rab11fip4b
18081,rab11fip5a,rab11fip5a
18082,rab12,rab12
18083,rab13,rab13
18084,rab14,rab14
18085,rab14l,rab14l
18086,rab15,rab15
18087,rab18a,rab18a
18088,rab18b,rab18b
18089,RAB19,RAB19
18090,rab1aa,rab1aa
18091,rab1ab,rab1ab
18092,rab1ba,rab1ba
18093,rab1bb,rab1bb
18094,rab20,rab20
18095,rab21,rab21
18096,rab22a,rab22a
18097,rab23,rab23
18098,rab24,rab24
18099,rab25a,rab25a
18100,rab25b,rab25b
18101,rab27a,rab27a
18102,rab27b,rab27b
18103,rab28,rab28
18104,rab2a,rab2a
18105,rab30,rab30
18106,rab32a,rab32a
18107,rab32b,rab32b
18108,rab33a,rab33a
18109,rab33ba,rab33ba
18110,rab34a,rab34a
18111,rab34b,rab34b
18112,rab35b,rab35b
18113,rab36,rab36
18114,rab38,rab38
18115,rab38b,rab38b
18116,rab38c,rab38c
18117,rab39ba,rab39ba
18118,rab3aa,rab3aa
18119,rab3ab,rab3ab
18120,rab3b,rab3b
18121,rab3c,rab3c
18122,rab3da,rab3da
18123,rab3db,rab3db
18124,rab3gap1,rab3gap1
18125,rab3gap2,rab3gap2
18126,rab3il1,rab3il1
18127,rab3ip,rab3ip
18128,rab40b,rab40b
18129,rab40c,rab40c
18130,rab41,rab41
18131,rab42a,rab42a
18132,rab42b,rab42b
18133,rab43,rab43
18134,rab44,rab44
18135,rab4a,rab4a
18136,rab4b,rab4b
18137,rab5aa,rab5aa
18138,rab5ab,rab5ab
18139,rab5b,rab5b
18140,rab5c,rab5c
18141,rab5if,rab5if
18142,rab6a,rab6a
18143,rab6ba,rab6ba
18144,rab6bb,rab6bb
18145,rab7a,rab7a
18146,rab7b,rab7b
18147,rab8a,rab8a
18148,rab8b,rab8b
18149,rab9a,rab9a
18150,rab9b,rab9b
18151,rabac1,rabac1
18152,rabep1,rabep1
18153,rabep2,rabep2
18154,rabepk,rabepk
18155,rabgap1,rabgap1
18156,rabgap1l,rabgap1l
18157,rabgap1l2,rabgap1l2
18158,rabgef1,rabgef1
18159,rabgef1l,rabgef1l
18160,rabggta,rabggta
18161,rabggtb,rabggtb
18162,rabif,rabif
18163,rabl2,rabl2
18164,rabl6a,rabl6a
18165,rabl6b,rabl6b
18166,RAC1,RAC1
18167,rac1a,rac1a
18168,rac1b,rac1b
18169,rac1l,rac1l
18170,rac2,rac2
18171,rac3a,rac3a
18172,rac3b,rac3b
18173,racgap1,racgap1
18174,rack1,rack1
18175,rad1,rad1
18176,rad17,rad17
18177,rad18,rad18
18178,rad21a,rad21a
18179,rad21b,rad21b
18180,rad21l1,rad21l1
18181,rad23aa,rad23aa
18182,rad23ab,rad23ab
18183,rad23b,rad23b
18184,rad50,rad50
18185,rad51,rad51
18186,rad51ap1,rad51ap1
18187,rad51b,rad51b
18188,rad51c,rad51c
18189,rad51d,rad51d
18190,rad52,rad52
18191,rad54b,rad54b
18192,rad54l,rad54l
18193,rad54l2,rad54l2
18194,rad9a,rad9a
18195,rad9b,rad9b
18196,radil,radil
18197,radx,radx
18198,rae1,rae1
18199,raf1a,raf1a
18200,raf1b,raf1b
18201,rag1,rag1
18202,rag2,rag2
18203,rai1,rai1
18204,rai14,rai14
18205,ralaa,ralaa
18206,ralab,ralab
18207,ralba,ralba
18208,ralbb,ralbb
18209,ralbp1,ralbp1
18210,ralgapa1,ralgapa1
18211,ralgapa2,ralgapa2
18212,ralgapb,ralgapb
18213,RALGDS,RALGDS
18214,ralgps1,ralgps1
18215,ralgps2,ralgps2
18216,raly,raly
18217,ralyl,ralyl
18218,ramp2,ramp2
18219,RAMP3,RAMP3
18220,ran,ran
18221,ranbp1,ranbp1
18222,ranbp10,ranbp10
18223,RANBP2,RANBP2
18224,ranbp3a,ranbp3a
18225,ranbp3b,ranbp3b
18226,ranbp9,ranbp9
18227,rangap1a,rangap1a
18228,rangap1b,rangap1b
18229,rangrf,rangrf
18230,rap1aa,rap1aa
18231,rap1ab,rap1ab
18232,rap1b,rap1b
18233,rap1gap2a,rap1gap2a
18234,rap1gap2b,rap1gap2b
18235,RAP1GDS1,RAP1GDS1
18236,rap2aa,rap2aa
18237,rap2ab,rap2ab
18238,rap2b,rap2b
18239,rap2c,rap2c
18240,rapgef1a,rapgef1a
18241,rapgef1b,rapgef1b
18242,rapgef2,rapgef2
18243,rapgef3,rapgef3
18244,rapgef4,rapgef4
18245,rapgef5b,rapgef5b
18246,rapgef6,rapgef6
18247,rapgefl1,rapgefl1
18248,raph1a,raph1a
18249,raph1b,raph1b
18250,rapsn,rapsn
18251,raraa,raraa
18252,rarab,rarab
18253,rarga,rarga
18254,rargb,rargb
18255,rarres3,rarres3
18256,rarres3l,rarres3l
18257,rars,rars
18258,rars2,rars2
18259,rasa1a,rasa1a
18260,rasa1b,rasa1b
18261,RASA2,RASA2
18262,rasa3,rasa3
18263,rasa4,rasa4
18264,rasal1b,rasal1b
18265,rasal2,rasal2
18266,rasal3,rasal3
18267,rasd1,rasd1
18268,rasd3,rasd3
18269,rasd4,rasd4
18270,rasef,rasef
18271,rasgef1ba,rasgef1ba
18272,rasgef1bb,rasgef1bb
18273,RASGRF1,RASGRF1
18274,rasgrf2a,rasgrf2a
18275,rasgrf2b,rasgrf2b
18276,rasgrp3,rasgrp3
18277,rasgrp4,rasgrp4
18278,rasip1,rasip1
18279,rasl10a,rasl10a
18280,RASL10B,RASL10B
18281,rasl11a,rasl11a
18282,rasl11b,rasl11b
18283,rasl12,rasl12
18284,rassf1,rassf1
18285,RASSF10,RASSF10
18286,rassf10a,rassf10a
18287,rassf2a,rassf2a
18288,rassf2b,rassf2b
18289,rassf3,rassf3
18290,RASSF5,RASSF5
18291,rassf6,rassf6
18292,rassf7a,rassf7a
18293,rassf7b,rassf7b
18294,rassf8a,rassf8a
18295,rassf8b,rassf8b
18296,rassf9,rassf9
18297,raver1,raver1
18298,raver2,raver2
18299,rb1,rb1
18300,rb1cc1,rb1cc1
18301,rbb4l,rbb4l
18302,rbbp4,rbbp4
18303,rbbp5,rbbp5
18304,rbbp6,rbbp6
18305,rbbp8,rbbp8
18306,rbbp8l,rbbp8l
18307,rbck1,rbck1
18308,rbfa,rbfa
18309,rbfox1,rbfox1
18310,rbfox1l,rbfox1l
18311,rbfox2,rbfox2
18312,rbfox3a,rbfox3a
18313,rbfox3b,rbfox3b
18314,rbks,rbks
18315,rbl1,rbl1
18316,rbl2,rbl2
18317,rbm10,rbm10
18318,rbm11,rbm11
18319,rbm12,rbm12
18320,rbm12b,rbm12b
18321,rbm14a,rbm14a
18322,rbm14b,rbm14b
18323,rbm15,rbm15
18324,rbm15b,rbm15b
18325,rbm17,rbm17
18326,rbm18,rbm18
18327,rbm19,rbm19
18328,rbm22,rbm22
18329,rbm24a,rbm24a
18330,rbm24b,rbm24b
18331,rbm25a,rbm25a
18332,rbm25b,rbm25b
18333,rbm26,rbm26
18334,rbm27,rbm27
18335,rbm28,rbm28
18336,rbm33a,rbm33a
18337,rbm33b,rbm33b
18338,rbm34,rbm34
18339,rbm38,rbm38
18340,rbm39a,rbm39a
18341,rbm39b,rbm39b
18342,rbm4.1,rbm4.1
18343,rbm4.2,rbm4.2
18344,rbm4.3,rbm4.3
18345,rbm41,rbm41
18346,rbm42,rbm42
18347,rbm45,rbm45
18348,rbm46,rbm46
18349,rbm47,rbm47
18350,rbm48,rbm48
18351,rbm5,rbm5
18352,rbm6,rbm6
18353,rbm7,rbm7
18354,rbm8a,rbm8a
18355,rbms1a,rbms1a
18356,rbms1b,rbms1b
18357,rbms2a,rbms2a
18358,rbms2b,rbms2b
18359,rbms3,rbms3
18360,rbmx,rbmx
18361,rbmx2,rbmx2
18362,rbp1,rbp1
18363,rbp2a,rbp2a
18364,rbp2b,rbp2b
18365,rbp3,rbp3
18366,rbp4,rbp4
18367,rbp4l,rbp4l
18368,rbp7a,rbp7a
18369,rbp7b,rbp7b
18370,rbpja,rbpja
18371,rbpjb,rbpjb
18372,rbpjl,rbpjl
18373,rbpms,rbpms
18374,rbpms2a,rbpms2a
18375,rbpms2b,rbpms2b
18376,rbsn,rbsn
18377,rbx1,rbx1
18378,rc3h1a,rc3h1a
18379,rc3h1b,rc3h1b
18380,rc3h2,rc3h2
18381,rca2.1,rca2.1
18382,rca2.2,rca2.2
18383,rcan1a,rcan1a
18384,rcan2,rcan2
18385,rcan3,rcan3
18386,rcbtb1,rcbtb1
18387,rcbtb2,rcbtb2
18388,rcc1,rcc1
18389,rcc1l,rcc1l
18390,rcc2,rcc2
18391,rccd1,rccd1
18392,rce1a,rce1a
18393,rce1b,rce1b
18394,rchy1,rchy1
18395,rcl1,rcl1
18396,rcn1,rcn1
18397,rcn2,rcn2
18398,rcn3,rcn3
18399,rcor1,rcor1
18400,rcor2,rcor2
18401,rcor3,rcor3
18402,rcvrn2,rcvrn2
18403,rcvrn3,rcvrn3
18404,rcvrna,rcvrna
18405,rcvrnb,rcvrnb
18406,rd3,rd3
18407,rdh1,rdh1
18408,rdh10a,rdh10a
18409,rdh10b,rdh10b
18410,rdh12,rdh12
18411,rdh12l,rdh12l
18412,rdh14a,rdh14a
18413,rdh14b,rdh14b
18414,rdh20,rdh20
18415,rdh5,rdh5
18416,rdh8a,rdh8a
18417,rdh8b,rdh8b
18418,rec8a,rec8a
18419,rec8b,rec8b
18420,reck,reck
18421,recql4,recql4
18422,recql5,recql5
18423,reep1,reep1
18424,reep2,reep2
18425,reep3b,reep3b
18426,reep5,reep5
18427,reep6,reep6
18428,rel,rel
18429,rela,rela
18430,relb,relb
18431,relch,relch
18432,rell1,rell1
18433,rell2,rell2
18434,reln,reln
18435,relt,relt
18436,rem1,rem1
18437,rem2,rem2
18438,ren,ren
18439,renbp,renbp
18440,reps1,reps1
18441,reps2,reps2
18442,rer1,rer1
18443,rerea,rerea
18444,rereb,rereb
18445,RERG,RERG
18446,rergla,rergla
18447,rerglb,rerglb
18448,rest,rest
18449,ret,ret
18450,retreg1,retreg1
18451,retreg2,retreg2
18452,retreg3,retreg3
18453,retsat,retsat
18454,retsatl,retsatl
18455,rev1,rev1
18456,rev3l,rev3l
18457,rex1bd,rex1bd
18458,rexo1,rexo1
18459,rexo4,rexo4
18460,RF00007,RF00007
18461,RF00009,RF00009
18462,RF00016,RF00016
18463,RF00019,RF00019
18464,RF00030,RF00030
18465,RF00045,RF00045
18466,RF00056,RF00056
18467,RF00066,RF00066
18468,RF00067,RF00067
18469,RF00068,RF00068
18470,RF00069,RF00069
18472,RF00072,RF00072
18473,RF00088,RF00088
18474,RF00089,RF00089
18475,RF00092,RF00092
18476,RF00093,RF00093
18477,RF00096,RF00096
18478,RF00099,RF00099
18479,RF00133,RF00133
18480,RF00137,RF00137
18481,RF00138,RF00138
18482,RF00151,RF00151
18483,RF00152,RF00152
18484,RF00156,RF00156
18485,RF00158,RF00158
18486,RF00186,RF00186
18487,RF00190,RF00190
18488,RF00211,RF00211
18489,RF00213,RF00213
18490,RF00231,RF00231
18491,RF00263,RF00263
18492,RF00270,RF00270
18493,RF00273,RF00273
18494,RF00274,RF00274
18495,RF00276,RF00276
18496,RF00277,RF00277
18497,RF00286,RF00286
18498,RF00302,RF00302
18499,RF00319,RF00319
18500,RF00322,RF00322
18501,RF00324,RF00324
18502,RF00325,RF00325
18503,RF00334,RF00334
18504,RF00340,RF00340
18505,RF00342,RF00342
18506,RF00377,RF00377
18507,RF00407,RF00407
18508,RF00408,RF00408
18509,RF00409,RF00409
18510,RF00411,RF00411
18511,RF00412,RF00412
18512,RF00413,RF00413
18513,RF00415,RF00415
18514,RF00417,RF00417
18515,RF00421,RF00421
18516,RF00424,RF00424
18517,RF00428,RF00428
18518,RF00429,RF00429
18519,RF00430,RF00430
18520,RF00431,RF00431
18521,RF00440,RF00440
18522,RF00478,RF00478
18523,RF00548,RF00548
18524,RF00553,RF00553
18525,RF00560,RF00560
18526,RF00563,RF00563
18527,RF00566,RF00566
18528,RF00568,RF00568
18529,RF00571,RF00571
18530,RF00572,RF00572
18531,RF00575,RF00575
18532,RF00577,RF00577
18533,RF00593,RF00593
18534,RF00599,RF00599
18535,RF00600,RF00600
18536,RF00608,RF00608
18537,RF00609,RF00609
18538,RF00611,RF00611
18539,RF01190,RF01190
18540,RF01192,RF01192
18541,RF01233,RF01233
18542,RF01234,RF01234
18543,RF01241,RF01241
18544,RF01268,RF01268
18545,RF01277,RF01277
18546,RF01290,RF01290
18547,RF01291,RF01291
18548,RF01296,RF01296
18549,RF01299,RF01299
18550,rfc1,rfc1
18551,rfc2,rfc2
18552,rfc3,rfc3
18553,rfc4,rfc4
18554,rfc5,rfc5
18555,rfesd,rfesd
18557,rfk,rfk
18558,rflna,rflna
18559,rflnb,rflnb
18560,rfng,rfng
18561,rft1,rft1
18562,rftn1a,rftn1a
18563,rftn2,rftn2
18564,rfwd3,rfwd3
18565,rfx1a,rfx1a
18566,rfx1b,rfx1b
18567,rfx2,rfx2
18568,rfx3,rfx3
18569,rfx4,rfx4
18570,rfx6,rfx6
18571,rfx7a,rfx7a
18572,rfx7b,rfx7b
18573,rfxank,rfxank
18574,rfxap,rfxap
18575,rgcc,rgcc
18576,rgl1,rgl1
18577,rgl2,rgl2
18578,rgl3a,rgl3a
18579,rgl3b,rgl3b
18580,rgma,rgma
18581,rgmb,rgmb
18582,rgmd,rgmd
18583,rgn,rgn
18584,rgp1,rgp1
18585,rgra,rgra
18586,rgrb,rgrb
18587,rgs1,rgs1
18588,rgs11,rgs11
18589,rgs12a,rgs12a
18590,rgs12b,rgs12b
18591,rgs13,rgs13
18593,rgs14a,rgs14a
18594,rgs16,rgs16
18595,rgs17,rgs17
18596,rgs18,rgs18
18597,rgs19,rgs19
18598,rgs2,rgs2
18599,rgs20,rgs20
18600,rgs22,rgs22
18601,rgs3a,rgs3a
18602,rgs3b,rgs3b
18603,rgs4,rgs4
18604,rgs5a,rgs5a
18605,rgs5b,rgs5b
18606,rgs6,rgs6
18607,rgs7a,rgs7a
18608,rgs7b,rgs7b
18609,rgs7bpa,rgs7bpa
18610,rgs7bpb,rgs7bpb
18611,rgs9a,rgs9a
18612,rgs9b,rgs9b
18613,rhag,rhag
18614,rhbdd1,rhbdd1
18615,rhbdd2,rhbdd2
18616,rhbdd3,rhbdd3
18617,rhbdf1a,rhbdf1a
18618,rhbdf1b,rhbdf1b
18619,rhbdl1,rhbdl1
18620,rhbdl2,rhbdl2
18621,rhbdl3,rhbdl3
18622,rhbg,rhbg
18623,rhcga,rhcga
18624,rhcgb,rhcgb
18625,rhcgl1,rhcgl1
18626,rhd,rhd
18627,rheb,rheb
18628,rhebl1,rhebl1
18629,rho,rho
18630,rhoaa,rhoaa
18631,rhoab,rhoab
18632,rhoac,rhoac
18633,rhobtb1,rhobtb1
18634,rhobtb2a,rhobtb2a
18635,rhobtb2b,rhobtb2b
18636,rhobtb4,rhobtb4
18637,rhoca,rhoca
18638,rhocb,rhocb
18639,rhof,rhof
18640,rhoga,rhoga
18641,rhogb,rhogb
18642,rhogc,rhogc
18643,rhogd,rhogd
18644,rhoh,rhoh
18645,rhoj,rhoj
18646,rhol,rhol
18647,rhoq,rhoq
18648,rhot1a,rhot1a
18649,rhot1b,rhot1b
18650,rhot2,rhot2
18651,RHOU,RHOU
18652,rhoua,rhoua
18653,rhoub,rhoub
18654,rhov,rhov
18655,rhpn1,rhpn1
18656,rhpn2,rhpn2
18657,ribc2,ribc2
18658,ric1,ric1
18659,RIC3,RIC3
18660,ric8a,ric8a
18661,ric8b,ric8b
18662,rictora,rictora
18663,rictorb,rictorb
18664,rif1,rif1
18665,rilp,rilp
18666,rilpl1,rilpl1
18667,rilpl2,rilpl2
18668,rimkla,rimkla
18669,rims1a,rims1a
18670,rims1b,rims1b
18671,RIMS2,RIMS2
18672,rims2a,rims2a
18673,rims2b,rims2b
18674,rims3,rims3
18675,rims4,rims4
18676,rin1a,rin1a
18677,rin2,rin2
18678,rin3,rin3
18679,rinl,rinl
18680,rint1,rint1
18681,riok1,riok1
18682,riok2,riok2
18683,riok3,riok3
18684,riox1,riox1
18685,riox2,riox2
18686,ripk1l,ripk1l
18687,ripk2,ripk2
18688,ripk3,ripk3
18689,ripk4,ripk4
18690,ripor2,ripor2
18691,ripor3,ripor3
18692,ripply1,ripply1
18693,ripply2,ripply2
18694,ripply3,ripply3
18695,rlbp1a,rlbp1a
18696,rlbp1b,rlbp1b
18697,rlf,rlf
18698,rlim,rlim
18699,rln,rln
18700,rln1,rln1
18701,rln3b,rln3b
18702,rltgr,rltgr
18703,rmc1,rmc1
18704,rmdn1,rmdn1
18705,rmdn2,rmdn2
18706,rmdn3,rmdn3
18707,rmi1,rmi1
18708,rmi2,rmi2
18709,rmnd1,rmnd1
18710,rmnd5b,rmnd5b
18711,rn7sk,rn7sk
18712,rnaseh1,rnaseh1
18713,rnaseh2a,rnaseh2a
18714,rnaseh2b,rnaseh2b
18715,rnaseh2c,rnaseh2c
18716,rnaseka,rnaseka
18717,rnasekb,rnasekb
18718,rnasel2,rnasel2
18719,rnasel3,rnasel3
18720,rnasel4,rnasel4
18721,rnaset2,rnaset2
18722,rnaset2l,rnaset2l
18723,rnd1a,rnd1a
18724,rnd1b,rnd1b
18725,rnd2,rnd2
18726,rnd3a,rnd3a
18727,rnd3b,rnd3b
18728,rnf10,rnf10
18729,rnf103,rnf103
18730,rnf111,rnf111
18731,rnf113a,rnf113a
18732,rnf114,rnf114
18733,rnf115,rnf115
18734,rnf11a,rnf11a
18735,rnf11b,rnf11b
18736,rnf121,rnf121
18737,RNF122,RNF122
18738,rnf123,rnf123
18739,rnf126,rnf126
18740,rnf128a,rnf128a
18741,rnf13,rnf13
18742,rnf130,rnf130
18743,rnf135,rnf135
18744,rnf139,rnf139
18745,rnf14,rnf14
18747,rnf141,rnf141
18748,rnf144aa,rnf144aa
18749,rnf144ab,rnf144ab
18750,rnf144b,rnf144b
18751,rnf145a,rnf145a
18752,rnf145b,rnf145b
18753,rnf146,rnf146
18754,rnf150a,rnf150a
18755,rnf150b,rnf150b
18756,rnf151,rnf151
18757,rnf152,rnf152
18758,RNF157,RNF157
18759,rnf165a,rnf165a
18760,rnf165b,rnf165b
18761,rnf166,rnf166
18762,rnf167,rnf167
18763,rnf168,rnf168
18764,rnf169,rnf169
18765,rnf17,rnf17
18766,rnf170,rnf170
18767,rnf175,rnf175
18770,rnf181,rnf181
18771,rnf183,rnf183
18772,rnf185,rnf185
18773,rnf19a,rnf19a
18774,rnf19b,rnf19b
18775,rnf2,rnf2
18776,rnf20,rnf20
18777,rnf207a,rnf207a
18778,rnf207b,rnf207b
18779,RNF208,RNF208
18780,rnf212,rnf212
18781,rnf212b,rnf212b
18782,rnf213a,rnf213a
18783,rnf213b,rnf213b
18784,rnf215,rnf215
18785,rnf216,rnf216
18786,rnf217,rnf217
18787,RNF219,RNF219
18788,rnf220a,rnf220a
18789,rnf220b,rnf220b
18790,rnf222,rnf222
18791,rnf223,rnf223
18792,RNF224,RNF224
18793,rnf24,rnf24
18794,rnf25,rnf25
18795,rnf26,rnf26
18796,rnf32,rnf32
18797,rnf34a,rnf34a
18798,rnf34b,rnf34b
18799,rnf38,rnf38
18800,rnf4,rnf4
18801,rnf40,rnf40
18802,rnf41,rnf41
18803,rnf41l,rnf41l
18804,rnf43,rnf43
18805,rnf44,rnf44
18806,RNF5,RNF5
18807,rnf6,rnf6
18808,rnf7,rnf7
18809,rnf8,rnf8
18810,rnft1,rnft1
18811,rnft2,rnft2
18812,rngtt,rngtt
18813,rnh1,rnh1
18814,rnls,rnls
18815,rnmt,rnmt
18816,rnpc3,rnpc3
18817,rnpep,rnpep
18818,rnpepl1,rnpepl1
18819,robo1,robo1
18820,robo2,robo2
18821,robo3,robo3
18822,robo4,robo4
18823,rock1,rock1
18824,rock2a,rock2a
18825,rock2b,rock2b
18826,rock2bl,rock2bl
18827,rogdi,rogdi
18828,rom1a,rom1a
18829,rom1b,rom1b
18830,romo1,romo1
18831,ropn1l,ropn1l
18832,ror1,ror1
18833,ror2,ror2
18834,roraa,roraa
18835,rorab,rorab
18836,rorc,rorc
18837,rorca,rorca
18838,rorcb,rorcb
18839,ros1,ros1
18840,rp1,rp1
18841,rp1l1a,rp1l1a
18842,rp1l1b,rp1l1b
18843,rp2,rp2
18844,rp9,rp9
18845,rpa1,rpa1
18846,rpa2,rpa2
18847,rpa3,rpa3
18848,rpain,rpain
18849,rpap1,rpap1
18850,rpap2,rpap2
18851,rpap3,rpap3
18852,rpe,rpe
18853,rpe65a,rpe65a
18854,rpe65b,rpe65b
18855,rpe65c,rpe65c
18856,rpf1,rpf1
18857,rpf2,rpf2
18858,rpgra,rpgra
18859,rpgrb,rpgrb
18860,rpgrip1,rpgrip1
18861,rpgrip1l,rpgrip1l
18862,rph3aa,rph3aa
18863,rph3ab,rph3ab
18864,rph3al,rph3al
18865,rpia,rpia
18866,rpl10,rpl10
18867,rpl10a,rpl10a
18868,rpl11,rpl11
18869,rpl12,rpl12
18870,rpl13,rpl13
18871,rpl13a,rpl13a
18872,rpl14,rpl14
18873,rpl15,rpl15
18874,rpl17,rpl17
18875,rpl18,rpl18
18876,rpl18a,rpl18a
18877,rpl19,rpl19
18878,rpl21,rpl21
18879,rpl22,rpl22
18880,rpl22l1,rpl22l1
18881,rpl23,rpl23
18882,rpl23a,rpl23a
18883,rpl24,rpl24
18884,rpl26,rpl26
18885,rpl27,rpl27
18886,rpl27a,rpl27a
18887,rpl28,rpl28
18888,rpl29,rpl29
18889,rpl3,rpl3
18890,rpl30,rpl30
18891,rpl31,rpl31
18892,rpl32,rpl32
18893,rpl34,rpl34
18894,rpl35,rpl35
18895,rpl35a,rpl35a
18896,rpl36,rpl36
18897,rpl36a,rpl36a
18898,RPL37A,RPL37A
18899,rpl38,rpl38
18900,rpl39,rpl39
18901,rpl4,rpl4
18902,rpl5a,rpl5a
18903,rpl5b,rpl5b
18904,rpl6,rpl6
18905,rpl7,rpl7
18906,rpl7a,rpl7a
18907,rpl7l1,rpl7l1
18908,rpl8,rpl8
18909,rpl9,rpl9
18910,rplp0,rplp0
18911,rplp1,rplp1
18912,rplp2,rplp2
18913,rplp2l,rplp2l
18914,rpn1,rpn1
18915,rpn2,rpn2
18916,rpp14,rpp14
18917,rpp21,rpp21
18918,rpp25a,rpp25a
18919,rpp25b,rpp25b
18920,rpp25l,rpp25l
18921,rpp30,rpp30
18922,rpp38,rpp38
18923,rpp40,rpp40
18924,rprd1a,rprd1a
18925,rprd1b,rprd1b
18926,rprd2a,rprd2a
18927,rprd2b,rprd2b
18928,rprm3,rprm3
18929,rprma,rprma
18930,rprmb,rprmb
18931,rprml,rprml
18932,rps11,rps11
18933,rps12,rps12
18934,rps13,rps13
18935,rps14,rps14
18936,rps15,rps15
18937,rps15a,rps15a
18938,rps16,rps16
18939,rps18,rps18
18940,rps19,rps19
18941,rps19bp1,rps19bp1
18942,rps2,rps2
18943,rps20,rps20
18944,rps21,rps21
18945,rps23,rps23
18946,rps24,rps24
18947,rps25,rps25
18948,rps26,rps26
18949,rps26l,rps26l
18950,rps27.1,rps27.1
18951,rps27.2,rps27.2
18952,rps27a,rps27a
18953,rps27l,rps27l
18954,rps28,rps28
18955,rps29,rps29
18956,rps3,rps3
18957,rps3a,rps3a
18958,rps4x,rps4x
18959,rps5,rps5
18960,rps6,rps6
18961,rps6ka1,rps6ka1
18962,rps6ka2,rps6ka2
18963,rps6ka3a,rps6ka3a
18964,rps6ka3b,rps6ka3b
18965,rps6ka4,rps6ka4
18966,rps6ka5,rps6ka5
18967,rps6kal,rps6kal
18968,rps6kb1a,rps6kb1a
18969,rps6kb1b,rps6kb1b
18970,rps6kc1,rps6kc1
18971,rps6kl1,rps6kl1
18972,rps7,rps7
18973,rps8a,rps8a
18974,rps8b,rps8b
18975,rps9,rps9
18976,rpsa,rpsa
18977,rptor,rptor
18978,rpusd1,rpusd1
18979,rpusd2,rpusd2
18980,rpz,rpz
18981,rpz2,rpz2
18982,rpz4,rpz4
18983,rpz5,rpz5
18984,rrad,rrad
18985,rraga,rraga
18986,rragca,rragca
18987,rragcb,rragcb
18988,rragd,rragd
18989,rras,rras
18990,rras2,rras2
18991,rrbp1a,rrbp1a
18992,rrbp1b,rrbp1b
18993,rreb1a,rreb1a
18994,rreb1b,rreb1b
18995,rrh,rrh
18996,rrm1,rrm1
18997,rrm2b,rrm2b
18998,rrn3,rrn3
18999,rrnad1,rrnad1
19000,rrp1,rrp1
19001,rrp12,rrp12
19002,rrp15,rrp15
19003,rrp36,rrp36
19004,rrp7a,rrp7a
19005,rrp8,rrp8
19006,rrp9,rrp9
19007,rrs1,rrs1
19008,rs1a,rs1a
19009,rs1b,rs1b
19010,rsad1,rsad1
19011,rsad2,rsad2
19012,RSBN1,RSBN1
19013,rsf1a,rsf1a
19014,rsf1b.1,rsf1b.1
19015,rsl1d1,rsl1d1
19016,rsl24d1,rsl24d1
19017,RSPH1,RSPH1
19018,rsph10b,rsph10b
19019,rsph14,rsph14
19020,rsph3,rsph3
19021,rsph4a,rsph4a
19022,rsph9,rsph9
19023,rspo1,rspo1
19024,rspo2,rspo2
19025,rspo3,rspo3
19026,rspo4,rspo4
19027,rspry1,rspry1
19028,rsrc1,rsrc1
19029,rsrp1,rsrp1
19030,rsu1,rsu1
19031,rtca,rtca
19032,rtcb,rtcb
19033,rtel1,rtel1
19034,rtf1,rtf1
19035,rtf2,rtf2
19036,RTKN,RTKN
19037,rtkn2a,rtkn2a
19038,rtkn2b,rtkn2b
19039,rtn1a,rtn1a
19040,rtn1b,rtn1b
19041,rtn2a,rtn2a
19042,rtn2b,rtn2b
19043,rtn4a,rtn4a
19044,rtn4b,rtn4b
19045,rtn4ip1,rtn4ip1
19046,rtn4r,rtn4r
19047,rtn4rl1a,rtn4rl1a
19048,rtn4rl2a,rtn4rl2a
19049,rtn4rl2b,rtn4rl2b
19050,rtraf,rtraf
19051,rttn,rttn
19052,rubcn,rubcn
19053,rubcnl,rubcnl
19054,rufy1,rufy1
19055,rufy2,rufy2
19056,rufy3,rufy3
19057,RUNDC1,RUNDC1
19058,rundc3aa,rundc3aa
19059,rundc3ab,rundc3ab
19060,rundc3b,rundc3b
19061,runx1,runx1
19062,runx1t1,runx1t1
19063,runx2b,runx2b
19064,runx3,runx3
19065,rusc1,rusc1
19066,rusc2,rusc2
19067,ruvbl1,ruvbl1
19068,ruvbl2,ruvbl2
19069,rwdd,rwdd
19070,rwdd1,rwdd1
19071,rwdd2b,rwdd2b
19072,rwdd3,rwdd3
19073,rx1,rx1
19074,rx2,rx2
19075,rx3,rx3
19076,rxfp1,rxfp1
19077,rxfp2a,rxfp2a
19078,rxfp2b,rxfp2b
19079,rxfp2l,rxfp2l
19080,rxfp3.2a,rxfp3.2a
19081,rxfp3.2b,rxfp3.2b
19082,rxfp3.3a3,rxfp3.3a3
19083,rxfp3.3b,rxfp3.3b
19084,rxraa,rxraa
19085,rxrab,rxrab
19086,rxrba,rxrba
19087,rxrbb,rxrbb
19088,rxrga,rxrga
19089,rxrgb,rxrgb
19090,rybpa,rybpa
19091,rybpb,rybpb
19092,ryk,ryk
19093,ryr1a,ryr1a
19094,ryr1b,ryr1b
19095,RYR2,RYR2
19096,ryr2a,ryr2a
19097,ryr2b,ryr2b
19098,ryr3,ryr3
19099,s100a1,s100a1
19100,s100a10a,s100a10a
19101,s100a10b,s100a10b
19102,s100a11,s100a11
19103,s100b,s100b
19104,s100s,s100s
19105,s100t,s100t
19106,s100u,s100u
19107,s100v1,s100v1
19108,s100v2,s100v2
19109,s100w,s100w
19110,s100z,s100z
19111,s1pr1,s1pr1
19112,s1pr2,s1pr2
19113,s1pr3a,s1pr3a
19114,s1pr4,s1pr4
19115,s1pr5a,s1pr5a
19116,s1pr5b,s1pr5b
19117,saa,saa
19118,saal1,saal1
19119,sacm1la,sacm1la
19120,sacm1lb,sacm1lb
19121,sacs,sacs
19122,sae1,sae1
19123,safb,safb
19124,saga,saga
19125,sagb,sagb
19126,sall1a,sall1a
19127,sall1b,sall1b
19128,sall2,sall2
19129,sall3a,sall3a
19130,sall3b,sall3b
19131,samd10a,samd10a
19132,samd10b,samd10b
19133,SAMD12,SAMD12
19134,samd13,samd13
19135,samd1a,samd1a
19136,samd1b,samd1b
19137,samd4a,samd4a
19138,samd4b,samd4b
19139,SAMD5,SAMD5
19140,samd7,samd7
19141,SAMD8,SAMD8
19142,SAMD9,SAMD9
19143,samhd1,samhd1
19144,samm50,samm50
19145,samm50l,samm50l
19146,samsn1a,samsn1a
19147,samsn1b,samsn1b
19148,sap130a,sap130a
19149,sap130b,sap130b
19150,sap18,sap18
19151,sap30bp,sap30bp
19152,sap30l,sap30l
19153,sapcd2,sapcd2
19154,sar1aa,sar1aa
19155,sar1ab,sar1ab
19156,sar1b,sar1b
19157,saraf,saraf
19158,sardh,sardh
19159,sarm1,sarm1
19160,sarnp,sarnp
19161,sars,sars
19162,sars2,sars2
19163,sart1,sart1
19164,sart3,sart3
19165,sash1a,sash1a
19166,sash1b,sash1b
19167,sass6,sass6
19168,sat1a.1,sat1a.1
19169,sat1a.2,sat1a.2
19170,sat1b,sat1b
19171,SAT2,SAT2
19172,sat2a,sat2a
19173,sat2b,sat2b
19174,satb1a,satb1a
19175,satb1b,satb1b
19176,satb2,satb2
19177,sav1,sav1
19178,saxo2,saxo2
19179,sb:cb1058,sbcb1058
19180,sb:cb37,sbcb37
19181,sb:cb470,sbcb470
19182,sb:cb649,sbcb649
19183,sb:cb81,sbcb81
19184,sbds,sbds
19185,sbf1,sbf1
19186,sbf2,sbf2
19187,sbk3,sbk3
19188,sbno1,sbno1
19189,SBNO2,SBNO2
19190,sbno2a,sbno2a
19191,SBSPON,SBSPON
19192,sc:d0202,scd0202
19193,sc:d0284,scd0284
19194,sc:d189,scd189
19195,sc:d217,scd217
19196,sc5d,sc5d
19197,scaf1,scaf1
19198,scaf11,scaf11
19199,scaf4a,scaf4a
19200,scaf4b,scaf4b
19201,scai,scai
19202,scamp1,scamp1
19203,scamp2,scamp2
19204,scamp2l,scamp2l
19205,scamp3,scamp3
19206,scamp4,scamp4
19207,scamp5a,scamp5a
19208,scamp5b,scamp5b
19209,scap,scap
19210,scaper,scaper
19211,scara3,scara3
19212,scara5,scara5
19213,scarb1,scarb1
19214,scarb2a,scarb2a
19215,scarb2c,scarb2c
19216,scarf1,scarf1
19217,SCARF2,SCARF2
19218,SCCPDH,SCCPDH
19219,sccpdha,sccpdha
19220,sccpdhb,sccpdhb
19221,scd,scd
19222,scdb,scdb
19223,scel,scel
19224,scfd1,scfd1
19225,scfd2,scfd2
19226,scg2a,scg2a
19227,scg2b,scg2b
19228,scg3,scg3
19229,scgn,scgn
19230,schip1,schip1
19231,scin,scin
19232,scinla,scinla
19233,scinlb,scinlb
19234,sclt1,sclt1
19235,scly,scly
19236,scmh1,scmh1
19237,scml2,scml2
19238,scml4,scml4
19239,scn1ba,scn1ba
19240,scn1bb,scn1bb
19241,scn1laa,scn1laa
19242,scn1lab,scn1lab
19243,scn3b,scn3b
19244,scn4aa,scn4aa
19245,scn4ab,scn4ab
19246,scn4ba,scn4ba
19247,scn4bb,scn4bb
19248,scn5lab,scn5lab
19249,scn8aa,scn8aa
19250,scn8ab,scn8ab
19251,scnm1,scnm1
19252,sco1,sco1
19253,sco2,sco2
19254,scoca,scoca
19255,scocb,scocb
19256,scospondin,scospondin
19257,scp2a,scp2a
19258,scp2b,scp2b
19259,scpep1,scpep1
19260,scpp1,scpp1
19261,scpp5,scpp5
19262,scpp7,scpp7
19263,scpp8,scpp8
19264,scpp9,scpp9
19265,scrib,scrib
19266,scrn2,scrn2
19267,scrn3,scrn3
19268,scrt1a,scrt1a
19269,scrt1b,scrt1b
19270,scrt2,scrt2
19271,sctr,sctr
19272,scube1,scube1
19273,scube2,scube2
19274,scube3,scube3
19275,scxa,scxa
19276,scyl1,scyl1
19277,SCYL2,SCYL2
19278,scyl3,scyl3
19279,sdad1,sdad1
19280,sdc2,sdc2
19281,sdc4,sdc4
19282,sdcbp,sdcbp
19283,sdcbp2,sdcbp2
19284,sdccag8,sdccag8
19285,sde2,sde2
19286,sdf2,sdf2
19287,sdf2l1,sdf2l1
19288,sdf4,sdf4
19289,sdha,sdha
19290,sdhaf1,sdhaf1
19291,sdhaf2,sdhaf2
19292,sdhaf3,sdhaf3
19293,sdhaf4,sdhaf4
19294,sdhb,sdhb
19295,sdhc,sdhc
19296,sdhda,sdhda
19297,sdhdb,sdhdb
19298,sdk1b,sdk1b
19299,SDK2,SDK2
19300,sdk2b,sdk2b
19301,sdr16c5a,sdr16c5a
19302,sdr16c5b,sdr16c5b
19303,sdr39u1,sdr39u1
19304,sdr42e1,sdr42e1
19305,sdr42e2,sdr42e2
19306,sdsl,sdsl
19307,sebox,sebox
19308,sec11a,sec11a
19309,sec13,sec13
19310,sec14l7,sec14l7
19311,sec14l8,sec14l8
19312,sec16b,sec16b
19313,sec22a,sec22a
19314,sec22ba,sec22ba
19315,sec22bb,sec22bb
19316,sec22c,sec22c
19317,sec23a,sec23a
19318,sec23b,sec23b
19319,sec23ip,sec23ip
19320,sec24a,sec24a
19321,sec24b,sec24b
19322,sec24c,sec24c
19323,sec24d,sec24d
19324,sec31a,sec31a
19325,sec31b,sec31b
19326,sec61a1,sec61a1
19327,sec61a1l,sec61a1l
19328,sec61b,sec61b
19329,sec61g,sec61g
19330,sec62,sec62
19331,sec63,sec63
19332,secisbp2,secisbp2
19333,seh1l,seh1l
19334,sel1l,sel1l
19335,sele,sele
19336,selenbp1,selenbp1
19337,selenof,selenof
19338,selenoh,selenoh
19339,selenoi,selenoi
19340,selenoj,selenoj
19341,selenok,selenok
19342,selenol,selenol
19343,selenom,selenom
19344,selenon,selenon
19345,selenoo1,selenoo1
19346,selenoo2,selenoo2
19347,selenop2,selenop2
19348,selenos,selenos
19349,selenot1a,selenot1a
19350,selenot1b,selenot1b
19351,selenot2,selenot2
19352,selenou1a,selenou1a
19353,selenou1b,selenou1b
19354,selenow1,selenow1
19355,selenow2a,selenow2a
19356,selenow2b,selenow2b
19357,selp,selp
19358,selplg,selplg
19359,sem1,sem1
19360,sema3aa,sema3aa
19361,sema3ab,sema3ab
19362,sema3b,sema3b
19363,sema3bl,sema3bl
19364,sema3c,sema3c
19365,sema3d,sema3d
19366,sema3e,sema3e
19367,sema3fa,sema3fa
19368,sema3fb,sema3fb
19369,sema3ga,sema3ga
19370,sema3gb,sema3gb
19371,sema3h,sema3h
19372,sema4aa,sema4aa
19373,sema4ab,sema4ab
19374,sema4ba,sema4ba
19375,sema4bb,sema4bb
19376,sema4c,sema4c
19377,sema4e,sema4e
19378,SEMA4F,SEMA4F
19379,sema4ga,sema4ga
19380,sema4gb,sema4gb
19381,sema5a,sema5a
19382,sema5ba,sema5ba
19383,sema5bb,sema5bb
19384,sema6a,sema6a
19385,sema6ba,sema6ba
19386,sema6bb,sema6bb
19387,sema6d,sema6d
19388,sema6dl,sema6dl
19389,sema6e,sema6e
19390,sema7a,sema7a
19391,senp2,senp2
19392,senp3a,senp3a
19393,senp3b,senp3b
19394,senp5,senp5
19395,senp6a,senp6a
19396,senp6b,senp6b
19397,senp7b,senp7b
19398,senp8,senp8
19399,sephs1,sephs1
19400,sephs2,sephs2
19401,sepsecs,sepsecs
19402,sept10,sept10
19403,sept12,sept12
19404,sept15,sept15
19405,sept2,sept2
19406,sept3,sept3
19407,sept4a,sept4a
19408,sept4b,sept4b
19409,sept5a,sept5a
19410,sept5b,sept5b
19411,sept6,sept6
19412,sept7a,sept7a
19413,sept7b,sept7b
19414,sept8a,sept8a
19415,sept8b,sept8b
19416,sept9a,sept9a
19417,sept9b,sept9b
19418,serac1,serac1
19419,serbp1a,serbp1a
19420,serbp1b,serbp1b
19421,serf2,serf2
19422,sergef,sergef
19423,serhl,serhl
19424,serinc1,serinc1
19425,serinc2,serinc2
19426,serinc2l,serinc2l
19427,serinc4,serinc4
19428,serinc5,serinc5
19429,serp2,serp2
19430,serpina1,serpina1
19431,serpina10a,serpina10a
19432,serpina1l,serpina1l
19433,serpinb1,serpinb1
19434,serpinb14,serpinb14
19435,serpinb1l1,serpinb1l1
19436,serpinb1l2,serpinb1l2
19437,serpinb1l3,serpinb1l3
19438,serpinb1l4,serpinb1l4
19439,SERPINB8,SERPINB8
19440,serpinc1,serpinc1
19441,serpind1,serpind1
19442,serpine1,serpine1
19443,serpine2,serpine2
19444,serpinf1,serpinf1
19445,serpinf2a,serpinf2a
19446,serpinf2b,serpinf2b
19447,serping1,serping1
19448,serpinh1a,serpinh1a
19449,serpinh1b,serpinh1b
19450,serpinh2,serpinh2
19451,serpini1,serpini1
19452,sertad2a,sertad2a
19453,sertad2b,sertad2b
19454,sertad4,sertad4
19455,sesn1,sesn1
19456,sesn2,sesn2
19457,sesn3,sesn3
19458,sestd1,sestd1
19459,seta,seta
19460,setb,setb
19461,setbp1,setbp1
19462,setd1a,setd1a
19463,setd1ba,setd1ba
19464,setd1bb,setd1bb
19465,setd2,setd2
19466,setd3,setd3
19467,setd4,setd4
19468,setd5,setd5
19469,setd6,setd6
19470,setd7,setd7
19471,setd9,setd9
19472,setdb1a,setdb1a
19473,setdb1b,setdb1b
19474,setdb2,setdb2
19475,setmar,setmar
19476,setx,setx
19477,sez6a,sez6a
19478,sez6b,sez6b
19479,sez6l,sez6l
19480,sez6l2,sez6l2
19481,sf1,sf1
19482,sf3a1,sf3a1
19483,sf3a2,sf3a2
19484,sf3a3,sf3a3
19485,sf3b1,sf3b1
19486,sf3b2,sf3b2
19487,sf3b3,sf3b3
19488,sf3b4,sf3b4
19489,sf3b5,sf3b5
19490,sf3b6,sf3b6
19491,sfi1,sfi1
19492,SFMBT1,SFMBT1
19493,sfmbt2,sfmbt2
19494,sfpq,sfpq
19495,sfr1,sfr1
19496,sfrp1a,sfrp1a
19497,sfrp1b,sfrp1b
19498,sfrp2,sfrp2
19499,sfrp2l,sfrp2l
19500,sfrp5,sfrp5
19501,sfswap,sfswap
19502,sft2d1,sft2d1
19503,sft2d2a,sft2d2a
19504,sft2d2b,sft2d2b
19505,sft2d3,sft2d3
19506,sftpbb,sftpbb
19507,sfxn1,sfxn1
19508,sfxn2,sfxn2
19509,sfxn3,sfxn3
19510,sfxn4,sfxn4
19511,sfxn5a,sfxn5a
19512,sfxn5b,sfxn5b
19513,sgca,sgca
19514,sgcb,sgcb
19515,sgcd,sgcd
19516,sgce,sgce
19517,sgcg,sgcg
19518,SGCZ,SGCZ
19519,sgf29,sgf29
19520,sgip1a,sgip1a
19521,sgip1b,sgip1b
19522,sgk1,sgk1
19523,sgk2a,sgk2a
19524,sgk2b,sgk2b
19525,sgk3,sgk3
19526,sgk494a,sgk494a
19527,sgk494b,sgk494b
19528,sgms1,sgms1
19529,sgms2a,sgms2a
19530,sgms2b,sgms2b
19531,sgo1,sgo1
19532,sgpl1,sgpl1
19533,sgpp1,sgpp1
19534,SGPP2,SGPP2
19535,sgsh,sgsh
19536,sgsm1a,sgsm1a
19537,sgsm1b,sgsm1b
19538,sgsm2,sgsm2
19539,sgsm3,sgsm3
19540,sgta,sgta
19541,sgtb,sgtb
19542,sh2b1,sh2b1
19543,SH2B2,SH2B2
19544,sh2b3,sh2b3
19545,sh2d1aa,sh2d1aa
19546,sh2d1ab,sh2d1ab
19547,SH2D3A,SH2D3A
19548,sh2d3ca,sh2d3ca
19549,sh2d3cb,sh2d3cb
19550,sh2d4a,sh2d4a
19551,sh2d4ba,sh2d4ba
19552,sh2d4bb,sh2d4bb
19553,sh2d5,sh2d5
19554,sh3bgr,sh3bgr
19555,sh3bgrl,sh3bgrl
19556,sh3bgrl2,sh3bgrl2
19557,sh3bgrl3,sh3bgrl3
19558,sh3bp1,sh3bp1
19559,sh3bp2,sh3bp2
19560,sh3bp4,sh3bp4
19561,sh3bp4a,sh3bp4a
19562,sh3bp5a,sh3bp5a
19563,sh3bp5b,sh3bp5b
19564,sh3bp5la,sh3bp5la
19565,sh3d21,sh3d21
19566,sh3gl1a,sh3gl1a
19567,sh3gl1b,sh3gl1b
19568,sh3gl2a,sh3gl2a
19569,sh3gl2b,sh3gl2b
19570,sh3gl3a,sh3gl3a
19571,sh3gl3b,sh3gl3b
19572,sh3glb1a,sh3glb1a
19573,sh3glb1b,sh3glb1b
19574,sh3glb2a,sh3glb2a
19575,sh3glb2b,sh3glb2b
19576,sh3kbp1,sh3kbp1
19577,sh3pxd2aa,sh3pxd2aa
19578,sh3pxd2b,sh3pxd2b
19579,sh3rf1,sh3rf1
19580,sh3rf2,sh3rf2
19581,SH3RF3,SH3RF3
19582,SH3TC1,SH3TC1
19583,sh3tc2,sh3tc2
19584,sh3yl1,sh3yl1
19585,shank1,shank1
19586,shank2,shank2
19587,shank3a,shank3a
19588,shank3b,shank3b
19589,sharpin,sharpin
19590,shbg,shbg
19591,shc2,shc2
19592,SHC3,SHC3
19593,shcbp1,shcbp1
19594,shda,shda
19595,shdb,shdb
19596,she,she
19597,shha,shha
19598,shhb,shhb
19599,shisa2a,shisa2a
19600,shisa2b,shisa2b
19601,shisa3,shisa3
19602,shisa4,shisa4
19603,shisa6,shisa6
19604,shisa7b,shisa7b
19605,shisa8b,shisa8b
19606,shisa9a,shisa9a
19607,shisa9b,shisa9b
19608,shisal1a,shisal1a
19609,SHISAL2A,SHISAL2A
19610,SHKBP1,SHKBP1
19611,shmt1,shmt1
19612,shmt2,shmt2
19613,shoc2,shoc2
19614,shox,shox
19615,shox2,shox2
19616,shpk,shpk
19617,shprh,shprh
19618,shq1,shq1
19619,shroom1,shroom1
19620,shroom2a,shroom2a
19621,shroom4,shroom4
19622,shrprbck1r,shrprbck1r
19623,shtn1,shtn1
19624,si:busm1-104n07.3,sibusm1104n07.3
19625,si:busm1-160c18.6,sibusm1160c18.6
19626,si:busm1-163l24.4,sibusm1163l24.4
19627,si:busm1-194e12.11,sibusm1194e12.11
19628,si:busm1-228j01.6,sibusm1228j01.6
19629,si:busm1-52i16.2,sibusm152i16.2
19630,si:busm1-57f23.1,sibusm157f23.1
19631,si:busm1-71b9.3,sibusm171b9.3
19632,si:busm1-sl7.7,sibusm1sl7.7
19633,si:cabz01007794.1,sicabz01007794.1
19634,si:cabz01007802.1,sicabz01007802.1
19635,si:cabz01007807.1,sicabz01007807.1
19636,si:cabz01007812.1,sicabz01007812.1
19637,si:cabz01009626.1,sicabz01009626.1
19638,si:cabz01021426.2,sicabz01021426.2
19639,si:cabz01021430.2,sicabz01021430.2
19640,si:cabz01021433.2,sicabz01021433.2
19641,si:cabz01023700.1,sicabz01023700.1
19642,si:cabz01032454.3,sicabz01032454.3
19644,si:cabz01036006.1,sicabz01036006.1
19645,si:cabz01036022.1,sicabz01036022.1
19646,si:cabz01054394.5,sicabz01054394.5
19647,si:cabz01054394.6,sicabz01054394.6
19648,si:cabz01054394.7,sicabz01054394.7
19649,si:cabz01054396.2,sicabz01054396.2
19650,si:cabz01063885.1,sicabz01063885.1
19651,si:cabz01069012.2,sicabz01069012.2
19652,si:cabz01069013.3,sicabz01069013.3
19653,si:cabz01069013.4,sicabz01069013.4
19654,si:cabz01069015.1,sicabz01069015.1
19655,si:cabz01069582.1,sicabz01069582.1
19656,si:cabz01071907.1,sicabz01071907.1
19657,si:cabz01071909.2,sicabz01071909.2
19658,si:cabz01071911.3,sicabz01071911.3
19659,si:cabz01071911.4,sicabz01071911.4
19660,si:cabz01071912.2,sicabz01071912.2
19661,si:cabz01074946.1,sicabz01074946.1
19662,si:cabz01080528.1,sicabz01080528.1
19663,si:cabz01090193.1,sicabz01090193.1
19664,si:cabz01100188.1,sicabz01100188.1
19665,si:cabz01101003.1,sicabz01101003.1
19666,si:cabz01102082.1,sicabz01102082.1
19667,si:ch1073-100f3.2,sich1073100f3.2
19668,si:ch1073-104i17.1,sich1073104i17.1
19669,si:ch1073-110a20.2,sich1073110a20.2
19670,si:ch1073-110a20.3,sich1073110a20.3
19671,si:ch1073-126c3.2,sich1073126c3.2
19672,si:ch1073-127d16.1,sich1073127d16.1
19673,si:ch1073-138d10.2,sich1073138d10.2
19674,si:ch1073-13h15.3,sich107313h15.3
19675,si:ch1073-140o9.2,sich1073140o9.2
19676,si:ch1073-143l10.2,sich1073143l10.2
19677,si:ch1073-145m9.1,sich1073145m9.1
19678,si:ch1073-153i20.4,sich1073153i20.4
19679,si:ch1073-153i20.5,sich1073153i20.5
19680,si:ch1073-155h21.1,sich1073155h21.1
19681,si:ch1073-155h21.2,sich1073155h21.2
19682,si:ch1073-159d7.7,sich1073159d7.7
19683,si:ch1073-15f19.2,sich107315f19.2
19684,si:ch1073-170o4.1,sich1073170o4.1
19685,si:ch1073-174d20.1,sich1073174d20.1
19686,si:ch1073-174d20.2,sich1073174d20.2
19687,si:ch1073-181h11.2,sich1073181h11.2
19688,si:ch1073-181h11.4,sich1073181h11.4
19689,si:ch1073-184j22.1,sich1073184j22.1
19690,si:ch1073-184j22.2,sich1073184j22.2
19691,si:ch1073-185p12.2,sich1073185p12.2
19692,si:ch1073-186o8.3,sich1073186o8.3
19693,si:ch1073-188e1.1,sich1073188e1.1
19694,si:ch1073-190k2.1,sich1073190k2.1
19695,si:ch1073-205c8.5,sich1073205c8.5
19696,si:ch1073-209e23.1,sich1073209e23.1
19697,si:ch1073-209h18.1,sich1073209h18.1
19698,si:ch1073-214b20.2,sich1073214b20.2
19699,si:ch1073-220m6.1,sich1073220m6.1
19700,si:ch1073-224n8.1,sich1073224n8.1
19701,si:ch1073-228b5.2,sich1073228b5.2
19702,si:ch1073-228h2.2,sich1073228h2.2
19703,si:ch1073-228j22.1,sich1073228j22.1
19704,si:ch1073-228j22.2,sich1073228j22.2
19705,si:ch1073-22e3.1,sich107322e3.1
19706,si:ch1073-22e3.4,sich107322e3.4
19707,si:ch1073-263o8.2,sich1073263o8.2
19708,si:ch1073-266p11.2,sich1073266p11.2
19709,si:ch1073-268j14.1,sich1073268j14.1
19710,si:ch1073-272j17.3,sich1073272j17.3
19711,si:ch1073-272o11.3,sich1073272o11.3
19712,si:ch1073-280e3.1,sich1073280e3.1
19713,si:ch1073-287p18.1,sich1073287p18.1
19714,si:ch1073-296d18.1,sich1073296d18.1
19715,si:ch1073-296i8.2,sich1073296i8.2
19716,si:ch1073-303d10.1,sich1073303d10.1
19717,si:ch1073-303k11.2,sich1073303k11.2
19718,si:ch1073-314i13.4,sich1073314i13.4
19719,si:ch1073-322p19.1,sich1073322p19.1
19720,si:ch1073-325m22.2,sich1073325m22.2
19721,si:ch1073-335m2.2,sich1073335m2.2
19722,si:ch1073-339l18.2,sich1073339l18.2
19723,si:ch1073-340i21.2,sich1073340i21.2
19724,si:ch1073-340i21.3,sich1073340i21.3
19725,si:ch1073-340j19.1,sich1073340j19.1
19726,si:ch1073-342h5.2,sich1073342h5.2
19727,si:ch1073-345a8.1,sich1073345a8.1
19728,si:ch1073-349o24.2,sich1073349o24.2
19729,si:ch1073-357b18.4,sich1073357b18.4
19730,si:ch1073-358c10.1,sich1073358c10.1
19731,si:ch1073-363c19.3,sich1073363c19.3
19732,si:ch1073-365p7.2,sich1073365p7.2
19733,si:ch1073-366l7.1,sich1073366l7.1
19734,si:ch1073-376c22.1,sich1073376c22.1
19735,si:ch1073-385f13.3,sich1073385f13.3
19736,si:ch1073-390k14.1,sich1073390k14.1
19737,si:ch1073-391i24.1,sich1073391i24.1
19738,si:ch1073-392o20.2,sich1073392o20.2
19739,si:ch1073-394i4.1,sich1073394i4.1
19740,si:ch1073-396h14.1,sich1073396h14.1
19741,si:ch1073-398f15.1,sich1073398f15.1
19742,si:ch1073-406l10.2,sich1073406l10.2
19743,si:ch1073-416d2.3,sich1073416d2.3
19744,si:ch1073-416d2.4,sich1073416d2.4
19745,si:ch1073-416j23.1,sich1073416j23.1
19746,si:ch1073-429i10.1,sich1073429i10.1
19747,si:ch1073-440b2.1,sich1073440b2.1
19749,si:ch1073-441p17.1,sich1073441p17.1
19750,si:ch1073-443f11.2,sich1073443f11.2
19751,si:ch1073-450f2.1,sich1073450f2.1
19752,si:ch1073-459b3.2,sich1073459b3.2
19753,si:ch1073-459j12.1,sich1073459j12.1
19754,si:ch1073-464p5.5,sich1073464p5.5
19755,si:ch1073-469d17.2,sich1073469d17.2
19756,si:ch1073-475a24.1,sich1073475a24.1
19757,si:ch1073-513e17.1,sich1073513e17.1
19758,si:ch1073-526c11.3,sich1073526c11.3
19759,si:ch1073-59l16.1,sich107359l16.1
19760,si:ch1073-66l23.1,sich107366l23.1
19761,si:ch1073-70f20.1,sich107370f20.1
19762,si:ch1073-75f15.2,sich107375f15.2
19763,si:ch1073-75o15.4,sich107375o15.4
19764,si:ch1073-80i24.3,sich107380i24.3
19765,si:ch1073-82l19.1,sich107382l19.1
19766,si:ch1073-83n3.2,sich107383n3.2
19767,si:ch1073-90m23.1,sich107390m23.1
19768,si:ch211-102c2.4,sich211102c2.4
19769,si:ch211-102c2.7,sich211102c2.7
19770,si:ch211-102c2.8,sich211102c2.8
19771,si:ch211-103a14.5,sich211103a14.5
19772,si:ch211-103f14.3,sich211103f14.3
19773,si:ch211-103n10.5,sich211103n10.5
19774,si:ch211-105c13.3,sich211105c13.3
19775,si:ch211-105f12.2,sich211105f12.2
19776,si:ch211-105j21.9,sich211105j21.9
19777,si:ch211-105n15.1,sich211105n15.1
19778,si:ch211-106a19.1,sich211106a19.1
19779,si:ch211-106e7.2,sich211106e7.2
19780,si:ch211-106f21.1,sich211106f21.1
19781,si:ch211-106h11.1,sich211106h11.1
19782,si:ch211-106h11.3,sich211106h11.3
19783,si:ch211-106h4.12,sich211106h4.12
19784,si:ch211-106h4.4,sich211106h4.4
19785,si:ch211-106h4.5,sich211106h4.5
19786,si:ch211-106h4.6,sich211106h4.6
19787,si:ch211-106h4.9,sich211106h4.9
19788,si:ch211-106j21.6,sich211106j21.6
19789,si:ch211-106k21.5,sich211106k21.5
19790,si:ch211-106n13.3,sich211106n13.3
19791,si:ch211-107e6.5,sich211107e6.5
19792,si:ch211-107e6.6,sich211107e6.6
19793,si:ch211-107m4.1,sich211107m4.1
19794,si:ch211-107n13.1,sich211107n13.1
19795,si:ch211-107o10.3,sich211107o10.3
19796,si:ch211-107p11.3,sich211107p11.3
19797,si:ch211-108c17.2,sich211108c17.2
19798,si:ch211-108c6.2,sich211108c6.2
19799,si:ch211-108d22.1,sich211108d22.1
19800,si:ch211-108d22.2,sich211108d22.2
19801,si:ch211-10a23.2,sich21110a23.2
19802,si:ch211-10d23.5,sich21110d23.5
19803,si:ch211-110e21.3,sich211110e21.3
19804,si:ch211-110e21.4,sich211110e21.4
19805,si:ch211-110p13.9,sich211110p13.9
19806,si:ch211-111e20.1,sich211111e20.1
19807,si:ch211-112c15.8,sich211112c15.8
19808,si:ch211-112g6.4,sich211112g6.4
19809,si:ch211-113a14.11,sich211113a14.11
19810,si:ch211-113a14.18,sich211113a14.18
19811,si:ch211-113a14.24,sich211113a14.24
19812,si:ch211-113a14.9,sich211113a14.9
19813,si:ch211-113d11.5,sich211113d11.5
19814,si:ch211-113d11.6,sich211113d11.6
19815,si:ch211-113d22.2,sich211113d22.2
19816,si:ch211-113e8.10,sich211113e8.10
19817,si:ch211-113e8.11,sich211113e8.11
19818,si:ch211-113e8.5,sich211113e8.5
19819,si:ch211-113e8.9,sich211113e8.9
19820,si:ch211-113g11.6,sich211113g11.6
19821,si:ch211-113j14.1,sich211113j14.1
19822,si:ch211-113p18.3,sich211113p18.3
19823,si:ch211-114c12.2,sich211114c12.2
19824,si:ch211-114c12.5,sich211114c12.5
19825,si:ch211-114c17.1,sich211114c17.1
19826,si:ch211-114l13.1,sich211114l13.1
19827,si:ch211-114l13.12,sich211114l13.12
19828,si:ch211-114l13.3,sich211114l13.3
19829,si:ch211-114l13.4,sich211114l13.4
19830,si:ch211-114l13.9,sich211114l13.9
19831,si:ch211-114m9.1,sich211114m9.1
19832,si:ch211-114n24.6,sich211114n24.6
19833,si:ch211-116o3.5,sich211116o3.5
19834,si:ch211-117c9.1,sich211117c9.1
19835,si:ch211-117c9.2,sich211117c9.2
19836,si:ch211-117c9.5,sich211117c9.5
19837,si:ch211-117i20.2,sich211117i20.2
19838,si:ch211-117k10.3,sich211117k10.3
19840,si:ch211-117l17.7,sich211117l17.7
19841,si:ch211-117m20.4,sich211117m20.4
19842,si:ch211-117n7.6,sich211117n7.6
19843,si:ch211-117n7.7,sich211117n7.7
19844,si:ch211-119d14.2,sich211119d14.2
19845,si:ch211-119d14.3,sich211119d14.3
19846,si:ch211-119e14.1,sich211119e14.1
19847,si:ch211-119o8.4,sich211119o8.4
19848,si:ch211-119o8.6,sich211119o8.6
19849,si:ch211-11c3.11,sich21111c3.11
19850,si:ch211-11c3.12,sich21111c3.12
19851,si:ch211-11c3.9,sich21111c3.9
19852,si:ch211-11k18.4,sich21111k18.4
19853,si:ch211-11n16.2,sich21111n16.2
19854,si:ch211-11n16.3,sich21111n16.3
19855,si:ch211-120c15.3,sich211120c15.3
19856,si:ch211-120e1.7,sich211120e1.7
19857,si:ch211-120g10.1,sich211120g10.1
19858,si:ch211-120k19.1,sich211120k19.1
19859,si:ch211-121a2.2,sich211121a2.2
19860,si:ch211-121a2.4,sich211121a2.4
19861,si:ch211-121j5.4,sich211121j5.4
19862,si:ch211-122f10.4,sich211122f10.4
19863,si:ch211-122l24.6,sich211122l24.6
19864,si:ch211-125e6.11,sich211125e6.11
19865,si:ch211-125e6.12,sich211125e6.12
19866,si:ch211-125e6.13,sich211125e6.13
19867,si:ch211-125e6.14,sich211125e6.14
19868,si:ch211-125e6.5,sich211125e6.5
19869,si:ch211-125e6.8,sich211125e6.8
19870,si:ch211-125m10.6,sich211125m10.6
19871,si:ch211-125o16.4,sich211125o16.4
19872,si:ch211-126c2.4,sich211126c2.4
19873,si:ch211-126j24.1,sich211126j24.1
19874,si:ch211-127b11.1,sich211127b11.1
19875,si:ch211-127b16.6,sich211127b16.6
19876,si:ch211-127d4.3,sich211127d4.3
19877,si:ch211-127i16.2,sich211127i16.2
19878,si:ch211-127m7.2,sich211127m7.2
19879,si:ch211-127n13.2,sich211127n13.2
19880,si:ch211-128m15.3,sich211128m15.3
19881,si:ch211-129c21.1,sich211129c21.1
19882,si:ch211-129o18.4,sich211129o18.4
19883,si:ch211-129p13.1,sich211129p13.1
19884,si:ch211-12e13.1,sich21112e13.1
19885,si:ch211-12e13.10,sich21112e13.10
19886,si:ch211-12e13.12,sich21112e13.12
19887,si:ch211-12h2.6,sich21112h2.6
19888,si:ch211-12h2.8,sich21112h2.8
19889,si:ch211-12m10.1,sich21112m10.1
19890,si:ch211-12p12.2,sich21112p12.2
19891,si:ch211-130h14.4,sich211130h14.4
19892,si:ch211-130h14.6,sich211130h14.6
19893,si:ch211-130m23.2,sich211130m23.2
19894,si:ch211-130m23.3,sich211130m23.3
19895,si:ch211-130m23.5,sich211130m23.5
19896,si:ch211-131k2.2,sich211131k2.2
19897,si:ch211-132b12.1,sich211132b12.1
19898,si:ch211-132b12.2,sich211132b12.2
19899,si:ch211-132b12.3,sich211132b12.3
19900,si:ch211-132b12.7,sich211132b12.7
19901,si:ch211-132b12.8,sich211132b12.8
19902,si:ch211-132e22.4,sich211132e22.4
19903,si:ch211-132f19.7,sich211132f19.7
19904,si:ch211-132g1.1,sich211132g1.1
19905,si:ch211-132g1.3,sich211132g1.3
19906,si:ch211-132g1.6,sich211132g1.6
19907,si:ch211-132p1.3,sich211132p1.3
19908,si:ch211-133h13.1,sich211133h13.1
19909,si:ch211-133l5.4,sich211133l5.4
19910,si:ch211-133l5.7,sich211133l5.7
19911,si:ch211-133l5.8,sich211133l5.8
19912,si:ch211-133n4.10,sich211133n4.10
19913,si:ch211-133n4.4,sich211133n4.4
19914,si:ch211-133n4.6,sich211133n4.6
19915,si:ch211-133n4.9,sich211133n4.9
19916,si:ch211-134a4.6,sich211134a4.6
19917,si:ch211-134c9.2,sich211134c9.2
19918,si:ch211-134m17.9,sich211134m17.9
19919,si:ch211-135f11.6,sich211135f11.6
19920,si:ch211-135n15.2,sich211135n15.2
19921,si:ch211-136a13.1,sich211136a13.1
19922,si:ch211-136m16.8,sich211136m16.8
19923,si:ch211-137a8.2,sich211137a8.2
19924,si:ch211-137a8.4,sich211137a8.4
19925,si:ch211-137i24.10,sich211137i24.10
19926,si:ch211-137i24.12,sich211137i24.12
19927,si:ch211-139a5.1,sich211139a5.1
19928,si:ch211-139d20.3,sich211139d20.3
19929,si:ch211-139g16.8,sich211139g16.8
19930,si:ch211-139l2.1,sich211139l2.1
19931,si:ch211-139n6.3,sich211139n6.3
19932,si:ch211-13c6.2,sich21113c6.2
19933,si:ch211-13f8.1,sich21113f8.1
19934,si:ch211-13f8.2,sich21113f8.2
19935,si:ch211-13k12.2,sich21113k12.2
19936,si:ch211-140b10.6,sich211140b10.6
19937,si:ch211-140l13.3,sich211140l13.3
19938,si:ch211-140m22.7,sich211140m22.7
19939,si:ch211-141e20.2,sich211141e20.2
19940,si:ch211-141o9.10,sich211141o9.10
19941,si:ch211-142b24.2,sich211142b24.2
19942,si:ch211-142b24.8,sich211142b24.8
19943,si:ch211-142c4.1,sich211142c4.1
19944,si:ch211-143l19.3,sich211143l19.3
19945,si:ch211-145b13.5,sich211145b13.5
19946,si:ch211-145b13.6,sich211145b13.6
19947,si:ch211-145c1.1,sich211145c1.1
19948,si:ch211-145h19.5,sich211145h19.5
19949,si:ch211-145o7.3,sich211145o7.3
19950,si:ch211-146l10.7,sich211146l10.7
19951,si:ch211-146l10.8,sich211146l10.8
19952,si:ch211-146m13.3,sich211146m13.3
19953,si:ch211-147a11.3,sich211147a11.3
19954,si:ch211-147d7.5,sich211147d7.5
19955,si:ch211-147g22.4,sich211147g22.4
19956,si:ch211-147g22.7,sich211147g22.7
19957,si:ch211-147h1.4,sich211147h1.4
19958,si:ch211-147k10.5,sich211147k10.5
19959,si:ch211-147k10.6,sich211147k10.6
19960,si:ch211-147k9.8,sich211147k9.8
19961,si:ch211-147m20.3,sich211147m20.3
19962,si:ch211-147m6.1,sich211147m6.1
19963,si:ch211-148l7.4,sich211148l7.4
19964,si:ch211-149a19.3,sich211149a19.3
19965,si:ch211-149b19.2,sich211149b19.2
19966,si:ch211-149b19.3,sich211149b19.3
19967,si:ch211-149b19.4,sich211149b19.4
19968,si:ch211-149e23.4,sich211149e23.4
19969,si:ch211-149k12.3,sich211149k12.3
19970,si:ch211-149k23.9,sich211149k23.9
19971,si:ch211-149l1.2,sich211149l1.2
19972,si:ch211-14a11.2,sich21114a11.2
19973,si:ch211-14a17.10,sich21114a17.10
19974,si:ch211-14a17.11,sich21114a17.11
19975,si:ch211-14a17.6,sich21114a17.6
19976,si:ch211-14a17.7,sich21114a17.7
19977,si:ch211-14c7.2,sich21114c7.2
19978,si:ch211-14i3.2,sich21114i3.2
19979,si:ch211-14k19.8,sich21114k19.8
19980,si:ch211-14p21.3,sich21114p21.3
19981,si:ch211-150g13.3,sich211150g13.3
19982,si:ch211-150o23.2,sich211150o23.2
19983,si:ch211-150o23.3,sich211150o23.3
19984,si:ch211-151g22.1,sich211151g22.1
19985,si:ch211-151h10.2,sich211151h10.2
19986,si:ch211-151p13.8,sich211151p13.8
19987,si:ch211-152c2.3,sich211152c2.3
19988,si:ch211-152c8.2,sich211152c8.2
19989,si:ch211-152c8.4,sich211152c8.4
19990,si:ch211-152c8.5,sich211152c8.5
19991,si:ch211-152f2.2,sich211152f2.2
19992,si:ch211-152f2.3,sich211152f2.3
19993,si:ch211-152f23.5,sich211152f23.5
19994,si:ch211-152l15.2,sich211152l15.2
19995,si:ch211-152p11.4,sich211152p11.4
19996,si:ch211-152p23.2,sich211152p23.2
19997,si:ch211-153a8.4,sich211153a8.4
19998,si:ch211-153b23.3,sich211153b23.3
19999,si:ch211-153b23.4,sich211153b23.4
20000,si:ch211-153b23.5,sich211153b23.5
20001,si:ch211-153b23.7,sich211153b23.7
20002,si:ch211-153f2.3,sich211153f2.3
20003,si:ch211-153f2.7,sich211153f2.7
20004,si:ch211-153j24.3,sich211153j24.3
20005,si:ch211-153l6.6,sich211153l6.6
20006,si:ch211-154a22.8,sich211154a22.8
20007,si:ch211-154c21.1,sich211154c21.1
20008,si:ch211-154e10.1,sich211154e10.1
20009,si:ch211-154o6.2,sich211154o6.2
20010,si:ch211-154o6.3,sich211154o6.3
20011,si:ch211-154o6.4,sich211154o6.4
20012,si:ch211-155e24.3,sich211155e24.3
20013,si:ch211-155k24.9,sich211155k24.9
20014,si:ch211-155m12.1,sich211155m12.1
20015,si:ch211-155m12.5,sich211155m12.5
20016,si:ch211-155o21.3,sich211155o21.3
20017,si:ch211-155o21.4,sich211155o21.4
20018,si:ch211-156b7.4,sich211156b7.4
20019,si:ch211-156j22.4,sich211156j22.4
20020,si:ch211-156l18.4,sich211156l18.4
20021,si:ch211-156l18.7,sich211156l18.7
20022,si:ch211-156l18.8,sich211156l18.8
20023,si:ch211-157b11.12,sich211157b11.12
20024,si:ch211-157b11.8,sich211157b11.8
20025,si:ch211-157c3.4,sich211157c3.4
20026,si:ch211-157j23.2,sich211157j23.2
20027,si:ch211-157j23.3,sich211157j23.3
20028,si:ch211-157p22.10,sich211157p22.10
20029,si:ch211-158d24.2,sich211158d24.2
20030,si:ch211-158d24.4,sich211158d24.4
20031,si:ch211-158m24.12,sich211158m24.12
20032,si:ch211-159i8.4,sich211159i8.4
20033,si:ch211-15b10.6,sich21115b10.6
20034,si:ch211-15d5.11,sich21115d5.11
20035,si:ch211-15d5.12,sich21115d5.12
20036,si:ch211-15j1.4,sich21115j1.4
20037,si:ch211-15j1.5,sich21115j1.5
20038,si:ch211-15p9.2,sich21115p9.2
20039,si:ch211-160b11.4,sich211160b11.4
20040,si:ch211-160d14.15,sich211160d14.15
20041,si:ch211-160d20.3,sich211160d20.3
20042,si:ch211-160f23.5,sich211160f23.5
20043,si:ch211-160f23.7,sich211160f23.7
20044,si:ch211-160j14.2,sich211160j14.2
20045,si:ch211-160j14.3,sich211160j14.3
20046,si:ch211-160o17.2,sich211160o17.2
20047,si:ch211-160o17.3,sich211160o17.3
20048,si:ch211-160o17.4,sich211160o17.4
20049,si:ch211-160o17.6,sich211160o17.6
20050,si:ch211-161c3.5,sich211161c3.5
20051,si:ch211-161c3.6,sich211161c3.6
20052,si:ch211-161f7.2,sich211161f7.2
20053,si:ch211-161h7.4,sich211161h7.4
20054,si:ch211-161h7.5,sich211161h7.5
20055,si:ch211-161h7.8,sich211161h7.8
20056,si:ch211-161m3.1,sich211161m3.1
20057,si:ch211-161m3.4,sich211161m3.4
20058,si:ch211-161n3.3,sich211161n3.3
20059,si:ch211-161n3.5,sich211161n3.5
20060,si:ch211-162e15.3,sich211162e15.3
20061,si:ch211-162i14.1,sich211162i14.1
20062,si:ch211-162i8.2,sich211162i8.2
20063,si:ch211-162i8.4,sich211162i8.4
20064,si:ch211-162i8.5,sich211162i8.5
20065,si:ch211-162i8.7,sich211162i8.7
20066,si:ch211-162k9.5,sich211162k9.5
20067,si:ch211-163b2.4,sich211163b2.4
20068,si:ch211-163c2.2,sich211163c2.2
20069,si:ch211-163g19.2,sich211163g19.2
20070,si:ch211-163l21.10,sich211163l21.10
20071,si:ch211-163l21.11,sich211163l21.11
20072,si:ch211-163l21.7,sich211163l21.7
20073,si:ch211-163l21.8,sich211163l21.8
20074,si:ch211-163m17.4,sich211163m17.4
20075,si:ch211-165b10.3,sich211165b10.3
20076,si:ch211-165d12.4,sich211165d12.4
20077,si:ch211-165e15.1,sich211165e15.1
20078,si:ch211-165f21.2,sich211165f21.2
20079,si:ch211-165f21.4,sich211165f21.4
20080,si:ch211-165f21.7,sich211165f21.7
20081,si:ch211-165g14.1,sich211165g14.1
20082,si:ch211-165i18.2,sich211165i18.2
20083,si:ch211-166a6.5,sich211166a6.5
20084,si:ch211-166e11.5,sich211166e11.5
20085,si:ch211-166g5.4,sich211166g5.4
20086,si:ch211-167b20.8,sich211167b20.8
20087,si:ch211-167j6.3,sich211167j6.3
20088,si:ch211-167j6.5,sich211167j6.5
20089,si:ch211-167j9.4,sich211167j9.4
20090,si:ch211-167j9.5,sich211167j9.5
20091,si:ch211-168b3.1,sich211168b3.1
20092,si:ch211-168b3.2,sich211168b3.2
20093,si:ch211-168d1.3,sich211168d1.3
20094,si:ch211-168d23.3,sich211168d23.3
20095,si:ch211-168f7.5,sich211168f7.5
20096,si:ch211-169p10.1,sich211169p10.1
20097,si:ch211-170d8.2,sich211170d8.2
20098,si:ch211-170d8.5,sich211170d8.5
20099,si:ch211-170d8.8,sich211170d8.8
20100,si:ch211-171b20.3,sich211171b20.3
20101,si:ch211-171h4.5,sich211171h4.5
20102,si:ch211-171h4.6,sich211171h4.6
20103,si:ch211-171l17.14,sich211171l17.14
20104,si:ch211-172l8.4,sich211172l8.4
20105,si:ch211-173a9.6,sich211173a9.6
20106,si:ch211-173d10.4,sich211173d10.4
20107,si:ch211-173m16.2,sich211173m16.2
20108,si:ch211-173n18.3,sich211173n18.3
20109,si:ch211-173p18.3,sich211173p18.3
20110,si:ch211-174j14.2,sich211174j14.2
20111,si:ch211-175f11.5,sich211175f11.5
20112,si:ch211-175f12.2,sich211175f12.2
20113,si:ch211-175l6.1,sich211175l6.1
20114,si:ch211-175l6.2,sich211175l6.2
20115,si:ch211-175m2.4,sich211175m2.4
20116,si:ch211-175m2.5,sich211175m2.5
20117,si:ch211-176g13.8,sich211176g13.8
20118,si:ch211-176g6.2,sich211176g6.2
20119,si:ch211-176l24.4,sich211176l24.4
20120,si:ch211-178j18.4,sich211178j18.4
20121,si:ch211-178n15.1,sich211178n15.1
20122,si:ch211-180a12.2,sich211180a12.2
20123,si:ch211-180f4.1,sich211180f4.1
20124,si:ch211-180n24.3,sich211180n24.3
20125,si:ch211-181d7.1,sich211181d7.1
20126,si:ch211-181d7.3,sich211181d7.3
20127,si:ch211-182p11.1,sich211182p11.1
20128,si:ch211-183d21.1,sich211183d21.1
20129,si:ch211-183d21.3,sich211183d21.3
20130,si:ch211-183d5.2,sich211183d5.2
20131,si:ch211-184m13.4,sich211184m13.4
20132,si:ch211-185a18.2,sich211185a18.2
20133,si:ch211-186j3.3,sich211186j3.3
20134,si:ch211-186j3.6,sich211186j3.6
20135,si:ch211-188c16.1,sich211188c16.1
20136,si:ch211-188c18.1,sich211188c18.1
20137,si:ch211-188f17.1,sich211188f17.1
20138,si:ch211-188p14.4,sich211188p14.4
20139,si:ch211-189a15.5,sich211189a15.5
20140,si:ch211-189a21.1,sich211189a21.1
20141,si:ch211-189e2.3,sich211189e2.3
20142,si:ch211-189k9.2,sich211189k9.2
20143,si:ch211-190k17.19,sich211190k17.19
20144,si:ch211-191a16.2,sich211191a16.2
20145,si:ch211-191a16.5,sich211191a16.5
20146,si:ch211-191a24.4,sich211191a24.4
20147,si:ch211-191c10.1,sich211191c10.1
20148,si:ch211-191d15.2,sich211191d15.2
20149,si:ch211-191d2.2,sich211191d2.2
20150,si:ch211-191i18.2,sich211191i18.2
20151,si:ch211-191i18.4,sich211191i18.4
20152,si:ch211-191j22.3,sich211191j22.3
20153,si:ch211-191j22.7,sich211191j22.7
20154,si:ch211-191j22.8,sich211191j22.8
20155,si:ch211-191o15.6,sich211191o15.6
20156,si:ch211-193c2.2,sich211193c2.2
20157,si:ch211-193e13.5,sich211193e13.5
20158,si:ch211-193i15.2,sich211193i15.2
20159,si:ch211-193k19.1,sich211193k19.1
20160,si:ch211-193k19.2,sich211193k19.2
20161,si:ch211-193l2.10,sich211193l2.10
20162,si:ch211-193l2.6,sich211193l2.6
20163,si:ch211-193l2.7,sich211193l2.7
20164,si:ch211-194b1.1,sich211194b1.1
20165,si:ch211-194c3.5,sich211194c3.5
20166,si:ch211-194e1.7,sich211194e1.7
20167,si:ch211-194e15.5,sich211194e15.5
20168,si:ch211-194g2.4,sich211194g2.4
20169,si:ch211-194h1.2,sich211194h1.2
20170,si:ch211-194k22.8,sich211194k22.8
20171,si:ch211-194p6.10,sich211194p6.10
20173,si:ch211-195b11.3,sich211195b11.3
20174,si:ch211-195b13.1,sich211195b13.1
20175,si:ch211-195b13.6,sich211195b13.6
20176,si:ch211-195b15.7,sich211195b15.7
20177,si:ch211-195b15.8,sich211195b15.8
20178,si:ch211-195d17.2,sich211195d17.2
20179,si:ch211-195e19.1,sich211195e19.1
20180,si:ch211-195h23.3,sich211195h23.3
20181,si:ch211-195h23.4,sich211195h23.4
20182,si:ch211-195m9.3,sich211195m9.3
20183,si:ch211-195o20.7,sich211195o20.7
20185,si:ch211-196c10.13,sich211196c10.13
20186,si:ch211-196f19.1,sich211196f19.1
20187,si:ch211-196f2.3,sich211196f2.3
20188,si:ch211-196f2.6,sich211196f2.6
20189,si:ch211-196f5.2,sich211196f5.2
20190,si:ch211-196f5.9,sich211196f5.9
20191,si:ch211-196g2.4,sich211196g2.4
20192,si:ch211-196h16.12,sich211196h16.12
20193,si:ch211-196h16.5,sich211196h16.5
20194,si:ch211-196h24.1,sich211196h24.1
20195,si:ch211-196h24.2,sich211196h24.2
20196,si:ch211-196i2.1,sich211196i2.1
20197,si:ch211-196l7.4,sich211196l7.4
20198,si:ch211-196p9.1,sich211196p9.1
20199,si:ch211-197e7.1,sich211197e7.1
20200,si:ch211-197e7.3,sich211197e7.3
20201,si:ch211-197f20.1,sich211197f20.1
20202,si:ch211-197g15.10,sich211197g15.10
20203,si:ch211-197g15.6,sich211197g15.6
20204,si:ch211-197g15.7,sich211197g15.7
20205,si:ch211-197g15.8,sich211197g15.8
20206,si:ch211-197h24.6,sich211197h24.6
20207,si:ch211-197h24.9,sich211197h24.9
20208,si:ch211-197k17.3,sich211197k17.3
20209,si:ch211-197l9.2,sich211197l9.2
20210,si:ch211-197l9.5,sich211197l9.5
20211,si:ch211-197n1.2,sich211197n1.2
20212,si:ch211-198a12.6,sich211198a12.6
20213,si:ch211-198c19.1,sich211198c19.1
20214,si:ch211-198c19.3,sich211198c19.3
20215,si:ch211-198d23.1,sich211198d23.1
20216,si:ch211-198g14.2,sich211198g14.2
20217,si:ch211-198g14.4,sich211198g14.4
20218,si:ch211-198k9.6,sich211198k9.6
20219,si:ch211-198m1.1,sich211198m1.1
20220,si:ch211-198m17.1,sich211198m17.1
20221,si:ch211-198n5.11,sich211198n5.11
20222,si:ch211-198o12.4,sich211198o12.4
20223,si:ch211-199b20.3,sich211199b20.3
20224,si:ch211-199g17.2,sich211199g17.2
20225,si:ch211-199g17.9,sich211199g17.9
20226,si:ch211-199m9.3,sich211199m9.3
20227,si:ch211-199o1.2,sich211199o1.2
20228,si:ch211-1a19.3,sich2111a19.3
20229,si:ch211-1e14.1,sich2111e14.1
20230,si:ch211-1f22.1,sich2111f22.1
20231,si:ch211-1f22.10,sich2111f22.10
20233,si:ch211-1f22.2,sich2111f22.2
20234,si:ch211-1i11.3,sich2111i11.3
20235,si:ch211-1o7.2,sich2111o7.2
20236,si:ch211-1o7.3,sich2111o7.3
20237,si:ch211-201o1.1,sich211201o1.1
20238,si:ch211-202c21.7,sich211202c21.7
20239,si:ch211-202e12.3,sich211202e12.3
20240,si:ch211-202f3.3,sich211202f3.3
20241,si:ch211-202f5.3,sich211202f5.3
20242,si:ch211-202h22.10,sich211202h22.10
20243,si:ch211-202h22.7,sich211202h22.7
20244,si:ch211-202h22.8,sich211202h22.8
20245,si:ch211-202m22.1,sich211202m22.1
20246,si:ch211-202p1.5,sich211202p1.5
20247,si:ch211-203b20.4,sich211203b20.4
20248,si:ch211-203b20.7,sich211203b20.7
20249,si:ch211-203b8.6,sich211203b8.6
20250,si:ch211-203d1.3,sich211203d1.3
20251,si:ch211-203k16.3,sich211203k16.3
20252,si:ch211-204a13.2,sich211204a13.2
20253,si:ch211-204c21.1,sich211204c21.1
20254,si:ch211-204d2.4,sich211204d2.4
20255,si:ch211-205a14.1,sich211205a14.1
20256,si:ch211-205a14.7,sich211205a14.7
20257,si:ch211-206k20.5,sich211206k20.5
20258,si:ch211-207b24.4,sich211207b24.4
20259,si:ch211-207c6.2,sich211207c6.2
20260,si:ch211-207d10.2,sich211207d10.2
20261,si:ch211-207d6.2,sich211207d6.2
20262,si:ch211-207e14.4,sich211207e14.4
20263,si:ch211-207e19.15,sich211207e19.15
20264,si:ch211-207i1.2,sich211207i1.2
20265,si:ch211-207i20.2,sich211207i20.2
20266,si:ch211-207i20.3,sich211207i20.3
20267,si:ch211-207j7.2,sich211207j7.2
20268,si:ch211-207k7.4,sich211207k7.4
20269,si:ch211-207l14.1,sich211207l14.1
20270,si:ch211-207n23.2,sich211207n23.2
20271,si:ch211-208f21.2,sich211208f21.2
20272,si:ch211-208f21.3,sich211208f21.3
20273,si:ch211-208g1.1,sich211208g1.1
20274,si:ch211-208g24.8,sich211208g24.8
20275,si:ch211-208h16.4,sich211208h16.4
20276,si:ch211-208k15.1,sich211208k15.1
20277,si:ch211-209a2.2,sich211209a2.2
20278,si:ch211-209f23.3,sich211209f23.3
20279,si:ch211-209f23.6,sich211209f23.6
20280,si:ch211-209j10.6,sich211209j10.6
20281,si:ch211-209j12.1,sich211209j12.1
20282,si:ch211-209j12.2,sich211209j12.2
20283,si:ch211-209j12.3,sich211209j12.3
20284,si:ch211-209j12.6,sich211209j12.6
20285,si:ch211-209l18.2,sich211209l18.2
20286,si:ch211-209l18.4,sich211209l18.4
20287,si:ch211-209n20.1,sich211209n20.1
20288,si:ch211-209n20.3,sich211209n20.3
20289,si:ch211-210b2.1,sich211210b2.1
20290,si:ch211-210b2.2,sich211210b2.2
20291,si:ch211-210b2.3,sich211210b2.3
20292,si:ch211-210b2.4,sich211210b2.4
20293,si:ch211-210c8.6,sich211210c8.6
20294,si:ch211-210c8.7,sich211210c8.7
20295,si:ch211-210g13.5,sich211210g13.5
20296,si:ch211-211k8.12,sich211211k8.12
20297,si:ch211-212c13.10,sich211212c13.10
20298,si:ch211-212d10.1,sich211212d10.1
20299,si:ch211-212d10.2,sich211212d10.2
20300,si:ch211-212g7.6,sich211212g7.6
20301,si:ch211-212k18.13,sich211212k18.13
20302,si:ch211-212k18.15,sich211212k18.15
20303,si:ch211-212k18.4,sich211212k18.4
20304,si:ch211-212k18.5,sich211212k18.5
20305,si:ch211-212k18.7,sich211212k18.7
20306,si:ch211-212k18.8,sich211212k18.8
20307,si:ch211-212k18.9,sich211212k18.9
20308,si:ch211-212k5.1,sich211212k5.1
20309,si:ch211-212k5.3,sich211212k5.3
20310,si:ch211-212k5.4,sich211212k5.4
20311,si:ch211-212o1.2,sich211212o1.2
20312,si:ch211-213a13.1,sich211213a13.1
20313,si:ch211-213a13.2,sich211213a13.2
20314,si:ch211-213a13.5,sich211213a13.5
20315,si:ch211-213b8.4,sich211213b8.4
20316,si:ch211-213c4.5,sich211213c4.5
20317,si:ch211-213d14.1,sich211213d14.1
20318,si:ch211-213d14.2,sich211213d14.2
20319,si:ch211-214b16.2,sich211214b16.2
20320,si:ch211-214b16.3,sich211214b16.3
20321,si:ch211-214b16.4,sich211214b16.4
20322,si:ch211-214c20.1,sich211214c20.1
20323,si:ch211-214c7.4,sich211214c7.4
20324,si:ch211-214c7.5,sich211214c7.5
20325,si:ch211-214e3.5,sich211214e3.5
20326,si:ch211-214j24.10,sich211214j24.10
20327,si:ch211-214j24.14,sich211214j24.14
20328,si:ch211-214j24.15,sich211214j24.15
20329,si:ch211-214j24.9,sich211214j24.9
20330,si:ch211-214j8.1,sich211214j8.1
20331,si:ch211-214j8.12,sich211214j8.12
20332,si:ch211-214k5.3,sich211214k5.3
20333,si:ch211-214k5.6,sich211214k5.6
20334,si:ch211-214p13.3,sich211214p13.3
20335,si:ch211-214p13.8,sich211214p13.8
20336,si:ch211-214p13.9,sich211214p13.9
20337,si:ch211-214p16.1,sich211214p16.1
20338,si:ch211-214p16.2,sich211214p16.2
20339,si:ch211-214p16.3,sich211214p16.3
20340,si:ch211-215a10.4,sich211215a10.4
20341,si:ch211-215c18.3,sich211215c18.3
20342,si:ch211-215d8.2,sich211215d8.2
20343,si:ch211-215e19.6,sich211215e19.6
20344,si:ch211-215j19.12,sich211215j19.12
20345,si:ch211-215k15.4,sich211215k15.4
20346,si:ch211-215p11.1,sich211215p11.1
20347,si:ch211-215p11.3,sich211215p11.3
20348,si:ch211-216b21.2,sich211216b21.2
20349,si:ch211-216l23.2,sich211216l23.2
20350,si:ch211-216p19.5,sich211216p19.5
20351,si:ch211-216p19.6,sich211216p19.6
20352,si:ch211-217a12.1,sich211217a12.1
20353,si:ch211-217i17.1,sich211217i17.1
20354,si:ch211-217k17.10,sich211217k17.10
20355,si:ch211-217k17.12,sich211217k17.12
20356,si:ch211-217k17.7,sich211217k17.7
20357,si:ch211-217k17.8,sich211217k17.8
20358,si:ch211-217k17.9,sich211217k17.9
20359,si:ch211-218c6.8,sich211218c6.8
20360,si:ch211-218d20.15,sich211218d20.15
20361,si:ch211-218g23.6,sich211218g23.6
20362,si:ch211-218g4.2,sich211218g4.2
20363,si:ch211-218h8.1,sich211218h8.1
20364,si:ch211-218h8.3,sich211218h8.3
20365,si:ch211-218m3.16,sich211218m3.16
20366,si:ch211-218m3.9,sich211218m3.9
20367,si:ch211-218o21.4,sich211218o21.4
20368,si:ch211-219a15.3,sich211219a15.3
20369,si:ch211-219a15.4,sich211219a15.4
20370,si:ch211-219a4.3,sich211219a4.3
20371,si:ch211-220f12.4,sich211220f12.4
20372,si:ch211-220f16.1,sich211220f16.1
20373,si:ch211-220f16.2,sich211220f16.2
20374,si:ch211-220f21.1,sich211220f21.1
20375,si:ch211-220f21.2,sich211220f21.2
20376,si:ch211-220f21.3,sich211220f21.3
20377,si:ch211-220i18.4,sich211220i18.4
20378,si:ch211-220m6.4,sich211220m6.4
20379,si:ch211-221f10.2,sich211221f10.2
20380,si:ch211-221j21.3,sich211221j21.3
20381,si:ch211-222e20.4,sich211222e20.4
20382,si:ch211-222k6.1,sich211222k6.1
20383,si:ch211-222k6.2,sich211222k6.2
20384,si:ch211-222k6.3,sich211222k6.3
20385,si:ch211-222l21.1,sich211222l21.1
20386,si:ch211-222m18.4,sich211222m18.4
20387,si:ch211-222n22.1,sich211222n22.1
20388,si:ch211-222n4.2,sich211222n4.2
20389,si:ch211-223a10.1,sich211223a10.1
20390,si:ch211-223a21.1,sich211223a21.1
20391,si:ch211-223a21.3,sich211223a21.3
20392,si:ch211-223a21.4,sich211223a21.4
20393,si:ch211-223a21.6,sich211223a21.6
20394,si:ch211-223g7.2,sich211223g7.2
20395,si:ch211-223k15.1,sich211223k15.1
20396,si:ch211-223m11.2,sich211223m11.2
20397,si:ch211-224l10.4,sich211224l10.4
20398,si:ch211-225b10.3,sich211225b10.3
20399,si:ch211-225b11.1,sich211225b11.1
20400,si:ch211-225b11.4,sich211225b11.4
20401,si:ch211-225b7.5,sich211225b7.5
20402,si:ch211-225g23.1,sich211225g23.1
20403,si:ch211-225h24.2,sich211225h24.2
20404,si:ch211-225k7.2,sich211225k7.2
20405,si:ch211-225p5.8,sich211225p5.8
20406,si:ch211-226f6.1,sich211226f6.1
20407,si:ch211-226h7.5,sich211226h7.5
20408,si:ch211-226h8.11,sich211226h8.11
20409,si:ch211-226h8.14,sich211226h8.14
20410,si:ch211-226h8.15,sich211226h8.15
20411,si:ch211-226h8.4,sich211226h8.4
20412,si:ch211-226h8.6,sich211226h8.6
20413,si:ch211-226h8.8,sich211226h8.8
20414,si:ch211-226l4.6,sich211226l4.6
20415,si:ch211-226m16.2,sich211226m16.2
20416,si:ch211-226m16.3,sich211226m16.3
20417,si:ch211-226m7.4,sich211226m7.4
20418,si:ch211-226o13.1,sich211226o13.1
20419,si:ch211-227e10.2,sich211227e10.2
20420,si:ch211-227e10.3,sich211227e10.3
20421,si:ch211-227m13.1,sich211227m13.1
20422,si:ch211-227n13.3,sich211227n13.3
20423,si:ch211-227p7.5,sich211227p7.5
20424,si:ch211-229b6.1,sich211229b6.1
20425,si:ch211-229c8.13,sich211229c8.13
20426,si:ch211-229c8.4,sich211229c8.4
20427,si:ch211-229d2.5,sich211229d2.5
20428,si:ch211-229g14.3,sich211229g14.3
20429,si:ch211-229i14.2,sich211229i14.2
20430,si:ch211-229l10.11,sich211229l10.11
20431,si:ch211-229n2.6,sich211229n2.6
20432,si:ch211-229n2.7,sich211229n2.7
20433,si:ch211-22d5.2,sich21122d5.2
20434,si:ch211-22i13.2,sich21122i13.2
20435,si:ch211-22k7.9,sich21122k7.9
20436,si:ch211-230g15.5,sich211230g15.5
20437,si:ch211-231f6.6,sich211231f6.6
20438,si:ch211-231i17.3,sich211231i17.3
20439,si:ch211-231i17.4,sich211231i17.4
20440,si:ch211-231m23.4,sich211231m23.4
20441,si:ch211-232b12.5,sich211232b12.5
20442,si:ch211-232d10.3,sich211232d10.3
20443,si:ch211-232i5.1,sich211232i5.1
20444,si:ch211-232i5.3,sich211232i5.3
20445,si:ch211-232m10.6,sich211232m10.6
20446,si:ch211-232m8.3,sich211232m8.3
20447,si:ch211-232p21.6,sich211232p21.6
20448,si:ch211-233a24.2,sich211233a24.2
20449,si:ch211-233f11.5,sich211233f11.5
20450,si:ch211-233h19.2,sich211233h19.2
20451,si:ch211-233m11.1,sich211233m11.1
20452,si:ch211-234c11.3,sich211234c11.3
20453,si:ch211-234h8.7,sich211234h8.7
20454,si:ch211-234p6.5,sich211234p6.5
20455,si:ch211-234p6.9,sich211234p6.9
20456,si:ch211-235e9.6,sich211235e9.6
20457,si:ch211-235f1.3,sich211235f1.3
20458,si:ch211-235i11.3,sich211235i11.3
20459,si:ch211-235i11.4,sich211235i11.4
20460,si:ch211-235i11.5,sich211235i11.5
20461,si:ch211-235i11.6,sich211235i11.6
20462,si:ch211-235m3.10,sich211235m3.10
20463,si:ch211-235m3.5,sich211235m3.5
20464,si:ch211-235o23.1,sich211235o23.1
20465,si:ch211-236g6.1,sich211236g6.1
20466,si:ch211-236k19.2,sich211236k19.2
20467,si:ch211-236l14.4,sich211236l14.4
20468,si:ch211-236p5.2,sich211236p5.2
20469,si:ch211-237c6.4,sich211237c6.4
20470,si:ch211-237i5.4,sich211237i5.4
20471,si:ch211-237l4.6,sich211237l4.6
20472,si:ch211-238e22.5,sich211238e22.5
20473,si:ch211-238e22.8,sich211238e22.8
20474,si:ch211-238n5.4,sich211238n5.4
20475,si:ch211-239d6.2,sich211239d6.2
20476,si:ch211-239f4.1,sich211239f4.1
20477,si:ch211-239f4.6,sich211239f4.6
20478,si:ch211-239j9.1,sich211239j9.1
20479,si:ch211-239m17.1,sich211239m17.1
20480,si:ch211-23l10.3,sich21123l10.3
20481,si:ch211-240b21.2,sich211240b21.2
20482,si:ch211-240l19.5,sich211240l19.5
20483,si:ch211-240l19.6,sich211240l19.6
20484,si:ch211-241b2.1,sich211241b2.1
20485,si:ch211-241b2.4,sich211241b2.4
20486,si:ch211-241b2.5,sich211241b2.5
20487,si:ch211-241e1.3,sich211241e1.3
20488,si:ch211-241e1.5,sich211241e1.5
20489,si:ch211-241f5.3,sich211241f5.3
20490,si:ch211-241j12.3,sich211241j12.3
20491,si:ch211-241j12.4,sich211241j12.4
20492,si:ch211-241j8.2,sich211241j8.2
20494,si:ch211-242b18.1,sich211242b18.1
20495,si:ch211-242e8.1,sich211242e8.1
20496,si:ch211-242f23.8,sich211242f23.8
20497,si:ch211-243g18.2,sich211243g18.2
20498,si:ch211-243j20.2,sich211243j20.2
20499,si:ch211-243o19.4,sich211243o19.4
20500,si:ch211-244b2.3,sich211244b2.3
20501,si:ch211-244b2.4,sich211244b2.4
20502,si:ch211-244c8.4,sich211244c8.4
20503,si:ch211-244e12.7,sich211244e12.7
20504,si:ch211-244o22.2,sich211244o22.2
20505,si:ch211-245h14.1,sich211245h14.1
20506,si:ch211-245j22.3,sich211245j22.3
20507,si:ch211-245n8.4,sich211245n8.4
20508,si:ch211-246b8.2,sich211246b8.2
20509,si:ch211-246i5.5,sich211246i5.5
20510,si:ch211-246m6.4,sich211246m6.4
20511,si:ch211-246m6.5,sich211246m6.5
20512,si:ch211-247i17.1,sich211247i17.1
20513,si:ch211-247j9.1,sich211247j9.1
20514,si:ch211-247n2.1,sich211247n2.1
20515,si:ch211-248e11.2,sich211248e11.2
20516,si:ch211-248l17.3,sich211248l17.3
20517,si:ch211-249o11.5,sich211249o11.5
20518,si:ch211-24o8.4,sich21124o8.4
20519,si:ch211-250c4.4,sich211250c4.4
20520,si:ch211-250c4.5,sich211250c4.5
20521,si:ch211-250e5.16,sich211250e5.16
20522,si:ch211-250e5.2,sich211250e5.2
20523,si:ch211-250g4.3,sich211250g4.3
20524,si:ch211-250k18.5,sich211250k18.5
20525,si:ch211-250k18.7,sich211250k18.7
20527,si:ch211-250m6.7,sich211250m6.7
20528,si:ch211-251b21.1,sich211251b21.1
20529,si:ch211-251f6.6,sich211251f6.6
20530,si:ch211-251f6.7,sich211251f6.7
20531,si:ch211-251g8.5,sich211251g8.5
20532,si:ch211-251p5.5,sich211251p5.5
20533,si:ch211-252f13.5,sich211252f13.5
20534,si:ch211-253b8.2,sich211253b8.2
20535,si:ch211-253b8.5,sich211253b8.5
20536,si:ch211-253h3.1,sich211253h3.1
20537,si:ch211-253p18.2,sich211253p18.2
20538,si:ch211-253p2.2,sich211253p2.2
20539,si:ch211-254c8.3,sich211254c8.3
20540,si:ch211-254n4.3,sich211254n4.3
20541,si:ch211-254p10.2,sich211254p10.2
20542,si:ch211-255f4.13,sich211255f4.13
20543,si:ch211-255f4.3,sich211255f4.3
20544,si:ch211-255f4.5,sich211255f4.5
20545,si:ch211-255f4.7,sich211255f4.7
20546,si:ch211-255f4.8,sich211255f4.8
20547,si:ch211-255f4.9,sich211255f4.9
20548,si:ch211-255g12.8,sich211255g12.8
20549,si:ch211-255i20.3,sich211255i20.3
20550,si:ch211-255i3.4,sich211255i3.4
20551,si:ch211-255p10.3,sich211255p10.3
20552,si:ch211-255p10.4,sich211255p10.4
20553,si:ch211-256a21.4,sich211256a21.4
20554,si:ch211-256e16.11,sich211256e16.11
20555,si:ch211-256e16.3,sich211256e16.3
20556,si:ch211-256e16.4,sich211256e16.4
20557,si:ch211-256e16.6,sich211256e16.6
20558,si:ch211-256e16.7,sich211256e16.7
20559,si:ch211-256m1.8,sich211256m1.8
20560,si:ch211-257p13.3,sich211257p13.3
20561,si:ch211-258f1.3,sich211258f1.3
20562,si:ch211-258f14.2,sich211258f14.2
20563,si:ch211-259g3.4,sich211259g3.4
20564,si:ch211-25d12.7,sich21125d12.7
20565,si:ch211-260e23.7,sich211260e23.7
20566,si:ch211-260e23.8,sich211260e23.8
20567,si:ch211-260e23.9,sich211260e23.9
20568,si:ch211-260p9.3,sich211260p9.3
20569,si:ch211-261a10.5,sich211261a10.5
20570,si:ch211-261d7.3,sich211261d7.3
20571,si:ch211-261d7.6,sich211261d7.6
20572,si:ch211-261d9.1,sich211261d9.1
20573,si:ch211-261n11.3,sich211261n11.3
20574,si:ch211-261n11.5,sich211261n11.5
20575,si:ch211-261n11.7,sich211261n11.7
20576,si:ch211-261n11.8,sich211261n11.8
20577,si:ch211-261p9.4,sich211261p9.4
20578,si:ch211-262h13.3,sich211262h13.3
20579,si:ch211-262h13.5,sich211262h13.5
20580,si:ch211-262i1.3,sich211262i1.3
20581,si:ch211-262i1.5,sich211262i1.5
20582,si:ch211-262i1.6,sich211262i1.6
20583,si:ch211-263k4.2,sich211263k4.2
20584,si:ch211-263m18.4,sich211263m18.4
20585,si:ch211-263p13.7,sich211263p13.7
20586,si:ch211-264e16.1,sich211264e16.1
20587,si:ch211-264e16.2,sich211264e16.2
20588,si:ch211-264f5.2,sich211264f5.2
20589,si:ch211-264f5.6,sich211264f5.6
20590,si:ch211-264f5.8,sich211264f5.8
20591,si:ch211-265o23.1,sich211265o23.1
20592,si:ch211-266a5.12,sich211266a5.12
20593,si:ch211-266d19.4,sich211266d19.4
20594,si:ch211-266g18.10,sich211266g18.10
20595,si:ch211-266g18.6,sich211266g18.6
20596,si:ch211-266g18.9,sich211266g18.9
20597,si:ch211-266i6.3,sich211266i6.3
20598,si:ch211-266k2.1,sich211266k2.1
20599,si:ch211-266k22.6,sich211266k22.6
20600,si:ch211-266k8.4,sich211266k8.4
20601,si:ch211-266k8.6,sich211266k8.6
20602,si:ch211-266o15.1,sich211266o15.1
20603,si:ch211-267e7.3,sich211267e7.3
20604,si:ch211-268b14.2,sich211268b14.2
20605,si:ch211-269e2.1,sich211269e2.1
20606,si:ch211-269k10.2,sich211269k10.2
20607,si:ch211-269k10.4,sich211269k10.4
20608,si:ch211-269k10.5,sich211269k10.5
20609,si:ch211-270g19.5,sich211270g19.5
20610,si:ch211-270n8.1,sich211270n8.1
20611,si:ch211-270n8.4,sich211270n8.4
20612,si:ch211-271b14.1,sich211271b14.1
20613,si:ch211-271d10.2,sich211271d10.2
20614,si:ch211-271e10.2,sich211271e10.2
20615,si:ch211-271g18.1,sich211271g18.1
20616,si:ch211-271g18.4,sich211271g18.4
20617,si:ch211-272b8.6,sich211272b8.6
20618,si:ch211-272h9.5,sich211272h9.5
20619,si:ch211-272h9.6,sich211272h9.6
20620,si:ch211-272n13.3,sich211272n13.3
20621,si:ch211-273k1.5,sich211273k1.5
20622,si:ch211-274f20.2,sich211274f20.2
20623,si:ch211-274k16.2,sich211274k16.2
20624,si:ch211-274k16.9,sich211274k16.9
20625,si:ch211-274p24.4,sich211274p24.4
20626,si:ch211-275j6.5,sich211275j6.5
20627,si:ch211-276a23.5,sich211276a23.5
20628,si:ch211-276c2.2,sich211276c2.2
20629,si:ch211-276c2.4,sich211276c2.4
20630,si:ch211-276i12.11,sich211276i12.11
20631,si:ch211-276i12.4,sich211276i12.4
20632,si:ch211-276i12.9,sich211276i12.9
20633,si:ch211-276k2.1,sich211276k2.1
20634,si:ch211-277c7.7,sich211277c7.7
20635,si:ch211-277e21.1,sich211277e21.1
20636,si:ch211-278j3.3,sich211278j3.3
20637,si:ch211-278p9.1,sich211278p9.1
20638,si:ch211-278p9.2,sich211278p9.2
20639,si:ch211-278p9.3,sich211278p9.3
20640,si:ch211-279g13.1,sich211279g13.1
20641,si:ch211-27e6.1,sich21127e6.1
20642,si:ch211-281g13.4,sich211281g13.4
20643,si:ch211-281g13.5,sich211281g13.5
20644,si:ch211-281l24.3,sich211281l24.3
20645,si:ch211-281p14.2,sich211281p14.2
20646,si:ch211-282b22.1,sich211282b22.1
20647,si:ch211-282j17.11,sich211282j17.11
20648,si:ch211-282j17.12,sich211282j17.12
20649,si:ch211-282j17.13,sich211282j17.13
20650,si:ch211-282j17.5,sich211282j17.5
20651,si:ch211-282j17.7,sich211282j17.7
20652,si:ch211-282j17.8,sich211282j17.8
20653,si:ch211-282j22.3,sich211282j22.3
20654,si:ch211-282k23.2,sich211282k23.2
20655,si:ch211-283g2.1,sich211283g2.1
20656,si:ch211-283g2.2,sich211283g2.2
20657,si:ch211-283g2.3,sich211283g2.3
20658,si:ch211-283h6.4,sich211283h6.4
20659,si:ch211-283l16.1,sich211283l16.1
20660,si:ch211-284b7.3,sich211284b7.3
20661,si:ch211-284e13.12,sich211284e13.12
20662,si:ch211-284e13.14,sich211284e13.14
20663,si:ch211-284e13.4,sich211284e13.4
20664,si:ch211-284e13.5,sich211284e13.5
20665,si:ch211-284e13.6,sich211284e13.6
20666,si:ch211-284e13.9,sich211284e13.9
20667,si:ch211-284e20.8,sich211284e20.8
20668,si:ch211-284f22.3,sich211284f22.3
20669,si:ch211-284k5.2,sich211284k5.2
20670,si:ch211-284o19.8,sich211284o19.8
20671,si:ch211-285c6.1,sich211285c6.1
20672,si:ch211-285c6.3,sich211285c6.3
20673,si:ch211-285c6.4,sich211285c6.4
20674,si:ch211-285c6.6,sich211285c6.6
20675,si:ch211-285f17.1,sich211285f17.1
20676,si:ch211-285j22.5,sich211285j22.5
20677,si:ch211-286b4.4,sich211286b4.4
20678,si:ch211-286b5.2,sich211286b5.2
20679,si:ch211-286b5.4,sich211286b5.4
20680,si:ch211-286b5.5,sich211286b5.5
20681,si:ch211-286b5.6,sich211286b5.6
20682,si:ch211-286b5.8,sich211286b5.8
20683,si:ch211-286b5.9,sich211286b5.9
20684,si:ch211-288d18.1,sich211288d18.1
20685,si:ch211-288g17.3,sich211288g17.3
20686,si:ch211-288g17.4,sich211288g17.4
20687,si:ch211-28e16.5,sich21128e16.5
20688,si:ch211-28p3.4,sich21128p3.4
20689,si:ch211-33e4.3,sich21133e4.3
20690,si:ch211-37e10.1,sich21137e10.1
20691,si:ch211-37e10.2,sich21137e10.2
20692,si:ch211-38m6.6,sich21138m6.6
20693,si:ch211-39a7.1,sich21139a7.1
20694,si:ch211-39i2.2,sich21139i2.2
20695,si:ch211-39i22.1,sich21139i22.1
20696,si:ch211-39k3.2,sich21139k3.2
20697,si:ch211-40k21.5,sich21140k21.5
20698,si:ch211-40k21.9,sich21140k21.9
20699,si:ch211-42i6.2,sich21142i6.2
20700,si:ch211-42i9.8,sich21142i9.8
20701,si:ch211-43f4.1,sich21143f4.1
20702,si:ch211-51a19.5,sich21151a19.5
20703,si:ch211-51a6.2,sich21151a6.2
20704,si:ch211-51c14.1,sich21151c14.1
20705,si:ch211-51e12.7,sich21151e12.7
20706,si:ch211-51f19.1,sich21151f19.1
20707,si:ch211-51h4.2,sich21151h4.2
20708,si:ch211-51h9.6,sich21151h9.6
20709,si:ch211-51h9.7,sich21151h9.7
20710,si:ch211-51i16.3,sich21151i16.3
20711,si:ch211-56a11.2,sich21156a11.2
20712,si:ch211-57b15.1,sich21157b15.1
20713,si:ch211-57b15.2,sich21157b15.2
20714,si:ch211-57f7.7,sich21157f7.7
20715,si:ch211-57i17.1,sich21157i17.1
20716,si:ch211-57i17.2,sich21157i17.2
20717,si:ch211-57i17.5,sich21157i17.5
20718,si:ch211-57m13.1,sich21157m13.1
20719,si:ch211-57m13.7,sich21157m13.7
20720,si:ch211-57m13.8,sich21157m13.8
20721,si:ch211-57n23.4,sich21157n23.4
20722,si:ch211-59d15.4,sich21159d15.4
20723,si:ch211-59d15.9,sich21159d15.9
20724,si:ch211-59d17.3,sich21159d17.3
20725,si:ch211-59d8.2,sich21159d8.2
20726,si:ch211-59d8.3,sich21159d8.3
20727,si:ch211-59h6.1,sich21159h6.1
20728,si:ch211-59o9.10,sich21159o9.10
20729,si:ch211-59p23.1,sich21159p23.1
20730,si:ch211-5k11.8,sich2115k11.8
20731,si:ch211-62a1.3,sich21162a1.3
20732,si:ch211-62a1.4,sich21162a1.4
20733,si:ch211-63b16.4,sich21163b16.4
20734,si:ch211-63i20.3,sich21163i20.3
20735,si:ch211-63o20.7,sich21163o20.7
20736,si:ch211-63p21.1,sich21163p21.1
20737,si:ch211-63p21.2,sich21163p21.2
20738,si:ch211-63p21.4,sich21163p21.4
20739,si:ch211-63p21.8,sich21163p21.8
20740,si:ch211-64i20.3,sich21164i20.3
20741,si:ch211-66e2.3,sich21166e2.3
20742,si:ch211-66e2.5,sich21166e2.5
20743,si:ch211-66h3.4,sich21166h3.4
20744,si:ch211-66i15.4,sich21166i15.4
20745,si:ch211-66i15.5,sich21166i15.5
20746,si:ch211-66i8.3,sich21166i8.3
20747,si:ch211-66k16.2,sich21166k16.2
20748,si:ch211-66k16.27,sich21166k16.27
20749,si:ch211-66k16.28,sich21166k16.28
20750,si:ch211-67e16.11,sich21167e16.11
20751,si:ch211-67e16.3,sich21167e16.3
20752,si:ch211-67e16.4,sich21167e16.4
20753,si:ch211-67f13.7,sich21167f13.7
20754,si:ch211-67f13.8,sich21167f13.8
20755,si:ch211-67f24.7,sich21167f24.7
20756,si:ch211-68a17.7,sich21168a17.7
20757,si:ch211-69b22.5,sich21169b22.5
20758,si:ch211-69b7.6,sich21169b7.6
20759,si:ch211-69e13.6,sich21169e13.6
20760,si:ch211-69g19.2,sich21169g19.2
20761,si:ch211-69l10.4,sich21169l10.4
20762,si:ch211-71m22.3,sich21171m22.3
20763,si:ch211-71m22.5,sich21171m22.5
20764,si:ch211-71n6.4,sich21171n6.4
20765,si:ch211-74f19.2,sich21174f19.2
20766,si:ch211-74m13.1,sich21174m13.1
20767,si:ch211-74m13.3,sich21174m13.3
20768,si:ch211-76l23.4,sich21176l23.4
20769,si:ch211-76l23.7,sich21176l23.7
20770,si:ch211-76m11.7,sich21176m11.7
20771,si:ch211-77g15.32,sich21177g15.32
20772,si:ch211-79g12.1,sich21179g12.1
20773,si:ch211-79h18.2,sich21179h18.2
20774,si:ch211-79k12.1,sich21179k12.1
20775,si:ch211-79k12.2,sich21179k12.2
20776,si:ch211-79l17.1,sich21179l17.1
20777,si:ch211-80h18.1,sich21180h18.1
20778,si:ch211-81a5.1,sich21181a5.1
20779,si:ch211-81a5.5,sich21181a5.5
20780,si:ch211-81a5.8,sich21181a5.8
20781,si:ch211-81n22.1,sich21181n22.1
20782,si:ch211-85n16.3,sich21185n16.3
20783,si:ch211-85n16.4,sich21185n16.4
20784,si:ch211-86h15.1,sich21186h15.1
20785,si:ch211-87j1.4,sich21187j1.4
20786,si:ch211-87m7.2,sich21187m7.2
20787,si:ch211-89o9.4,sich21189o9.4
20788,si:ch211-89o9.6,sich21189o9.6
20789,si:ch211-8c17.3,sich2118c17.3
20790,si:ch211-91p5.3,sich21191p5.3
20791,si:ch211-92l17.1,sich21192l17.1
20792,si:ch211-93e11.8,sich21193e11.8
20793,si:ch211-93f2.1,sich21193f2.1
20794,si:ch211-93g21.1,sich21193g21.1
20795,si:ch211-93g23.2,sich21193g23.2
20796,si:ch211-93n23.7,sich21193n23.7
20797,si:ch211-95j8.3,sich21195j8.3
20798,si:ch211-98n17.5,sich21198n17.5
20799,si:ch211-9d9.1,sich2119d9.1
20800,si:ch211-9d9.8,sich2119d9.8
20801,si:ch73-100l22.3,sich73100l22.3
20802,si:ch73-103b9.2,sich73103b9.2
20803,si:ch73-103l1.2,sich73103l1.2
20804,si:ch73-105b23.6,sich73105b23.6
20805,si:ch73-106g13.1,sich73106g13.1
20806,si:ch73-106k19.2,sich73106k19.2
20807,si:ch73-106k19.5,sich73106k19.5
20808,si:ch73-106l15.2,sich73106l15.2
20809,si:ch73-106l15.4,sich73106l15.4
20810,si:ch73-109d9.1,sich73109d9.1
20811,si:ch73-109d9.2,sich73109d9.2
20812,si:ch73-109d9.3,sich73109d9.3
20813,si:ch73-109i22.2,sich73109i22.2
20814,si:ch73-111e15.1,sich73111e15.1
20815,si:ch73-111k22.2,sich73111k22.2
20816,si:ch73-111k22.3,sich73111k22.3
20817,si:ch73-112l6.1,sich73112l6.1
20818,si:ch73-113g13.2,sich73113g13.2
20819,si:ch73-116o1.2,sich73116o1.2
20820,si:ch73-119p20.1,sich73119p20.1
20821,si:ch73-120g24.4,sich73120g24.4
20822,si:ch73-125k17.2,sich73125k17.2
20824,si:ch73-127m5.1,sich73127m5.1
20825,si:ch73-127m5.2,sich73127m5.2
20826,si:ch73-12o23.1,sich7312o23.1
20827,si:ch73-130a3.4,sich73130a3.4
20828,si:ch73-132f6.5,sich73132f6.5
20829,si:ch73-132k15.2,sich73132k15.2
20830,si:ch73-138e16.2,sich73138e16.2
20831,si:ch73-138e16.3,sich73138e16.3
20832,si:ch73-138e16.4,sich73138e16.4
20833,si:ch73-138e16.5,sich73138e16.5
20834,si:ch73-138e16.6,sich73138e16.6
20835,si:ch73-138e16.8,sich73138e16.8
20836,si:ch73-138n13.1,sich73138n13.1
20837,si:ch73-139e5.2,sich73139e5.2
20838,si:ch73-139e5.4,sich73139e5.4
20839,si:ch73-140j24.4,sich73140j24.4
20840,si:ch73-141c7.1,sich73141c7.1
20841,si:ch73-144d13.4,sich73144d13.4
20842,si:ch73-144d13.5,sich73144d13.5
20843,si:ch73-144d13.7,sich73144d13.7
20844,si:ch73-144d13.8,sich73144d13.8
20845,si:ch73-144l3.1,sich73144l3.1
20846,si:ch73-147o17.1,sich73147o17.1
20847,si:ch73-14h1.2,sich7314h1.2
20848,si:ch73-14h10.2,sich7314h10.2
20849,si:ch73-151m17.5,sich73151m17.5
20850,si:ch73-156l6.2,sich73156l6.2
20851,si:ch73-158p21.2,sich73158p21.2
20852,si:ch73-158p21.3,sich73158p21.3
20853,si:ch73-15b2.5,sich7315b2.5
20854,si:ch73-15n15.3,sich7315n15.3
20855,si:ch73-15n24.1,sich7315n24.1
20856,si:ch73-160h15.3,sich73160h15.3
20857,si:ch73-160i9.2,sich73160i9.2
20858,si:ch73-160i9.3,sich73160i9.3
20859,si:ch73-160p18.3,sich73160p18.3
20860,si:ch73-160p18.4,sich73160p18.4
20861,si:ch73-166o21.1,sich73166o21.1
20862,si:ch73-167f10.1,sich73167f10.1
20863,si:ch73-168d20.1,sich73168d20.1
20864,si:ch73-170d6.2,sich73170d6.2
20865,si:ch73-170d6.3,sich73170d6.3
20866,si:ch73-171o20.1,sich73171o20.1
20867,si:ch73-173h19.3,sich73173h19.3
20868,si:ch73-173p19.1,sich73173p19.1
20869,si:ch73-173p19.2,sich73173p19.2
20870,si:ch73-174h16.4,sich73174h16.4
20871,si:ch73-177h5.2,sich73177h5.2
20872,si:ch73-177h5.3,sich73177h5.3
20873,si:ch73-181d5.4,sich73181d5.4
20874,si:ch73-181m17.1,sich73181m17.1
20875,si:ch73-182a11.2,sich73182a11.2
20876,si:ch73-182e20.4,sich73182e20.4
20877,si:ch73-184c24.1,sich73184c24.1
20878,si:ch73-185c24.2,sich73185c24.2
20879,si:ch73-186j5.2,sich73186j5.2
20880,si:ch73-189n23.1,sich73189n23.1
20881,si:ch73-18b11.2,sich7318b11.2
20882,si:ch73-190f9.4,sich73190f9.4
20883,si:ch73-190m4.1,sich73190m4.1
20884,si:ch73-191k20.3,sich73191k20.3
20885,si:ch73-193c12.2,sich73193c12.2
20886,si:ch73-194h10.2,sich73194h10.2
20887,si:ch73-196i15.3,sich73196i15.3
20888,si:ch73-196i15.5,sich73196i15.5
20889,si:ch73-196l6.5,sich73196l6.5
20890,si:ch73-199e17.1,sich73199e17.1
20891,si:ch73-199g24.2,sich73199g24.2
20892,si:ch73-1a9.3,sich731a9.3
20893,si:ch73-1a9.4,sich731a9.4
20894,si:ch73-1f23.1,sich731f23.1
20895,si:ch73-204p21.2,sich73204p21.2
20896,si:ch73-206d17.1,sich73206d17.1
20897,si:ch73-206p6.1,sich73206p6.1
20898,si:ch73-208g10.1,sich73208g10.1
20899,si:ch73-208h1.1,sich73208h1.1
20900,si:ch73-211e3.1,sich73211e3.1
20901,si:ch73-211l13.2,sich73211l13.2
20902,si:ch73-211l2.3,sich73211l2.3
20903,si:ch73-212j7.3,sich73212j7.3
20904,si:ch73-213k20.5,sich73213k20.5
20905,si:ch73-215d9.1,sich73215d9.1
20906,si:ch73-215f7.1,sich73215f7.1
20907,si:ch73-216m24.3,sich73216m24.3
20908,si:ch73-217b7.1,sich73217b7.1
20909,si:ch73-217n20.1,sich73217n20.1
20910,si:ch73-21g5.7,sich7321g5.7
20911,si:ch73-21k16.1,sich7321k16.1
20912,si:ch73-21k16.5,sich7321k16.5
20913,si:ch73-221f6.1,sich73221f6.1
20914,si:ch73-221f6.3,sich73221f6.3
20915,si:ch73-221f6.4,sich73221f6.4
20916,si:ch73-222h13.1,sich73222h13.1
20917,si:ch73-223f5.1,sich73223f5.1
20918,si:ch73-223p23.2,sich73223p23.2
20919,si:ch73-226i7.1,sich73226i7.1
20920,si:ch73-226l13.2,sich73226l13.2
20921,si:ch73-22a13.3,sich7322a13.3
20922,si:ch73-22o12.1,sich7322o12.1
20923,si:ch73-22o18.1,sich7322o18.1
20924,si:ch73-233f7.1,sich73233f7.1
20925,si:ch73-233k15.2,sich73233k15.2
20926,si:ch73-233m11.2,sich73233m11.2
20927,si:ch73-234b20.5,sich73234b20.5
20928,si:ch73-236c18.3,sich73236c18.3
20929,si:ch73-236c18.5,sich73236c18.5
20930,si:ch73-236c18.7,sich73236c18.7
20931,si:ch73-236c18.8,sich73236c18.8
20932,si:ch73-236c18.9,sich73236c18.9
20933,si:ch73-236e11.2,sich73236e11.2
20934,si:ch73-236j9.2,sich73236j9.2
20935,si:ch73-237c6.1,sich73237c6.1
20936,si:ch73-238c9.1,sich73238c9.1
20937,si:ch73-23l24.1,sich7323l24.1
20938,si:ch73-242m19.1,sich73242m19.1
20939,si:ch73-244f7.3,sich73244f7.3
20940,si:ch73-248e21.1,sich73248e21.1
20941,si:ch73-248e21.5,sich73248e21.5
20942,si:ch73-248e21.7,sich73248e21.7
20943,si:ch73-249k16.4,sich73249k16.4
20944,si:ch73-24k9.2,sich7324k9.2
20945,si:ch73-250a16.5,sich73250a16.5
20946,si:ch73-252i11.1,sich73252i11.1
20947,si:ch73-252p3.1,sich73252p3.1
20948,si:ch73-256g18.2,sich73256g18.2
20949,si:ch73-256j6.4,sich73256j6.4
20950,si:ch73-257c13.2,sich73257c13.2
20951,si:ch73-25f10.6,sich7325f10.6
20952,si:ch73-261i21.2,sich73261i21.2
20953,si:ch73-261i21.5,sich73261i21.5
20954,si:ch73-263o4.4,sich73263o4.4
20955,si:ch73-264p11.1,sich73264p11.1
20956,si:ch73-265d7.2,sich73265d7.2
20957,si:ch73-265h17.1,sich73265h17.1
20958,si:ch73-265h17.2,sich73265h17.2
20959,si:ch73-265h17.4,sich73265h17.4
20960,si:ch73-266f23.1,sich73266f23.1
20961,si:ch73-266f23.3,sich73266f23.3
20962,si:ch73-266m14.1,sich73266m14.1
20963,si:ch73-267c23.10,sich73267c23.10
20964,si:ch73-269m14.2,sich73269m14.2
20965,si:ch73-269m23.5,sich73269m23.5
20966,si:ch73-274k23.1,sich73274k23.1
20967,si:ch73-278m9.1,sich73278m9.1
20968,si:ch73-27e22.1,sich7327e22.1
20969,si:ch73-27e22.2,sich7327e22.2
20970,si:ch73-27e22.3,sich7327e22.3
20971,si:ch73-27e22.6,sich7327e22.6
20972,si:ch73-27e22.7,sich7327e22.7
20973,si:ch73-27e22.8,sich7327e22.8
20974,si:ch73-280o22.2,sich73280o22.2
20975,si:ch73-281f12.4,sich73281f12.4
20976,si:ch73-281i18.3,sich73281i18.3
20977,si:ch73-281i18.4,sich73281i18.4
20978,si:ch73-281i18.6,sich73281i18.6
20979,si:ch73-281i18.7,sich73281i18.7
20980,si:ch73-281k2.5,sich73281k2.5
20981,si:ch73-281n10.2,sich73281n10.2
20982,si:ch73-285p12.4,sich73285p12.4
20983,si:ch73-286h23.4,sich73286h23.4
20984,si:ch73-288o11.4,sich73288o11.4
20985,si:ch73-288o11.5,sich73288o11.5
20986,si:ch73-28h20.1,sich7328h20.1
20987,si:ch73-290k24.5,sich73290k24.5
20988,si:ch73-290k24.6,sich73290k24.6
20989,si:ch73-296e2.3,sich73296e2.3
20990,si:ch73-299h12.1,sich73299h12.1
20991,si:ch73-299h12.2,sich73299h12.2
20992,si:ch73-299h12.3,sich73299h12.3
20993,si:ch73-299h12.4,sich73299h12.4
20994,si:ch73-299h12.6,sich73299h12.6
20995,si:ch73-299h12.8,sich73299h12.8
20996,si:ch73-299h12.9,sich73299h12.9
20997,si:ch73-29c22.1,sich7329c22.1
20998,si:ch73-29l19.1,sich7329l19.1
20999,si:ch73-301j1.1,sich73301j1.1
21000,si:ch73-302o18.2,sich73302o18.2
21001,si:ch73-303b9.1,sich73303b9.1
21002,si:ch73-304f21.1,sich73304f21.1
21003,si:ch73-305o9.3,sich73305o9.3
21004,si:ch73-306e8.2,sich73306e8.2
21005,si:ch73-308l14.2,sich73308l14.2
21006,si:ch73-308m11.1,sich73308m11.1
21007,si:ch73-309g22.1,sich73309g22.1
21008,si:ch73-30b17.2,sich7330b17.2
21009,si:ch73-30l9.1,sich7330l9.1
21010,si:ch73-311h14.2,sich73311h14.2
21011,si:ch73-314g15.3,sich73314g15.3
21012,si:ch73-31d8.2,sich7331d8.2
21013,si:ch73-321d9.2,sich73321d9.2
21014,si:ch73-329n5.1,sich73329n5.1
21015,si:ch73-329n5.2,sich73329n5.2
21016,si:ch73-329n5.6,sich73329n5.6
21017,si:ch73-330k17.3,sich73330k17.3
21018,si:ch73-334d15.1,sich73334d15.1
21019,si:ch73-334d15.2,sich73334d15.2
21020,si:ch73-335d12.2,sich73335d12.2
21021,si:ch73-335l21.1,sich73335l21.1
21022,si:ch73-335l21.2,sich73335l21.2
21023,si:ch73-335l21.4,sich73335l21.4
21024,si:ch73-335m24.2,sich73335m24.2
21025,si:ch73-335m24.5,sich73335m24.5
21026,si:ch73-337l15.2,sich73337l15.2
21027,si:ch73-338a16.3,sich73338a16.3
21028,si:ch73-338o16.4,sich73338o16.4
21029,si:ch73-340m8.2,sich73340m8.2
21030,si:ch73-340n8.4,sich73340n8.4
21031,si:ch73-341k19.1,sich73341k19.1
21032,si:ch73-343g19.4,sich73343g19.4
21033,si:ch73-343l4.2,sich73343l4.2
21034,si:ch73-343l4.6,sich73343l4.6
21035,si:ch73-344o19.1,sich73344o19.1
21036,si:ch73-347e22.4,sich73347e22.4
21037,si:ch73-347e22.8,sich73347e22.8
21038,si:ch73-350k19.1,sich73350k19.1
21039,si:ch73-352p18.4,sich73352p18.4
21040,si:ch73-352p4.5,sich73352p4.5
21041,si:ch73-352p4.8,sich73352p4.8
21042,si:ch73-359m17.2,sich73359m17.2
21043,si:ch73-359m17.5,sich73359m17.5
21044,si:ch73-359m17.6,sich73359m17.6
21045,si:ch73-359m17.7,sich73359m17.7
21046,si:ch73-359m17.9,sich73359m17.9
21047,si:ch73-361h17.1,sich73361h17.1
21048,si:ch73-361p23.3,sich73361p23.3
21049,si:ch73-362m14.2,sich73362m14.2
21050,si:ch73-362m14.4,sich73362m14.4
21051,si:ch73-364h19.2,sich73364h19.2
21052,si:ch73-366i20.1,sich73366i20.1
21053,si:ch73-366l1.5,sich73366l1.5
21054,si:ch73-367f21.4,sich73367f21.4
21055,si:ch73-367f21.5,sich73367f21.5
21056,si:ch73-367f21.6,sich73367f21.6
21057,si:ch73-367j5.3,sich73367j5.3
21058,si:ch73-367p23.2,sich73367p23.2
21059,si:ch73-368j24.1,sich73368j24.1
21060,si:ch73-368j24.11,sich73368j24.11
21061,si:ch73-368j24.12,sich73368j24.12
21062,si:ch73-368j24.17,sich73368j24.17
21063,si:ch73-36p18.1,sich7336p18.1
21064,si:ch73-375g18.1,sich73375g18.1
21065,si:ch73-376l24.2,sich73376l24.2
21066,si:ch73-376l24.3,sich73376l24.3
21067,si:ch73-378g22.1,sich73378g22.1
21068,si:ch73-379f7.4,sich73379f7.4
21069,si:ch73-379f7.5,sich73379f7.5
21070,si:ch73-37h15.2,sich7337h15.2
21071,si:ch73-380l10.2,sich73380l10.2
21072,si:ch73-380l3.2,sich73380l3.2
21073,si:ch73-380l3.4,sich73380l3.4
21075,si:ch73-380n15.2,sich73380n15.2
21076,si:ch73-382f3.1,sich73382f3.1
21077,si:ch73-383g2.1,sich73383g2.1
21078,si:ch73-386h18.1,sich73386h18.1
21079,si:ch73-389b16.1,sich73389b16.1
21080,si:ch73-389b16.2,sich73389b16.2
21081,si:ch73-389k6.1,sich73389k6.1
21082,si:ch73-390p7.2,sich73390p7.2
21083,si:ch73-40a17.3,sich7340a17.3
21084,si:ch73-40a17.4,sich7340a17.4
21085,si:ch73-40a2.1,sich7340a2.1
21086,si:ch73-41e3.7,sich7341e3.7
21087,si:ch73-42k18.1,sich7342k18.1
21088,si:ch73-42p12.2,sich7342p12.2
21089,si:ch73-43g23.1,sich7343g23.1
21090,si:ch73-44m9.1,sich7344m9.1
21091,si:ch73-44m9.2,sich7344m9.2
21092,si:ch73-44m9.3,sich7344m9.3
21093,si:ch73-44m9.5,sich7344m9.5
21094,si:ch73-45o6.2,sich7345o6.2
21095,si:ch73-46j18.5,sich7346j18.5
21096,si:ch73-46n24.1,sich7346n24.1
21097,si:ch73-47f2.1,sich7347f2.1
21098,si:ch73-50f9.4,sich7350f9.4
21099,si:ch73-52f15.5,sich7352f15.5
21100,si:ch73-54f23.4,sich7354f23.4
21101,si:ch73-54n14.2,sich7354n14.2
21102,si:ch73-57f22.2,sich7357f22.2
21103,si:ch73-59c19.1,sich7359c19.1
21104,si:ch73-59f11.3,sich7359f11.3
21105,si:ch73-59p9.2,sich7359p9.2
21106,si:ch73-60h1.1,sich7360h1.1
21107,si:ch73-61d6.3,sich7361d6.3
21108,si:ch73-62b13.1,sich7362b13.1
21109,si:ch73-62l21.1,sich7362l21.1
21110,si:ch73-68b22.2,sich7368b22.2
21111,si:ch73-6k14.2,sich736k14.2
21112,si:ch73-70k4.1,sich7370k4.1
21113,si:ch73-71c20.5,sich7371c20.5
21114,si:ch73-71d17.2,sich7371d17.2
21115,si:ch73-72b7.1,sich7372b7.1
21116,si:ch73-78o10.1,sich7378o10.1
21117,si:ch73-7i4.1,sich737i4.1
21118,si:ch73-7i4.2,sich737i4.2
21119,si:ch73-7i4.3,sich737i4.3
21120,si:ch73-81k8.2,sich7381k8.2
21121,si:ch73-86n18.1,sich7386n18.1
21122,si:ch73-89b15.3,sich7389b15.3
21123,si:ch73-90k17.1,sich7390k17.1
21124,si:ch73-91k6.2,sich7391k6.2
21125,si:ch73-92e7.4,sich7392e7.4
21126,si:ch73-92e7.6,sich7392e7.6
21127,si:ch73-93k15.5,sich7393k15.5
21128,si:ch73-95l15.5,sich7395l15.5
21129,si:ch73-97h19.2,sich7397h19.2
21130,si:dkey-100n19.2,sidkey100n19.2
21131,si:dkey-100n23.3,sidkey100n23.3
21132,si:dkey-100n23.5,sidkey100n23.5
21133,si:dkey-101k6.5,sidkey101k6.5
21134,si:dkey-102f14.5,sidkey102f14.5
21135,si:dkey-102f14.7,sidkey102f14.7
21136,si:dkey-102g19.3,sidkey102g19.3
21137,si:dkey-102m7.3,sidkey102m7.3
21138,si:dkey-103d23.3,sidkey103d23.3
21139,si:dkey-103e21.5,sidkey103e21.5
21140,si:dkey-103g5.3,sidkey103g5.3
21141,si:dkey-103g5.4,sidkey103g5.4
21142,si:dkey-103i16.6,sidkey103i16.6
21143,si:dkey-104n9.1,sidkey104n9.1
21144,si:dkey-105h12.2,sidkey105h12.2
21145,si:dkey-105i14.1,sidkey105i14.1
21146,si:dkey-106g10.7,sidkey106g10.7
21147,si:dkey-106l3.7,sidkey106l3.7
21148,si:dkey-106n21.1,sidkey106n21.1
21149,si:dkey-108k21.10,sidkey108k21.10
21150,si:dkey-108k21.11,sidkey108k21.11
21151,si:dkey-108k21.14,sidkey108k21.14
21152,si:dkey-108k21.19,sidkey108k21.19
21153,si:dkey-108k21.21,sidkey108k21.21
21154,si:dkey-108k21.24,sidkey108k21.24
21155,si:dkey-108k21.7,sidkey108k21.7
21156,si:dkey-109a10.2,sidkey109a10.2
21157,si:dkey-109j17.5,sidkey109j17.5
21158,si:dkey-109l4.3,sidkey109l4.3
21159,si:dkey-10c21.1,sidkey10c21.1
21160,si:dkey-10f21.4,sidkey10f21.4
21161,si:dkey-10h3.2,sidkey10h3.2
21162,si:dkey-10o6.2,sidkey10o6.2
21163,si:dkey-10p5.10,sidkey10p5.10
21164,si:dkey-110c1.10,sidkey110c1.10
21165,si:dkey-110g7.8,sidkey110g7.8
21166,si:dkey-111e8.1,sidkey111e8.1
21167,si:dkey-111e8.4,sidkey111e8.4
21168,si:dkey-111e8.5,sidkey111e8.5
21169,si:dkey-111f13.5,sidkey111f13.5
21170,si:dkey-111i23.1,sidkey111i23.1
21171,si:dkey-111k8.2,sidkey111k8.2
21172,si:dkey-111k8.3,sidkey111k8.3
21173,si:dkey-111k8.5,sidkey111k8.5
21174,si:dkey-112a7.4,sidkey112a7.4
21175,si:dkey-112a7.5,sidkey112a7.5
21176,si:dkey-112e17.1,sidkey112e17.1
21177,si:dkey-112e7.2,sidkey112e7.2
21178,si:dkey-112g5.13,sidkey112g5.13
21179,si:dkey-112m2.1,sidkey112m2.1
21180,si:dkey-114c15.5,sidkey114c15.5
21181,si:dkey-117a16.1,sidkey117a16.1
21182,si:dkey-117a8.1,sidkey117a8.1
21183,si:dkey-117i10.1,sidkey117i10.1
21184,si:dkey-117j14.6,sidkey117j14.6
21185,si:dkey-117m1.4,sidkey117m1.4
21186,si:dkey-117n7.5,sidkey117n7.5
21187,si:dkey-118j18.2,sidkey118j18.2
21188,si:dkey-118k5.3,sidkey118k5.3
21189,si:dkey-119f1.1,sidkey119f1.1
21190,si:dkey-119m7.8,sidkey119m7.8
21191,si:dkey-11c5.11,sidkey11c5.11
21192,si:dkey-11d20.1,sidkey11d20.1
21193,si:dkey-11e23.9,sidkey11e23.9
21194,si:dkey-11f4.14,sidkey11f4.14
21195,si:dkey-11f4.16,sidkey11f4.16
21196,si:dkey-11f4.20,sidkey11f4.20
21197,si:dkey-11f4.7,sidkey11f4.7
21198,si:dkey-11k2.7,sidkey11k2.7
21199,si:dkey-11n14.1,sidkey11n14.1
21200,si:dkey-11o1.2,sidkey11o1.2
21201,si:dkey-11o1.3,sidkey11o1.3
21202,si:dkey-11o1.6,sidkey11o1.6
21203,si:dkey-11o1.7,sidkey11o1.7
21204,si:dkey-11o15.10,sidkey11o15.10
21205,si:dkey-11o15.5,sidkey11o15.5
21206,si:dkey-11o15.7,sidkey11o15.7
21207,si:dkey-11o15.8,sidkey11o15.8
21208,si:dkey-11o18.5,sidkey11o18.5
21209,si:dkey-120c6.5,sidkey120c6.5
21210,si:dkey-121a11.3,sidkey121a11.3
21211,si:dkey-121a9.3,sidkey121a9.3
21212,si:dkey-121b10.7,sidkey121b10.7
21213,si:dkey-121h17.7,sidkey121h17.7
21214,si:dkey-121j17.5,sidkey121j17.5
21215,si:dkey-121j17.6,sidkey121j17.6
21216,si:dkey-121n8.7,sidkey121n8.7
21217,si:dkey-122a22.2,sidkey122a22.2
21218,si:dkey-122c11.1,sidkey122c11.1
21219,si:dkey-122c11.8,sidkey122c11.8
21220,si:dkey-124l13.1,sidkey124l13.1
21222,si:dkey-125e8.3,sidkey125e8.3
21223,si:dkey-125i10.3,sidkey125i10.3
21224,si:dkey-126g1.7,sidkey126g1.7
21225,si:dkey-126g1.9,sidkey126g1.9
21226,si:dkey-126h10.1,sidkey126h10.1
21227,si:dkey-12e7.1,sidkey12e7.1
21228,si:dkey-12e7.4,sidkey12e7.4
21229,si:dkey-12f6.5,sidkey12f6.5
21230,si:dkey-12h9.6,sidkey12h9.6
21231,si:dkey-12j5.1,sidkey12j5.1
21232,si:dkey-12l12.1,sidkey12l12.1
21233,si:dkey-13a21.4,sidkey13a21.4
21234,si:dkey-13e3.1,sidkey13e3.1
21235,si:dkey-13m1.2,sidkey13m1.2
21236,si:dkey-13m1.5,sidkey13m1.5
21237,si:dkey-13n15.2,sidkey13n15.2
21238,si:dkey-13p1.4,sidkey13p1.4
21239,si:dkey-145c18.3,sidkey145c18.3
21240,si:dkey-145c18.4,sidkey145c18.4
21241,si:dkey-145c18.5,sidkey145c18.5
21242,si:dkey-147f3.4,sidkey147f3.4
21243,si:dkey-147f3.8,sidkey147f3.8
21244,si:dkey-148a17.5,sidkey148a17.5
21245,si:dkey-148d16.5,sidkey148d16.5
21246,si:dkey-148f10.4,sidkey148f10.4
21247,si:dkey-148h10.5,sidkey148h10.5
21248,si:dkey-149i17.11,sidkey149i17.11
21249,si:dkey-149m13.4,sidkey149m13.4
21250,si:dkey-149m13.5,sidkey149m13.5
21251,si:dkey-14d8.1,sidkey14d8.1
21252,si:dkey-14d8.20,sidkey14d8.20
21253,si:dkey-14d8.22,sidkey14d8.22
21254,si:dkey-14d8.6,sidkey14d8.6
21255,si:dkey-14d8.7,sidkey14d8.7
21256,si:dkey-14k9.3,sidkey14k9.3
21257,si:dkey-14o1.20,sidkey14o1.20
21258,si:dkey-14o18.2,sidkey14o18.2
21259,si:dkey-14o6.1,sidkey14o6.1
21260,si:dkey-14o6.2,sidkey14o6.2
21261,si:dkey-14o6.8,sidkey14o6.8
21262,si:dkey-150i13.2,sidkey150i13.2
21263,si:dkey-150k17.3,sidkey150k17.3
21264,si:dkey-151g10.3,sidkey151g10.3
21265,si:dkey-151g10.6,sidkey151g10.6
21266,si:dkey-151g22.1,sidkey151g22.1
21267,si:dkey-151m22.8,sidkey151m22.8
21268,si:dkey-151p11.2,sidkey151p11.2
21269,si:dkey-152b24.6,sidkey152b24.6
21270,si:dkey-152b24.7,sidkey152b24.7
21271,si:dkey-152b24.8,sidkey152b24.8
21272,si:dkey-154b15.1,sidkey154b15.1
21273,si:dkey-154p10.3,sidkey154p10.3
21274,si:dkey-156j15.1,sidkey156j15.1
21275,si:dkey-156k2.4,sidkey156k2.4
21276,si:dkey-156m2.3,sidkey156m2.3
21277,si:dkey-156n14.3,sidkey156n14.3
21278,si:dkey-157e10.6,sidkey157e10.6
21279,si:dkey-157e10.8,sidkey157e10.8
21280,si:dkey-157g16.6,sidkey157g16.6
21281,si:dkey-157l19.2,sidkey157l19.2
21282,si:dkey-159a18.1,sidkey159a18.1
21283,si:dkey-159f12.2,sidkey159f12.2
21284,si:dkey-159n16.2,sidkey159n16.2
21285,si:dkey-159n16.4,sidkey159n16.4
21286,si:dkey-15b23.3,sidkey15b23.3
21287,si:dkey-15f23.1,sidkey15f23.1
21288,si:dkey-15h8.10,sidkey15h8.10
21289,si:dkey-15h8.15,sidkey15h8.15
21290,si:dkey-15h8.16,sidkey15h8.16
21291,si:dkey-15h8.17,sidkey15h8.17
21292,si:dkey-15j16.3,sidkey15j16.3
21293,si:dkey-15j16.6,sidkey15j16.6
21294,si:dkey-160o24.3,sidkey160o24.3
21295,si:dkey-161j23.5,sidkey161j23.5
21296,si:dkey-161j23.6,sidkey161j23.6
21297,si:dkey-161j23.7,sidkey161j23.7
21299,si:dkey-163f12.10,sidkey163f12.10
21300,si:dkey-163f12.6,sidkey163f12.6
21301,si:dkey-163f14.6,sidkey163f14.6
21302,si:dkey-163m14.10,sidkey163m14.10
21303,si:dkey-163m14.6,sidkey163m14.6
21304,si:dkey-163m14.7,sidkey163m14.7
21305,si:dkey-164f24.2,sidkey164f24.2
21306,si:dkey-165a24.10,sidkey165a24.10
21307,si:dkey-165a24.9,sidkey165a24.9
21308,si:dkey-165b20.3,sidkey165b20.3
21309,si:dkey-165n16.1,sidkey165n16.1
21310,si:dkey-165o8.1,sidkey165o8.1
21311,si:dkey-165o8.2,sidkey165o8.2
21312,si:dkey-166k12.1,sidkey166k12.1
21313,si:dkey-167k11.5,sidkey167k11.5
21314,si:dkey-169i5.4,sidkey169i5.4
21315,si:dkey-16b10.1,sidkey16b10.1
21316,si:dkey-16b10.2,sidkey16b10.2
21317,si:dkey-16i5.8,sidkey16i5.8
21318,si:dkey-16j16.4,sidkey16j16.4
21319,si:dkey-16l2.16,sidkey16l2.16
21320,si:dkey-16l2.17,sidkey16l2.17
21321,si:dkey-16l2.20,sidkey16l2.20
21322,si:dkey-16n15.6,sidkey16n15.6
21323,si:dkey-16p19.1,sidkey16p19.1
21324,si:dkey-16p19.8,sidkey16p19.8
21325,si:dkey-16p21.7,sidkey16p21.7
21326,si:dkey-16p21.8,sidkey16p21.8
21327,si:dkey-16p6.2,sidkey16p6.2
21328,si:dkey-170g13.2,sidkey170g13.2
21329,si:dkey-170l10.1,sidkey170l10.1
21330,si:dkey-171c9.3,sidkey171c9.3
21331,si:dkey-172h23.2,sidkey172h23.2
21332,si:dkey-172j4.3,sidkey172j4.3
21333,si:dkey-172k15.11,sidkey172k15.11
21334,si:dkey-172k15.3,sidkey172k15.3
21335,si:dkey-172k15.4,sidkey172k15.4
21336,si:dkey-172k15.5,sidkey172k15.5
21337,si:dkey-172k15.6,sidkey172k15.6
21338,si:dkey-172m14.1,sidkey172m14.1
21339,si:dkey-172m14.2,sidkey172m14.2
21340,si:dkey-172o19.2,sidkey172o19.2
21341,si:dkey-174i8.1,sidkey174i8.1
21342,si:dkey-174n20.1,sidkey174n20.1
21343,si:dkey-175d9.2,sidkey175d9.2
21344,si:dkey-175g6.2,sidkey175g6.2
21345,si:dkey-175m17.6,sidkey175m17.6
21346,si:dkey-175m17.7,sidkey175m17.7
21347,si:dkey-176f19.4,sidkey176f19.4
21348,si:dkey-176f19.7,sidkey176f19.7
21349,si:dkey-177p2.18,sidkey177p2.18
21350,si:dkey-177p2.6,sidkey177p2.6
21351,si:dkey-178e17.1,sidkey178e17.1
21352,si:dkey-178e17.3,sidkey178e17.3
21353,si:dkey-178k16.1,sidkey178k16.1
21354,si:dkey-178o16.4,sidkey178o16.4
21355,si:dkey-179j5.5,sidkey179j5.5
21356,si:dkey-179k24.1,sidkey179k24.1
21357,si:dkey-179k24.2,sidkey179k24.2
21358,si:dkey-179k24.5,sidkey179k24.5
21359,si:dkey-17e16.15,sidkey17e16.15
21360,si:dkey-17m8.1,sidkey17m8.1
21361,si:dkey-17m8.2,sidkey17m8.2
21362,si:dkey-17o15.2,sidkey17o15.2
21363,si:dkey-180p18.9,sidkey180p18.9
21364,si:dkey-181m9.8,sidkey181m9.8
21365,si:dkey-182g1.2,sidkey182g1.2
21366,si:dkey-182g1.4,sidkey182g1.4
21367,si:dkey-182g1.6,sidkey182g1.6
21368,si:dkey-182i3.10,sidkey182i3.10
21369,si:dkey-182i3.11,sidkey182i3.11
21370,si:dkey-182i3.8,sidkey182i3.8
21371,si:dkey-182i3.9,sidkey182i3.9
21372,si:dkey-183c2.4,sidkey183c2.4
21373,si:dkey-183c6.7,sidkey183c6.7
21374,si:dkey-183c6.8,sidkey183c6.8
21375,si:dkey-183c6.9,sidkey183c6.9
21376,si:dkey-183i3.5,sidkey183i3.5
21377,si:dkey-183i3.6,sidkey183i3.6
21378,si:dkey-183i3.9,sidkey183i3.9
21379,si:dkey-183j2.10,sidkey183j2.10
21380,si:dkey-183n20.15,sidkey183n20.15
21381,si:dkey-183p4.10,sidkey183p4.10
21382,si:dkey-184a18.5,sidkey184a18.5
21383,si:dkey-184p18.2,sidkey184p18.2
21384,si:dkey-184p9.7,sidkey184p9.7
21385,si:dkey-185e18.7,sidkey185e18.7
21386,si:dkey-185m8.2,sidkey185m8.2
21387,si:dkey-185p13.1,sidkey185p13.1
21388,si:dkey-187a12.4,sidkey187a12.4
21389,si:dkey-187e18.1,sidkey187e18.1
21390,si:dkey-187i8.2,sidkey187i8.2
21391,si:dkey-187j14.4,sidkey187j14.4
21392,si:dkey-187j14.6,sidkey187j14.6
21393,si:dkey-188g12.1,sidkey188g12.1
21394,si:dkey-188h10.3,sidkey188h10.3
21395,si:dkey-188i13.10,sidkey188i13.10
21396,si:dkey-188i13.11,sidkey188i13.11
21397,si:dkey-188i13.6,sidkey188i13.6
21398,si:dkey-188i13.8,sidkey188i13.8
21399,si:dkey-188i13.9,sidkey188i13.9
21400,si:dkey-189g17.2,sidkey189g17.2
21401,si:dkey-189h5.6,sidkey189h5.6
21402,si:dkey-18a10.3,sidkey18a10.3
21403,si:dkey-18j18.3,sidkey18j18.3
21404,si:dkey-18p12.4,sidkey18p12.4
21405,si:dkey-190g11.3,sidkey190g11.3
21406,si:dkey-190j3.2,sidkey190j3.2
21407,si:dkey-190l8.2,sidkey190l8.2
21408,si:dkey-191g9.5,sidkey191g9.5
21409,si:dkey-191g9.7,sidkey191g9.7
21410,si:dkey-192d15.1,sidkey192d15.1
21411,si:dkey-192d15.2,sidkey192d15.2
21412,si:dkey-192d15.3,sidkey192d15.3
21413,si:dkey-192g7.3,sidkey192g7.3
21414,si:dkey-192k22.2,sidkey192k22.2
21415,si:dkey-192l18.9,sidkey192l18.9
21416,si:dkey-192p21.6,sidkey192p21.6
21417,si:dkey-193b15.5,sidkey193b15.5
21418,si:dkey-193b15.8,sidkey193b15.8
21419,si:dkey-193c22.1,sidkey193c22.1
21420,si:dkey-193c22.2,sidkey193c22.2
21421,si:dkey-193i10.1,sidkey193i10.1
21422,si:dkey-193i10.4,sidkey193i10.4
21423,si:dkey-193n17.9,sidkey193n17.9
21424,si:dkey-193p11.2,sidkey193p11.2
21425,si:dkey-194e6.1,sidkey194e6.1
21426,si:dkey-194g4.1,sidkey194g4.1
21427,si:dkey-195m11.11,sidkey195m11.11
21428,si:dkey-195m11.8,sidkey195m11.8
21429,si:dkey-196h17.9,sidkey196h17.9
21430,si:dkey-196j8.2,sidkey196j8.2
21431,si:dkey-197c15.6,sidkey197c15.6
21432,si:dkey-197i20.6,sidkey197i20.6
21433,si:dkey-197j19.5,sidkey197j19.5
21434,si:dkey-197j19.6,sidkey197j19.6
21435,si:dkey-199f5.6,sidkey199f5.6
21436,si:dkey-199f5.7,sidkey199f5.7
21437,si:dkey-199f5.8,sidkey199f5.8
21438,si:dkey-199k11.6,sidkey199k11.6
21439,si:dkey-199m13.4,sidkey199m13.4
21440,si:dkey-199m13.5,sidkey199m13.5
21441,si:dkey-19a16.1,sidkey19a16.1
21442,si:dkey-19a16.11,sidkey19a16.11
21443,si:dkey-19a16.12,sidkey19a16.12
21444,si:dkey-19a16.16,sidkey19a16.16
21445,si:dkey-19a16.2,sidkey19a16.2
21446,si:dkey-19a16.4,sidkey19a16.4
21447,si:dkey-19a16.5,sidkey19a16.5
21448,si:dkey-19a16.7,sidkey19a16.7
21449,si:dkey-19b23.10,sidkey19b23.10
21450,si:dkey-19b23.11,sidkey19b23.11
21451,si:dkey-19b23.12,sidkey19b23.12
21452,si:dkey-19b23.14,sidkey19b23.14
21453,si:dkey-19b23.7,sidkey19b23.7
21454,si:dkey-19b23.8,sidkey19b23.8
21455,si:dkey-19c16.12,sidkey19c16.12
21456,si:dkey-19e4.5,sidkey19e4.5
21457,si:dkey-19f4.2,sidkey19f4.2
21458,si:dkey-1b17.1,sidkey1b17.1
21459,si:dkey-1b17.2,sidkey1b17.2
21460,si:dkey-1b17.5,sidkey1b17.5
21461,si:dkey-1b17.9,sidkey1b17.9
21462,si:dkey-1c11.1,sidkey1c11.1
21463,si:dkey-1c7.2,sidkey1c7.2
21464,si:dkey-1c7.3,sidkey1c7.3
21465,si:dkey-1d7.3,sidkey1d7.3
21466,si:dkey-1h24.2,sidkey1h24.2
21467,si:dkey-1h4.4,sidkey1h4.4
21468,si:dkey-1h6.8,sidkey1h6.8
21469,si:dkey-1j5.4,sidkey1j5.4
21470,si:dkey-1k23.3,sidkey1k23.3
21471,si:dkey-1m11.5,sidkey1m11.5
21472,si:dkey-1m11.6,sidkey1m11.6
21473,si:dkey-200l5.4,sidkey200l5.4
21474,si:dkey-201c13.2,sidkey201c13.2
21475,si:dkey-201g16.1,sidkey201g16.1
21476,si:dkey-201i24.3,sidkey201i24.3
21477,si:dkey-201l21.2,sidkey201l21.2
21478,si:dkey-201l21.4,sidkey201l21.4
21479,si:dkey-202b22.5,sidkey202b22.5
21480,si:dkey-202b22.6,sidkey202b22.6
21481,si:dkey-202c14.3,sidkey202c14.3
21482,si:dkey-202e17.1,sidkey202e17.1
21483,si:dkey-202e22.2,sidkey202e22.2
21484,si:dkey-202g17.3,sidkey202g17.3
21485,si:dkey-202l22.6,sidkey202l22.6
21486,si:dkey-203a12.2,sidkey203a12.2
21487,si:dkey-203a12.4,sidkey203a12.4
21488,si:dkey-203a12.5,sidkey203a12.5
21489,si:dkey-203a12.7,sidkey203a12.7
21490,si:dkey-204a24.11,sidkey204a24.11
21492,si:dkey-204f11.64,sidkey204f11.64
21493,si:dkey-204l11.1,sidkey204l11.1
21494,si:dkey-205h13.1,sidkey205h13.1
21495,si:dkey-205h13.2,sidkey205h13.2
21496,si:dkey-205h23.2,sidkey205h23.2
21497,si:dkey-205i10.1,sidkey205i10.1
21498,si:dkey-205i10.2,sidkey205i10.2
21499,si:dkey-206d17.12,sidkey206d17.12
21500,si:dkey-206d17.15,sidkey206d17.15
21501,si:dkey-206f10.1,sidkey206f10.1
21502,si:dkey-206p8.1,sidkey206p8.1
21503,si:dkey-207b20.2,sidkey207b20.2
21504,si:dkey-207l24.2,sidkey207l24.2
21505,si:dkey-208b23.5,sidkey208b23.5
21506,si:dkey-208c12.2,sidkey208c12.2
21507,si:dkey-208k22.6,sidkey208k22.6
21508,si:dkey-208k4.2,sidkey208k4.2
21509,si:dkey-208k4.3,sidkey208k4.3
21510,si:dkey-208m12.2,sidkey208m12.2
21511,si:dkey-20d21.12,sidkey20d21.12
21512,si:dkey-20i10.7,sidkey20i10.7
21513,si:dkey-20i20.10,sidkey20i20.10
21514,si:dkey-20i20.11,sidkey20i20.11
21515,si:dkey-20i20.15,sidkey20i20.15
21516,si:dkey-20i20.2,sidkey20i20.2
21517,si:dkey-20i20.3,sidkey20i20.3
21518,si:dkey-20i20.4,sidkey20i20.4
21519,si:dkey-20i20.7,sidkey20i20.7
21520,si:dkey-20i20.8,sidkey20i20.8
21521,si:dkey-20i20.9,sidkey20i20.9
21522,si:dkey-210j14.3,sidkey210j14.3
21523,si:dkey-210j14.4,sidkey210j14.4
21524,si:dkey-210j14.5,sidkey210j14.5
21525,si:dkey-211f22.5,sidkey211f22.5
21526,si:dkey-211g8.4,sidkey211g8.4
21527,si:dkey-211g8.5,sidkey211g8.5
21528,si:dkey-211g8.6,sidkey211g8.6
21529,si:dkey-211g8.8,sidkey211g8.8
21530,si:dkey-211i20.2,sidkey211i20.2
21531,si:dkey-215k6.1,sidkey215k6.1
21532,si:dkey-216e24.3,sidkey216e24.3
21533,si:dkey-216e24.9,sidkey216e24.9
21534,si:dkey-217d24.6,sidkey217d24.6
21535,si:dkey-217f16.1,sidkey217f16.1
21536,si:dkey-217f16.5,sidkey217f16.5
21537,si:dkey-217f16.6,sidkey217f16.6
21538,si:dkey-217g21.3,sidkey217g21.3
21539,si:dkey-217l24.1,sidkey217l24.1
21540,si:dkey-217m5.8,sidkey217m5.8
21541,si:dkey-218h11.6,sidkey218h11.6
21542,si:dkey-219c10.4,sidkey219c10.4
21543,si:dkey-219c3.2,sidkey219c3.2
21544,si:dkey-219e20.2,sidkey219e20.2
21545,si:dkey-219e21.2,sidkey219e21.2
21546,si:dkey-219e21.4,sidkey219e21.4
21547,si:dkey-21a6.5,sidkey21a6.5
21548,si:dkey-21c1.1,sidkey21c1.1
21549,si:dkey-21c1.4,sidkey21c1.4
21550,si:dkey-21c1.8,sidkey21c1.8
21551,si:dkey-21c19.3,sidkey21c19.3
21552,si:dkey-21e13.3,sidkey21e13.3
21553,si:dkey-21e2.11,sidkey21e2.11
21554,si:dkey-21e2.13,sidkey21e2.13
21555,si:dkey-21e2.14,sidkey21e2.14
21556,si:dkey-21e2.3,sidkey21e2.3
21557,si:dkey-21e2.7,sidkey21e2.7
21558,si:dkey-21e2.8,sidkey21e2.8
21559,si:dkey-21e5.1,sidkey21e5.1
21560,si:dkey-21h14.3,sidkey21h14.3
21561,si:dkey-21h14.9,sidkey21h14.9
21562,si:dkey-21o19.2,sidkey21o19.2
21563,si:dkey-21o22.2,sidkey21o22.2
21564,si:dkey-21p1.3,sidkey21p1.3
21565,si:dkey-220k22.1,sidkey220k22.1
21566,si:dkey-220k22.3,sidkey220k22.3
21567,si:dkey-220o5.5,sidkey220o5.5
21568,si:dkey-221h15.4,sidkey221h15.4
21569,si:dkey-221j11.3,sidkey221j11.3
21570,si:dkey-221l4.10,sidkey221l4.10
21571,si:dkey-221l4.11,sidkey221l4.11
21572,si:dkey-222b8.4,sidkey222b8.4
21573,si:dkey-222f2.1,sidkey222f2.1
21574,si:dkey-222f2.7,sidkey222f2.7
21575,si:dkey-222h21.1,sidkey222h21.1
21576,si:dkey-222h21.5,sidkey222h21.5
21577,si:dkey-222h21.6,sidkey222h21.6
21578,si:dkey-222h21.7,sidkey222h21.7
21579,si:dkey-222h21.8,sidkey222h21.8
21580,si:dkey-222h21.9,sidkey222h21.9
21581,si:dkey-222n6.2,sidkey222n6.2
21582,si:dkey-222p3.1,sidkey222p3.1
21583,si:dkey-223d7.6,sidkey223d7.6
21584,si:dkey-223p19.1,sidkey223p19.1
21585,si:dkey-223p19.2,sidkey223p19.2
21586,si:dkey-225f23.4,sidkey225f23.4
21587,si:dkey-225f23.5,sidkey225f23.5
21588,si:dkey-225f5.5,sidkey225f5.5
21589,si:dkey-225k4.1,sidkey225k4.1
21590,si:dkey-225n22.4,sidkey225n22.4
21591,si:dkey-226l10.6,sidkey226l10.6
21592,si:dkey-226m8.10,sidkey226m8.10
21593,si:dkey-226n24.1,sidkey226n24.1
21594,si:dkey-228a15.1,sidkey228a15.1
21595,si:dkey-228b2.6,sidkey228b2.6
21596,si:dkey-228d14.5,sidkey228d14.5
21597,si:dkey-229b18.3,sidkey229b18.3
21598,si:dkey-229d11.3,sidkey229d11.3
21599,si:dkey-229d11.5,sidkey229d11.5
21600,si:dkey-229e3.2,sidkey229e3.2
21601,si:dkey-22a18.2,sidkey22a18.2
21602,si:dkey-22f5.9,sidkey22f5.9
21603,si:dkey-22h13.2,sidkey22h13.2
21604,si:dkey-22h13.3,sidkey22h13.3
21605,si:dkey-22h13.5,sidkey22h13.5
21607,si:dkey-22i16.9,sidkey22i16.9
21608,si:dkey-22l1.1,sidkey22l1.1
21609,si:dkey-22l11.6,sidkey22l11.6
21610,si:dkey-22n8.3,sidkey22n8.3
21611,si:dkey-22o12.2,sidkey22o12.2
21612,si:dkey-22o22.2,sidkey22o22.2
21613,si:dkey-231j24.3,sidkey231j24.3
21614,si:dkey-233e3.2,sidkey233e3.2
21615,si:dkey-233e3.3,sidkey233e3.3
21616,si:dkey-234d14.2,sidkey234d14.2
21617,si:dkey-234h16.7,sidkey234h16.7
21618,si:dkey-234i14.14,sidkey234i14.14
21619,si:dkey-234i14.2,sidkey234i14.2
21620,si:dkey-234i14.3,sidkey234i14.3
21621,si:dkey-234i14.6,sidkey234i14.6
21622,si:dkey-235d18.5,sidkey235d18.5
21623,si:dkey-237h12.3,sidkey237h12.3
21624,si:dkey-237i9.8,sidkey237i9.8
21625,si:dkey-237j10.2,sidkey237j10.2
21626,si:dkey-237j11.3,sidkey237j11.3
21627,si:dkey-237m9.2,sidkey237m9.2
21628,si:dkey-238c7.16,sidkey238c7.16
21629,si:dkey-238d18.15,sidkey238d18.15
21630,si:dkey-238d18.3,sidkey238d18.3
21631,si:dkey-238d18.4,sidkey238d18.4
21632,si:dkey-238d18.5,sidkey238d18.5
21633,si:dkey-238d18.6,sidkey238d18.6
21634,si:dkey-238f9.1,sidkey238f9.1
21635,si:dkey-238i5.2,sidkey238i5.2
21636,si:dkey-238i5.3,sidkey238i5.3
21637,si:dkey-238j22.1,sidkey238j22.1
21638,si:dkey-238o13.4,sidkey238o13.4
21639,si:dkey-238o14.1,sidkey238o14.1
21640,si:dkey-238o14.3,sidkey238o14.3
21641,si:dkey-238o14.7,sidkey238o14.7
21642,si:dkey-239b22.2,sidkey239b22.2
21643,si:dkey-239h2.3,sidkey239h2.3
21644,si:dkey-239i20.2,sidkey239i20.2
21645,si:dkey-239i20.4,sidkey239i20.4
21646,si:dkey-239j18.2,sidkey239j18.2
21647,si:dkey-239j18.3,sidkey239j18.3
21648,si:dkey-23a13.11,sidkey23a13.11
21649,si:dkey-23a13.14,sidkey23a13.14
21650,si:dkey-23a13.17,sidkey23a13.17
21651,si:dkey-23a13.2,sidkey23a13.2
21652,si:dkey-23a13.22,sidkey23a13.22
21653,si:dkey-23a13.9,sidkey23a13.9
21654,si:dkey-23a23.2,sidkey23a23.2
21655,si:dkey-23a23.3,sidkey23a23.3
21656,si:dkey-23c22.5,sidkey23c22.5
21657,si:dkey-23c22.7,sidkey23c22.7
21658,si:dkey-23f9.11,sidkey23f9.11
21659,si:dkey-23f9.12,sidkey23f9.12
21660,si:dkey-23f9.4,sidkey23f9.4
21661,si:dkey-23f9.8,sidkey23f9.8
21662,si:dkey-23i12.5,sidkey23i12.5
21663,si:dkey-23i12.7,sidkey23i12.7
21664,si:dkey-23i12.9,sidkey23i12.9
21665,si:dkey-23k10.3,sidkey23k10.3
21666,si:dkey-23k10.5,sidkey23k10.5
21667,si:dkey-23n7.10,sidkey23n7.10
21668,si:dkey-23o4.6,sidkey23o4.6
21669,si:dkey-240e12.6,sidkey240e12.6
21670,si:dkey-240h12.3,sidkey240h12.3
21672,si:dkey-240n22.6,sidkey240n22.6
21673,si:dkey-240n22.8,sidkey240n22.8
21674,si:dkey-241l7.2,sidkey241l7.2
21675,si:dkey-241l7.3,sidkey241l7.3
21676,si:dkey-241l7.4,sidkey241l7.4
21677,si:dkey-241l7.5,sidkey241l7.5
21678,si:dkey-241l7.6,sidkey241l7.6
21679,si:dkey-242g16.2,sidkey242g16.2
21680,si:dkey-242h9.3,sidkey242h9.3
21681,si:dkey-242h9.5,sidkey242h9.5
21682,si:dkey-243i1.1,sidkey243i1.1
21683,si:dkey-243k1.3,sidkey243k1.3
21684,si:dkey-244a7.1,sidkey244a7.1
21685,si:dkey-245f22.3,sidkey245f22.3
21686,si:dkey-245n4.2,sidkey245n4.2
21687,si:dkey-246e1.3,sidkey246e1.3
21688,si:dkey-246g23.2,sidkey246g23.2
21689,si:dkey-246g23.4,sidkey246g23.4
21690,si:dkey-246i14.3,sidkey246i14.3
21691,si:dkey-246j6.1,sidkey246j6.1
21692,si:dkey-246j6.3,sidkey246j6.3
21693,si:dkey-246j7.1,sidkey246j7.1
21694,si:dkey-247i3.1,sidkey247i3.1
21695,si:dkey-247i3.5,sidkey247i3.5
21696,si:dkey-247k7.2,sidkey247k7.2
21697,si:dkey-247m21.3,sidkey247m21.3
21698,si:dkey-248e17.5,sidkey248e17.5
21699,si:dkey-248f6.3,sidkey248f6.3
21700,si:dkey-248g15.3,sidkey248g15.3
21701,si:dkey-248g21.1,sidkey248g21.1
21702,si:dkey-249d8.1,sidkey249d8.1
21703,si:dkey-24f15.2,sidkey24f15.2
21704,si:dkey-24h22.5,sidkey24h22.5
21705,si:dkey-24i24.3,sidkey24i24.3
21706,si:dkey-24l11.2,sidkey24l11.2
21707,si:dkey-24p1.1,sidkey24p1.1
21708,si:dkey-24p1.6,sidkey24p1.6
21709,si:dkey-24p1.7,sidkey24p1.7
21710,si:dkey-250d21.1,sidkey250d21.1
21711,si:dkey-250k10.1,sidkey250k10.1
21712,si:dkey-250k10.4,sidkey250k10.4
21713,si:dkey-250k15.10,sidkey250k15.10
21714,si:dkey-250k15.4,sidkey250k15.4
21715,si:dkey-250k15.7,sidkey250k15.7
21716,si:dkey-250k15.9,sidkey250k15.9
21717,si:dkey-251i10.1,sidkey251i10.1
21718,si:dkey-251i10.2,sidkey251i10.2
21719,si:dkey-253d23.11,sidkey253d23.11
21720,si:dkey-253d23.2,sidkey253d23.2
21721,si:dkey-253d23.3,sidkey253d23.3
21722,si:dkey-253d23.4,sidkey253d23.4
21723,si:dkey-253d23.5,sidkey253d23.5
21724,si:dkey-253d23.8,sidkey253d23.8
21725,si:dkey-253d23.9,sidkey253d23.9
21726,si:dkey-253i9.4,sidkey253i9.4
21727,si:dkey-254e13.6,sidkey254e13.6
21728,si:dkey-256e7.8,sidkey256e7.8
21729,si:dkey-256h2.1,sidkey256h2.1
21730,si:dkey-256i11.2,sidkey256i11.2
21731,si:dkey-258f14.3,sidkey258f14.3
21732,si:dkey-259j3.5,sidkey259j3.5
21733,si:dkey-25e12.3,sidkey25e12.3
21734,si:dkey-25g12.4,sidkey25g12.4
21735,si:dkey-25i10.1,sidkey25i10.1
21736,si:dkey-25o1.7,sidkey25o1.7
21737,si:dkey-25o16.4,sidkey25o16.4
21738,si:dkey-260c8.6,sidkey260c8.6
21739,si:dkey-260c8.8,sidkey260c8.8
21740,si:dkey-260j18.2,sidkey260j18.2
21741,si:dkey-261e22.4,sidkey261e22.4
21742,si:dkey-261i16.5,sidkey261i16.5
21743,si:dkey-261j11.2,sidkey261j11.2
21744,si:dkey-261j11.3,sidkey261j11.3
21745,si:dkey-261j15.2,sidkey261j15.2
21746,si:dkey-261j4.3,sidkey261j4.3
21747,si:dkey-261j4.4,sidkey261j4.4
21748,si:dkey-261j4.5,sidkey261j4.5
21749,si:dkey-261l7.2,sidkey261l7.2
21750,si:dkey-261m9.12,sidkey261m9.12
21751,si:dkey-261m9.6,sidkey261m9.6
21752,si:dkey-261p22.1,sidkey261p22.1
21753,si:dkey-262g12.10,sidkey262g12.10
21754,si:dkey-262g12.12,sidkey262g12.12
21755,si:dkey-262g12.14,sidkey262g12.14
21756,si:dkey-262g12.3,sidkey262g12.3
21757,si:dkey-262g12.7,sidkey262g12.7
21758,si:dkey-262k9.2,sidkey262k9.2
21759,si:dkey-262k9.4,sidkey262k9.4
21760,si:dkey-264b2.3,sidkey264b2.3
21761,si:dkey-264d12.1,sidkey264d12.1
21762,si:dkey-264d12.4,sidkey264d12.4
21763,si:dkey-264d12.5,sidkey264d12.5
21764,si:dkey-264f17.2,sidkey264f17.2
21765,si:dkey-264f17.4,sidkey264f17.4
21766,si:dkey-265e15.5,sidkey265e15.5
21767,si:dkey-265e7.1,sidkey265e7.1
21768,si:dkey-266f7.10,sidkey266f7.10
21769,si:dkey-266f7.4,sidkey266f7.4
21770,si:dkey-266f7.5,sidkey266f7.5
21771,si:dkey-266f7.9,sidkey266f7.9
21772,si:dkey-266m15.5,sidkey266m15.5
21773,si:dkey-266m15.6,sidkey266m15.6
21774,si:dkey-266m15.7,sidkey266m15.7
21775,si:dkey-267j14.7,sidkey267j14.7
21776,si:dkey-267n13.1,sidkey267n13.1
21777,si:dkey-269i1.4,sidkey269i1.4
21778,si:dkey-269o24.1,sidkey269o24.1
21779,si:dkey-269o24.6,sidkey269o24.6
21780,si:dkey-269p2.1,sidkey269p2.1
21781,si:dkey-26c10.5,sidkey26c10.5
21782,si:dkey-26i13.6,sidkey26i13.6
21783,si:dkey-26i13.8,sidkey26i13.8
21784,si:dkey-26i24.1,sidkey26i24.1
21785,si:dkey-271j15.3,sidkey271j15.3
21786,si:dkey-273g18.1,sidkey273g18.1
21787,si:dkey-274m17.3,sidkey274m17.3
21788,si:dkey-275b16.2,sidkey275b16.2
21789,si:dkey-276j7.1,sidkey276j7.1
21790,si:dkey-276j7.2,sidkey276j7.2
21791,si:dkey-276j7.3,sidkey276j7.3
21792,si:dkey-279j5.1,sidkey279j5.1
21793,si:dkey-27b3.2,sidkey27b3.2
21794,si:dkey-27b3.4,sidkey27b3.4
21795,si:dkey-27c15.3,sidkey27c15.3
21796,si:dkey-27d5.10,sidkey27d5.10
21797,si:dkey-27d5.14,sidkey27d5.14
21798,si:dkey-27d5.3,sidkey27d5.3
21799,si:dkey-27d5.4,sidkey27d5.4
21800,si:dkey-27h10.2,sidkey27h10.2
21801,si:dkey-27i16.2,sidkey27i16.2
21802,si:dkey-27j5.5,sidkey27j5.5
21803,si:dkey-27j5.8,sidkey27j5.8
21804,si:dkey-27l15.1,sidkey27l15.1
21805,si:dkey-27m7.4,sidkey27m7.4
21806,si:dkey-27n14.1,sidkey27n14.1
21807,si:dkey-27n6.4,sidkey27n6.4
21808,si:dkey-27n6.9,sidkey27n6.9
21809,si:dkey-27o4.1,sidkey27o4.1
21810,si:dkey-27p18.3,sidkey27p18.3
21811,si:dkey-27p18.5,sidkey27p18.5
21812,si:dkey-27p23.3,sidkey27p23.3
21813,si:dkey-280e21.3,sidkey280e21.3
21814,si:dkey-280e8.1,sidkey280e8.1
21815,si:dkey-282h22.5,sidkey282h22.5
21816,si:dkey-283b1.6,sidkey283b1.6
21817,si:dkey-283b1.7,sidkey283b1.7
21818,si:dkey-283b15.2,sidkey283b15.2
21819,si:dkey-283j8.1,sidkey283j8.1
21820,si:dkey-284p5.3,sidkey284p5.3
21821,si:dkey-285b23.3,sidkey285b23.3
21822,si:dkey-285b23.4,sidkey285b23.4
21823,si:dkey-285e18.2,sidkey285e18.2
21824,si:dkey-285e18.5,sidkey285e18.5
21825,si:dkey-285e18.6,sidkey285e18.6
21826,si:dkey-286h21.1,sidkey286h21.1
21827,si:dkey-286j15.1,sidkey286j15.1
21828,si:dkey-286j15.3,sidkey286j15.3
21829,si:dkey-286j17.4,sidkey286j17.4
21830,si:dkey-287g12.6,sidkey287g12.6
21831,si:dkey-288a3.2,sidkey288a3.2
21832,si:dkey-288i20.2,sidkey288i20.2
21833,si:dkey-28a3.2,sidkey28a3.2
21834,si:dkey-28b4.7,sidkey28b4.7
21835,si:dkey-28b4.8,sidkey28b4.8
21836,si:dkey-28d5.11,sidkey28d5.11
21837,si:dkey-28d5.12,sidkey28d5.12
21838,si:dkey-28d5.13,sidkey28d5.13
21839,si:dkey-28d5.14,sidkey28d5.14
21840,si:dkey-28d5.4,sidkey28d5.4
21841,si:dkey-28d5.5,sidkey28d5.5
21842,si:dkey-28d5.8,sidkey28d5.8
21843,si:dkey-28d5.9,sidkey28d5.9
21844,si:dkey-28e7.3,sidkey28e7.3
21845,si:dkey-28i19.1,sidkey28i19.1
21846,si:dkey-28i19.3,sidkey28i19.3
21847,si:dkey-28n18.9,sidkey28n18.9
21848,si:dkey-28o19.1,sidkey28o19.1
21849,si:dkey-29b11.3,sidkey29b11.3
21850,si:dkey-29d5.1,sidkey29d5.1
21851,si:dkey-29d5.2,sidkey29d5.2
21852,si:dkey-29d8.3,sidkey29d8.3
21853,si:dkey-29h14.10,sidkey29h14.10
21854,si:dkey-29j8.2,sidkey29j8.2
21855,si:dkey-29m1.2,sidkey29m1.2
21856,si:dkey-29p10.4,sidkey29p10.4
21857,si:dkey-29p23.1,sidkey29p23.1
21858,si:dkey-29p23.2,sidkey29p23.2
21859,si:dkey-30c15.10,sidkey30c15.10
21860,si:dkey-30c15.12,sidkey30c15.12
21861,si:dkey-30c15.13,sidkey30c15.13
21862,si:dkey-30c15.17,sidkey30c15.17
21863,si:dkey-30c15.2,sidkey30c15.2
21864,si:dkey-30e9.6,sidkey30e9.6
21865,si:dkey-30e9.7,sidkey30e9.7
21866,si:dkey-30f3.2,sidkey30f3.2
21867,si:dkey-30g5.1,sidkey30g5.1
21868,si:dkey-30h22.11,sidkey30h22.11
21869,si:dkey-30j10.5,sidkey30j10.5
21870,si:dkey-30j22.1,sidkey30j22.1
21871,si:dkey-30k22.7,sidkey30k22.7
21872,si:dkey-30k6.5,sidkey30k6.5
21873,si:dkey-31c13.1,sidkey31c13.1
21874,si:dkey-31e10.1,sidkey31e10.1
21875,si:dkey-31e10.5,sidkey31e10.5
21876,si:dkey-31f5.11,sidkey31f5.11
21877,si:dkey-31f5.8,sidkey31f5.8
21878,si:dkey-31g16.2,sidkey31g16.2
21879,si:dkey-31g6.4,sidkey31g6.4
21880,si:dkey-31g6.6,sidkey31g6.6
21881,si:dkey-31j3.11,sidkey31j3.11
21883,si:dkey-32e23.4,sidkey32e23.4
21884,si:dkey-32e6.3,sidkey32e6.3
21885,si:dkey-32e6.6,sidkey32e6.6
21886,si:dkey-32n7.4,sidkey32n7.4
21887,si:dkey-32n7.7,sidkey32n7.7
21888,si:dkey-33c12.10,sidkey33c12.10
21889,si:dkey-33c12.11,sidkey33c12.11
21891,si:dkey-33c12.3,sidkey33c12.3
21892,si:dkey-33c12.4,sidkey33c12.4
21893,si:dkey-33c14.3,sidkey33c14.3
21894,si:dkey-33c14.6,sidkey33c14.6
21895,si:dkey-33c14.7,sidkey33c14.7
21896,si:dkey-33c9.6,sidkey33c9.6
21897,si:dkey-33i11.1,sidkey33i11.1
21898,si:dkey-33i11.4,sidkey33i11.4
21899,si:dkey-33i11.9,sidkey33i11.9
21900,si:dkey-33m11.8,sidkey33m11.8
21901,si:dkey-34d22.1,sidkey34d22.1
21902,si:dkey-34d22.2,sidkey34d22.2
21903,si:dkey-34d22.3,sidkey34d22.3
21904,si:dkey-34d22.5,sidkey34d22.5
21905,si:dkey-34e4.1,sidkey34e4.1
21906,si:dkey-34m19.3,sidkey34m19.3
21907,si:dkey-34o23.3,sidkey34o23.3
21908,si:dkey-35h6.1,sidkey35h6.1
21909,si:dkey-35i13.1,sidkey35i13.1
21910,si:dkey-35m8.1,sidkey35m8.1
21911,si:dkey-36i7.3,sidkey36i7.3
21912,si:dkey-37g12.1,sidkey37g12.1
21913,si:dkey-37m8.11,sidkey37m8.11
21914,si:dkey-37m8.3,sidkey37m8.3
21915,si:dkey-37o8.1,sidkey37o8.1
21916,si:dkey-38l22.2,sidkey38l22.2
21917,si:dkey-38n4.2,sidkey38n4.2
21918,si:dkey-38p12.3,sidkey38p12.3
21919,si:dkey-39a18.1,sidkey39a18.1
21920,si:dkey-3d4.3,sidkey3d4.3
21921,si:dkey-3h23.2,sidkey3h23.2
21922,si:dkey-3h3.3,sidkey3h3.3
21923,si:dkey-3k24.5,sidkey3k24.5
21924,si:dkey-3n22.9,sidkey3n22.9
21925,si:dkey-3p4.7,sidkey3p4.7
21926,si:dkey-3p4.8,sidkey3p4.8
21927,si:dkey-40c11.2,sidkey40c11.2
21928,si:dkey-40c23.1,sidkey40c23.1
21929,si:dkey-40c23.2,sidkey40c23.2
21930,si:dkey-40g16.5,sidkey40g16.5
21931,si:dkey-40g16.6,sidkey40g16.6
21932,si:dkey-40h20.1,sidkey40h20.1
21933,si:dkey-40j3.3,sidkey40j3.3
21934,si:dkey-40m6.14,sidkey40m6.14
21935,si:dkey-40m6.8,sidkey40m6.8
21936,si:dkey-40n15.1,sidkey40n15.1
21937,si:dkey-41c6.3,sidkey41c6.3
21938,si:dkey-42i9.16,sidkey42i9.16
21939,si:dkey-42i9.4,sidkey42i9.4
21940,si:dkey-42i9.6,sidkey42i9.6
21941,si:dkey-42i9.7,sidkey42i9.7
21942,si:dkey-42i9.8,sidkey42i9.8
21943,si:dkey-42l23.2,sidkey42l23.2
21944,si:dkey-42l23.7,sidkey42l23.7
21945,si:dkey-42p14.3,sidkey42p14.3
21946,si:dkey-43f9.4,sidkey43f9.4
21947,si:dkey-43k4.3,sidkey43k4.3
21948,si:dkey-43k4.5,sidkey43k4.5
21949,si:dkey-43p13.5,sidkey43p13.5
21950,si:dkey-44g17.6,sidkey44g17.6
21951,si:dkey-44g23.5,sidkey44g23.5
21952,si:dkey-44k1.5,sidkey44k1.5
21953,si:dkey-45d16.4,sidkey45d16.4
21954,si:dkey-45h7.1,sidkey45h7.1
21955,si:dkey-45k15.1,sidkey45k15.1
21956,si:dkey-46a10.3,sidkey46a10.3
21957,si:dkey-46g23.1,sidkey46g23.1
21958,si:dkey-46g23.2,sidkey46g23.2
21959,si:dkey-46g23.5,sidkey46g23.5
21960,si:dkey-46i9.1,sidkey46i9.1
21961,si:dkey-46i9.6,sidkey46i9.6
21962,si:dkey-47k16.4,sidkey47k16.4
21963,si:dkey-47k20.2,sidkey47k20.2
21964,si:dkey-47k20.3,sidkey47k20.3
21965,si:dkey-47k20.4,sidkey47k20.4
21966,si:dkey-47k20.5,sidkey47k20.5
21967,si:dkey-47k20.8,sidkey47k20.8
21968,si:dkey-47k20.9,sidkey47k20.9
21969,si:dkey-48g21.7,sidkey48g21.7
21970,si:dkey-48p11.3,sidkey48p11.3
21971,si:dkey-49n23.1,sidkey49n23.1
21972,si:dkey-4c15.12,sidkey4c15.12
21973,si:dkey-4c15.13,sidkey4c15.13
21974,si:dkey-4c15.14,sidkey4c15.14
21975,si:dkey-4c15.16,sidkey4c15.16
21976,si:dkey-4c2.11,sidkey4c2.11
21977,si:dkey-4c23.3,sidkey4c23.3
21978,si:dkey-4e7.3,sidkey4e7.3
21979,si:dkey-4i23.5,sidkey4i23.5
21980,si:dkey-4j21.1,sidkey4j21.1
21981,si:dkey-4p15.3,sidkey4p15.3
21982,si:dkey-4p15.5,sidkey4p15.5
21983,si:dkey-50i6.5,sidkey50i6.5
21984,si:dkey-50i6.6,sidkey50i6.6
21985,si:dkey-51a16.9,sidkey51a16.9
21986,si:dkey-51d8.1,sidkey51d8.1
21987,si:dkey-51d8.6,sidkey51d8.6
21988,si:dkey-51d8.9,sidkey51d8.9
21989,si:dkey-51e6.1,sidkey51e6.1
21990,si:dkey-52j6.3,sidkey52j6.3
21991,si:dkey-52l18.4,sidkey52l18.4
21992,si:dkey-52p2.5,sidkey52p2.5
21993,si:dkey-53k12.1,sidkey53k12.1
21994,si:dkey-54j5.2,sidkey54j5.2
21995,si:dkey-54n8.2,sidkey54n8.2
21996,si:dkey-54n8.4,sidkey54n8.4
21997,si:dkey-56d12.4,sidkey56d12.4
21998,si:dkey-56e3.3,sidkey56e3.3
21999,si:dkey-56f14.7,sidkey56f14.7
22000,si:dkey-56m15.3,sidkey56m15.3
22001,si:dkey-56m15.5,sidkey56m15.5
22002,si:dkey-56m15.6,sidkey56m15.6
22003,si:dkey-56m15.7,sidkey56m15.7
22004,si:dkey-56m15.8,sidkey56m15.8
22005,si:dkey-56m15.9,sidkey56m15.9
22006,si:dkey-56m19.5,sidkey56m19.5
22007,si:dkey-57a22.11,sidkey57a22.11
22008,si:dkey-57a22.13,sidkey57a22.13
22009,si:dkey-57c15.1,sidkey57c15.1
22010,si:dkey-57c22.1,sidkey57c22.1
22011,si:dkey-57h18.1,sidkey57h18.1
22012,si:dkey-57k17.1,sidkey57k17.1
22013,si:dkey-57k2.6,sidkey57k2.6
22014,si:dkey-57k2.7,sidkey57k2.7
22015,si:dkey-57l19.1,sidkey57l19.1
22016,si:dkey-57n24.6,sidkey57n24.6
22017,si:dkey-58f10.12,sidkey58f10.12
22018,si:dkey-58f10.13,sidkey58f10.13
22019,si:dkey-58f10.14,sidkey58f10.14
22020,si:dkey-58f10.4,sidkey58f10.4
22021,si:dkey-58f10.6,sidkey58f10.6
22022,si:dkey-58f10.7,sidkey58f10.7
22023,si:dkey-58i8.5,sidkey58i8.5
22024,si:dkey-58j15.10,sidkey58j15.10
22025,si:dkey-59l11.10,sidkey59l11.10
22026,si:dkey-5i16.5,sidkey5i16.5
22027,si:dkey-5i3.5,sidkey5i3.5
22028,si:dkey-5n18.1,sidkey5n18.1
22029,si:dkey-5n7.2,sidkey5n7.2
22030,si:dkey-60a16.1,sidkey60a16.1
22031,si:dkey-60d5.3,sidkey60d5.3
22032,si:dkey-61f9.1,sidkey61f9.1
22033,si:dkey-61f9.2,sidkey61f9.2
22034,si:dkey-61l1.4,sidkey61l1.4
22035,si:dkey-61n16.5,sidkey61n16.5
22036,si:dkey-61p9.11,sidkey61p9.11
22037,si:dkey-61p9.6,sidkey61p9.6
22038,si:dkey-61p9.7,sidkey61p9.7
22039,si:dkey-62k3.5,sidkey62k3.5
22040,si:dkey-62k3.6,sidkey62k3.6
22041,si:dkey-63b1.1,sidkey63b1.1
22042,si:dkey-65b12.10,sidkey65b12.10
22043,si:dkey-65b12.12,sidkey65b12.12
22044,si:dkey-65b12.6,sidkey65b12.6
22045,si:dkey-65b13.13,sidkey65b13.13
22046,si:dkey-65j4.2,sidkey65j4.2
22047,si:dkey-65j6.2,sidkey65j6.2
22048,si:dkey-66a8.7,sidkey66a8.7
22049,si:dkey-66g10.2,sidkey66g10.2
22050,si:dkey-66i24.7,sidkey66i24.7
22051,si:dkey-66i24.8,sidkey66i24.8
22052,si:dkey-66i24.9,sidkey66i24.9
22053,si:dkey-67c22.2,sidkey67c22.2
22054,si:dkey-68o6.5,sidkey68o6.5
22055,si:dkey-68o6.6,sidkey68o6.6
22056,si:dkey-68o6.8,sidkey68o6.8
22057,si:dkey-69c1.1,sidkey69c1.1
22058,si:dkey-69o16.5,sidkey69o16.5
22059,si:dkey-6a5.3,sidkey6a5.3
22060,si:dkey-6b12.5,sidkey6b12.5
22061,si:dkey-6d5.1,sidkey6d5.1
22062,si:dkey-6e2.2,sidkey6e2.2
22063,si:dkey-6i22.5,sidkey6i22.5
22064,si:dkey-6l15.1,sidkey6l15.1
22065,si:dkey-6n21.12,sidkey6n21.12
22066,si:dkey-6n21.13,sidkey6n21.13
22067,si:dkey-6n6.1,sidkey6n6.1
22068,si:dkey-6n6.2,sidkey6n6.2
22069,si:dkey-70b23.2,sidkey70b23.2
22070,si:dkey-70p6.1,sidkey70p6.1
22071,si:dkey-71b5.3,sidkey71b5.3
22072,si:dkey-71b5.6,sidkey71b5.6
22073,si:dkey-71b5.7,sidkey71b5.7
22074,si:dkey-71d15.2,sidkey71d15.2
22075,si:dkey-71h2.2,sidkey71h2.2
22076,si:dkey-71l1.1,sidkey71l1.1
22077,si:dkey-71l4.1,sidkey71l4.1
22078,si:dkey-71l4.2,sidkey71l4.2
22079,si:dkey-71l4.4,sidkey71l4.4
22080,si:dkey-71l4.5,sidkey71l4.5
22081,si:dkey-71p21.13,sidkey71p21.13
22082,si:dkey-72l14.3,sidkey72l14.3
22083,si:dkey-72l14.4,sidkey72l14.4
22084,si:dkey-72l17.6,sidkey72l17.6
22085,si:dkey-73n10.1,sidkey73n10.1
22086,si:dkey-73n8.3,sidkey73n8.3
22087,si:dkey-73p2.1,sidkey73p2.1
22088,si:dkey-73p2.2,sidkey73p2.2
22089,si:dkey-73p2.3,sidkey73p2.3
22090,si:dkey-74k8.3,sidkey74k8.3
22091,si:dkey-74k8.4,sidkey74k8.4
22092,si:dkey-75a21.2,sidkey75a21.2
22093,si:dkey-75b17.1,sidkey75b17.1
22094,si:dkey-76b14.2,sidkey76b14.2
22095,si:dkey-76d14.2,sidkey76d14.2
22096,si:dkey-76k16.5,sidkey76k16.5
22097,si:dkey-76k16.6,sidkey76k16.6
22098,si:dkey-76p14.2,sidkey76p14.2
22099,si:dkey-77f5.10,sidkey77f5.10
22100,si:dkey-77f5.11,sidkey77f5.11
22101,si:dkey-77f5.13,sidkey77f5.13
22102,si:dkey-77f5.14,sidkey77f5.14
22103,si:dkey-77f5.15,sidkey77f5.15
22104,si:dkey-77f5.3,sidkey77f5.3
22105,si:dkey-77f5.4,sidkey77f5.4
22106,si:dkey-77f5.6,sidkey77f5.6
22107,si:dkey-77g12.4,sidkey77g12.4
22108,si:dkey-78a14.4,sidkey78a14.4
22109,si:dkey-78k11.4,sidkey78k11.4
22110,si:dkey-78k11.9,sidkey78k11.9
22111,si:dkey-78l4.11,sidkey78l4.11
22112,si:dkey-78l4.13,sidkey78l4.13
22113,si:dkey-78l4.14,sidkey78l4.14
22114,si:dkey-78l4.2,sidkey78l4.2
22115,si:dkey-78l4.6,sidkey78l4.6
22116,si:dkey-78l4.7,sidkey78l4.7
22117,si:dkey-78l4.8,sidkey78l4.8
22118,si:dkey-78p8.1,sidkey78p8.1
22119,si:dkey-79d12.4,sidkey79d12.4
22120,si:dkey-79d12.5,sidkey79d12.5
22121,si:dkey-79d12.6,sidkey79d12.6
22122,si:dkey-79f11.10,sidkey79f11.10
22123,si:dkey-79f11.5,sidkey79f11.5
22124,si:dkey-79f11.7,sidkey79f11.7
22125,si:dkey-79f11.8,sidkey79f11.8
22126,si:dkey-79f11.9,sidkey79f11.9
22127,si:dkey-79i2.4,sidkey79i2.4
22128,si:dkey-7c18.24,sidkey7c18.24
22129,si:dkey-7e14.3,sidkey7e14.3
22130,si:dkey-7f16.3,sidkey7f16.3
22131,si:dkey-7f3.14,sidkey7f3.14
22132,si:dkey-7f3.9,sidkey7f3.9
22133,si:dkey-7i4.1,sidkey7i4.1
22134,si:dkey-7i4.10,sidkey7i4.10
22135,si:dkey-7i4.11,sidkey7i4.11
22136,si:dkey-7i4.14,sidkey7i4.14
22137,si:dkey-7i4.15,sidkey7i4.15
22138,si:dkey-7i4.19,sidkey7i4.19
22139,si:dkey-7i4.21,sidkey7i4.21
22140,si:dkey-7i4.23,sidkey7i4.23
22141,si:dkey-7i4.24,sidkey7i4.24
22142,si:dkey-7i4.5,sidkey7i4.5
22143,si:dkey-7i4.7,sidkey7i4.7
22144,si:dkey-7i4.8,sidkey7i4.8
22145,si:dkey-7i4.9,sidkey7i4.9
22146,si:dkey-7j14.5,sidkey7j14.5
22147,si:dkey-7j14.6,sidkey7j14.6
22148,si:dkey-7j22.1,sidkey7j22.1
22149,si:dkey-7j22.2,sidkey7j22.2
22150,si:dkey-7j22.4,sidkey7j22.4
22151,si:dkey-7k24.5,sidkey7k24.5
22152,si:dkey-7l6.3,sidkey7l6.3
22153,si:dkey-7n6.2,sidkey7n6.2
22154,si:dkey-80c24.1,sidkey80c24.1
22155,si:dkey-81e3.2,sidkey81e3.2
22156,si:dkey-81h8.1,sidkey81h8.1
22157,si:dkey-81j8.6,sidkey81j8.6
22158,si:dkey-81l17.6,sidkey81l17.6
22159,si:dkey-81n2.1,sidkey81n2.1
22161,si:dkey-81p22.11,sidkey81p22.11
22162,si:dkey-82i20.2,sidkey82i20.2
22163,si:dkey-82i20.5,sidkey82i20.5
22164,si:dkey-82o10.4,sidkey82o10.4
22165,si:dkey-83f18.10,sidkey83f18.10
22166,si:dkey-83f18.11,sidkey83f18.11
22167,si:dkey-83k24.5,sidkey83k24.5
22168,si:dkey-83m22.7,sidkey83m22.7
22169,si:dkey-84h14.2,sidkey84h14.2
22170,si:dkey-84k17.2,sidkey84k17.2
22172,si:dkey-85a20.4,sidkey85a20.4
22173,si:dkey-85k15.11,sidkey85k15.11
22174,si:dkey-85k15.4,sidkey85k15.4
22175,si:dkey-85k15.6,sidkey85k15.6
22176,si:dkey-85k7.11,sidkey85k7.11
22177,si:dkey-85k7.7,sidkey85k7.7
22178,si:dkey-85n7.6,sidkey85n7.6
22179,si:dkey-85n7.7,sidkey85n7.7
22180,si:dkey-85n7.8,sidkey85n7.8
22181,si:dkey-86e18.1,sidkey86e18.1
22182,si:dkey-87o1.2,sidkey87o1.2
22183,si:dkey-88e18.2,sidkey88e18.2
22184,si:dkey-88e18.8,sidkey88e18.8
22185,si:dkey-88j15.3,sidkey88j15.3
22186,si:dkey-88j15.4,sidkey88j15.4
22187,si:dkey-88l16.2,sidkey88l16.2
22188,si:dkey-88l16.3,sidkey88l16.3
22189,si:dkey-88l16.4,sidkey88l16.4
22190,si:dkey-88l16.5,sidkey88l16.5
22191,si:dkey-88n24.10,sidkey88n24.10
22192,si:dkey-88n24.11,sidkey88n24.11
22193,si:dkey-88n24.12,sidkey88n24.12
22194,si:dkey-88n24.5,sidkey88n24.5
22195,si:dkey-88n24.8,sidkey88n24.8
22196,si:dkey-88p24.11,sidkey88p24.11
22197,si:dkey-89b17.4,sidkey89b17.4
22198,si:dkey-8e10.2,sidkey8e10.2
22199,si:dkey-8e10.3,sidkey8e10.3
22200,si:dkey-8l13.5,sidkey8l13.5
22201,si:dkey-90a13.10,sidkey90a13.10
22202,si:dkey-90a24.1,sidkey90a24.1
22203,si:dkey-90l23.1,sidkey90l23.1
22204,si:dkey-90l23.2,sidkey90l23.2
22205,si:dkey-90l8.3,sidkey90l8.3
22206,si:dkey-90m5.4,sidkey90m5.4
22207,si:dkey-91f15.1,sidkey91f15.1
22208,si:dkey-91i10.2,sidkey91i10.2
22209,si:dkey-91i10.3,sidkey91i10.3
22210,si:dkey-91m11.5,sidkey91m11.5
22211,si:dkey-92f12.2,sidkey92f12.2
22212,si:dkey-92i15.4,sidkey92i15.4
22213,si:dkey-92i17.2,sidkey92i17.2
22214,si:dkey-92j12.5,sidkey92j12.5
22215,si:dkey-92j16.2,sidkey92j16.2
22216,si:dkey-93h22.7,sidkey93h22.7
22217,si:dkey-93h22.8,sidkey93h22.8
22218,si:dkey-93l1.6,sidkey93l1.6
22219,si:dkey-93m18.3,sidkey93m18.3
22220,si:dkey-93m18.4,sidkey93m18.4
22221,si:dkey-93m18.6,sidkey93m18.6
22222,si:dkey-93n13.1,sidkey93n13.1
22223,si:dkey-93n13.2,sidkey93n13.2
22224,si:dkey-94e7.1,sidkey94e7.1
22225,si:dkey-94e7.2,sidkey94e7.2
22226,si:dkey-94f20.4,sidkey94f20.4
22227,si:dkey-94l16.4,sidkey94l16.4
22228,si:dkey-95h12.1,sidkey95h12.1
22229,si:dkey-95p16.1,sidkey95p16.1
22230,si:dkey-95p16.2,sidkey95p16.2
22231,si:dkey-96f10.1,sidkey96f10.1
22232,si:dkey-96g2.1,sidkey96g2.1
22233,si:dkey-96l17.6,sidkey96l17.6
22234,si:dkey-97a13.12,sidkey97a13.12
22235,si:dkey-97a13.6,sidkey97a13.6
22236,si:dkey-97l20.6,sidkey97l20.6
22237,si:dkey-97o5.1,sidkey97o5.1
22238,si:dkey-98f17.3,sidkey98f17.3
22239,si:dkey-98f17.5,sidkey98f17.5
22240,si:dkey-98j1.5,sidkey98j1.5
22241,si:dkey-9a6.4,sidkey9a6.4
22242,si:dkey-9c18.3,sidkey9c18.3
22243,si:dkey-9i23.14,sidkey9i23.14
22244,si:dkey-9i23.15,sidkey9i23.15
22245,si:dkey-9i23.16,sidkey9i23.16
22246,si:dkey-9i23.4,sidkey9i23.4
22247,si:dkey-9i23.5,sidkey9i23.5
22248,si:dkey-9i23.6,sidkey9i23.6
22249,si:dkey-9i23.8,sidkey9i23.8
22250,si:dkey-9k7.3,sidkey9k7.3
22251,si:dkey-9l20.3,sidkey9l20.3
22252,si:dkey-9p24.5,sidkey9p24.5
22253,si:dkeyp-100a1.6,sidkeyp100a1.6
22254,si:dkeyp-100a5.4,sidkeyp100a5.4
22255,si:dkeyp-100h4.1,sidkeyp100h4.1
22256,si:dkeyp-101e12.1,sidkeyp101e12.1
22257,si:dkeyp-104b3.18,sidkeyp104b3.18
22258,si:dkeyp-104b3.21,sidkeyp104b3.21
22259,si:dkeyp-104f11.6,sidkeyp104f11.6
22260,si:dkeyp-104f11.8,sidkeyp104f11.8
22261,si:dkeyp-104h9.5,sidkeyp104h9.5
22262,si:dkeyp-106c3.1,sidkeyp106c3.1
22263,si:dkeyp-110a12.4,sidkeyp110a12.4
22264,si:dkeyp-110c7.4,sidkeyp110c7.4
22265,si:dkeyp-110e4.6,sidkeyp110e4.6
22266,si:dkeyp-110g5.4,sidkeyp110g5.4
22267,si:dkeyp-113d7.1,sidkeyp113d7.1
22268,si:dkeyp-113d7.10,sidkeyp113d7.10
22269,si:dkeyp-114g9.1,sidkeyp114g9.1
22270,si:dkeyp-115e12.6,sidkeyp115e12.6
22271,si:dkeyp-115e12.7,sidkeyp115e12.7
22272,si:dkeyp-117b11.1,sidkeyp117b11.1
22273,si:dkeyp-117b11.2,sidkeyp117b11.2
22274,si:dkeyp-117b11.3,sidkeyp117b11.3
22275,si:dkeyp-117b8.4,sidkeyp117b8.4
22276,si:dkeyp-117h8.4,sidkeyp117h8.4
22277,si:dkeyp-118a3.2,sidkeyp118a3.2
22278,si:dkeyp-118b1.2,sidkeyp118b1.2
22279,si:dkeyp-118h3.6,sidkeyp118h3.6
22280,si:dkeyp-11e3.1,sidkeyp11e3.1
22281,si:dkeyp-120h9.1,sidkeyp120h9.1
22282,si:dkeyp-121d2.7,sidkeyp121d2.7
22283,si:dkeyp-121d4.3,sidkeyp121d4.3
22284,si:dkeyp-122a9.1,sidkeyp122a9.1
22285,si:dkeyp-123a12.2,sidkeyp123a12.2
22286,si:dkeyp-123h10.2,sidkeyp123h10.2
22287,si:dkeyp-13a3.10,sidkeyp13a3.10
22288,si:dkeyp-14d3.1,sidkeyp14d3.1
22290,si:dkeyp-19e1.3,sidkeyp19e1.3
22291,si:dkeyp-1h4.6,sidkeyp1h4.6
22292,si:dkeyp-20e4.8,sidkeyp20e4.8
22293,si:dkeyp-20g2.1,sidkeyp20g2.1
22294,si:dkeyp-20g2.3,sidkeyp20g2.3
22295,si:dkeyp-23e4.3,sidkeyp23e4.3
22296,si:dkeyp-26a9.2,sidkeyp26a9.2
22297,si:dkeyp-27c8.1,sidkeyp27c8.1
22298,si:dkeyp-27c8.2,sidkeyp27c8.2
22299,si:dkeyp-27e10.3,sidkeyp27e10.3
22300,si:dkeyp-28d2.4,sidkeyp28d2.4
22301,si:dkeyp-2e4.2,sidkeyp2e4.2
22302,si:dkeyp-2e4.3,sidkeyp2e4.3
22303,si:dkeyp-2e4.5,sidkeyp2e4.5
22304,si:dkeyp-2e4.6,sidkeyp2e4.6
22305,si:dkeyp-2e4.7,sidkeyp2e4.7
22306,si:dkeyp-2e4.8,sidkeyp2e4.8
22307,si:dkeyp-30e7.2,sidkeyp30e7.2
22308,si:dkeyp-33b5.4,sidkeyp33b5.4
22309,si:dkeyp-33c10.7,sidkeyp33c10.7
22310,si:dkeyp-34c12.1,sidkeyp34c12.1
22311,si:dkeyp-35e5.10,sidkeyp35e5.10
22312,si:dkeyp-35e5.5,sidkeyp35e5.5
22313,si:dkeyp-35e5.9,sidkeyp35e5.9
22314,si:dkeyp-38g8.5,sidkeyp38g8.5
22315,si:dkeyp-3f10.11,sidkeyp3f10.11
22316,si:dkeyp-3f10.14,sidkeyp3f10.14
22317,si:dkeyp-3f10.16,sidkeyp3f10.16
22318,si:dkeyp-3f10.17,sidkeyp3f10.17
22319,si:dkeyp-41f9.3,sidkeyp41f9.3
22320,si:dkeyp-41f9.4,sidkeyp41f9.4
22321,si:dkeyp-44a8.2,sidkeyp44a8.2
22322,si:dkeyp-44a8.4,sidkeyp44a8.4
22323,si:dkeyp-44b5.5,sidkeyp44b5.5
22324,si:dkeyp-44d3.1,sidkeyp44d3.1
22325,si:dkeyp-44d3.3,sidkeyp44d3.3
22326,si:dkeyp-44d3.5,sidkeyp44d3.5
22327,si:dkeyp-46h3.2,sidkeyp46h3.2
22328,si:dkeyp-46h3.3,sidkeyp46h3.3
22329,si:dkeyp-46h3.5,sidkeyp46h3.5
22330,si:dkeyp-46h3.6,sidkeyp46h3.6
22331,si:dkeyp-46h3.8,sidkeyp46h3.8
22332,si:dkeyp-4c4.1,sidkeyp4c4.1
22333,si:dkeyp-4c4.2,sidkeyp4c4.2
22334,si:dkeyp-4c7.3,sidkeyp4c7.3
22335,si:dkeyp-4f2.1,sidkeyp4f2.1
22336,si:dkeyp-4f2.3,sidkeyp4f2.3
22337,si:dkeyp-4f2.6,sidkeyp4f2.6
22338,si:dkeyp-4h4.1,sidkeyp4h4.1
22339,si:dkeyp-50b9.1,sidkeyp50b9.1
22340,si:dkeyp-50d11.2,sidkeyp50d11.2
22341,si:dkeyp-50f7.2,sidkeyp50f7.2
22342,si:dkeyp-51b7.3,sidkeyp51b7.3
22343,si:dkeyp-51b9.3,sidkeyp51b9.3
22344,si:dkeyp-51f12.2,sidkeyp51f12.2
22345,si:dkeyp-51f12.3,sidkeyp51f12.3
22346,si:dkeyp-51g9.4,sidkeyp51g9.4
22347,si:dkeyp-52c3.7,sidkeyp52c3.7
22348,si:dkeyp-53d3.3,sidkeyp53d3.3
22349,si:dkeyp-53d3.5,sidkeyp53d3.5
22350,si:dkeyp-53d3.6,sidkeyp53d3.6
22351,si:dkeyp-53e4.1,sidkeyp53e4.1
22352,si:dkeyp-53e4.4,sidkeyp53e4.4
22353,si:dkeyp-55f12.3,sidkeyp55f12.3
22354,si:dkeyp-59c12.1,sidkeyp59c12.1
22355,si:dkeyp-5g9.1,sidkeyp5g9.1
22356,si:dkeyp-61b2.1,sidkeyp61b2.1
22357,si:dkeyp-66d1.7,sidkeyp66d1.7
22358,si:dkeyp-67a8.4,sidkeyp67a8.4
22359,si:dkeyp-67e1.6,sidkeyp67e1.6
22360,si:dkeyp-68b7.10,sidkeyp68b7.10
22361,si:dkeyp-68b7.12,sidkeyp68b7.12
22362,si:dkeyp-68b7.5,sidkeyp68b7.5
22363,si:dkeyp-68b7.7,sidkeyp68b7.7
22364,si:dkeyp-69b9.3,sidkeyp69b9.3
22365,si:dkeyp-69b9.6,sidkeyp69b9.6
22366,si:dkeyp-69c1.6,sidkeyp69c1.6
22367,si:dkeyp-69c1.9,sidkeyp69c1.9
22368,si:dkeyp-69e1.8,sidkeyp69e1.8
22369,si:dkeyp-6a3.1,sidkeyp6a3.1
22370,si:dkeyp-70f9.7,sidkeyp70f9.7
22371,si:dkeyp-71f10.5,sidkeyp71f10.5
22372,si:dkeyp-72a4.1,sidkeyp72a4.1
22373,si:dkeyp-72e1.6,sidkeyp72e1.6
22374,si:dkeyp-72e1.7,sidkeyp72e1.7
22375,si:dkeyp-72e1.9,sidkeyp72e1.9
22376,si:dkeyp-72g9.4,sidkeyp72g9.4
22377,si:dkeyp-72h1.1,sidkeyp72h1.1
22378,si:dkeyp-73a2.2,sidkeyp73a2.2
22379,si:dkeyp-73b11.8,sidkeyp73b11.8
22380,si:dkeyp-73d8.6,sidkeyp73d8.6
22381,si:dkeyp-73d8.8,sidkeyp73d8.8
22382,si:dkeyp-73d8.9,sidkeyp73d8.9
22383,si:dkeyp-74b6.2,sidkeyp74b6.2
22384,si:dkeyp-75b4.10,sidkeyp75b4.10
22385,si:dkeyp-75b4.9,sidkeyp75b4.9
22386,si:dkeyp-75h12.2,sidkeyp75h12.2
22387,si:dkeyp-75h12.5,sidkeyp75h12.5
22388,si:dkeyp-77c4.1,sidkeyp77c4.1
22389,si:dkeyp-77c4.5,sidkeyp77c4.5
22390,si:dkeyp-77c8.1,sidkeyp77c8.1
22391,si:dkeyp-77c8.2,sidkeyp77c8.2
22392,si:dkeyp-77c8.3,sidkeyp77c8.3
22393,si:dkeyp-77h1.4,sidkeyp77h1.4
22394,si:dkeyp-79b7.12,sidkeyp79b7.12
22395,si:dkeyp-79b7.3,sidkeyp79b7.3
22396,si:dkeyp-7a3.1,sidkeyp7a3.1
22397,si:dkeyp-80c12.4,sidkeyp80c12.4
22398,si:dkeyp-80c12.5,sidkeyp80c12.5
22399,si:dkeyp-80c12.7,sidkeyp80c12.7
22400,si:dkeyp-80d11.1,sidkeyp80d11.1
22401,si:dkeyp-80d11.10,sidkeyp80d11.10
22402,si:dkeyp-80d11.12,sidkeyp80d11.12
22403,si:dkeyp-80d11.14,sidkeyp80d11.14
22404,si:dkeyp-80d11.4,sidkeyp80d11.4
22405,si:dkeyp-81f3.4,sidkeyp81f3.4
22406,si:dkeyp-82a1.2,sidkeyp82a1.2
22407,si:dkeyp-82a1.3,sidkeyp82a1.3
22408,si:dkeyp-82a1.4,sidkeyp82a1.4
22409,si:dkeyp-82a1.6,sidkeyp82a1.6
22410,si:dkeyp-82a1.8,sidkeyp82a1.8
22411,si:dkeyp-82b4.2,sidkeyp82b4.2
22412,si:dkeyp-82b4.3,sidkeyp82b4.3
22413,si:dkeyp-82b4.6,sidkeyp82b4.6
22414,si:dkeyp-82h4.3,sidkeyp82h4.3
22415,si:dkeyp-84f3.5,sidkeyp84f3.5
22416,si:dkeyp-84f3.9,sidkeyp84f3.9
22417,si:dkeyp-85d8.5,sidkeyp85d8.5
22418,si:dkeyp-85e10.3,sidkeyp85e10.3
22419,si:dkeyp-86c4.1,sidkeyp86c4.1
22420,si:dkeyp-86d6.2,sidkeyp86d6.2
22421,si:dkeyp-86f7.4,sidkeyp86f7.4
22422,si:dkeyp-86h10.3,sidkeyp86h10.3
22423,si:dkeyp-87a6.2,sidkeyp87a6.2
22424,si:dkeyp-87d8.8,sidkeyp87d8.8
22425,si:dkeyp-87e7.4,sidkeyp87e7.4
22426,si:dkeyp-92c9.2,sidkeyp92c9.2
22427,si:dkeyp-92c9.4,sidkeyp92c9.4
22428,si:dkeyp-93d12.1,sidkeyp93d12.1
22429,si:dkeyp-93h6.1,sidkeyp93h6.1
22430,si:dkeyp-94g1.1,sidkeyp94g1.1
22431,si:dkeyp-97a10.1,sidkeyp97a10.1
22432,si:dkeyp-97a10.2,sidkeyp97a10.2
22433,si:dkeyp-97a10.3,sidkeyp97a10.3
22434,si:dkeyp-97b10.3,sidkeyp97b10.3
22435,si:dkeyp-98a7.4,sidkeyp98a7.4
22436,si:dkeyp-98a7.7,sidkeyp98a7.7
22437,si:dkeyp-98a7.8,sidkeyp98a7.8
22438,si:dkeyp-98a7.9,sidkeyp98a7.9
22439,si:dkeyp-9d4.3,sidkeyp9d4.3
22440,si:rp71-15k1.1,sirp7115k1.1
22441,si:rp71-17i16.5,sirp7117i16.5
22442,si:rp71-19m20.1,sirp7119m20.1
22443,si:rp71-1c10.10,sirp711c10.10
22444,si:rp71-1c10.8,sirp711c10.8
22445,si:rp71-1d10.8,sirp711d10.8
22446,si:rp71-1f1.4,sirp711f1.4
22447,si:rp71-1g18.1,sirp711g18.1
22448,si:rp71-1g18.13,sirp711g18.13
22449,si:rp71-1h20.5,sirp711h20.5
22450,si:rp71-1h20.9,sirp711h20.9
22451,si:rp71-1h3.1,sirp711h3.1
22452,si:rp71-1i20.1,sirp711i20.1
22453,si:rp71-1i20.2,sirp711i20.2
22454,si:rp71-1k13.6,sirp711k13.6
22455,si:rp71-23d18.8,sirp7123d18.8
22456,si:rp71-36a1.1,sirp7136a1.1
22457,si:rp71-36a1.2,sirp7136a1.2
22458,si:rp71-36a1.3,sirp7136a1.3
22459,si:rp71-36a1.5,sirp7136a1.5
22460,si:rp71-39b20.4,sirp7139b20.4
22461,si:rp71-45g20.10,sirp7145g20.10
22462,si:rp71-45g20.11,sirp7145g20.11
22463,si:rp71-45g20.4,sirp7145g20.4
22464,si:rp71-45k5.2,sirp7145k5.2
22465,si:rp71-45k5.4,sirp7145k5.4
22466,si:rp71-46j2.7,sirp7146j2.7
22467,si:rp71-68n21.9,sirp7168n21.9
22468,si:rp71-77l1.1,sirp7177l1.1
22469,si:rp71-77l1.2,sirp7177l1.2
22470,si:rp71-79p20.2,sirp7179p20.2
22471,si:rp71-80o10.4,sirp7180o10.4
22472,si:rp71-81e14.2,sirp7181e14.2
22473,si:rp71-84d9.1,sirp7184d9.1
22474,si:zfos-1011f11.2,sizfos1011f11.2
22475,si:zfos-1069f5.1,sizfos1069f5.1
22476,si:zfos-1192g2.3,sizfos1192g2.3
22477,si:zfos-128g4.1,sizfos128g4.1
22478,si:zfos-128g4.2,sizfos128g4.2
22479,si:zfos-1505d6.3,sizfos1505d6.3
22480,si:zfos-169g10.3,sizfos169g10.3
22481,si:zfos-1714f5.3,sizfos1714f5.3
22482,si:zfos-1714f5.4,sizfos1714f5.4
22483,si:zfos-1897c11.1,sizfos1897c11.1
22484,si:zfos-2070c2.3,sizfos2070c2.3
22485,si:zfos-2131b9.2,sizfos2131b9.2
22486,si:zfos-2326c3.2,sizfos2326c3.2
22487,si:zfos-2330d3.1,sizfos2330d3.1
22488,si:zfos-2330d3.3,sizfos2330d3.3
22489,si:zfos-323e3.4,sizfos323e3.4
22490,si:zfos-364h11.2,sizfos364h11.2
22491,si:zfos-411a11.2,sizfos411a11.2
22492,si:zfos-451d2.2,sizfos451d2.2
22493,si:zfos-452g4.1,sizfos452g4.1
22494,si:zfos-464b6.2,sizfos464b6.2
22495,si:zfos-741a10.3,sizfos741a10.3
22496,si:zfos-754c12.2,sizfos754c12.2
22497,si:zfos-80g12.1,sizfos80g12.1
22498,si:zfos-905g2.1,sizfos905g2.1
22499,si:zfos-911d5.4,sizfos911d5.4
22500,si:zfos-943e10.1,sizfos943e10.1
22501,siae,siae
22502,siah1,siah1
22503,siah2l,siah2l
22504,sid1,sid1
22505,sidt2,sidt2
22506,sigirr,sigirr
22507,siglec15l,siglec15l
22508,sigmar1,sigmar1
22509,sik1,sik1
22510,sik2a,sik2a
22511,sik2b,sik2b
22512,sik3,sik3
22513,SIKE1,SIKE1
22514,sil1,sil1
22515,sim1a,sim1a
22516,sim1b,sim1b
22517,sin3aa,sin3aa
22518,sin3ab,sin3ab
22519,sin3b,sin3b
22520,sinhcaf,sinhcaf
22521,sinup,sinup
22522,SIPA1,SIPA1
22523,sipa1l1,sipa1l1
22524,sipa1l3,sipa1l3
22525,sirt1,sirt1
22526,sirt2,sirt2
22527,sirt3,sirt3
22528,sirt4,sirt4
22529,sirt5,sirt5
22530,sirt6,sirt6
22531,siva1,siva1
22532,six1a,six1a
22533,six1b,six1b
22534,six2a,six2a
22535,six2b,six2b
22536,six3a,six3a
22537,six3b,six3b
22538,six4a,six4a
22539,six4b,six4b
22540,six5,six5
22541,six6a,six6a
22542,six6b,six6b
22543,six7,six7
22544,six9,six9
22545,ska1,ska1
22546,ska2,ska2
22547,ska3,ska3
22548,skap1,skap1
22549,skap2,skap2
22550,skia,skia
22551,skib,skib
22552,skila,skila
22553,skilb,skilb
22554,skiv2l,skiv2l
22555,skor1a,skor1a
22556,skor1b,skor1b
22557,skp1,skp1
22558,skp2,skp2
22559,sla1,sla1
22560,sla2,sla2
22561,slain1a,slain1a
22562,slain1b,slain1b
22563,slain2,slain2
22564,slbp,slbp
22565,slbp2,slbp2
22566,slc10a1,slc10a1
22567,slc10a2,slc10a2
22568,slc10a3,slc10a3
22569,slc10a4,slc10a4
22570,slc10a7,slc10a7
22571,slc11a2,slc11a2
22572,slc12a1,slc12a1
22573,slc12a10.1,slc12a10.1
22574,slc12a2,slc12a2
22575,slc12a3,slc12a3
22576,slc12a4,slc12a4
22577,slc12a5a,slc12a5a
22578,slc12a5b,slc12a5b
22579,slc12a7a,slc12a7a
22580,slc12a7b,slc12a7b
22581,slc12a8,slc12a8
22582,slc12a9,slc12a9
22583,slc13a1,slc13a1
22584,slc13a2,slc13a2
22585,slc13a3,slc13a3
22586,slc13a4,slc13a4
22587,slc13a5a,slc13a5a
22588,slc13a5b,slc13a5b
22589,slc14a2,slc14a2
22590,slc15a1a,slc15a1a
22591,slc15a1b,slc15a1b
22592,slc15a2,slc15a2
22593,slc15a4,slc15a4
22594,SLC15A5,SLC15A5
22595,slc16a10,slc16a10
22596,slc16a12a,slc16a12a
22597,slc16a12b,slc16a12b
22598,slc16a13,slc16a13
22599,slc16a1a,slc16a1a
22600,slc16a1b,slc16a1b
22601,slc16a3,slc16a3
22602,slc16a4,slc16a4
22603,slc16a5a,slc16a5a
22604,slc16a5b,slc16a5b
22605,SLC16A6,SLC16A6
22606,slc16a8,slc16a8
22607,slc16a9a,slc16a9a
22608,slc16a9b,slc16a9b
22609,slc17a5,slc17a5
22610,slc17a6a,slc17a6a
22611,slc17a6b,slc17a6b
22612,slc17a7a,slc17a7a
22613,slc17a7b,slc17a7b
22614,slc17a8,slc17a8
22615,slc17a9a,slc17a9a
22616,slc17a9b,slc17a9b
22617,SLC18A1,SLC18A1
22618,slc18a2,slc18a2
22619,slc18a3a,slc18a3a
22620,slc18a3b,slc18a3b
22621,slc18b1,slc18b1
22622,slc19a1,slc19a1
22623,slc19a2,slc19a2
22624,slc19a3a,slc19a3a
22625,slc19a3b,slc19a3b
22626,slc1a1,slc1a1
22627,slc1a2b,slc1a2b
22628,slc1a3a,slc1a3a
22629,slc1a3b,slc1a3b
22630,slc1a4,slc1a4
22631,slc1a5,slc1a5
22632,slc1a6,slc1a6
22633,slc1a7a,slc1a7a
22634,slc1a7b,slc1a7b
22635,slc1a8b,slc1a8b
22636,slc1a9,slc1a9
22637,slc20a1a,slc20a1a
22638,slc20a1b,slc20a1b
22639,slc20a2,slc20a2
22640,slc22a13a,slc22a13a
22641,slc22a13b,slc22a13b
22642,slc22a15,slc22a15
22643,slc22a16,slc22a16
22644,slc22a17,slc22a17
22645,slc22a18,slc22a18
22646,slc22a2,slc22a2
22647,slc22a21,slc22a21
22648,slc22a23,slc22a23
22649,slc22a31,slc22a31
22650,slc22a4,slc22a4
22651,slc22a5,slc22a5
22652,slc22a6l,slc22a6l
22653,slc22a7b.1,slc22a7b.1
22654,slc22a7b.2,slc22a7b.2
22655,slc22a7b.3,slc22a7b.3
22656,slc23a1,slc23a1
22657,slc23a2,slc23a2
22658,slc23a3,slc23a3
22659,slc24a1,slc24a1
22660,slc24a2,slc24a2
22661,slc24a3,slc24a3
22662,slc24a4a,slc24a4a
22663,slc24a4b,slc24a4b
22664,slc24a5,slc24a5
22665,slc25a10,slc25a10
22666,slc25a11,slc25a11
22667,slc25a12,slc25a12
22668,slc25a13,slc25a13
22669,slc25a14,slc25a14
22670,slc25a15a,slc25a15a
22671,slc25a15b,slc25a15b
22672,slc25a16,slc25a16
22673,slc25a17,slc25a17
22674,slc25a18,slc25a18
22675,slc25a19,slc25a19
22676,slc25a1a,slc25a1a
22677,slc25a1b,slc25a1b
22678,slc25a20,slc25a20
22679,slc25a21,slc25a21
22680,slc25a22a,slc25a22a
22681,slc25a22b,slc25a22b
22682,slc25a23a,slc25a23a
22683,slc25a23b,slc25a23b
22684,slc25a24,slc25a24
22685,slc25a24l,slc25a24l
22686,slc25a25a,slc25a25a
22687,slc25a25b,slc25a25b
22688,slc25a26,slc25a26
22689,slc25a27,slc25a27
22690,slc25a28,slc25a28
22691,slc25a32a,slc25a32a
22692,slc25a32b,slc25a32b
22693,slc25a33,slc25a33
22694,slc25a34,slc25a34
22695,slc25a36a,slc25a36a
22696,slc25a36b,slc25a36b
22697,slc25a37,slc25a37
22698,slc25a38a,slc25a38a
22699,slc25a38b,slc25a38b
22700,slc25a39,slc25a39
22701,slc25a3a,slc25a3a
22702,slc25a3b,slc25a3b
22703,slc25a4,slc25a4
22704,slc25a42,slc25a42
22705,slc25a43,slc25a43
22706,slc25a44a,slc25a44a
22707,slc25a44b,slc25a44b
22708,slc25a46,slc25a46
22709,slc25a47a,slc25a47a
22710,slc25a47b,slc25a47b
22711,slc25a48,slc25a48
22712,slc25a5,slc25a5
22713,slc25a51a,slc25a51a
22714,slc25a51b,slc25a51b
22715,slc25a55a,slc25a55a
22716,slc25a55b,slc25a55b
22717,slc25a6,slc25a6
22718,slc26a1,slc26a1
22719,slc26a10,slc26a10
22720,slc26a11,slc26a11
22721,slc26a2,slc26a2
22722,slc26a3.1,slc26a3.1
22723,slc26a5,slc26a5
22724,slc26a6,slc26a6
22725,slc26a6l,slc26a6l
22726,slc27a1a,slc27a1a
22727,slc27a2a,slc27a2a
22728,slc27a4,slc27a4
22729,slc27a6,slc27a6
22730,slc28a1,slc28a1
22731,slc29a1a,slc29a1a
22732,slc29a1b,slc29a1b
22733,slc29a2,slc29a2
22734,slc29a3,slc29a3
22735,slc29a4,slc29a4
22737,slc2a10,slc2a10
22738,slc2a11a,slc2a11a
22739,slc2a11b,slc2a11b
22740,slc2a11l,slc2a11l
22741,slc2a12,slc2a12
22742,slc2a13b,slc2a13b
22743,slc2a15a,slc2a15a
22744,slc2a15b,slc2a15b
22745,slc2a1a,slc2a1a
22746,slc2a1b,slc2a1b
22747,slc2a2,slc2a2
22748,slc2a3a,slc2a3a
22749,slc2a3b,slc2a3b
22750,slc2a5,slc2a5
22751,slc2a6,slc2a6
22752,slc2a8,slc2a8
22753,slc2a9l1,slc2a9l1
22754,slc2a9l2,slc2a9l2
22755,slc30a10,slc30a10
22756,slc30a1a,slc30a1a
22757,slc30a1b,slc30a1b
22758,slc30a2,slc30a2
22759,slc30a4,slc30a4
22760,slc30a5,slc30a5
22761,slc30a6,slc30a6
22762,slc30a7,slc30a7
22763,slc30a8,slc30a8
22764,slc30a9,slc30a9
22765,slc31a1,slc31a1
22766,slc31a2,slc31a2
22767,slc32a1,slc32a1
22768,slc33a1,slc33a1
22769,slc34a1a,slc34a1a
22770,slc34a1b,slc34a1b
22771,slc34a2b,slc34a2b
22772,slc35a1,slc35a1
22773,slc35a2,slc35a2
22774,slc35a3a,slc35a3a
22775,slc35a3b,slc35a3b
22776,slc35a4,slc35a4
22777,slc35a5,slc35a5
22778,slc35b1,slc35b1
22779,slc35b2,slc35b2
22780,slc35b3,slc35b3
22781,slc35b4,slc35b4
22782,slc35c1,slc35c1
22783,slc35c2,slc35c2
22784,slc35d1a,slc35d1a
22785,slc35d1b,slc35d1b
22786,slc35d2,slc35d2
22787,SLC35D3,SLC35D3
22788,slc35e1,slc35e1
22789,SLC35E2A,SLC35E2A
22790,slc35e3,slc35e3
22791,slc35e4,slc35e4
22792,slc35f1,slc35f1
22793,slc35f2,slc35f2
22794,slc35f3a,slc35f3a
22795,slc35f3b,slc35f3b
22796,slc35f6,slc35f6
22797,SLC35G1,SLC35G1
22798,slc35g2a,slc35g2a
22799,slc35g2b,slc35g2b
22800,slc36a1,slc36a1
22801,slc36a4,slc36a4
22802,slc37a1,slc37a1
22803,slc37a2,slc37a2
22804,slc37a4a,slc37a4a
22805,slc38a10,slc38a10
22806,slc38a11,slc38a11
22807,slc38a2,slc38a2
22808,slc38a3a,slc38a3a
22809,slc38a3b,slc38a3b
22810,slc38a4,slc38a4
22811,slc38a5a,slc38a5a
22812,slc38a5b,slc38a5b
22813,slc38a6,slc38a6
22814,slc38a7,slc38a7
22815,slc38a8a,slc38a8a
22816,slc38a8b,slc38a8b
22817,slc38a9,slc38a9
22818,slc39a1,slc39a1
22819,slc39a10,slc39a10
22820,slc39a11,slc39a11
22821,slc39a13,slc39a13
22822,slc39a14,slc39a14
22823,slc39a4,slc39a4
22824,slc39a5,slc39a5
22825,slc39a7,slc39a7
22826,slc39a8,slc39a8
22827,slc39a9,slc39a9
22828,slc3a1,slc3a1
22829,slc3a2a,slc3a2a
22830,slc3a2b,slc3a2b
22831,slc40a1,slc40a1
22832,slc41a1,slc41a1
22833,slc41a2a,slc41a2a
22834,slc41a2b,slc41a2b
22835,slc43a1a,slc43a1a
22836,slc43a1b,slc43a1b
22837,slc43a2a,slc43a2a
22838,slc43a2b,slc43a2b
22839,slc43a3a,slc43a3a
22840,slc43a3b,slc43a3b
22841,slc44a1a,slc44a1a
22842,slc44a1b,slc44a1b
22843,slc44a2,slc44a2
22844,slc44a5a,slc44a5a
22845,slc44a5b,slc44a5b
22846,slc45a1,slc45a1
22847,slc45a2,slc45a2
22848,slc45a3,slc45a3
22849,slc45a4,slc45a4
22851,slc46a1,slc46a1
22852,slc46a2,slc46a2
22853,slc46a3,slc46a3
22855,slc47a1,slc47a1
22856,slc47a2.1,slc47a2.1
22857,slc47a2.2,slc47a2.2
22858,slc47a3,slc47a3
22859,slc47a4,slc47a4
22860,slc48a1a,slc48a1a
22861,slc48a1b,slc48a1b
22862,slc4a10a,slc4a10a
22863,slc4a10b,slc4a10b
22864,slc4a11,slc4a11
22865,slc4a1a,slc4a1a
22866,slc4a1ap,slc4a1ap
22867,slc4a1b,slc4a1b
22868,slc4a2a,slc4a2a
22869,slc4a2b,slc4a2b
22870,slc4a3,slc4a3
22871,slc4a4a,slc4a4a
22872,slc4a4b,slc4a4b
22873,slc4a7,slc4a7
22874,slc4a8,slc4a8
22875,slc50a1,slc50a1
22876,slc51a,slc51a
22877,slc52a2,slc52a2
22878,slc52a3,slc52a3
22879,slc5a1,slc5a1
22880,SLC5A10,SLC5A10
22881,slc5a11,slc5a11
22882,slc5a12,slc5a12
22883,slc5a2,slc5a2
22884,slc5a3b,slc5a3b
22885,slc5a5,slc5a5
22886,slc5a6a,slc5a6a
22887,slc5a6b,slc5a6b
22888,SLC5A7,SLC5A7
22889,slc5a7a,slc5a7a
22890,slc5a8,slc5a8
22891,slc5a8l,slc5a8l
22892,slc5a9,slc5a9
22893,slc6a11a,slc6a11a
22894,slc6a11b,slc6a11b
22895,SLC6A13,SLC6A13
22896,slc6a14,slc6a14
22897,slc6a15,slc6a15
22898,slc6a16a,slc6a16a
22899,slc6a16b,slc6a16b
22900,slc6a17,slc6a17
22901,slc6a19a.1,slc6a19a.1
22902,slc6a19a.2,slc6a19a.2
22903,slc6a19b,slc6a19b
22904,slc6a1a,slc6a1a
22905,slc6a1b,slc6a1b
22906,slc6a2,slc6a2
22907,slc6a22.1,slc6a22.1
22908,slc6a22.2,slc6a22.2
22909,slc6a3,slc6a3
22910,slc6a4a,slc6a4a
22911,slc6a4b,slc6a4b
22912,slc6a5,slc6a5
22913,slc6a6a,slc6a6a
22914,slc6a6b,slc6a6b
22915,slc6a7,slc6a7
22916,slc6a8,slc6a8
22917,slc6a9,slc6a9
22918,slc7a1,slc7a1
22920,slc7a10a,slc7a10a
22921,slc7a10b,slc7a10b
22922,slc7a14a,slc7a14a
22923,slc7a2,slc7a2
22924,slc7a3a,slc7a3a
22925,slc7a3b,slc7a3b
22926,slc7a4,slc7a4
22927,slc7a5,slc7a5
22928,slc7a6,slc7a6
22929,slc7a6os,slc7a6os
22930,slc7a7,slc7a7
22931,slc7a8a,slc7a8a
22932,slc7a8b,slc7a8b
22933,slc7a9,slc7a9
22934,slc8a1a,slc8a1a
22935,slc8a1b,slc8a1b
22936,slc8a2a,slc8a2a
22937,slc8a2b,slc8a2b
22938,slc8a3,slc8a3
22939,slc8a4a,slc8a4a
22940,slc8a4b,slc8a4b
22941,slc8b1,slc8b1
22942,slc9a2,slc9a2
22943,slc9a3.1,slc9a3.1
22944,slc9a3.2,slc9a3.2
22945,slc9a3r1a,slc9a3r1a
22946,slc9a3r1b,slc9a3r1b
22947,slc9a5,slc9a5
22948,slc9a6a,slc9a6a
22949,slc9a6b,slc9a6b
22950,slc9a7,slc9a7
22951,slc9a8,slc9a8
22952,SLC9B2,SLC9B2
22953,slco1c1,slco1c1
22954,slco1d1,slco1d1
22955,slco1e1,slco1e1
22956,slco1f2,slco1f2
22957,slco1f3,slco1f3
22958,slco1f4,slco1f4
22959,slco2a1,slco2a1
22960,slco2b1,slco2b1
22961,slco3a1,slco3a1
22963,slco4a1,slco4a1
22964,slco5a1a,slco5a1a
22965,slco5a1b,slco5a1b
22966,slf1,slf1
22967,slf2,slf2
22968,slirp,slirp
22969,slit1a,slit1a
22970,slit1b,slit1b
22971,slit3,slit3
22972,slitrk1,slitrk1
22973,slitrk2,slitrk2
22974,slitrk3a,slitrk3a
22975,slitrk3b,slitrk3b
22976,slitrk4,slitrk4
22977,slitrk5a,slitrk5a
22978,slitrk5b,slitrk5b
22979,slitrk6,slitrk6
22980,slka,slka
22981,slkb,slkb
22982,slmapa,slmapa
22983,slmapb,slmapb
22984,sltm,sltm
22985,slu7,slu7
22986,slx4,slx4
22987,slx4ip,slx4ip
22988,smad1,smad1
22989,smad2,smad2
22990,smad3a,smad3a
22991,smad3b,smad3b
22992,smad4a,smad4a
22993,smad5,smad5
22994,smad6a,smad6a
22995,smad6b,smad6b
22996,smad7,smad7
22997,smad9,smad9
22998,smap1,smap1
22999,smap2,smap2
23000,smarca1,smarca1
23001,smarca2,smarca2
23002,SMARCA4,SMARCA4
23003,smarca4a,smarca4a
23004,smarca5,smarca5
23005,smarcad1a,smarcad1a
23006,smarcad1b,smarcad1b
23007,smarcal1,smarcal1
23008,smarcb1a,smarcb1a
23009,smarcb1b,smarcb1b
23010,smarcc1a,smarcc1a
23011,smarcc1b,smarcc1b
23012,smarcc2,smarcc2
23013,smarcd1,smarcd1
23014,smarcd2,smarcd2
23015,smarcd3a,smarcd3a
23016,smarcd3b,smarcd3b
23017,smarce1,smarce1
23018,smc1a,smc1a
23019,smc1al,smc1al
23020,smc1b,smc1b
23021,smc2,smc2
23022,smc3,smc3
23023,smc4,smc4
23024,smc5,smc5
23025,smc6,smc6
23026,smchd1,smchd1
23027,smco4,smco4
23028,smcr8a,smcr8a
23029,smcr8b,smcr8b
23030,smdt1a,smdt1a
23031,smdt1b,smdt1b
23032,smek1,smek1
23033,smfn,smfn
23034,smg1,smg1
23035,smg5,smg5
23036,smg6,smg6
23037,smg7,smg7
23038,smg8,smg8
23039,smg9,smg9
23040,smim1,smim1
23041,SMIM10,SMIM10
23042,smim12,smim12
23043,smim13,smim13
23044,smim14,smim14
23045,smim15,smim15
23046,SMIM18,SMIM18
23047,smim19,smim19
23048,smim20,smim20
23049,smim29,smim29
23050,smim4,smim4
23051,smim7,smim7
23052,smim8,smim8
23053,smkr1,smkr1
23054,smn1,smn1
23055,smndc1,smndc1
23056,smo,smo
23057,smoc1,smoc1
23058,smoc2,smoc2
23059,smox,smox
23060,smpd1,smpd1
23061,smpd2a,smpd2a
23062,smpd2b,smpd2b
23063,smpd3,smpd3
23064,smpd4,smpd4
23065,smpd5,smpd5
23066,smpdl3a,smpdl3a
23067,smpdl3b,smpdl3b
23068,smpx,smpx
23069,sms,sms
23070,smtla,smtla
23071,smtna,smtna
23072,smtnb,smtnb
23073,smtnl,smtnl
23074,smtnl1,smtnl1
23075,smu1a,smu1a
23076,smu1b,smu1b
23077,smug1,smug1
23078,smurf1,smurf1
23079,smurf2,smurf2
23080,smyd1a,smyd1a
23081,smyd1b,smyd1b
23082,smyd2a,smyd2a
23083,smyd2b,smyd2b
23084,smyd3,smyd3
23085,smyd4,smyd4
23086,smyd5,smyd5
23087,smyhc1,smyhc1
23088,snai1a,snai1a
23089,snai1b,snai1b
23090,snai2,snai2
23091,snai3,snai3
23092,snap23.1,snap23.1
23093,snap23.2,snap23.2
23094,snap25a,snap25a
23095,snap25b,snap25b
23096,snap29,snap29
23097,snap47,snap47
23098,snap91,snap91
23099,snapc1a,snapc1a
23100,snapc1b,snapc1b
23101,snapc2,snapc2
23102,snapc3,snapc3
23103,snapc4,snapc4
23104,snapc5,snapc5
23105,snapin,snapin
23106,sncaip,sncaip
23107,sncb,sncb
23108,sncga,sncga
23109,sncgb,sncgb
23110,snd1,snd1
23111,sned1,sned1
23112,snf8,snf8
23113,snip1,snip1
23114,snn,snn
23115,snorc,snorc
23116,snpha,snpha
23117,snphb,snphb
23118,snrka,snrka
23119,snrkb,snrkb
23120,snrnp200,snrnp200
23121,snrnp25,snrnp25
23122,snrnp27,snrnp27
23123,snrnp35,snrnp35
23124,snrnp40,snrnp40
23125,snrnp48,snrnp48
23126,snrnp70,snrnp70
23127,snrpa,snrpa
23128,snrpa1,snrpa1
23129,snrpb,snrpb
23130,snrpb2,snrpb2
23131,snrpc,snrpc
23132,snrpd1,snrpd1
23133,snrpd2,snrpd2
23134,snrpd3,snrpd3
23135,snrpd3l,snrpd3l
23136,snrpe,snrpe
23137,snrpf,snrpf
23138,snrpg,snrpg
23139,SNTA1,SNTA1
23140,sntb1,sntb1
23141,sntb2,sntb2
23142,sntg1,sntg1
23143,sntg2,sntg2
23144,snu13a,snu13a
23145,snu13b,snu13b
23146,snupn,snupn
23147,snw1,snw1
23148,snx10a,snx10a
23149,snx10b,snx10b
23150,snx11,snx11
23151,snx12,snx12
23152,snx13,snx13
23153,snx14,snx14
23154,snx15,snx15
23155,snx16,snx16
23156,snx17,snx17
23157,snx18a,snx18a
23158,snx18b,snx18b
23159,snx19a,snx19a
23160,snx19b,snx19b
23161,snx1a,snx1a
23162,snx1b,snx1b
23163,snx2,snx2
23164,snx21,snx21
23165,snx22,snx22
23166,snx24,snx24
23167,snx25,snx25
23168,snx27a,snx27a
23169,snx27b,snx27b
23170,snx29,snx29
23171,snx3,snx3
23172,snx30,snx30
23173,snx33,snx33
23174,snx4,snx4
23175,snx5,snx5
23176,snx6,snx6
23177,snx7,snx7
23178,snx8a,snx8a
23179,snx8b,snx8b
23180,snx9a,snx9a
23181,soat1,soat1
23182,soat2,soat2
23183,sobpa,sobpa
23184,sobpb,sobpb
23185,socs1a,socs1a
23186,socs2,socs2
23187,socs3a,socs3a
23188,socs3b,socs3b
23189,socs4,socs4
23190,socs5b,socs5b
23191,socs6a,socs6a
23192,socs6b,socs6b
23193,socs7,socs7
23194,socs9,socs9
23195,sod1,sod1
23196,sod2,sod2
23197,sod3a,sod3a
23198,sod3b,sod3b
23199,soga1,soga1
23200,soga3a,soga3a
23201,soga3b,soga3b
23202,sorbs1,sorbs1
23203,sorbs2a,sorbs2a
23204,sorbs2b,sorbs2b
23205,sorbs3,sorbs3
23206,sorcs2,sorcs2
23207,sord,sord
23208,sorl1,sorl1
23209,sort1a,sort1a
23210,sort1b,sort1b
23211,sos1,sos1
23212,sos2,sos2
23213,sost,sost
23214,sostdc1a,sostdc1a
23215,sostdc1b,sostdc1b
23216,soul2,soul2
23217,soul3,soul3
23218,soul4,soul4
23219,soul5,soul5
23220,soul5l,soul5l
23221,sowahaa,sowahaa
23222,sowahab,sowahab
23223,sowahca,sowahca
23224,sowahcb,sowahcb
23225,sowahd,sowahd
23226,sox10,sox10
23227,sox11a,sox11a
23228,sox11b,sox11b
23229,sox12,sox12
23230,sox13,sox13
23231,sox14,sox14
23232,sox17,sox17
23233,sox18,sox18
23234,sox19a,sox19a
23235,sox19b,sox19b
23236,sox1a,sox1a
23237,sox1b,sox1b
23238,sox2,sox2
23239,sox21a,sox21a
23240,sox21b,sox21b
23241,sox2ot,sox2ot
23242,sox3,sox3
23243,sox32,sox32
23244,sox4a,sox4a
23245,sox4b,sox4b
23246,sox5,sox5
23247,sox6,sox6
23248,sox7,sox7
23249,sox8a,sox8a
23250,sox8b,sox8b
23251,sox9a,sox9a
23252,sox9b,sox9b
23253,sp1,sp1
23254,sp100.1,sp100.1
23255,sp100.2,sp100.2
23256,sp100.3,sp100.3
23257,sp2,sp2
23258,sp3a,sp3a
23259,sp4,sp4
23260,SP5,SP5
23261,sp5a,sp5a
23262,sp5l,sp5l
23263,sp6,sp6
23264,sp7,sp7
23265,sp8a,sp8a
23266,sp8b,sp8b
23267,sp9,sp9
23268,spa17,spa17
23269,spaca4l,spaca4l
23270,spaca9,spaca9
23271,spag16,spag16
23272,spag1a,spag1a
23273,spag1b,spag1b
23274,spag6,spag6
23275,spag7,spag7
23276,spag8,spag8
23277,SPAG9,SPAG9
23278,spag9a,spag9a
23279,spam1,spam1
23280,sparc,sparc
23281,sparcl1,sparcl1
23282,sparcl2,sparcl2
23283,sparta,sparta
23284,spartb,spartb
23285,spast,spast
23286,SPATA1,SPATA1
23287,spata13,spata13
23288,spata17,spata17
23289,spata18,spata18
23290,spata2,spata2
23291,spata20,spata20
23292,spata22,spata22
23293,spata2l,spata2l
23294,spata4,spata4
23295,SPATA48,SPATA48
23296,spata5l1,spata5l1
23297,spata6,spata6
23298,spata6l,spata6l
23299,spata7,spata7
23300,spaw,spaw
23301,spc24,spc24
23302,spc25,spc25
23303,spcs1,spcs1
23304,spcs2,spcs2
23305,spcs3,spcs3
23306,SPDEF,SPDEF
23307,spdl1,spdl1
23308,spdya,spdya
23309,specc1,specc1
23310,specc1la,specc1la
23311,specc1lb,specc1lb
23312,spega,spega
23313,spegb,spegb
23314,spen,spen
23315,spg11,spg11
23316,spg21,spg21
23317,spg7,spg7
23318,SPHK1,SPHK1
23319,sphk2,sphk2
23320,spi1a,spi1a
23321,spi1b,spi1b
23322,spi2,spi2
23323,spic,spic
23324,spice1,spice1
23325,spidr,spidr
23326,spina,spina
23327,spinb,spinb
23328,spink2.1,spink2.1
23329,spink2.2,spink2.2
23330,spink2.3,spink2.3
23331,spink2.4,spink2.4
23332,spink2.5,spink2.5
23333,spink4,spink4
23334,spint1a,spint1a
23335,spint1b,spint1b
23336,spint2,spint2
23337,spire1a,spire1a
23338,spire1b,spire1b
23339,spire2,spire2
23340,spns1,spns1
23341,spns2,spns2
23342,spns3,spns3
23343,spo11,spo11
23344,spock1,spock1
23345,spock2,spock2
23346,spock3,spock3
23347,spon1a,spon1a
23348,spon1b,spon1b
23349,spon2a,spon2a
23350,spon2b,spon2b
23351,spop,spop
23352,spopla,spopla
23353,spoplb,spoplb
23354,spout1,spout1
23355,spp1,spp1
23356,spp2,spp2
23357,sppl2,sppl2
23358,sppl3,sppl3
23359,spra,spra
23360,sprb,sprb
23361,spred1,spred1
23362,spred2a,spred2a
23363,spred2b,spred2b
23364,spred3,spred3
23365,sprn,sprn
23366,sprn2,sprn2
23367,sprtn,sprtn
23368,spry1,spry1
23369,spry2,spry2
23370,spry4,spry4
23371,spryd3,spryd3
23372,spryd4,spryd4
23373,spryd7a,spryd7a
23374,spryd7b,spryd7b
23375,spsb1,spsb1
23376,spsb3a,spsb3a
23377,spsb4a,spsb4a
23378,spsb4b,spsb4b
23379,sptan1,sptan1
23380,sptb,sptb
23381,sptbn1,sptbn1
23382,sptbn2,sptbn2
23383,SPTBN4,SPTBN4
23384,sptbn5,sptbn5
23385,sptlc1,sptlc1
23386,sptlc2a,sptlc2a
23387,sptlc2b,sptlc2b
23388,sptlc3,sptlc3
23389,sptssa,sptssa
23390,sptssb,sptssb
23391,spty2d1,spty2d1
23392,spx,spx
23393,sqlea,sqlea
23394,sqor,sqor
23395,sqstm1,sqstm1
23396,sra1,sra1
23397,srbd1,srbd1
23398,src,src
23399,srcap,srcap
23400,SRCIN1,SRCIN1
23401,srd5a1,srd5a1
23402,srd5a2b,srd5a2b
23403,srd5a3,srd5a3
23404,srebf1,srebf1
23405,srebf2,srebf2
23406,srek1,srek1
23407,srek1ip1,srek1ip1
23408,srfa,srfa
23409,srfb,srfb
23410,srfbp1,srfbp1
23411,srgap1a,srgap1a
23412,srgap1b,srgap1b
23413,srgap2,srgap2
23414,srgap3,srgap3
23415,srgn,srgn
23416,sri,sri
23417,srl,srl
23418,srm,srm
23419,SRMS,SRMS
23420,srp14,srp14
23421,srp19,srp19
23422,srp54,srp54
23423,srp68,srp68
23424,srp72,srp72
23425,srp9,srp9
23426,srpk1a,srpk1a
23427,srpk1b,srpk1b
23428,srpk2,srpk2
23429,srpk3,srpk3
23430,srpra,srpra
23431,srprb,srprb
23432,srpx,srpx
23433,srpx2,srpx2
23434,srrd,srrd
23435,srrm1,srrm1
23436,srrm2,srrm2
23437,srrm4,srrm4
23438,srrt,srrt
23439,srsf10b,srsf10b
23440,srsf11,srsf11
23441,srsf1a,srsf1a
23442,srsf1b,srsf1b
23443,srsf2a,srsf2a
23444,srsf2b,srsf2b
23445,srsf3a,srsf3a
23446,srsf3b,srsf3b
23447,srsf4,srsf4
23448,srsf5a,srsf5a
23449,srsf5b,srsf5b
23450,srsf6a,srsf6a
23451,srsf6b,srsf6b
23452,srsf7a,srsf7a
23453,srsf7b,srsf7b
23454,srsf9,srsf9
23455,srxn1,srxn1
23456,ss18,ss18
23457,ss18l2,ss18l2
23458,ssb,ssb
23459,ssbp1,ssbp1
23460,ssbp2,ssbp2
23461,ssbp3a,ssbp3a
23462,ssbp3b,ssbp3b
23463,ssbp4,ssbp4
23464,ssh1a,ssh1a
23465,ssh1b,ssh1b
23466,ssh2a,ssh2a
23467,ssh2b,ssh2b
23468,ssna1,ssna1
23469,ssr1,ssr1
23470,ssr2,ssr2
23471,ssr3,ssr3
23472,ssr4,ssr4
23473,ssrp1a,ssrp1a
23474,ssrp1b,ssrp1b
23475,sssca1,sssca1
23476,sst1.1,sst1.1
23477,sst1.2,sst1.2
23478,sst2,sst2
23479,sst5,sst5
23480,sst6,sst6
23481,sstr1a,sstr1a
23482,sstr1b,sstr1b
23483,sstr2a,sstr2a
23484,sstr2b,sstr2b
23485,sstr3,sstr3
23486,sstr5,sstr5
23487,ssu72,ssu72
23488,ssuh2.1,ssuh2.1
23489,ssuh2.2,ssuh2.2
23490,ssuh2.3,ssuh2.3
23491,ssuh2.4,ssuh2.4
23492,ssuh2rs1,ssuh2rs1
23493,ssx2ipa,ssx2ipa
23494,ssx2ipb,ssx2ipb
23495,st13,st13
23496,st14a,st14a
23497,st14b,st14b
23498,st3gal1,st3gal1
23499,st3gal1l,st3gal1l
23500,st3gal1l3,st3gal1l3
23501,st3gal2,st3gal2
23502,st3gal3a,st3gal3a
23503,st3gal3b,st3gal3b
23504,st3gal4,st3gal4
23505,st3gal5,st3gal5
23506,st3gal7,st3gal7
23507,st3gal8,st3gal8
23508,st5,st5
23509,st6gal1,st6gal1
23510,st6gal2a,st6gal2a
23511,st6gal2b,st6gal2b
23512,st6galnac1.1,st6galnac1.1
23513,st6galnac1.2,st6galnac1.2
23514,st6galnac3,st6galnac3
23515,st6galnac4,st6galnac4
23516,st6galnac5a,st6galnac5a
23517,st6galnac5b,st6galnac5b
23518,st6galnac6,st6galnac6
23519,st7l,st7l
23520,st8sia1,st8sia1
23521,st8sia2,st8sia2
23522,st8sia4,st8sia4
23523,st8sia5,st8sia5
23524,st8sia6,st8sia6
23525,st8sia7.1,st8sia7.1
23526,stab1,stab1
23527,stab2,stab2
23528,stac,stac
23529,stac3,stac3
23530,stag1a,stag1a
23531,stag1b,stag1b
23532,stag2a,stag2a
23533,stag2b,stag2b
23534,stag3,stag3
23535,stam,stam
23536,stam2,stam2
23537,stambpa,stambpa
23538,stambpb,stambpb
23539,stambpl1,stambpl1
23540,stap2a,stap2a
23541,stap2b,stap2b
23542,star,star
23543,stard10,stard10
23544,stard13a,stard13a
23545,stard13b,stard13b
23546,stard14,stard14
23547,stard15,stard15
23548,stard3,stard3
23549,stard3nl,stard3nl
23550,stard4,stard4
23551,stard5,stard5
23552,stard7,stard7
23553,stard8,stard8
23554,stard9,stard9
23555,stat1a,stat1a
23556,stat1b,stat1b
23557,stat2,stat2
23558,stat3,stat3
23559,stat4,stat4
23560,stat5a,stat5a
23561,stat5b,stat5b
23562,stat6,stat6
23563,stau1,stau1
23564,stau2,stau2
23565,stbd1,stbd1
23566,stc1,stc1
23567,stc1l,stc1l
23568,stc2a,stc2a
23569,stc2b,stc2b
23570,steap2,steap2
23571,steap3,steap3
23572,steap4,steap4
23573,stil,stil
23574,stim1a,stim1a
23575,stim1b,stim1b
23576,stim2a,stim2a
23577,stim2b,stim2b
23578,stip1,stip1
23579,stk10,stk10
23580,stk11,stk11
23581,stk11ip,stk11ip
23582,stk16,stk16
23583,stk17a,stk17a
23584,stk17al,stk17al
23585,stk17b,stk17b
23586,stk19,stk19
23587,stk24a,stk24a
23588,stk25a,stk25a
23589,stk25b,stk25b
23590,stk26,stk26
23591,stk3,stk3
23592,stk31,stk31
23593,stk33,stk33
23594,stk35,stk35
23595,stk35l,stk35l
23596,stk36,stk36
23597,stk38a,stk38a
23598,stk38b,stk38b
23599,stk38l,stk38l
23600,stk39,stk39
23601,stk40,stk40
23602,stm,stm
23603,stmn1a,stmn1a
23604,stmn1b,stmn1b
23605,stmn2a,stmn2a
23606,stmn2b,stmn2b
23607,stmn3,stmn3
23608,stmn4,stmn4
23609,stmn4l,stmn4l
23610,stmnd1,stmnd1
23611,STMP1,STMP1
23612,stn1,stn1
23613,stom,stom
23614,stoml1,stoml1
23615,stoml2,stoml2
23616,stoml3a,stoml3a
23617,stoml3b,stoml3b
23618,ston2,ston2
23619,stox1,stox1
23620,stox2b,stox2b
23621,stpg1,stpg1
23622,stpg2,stpg2
23623,stra6,stra6
23624,strada,strada
23625,strap,strap
23626,strbp,strbp
23627,strc1,strc1
23628,strip1,strip1
23629,strip2,strip2
23630,strn,strn
23631,strn3,strn3
23632,strn4,strn4
23633,sts,sts
23634,stt3a,stt3a
23635,stt3b,stt3b
23636,stub1,stub1
23637,stum,stum
23638,stx10,stx10
23639,stx11a,stx11a
23640,stx11b.1,stx11b.1
23641,stx11b.2,stx11b.2
23642,stx12,stx12
23643,stx12l,stx12l
23644,stx16,stx16
23645,stx17,stx17
23646,stx18,stx18
23647,stx1a,stx1a
23648,stx1b,stx1b
23649,stx2a,stx2a
23650,stx2b,stx2b
23651,STX3,STX3
23652,stx3a,stx3a
23653,stx4,stx4
23654,stx5a,stx5a
23655,stx5al,stx5al
23656,stx6,stx6
23657,stx7l,stx7l
23658,stx8,stx8
23659,stxbp1b,stxbp1b
23660,stxbp2,stxbp2
23661,stxbp3,stxbp3
23662,stxbp4,stxbp4
23663,stxbp5b,stxbp5b
23664,stxbp5l,stxbp5l
23665,stxbp6,stxbp6
23666,stxbp6l,stxbp6l
23667,styk1a,styk1a
23668,styk1b,styk1b
23669,styx,styx
23670,styxl1,styxl1
23671,sub1a,sub1a
23672,sub1b,sub1b
23673,sucla2,sucla2
23674,suclg1,suclg1
23675,suclg2,suclg2
23676,suco,suco
23677,suds3,suds3
23678,sufu,sufu
23679,sugct,sugct
23680,sugp1,sugp1
23681,sugt1,sugt1
23682,sulf1,sulf1
23683,sulf2a,sulf2a
23684,sulf2b,sulf2b
23685,sult1st1,sult1st1
23686,sult1st2,sult1st2
23687,sult1st3,sult1st3
23688,sult1st5,sult1st5
23689,sult1st7,sult1st7
23690,sult1st9,sult1st9
23691,sult2st1,sult2st1
23692,sult2st2,sult2st2
23693,sult2st3,sult2st3
23694,sult3st1,sult3st1
23695,sult3st2,sult3st2
23696,sult3st3,sult3st3
23697,sult3st4,sult3st4
23698,sult4a1,sult4a1
23699,sult5a1,sult5a1
23700,sult6b1,sult6b1
23701,sumf1,sumf1
23702,sumf2,sumf2
23703,sumo1,sumo1
23704,sumo2a,sumo2a
23705,sumo2b,sumo2b
23706,sumo3a,sumo3a
23707,sumo3b,sumo3b
23708,sun1,sun1
23709,suox,suox
23710,supt16h,supt16h
23711,supt20,supt20
23712,supt3h,supt3h
23713,supt4h1,supt4h1
23714,supt5h,supt5h
23715,supt6h,supt6h
23716,supt7l,supt7l
23717,supv3l1,supv3l1
23718,surf1,surf1
23719,surf2,surf2
23720,surf4,surf4
23721,surf4l,surf4l
23722,surf6,surf6
23723,susd1,susd1
23724,SUSD2,SUSD2
23725,susd4,susd4
23726,susd6,susd6
23727,suv39h1a,suv39h1a
23728,suv39h1b,suv39h1b
23729,suz12a,suz12a
23730,suz12b,suz12b
23731,sv2,sv2
23732,sv2a,sv2a
23733,sv2ba,sv2ba
23734,sv2bb,sv2bb
23735,sv2c,sv2c
23736,svbp,svbp
23737,svep1,svep1
23738,svila,svila
23739,svilb,svilb
23740,svilc,svilc
23741,svild,svild
23742,svopa,svopa
23743,svopb,svopb
23744,svopl,svopl
23745,swap70a,swap70a
23746,swap70b,swap70b
23747,swi5,swi5
23748,swsap1,swsap1
23749,swt1,swt1
23750,syap1,syap1
23751,sybl1,sybl1
23752,sybu,sybu
23753,syce2,syce2
23754,sycn.2,sycn.2
23755,sycp1,sycp1
23756,sycp2,sycp2
23757,sycp3,sycp3
23758,SYDE1,SYDE1
23759,SYDE2,SYDE2
23760,syf2,syf2
23761,syk,syk
23762,sympk,sympk
23763,syn1,syn1
23764,syn2a,syn2a
23765,syn2b,syn2b
23766,sync,sync
23767,syncrip,syncrip
23768,syncripl,syncripl
23769,SYNDIG1,SYNDIG1
23770,syndig1l,syndig1l
23771,syne1a,syne1a
23772,syne1b,syne1b
23773,syne2a,syne2a
23774,syne2b,syne2b
23775,syne3,syne3
23776,syngap1a,syngap1a
23777,syngap1b,syngap1b
23778,syngr1a,syngr1a
23779,syngr2a,syngr2a
23780,syngr2b,syngr2b
23781,syngr3a,syngr3a
23782,syngr3b,syngr3b
23783,synj1,synj1
23784,synj2bp,synj2bp
23785,synm,synm
23786,synpo2b,synpo2b
23787,synpo2la,synpo2la
23788,synpo2lb,synpo2lb
23789,synrg,synrg
23790,sypa,sypa
23791,sypb,sypb
23792,sypl1,sypl1
23793,sypl2a,sypl2a
23794,sypl2b,sypl2b
23795,sys1,sys1
23796,syt10,syt10
23797,syt11a,syt11a
23798,syt11b,syt11b
23799,syt12,syt12
23800,syt13,syt13
23801,syt14a,syt14a
23802,syt14b,syt14b
23803,syt15,syt15
23804,syt16,syt16
23805,syt17,syt17
23806,syt1b,syt1b
23807,syt2a,syt2a
23808,syt3,syt3
23809,syt4,syt4
23810,syt5a,syt5a
23811,syt5b,syt5b
23812,syt6a,syt6a
23813,syt6b,syt6b
23814,syt7a,syt7a
23815,syt7b,syt7b
23816,syt9a,syt9a
23817,syt9b,syt9b
23818,sytl1,sytl1
23819,sytl2a,sytl2a
23820,sytl2b,sytl2b
23821,sytl3,sytl3
23822,sytl4,sytl4
23823,sytl5,sytl5
23824,syvn1,syvn1
23825,szl,szl
23826,szrd1,szrd1
23827,taar10,taar10
23828,taar10b,taar10b
23829,taar11,taar11
23830,taar12j,taar12j
23831,taar13c,taar13c
23832,taar16a,taar16a
23833,taar16b,taar16b
23834,taar16f,taar16f
23835,taar18d,taar18d
23836,taar18j,taar18j
23837,taar19a,taar19a
23838,taar19q,taar19q
23839,taar19t,taar19t
23840,taar20i,taar20i
23841,taar20u,taar20u
23842,taar20w,taar20w
23843,taar20z,taar20z
23844,tab1,tab1
23845,tab2,tab2
23846,tab3,tab3
23847,tac3a,tac3a
23848,tac3b,tac3b
23849,tac4,tac4
23850,tacc1,tacc1
23851,tacc3,tacc3
23852,tacr1a,tacr1a
23853,tacr1b,tacr1b
23854,tacr2,tacr2
23855,tacr3a,tacr3a
23856,tacr3l,tacr3l
23857,TADA1,TADA1
23858,tada2a,tada2a
23859,tada2b,tada2b
23860,tada3l,tada3l
23861,taf1,taf1
23862,taf10,taf10
23863,taf11,taf11
23864,taf12,taf12
23865,taf13,taf13
23866,taf15,taf15
23867,taf1a,taf1a
23868,taf1b,taf1b
23869,taf2,taf2
23870,taf3,taf3
23871,taf4a,taf4a
23872,taf4b,taf4b
23873,taf5,taf5
23874,taf5l,taf5l
23875,taf6,taf6
23876,taf6l,taf6l
23877,taf7,taf7
23878,taf9,taf9
23879,tagapa,tagapa
23880,tagln2,tagln2
23881,tagln3a,tagln3a
23882,tagln3b,tagln3b
23883,tal1,tal1
23884,tal2,tal2
23885,taldo1,taldo1
23886,tamm41,tamm41
23887,tanc1a,tanc1a
23888,tanc1b,tanc1b
23889,TANC2,TANC2
23890,tanc2a,tanc2a
23891,tango2,tango2
23892,tango6,tango6
23893,tank,tank
23894,taok1a,taok1a
23895,taok1b,taok1b
23896,taok2a,taok2a
23897,taok2b,taok2b
23898,taok3a,taok3a
23899,taok3b,taok3b
23900,tap1,tap1
23901,tap2a,tap2a
23902,tap2t,tap2t
23903,tapbp.1,tapbp.1
23904,tapbp.2,tapbp.2
23905,tapbpl,tapbpl
23906,tapt1a,tapt1a
23907,tapt1b,tapt1b
23908,tarbp2,tarbp2
23909,tardbp,tardbp
23910,tardbpl,tardbpl
23911,tars,tars
23912,tarsl2,tarsl2
23913,tas1r2.1,tas1r2.1
23914,tas1r2.2,tas1r2.2
23915,tas2r200.2,tas2r200.2
23916,tas2r201.1,tas2r201.1
23917,tas2r202,tas2r202
23918,tas2r3,tas2r3
23919,tasp1,tasp1
23920,tat,tat
23921,tatdn1,tatdn1
23922,tatdn2,tatdn2
23923,tax1bp1a,tax1bp1a
23924,tax1bp1b,tax1bp1b
23925,tax1bp3,tax1bp3
23926,taz,taz
23927,tbata,tbata
23928,tbc1d1,tbc1d1
23929,tbc1d10aa,tbc1d10aa
23930,tbc1d10ab,tbc1d10ab
23931,tbc1d10b,tbc1d10b
23932,tbc1d12b,tbc1d12b
23933,tbc1d13,tbc1d13
23934,tbc1d14,tbc1d14
23935,tbc1d15,tbc1d15
23936,tbc1d16,tbc1d16
23937,tbc1d17,tbc1d17
23938,tbc1d19,tbc1d19
23939,tbc1d2,tbc1d2
23940,tbc1d20,tbc1d20
23941,tbc1d22a,tbc1d22a
23942,tbc1d22b,tbc1d22b
23943,tbc1d23,tbc1d23
23944,tbc1d24,tbc1d24
23945,tbc1d25,tbc1d25
23946,tbc1d2b,tbc1d2b
23947,tbc1d30,tbc1d30
23948,tbc1d31,tbc1d31
23949,tbc1d32,tbc1d32
23950,tbc1d4,tbc1d4
23951,tbc1d5,tbc1d5
23952,tbc1d7,tbc1d7
23953,TBC1D8B,TBC1D8B
23954,tbca,tbca
23955,tbcb,tbcb
23956,tbcc,tbcc
23957,tbccd1,tbccd1
23958,tbcd,tbcd
23959,tbce,tbce
23960,tbcela,tbcela
23961,tbcelb,tbcelb
23962,tbck,tbck
23963,tbk1,tbk1
23964,tbkbp1,tbkbp1
23965,tbl1x,tbl1x
23966,tbl1xr1a,tbl1xr1a
23967,tbl1xr1b,tbl1xr1b
23968,tbl2,tbl2
23969,tbl3,tbl3
23970,tbp,tbp
23971,tbpl1,tbpl1
23972,tbpl2,tbpl2
23973,tbr1a,tbr1a
23974,tbr1b,tbr1b
23975,tbrg1,tbrg1
23976,tbrg4,tbrg4
23977,tbx1,tbx1
23978,tbx15,tbx15
23979,tbx16,tbx16
23980,tbx16l,tbx16l
23981,tbx18,tbx18
23982,tbx19,tbx19
23983,tbx20,tbx20
23984,tbx21,tbx21
23985,tbx22,tbx22
23986,tbx2a,tbx2a
23987,tbx2b,tbx2b
23988,tbx3a,tbx3a
23989,tbx3b,tbx3b
23990,tbx4,tbx4
23991,tbx5a,tbx5a
23992,tbx5b,tbx5b
23993,tbx6,tbx6
23994,tbxa2r,tbxa2r
23995,tbxas1,tbxas1
23996,tbxta,tbxta
23997,tbxtb,tbxtb
23998,TC2N,TC2N
23999,tcaim,tcaim
24000,tcap,tcap
24001,tcea1,tcea1
24002,tcea2,tcea2
24003,tcea3,tcea3
24004,tceanc2,tceanc2
24005,tceb2,tceb2
24006,tcerg1a,tcerg1a
24007,TCERG1L,TCERG1L
24008,tcf12,tcf12
24009,tcf15,tcf15
24010,tcf19l,tcf19l
24011,tcf20,tcf20
24012,tcf21,tcf21
24013,tcf23,tcf23
24014,TCF24,TCF24
24015,tcf25,tcf25
24016,tcf3a,tcf3a
24017,tcf4,tcf4
24018,tcf7,tcf7
24019,tcf7l1a,tcf7l1a
24020,tcf7l1b,tcf7l1b
24021,tcf7l2,tcf7l2
24022,tchp,tchp
24023,TCIM,TCIM
24024,tcima,tcima
24025,tcirg1a,tcirg1a
24026,tcirg1b,tcirg1b
24027,tcn2,tcn2
24028,tcnbb,tcnbb
24029,tcp1,tcp1
24030,tcp11l1,tcp11l1
24031,tcp11l2,tcp11l2
24032,tcta,tcta
24033,tcte1,tcte1
24034,tctex1d1,tctex1d1
24035,tctex1d2,tctex1d2
24036,tctn1,tctn1
24037,tctn2,tctn2
24038,tdg.1,tdg.1
24039,tdg.2,tdg.2
24040,tdgf1,tdgf1
24041,tdh,tdh
24042,tdh2,tdh2
24043,tdo2a,tdo2a
24044,tdo2b,tdo2b
24045,tdp1,tdp1
24046,tdp2a,tdp2a
24047,tdp2b,tdp2b
24048,tdrd1,tdrd1
24049,tdrd12,tdrd12
24050,tdrd3,tdrd3
24051,tdrd5,tdrd5
24052,tdrd6,tdrd6
24053,tdrd7a,tdrd7a
24054,tdrd9,tdrd9
24055,tdrkh,tdrkh
24056,tead1a,tead1a
24057,tead1b,tead1b
24058,tead3a,tead3a
24059,tead3b,tead3b
24060,tec,tec
24061,tecpr1a,tecpr1a
24062,tecpr1b,tecpr1b
24063,tecpr2,tecpr2
24064,tecrb,tecrb
24065,tecrl2a,tecrl2a
24066,tecrl2b,tecrl2b
24067,tecta,tecta
24068,tectb,tectb
24069,tefa,tefa
24070,tefb,tefb
24071,tefm,tefm
24072,tegt,tegt
24073,tek,tek
24074,tekt1,tekt1
24075,tekt2,tekt2
24076,tekt3,tekt3
24077,tekt4,tekt4
24078,telo2,telo2
24079,ten1,ten1
24080,TENM2,TENM2
24081,tenm4,tenm4
24082,tent2,tent2
24083,tent4a,tent4a
24084,tent4b,tent4b
24085,TENT5A,TENT5A
24086,tent5ab,tent5ab
24087,tent5ba,tent5ba
24088,tent5bb,tent5bb
24089,tent5c,tent5c
24090,tent5d,tent5d
24091,tep1,tep1
24092,tepsin,tepsin
24093,terb1,terb1
24094,terf1,terf1
24095,terf2ip,terf2ip
24096,terfa,terfa
24097,tert,tert
24098,tes,tes
24099,tesca,tesca
24100,tescb,tescb
24101,TESK1,TESK1
24102,tesk2,tesk2
24103,tesmin,tesmin
24104,tespa1,tespa1
24105,tet1,tet1
24106,tet2,tet2
24107,tet3,tet3
24108,tex10,tex10
24109,tex11,tex11
24110,tex2,tex2
24111,tex26,tex26
24112,tex261,tex261
24113,tex264a,tex264a
24114,tex2l,tex2l
24115,tex30,tex30
24116,tex33,tex33
24117,tex36,tex36
24118,tex9,tex9
24119,tfa,tfa
24120,tfam,tfam
24121,tfap2a,tfap2a
24122,tfap2c,tfap2c
24123,tfap2d,tfap2d
24124,tfap2e,tfap2e
24125,tfap4,tfap4
24126,tfb1m,tfb1m
24127,tfb2m,tfb2m
24128,tfcp2,tfcp2
24129,tfcp2l1,tfcp2l1
24130,tfdp1a,tfdp1a
24131,tfdp1b,tfdp1b
24132,tfdp2,tfdp2
24133,tfe3a,tfe3a
24134,tfe3b,tfe3b
24135,tfeb,tfeb
24136,tfec,tfec
24137,tfg,tfg
24138,tfip11,tfip11
24139,tfpi2,tfpi2
24140,tfpt,tfpt
24141,tfr1a,tfr1a
24142,tfr1b,tfr1b
24143,tfr2,tfr2
24144,tg,tg
24145,tgds,tgds
24146,tgfa,tgfa
24147,tgfb1a,tgfb1a
24148,tgfb1b,tgfb1b
24149,tgfb2,tgfb2
24150,tgfb2l,tgfb2l
24151,tgfb3,tgfb3
24152,tgfbi,tgfbi
24153,tgfbr1a,tgfbr1a
24154,tgfbr1b,tgfbr1b
24155,tgfbr2a,tgfbr2a
24156,tgfbr2b,tgfbr2b
24157,tgfbr3,tgfbr3
24158,tgfbrap1,tgfbrap1
24159,tgif1,tgif1
24160,tgm1,tgm1
24161,tgm1l1,tgm1l1
24162,tgm1l2,tgm1l2
24163,tgm1l3,tgm1l3
24164,tgm1l4,tgm1l4
24165,tgm2b,tgm2b
24166,tgm2l,tgm2l
24167,tgm5l,tgm5l
24168,tgm8,tgm8
24169,th,th
24170,thada,thada
24171,thap1,thap1
24172,thap11,thap11
24173,thap12a,thap12a
24174,thap12b,thap12b
24175,thap3,thap3
24176,thap4,thap4
24177,thap7,thap7
24178,thbd,thbd
24179,thbs1a,thbs1a
24180,thbs1b,thbs1b
24181,thbs2a,thbs2a
24182,thbs2b,thbs2b
24183,thbs3a,thbs3a
24184,thbs3b,thbs3b
24185,thbs4a,thbs4a
24186,thbs4b,thbs4b
24187,theg,theg
24188,thegl,thegl
24189,them4,them4
24190,them6,them6
24191,themis,themis
24192,themis2,themis2
24193,thg1l,thg1l
24194,thnsl2,thnsl2
24195,thoc1,thoc1
24196,thoc2,thoc2
24197,thoc3,thoc3
24198,thoc5,thoc5
24199,thoc6,thoc6
24200,thoc7,thoc7
24201,thop1,thop1
24202,thpo,thpo
24203,thraa,thraa
24204,thrab,thrab
24205,thrap3a,thrap3a
24206,thrap3b,thrap3b
24207,thrb,thrb
24208,thsd1,thsd1
24209,thsd7aa,thsd7aa
24210,thsd7ab,thsd7ab
24211,thsd7ba,thsd7ba
24212,thsd7bb,thsd7bb
24213,thumpd1,thumpd1
24214,thumpd2,thumpd2
24215,thumpd3,thumpd3
24216,thy1,thy1
24217,thyn1,thyn1
24218,tia1,tia1
24219,tia1l,tia1l
24220,tial1,tial1
24221,tiam1a,tiam1a
24222,tiam1b,tiam1b
24223,tiam2a,tiam2a
24224,tiam2b,tiam2b
24225,ticam1,ticam1
24226,ticrr,ticrr
24227,tigara,tigara
24228,tigarb,tigarb
24229,timeless,timeless
24230,timm10,timm10
24231,timm10b,timm10b
24232,timm13,timm13
24233,timm17a,timm17a
24234,timm17b,timm17b
24235,TIMM21,TIMM21
24236,TIMM22,TIMM22
24237,timm23a,timm23a
24238,timm23b,timm23b
24239,timm29,timm29
24240,timm44,timm44
24241,timm50,timm50
24242,timm8a,timm8a
24243,timm8b,timm8b
24244,timm9,timm9
24245,timmdc1,timmdc1
24246,timp2a,timp2a
24247,timp2b,timp2b
24248,timp4.1,timp4.1
24249,timp4.2,timp4.2
24250,timp4.3,timp4.3
24251,tinagl1,tinagl1
24252,tinf2,tinf2
24253,tiparp,tiparp
24254,tipin,tipin
24255,tiprl,tiprl
24256,tirap,tirap
24257,tjp1a,tjp1a
24258,tjp1b,tjp1b
24259,tjp2a,tjp2a
24260,tjp2b,tjp2b
24261,tjp3,tjp3
24262,tk1,tk1
24263,tk2,tk2
24264,tkfc,tkfc
24265,tkta,tkta
24266,tktb,tktb
24267,tlcd1,tlcd1
24268,tlcd2,tlcd2
24269,tle2a,tle2a
24270,tle2b,tle2b
24271,tle2c,tle2c
24272,tle3a,tle3a
24273,tle3b,tle3b
24274,tlk1a,tlk1a
24275,tlk1b,tlk1b
24276,tlk2,tlk2
24277,tll1,tll1
24278,tln1,tln1
24279,tln2a,tln2a
24280,tln2b,tln2b
24281,tlnrd1,tlnrd1
24282,tlr1,tlr1
24283,tlr18,tlr18
24284,tlr19,tlr19
24285,tlr2,tlr2
24286,tlr20.1,tlr20.1
24287,tlr20.2,tlr20.2
24288,tlr20.3,tlr20.3
24289,tlr21,tlr21
24290,tlr22,tlr22
24291,tlr3,tlr3
24292,tlr4al,tlr4al
24293,tlr4ba,tlr4ba
24294,tlr4bb,tlr4bb
24295,tlr5a,tlr5a
24296,tlr5b,tlr5b
24297,tlr7,tlr7
24298,tlr8a,tlr8a
24299,tlr8b,tlr8b
24300,tlr9,tlr9
24301,tlx1,tlx1
24302,tlx2,tlx2
24303,tlx3b,tlx3b
24304,tm2d1,tm2d1
24305,tm2d2,tm2d2
24306,tm2d3,tm2d3
24307,tm4sf18,tm4sf18
24308,TM4SF19,TM4SF19
24309,tm4sf4,tm4sf4
24310,tm6sf2,tm6sf2
24311,tm7sf3,tm7sf3
24312,tm9sf1,tm9sf1
24313,tm9sf2,tm9sf2
24314,tm9sf3,tm9sf3
24315,tm9sf4,tm9sf4
24316,tm9sf5,tm9sf5
24317,tma7,tma7
24318,tmbim1a,tmbim1a
24319,tmbim1b,tmbim1b
24320,tmbim4,tmbim4
24321,TMC1,TMC1
24322,tmc2a,tmc2a
24323,tmc2b,tmc2b
24324,tmc4,tmc4
24325,tmc5,tmc5
24326,tmc6a,tmc6a
24327,tmc6b,tmc6b
24328,tmc8,tmc8
24329,TMCC1,TMCC1
24330,tmcc1b,tmcc1b
24331,tmcc2,tmcc2
24332,tmcc3,tmcc3
24333,tmco1,tmco1
24334,tmco3,tmco3
24335,tmco4,tmco4
24336,tmco6,tmco6
24337,tmed10,tmed10
24338,tmed1b,tmed1b
24339,tmed2,tmed2
24340,tmed3,tmed3
24341,tmed4,tmed4
24342,tmed5,tmed5
24343,tmed6,tmed6
24344,tmed7,tmed7
24345,tmed8,tmed8
24346,tmed9,tmed9
24347,tmeff1a,tmeff1a
24348,tmeff1b,tmeff1b
24349,tmeff2a,tmeff2a
24350,tmeff2b,tmeff2b
24351,tmem100a,tmem100a
24352,tmem101,tmem101
24353,tmem102,tmem102
24354,tmem104,tmem104
24355,tmem106a,tmem106a
24356,tmem106ba,tmem106ba
24357,tmem106bb,tmem106bb
24358,tmem106c,tmem106c
24359,tmem107l,tmem107l
24360,tmem108,tmem108
24361,tmem11,tmem11
24362,tmem110l,tmem110l
24363,TMEM114,TMEM114
24364,tmem115,tmem115
24365,tmem117,tmem117
24366,tmem119a,tmem119a
24367,tmem119b,tmem119b
24368,tmem120a,tmem120a
24369,tmem120b,tmem120b
24370,tmem121aa,tmem121aa
24371,tmem121ab,tmem121ab
24372,tmem123,tmem123
24373,tmem125,tmem125
24374,tmem125b,tmem125b
24375,tmem126a,tmem126a
24376,tmem127,tmem127
24377,tmem129,tmem129
24378,tmem130,tmem130
24379,tmem131,tmem131
24380,tmem131l,tmem131l
24381,TMEM132D,TMEM132D
24382,tmem132e,tmem132e
24383,tmem135,tmem135
24384,tmem136a,tmem136a
24385,tmem136b,tmem136b
24386,tmem138,tmem138
24387,tmem141,tmem141
24388,tmem144b,tmem144b
24389,tmem145,tmem145
24390,tmem147,tmem147
24391,tmem14ca,tmem14ca
24392,tmem14cb,tmem14cb
24393,tmem150aa,tmem150aa
24394,tmem150ab,tmem150ab
24395,tmem150c,tmem150c
24396,tmem151ba,tmem151ba
24397,tmem154,tmem154
24398,tmem158,tmem158
24399,tmem160,tmem160
24400,tmem161a,tmem161a
24401,tmem161b,tmem161b
24402,tmem163a,tmem163a
24403,tmem163b,tmem163b
24404,TMEM164,TMEM164
24405,tmem165,tmem165
24406,tmem167a,tmem167a
24407,tmem167b,tmem167b
24408,tmem168a,tmem168a
24409,tmem168b,tmem168b
24410,tmem169a,tmem169a
24411,tmem169b,tmem169b
24412,tmem17,tmem17
24413,tmem170a,tmem170a
24414,tmem170b,tmem170b
24415,tmem173,tmem173
24416,tmem174,tmem174
24417,tmem175,tmem175
24418,tmem176,tmem176
24419,tmem176l.1,tmem176l.1
24420,tmem176l.2,tmem176l.2
24421,tmem176l.3a,tmem176l.3a
24422,tmem176l.3b,tmem176l.3b
24423,tmem176l.4,tmem176l.4
24424,tmem177,tmem177
24425,tmem178,tmem178
24426,tmem178b,tmem178b
24427,tmem179,tmem179
24428,tmem179b,tmem179b
24429,tmem18,tmem18
24430,tmem181,tmem181
24431,tmem182a,tmem182a
24432,tmem183a,tmem183a
24433,tmem184a,tmem184a
24434,tmem184ba,tmem184ba
24435,tmem184bb,tmem184bb
24436,tmem184c,tmem184c
24437,tmem185,tmem185
24438,tmem186,tmem186
24439,tmem187,tmem187
24440,tmem189,tmem189
24441,TMEM19,TMEM19
24442,tmem192,tmem192
24443,TMEM196,TMEM196
24444,tmem196b,tmem196b
24445,tmem198a,tmem198a
24446,tmem198b,tmem198b
24447,tmem199,tmem199
24448,tmem200a,tmem200a
24449,TMEM200C,TMEM200C
24450,tmem201,tmem201
24451,tmem203,tmem203
24452,tmem204,tmem204
24453,tmem205,tmem205
24454,TMEM208,TMEM208
24455,tmem209,tmem209
24456,tmem214,tmem214
24457,TMEM216,TMEM216
24458,tmem218,tmem218
24459,tmem220,tmem220
24460,tmem222a,tmem222a
24461,tmem222b,tmem222b
24462,tmem223,tmem223
24463,tmem229a,tmem229a
24464,tmem229b,tmem229b
24465,tmem230a,tmem230a
24466,tmem230b,tmem230b
24467,tmem231,tmem231
24468,tmem232,tmem232
24469,tmem234,tmem234
24470,tmem235,tmem235
24472,TMEM236,TMEM236
24473,tmem237a,tmem237a
24474,tmem237b,tmem237b
24475,tmem238a,tmem238a
24476,tmem238b,tmem238b
24477,tmem240a,tmem240a
24478,tmem240b,tmem240b
24479,tmem241,tmem241
24480,tmem242,tmem242
24481,tmem243a,tmem243a
24482,tmem243b,tmem243b
24483,tmem244,tmem244
24484,tmem245,tmem245
24485,tmem246,tmem246
24486,tmem248,tmem248
24487,tmem250,tmem250
24488,tmem251,tmem251
24489,tmem254,tmem254
24490,tmem255a,tmem255a
24491,tmem258,tmem258
24492,tmem259,tmem259
24493,tmem260,tmem260
24494,tmem263,tmem263
24495,tmem264,tmem264
24496,tmem265,tmem265
24497,tmem266,tmem266
24498,tmem267,tmem267
24499,tmem26b,tmem26b
24500,tmem30aa,tmem30aa
24501,tmem30ab,tmem30ab
24502,tmem30b,tmem30b
24503,tmem30c,tmem30c
24504,tmem33,tmem33
24505,tmem35,tmem35
24506,tmem37,tmem37
24507,tmem38a,tmem38a
24508,tmem39a,tmem39a
24509,tmem39b,tmem39b
24510,tmem41aa,tmem41aa
24511,tmem41ab,tmem41ab
24512,tmem41b,tmem41b
24513,tmem42a,tmem42a
24514,tmem42b,tmem42b
24515,tmem43,tmem43
24516,tmem44,tmem44
24517,tmem45a,tmem45a
24518,tmem45b,tmem45b
24519,tmem47,tmem47
24520,tmem5,tmem5
24521,tmem50a,tmem50a
24522,tmem51a,tmem51a
24523,tmem51b,tmem51b
24524,tmem53,tmem53
24525,tmem54a,tmem54a
24526,tmem56a,tmem56a
24527,tmem56b,tmem56b
24528,tmem59,tmem59
24529,tmem59l,tmem59l
24530,tmem60,tmem60
24531,tmem62,tmem62
24532,tmem63a,tmem63a
24533,tmem63ba,tmem63ba
24534,tmem63bb,tmem63bb
24535,tmem63c,tmem63c
24536,tmem64,tmem64
24537,tmem65,tmem65
24538,tmem67,tmem67
24539,tmem68,tmem68
24540,tmem69,tmem69
24541,tmem70,tmem70
24542,tmem72,tmem72
24543,tmem74,tmem74
24544,tmem74b,tmem74b
24545,tmem79a,tmem79a
24546,tmem79b,tmem79b
24547,tmem82,tmem82
24548,tmem86a,tmem86a
24549,tmem86b,tmem86b
24550,TMEM87B,TMEM87B
24551,tmem88a,tmem88a
24552,TMEM8B,TMEM8B
24553,tmem9,tmem9
24554,tmem91,tmem91
24555,tmem94,tmem94
24556,tmem97,tmem97
24557,tmem98,tmem98
24558,tmem9b,tmem9b
24559,tmf1,tmf1
24560,tmie,tmie
24561,tmigd1,tmigd1
24562,tmlhe,tmlhe
24563,tmod1,tmod1
24564,tmod2,tmod2
24565,tmod4,tmod4
24566,tmpoa,tmpoa
24567,tmpob,tmpob
24568,tmppe,tmppe
24569,tmprss13a,tmprss13a
24570,tmprss13b,tmprss13b
24571,tmprss15,tmprss15
24572,tmprss2,tmprss2
24573,tmprss3a,tmprss3a
24574,tmprss3b,tmprss3b
24575,tmprss4a,tmprss4a
24576,tmprss4b,tmprss4b
24577,tmprss5,tmprss5
24578,tmprss7,tmprss7
24579,tmprss9,tmprss9
24580,tmsb,tmsb
24581,tmsb1,tmsb1
24582,tmsb2,tmsb2
24583,tmsb4x,tmsb4x
24584,tmsb5,tmsb5
24585,tmtc1,tmtc1
24586,tmtc2a,tmtc2a
24587,tmtc2b,tmtc2b
24588,tmtc3,tmtc3
24589,tmtc4,tmtc4
24590,tmtops2a,tmtops2a
24591,tmtops2b,tmtops2b
24592,tmtops3a,tmtops3a
24593,tmtops3b,tmtops3b
24594,tmtopsb,tmtopsb
24595,tmub1,tmub1
24596,tmub2,tmub2
24597,tmx1,tmx1
24598,tmx2a,tmx2a
24599,tmx2b,tmx2b
24600,tmx3a,tmx3a
24601,tmx3b,tmx3b
24602,tmx4,tmx4
24603,tnc,tnc
24604,tnfaip1,tnfaip1
24605,tnfaip2a,tnfaip2a
24606,tnfaip2b,tnfaip2b
24607,tnfaip3,tnfaip3
24608,tnfaip6,tnfaip6
24609,tnfaip8l1,tnfaip8l1
24610,tnfaip8l2b,tnfaip8l2b
24611,tnfaip8l3,tnfaip8l3
24612,tnfb,tnfb
24613,tnfrsf11a,tnfrsf11a
24614,tnfrsf11b,tnfrsf11b
24615,tnfrsf13b,tnfrsf13b
24616,tnfrsf18,tnfrsf18
24617,tnfrsf19,tnfrsf19
24618,tnfrsf1a,tnfrsf1a
24619,tnfrsf1b,tnfrsf1b
24620,tnfrsf21,tnfrsf21
24621,tnfrsf9a,tnfrsf9a
24622,tnfrsf9b,tnfrsf9b
24623,tnfrsfa,tnfrsfa
24624,tnfsf10,tnfsf10
24625,tnfsf10l,tnfsf10l
24626,tnfsf10l3,tnfsf10l3
24627,tnfsf10l4,tnfsf10l4
24628,tnfsf11,tnfsf11
24629,tnfsf12,tnfsf12
24630,tnfsf13,tnfsf13
24631,tnfsf13b,tnfsf13b
24632,tnfsf14,tnfsf14
24633,tnfsf18,tnfsf18
24634,tnika,tnika
24635,tnikb,tnikb
24636,tnip1,tnip1
24637,tnip2,tnip2
24638,tnk1,tnk1
24639,tnk2a,tnk2a
24640,tnk2b,tnk2b
24641,tnks1bp1,tnks1bp1
24642,tnksa,tnksa
24643,tnksb,tnksb
24644,tnmd,tnmd
24645,tnn,tnn
24646,tnnc1a,tnnc1a
24647,tnnc1b,tnnc1b
24648,tnnc2,tnnc2
24649,tnni1b,tnni1b
24650,tnni1c,tnni1c
24651,tnni1d,tnni1d
24652,tnni2a.1,tnni2a.1
24653,tnni2a.2,tnni2a.2
24654,tnni2a.3,tnni2a.3
24655,tnni2a.4,tnni2a.4
24656,tnni2b.1,tnni2b.1
24657,tnni2b.2,tnni2b.2
24658,tnni4a,tnni4a
24659,tnni4b.1,tnni4b.1
24660,tnni4b.2,tnni4b.2
24661,tnnt1,tnnt1
24662,tnnt2a,tnnt2a
24663,tnnt2b,tnnt2b
24664,tnnt2c,tnnt2c
24665,tnnt2d,tnnt2d
24666,tnnt2e,tnnt2e
24667,tnnt3a,tnnt3a
24668,tnnt3b,tnnt3b
24669,tnpo1,tnpo1
24670,tnpo3,tnpo3
24671,tnr,tnr
24672,tnrc18,tnrc18
24673,tnrc6b,tnrc6b
24674,tnrc6c1,tnrc6c1
24675,tnrc6c2,tnrc6c2
24676,tns1a,tns1a
24677,tns1b,tns1b
24678,tns2a,tns2a
24679,tns2b,tns2b
24680,tns3.2,tns3.2
24681,tnxba,tnxba
24682,tob1a,tob1a
24683,tob1b,tob1b
24684,toe1,toe1
24685,togaram1,togaram1
24686,tollip,tollip
24687,tom1,tom1
24688,tomm20a,tomm20a
24689,tomm20b,tomm20b
24690,tomm22,tomm22
24691,tomm34,tomm34
24692,tomm40,tomm40
24693,tomm40l,tomm40l
24694,tomm5,tomm5
24695,tomm6,tomm6
24696,tomm7,tomm7
24697,tomm70a,tomm70a
24698,tomt,tomt
24699,tonsl,tonsl
24700,top1,top1
24701,top1l,top1l
24702,top1mt,top1mt
24703,top2a,top2a
24704,top2b,top2b
24705,top3a,top3a
24706,top3b,top3b
24707,topaz1,topaz1
24708,topbp1,topbp1
24709,toporsa,toporsa
24710,toporsb,toporsb
24711,tor1,tor1
24712,tor1l3,tor1l3
24713,tor2a,tor2a
24714,tor3a,tor3a
24715,tor4aa,tor4aa
24716,tor4ab,tor4ab
24717,tox,tox
24718,tox2,tox2
24719,tox3,tox3
24720,tox4a,tox4a
24721,tox4b,tox4b
24722,tp53,tp53
24723,tp53bp2a,tp53bp2a
24724,tp53bp2b,tp53bp2b
24725,tp53i11a,tp53i11a
24726,tp53i11b,tp53i11b
24727,TP53I3,TP53I3
24728,tp53inp1,tp53inp1
24729,tp53inp2,tp53inp2
24730,tp53rk,tp53rk
24731,tp63,tp63
24732,tp73,tp73
24733,tpbga,tpbga
24734,tpbgb,tpbgb
24735,tpbgl,tpbgl
24736,tpcn1,tpcn1
24737,tpcn2,tpcn2
24738,tpcn3,tpcn3
24739,tpd52,tpd52
24740,tpd52l1,tpd52l1
24741,tpd52l2a,tpd52l2a
24742,tpd52l2b,tpd52l2b
24743,TPGS1,TPGS1
24744,tpgs2,tpgs2
24745,tph1a,tph1a
24746,tph1b,tph1b
24747,tph2,tph2
24748,tpi1a,tpi1a
24749,tpi1b,tpi1b
24750,tpk1,tpk1
24751,tpm1,tpm1
24752,tpm2,tpm2
24753,tpm3,tpm3
24754,tpm4a,tpm4a
24755,tpm4b,tpm4b
24756,tpma,tpma
24757,tpmt.1,tpmt.1
24758,tpmt.2,tpmt.2
24759,tpo,tpo
24760,tpp1,tpp1
24761,tpp2,tpp2
24762,tppp2,tppp2
24763,tppp3,tppp3
24764,tpra,tpra
24765,tpra1,tpra1
24766,tprb,tprb
24767,tprg1,tprg1
24768,tprg1l,tprg1l
24769,tprkb,tprkb
24770,tprn,tprn
24771,tpst1,tpst1
24772,tpst1l,tpst1l
24773,tpst2,tpst2
24774,tpt1,tpt1
24775,tpte,tpte
24776,tpx2,tpx2
24777,tra2a,tra2a
24778,tra2b,tra2b
24779,trabd,trabd
24780,trabd2b,trabd2b
24781,tradd,tradd
24782,tradv10.0.2,tradv10.0.2
24783,tradv10.0.3,tradv10.0.3
24784,tradv10.0.4,tradv10.0.4
24785,tradv10.0.5,tradv10.0.5
24786,tradv17.0,tradv17.0
24787,tradv2.0.2,tradv2.0.2
24789,tradv24.0.1,tradv24.0.1
24790,tradv24.0.2,tradv24.0.2
24792,tradv3.0.4,tradv3.0.4
24794,tradv41.0,tradv41.0
24795,tradv8.0,tradv8.0
24796,traf1,traf1
24797,traf2a,traf2a
24798,traf2b,traf2b
24799,traf3,traf3
24800,traf3ip1,traf3ip1
24801,traf3ip2l,traf3ip2l
24802,traf4a,traf4a
24803,traf4b,traf4b
24804,traf5,traf5
24805,traf6,traf6
24806,traf7,traf7
24807,trafd1,trafd1
24808,traip,traip
24809,traj5,traj5
24810,trak1a,trak1a
24811,trak2,trak2
24812,tram1,tram1
24813,tram2,tram2
24814,trap1,trap1
24815,trappc1,trappc1
24816,trappc10,trappc10
24817,trappc11,trappc11
24818,trappc12,trappc12
24819,trappc13,trappc13
24820,trappc2l,trappc2l
24821,trappc3,trappc3
24822,trappc4,trappc4
24823,trappc5,trappc5
24824,trappc6b,trappc6b
24825,trappc6bl,trappc6bl
24826,trappc8,trappc8
24827,trappc9,trappc9
24828,trarg1a,trarg1a
24829,trarg1b,trarg1b
24830,trdc,trdc
24831,trdmt1,trdmt1
24832,treh,treh
24833,trgv2,trgv2
24834,trgv7,trgv7
24835,trh,trh
24836,trhr2,trhr2
24837,trhra,trhra
24838,trhrb,trhrb
24839,triap1,triap1
24840,trib1,trib1
24841,trib2,trib2
24842,trib3,trib3
24843,tril,tril
24844,trim101,trim101
24845,trim105,trim105
24846,trim107,trim107
24847,trim108,trim108
24848,trim109,trim109
24849,trim110,trim110
24850,trim13,trim13
24851,trim16,trim16
24852,trim23,trim23
24853,trim24,trim24
24854,trim25,trim25
24855,trim25l,trim25l
24856,trim2b,trim2b
24857,trim32,trim32
24858,trim33,trim33
24859,trim33l,trim33l
24860,trim35-1,trim35-1
24861,trim35-10,trim35-10
24862,trim35-12,trim35-12
24863,trim35-13,trim35-13
24864,trim35-19,trim35-19
24865,trim35-20,trim35-20
24866,trim35-22,trim35-22
24867,trim35-23,trim35-23
24868,trim35-24,trim35-24
24869,trim35-25,trim35-25
24870,trim35-27,trim35-27
24871,trim35-28,trim35-28
24872,trim35-3,trim35-3
24873,trim35-30,trim35-30
24874,trim35-31,trim35-31
24875,trim35-33,trim35-33
24876,trim35-34,trim35-34
24877,trim35-39,trim35-39
24878,trim35-40,trim35-40
24879,trim35-7,trim35-7
24880,trim35-9,trim35-9
24881,trim36,trim36
24882,trim37,trim37
24883,trim3a,trim3a
24884,trim3b,trim3b
24885,trim44,trim44
24886,trim45,trim45
24887,trim46a,trim46a
24888,trim46b,trim46b
24889,trim47,trim47
24890,trim54,trim54
24891,trim55a,trim55a
24892,trim55b,trim55b
24893,trim62,trim62
24894,trim63a,trim63a
24895,trim63b,trim63b
24896,trim65,trim65
24897,trim66,trim66
24898,TRIM67,TRIM67
24899,trim69,trim69
24900,trim71,trim71
24901,trim8a,trim8a
24902,trim8b,trim8b
24903,trim9,trim9
24904,trioa,trioa
24905,triob,triob
24906,triobpa,triobpa
24907,triobpb,triobpb
24908,trip10a,trip10a
24909,trip10b,trip10b
24910,trip11,trip11
24911,trip12,trip12
24912,trip13,trip13
24913,trip4,trip4
24914,trip6,trip6
24915,triqk,triqk
24916,trir,trir
24917,trit1,trit1
24918,trmo,trmo
24919,trmt1,trmt1
24920,trmt10a,trmt10a
24921,trmt10b,trmt10b
24922,trmt10c,trmt10c
24923,trmt11,trmt11
24924,trmt112,trmt112
24925,trmt12,trmt12
24926,trmt13,trmt13
24927,trmt2a,trmt2a
24928,trmt2b,trmt2b
24929,trmt44,trmt44
24930,trmt5,trmt5
24931,trmt6,trmt6
24932,trmt61a,trmt61a
24933,trmt61b,trmt61b
24934,trmt9b,trmt9b
24935,trmu,trmu
24936,trnau1apa,trnau1apa
24937,trnau1apb,trnau1apb
24938,trnC,trnC
24939,trnG,trnG
24940,trnH,trnH
24941,trnR,trnR
24942,trnS2,trnS2
24943,trnt1,trnt1
24944,trnW,trnW
24945,trnY,trnY
24946,trove2,trove2
24947,trpa1a,trpa1a
24948,trpa1b,trpa1b
24949,trpc1,trpc1
24950,trpc2a,trpc2a
24951,trpc3,trpc3
24952,trpc4a,trpc4a
24953,trpc4apa,trpc4apa
24954,trpc4apb,trpc4apb
24955,trpc4b,trpc4b
24956,trpc5a,trpc5a
24957,trpc5b,trpc5b
24958,trpc6a,trpc6a
24959,trpc6b,trpc6b
24960,trpc7a,trpc7a
24961,trpc7b,trpc7b
24962,trpm1a,trpm1a
24963,trpm1b,trpm1b
24964,trpm3,trpm3
24965,trpm4a,trpm4a
24966,trpm4b.2,trpm4b.2
24967,trpm5,trpm5
24968,trpm7,trpm7
24969,trps1,trps1
24970,trpt1,trpt1
24971,trpv1,trpv1
24972,trpv4,trpv4
24973,trpv6,trpv6
24974,trrap,trrap
24975,trub1,trub1
24976,trub2,trub2
24977,tsc1a,tsc1a
24978,tsc1b,tsc1b
24979,tsc2,tsc2
24980,tsc22d1,tsc22d1
24981,tsc22d2,tsc22d2
24982,tsc22d3,tsc22d3
24983,tsen15,tsen15
24984,tsen2,tsen2
24985,tsen34,tsen34
24986,tsen54,tsen54
24987,tsfm,tsfm
24988,tsg101a,tsg101a
24989,tsg101b,tsg101b
24990,tsga10,tsga10
24991,tshr,tshr
24992,tshz1,tshz1
24993,tshz2,tshz2
24994,tshz3a,tshz3a
24995,tshz3b,tshz3b
24996,tsku,tsku
24997,tsn,tsn
24998,tsnax,tsnax
24999,tsnaxip1,tsnaxip1
25000,tspan1,tspan1
25001,tspan10,tspan10
25002,tspan11,tspan11
25003,tspan12,tspan12
25004,tspan13a,tspan13a
25005,tspan13b,tspan13b
25006,tspan14,tspan14
25007,tspan15,tspan15
25008,tspan17,tspan17
25009,tspan18a,tspan18a
25010,tspan18b,tspan18b
25011,tspan2a,tspan2a
25012,tspan2b,tspan2b
25013,tspan31,tspan31
25014,tspan33a,tspan33a
25015,tspan33b,tspan33b
25016,tspan34,tspan34
25017,tspan35,tspan35
25018,tspan36,tspan36
25019,tspan37,tspan37
25020,tspan3a,tspan3a
25021,tspan3b,tspan3b
25022,tspan4a,tspan4a
25023,tspan4b,tspan4b
25024,tspan5b,tspan5b
25025,tspan7,tspan7
25026,tspan7b,tspan7b
25027,tspan9a,tspan9a
25028,tspan9b,tspan9b
25029,tspeara,tspeara
25030,tspearb,tspearb
25031,tspo,tspo
25032,tspoap1,tspoap1
25033,tspy,tspy
25034,tsr1,tsr1
25035,tsr2,tsr2
25036,tsr3,tsr3
25037,tssc4,tssc4
25038,tssk6,tssk6
25039,TST,TST
25040,tsta3,tsta3
25042,TSTD1,TSTD1
25043,ttbk1a,ttbk1a
25044,ttbk1b,ttbk1b
25045,ttbk2a,ttbk2a
25046,ttbk2b,ttbk2b
25047,ttc1,ttc1
25048,ttc12,ttc12
25049,ttc13,ttc13
25050,ttc14,ttc14
25051,ttc16,ttc16
25052,ttc17,ttc17
25053,ttc19,ttc19
25054,ttc21b,ttc21b
25055,ttc22,ttc22
25056,ttc23,ttc23
25057,ttc25,ttc25
25058,ttc26,ttc26
25059,ttc27,ttc27
25060,TTC28,TTC28
25061,ttc29,ttc29
25062,ttc3,ttc3
25063,ttc32,ttc32
25064,ttc33,ttc33
25065,ttc34,ttc34
25066,ttc36,ttc36
25067,ttc37,ttc37
25068,ttc38,ttc38
25069,ttc39a,ttc39a
25070,ttc39b,ttc39b
25071,ttc39c,ttc39c
25072,ttc4,ttc4
25073,ttc41,ttc41
25074,ttc5,ttc5
25075,ttc6,ttc6
25076,ttc7a,ttc7a
25077,ttc7b,ttc7b
25078,TTC9,TTC9
25079,ttc9b,ttc9b
25080,ttc9c,ttc9c
25081,ttf1,ttf1
25082,ttf2,ttf2
25083,tti1,tti1
25084,tti2,tti2
25085,ttk,ttk
25086,ttl,ttl
25087,ttll1,ttll1
25088,ttll10,ttll10
25089,ttll11,ttll11
25090,ttll12,ttll12
25091,ttll2,ttll2
25092,ttll3,ttll3
25093,ttll4,ttll4
25094,ttll5,ttll5
25095,ttll6,ttll6
25096,ttll7,ttll7
25097,ttll9,ttll9
25098,ttn.1,ttn.1
25099,ttn.2,ttn.2
25100,ttpa,ttpa
25101,ttpal,ttpal
25102,ttr,ttr
25103,ttyh1,ttyh1
25104,ttyh2,ttyh2
25105,ttyh3a,ttyh3a
25106,ttyh3b,ttyh3b
25107,tub,tub
25108,tuba1a,tuba1a
25109,tuba1b,tuba1b
25110,tuba1c,tuba1c
25111,tuba2,tuba2
25112,tuba4l,tuba4l
25113,tuba7l,tuba7l
25114,tuba8l,tuba8l
25115,tuba8l2,tuba8l2
25116,tuba8l3,tuba8l3
25117,tuba8l4,tuba8l4
25118,tubb1,tubb1
25119,tubb2,tubb2
25120,tubb2b,tubb2b
25121,tubb4b,tubb4b
25122,tubb5,tubb5
25123,tubb6,tubb6
25124,tubd1,tubd1
25125,tube1,tube1
25126,tubg1,tubg1
25127,tubgcp2,tubgcp2
25128,tubgcp3,tubgcp3
25129,tubgcp4,tubgcp4
25130,tubgcp5,tubgcp5
25131,tufm,tufm
25132,tuft1a,tuft1a
25133,tuft1b,tuft1b
25134,TULP1,TULP1
25135,tulp1a,tulp1a
25136,tulp1b,tulp1b
25137,tulp4a,tulp4a
25138,tulp4b,tulp4b
25139,tusc2a,tusc2a
25140,tusc2b,tusc2b
25141,tusc3,tusc3
25142,tut1,tut1
25143,tut4,tut4
25144,tvp23b,tvp23b
25145,twf1a,twf1a
25146,twf1b,twf1b
25147,twf2a,twf2a
25148,twf2b,twf2b
25149,twist1a,twist1a
25150,twist1b,twist1b
25151,twist2,twist2
25152,twistnb,twistnb
25153,twnk,twnk
25154,twsg1a,twsg1a
25155,twsg1b,twsg1b
25156,txk,txk
25157,txlna,txlna
25158,txlnba,txlnba
25159,txlnbb,txlnbb
25160,txlng,txlng
25161,txn2,txn2
25162,txndc11,txndc11
25163,txndc12,txndc12
25164,txndc15,txndc15
25165,txndc16,txndc16
25166,txndc17,txndc17
25167,txndc9,txndc9
25168,txnipa,txnipa
25169,txnipb,txnipb
25170,txnl1,txnl1
25171,txnl4a,txnl4a
25172,txnl4b,txnl4b
25173,txnrd2.2,txnrd2.2
25174,txnrd3,txnrd3
25175,tyk2,tyk2
25176,tymp,tymp
25177,tyms,tyms
25178,tyr,tyr
25179,tyro3,tyro3
25180,tyrobp,tyrobp
25181,tyrp1a,tyrp1a
25182,tysnd1,tysnd1
25183,tyw1,tyw1
25184,tyw3,tyw3
25185,tyw5,tyw5
25186,u2af1,u2af1
25187,u2af2a,u2af2a
25188,u2af2b,u2af2b
25189,u2surp,u2surp
25190,uacaa,uacaa
25191,uacab,uacab
25192,uap1,uap1
25193,uap1l1,uap1l1
25194,uba1,uba1
25195,uba2,uba2
25196,uba3,uba3
25197,uba5,uba5
25198,uba52,uba52
25199,UBA6,UBA6
25200,uba7,uba7
25201,ubac1,ubac1
25202,ubac2,ubac2
25203,ubald1a,ubald1a
25204,ubald1b,ubald1b
25205,ubald2,ubald2
25206,ubap1,ubap1
25207,ubap1la,ubap1la
25208,ubap2a,ubap2a
25209,ubap2b,ubap2b
25210,ubap2l,ubap2l
25211,ubash3ba,ubash3ba
25212,ubash3bb,ubash3bb
25213,ubb,ubb
25214,ubc,ubc
25215,ube2a,ube2a
25216,ube2al,ube2al
25217,ube2b,ube2b
25218,ube2c,ube2c
25219,ube2d1a,ube2d1a
25220,ube2d1b,ube2d1b
25221,ube2d2,ube2d2
25222,ube2d2l,ube2d2l
25223,ube2d3,ube2d3
25224,ube2d4,ube2d4
25225,ube2e1,ube2e1
25226,ube2e2,ube2e2
25227,ube2e3,ube2e3
25228,ube2f,ube2f
25229,ube2g1a,ube2g1a
25230,ube2g1b,ube2g1b
25231,ube2g2,ube2g2
25232,ube2h,ube2h
25233,ube2ia,ube2ia
25234,ube2ib,ube2ib
25235,ube2j1,ube2j1
25236,ube2j2,ube2j2
25237,ube2ka,ube2ka
25238,ube2kb,ube2kb
25239,ube2l3a,ube2l3a
25240,ube2l3b,ube2l3b
25241,UBE2M,UBE2M
25242,ube2na,ube2na
25243,ube2nb,ube2nb
25244,UBE2O,UBE2O
25245,ube2q1,ube2q1
25246,ube2q2,ube2q2
25247,ube2ql1,ube2ql1
25248,ube2r2,ube2r2
25249,ube2s,ube2s
25250,ube2t,ube2t
25251,ube2v1,ube2v1
25252,ube2v2,ube2v2
25253,ube2w,ube2w
25254,ube2z,ube2z
25255,ube3a,ube3a
25256,ube3b,ube3b
25257,ube3c,ube3c
25258,ube3d,ube3d
25259,ube4a,ube4a
25260,ube4b,ube4b
25261,ubfd1,ubfd1
25262,ubiad1,ubiad1
25263,ubl3a,ubl3a
25264,ubl3b,ubl3b
25265,UBL4A,UBL4A
25266,ubl7a,ubl7a
25267,ubl7b,ubl7b
25268,ubn1,ubn1
25269,ubn2a,ubn2a
25270,ubn2b,ubn2b
25271,ubox5,ubox5
25272,ubp1,ubp1
25273,ubqln4,ubqln4
25274,ubr1,ubr1
25275,ubr2,ubr2
25276,ubr3,ubr3
25277,ubr4,ubr4
25278,ubr5,ubr5
25279,ubr7,ubr7
25280,ubtd1a,ubtd1a
25281,ubtd1b,ubtd1b
25282,ubtd2,ubtd2
25283,ubtf,ubtf
25284,ubtfl,ubtfl
25285,ubxn1,ubxn1
25286,ubxn10,ubxn10
25287,ubxn11,ubxn11
25288,ubxn2a,ubxn2a
25289,ubxn4,ubxn4
25290,ubxn6,ubxn6
25291,ubxn7,ubxn7
25292,ubxn8,ubxn8
25293,uchl1,uchl1
25294,uchl3,uchl3
25295,uchl5,uchl5
25296,uck1,uck1
25297,uck2a,uck2a
25298,uck2b,uck2b
25299,uckl1a,uckl1a
25300,uckl1b,uckl1b
25301,ucmaa,ucmaa
25302,ucn3l,ucn3l
25303,ucp1,ucp1
25304,ucp2,ucp2
25305,ucp3,ucp3
25306,uevld,uevld
25307,ufc1,ufc1
25308,ufd1l,ufd1l
25309,ufl1,ufl1
25310,ufm1,ufm1
25311,ufsp1,ufsp1
25312,ufsp2,ufsp2
25313,ugcg,ugcg
25314,uggt1,uggt1
25315,uggt2,uggt2
25316,ugp2a,ugp2a
25317,ugp2b,ugp2b
25318,ugt1a7,ugt1a7
25319,ugt1b1,ugt1b1
25320,ugt1b5,ugt1b5
25321,ugt1b6p,ugt1b6p
25322,ugt1b7,ugt1b7
25323,ugt2a2,ugt2a2
25324,ugt2a3,ugt2a3
25325,ugt2a5,ugt2a5
25326,ugt2a6,ugt2a6
25327,ugt2a7,ugt2a7
25328,ugt5a1,ugt5a1
25329,ugt5a2,ugt5a2
25330,ugt5a4,ugt5a4
25331,ugt5b1,ugt5b1
25332,ugt5b2,ugt5b2
25333,ugt5b3,ugt5b3
25334,ugt5b4,ugt5b4
25335,ugt5b5,ugt5b5
25336,ugt5c2,ugt5c2
25337,ugt5c3,ugt5c3
25338,ugt5d1,ugt5d1
25339,ugt5e1,ugt5e1
25340,ugt5f1,ugt5f1
25341,ugt5g1,ugt5g1
25342,ugt5g2,ugt5g2
25343,ugt8,ugt8
25344,uhmk1,uhmk1
25345,uhrf1,uhrf1
25346,uhrf1bp1,uhrf1bp1
25347,uhrf1bp1l,uhrf1bp1l
25348,ulk1a,ulk1a
25349,ulk2,ulk2
25350,ulk3,ulk3
25351,ulk4,ulk4
25352,umad1,umad1
25353,umodl1,umodl1
25354,umps,umps
25355,unc119.1,unc119.1
25356,unc119.2,unc119.2
25357,unc119a,unc119a
25358,unc119b,unc119b
25359,UNC13A,UNC13A
25360,UNC13B,UNC13B
25361,unc13ba,unc13ba
25362,unc13c,unc13c
25363,unc13d,unc13d
25364,unc45a,unc45a
25365,unc50,unc50
25366,unc5a,unc5a
25367,unc5b,unc5b
25368,unc5c,unc5c
25369,unc5da,unc5da
25370,unc5db,unc5db
25371,unc80,unc80
25372,unc93a,unc93a
25373,unc93b1,unc93b1
25374,uncx,uncx
25375,uncx4.1,uncx4.1
25376,unga,unga
25377,ungb,ungb
25378,unk,unk
25379,unkl,unkl
25380,unm-hu7910,unm-hu7910
25381,unm-hu7912,unm-hu7912
25382,unm-sa1261,unm-sa1261
25383,unm-sa1614,unm-sa1614
25384,unm-sa808,unm-sa808
25385,unm-sa821,unm-sa821
25386,unm-sa911,unm-sa911
25387,uox,uox
25388,upb1,upb1
25389,upf1,upf1
25390,upf3a,upf3a
25391,upf3b,upf3b
25392,upk1a,upk1a
25393,upk3b,upk3b
25394,upp1,upp1
25395,uprt,uprt
25396,uqcc1,uqcc1
25397,uqcc2,uqcc2
25398,uqcc3,uqcc3
25399,uqcr10,uqcr10
25400,uqcrb,uqcrb
25401,uqcrc1,uqcrc1
25402,uqcrc2a,uqcrc2a
25403,uqcrc2b,uqcrc2b
25404,uqcrfs1,uqcrfs1
25405,uqcrh,uqcrh
25406,uqcrq,uqcrq
25407,urad,urad
25408,uraha,uraha
25409,urahb,urahb
25410,urb1,urb1
25411,urb2,urb2
25412,urgcp,urgcp
25413,uri1,uri1
25414,urm1,urm1
25415,uroc1,uroc1
25416,urod,urod
25417,uros,uros
25418,urp1,urp1
25419,urp2,urp2
25420,usb1,usb1
25421,use1,use1
25422,usf1,usf1
25423,usf1l,usf1l
25424,usf2,usf2
25425,usf3,usf3
25426,ush1c,ush1c
25427,ush1ga,ush1ga
25428,ush1gb,ush1gb
25429,ush2a,ush2a
25430,ushbp1,ushbp1
25431,uso1,uso1
25432,usp1,usp1
25433,usp10,usp10
25434,usp11,usp11
25435,usp12a,usp12a
25436,usp12b,usp12b
25437,usp13,usp13
25438,usp14,usp14
25439,usp16,usp16
25440,usp18,usp18
25441,usp19,usp19
25442,usp20,usp20
25443,usp21,usp21
25444,usp22,usp22
25445,usp24,usp24
25446,usp25,usp25
25447,usp28,usp28
25448,usp2a,usp2a
25449,usp2b,usp2b
25450,usp3,usp3
25451,usp30,usp30
25452,usp31,usp31
25453,usp32,usp32
25454,usp33,usp33
25455,USP34,USP34
25456,usp36,usp36
25457,usp37,usp37
25458,usp38,usp38
25459,usp39,usp39
25460,usp4,usp4
25461,usp40,usp40
25462,usp42,usp42
25463,usp43a,usp43a
25464,usp44,usp44
25465,usp45,usp45
25466,usp46,usp46
25467,usp47,usp47
25468,usp48,usp48
25469,usp49,usp49
25470,usp5,usp5
25471,USP53,USP53
25472,usp53b,usp53b
25473,usp54a,usp54a
25474,usp54b,usp54b
25475,usp6nl,usp6nl
25476,usp7,usp7
25477,usp8,usp8
25478,usp9,usp9
25479,uspl1,uspl1
25480,UST,UST
25481,utp11l,utp11l
25482,UTP14C,UTP14C
25483,utp15,utp15
25484,utp20,utp20
25485,utp23,utp23
25486,utp25,utp25
25487,utp3,utp3
25488,utp4,utp4
25489,utp6,utp6
25490,utrn,utrn
25491,uts1,uts1
25492,uts2b,uts2b
25493,uts2d,uts2d
25494,uvrag,uvrag
25495,uvssa,uvssa
25496,uxs1,uxs1
25497,uxt,uxt
25498,v2ra1,v2ra1
25499,v2ra17,v2ra17
25501,v2rc1,v2rc1
25502,v2rc2,v2rc2
25503,v2rh1,v2rh1
25505,v2rh12,v2rh12
25506,v2rh7,v2rh7
25507,vac14,vac14
25508,valopa,valopa
25509,valopb,valopb
25510,vamp1,vamp1
25511,vamp2,vamp2
25512,vamp3,vamp3
25513,vamp4,vamp4
25514,vamp5,vamp5
25515,vamp8,vamp8
25516,vangl1,vangl1
25517,vangl2,vangl2
25518,vapal,vapal
25519,vapb,vapb
25520,vars,vars
25521,vars2,vars2
25522,VASH1,VASH1
25523,vash2,vash2
25524,vasna,vasna
25525,vasnb,vasnb
25526,vaspa,vaspa
25527,vaspb,vaspb
25528,vat1,vat1
25529,vat1l,vat1l
25530,vav2,vav2
25531,vav3,vav3
25532,vax1,vax1
25533,vbp1,vbp1
25534,vcam1a,vcam1a
25535,vcam1b,vcam1b
25536,vcana,vcana
25537,vcanb,vcanb
25538,vcla,vcla
25539,vclb,vclb
25540,vcp,vcp
25541,vcpip1,vcpip1
25542,vcpkmt,vcpkmt
25543,vdac1,vdac1
25544,vdac2,vdac2
25545,vdac3,vdac3
25546,vdra,vdra
25547,vdrb,vdrb
25548,ved,ved
25549,vegfaa,vegfaa
25550,vegfab,vegfab
25551,vegfba,vegfba
25552,vegfbb,vegfbb
25553,vegfc,vegfc
25554,vegfd,vegfd
25555,vent,vent
25556,veph1,veph1
25557,vezf1a,vezf1a
25558,vezf1b,vezf1b
25559,vezt,vezt
25560,vgf,vgf
25561,vgll2a,vgll2a
25562,vgll2b,vgll2b
25563,vgll3,vgll3
25564,vgll4a,vgll4a
25565,vgll4b,vgll4b
25566,vgll4l,vgll4l
25567,vhl,vhl
25568,vhll,vhll
25569,vil1,vil1
25570,vill,vill
25571,viml,viml
25572,vimr1,vimr1
25573,vimr2,vimr2
25574,vip,vip
25575,vipas39,vipas39
25576,vipb,vipb
25577,vipr1a,vipr1a
25578,vipr1b,vipr1b
25579,vipr2,vipr2
25580,virma,virma
25581,VIT,VIT
25582,vkorc1,vkorc1
25583,vkorc1l1,vkorc1l1
25584,vldlr,vldlr
25585,vma21,vma21
25586,vmac,vmac
25587,vmo1a,vmo1a
25588,vmo1b,vmo1b
25589,vmp1,vmp1
25590,vopp1,vopp1
25591,vox,vox
25592,vps11,vps11
25593,vps13a,vps13a
25594,vps13c,vps13c
25595,vps13d,vps13d
25596,vps16,vps16
25597,vps18,vps18
25598,vps25,vps25
25599,vps26a,vps26a
25600,vps26b,vps26b
25601,vps26bl,vps26bl
25602,vps26c,vps26c
25603,vps28,vps28
25604,vps29,vps29
25605,vps33a,vps33a
25606,vps33b,vps33b
25607,vps35,vps35
25608,vps35l,vps35l
25609,vps36,vps36
25610,vps37a,vps37a
25611,vps37b,vps37b
25612,vps37c,vps37c
25613,vps39,vps39
25614,vps41,vps41
25615,vps45,vps45
25616,vps4a,vps4a
25617,vps4b,vps4b
25618,vps50,vps50
25619,vps51,vps51
25620,vps52,vps52
25621,vps53,vps53
25622,vps54,vps54
25623,vps72a,vps72a
25624,vps72b,vps72b
25625,vps8,vps8
25626,vps9d1,vps9d1
25627,vrk1,vrk1
25628,vrk2,vrk2
25629,vrk3,vrk3
25630,vrtn,vrtn
25631,vsig10,vsig10
25632,vsig10l,vsig10l
25633,vsig10l2,vsig10l2
25634,vsig8a,vsig8a
25635,vsig8b,vsig8b
25636,vsir,vsir
25637,vsnl1a,vsnl1a
25638,vsnl1b,vsnl1b
25639,VSTM2A,VSTM2A
25640,VSTM2B,VSTM2B
25641,vstm2l,vstm2l
25642,vstm4a,vstm4a
25643,vstm4b,vstm4b
25644,vsx1,vsx1
25645,vsx2,vsx2
25646,vta1,vta1
25647,vtcn1,vtcn1
25648,vtg1,vtg1
25649,vtg2,vtg2
25650,vtg3,vtg3
25651,vti1a,vti1a
25652,vti1b,vti1b
25653,vtna,vtna
25654,vtnb,vtnb
25655,vwa1,vwa1
25656,vwa10.1,vwa10.1
25657,vwa10.2,vwa10.2
25658,vwa11,vwa11
25659,vwa2,vwa2
25660,vwa3a,vwa3a
25661,vwa5b1,vwa5b1
25662,vwa5b2,vwa5b2
25663,vwa7,vwa7
25664,vwa8,vwa8
25665,vwde,vwde
25666,vwf,vwf
25667,waca,waca
25668,wacb,wacb
25669,waif2,waif2
25670,wapla,wapla
25671,waplb,waplb
25672,wars,wars
25673,wars2,wars2
25674,wasa,wasa
25675,wasb,wasb
25676,wasf1,wasf1
25677,wasf2,wasf2
25678,wasf3a,wasf3a
25679,wasf3b,wasf3b
25680,wash1,wash1
25681,washc2c,washc2c
25682,washc3,washc3
25683,washc4,washc4
25684,washc5,washc5
25685,wasla,wasla
25686,waslb,waslb
25687,wbp1,wbp1
25688,wbp1la,wbp1la
25689,wbp1lb,wbp1lb
25690,wbp2,wbp2
25691,wbp2nl,wbp2nl
25692,wbp4,wbp4
25693,wdcp,wdcp
25694,wdfy1,wdfy1
25695,wdfy2,wdfy2
25696,wdfy3,wdfy3
25697,wdfy4,wdfy4
25698,wdhd1,wdhd1
25699,wdpcp,wdpcp
25700,wdr1,wdr1
25701,wdr11,wdr11
25702,wdr12,wdr12
25703,wdr13,wdr13
25704,wdr17,wdr17
25705,wdr18,wdr18
25706,wdr19,wdr19
25707,wdr20a,wdr20a
25708,wdr20b,wdr20b
25709,wdr24,wdr24
25710,wdr26a,wdr26a
25711,wdr26b,wdr26b
25712,wdr27,wdr27
25713,wdr3,wdr3
25714,WDR31,WDR31
25715,wdr32,wdr32
25716,wdr33,wdr33
25717,wdr34,wdr34
25718,wdr35,wdr35
25719,wdr36,wdr36
25720,wdr37,wdr37
25721,wdr4,wdr4
25722,wdr41,wdr41
25723,wdr43,wdr43
25724,wdr44,wdr44
25725,wdr45,wdr45
25726,wdr45b,wdr45b
25727,wdr46,wdr46
25728,wdr47a,wdr47a
25729,wdr47b,wdr47b
25730,wdr48a,wdr48a
25731,wdr48b,wdr48b
25732,wdr5,wdr5
25733,wdr53,wdr53
25734,wdr54,wdr54
25735,wdr55,wdr55
25736,wdr59,wdr59
25737,wdr6,wdr6
25738,wdr60,wdr60
25739,wdr61,wdr61
25740,wdr62,wdr62
25741,WDR63,WDR63
25742,wdr66,wdr66
25743,WDR7,WDR7
25744,WDR70,WDR70
25745,wdr73,wdr73
25746,wdr74,wdr74
25747,wdr75,wdr75
25748,wdr76,wdr76
25749,wdr78,wdr78
25750,wdr81,wdr81
25751,wdr82,wdr82
25752,wdr83,wdr83
25753,wdr83os,wdr83os
25754,wdr89,wdr89
25755,wdr90,wdr90
25756,wdr91,wdr91
25757,wdr92,wdr92
25758,wdr93,wdr93
25759,wdr95,wdr95
25760,wdsub1,wdsub1
25761,wdtc1,wdtc1
25762,wdyhv1,wdyhv1
25763,wee1,wee1
25764,wee2,wee2
25765,wfdc1,wfdc1
25766,wfdc2,wfdc2
25767,wfikkn1,wfikkn1
25768,wfikkn2a,wfikkn2a
25769,wfikkn2b,wfikkn2b
25770,wfs1a,wfs1a
25771,wfs1b,wfs1b
25772,whrna,whrna
25773,whrnb,whrnb
25774,wif1,wif1
25775,wipf1a,wipf1a
25776,wipf1b,wipf1b
25777,wipf2a,wipf2a
25778,wipf2b,wipf2b
25779,wipi1,wipi1
25780,wipi2,wipi2
25781,wisp1b,wisp1b
25782,wisp2,wisp2
25783,wisp3,wisp3
25784,wls,wls
25785,wnk1a,wnk1a
25786,wnk1b,wnk1b
25787,wnk2,wnk2
25788,wnk4b,wnk4b
25789,wnt1,wnt1
25790,wnt10a,wnt10a
25791,wnt10b,wnt10b
25792,wnt11f2,wnt11f2
25793,wnt11r,wnt11r
25794,wnt16,wnt16
25795,wnt2,wnt2
25796,wnt2ba,wnt2ba
25797,wnt2bb,wnt2bb
25798,wnt3,wnt3
25799,wnt3a,wnt3a
25800,wnt5a,wnt5a
25801,wnt5b,wnt5b
25802,wnt6a,wnt6a
25803,wnt6b,wnt6b
25804,wnt7aa,wnt7aa
25805,wnt7ab,wnt7ab
25806,wnt7ba,wnt7ba
25807,wnt7bb,wnt7bb
25808,wnt8b,wnt8b
25809,wnt9a,wnt9a
25810,wnt9b,wnt9b
25811,wrap53,wrap53
25812,wrap73,wrap73
25813,wrb,wrb
25814,wrn,wrn
25815,wrnip1,wrnip1
25816,wsb1,wsb1
25817,wsb2,wsb2
25818,WSCD1,WSCD1
25819,wscd1b,wscd1b
25820,wscd2,wscd2
25821,wt1a,wt1a
25822,wt1b,wt1b
25823,wtap,wtap
25824,wtip,wtip
25825,wu:fa03e10,wufa03e10
25826,wu:fa05b01,wufa05b01
25827,wu:fa19b12,wufa19b12
25828,wu:fa56d06,wufa56d06
25829,wu:fb05h10,wufb05h10
25830,wu:fb16f03,wufb16f03
25831,wu:fb18f06,wufb18f06
25832,wu:fb55g09,wufb55g09
25833,wu:fb59d01,wufb59d01
25834,wu:fb63a08,wufb63a08
25835,wu:fb64b08,wufb64b08
25836,wu:fb74b10,wufb74b10
25837,wu:fb97g03,wufb97g03
25838,wu:fc01d11,wufc01d11
25839,wu:fc17b08,wufc17b08
25840,wu:fc21g02,wufc21g02
25841,wu:fc23c09,wufc23c09
25842,wu:fc27b11,wufc27b11
25843,wu:fc30c06,wufc30c06
25844,wu:fc38h03,wufc38h03
25845,wu:fc75a09,wufc75a09
25846,wu:fe05a04,wufe05a04
25847,wu:fe17e08,wufe17e08
25848,wu:fi04e12,wufi04e12
25849,wu:fi34b01,wufi34b01
25850,wu:fi36c02,wufi36c02
25851,wu:fi37e09,wufi37e09
25852,wu:fi42e03,wufi42e03
25853,wu:fi46h04,wufi46h04
25854,wu:fi75a02,wufi75a02
25855,wu:fj05g07,wufj05g07
25856,wu:fj11g02,wufj11g02
25857,wu:fj13e08,wufj13e08
25858,wu:fj16a03,wufj16a03
25859,wu:fj19g03,wufj19g03
25860,wu:fj29h11,wufj29h11
25861,wu:fj39g12,wufj39g12
25862,wu:fj49a02,wufj49a02
25863,wu:fj64h06,wufj64h06
25864,wu:fk65c09,wufk65c09
25865,wu:fu71h07,wufu71h07
25866,wwc1,wwc1
25867,wwc3,wwc3
25868,wwox,wwox
25869,wwp1,wwp1
25870,wwp2,wwp2
25871,wwtr1,wwtr1
25872,xab2,xab2
25873,xaf1,xaf1
25874,xbp1,xbp1
25875,xcl32a.1,xcl32a.1
25876,xcr1a.1,xcr1a.1
25877,xdh,xdh
25878,xgb,xgb
25879,xiap,xiap
25880,xirp1,xirp1
25881,xirp2a,xirp2a
25882,xirp2b,xirp2b
25883,xk,xk
25884,XKR4,XKR4
25885,xkr5a,xkr5a
25886,xkr5b,xkr5b
25887,xkr6a,xkr6a
25888,xkr6b,xkr6b
25889,xkr7,xkr7
25890,xkr8.2,xkr8.2
25891,xkr8.3,xkr8.3
25892,xkr9,xkr9
25893,xkrx,xkrx
25894,XLOC-000086,XLOC-000086
25895,XLOC-000210,XLOC-000210
25896,XLOC-000293,XLOC-000293
25897,XLOC-000322,XLOC-000322
25898,XLOC-000324,XLOC-000324
25899,XLOC-000326,XLOC-000326
25900,XLOC-000339,XLOC-000339
25901,XLOC-000341,XLOC-000341
25902,XLOC-000342,XLOC-000342
25903,XLOC-000367,XLOC-000367
25904,XLOC-000380,XLOC-000380
25905,XLOC-000431,XLOC-000431
25906,XLOC-000439,XLOC-000439
25907,XLOC-000449,XLOC-000449
25908,XLOC-000490,XLOC-000490
25909,XLOC-000527,XLOC-000527
25910,XLOC-000597,XLOC-000597
25911,XLOC-000598,XLOC-000598
25912,XLOC-000666,XLOC-000666
25913,XLOC-000667,XLOC-000667
25914,XLOC-000879,XLOC-000879
25915,XLOC-000910,XLOC-000910
25916,XLOC-000936,XLOC-000936
25917,XLOC-000941,XLOC-000941
25918,XLOC-000946,XLOC-000946
25919,XLOC-000947,XLOC-000947
25920,XLOC-001102,XLOC-001102
25921,XLOC-001113,XLOC-001113
25922,XLOC-001115,XLOC-001115
25923,XLOC-001155,XLOC-001155
25924,XLOC-001247,XLOC-001247
25925,XLOC-001283,XLOC-001283
25926,XLOC-001294,XLOC-001294
25927,XLOC-001298,XLOC-001298
25928,XLOC-001318,XLOC-001318
25929,XLOC-001352,XLOC-001352
25930,XLOC-001364,XLOC-001364
25931,XLOC-001374,XLOC-001374
25932,XLOC-001375,XLOC-001375
25933,XLOC-001430,XLOC-001430
25934,XLOC-001437,XLOC-001437
25935,XLOC-001482,XLOC-001482
25936,XLOC-001600,XLOC-001600
25937,XLOC-001601,XLOC-001601
25938,XLOC-001602,XLOC-001602
25939,XLOC-001603,XLOC-001603
25940,XLOC-001638,XLOC-001638
25941,XLOC-001639,XLOC-001639
25942,XLOC-001683,XLOC-001683
25943,XLOC-001707,XLOC-001707
25944,XLOC-001742,XLOC-001742
25945,XLOC-001767,XLOC-001767
25946,XLOC-001835,XLOC-001835
25947,XLOC-001964,XLOC-001964
25948,XLOC-001974,XLOC-001974
25949,XLOC-001975,XLOC-001975
25950,XLOC-001992,XLOC-001992
25951,XLOC-002129,XLOC-002129
25952,XLOC-002188,XLOC-002188
25953,XLOC-002207,XLOC-002207
25954,XLOC-002233,XLOC-002233
25955,XLOC-002238,XLOC-002238
25956,XLOC-002305,XLOC-002305
25957,XLOC-002408,XLOC-002408
25958,XLOC-002411,XLOC-002411
25959,XLOC-002422,XLOC-002422
25960,XLOC-002452,XLOC-002452
25961,XLOC-002521,XLOC-002521
25962,XLOC-002533,XLOC-002533
25963,XLOC-002539,XLOC-002539
25964,XLOC-002540,XLOC-002540
25965,XLOC-002555,XLOC-002555
25966,XLOC-002557,XLOC-002557
25967,XLOC-002610,XLOC-002610
25968,XLOC-002618,XLOC-002618
25969,XLOC-002638,XLOC-002638
25970,XLOC-002640,XLOC-002640
25971,XLOC-002654,XLOC-002654
25972,XLOC-002665,XLOC-002665
25973,XLOC-002671,XLOC-002671
25974,XLOC-002688,XLOC-002688
25975,XLOC-002710,XLOC-002710
25976,XLOC-002763,XLOC-002763
25977,XLOC-002816,XLOC-002816
25978,XLOC-002869,XLOC-002869
25979,XLOC-002952,XLOC-002952
25980,XLOC-003052,XLOC-003052
25981,XLOC-003053,XLOC-003053
25982,XLOC-003075,XLOC-003075
25983,XLOC-003082,XLOC-003082
25984,XLOC-003084,XLOC-003084
25985,XLOC-003136,XLOC-003136
25986,XLOC-003138,XLOC-003138
25987,XLOC-003147,XLOC-003147
25988,XLOC-003357,XLOC-003357
25989,XLOC-003375,XLOC-003375
25990,XLOC-003395,XLOC-003395
25991,XLOC-003396,XLOC-003396
25992,XLOC-003453,XLOC-003453
25993,XLOC-003548,XLOC-003548
25994,XLOC-003625,XLOC-003625
25995,XLOC-003642,XLOC-003642
25996,XLOC-003678,XLOC-003678
25997,XLOC-003685,XLOC-003685
25998,XLOC-003689,XLOC-003689
25999,XLOC-003690,XLOC-003690
26000,XLOC-003692,XLOC-003692
26001,XLOC-003718,XLOC-003718
26002,XLOC-003903,XLOC-003903
26003,XLOC-003984,XLOC-003984
26004,XLOC-004006,XLOC-004006
26005,XLOC-004014,XLOC-004014
26006,XLOC-004016,XLOC-004016
26007,XLOC-004018,XLOC-004018
26008,XLOC-004036,XLOC-004036
26009,XLOC-004037,XLOC-004037
26010,XLOC-004075,XLOC-004075
26011,XLOC-004081,XLOC-004081
26012,XLOC-004189,XLOC-004189
26013,XLOC-004195,XLOC-004195
26014,XLOC-004280,XLOC-004280
26015,XLOC-004335,XLOC-004335
26016,XLOC-004357,XLOC-004357
26017,XLOC-004390,XLOC-004390
26018,XLOC-004407,XLOC-004407
26019,XLOC-004408,XLOC-004408
26020,XLOC-004482,XLOC-004482
26021,XLOC-004483,XLOC-004483
26022,XLOC-004519,XLOC-004519
26023,XLOC-004546,XLOC-004546
26024,XLOC-004547,XLOC-004547
26025,XLOC-004556,XLOC-004556
26026,XLOC-004567,XLOC-004567
26027,XLOC-004568,XLOC-004568
26028,XLOC-004589,XLOC-004589
26029,XLOC-004644,XLOC-004644
26030,XLOC-004652,XLOC-004652
26031,XLOC-004668,XLOC-004668
26032,XLOC-004681,XLOC-004681
26033,XLOC-004682,XLOC-004682
26034,XLOC-004729,XLOC-004729
26035,XLOC-004796,XLOC-004796
26036,XLOC-004843,XLOC-004843
26037,XLOC-004872,XLOC-004872
26038,XLOC-004886,XLOC-004886
26039,XLOC-004932,XLOC-004932
26040,XLOC-004936,XLOC-004936
26041,XLOC-004944,XLOC-004944
26042,XLOC-004959,XLOC-004959
26043,XLOC-004987,XLOC-004987
26044,XLOC-004991,XLOC-004991
26045,XLOC-004994,XLOC-004994
26046,XLOC-004998,XLOC-004998
26047,XLOC-005048,XLOC-005048
26048,XLOC-005083,XLOC-005083
26049,XLOC-005124,XLOC-005124
26050,XLOC-005140,XLOC-005140
26051,XLOC-005179,XLOC-005179
26052,XLOC-005199,XLOC-005199
26053,XLOC-005215,XLOC-005215
26054,XLOC-005216,XLOC-005216
26055,XLOC-005257,XLOC-005257
26056,XLOC-005272,XLOC-005272
26057,XLOC-005276,XLOC-005276
26058,XLOC-005294,XLOC-005294
26059,XLOC-005350,XLOC-005350
26060,XLOC-005357,XLOC-005357
26061,XLOC-005432,XLOC-005432
26062,XLOC-005442,XLOC-005442
26063,XLOC-005580,XLOC-005580
26064,XLOC-005605,XLOC-005605
26065,XLOC-005612,XLOC-005612
26066,XLOC-005615,XLOC-005615
26067,XLOC-005677,XLOC-005677
26068,XLOC-005726,XLOC-005726
26069,XLOC-005727,XLOC-005727
26070,XLOC-005769,XLOC-005769
26071,XLOC-005779,XLOC-005779
26072,XLOC-005794,XLOC-005794
26073,XLOC-005865,XLOC-005865
26074,XLOC-005893,XLOC-005893
26075,XLOC-005894,XLOC-005894
26076,XLOC-005905,XLOC-005905
26077,XLOC-005982,XLOC-005982
26078,XLOC-005983,XLOC-005983
26079,XLOC-006152,XLOC-006152
26080,XLOC-006197,XLOC-006197
26081,XLOC-006258,XLOC-006258
26082,XLOC-006268,XLOC-006268
26083,XLOC-006273,XLOC-006273
26084,XLOC-006282,XLOC-006282
26085,XLOC-006295,XLOC-006295
26086,XLOC-006316,XLOC-006316
26087,XLOC-006319,XLOC-006319
26088,XLOC-006330,XLOC-006330
26089,XLOC-006345,XLOC-006345
26090,XLOC-006367,XLOC-006367
26091,XLOC-006508,XLOC-006508
26092,XLOC-006515,XLOC-006515
26093,XLOC-006525,XLOC-006525
26094,XLOC-006561,XLOC-006561
26095,XLOC-006573,XLOC-006573
26096,XLOC-006609,XLOC-006609
26097,XLOC-006630,XLOC-006630
26098,XLOC-006820,XLOC-006820
26099,XLOC-006824,XLOC-006824
26100,XLOC-006827,XLOC-006827
26101,XLOC-006868,XLOC-006868
26102,XLOC-006988,XLOC-006988
26103,XLOC-006989,XLOC-006989
26104,XLOC-007006,XLOC-007006
26105,XLOC-007007,XLOC-007007
26106,XLOC-007078,XLOC-007078
26107,XLOC-007138,XLOC-007138
26108,XLOC-007141,XLOC-007141
26109,XLOC-007145,XLOC-007145
26110,XLOC-007146,XLOC-007146
26111,XLOC-007147,XLOC-007147
26112,XLOC-007169,XLOC-007169
26113,XLOC-007193,XLOC-007193
26114,XLOC-007195,XLOC-007195
26115,XLOC-007199,XLOC-007199
26116,XLOC-007224,XLOC-007224
26117,XLOC-007225,XLOC-007225
26118,XLOC-007238,XLOC-007238
26119,XLOC-007245,XLOC-007245
26120,XLOC-007246,XLOC-007246
26121,XLOC-007275,XLOC-007275
26122,XLOC-007299,XLOC-007299
26123,XLOC-007300,XLOC-007300
26124,XLOC-007364,XLOC-007364
26125,XLOC-007466,XLOC-007466
26126,XLOC-007488,XLOC-007488
26127,XLOC-007509,XLOC-007509
26128,XLOC-007518,XLOC-007518
26129,XLOC-007520,XLOC-007520
26130,XLOC-007524,XLOC-007524
26131,XLOC-007530,XLOC-007530
26132,XLOC-007541,XLOC-007541
26133,XLOC-007556,XLOC-007556
26134,XLOC-007662,XLOC-007662
26135,XLOC-007663,XLOC-007663
26136,XLOC-007664,XLOC-007664
26137,XLOC-007665,XLOC-007665
26138,XLOC-007704,XLOC-007704
26139,XLOC-007706,XLOC-007706
26140,XLOC-007707,XLOC-007707
26141,XLOC-007709,XLOC-007709
26142,XLOC-007711,XLOC-007711
26143,XLOC-007715,XLOC-007715
26144,XLOC-007764,XLOC-007764
26145,XLOC-007768,XLOC-007768
26146,XLOC-007771,XLOC-007771
26147,XLOC-007853,XLOC-007853
26148,XLOC-007906,XLOC-007906
26149,XLOC-007977,XLOC-007977
26150,XLOC-008016,XLOC-008016
26151,XLOC-008029,XLOC-008029
26152,XLOC-008086,XLOC-008086
26153,XLOC-008101,XLOC-008101
26154,XLOC-008110,XLOC-008110
26155,XLOC-008119,XLOC-008119
26156,XLOC-008184,XLOC-008184
26157,XLOC-008185,XLOC-008185
26158,XLOC-008202,XLOC-008202
26159,XLOC-008233,XLOC-008233
26160,XLOC-008269,XLOC-008269
26161,XLOC-008303,XLOC-008303
26162,XLOC-008367,XLOC-008367
26163,XLOC-008391,XLOC-008391
26164,XLOC-008420,XLOC-008420
26165,XLOC-008475,XLOC-008475
26166,XLOC-008494,XLOC-008494
26167,XLOC-008507,XLOC-008507
26168,XLOC-008601,XLOC-008601
26169,XLOC-008602,XLOC-008602
26170,XLOC-008680,XLOC-008680
26171,XLOC-008693,XLOC-008693
26172,XLOC-008708,XLOC-008708
26173,XLOC-008734,XLOC-008734
26174,XLOC-008781,XLOC-008781
26175,XLOC-008804,XLOC-008804
26176,XLOC-008823,XLOC-008823
26177,XLOC-008912,XLOC-008912
26178,XLOC-008935,XLOC-008935
26179,XLOC-008993,XLOC-008993
26180,XLOC-009121,XLOC-009121
26181,XLOC-009257,XLOC-009257
26182,XLOC-009496,XLOC-009496
26183,XLOC-009525,XLOC-009525
26184,XLOC-009527,XLOC-009527
26185,XLOC-009548,XLOC-009548
26186,XLOC-009550,XLOC-009550
26187,XLOC-009557,XLOC-009557
26188,XLOC-009562,XLOC-009562
26189,XLOC-009608,XLOC-009608
26190,XLOC-009622,XLOC-009622
26191,XLOC-009629,XLOC-009629
26192,XLOC-009640,XLOC-009640
26193,XLOC-009781,XLOC-009781
26194,XLOC-009783,XLOC-009783
26195,XLOC-009784,XLOC-009784
26196,XLOC-009785,XLOC-009785
26197,XLOC-009786,XLOC-009786
26198,XLOC-009787,XLOC-009787
26199,XLOC-009807,XLOC-009807
26200,XLOC-009815,XLOC-009815
26201,XLOC-009819,XLOC-009819
26202,XLOC-009823,XLOC-009823
26203,XLOC-009862,XLOC-009862
26204,XLOC-009917,XLOC-009917
26205,XLOC-009918,XLOC-009918
26206,XLOC-009919,XLOC-009919
26207,XLOC-009948,XLOC-009948
26208,XLOC-009967,XLOC-009967
26209,XLOC-010012,XLOC-010012
26210,XLOC-010030,XLOC-010030
26211,XLOC-010033,XLOC-010033
26212,XLOC-010093,XLOC-010093
26213,XLOC-010131,XLOC-010131
26214,XLOC-010184,XLOC-010184
26215,XLOC-010242,XLOC-010242
26216,XLOC-010247,XLOC-010247
26217,XLOC-010286,XLOC-010286
26218,XLOC-010289,XLOC-010289
26219,XLOC-010328,XLOC-010328
26220,XLOC-010337,XLOC-010337
26221,XLOC-010379,XLOC-010379
26222,XLOC-010435,XLOC-010435
26223,XLOC-010458,XLOC-010458
26224,XLOC-010543,XLOC-010543
26225,XLOC-010544,XLOC-010544
26226,XLOC-010548,XLOC-010548
26227,XLOC-010592,XLOC-010592
26228,XLOC-010593,XLOC-010593
26229,XLOC-010723,XLOC-010723
26230,XLOC-010731,XLOC-010731
26231,XLOC-010795,XLOC-010795
26232,XLOC-010875,XLOC-010875
26233,XLOC-010897,XLOC-010897
26234,XLOC-010898,XLOC-010898
26235,XLOC-010899,XLOC-010899
26236,XLOC-010908,XLOC-010908
26237,XLOC-011020,XLOC-011020
26238,XLOC-011085,XLOC-011085
26239,XLOC-011092,XLOC-011092
26240,XLOC-011107,XLOC-011107
26241,XLOC-011121,XLOC-011121
26242,XLOC-011126,XLOC-011126
26243,XLOC-011133,XLOC-011133
26244,XLOC-011153,XLOC-011153
26245,XLOC-011160,XLOC-011160
26246,XLOC-011190,XLOC-011190
26247,XLOC-011211,XLOC-011211
26248,XLOC-011266,XLOC-011266
26249,XLOC-011272,XLOC-011272
26250,XLOC-011414,XLOC-011414
26251,XLOC-011415,XLOC-011415
26252,XLOC-011416,XLOC-011416
26253,XLOC-011417,XLOC-011417
26254,XLOC-011450,XLOC-011450
26255,XLOC-011522,XLOC-011522
26256,XLOC-011600,XLOC-011600
26257,XLOC-011673,XLOC-011673
26258,XLOC-011687,XLOC-011687
26260,XLOC-011709,XLOC-011709
26261,XLOC-011723,XLOC-011723
26262,XLOC-011738,XLOC-011738
26263,XLOC-011780,XLOC-011780
26264,XLOC-011835,XLOC-011835
26265,XLOC-011850,XLOC-011850
26266,XLOC-011871,XLOC-011871
26267,XLOC-011873,XLOC-011873
26268,XLOC-011878,XLOC-011878
26269,XLOC-011900,XLOC-011900
26270,XLOC-011909,XLOC-011909
26271,XLOC-011916,XLOC-011916
26272,XLOC-011926,XLOC-011926
26273,XLOC-011941,XLOC-011941
26274,XLOC-011949,XLOC-011949
26275,XLOC-011956,XLOC-011956
26276,XLOC-011976,XLOC-011976
26277,XLOC-012207,XLOC-012207
26278,XLOC-012358,XLOC-012358
26279,XLOC-012390,XLOC-012390
26280,XLOC-012410,XLOC-012410
26281,XLOC-012418,XLOC-012418
26282,XLOC-012502,XLOC-012502
26283,XLOC-012561,XLOC-012561
26284,XLOC-012571,XLOC-012571
26285,XLOC-012572,XLOC-012572
26286,XLOC-012652,XLOC-012652
26287,XLOC-012657,XLOC-012657
26288,XLOC-012680,XLOC-012680
26289,XLOC-012729,XLOC-012729
26290,XLOC-012749,XLOC-012749
26291,XLOC-012761,XLOC-012761
26292,XLOC-012772,XLOC-012772
26293,XLOC-012846,XLOC-012846
26294,XLOC-012926,XLOC-012926
26295,XLOC-012946,XLOC-012946
26296,XLOC-012995,XLOC-012995
26297,XLOC-013005,XLOC-013005
26298,XLOC-013061,XLOC-013061
26299,XLOC-013065,XLOC-013065
26300,XLOC-013081,XLOC-013081
26301,XLOC-013086,XLOC-013086
26302,XLOC-013106,XLOC-013106
26303,XLOC-013129,XLOC-013129
26304,XLOC-013149,XLOC-013149
26305,XLOC-013197,XLOC-013197
26306,XLOC-013212,XLOC-013212
26307,XLOC-013219,XLOC-013219
26308,XLOC-013240,XLOC-013240
26309,XLOC-013294,XLOC-013294
26310,XLOC-013311,XLOC-013311
26311,XLOC-013326,XLOC-013326
26312,XLOC-013339,XLOC-013339
26313,XLOC-013344,XLOC-013344
26314,XLOC-013439,XLOC-013439
26315,XLOC-013497,XLOC-013497
26316,XLOC-013608,XLOC-013608
26317,XLOC-013609,XLOC-013609
26318,XLOC-013624,XLOC-013624
26319,XLOC-013628,XLOC-013628
26320,XLOC-013632,XLOC-013632
26321,XLOC-013634,XLOC-013634
26322,XLOC-013646,XLOC-013646
26323,XLOC-013689,XLOC-013689
26325,XLOC-013744,XLOC-013744
26326,XLOC-013776,XLOC-013776
26327,XLOC-013854,XLOC-013854
26328,XLOC-013920,XLOC-013920
26329,XLOC-013964,XLOC-013964
26330,XLOC-014032,XLOC-014032
26331,XLOC-014033,XLOC-014033
26332,XLOC-014039,XLOC-014039
26333,XLOC-014080,XLOC-014080
26334,XLOC-014146,XLOC-014146
26335,XLOC-014147,XLOC-014147
26336,XLOC-014155,XLOC-014155
26337,XLOC-014175,XLOC-014175
26338,XLOC-014186,XLOC-014186
26339,XLOC-014188,XLOC-014188
26340,XLOC-014193,XLOC-014193
26341,XLOC-014336,XLOC-014336
26342,XLOC-014349,XLOC-014349
26343,XLOC-014378,XLOC-014378
26344,XLOC-014397,XLOC-014397
26345,XLOC-014398,XLOC-014398
26346,XLOC-014427,XLOC-014427
26347,XLOC-014466,XLOC-014466
26348,XLOC-014477,XLOC-014477
26349,XLOC-014485,XLOC-014485
26350,XLOC-014486,XLOC-014486
26351,XLOC-014488,XLOC-014488
26352,XLOC-014490,XLOC-014490
26353,XLOC-014532,XLOC-014532
26354,XLOC-014585,XLOC-014585
26355,XLOC-014659,XLOC-014659
26356,XLOC-014732,XLOC-014732
26357,XLOC-014733,XLOC-014733
26358,XLOC-014736,XLOC-014736
26359,XLOC-014747,XLOC-014747
26360,XLOC-014749,XLOC-014749
26361,XLOC-014755,XLOC-014755
26362,XLOC-014767,XLOC-014767
26363,XLOC-014769,XLOC-014769
26364,XLOC-014770,XLOC-014770
26365,XLOC-014774,XLOC-014774
26366,XLOC-014778,XLOC-014778
26367,XLOC-014782,XLOC-014782
26368,XLOC-014787,XLOC-014787
26369,XLOC-014827,XLOC-014827
26370,XLOC-014840,XLOC-014840
26371,XLOC-014851,XLOC-014851
26372,XLOC-014886,XLOC-014886
26373,XLOC-014889,XLOC-014889
26374,XLOC-014924,XLOC-014924
26375,XLOC-014955,XLOC-014955
26376,XLOC-014956,XLOC-014956
26377,XLOC-014974,XLOC-014974
26378,XLOC-015089,XLOC-015089
26379,XLOC-015093,XLOC-015093
26380,XLOC-015209,XLOC-015209
26381,XLOC-015238,XLOC-015238
26382,XLOC-015256,XLOC-015256
26383,XLOC-015260,XLOC-015260
26384,XLOC-015268,XLOC-015268
26385,XLOC-015291,XLOC-015291
26386,XLOC-015374,XLOC-015374
26387,XLOC-015407,XLOC-015407
26388,XLOC-015411,XLOC-015411
26389,XLOC-015424,XLOC-015424
26390,XLOC-015426,XLOC-015426
26391,XLOC-015429,XLOC-015429
26392,XLOC-015432,XLOC-015432
26393,XLOC-015433,XLOC-015433
26394,XLOC-015437,XLOC-015437
26395,XLOC-015445,XLOC-015445
26396,XLOC-015447,XLOC-015447
26397,XLOC-015449,XLOC-015449
26398,XLOC-015452,XLOC-015452
26399,XLOC-015481,XLOC-015481
26401,XLOC-015643,XLOC-015643
26402,XLOC-015741,XLOC-015741
26403,XLOC-015765,XLOC-015765
26404,XLOC-015908,XLOC-015908
26405,XLOC-015922,XLOC-015922
26406,XLOC-015934,XLOC-015934
26407,XLOC-016004,XLOC-016004
26408,XLOC-016006,XLOC-016006
26409,XLOC-016022,XLOC-016022
26410,XLOC-016042,XLOC-016042
26411,XLOC-016045,XLOC-016045
26412,XLOC-016049,XLOC-016049
26413,XLOC-016089,XLOC-016089
26414,XLOC-016094,XLOC-016094
26415,XLOC-016096,XLOC-016096
26416,XLOC-016099,XLOC-016099
26417,XLOC-016167,XLOC-016167
26418,XLOC-016168,XLOC-016168
26419,XLOC-016178,XLOC-016178
26420,XLOC-016197,XLOC-016197
26421,XLOC-016198,XLOC-016198
26422,XLOC-016203,XLOC-016203
26423,XLOC-016325,XLOC-016325
26424,XLOC-016343,XLOC-016343
26425,XLOC-016403,XLOC-016403
26426,XLOC-016411,XLOC-016411
26427,XLOC-016428,XLOC-016428
26428,XLOC-016430,XLOC-016430
26429,XLOC-016432,XLOC-016432
26430,XLOC-016463,XLOC-016463
26431,XLOC-016511,XLOC-016511
26432,XLOC-016512,XLOC-016512
26433,XLOC-016518,XLOC-016518
26434,XLOC-016546,XLOC-016546
26435,XLOC-016559,XLOC-016559
26436,XLOC-016582,XLOC-016582
26437,XLOC-016778,XLOC-016778
26438,XLOC-016788,XLOC-016788
26439,XLOC-016798,XLOC-016798
26440,XLOC-016803,XLOC-016803
26441,XLOC-016822,XLOC-016822
26442,XLOC-016838,XLOC-016838
26443,XLOC-016856,XLOC-016856
26444,XLOC-016965,XLOC-016965
26445,XLOC-017014,XLOC-017014
26446,XLOC-017021,XLOC-017021
26447,XLOC-017060,XLOC-017060
26448,XLOC-017089,XLOC-017089
26449,XLOC-017111,XLOC-017111
26450,XLOC-017114,XLOC-017114
26451,XLOC-017132,XLOC-017132
26452,XLOC-017135,XLOC-017135
26453,XLOC-017188,XLOC-017188
26454,XLOC-017191,XLOC-017191
26455,XLOC-017216,XLOC-017216
26456,XLOC-017226,XLOC-017226
26457,XLOC-017229,XLOC-017229
26458,XLOC-017322,XLOC-017322
26459,XLOC-017410,XLOC-017410
26460,XLOC-017414,XLOC-017414
26461,XLOC-017416,XLOC-017416
26462,XLOC-017423,XLOC-017423
26463,XLOC-017459,XLOC-017459
26464,XLOC-017471,XLOC-017471
26465,XLOC-017482,XLOC-017482
26466,XLOC-017492,XLOC-017492
26467,XLOC-017499,XLOC-017499
26468,XLOC-017534,XLOC-017534
26469,XLOC-017564,XLOC-017564
26470,XLOC-017738,XLOC-017738
26471,XLOC-017837,XLOC-017837
26472,XLOC-017847,XLOC-017847
26473,XLOC-017895,XLOC-017895
26474,XLOC-017914,XLOC-017914
26475,XLOC-018054,XLOC-018054
26476,XLOC-018061,XLOC-018061
26477,XLOC-018082,XLOC-018082
26478,XLOC-018083,XLOC-018083
26479,XLOC-018084,XLOC-018084
26480,XLOC-018110,XLOC-018110
26481,XLOC-018182,XLOC-018182
26482,XLOC-018188,XLOC-018188
26483,XLOC-018221,XLOC-018221
26484,XLOC-018328,XLOC-018328
26485,XLOC-018342,XLOC-018342
26486,XLOC-018343,XLOC-018343
26487,XLOC-018346,XLOC-018346
26488,XLOC-018356,XLOC-018356
26489,XLOC-018359,XLOC-018359
26490,XLOC-018363,XLOC-018363
26491,XLOC-018367,XLOC-018367
26492,XLOC-018373,XLOC-018373
26493,XLOC-018384,XLOC-018384
26494,XLOC-018389,XLOC-018389
26495,XLOC-018407,XLOC-018407
26496,XLOC-018429,XLOC-018429
26497,XLOC-018430,XLOC-018430
26498,XLOC-018653,XLOC-018653
26499,XLOC-018654,XLOC-018654
26500,XLOC-018699,XLOC-018699
26501,XLOC-018776,XLOC-018776
26502,XLOC-018876,XLOC-018876
26503,XLOC-018915,XLOC-018915
26504,XLOC-018935,XLOC-018935
26505,XLOC-018953,XLOC-018953
26506,XLOC-018958,XLOC-018958
26507,XLOC-018968,XLOC-018968
26508,XLOC-018977,XLOC-018977
26509,XLOC-018981,XLOC-018981
26510,XLOC-019030,XLOC-019030
26511,XLOC-019038,XLOC-019038
26512,XLOC-019042,XLOC-019042
26513,XLOC-019047,XLOC-019047
26514,XLOC-019059,XLOC-019059
26515,XLOC-019062,XLOC-019062
26516,XLOC-019069,XLOC-019069
26517,XLOC-019096,XLOC-019096
26518,XLOC-019120,XLOC-019120
26519,XLOC-019150,XLOC-019150
26520,XLOC-019549,XLOC-019549
26521,XLOC-019592,XLOC-019592
26522,XLOC-019599,XLOC-019599
26523,XLOC-019613,XLOC-019613
26524,XLOC-019614,XLOC-019614
26525,XLOC-019649,XLOC-019649
26526,XLOC-019653,XLOC-019653
26527,XLOC-019672,XLOC-019672
26528,XLOC-019674,XLOC-019674
26529,XLOC-019696,XLOC-019696
26530,XLOC-019741,XLOC-019741
26531,XLOC-019753,XLOC-019753
26532,XLOC-019772,XLOC-019772
26533,XLOC-019823,XLOC-019823
26534,XLOC-019859,XLOC-019859
26535,XLOC-019866,XLOC-019866
26536,XLOC-019883,XLOC-019883
26537,XLOC-019884,XLOC-019884
26538,XLOC-019901,XLOC-019901
26539,XLOC-019908,XLOC-019908
26540,XLOC-019912,XLOC-019912
26541,XLOC-019975,XLOC-019975
26542,XLOC-020031,XLOC-020031
26543,XLOC-020079,XLOC-020079
26545,XLOC-020099,XLOC-020099
26546,XLOC-020101,XLOC-020101
26547,XLOC-020106,XLOC-020106
26548,XLOC-020170,XLOC-020170
26549,XLOC-020172,XLOC-020172
26550,XLOC-020173,XLOC-020173
26551,XLOC-020174,XLOC-020174
26552,XLOC-020175,XLOC-020175
26553,XLOC-020187,XLOC-020187
26554,XLOC-020232,XLOC-020232
26555,XLOC-020238,XLOC-020238
26556,XLOC-020303,XLOC-020303
26557,XLOC-020304,XLOC-020304
26558,XLOC-020450,XLOC-020450
26559,XLOC-020458,XLOC-020458
26560,XLOC-020459,XLOC-020459
26561,XLOC-020460,XLOC-020460
26562,XLOC-020465,XLOC-020465
26563,XLOC-020480,XLOC-020480
26564,XLOC-020497,XLOC-020497
26565,XLOC-020535,XLOC-020535
26566,XLOC-020556,XLOC-020556
26567,XLOC-020666,XLOC-020666
26568,XLOC-020687,XLOC-020687
26569,XLOC-020692,XLOC-020692
26570,XLOC-020693,XLOC-020693
26571,XLOC-020712,XLOC-020712
26572,XLOC-020714,XLOC-020714
26573,XLOC-020730,XLOC-020730
26574,XLOC-020735,XLOC-020735
26575,XLOC-020797,XLOC-020797
26576,XLOC-020843,XLOC-020843
26577,XLOC-020898,XLOC-020898
26578,XLOC-020906,XLOC-020906
26579,XLOC-020958,XLOC-020958
26580,XLOC-021043,XLOC-021043
26581,XLOC-021140,XLOC-021140
26582,XLOC-021180,XLOC-021180
26583,XLOC-021187,XLOC-021187
26584,XLOC-021212,XLOC-021212
26585,XLOC-021234,XLOC-021234
26586,XLOC-021244,XLOC-021244
26587,XLOC-021254,XLOC-021254
26588,XLOC-021259,XLOC-021259
26589,XLOC-021301,XLOC-021301
26590,XLOC-021306,XLOC-021306
26591,XLOC-021351,XLOC-021351
26592,XLOC-021352,XLOC-021352
26593,XLOC-021361,XLOC-021361
26594,XLOC-021399,XLOC-021399
26595,XLOC-021400,XLOC-021400
26596,XLOC-021406,XLOC-021406
26597,XLOC-021436,XLOC-021436
26598,XLOC-021534,XLOC-021534
26599,XLOC-021582,XLOC-021582
26600,XLOC-021586,XLOC-021586
26601,XLOC-021835,XLOC-021835
26602,XLOC-021866,XLOC-021866
26603,XLOC-021867,XLOC-021867
26604,XLOC-021896,XLOC-021896
26605,XLOC-021899,XLOC-021899
26606,XLOC-021942,XLOC-021942
26607,XLOC-021944,XLOC-021944
26608,XLOC-022007,XLOC-022007
26609,XLOC-022032,XLOC-022032
26610,XLOC-022034,XLOC-022034
26611,XLOC-022081,XLOC-022081
26612,XLOC-022119,XLOC-022119
26613,XLOC-022129,XLOC-022129
26615,XLOC-022150,XLOC-022150
26616,XLOC-022158,XLOC-022158
26617,XLOC-022188,XLOC-022188
26618,XLOC-022245,XLOC-022245
26619,XLOC-022250,XLOC-022250
26620,XLOC-022251,XLOC-022251
26621,XLOC-022269,XLOC-022269
26622,XLOC-022277,XLOC-022277
26623,XLOC-022281,XLOC-022281
26624,XLOC-022550,XLOC-022550
26625,XLOC-022611,XLOC-022611
26626,XLOC-022621,XLOC-022621
26627,XLOC-022666,XLOC-022666
26628,XLOC-022683,XLOC-022683
26629,XLOC-022705,XLOC-022705
26630,XLOC-022718,XLOC-022718
26631,XLOC-022736,XLOC-022736
26632,XLOC-022740,XLOC-022740
26633,XLOC-022751,XLOC-022751
26634,XLOC-022776,XLOC-022776
26635,XLOC-022799,XLOC-022799
26636,XLOC-022871,XLOC-022871
26637,XLOC-022888,XLOC-022888
26638,XLOC-022898,XLOC-022898
26639,XLOC-022900,XLOC-022900
26640,XLOC-022924,XLOC-022924
26641,XLOC-022929,XLOC-022929
26642,XLOC-022930,XLOC-022930
26643,XLOC-023085,XLOC-023085
26644,XLOC-023138,XLOC-023138
26645,XLOC-023211,XLOC-023211
26646,XLOC-023226,XLOC-023226
26647,XLOC-023228,XLOC-023228
26648,XLOC-023265,XLOC-023265
26649,XLOC-023279,XLOC-023279
26650,XLOC-023300,XLOC-023300
26651,XLOC-023301,XLOC-023301
26652,XLOC-023304,XLOC-023304
26653,XLOC-023308,XLOC-023308
26654,XLOC-023329,XLOC-023329
26655,XLOC-023335,XLOC-023335
26656,XLOC-023369,XLOC-023369
26657,XLOC-023372,XLOC-023372
26658,XLOC-023380,XLOC-023380
26659,XLOC-023402,XLOC-023402
26660,XLOC-023447,XLOC-023447
26661,XLOC-023448,XLOC-023448
26662,XLOC-023479,XLOC-023479
26663,XLOC-023481,XLOC-023481
26664,XLOC-023492,XLOC-023492
26665,XLOC-023549,XLOC-023549
26666,XLOC-023594,XLOC-023594
26667,XLOC-023624,XLOC-023624
26668,XLOC-023752,XLOC-023752
26669,XLOC-023754,XLOC-023754
26670,XLOC-023755,XLOC-023755
26671,XLOC-023761,XLOC-023761
26672,XLOC-023799,XLOC-023799
26673,XLOC-023801,XLOC-023801
26674,XLOC-023808,XLOC-023808
26675,XLOC-023847,XLOC-023847
26676,XLOC-023858,XLOC-023858
26677,XLOC-023863,XLOC-023863
26678,XLOC-023879,XLOC-023879
26679,XLOC-023916,XLOC-023916
26680,XLOC-023979,XLOC-023979
26681,XLOC-023991,XLOC-023991
26682,XLOC-023997,XLOC-023997
26683,XLOC-024017,XLOC-024017
26684,XLOC-024079,XLOC-024079
26685,XLOC-024151,XLOC-024151
26686,XLOC-024206,XLOC-024206
26687,XLOC-024221,XLOC-024221
26688,XLOC-024231,XLOC-024231
26689,XLOC-024248,XLOC-024248
26690,XLOC-024261,XLOC-024261
26691,XLOC-024285,XLOC-024285
26692,XLOC-024337,XLOC-024337
26693,XLOC-024343,XLOC-024343
26694,XLOC-024377,XLOC-024377
26695,XLOC-024390,XLOC-024390
26696,XLOC-024446,XLOC-024446
26697,XLOC-024447,XLOC-024447
26698,XLOC-024455,XLOC-024455
26699,XLOC-024456,XLOC-024456
26700,XLOC-024472,XLOC-024472
26701,XLOC-024516,XLOC-024516
26702,XLOC-024530,XLOC-024530
26703,XLOC-024629,XLOC-024629
26704,XLOC-024706,XLOC-024706
26705,XLOC-024725,XLOC-024725
26706,XLOC-024750,XLOC-024750
26707,XLOC-024824,XLOC-024824
26708,XLOC-024825,XLOC-024825
26709,XLOC-024826,XLOC-024826
26710,XLOC-024828,XLOC-024828
26711,XLOC-024867,XLOC-024867
26712,XLOC-024885,XLOC-024885
26713,XLOC-025024,XLOC-025024
26714,XLOC-025051,XLOC-025051
26715,XLOC-025098,XLOC-025098
26716,XLOC-025107,XLOC-025107
26717,XLOC-025146,XLOC-025146
26718,XLOC-025148,XLOC-025148
26719,XLOC-025168,XLOC-025168
26720,XLOC-025278,XLOC-025278
26721,XLOC-025298,XLOC-025298
26722,XLOC-025327,XLOC-025327
26723,XLOC-025414,XLOC-025414
26724,XLOC-025418,XLOC-025418
26725,XLOC-025424,XLOC-025424
26726,XLOC-025425,XLOC-025425
26727,XLOC-025426,XLOC-025426
26728,XLOC-025455,XLOC-025455
26729,XLOC-025468,XLOC-025468
26730,XLOC-025473,XLOC-025473
26731,XLOC-025546,XLOC-025546
26732,XLOC-025565,XLOC-025565
26733,XLOC-025566,XLOC-025566
26734,XLOC-025573,XLOC-025573
26735,XLOC-025655,XLOC-025655
26736,XLOC-025657,XLOC-025657
26737,XLOC-025673,XLOC-025673
26738,XLOC-025686,XLOC-025686
26739,XLOC-025689,XLOC-025689
26740,XLOC-025795,XLOC-025795
26741,XLOC-025804,XLOC-025804
26742,XLOC-025815,XLOC-025815
26743,XLOC-025819,XLOC-025819
26744,XLOC-025821,XLOC-025821
26745,XLOC-025822,XLOC-025822
26746,XLOC-025875,XLOC-025875
26747,XLOC-025977,XLOC-025977
26748,XLOC-026004,XLOC-026004
26749,XLOC-026010,XLOC-026010
26750,XLOC-026037,XLOC-026037
26751,XLOC-026153,XLOC-026153
26752,XLOC-026228,XLOC-026228
26753,XLOC-026330,XLOC-026330
26754,XLOC-026334,XLOC-026334
26755,XLOC-026336,XLOC-026336
26756,XLOC-026450,XLOC-026450
26757,XLOC-026454,XLOC-026454
26758,XLOC-026497,XLOC-026497
26759,XLOC-026514,XLOC-026514
26760,XLOC-026536,XLOC-026536
26761,XLOC-026578,XLOC-026578
26762,XLOC-026582,XLOC-026582
26763,XLOC-026673,XLOC-026673
26764,XLOC-026682,XLOC-026682
26765,XLOC-026705,XLOC-026705
26766,XLOC-026713,XLOC-026713
26767,XLOC-026715,XLOC-026715
26768,XLOC-026741,XLOC-026741
26769,XLOC-026756,XLOC-026756
26770,XLOC-026761,XLOC-026761
26771,XLOC-026765,XLOC-026765
26772,XLOC-026773,XLOC-026773
26773,XLOC-026774,XLOC-026774
26774,XLOC-026821,XLOC-026821
26775,XLOC-026824,XLOC-026824
26776,XLOC-026839,XLOC-026839
26777,XLOC-026841,XLOC-026841
26778,XLOC-026855,XLOC-026855
26779,XLOC-026920,XLOC-026920
26780,XLOC-026937,XLOC-026937
26781,XLOC-026945,XLOC-026945
26782,XLOC-026946,XLOC-026946
26783,XLOC-026950,XLOC-026950
26784,XLOC-027009,XLOC-027009
26785,XLOC-027111,XLOC-027111
26786,XLOC-027129,XLOC-027129
26787,XLOC-027134,XLOC-027134
26788,XLOC-027155,XLOC-027155
26789,XLOC-027304,XLOC-027304
26790,XLOC-027591,XLOC-027591
26791,XLOC-027664,XLOC-027664
26792,XLOC-027692,XLOC-027692
26793,XLOC-027708,XLOC-027708
26794,XLOC-027709,XLOC-027709
26796,XLOC-027769,XLOC-027769
26797,XLOC-027796,XLOC-027796
26798,XLOC-027844,XLOC-027844
26799,XLOC-027877,XLOC-027877
26800,XLOC-027892,XLOC-027892
26801,XLOC-027918,XLOC-027918
26802,XLOC-027931,XLOC-027931
26803,XLOC-028010,XLOC-028010
26804,XLOC-028064,XLOC-028064
26805,XLOC-028243,XLOC-028243
26806,XLOC-028299,XLOC-028299
26807,XLOC-028339,XLOC-028339
26808,XLOC-028354,XLOC-028354
26809,XLOC-028373,XLOC-028373
26811,XLOC-028443,XLOC-028443
26812,XLOC-028450,XLOC-028450
26813,XLOC-028451,XLOC-028451
26814,XLOC-028452,XLOC-028452
26815,XLOC-028453,XLOC-028453
26816,XLOC-028454,XLOC-028454
26817,XLOC-028456,XLOC-028456
26818,XLOC-028457,XLOC-028457
26819,XLOC-028466,XLOC-028466
26820,XLOC-028470,XLOC-028470
26821,XLOC-028486,XLOC-028486
26822,XLOC-028531,XLOC-028531
26823,XLOC-028555,XLOC-028555
26824,XLOC-028556,XLOC-028556
26825,XLOC-028644,XLOC-028644
26826,XLOC-028649,XLOC-028649
26827,XLOC-028660,XLOC-028660
26828,XLOC-028682,XLOC-028682
26829,XLOC-028687,XLOC-028687
26830,XLOC-028703,XLOC-028703
26831,XLOC-028711,XLOC-028711
26832,XLOC-028772,XLOC-028772
26833,XLOC-028774,XLOC-028774
26834,XLOC-028807,XLOC-028807
26835,XLOC-028814,XLOC-028814
26836,XLOC-028865,XLOC-028865
26837,XLOC-028894,XLOC-028894
26838,XLOC-028899,XLOC-028899
26839,XLOC-028905,XLOC-028905
26840,XLOC-028916,XLOC-028916
26841,XLOC-028935,XLOC-028935
26842,XLOC-028948,XLOC-028948
26843,XLOC-028954,XLOC-028954
26844,XLOC-029028,XLOC-029028
26845,XLOC-029030,XLOC-029030
26846,XLOC-029036,XLOC-029036
26847,XLOC-029041,XLOC-029041
26848,XLOC-029130,XLOC-029130
26849,XLOC-029220,XLOC-029220
26850,XLOC-029257,XLOC-029257
26851,XLOC-029260,XLOC-029260
26852,XLOC-029274,XLOC-029274
26853,XLOC-029275,XLOC-029275
26854,XLOC-029278,XLOC-029278
26855,XLOC-029303,XLOC-029303
26856,XLOC-029373,XLOC-029373
26857,XLOC-029386,XLOC-029386
26858,XLOC-029389,XLOC-029389
26859,XLOC-029420,XLOC-029420
26860,XLOC-029423,XLOC-029423
26861,XLOC-029426,XLOC-029426
26862,XLOC-029463,XLOC-029463
26863,XLOC-029465,XLOC-029465
26864,XLOC-029505,XLOC-029505
26865,XLOC-029508,XLOC-029508
26866,XLOC-029527,XLOC-029527
26867,XLOC-029547,XLOC-029547
26868,XLOC-029568,XLOC-029568
26869,XLOC-029591,XLOC-029591
26870,XLOC-029603,XLOC-029603
26871,XLOC-029608,XLOC-029608
26872,XLOC-029609,XLOC-029609
26873,XLOC-029634,XLOC-029634
26874,XLOC-029654,XLOC-029654
26875,XLOC-029657,XLOC-029657
26876,XLOC-029676,XLOC-029676
26877,XLOC-029763,XLOC-029763
26878,XLOC-029772,XLOC-029772
26879,XLOC-029851,XLOC-029851
26880,XLOC-029870,XLOC-029870
26881,XLOC-029887,XLOC-029887
26882,XLOC-029890,XLOC-029890
26883,XLOC-029934,XLOC-029934
26884,XLOC-029998,XLOC-029998
26885,XLOC-030027,XLOC-030027
26886,XLOC-030218,XLOC-030218
26887,XLOC-030226,XLOC-030226
26888,XLOC-030237,XLOC-030237
26889,XLOC-030238,XLOC-030238
26890,XLOC-030240,XLOC-030240
26891,XLOC-030244,XLOC-030244
26894,XLOC-030262,XLOC-030262
26895,XLOC-030307,XLOC-030307
26896,XLOC-030409,XLOC-030409
26897,XLOC-030503,XLOC-030503
26898,XLOC-030513,XLOC-030513
26899,XLOC-030570,XLOC-030570
26900,XLOC-030587,XLOC-030587
26901,XLOC-030590,XLOC-030590
26902,XLOC-030672,XLOC-030672
26903,XLOC-030786,XLOC-030786
26904,XLOC-030902,XLOC-030902
26905,XLOC-031005,XLOC-031005
26906,XLOC-031033,XLOC-031033
26907,XLOC-031035,XLOC-031035
26908,XLOC-031060,XLOC-031060
26909,XLOC-031061,XLOC-031061
26910,XLOC-031067,XLOC-031067
26911,XLOC-031070,XLOC-031070
26912,XLOC-031073,XLOC-031073
26913,XLOC-031080,XLOC-031080
26914,XLOC-031091,XLOC-031091
26915,XLOC-031097,XLOC-031097
26916,XLOC-031098,XLOC-031098
26917,XLOC-031109,XLOC-031109
26918,XLOC-031115,XLOC-031115
26919,XLOC-031121,XLOC-031121
26920,XLOC-031176,XLOC-031176
26921,XLOC-031177,XLOC-031177
26922,XLOC-031182,XLOC-031182
26923,XLOC-031211,XLOC-031211
26924,XLOC-031229,XLOC-031229
26925,XLOC-031233,XLOC-031233
26926,XLOC-031260,XLOC-031260
26927,XLOC-031339,XLOC-031339
26928,XLOC-031363,XLOC-031363
26929,XLOC-031367,XLOC-031367
26930,XLOC-031372,XLOC-031372
26931,XLOC-031373,XLOC-031373
26932,XLOC-031542,XLOC-031542
26933,XLOC-031547,XLOC-031547
26934,XLOC-031557,XLOC-031557
26935,XLOC-031563,XLOC-031563
26936,XLOC-031564,XLOC-031564
26937,XLOC-031579,XLOC-031579
26938,XLOC-031580,XLOC-031580
26939,XLOC-031589,XLOC-031589
26940,XLOC-031633,XLOC-031633
26941,XLOC-031678,XLOC-031678
26942,XLOC-031679,XLOC-031679
26943,XLOC-031680,XLOC-031680
26944,XLOC-031737,XLOC-031737
26945,XLOC-031805,XLOC-031805
26946,XLOC-031884,XLOC-031884
26947,XLOC-031892,XLOC-031892
26948,XLOC-031893,XLOC-031893
26949,XLOC-031900,XLOC-031900
26950,XLOC-031987,XLOC-031987
26951,XLOC-032081,XLOC-032081
26952,XLOC-032087,XLOC-032087
26953,XLOC-032092,XLOC-032092
26954,XLOC-032110,XLOC-032110
26955,XLOC-032112,XLOC-032112
26956,XLOC-032119,XLOC-032119
26957,XLOC-032121,XLOC-032121
26958,XLOC-032129,XLOC-032129
26959,XLOC-032136,XLOC-032136
26960,XLOC-032154,XLOC-032154
26961,XLOC-032159,XLOC-032159
26962,XLOC-032243,XLOC-032243
26963,XLOC-032256,XLOC-032256
26964,XLOC-032258,XLOC-032258
26965,XLOC-032271,XLOC-032271
26966,XLOC-032276,XLOC-032276
26967,XLOC-032387,XLOC-032387
26968,XLOC-032394,XLOC-032394
26969,XLOC-032440,XLOC-032440
26970,XLOC-032526,XLOC-032526
26971,XLOC-032541,XLOC-032541
26972,XLOC-032543,XLOC-032543
26973,XLOC-032570,XLOC-032570
26974,XLOC-032577,XLOC-032577
26975,XLOC-032630,XLOC-032630
26976,XLOC-032636,XLOC-032636
26977,XLOC-032706,XLOC-032706
26978,XLOC-032707,XLOC-032707
26979,XLOC-032715,XLOC-032715
26980,XLOC-032720,XLOC-032720
26981,XLOC-032721,XLOC-032721
26982,XLOC-032722,XLOC-032722
26983,XLOC-032764,XLOC-032764
26984,XLOC-032772,XLOC-032772
26985,XLOC-032793,XLOC-032793
26986,XLOC-032803,XLOC-032803
26987,XLOC-032810,XLOC-032810
26988,XLOC-032836,XLOC-032836
26989,XLOC-032837,XLOC-032837
26990,XLOC-032843,XLOC-032843
26991,XLOC-032844,XLOC-032844
26992,XLOC-032845,XLOC-032845
26993,XLOC-032857,XLOC-032857
26994,XLOC-032903,XLOC-032903
26995,XLOC-032912,XLOC-032912
26996,XLOC-032954,XLOC-032954
26997,XLOC-032976,XLOC-032976
26998,XLOC-033023,XLOC-033023
26999,XLOC-033024,XLOC-033024
27000,XLOC-033031,XLOC-033031
27001,XLOC-033063,XLOC-033063
27002,XLOC-033065,XLOC-033065
27003,XLOC-033067,XLOC-033067
27004,XLOC-033087,XLOC-033087
27005,XLOC-033093,XLOC-033093
27006,XLOC-033123,XLOC-033123
27007,XLOC-033174,XLOC-033174
27008,XLOC-033352,XLOC-033352
27009,XLOC-033378,XLOC-033378
27010,XLOC-033403,XLOC-033403
27011,XLOC-033414,XLOC-033414
27012,XLOC-033428,XLOC-033428
27013,XLOC-033456,XLOC-033456
27014,XLOC-033475,XLOC-033475
27015,XLOC-033512,XLOC-033512
27016,XLOC-033528,XLOC-033528
27017,XLOC-033543,XLOC-033543
27018,XLOC-033631,XLOC-033631
27019,XLOC-033650,XLOC-033650
27020,XLOC-033651,XLOC-033651
27021,XLOC-033704,XLOC-033704
27022,XLOC-033809,XLOC-033809
27023,XLOC-033938,XLOC-033938
27024,XLOC-033950,XLOC-033950
27025,XLOC-033951,XLOC-033951
27026,XLOC-033953,XLOC-033953
27027,XLOC-034149,XLOC-034149
27028,XLOC-034167,XLOC-034167
27029,XLOC-034170,XLOC-034170
27030,XLOC-034181,XLOC-034181
27031,XLOC-034192,XLOC-034192
27032,XLOC-034199,XLOC-034199
27033,XLOC-034203,XLOC-034203
27034,XLOC-034214,XLOC-034214
27035,XLOC-034223,XLOC-034223
27036,XLOC-034235,XLOC-034235
27037,XLOC-034272,XLOC-034272
27038,XLOC-034373,XLOC-034373
27039,XLOC-034394,XLOC-034394
27040,XLOC-034430,XLOC-034430
27041,XLOC-034431,XLOC-034431
27042,XLOC-034437,XLOC-034437
27043,XLOC-034488,XLOC-034488
27044,XLOC-034492,XLOC-034492
27045,XLOC-034498,XLOC-034498
27046,XLOC-034521,XLOC-034521
27047,XLOC-034522,XLOC-034522
27048,XLOC-034525,XLOC-034525
27049,XLOC-034538,XLOC-034538
27050,XLOC-034584,XLOC-034584
27051,XLOC-034585,XLOC-034585
27052,XLOC-034631,XLOC-034631
27053,XLOC-034734,XLOC-034734
27054,XLOC-034776,XLOC-034776
27055,XLOC-034863,XLOC-034863
27056,XLOC-034911,XLOC-034911
27057,XLOC-034991,XLOC-034991
27058,XLOC-035147,XLOC-035147
27059,XLOC-035162,XLOC-035162
27060,XLOC-035174,XLOC-035174
27061,XLOC-035202,XLOC-035202
27062,XLOC-035243,XLOC-035243
27063,XLOC-035272,XLOC-035272
27064,XLOC-035300,XLOC-035300
27065,XLOC-035318,XLOC-035318
27066,XLOC-035371,XLOC-035371
27067,XLOC-035411,XLOC-035411
27068,XLOC-035413,XLOC-035413
27069,XLOC-035424,XLOC-035424
27070,XLOC-035493,XLOC-035493
27071,XLOC-035513,XLOC-035513
27072,XLOC-035578,XLOC-035578
27073,XLOC-035677,XLOC-035677
27074,XLOC-035679,XLOC-035679
27075,XLOC-035742,XLOC-035742
27076,XLOC-035744,XLOC-035744
27077,XLOC-035750,XLOC-035750
27078,XLOC-035776,XLOC-035776
27079,XLOC-035844,XLOC-035844
27080,XLOC-035847,XLOC-035847
27081,XLOC-035884,XLOC-035884
27082,XLOC-035907,XLOC-035907
27083,XLOC-035949,XLOC-035949
27084,XLOC-036010,XLOC-036010
27085,XLOC-036111,XLOC-036111
27086,XLOC-036173,XLOC-036173
27087,XLOC-036186,XLOC-036186
27088,XLOC-036187,XLOC-036187
27089,XLOC-036220,XLOC-036220
27090,XLOC-036224,XLOC-036224
27091,XLOC-036261,XLOC-036261
27092,XLOC-036274,XLOC-036274
27093,XLOC-036284,XLOC-036284
27094,XLOC-036361,XLOC-036361
27095,XLOC-036408,XLOC-036408
27096,XLOC-036447,XLOC-036447
27097,XLOC-036505,XLOC-036505
27098,XLOC-036506,XLOC-036506
27099,XLOC-036507,XLOC-036507
27100,XLOC-036508,XLOC-036508
27101,XLOC-036509,XLOC-036509
27102,XLOC-036510,XLOC-036510
27103,XLOC-036513,XLOC-036513
27104,XLOC-036545,XLOC-036545
27105,XLOC-036573,XLOC-036573
27106,XLOC-036623,XLOC-036623
27107,XLOC-036624,XLOC-036624
27108,XLOC-036658,XLOC-036658
27109,XLOC-036663,XLOC-036663
27110,XLOC-036686,XLOC-036686
27111,XLOC-036690,XLOC-036690
27112,XLOC-036879,XLOC-036879
27113,XLOC-036897,XLOC-036897
27114,XLOC-036929,XLOC-036929
27115,XLOC-036961,XLOC-036961
27116,XLOC-037016,XLOC-037016
27117,XLOC-037017,XLOC-037017
27118,XLOC-037028,XLOC-037028
27119,XLOC-037213,XLOC-037213
27120,XLOC-037221,XLOC-037221
27121,XLOC-037240,XLOC-037240
27122,XLOC-037388,XLOC-037388
27123,XLOC-037389,XLOC-037389
27124,XLOC-037391,XLOC-037391
27125,XLOC-037523,XLOC-037523
27126,XLOC-037556,XLOC-037556
27127,XLOC-037648,XLOC-037648
27128,XLOC-037780,XLOC-037780
27129,XLOC-037781,XLOC-037781
27130,XLOC-037784,XLOC-037784
27131,XLOC-037878,XLOC-037878
27132,XLOC-037922,XLOC-037922
27133,XLOC-037952,XLOC-037952
27134,XLOC-038013,XLOC-038013
27135,XLOC-038019,XLOC-038019
27136,XLOC-038035,XLOC-038035
27137,XLOC-038055,XLOC-038055
27138,XLOC-038060,XLOC-038060
27139,XLOC-038073,XLOC-038073
27140,XLOC-038084,XLOC-038084
27141,XLOC-038088,XLOC-038088
27142,XLOC-038091,XLOC-038091
27143,XLOC-038098,XLOC-038098
27144,XLOC-038160,XLOC-038160
27145,XLOC-038161,XLOC-038161
27146,XLOC-038254,XLOC-038254
27147,XLOC-038255,XLOC-038255
27148,XLOC-038290,XLOC-038290
27149,XLOC-038315,XLOC-038315
27150,XLOC-038343,XLOC-038343
27151,XLOC-038611,XLOC-038611
27152,XLOC-038699,XLOC-038699
27153,XLOC-038703,XLOC-038703
27154,XLOC-038717,XLOC-038717
27155,XLOC-038745,XLOC-038745
27156,XLOC-038795,XLOC-038795
27157,XLOC-038816,XLOC-038816
27158,XLOC-038869,XLOC-038869
27159,XLOC-038902,XLOC-038902
27160,XLOC-038909,XLOC-038909
27161,XLOC-038929,XLOC-038929
27162,XLOC-038935,XLOC-038935
27163,XLOC-038945,XLOC-038945
27164,XLOC-038946,XLOC-038946
27165,XLOC-038986,XLOC-038986
27166,XLOC-039021,XLOC-039021
27167,XLOC-039079,XLOC-039079
27168,XLOC-039113,XLOC-039113
27169,XLOC-039121,XLOC-039121
27170,XLOC-039146,XLOC-039146
27171,XLOC-039163,XLOC-039163
27172,XLOC-039166,XLOC-039166
27173,XLOC-039167,XLOC-039167
27174,XLOC-039214,XLOC-039214
27175,XLOC-039363,XLOC-039363
27176,XLOC-039619,XLOC-039619
27177,XLOC-039623,XLOC-039623
27178,XLOC-039630,XLOC-039630
27179,XLOC-039631,XLOC-039631
27180,XLOC-039632,XLOC-039632
27181,XLOC-039646,XLOC-039646
27182,XLOC-039647,XLOC-039647
27183,XLOC-039668,XLOC-039668
27184,XLOC-039672,XLOC-039672
27185,XLOC-039713,XLOC-039713
27186,XLOC-039714,XLOC-039714
27187,XLOC-039754,XLOC-039754
27188,XLOC-039757,XLOC-039757
27189,XLOC-039758,XLOC-039758
27190,XLOC-039766,XLOC-039766
27191,XLOC-039769,XLOC-039769
27193,XLOC-039817,XLOC-039817
27194,XLOC-039821,XLOC-039821
27195,XLOC-039839,XLOC-039839
27196,XLOC-039841,XLOC-039841
27197,XLOC-039903,XLOC-039903
27198,XLOC-039931,XLOC-039931
27199,XLOC-039965,XLOC-039965
27200,XLOC-039966,XLOC-039966
27201,XLOC-039987,XLOC-039987
27202,XLOC-040020,XLOC-040020
27203,XLOC-040040,XLOC-040040
27204,XLOC-040068,XLOC-040068
27205,XLOC-040069,XLOC-040069
27206,XLOC-040073,XLOC-040073
27207,XLOC-040108,XLOC-040108
27208,XLOC-040198,XLOC-040198
27209,XLOC-040310,XLOC-040310
27210,XLOC-040350,XLOC-040350
27211,XLOC-040355,XLOC-040355
27212,XLOC-040364,XLOC-040364
27213,XLOC-040374,XLOC-040374
27214,XLOC-040511,XLOC-040511
27215,XLOC-040514,XLOC-040514
27216,XLOC-040515,XLOC-040515
27217,XLOC-040516,XLOC-040516
27218,XLOC-040517,XLOC-040517
27219,XLOC-040575,XLOC-040575
27220,XLOC-040582,XLOC-040582
27221,XLOC-040753,XLOC-040753
27222,XLOC-040754,XLOC-040754
27223,XLOC-040756,XLOC-040756
27224,XLOC-040787,XLOC-040787
27225,XLOC-040812,XLOC-040812
27226,XLOC-040862,XLOC-040862
27227,XLOC-040864,XLOC-040864
27228,XLOC-040894,XLOC-040894
27229,XLOC-040962,XLOC-040962
27230,XLOC-041002,XLOC-041002
27231,XLOC-041030,XLOC-041030
27232,XLOC-041047,XLOC-041047
27233,XLOC-041081,XLOC-041081
27234,XLOC-041220,XLOC-041220
27235,XLOC-041269,XLOC-041269
27236,XLOC-041348,XLOC-041348
27237,XLOC-041356,XLOC-041356
27238,XLOC-041394,XLOC-041394
27239,XLOC-041436,XLOC-041436
27240,XLOC-041451,XLOC-041451
27241,XLOC-041467,XLOC-041467
27242,XLOC-041499,XLOC-041499
27243,XLOC-041566,XLOC-041566
27244,XLOC-041574,XLOC-041574
27245,XLOC-041601,XLOC-041601
27247,XLOC-041612,XLOC-041612
27248,XLOC-041698,XLOC-041698
27249,XLOC-041707,XLOC-041707
27250,XLOC-041734,XLOC-041734
27251,XLOC-041832,XLOC-041832
27252,XLOC-041834,XLOC-041834
27253,XLOC-041857,XLOC-041857
27254,XLOC-041885,XLOC-041885
27255,XLOC-041945,XLOC-041945
27256,XLOC-041980,XLOC-041980
27257,XLOC-041998,XLOC-041998
27258,XLOC-042085,XLOC-042085
27259,XLOC-042135,XLOC-042135
27260,XLOC-042136,XLOC-042136
27261,XLOC-042165,XLOC-042165
27262,XLOC-042200,XLOC-042200
27263,XLOC-042209,XLOC-042209
27264,XLOC-042210,XLOC-042210
27265,XLOC-042219,XLOC-042219
27266,XLOC-042220,XLOC-042220
27267,XLOC-042221,XLOC-042221
27268,XLOC-042222,XLOC-042222
27269,XLOC-042228,XLOC-042228
27270,XLOC-042229,XLOC-042229
27271,XLOC-042234,XLOC-042234
27272,XLOC-042263,XLOC-042263
27273,XLOC-042265,XLOC-042265
27274,XLOC-042292,XLOC-042292
27275,XLOC-042317,XLOC-042317
27276,XLOC-042319,XLOC-042319
27277,XLOC-042334,XLOC-042334
27278,XLOC-042341,XLOC-042341
27279,XLOC-042342,XLOC-042342
27280,XLOC-042487,XLOC-042487
27281,XLOC-042505,XLOC-042505
27282,XLOC-042506,XLOC-042506
27283,XLOC-042512,XLOC-042512
27284,XLOC-042514,XLOC-042514
27285,XLOC-042515,XLOC-042515
27286,XLOC-042556,XLOC-042556
27287,XLOC-042557,XLOC-042557
27288,XLOC-042561,XLOC-042561
27289,XLOC-042562,XLOC-042562
27290,XLOC-042563,XLOC-042563
27291,XLOC-042565,XLOC-042565
27292,XLOC-042568,XLOC-042568
27293,XLOC-042570,XLOC-042570
27294,XLOC-042595,XLOC-042595
27295,XLOC-042596,XLOC-042596
27296,XLOC-042662,XLOC-042662
27297,XLOC-042668,XLOC-042668
27298,XLOC-042669,XLOC-042669
27299,XLOC-042707,XLOC-042707
27300,XLOC-042711,XLOC-042711
27301,XLOC-042735,XLOC-042735
27302,XLOC-042763,XLOC-042763
27303,XLOC-042774,XLOC-042774
27304,XLOC-042788,XLOC-042788
27305,XLOC-042792,XLOC-042792
27306,XLOC-042806,XLOC-042806
27307,XLOC-042812,XLOC-042812
27308,XLOC-042868,XLOC-042868
27309,XLOC-042882,XLOC-042882
27310,XLOC-042898,XLOC-042898
27311,XLOC-042899,XLOC-042899
27312,XLOC-042909,XLOC-042909
27313,XLOC-042915,XLOC-042915
27314,XLOC-042917,XLOC-042917
27315,XLOC-042919,XLOC-042919
27316,XLOC-042923,XLOC-042923
27317,XLOC-042928,XLOC-042928
27318,XLOC-042934,XLOC-042934
27319,XLOC-042938,XLOC-042938
27320,XLOC-042949,XLOC-042949
27321,XLOC-042955,XLOC-042955
27322,XLOC-042971,XLOC-042971
27323,XLOC-042975,XLOC-042975
27324,XLOC-042977,XLOC-042977
27325,XLOC-042992,XLOC-042992
27326,XLOC-042993,XLOC-042993
27327,XLOC-042999,XLOC-042999
27328,XLOC-043000,XLOC-043000
27329,XLOC-043001,XLOC-043001
27330,XLOC-043010,XLOC-043010
27331,XLOC-043013,XLOC-043013
27332,XLOC-043020,XLOC-043020
27333,XLOC-043028,XLOC-043028
27334,XLOC-043043,XLOC-043043
27335,XLOC-043072,XLOC-043072
27336,XLOC-043073,XLOC-043073
27337,XLOC-043091,XLOC-043091
27338,XLOC-043097,XLOC-043097
27339,XLOC-043106,XLOC-043106
27340,XLOC-043113,XLOC-043113
27341,XLOC-043122,XLOC-043122
27342,XLOC-043124,XLOC-043124
27343,XLOC-043131,XLOC-043131
27344,XLOC-043135,XLOC-043135
27345,XLOC-043151,XLOC-043151
27346,XLOC-043195,XLOC-043195
27347,XLOC-043201,XLOC-043201
27348,XLOC-043211,XLOC-043211
27349,XLOC-043218,XLOC-043218
27350,XLOC-043220,XLOC-043220
27351,XLOC-043229,XLOC-043229
27352,XLOC-043245,XLOC-043245
27353,XLOC-043310,XLOC-043310
27354,XLOC-043334,XLOC-043334
27355,XLOC-043347,XLOC-043347
27356,XLOC-043349,XLOC-043349
27357,XLOC-043351,XLOC-043351
27358,XLOC-043355,XLOC-043355
27359,XLOC-043372,XLOC-043372
27360,XLOC-043397,XLOC-043397
27361,XLOC-043400,XLOC-043400
27362,XLOC-043418,XLOC-043418
27363,XLOC-043445,XLOC-043445
27364,XLOC-043447,XLOC-043447
27365,XLOC-043449,XLOC-043449
27366,XLOC-043454,XLOC-043454
27367,XLOC-043457,XLOC-043457
27368,XLOC-043462,XLOC-043462
27369,XLOC-043545,XLOC-043545
27370,XLOC-043546,XLOC-043546
27371,XLOC-043548,XLOC-043548
27372,XLOC-043567,XLOC-043567
27373,XLOC-043568,XLOC-043568
27374,XLOC-043569,XLOC-043569
27375,XLOC-043579,XLOC-043579
27376,XLOC-043619,XLOC-043619
27377,XLOC-043621,XLOC-043621
27378,XLOC-043623,XLOC-043623
27379,XLOC-043624,XLOC-043624
27380,XLOC-043630,XLOC-043630
27381,XLOC-043650,XLOC-043650
27382,XLOC-043654,XLOC-043654
27383,XLOC-043659,XLOC-043659
27384,XLOC-043665,XLOC-043665
27385,XLOC-043669,XLOC-043669
27386,XLOC-043670,XLOC-043670
27388,XLOC-043685,XLOC-043685
27389,XLOC-043694,XLOC-043694
27390,XLOC-043736,XLOC-043736
27391,XLOC-043741,XLOC-043741
27392,XLOC-043755,XLOC-043755
27393,XLOC-043760,XLOC-043760
27394,XLOC-043762,XLOC-043762
27395,XLOC-043765,XLOC-043765
27396,XLOC-043769,XLOC-043769
27397,XLOC-043778,XLOC-043778
27398,XLOC-043782,XLOC-043782
27399,XLOC-043788,XLOC-043788
27400,XLOC-043789,XLOC-043789
27401,XLOC-043826,XLOC-043826
27402,XLOC-043833,XLOC-043833
27403,XLOC-043840,XLOC-043840
27404,XLOC-043846,XLOC-043846
27405,XLOC-043847,XLOC-043847
27406,XLOC-043852,XLOC-043852
27407,XLOC-043857,XLOC-043857
27408,XLOC-043859,XLOC-043859
27409,XLOC-043861,XLOC-043861
27410,XLOC-043871,XLOC-043871
27411,XLOC-043919,XLOC-043919
27412,XLOC-043931,XLOC-043931
27413,XLOC-043935,XLOC-043935
27414,XLOC-043953,XLOC-043953
27415,XLOC-043962,XLOC-043962
27416,XLOC-043965,XLOC-043965
27417,XLOC-043970,XLOC-043970
27418,XLOC-043975,XLOC-043975
27419,XLOC-043976,XLOC-043976
27420,XLOC-043980,XLOC-043980
27421,XLOC-043986,XLOC-043986
27422,XLOC-044035,XLOC-044035
27423,XLOC-044048,XLOC-044048
27424,XLOC-044050,XLOC-044050
27425,XLOC-044070,XLOC-044070
27426,XLOC-044090,XLOC-044090
27427,XLOC-044110,XLOC-044110
27428,XLOC-044113,XLOC-044113
27429,XLOC-044118,XLOC-044118
27430,XLOC-044140,XLOC-044140
27431,XLOC-044147,XLOC-044147
27432,XLOC-044166,XLOC-044166
27433,XLOC-044186,XLOC-044186
27434,XLOC-044191,XLOC-044191
27435,XLOC-044202,XLOC-044202
27436,XLOC-044204,XLOC-044204
27438,XLOC-044226,XLOC-044226
27439,XLOC-044238,XLOC-044238
27440,XLOC-044244,XLOC-044244
27441,XLOC-044245,XLOC-044245
27442,XLOC-044266,XLOC-044266
27443,XLOC-044268,XLOC-044268
27444,XLOC-044272,XLOC-044272
27445,XLOC-044280,XLOC-044280
27446,XLOC-044281,XLOC-044281
27447,XLOC-044286,XLOC-044286
27448,XLOC-044287,XLOC-044287
27449,XLOC-044290,XLOC-044290
27450,XLOC-044291,XLOC-044291
27451,XLOC-044297,XLOC-044297
27452,XLOC-044302,XLOC-044302
27453,XLOC-044303,XLOC-044303
27454,xpa,xpa
27455,xpc,xpc
27456,xpnpep1,xpnpep1
27457,xpnpep2,xpnpep2
27458,xpnpep3,xpnpep3
27459,xpo1a,xpo1a
27460,xpo1b,xpo1b
27461,xpo4,xpo4
27462,XPO5,XPO5
27463,xpo6,xpo6
27464,xpo7,xpo7
27465,xpot,xpot
27466,xpr1a,xpr1a
27467,xpr1b,xpr1b
27468,xrcc1,xrcc1
27469,XRCC2,XRCC2
27470,xrcc3,xrcc3
27471,xrcc4,xrcc4
27472,xrcc5,xrcc5
27473,xrcc6,xrcc6
27474,xrn1,xrn1
27475,xrn2,xrn2
27476,xrra1,xrra1
27477,xxylt1,xxylt1
27478,xylb,xylb
27479,xylt1,xylt1
27480,xylt2,xylt2
27481,yaf2,yaf2
27482,yap1,yap1
27483,yars,yars
27484,yars2,yars2
27485,ybx1,ybx1
27486,ydjc,ydjc
27487,yeats2,yeats2
27488,yeats4,yeats4
27489,yes1,yes1
27490,yif1a,yif1a
27491,yif1b,yif1b
27492,yipf1,yipf1
27493,yipf2,yipf2
27494,yipf3,yipf3
27495,yipf4,yipf4
27496,yipf5,yipf5
27497,yipf6,yipf6
27498,yjefn3,yjefn3
27499,yju2,yju2
27500,ykt6,ykt6
27501,ylpm1,ylpm1
27502,yme1l1a,yme1l1a
27503,yme1l1b,yme1l1b
27504,yod1,yod1
27505,ypel1,ypel1
27506,ypel2a,ypel2a
27507,ypel2b,ypel2b
27508,ypel3,ypel3
27509,ypel5,ypel5
27510,yrk,yrk
27511,ythdc1,ythdc1
27512,YTHDC2,YTHDC2
27513,ythdf1,ythdf1
27514,ythdf2,ythdf2
27515,ythdf3,ythdf3
27516,ywhaba,ywhaba
27517,ywhabb,ywhabb
27518,ywhabl,ywhabl
27519,ywhae1,ywhae1
27520,ywhae2,ywhae2
27521,ywhag1,ywhag1
27522,ywhag2,ywhag2
27523,ywhah,ywhah
27524,ywhaqa,ywhaqa
27525,ywhaqb,ywhaqb
27526,ywhaz,ywhaz
27527,yy1a,yy1a
27528,yy1b,yy1b
27529,zanl,zanl
27530,zar1,zar1
27531,zar1l,zar1l
27532,zbbx,zbbx
27533,zbed4,zbed4
27534,zbtb1,zbtb1
27535,zbtb10,zbtb10
27536,zbtb11,zbtb11
27537,zbtb12.1,zbtb12.1
27538,zbtb12.2,zbtb12.2
27539,zbtb14,zbtb14
27540,zbtb16a,zbtb16a
27541,zbtb16b,zbtb16b
27542,zbtb17,zbtb17
27543,zbtb18,zbtb18
27544,zbtb20,zbtb20
27545,zbtb21,zbtb21
27546,zbtb22a,zbtb22a
27547,zbtb22b,zbtb22b
27548,zbtb24,zbtb24
27549,zbtb25,zbtb25
27550,ZBTB26,ZBTB26
27551,zbtb2a,zbtb2a
27552,zbtb2b,zbtb2b
27553,zbtb3,zbtb3
27554,zbtb32,zbtb32
27555,zbtb33,zbtb33
27556,zbtb34,zbtb34
27557,zbtb37,zbtb37
27558,zbtb38,zbtb38
27559,zbtb39,zbtb39
27560,zbtb4,zbtb4
27561,zbtb40,zbtb40
27562,zbtb41,zbtb41
27563,zbtb42,zbtb42
27564,zbtb43,zbtb43
27565,zbtb44,zbtb44
27566,zbtb46,zbtb46
27567,zbtb47a,zbtb47a
27568,zbtb47b,zbtb47b
27569,zbtb48,zbtb48
27570,zbtb49,zbtb49
27571,zbtb7a,zbtb7a
27572,zbtb7b,zbtb7b
27573,zbtb7c,zbtb7c
27574,zbtb8a,zbtb8a
27575,zbtb8b,zbtb8b
27576,zbtb8os,zbtb8os
27577,zc2hc1a,zc2hc1a
27578,zc2hc1c,zc2hc1c
27579,zc3h10,zc3h10
27580,zc3h11a,zc3h11a
27581,zc3h12a,zc3h12a
27582,zc3h12b,zc3h12b
27583,zc3h13,zc3h13
27584,zc3h14,zc3h14
27585,zc3h15,zc3h15
27586,zc3h18,zc3h18
27587,zc3h4,zc3h4
27588,zc3h6,zc3h6
27589,zc3h7a,zc3h7a
27590,zc3h7ba,zc3h7ba
27591,zc3h7bb,zc3h7bb
27592,zc3hc1,zc3hc1
27593,zc4h2,zc4h2
27594,zcchc10,zcchc10
27595,zcchc14,zcchc14
27596,zcchc17,zcchc17
27597,zcchc2,zcchc2
27598,zcchc24,zcchc24
27599,zcchc3,zcchc3
27600,zcchc4,zcchc4
27601,zcchc7,zcchc7
27602,zcchc8,zcchc8
27603,zcchc9,zcchc9
27604,zcrb1,zcrb1
27605,zdbf2,zdbf2
27606,zdhhc1,zdhhc1
27607,zdhhc11,zdhhc11
27608,zdhhc12a,zdhhc12a
27609,zdhhc12b,zdhhc12b
27610,zdhhc13,zdhhc13
27611,zdhhc14,zdhhc14
27612,zdhhc15a,zdhhc15a
27613,zdhhc15b,zdhhc15b
27614,zdhhc16a,zdhhc16a
27615,zdhhc16b,zdhhc16b
27616,zdhhc17,zdhhc17
27617,zdhhc18a,zdhhc18a
27618,zdhhc18b,zdhhc18b
27619,zdhhc2,zdhhc2
27620,zdhhc20a,zdhhc20a
27621,zdhhc20b,zdhhc20b
27622,zdhhc22,zdhhc22
27623,zdhhc23a,zdhhc23a
27624,zdhhc23b,zdhhc23b
27625,zdhhc24,zdhhc24
27626,zdhhc3a,zdhhc3a
27627,zdhhc3b,zdhhc3b
27628,zdhhc4,zdhhc4
27629,zdhhc5a,zdhhc5a
27630,zdhhc5b,zdhhc5b
27631,zdhhc6,zdhhc6
27632,zdhhc7,zdhhc7
27633,zdhhc8a,zdhhc8a
27634,zdhhc8b,zdhhc8b
27635,zdhhc9,zdhhc9
27636,zeb1a,zeb1a
27637,zeb1b,zeb1b
27638,zeb2a,zeb2a
27639,zeb2b,zeb2b
27640,zer1,zer1
27641,zfand1,zfand1
27642,zfand2a,zfand2a
27643,zfand3,zfand3
27644,zfand4,zfand4
27645,zfand5a,zfand5a
27646,zfand5b,zfand5b
27647,zfand6,zfand6
27648,zfat,zfat
27649,zfhx3,zfhx3
27650,zfhx4,zfhx4
27651,zfp36l1a,zfp36l1a
27652,zfp36l1b,zfp36l1b
27653,zfp36l2,zfp36l2
27654,zfp64,zfp64
27655,zfpl1,zfpl1
27656,zfpm1,zfpm1
27657,zfpm2a,zfpm2a
27658,zfpm2b,zfpm2b
27659,zfr,zfr
27660,zfr2,zfr2
27661,zfx,zfx
27662,zfyve1,zfyve1
27663,zfyve16,zfyve16
27664,zfyve19,zfyve19
27665,zfyve21,zfyve21
27666,zfyve26,zfyve26
27667,zfyve27,zfyve27
27668,zfyve28,zfyve28
27669,zfyve9a,zfyve9a
27670,zfyve9b,zfyve9b
27671,zgc:100829,zgc100829
27672,zgc:100832,zgc100832
27673,zgc:100846,zgc100846
27674,zgc:100868,zgc100868
27675,zgc:100906,zgc100906
27676,zgc:100918,zgc100918
27677,zgc:100920,zgc100920
27678,zgc:100951,zgc100951
27679,zgc:100997,zgc100997
27680,zgc:101016,zgc101016
27681,zgc:101040,zgc101040
27682,zgc:101100,zgc101100
27683,zgc:101130,zgc101130
27684,zgc:101540,zgc101540
27685,zgc:101559,zgc101559
27686,zgc:101562,zgc101562
27687,zgc:101566,zgc101566
27688,zgc:101569,zgc101569
27689,zgc:101577,zgc101577
27690,zgc:101583,zgc101583
27691,zgc:101663,zgc101663
27692,zgc:101664,zgc101664
27693,zgc:101679,zgc101679
27694,zgc:101715,zgc101715
27695,zgc:101716,zgc101716
27696,zgc:101731,zgc101731
27697,zgc:101744,zgc101744
27698,zgc:101765,zgc101765
27699,zgc:101783,zgc101783
27700,zgc:101785,zgc101785
27701,zgc:101810,zgc101810
27702,zgc:101851,zgc101851
27703,zgc:101853,zgc101853
27704,zgc:101858,zgc101858
27705,zgc:103438,zgc103438
27706,zgc:103482,zgc103482
27707,zgc:103499,zgc103499
27708,zgc:103508,zgc103508
27709,zgc:103510,zgc103510
27710,zgc:103559,zgc103559
27711,zgc:103564,zgc103564
27712,zgc:103586,zgc103586
27713,zgc:103625,zgc103625
27714,zgc:103678,zgc103678
27715,zgc:103681,zgc103681
27716,zgc:103692,zgc103692
27717,zgc:103697,zgc103697
27718,zgc:103700,zgc103700
27719,zgc:103755,zgc103755
27720,zgc:103759,zgc103759
27721,zgc:109744,zgc109744
27722,zgc:109889,zgc109889
27723,zgc:109913,zgc109913
27724,zgc:109949,zgc109949
27725,zgc:109965,zgc109965
27726,zgc:109982,zgc109982
27727,zgc:109986,zgc109986
27728,zgc:110006,zgc110006
27729,zgc:110045,zgc110045
27730,zgc:110063,zgc110063
27731,zgc:110130,zgc110130
27732,zgc:110158,zgc110158
27733,zgc:110171,zgc110171
27734,zgc:110182,zgc110182
27735,zgc:110197,zgc110197
27736,zgc:110216,zgc110216
27737,zgc:110224,zgc110224
27738,zgc:110239,zgc110239
27739,zgc:110249,zgc110249
27740,zgc:110269,zgc110269
27741,zgc:110319,zgc110319
27742,zgc:110329,zgc110329
27743,zgc:110333,zgc110333
27744,zgc:110339,zgc110339
27745,zgc:110348,zgc110348
27746,zgc:110353,zgc110353
27747,zgc:110366,zgc110366
27748,zgc:110410,zgc110410
27749,zgc:110425,zgc110425
27750,zgc:110540,zgc110540
27751,zgc:110591,zgc110591
27752,zgc:110626,zgc110626
27753,zgc:110699,zgc110699
27754,zgc:110716,zgc110716
27755,zgc:110782,zgc110782
27756,zgc:110783,zgc110783
27757,zgc:110789,zgc110789
27758,zgc:110796,zgc110796
27759,zgc:110821,zgc110821
27760,zgc:110843,zgc110843
27761,zgc:111868,zgc111868
27762,zgc:111976,zgc111976
27763,zgc:111983,zgc111983
27764,zgc:111986,zgc111986
27765,zgc:112001,zgc112001
27766,zgc:112023,zgc112023
27767,zgc:112038,zgc112038
27768,zgc:112083,zgc112083
27769,zgc:112102,zgc112102
27770,zgc:112146,zgc112146
27771,zgc:112148,zgc112148
27772,zgc:112160,zgc112160
27773,zgc:112163,zgc112163
27774,zgc:112183,zgc112183
27775,zgc:112185,zgc112185
27776,zgc:112255,zgc112255
27777,zgc:112265,zgc112265
27778,zgc:112285,zgc112285
27779,zgc:112294,zgc112294
27780,zgc:112332,zgc112332
27781,zgc:112334,zgc112334
27782,zgc:112356,zgc112356
27783,zgc:112408,zgc112408
27784,zgc:112433,zgc112433
27785,zgc:112437,zgc112437
27786,zgc:112492,zgc112492
27787,zgc:112496,zgc112496
27788,zgc:112962,zgc112962
27789,zgc:112964,zgc112964
27790,zgc:112965,zgc112965
27791,zgc:112970,zgc112970
27792,zgc:112977,zgc112977
27793,zgc:112980,zgc112980
27794,zgc:112982,zgc112982
27795,zgc:112994,zgc112994
27796,zgc:112998,zgc112998
27797,zgc:113019,zgc113019
27798,zgc:113030,zgc113030
27799,zgc:113054,zgc113054
27800,zgc:113057,zgc113057
27801,zgc:113090,zgc113090
27802,zgc:113096,zgc113096
27803,zgc:113102,zgc113102
27804,zgc:113119,zgc113119
27805,zgc:113149,zgc113149
27806,zgc:113162,zgc113162
27807,zgc:113176,zgc113176
27808,zgc:113184,zgc113184
27809,zgc:113208,zgc113208
27810,zgc:113209,zgc113209
27811,zgc:113210,zgc113210
27812,zgc:113220,zgc113220
27813,zgc:113227,zgc113227
27814,zgc:113229,zgc113229
27815,zgc:113232,zgc113232
27816,zgc:113263,zgc113263
27817,zgc:113265,zgc113265
27818,zgc:113274,zgc113274
27819,zgc:113276,zgc113276
27820,zgc:113278,zgc113278
27821,zgc:113279,zgc113279
27822,zgc:113293,zgc113293
27823,zgc:113294,zgc113294
27824,zgc:113295,zgc113295
27825,zgc:113298,zgc113298
27826,zgc:113307,zgc113307
27827,zgc:113314,zgc113314
27828,zgc:113333,zgc113333
27829,zgc:113336,zgc113336
27830,zgc:113337,zgc113337
27831,zgc:113340,zgc113340
27832,zgc:113343,zgc113343
27833,zgc:113348,zgc113348
27834,zgc:113363,zgc113363
27835,zgc:113364,zgc113364
27836,zgc:113372,zgc113372
27837,zgc:113377,zgc113377
27838,zgc:113411,zgc113411
27839,zgc:113423,zgc113423
27840,zgc:113424,zgc113424
27841,zgc:113425,zgc113425
27842,zgc:113426,zgc113426
27843,zgc:113436,zgc113436
27844,zgc:113442,zgc113442
27845,zgc:113452,zgc113452
27846,zgc:113518,zgc113518
27847,zgc:113531,zgc113531
27848,zgc:113625,zgc113625
27849,zgc:113886,zgc113886
27850,zgc:113921,zgc113921
27851,zgc:113983,zgc113983
27852,zgc:114041,zgc114041
27853,zgc:114045,zgc114045
27854,zgc:114046,zgc114046
27855,zgc:114081,zgc114081
27856,zgc:114104,zgc114104
27857,zgc:114118,zgc114118
27858,zgc:114119,zgc114119
27859,zgc:114120,zgc114120
27860,zgc:114123,zgc114123
27861,zgc:114130,zgc114130
27862,zgc:114173,zgc114173
27863,zgc:114174,zgc114174
27864,zgc:114175,zgc114175
27865,zgc:114181,zgc114181
27866,zgc:114200,zgc114200
27867,zgc:122979,zgc122979
27868,zgc:123010,zgc123010
27869,zgc:123060,zgc123060
27870,zgc:123103,zgc123103
27871,zgc:123105,zgc123105
27872,zgc:123107,zgc123107
27873,zgc:123217,zgc123217
27874,zgc:123238,zgc123238
27875,zgc:123258,zgc123258
27876,zgc:123278,zgc123278
27877,zgc:123284,zgc123284
27878,zgc:123295,zgc123295
27879,zgc:123297,zgc123297
27880,zgc:123299,zgc123299
27881,zgc:123305,zgc123305
27882,zgc:123321,zgc123321
27883,zgc:136254,zgc136254
27884,zgc:136308,zgc136308
27885,zgc:136410,zgc136410
27886,zgc:136439,zgc136439
27887,zgc:136461,zgc136461
27888,zgc:136493,zgc136493
27889,zgc:136564,zgc136564
27890,zgc:136605,zgc136605
27891,zgc:136683,zgc136683
27892,zgc:136767,zgc136767
27893,zgc:136858,zgc136858
27894,zgc:136870,zgc136870
27895,zgc:136872,zgc136872
27896,zgc:136892,zgc136892
27897,zgc:136908,zgc136908
27898,zgc:136963,zgc136963
27899,zgc:136971,zgc136971
27900,zgc:152652,zgc152652
27901,zgc:152658,zgc152658
27902,zgc:152670,zgc152670
27903,zgc:152753,zgc152753
27904,zgc:152791,zgc152791
27905,zgc:152830,zgc152830
27906,zgc:152857,zgc152857
27907,zgc:152863,zgc152863
27908,zgc:152891,zgc152891
27909,zgc:152904,zgc152904
27910,zgc:152938,zgc152938
27911,zgc:152948,zgc152948
27912,zgc:152951,zgc152951
27913,zgc:152968,zgc152968
27914,zgc:152977,zgc152977
27915,zgc:152986,zgc152986
27916,zgc:153012,zgc153012
27917,zgc:153018,zgc153018
27918,zgc:153031,zgc153031
27919,zgc:153044,zgc153044
27920,zgc:153115,zgc153115
27921,zgc:153116,zgc153116
27922,zgc:153118,zgc153118
27923,zgc:153119,zgc153119
27924,zgc:153142,zgc153142
27925,zgc:153146,zgc153146
27926,zgc:153151,zgc153151
27927,zgc:153157,zgc153157
27928,zgc:153169,zgc153169
27929,zgc:153184,zgc153184
27930,zgc:153215,zgc153215
27931,zgc:153219,zgc153219
27932,zgc:153240,zgc153240
27933,zgc:153284,zgc153284
27934,zgc:153292,zgc153292
27935,zgc:153293,zgc153293
27936,zgc:153311,zgc153311
27937,zgc:153317,zgc153317
27938,zgc:153345,zgc153345
27939,zgc:153352,zgc153352
27940,zgc:153372,zgc153372
27941,zgc:153383,zgc153383
27942,zgc:153395,zgc153395
27943,zgc:153405,zgc153405
27944,zgc:153426,zgc153426
27945,zgc:153431,zgc153431
27946,zgc:153441,zgc153441
27947,zgc:153499,zgc153499
27948,zgc:153521,zgc153521
27949,zgc:153615,zgc153615
27950,zgc:153631,zgc153631
27951,zgc:153654,zgc153654
27952,zgc:153659,zgc153659
27953,zgc:153665,zgc153665
27954,zgc:153675,zgc153675
27955,zgc:153681,zgc153681
27956,zgc:153704,zgc153704
27957,zgc:153713,zgc153713
27958,zgc:153722,zgc153722
27959,zgc:153733,zgc153733
27960,zgc:153738,zgc153738
27961,zgc:153759,zgc153759
27962,zgc:153760,zgc153760
27963,zgc:153846,zgc153846
27964,zgc:153867,zgc153867
27965,zgc:153896,zgc153896
27966,zgc:153901,zgc153901
27967,zgc:153911,zgc153911
27968,zgc:153913,zgc153913
27969,zgc:153920,zgc153920
27970,zgc:153921,zgc153921
27971,zgc:153932,zgc153932
27972,zgc:153935,zgc153935
27973,zgc:153968,zgc153968
27974,zgc:153981,zgc153981
27975,zgc:153990,zgc153990
27976,zgc:153993,zgc153993
27977,zgc:154046,zgc154046
27978,zgc:154054,zgc154054
27979,zgc:154055,zgc154055
27980,zgc:154058,zgc154058
27981,zgc:154061,zgc154061
27982,zgc:154064,zgc154064
27983,zgc:154075,zgc154075
27984,zgc:154077,zgc154077
27985,zgc:154086,zgc154086
27986,zgc:154093,zgc154093
27987,zgc:154125,zgc154125
27988,zgc:154142,zgc154142
27989,zgc:154164,zgc154164
27990,zgc:158222,zgc158222
27991,zgc:158254,zgc158254
27992,zgc:158257,zgc158257
27993,zgc:158258,zgc158258
27994,zgc:158260,zgc158260
27995,zgc:158263,zgc158263
27996,zgc:158270,zgc158270
27997,zgc:158291,zgc158291
27998,zgc:158316,zgc158316
27999,zgc:158320,zgc158320
28000,zgc:158328,zgc158328
28001,zgc:158343,zgc158343
28002,zgc:158376,zgc158376
28003,zgc:158398,zgc158398
28004,zgc:158403,zgc158403
28005,zgc:158404,zgc158404
28006,zgc:158412,zgc158412
28007,zgc:158417,zgc158417
28008,zgc:158427,zgc158427
28009,zgc:158432,zgc158432
28010,zgc:158445,zgc158445
28011,zgc:158463,zgc158463
28012,zgc:158464,zgc158464
28013,zgc:158482,zgc158482
28014,zgc:158517,zgc158517
28015,zgc:158564,zgc158564
28016,zgc:158640,zgc158640
28017,zgc:158659,zgc158659
28018,zgc:158689,zgc158689
28019,zgc:158701,zgc158701
28020,zgc:158785,zgc158785
28021,zgc:158803,zgc158803
28022,zgc:158846,zgc158846
28023,zgc:158862,zgc158862
28024,zgc:158868,zgc158868
28025,zgc:161969,zgc161969
28026,zgc:161973,zgc161973
28027,zgc:162025,zgc162025
28028,zgc:162160,zgc162160
28029,zgc:162171,zgc162171
28030,zgc:162182,zgc162182
28031,zgc:162184,zgc162184
28032,zgc:162193,zgc162193
28033,zgc:162200,zgc162200
28034,zgc:162255,zgc162255
28035,zgc:162297,zgc162297
28036,zgc:162324,zgc162324
28037,zgc:162331,zgc162331
28038,zgc:162339,zgc162339
28039,zgc:162344,zgc162344
28040,zgc:162396,zgc162396
28041,zgc:162472,zgc162472
28042,zgc:162509,zgc162509
28043,zgc:162592,zgc162592
28044,zgc:162608,zgc162608
28045,zgc:162611,zgc162611
28046,zgc:162612,zgc162612
28047,zgc:162613,zgc162613
28048,zgc:162698,zgc162698
28049,zgc:162707,zgc162707
28050,zgc:162730,zgc162730
28051,zgc:162780,zgc162780
28052,zgc:162816,zgc162816
28053,zgc:162858,zgc162858
28054,zgc:162872,zgc162872
28055,zgc:162879,zgc162879
28056,zgc:162898,zgc162898
28057,zgc:162928,zgc162928
28058,zgc:162939,zgc162939
28059,zgc:162944,zgc162944
28060,zgc:162948,zgc162948
28061,zgc:162952,zgc162952
28062,zgc:162962,zgc162962
28063,zgc:162964,zgc162964
28064,zgc:162971,zgc162971
28065,zgc:162972,zgc162972
28066,zgc:162989,zgc162989
28067,zgc:163014,zgc163014
28068,zgc:163030,zgc163030
28069,zgc:163057,zgc163057
28070,zgc:163077,zgc163077
28071,zgc:163079,zgc163079
28072,zgc:163080,zgc163080
28073,zgc:163083,zgc163083
28074,zgc:163098,zgc163098
28075,zgc:163121,zgc163121
28076,zgc:163143,zgc163143
28077,zgc:165409,zgc165409
28078,zgc:165423,zgc165423
28079,zgc:165453,zgc165453
28080,zgc:165461,zgc165461
28081,zgc:165481,zgc165481
28082,zgc:165508,zgc165508
28083,zgc:165514,zgc165514
28084,zgc:165515,zgc165515
28085,zgc:165518,zgc165518
28086,zgc:165519,zgc165519
28087,zgc:165539,zgc165539
28088,zgc:165573,zgc165573
28089,zgc:165582,zgc165582
28090,zgc:165603,zgc165603
28091,zgc:165604,zgc165604
28092,zgc:165653,zgc165653
28093,zgc:165656,zgc165656
28094,zgc:171220,zgc171220
28095,zgc:171242,zgc171242
28096,zgc:171310,zgc171310
28097,zgc:171424,zgc171424
28098,zgc:171426,zgc171426
28099,zgc:171435,zgc171435
28100,zgc:171445,zgc171445
28101,zgc:171446,zgc171446
28102,zgc:171452,zgc171452
28103,zgc:171459,zgc171459
28104,zgc:171470,zgc171470
28105,zgc:171474,zgc171474
28106,zgc:171480,zgc171480
28107,zgc:171482,zgc171482
28108,zgc:171489,zgc171489
28109,zgc:171490,zgc171490
28110,zgc:171497,zgc171497
28111,zgc:171500,zgc171500
28112,zgc:171501,zgc171501
28113,zgc:171506,zgc171506
28114,zgc:171509,zgc171509
28115,zgc:171517,zgc171517
28116,zgc:171534,zgc171534
28117,zgc:171551,zgc171551
28118,zgc:171558,zgc171558
28119,zgc:171592,zgc171592
28120,zgc:171599,zgc171599
28121,zgc:171601,zgc171601
28122,zgc:171604,zgc171604
28123,zgc:171673,zgc171673
28124,zgc:171679,zgc171679
28125,zgc:171686,zgc171686
28126,zgc:171687,zgc171687
28127,zgc:171695,zgc171695
28128,zgc:171699,zgc171699
28129,zgc:171704,zgc171704
28130,zgc:171711,zgc171711
28131,zgc:171717,zgc171717
28132,zgc:171727,zgc171727
28133,zgc:171731,zgc171731
28134,zgc:171734,zgc171734
28135,zgc:171740,zgc171740
28136,zgc:171750,zgc171750
28137,zgc:171775,zgc171775
28138,zgc:171776,zgc171776
28139,zgc:171779,zgc171779
28140,zgc:171844,zgc171844
28141,zgc:171857,zgc171857
28142,zgc:171887,zgc171887
28143,zgc:171901,zgc171901
28144,zgc:171927,zgc171927
28145,zgc:171965,zgc171965
28146,zgc:171967,zgc171967
28147,zgc:171971,zgc171971
28148,zgc:171977,zgc171977
28149,zgc:172014,zgc172014
28150,zgc:172051,zgc172051
28151,zgc:172053,zgc172053
28152,zgc:172065,zgc172065
28153,zgc:172079,zgc172079
28154,zgc:172090,zgc172090
28155,zgc:172091,zgc172091
28156,zgc:172106,zgc172106
28157,zgc:172120,zgc172120
28158,zgc:172121,zgc172121
28159,zgc:172122,zgc172122
28160,zgc:172128,zgc172128
28161,zgc:172131,zgc172131
28162,zgc:172133,zgc172133
28163,zgc:172139,zgc172139
28164,zgc:172145,zgc172145
28165,zgc:172182,zgc172182
28166,zgc:172215,zgc172215
28167,zgc:172253,zgc172253
28168,zgc:172270,zgc172270
28169,zgc:172271,zgc172271
28170,zgc:172282,zgc172282
28171,zgc:172302,zgc172302
28172,zgc:172323,zgc172323
28173,zgc:172339,zgc172339
28174,zgc:172341,zgc172341
28175,zgc:173443,zgc173443
28176,zgc:173480,zgc173480
28177,zgc:173486,zgc173486
28178,zgc:173517,zgc173517
28179,zgc:173544,zgc173544
28180,zgc:173545,zgc173545
28181,zgc:173548,zgc173548
28182,zgc:173570,zgc173570
28183,zgc:173575,zgc173575
28184,zgc:173577,zgc173577
28185,zgc:173581,zgc173581
28186,zgc:173585,zgc173585
28187,zgc:173587,zgc173587
28188,zgc:173615,zgc173615
28189,zgc:173619,zgc173619
28190,zgc:173624,zgc173624
28191,zgc:173693,zgc173693
28192,zgc:173705,zgc173705
28193,zgc:173709,zgc173709
28194,zgc:173714,zgc173714
28195,zgc:173720,zgc173720
28196,zgc:173726,zgc173726
28197,zgc:173737,zgc173737
28198,zgc:173742,zgc173742
28199,zgc:173770,zgc173770
28200,zgc:173816,zgc173816
28201,zgc:173837,zgc173837
28202,zgc:173856,zgc173856
28203,zgc:173915,zgc173915
28204,zgc:174153,zgc174153
28205,zgc:174164,zgc174164
28206,zgc:174222,zgc174222
28207,zgc:174224,zgc174224
28208,zgc:174259,zgc174259
28209,zgc:174263,zgc174263
28210,zgc:174268,zgc174268
28211,zgc:174275,zgc174275
28212,zgc:174288,zgc174288
28213,zgc:174310,zgc174310
28214,zgc:174314,zgc174314
28215,zgc:174315,zgc174315
28216,zgc:174320,zgc174320
28217,zgc:174354,zgc174354
28218,zgc:174355,zgc174355
28219,zgc:174573,zgc174573
28220,zgc:174574,zgc174574
28221,zgc:174624,zgc174624
28222,zgc:174646,zgc174646
28223,zgc:174653,zgc174653
28224,zgc:174680,zgc174680
28225,zgc:174696,zgc174696
28226,zgc:174698,zgc174698
28227,zgc:174702,zgc174702
28228,zgc:174704,zgc174704
28229,zgc:174710,zgc174710
28230,zgc:174719,zgc174719
28231,zgc:174862,zgc174862
28232,zgc:174863,zgc174863
28233,zgc:174877,zgc174877
28234,zgc:174888,zgc174888
28235,zgc:174890,zgc174890
28236,zgc:174895,zgc174895
28237,zgc:174904,zgc174904
28238,zgc:174906,zgc174906
28239,zgc:174917,zgc174917
28240,zgc:174931,zgc174931
28241,zgc:174935,zgc174935
28242,zgc:174938,zgc174938
28243,zgc:174945,zgc174945
28244,zgc:174972,zgc174972
28245,zgc:175088,zgc175088
28246,zgc:175107,zgc175107
28247,zgc:175135,zgc175135
28248,zgc:175136,zgc175136
28249,zgc:175139,zgc175139
28250,zgc:175177,zgc175177
28251,zgc:175214,zgc175214
28252,zgc:175248,zgc175248
28253,zgc:175264,zgc175264
28254,zgc:175280,zgc175280
28255,zgc:175284,zgc175284
28256,zgc:193505,zgc193505
28257,zgc:193541,zgc193541
28258,zgc:193690,zgc193690
28259,zgc:193711,zgc193711
28260,zgc:193726,zgc193726
28261,zgc:193742,zgc193742
28262,zgc:193790,zgc193790
28263,zgc:193801,zgc193801
28264,zgc:193807,zgc193807
28265,zgc:193811,zgc193811
28266,zgc:193812,zgc193812
28267,zgc:194007,zgc194007
28268,zgc:194101,zgc194101
28269,zgc:194114,zgc194114
28270,zgc:194189,zgc194189
28271,zgc:194202,zgc194202
28272,zgc:194209,zgc194209
28273,zgc:194210,zgc194210
28274,zgc:194215,zgc194215
28275,zgc:194224,zgc194224
28276,zgc:194242,zgc194242
28277,zgc:194246,zgc194246
28278,zgc:194252,zgc194252
28279,zgc:194275,zgc194275
28280,zgc:194281,zgc194281
28281,zgc:194285,zgc194285
28282,zgc:194312,zgc194312
28283,zgc:194330,zgc194330
28284,zgc:194336,zgc194336
28285,zgc:194398,zgc194398
28286,zgc:194418,zgc194418
28287,zgc:194443,zgc194443
28288,zgc:194469,zgc194469
28289,zgc:194551,zgc194551
28290,zgc:194578,zgc194578
28291,zgc:194621,zgc194621
28292,zgc:194627,zgc194627
28293,zgc:194629,zgc194629
28294,zgc:194655,zgc194655
28295,zgc:194659,zgc194659
28296,zgc:194665,zgc194665
28297,zgc:194679,zgc194679
28298,zgc:194839,zgc194839
28299,zgc:194887,zgc194887
28300,zgc:194908,zgc194908
28301,zgc:194930,zgc194930
28302,zgc:194948,zgc194948
28303,zgc:194981,zgc194981
28304,zgc:194989,zgc194989
28305,zgc:194990,zgc194990
28306,zgc:195001,zgc195001
28307,zgc:195023,zgc195023
28308,zgc:195050,zgc195050
28309,zgc:195075,zgc195075
28310,zgc:195077,zgc195077
28311,zgc:195081,zgc195081
28312,zgc:195170,zgc195170
28313,zgc:195173,zgc195173
28314,zgc:195175,zgc195175
28315,zgc:195212,zgc195212
28316,zgc:195245,zgc195245
28317,zgc:195282,zgc195282
28318,zgc:195356,zgc195356
28319,zgc:198241,zgc198241
28320,zgc:198329,zgc198329
28321,zgc:198371,zgc198371
28322,zgc:55262,zgc55262
28323,zgc:55461,zgc55461
28324,zgc:55558,zgc55558
28325,zgc:55733,zgc55733
28326,zgc:55781,zgc55781
28327,zgc:55888,zgc55888
28328,zgc:55943,zgc55943
28329,zgc:56095,zgc56095
28330,zgc:56106,zgc56106
28331,zgc:56231,zgc56231
28332,zgc:56235,zgc56235
28333,zgc:56304,zgc56304
28334,zgc:56409,zgc56409
28335,zgc:56525,zgc56525
28336,zgc:56556,zgc56556
28337,zgc:56585,zgc56585
28338,zgc:56622,zgc56622
28339,zgc:56628,zgc56628
28340,zgc:56676,zgc56676
28341,zgc:56699,zgc56699
28342,zgc:63470,zgc63470
28343,zgc:63568,zgc63568
28344,zgc:63569,zgc63569
28345,zgc:63587,zgc63587
28346,zgc:63831,zgc63831
28347,zgc:63863,zgc63863
28348,zgc:63882,zgc63882
28349,zgc:63972,zgc63972
28350,zgc:64002,zgc64002
28351,zgc:64022,zgc64022
28352,zgc:64065,zgc64065
28353,zgc:64106,zgc64106
28354,zgc:64189,zgc64189
28355,zgc:64201,zgc64201
28356,zgc:65873,zgc65873
28357,zgc:65894,zgc65894
28358,zgc:65895,zgc65895
28359,zgc:65997,zgc65997
28360,zgc:66024,zgc66024
28361,zgc:66160,zgc66160
28362,zgc:66313,zgc66313
28363,zgc:66388,zgc66388
28364,zgc:66426,zgc66426
28365,zgc:66427,zgc66427
28366,zgc:66433,zgc66433
28367,zgc:66440,zgc66440
28368,zgc:66443,zgc66443
28369,zgc:66447,zgc66447
28370,zgc:66448,zgc66448
28371,zgc:66455,zgc66455
28372,zgc:66472,zgc66472
28373,zgc:66473,zgc66473
28374,zgc:66474,zgc66474
28375,zgc:66475,zgc66475
28376,zgc:66479,zgc66479
28377,zgc:66483,zgc66483
28378,zgc:66484,zgc66484
28379,zgc:73226,zgc73226
28380,zgc:73359,zgc73359
28381,zgc:76872,zgc76872
28382,zgc:77056,zgc77056
28383,zgc:77058,zgc77058
28384,zgc:77086,zgc77086
28385,zgc:77112,zgc77112
28386,zgc:77118,zgc77118
28387,zgc:77151,zgc77151
28388,zgc:77197,zgc77197
28389,zgc:77262,zgc77262
28390,zgc:77287,zgc77287
28391,zgc:77375,zgc77375
28392,zgc:77398,zgc77398
28393,zgc:77439,zgc77439
28394,zgc:77486,zgc77486
28395,zgc:77650,zgc77650
28396,zgc:77739,zgc77739
28397,zgc:77748,zgc77748
28398,zgc:77752,zgc77752
28399,zgc:77784,zgc77784
28400,zgc:77838,zgc77838
28401,zgc:77849,zgc77849
28402,zgc:77880,zgc77880
28403,zgc:77929,zgc77929
28404,zgc:77938,zgc77938
28405,zgc:85722,zgc85722
28406,zgc:85777,zgc85777
28407,zgc:85789,zgc85789
28408,zgc:85843,zgc85843
28409,zgc:85858,zgc85858
28410,zgc:85932,zgc85932
28411,zgc:85936,zgc85936
28412,zgc:86598,zgc86598
28413,zgc:86609,zgc86609
28414,zgc:86709,zgc86709
28415,zgc:86738,zgc86738
28416,zgc:86764,zgc86764
28417,zgc:86896,zgc86896
28418,zgc:91849,zgc91849
28419,zgc:91850,zgc91850
28420,zgc:91860,zgc91860
28421,zgc:91890,zgc91890
28422,zgc:91910,zgc91910
28423,zgc:91944,zgc91944
28424,zgc:91968,zgc91968
28425,zgc:91976,zgc91976
28426,zgc:91999,zgc91999
28427,zgc:92040,zgc92040
28428,zgc:92107,zgc92107
28429,zgc:92137,zgc92137
28430,zgc:92140,zgc92140
28431,zgc:92161,zgc92161
28432,zgc:92162,zgc92162
28433,zgc:92242,zgc92242
28434,zgc:92275,zgc92275
28435,zgc:92287,zgc92287
28436,zgc:92313,zgc92313
28437,zgc:92335,zgc92335
28438,zgc:92360,zgc92360
28439,zgc:92380,zgc92380
28440,zgc:92429,zgc92429
28441,zgc:92481,zgc92481
28442,zgc:92518,zgc92518
28443,zgc:92590,zgc92590
28444,zgc:92591,zgc92591
28445,zgc:92594,zgc92594
28446,zgc:92606,zgc92606
28447,zgc:92630,zgc92630
28448,zgc:92664,zgc92664
28449,zgc:92749,zgc92749
28450,zgc:92818,zgc92818
28451,zgc:92873,zgc92873
28452,zgc:92907,zgc92907
28453,zgc:92912,zgc92912
28454,zglp1,zglp1
28455,zgpat,zgpat
28456,zhx2a,zhx2a
28457,zhx2b,zhx2b
28458,zhx3,zhx3
28459,zic1,zic1
28460,zic2a,zic2a
28461,zic2b,zic2b
28462,zic3,zic3
28463,zic4,zic4
28464,zic5,zic5
28465,zic6,zic6
28466,zmat2,zmat2
28467,zmat3,zmat3
28468,zmat4a,zmat4a
28469,zmat4b,zmat4b
28470,zmat5,zmat5
28471,zmiz1a,zmiz1a
28472,zmiz1b,zmiz1b
28473,zmiz2,zmiz2
28474,zmp:0000000521,zmp0000000521
28475,zmp:0000000529,zmp0000000529
28476,zmp:0000000606,zmp0000000606
28477,zmp:0000000608,zmp0000000608
28478,zmp:0000000619,zmp0000000619
28479,zmp:0000000624,zmp0000000624
28480,zmp:0000000625,zmp0000000625
28481,zmp:0000000650,zmp0000000650
28482,zmp:0000000652,zmp0000000652
28483,zmp:0000000662,zmp0000000662
28484,zmp:0000000711,zmp0000000711
28485,zmp:0000000735,zmp0000000735
28486,zmp:0000000755,zmp0000000755
28487,zmp:0000000760,zmp0000000760
28488,zmp:0000000794,zmp0000000794
28489,zmp:0000000845,zmp0000000845
28490,zmp:0000000846,zmp0000000846
28491,zmp:0000000881,zmp0000000881
28492,zmp:0000000906,zmp0000000906
28493,zmp:0000000912,zmp0000000912
28494,zmp:0000000924,zmp0000000924
28495,zmp:0000000932,zmp0000000932
28496,zmp:0000000936,zmp0000000936
28497,zmp:0000000937,zmp0000000937
28498,zmp:0000000951,zmp0000000951
28499,zmp:0000000971,zmp0000000971
28500,zmp:0000000984,zmp0000000984
28501,zmp:0000000991,zmp0000000991
28502,zmp:0000001003,zmp0000001003
28503,zmp:0000001006,zmp0000001006
28504,zmp:0000001020,zmp0000001020
28505,zmp:0000001031,zmp0000001031
28506,zmp:0000001048,zmp0000001048
28507,zmp:0000001062,zmp0000001062
28508,zmp:0000001069,zmp0000001069
28509,zmp:0000001073,zmp0000001073
28510,zmp:0000001074,zmp0000001074
28511,zmp:0000001082,zmp0000001082
28512,zmp:0000001088,zmp0000001088
28513,zmp:0000001114,zmp0000001114
28514,zmp:0000001127,zmp0000001127
28515,zmp:0000001138,zmp0000001138
28516,zmp:0000001161,zmp0000001161
28517,zmp:0000001172,zmp0000001172
28518,zmp:0000001174,zmp0000001174
28519,zmp:0000001228,zmp0000001228
28520,zmp:0000001267,zmp0000001267
28521,zmp:0000001268,zmp0000001268
28522,zmp:0000001289,zmp0000001289
28523,zmp:0000001301,zmp0000001301
28524,zmp:0000001316,zmp0000001316
28525,zmp:0000001323,zmp0000001323
28526,zmpste24,zmpste24
28527,zmym2,zmym2
28528,zmym4,zmym4
28529,zmynd10,zmynd10
28530,zmynd19,zmynd19
28531,zmynd8,zmynd8
28532,znf1000,znf1000
28533,znf1001,znf1001
28534,znf1002,znf1002
28535,znf1003,znf1003
28536,znf1005,znf1005
28537,znf1007,znf1007
28538,znf1008,znf1008
28539,znf1009,znf1009
28540,znf1010,znf1010
28541,znf1011,znf1011
28542,znf1013,znf1013
28543,znf1014,znf1014
28544,znf1015,znf1015
28545,znf1016,znf1016
28546,znf1017,znf1017
28547,znf1018,znf1018
28548,znf1020,znf1020
28549,znf1024,znf1024
28550,znf1025,znf1025
28551,znf1027,znf1027
28552,znf1028,znf1028
28553,znf1029,znf1029
28554,znf1030,znf1030
28555,znf1032,znf1032
28556,znf1033,znf1033
28557,znf1034,znf1034
28558,znf1035,znf1035
28559,znf1036,znf1036
28560,znf1037,znf1037
28561,znf1038,znf1038
28562,znf1039,znf1039
28563,znf1040,znf1040
28564,znf1041,znf1041
28565,znf1042,znf1042
28566,znf1043,znf1043
28568,znf1045,znf1045
28569,znf1047,znf1047
28570,znf1048,znf1048
28571,znf1049,znf1049
28572,znf1050,znf1050
28573,znf1051,znf1051
28574,znf1052,znf1052
28575,znf1055,znf1055
28576,znf1056,znf1056
28577,znf1057,znf1057
28578,znf1058,znf1058
28579,znf1059,znf1059
28580,znf1061,znf1061
28581,znf1063,znf1063
28582,znf1064,znf1064
28583,znf1065,znf1065
28584,znf1066,znf1066
28585,znf1068,znf1068
28586,znf1069,znf1069
28587,znf106a,znf106a
28588,znf106b,znf106b
28589,znf1070,znf1070
28590,znf1071,znf1071
28591,znf1072,znf1072
28592,znf1073,znf1073
28593,znf1074,znf1074
28594,znf1077,znf1077
28595,znf1078,znf1078
28596,znf1079,znf1079
28597,znf1080,znf1080
28598,znf1081,znf1081
28599,znf1082,znf1082
28600,znf1083,znf1083
28601,znf1084,znf1084
28602,znf1087,znf1087
28603,znf1089,znf1089
28604,znf1090,znf1090
28605,znf1091,znf1091
28606,znf1092,znf1092
28607,znf1093,znf1093
28608,znf1094,znf1094
28609,znf1095,znf1095
28610,znf1096,znf1096
28611,znf1097,znf1097
28612,znf1098,znf1098
28613,znf1099,znf1099
28614,znf1100,znf1100
28615,znf1101,znf1101
28616,znf1103,znf1103
28617,znf1105,znf1105
28618,znf1106,znf1106
28619,znf1107,znf1107
28620,znf1109,znf1109
28621,znf1110,znf1110
28622,znf1111,znf1111
28623,znf1112,znf1112
28624,znf1113,znf1113
28625,znf1114,znf1114
28626,znf1116,znf1116
28627,znf1117,znf1117
28628,znf1119,znf1119
28629,znf1122,znf1122
28630,znf1124,znf1124
28631,znf1125,znf1125
28632,znf1126,znf1126
28633,znf1128,znf1128
28634,znf1129,znf1129
28635,znf1130,znf1130
28636,znf1131,znf1131
28637,znf1132,znf1132
28638,znf1133,znf1133
28639,znf1134,znf1134
28640,znf1135,znf1135
28641,znf1136,znf1136
28642,znf1138,znf1138
28643,znf1139,znf1139
28644,znf1140,znf1140
28645,znf1143,znf1143
28646,znf1144,znf1144
28647,znf1145,znf1145
28648,znf1147,znf1147
28649,znf1148,znf1148
28650,znf1150,znf1150
28651,znf1151,znf1151
28652,znf1152,znf1152
28653,znf1153,znf1153
28654,znf1154,znf1154
28655,znf1155,znf1155
28656,znf1156,znf1156
28657,znf1157,znf1157
28658,znf1158,znf1158
28659,znf1159,znf1159
28660,znf1160,znf1160
28661,znf1161,znf1161
28662,znf1162,znf1162
28663,znf1163,znf1163
28664,znf1164,znf1164
28665,znf1166,znf1166
28666,znf1167,znf1167
28667,znf1168,znf1168
28668,znf1169,znf1169
28669,znf1171,znf1171
28670,znf1172,znf1172
28671,znf1173,znf1173
28672,znf1174,znf1174
28673,znf1175,znf1175
28674,znf1178,znf1178
28675,znf1179,znf1179
28676,znf1181,znf1181
28677,znf1182,znf1182
28678,znf1183,znf1183
28679,znf1184,znf1184
28680,znf131,znf131
28681,znf142,znf142
28682,znf143a,znf143a
28683,znf143b,znf143b
28684,znf148,znf148
28685,znf16l,znf16l
28686,znf185,znf185
28687,znf207a,znf207a
28688,znf207b,znf207b
28689,znf217,znf217
28690,znf219,znf219
28691,znf236,znf236
28692,ZNF276,ZNF276
28693,znf277,znf277
28694,znf280d,znf280d
28695,znf281a,znf281a
28696,znf281b,znf281b
28697,znf292a,znf292a
28698,znf292b,znf292b
28699,znf296,znf296
28700,znf318,znf318
28701,znf319b,znf319b
28702,znf326,znf326
28703,znf330,znf330
28704,ZNF335,ZNF335
28705,znf341,znf341
28706,znf346,znf346
28707,znf362a,znf362a
28708,znf362b,znf362b
28709,znf365,znf365
28710,znf366,znf366
28711,znf367,znf367
28712,znf385a,znf385a
28713,znf385b,znf385b
28714,znf385c,znf385c
28715,znf385d,znf385d
28716,znf395a,znf395a
28717,znf395b,znf395b
28718,znf407,znf407
28719,znf408,znf408
28720,znf410,znf410
28721,znf414,znf414
28722,znf423,znf423
28723,znf438,znf438
28724,znf451,znf451
28725,znf45l,znf45l
28726,ZNF462,ZNF462
28727,znf503,znf503
28728,znf507,znf507
28729,znf511,znf511
28730,znf512,znf512
28731,ZNF512B,ZNF512B
28732,znf513a,znf513a
28733,znf513b,znf513b
28734,znf516,znf516
28735,znf518b,znf518b
28736,znf521,znf521
28738,znf526,znf526
28739,znf532,znf532
28740,znf536,znf536
28741,znf541,znf541
28742,znf569l,znf569l
28743,znf574,znf574
28744,znf576.1,znf576.1
28745,znf576.2,znf576.2
28746,znf592,znf592
28747,znf593,znf593
28748,znf598,znf598
28749,znf608,znf608
28750,znf609a,znf609a
28751,znf609b,znf609b
28752,znf618,znf618
28753,znf622,znf622
28754,znf628,znf628
28755,znf644a,znf644a
28756,znf644b,znf644b
28757,znf646,znf646
28758,znf648,znf648
28759,znf652,znf652
28760,znf653,znf653
28761,znf654,znf654
28762,znf668,znf668
28763,znf687a,znf687a
28764,znf687b,znf687b
28765,znf692,znf692
28766,znf703,znf703
28767,znf704,znf704
28768,znf706,znf706
28769,znf710a,znf710a
28770,znf710b,znf710b
28771,znf711,znf711
28772,znf740a,znf740a
28773,znf740b,znf740b
28774,znf750,znf750
28775,znf76,znf76
28776,znf770,znf770
28777,znf800a,znf800a
28778,znf800b,znf800b
28779,znf804a,znf804a
28780,znf804b,znf804b
28781,znf827,znf827
28782,znf831,znf831
28783,znf839,znf839
28784,znf865,znf865
28785,znf970,znf970
28786,znf971,znf971
28787,znf972,znf972
28788,znf973,znf973
28789,znf975,znf975
28790,znf976,znf976
28791,znf977,znf977
28792,znf979,znf979
28793,znf982,znf982
28794,znf983,znf983
28795,znf986,znf986
28796,znf987,znf987
28797,znf988,znf988
28798,znf989,znf989
28799,znf990,znf990
28800,znf991,znf991
28801,znf992,znf992
28802,znf994,znf994
28803,znf995,znf995
28804,znf996,znf996
28805,znf997,znf997
28806,znf998,znf998
28807,znf999,znf999
28808,znfl1,znfl1
28809,znfl1b,znfl1b
28810,znfl1c,znfl1c
28811,znfl1g,znfl1g
28812,znfl1h,znfl1h
28813,znfl1i,znfl1i
28814,znfl1k,znfl1k
28815,znfl2a,znfl2a
28816,znfx1,znfx1
28817,znhit1,znhit1
28818,znhit2,znhit2
28819,znhit3,znhit3
28820,znhit6,znhit6
28821,znrd1,znrd1
28822,znrf1,znrf1
28823,znrf2a,znrf2a
28824,znrf2b,znrf2b
28825,znrf3,znrf3
28826,zp2.1,zp2.1
28827,zp2.2,zp2.2
28828,zp2.3,zp2.3
28829,zp2.5,zp2.5
28830,zp2.6,zp2.6
28831,zp2l2,zp2l2
28832,zp3,zp3
28833,zp3.2,zp3.2
28834,zp3a.1,zp3a.1
28835,zp3a.2,zp3a.2
28836,zp3b,zp3b
28837,zp3c,zp3c
28838,zp3d.1,zp3d.1
28839,zp3d.2,zp3d.2
28840,zpcx,zpcx
28841,zpld1a,zpld1a
28842,zpld1b,zpld1b
28843,zpr1,zpr1
28844,zranb1a,zranb1a
28845,zranb1b,zranb1b
28846,zranb2,zranb2
28847,zranb3,zranb3
28848,zrsr2,zrsr2
28849,zswim2,zswim2
28850,zswim5,zswim5
28851,zswim6,zswim6
28852,zswim7,zswim7
28853,zswim8,zswim8
28854,zte38,zte38
28855,zufsp,zufsp
28856,zw10,zw10
28857,zwi,zwi
28858,zwilch,zwilch
28859,zyg11,zyg11
28860,zyx,zyx
28861,zzef1,zzef1
28862,zzz3,zzz3
28863,aanat2,aanat2
28864,abca4a,abca4a
28865,abcc6b.1,abcc6b.1
28866,ABCD2 (1 of many),ABCD2 (1 of many)
28867,abcg2d,abcg2d
28868,abhd6a,abhd6a
28869,abi3bpa,abi3bpa
28870,ace,ace
28871,acod1,acod1
28872,acot22,acot22
28873,ADAM12 (1 of many),ADAM12 (1 of many)
28874,adamts15b,adamts15b
28875,adarb2,adarb2
28876,adgra1a,adgra1a
28877,adgre15,adgre15
28878,adgre16,adgre16
28880,adgre5a,adgre5a
28881,adgre7,adgre7
28883,adipoqb,adipoqb
28884,adm2a,adm2a
28885,adra1aa,adra1aa
28886,adra2db,adra2db
28887,agtr1a,agtr1a
28888,ahsg1,ahsg1
28889,ak9,ak9
28891,akr1a1a,akr1a1a
28892,AL590145.1,AL590145.1
28893,AL590149.1,AL590149.1
28894,AL590152.1,AL590152.1
28895,AL627088.1,AL627088.1
28898,AL732567.1,AL732567.1
28899,AL732629.1,AL732629.1
28900,AL772146.1,AL772146.1
28902,AL772300.2,AL772300.2
28904,AL807749.2,AL807749.2
28905,AL808121.1,AL808121.1
28906,AL831726.2,AL831726.2
28908,AL844185.1,AL844185.1
28909,AL844563.1,AL844563.1
28912,AL845324.2,AL845324.2
28913,AL845362.1,AL845362.1
28916,AL845428.1,AL845428.1
28918,AL928685.3,AL928685.3
28921,AL928725.1,AL928725.1
28922,AL928824.2,AL928824.2
28923,AL928824.3,AL928824.3
28924,AL928866.1,AL928866.1
28925,AL928866.2,AL928866.2
28930,AL928977.1,AL928977.1
28931,AL929017.1,AL929017.1
28933,AL929114.2,AL929114.2
28934,AL929208.1,AL929208.1
28935,AL929229.1,AL929229.1
28937,AL929276.2,AL929276.2
28938,AL929294.1,AL929294.1
28942,AL929435.2,AL929435.2
28944,AL929493.2,AL929493.2
28948,AL935145.1,AL935145.1
28949,AL935174.3,AL935174.3
28951,AL935186.9,AL935186.9
28952,AL935195.1,AL935195.1
28953,AL935198.1,AL935198.1
28954,AL935269.1,AL935269.1
28955,AL935294.1,AL935294.1
28956,AL935300.1,AL935300.1
28957,AL935303.1,AL935303.1
28959,AL953841.1,AL953841.1
28962,AL953858.1,AL953858.1
28966,AL953893.1,AL953893.1
28967,AL953894.1,AL953894.1
28969,AL954149.2,AL954149.2
28972,AL954359.1,AL954359.1
28973,AL954361.1,AL954361.1
28974,AL954387.1,AL954387.1
28975,AL954682.1,AL954682.1
28976,AL954695.1,AL954695.1
28977,AL954767.1,AL954767.1
28979,alpi.2,alpi.2
28980,AMDHD1,AMDHD1
28981,and4,and4
28982,ankrd2,ankrd2
28983,ankrd27,ankrd27
28984,ankrd34ba,ankrd34ba
28985,anks4b,anks4b
28986,ANO2 (1 of many),ANO2 (1 of many)
28987,ano9a,ano9a
28988,antxr2b,antxr2b
28989,ANXA1 (1 of many),ANXA1 (1 of many)
28990,aoc1,aoc1
28991,ap1m1,ap1m1
28992,ap3b1a,ap3b1a
28993,apoc4,apoc4
28994,appl2,appl2
28995,aqp3b,aqp3b
28996,aqp9a,aqp9a
28997,ARF5 (1 of many),ARF5 (1 of many)
28998,arfgef1,arfgef1
28999,arhgap10,arhgap10
29000,ARHGAP22 (1 of many),ARHGAP22 (1 of many)
29001,arhgap27l,arhgap27l
29002,arhgef10la,arhgef10la
29003,artna,artna
29005,asb10,asb10
29006,asb15b,asb15b
29007,asic1b,asic1b
29008,atat1,atat1
29009,ATG2A,ATG2A
29010,atp2a1,atp2a1
29012,atp6v1f,atp6v1f
29013,atp8b2,atp8b2
29014,atr,atr
29015,avp,avp
29016,avpr1aa,avpr1aa
29017,b2ml,b2ml
29018,b3gat1b,b3gat1b
29019,B3GNT10,B3GNT10
29020,baalcb,baalcb
29021,bcl11aa,bcl11aa
29022,bcorl1,bcorl1
29023,bdkrb1,bdkrb1
29024,bdnf,bdnf
29025,best1,best1
29026,bhmt,bhmt
29027,bicc1b,bicc1b
29028,bmp10,bmp10
29029,bmp10l,bmp10l
29030,bmp2a,bmp2a
29031,bmp8a,bmp8a
29032,bmpr1bb,bmpr1bb
29033,bmpr2b,bmpr2b
29034,braf,braf
29035,btr16,btr16
29036,btr18,btr18
29037,btr24,btr24
29038,btr31,btr31
29039,btr32,btr32
29040,BX000363.1,BX000363.1
29044,BX000705.1,BX000705.1
29047,BX000981.2,BX000981.2
29051,BX001023.1,BX001023.1
29052,BX001023.2,BX001023.2
29053,BX001047.1,BX001047.1
29054,BX004770.1,BX004770.1
29055,BX004774.1,BX004774.1
29056,BX004779.2,BX004779.2
29057,BX004785.1,BX004785.1
29058,BX004800.1,BX004800.1
29059,BX004812.1,BX004812.1
29060,BX004816.2,BX004816.2
29063,BX004873.1,BX004873.1
29064,BX004962.1,BX004962.1
29066,BX004996.1,BX004996.1
29070,BX005024.2,BX005024.2
29072,BX005043.2,BX005043.2
29073,BX005054.1,BX005054.1
29074,BX005079.1,BX005079.1
29078,BX005108.1,BX005108.1
29079,BX005124.2,BX005124.2
29080,BX005129.2,BX005129.2
29081,BX005129.3,BX005129.3
29082,BX005129.4,BX005129.4
29083,BX005153.1,BX005153.1
29084,BX005153.2,BX005153.2
29085,BX005154.1,BX005154.1
29086,BX005183.1,BX005183.1
29087,BX005183.2,BX005183.2
29088,BX005183.3,BX005183.3
29091,BX005234.1,BX005234.1
29092,BX005256.1,BX005256.1
29095,BX005286.3,BX005286.3
29100,BX005313.2,BX005313.2
29101,BX005364.1,BX005364.1
29102,BX005372.1,BX005372.1
29103,BX005380.1,BX005380.1
29104,BX005389.1,BX005389.1
29105,BX005389.2,BX005389.2
29106,BX005389.3,BX005389.3
29107,BX005392.4,BX005392.4
29110,BX005399.3,BX005399.3
29111,BX005417.1,BX005417.1
29113,BX005445.1,BX005445.1
29114,BX005454.1,BX005454.1
29119,BX072554.1,BX072554.1
29120,BX072564.1,BX072564.1
29121,BX072577.1,BX072577.1
29125,BX088644.1,BX088644.1
29126,BX088649.2,BX088649.2
29128,BX119902.1,BX119902.1
29129,BX119902.3,BX119902.3
29130,BX119963.1,BX119963.1
29131,BX119963.2,BX119963.2
29132,BX119963.4,BX119963.4
29134,BX247865.2,BX247865.2
29137,BX248082.1,BX248082.1
29138,BX248097.3,BX248097.3
29139,BX248118.1,BX248118.1
29141,BX248243.1,BX248243.1
29142,BX248331.4,BX248331.4
29143,BX248332.1,BX248332.1
29144,BX248399.1,BX248399.1
29145,BX248410.3,BX248410.3
29146,BX248410.4,BX248410.4
29147,BX248512.1,BX248512.1
29149,BX248517.1,BX248517.1
29150,BX255897.1,BX255897.1
29151,BX255944.1,BX255944.1
29152,BX276102.1,BX276102.1
29154,BX276128.1,BX276128.1
29157,BX284697.2,BX284697.2
29158,BX293991.1,BX293991.1
29160,BX294113.1,BX294113.1
29162,BX294163.1,BX294163.1
29163,BX294165.1,BX294165.1
29164,BX294181.1,BX294181.1
29166,BX294379.1,BX294379.1
29167,BX294387.1,BX294387.1
29168,BX294661.1,BX294661.1
29169,BX296516.1,BX296516.1
29172,BX321875.3,BX321875.3
29177,BX322575.1,BX322575.1
29178,BX322618.1,BX322618.1
29180,BX322647.1,BX322647.1
29181,BX322657.1,BX322657.1
29183,BX322657.4,BX322657.4
29184,BX322660.1,BX322660.1
29187,BX323060.3,BX323060.3
29188,BX323064.2,BX323064.2
29189,BX323065.1,BX323065.1
29190,BX323076.1,BX323076.1
29191,BX323079.1,BX323079.1
29194,BX323444.2,BX323444.2
29196,BX323457.3,BX323457.3
29197,BX323461.1,BX323461.1
29200,BX323543.4,BX323543.4
29201,BX323544.1,BX323544.1
29202,BX323550.1,BX323550.1
29205,BX323797.1,BX323797.1
29208,BX323812.1,BX323812.1
29209,BX323839.1,BX323839.1
29210,BX323854.1,BX323854.1
29212,BX323876.1,BX323876.1
29213,BX323884.1,BX323884.1
29214,BX324003.1,BX324003.1
29215,BX324006.1,BX324006.1
29216,BX324006.2,BX324006.2
29217,BX324006.3,BX324006.3
29221,BX324134.1,BX324134.1
29222,BX324137.1,BX324137.1
29223,BX324142.1,BX324142.1
29225,BX324164.1,BX324164.1
29228,BX324166.1,BX324166.1
29229,BX324177.1,BX324177.1
29232,BX324206.1,BX324206.1
29233,BX324213.1,BX324213.1
29234,BX324216.3,BX324216.3
29235,BX324227.3,BX324227.3
29237,BX324233.1,BX324233.1
29238,BX465205.1,BX465205.1
29240,BX465206.1,BX465206.1
29241,BX465208.1,BX465208.1
29242,BX465225.1,BX465225.1
29244,BX465834.1,BX465834.1
29245,BX465836.1,BX465836.1
29246,BX465848.2,BX465848.2
29247,BX465864.1,BX465864.1
29250,BX469910.2,BX469910.2
29251,BX469918.1,BX469918.1
29252,BX469925.3,BX469925.3
29253,BX470107.1,BX470107.1
29254,BX470128.1,BX470128.1
29256,BX470224.2,BX470224.2
29257,BX470224.3,BX470224.3
29261,BX510309.2,BX510309.2
29262,BX510324.1,BX510324.1
29270,BX510657.1,BX510657.1
29272,BX510917.1,BX510917.1
29275,BX510928.1,BX510928.1
29276,BX510934.1,BX510934.1
29277,BX510934.3,BX510934.3
29278,BX510938.1,BX510938.1
29279,BX510989.2,BX510989.2
29280,BX510996.1,BX510996.1
29282,BX511018.2,BX511018.2
29283,BX511024.1,BX511024.1
29284,BX511066.2,BX511066.2
29288,BX511080.1,BX511080.1
29289,BX511082.1,BX511082.1
29290,BX511089.1,BX511089.1
29291,BX511089.3,BX511089.3
29292,BX511089.4,BX511089.4
29298,BX511128.3,BX511128.3
29299,BX511132.1,BX511132.1
29303,BX511224.1,BX511224.1
29304,BX511227.1,BX511227.1
29307,BX511308.1,BX511308.1
29310,BX511311.3,BX511311.3
29311,BX530018.1,BX530018.1
29313,BX530032.1,BX530032.1
29315,BX530034.1,BX530034.1
29318,BX537103.1,BX537103.1
29320,BX537137.2,BX537137.2
29321,BX537162.1,BX537162.1
29323,BX537249.1,BX537249.1
29324,BX537263.3,BX537263.3
29325,BX537274.2,BX537274.2
29330,BX537338.1,BX537338.1
29331,BX539307.2,BX539307.2
29332,BX539313.1,BX539313.1
29334,BX545855.1,BX545855.1
29335,BX545917.1,BX545917.1
29336,BX545917.2,BX545917.2
29337,BX545917.4,BX545917.4
29338,BX545917.7,BX545917.7
29340,BX546499.1,BX546499.1
29341,BX547928.1,BX547928.1
29342,BX547930.2,BX547930.2
29343,BX547930.3,BX547930.3
29344,BX547993.2,BX547993.2
29345,BX548011.3,BX548011.3
29347,BX548032.2,BX548032.2
29353,BX548164.1,BX548164.1
29356,BX569779.1,BX569779.1
29357,BX569790.1,BX569790.1
29358,BX569801.1,BX569801.1
29359,BX571665.1,BX571665.1
29361,BX571681.5,BX571681.5
29364,BX571711.1,BX571711.1
29365,BX571719.1,BX571719.1
29366,BX571724.1,BX571724.1
29368,BX571803.2,BX571803.2
29369,BX571803.3,BX571803.3
29373,BX571880.1,BX571880.1
29375,BX601648.1,BX601648.1
29376,BX629346.1,BX629346.1
29379,BX640462.3,BX640462.3
29380,BX640465.1,BX640465.1
29386,BX640537.1,BX640537.1
29387,BX640547.1,BX640547.1
29388,BX640576.1,BX640576.1
29389,BX640584.1,BX640584.1
29390,BX649266.1,BX649266.1
29391,BX649282.2,BX649282.2
29392,BX649282.3,BX649282.3
29393,BX649292.1,BX649292.1
29394,BX649307.1,BX649307.1
29398,BX649345.1,BX649345.1
29399,BX649349.2,BX649349.2
29400,BX649355.1,BX649355.1
29402,BX649416.3,BX649416.3
29403,BX649417.1,BX649417.1
29404,BX649423.1,BX649423.1
29405,BX649423.2,BX649423.2
29406,BX649431.2,BX649431.2
29407,BX649434.3,BX649434.3
29408,BX649448.2,BX649448.2
29410,BX649471.3,BX649471.3
29411,BX649476.1,BX649476.1
29412,BX649485.3,BX649485.3
29415,BX649490.1,BX649490.1
29416,BX649490.2,BX649490.2
29417,BX649490.4,BX649490.4
29418,BX649499.1,BX649499.1
29419,BX649499.2,BX649499.2
29420,BX649500.1,BX649500.1
29423,BX649516.5,BX649516.5
29424,BX649518.1,BX649518.1
29427,BX649608.1,BX649608.1
29428,BX649608.2,BX649608.2
29429,BX649610.1,BX649610.1
29430,BX649620.1,BX649620.1
29432,BX649639.1,BX649639.1
29435,BX663503.3,BX663503.3
29437,BX663516.2,BX663516.2
29438,BX663520.1,BX663520.1
29443,BX664610.1,BX664610.1
29444,BX664625.3,BX664625.3
29445,BX664705.1,BX664705.1
29448,BX664721.2,BX664721.2
29449,BX664750.1,BX664750.1
29451,BX666064.1,BX666064.1
29452,BX677667.2,BX677667.2
29453,BX681416.1,BX681416.1
29476,BX682557.2,BX682557.2
29479,BX784029.3,BX784029.3
29480,BX784032.1,BX784032.1
29483,BX842692.1,BX842692.1
29484,BX842699.1,BX842699.1
29485,BX842702.1,BX842702.1
29486,BX855590.1,BX855590.1
29488,BX890543.1,BX890543.1
29489,BX890551.1,BX890551.1
29490,BX890559.2,BX890559.2
29491,BX890572.1,BX890572.1
29493,BX890602.1,BX890602.1
29495,BX897670.1,BX897670.1
29496,BX897685.1,BX897685.1
29497,BX897692.1,BX897692.1
29499,BX901889.1,BX901889.1
29500,BX901889.2,BX901889.2
29506,BX901907.4,BX901907.4
29508,BX901920.1,BX901920.1
29509,BX901923.1,BX901923.1
29516,BX901962.1,BX901962.1
29517,BX908388.1,BX908388.1
29518,BX908740.1,BX908740.1
29519,BX908750.1,BX908750.1
29522,BX908757.3,BX908757.3
29523,BX908763.1,BX908763.1
29525,BX908780.2,BX908780.2
29527,BX908780.5,BX908780.5
29528,BX908782.1,BX908782.1
29529,BX908782.2,BX908782.2
29531,BX908796.2,BX908796.2
29533,BX914197.1,BX914197.1
29534,BX914205.2,BX914205.2
29536,BX914214.1,BX914214.1
29537,BX914214.2,BX914214.2
29539,BX927101.1,BX927101.1
29540,BX927122.1,BX927122.1
29541,BX927122.2,BX927122.2
29542,BX927123.1,BX927123.1
29543,BX927130.2,BX927130.2
29547,BX927216.1,BX927216.1
29548,BX927218.1,BX927218.1
29549,BX927234.1,BX927234.1
29550,BX927253.2,BX927253.2
29551,BX927260.1,BX927260.1
29552,BX927261.1,BX927261.1
29554,BX927300.1,BX927300.1
29556,BX927333.1,BX927333.1
29558,BX927349.1,BX927349.1
29559,BX927369.1,BX927369.1
29560,BX927374.1,BX927374.1
29561,BX927401.1,BX927401.1
29562,BX936284.1,BX936284.1
29563,BX936298.1,BX936298.1
29564,BX936303.1,BX936303.1
29568,BX936393.1,BX936393.1
29570,BX936431.1,BX936431.1
29574,BX950188.2,BX950188.2
29576,BX950225.1,BX950225.1
29577,BX950868.1,BX950868.1
29578,BX957228.1,BX957228.1
29581,BX957274.1,BX957274.1
29583,BX957297.2,BX957297.2
29584,BX957297.3,BX957297.3
29586,BX957317.3,BX957317.3
29587,BX957318.1,BX957318.1
29588,BX957333.1,BX957333.1
29589,BX957333.2,BX957333.2
29592,BX957362.2,BX957362.2
29593,c14h4orf45,c14h4orf45
29594,C14orf132,C14orf132
29595,c19h1orf216,c19h1orf216
29596,c1qa,c1qa
29597,c1qb,c1qb
29598,c1ql2,c1ql2
29599,c1qtnf5,c1qtnf5
29600,c1qtnf6b,c1qtnf6b
29601,c1r,c1r
29602,C3AR1,C3AR1
29603,ca15c,ca15c
29604,cabp7b,cabp7b
29605,CABZ01000635.1,CABZ01000635.1
29606,CABZ01001434.2,CABZ01001434.2
29607,CABZ01002809.1,CABZ01002809.1
29608,CABZ01003056.1,CABZ01003056.1
29609,CABZ01003476.1,CABZ01003476.1
29612,CABZ01012957.1,CABZ01012957.1
29613,CABZ01012962.1,CABZ01012962.1
29614,CABZ01015525.1,CABZ01015525.1
29615,CABZ01015815.3,CABZ01015815.3
29618,CABZ01017717.1,CABZ01017717.1
29620,CABZ01018956.1,CABZ01018956.1
29621,CABZ01019904.1,CABZ01019904.1
29622,CABZ01022564.1,CABZ01022564.1
29624,CABZ01024659.1,CABZ01024659.1
29625,CABZ01025162.1,CABZ01025162.1
29627,CABZ01027551.1,CABZ01027551.1
29628,CABZ01028298.1,CABZ01028298.1
29629,CABZ01028768.1,CABZ01028768.1
29630,CABZ01028771.1,CABZ01028771.1
29631,CABZ01030278.1,CABZ01030278.1
29634,CABZ01038521.1,CABZ01038521.1
29635,CABZ01038697.1,CABZ01038697.1
29636,CABZ01039096.1,CABZ01039096.1
29637,CABZ01039863.1,CABZ01039863.1
29639,CABZ01040626.1,CABZ01040626.1
29640,CABZ01041494.1,CABZ01041494.1
29641,CABZ01041495.1,CABZ01041495.1
29642,CABZ01041610.1,CABZ01041610.1
29644,CABZ01042594.1,CABZ01042594.1
29646,CABZ01043956.1,CABZ01043956.1
29647,CABZ01044108.1,CABZ01044108.1
29648,CABZ01044746.1,CABZ01044746.1
29649,CABZ01044765.1,CABZ01044765.1
29650,CABZ01045212.1,CABZ01045212.1
29651,CABZ01045414.1,CABZ01045414.1
29652,CABZ01046093.1,CABZ01046093.1
29653,CABZ01046427.1,CABZ01046427.1
29654,CABZ01046427.2,CABZ01046427.2
29655,CABZ01046949.1,CABZ01046949.1
29656,CABZ01046980.1,CABZ01046980.1
29658,CABZ01050062.1,CABZ01050062.1
29659,CABZ01050105.2,CABZ01050105.2
29661,CABZ01051901.1,CABZ01051901.1
29662,CABZ01051977.1,CABZ01051977.1
29663,CABZ01052573.1,CABZ01052573.1
29664,CABZ01054391.1,CABZ01054391.1
29665,CABZ01054509.1,CABZ01054509.1
29667,CABZ01056051.1,CABZ01056051.1
29668,CABZ01056054.1,CABZ01056054.1
29669,CABZ01056637.1,CABZ01056637.1
29670,CABZ01057928.1,CABZ01057928.1
29671,CABZ01058222.1,CABZ01058222.1
29672,CABZ01058277.1,CABZ01058277.1
29673,CABZ01058647.1,CABZ01058647.1
29674,CABZ01059392.1,CABZ01059392.1
29678,CABZ01061501.1,CABZ01061501.1
29679,CABZ01061894.1,CABZ01061894.1
29680,CABZ01063203.1,CABZ01063203.1
29682,CABZ01064248.1,CABZ01064248.1
29684,CABZ01065416.1,CABZ01065416.1
29685,CABZ01065423.1,CABZ01065423.1
29686,CABZ01065684.1,CABZ01065684.1
29687,CABZ01066312.1,CABZ01066312.1
29688,CABZ01066611.1,CABZ01066611.1
29689,CABZ01067151.1,CABZ01067151.1
29690,CABZ01067175.1,CABZ01067175.1
29691,CABZ01068208.1,CABZ01068208.1
29693,CABZ01068359.1,CABZ01068359.1
29694,CABZ01069324.1,CABZ01069324.1
29695,CABZ01069436.1,CABZ01069436.1
29696,CABZ01069945.1,CABZ01069945.1
29697,CABZ01071061.1,CABZ01071061.1
29698,CABZ01071909.1,CABZ01071909.1
29700,CABZ01072242.1,CABZ01072242.1
29701,CABZ01072309.2,CABZ01072309.2
29702,CABZ01072563.1,CABZ01072563.1
29703,CABZ01072815.1,CABZ01072815.1
29704,CABZ01072989.1,CABZ01072989.1
29705,CABZ01073015.1,CABZ01073015.1
29707,CABZ01074470.1,CABZ01074470.1
29708,CABZ01074886.1,CABZ01074886.1
29709,CABZ01075125.1,CABZ01075125.1
29710,CABZ01075611.1,CABZ01075611.1
29711,CABZ01077176.1,CABZ01077176.1
29712,CABZ01078080.1,CABZ01078080.1
29713,CABZ01078600.1,CABZ01078600.1
29714,CABZ01078663.1,CABZ01078663.1
29715,CABZ01078858.1,CABZ01078858.1
29716,CABZ01079116.1,CABZ01079116.1
29719,CABZ01079748.1,CABZ01079748.1
29720,CABZ01079804.1,CABZ01079804.1
29721,CABZ01079818.1,CABZ01079818.1
29722,CABZ01079870.1,CABZ01079870.1
29723,CABZ01079873.1,CABZ01079873.1
29724,CABZ01080098.1,CABZ01080098.1
29727,CABZ01081535.1,CABZ01081535.1
29728,CABZ01081748.1,CABZ01081748.1
29729,CABZ01083546.1,CABZ01083546.1
29730,CABZ01083778.1,CABZ01083778.1
29731,CABZ01083815.1,CABZ01083815.1
29732,CABZ01083937.1,CABZ01083937.1
29737,CABZ01084961.1,CABZ01084961.1
29738,CABZ01085140.1,CABZ01085140.1
29740,CABZ01086139.1,CABZ01086139.1
29741,CABZ01086611.1,CABZ01086611.1
29742,CABZ01086835.1,CABZ01086835.1
29744,CABZ01087502.1,CABZ01087502.1
29745,CABZ01087566.1,CABZ01087566.1
29747,CABZ01088275.1,CABZ01088275.1
29748,CABZ01088346.1,CABZ01088346.1
29749,CABZ01088982.1,CABZ01088982.1
29750,CABZ01089777.1,CABZ01089777.1
29751,CABZ01090544.1,CABZ01090544.1
29753,CABZ01092942.1,CABZ01092942.1
29755,CABZ01093429.1,CABZ01093429.1
29756,CABZ01100185.1,CABZ01100185.1
29758,CABZ01102039.1,CABZ01102039.1
29759,CABZ01103860.1,CABZ01103860.1
29763,CABZ01109058.1,CABZ01109058.1
29764,CABZ01111555.1,CABZ01111555.1
29765,CABZ01112050.1,CABZ01112050.1
29766,CABZ01112344.1,CABZ01112344.1
29767,CABZ01113373.1,CABZ01113373.1
29768,CABZ01113981.1,CABZ01113981.1
29770,CABZ01114581.1,CABZ01114581.1
29771,CABZ01117357.1,CABZ01117357.1
29773,CABZ01118004.1,CABZ01118004.1
29774,CABZ01118270.1,CABZ01118270.1
29775,CACNA2D3 (1 of many),CACNA2D3 (1 of many)
29776,cacnb2a,cacnb2a
29777,cacng1b,cacng1b
29778,calb2a,calb2a
29779,cald1b,cald1b
29781,camk1db,camk1db
29782,camkmt,camkmt
29783,card14,card14
29784,cart1,cart1
29786,cbln6,cbln6
29787,cbln8,cbln8
29788,cbln9,cbln9
29789,cbx7a,cbx7a
29790,ccdc135,ccdc135
29791,ccdc162,ccdc162
29792,ccdc171,ccdc171
29793,ccdc191,ccdc191
29794,ccdc33,ccdc33
29795,cckb,cckb
29796,ccl20a.3,ccl20a.3
29797,ccl20b,ccl20b
29798,ccl25a,ccl25a
29799,ccl34a.3,ccl34a.3
29800,ccl34b.1,ccl34b.1
29801,ccl35.2,ccl35.2
29802,ccl39.2,ccl39.2
29804,ccni2,ccni2
29805,ccnt1,ccnt1
29806,ccpg1,ccpg1
29807,ccr12a,ccr12a
29808,ccr6a,ccr6a
29809,ccr6b,ccr6b
29810,CCR8 (1 of many),CCR8 (1 of many)
29811,ccr9b,ccr9b
29812,cct2,cct2
29813,cd180,cd180
29814,cd247,cd247
29815,cd27,cd27
29816,cd79b,cd79b
29817,cd8b,cd8b
29818,cdc42ep1b,cdc42ep1b
29819,cdh13,cdh13
29820,cdh23,cdh23
29821,CDHR1 (1 of many),CDHR1 (1 of many)
29822,cel.1,cel.1
29823,CELA1 (1 of many),CELA1 (1 of many)
29824,celf3b,celf3b
29825,CEP170B (1 of many),CEP170B (1 of many)
29826,cfap299,cfap299
29827,cfap36,cfap36
29828,cfap45,cfap45
29829,cfap57,cfap57
29830,ch25hl2,ch25hl2
29831,chchd7,chchd7
29833,chrm2a,chrm2a
29834,chrm3b,chrm3b
29835,chrm5a,chrm5a
29836,chrm5b,chrm5b
29837,chst12b,chst12b
29838,cisd2,cisd2
29840,cldn15a,cldn15a
29841,cldnj,cldnj
29842,clec3bb,clec3bb
29843,clic5b,clic5b
29844,clic6,clic6
29845,CMKLR1 (1 of many),CMKLR1 (1 of many)
29846,cmpk2,cmpk2
29847,cnga2b,cnga2b
29848,cnga3b,cnga3b
29849,cnga4,cnga4
29851,cnr2,cnr2
29852,cntd1,cntd1
29853,cntrob,cntrob
29854,cog4,cog4
29855,col5a1,col5a1
29856,col9a1a,col9a1a
29857,COLGALT1 (1 of many),COLGALT1 (1 of many)
29858,cops6,cops6
29859,COQ8A (1 of many),COQ8A (1 of many)
29860,COX7A2 (1 of many),COX7A2 (1 of many)
29861,cplane2,cplane2
29863,cplx4c,cplx4c
29864,cpne4b,cpne4b
29865,cpt1ab,cpt1ab
29866,cpt2,cpt2
29867,cpxm1a,cpxm1a
29877,CR318603.2,CR318603.2
29878,CR318607.1,CR318607.1
29879,CR318624.1,CR318624.1
29884,CR352209.1,CR352209.1
29887,CR352226.1,CR352226.1
29888,CR352226.2,CR352226.2
29890,CR352263.1,CR352263.1
29892,CR352265.3,CR352265.3
29893,CR352285.1,CR352285.1
29894,CR352338.1,CR352338.1
29896,CR354395.1,CR354395.1
29897,CR354398.1,CR354398.1
29898,CR354402.1,CR354402.1
29899,CR354429.1,CR354429.1
29901,CR354547.3,CR354547.3
29902,CR354549.1,CR354549.1
29903,CR354549.10,CR354549.10
29905,CR354549.2,CR354549.2
29907,CR354549.5,CR354549.5
29908,CR354549.6,CR354549.6
29909,CR354549.7,CR354549.7
29910,CR354549.8,CR354549.8
29911,CR354549.9,CR354549.9
29912,CR354556.1,CR354556.1
29913,CR354610.2,CR354610.2
29914,CR354611.1,CR354611.1
29915,CR354612.1,CR354612.1
29916,CR361551.1,CR361551.1
29917,CR361564.1,CR361564.1
29920,CR376738.1,CR376738.1
29921,CR376738.2,CR376738.2
29922,CR376740.1,CR376740.1
29923,CR376741.5,CR376741.5
29924,CR376774.1,CR376774.1
29926,CR376779.1,CR376779.1
29927,CR376785.1,CR376785.1
29929,CR376835.1,CR376835.1
29931,CR381579.1,CR381579.1
29932,CR381579.3,CR381579.3
29933,CR381621.1,CR381621.1
29934,CR381647.2,CR381647.2
29937,CR382281.1,CR382281.1
29938,CR382296.1,CR382296.1
29940,CR382363.1,CR382363.1
29942,CR382385.1,CR382385.1
29943,CR383662.1,CR383662.1
29944,CR383662.3,CR383662.3
29945,CR383662.5,CR383662.5
29946,CR383662.6,CR383662.6
29947,CR383668.1,CR383668.1
29948,CR383669.7,CR383669.7
29949,CR384062.1,CR384062.1
29950,CR384075.1,CR384075.1
29954,CR385026.2,CR385026.2
29955,CR385035.1,CR385035.1
29957,CR385050.2,CR385050.2
29958,CR385050.3,CR385050.3
29960,CR385077.1,CR385077.1
29961,CR385078.2,CR385078.2
29964,CR387921.1,CR387921.1
29965,CR387932.1,CR387932.1
29968,CR388040.1,CR388040.1
29969,CR388042.2,CR388042.2
29974,CR388052.3,CR388052.3
29975,CR388079.3,CR388079.3
29978,CR388132.1,CR388132.1
29979,CR388164.1,CR388164.1
29981,CR388164.3,CR388164.3
29983,CR388178.2,CR388178.2
29984,CR388184.2,CR388184.2
29985,CR388195.1,CR388195.1
29988,CR388373.1,CR388373.1
29989,CR388373.3,CR388373.3
29992,CR388413.1,CR388413.1
29994,CR388413.5,CR388413.5
29996,CR391925.1,CR391925.1
29997,CR391953.1,CR391953.1
29998,CR391963.1,CR391963.1
30000,CR391991.1,CR391991.1
30001,CR391991.2,CR391991.2
30002,CR391998.1,CR391998.1
30003,CR392001.1,CR392001.1
30004,CR392001.2,CR392001.2
30005,CR392001.3,CR392001.3
30006,CR392003.1,CR392003.1
30007,CR392026.1,CR392026.1
30010,CR394528.1,CR394528.1
30014,CR394546.2,CR394546.2
30015,CR394546.3,CR394546.3
30017,CR394546.5,CR394546.5
30018,CR394555.1,CR394555.1
30020,CR405687.1,CR405687.1
30021,CR405715.1,CR405715.1
30023,CR450686.1,CR450686.1
30024,CR450686.4,CR450686.4
30025,CR450686.5,CR450686.5
30026,CR450698.1,CR450698.1
30027,CR450716.1,CR450716.1
30028,CR450720.1,CR450720.1
30030,CR450749.2,CR450749.2
30031,CR450780.3,CR450780.3
30033,CR450814.1,CR450814.1
30034,CR450824.2,CR450824.2
30036,CR456628.1,CR456628.1
30038,CR456635.1,CR456635.1
30039,CR456642.1,CR456642.1
30040,CR457444.10,CR457444.10
30042,CR457444.3,CR457444.3
30043,CR457444.4,CR457444.4
30044,CR457444.6,CR457444.6
30046,CR457445.1,CR457445.1
30047,CR457447.1,CR457447.1
30050,CR513782.2,CR513782.2
30051,CR513782.3,CR513782.3
30052,CR533571.1,CR533571.1
30053,CR533578.1,CR533578.1
30055,CR550304.1,CR550304.1
30060,CR559945.1,CR559945.1
30061,CR589874.1,CR589874.1
30062,CR589875.2,CR589875.2
30063,CR589876.1,CR589876.1
30064,CR589941.1,CR589941.1
30066,CR626884.3,CR626884.3
30067,CR626884.5,CR626884.5
30068,CR626902.1,CR626902.1
30069,CR626923.1,CR626923.1
30070,CR626935.1,CR626935.1
30071,CR626941.1,CR626941.1
30072,CR628341.2,CR628341.2
30073,CR628410.1,CR628410.1
30074,CR631122.1,CR631122.1
30075,CR678435.1,CR678435.1
30076,CR735104.1,CR735104.1
30079,CR749167.2,CR749167.2
30080,CR749168.1,CR749168.1
30081,CR749168.3,CR749168.3
30082,CR749168.4,CR749168.4
30084,CR749763.2,CR749763.2
30085,CR749763.4,CR749763.4
30086,CR749763.6,CR749763.6
30087,CR749763.7,CR749763.7
30088,CR749775.2,CR749775.2
30089,CR751224.1,CR751224.1
30090,CR751227.2,CR751227.2
30092,CR753837.1,CR753837.1
30093,CR753837.2,CR753837.2
30094,CR753844.1,CR753844.1
30096,CR759845.4,CR759845.4
30097,CR759863.1,CR759863.1
30098,CR759878.1,CR759878.1
30100,CR759907.1,CR759907.1
30103,CR762395.1,CR762395.1
30105,CR762475.2,CR762475.2
30107,CR762483.1,CR762483.1
30108,CR769772.2,CR769772.2
30109,CR769772.4,CR769772.4
30110,CR769777.1,CR769777.1
30111,CR774179.5,CR774179.5
30112,CR774189.1,CR774189.1
30113,CR774194.1,CR774194.1
30116,CR786571.3,CR786571.3
30119,CR788230.2,CR788230.2
30122,CR788249.1,CR788249.1
30124,CR788255.1,CR788255.1
30125,CR788285.1,CR788285.1
30129,CR790365.1,CR790365.1
30130,CR790366.3,CR790366.3
30134,CR790388.2,CR790388.2
30137,CR792453.3,CR792453.3
30138,CR792457.1,CR792457.1
30139,CR812464.1,CR812464.1
30140,CR812470.1,CR812470.1
30142,CR812836.1,CR812836.1
30143,CR812896.1,CR812896.1
30148,CR847870.2,CR847870.2
30149,CR847898.3,CR847898.3
30150,CR847906.1,CR847906.1
30151,CR847936.10,CR847936.10
30156,CR847973.1,CR847973.1
30157,CR847983.2,CR847983.2
30159,CR848049.1,CR848049.1
30160,CR848703.1,CR848703.1
30161,CR848717.1,CR848717.1
30162,CR848757.1,CR848757.1
30163,CR848784.1,CR848784.1
30164,CR848784.3,CR848784.3
30166,CR848836.1,CR848836.1
30169,CR854897.1,CR854897.1
30170,CR854899.1,CR854899.1
30171,CR854907.1,CR854907.1
30172,CR854926.1,CR854926.1
30174,CR854945.1,CR854945.1
30175,CR854948.1,CR854948.1
30176,CR854963.1,CR854963.1
30178,CR855206.1,CR855206.1
30179,CR855206.2,CR855206.2
30180,CR855274.1,CR855274.1
30182,CR855277.4,CR855277.4
30184,CR855320.1,CR855320.1
30186,CR855375.2,CR855375.2
30187,CR855375.3,CR855375.3
30188,CR855379.2,CR855379.2
30189,CR925720.1,CR925720.1
30190,CR925723.2,CR925723.2
30193,CR925755.2,CR925755.2
30194,CR925761.2,CR925761.2
30195,CR925800.1,CR925800.1
30196,CR925802.1,CR925802.1
30197,CR925803.1,CR925803.1
30198,CR925863.1,CR925863.1
30199,CR927050.1,CR927050.1
30201,CR931802.1,CR931802.1
30204,CR932983.2,CR932983.2
30205,CR933017.1,CR933017.1
30207,CR936240.1,CR936240.1
30208,CR936300.1,CR936300.1
30209,CR936371.1,CR936371.1
30211,CR936378.1,CR936378.1
30213,CR936479.1,CR936479.1
30214,CR936968.2,CR936968.2
30215,CR936974.1,CR936974.1
30216,CR936977.1,CR936977.1
30220,CR954298.1,CR954298.1
30221,crb2b,crb2b
30222,creb3l4,creb3l4
30223,creb5b,creb5b
30224,crestin,crestin
30225,crfb4,crfb4
30226,crlf1b,crlf1b
30227,crtac1b,crtac1b
30228,cryaa,cryaa
30229,cryaba,cryaba
30230,crygm1,crygm1
30232,crygm2c,crygm2c
30233,crygm2d10,crygm2d10
30234,crygm2d11,crygm2d11
30235,crygm2d13,crygm2d13
30236,crygm2d15,crygm2d15
30237,crygm2d21,crygm2d21
30238,crygm2d4,crygm2d4
30239,crygm2d5,crygm2d5
30240,crygm2d7,crygm2d7
30241,crygm2d9,crygm2d9
30242,crygm2e,crygm2e
30243,CSDC2 (1 of many),CSDC2 (1 of many)
30244,csf1b,csf1b
30245,csrp1b,csrp1b
30246,csrp2,csrp2
30247,CT009487.1,CT009487.1
30253,CT027589.1,CT027589.1
30255,CT027638.1,CT027638.1
30256,CT027676.1,CT027676.1
30258,CT027696.1,CT027696.1
30259,CT027718.1,CT027718.1
30260,CT027744.1,CT027744.1
30261,CT027756.1,CT027756.1
30262,CT027756.2,CT027756.2
30263,CT027759.1,CT027759.1
30264,CT027772.1,CT027772.1
30265,CT027772.2,CT027772.2
30266,CT027791.1,CT027791.1
30267,CT027805.1,CT027805.1
30268,CT027832.1,CT027832.1
30272,CT030031.1,CT030031.1
30273,CT030044.1,CT030044.1
30274,CT030048.1,CT030048.1
30275,CT030160.1,CT030160.1
30280,CT573247.1,CT573247.1
30283,CT573282.1,CT573282.1
30285,CT573316.3,CT573316.3
30286,CT573337.1,CT573337.1
30287,CT573344.2,CT573344.2
30289,CT573357.1,CT573357.1
30290,CT573423.1,CT573423.1
30291,CT573446.1,CT573446.1
30293,CT573494.1,CT573494.1
30297,CT574587.1,CT574587.1
30298,CT583625.1,CT583625.1
30299,CT583625.2,CT583625.2
30300,CT583625.6,CT583625.6
30301,CT583626.1,CT583626.1
30302,CT583652.1,CT583652.1
30303,CT583662.1,CT583662.1
30304,CT583687.2,CT583687.2
30305,CT583726.1,CT583726.1
30307,CT583728.15,CT583728.15
30309,CT583728.24,CT583728.24
30311,CT583728.26,CT583728.26
30312,CT583728.3,CT583728.3
30317,CT737131.1,CT737131.1
30319,CT737162.3,CT737162.3
30320,CT737184.2,CT737184.2
30321,CT737227.1,CT737227.1
30324,CT955962.3,CT955962.3
30327,CT956066.1,CT956066.1
30330,ctnnb2,ctnnb2
30331,ctnnd2a,ctnnd2a
30333,CU013548.1,CU013548.1
30334,CU019562.1,CU019562.1
30336,CU041345.1,CU041345.1
30337,CU041346.1,CU041346.1
30338,CU062431.1,CU062431.1
30339,CU062479.1,CU062479.1
30340,CU062647.1,CU062647.1
30341,CU074330.1,CU074330.1
30342,CU104741.1,CU104741.1
30343,CU137648.1,CU137648.1
30344,CU137681.1,CU137681.1
30347,CU137681.8,CU137681.8
30348,CU137717.1,CU137717.1
30351,CU138547.1,CU138547.1
30354,CU184832.1,CU184832.1
30355,CU207238.1,CU207238.1
30356,CU207257.1,CU207257.1
30358,CU207269.2,CU207269.2
30359,CU207269.3,CU207269.3
30360,CU207269.4,CU207269.4
30363,CU207343.2,CU207343.2
30364,CU207354.2,CU207354.2
30365,CU302253.1,CU302253.1
30367,CU302323.1,CU302323.1
30369,CU394253.1,CU394253.1
30371,CU459094.1,CU459094.1
30372,CU459147.1,CU459147.1
30373,CU462878.2,CU462878.2
30374,CU462913.1,CU462913.1
30376,CU463231.1,CU463231.1
30377,CU463231.2,CU463231.2
30378,CU464125.1,CU464125.1
30379,CU466278.2,CU466278.2
30384,CU467646.3,CU467646.3
30385,CU467655.1,CU467655.1
30386,CU467862.1,CU467862.1
30388,CU467961.1,CU467961.1
30391,CU468041.1,CU468041.1
30393,CU468826.3,CU468826.3
30394,CU468915.1,CU468915.1
30396,CU469420.4,CU469420.4
30398,CU469514.1,CU469514.1
30399,CU469524.1,CU469524.1
30400,CU499336.2,CU499336.2
30401,CU539058.1,CU539058.1
30402,CU550713.1,CU550713.1
30404,CU550719.2,CU550719.2
30405,CU565528.1,CU565528.1
30409,CU570782.2,CU570782.2
30410,CU570800.2,CU570800.2
30412,CU570889.1,CU570889.1
30413,CU570972.1,CU570972.1
30414,CU570976.1,CU570976.1
30416,CU571081.1,CU571081.1
30418,CU571328.1,CU571328.1
30422,CU571382.4,CU571382.4
30424,CU571398.1,CU571398.1
30426,CU633479.1,CU633479.1
30427,CU633479.2,CU633479.2
30428,CU633486.1,CU633486.1
30429,CU633762.1,CU633762.1
30430,CU633775.1,CU633775.1
30433,CU633855.1,CU633855.1
30435,CU634008.1,CU634008.1
30439,CU638714.1,CU638714.1
30440,CU639471.1,CU639471.1
30442,CU651662.1,CU651662.1
30443,CU652528.1,CU652528.1
30444,CU655820.1,CU655820.1
30445,CU655829.1,CU655829.1
30446,CU655870.1,CU655870.1
30447,CU657925.1,CU657925.1
30448,CU660013.1,CU660013.1
30449,CU660013.4,CU660013.4
30450,CU682780.1,CU682780.1
30451,CU693479.1,CU693479.1
30452,CU693494.1,CU693494.1
30454,CU694378.1,CU694378.1
30455,CU694445.1,CU694445.1
30458,CU695073.1,CU695073.1
30460,CU695207.1,CU695207.1
30462,CU695215.1,CU695215.1
30463,CU695222.2,CU695222.2
30464,CU855552.1,CU855552.1
30465,CU855688.1,CU855688.1
30468,CU855885.1,CU855885.1
30470,CU855917.1,CU855917.1
30471,CU855936.2,CU855936.2
30472,CU856344.1,CU856344.1
30473,CU856523.1,CU856523.1
30475,CU856621.1,CU856621.1
30480,CU861651.1,CU861651.1
30482,CU862020.1,CU862020.1
30488,CU896640.1,CU896640.1
30489,CU896644.1,CU896644.1
30490,CU914144.1,CU914144.1
30492,CU914617.1,CU914617.1
30494,CU914776.1,CU914776.1
30495,CU914811.1,CU914811.1
30496,CU915762.1,CU915762.1
30497,CU915770.1,CU915770.1
30498,CU915770.2,CU915770.2
30502,CU928046.1,CU928046.1
30504,CU928063.1,CU928063.1
30505,CU928069.1,CU928069.1
30506,CU928117.1,CU928117.1
30509,CU928847.1,CU928847.1
30510,CU929037.3,CU929037.3
30511,CU929094.1,CU929094.1
30512,CU929094.2,CU929094.2
30513,CU929145.1,CU929145.1
30514,CU929145.2,CU929145.2
30515,CU929150.3,CU929150.3
30516,CU929154.1,CU929154.1
30518,CU929171.1,CU929171.1
30519,CU929206.1,CU929206.1
30521,CU929262.1,CU929262.1
30523,CU929312.1,CU929312.1
30524,CU929317.1,CU929317.1
30525,CU929317.2,CU929317.2
30526,CU929359.2,CU929359.2
30527,CU929360.1,CU929360.1
30528,CU929365.1,CU929365.1
30529,CU929379.1,CU929379.1
30531,CU929458.1,CU929458.1
30532,CU929568.2,CU929568.2
30533,CU984583.1,CU984583.1
30534,CU986306.1,CU986306.1
30536,cul9,cul9
30537,cunh18orf32,cunh18orf32
30538,cux1a,cux1a
30540,cx28.9,cx28.9
30541,cx30.9,cx30.9
30542,cx31.7,cx31.7
30543,cx36.7,cx36.7
30544,cx40.8,cx40.8
30545,cx52.7,cx52.7
30546,cxcl18a.1,cxcl18a.1
30547,cxcl19,cxcl19
30548,cxcl32b.1,cxcl32b.1
30549,cxcl8a,cxcl8a
30550,cxcr5,cxcr5
30552,cyb5d2,cyb5d2
30554,cyp2aa11,cyp2aa11
30555,cyp2k20,cyp2k20
30556,cyp2k6,cyp2k6
30557,cyp2n13,cyp2n13
30558,cyp46a1.2,cyp46a1.2
30559,cyp4f3,cyp4f3
30560,cyp4v7,cyp4v7
30561,cytip,cytip
30563,dachd,dachd
30564,dao.2,dao.2
30565,dap1b,dap1b
30566,dbx1b,dbx1b
30567,dct,dct
30568,ddrgk1,ddrgk1
30569,derl2,derl2
30570,dgkb,dgkb
30571,dhx40,dhx40
30572,dicp1.1,dicp1.1
30574,dicp2.1,dicp2.1
30576,dicp3.3,dicp3.3
30577,dio3b,dio3b
30578,disp2,disp2
30579,dlg5a,dlg5a
30580,DNAL1 (1 of many),DNAL1 (1 of many)
30581,dock10,dock10
30582,DOCK4 (1 of many),DOCK4 (1 of many)
30583,dock7,dock7
30584,dpt,dpt
30585,dpyda.3,dpyda.3
30586,DPYSL2 (1 of many),DPYSL2 (1 of many)
30587,dpysl2b,dpysl2b
30588,dre-let-7a-1,dre-let-7a-1
30590,dre-let-7a-3,dre-let-7a-3
30594,dre-let-7c-1,dre-let-7c-1
30603,dscaml1,dscaml1
30605,dusp13a,dusp13a
30606,dusp3b,dusp3b
30607,dusp8b,dusp8b
30608,dynlt1,dynlt1
30609,EBF1 (1 of many),EBF1 (1 of many)
30610,ebi3,ebi3
30611,ece1,ece1
30612,ece2b,ece2b
30613,ecscr,ecscr
30614,ect2l,ect2l
30615,efhc1,efhc1
30616,egln3,egln3
30618,ela2l,ela2l
30619,endou2,endou2
30620,enkur,enkur
30621,enpp7.1,enpp7.1
30622,entpd2a.1,entpd2a.1
30623,epd,epd
30624,epha4l,epha4l
30625,ephb3,ephb3
30626,epoa,epoa
30627,ERBB4 (1 of many),ERBB4 (1 of many)
30628,erc1b,erc1b
30630,erlin2,erlin2
30631,ext1b,ext1b
30632,ext1c,ext1c
30633,F13A1 (1 of many),F13A1 (1 of many)
30634,f2r,f2r
30635,f7,f7
30636,F7 (1 of many),F7 (1 of many)
30637,fabp1a,fabp1a
30638,fam149a,fam149a
30639,fam161b,fam161b
30640,FAM163B (1 of many),FAM163B (1 of many)
30641,fam166b,fam166b
30643,fam177b,fam177b
30644,fam208aa,fam208aa
30645,FAM3D,FAM3D
30647,fam78bb,fam78bb
30648,fam81b,fam81b
30649,fam83e,fam83e
30650,fank1,fank1
30652,fbln1,fbln1
30654,fbn2a,fbn2a
30655,fbn2a.1,fbn2a.1
30656,fbxo36a,fbxo36a
30657,fbxo40.1,fbxo40.1
30658,fbxw5,fbxw5
30659,fcer1g,fcer1g
30660,FERMT3 (1 of many),FERMT3 (1 of many)
30662,fgf21,fgf21
30663,fgf23,fgf23
30664,fgf6b,fgf6b
30665,fgf7,fgf7
30666,fgf9,fgf9
30667,fhod3a,fhod3a
30669,FITM1 (1 of many),FITM1 (1 of many)
30670,fnbp1b,fnbp1b
30671,fndc7rs1,fndc7rs1
30672,fndc7rs2,fndc7rs2
30673,fndc7rs3,fndc7rs3
30674,FO203514.1,FO203514.1
30675,FO393424.1,FO393424.1
30676,FO393424.3,FO393424.3
30677,FO393424.4,FO393424.4
30678,FO681288.3,FO681288.3
30679,FO704622.1,FO704622.1
30680,FO704635.1,FO704635.1
30681,FO704748.1,FO704748.1
30686,FO818699.1,FO818699.1
30687,FO818704.1,FO818704.1
30688,FO834800.2,FO834800.2
30690,FO834828.2,FO834828.2
30693,FO904868.1,FO904868.1
30696,FO904943.1,FO904943.1
30697,FOXN2 (1 of many),FOXN2 (1 of many)
30698,FP015862.1,FP015862.1
30700,FP015866.4,FP015866.4
30701,FP016005.2,FP016005.2
30703,FP016142.2,FP016142.2
30706,FP016142.5,FP016142.5
30707,FP016142.6,FP016142.6
30708,FP016142.7,FP016142.7
30709,FP016205.1,FP016205.1
30711,FP017151.1,FP017151.1
30714,FP074874.1,FP074874.1
30716,FP085398.2,FP085398.2
30717,FP085399.1,FP085399.1
30719,FP085399.5,FP085399.5
30720,FP085414.2,FP085414.2
30721,FP085428.1,FP085428.1
30723,FP101990.1,FP101990.1
30724,FP102052.1,FP102052.1
30725,FP102052.2,FP102052.2
30728,FP102892.1,FP102892.1
30730,FP102921.1,FP102921.1
30731,FP102921.2,FP102921.2
30732,FP103005.1,FP103005.1
30733,FP103005.2,FP103005.2
30735,FP103048.1,FP103048.1
30737,FP236157.4,FP236157.4
30738,FP236157.5,FP236157.5
30739,FP236157.6,FP236157.6
30744,FP236327.1,FP236327.1
30745,FP236354.1,FP236354.1
30746,FP236356.2,FP236356.2
30747,FP236542.2,FP236542.2
30749,FP236734.1,FP236734.1
30751,FP236741.1,FP236741.1
30753,FP236810.2,FP236810.2
30755,FP325112.2,FP325112.2
30756,FP326649.1,FP326649.1
30757,FP340257.1,FP340257.1
30760,FQ311879.1,FQ311879.1
30761,FQ377605.1,FQ377605.1
30762,FQ790367.1,FQ790367.1
30763,FQ976909.1,FQ976909.1
30764,FQ976913.1,FQ976913.1
30765,frg1,frg1
30767,frrs1a,frrs1a
30768,fthl30,fthl30
30771,ftr12,ftr12
30772,ftr19,ftr19
30773,ftr33,ftr33
30774,ftr35,ftr35
30775,ftr37,ftr37
30777,ftr54,ftr54
30778,ftr60,ftr60
30779,ftr61,ftr61
30781,ftr83,ftr83
30782,ftr95,ftr95
30783,ftr97,ftr97
30784,ftsj3,ftsj3
30785,fubp3,fubp3
30786,fzd6,fzd6
30787,fzd9a,fzd9a
30788,GAA (1 of many),GAA (1 of many)
30789,gabrb2l,gabrb2l
30790,gabrb4,gabrb4
30791,gabrg2,gabrg2
30792,GABRR1 (1 of many),GABRR1 (1 of many)
30793,gabrr3a,gabrr3a
30794,gal3st1a,gal3st1a
30795,galnt11,galnt11
30797,GBGT1 (1 of many),GBGT1 (1 of many)
30798,gckr,gckr
30799,gcnt3,gcnt3
30800,gdf10b,gdf10b
30801,gdf2,gdf2
30803,gfra1a,gfra1a
30804,gfra2a,gfra2a
30806,ghrl,ghrl
30807,gig2i,gig2i
30808,gig2p,gig2p
30809,gig2q,gig2q
30810,gip,gip
30811,gli3,gli3
30812,glis3,glis3
30813,glra3,glra3
30814,glra4a,glra4a
30815,gmfg,gmfg
30816,gmnn,gmnn
30817,gna15.4,gna15.4
30818,gnb5b,gnb5b
30819,gnptg,gnptg
30821,golgb1,golgb1
30822,gphb5,gphb5
30823,gphnb,gphnb
30824,gpr101,gpr101
30825,GPR139,GPR139
30826,GPR151,GPR151
30827,gpr184,gpr184
30828,gpr19,gpr19
30830,gpr34a,gpr34a
30832,GPR62 (1 of many),GPR62 (1 of many)
30833,gpr65,gpr65
30834,GPR68,GPR68
30835,GPR83,GPR83
30836,gramd2b,gramd2b
30837,gria4a,gria4a
30838,grin1a,grin1a
30839,grm2a,grm2a
30840,gtf3c6,gtf3c6
30841,guca1g,guca1g
30844,gyg2,gyg2
30845,h6pd,h6pd
30846,has1,has1
30848,hdac7b,hdac7b
30849,he1.1,he1.1
30850,he1.1.1,he1.1.1
30851,her1,her1
30852,her15.1,her15.1
30853,her4.2,her4.2
30854,hhla2a.1,hhla2a.1
30855,hip1ra,hip1ra
30856,hist1h2a11,hist1h2a11
30857,hmha1a,hmha1a
30858,hnrnpdl,hnrnpdl
30860,HOOK3,HOOK3
30861,hoxb10a,hoxb10a
30862,hoxc11b,hoxc11b
30863,hoxd10a,hoxd10a
30864,hpda,hpda
30865,hpdb,hpdb
30866,rida,rida
30867,hsc70,hsc70
30868,hsd17b1,hsd17b1
30869,hsd17b7,hsd17b7
30870,hspb2,hspb2
30871,hspb3,hspb3
30872,htr2cl2,htr2cl2
30873,htr3a,htr3a
30874,htr6,htr6
30875,htr7a,htr7a
30877,hyi,hyi
30878,hykk.1,hykk.1
30879,hykk.2,hykk.2
30880,idh3a,idh3a
30881,ifit15,ifit15
30882,ifitm1,ifitm1
30884,ifnphi4,ifnphi4
30885,ift43,ift43
30886,igf2bp2a,igf2bp2a
30887,igfals,igfals
30888,igfn1.1,igfn1.1
30934,igic1s1,igic1s1
30935,igl1c3,igl1c3
30936,igl3v1,igl3v1
30937,igl3v2,igl3v2
30938,igl3v5,igl3v5
30939,igl4v8,igl4v8
30941,il12bb,il12bb
30942,il15,il15
30943,il17a/f1,il17af1
30944,il17a/f3,il17af3
30945,il17ra1b,il17ra1b
30947,il19l,il19l
30948,il1rapl1b,il1rapl1b
30949,il21,il21
30950,il21r.2,il21r.2
30951,il22,il22
30952,il26,il26
30953,il2rga,il2rga
30954,ildr2,ildr2
30956,illr3,illr3
30961,impg2b,impg2b
30962,insl5b,insl5b
30963,ints11,ints11
30964,ints8,ints8
30965,intu,intu
30967,iqsec3a,iqsec3a
30968,irbpl,irbpl
30969,irf4a,irf4a
30971,irgq2,irgq2
30972,ISCU (1 of many),ISCU (1 of many)
30973,itga1,itga1
30974,itga2.1,itga2.1
30975,itgbl1,itgbl1
30976,izumo1,izumo1
30977,jac1,jac1
30978,jade2,jade2
30979,jak2a,jak2a
30980,jph2,jph2
30981,kank3,kank3
30982,kat5b,kat5b
30983,kbtbd13,kbtbd13
30984,kcna6a,kcna6a
30985,kcnab1b,kcnab1b
30986,kcnc3a,kcnc3a
30987,kcnh2a,kcnh2a
30988,kcnj11,kcnj11
30989,kcnj11l,kcnj11l
30990,kcnj1a.2,kcnj1a.2
30991,kcnj1a.3,kcnj1a.3
30992,kcnj1a.4,kcnj1a.4
30993,kcnj1a.6,kcnj1a.6
30994,kcnj5,kcnj5
30995,KCNK12,KCNK12
30996,kcnk3a,kcnk3a
30997,kcnn3,kcnn3
30998,kctd20,kctd20
31000,klhl12,klhl12
31001,klhl43,klhl43
31002,kpna7,kpna7
31003,krt95,krt95
31005,lacc1,lacc1
31006,lat,lat
31007,LECT2 (1 of many),LECT2 (1 of many)
31008,leg1.1,leg1.1
31009,lepb,lepb
31010,lhfpl5b,lhfpl5b
31011,lhx6,lhx6
31012,lim2.5,lim2.5
31013,lin7a,lin7a
31014,lmx1al,lmx1al
31015,LO016987.2,LO016987.2
31017,LO017682.1,LO017682.1
31018,LO017784.1,LO017784.1
31019,LO017829.1,LO017829.1
31020,LO017917.1,LO017917.1
31021,LO017951.1,LO017951.1
31023,LO018020.2,LO018020.2
31024,LO018029.2,LO018029.2
31025,LO018104.1,LO018104.1
31026,LO018106.1,LO018106.1
31027,LO018106.2,LO018106.2
31028,LO018107.1,LO018107.1
31031,LO018205.3,LO018205.3
31032,LO018254.1,LO018254.1
31033,LO018256.1,LO018256.1
31034,LO018260.2,LO018260.2
31036,LO018315.6,LO018315.6
31037,LO018363.2,LO018363.2
31038,LO018437.1,LO018437.1
31039,LO018493.1,LO018493.1
31041,LO018564.1,LO018564.1
31042,LO018597.1,LO018597.1
31043,LO018597.2,LO018597.2
31045,LO018680.1,LO018680.1
31046,LOC100000365,LOC100000365
31048,LOC100000504,LOC100000504
31049,LOC100000752,LOC100000752
31052,LOC100001363,LOC100001363
31053,LOC100001713,LOC100001713
31054,LOC100001930,LOC100001930
31055,LOC100002054,LOC100002054
31057,LOC100002266,LOC100002266
31059,LOC100002960,LOC100002960
31062,LOC100003687,LOC100003687
31064,LOC100004392,LOC100004392
31065,LOC100004499,LOC100004499
31066,LOC100004848,LOC100004848
31070,LOC100005187,LOC100005187
31071,LOC100005207,LOC100005207
31075,LOC100005640,LOC100005640
31076,LOC100005685,LOC100005685
31078,LOC100006542,LOC100006542
31080,LOC100006895,LOC100006895
31081,LOC100006950,LOC100006950
31086,LOC100007791,LOC100007791
31087,LOC100007813,LOC100007813
31091,LOC100148254,LOC100148254
31095,LOC100148750,LOC100148750
31097,LOC100148950,LOC100148950
31098,LOC100149007,LOC100149007
31099,LOC100149074,LOC100149074
31100,LOC100149223,LOC100149223
31102,LOC100149554,LOC100149554
31104,LOC100150005,LOC100150005
31105,LOC100150033,LOC100150033
31106,LOC100150116,LOC100150116
31111,LOC100150791,LOC100150791
31112,LOC100151486,LOC100151486
31117,LOC100329676,LOC100329676
31118,LOC100329768,LOC100329768
31119,LOC100329772,LOC100329772
31126,LOC100330349,LOC100330349
31127,LOC100330485,LOC100330485
31130,LOC100330653,LOC100330653
31135,LOC100331067,LOC100331067
31136,LOC100331072,LOC100331072
31139,LOC100331407,LOC100331407
31141,LOC100331497,LOC100331497
31143,LOC100331720,LOC100331720
31144,LOC100331742,LOC100331742
31146,LOC100332004,LOC100332004
31148,LOC100332351,LOC100332351
31150,LOC100332458,LOC100332458
31154,LOC100332834,LOC100332834
31155,LOC100332841,LOC100332841
31159,LOC100333051,LOC100333051
31161,LOC100333163,LOC100333163
31165,LOC100333290,LOC100333290
31166,LOC100333355,LOC100333355
31173,LOC100333926,LOC100333926
31178,LOC100334288,LOC100334288
31179,LOC100334341,LOC100334341
31180,LOC100334365,LOC100334365
31181,LOC100334422,LOC100334422
31182,LOC100334883,LOC100334883
31187,LOC100534722,LOC100534722
31189,LOC100534771,LOC100534771
31190,LOC100534780,LOC100534780
31192,LOC100535079,LOC100535079
31194,LOC100535133,LOC100535133
31195,LOC100535170,LOC100535170
31197,LOC100535225,LOC100535225
31198,LOC100535229,LOC100535229
31201,LOC100535286,LOC100535286
31202,LOC100535331,LOC100535331
31203,LOC100535390,LOC100535390
31204,LOC100535396,LOC100535396
31205,LOC100535487,LOC100535487
31207,LOC100535552,LOC100535552
31211,LOC100535655,LOC100535655
31212,LOC100535676,LOC100535676
31214,LOC100535800,LOC100535800
31215,LOC100535869,LOC100535869
31216,LOC100535907,LOC100535907
31219,LOC100536170,LOC100536170
31221,LOC100536206,LOC100536206
31226,LOC100536618,LOC100536618
31227,LOC100536629,LOC100536629
31232,LOC100536790,LOC100536790
31233,LOC100536800,LOC100536800
31234,LOC100536819,LOC100536819
31235,LOC100536890,LOC100536890
31239,LOC100536946,LOC100536946
31240,LOC100536981,LOC100536981
31243,LOC100537368,LOC100537368
31244,LOC100537369,LOC100537369
31245,LOC100537389,LOC100537389
31249,LOC100537401,LOC100537401
31251,LOC100537439,LOC100537439
31253,LOC100537504,LOC100537504
31254,LOC100537585,LOC100537585
31257,LOC100537649,LOC100537649
31258,LOC100537679,LOC100537679
31259,LOC100537764,LOC100537764
31266,LOC100538032,LOC100538032
31269,LOC100538177,LOC100538177
31274,LOC101882015,LOC101882015
31275,LOC101882032,LOC101882032
31276,LOC101882033,LOC101882033
31278,LOC101882128,LOC101882128
31279,LOC101882151,LOC101882151
31280,LOC101882164,LOC101882164
31281,LOC101882178,LOC101882178
31282,LOC101882203,LOC101882203
31283,LOC101882213,LOC101882213
31284,LOC101882249,LOC101882249
31285,LOC101882250,LOC101882250
31287,LOC101882264,LOC101882264
31290,LOC101882312,LOC101882312
31291,LOC101882339,LOC101882339
31293,LOC101882356,LOC101882356
31294,LOC101882367,LOC101882367
31295,LOC101882378,LOC101882378
31296,LOC101882403,LOC101882403
31298,LOC101882433,LOC101882433
31299,LOC101882460,LOC101882460
31301,LOC101882470,LOC101882470
31304,LOC101882492,LOC101882492
31306,LOC101882499,LOC101882499
31309,LOC101882515,LOC101882515
31311,LOC101882530,LOC101882530
31313,LOC101882570,LOC101882570
31314,LOC101882590,LOC101882590
31319,LOC101882689,LOC101882689
31323,LOC101882758,LOC101882758
31324,LOC101882766,LOC101882766
31325,LOC101882771,LOC101882771
31326,LOC101882772,LOC101882772
31327,LOC101882784,LOC101882784
31328,LOC101882789,LOC101882789
31329,LOC101882795,LOC101882795
31330,LOC101882805,LOC101882805
31332,LOC101882843,LOC101882843
31333,LOC101882845,LOC101882845
31337,LOC101882910,LOC101882910
31338,LOC101882933,LOC101882933
31339,LOC101882968,LOC101882968
31340,LOC101882973,LOC101882973
31342,LOC101882981,LOC101882981
31343,LOC101882982,LOC101882982
31345,LOC101883014,LOC101883014
31347,LOC101883036,LOC101883036
31348,LOC101883052,LOC101883052
31349,LOC101883054,LOC101883054
31353,LOC101883074,LOC101883074
31354,LOC101883113,LOC101883113
31356,LOC101883131,LOC101883131
31358,LOC101883142,LOC101883142
31359,LOC101883144,LOC101883144
31361,LOC101883185,LOC101883185
31362,LOC101883188,LOC101883188
31367,LOC101883276,LOC101883276
31371,LOC101883354,LOC101883354
31373,LOC101883382,LOC101883382
31378,LOC101883440,LOC101883440
31383,LOC101883541,LOC101883541
31384,LOC101883549,LOC101883549
31385,LOC101883560,LOC101883560
31387,LOC101883592,LOC101883592
31390,LOC101883628,LOC101883628
31392,LOC101883645,LOC101883645
31394,LOC101883647,LOC101883647
31395,LOC101883659,LOC101883659
31397,LOC101883693,LOC101883693
31400,LOC101883748,LOC101883748
31401,LOC101883761,LOC101883761
31403,LOC101883783,LOC101883783
31404,LOC101883803,LOC101883803
31406,LOC101883820,LOC101883820
31408,LOC101883823,LOC101883823
31412,LOC101883884,LOC101883884
31413,LOC101883903,LOC101883903
31414,LOC101883917,LOC101883917
31415,LOC101883921,LOC101883921
31421,LOC101884019,LOC101884019
31423,LOC101884025,LOC101884025
31424,LOC101884027,LOC101884027
31425,LOC101884032,LOC101884032
31429,LOC101884095,LOC101884095
31432,LOC101884167,LOC101884167
31433,LOC101884173,LOC101884173
31435,LOC101884197,LOC101884197
31437,LOC101884216,LOC101884216
31439,LOC101884251,LOC101884251
31440,LOC101884255,LOC101884255
31442,LOC101884286,LOC101884286
31445,LOC101884337,LOC101884337
31448,LOC101884357,LOC101884357
31451,LOC101884387,LOC101884387
31452,LOC101884392,LOC101884392
31455,LOC101884446,LOC101884446
31456,LOC101884456,LOC101884456
31457,LOC101884462,LOC101884462
31459,LOC101884507,LOC101884507
31460,LOC101884514,LOC101884514
31461,LOC101884545,LOC101884545
31463,LOC101884568,LOC101884568
31464,LOC101884583,LOC101884583
31465,LOC101884586,LOC101884586
31466,LOC101884596,LOC101884596
31468,LOC101884617,LOC101884617
31469,LOC101884638,LOC101884638
31470,LOC101884647,LOC101884647
31471,LOC101884655,LOC101884655
31473,LOC101884708,LOC101884708
31475,LOC101884729,LOC101884729
31477,LOC101884743,LOC101884743
31478,LOC101884748,LOC101884748
31479,LOC101884753,LOC101884753
31481,LOC101884777,LOC101884777
31482,LOC101884789,LOC101884789
31483,LOC101884801,LOC101884801
31487,LOC101884899,LOC101884899
31488,LOC101884918,LOC101884918
31489,LOC101884923,LOC101884923
31492,LOC101884961,LOC101884961
31493,LOC101884963,LOC101884963
31498,LOC101885016,LOC101885016
31499,LOC101885037,LOC101885037
31501,LOC101885096,LOC101885096
31502,LOC101885108,LOC101885108
31504,LOC101885158,LOC101885158
31505,LOC101885188,LOC101885188
31514,LOC101885256,LOC101885256
31517,LOC101885337,LOC101885337
31518,LOC101885363,LOC101885363
31520,LOC101885377,LOC101885377
31521,LOC101885382,LOC101885382
31522,LOC101885386,LOC101885386
31523,LOC101885388,LOC101885388
31527,LOC101885459,LOC101885459
31528,LOC101885464,LOC101885464
31529,LOC101885465,LOC101885465
31530,LOC101885472,LOC101885472
31531,LOC101885484,LOC101885484
31532,LOC101885545,LOC101885545
31534,LOC101885588,LOC101885588
31537,LOC101885626,LOC101885626
31538,LOC101885638,LOC101885638
31540,LOC101885658,LOC101885658
31541,LOC101885685,LOC101885685
31542,LOC101885686,LOC101885686
31543,LOC101885703,LOC101885703
31544,LOC101885705,LOC101885705
31547,LOC101885725,LOC101885725
31549,LOC101885738,LOC101885738
31550,LOC101885742,LOC101885742
31551,LOC101885764,LOC101885764
31553,LOC101885772,LOC101885772
31555,LOC101885779,LOC101885779
31556,LOC101885785,LOC101885785
31557,LOC101885806,LOC101885806
31559,LOC101885813,LOC101885813
31561,LOC101885853,LOC101885853
31564,LOC101885885,LOC101885885
31566,LOC101885907,LOC101885907
31567,LOC101885908,LOC101885908
31568,LOC101885934,LOC101885934
31571,LOC101885952,LOC101885952
31574,LOC101885980,LOC101885980
31575,LOC101886000,LOC101886000
31577,LOC101886029,LOC101886029
31579,LOC101886038,LOC101886038
31580,LOC101886052,LOC101886052
31581,LOC101886070,LOC101886070
31583,LOC101886116,LOC101886116
31584,LOC101886143,LOC101886143
31585,LOC101886174,LOC101886174
31586,LOC101886186,LOC101886186
31587,LOC101886244,LOC101886244
31593,LOC101886433,LOC101886433
31595,LOC101886465,LOC101886465
31596,LOC101886468,LOC101886468
31597,LOC101886469,LOC101886469
31598,LOC101886471,LOC101886471
31601,LOC101886505,LOC101886505
31603,LOC101886557,LOC101886557
31604,LOC101886558,LOC101886558
31606,LOC101886574,LOC101886574
31607,LOC101886597,LOC101886597
31608,LOC101886601,LOC101886601
31609,LOC101886608,LOC101886608
31613,LOC101886653,LOC101886653
31616,LOC101886695,LOC101886695
31618,LOC101886711,LOC101886711
31619,LOC101886722,LOC101886722
31622,LOC101886742,LOC101886742
31624,LOC101886766,LOC101886766
31625,LOC101886774,LOC101886774
31627,LOC101886796,LOC101886796
31630,LOC101886807,LOC101886807
31631,LOC101886811,LOC101886811
31633,LOC101886839,LOC101886839
31634,LOC101886864,LOC101886864
31638,LOC101886923,LOC101886923
31641,LOC101886946,LOC101886946
31642,LOC101886966,LOC101886966
31644,LOC101886973,LOC101886973
31645,LOC101886979,LOC101886979
31646,LOC101886985,LOC101886985
31648,LOC101887019,LOC101887019
31651,LOC101887033,LOC101887033
31653,LOC101887065,LOC101887065
31655,LOC101887095,LOC101887095
31657,LOC101887106,LOC101887106
31658,LOC101887108,LOC101887108
31659,LOC101887115,LOC101887115
31660,LOC101887122,LOC101887122
31663,LOC101887172,LOC101887172
31664,LOC101887174,LOC101887174
31665,LOC103908612,LOC103908612
31667,LOC103908620,LOC103908620
31669,LOC103908672,LOC103908672
31671,LOC103908683,LOC103908683
31673,LOC103908705,LOC103908705
31674,LOC103908707,LOC103908707
31675,LOC103908713,LOC103908713
31678,LOC103908746,LOC103908746
31679,LOC103908748,LOC103908748
31681,LOC103908752,LOC103908752
31683,LOC103908826,LOC103908826
31684,LOC103908836,LOC103908836
31685,LOC103908846,LOC103908846
31686,LOC103908857,LOC103908857
31687,LOC103908858,LOC103908858
31689,LOC103908890,LOC103908890
31690,LOC103908906,LOC103908906
31691,LOC103908908,LOC103908908
31692,LOC103908927,LOC103908927
31694,LOC103908953,LOC103908953
31695,LOC103908954,LOC103908954
31699,LOC103909006,LOC103909006
31702,LOC103909020,LOC103909020
31703,LOC103909037,LOC103909037
31705,LOC103909084,LOC103909084
31706,LOC103909128,LOC103909128
31707,LOC103909142,LOC103909142
31708,LOC103909158,LOC103909158
31709,LOC103909163,LOC103909163
31711,LOC103909194,LOC103909194
31712,LOC103909212,LOC103909212
31713,LOC103909215,LOC103909215
31718,LOC103909261,LOC103909261
31719,LOC103909265,LOC103909265
31720,LOC103909267,LOC103909267
31721,LOC103909274,LOC103909274
31722,LOC103909293,LOC103909293
31724,LOC103909306,LOC103909306
31725,LOC103909315,LOC103909315
31726,LOC103909373,LOC103909373
31728,LOC103909382,LOC103909382
31733,LOC103909401,LOC103909401
31734,LOC103909406,LOC103909406
31735,LOC103909412,LOC103909412
31736,LOC103909416,LOC103909416
31737,LOC103909418,LOC103909418
31738,LOC103909419,LOC103909419
31740,LOC103909437,LOC103909437
31741,LOC103909439,LOC103909439
31743,LOC103909449,LOC103909449
31744,LOC103909452,LOC103909452
31745,LOC103909454,LOC103909454
31746,LOC103909459,LOC103909459
31748,LOC103909482,LOC103909482
31750,LOC103909513,LOC103909513
31752,LOC103909525,LOC103909525
31754,LOC103909570,LOC103909570
31756,LOC103909615,LOC103909615
31757,LOC103909616,LOC103909616
31759,LOC103909642,LOC103909642
31760,LOC103909650,LOC103909650
31765,LOC103909705,LOC103909705
31766,LOC103909738,LOC103909738
31770,LOC103909787,LOC103909787
31772,LOC103909803,LOC103909803
31774,LOC103909807,LOC103909807
31775,LOC103909841,LOC103909841
31776,LOC103909845,LOC103909845
31779,LOC103909861,LOC103909861
31782,LOC103909874,LOC103909874
31786,LOC103909937,LOC103909937
31787,LOC103909948,LOC103909948
31790,LOC103909957,LOC103909957
31791,LOC103909971,LOC103909971
31794,LOC103909991,LOC103909991
31795,LOC103910008,LOC103910008
31796,LOC103910014,LOC103910014
31797,LOC103910018,LOC103910018
31802,LOC103910049,LOC103910049
31803,LOC103910098,LOC103910098
31805,LOC103910111,LOC103910111
31807,LOC103910150,LOC103910150
31808,LOC103910198,LOC103910198
31812,LOC103910221,LOC103910221
31813,LOC103910224,LOC103910224
31814,LOC103910227,LOC103910227
31815,LOC103910254,LOC103910254
31816,LOC103910259,LOC103910259
31819,LOC103910304,LOC103910304
31823,LOC103910321,LOC103910321
31824,LOC103910333,LOC103910333
31827,LOC103910374,LOC103910374
31828,LOC103910380,LOC103910380
31829,LOC103910381,LOC103910381
31831,LOC103910388,LOC103910388
31833,LOC103910395,LOC103910395
31836,LOC103910414,LOC103910414
31837,LOC103910417,LOC103910417
31838,LOC103910418,LOC103910418
31839,LOC103910429,LOC103910429
31840,LOC103910437,LOC103910437
31844,LOC103910472,LOC103910472
31845,LOC103910500,LOC103910500
31847,LOC103910512,LOC103910512
31849,LOC103910514,LOC103910514
31850,LOC103910515,LOC103910515
31855,LOC103910542,LOC103910542
31857,LOC103910575,LOC103910575
31865,LOC103910596,LOC103910596
31866,LOC103910598,LOC103910598
31873,LOC103910644,LOC103910644
31876,LOC103910653,LOC103910653
31881,LOC103910695,LOC103910695
31886,LOC103910736,LOC103910736
31887,LOC103910738,LOC103910738
31888,LOC103910744,LOC103910744
31894,LOC103910793,LOC103910793
31897,LOC103910804,LOC103910804
31900,LOC103910818,LOC103910818
31901,LOC103910819,LOC103910819
31903,LOC103910835,LOC103910835
31906,LOC103910840,LOC103910840
31907,LOC103910847,LOC103910847
31908,LOC103910855,LOC103910855
31911,LOC103910878,LOC103910878
31912,LOC103910880,LOC103910880
31913,LOC103910883,LOC103910883
31914,LOC103910884,LOC103910884
31915,LOC103910888,LOC103910888
31917,LOC103910902,LOC103910902
31919,LOC103910935,LOC103910935
31920,LOC103910939,LOC103910939
31922,LOC103910951,LOC103910951
31923,LOC103910959,LOC103910959
31925,LOC103911003,LOC103911003
31926,LOC103911004,LOC103911004
31929,LOC103911034,LOC103911034
31930,LOC103911060,LOC103911060
31932,LOC103911092,LOC103911092
31933,LOC103911141,LOC103911141
31935,LOC103911176,LOC103911176
31936,LOC103911201,LOC103911201
31938,LOC103911208,LOC103911208
31939,LOC103911216,LOC103911216
31941,LOC103911233,LOC103911233
31942,LOC103911269,LOC103911269
31943,LOC103911277,LOC103911277
31944,LOC103911284,LOC103911284
31946,LOC103911298,LOC103911298
31948,LOC103911320,LOC103911320
31950,LOC103911324,LOC103911324
31953,LOC103911388,LOC103911388
31955,LOC103911428,LOC103911428
31956,LOC103911431,LOC103911431
31957,LOC103911445,LOC103911445
31958,LOC103911446,LOC103911446
31961,LOC103911475,LOC103911475
31962,LOC103911479,LOC103911479
31963,LOC103911482,LOC103911482
31967,LOC103911518,LOC103911518
31968,LOC103911520,LOC103911520
31973,LOC103911612,LOC103911612
31974,LOC103911631,LOC103911631
31976,LOC103911652,LOC103911652
31978,LOC103911682,LOC103911682
31979,LOC103911683,LOC103911683
31980,LOC103911696,LOC103911696
31981,LOC103911705,LOC103911705
31982,LOC103911707,LOC103911707
31983,LOC103911713,LOC103911713
31985,LOC103911728,LOC103911728
31986,LOC103911739,LOC103911739
31988,LOC103911742,LOC103911742
31989,LOC103911745,LOC103911745
31992,LOC103911774,LOC103911774
31995,LOC103911814,LOC103911814
31996,LOC103911838,LOC103911838
31998,LOC103911903,LOC103911903
31999,LOC103911910,LOC103911910
32000,LOC103911911,LOC103911911
32001,LOC103911913,LOC103911913
32002,LOC103911947,LOC103911947
32003,LOC103911950,LOC103911950
32006,LOC103911968,LOC103911968
32007,LOC103911986,LOC103911986
32009,LOC103912007,LOC103912007
32011,LOC103912033,LOC103912033
32012,LOC103912043,LOC103912043
32014,LOC103912056,LOC103912056
32015,LOC103912072,LOC103912072
32016,LOC107195253,LOC107195253
32018,LOC108179089,LOC108179089
32019,LOC108179100,LOC108179100
32021,LOC108179118,LOC108179118
32022,LOC108179119,LOC108179119
32024,LOC108179123,LOC108179123
32027,LOC108179133,LOC108179133
32034,LOC108179166,LOC108179166
32035,LOC108179181,LOC108179181
32038,LOC108179220,LOC108179220
32039,LOC108179225,LOC108179225
32046,LOC108179338,LOC108179338
32051,LOC108179556,LOC108179556
32052,LOC108179558,LOC108179558
32053,LOC108179626,LOC108179626
32054,LOC108179630,LOC108179630
32055,LOC108179633,LOC108179633
32056,LOC108179652,LOC108179652
32059,LOC108179693,LOC108179693
32061,LOC108179776,LOC108179776
32062,LOC108179777,LOC108179777
32064,LOC108179803,LOC108179803
32065,LOC108179813,LOC108179813
32067,LOC108179989,LOC108179989
32068,LOC108179993,LOC108179993
32070,LOC108180041,LOC108180041
32071,LOC108180065,LOC108180065
32072,LOC108180076,LOC108180076
32073,LOC108180087,LOC108180087
32074,LOC108180102,LOC108180102
32075,LOC108180103,LOC108180103
32078,LOC108180147,LOC108180147
32079,LOC108180169,LOC108180169
32081,LOC108180211,LOC108180211
32082,LOC108180270,LOC108180270
32084,LOC108180313,LOC108180313
32085,LOC108180344,LOC108180344
32086,LOC108180715,LOC108180715
32088,LOC108180774,LOC108180774
32089,LOC108180805,LOC108180805
32091,LOC108181081,LOC108181081
32098,LOC108181391,LOC108181391
32099,LOC108181419,LOC108181419
32101,LOC108181504,LOC108181504
32103,LOC108181544,LOC108181544
32105,LOC108181586,LOC108181586
32107,LOC108181591,LOC108181591
32110,LOC108181651,LOC108181651
32111,LOC108181656,LOC108181656
32112,LOC108181673,LOC108181673
32115,LOC108181943,LOC108181943
32117,LOC108182168,LOC108182168
32119,LOC108182213,LOC108182213
32120,LOC108182217,LOC108182217
32121,LOC108182237,LOC108182237
32122,LOC108182242,LOC108182242
32123,LOC108182317,LOC108182317
32127,LOC108182421,LOC108182421
32130,LOC108182671,LOC108182671
32133,LOC108182771,LOC108182771
32134,LOC108182773,LOC108182773
32135,LOC108182782,LOC108182782
32138,LOC108182814,LOC108182814
32140,LOC108182870,LOC108182870
32142,LOC108182910,LOC108182910
32143,LOC108182911,LOC108182911
32144,LOC108182916,LOC108182916
32145,LOC108183287,LOC108183287
32146,LOC108183295,LOC108183295
32147,LOC108183296,LOC108183296
32148,LOC108183297,LOC108183297
32152,LOC108183327,LOC108183327
32154,LOC108183335,LOC108183335
32156,LOC108183344,LOC108183344
32158,LOC108183380,LOC108183380
32160,LOC108183407,LOC108183407
32165,LOC108183454,LOC108183454
32177,LOC108183524,LOC108183524
32178,LOC108183529,LOC108183529
32179,LOC108183538,LOC108183538
32180,LOC108183547,LOC108183547
32182,LOC108183566,LOC108183566
32186,LOC108183596,LOC108183596
32188,LOC108183600,LOC108183600
32191,LOC108183630,LOC108183630
32193,LOC108183639,LOC108183639
32197,LOC108183657,LOC108183657
32198,LOC108183671,LOC108183671
32205,LOC108183685,LOC108183685
32206,LOC108183707,LOC108183707
32208,LOC108183714,LOC108183714
32209,LOC108183720,LOC108183720
32210,LOC108183749,LOC108183749
32211,LOC108183757,LOC108183757
32217,LOC108183854,LOC108183854
32219,LOC108183900,LOC108183900
32230,LOC108183991,LOC108183991
32231,LOC108184002,LOC108184002
32234,LOC108184009,LOC108184009
32236,LOC108184066,LOC108184066
32238,LOC108184069,LOC108184069
32239,LOC108184071,LOC108184071
32242,LOC108186582,LOC108186582
32244,LOC108189376,LOC108189376
32245,LOC108189470,LOC108189470
32247,LOC108190033,LOC108190033
32248,LOC108190047,LOC108190047
32252,LOC108190117,LOC108190117
32253,LOC108190132,LOC108190132
32255,LOC108190353,LOC108190353
32257,LOC108190380,LOC108190380
32259,LOC108190395,LOC108190395
32261,LOC108190446,LOC108190446
32263,LOC108190486,LOC108190486
32264,LOC108190563,LOC108190563
32266,LOC108190565,LOC108190565
32267,LOC108190625,LOC108190625
32268,LOC108190676,LOC108190676
32269,LOC108190693,LOC108190693
32270,LOC108190697,LOC108190697
32271,LOC108190717,LOC108190717
32275,LOC108190755,LOC108190755
32276,LOC108190762,LOC108190762
32278,LOC108190811,LOC108190811
32283,LOC108191020,LOC108191020
32284,LOC108191338,LOC108191338
32285,LOC108191357,LOC108191357
32289,LOC108191476,LOC108191476
32290,LOC108191530,LOC108191530
32291,LOC108191533,LOC108191533
32292,LOC108191536,LOC108191536
32293,LOC108191541,LOC108191541
32294,LOC108191543,LOC108191543
32296,LOC108191592,LOC108191592
32297,LOC108191611,LOC108191611
32298,LOC108191631,LOC108191631
32300,LOC108191638,LOC108191638
32301,LOC108191643,LOC108191643
32303,LOC108191666,LOC108191666
32304,LOC108191668,LOC108191668
32305,LOC108191706,LOC108191706
32307,LOC108191771,LOC108191771
32308,LOC108191775,LOC108191775
32311,LOC108191949,LOC108191949
32312,LOC108191951,LOC108191951
32314,LOC108191969,LOC108191969
32316,LOC108191976,LOC108191976
32318,LOC108192020,LOC108192020
32320,LOC108192077,LOC108192077
32321,LOC108192079,LOC108192079
32322,LOC108192080,LOC108192080
32323,LOC108192083,LOC108192083
32324,LOC108192085,LOC108192085
32325,LOC108192086,LOC108192086
32328,LOC108192163,LOC108192163
32329,LOC108192181,LOC108192181
32330,LOC110437705,LOC110437705
32331,LOC110437706,LOC110437706
32332,LOC110437711,LOC110437711
32334,LOC110437725,LOC110437725
32342,LOC110437771,LOC110437771
32345,LOC110437785,LOC110437785
32347,LOC110437791,LOC110437791
32348,LOC110437792,LOC110437792
32349,LOC110437800,LOC110437800
32351,LOC110437806,LOC110437806
32352,LOC110437810,LOC110437810
32354,LOC110437820,LOC110437820
32357,LOC110437830,LOC110437830
32359,LOC110437833,LOC110437833
32360,LOC110437834,LOC110437834
32361,LOC110437837,LOC110437837
32362,LOC110437845,LOC110437845
32363,LOC110437849,LOC110437849
32367,LOC110437897,LOC110437897
32370,LOC110437912,LOC110437912
32371,LOC110437919,LOC110437919
32372,LOC110437924,LOC110437924
32377,LOC110437937,LOC110437937
32378,LOC110437940,LOC110437940
32379,LOC110437941,LOC110437941
32386,LOC110437961,LOC110437961
32387,LOC110437963,LOC110437963
32388,LOC110437964,LOC110437964
32389,LOC110437965,LOC110437965
32390,LOC110437966,LOC110437966
32391,LOC110437992,LOC110437992
32392,LOC110437999,LOC110437999
32394,LOC110438008,LOC110438008
32395,LOC110438010,LOC110438010
32396,LOC110438014,LOC110438014
32397,LOC110438016,LOC110438016
32400,LOC110438035,LOC110438035
32403,LOC110438046,LOC110438046
32404,LOC110438047,LOC110438047
32406,LOC110438054,LOC110438054
32408,LOC110438060,LOC110438060
32409,LOC110438061,LOC110438061
32412,LOC110438065,LOC110438065
32414,LOC110438084,LOC110438084
32415,LOC110438094,LOC110438094
32416,LOC110438096,LOC110438096
32419,LOC110438104,LOC110438104
32421,LOC110438112,LOC110438112
32426,LOC110438126,LOC110438126
32428,LOC110438131,LOC110438131
32429,LOC110438137,LOC110438137
32432,LOC110438157,LOC110438157
32433,LOC110438162,LOC110438162
32434,LOC110438165,LOC110438165
32437,LOC110438172,LOC110438172
32440,LOC110438185,LOC110438185
32444,LOC110438211,LOC110438211
32445,LOC110438213,LOC110438213
32451,LOC110438238,LOC110438238
32452,LOC110438242,LOC110438242
32453,LOC110438246,LOC110438246
32454,LOC110438255,LOC110438255
32455,LOC110438267,LOC110438267
32457,LOC110438274,LOC110438274
32458,LOC110438276,LOC110438276
32460,LOC110438279,LOC110438279
32461,LOC110438281,LOC110438281
32462,LOC110438283,LOC110438283
32467,LOC110438294,LOC110438294
32469,LOC110438299,LOC110438299
32470,LOC110438300,LOC110438300
32477,LOC110438309,LOC110438309
32479,LOC110438312,LOC110438312
32480,LOC110438313,LOC110438313
32481,LOC110438315,LOC110438315
32483,LOC110438323,LOC110438323
32484,LOC110438330,LOC110438330
32485,LOC110438332,LOC110438332
32488,LOC110438338,LOC110438338
32489,LOC110438344,LOC110438344
32492,LOC110438349,LOC110438349
32493,LOC110438353,LOC110438353
32494,LOC110438359,LOC110438359
32495,LOC110438361,LOC110438361
32499,LOC110438381,LOC110438381
32506,LOC110438393,LOC110438393
32508,LOC110438399,LOC110438399
32510,LOC110438406,LOC110438406
32513,LOC110438410,LOC110438410
32514,LOC110438412,LOC110438412
32518,LOC110438421,LOC110438421
32519,LOC110438426,LOC110438426
32521,LOC110438432,LOC110438432
32522,LOC110438433,LOC110438433
32524,LOC110438438,LOC110438438
32525,LOC110438440,LOC110438440
32529,LOC110438454,LOC110438454
32530,LOC110438455,LOC110438455
32532,LOC110438462,LOC110438462
32535,LOC110438471,LOC110438471
32538,LOC110438481,LOC110438481
32541,LOC110438488,LOC110438488
32542,LOC110438489,LOC110438489
32543,LOC110438492,LOC110438492
32544,LOC110438500,LOC110438500
32545,LOC110438505,LOC110438505
32546,LOC110438510,LOC110438510
32547,LOC110438512,LOC110438512
32548,LOC110438513,LOC110438513
32552,LOC110438539,LOC110438539
32553,LOC110438540,LOC110438540
32554,LOC110438542,LOC110438542
32555,LOC110438548,LOC110438548
32556,LOC110438550,LOC110438550
32557,LOC110438555,LOC110438555
32559,LOC110438591,LOC110438591
32563,LOC110438650,LOC110438650
32564,LOC110438662,LOC110438662
32565,LOC110438663,LOC110438663
32567,LOC110438722,LOC110438722
32570,LOC110438747,LOC110438747
32571,LOC110438752,LOC110438752
32575,LOC110438834,LOC110438834
32576,LOC110438835,LOC110438835
32577,LOC110438839,LOC110438839
32578,LOC110438840,LOC110438840
32581,LOC110438862,LOC110438862
32585,LOC110438908,LOC110438908
32589,LOC110438934,LOC110438934
32590,LOC110438935,LOC110438935
32595,LOC110438970,LOC110438970
32598,LOC110439009,LOC110439009
32599,LOC110439104,LOC110439104
32600,LOC110439128,LOC110439128
32601,LOC110439155,LOC110439155
32602,LOC110439163,LOC110439163
32603,LOC110439169,LOC110439169
32604,LOC110439199,LOC110439199
32605,LOC110439243,LOC110439243
32606,LOC110439264,LOC110439264
32607,LOC110439268,LOC110439268
32608,LOC110439282,LOC110439282
32609,LOC110439298,LOC110439298
32610,LOC110439301,LOC110439301
32612,LOC110439308,LOC110439308
32619,LOC110439319,LOC110439319
32623,LOC110439340,LOC110439340
32626,LOC110439344,LOC110439344
32627,LOC110439345,LOC110439345
32629,LOC110439348,LOC110439348
32630,LOC110439349,LOC110439349
32631,LOC110439359,LOC110439359
32632,LOC110439366,LOC110439366
32635,LOC110439376,LOC110439376
32636,LOC110439377,LOC110439377
32638,LOC110439380,LOC110439380
32639,LOC110439381,LOC110439381
32643,LOC110439391,LOC110439391
32644,LOC110439392,LOC110439392
32645,LOC110439397,LOC110439397
32646,LOC110439398,LOC110439398
32649,LOC110439405,LOC110439405
32655,LOC110439417,LOC110439417
32656,LOC110439422,LOC110439422
32658,LOC110439428,LOC110439428
32663,LOC110439451,LOC110439451
32664,LOC110439452,LOC110439452
32668,LOC110439463,LOC110439463
32671,LOC110439474,LOC110439474
32674,LOC110439480,LOC110439480
32676,LOC110439485,LOC110439485
32679,LOC110439501,LOC110439501
32681,LOC110439505,LOC110439505
32682,LOC110439506,LOC110439506
32683,LOC110439507,LOC110439507
32687,LOC110439517,LOC110439517
32688,LOC110439518,LOC110439518
32689,LOC110439519,LOC110439519
32690,LOC110439526,LOC110439526
32694,LOC110439538,LOC110439538
32696,LOC110439541,LOC110439541
32697,LOC110439542,LOC110439542
32701,LOC110439549,LOC110439549
32702,LOC110439551,LOC110439551
32703,LOC110439553,LOC110439553
32706,LOC110439567,LOC110439567
32708,LOC110439571,LOC110439571
32711,LOC110439575,LOC110439575
32712,LOC110439578,LOC110439578
32714,LOC110439585,LOC110439585
32717,LOC110439592,LOC110439592
32718,LOC110439594,LOC110439594
32719,LOC110439597,LOC110439597
32720,LOC110439601,LOC110439601
32721,LOC110439603,LOC110439603
32722,LOC110439605,LOC110439605
32726,LOC110439611,LOC110439611
32727,LOC110439612,LOC110439612
32732,LOC110439627,LOC110439627
32733,LOC110439629,LOC110439629
32736,LOC110439636,LOC110439636
32737,LOC110439637,LOC110439637
32739,LOC110439700,LOC110439700
32740,LOC110439708,LOC110439708
32742,LOC110439713,LOC110439713
32744,LOC110439716,LOC110439716
32745,LOC110439743,LOC110439743
32746,LOC110439775,LOC110439775
32747,LOC110439784,LOC110439784
32750,LOC110439803,LOC110439803
32751,LOC110439808,LOC110439808
32752,LOC110439810,LOC110439810
32753,LOC110439816,LOC110439816
32756,LOC110439822,LOC110439822
32757,LOC110439823,LOC110439823
32759,LOC110439829,LOC110439829
32760,LOC110439831,LOC110439831
32761,LOC110439832,LOC110439832
32762,LOC110439834,LOC110439834
32763,LOC110439838,LOC110439838
32764,LOC110439843,LOC110439843
32765,LOC110439846,LOC110439846
32766,LOC110439847,LOC110439847
32767,LOC110439850,LOC110439850
32768,LOC110439851,LOC110439851
32770,LOC110439854,LOC110439854
32771,LOC110439864,LOC110439864
32774,LOC110439873,LOC110439873
32784,LOC110439904,LOC110439904
32785,LOC110439905,LOC110439905
32786,LOC110439906,LOC110439906
32789,LOC110439914,LOC110439914
32790,LOC110439915,LOC110439915
32794,LOC110439924,LOC110439924
32797,LOC110439933,LOC110439933
32801,LOC110439943,LOC110439943
32802,LOC110439945,LOC110439945
32803,LOC110439946,LOC110439946
32805,LOC110439949,LOC110439949
32806,LOC110439950,LOC110439950
32807,LOC110439952,LOC110439952
32808,LOC110439954,LOC110439954
32809,LOC110439955,LOC110439955
32810,LOC110439956,LOC110439956
32813,LOC110439959,LOC110439959
32814,LOC110439964,LOC110439964
32815,LOC110439965,LOC110439965
32816,LOC110439967,LOC110439967
32819,LOC110439973,LOC110439973
32821,LOC110439978,LOC110439978
32822,LOC110439979,LOC110439979
32824,LOC110439983,LOC110439983
32826,LOC110439986,LOC110439986
32827,LOC110439987,LOC110439987
32829,LOC110439989,LOC110439989
32830,LOC110439991,LOC110439991
32831,LOC110439992,LOC110439992
32834,LOC110439999,LOC110439999
32835,LOC110440000,LOC110440000
32836,LOC110440001,LOC110440001
32837,LOC110440007,LOC110440007
32840,LOC110440018,LOC110440018
32841,LOC110440019,LOC110440019
32842,LOC110440020,LOC110440020
32843,LOC110440024,LOC110440024
32846,LOC110440031,LOC110440031
32847,LOC110440032,LOC110440032
32848,LOC110440034,LOC110440034
32850,LOC110440043,LOC110440043
32851,LOC110440044,LOC110440044
32852,LOC110440045,LOC110440045
32853,LOC110440047,LOC110440047
32854,LOC110440051,LOC110440051
32856,LOC110440064,LOC110440064
32857,LOC110440065,LOC110440065
32858,LOC110440066,LOC110440066
32861,LOC110440086,LOC110440086
32863,LOC110440093,LOC110440093
32866,LOC110440101,LOC110440101
32869,LOC110440112,LOC110440112
32873,LOC110440119,LOC110440119
32874,LOC110440125,LOC110440125
32877,LOC110440129,LOC110440129
32880,LOC110440137,LOC110440137
32881,LOC110440139,LOC110440139
32882,LOC110440142,LOC110440142
32886,LOC110440153,LOC110440153
32887,LOC110440154,LOC110440154
32888,LOC110440155,LOC110440155
32891,LOC110440158,LOC110440158
32893,LOC110440162,LOC110440162
32894,LOC110440169,LOC110440169
32896,LOC110440174,LOC110440174
32898,LOC110440189,LOC110440189
32900,LOC110440194,LOC110440194
32902,LOC110440202,LOC110440202
32904,LOC110440209,LOC110440209
32905,LOC110440213,LOC110440213
32907,LOC110440219,LOC110440219
32908,LOC110440222,LOC110440222
32910,LOC555502,LOC555502
32918,LOC560461,LOC560461
32921,LOC561873,LOC561873
32923,LOC564610,LOC564610
32925,LOC565002,LOC565002
32926,LOC565594,LOC565594
32929,LOC567909,LOC567909
32930,LOC568392,LOC568392
32933,LOC569097,LOC569097
32936,LOC570405,LOC570405
32937,LOC570903,LOC570903
32942,LOC792447,LOC792447
32949,LOC793843,LOC793843
32950,LOC794117,LOC794117
32953,LOC794838,LOC794838
32954,LOC795526,LOC795526
32957,LOC795962,LOC795962
32962,LOC796311,LOC796311
32965,LOC797168,LOC797168
32969,LOC798089,LOC798089
32976,LOC799227,LOC799227
32978,loxl3b,loxl3b
32979,lpar2a,lpar2a
32980,lpar5a,lpar5a
32981,lpxn,lpxn
32982,lrit3b,lrit3b
32983,lrp5,lrp5
32984,lrrc14b,lrrc14b
32985,lrrc3b,lrrc3b
32986,lrtm2b,lrtm2b
32988,ly6m7,ly6m7
32990,macf1b,macf1b
32991,mafga,mafga
32992,mala,mala
32993,MAN1C1,MAN1C1
32995,map3k20,map3k20
32996,map3k7cl,map3k7cl
32997,MAPK8IP1 (1 of many),MAPK8IP1 (1 of many)
32998,march1,march1
33000,MARCH4 (1 of many),MARCH4 (1 of many)
33001,marcksl1a,marcksl1a
33002,mbd3b,mbd3b
33003,mc3r,mc3r
33004,mchr1a,mchr1a
33005,mchr1b,mchr1b
33006,MCMDC2,MCMDC2
33007,meak7,meak7
33008,meiob,meiob
33009,metap2a,metap2a
33010,mex3c,mex3c
33011,mfap2,mfap2
33012,MFAP4 (1 of many),MFAP4 (1 of many)
33014,mgp,mgp
33015,mhc1lfa,mhc1lfa
33016,mhc1lla,mhc1lla
33017,mhc1zba,mhc1zba
33029,mir124-2,mir124-2
33031,mir125b-1,mir125b-1
33033,mir125b-3,mir125b-3
33043,mir133a-1,mir133a-1
33066,mir153b,mir153b
33067,mir153c,mir153c
33077,mir181b-2,mir181b-2
33078,mir181c,mir181c
33080,mir183,mir183
33096,mir196c,mir196c
33098,mir199-3a,mir199-3a
33108,mir20b,mir20b
33122,mir218b,mir218b
33127,mir2197,mir2197
33128,mir2198,mir2198
33130,mir222a,mir222a
33146,mir29a-1,mir29a-1
33154,mir338-2,mir338-2
33160,mir365-1,mir365-1
33168,mir430b-10,mir430b-10
33187,mir7148,mir7148
33194,mir729,mir729
33204,mir7a-1,mir7a-1
33206,mir7a-3,mir7a-3
33209,mir9-2,mir9-2
33212,mir9-5,mir9-5
33225,mixl1,mixl1
33226,mkrn2os.2,mkrn2os.2
33227,mlana,mlana
33228,mlnr,mlnr
33229,mlphb,mlphb
33230,mmp20b,mmp20b
33231,MMP23B,MMP23B
33232,mmp23bb,mmp23bb
33233,mmp25a,mmp25a
33234,mmp9,mmp9
33235,mocs2,mocs2
33236,mogat2,mogat2
33237,mpeg1.2,mpeg1.2
33238,mpg,mpg
33240,mpp1,mpp1
33241,mpp7b,mpp7b
33242,mrc1a,mrc1a
33244,ms4a17c.1,ms4a17c.1
33246,mst1,mst1
33248,mthfs,mthfs
33249,mtnr1al,mtnr1al
33250,mtnr1c,mtnr1c
33251,mto1,mto1
33252,muc2.1,muc2.1
33253,mycbp,mycbp
33254,myh11b,myh11b
33255,mylk4a,mylk4a
33256,myo16,myo16
33257,myo7bb,myo7bb
33258,n4bp3,n4bp3
33259,naa80,naa80
33261,NAT16 (1 of many),NAT16 (1 of many)
33262,nat6,nat6
33263,NAV1 (1 of many),NAV1 (1 of many)
33264,nbeab,nbeab
33266,NCEH1 (1 of many),NCEH1 (1 of many)
33267,ncf1,ncf1
33268,ndp,ndp
33269,ndufa3,ndufa3
33270,ndufa4l2b,ndufa4l2b
33271,ndufaf6,ndufaf6
33272,nf1a,nf1a
33273,nfe2,nfe2
33274,nfixa,nfixa
33275,nipal2,nipal2
33277,nitr1h,nitr1h
33279,nitr2a,nitr2a
33281,nitr6a,nitr6a
33282,nitr8,nitr8
33284,nkl.3,nkl.3
33285,nkl.4,nkl.4
33286,nkx6.3,nkx6.3
33287,nlk2,nlk2
33288,nmbb,nmbb
33289,nmbr,nmbr
33290,nme2b.2,nme2b.2
33291,nmnat1-rbp7a,nmnat1-rbp7a
33292,NPAS3,NPAS3
33293,NPC1L1,NPC1L1
33294,NPC2 (1 of many),NPC2 (1 of many)
33295,npffr1l2,npffr1l2
33296,npm2b,npm2b
33297,npy1r,npy1r
33298,npy2r,npy2r
33299,npy8ar,npy8ar
33300,nr1d1,nr1d1
33301,nrsn1,nrsn1
33302,nrxn2a,nrxn2a
33303,ntrk1,ntrk1
33304,nts,nts
33305,nudt6,nudt6
33306,NUP85 (1 of many),NUP85 (1 of many)
33307,ocstamp,ocstamp
33309,olfcg5,olfcg5
33310,olfcg6,olfcg6
33312,olfcs1,olfcs1
33313,ompa,ompa
33314,onecut1,onecut1
33315,onecut3b,onecut3b
33316,opn4a,opn4a
33317,opn7a,opn7a
33318,opn8a,opn8a
33319,or101-1,or101-1
33320,or102-1,or102-1
33321,or102-2,or102-2
33322,or102-3,or102-3
33323,or102-4,or102-4
33324,or102-5,or102-5
33325,or103-1,or103-1
33327,or103-4,or103-4
33328,or103-5,or103-5
33329,or104-2,or104-2
33330,or106-10,or106-10
33331,or106-12,or106-12
33332,or106-2,or106-2
33333,or106-3,or106-3
33334,or106-4,or106-4
33335,or106-6,or106-6
33336,or106-7,or106-7
33337,or106-8,or106-8
33338,or106-9,or106-9
33339,or108-1,or108-1
33340,or108-2,or108-2
33341,or108-3,or108-3
33346,or111-1,or111-1
33347,or111-3,or111-3
33348,or111-4,or111-4
33349,or111-5,or111-5
33350,or111-6,or111-6
33351,or111-7,or111-7
33352,or111-9,or111-9
33353,or115-10,or115-10
33354,or115-11,or115-11
33355,or115-12,or115-12
33356,or115-13,or115-13
33357,or115-15,or115-15
33358,or115-6,or115-6
33359,or115-7,or115-7
33361,or117-1,or117-1
33363,or118-3,or118-3
33364,or119-2,or119-2
33366,or122-2,or122-2
33367,or123-1,or123-1
33368,or124-1,or124-1
33370,or125-1,or125-1
33371,or125-3,or125-3
33372,or125-4,or125-4
33373,or125-5,or125-5
33374,or125-6,or125-6
33375,or125-7,or125-7
33376,or125-8,or125-8
33377,or126-3,or126-3
33378,or128-10,or128-10
33379,or128-2,or128-2
33380,or128-4,or128-4
33381,or128-5,or128-5
33382,or128-8,or128-8
33383,or128-9,or128-9
33384,or131-1,or131-1
33385,or132-4,or132-4
33386,or132-5,or132-5
33387,or133-1,or133-1
33389,or133-5,or133-5
33390,or133-9,or133-9
33391,or134-1,or134-1
33392,or136-1,or136-1
33393,or137-6,or137-6
33394,or137-7,or137-7
33395,ora5,ora5
33396,OSCP1 (1 of many),OSCP1 (1 of many)
33397,oscp1b,oscp1b
33398,osmr,osmr
33399,ovch2,ovch2
33400,oxgr1a.1,oxgr1a.1
33403,P2RY14,P2RY14
33404,p2ry2.3,p2ry2.3
33405,PAMR1 (1 of many),PAMR1 (1 of many)
33406,PARD3 (1 of many),PARD3 (1 of many)
33407,parla,parla
33408,pax10,pax10
33409,pax7b,pax7b
33410,pbldp,pbldp
33411,pcbp4,pcbp4
33413,pcdh1g9,pcdh1g9
33414,pcdh1gb2,pcdh1gb2
33415,pcdh2aa1,pcdh2aa1
33416,pcdh2aa15,pcdh2aa15
33417,pcdh2ab1,pcdh2ab1
33418,pcdh2ab3,pcdh2ab3
33419,pcdh2ab5,pcdh2ab5
33421,pcdh2ac,pcdh2ac
33422,pcdh2g1,pcdh2g1
33423,pcdh2g10,pcdh2g10
33424,pcdh2g12,pcdh2g12
33425,pcdh2g13,pcdh2g13
33427,pcdh2g2,pcdh2g2
33428,pcdh2g3,pcdh2g3
33429,pcdh2g5,pcdh2g5
33430,pcdh2g6,pcdh2g6
33431,pcdh2g7,pcdh2g7
33432,pcdh2g9,pcdh2g9
33433,pcdh8,pcdh8
33434,pcdhb,pcdhb
33435,PCMTD2 (1 of many),PCMTD2 (1 of many)
33436,pdca,pdca
33437,pde8a,pde8a
33438,pex6,pex6
33439,pgam2,pgam2
33440,pih1d2,pih1d2
33441,pimr100,pimr100
33444,pimr106,pimr106
33446,pimr113,pimr113
33451,pimr120,pimr120
33455,pimr127,pimr127
33457,pimr132,pimr132
33458,pimr133,pimr133
33459,pimr134,pimr134
33476,pimr168,pimr168
33477,pimr169,pimr169
33478,pimr170,pimr170
33479,pimr171,pimr171
33481,pimr174,pimr174
33482,pimr177,pimr177
33483,pimr181,pimr181
33484,pimr187,pimr187
33485,pimr192,pimr192
33486,pimr193,pimr193
33487,pimr194,pimr194
33489,pimr197,pimr197
33492,pimr203,pimr203
33493,pimr204,pimr204
33496,pimr213,pimr213
33497,pimr214,pimr214
33500,pimr24,pimr24
33503,pimr28,pimr28
33509,pimr47,pimr47
33510,pimr48,pimr48
33511,pimr49,pimr49
33513,pimr51,pimr51
33515,pimr53,pimr53
33516,pimr54,pimr54
33519,pimr58,pimr58
33521,pimr60,pimr60
33525,pimr64,pimr64
33527,pimr69,pimr69
33529,pimr72,pimr72
33530,pimr73,pimr73
33531,pimr74,pimr74
33535,pimr78,pimr78
33538,pimr85,pimr85
33539,pimr87,pimr87
33543,pitpnab,pitpnab
33544,pkd1l2a,pkd1l2a
33545,pkp1a,pkp1a
33548,pla1a,pla1a
33549,plcl2,plcl2
33550,plekhj1,plekhj1
33551,PLPP7 (1 of many),PLPP7 (1 of many)
33552,plppr4b,plppr4b
33553,plrdgb,plrdgb
33554,pmm1,pmm1
33555,pnck,pnck
33556,pnp4b,pnp4b
33557,POLR2E (1 of many),POLR2E (1 of many)
33558,polr3glb,polr3glb
33559,ponzr10,ponzr10
33560,pou4f1,pou4f1
33561,ppfia3,ppfia3
33562,ppfibp1a,ppfibp1a
33563,ppip5k1a,ppip5k1a
33565,ppp1r32,ppp1r32
33567,prf1.2,prf1.2
33568,prkacaa,prkacaa
33569,prkg1a,prkg1a
33570,prlh2,prlh2
33572,prop1,prop1
33573,prox1a,prox1a
33574,prrx1b,prrx1b
33575,prss56,prss56
33576,psmb10,psmb10
33578,ptger4c,ptger4c
33579,pth2,pth2
33580,ptmaa,ptmaa
33581,ptprh,ptprh
33582,ptprjb.2,ptprjb.2
33583,purab,purab
33585,rab39bb,rab39bb
33586,rabl3,rabl3
33587,RAMP1,RAMP1
33588,rapgef5a,rapgef5a
33589,rbm20,rbm20
33590,RBP1 (1 of many),RBP1 (1 of many)
33591,rbp5,rbp5
33593,recql,recql
33594,reep3a,reep3a
33605,RF00392,RF00392
33606,RF00397,RF00397
33607,RF00410,RF00410
33609,RF00426,RF00426
33610,RF00443,RF00443
33611,RF00494,RF00494
33612,RF00564,RF00564
33616,RF01225,RF01225
33617,RF01229,RF01229
33620,RF02250,RF02250
33621,RFESD (1 of many),RFESD (1 of many)
33622,rffl,rffl
33623,rfx5,rfx5
33624,RGS13 (1 of many),RGS13 (1 of many)
33625,rgs8,rgs8
33626,rh50,rh50
33627,RHOU (1 of many),RHOU (1 of many)
33628,ribc1,ribc1
33629,rida.1,rida.1
33630,ripor1.1,ripor1.1
33631,rit1,rit1
33632,rln3a,rln3a
33633,RNF14 (1 of many),RNF14 (1 of many)
33634,RNF180 (1 of many),RNF180 (1 of many)
33635,rnf182,rnf182
33637,rorb,rorb
33638,rps10,rps10
33639,rpusd4,rpusd4
33640,rpz3,rpz3
33641,rpz6,rpz6
33642,rsrc2,rsrc2
33643,rtn3,rtn3
33644,rtn4rl1b,rtn4rl1b
33645,runx2a,runx2a
33646,rxfp3,rxfp3
33647,rxfp3.3a1,rxfp3.3a1
33648,rxfp3.3a2,rxfp3.3a2
33649,sall4,sall4
33650,samd11,samd11
33651,sash3,sash3
33653,sb:cb230,sbcb230
33655,sc:d156,scd156
33656,SCCPDH (1 of many),SCCPDH (1 of many)
33657,scn12aa,scn12aa
33658,scn2b,scn2b
33659,scxb,scxb
33660,sdk1a,sdk1a
33661,SDK2 (1 of many),SDK2 (1 of many)
33663,selenop,selenop
33664,senp7a,senp7a
33666,sept4,sept4
33667,serpina7,serpina7
33668,SERPINB8 (1 of many),SERPINB8 (1 of many)
33669,serpine3,serpine3
33670,sftpba,sftpba
33672,sh3d19,sh3d19
33673,sh3pxd2ab,sh3pxd2ab
33674,shc1,shc1
33675,shisa7a,shisa7a
33676,shisal1b,shisal1b
33678,si:busm1-180g5.6,sibusm1180g5.6
33679,si:busm1-194e12.8,sibusm1194e12.8
33681,si:busm1-266f07.2,sibusm1266f07.2
33683,si:cabz01021428.1,sicabz01021428.1
33684,si:cabz01030277.1,sicabz01030277.1
33686,si:cabz01040626.2,sicabz01040626.2
33689,si:ch1073-110a20.7,sich1073110a20.7
33690,si:ch1073-153i20.2,sich1073153i20.2
33691,si:ch1073-159d7.10,sich1073159d7.10
33693,si:ch1073-15f12.3,sich107315f12.3
33694,si:ch1073-166e24.4,sich1073166e24.4
33695,si:ch1073-178p5.3,sich1073178p5.3
33696,si:ch1073-181h11.1,sich1073181h11.1
33697,si:ch1073-186i23.1,sich1073186i23.1
33698,si:ch1073-204b8.1,sich1073204b8.1
33701,si:ch1073-291c23.2,sich1073291c23.2
33702,si:ch1073-324l1.1,sich1073324l1.1
33703,si:ch1073-398c20.3,sich1073398c20.3
33706,si:ch1073-429i10.3,sich1073429i10.3
33707,si:ch1073-44g3.1,sich107344g3.1
33716,si:ch211-106j21.2,sich211106j21.2
33717,si:ch211-106j21.4,sich211106j21.4
33718,si:ch211-106j24.1,sich211106j24.1
33720,si:ch211-112b1.2,sich211112b1.2
33721,si:ch211-112f3.4,sich211112f3.4
33722,si:ch211-113d11.8,sich211113d11.8
33725,si:ch211-114l13.13,sich211114l13.13
33727,si:ch211-116o3.3,sich211116o3.3
33728,si:ch211-117c19.1,sich211117c19.1
33729,si:ch211-119c20.2,sich211119c20.2
33730,si:ch211-120e1.1,sich211120e1.1
33731,si:ch211-122h15.4,sich211122h15.4
33733,si:ch211-122l14.7,sich211122l14.7
33734,si:ch211-125a15.1,sich211125a15.1
33735,si:ch211-125c23.3,sich211125c23.3
33737,si:ch211-127b6.2,sich211127b6.2
33738,si:ch211-131k2.3,sich211131k2.3
33741,si:ch211-132g1.4,sich211132g1.4
33743,si:ch211-133n4.12,sich211133n4.12
33744,si:ch211-133n4.7,sich211133n4.7
33745,si:ch211-134a4.2,sich211134a4.2
33747,si:ch211-135n15.3,sich211135n15.3
33748,si:ch211-137j23.6,sich211137j23.6
33749,si:ch211-137j23.7,sich211137j23.7
33750,si:ch211-137j23.8,sich211137j23.8
33752,si:ch211-138g9.3,sich211138g9.3
33753,si:ch211-139a5.9,sich211139a5.9
33754,si:ch211-139n6.10,sich211139n6.10
33757,si:ch211-142d6.2,sich211142d6.2
33758,si:ch211-147m6.2,sich211147m6.2
33763,si:ch211-150d5.3,sich211150d5.3
33764,si:ch211-151m7.6,sich211151m7.6
33766,si:ch211-152f2.4,sich211152f2.4
33767,si:ch211-152f22.4,sich211152f22.4
33769,si:ch211-156j16.1,sich211156j16.1
33770,si:ch211-156l18.6,sich211156l18.6
33771,si:ch211-156p11.1,sich211156p11.1
33772,si:ch211-157b11.14,sich211157b11.14
33773,si:ch211-15j1.1,sich21115j1.1
33776,si:ch211-160d20.5,sich211160d20.5
33777,si:ch211-161m3.2,sich211161m3.2
33778,si:ch211-161m3.6,sich211161m3.6
33779,si:ch211-162k9.6,sich211162k9.6
33780,si:ch211-163c2.1,sich211163c2.1
33789,si:ch211-168k14.2,sich211168k14.2
33790,si:ch211-171h4.3,sich211171h4.3
33791,si:ch211-171h4.7,sich211171h4.7
33792,si:ch211-171l17.4,sich211171l17.4
33794,si:ch211-181l5.2,sich211181l5.2
33795,si:ch211-186e20.2,sich211186e20.2
33796,si:ch211-186e20.7,sich211186e20.7
33798,si:ch211-188i4.4,sich211188i4.4
33802,si:ch211-191c10.3,sich211191c10.3
33803,si:ch211-193i15.1,sich211193i15.1
33804,si:ch211-194e18.2,sich211194e18.2
33805,si:ch211-194m7.3,sich211194m7.3
33806,si:ch211-194m7.4,sich211194m7.4
33807,si:ch211-194m7.5,sich211194m7.5
33808,si:ch211-194m7.8,sich211194m7.8
33810,si:ch211-195j11.30,sich211195j11.30
33812,si:ch211-197h24.8,sich211197h24.8
33813,si:ch211-198b3.4,sich211198b3.4
33814,si:ch211-199i15.5,sich211199i15.5
33815,si:ch211-1a19.2,sich2111a19.2
33816,si:ch211-1f22.11,sich2111f22.11
33817,si:ch211-1f22.13,sich2111f22.13
33818,si:ch211-1f22.16,sich2111f22.16
33819,si:ch211-1f22.3,sich2111f22.3
33820,si:ch211-1f22.5,sich2111f22.5
33823,si:ch211-1f22.9,sich2111f22.9
33825,si:ch211-201h21.5,sich211201h21.5
33826,si:ch211-202h22.9,sich211202h22.9
33827,si:ch211-202n12.2,sich211202n12.2
33829,si:ch211-205a14.3,sich211205a14.3
33830,si:ch211-207c7.2,sich211207c7.2
33831,si:ch211-207e19.2,sich211207e19.2
33832,si:ch211-209a2.1,sich211209a2.1
33833,si:ch211-209f23.7,sich211209f23.7
33834,si:ch211-209n20.59,sich211209n20.59
33836,si:ch211-212c13.8,sich211212c13.8
33837,si:ch211-212k18.6,sich211212k18.6
33839,si:ch211-215e19.3,sich211215e19.3
33840,si:ch211-215e19.4,sich211215e19.4
33841,si:ch211-215e19.8,sich211215e19.8
33842,si:ch211-215m21.22,sich211215m21.22
33843,si:ch211-217k17.11,sich211217k17.11
33844,si:ch211-218m3.11,sich211218m3.11
33845,si:ch211-218m3.13,sich211218m3.13
33846,si:ch211-218m3.18,sich211218m3.18
33847,si:ch211-218m3.19,sich211218m3.19
33851,si:ch211-222f23.6,sich211222f23.6
33852,si:ch211-223g7.6,sich211223g7.6
33854,si:ch211-225k7.3,sich211225k7.3
33856,si:ch211-225k7.5,sich211225k7.5
33857,si:ch211-225k7.6,sich211225k7.6
33858,si:ch211-226h7.8,sich211226h7.8
33860,si:ch211-227e10.1,sich211227e10.1
33861,si:ch211-227e10.6,sich211227e10.6
33864,si:ch211-229l10.4,sich211229l10.4
33865,si:ch211-229l10.9,sich211229l10.9
33866,si:ch211-230g14.3,sich211230g14.3
33868,si:ch211-232d10.1,sich211232d10.1
33869,si:ch211-232h12.2,sich211232h12.2
33870,si:ch211-234c11.2,sich211234c11.2
33874,si:ch211-236p22.1,sich211236p22.1
33875,si:ch211-237a4.2,sich211237a4.2
33876,si:ch211-238e22.2,sich211238e22.2
33878,si:ch211-238e22.7,sich211238e22.7
33879,si:ch211-238g23.1,sich211238g23.1
33880,si:ch211-238p8.10,sich211238p8.10
33881,si:ch211-238p8.24,sich211238p8.24
33884,si:ch211-240l19.7,sich211240l19.7
33885,si:ch211-240l19.8,sich211240l19.8
33887,si:ch211-243a20.3,sich211243a20.3
33888,si:ch211-243a20.4,sich211243a20.4
33889,si:ch211-243p7.3,sich211243p7.3
33890,si:ch211-244a23.1,sich211244a23.1
33892,si:ch211-246b8.5,sich211246b8.5
33893,si:ch211-246e12.3,sich211246e12.3
33894,si:ch211-248a14.8,sich211248a14.8
33896,si:ch211-249c2.1,sich211249c2.1
33897,si:ch211-249h16.8,sich211249h16.8
33900,si:ch211-250n8.1,sich211250n8.1
33901,si:ch211-253p14.2,sich211253p14.2
33902,si:ch211-253p18.5,sich211253p18.5
33903,si:ch211-255a21.2,sich211255a21.2
33904,si:ch211-255f4.11,sich211255f4.11
33906,si:ch211-255f4.2,sich211255f4.2
33907,si:ch211-255g12.6,sich211255g12.6
33910,si:ch211-256e16.8,sich211256e16.8
33911,si:ch211-25g7.5,sich21125g7.5
33912,si:ch211-262i1.4,sich211262i1.4
33913,si:ch211-265g22.4,sich211265g22.4
33916,si:ch211-26b3.4,sich21126b3.4
33917,si:ch211-271e10.1,sich211271e10.1
33918,si:ch211-271e10.6,sich211271e10.6
33919,si:ch211-272b8.7,sich211272b8.7
33920,si:ch211-272h9.3,sich211272h9.3
33921,si:ch211-274p24.2,sich211274p24.2
33922,si:ch211-276a17.5,sich211276a17.5
33923,si:ch211-276i6.1,sich211276i6.1
33924,si:ch211-277c7.6,sich211277c7.6
33925,si:ch211-281k19.2,sich211281k19.2
33926,si:ch211-282j17.1,sich211282j17.1
33927,si:ch211-282j17.10,sich211282j17.10
33928,si:ch211-282j17.2,sich211282j17.2
33930,si:ch211-284d12.3,sich211284d12.3
33931,si:ch211-284e13.11,sich211284e13.11
33932,si:ch211-285c6.2,sich211285c6.2
33933,si:ch211-285c6.5,sich211285c6.5
33934,si:ch211-285j22.3,sich211285j22.3
33935,si:ch211-286o17.1,sich211286o17.1
33936,si:ch211-287a12.9,sich211287a12.9
33938,si:ch211-28p3.3,sich21128p3.3
33939,si:ch211-33e4.2,sich21133e4.2
33940,si:ch211-38m6.7,sich21138m6.7
33941,si:ch211-39f2.3,sich21139f2.3
33943,si:ch211-45c16.2,sich21145c16.2
33944,si:ch211-51i16.1,sich21151i16.1
33945,si:ch211-53m15.2,sich21153m15.2
33946,si:ch211-57h10.1,sich21157h10.1
33947,si:ch211-57m13.10,sich21157m13.10
33949,si:ch211-57m13.6,sich21157m13.6
33950,si:ch211-57m13.9,sich21157m13.9
33951,si:ch211-57n23.1,sich21157n23.1
33952,si:ch211-63b16.3,sich21163b16.3
33956,si:ch211-66c13.1,sich21166c13.1
33957,si:ch211-67n3.9,sich21167n3.9
33958,si:ch211-71m22.1,sich21171m22.1
33959,si:ch211-73m21.1,sich21173m21.1
33960,si:ch211-76m11.15,sich21176m11.15
33961,si:ch211-76m11.3,sich21176m11.3
33962,si:ch211-76m11.5,sich21176m11.5
33963,si:ch211-76m11.8,sich21176m11.8
33964,si:ch211-76m11.9,sich21176m11.9
33965,si:ch211-8c17.2,sich2118c17.2
33967,si:ch211-93g21.2,sich21193g21.2
33968,si:ch211-9d9.7,sich2119d9.7
33969,si:ch211-9n13.3,sich2119n13.3
33970,si:ch73-105b23.1,sich73105b23.1
33971,si:ch73-106n3.1,sich73106n3.1
33972,si:ch73-106n3.2,sich73106n3.2
33973,si:ch73-109d9.4,sich73109d9.4
33974,si:ch73-113g13.1,sich73113g13.1
33975,si:ch73-113g13.3,sich73113g13.3
33976,si:ch73-122g19.1,sich73122g19.1
33981,si:ch73-138i16.1,sich73138i16.1
33982,si:ch73-139j3.4,sich73139j3.4
33984,si:ch73-160i9.1,sich73160i9.1
33986,si:ch73-170d6.4,sich73170d6.4
33988,si:ch73-174h16.5,sich73174h16.5
33989,si:ch73-180n10.1,sich73180n10.1
33990,si:ch73-193i2.2,sich73193i2.2
33991,si:ch73-193i22.1,sich73193i22.1
33992,si:ch73-194c23.1,sich73194c23.1
33993,si:ch73-194h10.3,sich73194h10.3
33994,si:ch73-197b13.1,sich73197b13.1
33995,si:ch73-205h11.1,sich73205h11.1
33997,si:ch73-21d24.1,sich7321d24.1
34000,si:ch73-233f7.3,sich73233f7.3
34001,si:ch73-233f7.4,sich73233f7.4
34002,si:ch73-233f7.5,sich73233f7.5
34003,si:ch73-233f7.6,sich73233f7.6
34004,si:ch73-233f7.7,sich73233f7.7
34005,si:ch73-233f7.8,sich73233f7.8
34007,si:ch73-236c18.6,sich73236c18.6
34009,si:ch73-256j6.2,sich73256j6.2
34010,si:ch73-256j6.3,sich73256j6.3
34011,si:ch73-256j6.5,sich73256j6.5
34012,si:ch73-256j6.6,sich73256j6.6
34013,si:ch73-262h23.4,sich73262h23.4
34021,si:ch73-27e22.4,sich7327e22.4
34022,si:ch73-289h5.4,sich73289h5.4
34023,si:ch73-289h5.5,sich73289h5.5
34025,si:ch73-313l22.2,sich73313l22.2
34026,si:ch73-315f9.2,sich73315f9.2
34027,si:ch73-322b17.4,sich73322b17.4
34028,si:ch73-334d15.4,sich73334d15.4
34029,si:ch73-335l21.3,sich73335l21.3
34033,si:ch73-343l4.5,sich73343l4.5
34034,si:ch73-343l4.8,sich73343l4.8
34035,si:ch73-345f18.3,sich73345f18.3
34036,si:ch73-34h11.1,sich7334h11.1
34037,si:ch73-358j7.2,sich73358j7.2
34038,si:ch73-359m17.11,sich73359m17.11
34039,si:ch73-359m17.8,sich73359m17.8
34041,si:ch73-364h19.1,sich73364h19.1
34042,si:ch73-368j24.10,sich73368j24.10
34043,si:ch73-368j24.3,sich73368j24.3
34044,si:ch73-376l24.6,sich73376l24.6
34045,si:ch73-379f5.5,sich73379f5.5
34046,si:ch73-379j16.2,sich73379j16.2
34047,si:ch73-380l3.3,sich73380l3.3
34049,si:ch73-51i5.2,sich7351i5.2
34050,si:ch73-52p7.1,sich7352p7.1
34051,si:ch73-55i23.1,sich7355i23.1
34053,si:ch73-90p23.1,sich7390p23.1
34054,si:ch73-91k6.1,sich7391k6.1
34055,si:ch73-92i20.1,sich7392i20.1
34056,si:ch73-94k4.1,sich7394k4.1
34058,si:ch73-94k4.5,sich7394k4.5
34059,si:dkey-102c8.2,sidkey102c8.2
34060,si:dkey-102c8.3,sidkey102c8.3
34061,si:dkey-103j14.5,sidkey103j14.5
34062,si:dkey-103k4.1,sidkey103k4.1
34063,si:dkey-103k4.2,sidkey103k4.2
34064,si:dkey-108k24.2,sidkey108k24.2
34067,si:dkey-112g5.11,sidkey112g5.11
34068,si:dkey-112g5.12,sidkey112g5.12
34072,si:dkey-114l24.2,sidkey114l24.2
34075,si:dkey-117a8.4,sidkey117a8.4
34078,si:dkey-117n7.4,sidkey117n7.4
34079,si:dkey-119m7.4,sidkey119m7.4
34080,si:dkey-11d18.4,sidkey11d18.4
34081,si:dkey-11m19.5,sidkey11m19.5
34082,si:dkey-11p23.7,sidkey11p23.7
34083,si:dkey-121n8.8,sidkey121n8.8
34087,si:dkey-13n15.11,sidkey13n15.11
34088,si:dkey-13p1.3,sidkey13p1.3
34090,si:dkey-146c18.2,sidkey146c18.2
34091,si:dkey-146c18.5,sidkey146c18.5
34092,si:dkey-146m20.13,sidkey146m20.13
34093,si:dkey-148a17.6,sidkey148a17.6
34094,si:dkey-149i17.7,sidkey149i17.7
34098,si:dkey-14o6.4,sidkey14o6.4
34099,si:dkey-151j17.4,sidkey151j17.4
34100,si:dkey-153k10.9,sidkey153k10.9
34101,si:dkey-156k2.7,sidkey156k2.7
34110,si:dkey-162b23.4,sidkey162b23.4
34111,si:dkey-163f12.11,sidkey163f12.11
34112,si:dkey-163m14.2,sidkey163m14.2
34114,si:dkey-165e24.1,sidkey165e24.1
34116,si:dkey-16m19.1,sidkey16m19.1
34117,si:dkey-16p19.5,sidkey16p19.5
34118,si:dkey-16p6.1,sidkey16p6.1
34119,si:dkey-16p6.4,sidkey16p6.4
34121,si:dkey-174k12.3,sidkey174k12.3
34122,si:dkey-174m14.3,sidkey174m14.3
34125,si:dkey-178j11.5,sidkey178j11.5
34126,si:dkey-181c13.1,sidkey181c13.1
34129,si:dkey-181m19.17,sidkey181m19.17
34130,si:dkey-182g1.10,sidkey182g1.10
34131,si:dkey-182o15.5,sidkey182o15.5
34132,si:dkey-183k8.2,sidkey183k8.2
34133,si:dkey-187j14.7,sidkey187j14.7
34135,si:dkey-187k19.2,sidkey187k19.2
34138,si:dkey-190j3.4,sidkey190j3.4
34139,si:dkey-190j3.6,sidkey190j3.6
34140,si:dkey-191c17.2,sidkey191c17.2
34142,si:dkey-191j3.2,sidkey191j3.2
34144,si:dkey-196n19.2,sidkey196n19.2
34146,si:dkey-199f5.3,sidkey199f5.3
34147,si:dkey-199m13.7,sidkey199m13.7
34148,si:dkey-19a16.13,sidkey19a16.13
34149,si:dkey-19b23.13,sidkey19b23.13
34153,si:dkey-1c7.1,sidkey1c7.1
34154,si:dkey-1h24.6,sidkey1h24.6
34156,si:dkey-201i6.8,sidkey201i6.8
34157,si:dkey-201k7.1,sidkey201k7.1
34158,si:dkey-203a12.9,sidkey203a12.9
34163,si:dkey-207m2.4,sidkey207m2.4
34164,si:dkey-208m12.3,sidkey208m12.3
34165,si:dkey-211g8.1,sidkey211g8.1
34168,si:dkey-211i20.5,sidkey211i20.5
34169,si:dkey-21e2.10,sidkey21e2.10
34171,si:dkey-21e2.15,sidkey21e2.15
34172,si:dkey-21e2.16,sidkey21e2.16
34173,si:dkey-21h14.10,sidkey21h14.10
34174,si:dkey-21h14.12,sidkey21h14.12
34177,si:dkey-220a11.5,sidkey220a11.5
34178,si:dkey-220f10.4,sidkey220f10.4
34179,si:dkey-220o21.3,sidkey220o21.3
34180,si:dkey-220o21.4,sidkey220o21.4
34181,si:dkey-222f8.3,sidkey222f8.3
34182,si:dkey-222h21.10,sidkey222h21.10
34183,si:dkey-222h21.11,sidkey222h21.11
34184,si:dkey-222h21.12,sidkey222h21.12
34185,si:dkey-222h21.2,sidkey222h21.2
34186,si:dkey-222h21.3,sidkey222h21.3
34188,si:dkey-224b4.5,sidkey224b4.5
34194,si:dkey-22i16.7,sidkey22i16.7
34195,si:dkey-22p6.2,sidkey22p6.2
34196,si:dkey-230i18.2,sidkey230i18.2
34197,si:dkey-230p4.1,sidkey230p4.1
34198,si:dkey-234i14.12,sidkey234i14.12
34202,si:dkey-234l24.1,sidkey234l24.1
34204,si:dkey-236e20.3,sidkey236e20.3
34205,si:dkey-237g15.2,sidkey237g15.2
34206,si:dkey-237m9.1,sidkey237m9.1
34207,si:dkey-238d18.10,sidkey238d18.10
34208,si:dkey-238d18.12,sidkey238d18.12
34211,si:dkey-238d18.8,sidkey238d18.8
34213,si:dkey-238k10.1,sidkey238k10.1
34214,si:dkey-238k10.2,sidkey238k10.2
34215,si:dkey-238k10.3,sidkey238k10.3
34216,si:dkey-238m4.3,sidkey238m4.3
34217,si:dkey-238m4.4,sidkey238m4.4
34219,si:dkey-239b22.1,sidkey239b22.1
34220,si:dkey-239n17.6,sidkey239n17.6
34221,si:dkey-23a13.1,sidkey23a13.1
34227,si:dkey-23f9.9,sidkey23f9.9
34228,si:dkey-23k10.2,sidkey23k10.2
34229,si:dkey-240h12.4,sidkey240h12.4
34230,si:dkey-240n22.3,sidkey240n22.3
34231,si:dkey-245p14.4,sidkey245p14.4
34232,si:dkey-246e3.4,sidkey246e3.4
34233,si:dkey-247i3.6,sidkey247i3.6
34234,si:dkey-249p7.4,sidkey249p7.4
34235,si:dkey-24c2.7,sidkey24c2.7
34236,si:dkey-24c2.9,sidkey24c2.9
34237,si:dkey-256e7.5,sidkey256e7.5
34238,si:dkey-256i11.3,sidkey256i11.3
34242,si:dkey-260g12.1,sidkey260g12.1
34243,si:dkey-261h17.1,sidkey261h17.1
34244,si:dkey-261j11.1,sidkey261j11.1
34245,si:dkey-261m9.9,sidkey261m9.9
34246,si:dkey-261o4.8,sidkey261o4.8
34247,si:dkey-261o4.9,sidkey261o4.9
34249,si:dkey-264f17.3,sidkey264f17.3
34250,si:dkey-265e15.2,sidkey265e15.2
34251,si:dkey-26g8.4,sidkey26g8.4
34253,si:dkey-26h11.2,sidkey26h11.2
34254,si:dkey-26i13.3,sidkey26i13.3
34256,si:dkey-26i13.7,sidkey26i13.7
34259,si:dkey-26m3.3,sidkey26m3.3
34260,si:dkey-277m11.2,sidkey277m11.2
34262,si:dkey-27j5.10,sidkey27j5.10
34264,si:dkey-27j5.6,sidkey27j5.6
34267,si:dkey-27n6.1,sidkey27n6.1
34269,si:dkey-27p18.7,sidkey27p18.7
34270,si:dkey-286h2.3,sidkey286h2.3
34271,si:dkey-28d5.1,sidkey28d5.1
34272,si:dkey-28d5.10,sidkey28d5.10
34273,si:dkey-28d5.3,sidkey28d5.3
34274,si:dkey-28k24.2,sidkey28k24.2
34275,si:dkey-29j8.1,sidkey29j8.1
34276,si:dkey-29j8.3,sidkey29j8.3
34278,si:dkey-31b16.7,sidkey31b16.7
34280,si:dkey-31i7.2,sidkey31i7.2
34282,si:dkey-31m5.5,sidkey31m5.5
34283,si:dkey-31n13.4,sidkey31n13.4
34284,si:dkey-32n7.8,sidkey32n7.8
34285,si:dkey-32n7.9,sidkey32n7.9
34286,si:dkey-33b17.3,sidkey33b17.3
34287,si:dkey-33c12.12,sidkey33c12.12
34289,si:dkey-33c3.1,sidkey33c3.1
34291,si:dkey-33m11.7,sidkey33m11.7
34292,si:dkey-33o22.1,sidkey33o22.1
34293,si:dkey-34f9.3,sidkey34f9.3
34294,si:dkey-3d18.5,sidkey3d18.5
34295,si:dkey-3h2.2,sidkey3h2.2
34296,si:dkey-3h2.3,sidkey3h2.3
34297,si:dkey-3h2.4,sidkey3h2.4
34299,si:dkey-3k20.1,sidkey3k20.1
34300,si:dkey-3p4.1,sidkey3p4.1
34303,si:dkey-42l16.1,sidkey42l16.1
34304,si:dkey-42l23.1,sidkey42l23.1
34306,si:dkey-42l23.4,sidkey42l23.4
34307,si:dkey-42l23.5,sidkey42l23.5
34308,si:dkey-42l23.6,sidkey42l23.6
34309,si:dkey-42l23.9,sidkey42l23.9
34312,si:dkey-47k20.1,sidkey47k20.1
34316,si:dkey-49c17.4,sidkey49c17.4
34317,si:dkey-49n23.3,sidkey49n23.3
34318,si:dkey-4c15.8,sidkey4c15.8
34321,si:dkey-4c23.5,sidkey4c23.5
34322,si:dkey-4e4.1,sidkey4e4.1
34323,si:dkey-4j21.2,sidkey4j21.2
34326,si:dkey-51d8.3,sidkey51d8.3
34328,si:dkey-53k12.2,sidkey53k12.2
34330,si:dkey-56e3.2,sidkey56e3.2
34331,si:dkey-56f14.4,sidkey56f14.4
34332,si:dkey-56i24.1,sidkey56i24.1
34333,si:dkey-56m15.2,sidkey56m15.2
34335,si:dkey-57a22.15,sidkey57a22.15
34338,si:dkey-58b18.5,sidkey58b18.5
34339,si:dkey-58b18.8,sidkey58b18.8
34341,si:dkey-58f10.10,sidkey58f10.10
34342,si:dkey-58f10.11,sidkey58f10.11
34343,si:dkey-58f6.2,sidkey58f6.2
34344,si:dkey-58j15.11,sidkey58j15.11
34348,si:dkey-61p9.9,sidkey61p9.9
34349,si:dkey-63d15.12,sidkey63d15.12
34350,si:dkey-65b13.1,sidkey65b13.1
34353,si:dkey-68l7.2,sidkey68l7.2
34354,si:dkey-6f10.3,sidkey6f10.3
34355,si:dkey-71l4.3,sidkey71l4.3
34356,si:dkey-73n10.8,sidkey73n10.8
34357,si:dkey-74h17.3,sidkey74h17.3
34358,si:dkey-77f5.8,sidkey77f5.8
34361,si:dkey-78l4.12,sidkey78l4.12
34363,si:dkey-78l4.5,sidkey78l4.5
34364,si:dkey-78o7.3,sidkey78o7.3
34370,si:dkey-80c24.5,sidkey80c24.5
34371,si:dkey-82i20.1,sidkey82i20.1
34372,si:dkey-82k12.13,sidkey82k12.13
34374,si:dkey-83f18.15,sidkey83f18.15
34375,si:dkey-83f18.2,sidkey83f18.2
34377,si:dkey-83f18.4,sidkey83f18.4
34378,si:dkey-83f18.5,sidkey83f18.5
34379,si:dkey-83f18.6,sidkey83f18.6
34381,si:dkey-83f18.8,sidkey83f18.8
34383,si:dkey-84h14.1,sidkey84h14.1
34387,si:dkey-85k7.12,sidkey85k7.12
34389,si:dkey-86l18.10,sidkey86l18.10
34391,si:dkey-88n24.3,sidkey88n24.3
34393,si:dkey-88n24.7,sidkey88n24.7
34394,si:dkey-88n24.9,sidkey88n24.9
34396,si:dkey-93h22.4,sidkey93h22.4
34400,si:dkey-96n2.3,sidkey96n2.3
34402,si:dkey-9p20.1,sidkey9p20.1
34407,si:dkeyp-104b3.1,sidkeyp104b3.1
34408,si:dkeyp-104b3.2,sidkeyp104b3.2
34409,si:dkeyp-104f11.9,sidkeyp104f11.9
34410,si:dkeyp-106c3.2,sidkeyp106c3.2
34411,si:dkeyp-106c3.3,sidkeyp106c3.3
34413,si:dkeyp-107f9.2,sidkeyp107f9.2
34415,si:dkeyp-110c12.3,sidkeyp110c12.3
34417,si:dkeyp-115d7.2,sidkeyp115d7.2
34418,si:dkeyp-117h8.2,sidkeyp117h8.2
34419,si:dkeyp-122a9.2,sidkeyp122a9.2
34429,si:dkeyp-13d12.23,sidkeyp13d12.23
34433,si:dkeyp-26a9.7,sidkeyp26a9.7
34435,si:dkeyp-30d6.2,sidkeyp30d6.2
34436,si:dkeyp-32g11.8,sidkeyp32g11.8
34437,si:dkeyp-34f6.4,sidkeyp34f6.4
34438,si:dkeyp-3f10.12,sidkeyp3f10.12
34439,si:dkeyp-44b5.4,sidkeyp44b5.4
34440,si:dkeyp-46h3.1,sidkeyp46h3.1
34442,si:dkeyp-57d7.4,sidkeyp57d7.4
34446,si:dkeyp-69c1.7,sidkeyp69c1.7
34447,si:dkeyp-73g8.5,sidkeyp73g8.5
34448,si:dkeyp-75b4.7,sidkeyp75b4.7
34449,si:dkeyp-75b4.8,sidkeyp75b4.8
34450,si:dkeyp-75h12.7,sidkeyp75h12.7
34451,si:dkeyp-77c8.4,sidkeyp77c8.4
34452,si:dkeyp-77c8.5,sidkeyp77c8.5
34453,si:dkeyp-80c12.8,sidkeyp80c12.8
34456,si:dkeyp-82h4.1,sidkeyp82h4.1
34457,si:dkeyp-85h7.1,sidkeyp85h7.1
34460,si:dkeyp-90h9.1,sidkeyp90h9.1
34461,si:dkeyp-93a5.2,sidkeyp93a5.2
34462,si:dkeyp-93a5.3,sidkeyp93a5.3
34463,si:dkeyp-97e7.9,sidkeyp97e7.9
34465,si:dkeyp-9d4.2,sidkeyp9d4.2
34466,si:rp71-17i16.4,sirp7117i16.4
34467,si:rp71-17i16.6,sirp7117i16.6
34470,si:rp71-1f1.5,sirp711f1.5
34472,si:rp71-62i8.1,sirp7162i8.1
34473,si:rp71-7l19.2,sirp717l19.2
34474,si:zfos-1056e6.1,sizfos1056e6.1
34475,si:zfos-169g10.2,sizfos169g10.2
34478,si:zfos-2372e4.1,sizfos2372e4.1
34479,si:zfos-364h11.1,sizfos364h11.1
34481,si:zfos-375h5.1,sizfos375h5.1
34483,sinhcafl,sinhcafl
34484,sipa1l2,sipa1l2
34485,sirt7,sirt7
34486,SLA (1 of many),SLA (1 of many)
34487,slc12a10.2,slc12a10.2
34488,slc12a10.3,slc12a10.3
34489,slc16a2,slc16a2
34490,slc16a6a,slc16a6a
34491,slc16a6b,slc16a6b
34492,slc1a2a,slc1a2a
34493,slc1a8a,slc1a8a
34494,SLC22A7 (1 of many),SLC22A7 (1 of many)
34495,slc22a7a,slc22a7a
34496,slc25a35,slc25a35
34497,slc25a40,slc25a40
34498,slc26a3.2,slc26a3.2
34499,slc26a4,slc26a4
34500,slc27a1b,slc27a1b
34501,SLC29A4 (1 of many),SLC29A4 (1 of many)
34502,slc34a2a,slc34a2a
34503,slc35e2b,slc35e2b
34504,slc35f2l,slc35f2l
34505,slc35f4,slc35f4
34506,slc37a4b,slc37a4b
34507,slc39a6,slc39a6
34508,slc44a4,slc44a4
34509,SLC45A4 (1 of many),SLC45A4 (1 of many)
34510,SLC46A3 (1 of many),SLC46A3 (1 of many)
34511,slc5a3a,slc5a3a
34512,slc6a18,slc6a18
34513,slc6a1l,slc6a1l
34514,SLC7A1 (1 of many),SLC7A1 (1 of many)
34515,slc7a11,slc7a11
34516,slc7a14b,slc7a14b
34517,slc9a1b,slc9a1b
34518,slc9a1b.1,slc9a1b.1
34519,slco1f1,slco1f1
34520,SLCO3A1 (1 of many),SLCO3A1 (1 of many)
34521,slit2,slit2
34522,slx1b,slx1b
34523,smtlb,smtlb
34525,smyhc3,smyhc3
34526,snx20,snx20
34527,snx9b,snx9b
34528,socs1b,socs1b
34529,soga3,soga3
34530,sorcs3b,sorcs3b
34531,sp3b,sp3b
34532,SP5 (1 of many),SP5 (1 of many)
34533,spef2,spef2
34534,sphkap,sphkap
34535,spsb3b,spsb3b
34536,srd5a2a,srd5a2a
34537,sspn,sspn
34538,st18,st18
34539,st3gal1l2,st3gal1l2
34540,st7,st7
34541,st8sia3,st8sia3
34542,stimate,stimate
34543,stk24b,stk24b
34545,stox2a,stox2a
34546,stra6l,stra6l
34547,stxbp1a,stxbp1a
34548,stxbp5a,stxbp5a
34549,sult1st4,sult1st4
34550,sult1st6,sult1st6
34551,susd5,susd5
34552,sycn.1,sycn.1
34553,sycn.3,sycn.3
34554,syn3,syn3
34556,syt18b,syt18b
34557,syt1a,syt1a
34558,taar10a,taar10a
34559,taar10c,taar10c
34560,taar10d,taar10d
34563,taar12c,taar12c
34564,taar12e,taar12e
34566,taar12h,taar12h
34567,taar12i,taar12i
34570,taar13b,taar13b
34571,taar13d,taar13d
34573,taar14a,taar14a
34574,taar14b,taar14b
34576,taar14e,taar14e
34577,taar14f,taar14f
34579,taar14h,taar14h
34580,taar14i,taar14i
34581,taar14j,taar14j
34582,taar14l,taar14l
34584,taar16g,taar16g
34585,taar17a,taar17a
34586,taar18a,taar18a
34587,taar18c,taar18c
34588,taar18e,taar18e
34591,taar18h,taar18h
34592,taar18i,taar18i
34593,taar19b,taar19b
34594,taar19c,taar19c
34595,taar19d,taar19d
34596,taar19e,taar19e
34598,taar19h,taar19h
34599,taar19i,taar19i
34601,taar19k,taar19k
34602,taar19l,taar19l
34604,taar19n,taar19n
34605,taar19o,taar19o
34606,taar19p,taar19p
34607,taar19s,taar19s
34609,taar1b,taar1b
34610,taar20a,taar20a
34611,taar20a1,taar20a1
34612,taar20b,taar20b
34613,taar20b1,taar20b1
34614,taar20c,taar20c
34616,taar20d1,taar20d1
34617,taar20f,taar20f
34620,taar20j,taar20j
34622,taar20o,taar20o
34623,taar20p,taar20p
34624,taar20q,taar20q
34625,taar20r,taar20r
34626,taar20t,taar20t
34627,taar20x,taar20x
34628,tac1,tac1
34629,taf8,taf8
34630,tagapb,tagapb
34631,tagln,tagln
34632,tas1r1,tas1r1
34633,tas1r3,tas1r3
34636,tas2r203,tas2r203
34637,tbc1d10c,tbc1d10c
34638,tcf3b,tcf3b
34639,TCIM (1 of many),TCIM (1 of many)
34640,tcnba,tcnba
34641,tdrd7b,tdrd7b
34642,tecra,tecra
34643,tenm1,tenm1
34644,tenm3,tenm3
34645,terb2,terb2
34646,tex15,tex15
34647,tfap2b,tfap2b
34648,tfpia,tfpia
34649,tgm1l5,tgm1l5
34650,tgm2a,tgm2a
34651,th2,th2
34652,tha1,tha1
34654,thtpa,thtpa
34655,tie1,tie1
34656,timd4,timd4
34657,tjap1,tjap1
34658,tm4sf5,tm4sf5
34659,tm7sf2,tm7sf2
34660,tma16,tma16
34661,tmed1a,tmed1a
34662,tmem107,tmem107
34663,tmem121b,tmem121b
34665,tmem134,tmem134
34666,tmem144a,tmem144a
34667,tmem151bb,tmem151bb
34668,TMEM179 (1 of many),TMEM179 (1 of many)
34669,tmem182b,tmem182b
34670,TMEM196 (1 of many),TMEM196 (1 of many)
34671,tmem206,tmem206
34672,TMEM235 (1 of many),TMEM235 (1 of many)
34673,tmem255b,tmem255b
34674,tmem256,tmem256
34675,tmem26a,tmem26a
34676,tmem54b,tmem54b
34677,tmem8a,tmem8a
34678,tmprss12,tmprss12
34679,tmtopsa,tmtopsa
34680,tnfa,tnfa
34681,tnfaip8l2a,tnfaip8l2a
34682,tnni1a,tnni1a
34683,tnni3k,tnni3k
34684,tnrc6a,tnrc6a
34685,tns3.1,tns3.1
34686,tnxbb,tnxbb
34687,tor1l1,tor1l1
34688,tor1l2,tor1l2
34689,tp53bp1,tp53bp1
34690,trabd2a,trabd2a
34696,tradv14.0,tradv14.0
34697,tradv15.0,tradv15.0
34715,tradv24.0.5,tradv24.0.5
34718,tradv25.0.4,tradv25.0.4
34719,tradv26.0,tradv26.0
34776,trak1b,trak1b
34777,trappc2,trappc2
34780,trdn,trdn
34782,trgv1,trgv1
34786,trhde.2,trhde.2
34787,trim2a,trim2a
34788,trim35-14,trim35-14
34789,trim35-21,trim35-21
34790,trim35-29,trim35-29
34791,trim59,trim59
34792,trmt1l,trmt1l
34793,trpc2b,trpc2b
34794,trpm6,trpm6
34795,tshba,tshba
34796,tspan5a,tspan5a
34797,TSTA3 (1 of many),TSTA3 (1 of many)
34799,ttyh2l,ttyh2l
34800,tunar,tunar
34801,twist3,twist3
34802,txndc5,txndc5
34804,tyrp1b,tyrp1b
34806,ucmab,ucmab
34807,ugdh,ugdh
34808,ugt1b2,ugt1b2
34810,ugt1b4,ugt1b4
34811,ugt2a1,ugt2a1
34812,ugt2a4,ugt2a4
34813,ugt2b3,ugt2b3
34815,ulk1b,ulk1b
34817,unc45b,unc45b
34818,unm-sa1506,unm-sa1506
34819,upp2,upp2
34820,usp43b,usp43b
34821,USP53 (1 of many),USP53 (1 of many)
34823,UST (1 of many),UST (1 of many)
34824,utp18,utp18
34825,utrnp,utrnp
34826,uts2a,uts2a
34827,v2ra16,v2ra16
34828,v2ra18,v2ra18
34829,v2rh10,v2rh10
34831,v2rh14,v2rh14
34832,v2rh32,v2rh32
34834,v2rl1,v2rl1
34835,v2rx1,v2rx1
34836,v2rx3,v2rx3
34837,v2rx4,v2rx4
34838,vap,vap
34839,vav3a,vav3a
34840,vav3b,vav3b
34841,vax2,vax2
34842,vim,vim
34843,vtg4,vtg4
34844,vtg5,vtg5
34845,vtg6,vtg6
34846,vtg7,vtg7
34847,vwc2,vwc2
34848,vwc2l,vwc2l
34849,wdr38,wdr38
34850,wisp1a,wisp1a
34851,wnt4a,wnt4a
34852,wnt4b,wnt4b
34855,wu:fc31d10,wufc31d10
34856,wu:fc34e06,wufc34e06
34857,wu:fd14a01,wufd14a01
34858,wu:fd46c06,wufd46c06
34860,wu:fi09b08,wufi09b08
34862,wu:fj20b03,wufj20b03
34865,wu:fl23c11,wufl23c11
34867,xcr1b.3,xcr1b.3
34868,xkr8.1,xkr8.1
34870,XLOC-000357,XLOC-000357
34872,LOC108190059.1,LOC108190059.1
34873,XLOC-000523,XLOC-000523
34874,XLOC-000574,XLOC-000574
34876,XLOC-000695,XLOC-000695
34877,XLOC-000817,XLOC-000817
34882,XLOC-001661,XLOC-001661
34883,XLOC-001673,XLOC-001673
34886,XLOC-001741,XLOC-001741
34887,XLOC-001768,XLOC-001768
34890,XLOC-002406,XLOC-002406
34891,XLOC-002497,XLOC-002497
34892,XLOC-002522,XLOC-002522
34893,XLOC-002636,XLOC-002636
34895,XLOC-002639,XLOC-002639
34896,XLOC-002642,XLOC-002642
34897,XLOC-002644,XLOC-002644
34898,XLOC-002703,XLOC-002703
34900,LOC103911776.1,LOC103911776.1
34901,XLOC-002962,XLOC-002962
34903,LOC108191643.1,LOC108191643.1
34904,XLOC-003223,XLOC-003223
34908,LOC110438906,LOC110438906
34909,LOC108191636,LOC108191636
34910,XLOC-004437,XLOC-004437
34912,XLOC-004878,XLOC-004878
34913,XLOC-004950,XLOC-004950
34914,XLOC-004951,XLOC-004951
34916,XLOC-005004,XLOC-005004
34919,XLOC-005056,XLOC-005056
34920,LOC110440142.1,LOC110440142.1
34922,XLOC-005448,XLOC-005448
34923,XLOC-005449,XLOC-005449
34924,XLOC-005647,XLOC-005647
34925,XLOC-005660,XLOC-005660
34931,XLOC-006317,XLOC-006317
34933,XLOC-006500,XLOC-006500
34934,XLOC-006511,XLOC-006511
34937,XLOC-007126,XLOC-007126
34939,XLOC-007139,XLOC-007139
34940,XLOC-007209,XLOC-007209
34941,XLOC-007242,XLOC-007242
34942,XLOC-007423,XLOC-007423
34944,XLOC-007573,XLOC-007573
34945,XLOC-007676,XLOC-007676
34946,XLOC-008030,XLOC-008030
34949,XLOC-008474,XLOC-008474
34951,XLOC-008724,XLOC-008724
34954,XLOC-009289,XLOC-009289
34955,XLOC-009340,XLOC-009340
34956,XLOC-009541,XLOC-009541
34957,XLOC-009558,XLOC-009558
34959,LOC100333749.1,LOC100333749.1
34960,XLOC-009632,XLOC-009632
34961,XLOC-009780,XLOC-009780
34962,XLOC-009794,XLOC-009794
34963,XLOC-009861,XLOC-009861
34965,XLOC-010161,XLOC-010161
34966,XLOC-010278,XLOC-010278
34967,XLOC-010331,XLOC-010331
34969,XLOC-010604,XLOC-010604
34975,XLOC-011066,XLOC-011066
34976,XLOC-011119,XLOC-011119
34977,LOC101885705.1,LOC101885705.1
34978,XLOC-011156,XLOC-011156
34980,LOC103909037.1,LOC103909037.1
34981,XLOC-011609,XLOC-011609
34982,XLOC-011830,XLOC-011830
34983,XLOC-011844,XLOC-011844
34984,XLOC-011861,XLOC-011861
34985,XLOC-011868,XLOC-011868
34987,XLOC-012083,XLOC-012083
34990,XLOC-012427,XLOC-012427
34992,XLOC-012620,XLOC-012620
34994,XLOC-012822,XLOC-012822
34995,XLOC-012935,XLOC-012935
34996,XLOC-012973,XLOC-012973
35002,XLOC-013711,XLOC-013711
35004,XLOC-014079,XLOC-014079
35005,XLOC-014082,XLOC-014082
35006,XLOC-014093,XLOC-014093
35007,XLOC-014102,XLOC-014102
35008,XLOC-014173,XLOC-014173
35009,XLOC-014238,XLOC-014238
35012,XLOC-014460,XLOC-014460
35014,XLOC-014530,XLOC-014530
35016,XLOC-014911,XLOC-014911
35017,LOC101883771,LOC101883771
35018,XLOC-015075,XLOC-015075
35019,XLOC-015228,XLOC-015228
35020,XLOC-015286,XLOC-015286
35022,XLOC-015422,XLOC-015422
35027,XLOC-016003,XLOC-016003
35028,XLOC-016005,XLOC-016005
35031,LOC101884032.1,LOC101884032.1
35033,XLOC-016097,XLOC-016097
35034,XLOC-016165,XLOC-016165
35035,XLOC-016189,XLOC-016189
35036,XLOC-016199,XLOC-016199
35042,XLOC-016780,XLOC-016780
35047,XLOC-016789,XLOC-016789
35049,XLOC-016791,XLOC-016791
35051,XLOC-016793,XLOC-016793
35053,XLOC-016801,XLOC-016801
35055,XLOC-016804,XLOC-016804
35056,LOC101884586.1,LOC101884586.1
35057,XLOC-016974,XLOC-016974
35059,XLOC-017252,XLOC-017252
35060,XLOC-017424,XLOC-017424
35061,XLOC-018000,XLOC-018000
35063,LOC103909381.1,LOC103909381.1
35065,XLOC-018236,XLOC-018236
35075,XLOC-018368,XLOC-018368
35076,LOC103909306.1,LOC103909306.1
35079,LOC103909382.1,LOC103909382.1
35081,LOC110437744,LOC110437744
35082,XLOC-019725,XLOC-019725
35083,XLOC-019960,XLOC-019960
35084,XLOC-019963,XLOC-019963
35085,XLOC-020301,XLOC-020301
35086,XLOC-020499,XLOC-020499
35088,XLOC-020651,XLOC-020651
35089,LOC101882460.1,LOC101882460.1
35090,LOC108179085,LOC108179085
35091,XLOC-021253,XLOC-021253
35092,XLOC-021256,XLOC-021256
35093,XLOC-021262,XLOC-021262
35095,XLOC-021387,XLOC-021387
35101,XLOC-021984,XLOC-021984
35102,XLOC-022171,XLOC-022171
35105,LOC108181461,LOC108181461
35109,XLOC-023345,XLOC-023345
35110,XLOC-023348,XLOC-023348
35111,XLOC-023375,XLOC-023375
35112,XLOC-023404,XLOC-023404
35113,XLOC-023519,XLOC-023519
35114,XLOC-023704,XLOC-023704
35115,XLOC-023730,XLOC-023730
35116,XLOC-023769,XLOC-023769
35117,XLOC-023770,XLOC-023770
35119,XLOC-023835,XLOC-023835
35120,XLOC-023943,XLOC-023943
35122,XLOC-024353,XLOC-024353
35123,XLOC-024358,XLOC-024358
35124,XLOC-024440,XLOC-024440
35125,LOC101883538,LOC101883538
35126,XLOC-024493,XLOC-024493
35131,XLOC-025423,XLOC-025423
35133,XLOC-025495,XLOC-025495
35134,XLOC-025509,XLOC-025509
35135,XLOC-025568,XLOC-025568
35138,XLOC-025671,XLOC-025671
35144,XLOC-026547,XLOC-026547
35145,XLOC-026554,XLOC-026554
35148,XLOC-026746,XLOC-026746
35149,XLOC-026835,XLOC-026835
35150,XLOC-026836,XLOC-026836
35151,XLOC-026848,XLOC-026848
35152,XLOC-026881,XLOC-026881
35158,LOC110439128.1,LOC110439128.1
35160,LOC101883104,LOC101883104
35162,XLOC-027751,XLOC-027751
35163,XLOC-027772,XLOC-027772
35165,XLOC-027907,XLOC-027907
35166,XLOC-028023,XLOC-028023
35170,LOC110439422.1,LOC110439422.1
35171,XLOC-028370,XLOC-028370
35172,XLOC-028371,XLOC-028371
35174,XLOC-028473,XLOC-028473
35175,XLOC-028498,XLOC-028498
35176,XLOC-028659,XLOC-028659
35177,XLOC-028716,XLOC-028716
35181,XLOC-029061,XLOC-029061
35183,LOC103910763.1,LOC103910763.1
35184,XLOC-029661,XLOC-029661
35190,XLOC-030515,XLOC-030515
35192,XLOC-030610,XLOC-030610
35195,LOC101882492.1,LOC101882492.1
35196,LOC101882584,LOC101882584
35197,LOC101882663,LOC101882663
35198,XLOC-030940,XLOC-030940
35202,XLOC-031364,XLOC-031364
35205,XLOC-031544,XLOC-031544
35208,LOC108183760,LOC108183760
35209,XLOC-031786,XLOC-031786
35210,XLOC-031824,XLOC-031824
35212,XLOC-032001,XLOC-032001
35213,XLOC-032002,XLOC-032002
35214,XLOC-032264,XLOC-032264
35215,XLOC-032267,XLOC-032267
35216,XLOC-032270,XLOC-032270
35220,LOC100149554.1,LOC100149554.1
35223,XLOC-033136,XLOC-033136
35224,XLOC-033137,XLOC-033137
35226,XLOC-033366,XLOC-033366
35229,XLOC-034178,XLOC-034178
35230,XLOC-034224,XLOC-034224
35231,XLOC-034393,XLOC-034393
35233,XLOC-034435,XLOC-034435
35234,XLOC-034550,XLOC-034550
35235,XLOC-034936,XLOC-034936
35237,XLOC-035103,XLOC-035103
35238,XLOC-035194,XLOC-035194
35239,XLOC-035196,XLOC-035196
35240,LOC110437859,LOC110437859
35241,XLOC-035229,XLOC-035229
35242,XLOC-035465,XLOC-035465
35244,XLOC-035540,XLOC-035540
35246,XLOC-035694,XLOC-035694
35253,XLOC-036242,XLOC-036242
35254,XLOC-036254,XLOC-036254
35256,LOC110439864.1,LOC110439864.1
35257,LOC110439867,LOC110439867
35262,XLOC-036754,XLOC-036754
35263,XLOC-036755,XLOC-036755
35264,XLOC-036926,XLOC-036926
35265,XLOC-036963,XLOC-036963
35267,XLOC-037073,XLOC-037073
35270,XLOC-037763,XLOC-037763
35271,XLOC-037785,XLOC-037785
35273,LOC103908683.1,LOC103908683.1
35275,si:cabz01068815.1.1,sicabz01068815.1.1
35280,XLOC-038939,XLOC-038939
35282,XLOC-039086,XLOC-039086
35283,XLOC-039295,XLOC-039295
35284,XLOC-039747,XLOC-039747
35285,XLOC-039748,XLOC-039748
35286,LOC101882501.1,LOC101882501.1
35287,XLOC-039765,XLOC-039765
35289,XLOC-039971,XLOC-039971
35290,XLOC-039979,XLOC-039979
35293,LOC110439999.1,LOC110439999.1
35296,XLOC-040452,XLOC-040452
35300,XLOC-040495,XLOC-040495
35301,XLOC-040584,XLOC-040584
35303,XLOC-040910,XLOC-040910
35304,XLOC-041052,XLOC-041052
35306,XLOC-041297,XLOC-041297
35308,XLOC-041531,XLOC-041531
35309,XLOC-041558,XLOC-041558
35310,XLOC-041559,XLOC-041559
35312,XLOC-041672,XLOC-041672
35313,XLOC-041870,XLOC-041870
35315,LOC101886946.1,LOC101886946.1
35316,XLOC-042465,XLOC-042465
35317,XLOC-042485,XLOC-042485
35319,XLOC-042488,XLOC-042488
35321,XLOC-042510,XLOC-042510
35326,XLOC-042930,XLOC-042930
35328,XLOC-042978,XLOC-042978
35331,XLOC-043071,XLOC-043071
35332,XLOC-043092,XLOC-043092
35334,XLOC-043174,XLOC-043174
35335,XLOC-043216,XLOC-043216
35338,XLOC-043261,XLOC-043261
35340,chst8,chst8
35341,cul9.1,cul9.1
35342,LOC101884025.1,LOC101884025.1
35344,XLOC-043370,XLOC-043370
35345,XLOC-043390,XLOC-043390
35348,XLOC-043444,XLOC-043444
35350,XLOC-043489,XLOC-043489
35351,XLOC-043534,XLOC-043534
35352,XLOC-043690,XLOC-043690
35353,XLOC-043696,XLOC-043696
35356,XLOC-043716,XLOC-043716
35357,XLOC-043742,XLOC-043742
35358,XLOC-043761,XLOC-043761
35359,XLOC-043772,XLOC-043772
35363,XLOC-043834,XLOC-043834
35366,XLOC-043910,XLOC-043910
35367,XLOC-043912,XLOC-043912
35368,XLOC-043918,XLOC-043918
35369,XLOC-043934,XLOC-043934
35371,LOC110438512.1,LOC110438512.1
35372,XLOC-044229,XLOC-044229
35375,yrdc,yrdc
35376,zap70,zap70
35378,zc3h3,zc3h3
35380,zgc:101699,zgc101699
35382,zgc:101840,zgc101840
35383,zgc:112052,zgc112052
35385,zgc:112416,zgc112416
35387,zgc:113142,zgc113142
35388,zgc:113223,zgc113223
35390,zgc:113691,zgc113691
35391,zgc:113984,zgc113984
35392,zgc:123181,zgc123181
35393,zgc:123244,zgc123244
35394,zgc:136333,zgc136333
35395,zgc:136472,zgc136472
35396,zgc:136864,zgc136864
35397,zgc:136930,zgc136930
35398,zgc:152774,zgc152774
35399,zgc:153039,zgc153039
35400,zgc:153642,zgc153642
35401,zgc:154006,zgc154006
35402,zgc:158296,zgc158296
35403,zgc:158345,zgc158345
35404,zgc:158366,zgc158366
35405,zgc:158423,zgc158423
35406,zgc:162060,zgc162060
35407,zgc:162144,zgc162144
35408,zgc:162183,zgc162183
35409,zgc:162936,zgc162936
35410,zgc:162941,zgc162941
35411,zgc:162945,zgc162945
35412,zgc:162999,zgc162999
35413,zgc:163061,zgc163061
35414,zgc:163073,zgc163073
35415,zgc:165583,zgc165583
35416,zgc:171422,zgc171422
35417,zgc:171566,zgc171566
35418,zgc:171579,zgc171579
35421,zgc:172075,zgc172075
35424,zgc:172143,zgc172143
35425,zgc:173607,zgc173607
35426,zgc:174180,zgc174180
35427,zgc:174353,zgc174353
35428,zgc:174564,zgc174564
35429,zgc:174690,zgc174690
35431,zgc:193593,zgc193593
35432,zgc:194221,zgc194221
35434,zgc:194392,zgc194392
35435,zgc:194686,zgc194686
35436,zgc:55621,zgc55621
35437,zgc:64051,zgc64051
35438,zgc:65811,zgc65811
35439,zgc:65851,zgc65851
35440,zgc:66156,zgc66156
35442,zgc:77158,zgc77158
35444,zmp:0000000545,zmp0000000545
35445,zmp:0000000629,zmp0000000629
35446,zmp:0000000634,zmp0000000634
35449,zmp:0000001103,zmp0000001103
35450,zmp:0000001132,zmp0000001132
35451,zmp:0000001175,zmp0000001175
35452,zmynd11,zmynd11
35453,zmynd12,zmynd12
35454,znf1004,znf1004
35456,znf1021,znf1021
35457,znf1023,znf1023
35458,znf1026,znf1026
35459,znf1046,znf1046
35460,znf1053,znf1053
35461,znf1060,znf1060
35462,znf1062,znf1062
35463,znf1067,znf1067
35464,znf1076,znf1076
35465,znf1085,znf1085
35466,znf1102,znf1102
35467,znf1104,znf1104
35468,znf1108,znf1108
35469,znf1115,znf1115
35470,znf1118,znf1118
35471,znf1121,znf1121
35472,znf1127,znf1127
35473,znf1137,znf1137
35474,znf1146,znf1146
35476,znf1165,znf1165
35480,znf384l,znf384l
35481,ZNF521 (1 of many),ZNF521 (1 of many)
35482,ZNF821,ZNF821
35483,znf974,znf974
35484,znf980,znf980
35485,znf985,znf985
35486,znf993,znf993
35487,znfl1l,znfl1l
35488,zp2l1,zp2l1
35490,LOC100750260,LOC100750260
35491,LOC100750260.1,LOC100750260.1
35492,LOC101886030,LOC101886030
35493,LOC103910015,LOC103910015
35494,LOC110438473,LOC110438473
35495,actc1a,actc1a
35496,adcyap1r1a,adcyap1r1a
35497,adcyap1r1b,adcyap1r1b
35498,adgra1a.1,adgra1a.1
35499,ap3s1,ap3s1
35500,ap3s1.1,ap3s1.1
35501,bicd2,bicd2
35502,btr04,btr04
35503,btr16.1,btr16.1
35504,btr18.1,btr18.1
35505,c1ql1a,c1ql1a
35506,c1ql3b,c1ql3b
35507,cabp4,cabp4
35508,CABZ01043953.1.1,CABZ01043953.1.1
35510,calm1a,calm1a
35511,calm3a,calm3a
35512,camsap3,camsap3
35513,ccdc136b,ccdc136b
35514,chst8.1,chst8.1
35515,cks2,cks2
35516,cldn20,cldn20
35517,coa1,coa1
35518,col27a1a,col27a1a
35519,col27a1a.1,col27a1a.1
35520,cplx3a,cplx3a
35521,cpne8,cpne8
35522,crhr2,crhr2
35523,crhr2.1,crhr2.1
35524,crhr2.2,crhr2.2
35526,ctbp2l.1,ctbp2l.1
35527,ctxn1,ctxn1
35528,sim2,sim2
35529,dtx4b,dtx4b
35530,ebf1a,ebf1a
35531,ebf3a,ebf3a
35532,efna5b,efna5b
35533,erc2.1,erc2.1
35534,erc2.2,erc2.2
35535,ewsr1b,ewsr1b
35536,exosc3,exosc3
35537,FAM107A (1 of many),FAM107A (1 of many)
35539,fam155a,fam155a
35540,fam155a.1,fam155a.1
35541,fbn1.1,fbn1.1
35542,fbxo11a,fbxo11a
35543,fbxo11b,fbxo11b
35544,fgfbp1a,fgfbp1a
35545,fgfbp1b,fgfbp1b
35546,flnb,flnb
35547,flnbl,flnbl
35548,flrt2,flrt2
35549,foxk2,foxk2
35550,frmd5,frmd5
35551,frmd7,frmd7
35552,fsip1,fsip1
35553,fsip1.1,fsip1.1
35554,gaa3-as,gaa3-as
35555,galnt10,galnt10
35556,gga3a,gga3a
35557,golim4a,golim4a
35558,golim4a.1,golim4a.1
35559,grxcr1b,grxcr1b
35560,grxcr1a,grxcr1a
35561,gzf1,gzf1
35562,h3f3a,h3f3a
35563,hist1h2a4,hist1h2a4
35564,hist1h4l,hist1h4l
35566,hnrnpa0l,hnrnpa0l
35567,hp,hp
35568,hpdl,hpdl
35569,HTRA2 (1 of many).1,HTRA2 (1 of many).1
35572,HTRA2 (1 of many).4,HTRA2 (1 of many).4
35574,HTRA2 (1 of many).6,HTRA2 (1 of many).6
35576,HTRA2 (1 of many).8,HTRA2 (1 of many).8
35577,HTRA2 (1 of many).9,HTRA2 (1 of many).9
35578,HTRA2 (1 of many).10,HTRA2 (1 of many).10
35579,HTRA2 (1 of many).11,HTRA2 (1 of many).11
35581,itln1,itln1
35582,itln1l,itln1l
35583,kcnb2,kcnb2
35584,kcnh1a,kcnh1a
35585,kcnh1b,kcnh1b
35586,kif1c,kif1c
35587,kif1cl,kif1cl
35588,kif5ba,kif5ba
35589,kif5bb,kif5bb
35590,kmo,kmo
35591,lhfpl6,lhfpl6
35592,lin28a,lin28a
35593,LOC100002202,LOC100002202
35594,LOC100002266.1,LOC100002266.1
35595,LOC100005187.1,LOC100005187.1
35596,LOC100005536,LOC100005536
35597,LOC100005689,LOC100005689
35598,LOC100006401,LOC100006401
35599,LOC100006752,LOC100006752
35604,LOC100007608.1,LOC100007608.1
35605,LOC100149475,LOC100149475
35606,LOC100149554.2,LOC100149554.2
35607,LOC100149700,LOC100149700
35608,LOC100150882,LOC100150882
35609,LOC100329358,LOC100329358
35612,LOC100330186,LOC100330186
35613,LOC100330746.1,LOC100330746.1
35614,LOC100330864,LOC100330864
35616,LOC100332329,LOC100332329
35617,LOC100333482,LOC100333482
35618,LOC100334706,LOC100334706
35619,LOC100334934,LOC100334934
35620,LOC100534805,LOC100534805
35621,LOC100534993,LOC100534993
35622,LOC100535033,LOC100535033
35623,LOC100537384,LOC100537384
35624,LOC100537538,LOC100537538
35625,LOC100538032.1,LOC100538032.1
35628,LOC101882257.1,LOC101882257.1
35633,LOC101882606,LOC101882606
35634,LOC101882617,LOC101882617
35636,LOC101882848,LOC101882848
35640,LOC101883088,LOC101883088
35643,LOC101883431,LOC101883431
35644,LOC101883466,LOC101883466
35647,LOC101883804,LOC101883804
35651,LOC101884100,LOC101884100
35652,LOC101884202,LOC101884202
35653,LOC101884281,LOC101884281
35654,LOC101884401,LOC101884401
35657,LOC101885014,LOC101885014
35660,LOC101885220,LOC101885220
35664,LOC101885457,LOC101885457
35665,LOC101885479.1,LOC101885479.1
35666,LOC101885528.1,LOC101885528.1
35667,LOC101885580,LOC101885580
35670,LOC101885921,LOC101885921
35672,LOC101886601.1,LOC101886601.1
35675,LOC101886911,LOC101886911
35682,LOC103908680,LOC103908680
35685,LOC103908802,LOC103908802
35686,LOC103908846.1,LOC103908846.1
35687,LOC103908978.1,LOC103908978.1
35688,LOC103909072,LOC103909072
35689,LOC103909111,LOC103909111
35690,LOC103909209,LOC103909209
35691,LOC103909212.1,LOC103909212.1
35692,LOC103909566,LOC103909566
35693,LOC103909812,LOC103909812
35694,LOC103909899,LOC103909899
35695,LOC103909901,LOC103909901
35697,LOC103909923,LOC103909923
35698,LOC103909944,LOC103909944
35699,LOC103909971.1,LOC103909971.1
35700,LOC103910001,LOC103910001
35701,LOC103910155,LOC103910155
35702,LOC103910192,LOC103910192
35703,LOC103910311,LOC103910311
35704,LOC103910489,LOC103910489
35708,LOC103910984,LOC103910984
35712,LOC103911377,LOC103911377
35713,LOC103911531.1,LOC103911531.1
35717,LOC103911812,LOC103911812
35718,LOC103911814.1,LOC103911814.1
35721,LOC108179070,LOC108179070
35722,LOC108179074,LOC108179074
35723,LOC108179085.1,LOC108179085.1
35724,LOC108179656,LOC108179656
35726,LOC108180087.1,LOC108180087.1
35727,LOC108181225,LOC108181225
35728,LOC108181627,LOC108181627
35729,LOC108182866,LOC108182866
35730,LOC108182912.1,LOC108182912.1
35731,LOC108182930,LOC108182930
35732,LOC108183320,LOC108183320
35734,LOC108183355,LOC108183355
35735,LOC108183464.1,LOC108183464.1
35738,LOC108190449,LOC108190449
35740,LOC108190746,LOC108190746
35741,LOC108190747,LOC108190747
35742,LOC108191475,LOC108191475
35743,LOC108191704,LOC108191704
35744,LOC110437731,LOC110437731
35745,LOC110437744.1,LOC110437744.1
35746,LOC110437759,LOC110437759
35748,LOC110437917,LOC110437917
35749,LOC110437968,LOC110437968
35752,LOC110438308.1,LOC110438308.1
35755,LOC110438484,LOC110438484
35756,LOC110438491,LOC110438491
35757,LOC110438495,LOC110438495
35758,LOC110438534,LOC110438534
35762,LOC110439320,LOC110439320
35763,LOC110439500,LOC110439500
35767,LOC110439795.1,LOC110439795.1
35768,LOC110439837,LOC110439837
35769,LOC110439849,LOC110439849
35771,LOC110440146,LOC110440146
35772,LOC110440160,LOC110440160
35773,LOC110440168,LOC110440168
35774,LOC405768,LOC405768
35775,LOC553308,LOC553308
35776,LOC556707,LOC556707
35777,LOC557811,LOC557811
35778,LOC562770,LOC562770
35779,LOC564610.1,LOC564610.1
35780,LOC570115,LOC570115
35781,LOC570405.1,LOC570405.1
35783,LOC571912,LOC571912
35787,LOC799072,LOC799072
35788,lrig3,lrig3
35789,lrig3.1,lrig3.1
35790,lrig3.2,lrig3.2
35791,lrp5.1,lrp5.1
35792,lrp5.2,lrp5.2
35793,mb21d2,mb21d2
35794,mchr2l,mchr2l
35795,megf8,megf8
35796,megf8l,megf8l
35797,meis2a,meis2a
35798,meis2b,meis2b
35799,mepce,mepce
35805,mir2193.1,mir2193.1
35808,mmd2b,mmd2b
35809,MPP4 (1 of many),MPP4 (1 of many)
35810,mprip,mprip
35811,myhz1.1,myhz1.1
35812,myo9bl,myo9bl
35813,naa40,naa40
35814,nadsyn1,nadsyn1
35815,nadsyn1.1,nadsyn1.1
35816,neto2a,neto2a
35817,neto2b,neto2b
35818,XLOC-044309,XLOC-044309
35819,XLOC-044310,XLOC-044310
35820,XLOC-044313,XLOC-044313
35821,XLOC-044314,XLOC-044314
35822,XLOC-044316,XLOC-044316
35823,XLOC-044317,XLOC-044317
35824,XLOC-044318,XLOC-044318
35825,XLOC-044320,XLOC-044320
35827,XLOC-044322,XLOC-044322
35828,XLOC-044323,XLOC-044323
35829,XLOC-044324,XLOC-044324
35830,XLOC-044325,XLOC-044325
35831,XLOC-044326,XLOC-044326
35832,XLOC-044327,XLOC-044327
35835,nxph4,nxph4
35836,pcdh20,pcdh20
35837,pcdh20.1,pcdh20.1
35838,pimr108,pimr108
35839,pimr197.1,pimr197.1
35841,pimr205,pimr205
35843,pkn2,pkn2
35844,plcb4,plcb4
35845,pou2f2a,pou2f2a
35846,ppp1r15b-1,ppp1r15b-1
35847,ppp1r15b-2,ppp1r15b-2
35848,ppp2caa,ppp2caa
35849,ppp2r2ba,ppp2r2ba
35850,ppp2r2ca,ppp2r2ca
35851,prtga,prtga
35852,prtga.1,prtga.1
35853,psmd2,psmd2
35854,ptgfrn,ptgfrn
35855,ptprsa,ptprsa
35856,ptprsb,ptprsb
35857,rap1gap,rap1gap
35858,rasal1a,rasal1a
35859,rasgrp2,rasgrp2
35860,rasgrp2l,rasgrp2l
35861,rassf4a,rassf4a
35862,rgs9bp,rgs9bp
35863,rimbp2,rimbp2
35864,rnps1,rnps1
35865,rpl37,rpl37
35866,rps17,rps17
35867,rrm2,rrm2
35869,scg5,scg5
35870,sec14l1,sec14l1
35871,serp1,serp1
35872,shroom3,shroom3
35873,shroom3.1,shroom3.1
35874,si:busm1-105l16.2,sibusm1105l16.2
35876,si:cabz01076231.1,sicabz01076231.1
35877,si:ch1073-153i20.2.1,sich1073153i20.2.1
35878,si:ch1073-153i20.3,sich1073153i20.3
35879,si:ch1073-157b13.1,sich1073157b13.1
35880,si:ch1073-159d7.10.1,sich1073159d7.10.1
35881,si:ch1073-159d7.13,sich1073159d7.13
35882,si:ch1073-159d7.5.1,sich1073159d7.5.1
35883,si:ch1073-159d7.6,sich1073159d7.6
35884,si:ch1073-284b18.2,sich1073284b18.2
35885,si:ch1073-429i10.3.1,sich1073429i10.3.1
35886,si:ch211-113a14.15,sich211113a14.15
35887,si:ch211-113a14.17,sich211113a14.17
35888,si:ch211-113a14.19,sich211113a14.19
35889,si:ch211-113a14.22,sich211113a14.22
35890,si:ch211-113a14.26,sich211113a14.26
35891,si:ch211-113a14.27,sich211113a14.27
35892,si:ch211-113a14.29,sich211113a14.29
35893,si:ch211-113a14.6,sich211113a14.6
35894,dtx4a,dtx4a
35895,si:ch211-11p18.6,sich21111p18.6
35896,si:ch211-11p18.6.1,sich21111p18.6.1
35897,si:ch211-132g1.7,sich211132g1.7
35898,si:ch211-161m3.2.1,sich211161m3.2.1
35900,si:ch211-182e10.4,sich211182e10.4
35901,si:ch211-196c10.15,sich211196c10.15
35902,si:ch211-200p22.4,sich211200p22.4
35903,si:ch211-235e9.8.2,sich211235e9.8.2
35905,si:ch211-247l8.10,sich211247l8.10
35906,si:ch211-262e15.1,sich211262e15.1
35907,si:ch211-269c21.2,sich211269c21.2
35908,si:ch211-285j22.3.1,sich211285j22.3.1
35909,slc4a5a,slc4a5a
35910,si:ch73-103b11.2,sich73103b11.2
35912,si:ch73-103b2.1.1,sich73103b2.1.1
35913,si:ch73-110p20.1,sich73110p20.1
35914,gga3b,gga3b
35915,si:ch73-167i17.6,sich73167i17.6
35916,si:ch73-187m15.4,sich73187m15.4
35917,si:ch73-236c18.2,sich73236c18.2
35918,si:ch73-236c18.2.1,sich73236c18.2.1
35919,mpp4b,mpp4b
35920,si:ch73-287m6.1,sich73287m6.1
35921,si:ch73-368j24.10.1,sich73368j24.10.1
35922,si:ch73-368j24.14,sich73368j24.14
35924,si:ch73-368j24.8,sich73368j24.8
35925,si:ch73-368j24.9,sich73368j24.9
35926,si:ch73-36p18.4,sich7336p18.4
35927,hist1h2a9,hist1h2a9
35928,si:ch73-40i7.2,sich7340i7.2
35929,si:ch73-51i5.2.1,sich7351i5.2.1
35930,si:dkey-106c17.2,sidkey106c17.2
35931,si:dkey-106c17.2.1,sidkey106c17.2.1
35932,si:dkey-108k21.12,sidkey108k21.12
35933,si:dkey-108k21.13,sidkey108k21.13
35934,si:dkey-108k21.18,sidkey108k21.18
35935,hist1h2a10,hist1h2a10
35936,si:dkey-108k21.27,sidkey108k21.27
35937,si:dkey-108k21.28,sidkey108k21.28
35938,grxcr1a.1,grxcr1a.1
35939,si:dkey-112g5.12.1,sidkey112g5.12.1
35941,si:dkey-13n23.3.1,sidkey13n23.3.1
35942,si:dkey-165n16.5,sidkey165n16.5
35943,si:dkey-166d12.2,sidkey166d12.2
35944,si:dkey-192j17.1,sidkey192j17.1
35946,si:dkey-222b8.1,sidkey222b8.1
35947,si:dkey-237i9.1,sidkey237i9.1
35948,si:dkey-239n17.4,sidkey239n17.4
35949,si:dkey-23a13.1.1,sidkey23a13.1.1
35950,si:dkey-23a13.5,sidkey23a13.5
35951,si:dkey-23a13.6,sidkey23a13.6
35952,si:dkey-23a13.7,sidkey23a13.7
35953,si:dkey-23a13.8,sidkey23a13.8
35954,si:dkey-261m9.17,sidkey261m9.17
35957,si:dkey-261m9.9.3,sidkey261m9.9.3
35958,si:dkey-261m9.9.4,sidkey261m9.9.4
35959,si:dkey-263j23.1,sidkey263j23.1
35961,si:dkey-29p9.3,sidkey29p9.3
35962,si:dkey-30j16.3,sidkey30j16.3
35963,si:dkey-33c12.5,sidkey33c12.5
35964,si:dkey-63j12.4,sidkey63j12.4
35965,si:dkey-63j12.4.1,sidkey63j12.4.1
35966,si:dkey-65b13.8,sidkey65b13.8
35967,si:dkey-65l23.2,sidkey65l23.2
35968,si:dkey-6f10.4,sidkey6f10.4
35970,si:dkey-87k14.1,sidkey87k14.1
35971,si:dkeyp-13d11.2,sidkeyp13d11.2
35972,si:dkeyp-34c12.4,sidkeyp34c12.4
35973,sim2.1,sim2.1
35974,slc16a7,slc16a7
35975,slc25a29,slc25a29
35976,slc25a29b,slc25a29b
35977,slc39a3,slc39a3
35978,slc39a3.1,slc39a3.1
35979,slc4a5b,slc4a5b
35980,smyhc2,smyhc2
35981,socs5a,socs5a
35982,synpr,synpr
35983,taco1,taco1
35984,tatdn3,tatdn3
35985,tbc1d9a,tbc1d9a
35986,tbc1d9b,tbc1d9b
35987,tmem151a,tmem151a
35988,tmem88b,tmem88b
35989,tnpo2,tnpo2
35990,tom1l2a,tom1l2a
35991,tom1l2b,tom1l2b
35992,trpm2,trpm2
35993,trpm2-as,trpm2-as
35994,ttc8,ttc8
35995,ttc8.1,ttc8.1
35996,txn,txn
35997,ublcp1,ublcp1
35998,wbp11,wbp11
35999,wdr21,wdr21
36000,wu:fc33b09,wufc33b09
36001,wu:fd14a01.1,wufd14a01.1
36002,ybey,ybey
36003,zak,zak
36004,zdhhc21,zdhhc21
36005,zdhhc21.1,zdhhc21.1
36006,zgc:112966,zgc112966
36007,zgc:112966.1,zgc112966.1
36009,zgc:113516.1,zgc113516.1
36010,zgc:113984.1,zgc113984.1
36011,hist1h2a4.1,hist1h2a4.1
36012,zgc:114188,zgc114188
36013,zgc:153409,zgc153409
36014,zgc:153916,zgc153916
36015,zgc:162239,zgc162239
36016,zgc:162239.1,zgc162239.1
36017,zgc:163040,zgc163040
36018,zgc:163040.1,zgc163040.1
36019,zgc:165507,zgc165507
36020,zgc:165555,zgc165555
36022,zgc:165555.2,zgc165555.2
36023,zgc:165555.3,zgc165555.3
36024,zgc:171572,zgc171572
36025,zgc:171759,zgc171759
36026,zgc:171929,zgc171929
36028,zgc:173552,zgc173552
36029,zgc:174193,zgc174193
36030,zgc:174356,zgc174356
36031,zgc:174944,zgc174944
36032,zgc:174944.1,zgc174944.1
36034,zgc:194906,zgc194906
36035,zgc:194906.1,zgc194906.1
36036,ppp2cab,ppp2cab
36037,zgc:56493,zgc56493
36038,zgc:86839,zgc86839
36039,zgc:92744,zgc92744
36044,CT573186.2,CT573186.2
36053,taar18b,taar18b
36055,LOC108191590,LOC108191590
36057,wu:fa26c03,wufa26c03
36058,si:dkey-269i1.3,sidkey269i1.3
36059,si:dkey-26g8.5,sidkey26g8.5
36071,LOC103911992,LOC103911992
36076,si:ch211-116o3.6,sich211116o3.6
36077,CR848784.5,CR848784.5
36078,si:ch211-198e20.10,sich211198e20.10
36079,BX908796.5,BX908796.5
36081,lgals9l4,lgals9l4
36082,LOC110437924.1,LOC110437924.1
36086,si:dkey-199f5.4,sidkey199f5.4
36087,LOC101884510,LOC101884510
36090,LOC101884250,LOC101884250
36100,LOC110437898,LOC110437898
36101,LOC101883005,LOC101883005
36103,si:dkey-65b13.9,sidkey65b13.9
36104,AL929237.2,AL929237.2
36105,CR385078.6,CR385078.6
36106,LOC108180351,LOC108180351
36107,LOC101886033,LOC101886033
36113,LOC101883451,LOC101883451
36115,BX649295.1,BX649295.1
36117,LOC100537147,LOC100537147
36119,LOC101883052.1,LOC101883052.1
36120,CR354430.1,CR354430.1
36121,LOC108181677,LOC108181677
36123,LOC101882990,LOC101882990
36124,si:dkey-261m9.18,sidkey261m9.18
36125,hist1h4l.2,hist1h4l.2
36126,hist1h4l.3,hist1h4l.3
36150,LOC103910615,LOC103910615
36152,si:ch211-246n15.2,sich211246n15.2
36155,LOC103910744.1,LOC103910744.1
36156,LOC108183851,LOC108183851
36157,LOC100535857,LOC100535857
36161,si:dkey-27n6.1.1,sidkey27n6.1.1
36164,LOC101886954,LOC101886954
36166,AL935186.9.1,AL935186.9.1
36167,LOC103911096,LOC103911096
36173,LOC101887034,LOC101887034
36174,LOC100537138,LOC100537138
36197,LOC798495,LOC798495
36200,LOC564660,LOC564660
36201,LOC110439931,LOC110439931
36208,crygm2b,crygm2b
36213,nek5,nek5
36217,LOC100536144,LOC100536144
36220,BX649431.4,BX649431.4
36228,taar12f,taar12f
36231,sipa1l2.1,sipa1l2.1
36235,taar10c.1,taar10c.1
