,orig_gene,proc_gene
0,,
1,ABCF3,ABCF3
2,ACSF3,ACSF3
3,ACTC1,ACTC1
4,ADAM12,ADAM12
5,ADAMTSL4,ADAMTSL4
6,ADGRL3,ADGRL3
7,AGBL1,AGBL1
8,AKAP13,AKAP13
9,AL590149.1,AL590149.1
10,AL590150.2,AL590150.2
11,AL627305.3,AL627305.3
12,AL645792.2,AL645792.2
13,AL772300.1,AL772300.1
14,AL772382.1,AL772382.1
15,AL773558.1,AL773558.1
16,AL808129.1,AL808129.1
17,AL808129.2,AL808129.2
18,AL840638.1,AL840638.1
19,AL840638.2,AL840638.2
20,AL844186.1,AL844186.1
21,AL845320.1,AL845320.1
22,AL845324.1,AL845324.1
23,AL845362.1,AL845362.1
24,AL845550.1,AL845550.1
25,AL928685.2,AL928685.2
26,AL928685.4,AL928685.4
27,AL928824.1,AL928824.1
28,AL928901.1,AL928901.1
29,AL928908.2,AL928908.2
30,AL929017.1,AL929017.1
31,AL929017.2,AL929017.2
32,AL929028.1,AL929028.1
33,AL929057.1,AL929057.1
34,AL929222.2,AL929222.2
35,AL929243.1,AL929243.1
36,AL929334.1,AL929334.1
37,AL929435.1,AL929435.1
38,AL929576.1,AL929576.1
39,AL935126.1,AL935126.1
40,AL935153.1,AL935153.1
41,AL935166.1,AL935166.1
42,AL935174.4,AL935174.4
43,AL935186.10,AL935186.10
44,AL935186.9,AL935186.9
45,AL935210.1,AL935210.1
46,AL953865.1,AL953865.1
47,AL954134.2,AL954134.2
48,AL954322.2,AL954322.2
49,AL954359.2,AL954359.2
50,AL954696.1,AL954696.1
51,AL954741.4,AL954741.4
52,AL954861.2,AL954861.2
53,ANKRD50,ANKRD50
54,ANPEP,ANPEP
55,AP3B1,AP3B1
56,AREL1,AREL1
57,ARFGAP1,ARFGAP1
58,ARHGEF17,ARHGEF17
59,ASS1,ASS1
60,ASTE1,ASTE1
61,ATG14,ATG14
62,ATG2A,ATG2A
63,ATP11B,ATP11B
64,ATP5MD,ATP5MD
65,ATP8A1,ATP8A1
66,ATP9A,ATP9A
67,AXL,AXL
68,BX000524.1,BX000524.1
69,BX000701.1,BX000701.1
70,BX000703.1,BX000703.1
71,BX001014.2,BX001014.2
72,BX001023.2,BX001023.2
73,BX001026.1,BX001026.1
74,BX001030.1,BX001030.1
75,BX004823.1,BX004823.1
76,BX004991.1,BX004991.1
77,BX004999.1,BX004999.1
78,BX005003.1,BX005003.1
79,BX005022.1,BX005022.1
80,BX005065.1,BX005065.1
81,BX005082.1,BX005082.1
82,BX005085.1,BX005085.1
83,BX005085.4,BX005085.4
84,BX005085.5,BX005085.5
85,BX005085.6,BX005085.6
86,BX005085.7,BX005085.7
87,BX005129.1,BX005129.1
88,BX005228.1,BX005228.1
89,BX005234.1,BX005234.1
90,BX005245.1,BX005245.1
91,BX005254.1,BX005254.1
92,BX005254.3,BX005254.3
93,BX005254.4,BX005254.4
94,BX005286.1,BX005286.1
95,BX005309.1,BX005309.1
96,BX005340.1,BX005340.1
97,BX005367.2,BX005367.2
98,BX005380.2,BX005380.2
99,BX005392.3,BX005392.3
100,BX005396.3,BX005396.3
101,BX005421.3,BX005421.3
102,BX005450.1,BX005450.1
103,BX005454.1,BX005454.1
104,BX005461.3,BX005461.3
105,BX072576.2,BX072576.2
106,BX072577.1,BX072577.1
107,BX085193.2,BX085193.2
108,BX088538.1,BX088538.1
109,BX088544.1,BX088544.1
110,BX088596.1,BX088596.1
111,BX088688.1,BX088688.1
112,BX088707.1,BX088707.1
113,BX088713.1,BX088713.1
114,BX088718.1,BX088718.1
115,BX119963.2,BX119963.2
116,BX120005.1,BX120005.1
117,BX248108.1,BX248108.1
118,BX248128.1,BX248128.1
119,BX248318.1,BX248318.1
120,BX248324.1,BX248324.1
121,BX248395.1,BX248395.1
122,BX248418.2,BX248418.2
123,BX248497.1,BX248497.1
124,BX248501.1,BX248501.1
125,BX248510.1,BX248510.1
126,BX248511.1,BX248511.1
127,BX248515.1,BX248515.1
128,BX248521.2,BX248521.2
129,BX255967.1,BX255967.1
130,BX276101.1,BX276101.1
131,BX284635.1,BX284635.1
132,BX284638.1,BX284638.1
133,BX284666.1,BX284666.1
134,BX293993.1,BX293993.1
135,BX294178.1,BX294178.1
136,BX294178.2,BX294178.2
137,BX294189.1,BX294189.1
138,BX294379.1,BX294379.1
139,BX294434.1,BX294434.1
140,BX296551.1,BX296551.1
141,BX322530.1,BX322530.1
142,BX322603.1,BX322603.1
143,BX322618.1,BX322618.1
144,BX322622.1,BX322622.1
145,BX322657.2,BX322657.2
146,BX322657.3,BX322657.3
147,BX322661.2,BX322661.2
148,BX322665.1,BX322665.1
149,BX323031.2,BX323031.2
150,BX323065.1,BX323065.1
151,BX323067.1,BX323067.1
152,BX323074.2,BX323074.2
153,BX323080.1,BX323080.1
154,BX323453.1,BX323453.1
155,BX323557.1,BX323557.1
156,BX323564.1,BX323564.1
157,BX323575.1,BX323575.1
158,BX323590.1,BX323590.1
159,BX323590.2,BX323590.2
160,BX323793.1,BX323793.1
161,BX323819.1,BX323819.1
162,BX323824.1,BX323824.1
163,BX323884.1,BX323884.1
164,BX324132.2,BX324132.2
165,BX324142.1,BX324142.1
166,BX324164.3,BX324164.3
167,BX324164.4,BX324164.4
168,BX324216.3,BX324216.3
169,BX465206.1,BX465206.1
170,BX465227.1,BX465227.1
171,BX465228.2,BX465228.2
172,BX465834.1,BX465834.1
173,BX465836.1,BX465836.1
174,BX465844.1,BX465844.1
175,BX469885.1,BX469885.1
176,BX469902.1,BX469902.1
177,BX469925.1,BX469925.1
178,BX469930.1,BX469930.1
179,BX470176.1,BX470176.1
180,BX470182.1,BX470182.1
181,BX470189.1,BX470189.1
182,BX470211.1,BX470211.1
183,BX470238.1,BX470238.1
184,BX470240.1,BX470240.1
185,BX470259.1,BX470259.1
186,BX470259.4,BX470259.4
187,BX470259.5,BX470259.5
188,BX470264.1,BX470264.1
189,BX510319.1,BX510319.1
190,BX510649.1,BX510649.1
191,BX510909.2,BX510909.2
192,BX510922.1,BX510922.1
193,BX510923.1,BX510923.1
194,BX510934.1,BX510934.1
195,BX510940.1,BX510940.1
196,BX510989.1,BX510989.1
197,BX510992.2,BX510992.2
198,BX511021.2,BX511021.2
199,BX511034.1,BX511034.1
200,BX511034.3,BX511034.3
201,BX511034.5,BX511034.5
202,BX511034.7,BX511034.7
203,BX511061.1,BX511061.1
204,BX511089.2,BX511089.2
205,BX511128.1,BX511128.1
206,BX511128.2,BX511128.2
207,BX511129.1,BX511129.1
208,BX511129.3,BX511129.3
209,BX511136.1,BX511136.1
210,BX511142.1,BX511142.1
211,BX511161.1,BX511161.1
212,BX511166.1,BX511166.1
213,BX511227.1,BX511227.1
214,BX511246.1,BX511246.1
215,BX511310.1,BX511310.1
216,BX530017.2,BX530017.2
217,BX530018.2,BX530018.2
218,BX530032.1,BX530032.1
219,BX530077.1,BX530077.1
220,BX530097.1,BX530097.1
221,BX530721.1,BX530721.1
222,BX537110.1,BX537110.1
223,BX537120.3,BX537120.3
224,BX537137.3,BX537137.3
225,BX537166.1,BX537166.1
226,BX537308.1,BX537308.1
227,BX537342.1,BX537342.1
228,BX547934.2,BX547934.2
229,BX548000.1,BX548000.1
230,BX548024.1,BX548024.1
231,BX548044.7,BX548044.7
232,BX548046.2,BX548046.2
233,BX548062.1,BX548062.1
234,BX548073.3,BX548073.3
235,BX548075.3,BX548075.3
236,BX548077.1,BX548077.1
237,BX548157.1,BX548157.1
238,BX569787.1,BX569787.1
239,BX569789.1,BX569789.1
240,BX569793.1,BX569793.1
241,BX569796.1,BX569796.1
242,BX569801.1,BX569801.1
243,BX571680.1,BX571680.1
244,BX571705.2,BX571705.2
245,BX571712.3,BX571712.3
246,BX571715.1,BX571715.1
247,BX571780.1,BX571780.1
248,BX571811.1,BX571811.1
249,BX571811.2,BX571811.2
250,BX571942.1,BX571942.1
251,BX571960.1,BX571960.1
252,BX572619.1,BX572619.1
253,BX629344.1,BX629344.1
254,BX640478.1,BX640478.1
255,BX640537.3,BX640537.3
256,BX640547.1,BX640547.1
257,BX649250.1,BX649250.1
258,BX649294.1,BX649294.1
259,BX649337.1,BX649337.1
260,BX649384.3,BX649384.3
261,BX649411.1,BX649411.1
262,BX649411.2,BX649411.2
263,BX649453.1,BX649453.1
264,BX649478.1,BX649478.1
265,BX649485.1,BX649485.1
266,BX649485.2,BX649485.2
267,BX649485.4,BX649485.4
268,BX649502.6,BX649502.6
269,BX649529.1,BX649529.1
270,BX649622.1,BX649622.1
271,BX663503.1,BX663503.1
272,BX663503.3,BX663503.3
273,BX663516.2,BX663516.2
274,BX663519.1,BX663519.1
275,BX663613.1,BX663613.1
276,BX664618.1,BX664618.1
277,BX664622.1,BX664622.1
278,BX664625.4,BX664625.4
279,BX664742.3,BX664742.3
280,BX682234.1,BX682234.1
281,BX682556.1,BX682556.1
282,BX682558.1,BX682558.1
283,BX855614.1,BX855614.1
284,BX855614.3,BX855614.3
285,BX855614.4,BX855614.4
286,BX890548.1,BX890548.1
287,BX890558.1,BX890558.1
288,BX890576.1,BX890576.1
289,BX890590.1,BX890590.1
290,BX897714.1,BX897714.1
291,BX901920.1,BX901920.1
292,BX901957.1,BX901957.1
293,BX901962.3,BX901962.3
294,BX901973.1,BX901973.1
295,BX901974.1,BX901974.1
296,BX908401.1,BX908401.1
297,BX908782.2,BX908782.2
298,BX908804.1,BX908804.1
299,BX914200.1,BX914200.1
300,BX927122.1,BX927122.1
301,BX927130.4,BX927130.4
302,BX927184.1,BX927184.1
303,BX927204.1,BX927204.1
304,BX927212.1,BX927212.1
305,BX927244.1,BX927244.1
306,BX927258.1,BX927258.1
307,BX927308.1,BX927308.1
308,BX927308.2,BX927308.2
309,BX927327.1,BX927327.1
310,BX927333.1,BX927333.1
311,BX927395.1,BX927395.1
312,BX927404.1,BX927404.1
313,BX936320.1,BX936320.1
314,BX936337.1,BX936337.1
315,BX936386.1,BX936386.1
316,BX936397.2,BX936397.2
317,BX936415.1,BX936415.1
318,BX936439.1,BX936439.1
319,BX936461.1,BX936461.1
320,BX942819.3,BX942819.3
321,BX950188.1,BX950188.1
322,BX957281.1,BX957281.1
323,BX957292.1,BX957292.1
324,BX957297.1,BX957297.1
325,BX957317.1,BX957317.1
326,BX957317.2,BX957317.2
327,BX957322.2,BX957322.2
328,BX957326.3,BX957326.3
329,BX957346.1,BX957346.1
330,BX957362.1,BX957362.1
331,CABZ01001434.1,CABZ01001434.1
332,CABZ01002768.1,CABZ01002768.1
333,CABZ01005876.1,CABZ01005876.1
334,CABZ01007222.1,CABZ01007222.1
335,CABZ01008739.1,CABZ01008739.1
336,CABZ01015475.1,CABZ01015475.1
337,CABZ01015525.1,CABZ01015525.1
338,CABZ01015815.1,CABZ01015815.1
339,CABZ01015815.3,CABZ01015815.3
340,CABZ01020840.1,CABZ01020840.1
341,CABZ01021433.1,CABZ01021433.1
342,CABZ01021592.1,CABZ01021592.1
343,CABZ01021599.1,CABZ01021599.1
344,CABZ01025780.1,CABZ01025780.1
345,CABZ01026681.1,CABZ01026681.1
346,CABZ01028771.1,CABZ01028771.1
347,CABZ01029938.1,CABZ01029938.1
348,CABZ01030107.1,CABZ01030107.1
349,CABZ01030862.1,CABZ01030862.1
350,CABZ01032476.1,CABZ01032476.1
351,CABZ01032488.1,CABZ01032488.1
352,CABZ01033178.1,CABZ01033178.1
353,CABZ01033180.1,CABZ01033180.1
354,CABZ01034082.1,CABZ01034082.1
355,CABZ01034698.1,CABZ01034698.1
356,CABZ01034698.2,CABZ01034698.2
357,CABZ01035279.1,CABZ01035279.1
358,CABZ01037298.1,CABZ01037298.1
359,CABZ01038699.1,CABZ01038699.1
360,CABZ01039859.1,CABZ01039859.1
361,CABZ01039861.1,CABZ01039861.1
362,CABZ01039863.1,CABZ01039863.1
363,CABZ01041494.1,CABZ01041494.1
364,CABZ01041913.1,CABZ01041913.1
365,CABZ01041962.1,CABZ01041962.1
366,CABZ01044053.1,CABZ01044053.1
367,CABZ01044235.1,CABZ01044235.1
368,CABZ01044281.1,CABZ01044281.1
369,CABZ01044764.1,CABZ01044764.1
370,CABZ01046093.1,CABZ01046093.1
371,CABZ01046954.1,CABZ01046954.1
372,CABZ01048143.1,CABZ01048143.1
373,CABZ01048392.1,CABZ01048392.1
374,CABZ01048402.1,CABZ01048402.1
375,CABZ01048402.2,CABZ01048402.2
376,CABZ01049847.1,CABZ01049847.1
377,CABZ01050249.1,CABZ01050249.1
378,CABZ01051901.1,CABZ01051901.1
379,CABZ01052268.1,CABZ01052268.1
380,CABZ01052573.1,CABZ01052573.1
381,CABZ01052576.1,CABZ01052576.1
382,CABZ01053416.1,CABZ01053416.1
383,CABZ01054394.1,CABZ01054394.1
384,CABZ01054965.1,CABZ01054965.1
385,CABZ01055306.1,CABZ01055306.1
386,CABZ01055347.1,CABZ01055347.1
387,CABZ01055522.1,CABZ01055522.1
388,CABZ01056279.1,CABZ01056279.1
389,CABZ01057928.1,CABZ01057928.1
390,CABZ01058046.1,CABZ01058046.1
391,CABZ01058222.1,CABZ01058222.1
392,CABZ01058261.1,CABZ01058261.1
393,CABZ01058647.1,CABZ01058647.1
394,CABZ01058650.1,CABZ01058650.1
395,CABZ01058721.1,CABZ01058721.1
396,CABZ01059120.1,CABZ01059120.1
397,CABZ01059403.1,CABZ01059403.1
398,CABZ01059559.1,CABZ01059559.1
399,CABZ01059627.1,CABZ01059627.1
400,CABZ01059627.2,CABZ01059627.2
401,CABZ01059915.1,CABZ01059915.1
402,CABZ01060453.1,CABZ01060453.1
403,CABZ01061495.1,CABZ01061495.1
404,CABZ01061498.1,CABZ01061498.1
405,CABZ01061524.1,CABZ01061524.1
406,CABZ01061591.1,CABZ01061591.1
407,CABZ01061894.1,CABZ01061894.1
408,CABZ01062422.1,CABZ01062422.1
409,CABZ01063170.1,CABZ01063170.1
410,CABZ01063556.1,CABZ01063556.1
411,CABZ01064859.1,CABZ01064859.1
412,CABZ01064859.2,CABZ01064859.2
413,CABZ01065076.1,CABZ01065076.1
414,CABZ01065131.1,CABZ01065131.1
415,CABZ01065679.1,CABZ01065679.1
416,CABZ01066312.1,CABZ01066312.1
417,CABZ01066694.1,CABZ01066694.1
418,CABZ01066720.1,CABZ01066720.1
419,CABZ01067681.1,CABZ01067681.1
420,CABZ01068122.1,CABZ01068122.1
421,CABZ01068251.1,CABZ01068251.1
422,CABZ01068469.1,CABZ01068469.1
423,CABZ01069022.1,CABZ01069022.1
424,CABZ01069338.1,CABZ01069338.1
425,CABZ01069595.1,CABZ01069595.1
426,CABZ01069998.1,CABZ01069998.1
427,CABZ01070631.1,CABZ01070631.1
428,CABZ01071171.1,CABZ01071171.1
429,CABZ01071848.1,CABZ01071848.1
430,CABZ01072077.1,CABZ01072077.1
431,CABZ01072083.2,CABZ01072083.2
432,CABZ01072254.1,CABZ01072254.1
433,CABZ01072309.1,CABZ01072309.1
434,CABZ01072548.1,CABZ01072548.1
435,CABZ01072607.1,CABZ01072607.1
436,CABZ01072810.1,CABZ01072810.1
437,CABZ01073168.1,CABZ01073168.1
438,CABZ01073265.1,CABZ01073265.1
439,CABZ01073339.1,CABZ01073339.1
440,CABZ01074076.1,CABZ01074076.1
441,CABZ01074130.1,CABZ01074130.1
442,CABZ01074300.1,CABZ01074300.1
443,CABZ01074307.2,CABZ01074307.2
444,CABZ01074363.1,CABZ01074363.1
445,CABZ01074397.1,CABZ01074397.1
446,CABZ01074398.1,CABZ01074398.1
447,CABZ01074453.1,CABZ01074453.1
448,CABZ01075125.1,CABZ01075125.1
449,CABZ01075143.1,CABZ01075143.1
450,CABZ01075242.1,CABZ01075242.1
451,CABZ01075509.1,CABZ01075509.1
452,CABZ01076275.1,CABZ01076275.1
453,CABZ01077124.1,CABZ01077124.1
454,CABZ01077217.1,CABZ01077217.1
455,CABZ01077218.1,CABZ01077218.1
456,CABZ01077220.2,CABZ01077220.2
457,CABZ01077956.1,CABZ01077956.1
458,CABZ01078055.1,CABZ01078055.1
459,CABZ01078261.1,CABZ01078261.1
460,CABZ01078350.1,CABZ01078350.1
461,CABZ01078415.1,CABZ01078415.1
462,CABZ01078449.1,CABZ01078449.1
463,CABZ01078593.1,CABZ01078593.1
464,CABZ01078594.1,CABZ01078594.1
465,CABZ01078737.1,CABZ01078737.1
466,CABZ01079011.1,CABZ01079011.1
467,CABZ01079241.1,CABZ01079241.1
468,CABZ01079251.1,CABZ01079251.1
469,CABZ01079480.1,CABZ01079480.1
470,CABZ01079663.1,CABZ01079663.1
471,CABZ01079760.1,CABZ01079760.1
472,CABZ01079802.1,CABZ01079802.1
473,CABZ01080042.1,CABZ01080042.1
474,CABZ01080135.1,CABZ01080135.1
475,CABZ01080371.2,CABZ01080371.2
476,CABZ01080371.3,CABZ01080371.3
477,CABZ01080375.1,CABZ01080375.1
478,CABZ01080601.1,CABZ01080601.1
479,CABZ01080702.1,CABZ01080702.1
480,CABZ01081294.1,CABZ01081294.1
481,CABZ01081385.1,CABZ01081385.1
482,CABZ01081535.1,CABZ01081535.1
483,CABZ01081748.1,CABZ01081748.1
484,CABZ01081752.1,CABZ01081752.1
485,CABZ01081752.2,CABZ01081752.2
486,CABZ01081777.1,CABZ01081777.1
487,CABZ01081909.1,CABZ01081909.1
488,CABZ01083166.1,CABZ01083166.1
489,CABZ01083944.1,CABZ01083944.1
490,CABZ01084323.1,CABZ01084323.1
491,CABZ01084391.1,CABZ01084391.1
492,CABZ01084501.2,CABZ01084501.2
493,CABZ01084942.1,CABZ01084942.1
494,CABZ01084963.1,CABZ01084963.1
495,CABZ01085052.1,CABZ01085052.1
496,CABZ01085139.1,CABZ01085139.1
497,CABZ01085177.1,CABZ01085177.1
498,CABZ01085365.1,CABZ01085365.1
499,CABZ01085654.1,CABZ01085654.1
500,CABZ01086293.1,CABZ01086293.1
501,CABZ01086611.1,CABZ01086611.1
502,CABZ01086734.1,CABZ01086734.1
503,CABZ01087623.1,CABZ01087623.1
504,CABZ01087629.1,CABZ01087629.1
505,CABZ01087948.1,CABZ01087948.1
506,CABZ01088109.1,CABZ01088109.1
507,CABZ01088134.1,CABZ01088134.1
508,CABZ01088271.1,CABZ01088271.1
509,CABZ01088274.1,CABZ01088274.1
510,CABZ01088508.1,CABZ01088508.1
511,CABZ01089777.1,CABZ01089777.1
512,CABZ01090029.1,CABZ01090029.1
513,CABZ01090144.1,CABZ01090144.1
514,CABZ01090361.1,CABZ01090361.1
515,CABZ01090890.1,CABZ01090890.1
516,CABZ01092156.1,CABZ01092156.1
517,CABZ01092282.1,CABZ01092282.1
518,CABZ01093502.1,CABZ01093502.1
519,CABZ01095001.1,CABZ01095001.1
520,CABZ01095370.1,CABZ01095370.1
521,CABZ01097761.1,CABZ01097761.1
522,CABZ01098670.1,CABZ01098670.1
523,CABZ01099833.1,CABZ01099833.1
524,CABZ01099847.1,CABZ01099847.1
525,CABZ01100185.1,CABZ01100185.1
526,CABZ01100198.1,CABZ01100198.1
527,CABZ01100888.1,CABZ01100888.1
528,CABZ01102039.1,CABZ01102039.1
529,CABZ01102109.1,CABZ01102109.1
530,CABZ01102170.1,CABZ01102170.1
531,CABZ01102528.1,CABZ01102528.1
532,CABZ01103862.1,CABZ01103862.1
533,CABZ01109019.1,CABZ01109019.1
534,CABZ01109481.1,CABZ01109481.1
535,CABZ01109604.1,CABZ01109604.1
536,CABZ01110379.1,CABZ01110379.1
537,CABZ01110881.1,CABZ01110881.1
538,CABZ01111496.1,CABZ01111496.1
539,CABZ01111953.1,CABZ01111953.1
540,CABZ01111959.1,CABZ01111959.1
541,CABZ01112387.1,CABZ01112387.1
542,CABZ01113192.1,CABZ01113192.1
543,CABZ01113599.1,CABZ01113599.1
544,CABZ01113771.1,CABZ01113771.1
545,CABZ01113818.1,CABZ01113818.1
546,CABZ01114053.1,CABZ01114053.1
547,CABZ01114318.1,CABZ01114318.1
548,CABZ01115113.1,CABZ01115113.1
549,CABZ01117840.1,CABZ01117840.1
550,CABZ01118001.1,CABZ01118001.1
551,CABZ01118575.1,CABZ01118575.1
552,CABZ01118738.1,CABZ01118738.1
553,CAMK2N1,CAMK2N1
554,CCDC189,CCDC189
555,CCDC69,CCDC69
556,CCT2,CCT2
557,CDC37,CDC37
558,CDCP1,CDCP1
559,CDK2AP1,CDK2AP1
560,CDPF1,CDPF1
561,CFAP74,CFAP74
562,CHCHD5,CHCHD5
563,CIR1,CIR1
564,CKS2,CKS2
565,CLDN23,CLDN23
566,CLDN4,CLDN4
567,CNNM1,CNNM1
568,COA4,COA4
569,COLEC10,COLEC10
570,COLGALT1,COLGALT1
571,COMP,COMP
572,COX5B,COX5B
573,COX7A2,COX7A2
574,CR293507.1,CR293507.1
575,CR293509.1,CR293509.1
576,CR318588.3,CR318588.3
577,CR318588.4,CR318588.4
578,CR318601.1,CR318601.1
579,CR318607.1,CR318607.1
580,CR318653.1,CR318653.1
581,CR352232.1,CR352232.1
582,CR352258.1,CR352258.1
583,CR352263.1,CR352263.1
584,CR352285.1,CR352285.1
585,CR352342.1,CR352342.1
586,CR354435.1,CR354435.1
587,CR354435.3,CR354435.3
588,CR354435.4,CR354435.4
589,CR354435.6,CR354435.6
590,CR354444.1,CR354444.1
591,CR354540.1,CR354540.1
592,CR354542.1,CR354542.1
593,CR354588.1,CR354588.1
594,CR356227.1,CR356227.1
595,CR356233.1,CR356233.1
596,CR356236.1,CR356236.1
597,CR376737.1,CR376737.1
598,CR376740.2,CR376740.2
599,CR376766.2,CR376766.2
600,CR377211.3,CR377211.3
601,CR377211.4,CR377211.4
602,CR381618.1,CR381618.1
603,CR381647.1,CR381647.1
604,CR381686.4,CR381686.4
605,CR381686.5,CR381686.5
606,CR382300.1,CR382300.1
607,CR382300.3,CR382300.3
608,CR382370.2,CR382370.2
609,CR382372.1,CR382372.1
610,CR383662.5,CR383662.5
611,CR383676.1,CR383676.1
612,CR383676.2,CR383676.2
613,CR383680.2,CR383680.2
614,CR385035.1,CR385035.1
615,CR385050.1,CR385050.1
616,CR387919.1,CR387919.1
617,CR387996.1,CR387996.1
618,CR388029.1,CR388029.1
619,CR388052.1,CR388052.1
620,CR388077.1,CR388077.1
621,CR388132.2,CR388132.2
622,CR388143.1,CR388143.1
623,CR388166.2,CR388166.2
624,CR388231.3,CR388231.3
625,CR388373.2,CR388373.2
626,CR391940.1,CR391940.1
627,CR391986.1,CR391986.1
628,CR391991.4,CR391991.4
629,CR392042.1,CR392042.1
630,CR392045.1,CR392045.1
631,CR394528.1,CR394528.1
632,CR394546.3,CR394546.3
633,CR405715.1,CR405715.1
634,CR407701.1,CR407701.1
635,CR450686.3,CR450686.3
636,CR450764.10,CR450764.10
637,CR450805.1,CR450805.1
638,CR450808.1,CR450808.1
639,CR450808.3,CR450808.3
640,CR450818.1,CR450818.1
641,CR536604.1,CR536604.1
642,CR548622.1,CR548622.1
643,CR548622.2,CR548622.2
644,CR548634.2,CR548634.2
645,CR589944.1,CR589944.1
646,CR626886.1,CR626886.1
647,CR628323.3,CR628323.3
648,CR628327.1,CR628327.1
649,CR628365.1,CR628365.1
650,CR749163.1,CR749163.1
651,CR749168.2,CR749168.2
652,CR749763.5,CR749763.5
653,CR751227.2,CR751227.2
654,CR751602.1,CR751602.1
655,CR751602.2,CR751602.2
656,CR753876.1,CR753876.1
657,CR753886.1,CR753886.1
658,CR759794.1,CR759794.1
659,CR759841.1,CR759841.1
660,CR759843.2,CR759843.2
661,CR759875.5,CR759875.5
662,CR759892.1,CR759892.1
663,CR759918.1,CR759918.1
664,CR759927.2,CR759927.2
665,CR759927.3,CR759927.3
666,CR762431.1,CR762431.1
667,CR762436.1,CR762436.1
668,CR762480.1,CR762480.1
669,CR762480.2,CR762480.2
670,CR762483.1,CR762483.1
671,CR762497.1,CR762497.1
672,CR769769.2,CR769769.2
673,CR769778.1,CR769778.1
674,CR786571.3,CR786571.3
675,CR788230.1,CR788230.1
676,CR788235.1,CR788235.1
677,CR788249.1,CR788249.1
678,CR788316.3,CR788316.3
679,CR790380.1,CR790380.1
680,CR790382.3,CR790382.3
681,CR792439.1,CR792439.1
682,CR792441.1,CR792441.1
683,CR812832.1,CR812832.1
684,CR847503.1,CR847503.1
685,CR847503.2,CR847503.2
686,CR847543.1,CR847543.1
687,CR847566.1,CR847566.1
688,CR847571.1,CR847571.1
689,CR847785.1,CR847785.1
690,CR847793.1,CR847793.1
691,CR847895.1,CR847895.1
692,CR847898.4,CR847898.4
693,CR847906.1,CR847906.1
694,CR847936.1,CR847936.1
695,CR847936.6,CR847936.6
696,CR847939.1,CR847939.1
697,CR847953.1,CR847953.1
698,CR847984.1,CR847984.1
699,CR847994.1,CR847994.1
700,CR848040.4,CR848040.4
701,CR848047.1,CR848047.1
702,CR848667.1,CR848667.1
703,CR848705.1,CR848705.1
704,CR848741.1,CR848741.1
705,CR848763.1,CR848763.1
706,CR848788.1,CR848788.1
707,CR848788.2,CR848788.2
708,CR848791.3,CR848791.3
709,CR848812.1,CR848812.1
710,CR848836.1,CR848836.1
711,CR848841.1,CR848841.1
712,CR848844.1,CR848844.1
713,CR854827.3,CR854827.3
714,CR854839.1,CR854839.1
715,CR855277.2,CR855277.2
716,CR855277.3,CR855277.3
717,CR855307.1,CR855307.1
718,CR855311.1,CR855311.1
719,CR855320.3,CR855320.3
720,CR855337.1,CR855337.1
721,CR855389.1,CR855389.1
722,CR855389.2,CR855389.2
723,CR855860.1,CR855860.1
724,CR855996.2,CR855996.2
725,CR925761.3,CR925761.3
726,CR925761.4,CR925761.4
727,CR925804.2,CR925804.2
728,CR925813.1,CR925813.1
729,CR926459.1,CR926459.1
730,CR932000.1,CR932000.1
731,CR932364.1,CR932364.1
732,CR933730.1,CR933730.1
733,CR933734.3,CR933734.3
734,CR936300.1,CR936300.1
735,CR936321.1,CR936321.1
736,CR936482.1,CR936482.1
737,CR936975.1,CR936975.1
738,CR938716.1,CR938716.1
739,CR954963.1,CR954963.1
740,CR974475.1,CR974475.1
741,CRACR2A,CRACR2A
742,CSKMT,CSKMT
743,CSRNP3,CSRNP3
744,CT025585.1,CT025585.1
745,CT025690.1,CT025690.1
746,CT025742.1,CT025742.1
747,CT025897.1,CT025897.1
748,CT025912.1,CT025912.1
749,CT027578.1,CT027578.1
750,CT027702.1,CT027702.1
751,CT027718.1,CT027718.1
752,CT027744.2,CT027744.2
753,CT027815.1,CT027815.1
754,CT027980.1,CT027980.1
755,CT030144.1,CT030144.1
756,CT030188.1,CT030188.1
757,CT573065.1,CT573065.1
758,CT573103.1,CT573103.1
759,CT573148.1,CT573148.1
760,CT573239.1,CT573239.1
761,CT573248.2,CT573248.2
762,CT573256.1,CT573256.1
763,CT573342.1,CT573342.1
764,CT573344.1,CT573344.1
765,CT573366.1,CT573366.1
766,CT573383.1,CT573383.1
767,CT573433.1,CT573433.1
768,CT583646.2,CT583646.2
769,CT583651.2,CT583651.2
770,CT583672.1,CT583672.1
771,CT583687.1,CT583687.1
772,CT583687.2,CT583687.2
773,CT583708.1,CT583708.1
774,CT583723.2,CT583723.2
775,CT583728.23,CT583728.23
776,CT737123.1,CT737123.1
777,CT737162.2,CT737162.2
778,CT737190.2,CT737190.2
779,CT956002.2,CT956002.2
780,CT956093.1,CT956093.1
781,CT978957.2,CT978957.2
782,CT990561.1,CT990561.1
783,CT990618.1,CT990618.1
784,CT990625.1,CT990625.1
785,CU019624.1,CU019624.1
786,CU019662.1,CU019662.1
787,CU024870.1,CU024870.1
788,CU041319.2,CU041319.2
789,CU062501.1,CU062501.1
790,CU074419.2,CU074419.2
791,CU076099.1,CU076099.1
792,CU104716.1,CU104716.1
793,CU104731.1,CU104731.1
794,CU104777.1,CU104777.1
795,CU137645.3,CU137645.3
796,CU137648.1,CU137648.1
797,CU137648.2,CU137648.2
798,CU138533.2,CU138533.2
799,CU138542.2,CU138542.2
800,CU207221.1,CU207221.1
801,CU207221.2,CU207221.2
802,CU207281.1,CU207281.1
803,CU207301.3,CU207301.3
804,CU207354.1,CU207354.1
805,CU302316.1,CU302316.1
806,CU302436.1,CU302436.1
807,CU302436.3,CU302436.3
808,CU302436.4,CU302436.4
809,CU302436.5,CU302436.5
810,CU372926.1,CU372926.1
811,CU457778.1,CU457778.1
812,CU457778.3,CU457778.3
813,CU457819.1,CU457819.1
814,CU457819.3,CU457819.3
815,CU457819.4,CU457819.4
816,CU459012.1,CU459012.1
817,CU459056.1,CU459056.1
818,CU459065.1,CU459065.1
819,CU459186.2,CU459186.2
820,CU459186.3,CU459186.3
821,CU459186.4,CU459186.4
822,CU459186.5,CU459186.5
823,CU462878.1,CU462878.1
824,CU462915.1,CU462915.1
825,CU463033.1,CU463033.1
826,CU463038.2,CU463038.2
827,CU464124.1,CU464124.1
828,CU466278.1,CU466278.1
829,CU466278.2,CU466278.2
830,CU466287.2,CU466287.2
831,CU467110.1,CU467110.1
832,CU467646.4,CU467646.4
833,CU467646.5,CU467646.5
834,CU467646.6,CU467646.6
835,CU467646.7,CU467646.7
836,CU467822.1,CU467822.1
837,CU467856.1,CU467856.1
838,CU467861.1,CU467861.1
839,CU467861.2,CU467861.2
840,CU467961.1,CU467961.1
841,CU468730.1,CU468730.1
842,CU468915.1,CU468915.1
843,CU468920.1,CU468920.1
844,CU469362.1,CU469362.1
845,CU469420.1,CU469420.1
846,CU469420.4,CU469420.4
847,CU469462.1,CU469462.1
848,CU469526.1,CU469526.1
849,CU469568.1,CU469568.1
850,CU469577.1,CU469577.1
851,CU550713.1,CU550713.1
852,CU570689.2,CU570689.2
853,CU570769.1,CU570769.1
854,CU570893.1,CU570893.1
855,CU570894.1,CU570894.1
856,CU570894.2,CU570894.2
857,CU571074.1,CU571074.1
858,CU571079.1,CU571079.1
859,CU571081.1,CU571081.1
860,CU571315.1,CU571315.1
861,CU571318.1,CU571318.1
862,CU571324.1,CU571324.1
863,CU571331.1,CU571331.1
864,CU628002.1,CU628002.1
865,CU633479.2,CU633479.2
866,CU633479.6,CU633479.6
867,CU633991.2,CU633991.2
868,CU638870.1,CU638870.1
869,CU639468.1,CU639468.1
870,CU639469.1,CU639469.1
871,CU640433.1,CU640433.1
872,CU655842.1,CU655842.1
873,CU655845.1,CU655845.1
874,CU655961.2,CU655961.2
875,CU655961.4,CU655961.4
876,CU657977.1,CU657977.1
877,CU659670.1,CU659670.1
878,CU681836.1,CU681836.1
879,CU682777.2,CU682777.2
880,CU682811.2,CU682811.2
881,CU683879.2,CU683879.2
882,CU693494.2,CU693494.2
883,CU693502.1,CU693502.1
884,CU694197.1,CU694197.1
885,CU694321.1,CU694321.1
886,CU694380.1,CU694380.1
887,CU694481.1,CU694481.1
888,CU694486.1,CU694486.1
889,CU695215.2,CU695215.2
890,CU855759.1,CU855759.1
891,CU855889.2,CU855889.2
892,CU855930.2,CU855930.2
893,CU855936.1,CU855936.1
894,CU856344.1,CU856344.1
895,CU856358.1,CU856358.1
896,CU856423.1,CU856423.1
897,CU856520.1,CU856520.1
898,CU856539.2,CU856539.2
899,CU856622.1,CU856622.1
900,CU861453.1,CU861453.1
901,CU861477.1,CU861477.1
902,CU862021.1,CU862021.1
903,CU862078.1,CU862078.1
904,CU896541.1,CU896541.1
905,CU914157.1,CU914157.1
906,CU914536.1,CU914536.1
907,CU914617.1,CU914617.1
908,CU914622.2,CU914622.2
909,CU927890.1,CU927890.1
910,CU927934.3,CU927934.3
911,CU928013.1,CU928013.1
912,CU928117.1,CU928117.1
913,CU928129.1,CU928129.1
914,CU929037.1,CU929037.1
915,CU929070.1,CU929070.1
916,CU929143.1,CU929143.1
917,CU929145.2,CU929145.2
918,CU929160.1,CU929160.1
919,CU929178.1,CU929178.1
920,CU929230.1,CU929230.1
921,CU929259.1,CU929259.1
922,CU929294.1,CU929294.1
923,CU929312.1,CU929312.1
924,CU929391.1,CU929391.1
925,CU929402.1,CU929402.1
926,CU929418.1,CU929418.1
927,CU929444.1,CU929444.1
928,CU929451.1,CU929451.1
929,CU929451.2,CU929451.2
930,CU972512.1,CU972512.1
931,CU984600.1,CU984600.1
932,CU984600.2,CU984600.2
933,CYP27A1,CYP27A1
934,CYP2C9,CYP2C9
935,CYTH2,CYTH2
936,CZQB01095947.1,CZQB01095947.1
937,CZQB01141835.2,CZQB01141835.2
938,DGKD,DGKD
939,DHX35,DHX35
940,DISP3,DISP3
941,DMWD,DMWD
942,DNAJA4,DNAJA4
943,DOCK9,DOCK9
944,DST,DST
945,DTX4,DTX4
946,DUT,DUT
947,DYRK3,DYRK3
948,E2F2,E2F2
949,ECE2,ECE2
950,ECPAS,ECPAS
951,EIF1B,EIF1B
952,EML5,EML5
953,EPB41L2,EPB41L2
954,ERC1,ERC1
955,F2RL3,F2RL3
956,FADS6,FADS6
957,FAM109B,FAM109B
958,FAM124A,FAM124A
959,FAM72B,FAM72B
960,FAM83G,FAM83G
961,FAT4,FAT4
962,FBXL19,FBXL19
963,FBXO46,FBXO46
964,FBXO48,FBXO48
965,FIBCD1,FIBCD1
966,FIG4,FIG4
967,FITM1,FITM1
968,FNDC10,FNDC10
969,FO082877.1,FO082877.1
970,FO203432.1,FO203432.1
971,FO681357.1,FO681357.1
972,FO681390.1,FO681390.1
973,FO704661.1,FO704661.1
974,FO704721.1,FO704721.1
975,FO704736.1,FO704736.1
976,FO704741.1,FO704741.1
977,FO704745.1,FO704745.1
978,FO704750.1,FO704750.1
979,FO704755.1,FO704755.1
980,FO704772.1,FO704772.1
981,FO704779.1,FO704779.1
982,FO704786.1,FO704786.1
983,FO704871.1,FO704871.1
984,FO704915.1,FO704915.1
985,FO744833.2,FO744833.2
986,FO818711.1,FO818711.1
987,FO834799.1,FO834799.1
988,FO834800.1,FO834800.1
989,FO834803.1,FO834803.1
990,FO834814.1,FO834814.1
991,FO834831.1,FO834831.1
992,FO834840.1,FO834840.1
993,FO904885.3,FO904885.3
994,FO904943.1,FO904943.1
995,FO904980.1,FO904980.1
996,FO905040.1,FO905040.1
997,FP015850.1,FP015850.1
998,FP015862.2,FP015862.2
999,FP015919.1,FP015919.1
1000,FP015972.1,FP015972.1
1001,FP017161.1,FP017161.1
1002,FP017215.1,FP017215.1
1003,FP017217.1,FP017217.1
1004,FP017274.1,FP017274.1
1005,FP017295.1,FP017295.1
1006,FP074874.1,FP074874.1
1007,FP074874.2,FP074874.2
1008,FP074874.4,FP074874.4
1009,FP074902.2,FP074902.2
1010,FP085398.1,FP085398.1
1011,FP085400.1,FP085400.1
1012,FP085414.1,FP085414.1
1013,FP101861.1,FP101861.1
1014,FP101882.1,FP101882.1
1015,FP101887.1,FP101887.1
1016,FP101914.1,FP101914.1
1017,FP102018.1,FP102018.1
1018,FP102120.1,FP102120.1
1019,FP102171.1,FP102171.1
1020,FP102192.1,FP102192.1
1021,FP102192.2,FP102192.2
1022,FP102783.1,FP102783.1
1023,FP236812.1,FP236812.1
1024,FP236812.2,FP236812.2
1025,FP236812.3,FP236812.3
1026,FP236812.4,FP236812.4
1027,FP243383.1,FP243383.1
1028,FP245458.1,FP245458.1
1029,FP245462.1,FP245462.1
1030,FP325123.1,FP325123.1
1031,FP325123.2,FP325123.2
1032,FP325130.1,FP325130.1
1033,FP326649.1,FP326649.1
1034,FP340257.1,FP340257.1
1035,FP565451.1,FP565451.1
1036,FP885542.2,FP885542.2
1037,FQ311908.1,FQ311908.1
1038,FQ311928.1,FQ311928.1
1039,FQ311955.1,FQ311955.1
1040,FQ312024.1,FQ312024.1
1041,FQ323119.1,FQ323119.1
1042,FQ323156.1,FQ323156.1
1043,FQ377896.1,FQ377896.1
1044,FQ377903.1,FQ377903.1
1045,FQ377903.3,FQ377903.3
1046,FQ790208.1,FQ790208.1
1047,FQ976913.1,FQ976913.1
1048,FQ976914.1,FQ976914.1
1049,FRMD4A,FRMD4A
1050,FRMD5,FRMD5
1051,GALNTL6,GALNTL6
1052,GDPGP1,GDPGP1
1053,GHITM,GHITM
1054,GID4,GID4
1055,GK3P,GK3P
1056,GMEB2,GMEB2
1057,GNAZ,GNAZ
1058,GPR89A,GPR89A
1059,GRB14,GRB14
1060,GSTZ1,GSTZ1
1061,GTPBP8,GTPBP8
1062,HACD4,HACD4
1063,HADHB,HADHB
1064,HECTD4,HECTD4
1065,HHEX,HHEX
1066,HIST1H4B,HIST1H4B
1067,HIST1H4I,HIST1H4I
1068,HIST1H4J,HIST1H4J
1069,HIST2H3C,HIST2H3C
1070,HOOK3,HOOK3
1071,HUS1,HUS1
1072,IGLON5,IGLON5
1073,IKZF2,IKZF2
1074,IKZF4,IKZF4
1075,INAVA,INAVA
1076,IRAK4,IRAK4
1077,ITGB1BP2,ITGB1BP2
1078,IZUMO1R,IZUMO1R
1079,KCNIP4,KCNIP4
1080,KCNN2,KCNN2
1081,KCTD15,KCTD15
1082,KHDRBS3,KHDRBS3
1083,KIAA0895L,KIAA0895L
1084,KIF2A,KIF2A
1085,KLHL12,KLHL12
1086,KLHL28,KLHL28
1087,LAMP1,LAMP1
1088,LEPROTL1,LEPROTL1
1089,LIN28A,LIN28A
1090,LO016987.2,LO016987.2
1091,LO017711.1,LO017711.1
1092,LO017739.1,LO017739.1
1093,LO017771.1,LO017771.1
1094,LO017784.1,LO017784.1
1095,LO017790.1,LO017790.1
1096,LO017798.1,LO017798.1
1097,LO017852.1,LO017852.1
1098,LO017877.2,LO017877.2
1099,LO017901.1,LO017901.1
1100,LO017917.1,LO017917.1
1101,LO017951.1,LO017951.1
1102,LO017965.1,LO017965.1
1103,LO018013.1,LO018013.1
1104,LO018021.1,LO018021.1
1105,LO018029.1,LO018029.1
1106,LO018124.1,LO018124.1
1107,LO018128.1,LO018128.1
1108,LO018148.1,LO018148.1
1109,LO018154.1,LO018154.1
1110,LO018176.1,LO018176.1
1111,LO018188.1,LO018188.1
1112,LO018197.1,LO018197.1
1113,LO018336.1,LO018336.1
1114,LO018474.1,LO018474.1
1115,LO018541.1,LO018541.1
1116,LO018557.1,LO018557.1
1117,LRFN3,LRFN3
1118,LRRC52,LRRC52
1119,LRRC56,LRRC56
1120,LRRC69,LRRC69
1121,LRRC75A,LRRC75A
1122,LRRC8E,LRRC8E
1123,LSAMP,LSAMP
1124,LTN1,LTN1
1125,LUC7L2,LUC7L2
1126,LYRM4,LYRM4
1127,MAD2L2,MAD2L2
1128,MANEAL,MANEAL
1129,MARK4,MARK4
1130,MDFI,MDFI
1131,MDFIC,MDFIC
1132,MED8,MED8
1133,MED9,MED9
1134,MEPCE,MEPCE
1135,METTL18,METTL18
1136,MEX3A,MEX3A
1137,MGC174155,MGC174155
1138,MIB2,MIB2
1139,MPRIP,MPRIP
1140,MSANTD2,MSANTD2
1141,MTERF1,MTERF1
1142,MYADM,MYADM
1143,MYO1D,MYO1D
1144,MYO9B,MYO9B
1145,MYRFL,MYRFL
1146,MZT1,MZT1
1147,NCKAP1L,NCKAP1L
1148,NC-002333.1,NC-002333.1
1149,NC-002333.10,NC-002333.10
1150,NC-002333.12,NC-002333.12
1151,NC-002333.14,NC-002333.14
1152,NC-002333.15,NC-002333.15
1153,NC-002333.16,NC-002333.16
1154,NC-002333.17,NC-002333.17
1155,NC-002333.18,NC-002333.18
1156,NC-002333.2,NC-002333.2
1157,NC-002333.20,NC-002333.20
1158,NC-002333.22,NC-002333.22
1159,NC-002333.23,NC-002333.23
1160,NC-002333.24,NC-002333.24
1161,NC-002333.4,NC-002333.4
1162,NC-002333.5,NC-002333.5
1163,NC-002333.6,NC-002333.6
1164,NC-002333.7,NC-002333.7
1165,NC-002333.8,NC-002333.8
1166,NC-002333.9,NC-002333.9
1167,NDUFA13,NDUFA13
1168,NDUFAF8,NDUFAF8
1169,NDUFB1,NDUFB1
1170,NDUFC1,NDUFC1
1171,NKAPD1,NKAPD1
1172,NPAS3,NPAS3
1173,NPNT,NPNT
1174,NSUN3,NSUN3
1175,NUP85,NUP85
1176,OSBPL8,OSBPL8
1177,OSCP1,OSCP1
1178,OTOP1,OTOP1
1179,PAQR9,PAQR9
1180,PAXBP1,PAXBP1
1181,PCP4L1,PCP4L1
1182,PDCL3,PDCL3
1183,PDE3B,PDE3B
1184,PDPR,PDPR
1185,PEPD,PEPD
1186,PHF21B,PHF21B
1187,PITPNM2,PITPNM2
1188,PLA1A,PLA1A
1189,PPP1CC,PPP1CC
1190,PPP2CA,PPP2CA
1191,PRDM15,PRDM15
1192,PRDM16,PRDM16
1193,PRKAR2B,PRKAR2B
1194,PRRC2B,PRRC2B
1195,PSMD2,PSMD2
1196,PTGR1,PTGR1
1197,PXMP4,PXMP4
1198,PYURF,PYURF
1199,R3HDM2,R3HDM2
1200,RAB21,RAB21
1201,RAC1,RAC1
1202,RANBP2,RANBP2
1203,RARRES3,RARRES3
1204,RASSF10,RASSF10
1205,RASSF5,RASSF5
1206,RBMS1,RBMS1
1207,RETSAT,RETSAT
1208,RF00099,RF00099
1209,RF00213,RF00213
1210,RF00231,RF00231
1211,RF00274,RF00274
1212,RF00407,RF00407
1213,RF00412,RF00412
1214,RF00413,RF00413
1215,RF00430,RF00430
1216,RF00443,RF00443
1217,RF00494,RF00494
1218,RF00608,RF00608
1219,RF01190,RF01190
1220,RF01234,RF01234
1221,RF01268,RF01268
1222,RF01277,RF01277
1223,RHO,RHO
1224,RHOBTB3,RHOBTB3
1225,RIC1,RIC1
1226,RNF157,RNF157
1227,RNF219,RNF219
1228,RPL41,RPL41
1229,RSL24D1,RSL24D1
1230,RYR2,RYR2
1231,SAMD8,SAMD8
1232,SCYL2,SCYL2
1233,SEC14L1,SEC14L1
1234,SEMA4D,SEMA4D
1235,SEMA4F,SEMA4F
1236,SEPT4,SEPT4
1237,SERP1,SERP1
1238,SFMBT1,SFMBT1
1239,SH3TC1,SH3TC1
1240,SHC3,SHC3
1241,SHKBP1,SHKBP1
1242,SLC39A11,SLC39A11
1243,SLC9B2,SLC9B2
1244,SMARCA4,SMARCA4
1245,SMIM10,SMIM10
1246,SMIM30,SMIM30
1247,SMIM36,SMIM36
1248,SNTA1,SNTA1
1249,SPDEF,SPDEF
1250,SYNPR,SYNPR
1251,TAGAP,TAGAP
1252,TATDN3,TATDN3
1253,TBC1D8B,TBC1D8B
1254,TCF4,TCF4
1255,TCIM,TCIM
1256,TENM2,TENM2
1257,TENM3,TENM3
1258,THEM6,THEM6
1259,TIMM21,TIMM21
1260,TIMM22,TIMM22
1261,TMEM102,TMEM102
1262,TMEM14A,TMEM14A
1263,TMEM164,TMEM164
1264,TMEM19,TMEM19
1265,TMEM208,TMEM208
1266,TMEM216,TMEM216
1267,TMEM235,TMEM235
1268,TMEM8B,TMEM8B
1269,TOM1L2,TOM1L2
1270,TST,TST
1271,TSTA3,TSTA3
1272,TTC28,TTC28
1273,TTC9,TTC9
1274,TWF1,TWF1
1275,UBE2M,UBE2M
1276,UBLCP1,UBLCP1
1277,USP34,USP34
1278,VSTM5,VSTM5
1279,VWDE,VWDE
1280,WDR1,WDR1
1281,WDR7,WDR7
1282,WDR70,WDR70
1283,XKR4,XKR4
1284,XPO5,XPO5
1285,XRCC2,XRCC2
1286,ZBTB26,ZBTB26
1287,ZNF335,ZNF335
1288,ZNF423,ZNF423
1289,ZNF462,ZNF462
1290,ZNF512B,ZNF512B
1291,ZXDC,ZXDC
1292,a1cf,a1cf
1293,aaas,aaas
1294,aadat,aadat
1295,aagab,aagab
1296,aak1a,aak1a
1297,aak1b,aak1b
1298,aamdc,aamdc
1299,aamp,aamp
1300,aanat1,aanat1
1301,aar2,aar2
1302,aars,aars
1303,aars2,aars2
1304,aarsd1,aarsd1
1305,aasdhppt,aasdhppt
1306,aass,aass
1307,aatf,aatf
1308,aatka,aatka
1309,aatkb,aatkb
1310,abat,abat
1311,abca12,abca12
1312,abca1a,abca1a
1313,abca1b,abca1b
1314,abca2,abca2
1315,abca3b,abca3b
1316,abca4a,abca4a
1317,abca4b,abca4b
1318,abca5,abca5
1319,abcb10,abcb10
1320,abcb4,abcb4
1321,abcb5,abcb5
1322,abcb7,abcb7
1323,abcb8,abcb8
1324,abcb9,abcb9
1325,abcc1,abcc1
1326,abcc10,abcc10
1327,abcc13,abcc13
1328,abcc2,abcc2
1329,abcc3,abcc3
1330,abcc4,abcc4
1331,abcc5,abcc5
1332,abcc6a,abcc6a
1333,abcd2,abcd2
1334,abcd3a,abcd3a
1335,abcd3b,abcd3b
1336,abcd4,abcd4
1337,abce1,abce1
1338,abcf1,abcf1
1339,abcf2a,abcf2a
1340,abcg2a,abcg2a
1341,abcg2c,abcg2c
1342,abcg2d,abcg2d
1343,abhd10a,abhd10a
1344,abhd12,abhd12
1345,abhd13,abhd13
1346,abhd14a,abhd14a
1347,abhd14b,abhd14b
1348,abhd15a,abhd15a
1349,abhd16a,abhd16a
1350,abhd17aa,abhd17aa
1351,abhd17ab,abhd17ab
1352,abhd17b,abhd17b
1353,abhd17c,abhd17c
1354,abhd18,abhd18
1355,abhd2a,abhd2a
1356,abhd3,abhd3
1357,abhd4,abhd4
1358,abhd5b,abhd5b
1359,abhd6a,abhd6a
1360,abhd8b,abhd8b
1361,abi1a,abi1a
1362,abi1b,abi1b
1363,abi2a,abi2a
1364,abi2b,abi2b
1365,abi3a,abi3a
1366,abi3b,abi3b
1367,abi3bpb,abi3bpb
1368,abl1,abl1
1369,abl2,abl2
1370,ablim1a,ablim1a
1371,ablim1b,ablim1b
1372,ablim3,ablim3
1373,abraa,abraa
1374,abracl,abracl
1375,abraxas2a,abraxas2a
1376,abraxas2b,abraxas2b
1377,abt1,abt1
1378,abtb1,abtb1
1379,abtb2a,abtb2a
1380,abtb2b,abtb2b
1381,acaa1,acaa1
1382,acaa2,acaa2
1383,acaca,acaca
1384,acacb,acacb
1385,acad11,acad11
1386,acad8,acad8
1387,acad9,acad9
1388,acadl,acadl
1389,acadm,acadm
1390,acads,acads
1391,acadsb,acadsb
1392,acadvl,acadvl
1393,acap1,acap1
1394,acap2,acap2
1395,acap3a,acap3a
1396,acap3b,acap3b
1397,acat1,acat1
1398,acat2,acat2
1399,acbd3,acbd3
1400,acbd4,acbd4
1401,acbd5a,acbd5a
1402,acbd6,acbd6
1403,acbd7,acbd7
1404,accs,accs
1405,acd,acd
1406,ace,ace
1407,acer1,acer1
1408,ache,ache
1409,acin1a,acin1a
1410,acin1b,acin1b
1411,ackr3a,ackr3a
1412,ackr3b,ackr3b
1413,ackr4b,ackr4b
1414,aclya,aclya
1415,acmsd,acmsd
1416,aco1,aco1
1417,aco2,aco2
1418,acod1,acod1
1419,acot11a,acot11a
1420,acot13,acot13
1421,acot14,acot14
1422,acot15,acot15
1423,acot16,acot16
1424,acot18,acot18
1425,acot20,acot20
1426,acot7,acot7
1427,acot8,acot8
1428,acot9.1,acot9.1
1429,acot9.2,acot9.2
1430,acox1,acox1
1431,acp1,acp1
1432,acp2,acp2
1433,acp5a,acp5a
1434,acp6,acp6
1435,acsbg2,acsbg2
1436,acsf2,acsf2
1437,acsl1a,acsl1a
1438,acsl1b,acsl1b
1439,acsl2,acsl2
1440,acsl3a,acsl3a
1441,acsl3b,acsl3b
1442,acsl4a,acsl4a
1443,acsl5,acsl5
1444,acsm3,acsm3
1445,acss1,acss1
1446,acss2,acss2
1447,acss3,acss3
1448,acta1a,acta1a
1449,acta1b,acta1b
1450,acta2,acta2
1451,actb1,actb1
1452,actb2,actb2
1453,actc1a,actc1a
1454,actc1b,actc1b
1455,actc1c,actc1c
1456,actl6a,actl6a
1457,actn1,actn1
1458,actn2b,actn2b
1459,actn3a,actn3a
1460,actn3b,actn3b
1461,actn4,actn4
1462,actr1,actr1
1463,actr10,actr10
1464,actr2a,actr2a
1465,actr2b,actr2b
1466,actr3,actr3
1467,actr3b,actr3b
1468,actr5,actr5
1469,actr6,actr6
1470,actr8,actr8
1471,acvr1ba,acvr1ba
1472,acvr1bb,acvr1bb
1473,acvr1l,acvr1l
1474,acvr2aa,acvr2aa
1475,acvr2ba,acvr2ba
1476,acvr2bb,acvr2bb
1477,acvrl1,acvrl1
1478,acy1,acy1
1479,acy3.1,acy3.1
1480,acy3.2,acy3.2
1481,acyp1,acyp1
1482,ada,ada
1483,ada2a,ada2a
1484,ada2b,ada2b
1485,adal,adal
1486,adam10a,adam10a
1487,adam10b,adam10b
1488,adam12,adam12
1489,adam15,adam15
1490,adam17a,adam17a
1491,adam17b,adam17b
1492,adam19a,adam19a
1493,adam19b,adam19b
1494,adam22,adam22
1495,adam23a,adam23a
1496,adam28,adam28
1497,adam8a,adam8a
1498,adam9,adam9
1499,adamts10,adamts10
1500,adamts12,adamts12
1501,adamts15a,adamts15a
1502,adamts18,adamts18
1503,adamts2,adamts2
1504,adamts3,adamts3
1505,adamts6,adamts6
1506,adamts9,adamts9
1507,adamtsl2,adamtsl2
1508,adamtsl5,adamtsl5
1509,adamtsl7,adamtsl7
1510,adap2,adap2
1511,adar,adar
1512,adarb1a,adarb1a
1513,adat1,adat1
1514,adat2,adat2
1515,adat3,adat3
1516,adck1,adck1
1517,adck2,adck2
1518,adck5,adck5
1519,adcy1b,adcy1b
1520,adcy2b,adcy2b
1521,adcy5,adcy5
1522,adcy6a,adcy6a
1523,adcy6b,adcy6b
1524,adcy7,adcy7
1525,adcy8,adcy8
1526,adcyap1b,adcyap1b
1527,add1,add1
1528,add2,add2
1529,add3a,add3a
1530,add3b,add3b
1531,adgb,adgb
1532,adgra2,adgra2
1533,adgra3,adgra3
1534,adgrb1a,adgrb1a
1535,adgrb3,adgrb3
1536,adgre10,adgre10
1537,adgre5b.3,adgre5b.3
1538,adgrf3b,adgrf3b
1539,adgrf6,adgrf6
1540,adgrf8,adgrf8
1541,adgrg1,adgrg1
1542,adgrg2a,adgrg2a
1543,adgrg3,adgrg3
1544,adgrg4b,adgrg4b
1545,adgrg6,adgrg6
1546,adgrl2a,adgrl2a
1547,adgrl2b.1,adgrl2b.1
1548,adgrl3.1,adgrl3.1
1549,adgrl4,adgrl4
1550,adgrv1,adgrv1
1551,adh5,adh5
1552,adh8b,adh8b
1553,adhfe1,adhfe1
1554,adi1,adi1
1555,adipor1a,adipor1a
1556,adipor1b,adipor1b
1557,adipor2,adipor2
1558,adka,adka
1559,adma,adma
1560,admb,admb
1561,adnp2a,adnp2a
1562,adnp2b,adnp2b
1563,adnpa,adnpa
1564,adnpb,adnpb
1565,adoa,adoa
1566,adob,adob
1567,adora2aa,adora2aa
1568,adpgk,adpgk
1569,adpgk2,adpgk2
1570,adprh,adprh
1571,adprhl1,adprhl1
1572,adprhl2,adprhl2
1573,adprm,adprm
1574,adra1d,adra1d
1575,adra2da,adra2da
1576,adrb2a,adrb2a
1577,adrb2b,adrb2b
1578,adrb3a,adrb3a
1579,adrm1,adrm1
1580,adsl,adsl
1581,adssl,adssl
1582,adssl1,adssl1
1583,aebp1,aebp1
1584,aebp2,aebp2
1585,aep1,aep1
1586,aes,aes
1587,afap1,afap1
1588,afap1l1a,afap1l1a
1589,afap1l1b,afap1l1b
1590,afap1l2,afap1l2
1591,afdna,afdna
1592,aff2,aff2
1593,aff3,aff3
1594,aff4,aff4
1595,afg1la,afg1la
1596,afg1lb,afg1lb
1597,afg3l2,afg3l2
1598,afmid,afmid
1599,afp4,afp4
1600,aga,aga
1601,agap1,agap1
1602,agap2,agap2
1603,agbl2,agbl2
1604,agbl5,agbl5
1605,agfg1a,agfg1a
1606,agfg1b,agfg1b
1607,aggf1,aggf1
1608,agk,agk
1609,agla,agla
1610,agmat,agmat
1611,agmo,agmo
1612,ago1,ago1
1613,ago3a,ago3a
1614,ago3b,ago3b
1615,ago4,ago4
1616,agpat2,agpat2
1617,agpat3,agpat3
1618,agpat4,agpat4
1619,agpat5,agpat5
1620,agpat9l,agpat9l
1621,agps,agps
1622,agr1,agr1
1623,agr2,agr2
1624,agrn,agrn
1625,agrp,agrp
1626,agtr2,agtr2
1627,agtrap,agtrap
1628,agxt2,agxt2
1629,agxta,agxta
1630,ahctf1,ahctf1
1631,ahcy,ahcy
1632,ahcyl1,ahcyl1
1633,ahcyl2,ahcyl2
1634,ahdc1,ahdc1
1635,ahi1,ahi1
1636,ahnak,ahnak
1637,ahr2,ahr2
1638,ahsa1a,ahsa1a
1639,ahsa1b,ahsa1b
1640,aida,aida
1641,aif1l,aif1l
1642,aifm1,aifm1
1643,aifm2,aifm2
1644,aifm4,aifm4
1645,aim1a,aim1a
1646,aim1b,aim1b
1647,aimp1,aimp1
1648,aimp2,aimp2
1649,aip,aip
1650,ajuba,ajuba
1651,ak1,ak1
1652,ak2,ak2
1653,ak3,ak3
1654,ak4,ak4
1655,ak5,ak5
1656,ak5l,ak5l
1657,ak7a,ak7a
1658,ak7b,ak7b
1659,ak8,ak8
1660,ak9,ak9
1661,akap10,akap10
1662,akap11,akap11
1663,akap12b,akap12b
1664,akap17a,akap17a
1665,akap1b,akap1b
1666,akap6,akap6
1667,akap8l,akap8l
1668,akap9,akap9
1669,akip1,akip1
1670,akirin1,akirin1
1671,akirin2,akirin2
1672,akna,akna
1673,akr1a1b,akr1a1b
1674,akr1b1,akr1b1
1675,akr7a3,akr7a3
1676,akt1s1,akt1s1
1677,akt2,akt2
1678,akt2l,akt2l
1679,akt3a,akt3a
1680,akt3b,akt3b
1681,aktip,aktip
1682,alad,alad
1683,alas1,alas1
1684,alas2,alas2
1685,alcama,alcama
1686,alcamb,alcamb
1687,aldh16a1,aldh16a1
1688,aldh18a1,aldh18a1
1689,aldh1a2,aldh1a2
1690,aldh1a3,aldh1a3
1691,aldh1l1,aldh1l1
1692,aldh1l2,aldh1l2
1693,aldh2.1,aldh2.1
1694,aldh2.2,aldh2.2
1695,aldh3a1,aldh3a1
1696,aldh3a2a,aldh3a2a
1697,aldh3a2b,aldh3a2b
1698,aldh3b1,aldh3b1
1699,aldh4a1,aldh4a1
1700,aldh6a1,aldh6a1
1701,aldh7a1,aldh7a1
1702,aldh8a1,aldh8a1
1703,aldh9a1a.1,aldh9a1a.1
1704,aldh9a1a.2,aldh9a1a.2
1705,aldh9a1b,aldh9a1b
1706,aldoaa,aldoaa
1707,aldoab,aldoab
1708,aldob,aldob
1709,aldocb,aldocb
1710,alg1,alg1
1711,alg10,alg10
1712,alg11,alg11
1713,alg12,alg12
1714,alg13,alg13
1715,alg14,alg14
1716,alg2,alg2
1717,alg3,alg3
1718,alg6,alg6
1719,alg8,alg8
1720,alg9,alg9
1721,alkal2b,alkal2b
1722,alkbh1,alkbh1
1723,alkbh2,alkbh2
1724,alkbh3,alkbh3
1725,alkbh4,alkbh4
1726,alkbh5,alkbh5
1727,alkbh6,alkbh6
1728,alkbh7,alkbh7
1729,alkbh8,alkbh8
1730,allc,allc
1731,alms1,alms1
1732,alox12,alox12
1733,alox5a,alox5a
1734,alox5ap,alox5ap
1735,alox5b.3,alox5b.3
1736,alpi.1,alpi.1
1737,alpk2,alpk2
1738,alpk3a,alpk3a
1739,alpk3b,alpk3b
1740,alpl,alpl
1741,als2a,als2a
1742,als2b,als2b
1743,alx1,alx1
1744,alx4a,alx4a
1745,alx4b,alx4b
1746,alyref,alyref
1747,amacr,amacr
1748,ambp,ambp
1749,ambra1a,ambra1a
1750,ambra1b,ambra1b
1751,amd1,amd1
1752,amdhd2,amdhd2
1753,amer1,amer1
1754,amer2,amer2
1755,amfra,amfra
1756,amh,amh
1757,ammecr1,ammecr1
1758,amn1,amn1
1759,amot,amot
1760,amotl2a,amotl2a
1761,amotl2b,amotl2b
1762,ampd2b,ampd2b
1763,ampd3b,ampd3b
1764,amph,amph
1765,amt,amt
1766,anapc1,anapc1
1767,anapc10,anapc10
1768,anapc11,anapc11
1769,anapc13,anapc13
1770,anapc15,anapc15
1771,anapc16,anapc16
1772,anapc2,anapc2
1773,anapc4,anapc4
1774,anapc5,anapc5
1775,anapc7,anapc7
1776,and1,and1
1777,and2,and2
1778,and3,and3
1779,angel1,angel1
1780,angel2,angel2
1781,angpt1,angpt1
1782,angptl1a,angptl1a
1783,angptl1b,angptl1b
1784,angptl2a,angptl2a
1785,angptl2b,angptl2b
1786,angptl3,angptl3
1787,angptl4,angptl4
1788,angptl5,angptl5
1789,angptl6,angptl6
1790,angptl7,angptl7
1791,ank1a,ank1a
1792,ank1b,ank1b
1793,ank2a,ank2a
1794,ank2b,ank2b
1795,ankdd1a,ankdd1a
1796,ankef1a,ankef1a
1797,ankfy1,ankfy1
1798,ankha,ankha
1799,ankhb,ankhb
1800,ankhd1,ankhd1
1801,ankib1a,ankib1a
1802,ankib1b,ankib1b
1803,ankk1,ankk1
1804,ankle2,ankle2
1805,ankmy1,ankmy1
1806,ankmy2a,ankmy2a
1807,ankra2,ankra2
1808,ankrd10a,ankrd10a
1809,ankrd10b,ankrd10b
1810,ankrd11,ankrd11
1811,ankrd12,ankrd12
1812,ankrd13a,ankrd13a
1813,ankrd13b,ankrd13b
1814,ankrd13c,ankrd13c
1815,ankrd13d,ankrd13d
1816,ankrd16,ankrd16
1817,ankrd1a,ankrd1a
1818,ankrd22,ankrd22
1819,ankrd24,ankrd24
1820,ankrd28b,ankrd28b
1821,ankrd29,ankrd29
1822,ankrd39,ankrd39
1823,ankrd40,ankrd40
1824,ankrd45,ankrd45
1825,ankrd46a,ankrd46a
1826,ankrd46b,ankrd46b
1827,ankrd49,ankrd49
1828,ankrd54,ankrd54
1829,ankrd6b,ankrd6b
1830,anks1b,anks1b
1831,anks3,anks3
1832,ankzf1,ankzf1
1833,anln,anln
1834,ano10a,ano10a
1835,ano10b,ano10b
1836,ano11,ano11
1837,ano2,ano2
1838,ano5b,ano5b
1839,ano8b,ano8b
1840,ano9a,ano9a
1841,ano9b,ano9b
1842,anos1a,anos1a
1843,anos1b,anos1b
1844,anp32a,anp32a
1845,anp32b,anp32b
1846,anp32e,anp32e
1847,antxr1c,antxr1c
1848,antxr1d,antxr1d
1849,antxr2a,antxr2a
1850,anxa11a,anxa11a
1851,anxa11b,anxa11b
1852,anxa13,anxa13
1853,anxa13l,anxa13l
1854,anxa1a,anxa1a
1855,anxa1b,anxa1b
1856,anxa1c,anxa1c
1857,anxa2a,anxa2a
1858,anxa3a,anxa3a
1859,anxa3b,anxa3b
1860,anxa4,anxa4
1861,anxa5b,anxa5b
1862,anxa6,anxa6
1863,aoc2,aoc2
1864,aox5,aox5
1865,ap1ar,ap1ar
1866,ap1b1,ap1b1
1867,ap1g1,ap1g1
1868,ap1g2,ap1g2
1869,ap1m1,ap1m1
1870,ap1m2,ap1m2
1871,ap1s1,ap1s1
1872,ap1s2,ap1s2
1873,ap1s3b,ap1s3b
1874,ap2a1,ap2a1
1875,ap2b1,ap2b1
1876,ap2m1b,ap2m1b
1877,ap2s1,ap2s1
1878,ap3d1,ap3d1
1879,ap3m1,ap3m1
1880,ap3m2,ap3m2
1881,ap3s2,ap3s2
1882,ap4b1,ap4b1
1883,ap4e1,ap4e1
1884,ap4m1,ap4m1
1885,ap4s1,ap4s1
1886,ap5b1,ap5b1
1887,ap5m1,ap5m1
1888,ap5s1,ap5s1
1889,ap5z1,ap5z1
1890,apaf1,apaf1
1891,apba1a,apba1a
1892,apba1b,apba1b
1893,apba2a,apba2a
1894,apba2b,apba2b
1895,apbb1,apbb1
1896,apbb1ip,apbb1ip
1897,apbb2b,apbb2b
1898,apc,apc
1899,apcdd1l,apcdd1l
1900,apeh,apeh
1901,apela,apela
1902,apex1,apex1
1903,apex2,apex2
1904,aph1b,aph1b
1905,api5,api5
1906,apip,apip
1907,apln,apln
1908,aplnr2,aplnr2
1909,aplnra,aplnra
1910,aplnrb,aplnrb
1911,aplp1,aplp1
1912,aplp2,aplp2
1913,apmap,apmap
1914,apoa1a,apoa1a
1915,apoa1b,apoa1b
1916,apoa2,apoa2
1917,apoa4a,apoa4a
1918,apoa4b.1,apoa4b.1
1919,apobb.1,apobb.1
1920,apobec2a,apobec2a
1921,apoc1,apoc1
1922,apoc2,apoc2
1923,apoda.1,apoda.1
1924,apodb,apodb
1925,apoeb,apoeb
1926,apof,apof
1927,apol1,apol1
1928,apooa,apooa
1929,apoob,apoob
1930,apool,apool
1931,apopt1,apopt1
1932,appa,appa
1933,appb,appb
1934,appbp2,appbp2
1935,appl1,appl1
1936,appl2,appl2
1937,aprt,aprt
1938,aptx,aptx
1939,aqp11,aqp11
1940,aqp12,aqp12
1941,aqp1a.1,aqp1a.1
1942,aqp3a,aqp3a
1943,aqp7,aqp7
1944,aqp8a.1,aqp8a.1
1945,aqp8b,aqp8b
1946,aqr,aqr
1947,ar,ar
1948,araf,araf
1949,arap3,arap3
1950,arcn1a,arcn1a
1951,arcn1b,arcn1b
1952,areg,areg
1953,arf1,arf1
1954,arf2a,arf2a
1955,arf4a,arf4a
1956,arf4b,arf4b
1957,arf5,arf5
1958,arf6a,arf6a
1959,arf6b,arf6b
1960,arfgap2,arfgap2
1961,arfgap3,arfgap3
1962,arfgef1,arfgef1
1963,arfgef2,arfgef2
1964,arfip1,arfip1
1965,arfip2a,arfip2a
1966,arfrp1,arfrp1
1967,arg2,arg2
1968,arglu1a,arglu1a
1969,arglu1b,arglu1b
1970,arhgap1,arhgap1
1971,arhgap10,arhgap10
1972,arhgap11a,arhgap11a
1973,arhgap12a,arhgap12a
1974,arhgap12b,arhgap12b
1975,arhgap15,arhgap15
1976,arhgap17a,arhgap17a
1977,arhgap17b,arhgap17b
1978,arhgap19,arhgap19
1979,arhgap21a,arhgap21a
1980,arhgap21b,arhgap21b
1981,arhgap22,arhgap22
1982,arhgap23a,arhgap23a
1983,arhgap24,arhgap24
1984,arhgap25,arhgap25
1985,arhgap27,arhgap27
1986,arhgap27l,arhgap27l
1987,arhgap29a,arhgap29a
1988,arhgap29b,arhgap29b
1989,arhgap32a,arhgap32a
1990,arhgap32b,arhgap32b
1991,arhgap33,arhgap33
1992,arhgap35a,arhgap35a
1993,arhgap35b,arhgap35b
1994,arhgap36,arhgap36
1995,arhgap39,arhgap39
1996,arhgap42a,arhgap42a
1997,arhgap4a,arhgap4a
1998,arhgap4b,arhgap4b
1999,arhgap5,arhgap5
2000,arhgdia,arhgdia
2001,arhgdig,arhgdig
2002,arhgef10la,arhgef10la
2003,arhgef10lb,arhgef10lb
2004,arhgef11,arhgef11
2005,arhgef12a,arhgef12a
2006,arhgef12b,arhgef12b
2007,arhgef16,arhgef16
2008,arhgef18a,arhgef18a
2009,arhgef18b,arhgef18b
2010,arhgef19,arhgef19
2011,arhgef1a,arhgef1a
2012,arhgef1b,arhgef1b
2013,arhgef2,arhgef2
2014,arhgef25b,arhgef25b
2015,arhgef28,arhgef28
2016,arhgef33,arhgef33
2017,arhgef37,arhgef37
2018,arhgef38,arhgef38
2019,arhgef39,arhgef39
2020,arhgef3l,arhgef3l
2021,arhgef4,arhgef4
2022,arhgef40,arhgef40
2023,arhgef6,arhgef6
2024,arhgef7a,arhgef7a
2025,arhgef7b,arhgef7b
2026,arhgef9b,arhgef9b
2027,arid1aa,arid1aa
2028,arid1ab,arid1ab
2029,arid1b,arid1b
2030,arid2,arid2
2031,arid3a,arid3a
2032,arid3b,arid3b
2033,arid3c,arid3c
2034,arid4a,arid4a
2035,arid5a,arid5a
2036,arid5b,arid5b
2037,arih1,arih1
2038,arih1l,arih1l
2039,arih2,arih2
2040,arl1,arl1
2041,arl11,arl11
2042,arl13a,arl13a
2043,arl13b,arl13b
2044,arl14ep,arl14ep
2045,arl15a,arl15a
2046,arl16,arl16
2047,arl2,arl2
2048,arl2bp,arl2bp
2049,arl3,arl3
2050,arl3l1,arl3l1
2051,arl3l2,arl3l2
2052,arl4aa,arl4aa
2053,arl4ab,arl4ab
2054,arl4ca,arl4ca
2055,arl4cb,arl4cb
2056,arl4d,arl4d
2057,arl5a,arl5a
2058,arl5c,arl5c
2059,arl6,arl6
2060,arl6ip1,arl6ip1
2061,arl6ip4,arl6ip4
2062,arl6ip5a,arl6ip5a
2063,arl6ip5b,arl6ip5b
2064,arl6ip6,arl6ip6
2065,arl8,arl8
2066,arl8a,arl8a
2067,arl8ba,arl8ba
2068,arl8bb,arl8bb
2069,arl9,arl9
2070,armc1,armc1
2071,armc10,armc10
2072,armc1l,armc1l
2073,armc2,armc2
2074,armc3,armc3
2075,armc4,armc4
2076,armc5,armc5
2077,armc7,armc7
2078,armc8,armc8
2079,armc9,armc9
2080,armt1,armt1
2081,arnt2,arnt2
2082,arntl1a,arntl1a
2083,arntl1b,arntl1b
2084,arntl2,arntl2
2085,arpc1a,arpc1a
2086,arpc1b,arpc1b
2087,arpc2,arpc2
2088,arpc3,arpc3
2089,arpc4,arpc4
2090,arpc4l,arpc4l
2091,arpc5a,arpc5a
2092,arpc5b,arpc5b
2093,arpc5la,arpc5la
2094,arpc5lb,arpc5lb
2095,arpin,arpin
2096,arpp19a,arpp19a
2097,arpp19b,arpp19b
2098,arpp21,arpp21
2099,arrb2a,arrb2a
2100,arrb2b,arrb2b
2101,arrdc1a,arrdc1a
2102,arrdc2,arrdc2
2103,arrdc3a,arrdc3a
2104,arrdc3b,arrdc3b
2105,arsg,arsg
2106,arsia,arsia
2107,arsj,arsj
2108,arsk,arsk
2109,artnb,artnb
2110,arv1,arv1
2111,arvcfb,arvcfb
2112,arxa,arxa
2113,arxb,arxb
2114,as3mt,as3mt
2115,asah1a,asah1a
2116,asah1b,asah1b
2117,asap1a,asap1a
2118,asap1b,asap1b
2119,asap2a,asap2a
2120,asap2b,asap2b
2121,asap3,asap3
2122,asb11,asb11
2123,asb12a,asb12a
2124,asb12b,asb12b
2125,asb13b,asb13b
2126,asb16,asb16
2127,asb2b,asb2b
2128,asb3,asb3
2129,asb4,asb4
2130,asb5b,asb5b
2131,asb6,asb6
2132,asb7,asb7
2133,asb8,asb8
2134,ascc1,ascc1
2135,ascc2,ascc2
2136,ascc3,ascc3
2137,ascl1a,ascl1a
2138,asf1ba,asf1ba
2139,asf1bb,asf1bb
2140,ash1l,ash1l
2141,ash2l,ash2l
2142,asic1c,asic1c
2143,asic2,asic2
2144,asic4b,asic4b
2145,asip2b,asip2b
2146,asl,asl
2147,asmt,asmt
2148,asmt2,asmt2
2149,asmtl,asmtl
2150,asna1,asna1
2151,asns,asns
2152,asnsd1,asnsd1
2153,aspg,aspg
2154,asph,asph
2155,asphd2,asphd2
2156,aspm,aspm
2157,aspn,aspn
2158,aspscr1,aspscr1
2159,asrgl1,asrgl1
2160,astn1,astn1
2161,asxl1,asxl1
2162,atad1a,atad1a
2163,atad1b,atad1b
2164,atad2,atad2
2165,atad2b,atad2b
2166,atad5a,atad5a
2167,atad5b,atad5b
2168,atat1,atat1
2169,atcaya,atcaya
2170,atf1,atf1
2171,atf3,atf3
2172,atf4a,atf4a
2173,atf4b,atf4b
2174,atf5b,atf5b
2175,atf6,atf6
2176,atf7a,atf7a
2177,atf7b,atf7b
2178,atf7ip,atf7ip
2179,atf7ip2,atf7ip2
2180,atg10,atg10
2181,atg101,atg101
2182,atg12,atg12
2183,atg13,atg13
2184,atg16l1,atg16l1
2185,atg3,atg3
2186,atg4a,atg4a
2187,atg4b,atg4b
2188,atg4c,atg4c
2189,atg4da,atg4da
2190,atg5,atg5
2191,atg7,atg7
2192,atg9a,atg9a
2193,atg9b,atg9b
2194,atic,atic
2195,atl2,atl2
2196,atl3,atl3
2197,atm,atm
2198,atn1,atn1
2199,atoh1a,atoh1a
2200,atoh1b,atoh1b
2201,atoh8,atoh8
2202,atox1,atox1
2203,atp10a,atp10a
2204,atp10b,atp10b
2205,atp10d,atp10d
2206,atp11a,atp11a
2207,atp11c,atp11c
2208,atp13a1,atp13a1
2209,atp13a2,atp13a2
2210,atp13a3,atp13a3
2211,atp1a1a.1,atp1a1a.1
2212,atp1a1a.2,atp1a1a.2
2213,atp1a1a.3,atp1a1a.3
2214,atp1a1a.4,atp1a1a.4
2215,atp1a1b,atp1a1b
2216,atp1a2a,atp1a2a
2217,atp1a3a,atp1a3a
2218,atp1a3b,atp1a3b
2219,atp1b1a,atp1b1a
2220,atp1b1b,atp1b1b
2221,atp1b2a,atp1b2a
2222,atp1b3a,atp1b3a
2223,atp1b3b,atp1b3b
2224,atp1b4,atp1b4
2225,atp23,atp23
2226,atp2a1,atp2a1
2227,atp2a2a,atp2a2a
2228,atp2a3,atp2a3
2229,atp2b1a,atp2b1a
2230,atp2b1b,atp2b1b
2231,atp2b2,atp2b2
2232,atp2b3a,atp2b3a
2233,atp2b3b,atp2b3b
2234,atp2c1,atp2c1
2235,atp5f1b,atp5f1b
2236,atp5f1c,atp5f1c
2237,atp5f1d,atp5f1d
2238,atp5f1e,atp5f1e
2239,atp5fa1,atp5fa1
2240,atp5if1a,atp5if1a
2241,atp5if1b,atp5if1b
2242,atp5l,atp5l
2243,atp5mc1,atp5mc1
2244,atp5mc3a,atp5mc3a
2245,atp5mc3b,atp5mc3b
2246,atp5mea,atp5mea
2247,atp5meb,atp5meb
2248,atp5mf,atp5mf
2249,atp5pb,atp5pb
2250,atp5pd,atp5pd
2251,atp5pf,atp5pf
2252,atp5po,atp5po
2253,atp5s,atp5s
2254,atp6ap1a,atp6ap1a
2255,atp6ap1b,atp6ap1b
2256,atp6ap2,atp6ap2
2257,atp6v0a1a,atp6v0a1a
2258,atp6v0a1b,atp6v0a1b
2259,atp6v0a2a,atp6v0a2a
2260,atp6v0a2b,atp6v0a2b
2261,atp6v0b,atp6v0b
2262,atp6v0ca,atp6v0ca
2263,atp6v0cb,atp6v0cb
2264,atp6v0d1,atp6v0d1
2265,atp6v1aa,atp6v1aa
2266,atp6v1ab,atp6v1ab
2267,atp6v1b2,atp6v1b2
2268,atp6v1ba,atp6v1ba
2269,atp6v1c1a,atp6v1c1a
2270,atp6v1c1b,atp6v1c1b
2271,atp6v1d,atp6v1d
2272,atp6v1e1a,atp6v1e1a
2273,atp6v1e1b,atp6v1e1b
2274,atp6v1f,atp6v1f
2275,atp6v1g1,atp6v1g1
2276,atp6v1h,atp6v1h
2277,atp7a,atp7a
2278,atp8a1,atp8a1
2279,atp8a2,atp8a2
2280,atp8b1,atp8b1
2281,atp9b,atp9b
2282,atpaf1,atpaf1
2283,atpaf2,atpaf2
2284,atpv0e2,atpv0e2
2285,atr,atr
2286,atraid,atraid
2287,atrip,atrip
2288,atrn,atrn
2289,atrnl1b,atrnl1b
2290,atrx,atrx
2291,atrxl,atrxl
2292,atxn10,atxn10
2293,atxn1b,atxn1b
2294,atxn2,atxn2
2295,atxn2l,atxn2l
2296,atxn3,atxn3
2297,atxn7,atxn7
2298,atxn7l1,atxn7l1
2299,atxn7l2a,atxn7l2a
2300,atxn7l2b,atxn7l2b
2301,auh,auh
2302,aup1,aup1
2303,aurka,aurka
2304,aurkaip1,aurkaip1
2305,aurkb,aurkb
2306,auts2a,auts2a
2307,auts2b,auts2b
2308,aven,aven
2309,avil,avil
2310,avl9,avl9
2311,axdnd1,axdnd1
2312,axin1,axin1
2313,axin2,axin2
2314,azin1a,azin1a
2315,azin1b,azin1b
2316,b2m,b2m
2317,b2ml,b2ml
2318,b3galnt2,b3galnt2
2319,b3galt2,b3galt2
2320,b3galt6,b3galt6
2321,b3gat2,b3gat2
2322,b3gat3,b3gat3
2323,b3glcta,b3glcta
2324,b3gnt2b,b3gnt2b
2325,b3gnt2l,b3gnt2l
2326,b3gnt3,b3gnt3
2327,b3gnt5a,b3gnt5a
2328,b3gnt5b,b3gnt5b
2329,b3gnt7,b3gnt7
2330,b3gnt7l,b3gnt7l
2331,b3gntl1,b3gntl1
2332,b4galnt3b,b4galnt3b
2333,b4galnt4a,b4galnt4a
2334,b4galt1l,b4galt1l
2335,b4galt4,b4galt4
2336,b4galt6,b4galt6
2337,b4galt7,b4galt7
2338,b4gat1,b4gat1
2339,b9d1,b9d1
2340,b9d2,b9d2
2341,babam1,babam1
2342,babam2,babam2
2343,bach1b,bach1b
2344,bach2a,bach2a
2345,bach2b,bach2b
2346,badb,badb
2347,bag1,bag1
2348,bag2,bag2
2349,bag3,bag3
2350,bag4,bag4
2351,bag5,bag5
2352,bag6,bag6
2353,bag6l,bag6l
2354,bahcc1a,bahcc1a
2355,bahcc1b,bahcc1b
2356,bahd1,bahd1
2357,baiap2a,baiap2a
2358,baiap2b,baiap2b
2359,baiap2l1a,baiap2l1a
2360,baiap2l1b,baiap2l1b
2361,baiap2l2a,baiap2l2a
2362,bambia,bambia
2363,bambib,bambib
2364,banf1,banf1
2365,banp,banp
2366,bap1,bap1
2367,bard1,bard1
2368,barhl1a,barhl1a
2369,barhl2,barhl2
2370,barx1,barx1
2371,basp1,basp1
2372,batf3,batf3
2373,baxa,baxa
2374,baxb,baxb
2375,baz1a,baz1a
2376,baz1b,baz1b
2377,baz2a,baz2a
2378,baz2ba,baz2ba
2379,bbc3,bbc3
2380,bbip1,bbip1
2381,bbox1,bbox1
2382,bbs1,bbs1
2383,bbs10,bbs10
2384,bbs12,bbs12
2385,bbs2,bbs2
2386,bbs4,bbs4
2387,bbs5,bbs5
2388,bbs7,bbs7
2389,bbs9,bbs9
2390,bbx,bbx
2391,bcam,bcam
2392,bcap29,bcap29
2393,bcap31,bcap31
2394,bcar1,bcar1
2395,bcar3,bcar3
2396,bcas2,bcas2
2397,bcas3,bcas3
2398,bcat1,bcat1
2399,bcat2,bcat2
2400,bccip,bccip
2401,bcdin3d,bcdin3d
2402,bckdha,bckdha
2403,bckdhb,bckdhb
2404,bckdhbl,bckdhbl
2405,bckdk,bckdk
2406,bcl10,bcl10
2407,bcl11aa,bcl11aa
2408,bcl11ab,bcl11ab
2409,bcl11ba,bcl11ba
2410,bcl2a,bcl2a
2411,bcl2l1,bcl2l1
2412,bcl2l10,bcl2l10
2413,bcl2l13,bcl2l13
2414,bcl2l16,bcl2l16
2415,bcl3,bcl3
2416,bcl6a,bcl6a
2417,bcl6ab,bcl6ab
2418,bcl6b,bcl6b
2419,bcl7a,bcl7a
2420,bcl7ba,bcl7ba
2421,bcl7bb,bcl7bb
2422,bcl9,bcl9
2423,bcl9l,bcl9l
2424,bco1,bco1
2425,bcor,bcor
2426,bcorl1,bcorl1
2427,bcr,bcr
2428,bcs1l,bcs1l
2429,bdh1,bdh1
2430,bdnf,bdnf
2431,becn1,becn1
2432,bend3,bend3
2433,bend5,bend5
2434,bet1,bet1
2435,bet1l,bet1l
2436,bfsp2,bfsp2
2437,bglapl,bglapl
2438,bgnb,bgnb
2439,bhlha9,bhlha9
2440,bhlhe22,bhlhe22
2441,bhlhe40,bhlhe40
2442,bhlhe41,bhlhe41
2443,bhmt,bhmt
2444,bicc1a,bicc1a
2445,bicc2,bicc2
2446,bicd2,bicd2
2447,bicdl2,bicdl2
2448,bicra,bicra
2449,bicral,bicral
2450,bida,bida
2451,bik,bik
2452,bin1b,bin1b
2453,bin2a,bin2a
2454,bin2b,bin2b
2455,birc2,birc2
2456,birc5a,birc5a
2457,birc6,birc6
2458,birc7,birc7
2459,blcap,blcap
2460,blf,blf
2461,blm,blm
2462,blmh,blmh
2463,blnk,blnk
2464,bloc1s1,bloc1s1
2465,bloc1s2,bloc1s2
2466,bloc1s3,bloc1s3
2467,bloc1s4,bloc1s4
2468,bloc1s5,bloc1s5
2469,bloc1s6,bloc1s6
2470,blvra,blvra
2471,blvrb,blvrb
2472,blzf1,blzf1
2473,bmb,bmb
2474,bmf2,bmf2
2475,bmi1a,bmi1a
2476,bmi1b,bmi1b
2477,bmp15,bmp15
2478,bmp16,bmp16
2479,bmp1a,bmp1a
2480,bmp1b,bmp1b
2481,bmp2a,bmp2a
2482,bmp2b,bmp2b
2483,bmp2k,bmp2k
2484,bmp4,bmp4
2485,bmp5,bmp5
2486,bmp6,bmp6
2487,bmp7a,bmp7a
2488,bmp7b,bmp7b
2489,bmpr1aa,bmpr1aa
2490,bmpr1ab,bmpr1ab
2491,bmpr1ba,bmpr1ba
2492,bmpr1bb,bmpr1bb
2493,bmpr2a,bmpr2a
2494,bmpr2b,bmpr2b
2495,bms1,bms1
2496,bnc2,bnc2
2497,bnip1b,bnip1b
2498,bnip2,bnip2
2499,bnip3la,bnip3la
2500,bnip3lb,bnip3lb
2501,bnip4,bnip4
2502,bnipl,bnipl
2503,boc,boc
2504,bod1,bod1
2505,bod1l1,bod1l1
2506,boka,boka
2507,bokb,bokb
2508,bola1,bola1
2509,bola3,bola3
2510,bop1,bop1
2511,bora,bora
2512,borcs5,borcs5
2513,borcs7,borcs7
2514,borcs8,borcs8
2515,bpgm,bpgm
2516,bphl,bphl
2517,bpifcl,bpifcl
2518,bpnt1,bpnt1
2519,bptf,bptf
2520,braf,braf
2521,brap,brap
2522,brat1,brat1
2523,brca2,brca2
2524,brd1a,brd1a
2525,brd1b,brd1b
2526,brd2a,brd2a
2527,brd2b,brd2b
2528,brd3a,brd3a
2529,brd3b,brd3b
2530,brd4,brd4
2531,brd7,brd7
2532,brd8,brd8
2533,brd9,brd9
2534,brdt,brdt
2535,brf1a,brf1a
2536,brf1b,brf1b
2537,brf2,brf2
2538,bri3,bri3
2539,bri3bp,bri3bp
2540,bricd5,bricd5
2541,brinp3a.1,brinp3a.1
2542,brinp3a.2,brinp3a.2
2543,brinp3b,brinp3b
2544,brip1,brip1
2545,brk1,brk1
2546,brms1,brms1
2547,brms1la,brms1la
2548,brms1lb,brms1lb
2549,brox,brox
2550,brpf1,brpf1
2551,brpf3a,brpf3a
2552,brpf3b,brpf3b
2553,brsk2b,brsk2b
2554,brwd1,brwd1
2555,brwd3,brwd3
2556,bscl2l,bscl2l
2557,bsdc1,bsdc1
2558,bsg,bsg
2559,bsnb,bsnb
2560,bsnd,bsnd
2561,btaf1,btaf1
2562,btbd10a,btbd10a
2563,btbd10b,btbd10b
2564,btbd11a,btbd11a
2565,btbd17b,btbd17b
2566,btbd2a,btbd2a
2567,btbd6a,btbd6a
2568,btbd6b,btbd6b
2569,btbd9,btbd9
2570,btc,btc
2571,btd,btd
2572,btf3,btf3
2573,btf3l4,btf3l4
2574,btg1,btg1
2575,btg2,btg2
2576,btg3,btg3
2577,btk,btk
2578,btr02,btr02
2579,btr04,btr04
2580,btr12,btr12
2581,btr18,btr18
2582,btr20,btr20
2583,btr23,btr23
2584,btr25,btr25
2585,btr26,btr26
2586,btr29,btr29
2587,btr31,btr31
2588,bub1,bub1
2589,bub1ba,bub1ba
2590,bub1bb,bub1bb
2591,bub3,bub3
2592,bud23,bud23
2593,bud31,bud31
2594,bves,bves
2595,bxdc2,bxdc2
2596,bysl,bysl
2597,bzw1a,bzw1a
2598,bzw1b,bzw1b
2599,bzw2,bzw2
2600,c10h21orf59,c10h21orf59
2601,c18h3orf33,c18h3orf33
2602,c19h1orf109,c19h1orf109
2603,c1d,c1d
2604,c1galt1a,c1galt1a
2605,c1galt1b,c1galt1b
2606,c1galt1c1,c1galt1c1
2607,c1qb,c1qb
2608,c1qbp,c1qbp
2609,c1ql3a,c1ql3a
2610,c1qtnf12,c1qtnf12
2611,c1qtnf5,c1qtnf5
2612,c1qtnf9,c1qtnf9
2613,c1s,c1s
2614,c23h20orf24,c23h20orf24
2615,c2cd2,c2cd2
2616,c2cd2l,c2cd2l
2617,c2cd3,c2cd3
2618,c2cd5,c2cd5
2619,c3a.1,c3a.1
2620,c4,c4
2621,c5,c5
2622,c6,c6
2623,c7b,c7b
2624,ca10a,ca10a
2625,ca10b,ca10b
2626,ca16b,ca16b
2627,ca2,ca2
2628,ca6,ca6
2629,ca8,ca8
2630,caap1,caap1
2631,cab39,cab39
2632,cab39l,cab39l
2633,cab39l1,cab39l1
2634,cabcoco1,cabcoco1
2635,cabin1,cabin1
2636,cables2a,cables2a
2637,cabp2b,cabp2b
2638,cabp5b,cabp5b
2639,cachd1,cachd1
2640,cacna1ab,cacna1ab
2641,cacna1ba,cacna1ba
2642,cacna1c,cacna1c
2643,cacna1ea,cacna1ea
2644,cacna1ha,cacna1ha
2645,cacna1sb,cacna1sb
2646,cacna2d3,cacna2d3
2647,cacnb1,cacnb1
2648,cacnb2a,cacnb2a
2649,cacnb4b,cacnb4b
2650,cacng1a,cacng1a
2651,cacng2a,cacng2a
2652,cacng3b,cacng3b
2653,cacng4a,cacng4a
2654,cacng6a,cacng6a
2655,cacng6b,cacng6b
2656,cacng8b,cacng8b
2657,cactin,cactin
2658,cacul1,cacul1
2659,cacybp,cacybp
2660,cad,cad
2661,cadm3,cadm3
2662,cadm4,cadm4
2663,cadps2,cadps2
2664,cadpsb,cadpsb
2665,cahz,cahz
2666,calb1,calb1
2667,calb2b,calb2b
2668,calcoco1a,calcoco1a
2669,calcrla,calcrla
2670,cald1b,cald1b
2671,calhm2,calhm2
2672,calhm5.1,calhm5.1
2673,calhm5.2,calhm5.2
2674,calhm6,calhm6
2675,calm1a,calm1a
2676,calm1b,calm1b
2677,calm2a,calm2a
2678,calm2b,calm2b
2679,calm3a,calm3a
2680,calml4a,calml4a
2681,calr,calr
2682,calr3a,calr3a
2683,calr3b,calr3b
2684,calua,calua
2685,calub,calub
2686,caly,caly
2687,camk1b,camk1b
2688,camk1da,camk1da
2689,camk1db,camk1db
2690,camk2b1,camk2b1
2691,camk2d1,camk2d1
2692,camk2d2,camk2d2
2693,camk2g1,camk2g1
2694,camk2g2,camk2g2
2695,camk2n1a,camk2n1a
2696,camk2n2,camk2n2
2697,camk4,camk4
2698,camkmt,camkmt
2699,camlg,camlg
2700,camsap1a,camsap1a
2701,camsap1b,camsap1b
2702,camsap2a,camsap2a
2703,camsap2b,camsap2b
2704,camta1a,camta1a
2705,camta1b,camta1b
2706,cand1,cand1
2707,cant1a,cant1a
2708,cant1b,cant1b
2709,canx,canx
2710,cap1,cap1
2711,cap2,cap2
2712,capgb,capgb
2713,capn10,capn10
2714,capn12,capn12
2715,capn1a,capn1a
2716,capn2a,capn2a
2717,capn2b,capn2b
2718,capn7,capn7
2719,capn8,capn8
2720,capn9,capn9
2721,capns1a,capns1a
2722,capns1b,capns1b
2723,caprin1a,caprin1a
2724,caprin1b,caprin1b
2725,capsla,capsla
2726,capslb,capslb
2727,capza1a,capza1a
2728,capza1b,capza1b
2729,capzb,capzb
2730,card11,card11
2731,card14,card14
2732,card19,card19
2733,card9,card9
2734,carf,carf
2735,carhsp1,carhsp1
2736,carm1,carm1
2737,carm1l,carm1l
2738,carmil2,carmil2
2739,carmil3,carmil3
2740,carnmt1,carnmt1
2741,cars,cars
2742,cars2,cars2
2743,cart3,cart3
2744,casc1,casc1
2745,casc3,casc3
2746,casc4,casc4
2747,caska,caska
2748,caskb,caskb
2749,caskin1,caskin1
2750,casp2,casp2
2751,casp3a,casp3a
2752,casp3b,casp3b
2753,casp6l2,casp6l2
2754,casp7,casp7
2755,casp8,casp8
2756,casp8ap2,casp8ap2
2757,casp8l1,casp8l1
2758,casp8l2,casp8l2
2759,casp9,casp9
2760,caspa,caspa
2761,caspb,caspb
2762,casq1a,casq1a
2763,casq1b,casq1b
2764,casq2,casq2
2765,cast,cast
2766,casz1,casz1
2767,cat,cat
2768,catip,catip
2769,cav1,cav1
2770,cav2,cav2
2771,cav3,cav3
2772,cavin1a,cavin1a
2773,cavin2a,cavin2a
2774,cavin2b,cavin2b
2775,cavin4a,cavin4a
2776,cavin4b,cavin4b
2777,cax1,cax1
2778,cbarpb,cbarpb
2779,cbfa2t2,cbfa2t2
2780,cbfa2t3,cbfa2t3
2781,cbfb,cbfb
2782,cbl,cbl
2783,cblb,cblb
2784,cblc,cblc
2785,cbll1,cbll1
2786,cbln1,cbln1
2787,cbln2b,cbln2b
2788,cbr1,cbr1
2789,cbr1l,cbr1l
2790,cbr4,cbr4
2791,cbsa,cbsa
2792,cbsb,cbsb
2793,cbwd,cbwd
2794,cbx1a,cbx1a
2795,cbx1b,cbx1b
2796,cbx2,cbx2
2797,cbx3a,cbx3a
2798,cbx3b,cbx3b
2799,cbx4,cbx4
2800,cbx5,cbx5
2801,cbx6a,cbx6a
2802,cbx6b,cbx6b
2803,cbx7a,cbx7a
2804,cbx8a,cbx8a
2805,cbx8b,cbx8b
2806,cby1,cby1
2807,cc2d1b,cc2d1b
2808,cc2d2a,cc2d2a
2809,ccar1,ccar1
2810,ccar2,ccar2
2811,ccbe1,ccbe1
2812,ccdc102a,ccdc102a
2813,ccdc103,ccdc103
2814,ccdc106a,ccdc106a
2815,ccdc106b,ccdc106b
2816,ccdc113,ccdc113
2817,ccdc114,ccdc114
2818,ccdc115,ccdc115
2819,ccdc12,ccdc12
2820,ccdc120,ccdc120
2821,ccdc124,ccdc124
2822,ccdc125,ccdc125
2823,ccdc126,ccdc126
2824,ccdc127b,ccdc127b
2825,ccdc129,ccdc129
2826,ccdc130,ccdc130
2827,ccdc135,ccdc135
2828,ccdc137,ccdc137
2829,ccdc14,ccdc14
2830,ccdc141,ccdc141
2831,ccdc142,ccdc142
2832,ccdc146,ccdc146
2833,ccdc149a,ccdc149a
2834,ccdc149b,ccdc149b
2835,ccdc15,ccdc15
2836,ccdc151,ccdc151
2837,ccdc153,ccdc153
2838,ccdc157,ccdc157
2839,ccdc160,ccdc160
2840,ccdc167,ccdc167
2841,ccdc169,ccdc169
2842,ccdc170,ccdc170
2843,ccdc171,ccdc171
2844,ccdc173,ccdc173
2845,ccdc174,ccdc174
2846,ccdc18,ccdc18
2847,ccdc180,ccdc180
2848,ccdc186,ccdc186
2849,ccdc187,ccdc187
2850,ccdc191,ccdc191
2851,ccdc22,ccdc22
2852,ccdc24,ccdc24
2853,ccdc25,ccdc25
2854,ccdc28b,ccdc28b
2855,ccdc30,ccdc30
2856,ccdc32,ccdc32
2857,ccdc3a,ccdc3a
2858,ccdc3b,ccdc3b
2859,ccdc40,ccdc40
2860,ccdc43,ccdc43
2861,ccdc47,ccdc47
2862,ccdc50,ccdc50
2863,ccdc51,ccdc51
2864,ccdc58,ccdc58
2865,ccdc59,ccdc59
2866,ccdc61,ccdc61
2867,ccdc6a,ccdc6a
2868,ccdc6b,ccdc6b
2869,ccdc77,ccdc77
2870,ccdc78,ccdc78
2871,ccdc80,ccdc80
2872,ccdc80l1,ccdc80l1
2873,ccdc80l2,ccdc80l2
2874,ccdc82,ccdc82
2875,ccdc83,ccdc83
2876,ccdc84,ccdc84
2877,ccdc85b,ccdc85b
2878,ccdc85ca,ccdc85ca
2879,ccdc85cb,ccdc85cb
2880,ccdc87,ccdc87
2881,ccdc88b,ccdc88b
2882,ccdc88c,ccdc88c
2883,ccdc9,ccdc9
2884,ccdc90b,ccdc90b
2885,ccdc92,ccdc92
2886,ccdc93,ccdc93
2887,ccdc94,ccdc94
2888,ccdc96,ccdc96
2889,ccdc97,ccdc97
2890,ccl19a.1,ccl19a.1
2891,ccl19b,ccl19b
2892,ccl20a.3,ccl20a.3
2893,ccl25b,ccl25b
2894,ccl34a.4,ccl34a.4
2895,ccl34b.1,ccl34b.1
2896,ccl34b.4,ccl34b.4
2897,ccl38.1,ccl38.1
2898,ccl38.6,ccl38.6
2899,ccl38a.5,ccl38a.5
2900,ccl39.3,ccl39.3
2901,ccl39.6,ccl39.6
2902,ccl39.7,ccl39.7
2903,ccm2,ccm2
2904,ccm2l,ccm2l
2905,ccna2,ccna2
2906,ccnb1,ccnb1
2907,ccnb2,ccnb2
2908,ccnb3,ccnb3
2909,ccnc,ccnc
2910,ccnd1,ccnd1
2911,ccnd2a,ccnd2a
2912,ccnd2b,ccnd2b
2913,ccndbp1,ccndbp1
2914,ccne1,ccne1
2915,ccne2,ccne2
2916,ccnf,ccnf
2917,ccng1,ccng1
2918,ccng2,ccng2
2919,ccnh,ccnh
2920,ccni,ccni
2921,ccnj,ccnj
2922,ccnjl,ccnjl
2923,ccnk,ccnk
2924,ccnl1a,ccnl1a
2925,ccnl1b,ccnl1b
2926,ccnq,ccnq
2927,ccnt1,ccnt1
2928,ccnt2a,ccnt2a
2929,ccnt2b,ccnt2b
2930,ccny,ccny
2931,ccnyl1,ccnyl1
2932,ccr12b.1,ccr12b.1
2933,ccr8.1,ccr8.1
2934,ccr9a,ccr9a
2935,ccs,ccs
2936,ccsapb,ccsapb
2937,ccser2a,ccser2a
2938,ccser2b,ccser2b
2939,cct2,cct2
2940,cct3,cct3
2941,cct4,cct4
2942,cct5,cct5
2943,cct6a,cct6a
2944,cct7,cct7
2945,cct8,cct8
2946,ccz1,ccz1
2947,cd151,cd151
2948,cd151l,cd151l
2949,cd164,cd164
2950,cd22,cd22
2951,cd248a,cd248a
2952,cd248b,cd248b
2953,cd276,cd276
2954,cd28,cd28
2955,cd28l,cd28l
2956,cd2ap,cd2ap
2957,cd2bp2,cd2bp2
2958,cd3eap,cd3eap
2959,cd44b,cd44b
2960,cd59,cd59
2961,cd63,cd63
2962,cd74b,cd74b
2963,cd7al,cd7al
2964,cd81a,cd81a
2965,cd81b,cd81b
2966,cd82a,cd82a
2967,cd82b,cd82b
2968,cd83,cd83
2969,cd99,cd99
2970,cd99l2,cd99l2
2971,cd9a,cd9a
2972,cd9b,cd9b
2973,cdaa,cdaa
2974,cdadc1,cdadc1
2975,cdan1,cdan1
2976,cdc123,cdc123
2977,cdc14aa,cdc14aa
2978,cdc14ab,cdc14ab
2979,cdc14b,cdc14b
2980,cdc16,cdc16
2981,cdc20,cdc20
2982,cdc23,cdc23
2983,cdc25b,cdc25b
2984,cdc25d,cdc25d
2985,cdc26,cdc26
2986,cdc27,cdc27
2987,cdc34a,cdc34a
2988,cdc34b,cdc34b
2989,cdc37l1,cdc37l1
2990,cdc40,cdc40
2991,cdc42,cdc42
2992,cdc42bpaa,cdc42bpaa
2993,cdc42bpab,cdc42bpab
2994,cdc42bpb,cdc42bpb
2995,cdc42ep2,cdc42ep2
2996,cdc42ep3,cdc42ep3
2997,cdc42ep4a,cdc42ep4a
2998,cdc42ep4b,cdc42ep4b
2999,cdc42ep5,cdc42ep5
3000,cdc42l,cdc42l
3001,cdc42l2,cdc42l2
3002,cdc42se1,cdc42se1
3003,cdc42se2,cdc42se2
3004,cdc45,cdc45
3005,cdc5l,cdc5l
3006,cdc6,cdc6
3007,cdc7,cdc7
3008,cdc73,cdc73
3009,cdca4,cdca4
3010,cdca5,cdca5
3011,cdca7a,cdca7a
3012,cdca7b,cdca7b
3013,cdca8,cdca8
3014,cdcp1a,cdcp1a
3015,cdh1,cdh1
3016,cdh11,cdh11
3017,cdh13,cdh13
3018,cdh15,cdh15
3019,cdh17,cdh17
3020,cdh18a,cdh18a
3021,cdh2,cdh2
3022,cdh26.1,cdh26.1
3023,cdh26.2,cdh26.2
3024,cdh31,cdh31
3025,cdh4,cdh4
3026,cdh5,cdh5
3027,cdh6,cdh6
3028,cdh7a,cdh7a
3029,cdipt,cdipt
3030,cdk1,cdk1
3031,cdk10,cdk10
3032,cdk11b,cdk11b
3033,cdk12,cdk12
3034,cdk13,cdk13
3035,cdk15,cdk15
3036,cdk16,cdk16
3037,cdk17,cdk17
3038,cdk2,cdk2
3039,cdk2ap2,cdk2ap2
3040,cdk4,cdk4
3041,cdk5,cdk5
3042,cdk5r2a,cdk5r2a
3043,cdk5rap1,cdk5rap1
3044,cdk5rap3,cdk5rap3
3045,cdk6,cdk6
3046,cdk7,cdk7
3047,cdk8,cdk8
3048,cdk9,cdk9
3049,cdkal1,cdkal1
3050,cdkl1,cdkl1
3051,cdkl5,cdkl5
3052,cdkn1a,cdkn1a
3053,cdkn1ba,cdkn1ba
3054,cdkn1bb,cdkn1bb
3055,cdkn1ca,cdkn1ca
3056,cdkn1cb,cdkn1cb
3057,cdkn1d,cdkn1d
3058,cdkn2aip,cdkn2aip
3059,cdkn2aipnl,cdkn2aipnl
3060,cdkn2c,cdkn2c
3061,cdkn3,cdkn3
3062,cdo1,cdo1
3063,cdon,cdon
3064,cdr2l,cdr2l
3065,cds2,cds2
3066,cdt1,cdt1
3067,cdv3,cdv3
3068,cdx1a,cdx1a
3069,cdx4,cdx4
3070,cdyl,cdyl
3071,cebp1,cebp1
3072,cebpa,cebpa
3073,cebpb,cebpb
3074,cebpd,cebpd
3075,cebpg,cebpg
3076,cebpz,cebpz
3077,cecr2,cecr2
3078,celf1,celf1
3079,celf2,celf2
3080,celf3a,celf3a
3081,celf3b,celf3b
3082,celf4,celf4
3083,celf5a,celf5a
3084,celsr1a,celsr1a
3085,celsr1b,celsr1b
3086,celsr2,celsr2
3087,cemip,cemip
3088,cenpe,cenpe
3089,cenpf,cenpf
3090,cenph,cenph
3091,cenpi,cenpi
3092,cenpj,cenpj
3093,cenpk,cenpk
3094,cenpl,cenpl
3095,cenpn,cenpn
3096,cenpo,cenpo
3097,cenpp,cenpp
3098,cenps,cenps
3099,cenpw,cenpw
3100,cenpx,cenpx
3101,cep112,cep112
3102,cep120,cep120
3103,cep128,cep128
3104,cep131,cep131
3105,cep135,cep135
3106,cep152,cep152
3107,cep162,cep162
3108,cep170aa,cep170aa
3109,cep290,cep290
3110,cep350,cep350
3111,cep44,cep44
3112,cep55l,cep55l
3113,cep57,cep57
3114,cep57l1,cep57l1
3115,cep63,cep63
3116,cep70,cep70
3117,cep72,cep72
3118,cep76,cep76
3119,cep78,cep78
3120,cep83,cep83
3121,cep85,cep85
3122,cep85l,cep85l
3123,cep89,cep89
3124,cep97,cep97
3125,cept1b,cept1b
3126,cercam,cercam
3127,cerk,cerk
3128,cerkl,cerkl
3129,cers2a,cers2a
3130,cers2b,cers2b
3131,cers3a,cers3a
3132,cers3b,cers3b
3133,cers4a,cers4a
3134,cers4b,cers4b
3135,cers5,cers5
3136,cers6,cers6
3137,cetn2,cetn2
3138,cetn3,cetn3
3139,cetn4,cetn4
3140,cetp,cetp
3141,cfap100,cfap100
3142,cfap126,cfap126
3143,cfap157,cfap157
3144,cfap20,cfap20
3145,cfap206,cfap206
3146,cfap36,cfap36
3147,cfap43,cfap43
3148,cfap45,cfap45
3149,cfap52,cfap52
3150,cfap53,cfap53
3151,cfap57,cfap57
3152,cfap58,cfap58
3153,cfap70,cfap70
3154,cfap77,cfap77
3155,cfap97,cfap97
3156,cfap99,cfap99
3157,cfbl,cfbl
3158,cfd,cfd
3159,cfdp1,cfdp1
3160,cfh,cfh
3161,cfhl4,cfhl4
3162,cfl1,cfl1
3163,cfl1l,cfl1l
3164,cfl2,cfl2
3165,cflara,cflara
3166,cfp,cfp
3167,cftr,cftr
3168,cga,cga
3169,cgna,cgna
3170,cgnb,cgnb
3171,cgnl1,cgnl1
3172,cgref1,cgref1
3173,cgrrf1,cgrrf1
3174,ch25h,ch25h
3175,ch25hl1.1,ch25hl1.1
3176,ch25hl2,ch25hl2
3177,chac1,chac1
3178,chac2,chac2
3179,chaf1a,chaf1a
3180,chaf1b,chaf1b
3181,chchd1,chchd1
3182,chchd10,chchd10
3183,chchd2,chchd2
3184,chchd3a,chchd3a
3185,chchd3b,chchd3b
3186,chchd4a,chchd4a
3187,chchd4b,chchd4b
3188,chchd6a,chchd6a
3189,chchd6b,chchd6b
3190,chchd7,chchd7
3191,chd1,chd1
3192,chd1l,chd1l
3193,chd2,chd2
3194,chd3,chd3
3195,chd4a,chd4a
3196,chd4b,chd4b
3197,chd5,chd5
3198,chd6,chd6
3199,chd7,chd7
3200,chd8,chd8
3201,chd9,chd9
3202,chek1,chek1
3203,chek2,chek2
3204,cherp,cherp
3205,ches1,ches1
3206,chfr,chfr
3207,chga,chga
3208,chia.1,chia.1
3209,chia.6,chia.6
3210,chic1,chic1
3211,chic2,chic2
3212,chico,chico
3213,chid1,chid1
3214,chka,chka
3215,chkb,chkb
3216,chl1a,chl1a
3217,chl1b,chl1b
3218,chm,chm
3219,chmp1a,chmp1a
3220,chmp1b,chmp1b
3221,chmp2a,chmp2a
3222,chmp2bb,chmp2bb
3223,chmp3,chmp3
3224,chmp4ba,chmp4ba
3225,chmp4bb,chmp4bb
3226,chmp4c,chmp4c
3227,chmp5a,chmp5a
3228,chmp5b,chmp5b
3229,chmp6b,chmp6b
3230,chmp7,chmp7
3231,chn1,chn1
3232,chodl,chodl
3233,chordc1a,chordc1a
3234,chordc1b,chordc1b
3235,chp1,chp1
3236,chp2,chp2
3237,chpf2,chpf2
3238,chpfb,chpfb
3239,chpt1,chpt1
3240,chrac1,chrac1
3241,chrd,chrd
3242,chrna1,chrna1
3243,chrna2a,chrna2a
3244,chrna5,chrna5
3245,chrnb1,chrnb1
3246,chrnb2b,chrnb2b
3247,chrnb2l,chrnb2l
3248,chrnb3a,chrnb3a
3249,chrnb4,chrnb4
3250,chrnd,chrnd
3251,chrne,chrne
3252,chrng,chrng
3253,chs1,chs1
3254,chst1,chst1
3255,chst10,chst10
3256,chst11,chst11
3257,chst14,chst14
3258,chst15,chst15
3259,chst2a,chst2a
3260,chst3b,chst3b
3261,chst7,chst7
3262,chsy1,chsy1
3263,chsy3,chsy3
3264,chtf18,chtf18
3265,chtf8,chtf8
3266,chtopa,chtopa
3267,chtopb,chtopb
3268,chuk,chuk
3269,churc1,churc1
3270,ciao1,ciao1
3271,ciapin1,ciapin1
3272,ciarta,ciarta
3273,cib1,cib1
3274,cib2,cib2
3275,cica,cica
3276,cicb,cicb
3277,ciita,ciita
3278,cilp,cilp
3279,cinp,cinp
3280,cip2a,cip2a
3281,cipcb,cipcb
3282,cirbpa,cirbpa
3283,cirbpb,cirbpb
3284,cisd1,cisd1
3285,cisd2,cisd2
3286,cish,cish
3287,cishb,cishb
3288,cita,cita
3289,citb,citb
3290,cited1,cited1
3291,cited2,cited2
3292,cited4a,cited4a
3293,cited4b,cited4b
3294,ciz1a,ciz1a
3295,ciz1b,ciz1b
3296,ckap2l,ckap2l
3297,ckap5,ckap5
3298,ckba,ckba
3299,ckbb,ckbb
3300,ckma,ckma
3301,ckmb,ckmb
3302,ckmt1,ckmt1
3303,cks1b,cks1b
3304,cks2,cks2
3305,clasp1a,clasp1a
3306,clasp2,clasp2
3307,clasrp,clasrp
3308,clcf1,clcf1
3309,clcn2b,clcn2b
3310,clcn3,clcn3
3311,clcn4,clcn4
3312,clcn5a,clcn5a
3313,clcn5b,clcn5b
3314,clcn6,clcn6
3315,clcn7,clcn7
3316,clcnk,clcnk
3317,cldn1,cldn1
3318,cldn10b,cldn10b
3319,cldn11b,cldn11b
3320,cldn12,cldn12
3321,cldn15a,cldn15a
3322,cldn17,cldn17
3323,cldn19,cldn19
3324,cldn2,cldn2
3325,cldn5a,cldn5a
3326,cldn5b,cldn5b
3327,cldn7a,cldn7a
3328,cldn7b,cldn7b
3329,cldna,cldna
3330,cldnb,cldnb
3331,cldnc,cldnc
3332,cldnd,cldnd
3333,cldnd1a,cldnd1a
3334,cldne,cldne
3335,cldnf,cldnf
3336,cldng,cldng
3337,cldnh,cldnh
3338,cldni,cldni
3339,cldnk,cldnk
3340,clec14a,clec14a
3341,clec16a,clec16a
3342,clec19a,clec19a
3343,clgn,clgn
3344,clic1,clic1
3345,clic2,clic2
3346,clic4,clic4
3347,clic5a,clic5a
3348,clint1a,clint1a
3349,clint1b,clint1b
3350,clip1a,clip1a
3351,clip2,clip2
3352,clip3,clip3
3353,clk2a,clk2a
3354,clk2b,clk2b
3355,clk4a,clk4a
3356,clk4b,clk4b
3357,cln3,cln3
3358,cln6a,cln6a
3359,cln8,cln8
3360,clns1a,clns1a
3361,clocka,clocka
3362,clockb,clockb
3363,clp1,clp1
3364,clpb,clpb
3365,clpp,clpp
3366,clptm1,clptm1
3367,clptm1l,clptm1l
3368,clpxa,clpxa
3369,clpxb,clpxb
3370,clstn1,clstn1
3371,clstn2,clstn2
3372,clstn3,clstn3
3373,clta,clta
3374,cltb,cltb
3375,cltca,cltca
3376,cltcb,cltcb
3377,cltcl1,cltcl1
3378,clu,clu
3379,cluap1,cluap1
3380,cluha,cluha
3381,clvs2,clvs2
3382,clybl,clybl
3383,cmah,cmah
3384,cmasa,cmasa
3385,cmbl,cmbl
3386,cmc1,cmc1
3387,cmc2,cmc2
3388,cmc4,cmc4
3389,cmip,cmip
3390,cmklr1,cmklr1
3391,cmlc1,cmlc1
3392,cmn,cmn
3393,cmpk,cmpk
3394,cmss1,cmss1
3395,cmtm3,cmtm3
3396,cmtm4,cmtm4
3397,cmtm6,cmtm6
3398,cmtm7,cmtm7
3399,cmtm8a,cmtm8a
3400,cmtm8b,cmtm8b
3401,cmtr1,cmtr1
3402,cmtr2,cmtr2
3403,cmya5,cmya5
3404,cnbpa,cnbpa
3405,cnbpb,cnbpb
3406,cndp2,cndp2
3407,cnep1r1,cnep1r1
3408,cnga1,cnga1
3409,cngk,cngk
3410,cnih1,cnih1
3411,cnih4,cnih4
3412,cnksr1,cnksr1
3413,cnksr2b,cnksr2b
3414,cnksr3,cnksr3
3415,cnmd,cnmd
3416,cnn2,cnn2
3417,cnn3a,cnn3a
3418,cnn3b,cnn3b
3419,cnnm2b,cnnm2b
3420,cnot1,cnot1
3421,cnot10,cnot10
3422,cnot11,cnot11
3423,cnot2,cnot2
3424,cnot3a,cnot3a
3425,cnot3b,cnot3b
3426,cnot4a,cnot4a
3427,cnot4b,cnot4b
3428,cnot6a,cnot6a
3429,cnot6b,cnot6b
3430,cnot6l,cnot6l
3431,cnot7,cnot7
3432,cnot8,cnot8
3433,cnot9,cnot9
3434,cnp,cnp
3435,cnppd1,cnppd1
3436,cnpy1,cnpy1
3437,cnpy2,cnpy2
3438,cnpy4,cnpy4
3439,cnrip1a,cnrip1a
3440,cnsta,cnsta
3441,cnstb,cnstb
3442,cntf,cntf
3443,cntfr,cntfr
3444,cntln,cntln
3445,cntn1a,cntn1a
3446,cntn2,cntn2
3447,cntn4,cntn4
3448,cntnap2a,cntnap2a
3449,cntnap2b,cntnap2b
3450,cntnap5l,cntnap5l
3451,cntrl,cntrl
3452,coa3a,coa3a
3453,coa3b,coa3b
3454,coa5,coa5
3455,coa6,coa6
3456,coa7,coa7
3457,coasy,coasy
3458,cobl,cobl
3459,cobll1b,cobll1b
3460,cog1,cog1
3461,cog2,cog2
3462,cog3,cog3
3463,cog4,cog4
3464,cog5,cog5
3465,cog6,cog6
3466,cog7,cog7
3467,cog8,cog8
3468,coil,coil
3469,col11a1a,col11a1a
3470,col11a1b,col11a1b
3471,col11a2,col11a2
3472,col12a1a,col12a1a
3473,col12a1b,col12a1b
3474,col14a1a,col14a1a
3475,col15a1b,col15a1b
3476,col16a1,col16a1
3477,col17a1b,col17a1b
3478,col18a1a,col18a1a
3479,col19a1,col19a1
3480,col1a1a,col1a1a
3481,col1a1b,col1a1b
3482,col1a2,col1a2
3483,col27a1b,col27a1b
3484,col28a1a,col28a1a
3485,col28a2a,col28a2a
3486,col2a1a,col2a1a
3487,col2a1b,col2a1b
3488,col4a1,col4a1
3489,col4a2,col4a2
3490,col4a3,col4a3
3491,col4a3bpa,col4a3bpa
3492,col4a3bpb,col4a3bpb
3493,col4a4,col4a4
3494,col4a5,col4a5
3495,col4a6,col4a6
3496,col5a1,col5a1
3497,col5a2a,col5a2a
3498,col5a3a,col5a3a
3499,col5a3b,col5a3b
3500,col6a1,col6a1
3501,col6a2,col6a2
3502,col6a3,col6a3
3503,col6a4a,col6a4a
3504,col7a1,col7a1
3505,col7a1l,col7a1l
3506,col8a1a,col8a1a
3507,col8a2,col8a2
3508,col9a1a,col9a1a
3509,col9a1b,col9a1b
3510,col9a2,col9a2
3511,col9a3,col9a3
3512,colec11,colec11
3513,colec12,colec12
3514,colgalt1,colgalt1
3515,commd1,commd1
3516,commd2,commd2
3517,commd3,commd3
3518,commd4,commd4
3519,commd5,commd5
3520,commd6,commd6
3521,commd7,commd7
3522,commd8,commd8
3523,commd9,commd9
3524,comtb,comtb
3525,cop1,cop1
3526,copa,copa
3527,copb1,copb1
3528,copb2,copb2
3529,cope,cope
3530,copg2,copg2
3531,cops2,cops2
3532,cops3,cops3
3533,cops4,cops4
3534,cops5,cops5
3535,cops7a,cops7a
3536,cops8,cops8
3537,cops9,cops9
3538,copz1,copz1
3539,copz2,copz2
3540,coq10b,coq10b
3541,coq2,coq2
3542,coq3,coq3
3543,coq4,coq4
3544,coq5,coq5
3545,coq6,coq6
3546,coq7,coq7
3547,coq8a,coq8a
3548,coq8b,coq8b
3549,coq9,coq9
3550,coro1a,coro1a
3551,coro1b,coro1b
3552,coro1ca,coro1ca
3553,coro1cb,coro1cb
3554,coro2a,coro2a
3555,coro2ba,coro2ba
3556,coro2bb,coro2bb
3557,coro7,coro7
3558,cort,cort
3559,cotl1,cotl1
3560,cox10,cox10
3561,cox11,cox11
3562,cox14,cox14
3563,cox15,cox15
3564,cox16,cox16
3565,cox17,cox17
3566,cox18,cox18
3567,cox19,cox19
3568,cox20,cox20
3569,cox4i1,cox4i1
3570,cox4i1l,cox4i1l
3571,cox4i2,cox4i2
3572,cox5aa,cox5aa
3573,cox5ab,cox5ab
3574,cox5b2,cox5b2
3575,cox6a1,cox6a1
3576,cox6a2,cox6a2
3577,cox6b1,cox6b1
3578,cox6b2,cox6b2
3579,cox6c,cox6c
3580,cox7a1,cox7a1
3581,cox7a2a,cox7a2a
3582,cox7a3,cox7a3
3583,cox7b,cox7b
3584,cox7c,cox7c
3585,cox8a,cox8a
3586,cox8b,cox8b
3587,cp,cp
3588,cpa2,cpa2
3589,cpa5,cpa5
3590,cpa6,cpa6
3591,cpamd8,cpamd8
3592,cpda,cpda
3593,cpe,cpe
3594,cpeb2,cpeb2
3595,cpeb4a,cpeb4a
3596,cpeb4b,cpeb4b
3597,cplx1,cplx1
3598,cplx2,cplx2
3599,cplx2l,cplx2l
3600,cplx4c,cplx4c
3601,cpm,cpm
3602,cpn1,cpn1
3603,cpne1,cpne1
3604,cpne2,cpne2
3605,cpne3,cpne3
3606,cpox,cpox
3607,cpped1,cpped1
3608,cpsf1,cpsf1
3609,cpsf2,cpsf2
3610,cpsf3,cpsf3
3611,cpsf4,cpsf4
3612,cpsf6,cpsf6
3613,cpt1aa,cpt1aa
3614,cpt1ab,cpt1ab
3615,cpt2,cpt2
3616,cptp,cptp
3617,cpvl,cpvl
3618,cpxm1a,cpxm1a
3619,cpxm1b,cpxm1b
3620,cpz,cpz
3621,crabp1b,crabp1b
3622,crabp2a,crabp2a
3623,crabp2b,crabp2b
3624,cracr2b,cracr2b
3625,cradd,cradd
3626,cramp1,cramp1
3627,crata,crata
3628,cratb,cratb
3629,crb1,crb1
3630,crb2a,crb2a
3631,crb3a,crb3a
3632,crb3b,crb3b
3633,crbn,crbn
3634,crcp,crcp
3635,creb1a,creb1a
3636,creb1b,creb1b
3637,creb3l1,creb3l1
3638,creb3l2,creb3l2
3639,creb3l3l,creb3l3l
3640,creb5b,creb5b
3641,crebbpa,crebbpa
3642,crebbpb,crebbpb
3643,crebl2,crebl2
3644,crebrf,crebrf
3645,crebzf,crebzf
3646,creg1,creg1
3647,creg2,creg2
3648,creld1b,creld1b
3649,creld2,creld2
3650,crema,crema
3651,cremb,cremb
3652,crestin,crestin
3653,crfb1,crfb1
3654,crfb17,crfb17
3655,crfb2,crfb2
3656,crfb4,crfb4
3657,crfb6,crfb6
3658,crhb,crhb
3659,crhbp,crhbp
3660,crim1,crim1
3661,crip1,crip1
3662,crip2,crip2
3663,crip3,crip3
3664,cript,cript
3665,crispld1b,crispld1b
3666,crk,crk
3667,crkl,crkl
3668,crlf1a,crlf1a
3669,crlf1b,crlf1b
3670,crlf3,crlf3
3671,crls1,crls1
3672,crnkl1,crnkl1
3673,crocc2,crocc2
3674,crot,crot
3675,crtac1a,crtac1a
3676,crtap,crtap
3677,crtc1a,crtc1a
3678,crtc2,crtc2
3679,cry-dash,cry-dash
3680,cry1aa,cry1aa
3681,cry1ab,cry1ab
3682,cry1ba,cry1ba
3683,cry1bb,cry1bb
3684,cry2,cry2
3685,cry4,cry4
3686,cry5,cry5
3687,cryabb,cryabb
3688,cryba1b,cryba1b
3689,cryba1l1,cryba1l1
3690,cryba1l2,cryba1l2
3691,cryba2b,cryba2b
3692,cryba4,cryba4
3693,crybb1,crybb1
3694,crybb1l1,crybb1l1
3695,crybb1l2,crybb1l2
3696,crybb3,crybb3
3697,crygn1,crygn1
3698,crygn2,crygn2
3699,cryl1,cryl1
3700,crym,crym
3701,cryz,cryz
3702,cryzl1,cryzl1
3703,cs,cs
3704,csad,csad
3705,csdc2a,csdc2a
3706,csde1,csde1
3707,cse1l,cse1l
3708,csf1a,csf1a
3709,csf1b,csf1b
3710,csf1ra,csf1ra
3711,csf2rb,csf2rb
3712,csf3b,csf3b
3713,csf3r,csf3r
3714,csgalnact2,csgalnact2
3715,csk,csk
3716,csmd2,csmd2
3717,csnk1a1,csnk1a1
3718,csnk1da,csnk1da
3719,csnk1db,csnk1db
3720,csnk1e,csnk1e
3721,csnk1g1,csnk1g1
3722,csnk1g2a,csnk1g2a
3723,csnk1g2b,csnk1g2b
3724,csnk2a1,csnk2a1
3725,csnk2a2a,csnk2a2a
3726,csnk2a2b,csnk2a2b
3727,csnk2b,csnk2b
3728,cspg4,cspg4
3729,cspg5a,cspg5a
3730,cspg5b,cspg5b
3731,cspp1a,cspp1a
3732,cspp1b,cspp1b
3733,csrnp1a,csrnp1a
3734,csrnp1b,csrnp1b
3735,csrnp2,csrnp2
3736,csrp1a,csrp1a
3737,csrp2,csrp2
3738,cst14a.1,cst14a.1
3739,cst14a.2,cst14a.2
3740,cst14b.1,cst14b.1
3741,cst14b.2,cst14b.2
3742,cst3,cst3
3743,cstf1,cstf1
3744,cstf2,cstf2
3745,cstf3,cstf3
3746,ctbp1,ctbp1
3747,ctbp2a,ctbp2a
3748,ctbs,ctbs
3749,ctc1,ctc1
3750,ctcf,ctcf
3751,ctdnep1a,ctdnep1a
3752,ctdnep1b,ctdnep1b
3753,ctdp1,ctdp1
3754,ctdsp1,ctdsp1
3755,ctdsp2,ctdsp2
3756,ctdspl2a,ctdspl2a
3757,ctdspl2b,ctdspl2b
3758,ctdspl3,ctdspl3
3759,ctdspla,ctdspla
3760,ctdsplb,ctdsplb
3761,ctgfa,ctgfa
3762,cth,cth
3763,cth1,cth1
3764,cthrc1a,cthrc1a
3765,ctif,ctif
3766,ctnna1,ctnna1
3767,ctnna2,ctnna2
3768,ctnnal1,ctnnal1
3769,ctnnb1,ctnnb1
3770,ctnnb2,ctnnb2
3771,ctnnbip1,ctnnbip1
3772,ctnnbl1,ctnnbl1
3773,ctnnd1,ctnnd1
3774,ctnnd2a,ctnnd2a
3775,ctnnd2b,ctnnd2b
3776,ctns,ctns
3777,ctps1a,ctps1a
3778,ctps1b,ctps1b
3779,ctr9,ctr9
3780,ctsa,ctsa
3781,ctsba,ctsba
3782,ctsc,ctsc
3783,ctsd,ctsd
3784,ctsf,ctsf
3785,ctsh,ctsh
3786,ctsk,ctsk
3787,ctsl.1,ctsl.1
3788,ctsla,ctsla
3789,ctslb,ctslb
3790,ctsll,ctsll
3791,ctso,ctso
3792,ctss2.1,ctss2.1
3793,ctss2.2,ctss2.2
3794,ctsz,ctsz
3795,cttn,cttn
3796,cttnbp2,cttnbp2
3797,cttnbp2nla,cttnbp2nla
3798,cttnbp2nlb,cttnbp2nlb
3799,ctu1,ctu1
3800,ctu2,ctu2
3801,cubn,cubn
3802,cuedc1a,cuedc1a
3803,cuedc1b,cuedc1b
3804,cuedc2,cuedc2
3805,cul1a,cul1a
3806,cul1b,cul1b
3807,cul2,cul2
3808,cul3a,cul3a
3809,cul3b,cul3b
3810,cul4a,cul4a
3811,cul4b,cul4b
3812,cul5a,cul5a
3813,cul5b,cul5b
3814,cutc,cutc
3815,cux1a,cux1a
3816,cux1b,cux1b
3817,cux2b,cux2b
3818,cwc15,cwc15
3819,cwc22,cwc22
3820,cwc25,cwc25
3821,cwc27,cwc27
3822,cwf19l1,cwf19l1
3823,cwf19l2,cwf19l2
3824,cx23,cx23
3825,cx30.3,cx30.3
3826,cx32.2,cx32.2
3827,cx35.4,cx35.4
3828,cx43,cx43
3829,cx43.4,cx43.4
3830,cx44.2,cx44.2
3831,cx52.9,cx52.9
3832,cxadr,cxadr
3833,cxcl11.6,cxcl11.6
3834,cxcl12a,cxcl12a
3835,cxcl12b,cxcl12b
3836,cxcl14,cxcl14
3837,cxcl18b,cxcl18b
3838,cxcl19,cxcl19
3839,cxcl20,cxcl20
3840,cxcl8a,cxcl8a
3841,cxcl8b.1,cxcl8b.1
3842,cxcr3.2,cxcr3.2
3843,cxcr3.3,cxcr3.3
3844,cxcr4a,cxcr4a
3845,cxcr4b,cxcr4b
3846,cxxc1a,cxxc1a
3847,cxxc1b,cxxc1b
3848,cxxc4,cxxc4
3849,cxxc5a,cxxc5a
3850,cxxc5b,cxxc5b
3851,cyb561,cyb561
3852,cyb561a3a,cyb561a3a
3853,cyb561d2,cyb561d2
3854,cyb5a,cyb5a
3855,cyb5b,cyb5b
3856,cyb5d1,cyb5d1
3857,cyb5r1,cyb5r1
3858,cyb5r2,cyb5r2
3859,cyb5r3,cyb5r3
3860,cyb5r4,cyb5r4
3861,cyba,cyba
3862,cybb,cybb
3863,cybrd1,cybrd1
3864,cyc1,cyc1
3865,cycsb,cycsb
3866,cyfip1,cyfip1
3867,cyfip2,cyfip2
3868,cygb1,cygb1
3869,cyhr1,cyhr1
3870,cylda,cylda
3871,cyp17a1,cyp17a1
3872,cyp1a,cyp1a
3873,cyp1b1,cyp1b1
3874,cyp1c1,cyp1c1
3875,cyp1d1,cyp1d1
3876,cyp20a1,cyp20a1
3877,cyp24a1,cyp24a1
3878,cyp26a1,cyp26a1
3879,cyp26b1,cyp26b1
3880,cyp26c1,cyp26c1
3881,cyp27a1.4,cyp27a1.4
3882,cyp27a7,cyp27a7
3883,cyp27c1,cyp27c1
3884,cyp2aa1,cyp2aa1
3885,cyp2aa2,cyp2aa2
3886,cyp2aa3,cyp2aa3
3887,cyp2aa4,cyp2aa4
3888,cyp2aa7,cyp2aa7
3889,cyp2aa8,cyp2aa8
3890,cyp2aa9,cyp2aa9
3891,cyp2ad3,cyp2ad3
3892,cyp2ae1,cyp2ae1
3893,cyp2j20,cyp2j20
3894,cyp2k16,cyp2k16
3895,cyp2k8,cyp2k8
3896,cyp2p10,cyp2p10
3897,cyp2p6,cyp2p6
3898,cyp2p7,cyp2p7
3899,cyp2r1,cyp2r1
3900,cyp2v1,cyp2v1
3901,cyp2x6,cyp2x6
3902,cyp2x7,cyp2x7
3903,cyp2x9,cyp2x9
3904,cyp3c1,cyp3c1
3905,cyp3c2,cyp3c2
3906,cyp3c3,cyp3c3
3907,cyp3c4,cyp3c4
3908,cyp46a1.1,cyp46a1.1
3909,cyp46a1.2,cyp46a1.2
3910,cyp4t8,cyp4t8
3911,cyp4v7,cyp4v7
3912,cyp51,cyp51
3913,cyr61,cyr61
3914,cyr61l2,cyr61l2
3915,cysltr1,cysltr1
3916,cyt1,cyt1
3917,cyt1l,cyt1l
3918,cyth1b,cyth1b
3919,cyth3a,cyth3a
3920,cyth4a,cyth4a
3921,cyth4b,cyth4b
3922,cyyr1,cyyr1
3923,d2hgdh,d2hgdh
3924,daam1a,daam1a
3925,daam1b,daam1b
3926,dab1a,dab1a
3927,dab1b,dab1b
3928,dab2,dab2
3929,dab2ipa,dab2ipa
3930,dab2ipb,dab2ipb
3931,dacha,dacha
3932,dachb,dachb
3933,dachc,dachc
3934,dachd,dachd
3935,dact2,dact2
3936,dad1,dad1
3937,dag1,dag1
3938,dagla,dagla
3939,dalrd3,dalrd3
3940,dao.2,dao.2
3941,dap,dap
3942,dap1b,dap1b
3943,dap3,dap3
3944,dapk1,dapk1
3945,dapk2a,dapk2a
3946,dapp1,dapp1
3947,dars,dars
3948,dars2,dars2
3949,daw1,daw1
3950,daxx,daxx
3951,dazap1,dazap1
3952,dazap2,dazap2
3953,dbf4,dbf4
3954,dbf4b,dbf4b
3955,dbh,dbh
3956,dbi,dbi
3957,dbn1,dbn1
3958,dbnla,dbnla
3959,dbnlb,dbnlb
3960,dbpb,dbpb
3961,dbr1,dbr1
3962,dbt,dbt
3963,dbx1a,dbx1a
3964,dbx1b,dbx1b
3965,dcaf11,dcaf11
3966,dcaf12,dcaf12
3967,dcaf13,dcaf13
3968,dcaf15,dcaf15
3969,dcaf17,dcaf17
3970,dcaf5,dcaf5
3971,dcaf6,dcaf6
3972,dcaf7,dcaf7
3973,dcaf8,dcaf8
3974,dcbld1,dcbld1
3975,dcbld2,dcbld2
3976,dcdc2b,dcdc2b
3977,dchs1a,dchs1a
3978,dchs1b,dchs1b
3979,dck,dck
3980,dclk1a,dclk1a
3981,dclk1b,dclk1b
3982,dclk2a,dclk2a
3983,dclre1a,dclre1a
3984,dclre1b,dclre1b
3985,dclre1c,dclre1c
3986,dcn,dcn
3987,dcp1a,dcp1a
3988,dcp1b,dcp1b
3989,dcp2,dcp2
3990,dcps,dcps
3991,dct,dct
3992,dctd,dctd
3993,dctn1a,dctn1a
3994,dctn1b,dctn1b
3995,dctn2,dctn2
3996,dctn3,dctn3
3997,dctn4,dctn4
3998,dctn5,dctn5
3999,dctpp1,dctpp1
4000,dcun1d1,dcun1d1
4001,dcun1d2a,dcun1d2a
4002,dcun1d2b,dcun1d2b
4003,dcun1d3,dcun1d3
4004,dcun1d4,dcun1d4
4005,dcun1d5,dcun1d5
4006,dcxr,dcxr
4007,dda1,dda1
4008,ddah2,ddah2
4009,ddb1,ddb1
4010,ddb2,ddb2
4011,ddc,ddc
4012,ddhd1a,ddhd1a
4013,ddhd1b,ddhd1b
4014,ddi2,ddi2
4015,ddias,ddias
4016,ddit3,ddit3
4017,ddit4,ddit4
4018,ddost,ddost
4019,ddr1,ddr1
4020,ddr2a,ddr2a
4021,ddrgk1,ddrgk1
4022,ddt,ddt
4023,ddx1,ddx1
4024,ddx10,ddx10
4025,ddx11,ddx11
4026,ddx18,ddx18
4027,ddx19,ddx19
4028,ddx20,ddx20
4029,ddx21,ddx21
4030,ddx23,ddx23
4031,ddx24,ddx24
4032,ddx27,ddx27
4033,ddx28,ddx28
4034,ddx31,ddx31
4035,ddx39aa,ddx39aa
4036,ddx39ab,ddx39ab
4037,ddx39b,ddx39b
4038,ddx3a,ddx3a
4039,ddx3b,ddx3b
4040,ddx4,ddx4
4041,ddx42,ddx42
4042,ddx43,ddx43
4043,ddx46,ddx46
4044,ddx47,ddx47
4045,ddx49,ddx49
4046,ddx5,ddx5
4047,ddx51,ddx51
4048,ddx52,ddx52
4049,ddx54,ddx54
4050,ddx55,ddx55
4051,ddx56,ddx56
4052,ddx59,ddx59
4053,ddx6,ddx6
4054,ddx61,ddx61
4055,deaf1,deaf1
4056,decr1,decr1
4057,decr2,decr2
4058,dedd,dedd
4059,dedd1,dedd1
4060,def6a,def6a
4061,def6b,def6b
4062,def8,def8
4063,defbl1,defbl1
4064,degs1,degs1
4065,degs2,degs2
4066,dek,dek
4067,dennd2c,dennd2c
4068,dennd2da,dennd2da
4069,dennd2db,dennd2db
4070,dennd3a,dennd3a
4071,dennd3b,dennd3b
4072,dennd4a,dennd4a
4073,dennd4b,dennd4b
4074,dennd4c,dennd4c
4075,dennd5a,dennd5a
4076,dennd5b,dennd5b
4077,dennd6aa,dennd6aa
4078,dennd6b,dennd6b
4079,denr,denr
4080,depdc1a,depdc1a
4081,depdc5,depdc5
4082,depdc7,depdc7
4083,deptor,deptor
4084,dera,dera
4085,derl1,derl1
4086,derl2,derl2
4087,desi1a,desi1a
4088,desi1b,desi1b
4089,desi2,desi2
4090,desma,desma
4091,det1,det1
4092,dexi,dexi
4093,dffa,dffa
4094,dffb,dffb
4095,dgat1b,dgat1b
4096,dgcr2,dgcr2
4097,dgcr6,dgcr6
4098,dgcr8,dgcr8
4099,dgkaa,dgkaa
4100,dgkab,dgkab
4101,dgkg,dgkg
4102,dgkh,dgkh
4103,dgkza,dgkza
4104,dgkzb,dgkzb
4105,dglucy,dglucy
4106,dguok,dguok
4107,dhcr24,dhcr24
4108,dhcr7,dhcr7
4109,dhdds,dhdds
4110,dhdhl,dhdhl
4111,dhfr,dhfr
4112,dhodh,dhodh
4113,dhps,dhps
4114,dhrs1,dhrs1
4115,dhrs11a,dhrs11a
4116,dhrs11b,dhrs11b
4117,dhrs12,dhrs12
4118,dhrs13a.1,dhrs13a.1
4119,dhrs13a.2,dhrs13a.2
4120,dhrs13a.3,dhrs13a.3
4121,dhrs13b,dhrs13b
4122,dhrs13l1,dhrs13l1
4123,dhrs3a,dhrs3a
4124,dhrs3b,dhrs3b
4125,dhrs4,dhrs4
4126,dhrs7,dhrs7
4127,dhrs7b,dhrs7b
4128,dhrs7ca,dhrs7ca
4129,dhrs9,dhrs9
4130,dhrsx,dhrsx
4131,dhtkd1,dhtkd1
4132,dhx15,dhx15
4133,dhx16,dhx16
4134,dhx29,dhx29
4135,dhx30,dhx30
4136,dhx32a,dhx32a
4137,dhx32b,dhx32b
4138,dhx33,dhx33
4139,dhx34,dhx34
4140,dhx36,dhx36
4141,dhx37,dhx37
4142,dhx38,dhx38
4143,dhx40,dhx40
4144,dhx57,dhx57
4145,dhx8,dhx8
4146,dhx9,dhx9
4147,dia1a,dia1a
4148,dia1b,dia1b
4149,diabloa,diabloa
4150,diablob,diablob
4151,diaph2,diaph2
4152,diaph3,diaph3
4153,dicer1,dicer1
4154,dicp1.16,dicp1.16
4155,dido1,dido1
4156,diexf,diexf
4157,dimt1l,dimt1l
4158,dio1,dio1
4159,dip2ba,dip2ba
4160,dip2bb,dip2bb
4161,dip2ca,dip2ca
4162,diras1a,diras1a
4163,dirc2,dirc2
4164,dis3,dis3
4165,dis3l,dis3l
4166,dis3l2,dis3l2
4167,disc1,disc1
4168,disp1,disp1
4169,dixdc1a,dixdc1a
4170,dixdc1b,dixdc1b
4171,dkc1,dkc1
4172,dkk1a,dkk1a
4173,dkk1b,dkk1b
4174,dkk2,dkk2
4175,dkk3a,dkk3a
4176,dkk3b,dkk3b
4177,dla,dla
4178,dlat,dlat
4179,dlb,dlb
4180,dlc,dlc
4181,dlc1,dlc1
4182,dld,dld
4183,dldh,dldh
4184,dlec1,dlec1
4185,dlg1,dlg1
4186,dlg1l,dlg1l
4187,dlg2,dlg2
4188,dlg3,dlg3
4189,dlg5a,dlg5a
4190,dlg5b.1,dlg5b.1
4191,dlgap3,dlgap3
4192,dlgap4a,dlgap4a
4193,dlgap5,dlgap5
4194,dll4,dll4
4195,dlst,dlst
4196,dlx1a,dlx1a
4197,dlx2a,dlx2a
4198,dlx2b,dlx2b
4199,dlx3b,dlx3b
4200,dlx4a,dlx4a
4201,dlx4b,dlx4b
4202,dlx5a,dlx5a
4203,dlx6a,dlx6a
4204,dmap1,dmap1
4205,dmbx1a,dmbx1a
4206,dmd,dmd
4207,dmrt2a,dmrt2a
4208,dmrt3a,dmrt3a
4209,dmrta2,dmrta2
4210,dmtf1,dmtf1
4211,dmxl2,dmxl2
4212,dna2,dna2
4213,dnaaf1,dnaaf1
4214,dnaaf2,dnaaf2
4215,dnaaf3,dnaaf3
4216,dnaaf4,dnaaf4
4217,dnah1,dnah1
4218,dnah12,dnah12
4219,dnah2,dnah2
4220,dnah3,dnah3
4221,dnah5,dnah5
4222,dnah5l,dnah5l
4223,dnah6,dnah6
4224,dnah7,dnah7
4225,dnah9l,dnah9l
4226,dnai1.1,dnai1.1
4227,dnaja1,dnaja1
4228,dnaja2,dnaja2
4229,dnaja2l,dnaja2l
4230,dnaja3a,dnaja3a
4231,dnaja3b,dnaja3b
4232,dnajb11,dnajb11
4233,dnajb12a,dnajb12a
4234,dnajb12b,dnajb12b
4235,dnajb13,dnajb13
4236,dnajb14,dnajb14
4237,dnajb1a,dnajb1a
4238,dnajb1b,dnajb1b
4239,dnajb2,dnajb2
4240,dnajb4,dnajb4
4241,dnajb6a,dnajb6a
4242,dnajb6b,dnajb6b
4243,dnajb9b,dnajb9b
4244,dnajc1,dnajc1
4245,dnajc10,dnajc10
4246,dnajc11a,dnajc11a
4247,dnajc11b,dnajc11b
4248,dnajc12,dnajc12
4249,dnajc14,dnajc14
4250,dnajc15,dnajc15
4251,dnajc16l,dnajc16l
4252,dnajc17,dnajc17
4253,dnajc18,dnajc18
4254,dnajc19,dnajc19
4255,dnajc2,dnajc2
4256,dnajc21,dnajc21
4257,dnajc24,dnajc24
4258,dnajc27,dnajc27
4259,dnajc28,dnajc28
4260,dnajc30b,dnajc30b
4261,dnajc3a,dnajc3a
4262,dnajc3b,dnajc3b
4263,dnajc4,dnajc4
4264,dnajc5aa,dnajc5aa
4265,dnajc5ab,dnajc5ab
4266,dnajc5ga,dnajc5ga
4267,dnajc5gb,dnajc5gb
4268,dnajc6,dnajc6
4269,dnajc7,dnajc7
4270,dnajc8,dnajc8
4271,dnajc9,dnajc9
4272,dnal1,dnal1
4273,dnal4a,dnal4a
4274,dnal4b,dnal4b
4275,dnali1,dnali1
4276,dnase1l1,dnase1l1
4277,dnase1l1l,dnase1l1l
4278,dnase1l4.1,dnase1l4.1
4279,dnase1l4.2,dnase1l4.2
4280,dnase2,dnase2
4281,dnlz,dnlz
4282,dnm1a,dnm1a
4283,dnm1l,dnm1l
4284,dnm2a,dnm2a
4285,dnm2b,dnm2b
4286,dnm3a,dnm3a
4287,dnmbp,dnmbp
4288,dnmt1,dnmt1
4289,dnmt3aa,dnmt3aa
4290,dnmt3ab,dnmt3ab
4291,dnmt3ba,dnmt3ba
4292,dnmt3bb.1,dnmt3bb.1
4293,dnmt3bb.2,dnmt3bb.2
4294,dnmt3bb.3,dnmt3bb.3
4295,dnpep,dnpep
4296,dnph1,dnph1
4297,dnttip2,dnttip2
4298,doc2d,doc2d
4299,dock1,dock1
4300,dock10,dock10
4301,dock11,dock11
4302,dock4b,dock4b
4303,dock6,dock6
4304,dock7,dock7
4305,dock8,dock8
4306,dock9b,dock9b
4307,dohh,dohh
4308,dok1a,dok1a
4309,dok1b,dok1b
4310,dok2,dok2
4311,dok4,dok4
4312,dok6,dok6
4313,dolk,dolk
4314,dolpp1,dolpp1
4315,dopey1,dopey1
4316,dopey2,dopey2
4317,dot1l,dot1l
4318,dpcd,dpcd
4319,dpf1,dpf1
4320,dpf2,dpf2
4321,dpf2l,dpf2l
4322,dph1,dph1
4323,dph2,dph2
4324,dph3,dph3
4325,dph5,dph5
4326,dph6,dph6
4327,dph7,dph7
4328,dpm1,dpm1
4329,dpm2,dpm2
4330,dpm3,dpm3
4331,dpp3,dpp3
4332,dpp6b,dpp6b
4333,dpp7,dpp7
4334,dpp9,dpp9
4335,dpy19l3,dpy19l3
4336,dpy30,dpy30
4337,dpyda.3,dpyda.3
4338,dpydb,dpydb
4339,dpys,dpys
4340,dpysl2b,dpysl2b
4341,dpysl3,dpysl3
4342,dpysl4,dpysl4
4343,dpysl5a,dpysl5a
4344,dpysl5b,dpysl5b
4345,dr1,dr1
4346,dram1,dram1
4347,dram2b,dram2b
4348,drap1,drap1
4349,draxin,draxin
4350,drc1,drc1
4351,drc3,drc3
4352,drd4-rs,drd4-rs
4353,dre-let-7g-1,dre-let-7g-1
4354,dre-let-7i,dre-let-7i
4355,dre-mir-124-3,dre-mir-124-3
4356,dre-mir-130b,dre-mir-130b
4357,dre-mir-135b,dre-mir-135b
4358,dre-mir-142a,dre-mir-142a
4359,dre-mir-153b,dre-mir-153b
4360,dre-mir-16b,dre-mir-16b
4361,dre-mir-199-2,dre-mir-199-2
4362,dre-mir-199-3,dre-mir-199-3
4363,dre-mir-203b,dre-mir-203b
4364,dre-mir-219-1,dre-mir-219-1
4365,dre-mir-219-3,dre-mir-219-3
4366,dre-mir-26a-2,dre-mir-26a-2
4367,dre-mir-457a,dre-mir-457a
4368,dre-mir-457b,dre-mir-457b
4369,dre-mir-92a-1,dre-mir-92a-1
4370,dre-mir-92a-2,dre-mir-92a-2
4371,drg1,drg1
4372,drg2,drg2
4373,drgx,drgx
4374,drl,drl
4375,drp2,drp2
4376,dsc2l,dsc2l
4377,dscamb,dscamb
4378,dscc1,dscc1
4379,dse,dse
4380,dsn1,dsn1
4381,dspa,dspa
4382,dstyk,dstyk
4383,dtd1,dtd1
4384,dtd2,dtd2
4385,dtl,dtl
4386,dtnba,dtnba
4387,dtnbp1a,dtnbp1a
4388,dtnbp1b,dtnbp1b
4389,dtwd1,dtwd1
4390,dtwd2,dtwd2
4391,dtx2,dtx2
4392,dtx4,dtx4
4393,dtymk,dtymk
4394,dub,dub
4395,duox,duox
4396,duox2,duox2
4397,dus1l,dus1l
4398,dus2,dus2
4399,dus3l,dus3l
4400,dus4l,dus4l
4401,dusp1,dusp1
4402,dusp11,dusp11
4403,dusp12,dusp12
4404,dusp14,dusp14
4405,dusp16,dusp16
4406,dusp19b,dusp19b
4407,dusp2,dusp2
4408,dusp22a,dusp22a
4409,dusp22b,dusp22b
4410,dusp23a,dusp23a
4411,dusp23b,dusp23b
4412,dusp27,dusp27
4413,dusp4,dusp4
4414,dusp5,dusp5
4415,dusp6,dusp6
4416,dusp7,dusp7
4417,dusp8a,dusp8a
4418,dvl2,dvl2
4419,dvl3a,dvl3a
4420,dydc2,dydc2
4421,dym,dym
4422,dync1h1,dync1h1
4423,dync1i1,dync1i1
4424,dync1i2a,dync1i2a
4425,dync1li1,dync1li1
4426,dync1li2,dync1li2
4427,dync2li1,dync2li1
4428,dynll1,dynll1
4429,dynll2a,dynll2a
4430,dynll2b,dynll2b
4431,dynlrb1,dynlrb1
4432,dynlt1,dynlt1
4433,dynlt3,dynlt3
4434,dyrk1aa,dyrk1aa
4435,dyrk1ab,dyrk1ab
4436,dyrk1b,dyrk1b
4437,dyrk2,dyrk2
4438,dysf,dysf
4439,dzank1,dzank1
4440,dzip1,dzip1
4441,dzip1l,dzip1l
4442,e2f3,e2f3
4443,e2f4,e2f4
4444,e2f5,e2f5
4445,e2f7,e2f7
4446,e2f8,e2f8
4447,e4f1,e4f1
4448,eaf1,eaf1
4449,eaf2,eaf2
4450,eapp,eapp
4451,ebag9,ebag9
4452,ebf1b,ebf1b
4453,ebf2,ebf2
4454,ebf3b,ebf3b
4455,ebna1bp2,ebna1bp2
4456,ebp,ebp
4457,ebpl,ebpl
4458,ecd,ecd
4459,ece1,ece1
4460,ece2a,ece2a
4461,ech1,ech1
4462,echdc2,echdc2
4463,echs1,echs1
4464,eci1,eci1
4465,eci2,eci2
4466,ecm1b,ecm1b
4467,ecm2,ecm2
4468,ecrg4a,ecrg4a
4469,ecrg4b,ecrg4b
4470,ecscr,ecscr
4471,ecsit,ecsit
4472,ect2,ect2
4473,eda,eda
4474,edar,edar
4475,edc3,edc3
4476,edc4,edc4
4477,edem1,edem1
4478,edem2,edem2
4479,edem3,edem3
4480,edf1,edf1
4481,edil3a,edil3a
4482,edn1,edn1
4483,edn2,edn2
4484,ednraa,ednraa
4485,ednrab,ednrab
4486,edrf1,edrf1
4487,eea1,eea1
4488,eed,eed
4489,eef1a1a,eef1a1a
4490,eef1a1b,eef1a1b
4491,eef1a1l1,eef1a1l1
4492,eef1a2,eef1a2
4493,eef1akmt1,eef1akmt1
4494,eef1akmt2,eef1akmt2
4495,eef1b2,eef1b2
4496,eef1da,eef1da
4497,eef1db,eef1db
4498,eef1e1,eef1e1
4499,eef1g,eef1g
4500,eef2a.1,eef2a.1
4501,eef2b,eef2b
4502,eef2k,eef2k
4503,eef2kmt,eef2kmt
4504,eef2l2,eef2l2
4505,eefsec,eefsec
4506,eepd1,eepd1
4507,efcab1,efcab1
4508,efcab11,efcab11
4509,efcab2,efcab2
4510,efcab7,efcab7
4511,efcc1,efcc1
4512,efemp2a,efemp2a
4513,efemp2b,efemp2b
4514,efhc1,efhc1
4515,efhc2,efhc2
4516,efhd1,efhd1
4517,efhd2,efhd2
4518,efl1,efl1
4519,efna1a,efna1a
4520,efna1b,efna1b
4521,efna2a,efna2a
4522,efna2b,efna2b
4523,efna3b,efna3b
4524,efna5a,efna5a
4525,efna5b,efna5b
4526,efnb1,efnb1
4527,efnb2a,efnb2a
4528,efnb2b,efnb2b
4529,efnb3a,efnb3a
4530,efnb3b,efnb3b
4531,efr3a,efr3a
4532,efr3bb,efr3bb
4533,efs,efs
4534,eftud2,eftud2
4535,egf,egf
4536,egfl6,egfl6
4537,egfl7,egfl7
4538,egfra,egfra
4539,egln1b,egln1b
4540,egln2,egln2
4541,egln3,egln3
4542,egr1,egr1
4543,egr2a,egr2a
4544,egr2b,egr2b
4545,egr3,egr3
4546,egr4,egr4
4547,ehbp1,ehbp1
4548,ehbp1l1a,ehbp1l1a
4549,ehbp1l1b,ehbp1l1b
4550,ehd1a,ehd1a
4551,ehd1b,ehd1b
4552,ehd2b,ehd2b
4553,ehd3,ehd3
4554,ehd4,ehd4
4555,ehhadh,ehhadh
4556,ehmt1a,ehmt1a
4557,ehmt1b,ehmt1b
4558,ehmt2,ehmt2
4559,ei24,ei24
4560,eif1ad,eif1ad
4561,eif1axa,eif1axa
4562,eif1axb,eif1axb
4563,eif1b,eif1b
4564,eif2a,eif2a
4565,eif2ak1,eif2ak1
4566,eif2ak3,eif2ak3
4567,eif2b1,eif2b1
4568,eif2b2,eif2b2
4569,eif2b3,eif2b3
4570,eif2b4,eif2b4
4571,eif2b5,eif2b5
4572,eif2d,eif2d
4573,eif2s1a,eif2s1a
4574,eif2s1b,eif2s1b
4575,eif2s2,eif2s2
4576,eif2s3,eif2s3
4577,eif3ba,eif3ba
4578,eif3c,eif3c
4579,eif3d,eif3d
4580,eif3ea,eif3ea
4581,eif3eb,eif3eb
4582,eif3f,eif3f
4583,eif3g,eif3g
4584,eif3ha,eif3ha
4585,eif3hb,eif3hb
4586,eif3i,eif3i
4587,eif3ja,eif3ja
4588,eif3jb,eif3jb
4589,eif3k,eif3k
4590,eif3m,eif3m
4591,eif3s10,eif3s10
4592,eif3s6ip,eif3s6ip
4593,eif4a1a,eif4a1a
4594,eif4a1b,eif4a1b
4595,eif4a2,eif4a2
4596,eif4a3,eif4a3
4597,eif4ba,eif4ba
4598,eif4bb,eif4bb
4599,eif4e1c,eif4e1c
4600,eif4e2,eif4e2
4601,eif4e2rs1,eif4e2rs1
4602,eif4e3,eif4e3
4603,eif4ea,eif4ea
4604,eif4eb,eif4eb
4605,eif4ebp1,eif4ebp1
4606,eif4ebp2,eif4ebp2
4607,eif4ebp3,eif4ebp3
4608,eif4ebp3l,eif4ebp3l
4609,eif4enif1,eif4enif1
4610,eif4g1a,eif4g1a
4611,eif4g2a,eif4g2a
4612,eif4g2b,eif4g2b
4613,eif4g3a,eif4g3a
4614,eif4g3b,eif4g3b
4615,eif4h,eif4h
4616,eif5,eif5
4617,eif5a,eif5a
4618,eif5a2,eif5a2
4619,eif5b,eif5b
4620,eif6,eif6
4621,eipr1,eipr1
4622,ek1,ek1
4623,elac1,elac1
4624,elac2,elac2
4625,elavl1a,elavl1a
4626,elavl1b,elavl1b
4627,elavl2,elavl2
4628,elavl3,elavl3
4629,elavl4,elavl4
4630,elf1,elf1
4631,elf2a,elf2a
4632,elf2b,elf2b
4633,elf3,elf3
4634,elk1,elk1
4635,elk3,elk3
4636,elk4,elk4
4637,ell,ell
4638,ell2,ell2
4639,elmo1,elmo1
4640,elmo2,elmo2
4641,elmo3,elmo3
4642,elmod2,elmod2
4643,elmod3,elmod3
4644,elmsan1b,elmsan1b
4645,elnb,elnb
4646,eloa,eloa
4647,elob,elob
4648,eloca,eloca
4649,elocb,elocb
4650,elof1,elof1
4651,elovl1a,elovl1a
4652,elovl1b,elovl1b
4653,elovl2,elovl2
4654,elovl4a,elovl4a
4655,elovl4b,elovl4b
4656,elovl5,elovl5
4657,elovl6,elovl6
4658,elovl6l,elovl6l
4659,elovl7a,elovl7a
4660,elovl7b,elovl7b
4661,elovl8b,elovl8b
4662,elp1,elp1
4663,elp2,elp2
4664,elp3,elp3
4665,elp4,elp4
4666,elp5,elp5
4667,elp6,elp6
4668,emc1,emc1
4669,emc10,emc10
4670,emc2,emc2
4671,emc3,emc3
4672,emc4,emc4
4673,emc6,emc6
4674,emc7,emc7
4675,emc8,emc8
4676,emc9,emc9
4677,emd,emd
4678,eme1,eme1
4679,emg1,emg1
4680,emid1,emid1
4681,emilin1a,emilin1a
4682,emilin1b,emilin1b
4683,emilin2b,emilin2b
4684,emilin3a,emilin3a
4685,eml1,eml1
4686,eml2,eml2
4687,eml3,eml3
4688,emp2,emp2
4689,emp3b,emp3b
4690,emsy,emsy
4691,emx1,emx1
4692,emx2,emx2
4693,emx3,emx3
4694,en1a,en1a
4695,en1b,en1b
4696,en2a,en2a
4697,en2b,en2b
4698,enah,enah
4699,enc1,enc1
4700,enc2,enc2
4701,enc3,enc3
4702,endog,endog
4703,endou2,endou2
4704,endouc,endouc
4705,engase,engase
4706,enkur,enkur
4707,eno1a,eno1a
4708,eno1b,eno1b
4709,eno2,eno2
4710,eno3,eno3
4711,eno4,eno4
4712,enoph1,enoph1
4713,enosf1,enosf1
4714,enox2,enox2
4715,enpep,enpep
4716,enpp1,enpp1
4717,enpp2,enpp2
4718,enpp4,enpp4
4719,enpp5,enpp5
4720,enpp6,enpp6
4721,entpd1,entpd1
4722,entpd2a.1,entpd2a.1
4723,entpd4,entpd4
4724,entpd5b,entpd5b
4725,entpd6,entpd6
4726,eny2,eny2
4727,eomesa,eomesa
4728,ep300a,ep300a
4729,ep300b,ep300b
4730,ep400,ep400
4731,epas1a,epas1a
4732,epas1b,epas1b
4733,epb41a,epb41a
4734,epb41b,epb41b
4735,epb41l3a,epb41l3a
4736,epb41l3b,epb41l3b
4737,epb41l4a,epb41l4a
4738,epb41l5,epb41l5
4739,epc1a,epc1a
4740,epc1b,epc1b
4741,epc2,epc2
4742,epcam,epcam
4743,epdl1,epdl1
4744,epdr1,epdr1
4745,epg5,epg5
4746,epgn,epgn
4747,epha2a,epha2a
4748,epha2b,epha2b
4749,epha3,epha3
4750,epha4a,epha4a
4751,epha4b,epha4b
4752,epha4l,epha4l
4753,epha6,epha6
4754,epha7,epha7
4755,ephb1,ephb1
4756,ephb2a,ephb2a
4757,ephb2b,ephb2b
4758,ephb3a,ephb3a
4759,ephb4a,ephb4a
4760,ephb4b,ephb4b
4761,ephb6,ephb6
4762,ephx1,ephx1
4763,ephx2,ephx2
4764,ephx5,ephx5
4765,epn1,epn1
4766,epn2,epn2
4767,epn3a,epn3a
4768,epoa,epoa
4769,eppk1,eppk1
4770,eprs,eprs
4771,eps15,eps15
4772,eps15l1a,eps15l1a
4773,eps8,eps8
4774,eps8l1,eps8l1
4775,eps8l2,eps8l2
4776,eps8l3a,eps8l3a
4777,epyc,epyc
4778,eral1,eral1
4779,erap1a,erap1a
4780,erbb2,erbb2
4781,erbb3b,erbb3b
4782,erbin,erbin
4783,erc2,erc2
4784,ercc1,ercc1
4785,ercc2,ercc2
4786,ercc3,ercc3
4787,ercc4,ercc4
4788,ercc5,ercc5
4789,ercc6,ercc6
4790,ercc6l,ercc6l
4791,ercc6l2,ercc6l2
4792,ercc8,ercc8
4793,erf,erf
4794,erfl1,erfl1
4795,erfl3,erfl3
4796,ergic1,ergic1
4797,ergic2,ergic2
4798,ergic3,ergic3
4799,erh,erh
4800,eri1,eri1
4801,eri2,eri2
4802,erich2,erich2
4803,erich3,erich3
4804,erlec1,erlec1
4805,erlin1,erlin1
4806,erlin2,erlin2
4807,ern1,ern1
4808,ero1a,ero1a
4809,ero1b,ero1b
4810,erp44,erp44
4811,errfi1a,errfi1a
4812,esama,esama
4813,esco1,esco1
4814,esco2,esco2
4815,esd,esd
4816,esf1,esf1
4817,esm1,esm1
4818,espl1,espl1
4819,espn,espn
4820,esr1,esr1
4821,esrp1,esrp1
4822,esrp2,esrp2
4823,esrrb,esrrb
4824,ess2,ess2
4825,esyt2a,esyt2a
4826,esyt2b,esyt2b
4827,etaa1,etaa1
4828,etf1a,etf1a
4829,etf1b,etf1b
4830,etfa,etfa
4831,etfb,etfb
4832,etfbkmt,etfbkmt
4833,etfdh,etfdh
4834,ethe1,ethe1
4835,etnk1,etnk1
4836,ets2,ets2
4837,etv1,etv1
4838,etv2,etv2
4839,etv4,etv4
4840,etv5a,etv5a
4841,etv5b,etv5b
4842,eva1a,eva1a
4843,eva1ba,eva1ba
4844,eve1,eve1
4845,evi5a,evi5a
4846,evi5b,evi5b
4847,evla,evla
4848,evpla,evpla
4849,evplb,evplb
4850,evx2,evx2
4851,ewsr1a,ewsr1a
4852,ewsr1b,ewsr1b
4853,exd1,exd1
4854,exd2,exd2
4855,exd3,exd3
4856,exo1,exo1
4857,exo5,exo5
4858,exoc1,exoc1
4859,exoc2,exoc2
4860,exoc3,exoc3
4861,exoc3l1,exoc3l1
4862,exoc3l2a,exoc3l2a
4863,exoc3l4,exoc3l4
4864,exoc4,exoc4
4865,exoc5,exoc5
4866,exoc6,exoc6
4867,exoc6b,exoc6b
4868,exoc7,exoc7
4869,exoc8,exoc8
4870,exosc1,exosc1
4871,exosc10,exosc10
4872,exosc2,exosc2
4873,exosc4,exosc4
4874,exosc5,exosc5
4875,exosc6,exosc6
4876,exosc7,exosc7
4877,exosc8,exosc8
4878,exosc9,exosc9
4879,ext1a,ext1a
4880,ext1b,ext1b
4881,ext2,ext2
4882,extl2,extl2
4883,extl3,extl3
4884,eya1,eya1
4885,eya2,eya2
4886,eya3,eya3
4887,eya4,eya4
4888,ezh1,ezh1
4889,ezh2,ezh2
4890,ezra,ezra
4891,f10,f10
4892,f11r.1,f11r.1
4893,f11r.2,f11r.2
4894,f13a1b,f13a1b
4895,f2,f2
4896,f2rl1.1,f2rl1.1
4897,f2rl1.2,f2rl1.2
4898,f3b,f3b
4899,f5,f5
4900,f8,f8
4901,fa2h,fa2h
4902,faah,faah
4903,faah2a,faah2a
4904,faap24,faap24
4905,fabp10b,fabp10b
4906,fabp11a,fabp11a
4907,fabp1b.1,fabp1b.1
4908,fabp2,fabp2
4909,fabp3,fabp3
4910,fabp6,fabp6
4911,fabp7a,fabp7a
4912,fabp7b,fabp7b
4913,fadd,fadd
4914,fads2,fads2
4915,faf1,faf1
4916,faf2,faf2
4917,fahd1,fahd1
4918,fahd2a,fahd2a
4919,faim2a,faim2a
4920,faima,faima
4921,fam102ab,fam102ab
4922,fam107b,fam107b
4923,fam110b,fam110b
4924,fam110c,fam110c
4925,fam114a1,fam114a1
4926,fam114a2,fam114a2
4927,fam117aa,fam117aa
4928,fam117ab,fam117ab
4929,fam117ba,fam117ba
4930,fam118b,fam118b
4931,fam120a,fam120a
4932,fam120b,fam120b
4933,fam120c,fam120c
4934,fam122b,fam122b
4935,fam126a,fam126a
4936,fam129aa,fam129aa
4937,fam129ab,fam129ab
4938,fam129ba,fam129ba
4939,fam129bb,fam129bb
4940,fam131a,fam131a
4941,fam131ba,fam131ba
4942,fam131bb,fam131bb
4943,fam131c,fam131c
4944,fam133b,fam133b
4945,fam135a,fam135a
4946,fam136a,fam136a
4947,fam13a,fam13a
4948,fam13b,fam13b
4949,fam149a,fam149a
4950,fam149b1,fam149b1
4951,fam151b,fam151b
4952,fam155a,fam155a
4953,fam155b,fam155b
4954,fam160a1a,fam160a1a
4955,fam160a2,fam160a2
4956,fam160b1,fam160b1
4957,fam160b2,fam160b2
4958,fam161a,fam161a
4959,fam161b,fam161b
4960,fam162a,fam162a
4961,fam167ab,fam167ab
4962,fam167b,fam167b
4963,fam168a,fam168a
4964,fam168b,fam168b
4965,fam169aa,fam169aa
4966,fam171a2a,fam171a2a
4967,fam172a,fam172a
4968,fam173a,fam173a
4969,fam173b,fam173b
4970,fam174b,fam174b
4971,fam177a1,fam177a1
4972,fam183a,fam183a
4973,fam184a,fam184a
4974,fam184b,fam184b
4975,fam185a,fam185a
4976,fam189a1,fam189a1
4977,fam189a2,fam189a2
4978,fam192a,fam192a
4979,fam193a,fam193a
4980,fam193b,fam193b
4981,fam198a,fam198a
4982,fam198b,fam198b
4983,fam199x,fam199x
4984,fam19a1a,fam19a1a
4985,fam19a5b,fam19a5b
4986,fam204a,fam204a
4987,fam206a,fam206a
4988,fam207a,fam207a
4989,fam208aa,fam208aa
4990,fam208ab,fam208ab
4991,fam208b,fam208b
4992,fam20b,fam20b
4993,fam20ca,fam20ca
4994,fam210aa,fam210aa
4995,fam210ab,fam210ab
4996,fam210b,fam210b
4997,fam212aa,fam212aa
4998,fam212ab,fam212ab
4999,fam212b,fam212b
5000,fam213b,fam213b
5001,fam214a,fam214a
5002,fam214b,fam214b
5003,fam219aa,fam219aa
5004,fam219b,fam219b
5005,fam222ba,fam222ba
5006,fam222bb,fam222bb
5007,fam228a,fam228a
5008,fam234a,fam234a
5009,fam234b,fam234b
5010,fam32a,fam32a
5011,fam3a,fam3a
5012,fam3c,fam3c
5013,fam43a,fam43a
5014,fam45a,fam45a
5015,fam46ab,fam46ab
5016,fam46ba,fam46ba
5017,fam46bb,fam46bb
5018,fam46c,fam46c
5019,fam49a,fam49a
5020,fam49al,fam49al
5021,fam49ba,fam49ba
5022,fam49bb,fam49bb
5023,fam50a,fam50a
5024,fam53b,fam53b
5025,fam57a,fam57a
5026,fam57ba,fam57ba
5027,fam69aa,fam69aa
5028,fam69ab,fam69ab
5029,fam69c,fam69c
5030,fam76b,fam76b
5031,fam78ba,fam78ba
5032,fam83b,fam83b
5033,fam83d,fam83d
5034,fam83e,fam83e
5035,fam83fa,fam83fa
5036,fam83fb,fam83fb
5037,fam83ha,fam83ha
5038,fam83hb,fam83hb
5039,fam84a,fam84a
5040,fam84b,fam84b
5041,fam89a,fam89a
5042,fam8a1b,fam8a1b
5043,fam91a1,fam91a1
5044,fam92a1,fam92a1
5045,fam96a,fam96a
5046,fam96b,fam96b
5047,fam98a,fam98a
5048,fam98b,fam98b
5049,fan1,fan1
5050,fanca,fanca
5051,fancb,fancb
5052,fancc,fancc
5053,fancd2,fancd2
5054,fance,fance
5055,fancf,fancf
5056,fancg,fancg
5057,fanci,fanci
5058,fancl,fancl
5059,fancm,fancm
5060,fap,fap
5061,far1,far1
5062,farp1,farp1
5063,farp2,farp2
5064,fars2,fars2
5065,farsa,farsa
5066,farsb,farsb
5067,fasn,fasn
5068,fastk,fastk
5069,fastkd1,fastkd1
5070,fastkd2,fastkd2
5071,fastkd3,fastkd3
5072,fat1a,fat1a
5073,fat1b,fat1b
5074,fat2,fat2
5075,fat3a,fat3a
5076,faua,faua
5077,faub,faub
5078,faxdc2,faxdc2
5079,fbl,fbl
5080,fblim1,fblim1
5081,fbln2,fbln2
5082,fbln5,fbln5
5083,fbln7,fbln7
5084,fbn2b,fbn2b
5085,fbp1a,fbp1a
5086,fbp1b,fbp1b
5087,fbrs,fbrs
5088,fbrsl1,fbrsl1
5089,fbxl14a,fbxl14a
5090,fbxl14b,fbxl14b
5091,fbxl15,fbxl15
5092,fbxl16,fbxl16
5093,fbxl17,fbxl17
5094,fbxl18,fbxl18
5095,fbxl2,fbxl2
5096,fbxl20,fbxl20
5097,fbxl22,fbxl22
5098,fbxl3a,fbxl3a
5099,fbxl3b,fbxl3b
5100,fbxl4,fbxl4
5101,fbxl5,fbxl5
5102,fbxl6,fbxl6
5103,fbxl7,fbxl7
5104,fbxl8,fbxl8
5105,fbxo10,fbxo10
5106,fbxo11a,fbxo11a
5107,fbxo15,fbxo15
5108,fbxo16,fbxo16
5109,fbxo18,fbxo18
5110,fbxo22,fbxo22
5111,fbxo25,fbxo25
5112,fbxo3,fbxo3
5113,fbxo30a,fbxo30a
5114,fbxo30b,fbxo30b
5115,fbxo31,fbxo31
5116,fbxo32,fbxo32
5117,fbxo34,fbxo34
5118,fbxo36b,fbxo36b
5119,fbxo38,fbxo38
5120,fbxo40.1,fbxo40.1
5121,fbxo42,fbxo42
5122,fbxo43,fbxo43
5123,fbxo44,fbxo44
5124,fbxo45,fbxo45
5125,fbxo5,fbxo5
5126,fbxo7,fbxo7
5127,fbxo8,fbxo8
5128,fbxo9,fbxo9
5129,fbxw11a,fbxw11a
5130,fbxw11b,fbxw11b
5131,fbxw2,fbxw2
5132,fbxw4,fbxw4
5133,fbxw5,fbxw5
5134,fbxw7,fbxw7
5135,fbxw8,fbxw8
5136,fbxw9,fbxw9
5137,fcer1gl,fcer1gl
5138,fcf1,fcf1
5139,fcho1,fcho1
5140,fcho2,fcho2
5141,fdps,fdps
5142,fdx1,fdx1
5143,fdx1b,fdx1b
5144,fdx1l,fdx1l
5145,fdxacb1,fdxacb1
5146,fdxr,fdxr
5147,fech,fech
5148,fem1b,fem1b
5149,fem1c,fem1c
5150,fen1,fen1
5151,fer,fer
5152,fermt1,fermt1
5153,fermt2,fermt2
5154,fermt3b,fermt3b
5155,fes,fes
5156,fetub,fetub
5157,fev,fev
5158,fez1,fez1
5159,fezf1,fezf1
5160,fezf2,fezf2
5161,fgb,fgb
5162,fgd1,fgd1
5163,fgd4a,fgd4a
5164,fgd4b,fgd4b
5165,fgd5a,fgd5a
5166,fgd5b,fgd5b
5167,fgd6,fgd6
5168,fgf10a,fgf10a
5169,fgf10b,fgf10b
5170,fgf12a,fgf12a
5171,fgf12b,fgf12b
5172,fgf13a,fgf13a
5173,fgf13b,fgf13b
5174,fgf17,fgf17
5175,fgf18a,fgf18a
5176,fgf18b,fgf18b
5177,fgf1a,fgf1a
5178,fgf1b,fgf1b
5179,fgf20b,fgf20b
5180,fgf24,fgf24
5181,fgf3,fgf3
5182,fgf4,fgf4
5183,fgf8a,fgf8a
5184,fgf8b,fgf8b
5185,fgfbp2a,fgfbp2a
5186,fgfbp2b,fgfbp2b
5187,fgfr1a,fgfr1a
5188,fgfr1b,fgfr1b
5189,fgfr1op,fgfr1op
5190,fgfr1op2,fgfr1op2
5191,fgfr2,fgfr2
5192,fgfr3,fgfr3
5193,fgfr4,fgfr4
5194,fgfrl1a,fgfrl1a
5195,fgfrl1b,fgfrl1b
5196,fggy,fggy
5197,fgl1,fgl1
5198,fgl2a,fgl2a
5199,fh,fh
5200,fhad1,fhad1
5201,fhdc1,fhdc1
5202,fhdc2,fhdc2
5203,fhdc3,fhdc3
5204,fhit,fhit
5205,fhl1a,fhl1a
5206,fhl1b,fhl1b
5207,fhl2a,fhl2a
5208,fhl3a,fhl3a
5209,fhl3b,fhl3b
5210,fhod1,fhod1
5211,fhod3a,fhod3a
5212,fhod3b,fhod3b
5213,fibina,fibina
5214,fibinb,fibinb
5215,fibpa,fibpa
5216,fibpb,fibpb
5217,ficd,ficd
5218,fign,fign
5219,fignl1,fignl1
5220,filip1a,filip1a
5221,filip1b,filip1b
5222,fip1l1a,fip1l1a
5223,fip1l1b,fip1l1b
5224,fis1,fis1
5225,fitm1,fitm1
5226,fitm2,fitm2
5227,fjx1,fjx1
5228,fkbp10a,fkbp10a
5229,fkbp10b,fkbp10b
5230,fkbp11,fkbp11
5231,fkbp14,fkbp14
5232,fkbp16,fkbp16
5233,fkbp1aa,fkbp1aa
5234,fkbp1ab,fkbp1ab
5235,fkbp1b,fkbp1b
5236,fkbp2,fkbp2
5237,fkbp3,fkbp3
5238,fkbp4,fkbp4
5239,fkbp5,fkbp5
5240,fkbp6,fkbp6
5241,fkbp7,fkbp7
5242,fkbp8,fkbp8
5243,fkbp9,fkbp9
5244,fkbpl,fkbpl
5245,fkrp,fkrp
5246,fktn,fktn
5247,flad1,flad1
5248,flcn,flcn
5249,fli1a,fli1a
5250,fli1b,fli1b
5251,flii,flii
5252,flj11011l,flj11011l
5253,flj13639,flj13639
5254,flna,flna
5255,flnb,flnb
5256,flnca,flnca
5257,flncb,flncb
5258,flot1b,flot1b
5259,flot2a,flot2a
5260,flot2b,flot2b
5261,flr,flr
5262,flrt1b,flrt1b
5263,flrt2,flrt2
5264,flrt3,flrt3
5265,flt1,flt1
5266,flt4,flt4
5267,flvcr1,flvcr1
5268,flvcr2b,flvcr2b
5269,fmn2a,fmn2a
5270,fmn2b,fmn2b
5271,fmnl1a,fmnl1a
5272,fmnl2a,fmnl2a
5273,fmnl2b,fmnl2b
5274,fmnl3,fmnl3
5275,fmo5,fmo5
5276,fmoda,fmoda
5277,fmr1,fmr1
5278,fn1a,fn1a
5279,fn1b,fn1b
5280,fnbp1a,fnbp1a
5281,fnbp1l,fnbp1l
5282,fnbp4,fnbp4
5283,fndc1,fndc1
5284,fndc3a,fndc3a
5285,fndc3ba,fndc3ba
5286,fndc3bb,fndc3bb
5287,fndc4b,fndc4b
5288,fnip1,fnip1
5289,fnta,fnta
5290,fntb,fntb
5291,focad,focad
5292,fopnl,fopnl
5293,fosab,fosab
5294,fosb,fosb
5295,fosl1a,fosl1a
5296,fosl2,fosl2
5297,foxa,foxa
5298,foxa1,foxa1
5299,foxa2,foxa2
5300,foxa3,foxa3
5301,foxb1a,foxb1a
5302,foxb1b,foxb1b
5303,foxc1a,foxc1a
5304,foxc1b,foxc1b
5305,foxd1,foxd1
5306,foxd2,foxd2
5307,foxd3,foxd3
5308,foxd5,foxd5
5309,foxe3,foxe3
5310,foxf1,foxf1
5311,foxf2a,foxf2a
5312,foxf2b,foxf2b
5313,foxg1a,foxg1a
5314,foxg1b,foxg1b
5315,foxg1d,foxg1d
5316,foxh1,foxh1
5317,foxi1,foxi1
5318,foxi3a,foxi3a
5319,foxi3b,foxi3b
5320,foxj1a,foxj1a
5321,foxj1b,foxj1b
5322,foxj2,foxj2
5323,foxj3,foxj3
5324,foxk1,foxk1
5325,foxk2,foxk2
5326,foxl1,foxl1
5327,foxl2b,foxl2b
5328,foxm1,foxm1
5329,foxn2b,foxn2b
5330,foxn3,foxn3
5331,foxn4,foxn4
5332,foxo1a,foxo1a
5333,foxo3a,foxo3a
5334,foxo3b,foxo3b
5335,foxo4,foxo4
5336,foxp1a,foxp1a
5337,foxp1b,foxp1b
5338,foxp2,foxp2
5339,foxp3b,foxp3b
5340,foxp4,foxp4
5341,foxq1a,foxq1a
5342,foxq1b,foxq1b
5343,foxred1,foxred1
5344,foxred2,foxred2
5345,fpgs,fpgs
5346,fpgt,fpgt
5347,fpr1,fpr1
5348,fra10ac1,fra10ac1
5349,fras1,fras1
5350,frem1a,frem1a
5351,frem1b,frem1b
5352,frem2a,frem2a
5353,frem2b,frem2b
5354,frem3,frem3
5355,frg1,frg1
5356,frk,frk
5357,frmd4ba,frmd4ba
5358,frmd5,frmd5
5359,frmd6,frmd6
5360,frmd8,frmd8
5361,frmpd1b,frmpd1b
5362,frmpd3,frmpd3
5363,frs2a,frs2a
5364,frs2b,frs2b
5365,frs3,frs3
5366,frya,frya
5367,fryb,fryb
5368,fryl,fryl
5369,frzb,frzb
5370,fsbp,fsbp
5371,fscn1a,fscn1a
5372,fscn1b,fscn1b
5373,fscn2b,fscn2b
5374,fsd1,fsd1
5375,fsta,fsta
5376,fstb,fstb
5377,fstl1a,fstl1a
5378,fstl1b,fstl1b
5379,fstl3,fstl3
5380,fstl4,fstl4
5381,ftcd,ftcd
5382,fth1a,fth1a
5383,fth1b,fth1b
5384,fto,fto
5385,ftr02,ftr02
5386,ftr14,ftr14
5387,ftr23,ftr23
5388,ftr24,ftr24
5389,ftr43,ftr43
5390,ftr51,ftr51
5391,ftr64,ftr64
5392,ftr67,ftr67
5393,ftr82,ftr82
5394,ftr83,ftr83
5395,ftr86,ftr86
5396,ftr93,ftr93
5397,ftsj1,ftsj1
5398,ftsj3,ftsj3
5399,fubp1,fubp1
5400,fubp3,fubp3
5401,fuca1.1,fuca1.1
5402,fuca1.2,fuca1.2
5403,fuca2,fuca2
5404,fuk,fuk
5405,fundc1,fundc1
5406,fundc2,fundc2
5407,fuom,fuom
5408,furina,furina
5409,furinb,furinb
5410,fus,fus
5411,fut10,fut10
5412,fut11,fut11
5413,fut7,fut7
5414,fut8a,fut8a
5415,fut9b,fut9b
5416,fut9d,fut9d
5417,fxn,fxn
5418,fxr1,fxr1
5419,fxr2,fxr2
5420,fxyd1,fxyd1
5421,fxyd6l,fxyd6l
5422,fybb,fybb
5423,fyco1a,fyco1a
5424,fyco1b,fyco1b
5425,fyna,fyna
5426,fynb,fynb
5427,fzd10,fzd10
5428,fzd2,fzd2
5429,fzd3a,fzd3a
5430,fzd3b,fzd3b
5431,fzd4,fzd4
5432,fzd5,fzd5
5433,fzd7a,fzd7a
5434,fzd7b,fzd7b
5435,fzd8a,fzd8a
5436,fzd8b,fzd8b
5437,fzd9b,fzd9b
5438,fzr1a,fzr1a
5439,fzr1b,fzr1b
5440,g0s2,g0s2
5441,g2e3,g2e3
5442,g3bp1,g3bp1
5443,g3bp2,g3bp2
5444,g6pc3,g6pc3
5445,g6pca.2,g6pca.2
5446,g6pd,g6pd
5447,gaa,gaa
5448,gab1,gab1
5449,gabarapa,gabarapa
5450,gabarapb,gabarapb
5451,gabarapl2,gabarapl2
5452,gabbr1a,gabbr1a
5453,gabbr1b,gabbr1b
5454,gabpa,gabpa
5455,gabpb1,gabpb1
5456,gabpb2a,gabpb2a
5457,gabpb2b,gabpb2b
5458,gabrb1,gabrb1
5459,gabrb3,gabrb3
5460,gabrr2b,gabrr2b
5461,gad2,gad2
5462,gadd45aa,gadd45aa
5463,gadd45ab,gadd45ab
5464,gadd45ba,gadd45ba
5465,gadd45bb,gadd45bb
5466,gadd45ga,gadd45ga
5467,gadd45gb.1,gadd45gb.1
5468,gadd45gip1,gadd45gip1
5469,gak,gak
5470,gal3st1a,gal3st1a
5471,gal3st3,gal3st3
5472,gal3st4,gal3st4
5473,galca,galca
5474,galcb,galcb
5475,gale,gale
5476,galk1,galk1
5477,galk2,galk2
5478,galm,galm
5479,galns,galns
5480,galnt1,galnt1
5481,galnt10,galnt10
5482,galnt11,galnt11
5483,galnt12,galnt12
5484,galnt13,galnt13
5485,galnt14,galnt14
5486,galnt17,galnt17
5487,galnt18b,galnt18b
5488,galnt2,galnt2
5489,galnt6,galnt6
5490,galnt7,galnt7
5491,galnt8a.2,galnt8a.2
5492,galnt8b.1,galnt8b.1
5493,galt,galt
5494,gamt,gamt
5495,ganab,ganab
5496,ganc,ganc
5497,gap43,gap43
5498,gapdh,gapdh
5499,gapdhs,gapdhs
5500,gapvd1,gapvd1
5501,gar1,gar1
5502,garem,garem
5503,gars,gars
5504,gart,gart
5505,gas1a,gas1a
5506,gas1b,gas1b
5507,gas2b,gas2b
5508,gas2l1,gas2l1
5509,gas2l3,gas2l3
5510,gas6,gas6
5511,gas7a,gas7a
5512,gas8,gas8
5513,gata1a,gata1a
5514,gata2a,gata2a
5515,gata3,gata3
5516,gata4,gata4
5517,gata5,gata5
5518,gata6,gata6
5519,gatad1,gatad1
5520,gatad2ab,gatad2ab
5521,gatad2b,gatad2b
5522,gatb,gatb
5523,gatd1,gatd1
5524,gatm,gatm
5525,gatsl2,gatsl2
5526,gb:ai877918,gbai877918
5527,gb:bc139872,gbbc139872
5528,gb:cr929477,gbcr929477
5529,gb:eh507706,gbeh507706
5530,gba,gba
5531,gba2,gba2
5532,gbf1,gbf1
5533,gbgt1l4,gbgt1l4
5534,gbp,gbp
5535,gbp1,gbp1
5536,gbp3,gbp3
5537,gbx1,gbx1
5538,gbx2,gbx2
5539,gcat,gcat
5540,gcc1,gcc1
5541,gcdha,gcdha
5542,gcdhb,gcdhb
5543,gcfc2,gcfc2
5544,gcga,gcga
5545,gch1,gch1
5546,gch2,gch2
5547,gchfr,gchfr
5548,gclc,gclc
5549,gclm,gclm
5550,gcm2,gcm2
5551,gcn1,gcn1
5552,gcna,gcna
5553,gcnt3,gcnt3
5554,gcnt4a,gcnt4a
5555,gcnt4b,gcnt4b
5556,gcnt7,gcnt7
5557,gcsha,gcsha
5558,gcshb,gcshb
5559,gda,gda
5560,gdap2,gdap2
5561,gde1,gde1
5562,gdf10a,gdf10a
5563,gdf11,gdf11
5564,gdf3,gdf3
5565,gdf6a,gdf6a
5566,gdf7,gdf7
5567,gdi1,gdi1
5568,gdi2,gdi2
5569,gdnfa,gdnfa
5570,gdpd1,gdpd1
5571,gdpd2,gdpd2
5572,gdpd3a,gdpd3a
5573,gdpd4b,gdpd4b
5574,gdpd5a,gdpd5a
5575,gdpd5b,gdpd5b
5576,gem,gem
5577,gemin2,gemin2
5578,gemin4,gemin4
5579,gemin5,gemin5
5580,gemin6,gemin6
5581,gemin7,gemin7
5582,gemin8,gemin8
5583,get4,get4
5584,gfap,gfap
5585,gfer,gfer
5586,gfi1ab,gfi1ab
5587,gfm1,gfm1
5588,gfm2,gfm2
5589,gfod2,gfod2
5590,gfpt1,gfpt1
5591,gfra1a,gfra1a
5592,gfra3,gfra3
5593,gfra4a,gfra4a
5594,gfra4b,gfra4b
5595,gga1,gga1
5596,gga3,gga3
5597,ggact.1,ggact.1
5598,ggact.2,ggact.2
5599,ggact.3,ggact.3
5600,ggcta,ggcta
5601,ggctb,ggctb
5602,ggcx,ggcx
5603,ggh,ggh
5604,ggnbp2,ggnbp2
5605,ggps1,ggps1
5606,ggt1a,ggt1a
5607,ggt5a,ggt5a
5608,ghdc,ghdc
5609,ghra,ghra
5610,ghrb,ghrb
5611,ghsra,ghsra
5612,gid8a,gid8a
5613,gid8b,gid8b
5614,gig2o,gig2o
5615,gigyf1a,gigyf1a
5616,gigyf1b,gigyf1b
5617,gigyf2,gigyf2
5618,ginm1,ginm1
5619,gins1,gins1
5620,gins2,gins2
5621,gins3,gins3
5622,gins4,gins4
5623,gipc2,gipc2
5624,gipc3,gipc3
5625,git1,git1
5626,git2a,git2a
5627,git2b,git2b
5628,gjd2b,gjd2b
5629,gk5,gk5
5630,gkap1,gkap1
5631,gkup,gkup
5632,gla,gla
5633,glb1,glb1
5634,glb1l,glb1l
5635,glcci1a,glcci1a
5636,glceb,glceb
5637,gldc,gldc
5638,gle1,gle1
5639,glg1a,glg1a
5640,glg1b,glg1b
5641,gli1,gli1
5642,gli2a,gli2a
5643,gli2b,gli2b
5644,gli3,gli3
5645,glipr1a,glipr1a
5646,glipr2,glipr2
5647,glipr2l,glipr2l
5648,glis2a,glis2a
5649,glmna,glmna
5650,glmp,glmp
5651,glo1,glo1
5652,glod4,glod4
5653,glod5,glod5
5654,glra1,glra1
5655,glra3,glra3
5656,glrbb,glrbb
5657,glrx,glrx
5658,glrx2,glrx2
5659,glrx3,glrx3
5660,glrx5,glrx5
5661,glsa,glsa
5662,glsb,glsb
5663,glsl,glsl
5664,glt8d1,glt8d1
5665,glud1a,glud1a
5666,glud1b,glud1b
5667,glula,glula
5668,glulb,glulb
5669,glyctk,glyctk
5670,glyr1,glyr1
5671,gm2a,gm2a
5672,gmcl1,gmcl1
5673,gmds,gmds
5674,gmeb1,gmeb1
5675,gmfb,gmfb
5676,gmip,gmip
5677,gmnn,gmnn
5678,gmppaa,gmppaa
5679,gmppab,gmppab
5680,gmppb,gmppb
5681,gmpr2,gmpr2
5682,gmps,gmps
5683,gna11a,gna11a
5684,gna11b,gna11b
5685,gna12a,gna12a
5686,gna13a,gna13a
5687,gna13b,gna13b
5688,gna14,gna14
5689,gnai1,gnai1
5690,gnai2a,gnai2a
5691,gnai2b,gnai2b
5692,gnai3,gnai3
5693,gnaia,gnaia
5694,gnal,gnal
5695,gnal2,gnal2
5696,gnao1a,gnao1a
5697,gnao1b,gnao1b
5698,gnas,gnas
5699,gnav1,gnav1
5700,gnb1a,gnb1a
5701,gnb1b,gnb1b
5702,gnb2,gnb2
5703,gnb4b,gnb4b
5704,gne,gne
5705,gng10,gng10
5706,gng12a,gng12a
5707,gng13b,gng13b
5708,gng2,gng2
5709,gng3,gng3
5710,gng5,gng5
5711,gng7,gng7
5712,gnl1,gnl1
5713,gnl2,gnl2
5714,gnl3,gnl3
5715,gnl3l,gnl3l
5716,gnmt,gnmt
5717,gnpat,gnpat
5718,gnpda1,gnpda1
5719,gnpda2,gnpda2
5720,gnpnat1,gnpnat1
5721,gnptab,gnptab
5722,gnptg,gnptg
5723,gnsa,gnsa
5724,gnsb,gnsb
5725,golga1,golga1
5726,golga2,golga2
5727,golga3,golga3
5728,golga4,golga4
5729,golga5,golga5
5730,golga7,golga7
5731,golga7ba,golga7ba
5732,golgb1,golgb1
5733,golim4b,golim4b
5734,golph3,golph3
5735,golph3l,golph3l
5736,golt1ba,golt1ba
5737,golt1bb,golt1bb
5738,gon4l,gon4l
5739,gopc,gopc
5740,gorab,gorab
5741,gorasp1a,gorasp1a
5742,gorasp2,gorasp2
5743,gosr1,gosr1
5744,gosr2,gosr2
5745,got1,got1
5746,got1l1,got1l1
5747,got2a,got2a
5748,got2b,got2b
5749,gp1bb,gp1bb
5750,gpaa1,gpaa1
5751,gpalpp1,gpalpp1
5752,gpam,gpam
5753,gpank1,gpank1
5754,gpat2,gpat2
5755,gpat3,gpat3
5756,gpat4,gpat4
5757,gpatch1,gpatch1
5758,gpatch11,gpatch11
5759,gpatch3,gpatch3
5760,gpatch4,gpatch4
5761,gpatch8,gpatch8
5762,gpbp1l1,gpbp1l1
5763,gpc1b,gpc1b
5764,gpc3,gpc3
5765,gpc4,gpc4
5766,gpc5a,gpc5a
5767,gpcpd1,gpcpd1
5768,gpd1a,gpd1a
5769,gpd1b,gpd1b
5770,gpd1c,gpd1c
5771,gpd1l,gpd1l
5772,gpd2,gpd2
5773,gphna,gphna
5774,gphnb,gphnb
5775,gpia,gpia
5776,gpkow,gpkow
5777,gpm6aa,gpm6aa
5778,gpm6ab,gpm6ab
5779,gpm6ba,gpm6ba
5780,gpm6bb,gpm6bb
5781,gpn1,gpn1
5782,gpn2,gpn2
5783,gpn3,gpn3
5784,gpr107,gpr107
5785,gpr108,gpr108
5786,gpr12,gpr12
5787,gpr132b,gpr132b
5788,gpr137,gpr137
5789,gpr143,gpr143
5790,gpr146,gpr146
5791,gpr155a,gpr155a
5792,gpr155b,gpr155b
5793,gpr157,gpr157
5794,gpr160,gpr160
5795,gpr161,gpr161
5796,gpr174,gpr174
5797,gpr182,gpr182
5798,gpr183a,gpr183a
5799,gpr183b,gpr183b
5800,gpr19,gpr19
5801,gpr22a,gpr22a
5802,gpr27,gpr27
5803,gpr35.1,gpr35.1
5804,gpr37a,gpr37a
5805,gpr37b,gpr37b
5806,gpr39,gpr39
5807,gpr63,gpr63
5808,gpr65,gpr65
5809,gpr75,gpr75
5810,gpr84,gpr84
5811,gpr85,gpr85
5812,gprc5ba,gprc5ba
5813,gps1,gps1
5814,gps2,gps2
5815,gpsm1a,gpsm1a
5816,gpsm1b,gpsm1b
5817,gpsm2,gpsm2
5818,gpsm2l,gpsm2l
5819,gpt2,gpt2
5820,gpt2l,gpt2l
5821,gpx1a,gpx1a
5822,gpx1b,gpx1b
5823,gpx3,gpx3
5824,gpx4a,gpx4a
5825,gpx4b,gpx4b
5826,gpx7,gpx7
5827,gpx8,gpx8
5828,gra,gra
5829,gramd1a,gramd1a
5830,gramd1c,gramd1c
5831,gramd2aa,gramd2aa
5832,gramd4b,gramd4b
5833,grap2a,grap2a
5834,grap2b,grap2b
5835,grapa,grapa
5836,grasp,grasp
5837,grb10a,grb10a
5838,grb10b,grb10b
5839,grb2a,grb2a
5840,grb2b,grb2b
5841,grcc10,grcc10
5842,greb1,greb1
5843,greb1l,greb1l
5844,grem1a,grem1a
5845,grem2b,grem2b
5846,grhl1,grhl1
5847,grhl2a,grhl2a
5848,grhl2b,grhl2b
5849,grhl3,grhl3
5850,grhpra,grhpra
5851,grhprb,grhprb
5852,gria1a,gria1a
5853,gria1b,gria1b
5854,gria2a,gria2a
5855,gria2b,gria2b
5856,gria3b,gria3b
5857,gria4a,gria4a
5858,gria4b,gria4b
5859,grid1a,grid1a
5860,grik1a,grik1a
5861,grik5,grik5
5862,grin1a,grin1a
5863,grin2bb,grin2bb
5864,grin2da,grin2da
5865,grin2db,grin2db
5866,grin3bb,grin3bb
5867,grinaa,grinaa
5868,grinab,grinab
5869,grip1,grip1
5870,grip2a,grip2a
5871,grip2b,grip2b
5872,gripap1,gripap1
5873,grk1a,grk1a
5874,grk3,grk3
5875,grk4,grk4
5876,grk5,grk5
5877,grk5l,grk5l
5878,grk6,grk6
5879,grk7b,grk7b
5880,grm2b,grm2b
5881,grm4,grm4
5882,grm6b,grm6b
5883,grna,grna
5884,grnb,grnb
5885,grp,grp
5886,grpel1,grpel1
5887,grpel2,grpel2
5888,grsf1,grsf1
5889,grtp1a,grtp1a
5890,grtp1b,grtp1b
5891,grwd1,grwd1
5892,gsap,gsap
5893,gsc,gsc
5894,gsdmea,gsdmea
5895,gsdmeb,gsdmeb
5896,gse1,gse1
5897,gsk3aa,gsk3aa
5898,gsk3ab,gsk3ab
5899,gsk3b,gsk3b
5900,gskip,gskip
5901,gsna,gsna
5902,gsnb,gsnb
5903,gspt1,gspt1
5904,gspt1l,gspt1l
5905,gsr,gsr
5906,gss,gss
5907,gsta.1,gsta.1
5908,gsta.2,gsta.2
5909,gstcd,gstcd
5910,gstk1,gstk1
5911,gstm.1,gstm.1
5912,gstm.2,gstm.2
5913,gstm.3,gstm.3
5914,gsto1,gsto1
5915,gsto2,gsto2
5916,gstp1,gstp1
5917,gstr,gstr
5918,gstt1a,gstt1a
5919,gstt1b,gstt1b
5920,gstt2,gstt2
5921,gsx1,gsx1
5922,gsx2,gsx2
5923,gtdc1,gtdc1
5924,gtf2a1,gtf2a1
5925,gtf2a1l,gtf2a1l
5926,gtf2a2,gtf2a2
5927,gtf2b,gtf2b
5928,gtf2e1,gtf2e1
5929,gtf2e2,gtf2e2
5930,gtf2f1,gtf2f1
5931,gtf2f2a,gtf2f2a
5932,gtf2h1,gtf2h1
5933,gtf2h2,gtf2h2
5934,gtf2h3,gtf2h3
5935,gtf2h4,gtf2h4
5936,gtf2h5,gtf2h5
5937,gtf2ird1,gtf2ird1
5938,gtf3aa,gtf3aa
5939,gtf3ab,gtf3ab
5940,gtf3c2,gtf3c2
5941,gtf3c3,gtf3c3
5942,gtf3c4,gtf3c4
5943,gtf3c5,gtf3c5
5944,gtf3c6,gtf3c6
5945,gtpbp1,gtpbp1
5946,gtpbp10,gtpbp10
5947,gtpbp1l,gtpbp1l
5948,gtpbp2b,gtpbp2b
5949,gtpbp3,gtpbp3
5950,gtpbp4,gtpbp4
5951,gtpbp6,gtpbp6
5952,gtse1,gtse1
5953,gucd1,gucd1
5954,gucy1a1,gucy1a1
5955,gucy2c,gucy2c
5956,guf1,guf1
5957,guk1a,guk1a
5958,gulp1a,gulp1a
5959,gulp1b,gulp1b
5960,gusb,gusb
5961,gxylt1b,gxylt1b
5962,gxylt2,gxylt2
5963,gyg1a,gyg1a
5964,gyg1b,gyg1b
5965,gys1,gys1
5966,gzm3.2,gzm3.2
5967,gzm3.3,gzm3.3
5968,gzm3.4,gzm3.4
5969,h1f0,h1f0
5970,h1fx,h1fx
5971,h1m,h1m
5972,h2afva,h2afva
5973,h2afvb,h2afvb
5974,h2afx,h2afx
5975,h2afx1,h2afx1
5976,h2afy,h2afy
5977,h2afy2,h2afy2
5978,h3f3b.1,h3f3b.1
5979,h3f3c,h3f3c
5980,h3f3d,h3f3d
5981,h6pd,h6pd
5982,habp2,habp2
5983,hacd1,hacd1
5984,hacd2,hacd2
5985,hacd3,hacd3
5986,hace1,hace1
5987,hacl1,hacl1
5988,hadh,hadh
5989,hadhaa,hadhaa
5990,hadhab,hadhab
5991,hagh,hagh
5992,hamp,hamp
5993,hand2,hand2
5994,hapln1a,hapln1a
5995,hapln1b,hapln1b
5996,hapln3,hapln3
5997,harbi1,harbi1
5998,hars,hars
5999,has2,has2
6000,hat1,hat1
6001,haus1,haus1
6002,haus3,haus3
6003,haus4,haus4
6004,haus5,haus5
6005,haus6,haus6
6006,haus7,haus7
6007,havcr1,havcr1
6008,hax1,hax1
6009,hbae1,hbae1
6010,hbae1.3,hbae1.3
6011,hbae3,hbae3
6012,hbae5,hbae5
6013,hbbe1.1,hbbe1.1
6014,hbbe1.2,hbbe1.2
6015,hbbe2,hbbe2
6016,hbbe3,hbbe3
6017,hbegfa,hbegfa
6018,hbegfb,hbegfb
6019,hbl1,hbl1
6020,hbp1,hbp1
6021,hbs1l,hbs1l
6022,hcar1-3,hcar1-3
6023,hccsa.1,hccsa.1
6024,hccsb,hccsb
6025,hcfc1a,hcfc1a
6026,hcfc1b,hcfc1b
6027,hcfc2,hcfc2
6028,hck,hck
6029,hcls1,hcls1
6030,hcn1,hcn1
6031,hcn2b,hcn2b
6032,hdac1,hdac1
6033,hdac10,hdac10
6034,hdac12,hdac12
6035,hdac3,hdac3
6036,hdac4,hdac4
6037,hdac5,hdac5
6038,hdac6,hdac6
6039,hdac8,hdac8
6040,hdac9b,hdac9b
6041,hdc,hdc
6042,hddc2,hddc2
6043,hddc3,hddc3
6044,hdgfl2,hdgfl2
6045,hdhd2,hdhd2
6046,hdhd3,hdhd3
6047,hdlbpa,hdlbpa
6048,hdlbpb,hdlbpb
6049,hdr,hdr
6050,hdx,hdx
6051,he1.1,he1.1
6052,he1.2,he1.2
6053,he1.3,he1.3
6054,heatr1,heatr1
6055,heatr3,heatr3
6056,heatr5a,heatr5a
6057,heatr6,heatr6
6058,hebp2,hebp2
6059,heca,heca
6060,hectd1,hectd1
6061,hectd3,hectd3
6062,hecw2a,hecw2a
6063,hecw2b,hecw2b
6064,heg1,heg1
6065,helb,helb
6066,hells,hells
6067,helt,helt
6068,helz,helz
6069,hemgn,hemgn
6070,hemk1,hemk1
6071,henmt1,henmt1
6072,hepacama,hepacama
6073,hephl1a,hephl1a
6074,her1,her1
6075,her11,her11
6076,her12,her12
6077,her13,her13
6078,her15.1,her15.1
6079,her15.2,her15.2
6080,her2,her2
6081,her3,her3
6082,her4.1,her4.1
6083,her4.2,her4.2
6084,her4.3,her4.3
6085,her4.4,her4.4
6086,her5,her5
6087,her6,her6
6088,her7,her7
6089,her8.2,her8.2
6090,her8a,her8a
6091,her9,her9
6092,herc1,herc1
6093,herc2,herc2
6094,herc3,herc3
6095,herc4,herc4
6096,herpud1,herpud1
6097,herpud2,herpud2
6098,hes2.1,hes2.1
6099,hes2.2,hes2.2
6100,hes6,hes6
6101,hexa,hexa
6102,hexb,hexb
6103,hexdc,hexdc
6104,hexim1,hexim1
6105,hey1,hey1
6106,hey2,hey2
6107,heyl,heyl
6108,hfe2,hfe2
6109,hfm1,hfm1
6110,hgd,hgd
6111,hgfa,hgfa
6112,hgh1,hgh1
6113,hgs,hgs
6114,hgsnat,hgsnat
6115,hhat,hhat
6116,hhatla,hhatla
6117,hhatlb,hhatlb
6118,hhip,hhip
6119,hhipl1,hhipl1
6120,hhipl2,hhipl2
6121,hhla2a.1,hhla2a.1
6122,hiat1a,hiat1a
6123,hiat1b,hiat1b
6124,hibadha,hibadha
6125,hibadhb,hibadhb
6126,hibch,hibch
6127,hic1l,hic1l
6128,hic2,hic2
6129,hid1a,hid1a
6130,hid1b,hid1b
6131,hif1ab,hif1ab
6132,hif1al,hif1al
6133,hif1an,hif1an
6134,higd1a,higd1a
6135,higd2a,higd2a
6136,hikeshi,hikeshi
6137,hinfp,hinfp
6138,hint1,hint1
6139,hint2,hint2
6140,hip1,hip1
6141,hip1rb,hip1rb
6142,hipk2,hipk2
6143,hipk3a,hipk3a
6144,hipk3b,hipk3b
6145,hira,hira
6146,hirip3,hirip3
6147,hist1h2a10,hist1h2a10
6148,hist1h2a11,hist1h2a11
6149,hist1h2a3,hist1h2a3
6150,hist2h2l,hist2h2l
6151,hist2h3c,hist2h3c
6152,histh1l,histh1l
6153,hivep1,hivep1
6154,hivep2a,hivep2a
6155,hivep3b,hivep3b
6156,hk1,hk1
6157,hk2,hk2
6158,hlcs,hlcs
6159,hlfa,hlfa
6160,hltf,hltf
6161,hlx1,hlx1
6162,hm13,hm13
6163,hmbsa,hmbsa
6164,hmbsb,hmbsb
6165,hmces,hmces
6166,hmcn1,hmcn1
6167,hmcn2,hmcn2
6168,hmg20a,hmg20a
6169,hmg20b,hmg20b
6170,hmga1a,hmga1a
6171,hmga1b,hmga1b
6172,hmga2,hmga2
6173,hmgb1a,hmgb1a
6174,hmgb1b,hmgb1b
6175,hmgb2a,hmgb2a
6176,hmgb2b,hmgb2b
6177,hmgb3a,hmgb3a
6178,hmgb3b,hmgb3b
6179,hmgcl,hmgcl
6180,hmgcra,hmgcra
6181,hmgcrb,hmgcrb
6182,hmgcs1,hmgcs1
6183,hmgn2,hmgn2
6184,hmgn3,hmgn3
6185,hmgn6,hmgn6
6186,hmgn7,hmgn7
6187,hmgxb3,hmgxb3
6188,hmgxb4a,hmgxb4a
6189,hmha1a,hmha1a
6190,hmha1b,hmha1b
6191,hmmr,hmmr
6192,hmox1a,hmox1a
6193,hmox2a,hmox2a
6194,hmox2b,hmox2b
6195,hmx1,hmx1
6196,hmx2,hmx2
6197,hmx3a,hmx3a
6198,hmx4,hmx4
6199,hnf1ba,hnf1ba
6200,hnf1bb,hnf1bb
6201,hnf4a,hnf4a
6202,hnf4g,hnf4g
6203,hnmt,hnmt
6204,hnrnpa0a,hnrnpa0a
6205,hnrnpa0b,hnrnpa0b
6206,hnrnpa0l,hnrnpa0l
6207,hnrnpa1a,hnrnpa1a
6208,hnrnpa1b,hnrnpa1b
6209,hnrnpa3,hnrnpa3
6210,hnrnpaba,hnrnpaba
6211,hnrnpabb,hnrnpabb
6212,hnrnpc,hnrnpc
6213,hnrnpd,hnrnpd
6214,hnrnpdl,hnrnpdl
6215,hnrnph1,hnrnph1
6216,hnrnph1l,hnrnph1l
6217,hnrnph3,hnrnph3
6218,hnrnpk,hnrnpk
6219,hnrnpl,hnrnpl
6220,hnrnpl2,hnrnpl2
6221,hnrnpm,hnrnpm
6222,hnrnpr,hnrnpr
6223,hnrnpua,hnrnpua
6224,hnrnpub,hnrnpub
6225,hnrnpul1,hnrnpul1
6226,hnrnpul1l,hnrnpul1l
6227,hnrpkl,hnrpkl
6228,hoga1,hoga1
6229,homer1b,homer1b
6230,homer2,homer2
6231,homer3b,homer3b
6232,homeza,homeza
6233,homezb,homezb
6234,hook1,hook1
6235,hopx,hopx
6236,hoxa10b,hoxa10b
6237,hoxa11a,hoxa11a
6238,hoxa11b,hoxa11b
6239,hoxa13a,hoxa13a
6240,hoxa13b,hoxa13b
6241,hoxa1a,hoxa1a
6242,hoxa2b,hoxa2b
6243,hoxa3a,hoxa3a
6244,hoxa5a,hoxa5a
6245,hoxa9a,hoxa9a
6246,hoxa9b,hoxa9b
6247,hoxb10a,hoxb10a
6248,hoxb13a,hoxb13a
6249,hoxb1b,hoxb1b
6250,hoxb2a,hoxb2a
6251,hoxb3a,hoxb3a
6252,hoxb4a,hoxb4a
6253,hoxb5a,hoxb5a
6254,hoxb5b,hoxb5b
6255,hoxb6a,hoxb6a
6256,hoxb6b,hoxb6b
6257,hoxb7a,hoxb7a
6258,hoxb8a,hoxb8a
6259,hoxb8b,hoxb8b
6260,hoxb9a,hoxb9a
6261,hoxc10a,hoxc10a
6262,hoxc11a,hoxc11a
6263,hoxc11b,hoxc11b
6264,hoxc12a,hoxc12a
6265,hoxc12b,hoxc12b
6266,hoxc13a,hoxc13a
6267,hoxc13b,hoxc13b
6268,hoxc1a,hoxc1a
6269,hoxc3a,hoxc3a
6270,hoxc4a,hoxc4a
6271,hoxc5a,hoxc5a
6272,hoxc6b,hoxc6b
6273,hoxc8a,hoxc8a
6274,hoxc9a,hoxc9a
6275,hoxd10a,hoxd10a
6276,hoxd11a,hoxd11a
6277,hoxd12a,hoxd12a
6278,hoxd13a,hoxd13a
6279,hoxd3a,hoxd3a
6280,hoxd4a,hoxd4a
6281,hoxd9a,hoxd9a
6282,hp1bp3,hp1bp3
6283,hpca,hpca
6284,hpcal1,hpcal1
6285,hpcal4,hpcal4
6286,hpda,hpda
6287,hpdb,hpdb
6288,hpdl,hpdl
6289,hpf1,hpf1
6290,hpgd,hpgd
6291,hpn,hpn
6292,hprt1,hprt1
6293,hprt1l,hprt1l
6294,hps1,hps1
6295,hps3,hps3
6296,hps4,hps4
6297,hps5,hps5
6298,hpse,hpse
6299,hrasa,hrasa
6300,hrasb,hrasb
6301,hs1bp3,hs1bp3
6302,hs2st1a,hs2st1a
6303,hs3st1l2,hs3st1l2
6304,hs3st3b1a,hs3st3b1a
6305,hs3st3b1b,hs3st3b1b
6306,hs6st1a,hs6st1a
6307,hs6st1b,hs6st1b
6308,hs6st2,hs6st2
6309,hsbp1a,hsbp1a
6310,hsbp1b,hsbp1b
6311,hsbp1l1,hsbp1l1
6312,hsd11b1la,hsd11b1la
6313,hsd11b2,hsd11b2
6314,hsd17b10,hsd17b10
6315,hsd17b12a,hsd17b12a
6316,hsd17b12b,hsd17b12b
6317,hsd17b14,hsd17b14
6318,hsd17b3,hsd17b3
6319,hsd17b4,hsd17b4
6320,hsd17b7,hsd17b7
6321,hsd17b8,hsd17b8
6322,hsd20b2,hsd20b2
6323,hsd3b7,hsd3b7
6324,hsdl1,hsdl1
6325,hsdl2,hsdl2
6326,hsf1,hsf1
6327,hsf2,hsf2
6328,hsh2d,hsh2d
6329,hsp70.1,hsp70.1
6330,hsp70.2,hsp70.2
6331,hsp70.3,hsp70.3
6332,hsp70l,hsp70l
6333,hsp90aa1.1,hsp90aa1.1
6334,hsp90aa1.2,hsp90aa1.2
6335,hsp90ab1,hsp90ab1
6336,hsp90b1,hsp90b1
6337,hspa12a,hspa12a
6338,hspa12b,hspa12b
6339,hspa13,hspa13
6340,hspa14,hspa14
6341,hspa4a,hspa4a
6342,hspa4b,hspa4b
6343,hspa5,hspa5
6344,hspa8,hspa8
6345,hspa9,hspa9
6346,hspb1,hspb1
6347,hspb11,hspb11
6348,hspb6,hspb6
6349,hspb8,hspb8
6350,hspb9,hspb9
6351,hspbap1,hspbap1
6352,hspbp1,hspbp1
6353,hspd1,hspd1
6354,hspe1,hspe1
6355,hspg2,hspg2
6356,hsph1,hsph1
6357,htatip2,htatip2
6358,htatsf1,htatsf1
6359,htr1d,htr1d
6360,htr3a,htr3a
6361,htr5aa,htr5aa
6362,htr5ab,htr5ab
6363,htra1a,htra1a
6364,htra1b,htra1b
6365,htt,htt
6366,huwe1,huwe1
6367,hvcn1,hvcn1
6368,hyal1,hyal1
6369,hyal2b,hyal2b
6370,hyal3,hyal3
6371,hyal6,hyal6
6372,hydin,hydin
6373,hyi,hyi
6374,hykk.2,hykk.2
6375,hyou1,hyou1
6376,hypk,hypk
6377,iah1,iah1
6378,iars,iars
6379,iars2,iars2
6380,iba57,iba57
6381,ibtk,ibtk
6382,ica1,ica1
6383,ical1,ical1
6384,ice1,ice1
6385,ice2,ice2
6386,icmt,icmt
6387,icn,icn
6388,icn2,icn2
6389,id1,id1
6390,id2a,id2a
6391,id2b,id2b
6392,id3,id3
6393,id4,id4
6394,ide,ide
6395,idh1,idh1
6396,idh2,idh2
6397,idh3a,idh3a
6398,idh3b,idh3b
6399,idh3g,idh3g
6400,idi1,idi1
6401,ids,ids
6402,idua,idua
6403,ier2a,ier2a
6404,ier2b,ier2b
6405,ier3ip1,ier3ip1
6406,ier5,ier5
6407,ier5l,ier5l
6408,iffo1b,iffo1b
6409,ifi30,ifi30
6410,ifi35,ifi35
6411,ifih1,ifih1
6412,ifit11,ifit11
6413,ifitm1,ifitm1
6414,ifnphi3,ifnphi3
6415,ifrd1,ifrd1
6416,ifrd2,ifrd2
6417,ift140,ift140
6418,ift172,ift172
6419,ift20,ift20
6420,ift22,ift22
6421,ift27,ift27
6422,ift46,ift46
6423,ift52,ift52
6424,ift57,ift57
6425,ift74,ift74
6426,ift80,ift80
6427,ift81,ift81
6428,ift88,ift88
6429,igbp1,igbp1
6430,igdcc3,igdcc3
6431,igdcc4,igdcc4
6432,igf1ra,igf1ra
6433,igf1rb,igf1rb
6434,igf2a,igf2a
6435,igf2b,igf2b
6436,igf2bp1,igf2bp1
6437,igf2bp2a,igf2bp2a
6438,igf2bp2b,igf2bp2b
6439,igf2bp3,igf2bp3
6440,igf2r,igf2r
6441,igfbp1a,igfbp1a
6442,igfbp2a,igfbp2a
6443,igfbp3,igfbp3
6444,igfbp5b,igfbp5b
6445,igfbp7,igfbp7
6446,igflr1,igflr1
6447,igfn1.1,igfn1.1
6448,ighmbp2,ighmbp2
6449,ighv1-4,ighv1-4
6450,igsf11,igsf11
6451,igsf21a,igsf21a
6452,igsf3,igsf3
6453,igsf5a,igsf5a
6454,igsf8,igsf8
6455,igsf9a,igsf9a
6456,igsf9b,igsf9b
6457,igsf9ba,igsf9ba
6458,ihha,ihha
6459,ik,ik
6460,ikbkb,ikbkb
6461,ikbke,ikbke
6462,ikbkg,ikbkg
6463,ikzf1,ikzf1
6464,ikzf5,ikzf5
6465,il10ra,il10ra
6466,il10rb,il10rb
6467,il11b,il11b
6468,il11ra,il11ra
6469,il12rb2l,il12rb2l
6470,il13ra1,il13ra1
6471,il13ra2,il13ra2
6472,il15,il15
6473,il16,il16
6474,il17ra1a,il17ra1a
6475,il17rc,il17rc
6476,il17rd,il17rd
6477,il19l,il19l
6478,il1b,il1b
6479,il1fma,il1fma
6480,il1rapl1a,il1rapl1a
6481,il20ra,il20ra
6482,il21,il21
6483,il34,il34
6484,il4,il4
6485,il4r.1,il4r.1
6486,il6r,il6r
6487,il6st,il6st
6488,ildr1a,ildr1a
6489,ildr1b,ildr1b
6490,ildr2,ildr2
6491,ilf2,ilf2
6492,ilf3a,ilf3a
6493,ilf3b,ilf3b
6494,ilk,ilk
6495,ilkap,ilkap
6496,illr4,illr4
6497,ilvbl,ilvbl
6498,im:6904045,im6904045
6499,im:6912630,im6912630
6500,im:7136021,im7136021
6501,im:7138535,im7138535
6502,im:7140055,im7140055
6503,im:7141269,im7141269
6504,im:7145024,im7145024
6505,im:7147486,im7147486
6506,im:7150988,im7150988
6507,im:7151449,im7151449
6508,im:7152348,im7152348
6509,immp1l,immp1l
6510,immp2l,immp2l
6511,immt,immt
6512,imp3,imp3
6513,imp4,imp4
6514,impa1,impa1
6515,impact,impact
6516,impad1,impad1
6517,impdh1b,impdh1b
6518,impdh2,impdh2
6519,inab,inab
6520,ing1,ing1
6521,ing2,ing2
6522,ing3,ing3
6523,ing4,ing4
6524,ing5a,ing5a
6525,ing5b,ing5b
6526,inhbaa,inhbaa
6527,inhbb,inhbb
6528,inip,inip
6529,ino80,ino80
6530,ino80b,ino80b
6531,ino80c,ino80c
6532,ino80db,ino80db
6533,ino80e,ino80e
6534,inpp4aa,inpp4aa
6535,inpp5b,inpp5b
6536,inpp5d,inpp5d
6537,inpp5e,inpp5e
6538,inpp5ka,inpp5ka
6539,inpp5kb,inpp5kb
6540,inpp5l,inpp5l
6541,inppl1a,inppl1a
6542,inppl1b,inppl1b
6543,insb,insb
6544,insig1,insig1
6545,insl5a,insl5a
6546,insm1a,insm1a
6547,insm1b,insm1b
6548,insra,insra
6549,insrb,insrb
6550,ints1,ints1
6551,ints10,ints10
6552,ints11,ints11
6553,ints12,ints12
6554,ints13,ints13
6555,ints14,ints14
6556,ints2,ints2
6557,ints3,ints3
6558,ints4,ints4
6559,ints5,ints5
6560,ints6,ints6
6561,ints6l,ints6l
6562,ints7,ints7
6563,ints8,ints8
6564,ints9,ints9
6565,intu,intu
6566,invs,invs
6567,ip6k1,ip6k1
6568,ip6k2a,ip6k2a
6569,ip6k2b,ip6k2b
6570,ipcef1,ipcef1
6571,ipmkb,ipmkb
6572,ipo11,ipo11
6573,ipo13,ipo13
6574,ipo4,ipo4
6575,ipo7,ipo7
6576,ipo8,ipo8
6577,ipo9,ipo9
6578,ippk,ippk
6579,iqca1,iqca1
6580,iqcb1,iqcb1
6581,iqcc,iqcc
6582,iqcd,iqcd
6583,iqce,iqce
6584,iqcg,iqcg
6585,iqck,iqck
6586,iqgap1,iqgap1
6587,iqgap2,iqgap2
6588,iqgap3,iqgap3
6589,iqsec1b,iqsec1b
6590,iqsec2a,iqsec2a
6591,iqsec2b,iqsec2b
6592,iqsec3a,iqsec3a
6593,iqub,iqub
6594,irak1bp1,irak1bp1
6595,irak3,irak3
6596,ireb2,ireb2
6597,irf10,irf10
6598,irf1b,irf1b
6599,irf2,irf2
6600,irf2a,irf2a
6601,irf2bp1,irf2bp1
6602,irf2bp2a,irf2bp2a
6603,irf2bp2b,irf2bp2b
6604,irf2bpl,irf2bpl
6605,irf3,irf3
6606,irf5,irf5
6607,irf6,irf6
6608,irf7,irf7
6609,irf8,irf8
6610,irf9,irf9
6611,irg1l,irg1l
6612,irge4,irge4
6613,irgf4,irgf4
6614,irgq1,irgq1
6615,irgq2,irgq2
6616,irs1,irs1
6617,irs2a,irs2a
6618,irs2b,irs2b
6619,irs4a,irs4a
6620,irx1a,irx1a
6621,irx1b,irx1b
6622,irx2a,irx2a
6623,irx3a,irx3a
6624,irx3b,irx3b
6625,irx4a,irx4a
6626,irx4b,irx4b
6627,irx5a,irx5a
6628,irx5b,irx5b
6629,irx6a,irx6a
6630,irx7,irx7
6631,isca1,isca1
6632,isca2,isca2
6633,iscub,iscub
6634,isg15,isg15
6635,isg20,isg20
6636,isg20l2,isg20l2
6637,isl1,isl1
6638,isl2a,isl2a
6639,isl2b,isl2b
6640,islr2,islr2
6641,ism1,ism1
6642,isoc1,isoc1
6643,isoc2,isoc2
6644,ispd,ispd
6645,ist1,ist1
6646,isy1,isy1
6647,itfg2,itfg2
6648,itga10,itga10
6649,itga11a,itga11a
6650,itga2.3,itga2.3
6651,itga3a,itga3a
6652,itga3b,itga3b
6653,itga4,itga4
6654,itga5,itga5
6655,itga6a,itga6a
6656,itga6b,itga6b
6657,itga6l,itga6l
6658,itga8,itga8
6659,itga9,itga9
6660,itgae.1,itgae.1
6661,itgae.2,itgae.2
6662,itgav,itgav
6663,itgb1a,itgb1a
6664,itgb1b,itgb1b
6665,itgb1b.1,itgb1b.1
6666,itgb1b.2,itgb1b.2
6667,itgb1bp1,itgb1bp1
6668,itgb2,itgb2
6669,itgb3b,itgb3b
6670,itgb4,itgb4
6671,itgb5,itgb5
6672,itgb6,itgb6
6673,itgb7,itgb7
6674,itih5,itih5
6675,itih6,itih6
6676,itln1,itln1
6677,itm2ba,itm2ba
6678,itm2bb,itm2bb
6679,itm2ca,itm2ca
6680,itm2cb,itm2cb
6681,itpa,itpa
6682,itpk1a,itpk1a
6683,itpk1b,itpk1b
6684,itpka,itpka
6685,itpkb,itpkb
6686,itpkca,itpkca
6687,itpkcb,itpkcb
6688,itpr1a,itpr1a
6689,itpr1b,itpr1b
6690,itpr3,itpr3
6691,itprip,itprip
6692,itsn1,itsn1
6693,itsn2a,itsn2a
6694,itsn2b,itsn2b
6695,ivd,ivd
6696,ivns1abpa,ivns1abpa
6697,ivns1abpb,ivns1abpb
6698,jac7,jac7
6699,jade1,jade1
6700,jade3,jade3
6701,jag1a,jag1a
6702,jag1b,jag1b
6703,jag2b,jag2b
6704,jagn1a,jagn1a
6705,jagn1b,jagn1b
6706,jak1,jak1
6707,jak2a,jak2a
6708,jak2b,jak2b
6709,jakmip1,jakmip1
6710,jakmip2,jakmip2
6711,jakmip3,jakmip3
6712,jam2a,jam2a
6713,jam2b,jam2b
6714,jam3a,jam3a
6715,jam3b,jam3b
6716,jarid2a,jarid2a
6717,jarid2b,jarid2b
6718,jazf1b,jazf1b
6719,jcada,jcada
6720,jdp2b,jdp2b
6721,jhy,jhy
6722,jkamp,jkamp
6723,jmjd1cb,jmjd1cb
6724,jmjd4,jmjd4
6725,jmjd6,jmjd6
6726,jmjd7,jmjd7
6727,josd1,josd1
6728,josd2,josd2
6729,jph1a,jph1a
6730,jph1b,jph1b
6731,jph2,jph2
6732,jph3,jph3
6733,jpt1a,jpt1a
6734,jpt1b,jpt1b
6735,jpt2,jpt2
6736,jtb,jtb
6737,jun,jun
6738,junba,junba
6739,junbb,junbb
6740,jund,jund
6741,june,june
6742,jupa,jupa
6743,kalrnb,kalrnb
6744,kank1a,kank1a
6745,kank2,kank2
6746,kank3,kank3
6747,kansl1a,kansl1a
6748,kansl1b,kansl1b
6749,kansl1l,kansl1l
6750,kansl2,kansl2
6751,kansl3,kansl3
6752,kars,kars
6753,kat14,kat14
6754,kat2a,kat2a
6755,kat2b,kat2b
6756,kat5b,kat5b
6757,kat6a,kat6a
6758,kat6b,kat6b
6759,kat7a,kat7a
6760,kat7b,kat7b
6761,kat8,kat8
6762,katna1,katna1
6763,katnal1,katnal1
6764,katnb1,katnb1
6765,katnbl1,katnbl1
6766,kazald2,kazald2
6767,kazald3,kazald3
6768,kaznb,kaznb
6769,kbtbd2,kbtbd2
6770,kbtbd3,kbtbd3
6771,kbtbd4,kbtbd4
6772,kbtbd8,kbtbd8
6773,kcmf1,kcmf1
6774,kcna1a,kcna1a
6775,kcnab1b,kcnab1b
6776,kcnab2a,kcnab2a
6777,kcnc1a,kcnc1a
6778,kcnd2,kcnd2
6779,kcnd3,kcnd3
6780,kcng4a,kcng4a
6781,kcnh6a,kcnh6a
6782,kcnh7,kcnh7
6783,kcnh8,kcnh8
6784,kcnip1b,kcnip1b
6785,kcnj13,kcnj13
6786,kcnj14,kcnj14
6787,kcnj19a,kcnj19a
6788,kcnj19b,kcnj19b
6789,kcnj1b,kcnj1b
6790,kcnj3b,kcnj3b
6791,kcnk5a,kcnk5a
6792,kcnk5b,kcnk5b
6793,kcnk6,kcnk6
6794,kcnk7,kcnk7
6795,kcnma1a,kcnma1a
6796,kcnn1a,kcnn1a
6797,kcnn1b,kcnn1b
6798,kcnn3,kcnn3
6799,kcnq2a,kcnq2a
6800,kcnq5a,kcnq5a
6801,kcnq5b,kcnq5b
6802,kctd1,kctd1
6803,kctd10,kctd10
6804,kctd12.1,kctd12.1
6805,kctd12.2,kctd12.2
6806,kctd12b,kctd12b
6807,kctd13,kctd13
6808,kctd14,kctd14
6809,kctd15a,kctd15a
6810,kctd17,kctd17
6811,kctd2,kctd2
6812,kctd5a,kctd5a
6813,kctd6b,kctd6b
6814,kctd9a,kctd9a
6815,kdelc1,kdelc1
6816,kdelc2,kdelc2
6817,kdelr2a,kdelr2a
6818,kdelr2b,kdelr2b
6819,kdelr3,kdelr3
6820,kdf1a,kdf1a
6821,kdm1a,kdm1a
6822,kdm2aa,kdm2aa
6823,kdm2ab,kdm2ab
6824,kdm2ba,kdm2ba
6825,kdm2bb,kdm2bb
6826,kdm3b,kdm3b
6827,kdm4aa,kdm4aa
6828,kdm4ab,kdm4ab
6829,kdm4b,kdm4b
6830,kdm4c,kdm4c
6831,kdm5ba,kdm5ba
6832,kdm5bb,kdm5bb
6833,kdm5c,kdm5c
6834,kdm6a,kdm6a
6835,kdm6al,kdm6al
6836,kdm6ba,kdm6ba
6837,kdm6bb,kdm6bb
6838,kdm7aa,kdm7aa
6839,kdm7ab,kdm7ab
6840,kdm8,kdm8
6841,kdrl,kdrl
6842,kdsr,kdsr
6843,keap1a,keap1a
6844,keap1b,keap1b
6845,kel,kel
6846,kera,kera
6847,khdc4,khdc4
6848,khdrbs1a,khdrbs1a
6849,khdrbs1b,khdrbs1b
6850,khdrbs2,khdrbs2
6851,khk,khk
6852,khnyn,khnyn
6853,khsrp,khsrp
6854,kiaa1549la,kiaa1549la
6855,kidins220a,kidins220a
6856,kidins220b,kidins220b
6857,kif11,kif11
6858,kif13a,kif13a
6859,kif13ba,kif13ba
6860,kif13bb,kif13bb
6861,kif14,kif14
6862,kif15,kif15
6863,kif16ba,kif16ba
6864,kif18a,kif18a
6865,kif19,kif19
6866,kif1aa,kif1aa
6867,kif1b,kif1b
6868,kif1bp,kif1bp
6869,kif20a,kif20a
6870,kif20ba,kif20ba
6871,kif20bb,kif20bb
6872,kif21a,kif21a
6873,kif21b,kif21b
6874,kif22,kif22
6875,kif23,kif23
6876,kif26aa,kif26aa
6877,kif26ab,kif26ab
6878,kif26ba,kif26ba
6879,kif2c,kif2c
6880,kif3a,kif3a
6881,kif3b,kif3b
6882,kif4,kif4
6883,kif5aa,kif5aa
6884,kif5ba,kif5ba
6885,kif5bb,kif5bb
6886,kif5c,kif5c
6887,kif6,kif6
6888,kif7,kif7
6889,kifap3a,kifap3a
6890,kifap3b,kifap3b
6891,kifc1,kifc1
6892,kifc3,kifc3
6893,kin,kin
6894,kirrel1a,kirrel1a
6895,kirrel1b,kirrel1b
6896,kirrel3a,kirrel3a
6897,kirrel3l,kirrel3l
6898,kita,kita
6899,kitlga,kitlga
6900,kitlgb,kitlgb
6901,kiz,kiz
6902,kl,kl
6903,klb,klb
6904,klc4,klc4
6905,klf1,klf1
6906,klf11a,klf11a
6907,klf11b,klf11b
6908,klf12a,klf12a
6909,klf12b,klf12b
6910,klf13,klf13
6911,klf15,klf15
6912,klf17,klf17
6913,klf2a,klf2a
6914,klf2b,klf2b
6915,klf3,klf3
6916,klf5a,klf5a
6917,klf5l,klf5l
6918,klf6a,klf6a
6919,klf7a,klf7a
6920,klf7b,klf7b
6921,klf8,klf8
6922,klf9,klf9
6923,klhdc10,klhdc10
6924,klhdc4,klhdc4
6925,klhl11,klhl11
6926,klhl13,klhl13
6927,klhl15,klhl15
6928,klhl17,klhl17
6929,klhl18,klhl18
6930,klhl2,klhl2
6931,klhl20,klhl20
6932,klhl21,klhl21
6933,klhl22,klhl22
6934,klhl23,klhl23
6935,klhl24a,klhl24a
6936,klhl24b,klhl24b
6937,klhl26,klhl26
6938,klhl3,klhl3
6939,klhl30,klhl30
6940,klhl31,klhl31
6941,klhl32,klhl32
6942,klhl4,klhl4
6943,klhl40a,klhl40a
6944,klhl40b,klhl40b
6945,klhl41a,klhl41a
6946,klhl41b,klhl41b
6947,klhl42,klhl42
6948,klhl43,klhl43
6949,klhl6,klhl6
6950,klhl7,klhl7
6951,klhl8,klhl8
6952,kmt2a,kmt2a
6953,kmt2ba,kmt2ba
6954,kmt2bb,kmt2bb
6955,kmt2ca,kmt2ca
6956,kmt2cb,kmt2cb
6957,kmt2d,kmt2d
6958,kmt2e,kmt2e
6959,kmt5aa,kmt5aa
6960,kmt5ab,kmt5ab
6961,kmt5b,kmt5b
6962,kmt5c,kmt5c
6963,kng1,kng1
6964,knl1,knl1
6965,knop1,knop1
6966,knstrn,knstrn
6967,kntc1,kntc1
6968,kpna1,kpna1
6969,kpna2,kpna2
6970,kpna3,kpna3
6971,kpna4,kpna4
6972,kpna5,kpna5
6973,kpna6,kpna6
6974,kpnb1,kpnb1
6975,kpnb3,kpnb3
6976,kptn,kptn
6977,kras,kras
6978,krcp,krcp
6979,kremen1,kremen1
6980,kri1,kri1
6981,krit1,krit1
6982,krr1,krr1
6983,krt1-19d,krt1-19d
6984,krt1-c5,krt1-c5
6985,krt15,krt15
6986,krt17,krt17
6987,krt18,krt18
6988,krt222,krt222
6989,krt4,krt4
6990,krt5,krt5
6991,krt8,krt8
6992,krt91,krt91
6993,krt92,krt92
6994,krt93,krt93
6995,krt94,krt94
6996,krt96,krt96
6997,krt97,krt97
6998,krtcap2,krtcap2
6999,krtt1c19e,krtt1c19e
7000,ksr1b,ksr1b
7001,ksr2,ksr2
7002,kti12,kti12
7003,ktn1,ktn1
7004,kxd1,kxd1
7005,kyat1,kyat1
7006,kyat3,kyat3
7007,l2hgdh,l2hgdh
7008,l3mbtl1b,l3mbtl1b
7009,l3mbtl2,l3mbtl2
7010,l3mbtl3,l3mbtl3
7011,lacc1,lacc1
7012,lactb,lactb
7013,lad1,lad1
7014,lama1,lama1
7015,lama4,lama4
7016,lama5,lama5
7017,lamb1a,lamb1a
7018,lamb1b,lamb1b
7019,lamb2l,lamb2l
7020,lamb4,lamb4
7021,lamc1,lamc1
7022,lamc2,lamc2
7023,lamc3,lamc3
7024,lamp1,lamp1
7025,lamp2,lamp2
7026,lamtor1,lamtor1
7027,lamtor2,lamtor2
7028,lamtor3,lamtor3
7029,lamtor4,lamtor4
7030,lamtor5,lamtor5
7031,lancl1,lancl1
7032,lancl2,lancl2
7033,lap3,lap3
7034,laptm4a,laptm4a
7035,laptm4b,laptm4b
7036,laptm5,laptm5
7037,large1,large1
7038,large2,large2
7039,larp1,larp1
7040,larp1b,larp1b
7041,larp4aa,larp4aa
7042,larp4ab,larp4ab
7043,larp4b,larp4b
7044,larp6a,larp6a
7045,larp7,larp7
7046,lars2,lars2
7047,larsa,larsa
7048,larsb,larsb
7049,las1l,las1l
7050,lasp1,lasp1
7051,lats1,lats1
7052,lbr,lbr
7053,lbx1a,lbx1a
7054,lbx1b,lbx1b
7055,lbx2,lbx2
7056,lca5,lca5
7057,lcat,lcat
7058,lclat1,lclat1
7059,lcmt1,lcmt1
7060,lcmt2,lcmt2
7061,lcn15,lcn15
7062,lcor,lcor
7063,lcorl,lcorl
7064,lcp1,lcp1
7065,lcp2a,lcp2a
7066,lcp2b,lcp2b
7067,lctla,lctla
7068,lctlb,lctlb
7069,ldah,ldah
7070,ldb1a,ldb1a
7071,ldb1b,ldb1b
7072,ldb2a,ldb2a
7073,ldb2b,ldb2b
7074,ldb3a,ldb3a
7075,ldb3b,ldb3b
7076,ldha,ldha
7077,ldhba,ldhba
7078,ldhbb,ldhbb
7079,ldhd,ldhd
7080,ldlrad2,ldlrad2
7081,ldlrap1a,ldlrap1a
7082,ldlrb,ldlrb
7083,lect2l,lect2l
7084,lef1,lef1
7085,lemd3,lemd3
7086,leng1,leng1
7087,leng8,leng8
7088,leng9,leng9
7089,leo1,leo1
7090,lepr,lepr
7091,letm1,letm1
7092,letm2,letm2
7093,letmd1,letmd1
7094,lfng,lfng
7095,lft1,lft1
7096,lft2,lft2
7097,lgals1l1,lgals1l1
7098,lgals2a,lgals2a
7099,lgals2b,lgals2b
7100,lgals3a,lgals3a
7101,lgals3b,lgals3b
7102,lgals3bpb,lgals3bpb
7103,lgals8a,lgals8a
7104,lgals9l1,lgals9l1
7105,lgals9l3,lgals9l3
7106,lgalsla,lgalsla
7107,lgi1a,lgi1a
7108,lgmn,lgmn
7109,lgr4,lgr4
7110,lhfpl2a,lhfpl2a
7111,lhfpl2b,lhfpl2b
7112,lhfpl5b,lhfpl5b
7113,lhfpl6,lhfpl6
7114,lhx1a,lhx1a
7115,lhx1b,lhx1b
7116,lhx2b,lhx2b
7117,lhx4,lhx4
7118,lhx5,lhx5
7119,lhx9,lhx9
7120,lias,lias
7121,lifra,lifra
7122,lifrb,lifrb
7123,lig1,lig1
7124,lig3,lig3
7125,lig4,lig4
7126,lim2.1,lim2.1
7127,lim2.2,lim2.2
7128,lim2.4,lim2.4
7129,lima1a,lima1a
7130,limch1a,limch1a
7131,limch1b,limch1b
7132,limd2,limd2
7133,limk1a,limk1a
7134,limk1b,limk1b
7135,limk2,limk2
7136,lims1,lims1
7137,lims2,lims2
7138,lin28a,lin28a
7139,lin28b,lin28b
7140,lin37,lin37
7141,lin52,lin52
7142,lin54,lin54
7143,lin7a,lin7a
7144,lin7b,lin7b
7145,lin7c,lin7c
7146,lin9,lin9
7147,lingo1b,lingo1b
7148,lingo2a,lingo2a
7149,lins1,lins1
7150,lipea,lipea
7151,lipf,lipf
7152,lipg,lipg
7153,lipia,lipia
7154,lipt1,lipt1
7155,lipt2,lipt2
7156,litaf,litaf
7157,lix1,lix1
7158,lix1l,lix1l
7159,llgl1,llgl1
7160,llgl2,llgl2
7161,llph,llph
7162,lman1,lman1
7163,lman2,lman2
7164,lman2la,lman2la
7165,lman2lb,lman2lb
7166,lmbr1,lmbr1
7167,lmbr1l,lmbr1l
7168,lmbrd1,lmbrd1
7169,lmbrd2a,lmbrd2a
7170,lmbrd2b,lmbrd2b
7171,lmcd1,lmcd1
7172,lmf2a,lmf2a
7173,lmf2b,lmf2b
7174,lmna,lmna
7175,lmnb1,lmnb1
7176,lmnb2,lmnb2
7177,lmnl3,lmnl3
7178,lmo1,lmo1
7179,lmo2,lmo2
7180,lmo3,lmo3
7181,lmo4a,lmo4a
7182,lmo4b,lmo4b
7183,lmo7a,lmo7a
7184,lmo7b,lmo7b
7185,lmod1a,lmod1a
7186,lmod1b,lmod1b
7187,lmod3,lmod3
7188,lmtk2,lmtk2
7189,lmx1a,lmx1a
7190,lmx1ba,lmx1ba
7191,lmx1bb,lmx1bb
7192,lnpa,lnpa
7193,lnpep,lnpep
7194,lnpk,lnpk
7195,lnx1,lnx1
7196,lnx2a,lnx2a
7197,lnx2b,lnx2b
7198,lonp1,lonp1
7199,lonp2,lonp2
7200,lonrf1,lonrf1
7201,lonrf1l,lonrf1l
7202,loxhd1b,loxhd1b
7203,loxl1,loxl1
7204,loxl2a,loxl2a
7205,loxl2b,loxl2b
7206,loxl3b,loxl3b
7207,loxl4,loxl4
7208,loxl5b,loxl5b
7209,lpar1,lpar1
7210,lpar2a,lpar2a
7211,lpar2b,lpar2b
7212,lpar5a,lpar5a
7213,lpar6a,lpar6a
7214,lpcat1,lpcat1
7215,lpcat2,lpcat2
7216,lpcat3,lpcat3
7217,lpcat4,lpcat4
7218,lpgat1,lpgat1
7219,lpin1,lpin1
7220,lpin2,lpin2
7221,lpl,lpl
7222,lpp,lpp
7223,lpxn,lpxn
7224,lrata,lrata
7225,lratb.1,lratb.1
7226,lratb.2,lratb.2
7227,lrba,lrba
7228,lrch1,lrch1
7229,lrch3,lrch3
7230,lrch4,lrch4
7231,lrfn5b,lrfn5b
7232,lrig1,lrig1
7233,lrig2,lrig2
7234,lrmda,lrmda
7235,lrmp,lrmp
7236,lrp10,lrp10
7237,lrp12,lrp12
7238,lrp1aa,lrp1aa
7239,lrp1ab,lrp1ab
7240,lrp1ba,lrp1ba
7241,lrp2a,lrp2a
7242,lrp2b,lrp2b
7243,lrp2bp,lrp2bp
7244,lrp3,lrp3
7245,lrp5,lrp5
7246,lrp6,lrp6
7247,lrp8,lrp8
7248,lrpap1,lrpap1
7249,lrpprc,lrpprc
7250,lrrc1,lrrc1
7251,lrrc15,lrrc15
7252,lrrc17,lrrc17
7253,lrrc20,lrrc20
7254,lrrc23,lrrc23
7255,lrrc31,lrrc31
7256,lrrc32,lrrc32
7257,lrrc34,lrrc34
7258,lrrc39,lrrc39
7259,lrrc4.1,lrrc4.1
7260,lrrc40,lrrc40
7261,lrrc42,lrrc42
7262,lrrc45,lrrc45
7263,lrrc47,lrrc47
7264,lrrc4ba,lrrc4ba
7265,lrrc51,lrrc51
7266,lrrc53,lrrc53
7267,lrrc57,lrrc57
7268,lrrc58a,lrrc58a
7269,lrrc58b,lrrc58b
7270,lrrc59,lrrc59
7271,lrrc6,lrrc6
7272,lrrc61,lrrc61
7273,lrrc73,lrrc73
7274,lrrc8aa,lrrc8aa
7275,lrrc8ab,lrrc8ab
7276,lrrc8c,lrrc8c
7277,lrrc8da,lrrc8da
7278,lrrc8db,lrrc8db
7279,lrrcc1,lrrcc1
7280,lrrfip1a,lrrfip1a
7281,lrrfip1b,lrrfip1b
7282,lrrfip2,lrrfip2
7283,lrriq1,lrriq1
7284,lrrk1,lrrk1
7285,lrrk2,lrrk2
7286,lrrn1,lrrn1
7287,lrrn3a,lrrn3a
7288,lrrtm1,lrrtm1
7289,lrrtm2,lrrtm2
7290,lrsam1,lrsam1
7291,lrwd1,lrwd1
7292,lsg1,lsg1
7293,lsm1,lsm1
7294,lsm10,lsm10
7295,lsm11,lsm11
7296,lsm12a,lsm12a
7297,lsm12b,lsm12b
7298,lsm14aa,lsm14aa
7299,lsm14ab,lsm14ab
7300,lsm3,lsm3
7301,lsm4,lsm4
7302,lsm5,lsm5
7303,lsm6,lsm6
7304,lsm7,lsm7
7305,lsm8,lsm8
7306,lsp1,lsp1
7307,lsr,lsr
7308,lss,lss
7309,lta,lta
7310,lta4h,lta4h
7311,ltb4r,ltb4r
7312,ltbp1,ltbp1
7313,ltv1,ltv1
7314,luc7l,luc7l
7315,luc7l3,luc7l3
7316,lum,lum
7317,lurap1,lurap1
7318,luzp1,luzp1
7319,luzp2,luzp2
7320,lxn,lxn
7321,ly75,ly75
7322,lyar,lyar
7323,lygl1,lygl1
7324,lygl2,lygl2
7325,lyn,lyn
7326,lypc,lypc
7327,lypd6,lypd6
7328,lypla1,lypla1
7329,lypla2,lypla2
7330,lyplal1,lyplal1
7331,lyrm1,lyrm1
7332,lyrm2,lyrm2
7333,lyrm4,lyrm4
7334,lyrm5a,lyrm5a
7335,lyrm5b,lyrm5b
7336,lyrm7,lyrm7
7337,lyrm9,lyrm9
7338,lysmd1,lysmd1
7339,lysmd2,lysmd2
7340,lysmd3,lysmd3
7341,lysmd4,lysmd4
7342,lyst,lyst
7343,lyve1b,lyve1b
7344,lyz,lyz
7345,lzic,lzic
7346,lztfl1,lztfl1
7347,lztr1,lztr1
7348,lzts1,lzts1
7349,lzts2a,lzts2a
7350,m6pr,m6pr
7351,maats1,maats1
7352,mab21l1,mab21l1
7353,mab21l2,mab21l2
7354,macc1,macc1
7355,macf1a,macf1a
7356,macf1b,macf1b
7357,maco1a,maco1a
7358,maco1b,maco1b
7359,macrod1,macrod1
7360,macrod2,macrod2
7361,mad1l1,mad1l1
7362,mad2l1,mad2l1
7363,mad2l1bp,mad2l1bp
7364,madd,madd
7365,maea,maea
7366,maf1,maf1
7367,mafa,mafa
7368,mafaa,mafaa
7369,mafb,mafb
7370,mafba,mafba
7371,mafbb,mafbb
7372,maff,maff
7373,mafgb,mafgb
7374,mafk,mafk
7375,magi1a,magi1a
7376,magi1b,magi1b
7377,magi2a,magi2a
7378,magi2b,magi2b
7379,magi3a,magi3a
7380,magi3b,magi3b
7381,magixa,magixa
7382,magoh,magoh
7383,magt1,magt1
7384,maip1,maip1
7385,mak,mak
7386,mak16,mak16
7387,mal,mal
7388,mal2,mal2
7389,malt1,malt1
7390,malt2,malt2
7391,mamdc2b,mamdc2b
7392,maml1,maml1
7393,maml3,maml3
7394,man1a1,man1a1
7395,man1a2,man1a2
7396,man1b1a,man1b1a
7397,man1b1b,man1b1b
7398,man2a2,man2a2
7399,man2b1,man2b1
7400,man2b2,man2b2
7401,man2c1,man2c1
7402,manba,manba
7403,manbal,manbal
7404,manea,manea
7405,manf,manf
7406,mao,mao
7407,map1aa,map1aa
7408,map1ab,map1ab
7409,map1b,map1b
7410,map1lc3a,map1lc3a
7411,map1lc3b,map1lc3b
7412,map1lc3c,map1lc3c
7413,map1lc3cl,map1lc3cl
7414,map1sa,map1sa
7415,map1sb,map1sb
7416,map2,map2
7417,map2k1,map2k1
7418,map2k2a,map2k2a
7419,map2k2b,map2k2b
7420,map2k4a,map2k4a
7421,map2k4b,map2k4b
7422,map2k5,map2k5
7423,map2k6,map2k6
7424,map2k7,map2k7
7425,map3k1,map3k1
7426,map3k14a,map3k14a
7427,map3k14b,map3k14b
7428,map3k15,map3k15
7429,map3k19,map3k19
7430,map3k20,map3k20
7431,map3k21,map3k21
7432,map3k3,map3k3
7433,map3k4,map3k4
7434,map3k5,map3k5
7435,map3k7,map3k7
7436,map4k2,map4k2
7437,map4k3a,map4k3a
7438,map4k4,map4k4
7439,map4k5,map4k5
7440,map4k6,map4k6
7441,map4l,map4l
7442,map7d1a,map7d1a
7443,map7d1b,map7d1b
7444,map7d2a,map7d2a
7445,map7d2b,map7d2b
7446,map7d3,map7d3
7447,map9,map9
7448,mapk1,mapk1
7449,mapk11,mapk11
7450,mapk12a,mapk12a
7451,mapk12b,mapk12b
7452,mapk14a,mapk14a
7453,mapk14b,mapk14b
7454,mapk15,mapk15
7455,mapk3,mapk3
7456,mapk4,mapk4
7457,mapk6,mapk6
7458,mapk7,mapk7
7459,mapk8a,mapk8a
7460,mapk8b,mapk8b
7461,mapk8ip1a,mapk8ip1a
7462,mapk8ip3,mapk8ip3
7463,mapk9,mapk9
7464,mapkap1,mapkap1
7465,mapkapk2a,mapkapk2a
7466,mapkapk3,mapkapk3
7467,mapkapk5,mapkapk5
7468,mapkbp1,mapkbp1
7469,mapre1a,mapre1a
7470,mapre1b,mapre1b
7471,mapre2,mapre2
7472,mapre3a,mapre3a
7473,mapre3b,mapre3b
7474,maptb,maptb
7475,march2,march2
7476,march5,march5
7477,march5l,march5l
7478,march6,march6
7479,march7,march7
7480,march8,march8
7481,marcksa,marcksa
7482,marcksb,marcksb
7483,marcksl1a,marcksl1a
7484,marcksl1b,marcksl1b
7485,marco,marco
7486,mark1,mark1
7487,mark2a,mark2a
7488,mark2b,mark2b
7489,mark3a,mark3a
7490,mark3b,mark3b
7491,mark4a,mark4a
7492,mars,mars
7493,mars2,mars2
7494,marveld1,marveld1
7495,marveld2a,marveld2a
7496,marveld2b,marveld2b
7497,marveld3,marveld3
7498,masp1,masp1
7499,mast1b,mast1b
7500,mast2,mast2
7501,mast3a,mast3a
7502,mast3b,mast3b
7503,mastl,mastl
7504,mat1a,mat1a
7505,mat2aa,mat2aa
7506,mat2ab,mat2ab
7507,mat2al,mat2al
7508,mat2b,mat2b
7509,matn1,matn1
7510,matn4,matn4
7511,matr3l1.1,matr3l1.1
7512,mau2,mau2
7513,mavs,mavs
7514,max,max
7515,maza,maza
7516,mb,mb
7517,mb21d2,mb21d2
7518,mbd1a,mbd1a
7519,mbd1b,mbd1b
7520,mbd2,mbd2
7521,mbd3a,mbd3a
7522,mbd4,mbd4
7523,mbd5,mbd5
7524,mbd6,mbd6
7525,mbip,mbip
7526,mblac1,mblac1
7527,mbnl1,mbnl1
7528,mbnl2,mbnl2
7529,mbnl3,mbnl3
7530,mboat1,mboat1
7531,mboat2a,mboat2a
7532,mboat2b,mboat2b
7533,mboat7,mboat7
7534,mbpa,mbpa
7535,mbpb,mbpb
7536,mbtd1,mbtd1
7537,mbtps1,mbtps1
7538,mbtps2,mbtps2
7539,mcama,mcama
7540,mcamb,mcamb
7541,mcat,mcat
7542,mcc,mcc
7543,mccc1,mccc1
7544,mccc2,mccc2
7545,mcee,mcee
7546,mcf2a,mcf2a
7547,mcf2l2,mcf2l2
7548,mcf2lb,mcf2lb
7549,mcfd2,mcfd2
7550,mcl1a,mcl1a
7551,mcl1b,mcl1b
7552,mcm10,mcm10
7553,mcm2,mcm2
7554,mcm3,mcm3
7555,mcm3ap,mcm3ap
7556,mcm3l,mcm3l
7557,mcm4,mcm4
7558,mcm5,mcm5
7559,mcm6,mcm6
7560,mcm6l,mcm6l
7561,mcm7,mcm7
7562,mcm8,mcm8
7563,mcm9,mcm9
7564,mcmbp,mcmbp
7565,mcoln1a,mcoln1a
7566,mcoln3a,mcoln3a
7567,mcph1,mcph1
7568,mcrip1,mcrip1
7569,mcrs1,mcrs1
7570,mctp1b,mctp1b
7571,mctp2b,mctp2b
7572,mcts1,mcts1
7573,mcu,mcu
7574,mdc1,mdc1
7575,mdh1aa,mdh1aa
7576,mdh1ab,mdh1ab
7577,mdh1b,mdh1b
7578,mdh2,mdh2
7579,mdka,mdka
7580,mdkb,mdkb
7581,mdm2,mdm2
7582,mdm4,mdm4
7583,mdn1,mdn1
7584,me1,me1
7585,me2,me2
7586,me3,me3
7587,mea1,mea1
7588,meaf6,meaf6
7589,mecom,mecom
7590,mecp2,mecp2
7591,mecr,mecr
7592,med1,med1
7593,med10,med10
7594,med11,med11
7595,med12,med12
7596,med13a,med13a
7597,med13b,med13b
7598,med14,med14
7599,med15,med15
7600,med16,med16
7601,med18,med18
7602,med19a,med19a
7603,med19b,med19b
7604,med20,med20
7605,med21,med21
7606,med22,med22
7607,med23,med23
7608,med24,med24
7609,med25,med25
7610,med27,med27
7611,med28,med28
7612,med29,med29
7613,med30,med30
7614,med31,med31
7615,med4,med4
7616,med6,med6
7617,med7,med7
7618,mef2aa,mef2aa
7619,mef2b,mef2b
7620,mef2ca,mef2ca
7621,mef2cb,mef2cb
7622,mef2d,mef2d
7623,megf10,megf10
7624,megf6a,megf6a
7625,megf6b,megf6b
7626,megf8,megf8
7627,mei4,mei4
7628,meig1,meig1
7629,meis1a,meis1a
7630,meis1b,meis1b
7631,meis2a,meis2a
7632,meis2b,meis2b
7633,meis3,meis3
7634,melk,melk
7635,memo1,memo1
7636,men1,men1
7637,meox1,meox1
7638,mep1a.1,mep1a.1
7639,mepce,mepce
7640,mertka,mertka
7641,mesd,mesd
7642,mespaa,mespaa
7643,mespab,mespab
7644,mespba,mespba
7645,mespbb,mespbb
7646,mest,mest
7647,met,met
7648,metap1,metap1
7649,metap1d,metap1d
7650,metap2a,metap2a
7651,metap2b,metap2b
7652,metrn,metrn
7653,metrnl,metrnl
7654,mettl1,mettl1
7655,mettl13,mettl13
7656,mettl14,mettl14
7657,mettl15,mettl15
7658,mettl16,mettl16
7659,mettl17,mettl17
7660,mettl21a,mettl21a
7661,mettl23,mettl23
7662,mettl25,mettl25
7663,mettl26,mettl26
7664,mettl27,mettl27
7665,mettl2a,mettl2a
7666,mettl3,mettl3
7667,mettl4,mettl4
7668,mettl6,mettl6
7669,mettl9,mettl9
7670,mex3b,mex3b
7671,mfap1,mfap1
7672,mfap2,mfap2
7673,mfap3l,mfap3l
7674,mfap4,mfap4
7675,mff,mff
7676,mfge8a,mfge8a
7677,mfge8b,mfge8b
7678,mfhas1,mfhas1
7679,mfn1b,mfn1b
7680,mfn2,mfn2
7681,mfng,mfng
7682,mfsd1,mfsd1
7683,mfsd10,mfsd10
7684,mfsd12a,mfsd12a
7685,mfsd13a,mfsd13a
7686,mfsd2ab,mfsd2ab
7687,mfsd4aa,mfsd4aa
7688,mfsd4ab,mfsd4ab
7689,mfsd4b,mfsd4b
7690,mfsd5,mfsd5
7691,mfsd6a,mfsd6a
7692,mfsd6b,mfsd6b
7693,mfsd8,mfsd8
7694,mgaa,mgaa
7695,mgat1a,mgat1a
7696,mgat1b,mgat1b
7697,mgat2,mgat2
7698,mgat3a,mgat3a
7699,mgat4a,mgat4a
7700,mgat4b,mgat4b
7701,mgat5,mgat5
7702,mgea5,mgea5
7703,mgll,mgll
7704,mgme1,mgme1
7705,mgmt,mgmt
7706,mgp,mgp
7707,mgrn1a,mgrn1a
7708,mgrn1b,mgrn1b
7709,mgst1.1,mgst1.1
7710,mgst1.2,mgst1.2
7711,mgst2,mgst2
7712,mgst3a,mgst3a
7713,mgst3b,mgst3b
7714,mhc1laa,mhc1laa
7715,mhc1lia,mhc1lia
7716,mhc1zba,mhc1zba
7717,mhc1zca,mhc1zca
7718,mhc1zea,mhc1zea
7719,mia,mia
7720,mia3,mia3
7721,mib1,mib1
7722,mibp,mibp
7723,mibp2,mibp2
7724,mical1,mical1
7725,mical2b,mical2b
7726,mical3a,mical3a
7727,mical3b,mical3b
7728,micall1a,micall1a
7729,micall2a,micall2a
7730,micall2b,micall2b
7731,micu1,micu1
7732,micu2,micu2
7733,micu3a,micu3a
7734,mid1ip1a,mid1ip1a
7735,mid1ip1b,mid1ip1b
7736,mid1ip1l,mid1ip1l
7737,midn,midn
7738,mief1,mief1
7739,mief2,mief2
7740,mier1a,mier1a
7741,mier1b,mier1b
7742,mier2,mier2
7743,mier3a,mier3a
7744,mier3b,mier3b
7745,mif,mif
7746,mif4gda,mif4gda
7747,mif4gdb,mif4gdb
7748,miga1,miga1
7749,miga2,miga2
7750,miip,miip
7751,mindy1,mindy1
7752,mindy2,mindy2
7753,mindy3,mindy3
7754,mink1,mink1
7755,minos1,minos1
7756,minpp1a,minpp1a
7757,minpp1b,minpp1b
7758,mios,mios
7759,mipa,mipa
7760,mipep,mipep
7761,mipol1,mipol1
7762,mis12,mis12
7763,mis18a,mis18a
7764,mis18bp1,mis18bp1
7765,mitd1,mitd1
7766,mitfa,mitfa
7767,mki67,mki67
7768,mkks,mkks
7769,mkl1a,mkl1a
7770,mkl1b,mkl1b
7771,mkl2b,mkl2b
7772,mkln1,mkln1
7773,mknk1,mknk1
7774,mknk2a,mknk2a
7775,mknk2b,mknk2b
7776,mkrn1,mkrn1
7777,mkrn2,mkrn2
7778,mkrn4,mkrn4
7779,mks1,mks1
7780,mkxa,mkxa
7781,mlec,mlec
7782,mlf1,mlf1
7783,mlf2,mlf2
7784,mlh1,mlh1
7785,mlh3,mlh3
7786,mlip,mlip
7787,mllt10,mllt10
7788,mllt11,mllt11
7789,mllt1a,mllt1a
7790,mllt1b,mllt1b
7791,mllt3,mllt3
7792,mlnl,mlnl
7793,mlpha,mlpha
7794,mlst8,mlst8
7795,mlx,mlx
7796,mlxip,mlxip
7797,mlycd,mlycd
7798,mmaa,mmaa
7799,mmab,mmab
7800,mmachc,mmachc
7801,mmadhc,mmadhc
7802,mmd,mmd
7803,mmel1,mmel1
7804,mmgt1,mmgt1
7805,mmp13a,mmp13a
7806,mmp13b,mmp13b
7807,mmp14a,mmp14a
7808,mmp14b,mmp14b
7809,mmp15a,mmp15a
7810,mmp15b,mmp15b
7811,mmp17b,mmp17b
7812,mmp2,mmp2
7813,mmp23bb,mmp23bb
7814,mmp30,mmp30
7815,mmp9,mmp9
7816,mmrn2a,mmrn2a
7817,mmrn2b,mmrn2b
7818,mms19,mms19
7819,mms22l,mms22l
7820,mn1a,mn1a
7821,mn1b,mn1b
7822,mnat1,mnat1
7823,mnd1,mnd1
7824,mns1,mns1
7825,mnta,mnta
7826,mntb,mntb
7827,mnx1,mnx1
7828,mnx2b,mnx2b
7829,mob1a,mob1a
7830,mob1ba,mob1ba
7831,mob1bb,mob1bb
7832,mob2a,mob2a
7833,mob2b,mob2b
7834,mob3a,mob3a
7835,mob3c,mob3c
7836,mob4,mob4
7837,mocs1,mocs1
7838,mocs2,mocs2
7839,mocs3,mocs3
7840,mogs,mogs
7841,mon1a,mon1a
7842,mon1bb,mon1bb
7843,mon2,mon2
7844,morc2,morc2
7845,morc3a,morc3a
7846,morc3b,morc3b
7847,morf4l1,morf4l1
7848,morn2,morn2
7849,morn3,morn3
7850,morn4,morn4
7851,morn5,morn5
7852,mos,mos
7853,mospd1,mospd1
7854,mospd2,mospd2
7855,moto,moto
7856,mov10a,mov10a
7857,mov10b.1,mov10b.1
7858,moxd1,moxd1
7859,mpc1,mpc1
7860,mpc2,mpc2
7861,mpdu1a,mpdu1a
7862,mpdu1b,mpdu1b
7863,mpeg1.1,mpeg1.1
7864,mpg,mpg
7865,mphosph10,mphosph10
7866,mphosph6,mphosph6
7867,mphosph8,mphosph8
7868,mpi,mpi
7869,mplkip,mplkip
7870,mpnd,mpnd
7871,mpp1,mpp1
7872,mpp2a,mpp2a
7873,mpp2b,mpp2b
7874,mpp3a,mpp3a
7875,mpp5a,mpp5a
7876,mpp6a,mpp6a
7877,mpp6b,mpp6b
7878,mpp7a,mpp7a
7879,mppe1,mppe1
7880,mpped1,mpped1
7881,mpped2,mpped2
7882,mpped2a,mpped2a
7883,mprip,mprip
7884,mpv17,mpv17
7885,mpv17l2,mpv17l2
7886,mpx,mpx
7887,mpz,mpz
7888,mpzl1l,mpzl1l
7889,mpzl2b,mpzl2b
7890,mrap,mrap
7891,mrap2a,mrap2a
7892,mras,mras
7893,mrc1a,mrc1a
7894,mrc1b,mrc1b
7895,mrc2,mrc2
7896,mre11a,mre11a
7897,mrgbp,mrgbp
7898,mri1,mri1
7899,mrm1,mrm1
7900,mrm2,mrm2
7901,mrm3a,mrm3a
7902,mrm3b,mrm3b
7903,mrnip,mrnip
7904,mroh1,mroh1
7905,mrpl1,mrpl1
7906,mrpl10,mrpl10
7907,mrpl11,mrpl11
7908,mrpl12,mrpl12
7909,mrpl13,mrpl13
7910,mrpl14,mrpl14
7911,mrpl15,mrpl15
7912,mrpl16,mrpl16
7913,mrpl17,mrpl17
7914,mrpl18,mrpl18
7915,mrpl19,mrpl19
7916,mrpl2,mrpl2
7917,mrpl20,mrpl20
7918,mrpl21,mrpl21
7919,mrpl22,mrpl22
7920,mrpl23,mrpl23
7921,mrpl24,mrpl24
7922,mrpl27,mrpl27
7923,mrpl28,mrpl28
7924,mrpl3,mrpl3
7925,mrpl30,mrpl30
7926,mrpl32,mrpl32
7927,mrpl33,mrpl33
7928,mrpl34,mrpl34
7929,mrpl35,mrpl35
7930,mrpl36,mrpl36
7931,mrpl37,mrpl37
7932,mrpl38,mrpl38
7933,mrpl39,mrpl39
7934,mrpl4,mrpl4
7935,mrpl40,mrpl40
7936,mrpl41,mrpl41
7937,mrpl42,mrpl42
7938,mrpl43,mrpl43
7939,mrpl44,mrpl44
7940,mrpl45,mrpl45
7941,mrpl46,mrpl46
7942,mrpl47,mrpl47
7943,mrpl48,mrpl48
7944,mrpl51,mrpl51
7945,mrpl52,mrpl52
7946,mrpl53,mrpl53
7947,mrpl54,mrpl54
7948,mrpl57,mrpl57
7949,mrpl58,mrpl58
7950,mrpl9,mrpl9
7951,mrps10,mrps10
7952,mrps11,mrps11
7953,mrps14,mrps14
7954,mrps15,mrps15
7955,mrps16,mrps16
7956,mrps17,mrps17
7957,mrps18a,mrps18a
7958,mrps18b,mrps18b
7959,mrps18c,mrps18c
7960,mrps2,mrps2
7961,mrps21,mrps21
7962,mrps22,mrps22
7963,mrps23,mrps23
7964,mrps24,mrps24
7965,mrps25,mrps25
7966,mrps26,mrps26
7967,mrps27,mrps27
7968,mrps28,mrps28
7969,mrps30,mrps30
7970,mrps31,mrps31
7971,mrps33,mrps33
7972,mrps34,mrps34
7973,mrps35,mrps35
7974,mrps36,mrps36
7975,mrps5,mrps5
7976,mrps6,mrps6
7977,mrps7,mrps7
7978,mrps9,mrps9
7979,mrrf,mrrf
7980,mrs2,mrs2
7981,mrto4,mrto4
7982,ms4a17a.10,ms4a17a.10
7983,ms4a17a.11,ms4a17a.11
7984,ms4a17a.5,ms4a17a.5
7985,ms4a17a.7,ms4a17a.7
7986,ms4a17a.8,ms4a17a.8
7987,ms4a17a.9,ms4a17a.9
7988,msantd1,msantd1
7989,msantd4,msantd4
7990,msgn1,msgn1
7991,msh2,msh2
7992,msh3,msh3
7993,msh4,msh4
7994,msh6,msh6
7995,msi1,msi1
7996,msi2a,msi2a
7997,msi2b,msi2b
7998,msl1a,msl1a
7999,msl1b,msl1b
8000,msl2a,msl2a
8001,msl2b,msl2b
8002,msmo1,msmo1
8003,msna,msna
8004,msra,msra
8005,msrb1a,msrb1a
8006,msrb2,msrb2
8007,msrb3,msrb3
8008,mss51,mss51
8009,mst1,mst1
8010,msto1,msto1
8011,msx1a,msx1a
8012,msx1b,msx1b
8013,msx2a,msx2a
8014,msx2b,msx2b
8015,msx3,msx3
8016,mt-atp6,mt-atp6
8017,mt-atp8,mt-atp8
8018,mt-co1,mt-co1
8019,mt-co2,mt-co2
8020,mt-co3,mt-co3
8021,mt-cyb,mt-cyb
8022,mt-nd1,mt-nd1
8023,mt-nd2,mt-nd2
8024,mt-nd3,mt-nd3
8025,mt-nd4,mt-nd4
8026,mt-nd4l,mt-nd4l
8027,mt-nd5,mt-nd5
8028,mt-nd6,mt-nd6
8029,mt2,mt2
8030,mta1,mta1
8031,mta2,mta2
8032,mta3,mta3
8033,mtap,mtap
8034,mtbl,mtbl
8035,mtbp,mtbp
8036,mtch2,mtch2
8037,mtdha,mtdha
8038,mtdhb,mtdhb
8039,mterf2,mterf2
8040,mterf3,mterf3
8041,mtf1,mtf1
8042,mtf2,mtf2
8043,mtfmt,mtfmt
8044,mtfr1,mtfr1
8045,mtfr1l,mtfr1l
8046,mtfr2,mtfr2
8047,mtg1,mtg1
8048,mtg2,mtg2
8049,mthfd1a,mthfd1a
8050,mthfd1b,mthfd1b
8051,mthfd1l,mthfd1l
8052,mthfd2,mthfd2
8053,mthfr,mthfr
8054,mthfs,mthfs
8055,mthfsd,mthfsd
8056,mtif2,mtif2
8057,mtif3,mtif3
8058,mtm1,mtm1
8059,mtmr10,mtmr10
8060,mtmr11,mtmr11
8061,mtmr12,mtmr12
8062,mtmr14,mtmr14
8063,mtmr1a,mtmr1a
8064,mtmr1b,mtmr1b
8065,mtmr2,mtmr2
8066,mtmr6,mtmr6
8067,mtmr7a,mtmr7a
8068,mtmr7b,mtmr7b
8069,mtmr8,mtmr8
8070,mto1,mto1
8071,mtor,mtor
8072,mtpap,mtpap
8073,mtpn,mtpn
8074,mtr,mtr
8075,mtrex,mtrex
8076,mtrf1l,mtrf1l
8077,mtrr,mtrr
8078,mtss1,mtss1
8079,mtss1la,mtss1la
8080,mtss1lb,mtss1lb
8081,mttp,mttp
8082,mtus1a,mtus1a
8083,mtus1b,mtus1b
8084,mtx1a,mtx1a
8085,mtx1b,mtx1b
8086,mtx2,mtx2
8087,mtx3,mtx3
8088,muc13a,muc13a
8089,muc13b,muc13b
8090,muc5.1,muc5.1
8091,muc5.2,muc5.2
8092,muc5f,muc5f
8093,mucms1,mucms1
8094,mul1a,mul1a
8095,mus81,mus81
8096,musk,musk
8097,mustn1a,mustn1a
8098,mustn1b,mustn1b
8099,mut,mut
8100,mvb12a,mvb12a
8101,mvb12ba,mvb12ba
8102,mvda,mvda
8103,mvk,mvk
8104,mvp,mvp
8105,mxb,mxb
8106,mxc,mxc
8107,mxd3,mxd3
8108,mxd4,mxd4
8109,mxg,mxg
8110,mxi1,mxi1
8111,mxra5a,mxra5a
8112,mxra7,mxra7
8113,mxra8b,mxra8b
8114,myb,myb
8115,mybbp1a,mybbp1a
8116,mybl1,mybl1
8117,mybl2a,mybl2a
8118,mybl2b,mybl2b
8119,mybpc2b,mybpc2b
8120,mybphb,mybphb
8121,myca,myca
8122,mycb,mycb
8123,mycbp,mycbp
8124,mycbp2,mycbp2
8125,mycbpap,mycbpap
8126,mych,mych
8127,mycla,mycla
8128,myclb,myclb
8129,mycn,mycn
8130,myct1a,myct1a
8131,myct1b,myct1b
8132,myd88,myd88
8133,mydgf,mydgf
8134,myef2,myef2
8135,myf5,myf5
8136,myg1,myg1
8137,myh10,myh10
8138,myh11a,myh11a
8139,myh14,myh14
8140,myh6,myh6
8141,myh7,myh7
8142,myh7ba,myh7ba
8143,myh7bb,myh7bb
8144,myh7l,myh7l
8145,myh9a,myh9a
8146,myh9b,myh9b
8147,myhb,myhb
8148,myhc4,myhc4
8149,myhz1.1,myhz1.1
8150,myhz1.2,myhz1.2
8151,myhz1.3,myhz1.3
8152,myhz2,myhz2
8153,myl1,myl1
8154,myl10,myl10
8155,myl12.1,myl12.1
8156,myl12.2,myl12.2
8157,myl13,myl13
8158,myl4,myl4
8159,myl6,myl6
8160,myl7,myl7
8161,myl9a,myl9a
8162,myl9b,myl9b
8163,mylipa,mylipa
8164,mylipb,mylipb
8165,mylk2,mylk2
8166,mylk3,mylk3
8167,mylk4b,mylk4b
8168,mylk5,mylk5
8169,mylka,mylka
8170,mylkb,mylkb
8171,mylpfa,mylpfa
8172,mylpfb,mylpfb
8173,mylz3,mylz3
8174,mymk,mymk
8175,mynn,mynn
8176,myo10,myo10
8177,myo10l1,myo10l1
8178,myo10l3,myo10l3
8179,myo15aa,myo15aa
8180,myo15b,myo15b
8181,myo16,myo16
8182,myo18aa,myo18aa
8183,myo18ab,myo18ab
8184,myo1b,myo1b
8185,myo1ca,myo1ca
8186,myo1cb,myo1cb
8187,myo1ea,myo1ea
8188,myo1eb,myo1eb
8189,myo1f,myo1f
8190,myo3a,myo3a
8191,myo5aa,myo5aa
8192,myo5ab,myo5ab
8193,myo5b,myo5b
8194,myo5c,myo5c
8195,myo6a,myo6a
8196,myo6b,myo6b
8197,myo7aa,myo7aa
8198,myo7bb,myo7bb
8199,myo9aa,myo9aa
8200,myo9ab,myo9ab
8201,myo9b,myo9b
8202,myoc,myoc
8203,myod1,myod1
8204,myof,myof
8205,myofl,myofl
8206,myog,myog
8207,myom1a,myom1a
8208,myom2a,myom2a
8209,myorg,myorg
8210,myot,myot
8211,myoz1b,myoz1b
8212,myoz2a,myoz2a
8213,myoz2b,myoz2b
8214,myrf,myrf
8215,mysm1,mysm1
8216,myt1a,myt1a
8217,myt1b,myt1b
8218,myt1la,myt1la
8219,myzap,myzap
8220,mzt2b,mzt2b
8221,n4bp1,n4bp1
8222,n4bp2,n4bp2
8223,n4bp2l2,n4bp2l2
8224,n4bp3,n4bp3
8225,n6amt1,n6amt1
8226,naa10,naa10
8227,naa15a,naa15a
8228,naa15b,naa15b
8229,naa20,naa20
8230,naa25,naa25
8231,naa30,naa30
8232,naa35,naa35
8233,naa38,naa38
8234,naa40,naa40
8235,naa50,naa50
8236,naalad2,naalad2
8237,nab1a,nab1a
8238,nab2,nab2
8239,nabp1a,nabp1a
8240,naca,naca
8241,nacad,nacad
8242,nacc1a,nacc1a
8243,nacc1b,nacc1b
8244,nadk2,nadk2
8245,nadkb,nadkb
8246,nae1,nae1
8247,naf1,naf1
8248,naga,naga
8249,nagk,nagk
8250,naglu,naglu
8251,nagpa,nagpa
8252,nampta,nampta
8253,namptb,namptb
8254,nanog,nanog
8255,nanos1,nanos1
8256,nanp,nanp
8257,nansa,nansa
8258,nap1l1,nap1l1
8259,nap1l4a,nap1l4a
8260,nap1l4b,nap1l4b
8261,napaa,napaa
8262,napab,napab
8263,napepld,napepld
8264,napga,napga
8265,naprt,naprt
8266,narf,narf
8267,narfl,narfl
8268,nars,nars
8269,nars2,nars2
8270,nasp,nasp
8271,nat10,nat10
8272,nat14,nat14
8273,nat15,nat15
8274,nat16,nat16
8275,nat6,nat6
8276,nat8l,nat8l
8277,nat9,nat9
8278,natd1,natd1
8279,nav1b,nav1b
8280,nav2a,nav2a
8281,nav2b,nav2b
8282,nav3,nav3
8283,naxd,naxd
8284,naxe,naxe
8285,nbas,nbas
8286,nbeaa,nbeaa
8287,nbeab,nbeab
8288,nbeal1,nbeal1
8289,nbeal2,nbeal2
8290,nbn,nbn
8291,nbr1a,nbr1a
8292,nbr1b,nbr1b
8293,ncalda,ncalda
8294,ncaldb,ncaldb
8295,ncam1a,ncam1a
8296,ncam1b,ncam1b
8297,ncapd2,ncapd2
8298,ncapd3,ncapd3
8299,ncapg,ncapg
8300,ncapg2,ncapg2
8301,ncaph,ncaph
8302,ncaph2,ncaph2
8303,ncbp2,ncbp2
8304,ncbp3,ncbp3
8305,nccrp1,nccrp1
8306,ncdn,ncdn
8307,nceh1a,nceh1a
8308,ncf1,ncf1
8309,ncf2,ncf2
8310,ncf4,ncf4
8311,nck1a,nck1a
8312,nck1b,nck1b
8313,nck2a,nck2a
8314,nck2b,nck2b
8315,nckap1,nckap1
8316,nckap5l,nckap5l
8317,nckipsd,nckipsd
8318,ncl,ncl
8319,ncln,ncln
8320,ncoa1,ncoa1
8321,ncoa2,ncoa2
8322,ncoa3,ncoa3
8323,ncoa4,ncoa4
8324,ncoa5,ncoa5
8325,ncoa6,ncoa6
8326,ncor1,ncor1
8327,ncor2,ncor2
8328,ncs1a,ncs1a
8329,ncs1b,ncs1b
8330,ndc1,ndc1
8331,ndc80,ndc80
8332,nde1,nde1
8333,ndel1a,ndel1a
8334,ndel1b,ndel1b
8335,ndfip1,ndfip1
8336,ndfip1l,ndfip1l
8337,ndfip2,ndfip2
8338,ndnf,ndnf
8339,ndnfl,ndnfl
8340,ndnl2,ndnl2
8341,ndor1,ndor1
8342,ndr1,ndr1
8343,ndr2,ndr2
8344,ndrg1a,ndrg1a
8345,ndrg2,ndrg2
8346,ndrg3a,ndrg3a
8347,ndrg3b,ndrg3b
8348,ndrg4,ndrg4
8349,ndst1a,ndst1a
8350,ndst2a,ndst2a
8351,ndst3,ndst3
8352,ndufa1,ndufa1
8353,ndufa10,ndufa10
8354,ndufa11,ndufa11
8355,ndufa12,ndufa12
8356,ndufa2,ndufa2
8357,ndufa3,ndufa3
8358,ndufa4,ndufa4
8359,ndufa4l,ndufa4l
8360,ndufa5,ndufa5
8361,ndufa6,ndufa6
8362,ndufa7,ndufa7
8363,ndufa8,ndufa8
8364,ndufa9a,ndufa9a
8365,ndufab1a,ndufab1a
8366,ndufab1b,ndufab1b
8367,ndufaf1,ndufaf1
8368,ndufaf2,ndufaf2
8369,ndufaf3,ndufaf3
8370,ndufaf4,ndufaf4
8371,ndufaf5,ndufaf5
8372,ndufaf6,ndufaf6
8373,ndufaf7,ndufaf7
8374,ndufb10,ndufb10
8375,ndufb11,ndufb11
8376,ndufb2,ndufb2
8377,ndufb3,ndufb3
8378,ndufb4,ndufb4
8379,ndufb5,ndufb5
8380,ndufb6,ndufb6
8381,ndufb7,ndufb7
8382,ndufb8,ndufb8
8383,ndufb9,ndufb9
8384,ndufc2,ndufc2
8385,ndufs2,ndufs2
8386,ndufs3,ndufs3
8387,ndufs4,ndufs4
8388,ndufs5,ndufs5
8389,ndufs6,ndufs6
8390,ndufs7,ndufs7
8391,ndufs8a,ndufs8a
8392,ndufv1,ndufv1
8393,ndufv2,ndufv2
8394,ndufv3,ndufv3
8395,neb,neb
8396,nebl,nebl
8397,necab2,necab2
8398,necap1,necap1
8399,necap2,necap2
8400,nectin1b,nectin1b
8401,nectin3b,nectin3b
8402,nedd1,nedd1
8403,nedd4a,nedd4a
8404,nedd4l,nedd4l
8405,nedd8,nedd8
8406,nedd8l,nedd8l
8407,nedd9,nedd9
8408,nefla,nefla
8409,neflb,neflb
8410,nefma,nefma
8411,nefmb,nefmb
8412,negr1,negr1
8413,neil1,neil1
8414,neil3,neil3
8415,nek1,nek1
8416,nek2,nek2
8417,nek4,nek4
8418,nek7,nek7
8419,nek8,nek8
8420,nelfa,nelfa
8421,nelfb,nelfb
8422,nelfcd,nelfcd
8423,nelfe,nelfe
8424,nell2a,nell2a
8425,nell2b,nell2b
8426,nemp1,nemp1
8427,nemp2,nemp2
8428,nenf,nenf
8429,neo1a,neo1a
8430,neo1b,neo1b
8431,nepro,nepro
8432,nes,nes
8433,net1,net1
8434,neu1,neu1
8435,neu3.1,neu3.1
8436,neu3.2,neu3.2
8437,neurl1aa,neurl1aa
8438,neurl1b,neurl1b
8439,neurl2,neurl2
8440,neurod1,neurod1
8441,neurod4,neurod4
8442,neurog1,neurog1
8443,nexmifa,nexmifa
8444,nexmifb,nexmifb
8445,nexn,nexn
8446,nf1a,nf1a
8447,nf1b,nf1b
8448,nf2a,nf2a
8449,nf2b,nf2b
8450,nfasca,nfasca
8451,nfat5a,nfat5a
8452,nfatc2b,nfatc2b
8453,nfatc2ip,nfatc2ip
8454,nfatc3a,nfatc3a
8455,nfatc4,nfatc4
8456,nfe2,nfe2
8457,nfe2l1b,nfe2l1b
8458,nfe2l2a,nfe2l2a
8459,nfe2l2b,nfe2l2b
8460,nfe2l3,nfe2l3
8461,nfia,nfia
8462,nfil3,nfil3
8463,nfil3-5,nfil3-5
8464,nfil3-6,nfil3-6
8465,nfkb1,nfkb1
8466,nfkb2,nfkb2
8467,nfkbiaa,nfkbiaa
8468,nfkbiab,nfkbiab
8469,nfkbib,nfkbib
8470,nfkbie,nfkbie
8471,nfkbil1,nfkbil1
8472,nfkbiz,nfkbiz
8473,nfr,nfr
8474,nfrkb,nfrkb
8475,nfs1,nfs1
8476,nfu1,nfu1
8477,nfxl1,nfxl1
8478,nfya,nfya
8479,nfyal,nfyal
8480,nfyba,nfyba
8481,nfybb,nfybb
8482,nfyc,nfyc
8483,ngdn,ngdn
8484,ngef,ngef
8485,ngfb,ngfb
8486,ngfra,ngfra
8487,ngfrb,ngfrb
8488,ngly1,ngly1
8489,ngrn,ngrn
8490,nhej1,nhej1
8491,nhlh2,nhlh2
8492,nhlrc2,nhlrc2
8493,nhp2,nhp2
8494,nhsa,nhsa
8495,nhsb,nhsb
8496,nhsl1a,nhsl1a
8497,nhsl1b,nhsl1b
8498,nhsl2,nhsl2
8499,nid1a,nid1a
8500,nid1b,nid1b
8501,nid2a,nid2a
8502,nif3l1,nif3l1
8503,nifk,nifk
8504,nin,nin
8505,ninl,ninl
8506,nip7,nip7
8507,nipa1,nipa1
8508,nipa2,nipa2
8509,nipal3,nipal3
8510,nipal4,nipal4
8511,nipbla,nipbla
8512,nipblb,nipblb
8513,nipsnap1,nipsnap1
8514,nipsnap2,nipsnap2
8515,nipsnap3a,nipsnap3a
8516,nisch,nisch
8517,nit1,nit1
8518,nit2,nit2
8519,nitr3a,nitr3a
8520,nkain1,nkain1
8521,nkain2,nkain2
8522,nkain4,nkain4
8523,nkap,nkap
8524,nkd1,nkd1
8525,nkd2a,nkd2a
8526,nkiras1,nkiras1
8527,nkiras2,nkiras2
8528,nkrf,nkrf
8529,nktr,nktr
8530,nkx1.2la,nkx1.2la
8531,nkx2.1,nkx2.1
8532,nkx2.2a,nkx2.2a
8533,nkx2.2b,nkx2.2b
8534,nkx2.3,nkx2.3
8535,nkx2.4a,nkx2.4a
8536,nkx2.4b,nkx2.4b
8537,nkx2.5,nkx2.5
8538,nkx2.7,nkx2.7
8539,nkx2.9,nkx2.9
8540,nkx3-1,nkx3-1
8541,nkx3.2,nkx3.2
8542,nkx6.1,nkx6.1
8543,nkx6.2,nkx6.2
8544,nle1,nle1
8545,nlgn1,nlgn1
8546,nlgn2a,nlgn2a
8547,nlgn3a,nlgn3a
8548,nlgn3b,nlgn3b
8549,nlgn4a,nlgn4a
8550,nlk1,nlk1
8551,nln,nln
8552,nlrc3,nlrc3
8553,nlrc3l,nlrc3l
8554,nlrc3l1,nlrc3l1
8555,nlrc5,nlrc5
8556,nlrc6,nlrc6
8557,nlrp16,nlrp16
8558,nlrx1,nlrx1
8559,nmd3,nmd3
8560,nme2a,nme2a
8561,nme2b.1,nme2b.1
8562,nme2b.2,nme2b.2
8563,nme3,nme3
8564,nme4,nme4
8565,nme5,nme5
8566,nme6,nme6
8567,nme7,nme7
8568,nme8,nme8
8569,nmnat1,nmnat1
8570,nmrk2,nmrk2
8571,nmt1a,nmt1a
8572,nmt1b,nmt1b
8573,nmt2,nmt2
8574,nnr,nnr
8575,nnt,nnt
8576,noa1,noa1
8577,nob1,nob1
8578,noc2l,noc2l
8579,noc3l,noc3l
8580,noc4l,noc4l
8581,nocta,nocta
8582,noctb,noctb
8583,nod2,nod2
8584,nog1,nog1
8585,nog2,nog2
8586,nog3,nog3
8587,nol10,nol10
8588,nol11,nol11
8589,nol12,nol12
8590,nol4la,nol4la
8591,nol6,nol6
8592,nol7,nol7
8593,nol8,nol8
8594,nol9,nol9
8595,nolc1,nolc1
8596,nom1,nom1
8597,nomo,nomo
8598,nono,nono
8599,nop10,nop10
8600,nop16,nop16
8601,nop2,nop2
8602,nop53,nop53
8603,nop56,nop56
8604,nop58,nop58
8605,nos1,nos1
8606,nos1apa,nos1apa
8607,nosip,nosip
8608,notch1a,notch1a
8609,notch1b,notch1b
8610,notch2,notch2
8611,notch3,notch3
8612,notchl,notchl
8613,noto,noto
8614,notum1b,notum1b
8615,nova1,nova1
8616,nova2,nova2
8617,nox1,nox1
8618,noxo1a,noxo1a
8619,noxo1b,noxo1b
8620,noxred1,noxred1
8621,npas1,npas1
8622,npas4a,npas4a
8623,npat,npat
8624,npb,npb
8625,npc1,npc1
8626,npc2,npc2
8627,npdc1b,npdc1b
8628,npepl1,npepl1
8629,npepps,npepps
8630,npffr1l2,npffr1l2
8631,nphp1,nphp1
8632,nphp3,nphp3
8633,nphp4,nphp4
8634,npl,npl
8635,nploc4,nploc4
8636,npm1a,npm1a
8637,npm1b,npm1b
8638,npm2b,npm2b
8639,npm3,npm3
8640,npnt,npnt
8641,nppb,nppb
8642,nppc,nppc
8643,npr1a,npr1a
8644,npr2,npr2
8645,npr3,npr3
8646,nprl2,nprl2
8647,nprl3,nprl3
8648,npsn,npsn
8649,nptna,nptna
8650,nptnb,nptnb
8651,nptxrb,nptxrb
8652,nqo1,nqo1
8653,nr0b1,nr0b1
8654,nr0b2a,nr0b2a
8655,nr1d2a,nr1d2a
8656,nr1d2b,nr1d2b
8657,nr1h3,nr1h3
8658,nr2c1,nr2c1
8659,nr2c2,nr2c2
8660,nr2c2ap,nr2c2ap
8661,nr2e1,nr2e1
8662,nr2f1a,nr2f1a
8663,nr2f1b,nr2f1b
8664,nr2f2,nr2f2
8665,nr2f5,nr2f5
8666,nr2f6a,nr2f6a
8667,nr2f6b,nr2f6b
8668,nr3c1,nr3c1
8669,nr4a1,nr4a1
8670,nr4a2a,nr4a2a
8671,nr4a2b,nr4a2b
8672,nr4a3,nr4a3
8673,nr5a2,nr5a2
8674,nradd,nradd
8675,nrap,nrap
8676,nrarpa,nrarpa
8677,nrarpb,nrarpb
8678,nras,nras
8679,nrbf2b,nrbf2b
8680,nrbp1,nrbp1
8681,nrbp2a,nrbp2a
8682,nrcama,nrcama
8683,nrd1a,nrd1a
8684,nrd1b,nrd1b
8685,nrde2,nrde2
8686,nrf1,nrf1
8687,nrg1,nrg1
8688,nrg2a,nrg2a
8689,nrg2b,nrg2b
8690,nrg3b,nrg3b
8691,nrip1a,nrip1a
8692,nrip1b,nrip1b
8693,nrm,nrm
8694,nrn1a,nrn1a
8695,nrn1b,nrn1b
8696,nrp1a,nrp1a
8697,nrp2a,nrp2a
8698,nrp2b,nrp2b
8699,nrros,nrros
8700,nrsn1,nrsn1
8701,nrxn1a,nrxn1a
8702,nrxn1b,nrxn1b
8703,nrxn2a,nrxn2a
8704,nrxn2b,nrxn2b
8705,nrxn3a,nrxn3a
8706,nrxn3b,nrxn3b
8707,nsa2,nsa2
8708,nsd1a,nsd1a
8709,nsd1b,nsd1b
8710,nsd2,nsd2
8711,nsd3,nsd3
8712,nsdhl,nsdhl
8713,nsfa,nsfa
8714,nsfb,nsfb
8715,nsfl1c,nsfl1c
8716,nsg2,nsg2
8717,nsl1,nsl1
8718,nsmaf,nsmaf
8719,nsmce1,nsmce1
8720,nsmce2,nsmce2
8721,nsmce4a,nsmce4a
8722,nsmfb,nsmfb
8723,nsrp1,nsrp1
8724,nsun2,nsun2
8725,nsun4,nsun4
8726,nsun5,nsun5
8727,nt5c2a,nt5c2a
8728,nt5c2b,nt5c2b
8729,nt5c2l1,nt5c2l1
8730,nt5c3a,nt5c3a
8731,nt5dc2,nt5dc2
8732,ntan1,ntan1
8733,ntd5,ntd5
8734,ntf3,ntf3
8735,nthl1,nthl1
8736,ntmt1,ntmt1
8737,ntn1a,ntn1a
8738,ntn1b,ntn1b
8739,ntn5,ntn5
8740,ntng1a,ntng1a
8741,ntpcr,ntpcr
8742,ntrk3a,ntrk3a
8743,nuak1b,nuak1b
8744,nuak2,nuak2
8745,nub1,nub1
8746,nubp1,nubp1
8747,nubp2,nubp2
8748,nubpl,nubpl
8749,nucb1,nucb1
8750,nucb2a,nucb2a
8751,nucb2b,nucb2b
8752,nucks1a,nucks1a
8753,nucks1b,nucks1b
8754,nudc,nudc
8755,nudcd1,nudcd1
8756,nudcd2,nudcd2
8757,nudcd3,nudcd3
8758,nudt1,nudt1
8759,nudt12,nudt12
8760,nudt13,nudt13
8761,nudt14,nudt14
8762,nudt15,nudt15
8763,nudt17,nudt17
8764,nudt18,nudt18
8765,nudt19,nudt19
8766,nudt2,nudt2
8767,nudt21,nudt21
8768,nudt22,nudt22
8769,nudt3a,nudt3a
8770,nudt3b,nudt3b
8771,nudt4a,nudt4a
8772,nudt5,nudt5
8773,nudt6,nudt6
8774,nudt8,nudt8
8775,nudt9,nudt9
8776,nuf2,nuf2
8777,nufip1,nufip1
8778,nufip2,nufip2
8779,numb,numb
8780,numbl,numbl
8781,nup107,nup107
8782,nup133,nup133
8783,nup153,nup153
8784,nup155,nup155
8785,nup160,nup160
8786,nup188,nup188
8787,nup205,nup205
8788,nup210,nup210
8789,nup214,nup214
8790,nup35,nup35
8791,nup37,nup37
8792,nup43,nup43
8793,nup50,nup50
8794,nup54,nup54
8795,nup58,nup58
8796,nup62l,nup62l
8797,nup88,nup88
8798,nup93,nup93
8799,nup98,nup98
8800,nupl2,nupl2
8801,nupr1,nupr1
8802,nus1,nus1
8803,nusap1,nusap1
8804,nutf2,nutf2
8805,nutf2l,nutf2l
8806,nvl,nvl
8807,nxf1,nxf1
8808,nxn,nxn
8809,nxnl1,nxnl1
8810,nxnl2,nxnl2
8811,nxph1,nxph1
8812,nxph2b,nxph2b
8813,nxt2,nxt2
8814,nyap2b,nyap2b
8815,oard1,oard1
8816,oaz1a,oaz1a
8817,oaz1b,oaz1b
8818,oaz2a,oaz2a
8819,oaz2b,oaz2b
8820,obsl1a,obsl1a
8821,obsl1b,obsl1b
8822,oc90,oc90
8823,oca2,oca2
8824,ociad1,ociad1
8825,ociad2,ociad2
8826,oclna,oclna
8827,oclnb,oclnb
8828,ocrl,ocrl
8829,ocstamp,ocstamp
8830,oct2,oct2
8831,odc1,odc1
8832,odf2a,odf2a
8833,odf2b,odf2b
8834,odr4,odr4
8835,ofd1,ofd1
8836,ogdha,ogdha
8837,ogdhb,ogdhb
8838,ogfod1,ogfod1
8839,ogfr,ogfr
8840,ogfrl2,ogfrl2
8841,ogg1,ogg1
8842,ogn,ogn
8843,oip5,oip5
8844,oip5-as1,oip5-as1
8845,ola1,ola1
8846,olah,olah
8847,olfm1a,olfm1a
8848,olfm1b,olfm1b
8849,olfm2a,olfm2a
8850,olfm2b,olfm2b
8851,olfml2a,olfml2a
8852,olfml2bb,olfml2bb
8853,olfml3b,olfml3b
8854,olig2,olig2
8855,olig4,olig4
8856,oma1,oma1
8857,onecut1,onecut1
8858,onecut2,onecut2
8859,opa1,opa1
8860,opa3,opa3
8861,ophn1,ophn1
8862,oplah,oplah
8863,opn1sw2,opn1sw2
8864,opn5,opn5
8865,oprl1,oprl1
8866,optc,optc
8867,optn,optn
8868,or131-2,or131-2
8869,orai1a,orai1a
8870,orai1b,orai1b
8871,oraov1,oraov1
8872,orc1,orc1
8873,orc2,orc2
8874,orc3,orc3
8875,orc4,orc4
8876,orc5,orc5
8877,orc6,orc6
8878,org,org
8879,ormdl1,ormdl1
8880,ormdl2,ormdl2
8881,os9,os9
8882,osbp,osbp
8883,osbpl10b,osbpl10b
8884,osbpl1a,osbpl1a
8885,osbpl2a,osbpl2a
8886,osbpl2b,osbpl2b
8887,osbpl3a,osbpl3a
8888,osbpl3b,osbpl3b
8889,osbpl5,osbpl5
8890,osbpl6,osbpl6
8891,osbpl7,osbpl7
8892,osbpl9,osbpl9
8893,oser1,oser1
8894,osgep,osgep
8895,osgepl1,osgepl1
8896,osgin2,osgin2
8897,osr1,osr1
8898,osr2,osr2
8899,ost4,ost4
8900,ostc,ostc
8901,ostf1,ostf1
8902,ostm1,ostm1
8903,otc,otc
8904,otofa,otofa
8905,otog,otog
8906,otomp,otomp
8907,otpa,otpa
8908,otpb,otpb
8909,otub1a,otub1a
8910,otub1b,otub1b
8911,otud1,otud1
8912,otud3,otud3
8913,otud4,otud4
8914,otud5a,otud5a
8915,otud5b,otud5b
8916,otud6b,otud6b
8917,otud7b,otud7b
8918,otulina,otulina
8919,otulinb,otulinb
8920,otx1,otx1
8921,otx2a,otx2a
8922,otx2b,otx2b
8923,otx5,otx5
8924,ovca2,ovca2
8925,ovol1a,ovol1a
8926,oxa1l,oxa1l
8927,oxct1a,oxct1a
8928,oxct1b,oxct1b
8929,oxnad1,oxnad1
8930,oxr1b,oxr1b
8931,oxsm,oxsm
8932,oxsr1a,oxsr1a
8933,oxsr1b,oxsr1b
8934,p2rx1,p2rx1
8935,p2rx3a,p2rx3a
8936,p2rx4a,p2rx4a
8937,p2rx4b,p2rx4b
8938,p2rx5,p2rx5
8939,p2ry1,p2ry1
8940,p2ry11,p2ry11
8941,p2ry12,p2ry12
8942,p2ry13,p2ry13
8943,p3h1,p3h1
8944,p3h2,p3h2
8945,p3h3,p3h3
8946,p3h4,p3h4
8947,p4ha1a,p4ha1a
8948,p4ha1b,p4ha1b
8949,p4ha2,p4ha2
8950,p4ha3,p4ha3
8951,p4hb,p4hb
8952,pa2g4a,pa2g4a
8953,pa2g4b,pa2g4b
8954,pabpc1a,pabpc1a
8955,pabpc1b,pabpc1b
8956,pabpc4,pabpc4
8957,pabpn1,pabpn1
8958,pabpn1l,pabpn1l
8959,pacrg,pacrg
8960,pacs1a,pacs1a
8961,pacs2,pacs2
8962,pacsin1b,pacsin1b
8963,pacsin2,pacsin2
8964,pacsin3,pacsin3
8965,padi2,padi2
8966,paf1,paf1
8967,pafah1b1a,pafah1b1a
8968,pafah1b1b,pafah1b1b
8969,pafah1b3,pafah1b3
8970,pag1,pag1
8971,pagr1,pagr1
8972,pah,pah
8973,paics,paics
8974,paip1,paip1
8975,paip2b,paip2b
8976,pak1,pak1
8977,pak1ip1,pak1ip1
8978,pak2a,pak2a
8979,pak2b,pak2b
8980,pak4,pak4
8981,pak7,pak7
8982,palb2,palb2
8983,pald1a,pald1a
8984,pald1b,pald1b
8985,palld,palld
8986,palm1a,palm1a
8987,palm1b,palm1b
8988,palm2,palm2
8989,palm3,palm3
8990,palmda,palmda
8991,pam,pam
8992,pam16,pam16
8993,pamr1,pamr1
8994,pan2,pan2
8995,pan3,pan3
8996,pane1,pane1
8997,pank1b,pank1b
8998,pank2,pank2
8999,pank4,pank4
9000,panx1a,panx1a
9001,panx3,panx3
9002,paox1,paox1
9003,papd4,papd4
9004,papd5,papd5
9005,papd7,papd7
9006,papola,papola
9007,papolg,papolg
9008,pappa2,pappa2
9009,pappab,pappab
9010,papss1,papss1
9011,papss2a,papss2a
9012,papss2b,papss2b
9013,paqr3a,paqr3a
9014,paqr3b,paqr3b
9015,paqr4b,paqr4b
9016,paqr5b,paqr5b
9017,pard3ab,pard3ab
9018,pard3bb,pard3bb
9019,pard6a,pard6a
9020,pard6gb,pard6gb
9021,parga,parga
9022,pargl,pargl
9023,park7,park7
9024,parla,parla
9025,parm1,parm1
9026,parn,parn
9027,parp1,parp1
9028,parp12b,parp12b
9029,parp16,parp16
9030,parp2,parp2
9031,parp3,parp3
9032,parp4,parp4
9033,parp6b,parp6b
9034,parp8,parp8
9035,parpbp,parpbp
9036,pars2,pars2
9037,parvaa,parvaa
9038,parvab,parvab
9039,parvb,parvb
9040,parvg,parvg
9041,pask,pask
9042,patj,patj
9043,patl1,patl1
9044,patz1,patz1
9045,pawr,pawr
9046,pax10,pax10
9047,pax1b,pax1b
9048,pax2a,pax2a
9049,pax2b,pax2b
9050,pax3a,pax3a
9051,pax5,pax5
9052,pax6a,pax6a
9053,pax6b,pax6b
9054,pax7a,pax7a
9055,pax7b,pax7b
9056,pax9,pax9
9057,paxip1,paxip1
9058,paxx,paxx
9059,pbdc1,pbdc1
9060,pbk,pbk
9061,pbld,pbld
9062,pbrm1,pbrm1
9063,pbrm1l,pbrm1l
9064,pbx1a,pbx1a
9065,pbx1b,pbx1b
9066,pbx2,pbx2
9067,pbx3b,pbx3b
9068,pbx4,pbx4
9069,pbxip1a,pbxip1a
9070,pbxip1b,pbxip1b
9071,pcbd1,pcbd1
9072,pcbp2,pcbp2
9073,pcbp4,pcbp4
9074,pcca,pcca
9075,pccb,pccb
9076,pcdh10a,pcdh10a
9077,pcdh10b,pcdh10b
9078,pcdh11,pcdh11
9079,pcdh12,pcdh12
9080,pcdh15a,pcdh15a
9081,pcdh17,pcdh17
9082,pcdh18a,pcdh18a
9083,pcdh18b,pcdh18b
9084,pcdh19,pcdh19
9085,pcdh1a,pcdh1a
9086,pcdh1b,pcdh1b
9087,pcdh1g13,pcdh1g13
9088,pcdh1g32,pcdh1g32
9089,pcdh1gb9,pcdh1gb9
9090,pcdh20,pcdh20
9091,pcdh2g5,pcdh2g5
9092,pcdh7a,pcdh7a
9093,pcdh7b,pcdh7b
9094,pcdh8,pcdh8
9095,pcdh9,pcdh9
9096,pcf11,pcf11
9097,pcgf1,pcgf1
9098,pcgf5b,pcgf5b
9099,pcgf6,pcgf6
9100,pcid2,pcid2
9101,pck1,pck1
9102,pck2,pck2
9103,pclaf,pclaf
9104,pcloa,pcloa
9105,pclob,pclob
9106,pcm1,pcm1
9107,pcmt,pcmt
9108,pcmtd1,pcmtd1
9109,pcmtl,pcmtl
9110,pcna,pcna
9111,pcnp,pcnp
9112,pcnt,pcnt
9113,pcnx,pcnx
9114,pcnxl2,pcnxl2
9115,pcnxl3,pcnxl3
9116,pcnxl4,pcnxl4
9117,pcolce2a,pcolce2a
9118,pcolce2b,pcolce2b
9119,pcolcea,pcolcea
9120,pcp4a,pcp4a
9121,pcp4l1,pcp4l1
9122,pcsk5a,pcsk5a
9123,pcsk5b,pcsk5b
9124,pcsk6,pcsk6
9125,pcsk7,pcsk7
9126,pcxa,pcxa
9127,pcyox1l,pcyox1l
9128,pcyt1aa,pcyt1aa
9129,pcyt2,pcyt2
9130,pdap1a,pdap1a
9131,pdap1b,pdap1b
9132,pdcd10a,pdcd10a
9133,pdcd10b,pdcd10b
9134,pdcd11,pdcd11
9135,pdcd2,pdcd2
9136,pdcd2l,pdcd2l
9137,pdcd4a,pdcd4a
9138,pdcd4b,pdcd4b
9139,pdcd5,pdcd5
9140,pdcd6,pdcd6
9141,pdcd6ip,pdcd6ip
9142,pdcd7,pdcd7
9143,pdcl,pdcl
9144,pde10a,pde10a
9145,pde12,pde12
9146,pde3a,pde3a
9147,pde4a,pde4a
9148,pde4ba,pde4ba
9149,pde4ca,pde4ca
9150,pde4cb,pde4cb
9151,pde4d,pde4d
9152,pde6d,pde6d
9153,pde6ha,pde6ha
9154,pde7a,pde7a
9155,pde9a,pde9a
9156,pdf,pdf
9157,pdgfab,pdgfab
9158,pdgfba,pdgfba
9159,pdgfbb,pdgfbb
9160,pdgfc,pdgfc
9161,pdgfd,pdgfd
9162,pdgfra,pdgfra
9163,pdgfrb,pdgfrb
9164,pdgfrl,pdgfrl
9165,pdha1a,pdha1a
9166,pdha1b,pdha1b
9167,pdhb,pdhb
9168,pdhx,pdhx
9169,pdia2,pdia2
9170,pdia3,pdia3
9171,pdia4,pdia4
9172,pdia5,pdia5
9173,pdia6,pdia6
9174,pdik1l,pdik1l
9175,pdk1,pdk1
9176,pdk2a,pdk2a
9177,pdk2b,pdk2b
9178,pdk3a,pdk3a
9179,pdk4,pdk4
9180,pdlim1,pdlim1
9181,pdlim2,pdlim2
9182,pdlim3a,pdlim3a
9183,pdlim3b,pdlim3b
9184,pdlim4,pdlim4
9185,pdlim5a,pdlim5a
9186,pdlim5b,pdlim5b
9187,pdp2,pdp2
9188,pdpk1a,pdpk1a
9189,pdpk1b,pdpk1b
9190,pdrg1,pdrg1
9191,pds5a,pds5a
9192,pds5b,pds5b
9193,pdss1,pdss1
9194,pdss2,pdss2
9195,pdx1,pdx1
9196,pdxdc1,pdxdc1
9197,pdxka,pdxka
9198,pdzd11,pdzd11
9199,pdzd2,pdzd2
9200,pdzd8,pdzd8
9201,pdzk1,pdzk1
9202,pdzk1ip1,pdzk1ip1
9203,pdzrn3b,pdzrn3b
9204,peak1,peak1
9205,pear1,pear1
9206,pebp1,pebp1
9207,pecam1,pecam1
9208,pecr,pecr
9209,pef1,pef1
9210,peli1a,peli1a
9211,peli1b,peli1b
9212,peli2,peli2
9213,peli3,peli3
9214,pelo,pelo
9215,pelp1,pelp1
9216,pemt,pemt
9217,penka,penka
9218,penkb,penkb
9219,per1a,per1a
9220,per1b,per1b
9221,per2,per2
9222,per3,per3
9223,perp,perp
9224,pes,pes
9225,pet100,pet100
9226,pex1,pex1
9227,pex10,pex10
9228,pex11b,pex11b
9229,pex12,pex12
9230,pex13,pex13
9231,pex14,pex14
9232,pex16,pex16
9233,pex19,pex19
9234,pex26,pex26
9235,pex3,pex3
9236,pex5,pex5
9237,pex7,pex7
9238,pfas,pfas
9239,pfdn1,pfdn1
9240,pfdn2,pfdn2
9241,pfdn4,pfdn4
9242,pfdn5,pfdn5
9243,pfdn6,pfdn6
9244,pfkfb1,pfkfb1
9245,pfkfb2a,pfkfb2a
9246,pfkfb2b,pfkfb2b
9247,pfkfb3,pfkfb3
9248,pfkfb4a,pfkfb4a
9249,pfkfb4b,pfkfb4b
9250,pfklb,pfklb
9251,pfkmb,pfkmb
9252,pfkpa,pfkpa
9253,pfkpb,pfkpb
9254,pfn1,pfn1
9255,pfn2,pfn2
9256,pfn2l,pfn2l
9257,pgam1a,pgam1a
9258,pgam1b,pgam1b
9259,pgam2,pgam2
9260,pgam5,pgam5
9261,pgap2,pgap2
9262,pgbd4,pgbd4
9263,pgd,pgd
9264,pgghg,pgghg
9265,pggt1b,pggt1b
9266,pgk1,pgk1
9267,pgls,pgls
9268,pglyrp5,pglyrp5
9269,pgm1,pgm1
9270,pgm2,pgm2
9271,pgm2l1,pgm2l1
9272,pgm3,pgm3
9273,pgp,pgp
9274,pgpep1,pgpep1
9275,pgpep1l,pgpep1l
9276,pgrmc1,pgrmc1
9277,pgrmc2,pgrmc2
9278,pgs1,pgs1
9279,phactr1,phactr1
9280,phactr2,phactr2
9281,phactr3a,phactr3a
9282,phactr3b,phactr3b
9283,phactr4a,phactr4a
9284,phactr4b,phactr4b
9285,phax,phax
9286,phb,phb
9287,phb2a,phb2a
9288,phb2b,phb2b
9289,phc1,phc1
9290,phc2a,phc2a
9291,phc2b,phc2b
9292,phex,phex
9293,phf10,phf10
9294,phf12a,phf12a
9295,phf12b,phf12b
9296,phf13,phf13
9297,phf14,phf14
9298,phf2,phf2
9299,phf20a,phf20a
9300,phf20b,phf20b
9301,phf20l1,phf20l1
9302,phf21aa,phf21aa
9303,phf21ab,phf21ab
9304,phf23a,phf23a
9305,phf23b,phf23b
9306,phf3,phf3
9307,phf5a,phf5a
9308,phf6,phf6
9309,phf8,phf8
9310,phgdh,phgdh
9311,phip,phip
9312,phka2,phka2
9313,phkb,phkb
9314,phkg1a,phkg1a
9315,phkg1b,phkg1b
9316,phkg2,phkg2
9317,phlda1,phlda1
9318,phlda2,phlda2
9319,phlda3,phlda3
9320,phldb1a,phldb1a
9321,phldb1b,phldb1b
9322,phldb2a,phldb2a
9323,phldb2b,phldb2b
9324,phlpp1,phlpp1
9325,pho,pho
9326,phospho1,phospho1
9327,phospho2,phospho2
9328,phox2a,phox2a
9329,phox2bb,phox2bb
9330,phpt1,phpt1
9331,phrf1,phrf1
9332,phtf2,phtf2
9333,phyh,phyh
9334,phyhd1,phyhd1
9335,phyhiplb,phyhiplb
9336,phykpl,phykpl
9337,pi4k2a,pi4k2a
9338,pi4k2b,pi4k2b
9339,pi4kaa,pi4kaa
9340,pi4kab,pi4kab
9341,pi4kb,pi4kb
9342,pias1a,pias1a
9343,pias1b,pias1b
9344,pias2,pias2
9345,pias4a,pias4a
9346,picalma,picalma
9347,picalmb,picalmb
9348,pick1,pick1
9349,pidd1,pidd1
9350,piezo1,piezo1
9351,piezo2a.2,piezo2a.2
9352,pif1,pif1
9353,piga,piga
9354,pigb,pigb
9355,pigbos1,pigbos1
9356,pigc,pigc
9357,pigf,pigf
9358,pigh,pigh
9359,pigk,pigk
9360,pigl,pigl
9361,pigm,pigm
9362,pign,pign
9363,pigo,pigo
9364,pigp,pigp
9365,pigq,pigq
9366,pigr,pigr
9367,pigs,pigs
9368,pigt,pigt
9369,pigu,pigu
9370,pigv,pigv
9371,pigw,pigw
9372,pigx,pigx
9373,pih1d1,pih1d1
9374,pih1d2,pih1d2
9375,pih1d3,pih1d3
9376,pik3ap1,pik3ap1
9377,pik3c2a,pik3c2a
9378,pik3c2b,pik3c2b
9379,pik3c3,pik3c3
9380,pik3ca,pik3ca
9381,pik3cb,pik3cb
9382,pik3cd,pik3cd
9383,pik3cg,pik3cg
9384,pik3ip1,pik3ip1
9385,pik3r1,pik3r1
9386,pik3r2,pik3r2
9387,pik3r3a,pik3r3a
9388,pik3r3b,pik3r3b
9389,pik3r4,pik3r4
9390,pik3r5,pik3r5
9391,pikfyve,pikfyve
9392,pim1,pim1
9393,pim2,pim2
9394,pim3,pim3
9395,pimr138,pimr138
9396,pimr141,pimr141
9397,pimr186,pimr186
9398,pimr188,pimr188
9399,pimr189,pimr189
9400,pimr191,pimr191
9401,pimr93,pimr93
9402,pin1,pin1
9403,pin4,pin4
9404,pink1,pink1
9405,pinx1,pinx1
9406,pip4k2aa,pip4k2aa
9407,pip4k2ca,pip4k2ca
9408,pip4p1a,pip4p1a
9409,pip5k1aa,pip5k1aa
9410,pip5k1ab,pip5k1ab
9411,pip5k1ba,pip5k1ba
9412,pip5k1bb,pip5k1bb
9413,pip5k1ca,pip5k1ca
9414,pip5k1cb,pip5k1cb
9415,pipox,pipox
9416,pir,pir
9417,pisd,pisd
9418,pithd1,pithd1
9419,pitpnaa,pitpnaa
9420,pitpnb,pitpnb
9421,pitpnbl,pitpnbl
9422,pitpnm3,pitpnm3
9423,pitrm1,pitrm1
9424,pitx1,pitx1
9425,pitx2,pitx2
9426,pitx3,pitx3
9427,piwil1,piwil1
9428,piwil2,piwil2
9429,pja2,pja2
9430,pkd1a,pkd1a
9431,pkd1b,pkd1b
9432,pkdcca,pkdcca
9433,pkdccb,pkdccb
9434,pkhd1l1,pkhd1l1
9435,pkib,pkib
9436,pkig,pkig
9437,pklr,pklr
9438,pkma,pkma
9439,pkmyt1,pkmyt1
9440,pkn1a,pkn1a
9441,pkn2,pkn2
9442,pknox1.1,pknox1.1
9443,pknox1.2,pknox1.2
9444,pknox2,pknox2
9445,pkp1b,pkp1b
9446,pkp2,pkp2
9447,pkp3a,pkp3a
9448,pkp3b,pkp3b
9449,pkp4,pkp4
9450,pla1a,pla1a
9451,pla2g12a,pla2g12a
9452,pla2g15,pla2g15
9453,pla2g4ab,pla2g4ab
9454,pla2g4f.1,pla2g4f.1
9455,pla2g6,pla2g6
9456,pla2g7,pla2g7
9457,pla2r1,pla2r1
9458,plaa,plaa
9459,plag1,plag1
9460,plagl2,plagl2
9461,plagx,plagx
9462,plaua,plaua
9463,plaub,plaub
9464,plcb3,plcb3
9465,plcd1a,plcd1a
9466,plcd1b,plcd1b
9467,plcd3a,plcd3a
9468,plcd4a,plcd4a
9469,plce1,plce1
9470,plcg1,plcg1
9471,plcg2,plcg2
9472,plch1,plch1
9473,plch2a,plch2a
9474,plcl2,plcl2
9475,plcxd3,plcxd3
9476,pld1a,pld1a
9477,pld1b,pld1b
9478,pld2,pld2
9479,pld3,pld3
9480,pleca,pleca
9481,plecb,plecb
9482,plek,plek
9483,plekha1a,plekha1a
9484,plekha1b,plekha1b
9485,plekha3,plekha3
9486,plekha5,plekha5
9487,plekha6,plekha6
9488,plekha7a,plekha7a
9489,plekha7b,plekha7b
9490,plekha8,plekha8
9491,plekhb2,plekhb2
9492,plekhf1,plekhf1
9493,plekhf2,plekhf2
9494,plekhg2,plekhg2
9495,plekhg4,plekhg4
9496,plekhg5a,plekhg5a
9497,plekhg5b,plekhg5b
9498,plekhg6,plekhg6
9499,plekhg7,plekhg7
9500,plekhh1,plekhh1
9501,plekhh2,plekhh2
9502,plekhj1,plekhj1
9503,plekhm1,plekhm1
9504,plekhm2,plekhm2
9505,plekhm3,plekhm3
9506,plekhn1,plekhn1
9507,plekho1a,plekho1a
9508,plekho1b,plekho1b
9509,plekho2,plekho2
9510,plekhs1,plekhs1
9511,plgrkt,plgrkt
9512,plin2,plin2
9513,plin6,plin6
9514,plk1,plk1
9515,plk2b,plk2b
9516,plk3,plk3
9517,plk4,plk4
9518,pllp,pllp
9519,plod1a,plod1a
9520,plod2,plod2
9521,plp1a,plp1a
9522,plp2,plp2
9523,plpbp,plpbp
9524,plpp1a,plpp1a
9525,plpp2b,plpp2b
9526,plpp3,plpp3
9527,plpp5,plpp5
9528,plpp6,plpp6
9529,plpp7,plpp7
9530,plppr1,plppr1
9531,plppr2a,plppr2a
9532,plppr3a,plppr3a
9533,plppr4a,plppr4a
9534,plppr5a,plppr5a
9535,plrg1,plrg1
9536,pls3,pls3
9537,plscr3b,plscr3b
9538,pltp,pltp
9539,plvapb,plvapb
9540,plxdc1,plxdc1
9541,plxdc2,plxdc2
9542,plxna1a,plxna1a
9543,plxna2,plxna2
9544,plxna3,plxna3
9545,plxna4,plxna4
9546,plxnb1a,plxnb1a
9547,plxnb1b,plxnb1b
9548,plxnb2a,plxnb2a
9549,plxnb2b,plxnb2b
9550,plxnb3,plxnb3
9551,plxnc1,plxnc1
9552,pm20d1.1,pm20d1.1
9553,pm20d1.2,pm20d1.2
9554,pmaip1,pmaip1
9555,pmela,pmela
9556,pmelb,pmelb
9557,pmm2,pmm2
9558,pmp22a,pmp22a
9559,pmp22b,pmp22b
9560,pmpca,pmpca
9561,pmpcb,pmpcb
9562,pms1,pms1
9563,pms2,pms2
9564,pmvk,pmvk
9565,pnisr,pnisr
9566,pnkd,pnkd
9567,pnkp,pnkp
9568,pnn,pnn
9569,pno1,pno1
9570,pnp4a,pnp4a
9571,pnp5a,pnp5a
9572,pnp5b,pnp5b
9573,pnpla2,pnpla2
9574,pnpla3,pnpla3
9575,pnpla6,pnpla6
9576,pnpla7a,pnpla7a
9577,pnpla7b,pnpla7b
9578,pnpla8,pnpla8
9579,pnpo,pnpo
9580,pnrc2,pnrc2
9581,poc1b,poc1b
9582,poc1bl,poc1bl
9583,poc5,poc5
9584,podxl,podxl
9585,pof1b,pof1b
9586,pofut1,pofut1
9587,pofut2,pofut2
9588,poglut1,poglut1
9589,pogza,pogza
9590,pogzb,pogzb
9591,pola1,pola1
9592,pola2,pola2
9593,polb,polb
9594,pold1,pold1
9595,pold2,pold2
9596,pold3,pold3
9597,poldip2,poldip2
9598,poldip3,poldip3
9599,pole,pole
9600,pole2,pole2
9601,pole3,pole3
9602,pole4,pole4
9603,polg,polg
9604,polg2,polg2
9605,polh,polh
9606,poli,poli
9607,polk,polk
9608,poll,poll
9609,polm,polm
9610,poln,poln
9611,polq,polq
9612,polr1a,polr1a
9613,polr1b,polr1b
9614,polr1c,polr1c
9615,polr1d,polr1d
9616,polr1e,polr1e
9617,polr2a,polr2a
9618,polr2b,polr2b
9619,polr2c,polr2c
9620,polr2d,polr2d
9621,polr2eb,polr2eb
9622,polr2f,polr2f
9623,polr2gl,polr2gl
9624,polr2h,polr2h
9625,polr2i,polr2i
9626,polr2j,polr2j
9627,polr2k,polr2k
9628,polr2l,polr2l
9629,polr2m,polr2m
9630,polr3a,polr3a
9631,polr3b,polr3b
9632,polr3c,polr3c
9633,polr3d,polr3d
9634,polr3e,polr3e
9635,polr3f,polr3f
9636,polr3gla,polr3gla
9637,polr3glb,polr3glb
9638,polr3h,polr3h
9639,polr3k,polr3k
9640,polrmt,polrmt
9641,pom121,pom121
9642,pomca,pomca
9643,pomgnt1,pomgnt1
9644,pomgnt2,pomgnt2
9645,pomk,pomk
9646,pomp,pomp
9647,pomt1,pomt1
9648,pomt2,pomt2
9649,pon1,pon1
9650,pon2,pon2
9651,pon3.2,pon3.2
9652,ponzr1,ponzr1
9653,ponzr2,ponzr2
9654,ponzr3,ponzr3
9655,ponzr5,ponzr5
9656,pop1,pop1
9657,pop4,pop4
9658,pop5,pop5
9659,pop7,pop7
9660,pora,pora
9661,porb,porb
9662,porcnl,porcnl
9663,postnb,postnb
9664,pot1,pot1
9665,pou1f1,pou1f1
9666,pou2f1b,pou2f1b
9667,pou2f2a,pou2f2a
9668,pou2f3,pou2f3
9669,pou3f1,pou3f1
9670,pou3f2a,pou3f2a
9671,pou3f2b,pou3f2b
9672,pou3f3a,pou3f3a
9673,pou3f3b,pou3f3b
9674,pou4f1,pou4f1
9675,pou4f2,pou4f2
9676,pou5f3,pou5f3
9677,pou6f1,pou6f1
9678,pou6f2,pou6f2
9679,ppa1a,ppa1a
9680,ppa1b,ppa1b
9681,ppa2,ppa2
9682,ppan,ppan
9683,ppap2d,ppap2d
9684,pparaa,pparaa
9685,pparda,pparda
9686,ppardb,ppardb
9687,pparg,pparg
9688,ppargc1a,ppargc1a
9689,ppargc1b,ppargc1b
9690,ppat,ppat
9691,ppcdc,ppcdc
9692,ppcs,ppcs
9693,ppdpfa,ppdpfa
9694,ppdpfb,ppdpfb
9695,ppfia3,ppfia3
9696,ppfia4,ppfia4
9697,ppfibp1a,ppfibp1a
9698,ppfibp1b,ppfibp1b
9699,ppfibp2a,ppfibp2a
9700,ppfibp2b,ppfibp2b
9701,pphln1,pphln1
9702,ppiaa,ppiaa
9703,ppiab,ppiab
9704,ppib,ppib
9705,ppic,ppic
9706,ppid,ppid
9707,ppie,ppie
9708,ppifa,ppifa
9709,ppifb,ppifb
9710,ppig,ppig
9711,ppih,ppih
9712,ppil1,ppil1
9713,ppil2,ppil2
9714,ppil3,ppil3
9715,ppil4,ppil4
9716,ppil6,ppil6
9717,ppip5k1a,ppip5k1a
9718,ppip5k1b,ppip5k1b
9719,ppip5k2,ppip5k2
9720,ppl,ppl
9721,ppm1aa,ppm1aa
9722,ppm1ab,ppm1ab
9723,ppm1ba,ppm1ba
9724,ppm1bb,ppm1bb
9725,ppm1da,ppm1da
9726,ppm1g,ppm1g
9727,ppm1h,ppm1h
9728,ppm1j,ppm1j
9729,ppm1k,ppm1k
9730,ppm1la,ppm1la
9731,ppme1,ppme1
9732,ppox,ppox
9733,ppp1caa,ppp1caa
9734,ppp1cab,ppp1cab
9735,ppp1cb,ppp1cb
9736,ppp1cbl,ppp1cbl
9737,ppp1r10,ppp1r10
9738,ppp1r11,ppp1r11
9739,ppp1r12a,ppp1r12a
9740,ppp1r12c,ppp1r12c
9741,ppp1r13ba,ppp1r13ba
9742,ppp1r13bb,ppp1r13bb
9743,ppp1r13l,ppp1r13l
9744,ppp1r14aa,ppp1r14aa
9745,ppp1r14ab,ppp1r14ab
9746,ppp1r14ba,ppp1r14ba
9747,ppp1r14bb,ppp1r14bb
9748,ppp1r14c,ppp1r14c
9749,ppp1r15a,ppp1r15a
9750,ppp1r15b,ppp1r15b
9751,ppp1r16b,ppp1r16b
9752,ppp1r18,ppp1r18
9753,ppp1r1b,ppp1r1b
9754,ppp1r1c,ppp1r1c
9755,ppp1r2,ppp1r2
9756,ppp1r21,ppp1r21
9757,ppp1r26,ppp1r26
9758,ppp1r27b,ppp1r27b
9759,ppp1r35,ppp1r35
9760,ppp1r37,ppp1r37
9761,ppp1r3aa,ppp1r3aa
9762,ppp1r3ab,ppp1r3ab
9763,ppp1r3b,ppp1r3b
9764,ppp1r3ca,ppp1r3ca
9765,ppp1r3cb,ppp1r3cb
9766,ppp1r3da,ppp1r3da
9767,ppp1r7,ppp1r7
9768,ppp1r8a,ppp1r8a
9769,ppp1r8b,ppp1r8b
9770,ppp1r9a,ppp1r9a
9771,ppp1r9ala,ppp1r9ala
9772,ppp1r9alb,ppp1r9alb
9773,ppp1r9ba,ppp1r9ba
9774,ppp1r9bb,ppp1r9bb
9775,ppp2ca,ppp2ca
9776,ppp2cb,ppp2cb
9777,ppp2r1ba,ppp2r1ba
9778,ppp2r1bb,ppp2r1bb
9779,ppp2r2aa,ppp2r2aa
9780,ppp2r2ab,ppp2r2ab
9781,ppp2r2ba,ppp2r2ba
9782,ppp2r2d,ppp2r2d
9783,ppp2r3a,ppp2r3a
9784,ppp2r3b,ppp2r3b
9785,ppp2r3c,ppp2r3c
9786,ppp2r5a,ppp2r5a
9787,ppp2r5cb,ppp2r5cb
9788,ppp2r5d,ppp2r5d
9789,ppp2r5ea,ppp2r5ea
9790,ppp2r5eb,ppp2r5eb
9791,ppp3ca,ppp3ca
9792,ppp3cb,ppp3cb
9793,ppp3cca,ppp3cca
9794,ppp3ccb,ppp3ccb
9795,ppp3r1a,ppp3r1a
9796,ppp3r1b,ppp3r1b
9797,ppp4ca,ppp4ca
9798,ppp4cb,ppp4cb
9799,ppp4r2a,ppp4r2a
9800,ppp4r2b,ppp4r2b
9801,ppp4r3b,ppp4r3b
9802,ppp4r4,ppp4r4
9803,ppp5c,ppp5c
9804,ppp6c,ppp6c
9805,ppp6r2a,ppp6r2a
9806,ppp6r2b,ppp6r2b
9807,ppp6r3,ppp6r3
9808,pprc1,pprc1
9809,ppt1,ppt1
9810,ppt2,ppt2
9811,pptc7a,pptc7a
9812,ppwd1,ppwd1
9813,pqbp1,pqbp1
9814,pqlc2,pqlc2
9815,pqlc3,pqlc3
9816,praf2,praf2
9817,prc1a,prc1a
9818,prc1b,prc1b
9819,prcc,prcc
9820,prcp,prcp
9821,prdm10,prdm10
9822,prdm11,prdm11
9823,prdm12b,prdm12b
9824,prdm13,prdm13
9825,prdm1a,prdm1a
9826,prdm2b,prdm2b
9827,prdm4,prdm4
9828,prdm5,prdm5
9829,prdm8,prdm8
9830,prdm8b,prdm8b
9831,prdm9,prdm9
9832,prdx1,prdx1
9833,prdx2,prdx2
9834,prdx3,prdx3
9835,prdx4,prdx4
9836,prdx5,prdx5
9837,prdx6,prdx6
9838,preb,preb
9839,prelid1a,prelid1a
9840,prelid1b,prelid1b
9841,prelid3a,prelid3a
9842,prelid3b,prelid3b
9843,prep,prep
9844,prepl,prepl
9845,prex1,prex1
9846,prex2,prex2
9847,prg4b,prg4b
9848,prickle1a,prickle1a
9849,prickle1b,prickle1b
9850,prickle2a,prickle2a
9851,prickle2b,prickle2b
9852,prim1,prim1
9853,prim2,prim2
9854,primpol,primpol
9855,prkaa1,prkaa1
9856,prkaa2,prkaa2
9857,prkab1a,prkab1a
9858,prkab1b,prkab1b
9859,prkacaa,prkacaa
9860,prkacab,prkacab
9861,prkacba,prkacba
9862,prkacbb,prkacbb
9863,prkag1,prkag1
9864,prkag2a,prkag2a
9865,prkag3b,prkag3b
9866,prkar1aa,prkar1aa
9867,prkar1ab,prkar1ab
9868,prkar2aa,prkar2aa
9869,prkca,prkca
9870,prkcba,prkcba
9871,prkcbb,prkcbb
9872,prkcbp1l,prkcbp1l
9873,prkcda,prkcda
9874,prkcdb,prkcdb
9875,prkcea,prkcea
9876,prkceb,prkceb
9877,prkchb,prkchb
9878,prkci,prkci
9879,prkcsh,prkcsh
9880,prkd2,prkd2
9881,prkd3,prkd3
9882,prkdc,prkdc
9883,prkg1a,prkg1a
9884,prkra,prkra
9885,prkrip1,prkrip1
9886,prkx,prkx
9887,prmt1,prmt1
9888,prmt2,prmt2
9889,prmt3,prmt3
9890,prmt5,prmt5
9891,prmt6,prmt6
9892,prmt7,prmt7
9893,prmt8b,prmt8b
9894,prmt9,prmt9
9895,prnprs3,prnprs3
9896,proca1,proca1
9897,prodha,prodha
9898,prodhb,prodhb
9899,prokr1a,prokr1a
9900,prom1a,prom1a
9901,prom1b,prom1b
9902,pros1,pros1
9903,proser1,proser1
9904,proser3,proser3
9905,prox1a,prox1a
9906,prox1b,prox1b
9907,prox2,prox2
9908,proza,proza
9909,prp,prp
9910,prpf18,prpf18
9911,prpf19,prpf19
9912,prpf3,prpf3
9913,prpf31,prpf31
9914,prpf38a,prpf38a
9915,prpf38b,prpf38b
9916,prpf39,prpf39
9917,prpf4,prpf4
9918,prpf40a,prpf40a
9919,prpf4ba,prpf4ba
9920,prpf4bb,prpf4bb
9921,prpf6,prpf6
9922,prpf8,prpf8
9923,prps1a,prps1a
9924,prps1b,prps1b
9925,prpsap1,prpsap1
9926,prpsap2,prpsap2
9927,prr11,prr11
9928,prr12a,prr12a
9929,prr12b,prr12b
9930,prr13,prr13
9931,prr14,prr14
9932,prr15la,prr15la
9933,prr16,prr16
9934,prr18,prr18
9935,prr33,prr33
9936,prrc1,prrc1
9937,prrc2a,prrc2a
9938,prrc2c,prrc2c
9939,prrg1,prrg1
9940,prrg2,prrg2
9941,prrg4,prrg4
9942,prrx1a,prrx1a
9943,prrx1b,prrx1b
9944,prss1,prss1
9945,prss12,prss12
9946,prss16,prss16
9947,prss23,prss23
9948,prss35,prss35
9949,prtfdc1,prtfdc1
9950,prtgb,prtgb
9951,prune2,prune2
9952,prx,prx
9953,psap,psap
9954,psat1,psat1
9955,psd2,psd2
9956,psd3l,psd3l
9957,psen1,psen1
9958,psen2,psen2
9959,psenen,psenen
9960,psip1a,psip1a
9961,psip1b,psip1b
9962,pskh1,pskh1
9963,psma1,psma1
9964,psma2,psma2
9965,psma3,psma3
9966,psma4,psma4
9967,psma5,psma5
9968,psma6a,psma6a
9969,psma6b,psma6b
9970,psma6l,psma6l
9971,psma8,psma8
9972,psmb1,psmb1
9973,psmb10,psmb10
9974,psmb2,psmb2
9975,psmb3,psmb3
9976,psmb4,psmb4
9977,psmb5,psmb5
9978,psmb6,psmb6
9979,psmb7,psmb7
9980,psmc1a,psmc1a
9981,psmc1b,psmc1b
9982,psmc2,psmc2
9983,psmc3,psmc3
9984,psmc3ip,psmc3ip
9985,psmc4,psmc4
9986,psmc5,psmc5
9987,psmc6,psmc6
9988,psmd1,psmd1
9989,psmd10,psmd10
9990,psmd11a,psmd11a
9991,psmd11b,psmd11b
9992,psmd12,psmd12
9993,psmd13,psmd13
9994,psmd14,psmd14
9995,psmd3,psmd3
9996,psmd4a,psmd4a
9997,psmd4b,psmd4b
9998,psmd5,psmd5
9999,psmd6,psmd6
10000,psmd7,psmd7
10001,psmd8,psmd8
10002,psmd9,psmd9
10003,psme1,psme1
10004,psme2,psme2
10005,psme3,psme3
10006,psme4a,psme4a
10007,psme4b,psme4b
10008,psmf1,psmf1
10009,psmg1,psmg1
10010,psmg2,psmg2
10011,psmg3,psmg3
10012,pspc1,pspc1
10013,psph,psph
10014,pstpip1b,pstpip1b
10015,pstpip2,pstpip2
10016,ptar1,ptar1
10017,ptbp1a,ptbp1a
10018,ptbp1b,ptbp1b
10019,ptbp2a,ptbp2a
10020,ptbp2b,ptbp2b
10021,ptbp3,ptbp3
10022,ptcd1,ptcd1
10023,ptcd2,ptcd2
10024,ptcd3,ptcd3
10025,ptch1,ptch1
10026,ptch2,ptch2
10027,ptchd1,ptchd1
10028,ptdss1a,ptdss1a
10029,ptdss2,ptdss2
10030,ptena,ptena
10031,ptenb,ptenb
10032,pter,pter
10033,ptf1a,ptf1a
10034,ptgdsb.1,ptgdsb.1
10035,ptgdsb.2,ptgdsb.2
10036,ptger1a,ptger1a
10037,ptger4a,ptger4a
10038,ptges3a,ptges3a
10039,ptges3b,ptges3b
10040,ptgesl,ptgesl
10041,ptgis,ptgis
10042,ptgr1,ptgr1
10043,ptgr2,ptgr2
10044,ptgs1,ptgs1
10045,ptgs2a,ptgs2a
10046,ptgs2b,ptgs2b
10047,pth2r,pth2r
10048,ptk2aa,ptk2aa
10049,ptk2ab,ptk2ab
10050,ptk2ba,ptk2ba
10051,ptk2bb,ptk2bb
10052,ptk6a,ptk6a
10053,ptk7a,ptk7a
10054,ptmaa,ptmaa
10055,ptmab,ptmab
10056,ptn,ptn
10057,ptp4a1,ptp4a1
10058,ptp4a2a,ptp4a2a
10059,ptp4a2b,ptp4a2b
10060,ptp4a3,ptp4a3
10061,ptpa,ptpa
10062,ptpdc1a,ptpdc1a
10063,ptpdc1b,ptpdc1b
10064,ptpmt1,ptpmt1
10065,ptpn1,ptpn1
10066,ptpn11a,ptpn11a
10067,ptpn11b,ptpn11b
10068,ptpn12,ptpn12
10069,ptpn13,ptpn13
10070,ptpn18,ptpn18
10071,ptpn21,ptpn21
10072,ptpn22,ptpn22
10073,ptpn23a,ptpn23a
10074,ptpn23b,ptpn23b
10075,ptpn2a,ptpn2a
10076,ptpn2b,ptpn2b
10077,ptpn3,ptpn3
10078,ptpn4a,ptpn4a
10079,ptpn4b,ptpn4b
10080,ptpn5,ptpn5
10081,ptpn6,ptpn6
10082,ptpn9a,ptpn9a
10083,ptpn9b,ptpn9b
10084,ptpra,ptpra
10085,ptprb,ptprb
10086,ptprc,ptprc
10087,ptprea,ptprea
10088,ptpreb,ptpreb
10089,ptprfa,ptprfa
10090,ptprfb,ptprfb
10091,ptprga,ptprga
10092,ptprja,ptprja
10093,ptprjb.1,ptprjb.1
10094,ptprk,ptprk
10095,ptprn2,ptprn2
10096,ptprna,ptprna
10097,ptprnb,ptprnb
10098,ptpro,ptpro
10099,ptprr,ptprr
10100,ptprsa,ptprsa
10101,ptprt,ptprt
10102,ptprua,ptprua
10103,ptprub,ptprub
10104,ptprz1a,ptprz1a
10105,ptprz1b,ptprz1b
10106,ptrh1,ptrh1
10107,ptrh2,ptrh2
10108,ptrhd1,ptrhd1
10109,pts,pts
10110,pttg1,pttg1
10111,pttg1ipb,pttg1ipb
10112,ptx4,ptx4
10113,pudp,pudp
10114,puf60a,puf60a
10115,puf60b,puf60b
10116,pum1,pum1
10117,pum2,pum2
10118,pum3,pum3
10119,puraa,puraa
10120,purab,purab
10121,purba,purba
10122,purbb,purbb
10123,pus1,pus1
10124,pus10,pus10
10125,pus3,pus3
10126,pus7,pus7
10127,pus7l,pus7l
10128,pusl1,pusl1
10129,pvalb1,pvalb1
10130,pvalb2,pvalb2
10131,pvalb3,pvalb3
10132,pvalb4,pvalb4
10133,pvalb6,pvalb6
10134,pvalb7,pvalb7
10135,pvalb8,pvalb8
10136,pvrl2l,pvrl2l
10137,pwp1,pwp1
10138,pwp2h,pwp2h
10139,pwwp2a,pwwp2a
10140,pwwp2b,pwwp2b
10141,pxdc1b,pxdc1b
10142,pxdn,pxdn
10143,pxk,pxk
10144,pxmp2,pxmp2
10145,pxna,pxna
10146,pycard,pycard
10147,pycr1a,pycr1a
10148,pycr1b,pycr1b
10149,pycr3,pycr3
10150,pygb,pygb
10151,pygl,pygl
10152,pygma,pygma
10153,pygmb,pygmb
10154,pygo2,pygo2
10155,pym1,pym1
10156,pyroxd1,pyroxd1
10157,pyroxd2,pyroxd2
10158,qars,qars
10159,qdpra,qdpra
10160,qdprb1,qdprb1
10161,qki2,qki2
10162,qkia,qkia
10163,qkib,qkib
10164,qpct,qpct
10165,qpctla,qpctla
10166,qrich1,qrich1
10167,qrsl1,qrsl1
10168,qser1,qser1
10169,qsox1,qsox1
10170,qsox2,qsox2
10171,qtrt1,qtrt1
10172,qtrt2,qtrt2
10173,quo,quo
10174,r3hcc1,r3hcc1
10175,r3hcc1l,r3hcc1l
10176,r3hdm1,r3hdm1
10177,r3hdm4,r3hdm4
10178,r3hdml,r3hdml
10179,rab10,rab10
10180,rab11a,rab11a
10181,rab11ba,rab11ba
10182,rab11bb,rab11bb
10183,rab11fip1a,rab11fip1a
10184,rab11fip2,rab11fip2
10185,rab11fip3,rab11fip3
10186,rab11fip4a,rab11fip4a
10187,rab11fip4b,rab11fip4b
10188,rab12,rab12
10189,rab13,rab13
10190,rab14,rab14
10191,rab14l,rab14l
10192,rab15,rab15
10193,rab18a,rab18a
10194,rab18b,rab18b
10195,rab1aa,rab1aa
10196,rab1ab,rab1ab
10197,rab1ba,rab1ba
10198,rab1bb,rab1bb
10199,rab20,rab20
10200,rab22a,rab22a
10201,rab23,rab23
10202,rab24,rab24
10203,rab25a,rab25a
10204,rab2a,rab2a
10205,rab30,rab30
10206,rab32a,rab32a
10207,rab33a,rab33a
10208,rab33ba,rab33ba
10209,rab34a,rab34a
10210,rab34b,rab34b
10211,rab35b,rab35b
10212,rab36,rab36
10213,rab39ba,rab39ba
10214,rab39bb,rab39bb
10215,rab3aa,rab3aa
10216,rab3c,rab3c
10217,rab3db,rab3db
10218,rab3gap1,rab3gap1
10219,rab3gap2,rab3gap2
10220,rab3il1,rab3il1
10221,rab3ip,rab3ip
10222,rab40b,rab40b
10223,rab40c,rab40c
10224,rab41,rab41
10225,rab42a,rab42a
10226,rab42b,rab42b
10227,rab43,rab43
10228,rab44,rab44
10229,rab4a,rab4a
10230,rab4b,rab4b
10231,rab5aa,rab5aa
10232,rab5ab,rab5ab
10233,rab5b,rab5b
10234,rab5c,rab5c
10235,rab6a,rab6a
10236,rab6bb,rab6bb
10237,rab7,rab7
10238,rab8a,rab8a
10239,rab8b,rab8b
10240,rab9a,rab9a
10241,rabac1,rabac1
10242,rabep1,rabep1
10243,rabep2,rabep2
10244,rabepk,rabepk
10245,rabgap1,rabgap1
10246,rabgap1l,rabgap1l
10247,rabgap1l2,rabgap1l2
10248,rabgef1,rabgef1
10249,rabgef1l,rabgef1l
10250,rabggta,rabggta
10251,rabggtb,rabggtb
10252,rabif,rabif
10253,rabl2,rabl2
10254,rabl3,rabl3
10255,rabl6a,rabl6a
10256,rabl6b,rabl6b
10257,rac1a,rac1a
10258,rac1b,rac1b
10259,rac2,rac2
10260,rac3a,rac3a
10261,rac3b,rac3b
10262,racgap1,racgap1
10263,rack1,rack1
10264,rad1,rad1
10265,rad17,rad17
10266,rad18,rad18
10267,rad21a,rad21a
10268,rad23aa,rad23aa
10269,rad23ab,rad23ab
10270,rad23b,rad23b
10271,rad50,rad50
10272,rad51,rad51
10273,rad51ap1,rad51ap1
10274,rad51b,rad51b
10275,rad51c,rad51c
10276,rad51d,rad51d
10277,rad52,rad52
10278,rad54b,rad54b
10279,rad54l,rad54l
10280,rad54l2,rad54l2
10281,rad9a,rad9a
10282,rae1,rae1
10283,raf1a,raf1a
10284,raf1b,raf1b
10285,rag2,rag2
10286,rai1,rai1
10287,rai14,rai14
10288,ralaa,ralaa
10289,ralab,ralab
10290,ralba,ralba
10291,ralbp1,ralbp1
10292,ralgapa1,ralgapa1
10293,ralgapa2,ralgapa2
10294,ralgapb,ralgapb
10295,ralgps1,ralgps1
10296,ralgps2,ralgps2
10297,raly,raly
10298,ramp2,ramp2
10299,ran,ran
10300,ranbp1,ranbp1
10301,ranbp10,ranbp10
10302,ranbp3a,ranbp3a
10303,ranbp3b,ranbp3b
10304,ranbp9,ranbp9
10305,rangap1a,rangap1a
10306,rangap1b,rangap1b
10307,rangrf,rangrf
10308,rap1aa,rap1aa
10309,rap1ab,rap1ab
10310,rap1b,rap1b
10311,rap1gap,rap1gap
10312,rap1gap2a,rap1gap2a
10313,rap2b,rap2b
10314,rap2c,rap2c
10315,rapgef1a,rapgef1a
10316,rapgef1b,rapgef1b
10317,rapgef2,rapgef2
10318,rapgef4,rapgef4
10319,rapgef5b,rapgef5b
10320,rapgef6,rapgef6
10321,raph1a,raph1a
10322,raph1b,raph1b
10323,raraa,raraa
10324,rarab,rarab
10325,rarga,rarga
10326,rars,rars
10327,rars2,rars2
10328,rasa1a,rasa1a
10329,rasa1b,rasa1b
10330,rasa3,rasa3
10331,rasal2,rasal2
10332,rasal3,rasal3
10333,rasd1,rasd1
10334,rasd3,rasd3
10335,rasd4,rasd4
10336,rasgef1ba,rasgef1ba
10337,rasgef1bb,rasgef1bb
10338,rasgrp3,rasgrp3
10339,rasgrp4,rasgrp4
10340,rasip1,rasip1
10341,rasl11a,rasl11a
10342,rasl11b,rasl11b
10343,rassf1,rassf1
10344,rassf2a,rassf2a
10345,rassf2b,rassf2b
10346,rassf3,rassf3
10347,rassf6,rassf6
10348,rassf7a,rassf7a
10349,rassf7b,rassf7b
10350,rassf8a,rassf8a
10351,rassf8b,rassf8b
10352,raver1,raver1
10353,raver2,raver2
10354,rb1,rb1
10355,rb1cc1,rb1cc1
10356,rbb4l,rbb4l
10357,rbbp4,rbbp4
10358,rbbp5,rbbp5
10359,rbbp6,rbbp6
10360,rbbp8,rbbp8
10361,rbbp9,rbbp9
10362,rbck1,rbck1
10363,rbfa,rbfa
10364,rbfox1,rbfox1
10365,rbfox1l,rbfox1l
10366,rbfox2,rbfox2
10367,rbfox3a,rbfox3a
10368,rbfox3b,rbfox3b
10369,rbks,rbks
10370,rbl1,rbl1
10371,rbl2,rbl2
10372,rbm10,rbm10
10373,rbm11,rbm11
10374,rbm12,rbm12
10375,rbm12b,rbm12b
10376,rbm14a,rbm14a
10377,rbm14b,rbm14b
10378,rbm15,rbm15
10379,rbm15b,rbm15b
10380,rbm17,rbm17
10381,rbm18,rbm18
10382,rbm19,rbm19
10383,rbm22,rbm22
10384,rbm24a,rbm24a
10385,rbm25a,rbm25a
10386,rbm25b,rbm25b
10387,rbm26,rbm26
10388,rbm27,rbm27
10389,rbm28,rbm28
10390,rbm33a,rbm33a
10391,rbm33b,rbm33b
10392,rbm34,rbm34
10393,rbm38,rbm38
10394,rbm39a,rbm39a
10395,rbm39b,rbm39b
10396,rbm4.1,rbm4.1
10397,rbm4.2,rbm4.2
10398,rbm4.3,rbm4.3
10399,rbm41,rbm41
10400,rbm42,rbm42
10401,rbm47,rbm47
10402,rbm48,rbm48
10403,rbm5,rbm5
10404,rbm6,rbm6
10405,rbm7,rbm7
10406,rbm8a,rbm8a
10407,rbms1a,rbms1a
10408,rbms2a,rbms2a
10409,rbms2b,rbms2b
10410,rbms3,rbms3
10411,rbmx,rbmx
10412,rbmx2,rbmx2
10413,rbp1,rbp1
10414,rbp2a,rbp2a
10415,rbp4,rbp4
10416,rbp4l,rbp4l
10417,rbp5,rbp5
10418,rbp7b,rbp7b
10419,rbpja,rbpja
10420,rbpjb,rbpjb
10421,rbpms2a,rbpms2a
10422,rbpms2b,rbpms2b
10423,rbx1,rbx1
10424,rc3h1a,rc3h1a
10425,rc3h1b,rc3h1b
10426,rca2.1,rca2.1
10427,rcan1a,rcan1a
10428,rcan2,rcan2
10429,rcan3,rcan3
10430,rcbtb1,rcbtb1
10431,rcbtb2,rcbtb2
10432,rcc1,rcc1
10433,rcc1l,rcc1l
10434,rcc2,rcc2
10435,rccd1,rccd1
10436,rchy1,rchy1
10437,rcl1,rcl1
10438,rcn1,rcn1
10439,rcn2,rcn2
10440,rcn3,rcn3
10441,rcor1,rcor1
10442,rcor2,rcor2
10443,rcvrn2,rcvrn2
10444,rcvrn3,rcvrn3
10445,rd3,rd3
10446,rdh10a,rdh10a
10447,rdh10b,rdh10b
10448,rdh12,rdh12
10449,rdh12l,rdh12l
10450,rdh14a,rdh14a
10451,rdh14b,rdh14b
10452,rdh8a,rdh8a
10453,rdh8b,rdh8b
10454,reck,reck
10455,recql,recql
10456,recql4,recql4
10457,recql5,recql5
10458,reep1,reep1
10459,reep2,reep2
10460,reep3a,reep3a
10461,reep3b,reep3b
10462,reep5,reep5
10463,rel,rel
10464,rela,rela
10465,relb,relb
10466,rell1,rell1
10467,relt,relt
10468,renbp,renbp
10469,reps1,reps1
10470,rer1,rer1
10471,rerea,rerea
10472,rereb,rereb
10473,rest,rest
10474,ret,ret
10475,retreg2,retreg2
10476,retreg3,retreg3
10477,retsat,retsat
10478,rev1,rev1
10479,rev3l,rev3l
10480,rex1bd,rex1bd
10481,rexo1,rexo1
10482,rexo4,rexo4
10483,rfc1,rfc1
10484,rfc2,rfc2
10485,rfc3,rfc3
10486,rfc4,rfc4
10487,rfc5,rfc5
10488,rfesd,rfesd
10489,rffl,rffl
10490,rfk,rfk
10491,rflnb,rflnb
10492,rfng,rfng
10493,rft1,rft1
10494,rftn2,rftn2
10495,rfwd3,rfwd3
10496,rfx1b,rfx1b
10497,rfx2,rfx2
10498,rfx3,rfx3
10499,rfx4,rfx4
10500,rfx5,rfx5
10501,rfx7a,rfx7a
10502,rfx7b,rfx7b
10503,rfxap,rfxap
10504,rgcc,rgcc
10505,rgl1,rgl1
10506,rgl2,rgl2
10507,rgl3a,rgl3a
10508,rgma,rgma
10509,rgmb,rgmb
10510,rgmd,rgmd
10511,rgn,rgn
10512,rgp1,rgp1
10513,rgra,rgra
10514,rgrb,rgrb
10515,rgs12a,rgs12a
10516,rgs12b,rgs12b
10517,rgs13,rgs13
10518,rgs14a,rgs14a
10519,rgs17,rgs17
10520,rgs19,rgs19
10521,rgs2,rgs2
10522,rgs20,rgs20
10523,rgs3a,rgs3a
10524,rgs3b,rgs3b
10525,rgs4,rgs4
10526,rgs5a,rgs5a
10527,rgs5b,rgs5b
10528,rgs7a,rgs7a
10529,rgs7bpa,rgs7bpa
10530,rgs7bpb,rgs7bpb
10531,rgs9a,rgs9a
10532,rhag,rhag
10533,rhbdd1,rhbdd1
10534,rhbdd2,rhbdd2
10535,rhbdd3,rhbdd3
10536,rhbdf1a,rhbdf1a
10537,rhbdl2,rhbdl2
10538,rhbdl3,rhbdl3
10539,rhbg,rhbg
10540,rheb,rheb
10541,rhebl1,rhebl1
10542,rhoaa,rhoaa
10543,rhoab,rhoab
10544,rhoac,rhoac
10545,rhobtb2a,rhobtb2a
10546,rhobtb2b,rhobtb2b
10547,rhoca,rhoca
10548,rhocb,rhocb
10549,rhof,rhof
10550,rhogb,rhogb
10551,rhogc,rhogc
10552,rhogd,rhogd
10553,rhoj,rhoj
10554,rhoq,rhoq
10555,rhot1a,rhot1a
10556,rhot1b,rhot1b
10557,rhot2,rhot2
10558,rhoua,rhoua
10559,rhoub,rhoub
10560,rhov,rhov
10561,rhpn1,rhpn1
10562,rhpn2,rhpn2
10563,ribc1,ribc1
10564,ribc2,ribc2
10565,ric8a,ric8a
10566,ric8b,ric8b
10567,rictora,rictora
10568,rictorb,rictorb
10569,rida,rida
10570,rif1,rif1
10571,rilpl2,rilpl2
10572,rimbp2,rimbp2
10573,rimkla,rimkla
10574,rims1a,rims1a
10575,rims2a,rims2a
10576,rims2b,rims2b
10577,rims4,rims4
10578,rin2,rin2
10579,rin3,rin3
10580,rint1,rint1
10581,riok1,riok1
10582,riok2,riok2
10583,riok3,riok3
10584,riox1,riox1
10585,riox2,riox2
10586,ripk2,ripk2
10587,ripk4,ripk4
10588,ripor1,ripor1
10589,ripor2,ripor2
10590,ripply1,ripply1
10591,ripply2,ripply2
10592,ripply3,ripply3
10593,rlbp1b,rlbp1b
10594,rlf,rlf
10595,rlim,rlim
10596,rln3a,rln3a
10597,rltgr,rltgr
10598,rmc1,rmc1
10599,rmdn1,rmdn1
10600,rmdn3,rmdn3
10601,rmi1,rmi1
10602,rmi2,rmi2
10603,rmnd1,rmnd1
10604,rmnd5b,rmnd5b
10605,rn7sk,rn7sk
10606,rnaseh1,rnaseh1
10607,rnaseh2a,rnaseh2a
10608,rnaseh2b,rnaseh2b
10609,rnaseh2c,rnaseh2c
10610,rnaseka,rnaseka
10611,rnasekb,rnasekb
10612,rnasen,rnasen
10613,rnaset2,rnaset2
10614,rnaset2l,rnaset2l
10615,rnd1a,rnd1a
10616,rnd1b,rnd1b
10617,rnd2,rnd2
10618,rnd3a,rnd3a
10619,rnd3b,rnd3b
10620,rnf10,rnf10
10621,rnf103,rnf103
10622,rnf111,rnf111
10623,rnf113a,rnf113a
10624,rnf115,rnf115
10625,rnf11a,rnf11a
10626,rnf11b,rnf11b
10627,rnf121,rnf121
10628,rnf123,rnf123
10629,rnf126,rnf126
10630,rnf128a,rnf128a
10631,rnf13,rnf13
10632,rnf130,rnf130
10633,rnf139,rnf139
10634,rnf14,rnf14
10635,rnf144ab,rnf144ab
10636,rnf144b,rnf144b
10637,rnf145a,rnf145a
10638,rnf145b,rnf145b
10639,rnf146,rnf146
10640,rnf150b,rnf150b
10641,rnf165a,rnf165a
10642,rnf166,rnf166
10643,rnf168,rnf168
10644,rnf169,rnf169
10645,rnf17,rnf17
10646,rnf170,rnf170
10647,rnf175,rnf175
10648,rnf180,rnf180
10649,rnf181,rnf181
10650,rnf183,rnf183
10651,rnf185,rnf185
10652,rnf19a,rnf19a
10653,rnf2,rnf2
10654,rnf20,rnf20
10655,rnf207a,rnf207a
10656,rnf213a,rnf213a
10657,rnf216,rnf216
10658,rnf217,rnf217
10659,rnf220a,rnf220a
10660,rnf24,rnf24
10661,rnf25,rnf25
10662,rnf26,rnf26
10663,rnf32,rnf32
10664,rnf34a,rnf34a
10665,rnf34b,rnf34b
10666,rnf38,rnf38
10667,rnf4,rnf4
10668,rnf40,rnf40
10669,rnf41,rnf41
10670,rnf41l,rnf41l
10671,rnf44,rnf44
10672,rnf6,rnf6
10673,rnf7,rnf7
10674,rnf8,rnf8
10675,rnft1,rnft1
10676,rnft2,rnft2
10677,rngtt,rngtt
10678,rnh1,rnh1
10679,rnls,rnls
10680,rnmt,rnmt
10681,rnpc3,rnpc3
10682,rnpep,rnpep
10683,rnpepl1,rnpepl1
10684,robo1,robo1
10685,robo2,robo2
10686,robo3,robo3
10687,robo4,robo4
10688,rock1,rock1
10689,rock2a,rock2a
10690,rock2b,rock2b
10691,rogdi,rogdi
10692,rom1b,rom1b
10693,romo1,romo1
10694,ropn1l,ropn1l
10695,ror1,ror1
10696,ror2,ror2
10697,roraa,roraa
10698,rorab,rorab
10699,rorb,rorb
10700,rorca,rorca
10701,rorcb,rorcb
10702,rp1l1a,rp1l1a
10703,rp2,rp2
10704,rp9,rp9
10705,rpa1,rpa1
10706,rpa2,rpa2
10707,rpa3,rpa3
10708,rpain,rpain
10709,rpap1,rpap1
10710,rpap2,rpap2
10711,rpap3,rpap3
10712,rpe,rpe
10713,rpe65a,rpe65a
10714,rpe65b,rpe65b
10715,rpf1,rpf1
10716,rpf2,rpf2
10717,rpgra,rpgra
10718,rpgrb,rpgrb
10719,rpgrip1l,rpgrip1l
10720,rpia,rpia
10721,rpl10,rpl10
10722,rpl10a,rpl10a
10723,rpl11,rpl11
10724,rpl12,rpl12
10725,rpl13,rpl13
10726,rpl13a,rpl13a
10727,rpl14,rpl14
10728,rpl15,rpl15
10729,rpl17,rpl17
10730,rpl18,rpl18
10731,rpl18a,rpl18a
10732,rpl19,rpl19
10733,rpl21,rpl21
10734,rpl22,rpl22
10735,rpl22l1,rpl22l1
10736,rpl23,rpl23
10737,rpl23a,rpl23a
10738,rpl24,rpl24
10739,rpl27,rpl27
10740,rpl28,rpl28
10741,rpl29,rpl29
10742,rpl3,rpl3
10743,rpl30,rpl30
10744,rpl31,rpl31
10745,rpl32,rpl32
10746,rpl34,rpl34
10747,rpl35,rpl35
10748,rpl35a,rpl35a
10749,rpl36,rpl36
10750,rpl36a,rpl36a
10751,rpl37,rpl37
10752,rpl38,rpl38
10753,rpl39,rpl39
10754,rpl4,rpl4
10755,rpl5a,rpl5a
10756,rpl5b,rpl5b
10757,rpl6,rpl6
10758,rpl7,rpl7
10759,rpl7a,rpl7a
10760,rpl7l1,rpl7l1
10761,rpl8,rpl8
10762,rpl9,rpl9
10763,rplp0,rplp0
10764,rplp1,rplp1
10765,rplp2,rplp2
10766,rplp2l,rplp2l
10767,rpn1,rpn1
10768,rpn2,rpn2
10769,rpp14,rpp14
10770,rpp21,rpp21
10771,rpp25l,rpp25l
10772,rpp30,rpp30
10773,rpp38,rpp38
10774,rpp40,rpp40
10775,rprd1a,rprd1a
10776,rprd1b,rprd1b
10777,rprd2a,rprd2a
10778,rprd2b,rprd2b
10779,rprmb,rprmb
10780,rprml,rprml
10781,rps10,rps10
10782,rps11,rps11
10783,rps12,rps12
10784,rps13,rps13
10785,rps14,rps14
10786,rps15,rps15
10787,rps15a,rps15a
10788,rps16,rps16
10789,rps17,rps17
10790,rps18,rps18
10791,rps19,rps19
10792,rps19bp1,rps19bp1
10793,rps2,rps2
10794,rps21,rps21
10795,rps23,rps23
10796,rps24,rps24
10797,rps25,rps25
10798,rps26,rps26
10799,rps26l,rps26l
10800,rps27.1,rps27.1
10801,rps27.2,rps27.2
10802,rps27a,rps27a
10803,rps28,rps28
10804,rps29,rps29
10805,rps3,rps3
10806,rps3a,rps3a
10807,rps4x,rps4x
10808,rps5,rps5
10809,rps6,rps6
10810,rps6ka1,rps6ka1
10811,rps6ka3a,rps6ka3a
10812,rps6ka3b,rps6ka3b
10813,rps6ka4,rps6ka4
10814,rps6kal,rps6kal
10815,rps6kb1a,rps6kb1a
10816,rps6kb1b,rps6kb1b
10817,rps6kc1,rps6kc1
10818,rps7,rps7
10819,rps8a,rps8a
10820,rps8b,rps8b
10821,rps9,rps9
10822,rpsa,rpsa
10823,rptor,rptor
10824,rpusd1,rpusd1
10825,rpusd2,rpusd2
10826,rpusd4,rpusd4
10827,rpz2,rpz2
10828,rpz4,rpz4
10829,rpz5,rpz5
10830,rrad,rrad
10831,rraga,rraga
10832,rragca,rragca
10833,rragcb,rragcb
10834,rras,rras
10835,rras2,rras2
10836,rrbp1a,rrbp1a
10837,rrbp1b,rrbp1b
10838,rreb1a,rreb1a
10839,rreb1b,rreb1b
10840,rrm1,rrm1
10841,rrm2,rrm2
10842,rrm2b,rrm2b
10843,rrn3,rrn3
10844,rrnad1,rrnad1
10845,rrp1,rrp1
10846,rrp12,rrp12
10847,rrp15,rrp15
10848,rrp36,rrp36
10849,rrp7a,rrp7a
10850,rrp8,rrp8
10851,rrp9,rrp9
10852,rrs1,rrs1
10853,rsf1b.1,rsf1b.1
10854,rsg1,rsg1
10855,rsl1d1,rsl1d1
10856,rsl24d1,rsl24d1
10857,rsph10b,rsph10b
10858,rsph14,rsph14
10859,rsph4a,rsph4a
10860,rsph9,rsph9
10861,rspo1,rspo1
10862,rspo2,rspo2
10863,rspo3,rspo3
10864,rspry1,rspry1
10865,rsrc1,rsrc1
10866,rsrc2,rsrc2
10867,rsrp1,rsrp1
10868,rsu1,rsu1
10869,rtca,rtca
10870,rtcb,rtcb
10871,rtel1,rtel1
10872,rtf1,rtf1
10873,rtf2,rtf2
10874,rtkn2a,rtkn2a
10875,rtkn2b,rtkn2b
10876,rtn1a,rtn1a
10877,rtn1b,rtn1b
10878,rtn2b,rtn2b
10879,rtn3,rtn3
10880,rtn4a,rtn4a
10881,rtn4b,rtn4b
10882,rtn4ip1,rtn4ip1
10883,rtn4r,rtn4r
10884,rtn4rl2a,rtn4rl2a
10885,rtraf,rtraf
10886,rttn,rttn
10887,rufy1,rufy1
10888,rufy2,rufy2
10889,rufy3,rufy3
10890,rundc3ab,rundc3ab
10891,runx1t1,runx1t1
10892,runx3,runx3
10893,rusc2,rusc2
10894,ruvbl1,ruvbl1
10895,ruvbl2,ruvbl2
10896,rwdd,rwdd
10897,rwdd1,rwdd1
10898,rwdd2b,rwdd2b
10899,rx1,rx1
10900,rx2,rx2
10901,rx3,rx3
10902,rxfp1,rxfp1
10903,rxfp2a,rxfp2a
10904,rxraa,rxraa
10905,rxrab,rxrab
10906,rxrba,rxrba
10907,rxrbb,rxrbb
10908,rxrgb,rxrgb
10909,rxylt1,rxylt1
10910,rybpa,rybpa
10911,rybpb,rybpb
10912,ryk,ryk
10913,ryr1a,ryr1a
10914,ryr1b,ryr1b
10915,ryr2b,ryr2b
10916,ryr3,ryr3
10917,s100a1,s100a1
10918,s100a10b,s100a10b
10919,s100a11,s100a11
10920,s100b,s100b
10921,s100t,s100t
10922,s100u,s100u
10923,s100v1,s100v1
10924,s100v2,s100v2
10925,s100w,s100w
10926,s100z,s100z
10927,s1pr1,s1pr1
10928,s1pr2,s1pr2
10929,s1pr4,s1pr4
10930,s1pr5a,s1pr5a
10931,s1pr5b,s1pr5b
10932,saal1,saal1
10933,sacm1la,sacm1la
10934,sacm1lb,sacm1lb
10935,sacs,sacs
10936,sae1,sae1
10937,safb,safb
10938,sagb,sagb
10939,sall1a,sall1a
10940,sall1b,sall1b
10941,sall2,sall2
10942,sall3a,sall3a
10943,sall3b,sall3b
10944,sall4,sall4
10945,samd10b,samd10b
10946,samd11,samd11
10947,samd13,samd13
10948,samd1a,samd1a
10949,samd1b,samd1b
10950,samd4a,samd4a
10951,samhd1,samhd1
10952,samm50,samm50
10953,samm50l,samm50l
10954,samsn1a,samsn1a
10955,samsn1b,samsn1b
10956,sap130a,sap130a
10957,sap130b,sap130b
10958,sap18,sap18
10959,sap30bp,sap30bp
10960,sap30l,sap30l
10961,sar1ab,sar1ab
10962,sar1b,sar1b
10963,saraf,saraf
10964,sardh,sardh
10965,sarm1,sarm1
10966,sarnp,sarnp
10967,sars,sars
10968,sars2,sars2
10969,sart1,sart1
10970,sart3,sart3
10971,sash1a,sash1a
10972,sash1b,sash1b
10973,sash3,sash3
10974,sass6,sass6
10975,sat1a.1,sat1a.1
10976,sat1a.2,sat1a.2
10977,sat1b,sat1b
10978,sat2b,sat2b
10979,satb1a,satb1a
10980,satb1b,satb1b
10981,sav1,sav1
10982,sb:cb1058,sbcb1058
10983,sb:cb649,sbcb649
10984,sb:cb81,sbcb81
10985,sbds,sbds
10986,sbf1,sbf1
10987,sbf2,sbf2
10988,sbno1,sbno1
10989,sbno2a,sbno2a
10990,sc5d,sc5d
10991,sc:d217,scd217
10992,scaf1,scaf1
10993,scaf11,scaf11
10994,scaf4a,scaf4a
10995,scaf4b,scaf4b
10996,scai,scai
10997,scamp1,scamp1
10998,scamp2,scamp2
10999,scamp2l,scamp2l
11000,scamp3,scamp3
11001,scamp4,scamp4
11002,scamp5a,scamp5a
11003,scap,scap
11004,scaper,scaper
11005,scara5,scara5
11006,scarb1,scarb1
11007,scarb2a,scarb2a
11008,scarf1,scarf1
11009,sccpdhb,sccpdhb
11010,scdb,scdb
11011,scel,scel
11012,scfd1,scfd1
11013,scfd2,scfd2
11014,scg2b,scg2b
11015,scg3,scg3
11016,scg5,scg5
11017,scgn,scgn
11018,schip1,schip1
11019,scin,scin
11020,scinla,scinla
11021,scinlb,scinlb
11022,sclt1,sclt1
11023,scly,scly
11024,scmh1,scmh1
11025,scml2,scml2
11026,scn1ba,scn1ba
11027,scn1bb,scn1bb
11028,scn4bb,scn4bb
11029,scn8aa,scn8aa
11030,scnm1,scnm1
11031,sco1,sco1
11032,sco2,sco2
11033,scoca,scoca
11034,scocb,scocb
11035,scospondin,scospondin
11036,scp2a,scp2a
11037,scp2b,scp2b
11038,scpep1,scpep1
11039,scpp5,scpp5
11040,scpp7,scpp7
11041,scpp8,scpp8
11042,scrib,scrib
11043,scrn2,scrn2
11044,scrn3,scrn3
11045,scrt1a,scrt1a
11046,scrt2,scrt2
11047,scube1,scube1
11048,scube2,scube2
11049,scube3,scube3
11050,scxa,scxa
11051,scyl1,scyl1
11052,scyl3,scyl3
11053,sdad1,sdad1
11054,sdc2,sdc2
11055,sdc4,sdc4
11056,sdcbp,sdcbp
11057,sdcbp2,sdcbp2
11058,sdccag3,sdccag3
11059,sdccag8,sdccag8
11060,sde2,sde2
11061,sdf2,sdf2
11062,sdf2l1,sdf2l1
11063,sdf4,sdf4
11064,sdha,sdha
11065,sdhaf1,sdhaf1
11066,sdhaf2,sdhaf2
11067,sdhaf3,sdhaf3
11068,sdhaf4,sdhaf4
11069,sdhb,sdhb
11070,sdhc,sdhc
11071,sdhda,sdhda
11072,sdhdb,sdhdb
11073,sdk1a,sdk1a
11074,sdk1b,sdk1b
11075,sdk2b,sdk2b
11076,sdr16c5a,sdr16c5a
11077,sdr16c5b,sdr16c5b
11078,sdr39u1,sdr39u1
11079,sdr42e1,sdr42e1
11080,sec11a,sec11a
11081,sec13,sec13
11082,sec14l1,sec14l1
11083,sec14l8,sec14l8
11084,sec16b,sec16b
11085,sec22a,sec22a
11086,sec22ba,sec22ba
11087,sec22bb,sec22bb
11088,sec23a,sec23a
11089,sec23b,sec23b
11090,sec23ip,sec23ip
11091,sec24a,sec24a
11092,sec24b,sec24b
11093,sec24c,sec24c
11094,sec24d,sec24d
11095,sec31a,sec31a
11096,sec31b,sec31b
11097,sec61a1,sec61a1
11098,sec61a1l,sec61a1l
11099,sec61b,sec61b
11100,sec61g,sec61g
11101,sec62,sec62
11102,sec63,sec63
11103,secisbp2,secisbp2
11104,seh1l,seh1l
11105,sel1l,sel1l
11106,sele,sele
11107,selenbp1,selenbp1
11108,selenof,selenof
11109,selenoh,selenoh
11110,selenoi,selenoi
11111,selenoj,selenoj
11112,selenok,selenok
11113,selenom,selenom
11114,selenon,selenon
11115,selenoo1,selenoo1
11116,selenop,selenop
11117,selenop2,selenop2
11118,selenos,selenos
11119,selenot1a,selenot1a
11120,selenot1b,selenot1b
11121,selenot2,selenot2
11122,selenou1a,selenou1a
11123,selenow1,selenow1
11124,selenow2a,selenow2a
11125,selenow2b,selenow2b
11126,selp,selp
11127,selplg,selplg
11128,sem1,sem1
11129,sema3aa,sema3aa
11130,sema3b,sema3b
11131,sema3bl,sema3bl
11132,sema3d,sema3d
11133,sema3e,sema3e
11134,sema3fa,sema3fa
11135,sema3fb,sema3fb
11136,sema3gb,sema3gb
11137,sema3h,sema3h
11138,sema4ab,sema4ab
11139,sema4ba,sema4ba
11140,sema4bb,sema4bb
11141,sema4e,sema4e
11142,sema5a,sema5a
11143,sema5ba,sema5ba
11144,sema5bb,sema5bb
11145,sema6d,sema6d
11146,sema6dl,sema6dl
11147,sema6e,sema6e
11148,sema7a,sema7a
11149,senp2,senp2
11150,senp3a,senp3a
11151,senp3b,senp3b
11152,senp5,senp5
11153,senp6a,senp6a
11154,senp7b,senp7b
11155,senp8,senp8
11156,sephs1,sephs1
11157,sephs2,sephs2
11158,sepsecs,sepsecs
11159,sept10,sept10
11160,sept12,sept12
11161,sept15,sept15
11162,sept2,sept2
11163,sept3,sept3
11164,sept4a,sept4a
11165,sept5a,sept5a
11166,sept6,sept6
11167,sept7a,sept7a
11168,sept7b,sept7b
11169,sept8a,sept8a
11170,sept8b,sept8b
11171,sept9a,sept9a
11172,sept9b,sept9b
11173,serac1,serac1
11174,serbp1a,serbp1a
11175,serbp1b,serbp1b
11176,serf2,serf2
11177,sergef,sergef
11178,serhl,serhl
11179,serinc1,serinc1
11180,serinc2,serinc2
11181,serinc4,serinc4
11182,serinc5,serinc5
11183,serp1,serp1
11184,serpina1,serpina1
11185,serpina10a,serpina10a
11186,serpina1l,serpina1l
11187,serpinb1,serpinb1
11188,serpinb14,serpinb14
11189,serpinb1l1,serpinb1l1
11190,serpinb1l2,serpinb1l2
11191,serpinb1l3,serpinb1l3
11192,serpinb1l4,serpinb1l4
11193,serpinc1,serpinc1
11194,serpine1,serpine1
11195,serpine2,serpine2
11196,serpine3,serpine3
11197,serpinf1,serpinf1
11198,serpinf2b,serpinf2b
11199,serping1,serping1
11200,serpinh1a,serpinh1a
11201,serpinh1b,serpinh1b
11202,serpinh2,serpinh2
11203,sertad2a,sertad2a
11204,sertad2b,sertad2b
11205,sertad4,sertad4
11206,sesn1,sesn1
11207,sesn2,sesn2
11208,sesn3,sesn3
11209,sestd1,sestd1
11210,seta,seta
11211,setb,setb
11212,setbp1,setbp1
11213,setd1a,setd1a
11214,setd1ba,setd1ba
11215,setd2,setd2
11216,setd3,setd3
11217,setd4,setd4
11218,setd5,setd5
11219,setd6,setd6
11220,setd7,setd7
11221,setd9,setd9
11222,setdb1a,setdb1a
11223,setdb1b,setdb1b
11224,setmar,setmar
11225,setx,setx
11226,sez6l,sez6l
11227,sf1,sf1
11228,sf3a1,sf3a1
11229,sf3a2,sf3a2
11230,sf3a3,sf3a3
11231,sf3b1,sf3b1
11232,sf3b2,sf3b2
11233,sf3b3,sf3b3
11234,sf3b4,sf3b4
11235,sf3b5,sf3b5
11236,sf3b6,sf3b6
11237,sfi1,sfi1
11238,sfpq,sfpq
11239,sfr1,sfr1
11240,sfrp1a,sfrp1a
11241,sfrp2,sfrp2
11242,sfrp5,sfrp5
11243,sfswap,sfswap
11244,sft2d1,sft2d1
11245,sft2d3,sft2d3
11246,sftpbb,sftpbb
11247,sfxn1,sfxn1
11248,sfxn2,sfxn2
11249,sfxn3,sfxn3
11250,sfxn4,sfxn4
11251,sfxn5b,sfxn5b
11252,sgca,sgca
11253,sgcb,sgcb
11254,sgcd,sgcd
11255,sgce,sgce
11256,sgcg,sgcg
11257,sgf29,sgf29
11258,sgip1a,sgip1a
11259,sgip1b,sgip1b
11260,sgk1,sgk1
11261,sgk2a,sgk2a
11262,sgk2b,sgk2b
11263,sgk3,sgk3
11264,sgms1,sgms1
11265,sgms2,sgms2
11266,sgo1,sgo1
11267,sgpl1,sgpl1
11268,sgpp1,sgpp1
11269,sgsh,sgsh
11270,sgsm2,sgsm2
11271,sgsm3,sgsm3
11272,sgta,sgta
11273,sgtb,sgtb
11274,sh2b1,sh2b1
11275,sh2d3cb,sh2d3cb
11276,sh2d4a,sh2d4a
11277,sh2d4bb,sh2d4bb
11278,sh2d5,sh2d5
11279,sh3bgr,sh3bgr
11280,sh3bgrl,sh3bgrl
11281,sh3bgrl3,sh3bgrl3
11282,sh3bp1,sh3bp1
11283,sh3bp4,sh3bp4
11284,sh3bp4a,sh3bp4a
11285,sh3bp5a,sh3bp5a
11286,sh3bp5b,sh3bp5b
11287,sh3bp5la,sh3bp5la
11288,sh3d19,sh3d19
11289,sh3d21,sh3d21
11290,sh3gl1a,sh3gl1a
11291,sh3gl1b,sh3gl1b
11292,sh3gl2a,sh3gl2a
11293,sh3gl3a,sh3gl3a
11294,sh3gl3b,sh3gl3b
11295,sh3glb1a,sh3glb1a
11296,sh3glb1b,sh3glb1b
11297,sh3glb2a,sh3glb2a
11298,sh3glb2b,sh3glb2b
11299,sh3kbp1,sh3kbp1
11300,sh3pxd2aa,sh3pxd2aa
11301,sh3pxd2b,sh3pxd2b
11302,sh3rf1,sh3rf1
11303,sh3rf2,sh3rf2
11304,sh3tc2,sh3tc2
11305,sh3yl1,sh3yl1
11306,shank3a,shank3a
11307,sharpin,sharpin
11308,shc1,shc1
11309,shcbp1,shcbp1
11310,shda,shda
11311,shdb,shdb
11312,she,she
11313,shha,shha
11314,shhb,shhb
11315,shisa2a,shisa2a
11316,shisa3,shisa3
11317,shisa4,shisa4
11318,shisa7b,shisa7b
11319,shisa9a,shisa9a
11320,shisa9b,shisa9b
11321,shisal1b,shisal1b
11322,shmt1,shmt1
11323,shmt2,shmt2
11324,shoc2,shoc2
11325,shox2,shox2
11326,shprh,shprh
11327,shq1,shq1
11328,shroom1,shroom1
11329,shroom2a,shroom2a
11330,shroom3,shroom3
11331,shroom4,shroom4
11332,shrprbck1r,shrprbck1r
11333,shtn1,shtn1
11334,si:busm1-105l16.2,sibusm1105l16.2
11335,si:busm1-57f23.1,sibusm157f23.1
11336,si:cabz01007794.1,sicabz01007794.1
11337,si:cabz01007802.1,sicabz01007802.1
11338,si:cabz01021426.2,sicabz01021426.2
11339,si:cabz01021430.2,sicabz01021430.2
11340,si:cabz01032454.3,sicabz01032454.3
11341,si:cabz01036006.1,sicabz01036006.1
11342,si:cabz01036022.1,sicabz01036022.1
11343,si:cabz01054394.5,sicabz01054394.5
11344,si:cabz01054394.6,sicabz01054394.6
11345,si:cabz01054396.2,sicabz01054396.2
11346,si:cabz01069013.3,sicabz01069013.3
11347,si:cabz01071909.2,sicabz01071909.2
11348,si:cabz01071911.3,sicabz01071911.3
11349,si:cabz01074946.1,sicabz01074946.1
11350,si:cabz01080295.1,sicabz01080295.1
11351,si:cabz01080528.1,sicabz01080528.1
11352,si:cabz01100188.1,sicabz01100188.1
11353,si:cabz01101003.1,sicabz01101003.1
11354,si:cabz01102082.1,sicabz01102082.1
11355,si:ch1073-110a20.1,sich1073110a20.1
11356,si:ch1073-110a20.2,sich1073110a20.2
11357,si:ch1073-110a20.3,sich1073110a20.3
11358,si:ch1073-111c8.3,sich1073111c8.3
11359,si:ch1073-127d16.1,sich1073127d16.1
11360,si:ch1073-143l10.2,sich1073143l10.2
11361,si:ch1073-153i20.4,sich1073153i20.4
11362,si:ch1073-153i20.5,sich1073153i20.5
11363,si:ch1073-155h21.1,sich1073155h21.1
11364,si:ch1073-159d7.7,sich1073159d7.7
11365,si:ch1073-164k15.3,sich1073164k15.3
11366,si:ch1073-165f9.2,sich1073165f9.2
11367,si:ch1073-170o4.1,sich1073170o4.1
11368,si:ch1073-174d20.1,sich1073174d20.1
11369,si:ch1073-174d20.2,sich1073174d20.2
11370,si:ch1073-184j22.1,sich1073184j22.1
11371,si:ch1073-184j22.2,sich1073184j22.2
11372,si:ch1073-185p12.2,sich1073185p12.2
11373,si:ch1073-186o8.3,sich1073186o8.3
11374,si:ch1073-190k2.1,sich1073190k2.1
11375,si:ch1073-224n8.1,sich1073224n8.1
11376,si:ch1073-228b5.2,sich1073228b5.2
11377,si:ch1073-228h2.2,sich1073228h2.2
11378,si:ch1073-228j22.1,sich1073228j22.1
11379,si:ch1073-263o8.2,sich1073263o8.2
11380,si:ch1073-266p11.2,sich1073266p11.2
11381,si:ch1073-268j14.1,sich1073268j14.1
11382,si:ch1073-287p18.1,sich1073287p18.1
11383,si:ch1073-291c23.2,sich1073291c23.2
11384,si:ch1073-296d18.1,sich1073296d18.1
11385,si:ch1073-296i8.2,sich1073296i8.2
11386,si:ch1073-303k11.2,sich1073303k11.2
11387,si:ch1073-314i13.4,sich1073314i13.4
11388,si:ch1073-322p19.1,sich1073322p19.1
11389,si:ch1073-335m2.2,sich1073335m2.2
11390,si:ch1073-340i21.2,sich1073340i21.2
11391,si:ch1073-340i21.3,sich1073340i21.3
11392,si:ch1073-342h5.2,sich1073342h5.2
11393,si:ch1073-345a8.1,sich1073345a8.1
11394,si:ch1073-357b18.4,sich1073357b18.4
11395,si:ch1073-358c10.1,sich1073358c10.1
11396,si:ch1073-385f13.3,sich1073385f13.3
11397,si:ch1073-392o20.1,sich1073392o20.1
11398,si:ch1073-392o20.2,sich1073392o20.2
11399,si:ch1073-396h14.1,sich1073396h14.1
11400,si:ch1073-406l10.2,sich1073406l10.2
11401,si:ch1073-412h12.3,sich1073412h12.3
11402,si:ch1073-416d2.3,sich1073416d2.3
11403,si:ch1073-416d2.4,sich1073416d2.4
11404,si:ch1073-429i10.1,sich1073429i10.1
11405,si:ch1073-440b2.1,sich1073440b2.1
11406,si:ch1073-443f11.2,sich1073443f11.2
11407,si:ch1073-450f2.1,sich1073450f2.1
11408,si:ch1073-459j12.1,sich1073459j12.1
11409,si:ch1073-469d17.2,sich1073469d17.2
11410,si:ch1073-475a24.1,sich1073475a24.1
11411,si:ch1073-80i24.3,sich107380i24.3
11412,si:ch211-102c2.4,sich211102c2.4
11413,si:ch211-102c2.7,sich211102c2.7
11414,si:ch211-102c2.8,sich211102c2.8
11415,si:ch211-103n10.5,sich211103n10.5
11416,si:ch211-105c13.3,sich211105c13.3
11417,si:ch211-105j21.9,sich211105j21.9
11418,si:ch211-106e7.2,sich211106e7.2
11419,si:ch211-106f21.1,sich211106f21.1
11420,si:ch211-106h4.4,sich211106h4.4
11421,si:ch211-106j24.1,sich211106j24.1
11422,si:ch211-106m9.1,sich211106m9.1
11423,si:ch211-106n13.3,sich211106n13.3
11424,si:ch211-107e6.5,sich211107e6.5
11425,si:ch211-107m4.1,sich211107m4.1
11426,si:ch211-107n13.1,sich211107n13.1
11427,si:ch211-107o10.3,sich211107o10.3
11428,si:ch211-107p11.3,sich211107p11.3
11429,si:ch211-108c17.2,sich211108c17.2
11430,si:ch211-108d22.2,sich211108d22.2
11431,si:ch211-10a23.2,sich21110a23.2
11432,si:ch211-10d23.5,sich21110d23.5
11433,si:ch211-110e21.3,sich211110e21.3
11434,si:ch211-110p13.9,sich211110p13.9
11435,si:ch211-113a14.11,sich211113a14.11
11436,si:ch211-113a14.18,sich211113a14.18
11437,si:ch211-113a14.19,sich211113a14.19
11438,si:ch211-113a14.22,sich211113a14.22
11439,si:ch211-113a14.24,sich211113a14.24
11440,si:ch211-113e8.10,sich211113e8.10
11441,si:ch211-113e8.11,sich211113e8.11
11442,si:ch211-113e8.3,sich211113e8.3
11443,si:ch211-113g11.6,sich211113g11.6
11444,si:ch211-113p18.3,sich211113p18.3
11445,si:ch211-114c12.2,sich211114c12.2
11446,si:ch211-114l13.12,sich211114l13.12
11447,si:ch211-114n24.6,sich211114n24.6
11448,si:ch211-116o3.5,sich211116o3.5
11449,si:ch211-117c9.5,sich211117c9.5
11450,si:ch211-117k10.3,sich211117k10.3
11451,si:ch211-117m20.5,sich211117m20.5
11452,si:ch211-117n7.8,sich211117n7.8
11453,si:ch211-119e14.1,sich211119e14.1
11454,si:ch211-119e14.9,sich211119e14.9
11455,si:ch211-11k18.4,sich21111k18.4
11456,si:ch211-11n16.2,sich21111n16.2
11457,si:ch211-120c15.3,sich211120c15.3
11458,si:ch211-121a2.2,sich211121a2.2
11459,si:ch211-122f10.4,sich211122f10.4
11460,si:ch211-125a15.1,sich211125a15.1
11461,si:ch211-125e6.5,sich211125e6.5
11462,si:ch211-125m10.6,sich211125m10.6
11463,si:ch211-125o16.4,sich211125o16.4
11464,si:ch211-126c2.4,sich211126c2.4
11465,si:ch211-126g16.11,sich211126g16.11
11466,si:ch211-126i22.5,sich211126i22.5
11467,si:ch211-126j24.1,sich211126j24.1
11468,si:ch211-127b11.1,sich211127b11.1
11469,si:ch211-127d4.3,sich211127d4.3
11470,si:ch211-127i16.2,sich211127i16.2
11471,si:ch211-127m7.2,sich211127m7.2
11472,si:ch211-129c21.1,sich211129c21.1
11473,si:ch211-129o18.4,sich211129o18.4
11474,si:ch211-12e13.12,sich21112e13.12
11475,si:ch211-12m10.1,sich21112m10.1
11476,si:ch211-130m23.5,sich211130m23.5
11477,si:ch211-131k2.3,sich211131k2.3
11478,si:ch211-132b12.7,sich211132b12.7
11479,si:ch211-132f19.7,sich211132f19.7
11480,si:ch211-132g1.3,sich211132g1.3
11481,si:ch211-132p1.3,sich211132p1.3
11482,si:ch211-133n4.4,sich211133n4.4
11483,si:ch211-134c9.2,sich211134c9.2
11484,si:ch211-134m17.9,sich211134m17.9
11485,si:ch211-135f11.1,sich211135f11.1
11486,si:ch211-135n15.2,sich211135n15.2
11487,si:ch211-136a13.1,sich211136a13.1
11488,si:ch211-136m16.8,sich211136m16.8
11489,si:ch211-137a8.4,sich211137a8.4
11490,si:ch211-137i24.10,sich211137i24.10
11491,si:ch211-137i24.12,sich211137i24.12
11492,si:ch211-137j23.6,sich211137j23.6
11493,si:ch211-139a5.1,sich211139a5.1
11494,si:ch211-139a5.9,sich211139a5.9
11495,si:ch211-139d20.3,sich211139d20.3
11496,si:ch211-13c6.2,sich21113c6.2
11497,si:ch211-13k12.2,sich21113k12.2
11498,si:ch211-140b10.6,sich211140b10.6
11499,si:ch211-140m22.7,sich211140m22.7
11500,si:ch211-141o9.10,sich211141o9.10
11501,si:ch211-142b24.2,sich211142b24.2
11502,si:ch211-142b24.8,sich211142b24.8
11503,si:ch211-145b13.6,sich211145b13.6
11504,si:ch211-146m13.3,sich211146m13.3
11505,si:ch211-147a11.3,sich211147a11.3
11506,si:ch211-147d7.5,sich211147d7.5
11507,si:ch211-147g22.5,sich211147g22.5
11508,si:ch211-147m6.1,sich211147m6.1
11509,si:ch211-147m6.2,sich211147m6.2
11510,si:ch211-148l7.4,sich211148l7.4
11511,si:ch211-149a19.3,sich211149a19.3
11512,si:ch211-149b19.2,sich211149b19.2
11513,si:ch211-149b19.3,sich211149b19.3
11514,si:ch211-149l1.2,sich211149l1.2
11515,si:ch211-14a17.10,sich21114a17.10
11516,si:ch211-14a17.11,sich21114a17.11
11517,si:ch211-14k19.8,sich21114k19.8
11518,si:ch211-150g13.3,sich211150g13.3
11519,si:ch211-150o23.2,sich211150o23.2
11520,si:ch211-150o23.3,sich211150o23.3
11521,si:ch211-151g22.1,sich211151g22.1
11522,si:ch211-152c2.3,sich211152c2.3
11523,si:ch211-152f23.5,sich211152f23.5
11524,si:ch211-152p11.4,sich211152p11.4
11525,si:ch211-153a8.4,sich211153a8.4
11526,si:ch211-153b23.3,sich211153b23.3
11527,si:ch211-153b23.4,sich211153b23.4
11528,si:ch211-153b23.5,sich211153b23.5
11529,si:ch211-153b23.7,sich211153b23.7
11530,si:ch211-153f2.3,sich211153f2.3
11531,si:ch211-153f2.7,sich211153f2.7
11532,si:ch211-153j24.3,sich211153j24.3
11533,si:ch211-154o6.2,sich211154o6.2
11534,si:ch211-154o6.3,sich211154o6.3
11535,si:ch211-155e24.3,sich211155e24.3
11536,si:ch211-155k24.9,sich211155k24.9
11537,si:ch211-156b7.4,sich211156b7.4
11538,si:ch211-156j16.1,sich211156j16.1
11539,si:ch211-156j22.4,sich211156j22.4
11540,si:ch211-157b11.12,sich211157b11.12
11541,si:ch211-157b11.8,sich211157b11.8
11542,si:ch211-157c3.4,sich211157c3.4
11543,si:ch211-157j23.2,sich211157j23.2
11544,si:ch211-157j23.5,sich211157j23.5
11545,si:ch211-157p22.10,sich211157p22.10
11546,si:ch211-159i8.4,sich211159i8.4
11547,si:ch211-15b10.6,sich21115b10.6
11548,si:ch211-15d5.11,sich21115d5.11
11549,si:ch211-15d5.12,sich21115d5.12
11550,si:ch211-160d14.15,sich211160d14.15
11551,si:ch211-160d20.3,sich211160d20.3
11552,si:ch211-160e1.5,sich211160e1.5
11553,si:ch211-160j14.2,sich211160j14.2
11554,si:ch211-160j14.3,sich211160j14.3
11555,si:ch211-160o17.2,sich211160o17.2
11556,si:ch211-160o17.4,sich211160o17.4
11557,si:ch211-161c3.5,sich211161c3.5
11558,si:ch211-161c3.6,sich211161c3.6
11559,si:ch211-161h7.4,sich211161h7.4
11560,si:ch211-161h7.8,sich211161h7.8
11561,si:ch211-161m3.4,sich211161m3.4
11562,si:ch211-161m3.6,sich211161m3.6
11563,si:ch211-162e15.3,sich211162e15.3
11564,si:ch211-162i8.2,sich211162i8.2
11565,si:ch211-162i8.4,sich211162i8.4
11566,si:ch211-162i8.5,sich211162i8.5
11567,si:ch211-163c2.2,sich211163c2.2
11568,si:ch211-163l21.10,sich211163l21.10
11569,si:ch211-163l21.7,sich211163l21.7
11570,si:ch211-163l21.8,sich211163l21.8
11571,si:ch211-165d12.4,sich211165d12.4
11572,si:ch211-165e15.1,sich211165e15.1
11573,si:ch211-165g14.1,sich211165g14.1
11574,si:ch211-165i18.2,sich211165i18.2
11575,si:ch211-166a6.5,sich211166a6.5
11576,si:ch211-166e11.5,sich211166e11.5
11577,si:ch211-166g5.4,sich211166g5.4
11578,si:ch211-167b20.8,sich211167b20.8
11579,si:ch211-167j6.4,sich211167j6.4
11580,si:ch211-168b3.1,sich211168b3.1
11581,si:ch211-168b3.2,sich211168b3.2
11582,si:ch211-168f7.5,sich211168f7.5
11583,si:ch211-168h21.3,sich211168h21.3
11584,si:ch211-169p10.1,sich211169p10.1
11585,si:ch211-170d8.2,sich211170d8.2
11586,si:ch211-171h4.6,sich211171h4.6
11587,si:ch211-172l8.4,sich211172l8.4
11588,si:ch211-173d10.1,sich211173d10.1
11589,si:ch211-173m16.2,sich211173m16.2
11590,si:ch211-173p18.3,sich211173p18.3
11591,si:ch211-175f11.5,sich211175f11.5
11592,si:ch211-175m2.4,sich211175m2.4
11593,si:ch211-175m2.5,sich211175m2.5
11594,si:ch211-176l24.4,sich211176l24.4
11595,si:ch211-178n15.1,sich211178n15.1
11596,si:ch211-183d21.1,sich211183d21.1
11597,si:ch211-183d5.2,sich211183d5.2
11598,si:ch211-185a18.2,sich211185a18.2
11599,si:ch211-189k9.2,sich211189k9.2
11600,si:ch211-18i17.2,sich21118i17.2
11601,si:ch211-191a16.5,sich211191a16.5
11602,si:ch211-191a24.4,sich211191a24.4
11603,si:ch211-191c10.1,sich211191c10.1
11604,si:ch211-191d2.2,sich211191d2.2
11605,si:ch211-191i18.2,sich211191i18.2
11606,si:ch211-191i18.4,sich211191i18.4
11607,si:ch211-191j22.3,sich211191j22.3
11608,si:ch211-193e13.5,sich211193e13.5
11609,si:ch211-193k19.2,sich211193k19.2
11610,si:ch211-193l2.10,sich211193l2.10
11611,si:ch211-194b1.1,sich211194b1.1
11612,si:ch211-194e15.5,sich211194e15.5
11613,si:ch211-194k22.8,sich211194k22.8
11614,si:ch211-194m7.4,sich211194m7.4
11615,si:ch211-194p6.10,sich211194p6.10
11616,si:ch211-194p6.12,sich211194p6.12
11617,si:ch211-195b11.3,sich211195b11.3
11618,si:ch211-195b13.1,sich211195b13.1
11619,si:ch211-195b15.7,sich211195b15.7
11620,si:ch211-195b15.8,sich211195b15.8
11621,si:ch211-195d17.2,sich211195d17.2
11622,si:ch211-195e19.1,sich211195e19.1
11623,si:ch211-195h23.3,sich211195h23.3
11624,si:ch211-195o20.7,sich211195o20.7
11625,si:ch211-196c10.15,sich211196c10.15
11626,si:ch211-196f2.3,sich211196f2.3
11627,si:ch211-196f5.9,sich211196f5.9
11628,si:ch211-196h16.5,sich211196h16.5
11629,si:ch211-196i2.1,sich211196i2.1
11630,si:ch211-196l7.4,sich211196l7.4
11631,si:ch211-196p9.1,sich211196p9.1
11632,si:ch211-197e7.1,sich211197e7.1
11633,si:ch211-197f20.1,sich211197f20.1
11634,si:ch211-197g15.7,sich211197g15.7
11635,si:ch211-197h24.6,sich211197h24.6
11636,si:ch211-197h24.8,sich211197h24.8
11637,si:ch211-197h24.9,sich211197h24.9
11638,si:ch211-198a12.6,sich211198a12.6
11639,si:ch211-198c19.3,sich211198c19.3
11640,si:ch211-198k9.6,sich211198k9.6
11641,si:ch211-198m17.1,sich211198m17.1
11642,si:ch211-198n5.11,sich211198n5.11
11643,si:ch211-199b20.3,sich211199b20.3
11644,si:ch211-199g17.2,sich211199g17.2
11645,si:ch211-199i15.5,sich211199i15.5
11646,si:ch211-199o1.2,sich211199o1.2
11647,si:ch211-1e14.1,sich2111e14.1
11648,si:ch211-1i11.3,sich2111i11.3
11649,si:ch211-1o7.2,sich2111o7.2
11650,si:ch211-1o7.3,sich2111o7.3
11651,si:ch211-200e2.1,sich211200e2.1
11652,si:ch211-200p22.4,sich211200p22.4
11653,si:ch211-201h21.5,sich211201h21.5
11654,si:ch211-201o1.1,sich211201o1.1
11655,si:ch211-202a12.4,sich211202a12.4
11656,si:ch211-202f3.3,sich211202f3.3
11657,si:ch211-202f5.2,sich211202f5.2
11658,si:ch211-202f5.3,sich211202f5.3
11659,si:ch211-202h22.8,sich211202h22.8
11660,si:ch211-203b20.7,sich211203b20.7
11661,si:ch211-203d1.3,sich211203d1.3
11662,si:ch211-204a13.2,sich211204a13.2
11663,si:ch211-204c21.1,sich211204c21.1
11664,si:ch211-206k20.5,sich211206k20.5
11665,si:ch211-207d10.2,sich211207d10.2
11666,si:ch211-207d6.2,sich211207d6.2
11667,si:ch211-207e14.4,sich211207e14.4
11668,si:ch211-207i1.2,sich211207i1.2
11669,si:ch211-207i20.2,sich211207i20.2
11670,si:ch211-207i20.3,sich211207i20.3
11671,si:ch211-207j7.2,sich211207j7.2
11672,si:ch211-207k7.4,sich211207k7.4
11673,si:ch211-207l14.1,sich211207l14.1
11674,si:ch211-208f21.2,sich211208f21.2
11675,si:ch211-208h16.4,sich211208h16.4
11676,si:ch211-209j10.6,sich211209j10.6
11677,si:ch211-209j12.3,sich211209j12.3
11678,si:ch211-209l18.2,sich211209l18.2
11679,si:ch211-209l18.4,sich211209l18.4
11680,si:ch211-209n20.1,sich211209n20.1
11681,si:ch211-210b2.1,sich211210b2.1
11682,si:ch211-210c8.6,sich211210c8.6
11683,si:ch211-210c8.7,sich211210c8.7
11684,si:ch211-210g13.5,sich211210g13.5
11685,si:ch211-212c13.10,sich211212c13.10
11686,si:ch211-212g7.6,sich211212g7.6
11687,si:ch211-212k18.4,sich211212k18.4
11688,si:ch211-212k18.5,sich211212k18.5
11689,si:ch211-212k18.6,sich211212k18.6
11690,si:ch211-212k18.7,sich211212k18.7
11691,si:ch211-212k18.8,sich211212k18.8
11692,si:ch211-212k18.9,sich211212k18.9
11693,si:ch211-212k5.1,sich211212k5.1
11694,si:ch211-212k5.4,sich211212k5.4
11695,si:ch211-212o1.2,sich211212o1.2
11696,si:ch211-213a13.1,sich211213a13.1
11697,si:ch211-213a13.2,sich211213a13.2
11698,si:ch211-213a13.5,sich211213a13.5
11699,si:ch211-213c4.5,sich211213c4.5
11700,si:ch211-213d14.2,sich211213d14.2
11701,si:ch211-214b16.2,sich211214b16.2
11702,si:ch211-214c7.4,sich211214c7.4
11703,si:ch211-214e3.5,sich211214e3.5
11704,si:ch211-214j24.10,sich211214j24.10
11705,si:ch211-214j24.14,sich211214j24.14
11706,si:ch211-214j24.15,sich211214j24.15
11707,si:ch211-214j8.12,sich211214j8.12
11708,si:ch211-214p13.9,sich211214p13.9
11709,si:ch211-214p16.1,sich211214p16.1
11710,si:ch211-214p16.2,sich211214p16.2
11711,si:ch211-215d8.2,sich211215d8.2
11712,si:ch211-215k15.5,sich211215k15.5
11713,si:ch211-216b21.2,sich211216b21.2
11714,si:ch211-216l23.2,sich211216l23.2
11715,si:ch211-217a12.1,sich211217a12.1
11716,si:ch211-217k17.7,sich211217k17.7
11717,si:ch211-217k17.9,sich211217k17.9
11718,si:ch211-218c6.8,sich211218c6.8
11719,si:ch211-218d20.15,sich211218d20.15
11720,si:ch211-218g23.6,sich211218g23.6
11721,si:ch211-218g4.2,sich211218g4.2
11722,si:ch211-218o21.4,sich211218o21.4
11723,si:ch211-219a4.3,sich211219a4.3
11724,si:ch211-219a4.6,sich211219a4.6
11725,si:ch211-220f16.2,sich211220f16.2
11726,si:ch211-220f21.1,sich211220f21.1
11727,si:ch211-220f21.2,sich211220f21.2
11728,si:ch211-221f10.2,sich211221f10.2
11729,si:ch211-221j21.3,sich211221j21.3
11730,si:ch211-222e20.4,sich211222e20.4
11731,si:ch211-222k6.3,sich211222k6.3
11732,si:ch211-222l21.1,sich211222l21.1
11733,si:ch211-222n22.1,sich211222n22.1
11734,si:ch211-223a21.1,sich211223a21.1
11735,si:ch211-223a21.3,sich211223a21.3
11736,si:ch211-223a21.4,sich211223a21.4
11737,si:ch211-225b10.3,sich211225b10.3
11738,si:ch211-225b11.1,sich211225b11.1
11739,si:ch211-225b11.4,sich211225b11.4
11740,si:ch211-225b7.5,sich211225b7.5
11741,si:ch211-225g23.1,sich211225g23.1
11742,si:ch211-225h24.2,sich211225h24.2
11743,si:ch211-226h8.14,sich211226h8.14
11744,si:ch211-226h8.4,sich211226h8.4
11745,si:ch211-226l4.6,sich211226l4.6
11746,si:ch211-226m16.2,sich211226m16.2
11747,si:ch211-226m7.4,sich211226m7.4
11748,si:ch211-226o13.2,sich211226o13.2
11749,si:ch211-227m13.1,sich211227m13.1
11750,si:ch211-227n13.3,sich211227n13.3
11751,si:ch211-229l10.11,sich211229l10.11
11752,si:ch211-229n2.7,sich211229n2.7
11753,si:ch211-22i13.2,sich21122i13.2
11754,si:ch211-22k7.9,sich21122k7.9
11755,si:ch211-230g15.5,sich211230g15.5
11756,si:ch211-231f6.6,sich211231f6.6
11757,si:ch211-232b12.5,sich211232b12.5
11758,si:ch211-232i5.1,sich211232i5.1
11759,si:ch211-232i5.3,sich211232i5.3
11760,si:ch211-232m8.3,sich211232m8.3
11761,si:ch211-233a24.2,sich211233a24.2
11762,si:ch211-234c11.3,sich211234c11.3
11763,si:ch211-235e9.8,sich211235e9.8
11764,si:ch211-235i11.3,sich211235i11.3
11765,si:ch211-235i11.4,sich211235i11.4
11766,si:ch211-235i11.5,sich211235i11.5
11767,si:ch211-235m3.10,sich211235m3.10
11768,si:ch211-237l4.6,sich211237l4.6
11769,si:ch211-238e22.4,sich211238e22.4
11770,si:ch211-238n5.4,sich211238n5.4
11771,si:ch211-239f4.6,sich211239f4.6
11772,si:ch211-239j9.1,sich211239j9.1
11773,si:ch211-240l19.5,sich211240l19.5
11774,si:ch211-241b2.1,sich211241b2.1
11775,si:ch211-241d21.5,sich211241d21.5
11776,si:ch211-241e1.3,sich211241e1.3
11777,si:ch211-241e1.5,sich211241e1.5
11778,si:ch211-241f5.3,sich211241f5.3
11779,si:ch211-241j12.3,sich211241j12.3
11780,si:ch211-242b18.1,sich211242b18.1
11781,si:ch211-243a20.3,sich211243a20.3
11782,si:ch211-243a20.4,sich211243a20.4
11783,si:ch211-243g18.2,sich211243g18.2
11784,si:ch211-243j20.2,sich211243j20.2
11785,si:ch211-243p7.3,sich211243p7.3
11786,si:ch211-244b2.3,sich211244b2.3
11787,si:ch211-244b2.4,sich211244b2.4
11788,si:ch211-244c8.4,sich211244c8.4
11789,si:ch211-244o22.2,sich211244o22.2
11790,si:ch211-245h14.1,sich211245h14.1
11791,si:ch211-245j22.3,sich211245j22.3
11792,si:ch211-245n8.4,sich211245n8.4
11793,si:ch211-246i5.5,sich211246i5.5
11794,si:ch211-246m6.5,sich211246m6.5
11795,si:ch211-247j9.1,sich211247j9.1
11796,si:ch211-247n2.1,sich211247n2.1
11797,si:ch211-248a14.8,sich211248a14.8
11798,si:ch211-248e11.2,sich211248e11.2
11799,si:ch211-24o8.4,sich21124o8.4
11800,si:ch211-250c4.4,sich211250c4.4
11801,si:ch211-250c4.5,sich211250c4.5
11802,si:ch211-251b21.1,sich211251b21.1
11803,si:ch211-251f6.6,sich211251f6.6
11804,si:ch211-251p5.5,sich211251p5.5
11805,si:ch211-253b8.2,sich211253b8.2
11806,si:ch211-253b8.5,sich211253b8.5
11807,si:ch211-253p18.2,sich211253p18.2
11808,si:ch211-253p2.2,sich211253p2.2
11809,si:ch211-254n4.3,sich211254n4.3
11810,si:ch211-255f4.7,sich211255f4.7
11811,si:ch211-255g12.8,sich211255g12.8
11812,si:ch211-255i3.4,sich211255i3.4
11813,si:ch211-255p10.3,sich211255p10.3
11814,si:ch211-256a21.4,sich211256a21.4
11815,si:ch211-256e16.3,sich211256e16.3
11816,si:ch211-258f1.3,sich211258f1.3
11817,si:ch211-258f14.2,sich211258f14.2
11818,si:ch211-259g3.4,sich211259g3.4
11819,si:ch211-260e23.9,sich211260e23.9
11820,si:ch211-260p9.3,sich211260p9.3
11821,si:ch211-261d7.3,sich211261d7.3
11822,si:ch211-261d7.6,sich211261d7.6
11823,si:ch211-261n11.5,sich211261n11.5
11824,si:ch211-261n11.7,sich211261n11.7
11825,si:ch211-261p9.4,sich211261p9.4
11826,si:ch211-262e15.1,sich211262e15.1
11827,si:ch211-262h13.3,sich211262h13.3
11828,si:ch211-262i1.3,sich211262i1.3
11829,si:ch211-262i1.5,sich211262i1.5
11830,si:ch211-262i1.6,sich211262i1.6
11831,si:ch211-264e16.1,sich211264e16.1
11832,si:ch211-264f5.2,sich211264f5.2
11833,si:ch211-264f5.6,sich211264f5.6
11834,si:ch211-265o23.1,sich211265o23.1
11835,si:ch211-266c8.1,sich211266c8.1
11836,si:ch211-266d19.4,sich211266d19.4
11837,si:ch211-266g18.10,sich211266g18.10
11838,si:ch211-266g18.6,sich211266g18.6
11839,si:ch211-266i6.3,sich211266i6.3
11840,si:ch211-266k8.4,sich211266k8.4
11841,si:ch211-266o15.1,sich211266o15.1
11842,si:ch211-267e7.3,sich211267e7.3
11843,si:ch211-269c21.2,sich211269c21.2
11844,si:ch211-269k10.2,sich211269k10.2
11845,si:ch211-26b3.4,sich21126b3.4
11846,si:ch211-270g19.5,sich211270g19.5
11847,si:ch211-271b14.1,sich211271b14.1
11848,si:ch211-271d10.2,sich211271d10.2
11849,si:ch211-272n13.3,sich211272n13.3
11850,si:ch211-275j6.5,sich211275j6.5
11851,si:ch211-276c2.4,sich211276c2.4
11852,si:ch211-276i12.11,sich211276i12.11
11853,si:ch211-276i12.9,sich211276i12.9
11854,si:ch211-277c7.7,sich211277c7.7
11855,si:ch211-278a6.1,sich211278a6.1
11856,si:ch211-278j3.3,sich211278j3.3
11857,si:ch211-278p9.1,sich211278p9.1
11858,si:ch211-281g13.5,sich211281g13.5
11859,si:ch211-281l24.3,sich211281l24.3
11860,si:ch211-282b22.1,sich211282b22.1
11861,si:ch211-282j22.3,sich211282j22.3
11862,si:ch211-282k23.2,sich211282k23.2
11863,si:ch211-283h6.4,sich211283h6.4
11864,si:ch211-284b7.3,sich211284b7.3
11865,si:ch211-284e13.5,sich211284e13.5
11866,si:ch211-284e13.6,sich211284e13.6
11867,si:ch211-284f22.3,sich211284f22.3
11868,si:ch211-284o19.8,sich211284o19.8
11869,si:ch211-285c6.4,sich211285c6.4
11870,si:ch211-285f17.1,sich211285f17.1
11871,si:ch211-286b4.4,sich211286b4.4
11872,si:ch211-286b5.2,sich211286b5.2
11873,si:ch211-286b5.5,sich211286b5.5
11874,si:ch211-286b5.6,sich211286b5.6
11875,si:ch211-286b5.8,sich211286b5.8
11876,si:ch211-286b5.9,sich211286b5.9
11877,si:ch211-286o17.1,sich211286o17.1
11878,si:ch211-288d18.1,sich211288d18.1
11879,si:ch211-288g17.3,sich211288g17.3
11880,si:ch211-28p3.4,sich21128p3.4
11881,si:ch211-33e4.3,sich21133e4.3
11882,si:ch211-37e10.2,sich21137e10.2
11883,si:ch211-39a7.1,sich21139a7.1
11884,si:ch211-39k3.2,sich21139k3.2
11885,si:ch211-40k21.5,sich21140k21.5
11886,si:ch211-40k21.9,sich21140k21.9
11887,si:ch211-51a6.2,sich21151a6.2
11888,si:ch211-51c14.1,sich21151c14.1
11889,si:ch211-51e12.7,sich21151e12.7
11890,si:ch211-51h9.6,sich21151h9.6
11891,si:ch211-51h9.7,sich21151h9.7
11892,si:ch211-53m15.1,sich21153m15.1
11893,si:ch211-56a11.2,sich21156a11.2
11894,si:ch211-57h10.1,sich21157h10.1
11895,si:ch211-59d15.9,sich21159d15.9
11896,si:ch211-59h6.1,sich21159h6.1
11897,si:ch211-59o9.10,sich21159o9.10
11898,si:ch211-63o20.7,sich21163o20.7
11899,si:ch211-63p21.1,sich21163p21.1
11900,si:ch211-66e2.3,sich21166e2.3
11901,si:ch211-66e2.5,sich21166e2.5
11902,si:ch211-66k16.27,sich21166k16.27
11903,si:ch211-66k16.28,sich21166k16.28
11904,si:ch211-67e16.11,sich21167e16.11
11905,si:ch211-67e16.3,sich21167e16.3
11906,si:ch211-67e16.4,sich21167e16.4
11907,si:ch211-68a17.7,sich21168a17.7
11908,si:ch211-69b22.5,sich21169b22.5
11909,si:ch211-69b7.6,sich21169b7.6
11910,si:ch211-69g19.2,sich21169g19.2
11911,si:ch211-69l10.4,sich21169l10.4
11912,si:ch211-71k14.1,sich21171k14.1
11913,si:ch211-71m22.1,sich21171m22.1
11914,si:ch211-71m22.3,sich21171m22.3
11915,si:ch211-71n6.4,sich21171n6.4
11916,si:ch211-74f19.2,sich21174f19.2
11917,si:ch211-76m11.5,sich21176m11.5
11918,si:ch211-79g12.1,sich21179g12.1
11919,si:ch211-79k12.1,sich21179k12.1
11920,si:ch211-79k12.2,sich21179k12.2
11921,si:ch211-79l17.1,sich21179l17.1
11922,si:ch211-80h18.1,sich21180h18.1
11923,si:ch211-81a5.8,sich21181a5.8
11924,si:ch211-85n16.3,sich21185n16.3
11925,si:ch211-85n16.4,sich21185n16.4
11926,si:ch211-86h15.1,sich21186h15.1
11927,si:ch211-87j1.4,sich21187j1.4
11928,si:ch211-87m7.2,sich21187m7.2
11929,si:ch211-89o9.6,sich21189o9.6
11930,si:ch211-8c17.2,sich2118c17.2
11931,si:ch211-91p5.3,sich21191p5.3
11932,si:ch211-93g21.2,sich21193g21.2
11933,si:ch211-95j8.2,sich21195j8.2
11934,si:ch211-98n17.5,sich21198n17.5
11935,si:ch73-100l22.3,sich73100l22.3
11936,si:ch73-103b9.2,sich73103b9.2
11937,si:ch73-109d9.1,sich73109d9.1
11938,si:ch73-109d9.2,sich73109d9.2
11939,si:ch73-109d9.3,sich73109d9.3
11940,si:ch73-111k22.2,sich73111k22.2
11941,si:ch73-112l6.1,sich73112l6.1
11942,si:ch73-119p20.1,sich73119p20.1
11943,si:ch73-120g24.4,sich73120g24.4
11944,si:ch73-127m5.2,sich73127m5.2
11945,si:ch73-12o23.1,sich7312o23.1
11946,si:ch73-130a3.4,sich73130a3.4
11947,si:ch73-132f6.5,sich73132f6.5
11948,si:ch73-138e16.3,sich73138e16.3
11949,si:ch73-138e16.6,sich73138e16.6
11950,si:ch73-138n13.1,sich73138n13.1
11951,si:ch73-141c7.1,sich73141c7.1
11952,si:ch73-142c19.1,sich73142c19.1
11953,si:ch73-144d13.4,sich73144d13.4
11954,si:ch73-144d13.5,sich73144d13.5
11955,si:ch73-144l3.1,sich73144l3.1
11956,si:ch73-147f11.1,sich73147f11.1
11957,si:ch73-147o17.1,sich73147o17.1
11958,si:ch73-158p21.2,sich73158p21.2
11959,si:ch73-158p21.3,sich73158p21.3
11960,si:ch73-15b2.5,sich7315b2.5
11961,si:ch73-160h15.3,sich73160h15.3
11962,si:ch73-160p18.3,sich73160p18.3
11963,si:ch73-167f10.1,sich73167f10.1
11964,si:ch73-170d6.3,sich73170d6.3
11965,si:ch73-173p19.1,sich73173p19.1
11966,si:ch73-174h16.4,sich73174h16.4
11967,si:ch73-181d5.4,sich73181d5.4
11968,si:ch73-18b11.2,sich7318b11.2
11969,si:ch73-193c12.2,sich73193c12.2
11970,si:ch73-194h10.2,sich73194h10.2
11971,si:ch73-196i15.3,sich73196i15.3
11972,si:ch73-199g24.2,sich73199g24.2
11973,si:ch73-1a9.3,sich731a9.3
11974,si:ch73-1a9.4,sich731a9.4
11975,si:ch73-204p21.2,sich73204p21.2
11976,si:ch73-208g10.1,sich73208g10.1
11977,si:ch73-211l13.2,sich73211l13.2
11978,si:ch73-212j7.3,sich73212j7.3
11979,si:ch73-215f7.1,sich73215f7.1
11980,si:ch73-217b7.1,sich73217b7.1
11981,si:ch73-21g5.7,sich7321g5.7
11982,si:ch73-21k16.4,sich7321k16.4
11983,si:ch73-221f6.1,sich73221f6.1
11984,si:ch73-221f6.3,sich73221f6.3
11985,si:ch73-22o12.1,sich7322o12.1
11986,si:ch73-233f7.1,sich73233f7.1
11987,si:ch73-234b20.5,sich73234b20.5
11988,si:ch73-236c18.8,sich73236c18.8
11989,si:ch73-236c18.9,sich73236c18.9
11990,si:ch73-237c6.1,sich73237c6.1
11991,si:ch73-238c9.1,sich73238c9.1
11992,si:ch73-242m19.1,sich73242m19.1
11993,si:ch73-248e21.1,sich73248e21.1
11994,si:ch73-248e21.5,sich73248e21.5
11995,si:ch73-248e21.7,sich73248e21.7
11996,si:ch73-249k16.4,sich73249k16.4
11997,si:ch73-252i11.1,sich73252i11.1
11998,si:ch73-252p3.1,sich73252p3.1
11999,si:ch73-257c13.2,sich73257c13.2
12000,si:ch73-25f10.6,sich7325f10.6
12001,si:ch73-263o4.4,sich73263o4.4
12002,si:ch73-264p11.1,sich73264p11.1
12003,si:ch73-265d7.2,sich73265d7.2
12004,si:ch73-266f23.1,sich73266f23.1
12005,si:ch73-266f23.3,sich73266f23.3
12006,si:ch73-269m14.2,sich73269m14.2
12007,si:ch73-269m23.5,sich73269m23.5
12008,si:ch73-278m9.1,sich73278m9.1
12009,si:ch73-27e22.8,sich7327e22.8
12010,si:ch73-280o22.2,sich73280o22.2
12011,si:ch73-281n10.2,sich73281n10.2
12012,si:ch73-287m6.1,sich73287m6.1
12013,si:ch73-28h20.1,sich7328h20.1
12014,si:ch73-290k24.5,sich73290k24.5
12015,si:ch73-296e2.3,sich73296e2.3
12016,si:ch73-299h12.2,sich73299h12.2
12017,si:ch73-299h12.3,sich73299h12.3
12018,si:ch73-299h12.6,sich73299h12.6
12019,si:ch73-299h12.8,sich73299h12.8
12020,si:ch73-304f21.1,sich73304f21.1
12021,si:ch73-305o9.3,sich73305o9.3
12022,si:ch73-308l14.2,sich73308l14.2
12023,si:ch73-308m11.1,sich73308m11.1
12024,si:ch73-311h14.2,sich73311h14.2
12025,si:ch73-314g15.3,sich73314g15.3
12026,si:ch73-31d8.2,sich7331d8.2
12027,si:ch73-334d15.1,sich73334d15.1
12028,si:ch73-335l21.1,sich73335l21.1
12029,si:ch73-335l21.4,sich73335l21.4
12030,si:ch73-340n8.4,sich73340n8.4
12031,si:ch73-341k19.1,sich73341k19.1
12032,si:ch73-343l4.1,sich73343l4.1
12033,si:ch73-343l4.2,sich73343l4.2
12034,si:ch73-343l4.8,sich73343l4.8
12035,si:ch73-347e22.4,sich73347e22.4
12036,si:ch73-347e22.8,sich73347e22.8
12037,si:ch73-352p18.4,sich73352p18.4
12038,si:ch73-352p4.5,sich73352p4.5
12039,si:ch73-352p4.8,sich73352p4.8
12040,si:ch73-359m17.2,sich73359m17.2
12041,si:ch73-359m17.7,sich73359m17.7
12042,si:ch73-359m17.9,sich73359m17.9
12043,si:ch73-361h17.1,sich73361h17.1
12044,si:ch73-364h19.1,sich73364h19.1
12045,si:ch73-366i20.1,sich73366i20.1
12046,si:ch73-366l1.5,sich73366l1.5
12047,si:ch73-367f21.4,sich73367f21.4
12048,si:ch73-367f21.5,sich73367f21.5
12049,si:ch73-367p23.2,sich73367p23.2
12050,si:ch73-368j24.11,sich73368j24.11
12051,si:ch73-368j24.12,sich73368j24.12
12052,si:ch73-375g18.1,sich73375g18.1
12053,si:ch73-376l24.2,sich73376l24.2
12054,si:ch73-376l24.3,sich73376l24.3
12055,si:ch73-376l24.6,sich73376l24.6
12056,si:ch73-37h15.2,sich7337h15.2
12057,si:ch73-380l10.2,sich73380l10.2
12058,si:ch73-382f3.1,sich73382f3.1
12059,si:ch73-383g2.1,sich73383g2.1
12060,si:ch73-386h18.1,sich73386h18.1
12061,si:ch73-389b16.2,sich73389b16.2
12062,si:ch73-389k6.1,sich73389k6.1
12063,si:ch73-390p7.2,sich73390p7.2
12064,si:ch73-40i7.5,sich7340i7.5
12065,si:ch73-42k18.1,sich7342k18.1
12066,si:ch73-42p12.2,sich7342p12.2
12067,si:ch73-43g23.1,sich7343g23.1
12068,si:ch73-44m9.2,sich7344m9.2
12069,si:ch73-46j18.5,sich7346j18.5
12070,si:ch73-49o8.1,sich7349o8.1
12071,si:ch73-52e5.1,sich7352e5.1
12072,si:ch73-52f15.5,sich7352f15.5
12073,si:ch73-59f11.3,sich7359f11.3
12074,si:ch73-63e15.2,sich7363e15.2
12075,si:ch73-6l19.2,sich736l19.2
12076,si:ch73-70c5.1,sich7370c5.1
12077,si:ch73-71c20.5,sich7371c20.5
12078,si:ch73-71d17.2,sich7371d17.2
12079,si:ch73-74h11.1,sich7374h11.1
12080,si:ch73-78o10.1,sich7378o10.1
12081,si:ch73-86n18.1,sich7386n18.1
12082,si:ch73-90p23.1,sich7390p23.1
12083,si:ch73-91k6.2,sich7391k6.2
12084,si:ch73-92e7.4,sich7392e7.4
12085,si:ch73-92e7.6,sich7392e7.6
12086,si:ch73-95l15.3,sich7395l15.3
12087,si:ch73-95l15.5,sich7395l15.5
12088,si:dkey-100n23.3,sidkey100n23.3
12089,si:dkey-100n23.5,sidkey100n23.5
12090,si:dkey-102c8.3,sidkey102c8.3
12091,si:dkey-102f14.5,sidkey102f14.5
12092,si:dkey-102g19.3,sidkey102g19.3
12093,si:dkey-102m7.3,sidkey102m7.3
12094,si:dkey-103d23.5,sidkey103d23.5
12095,si:dkey-103e21.5,sidkey103e21.5
12096,si:dkey-103i16.6,sidkey103i16.6
12097,si:dkey-104n9.1,sidkey104n9.1
12098,si:dkey-105i14.1,sidkey105i14.1
12099,si:dkey-106c17.2,sidkey106c17.2
12100,si:dkey-106g10.7,sidkey106g10.7
12101,si:dkey-106n21.1,sidkey106n21.1
12102,si:dkey-108k21.10,sidkey108k21.10
12103,si:dkey-108k21.14,sidkey108k21.14
12104,si:dkey-108k21.21,sidkey108k21.21
12105,si:dkey-108k21.24,sidkey108k21.24
12106,si:dkey-109a10.2,sidkey109a10.2
12107,si:dkey-109l4.3,sidkey109l4.3
12108,si:dkey-10f21.4,sidkey10f21.4
12109,si:dkey-10f23.2,sidkey10f23.2
12110,si:dkey-10o6.2,sidkey10o6.2
12111,si:dkey-10p5.10,sidkey10p5.10
12112,si:dkey-110c1.10,sidkey110c1.10
12113,si:dkey-110g7.8,sidkey110g7.8
12114,si:dkey-111e8.1,sidkey111e8.1
12115,si:dkey-111k8.2,sidkey111k8.2
12116,si:dkey-111k8.3,sidkey111k8.3
12117,si:dkey-111k8.5,sidkey111k8.5
12118,si:dkey-112a7.4,sidkey112a7.4
12119,si:dkey-112m2.1,sidkey112m2.1
12120,si:dkey-114c15.5,sidkey114c15.5
12121,si:dkey-117a8.1,sidkey117a8.1
12122,si:dkey-117m1.4,sidkey117m1.4
12123,si:dkey-117n7.2,sidkey117n7.2
12124,si:dkey-117n7.3,sidkey117n7.3
12125,si:dkey-117n7.4,sidkey117n7.4
12126,si:dkey-117n7.5,sidkey117n7.5
12127,si:dkey-118j18.2,sidkey118j18.2
12128,si:dkey-119f1.1,sidkey119f1.1
12129,si:dkey-11c5.11,sidkey11c5.11
12130,si:dkey-11f4.16,sidkey11f4.16
12131,si:dkey-11f4.20,sidkey11f4.20
12132,si:dkey-121a11.3,sidkey121a11.3
12133,si:dkey-121a9.3,sidkey121a9.3
12134,si:dkey-121j17.5,sidkey121j17.5
12135,si:dkey-121j17.6,sidkey121j17.6
12136,si:dkey-122a22.2,sidkey122a22.2
12137,si:dkey-122c11.1,sidkey122c11.1
12138,si:dkey-122c11.8,sidkey122c11.8
12139,si:dkey-124l13.1,sidkey124l13.1
12140,si:dkey-125i10.3,sidkey125i10.3
12141,si:dkey-126g1.9,sidkey126g1.9
12142,si:dkey-12e7.1,sidkey12e7.1
12143,si:dkey-12h9.6,sidkey12h9.6
12144,si:dkey-12j5.1,sidkey12j5.1
12145,si:dkey-12l12.1,sidkey12l12.1
12146,si:dkey-13a21.4,sidkey13a21.4
12147,si:dkey-13i19.8,sidkey13i19.8
12148,si:dkey-13m3.2,sidkey13m3.2
12149,si:dkey-13n23.3,sidkey13n23.3
12150,si:dkey-145p14.5,sidkey145p14.5
12151,si:dkey-147f3.4,sidkey147f3.4
12152,si:dkey-147f3.8,sidkey147f3.8
12153,si:dkey-148a17.6,sidkey148a17.6
12154,si:dkey-148f10.4,sidkey148f10.4
12155,si:dkey-148h10.5,sidkey148h10.5
12156,si:dkey-149m13.5,sidkey149m13.5
12157,si:dkey-14d8.1,sidkey14d8.1
12158,si:dkey-14d8.20,sidkey14d8.20
12159,si:dkey-14d8.6,sidkey14d8.6
12160,si:dkey-14d8.7,sidkey14d8.7
12161,si:dkey-14o18.6,sidkey14o18.6
12162,si:dkey-151g10.3,sidkey151g10.3
12163,si:dkey-153k10.9,sidkey153k10.9
12164,si:dkey-154b15.1,sidkey154b15.1
12165,si:dkey-154p10.3,sidkey154p10.3
12166,si:dkey-156k2.3,sidkey156k2.3
12167,si:dkey-156n14.5,sidkey156n14.5
12168,si:dkey-157g16.6,sidkey157g16.6
12169,si:dkey-159a18.1,sidkey159a18.1
12170,si:dkey-159f12.2,sidkey159f12.2
12171,si:dkey-159n16.2,sidkey159n16.2
12172,si:dkey-15h8.15,sidkey15h8.15
12173,si:dkey-15h8.16,sidkey15h8.16
12174,si:dkey-160o24.3,sidkey160o24.3
12175,si:dkey-161j23.5,sidkey161j23.5
12176,si:dkey-163f12.6,sidkey163f12.6
12177,si:dkey-163f14.6,sidkey163f14.6
12178,si:dkey-163m14.7,sidkey163m14.7
12179,si:dkey-164f24.2,sidkey164f24.2
12180,si:dkey-165a24.10,sidkey165a24.10
12181,si:dkey-165n16.1,sidkey165n16.1
12182,si:dkey-166d12.2,sidkey166d12.2
12183,si:dkey-167i21.2,sidkey167i21.2
12184,si:dkey-169i5.4,sidkey169i5.4
12185,si:dkey-16l2.16,sidkey16l2.16
12186,si:dkey-16l2.17,sidkey16l2.17
12187,si:dkey-16l2.20,sidkey16l2.20
12188,si:dkey-16p19.5,sidkey16p19.5
12189,si:dkey-16p21.7,sidkey16p21.7
12190,si:dkey-16p21.8,sidkey16p21.8
12191,si:dkey-170l10.1,sidkey170l10.1
12192,si:dkey-171c9.3,sidkey171c9.3
12193,si:dkey-172h23.2,sidkey172h23.2
12194,si:dkey-172j4.3,sidkey172j4.3
12195,si:dkey-172k15.11,sidkey172k15.11
12196,si:dkey-172k15.3,sidkey172k15.3
12197,si:dkey-172k15.4,sidkey172k15.4
12198,si:dkey-174i8.1,sidkey174i8.1
12199,si:dkey-174n20.1,sidkey174n20.1
12200,si:dkey-175m17.7,sidkey175m17.7
12201,si:dkey-177p2.18,sidkey177p2.18
12202,si:dkey-177p2.6,sidkey177p2.6
12203,si:dkey-178e17.3,sidkey178e17.3
12204,si:dkey-178k16.1,sidkey178k16.1
12205,si:dkey-17e16.10,sidkey17e16.10
12206,si:dkey-17m8.1,sidkey17m8.1
12207,si:dkey-17m8.2,sidkey17m8.2
12208,si:dkey-17o15.2,sidkey17o15.2
12209,si:dkey-180p18.9,sidkey180p18.9
12210,si:dkey-182g1.2,sidkey182g1.2
12211,si:dkey-182i3.10,sidkey182i3.10
12212,si:dkey-182i3.8,sidkey182i3.8
12213,si:dkey-182i3.9,sidkey182i3.9
12214,si:dkey-183c6.8,sidkey183c6.8
12215,si:dkey-183i3.6,sidkey183i3.6
12216,si:dkey-184a18.5,sidkey184a18.5
12217,si:dkey-184p18.2,sidkey184p18.2
12218,si:dkey-184p9.7,sidkey184p9.7
12219,si:dkey-185e18.7,sidkey185e18.7
12220,si:dkey-185m8.2,sidkey185m8.2
12221,si:dkey-187i8.2,sidkey187i8.2
12222,si:dkey-187j14.4,sidkey187j14.4
12223,si:dkey-188h10.3,sidkey188h10.3
12224,si:dkey-188i13.10,sidkey188i13.10
12225,si:dkey-188i13.11,sidkey188i13.11
12226,si:dkey-188i13.7,sidkey188i13.7
12227,si:dkey-18j18.3,sidkey18j18.3
12228,si:dkey-190g11.3,sidkey190g11.3
12229,si:dkey-190g6.2,sidkey190g6.2
12230,si:dkey-190j3.6,sidkey190j3.6
12231,si:dkey-190l8.2,sidkey190l8.2
12232,si:dkey-192g7.3,sidkey192g7.3
12233,si:dkey-193c22.1,sidkey193c22.1
12234,si:dkey-193c22.2,sidkey193c22.2
12235,si:dkey-193p11.2,sidkey193p11.2
12236,si:dkey-194e6.1,sidkey194e6.1
12237,si:dkey-194g4.1,sidkey194g4.1
12238,si:dkey-195m11.11,sidkey195m11.11
12239,si:dkey-195m11.8,sidkey195m11.8
12240,si:dkey-196j8.2,sidkey196j8.2
12241,si:dkey-197c15.6,sidkey197c15.6
12242,si:dkey-197i20.6,sidkey197i20.6
12243,si:dkey-199f5.8,sidkey199f5.8
12244,si:dkey-199m13.4,sidkey199m13.4
12245,si:dkey-19a16.13,sidkey19a16.13
12246,si:dkey-19a16.2,sidkey19a16.2
12247,si:dkey-19a16.7,sidkey19a16.7
12248,si:dkey-19b23.11,sidkey19b23.11
12249,si:dkey-19b23.12,sidkey19b23.12
12250,si:dkey-19b23.13,sidkey19b23.13
12251,si:dkey-19b23.14,sidkey19b23.14
12252,si:dkey-19b23.8,sidkey19b23.8
12253,si:dkey-19e4.5,sidkey19e4.5
12254,si:dkey-1b17.9,sidkey1b17.9
12255,si:dkey-1c11.1,sidkey1c11.1
12256,si:dkey-1h24.6,sidkey1h24.6
12257,si:dkey-1h4.4,sidkey1h4.4
12258,si:dkey-200l5.4,sidkey200l5.4
12259,si:dkey-201g16.1,sidkey201g16.1
12260,si:dkey-201g16.5,sidkey201g16.5
12261,si:dkey-202b22.6,sidkey202b22.6
12262,si:dkey-202c14.3,sidkey202c14.3
12263,si:dkey-202e22.2,sidkey202e22.2
12264,si:dkey-202l16.5,sidkey202l16.5
12265,si:dkey-204f11.64,sidkey204f11.64
12266,si:dkey-205h13.2,sidkey205h13.2
12267,si:dkey-206d17.12,sidkey206d17.12
12268,si:dkey-206f10.1,sidkey206f10.1
12269,si:dkey-207b20.2,sidkey207b20.2
12270,si:dkey-208b23.5,sidkey208b23.5
12271,si:dkey-208c12.2,sidkey208c12.2
12272,si:dkey-208k22.6,sidkey208k22.6
12273,si:dkey-209n16.2,sidkey209n16.2
12274,si:dkey-20d21.12,sidkey20d21.12
12275,si:dkey-20i10.7,sidkey20i10.7
12276,si:dkey-20i20.2,sidkey20i20.2
12277,si:dkey-20i20.3,sidkey20i20.3
12278,si:dkey-20i20.7,sidkey20i20.7
12279,si:dkey-20i20.9,sidkey20i20.9
12280,si:dkey-210j14.4,sidkey210j14.4
12281,si:dkey-210j14.5,sidkey210j14.5
12282,si:dkey-211f22.5,sidkey211f22.5
12283,si:dkey-217d24.6,sidkey217d24.6
12284,si:dkey-217l24.1,sidkey217l24.1
12285,si:dkey-218f9.10,sidkey218f9.10
12286,si:dkey-219c3.2,sidkey219c3.2
12287,si:dkey-219e21.2,sidkey219e21.2
12288,si:dkey-21a6.5,sidkey21a6.5
12289,si:dkey-21c1.1,sidkey21c1.1
12290,si:dkey-21c1.8,sidkey21c1.8
12291,si:dkey-21c19.3,sidkey21c19.3
12292,si:dkey-21h14.8,sidkey21h14.8
12293,si:dkey-21p1.3,sidkey21p1.3
12294,si:dkey-220f10.4,sidkey220f10.4
12295,si:dkey-221j11.3,sidkey221j11.3
12296,si:dkey-222b8.1,sidkey222b8.1
12297,si:dkey-222b8.4,sidkey222b8.4
12298,si:dkey-222f2.1,sidkey222f2.1
12299,si:dkey-222f8.3,sidkey222f8.3
12300,si:dkey-222n6.2,sidkey222n6.2
12301,si:dkey-225k4.1,sidkey225k4.1
12302,si:dkey-226l10.6,sidkey226l10.6
12303,si:dkey-228a15.1,sidkey228a15.1
12304,si:dkey-228d14.5,sidkey228d14.5
12305,si:dkey-229b18.3,sidkey229b18.3
12306,si:dkey-229d11.3,sidkey229d11.3
12307,si:dkey-229d11.5,sidkey229d11.5
12308,si:dkey-229d2.4,sidkey229d2.4
12309,si:dkey-229e3.2,sidkey229e3.2
12310,si:dkey-22a18.2,sidkey22a18.2
12311,si:dkey-22h13.2,sidkey22h13.2
12312,si:dkey-22i16.2,sidkey22i16.2
12313,si:dkey-22i16.9,sidkey22i16.9
12314,si:dkey-22l11.6,sidkey22l11.6
12315,si:dkey-22n8.3,sidkey22n8.3
12316,si:dkey-22o12.2,sidkey22o12.2
12317,si:dkey-22o22.2,sidkey22o22.2
12318,si:dkey-230p4.1,sidkey230p4.1
12319,si:dkey-234h16.7,sidkey234h16.7
12320,si:dkey-234i14.2,sidkey234i14.2
12321,si:dkey-235d18.5,sidkey235d18.5
12322,si:dkey-237j10.2,sidkey237j10.2
12323,si:dkey-238c7.16,sidkey238c7.16
12324,si:dkey-238d18.4,sidkey238d18.4
12325,si:dkey-238i5.2,sidkey238i5.2
12326,si:dkey-238k10.3,sidkey238k10.3
12327,si:dkey-238o13.4,sidkey238o13.4
12328,si:dkey-239h2.3,sidkey239h2.3
12329,si:dkey-239i20.2,sidkey239i20.2
12330,si:dkey-239i20.4,sidkey239i20.4
12331,si:dkey-239j18.2,sidkey239j18.2
12332,si:dkey-239j18.3,sidkey239j18.3
12333,si:dkey-239n17.4,sidkey239n17.4
12334,si:dkey-23a13.17,sidkey23a13.17
12335,si:dkey-23a13.21,sidkey23a13.21
12336,si:dkey-23a13.22,sidkey23a13.22
12337,si:dkey-23a13.9,sidkey23a13.9
12338,si:dkey-23a23.2,sidkey23a23.2
12339,si:dkey-23a23.3,sidkey23a23.3
12340,si:dkey-23c22.5,sidkey23c22.5
12341,si:dkey-23c22.9,sidkey23c22.9
12342,si:dkey-23f9.4,sidkey23f9.4
12343,si:dkey-23i12.5,sidkey23i12.5
12344,si:dkey-23i12.7,sidkey23i12.7
12345,si:dkey-23k10.5,sidkey23k10.5
12346,si:dkey-23o4.6,sidkey23o4.6
12347,si:dkey-240e12.6,sidkey240e12.6
12348,si:dkey-240h12.3,sidkey240h12.3
12349,si:dkey-240h12.4,sidkey240h12.4
12350,si:dkey-240n22.6,sidkey240n22.6
12351,si:dkey-240n22.8,sidkey240n22.8
12352,si:dkey-241l7.4,sidkey241l7.4
12353,si:dkey-243i1.1,sidkey243i1.1
12354,si:dkey-243k1.3,sidkey243k1.3
12355,si:dkey-244a7.1,sidkey244a7.1
12356,si:dkey-246g23.2,sidkey246g23.2
12357,si:dkey-246j7.1,sidkey246j7.1
12358,si:dkey-247i3.5,sidkey247i3.5
12359,si:dkey-247i3.6,sidkey247i3.6
12360,si:dkey-247k7.2,sidkey247k7.2
12361,si:dkey-248g15.3,sidkey248g15.3
12362,si:dkey-248g21.1,sidkey248g21.1
12363,si:dkey-24i24.3,sidkey24i24.3
12364,si:dkey-24l11.2,sidkey24l11.2
12365,si:dkey-24p1.6,sidkey24p1.6
12366,si:dkey-24p1.7,sidkey24p1.7
12367,si:dkey-250d21.1,sidkey250d21.1
12368,si:dkey-250i3.3,sidkey250i3.3
12369,si:dkey-250k15.4,sidkey250k15.4
12370,si:dkey-251i10.2,sidkey251i10.2
12371,si:dkey-251i10.3,sidkey251i10.3
12372,si:dkey-253d23.2,sidkey253d23.2
12373,si:dkey-253d23.3,sidkey253d23.3
12374,si:dkey-253d23.4,sidkey253d23.4
12375,si:dkey-253d23.5,sidkey253d23.5
12376,si:dkey-253d23.8,sidkey253d23.8
12377,si:dkey-253d23.9,sidkey253d23.9
12378,si:dkey-253i9.4,sidkey253i9.4
12379,si:dkey-254e13.6,sidkey254e13.6
12380,si:dkey-256e7.5,sidkey256e7.5
12381,si:dkey-256h2.1,sidkey256h2.1
12382,si:dkey-256i11.2,sidkey256i11.2
12383,si:dkey-258f14.3,sidkey258f14.3
12384,si:dkey-25e12.3,sidkey25e12.3
12385,si:dkey-25o1.7,sidkey25o1.7
12386,si:dkey-25o16.4,sidkey25o16.4
12387,si:dkey-260c8.8,sidkey260c8.8
12388,si:dkey-260g12.1,sidkey260g12.1
12389,si:dkey-260j18.2,sidkey260j18.2
12390,si:dkey-261h17.1,sidkey261h17.1
12391,si:dkey-261j15.2,sidkey261j15.2
12392,si:dkey-261j4.3,sidkey261j4.3
12393,si:dkey-261j4.4,sidkey261j4.4
12394,si:dkey-261l7.2,sidkey261l7.2
12395,si:dkey-261m9.12,sidkey261m9.12
12396,si:dkey-261m9.19,sidkey261m9.19
12397,si:dkey-261m9.6,sidkey261m9.6
12398,si:dkey-261p22.1,sidkey261p22.1
12399,si:dkey-262g12.10,sidkey262g12.10
12400,si:dkey-262g12.12,sidkey262g12.12
12401,si:dkey-262g12.14,sidkey262g12.14
12402,si:dkey-262g12.3,sidkey262g12.3
12403,si:dkey-262g12.7,sidkey262g12.7
12404,si:dkey-262k9.2,sidkey262k9.2
12405,si:dkey-262k9.4,sidkey262k9.4
12406,si:dkey-264d12.1,sidkey264d12.1
12407,si:dkey-264d12.5,sidkey264d12.5
12408,si:dkey-264f17.4,sidkey264f17.4
12409,si:dkey-264f17.5,sidkey264f17.5
12410,si:dkey-266m15.6,sidkey266m15.6
12411,si:dkey-266m15.7,sidkey266m15.7
12412,si:dkey-267n13.1,sidkey267n13.1
12413,si:dkey-269i1.4,sidkey269i1.4
12414,si:dkey-269o24.6,sidkey269o24.6
12415,si:dkey-26c10.5,sidkey26c10.5
12416,si:dkey-26g8.4,sidkey26g8.4
12417,si:dkey-26g8.5,sidkey26g8.5
12418,si:dkey-26i13.8,sidkey26i13.8
12419,si:dkey-26i24.1,sidkey26i24.1
12420,si:dkey-271j15.3,sidkey271j15.3
12421,si:dkey-274m17.3,sidkey274m17.3
12422,si:dkey-276j7.1,sidkey276j7.1
12423,si:dkey-27b3.2,sidkey27b3.2
12424,si:dkey-27c15.3,sidkey27c15.3
12425,si:dkey-27h10.2,sidkey27h10.2
12426,si:dkey-27i16.2,sidkey27i16.2
12427,si:dkey-27n6.4,sidkey27n6.4
12428,si:dkey-27p18.5,sidkey27p18.5
12429,si:dkey-27p23.3,sidkey27p23.3
12430,si:dkey-280e21.3,sidkey280e21.3
12431,si:dkey-283b15.2,sidkey283b15.2
12432,si:dkey-285b23.3,sidkey285b23.3
12433,si:dkey-286j15.1,sidkey286j15.1
12434,si:dkey-286j15.3,sidkey286j15.3
12435,si:dkey-287g12.6,sidkey287g12.6
12436,si:dkey-28a3.2,sidkey28a3.2
12437,si:dkey-28b4.7,sidkey28b4.7
12438,si:dkey-28b4.8,sidkey28b4.8
12439,si:dkey-28e7.3,sidkey28e7.3
12440,si:dkey-28g23.6,sidkey28g23.6
12441,si:dkey-28n18.9,sidkey28n18.9
12442,si:dkey-29d8.3,sidkey29d8.3
12443,si:dkey-29h14.10,sidkey29h14.10
12444,si:dkey-29j8.2,sidkey29j8.2
12445,si:dkey-30c15.10,sidkey30c15.10
12446,si:dkey-30f3.2,sidkey30f3.2
12447,si:dkey-30j22.1,sidkey30j22.1
12448,si:dkey-30k6.5,sidkey30k6.5
12449,si:dkey-31c13.1,sidkey31c13.1
12450,si:dkey-31f5.11,sidkey31f5.11
12451,si:dkey-31f5.8,sidkey31f5.8
12452,si:dkey-31g6.4,sidkey31g6.4
12453,si:dkey-31g6.6,sidkey31g6.6
12454,si:dkey-32e23.4,sidkey32e23.4
12455,si:dkey-32n7.4,sidkey32n7.4
12456,si:dkey-33c12.3,sidkey33c12.3
12457,si:dkey-33c12.4,sidkey33c12.4
12458,si:dkey-33c14.7,sidkey33c14.7
12459,si:dkey-33c9.6,sidkey33c9.6
12460,si:dkey-33i11.1,sidkey33i11.1
12461,si:dkey-33i11.4,sidkey33i11.4
12462,si:dkey-34d22.1,sidkey34d22.1
12463,si:dkey-34d22.5,sidkey34d22.5
12464,si:dkey-34e4.1,sidkey34e4.1
12465,si:dkey-34l15.1,sidkey34l15.1
12466,si:dkey-34m19.3,sidkey34m19.3
12467,si:dkey-35i13.1,sidkey35i13.1
12468,si:dkey-35m8.1,sidkey35m8.1
12469,si:dkey-36i7.3,sidkey36i7.3
12470,si:dkey-38l22.2,sidkey38l22.2
12471,si:dkey-38p12.3,sidkey38p12.3
12472,si:dkey-39a18.1,sidkey39a18.1
12473,si:dkey-3d4.3,sidkey3d4.3
12474,si:dkey-3h3.3,sidkey3h3.3
12475,si:dkey-3k24.5,sidkey3k24.5
12476,si:dkey-3p4.8,sidkey3p4.8
12477,si:dkey-40c11.2,sidkey40c11.2
12478,si:dkey-40h20.1,sidkey40h20.1
12479,si:dkey-40m6.8,sidkey40m6.8
12480,si:dkey-42i9.4,sidkey42i9.4
12481,si:dkey-42i9.6,sidkey42i9.6
12482,si:dkey-42i9.8,sidkey42i9.8
12483,si:dkey-42l23.7,sidkey42l23.7
12484,si:dkey-42p14.3,sidkey42p14.3
12485,si:dkey-43f9.4,sidkey43f9.4
12486,si:dkey-43k4.5,sidkey43k4.5
12487,si:dkey-43p13.5,sidkey43p13.5
12488,si:dkey-44g23.5,sidkey44g23.5
12489,si:dkey-45h7.1,sidkey45h7.1
12490,si:dkey-45k15.1,sidkey45k15.1
12491,si:dkey-46a10.3,sidkey46a10.3
12492,si:dkey-46g23.1,sidkey46g23.1
12493,si:dkey-46g23.2,sidkey46g23.2
12494,si:dkey-48p11.3,sidkey48p11.3
12495,si:dkey-49n23.1,sidkey49n23.1
12496,si:dkey-4c15.13,sidkey4c15.13
12497,si:dkey-4c23.5,sidkey4c23.5
12498,si:dkey-4e4.1,sidkey4e4.1
12499,si:dkey-4e7.3,sidkey4e7.3
12500,si:dkey-4i23.5,sidkey4i23.5
12501,si:dkey-4p15.3,sidkey4p15.3
12502,si:dkey-50i6.5,sidkey50i6.5
12503,si:dkey-50i6.6,sidkey50i6.6
12504,si:dkey-51a16.9,sidkey51a16.9
12505,si:dkey-51d8.9,sidkey51d8.9
12506,si:dkey-51e6.1,sidkey51e6.1
12507,si:dkey-52l18.4,sidkey52l18.4
12508,si:dkey-53k12.18,sidkey53k12.18
12509,si:dkey-54j5.2,sidkey54j5.2
12510,si:dkey-54n8.2,sidkey54n8.2
12511,si:dkey-56d12.4,sidkey56d12.4
12512,si:dkey-56e3.2,sidkey56e3.2
12513,si:dkey-56e3.3,sidkey56e3.3
12514,si:dkey-56f14.4,sidkey56f14.4
12515,si:dkey-56f14.7,sidkey56f14.7
12516,si:dkey-56i24.1,sidkey56i24.1
12517,si:dkey-56m19.5,sidkey56m19.5
12518,si:dkey-57a22.11,sidkey57a22.11
12519,si:dkey-57h18.1,sidkey57h18.1
12520,si:dkey-57k2.7,sidkey57k2.7
12521,si:dkey-57l19.1,sidkey57l19.1
12522,si:dkey-57n24.6,sidkey57n24.6
12523,si:dkey-58f10.7,sidkey58f10.7
12524,si:dkey-58j15.11,sidkey58j15.11
12525,si:dkey-5n18.1,sidkey5n18.1
12526,si:dkey-5n7.2,sidkey5n7.2
12527,si:dkey-60a16.1,sidkey60a16.1
12528,si:dkey-60d5.3,sidkey60d5.3
12529,si:dkey-61l1.4,sidkey61l1.4
12530,si:dkey-61n16.5,sidkey61n16.5
12531,si:dkey-61p9.7,sidkey61p9.7
12532,si:dkey-61p9.9,sidkey61p9.9
12533,si:dkey-62k3.5,sidkey62k3.5
12534,si:dkey-65b12.6,sidkey65b12.6
12535,si:dkey-65j4.2,sidkey65j4.2
12536,si:dkey-65j6.2,sidkey65j6.2
12537,si:dkey-66i24.7,sidkey66i24.7
12538,si:dkey-66i24.9,sidkey66i24.9
12539,si:dkey-67c22.2,sidkey67c22.2
12540,si:dkey-68o6.5,sidkey68o6.5
12541,si:dkey-68o6.6,sidkey68o6.6
12542,si:dkey-69o16.5,sidkey69o16.5
12543,si:dkey-6d5.1,sidkey6d5.1
12544,si:dkey-6e2.2,sidkey6e2.2
12545,si:dkey-6f10.4,sidkey6f10.4
12546,si:dkey-6i22.5,sidkey6i22.5
12547,si:dkey-6n21.12,sidkey6n21.12
12548,si:dkey-6n21.13,sidkey6n21.13
12549,si:dkey-6n6.2,sidkey6n6.2
12550,si:dkey-70b23.2,sidkey70b23.2
12551,si:dkey-70p6.1,sidkey70p6.1
12552,si:dkey-71b5.6,sidkey71b5.6
12553,si:dkey-71b5.7,sidkey71b5.7
12554,si:dkey-71h2.2,sidkey71h2.2
12555,si:dkey-72l14.4,sidkey72l14.4
12556,si:dkey-72l17.6,sidkey72l17.6
12557,si:dkey-73n10.1,sidkey73n10.1
12558,si:dkey-74k8.3,sidkey74k8.3
12559,si:dkey-74k8.4,sidkey74k8.4
12560,si:dkey-75a21.2,sidkey75a21.2
12561,si:dkey-75b17.1,sidkey75b17.1
12562,si:dkey-76d14.2,sidkey76d14.2
12563,si:dkey-76k16.6,sidkey76k16.6
12564,si:dkey-77f5.11,sidkey77f5.11
12565,si:dkey-77f5.13,sidkey77f5.13
12566,si:dkey-77f5.14,sidkey77f5.14
12567,si:dkey-77f5.3,sidkey77f5.3
12568,si:dkey-77f5.4,sidkey77f5.4
12569,si:dkey-77f5.8,sidkey77f5.8
12570,si:dkey-77g12.1,sidkey77g12.1
12571,si:dkey-78k11.9,sidkey78k11.9
12572,si:dkey-78l4.14,sidkey78l4.14
12573,si:dkey-78p8.1,sidkey78p8.1
12574,si:dkey-79d12.4,sidkey79d12.4
12575,si:dkey-79d12.5,sidkey79d12.5
12576,si:dkey-79p17.3,sidkey79p17.3
12577,si:dkey-7c18.24,sidkey7c18.24
12578,si:dkey-7f16.3,sidkey7f16.3
12579,si:dkey-7f3.9,sidkey7f3.9
12580,si:dkey-7i4.10,sidkey7i4.10
12581,si:dkey-7i4.12,sidkey7i4.12
12582,si:dkey-7i4.15,sidkey7i4.15
12583,si:dkey-7i4.7,sidkey7i4.7
12584,si:dkey-7i4.8,sidkey7i4.8
12585,si:dkey-7i4.9,sidkey7i4.9
12586,si:dkey-7j14.5,sidkey7j14.5
12587,si:dkey-7j14.6,sidkey7j14.6
12588,si:dkey-7j22.1,sidkey7j22.1
12589,si:dkey-7l6.3,sidkey7l6.3
12590,si:dkey-7n6.2,sidkey7n6.2
12591,si:dkey-81e3.2,sidkey81e3.2
12592,si:dkey-81l17.6,sidkey81l17.6
12593,si:dkey-82i20.2,sidkey82i20.2
12594,si:dkey-82j4.2,sidkey82j4.2
12595,si:dkey-82o10.4,sidkey82o10.4
12596,si:dkey-83k24.5,sidkey83k24.5
12597,si:dkey-84k17.2,sidkey84k17.2
12598,si:dkey-85a20.4,sidkey85a20.4
12599,si:dkey-85k15.4,sidkey85k15.4
12600,si:dkey-85k7.7,sidkey85k7.7
12601,si:dkey-85n7.6,sidkey85n7.6
12602,si:dkey-85n7.7,sidkey85n7.7
12603,si:dkey-85n7.8,sidkey85n7.8
12604,si:dkey-86e18.1,sidkey86e18.1
12605,si:dkey-87o1.2,sidkey87o1.2
12606,si:dkey-88p24.11,sidkey88p24.11
12607,si:dkey-89b17.4,sidkey89b17.4
12608,si:dkey-8k3.2,sidkey8k3.2
12609,si:dkey-8l13.5,sidkey8l13.5
12610,si:dkey-90a13.10,sidkey90a13.10
12611,si:dkey-90l23.1,sidkey90l23.1
12612,si:dkey-91i10.2,sidkey91i10.2
12613,si:dkey-92f12.2,sidkey92f12.2
12614,si:dkey-92i15.4,sidkey92i15.4
12615,si:dkey-92i17.2,sidkey92i17.2
12616,si:dkey-93h22.8,sidkey93h22.8
12617,si:dkey-93m18.3,sidkey93m18.3
12618,si:dkey-93m18.4,sidkey93m18.4
12619,si:dkey-93m18.6,sidkey93m18.6
12620,si:dkey-93n13.1,sidkey93n13.1
12621,si:dkey-93n13.2,sidkey93n13.2
12622,si:dkey-95h12.1,sidkey95h12.1
12623,si:dkey-95p16.2,sidkey95p16.2
12624,si:dkey-97a13.12,sidkey97a13.12
12625,si:dkey-97a13.6,sidkey97a13.6
12626,si:dkey-97o5.1,sidkey97o5.1
12627,si:dkey-9i23.15,sidkey9i23.15
12628,si:dkey-9i23.16,sidkey9i23.16
12629,si:dkey-9i23.6,sidkey9i23.6
12630,si:dkey-9l20.3,sidkey9l20.3
12631,si:dkeyp-100a5.4,sidkeyp100a5.4
12632,si:dkeyp-104b3.21,sidkeyp104b3.21
12633,si:dkeyp-104f11.6,sidkeyp104f11.6
12634,si:dkeyp-104h9.5,sidkeyp104h9.5
12635,si:dkeyp-106c3.1,sidkeyp106c3.1
12636,si:dkeyp-110a12.4,sidkeyp110a12.4
12637,si:dkeyp-110e4.11,sidkeyp110e4.11
12638,si:dkeyp-110e4.6,sidkeyp110e4.6
12639,si:dkeyp-110g5.4,sidkeyp110g5.4
12640,si:dkeyp-113d7.1,sidkeyp113d7.1
12641,si:dkeyp-113d7.10,sidkeyp113d7.10
12642,si:dkeyp-115e12.6,sidkeyp115e12.6
12643,si:dkeyp-115e12.7,sidkeyp115e12.7
12644,si:dkeyp-117b11.1,sidkeyp117b11.1
12645,si:dkeyp-117b11.2,sidkeyp117b11.2
12646,si:dkeyp-117b8.4,sidkeyp117b8.4
12647,si:dkeyp-117h8.2,sidkeyp117h8.2
12648,si:dkeyp-117h8.4,sidkeyp117h8.4
12649,si:dkeyp-118h3.6,sidkeyp118h3.6
12650,si:dkeyp-11e3.1,sidkeyp11e3.1
12651,si:dkeyp-120h9.1,sidkeyp120h9.1
12652,si:dkeyp-121d2.7,sidkeyp121d2.7
12653,si:dkeyp-121d4.3,sidkeyp121d4.3
12654,si:dkeyp-123h10.2,sidkeyp123h10.2
12655,si:dkeyp-13a3.10,sidkeyp13a3.10
12656,si:dkeyp-13d12.23,sidkeyp13d12.23
12657,si:dkeyp-14d3.1,sidkeyp14d3.1
12658,si:dkeyp-19e1.3,sidkeyp19e1.3
12659,si:dkeyp-20g2.1,sidkeyp20g2.1
12660,si:dkeyp-23e4.3,sidkeyp23e4.3
12661,si:dkeyp-26a9.2,sidkeyp26a9.2
12662,si:dkeyp-27c8.2,sidkeyp27c8.2
12663,si:dkeyp-27e10.3,sidkeyp27e10.3
12664,si:dkeyp-28d2.4,sidkeyp28d2.4
12665,si:dkeyp-2e4.2,sidkeyp2e4.2
12666,si:dkeyp-2e4.5,sidkeyp2e4.5
12667,si:dkeyp-2e4.6,sidkeyp2e4.6
12668,si:dkeyp-30e7.2,sidkeyp30e7.2
12669,si:dkeyp-33b5.4,sidkeyp33b5.4
12670,si:dkeyp-34c12.1,sidkeyp34c12.1
12671,si:dkeyp-35e5.10,sidkeyp35e5.10
12672,si:dkeyp-35e5.5,sidkeyp35e5.5
12673,si:dkeyp-35e5.9,sidkeyp35e5.9
12674,si:dkeyp-38g8.5,sidkeyp38g8.5
12675,si:dkeyp-44a8.2,sidkeyp44a8.2
12676,si:dkeyp-44a8.4,sidkeyp44a8.4
12677,si:dkeyp-44b5.5,sidkeyp44b5.5
12678,si:dkeyp-46h3.6,sidkeyp46h3.6
12679,si:dkeyp-50f7.2,sidkeyp50f7.2
12680,si:dkeyp-53e4.1,sidkeyp53e4.1
12681,si:dkeyp-55f12.3,sidkeyp55f12.3
12682,si:dkeyp-57f11.2,sidkeyp57f11.2
12683,si:dkeyp-67a8.4,sidkeyp67a8.4
12684,si:dkeyp-67f1.1,sidkeyp67f1.1
12685,si:dkeyp-67f1.2,sidkeyp67f1.2
12686,si:dkeyp-68b7.12,sidkeyp68b7.12
12687,si:dkeyp-68b7.7,sidkeyp68b7.7
12688,si:dkeyp-69b9.3,sidkeyp69b9.3
12689,si:dkeyp-69b9.6,sidkeyp69b9.6
12690,si:dkeyp-69c1.6,sidkeyp69c1.6
12691,si:dkeyp-69c1.9,sidkeyp69c1.9
12692,si:dkeyp-69e1.8,sidkeyp69e1.8
12693,si:dkeyp-72e1.6,sidkeyp72e1.6
12694,si:dkeyp-72e1.9,sidkeyp72e1.9
12695,si:dkeyp-72g9.4,sidkeyp72g9.4
12696,si:dkeyp-75b4.7,sidkeyp75b4.7
12697,si:dkeyp-75h12.2,sidkeyp75h12.2
12698,si:dkeyp-75h12.5,sidkeyp75h12.5
12699,si:dkeyp-77h1.4,sidkeyp77h1.4
12700,si:dkeyp-7a3.1,sidkeyp7a3.1
12701,si:dkeyp-80c12.4,sidkeyp80c12.4
12702,si:dkeyp-82a1.6,sidkeyp82a1.6
12703,si:dkeyp-84f3.5,sidkeyp84f3.5
12704,si:dkeyp-84f3.9,sidkeyp84f3.9
12705,si:dkeyp-86b9.1,sidkeyp86b9.1
12706,si:dkeyp-86d6.2,sidkeyp86d6.2
12707,si:dkeyp-86h10.3,sidkeyp86h10.3
12708,si:dkeyp-87e7.4,sidkeyp87e7.4
12709,si:dkeyp-93d12.1,sidkeyp93d12.1
12710,si:dkeyp-94b4.1,sidkeyp94b4.1
12711,si:dkeyp-94g1.1,sidkeyp94g1.1
12712,si:dkeyp-94h10.5,sidkeyp94h10.5
12713,si:dkeyp-97a10.1,sidkeyp97a10.1
12714,si:dkeyp-97a10.2,sidkeyp97a10.2
12715,si:dkeyp-97a10.3,sidkeyp97a10.3
12716,si:dkeyp-97b10.3,sidkeyp97b10.3
12717,si:dkeyp-9d4.3,sidkeyp9d4.3
12718,si:rp71-15i12.1,sirp7115i12.1
12719,si:rp71-17i16.6,sirp7117i16.6
12720,si:rp71-19m20.1,sirp7119m20.1
12721,si:rp71-1c10.10,sirp711c10.10
12722,si:rp71-1c23.3,sirp711c23.3
12723,si:rp71-1d10.8,sirp711d10.8
12724,si:rp71-1g18.1,sirp711g18.1
12725,si:rp71-1g18.13,sirp711g18.13
12726,si:rp71-1h20.5,sirp711h20.5
12727,si:rp71-1h20.9,sirp711h20.9
12728,si:rp71-1i20.1,sirp711i20.1
12729,si:rp71-1i20.2,sirp711i20.2
12730,si:rp71-1k13.6,sirp711k13.6
12731,si:rp71-1p14.7,sirp711p14.7
12732,si:rp71-36a1.1,sirp7136a1.1
12733,si:rp71-36a1.2,sirp7136a1.2
12734,si:rp71-45k5.4,sirp7145k5.4
12735,si:rp71-46j2.7,sirp7146j2.7
12736,si:rp71-62i8.1,sirp7162i8.1
12737,si:rp71-68n21.9,sirp7168n21.9
12738,si:rp71-77l1.1,sirp7177l1.1
12739,si:rp71-79p20.2,sirp7179p20.2
12740,si:zfos-1011f11.1,sizfos1011f11.1
12741,si:zfos-1056e6.1,sizfos1056e6.1
12742,si:zfos-1192g2.3,sizfos1192g2.3
12743,si:zfos-128g4.1,sizfos128g4.1
12744,si:zfos-128g4.2,sizfos128g4.2
12745,si:zfos-169g10.3,sizfos169g10.3
12746,si:zfos-1714f5.3,sizfos1714f5.3
12747,si:zfos-1897c11.1,sizfos1897c11.1
12748,si:zfos-223e1.2,sizfos223e1.2
12749,si:zfos-2326c3.2,sizfos2326c3.2
12750,si:zfos-2330d3.7,sizfos2330d3.7
12751,si:zfos-364h11.1,sizfos364h11.1
12752,si:zfos-452g4.1,sizfos452g4.1
12753,si:zfos-464b6.2,sizfos464b6.2
12754,si:zfos-741a10.3,sizfos741a10.3
12755,si:zfos-905g2.1,sizfos905g2.1
12756,si:zfos-943e10.1,sizfos943e10.1
12757,siae,siae
12758,siah1,siah1
12759,siah2l,siah2l
12760,sidt2,sidt2
12761,sigirr,sigirr
12762,sigmar1,sigmar1
12763,sik1,sik1
12764,sik2b,sik2b
12765,sik3,sik3
12766,sil1,sil1
12767,sim1a,sim1a
12768,sin3aa,sin3aa
12769,sin3ab,sin3ab
12770,sin3b,sin3b
12771,sinhcaf,sinhcaf
12772,sinhcafl,sinhcafl
12773,sipa1l1,sipa1l1
12774,sipa1l2,sipa1l2
12775,sipa1l3,sipa1l3
12776,sirt1,sirt1
12777,sirt2,sirt2
12778,sirt3,sirt3
12779,sirt4,sirt4
12780,sirt5,sirt5
12781,sirt6,sirt6
12782,sirt7,sirt7
12783,siva1,siva1
12784,six1a,six1a
12785,six1b,six1b
12786,six2a,six2a
12787,six2b,six2b
12788,six3a,six3a
12789,six3b,six3b
12790,six4a,six4a
12791,six4b,six4b
12792,six5,six5
12793,six6a,six6a
12794,six6b,six6b
12795,six7,six7
12796,six9,six9
12797,ska1,ska1
12798,ska2,ska2
12799,ska3,ska3
12800,skap1,skap1
12801,skap2,skap2
12802,skia,skia
12803,skib,skib
12804,skilb,skilb
12805,skiv2l,skiv2l
12806,skor1a,skor1a
12807,skor1b,skor1b
12808,skp1,skp1
12809,skp2,skp2
12810,sla1,sla1
12811,sla2,sla2
12812,slain1a,slain1a
12813,slain2,slain2
12814,slbp,slbp
12815,slc10a3,slc10a3
12816,slc10a7,slc10a7
12817,slc11a2,slc11a2
12818,slc12a2,slc12a2
12819,slc12a3,slc12a3
12820,slc12a4,slc12a4
12821,slc12a7a,slc12a7a
12822,slc12a7b,slc12a7b
12823,slc12a9,slc12a9
12824,slc13a2,slc13a2
12825,slc13a3,slc13a3
12826,slc13a4,slc13a4
12827,slc13a5a,slc13a5a
12828,slc15a1a,slc15a1a
12829,slc15a2,slc15a2
12830,slc15a4,slc15a4
12831,slc16a10,slc16a10
12832,slc16a12a,slc16a12a
12833,slc16a12b,slc16a12b
12834,slc16a13,slc16a13
12835,slc16a1a,slc16a1a
12836,slc16a1b,slc16a1b
12837,slc16a3,slc16a3
12838,slc16a4,slc16a4
12839,slc16a5a,slc16a5a
12840,slc16a6a,slc16a6a
12841,slc16a6b,slc16a6b
12842,slc16a8,slc16a8
12843,slc16a9a,slc16a9a
12844,slc16a9b,slc16a9b
12845,slc17a6b,slc17a6b
12846,slc17a9a,slc17a9a
12847,slc17a9b,slc17a9b
12848,slc19a2,slc19a2
12849,slc1a1,slc1a1
12850,slc1a2b,slc1a2b
12851,slc1a3a,slc1a3a
12852,slc1a4,slc1a4
12853,slc1a5,slc1a5
12854,slc1a6,slc1a6
12855,slc20a1a,slc20a1a
12856,slc20a1b,slc20a1b
12857,slc20a2,slc20a2
12858,slc22a15,slc22a15
12859,slc22a16,slc22a16
12860,slc22a18,slc22a18
12861,slc22a2,slc22a2
12862,slc22a21,slc22a21
12863,slc22a23,slc22a23
12864,slc22a31,slc22a31
12865,slc22a7a,slc22a7a
12866,slc22a7b.1,slc22a7b.1
12867,slc23a1,slc23a1
12868,slc23a2,slc23a2
12869,slc24a2,slc24a2
12870,slc24a5,slc24a5
12871,slc25a10,slc25a10
12872,slc25a11,slc25a11
12873,slc25a12,slc25a12
12874,slc25a14,slc25a14
12875,slc25a15a,slc25a15a
12876,slc25a15b,slc25a15b
12877,slc25a16,slc25a16
12878,slc25a17,slc25a17
12879,slc25a18,slc25a18
12880,slc25a19,slc25a19
12881,slc25a1a,slc25a1a
12882,slc25a1b,slc25a1b
12883,slc25a20,slc25a20
12884,slc25a21,slc25a21
12885,slc25a23a,slc25a23a
12886,slc25a24,slc25a24
12887,slc25a25a,slc25a25a
12888,slc25a26,slc25a26
12889,slc25a27,slc25a27
12890,slc25a28,slc25a28
12891,slc25a32a,slc25a32a
12892,slc25a33,slc25a33
12893,slc25a35,slc25a35
12894,slc25a36a,slc25a36a
12895,slc25a36b,slc25a36b
12896,slc25a37,slc25a37
12897,slc25a38a,slc25a38a
12898,slc25a38b,slc25a38b
12899,slc25a39,slc25a39
12900,slc25a3a,slc25a3a
12901,slc25a3b,slc25a3b
12902,slc25a4,slc25a4
12903,slc25a40,slc25a40
12904,slc25a42,slc25a42
12905,slc25a43,slc25a43
12906,slc25a44a,slc25a44a
12907,slc25a44b,slc25a44b
12908,slc25a46,slc25a46
12909,slc25a48,slc25a48
12910,slc25a5,slc25a5
12911,slc25a51b,slc25a51b
12912,slc25a55a,slc25a55a
12913,slc25a55b,slc25a55b
12914,slc26a1,slc26a1
12915,slc26a11,slc26a11
12916,slc26a2,slc26a2
12917,slc26a3.2,slc26a3.2
12918,slc26a5,slc26a5
12919,slc26a6,slc26a6
12920,slc27a1a,slc27a1a
12921,slc27a2a,slc27a2a
12922,slc27a4,slc27a4
12923,slc27a6,slc27a6
12924,slc29a1a,slc29a1a
12925,slc29a1b,slc29a1b
12926,slc29a2,slc29a2
12927,slc29a3,slc29a3
12928,slc29a4,slc29a4
12929,slc2a10,slc2a10
12930,slc2a11a,slc2a11a
12931,slc2a11b,slc2a11b
12932,slc2a12,slc2a12
12933,slc2a13b,slc2a13b
12934,slc2a2,slc2a2
12935,slc2a3b,slc2a3b
12936,slc2a6,slc2a6
12937,slc30a10,slc30a10
12938,slc30a1a,slc30a1a
12939,slc30a4,slc30a4
12940,slc30a5,slc30a5
12941,slc30a6,slc30a6
12942,slc30a7,slc30a7
12943,slc30a8,slc30a8
12944,slc30a9,slc30a9
12945,slc31a1,slc31a1
12946,slc31a2,slc31a2
12947,slc32a1,slc32a1
12948,slc33a1,slc33a1
12949,slc34a2b,slc34a2b
12950,slc35a3a,slc35a3a
12951,slc35a3b,slc35a3b
12952,slc35a4,slc35a4
12953,slc35a5,slc35a5
12954,slc35b1,slc35b1
12955,slc35b2,slc35b2
12956,slc35b3,slc35b3
12957,slc35b4,slc35b4
12958,slc35c1,slc35c1
12959,slc35c2,slc35c2
12960,slc35d1a,slc35d1a
12961,slc35d1b,slc35d1b
12962,slc35e1,slc35e1
12963,slc35e4,slc35e4
12964,slc35f2,slc35f2
12965,slc35f6,slc35f6
12966,slc35g2a,slc35g2a
12967,slc35g2b,slc35g2b
12968,slc36a1,slc36a1
12969,slc36a4,slc36a4
12970,slc37a1,slc37a1
12971,slc37a2,slc37a2
12972,slc37a4a,slc37a4a
12973,slc37a4b,slc37a4b
12974,slc38a10,slc38a10
12975,slc38a11,slc38a11
12976,slc38a2,slc38a2
12977,slc38a3a,slc38a3a
12978,slc38a3b,slc38a3b
12979,slc38a4,slc38a4
12980,slc38a5a,slc38a5a
12981,slc38a5b,slc38a5b
12982,slc38a6,slc38a6
12983,slc38a7,slc38a7
12984,slc38a8b,slc38a8b
12985,slc38a9,slc38a9
12986,slc39a1,slc39a1
12987,slc39a10,slc39a10
12988,slc39a13,slc39a13
12989,slc39a14,slc39a14
12990,slc39a5,slc39a5
12991,slc39a6,slc39a6
12992,slc39a7,slc39a7
12993,slc39a9,slc39a9
12994,slc3a1,slc3a1
12995,slc3a2a,slc3a2a
12996,slc3a2b,slc3a2b
12997,slc40a1,slc40a1
12998,slc43a1a,slc43a1a
12999,slc43a1b,slc43a1b
13000,slc43a2a,slc43a2a
13001,slc43a2b,slc43a2b
13002,slc43a3b,slc43a3b
13003,slc44a1a,slc44a1a
13004,slc44a1b,slc44a1b
13005,slc44a2,slc44a2
13006,slc44a5b,slc44a5b
13007,slc45a1,slc45a1
13008,slc45a2,slc45a2
13009,slc45a3,slc45a3
13010,slc45a4,slc45a4
13011,slc46a1,slc46a1
13012,slc47a2.2,slc47a2.2
13013,slc48a1b,slc48a1b
13014,slc4a10a,slc4a10a
13015,slc4a11,slc4a11
13016,slc4a1ap,slc4a1ap
13017,slc4a2a,slc4a2a
13018,slc4a2b,slc4a2b
13019,slc4a4a,slc4a4a
13020,slc4a4b,slc4a4b
13021,slc4a5,slc4a5
13022,slc4a7,slc4a7
13023,slc50a1,slc50a1
13024,slc51a,slc51a
13025,slc52a2,slc52a2
13026,slc5a12,slc5a12
13027,slc5a6a,slc5a6a
13028,slc5a6b,slc5a6b
13029,slc5a8,slc5a8
13030,slc5a8l,slc5a8l
13031,slc5a9,slc5a9
13032,slc6a11a,slc6a11a
13033,slc6a14,slc6a14
13034,slc6a16b,slc6a16b
13035,slc6a17,slc6a17
13036,slc6a1b,slc6a1b
13037,slc6a2,slc6a2
13038,slc6a22.1,slc6a22.1
13039,slc6a22.2,slc6a22.2
13040,slc6a3,slc6a3
13041,slc6a5,slc6a5
13042,slc6a8,slc6a8
13043,slc6a9,slc6a9
13044,slc7a10a,slc7a10a
13045,slc7a10b,slc7a10b
13046,slc7a11,slc7a11
13047,slc7a14a,slc7a14a
13048,slc7a2,slc7a2
13049,slc7a3a,slc7a3a
13050,slc7a3b,slc7a3b
13051,slc7a4,slc7a4
13052,slc7a5,slc7a5
13053,slc7a6,slc7a6
13054,slc7a6os,slc7a6os
13055,slc7a7,slc7a7
13056,slc7a8a,slc7a8a
13057,slc7a9,slc7a9
13058,slc8a1a,slc8a1a
13059,slc8a1b,slc8a1b
13060,slc8a3,slc8a3
13061,slc9a1b,slc9a1b
13062,slc9a3.1,slc9a3.1
13063,slc9a3r1a,slc9a3r1a
13064,slc9a6a,slc9a6a
13065,slc9a6b,slc9a6b
13066,slc9a7,slc9a7
13067,slc9a8,slc9a8
13068,slco1c1,slco1c1
13069,slco1d1,slco1d1
13070,slco2a1,slco2a1
13071,slco2b1,slco2b1
13072,slco5a1a,slco5a1a
13073,slco5a1b,slco5a1b
13074,slf1,slf1
13075,slf2,slf2
13076,slirp,slirp
13077,slit1a,slit1a
13078,slit1b,slit1b
13079,slit2,slit2
13080,slit3,slit3
13081,slitrk4,slitrk4
13082,slitrk6,slitrk6
13083,slka,slka
13084,slkb,slkb
13085,slmapa,slmapa
13086,slmapb,slmapb
13087,sltm,sltm
13088,slu7,slu7
13089,slx1b,slx1b
13090,slx4,slx4
13091,slx4ip,slx4ip
13092,smad1,smad1
13093,smad2,smad2
13094,smad3a,smad3a
13095,smad3b,smad3b
13096,smad4a,smad4a
13097,smad5,smad5
13098,smad6a,smad6a
13099,smad6b,smad6b
13100,smad7,smad7
13101,smad9,smad9
13102,smap1,smap1
13103,smap2,smap2
13104,smarca1,smarca1
13105,smarca2,smarca2
13106,smarca4a,smarca4a
13107,smarca5,smarca5
13108,smarcad1a,smarcad1a
13109,smarcad1b,smarcad1b
13110,smarcal1,smarcal1
13111,smarcb1a,smarcb1a
13112,smarcb1b,smarcb1b
13113,smarcc1a,smarcc1a
13114,smarcc1b,smarcc1b
13115,smarcc2,smarcc2
13116,smarcd1,smarcd1
13117,smarcd2,smarcd2
13118,smarcd3b,smarcd3b
13119,smarce1,smarce1
13120,smc1al,smc1al
13121,smc2,smc2
13122,smc3,smc3
13123,smc4,smc4
13124,smc5,smc5
13125,smc6,smc6
13126,smchd1,smchd1
13127,smco4,smco4
13128,smcr8b,smcr8b
13129,smdt1a,smdt1a
13130,smdt1b,smdt1b
13131,smek1,smek1
13132,smfn,smfn
13133,smg1,smg1
13134,smg5,smg5
13135,smg6,smg6
13136,smg7,smg7
13137,smg8,smg8
13138,smg9,smg9
13139,smim12,smim12
13140,smim13,smim13
13141,smim14,smim14
13142,smim15,smim15
13143,smim19,smim19
13144,smim20,smim20
13145,smim29,smim29
13146,smim4,smim4
13147,smim7,smim7
13148,smim8,smim8
13149,smkr1,smkr1
13150,smn1,smn1
13151,smndc1,smndc1
13152,smo,smo
13153,smoc1,smoc1
13154,smoc2,smoc2
13155,smox,smox
13156,smpd1,smpd1
13157,smpd2b,smpd2b
13158,smpd4,smpd4
13159,smpd5,smpd5
13160,smpdl3a,smpdl3a
13161,smpx,smpx
13162,sms,sms
13163,smtnb,smtnb
13164,smtnl,smtnl
13165,smtnl1,smtnl1
13166,smu1a,smu1a
13167,smu1b,smu1b
13168,smurf1,smurf1
13169,smurf2,smurf2
13170,smx5,smx5
13171,smyd1a,smyd1a
13172,smyd1b,smyd1b
13173,smyd2a,smyd2a
13174,smyd2b,smyd2b
13175,smyd3,smyd3
13176,smyd4,smyd4
13177,smyd5,smyd5
13178,smyhc1,smyhc1
13179,smyhc2,smyhc2
13180,snai1a,snai1a
13181,snai1b,snai1b
13182,snai2,snai2
13183,snai3,snai3
13184,snap23.1,snap23.1
13185,snap23.2,snap23.2
13186,snap25a,snap25a
13187,snap25b,snap25b
13188,snap29,snap29
13189,snap47,snap47
13190,snap91,snap91
13191,snapc1b,snapc1b
13192,snapc2,snapc2
13193,snapc3,snapc3
13194,snapc4,snapc4
13195,snapc5,snapc5
13196,snapin,snapin
13197,sncaip,sncaip
13198,sncb,sncb
13199,sncga,sncga
13200,snd1,snd1
13201,sned1,sned1
13202,snf8,snf8
13203,snip1,snip1
13204,snphb,snphb
13205,snrka,snrka
13206,snrkb,snrkb
13207,snrnp200,snrnp200
13208,snrnp25,snrnp25
13209,snrnp27,snrnp27
13210,snrnp35,snrnp35
13211,snrnp40,snrnp40
13212,snrnp48,snrnp48
13213,snrnp70,snrnp70
13214,snrpa,snrpa
13215,snrpa1,snrpa1
13216,snrpb,snrpb
13217,snrpb2,snrpb2
13218,snrpc,snrpc
13219,snrpd1,snrpd1
13220,snrpd2,snrpd2
13221,snrpd3,snrpd3
13222,snrpd3l,snrpd3l
13223,snrpe,snrpe
13224,snrpf,snrpf
13225,snrpg,snrpg
13226,sntb1,sntb1
13227,sntb2,sntb2
13228,snu13a,snu13a
13229,snu13b,snu13b
13230,snupn,snupn
13231,snw1,snw1
13232,snx10a,snx10a
13233,snx10b,snx10b
13234,snx11,snx11
13235,snx12,snx12
13236,snx13,snx13
13237,snx14,snx14
13238,snx15,snx15
13239,snx16,snx16
13240,snx17,snx17
13241,snx18a,snx18a
13242,snx18b,snx18b
13243,snx19b,snx19b
13244,snx1a,snx1a
13245,snx2,snx2
13246,snx20,snx20
13247,snx22,snx22
13248,snx24,snx24
13249,snx25,snx25
13250,snx27a,snx27a
13251,snx27b,snx27b
13252,snx29,snx29
13253,snx3,snx3
13254,snx30,snx30
13255,snx33,snx33
13256,snx4,snx4
13257,snx5,snx5
13258,snx6,snx6
13259,snx7,snx7
13260,snx8a,snx8a
13261,snx8b,snx8b
13262,snx9a,snx9a
13263,snx9b,snx9b
13264,socs1a,socs1a
13265,socs3a,socs3a
13266,socs3b,socs3b
13267,socs4,socs4
13268,socs5a,socs5a
13269,socs5b,socs5b
13270,socs6a,socs6a
13271,socs6b,socs6b
13272,socs7,socs7
13273,sod1,sod1
13274,sod2,sod2
13275,soga1,soga1
13276,soga3a,soga3a
13277,sorbs1,sorbs1
13278,sorbs2b,sorbs2b
13279,sorbs3,sorbs3
13280,sorcs2,sorcs2
13281,sord,sord
13282,sorl1,sorl1
13283,sort1a,sort1a
13284,sort1b,sort1b
13285,sos1,sos1
13286,sos2,sos2
13287,sost,sost
13288,sostdc1a,sostdc1a
13289,soul2,soul2
13290,soul3,soul3
13291,soul4,soul4
13292,sowahab,sowahab
13293,sowahca,sowahca
13294,sowahcb,sowahcb
13295,sowahd,sowahd
13296,sox10,sox10
13297,sox11a,sox11a
13298,sox11b,sox11b
13299,sox12,sox12
13300,sox13,sox13
13301,sox14,sox14
13302,sox19a,sox19a
13303,sox19b,sox19b
13304,sox1a,sox1a
13305,sox1b,sox1b
13306,sox2,sox2
13307,sox21a,sox21a
13308,sox21b,sox21b
13309,sox3,sox3
13310,sox32,sox32
13311,sox4a,sox4a
13312,sox4b,sox4b
13313,sox5,sox5
13314,sox6,sox6
13315,sox7,sox7
13316,sox8b,sox8b
13317,sox9a,sox9a
13318,sox9b,sox9b
13319,sp1,sp1
13320,sp2,sp2
13321,sp3a,sp3a
13322,sp3b,sp3b
13323,sp4,sp4
13324,sp5a,sp5a
13325,sp5l,sp5l
13326,sp6,sp6
13327,sp7,sp7
13328,sp8a,sp8a
13329,sp8b,sp8b
13330,sp9,sp9
13331,spa17,spa17
13332,spaca4l,spaca4l
13333,spag1a,spag1a
13334,spag1b,spag1b
13335,spag6,spag6
13336,spag7,spag7
13337,spag9a,spag9a
13338,sparc,sparc
13339,sparcl2,sparcl2
13340,spartb,spartb
13341,spast,spast
13342,spata13,spata13
13343,spata17,spata17
13344,spata18,spata18
13345,spata2,spata2
13346,spata20,spata20
13347,spata22,spata22
13348,spata2l,spata2l
13349,spata4,spata4
13350,spata5l1,spata5l1
13351,spata6,spata6
13352,spata6l,spata6l
13353,spata7,spata7
13354,spc24,spc24
13355,spc25,spc25
13356,spcs1,spcs1
13357,spcs2,spcs2
13358,spcs3,spcs3
13359,spdl1,spdl1
13360,specc1,specc1
13361,specc1la,specc1la
13362,spef2,spef2
13363,spega,spega
13364,spegb,spegb
13365,spen,spen
13366,spg11,spg11
13367,spg21,spg21
13368,spg7,spg7
13369,sphk2,sphk2
13370,spi1a,spi1a
13371,spi1b,spi1b
13372,spice1,spice1
13373,spinb,spinb
13374,spink4,spink4
13375,spint1a,spint1a
13376,spint1b,spint1b
13377,spint2,spint2
13378,spire1a,spire1a
13379,spns1,spns1
13380,spns2,spns2
13381,spns3,spns3
13382,spock3,spock3
13383,spon1a,spon1a
13384,spon1b,spon1b
13385,spon2a,spon2a
13386,spon2b,spon2b
13387,spop,spop
13388,spopla,spopla
13389,spoplb,spoplb
13390,spout1,spout1
13391,sppl2,sppl2
13392,sppl3,sppl3
13393,spra,spra
13394,spred1,spred1
13395,spred2a,spred2a
13396,spred2b,spred2b
13397,spred3,spred3
13398,sprtn,sprtn
13399,spry1,spry1
13400,spry2,spry2
13401,spry4,spry4
13402,spryd3,spryd3
13403,spryd4,spryd4
13404,spryd7a,spryd7a
13405,spryd7b,spryd7b
13406,spsb1,spsb1
13407,spsb3a,spsb3a
13408,spsb4a,spsb4a
13409,spsb4b,spsb4b
13410,sptan1,sptan1
13411,sptb,sptb
13412,sptbn1,sptbn1
13413,sptbn2,sptbn2
13414,sptbn5,sptbn5
13415,sptlc1,sptlc1
13416,sptlc2a,sptlc2a
13417,sptlc2b,sptlc2b
13418,sptlc3,sptlc3
13419,sptssa,sptssa
13420,sptssb,sptssb
13421,spty2d1,spty2d1
13422,sqlea,sqlea
13423,sqor,sqor
13424,sqstm1,sqstm1
13425,sra1,sra1
13426,srbd1,srbd1
13427,src,src
13428,srcap,srcap
13429,srd5a3,srd5a3
13430,srebf1,srebf1
13431,srebf2,srebf2
13432,srek1,srek1
13433,srek1ip1,srek1ip1
13434,srfa,srfa
13435,srfbp1,srfbp1
13436,srgap1a,srgap1a
13437,srgap2,srgap2
13438,srgap3,srgap3
13439,srgn,srgn
13440,sri,sri
13441,srl,srl
13442,srm,srm
13443,srp14,srp14
13444,srp19,srp19
13445,srp54,srp54
13446,srp68,srp68
13447,srp72,srp72
13448,srp9,srp9
13449,srpk1a,srpk1a
13450,srpk1b,srpk1b
13451,srpk3,srpk3
13452,srpr,srpr
13453,srprb,srprb
13454,srpx,srpx
13455,srpx2,srpx2
13456,srrd,srrd
13457,srrm1,srrm1
13458,srrm2,srrm2
13459,srrm4,srrm4
13460,srrt,srrt
13461,srsf10b,srsf10b
13462,srsf11,srsf11
13463,srsf1a,srsf1a
13464,srsf1b,srsf1b
13465,srsf2a,srsf2a
13466,srsf2b,srsf2b
13467,srsf3a,srsf3a
13468,srsf3b,srsf3b
13469,srsf4,srsf4
13470,srsf5a,srsf5a
13471,srsf5b,srsf5b
13472,srsf6a,srsf6a
13473,srsf6b,srsf6b
13474,srsf7a,srsf7a
13475,srsf7b,srsf7b
13476,srsf9,srsf9
13477,ss18,ss18
13478,ss18l2,ss18l2
13479,ssb,ssb
13480,ssbp1,ssbp1
13481,ssbp3a,ssbp3a
13482,ssbp3b,ssbp3b
13483,ssbp4,ssbp4
13484,ssfa2,ssfa2
13485,ssh1b,ssh1b
13486,ssh2a,ssh2a
13487,ssh2b,ssh2b
13488,ssna1,ssna1
13489,ssr1,ssr1
13490,ssr2,ssr2
13491,ssr3,ssr3
13492,ssr4,ssr4
13493,ssrp1a,ssrp1a
13494,ssrp1b,ssrp1b
13495,sssca1,sssca1
13496,sst1.1,sst1.1
13497,sst1.2,sst1.2
13498,sst2,sst2
13499,sstr5,sstr5
13500,ssu72,ssu72
13501,ssuh2.2,ssuh2.2
13502,ssuh2.4,ssuh2.4
13503,ssuh2rs1,ssuh2rs1
13504,ssx2ipa,ssx2ipa
13505,ssx2ipb,ssx2ipb
13506,st13,st13
13507,st14a,st14a
13508,st14b,st14b
13509,st3gal3a,st3gal3a
13510,st3gal3b,st3gal3b
13511,st3gal4,st3gal4
13512,st3gal5,st3gal5
13513,st3gal7,st3gal7
13514,st3gal8,st3gal8
13515,st5,st5
13516,st6gal2a,st6gal2a
13517,st6gal2b,st6gal2b
13518,st6galnac3,st6galnac3
13519,st6galnac5b,st6galnac5b
13520,st7,st7
13521,st7l,st7l
13522,st8sia1,st8sia1
13523,st8sia2,st8sia2
13524,st8sia6,st8sia6
13525,stab1,stab1
13526,stab2,stab2
13527,stac3,stac3
13528,stag1a,stag1a
13529,stag1b,stag1b
13530,stag2a,stag2a
13531,stag2b,stag2b
13532,stam,stam
13533,stam2,stam2
13534,stambpa,stambpa
13535,stambpb,stambpb
13536,stambpl1,stambpl1
13537,stap2a,stap2a
13538,stap2b,stap2b
13539,star,star
13540,stard10,stard10
13541,stard13a,stard13a
13542,stard13b,stard13b
13543,stard14,stard14
13544,stard3,stard3
13545,stard3nl,stard3nl
13546,stard4,stard4
13547,stard7,stard7
13548,stard8,stard8
13549,stard9,stard9
13550,stat1a,stat1a
13551,stat1b,stat1b
13552,stat2,stat2
13553,stat3,stat3
13554,stat4,stat4
13555,stat5a,stat5a
13556,stat5b,stat5b
13557,stat6,stat6
13558,stau1,stau1
13559,stau2,stau2
13560,stc1,stc1
13561,stc2a,stc2a
13562,steap4,steap4
13563,stil,stil
13564,stim1a,stim1a
13565,stim1b,stim1b
13566,stim2a,stim2a
13567,stim2b,stim2b
13568,stimate,stimate
13569,stip1,stip1
13570,stk10,stk10
13571,stk11,stk11
13572,stk11ip,stk11ip
13573,stk16,stk16
13574,stk17a,stk17a
13575,stk17al,stk17al
13576,stk17b,stk17b
13577,stk19,stk19
13578,stk24b,stk24b
13579,stk25a,stk25a
13580,stk25b,stk25b
13581,stk26,stk26
13582,stk3,stk3
13583,stk31,stk31
13584,stk33,stk33
13585,stk35,stk35
13586,stk35l,stk35l
13587,stk36,stk36
13588,stk38a,stk38a
13589,stk38l,stk38l
13590,stk39,stk39
13591,stm,stm
13592,stmn1a,stmn1a
13593,stmn1b,stmn1b
13594,stmn2a,stmn2a
13595,stmn2b,stmn2b
13596,stmn3,stmn3
13597,stmn4,stmn4
13598,stmn4l,stmn4l
13599,stn1,stn1
13600,stom,stom
13601,stoml1,stoml1
13602,stoml2,stoml2
13603,stoml3b,stoml3b
13604,ston2,ston2
13605,stox1,stox1
13606,stox2a,stox2a
13607,stox2b,stox2b
13608,stpg2,stpg2
13609,stra6,stra6
13610,stra6l,stra6l
13611,strada,strada
13612,strap,strap
13613,strbp,strbp
13614,strip1,strip1
13615,strn,strn
13616,strn3,strn3
13617,strn4,strn4
13618,sts,sts
13619,stt3a,stt3a
13620,stt3b,stt3b
13621,stub1,stub1
13622,stx10,stx10
13623,stx11a,stx11a
13624,stx11b.1,stx11b.1
13625,stx11b.2,stx11b.2
13626,stx12,stx12
13627,stx12l,stx12l
13628,stx16,stx16
13629,stx17,stx17
13630,stx18,stx18
13631,stx1b,stx1b
13632,stx2a,stx2a
13633,stx2b,stx2b
13634,stx3a,stx3a
13635,stx4,stx4
13636,stx5a,stx5a
13637,stx5al,stx5al
13638,stx6,stx6
13639,stx8,stx8
13640,stxbp1a,stxbp1a
13641,stxbp1b,stxbp1b
13642,stxbp2,stxbp2
13643,stxbp3,stxbp3
13644,stxbp4,stxbp4
13645,stxbp5a,stxbp5a
13646,stxbp5b,stxbp5b
13647,stxbp6,stxbp6
13648,styk1,styk1
13649,styx,styx
13650,styxl1,styxl1
13651,sub1a,sub1a
13652,sub1b,sub1b
13653,sucla2,sucla2
13654,suclg1,suclg1
13655,suclg2,suclg2
13656,suco,suco
13657,suds3,suds3
13658,sufu,sufu
13659,sugp1,sugp1
13660,sugt1,sugt1
13661,sulf1,sulf1
13662,sulf2a,sulf2a
13663,sulf2b,sulf2b
13664,sult1st1,sult1st1
13665,sult2st1,sult2st1
13666,sult2st2,sult2st2
13667,sult2st3,sult2st3
13668,sult5a1,sult5a1
13669,sult6b1,sult6b1
13670,sumf1,sumf1
13671,sumf2,sumf2
13672,sumo1,sumo1
13673,sumo2b,sumo2b
13674,sumo3a,sumo3a
13675,sumo3b,sumo3b
13676,sun1,sun1
13677,suox,suox
13678,supt16h,supt16h
13679,supt20,supt20
13680,supt3h,supt3h
13681,supt4h1,supt4h1
13682,supt5h,supt5h
13683,supt6h,supt6h
13684,supv3l1,supv3l1
13685,surf1,surf1
13686,surf4,surf4
13687,surf4l,surf4l
13688,surf6,surf6
13689,susd1,susd1
13690,susd6,susd6
13691,suv39h1a,suv39h1a
13692,suv39h1b,suv39h1b
13693,suz12a,suz12a
13694,suz12b,suz12b
13695,sv2a,sv2a
13696,sv2bb,sv2bb
13697,svbp,svbp
13698,svep1,svep1
13699,svila,svila
13700,svopl,svopl
13701,swap70b,swap70b
13702,swi5,swi5
13703,swsap1,swsap1
13704,swt1,swt1
13705,syap1,syap1
13706,sybl1,sybl1
13707,sycp1,sycp1
13708,sycp3,sycp3
13709,syf2,syf2
13710,syk,syk
13711,sympk,sympk
13712,syn1,syn1
13713,syncrip,syncrip
13714,syncripl,syncripl
13715,syne1a,syne1a
13716,syne1b,syne1b
13717,syne2b,syne2b
13718,syne3,syne3
13719,syngap1a,syngap1a
13720,syngap1b,syngap1b
13721,syngr1a,syngr1a
13722,syngr2a,syngr2a
13723,syngr2b,syngr2b
13724,syngr3a,syngr3a
13725,synj1,synj1
13726,synj2bp,synj2bp
13727,synpo2b,synpo2b
13728,synpo2lb,synpo2lb
13729,synrg,synrg
13730,sypa,sypa
13731,sypb,sypb
13732,sypl2a,sypl2a
13733,sypl2b,sypl2b
13734,sys1,sys1
13735,syt11a,syt11a
13736,syt13,syt13
13737,syt1a,syt1a
13738,syt2a,syt2a
13739,syt3,syt3
13740,syt4,syt4
13741,syt6b,syt6b
13742,syt7b,syt7b
13743,sytl1,sytl1
13744,sytl2a,sytl2a
13745,sytl2b,sytl2b
13746,sytl3,sytl3
13747,sytl4,sytl4
13748,syvn1,syvn1
13749,szrd1,szrd1
13750,tab1,tab1
13751,tab2,tab2
13752,tab3,tab3
13753,tac3b,tac3b
13754,tacc1,tacc1
13755,tacc3,tacc3
13756,taco1,taco1
13757,tacr3l,tacr3l
13758,tada2a,tada2a
13759,tada2b,tada2b
13760,tada3l,tada3l
13761,taf1,taf1
13762,taf10,taf10
13763,taf11,taf11
13764,taf12,taf12
13765,taf13,taf13
13766,taf15,taf15
13767,taf1a,taf1a
13768,taf1b,taf1b
13769,taf2,taf2
13770,taf3,taf3
13771,taf4a,taf4a
13772,taf5,taf5
13773,taf5l,taf5l
13774,taf6,taf6
13775,taf6l,taf6l
13776,taf7,taf7
13777,taf8,taf8
13778,taf9,taf9
13779,tagapa,tagapa
13780,tagln,tagln
13781,tagln2,tagln2
13782,tagln3b,tagln3b
13783,tal1,tal1
13784,taldo1,taldo1
13785,tamm41,tamm41
13786,tanc1a,tanc1a
13787,tanc1b,tanc1b
13788,tanc2a,tanc2a
13789,tango2,tango2
13790,tango6,tango6
13791,tank,tank
13792,taok1a,taok1a
13793,taok1b,taok1b
13794,taok2a,taok2a
13795,taok2b,taok2b
13796,taok3a,taok3a
13797,taok3b,taok3b
13798,tap2t,tap2t
13799,tapbp.1,tapbp.1
13800,tapt1a,tapt1a
13801,tapt1b,tapt1b
13802,tarbp2,tarbp2
13803,tardbp,tardbp
13804,tardbpl,tardbpl
13805,tars,tars
13806,tarsl2,tarsl2
13807,tasp1,tasp1
13808,tat,tat
13809,tatdn1,tatdn1
13810,tatdn2,tatdn2
13811,tatdn3,tatdn3
13812,tax1bp1a,tax1bp1a
13813,tax1bp1b,tax1bp1b
13814,tax1bp3,tax1bp3
13815,taz,taz
13816,tbata,tbata
13817,tbc1d1,tbc1d1
13818,tbc1d10aa,tbc1d10aa
13819,tbc1d10b,tbc1d10b
13820,tbc1d10c,tbc1d10c
13821,tbc1d12b,tbc1d12b
13822,tbc1d14,tbc1d14
13823,tbc1d15,tbc1d15
13824,tbc1d16,tbc1d16
13825,tbc1d17,tbc1d17
13826,tbc1d19,tbc1d19
13827,tbc1d2,tbc1d2
13828,tbc1d22a,tbc1d22a
13829,tbc1d23,tbc1d23
13830,tbc1d25,tbc1d25
13831,tbc1d2b,tbc1d2b
13832,tbc1d30,tbc1d30
13833,tbc1d31,tbc1d31
13834,tbc1d4,tbc1d4
13835,tbc1d5,tbc1d5
13836,tbc1d7,tbc1d7
13837,tbca,tbca
13838,tbcb,tbcb
13839,tbcc,tbcc
13840,tbccd1,tbccd1
13841,tbcd,tbcd
13842,tbce,tbce
13843,tbcela,tbcela
13844,tbcelb,tbcelb
13845,tbck,tbck
13846,tbk1,tbk1
13847,tbl1x,tbl1x
13848,tbl1xr1a,tbl1xr1a
13849,tbl1xr1b,tbl1xr1b
13850,tbl2,tbl2
13851,tbl3,tbl3
13852,tbp,tbp
13853,tbpl1,tbpl1
13854,tbr1b,tbr1b
13855,tbrg1,tbrg1
13856,tbrg4,tbrg4
13857,tbx1,tbx1
13858,tbx15,tbx15
13859,tbx16,tbx16
13860,tbx18,tbx18
13861,tbx22,tbx22
13862,tbx2a,tbx2a
13863,tbx2b,tbx2b
13864,tbx3a,tbx3a
13865,tbx3b,tbx3b
13866,tbx5a,tbx5a
13867,tbx6,tbx6
13868,tbx6l,tbx6l
13869,tbxas1,tbxas1
13870,tbxta,tbxta
13871,tcaim,tcaim
13872,tcap,tcap
13873,tcea1,tcea1
13874,tcea2,tcea2
13875,tcea3,tcea3
13876,tceanc2,tceanc2
13877,tcerg1a,tcerg1a
13878,tcf12,tcf12
13879,tcf15,tcf15
13880,tcf19l,tcf19l
13881,tcf20,tcf20
13882,tcf21,tcf21
13883,tcf25,tcf25
13884,tcf3a,tcf3a
13885,tcf3b,tcf3b
13886,tcf7,tcf7
13887,tcf7l1a,tcf7l1a
13888,tcf7l1b,tcf7l1b
13889,tcf7l2,tcf7l2
13890,tchp,tchp
13891,tcima,tcima
13892,tcirg1a,tcirg1a
13893,tcirg1b,tcirg1b
13894,tcp1,tcp1
13895,tcp11l1,tcp11l1
13896,tcp11l2,tcp11l2
13897,tcta,tcta
13898,tctex1d1,tctex1d1
13899,tctex1d2,tctex1d2
13900,tctn1,tctn1
13901,tctn2,tctn2
13902,tdg.1,tdg.1
13903,tdg.2,tdg.2
13904,tdgf1,tdgf1
13905,tdh,tdh
13906,tdh2,tdh2
13907,tdo2b,tdo2b
13908,tdp1,tdp1
13909,tdp2b,tdp2b
13910,tdrd1,tdrd1
13911,tdrd12,tdrd12
13912,tdrd3,tdrd3
13913,tdrd5,tdrd5
13914,tdrd6,tdrd6
13915,tdrd7b,tdrd7b
13916,tdrkh,tdrkh
13917,tead1a,tead1a
13918,tead1b,tead1b
13919,tead3a,tead3a
13920,tead3b,tead3b
13921,tec,tec
13922,tecpr1a,tecpr1a
13923,tecpr1b,tecpr1b
13924,tecpr2,tecpr2
13925,tecrb,tecrb
13926,tefa,tefa
13927,tefm,tefm
13928,tegt,tegt
13929,tek,tek
13930,tekt4,tekt4
13931,telo2,telo2
13932,ten1,ten1
13933,tenm3,tenm3
13934,tenm4,tenm4
13935,tep1,tep1
13936,terf1,terf1
13937,terf2ip,terf2ip
13938,terfa,terfa
13939,tert,tert
13940,tes,tes
13941,tesca,tesca
13942,tescb,tescb
13943,tesk2,tesk2
13944,tet1,tet1
13945,tet2,tet2
13946,tet3,tet3
13947,tex10,tex10
13948,tex2,tex2
13949,tex261,tex261
13950,tex264a,tex264a
13951,tex30,tex30
13952,tex36,tex36
13953,tex9,tex9
13954,tfa,tfa
13955,tfam,tfam
13956,tfap2a,tfap2a
13957,tfap2b,tfap2b
13958,tfap2c,tfap2c
13959,tfap2d,tfap2d
13960,tfap2e,tfap2e
13961,tfap4,tfap4
13962,tfb1m,tfb1m
13963,tfb2m,tfb2m
13964,tfcp2,tfcp2
13965,tfcp2l1,tfcp2l1
13966,tfdp1a,tfdp1a
13967,tfdp1b,tfdp1b
13968,tfdp2,tfdp2
13969,tfe3a,tfe3a
13970,tfeb,tfeb
13971,tfec,tfec
13972,tfg,tfg
13973,tfip11,tfip11
13974,tfpia,tfpia
13975,tfpt,tfpt
13976,tfr1b,tfr1b
13977,tg,tg
13978,tgfb1a,tgfb1a
13979,tgfb1b,tgfb1b
13980,tgfb2l,tgfb2l
13981,tgfb3,tgfb3
13982,tgfbi,tgfbi
13983,tgfbr1a,tgfbr1a
13984,tgfbr1b,tgfbr1b
13985,tgfbr2b,tgfbr2b
13986,tgfbrap1,tgfbrap1
13987,tgif1,tgif1
13988,tgm1,tgm1
13989,tgm1l1,tgm1l1
13990,tgm1l2,tgm1l2
13991,tgm1l4,tgm1l4
13992,tgm2a,tgm2a
13993,tgm2b,tgm2b
13994,tgm2l,tgm2l
13995,tgm5l,tgm5l
13996,tgs1,tgs1
13997,th,th
13998,tha1,tha1
13999,thada,thada
14000,thap1,thap1
14001,thap11,thap11
14002,thap12a,thap12a
14003,thap12b,thap12b
14004,thap3,thap3
14005,thap4,thap4
14006,thap7,thap7
14007,thbs1b,thbs1b
14008,thbs2a,thbs2a
14009,thbs3a,thbs3a
14010,thbs3b,thbs3b
14011,thbs4b,thbs4b
14012,theg,theg
14013,them4,them4
14014,themis2,themis2
14015,thg1l,thg1l
14016,thnsl2,thnsl2
14017,thoc1,thoc1
14018,thoc2,thoc2
14019,thoc3,thoc3
14020,thoc5,thoc5
14021,thoc6,thoc6
14022,thoc7,thoc7
14023,thop1,thop1
14024,thraa,thraa
14025,thrap3a,thrap3a
14026,thrap3b,thrap3b
14027,thrb,thrb
14028,thsd7aa,thsd7aa
14029,thsd7ab,thsd7ab
14030,thsd7ba,thsd7ba
14031,thtpa,thtpa
14032,thumpd1,thumpd1
14033,thumpd2,thumpd2
14034,thumpd3,thumpd3
14035,thy1,thy1
14036,thyn1,thyn1
14037,tia1,tia1
14038,tia1l,tia1l
14039,tial1,tial1
14040,tiam1a,tiam1a
14041,tiam1b,tiam1b
14042,tiam2a,tiam2a
14043,ticam1,ticam1
14044,tie1,tie1
14045,tigara,tigara
14046,tigarb,tigarb
14047,timeless,timeless
14048,timm10,timm10
14049,timm10b,timm10b
14050,timm13,timm13
14051,timm17a,timm17a
14052,timm23a,timm23a
14053,timm29,timm29
14054,timm44,timm44
14055,timm50,timm50
14056,timm8a,timm8a
14057,timm8b,timm8b
14058,timm9,timm9
14059,timmdc1,timmdc1
14060,timp2a,timp2a
14061,timp2b,timp2b
14062,timp4.1,timp4.1
14063,timp4.3,timp4.3
14064,tinf2,tinf2
14065,tiparp,tiparp
14066,tipin,tipin
14067,tiprl,tiprl
14068,tjap1,tjap1
14069,tjp1a,tjp1a
14070,tjp1b,tjp1b
14071,tjp2a,tjp2a
14072,tjp2b,tjp2b
14073,tjp3,tjp3
14074,tk1,tk1
14075,tk2,tk2
14076,tkfc,tkfc
14077,tkta,tkta
14078,tktb,tktb
14079,tlcd1,tlcd1
14080,tlcd2,tlcd2
14081,tle2a,tle2a
14082,tle3a,tle3a
14083,tle3b,tle3b
14084,tlk1a,tlk1a
14085,tlk1b,tlk1b
14086,tlk2,tlk2
14087,tll1,tll1
14088,tln1,tln1
14089,tln2a,tln2a
14090,tlnrd1,tlnrd1
14091,tlr1,tlr1
14092,tlr18,tlr18
14093,tlr3,tlr3
14094,tlr4ba,tlr4ba
14095,tlr5b,tlr5b
14096,tlr8a,tlr8a
14097,tlx1,tlx1
14098,tlx2,tlx2
14099,tlx3b,tlx3b
14100,tm2d1,tm2d1
14101,tm2d2,tm2d2
14102,tm2d3,tm2d3
14103,tm6sf2,tm6sf2
14104,tm7sf2,tm7sf2
14105,tm7sf3,tm7sf3
14106,tm9sf1,tm9sf1
14107,tm9sf2,tm9sf2
14108,tm9sf3,tm9sf3
14109,tm9sf4,tm9sf4
14110,tm9sf5,tm9sf5
14111,tma16,tma16
14112,tma7,tma7
14113,tmbim1b,tmbim1b
14114,tmbim4,tmbim4
14115,tmc1,tmc1
14116,tmc6b,tmc6b
14117,tmc8,tmc8
14118,tmcc1b,tmcc1b
14119,tmcc2,tmcc2
14120,tmcc3,tmcc3
14121,tmco1,tmco1
14122,tmco3,tmco3
14123,tmco4,tmco4
14124,tmco6,tmco6
14125,tmed10,tmed10
14126,tmed1a,tmed1a
14127,tmed1b,tmed1b
14128,tmed2,tmed2
14129,tmed3,tmed3
14130,tmed4,tmed4
14131,tmed5,tmed5
14132,tmed7,tmed7
14133,tmed8,tmed8
14134,tmed9,tmed9
14135,tmeff1b,tmeff1b
14136,tmeff2a,tmeff2a
14137,tmeff2b,tmeff2b
14138,tmem101,tmem101
14139,tmem104,tmem104
14140,tmem106a,tmem106a
14141,tmem106ba,tmem106ba
14142,tmem106c,tmem106c
14143,tmem107,tmem107
14144,tmem107l,tmem107l
14145,tmem108,tmem108
14146,tmem11,tmem11
14147,tmem110l,tmem110l
14148,tmem115,tmem115
14149,tmem117,tmem117
14150,tmem119b,tmem119b
14151,tmem120a,tmem120a
14152,tmem120b,tmem120b
14153,tmem123,tmem123
14154,tmem125b,tmem125b
14155,tmem126a,tmem126a
14156,tmem127,tmem127
14157,tmem129,tmem129
14158,tmem130,tmem130
14159,tmem131,tmem131
14160,tmem131l,tmem131l
14161,tmem132e,tmem132e
14162,tmem134,tmem134
14163,tmem135,tmem135
14164,tmem136a,tmem136a
14165,tmem136b,tmem136b
14166,tmem138,tmem138
14167,tmem141,tmem141
14168,tmem144a,tmem144a
14169,tmem145,tmem145
14170,tmem147,tmem147
14171,tmem14ca,tmem14ca
14172,tmem150aa,tmem150aa
14173,tmem150ab,tmem150ab
14174,tmem151ba,tmem151ba
14175,tmem154,tmem154
14176,tmem160,tmem160
14177,tmem161a,tmem161a
14178,tmem161b,tmem161b
14179,tmem165,tmem165
14180,tmem167a,tmem167a
14181,tmem167b,tmem167b
14182,tmem168b,tmem168b
14183,tmem169a,tmem169a
14184,tmem17,tmem17
14185,tmem170a,tmem170a
14186,tmem175,tmem175
14187,tmem176,tmem176
14188,tmem176l.1,tmem176l.1
14189,tmem176l.3a,tmem176l.3a
14190,tmem176l.4,tmem176l.4
14191,tmem177,tmem177
14192,tmem178b,tmem178b
14193,tmem18,tmem18
14194,tmem181,tmem181
14195,tmem182a,tmem182a
14196,tmem183a,tmem183a
14197,tmem184a,tmem184a
14198,tmem184ba,tmem184ba
14199,tmem184c,tmem184c
14200,tmem185,tmem185
14201,tmem186,tmem186
14202,tmem189,tmem189
14203,tmem192,tmem192
14204,tmem198a,tmem198a
14205,tmem198b,tmem198b
14206,tmem199,tmem199
14207,tmem2,tmem2
14208,tmem201,tmem201
14209,tmem203,tmem203
14210,tmem204,tmem204
14211,tmem205,tmem205
14212,tmem206,tmem206
14213,tmem209,tmem209
14214,tmem214,tmem214
14215,tmem218,tmem218
14216,tmem222a,tmem222a
14217,tmem223,tmem223
14218,tmem230a,tmem230a
14219,tmem230b,tmem230b
14220,tmem231,tmem231
14221,tmem234,tmem234
14222,tmem237b,tmem237b
14223,tmem238a,tmem238a
14224,tmem240b,tmem240b
14225,tmem242,tmem242
14226,tmem243a,tmem243a
14227,tmem243b,tmem243b
14228,tmem244,tmem244
14229,tmem245,tmem245
14230,tmem246,tmem246
14231,tmem248,tmem248
14232,tmem251,tmem251
14233,tmem255a,tmem255a
14234,tmem256,tmem256
14235,tmem258,tmem258
14236,tmem259,tmem259
14237,tmem260,tmem260
14238,tmem263,tmem263
14239,tmem265,tmem265
14240,tmem266,tmem266
14241,tmem267,tmem267
14242,tmem30aa,tmem30aa
14243,tmem30ab,tmem30ab
14244,tmem30c,tmem30c
14245,tmem33,tmem33
14246,tmem35,tmem35
14247,tmem38a,tmem38a
14248,tmem39a,tmem39a
14249,tmem39b,tmem39b
14250,tmem41aa,tmem41aa
14251,tmem41b,tmem41b
14252,tmem42a,tmem42a
14253,tmem44,tmem44
14254,tmem45a,tmem45a
14255,tmem45b,tmem45b
14256,tmem47,tmem47
14257,tmem50a,tmem50a
14258,tmem51a,tmem51a
14259,tmem53,tmem53
14260,tmem54a,tmem54a
14261,tmem56a,tmem56a
14262,tmem56b,tmem56b
14263,tmem59,tmem59
14264,tmem59l,tmem59l
14265,tmem60,tmem60
14266,tmem62,tmem62
14267,tmem63a,tmem63a
14268,tmem63ba,tmem63ba
14269,tmem63bb,tmem63bb
14270,tmem64,tmem64
14271,tmem67,tmem67
14272,tmem68,tmem68
14273,tmem69,tmem69
14274,tmem70,tmem70
14275,tmem74b,tmem74b
14276,tmem79a,tmem79a
14277,tmem79b,tmem79b
14278,tmem88a,tmem88a
14279,tmem88b,tmem88b
14280,tmem9,tmem9
14281,tmem94,tmem94
14282,tmem97,tmem97
14283,tmem98,tmem98
14284,tmem9b,tmem9b
14285,tmf1,tmf1
14286,tmie,tmie
14287,tmigd1,tmigd1
14288,tmlhe,tmlhe
14289,tmod2,tmod2
14290,tmod4,tmod4
14291,tmpoa,tmpoa
14292,tmpob,tmpob
14293,tmppe,tmppe
14294,tmprss13a,tmprss13a
14295,tmprss13b,tmprss13b
14296,tmprss15,tmprss15
14297,tmprss4a,tmprss4a
14298,tmprss5,tmprss5
14299,tmsb,tmsb
14300,tmsb1,tmsb1
14301,tmsb2,tmsb2
14302,tmsb4x,tmsb4x
14303,tmtc1,tmtc1
14304,tmtc2a,tmtc2a
14305,tmtc3,tmtc3
14306,tmtc4,tmtc4
14307,tmtops3a,tmtops3a
14308,tmub1,tmub1
14309,tmub2,tmub2
14310,tmx1,tmx1
14311,tmx2a,tmx2a
14312,tmx2b,tmx2b
14313,tmx3a,tmx3a
14314,tmx3b,tmx3b
14315,tmx4,tmx4
14316,tnc,tnc
14317,tnfa,tnfa
14318,tnfaip1,tnfaip1
14319,tnfaip2a,tnfaip2a
14320,tnfaip2b,tnfaip2b
14321,tnfaip6,tnfaip6
14322,tnfaip8l1,tnfaip8l1
14323,tnfaip8l2a,tnfaip8l2a
14324,tnfaip8l2b,tnfaip8l2b
14325,tnfaip8l3,tnfaip8l3
14326,tnfb,tnfb
14327,tnfrsf11a,tnfrsf11a
14328,tnfrsf11b,tnfrsf11b
14329,tnfrsf19,tnfrsf19
14330,tnfrsf1a,tnfrsf1a
14331,tnfrsf1b,tnfrsf1b
14332,tnfrsf21,tnfrsf21
14333,tnfrsf9a,tnfrsf9a
14334,tnfsf10,tnfsf10
14335,tnfsf10l,tnfsf10l
14336,tnfsf10l4,tnfsf10l4
14337,tnfsf12,tnfsf12
14338,tnfsf13b,tnfsf13b
14339,tnfsf18,tnfsf18
14340,tnika,tnika
14341,tnikb,tnikb
14342,tnip1,tnip1
14343,tnip2,tnip2
14344,tnk1,tnk1
14345,tnk2b,tnk2b
14346,tnks1bp1,tnks1bp1
14347,tnksa,tnksa
14348,tnksb,tnksb
14349,tnn,tnn
14350,tnnc1a,tnnc1a
14351,tnnc1b,tnnc1b
14352,tnnc2,tnnc2
14353,tnni1b,tnni1b
14354,tnni1c,tnni1c
14355,tnni2a.4,tnni2a.4
14356,tnni2b.1,tnni2b.1
14357,tnni4b.2,tnni4b.2
14358,tnnt1,tnnt1
14359,tnnt2a,tnnt2a
14360,tnnt2c,tnnt2c
14361,tnnt2d,tnnt2d
14362,tnnt3a,tnnt3a
14363,tnnt3b,tnnt3b
14364,tnpo1,tnpo1
14365,tnpo2,tnpo2
14366,tnpo3,tnpo3
14367,tnr,tnr
14368,tnrc18,tnrc18
14369,tnrc5,tnrc5
14370,tnrc6a,tnrc6a
14371,tnrc6b,tnrc6b
14372,tnrc6c1,tnrc6c1
14373,tnrc6c2,tnrc6c2
14374,tns1a,tns1a
14375,tns1b,tns1b
14376,tns2a,tns2a
14377,tns2b,tns2b
14378,tns3.2,tns3.2
14379,tob1a,tob1a
14380,tob1b,tob1b
14381,toe1,toe1
14382,tollip,tollip
14383,tom1,tom1
14384,tom1l2,tom1l2
14385,tomm20a,tomm20a
14386,tomm20b,tomm20b
14387,tomm22,tomm22
14388,tomm34,tomm34
14389,tomm40,tomm40
14390,tomm40l,tomm40l
14391,tomm5,tomm5
14392,tomm6,tomm6
14393,tomm7,tomm7
14394,tomm70a,tomm70a
14395,tonsl,tonsl
14396,top1,top1
14397,top1l,top1l
14398,top1mt,top1mt
14399,top2a,top2a
14400,top2b,top2b
14401,top3a,top3a
14402,top3b,top3b
14403,topaz1,topaz1
14404,topbp1,topbp1
14405,toporsa,toporsa
14406,toporsb,toporsb
14407,tor1,tor1
14408,tor2a,tor2a
14409,tor3a,tor3a
14410,tor4aa,tor4aa
14411,tox,tox
14412,tox2,tox2
14413,tox3,tox3
14414,tox4a,tox4a
14415,tp53,tp53
14416,tp53bp1,tp53bp1
14417,tp53bp2a,tp53bp2a
14418,tp53bp2b,tp53bp2b
14419,tp53i11a,tp53i11a
14420,tp53i11b,tp53i11b
14421,tp53inp1,tp53inp1
14422,tp53inp2,tp53inp2
14423,tp53rk,tp53rk
14424,tp63,tp63
14425,tpbga,tpbga
14426,tpcn1,tpcn1
14427,tpd52,tpd52
14428,tpd52l1,tpd52l1
14429,tpd52l2a,tpd52l2a
14430,tpd52l2b,tpd52l2b
14431,tpgs2,tpgs2
14432,tph1b,tph1b
14433,tph2,tph2
14434,tpi1a,tpi1a
14435,tpi1b,tpi1b
14436,tpk1,tpk1
14437,tpm2,tpm2
14438,tpm3,tpm3
14439,tpm4a,tpm4a
14440,tpm4b,tpm4b
14441,tpma,tpma
14442,tpmt.1,tpmt.1
14443,tpp1,tpp1
14444,tpp2,tpp2
14445,tppp,tppp
14446,tppp3,tppp3
14447,tpra,tpra
14448,tpra1,tpra1
14449,tprb,tprb
14450,tprg1,tprg1
14451,tprg1l,tprg1l
14452,tprkb,tprkb
14453,tprn,tprn
14454,tpst1,tpst1
14455,tpst1l,tpst1l
14456,tpst2,tpst2
14457,tpt1,tpt1
14458,tpte,tpte
14459,tpx2,tpx2
14460,tra2a,tra2a
14461,tra2b,tra2b
14462,trabd,trabd
14463,trabd2a,trabd2a
14464,trabd2b,trabd2b
14465,tradd,tradd
14466,traf1,traf1
14467,traf2b,traf2b
14468,traf3ip1,traf3ip1
14469,traf3ip2l,traf3ip2l
14470,traf4a,traf4a
14471,traf4b,traf4b
14472,traf6,traf6
14473,traf7,traf7
14474,trafd1,trafd1
14475,traip,traip
14476,trak1a,trak1a
14477,trak2,trak2
14478,tram1,tram1
14479,tram2,tram2
14480,trap1,trap1
14481,trappc1,trappc1
14482,trappc10,trappc10
14483,trappc11,trappc11
14484,trappc12,trappc12
14485,trappc13,trappc13
14486,trappc2,trappc2
14487,trappc2l,trappc2l
14488,trappc3,trappc3
14489,trappc4,trappc4
14490,trappc5,trappc5
14491,trappc6b,trappc6b
14492,trappc6bl,trappc6bl
14493,trappc8,trappc8
14494,trappc9,trappc9
14495,trdmt1,trdmt1
14496,trdn,trdn
14497,trh,trh
14498,triap1,triap1
14499,trib1,trib1
14500,trib2,trib2
14501,trib3,trib3
14502,tril,tril
14503,trim101,trim101
14504,trim105,trim105
14505,trim107,trim107
14506,trim109,trim109
14507,trim13,trim13
14508,trim16,trim16
14509,trim24,trim24
14510,trim25,trim25
14511,trim25l,trim25l
14512,trim2b,trim2b
14513,trim32,trim32
14514,trim33,trim33
14515,trim33l,trim33l
14516,trim35-1,trim35-1
14517,trim35-20,trim35-20
14518,trim35-27,trim35-27
14519,trim35-28,trim35-28
14520,trim35-39,trim35-39
14521,trim35-40,trim35-40
14522,trim35-7,trim35-7
14523,trim35-9,trim35-9
14524,trim36,trim36
14525,trim37,trim37
14526,trim3a,trim3a
14527,trim3b,trim3b
14528,trim44,trim44
14529,trim45,trim45
14530,trim47,trim47
14531,trim55a,trim55a
14532,trim55b,trim55b
14533,trim59,trim59
14534,trim62,trim62
14535,trim63a,trim63a
14536,trim63b,trim63b
14537,trim65,trim65
14538,trim66,trim66
14539,trim71,trim71
14540,trim8a,trim8a
14541,trim8b,trim8b
14542,trim9,trim9
14543,trioa,trioa
14544,triob,triob
14545,triobpa,triobpa
14546,triobpb,triobpb
14547,trip10a,trip10a
14548,trip11,trip11
14549,trip12,trip12
14550,trip13,trip13
14551,trip4,trip4
14552,trip6,trip6
14553,triqk,triqk
14554,trir,trir
14555,trit1,trit1
14556,trmo,trmo
14557,trmt1,trmt1
14558,trmt10a,trmt10a
14559,trmt10b,trmt10b
14560,trmt10c,trmt10c
14561,trmt11,trmt11
14562,trmt112,trmt112
14563,trmt12,trmt12
14564,trmt13,trmt13
14565,trmt1l,trmt1l
14566,trmt2a,trmt2a
14567,trmt2b,trmt2b
14568,trmt44,trmt44
14569,trmt5,trmt5
14570,trmt6,trmt6
14571,trmt61a,trmt61a
14572,trmt61b,trmt61b
14573,trmt9b,trmt9b
14574,trmu,trmu
14575,trnau1apa,trnau1apa
14576,trnau1apb,trnau1apb
14577,trnt1,trnt1
14578,trove2,trove2
14579,trpa1a,trpa1a
14580,trpa1b,trpa1b
14581,trpc4apa,trpc4apa
14582,trpc4apb,trpc4apb
14583,trpc5b,trpc5b
14584,trpm1b,trpm1b
14585,trpm2,trpm2
14586,trpm4a,trpm4a
14587,trpm5,trpm5
14588,trpm6,trpm6
14589,trpm7,trpm7
14590,trps1,trps1
14591,trpt1,trpt1
14592,trpv1,trpv1
14593,trpv6,trpv6
14594,trrap,trrap
14595,trub1,trub1
14596,trub2,trub2
14597,tsc1a,tsc1a
14598,tsc1b,tsc1b
14599,tsc2,tsc2
14600,tsc22d1,tsc22d1
14601,tsc22d2,tsc22d2
14602,tsc22d3,tsc22d3
14603,tsen15,tsen15
14604,tsen2,tsen2
14605,tsen34,tsen34
14606,tsen54,tsen54
14607,tsfm,tsfm
14608,tsg101a,tsg101a
14609,tsg101b,tsg101b
14610,tsga10,tsga10
14611,tshz1,tshz1
14612,tshz2,tshz2
14613,tshz3b,tshz3b
14614,tsku,tsku
14615,tsn,tsn
14616,tsnax,tsnax
14617,tsnaxip1,tsnaxip1
14618,tspan10,tspan10
14619,tspan11,tspan11
14620,tspan12,tspan12
14621,tspan13a,tspan13a
14622,tspan13b,tspan13b
14623,tspan14,tspan14
14624,tspan15,tspan15
14625,tspan17,tspan17
14626,tspan18a,tspan18a
14627,tspan18b,tspan18b
14628,tspan2a,tspan2a
14629,tspan2b,tspan2b
14630,tspan31,tspan31
14631,tspan33a,tspan33a
14632,tspan35,tspan35
14633,tspan36,tspan36
14634,tspan37,tspan37
14635,tspan3a,tspan3a
14636,tspan3b,tspan3b
14637,tspan4a,tspan4a
14638,tspan4b,tspan4b
14639,tspan5a,tspan5a
14640,tspan5b,tspan5b
14641,tspan7,tspan7
14642,tspan7b,tspan7b
14643,tspan9b,tspan9b
14644,tspearb,tspearb
14645,tspo,tspo
14646,tspy,tspy
14647,tsr1,tsr1
14648,tsr2,tsr2
14649,tsr3,tsr3
14650,tssc4,tssc4
14651,tsta3,tsta3
14652,ttbk1a,ttbk1a
14653,ttbk1b,ttbk1b
14654,ttbk2b,ttbk2b
14655,ttc1,ttc1
14656,ttc12,ttc12
14657,ttc13,ttc13
14658,ttc14,ttc14
14659,ttc17,ttc17
14660,ttc19,ttc19
14661,ttc21b,ttc21b
14662,ttc23,ttc23
14663,ttc25,ttc25
14664,ttc26,ttc26
14665,ttc27,ttc27
14666,ttc29,ttc29
14667,ttc3,ttc3
14668,ttc32,ttc32
14669,ttc33,ttc33
14670,ttc37,ttc37
14671,ttc38,ttc38
14672,ttc39a,ttc39a
14673,ttc39c,ttc39c
14674,ttc4,ttc4
14675,ttc5,ttc5
14676,ttc6,ttc6
14677,ttc7a,ttc7a
14678,ttc7b,ttc7b
14679,ttc9b,ttc9b
14680,ttc9c,ttc9c
14681,ttf1,ttf1
14682,ttf2,ttf2
14683,tti1,tti1
14684,tti2,tti2
14685,ttk,ttk
14686,ttll1,ttll1
14687,ttll10,ttll10
14688,ttll11,ttll11
14689,ttll12,ttll12
14690,ttll4,ttll4
14691,ttll5,ttll5
14692,ttll6,ttll6
14693,ttll7,ttll7
14694,ttll9,ttll9
14695,ttn.1,ttn.1
14696,ttn.2,ttn.2
14697,ttpa,ttpa
14698,ttpal,ttpal
14699,ttyh2,ttyh2
14700,ttyh2l,ttyh2l
14701,ttyh3a,ttyh3a
14702,ttyh3b,ttyh3b
14703,tuba1a,tuba1a
14704,tuba1c,tuba1c
14705,tuba2,tuba2
14706,tuba4l,tuba4l
14707,tuba7l,tuba7l
14708,tuba8l,tuba8l
14709,tuba8l2,tuba8l2
14710,tuba8l3,tuba8l3
14711,tuba8l4,tuba8l4
14712,tubb1,tubb1
14713,tubb2,tubb2
14714,tubb2b,tubb2b
14715,tubb4b,tubb4b
14716,tubb5,tubb5
14717,tubb6,tubb6
14718,tubd1,tubd1
14719,tube1,tube1
14720,tubg1,tubg1
14721,tubgcp2,tubgcp2
14722,tubgcp3,tubgcp3
14723,tubgcp4,tubgcp4
14724,tubgcp5,tubgcp5
14725,tufm,tufm
14726,tuft1a,tuft1a
14727,tuft1b,tuft1b
14728,tulp1b,tulp1b
14729,tulp4a,tulp4a
14730,tusc2a,tusc2a
14731,tusc2b,tusc2b
14732,tusc3,tusc3
14733,tut1,tut1
14734,tvp23b,tvp23b
14735,twf1b,twf1b
14736,twf2b,twf2b
14737,twist1a,twist1a
14738,twist1b,twist1b
14739,twist2,twist2
14740,twist3,twist3
14741,twistnb,twistnb
14742,twnk,twnk
14743,twsg1a,twsg1a
14744,txlna,txlna
14745,txlnba,txlnba
14746,txlnbb,txlnbb
14747,txlng,txlng
14748,txn,txn
14749,txn2,txn2
14750,txndc11,txndc11
14751,txndc12,txndc12
14752,txndc16,txndc16
14753,txndc17,txndc17
14754,txndc5,txndc5
14755,txndc9,txndc9
14756,txnipa,txnipa
14757,txnipb,txnipb
14758,txnl1,txnl1
14759,txnl4a,txnl4a
14760,txnl4b,txnl4b
14761,txnrd3,txnrd3
14762,tyk2,tyk2
14763,tyms,tyms
14764,tyr,tyr
14765,tyro3,tyro3
14766,tyrp1a,tyrp1a
14767,tyrp1b,tyrp1b
14768,tysnd1,tysnd1
14769,tyw1,tyw1
14770,tyw3,tyw3
14771,tyw5,tyw5
14772,u2af1,u2af1
14773,u2af2a,u2af2a
14774,u2af2b,u2af2b
14775,u2surp,u2surp
14776,uacaa,uacaa
14777,uacab,uacab
14778,uap1,uap1
14779,uap1l1,uap1l1
14780,uba1,uba1
14781,uba2,uba2
14782,uba3,uba3
14783,uba5,uba5
14784,uba52,uba52
14785,ubac1,ubac1
14786,ubac2,ubac2
14787,ubald1a,ubald1a
14788,ubald1b,ubald1b
14789,ubald2,ubald2
14790,ubap1,ubap1
14791,ubap1la,ubap1la
14792,ubap2a,ubap2a
14793,ubap2b,ubap2b
14794,ubap2l,ubap2l
14795,ubb,ubb
14796,ubc,ubc
14797,ube2a,ube2a
14798,ube2al,ube2al
14799,ube2b,ube2b
14800,ube2c,ube2c
14801,ube2d1a,ube2d1a
14802,ube2d1b,ube2d1b
14803,ube2d2,ube2d2
14804,ube2d2l,ube2d2l
14805,ube2d3,ube2d3
14806,ube2d4,ube2d4
14807,ube2e1,ube2e1
14808,ube2e2,ube2e2
14809,ube2e3,ube2e3
14810,ube2f,ube2f
14811,ube2g1a,ube2g1a
14812,ube2g1b,ube2g1b
14813,ube2g2,ube2g2
14814,ube2h,ube2h
14815,ube2ia,ube2ia
14816,ube2ib,ube2ib
14817,ube2j1,ube2j1
14818,ube2j2,ube2j2
14819,ube2ka,ube2ka
14820,ube2kb,ube2kb
14821,ube2l3a,ube2l3a
14822,ube2l3b,ube2l3b
14823,ube2na,ube2na
14824,ube2nb,ube2nb
14825,ube2q1,ube2q1
14826,ube2q2,ube2q2
14827,ube2ql1,ube2ql1
14828,ube2r2,ube2r2
14829,ube2s,ube2s
14830,ube2t,ube2t
14831,ube2v1,ube2v1
14832,ube2v2,ube2v2
14833,ube2w,ube2w
14834,ube2z,ube2z
14835,ube3a,ube3a
14836,ube3b,ube3b
14837,ube3c,ube3c
14838,ube3d,ube3d
14839,ube4a,ube4a
14840,ube4b,ube4b
14841,ubfd1,ubfd1
14842,ubiad1,ubiad1
14843,ubl3a,ubl3a
14844,ubl3b,ubl3b
14845,ubl7a,ubl7a
14846,ubl7b,ubl7b
14847,ublcp1,ublcp1
14848,ubn2a,ubn2a
14849,ubn2b,ubn2b
14850,ubox5,ubox5
14851,ubp1,ubp1
14852,ubqln4,ubqln4
14853,ubr1,ubr1
14854,ubr2,ubr2
14855,ubr3,ubr3
14856,ubr4,ubr4
14857,ubr5,ubr5
14858,ubr7,ubr7
14859,ubtd1b,ubtd1b
14860,ubtd2,ubtd2
14861,ubtf,ubtf
14862,ubtfl,ubtfl
14863,ubxn1,ubxn1
14864,ubxn10,ubxn10
14865,ubxn4,ubxn4
14866,ubxn6,ubxn6
14867,ubxn7,ubxn7
14868,ubxn8,ubxn8
14869,uchl1,uchl1
14870,uchl3,uchl3
14871,uchl5,uchl5
14872,uck1,uck1
14873,uck2a,uck2a
14874,uck2b,uck2b
14875,uckl1b,uckl1b
14876,ucmab,ucmab
14877,ucp1,ucp1
14878,ucp2,ucp2
14879,uevld,uevld
14880,ufc1,ufc1
14881,ufd1l,ufd1l
14882,ufl1,ufl1
14883,ufm1,ufm1
14884,ufsp1,ufsp1
14885,ufsp2,ufsp2
14886,ugcg,ugcg
14887,ugdh,ugdh
14888,uggt1,uggt1
14889,uggt2,uggt2
14890,ugp2b,ugp2b
14891,ugt1ab,ugt1ab
14892,ugt1b5,ugt1b5
14893,ugt2a4,ugt2a4
14894,ugt2a5,ugt2a5
14895,ugt2a7,ugt2a7
14896,ugt5b1,ugt5b1
14897,ugt5b2,ugt5b2
14898,ugt5c3,ugt5c3
14899,ugt8,ugt8
14900,uhmk1,uhmk1
14901,uhrf1,uhrf1
14902,uhrf1bp1,uhrf1bp1
14903,uhrf1bp1l,uhrf1bp1l
14904,ulk1a,ulk1a
14905,ulk1b,ulk1b
14906,ulk2,ulk2
14907,ulk4,ulk4
14908,umad1,umad1
14909,umps,umps
14910,unc119.1,unc119.1
14911,unc119a,unc119a
14912,unc119b,unc119b
14913,unc13d,unc13d
14914,unc45a,unc45a
14915,unc45b,unc45b
14916,unc50,unc50
14917,unc5a,unc5a
14918,unc5b,unc5b
14919,unc5c,unc5c
14920,unc80,unc80
14921,unc93b1,unc93b1
14922,uncx,uncx
14923,uncx4.1,uncx4.1
14924,unga,unga
14925,unk,unk
14926,unkl,unkl
14927,unm-hu7910,unm-hu7910
14928,unm-hu7912,unm-hu7912
14929,unm-sa1614,unm-sa1614
14930,unm-sa911,unm-sa911
14931,uox,uox
14932,upb1,upb1
14933,upf1,upf1
14934,upf3a,upf3a
14935,upf3b,upf3b
14936,uprt,uprt
14937,uqcc1,uqcc1
14938,uqcc2,uqcc2
14939,uqcc3,uqcc3
14940,uqcr10,uqcr10
14941,uqcrb,uqcrb
14942,uqcrc1,uqcrc1
14943,uqcrc2a,uqcrc2a
14944,uqcrc2b,uqcrc2b
14945,uqcrfs1,uqcrfs1
14946,uqcrh,uqcrh
14947,uqcrq,uqcrq
14948,uraha,uraha
14949,urb1,urb1
14950,urb2,urb2
14951,uri1,uri1
14952,urm1,urm1
14953,urod,urod
14954,uros,uros
14955,urp2,urp2
14956,usb1,usb1
14957,use1,use1
14958,usf1,usf1
14959,usf1l,usf1l
14960,usf2,usf2
14961,usf3,usf3
14962,ush1c,ush1c
14963,ush1ga,ush1ga
14964,ush2a,ush2a
14965,ushbp1,ushbp1
14966,uso1,uso1
14967,usp1,usp1
14968,usp10,usp10
14969,usp11,usp11
14970,usp12a,usp12a
14971,usp12b,usp12b
14972,usp13,usp13
14973,usp14,usp14
14974,usp16,usp16
14975,usp18,usp18
14976,usp19,usp19
14977,usp20,usp20
14978,usp22,usp22
14979,usp24,usp24
14980,usp25,usp25
14981,usp28,usp28
14982,usp2a,usp2a
14983,usp3,usp3
14984,usp31,usp31
14985,usp32,usp32
14986,usp33,usp33
14987,usp36,usp36
14988,usp37,usp37
14989,usp38,usp38
14990,usp39,usp39
14991,usp4,usp4
14992,usp40,usp40
14993,usp42,usp42
14994,usp43b,usp43b
14995,usp44,usp44
14996,usp45,usp45
14997,usp46,usp46
14998,usp47,usp47
14999,usp48,usp48
15000,usp49,usp49
15001,usp5,usp5
15002,usp53b,usp53b
15003,usp54a,usp54a
15004,usp6nl,usp6nl
15005,usp7,usp7
15006,usp8,usp8
15007,usp9,usp9
15008,uspl1,uspl1
15009,ust,ust
15010,utp11l,utp11l
15011,utp15,utp15
15012,utp18,utp18
15013,utp20,utp20
15014,utp23,utp23
15015,utp3,utp3
15016,utp4,utp4
15017,utp6,utp6
15018,utrn,utrn
15019,uts1,uts1
15020,uvrag,uvrag
15021,uvssa,uvssa
15022,uxs1,uxs1
15023,uxt,uxt
15024,vac14,vac14
15025,vamp1,vamp1
15026,vamp2,vamp2
15027,vamp3,vamp3
15028,vamp4,vamp4
15029,vamp5,vamp5
15030,vamp8,vamp8
15031,vangl2,vangl2
15032,vapal,vapal
15033,vapb,vapb
15034,vars,vars
15035,vars2,vars2
15036,vash2,vash2
15037,vasna,vasna
15038,vasnb,vasnb
15039,vaspa,vaspa
15040,vaspb,vaspb
15041,vat1,vat1
15042,vat1l,vat1l
15043,vav2,vav2
15044,vax1,vax1
15045,vax2,vax2
15046,vbp1,vbp1
15047,vcam1b,vcam1b
15048,vcana,vcana
15049,vcanb,vcanb
15050,vcp,vcp
15051,vcpkmt,vcpkmt
15052,vdac1,vdac1
15053,vdac2,vdac2
15054,vdac3,vdac3
15055,vdrb,vdrb
15056,ved,ved
15057,vegfaa,vegfaa
15058,vegfab,vegfab
15059,vegfc,vegfc
15060,vegfd,vegfd
15061,vent,vent
15062,vezf1a,vezf1a
15063,vezf1b,vezf1b
15064,vgf,vgf
15065,vgll2b,vgll2b
15066,vgll4a,vgll4a
15067,vgll4b,vgll4b
15068,vgll4l,vgll4l
15069,vhl,vhl
15070,vil1,vil1
15071,vim,vim
15072,vimr1,vimr1
15073,vimr2,vimr2
15074,vipas39,vipas39
15075,virma,virma
15076,vkorc1l1,vkorc1l1
15077,vldlr,vldlr
15078,vma21,vma21
15079,vmp1,vmp1
15080,vox,vox
15081,vps11,vps11
15082,vps13a,vps13a
15083,vps13c,vps13c
15084,vps13d,vps13d
15085,vps16,vps16
15086,vps18,vps18
15087,vps25,vps25
15088,vps26a,vps26a
15089,vps26b,vps26b
15090,vps26bl,vps26bl
15091,vps26c,vps26c
15092,vps28,vps28
15093,vps29,vps29
15094,vps33a,vps33a
15095,vps33b,vps33b
15096,vps35,vps35
15097,vps35l,vps35l
15098,vps36,vps36
15099,vps37a,vps37a
15100,vps37b,vps37b
15101,vps37c,vps37c
15102,vps39,vps39
15103,vps41,vps41
15104,vps45,vps45
15105,vps4a,vps4a
15106,vps4b,vps4b
15107,vps50,vps50
15108,vps51,vps51
15109,vps52,vps52
15110,vps53,vps53
15111,vps54,vps54
15112,vps72,vps72
15113,vps8,vps8
15114,vps9d1,vps9d1
15115,vrk1,vrk1
15116,vrk2,vrk2
15117,vrk3,vrk3
15118,vrtn,vrtn
15119,vsig10,vsig10
15120,vsig8a,vsig8a
15121,vsig8b,vsig8b
15122,vsir,vsir
15123,vsnl1a,vsnl1a
15124,vstm4a,vstm4a
15125,vstm4b,vstm4b
15126,vsx1,vsx1
15127,vsx2,vsx2
15128,vta1,vta1
15129,vtcn1,vtcn1
15130,vti1a,vti1a
15131,vti1b,vti1b
15132,vtna,vtna
15133,vwa1,vwa1
15134,vwa10.1,vwa10.1
15135,vwa8,vwa8
15136,vwde,vwde
15137,waca,waca
15138,wapla,wapla
15139,waplb,waplb
15140,wars,wars
15141,wars2,wars2
15142,wasa,wasa
15143,wasb,wasb
15144,wasf1,wasf1
15145,wasf2,wasf2
15146,wasf3b,wasf3b
15147,wash1,wash1
15148,washc2c,washc2c
15149,washc3,washc3
15150,washc4,washc4
15151,washc5,washc5
15152,wasla,wasla
15153,waslb,waslb
15154,wbp1,wbp1
15155,wbp11,wbp11
15156,wbp2,wbp2
15157,wbp2nl,wbp2nl
15158,wbp4,wbp4
15159,wdcp,wdcp
15160,wdfy1,wdfy1
15161,wdfy2,wdfy2
15162,wdfy3,wdfy3
15163,wdhd1,wdhd1
15164,wdpcp,wdpcp
15165,wdr11,wdr11
15166,wdr12,wdr12
15167,wdr13,wdr13
15168,wdr18,wdr18
15169,wdr19,wdr19
15170,wdr24,wdr24
15171,wdr26a,wdr26a
15172,wdr26b,wdr26b
15173,wdr3,wdr3
15174,wdr32,wdr32
15175,wdr33,wdr33
15176,wdr34,wdr34
15177,wdr35,wdr35
15178,wdr36,wdr36
15179,wdr37,wdr37
15180,wdr4,wdr4
15181,wdr41,wdr41
15182,wdr43,wdr43
15183,wdr44,wdr44
15184,wdr45,wdr45
15185,wdr45b,wdr45b
15186,wdr46,wdr46
15187,wdr47b,wdr47b
15188,wdr48a,wdr48a
15189,wdr48b,wdr48b
15190,wdr5,wdr5
15191,wdr53,wdr53
15192,wdr54,wdr54
15193,wdr55,wdr55
15194,wdr59,wdr59
15195,wdr6,wdr6
15196,wdr60,wdr60
15197,wdr61,wdr61
15198,wdr62,wdr62
15199,wdr66,wdr66
15200,wdr73,wdr73
15201,wdr74,wdr74
15202,wdr75,wdr75
15203,wdr76,wdr76
15204,wdr78,wdr78
15205,wdr81,wdr81
15206,wdr82,wdr82
15207,wdr83,wdr83
15208,wdr83os,wdr83os
15209,wdr89,wdr89
15210,wdr90,wdr90
15211,wdr91,wdr91
15212,wdr92,wdr92
15213,wdr93,wdr93
15214,wdtc1,wdtc1
15215,wdyhv1,wdyhv1
15216,wee1,wee1
15217,wee2,wee2
15218,wfdc1,wfdc1
15219,wfikkn1,wfikkn1
15220,wfs1b,wfs1b
15221,wif1,wif1
15222,wipf1a,wipf1a
15223,wipf1b,wipf1b
15224,wipf2a,wipf2a
15225,wipf2b,wipf2b
15226,wipi1,wipi1
15227,wipi2,wipi2
15228,wisp3,wisp3
15229,wls,wls
15230,wnk1a,wnk1a
15231,wnk1b,wnk1b
15232,wnk2,wnk2
15233,wnk4b,wnk4b
15234,wnt10a,wnt10a
15235,wnt11,wnt11
15236,wnt11r,wnt11r
15237,wnt16,wnt16
15238,wnt2,wnt2
15239,wnt2bb,wnt2bb
15240,wnt4a,wnt4a
15241,wnt5a,wnt5a
15242,wnt5b,wnt5b
15243,wnt6b,wnt6b
15244,wnt7aa,wnt7aa
15245,wnt7bb,wnt7bb
15246,wnt8b,wnt8b
15247,wnt9a,wnt9a
15248,wrap53,wrap53
15249,wrap73,wrap73
15250,wrb,wrb
15251,wrn,wrn
15252,wrnip1,wrnip1
15253,wsb1,wsb1
15254,wsb2,wsb2
15255,wscd1b,wscd1b
15256,wt1a,wt1a
15257,wtap,wtap
15258,wtip,wtip
15259,wu:fa19b12,wufa19b12
15260,wu:fb18f06,wufb18f06
15261,wu:fb44b02,wufb44b02
15262,wu:fb59d01,wufb59d01
15263,wu:fb72h05,wufb72h05
15264,wu:fc21g02,wufc21g02
15265,wu:fc23c09,wufc23c09
15266,wu:fc30c06,wufc30c06
15267,wu:fc75a09,wufc75a09
15268,wu:fe05a04,wufe05a04
15269,wu:fi04e12,wufi04e12
15270,wu:fi42e03,wufi42e03
15271,wu:fj05g07,wufj05g07
15272,wu:fj16a03,wufj16a03
15273,wu:fj29h11,wufj29h11
15274,wu:fj64h06,wufj64h06
15275,wu:fu71h07,wufu71h07
15276,wwc1,wwc1
15277,wwc3,wwc3
15278,wwp1,wwp1
15279,wwp2,wwp2
15280,wwtr1,wwtr1
15281,xab2,xab2
15282,xbp1,xbp1
15283,xdh,xdh
15284,xiap,xiap
15285,xirp1,xirp1
15286,xirp2a,xirp2a
15287,xkr5b,xkr5b
15288,xkr6b,xkr6b
15289,xkr8.2,xkr8.2
15290,xkr8.3,xkr8.3
15291,xkr9,xkr9
15292,xkrx,xkrx
15293,xpa,xpa
15294,xpc,xpc
15295,xpnpep1,xpnpep1
15296,xpnpep2,xpnpep2
15297,xpnpep3,xpnpep3
15298,xpo1a,xpo1a
15299,xpo1b,xpo1b
15300,xpo4,xpo4
15301,xpo6,xpo6
15302,xpo7,xpo7
15303,xpot,xpot
15304,xpr1b,xpr1b
15305,xrcc1,xrcc1
15306,xrcc3,xrcc3
15307,xrcc4,xrcc4
15308,xrcc5,xrcc5
15309,xrcc6,xrcc6
15310,xrn1,xrn1
15311,xrn2,xrn2
15312,xrra1,xrra1
15313,xylt1,xylt1
15314,yaf2,yaf2
15315,yap1,yap1
15316,yars,yars
15317,yars2,yars2
15318,ybey,ybey
15319,ybx1,ybx1
15320,yeats2,yeats2
15321,yeats4,yeats4
15322,yif1a,yif1a
15323,yif1b,yif1b
15324,yipf1,yipf1
15325,yipf2,yipf2
15326,yipf3,yipf3
15327,yipf4,yipf4
15328,yipf5,yipf5
15329,yipf6,yipf6
15330,ykt6,ykt6
15331,ylpm1,ylpm1
15332,yme1l1a,yme1l1a
15333,yme1l1b,yme1l1b
15334,yod1,yod1
15335,ypel3,ypel3
15336,ypel5,ypel5
15337,yrdc,yrdc
15338,yrk,yrk
15339,ythdc1,ythdc1
15340,ythdf1,ythdf1
15341,ythdf2,ythdf2
15342,ythdf3,ythdf3
15343,ywhaba,ywhaba
15344,ywhabb,ywhabb
15345,ywhabl,ywhabl
15346,ywhae1,ywhae1
15347,ywhae2,ywhae2
15348,ywhag1,ywhag1
15349,ywhag2,ywhag2
15350,ywhah,ywhah
15351,ywhaqa,ywhaqa
15352,ywhaqb,ywhaqb
15353,ywhaz,ywhaz
15354,yy1a,yy1a
15355,yy1b,yy1b
15356,zak,zak
15357,zar1,zar1
15358,zbed4,zbed4
15359,zbtb1,zbtb1
15360,zbtb10,zbtb10
15361,zbtb11,zbtb11
15362,zbtb12.2,zbtb12.2
15363,zbtb14,zbtb14
15364,zbtb16a,zbtb16a
15365,zbtb16b,zbtb16b
15366,zbtb17,zbtb17
15367,zbtb18,zbtb18
15368,zbtb20,zbtb20
15369,zbtb22b,zbtb22b
15370,zbtb24,zbtb24
15371,zbtb2a,zbtb2a
15372,zbtb2b,zbtb2b
15373,zbtb3,zbtb3
15374,zbtb33,zbtb33
15375,zbtb37,zbtb37
15376,zbtb39,zbtb39
15377,zbtb4,zbtb4
15378,zbtb40,zbtb40
15379,zbtb41,zbtb41
15380,zbtb48,zbtb48
15381,zbtb49,zbtb49
15382,zbtb7a,zbtb7a
15383,zbtb7b,zbtb7b
15384,zbtb8a,zbtb8a
15385,zbtb8b,zbtb8b
15386,zbtb8os,zbtb8os
15387,zc2hc1a,zc2hc1a
15388,zc2hc1c,zc2hc1c
15389,zc3h10,zc3h10
15390,zc3h11a,zc3h11a
15391,zc3h12b,zc3h12b
15392,zc3h13,zc3h13
15393,zc3h14,zc3h14
15394,zc3h15,zc3h15
15395,zc3h18,zc3h18
15396,zc3h3,zc3h3
15397,zc3h4,zc3h4
15398,zc3h6,zc3h6
15399,zc3h7a,zc3h7a
15400,zc3h7b,zc3h7b
15401,zc3hc1,zc3hc1
15402,zc4h2,zc4h2
15403,zcchc10,zcchc10
15404,zcchc11,zcchc11
15405,zcchc14,zcchc14
15406,zcchc17,zcchc17
15407,zcchc2,zcchc2
15408,zcchc24,zcchc24
15409,zcchc4,zcchc4
15410,zcchc7,zcchc7
15411,zcchc8,zcchc8
15412,zcchc9,zcchc9
15413,zcrb1,zcrb1
15414,zdhhc1,zdhhc1
15415,zdhhc12a,zdhhc12a
15416,zdhhc13,zdhhc13
15417,zdhhc14,zdhhc14
15418,zdhhc15a,zdhhc15a
15419,zdhhc15b,zdhhc15b
15420,zdhhc16a,zdhhc16a
15421,zdhhc16b,zdhhc16b
15422,zdhhc18a,zdhhc18a
15423,zdhhc18b,zdhhc18b
15424,zdhhc2,zdhhc2
15425,zdhhc20a,zdhhc20a
15426,zdhhc20b,zdhhc20b
15427,zdhhc21,zdhhc21
15428,zdhhc23b,zdhhc23b
15429,zdhhc24,zdhhc24
15430,zdhhc3a,zdhhc3a
15431,zdhhc3b,zdhhc3b
15432,zdhhc4,zdhhc4
15433,zdhhc5a,zdhhc5a
15434,zdhhc5b,zdhhc5b
15435,zdhhc6,zdhhc6
15436,zdhhc7,zdhhc7
15437,zdhhc8b,zdhhc8b
15438,zdhhc9,zdhhc9
15439,zeb1a,zeb1a
15440,zeb1b,zeb1b
15441,zeb2a,zeb2a
15442,zeb2b,zeb2b
15443,zer1,zer1
15444,zfand1,zfand1
15445,zfand2a,zfand2a
15446,zfand3,zfand3
15447,zfand4,zfand4
15448,zfand5a,zfand5a
15449,zfand5b,zfand5b
15450,zfand6,zfand6
15451,zfat,zfat
15452,zfhx3,zfhx3
15453,zfhx4,zfhx4
15454,zfp36l1a,zfp36l1a
15455,zfp36l1b,zfp36l1b
15456,zfp36l2,zfp36l2
15457,zfp64,zfp64
15458,zfpl1,zfpl1
15459,zfpm1,zfpm1
15460,zfpm2a,zfpm2a
15461,zfpm2b,zfpm2b
15462,zfr,zfr
15463,zfr2,zfr2
15464,zfx,zfx
15465,zfyve16,zfyve16
15466,zfyve19,zfyve19
15467,zfyve21,zfyve21
15468,zfyve26,zfyve26
15469,zfyve27,zfyve27
15470,zfyve28,zfyve28
15471,zfyve9a,zfyve9a
15472,zgc:100829,zgc100829
15473,zgc:100832,zgc100832
15474,zgc:100846,zgc100846
15475,zgc:100868,zgc100868
15476,zgc:100906,zgc100906
15477,zgc:100911,zgc100911
15478,zgc:100918,zgc100918
15479,zgc:100920,zgc100920
15480,zgc:101016,zgc101016
15481,zgc:101100,zgc101100
15482,zgc:101130,zgc101130
15483,zgc:101559,zgc101559
15484,zgc:101562,zgc101562
15485,zgc:101566,zgc101566
15486,zgc:101569,zgc101569
15487,zgc:101577,zgc101577
15488,zgc:101583,zgc101583
15489,zgc:101640,zgc101640
15490,zgc:101663,zgc101663
15491,zgc:101664,zgc101664
15492,zgc:101679,zgc101679
15493,zgc:101715,zgc101715
15494,zgc:101716,zgc101716
15495,zgc:101723,zgc101723
15496,zgc:101731,zgc101731
15497,zgc:101744,zgc101744
15498,zgc:101765,zgc101765
15499,zgc:101783,zgc101783
15500,zgc:101785,zgc101785
15501,zgc:101810,zgc101810
15502,zgc:101840,zgc101840
15503,zgc:101851,zgc101851
15504,zgc:101853,zgc101853
15505,zgc:101858,zgc101858
15506,zgc:103438,zgc103438
15507,zgc:103482,zgc103482
15508,zgc:103499,zgc103499
15509,zgc:103508,zgc103508
15510,zgc:103564,zgc103564
15511,zgc:103586,zgc103586
15512,zgc:103678,zgc103678
15513,zgc:103681,zgc103681
15514,zgc:103692,zgc103692
15515,zgc:103697,zgc103697
15516,zgc:109744,zgc109744
15517,zgc:109889,zgc109889
15518,zgc:109934,zgc109934
15519,zgc:109949,zgc109949
15520,zgc:109986,zgc109986
15521,zgc:110006,zgc110006
15522,zgc:110045,zgc110045
15523,zgc:110063,zgc110063
15524,zgc:110130,zgc110130
15525,zgc:110158,zgc110158
15526,zgc:110182,zgc110182
15527,zgc:110183,zgc110183
15528,zgc:110216,zgc110216
15529,zgc:110224,zgc110224
15530,zgc:110239,zgc110239
15531,zgc:110249,zgc110249
15532,zgc:110269,zgc110269
15533,zgc:110319,zgc110319
15534,zgc:110329,zgc110329
15535,zgc:110339,zgc110339
15536,zgc:110353,zgc110353
15537,zgc:110366,zgc110366
15538,zgc:110425,zgc110425
15539,zgc:110540,zgc110540
15540,zgc:110591,zgc110591
15541,zgc:110626,zgc110626
15542,zgc:110712,zgc110712
15543,zgc:110782,zgc110782
15544,zgc:110783,zgc110783
15545,zgc:110788,zgc110788
15546,zgc:110789,zgc110789
15547,zgc:110796,zgc110796
15548,zgc:110821,zgc110821
15549,zgc:110843,zgc110843
15550,zgc:111868,zgc111868
15551,zgc:111983,zgc111983
15552,zgc:111986,zgc111986
15553,zgc:112023,zgc112023
15554,zgc:112038,zgc112038
15555,zgc:112052,zgc112052
15556,zgc:112056,zgc112056
15557,zgc:112083,zgc112083
15558,zgc:112146,zgc112146
15559,zgc:112148,zgc112148
15560,zgc:112163,zgc112163
15561,zgc:112175,zgc112175
15562,zgc:112185,zgc112185
15563,zgc:112234,zgc112234
15564,zgc:112255,zgc112255
15565,zgc:112271,zgc112271
15566,zgc:112285,zgc112285
15567,zgc:112332,zgc112332
15568,zgc:112334,zgc112334
15569,zgc:112356,zgc112356
15570,zgc:112392,zgc112392
15571,zgc:112433,zgc112433
15572,zgc:112496,zgc112496
15573,zgc:112962,zgc112962
15574,zgc:112964,zgc112964
15575,zgc:112966,zgc112966
15576,zgc:112970,zgc112970
15577,zgc:112980,zgc112980
15578,zgc:112982,zgc112982
15579,zgc:112994,zgc112994
15580,zgc:113019,zgc113019
15581,zgc:113030,zgc113030
15582,zgc:113054,zgc113054
15583,zgc:113090,zgc113090
15584,zgc:113102,zgc113102
15585,zgc:113119,zgc113119
15586,zgc:113149,zgc113149
15587,zgc:113162,zgc113162
15588,zgc:113176,zgc113176
15589,zgc:113184,zgc113184
15590,zgc:113208,zgc113208
15591,zgc:113209,zgc113209
15592,zgc:113210,zgc113210
15593,zgc:113220,zgc113220
15594,zgc:113223,zgc113223
15595,zgc:113227,zgc113227
15596,zgc:113229,zgc113229
15597,zgc:113232,zgc113232
15598,zgc:113263,zgc113263
15599,zgc:113294,zgc113294
15600,zgc:113295,zgc113295
15601,zgc:113298,zgc113298
15602,zgc:113307,zgc113307
15603,zgc:113314,zgc113314
15604,zgc:113333,zgc113333
15605,zgc:113336,zgc113336
15606,zgc:113337,zgc113337
15607,zgc:113340,zgc113340
15608,zgc:113343,zgc113343
15609,zgc:113348,zgc113348
15610,zgc:113363,zgc113363
15611,zgc:113372,zgc113372
15612,zgc:113411,zgc113411
15613,zgc:113423,zgc113423
15614,zgc:113425,zgc113425
15615,zgc:113426,zgc113426
15616,zgc:113436,zgc113436
15617,zgc:113442,zgc113442
15618,zgc:113443,zgc113443
15619,zgc:113452,zgc113452
15620,zgc:113518,zgc113518
15621,zgc:113691,zgc113691
15622,zgc:113921,zgc113921
15623,zgc:113983,zgc113983
15624,zgc:114041,zgc114041
15625,zgc:114045,zgc114045
15626,zgc:114046,zgc114046
15627,zgc:114081,zgc114081
15628,zgc:114104,zgc114104
15629,zgc:114119,zgc114119
15630,zgc:114120,zgc114120
15631,zgc:114123,zgc114123
15632,zgc:114130,zgc114130
15633,zgc:114174,zgc114174
15634,zgc:114181,zgc114181
15635,zgc:114188,zgc114188
15636,zgc:114200,zgc114200
15637,zgc:122979,zgc122979
15638,zgc:123010,zgc123010
15639,zgc:123068,zgc123068
15640,zgc:123105,zgc123105
15641,zgc:123295,zgc123295
15642,zgc:123305,zgc123305
15643,zgc:136439,zgc136439
15644,zgc:136472,zgc136472
15645,zgc:136493,zgc136493
15646,zgc:136564,zgc136564
15647,zgc:136858,zgc136858
15648,zgc:136870,zgc136870
15649,zgc:136908,zgc136908
15650,zgc:136929,zgc136929
15651,zgc:136971,zgc136971
15652,zgc:152670,zgc152670
15653,zgc:152774,zgc152774
15654,zgc:152830,zgc152830
15655,zgc:152863,zgc152863
15656,zgc:152891,zgc152891
15657,zgc:152938,zgc152938
15658,zgc:152948,zgc152948
15659,zgc:152951,zgc152951
15660,zgc:152968,zgc152968
15661,zgc:153012,zgc153012
15662,zgc:153018,zgc153018
15663,zgc:153039,zgc153039
15664,zgc:153044,zgc153044
15665,zgc:153115,zgc153115
15666,zgc:153116,zgc153116
15667,zgc:153146,zgc153146
15668,zgc:153151,zgc153151
15669,zgc:153169,zgc153169
15670,zgc:153184,zgc153184
15671,zgc:153215,zgc153215
15672,zgc:153219,zgc153219
15673,zgc:153240,zgc153240
15674,zgc:153247,zgc153247
15675,zgc:153284,zgc153284
15676,zgc:153292,zgc153292
15677,zgc:153293,zgc153293
15678,zgc:153345,zgc153345
15679,zgc:153352,zgc153352
15680,zgc:153372,zgc153372
15681,zgc:153383,zgc153383
15682,zgc:153395,zgc153395
15683,zgc:153405,zgc153405
15684,zgc:153426,zgc153426
15685,zgc:153499,zgc153499
15686,zgc:153521,zgc153521
15687,zgc:153595,zgc153595
15688,zgc:153631,zgc153631
15689,zgc:153665,zgc153665
15690,zgc:153675,zgc153675
15691,zgc:153733,zgc153733
15692,zgc:153738,zgc153738
15693,zgc:153759,zgc153759
15694,zgc:153867,zgc153867
15695,zgc:153896,zgc153896
15696,zgc:153901,zgc153901
15697,zgc:153911,zgc153911
15698,zgc:153929,zgc153929
15699,zgc:153935,zgc153935
15700,zgc:153953,zgc153953
15701,zgc:153981,zgc153981
15702,zgc:153990,zgc153990
15703,zgc:153993,zgc153993
15704,zgc:154006,zgc154006
15705,zgc:154046,zgc154046
15706,zgc:154054,zgc154054
15707,zgc:154055,zgc154055
15708,zgc:154058,zgc154058
15709,zgc:154061,zgc154061
15710,zgc:154075,zgc154075
15711,zgc:154077,zgc154077
15712,zgc:154093,zgc154093
15713,zgc:158225,zgc158225
15714,zgc:158254,zgc158254
15715,zgc:158257,zgc158257
15716,zgc:158263,zgc158263
15717,zgc:158291,zgc158291
15718,zgc:158296,zgc158296
15719,zgc:158320,zgc158320
15720,zgc:158328,zgc158328
15721,zgc:158343,zgc158343
15722,zgc:158366,zgc158366
15723,zgc:158398,zgc158398
15724,zgc:158403,zgc158403
15725,zgc:158423,zgc158423
15726,zgc:158464,zgc158464
15727,zgc:158482,zgc158482
15728,zgc:158564,zgc158564
15729,zgc:158619,zgc158619
15730,zgc:158640,zgc158640
15731,zgc:158654,zgc158654
15732,zgc:158689,zgc158689
15733,zgc:158785,zgc158785
15734,zgc:158846,zgc158846
15735,zgc:158852,zgc158852
15736,zgc:158868,zgc158868
15737,zgc:161969,zgc161969
15738,zgc:161973,zgc161973
15739,zgc:162025,zgc162025
15740,zgc:162144,zgc162144
15741,zgc:162182,zgc162182
15742,zgc:162198,zgc162198
15743,zgc:162200,zgc162200
15744,zgc:162255,zgc162255
15745,zgc:162344,zgc162344
15746,zgc:162396,zgc162396
15747,zgc:162472,zgc162472
15748,zgc:162509,zgc162509
15749,zgc:162611,zgc162611
15750,zgc:162612,zgc162612
15751,zgc:162613,zgc162613
15752,zgc:162698,zgc162698
15753,zgc:162707,zgc162707
15754,zgc:162730,zgc162730
15755,zgc:162780,zgc162780
15756,zgc:162816,zgc162816
15757,zgc:162879,zgc162879
15758,zgc:162898,zgc162898
15759,zgc:162928,zgc162928
15760,zgc:162936,zgc162936
15761,zgc:162939,zgc162939
15762,zgc:162944,zgc162944
15763,zgc:162945,zgc162945
15764,zgc:162948,zgc162948
15765,zgc:162958,zgc162958
15766,zgc:162962,zgc162962
15767,zgc:162964,zgc162964
15768,zgc:162972,zgc162972
15769,zgc:162989,zgc162989
15770,zgc:163030,zgc163030
15771,zgc:163057,zgc163057
15772,zgc:163061,zgc163061
15773,zgc:163073,zgc163073
15774,zgc:163077,zgc163077
15775,zgc:163098,zgc163098
15776,zgc:163121,zgc163121
15777,zgc:163143,zgc163143
15778,zgc:165409,zgc165409
15779,zgc:165461,zgc165461
15780,zgc:165515,zgc165515
15781,zgc:165532,zgc165532
15782,zgc:165539,zgc165539
15783,zgc:165555,zgc165555
15784,zgc:165573,zgc165573
15785,zgc:171220,zgc171220
15786,zgc:171242,zgc171242
15787,zgc:171422,zgc171422
15788,zgc:171452,zgc171452
15789,zgc:171459,zgc171459
15790,zgc:171480,zgc171480
15791,zgc:171490,zgc171490
15792,zgc:171497,zgc171497
15793,zgc:171551,zgc171551
15794,zgc:171558,zgc171558
15795,zgc:171566,zgc171566
15796,zgc:171579,zgc171579
15797,zgc:171592,zgc171592
15798,zgc:171599,zgc171599
15799,zgc:171673,zgc171673
15800,zgc:171686,zgc171686
15801,zgc:171687,zgc171687
15802,zgc:171704,zgc171704
15803,zgc:171740,zgc171740
15804,zgc:171759,zgc171759
15805,zgc:171772,zgc171772
15806,zgc:171775,zgc171775
15807,zgc:171776,zgc171776
15808,zgc:171779,zgc171779
15809,zgc:171844,zgc171844
15810,zgc:171901,zgc171901
15811,zgc:171967,zgc171967
15812,zgc:171971,zgc171971
15813,zgc:172014,zgc172014
15814,zgc:172079,zgc172079
15815,zgc:172106,zgc172106
15816,zgc:172120,zgc172120
15817,zgc:172121,zgc172121
15818,zgc:172136,zgc172136
15819,zgc:172182,zgc172182
15820,zgc:172341,zgc172341
15821,zgc:173544,zgc173544
15822,zgc:173548,zgc173548
15823,zgc:173577,zgc173577
15824,zgc:173585,zgc173585
15825,zgc:173587,zgc173587
15826,zgc:173593,zgc173593
15827,zgc:173624,zgc173624
15828,zgc:173702,zgc173702
15829,zgc:173714,zgc173714
15830,zgc:173726,zgc173726
15831,zgc:173742,zgc173742
15832,zgc:173770,zgc173770
15833,zgc:173915,zgc173915
15834,zgc:174153,zgc174153
15835,zgc:174154,zgc174154
15836,zgc:174164,zgc174164
15837,zgc:174263,zgc174263
15838,zgc:174275,zgc174275
15839,zgc:174310,zgc174310
15840,zgc:174315,zgc174315
15841,zgc:174564,zgc174564
15842,zgc:174573,zgc174573
15843,zgc:174574,zgc174574
15844,zgc:174653,zgc174653
15845,zgc:174680,zgc174680
15846,zgc:174696,zgc174696
15847,zgc:174704,zgc174704
15848,zgc:174855,zgc174855
15849,zgc:174862,zgc174862
15850,zgc:174863,zgc174863
15851,zgc:174877,zgc174877
15852,zgc:174888,zgc174888
15853,zgc:174895,zgc174895
15854,zgc:174904,zgc174904
15855,zgc:174906,zgc174906
15856,zgc:174917,zgc174917
15857,zgc:174935,zgc174935
15858,zgc:174938,zgc174938
15859,zgc:174945,zgc174945
15860,zgc:174972,zgc174972
15861,zgc:175066,zgc175066
15862,zgc:175088,zgc175088
15863,zgc:175107,zgc175107
15864,zgc:175214,zgc175214
15865,zgc:175264,zgc175264
15866,zgc:175284,zgc175284
15867,zgc:193505,zgc193505
15868,zgc:193541,zgc193541
15869,zgc:193598,zgc193598
15870,zgc:193690,zgc193690
15871,zgc:193711,zgc193711
15872,zgc:193726,zgc193726
15873,zgc:193742,zgc193742
15874,zgc:193801,zgc193801
15875,zgc:193807,zgc193807
15876,zgc:193811,zgc193811
15877,zgc:193812,zgc193812
15878,zgc:194007,zgc194007
15879,zgc:194101,zgc194101
15880,zgc:194125,zgc194125
15881,zgc:194207,zgc194207
15882,zgc:194209,zgc194209
15883,zgc:194210,zgc194210
15884,zgc:194215,zgc194215
15885,zgc:194224,zgc194224
15886,zgc:194246,zgc194246
15887,zgc:194275,zgc194275
15888,zgc:194285,zgc194285
15889,zgc:194312,zgc194312
15890,zgc:194330,zgc194330
15891,zgc:194392,zgc194392
15892,zgc:194398,zgc194398
15893,zgc:194469,zgc194469
15894,zgc:194551,zgc194551
15895,zgc:194578,zgc194578
15896,zgc:194621,zgc194621
15897,zgc:194627,zgc194627
15898,zgc:194665,zgc194665
15899,zgc:194679,zgc194679
15900,zgc:194839,zgc194839
15901,zgc:194930,zgc194930
15902,zgc:194981,zgc194981
15903,zgc:194989,zgc194989
15904,zgc:195170,zgc195170
15905,zgc:195173,zgc195173
15906,zgc:195282,zgc195282
15907,zgc:198419,zgc198419
15908,zgc:55262,zgc55262
15909,zgc:55413,zgc55413
15910,zgc:55461,zgc55461
15911,zgc:55558,zgc55558
15912,zgc:55582,zgc55582
15913,zgc:55733,zgc55733
15914,zgc:55781,zgc55781
15915,zgc:55943,zgc55943
15916,zgc:56095,zgc56095
15917,zgc:56106,zgc56106
15918,zgc:56231,zgc56231
15919,zgc:56235,zgc56235
15920,zgc:56304,zgc56304
15921,zgc:56409,zgc56409
15922,zgc:56493,zgc56493
15923,zgc:56525,zgc56525
15924,zgc:56556,zgc56556
15925,zgc:56585,zgc56585
15926,zgc:56596,zgc56596
15927,zgc:56622,zgc56622
15928,zgc:56628,zgc56628
15929,zgc:56699,zgc56699
15930,zgc:63470,zgc63470
15931,zgc:63568,zgc63568
15932,zgc:63587,zgc63587
15933,zgc:63733,zgc63733
15934,zgc:63831,zgc63831
15935,zgc:63863,zgc63863
15936,zgc:63882,zgc63882
15937,zgc:63972,zgc63972
15938,zgc:64002,zgc64002
15939,zgc:64022,zgc64022
15940,zgc:64051,zgc64051
15941,zgc:64065,zgc64065
15942,zgc:64106,zgc64106
15943,zgc:65851,zgc65851
15944,zgc:65873,zgc65873
15945,zgc:65894,zgc65894
15946,zgc:65895,zgc65895
15947,zgc:65997,zgc65997
15948,zgc:66014,zgc66014
15949,zgc:66160,zgc66160
15950,zgc:66313,zgc66313
15951,zgc:66426,zgc66426
15952,zgc:66427,zgc66427
15953,zgc:66433,zgc66433
15954,zgc:66443,zgc66443
15955,zgc:66447,zgc66447
15956,zgc:66448,zgc66448
15957,zgc:66455,zgc66455
15958,zgc:66472,zgc66472
15959,zgc:66474,zgc66474
15960,zgc:66475,zgc66475
15961,zgc:66479,zgc66479
15962,zgc:66484,zgc66484
15963,zgc:77056,zgc77056
15964,zgc:77086,zgc77086
15965,zgc:77112,zgc77112
15966,zgc:77118,zgc77118
15967,zgc:77151,zgc77151
15968,zgc:77158,zgc77158
15969,zgc:77262,zgc77262
15970,zgc:77287,zgc77287
15971,zgc:77439,zgc77439
15972,zgc:77486,zgc77486
15973,zgc:77517,zgc77517
15974,zgc:77614,zgc77614
15975,zgc:77650,zgc77650
15976,zgc:77739,zgc77739
15977,zgc:77784,zgc77784
15978,zgc:77838,zgc77838
15979,zgc:77849,zgc77849
15980,zgc:77880,zgc77880
15981,zgc:77929,zgc77929
15982,zgc:77938,zgc77938
15983,zgc:85722,zgc85722
15984,zgc:85777,zgc85777
15985,zgc:85789,zgc85789
15986,zgc:85843,zgc85843
15987,zgc:85858,zgc85858
15988,zgc:85932,zgc85932
15989,zgc:85936,zgc85936
15990,zgc:85975,zgc85975
15991,zgc:86586,zgc86586
15992,zgc:86598,zgc86598
15993,zgc:86609,zgc86609
15994,zgc:86764,zgc86764
15995,zgc:86811,zgc86811
15996,zgc:86896,zgc86896
15997,zgc:91818,zgc91818
15998,zgc:91849,zgc91849
15999,zgc:91860,zgc91860
16000,zgc:91890,zgc91890
16001,zgc:91908,zgc91908
16002,zgc:91909,zgc91909
16003,zgc:91910,zgc91910
16004,zgc:91940,zgc91940
16005,zgc:91944,zgc91944
16006,zgc:91968,zgc91968
16007,zgc:91976,zgc91976
16008,zgc:92027,zgc92027
16009,zgc:92041,zgc92041
16010,zgc:92066,zgc92066
16011,zgc:92107,zgc92107
16012,zgc:92137,zgc92137
16013,zgc:92140,zgc92140
16014,zgc:92161,zgc92161
16015,zgc:92242,zgc92242
16016,zgc:92249,zgc92249
16017,zgc:92287,zgc92287
16018,zgc:92313,zgc92313
16019,zgc:92335,zgc92335
16020,zgc:92360,zgc92360
16021,zgc:92380,zgc92380
16022,zgc:92480,zgc92480
16023,zgc:92481,zgc92481
16024,zgc:92518,zgc92518
16025,zgc:92590,zgc92590
16026,zgc:92606,zgc92606
16027,zgc:92630,zgc92630
16028,zgc:92664,zgc92664
16029,zgc:92749,zgc92749
16030,zgc:92789,zgc92789
16031,zgc:92818,zgc92818
16032,zgc:92873,zgc92873
16033,zgc:92907,zgc92907
16034,zgpat,zgpat
16035,zhx2a,zhx2a
16036,zhx3,zhx3
16037,zic1,zic1
16038,zic2a,zic2a
16039,zic2b,zic2b
16040,zic3,zic3
16041,zic4,zic4
16042,zic5,zic5
16043,zic6,zic6
16044,zmat2,zmat2
16045,zmat5,zmat5
16046,zmiz1a,zmiz1a
16047,zmiz2,zmiz2
16048,zmp:0000000521,zmp0000000521
16049,zmp:0000000619,zmp0000000619
16050,zmp:0000000624,zmp0000000624
16051,zmp:0000000652,zmp0000000652
16052,zmp:0000000662,zmp0000000662
16053,zmp:0000000711,zmp0000000711
16054,zmp:0000000758,zmp0000000758
16055,zmp:0000000760,zmp0000000760
16056,zmp:0000000846,zmp0000000846
16057,zmp:0000000932,zmp0000000932
16058,zmp:0000000936,zmp0000000936
16059,zmp:0000000951,zmp0000000951
16060,zmp:0000000991,zmp0000000991
16061,zmp:0000001003,zmp0000001003
16062,zmp:0000001082,zmp0000001082
16063,zmp:0000001114,zmp0000001114
16064,zmp:0000001168,zmp0000001168
16065,zmp:0000001175,zmp0000001175
16066,zmp:0000001316,zmp0000001316
16067,zmpste24,zmpste24
16068,zmym2,zmym2
16069,zmym4,zmym4
16070,zmynd10,zmynd10
16071,zmynd11,zmynd11
16072,zmynd19,zmynd19
16073,zmynd8,zmynd8
16074,znf1004,znf1004
16075,znf1005,znf1005
16076,znf1007,znf1007
16077,znf1008,znf1008
16078,znf1014,znf1014
16079,znf1015,znf1015
16080,znf1020,znf1020
16081,znf1021,znf1021
16082,znf1025,znf1025
16083,znf1028,znf1028
16084,znf1035,znf1035
16085,znf1040,znf1040
16086,znf1041,znf1041
16087,znf1048,znf1048
16088,znf1050,znf1050
16089,znf1051,znf1051
16090,znf1055,znf1055
16091,znf1059,znf1059
16092,znf1060,znf1060
16093,znf1063,znf1063
16094,znf1065,znf1065
16095,znf1066,znf1066
16096,znf1068,znf1068
16097,znf106a,znf106a
16098,znf106b,znf106b
16099,znf1077,znf1077
16100,znf1079,znf1079
16101,znf1087,znf1087
16102,znf1090,znf1090
16103,znf1094,znf1094
16104,znf1095,znf1095
16105,znf1101,znf1101
16106,znf1112,znf1112
16107,znf1114,znf1114
16108,znf1117,znf1117
16109,znf1118,znf1118
16110,znf1121,znf1121
16111,znf1124,znf1124
16112,znf1129,znf1129
16113,znf1130,znf1130
16114,znf1133,znf1133
16115,znf1134,znf1134
16116,znf1136,znf1136
16117,znf1140,znf1140
16118,znf1141,znf1141
16119,znf1143,znf1143
16120,znf1148,znf1148
16121,znf1156,znf1156
16122,znf1157,znf1157
16123,znf1161,znf1161
16124,znf1162,znf1162
16125,znf1168,znf1168
16126,znf1174,znf1174
16127,znf1175,znf1175
16128,znf1181,znf1181
16129,znf131,znf131
16130,znf142,znf142
16131,znf143a,znf143a
16132,znf143b,znf143b
16133,znf148,znf148
16134,znf16l,znf16l
16135,znf185,znf185
16136,znf207a,znf207a
16137,znf207b,znf207b
16138,znf217,znf217
16139,znf219,znf219
16140,znf236,znf236
16141,znf277,znf277
16142,znf280d,znf280d
16143,znf281a,znf281a
16144,znf281b,znf281b
16145,znf292a,znf292a
16146,znf292b,znf292b
16147,znf296,znf296
16148,znf318,znf318
16149,znf330,znf330
16150,znf341,znf341
16151,znf346,znf346
16152,znf362a,znf362a
16153,znf362b,znf362b
16154,znf367,znf367
16155,znf384l,znf384l
16156,znf385a,znf385a
16157,znf385b,znf385b
16158,znf395a,znf395a
16159,znf395b,znf395b
16160,znf408,znf408
16161,znf410,znf410
16162,znf438,znf438
16163,znf451,znf451
16164,znf45l,znf45l
16165,znf503,znf503
16166,znf507,znf507
16167,znf511,znf511
16168,znf512,znf512
16169,znf513a,znf513a
16170,znf516,znf516
16171,znf526,znf526
16172,znf532,znf532
16173,znf536,znf536
16174,znf574,znf574
16175,znf576.1,znf576.1
16176,znf576.2,znf576.2
16177,znf593,znf593
16178,znf598,znf598
16179,znf609a,znf609a
16180,znf609b,znf609b
16181,znf618,znf618
16182,znf622,znf622
16183,znf644a,znf644a
16184,znf644b,znf644b
16185,znf646,znf646
16186,znf652,znf652
16187,znf653,znf653
16188,znf654,znf654
16189,znf668,znf668
16190,znf687a,znf687a
16191,znf687b,znf687b
16192,znf692,znf692
16193,znf703,znf703
16194,znf704,znf704
16195,znf706,znf706
16196,znf710a,znf710a
16197,znf710b,znf710b
16198,znf711,znf711
16199,znf740a,znf740a
16200,znf740b,znf740b
16201,znf750,znf750
16202,znf76,znf76
16203,znf770,znf770
16204,znf800a,znf800a
16205,znf800b,znf800b
16206,znf827,znf827
16207,znf839,znf839
16208,znf865,znf865
16209,znf971,znf971
16210,znf982,znf982
16211,znf986,znf986
16212,znf989,znf989
16213,znf991,znf991
16214,znf992,znf992
16215,znf999,znf999
16216,znfl2a,znfl2a
16217,znhit1,znhit1
16218,znhit2,znhit2
16219,znhit3,znhit3
16220,znrd1,znrd1
16221,znrf1,znrf1
16222,znrf2a,znrf2a
16223,znrf2b,znrf2b
16224,znrf3,znrf3
16225,zp2.1,zp2.1
16226,zp2.2,zp2.2
16227,zp2.3,zp2.3
16228,zp2.6,zp2.6
16229,zp3.2,zp3.2
16230,zp3a.1,zp3a.1
16231,zp3a.2,zp3a.2
16232,zp3b,zp3b
16233,zpr1,zpr1
16234,zranb1a,zranb1a
16235,zranb1b,zranb1b
16236,zranb2,zranb2
16237,zranb3,zranb3
16238,zrsr2,zrsr2
16239,zswim5,zswim5
16240,zswim7,zswim7
16241,zswim8,zswim8
16242,zufsp,zufsp
16243,zw10,zw10
16244,zwilch,zwilch
16245,zyg11,zyg11
16246,zyx,zyx
16247,zzef1,zzef1
16248,zzz3,zzz3
16249,AL645691.1,AL645691.1
16250,AL929237.3,AL929237.3
16251,AL929457.1,AL929457.1
16252,AL953886.2,AL953886.2
16253,AL954327.1,AL954327.1
16254,AL954694.1,AL954694.1
16255,BRD8,BRD8
16256,BX000438.2,BX000438.2
16257,BX000981.2,BX000981.2
16258,BX005048.1,BX005048.1
16259,BX005275.2,BX005275.2
16260,BX005396.2,BX005396.2
16261,BX005477.1,BX005477.1
16262,BX088583.2,BX088583.2
16263,BX119902.2,BX119902.2
16264,BX248122.1,BX248122.1
16265,BX255963.1,BX255963.1
16266,BX322575.1,BX322575.1
16267,BX322665.3,BX322665.3
16268,BX323062.1,BX323062.1
16269,BX323082.1,BX323082.1
16270,BX323837.1,BX323837.1
16271,BX324110.1,BX324110.1
16272,BX324206.2,BX324206.2
16273,BX324207.1,BX324207.1
16274,BX324216.2,BX324216.2
16275,BX511021.1,BX511021.1
16276,BX511173.1,BX511173.1
16277,BX537303.1,BX537303.1
16278,BX546459.1,BX546459.1
16279,BX548015.2,BX548015.2
16280,BX571678.1,BX571678.1
16281,BX571880.1,BX571880.1
16282,BX640520.2,BX640520.2
16283,BX649300.1,BX649300.1
16284,BX649416.2,BX649416.2
16285,BX664721.3,BX664721.3
16286,BX890559.1,BX890559.1
16287,BX901962.4,BX901962.4
16288,BX927323.1,BX927323.1
16289,BX927361.1,BX927361.1
16290,BX936308.1,BX936308.1
16291,C2orf88,C2orf88
16292,CABZ01064671.1,CABZ01064671.1
16293,CABZ01066926.1,CABZ01066926.1
16294,CABZ01069020.1,CABZ01069020.1
16295,CABZ01069040.1,CABZ01069040.1
16296,CABZ01070258.1,CABZ01070258.1
16297,CABZ01071056.1,CABZ01071056.1
16298,CABZ01073424.2,CABZ01073424.2
16299,CABZ01078120.1,CABZ01078120.1
16300,CABZ01078733.1,CABZ01078733.1
16301,CABZ01080599.1,CABZ01080599.1
16302,CABZ01081747.1,CABZ01081747.1
16303,CABZ01081752.3,CABZ01081752.3
16304,CABZ01085201.1,CABZ01085201.1
16305,CABZ01090041.1,CABZ01090041.1
16306,CABZ01101813.1,CABZ01101813.1
16307,CABZ01101977.1,CABZ01101977.1
16308,CABZ01112461.1,CABZ01112461.1
16309,CABZ01112804.1,CABZ01112804.1
16310,CABZ01113816.1,CABZ01113816.1
16311,CR293531.1,CR293531.1
16312,CR339054.2,CR339054.2
16313,CR354430.4,CR354430.4
16314,CR356246.1,CR356246.1
16315,CR376800.1,CR376800.1
16316,CR376821.1,CR376821.1
16317,CR376861.1,CR376861.1
16318,CR383668.2,CR383668.2
16319,CR387933.1,CR387933.1
16320,CR388042.1,CR388042.1
16321,CR391944.1,CR391944.1
16322,CR396583.1,CR396583.1
16323,CR589876.1,CR589876.1
16324,CR749762.2,CR749762.2
16325,CR749775.1,CR749775.1
16326,CR753902.1,CR753902.1
16327,CR774195.1,CR774195.1
16328,CR786571.2,CR786571.2
16329,CR788226.1,CR788226.1
16330,CR790366.2,CR790366.2
16331,CR812481.1,CR812481.1
16332,CR854963.1,CR854963.1
16333,CR854989.1,CR854989.1
16334,CR855257.1,CR855257.1
16335,CR855379.1,CR855379.1
16336,CR925709.2,CR925709.2
16337,CR936442.1,CR936442.1
16338,CT009620.1,CT009620.1
16339,CT027696.1,CT027696.1
16340,CT027801.2,CT027801.2
16341,CT027989.1,CT027989.1
16342,CT030129.1,CT030129.1
16343,CT573357.1,CT573357.1
16344,CU137680.1,CU137680.1
16345,CU207245.1,CU207245.1
16346,CU210890.1,CU210890.1
16347,CU326349.1,CU326349.1
16348,CU457819.2,CU457819.2
16349,CU459094.3,CU459094.3
16350,CU467639.1,CU467639.1
16351,CU467646.2,CU467646.2
16352,CU468041.2,CU468041.2
16353,CU468917.1,CU468917.1
16354,CU469420.3,CU469420.3
16355,CU469530.1,CU469530.1
16356,CU570782.1,CU570782.1
16357,CU570791.1,CU570791.1
16358,CU570881.2,CU570881.2
16359,CU571323.1,CU571323.1
16360,CU633999.2,CU633999.2
16361,CU651669.1,CU651669.1
16362,CU693379.1,CU693379.1
16363,CU695223.1,CU695223.1
16364,CU695232.1,CU695232.1
16365,CU914622.1,CU914622.1
16366,CU929079.1,CU929079.1
16367,CU929391.2,CU929391.2
16368,CU929544.1,CU929544.1
16369,CU929676.1,CU929676.1
16370,DPYSL2,DPYSL2
16371,F7,F7
16372,FBLN1,FBLN1
16373,FO393424.2,FO393424.2
16374,FO704821.1,FO704821.1
16375,FO834850.1,FO834850.1
16376,FO904898.3,FO904898.3
16377,FO904970.1,FO904970.1
16378,FP016142.1,FP016142.1
16379,FP016234.1,FP016234.1
16380,FP017151.1,FP017151.1
16381,FP236318.1,FP236318.1
16382,FP236318.3,FP236318.3
16383,FQ378016.1,FQ378016.1
16384,GFOD1,GFOD1
16385,IL4I1,IL4I1
16386,JMY,JMY
16387,KCNJ15,KCNJ15
16388,LO018315.10,LO018315.10
16389,LT631684.1,LT631684.1
16390,MAP3K11,MAP3K11
16391,NABP2,NABP2
16392,NC-002333.13,NC-002333.13
16393,NC-002333.3,NC-002333.3
16394,NRXN2,NRXN2
16395,PDZD4,PDZD4
16396,POLR2E,POLR2E
16397,PQLC1,PQLC1
16398,PRKCA,PRKCA
16399,PTGFRN,PTGFRN
16400,RF00019,RF00019
16401,RF00421,RF00421
16402,RFESD,RFESD
16403,RNF5,RNF5
16404,SLC16A7,SLC16A7
16405,SLC9A1,SLC9A1
16406,SMIM18,SMIM18
16407,SPATA5,SPATA5
16408,SYDE2,SYDE2
16409,TMEM151A,TMEM151A
16410,TMEM38B,TMEM38B
16411,UNC13B,UNC13B
16412,UTS2R,UTS2R
16413,VASH1,VASH1
16414,abcb6b,abcb6b
16415,abcc8,abcc8
16416,abcd1,abcd1
16417,abhd11,abhd11
16418,aclyb,aclyb
16419,acot17,acot17
16420,acox3,acox3
16421,acp5b,acp5b
16422,adam11,adam11
16423,adam8b,adam8b
16424,adcy2a,adcy2a
16425,adcyap1r1a,adcyap1r1a
16426,adcyap1r1b,adcyap1r1b
16427,adgrd2,adgrd2
16428,adgrl1a,adgrl1a
16429,adkb,adkb
16430,aftpha,aftpha
16431,agap3,agap3
16432,aig1,aig1
16433,akap12a,akap12a
16434,ankrd1b,ankrd1b
16435,ankrd33ab,ankrd33ab
16436,ankrd52a,ankrd52a
16437,ankrd9,ankrd9
16438,anks1aa,anks1aa
16439,ano5a,ano5a
16440,anpepa,anpepa
16441,antxr1b,antxr1b
16442,anxa2b,anxa2b
16443,arf3a,arf3a
16444,arhgef10,arhgef10
16445,arhgef9a,arhgef9a
16446,arnt,arnt
16447,arrb1,arrb1
16448,asb13a.1,asb13a.1
16449,asic4a,asic4a
16450,asxl2,asxl2
16451,atad3,atad3
16452,atl1,atl1
16453,atoh1c,atoh1c
16454,atp6ap1la,atp6ap1la
16455,atp6ap1lb,atp6ap1lb
16456,atp8b3,atp8b3
16457,atrnl1a,atrnl1a
16458,atxn1a,atxn1a
16459,atxn1l,atxn1l
16460,azi2,azi2
16461,b3glctb,b3glctb
16462,b4galt1,b4galt1
16463,b4galt3,b4galt3
16464,baalcb,baalcb
16465,bace2,bace2
16466,bach1a,bach1a
16467,bco2a,bco2a
16468,bco2l,bco2l
16469,bean1,bean1
16470,bmp3,bmp3
16471,bmper,bmper
16472,brcc3,brcc3
16473,bspry,bspry
16474,btbd3a,btbd3a
16475,btbd7,btbd7
16476,btr09,btr09
16477,buc,buc
16478,c16h2orf66,c16h2orf66
16479,c1qtnf4,c1qtnf4
16480,c2cd4a,c2cd4a
16481,c7a,c7a
16482,c8g,c8g
16483,ca4c,ca4c
16484,cacna1i,cacna1i
16485,cacna1sa,cacna1sa
16486,cacng2b,cacng2b
16487,cacng4b,cacng4b
16488,cadm1a,cadm1a
16489,cadm1b,cadm1b
16490,caln2,caln2
16491,camkk1b,camkk1b
16492,camkva,camkva
16493,camkvb,camkvb
16494,casd1,casd1
16495,casp6,casp6
16496,casp6l1,casp6l1
16497,cavin1b,cavin1b
16498,ccdc105,ccdc105
16499,ccl19a.2,ccl19a.2
16500,ccl38a.4,ccl38a.4
16501,ccl44,ccl44
16502,ccsapa,ccsapa
16503,cd74a,cd74a
16504,cdh16,cdh16
16505,cdh23,cdh23
16506,cdk20,cdk20
16507,cel.2,cel.2
16508,cep104,cep104
16509,cfap161,cfap161
16510,chgb,chgb
16511,chia.2,chia.2
16512,chrna4b,chrna4b
16513,chst2b,chst2b
16514,ciartb,ciartb
16515,clcn2a,clcn2a
16516,cldn11a,cldn11a
16517,cldnd1b,cldnd1b
16518,cnfn,cnfn
16519,cngb1a,cngb1a
16520,cnnm4b,cnnm4b
16521,cntn5,cntn5
16522,col18a1b,col18a1b
16523,comtd1,comtd1
16524,cpa4,cpa4
16525,cpeb3,cpeb3
16526,cracr2ab,cracr2ab
16527,creb5a,creb5a
16528,crfb12,crfb12
16529,crx,crx
16530,cryba2a,cryba2a
16531,cthl,cthl
16532,cx30.9,cx30.9
16533,cyp1c2,cyp1c2
16534,cyp3a65,cyp3a65
16535,dand5,dand5
16536,ddhd2,ddhd2
16537,ddr2l,ddr2l
16538,dicp2.1,dicp2.1
16539,dicp3.3,dicp3.3
16540,dip2a,dip2a
16541,dip2cb,dip2cb
16542,dnah11,dnah11
16543,dok7,dok7
16544,dpp4,dpp4
16545,dpyda.1,dpyda.1
16546,dre-mir-126b,dre-mir-126b
16547,dre-mir-221,dre-mir-221
16548,dre-mir-429b,dre-mir-429b
16549,dtna,dtna
16550,dvl3b,dvl3b
16551,dync1i2b,dync1i2b
16552,ecel1,ecel1
16553,ednrba,ednrba
16554,efr3ba,efr3ba
16555,emilin2a,emilin2a
16556,epsti1,epsti1
16557,erbb3a,erbb3a
16558,esyt1a,esyt1a
16559,esyt3,esyt3
16560,etnppl,etnppl
16561,exoc3l2b,exoc3l2b
16562,fam102bb,fam102bb
16563,fam117bb,fam117bb
16564,fam222a,fam222a
16565,fam69b,fam69b
16566,fam78ab,fam78ab
16567,fbxo28,fbxo28
16568,fbxw10,fbxw10
16569,fcer1g,fcer1g
16570,fgf23,fgf23
16571,fhl2b,fhl2b
16572,foxl2a,foxl2a
16573,foxo6b,foxo6b
16574,fscn2a,fscn2a
16575,fshr,fshr
16576,ftr90,ftr90
16577,gab2,gab2
16578,gad1b,gad1b
16579,gal3st2,gal3st2
16580,galnt18a,galnt18a
16581,gba3,gba3
16582,gck,gck
16583,gdap1,gdap1
16584,gipc1,gipc1
16585,glcea,glcea
16586,glis1a,glis1a
16587,glis3,glis3
16588,glra4b,glra4b
16589,glrba,glrba
16590,glt8d2,glt8d2
16591,gmpr,gmpr
16592,gna15.1,gna15.1
16593,gpr156,gpr156
16594,gpr176,gpr176
16595,gpr22b,gpr22b
16596,gpr55a,gpr55a
16597,gramd1ba,gramd1ba
16598,grin3ba,grin3ba
16599,grm1a,grm1a
16600,grm8a,grm8a
16601,guca1e,guca1e
16602,hao2,hao2
16603,havcr2,havcr2
16604,helq,helq
16605,hhla2b.2,hhla2b.2
16606,hic1,hic1
16607,hist1h2a1,hist1h2a1
16608,hkdc1,hkdc1
16609,hrh3,hrh3
16610,hs2st1b,hs2st1b
16611,hsc70,hsc70
16612,hspa4l,hspa4l
16613,htr7c,htr7c
16614,iffo2b,iffo2b
16615,igfbp5a,igfbp5a
16616,il12a,il12a
16617,il15l,il15l
16618,il21r.1,il21r.1
16619,il2rgb,il2rgb
16620,im:7142702,im7142702
16621,inaa,inaa
16622,ino80da,ino80da
16623,inpp4ab,inpp4ab
16624,inpp4b,inpp4b
16625,insig2,insig2
16626,irak1,irak1
16627,irf1a,irf1a
16628,itgam,itgam
16629,jdp2a,jdp2a
16630,kank4,kank4
16631,kbtbd12,kbtbd12
16632,kcnab1a,kcnab1a
16633,kcnab2b,kcnab2b
16634,kcnd1,kcnd1
16635,kcnh3,kcnh3
16636,kcnj1a.2,kcnj1a.2
16637,kctd3,kctd3
16638,kif1c,kif1c
16639,kif3cb,kif3cb
16640,klhdc2,klhdc2
16641,klhdc3,klhdc3
16642,klhl36,klhl36
16643,ksr1a,ksr1a
16644,kynu,kynu
16645,lamb2,lamb2
16646,lenep,lenep
16647,lepa,lepa
16648,lhpp,lhpp
16649,lhx6,lhx6
16650,lim2.3,lim2.3
16651,lipeb,lipeb
16652,loxa,loxa
16653,lrit3a,lrit3a
16654,lrp1bb,lrp1bb
16655,lrrc29,lrrc29
16656,lrrc9,lrrc9
16657,ltb4r2a,ltb4r2a
16658,lzts2b,lzts2b
16659,mansc1,mansc1
16660,map6b,map6b
16661,mapk10,mapk10
16662,mb21d1,mb21d1
16663,mcf2la,mcf2la
16664,mchr1b,mchr1b
16665,mdm1,mdm1
16666,mettl8,mettl8
16667,mfsd6l,mfsd6l
16668,mhc1zja,mhc1zja
16669,micu3b,micu3b
16670,mindy4b,mindy4b
16671,mipb,mipb
16672,mlphb,mlphb
16673,mmp24,mmp24
16674,mogat3a,mogat3a
16675,mogat3b,mogat3b
16676,mon1ba,mon1ba
16677,mpp3b,mpp3b
16678,ms4a17a.12,ms4a17a.12
16679,ms4a17a.2,ms4a17a.2
16680,ms4a17a.4,ms4a17a.4
16681,mslna,mslna
16682,mtnr1ab,mtnr1ab
16683,mtrf1,mtrf1
16684,mxa,mxa
16685,mxra5b,mxra5b
16686,mxra8a,mxra8a
16687,mybpc2a,mybpc2a
16688,myoz1a,myoz1a
16689,myoz3a,myoz3a
16690,myrip,myrip
16691,nab1b,nab1b
16692,nadka,nadka
16693,napgb,napgb
16694,ncam3,ncam3
16695,ndst2b,ndst2b
16696,ndufa4l2a,ndufa4l2a
16697,neu3.3,neu3.3
16698,neurl1ab,neurl1ab
16699,neurod6b,neurod6b
16700,nfatc3b,nfatc3b
16701,nid2b,nid2b
16702,nkx3.3,nkx3.3
16703,nmba,nmba
16704,nmrk1,nmrk1
16705,notum1a,notum1a
16706,notum2,notum2
16707,nphs1,nphs1
16708,npr1b,npr1b
16709,nptx1l,nptx1l
16710,nptx2a,nptx2a
16711,nt5e,nt5e
16712,ntn4,ntn4
16713,nwd2,nwd2
16714,nxpe3,nxpe3
16715,nyx,nyx
16716,oafb,oafb
16717,oat,oat
16718,obscnb,obscnb
16719,olfm3a,olfm3a
16720,opn4.1,opn4.1
16721,opn6b,opn6b
16722,otogl,otogl
16723,p4htm,p4htm
16724,pabpc1l,pabpc1l
16725,palmdb,palmdb
16726,panx1b,panx1b
16727,paqr8,paqr8
16728,parp12a,parp12a
16729,pax4,pax4
16730,pcdh1g11,pcdh1g11
16731,pcdh1g18,pcdh1g18
16732,pcdh2ab9,pcdh2ab9
16733,pcif1,pcif1
16734,pcyox1,pcyox1
16735,pde11a,pde11a
16736,pde6a,pde6a
16737,pdyn,pdyn
16738,pdzd3a,pdzd3a
16739,phf19,phf19
16740,phf24,phf24
16741,phyhipla,phyhipla
16742,pimr208,pimr208
16743,pkd2,pkd2
16744,pkn3,pkn3
16745,plbd1,plbd1
16746,plcd4b,plcd4b
16747,plcxd1,plcxd1
16748,plekhd1,plekhd1
16749,pls1,pls1
16750,pnocb,pnocb
16751,pnp6,pnp6
16752,ppef1,ppef1
16753,ppfia2,ppfia2
16754,ppm1db,ppm1db
16755,ppm1f,ppm1f
16756,ppm1lb,ppm1lb
16757,ppp2r5ca,ppp2r5ca
16758,prg4a,prg4a
16759,prkar1b,prkar1b
16760,prkd1,prkd1
16761,prnpa,prnpa
16762,prom2,prom2
16763,prph,prph
16764,prr15lb,prr15lb
16765,prr5a,prr5a
16766,prtga,prtga
16767,prune,prune
16768,pth1a,pth1a
16769,ptprdb,ptprdb
16770,pttg1ipa,pttg1ipa
16771,pvalb9,pvalb9
16772,pxylp1,pxylp1
16773,qrfpr4,qrfpr4
16774,rab27a,rab27a
16775,rad21b,rad21b
16776,rapgefl1,rapgefl1
16777,rasl12,rasl12
16778,rbm24b,rbm24b
16779,rbm45,rbm45
16780,rbpms,rbpms
16781,rbsn,rbsn
16782,rcor3,rcor3
16783,rcvrnb,rcvrnb
16784,rem1,rem1
16785,retsatl,retsatl
16786,rflna,rflna
16787,rfx1a,rfx1a
16788,rfxank,rfxank
16789,rgs16,rgs16
16790,rgs18,rgs18
16791,rgs9b,rgs9b
16792,rhcgl1,rhcgl1
16793,rhd,rhd
16794,rit1,rit1
16795,rlbp1a,rlbp1a
16796,rmdn2,rmdn2
16797,rnf144aa,rnf144aa
16798,rnf213b,rnf213b
16799,rpe65c,rpe65c
16800,rtn2a,rtn2a
16801,rtn4rl2b,rtn4rl2b
16802,runx1,runx1
16803,s100s,s100s
16804,samd10a,samd10a
16805,samd7,samd7
16806,sec14l7,sec14l7
16807,selenoo2,selenoo2
16808,sema3ab,sema3ab
16809,sema3ga,sema3ga
16810,sema4c,sema4c
16811,sema6ba,sema6ba
16812,sfrp1b,sfrp1b
16813,sgk494a,sgk494a
16814,sh2d3ca,sh2d3ca
16815,shank3b,shank3b
16816,si:cabz01076231.1,sicabz01076231.1
16817,si:ch1073-104i17.1,sich1073104i17.1
16818,si:ch1073-363c19.3,sich1073363c19.3
16819,si:ch1073-376c22.1,sich1073376c22.1
16820,si:ch1073-441p17.1,sich1073441p17.1
16821,si:ch211-103a14.5,sich211103a14.5
16822,si:ch211-106a19.1,sich211106a19.1
16823,si:ch211-106h4.6,sich211106h4.6
16824,si:ch211-112f3.4,sich211112f3.4
16825,si:ch211-117l17.5,sich211117l17.5
16826,si:ch211-130h14.6,sich211130h14.6
16827,si:ch211-132b12.1,sich211132b12.1
16828,si:ch211-132b12.8,sich211132b12.8
16829,si:ch211-137a8.2,sich211137a8.2
16830,si:ch211-147k10.5,sich211147k10.5
16831,si:ch211-150i13.1,sich211150i13.1
16832,si:ch211-150j10.4,sich211150j10.4
16833,si:ch211-151p13.8,sich211151p13.8
16834,si:ch211-153l6.6,sich211153l6.6
16835,si:ch211-156l18.8,sich211156l18.8
16836,si:ch211-168d1.3,sich211168d1.3
16837,si:ch211-174j14.2,sich211174j14.2
16838,si:ch211-181d7.3,sich211181d7.3
16839,si:ch211-186j3.6,sich211186j3.6
16840,si:ch211-188f17.1,sich211188f17.1
16841,si:ch211-189a15.5,sich211189a15.5
16842,si:ch211-191a16.2,sich211191a16.2
16843,si:ch211-194c3.5,sich211194c3.5
16844,si:ch211-194p6.7,sich211194p6.7
16845,si:ch211-195m9.3,sich211195m9.3
16846,si:ch211-196h16.12,sich211196h16.12
16847,si:ch211-196h24.1,sich211196h24.1
16848,si:ch211-197k17.3,sich211197k17.3
16849,si:ch211-207n23.2,sich211207n23.2
16850,si:ch211-208k15.1,sich211208k15.1
16851,si:ch211-209f23.3,sich211209f23.3
16852,si:ch211-209f23.7,sich211209f23.7
16853,si:ch211-210b2.3,sich211210b2.3
16854,si:ch211-210b2.4,sich211210b2.4
16855,si:ch211-216p19.6,sich211216p19.6
16856,si:ch211-217k17.10,sich211217k17.10
16857,si:ch211-217k17.8,sich211217k17.8
16858,si:ch211-222n4.2,sich211222n4.2
16859,si:ch211-223a10.1,sich211223a10.1
16860,si:ch211-232d19.4,sich211232d19.4
16861,si:ch211-235p24.2,sich211235p24.2
16862,si:ch211-236l14.4,sich211236l14.4
16863,si:ch211-236p5.3,sich211236p5.3
16864,si:ch211-237c6.4,sich211237c6.4
16865,si:ch211-241b2.4,sich211241b2.4
16866,si:ch211-250g4.3,sich211250g4.3
16867,si:ch211-254p10.2,sich211254p10.2
16868,si:ch211-263m18.4,sich211263m18.4
16869,si:ch211-264e16.2,sich211264e16.2
16870,si:ch211-26b3.2,sich21126b3.2
16871,si:ch211-274p24.2,sich211274p24.2
16872,si:ch211-57b15.1,sich21157b15.1
16873,si:ch211-57b15.2,sich21157b15.2
16874,si:ch211-57f7.7,sich21157f7.7
16875,si:ch211-57i17.1,sich21157i17.1
16876,si:ch211-57n23.4,sich21157n23.4
16877,si:ch211-59d8.3,sich21159d8.3
16878,si:ch211-62a1.4,sich21162a1.4
16879,si:ch211-63p21.8,sich21163p21.8
16880,si:ch211-76l23.7,sich21176l23.7
16881,si:ch211-93g23.2,sich21193g23.2
16882,si:ch73-111k22.3,sich73111k22.3
16883,si:ch73-14h1.2,sich7314h1.2
16884,si:ch73-174h16.5,sich73174h16.5
16885,si:ch73-197b13.1,sich73197b13.1
16886,si:ch73-199e17.1,sich73199e17.1
16887,si:ch73-206p6.1,sich73206p6.1
16888,si:ch73-233k15.2,sich73233k15.2
16889,si:ch73-250a16.5,sich73250a16.5
16890,si:ch73-281k2.5,sich73281k2.5
16891,si:ch73-289h5.4,sich73289h5.4
16892,si:ch73-330k17.3,sich73330k17.3
16893,si:ch73-335m24.5,sich73335m24.5
16894,si:ch73-343l4.6,sich73343l4.6
16895,si:ch73-376l24.4,sich73376l24.4
16896,si:ch73-40a17.3,sich7340a17.3
16897,si:ch73-56d11.3,sich7356d11.3
16898,si:ch73-72b7.1,sich7372b7.1
16899,si:dkey-108k21.11,sidkey108k21.11
16900,si:dkey-119m7.8,sidkey119m7.8
16901,si:dkey-11f4.14,sidkey11f4.14
16902,si:dkey-11n14.1,sidkey11n14.1
16903,si:dkey-145c18.3,sidkey145c18.3
16904,si:dkey-145c18.5,sidkey145c18.5
16905,si:dkey-152b24.7,sidkey152b24.7
16906,si:dkey-156j15.1,sidkey156j15.1
16907,si:dkey-161j23.7,sidkey161j23.7
16908,si:dkey-165o8.2,sidkey165o8.2
16909,si:dkey-175g6.2,sidkey175g6.2
16910,si:dkey-182g1.10,sidkey182g1.10
16911,si:dkey-183c6.9,sidkey183c6.9
16912,si:dkey-183i3.5,sidkey183i3.5
16913,si:dkey-183n20.15,sidkey183n20.15
16914,si:dkey-188g12.1,sidkey188g12.1
16915,si:dkey-190j3.4,sidkey190j3.4
16916,si:dkey-192l18.9,sidkey192l18.9
16917,si:dkey-199m13.7,sidkey199m13.7
16918,si:dkey-19a16.1,sidkey19a16.1
16919,si:dkey-20i20.4,sidkey20i20.4
16920,si:dkey-20i20.8,sidkey20i20.8
16921,si:dkey-211i20.2,sidkey211i20.2
16922,si:dkey-21h14.9,sidkey21h14.9
16923,si:dkey-222p3.1,sidkey222p3.1
16924,si:dkey-229d2.7,sidkey229d2.7
16925,si:dkey-237j11.3,sidkey237j11.3
16926,si:dkey-238o14.1,sidkey238o14.1
16927,si:dkey-23c22.7,sidkey23c22.7
16928,si:dkey-241l7.2,sidkey241l7.2
16929,si:dkey-241l7.3,sidkey241l7.3
16930,si:dkey-246j6.3,sidkey246j6.3
16931,si:dkey-249d8.1,sidkey249d8.1
16932,si:dkey-251i10.1,sidkey251i10.1
16933,si:dkey-261j4.5,sidkey261j4.5
16934,si:dkey-263j23.1,sidkey263j23.1
16935,si:dkey-276j7.2,sidkey276j7.2
16936,si:dkey-27j5.3,sidkey27j5.3
16937,si:dkey-285b23.4,sidkey285b23.4
16938,si:dkey-286h21.1,sidkey286h21.1
16939,si:dkey-30c15.12,sidkey30c15.12
16940,si:dkey-30e9.6,sidkey30e9.6
16941,si:dkey-30h22.11,sidkey30h22.11
16942,si:dkey-30j10.5,sidkey30j10.5
16943,si:dkey-32e6.6,sidkey32e6.6
16944,si:dkey-33i11.9,sidkey33i11.9
16945,si:dkey-37o8.1,sidkey37o8.1
16946,si:dkey-40c23.3,sidkey40c23.3
16947,si:dkey-43k4.3,sidkey43k4.3
16948,si:dkey-56m15.6,sidkey56m15.6
16949,si:dkey-5i16.5,sidkey5i16.5
16950,si:dkey-5i3.5,sidkey5i3.5
16951,si:dkey-66g10.2,sidkey66g10.2
16952,si:dkey-71d15.2,sidkey71d15.2
16953,si:dkey-72l17.5,sidkey72l17.5
16954,si:dkey-76b14.2,sidkey76b14.2
16955,si:dkey-88n24.11,sidkey88n24.11
16956,si:dkey-91m11.5,sidkey91m11.5
16957,si:dkey-9k7.3,sidkey9k7.3
16958,si:dkeyp-118b1.2,sidkeyp118b1.2
16959,si:dkeyp-20e4.8,sidkeyp20e4.8
16960,si:dkeyp-46h3.2,sidkeyp46h3.2
16961,si:dkeyp-4f2.1,sidkeyp4f2.1
16962,si:dkeyp-51b9.3,sidkeyp51b9.3
16963,si:dkeyp-53d3.5,sidkeyp53d3.5
16964,si:dkeyp-53e4.4,sidkeyp53e4.4
16965,si:dkeyp-66d1.7,sidkeyp66d1.7
16966,si:dkeyp-72e1.7,sidkeyp72e1.7
16967,si:dkeyp-80d11.4,sidkeyp80d11.4
16968,si:dkeyp-82a1.8,sidkeyp82a1.8
16969,si:dkeyp-82b4.2,sidkeyp82b4.2
16970,si:dkeyp-87d8.8,sidkeyp87d8.8
16971,si:rp71-45g20.10,sirp7145g20.10
16972,si:rp71-77l1.2,sirp7177l1.2
16973,si:rp71-80o10.4,sirp7180o10.4
16974,si:zfos-1505d6.3,sizfos1505d6.3
16975,si:zfos-80g12.1,sizfos80g12.1
16976,slc10a2,slc10a2
16977,slc12a10.3,slc12a10.3
16978,slc12a8,slc12a8
16979,slc14a2,slc14a2
16980,slc17a5,slc17a5
16981,slc22a7b.2,slc22a7b.2
16982,slc2a1a,slc2a1a
16983,slc35f3b,slc35f3b
16984,slc41a2a,slc41a2a
16985,slc4a1a,slc4a1a
16986,slc52a3,slc52a3
16987,slc6a15,slc6a15
16988,slc6a19a.1,slc6a19a.1
16989,slc7a1,slc7a1
16990,slc9a2,slc9a2
16991,slitrk2,slitrk2
16992,smarcd3a,smarcd3a
16993,snx21,snx21
16994,soga3b,soga3b
16995,sostdc1b,sostdc1b
16996,sp100.1,sp100.1
16997,sparcl1,sparcl1
16998,specc1lb,specc1lb
16999,spina,spina
17000,spire2,spire2
17001,spp1,spp1
17002,sprn2,sprn2
17003,srd5a2a,srd5a2a
17004,srfb,srfb
17005,st3gal2,st3gal2
17006,st8sia5,st8sia5
17007,stk38b,stk38b
17008,sult1st4,sult1st4
17009,supt7l,supt7l
17010,syt12,syt12
17011,syt5b,syt5b
17012,szl,szl
17013,tapbp.2,tapbp.2
17014,tbc1d22b,tbc1d22b
17015,tbkbp1,tbkbp1
17016,tbx20,tbx20
17017,tceb3l,tceb3l
17018,tcte1,tcte1
17019,tecta,tecta
17020,tekt1,tekt1
17021,tenm1,tenm1
17022,tgfbr3,tgfbr3
17023,thbs2b,thbs2b
17024,thbs4a,thbs4a
17025,themis,themis
17026,timd4,timd4
17027,tinagl1,tinagl1
17028,tm4sf4,tm4sf4
17029,tmc2b,tmc2b
17030,tmem106bb,tmem106bb
17031,tmem179,tmem179
17032,tmem229b,tmem229b
17033,tmem237a,tmem237a
17034,tmem42b,tmem42b
17035,tmem8a,tmem8a
17036,tmprss9,tmprss9
17037,tnfaip3,tnfaip3
17038,tnnt2e,tnnt2e
17039,tp73,tp73
17040,tpbgb,tpbgb
17041,trim2a,trim2a
17042,trim54,trim54
17043,trpm1a,trpm1a
17044,trpv4,trpv4
17045,ttl,ttl
17046,twf2a,twf2a
17047,uba7,uba7
17048,ubn1,ubn1
17049,uckl1a,uckl1a
17050,ugt5g1,ugt5g1
17051,ugt5g2,ugt5g2
17052,valopa,valopa
17053,vcla,vcla
17054,vegfba,vegfba
17055,vezt,vezt
17056,vhll,vhll
17057,vill,vill
17058,viml,viml
17059,vsnl1b,vsnl1b
17060,vwa2,vwa2
17061,vwa3a,vwa3a
17062,vwa7,vwa7
17063,vwf,vwf
17064,wacb,wacb
17065,wdfy4,wdfy4
17066,wdr20b,wdr20b
17067,wdr21,wdr21
17068,wfdc2,wfdc2
17069,whrna,whrna
17070,wnt3,wnt3
17071,wnt4b,wnt4b
17072,xaf1,xaf1
17073,xirp2b,xirp2b
17074,ypel1,ypel1
17075,zdhhc17,zdhhc17
17076,zgc:110699,zgc110699
17077,zgc:113364,zgc113364
17078,zgc:113625,zgc113625
17079,zgc:113886,zgc113886
17080,zgc:114118,zgc114118
17081,zgc:152977,zgc152977
17082,zgc:153142,zgc153142
17083,zgc:153157,zgc153157
17084,zgc:153681,zgc153681
17085,zgc:154142,zgc154142
17086,zgc:162872,zgc162872
17087,zgc:165514,zgc165514
17088,zgc:165603,zgc165603
17089,zgc:165604,zgc165604
17090,zgc:171426,zgc171426
17091,zgc:171446,zgc171446
17092,zgc:171679,zgc171679
17093,zgc:171977,zgc171977
17094,zgc:172215,zgc172215
17095,zgc:173443,zgc173443
17096,zgc:173545,zgc173545
17097,zgc:173570,zgc173570
17098,zgc:174356,zgc174356
17099,zgc:193790,zgc193790
17100,zgc:194252,zgc194252
17101,zgc:195001,zgc195001
17102,zgc:66440,zgc66440
17103,zgc:73226,zgc73226
17104,zmiz1b,zmiz1b
17105,znf1009,znf1009
17106,znf1016,znf1016
17107,znf1057,znf1057
17108,znf1069,znf1069
17109,znf1075,znf1075
17110,znf1078,znf1078
17111,znf1119,znf1119
17112,znf1131,znf1131
17113,znf1147,znf1147
17114,znf1153,znf1153
17115,znf1163,znf1163
17116,znf326,znf326
17117,znf385c,znf385c
17118,znf407,znf407
17119,znf592,znf592
17120,znf648,znf648
17121,znf977,znf977
17122,znf988,znf988
17123,znfx1,znfx1
17124,zp2.5,zp2.5
17125,zswim6,zswim6
17126,AL928854.1,AL928854.1
17127,AL929266.1,AL929266.1
17128,AL935145.1,AL935145.1
17129,AL935145.2,AL935145.2
17130,AL954322.1,AL954322.1
17131,ARMC6,ARMC6
17132,BX004816.2,BX004816.2
17133,BX004981.1,BX004981.1
17134,BX005085.2,BX005085.2
17135,BX005367.1,BX005367.1
17136,BX005416.1,BX005416.1
17137,BX005438.1,BX005438.1
17138,BX088728.1,BX088728.1
17139,BX248118.1,BX248118.1
17140,BX248510.2,BX248510.2
17141,BX294165.1,BX294165.1
17142,BX321871.1,BX321871.1
17143,BX323839.1,BX323839.1
17144,BX324142.2,BX324142.2
17145,BX470185.1,BX470185.1
17146,BX470242.1,BX470242.1
17147,BX470259.3,BX470259.3
17148,BX511259.1,BX511259.1
17149,BX511272.1,BX511272.1
17150,BX537120.1,BX537120.1
17151,BX548011.5,BX548011.5
17152,BX548028.1,BX548028.1
17153,BX629346.1,BX629346.1
17154,BX629346.2,BX629346.2
17155,BX649231.1,BX649231.1
17156,BX649345.1,BX649345.1
17157,BX649416.1,BX649416.1
17158,BX649484.1,BX649484.1
17159,BX664614.1,BX664614.1
17160,BX908750.1,BX908750.1
17161,BX914205.3,BX914205.3
17162,BX927253.1,BX927253.1
17163,BX927336.1,BX927336.1
17164,BX936420.1,BX936420.1
17165,BX957326.2,BX957326.2
17166,C14orf28,C14orf28
17167,CABZ01002690.1,CABZ01002690.1
17168,CABZ01004876.1,CABZ01004876.1
17169,CABZ01023255.1,CABZ01023255.1
17170,CABZ01061508.1,CABZ01061508.1
17171,CABZ01063034.1,CABZ01063034.1
17172,CABZ01071020.1,CABZ01071020.1
17173,CABZ01071903.1,CABZ01071903.1
17174,CABZ01075521.1,CABZ01075521.1
17175,CABZ01084603.1,CABZ01084603.1
17176,CABZ01085658.1,CABZ01085658.1
17177,CABZ01086812.1,CABZ01086812.1
17178,CABZ01087566.1,CABZ01087566.1
17179,CABZ01088025.1,CABZ01088025.1
17180,CABZ01090785.1,CABZ01090785.1
17181,CABZ01092170.1,CABZ01092170.1
17182,CABZ01093429.1,CABZ01093429.1
17183,CABZ01118770.1,CABZ01118770.1
17184,CACNA2D1,CACNA2D1
17185,CHST6,CHST6
17186,CR339054.1,CR339054.1
17187,CR354383.1,CR354383.1
17188,CR354435.2,CR354435.2
17189,CR354435.5,CR354435.5
17190,CR381540.3,CR381540.3
17191,CR381544.1,CR381544.1
17192,CR381686.1,CR381686.1
17193,CR450698.1,CR450698.1
17194,CR450808.2,CR450808.2
17195,CR457447.1,CR457447.1
17196,CR628323.2,CR628323.2
17197,CR762436.2,CR762436.2
17198,CR769769.1,CR769769.1
17199,CR854838.1,CR854838.1
17200,CR932077.1,CR932077.1
17201,CR932362.1,CR932362.1
17202,CT027638.1,CT027638.1
17203,CT030153.1,CT030153.1
17204,CT978957.1,CT978957.1
17205,CU138553.1,CU138553.1
17206,CU306817.1,CU306817.1
17207,CU459089.1,CU459089.1
17208,CU464118.1,CU464118.1
17209,CU571069.1,CU571069.1
17210,CU571336.1,CU571336.1
17211,CU682604.1,CU682604.1
17212,CU693484.1,CU693484.1
17213,CU856516.1,CU856516.1
17214,CZQB01141835.1,CZQB01141835.1
17215,ERG28,ERG28
17216,FO681288.1,FO681288.1
17217,FO704810.1,FO704810.1
17218,FO704905.1,FO704905.1
17219,FO834857.1,FO834857.1
17220,FOXN2,FOXN2
17221,FP016239.1,FP016239.1
17222,FQ323096.1,FQ323096.1
17223,GALNT10,GALNT10
17224,GNB4,GNB4
17225,GUCY1A2,GUCY1A2
17226,HIST1H4E,HIST1H4E
17227,LO016987.1,LO016987.1
17228,LO017714.1,LO017714.1
17229,LO017872.1,LO017872.1
17230,LO018208.1,LO018208.1
17231,LO018430.1,LO018430.1
17232,LT631684.2,LT631684.2
17233,MYO1G,MYO1G
17234,NC-002333.21,NC-002333.21
17235,PCMTD2,PCMTD2
17236,PPP1R3G,PPP1R3G
17237,RERG,RERG
17238,SH2B2,SH2B2
17239,SLA,SLA
17240,SLC5A10,SLC5A10
17241,SLC6A13,SLC6A13
17242,TCERG1L,TCERG1L
17243,aanat2,aanat2
17244,acss2l,acss2l
17245,adamts16,adamts16
17246,adcy1a,adcy1a
17247,adcyap1a,adcyap1a
17248,adgrg11,adgrg11
17249,adrb1,adrb1
17250,aftphb,aftphb
17251,agbl4,agbl4
17252,agtpbp1,agtpbp1
17253,aipl1,aipl1
17254,alk,alk
17255,ankrd44,ankrd44
17256,anks4b,anks4b
17257,ano8a,ano8a
17258,antxr2b,antxr2b
17259,ap1s3a,ap1s3a
17260,apc2,apc2
17261,aqp9b,aqp9b
17262,arhgap18,arhgap18
17263,arhgap31,arhgap31
17264,arhgap42b,arhgap42b
17265,asb10,asb10
17266,asb13a.2,asb13a.2
17267,asic1b,asic1b
17268,atp8b4,atp8b4
17269,avd,avd
17270,b4galnt1a,b4galnt1a
17271,bin1a,bin1a
17272,blk,blk
17273,btbd2b,btbd2b
17274,c1qc,c1qc
17275,c1qtnf6b,c1qtnf6b
17276,c9,c9
17277,ca5a,ca5a
17278,ca9,ca9
17279,cables2b,cables2b
17280,cacna1bb,cacna1bb
17281,cacna1eb,cacna1eb
17282,cacna1g,cacna1g
17283,cacna2d1a,cacna2d1a
17284,cacng8a,cacng8a
17285,calcoco2,calcoco2
17286,camk1gb,camk1gb
17287,capn15,capn15
17288,capn1b,capn1b
17289,capn3b,capn3b
17290,capn5a,capn5a
17291,caprin2,caprin2
17292,cass4,cass4
17293,cbln20,cbln20
17294,ccdc28a,ccdc28a
17295,ccdc65,ccdc65
17296,ccdc85al,ccdc85al
17297,ccl34a.3,ccl34a.3
17298,ccl34b.8,ccl34b.8
17299,cd302,cd302
17300,cdh24b,cdh24b
17301,cdh27,cdh27
17302,cdhr1a,cdhr1a
17303,cel.1,cel.1
17304,celsr3,celsr3
17305,cep41,cep41
17306,chpfa,chpfa
17307,chrna3,chrna3
17308,chrnb2a,chrnb2a
17309,clca1,clca1
17310,clcn1b,clcn1b
17311,cldn15la,cldn15la
17312,clec11a,clec11a
17313,clmn,clmn
17314,cnga3a,cnga3a
17315,cnih3,cnih3
17316,cntn1b,cntn1b
17317,cntn3a.1,cntn3a.1
17318,cobll1a,cobll1a
17319,col10a1a,col10a1a
17320,col14a1b,col14a1b
17321,colq,colq
17322,cpeb1b,cpeb1b
17323,cps1,cps1
17324,creb3l3b,creb3l3b
17325,crygm4,crygm4
17326,csrp3,csrp3
17327,cx27.5,cx27.5
17328,cx32.3,cx32.3
17329,cxcl11.7,cxcl11.7
17330,cyp11c1,cyp11c1
17331,cyp4f3,cyp4f3
17332,daam2,daam2
17333,daglb,daglb
17334,dbpa,dbpa
17335,dennd1b,dennd1b
17336,derl3,derl3
17337,desmb,desmb
17338,dgke,dgke
17339,dlgap1b,dlgap1b
17340,dnai2b,dnai2b
17341,dnajc25,dnajc25
17342,dnd1,dnd1
17343,dock3,dock3
17344,dpf3,dpf3
17345,drd2a,drd2a
17346,drd3,drd3
17347,dre-mir-19c,dre-mir-19c
17348,dyrk4,dyrk4
17349,eef2a.2,eef2a.2
17350,eif2ak2,eif2ak2
17351,elmsan1a,elmsan1a
17352,epob,epob
17353,eps8l3b,eps8l3b
17354,etv7,etv7
17355,f2r,f2r
17356,f2rl2,f2rl2
17357,f3a,f3a
17358,fam20a,fam20a
17359,fas,fas
17360,fbxo41,fbxo41
17361,fer1l4,fer1l4
17362,fgf19,fgf19
17363,fgf21,fgf21
17364,fnbp1b,fnbp1b
17365,fosaa,fosaa
17366,fosl1b,fosl1b
17367,foxn1,foxn1
17368,frmd4bb,frmd4bb
17369,ftr15,ftr15
17370,ftr73,ftr73
17371,fut9a,fut9a
17372,galnt8a.1,galnt8a.1
17373,gbe1a,gbe1a
17374,gdpd4a,gdpd4a
17375,ggt1b,ggt1b
17376,glra4a,glra4a
17377,gnrhr2,gnrhr2
17378,gpr173,gpr173
17379,grid2ipa,grid2ipa
17380,grm2a,grm2a
17381,grn1,grn1
17382,gstp2,gstp2
17383,gucy1b1,gucy1b1
17384,h2af1al,h2af1al
17385,hdac7b,hdac7b
17386,heatr5b,heatr5b
17387,hepacam2,hepacam2
17388,hipk1a,hipk1a
17389,hist1h2a5,hist1h2a5
17390,hmbox1a,hmbox1a
17391,hnf1a,hnf1a
17392,hrh2b,hrh2b
17393,hsf4,hsf4
17394,hunk,hunk
17395,ifngr1,ifngr1
17396,igfbp1b,igfbp1b
17397,igsf10,igsf10
17398,igsf21b,igsf21b
17399,il13,il13
17400,impdh1a,impdh1a
17401,itga2.2,itga2.2
17402,itih2,itih2
17403,jac2,jac2
17404,jazf1a,jazf1a
17405,kcnf1a,kcnf1a
17406,kcnip3b,kcnip3b
17407,kcnj2a,kcnj2a
17408,kctd7,kctd7
17409,kctd9b,kctd9b
17410,klc1a,klc1a
17411,klhl35,klhl35
17412,kmo,kmo
17413,ldlrad4a,ldlrad4a
17414,lhx8a,lhx8a
17415,lrrc10,lrrc10
17416,malrd1,malrd1
17417,man2a1,man2a1
17418,map3k12,map3k12
17419,map6a,map6a
17420,matk,matk
17421,mcoln1b,mcoln1b
17422,mctp1a,mctp1a
17423,mctp2a,mctp2a
17424,mgea5l,mgea5l
17425,mid1,mid1
17426,ms4a17a.1,ms4a17a.1
17427,ms4a17a.6,ms4a17a.6
17428,mul1b,mul1b
17429,mybpha,mybpha
17430,myh11b,myh11b
17431,nanos3,nanos3
17432,napbb,napbb
17433,nceh1b.1,nceh1b.1
17434,ndufs8b,ndufs8b
17435,nr1d1,nr1d1
17436,nr1d4b,nr1d4b
17437,nt5c1ba,nt5c1ba
17438,nt5c1bb,nt5c1bb
17439,ntrk2a,ntrk2a
17440,nyap2a,nyap2a
17441,oafa,oafa
17442,onecutl,onecutl
17443,opn6a,opn6a
17444,or118-2,or118-2
17445,orai2,orai2
17446,pappaa,pappaa
17447,pax1a,pax1a
17448,pcdh1g22,pcdh1g22
17449,pcdh1g30,pcdh1g30
17450,pcyt1ba,pcyt1ba
17451,pde6c,pde6c
17452,pde6gb,pde6gb
17453,pgap1,pgap1
17454,phf11,phf11
17455,pias4b,pias4b
17456,pid1,pid1
17457,pik3c2g,pik3c2g
17458,pimr178,pimr178
17459,pkz,pkz
17460,pla2g12b,pla2g12b
17461,plp1b,plp1b
17462,plscr3a,plscr3a
17463,polr3g,polr3g
17464,postna,postna
17465,ppp2r2bb,ppp2r2bb
17466,ppp2r5b,ppp2r5b
17467,prdm1b,prdm1b
17468,prkcq,prkcq
17469,prkg1b,prkg1b
17470,prl,prl
17471,prlra,prlra
17472,prrt2,prrt2
17473,psmb11b,psmb11b
17474,ptger4c,ptger4c
17475,ptgir,ptgir
17476,pthlha,pthlha
17477,ptprq,ptprq
17478,rab3da,rab3da
17479,rap1gap2b,rap1gap2b
17480,rgs6,rgs6
17481,rhbdf1b,rhbdf1b
17482,rln1,rln1
17483,rnf167,rnf167
17484,rnf19b,rnf19b
17485,rnf212,rnf212
17486,rp1l1b,rp1l1b
17487,rpp25b,rpp25b
17488,rsad1,rsad1
17489,rxfp3.2b,rxfp3.2b
17490,satb2,satb2
17491,sc:d189,scd189
17492,scn12ab,scn12ab
17493,scn1lab,scn1lab
17494,sema4aa,sema4aa
17495,sema6bb,sema6bb
17496,sh3pxd2ab,sh3pxd2ab
17497,si:cabz01059983.1,sicabz01059983.1
17498,si:ch211-106h4.5,sich211106h4.5
17499,si:ch211-113d22.2,sich211113d22.2
17500,si:ch211-114m9.1,sich211114m9.1
17501,si:ch211-129p6.2,sich211129p6.2
17502,si:ch211-133n4.7,sich211133n4.7
17503,si:ch211-139g16.8,sich211139g16.8
17504,si:ch211-151h10.2,sich211151h10.2
17505,si:ch211-155k24.1,sich211155k24.1
17506,si:ch211-163l21.11,sich211163l21.11
17507,si:ch211-167j9.5,sich211167j9.5
17508,si:ch211-170d8.8,sich211170d8.8
17509,si:ch211-173a9.7,sich211173a9.7
17510,si:ch211-182d3.1,sich211182d3.1
17511,si:ch211-193k19.1,sich211193k19.1
17512,si:ch211-196f2.7,sich211196f2.7
17513,si:ch211-196g2.4,sich211196g2.4
17514,si:ch211-1a19.3,sich2111a19.3
17515,si:ch211-214b16.3,sich211214b16.3
17516,si:ch211-215a10.4,sich211215a10.4
17517,si:ch211-226h8.11,sich211226h8.11
17518,si:ch211-226h8.15,sich211226h8.15
17519,si:ch211-229b6.1,sich211229b6.1
17520,si:ch211-235i11.7,sich211235i11.7
17521,si:ch211-235m3.5,sich211235m3.5
17522,si:ch211-243o19.4,sich211243o19.4
17523,si:ch211-252f13.5,sich211252f13.5
17524,si:ch211-255p10.4,sich211255p10.4
17525,si:ch211-257p13.3,sich211257p13.3
17526,si:ch211-260e23.8,sich211260e23.8
17527,si:ch211-263p13.7,sich211263p13.7
17528,si:ch211-282j17.2,sich211282j17.2
17529,si:ch211-59p23.1,sich21159p23.1
17530,si:ch211-66i15.4,sich21166i15.4
17531,si:ch211-73m21.1,sich21173m21.1
17532,si:ch73-190f9.4,sich73190f9.4
17533,si:ch73-194c23.1,sich73194c23.1
17534,si:ch73-206d17.1,sich73206d17.1
17535,si:ch73-21k16.5,sich7321k16.5
17536,si:ch73-223f5.1,sich73223f5.1
17537,si:ch73-244f7.3,sich73244f7.3
17538,si:ch73-261i21.5,sich73261i21.5
17539,si:ch73-288o11.4,sich73288o11.4
17540,si:ch73-299h12.4,sich73299h12.4
17541,si:ch73-36p18.1,sich7336p18.1
17542,si:ch73-381f5.2,sich73381f5.2
17543,si:ch73-40a2.1,sich7340a2.1
17544,si:dkey-117a8.4,sidkey117a8.4
17545,si:dkey-148a17.5,sidkey148a17.5
17546,si:dkey-14o18.1,sidkey14o18.1
17547,si:dkey-183j2.10,sidkey183j2.10
17548,si:dkey-1b17.1,sidkey1b17.1
17549,si:dkey-1b17.5,sidkey1b17.5
17550,si:dkey-201i24.6,sidkey201i24.6
17551,si:dkey-204a24.11,sidkey204a24.11
17552,si:dkey-219e20.2,sidkey219e20.2
17553,si:dkey-223p19.1,sidkey223p19.1
17554,si:dkey-234i14.3,sidkey234i14.3
17555,si:dkey-238d18.3,sidkey238d18.3
17556,si:dkey-239b22.2,sidkey239b22.2
17557,si:dkey-246i14.3,sidkey246i14.3
17558,si:dkey-246j6.1,sidkey246j6.1
17559,si:dkey-249p7.4,sidkey249p7.4
17560,si:dkey-253d23.11,sidkey253d23.11
17561,si:dkey-258f14.2,sidkey258f14.2
17562,si:dkey-264d12.4,sidkey264d12.4
17563,si:dkey-265e15.5,sidkey265e15.5
17564,si:dkey-27j5.5,sidkey27j5.5
17565,si:dkey-280e8.1,sidkey280e8.1
17566,si:dkey-30c15.13,sidkey30c15.13
17567,si:dkey-40c11.1,sidkey40c11.1
17568,si:dkey-42l23.4,sidkey42l23.4
17569,si:dkey-4c15.12,sidkey4c15.12
17570,si:dkey-4c15.16,sidkey4c15.16
17571,si:dkey-4c23.3,sidkey4c23.3
17572,si:dkey-69c1.1,sidkey69c1.1
17573,si:dkey-71l4.4,sidkey71l4.4
17574,si:dkey-72l14.3,sidkey72l14.3
17575,si:dkey-86e18.2,sidkey86e18.2
17576,si:dkey-86l18.10,sidkey86l18.10
17577,si:dkey-94e7.2,sidkey94e7.2
17578,si:dkey-94l16.4,sidkey94l16.4
17579,si:dkey-97m3.1,sidkey97m3.1
17580,si:dkeyp-46h3.3,sidkeyp46h3.3
17581,si:dkeyp-81f3.4,sidkeyp81f3.4
17582,skila,skila
17583,slc10a4,slc10a4
17584,slc13a1,slc13a1
17585,slc22a13a,slc22a13a
17586,slc22a4,slc22a4
17587,slc22a6l,slc22a6l
17588,slc25a32b,slc25a32b
17589,slc2a15b,slc2a15b
17590,slc2a3a,slc2a3a
17591,slc2a8,slc2a8
17592,slc34a1a,slc34a1a
17593,slc35a1,slc35a1
17594,slc39a4,slc39a4
17595,slc41a2b,slc41a2b
17596,slc6a6b,slc6a6b
17597,snn,snn
17598,sntg2,sntg2
17599,socs9,socs9
17600,spdya,spdya
17601,spp2,spp2
17602,sprn,sprn
17603,stc1l,stc1l
17604,strip2,strip2
17605,stx7l,stx7l
17606,sumo2a,sumo2a
17607,sv2,sv2
17608,swap70a,swap70a
17609,syn2a,syn2a
17610,syngr3b,syngr3b
17611,sypl1,sypl1
17612,syt9b,syt9b
17613,tac1,tac1
17614,tbc1d24,tbc1d24
17615,tbc1d32,tbc1d32
17616,tbc1d9,tbc1d9
17617,tbx4,tbx4
17618,tex11,tex11
17619,tfr2,tfr2
17620,th2,th2
17621,tiam2b,tiam2b
17622,tmem168a,tmem168a
17623,tmem169b,tmem169b
17624,tmem173,tmem173
17625,tmem176l.2,tmem176l.2
17626,tmem254,tmem254
17627,tnni4a,tnni4a
17628,tor4ab,tor4ab
17629,traf3,traf3
17630,tshr,tshr
17631,ttbk2a,ttbk2a
17632,ubash3bb,ubash3bb
17633,ugp2a,ugp2a
17634,ugt5b5,ugt5b5
17635,ulk3,ulk3
17636,unc119.2,unc119.2
17637,vegfbb,vegfbb
17638,veph1,veph1
17639,vgll3,vgll3
17640,vtnb,vtnb
17641,vwa10.2,vwa10.2
17642,wdr27,wdr27
17643,whrnb,whrnb
17644,wnt10b,wnt10b
17645,wscd2,wscd2
17646,xylt2,xylt2
17647,zbtb43,zbtb43
17648,zbtb46,zbtb46
17649,zgc:100997,zgc100997
17650,zgc:103755,zgc103755
17651,zgc:112001,zgc112001
17652,zgc:112977,zgc112977
17653,zgc:113274,zgc113274
17654,zgc:123103,zgc123103
17655,zgc:123238,zgc123238
17656,zgc:136872,zgc136872
17657,zgc:152652,zgc152652
17658,zgc:153119,zgc153119
17659,zgc:153615,zgc153615
17660,zgc:158404,zgc158404
17661,zgc:158659,zgc158659
17662,zgc:162971,zgc162971
17663,zgc:171601,zgc171601
17664,zgc:172302,zgc172302
17665,zgc:172323,zgc172323
17666,zgc:173581,zgc173581
17667,zgc:173615,zgc173615
17668,zgc:195356,zgc195356
17669,zgc:92658,zgc92658
17670,zmp:0000000634,zmp0000000634
17671,zmp:0000001267,zmp0000001267
17672,znf1003,znf1003
17673,znf1010,znf1010
17674,znf1043,znf1043
17675,znf1093,znf1093
17676,znf1096,znf1096
17677,znf1109,znf1109
17678,znf1110,znf1110
17679,znf1111,znf1111
17680,znf1137,znf1137
17681,znf1144,znf1144
17682,znf1145,znf1145
17683,znf1158,znf1158
17684,znf513b,znf513b
17685,zp3d.1,zp3d.1
17686,AL831745.1,AL831745.1
17687,AL928657.1,AL928657.1
17688,AL929536.6,AL929536.6
17689,AL935295.1,AL935295.1
17690,AL954741.2,AL954741.2
17691,AMDHD1,AMDHD1
17692,B3GNT3,B3GNT3
17693,BX005043.1,BX005043.1
17694,BX005129.4,BX005129.4
17695,BX119915.2,BX119915.2
17696,BX119963.1,BX119963.1
17697,BX248331.2,BX248331.2
17698,BX276101.2,BX276101.2
17699,BX294160.1,BX294160.1
17700,BX322555.3,BX322555.3
17701,BX322574.1,BX322574.1
17702,BX322665.2,BX322665.2
17703,BX323590.3,BX323590.3
17704,BX323861.3,BX323861.3
17705,BX324213.1,BX324213.1
17706,BX465228.1,BX465228.1
17707,BX510992.1,BX510992.1
17708,BX511018.2,BX511018.2
17709,BX537120.2,BX537120.2
17710,BX544876.1,BX544876.1
17711,BX572103.1,BX572103.1
17712,BX649448.3,BX649448.3
17713,BX649490.2,BX649490.2
17714,BX649521.1,BX649521.1
17715,BX664716.1,BX664716.1
17716,BX682550.1,BX682550.1
17717,BX908780.1,BX908780.1
17718,BX908797.1,BX908797.1
17719,BX927394.1,BX927394.1
17720,BX957322.3,BX957322.3
17721,C11orf96,C11orf96
17722,CABZ01031870.1,CABZ01031870.1
17723,CABZ01043952.1,CABZ01043952.1
17724,CABZ01044156.1,CABZ01044156.1
17725,CABZ01046949.1,CABZ01046949.1
17726,CABZ01068358.1,CABZ01068358.1
17727,CABZ01069162.1,CABZ01069162.1
17728,CABZ01070852.1,CABZ01070852.1
17729,CABZ01071939.1,CABZ01071939.1
17730,CABZ01079192.1,CABZ01079192.1
17731,CABZ01081730.1,CABZ01081730.1
17732,CABZ01083448.1,CABZ01083448.1
17733,CABZ01084131.1,CABZ01084131.1
17734,CABZ01088906.1,CABZ01088906.1
17735,CABZ01092781.1,CABZ01092781.1
17736,CABZ01117603.1,CABZ01117603.1
17737,CABZ01118678.1,CABZ01118678.1
17738,CR318588.1,CR318588.1
17739,CR339041.3,CR339041.3
17740,CR377210.1,CR377210.1
17741,CR381686.3,CR381686.3
17742,CR385053.1,CR385053.1
17743,CR385078.1,CR385078.1
17744,CR388095.1,CR388095.1
17745,CR388168.2,CR388168.2
17746,CR388207.1,CR388207.1
17747,CR392012.2,CR392012.2
17748,CR788316.1,CR788316.1
17749,CR790366.1,CR790366.1
17750,CR848025.1,CR848025.1
17751,CR848791.1,CR848791.1
17752,CR936977.2,CR936977.2
17753,CR974456.1,CR974456.1
17754,CT033796.2,CT033796.2
17755,CU468826.3,CU468826.3
17756,CU571163.1,CU571163.1
17757,CU655961.3,CU655961.3
17758,CU694532.1,CU694532.1
17759,CU694808.1,CU694808.1
17760,CU855895.2,CU855895.2
17761,CU855936.2,CU855936.2
17762,CU929145.3,CU929145.3
17763,CU929391.3,CU929391.3
17764,FO834825.1,FO834825.1
17765,FO905027.1,FO905027.1
17766,FO907089.1,FO907089.1
17767,FP102169.1,FP102169.1
17768,FP102170.1,FP102170.1
17769,FQ377918.1,FQ377918.1
17770,GPR151,GPR151
17771,HTRA3,HTRA3
17772,KRT18,KRT18
17773,LO017829.1,LO017829.1
17774,LO017850.1,LO017850.1
17775,LO018102.1,LO018102.1
17776,LO018333.1,LO018333.1
17777,LO018629.1,LO018629.1
17778,NC-002333.19,NC-002333.19
17779,NEK3,NEK3
17780,NINJ1,NINJ1
17781,PLCB1,PLCB1
17782,SBSPON,SBSPON
17783,SORCS3,SORCS3
17784,aadac,aadac
17785,abcf2b,abcf2b
17786,actl6b,actl6b
17787,adad1,adad1
17788,adamts15b,adamts15b
17789,adgrb1b,adgrb1b
17790,adgrd1,adgrd1
17791,adss,adss
17792,aifm3,aifm3
17793,ajap1,ajap1
17794,akap7,akap7
17795,alp3,alp3
17796,ampd3a,ampd3a
17797,ankdd1b,ankdd1b
17798,ankrd27,ankrd27
17799,ankrd33aa,ankrd33aa
17800,ano1,ano1
17801,ano6,ano6
17802,apom,apom
17803,arfgef3,arfgef3
17804,arhgap44,arhgap44
17805,arhgef3,arhgef3
17806,arl14,arl14
17807,arsh,arsh
17808,asah2,asah2
17809,asphd1,asphd1
17810,asz1,asz1
17811,atmin,atmin
17812,b3galt1a,b3galt1a
17813,bcan,bcan
17814,bcl2b,bcl2b
17815,bhlhe23,bhlhe23
17816,bsx,bsx
17817,btr07,btr07
17818,c6ast1,c6ast1
17819,cables1,cables1
17820,cabp2a,cabp2a
17821,cacna1fb,cacna1fb
17822,cacnb2b,cacnb2b
17823,cadpsa,cadpsa
17824,camkk1a,camkk1a
17825,camsap3,camsap3
17826,capga,capga
17827,cbln13,cbln13
17828,cbln17,cbln17
17829,ccdc136b,ccdc136b
17830,ccdc175,ccdc175
17831,ccl25a,ccl25a
17832,ccr12b.2,ccr12b.2
17833,ccser1,ccser1
17834,cd79a,cd79a
17835,cdca9,cdca9
17836,cdh7b,cdh7b
17837,cdip1,cdip1
17838,cdx1b,cdx1b
17839,cep170b,cep170b
17840,cept1a,cept1a
17841,cers1,cers1
17842,chrna6,chrna6
17843,cidec,cidec
17844,ckmt2a,ckmt2a
17845,clic5b,clic5b
17846,cnga2,cnga2
17847,cnga3b,cnga3b
17848,cngb3.1,cngb3.1
17849,cngb3.2,cngb3.2
17850,col17a1a,col17a1a
17851,col21a1,col21a1
17852,crmp1,crmp1
17853,crygm2d20,crygm2d20
17854,cts12,cts12
17855,cx52.6,cx52.6
17856,cyb5d2,cyb5d2
17857,cyp11a2,cyp11a2
17858,cyr61l1,cyr61l1
17859,dao.3,dao.3
17860,dapk3,dapk3
17861,def6c,def6c
17862,dennd1a,dennd1a
17863,dgat1a,dgat1a
17864,dmbx1b,dmbx1b
17865,dnai2a,dnai2a
17866,dre-mir-124-5,dre-mir-124-5
17867,dre-mir-29b-1,dre-mir-29b-1
17868,dre-mir-30b,dre-mir-30b
17869,dthd1,dthd1
17870,egln1a,egln1a
17871,eif4e1b,eif4e1b
17872,eogt,eogt
17873,ern2,ern2
17874,esr2a,esr2a
17875,esrra,esrra
17876,faah2b,faah2b
17877,fam171a1,fam171a1
17878,faxca,faxca
17879,fbxl13,fbxl13
17880,fbxo36a,fbxo36a
17881,fdft1,fdft1
17882,fer1l6,fer1l6
17883,fgf11b,fgf11b
17884,fgfbp1b,fgfbp1b
17885,fmn1,fmn1
17886,fndc7b,fndc7b
17887,foxg1c,foxg1c
17888,ftr60,ftr60
17889,fyba,fyba
17890,gabrr3b,gabrr3b
17891,gcgb,gcgb
17892,gcgra,gcgra
17893,gfpt2,gfpt2
17894,gfral,gfral
17895,gltpa,gltpa
17896,gnb5a,gnb5a
17897,gnb5b,gnb5b
17898,gpc1a,gpc1a
17899,gpib,gpib
17900,gpnmb,gpnmb
17901,gpr137bb,gpr137bb
17902,gpr78a,gpr78a
17903,grifin,grifin
17904,grik4,grik4
17905,grin2aa,grin2aa
17906,grin2ab,grin2ab
17907,grm5a,grm5a
17908,grm8b,grm8b
17909,gsg1l,gsg1l
17910,guca1c,guca1c
17911,gypc,gypc
17912,hcar1-4,hcar1-4
17913,hecw1b,hecw1b
17914,hist1h2ba,hist1h2ba
17915,hook2,hook2
17916,hoxc6a,hoxc6a
17917,iffo1a,iffo1a
17918,il17c,il17c
17919,impg1b,impg1b
17920,iqch,iqch
17921,iqsec3b,iqsec3b
17922,ism2a,ism2a
17923,itfg1,itfg1
17924,itgb3a,itgb3a
17925,itln2,itln2
17926,itpr2,itpr2
17927,kalrna,kalrna
17928,kazna,kazna
17929,kcnj1a.1,kcnj1a.1
17930,kcnk10b,kcnk10b
17931,kcnk17,kcnk17
17932,kctd4,kctd4
17933,kdf1b,kdf1b
17934,kdr,kdr
17935,kif26bb,kif26bb
17936,kif3ca,kif3ca
17937,klc3,klc3
17938,klf6b,klf6b
17939,l1cama,l1cama
17940,larp6b,larp6b
17941,ldlrap1b,ldlrap1b
17942,lhfpl3,lhfpl3
17943,lipcb,lipcb
17944,loxhd1a,loxhd1a
17945,lrrc74b,lrrc74b
17946,lrtm2b,lrtm2b
17947,magixb,magixb
17948,malt3,malt3
17949,map4k3b,map4k3b
17950,mapk8ip2,mapk8ip2
17951,mc5ra,mc5ra
17952,mdga1,mdga1
17953,med17,med17
17954,mfap5,mfap5
17955,mfsd2b,mfsd2b
17956,mgat3b,mgat3b
17957,mmp28,mmp28
17958,ms4a17a.3,ms4a17a.3
17959,msh5,msh5
17960,mstnb,mstnb
17961,mthfd2l,mthfd2l
17962,mybpc1,mybpc1
17963,myha,myha
17964,mylk4a,mylk4a
17965,nabp1b,nabp1b
17966,necab1,necab1
17967,neurl4,neurl4
17968,nkx1.2lb,nkx1.2lb
17969,nmnat2,nmnat2
17970,nmu,nmu
17971,nod1,nod1
17972,npbwr2a,npbwr2a
17973,npffl,npffl
17974,nphs2,nphs2
17975,nt5dc1,nt5dc1
17976,oprd1a,oprd1a
17977,or111-11,or111-11
17978,pacsin1a,pacsin1a
17979,pafah1b2,pafah1b2
17980,parapinopsinb,parapinopsinb
17981,pax3b,pax3b
17982,pcbp3,pcbp3
17983,pcdh1g1,pcdh1g1
17984,pctp,pctp
17985,pde5aa,pde5aa
17986,pdzd7a,pdzd7a
17987,pea15,pea15
17988,pex6,pex6
17989,pfkma,pfkma
17990,pigrl2.3,pigrl2.3
17991,pla2g4aa,pla2g4aa
17992,plac8l1,plac8l1
17993,plek2,plek2
17994,plxnd1,plxnd1
17995,pmt,pmt
17996,pnx,pnx
17997,poc1a,poc1a
17998,ppp1r16a,ppp1r16a
17999,ppp1r42,ppp1r42
18000,prlrb,prlrb
18001,prss60.2,prss60.2
18002,pstpip1a,pstpip1a
18003,ptchd4,ptchd4
18004,ptges,ptges
18005,ptx3b,ptx3b
18006,pyyb,pyyb
18007,rab11al,rab11al
18008,rab11fip1b,rab11fip1b
18009,rab27b,rab27b
18010,rag1,rag1
18011,rapgef3,rapgef3
18012,rargb,rargb
18013,rasa4,rasa4
18014,rdh1,rdh1
18015,rell2,rell2
18016,rergla,rergla
18017,retreg1,retreg1
18018,rin1a,rin1a
18019,rnf207b,rnf207b
18020,rxfp3.3a1,rxfp3.3a1
18021,rxfp3.3a3,rxfp3.3a3
18022,scn12aa,scn12aa
18023,serpini1,serpini1
18024,sgsm1a,sgsm1a
18025,sh2b3,sh2b3
18026,sh2d1aa,sh2d1aa
18027,sh2d4ba,sh2d4ba
18028,shank1,shank1
18029,shank2,shank2
18030,shisa2b,shisa2b
18031,si:cabz01071912.2,sicabz01071912.2
18032,si:ch1073-390k14.1,sich1073390k14.1
18033,si:ch211-120e1.7,sich211120e1.7
18034,si:ch211-121j5.4,sich211121j5.4
18035,si:ch211-145h19.5,sich211145h19.5
18036,si:ch211-147k9.8,sich211147k9.8
18037,si:ch211-160f23.7,sich211160f23.7
18038,si:ch211-161h7.5,sich211161h7.5
18039,si:ch211-167j9.4,sich211167j9.4
18040,si:ch211-168d23.3,sich211168d23.3
18041,si:ch211-176g6.1,sich211176g6.1
18042,si:ch211-191o15.6,sich211191o15.6
18043,si:ch211-197l9.2,sich211197l9.2
18044,si:ch211-214p16.3,sich211214p16.3
18045,si:ch211-235o23.1,sich211235o23.1
18046,si:ch211-236d3.4,sich211236d3.4
18047,si:ch211-244a23.1,sich211244a23.1
18048,si:ch211-251j10.3,sich211251j10.3
18049,si:ch211-269e2.1,sich211269e2.1
18050,si:ch211-274f20.2,sich211274f20.2
18051,si:ch211-277c7.6,sich211277c7.6
18052,si:ch211-278p9.3,sich211278p9.3
18053,si:ch211-27e6.1,sich21127e6.1
18054,si:ch211-283g2.3,sich211283g2.3
18055,si:ch211-285j22.3,sich211285j22.3
18056,si:ch211-28p3.3,sich21128p3.3
18057,si:ch211-33e4.2,sich21133e4.2
18058,si:ch211-74m13.3,sich21174m13.3
18059,si:ch211-81a5.5,sich21181a5.5
18060,si:ch211-93e11.8,sich21193e11.8
18061,si:ch73-111m19.2,sich73111m19.2
18062,si:ch73-196l6.5,sich73196l6.5
18063,si:ch73-21k16.1,sich7321k16.1
18064,si:ch73-223f5.2,sich73223f5.2
18065,si:ch73-226l13.2,sich73226l13.2
18066,si:ch73-23l24.1,sich7323l24.1
18067,si:ch73-256j6.2,sich73256j6.2
18068,si:ch73-290k24.6,sich73290k24.6
18069,si:ch73-299h12.9,sich73299h12.9
18070,si:ch73-335l21.2,sich73335l21.2
18071,si:ch73-59c19.1,sich7359c19.1
18072,si:dkey-109j17.5,sidkey109j17.5
18073,si:dkey-13p1.3,sidkey13p1.3
18074,si:dkey-13p1.4,sidkey13p1.4
18075,si:dkey-14o6.2,sidkey14o6.2
18076,si:dkey-156m2.3,sidkey156m2.3
18077,si:dkey-161j23.6,sidkey161j23.6
18078,si:dkey-16j16.4,sidkey16j16.4
18079,si:dkey-16p6.2,sidkey16p6.2
18080,si:dkey-172k15.6,sidkey172k15.6
18081,si:dkey-178o16.4,sidkey178o16.4
18082,si:dkey-191g9.5,sidkey191g9.5
18083,si:dkey-199m13.5,sidkey199m13.5
18084,si:dkey-19b23.15,sidkey19b23.15
18085,si:dkey-1b17.6,sidkey1b17.6
18086,si:dkey-1f1.3,sidkey1f1.3
18087,si:dkey-216e24.3,sidkey216e24.3
18088,si:dkey-248e17.5,sidkey248e17.5
18089,si:dkey-250k10.1,sidkey250k10.1
18090,si:dkey-264f17.2,sidkey264f17.2
18091,si:dkey-265e15.2,sidkey265e15.2
18092,si:dkey-283b1.7,sidkey283b1.7
18093,si:dkey-29p10.4,sidkey29p10.4
18094,si:dkey-37m8.11,sidkey37m8.11
18095,si:dkey-57k2.6,sidkey57k2.6
18096,si:dkey-58f10.4,sidkey58f10.4
18097,si:dkey-66a8.7,sidkey66a8.7
18098,si:dkey-78a14.4,sidkey78a14.4
18099,si:dkey-88j15.3,sidkey88j15.3
18100,si:dkey-90l23.2,sidkey90l23.2
18101,si:dkeyp-11g8.3,sidkeyp11g8.3
18102,si:dkeyp-123a12.2,sidkeyp123a12.2
18103,si:dkeyp-44d3.1,sidkeyp44d3.1
18104,si:dkeyp-46h3.1,sidkeyp46h3.1
18105,si:dkeyp-4c4.2,sidkeyp4c4.2
18106,si:dkeyp-51f12.3,sidkeyp51f12.3
18107,si:dkeyp-53d3.3,sidkeyp53d3.3
18108,si:dkeyp-87a6.2,sidkeyp87a6.2
18109,si:dkeyp-98a7.9,sidkeyp98a7.9
18110,si:rp71-68n21.12,sirp7168n21.12
18111,sik2a,sik2a
18112,slc19a1,slc19a1
18113,slc35e3,slc35e3
18114,slc46a3,slc46a3
18115,slc5a7a,slc5a7a
18116,slc8a4a,slc8a4a
18117,sobpb,sobpb
18118,socs2,socs2
18119,sorbs2a,sorbs2a
18120,spi2,spi2
18121,srd5a1,srd5a1
18122,synpo2la,synpo2la
18123,tbc1d20,tbc1d20
18124,tbr1a,tbr1a
18125,tdp2a,tdp2a
18126,tdrd9,tdrd9
18127,tepsin,tepsin
18128,tfr1a,tfr1a
18129,tle2b,tle2b
18130,tmeff1a,tmeff1a
18131,tmem241,tmem241
18132,tmtops2b,tmtops2b
18133,tnfrsfa,tnfrsfa
18134,tnmd,tnmd
18135,trim35-33,trim35-33
18136,trpc4a,trpc4a
18137,trpc4b,trpc4b
18138,trpm4b.2,trpm4b.2
18139,tulp4b,tulp4b
18140,tusc5b,tusc5b
18141,vip,vip
18142,vkorc1,vkorc1
18143,wbp1lb,wbp1lb
18144,xkr7,xkr7
18145,xxylt1,xxylt1
18146,ydjc,ydjc
18147,zbtb34,zbtb34
18148,zgc:103759,zgc103759
18149,zgc:113142,zgc113142
18150,zgc:113531,zgc113531
18151,zgc:114175,zgc114175
18152,zgc:123217,zgc123217
18153,zgc:123244,zgc123244
18154,zgc:123297,zgc123297
18155,zgc:136410,zgc136410
18156,zgc:152857,zgc152857
18157,zgc:153311,zgc153311
18158,zgc:158463,zgc158463
18159,zgc:162171,zgc162171
18160,zgc:171435,zgc171435
18161,zgc:172139,zgc172139
18162,zgc:172218,zgc172218
18163,zgc:173705,zgc173705
18164,zgc:174931,zgc174931
18165,zgc:194659,zgc194659
18166,zgc:63569,zgc63569
18167,zgc:64189,zgc64189
18168,zgc:77375,zgc77375
18169,zglp1,zglp1
18170,zmp:0000001228,zmp0000001228
18171,znf1017,znf1017
18172,znf1067,znf1067
18173,znf1073,znf1073
18174,znf1084,znf1084
18175,znf1167,znf1167
18176,znf1173,znf1173
18177,znf990,znf990
18178,zp2l1,zp2l1
18179,zp3c,zp3c
18180,AL844141.1,AL844141.1
18181,BX005108.2,BX005108.2
18182,BX323031.1,BX323031.1
18183,BX323588.1,BX323588.1
18184,BX324164.2,BX324164.2
18185,BX324216.4,BX324216.4
18186,BX465849.1,BX465849.1
18187,BX511023.1,BX511023.1
18188,BX511028.1,BX511028.1
18189,BX530407.4,BX530407.4
18190,BX649388.3,BX649388.3
18191,BX936382.1,BX936382.1
18192,BX950224.1,BX950224.1
18193,CABZ01048053.1,CABZ01048053.1
18194,CABZ01067150.1,CABZ01067150.1
18195,CABZ01079550.1,CABZ01079550.1
18196,CABZ01080918.1,CABZ01080918.1
18197,CABZ01083862.1,CABZ01083862.1
18198,CABZ01087415.1,CABZ01087415.1
18199,CABZ01088149.1,CABZ01088149.1
18200,CABZ01088367.1,CABZ01088367.1
18201,CAPN1,CAPN1
18202,CDH18,CDH18
18203,CR376741.1,CR376741.1
18204,CR381647.3,CR381647.3
18205,CR388129.1,CR388129.1
18206,CR396584.1,CR396584.1
18207,CR450793.1,CR450793.1
18208,CR456627.1,CR456627.1
18209,CR626941.1,CR626941.1
18210,CR759879.1,CR759879.1
18211,CR925761.1,CR925761.1
18212,CT027756.3,CT027756.3
18213,CU179656.1,CU179656.1
18214,CU207354.2,CU207354.2
18215,CU467905.1,CU467905.1
18216,CU570691.1,CU570691.1
18217,CU633479.7,CU633479.7
18218,CU984600.3,CU984600.3
18219,FO681286.1,FO681286.1
18220,FO704610.1,FO704610.1
18221,KCNV1,KCNV1
18222,LO018490.1,LO018490.1
18223,NMNAT3,NMNAT3
18224,RF00190,RF00190
18225,SCTR,SCTR
18226,abcb11a,abcb11a
18227,abcg4b,abcg4b
18228,ablim2,ablim2
18229,acvr2ab,acvr2ab
18230,adad2,adad2
18231,adarb1b,adarb1b
18232,admp,admp
18233,ahr1b,ahr1b
18234,akt1,akt1
18235,ampd1,ampd1
18236,ankrd37,ankrd37
18237,ap1m3,ap1m3
18238,apoba,apoba
18239,arvcfa,arvcfa
18240,avpr1ab,avpr1ab
18241,barhl1b,barhl1b
18242,bfb,bfb
18243,bmp8a,bmp8a
18244,c1qtnf2,c1qtnf2
18245,ca15a,ca15a
18246,cacna1aa,cacna1aa
18247,cand2,cand2
18248,ccl35.1,ccl35.1
18249,cdk5r2b,cdk5r2b
18250,cdr2a,cdr2a
18251,ceacam1,ceacam1
18252,cep170ab,cep170ab
18253,clcn2c,clcn2c
18254,cpne4a,cpne4a
18255,csf1rb,csf1rb
18256,csgalnact1a,csgalnact1a
18257,cyp27a1.2,cyp27a1.2
18258,cyp46a1.4,cyp46a1.4
18259,dclk3,dclk3
18260,dlgap4b,dlgap4b
18261,dmgdh,dmgdh
18262,dnai1.2,dnai1.2
18263,dre-mir-101b,dre-mir-101b
18264,dre-mir-21-2,dre-mir-21-2
18265,dscama,dscama
18266,e2f1,e2f1
18267,esyt1b,esyt1b
18268,fam167aa,fam167aa
18269,fam241a,fam241a
18270,fam89b,fam89b
18271,fbxo4,fbxo4
18272,ftr13,ftr13
18273,fzd1,fzd1
18274,gabra4,gabra4
18275,galr1b,galr1b
18276,gfi1aa,gfi1aa
18277,gja5a,gja5a
18278,gpr137ba,gpr137ba
18279,grid2ipb,grid2ipb
18280,grk1b,grk1b
18281,hao1,hao1
18282,hbl2,hbl2
18283,il11a,il11a
18284,inhbab,inhbab
18285,irf4b,irf4b
18286,itcha,itcha
18287,itchb,itchb
18288,itgbl1,itgbl1
18289,itih1,itih1
18290,kcnb2,kcnb2
18291,kif28,kif28
18292,lats2,lats2
18293,lrfn4a,lrfn4a
18294,lrguk,lrguk
18295,ly6m5,ly6m5
18296,lypd6b,lypd6b
18297,mfsd9,mfsd9
18298,nalcn,nalcn
18299,nfatc2a,nfatc2a
18300,nitr5,nitr5
18301,nkd3,nkd3
18302,nr6a1b,nr6a1b
18303,nt5dc3,nt5dc3
18304,ntn2,ntn2
18305,nup85,nup85
18306,omgb,omgb
18307,otofb,otofb
18308,paplna,paplna
18309,pcdh15b,pcdh15b
18310,pcsk1nl,pcsk1nl
18311,phlpp2,phlpp2
18312,pip4p1b,pip4p1b
18313,pkmb,pkmb
18314,ppp2r2ca,ppp2r2ca
18315,prkag3a,prkag3a
18316,prkn,prkn
18317,ptger2b,ptger2b
18318,ptk6b,ptk6b
18319,ptx3a,ptx3a
18320,rem2,rem2
18321,rnf215,rnf215
18322,rsph3,rsph3
18323,rtn4rl1a,rtn4rl1a
18324,scpp9,scpp9
18325,shisa8b,shisa8b
18326,si:cabz01090193.1,sicabz01090193.1
18327,si:ch1073-155h21.2,sich1073155h21.2
18328,si:ch211-106h4.12,sich211106h4.12
18329,si:ch211-14a11.2,sich21114a11.2
18330,si:ch211-156b7.5,sich211156b7.5
18331,si:ch211-157b11.14,sich211157b11.14
18332,si:ch211-203b8.6,sich211203b8.6
18333,si:ch211-207e19.15,sich211207e19.15
18334,si:ch211-209j12.6,sich211209j12.6
18335,si:ch211-210b2.2,sich211210b2.2
18336,si:ch211-212d10.2,sich211212d10.2
18337,si:ch211-216p19.5,sich211216p19.5
18338,si:ch211-236p5.2,sich211236p5.2
18339,si:ch211-240l19.6,sich211240l19.6
18340,si:ch211-261a10.5,sich211261a10.5
18341,si:ch211-271g18.1,sich211271g18.1
18342,si:ch211-81n22.1,sich21181n22.1
18343,si:ch73-182e20.4,sich73182e20.4
18344,si:ch73-215d9.1,sich73215d9.1
18345,si:ch73-222h13.1,sich73222h13.1
18346,si:ch73-303b9.1,sich73303b9.1
18347,si:ch73-389b16.1,sich73389b16.1
18348,si:dkey-182g1.6,sidkey182g1.6
18349,si:dkey-183k8.2,sidkey183k8.2
18350,si:dkey-191g9.7,sidkey191g9.7
18351,si:dkey-237i9.8,sidkey237i9.8
18352,si:dkey-288i20.2,sidkey288i20.2
18353,si:dkey-31e10.1,sidkey31e10.1
18354,si:dkey-31e10.5,sidkey31e10.5
18355,si:dkey-40c23.1,sidkey40c23.1
18356,si:dkey-56m15.5,sidkey56m15.5
18357,si:dkey-57k17.1,sidkey57k17.1
18358,si:dkey-61p9.11,sidkey61p9.11
18359,si:dkey-7i4.14,sidkey7i4.14
18360,si:dkey-7i4.5,sidkey7i4.5
18361,si:dkey-81h8.1,sidkey81h8.1
18362,si:dkey-88l16.3,sidkey88l16.3
18363,si:dkey-97l20.6,sidkey97l20.6
18364,si:dkeyp-50b9.1,sidkeyp50b9.1
18365,si:dkeyp-68b7.5,sidkeyp68b7.5
18366,si:dkeyp-86c4.1,sidkeyp86c4.1
18367,slc24a4a,slc24a4a
18368,slc25a22b,slc25a22b
18369,slc25a6,slc25a6
18370,slc2a1b,slc2a1b
18371,spag8,spag8
18372,st6galnac1.1,st6galnac1.1
18373,stk40,stk40
18374,sult1st9,sult1st9
18375,synm,synm
18376,syt5a,syt5a
18377,thsd7bb,thsd7bb
18378,tmbim1a,tmbim1a
18379,tmem65,tmem65
18380,trpc2b,trpc2b
18381,tshz3a,tshz3a
18382,tulp1a,tulp1a
18383,tyrobp,tyrobp
18384,ucp3,ucp3
18385,wu:fk65c09,wufk65c09
18386,zdhhc12b,zdhhc12b
18387,zfyve9b,zfyve9b
18388,zgc:100951,zgc100951
18389,zgc:110286,zgc110286
18390,zgc:112998,zgc112998
18391,zgc:158258,zgc158258
18392,zgc:165518,zgc165518
18393,zgc:171509,zgc171509
18394,zgc:194114,zgc194114
18395,zgc:194908,zgc194908
18396,zgc:195081,zgc195081
18397,zgc:195245,zgc195245
18398,znf1047,znf1047
18399,znf1091,znf1091
18400,znf1155,znf1155
18401,znf1177,znf1177
18402,AL732488.1,AL732488.1
18403,AL844518.1,AL844518.1
18404,AL935186.2,AL935186.2
18405,AL954682.1,AL954682.1
18406,ANOS1,ANOS1
18407,BX000363.1,BX000363.1
18408,BX005056.1,BX005056.1
18409,BX005085.3,BX005085.3
18410,BX005392.2,BX005392.2
18411,BX119992.1,BX119992.1
18412,BX120006.1,BX120006.1
18413,BX248410.3,BX248410.3
18414,BX323450.1,BX323450.1
18415,BX465862.1,BX465862.1
18416,BX470259.2,BX470259.2
18417,BX511111.1,BX511111.1
18418,BX530068.1,BX530068.1
18419,BX546499.2,BX546499.2
18420,BX571803.2,BX571803.2
18421,BX572627.1,BX572627.1
18422,BX649398.2,BX649398.2
18423,BX649442.1,BX649442.1
18424,BX649490.4,BX649490.4
18425,BX890591.1,BX890591.1
18426,BX901898.1,BX901898.1
18427,BX936284.1,BX936284.1
18428,CABZ01045617.1,CABZ01045617.1
18429,CABZ01053976.1,CABZ01053976.1
18430,CABZ01056629.1,CABZ01056629.1
18431,CABZ01059408.1,CABZ01059408.1
18432,CABZ01075618.1,CABZ01075618.1
18433,CABZ01088282.1,CABZ01088282.1
18434,CABZ01111454.1,CABZ01111454.1
18435,CABZ01115881.1,CABZ01115881.1
18436,CACFD1,CACFD1
18437,CR352265.4,CR352265.4
18438,CR376783.1,CR376783.1
18439,CR384062.1,CR384062.1
18440,CR388231.1,CR388231.1
18441,CR391991.3,CR391991.3
18442,CR786571.4,CR786571.4
18443,CR848683.1,CR848683.1
18444,CR925756.1,CR925756.1
18445,CR925804.1,CR925804.1
18446,CR931813.1,CR931813.1
18447,CT009714.1,CT009714.1
18448,CT573248.1,CT573248.1
18449,CT583723.1,CT583723.1
18450,CT737184.2,CT737184.2
18451,CU138509.1,CU138509.1
18452,CU394254.2,CU394254.2
18453,CU459186.1,CU459186.1
18454,CU571384.1,CU571384.1
18455,CU914550.1,CU914550.1
18456,CU915256.1,CU915256.1
18457,CU928073.1,CU928073.1
18458,CU928131.1,CU928131.1
18459,FAT3,FAT3
18460,FO904903.1,FO904903.1
18461,FP016106.1,FP016106.1
18462,FP085399.2,FP085399.2
18463,GGT7,GGT7
18464,LAMP5,LAMP5
18465,LO017835.1,LO017835.1
18466,LO018550.1,LO018550.1
18467,MAP3K13,MAP3K13
18468,PLEKHB1,PLEKHB1
18469,RGS9BP,RGS9BP
18470,SH3RF3,SH3RF3
18471,SLC25A29,SLC25A29
18472,STPG4,STPG4
18473,VPS72,VPS72
18474,abcb6a,abcb6a
18475,abcc6b.2,abcc6b.2
18476,abcg2b,abcg2b
18477,acer3,acer3
18478,adamts8a,adamts8a
18479,adamtsl3,adamtsl3
18480,aicda,aicda
18481,akr1a1a,akr1a1a
18482,ampd2a,ampd2a
18483,angpt4,angpt4
18484,ankrd33ba,ankrd33ba
18485,ano3,ano3
18486,anxa5a,anxa5a
18487,apoea,apoea
18488,arsa,arsa
18489,asb18,asb18
18490,atp8b5a,atp8b5a
18491,b4galnt2.2,b4galnt2.2
18492,bcl2l11,bcl2l11
18493,bco2b,bco2b
18494,birc5b,birc5b
18495,btr24,btr24
18496,btr33,btr33
18497,cabp5a,cabp5a
18498,cacna1fa,cacna1fa
18499,cacna2d4a,cacna2d4a
18500,calcoco1b,calcoco1b
18501,cart1,cart1
18502,ccpg1,ccpg1
18503,ccr9b,ccr9b
18504,cd8b,cd8b
18505,cdnf,cdnf
18506,cds1,cds1
18507,cntnap5b,cntnap5b
18508,col10a1b,col10a1b
18509,col24a1,col24a1
18510,crp2,crp2
18511,cyb561d1,cyb561d1
18512,cyldb,cyldb
18513,dgat2,dgat2
18514,dpy19l1l,dpy19l1l
18515,dre-mir-21-1,dre-mir-21-1
18516,dre-mir-301c,dre-mir-301c
18517,efhb,efhb
18518,elmod1,elmod1
18519,entpd8,entpd8
18520,erap2,erap2
18521,espnlb,espnlb
18522,esr2b,esr2b
18523,fabp1b.2,fabp1b.2
18524,fam46d,fam46d
18525,fbp2,fbp2
18526,fbxo21,fbxo21
18527,fmodb,fmodb
18528,galnt16,galnt16
18529,gareml,gareml
18530,gbe1b,gbe1b
18531,glipr1b,glipr1b
18532,gnb1l,gnb1l
18533,gnrh2,gnrh2
18534,gpc2,gpc2
18535,gpr153,gpr153
18536,gpr186,gpr186
18537,grem1b,grem1b
18538,grm1b,grm1b
18539,helz2,helz2
18540,herc7,herc7
18541,hspb7,hspb7
18542,htr7a,htr7a
18543,hyal2a,hyal2a
18544,iffo2a,iffo2a
18545,il12bb,il12bb
18546,kcnc2,kcnc2
18547,kcnc4,kcnc4
18548,kcnq1,kcnq1
18549,kif17,kif17
18550,kiss1,kiss1
18551,klhl29,klhl29
18552,l1camb,l1camb
18553,l3hypdh,l3hypdh
18554,leg1.1,leg1.1
18555,lgsn,lgsn
18556,lrch2,lrch2
18557,lrrc28,lrrc28
18558,lrrc4c,lrrc4c
18559,map3k8,map3k8
18560,matn3b,matn3b
18561,mst1ra,mst1ra
18562,mybpc3,mybpc3
18563,myom1b,myom1b
18564,nfe2l1a,nfe2l1a
18565,ngb,ngb
18566,nlk2,nlk2
18567,npffr1,npffr1
18568,nptxra,nptxra
18569,npy,npy
18570,nr5a1a,nr5a1a
18571,nrip2,nrip2
18572,ogdhl,ogdhl
18573,ogfrl1,ogfrl1
18574,olfml2ba,olfml2ba
18575,opn4xa,opn4xa
18576,osbp2,osbp2
18577,pank1a,pank1a
18578,paqr6,paqr6
18579,pcdh1g31,pcdh1g31
18580,pcyt1ab,pcyt1ab
18581,pde11al,pde11al
18582,pde8a,pde8a
18583,phox2ba,phox2ba
18584,pi15a,pi15a
18585,pimr187,pimr187
18586,pkd1l2a,pkd1l2a
18587,plcd3b,plcd3b
18588,plk2a,plk2a
18589,plvapa,plvapa
18590,ponzr6,ponzr6
18591,popdc3,popdc3
18592,ppp2r2cb,ppp2r2cb
18593,prf1.9,prf1.9
18594,prnpb,prnpb
18595,prozb,prozb
18596,ptgdsa,ptgdsa
18597,ptger4b,ptger4b
18598,pygo1,pygo1
18599,rab3ab,rab3ab
18600,rab9b,rab9b
18601,rc3h2,rc3h2
18602,rec8a,rec8a
18603,rims1b,rims1b
18604,rprma,rprma
18605,rpz,rpz
18606,rragd,rragd
18607,rubcnl,rubcnl
18608,saa,saa
18609,scn4ba,scn4ba
18610,si:ch1073-205c8.5,sich1073205c8.5
18611,si:ch211-13f8.1,sich21113f8.1
18612,si:ch211-141e20.2,sich211141e20.2
18613,si:ch211-145c1.1,sich211145c1.1
18614,si:ch211-152c8.2,sich211152c8.2
18615,si:ch211-155m12.1,sich211155m12.1
18616,si:ch211-180n24.3,sich211180n24.3
18617,si:ch211-194m7.8,sich211194m7.8
18618,si:ch211-196c10.13,sich211196c10.13
18619,si:ch211-209j12.2,sich211209j12.2
18620,si:ch211-232m10.6,sich211232m10.6
18621,si:ch211-255f4.6,sich211255f4.6
18622,si:ch211-25d12.7,sich21125d12.7
18623,si:ch211-269k10.5,sich211269k10.5
18624,si:ch211-276a17.5,sich211276a17.5
18625,si:ch211-285c6.3,sich211285c6.3
18626,si:ch211-287a12.9,sich211287a12.9
18627,si:ch73-138e16.4,sich73138e16.4
18628,si:ch73-185c24.2,sich73185c24.2
18629,si:ch73-367j5.3,sich73367j5.3
18630,si:ch73-50f9.4,sich7350f9.4
18631,si:ch73-92i20.1,sich7392i20.1
18632,si:dkey-106l3.7,sidkey106l3.7
18633,si:dkey-13m1.5,sidkey13m1.5
18634,si:dkey-16n15.6,sidkey16n15.6
18635,si:dkey-199f5.4,sidkey199f5.4
18636,si:dkey-211g8.4,sidkey211g8.4
18637,si:dkey-283b1.6,sidkey283b1.6
18638,si:dkey-286j17.4,sidkey286j17.4
18639,si:dkey-46i9.6,sidkey46i9.6
18640,si:dkey-65b12.12,sidkey65b12.12
18641,si:dkey-79f11.7,sidkey79f11.7
18642,si:dkey-7i4.24,sidkey7i4.24
18643,si:dkeyp-118a3.2,sidkeyp118a3.2
18644,si:dkeyp-73d8.9,sidkeyp73d8.9
18645,si:dkeyp-79b7.12,sidkeyp79b7.12
18646,si:dkeyp-90h9.1,sidkeyp90h9.1
18647,si:zfos-979f1.2,sizfos979f1.2
18648,slc24a1,slc24a1
18649,slc35f1,slc35f1
18650,slc35f3a,slc35f3a
18651,slc38a8a,slc38a8a
18652,slc41a1,slc41a1
18653,slc46a2,slc46a2
18654,slc4a1b,slc4a1b
18655,slc6a11b,slc6a11b
18656,slc8a2b,slc8a2b
18657,slitrk5b,slitrk5b
18658,smc1b,smc1b
18659,snapc1a,snapc1a
18660,spaca9,spaca9
18661,spo11,spo11
18662,srgap1b,srgap1b
18663,srxn1,srxn1
18664,sst6,sst6
18665,tefb,tefb
18666,tfpi2,tfpi2
18667,tgfb2,tgfb2
18668,thrab,thrab
18669,tln2b,tln2b
18670,tm4sf18,tm4sf18
18671,tmem37,tmem37
18672,tpcn2,tpcn2
18673,traf2a,traf2a
18674,treh,treh
18675,tspan34,tspan34
18676,tspan9a,tspan9a
18677,ttc39b,ttc39b
18678,ugt2a6,ugt2a6
18679,urahb,urahb
18680,uts2d,uts2d
18681,vwa5b2,vwa5b2
18682,wnt9b,wnt9b
18683,zanl,zanl
18684,zap70,zap70
18685,zfyve1,zfyve1
18686,zgc:171226,zgc171226
18687,zgc:171506,zgc171506
18688,zgc:194189,zgc194189
18689,zgc:195023,zgc195023
18690,zmp:0000001127,zmp0000001127
18691,znf1012,znf1012
18692,znf319b,znf319b
18693,znf365,znf365
18694,znf423,znf423
18695,znf521,znf521
18696,znf973,znf973
18697,znf976,znf976
18698,zpcx,zpcx
18699,AL928835.1,AL928835.1
18700,AL929017.3,AL929017.3
18701,AL929276.1,AL929276.1
18702,AL954149.2,AL954149.2
18703,AL954322.3,AL954322.3
18704,AL954861.1,AL954861.1
18705,AMOTL1,AMOTL1
18706,BX000451.1,BX000451.1
18707,BX004972.1,BX004972.1
18708,BX005058.1,BX005058.1
18709,BX005336.1,BX005336.1
18710,BX088709.1,BX088709.1
18711,BX321877.1,BX321877.1
18712,BX601648.2,BX601648.2
18713,BX897682.1,BX897682.1
18714,BX901883.2,BX901883.2
18715,CABZ01009512.2,CABZ01009512.2
18716,CABZ01030017.2,CABZ01030017.2
18717,CABZ01038524.1,CABZ01038524.1
18718,CABZ01044277.1,CABZ01044277.1
18719,CABZ01045212.1,CABZ01045212.1
18720,CABZ01064771.1,CABZ01064771.1
18721,CABZ01066725.1,CABZ01066725.1
18722,CABZ01076758.1,CABZ01076758.1
18723,CABZ01080074.1,CABZ01080074.1
18724,CABZ01083442.1,CABZ01083442.1
18725,CABZ01087513.1,CABZ01087513.1
18726,CABZ01102038.1,CABZ01102038.1
18727,CABZ01112864.1,CABZ01112864.1
18728,CR352226.5,CR352226.5
18729,CR354556.3,CR354556.3
18730,CR376751.1,CR376751.1
18731,CR376762.1,CR376762.1
18732,CR381673.1,CR381673.1
18733,CR388364.1,CR388364.1
18734,CR394556.1,CR394556.1
18735,CR589947.1,CR589947.1
18736,CR677617.1,CR677617.1
18737,CR749748.1,CR749748.1
18738,CR759887.3,CR759887.3
18739,CR847563.1,CR847563.1
18740,CT737190.1,CT737190.1
18741,CT868708.1,CT868708.1
18742,CU179643.1,CU179643.1
18743,CU207343.1,CU207343.1
18744,CU468226.1,CU468226.1
18745,CU639471.1,CU639471.1
18746,CU651657.1,CU651657.1
18747,CU693471.1,CU693471.1
18748,CU855685.1,CU855685.1
18749,CU928222.1,CU928222.1
18750,CU929416.1,CU929416.1
18751,CU972454.4,CU972454.4
18752,FO704848.1,FO704848.1
18753,FP101875.2,FP101875.2
18754,FP236318.2,FP236318.2
18755,LO018260.1,LO018260.1
18756,LO018550.2,LO018550.2
18757,LO018584.1,LO018584.1
18758,NPC2,NPC2
18759,PCDH8,PCDH8
18760,RUNDC1,RUNDC1
18761,SLC15A5,SLC15A5
18762,SPATA1,SPATA1
18763,USP53,USP53
18764,aasdh,aasdh
18765,adra2b,adra2b
18766,ankrd55,ankrd55
18767,arfip2b,arfip2b
18768,asb5a,asb5a
18769,atf5a,atf5a
18770,atxn7l3,atxn7l3
18771,avp,avp
18772,b4galnt1b,b4galnt1b
18773,baalca,baalca
18774,batf,batf
18775,bscl2,bscl2
18776,btr21,btr21
18777,buc2l,buc2l
18778,c6ast3,c6ast3
18779,ca15b,ca15b
18780,cacna2d2b,cacna2d2b
18781,cbln12,cbln12
18782,cbln4,cbln4
18783,cd44a,cd44a
18784,cdkn2d,cdkn2d
18785,cenpv,cenpv
18786,cfb,cfb
18787,cipca,cipca
18788,cnnm2a,cnnm2a
18789,cpb1,cpb1
18790,cplx3b,cplx3b
18791,cpt1cb,cpt1cb
18792,creb3l3a,creb3l3a
18793,crhr1,crhr1
18794,ctsbb,ctsbb
18795,ctss1,ctss1
18796,cx28.6,cx28.6
18797,cyp7b1,cyp7b1
18798,dlgap2a,dlgap2a
18799,dmc1,dmc1
18800,dnaaf3l,dnaaf3l
18801,dock5,dock5
18802,dpagt1,dpagt1
18803,dre-mir-9-2,dre-mir-9-2
18804,efna3a,efna3a
18805,entpd2a.2,entpd2a.2
18806,erap1b,erap1b
18807,fah,fah
18808,faimb,faimb
18809,fam169ab,fam169ab
18810,fam221a,fam221a
18811,fbxl3l,fbxl3l
18812,fgf2,fgf2
18813,fgf22,fgf22
18814,foxp3a,foxp3a
18815,fsd1l,fsd1l
18816,ftr50,ftr50
18817,galnt8b.2,galnt8b.2
18818,gnat2,gnat2
18819,hhla2a.2,hhla2a.2
18820,hrasls,hrasls
18821,htr2cl1,htr2cl1
18822,hyal4,hyal4
18823,inpp5f,inpp5f
18824,jade2,jade2
18825,kcne4,kcne4
18826,kcnh4b,kcnh4b
18827,kcnk13b,kcnk13b
18828,kcnq2b,kcnq2b
18829,kctd6a,kctd6a
18830,lama2,lama2
18831,lingo1a,lingo1a
18832,lrfn5a,lrfn5a
18833,ly6m2,ly6m2
18834,mag,mag
18835,map3k10,map3k10
18836,map7a,map7a
18837,mbl2,mbl2
18838,mettl7a,mettl7a
18839,mfsd2aa,mfsd2aa
18840,mhc1zfa,mhc1zfa
18841,mixl1,mixl1
18842,mkl2a,mkl2a
18843,mogat2,mogat2
18844,mxtx2,mxtx2
18845,ncanb,ncanb
18846,nek12,nek12
18847,nek6,nek6
18848,neurog3,neurog3
18849,nfil3-3,nfil3-3
18850,nol4lb,nol4lb
18851,npdc1a,npdc1a
18852,nr1h5,nr1h5
18853,nr1i2,nr1i2
18854,nrgna,nrgna
18855,nuak1a,nuak1a
18856,nudt4b,nudt4b
18857,osgn1,osgn1
18858,p2rx2,p2rx2
18859,paqr4a,paqr4a
18860,pcdh1a6,pcdh1a6
18861,pde6ga,pde6ga
18862,pex2,pex2
18863,pgap3,pgap3
18864,pgfb,pgfb
18865,pglyrp2,pglyrp2
18866,prdm14,prdm14
18867,psmb12,psmb12
18868,pyya,pyya
18869,rab3b,rab3b
18870,rad21l1,rad21l1
18871,rapgef5a,rapgef5a
18872,rce1a,rce1a
18873,rdh5,rdh5
18874,rhcga,rhcga
18875,ripk1l,ripk1l
18876,ros1,ros1
18877,scarb2c,scarb2c
18878,sh3bgrl2,sh3bgrl2
18879,si:busm1-104n07.3,sibusm1104n07.3
18880,si:ch211-106h4.9,sich211106h4.9
18881,si:ch211-11c3.9,sich21111c3.9
18882,si:ch211-12h2.6,sich21112h2.6
18883,si:ch211-148f13.1,sich211148f13.1
18884,si:ch211-14a17.6,sich21114a17.6
18885,si:ch211-199g17.9,sich211199g17.9
18886,si:ch211-203k16.3,sich211203k16.3
18887,si:ch211-222n4.6,sich211222n4.6
18888,si:ch211-235i11.6,sich211235i11.6
18889,si:ch211-255f4.2,sich211255f4.2
18890,si:ch211-255f4.5,sich211255f4.5
18891,si:ch211-264f5.8,sich211264f5.8
18892,si:ch211-266a5.12,sich211266a5.12
18893,si:ch211-276i12.4,sich211276i12.4
18894,si:ch211-277e21.1,sich211277e21.1
18895,si:ch211-42i9.8,sich21142i9.8
18896,si:ch73-109i22.2,sich73109i22.2
18897,si:ch73-138e16.2,sich73138e16.2
18898,si:ch73-217n20.1,sich73217n20.1
18899,si:ch73-233m11.2,sich73233m11.2
18900,si:ch73-322b17.4,sich73322b17.4
18901,si:ch73-329n5.1,sich73329n5.1
18902,si:dkey-101k6.5,sidkey101k6.5
18903,si:dkey-102c8.2,sidkey102c8.2
18904,si:dkey-111e8.5,sidkey111e8.5
18905,si:dkey-11f4.7,sidkey11f4.7
18906,si:dkey-120c6.5,sidkey120c6.5
18907,si:dkey-13n15.11,sidkey13n15.11
18908,si:dkey-152b24.6,sidkey152b24.6
18909,si:dkey-152b24.8,sidkey152b24.8
18910,si:dkey-176f19.4,sidkey176f19.4
18911,si:dkey-183i3.9,sidkey183i3.9
18912,si:dkey-183p4.10,sidkey183p4.10
18913,si:dkey-188i13.6,sidkey188i13.6
18914,si:dkey-188i13.9,sidkey188i13.9
18915,si:dkey-215k6.1,sidkey215k6.1
18916,si:dkey-217f16.1,sidkey217f16.1
18917,si:dkey-21c1.4,sidkey21c1.4
18918,si:dkey-220k22.1,sidkey220k22.1
18919,si:dkey-238i5.3,sidkey238i5.3
18920,si:dkey-23a13.2,sidkey23a13.2
18921,si:dkey-261j11.1,sidkey261j11.1
18922,si:dkey-27o4.1,sidkey27o4.1
18923,si:dkey-30c15.2,sidkey30c15.2
18924,si:dkey-57c22.1,sidkey57c22.1
18925,si:dkey-6f10.3,sidkey6f10.3
18926,si:dkey-85k15.6,sidkey85k15.6
18927,si:dkey-85k7.12,sidkey85k7.12
18928,si:dkey-90m5.4,sidkey90m5.4
18929,si:dkeyp-69c1.7,sidkeyp69c1.7
18930,si:dkeyp-80d11.1,sidkeyp80d11.1
18931,si:dkeyp-82h4.1,sidkeyp82h4.1
18932,si:dkeyp-85e10.1,sidkeyp85e10.1
18933,si:dkeyp-85e10.3,sidkeyp85e10.3
18934,si:rp71-45g20.4,sirp7145g20.4
18935,slc1a3b,slc1a3b
18936,slc25a22a,slc25a22a
18937,slc25a25b,slc25a25b
18938,slc2a15a,slc2a15a
18939,smpdl3b,smpdl3b
18940,smug1,smug1
18941,spam1,spam1
18942,sparta,sparta
18943,spock2,spock2
18944,ssh1a,ssh1a
18945,stmnd1,stmnd1
18946,tapbpl,tapbpl
18947,tcn2,tcn2
18948,terb1,terb1
18949,tespa1,tespa1
18950,tle2c,tle2c
18951,tmem41ab,tmem41ab
18952,tox4b,tox4b
18953,trim23,trim23
18954,trim69,trim69
18955,ubtd1a,ubtd1a
18956,unc13ba,unc13ba
18957,usp30,usp30
18958,vangl1,vangl1
18959,vgll2a,vgll2a
18960,vmo1a,vmo1a
18961,zgc:153031,zgc153031
18962,zgc:153441,zgc153441
18963,zgc:153722,zgc153722
18964,zgc:153760,zgc153760
18965,zgc:153913,zgc153913
18966,zgc:153920,zgc153920
18967,zgc:171699,zgc171699
18968,zgc:171731,zgc171731
18969,zgc:171927,zgc171927
18970,zgc:175280,zgc175280
18971,znf1038,znf1038
18972,znf993,znf993
18973,AL935195.3,AL935195.3
18974,BX005398.2,BX005398.2
18975,BX005407.1,BX005407.1
18976,BX248243.1,BX248243.1
18977,BX322555.4,BX322555.4
18978,BX324224.1,BX324224.1
18979,BX530018.1,BX530018.1
18980,BX530064.2,BX530064.2
18981,BX537143.1,BX537143.1
18982,BX649345.2,BX649345.2
18983,BX681417.2,BX681417.2
18984,BX901923.2,BX901923.2
18985,CABZ01029822.1,CABZ01029822.1
18986,CABZ01030017.1,CABZ01030017.1
18987,CABZ01063602.1,CABZ01063602.1
18988,CABZ01075628.1,CABZ01075628.1
18989,CABZ01081490.1,CABZ01081490.1
18990,CABZ01085140.1,CABZ01085140.1
18991,CABZ01112647.1,CABZ01112647.1
18992,CABZ01113373.1,CABZ01113373.1
18993,CR589947.3,CR589947.3
18994,CR759845.1,CR759845.1
18995,CR759846.1,CR759846.1
18996,CR933559.1,CR933559.1
18997,CT009487.1,CT009487.1
18998,CT025669.1,CT025669.1
18999,CT573316.2,CT573316.2
19000,CT583642.1,CT583642.1
19001,CT997819.1,CT997819.1
19002,CU062628.1,CU062628.1
19003,CU855801.1,CU855801.1
19004,CU929150.2,CU929150.2
19005,FO704624.1,FO704624.1
19006,FP089511.1,FP089511.1
19007,FP236513.1,FP236513.1
19008,FQ312013.1,FQ312013.1
19009,QRFPR,QRFPR
19010,SRMS,SRMS
19011,abcc8b,abcc8b
19012,abhd2b,abhd2b
19013,ace2,ace2
19014,adcy9,adcy9
19015,adgra1a,adgra1a
19016,akap1a,akap1a
19017,aldh5a1,aldh5a1
19018,apnl,apnl
19019,apoa4b.2,apoa4b.2
19020,arl15b,arl15b
19021,b3gat1b,b3gat1b
19022,bada,bada
19023,bicdl1,bicdl1
19024,ca4a,ca4a
19025,cacnb4a,cacnb4a
19026,calb2a,calb2a
19027,camk1ga,camk1ga
19028,cbx7b,cbx7b
19029,ces2,ces2
19030,chst3a,chst3a
19031,cyldl,cyldl
19032,cyp2k19,cyp2k19
19033,cyp46a1.3,cyp46a1.3
19034,dnase2b,dnase2b
19035,dre-mir-132-1,dre-mir-132-1
19036,eomesb,eomesb
19037,erg,erg
19038,fam57bb,fam57bb
19039,fam83c,fam83c
19040,fstl5,fstl5
19041,ftr14l,ftr14l
19042,ftr58,ftr58
19043,galn,galn
19044,gata2b,gata2b
19045,gb:eh456644,gbeh456644
19046,gnaq,gnaq
19047,gnb3b,gnb3b
19048,gpr25,gpr25
19049,gpr37l1a,gpr37l1a
19050,hspb15,hspb15
19051,itga2.1,itga2.1
19052,kank1b,kank1b
19053,klf4,klf4
19054,ltb4r2b,ltb4r2b
19055,lzts3a,lzts3a
19056,mapk13,mapk13
19057,mlxipl,mlxipl
19058,myo19,myo19
19059,naif1,naif1
19060,nectin4,nectin4
19061,neto1l,neto1l
19062,nfatc1,nfatc1
19063,nppa,nppa
19064,nr2e3,nr2e3
19065,nudt7,nudt7
19066,nwd1,nwd1
19067,paplnb,paplnb
19068,pcmtd2,pcmtd2
19069,pde4bb,pde4bb
19070,pglyrp6,pglyrp6
19071,pkn1b,pkn1b
19072,plg,plg
19073,ppfia1,ppfia1
19074,rpgrip1,rpgrip1
19075,rubcn,rubcn
19076,rundc3b,rundc3b
19077,s100a10a,s100a10a
19078,sbk3,sbk3
19079,scara3,scara3
19080,scml4,scml4
19081,shox,shox
19082,si:ch1073-349o24.2,sich1073349o24.2
19083,si:ch211-146l10.8,sich211146l10.8
19084,si:ch211-14a17.7,sich21114a17.7
19085,si:ch211-158d24.4,sich211158d24.4
19086,si:ch211-227e10.3,sich211227e10.3
19087,si:ch211-261c8.5,sich211261c8.5
19088,si:ch211-284e13.14,sich211284e13.14
19089,si:ch211-57i17.2,sich21157i17.2
19090,si:ch73-261i21.2,sich73261i21.2
19091,si:ch73-281f12.4,sich73281f12.4
19092,si:dkey-110c1.7,sidkey110c1.7
19093,si:dkey-11o18.5,sidkey11o18.5
19094,si:dkey-29p23.1,sidkey29p23.1
19095,si:dkey-73p2.1,sidkey73p2.1
19096,si:dkey-73p2.3,sidkey73p2.3
19097,si:dkey-76p14.2,sidkey76p14.2
19098,si:dkeyp-44d3.5,sidkeyp44d3.5
19099,si:dkeyp-73d8.6,sidkeyp73d8.6
19100,si:dkeyp-75h12.7,sidkeyp75h12.7
19101,slc35a2,slc35a2
19102,soul5,soul5
19103,st6galnac1.2,st6galnac1.2
19104,st6galnac5a,st6galnac5a
19105,stxbp6l,stxbp6l
19106,syt1b,syt1b
19107,syt7a,syt7a
19108,taar10,taar10
19109,tlr5a,tlr5a
19110,tnfrsf9b,tnfrsf9b
19111,tnxba,tnxba
19112,traj2,traj2
19113,tub,tub
19114,wt1b,wt1b
19115,wu:fj30f06,wufj30f06
19116,zgc:158432,zgc158432
19117,znf1042,znf1042
19118,zswim2,zswim2
19119,ACOT12,ACOT12
19120,AL590134.1,AL590134.1
19121,AL590151.1,AL590151.1
19122,AL590151.3,AL590151.3
19123,AL732567.1,AL732567.1
19124,AL772146.2,AL772146.2
19125,AL807792.1,AL807792.1
19126,AL845330.1,AL845330.1
19127,AL928650.1,AL928650.1
19128,AL928724.1,AL928724.1
19129,AL928908.3,AL928908.3
19130,AL929009.2,AL929009.2
19131,AL929237.1,AL929237.1
19132,AL929309.1,AL929309.1
19133,AL935044.2,AL935044.2
19134,AL935126.2,AL935126.2
19135,AL935186.1,AL935186.1
19136,AL935199.1,AL935199.1
19137,AL935294.2,AL935294.2
19138,AL935303.1,AL935303.1
19139,AL953858.1,AL953858.1
19140,AL953886.1,AL953886.1
19141,AL953907.2,AL953907.2
19142,AL954134.1,AL954134.1
19143,AL954359.1,AL954359.1
19144,AL954387.1,AL954387.1
19145,AL954695.2,AL954695.2
19146,AL954741.3,AL954741.3
19147,AL954816.1,AL954816.1
19148,ANKFN1,ANKFN1
19149,ANKRD34C,ANKRD34C
19150,ARHGAP22,ARHGAP22
19151,ARSB,ARSB
19152,BACE1,BACE1
19153,BEND4,BEND4
19154,BEND7,BEND7
19155,BX000364.5,BX000364.5
19156,BX001023.1,BX001023.1
19157,BX004774.2,BX004774.2
19158,BX004779.1,BX004779.1
19159,BX004779.2,BX004779.2
19160,BX004785.3,BX004785.3
19161,BX004800.1,BX004800.1
19162,BX004812.1,BX004812.1
19163,BX004816.1,BX004816.1
19164,BX005012.2,BX005012.2
19165,BX005060.1,BX005060.1
19166,BX005073.2,BX005073.2
19167,BX005073.3,BX005073.3
19168,BX005101.1,BX005101.1
19169,BX005105.1,BX005105.1
19170,BX005129.3,BX005129.3
19171,BX005242.1,BX005242.1
19172,BX005368.1,BX005368.1
19173,BX005417.1,BX005417.1
19174,BX005417.2,BX005417.2
19175,BX005421.1,BX005421.1
19176,BX005421.2,BX005421.2
19177,BX005442.3,BX005442.3
19178,BX005456.1,BX005456.1
19179,BX072561.1,BX072561.1
19180,BX072564.1,BX072564.1
19181,BX072576.1,BX072576.1
19182,BX088524.3,BX088524.3
19183,BX088686.1,BX088686.1
19184,BX088688.2,BX088688.2
19185,BX247868.1,BX247868.1
19186,BX247870.1,BX247870.1
19187,BX248082.1,BX248082.1
19188,BX248238.1,BX248238.1
19189,BX248390.1,BX248390.1
19190,BX248418.1,BX248418.1
19191,BX255912.1,BX255912.1
19192,BX276103.2,BX276103.2
19193,BX276107.1,BX276107.1
19194,BX294181.1,BX294181.1
19195,BX294383.1,BX294383.1
19196,BX294388.1,BX294388.1
19197,BX294389.1,BX294389.1
19198,BX296520.1,BX296520.1
19199,BX296526.1,BX296526.1
19200,BX321870.1,BX321870.1
19201,BX321905.1,BX321905.1
19202,BX322661.1,BX322661.1
19203,BX322661.3,BX322661.3
19204,BX322787.1,BX322787.1
19205,BX323016.1,BX323016.1
19206,BX323457.2,BX323457.2
19207,BX323458.1,BX323458.1
19208,BX323459.1,BX323459.1
19209,BX323555.3,BX323555.3
19210,BX323559.2,BX323559.2
19211,BX323559.3,BX323559.3
19212,BX323559.4,BX323559.4
19213,BX323586.2,BX323586.2
19214,BX323797.3,BX323797.3
19215,BX323854.1,BX323854.1
19216,BX324123.2,BX324123.2
19217,BX324146.1,BX324146.1
19218,BX324164.1,BX324164.1
19219,BX324164.5,BX324164.5
19220,BX324188.1,BX324188.1
19221,BX324216.1,BX324216.1
19222,BX465862.2,BX465862.2
19223,BX465862.4,BX465862.4
19224,BX465868.1,BX465868.1
19225,BX469896.1,BX469896.1
19226,BX470065.1,BX470065.1
19227,BX470229.1,BX470229.1
19228,BX470229.2,BX470229.2
19229,BX470242.2,BX470242.2
19230,BX470246.1,BX470246.1
19231,BX510657.1,BX510657.1
19232,BX510915.1,BX510915.1
19233,BX510920.1,BX510920.1
19234,BX510922.2,BX510922.2
19235,BX510938.1,BX510938.1
19236,BX510941.1,BX510941.1
19237,BX510949.1,BX510949.1
19238,BX510960.1,BX510960.1
19239,BX510960.2,BX510960.2
19240,BX511025.1,BX511025.1
19241,BX511100.6,BX511100.6
19242,BX511123.2,BX511123.2
19243,BX511128.3,BX511128.3
19244,BX511178.1,BX511178.1
19245,BX511223.1,BX511223.1
19246,BX511245.1,BX511245.1
19247,BX511308.1,BX511308.1
19248,BX511311.3,BX511311.3
19249,BX530024.1,BX530024.1
19250,BX537288.1,BX537288.1
19251,BX537358.1,BX537358.1
19252,BX539313.1,BX539313.1
19253,BX539336.1,BX539336.1
19254,BX546453.2,BX546453.2
19255,BX547992.1,BX547992.1
19256,BX548024.2,BX548024.2
19257,BX548044.4,BX548044.4
19258,BX548044.8,BX548044.8
19259,BX548046.1,BX548046.1
19260,BX548047.1,BX548047.1
19261,BX548073.1,BX548073.1
19262,BX569785.1,BX569785.1
19263,BX571712.2,BX571712.2
19264,BX571719.1,BX571719.1
19265,BX571738.1,BX571738.1
19266,BX571762.2,BX571762.2
19267,BX571803.3,BX571803.3
19268,BX571825.1,BX571825.1
19269,BX571825.4,BX571825.4
19270,BX571884.1,BX571884.1
19271,BX571952.1,BX571952.1
19272,BX571955.2,BX571955.2
19273,BX572628.1,BX572628.1
19274,BX640462.2,BX640462.2
19275,BX640537.2,BX640537.2
19276,BX649266.1,BX649266.1
19277,BX649307.1,BX649307.1
19278,BX649307.2,BX649307.2
19279,BX649328.1,BX649328.1
19280,BX649328.3,BX649328.3
19281,BX649384.2,BX649384.2
19282,BX649434.1,BX649434.1
19283,BX649442.2,BX649442.2
19284,BX649479.1,BX649479.1
19285,BX649481.1,BX649481.1
19286,BX649490.3,BX649490.3
19287,BX649498.1,BX649498.1
19288,BX649499.1,BX649499.1
19289,BX649522.1,BX649522.1
19290,BX649612.1,BX649612.1
19291,BX663503.2,BX663503.2
19292,BX663515.1,BX663515.1
19293,BX663528.1,BX663528.1
19294,BX664603.1,BX664603.1
19295,BX664610.1,BX664610.1
19296,BX664738.1,BX664738.1
19297,BX677668.2,BX677668.2
19298,BX784026.1,BX784026.1
19299,BX784029.4,BX784029.4
19300,BX890539.1,BX890539.1
19301,BX890551.1,BX890551.1
19302,BX890572.2,BX890572.2
19303,BX890629.1,BX890629.1
19304,BX897691.1,BX897691.1
19305,BX899181.1,BX899181.1
19306,BX901918.1,BX901918.1
19307,BX901922.1,BX901922.1
19308,BX901942.2,BX901942.2
19309,BX901962.12,BX901962.12
19310,BX908388.2,BX908388.2
19311,BX908731.1,BX908731.1
19312,BX908770.1,BX908770.1
19313,BX908780.2,BX908780.2
19314,BX908782.3,BX908782.3
19315,BX908804.2,BX908804.2
19316,BX927081.1,BX927081.1
19317,BX927210.1,BX927210.1
19318,BX927218.1,BX927218.1
19319,BX927253.2,BX927253.2
19320,BX927260.1,BX927260.1
19321,BX927298.1,BX927298.1
19322,BX927329.1,BX927329.1
19323,BX927335.2,BX927335.2
19324,BX927362.1,BX927362.1
19325,BX927362.2,BX927362.2
19326,BX927385.2,BX927385.2
19327,BX936342.2,BX936342.2
19328,BX936364.1,BX936364.1
19329,BX936406.1,BX936406.1
19330,BX936431.1,BX936431.1
19331,BX936433.1,BX936433.1
19332,BX942813.1,BX942813.1
19333,BX942846.1,BX942846.1
19334,BX950187.1,BX950187.1
19335,BX957257.1,BX957257.1
19336,BX957257.2,BX957257.2
19337,BX957297.2,BX957297.2
19338,BX957346.3,BX957346.3
19339,C14orf132,C14orf132
19340,CA4,CA4
19341,CABZ01000635.1,CABZ01000635.1
19342,CABZ01002702.1,CABZ01002702.1
19343,CABZ01009511.1,CABZ01009511.1
19344,CABZ01012885.1,CABZ01012885.1
19345,CABZ01015105.1,CABZ01015105.1
19346,CABZ01015815.4,CABZ01015815.4
19347,CABZ01015815.5,CABZ01015815.5
19348,CABZ01020835.1,CABZ01020835.1
19349,CABZ01021435.1,CABZ01021435.1
19350,CABZ01029422.1,CABZ01029422.1
19351,CABZ01032982.1,CABZ01032982.1
19352,CABZ01033000.1,CABZ01033000.1
19353,CABZ01033205.1,CABZ01033205.1
19354,CABZ01033309.1,CABZ01033309.1
19355,CABZ01034596.1,CABZ01034596.1
19356,CABZ01035356.1,CABZ01035356.1
19357,CABZ01038376.1,CABZ01038376.1
19358,CABZ01038494.1,CABZ01038494.1
19359,CABZ01038521.1,CABZ01038521.1
19360,CABZ01038709.1,CABZ01038709.1
19361,CABZ01040998.1,CABZ01040998.1
19362,CABZ01043506.1,CABZ01043506.1
19363,CABZ01043953.1,CABZ01043953.1
19364,CABZ01044731.1,CABZ01044731.1
19365,CABZ01046087.1,CABZ01046087.1
19366,CABZ01046980.1,CABZ01046980.1
19367,CABZ01049361.1,CABZ01049361.1
19368,CABZ01049607.1,CABZ01049607.1
19369,CABZ01049825.1,CABZ01049825.1
19370,CABZ01051600.1,CABZ01051600.1
19371,CABZ01051602.1,CABZ01051602.1
19372,CABZ01053619.1,CABZ01053619.1
19373,CABZ01054391.1,CABZ01054391.1
19374,CABZ01056321.1,CABZ01056321.1
19375,CABZ01057488.1,CABZ01057488.1
19376,CABZ01059392.1,CABZ01059392.1
19377,CABZ01059909.2,CABZ01059909.2
19378,CABZ01060030.1,CABZ01060030.1
19379,CABZ01060373.1,CABZ01060373.1
19380,CABZ01060490.1,CABZ01060490.1
19381,CABZ01060491.1,CABZ01060491.1
19382,CABZ01061349.1,CABZ01061349.1
19383,CABZ01063298.1,CABZ01063298.1
19384,CABZ01064968.1,CABZ01064968.1
19385,CABZ01065425.1,CABZ01065425.1
19386,CABZ01066921.1,CABZ01066921.1
19387,CABZ01066962.1,CABZ01066962.1
19388,CABZ01067151.1,CABZ01067151.1
19389,CABZ01067232.1,CABZ01067232.1
19390,CABZ01067581.1,CABZ01067581.1
19391,CABZ01068356.1,CABZ01068356.1
19392,CABZ01068600.1,CABZ01068600.1
19393,CABZ01069324.1,CABZ01069324.1
19394,CABZ01070469.1,CABZ01070469.1
19395,CABZ01070852.2,CABZ01070852.2
19396,CABZ01072089.1,CABZ01072089.1
19397,CABZ01072096.1,CABZ01072096.1
19398,CABZ01072406.1,CABZ01072406.1
19399,CABZ01072487.1,CABZ01072487.1
19400,CABZ01072523.1,CABZ01072523.1
19401,CABZ01072885.1,CABZ01072885.1
19402,CABZ01072950.1,CABZ01072950.1
19403,CABZ01072952.1,CABZ01072952.1
19404,CABZ01073083.1,CABZ01073083.1
19405,CABZ01073097.1,CABZ01073097.1
19406,CABZ01073424.1,CABZ01073424.1
19407,CABZ01073736.1,CABZ01073736.1
19408,CABZ01073963.1,CABZ01073963.1
19409,CABZ01074203.1,CABZ01074203.1
19410,CABZ01074298.1,CABZ01074298.1
19411,CABZ01074304.1,CABZ01074304.1
19412,CABZ01074307.1,CABZ01074307.1
19413,CABZ01075572.1,CABZ01075572.1
19414,CABZ01076669.1,CABZ01076669.1
19415,CABZ01076968.1,CABZ01076968.1
19416,CABZ01077217.2,CABZ01077217.2
19417,CABZ01078320.1,CABZ01078320.1
19418,CABZ01078606.1,CABZ01078606.1
19419,CABZ01078734.1,CABZ01078734.1
19420,CABZ01079039.1,CABZ01079039.1
19421,CABZ01079080.1,CABZ01079080.1
19422,CABZ01079179.1,CABZ01079179.1
19423,CABZ01079748.1,CABZ01079748.1
19424,CABZ01080098.1,CABZ01080098.1
19425,CABZ01080371.1,CABZ01080371.1
19426,CABZ01080550.1,CABZ01080550.1
19427,CABZ01080587.1,CABZ01080587.1
19428,CABZ01081780.1,CABZ01081780.1
19429,CABZ01083778.1,CABZ01083778.1
19430,CABZ01084081.1,CABZ01084081.1
19431,CABZ01084230.1,CABZ01084230.1
19432,CABZ01084501.3,CABZ01084501.3
19433,CABZ01084617.1,CABZ01084617.1
19434,CABZ01084793.1,CABZ01084793.1
19435,CABZ01085137.1,CABZ01085137.1
19436,CABZ01085195.1,CABZ01085195.1
19437,CABZ01085700.1,CABZ01085700.1
19438,CABZ01085887.1,CABZ01085887.1
19439,CABZ01086574.1,CABZ01086574.1
19440,CABZ01087514.1,CABZ01087514.1
19441,CABZ01088049.1,CABZ01088049.1
19442,CABZ01088308.1,CABZ01088308.1
19443,CABZ01088346.1,CABZ01088346.1
19444,CABZ01088700.1,CABZ01088700.1
19445,CABZ01092072.1,CABZ01092072.1
19446,CABZ01092745.1,CABZ01092745.1
19447,CABZ01092982.1,CABZ01092982.1
19448,CABZ01096573.1,CABZ01096573.1
19449,CABZ01112049.1,CABZ01112049.1
19450,CABZ01114105.1,CABZ01114105.1
19451,CABZ01114581.1,CABZ01114581.1
19452,CABZ01117348.1,CABZ01117348.1
19453,CABZ01117619.1,CABZ01117619.1
19454,CABZ01117706.1,CABZ01117706.1
19455,CABZ01117752.1,CABZ01117752.1
19456,CABZ01117780.1,CABZ01117780.1
19457,CCKAR,CCKAR
19458,CDH22,CDH22
19459,CDHR1,CDHR1
19460,CDK18,CDK18
19461,CELA1,CELA1
19462,CELF6,CELF6
19463,CLEC3A,CLEC3A
19464,CLIP4,CLIP4
19465,CR293501.9,CR293501.9
19466,CR293511.1,CR293511.1
19467,CR293511.2,CR293511.2
19468,CR318588.2,CR318588.2
19469,CR318603.1,CR318603.1
19470,CR318614.1,CR318614.1
19471,CR318624.2,CR318624.2
19472,CR339044.1,CR339044.1
19473,CR352220.3,CR352220.3
19474,CR352223.1,CR352223.1
19475,CR352226.1,CR352226.1
19476,CR352228.1,CR352228.1
19477,CR352338.1,CR352338.1
19478,CR354430.1,CR354430.1
19479,CR354547.1,CR354547.1
19480,CR354556.1,CR354556.1
19481,CR354610.1,CR354610.1
19482,CR361551.1,CR361551.1
19483,CR361564.1,CR361564.1
19484,CR376745.2,CR376745.2
19485,CR376766.3,CR376766.3
19486,CR377211.1,CR377211.1
19487,CR381531.2,CR381531.2
19488,CR382283.1,CR382283.1
19489,CR382283.2,CR382283.2
19490,CR382327.3,CR382327.3
19491,CR382383.2,CR382383.2
19492,CR383662.2,CR383662.2
19493,CR383662.3,CR383662.3
19494,CR383662.8,CR383662.8
19495,CR383680.1,CR383680.1
19496,CR383680.3,CR383680.3
19497,CR385053.3,CR385053.3
19498,CR387921.1,CR387921.1
19499,CR388008.1,CR388008.1
19500,CR388040.1,CR388040.1
19501,CR388050.1,CR388050.1
19502,CR388132.1,CR388132.1
19503,CR388184.1,CR388184.1
19504,CR388195.1,CR388195.1
19505,CR388373.3,CR388373.3
19506,CR391963.1,CR391963.1
19507,CR391987.1,CR391987.1
19508,CR391991.2,CR391991.2
19509,CR391998.1,CR391998.1
19510,CR392002.1,CR392002.1
19511,CR392026.2,CR392026.2
19512,CR392341.4,CR392341.4
19513,CR394535.1,CR394535.1
19514,CR394546.5,CR394546.5
19515,CR394572.1,CR394572.1
19516,CR407585.1,CR407585.1
19517,CR450686.1,CR450686.1
19518,CR450686.5,CR450686.5
19519,CR450720.1,CR450720.1
19520,CR450727.1,CR450727.1
19521,CR450812.1,CR450812.1
19522,CR450824.1,CR450824.1
19523,CR450827.2,CR450827.2
19524,CR450836.1,CR450836.1
19525,CR456642.1,CR456642.1
19526,CR513789.1,CR513789.1
19527,CR522881.1,CR522881.1
19528,CR538726.1,CR538726.1
19529,CR545476.1,CR545476.1
19530,CR556696.1,CR556696.1
19531,CR589943.1,CR589943.1
19532,CR589947.2,CR589947.2
19533,CR626884.5,CR626884.5
19534,CR626907.3,CR626907.3
19535,CR626944.1,CR626944.1
19536,CR626962.1,CR626962.1
19537,CR749762.1,CR749762.1
19538,CR749774.1,CR749774.1
19539,CR749775.2,CR749775.2
19540,CR751224.1,CR751224.1
19541,CR751227.1,CR751227.1
19542,CR751608.1,CR751608.1
19543,CR759816.1,CR759816.1
19544,CR759836.1,CR759836.1
19545,CR762407.2,CR762407.2
19546,CR762420.1,CR762420.1
19547,CR762475.4,CR762475.4
19548,CR769768.1,CR769768.1
19549,CR769777.1,CR769777.1
19550,CR769777.2,CR769777.2
19551,CR786562.1,CR786562.1
19552,CR786571.1,CR786571.1
19553,CR786576.1,CR786576.1
19554,CR786577.1,CR786577.1
19555,CR788248.1,CR788248.1
19556,CR788322.1,CR788322.1
19557,CR792416.1,CR792416.1
19558,CR792438.1,CR792438.1
19559,CR812469.1,CR812469.1
19560,CR812470.2,CR812470.2
19561,CR846087.1,CR846087.1
19562,CR847531.1,CR847531.1
19563,CR847537.1,CR847537.1
19564,CR847543.2,CR847543.2
19565,CR847844.2,CR847844.2
19566,CR847851.1,CR847851.1
19567,CR847887.1,CR847887.1
19568,CR847947.1,CR847947.1
19569,CR847968.1,CR847968.1
19570,CR847998.1,CR847998.1
19571,CR848032.1,CR848032.1
19572,CR848705.2,CR848705.2
19573,CR848757.1,CR848757.1
19574,CR853291.1,CR853291.1
19575,CR854926.1,CR854926.1
19576,CR854945.1,CR854945.1
19577,CR854980.1,CR854980.1
19578,CR855257.2,CR855257.2
19579,CR855311.2,CR855311.2
19580,CR855311.5,CR855311.5
19581,CR855320.1,CR855320.1
19582,CR855375.3,CR855375.3
19583,CR925723.1,CR925723.1
19584,CR925728.1,CR925728.1
19585,CR925755.1,CR925755.1
19586,CR925798.1,CR925798.1
19587,CR925817.1,CR925817.1
19588,CR927050.1,CR927050.1
19589,CR931763.1,CR931763.1
19590,CR931780.1,CR931780.1
19591,CR931782.1,CR931782.1
19592,CR931813.2,CR931813.2
19593,CR933528.1,CR933528.1
19594,CR933734.2,CR933734.2
19595,CR936416.1,CR936416.1
19596,CR936459.1,CR936459.1
19597,CR936518.1,CR936518.1
19598,CR936518.2,CR936518.2
19599,CR954285.1,CR954285.1
19600,CSDC2,CSDC2
19601,CT025748.1,CT025748.1
19602,CT025776.1,CT025776.1
19603,CT025854.1,CT025854.1
19604,CT027583.1,CT027583.1
19605,CT027756.1,CT027756.1
19606,CT027805.1,CT027805.1
19607,CT030048.1,CT030048.1
19608,CT573006.1,CT573006.1
19609,CT573133.2,CT573133.2
19610,CT573139.2,CT573139.2
19611,CT573178.1,CT573178.1
19612,CT573234.1,CT573234.1
19613,CT573282.1,CT573282.1
19614,CT573303.1,CT573303.1
19615,CT573316.1,CT573316.1
19616,CT573392.1,CT573392.1
19617,CT573429.1,CT573429.1
19618,CT583651.1,CT583651.1
19619,CT583652.1,CT583652.1
19620,CT737125.1,CT737125.1
19621,CT737127.1,CT737127.1
19622,CT737129.1,CT737129.1
19623,CT737133.1,CT737133.1
19624,CT737196.1,CT737196.1
19625,CT955963.1,CT955963.1
19626,CT955984.1,CT955984.1
19627,CT956002.1,CT956002.1
19628,CU062431.1,CU062431.1
19629,CU062633.1,CU062633.1
19630,CU062645.1,CU062645.1
19631,CU074330.1,CU074330.1
19632,CU074421.1,CU074421.1
19633,CU104797.1,CU104797.1
19634,CU137681.1,CU137681.1
19635,CU138533.1,CU138533.1
19636,CU138547.1,CU138547.1
19637,CU179757.1,CU179757.1
19638,CU182823.2,CU182823.2
19639,CU207275.1,CU207275.1
19640,CU207343.2,CU207343.2
19641,CU280645.1,CU280645.1
19642,CU326366.2,CU326366.2
19643,CU459094.1,CU459094.1
19644,CU459094.2,CU459094.2
19645,CU459210.1,CU459210.1
19646,CU462871.1,CU462871.1
19647,CU462913.1,CU462913.1
19648,CU462980.1,CU462980.1
19649,CU467822.2,CU467822.2
19650,CU467828.1,CU467828.1
19651,CU467837.1,CU467837.1
19652,CU468012.3,CU468012.3
19653,CU468723.2,CU468723.2
19654,CU468896.1,CU468896.1
19655,CU469384.1,CU469384.1
19656,CU469420.2,CU469420.2
19657,CU539058.1,CU539058.1
19658,CU570976.1,CU570976.1
19659,CU571310.1,CU571310.1
19660,CU571315.2,CU571315.2
19661,CU571315.3,CU571315.3
19662,CU571319.1,CU571319.1
19663,CU571382.1,CU571382.1
19664,CU633908.1,CU633908.1
19665,CU633984.1,CU633984.1
19666,CU633991.1,CU633991.1
19667,CU634008.1,CU634008.1
19668,CU639397.1,CU639397.1
19669,CU651662.1,CU651662.1
19670,CU655820.1,CU655820.1
19671,CU655961.1,CU655961.1
19672,CU657925.1,CU657925.1
19673,CU657976.1,CU657976.1
19674,CU672227.1,CU672227.1
19675,CU681841.1,CU681841.1
19676,CU681842.1,CU681842.1
19677,CU681855.1,CU681855.1
19678,CU693479.1,CU693479.1
19679,CU695117.1,CU695117.1
19680,CU855484.1,CU855484.1
19681,CU855758.2,CU855758.2
19682,CU855885.1,CU855885.1
19683,CU855900.1,CU855900.1
19684,CU855912.1,CU855912.1
19685,CU855917.1,CU855917.1
19686,CU856222.1,CU856222.1
19687,CU856343.1,CU856343.1
19688,CU856344.2,CU856344.2
19689,CU856539.1,CU856539.1
19690,CU861651.2,CU861651.2
19691,CU861886.1,CU861886.1
19692,CU896630.1,CU896630.1
19693,CU896691.2,CU896691.2
19694,CU914487.1,CU914487.1
19695,CU914776.1,CU914776.1
19696,CU915762.1,CU915762.1
19697,CU915827.1,CU915827.1
19698,CU929119.1,CU929119.1
19699,CU929199.1,CU929199.1
19700,CU929240.1,CU929240.1
19701,CU929359.2,CU929359.2
19702,CU929365.1,CU929365.1
19703,CU984579.1,CU984579.1
19704,CYTL1,CYTL1
19705,DUSP26,DUSP26
19706,ENKD1,ENKD1
19707,EVI5L,EVI5L
19708,FAM135B,FAM135B
19709,FAM163A,FAM163A
19710,FAM180A,FAM180A
19711,FAM19A3,FAM19A3
19712,FAM46A,FAM46A
19713,FO082780.1,FO082780.1
19714,FO393424.1,FO393424.1
19715,FO681288.3,FO681288.3
19716,FO704635.1,FO704635.1
19717,FO704648.1,FO704648.1
19718,FO704748.1,FO704748.1
19719,FO704772.2,FO704772.2
19720,FO704813.1,FO704813.1
19721,FO704822.1,FO704822.1
19722,FO744840.1,FO744840.1
19723,FO818743.1,FO818743.1
19724,FO904901.1,FO904901.1
19725,FO904977.1,FO904977.1
19726,FP015809.1,FP015809.1
19727,FP015810.1,FP015810.1
19728,FP016005.1,FP016005.1
19729,FP016056.1,FP016056.1
19730,FP067424.1,FP067424.1
19731,FP074867.1,FP074867.1
19732,FP085421.1,FP085421.1
19733,FP102888.1,FP102888.1
19734,FP103004.1,FP103004.1
19735,FP103005.2,FP103005.2
19736,FP103009.1,FP103009.1
19737,FP236542.1,FP236542.1
19738,FP236734.1,FP236734.1
19739,FP236741.1,FP236741.1
19740,FP236789.1,FP236789.1
19741,FP236810.2,FP236810.2
19742,FP325112.1,FP325112.1
19743,FP326652.1,FP326652.1
19744,FQ311927.1,FQ311927.1
19745,FQ377660.1,FQ377660.1
19746,FQ976909.1,FQ976909.1
19747,GABRA2,GABRA2
19748,GABRB2,GABRB2
19749,GALNT3,GALNT3
19750,GAN,GAN
19751,GNG14,GNG14
19752,GRIK2,GRIK2
19753,GRIK3,GRIK3
19754,GRXCR1,GRXCR1
19755,HDGFL3,HDGFL3
19756,HTR3C,HTR3C
19757,INSM2,INSM2
19758,KCNB2,KCNB2
19759,KCNIP1,KCNIP1
19760,KCNJ6,KCNJ6
19761,KCNK12,KCNK12
19762,LGALS3BP,LGALS3BP
19763,LHX3,LHX3
19764,LO017650.1,LO017650.1
19765,LO017700.1,LO017700.1
19766,LO017722.2,LO017722.2
19767,LO017820.1,LO017820.1
19768,LO017845.1,LO017845.1
19769,LO018191.1,LO018191.1
19770,LO018309.1,LO018309.1
19771,LO018363.1,LO018363.1
19772,LO018363.2,LO018363.2
19773,LO018422.1,LO018422.1
19774,LO018552.1,LO018552.1
19775,LO018598.1,LO018598.1
19776,LO018605.1,LO018605.1
19777,LO018627.1,LO018627.1
19778,LO018680.1,LO018680.1
19779,MAN1C1,MAN1C1
19780,MAPK8IP1,MAPK8IP1
19781,MDFIC2,MDFIC2
19782,MFN1,MFN1
19783,MGAT5B,MGAT5B
19784,MMP23B,MMP23B
19785,MRAS,MRAS
19786,NOX4,NOX4
19787,NPC1L1,NPC1L1
19788,NPFFR2,NPFFR2
19789,OTUD7A,OTUD7A
19790,OVOL3,OVOL3
19791,PARD3,PARD3
19792,PCDHB15,PCDHB15
19793,PITPNC1,PITPNC1
19794,PLCB2,PLCB2
19795,PLCB4,PLCB4
19796,PRMT8,PRMT8
19797,RAP1GDS1,RAP1GDS1
19798,RF00030,RF00030
19799,RF00156,RF00156
19800,RF00319,RF00319
19801,RF00408,RF00408
19802,RF00409,RF00409
19803,RF00575,RF00575
19804,RF00593,RF00593
19805,RF00600,RF00600
19806,RNF180,RNF180
19807,RNF208,RNF208
19808,SAMD9,SAMD9
19809,SCCPDH,SCCPDH
19810,SGPP2,SGPP2
19811,SH3GL2,SH3GL2
19812,SLC35D3,SLC35D3
19813,SLC35E2,SLC35E2
19814,SLC35G1,SLC35G1
19815,SLC45A4,SLC45A4
19816,SPATA48,SPATA48
19817,SPHK1,SPHK1
19818,SPTBN4,SPTBN4
19819,STX3,STX3
19820,SYT2,SYT2
19821,TCF24,TCF24
19822,TMEM200C,TMEM200C
19823,TPPP,TPPP
19824,TRIM67,TRIM67
19825,WHAMM,WHAMM
19826,a2ml,a2ml
19827,aacs,aacs
19828,aadacl4,aadacl4
19829,abcb11b,abcb11b
19830,abcc12,abcc12
19831,abcc9,abcc9
19832,abcg1,abcg1
19833,abcg5,abcg5
19834,abch1,abch1
19835,abo,abo
19836,abr,abr
19837,abrab,abrab
19838,acana,acana
19839,acanb,acanb
19840,acot11b,acot11b
19841,acot19,acot19
19842,acoxl,acoxl
19843,acsbg1,acsbg1
19844,adamts1,adamts1
19845,adamts13,adamts13
19846,adamts17,adamts17
19847,adamts5,adamts5
19848,adarb2,adarb2
19849,adcy3a,adcy3a
19850,adcy3b,adcy3b
19851,adgrb2,adgrb2
19852,adgre5b.2,adgre5b.2
19853,adgrf7,adgrf7
19854,adgrg4a,adgrg4a
19855,adm2a,adm2a
19856,adora1b,adora1b
19857,adra1ab,adra1ab
19858,adra1ba,adra1ba
19859,adra2c,adra2c
19860,ago2,ago2
19861,agt,agt
19862,agxtb,agxtb
19863,ahrrb,ahrrb
19864,ahsg1,ahsg1
19865,aifm5,aifm5
19866,aldoca,aldoca
19867,alg5,alg5
19868,alkal1,alkal1
19869,alpi.2,alpi.2
19870,amigo3,amigo3
19871,amy2a,amy2a
19872,angpt2a,angpt2a
19873,angpt2b,angpt2b
19874,ankar,ankar
19875,ankef1b,ankef1b
19876,ankrd2,ankrd2
19877,ankrd31,ankrd31
19878,ankrd34bb,ankrd34bb
19879,ankrd6a,ankrd6a
19880,anks1ab,anks1ab
19881,anpepb,anpepb
19882,antxr1a,antxr1a
19883,aoc1,aoc1
19884,aox6,aox6
19885,apbb3,apbb3
19886,apoa4b.3,apoa4b.3
19887,apobb.2,apobb.2
19888,apobec2b,apobec2b
19889,apoda.2,apoda.2
19890,aqp10a,aqp10a
19891,aqp10b,aqp10b
19892,aqp1a.2,aqp1a.2
19893,aqp3b,aqp3b
19894,aqp8a.2,aqp8a.2
19895,arf3b,arf3b
19896,arhgap20,arhgap20
19897,arhgap23b,arhgap23b
19898,arhgap28,arhgap28
19899,arid6,arid6
19900,arr3a,arr3a
19901,arr3b,arr3b
19902,arrdc1b,arrdc1b
19903,asb14b,asb14b
19904,asb15a,asb15a
19905,asb2a.1,asb2a.1
19906,ascl1b,ascl1b
19907,asic1a,asic1a
19908,asip1,asip1
19909,aspa,aspa
19910,aspdh,aspdh
19911,aste1a,aste1a
19912,atcayb,atcayb
19913,atf2,atf2
19914,atg4db,atg4db
19915,atoh7,atoh7
19916,atp1a1a.5,atp1a1a.5
19917,atp1b2b,atp1b2b
19918,atp2a1l,atp2a1l
19919,atp6v1c2,atp6v1c2
19920,atp7b,atp7b
19921,b3galt4,b3galt4
19922,b3gat1a,b3gat1a
19923,b3gnt9,b3gnt9
19924,b4galnt3a,b4galnt3a
19925,b4galnt4b,b4galnt4b
19926,b4galt2,b4galt2
19927,b4galt5,b4galt5
19928,baiap2l2b,baiap2l2b
19929,baiap3,baiap3
19930,bco1l,bco1l
19931,best1,best1
19932,bgna,bgna
19933,bhlha15,bhlha15
19934,bicc1b,bicc1b
19935,bicd1a,bicd1a
19936,bivm,bivm
19937,bmp10,bmp10
19938,bmt2,bmt2
19939,bnip3,bnip3
19940,brinp1,brinp1
19941,brinp2,brinp2
19942,bsk146,bsk146
19943,btbd17a,btbd17a
19944,btbd3b,btbd3b
19945,btr01,btr01
19946,btr05,btr05
19947,btr16,btr16
19948,btr32,btr32
19949,c1qa,c1qa
19950,c1ql3b,c1ql3b
19951,c1ql4a,c1ql4a
19952,c1ql4b,c1ql4b
19953,c1qtnf1,c1qtnf1
19954,c1r,c1r
19955,c3a.2,c3a.2
19956,c3a.3,c3a.3
19957,c3a.4,c3a.4
19958,c3a.6,c3a.6
19959,c3b.1,c3b.1
19960,c3b.2,c3b.2
19961,c6ast4,c6ast4
19962,c8a,c8a
19963,c8b,c8b
19964,ca15c,ca15c
19965,ca7,ca7
19966,cabp1a,cabp1a
19967,cabp1b,cabp1b
19968,cabp4,cabp4
19969,cabp7b,cabp7b
19970,cabz01076234.2,cabz01076234.2
19971,cacna1da,cacna1da
19972,cacna1db,cacna1db
19973,cacna1hb,cacna1hb
19974,cacna2d2a,cacna2d2a
19975,cacna2d4b,cacna2d4b
19976,cacnb3a,cacnb3a
19977,cacnb3b,cacnb3b
19978,cacng5a,cacng5a
19979,cacng5b,cacng5b
19980,cacng7a,cacng7a
19981,cacng7b,cacng7b
19982,cadm2a,cadm2a
19983,cadm2b,cadm2b
19984,calca,calca
19985,calcr,calcr
19986,calcrlb,calcrlb
19987,calhm1,calhm1
19988,calhm3,calhm3
19989,caln1,caln1
19990,camk1a,camk1a
19991,camk2a,camk2a
19992,camk2b2,camk2b2
19993,camkvl,camkvl
19994,camta1,camta1
19995,camta2,camta2
19996,capn3a,capn3a
19997,capn5b,capn5b
19998,car15,car15
19999,cart2,cart2
20000,cart4,cart4
20001,caspbl,caspbl
20002,cbln10,cbln10
20003,cbln11,cbln11
20004,cbln5,cbln5
20005,ccdc166,ccdc166
20006,ccdc33,ccdc33
20007,ccdc85a,ccdc85a
20008,ccdc88aa,ccdc88aa
20009,ccdc9b,ccdc9b
20010,ccka,ccka
20011,ccl20b,ccl20b
20012,ccl35.2,ccl35.2
20013,ccl36.1,ccl36.1
20014,ccna1,ccna1
20015,ccnd3,ccnd3
20016,ccr2,ccr2
20017,ccr6a,ccr6a
20018,cd109,cd109
20019,cd164l2,cd164l2
20020,cd180,cd180
20021,cd226,cd226
20022,cd247l,cd247l
20023,cd27,cd27
20024,cd36,cd36
20025,cd40,cd40
20026,cdab,cdab
20027,cdh10a,cdh10a
20028,cdh12a,cdh12a
20029,cdh24a,cdh24a
20030,cdh29,cdh29
20031,cdk19,cdk19
20032,celf5b,celf5b
20033,cep126,cep126
20034,cep19,cep19
20035,cep68,cep68
20036,ces3,ces3
20037,cfhl1,cfhl1
20038,cfhl2,cfhl2
20039,cfhl5,cfhl5
20040,cflarb,cflarb
20041,ch1073-291c23.1,ch1073-291c23.1
20042,chad,chad
20043,chadla,chadla
20044,chadlb,chadlb
20045,chata,chata
20046,chia.3,chia.3
20047,chia.4,chia.4
20048,chmp6a,chmp6a
20049,chn2,chn2
20050,chrdl2,chrdl2
20051,chrm2a,chrm2a
20052,chrm2b,chrm2b
20053,chrm3a,chrm3a
20054,chrm4a,chrm4a
20055,chrna9,chrna9
20056,chrnb1l,chrnb1l
20057,chrnb3b,chrnb3b
20058,chst12a,chst12a
20059,cib3,cib3
20060,cidea,cidea
20061,cideb,cideb
20062,cilp2,cilp2
20063,ckmt2b,ckmt2b
20064,clcn1a,clcn1a
20065,cldn10a,cldn10a
20066,cldn10l2,cldn10l2
20067,cldn15b,cldn15b
20068,cldn15lb,cldn15lb
20069,clec3ba,clec3ba
20070,cln6b,cln6b
20071,clrn1,clrn1
20072,clrn2,clrn2
20073,cnbd1,cnbd1
20074,cnga4,cnga4
20075,cnih2,cnih2
20076,cnksr2a,cnksr2a
20077,cntn3a.2,cntn3a.2
20078,cntn3b,cntn3b
20079,cntnap3,cntnap3
20080,cntnap5a,cntnap5a
20081,coch,coch
20082,col28a2b,col28a2b
20083,col5a2b,col5a2b
20084,colgalt2,colgalt2
20085,comta,comta
20086,corin,corin
20087,cpb2,cpb2
20088,cpeb1a,cpeb1a
20089,cped1,cped1
20090,cplx4a,cplx4a
20091,cpne5a,cpne5a
20092,cpne5b,cpne5b
20093,cpne7,cpne7
20094,cpne8,cpne8
20095,cpne9,cpne9
20096,cpt1b,cpt1b
20097,crabp1a,crabp1a
20098,crb2b,crb2b
20099,creld1a,creld1a
20100,crfb15,crfb15
20101,crfb16,crfb16
20102,crispld1a,crispld1a
20103,crispld2,crispld2
20104,crtc1b,crtc1b
20105,crtc3,crtc3
20106,cryaa,cryaa
20107,crybb1l3,crybb1l3
20108,crybgx,crybgx
20109,crygm2d1,crygm2d1
20110,crygm2d10,crygm2d10
20111,crygm2d12,crygm2d12
20112,crygm2d13,crygm2d13
20113,crygm2d14,crygm2d14
20114,crygm2d15,crygm2d15
20115,crygm2d16,crygm2d16
20116,crygm2d17,crygm2d17
20117,crygm2d2,crygm2d2
20118,crygm2d21,crygm2d21
20119,crygm2d3,crygm2d3
20120,crygm2d4,crygm2d4
20121,crygm2d5,crygm2d5
20122,crygm2d6,crygm2d6
20123,crygm2d7,crygm2d7
20124,crygm2d8,crygm2d8
20125,crygm2d9,crygm2d9
20126,crygm2f,crygm2f
20127,crygm3,crygm3
20128,crygm5,crygm5
20129,crygmx,crygmx
20130,crygmxl1,crygmxl1
20131,crygmxl2,crygmxl2
20132,crygs2,crygs2
20133,csf3a,csf3a
20134,csmd1a,csmd1a
20135,csrp1b,csrp1b
20136,ctgfb,ctgfb
20137,cthrc1b,cthrc1b
20138,ctrb1,ctrb1
20139,ctrl,ctrl
20140,cx28.8,cx28.8
20141,cx28.9,cx28.9
20142,cx40.8,cx40.8
20143,cx47.1,cx47.1
20144,cx52.7,cx52.7
20145,cxcl11.5,cxcl11.5
20146,cxcl18a.1,cxcl18a.1
20147,cxcr3.1,cxcr3.1
20148,cxl34b.11,cxl34b.11
20149,cyb561a3b,cyb561a3b
20150,cygb2,cygb2
20151,cyp11a1,cyp11a1
20152,cyp17a2,cyp17a2
20153,cyp21a2,cyp21a2
20154,cyp2ad2,cyp2ad2
20155,cyp2ad6,cyp2ad6
20156,cyp2k17,cyp2k17
20157,cyp2k20,cyp2k20
20158,cyp2n13,cyp2n13
20159,cyp2p8,cyp2p8
20160,cyp2p9,cyp2p9
20161,cyp2u1,cyp2u1
20162,cyp2x12,cyp2x12
20163,cyp39a1,cyp39a1
20164,cyp4v8,cyp4v8
20165,cyp7a1,cyp7a1
20166,cyp8b1,cyp8b1
20167,cyp8b3,cyp8b3
20168,cysltr3,cysltr3
20169,cyth1a,cyth1a
20170,cytip,cytip
20171,dact3a,dact3a
20172,dao.1,dao.1
20173,dazl,dazl
20174,dclk2b,dclk2b
20175,dcst1,dcst1
20176,ddr2b,ddr2b
20177,dhh,dhh
20178,dhrs7cb,dhrs7cb
20179,dhx58,dhx58
20180,dicp1.1,dicp1.1
20181,dio2,dio2
20182,dlg4a,dlg4a
20183,dlg4b,dlg4b
20184,dlgap1a,dlgap1a
20185,dlgap2b,dlgap2b
20186,dmrt1,dmrt1
20187,dmrt2b,dmrt2b
20188,dnajb5,dnajb5
20189,dnajc16,dnajc16
20190,dnajc5b,dnajc5b
20191,dnase1,dnase1
20192,dner,dner
20193,dnm1b,dnm1b
20194,dntt,dntt
20195,doc2b,doc2b
20196,dpp6a,dpp6a
20197,dpt,dpt
20198,dqx1,dqx1
20199,drd2b,drd2b
20200,drd4a,drd4a
20201,drd7,drd7
20202,dre-let-7b,dre-let-7b
20203,dre-mir-10c,dre-mir-10c
20204,dre-mir-10d,dre-mir-10d
20205,dre-mir-124-1,dre-mir-124-1
20206,dre-mir-124-2,dre-mir-124-2
20207,dre-mir-124-4,dre-mir-124-4
20208,dre-mir-124-6,dre-mir-124-6
20209,dre-mir-125a-1,dre-mir-125a-1
20210,dre-mir-125a-2,dre-mir-125a-2
20211,dre-mir-125b-3,dre-mir-125b-3
20212,dre-mir-130c-2,dre-mir-130c-2
20213,dre-mir-132-2,dre-mir-132-2
20214,dre-mir-133a-1,dre-mir-133a-1
20215,dre-mir-145,dre-mir-145
20216,dre-mir-181c,dre-mir-181c
20217,dre-mir-194b,dre-mir-194b
20218,dre-mir-203a,dre-mir-203a
20219,dre-mir-210,dre-mir-210
20220,dre-mir-2188,dre-mir-2188
20221,dre-mir-218b,dre-mir-218b
20222,dre-mir-7148,dre-mir-7148
20223,dre-mir-7b,dre-mir-7b
20224,dre-mir-9-5,dre-mir-9-5
20225,dscaml1,dscaml1
20226,dtnbb,dtnbb
20227,dusp10,dusp10
20228,dusp19a,dusp19a
20229,dusp28,dusp28
20230,dusp3a,dusp3a
20231,dvl1a,dvl1a
20232,dvl1b,dvl1b
20233,edil3b,edil3b
20234,eevs,eevs
20235,ehf,ehf
20236,ela2,ela2
20237,ela3l,ela3l
20238,elfn1b,elfn1b
20239,emp1,emp1
20240,endou,endou
20241,enox1,enox1
20242,entpd2b,entpd2b
20243,entpd3,entpd3
20244,entpd5a,entpd5a
20245,epb41l4b,epb41l4b
20246,epd,epd
20247,epdl2,epdl2
20248,ephx4,ephx4
20249,epor,epor
20250,erbb4a,erbb4a
20251,erbb4b,erbb4b
20252,erc1a,erc1a
20253,erc1b,erc1b
20254,es1,es1
20255,esamb,esamb
20256,esrrd,esrrd
20257,esrrgb,esrrgb
20258,etnk2,etnk2
20259,eva1c,eva1c
20260,evlb,evlb
20261,ext1c,ext1c
20262,f7,f7
20263,f7i,f7i
20264,f9b,f9b
20265,fabp10a,fabp10a
20266,fabp11b,fabp11b
20267,faim2b,faim2b
20268,fam102aa,fam102aa
20269,fam102ba,fam102ba
20270,fam163b,fam163b
20271,fam166b,fam166b
20272,fam171a2b,fam171a2b
20273,fam19a4b,fam19a4b
20274,fam19a5a,fam19a5a
20275,fam20cb,fam20cb
20276,fam219ab,fam219ab
20277,fam43b,fam43b
20278,faxcb,faxcb
20279,fbn2a,fbn2a
20280,fbxo33,fbxo33
20281,fga,fga
20282,fgf14,fgf14
20283,fgf16,fgf16
20284,fgfr1bl,fgfr1bl
20285,fgg,fgg
20286,fgl2b,fgl2b
20287,fhdc4,fhdc4
20288,fhdc5,fhdc5
20289,fhl5,fhl5
20290,flt3,flt3
20291,fndc5b,fndc5b
20292,fndc7a,fndc7a
20293,fndc7rs4,fndc7rs4
20294,foxe1,foxe1
20295,foxi2,foxi2
20296,foxo6a,foxo6a
20297,foxq2,foxq2
20298,frmd3,frmd3
20299,frmd7,frmd7
20300,frmpd1a,frmpd1a
20301,frrs1l,frrs1l
20302,ftr01,ftr01
20303,ftr06,ftr06
20304,ftr30,ftr30
20305,ftr35,ftr35
20306,ftr53,ftr53
20307,ftr56,ftr56
20308,ftr61,ftr61
20309,ftr76,ftr76
20310,ftr79,ftr79
20311,ftr85,ftr85
20312,ftr88,ftr88
20313,ftr97,ftr97
20314,fut8b,fut8b
20315,fxyd6,fxyd6
20316,g6pca.1,g6pca.1
20317,gabbr2,gabbr2
20318,gabra1,gabra1
20319,gabra3,gabra3
20320,gabra5,gabra5
20321,gabrb2,gabrb2
20322,gabrb4,gabrb4
20323,gabrg1,gabrg1
20324,gabrg2,gabrg2
20325,gabrp,gabrp
20326,gabrr2a,gabrr2a
20327,gabrr3a,gabrr3a
20328,gabrz,gabrz
20329,gad1a,gad1a
20330,gal3st1b,gal3st1b
20331,galnt9,galnt9
20332,galr2b,galr2b
20333,gas2a,gas2a
20334,gata1b,gata1b
20335,gbgt1l2,gbgt1l2
20336,gbgt1l3,gbgt1l3
20337,gbp2,gbp2
20338,gc,gc
20339,gdap1l1,gdap1l1
20340,gdf10b,gdf10b
20341,gdf5,gdf5
20342,gdf6b,gdf6b
20343,gdpd3b,gdpd3b
20344,gfi1b,gfi1b
20345,gfra1b,gfra1b
20346,gh1,gh1
20347,ghrhra,ghrhra
20348,ghrhrl,ghrhrl
20349,ghrl,ghrl
20350,gig2d,gig2d
20351,gig2e,gig2e
20352,gig2p,gig2p
20353,gja3,gja3
20354,gja5b,gja5b
20355,gjd1a,gjd1a
20356,gldn,gldn
20357,glis1b,glis1b
20358,glis2b,glis2b
20359,glmnb,glmnb
20360,glulc,glulc
20361,gmnc,gmnc
20362,gna15.3,gna15.3
20363,gna15.4,gna15.4
20364,gnat1,gnat1
20365,gnb3a,gnb3a
20366,gng13a,gng13a
20367,gng8,gng8
20368,gngt1,gngt1
20369,gngt2a,gngt2a
20370,gngt2b,gngt2b
20371,gnrh3,gnrh3
20372,gorasp1b,gorasp1b
20373,gp9,gp9
20374,gpc5b,gpc5b
20375,gpc6a,gpc6a
20376,gper1,gper1
20377,gphb5,gphb5
20378,gpr135,gpr135
20379,gpr158a,gpr158a
20380,gpr158b,gpr158b
20381,gpr185a,gpr185a
20382,gpr185b,gpr185b
20383,gpr37l1b,gpr37l1b
20384,gpr61,gpr61
20385,gprc5bb,gprc5bb
20386,gprc5c,gprc5c
20387,gprc6a,gprc6a
20388,gramd4a,gramd4a
20389,gria3a,gria3a
20390,grid1b,grid1b
20391,grid2,grid2
20392,grin1b,grin1b
20393,grin2ca,grin2ca
20394,grin2cb,grin2cb
20395,grin3a,grin3a
20396,grk7a,grk7a
20397,grm5b,grm5b
20398,grxcr1,grxcr1
20399,gsg1l2b,gsg1l2b
20400,gstk4,gstk4
20401,gucy2d,gucy2d
20402,gucy2f,gucy2f
20403,gucy2g,gucy2g
20404,guk1b,guk1b
20405,gyg2,gyg2
20406,gys2,gys2
20407,hal,hal
20408,hapln4,hapln4
20409,has1,has1
20410,has3,has3
20411,hbaa1,hbaa1
20412,hbba2,hbba2
20413,hbl4,hbl4
20414,hcn4l,hcn4l
20415,hcst,hcst
20416,hdac11,hdac11
20417,hdhd5,hdhd5
20418,hectd2,hectd2
20419,hhla2b.1,hhla2b.1
20420,hif1aa,hif1aa
20421,hif1al2,hif1al2
20422,hint3,hint3
20423,hip1ra,hip1ra
20424,hivep3a,hivep3a
20425,hlfb,hlfb
20426,hormad1,hormad1
20427,hp,hp
20428,hs3st2,hs3st2
20429,hs3st4,hs3st4
20430,hs6st3b,hs6st3b
20431,hsd17b2,hsd17b2
20432,hsd3b1,hsd3b1
20433,hspb2,hspb2
20434,hspb3,hspb3
20435,htr1aa,htr1aa
20436,htr1ab,htr1ab
20437,htr1fa,htr1fa
20438,htr1fb,htr1fb
20439,htr2b,htr2b
20440,htr4,htr4
20441,htra3a,htra3a
20442,htra4,htra4
20443,ifit10,ifit10
20444,ifitm5,ifitm5
20445,ifnlr1,ifnlr1
20446,ifnphi1,ifnphi1
20447,igf1,igf1
20448,igf3,igf3
20449,igfbp2b,igfbp2b
20450,igfbp6b,igfbp6b
20451,igfn1.2,igfn1.2
20452,igfn1.3,igfn1.3
20453,igfn1.4,igfn1.4
20454,ighv6-1,ighv6-1
20455,igsf9bb,igsf9bb
20456,il12ba,il12ba
20457,il17a/f3,il17af3
20458,il17d,il17d
20459,il23r,il23r
20460,il7r,il7r
20461,illr1,illr1
20462,im:7138239,im7138239
20463,im:7143333,im7143333
20464,impa2,impa2
20465,inha,inha
20466,inpp5ja,inpp5ja
20467,inpp5jb,inpp5jb
20468,ins,ins
20469,irbpl,irbpl
20470,isl1l,isl1l
20471,itga1,itga1
20472,itgb8,itgb8
20473,itih3a,itih3a
20474,itln3,itln3
20475,jac1,jac1
20476,jac3,jac3
20477,jac6,jac6
20478,jac9,jac9
20479,jag2a,jag2a
20480,jupb,jupb
20481,katnal2,katnal2
20482,kcna1b,kcna1b
20483,kcna2b,kcna2b
20484,kcna4,kcna4
20485,kcnb1,kcnb1
20486,kcnc1b,kcnc1b
20487,kcnc3a,kcnc3a
20488,kcnc3b,kcnc3b
20489,kcnf1b,kcnf1b
20490,kcng1,kcng1
20491,kcng4b,kcng4b
20492,kcnh1a,kcnh1a
20493,kcnh4a,kcnh4a
20494,kcnh5a,kcnh5a
20495,kcnip2,kcnip2
20496,kcnj10a,kcnj10a
20497,kcnj11l,kcnj11l
20498,kcnj12a,kcnj12a
20499,kcnj16,kcnj16
20500,kcnj3a,kcnj3a
20501,kcnj5,kcnj5
20502,kcnj9,kcnj9
20503,kcnk10a,kcnk10a
20504,kcnk15,kcnk15
20505,kcnk4a,kcnk4a
20506,kcnmb2,kcnmb2
20507,kcnn4,kcnn4
20508,kcnq3,kcnq3
20509,kcns3a,kcns3a
20510,kcnt1,kcnt1
20511,kcnv2a,kcnv2a
20512,kcnv2b,kcnv2b
20513,kctd8,kctd8
20514,kiaa1549lb,kiaa1549lb
20515,kif16bb,kif16bb
20516,kif1ab,kif1ab
20517,kif5ab,kif5ab
20518,kiss1ra,kiss1ra
20519,klf5b,klf5b
20520,klhdc7a,klhdc7a
20521,klhdc8a,klhdc8a
20522,klhdc8b,klhdc8b
20523,klhl14,klhl14
20524,klhl38b,klhl38b
20525,klhl5,klhl5
20526,krt95,krt95
20527,l3mbtl1a,l3mbtl1a
20528,lactbl1a,lactbl1a
20529,lactbl1b,lactbl1b
20530,lama3,lama3
20531,laynb,laynb
20532,ldlra,ldlra
20533,leap2,leap2
20534,leg1.2,leg1.2
20535,lepb,lepb
20536,lgals3bpa,lgals3bpa
20537,lgals9l6,lgals9l6
20538,lgalslb,lgalslb
20539,lgi1b,lgi1b
20540,lhfpl4a,lhfpl4a
20541,lhfpl4b,lhfpl4b
20542,lhfpl5a,lhfpl5a
20543,lim2.5,lim2.5
20544,lingo2b,lingo2b
20545,lingo3a,lingo3a
20546,lingo4b,lingo4b
20547,lipca,lipca
20548,lipib,lipib
20549,lmln,lmln
20550,lmod2b,lmod2b
20551,loc564660,loc564660
20552,lpar4,lpar4
20553,lpar6b,lpar6b
20554,lrfn2b,lrfn2b
20555,lrfn4b,lrfn4b
20556,lrit1a,lrit1a
20557,lrit1b,lrit1b
20558,lrp11,lrp11
20559,lrp13,lrp13
20560,lrrc24,lrrc24
20561,lrrc38b,lrrc38b
20562,lrrc4.2,lrrc4.2
20563,lrrc4bb,lrrc4bb
20564,lrrc7,lrrc7
20565,lrrc75ba,lrrc75ba
20566,lrrc75bb,lrrc75bb
20567,lrrn3b,lrrn3b
20568,lrtm2a,lrtm2a
20569,lsm14b,lsm14b
20570,ltc4s,ltc4s
20571,ltk,ltk
20572,lyve1a,lyve1a
20573,lzts3b,lzts3b
20574,m1ap,m1ap
20575,mab21l3,mab21l3
20576,map3k7cl,map3k7cl
20577,map3k9,map3k9
20578,map6d1,map6d1
20579,mapkapk2b,mapkapk2b
20580,mapta,mapta
20581,march9,march9
20582,mast1a,mast1a
20583,matn3a,matn3a
20584,mc1r,mc1r
20585,mc4r,mc4r
20586,mchr2,mchr2
20587,mdga2a,mdga2a
20588,mef2ab,mef2ab
20589,megf11,megf11
20590,meltf,meltf
20591,meox2a,meox2a
20592,mettl22,mettl22
20593,mettl24,mettl24
20594,mgat4c,mgat4c
20595,mhc1lba,mhc1lba
20596,mhc1lfa,mhc1lfa
20597,mhc1lja,mhc1lja
20598,mhc1uka,mhc1uka
20599,mhc1uma,mhc1uma
20600,mhc1zaa,mhc1zaa
20601,mhc2dab,mhc2dab
20602,mical2a,mical2a
20603,micall1b.2,micall1b.2
20604,mid2,mid2
20605,miox,miox
20606,mir196b,mir196b
20607,mkrn2os.1,mkrn2os.1
20608,mkrn2os.2,mkrn2os.2
20609,mlc1,mlc1
20610,mmp11a,mmp11a
20611,mmp11b,mmp11b
20612,mmp16b,mmp16b
20613,mmp20a,mmp20a
20614,mmp21,mmp21
20615,mmp25a,mmp25a
20616,moxd1l,moxd1l
20617,mpeg1.2,mpeg1.2
20618,mrvi1,mrvi1
20619,msc,msc
20620,msnb,msnb
20621,mst1rb,mst1rb
20622,mtcl1,mtcl1
20623,mtnr1aa,mtnr1aa
20624,mturn,mturn
20625,mtus2a,mtus2a
20626,muc5.3,muc5.3
20627,mvb12bb,mvb12bb
20628,mxd,mxd
20629,mxd1,mxd1
20630,mxe,mxe
20631,mxf,mxf
20632,myl2b,myl2b
20633,myo15ab,myo15ab
20634,myo1ha,myo1ha
20635,nags,nags
20636,napba,napba
20637,ncam2,ncam2
20638,ndrg1b,ndrg1b
20639,necab3,necab3
20640,nectin1a,nectin1a
20641,negaly6,negaly6
20642,neto1,neto1
20643,neurod2,neurod2
20644,neurod6a,neurod6a
20645,nfat5b,nfat5b
20646,nfic,nfic
20647,nfil3-4,nfil3-4
20648,nfixa,nfixa
20649,nfixb,nfixb
20650,ngfa,ngfa
20651,ngs,ngs
20652,nicn1,nicn1
20653,nim1k,nim1k
20654,ninj2,ninj2
20655,nkl.4,nkl.4
20656,nkx6.3,nkx6.3
20657,nlgn2b,nlgn2b
20658,nlgn4b,nlgn4b
20659,nlrc7,nlrc7
20660,nlrp15,nlrp15
20661,nmbb,nmbb
20662,nmbr,nmbr
20663,nmur3,nmur3
20664,nnt2,nnt2
20665,nos1apb,nos1apb
20666,nostrin,nostrin
20667,nox5,nox5
20668,npas2,npas2
20669,npffr1l3,npffr1l3
20670,npm2a,npm2a
20671,npvf,npvf
20672,npy1r,npy1r
20673,npy2r,npy2r
20674,nr0b2b,nr0b2b
20675,nr1d4a,nr1d4a
20676,nr1h4,nr1h4
20677,nr3c2,nr3c2
20678,nr5a1b,nr5a1b
20679,nr5a5,nr5a5
20680,nrbp2b,nrbp2b
20681,nrl,nrl
20682,nrn1la,nrn1la
20683,nrn1lb,nrn1lb
20684,nrp1b,nrp1b
20685,nrtn,nrtn
20686,nt5c1aa,nt5c1aa
20687,nt5c1ab,nt5c1ab
20688,ntm,ntm
20689,ntng2a,ntng2a
20690,ntng2b,ntng2b
20691,ntrk1,ntrk1
20692,ntrk2b,ntrk2b
20693,ntrk3b,ntrk3b
20694,nts,nts
20695,nxph2a,nxph2a
20696,oacyl,oacyl
20697,odf3b,odf3b
20698,odf3l2,odf3l2
20699,olfcg6,olfcg6
20700,olfcs1,olfcs1
20701,olfcs2,olfcs2
20702,olfm3b,olfm3b
20703,olfml3a,olfml3a
20704,olig1,olig1
20705,omd,omd
20706,ompa,ompa
20707,ompb,ompb
20708,opcml,opcml
20709,opn1lw2,opn1lw2
20710,opn1mw1,opn1mw1
20711,opn1mw2,opn1mw2
20712,opn1mw3,opn1mw3
20713,opn1sw1,opn1sw1
20714,opn3,opn3
20715,opn4b,opn4b
20716,opn4xb,opn4xb
20717,opn7b,opn7b
20718,opn7c,opn7c
20719,opn7d,opn7d
20720,opn8b,opn8b
20721,opn8c,opn8c
20722,opn9,opn9
20723,oprd1b,oprd1b
20724,oprk1,oprk1
20725,or103-5,or103-5
20726,or106-6,or106-6
20727,or108-2,or108-2
20728,or109-13,or109-13
20729,or109-3,or109-3
20730,or111-3,or111-3
20731,or112-1,or112-1
20732,or115-11,or115-11
20733,or115-15,or115-15
20734,or116-1,or116-1
20735,or116-2,or116-2
20736,or125-8,or125-8
20737,or126-5,or126-5
20738,or127-1,or127-1
20739,or129-1,or129-1
20740,or132-5,or132-5
20741,or136-1,or136-1
20742,ora3,ora3
20743,ormdl3,ormdl3
20744,osmr,osmr
20745,otol1a,otol1a
20746,otol1b,otol1b
20747,otos,otos
20748,ovol1b,ovol1b
20749,p2rx3b,p2rx3b
20750,p2ry10,p2ry10
20751,p2ry2.1,p2ry2.1
20752,pak6a,pak6a
20753,pak6b,pak6b
20754,paqr5a,paqr5a
20755,parapinopsina,parapinopsina
20756,pard6ga,pard6ga
20757,parp6a,parp6a
20758,pax8,pax8
20759,pbld2,pbld2
20760,pbx3a,pbx3a
20761,pcdh1a3,pcdh1a3
20762,pcdh1g14,pcdh1g14
20763,pcdh1g26,pcdh1g26
20764,pcdh1g29,pcdh1g29
20765,pcdh1g3,pcdh1g3
20766,pcdh1g33,pcdh1g33
20767,pcdh1g9,pcdh1g9
20768,pcdh1gb2,pcdh1gb2
20769,pcdh1gc5,pcdh1gc5
20770,pcdh1gc6,pcdh1gc6
20771,pcdh2ab1,pcdh2ab1
20772,pcdh2ab10,pcdh2ab10
20773,pcdh2ab2,pcdh2ab2
20774,pcdh2ab5,pcdh2ab5
20775,pcdh2ab6,pcdh2ab6
20776,pcdh2ab8,pcdh2ab8
20777,pcdhb,pcdhb
20778,pcolceb,pcolceb
20779,pcsk1,pcsk1
20780,pcsk2,pcsk2
20781,pcxb,pcxb
20782,pcyt1bb,pcyt1bb
20783,pdca,pdca
20784,pdcb,pdcb
20785,pde1a,pde1a
20786,pde5ab,pde5ab
20787,pde6b,pde6b
20788,pdxkb,pdxkb
20789,pdzd3b,pdzd3b
20790,pdzrn3a,pdzrn3a
20791,pdzrn4,pdzrn4
20792,pex11g,pex11g
20793,pex5la,pex5la
20794,pex5lb,pex5lb
20795,pfkla,pfkla
20796,pgbd5,pgbd5
20797,pgr,pgr
20798,phyhip,phyhip
20799,pi15b,pi15b
20800,pigrl3.5,pigrl3.5
20801,pimr110,pimr110
20802,pimr111,pimr111
20803,pimr134,pimr134
20804,pimr155,pimr155
20805,pimr171,pimr171
20806,pimr175,pimr175
20807,pimr179,pimr179
20808,pimr212,pimr212
20809,pimr78,pimr78
20810,pimr88,pimr88
20811,pip4k2ab,pip4k2ab
20812,pip4p2,pip4p2
20813,pip5kl1,pip5kl1
20814,pitpnab,pitpnab
20815,pkd2l1,pkd2l1
20816,pkp1a,pkp1a
20817,plac8.1,plac8.1
20818,plch2b,plch2b
20819,plcl1,plcl1
20820,plpp2a,plpp2a
20821,plpp4,plpp4
20822,plppr3b,plppr3b
20823,plppr4b,plppr4b
20824,plppr5b,plppr5b
20825,plrdgb,plrdgb
20826,pmepa1,pmepa1
20827,pmfbp1,pmfbp1
20828,pnoca,pnoca
20829,pnp4b,pnp4b
20830,pnrc1,pnrc1
20831,podn,podn
20832,ponzr4,ponzr4
20833,porcn,porcn
20834,ppm1e,ppm1e
20835,ppm1na,ppm1na
20836,ppm1nb,ppm1nb
20837,ppp1r32,ppp1r32
20838,ppp1r3db,ppp1r3db
20839,pptc7b,pptc7b
20840,prdm2a,prdm2a
20841,prelp,prelp
20842,prickle3,prickle3
20843,prkag2b,prkag2b
20844,prkar2ab,prkar2ab
20845,prkcg,prkcg
20846,prkcha,prkcha
20847,prkcz,prkcz
20848,prlh,prlh
20849,prlhr2a,prlhr2a
20850,proca,proca
20851,prok1,prok1
20852,prop1,prop1
20853,prph2a,prph2a
20854,prph2b,prph2b
20855,prph2l,prph2l
20856,prrt1,prrt1
20857,prrt4,prrt4
20858,prss59.2,prss59.2
20859,prss60.3,prss60.3
20860,psmb8a,psmb8a
20861,psmb9a,psmb9a
20862,ptafr,ptafr
20863,ptdss1b,ptdss1b
20864,ptger2a,ptger2a
20865,ptger3,ptger3
20866,pth2,pth2
20867,ptpn20,ptpn20
20868,ptprh,ptprh
20869,pvalb5,pvalb5
20870,rab38b,rab38b
20871,rab38c,rab38c
20872,rab6ba,rab6ba
20873,radil,radil
20874,ralyl,ralyl
20875,rap2aa,rap2aa
20876,rap2ab,rap2ab
20877,rapsn,rapsn
20878,rasef,rasef
20879,rasgrf2a,rasgrf2a
20880,rasgrf2b,rasgrf2b
20881,rasgrp2,rasgrp2
20882,rasl10a,rasl10a
20883,rassf4,rassf4
20884,rbm46,rbm46
20885,rbp2b,rbp2b
20886,rbp3,rbp3
20887,rbp7a,rbp7a
20888,rbpjl,rbpjl
20889,rcvrna,rcvrna
20890,reep6,reep6
20891,reps2,reps2
20892,rerglb,rerglb
20893,rftn1a,rftn1a
20894,rgs11,rgs11
20895,rgs8,rgs8
20896,rgs9bp,rgs9bp
20897,rhbdl1,rhbdl1
20898,rho,rho
20899,rhobtb1,rhobtb1
20900,rhol,rhol
20901,rilp,rilp
20902,rims3,rims3
20903,ripor3,ripor3
20904,rnasel3,rnasel3
20905,rnf114,rnf114
20906,rnf141,rnf141
20907,rnf152,rnf152
20908,rnf165b,rnf165b
20909,rnf220b,rnf220b
20910,rom1a,rom1a
20911,rorc,rorc
20912,rp1,rp1
20913,rph3ab,rph3ab
20914,rpp25a,rpp25a
20915,rps6ka2,rps6ka2
20916,rps6ka5,rps6ka5
20917,rps6kl1,rps6kl1
20918,rpz3,rpz3
20919,rrh,rrh
20920,rs1a,rs1a
20921,rspo4,rspo4
20922,rtn4rl1b,rtn4rl1b
20923,rundc3aa,rundc3aa
20924,runx2a,runx2a
20925,runx2b,runx2b
20926,rusc1,rusc1
20927,rxfp2l,rxfp2l
20928,rxfp3.3b,rxfp3.3b
20929,s1pr3a,s1pr3a
20930,saga,saga
20931,scamp5b,scamp5b
20932,sccpdha,sccpdha
20933,scd,scd
20934,scn1a,scn1a
20935,scn2b,scn2b
20936,scn3b,scn3b
20937,scn4ab,scn4ab
20938,scn8ab,scn8ab
20939,scpp1,scpp1
20940,scpp6,scpp6
20941,scrt1b,scrt1b
20942,sdsl,sdsl
20943,selenou1b,selenou1b
20944,sema3c,sema3c
20945,sema4gb,sema4gb
20946,sept5b,sept5b
20947,serinc2l,serinc2l
20948,serp2,serp2
20949,serpind1,serpind1
20950,serpinf2a,serpinf2a
20951,sez6a,sez6a
20952,sez6b,sez6b
20953,sez6l2,sez6l2
20954,sfmbt2,sfmbt2
20955,sfxn5a,sfxn5a
20956,sgk494b,sgk494b
20957,shbg,shbg
20958,shisa6,shisa6
20959,shisa7a,shisa7a
20960,shisal1a,shisal1a
20961,si:cabz01007807.1,sicabz01007807.1
20962,si:cabz01007812.1,sicabz01007812.1
20963,si:cabz01029535.1,sicabz01029535.1
20964,si:cabz01069582.1,sicabz01069582.1
20965,si:ch1073-100f3.2,sich1073100f3.2
20966,si:ch1073-126c3.2,sich1073126c3.2
20967,si:ch1073-145m9.1,sich1073145m9.1
20968,si:ch1073-15f19.2,sich107315f19.2
20969,si:ch1073-209e23.1,sich1073209e23.1
20970,si:ch1073-272j17.3,sich1073272j17.3
20971,si:ch1073-272o11.3,sich1073272o11.3
20972,si:ch1073-280e3.1,sich1073280e3.1
20973,si:ch1073-365p7.2,sich1073365p7.2
20974,si:ch1073-391i24.1,sich1073391i24.1
20975,si:ch1073-398f15.1,sich1073398f15.1
20976,si:ch1073-44g3.1,sich107344g3.1
20977,si:ch1073-464p5.5,sich1073464p5.5
20978,si:ch1073-70f20.1,sich107370f20.1
20979,si:ch1073-75o15.3,sich107375o15.3
20980,si:ch1073-82l19.1,sich107382l19.1
20981,si:ch1073-90m23.1,sich107390m23.1
20982,si:ch211-103f14.3,sich211103f14.3
20983,si:ch211-106h11.3,sich211106h11.3
20984,si:ch211-108d22.1,sich211108d22.1
20985,si:ch211-110e21.4,sich211110e21.4
20986,si:ch211-112c15.8,sich211112c15.8
20987,si:ch211-113d11.5,sich211113d11.5
20988,si:ch211-113e8.9,sich211113e8.9
20989,si:ch211-113j14.1,sich211113j14.1
20990,si:ch211-114c17.1,sich211114c17.1
20991,si:ch211-114l13.1,sich211114l13.1
20992,si:ch211-117l17.6,sich211117l17.6
20993,si:ch211-117n7.6,sich211117n7.6
20994,si:ch211-117n7.7,sich211117n7.7
20995,si:ch211-119c20.2,sich211119c20.2
20996,si:ch211-119d14.3,sich211119d14.3
20997,si:ch211-119o8.4,sich211119o8.4
20998,si:ch211-11p18.6,sich21111p18.6
20999,si:ch211-120k19.1,sich211120k19.1
21000,si:ch211-129p13.1,sich211129p13.1
21001,si:ch211-12h2.8,sich21112h2.8
21002,si:ch211-12n8.3,sich21112n8.3
21003,si:ch211-130m23.2,sich211130m23.2
21004,si:ch211-131k2.2,sich211131k2.2
21005,si:ch211-132b12.2,sich211132b12.2
21006,si:ch211-132g1.4,sich211132g1.4
21007,si:ch211-133n4.6,sich211133n4.6
21008,si:ch211-135f11.4,sich211135f11.4
21009,si:ch211-139n6.3,sich211139n6.3
21010,si:ch211-13f8.2,sich21113f8.2
21011,si:ch211-145b13.5,sich211145b13.5
21012,si:ch211-146l10.7,sich211146l10.7
21013,si:ch211-147g22.4,sich211147g22.4
21014,si:ch211-147h1.4,sich211147h1.4
21015,si:ch211-14c7.2,sich21114c7.2
21016,si:ch211-154c21.1,sich211154c21.1
21017,si:ch211-155o21.3,sich211155o21.3
21018,si:ch211-156l18.7,sich211156l18.7
21019,si:ch211-157j23.3,sich211157j23.3
21020,si:ch211-158d24.2,sich211158d24.2
21021,si:ch211-15j1.1,sich21115j1.1
21022,si:ch211-15j1.5,sich21115j1.5
21023,si:ch211-160d14.6,sich211160d14.6
21024,si:ch211-160o17.3,sich211160o17.3
21025,si:ch211-161n3.3,sich211161n3.3
21026,si:ch211-163c2.1,sich211163c2.1
21027,si:ch211-165f21.4,sich211165f21.4
21028,si:ch211-168k14.2,sich211168k14.2
21029,si:ch211-170d8.5,sich211170d8.5
21030,si:ch211-171b20.3,sich211171b20.3
21031,si:ch211-171l17.14,sich211171l17.14
21032,si:ch211-171l17.4,sich211171l17.4
21033,si:ch211-173a9.6,sich211173a9.6
21034,si:ch211-173n18.3,sich211173n18.3
21035,si:ch211-175f12.2,sich211175f12.2
21036,si:ch211-175l6.1,sich211175l6.1
21037,si:ch211-180a12.2,sich211180a12.2
21038,si:ch211-180f4.1,sich211180f4.1
21039,si:ch211-181l5.2,sich211181l5.2
21040,si:ch211-183d21.3,sich211183d21.3
21041,si:ch211-186e20.7,sich211186e20.7
21042,si:ch211-188c16.1,sich211188c16.1
21043,si:ch211-188p14.2,sich211188p14.2
21044,si:ch211-189e2.3,sich211189e2.3
21045,si:ch211-190p8.2,sich211190p8.2
21046,si:ch211-193i15.1,sich211193i15.1
21047,si:ch211-194e1.7,sich211194e1.7
21048,si:ch211-194e18.2,sich211194e18.2
21049,si:ch211-194m7.5,sich211194m7.5
21050,si:ch211-195h23.4,sich211195h23.4
21051,si:ch211-196c10.11,sich211196c10.11
21052,si:ch211-196f19.1,sich211196f19.1
21053,si:ch211-196f2.6,sich211196f2.6
21054,si:ch211-196h24.2,sich211196h24.2
21055,si:ch211-197g15.6,sich211197g15.6
21056,si:ch211-198d23.1,sich211198d23.1
21057,si:ch211-1f22.1,sich2111f22.1
21058,si:ch211-1f22.8,sich2111f22.8
21059,si:ch211-202h22.10,sich211202h22.10
21060,si:ch211-202h22.7,sich211202h22.7
21061,si:ch211-202n12.2,sich211202n12.2
21062,si:ch211-202p1.5,sich211202p1.5
21063,si:ch211-207c6.2,sich211207c6.2
21064,si:ch211-208f21.3,sich211208f21.3
21065,si:ch211-212d10.1,sich211212d10.1
21066,si:ch211-214b16.4,sich211214b16.4
21067,si:ch211-214j8.1,sich211214j8.1
21068,si:ch211-214p13.3,sich211214p13.3
21069,si:ch211-215c18.3,sich211215c18.3
21070,si:ch211-215p11.3,sich211215p11.3
21071,si:ch211-217i17.1,sich211217i17.1
21072,si:ch211-218m3.11,sich211218m3.11
21073,si:ch211-220i18.4,sich211220i18.4
21074,si:ch211-222m18.4,sich211222m18.4
21075,si:ch211-223k15.1,sich211223k15.1
21076,si:ch211-224l10.4,sich211224l10.4
21077,si:ch211-225p5.8,sich211225p5.8
21078,si:ch211-226f6.1,sich211226f6.1
21079,si:ch211-226h7.3,sich211226h7.3
21080,si:ch211-226h7.5,sich211226h7.5
21081,si:ch211-226h7.6,sich211226h7.6
21082,si:ch211-226h8.6,sich211226h8.6
21083,si:ch211-227e10.2,sich211227e10.2
21084,si:ch211-227e10.6,sich211227e10.6
21085,si:ch211-229d2.5,sich211229d2.5
21086,si:ch211-229i14.2,sich211229i14.2
21087,si:ch211-229l10.4,sich211229l10.4
21088,si:ch211-229l10.9,sich211229l10.9
21089,si:ch211-230g14.3,sich211230g14.3
21090,si:ch211-233h19.2,sich211233h19.2
21091,si:ch211-234p6.5,sich211234p6.5
21092,si:ch211-235f1.3,sich211235f1.3
21093,si:ch211-23l10.3,sich21123l10.3
21094,si:ch211-241n15.3,sich211241n15.3
21095,si:ch211-242f23.3,sich211242f23.3
21096,si:ch211-242f23.8,sich211242f23.8
21097,si:ch211-246b8.2,sich211246b8.2
21098,si:ch211-246e12.3,sich211246e12.3
21099,si:ch211-246m6.4,sich211246m6.4
21100,si:ch211-247i17.1,sich211247i17.1
21101,si:ch211-248l17.3,sich211248l17.3
21102,si:ch211-249c2.1,sich211249c2.1
21103,si:ch211-250k18.7,sich211250k18.7
21104,si:ch211-251f6.7,sich211251f6.7
21105,si:ch211-253b1.3,sich211253b1.3
21106,si:ch211-255g12.6,sich211255g12.6
21107,si:ch211-255i20.3,sich211255i20.3
21108,si:ch211-256m1.8,sich211256m1.8
21109,si:ch211-262h13.5,sich211262h13.5
21110,si:ch211-266g18.9,sich211266g18.9
21111,si:ch211-266k22.6,sich211266k22.6
21112,si:ch211-271e10.2,sich211271e10.2
21113,si:ch211-272b8.6,sich211272b8.6
21114,si:ch211-272h9.5,sich211272h9.5
21115,si:ch211-274p24.4,sich211274p24.4
21116,si:ch211-276c2.2,sich211276c2.2
21117,si:ch211-278p9.2,sich211278p9.2
21118,si:ch211-281g13.4,sich211281g13.4
21119,si:ch211-282j17.13,sich211282j17.13
21120,si:ch211-282j17.8,sich211282j17.8
21121,si:ch211-283g2.1,sich211283g2.1
21122,si:ch211-284e13.4,sich211284e13.4
21123,si:ch211-284e20.8,sich211284e20.8
21124,si:ch211-284k5.2,sich211284k5.2
21125,si:ch211-285c6.1,sich211285c6.1
21126,si:ch211-285c6.2,sich211285c6.2
21127,si:ch211-286c4.6,sich211286c4.6
21128,si:ch211-286f9.2,sich211286f9.2
21129,si:ch211-288g17.4,sich211288g17.4
21130,si:ch211-38m6.6,sich21138m6.6
21131,si:ch211-48m9.1,sich21148m9.1
21132,si:ch211-51i16.1,sich21151i16.1
21133,si:ch211-57i17.5,sich21157i17.5
21134,si:ch211-57m13.8,sich21157m13.8
21135,si:ch211-57m13.9,sich21157m13.9
21136,si:ch211-59d15.4,sich21159d15.4
21137,si:ch211-59d8.2,sich21159d8.2
21138,si:ch211-5k11.8,sich2115k11.8
21139,si:ch211-62a1.3,sich21162a1.3
21140,si:ch211-63b16.4,sich21163b16.4
21141,si:ch211-64i20.3,sich21164i20.3
21142,si:ch211-66k16.2,sich21166k16.2
21143,si:ch211-67f13.8,sich21167f13.8
21144,si:ch211-76l23.4,sich21176l23.4
21145,si:ch211-77g15.32,sich21177g15.32
21146,si:ch211-79g12.2,sich21179g12.2
21147,si:ch211-89o9.4,sich21189o9.4
21148,si:ch211-93f2.1,sich21193f2.1
21149,si:ch211-9d9.1,sich2119d9.1
21150,si:ch73-103l1.2,sich73103l1.2
21151,si:ch73-105b23.6,sich73105b23.6
21152,si:ch73-106g13.1,sich73106g13.1
21153,si:ch73-127m5.1,sich73127m5.1
21154,si:ch73-139e5.2,sich73139e5.2
21155,si:ch73-139e5.4,sich73139e5.4
21156,si:ch73-139j3.4,sich73139j3.4
21157,si:ch73-144d13.7,sich73144d13.7
21158,si:ch73-170d6.2,sich73170d6.2
21159,si:ch73-173h19.3,sich73173h19.3
21160,si:ch73-180n10.1,sich73180n10.1
21161,si:ch73-181m17.1,sich73181m17.1
21162,si:ch73-182a11.2,sich73182a11.2
21163,si:ch73-191k20.3,sich73191k20.3
21164,si:ch73-193i2.2,sich73193i2.2
21165,si:ch73-193i22.1,sich73193i22.1
21166,si:ch73-213k20.5,sich73213k20.5
21167,si:ch73-216m24.3,sich73216m24.3
21168,si:ch73-22a13.3,sich7322a13.3
21169,si:ch73-22o18.1,sich7322o18.1
21170,si:ch73-233f7.5,sich73233f7.5
21171,si:ch73-233f7.7,sich73233f7.7
21172,si:ch73-236c18.2,sich73236c18.2
21173,si:ch73-236c18.6,sich73236c18.6
21174,si:ch73-236e11.2,sich73236e11.2
21175,si:ch73-24k9.2,sich7324k9.2
21176,si:ch73-256j6.5,sich73256j6.5
21177,si:ch73-265h17.4,sich73265h17.4
21178,si:ch73-265h17.5,sich73265h17.5
21179,si:ch73-266o15.4,sich73266o15.4
21180,si:ch73-274k23.1,sich73274k23.1
21181,si:ch73-27e22.1,sich7327e22.1
21182,si:ch73-281i18.7,sich73281i18.7
21183,si:ch73-285p12.4,sich73285p12.4
21184,si:ch73-288o11.5,sich73288o11.5
21185,si:ch73-299h12.1,sich73299h12.1
21186,si:ch73-29c22.1,sich7329c22.1
21187,si:ch73-29l19.1,sich7329l19.1
21188,si:ch73-301j1.1,sich73301j1.1
21189,si:ch73-306e8.2,sich73306e8.2
21190,si:ch73-315f9.2,sich73315f9.2
21191,si:ch73-329n5.6,sich73329n5.6
21192,si:ch73-334d15.4,sich73334d15.4
21193,si:ch73-335m24.2,sich73335m24.2
21194,si:ch73-338a16.3,sich73338a16.3
21195,si:ch73-340m8.2,sich73340m8.2
21196,si:ch73-345f18.3,sich73345f18.3
21197,si:ch73-350k19.1,sich73350k19.1
21198,si:ch73-358j7.2,sich73358j7.2
21199,si:ch73-359m17.11,sich73359m17.11
21200,si:ch73-359m17.5,sich73359m17.5
21201,si:ch73-362m14.4,sich73362m14.4
21202,si:ch73-364h19.2,sich73364h19.2
21203,si:ch73-367f21.6,sich73367f21.6
21204,si:ch73-378g22.1,sich73378g22.1
21205,si:ch73-380l3.4,sich73380l3.4
21206,si:ch73-380n15.2,sich73380n15.2
21207,si:ch73-383l1.1,sich73383l1.1
21208,si:ch73-54b5.2,sich7354b5.2
21209,si:ch73-55i23.1,sich7355i23.1
21210,si:ch73-60h1.1,sich7360h1.1
21211,si:ch73-62l21.1,sich7362l21.1
21212,si:ch73-6k14.2,sich736k14.2
21213,si:ch73-7i4.2,sich737i4.2
21214,si:ch73-89b15.3,sich7389b15.3
21215,si:ch73-97h19.2,sich7397h19.2
21216,si:dkey-100n19.2,sidkey100n19.2
21217,si:dkey-103j14.5,sidkey103j14.5
21218,si:dkey-105e17.1,sidkey105e17.1
21219,si:dkey-108k21.7,sidkey108k21.7
21220,si:dkey-10c21.1,sidkey10c21.1
21221,si:dkey-10h3.2,sidkey10h3.2
21222,si:dkey-112a7.5,sidkey112a7.5
21223,si:dkey-112g5.12,sidkey112g5.12
21224,si:dkey-114l24.2,sidkey114l24.2
21225,si:dkey-11o1.7,sidkey11o1.7
21226,si:dkey-121b10.7,sidkey121b10.7
21227,si:dkey-121n8.7,sidkey121n8.7
21228,si:dkey-12e7.4,sidkey12e7.4
21229,si:dkey-13m1.2,sidkey13m1.2
21230,si:dkey-13n15.2,sidkey13n15.2
21231,si:dkey-146c18.2,sidkey146c18.2
21232,si:dkey-146c18.5,sidkey146c18.5
21233,si:dkey-146m20.14,sidkey146m20.14
21234,si:dkey-148d16.5,sidkey148d16.5
21235,si:dkey-14d8.22,sidkey14d8.22
21236,si:dkey-14k9.3,sidkey14k9.3
21237,si:dkey-150i13.2,sidkey150i13.2
21238,si:dkey-151j17.4,sidkey151j17.4
21239,si:dkey-15b23.3,sidkey15b23.3
21240,si:dkey-15h8.10,sidkey15h8.10
21241,si:dkey-15h8.17,sidkey15h8.17
21242,si:dkey-15j16.3,sidkey15j16.3
21243,si:dkey-15j16.6,sidkey15j16.6
21244,si:dkey-163m14.6,sidkey163m14.6
21245,si:dkey-165a24.9,sidkey165a24.9
21246,si:dkey-165b20.1,sidkey165b20.1
21247,si:dkey-165e24.1,sidkey165e24.1
21248,si:dkey-165o8.1,sidkey165o8.1
21249,si:dkey-16p6.1,sidkey16p6.1
21250,si:dkey-172m14.2,sidkey172m14.2
21251,si:dkey-174m14.3,sidkey174m14.3
21252,si:dkey-175d9.2,sidkey175d9.2
21253,si:dkey-178e17.1,sidkey178e17.1
21254,si:dkey-178j11.5,sidkey178j11.5
21255,si:dkey-17e16.15,sidkey17e16.15
21256,si:dkey-181m9.8,sidkey181m9.8
21257,si:dkey-183c2.4,sidkey183c2.4
21258,si:dkey-185p13.1,sidkey185p13.1
21259,si:dkey-189h5.6,sidkey189h5.6
21260,si:dkey-18p12.4,sidkey18p12.4
21261,si:dkey-192d15.1,sidkey192d15.1
21262,si:dkey-192d15.2,sidkey192d15.2
21263,si:dkey-193i10.1,sidkey193i10.1
21264,si:dkey-193i10.4,sidkey193i10.4
21265,si:dkey-193n17.9,sidkey193n17.9
21266,si:dkey-197j19.5,sidkey197j19.5
21267,si:dkey-19a16.4,sidkey19a16.4
21268,si:dkey-19b23.10,sidkey19b23.10
21269,si:dkey-19b23.7,sidkey19b23.7
21270,si:dkey-19f4.2,sidkey19f4.2
21271,si:dkey-1d7.3,sidkey1d7.3
21272,si:dkey-1h6.8,sidkey1h6.8
21273,si:dkey-1j5.4,sidkey1j5.4
21274,si:dkey-1m11.6,sidkey1m11.6
21275,si:dkey-201i2.3,sidkey201i2.3
21276,si:dkey-202b22.5,sidkey202b22.5
21277,si:dkey-202g17.3,sidkey202g17.3
21278,si:dkey-202l22.6,sidkey202l22.6
21279,si:dkey-203a12.6,sidkey203a12.6
21280,si:dkey-204a24.10,sidkey204a24.10
21281,si:dkey-205h13.1,sidkey205h13.1
21282,si:dkey-205i10.1,sidkey205i10.1
21283,si:dkey-207l24.2,sidkey207l24.2
21284,si:dkey-208k4.2,sidkey208k4.2
21285,si:dkey-20i20.11,sidkey20i20.11
21286,si:dkey-210j14.3,sidkey210j14.3
21287,si:dkey-217f16.5,sidkey217f16.5
21288,si:dkey-219e21.4,sidkey219e21.4
21289,si:dkey-21e13.3,sidkey21e13.3
21290,si:dkey-21e2.10,sidkey21e2.10
21291,si:dkey-21e2.13,sidkey21e2.13
21292,si:dkey-21o19.2,sidkey21o19.2
21293,si:dkey-221l4.10,sidkey221l4.10
21294,si:dkey-221l4.11,sidkey221l4.11
21295,si:dkey-222f2.7,sidkey222f2.7
21296,si:dkey-222h21.2,sidkey222h21.2
21297,si:dkey-222h21.7,sidkey222h21.7
21298,si:dkey-225f23.3,sidkey225f23.3
21299,si:dkey-225f23.5,sidkey225f23.5
21300,si:dkey-225f5.5,sidkey225f5.5
21301,si:dkey-226m8.10,sidkey226m8.10
21302,si:dkey-226n24.1,sidkey226n24.1
21303,si:dkey-228b2.6,sidkey228b2.6
21304,si:dkey-22i16.3,sidkey22i16.3
21305,si:dkey-22i16.7,sidkey22i16.7
21306,si:dkey-231j24.3,sidkey231j24.3
21307,si:dkey-234i14.6,sidkey234i14.6
21308,si:dkey-236e20.3,sidkey236e20.3
21309,si:dkey-237g15.2,sidkey237g15.2
21310,si:dkey-237m9.1,sidkey237m9.1
21311,si:dkey-238k10.1,sidkey238k10.1
21312,si:dkey-238k10.2,sidkey238k10.2
21313,si:dkey-239b22.1,sidkey239b22.1
21314,si:dkey-23a13.11,sidkey23a13.11
21315,si:dkey-23k10.2,sidkey23k10.2
21316,si:dkey-23k10.3,sidkey23k10.3
21317,si:dkey-23n7.10,sidkey23n7.10
21318,si:dkey-242e21.3,sidkey242e21.3
21319,si:dkey-242h9.3,sidkey242h9.3
21320,si:dkey-245n4.2,sidkey245n4.2
21321,si:dkey-247m21.3,sidkey247m21.3
21322,si:dkey-24c2.9,sidkey24c2.9
21323,si:dkey-24h22.5,sidkey24h22.5
21324,si:dkey-250k10.4,sidkey250k10.4
21325,si:dkey-250k15.10,sidkey250k15.10
21326,si:dkey-250k15.7,sidkey250k15.7
21327,si:dkey-250k15.9,sidkey250k15.9
21328,si:dkey-256e7.8,sidkey256e7.8
21329,si:dkey-256i11.3,sidkey256i11.3
21330,si:dkey-261i16.5,sidkey261i16.5
21331,si:dkey-261o4.1,sidkey261o4.1
21332,si:dkey-261o4.6,sidkey261o4.6
21333,si:dkey-262j3.7,sidkey262j3.7
21334,si:dkey-264f17.1,sidkey264f17.1
21335,si:dkey-266f7.1,sidkey266f7.1
21336,si:dkey-266f7.5,sidkey266f7.5
21337,si:dkey-277m11.2,sidkey277m11.2
21338,si:dkey-279j5.1,sidkey279j5.1
21339,si:dkey-27b3.4,sidkey27b3.4
21340,si:dkey-27d5.3,sidkey27d5.3
21341,si:dkey-27p18.3,sidkey27p18.3
21342,si:dkey-287h13.1,sidkey287h13.1
21343,si:dkey-288a3.2,sidkey288a3.2
21344,si:dkey-28k24.2,sidkey28k24.2
21345,si:dkey-28o19.1,sidkey28o19.1
21346,si:dkey-30c15.17,sidkey30c15.17
21347,si:dkey-31b16.7,sidkey31b16.7
21348,si:dkey-31i7.2,sidkey31i7.2
21349,si:dkey-32e6.3,sidkey32e6.3
21350,si:dkey-33m11.8,sidkey33m11.8
21351,si:dkey-34d22.3,sidkey34d22.3
21352,si:dkey-38k9.5,sidkey38k9.5
21353,si:dkey-3h2.4,sidkey3h2.4
21354,si:dkey-3p4.1,sidkey3p4.1
21355,si:dkey-40c23.2,sidkey40c23.2
21356,si:dkey-40n15.1,sidkey40n15.1
21357,si:dkey-42i9.16,sidkey42i9.16
21358,si:dkey-47k20.1,sidkey47k20.1
21359,si:dkey-4c15.9,sidkey4c15.9
21360,si:dkey-4c23.4,sidkey4c23.4
21361,si:dkey-4p15.5,sidkey4p15.5
21362,si:dkey-51d8.3,sidkey51d8.3
21363,si:dkey-51d8.6,sidkey51d8.6
21364,si:dkey-54n8.4,sidkey54n8.4
21365,si:dkey-57a22.13,sidkey57a22.13
21366,si:dkey-57a22.15,sidkey57a22.15
21367,si:dkey-57c15.1,sidkey57c15.1
21368,si:dkey-58f10.6,sidkey58f10.6
21369,si:dkey-58j15.10,sidkey58j15.10
21370,si:dkey-5g14.1,sidkey5g14.1
21371,si:dkey-62k3.6,sidkey62k3.6
21372,si:dkey-63j12.4,sidkey63j12.4
21373,si:dkey-65b13.13,sidkey65b13.13
21374,si:dkey-65b13.9,sidkey65b13.9
21375,si:dkey-66i24.8,sidkey66i24.8
21376,si:dkey-6n6.1,sidkey6n6.1
21377,si:dkey-71l4.2,sidkey71l4.2
21378,si:dkey-73n8.3,sidkey73n8.3
21379,si:dkey-77f5.15,sidkey77f5.15
21380,si:dkey-7i4.1,sidkey7i4.1
21381,si:dkey-7i4.13,sidkey7i4.13
21382,si:dkey-7j22.2,sidkey7j22.2
21383,si:dkey-7k24.5,sidkey7k24.5
21384,si:dkey-81n2.1,sidkey81n2.1
21385,si:dkey-82i20.1,sidkey82i20.1
21386,si:dkey-82i20.5,sidkey82i20.5
21387,si:dkey-83h2.5,sidkey83h2.5
21388,si:dkey-86l18.8,sidkey86l18.8
21389,si:dkey-88j15.4,sidkey88j15.4
21390,si:dkey-88n24.12,sidkey88n24.12
21391,si:dkey-88n24.7,sidkey88n24.7
21392,si:dkey-91f15.1,sidkey91f15.1
21393,si:dkey-91i10.3,sidkey91i10.3
21394,si:dkey-92c21.1,sidkey92c21.1
21395,si:dkey-92j12.5,sidkey92j12.5
21396,si:dkey-93h22.7,sidkey93h22.7
21397,si:dkey-93l1.6,sidkey93l1.6
21398,si:dkey-94e7.1,sidkey94e7.1
21399,si:dkey-95p16.1,sidkey95p16.1
21400,si:dkey-96g2.1,sidkey96g2.1
21401,si:dkey-96l17.6,sidkey96l17.6
21402,si:dkey-98f17.5,sidkey98f17.5
21403,si:dkey-9c18.3,sidkey9c18.3
21404,si:dkey-9i23.4,sidkey9i23.4
21405,si:dkey-9i23.8,sidkey9i23.8
21406,si:dkeyp-110c7.4,sidkeyp110c7.4
21407,si:dkeyp-117b11.3,sidkeyp117b11.3
21408,si:dkeyp-1h4.6,sidkeyp1h4.6
21409,si:dkeyp-33c10.7,sidkeyp33c10.7
21410,si:dkeyp-3f10.14,sidkeyp3f10.14
21411,si:dkeyp-3f10.17,sidkeyp3f10.17
21412,si:dkeyp-44d3.3,sidkeyp44d3.3
21413,si:dkeyp-51f12.2,sidkeyp51f12.2
21414,si:dkeyp-52c3.7,sidkeyp52c3.7
21415,si:dkeyp-68b7.10,sidkeyp68b7.10
21416,si:dkeyp-71f10.5,sidkeyp71f10.5
21417,si:dkeyp-72a4.1,sidkeyp72a4.1
21418,si:dkeyp-72h1.1,sidkeyp72h1.1
21419,si:dkeyp-73b11.8,sidkeyp73b11.8
21420,si:dkeyp-73d8.8,sidkeyp73d8.8
21421,si:dkeyp-80d11.14,sidkeyp80d11.14
21422,si:dkeyp-85d8.1,sidkeyp85d8.1
21423,si:dkeyp-85e10.2,sidkeyp85e10.2
21424,si:dkeyp-86f7.4,sidkeyp86f7.4
21425,si:dkeyp-98a7.7,sidkeyp98a7.7
21426,si:dkeyp-9d4.2,sidkeyp9d4.2
21427,si:rp71-15k1.1,sirp7115k1.1
21428,si:rp71-1c10.11,sirp711c10.11
21429,si:rp71-1c10.8,sirp711c10.8
21430,si:rp71-39b20.4,sirp7139b20.4
21431,si:rp71-5o12.3,sirp715o12.3
21432,si:zfos-1011f11.2,sizfos1011f11.2
21433,si:zfos-169g10.2,sizfos169g10.2
21434,si:zfos-2070c2.1,sizfos2070c2.1
21435,si:zfos-2131b9.2,sizfos2131b9.2
21436,si:zfos-2372e4.1,sizfos2372e4.1
21437,si:zfos-364h11.2,sizfos364h11.2
21438,si:zfos-375h5.1,sizfos375h5.1
21439,si:zfos-911d5.4,sizfos911d5.4
21440,sid1,sid1
21441,sim1b,sim1b
21442,slc10a1,slc10a1
21443,slc12a10.2,slc12a10.2
21444,slc12a5a,slc12a5a
21445,slc12a5b,slc12a5b
21446,slc17a6a,slc17a6a
21447,slc17a7a,slc17a7a
21448,slc17a7b,slc17a7b
21449,slc17a8,slc17a8
21450,slc18a3a,slc18a3a
21451,slc18b1,slc18b1
21452,slc1a8a,slc1a8a
21453,slc22a13b,slc22a13b
21454,slc23a3,slc23a3
21455,slc24a3,slc24a3
21456,slc24a4b,slc24a4b
21457,slc25a23b,slc25a23b
21458,slc25a47a,slc25a47a
21459,slc25a47b,slc25a47b
21460,slc25a51a,slc25a51a
21461,slc26a10,slc26a10
21462,slc26a6l,slc26a6l
21463,slc2a5,slc2a5
21464,slc30a2,slc30a2
21465,slc34a1b,slc34a1b
21466,slc35d2,slc35d2
21467,slc39a3,slc39a3
21468,slc39a8,slc39a8
21469,slc43a3a,slc43a3a
21470,slc44a5a,slc44a5a
21471,slc47a1,slc47a1
21472,slc47a2.1,slc47a2.1
21473,slc47a4,slc47a4
21474,slc4a10b,slc4a10b
21475,slc4a8,slc4a8
21476,slc5a1,slc5a1
21477,slc5a2,slc5a2
21478,slc5a3a,slc5a3a
21479,slc5a3b,slc5a3b
21480,slc6a19a.2,slc6a19a.2
21481,slc6a1a,slc6a1a
21482,slc6a1l,slc6a1l
21483,slc6a4a,slc6a4a
21484,slc6a6a,slc6a6a
21485,slc7a14b,slc7a14b
21486,slc7a8b,slc7a8b
21487,slc8a2a,slc8a2a
21488,slc8a4b,slc8a4b
21489,slc8b1,slc8b1
21490,slc9a5,slc9a5
21491,slco1f4,slco1f4
21492,slco3a1,slco3a1
21493,slitrk3a,slitrk3a
21494,slitrk3b,slitrk3b
21495,slitrk5a,slitrk5a
21496,smc1a,smc1a
21497,smcr8a,smcr8a
21498,smpd2a,smpd2a
21499,smpd3,smpd3
21500,smtna,smtna
21501,sncgb,sncgb
21502,snorc,snorc
21503,snx1b,snx1b
21504,soat2,soat2
21505,sobpa,sobpa
21506,sod3b,sod3b
21507,sowahaa,sowahaa
21508,sox17,sox17
21509,sox8a,sox8a
21510,sp100.2,sp100.2
21511,sphkap,sphkap
21512,spire1b,spire1b
21513,spx,spx
21514,ssbp2,ssbp2
21515,sstr1a,sstr1a
21516,sstr1b,sstr1b
21517,ssuh2.1,ssuh2.1
21518,st3gal1l,st3gal1l
21519,st3gal1l3,st3gal1l3
21520,st6gal1,st6gal1
21521,st6galnac6,st6galnac6
21522,st8sia3,st8sia3
21523,st8sia4,st8sia4
21524,st8sia7.1,st8sia7.1
21525,stard5,stard5
21526,stc2b,stc2b
21527,steap2,steap2
21528,steap3,steap3
21529,stk24a,stk24a
21530,stoml3a,stoml3a
21531,stum,stum
21532,stxbp5l,stxbp5l
21533,sult1st2,sult1st2
21534,sult1st3,sult1st3
21535,sult1st5,sult1st5
21536,sult1st6,sult1st6
21537,sult1st7,sult1st7
21538,sult3st2,sult3st2
21539,sult3st3,sult3st3
21540,sult3st4,sult3st4
21541,sult4a1,sult4a1
21542,susd4,susd4
21543,sv2ba,sv2ba
21544,sv2c,sv2c
21545,svopa,svopa
21546,sybu,sybu
21547,syce2,syce2
21548,syn2b,syn2b
21549,sync,sync
21550,syndig1l,syndig1l
21551,synpr,synpr
21552,syt10,syt10
21553,syt11b,syt11b
21554,syt14a,syt14a
21555,syt15,syt15
21556,syt6a,syt6a
21557,syt9a,syt9a
21558,sytl5,sytl5
21559,taar12i,taar12i
21560,taar13b,taar13b
21561,taar14h,taar14h
21562,taar20z,taar20z
21563,tac3a,tac3a
21564,taf4b,taf4b
21565,tagln3a,tagln3a
21566,tap1,tap1
21567,tas1r3,tas1r3
21568,tbc1d10ab,tbc1d10ab
21569,tbpl2,tbpl2
21570,tbx21,tbx21
21571,tbx5b,tbx5b
21572,tbxa2r,tbxa2r
21573,tcnl,tcnl
21574,tdo2a,tdo2a
21575,tdrd7a,tdrd7a
21576,tecra,tecra
21577,tecrl2a,tecrl2a
21578,tectb,tectb
21579,tekt3,tekt3
21580,terb2,terb2
21581,tex2l,tex2l
21582,tfe3b,tfe3b
21583,tgfa,tgfa
21584,tgfbr2a,tgfbr2a
21585,tirap,tirap
21586,tlr8b,tlr8b
21587,tm4sf5,tm4sf5
21588,tmc2a,tmc2a
21589,tmc4,tmc4
21590,tmem121aa,tmem121aa
21591,tmem121b,tmem121b
21592,tmem150c,tmem150c
21593,tmem151a,tmem151a
21594,tmem151bb,tmem151bb
21595,tmem174,tmem174
21596,tmem176l.3b,tmem176l.3b
21597,tmem178,tmem178
21598,tmem179b,tmem179b
21599,tmem196b,tmem196b
21600,tmem200a,tmem200a
21601,tmem220,tmem220
21602,tmem222b,tmem222b
21603,tmem240a,tmem240a
21604,tmem264,tmem264
21605,tmem26a,tmem26a
21606,tmem26b,tmem26b
21607,tmem51b,tmem51b
21608,tmem54b,tmem54b
21609,tmem63c,tmem63c
21610,tmem72,tmem72
21611,tmem82,tmem82
21612,tmem86b,tmem86b
21613,tmem91,tmem91
21614,tmprss2,tmprss2
21615,tmprss3a,tmprss3a
21616,tmprss4b,tmprss4b
21617,tmtc2b,tmtc2b
21618,tmtops2a,tmtops2a
21619,tmtopsb,tmtopsb
21620,tnfrsf18,tnfrsf18
21621,tnfsf10l3,tnfsf10l3
21622,tnfsf11,tnfsf11
21623,tnfsf14,tnfsf14
21624,tnk2a,tnk2a
21625,tnni1d,tnni1d
21626,tnni2a.1,tnni2a.1
21627,tnni2a.2,tnni2a.2
21628,tnni2b.2,tnni2b.2
21629,tnni3k,tnni3k
21630,tnni4b.1,tnni4b.1
21631,tnnt2b,tnnt2b
21632,tor1l2,tor1l2
21633,tpbgl,tpbgl
21634,tph1a,tph1a
21635,tppp2,tppp2
21636,traf5,traf5
21637,traj21,traj21
21638,trhde.1,trhde.1
21639,trhde.2,trhde.2
21640,trhrb,trhrb
21641,trim108,trim108
21642,trim35-10,trim35-10
21643,trim35-12,trim35-12
21644,trim35-13,trim35-13
21645,trim35-19,trim35-19
21646,trim35-23,trim35-23
21647,trim35-24,trim35-24
21648,trim35-3,trim35-3
21649,trim35-31,trim35-31
21650,trim46a,trim46a
21651,trim46b,trim46b
21652,trip10b,trip10b
21653,trpc1,trpc1
21654,trpc6a,trpc6a
21655,trpc7b,trpc7b
21656,trpm3,trpm3
21657,tshba,tshba
21658,tspan1,tspan1
21659,tspeara,tspeara
21660,ttc22,ttc22
21661,ttc36,ttc36
21662,ttc41,ttc41
21663,ttll3,ttll3
21664,ttr,ttr
21665,ttyh1,ttyh1
21666,tusc5a,tusc5a
21667,txnrd2.2,txnrd2.2
21668,ubxn11,ubxn11
21669,ugt1b6p,ugt1b6p
21670,ugt5a1,ugt5a1
21671,ugt5a2,ugt5a2
21672,ugt5c2,ugt5c2
21673,ugt5d1,ugt5d1
21674,ugt5e1,ugt5e1
21675,ugt5f1,ugt5f1
21676,umodl1,umodl1
21677,unc5da,unc5da
21678,unc5db,unc5db
21679,unc93a,unc93a
21680,unm-sa1261,unm-sa1261
21681,unm-sa1506,unm-sa1506
21682,unm-sa821,unm-sa821
21683,urad,urad
21684,uroc1,uroc1
21685,urp1,urp1
21686,usp21,usp21
21687,usp2b,usp2b
21688,usp43a,usp43a
21689,usp54b,usp54b
21690,uts2b,uts2b
21691,v2rl1,v2rl1
21692,vav3a,vav3a
21693,vav3b,vav3b
21694,vcpip1,vcpip1
21695,vdra,vdra
21696,vipb,vipb
21697,vipr1a,vipr1a
21698,vipr1b,vipr1b
21699,vipr2,vipr2
21700,vmo1b,vmo1b
21701,vsig10l,vsig10l
21702,vstm2l,vstm2l
21703,vwc2l,vwc2l
21704,wasf3a,wasf3a
21705,wbp1la,wbp1la
21706,wdr17,wdr17
21707,wdr38,wdr38
21708,wdr47a,wdr47a
21709,wdr95,wdr95
21710,wdsub1,wdsub1
21711,wisp2,wisp2
21712,wnt2ba,wnt2ba
21713,wnt7ba,wnt7ba
21714,wu:fa56d06,wufa56d06
21715,wu:fc17b08,wufc17b08
21716,xgb,xgb
21717,xkr8.1,xkr8.1
21718,xpr1a,xpr1a
21719,yjefn3,yjefn3
21720,zar1l,zar1l
21721,zbtb12.1,zbtb12.1
21722,zbtb21,zbtb21
21723,zbtb22a,zbtb22a
21724,zbtb25,zbtb25
21725,zbtb38,zbtb38
21726,zbtb42,zbtb42
21727,zbtb47a,zbtb47a
21728,zdhhc11,zdhhc11
21729,zdhhc22,zdhhc22
21730,zdhhc23a,zdhhc23a
21731,zgc:103559,zgc103559
21732,zgc:103625,zgc103625
21733,zgc:109913,zgc109913
21734,zgc:109965,zgc109965
21735,zgc:110410,zgc110410
21736,zgc:112265,zgc112265
21737,zgc:112294,zgc112294
21738,zgc:112368,zgc112368
21739,zgc:112408,zgc112408
21740,zgc:113276,zgc113276
21741,zgc:113278,zgc113278
21742,zgc:113279,zgc113279
21743,zgc:114173,zgc114173
21744,zgc:123107,zgc123107
21745,zgc:136254,zgc136254
21746,zgc:136767,zgc136767
21747,zgc:136930,zgc136930
21748,zgc:152753,zgc152753
21749,zgc:152791,zgc152791
21750,zgc:152945,zgc152945
21751,zgc:152986,zgc152986
21752,zgc:153431,zgc153431
21753,zgc:153654,zgc153654
21754,zgc:153704,zgc153704
21755,zgc:154125,zgc154125
21756,zgc:158260,zgc158260
21757,zgc:158412,zgc158412
21758,zgc:158417,zgc158417
21759,zgc:162154,zgc162154
21760,zgc:162184,zgc162184
21761,zgc:162297,zgc162297
21762,zgc:162324,zgc162324
21763,zgc:162331,zgc162331
21764,zgc:162608,zgc162608
21765,zgc:163014,zgc163014
21766,zgc:163079,zgc163079
21767,zgc:163083,zgc163083
21768,zgc:165423,zgc165423
21769,zgc:165453,zgc165453
21770,zgc:165481,zgc165481
21771,zgc:165508,zgc165508
21772,zgc:165582,zgc165582
21773,zgc:171424,zgc171424
21774,zgc:171474,zgc171474
21775,zgc:171482,zgc171482
21776,zgc:171489,zgc171489
21777,zgc:171501,zgc171501
21778,zgc:171517,zgc171517
21779,zgc:171534,zgc171534
21780,zgc:171713,zgc171713
21781,zgc:171727,zgc171727
21782,zgc:171734,zgc171734
21783,zgc:171965,zgc171965
21784,zgc:172053,zgc172053
21785,zgc:172065,zgc172065
21786,zgc:172122,zgc172122
21787,zgc:172131,zgc172131
21788,zgc:172145,zgc172145
21789,zgc:172253,zgc172253
21790,zgc:172270,zgc172270
21791,zgc:172282,zgc172282
21792,zgc:172339,zgc172339
21793,zgc:194202,zgc194202
21794,zgc:194221,zgc194221
21795,zgc:194281,zgc194281
21796,zgc:194678,zgc194678
21797,zgc:194686,zgc194686
21798,zgc:194948,zgc194948
21799,zgc:195075,zgc195075
21800,zgc:195175,zgc195175
21801,zgc:195212,zgc195212
21802,zgc:198241,zgc198241
21803,zgc:198371,zgc198371
21804,zgc:64201,zgc64201
21805,zgc:66024,zgc66024
21806,zgc:77058,zgc77058
21807,zgc:77748,zgc77748
21808,zgc:77752,zgc77752
21809,zgc:91999,zgc91999
21810,zgc:92040,zgc92040
21811,zgc:92275,zgc92275
21812,zgc:92594,zgc92594
21813,zgc:92912,zgc92912
21814,zmat3,zmat3
21815,zmat4a,zmat4a
21816,zmat4b,zmat4b
21817,zmp:0000000545,zmp0000000545
21818,zmp:0000000845,zmp0000000845
21819,zmp:0000000924,zmp0000000924
21820,zmp:0000000930,zmp0000000930
21821,zmp:0000001006,zmp0000001006
21822,zmp:0000001088,zmp0000001088
21823,zmp:0000001139,zmp0000001139
21824,zmp:0000001301,zmp0000001301
21825,zmynd12,zmynd12
21826,znf1002,znf1002
21827,znf1011,znf1011
21828,znf1070,znf1070
21829,znf1074,znf1074
21830,znf1083,znf1083
21831,znf1085,znf1085
21832,znf1086,znf1086
21833,znf1105,znf1105
21834,znf1128,znf1128
21835,znf1135,znf1135
21836,znf1146,znf1146
21837,znf1160,znf1160
21838,znf1164,znf1164
21839,znf1169,znf1169
21840,znf1170,znf1170
21841,znf1171,znf1171
21842,znf1178,znf1178
21843,znf1182,znf1182
21844,znf385d,znf385d
21845,znf541,znf541
21846,znf804a,znf804a
21847,znf804b,znf804b
21848,znf831,znf831
21849,znf975,znf975
21850,znf997,znf997
21851,zpld1a,zpld1a
21852,zte38,zte38
21853,ACVR1C,ACVR1C
21854,AL772314.1,AL772314.1
21855,AL772362.1,AL772362.1
21856,AL831726.2,AL831726.2
21857,AL833789.1,AL833789.1
21858,AL845357.1,AL845357.1
21859,AL928866.1,AL928866.1
21860,AL929009.1,AL929009.1
21861,AL929032.1,AL929032.1
21862,AL929114.1,AL929114.1
21863,AL929208.1,AL929208.1
21864,AL935115.1,AL935115.1
21865,AL935198.2,AL935198.2
21866,AL935300.1,AL935300.1
21867,AL954142.1,AL954142.1
21868,AL954669.1,AL954669.1
21869,AL954695.3,AL954695.3
21870,AL954831.1,AL954831.1
21871,BFSP1,BFSP1
21872,BX000991.1,BX000991.1
21873,BX001014.1,BX001014.1
21874,BX004785.1,BX004785.1
21875,BX004803.1,BX004803.1
21876,BX005108.1,BX005108.1
21877,BX005108.3,BX005108.3
21878,BX005129.5,BX005129.5
21879,BX005156.2,BX005156.2
21880,BX005210.1,BX005210.1
21881,BX005256.1,BX005256.1
21882,BX005301.1,BX005301.1
21883,BX005329.1,BX005329.1
21884,BX005332.1,BX005332.1
21885,BX005376.1,BX005376.1
21886,BX005392.1,BX005392.1
21887,BX072559.1,BX072559.1
21888,BX072576.3,BX072576.3
21889,BX088587.1,BX088587.1
21890,BX088603.2,BX088603.2
21891,BX120016.1,BX120016.1
21892,BX248121.1,BX248121.1
21893,BX248136.1,BX248136.1
21894,BX248410.2,BX248410.2
21895,BX248501.2,BX248501.2
21896,BX248515.2,BX248515.2
21897,BX255913.2,BX255913.2
21898,BX293567.1,BX293567.1
21899,BX323041.1,BX323041.1
21900,BX323051.1,BX323051.1
21901,BX323087.1,BX323087.1
21902,BX323543.2,BX323543.2
21903,BX323544.1,BX323544.1
21904,BX323801.1,BX323801.1
21905,BX323807.2,BX323807.2
21906,BX323820.1,BX323820.1
21907,BX323855.1,BX323855.1
21908,BX324003.1,BX324003.1
21909,BX324003.2,BX324003.2
21910,BX324212.1,BX324212.1
21911,BX324230.3,BX324230.3
21912,BX465857.1,BX465857.1
21913,BX510941.2,BX510941.2
21914,BX511010.1,BX511010.1
21915,BX511066.1,BX511066.1
21916,BX511075.1,BX511075.1
21917,BX530034.1,BX530034.1
21918,BX530079.1,BX530079.1
21919,BX537103.1,BX537103.1
21920,BX537166.2,BX537166.2
21921,BX537263.2,BX537263.2
21922,BX537274.1,BX537274.1
21923,BX537291.1,BX537291.1
21924,BX537305.1,BX537305.1
21925,BX539313.3,BX539313.3
21926,BX546500.1,BX546500.1
21927,BX548164.1,BX548164.1
21928,BX548170.1,BX548170.1
21929,BX571665.1,BX571665.1
21930,BX571712.1,BX571712.1
21931,BX571945.1,BX571945.1
21932,BX640481.1,BX640481.1
21933,BX640547.2,BX640547.2
21934,BX649341.1,BX649341.1
21935,BX649355.1,BX649355.1
21936,BX649388.2,BX649388.2
21937,BX649448.2,BX649448.2
21938,BX649500.1,BX649500.1
21939,BX649620.1,BX649620.1
21940,BX649641.2,BX649641.2
21941,BX649641.5,BX649641.5
21942,BX663521.1,BX663521.1
21943,BX663612.1,BX663612.1
21944,BX664625.2,BX664625.2
21945,BX677668.1,BX677668.1
21946,BX681417.13,BX681417.13
21947,BX769173.2,BX769173.2
21948,BX890562.2,BX890562.2
21949,BX890600.1,BX890600.1
21950,BX901878.1,BX901878.1
21951,BX901878.2,BX901878.2
21952,BX901883.3,BX901883.3
21953,BX908753.1,BX908753.1
21954,BX908792.1,BX908792.1
21955,BX927101.1,BX927101.1
21956,BX927121.1,BX927121.1
21957,BX927181.2,BX927181.2
21958,BX927218.2,BX927218.2
21959,BX927234.2,BX927234.2
21960,BX927282.1,BX927282.1
21961,BX927388.1,BX927388.1
21962,BX957270.1,BX957270.1
21963,BX957278.1,BX957278.1
21964,BX957318.1,BX957318.1
21965,BX957362.5,BX957362.5
21966,CABZ01009512.1,CABZ01009512.1
21967,CABZ01020455.1,CABZ01020455.1
21968,CABZ01034089.1,CABZ01034089.1
21969,CABZ01040054.1,CABZ01040054.1
21970,CABZ01044048.1,CABZ01044048.1
21971,CABZ01046088.1,CABZ01046088.1
21972,CABZ01046348.1,CABZ01046348.1
21973,CABZ01046432.1,CABZ01046432.1
21974,CABZ01049625.1,CABZ01049625.1
21975,CABZ01050062.1,CABZ01050062.1
21976,CABZ01051977.1,CABZ01051977.1
21977,CABZ01057488.2,CABZ01057488.2
21978,CABZ01058333.1,CABZ01058333.1
21979,CABZ01059119.1,CABZ01059119.1
21980,CABZ01060891.1,CABZ01060891.1
21981,CABZ01060936.1,CABZ01060936.1
21982,CABZ01062996.1,CABZ01062996.1
21983,CABZ01063651.1,CABZ01063651.1
21984,CABZ01064972.1,CABZ01064972.1
21985,CABZ01065328.2,CABZ01065328.2
21986,CABZ01065417.1,CABZ01065417.1
21987,CABZ01066719.1,CABZ01066719.1
21988,CABZ01066813.1,CABZ01066813.1
21989,CABZ01067558.1,CABZ01067558.1
21990,CABZ01068246.1,CABZ01068246.1
21991,CABZ01068273.1,CABZ01068273.1
21992,CABZ01068367.1,CABZ01068367.1
21993,CABZ01068499.1,CABZ01068499.1
21994,CABZ01069022.2,CABZ01069022.2
21995,CABZ01069436.1,CABZ01069436.1
21996,CABZ01070527.1,CABZ01070527.1
21997,CABZ01072614.1,CABZ01072614.1
21998,CABZ01072989.1,CABZ01072989.1
21999,CABZ01076737.1,CABZ01076737.1
22000,CABZ01078858.1,CABZ01078858.1
22001,CABZ01079081.1,CABZ01079081.1
22002,CABZ01079267.1,CABZ01079267.1
22003,CABZ01080056.1,CABZ01080056.1
22004,CABZ01083937.1,CABZ01083937.1
22005,CABZ01085275.1,CABZ01085275.1
22006,CABZ01085710.1,CABZ01085710.1
22007,CABZ01102057.1,CABZ01102057.1
22008,CABZ01109081.1,CABZ01109081.1
22009,CABZ01112732.1,CABZ01112732.1
22010,CCNB1IP1,CCNB1IP1
22011,CDHR2,CDHR2
22012,CHST13,CHST13
22013,CLDN22,CLDN22
22014,CR318658.1,CR318658.1
22015,CR339041.1,CR339041.1
22016,CR339059.1,CR339059.1
22017,CR352226.6,CR352226.6
22018,CR352243.2,CR352243.2
22019,CR356242.1,CR356242.1
22020,CR376748.1,CR376748.1
22021,CR376779.1,CR376779.1
22022,CR382327.2,CR382327.2
22023,CR382370.1,CR382370.1
22024,CR384099.1,CR384099.1
22025,CR385040.2,CR385040.2
22026,CR387935.1,CR387935.1
22027,CR388079.1,CR388079.1
22028,CR388156.1,CR388156.1
22029,CR388178.2,CR388178.2
22030,CR388231.2,CR388231.2
22031,CR388413.2,CR388413.2
22032,CR391921.1,CR391921.1
22033,CR391930.1,CR391930.1
22034,CR392036.1,CR392036.1
22035,CR394546.2,CR394546.2
22036,CR405682.1,CR405682.1
22037,CR407550.1,CR407550.1
22038,CR450696.1,CR450696.1
22039,CR450749.1,CR450749.1
22040,CR450780.1,CR450780.1
22041,CR450817.1,CR450817.1
22042,CR450833.2,CR450833.2
22043,CR450848.1,CR450848.1
22044,CR456624.1,CR456624.1
22045,CR524821.1,CR524821.1
22046,CR550302.2,CR550302.2
22047,CR550307.1,CR550307.1
22048,CR589882.1,CR589882.1
22049,CR626902.1,CR626902.1
22050,CR631122.1,CR631122.1
22051,CR749162.1,CR749162.1
22052,CR759826.1,CR759826.1
22053,CR759830.1,CR759830.1
22054,CR774179.2,CR774179.2
22055,CR790368.1,CR790368.1
22056,CR792422.2,CR792422.2
22057,CR792424.1,CR792424.1
22058,CR792438.2,CR792438.2
22059,CR812470.1,CR812470.1
22060,CR812472.1,CR812472.1
22061,CR847530.1,CR847530.1
22062,CR847898.1,CR847898.1
22063,CR847971.1,CR847971.1
22064,CR848661.1,CR848661.1
22065,CR848665.1,CR848665.1
22066,CR848667.2,CR848667.2
22067,CR848784.1,CR848784.1
22068,CR854829.1,CR854829.1
22069,CR854927.3,CR854927.3
22070,CR854964.1,CR854964.1
22071,CR854981.1,CR854981.1
22072,CR855300.1,CR855300.1
22073,CR855306.1,CR855306.1
22074,CR855328.1,CR855328.1
22075,CR925709.3,CR925709.3
22076,CR925768.1,CR925768.1
22077,CR925773.1,CR925773.1
22078,CR925797.1,CR925797.1
22079,CR926463.1,CR926463.1
22080,CR931782.2,CR931782.2
22081,CR931802.1,CR931802.1
22082,CR931802.3,CR931802.3
22083,CR931980.1,CR931980.1
22084,CR933791.1,CR933791.1
22085,CR933791.2,CR933791.2
22086,CR933812.1,CR933812.1
22087,CT009596.1,CT009596.1
22088,CT009745.1,CT009745.1
22089,CT027674.1,CT027674.1
22090,CT573408.1,CT573408.1
22091,CT573484.1,CT573484.1
22092,CT583625.5,CT583625.5
22093,CT583642.2,CT583642.2
22094,CT737125.2,CT737125.2
22095,CT737162.1,CT737162.1
22096,CT737210.1,CT737210.1
22097,CT867948.1,CT867948.1
22098,CT954240.1,CT954240.1
22099,CU019562.3,CU019562.3
22100,CU041319.1,CU041319.1
22101,CU062454.1,CU062454.1
22102,CU076099.2,CU076099.2
22103,CU104782.1,CU104782.1
22104,CU207217.1,CU207217.1
22105,CU302200.1,CU302200.1
22106,CU302323.1,CU302323.1
22107,CU302413.1,CU302413.1
22108,CU462914.1,CU462914.1
22109,CU467879.1,CU467879.1
22110,CU467963.1,CU467963.1
22111,CU469568.3,CU469568.3
22112,CU499330.1,CU499330.1
22113,CU571064.1,CU571064.1
22114,CU571169.1,CU571169.1
22115,CU571328.1,CU571328.1
22116,CU571398.1,CU571398.1
22117,CU638693.2,CU638693.2
22118,CU639412.1,CU639412.1
22119,CU655844.1,CU655844.1
22120,CU658285.1,CU658285.1
22121,CU660013.4,CU660013.4
22122,CU672266.1,CU672266.1
22123,CU681845.1,CU681845.1
22124,CU682777.1,CU682777.1
22125,CU683879.1,CU683879.1
22126,CU693368.1,CU693368.1
22127,CU693494.3,CU693494.3
22128,CU694197.2,CU694197.2
22129,CU694372.1,CU694372.1
22130,CU694952.1,CU694952.1
22131,CU855878.1,CU855878.1
22132,CU861469.1,CU861469.1
22133,CU861667.1,CU861667.1
22134,CU896691.1,CU896691.1
22135,CU914602.1,CU914602.1
22136,CU914760.1,CU914760.1
22137,CU914780.1,CU914780.1
22138,CU915818.1,CU915818.1
22139,CU928046.1,CU928046.1
22140,CU928083.1,CU928083.1
22141,CU929206.1,CU929206.1
22142,CU929359.1,CU929359.1
22143,CU929402.2,CU929402.2
22144,CU929403.1,CU929403.1
22145,DCDC2C,DCDC2C
22146,ELOB,ELOB
22147,FO704758.1,FO704758.1
22148,FO704836.1,FO704836.1
22149,FO744833.1,FO744833.1
22150,FO904898.1,FO904898.1
22151,FO907124.1,FO907124.1
22152,FP015862.3,FP015862.3
22153,FP016205.1,FP016205.1
22154,FP102073.1,FP102073.1
22155,FP102167.1,FP102167.1
22156,FP102786.1,FP102786.1
22157,FP102921.1,FP102921.1
22158,FP102969.1,FP102969.1
22159,FP103106.1,FP103106.1
22160,FP236454.1,FP236454.1
22161,FP236454.2,FP236454.2
22162,FQ311920.1,FQ311920.1
22163,FQ311924.1,FQ311924.1
22164,FQ377903.2,FQ377903.2
22165,GJD4,GJD4
22166,LO017722.1,LO017722.1
22167,LO017802.1,LO017802.1
22168,LO018011.1,LO018011.1
22169,LO018181.1,LO018181.1
22170,LO018260.3,LO018260.3
22171,LO018380.1,LO018380.1
22172,LO018432.1,LO018432.1
22173,LO018508.1,LO018508.1
22174,LO018551.1,LO018551.1
22175,MB21D2,MB21D2
22176,MCHR2,MCHR2
22177,NCAM2,NCAM2
22178,NC-002333.11,NC-002333.11
22179,P2RY14,P2RY14
22180,PEBP4,PEBP4
22181,PGA3,PGA3
22182,RASGRF1,RASGRF1
22183,RASL10B,RASL10B
22184,RBP1,RBP1
22185,RF00007,RF00007
22186,RF00016,RF00016
22187,RF00564,RF00564
22188,RF00609,RF00609
22189,RF01291,RF01291
22190,SGCZ,SGCZ
22191,SHISA8,SHISA8
22192,SYNDIG1,SYNDIG1
22193,TMEM179,TMEM179
22194,TMEM87B,TMEM87B
22195,TRIM35,TRIM35
22196,aaed1,aaed1
22197,abhd8a,abhd8a
22198,acbd5b,acbd5b
22199,acer2,acer2
22200,acot21,acot21
22201,acp7,acp7
22202,adgre18,adgre18
22203,adgre8,adgre8
22204,adgre9,adgre9
22205,adgrf3a,adgrf3a
22206,adipoqb,adipoqb
22207,adra1bb,adra1bb
22208,adrb3b,adrb3b
22209,aglb,aglb
22210,aire,aire
22211,aknad1,aknad1
22212,aldh3b2,aldh3b2
22213,alox5b.2,alox5b.2
22214,amfrb,amfrb
22215,amigo1,amigo1
22216,amn,amn
22217,apoc4,apoc4
22218,art4,art4
22219,asb14a,asb14a
22220,asb15b,asb15b
22221,atg2b,atg2b
22222,atp8b2,atp8b2
22223,barx2,barx2
22224,bglap,bglap
22225,btbd11b,btbd11b
22226,btbd16,btbd16
22227,btg4,btg4
22228,btr06,btr06
22229,ca14,ca14
22230,ca4b,ca4b
22231,cacng3a,cacng3a
22232,carmil1,carmil1
22233,cax2,cax2
22234,cbln14,cbln14
22235,cbln18,cbln18
22236,cbln7,cbln7
22237,ccdc13,ccdc13
22238,ccdc73,ccdc73
22239,ccl39.1,ccl39.1
22240,ccl39.2,ccl39.2
22241,ccl39.4,ccl39.4
22242,ccni2,ccni2
22243,ccr11.1,ccr11.1
22244,ccr12a,ccr12a
22245,cd209,cd209
22246,cd4-1,cd4-1
22247,cdc42ep1a,cdc42ep1a
22248,cdcp2,cdcp2
22249,cdk5r1b,cdk5r1b
22250,cdkn2a/b,cdkn2ab
22251,cfap73,cfap73
22252,chrm5a,chrm5a
22253,chst12b,chst12b
22254,cln5,cln5
22255,clrn3,clrn3
22256,cnr1,cnr1
22257,cnrip1b,cnrip1b
22258,col8a1b,col8a1b
22259,coro6,coro6
22260,cpa1,cpa1
22261,cpdb,cpdb
22262,cpne4b,cpne4b
22263,crp7,crp7
22264,cryba1a,cryba1a
22265,crybb2,crybb2
22266,crygm2a,crygm2a
22267,crygm2b,crygm2b
22268,crygm2c,crygm2c
22269,csnk2a4,csnk2a4
22270,ctxn3,ctxn3
22271,cx34.4,cx34.4
22272,cx39.4,cx39.4
22273,cxcl8b.3,cxcl8b.3
22274,cyp19a1a,cyp19a1a
22275,cyp2k18,cyp2k18
22276,cyp2x8,cyp2x8
22277,cyp8b2,cyp8b2
22278,dapk2b,dapk2b
22279,dcakd,dcakd
22280,disp2,disp2
22281,dmtn,dmtn
22282,dnajc22,dnajc22
22283,dpep2,dpep2
22284,dram2a,dram2a
22285,drd1b,drd1b
22286,drd6b,drd6b
22287,dre-let-7a-3,dre-let-7a-3
22288,dre-mir-101a,dre-mir-101a
22289,dre-mir-125b-1,dre-mir-125b-1
22290,dre-mir-129-1,dre-mir-129-1
22291,dre-mir-129-2,dre-mir-129-2
22292,dre-mir-182,dre-mir-182
22293,dre-mir-187-1,dre-mir-187-1
22294,dre-mir-20a,dre-mir-20a
22295,dre-mir-216b,dre-mir-216b
22296,dre-mir-22b,dre-mir-22b
22297,dre-mir-24-3,dre-mir-24-3
22298,dre-mir-30d,dre-mir-30d
22299,dre-mir-725-1,dre-mir-725-1
22300,dre-mir-729,dre-mir-729
22301,dre-mir-7a-3,dre-mir-7a-3
22302,ebi3,ebi3
22303,ecm1a,ecm1a
22304,edaradd,edaradd
22305,edn3b,edn3b
22306,ela2l,ela2l
22307,elfn2a,elfn2a
22308,elovl8a,elovl8a
22309,enpp7.1,enpp7.1
22310,ensaa,ensaa
22311,ensab,ensab
22312,epn3b,epn3b
22313,espnla,espnla
22314,f9a,f9a
22315,fam113,fam113
22316,fam151a,fam151a
22317,fam20cl,fam20cl
22318,fam217b,fam217b
22319,fam78bb,fam78bb
22320,fbxo40.2,fbxo40.2
22321,figla,figla
22322,flvcr2a,flvcr2a
22323,frrs1a,frrs1a
22324,frrs1b,frrs1b
22325,fshb,fshb
22326,ft1,ft1
22327,ftr29,ftr29
22328,ftr37,ftr37
22329,ftr54,ftr54
22330,ftr72,ftr72
22331,ftr80,ftr80
22332,ftr87,ftr87
22333,ftr92,ftr92
22334,gabra6b,gabra6b
22335,gabrd,gabrd
22336,galr1a,galr1a
22337,gbgt1l1,gbgt1l1
22338,gbp4,gbp4
22339,gc2,gc2
22340,gcgrb,gcgrb
22341,gckr,gckr
22342,gdnfb,gdnfb
22343,gfra2a,gfra2a
22344,gfra2b,gfra2b
22345,ghrh,ghrh
22346,ghrhrb,ghrhrb
22347,gig2i,gig2i
22348,gipr,gipr
22349,gls2b,gls2b
22350,gltpd2,gltpd2
22351,gna15.2,gna15.2
22352,gnrhr1,gnrhr1
22353,gnrhr4,gnrhr4
22354,golga7bb,golga7bb
22355,golt1a,golt1a
22356,gpr1,gpr1
22357,gpr137c,gpr137c
22358,gpr142,gpr142
22359,grik1b,grik1b
22360,grn2,grn2
22361,grnas,grnas
22362,guca1a,guca1a
22363,guca1b,guca1b
22364,gzm3,gzm3
22365,haao,haao
22366,hbba1,hbba1
22367,hcn3,hcn3
22368,hcrt,hcrt
22369,hephl1b,hephl1b
22370,homer3a,homer3a
22371,hpse2,hpse2
22372,hpx,hpx
22373,hrh2a,hrh2a
22374,hs6st3a,hs6st3a
22375,hsf2bp,hsf2bp
22376,hsf5,hsf5
22377,ido1,ido1
22378,ifit16,ifit16
22379,ifit9,ifit9
22380,ifnphi4,ifnphi4
22381,igfals,igfals
22382,ighv11-2,ighv11-2
22383,ighv3-2,ighv3-2
22384,igl3v2,igl3v2
22385,igsf5b,igsf5b
22386,il17rel,il17rel
22387,il1rapl1b,il1rapl1b
22388,im:7160594,im7160594
22389,impg1a,impg1a
22390,insl3,insl3
22391,irf4a,irf4a
22392,ism2b,ism2b
22393,itga11b,itga11b
22394,itga2b,itga2b
22395,jac4,jac4
22396,kcnj11,kcnj11
22397,kcnk13a,kcnk13a
22398,kcnk1b,kcnk1b
22399,kcnk2b,kcnk2b
22400,kcnt2,kcnt2
22401,kctd16b,kctd16b
22402,kif25,kif25
22403,kiss1rb,kiss1rb
22404,kiss2,kiss2
22405,kitb,kitb
22406,klhl33,klhl33
22407,kpna7,kpna7
22408,ky,ky
22409,l3mbtl1,l3mbtl1
22410,lck,lck
22411,ldlrad3,ldlrad3
22412,ldlrad4b,ldlrad4b
22413,lhcgr,lhcgr
22414,lhx8b,lhx8b
22415,lmx1al,lmx1al
22416,lpar3,lpar3
22417,lrfn1,lrfn1
22418,lrit2,lrit2
22419,lrrc14b,lrrc14b
22420,lrrc18a,lrrc18a
22421,lrrc30a,lrrc30a
22422,m17,m17
22423,mafga,mafga
22424,mamdc2a,mamdc2a
22425,map3k2,map3k2
22426,march1,march1
22427,march11,march11
22428,march4,march4
22429,masp2,masp2
22430,mhc1lda,mhc1lda
22431,mhc2b,mhc2b
22432,mmd2a,mmd2a
22433,mmd2b,mmd2b
22434,mmp19,mmp19
22435,mmp25b,mmp25b
22436,mpl,mpl
22437,ms4a17c.1,ms4a17c.1
22438,mtmr9,mtmr9
22439,mtnr1ba,mtnr1ba
22440,mtnr1bb,mtnr1bb
22441,myo7ab,myo7ab
22442,ndp,ndp
22443,ndufa9b,ndufa9b
22444,nek10,nek10
22445,nek11,nek11
22446,neu4,neu4
22447,nitr2b,nitr2b
22448,nitr7b,nitr7b
22449,nitr9,nitr9
22450,nkpd1,nkpd1
22451,nlrc9,nlrc9
22452,nos2b,nos2b
22453,noxa1,noxa1
22454,npy4r,npy4r
22455,nsmfa,nsmfa
22456,obscna,obscna
22457,ogfod2,ogfod2
22458,olfcg4,olfcg4
22459,olfcw1,olfcw1
22460,onecut3b,onecut3b
22461,opn1mw4,opn1mw4
22462,or106-1,or106-1
22463,or106-10,or106-10
22464,or107-1,or107-1
22465,or110-2,or110-2
22466,or111-1,or111-1
22467,or111-2,or111-2
22468,or111-6,or111-6
22469,or115-1,or115-1
22470,or117-1,or117-1
22471,or119-2,or119-2
22472,or124-2,or124-2
22473,or125-7,or125-7
22474,or126-4,or126-4
22475,or128-1,or128-1
22476,or128-10,or128-10
22477,or128-5,or128-5
22478,or133-10,or133-10
22479,or133-2,or133-2
22480,or133-5,or133-5
22481,or133-9,or133-9
22482,or134-1,or134-1
22483,or135-1,or135-1
22484,or137-6,or137-6
22485,ora1,ora1
22486,ora4,ora4
22487,otop2,otop2
22488,oxgr1a.1,oxgr1a.1
22489,oxt,oxt
22490,panx2,panx2
22491,paqr7b,paqr7b
22492,pard6b,pard6b
22493,parietopsin,parietopsin
22494,pcdh1g2,pcdh1g2
22495,pcdh2ab12,pcdh2ab12
22496,pde8b,pde8b
22497,pde9al,pde9al
22498,pdxp,pdxp
22499,pgm5,pgm5
22500,phc3,phc3
22501,phf1,phf1
22502,pimr140,pimr140
22503,pimr176,pimr176
22504,pimr184,pimr184
22505,pimr190,pimr190
22506,pimr203,pimr203
22507,pimr207,pimr207
22508,pimr55,pimr55
22509,pimr71,pimr71
22510,pimr79,pimr79
22511,pimr98,pimr98
22512,pjvk,pjvk
22513,plcxd2,plcxd2
22514,pld6,pld6
22515,plin1,plin1
22516,pmchl,pmchl
22517,ponzr10,ponzr10
22518,pou4f3,pou4f3
22519,ppp4r1l,ppp4r1l
22520,prf1.5,prf1.5
22521,prf1.6,prf1.6
22522,prob1,prob1
22523,prss60.1,prss60.1
22524,pth1ra,pth1ra
22525,pth1rb,pth1rb
22526,purg,purg
22527,pxdc1a,pxdc1a
22528,rab32b,rab32b
22529,rasal1b,rasal1b
22530,rca2.2,rca2.2
22531,rdh20,rdh20
22532,rec8b,rec8b
22533,rfx6,rfx6
22534,rgs1,rgs1
22535,rgs7b,rgs7b
22536,rhoh,rhoh
22537,ripk3,ripk3
22538,rnf212b,rnf212b
22539,rxfp3.3a2,rxfp3.3a2
22540,saxo2,saxo2
22541,sdr42e2,sdr42e2
22542,sebox,sebox
22543,sec22c,sec22c
22544,sema4ga,sema4ga
22545,setd1bb,setd1bb
22546,sgsm1b,sgsm1b
22547,sh2d1ab,sh2d1ab
22548,shc2,shc2
22549,si:busm1-266f07.2,sibusm1266f07.2
22550,si:busm1-52i16.2,sibusm152i16.2
22551,si:cabz01054394.7,sicabz01054394.7
22552,si:cabz01069012.2,sicabz01069012.2
22553,si:cabz01093077.1,sicabz01093077.1
22554,si:ch1073-13h15.3,sich107313h15.3
22555,si:ch1073-181h11.2,sich1073181h11.2
22556,si:ch1073-303d10.1,sich1073303d10.1
22557,si:ch1073-416j23.1,sich1073416j23.1
22558,si:ch211-103b1.2,sich211103b1.2
22559,si:ch211-106g8.56,sich211106g8.56
22560,si:ch211-106h11.1,sich211106h11.1
22561,si:ch211-106j21.2,sich211106j21.2
22562,si:ch211-106j21.6,sich211106j21.6
22563,si:ch211-107e6.6,sich211107e6.6
22564,si:ch211-114l13.4,sich211114l13.4
22565,si:ch211-116o3.3,sich211116o3.3
22566,si:ch211-11i22.4,sich21111i22.4
22567,si:ch211-121a2.4,sich211121a2.4
22568,si:ch211-128m15.3,sich211128m15.3
22569,si:ch211-132g1.6,sich211132g1.6
22570,si:ch211-133h13.1,sich211133h13.1
22571,si:ch211-133l5.7,sich211133l5.7
22572,si:ch211-133l5.8,sich211133l5.8
22573,si:ch211-134a4.6,sich211134a4.6
22574,si:ch211-142d6.2,sich211142d6.2
22575,si:ch211-147g22.7,sich211147g22.7
22576,si:ch211-149k23.9,sich211149k23.9
22577,si:ch211-15j1.3,sich21115j1.3
22578,si:ch211-15j1.4,sich21115j1.4
22579,si:ch211-15j1.7,sich21115j1.7
22580,si:ch211-15p9.2,sich21115p9.2
22581,si:ch211-161n3.4,sich211161n3.4
22582,si:ch211-176g6.2,sich211176g6.2
22583,si:ch211-186j3.3,sich211186j3.3
22584,si:ch211-188p14.3,sich211188p14.3
22585,si:ch211-188p14.4,sich211188p14.4
22586,si:ch211-191j22.7,sich211191j22.7
22587,si:ch211-194e1.9,sich211194e1.9
22588,si:ch211-194h1.2,sich211194h1.2
22589,si:ch211-196h16.4,sich211196h16.4
22590,si:ch211-198c19.1,sich211198c19.1
22591,si:ch211-202m22.1,sich211202m22.1
22592,si:ch211-204d2.4,sich211204d2.4
22593,si:ch211-211k8.12,sich211211k8.12
22594,si:ch211-215k15.4,sich211215k15.4
22595,si:ch211-218m3.13,sich211218m3.13
22596,si:ch211-219a15.4,sich211219a15.4
22597,si:ch211-223m11.2,sich211223m11.2
22598,si:ch211-223p8.8,sich211223p8.8
22599,si:ch211-226h7.8,sich211226h7.8
22600,si:ch211-226o13.1,sich211226o13.1
22601,si:ch211-227p7.5,sich211227p7.5
22602,si:ch211-229n2.6,sich211229n2.6
22603,si:ch211-230g14.6,sich211230g14.6
22604,si:ch211-233m11.1,sich211233m11.1
22605,si:ch211-234c11.2,sich211234c11.2
22606,si:ch211-236g6.1,sich211236g6.1
22607,si:ch211-237i5.4,sich211237i5.4
22608,si:ch211-238g23.1,sich211238g23.1
22609,si:ch211-240l19.7,sich211240l19.7
22610,si:ch211-241b2.5,sich211241b2.5
22611,si:ch211-241j8.2,sich211241j8.2
22612,si:ch211-242e8.1,sich211242e8.1
22613,si:ch211-244e12.7,sich211244e12.7
22614,si:ch211-246b8.1,sich211246b8.1
22615,si:ch211-250m6.7,sich211250m6.7
22616,si:ch211-253p14.2,sich211253p14.2
22617,si:ch211-255f4.11,sich211255f4.11
22618,si:ch211-260e23.7,sich211260e23.7
22619,si:ch211-266k8.6,sich211266k8.6
22620,si:ch211-270n8.1,sich211270n8.1
22621,si:ch211-271e10.1,sich211271e10.1
22622,si:ch211-272h9.6,sich211272h9.6
22623,si:ch211-274k16.9,sich211274k16.9
22624,si:ch211-276i6.1,sich211276i6.1
22625,si:ch211-282j17.12,sich211282j17.12
22626,si:ch211-28e16.5,sich21128e16.5
22627,si:ch211-51f19.1,sich21151f19.1
22628,si:ch211-51h4.2,sich21151h4.2
22629,si:ch211-57m13.5,sich21157m13.5
22630,si:ch211-57n23.1,sich21157n23.1
22631,si:ch211-63p21.4,sich21163p21.4
22632,si:ch211-66h3.4,sich21166h3.4
22633,si:ch211-76m11.8,sich21176m11.8
22634,si:ch211-81a5.1,sich21181a5.1
22635,si:ch211-93g21.1,sich21193g21.1
22636,si:ch211-9n13.3,sich2119n13.3
22637,si:ch73-106k19.2,sich73106k19.2
22638,si:ch73-106n3.1,sich73106n3.1
22639,si:ch73-111e15.1,sich73111e15.1
22640,si:ch73-113g13.2,sich73113g13.2
22641,si:ch73-125k17.2,sich73125k17.2
22642,si:ch73-138i16.1,sich73138i16.1
22643,si:ch73-151m17.5,sich73151m17.5
22644,si:ch73-170d6.4,sich73170d6.4
22645,si:ch73-205h11.1,sich73205h11.1
22646,si:ch73-208h1.1,sich73208h1.1
22647,si:ch73-21d24.1,sich7321d24.1
22648,si:ch73-233f7.8,sich73233f7.8
22649,si:ch73-267c23.10,sich73267c23.10
22650,si:ch73-27e22.4,sich7327e22.4
22651,si:ch73-281i18.4,sich73281i18.4
22652,si:ch73-286h23.4,sich73286h23.4
22653,si:ch73-335l21.3,sich73335l21.3
22654,si:ch73-337l15.2,sich73337l15.2
22655,si:ch73-338o16.4,sich73338o16.4
22656,si:ch73-361p23.3,sich73361p23.3
22657,si:ch73-380l3.1,sich73380l3.1
22658,si:ch73-40a17.4,sich7340a17.4
22659,si:ch73-47f2.1,sich7347f2.1
22660,si:ch73-54f23.4,sich7354f23.4
22661,si:ch73-7i4.1,sich737i4.1
22662,si:dkey-103g5.3,sidkey103g5.3
22663,si:dkey-103g5.4,sidkey103g5.4
22664,si:dkey-112g5.11,sidkey112g5.11
22665,si:dkey-11e23.9,sidkey11e23.9
22666,si:dkey-11m19.5,sidkey11m19.5
22667,si:dkey-11o1.3,sidkey11o1.3
22668,si:dkey-122c11.7,sidkey122c11.7
22669,si:dkey-156k2.4,sidkey156k2.4
22670,si:dkey-163f12.11,sidkey163f12.11
22671,si:dkey-163m14.2,sidkey163m14.2
22672,si:dkey-166k12.1,sidkey166k12.1
22673,si:dkey-16p19.8,sidkey16p19.8
22674,si:dkey-179j5.5,sidkey179j5.5
22675,si:dkey-17e16.9,sidkey17e16.9
22676,si:dkey-183c6.7,sidkey183c6.7
22677,si:dkey-187j14.6,sidkey187j14.6
22678,si:dkey-189g17.2,sidkey189g17.2
22679,si:dkey-192k22.2,sidkey192k22.2
22680,si:dkey-192p21.6,sidkey192p21.6
22681,si:dkey-193b15.5,sidkey193b15.5
22682,si:dkey-196h17.9,sidkey196h17.9
22683,si:dkey-1c7.2,sidkey1c7.2
22684,si:dkey-1c7.3,sidkey1c7.3
22685,si:dkey-1h24.2,sidkey1h24.2
22686,si:dkey-1m11.5,sidkey1m11.5
22687,si:dkey-201c13.2,sidkey201c13.2
22688,si:dkey-201i24.3,sidkey201i24.3
22689,si:dkey-202l22.3,sidkey202l22.3
22690,si:dkey-20i20.10,sidkey20i20.10
22691,si:dkey-219c10.4,sidkey219c10.4
22692,si:dkey-21e5.1,sidkey21e5.1
22693,si:dkey-21h14.12,sidkey21h14.12
22694,si:dkey-21o22.2,sidkey21o22.2
22695,si:dkey-225n22.4,sidkey225n22.4
22696,si:dkey-230i18.2,sidkey230i18.2
22697,si:dkey-235d18.6,sidkey235d18.6
22698,si:dkey-238d18.13,sidkey238d18.13
22699,si:dkey-238d18.5,sidkey238d18.5
22700,si:dkey-238m4.4,sidkey238m4.4
22701,si:dkey-246e1.3,sidkey246e1.3
22702,si:dkey-246g23.4,sidkey246g23.4
22703,si:dkey-248f6.3,sidkey248f6.3
22704,si:dkey-260c8.6,sidkey260c8.6
22705,si:dkey-261j11.2,sidkey261j11.2
22706,si:dkey-261j11.3,sidkey261j11.3
22707,si:dkey-265e7.1,sidkey265e7.1
22708,si:dkey-266m15.5,sidkey266m15.5
22709,si:dkey-26m3.2,sidkey26m3.2
22710,si:dkey-26m3.3,sidkey26m3.3
22711,si:dkey-276j7.3,sidkey276j7.3
22712,si:dkey-27n14.1,sidkey27n14.1
22713,si:dkey-282h22.5,sidkey282h22.5
22714,si:dkey-28d5.5,sidkey28d5.5
22715,si:dkey-28d5.7,sidkey28d5.7
22716,si:dkey-29d5.2,sidkey29d5.2
22717,si:dkey-31g16.2,sidkey31g16.2
22718,si:dkey-33c14.6,sidkey33c14.6
22719,si:dkey-35h6.1,sidkey35h6.1
22720,si:dkey-37g12.1,sidkey37g12.1
22721,si:dkey-38n4.2,sidkey38n4.2
22722,si:dkey-3h2.3,sidkey3h2.3
22723,si:dkey-42l23.2,sidkey42l23.2
22724,si:dkey-44k1.5,sidkey44k1.5
22725,si:dkey-48g21.7,sidkey48g21.7
22726,si:dkey-51d8.1,sidkey51d8.1
22727,si:dkey-52p2.5,sidkey52p2.5
22728,si:dkey-53k12.1,sidkey53k12.1
22729,si:dkey-58f10.12,sidkey58f10.12
22730,si:dkey-59l11.10,sidkey59l11.10
22731,si:dkey-61f9.1,sidkey61f9.1
22732,si:dkey-63d15.12,sidkey63d15.12
22733,si:dkey-71l4.1,sidkey71l4.1
22734,si:dkey-71l4.5,sidkey71l4.5
22735,si:dkey-78l4.11,sidkey78l4.11
22736,si:dkey-78l4.5,sidkey78l4.5
22737,si:dkey-7i4.19,sidkey7i4.19
22738,si:dkey-81j8.6,sidkey81j8.6
22739,si:dkey-83f18.3,sidkey83f18.3
22740,si:dkey-85k7.11,sidkey85k7.11
22741,si:dkey-88e18.2,sidkey88e18.2
22742,si:dkey-88e18.8,sidkey88e18.8
22743,si:dkey-88l16.4,sidkey88l16.4
22744,si:dkey-88l16.5,sidkey88l16.5
22745,si:dkey-90l8.3,sidkey90l8.3
22746,si:dkey-93l1.4,sidkey93l1.4
22747,si:dkey-9i23.14,sidkey9i23.14
22748,si:dkeyp-100a1.6,sidkeyp100a1.6
22749,si:dkeyp-114g9.1,sidkeyp114g9.1
22750,si:dkeyp-3f10.16,sidkeyp3f10.16
22751,si:dkeyp-41f9.3,sidkeyp41f9.3
22752,si:dkeyp-41f9.4,sidkeyp41f9.4
22753,si:dkeyp-46h3.8,sidkeyp46h3.8
22754,si:dkeyp-4f2.6,sidkeyp4f2.6
22755,si:dkeyp-57d7.4,sidkeyp57d7.4
22756,si:dkeyp-59c12.1,sidkeyp59c12.1
22757,si:dkeyp-5g9.1,sidkeyp5g9.1
22758,si:dkeyp-61b2.1,sidkeyp61b2.1
22759,si:dkeyp-67e1.6,sidkeyp67e1.6
22760,si:dkeyp-77c4.5,sidkeyp77c4.5
22761,si:dkeyp-77c8.1,sidkeyp77c8.1
22762,si:dkeyp-82a1.2,sidkeyp82a1.2
22763,si:dkeyp-82a1.4,sidkeyp82a1.4
22764,si:dkeyp-87d1.1,sidkeyp87d1.1
22765,si:dkeyp-88h4.2,sidkeyp88h4.2
22766,si:dkeyp-92c9.4,sidkeyp92c9.4
22767,si:dkeyp-97e7.9,sidkeyp97e7.9
22768,si:rp71-17i16.5,sirp7117i16.5
22769,si:rp71-36a1.3,sirp7136a1.3
22770,si:rp71-45k5.2,sirp7145k5.2
22771,si:rp71-7l19.2,sirp717l19.2
22772,siglec15l,siglec15l
22773,sinup,sinup
22774,slbp2,slbp2
22775,slc15a1b,slc15a1b
22776,slc19a3a,slc19a3a
22777,slc1a2a,slc1a2a
22778,slc1a7a,slc1a7a
22779,slc25a29,slc25a29
22780,slc28a1,slc28a1
22781,slc2a11l,slc2a11l
22782,slc30a1b,slc30a1b
22783,slc35f4,slc35f4
22784,slc47a3,slc47a3
22785,slc48a1a,slc48a1a
22786,slc4a3,slc4a3
22787,slc5a11,slc5a11
22788,slc5a5,slc5a5
22789,slc6a16a,slc6a16a
22790,slc6a18,slc6a18
22791,slc6a19b,slc6a19b
22792,slc9a3.2,slc9a3.2
22793,slco1e1,slco1e1
22794,slco4a1,slco4a1
22795,snx19a,snx19a
22796,soat1,soat1
22797,sorcs3b,sorcs3b
22798,sox18,sox18
22799,sp100.3,sp100.3
22800,srd5a2b,srd5a2b
22801,st3gal1,st3gal1
22802,stpg1,stpg1
22803,stx1a,stx1a
22804,sugct,sugct
22805,sult3st1,sult3st1
22806,svilb,svilb
22807,sycn.2,sycn.2
22808,sycp2,sycp2
22809,syt14b,syt14b
22810,syt17,syt17
22811,taar13e,taar13e
22812,taar14a,taar14a
22813,taar19q,taar19q
22814,taar20t,taar20t
22815,tac4,tac4
22816,tacr3a,tacr3a
22817,tal2,tal2
22818,tap2a,tap2a
22819,tesmin,tesmin
22820,tgm1l3,tgm1l3
22821,tlr20.2,tlr20.2
22822,tlr4bb,tlr4bb
22823,tlr7,tlr7
22824,tmc6a,tmc6a
22825,tmed6,tmed6
22826,tmem121ab,tmem121ab
22827,tmem14cb,tmem14cb
22828,tmem163b,tmem163b
22829,tmem170b,tmem170b
22830,tmem182b,tmem182b
22831,tmem184bb,tmem184bb
22832,tnni2a.3,tnni2a.3
22833,tns3.1,tns3.1
22834,tomt,tomt
22835,tor1l3,tor1l3
22836,tradv10.0.3,tradv10.0.3
22837,tradv23.1.1,tradv23.1.1
22838,tradv25.0.4,tradv25.0.4
22839,trhr2,trhr2
22840,trhra,trhra
22841,trim110,trim110
22842,trim35-14,trim35-14
22843,trim35-21,trim35-21
22844,trim35-25,trim35-25
22845,trim35-29,trim35-29
22846,trpc3,trpc3
22847,trpc5a,trpc5a
22848,trpc7a,trpc7a
22849,tspan33b,tspan33b
22850,ttll2,ttll2
22851,ubash3ba,ubash3ba
22852,ubxn2a,ubxn2a
22853,ucmaa,ucmaa
22854,ugt1b1,ugt1b1
22855,ugt1b7,ugt1b7
22856,ugt5c1,ugt5c1
22857,unm-sa808,unm-sa808
22858,upk1a,upk1a
22859,upp1,upp1
22860,upp2,upp2
22861,ush1gb,ush1gb
22862,v2rc1,v2rc1
22863,v2rx1,v2rx1
22864,v2rx3,v2rx3
22865,vtg1,vtg1
22866,wfikkn2a,wfikkn2a
22867,wfs1a,wfs1a
22868,wisp1b,wisp1b
22869,wu:fc38h03,wufc38h03
22870,wu:fj39g12,wufj39g12
22871,xylb,xylb
22872,zbbx,zbbx
22873,zbtb32,zbtb32
22874,zbtb44,zbtb44
22875,zc3h12a,zc3h12a
22876,zdhhc8a,zdhhc8a
22877,zgc:101040,zgc101040
22878,zgc:101699,zgc101699
22879,zgc:103700,zgc103700
22880,zgc:109982,zgc109982
22881,zgc:110171,zgc110171
22882,zgc:111976,zgc111976
22883,zgc:112160,zgc112160
22884,zgc:112416,zgc112416
22885,zgc:112965,zgc112965
22886,zgc:123275,zgc123275
22887,zgc:123278,zgc123278
22888,zgc:136461,zgc136461
22889,zgc:136605,zgc136605
22890,zgc:152658,zgc152658
22891,zgc:158222,zgc158222
22892,zgc:158316,zgc158316
22893,zgc:162160,zgc162160
22894,zgc:165656,zgc165656
22895,zgc:171781,zgc171781
22896,zgc:171887,zgc171887
22897,zgc:172051,zgc172051
22898,zgc:172067,zgc172067
22899,zgc:172090,zgc172090
22900,zgc:172143,zgc172143
22901,zgc:172271,zgc172271
22902,zgc:173729,zgc173729
22903,zgc:173737,zgc173737
22904,zgc:174224,zgc174224
22905,zgc:175248,zgc175248
22906,zgc:194655,zgc194655
22907,zgc:194887,zgc194887
22908,zgc:66473,zgc66473
22909,zgc:92162,zgc92162
22910,zmp:0000000735,zmp0000000735
22911,zmp:0000001048,zmp0000001048
22912,zmp:0000001102,zmp0000001102
22913,znf1013,znf1013
22914,znf1058,znf1058
22915,znf1061,znf1061
22916,znf1076,znf1076
22917,znf1103,znf1103
22918,znf1151,znf1151
22919,znf1152,znf1152
22920,znf1179,znf1179
22921,znf1184,znf1184
22922,znf366,znf366
22923,znf569l,znf569l
22924,znf979,znf979
22925,znhit6,znhit6
22926,AL590150.1,AL590150.1
22927,AL627164.1,AL627164.1
22928,AL831768.1,AL831768.1
22929,AL844192.1,AL844192.1
22930,AL844563.1,AL844563.1
22931,AL845428.2,AL845428.2
22932,AL929536.7,AL929536.7
22933,AL935065.1,AL935065.1
22934,AL935292.1,AL935292.1
22935,AL954129.1,AL954129.1
22936,AL954146.1,AL954146.1
22937,AL954655.2,AL954655.2
22938,AL954695.1,AL954695.1
22939,AL954698.1,AL954698.1
22940,BX004769.1,BX004769.1
22941,BX004780.1,BX004780.1
22942,BX004980.1,BX004980.1
22943,BX005012.4,BX005012.4
22944,BX005022.2,BX005022.2
22945,BX005054.1,BX005054.1
22946,BX005380.1,BX005380.1
22947,BX005414.1,BX005414.1
22948,BX248331.1,BX248331.1
22949,BX279523.1,BX279523.1
22950,BX294006.1,BX294006.1
22951,BX294100.1,BX294100.1
22952,BX321875.1,BX321875.1
22953,BX321875.4,BX321875.4
22954,BX322601.1,BX322601.1
22955,BX323457.1,BX323457.1
22956,BX323887.1,BX323887.1
22957,BX324006.1,BX324006.1
22958,BX324206.1,BX324206.1
22959,BX324218.1,BX324218.1
22960,BX465186.2,BX465186.2
22961,BX465198.3,BX465198.3
22962,BX470128.1,BX470128.1
22963,BX470189.2,BX470189.2
22964,BX510922.3,BX510922.3
22965,BX510924.1,BX510924.1
22966,BX511034.4,BX511034.4
22967,BX511112.1,BX511112.1
22968,BX511132.1,BX511132.1
22969,BX511253.1,BX511253.1
22970,BX539325.1,BX539325.1
22971,BX547934.1,BX547934.1
22972,BX548032.3,BX548032.3
22973,BX571720.1,BX571720.1
22974,BX571774.1,BX571774.1
22975,BX571794.2,BX571794.2
22976,BX571803.1,BX571803.1
22977,BX571843.1,BX571843.1
22978,BX571853.1,BX571853.1
22979,BX571945.2,BX571945.2
22980,BX640512.2,BX640512.2
22981,BX649266.2,BX649266.2
22982,BX649384.1,BX649384.1
22983,BX649516.4,BX649516.4
22984,BX663605.1,BX663605.1
22985,BX664625.1,BX664625.1
22986,BX664625.3,BX664625.3
22987,BX682557.1,BX682557.1
22988,BX769173.1,BX769173.1
22989,BX855618.1,BX855618.1
22990,BX901923.1,BX901923.1
22991,BX901968.1,BX901968.1
22992,BX908386.1,BX908386.1
22993,BX908721.1,BX908721.1
22994,BX927216.1,BX927216.1
22995,BX927377.1,BX927377.1
22996,BX936305.1,BX936305.1
22997,BX936308.2,BX936308.2
22998,BX936393.2,BX936393.2
22999,BX957256.1,BX957256.1
23000,BX957322.1,BX957322.1
23001,BX957328.1,BX957328.1
23002,BX957345.1,BX957345.1
23003,CABZ01037174.1,CABZ01037174.1
23004,CABZ01040931.1,CABZ01040931.1
23005,CABZ01041604.1,CABZ01041604.1
23006,CABZ01044108.1,CABZ01044108.1
23007,CABZ01044764.2,CABZ01044764.2
23008,CABZ01046997.1,CABZ01046997.1
23009,CABZ01048666.1,CABZ01048666.1
23010,CABZ01053323.1,CABZ01053323.1
23011,CABZ01055365.1,CABZ01055365.1
23012,CABZ01056637.1,CABZ01056637.1
23013,CABZ01059099.1,CABZ01059099.1
23014,CABZ01067080.1,CABZ01067080.1
23015,CABZ01067175.1,CABZ01067175.1
23016,CABZ01068244.1,CABZ01068244.1
23017,CABZ01072242.1,CABZ01072242.1
23018,CABZ01072487.2,CABZ01072487.2
23019,CABZ01074888.1,CABZ01074888.1
23020,CABZ01078080.1,CABZ01078080.1
23021,CABZ01079818.1,CABZ01079818.1
23022,CABZ01084501.1,CABZ01084501.1
23023,CABZ01084564.1,CABZ01084564.1
23024,CABZ01088229.1,CABZ01088229.1
23025,CABZ01100304.1,CABZ01100304.1
23026,CR318600.2,CR318600.2
23027,CR318646.1,CR318646.1
23028,CR352310.1,CR352310.1
23029,CR354430.3,CR354430.3
23030,CR354556.2,CR354556.2
23031,CR356227.2,CR356227.2
23032,CR376747.1,CR376747.1
23033,CR376838.1,CR376838.1
23034,CR381689.1,CR381689.1
23035,CR383662.1,CR383662.1
23036,CR383669.2,CR383669.2
23037,CR388148.2,CR388148.2
23038,CR388164.1,CR388164.1
23039,CR388166.1,CR388166.1
23040,CR388364.2,CR388364.2
23041,CR388369.1,CR388369.1
23042,CR388378.2,CR388378.2
23043,CR391990.1,CR391990.1
23044,CR392024.1,CR392024.1
23045,CR396590.7,CR396590.7
23046,CR407584.1,CR407584.1
23047,CR450824.2,CR450824.2
23048,CR450827.1,CR450827.1
23049,CR456628.1,CR456628.1
23050,CR548634.1,CR548634.1
23051,CR735102.1,CR735102.1
23052,CR749752.1,CR749752.1
23053,CR759927.1,CR759927.1
23054,CR759968.2,CR759968.2
23055,CR762392.1,CR762392.1
23056,CR762470.1,CR762470.1
23057,CR762475.1,CR762475.1
23058,CR762493.1,CR762493.1
23059,CR788303.1,CR788303.1
23060,CR790365.2,CR790365.2
23061,CR790388.1,CR790388.1
23062,CR846082.1,CR846082.1
23063,CR847870.1,CR847870.1
23064,CR847898.3,CR847898.3
23065,CR854832.1,CR854832.1
23066,CR855860.2,CR855860.2
23067,CR925723.4,CR925723.4
23068,CR925731.1,CR925731.1
23069,CR932360.1,CR932360.1
23070,CR936378.1,CR936378.1
23071,CR936457.1,CR936457.1
23072,CR936540.1,CR936540.1
23073,CT027704.1,CT027704.1
23074,CT573342.2,CT573342.2
23075,CT583646.1,CT583646.1
23076,CT583728.14,CT583728.14
23077,CU019663.1,CU019663.1
23078,CU041363.1,CU041363.1
23079,CU062479.1,CU062479.1
23080,CU062501.2,CU062501.2
23081,CU104709.1,CU104709.1
23082,CU137716.1,CU137716.1
23083,CU210919.1,CU210919.1
23084,CU278559.1,CU278559.1
23085,CU442763.1,CU442763.1
23086,CU459012.3,CU459012.3
23087,CU467655.1,CU467655.1
23088,CU468723.1,CU468723.1
23089,CU468826.2,CU468826.2
23090,CU469104.1,CU469104.1
23091,CU469514.1,CU469514.1
23092,CU550702.1,CU550702.1
23093,CU570769.2,CU570769.2
23094,CU570769.3,CU570769.3
23095,CU570889.1,CU570889.1
23096,CU633479.1,CU633479.1
23097,CU660013.2,CU660013.2
23098,CU693446.1,CU693446.1
23099,CU693481.1,CU693481.1
23100,CU694255.2,CU694255.2
23101,CU855552.1,CU855552.1
23102,CU855821.1,CU855821.1
23103,CU855889.1,CU855889.1
23104,CU862015.1,CU862015.1
23105,CU929037.2,CU929037.2
23106,CU929150.1,CU929150.1
23107,FAM163B,FAM163B
23108,FO704777.1,FO704777.1
23109,FO834855.1,FO834855.1
23110,FO834888.1,FO834888.1
23111,FP003590.1,FP003590.1
23112,FP016142.7,FP016142.7
23113,FP016235.1,FP016235.1
23114,FP074874.3,FP074874.3
23115,FP085399.5,FP085399.5
23116,FP102052.1,FP102052.1
23117,FP103005.1,FP103005.1
23118,FP245455.1,FP245455.1
23119,FP245456.1,FP245456.1
23120,FQ377603.1,FQ377603.1
23121,GBGT1,GBGT1
23122,HEPACAM,HEPACAM
23123,KCNA6,KCNA6
23124,LO017648.1,LO017648.1
23125,LO017656.1,LO017656.1
23126,LO017799.1,LO017799.1
23127,LO017815.1,LO017815.1
23128,LO018289.1,LO018289.1
23129,LO018612.1,LO018612.1
23130,MSMP,MSMP
23131,RF01229,RF01229
23132,SAMD12,SAMD12
23133,TMEM114,TMEM114
23134,UST,UST
23135,VSTM2A,VSTM2A
23136,adamts14,adamts14
23137,adora1a,adora1a
23138,alkal2a,alkal2a
23139,arhgap20b,arhgap20b
23140,artna,artna
23141,asb1,asb1
23142,atg16l2,atg16l2
23143,avpr2aa,avpr2aa
23144,bmp10l,bmp10l
23145,bnip1a,bnip1a
23146,c1ql2,c1ql2
23147,c1qtnf6a,c1qtnf6a
23148,calml4b,calml4b
23149,caps2,caps2
23150,casr,casr
23151,cbln8,cbln8
23152,ccl27a,ccl27a
23153,ccl39.5,ccl39.5
23154,cdc42ep1b,cdc42ep1b
23155,cdk14,cdk14
23156,chdh,chdh
23157,chmp2ba,chmp2ba
23158,chrna2b,chrna2b
23159,chrna7,chrna7
23160,clic6,clic6
23161,col28a1b,col28a1b
23162,crp1,crp1
23163,ctxn1,ctxn1
23164,cx28.1,cx28.1
23165,cxcr2,cxcr2
23166,cyp27b1,cyp27b1
23167,cyp2k6,cyp2k6
23168,cyp2x10.2,cyp2x10.2
23169,dact1,dact1
23170,dgkb,dgkb
23171,dpep1,dpep1
23172,dre-mir-107a,dre-mir-107a
23173,dre-mir-15b,dre-mir-15b
23174,dre-mir-181b-1,dre-mir-181b-1
23175,dre-mir-184-1,dre-mir-184-1
23176,dre-mir-217,dre-mir-217
23177,dre-mir-2189,dre-mir-2189
23178,fam110a,fam110a
23179,fam160a1b,fam160a1b
23180,faslg,faslg
23181,fgf11a,fgf11a
23182,fibcd1,fibcd1
23183,foxb2,foxb2
23184,foxo1b,foxo1b
23185,frmpd2,frmpd2
23186,ftr98,ftr98
23187,fzd9a,fzd9a
23188,g6fl,g6fl
23189,g6pcb,g6pcb
23190,gabra6a,gabra6a
23191,gig2j,gig2j
23192,gja8b,gja8b
23193,glt1d1,glt1d1
23194,gpha2,gpha2
23195,gpr52,gpr52
23196,gramd1bb,gramd1bb
23197,gsdf,gsdf
23198,gsg1l2a,gsg1l2a
23199,gzmk,gzmk
23200,hcn4,hcn4
23201,hgfb,hgfb
23202,hivep2b,hivep2b
23203,hs3st3l,hs3st3l
23204,htr2ab,htr2ab
23205,ifnphi2,ifnphi2
23206,ighv4-5,ighv4-5
23207,il10,il10
23208,il22,il22
23209,itih3b,itih3b
23210,jac8,jac8
23211,kbtbd11,kbtbd11
23212,kcna2a,kcna2a
23213,kcna6a,kcna6a
23214,kcnh6b,kcnh6b
23215,kcnk2a,kcnk2a
23216,kcnk3a,kcnk3a
23217,kcnk9,kcnk9
23218,layna,layna
23219,lgi2a,lgi2a
23220,lhx2a,lhx2a
23221,loxl5a,loxl5a
23222,lrig3,lrig3
23223,lrit3b,lrit3b
23224,lrrc3b,lrrc3b
23225,lrrc3ca,lrrc3ca
23226,lrrc66,lrrc66
23227,lrrc74a,lrrc74a
23228,lrrtm4l1,lrrtm4l1
23229,lrrtm4l2,lrrtm4l2
23230,lrtm1,lrtm1
23231,ly86,ly86
23232,mboat4,mboat4
23233,mc3r,mc3r
23234,mhc1zka,mhc1zka
23235,mhc2dbb,mhc2dbb
23236,mlnr,mlnr
23237,mpp5b,mpp5b
23238,myf6,myf6
23239,nadsyn1,nadsyn1
23240,nitr12,nitr12
23241,nitr3c,nitr3c
23242,nkl.1,nkl.1
23243,nos2a,nos2a
23244,npffr1l1,npffr1l1
23245,npy8br,npy8br
23246,nsun6,nsun6
23247,ntsr1,ntsr1
23248,nxph3,nxph3
23249,olfcd1,olfcd1
23250,olfcd3,olfcd3
23251,olfcj1,olfcj1
23252,onecut3a,onecut3a
23253,opn1lw1,opn1lw1
23254,or101-1,or101-1
23255,or106-11,or106-11
23256,or106-8,or106-8
23257,or108-3,or108-3
23258,or111-7,or111-7
23259,or113-2,or113-2
23260,or120-1,or120-1
23261,or125-1,or125-1
23262,or125-5,or125-5
23263,or133-7,or133-7
23264,or137-4,or137-4
23265,osbpl11,osbpl11
23266,oscp1a,oscp1a
23267,oxgr1a.3,oxgr1a.3
23268,pdk3b,pdk3b
23269,pdp1,pdp1
23270,phka1b,phka1b
23271,pik3r6b,pik3r6b
23272,pimr129,pimr129
23273,pimr174,pimr174
23274,pimr182,pimr182
23275,pimr185,pimr185
23276,pimr199,pimr199
23277,pimr94,pimr94
23278,pip4k2cb,pip4k2cb
23279,pla2g4f.2,pla2g4f.2
23280,pmch,pmch
23281,pnpla4,pnpla4
23282,pparab,pparab
23283,prss59.1,prss59.1
23284,pth1b,pth1b
23285,qpctlb,qpctlb
23286,rce1b,rce1b
23287,rnasel2,rnasel2
23288,rnf150a,rnf150a
23289,rpz6,rpz6
23290,rsad2,rsad2
23291,shpk,shpk
23292,si:busm1-194e12.11,sibusm1194e12.11
23293,si:cabz01033205.3,sicabz01033205.3
23294,si:ch1073-66l23.1,sich107366l23.1
23295,si:ch211-106j21.5,sich211106j21.5
23296,si:ch211-113d11.8,sich211113d11.8
23297,si:ch211-117c9.1,sich211117c9.1
23298,si:ch211-117l17.4,sich211117l17.4
23299,si:ch211-122l14.7,sich211122l14.7
23300,si:ch211-122l24.6,sich211122l24.6
23301,si:ch211-125e6.11,sich211125e6.11
23302,si:ch211-125e6.12,sich211125e6.12
23303,si:ch211-127n13.2,sich211127n13.2
23304,si:ch211-12e13.1,sich21112e13.1
23305,si:ch211-130m23.3,sich211130m23.3
23306,si:ch211-154e10.1,sich211154e10.1
23307,si:ch211-161n3.5,sich211161n3.5
23308,si:ch211-162k9.5,sich211162k9.5
23309,si:ch211-162k9.6,sich211162k9.6
23310,si:ch211-182e10.4,sich211182e10.4
23311,si:ch211-197g15.10,sich211197g15.10
23312,si:ch211-205a14.7,sich211205a14.7
23313,si:ch211-214c7.5,sich211214c7.5
23314,si:ch211-218h8.3,sich211218h8.3
23315,si:ch211-218m3.9,sich211218m3.9
23316,si:ch211-222f23.6,sich211222f23.6
23317,si:ch211-229c8.13,sich211229c8.13
23318,si:ch211-229c8.4,sich211229c8.4
23319,si:ch211-232d10.3,sich211232d10.3
23320,si:ch211-237a4.2,sich211237a4.2
23321,si:ch211-238p8.10,sich211238p8.10
23322,si:ch211-238p8.31,sich211238p8.31
23323,si:ch211-250k18.6,sich211250k18.6
23324,si:ch211-272h9.3,sich211272h9.3
23325,si:ch211-285c6.6,sich211285c6.6
23326,si:ch211-39f2.3,sich21139f2.3
23327,si:ch211-67n3.9,sich21167n3.9
23328,si:ch73-15n24.1,sich7315n24.1
23329,si:ch73-160p18.4,sich73160p18.4
23330,si:ch73-262h23.4,sich73262h23.4
23331,si:ch73-27e22.2,sich7327e22.2
23332,si:ch73-27e22.3,sich7327e22.3
23333,si:ch73-281i18.6,sich73281i18.6
23334,si:ch73-30l9.1,sich7330l9.1
23335,si:ch73-344o19.1,sich73344o19.1
23336,si:ch73-52p7.1,sich7352p7.1
23337,si:ch73-61d6.3,sich7361d6.3
23338,si:dkey-10h3.3,sidkey10h3.3
23339,si:dkey-111i23.1,sidkey111i23.1
23340,si:dkey-118k5.3,sidkey118k5.3
23341,si:dkey-119m7.4,sidkey119m7.4
23342,si:dkey-11p23.7,sidkey11p23.7
23343,si:dkey-126g1.7,sidkey126g1.7
23344,si:dkey-16i5.8,sidkey16i5.8
23345,si:dkey-172o19.2,sidkey172o19.2
23346,si:dkey-182i3.11,sidkey182i3.11
23347,si:dkey-187j14.7,sidkey187j14.7
23348,si:dkey-193b15.8,sidkey193b15.8
23349,si:dkey-19a16.12,sidkey19a16.12
23350,si:dkey-1k23.3,sidkey1k23.3
23351,si:dkey-203a12.9,sidkey203a12.9
23352,si:dkey-206p8.1,sidkey206p8.1
23353,si:dkey-211g8.5,sidkey211g8.5
23354,si:dkey-217g21.3,sidkey217g21.3
23355,si:dkey-21e2.7,sidkey21e2.7
23356,si:dkey-221h15.4,sidkey221h15.4
23357,si:dkey-222h21.9,sidkey222h21.9
23358,si:dkey-223p19.2,sidkey223p19.2
23359,si:dkey-22f5.9,sidkey22f5.9
23360,si:dkey-234d14.2,sidkey234d14.2
23361,si:dkey-238o14.3,sidkey238o14.3
23362,si:dkey-27p18.2,sidkey27p18.2
23363,si:dkey-28i19.3,sidkey28i19.3
23364,si:dkey-34d22.2,sidkey34d22.2
23365,si:dkey-34f9.3,sidkey34f9.3
23366,si:dkey-3h2.2,sidkey3h2.2
23367,si:dkey-3k20.1,sidkey3k20.1
23368,si:dkey-47k16.4,sidkey47k16.4
23369,si:dkey-4c15.8,sidkey4c15.8
23370,si:dkey-4c2.11,sidkey4c2.11
23371,si:dkey-58f10.10,sidkey58f10.10
23372,si:dkey-58f10.11,sidkey58f10.11
23373,si:dkey-58i8.5,sidkey58i8.5
23374,si:dkey-78k11.4,sidkey78k11.4
23375,si:dkey-78l4.6,sidkey78l4.6
23376,si:dkey-7i4.16,sidkey7i4.16
23377,si:dkey-83f18.4,sidkey83f18.4
23378,si:dkey-84h14.1,sidkey84h14.1
23379,si:dkey-84h14.2,sidkey84h14.2
23380,si:dkey-85k15.7,sidkey85k15.7
23381,si:dkey-8e10.2,sidkey8e10.2
23382,si:dkey-94f20.4,sidkey94f20.4
23383,si:dkey-96f10.1,sidkey96f10.1
23384,si:dkeyp-74b6.2,sidkeyp74b6.2
23385,si:dkeyp-98a7.3,sidkeyp98a7.3
23386,slc12a10.1,slc12a10.1
23387,slc19a3b,slc19a3b
23388,slc1a7b,slc1a7b
23389,slc26a4,slc26a4
23390,smtlb,smtlb
23391,sntg1,sntg1
23392,sprb,sprb
23393,sspn,sspn
23394,sstr3,sstr3
23395,stbd1,stbd1
23396,susd5,susd5
23397,syt16,syt16
23398,taar14i,taar14i
23399,taar16a,taar16a
23400,taar18f,taar18f
23401,tacr1a,tacr1a
23402,tacr2,tacr2
23403,tecrl2b,tecrl2b
23404,tekt2,tekt2
23405,tex15,tex15
23406,thpo,thpo
23407,tlr2,tlr2
23408,tlr20.3,tlr20.3
23409,tmem232,tmem232
23410,tmem235,tmem235
23411,tradv14.0,tradv14.0
23412,tradv23.0.2,tradv23.0.2
23413,traj4,traj4
23414,trdc,trdc
23415,trpc6b,trpc6b
23416,v2rh32,v2rh32
23417,vtg2,vtg2
23418,vwc2,vwc2
23419,wnt1,wnt1
23420,wnt6a,wnt6a
23421,wwox,wwox
23422,xkr6a,xkr6a
23423,ypel2a,ypel2a
23424,zbtb7c,zbtb7c
23425,zgc:153317,zgc153317
23426,zgc:158701,zgc158701
23427,zgc:162941,zgc162941
23428,zgc:171750,zgc171750
23429,zgc:172091,zgc172091
23430,zgc:172133,zgc172133
23431,zgc:198329,zgc198329
23432,zmp:0000001020,zmp0000001020
23433,zmp:0000001103,zmp0000001103
23434,zmp:0000001268,zmp0000001268
23435,znf1072,znf1072
23436,znf1082,znf1082
23437,znf1106,znf1106
23438,znf1115,znf1115
23439,znf1126,znf1126
23440,znf972,znf972
23441,znf998,znf998
23442,zp3d.2,zp3d.2
23443,AL590151.2,AL590151.2
23444,AL732629.1,AL732629.1
23445,AL845320.2,AL845320.2
23446,AL928824.3,AL928824.3
23447,AL928977.1,AL928977.1
23448,AL929192.2,AL929192.2
23449,AL929217.1,AL929217.1
23450,AL935044.1,AL935044.1
23451,AL935128.1,AL935128.1
23452,AL935183.1,AL935183.1
23453,AL935186.8,AL935186.8
23454,AL953896.1,AL953896.1
23455,AL954317.1,AL954317.1
23456,BX004768.1,BX004768.1
23457,BX004771.1,BX004771.1
23458,BX005073.1,BX005073.1
23459,BX005313.1,BX005313.1
23460,BX005313.2,BX005313.2
23461,BX005372.1,BX005372.1
23462,BX005399.1,BX005399.1
23463,BX005417.3,BX005417.3
23464,BX088644.1,BX088644.1
23465,BX247899.1,BX247899.1
23466,BX248113.1,BX248113.1
23467,BX255963.2,BX255963.2
23468,BX293559.1,BX293559.1
23469,BX321870.2,BX321870.2
23470,BX321912.1,BX321912.1
23471,BX322631.1,BX322631.1
23472,BX324212.2,BX324212.2
23473,BX324227.1,BX324227.1
23474,BX465862.3,BX465862.3
23475,BX469918.1,BX469918.1
23476,BX470224.1,BX470224.1
23477,BX510934.2,BX510934.2
23478,BX510996.1,BX510996.1
23479,BX511111.2,BX511111.2
23480,BX530407.2,BX530407.2
23481,BX544876.2,BX544876.2
23482,BX546503.1,BX546503.1
23483,BX547930.2,BX547930.2
23484,BX548044.2,BX548044.2
23485,BX548044.6,BX548044.6
23486,BX548059.1,BX548059.1
23487,BX548073.2,BX548073.2
23488,BX548173.1,BX548173.1
23489,BX571724.1,BX571724.1
23490,BX572620.1,BX572620.1
23491,BX649324.1,BX649324.1
23492,BX649337.2,BX649337.2
23493,BX649349.1,BX649349.1
23494,BX649416.3,BX649416.3
23495,BX649622.2,BX649622.2
23496,BX890543.1,BX890543.1
23497,BX901878.3,BX901878.3
23498,BX901889.4,BX901889.4
23499,BX901907.1,BX901907.1
23500,BX901907.4,BX901907.4
23501,BX908386.2,BX908386.2
23502,BX908782.1,BX908782.1
23503,BX908796.2,BX908796.2
23504,BX914211.1,BX914211.1
23505,BX927181.3,BX927181.3
23506,BX927192.1,BX927192.1
23507,BX927282.2,BX927282.2
23508,BX927336.2,BX927336.2
23509,BX936342.1,BX936342.1
23510,BX950184.1,BX950184.1
23511,BX957228.1,BX957228.1
23512,BX957231.1,BX957231.1
23513,BX957251.1,BX957251.1
23514,BX957252.2,BX957252.2
23515,BX957258.1,BX957258.1
23516,BX957297.3,BX957297.3
23517,CABZ01000634.1,CABZ01000634.1
23518,CABZ01019904.1,CABZ01019904.1
23519,CABZ01033394.1,CABZ01033394.1
23520,CABZ01034691.1,CABZ01034691.1
23521,CABZ01044099.1,CABZ01044099.1
23522,CABZ01059407.1,CABZ01059407.1
23523,CABZ01059626.1,CABZ01059626.1
23524,CABZ01063543.1,CABZ01063543.1
23525,CABZ01065423.1,CABZ01065423.1
23526,CABZ01067973.1,CABZ01067973.1
23527,CABZ01072815.1,CABZ01072815.1
23528,CABZ01084225.1,CABZ01084225.1
23529,CABZ01084566.1,CABZ01084566.1
23530,CABZ01086139.1,CABZ01086139.1
23531,CABZ01109480.1,CABZ01109480.1
23532,CABZ01112050.1,CABZ01112050.1
23533,CCKBR,CCKBR
23534,CR354402.1,CR354402.1
23535,CR361551.4,CR361551.4
23536,CR382294.1,CR382294.1
23537,CR388079.3,CR388079.3
23538,CR388164.2,CR388164.2
23539,CR388189.1,CR388189.1
23540,CR388421.1,CR388421.1
23541,CR396585.1,CR396585.1
23542,CR405710.2,CR405710.2
23543,CR450777.1,CR450777.1
23544,CR550302.1,CR550302.1
23545,CR589874.1,CR589874.1
23546,CR589875.2,CR589875.2
23547,CR626907.2,CR626907.2
23548,CR735104.1,CR735104.1
23549,CR749168.1,CR749168.1
23550,CR753844.1,CR753844.1
23551,CR759833.1,CR759833.1
23552,CR759845.3,CR759845.3
23553,CR788316.4,CR788316.4
23554,CR792453.2,CR792453.2
23555,CR848736.1,CR848736.1
23556,CR848759.1,CR848759.1
23557,CR848791.2,CR848791.2
23558,CR925713.1,CR925713.1
23559,CR927215.1,CR927215.1
23560,CR931802.2,CR931802.2
23561,CR954226.1,CR954226.1
23562,CT009597.1,CT009597.1
23563,CT025745.1,CT025745.1
23564,CT027611.1,CT027611.1
23565,CT027801.1,CT027801.1
23566,CT573476.2,CT573476.2
23567,CT574549.1,CT574549.1
23568,CT583625.1,CT583625.1
23569,CU024870.3,CU024870.3
23570,CU138515.1,CU138515.1
23571,CU459155.1,CU459155.1
23572,CU467043.1,CU467043.1
23573,CU469531.1,CU469531.1
23574,CU469568.2,CU469568.2
23575,CU469584.1,CU469584.1
23576,CU570800.1,CU570800.1
23577,CU571091.1,CU571091.1
23578,CU633823.1,CU633823.1
23579,CU633838.1,CU633838.1
23580,CU638693.1,CU638693.1
23581,CU638714.1,CU638714.1
23582,CU682811.1,CU682811.1
23583,CU694317.1,CU694317.1
23584,CU695222.1,CU695222.1
23585,CU914144.1,CU914144.1
23586,CU928847.1,CU928847.1
23587,CU929054.1,CU929054.1
23588,CU929150.3,CU929150.3
23589,CU972454.1,CU972454.1
23590,FO704607.1,FO704607.1
23591,FO818722.1,FO818722.1
23592,FO904873.1,FO904873.1
23593,FP015823.1,FP015823.1
23594,FP016142.6,FP016142.6
23595,FP102122.1,FP102122.1
23596,LO017974.1,LO017974.1
23597,LO018106.2,LO018106.2
23598,LO018568.2,LO018568.2
23599,SAMD5,SAMD5
23600,SHISA4,SHISA4
23601,SPINK2,SPINK2
23602,abcg4a,abcg4a
23603,adgre14,adgre14
23604,adra2a,adra2a
23605,agtr1b,agtr1b
23606,ahsg2,ahsg2
23607,arsib,arsib
23608,avpr1aa,avpr1aa
23609,b3gnt2a,b3gnt2a
23610,ccdc17,ccdc17
23611,cdk5r1a,cdk5r1a
23612,clic3,clic3
23613,cluhb,cluhb
23614,crp6,crp6
23615,crygm2e,crygm2e
23616,cx36.7,cx36.7
23617,dharma,dharma
23618,drd1a,drd1a
23619,dre-mir-130c-1,dre-mir-130c-1
23620,dre-mir-181a-2,dre-mir-181a-2
23621,dre-mir-212,dre-mir-212
23622,dre-mir-31,dre-mir-31
23623,dre-mir-375-2,dre-mir-375-2
23624,dusp13a,dusp13a
23625,ehd2a,ehd2a
23626,epx,epx
23627,fam19a5l,fam19a5l
23628,fam78aa,fam78aa
23629,fank1,fank1
23630,fgf20a,fgf20a
23631,fgf7,fgf7
23632,fgf9,fgf9
23633,fndc7rs2,fndc7rs2
23634,ftr08,ftr08
23635,ftr19,ftr19
23636,gja8a,gja8a
23637,gpr184,gpr184
23638,gpr78b,gpr78b
23639,grapb,grapb
23640,grem2a,grem2a
23641,grm3,grm3
23642,grpr,grpr
23643,htr7b,htr7b
23644,ifng1-2,ifng1-2
23645,igfbp6a,igfbp6a
23646,igl4v10,igl4v10
23647,il2rga,il2rga
23648,impg2a,impg2a
23649,irge1,irge1
23650,itk,itk
23651,kcng2,kcng2
23652,kcnh2a,kcnh2a
23653,klhl12,klhl12
23654,lingo4a,lingo4a
23655,loxl3a,loxl3a
23656,ly6m3,ly6m3
23657,mcoln2,mcoln2
23658,mir199-3a,mir199-3a
23659,mir214a,mir214a
23660,mkxb,mkxb
23661,mmp17a,mmp17a
23662,mnx2a,mnx2a
23663,mpeg1.3,mpeg1.3
23664,mtnr1c,mtnr1c
23665,myo1hb,myo1hb
23666,nitr4a,nitr4a
23667,nlrc8,nlrc8
23668,npy7r,npy7r
23669,oit3,oit3
23670,olfcg1,olfcg1
23671,olfcg8,olfcg8
23672,olfcg9,olfcg9
23673,opn4a,opn4a
23674,or103-1,or103-1
23675,or106-2,or106-2
23676,or106-7,or106-7
23677,or111-10,or111-10
23678,or115-12,or115-12
23679,or115-7,or115-7
23680,or132-1,or132-1
23681,or132-2,or132-2
23682,or132-4,or132-4
23683,ovch2,ovch2
23684,oxgr1b,oxgr1b
23685,parp11,parp11
23686,pcdh2aa1,pcdh2aa1
23687,pcdh2aa15,pcdh2aa15
23688,pcgf5a,pcgf5a
23689,pdzph1,pdzph1
23690,pex11a,pex11a
23691,pimr123,pimr123
23692,pla2g1b,pla2g1b
23693,plac8.2,plac8.2
23694,plat,plat
23695,prf1.3,prf1.3
23696,prlh2,prlh2
23697,rab11fip5a,rab11fip5a
23698,rac1l,rac1l
23699,rad9b,rad9b
23700,sh3bp2,sh3bp2
23701,si:ch1073-220m6.1,sich1073220m6.1
23702,si:ch1073-67j19.1,sich107367j19.1
23703,si:ch1073-67j19.2,sich107367j19.2
23704,si:ch211-105f12.2,sich211105f12.2
23705,si:ch211-106j21.4,sich211106j21.4
23706,si:ch211-113e8.6,sich211113e8.6
23707,si:ch211-113j13.2,sich211113j13.2
23708,si:ch211-120g10.1,sich211120g10.1
23709,si:ch211-127b6.2,sich211127b6.2
23710,si:ch211-132e22.4,sich211132e22.4
23711,si:ch211-133l5.4,sich211133l5.4
23712,si:ch211-133n4.10,sich211133n4.10
23713,si:ch211-145o7.3,sich211145o7.3
23714,si:ch211-149k12.3,sich211149k12.3
23715,si:ch211-155o21.4,sich211155o21.4
23716,si:ch211-156p11.1,sich211156p11.1
23717,si:ch211-158m24.12,sich211158m24.12
23718,si:ch211-160d20.5,sich211160d20.5
23719,si:ch211-160o17.6,sich211160o17.6
23720,si:ch211-171h4.5,sich211171h4.5
23721,si:ch211-194g2.4,sich211194g2.4
23722,si:ch211-195j11.30,sich211195j11.30
23723,si:ch211-196f5.2,sich211196f5.2
23724,si:ch211-198e20.10,sich211198e20.10
23725,si:ch211-1f22.2,sich2111f22.2
23726,si:ch211-202h22.9,sich211202h22.9
23727,si:ch211-207b24.4,sich211207b24.4
23728,si:ch211-207g17.3,sich211207g17.3
23729,si:ch211-209n20.3,sich211209n20.3
23730,si:ch211-214k5.3,sich211214k5.3
23731,si:ch211-214p13.8,sich211214p13.8
23732,si:ch211-215p11.1,sich211215p11.1
23733,si:ch211-218h8.1,sich211218h8.1
23734,si:ch211-218m3.18,sich211218m3.18
23735,si:ch211-22d5.2,sich21122d5.2
23736,si:ch211-24o10.6,sich21124o10.6
23737,si:ch211-254c8.3,sich211254c8.3
23738,si:ch211-256e16.11,sich211256e16.11
23739,si:ch211-262i1.4,sich211262i1.4
23740,si:ch211-266k2.1,sich211266k2.1
23741,si:ch211-281k19.2,sich211281k19.2
23742,si:ch211-287n14.3,sich211287n14.3
23743,si:ch211-38m6.7,sich21138m6.7
23744,si:ch211-66c13.1,sich21166c13.1
23745,si:ch211-8c17.4,sich2118c17.4
23746,si:ch73-186j5.2,sich73186j5.2
23747,si:ch73-223p23.2,sich73223p23.2
23748,si:ch73-362m14.2,sich73362m14.2
23749,si:ch73-57f22.2,sich7357f22.2
23750,si:dkey-125e8.1,sidkey125e8.1
23751,si:dkey-14o18.2,sidkey14o18.2
23752,si:dkey-163f12.10,sidkey163f12.10
23753,si:dkey-179k24.5,sidkey179k24.5
23754,si:dkey-18a10.3,sidkey18a10.3
23755,si:dkey-19a16.5,sidkey19a16.5
23756,si:dkey-207m2.4,sidkey207m2.4
23757,si:dkey-211g8.7,sidkey211g8.7
23758,si:dkey-21e2.15,sidkey21e2.15
23759,si:dkey-21e2.16,sidkey21e2.16
23760,si:dkey-224e22.2,sidkey224e22.2
23761,si:dkey-240n22.3,sidkey240n22.3
23762,si:dkey-246e3.4,sidkey246e3.4
23763,si:dkey-266f7.4,sidkey266f7.4
23764,si:dkey-267j14.7,sidkey267j14.7
23765,si:dkey-269p2.1,sidkey269p2.1
23766,si:dkey-26i13.3,sidkey26i13.3
23767,si:dkey-27m7.4,sidkey27m7.4
23768,si:dkey-283j8.1,sidkey283j8.1
23769,si:dkey-28d5.10,sidkey28d5.10
23770,si:dkey-29p23.2,sidkey29p23.2
23771,si:dkey-33m11.7,sidkey33m11.7
23772,si:dkey-42l23.5,sidkey42l23.5
23773,si:dkey-76k16.5,sidkey76k16.5
23774,si:dkey-77f5.10,sidkey77f5.10
23775,si:dkey-77f5.6,sidkey77f5.6
23776,si:dkey-78l4.13,sidkey78l4.13
23777,si:dkey-78l4.2,sidkey78l4.2
23778,si:dkey-80c24.1,sidkey80c24.1
23779,si:dkey-80c24.5,sidkey80c24.5
23780,si:dkey-82k12.13,sidkey82k12.13
23781,si:dkey-83f18.11,sidkey83f18.11
23782,si:dkey-83f18.14,sidkey83f18.14
23783,si:dkey-88n24.5,sidkey88n24.5
23784,si:dkeyp-104f11.9,sidkeyp104f11.9
23785,si:dkeyp-115d7.2,sidkeyp115d7.2
23786,si:dkeyp-19e1.4,sidkeyp19e1.4
23787,si:dkeyp-34f6.4,sidkeyp34f6.4
23788,si:dkeyp-77c8.4,sidkeyp77c8.4
23789,si:dkeyp-79b7.3,sidkeyp79b7.3
23790,si:dkeyp-80d11.10,sidkeyp80d11.10
23791,si:dkeyp-80d11.12,sidkeyp80d11.12
23792,si:rp71-17i16.4,sirp7117i16.4
23793,si:rp71-1f1.6,sirp711f1.6
23794,slc18a2,slc18a2
23795,slc25a13,slc25a13
23796,slc25a24l,slc25a24l
23797,slc35f2l,slc35f2l
23798,slco1f2,slco1f2
23799,st6galnac4,st6galnac4
23800,stac,stac
23801,thbd,thbd
23802,tmem119a,tmem119a
23803,tmod1,tmod1
23804,trim35-30,trim35-30
23805,trpc2a,trpc2a
23806,txk,txk
23807,uts2a,uts2a
23808,vopp1,vopp1
23809,vtg7,vtg7
23810,wdr20a,wdr20a
23811,wnt7ab,wnt7ab
23812,wu:fd46c06,wufd46c06
23813,ypel2b,ypel2b
23814,zgc:113293,zgc113293
23815,zgc:162592,zgc162592
23816,zgc:171470,zgc171470
23817,zgc:171711,zgc171711
23818,zgc:174355,zgc174355
23819,znf1000,znf1000
23820,znf1122,znf1122
23821,znf1125,znf1125
23822,znf1159,znf1159
23823,znf970,znf970
23824,zpld1b,zpld1b
23825,BX005351.1,BX005351.1
23826,BX284666.3,BX284666.3
23827,BX927253.3,BX927253.3
23828,CABZ01080434.1,CABZ01080434.1
23829,CR383672.1,CR383672.1
23830,CR936300.2,CR936300.2
23831,CU179758.1,CU179758.1
23832,CU657980.1,CU657980.1
23833,CU929237.1,CU929237.1
23834,cnnm4a,cnnm4a
23835,dre-mir-135c-1,dre-mir-135c-1
23836,kcnj1a.6,kcnj1a.6
23837,kcnk1a,kcnk1a
23838,mhc1uba,mhc1uba
23839,neto2b,neto2b
23840,p2rx7,p2rx7
23841,pimr52,pimr52
23842,si:ch1073-181h11.4,sich1073181h11.4
23843,si:ch211-191j22.8,sich211191j22.8
23844,si:ch211-261n11.8,sich211261n11.8
23845,si:ch73-70k4.1,sich7370k4.1
23846,si:dkey-71b5.3,sidkey71b5.3
23847,slc22a5,slc22a5
23848,zgc:174222,zgc174222
23849,zgc:195050,zgc195050
23850,AL590146.1,AL590146.1
23851,AL928845.1,AL928845.1
23852,AL928951.1,AL928951.1
23853,AL929058.1,AL929058.1
23854,AL929493.1,AL929493.1
23855,AL935174.5,AL935174.5
23856,AL954666.1,AL954666.1
23857,AP1S2,AP1S2
23858,B3GNT10,B3GNT10
23859,BX000438.1,BX000438.1
23860,BX000447.1,BX000447.1
23861,BX000701.2,BX000701.2
23862,BX004857.1,BX004857.1
23863,BX005328.1,BX005328.1
23864,BX005484.1,BX005484.1
23865,BX088696.2,BX088696.2
23866,BX119909.1,BX119909.1
23867,BX248089.1,BX248089.1
23868,BX248512.2,BX248512.2
23869,BX255908.1,BX255908.1
23870,BX294100.2,BX294100.2
23871,BX294113.1,BX294113.1
23872,BX294129.1,BX294129.1
23873,BX296541.1,BX296541.1
23874,BX321875.3,BX321875.3
23875,BX323076.1,BX323076.1
23876,BX323076.2,BX323076.2
23877,BX323555.4,BX323555.4
23878,BX323556.1,BX323556.1
23879,BX323596.2,BX323596.2
23880,BX324007.2,BX324007.2
23881,BX324132.3,BX324132.3
23882,BX465848.1,BX465848.1
23883,BX470224.2,BX470224.2
23884,BX511034.2,BX511034.2
23885,BX511079.1,BX511079.1
23886,BX511084.1,BX511084.1
23887,BX511100.5,BX511100.5
23888,BX511120.1,BX511120.1
23889,BX539307.2,BX539307.2
23890,BX539313.2,BX539313.2
23891,BX548011.3,BX548011.3
23892,BX548045.2,BX548045.2
23893,BX571705.1,BX571705.1
23894,BX571954.2,BX571954.2
23895,BX572077.2,BX572077.2
23896,BX640398.1,BX640398.1
23897,BX649300.3,BX649300.3
23898,BX649398.1,BX649398.1
23899,BX649457.1,BX649457.1
23900,BX649516.1,BX649516.1
23901,BX664742.2,BX664742.2
23902,BX842692.1,BX842692.1
23903,BX890562.1,BX890562.1
23904,BX890572.1,BX890572.1
23905,BX901942.1,BX901942.1
23906,BX908796.7,BX908796.7
23907,BX927078.1,BX927078.1
23908,BX927243.1,BX927243.1
23909,BX927365.1,BX927365.1
23910,BX936393.1,BX936393.1
23911,BX950188.2,BX950188.2
23912,BX950217.1,BX950217.1
23913,BX957326.1,BX957326.1
23914,BX957336.1,BX957336.1
23915,CABZ01002188.1,CABZ01002188.1
23916,CABZ01002349.1,CABZ01002349.1
23917,CABZ01003056.1,CABZ01003056.1
23918,CABZ01005857.1,CABZ01005857.1
23919,CABZ01013771.1,CABZ01013771.1
23920,CABZ01042675.1,CABZ01042675.1
23921,CABZ01046427.2,CABZ01046427.2
23922,CABZ01065328.1,CABZ01065328.1
23923,CABZ01068248.1,CABZ01068248.1
23924,CABZ01069184.1,CABZ01069184.1
23925,CABZ01071972.1,CABZ01071972.1
23926,CABZ01073795.1,CABZ01073795.1
23927,CABZ01079005.1,CABZ01079005.1
23928,CABZ01079262.1,CABZ01079262.1
23929,CABZ01087502.1,CABZ01087502.1
23930,CABZ01088036.1,CABZ01088036.1
23931,CABZ01102147.1,CABZ01102147.1
23932,CABZ01103860.1,CABZ01103860.1
23933,CR293502.1,CR293502.1
23934,CR352243.1,CR352243.1
23935,CR352253.1,CR352253.1
23936,CR352265.1,CR352265.1
23937,CR352292.1,CR352292.1
23938,CR354430.2,CR354430.2
23939,CR354537.1,CR354537.1
23940,CR354547.3,CR354547.3
23941,CR382337.2,CR382337.2
23942,CR382385.1,CR382385.1
23943,CR383662.4,CR383662.4
23944,CR388184.2,CR388184.2
23945,CR391925.1,CR391925.1
23946,CR391937.1,CR391937.1
23947,CR392003.1,CR392003.1
23948,CR392363.1,CR392363.1
23949,CR407590.2,CR407590.2
23950,CR450748.1,CR450748.1
23951,CR450785.1,CR450785.1
23952,CR513782.1,CR513782.1
23953,CR555293.1,CR555293.1
23954,CR626866.1,CR626866.1
23955,CR626884.1,CR626884.1
23956,CR626887.1,CR626887.1
23957,CR677513.1,CR677513.1
23958,CR759810.1,CR759810.1
23959,CR762395.1,CR762395.1
23960,CR762407.1,CR762407.1
23961,CR769772.4,CR769772.4
23962,CR786578.2,CR786578.2
23963,CR788236.1,CR788236.1
23964,CR790362.1,CR790362.1
23965,CR855311.4,CR855311.4
23966,CR855379.2,CR855379.2
23967,CR855393.1,CR855393.1
23968,CR925763.1,CR925763.1
23969,CR925777.1,CR925777.1
23970,CR926469.1,CR926469.1
23971,CR927050.2,CR927050.2
23972,CR932983.2,CR932983.2
23973,CR944667.1,CR944667.1
23974,CT027582.1,CT027582.1
23975,CT027772.1,CT027772.1
23976,CT573344.2,CT573344.2
23977,CT573429.2,CT573429.2
23978,CT583650.1,CT583650.1
23979,CU179702.2,CU179702.2
23980,CU207311.1,CU207311.1
23981,CU469539.1,CU469539.1
23982,CU539054.1,CU539054.1
23983,CU571254.1,CU571254.1
23984,CU633855.1,CU633855.1
23985,CU633857.1,CU633857.1
23986,CU695199.1,CU695199.1
23987,CU855854.1,CU855854.1
23988,CU929339.1,CU929339.1
23989,CU972454.2,CU972454.2
23990,DMPK,DMPK
23991,FO704673.1,FO704673.1
23992,FO704771.1,FO704771.1
23993,FO818699.1,FO818699.1
23994,FO904880.1,FO904880.1
23995,FO904898.4,FO904898.4
23996,FP015862.4,FP015862.4
23997,FP015866.1,FP015866.1
23998,FP067451.1,FP067451.1
23999,FP089536.1,FP089536.1
24000,FP102309.1,FP102309.1
24001,FP325112.2,FP325112.2
24002,FP325124.1,FP325124.1
24003,FQ311879.1,FQ311879.1
24004,GNG4,GNG4
24005,GPR62,GPR62
24006,LO018020.1,LO018020.1
24007,LO018029.2,LO018029.2
24008,LO018493.2,LO018493.2
24009,RF00599,RF00599
24010,SHISAL2A,SHISAL2A
24011,abhd6b,abhd6b
24012,adgrg7.2,adgrg7.2
24013,adipoqa,adipoqa
24014,avpr2ab,avpr2ab
24015,best2,best2
24016,btr30,btr30
24017,c1qtnf7,c1qtnf7
24018,cabz01093075.1,cabz01093075.1
24019,ccr7,ccr7
24020,cd4-2.2,cd4-2.2
24021,chrna10a,chrna10a
24022,cnr2,cnr2
24023,crp,crp
24024,cuzd1.1,cuzd1.1
24025,dcst2,dcst2
24026,dre-mir-15a-1,dre-mir-15a-1
24027,dre-mir-206-1,dre-mir-206-1
24028,ednrbb,ednrbb
24029,eif3bb,eif3bb
24030,f13a1a.1,f13a1a.1
24031,fabp1a,fabp1a
24032,fndc7rs1,fndc7rs1
24033,ftr38,ftr38
24034,gabra2a,gabra2a
24035,gpa33,gpa33
24036,gpc6b,gpc6b
24037,gpr4,gpr4
24038,grm6a,grm6a
24039,htr2aa,htr2aa
24040,ifit14,ifit14
24041,ighv5-1,ighv5-1
24042,ighz,ighz
24043,il2rb,il2rb
24044,ipmka,ipmka
24045,kbtbd7,kbtbd7
24046,kcna7,kcna7
24047,kcng3,kcng3
24048,kcns3b,kcns3b
24049,klhl10a,klhl10a
24050,klhl10b.1,klhl10b.1
24051,lgi2b,lgi2b
24052,lgi3,lgi3
24053,lpar5b,lpar5b
24054,ly6m6,ly6m6
24055,meiob,meiob
24056,mhc1lga,mhc1lga
24057,mitfb,mitfb
24058,mmp20b,mmp20b
24059,mpp4a,mpp4a
24060,mrap2b,mrap2b
24061,myo3b,myo3b
24062,ndufs1,ndufs1
24063,neu3.4,neu3.4
24064,neu3.5,neu3.5
24065,npffr2b,npffr2b
24066,npy2rl,npy2rl
24067,oatx,oatx
24068,olfcg7,olfcg7
24069,or106-4,or106-4
24070,or109-6,or109-6
24071,or132-3,or132-3
24072,or137-3,or137-3
24073,ostn,ostn
24074,oxtrl,oxtrl
24075,pcdh2ac,pcdh2ac
24076,pcsk9,pcsk9
24077,pimr128,pimr128
24078,pimr145,pimr145
24079,pimr183,pimr183
24080,pimr192,pimr192
24081,pimr68,pimr68
24082,pomcb,pomcb
24083,prl2,prl2
24084,rab25b,rab25b
24085,ren,ren
24086,senp6b,senp6b
24087,serpina7,serpina7
24088,si:cabz01030277.1,sicabz01030277.1
24089,si:ch1073-15f12.3,sich107315f12.3
24090,si:ch1073-166e24.4,sich1073166e24.4
24091,si:ch1073-214b20.2,sich1073214b20.2
24092,si:ch1073-75f15.2,sich107375f15.2
24093,si:ch211-117c9.2,sich211117c9.2
24094,si:ch211-12p12.2,sich21112p12.2
24095,si:ch211-132g1.1,sich211132g1.1
24096,si:ch211-152f22.4,sich211152f22.4
24097,si:ch211-165b10.3,sich211165b10.3
24098,si:ch211-167j6.5,sich211167j6.5
24099,si:ch211-171h4.3,sich211171h4.3
24100,si:ch211-198b3.4,sich211198b3.4
24101,si:ch211-205a14.1,sich211205a14.1
24102,si:ch211-212k18.15,sich211212k18.15
24103,si:ch211-221n20.1,sich211221n20.1
24104,si:ch211-222k6.2,sich211222k6.2
24105,si:ch211-223g7.6,sich211223g7.6
24106,si:ch211-238e22.7,sich211238e22.7
24107,si:ch211-240b21.2,sich211240b21.2
24108,si:ch211-243g6.3,sich211243g6.3
24109,si:ch211-250e5.2,sich211250e5.2
24110,si:ch211-263k4.2,sich211263k4.2
24111,si:ch211-269k10.4,sich211269k10.4
24112,si:ch211-284e13.12,sich211284e13.12
24113,si:ch211-66i15.5,sich21166i15.5
24114,si:ch211-67f13.7,sich21167f13.7
24115,si:ch211-67f24.7,sich21167f24.7
24116,si:ch211-76m11.3,sich21176m11.3
24117,si:ch211-95j8.3,sich21195j8.3
24118,si:ch211-9d9.7,sich2119d9.7
24119,si:ch73-132k15.2,sich73132k15.2
24120,si:ch73-256j6.3,sich73256j6.3
24121,si:ch73-309g22.1,sich73309g22.1
24122,si:dkey-11o15.5,sidkey11o15.5
24123,si:dkey-14o6.1,sidkey14o6.1
24124,si:dkey-165b20.3,sidkey165b20.3
24125,si:dkey-175m17.6,sidkey175m17.6
24126,si:dkey-191c17.2,sidkey191c17.2
24127,si:dkey-19a16.16,sidkey19a16.16
24128,si:dkey-1b17.2,sidkey1b17.2
24129,si:dkey-208m12.2,sidkey208m12.2
24130,si:dkey-20i20.15,sidkey20i20.15
24131,si:dkey-211g8.1,sidkey211g8.1
24132,si:dkey-217f16.6,sidkey217f16.6
24133,si:dkey-22h13.3,sidkey22h13.3
24134,si:dkey-238g7.1,sidkey238g7.1
24135,si:dkey-245p14.4,sidkey245p14.4
24136,si:dkey-24p1.1,sidkey24p1.1
24137,si:dkey-266f7.9,sidkey266f7.9
24138,si:dkey-269o24.1,sidkey269o24.1
24139,si:dkey-27d5.9,sidkey27d5.9
24140,si:dkey-27n6.1,sidkey27n6.1
24141,si:dkey-284p5.3,sidkey284p5.3
24142,si:dkey-29m1.2,sidkey29m1.2
24143,si:dkey-31m5.2,sidkey31m5.2
24144,si:dkey-32n7.8,sidkey32n7.8
24145,si:dkey-3n22.9,sidkey3n22.9
24146,si:dkey-4j21.2,sidkey4j21.2
24147,si:dkey-74h17.3,sidkey74h17.3
24148,si:dkey-79f11.5,sidkey79f11.5
24149,si:dkey-83f18.15,sidkey83f18.15
24150,si:dkey-85k15.11,sidkey85k15.11
24151,si:dkey-9i23.5,sidkey9i23.5
24152,si:dkeyp-100h4.1,sidkeyp100h4.1
24153,si:dkeyp-32g11.8,sidkeyp32g11.8
24154,si:dkeyp-73g8.5,sidkeyp73g8.5
24155,si:dkeyp-85d8.5,sidkeyp85d8.5
24156,si:dkeyp-93h6.1,sidkeyp93h6.1
24157,si:rp71-23d18.8,sirp7123d18.8
24158,slc13a5b,slc13a5b
24159,slc22a7b.3,slc22a7b.3
24160,slc34a2a,slc34a2a
24161,slco1f3,slco1f3
24162,sstr2b,sstr2b
24163,taar14l,taar14l
24164,taar20q,taar20q
24165,taar20r,taar20r
24166,tas1r2.1,tas1r2.1
24167,timm17b,timm17b
24168,tmem86a,tmem86a
24169,tmprss12,tmprss12
24170,ttc16,ttc16
24171,valopb,valopb
24172,vtg6,vtg6
24173,zbtb47b,zbtb47b
24174,zgc:123284,zgc123284
24175,zgc:153846,zgc153846
24176,zgc:171310,zgc171310
24177,zgc:171500,zgc171500
24178,zgc:174314,zgc174314
24179,zgc:174698,zgc174698
24180,zgc:194242,zgc194242
24181,zgc:194990,zgc194990
24182,zgc:195077,zgc195077
24183,zgc:66483,zgc66483
24184,zmp:0000000608,zmp0000000608
24185,zmp:0000000912,zmp0000000912
24186,zmp:0000001138,zmp0000001138
24187,znf1107,znf1107
24188,znf1150,znf1150
24189,znf1166,znf1166
24190,AL627258.1,AL627258.1
24191,AL845435.1,AL845435.1
24192,AL928650.3,AL928650.3
24193,AL928650.4,AL928650.4
24194,AL928875.1,AL928875.1
24195,AL929220.1,AL929220.1
24196,AL929520.1,AL929520.1
24197,AL953867.1,AL953867.1
24198,AL954672.1,AL954672.1
24199,AL954697.1,AL954697.1
24200,BX000363.2,BX000363.2
24201,BX000696.1,BX000696.1
24202,BX004785.2,BX004785.2
24203,BX004964.1,BX004964.1
24204,BX005462.2,BX005462.2
24205,BX088583.1,BX088583.1
24206,BX247870.2,BX247870.2
24207,BX276096.1,BX276096.1
24208,BX294163.1,BX294163.1
24209,BX322555.2,BX322555.2
24210,BX322608.1,BX322608.1
24211,BX323459.3,BX323459.3
24212,BX323555.1,BX323555.1
24213,BX323855.2,BX323855.2
24214,BX465864.1,BX465864.1
24215,BX470254.1,BX470254.1
24216,BX511034.8,BX511034.8
24217,BX511124.1,BX511124.1
24218,BX511265.1,BX511265.1
24219,BX511265.2,BX511265.2
24220,BX537137.1,BX537137.1
24221,BX571701.2,BX571701.2
24222,BX571757.1,BX571757.1
24223,BX571794.3,BX571794.3
24224,BX571825.5,BX571825.5
24225,BX572077.1,BX572077.1
24226,BX649295.1,BX649295.1
24227,BX649356.1,BX649356.1
24228,BX663606.1,BX663606.1
24229,BX664721.1,BX664721.1
24230,BX842700.1,BX842700.1
24231,BX842701.1,BX842701.1
24232,BX890544.1,BX890544.1
24233,BX908799.1,BX908799.1
24234,BX914214.1,BX914214.1
24235,BX927181.1,BX927181.1
24236,BX927349.1,BX927349.1
24237,BX936391.1,BX936391.1
24238,BX957252.1,BX957252.1
24239,CABZ01008730.1,CABZ01008730.1
24240,CABZ01018874.1,CABZ01018874.1
24241,CABZ01024856.1,CABZ01024856.1
24242,CABZ01030006.1,CABZ01030006.1
24243,CABZ01040999.1,CABZ01040999.1
24244,CABZ01042594.1,CABZ01042594.1
24245,CABZ01046996.1,CABZ01046996.1
24246,CABZ01066384.1,CABZ01066384.1
24247,CABZ01090726.1,CABZ01090726.1
24248,CABZ01092907.1,CABZ01092907.1
24249,CABZ01102201.1,CABZ01102201.1
24250,CR354372.1,CR354372.1
24251,CR381700.1,CR381700.1
24252,CR385026.2,CR385026.2
24253,CR388178.1,CR388178.1
24254,CR388206.1,CR388206.1
24255,CR388378.1,CR388378.1
24256,CR391915.1,CR391915.1
24257,CR391963.2,CR391963.2
24258,CR392001.1,CR392001.1
24259,CR450740.1,CR450740.1
24260,CR457444.2,CR457444.2
24261,CR457445.1,CR457445.1
24262,CR545469.1,CR545469.1
24263,CR589875.1,CR589875.1
24264,CR628410.1,CR628410.1
24265,CR749167.2,CR749167.2
24266,CR749763.2,CR749763.2
24267,CR759878.1,CR759878.1
24268,CR762400.1,CR762400.1
24269,CR769772.1,CR769772.1
24270,CR774179.5,CR774179.5
24271,CR788237.2,CR788237.2
24272,CR788249.2,CR788249.2
24273,CR788311.1,CR788311.1
24274,CR792417.1,CR792417.1
24275,CR792422.1,CR792422.1
24276,CR792454.1,CR792454.1
24277,CR847571.2,CR847571.2
24278,CR847898.2,CR847898.2
24279,CR847983.2,CR847983.2
24280,CR848715.1,CR848715.1
24281,CR854948.1,CR854948.1
24282,CR855277.1,CR855277.1
24283,CR925723.3,CR925723.3
24284,CR925755.2,CR925755.2
24285,CR936363.1,CR936363.1
24286,CR936371.1,CR936371.1
24287,CT033796.1,CT033796.1
24288,CT573139.1,CT573139.1
24289,CT573316.3,CT573316.3
24290,CT583690.1,CT583690.1
24291,CU137680.2,CU137680.2
24292,CU138542.1,CU138542.1
24293,CU182823.4,CU182823.4
24294,CU207311.2,CU207311.2
24295,CU234171.1,CU234171.1
24296,CU329666.1,CU329666.1
24297,CU464125.1,CU464125.1
24298,CU570972.1,CU570972.1
24299,CU595864.1,CU595864.1
24300,CU633486.1,CU633486.1
24301,CU927934.2,CU927934.2
24302,CU929146.1,CU929146.1
24303,FO834825.2,FO834825.2
24304,FP003590.3,FP003590.3
24305,FP016005.2,FP016005.2
24306,FP016213.1,FP016213.1
24307,FP085398.2,FP085398.2
24308,FP101875.1,FP101875.1
24309,FP236327.1,FP236327.1
24310,FP236809.1,FP236809.1
24311,FQ377605.1,FQ377605.1
24312,GAA,GAA
24313,GPR45,GPR45
24314,INHBE,INHBE
24315,LO017725.1,LO017725.1
24316,LO018597.1,LO018597.1
24317,RF00070,RF00070
24318,RF00397,RF00397
24319,RF00424,RF00424
24320,RF00566,RF00566
24321,acyp2,acyp2
24322,agtr1a,agtr1a
24323,ahr1a,ahr1a
24324,arhgef15,arhgef15
24325,ccdc172,ccdc172
24326,cdh30,cdh30
24327,cnn1a,cnn1a
24328,cntnap1,cntnap1
24329,cx31.7,cx31.7
24330,cx34.5,cx34.5
24331,cxcl11.1,cxcl11.1
24332,cxcr5,cxcr5
24333,cyp2y3,cyp2y3
24334,dicp1.3-4,dicp1.3-4
24335,drd4b,drd4b
24336,dre-mir-103,dre-mir-103
24337,dre-mir-19b,dre-mir-19b
24338,dre-mir-2184,dre-mir-2184
24339,dre-mir-222a,dre-mir-222a
24340,dre-mir-29b-2,dre-mir-29b-2
24341,dre-mir-731,dre-mir-731
24342,dusp3b,dusp3b
24343,fam124b,fam124b
24344,ftr42,ftr42
24345,ftr66,ftr66
24346,ftr69,ftr69
24347,gdf9,gdf9
24348,gig2h,gig2h
24349,gig2l,gig2l
24350,gip,gip
24351,gpr6,gpr6
24352,gstk2,gstk2
24353,guca1d,guca1d
24354,hbaa2,hbaa2
24355,hoxb1a,hoxb1a
24356,hsd17b1,hsd17b1
24357,htr1b,htr1b
24358,ifit12,ifit12
24359,ihhb,ihhb
24360,il6,il6
24361,izumo1,izumo1
24362,kcnh5b,kcnh5b
24363,kcnk3b,kcnk3b
24364,lct,lct
24365,lgals8b,lgals8b
24366,lhb,lhb
24367,lrrc3,lrrc3
24368,mcf2b,mcf2b
24369,mep1b,mep1b
24370,myadml2,myadml2
24371,nkl.3,nkl.3
24372,olfcg2,olfcg2
24373,olfch1,olfch1
24374,oprm1,oprm1
24375,or108-1,or108-1
24376,or110-1,or110-1
24377,or115-9,or115-9
24378,or123-1,or123-1
24379,or125-4,or125-4
24380,or128-4,or128-4
24381,pimr117,pimr117
24382,pimr135,pimr135
24383,pimr56,pimr56
24384,plppr2b,plppr2b
24385,prok2,prok2
24386,pthlhb,pthlhb
24387,pxnb,pxnb
24388,rxfp2b,rxfp2b
24389,rxfp3,rxfp3
24390,si:cabz01021067.1,sicabz01021067.1
24391,si:ch1073-228j22.2,sich1073228j22.2
24392,si:ch211-106g8.62,sich211106g8.62
24393,si:ch211-139l2.1,sich211139l2.1
24394,si:ch211-142c4.1,sich211142c4.1
24395,si:ch211-161f7.2,sich211161f7.2
24396,si:ch211-162i8.7,sich211162i8.7
24397,si:ch211-165f21.2,sich211165f21.2
24398,si:ch211-171h4.7,sich211171h4.7
24399,si:ch211-176g13.8,sich211176g13.8
24400,si:ch211-189a21.1,sich211189a21.1
24401,si:ch211-198o12.4,sich211198o12.4
24402,si:ch211-1f22.7,sich2111f22.7
24403,si:ch211-202c21.7,sich211202c21.7
24404,si:ch211-212k5.3,sich211212k5.3
24405,si:ch211-218m3.16,sich211218m3.16
24406,si:ch211-255f4.9,sich211255f4.9
24407,si:ch73-329n5.3,sich73329n5.3
24408,si:ch73-368j24.17,sich73368j24.17
24409,si:ch73-59p9.2,sich7359p9.2
24410,si:ch73-62b13.1,sich7362b13.1
24411,si:ch73-68b22.2,sich7368b22.2
24412,si:ch73-94k4.1,sich7394k4.1
24413,si:dkey-170g13.2,sidkey170g13.2
24414,si:dkey-187j14.8,sidkey187j14.8
24415,si:dkey-194e6.2,sidkey194e6.2
24416,si:dkey-199f5.6,sidkey199f5.6
24417,si:dkey-1c7.1,sidkey1c7.1
24418,si:dkey-21h14.15,sidkey21h14.15
24419,si:dkey-220k22.3,sidkey220k22.3
24420,si:dkey-228l14.1,sidkey228l14.1
24421,si:dkey-238n5.3,sidkey238n5.3
24422,si:dkey-23f9.13,sidkey23f9.13
24423,si:dkey-242h9.5,sidkey242h9.5
24424,si:dkey-24f15.2,sidkey24f15.2
24425,si:dkey-259j3.5,sidkey259j3.5
24426,si:dkey-29b11.3,sidkey29b11.3
24427,si:dkey-47k20.2,sidkey47k20.2
24428,si:dkey-47k20.3,sidkey47k20.3
24429,si:dkey-56m15.3,sidkey56m15.3
24430,si:dkey-58f10.14,sidkey58f10.14
24431,si:dkey-65b13.1,sidkey65b13.1
24432,si:dkey-7i4.11,sidkey7i4.11
24433,si:dkey-8e10.3,sidkey8e10.3
24434,si:dkey-92j16.2,sidkey92j16.2
24435,si:dkey-98j1.5,sidkey98j1.5
24436,si:dkey-9p24.5,sidkey9p24.5
24437,si:dkeyp-13d12.24,sidkeyp13d12.24
24438,si:dkeyp-6a3.1,sidkeyp6a3.1
24439,si:dkeyp-75b4.10,sidkeyp75b4.10
24440,si:dkeyp-75b4.8,sidkeyp75b4.8
24441,si:dkeyp-98a7.8,sidkeyp98a7.8
24442,si:rp71-45g20.11,sirp7145g20.11
24443,si:rp71-81e14.2,sirp7181e14.2
24444,si:rp71-84d9.1,sirp7184d9.1
24445,stag3,stag3
24446,taar12e,taar12e
24447,taar12f,taar12f
24448,taar14j,taar14j
24449,taar19m,taar19m
24450,taar20p,taar20p
24451,tbx19,tbx19
24452,thsd1,thsd1
24453,timp4.2,timp4.2
24454,tlr9,tlr9
24455,tnni1a,tnni1a
24456,tradv23.1.3,tradv23.1.3
24457,ugt2b5,ugt2b5
24458,ungb,ungb
24459,upk3b,upk3b
24460,v2ra1,v2ra1
24461,v2rx4,v2rx4
24462,vcam1a,vcam1a
24463,vtg3,vtg3
24464,vtg5,vtg5
24465,zgc:113984,zgc113984
24466,zgc:153659,zgc153659
24467,zgc:153921,zgc153921
24468,zmp:0000000650,zmp0000000650
24469,zmp:0000001289,zmp0000001289
24470,znf1052,znf1052
24471,znf1081,znf1081
24472,zp2l2,zp2l2
24473,AL645691.2,AL645691.2
24474,AL845295.1,AL845295.1
24475,AL928881.1,AL928881.1
24476,AL928927.1,AL928927.1
24477,AL954698.2,AL954698.2
24478,APCDD1,APCDD1
24479,BX004770.1,BX004770.1
24480,BX005032.1,BX005032.1
24481,BX005103.1,BX005103.1
24482,BX005361.1,BX005361.1
24483,BX005375.1,BX005375.1
24484,BX072554.2,BX072554.2
24485,BX088535.1,BX088535.1
24486,BX248410.1,BX248410.1
24487,BX279523.2,BX279523.2
24488,BX279525.1,BX279525.1
24489,BX322657.1,BX322657.1
24490,BX323797.4,BX323797.4
24491,BX323994.2,BX323994.2
24492,BX324233.1,BX324233.1
24493,BX465205.1,BX465205.1
24494,BX470247.1,BX470247.1
24495,BX510324.2,BX510324.2
24496,BX510938.2,BX510938.2
24497,BX511184.1,BX511184.1
24498,BX537109.1,BX537109.1
24499,BX548011.2,BX548011.2
24500,BX569788.1,BX569788.1
24501,BX571694.1,BX571694.1
24502,BX571762.1,BX571762.1
24503,BX571827.1,BX571827.1
24504,BX649350.1,BX649350.1
24505,BX908726.1,BX908726.1
24506,BX927130.1,BX927130.1
24507,BX927257.1,BX927257.1
24508,BX927261.1,BX927261.1
24509,BX957236.1,BX957236.1
24510,BX957274.1,BX957274.1
24511,BX957361.2,BX957361.2
24512,CABZ01012957.1,CABZ01012957.1
24513,CABZ01021532.1,CABZ01021532.1
24514,CABZ01039304.1,CABZ01039304.1
24515,CABZ01043826.1,CABZ01043826.1
24516,CABZ01043955.1,CABZ01043955.1
24517,CABZ01048453.1,CABZ01048453.1
24518,CABZ01050238.1,CABZ01050238.1
24519,CABZ01057159.1,CABZ01057159.1
24520,CABZ01079302.1,CABZ01079302.1
24521,CABZ01086835.1,CABZ01086835.1
24522,CR356222.1,CR356222.1
24523,CR376848.1,CR376848.1
24524,CR381664.1,CR381664.1
24525,CR388413.5,CR388413.5
24526,CR391977.1,CR391977.1
24527,CR392026.1,CR392026.1
24528,CR394555.1,CR394555.1
24529,CR396590.6,CR396590.6
24530,CR450716.1,CR450716.1
24531,CR559930.2,CR559930.2
24532,CR774195.2,CR774195.2
24533,CR788254.1,CR788254.1
24534,CR848723.1,CR848723.1
24535,CR848825.1,CR848825.1
24536,CR854927.2,CR854927.2
24537,CR855318.1,CR855318.1
24538,CR925863.1,CR925863.1
24539,CR927456.1,CR927456.1
24540,CT009746.1,CT009746.1
24541,CT025875.1,CT025875.1
24542,CT476811.1,CT476811.1
24543,CT573494.1,CT573494.1
24544,CT573793.2,CT573793.2
24545,CT573793.3,CT573793.3
24546,CT573817.1,CT573817.1
24547,CT583625.2,CT583625.2
24548,CT737182.1,CT737182.1
24549,CT737227.1,CT737227.1
24550,CU013534.1,CU013534.1
24551,CU019562.2,CU019562.2
24552,CU104741.1,CU104741.1
24553,CU207281.4,CU207281.4
24554,CU468164.1,CU468164.1
24555,CU655870.1,CU655870.1
24556,CU928205.1,CU928205.1
24557,FO704858.1,FO704858.1
24558,FO904898.2,FO904898.2
24559,FP016018.2,FP016018.2
24560,FP243382.1,FP243382.1
24561,FQ377934.1,FQ377934.1
24562,LO017848.1,LO017848.1
24563,LO017877.1,LO017877.1
24564,LO018238.1,LO018238.1
24565,LO018513.1,LO018513.1
24566,LO018568.1,LO018568.1
24567,RF00137,RF00137
24568,adgre16,adgre16
24569,adgrg7.1,adgrg7.1
24570,adh8a,adh8a
24571,adora2ab,adora2ab
24572,adra1aa,adra1aa
24573,b4galnt2.1,b4galnt2.1
24574,bdkrb1,bdkrb1
24575,bmf1,bmf1
24576,chrm5b,chrm5b
24577,chrna4a,chrna4a
24578,cnn1b,cnn1b
24579,cpo,cpo
24580,cyp2k22,cyp2k22
24581,defbl2,defbl2
24582,dre-mir-143-1,dre-mir-143-1
24583,dre-mir-19a,dre-mir-19a
24584,dre-mir-365-1,dre-mir-365-1
24585,dre-mir-459,dre-mir-459
24586,dre-mir-7a-2,dre-mir-7a-2
24587,fam169b,fam169b
24588,fgf5,fgf5
24589,fn3krp,fn3krp
24590,ftr26,ftr26
24591,ftr91,ftr91
24592,gabrr1,gabrr1
24593,gpr18,gpr18
24594,htr3b,htr3b
24595,il1rapl2,il1rapl2
24596,kcnj1a.3,kcnj1a.3
24597,kcnk12l,kcnk12l
24598,kctd16a,kctd16a
24599,mhc1lla,mhc1lla
24600,omga,omga
24601,or103-4,or103-4
24602,or109-11,or109-11
24603,or125-3,or125-3
24604,p2rx8,p2rx8
24605,pimr193,pimr193
24606,pimr46,pimr46
24607,pimr63,pimr63
24608,prf1.7,prf1.7
24609,prkg2,prkg2
24610,rh50,rh50
24611,rhcgb,rhcgb
24612,si:ch1073-204b8.1,sich1073204b8.1
24613,si:ch1073-394i4.1,sich1073394i4.1
24614,si:ch211-111e20.1,sich211111e20.1
24615,si:ch211-112g6.4,sich211112g6.4
24616,si:ch211-113d11.6,sich211113d11.6
24617,si:ch211-11c3.12,sich21111c3.12
24618,si:ch211-135n15.3,sich211135n15.3
24619,si:ch211-197l9.5,sich211197l9.5
24620,si:ch211-215e19.6,sich211215e19.6
24621,si:ch211-221n20.4,sich211221n20.4
24622,si:ch211-231i17.4,sich211231i17.4
24623,si:ch211-234h8.7,sich211234h8.7
24624,si:ch211-236k19.2,sich211236k19.2
24625,si:ch211-246n15.2,sich211246n15.2
24626,si:ch211-63b16.3,sich21163b16.3
24627,si:ch211-76m11.9,sich21176m11.9
24628,si:ch73-138e16.5,sich73138e16.5
24629,si:ch73-313l22.2,sich73313l22.2
24630,si:ch73-359m17.8,sich73359m17.8
24631,si:ch73-90k17.1,sich7390k17.1
24632,si:dkey-111e8.4,sidkey111e8.4
24633,si:dkey-121h17.7,sidkey121h17.7
24634,si:dkey-16b10.1,sidkey16b10.1
24635,si:dkey-179k24.2,sidkey179k24.2
24636,si:dkey-191j3.2,sidkey191j3.2
24637,si:dkey-21e2.11,sidkey21e2.11
24638,si:dkey-23i12.9,sidkey23i12.9
24639,si:dkey-26i13.5,sidkey26i13.5
24640,si:dkey-275b16.2,sidkey275b16.2
24641,si:dkey-29d5.1,sidkey29d5.1
24642,si:dkey-3h23.3,sidkey3h23.3
24643,si:dkey-40g16.5,sidkey40g16.5
24644,si:dkey-65b12.10,sidkey65b12.10
24645,si:dkey-71l4.3,sidkey71l4.3
24646,si:dkey-79f11.8,sidkey79f11.8
24647,si:dkey-7f3.14,sidkey7f3.14
24648,si:dkey-7j22.4,sidkey7j22.4
24649,sod3a,sod3a
24650,spsb3b,spsb3b
24651,sstr2a,sstr2a
24652,taar11,taar11
24653,taar13d,taar13d
24654,taar19n,taar19n
24655,taar20c,taar20c
24656,tas1r2.2,tas1r2.2
24657,tas2r200.2,tas2r200.2
24658,tex26,tex26
24659,tnfsf13,tnfsf13
24660,traj10,traj10
24661,traj3,traj3
24662,vwa11,vwa11
24663,wfikkn2b,wfikkn2b
24664,zgc:158445,zgc158445
24665,zgc:165583,zgc165583
24666,zgc:175136,zgc175136
24667,zgc:55888,zgc55888
24668,znf1049,znf1049
24669,znf1139,znf1139
24670,znf1165,znf1165
24671,znf1172,znf1172
24672,znf1180,znf1180
24673,znf996,znf996
24674,AL627305.1,AL627305.1
24675,AL929229.1,AL929229.1
24676,AL929305.1,AL929305.1
24677,AL935198.1,AL935198.1
24678,AL935300.2,AL935300.2
24679,AL954741.1,AL954741.1
24680,BX004840.1,BX004840.1
24681,BX004976.1,BX004976.1
24682,BX085193.1,BX085193.1
24683,BX119314.1,BX119314.1
24684,BX248399.1,BX248399.1
24685,BX323022.1,BX323022.1
24686,BX465836.2,BX465836.2
24687,BX510919.1,BX510919.1
24688,BX511093.1,BX511093.1
24689,BX511250.1,BX511250.1
24690,BX537104.1,BX537104.1
24691,BX537288.3,BX537288.3
24692,BX544877.1,BX544877.1
24693,BX569798.1,BX569798.1
24694,BX601648.1,BX601648.1
24695,BX640512.3,BX640512.3
24696,BX649331.1,BX649331.1
24697,BX649421.1,BX649421.1
24698,BX649508.2,BX649508.2
24699,BX649608.1,BX649608.1
24700,BX663522.1,BX663522.1
24701,BX664742.1,BX664742.1
24702,BX681417.7,BX681417.7
24703,BX901883.4,BX901883.4
24704,BX936298.2,BX936298.2
24705,BX957252.3,BX957252.3
24706,CABZ01056052.1,CABZ01056052.1
24707,CABZ01073197.1,CABZ01073197.1
24708,CABZ01102578.1,CABZ01102578.1
24709,CABZ01118270.1,CABZ01118270.1
24710,CR339041.2,CR339041.2
24711,CR382337.3,CR382337.3
24712,CR385077.1,CR385077.1
24713,CR388157.1,CR388157.1
24714,CR388165.1,CR388165.1
24715,CR391910.1,CR391910.1
24716,CR392341.1,CR392341.1
24717,CR450780.2,CR450780.2
24718,CR450813.1,CR450813.1
24719,CR524827.1,CR524827.1
24720,CR626887.3,CR626887.3
24721,CR759845.2,CR759845.2
24722,CR847850.1,CR847850.1
24723,CR847899.2,CR847899.2
24724,CR848025.2,CR848025.2
24725,CR854965.1,CR854965.1
24726,CR925761.2,CR925761.2
24727,CR925879.1,CR925879.1
24728,CR933017.1,CR933017.1
24729,CT027623.1,CT027623.1
24730,CT033790.1,CT033790.1
24731,CT573163.1,CT573163.1
24732,CT573247.1,CT573247.1
24733,CT583727.1,CT583727.1
24734,CU019647.1,CU019647.1
24735,CU182823.3,CU182823.3
24736,CU462878.2,CU462878.2
24737,CU633999.1,CU633999.1
24738,CU694256.1,CU694256.1
24739,CU694807.1,CU694807.1
24740,CU695011.1,CU695011.1
24741,CU856621.1,CU856621.1
24742,CU896602.4,CU896602.4
24743,CU896691.3,CU896691.3
24744,CU927920.1,CU927920.1
24745,CU929426.1,CU929426.1
24746,CXCL11,CXCL11
24747,DCHS2,DCHS2
24748,FO904898.5,FO904898.5
24749,FP236735.1,FP236735.1
24750,FP325358.1,FP325358.1
24751,FQ377628.2,FQ377628.2
24752,LO017843.1,LO017843.1
24753,LO018231.1,LO018231.1
24754,LO018564.1,LO018564.1
24755,MAJIN,MAJIN
24756,RAB37,RAB37
24757,RF00088,RF00088
24758,RF00158,RF00158
24759,RF00263,RF00263
24760,TRIM62,TRIM62
24761,abcc6b.1,abcc6b.1
24762,cbln6,cbln6
24763,cbln9,cbln9
24764,ccdc36,ccdc36
24765,ccr6b,ccr6b
24766,cmpk2,cmpk2
24767,dre-let-7a-5,dre-let-7a-5
24768,dre-let-7c-2,dre-let-7c-2
24769,dre-mir-128-1,dre-mir-128-1
24770,dre-mir-146a,dre-mir-146a
24771,dre-mir-146b,dre-mir-146b
24772,dre-mir-18c,dre-mir-18c
24773,dre-mir-23a-2,dre-mir-23a-2
24774,fndc5a,fndc5a
24775,gltpb,gltpb
24776,gpbar1,gpbar1
24777,gtf2f2b,gtf2f2b
24778,gucy1b2,gucy1b2
24779,igic1s1,igic1s1
24780,il21r.2,il21r.2
24781,il26,il26
24782,irgf1,irgf1
24783,kcnj12b,kcnj12b
24784,lrrc18b,lrrc18b
24785,lrrc38a,lrrc38a
24786,mpp7b,mpp7b
24787,mxtx1,mxtx1
24788,nitr8,nitr8
24789,or104-1,or104-1
24790,or109-1,or109-1
24791,or125-6,or125-6
24792,or126-1,or126-1
24793,or133-1,or133-1
24794,ora5,ora5
24795,oxtr,oxtr
24796,pimr109,pimr109
24797,pimr132,pimr132
24798,qrfpra,qrfpra
24799,si:ch211-114c12.5,sich211114c12.5
24800,si:ch211-125c23.3,sich211125c23.3
24801,si:ch211-133n4.9,sich211133n4.9
24802,si:ch211-149e23.4,sich211149e23.4
24803,si:ch211-162i14.1,sich211162i14.1
24804,si:ch211-209a2.2,sich211209a2.2
24805,si:ch211-215e19.8,sich211215e19.8
24806,si:ch211-217k17.11,sich211217k17.11
24807,si:ch211-220f21.3,sich211220f21.3
24808,si:ch211-232d10.1,sich211232d10.1
24809,si:ch211-232p21.6,sich211232p21.6
24810,si:ch211-240l19.8,sich211240l19.8
24811,si:ch211-268b14.2,sich211268b14.2
24812,si:ch211-271g18.4,sich211271g18.4
24813,si:ch211-274k16.2,sich211274k16.2
24814,si:ch211-283l16.1,sich211283l16.1
24815,si:ch211-42i6.2,sich21142i6.2
24816,si:ch211-71m22.5,sich21171m22.5
24817,si:ch73-343g19.4,sich73343g19.4
24818,si:ch73-380l3.3,sich73380l3.3
24819,si:ch73-46n24.1,sich7346n24.1
24820,si:ch73-94k4.2,sich7394k4.2
24821,si:dkey-112e17.1,sidkey112e17.1
24822,si:dkey-157e10.6,sidkey157e10.6
24823,si:dkey-163m14.10,sidkey163m14.10
24824,si:dkey-211g8.9,sidkey211g8.9
24825,si:dkey-22p6.2,sidkey22p6.2
24826,si:dkey-233e3.3,sidkey233e3.3
24827,si:dkey-24c2.7,sidkey24c2.7
24828,si:dkey-27p18.7,sidkey27p18.7
24829,si:dkey-41c6.3,sidkey41c6.3
24830,si:dkey-44g17.6,sidkey44g17.6
24831,si:dkey-7e14.3,sidkey7e14.3
24832,si:dkeyp-107f9.1,sidkeyp107f9.1
24833,si:dkeyp-107f9.4,sidkeyp107f9.4
24834,si:dkeyp-4f2.3,sidkeyp4f2.3
24835,si:dkeyp-82h4.3,sidkeyp82h4.3
24836,soul5l,soul5l
24837,svopb,svopb
24838,taar10d,taar10d
24839,taar16g,taar16g
24840,taar20i,taar20i
24841,tas1r1,tas1r1
24842,timm23b,timm23b
24843,tmem187,tmem187
24844,tradv23.3.8,tradv23.3.8
24845,vwa5b1,vwa5b1
24846,wisp1a,wisp1a
24847,wnt3a,wnt3a
24848,zgc:101806,zgc101806
24849,zgc:113424,zgc113424
24850,zgc:175177,zgc175177
24851,zgc:194443,zgc194443
24852,zmp:0000001161,zmp0000001161
24853,znf1029,znf1029
24854,znf1033,znf1033
24855,znf1097,znf1097
24856,znf1127,znf1127
24857,znf414,znf414
24858,AL845428.3,AL845428.3
24859,AL928808.1,AL928808.1
24860,AL928920.1,AL928920.1
24861,AL929276.2,AL929276.2
24862,AL929315.1,AL929315.1
24863,AL935300.3,AL935300.3
24864,ANKRD66,ANKRD66
24865,BX000981.4,BX000981.4
24866,BX005275.1,BX005275.1
24867,BX005355.1,BX005355.1
24868,BX005461.1,BX005461.1
24869,BX088524.2,BX088524.2
24870,BX247946.1,BX247946.1
24871,BX248238.2,BX248238.2
24872,BX255896.1,BX255896.1
24873,BX255898.1,BX255898.1
24874,BX255920.1,BX255920.1
24875,BX276105.3,BX276105.3
24876,BX294375.1,BX294375.1
24877,BX321886.1,BX321886.1
24878,BX323797.2,BX323797.2
24879,BX323875.1,BX323875.1
24880,BX510922.4,BX510922.4
24881,BX537115.1,BX537115.1
24882,BX545856.2,BX545856.2
24883,BX548044.3,BX548044.3
24884,BX569779.1,BX569779.1
24885,BX571839.1,BX571839.1
24886,BX572078.1,BX572078.1
24887,BX640537.1,BX640537.1
24888,BX649388.1,BX649388.1
24889,BX649434.2,BX649434.2
24890,BX666065.2,BX666065.2
24891,BX842687.1,BX842687.1
24892,BX908780.5,BX908780.5
24893,BX914205.1,BX914205.1
24894,BX927193.2,BX927193.2
24895,BX927234.1,BX927234.1
24896,BX927317.2,BX927317.2
24897,CABZ01023247.1,CABZ01023247.1
24898,CABZ01024659.1,CABZ01024659.1
24899,CABZ01039096.1,CABZ01039096.1
24900,CABZ01071061.1,CABZ01071061.1
24901,CABZ01074470.1,CABZ01074470.1
24902,CABZ01081830.2,CABZ01081830.2
24903,CABZ01083546.1,CABZ01083546.1
24904,CABZ01088982.1,CABZ01088982.1
24905,CR318647.1,CR318647.1
24906,CR354611.1,CR354611.1
24907,CR376730.1,CR376730.1
24908,CR376776.1,CR376776.1
24909,CR376785.1,CR376785.1
24910,CR381686.2,CR381686.2
24911,CR383668.1,CR383668.1
24912,CR383672.2,CR383672.2
24913,CR392341.3,CR392341.3
24914,CR392347.1,CR392347.1
24915,CR450749.2,CR450749.2
24916,CR450787.1,CR450787.1
24917,CR450832.1,CR450832.1
24918,CR513785.1,CR513785.1
24919,CR626882.2,CR626882.2
24920,CR626907.1,CR626907.1
24921,CR753837.1,CR753837.1
24922,CR769772.2,CR769772.2
24923,CR774192.1,CR774192.1
24924,CR790377.1,CR790377.1
24925,CR790382.1,CR790382.1
24926,CR848840.1,CR848840.1
24927,CR854907.1,CR854907.1
24928,CR932017.1,CR932017.1
24929,CR936249.1,CR936249.1
24930,CT009487.2,CT009487.2
24931,CT030031.1,CT030031.1
24932,CT573157.1,CT573157.1
24933,CT573799.2,CT573799.2
24934,CT583728.12,CT583728.12
24935,CT998556.1,CT998556.1
24936,CU041345.1,CU041345.1
24937,CU137717.1,CU137717.1
24938,CU326364.1,CU326364.1
24939,CU467633.1,CU467633.1
24940,CU550714.1,CU550714.1
24941,CU633478.1,CU633478.1
24942,CU652893.1,CU652893.1
24943,CU682780.1,CU682780.1
24944,CU915534.1,CU915534.1
24945,CU929317.1,CU929317.1
24946,CZQB01146713.1,CZQB01146713.1
24947,FHIT,FHIT
24948,FO834823.1,FO834823.1
24949,FP015862.1,FP015862.1
24950,FP016208.1,FP016208.1
24951,FP102888.2,FP102888.2
24952,FP236356.1,FP236356.1
24953,HERC5,HERC5
24954,LT631676.1,LT631676.1
24955,RF00428,RF00428
24956,TMEM236,TMEM236
24957,abi3bpa,abi3bpa
24958,btr19,btr19
24959,ccl34b.9,ccl34b.9
24960,dre-mir-216a,dre-mir-216a
24961,dre-mir-30e-2,dre-mir-30e-2
24962,dsela,dsela
24963,ferd3l,ferd3l
24964,gpr101,gpr101
24965,hmx3b,hmx3b
24966,ifit8,ifit8
24967,igl1c3,igl1c3
24968,il12rb2,il12rb2
24969,il17a/f2,il17af2
24970,kbtbd13,kbtbd13
24971,kcnj8,kcnj8
24972,mep1a.2,mep1a.2
24973,mfsd11,mfsd11
24974,ndufa4l2b,ndufa4l2b
24975,nitr6a,nitr6a
24976,nitr7a,nitr7a
24977,odam,odam
24978,opn7a,opn7a
24979,or111-5,or111-5
24980,or128-6,or128-6
24981,or128-8,or128-8
24982,or137-8,or137-8
24983,pimr152,pimr152
24984,pimr180,pimr180
24985,pimr48,pimr48
24986,si:ch1073-188e1.1,sich1073188e1.1
24987,si:ch211-113e8.5,sich211113e8.5
24988,si:ch211-114l13.9,sich211114l13.9
24989,si:ch211-119o8.6,sich211119o8.6
24990,si:ch211-14a11.1,sich21114a11.1
24991,si:ch211-152p23.2,sich211152p23.2
24992,si:ch211-184m13.4,sich211184m13.4
24993,si:ch211-195b13.6,sich211195b13.6
24994,si:ch211-203b20.4,sich211203b20.4
24995,si:ch211-215j19.12,sich211215j19.12
24996,si:ch211-218m3.19,sich211218m3.19
24997,si:ch211-219a15.3,sich211219a15.3
24998,si:ch211-256e16.6,sich211256e16.6
24999,si:ch211-282j17.1,sich211282j17.1
25000,si:ch73-173p19.2,sich73173p19.2
25001,si:ch73-236c18.5,sich73236c18.5
25002,si:ch73-256j6.4,sich73256j6.4
25003,si:dkey-108k24.2,sidkey108k24.2
25004,si:dkey-13e3.1,sidkey13e3.1
25005,si:dkey-16m19.1,sidkey16m19.1
25006,si:dkey-222h21.3,sidkey222h21.3
25007,si:dkey-27d5.10,sidkey27d5.10
25008,si:dkey-285e18.5,sidkey285e18.5
25009,si:dkeyp-122a9.2,sidkeyp122a9.2
25010,si:dkeyp-52c3.5,sidkeyp52c3.5
25011,si:dkeyp-70f9.7,sidkeyp70f9.7
25012,si:zfos-451d2.2,sizfos451d2.2
25013,slc1a8b,slc1a8b
25014,smtla,smtla
25015,sycn.3,sycn.3
25016,taar12j,taar12j
25017,tas2r200.1,tas2r200.1
25018,tmtops3b,tmtops3b
25019,tradv24.0.1,tradv24.0.1
25020,v2rh10,v2rh10
25021,v2rh9,v2rh9
25022,xk,xk
25023,zgc:173856,zgc173856
25024,zgc:174259,zgc174259
25025,znf1027,znf1027
25026,znf1034,znf1034
25027,znf1098,znf1098
25028,AL831726.1,AL831726.1
25029,AL929182.1,AL929182.1
25030,AL929210.1,AL929210.1
25031,AL953894.1,AL953894.1
25032,BX000534.1,BX000534.1
25033,BX005174.1,BX005174.1
25034,BX005329.2,BX005329.2
25035,BX005462.1,BX005462.1
25036,BX072570.1,BX072570.1
25037,BX284640.1,BX284640.1
25038,BX294181.2,BX294181.2
25039,BX294661.2,BX294661.2
25040,BX323060.3,BX323060.3
25041,BX323448.1,BX323448.1
25042,BX324007.1,BX324007.1
25043,BX511077.1,BX511077.1
25044,BX537130.1,BX537130.1
25045,BX537137.2,BX537137.2
25046,BX545856.1,BX545856.1
25047,BX546499.1,BX546499.1
25048,BX548011.1,BX548011.1
25049,BX548011.4,BX548011.4
25050,BX649349.2,BX649349.2
25051,BX649448.1,BX649448.1
25052,BX649641.3,BX649641.3
25053,BX663520.1,BX663520.1
25054,BX681417.3,BX681417.3
25055,BX901881.1,BX901881.1
25056,BX927122.2,BX927122.2
25057,BX927407.1,BX927407.1
25058,BX950194.1,BX950194.1
25059,BX950205.1,BX950205.1
25060,CABZ01011673.1,CABZ01011673.1
25061,CABZ01074994.1,CABZ01074994.1
25062,CR376738.2,CR376738.2
25063,CR381664.2,CR381664.2
25064,CR381684.1,CR381684.1
25065,CR384085.1,CR384085.1
25066,CR385086.1,CR385086.1
25067,CR388363.1,CR388363.1
25068,CR394552.1,CR394552.1
25069,CR457444.1,CR457444.1
25070,CR457444.4,CR457444.4
25071,CR556708.1,CR556708.1
25072,CR556709.1,CR556709.1
25073,CR626874.1,CR626874.1
25074,CR774179.3,CR774179.3
25075,CR786582.1,CR786582.1
25076,CR788230.2,CR788230.2
25077,CT025588.1,CT025588.1
25078,CT573133.1,CT573133.1
25079,CT867973.2,CT867973.2
25080,CU138512.1,CU138512.1
25081,CU179759.1,CU179759.1
25082,CU184832.1,CU184832.1
25083,CU207281.2,CU207281.2
25084,CU468002.1,CU468002.1
25085,CU652528.1,CU652528.1
25086,CU694264.1,CU694264.1
25087,CU914811.1,CU914811.1
25088,CU915775.1,CU915775.1
25089,CU929073.1,CU929073.1
25090,FO680692.1,FO680692.1
25091,FP085399.1,FP085399.1
25092,FP236157.2,FP236157.2
25093,FP326649.2,FP326649.2
25094,LO018205.2,LO018205.2
25095,RF00186,RF00186
25096,ccdc162,ccdc162
25097,crtac1b,crtac1b
25098,crygs4,crygs4
25099,cuzd1.2,cuzd1.2
25100,dre-let-7c-1,dre-let-7c-1
25101,dre-mir-141,dre-mir-141
25102,dre-mir-181b-2,dre-mir-181b-2
25103,dre-mir-200c,dre-mir-200c
25104,dre-mir-26b,dre-mir-26b
25105,ftr04,ftr04
25106,hsd11b1lb,hsd11b1lb
25107,jak3,jak3
25108,or128-3,or128-3
25109,or128-7,or128-7
25110,pimr177,pimr177
25111,rassf9,rassf9
25112,rnf151,rnf151
25113,rnf182,rnf182
25114,rph3aa,rph3aa
25115,si:busm1-228j01.6,sibusm1228j01.6
25116,si:ch211-130h14.4,sich211130h14.4
25117,si:ch211-132b12.3,sich211132b12.3
25118,si:ch211-163g19.2,sich211163g19.2
25119,si:ch211-167j6.3,sich211167j6.3
25120,si:ch211-198m1.1,sich211198m1.1
25121,si:ch211-207e19.2,sich211207e19.2
25122,si:ch211-229g14.3,sich211229g14.3
25123,si:ch211-247l8.8,sich211247l8.8
25124,si:ch211-256e16.4,sich211256e16.4
25125,si:ch211-272b8.7,sich211272b8.7
25126,si:ch73-166o21.1,sich73166o21.1
25127,si:ch73-236c18.3,sich73236c18.3
25128,si:ch73-236c18.7,sich73236c18.7
25129,si:ch73-379f7.4,sich73379f7.4
25130,si:ch73-380l3.5,sich73380l3.5
25131,si:dkey-14o6.8,sidkey14o6.8
25132,si:dkey-199f5.7,sidkey199f5.7
25133,si:dkey-211g8.6,sidkey211g8.6
25134,si:dkey-222h21.1,sidkey222h21.1
25135,si:dkey-222h21.6,sidkey222h21.6
25136,si:dkey-238d18.7,sidkey238d18.7
25137,si:dkey-23f9.12,sidkey23f9.12
25138,si:dkey-27j5.7,sidkey27j5.7
25139,si:dkey-47k20.5,sidkey47k20.5
25140,si:dkey-58f10.13,sidkey58f10.13
25141,si:dkey-59p5.1,sidkey59p5.1
25142,si:dkey-7i4.23,sidkey7i4.23
25143,si:dkey-8o9.2,sidkey8o9.2
25144,si:dkeyp-82a1.1,sidkeyp82a1.1
25145,si:dkeyp-93a5.2,sidkeyp93a5.2
25146,si:zfos-754c12.2,sizfos754c12.2
25147,taar12c,taar12c
25148,taar14e,taar14e
25149,taar19h,taar19h
25150,tmem163a,tmem163a
25151,tradv10.0.4,tradv10.0.4
25152,tradv2.0.1,tradv2.0.1
25153,trim35-34,trim35-34
25154,v2ra17,v2ra17
25155,zgc:110348,zgc110348
25156,zgc:123321,zgc123321
25157,zmp:0000000937,zmp0000000937
25158,AL929321.1,AL929321.1
25159,BX001030.2,BX001030.2
25160,BX119902.3,BX119902.3
25161,BX119963.3,BX119963.3
25162,BX296562.2,BX296562.2
25163,BX324153.1,BX324153.1
25164,BX465868.2,BX465868.2
25165,BX470218.1,BX470218.1
25166,BX511227.2,BX511227.2
25167,BX571768.1,BX571768.1
25168,BX571796.1,BX571796.1
25169,BX601646.1,BX601646.1
25170,BX897729.1,BX897729.1
25171,BX908386.3,BX908386.3
25172,BX927123.1,BX927123.1
25173,BX927336.3,BX927336.3
25174,BX936303.1,BX936303.1
25175,BX957362.3,BX957362.3
25176,CABZ01064441.1,CABZ01064441.1
25177,CABZ01087953.1,CABZ01087953.1
25178,CABZ01103869.1,CABZ01103869.1
25179,CABZ01109058.1,CABZ01109058.1
25180,CR376797.1,CR376797.1
25181,CR381673.2,CR381673.2
25182,CR388102.1,CR388102.1
25183,CR394532.2,CR394532.2
25184,CR396590.3,CR396590.3
25185,CR513782.2,CR513782.2
25186,CR589944.2,CR589944.2
25187,CR792437.1,CR792437.1
25188,CR846090.1,CR846090.1
25189,CR847944.2,CR847944.2
25190,CR847983.1,CR847983.1
25191,CR855375.2,CR855375.2
25192,CR974461.1,CR974461.1
25193,CT025695.1,CT025695.1
25194,CT030012.1,CT030012.1
25195,CU179702.1,CU179702.1
25196,CU463231.1,CU463231.1
25197,CU655829.1,CU655829.1
25198,CU855758.1,CU855758.1
25199,CU915778.1,CU915778.1
25200,CU928063.1,CU928063.1
25201,CU972454.5,CU972454.5
25202,FP016012.1,FP016012.1
25203,FP067440.1,FP067440.1
25204,FP236157.1,FP236157.1
25205,FQ790367.1,FQ790367.1
25206,LO017682.1,LO017682.1
25207,LO018205.1,LO018205.1
25208,LO018585.1,LO018585.1
25209,RASGRP2,RASGRP2
25210,TC2N,TC2N
25211,adora2b,adora2b
25212,arg1,arg1
25213,bdh2,bdh2
25214,cacng1b,cacng1b
25215,ccr10,ccr10
25216,cfhl3,cfhl3
25217,chrm1a,chrm1a
25218,cplx3a,cplx3a
25219,csgalnact1b,csgalnact1b
25220,diras1b,diras1b
25221,dnah9,dnah9
25222,dre-mir-107b,dre-mir-107b
25223,dre-mir-130a,dre-mir-130a
25224,dre-mir-202,dre-mir-202
25225,dre-mir-20b,dre-mir-20b
25226,echdc3,echdc3
25227,fgf6a,fgf6a
25228,ftr05,ftr05
25229,ftr25,ftr25
25230,ftr36,ftr36
25231,ghsrb,ghsrb
25232,gpr26,gpr26
25233,hapln2,hapln2
25234,hcrtr2,hcrtr2
25235,hmgcll1,hmgcll1
25236,hsd3b2,hsd3b2
25237,htr2cl2,htr2cl2
25238,mc2r,mc2r
25239,nanos2,nanos2
25240,npy8ar,npy8ar
25241,or113-1,or113-1
25242,or124-1,or124-1
25243,p2ry8,p2ry8
25244,pimr200,pimr200
25245,prlh2r,prlh2r
25246,psmb13a,psmb13a
25247,ptger1b,ptger1b
25248,sftpba,sftpba
25249,si:ch211-105n15.1,sich211105n15.1
25250,si:ch211-106k21.5,sich211106k21.5
25251,si:ch211-147m20.3,sich211147m20.3
25252,si:ch211-149b19.4,sich211149b19.4
25253,si:ch211-14i3.2,sich21114i3.2
25254,si:ch211-190k17.19,sich211190k17.19
25255,si:ch211-238e22.8,sich211238e22.8
25256,si:ch211-253p18.5,sich211253p18.5
25257,si:ch211-255f4.13,sich211255f4.13
25258,si:ch211-263l8.1,sich211263l8.1
25259,si:ch73-41e3.7,sich7341e3.7
25260,si:ch73-44m9.3,sich7344m9.3
25261,si:dkey-102f14.7,sidkey102f14.7
25262,si:dkey-103k4.1,sidkey103k4.1
25263,si:dkey-151m22.8,sidkey151m22.8
25264,si:dkey-157l19.2,sidkey157l19.2
25265,si:dkey-21e2.3,sidkey21e2.3
25266,si:dkey-234i14.9,sidkey234i14.9
25267,si:dkey-26i13.7,sidkey26i13.7
25268,si:dkey-27j5.11,sidkey27j5.11
25269,si:dkey-27l15.1,sidkey27l15.1
25270,si:dkey-31n13.4,sidkey31n13.4
25271,si:dkey-32n7.7,sidkey32n7.7
25272,si:dkey-56m15.8,sidkey56m15.8
25273,si:dkey-71p21.13,sidkey71p21.13
25274,si:dkey-79c1.1,sidkey79c1.1
25275,si:dkeyp-3f10.12,sidkeyp3f10.12
25276,si:dkeyp-82b4.3,sidkeyp82b4.3
25277,si:dkeyp-92c9.2,sidkeyp92c9.2
25278,si:dkeyp-98a7.4,sidkeyp98a7.4
25279,slc16a5b,slc16a5b
25280,slc16a7,slc16a7
25281,snpha,snpha
25282,taar18b,taar18b
25283,tlr22,tlr22
25284,tmem144b,tmem144b
25285,tradv23.0.1,tradv23.0.1
25286,traj11,traj11
25287,zgc:153968,zgc153968
25288,zgc:171695,zgc171695
25289,znf1037,znf1037
25290,znf1062,znf1062
25291,AL928685.1,AL928685.1
25292,AL929192.1,AL929192.1
25293,AL929396.1,AL929396.1
25294,AL929520.2,AL929520.2
25295,AL935279.1,AL935279.1
25296,AL954868.1,AL954868.1
25297,BX005124.1,BX005124.1
25298,BX294387.1,BX294387.1
25299,BX323588.2,BX323588.2
25300,BX470137.1,BX470137.1
25301,BX510324.1,BX510324.1
25302,BX511187.1,BX511187.1
25303,BX511231.1,BX511231.1
25304,BX511265.5,BX511265.5
25305,BX530407.1,BX530407.1
25306,BX539332.2,BX539332.2
25307,BX546453.1,BX546453.1
25308,BX547992.2,BX547992.2
25309,BX548044.1,BX548044.1
25310,BX571681.2,BX571681.2
25311,BX640465.1,BX640465.1
25312,BX649313.1,BX649313.1
25313,BX666064.1,BX666064.1
25314,BX842699.1,BX842699.1
25315,BX890559.2,BX890559.2
25316,BX901907.2,BX901907.2
25317,BX908795.4,BX908795.4
25318,BX927369.1,BX927369.1
25319,BX936317.1,BX936317.1
25320,BX957279.1,BX957279.1
25321,CABZ01007816.1,CABZ01007816.1
25322,CABZ01018874.2,CABZ01018874.2
25323,CABZ01028298.1,CABZ01028298.1
25324,CABZ01041495.1,CABZ01041495.1
25325,CABZ01056051.1,CABZ01056051.1
25326,CABZ01067557.1,CABZ01067557.1
25327,CABZ01083815.1,CABZ01083815.1
25328,CABZ01088484.1,CABZ01088484.1
25329,CABZ01111555.1,CABZ01111555.1
25330,CR318625.1,CR318625.1
25331,CR352209.1,CR352209.1
25332,CR352226.3,CR352226.3
25333,CR381579.2,CR381579.2
25334,CR382325.1,CR382325.1
25335,CR387984.1,CR387984.1
25336,CR388046.2,CR388046.2
25337,CR391991.5,CR391991.5
25338,CR392335.1,CR392335.1
25339,CR513782.3,CR513782.3
25340,CR626887.2,CR626887.2
25341,CR788254.2,CR788254.2
25342,CR847523.1,CR847523.1
25343,CR925803.1,CR925803.1
25344,CT025650.1,CT025650.1
25345,CT583626.1,CT583626.1
25346,CT737184.1,CT737184.1
25347,CT955996.1,CT955996.1
25348,CT990567.2,CT990567.2
25349,CU041319.3,CU041319.3
25350,CU459174.1,CU459174.1
25351,CU464134.2,CU464134.2
25352,CU660013.3,CU660013.3
25353,CU856621.2,CU856621.2
25354,CU929133.1,CU929133.1
25355,FO681314.1,FO681314.1
25356,FP009765.1,FP009765.1
25357,FP085399.4,FP085399.4
25358,FP236331.1,FP236331.1
25359,FP236551.1,FP236551.1
25360,FP236810.1,FP236810.1
25361,FP340292.1,FP340292.1
25362,acot22,acot22
25363,ankmy2b,ankmy2b
25364,ankrd34ba,ankrd34ba
25365,avpr2l,avpr2l
25366,cd79b,cd79b
25367,clca5.2,clca5.2
25368,cxcl11.8,cxcl11.8
25369,dnajb9a,dnajb9a
25370,f13b,f13b
25371,ft2,ft2
25372,htr6,htr6
25373,kcnq4,kcnq4
25374,lrrc3cb,lrrc3cb
25375,mblac2,mblac2
25376,meox2b,meox2b
25377,mir140,mir140
25378,mir223,mir223
25379,mir99-2,mir99-2
25380,ms4a17a.17,ms4a17a.17
25381,olfcq19,olfcq19
25382,ovgp1,ovgp1
25383,pimr202,pimr202
25384,pimr84,pimr84
25385,si:ch1073-75o15.4,sich107375o15.4
25386,si:ch211-160b11.4,sich211160b11.4
25387,si:ch211-165f21.7,sich211165f21.7
25388,si:ch211-180m24.3,sich211180m24.3
25389,si:ch211-220f16.1,sich211220f16.1
25390,si:ch211-229c8.14,sich211229c8.14
25391,si:ch211-284e13.11,sich211284e13.11
25392,si:ch211-286b5.4,sich211286b5.4
25393,si:ch73-106l15.4,sich73106l15.4
25394,si:ch73-109d9.4,sich73109d9.4
25395,si:ch73-379j16.2,sich73379j16.2
25396,si:dkey-149i17.7,sidkey149i17.7
25397,si:dkey-22n8.2,sidkey22n8.2
25398,si:dkey-23f9.8,sidkey23f9.8
25399,si:dkey-242g16.2,sidkey242g16.2
25400,si:dkey-245f22.3,sidkey245f22.3
25401,si:dkey-31j3.11,sidkey31j3.11
25402,si:dkey-32n7.9,sidkey32n7.9
25403,si:dkey-78l4.10,sidkey78l4.10
25404,si:dkeyp-106c3.3,sidkeyp106c3.3
25405,si:dkeyp-4c7.3,sidkeyp4c7.3
25406,si:dkeyp-53e4.2,sidkeyp53e4.2
25407,slco1f1,slco1f1
25408,taar20a,taar20a
25409,ttc34,ttc34
25410,v2rh13,v2rh13
25411,v2rh14,v2rh14
25412,xkr5a,xkr5a
25413,zgc:153642,zgc153642
25414,zgc:174193,zgc174193
25415,znf1018,znf1018
25416,znf1023,znf1023
25417,znf1064,znf1064
25418,znf1100,znf1100
25419,AL928824.2,AL928824.2
25420,AL954361.1,AL954361.1
25421,BX004840.2,BX004840.2
25422,BX088594.1,BX088594.1
25423,BX088713.2,BX088713.2
25424,BX247877.1,BX247877.1
25425,BX248510.12,BX248510.12
25426,BX255915.2,BX255915.2
25427,BX276102.1,BX276102.1
25428,BX284696.1,BX284696.1
25429,BX294110.2,BX294110.2
25430,BX322577.1,BX322577.1
25431,BX323800.1,BX323800.1
25432,BX465205.2,BX465205.2
25433,BX465225.1,BX465225.1
25434,BX470183.1,BX470183.1
25435,BX548045.1,BX548045.1
25436,BX569801.2,BX569801.2
25437,BX571825.14,BX571825.14
25438,BX571954.3,BX571954.3
25439,BX649377.1,BX649377.1
25440,BX649499.2,BX649499.2
25441,BX649641.1,BX649641.1
25442,BX664625.5,BX664625.5
25443,BX784025.1,BX784025.1
25444,BX842669.1,BX842669.1
25445,BX890602.1,BX890602.1
25446,BX897720.1,BX897720.1
25447,BX908780.3,BX908780.3
25448,BX908796.1,BX908796.1
25449,BX927082.2,BX927082.2
25450,BX927300.1,BX927300.1
25451,BX927351.1,BX927351.1
25452,BX957355.1,BX957355.1
25453,CABZ01001434.2,CABZ01001434.2
25454,CABZ01055707.1,CABZ01055707.1
25455,CABZ01060492.1,CABZ01060492.1
25456,CABZ01066611.1,CABZ01066611.1
25457,CR352226.4,CR352226.4
25458,CR354395.1,CR354395.1
25459,CR376774.1,CR376774.1
25460,CR388190.1,CR388190.1
25461,CR545465.2,CR545465.2
25462,CR847844.1,CR847844.1
25463,CR854942.1,CR854942.1
25464,CR855206.1,CR855206.1
25465,CR925709.1,CR925709.1
25466,CR926464.1,CR926464.1
25467,CR936968.2,CR936968.2
25468,CT027583.2,CT027583.2
25469,CT027609.1,CT027609.1
25470,CT027676.1,CT027676.1
25471,CT030160.1,CT030160.1
25472,CU464087.1,CU464087.1
25473,CU469493.1,CU469493.1
25474,CU639436.1,CU639436.1
25475,CU657980.2,CU657980.2
25476,CU694442.1,CU694442.1
25477,CU861459.1,CU861459.1
25478,CU862020.1,CU862020.1
25479,CU929458.1,CU929458.1
25480,CU993818.1,CU993818.1
25481,FO834825.3,FO834825.3
25482,FP015866.2,FP015866.2
25483,GPR68,GPR68
25484,abcg8,abcg8
25485,ackr4a,ackr4a
25486,arf2b,arf2b
25487,ccl33.2,ccl33.2
25488,cplx4b,cplx4b
25489,dre-mir-200b,dre-mir-200b
25490,dre-mir-23a-1,dre-mir-23a-1
25491,ftr12,ftr12
25492,ftr70,ftr70
25493,galr2a,galr2a
25494,guca1g,guca1g
25495,ighd,ighd
25496,illr3,illr3
25497,kcnk18,kcnk18
25498,lrriq3,lrriq3
25499,nitr1b,nitr1b
25500,nptx2b,nptx2b
25501,or102-3,or102-3
25502,or118-1,or118-1
25503,or128-9,or128-9
25504,p2ry2.2,p2ry2.2
25505,pimr204,pimr204
25506,pimr77,pimr77
25507,pimr89,pimr89
25508,pkd1l2b,pkd1l2b
25509,psmb11a,psmb11a
25510,si:ch1073-144j5.2,sich1073144j5.2
25511,si:ch211-114l13.3,sich211114l13.3
25512,si:ch211-117i20.2,sich211117i20.2
25513,si:ch211-137j23.8,sich211137j23.8
25514,si:ch211-1f22.16,sich2111f22.16
25515,si:ch211-213b8.4,sich211213b8.4
25516,si:ch211-213d14.1,sich211213d14.1
25517,si:ch211-233f11.5,sich211233f11.5
25518,si:ch211-57m13.7,sich21157m13.7
25519,si:ch73-171o20.1,sich73171o20.1
25520,si:ch73-177h5.2,sich73177h5.2
25521,si:ch73-334d15.2,sich73334d15.2
25522,si:ch73-44m9.1,sich7344m9.1
25523,si:dkey-12f6.5,sidkey12f6.5
25524,si:dkey-16b10.2,sidkey16b10.2
25525,si:dkey-238j22.1,sidkey238j22.1
25526,si:dkey-68l7.2,sidkey68l7.2
25527,si:dkey-79f11.9,sidkey79f11.9
25528,si:dkey-93n13.3,sidkey93n13.3
25529,si:dkey-9a6.4,sidkey9a6.4
25530,si:rp71-1f1.4,sirp711f1.4
25531,socs1b,socs1b
25532,taar10b,taar10b
25533,taar19c,taar19c
25534,taar19g,taar19g
25535,tgm8,tgm8
25536,tradv10.0.2,tradv10.0.2
25537,tradv19.0,tradv19.0
25538,waif2,waif2
25539,zgc:158427,zgc158427
25540,zmp:0000000984,zmp0000000984
25541,znf1132,znf1132
25542,BX088547.1,BX088547.1
25543,BX119902.1,BX119902.1
25544,BX649641.4,BX649641.4
25545,BX784029.5,BX784029.5
25546,BX901918.2,BX901918.2
25547,BX936397.1,BX936397.1
25548,CR383669.1,CR383669.1
25549,CR533578.1,CR533578.1
25550,CR749163.2,CR749163.2
25551,CR759885.1,CR759885.1
25552,CU468012.1,CU468012.1
25553,CU469568.5,CU469568.5
25554,FP016142.5,FP016142.5
25555,aqp4,aqp4
25556,cldnj,cldnj
25557,dre-mir-193a-1,dre-mir-193a-1
25558,ighv4-3,ighv4-3
25559,rnasel4,rnasel4
25560,si:ch211-250m6.2,sich211250m6.2
25561,si:ch73-105b23.1,sich73105b23.1
25562,si:ch73-144d13.8,sich73144d13.8
25563,si:dkey-11o1.2,sidkey11o1.2
25564,si:dkey-125e8.5,sidkey125e8.5
25565,si:dkeyp-122a9.1,sidkeyp122a9.1
25566,taar10c,taar10c
25567,zgc:194906,zgc194906
25568,zhx2b,zhx2b
25569,AL845369.1,AL845369.1
25570,AL929523.1,AL929523.1
25571,AL954655.1,AL954655.1
25572,BX005419.1,BX005419.1
25573,BX072554.1,BX072554.1
25574,BX088596.2,BX088596.2
25575,BX323060.1,BX323060.1
25576,BX323458.2,BX323458.2
25577,BX469908.1,BX469908.1
25578,BX539307.3,BX539307.3
25579,BX569783.1,BX569783.1
25580,BX649471.2,BX649471.2
25581,BX649485.3,BX649485.3
25582,BX649608.2,BX649608.2
25583,BX842702.1,BX842702.1
25584,BX914220.1,BX914220.1
25585,BX957361.1,BX957361.1
25586,C12orf75,C12orf75
25587,CR352329.1,CR352329.1
25588,CR388172.1,CR388172.1
25589,CR450827.3,CR450827.3
25590,CR589941.1,CR589941.1
25591,CR678435.1,CR678435.1
25592,CR762390.1,CR762390.1
25593,CR786566.1,CR786566.1
25594,CR847973.1,CR847973.1
25595,CR848717.1,CR848717.1
25596,CR933839.1,CR933839.1
25597,CT027589.1,CT027589.1
25598,CT033825.1,CT033825.1
25599,CU075735.2,CU075735.2
25600,CU137681.3,CU137681.3
25601,CU179759.2,CU179759.2
25602,CU861501.1,CU861501.1
25603,CU914156.1,CU914156.1
25604,FP340257.2,FP340257.2
25605,FP565432.1,FP565432.1
25606,LO018106.1,LO018106.1
25607,LO018260.2,LO018260.2
25608,alox5b.1,alox5b.1
25609,btr22,btr22
25610,ca12,ca12
25611,ccl34b.3,ccl34b.3
25612,ch25hl1.2,ch25hl1.2
25613,chrm3b,chrm3b
25614,clec3bb,clec3bb
25615,cnga5,cnga5
25616,fndc4a,fndc4a
25617,ftr99,ftr99
25618,klhl10b.2,klhl10b.2
25619,nitr3r.1l,nitr3r.1l
25620,olfcg3,olfcg3
25621,olfcg5,olfcg5
25622,or106-3,or106-3
25623,or115-6,or115-6
25624,or118-3,or118-3
25625,or133-3,or133-3
25626,pimr142,pimr142
25627,pimr57,pimr57
25628,sat2a,sat2a
25629,scxb,scxb
25630,si:ch211-132b12.6,sich211132b12.6
25631,si:ch211-152f2.2,sich211152f2.2
25632,si:ch211-197g15.8,sich211197g15.8
25633,si:ch211-250k18.5,sich211250k18.5
25634,si:ch211-251g8.5,sich211251g8.5
25635,si:ch211-279g13.1,sich211279g13.1
25636,si:ch211-282j17.10,sich211282j17.10
25637,si:ch211-53m15.2,sich21153m15.2
25638,si:ch73-338d8.5,sich73338d8.5
25639,si:dkey-125e8.3,sidkey125e8.3
25640,si:dkey-14o6.4,sidkey14o6.4
25641,si:dkey-156k2.7,sidkey156k2.7
25642,si:dkey-188i13.8,sidkey188i13.8
25643,si:dkey-211g8.8,sidkey211g8.8
25644,si:dkey-23a13.12,sidkey23a13.12
25645,si:dkey-27d5.5,sidkey27d5.5
25646,si:dkeyp-107f9.2,sidkeyp107f9.2
25647,si:dkeyp-4h4.1,sidkeyp4h4.1
25648,si:dkeyp-77c8.2,sidkeyp77c8.2
25649,si:dkeyp-85h7.1,sidkeyp85h7.1
25650,slc26a3.1,slc26a3.1
25651,slc2a9l1,slc2a9l1
25652,taar19p,taar19p
25653,tcf23,tcf23
25654,tradv6.0.4,tradv6.0.4
25655,traj56,traj56
25656,v2rh1,v2rh1
25657,vtg4,vtg4
25658,znf1092,znf1092
25659,AL929457.2,AL929457.2
25660,AL954137.2,AL954137.2
25661,BX005128.1,BX005128.1
25662,BX323861.1,BX323861.1
25663,BX470214.1,BX470214.1
25664,BX511123.1,BX511123.1
25665,BX649295.2,BX649295.2
25666,BX649385.1,BX649385.1
25667,BX649502.3,BX649502.3
25668,BX664750.1,BX664750.1
25669,BX890608.1,BX890608.1
25670,BX908763.1,BX908763.1
25671,BX936421.1,BX936421.1
25672,BX957311.1,BX957311.1
25673,CABZ01032906.1,CABZ01032906.1
25674,CABZ01064248.1,CABZ01064248.1
25675,CABZ01077220.1,CABZ01077220.1
25676,CABZ01077555.1,CABZ01077555.1
25677,CR352209.2,CR352209.2
25678,CR381540.1,CR381540.1
25679,CR383662.6,CR383662.6
25680,CR388207.3,CR388207.3
25681,CR450814.1,CR450814.1
25682,CR545465.1,CR545465.1
25683,CR626884.4,CR626884.4
25684,CR626935.1,CR626935.1
25685,CR749164.1,CR749164.1
25686,CR786578.1,CR786578.1
25687,CR854897.1,CR854897.1
25688,CT574585.1,CT574585.1
25689,CU463109.1,CU463109.1
25690,CU571382.3,CU571382.3
25691,CU914776.2,CU914776.2
25692,FO393424.3,FO393424.3
25693,FP067425.1,FP067425.1
25694,FP102892.1,FP102892.1
25695,LO018493.1,LO018493.1
25696,adgrf11,adgrf11
25697,ankrd33bb,ankrd33bb
25698,best4,best4
25699,ccl27b,ccl27b
25700,cxcl32b.1,cxcl32b.1
25701,dre-let-7a-2,dre-let-7a-2
25702,dre-mir-24-1,dre-mir-24-1
25703,gig2g,gig2g
25704,gzma,gzma
25705,irgf2,irgf2
25706,klhl38a,klhl38a
25707,ly6m7,ly6m7
25708,opn8a,opn8a
25709,or109-7,or109-7
25710,or115-2,or115-2
25711,or126-2,or126-2
25712,or133-6,or133-6
25713,rock2bl,rock2bl
25714,scn4aa,scn4aa
25715,si:ch1073-440p11.2,sich1073440p11.2
25716,si:ch211-161m3.1,sich211161m3.1
25717,si:ch211-187g4.1,sich211187g4.1
25718,si:ch211-249h16.8,sich211249h16.8
25719,si:dkey-16p19.1,sidkey16p19.1
25720,si:dkey-201i6.8,sidkey201i6.8
25721,si:dkey-28i19.1,sidkey28i19.1
25722,si:dkey-40m6.14,sidkey40m6.14
25723,si:dkey-79d12.6,sidkey79d12.6
25724,taar12g,taar12g
25725,tor1l1,tor1l1
25726,v2rc2,v2rc2
25727,xcr1b.1,xcr1b.1
25728,AL929171.1,AL929171.1
25729,BX004873.1,BX004873.1
25730,BX005083.1,BX005083.1
25731,BX005153.1,BX005153.1
25732,BX005329.3,BX005329.3
25733,BX088712.2,BX088712.2
25734,BX255913.1,BX255913.1
25735,BX324126.1,BX324126.1
25736,BX470188.1,BX470188.1
25737,BX569790.2,BX569790.2
25738,BX640549.1,BX640549.1
25739,BX855614.2,BX855614.2
25740,CABZ01016118.1,CABZ01016118.1
25741,CABZ01040626.1,CABZ01040626.1
25742,CABZ01053748.1,CABZ01053748.1
25743,CABZ01058277.1,CABZ01058277.1
25744,CABZ01109021.1,CABZ01109021.1
25745,CR382337.1,CR382337.1
25746,CR392363.2,CR392363.2
25747,CR450686.4,CR450686.4
25748,CR450782.1,CR450782.1
25749,CR749777.1,CR749777.1
25750,CR812468.1,CR812468.1
25751,CR847504.1,CR847504.1
25752,CR848049.1,CR848049.1
25753,CR854927.1,CR854927.1
25754,CR932360.2,CR932360.2
25755,CT027582.2,CT027582.2
25756,CT027598.1,CT027598.1
25757,CT573103.2,CT573103.2
25758,CT955962.2,CT955962.2
25759,CU207241.1,CU207241.1
25760,CU459093.1,CU459093.1
25761,CU464180.1,CU464180.1
25762,CU469531.2,CU469531.2
25763,CU633785.1,CU633785.1
25764,CU633933.1,CU633933.1
25765,RF02250,RF02250
25766,SLC17A3,SLC17A3
25767,adra2db,adra2db
25768,dre-mir-10b-2,dre-mir-10b-2
25769,dre-mir-22a,dre-mir-22a
25770,dre-mir-365-2,dre-mir-365-2
25771,dre-mir-455-2,dre-mir-455-2
25772,gpr34b,gpr34b
25773,igl3v3,igl3v3
25774,insl5b,insl5b
25775,or106-12,or106-12
25776,or126-7,or126-7
25777,pimr125,pimr125
25778,pimr170,pimr170
25779,pimr209,pimr209
25780,pimr6,pimr6
25781,pku300,pku300
25782,prokr1b,prokr1b
25783,si:ch1073-209h18.1,sich1073209h18.1
25784,si:ch211-151m7.6,sich211151m7.6
25785,si:ch211-76m11.15,sich21176m11.15
25786,si:ch73-196i15.5,sich73196i15.5
25787,si:ch73-264i18.2,sich73264i18.2
25788,si:dkey-149i17.8,sidkey149i17.8
25789,si:dkey-157e10.8,sidkey157e10.8
25790,si:dkey-199k11.6,sidkey199k11.6
25791,si:dkey-222h21.8,sidkey222h21.8
25792,si:dkey-22l1.1,sidkey22l1.1
25793,si:dkey-33c3.1,sidkey33c3.1
25794,si:dkey-63b1.1,sidkey63b1.1
25795,si:dkey-79f11.10,sidkey79f11.10
25796,si:dkeyp-77c8.5,sidkeyp77c8.5
25797,slc12a1,slc12a1
25798,trgv2,trgv2
25799,AL627088.1,AL627088.1
25800,AL935184.3,AL935184.3
25801,AL954694.2,AL954694.2
25802,BX000463.1,BX000463.1
25803,BX005445.1,BX005445.1
25804,BX088603.1,BX088603.1
25805,BX294113.2,BX294113.2
25806,BX296552.1,BX296552.1
25807,BX323555.2,BX323555.2
25808,BX649282.2,BX649282.2
25809,BX649282.3,BX649282.3
25810,BX649431.1,BX649431.1
25811,BX649490.1,BX649490.1
25812,BX649559.2,BX649559.2
25813,BX649639.1,BX649639.1
25814,BX663611.1,BX663611.1
25815,BX677667.2,BX677667.2
25816,BX914214.2,BX914214.2
25817,BX927130.3,BX927130.3
25818,BX927136.1,BX927136.1
25819,BX950855.1,BX950855.1
25820,CABZ01042417.1,CABZ01042417.1
25821,CABZ01078663.1,CABZ01078663.1
25822,CABZ01101739.1,CABZ01101739.1
25823,CR293508.1,CR293508.1
25824,CR382294.2,CR382294.2
25825,CR385078.2,CR385078.2
25826,CR388052.2,CR388052.2
25827,CR388209.1,CR388209.1
25828,CR407561.1,CR407561.1
25829,CR456635.1,CR456635.1
25830,CR759791.1,CR759791.1
25831,CR759907.1,CR759907.1
25832,CR855375.1,CR855375.1
25833,CR931802.4,CR931802.4
25834,CT027631.1,CT027631.1
25835,CT033842.1,CT033842.1
25836,CT573003.1,CT573003.1
25837,CT583728.4,CT583728.4
25838,CU041346.1,CU041346.1
25839,CU179756.1,CU179756.1
25840,CU466285.2,CU466285.2
25841,CU607104.1,CU607104.1
25842,CU693440.1,CU693440.1
25843,CU695077.1,CU695077.1
25844,CU855711.1,CU855711.1
25845,CU929304.1,CU929304.1
25846,CU929307.1,CU929307.1
25847,CU929568.2,CU929568.2
25848,CU972454.3,CU972454.3
25849,TM4SF19,TM4SF19
25850,TMEM60,TMEM60
25851,crygm6,crygm6
25852,dlk2,dlk2
25853,drd2l,drd2l
25854,dre-let-7a-1,dre-let-7a-1
25855,dre-let-7d-1,dre-let-7d-1
25856,dre-let-7d-2,dre-let-7d-2
25857,dre-mir-218a-2,dre-mir-218a-2
25858,ftr32,ftr32
25859,gls2a,gls2a
25860,ighv8-2,ighv8-2
25861,irgf3,irgf3
25862,lgals9l5,lgals9l5
25863,loc564481,loc564481
25864,or102-2,or102-2
25865,or109-5,or109-5
25866,prf1.1,prf1.1
25867,prr7,prr7
25868,si:busm1-194e12.8,sibusm1194e12.8
25869,si:cabz01009626.1,sicabz01009626.1
25870,si:ch211-163b2.4,sich211163b2.4
25871,si:ch211-215e19.4,sich211215e19.4
25872,si:ch211-217k17.12,sich211217k17.12
25873,si:ch211-225k7.3,sich211225k7.3
25874,si:ch211-238p8.24,sich211238p8.24
25875,si:ch211-51i16.3,sich21151i16.3
25876,si:ch73-160i9.1,sich73160i9.1
25877,si:dkey-117a8.3,sidkey117a8.3
25878,si:dkey-11d18.4,sidkey11d18.4
25879,si:dkey-197j19.6,sidkey197j19.6
25880,si:dkey-3d18.5,sidkey3d18.5
25881,si:dkey-47k20.8,sidkey47k20.8
25882,si:dkey-83f18.10,sidkey83f18.10
25883,si:dkey-83f18.2,sidkey83f18.2
25884,si:dkeyp-104f11.8,sidkeyp104f11.8
25885,si:dkeyp-46h3.5,sidkeyp46h3.5
25886,taar19i,taar19i
25887,tlr21,tlr21
25888,tssk6,tssk6
25889,BX004996.1,BX004996.1
25890,BX085193.3,BX085193.3
25891,BX088696.1,BX088696.1
25892,BX088713.3,BX088713.3
25893,BX255897.1,BX255897.1
25894,BX296516.1,BX296516.1
25895,BX321875.2,BX321875.2
25896,BX323074.1,BX323074.1
25897,BX323543.3,BX323543.3
25898,BX324119.1,BX324119.1
25899,BX539321.1,BX539321.1
25900,BX640520.1,BX640520.1
25901,BX649315.1,BX649315.1
25902,BX649610.1,BX649610.1
25903,BX664750.2,BX664750.2
25904,BX927275.2,BX927275.2
25905,BX927288.1,BX927288.1
25906,BX936438.1,BX936438.1
25907,BX957276.1,BX957276.1
25908,BX957308.1,BX957308.1
25909,CABZ01003344.1,CABZ01003344.1
25910,CABZ01003476.1,CABZ01003476.1
25911,CABZ01050398.1,CABZ01050398.1
25912,CABZ01059406.1,CABZ01059406.1
25913,CR382334.1,CR382334.1
25914,CR394545.1,CR394545.1
25915,CR450686.2,CR450686.2
25916,CR559945.2,CR559945.2
25917,CR786582.2,CR786582.2
25918,CR854899.1,CR854899.1
25919,CT025651.1,CT025651.1
25920,CT573048.1,CT573048.1
25921,CU182107.1,CU182107.1
25922,CU457819.5,CU457819.5
25923,CU459147.1,CU459147.1
25924,CU464134.1,CU464134.1
25925,CU466287.1,CU466287.1
25926,CU570689.1,CU570689.1
25927,CU570800.4,CU570800.4
25928,CU861891.1,CU861891.1
25929,CU914617.2,CU914617.2
25930,FO904860.1,FO904860.1
25931,FP885542.1,FP885542.1
25932,LO018202.1,LO018202.1
25933,crha,crha
25934,dre-mir-125c,dre-mir-125c
25935,dre-mir-18a,dre-mir-18a
25936,ftr33,ftr33
25937,ftr34,ftr34
25938,ftr96,ftr96
25939,hykk.1,hykk.1
25940,igl4v8,igl4v8
25941,illr2,illr2
25942,mir196a-1,mir196a-1
25943,mir196d,mir196d
25944,or109-2,or109-2
25945,or111-8,or111-8
25946,or125-2,or125-2
25947,or131-1,or131-1
25948,paqr7a,paqr7a
25949,pcdh2ab3,pcdh2ab3
25950,pnck,pnck
25951,ptgfr,ptgfr
25952,si:ch211-117m20.4,sich211117m20.4
25953,si:ch211-178j18.4,sich211178j18.4
25954,si:ch211-208g24.8,sich211208g24.8
25955,si:ch211-209j12.1,sich211209j12.1
25956,si:ch211-220m17.4,sich211220m17.4
25957,si:ch211-238e22.2,sich211238e22.2
25958,si:ch73-54n14.2,sich7354n14.2
25959,si:dkey-161l11.79,sidkey161l11.79
25960,si:dkey-190j3.3,sidkey190j3.3
25961,si:dkey-199f5.3,sidkey199f5.3
25962,si:dkey-218h11.6,sidkey218h11.6
25963,si:dkey-42l23.1,sidkey42l23.1
25964,si:dkey-4p15.4,sidkey4p15.4
25965,si:dkeyp-104b3.1,sidkeyp104b3.1
25966,si:dkeyp-3f10.11,sidkeyp3f10.11
25967,si:zfos-1069f5.1,sizfos1069f5.1
25968,taar20g,taar20g
25969,taar20n,taar20n
25970,thrsp,thrsp
25971,tradv15.0,tradv15.0
25972,tradv29.0,tradv29.0
25973,zgc:136302,zgc136302
25974,zgc:153932,zgc153932
25975,zgc:165653,zgc165653
25976,znf985,znf985
25977,AL953866.1,AL953866.1
25978,AL954145.1,AL954145.1
25979,AL954848.2,AL954848.2
25980,BX004816.3,BX004816.3
25981,BX005156.1,BX005156.1
25982,BX248385.1,BX248385.1
25983,BX322587.2,BX322587.2
25984,BX323457.3,BX323457.3
25985,BX469930.2,BX469930.2
25986,BX530037.2,BX530037.2
25987,BX530037.3,BX530037.3
25988,BX571724.2,BX571724.2
25989,BX649508.1,BX649508.1
25990,BX784029.3,BX784029.3
25991,BX897741.1,BX897741.1
25992,BX936318.1,BX936318.1
25993,CABZ01068208.1,CABZ01068208.1
25994,CABZ01068209.1,CABZ01068209.1
25995,CABZ01074886.1,CABZ01074886.1
25996,CABZ01075611.1,CABZ01075611.1
25997,CR356223.2,CR356223.2
25998,CR385054.1,CR385054.1
25999,CR385065.1,CR385065.1
26000,CR391991.1,CR391991.1
26001,CR547131.1,CR547131.1
26002,CR558302.1,CR558302.1
26003,CT583728.26,CT583728.26
26004,CT997819.2,CT997819.2
26005,CU468826.1,CU468826.1
26006,CU861651.1,CU861651.1
26007,CU927887.1,CU927887.1
26008,FO704622.1,FO704622.1
26009,FP236850.1,FP236850.1
26010,LO018597.2,LO018597.2
26011,TRAV14DV4,TRAV14DV4
26012,cd40lg,cd40lg
26013,dre-mir-16a,dre-mir-16a
26014,dre-mir-184-2,dre-mir-184-2
26015,dre-mir-23a-3,dre-mir-23a-3
26016,dre-mir-740,dre-mir-740
26017,epm2a,epm2a
26018,fam8a1a,fam8a1a
26019,ftr95,ftr95
26020,or102-4,or102-4
26021,or124-4,or124-4
26022,si:ch211-145h19.3,sich211145h19.3
26023,si:ch211-202f3.4,sich211202f3.4
26024,si:ch211-207c7.2,sich211207c7.2
26025,si:ch73-256j6.6,sich73256j6.6
26026,si:dkey-151g22.1,sidkey151g22.1
26027,si:dkey-247i3.1,sidkey247i3.1
26028,si:dkey-266f7.10,sidkey266f7.10
26029,si:dkey-28d5.3,sidkey28d5.3
26030,si:dkey-28d5.4,sidkey28d5.4
26031,si:dkey-83f18.7,sidkey83f18.7
26032,taar13a,taar13a
26033,zmp:0000000606,zmp0000000606
26034,AL954137.1,AL954137.1
26035,AL954187.1,AL954187.1
26036,BX005068.1,BX005068.1
26037,BX255915.1,BX255915.1
26038,BX323064.2,BX323064.2
26039,BX323574.1,BX323574.1
26040,BX323586.1,BX323586.1
26041,BX323822.1,BX323822.1
26042,BX537280.1,BX537280.1
26043,BX539307.1,BX539307.1
26044,BX649468.1,BX649468.1
26045,BX649559.1,BX649559.1
26046,BX927394.2,BX927394.2
26047,BX950225.1,BX950225.1
26048,BX957260.1,BX957260.1
26049,CABZ01030278.1,CABZ01030278.1
26050,CABZ01047286.1,CABZ01047286.1
26051,CABZ01065416.1,CABZ01065416.1
26052,CR381544.2,CR381544.2
26053,CR383683.1,CR383683.1
26054,CR388163.1,CR388163.1
26055,CR626886.2,CR626886.2
26056,CR774184.1,CR774184.1
26057,CR790363.1,CR790363.1
26058,CR848742.1,CR848742.1
26059,CT030005.2,CT030005.2
26060,CT030712.1,CT030712.1
26061,CT583728.2,CT583728.2
26062,CU638702.1,CU638702.1
26063,CU693445.1,CU693445.1
26064,CU929149.1,CU929149.1
26065,CU984583.1,CU984583.1
26066,CU986305.1,CU986305.1
26067,FP085432.1,FP085432.1
26068,FP236594.1,FP236594.1
26069,FQ311879.2,FQ311879.2
26070,dre-mir-27c-1,dre-mir-27c-1
26071,dre-mir-456,dre-mir-456
26072,dre-mir-7149,dre-mir-7149
26073,ftr55,ftr55
26074,gpr20,gpr20
26075,pibf1,pibf1
26076,pimr173,pimr173
26077,pimr194,pimr194
26078,pimr80,pimr80
26079,sb:cb470,sbcb470
26080,si:ch1073-181h11.1,sich1073181h11.1
26081,si:ch211-132b12.4,sich211132b12.4
26082,si:ch211-203c5.3,sich211203c5.3
26083,si:ch211-215e19.3,sich211215e19.3
26084,si:ch211-280a23.2,sich211280a23.2
26085,si:ch73-211l2.3,sich73211l2.3
26086,si:ch73-27e22.7,sich7327e22.7
26087,si:ch73-379f5.5,sich73379f5.5
26088,si:dkey-145c18.2,sidkey145c18.2
26089,si:dkey-203a12.5,sidkey203a12.5
26090,si:dkey-263f15.2,sidkey263f15.2
26091,si:dkey-28d5.14,sidkey28d5.14
26092,si:dkey-47k20.7,sidkey47k20.7
26093,si:dkey-56m15.9,sidkey56m15.9
26094,tradv25.0.2,tradv25.0.2
26095,xcr1a.1,xcr1a.1
26096,zgc:194418,zgc194418
26097,znf1104,znf1104
26098,AL928657.2,AL928657.2
26099,BX005027.2,BX005027.2
26100,BX322587.1,BX322587.1
26101,BX322647.1,BX322647.1
26102,BX322657.4,BX322657.4
26103,BX323079.1,BX323079.1
26104,BX323876.1,BX323876.1
26105,BX510352.1,BX510352.1
26106,BX537118.1,BX537118.1
26107,BX539332.1,BX539332.1
26108,BX548075.2,BX548075.2
26109,BX571813.1,BX571813.1
26110,BX640408.1,BX640408.1
26111,BX640512.4,BX640512.4
26112,BX664721.2,BX664721.2
26113,BX908401.2,BX908401.2
26114,CABZ01011209.1,CABZ01011209.1
26115,CR318589.1,CR318589.1
26116,CR381676.1,CR381676.1
26117,CR383662.7,CR383662.7
26118,CR388042.2,CR388042.2
26119,CR556713.1,CR556713.1
26120,CR628341.1,CR628341.1
26121,CR790366.3,CR790366.3
26122,CR847984.2,CR847984.2
26123,CT955967.1,CT955967.1
26124,CU571061.1,CU571061.1
26125,CU638693.3,CU638693.3
26126,CU855758.3,CU855758.3
26127,FP102921.2,FP102921.2
26128,LO017656.2,LO017656.2
26129,RF00325,RF00325
26130,adgre17,adgre17
26131,crygs3,crygs3
26132,dre-mir-135a,dre-mir-135a
26133,dre-mir-301a,dre-mir-301a
26134,dre-mir-7146,dre-mir-7146
26135,dre-mir-730,dre-mir-730
26136,dre-mir-733,dre-mir-733
26137,ggt1l2.1,ggt1l2.1
26138,gpr132a,gpr132a
26139,mc5rb,mc5rb
26140,muc2.2,muc2.2
26141,olfcd2,olfcd2
26142,or102-1,or102-1
26143,or115-13,or115-13
26144,peak3,peak3
26145,prf1.8,prf1.8
26146,ptger1c,ptger1c
26147,rph3al,rph3al
26148,si:ch211-119d14.2,sich211119d14.2
26149,si:ch211-163c2.3,sich211163c2.3
26150,si:ch73-126o18.1,sich73126o18.1
26151,si:ch73-168d20.1,sich73168d20.1
26152,si:ch73-184c24.1,sich73184c24.1
26153,si:dkey-110k5.10,sidkey110k5.10
26154,si:dkey-156k2.8,sidkey156k2.8
26155,si:dkey-15f23.1,sidkey15f23.1
26156,si:dkey-19a16.11,sidkey19a16.11
26157,si:dkey-216e24.9,sidkey216e24.9
26158,si:dkey-6a5.3,sidkey6a5.3
26159,si:dkeyp-101e12.1,sidkeyp101e12.1
26160,si:dkeyp-13d12.16,sidkeyp13d12.16
26161,si:dkeyp-2e4.8,sidkeyp2e4.8
26162,si:dkeyp-30d6.2,sidkeyp30d6.2
26163,si:dkeyp-80c12.5,sidkeyp80c12.5
26164,si:dkeyp-93a5.3,sidkeyp93a5.3
26165,spaw,spaw
26166,taar16b,taar16b
26167,taar18d,taar18d
26168,taar18h,taar18h
26169,taar20f,taar20f
26170,taar20x,taar20x
26171,znf974,znf974
26172,AL953903.2,AL953903.2
26173,BX005442.1,BX005442.1
26174,BX548067.2,BX548067.2
26175,BX571786.1,BX571786.1
26176,BX855623.1,BX855623.1
26177,BX957357.1,BX957357.1
26178,CABZ01075078.1,CABZ01075078.1
26179,CABZ01075274.1,CABZ01075274.1
26180,CR936240.1,CR936240.1
26181,CT025913.1,CT025913.1
26182,CU855895.1,CU855895.1
26183,RF00417,RF00417
26184,TLR8,TLR8
26185,dre-let-7j,dre-let-7j
26186,dre-mir-26a-1,dre-mir-26a-1
26187,ftr57,ftr57
26188,nlrb5,nlrb5
26189,or115-5,or115-5
26190,si:ch211-284e13.9,sich211284e13.9
26191,si:ch211-37e10.1,sich21137e10.1
26192,si:ch73-243b8.4,sich73243b8.4
26193,si:ch73-94k4.3,sich7394k4.3
26194,si:dkey-16p6.4,sidkey16p6.4
26195,si:dkey-21e2.12,sidkey21e2.12
26196,si:dkey-234i14.12,sidkey234i14.12
26197,si:dkey-28i19.4,sidkey28i19.4
26198,si:dkey-40j3.3,sidkey40j3.3
26199,si:dkey-68o6.8,sidkey68o6.8
26200,tlr20.1,tlr20.1
26201,tradv18.0,tradv18.0
26202,BX005396.4,BX005396.4
26203,BX248521.1,BX248521.1
26204,BX548018.1,BX548018.1
26205,BX548032.1,BX548032.1
26206,BX569790.1,BX569790.1
26207,BX572622.1,BX572622.1
26208,CABZ01024848.1,CABZ01024848.1
26209,CABZ01103870.1,CABZ01103870.1
26210,CR382296.1,CR382296.1
26211,CR388373.1,CR388373.1
26212,CR407598.2,CR407598.2
26213,CR749763.3,CR749763.3
26214,CR936403.1,CR936403.1
26215,CT025775.1,CT025775.1
26216,CT956066.1,CT956066.1
26217,CT990561.2,CT990561.2
26218,CU550719.2,CU550719.2
26219,CU565528.1,CU565528.1
26220,CU693494.1,CU693494.1
26221,CU855694.1,CU855694.1
26222,CU928069.1,CU928069.1
26223,CU929379.1,CU929379.1
26224,RF02209,RF02209
26225,c3a.5,c3a.5
26226,dre-mir-375-1,dre-mir-375-1
26227,dre-mir-489,dre-mir-489
26228,gpr17,gpr17
26229,ifit15,ifit15
26230,il17a/f1,il17af1
26231,kcnj2b,kcnj2b
26232,nitr1m,nitr1m
26233,pigrl4.2,pigrl4.2
26234,pimr107,pimr107
26235,pimr136,pimr136
26236,pimr143,pimr143
26237,prlhr2b,prlhr2b
26238,rhoga,rhoga
26239,si:ch211-122h15.4,sich211122h15.4
26240,si:ch211-209n20.59,sich211209n20.59
26241,si:ch211-239d6.2,sich211239d6.2
26242,si:ch211-256e16.7,sich211256e16.7
26243,si:dkey-23f9.9,sidkey23f9.9
26244,si:dkeyp-104b3.2,sidkeyp104b3.2
26245,sycn.1,sycn.1
26246,taar1b,taar1b
26247,wu:fj20b03,wufj20b03
26248,znf1036,znf1036
26249,znf1039,znf1039
26250,AL928870.1,AL928870.1
26251,AL954767.1,AL954767.1
26252,BX005461.2,BX005461.2
26253,BX248517.1,BX248517.1
26254,BX323461.1,BX323461.1
26255,BX465848.2,BX465848.2
26256,BX547930.4,BX547930.4
26257,BX571794.1,BX571794.1
26258,BX571825.9,BX571825.9
26259,BX649328.2,BX649328.2
26260,BX927413.1,BX927413.1
26261,BX957344.1,BX957344.1
26262,CR626923.1,CR626923.1
26263,CR854897.2,CR854897.2
26264,CT574587.1,CT574587.1
26265,CU929339.2,CU929339.2
26266,FP236157.3,FP236157.3
26267,dre-mir-205,dre-mir-205
26268,hccsa.2,hccsa.2
26269,lmod2a,lmod2a
26270,mettl11b,mettl11b
26271,nitr11a,nitr11a
26272,or115-14,or115-14
26273,pimr120,pimr120
26274,si:ch211-209f22.3,sich211209f22.3
26275,si:ch211-223a21.6,sich211223a21.6
26276,si:ch211-256e16.8,sich211256e16.8
26277,si:ch211-57m13.10,sich21157m13.10
26278,si:ch73-113g13.3,sich73113g13.3
26279,si:dkey-163m14.4,sidkey163m14.4
26280,si:dkey-211i20.5,sidkey211i20.5
26281,si:dkey-237m9.2,sidkey237m9.2
26282,si:dkey-23f9.11,sidkey23f9.11
26283,si:dkey-285e18.2,sidkey285e18.2
26284,si:dkeyp-110c12.3,sidkeyp110c12.3
26285,znf1046,znf1046
26286,znf1056,znf1056
26287,AL831745.3,AL831745.3
26288,AL845365.1,AL845365.1
26289,AL845369.2,AL845369.2
26290,AL929222.1,AL929222.1
26291,AL935144.1,AL935144.1
26292,BX000524.3,BX000524.3
26293,BX005064.1,BX005064.1
26294,BX005442.2,BX005442.2
26295,BX279523.3,BX279523.3
26296,BX293991.1,BX293991.1
26297,BX322614.1,BX322614.1
26298,BX510337.1,BX510337.1
26299,BX510928.1,BX510928.1
26300,BX511066.2,BX511066.2
26301,BX511080.1,BX511080.1
26302,BX511121.1,BX511121.1
26303,BX530064.1,BX530064.1
26304,BX537156.1,BX537156.1
26305,BX571701.3,BX571701.3
26306,BX649431.3,BX649431.3
26307,BX649487.1,BX649487.1
26308,BX681417.11,BX681417.11
26309,BX681417.20,BX681417.20
26310,BX681417.8,BX681417.8
26311,BX784029.1,BX784029.1
26312,BX784029.2,BX784029.2
26313,BX908388.1,BX908388.1
26314,BX914205.2,BX914205.2
26315,BX936406.2,BX936406.2
26316,CABZ01055489.1,CABZ01055489.1
26317,CABZ01084340.1,CABZ01084340.1
26318,CR356233.2,CR356233.2
26319,CR381621.1,CR381621.1
26320,CR382327.1,CR382327.1
26321,CR385078.3,CR385078.3
26322,CR391910.2,CR391910.2
26323,CR391978.1,CR391978.1
26324,CR392330.1,CR392330.1
26325,CR396590.9,CR396590.9
26326,CR450738.1,CR450738.1
26327,CR457444.6,CR457444.6
26328,CR792453.1,CR792453.1
26329,CR792453.3,CR792453.3
26330,CR846087.2,CR846087.2
26331,CR847899.1,CR847899.1
26332,CR847944.1,CR847944.1
26333,CR853294.1,CR853294.1
26334,CR855393.2,CR855393.2
26335,CR925728.2,CR925728.2
26336,CR925802.1,CR925802.1
26337,CR932983.1,CR932983.1
26338,CT027772.2,CT027772.2
26339,CT573006.2,CT573006.2
26340,CT573231.1,CT573231.1
26341,CT573446.1,CT573446.1
26342,CT573793.1,CT573793.1
26343,CU013526.1,CU013526.1
26344,CU467880.1,CU467880.1
26345,CU896644.1,CU896644.1
26346,CU929145.1,CU929145.1
26347,FO907110.1,FO907110.1
26348,FP236161.1,FP236161.1
26349,RF00553,RF00553
26350,adgre15,adgre15
26351,adm2b,adm2b
26352,cd8a,cd8a
26353,crhr2,crhr2
26354,cryaba,cryaba
26355,crygm1,crygm1
26356,crygs1,crygs1
26357,cyp2k21,cyp2k21
26358,dicp1.17,dicp1.17
26359,dre-mir-34b,dre-mir-34b
26360,enpp7.2,enpp7.2
26361,ftr22,ftr22
26362,gna14a,gna14a
26363,ifng1-1,ifng1-1
26364,ighv5-2,ighv5-2
26365,ighv7-1,ighv7-1
26366,il22ra2,il22ra2
26367,lgals9l4,lgals9l4
26368,mov10b.2,mov10b.2
26369,nitr1i,nitr1i
26370,nitr1k,nitr1k
26371,nkd3l,nkd3l
26372,nmur1b,nmur1b
26373,or115-10,or115-10
26374,or137-2,or137-2
26375,pimr137,pimr137
26376,pimr28,pimr28
26377,pimr64,pimr64
26378,prf1.2,prf1.2
26379,ptprjb.2,ptprjb.2
26380,si:busm1-228j01.4,sibusm1228j01.4
26381,si:ch211-117c19.1,sich211117c19.1
26382,si:ch211-125e6.14,sich211125e6.14
26383,si:ch211-150d5.3,sich211150d5.3
26384,si:ch211-163m17.4,sich211163m17.4
26385,si:ch211-182p11.1,sich211182p11.1
26386,si:ch211-186e20.2,sich211186e20.2
26387,si:ch211-1f22.14,sich2111f22.14
26388,si:ch211-225k7.2,sich211225k7.2
26389,si:ch211-225k7.4,sich211225k7.4
26390,si:ch211-225k7.6,sich211225k7.6
26391,si:ch211-231m23.4,sich211231m23.4
26392,si:ch211-234p6.9,sich211234p6.9
26393,si:ch211-250m6.4,sich211250m6.4
26394,si:ch211-265g22.4,sich211265g22.4
26395,si:ch211-282j17.3,sich211282j17.3
26396,si:ch211-282j17.5,sich211282j17.5
26397,si:ch211-57m13.1,sich21157m13.1
26398,si:ch211-76m11.7,sich21176m11.7
26399,si:ch73-106k19.5,sich73106k19.5
26400,si:ch73-122g19.1,sich73122g19.1
26401,si:ch73-265h17.2,sich73265h17.2
26402,si:ch73-359m17.6,sich73359m17.6
26403,si:ch73-380l3.2,sich73380l3.2
26404,si:ch73-44m9.5,sich7344m9.5
26405,si:dkey-125e8.4,sidkey125e8.4
26406,si:dkey-161l11.75,sidkey161l11.75
26407,si:dkey-172o10.8,sidkey172o10.8
26408,si:dkey-192d15.3,sidkey192d15.3
26409,si:dkey-201i2.4,sidkey201i2.4
26410,si:dkey-201l21.4,sidkey201l21.4
26411,si:dkey-203a12.2,sidkey203a12.2
26412,si:dkey-203a12.3,sidkey203a12.3
26413,si:dkey-203a12.7,sidkey203a12.7
26414,si:dkey-203a12.8,sidkey203a12.8
26415,si:dkey-21e2.14,sidkey21e2.14
26416,si:dkey-222h21.12,sidkey222h21.12
26417,si:dkey-238d18.8,sidkey238d18.8
26418,si:dkey-241l7.6,sidkey241l7.6
26419,si:dkey-261o4.9,sidkey261o4.9
26420,si:dkey-26i13.6,sidkey26i13.6
26421,si:dkey-27d5.4,sidkey27d5.4
26422,si:dkey-27j5.10,sidkey27j5.10
26423,si:dkey-28d5.1,sidkey28d5.1
26424,si:dkey-28d5.12,sidkey28d5.12
26425,si:dkey-28d5.8,sidkey28d5.8
26426,si:dkey-77g12.4,sidkey77g12.4
26427,si:dkey-78l4.7,sidkey78l4.7
26428,si:dkey-79i2.4,sidkey79i2.4
26429,si:dkey-81n2.2,sidkey81n2.2
26430,si:dkey-83f18.6,sidkey83f18.6
26431,si:dkey-83f18.8,sidkey83f18.8
26432,si:dkey-83f18.9,sidkey83f18.9
26433,si:dkey-85k7.10,sidkey85k7.10
26434,si:dkeyp-13d12.11,sidkeyp13d12.11
26435,si:dkeyp-75b4.9,sidkeyp75b4.9
26436,si:dkeyp-77c8.3,sidkeyp77c8.3
26437,si:rp71-23d18.4,sirp7123d18.4
26438,si:zfos-367g9.1,sizfos367g9.1
26439,spic,spic
26440,ssuh2.3,ssuh2.3
26441,taar12b,taar12b
26442,taar12m,taar12m
26443,taar20j,taar20j
26444,tlr20.4,tlr20.4
26445,tlr4al,tlr4al
26446,tradv17.0,tradv17.0
26447,tradv24.0.2,tradv24.0.2
26448,traj32,traj32
26449,traj43,traj43
26450,traj47,traj47
26451,traj5,traj5
26452,trgv1,trgv1
26453,trgv7,trgv7
26454,trim35-22,trim35-22
26455,ugt1b4,ugt1b4
26456,v2ra20,v2ra20
26457,zgc:162060,zgc162060
26458,znf1030,znf1030
26459,znf1089,znf1089
26460,AL808121.1,AL808121.1
26461,AL929105.1,AL929105.1
26462,AL953903.3,AL953903.3
26463,AL954320.1,AL954320.1
26464,BX000524.2,BX000524.2
26465,BX005129.2,BX005129.2
26466,BX005396.1,BX005396.1
26467,BX120006.3,BX120006.3
26468,BX248131.1,BX248131.1
26469,BX276088.1,BX276088.1
26470,BX276117.1,BX276117.1
26471,BX294661.1,BX294661.1
26472,BX323060.2,BX323060.2
26473,BX323889.1,BX323889.1
26474,BX510938.4,BX510938.4
26475,BX511067.1,BX511067.1
26476,BX537249.1,BX537249.1
26477,BX547930.1,BX547930.1
26478,BX548078.1,BX548078.1
26479,BX649300.2,BX649300.2
26480,BX649502.4,BX649502.4
26481,BX681417.21,BX681417.21
26482,BX908792.2,BX908792.2
26483,BX957346.2,BX957346.2
26484,CR293532.1,CR293532.1
26485,CR376766.1,CR376766.1
26486,CR388079.2,CR388079.2
26487,CR392001.3,CR392001.3
26488,CR392012.1,CR392012.1
26489,CR456628.2,CR456628.2
26490,CR457444.5,CR457444.5
26491,CR735121.1,CR735121.1
26492,CR759882.1,CR759882.1
26493,CR847530.2,CR847530.2
26494,CR847944.3,CR847944.3
26495,CR848746.1,CR848746.1
26496,CT027791.1,CT027791.1
26497,CT573467.1,CT573467.1
26498,CU075735.1,CU075735.1
26499,CU182107.2,CU182107.2
26500,FP085399.3,FP085399.3
26501,FP102843.1,FP102843.1
26502,LO017791.1,LO017791.1
26503,crygm7,crygm7
26504,cxl34c,cxl34c
26505,dre-mir-1388,dre-mir-1388
26506,fam19a4a,fam19a4a
26507,fam81b,fam81b
26508,ftr11,ftr11
26509,nitr13,nitr13
26510,or137-7,or137-7
26511,pimr133,pimr133
26512,sc:d0202,scd0202
26513,si:ch211-133n4.11,sich211133n4.11
26514,si:ch211-188c18.1,sich211188c18.1
26515,si:ch211-1f22.11,sich2111f22.11
26516,si:ch211-212k18.13,sich211212k18.13
26517,si:ch211-225k7.5,sich211225k7.5
26518,si:ch211-271e10.6,sich211271e10.6
26519,si:dkey-220o5.5,sidkey220o5.5
26520,si:dkey-241l7.5,sidkey241l7.5
26521,si:dkey-264f17.3,sidkey264f17.3
26522,si:dkey-42l16.1,sidkey42l16.1
26523,si:dkey-78l4.8,sidkey78l4.8
26524,si:dkey-88n24.8,sidkey88n24.8
26525,si:dkey-96n2.3,sidkey96n2.3
26526,si:dkeyp-82a1.3,sidkeyp82a1.3
26527,si:zfos-405g10.4,sizfos405g10.4
26528,slc6a4b,slc6a4b
26529,taar18i,taar18i
26530,taar20a1,taar20a1
26531,tradv22.0,tradv22.0
26532,tradv24.0.3,tradv24.0.3
26533,tradv3.0.4,tradv3.0.4
26534,tradv31.0,tradv31.0
26535,traj31,traj31
26536,traj37,traj37
26537,v2ra16,v2ra16
26538,AL928685.3,AL928685.3
26539,AL929586.1,AL929586.1
26540,AL953907.1,AL953907.1
26541,BX005283.1,BX005283.1
26542,BX120005.2,BX120005.2
26543,BX323038.1,BX323038.1
26544,BX323064.1,BX323064.1
26545,BX510986.1,BX510986.1
26546,BX511132.2,BX511132.2
26547,BX571825.2,BX571825.2
26548,BX682557.2,BX682557.2
26549,BX901930.2,BX901930.2
26550,BX950868.3,BX950868.3
26551,CABZ01010830.1,CABZ01010830.1
26552,CR385053.2,CR385053.2
26553,CR388168.1,CR388168.1
26554,CR391995.1,CR391995.1
26555,CR396590.5,CR396590.5
26556,CR457444.3,CR457444.3
26557,CR626889.1,CR626889.1
26558,CR846087.3,CR846087.3
26559,CR936974.1,CR936974.1
26560,CT573204.1,CT573204.1
26561,CU210845.1,CU210845.1
26562,CU570881.1,CU570881.1
26563,CU571382.4,CU571382.4
26564,CU929203.1,CU929203.1
26565,CU929262.1,CU929262.1
26566,FP236356.2,FP236356.2
26567,cdh28,cdh28
26568,dre-mir-137-1,dre-mir-137-1
26569,dre-mir-429a,dre-mir-429a
26570,gas2l2,gas2l2
26571,gpr171,gpr171
26572,ly6m4,ly6m4
26573,mir1-1,mir1-1
26574,mtnr1al,mtnr1al
26575,or115-8,or115-8
26576,or133-4,or133-4
26577,si:ch211-149o24.4,sich211149o24.4
26578,si:ch211-1a19.2,sich2111a19.2
26579,si:ch211-226m16.3,sich211226m16.3
26580,si:ch211-261n11.3,sich211261n11.3
26581,si:ch211-271e10.3,sich211271e10.3
26582,si:dkey-238o14.7,sidkey238o14.7
26583,si:dkey-26i13.4,sidkey26i13.4
26584,si:dkey-27d5.14,sidkey27d5.14
26585,si:dkey-27j5.8,sidkey27j5.8
26586,si:dkey-49c17.4,sidkey49c17.4
26587,si:dkey-58b18.8,sidkey58b18.8
26588,si:dkey-78l4.4,sidkey78l4.4
26589,si:dkey-78o7.3,sidkey78o7.3
26590,si:dkey-88n24.6,sidkey88n24.6
26591,si:dkeyp-80c12.8,sidkeyp80c12.8
26592,taar19f,taar19f
26593,tradv1,tradv1
26594,trgv3,trgv3
26595,zgc:174719,zgc174719
26596,AL845419.1,AL845419.1
26597,BX005012.1,BX005012.1
26598,BX296562.1,BX296562.1
26599,BX323543.1,BX323543.1
26600,BX323807.1,BX323807.1
26601,BX323854.2,BX323854.2
26602,BX324194.2,BX324194.2
26603,BX470185.2,BX470185.2
26604,BX530407.7,BX530407.7
26605,BX537338.1,BX537338.1
26606,BX547993.2,BX547993.2
26607,BX571825.3,BX571825.3
26608,BX663525.1,BX663525.1
26609,BX784032.1,BX784032.1
26610,BX908776.1,BX908776.1
26611,BX927082.1,BX927082.1
26612,BX927164.1,BX927164.1
26613,BX957325.1,BX957325.1
26614,CABZ01053221.1,CABZ01053221.1
26615,CABZ01054509.1,CABZ01054509.1
26616,CR382281.1,CR382281.1
26617,CR384061.1,CR384061.1
26618,CR384089.1,CR384089.1
26619,CR392341.2,CR392341.2
26620,CR478288.1,CR478288.1
26621,CR812836.1,CR812836.1
26622,CR847970.1,CR847970.1
26623,CR925720.1,CR925720.1
26624,CR936968.1,CR936968.1
26625,CT027756.2,CT027756.2
26626,CT573337.2,CT573337.2
26627,CT961047.1,CT961047.1
26628,CU074310.1,CU074310.1
26629,CU207238.1,CU207238.1
26630,CU469314.1,CU469314.1
26631,CU469541.1,CU469541.1
26632,CU571382.5,CU571382.5
26633,CU633978.1,CU633978.1
26634,CU929203.2,CU929203.2
26635,FP017279.1,FP017279.1
26636,LO018437.1,LO018437.1
26637,RF00270,RF00270
26638,cdk21,cdk21
26639,dre-mir-455-1,dre-mir-455-1
26640,dre-mir-732,dre-mir-732
26641,gig2f,gig2f
26642,mchr1a,mchr1a
26643,mir196c,mir196c
26644,nitr2a,nitr2a
26645,or126-3,or126-3
26646,or128-2,or128-2
26647,prss56,prss56
26648,si:ch211-246b8.5,sich211246b8.5
26649,si:ch211-282j17.11,sich211282j17.11
26650,si:ch73-106l15.2,sich73106l15.2
26651,si:ch73-265h17.1,sich73265h17.1
26652,si:ch73-281i18.3,sich73281i18.3
26653,si:ch73-7i4.3,sich737i4.3
26654,si:dkey-10h3.7,sidkey10h3.7
26655,si:dkey-182o15.5,sidkey182o15.5
26656,si:dkey-238d18.10,sidkey238d18.10
26657,si:dkey-29j8.1,sidkey29j8.1
26658,taar18e,taar18e
26659,taar19b,taar19b
26660,taar19u,taar19u
26661,tlr19,tlr19
26662,tradv20.0,tradv20.0
26663,tradv36.2.12,tradv36.2.12
26664,tradv5.0.1,tradv5.0.1
26665,znf1138,znf1138
26666,AL627305.2,AL627305.2
26667,AL844185.1,AL844185.1
26668,BX000981.1,BX000981.1
26669,BX088688.3,BX088688.3
26670,BX323812.2,BX323812.2
26671,BX465838.1,BX465838.1
26672,BX510360.1,BX510360.1
26673,BX546473.1,BX546473.1
26674,BX548075.1,BX548075.1
26675,BX571809.1,BX571809.1
26676,BX571825.7,BX571825.7
26677,BX601644.1,BX601644.1
26678,BX640520.3,BX640520.3
26679,BX649518.1,BX649518.1
26680,BX649556.1,BX649556.1
26681,BX681417.14,BX681417.14
26682,BX908756.1,BX908756.1
26683,CR318620.1,CR318620.1
26684,CR354398.1,CR354398.1
26685,CR381657.1,CR381657.1
26686,CR388047.3,CR388047.3
26687,CR388165.2,CR388165.2
26688,CR392001.2,CR392001.2
26689,CR394546.1,CR394546.1
26690,CR405687.1,CR405687.1
26691,CR450833.1,CR450833.1
26692,CR559930.1,CR559930.1
26693,CR854927.4,CR854927.4
26694,CT583662.1,CT583662.1
26695,CU207301.2,CU207301.2
26696,CU394253.1,CU394253.1
26697,CU468012.2,CU468012.2
26698,CU672228.1,CU672228.1
26699,CU694999.1,CU694999.1
26700,CU855906.1,CU855906.1
26701,CU896602.1,CU896602.1
26702,FO704724.1,FO704724.1
26703,FP016018.3,FP016018.3
26704,FP016239.2,FP016239.2
26705,FP102794.2,FP102794.2
26706,FQ378040.1,FQ378040.1
26707,cbln2a,cbln2a
26708,dre-let-7a-6,dre-let-7a-6
26709,dre-mir-155,dre-mir-155
26710,dre-mir-2192,dre-mir-2192
26711,dre-mir-462,dre-mir-462
26712,fgf6b,fgf6b
26713,fndc7rs3,fndc7rs3
26714,ggt1l2.2,ggt1l2.2
26715,oxgr1a.2,oxgr1a.2
26716,pimr21,pimr21
26717,pimr54,pimr54
26718,pimr82,pimr82
26719,si:ch211-156l18.6,sich211156l18.6
26720,si:ch211-1f22.13,sich2111f22.13
26721,si:ch73-194h10.3,sich73194h10.3
26722,si:ch73-343l4.3,sich73343l4.3
26723,si:dkey-117a8.2,sidkey117a8.2
26724,si:dkey-191j3.1,sidkey191j3.1
26725,si:dkey-21h14.10,sidkey21h14.10
26726,si:dkey-238d18.9,sidkey238d18.9
26727,si:dkey-42l23.6,sidkey42l23.6
26728,si:dkey-78l4.12,sidkey78l4.12
26729,si:dkey-88e12.3,sidkey88e12.3
26730,taar14g,taar14g
26731,taar20b,taar20b
26732,tradv2.0.2,tradv2.0.2
26733,tradv3.0.1,tradv3.0.1
26734,traj17,traj17
26735,traj44,traj44
26736,trdj1,trdj1
26737,umod,umod
26738,v2rh12,v2rh12
26739,zgc:193593,zgc193593
26740,AL929307.1,AL929307.1
26741,AL935294.1,AL935294.1
26742,AL954149.1,AL954149.1
26743,BX248322.1,BX248322.1
26744,BX255897.2,BX255897.2
26745,BX548173.2,BX548173.2
26746,BX649502.10,BX649502.10
26747,BX664605.1,BX664605.1
26748,BX681417.5,BX681417.5
26749,CABZ01012962.1,CABZ01012962.1
26750,CABZ01022564.1,CABZ01022564.1
26751,CABZ01058107.1,CABZ01058107.1
26752,CABZ01067002.1,CABZ01067002.1
26753,CABZ01101996.1,CABZ01101996.1
26754,CR318646.2,CR318646.2
26755,CR626884.3,CR626884.3
26756,CR749763.1,CR749763.1
26757,CR769769.3,CR769769.3
26758,CR788249.3,CR788249.3
26759,CR847545.1,CR847545.1
26760,CU672228.2,CU672228.2
26761,CU927934.1,CU927934.1
26762,CU928071.1,CU928071.1
26763,FP103048.1,FP103048.1
26764,FP340271.1,FP340271.1
26765,dre-mir-125b-2,dre-mir-125b-2
26766,dre-mir-17a-2,dre-mir-17a-2
26767,dre-mir-27b,dre-mir-27b
26768,dre-mir-27e,dre-mir-27e
26769,ighv4-2,ighv4-2
26770,igl3v5,igl3v5
26771,il17ra1b,il17ra1b
26772,mstna,mstna
26773,p2ry2.3,p2ry2.3
26774,si:cabz01040626.2,sicabz01040626.2
26775,si:ch211-1f22.9,sich2111f22.9
26776,si:ch211-284d12.3,sich211284d12.3
26777,si:ch211-285c6.5,sich211285c6.5
26778,si:ch211-8c17.3,sich2118c17.3
26779,si:ch73-160i9.3,sich73160i9.3
26780,si:ch73-343l4.5,sich73343l4.5
26781,si:dkey-11o15.8,sidkey11o15.8
26782,si:dkey-149i17.11,sidkey149i17.11
26783,si:dkey-159n16.4,sidkey159n16.4
26784,si:dkey-176f19.7,sidkey176f19.7
26785,si:dkey-21e2.8,sidkey21e2.8
26786,si:dkey-21h14.3,sidkey21h14.3
26787,si:dkey-222h21.11,sidkey222h21.11
26788,si:dkey-83f18.5,sidkey83f18.5
26789,si:dkeyp-13d12.17,sidkeyp13d12.17
26790,traj26,traj26
26791,traj59,traj59
26792,trgv6,trgv6
26793,znf1088,znf1088
26794,AL732515.1,AL732515.1
26795,AL929345.1,AL929345.1
26796,AL935117.1,AL935117.1
26797,BX000364.1,BX000364.1
26798,BX000696.2,BX000696.2
26799,BX323876.2,BX323876.2
26800,BX465853.1,BX465853.1
26801,BX469910.2,BX469910.2
26802,BX470154.1,BX470154.1
26803,BX649242.1,BX649242.1
26804,BX649471.1,BX649471.1
26805,BX901889.1,BX901889.1
26806,BX908800.1,BX908800.1
26807,BX927374.1,BX927374.1
26808,CABZ01007829.1,CABZ01007829.1
26809,CABZ01030282.1,CABZ01030282.1
26810,CABZ01046407.1,CABZ01046407.1
26811,CABZ01046425.1,CABZ01046425.1
26812,CABZ01050105.2,CABZ01050105.2
26813,CABZ01081897.1,CABZ01081897.1
26814,CR354538.1,CR354538.1
26815,CR356223.1,CR356223.1
26816,CR388413.1,CR388413.1
26817,CR847509.1,CR847509.1
26818,CT737131.1,CT737131.1
26819,CU633804.1,CU633804.1
26820,CU861476.1,CU861476.1
26821,FO818704.1,FO818704.1
26822,FO904836.1,FO904836.1
26823,LO017721.1,LO017721.1
26824,LO018020.3,LO018020.3
26825,RF00560,RF00560
26826,adgre19,adgre19
26827,cx39.9,cx39.9
26828,cycsa,cycsa
26829,dre-mir-2187,dre-mir-2187
26830,gdf2,gdf2
26831,ighj1-2,ighj1-2
26832,igl3v4,igl3v4
26833,or106-9,or106-9
26834,pimr201,pimr201
26835,pimr83,pimr83
26836,si:ch211-117l17.7,sich211117l17.7
26837,si:ch211-152f2.3,sich211152f2.3
26838,si:ch211-154a22.8,sich211154a22.8
26839,si:ch211-163m16.7,sich211163m16.7
26840,si:ch211-191c10.3,sich211191c10.3
26841,si:ch211-227p7.1,sich211227p7.1
26842,si:ch73-93k15.5,sich7393k15.5
26843,si:dkey-11o15.10,sidkey11o15.10
26844,si:dkey-31m5.5,sidkey31m5.5
26845,si:dkeyp-67e1.3,sidkeyp67e1.3
26846,taar20d1,taar20d1
26847,tbxtb,tbxtb
26848,tradv10.0.5,tradv10.0.5
26849,tradv26.0,tradv26.0
26850,tradv3.0.3,tradv3.0.3
26851,tradv7.0,tradv7.0
26852,v2rh7,v2rh7
26853,znf1080,znf1080
26854,AL929023.1,AL929023.1
26855,BX000434.1,BX000434.1
26856,BX001050.1,BX001050.1
26857,BX005254.2,BX005254.2
26858,BX470224.3,BX470224.3
26859,BX548061.1,BX548061.1
26860,BX571940.1,BX571940.1
26861,BX649533.1,BX649533.1
26862,BX681416.1,BX681416.1
26863,BX897670.1,BX897670.1
26864,BX927068.2,BX927068.2
26865,BX927335.1,BX927335.1
26866,CABZ01044765.1,CABZ01044765.1
26867,CABZ01049362.1,CABZ01049362.1
26868,CR354444.2,CR354444.2
26869,CT025909.1,CT025909.1
26870,CT583728.25,CT583728.25
26871,CU466285.1,CU466285.1
26872,CU467633.3,CU467633.3
26873,CU467856.3,CU467856.3
26874,CU571077.1,CU571077.1
26875,CU929317.2,CU929317.2
26876,CU929568.1,CU929568.1
26877,FO904997.1,FO904997.1
26878,FP103007.1,FP103007.1
26879,RF00286,RF00286
26880,TSC22D3,TSC22D3
26881,adgre5a,adgre5a
26882,clca5.1,clca5.1
26883,defbl3,defbl3
26884,dicp2.2,dicp2.2
26885,kcnj1a.4,kcnj1a.4
26886,pimr159,pimr159
26887,si:ch211-112b1.2,sich211112b1.2
26888,si:ch211-11c3.11,sich21111c3.11
26889,si:ch211-135n15.1,sich211135n15.1
26890,si:ch211-1f22.10,sich2111f22.10
26891,si:ch211-273k1.5,sich211273k1.5
26892,si:ch211-9d9.8,sich2119d9.8
26893,si:dkey-174k12.3,sidkey174k12.3
26894,si:dkey-181m19.17,sidkey181m19.17
26895,si:dkey-204f11.3,sidkey204f11.3
26896,si:dkey-205i10.2,sidkey205i10.2
26897,si:dkey-217m5.8,sidkey217m5.8
26898,si:dkey-234i14.15,sidkey234i14.15
26899,si:dkey-27j5.9,sidkey27j5.9
26900,si:dkey-30g5.1,sidkey30g5.1
26901,si:dkey-73p2.2,sidkey73p2.2
26902,taar12h,taar12h
26903,tacr1b,tacr1b
26904,ugt1b2,ugt1b2
26905,znf987,znf987
26906,AL645792.1,AL645792.1
26907,AL928707.2,AL928707.2
26908,AL929304.1,AL929304.1
26909,AL929321.4,AL929321.4
26910,AL935044.3,AL935044.3
26911,AL953841.1,AL953841.1
26912,AL954142.2,AL954142.2
26913,BX004774.1,BX004774.1
26914,BX005079.1,BX005079.1
26915,BX294110.1,BX294110.1
26916,BX323812.1,BX323812.1
26917,BX324157.1,BX324157.1
26918,BX511259.2,BX511259.2
26919,BX537288.2,BX537288.2
26920,BX548060.1,BX548060.1
26921,BX571955.1,BX571955.1
26922,BX649397.1,BX649397.1
26923,BX681417.10,BX681417.10
26924,BX681417.12,BX681417.12
26925,BX681417.9,BX681417.9
26926,BX927287.1,BX927287.1
26927,BX936433.2,BX936433.2
26928,BX957333.1,BX957333.1
26929,CABZ01015815.2,CABZ01015815.2
26930,CABZ01025162.1,CABZ01025162.1
26931,CR354429.1,CR354429.1
26932,CR376738.1,CR376738.1
26933,CR626882.3,CR626882.3
26934,CR847548.1,CR847548.1
26935,CR847923.1,CR847923.1
26936,CT583728.1,CT583728.1
26937,CU856139.1,CU856139.1
26938,CU929161.1,CU929161.1
26939,FP085414.2,FP085414.2
26940,dre-let-7a-4,dre-let-7a-4
26941,dre-mir-93,dre-mir-93
26942,nitr10a,nitr10a
26943,or104-2,or104-2
26944,pimr11,pimr11
26945,pimr131,pimr131
26946,pimr147,pimr147
26947,pimr181,pimr181
26948,pimr205,pimr205
26949,si:ch73-94k4.4,sich7394k4.4
26950,si:dkey-14o1.20,sidkey14o1.20
26951,si:dkey-201k7.1,sidkey201k7.1
26952,si:dkeyp-2c8.3,sidkeyp2c8.3
26953,si:zfos-1714f5.4,sizfos1714f5.4
26954,taar14f,taar14f
26955,taar19e,taar19e
26956,tradv23.1.4,tradv23.1.4
26957,tradv24.0.4,tradv24.0.4
26958,traj28,traj28
26959,traj54,traj54
26960,AL928920.4,AL928920.4
26961,AL929237.4,AL929237.4
26962,AL929520.3,AL929520.3
26963,BX005024.1,BX005024.1
26964,BX005024.2,BX005024.2
26965,BX005424.1,BX005424.1
26966,BX322538.1,BX322538.1
26967,BX323882.1,BX323882.1
26968,BX511079.2,BX511079.2
26969,BX548067.1,BX548067.1
26970,BX649502.5,BX649502.5
26971,BX649502.7,BX649502.7
26972,BX842684.1,BX842684.1
26973,BX897740.1,BX897740.1
26974,BX936418.1,BX936418.1
26975,CABZ01017717.1,CABZ01017717.1
26976,CABZ01042675.2,CABZ01042675.2
26977,CR318624.1,CR318624.1
26978,CR354377.1,CR354377.1
26979,CR376730.2,CR376730.2
26980,CR396590.2,CR396590.2
26981,CR545466.1,CR545466.1
26982,CR627496.1,CR627496.1
26983,CR812464.1,CR812464.1
26984,CR847870.2,CR847870.2
26985,CR854965.2,CR854965.2
26986,CR936408.1,CR936408.1
26987,CR944667.2,CR944667.2
26988,CU182823.1,CU182823.1
26989,CU467633.2,CU467633.2
26990,CU550719.1,CU550719.1
26991,CU570800.2,CU570800.2
26992,CU651633.1,CU651633.1
26993,CU861574.1,CU861574.1
26994,FP016247.1,FP016247.1
26995,RF00340,RF00340
26996,ftr59,ftr59
26997,gig2k,gig2k
26998,ighv13-2,ighv13-2
26999,ighv2-3,ighv2-3
27000,or111-9,or111-9
27001,or122-2,or122-2
27002,or137-1,or137-1
27003,rec114,rec114
27004,si:ch211-1f22.3,sich2111f22.3
27005,si:ch73-171o20.2,sich73171o20.2
27006,si:dkey-161l11.67,sidkey161l11.67
27007,si:dkey-161l11.74,sidkey161l11.74
27008,si:dkey-187k19.2,sidkey187k19.2
27009,si:dkey-285e18.6,sidkey285e18.6
27010,si:dkey-33c9.8,sidkey33c9.8
27011,si:dkey-40m6.11,sidkey40m6.11
27012,taar16f,taar16f
27013,taar19a,taar19a
27014,traj12,traj12
27015,traj22,traj22
27016,v2ra18,v2ra18
27017,AL845324.2,AL845324.2
27018,AL928716.1,AL928716.1
27019,BX005429.1,BX005429.1
27020,BX323801.2,BX323801.2
27021,BX470197.1,BX470197.1
27022,BX664750.3,BX664750.3
27023,BX842240.1,BX842240.1
27024,BX942837.1,BX942837.1
27025,CABZ01087091.1,CABZ01087091.1
27026,CR388047.2,CR388047.2
27027,CR388148.1,CR388148.1
27028,CR391910.3,CR391910.3
27029,CR555298.1,CR555298.1
27030,CR753816.1,CR753816.1
27031,CR788316.2,CR788316.2
27032,CR848040.5,CR848040.5
27033,CU694525.1,CU694525.1
27034,RF00410,RF00410
27035,adgre6,adgre6
27036,dre-mir-738,dre-mir-738
27037,ighv5-3,ighv5-3
27038,nmur1a,nmur1a
27039,pimr124,pimr124
27040,pimr70,pimr70
27041,si:ch211-120e1.1,sich211120e1.1
27042,si:ch211-137j23.7,sich211137j23.7
27043,si:ch73-208h1.2,sich73208h1.2
27044,si:ch73-34h11.1,sich7334h11.1
27045,si:dkey-175d9.1,sidkey175d9.1
27046,si:dkey-223d7.6,sidkey223d7.6
27047,si:dkey-238d18.15,sidkey238d18.15
27048,si:dkey-28d5.11,sidkey28d5.11
27049,taar13c,taar13c
27050,tradv27.0,tradv27.0
27051,ucn3l,ucn3l
27052,znf994,znf994
27053,AL772298.2,AL772298.2
27054,AL845369.3,AL845369.3
27055,AL928920.2,AL928920.2
27056,AL929092.1,AL929092.1
27057,BX005183.3,BX005183.3
27058,BX005319.1,BX005319.1
27059,BX511195.1,BX511195.1
27060,BX571681.1,BX571681.1
27061,BX571825.6,BX571825.6
27062,BX649633.1,BX649633.1
27063,BX666065.1,BX666065.1
27064,BX681417.26,BX681417.26
27065,BX897685.1,BX897685.1
27066,BX927068.1,BX927068.1
27067,CABZ01000633.1,CABZ01000633.1
27068,CABZ01057891.1,CABZ01057891.1
27069,CR381647.2,CR381647.2
27070,CR450749.3,CR450749.3
27071,CT030044.1,CT030044.1
27072,CU929037.3,CU929037.3
27073,FP102071.1,FP102071.1
27074,LO018532.1,LO018532.1
27075,ighv8-1,ighv8-1
27076,or105-1,or105-1
27077,or122-1,or122-1
27078,si:ch211-133n4.12,sich211133n4.12
27079,si:ch211-138g9.2,sich211138g9.2
27080,si:ch73-269m14.3,sich73269m14.3
27081,si:dkey-11o1.6,sidkey11o1.6
27082,si:dkey-11o15.7,sidkey11o15.7
27083,si:dkey-149i17.9,sidkey149i17.9
27084,si:dkey-161l11.62,sidkey161l11.62
27085,si:dkey-234i14.14,sidkey234i14.14
27086,si:dkey-83m22.7,sidkey83m22.7
27087,traj15,traj15
27088,traj35,traj35
27089,trgv5,trgv5
27090,zgc:66156,zgc66156
27091,zmp:0000000527,zmp0000000527
27092,znf1044,znf1044
27093,AL928650.2,AL928650.2
27094,BX005321.1,BX005321.1
27095,BX088540.1,BX088540.1
27096,BX324134.1,BX324134.1
27097,BX548044.5,BX548044.5
27098,BX548073.4,BX548073.4
27099,BX548246.1,BX548246.1
27100,BX649279.1,BX649279.1
27101,BX957362.2,BX957362.2
27102,CR318599.1,CR318599.1
27103,CR396590.1,CR396590.1
27104,CU499311.1,CU499311.1
27105,dre-mir-183,dre-mir-183
27106,dre-mir-454a,dre-mir-454a
27107,pimr126,pimr126
27108,pimr69,pimr69
27109,si:busm1-169i8.11,sibusm1169i8.11
27110,si:ch211-139n6.11,sich211139n6.11
27111,si:dkey-48j7.3,sidkey48j7.3
27112,si:dkey-57a22.14,sidkey57a22.14
27113,taar19k,taar19k
27114,traj18,traj18
27115,traj41,traj41
27116,BX681417.18,BX681417.18
27117,BX897692.1,BX897692.1
27118,CABZ01061501.1,CABZ01061501.1
27119,CR318646.3,CR318646.3
27120,CR377211.2,CR377211.2
27121,CR855206.2,CR855206.2
27122,CT573186.2,CT573186.2
27123,CT574585.2,CT574585.2
27124,CU138548.5,CU138548.5
27125,CU856523.1,CU856523.1
27126,CU929360.1,CU929360.1
27127,dre-mir-92b,dre-mir-92b
27128,ighv1-2,ighv1-2
27129,pimr196,pimr196
27130,si:ch211-106g8.20,sich211106g8.20
27131,si:ch73-106n3.2,sich73106n3.2
27132,si:dkey-88n24.3,sidkey88n24.3
27133,taar18j,taar18j
27134,zgc:173837,zgc173837
27135,BX005012.3,BX005012.3
27136,BX511224.1,BX511224.1
27137,BX530037.1,BX530037.1
27138,BX539310.1,BX539310.1
27139,BX571701.1,BX571701.1
27140,BX571825.13,BX571825.13
27141,BX601644.2,BX601644.2
27142,BX649423.1,BX649423.1
27143,BX649628.1,BX649628.1
27144,BX663516.1,BX663516.1
27145,CR388046.5,CR388046.5
27146,CR396590.8,CR396590.8
27147,CR759887.1,CR759887.1
27148,CU856539.3,CU856539.3
27149,CU856623.1,CU856623.1
27150,DNAL1,DNAL1
27151,dre-mir-193b,dre-mir-193b
27152,dre-mir-25,dre-mir-25
27153,dre-mir-30a,dre-mir-30a
27154,ighv10-1,ighv10-1
27155,mir100-2,mir100-2
27156,or102-5,or102-5
27157,or103-2,or103-2
27158,or137-9,or137-9
27159,si:ch211-106g8.54,sich211106g8.54
27160,si:ch211-1f22.12,sich2111f22.12
27161,si:ch211-255f4.8,sich211255f4.8
27162,si:dkey-22i16.10,sidkey22i16.10
27163,si:dkey-248e17.4,sidkey248e17.4
27164,si:dkey-256i11.6,sidkey256i11.6
27165,si:dkey-66k12.3,sidkey66k12.3
27166,taar20c1,taar20c1
27167,traj6,traj6
27168,AL953841.2,AL953841.2
27169,BX004981.2,BX004981.2
27170,BX005459.1,BX005459.1
27171,BX324134.4,BX324134.4
27172,BX511100.2,BX511100.2
27173,BX511265.3,BX511265.3
27174,BX681417.1,BX681417.1
27175,BX908803.1,BX908803.1
27176,BX927317.1,BX927317.1
27177,CABZ01086877.1,CABZ01086877.1
27178,CR450813.2,CR450813.2
27179,CR559945.1,CR559945.1
27180,CR792426.1,CR792426.1
27181,FP016247.2,FP016247.2
27182,RF00426,RF00426
27183,dre-mir-7a-1,dre-mir-7a-1
27184,or109-4,or109-4
27185,pimr51,pimr51
27186,si:ch73-289h5.5,sich73289h5.5
27187,si:dkey-145c18.4,sidkey145c18.4
27188,si:dkeyp-82b4.6,sidkeyp82b4.6
27189,taar18a,taar18a
27190,tradv10.0.1,tradv10.0.1
27191,traj7,traj7
27192,zgc:162239,zgc162239
27193,BX005305.1,BX005305.1
27194,BX294177.1,BX294177.1
27195,BX511018.1,BX511018.1
27196,BX511109.1,BX511109.1
27197,BX571737.1,BX571737.1
27198,BX914219.3,BX914219.3
27199,BX928743.1,BX928743.1
27200,BX928755.1,BX928755.1
27201,CR788255.1,CR788255.1
27202,CT027551.1,CT027551.1
27203,CT027677.2,CT027677.2
27204,dre-mir-34c,dre-mir-34c
27205,si:dkey-54g2.2,sidkey54g2.2
27206,taar20w,taar20w
27207,AL929349.1,AL929349.1
27208,BX323994.1,BX323994.1
27209,BX324132.1,BX324132.1
27210,BX324137.1,BX324137.1
27211,BX465205.3,BX465205.3
27212,BX510938.3,BX510938.3
27213,BX640576.1,BX640576.1
27214,BX649502.11,BX649502.11
27215,BX957333.2,BX957333.2
27216,CR450785.2,CR450785.2
27217,CR847534.1,CR847534.1
27218,CR855274.1,CR855274.1
27219,CT573356.2,CT573356.2
27220,adgre7,adgre7
27221,dre-mir-193a-2,dre-mir-193a-2
27222,dre-mir-204-2,dre-mir-204-2
27223,dre-mir-2196,dre-mir-2196
27224,ighv9-1,ighv9-1
27225,si:ch211-57m13.6,sich21157m13.6
27226,si:ch73-1f23.1,sich731f23.1
27227,si:dkeyp-27c8.1,sidkeyp27c8.1
27228,taar19d,taar19d
27229,traj58,traj58
27230,AL928920.3,AL928920.3
27231,AL935184.2,AL935184.2
27232,AL953910.1,AL953910.1
27233,BX323987.1,BX323987.1
27234,BX511024.1,BX511024.1
27235,BX571681.3,BX571681.3
27236,BX571825.8,BX571825.8
27237,CABZ01055168.1,CABZ01055168.1
27238,CR855379.3,CR855379.3
27239,CT573787.1,CT573787.1
27240,CU469568.4,CU469568.4
27241,FP015808.1,FP015808.1
27242,LO017821.1,LO017821.1
27243,RF00582,RF00582
27244,RF00611,RF00611
27245,dre-mir-100-1,dre-mir-100-1
27246,dre-mir-122,dre-mir-122
27247,dre-mir-1788,dre-mir-1788
27248,dre-mir-192,dre-mir-192
27249,dre-mir-194a,dre-mir-194a
27250,dre-mir-2197,dre-mir-2197
27251,si:ch211-226h8.8,sich211226h8.8
27252,si:ch73-113g13.1,sich73113g13.1
27253,taar12a,taar12a
27254,taar14d,taar14d
27255,tradv11.0.3,tradv11.0.3
27256,tradv8.0,tradv8.0
27257,BX276103.1,BX276103.1
27258,BX324156.1,BX324156.1
27259,BX511100.4,BX511100.4
27260,BX547930.3,BX547930.3
27261,BX571664.1,BX571664.1
27262,BX571674.1,BX571674.1
27263,BX649292.1,BX649292.1
27264,BX649516.5,BX649516.5
27265,CR382363.1,CR382363.1
27266,CR925744.1,CR925744.1
27267,CU571179.1,CU571179.1
27268,CU694445.1,CU694445.1
27269,dre-let-7h,dre-let-7h
27270,dre-mir-153c,dre-mir-153c
27271,dre-mir-19d,dre-mir-19d
27272,si:ch211-11n16.3,sich21111n16.3
27273,si:dkey-19p15.4,sidkey19p15.4
27274,si:dkey-206d17.16,sidkey206d17.16
27275,BX284666.2,BX284666.2
27276,BX322660.1,BX322660.1
27277,BX470211.5,BX470211.5
27278,CT573245.1,CT573245.1
27279,CU695141.1,CU695141.1
27280,dre-mir-2191,dre-mir-2191
27281,pimr47,pimr47
27282,si:ch73-263o4.3,sich73263o4.3
27283,si:dkey-112g5.3,sidkey112g5.3
27284,si:dkey-234l24.1,sidkey234l24.1
27285,si:dkey-42l23.3,sidkey42l23.3
27286,si:rp71-1f1.5,sirp711f1.5
27287,BX005305.5,BX005305.5
27288,BX571681.5,BX571681.5
27289,BX649516.3,BX649516.3
27290,BX908395.1,BX908395.1
27291,FO904885.1,FO904885.1
27292,FP015866.4,FP015866.4
27293,ccl39a.10,ccl39a.10
27294,si:ch1073-110a20.7,sich1073110a20.7
27295,si:dkey-52d15.2,sidkey52d15.2
27296,si:dkey-99n20.6,sidkey99n20.6
27297,si:zfos-2070c2.3,sizfos2070c2.3
27298,BX510938.5,BX510938.5
27299,CR855393.3,CR855393.3
27300,CU207301.1,CU207301.1
27301,pimr206,pimr206
27302,taar19s,taar19s
27303,BX323028.1,BX323028.1
27304,BX677666.1,BX677666.1
27305,CR936408.2,CR936408.2
27306,FP102794.1,FP102794.1
27307,pimr127,pimr127
27308,si:cabz01021066.1,sicabz01021066.1
27309,si:dkeyp-104b3.18,sidkeyp104b3.18
27310,zgc:174353,zgc174353
27311,BX649476.1,BX649476.1
27312,ghrhr2,ghrhr2
27313,si:ch211-138g9.3,sich211138g9.3
27314,BX323550.1,BX323550.1
27315,pimr169,pimr169
27316,pimr72,pimr72
27317,si:ch211-195j11.27,sich211195j11.27
27318,BX681416.2,BX681416.2
27319,si:ch211-238e22.5,sich211238e22.5
27320,tradv41.0,tradv41.0
27321,ugt1b3,ugt1b3
27322,CU570782.2,CU570782.2
27323,BX901883.1,BX901883.1
27324,si:dkey-181c13.1,sidkey181c13.1
27325,BX890608.2,BX890608.2
27326,taar18g,taar18g
27327,AL935299.1,AL935299.1
27328,si:dkeyp-26a9.7,sidkeyp26a9.7
27329,CR318603.2,CR318603.2
27330,kcnj1a.5,kcnj1a.5
27331,BX908804.3,BX908804.3
27332,CR450764.1,CR450764.1
27333,CU929322.1,CU929322.1
27334,pimr49,pimr49
27335,pimr73,pimr73
27336,si:ch211-51a19.5,sich21151a19.5
27337,si:dkey-27d5.6,sidkey27d5.6
27338,CR450827.6,CR450827.6
27339,CU928222.2,CU928222.2
27340,AL929114.2,AL929114.2
27341,BX511100.1,BX511100.1
27342,BX530017.1,BX530017.1
27343,BX571853.2,BX571853.2
27344,CR318595.1,CR318595.1
27345,pimr164,pimr164
27346,pimr214,pimr214
27347,si:ch211-199m3.1,sich211199m3.1
27348,CR749763.4,CR749763.4
27349,CU570781.1,CU570781.1
27350,si:ch211-221n20.2,sich211221n20.2
27351,BX901962.1,BX901962.1
27352,CU660013.1,CU660013.1
27353,si:dkey-103d23.3,sidkey103d23.3
27354,pimr119,pimr119
27355,BX901907.3,BX901907.3
27356,AL845306.1,AL845306.1
27357,taar19o,taar19o
27358,AL929453.2,AL929453.2
27359,BX005398.1,BX005398.1
27360,CABZ01028768.1,CABZ01028768.1
27361,CT573186.1,CT573186.1
27362,CU896602.3,CU896602.3
27363,BX284697.1,BX284697.1
27364,si:ch211-125e6.13,sich211125e6.13
27365,BX649502.2,BX649502.2
27366,RF00277,RF00277
27367,nitr1f,nitr1f
27368,CABZ01040055.1,CABZ01040055.1
27369,si:dkey-42l23.9,sidkey42l23.9
27370,BX248126.1,BX248126.1
27371,si:ch73-27e22.6,sich7327e22.6
27372,BX664705.1,BX664705.1
27373,BX547993.1,BX547993.1
27374,BX284679.1,BX284679.1
27375,BX927282.3,BX927282.3
27376,IGKV1D-12,IGKV1D-12
27377,BX510336.1,BX510336.1
27378,BX510909.1,BX510909.1
27379,CR769772.3,CR769772.3
27380,CR788285.1,CR788285.1
27381,si:dkey-176f19.1,sidkey176f19.1
27382,BX000981.5,BX000981.5
27383,BX000985.1,BX000985.1
27384,BX510989.2,BX510989.2
27385,CR788285.2,CR788285.2
27386,CU896602.2,CU896602.2
27387,dre-mir-17a-1,dre-mir-17a-1
27388,igl4v9,igl4v9
27389,si:ch211-249o11.5,sich211249o11.5
27390,si:dkey-149m13.4,sidkey149m13.4
27391,znf1045,znf1045
27392,znf1071,znf1071
27393,znfl1,znfl1
27394,BX005448.1,BX005448.1
27395,BX120006.2,BX120006.2
27396,BX664606.1,BX664606.1
27397,BX908740.1,BX908740.1
27398,BX942815.1,BX942815.1
27399,CR759843.1,CR759843.1
27400,CR954294.1,CR954294.1
27401,CT030017.1,CT030017.1
27402,CT955962.1,CT955962.1
27403,dre-mir-200a,dre-mir-200a
27404,pimr148,pimr148
27405,si:dkey-25i10.1,sidkey25i10.1
27406,si:dkey-88l16.2,sidkey88l16.2
27407,taar14b,taar14b
27408,BX323543.4,BX323543.4
27409,BX511311.2,BX511311.2
27410,BX957286.1,BX957286.1
27411,CT027744.1,CT027744.1
27412,CT573263.1,CT573263.1
27413,CT573799.1,CT573799.1
27414,CT583728.10,CT583728.10
27415,si:dkey-220o21.3,sidkey220o21.3
27416,si:dkey-23a23.1,sidkey23a23.1
27417,BX469910.1,BX469910.1
27418,BX942819.1,BX942819.1
27419,BX950205.2,BX950205.2
27420,CR759893.1,CR759893.1
27421,CT583625.6,CT583625.6
27422,si:ch73-362i18.1,sich73362i18.1
27423,si:ch73-368j24.1,sich73368j24.1
27424,tradv25.0.1,tradv25.0.1
27425,AL831745.2,AL831745.2
27426,BX005364.1,BX005364.1
27427,BX537282.1,BX537282.1
27428,BX927318.1,BX927318.1
27429,CT583726.1,CT583726.1
27430,CU694378.1,CU694378.1
27431,dre-mir-301b,dre-mir-301b
27432,si:dkey-27j5.6,sidkey27j5.6
27433,CABZ01087224.1,CABZ01087224.1
27434,CABZ01090544.1,CABZ01090544.1
27435,CR318589.2,CR318589.2
27436,CR956623.1,CR956623.1
27437,CU394254.1,CU394254.1
27438,CU457778.2,CU457778.2
27439,FP085428.1,FP085428.1
27440,dre-mir-26a-3,dre-mir-26a-3
27441,ighv4-1,ighv4-1
27442,pimr76,pimr76
27443,pimr86,pimr86
27444,si:ch211-195p4.4,sich211195p4.4
27445,si:ch211-1f22.6,sich2111f22.6
27446,BX005294.2,BX005294.2
27447,BX005470.1,BX005470.1
27448,BX324132.4,BX324132.4
27449,CR749763.7,CR749763.7
27450,CU695073.1,CU695073.1
27451,si:dkey-112g5.15,sidkey112g5.15
27452,BX296549.1,BX296549.1
27453,BX470182.2,BX470182.2
27454,CR790382.2,CR790382.2
27455,CT027586.1,CT027586.1
27456,CT030005.3,CT030005.3
27457,CU570787.1,CU570787.1
27458,CU929206.2,CU929206.2
27459,dre-mir-454b,dre-mir-454b
27460,si:dkey-31m5.7,sidkey31m5.7
27461,AL929321.2,AL929321.2
27462,or111-4,or111-4
27463,pimr165,pimr165
27464,BX537263.4,BX537263.4
27465,BX908796.8,BX908796.8
27466,CABZ01025781.1,CABZ01025781.1
27467,EBF1,EBF1
27468,BX897714.2,BX897714.2
27469,FP074902.1,FP074902.1
27470,CU468041.1,CU468041.1
27471,si:ch211-14p21.3,sich21114p21.3
27472,BX000444.1,BX000444.1
27473,CU074419.1,CU074419.1
27474,dre-mir-9-4,dre-mir-9-4
27475,pimr101,pimr101
27476,pimr74,pimr74
27477,BX901974.2,BX901974.2
27478,si:dkey-3p4.7,sidkey3p4.7
27479,taar17a,taar17a
27480,si:dkeyp-67e1.2,sidkeyp67e1.2
27481,BX324230.1,BX324230.1
27482,BX649434.3,BX649434.3
27483,FP074902.3,FP074902.3
27484,CR382326.1,CR382326.1
27485,si:dkey-65b13.8,sidkey65b13.8
27486,si:ch211-57m13.3,sich21157m13.3
27487,si:dkey-204f11.51,sidkey204f11.51
27488,si:dkey-273g18.1,sidkey273g18.1
27489,BX936384.1,BX936384.1
27490,CABZ01027551.1,CABZ01027551.1
27491,FO681393.1,FO681393.1
27492,BX511082.1,BX511082.1
27493,dre-mir-135c-2,dre-mir-135c-2
27494,ighv9-2,ighv9-2
27495,BX465208.1,BX465208.1
27496,BX901889.2,BX901889.2
27497,BX005153.2,BX005153.2
27498,si:ch73-321d9.2,sich73321d9.2
27499,si:dkeyp-100h4.4,sidkeyp100h4.4
27500,si:ch211-139n6.10,sich211139n6.10
27501,FO681393.2,FO681393.2
27502,BX088524.1,BX088524.1
27503,BX255917.1,BX255917.1
27504,CT025651.2,CT025651.2
27505,FO704758.2,FO704758.2
27506,FP016142.2,FP016142.2
27507,AL929435.2,AL929435.2
27508,si:dkey-181m19.11,sidkey181m19.11
27509,BX640584.1,BX640584.1
27510,AL929237.2,AL929237.2
27511,tradv30.0.6,tradv30.0.6
27512,CR626882.1,CR626882.1
27513,si:dkey-26h11.2,sidkey26h11.2
27514,tradv4.0.1,tradv4.0.1
27515,CABZ01033854.1,CABZ01033854.1
27516,CR361561.1,CR361561.1
27517,dre-mir-460,dre-mir-460
27518,BX927385.1,BX927385.1
27519,BX571760.1,BX571760.1
27520,BX571954.1,BX571954.1
27521,BX942821.1,BX942821.1
27522,CR854827.2,CR854827.2
27523,FP236354.1,FP236354.1
27524,CR925800.1,CR925800.1
27525,dre-mir-365-3,dre-mir-365-3
27526,BX681417.22,BX681417.22
27527,BX927401.1,BX927401.1
27528,CR847799.1,CR847799.1
27529,CT027825.1,CT027825.1
27530,CR450827.7,CR450827.7
27531,ms4a17c.2,ms4a17c.2
27532,CR550302.3,CR550302.3
27533,CR788322.4,CR788322.4
27534,CR478208.1,CR478208.1
27535,CU469530.2,CU469530.2
27536,BX119915.3,BX119915.3
27537,pimr161,pimr161
27538,si:ch211-226o13.3,sich211226o13.3
