orig_gene,proc_gene
ABCF3,ABCF3
ACSF3,ACSF3
ACTC1,ACTC1
ADAM12,ADAM12
ADAMTSL4,ADAMTSL4
ADGRL3,ADGRL3
AGBL1,AGBL1
AKAP13,AKAP13
AL590149.1,AL590149.1
AL590150.2,AL590150.2
AL627305.3,AL627305.3
AL645792.2,AL645792.2
AL772300.1,AL772300.1
AL772382.1,AL772382.1
AL773558.1,AL773558.1
AL808129.1,AL808129.1
AL808129.2,AL808129.2
AL840638.1,AL840638.1
AL840638.2,AL840638.2
AL844186.1,AL844186.1
AL845320.1,AL845320.1
AL845324.1,AL845324.1
AL845362.1,AL845362.1
AL845550.1,AL845550.1
AL928685.2,AL928685.2
AL928685.4,AL928685.4
AL928824.1,AL928824.1
AL928901.1,AL928901.1
AL928908.2,AL928908.2
AL929017.1,AL929017.1
AL929017.2,AL929017.2
AL929028.1,AL929028.1
AL929057.1,AL929057.1
AL929222.2,AL929222.2
AL929243.1,AL929243.1
AL929334.1,AL929334.1
AL929435.1,AL929435.1
AL929576.1,AL929576.1
AL935126.1,AL935126.1
AL935153.1,AL935153.1
AL935166.1,AL935166.1
AL935174.4,AL935174.4
AL935186.10,AL935186.10
AL935186.9,AL935186.9
AL935210.1,AL935210.1
AL953865.1,AL953865.1
AL954134.2,AL954134.2
AL954322.2,AL954322.2
AL954359.2,AL954359.2
AL954696.1,AL954696.1
AL954741.4,AL954741.4
AL954861.2,AL954861.2
ANKRD50,ANKRD50
ANPEP,ANPEP
AP3B1,AP3B1
AREL1,AREL1
ARFGAP1,ARFGAP1
ARHGEF17,ARHGEF17
ASS1,ASS1
ASTE1,ASTE1
ATG14,ATG14
ATG2A,ATG2A
ATP11B,ATP11B
ATP5MD,ATP5MD
ATP8A1,ATP8A1
ATP9A,ATP9A
AXL,AXL
BX000524.1,BX000524.1
BX000701.1,BX000701.1
BX000703.1,BX000703.1
BX001014.2,BX001014.2
BX001023.2,BX001023.2
BX001026.1,BX001026.1
BX001030.1,BX001030.1
BX004823.1,BX004823.1
BX004991.1,BX004991.1
BX004999.1,BX004999.1
BX005003.1,BX005003.1
BX005022.1,BX005022.1
BX005065.1,BX005065.1
BX005082.1,BX005082.1
BX005085.1,BX005085.1
BX005085.4,BX005085.4
BX005085.5,BX005085.5
BX005085.6,BX005085.6
BX005085.7,BX005085.7
BX005129.1,BX005129.1
BX005228.1,BX005228.1
BX005234.1,BX005234.1
BX005245.1,BX005245.1
BX005254.1,BX005254.1
BX005254.3,BX005254.3
BX005254.4,BX005254.4
BX005286.1,BX005286.1
BX005309.1,BX005309.1
BX005340.1,BX005340.1
BX005367.2,BX005367.2
BX005380.2,BX005380.2
BX005392.3,BX005392.3
BX005396.3,BX005396.3
BX005421.3,BX005421.3
BX005450.1,BX005450.1
BX005454.1,BX005454.1
BX005461.3,BX005461.3
BX072576.2,BX072576.2
BX072577.1,BX072577.1
BX085193.2,BX085193.2
BX088538.1,BX088538.1
BX088544.1,BX088544.1
BX088596.1,BX088596.1
BX088688.1,BX088688.1
BX088707.1,BX088707.1
BX088713.1,BX088713.1
BX088718.1,BX088718.1
BX119963.2,BX119963.2
BX120005.1,BX120005.1
BX248108.1,BX248108.1
BX248128.1,BX248128.1
BX248318.1,BX248318.1
BX248324.1,BX248324.1
BX248395.1,BX248395.1
BX248418.2,BX248418.2
BX248497.1,BX248497.1
BX248501.1,BX248501.1
BX248510.1,BX248510.1
BX248511.1,BX248511.1
BX248515.1,BX248515.1
BX248521.2,BX248521.2
BX255967.1,BX255967.1
BX276101.1,BX276101.1
BX284635.1,BX284635.1
BX284638.1,BX284638.1
BX284666.1,BX284666.1
BX293993.1,BX293993.1
BX294178.1,BX294178.1
BX294178.2,BX294178.2
BX294189.1,BX294189.1
BX294379.1,BX294379.1
BX294434.1,BX294434.1
BX296551.1,BX296551.1
BX322530.1,BX322530.1
BX322603.1,BX322603.1
BX322618.1,BX322618.1
BX322622.1,BX322622.1
BX322657.2,BX322657.2
BX322657.3,BX322657.3
BX322661.2,BX322661.2
BX322665.1,BX322665.1
BX323031.2,BX323031.2
BX323065.1,BX323065.1
BX323067.1,BX323067.1
BX323074.2,BX323074.2
BX323080.1,BX323080.1
BX323453.1,BX323453.1
BX323557.1,BX323557.1
BX323564.1,BX323564.1
BX323575.1,BX323575.1
BX323590.1,BX323590.1
BX323590.2,BX323590.2
BX323793.1,BX323793.1
BX323819.1,BX323819.1
BX323824.1,BX323824.1
BX323884.1,BX323884.1
BX324132.2,BX324132.2
BX324142.1,BX324142.1
BX324164.3,BX324164.3
BX324164.4,BX324164.4
BX324216.3,BX324216.3
BX465206.1,BX465206.1
BX465227.1,BX465227.1
BX465228.2,BX465228.2
BX465834.1,BX465834.1
BX465836.1,BX465836.1
BX465844.1,BX465844.1
BX469885.1,BX469885.1
BX469902.1,BX469902.1
BX469925.1,BX469925.1
BX469930.1,BX469930.1
BX470176.1,BX470176.1
BX470182.1,BX470182.1
BX470189.1,BX470189.1
BX470211.1,BX470211.1
BX470238.1,BX470238.1
BX470240.1,BX470240.1
BX470259.1,BX470259.1
BX470259.4,BX470259.4
BX470259.5,BX470259.5
BX470264.1,BX470264.1
BX510319.1,BX510319.1
BX510649.1,BX510649.1
BX510909.2,BX510909.2
BX510922.1,BX510922.1
BX510923.1,BX510923.1
BX510934.1,BX510934.1
BX510940.1,BX510940.1
BX510989.1,BX510989.1
BX510992.2,BX510992.2
BX511021.2,BX511021.2
BX511034.1,BX511034.1
BX511034.3,BX511034.3
BX511034.5,BX511034.5
BX511034.7,BX511034.7
BX511061.1,BX511061.1
BX511089.2,BX511089.2
BX511128.1,BX511128.1
BX511128.2,BX511128.2
BX511129.1,BX511129.1
BX511129.3,BX511129.3
BX511136.1,BX511136.1
BX511142.1,BX511142.1
BX511161.1,BX511161.1
BX511166.1,BX511166.1
BX511227.1,BX511227.1
BX511246.1,BX511246.1
BX511310.1,BX511310.1
BX530017.2,BX530017.2
BX530018.2,BX530018.2
BX530032.1,BX530032.1
BX530077.1,BX530077.1
BX530097.1,BX530097.1
BX530721.1,BX530721.1
BX537110.1,BX537110.1
BX537120.3,BX537120.3
BX537137.3,BX537137.3
BX537166.1,BX537166.1
BX537308.1,BX537308.1
BX537342.1,BX537342.1
BX547934.2,BX547934.2
BX548000.1,BX548000.1
BX548024.1,BX548024.1
BX548044.7,BX548044.7
BX548046.2,BX548046.2
BX548062.1,BX548062.1
BX548073.3,BX548073.3
BX548075.3,BX548075.3
BX548077.1,BX548077.1
BX548157.1,BX548157.1
BX569787.1,BX569787.1
BX569789.1,BX569789.1
BX569793.1,BX569793.1
BX569796.1,BX569796.1
BX569801.1,BX569801.1
BX571680.1,BX571680.1
BX571705.2,BX571705.2
BX571712.3,BX571712.3
BX571715.1,BX571715.1
BX571780.1,BX571780.1
BX571811.1,BX571811.1
BX571811.2,BX571811.2
BX571942.1,BX571942.1
BX571960.1,BX571960.1
BX572619.1,BX572619.1
BX629344.1,BX629344.1
BX640478.1,BX640478.1
BX640537.3,BX640537.3
BX640547.1,BX640547.1
BX649250.1,BX649250.1
BX649294.1,BX649294.1
BX649337.1,BX649337.1
BX649384.3,BX649384.3
BX649411.1,BX649411.1
BX649411.2,BX649411.2
BX649453.1,BX649453.1
BX649478.1,BX649478.1
BX649485.1,BX649485.1
BX649485.2,BX649485.2
BX649485.4,BX649485.4
BX649502.6,BX649502.6
BX649529.1,BX649529.1
BX649622.1,BX649622.1
BX663503.1,BX663503.1
BX663503.3,BX663503.3
BX663516.2,BX663516.2
BX663519.1,BX663519.1
BX663613.1,BX663613.1
BX664618.1,BX664618.1
BX664622.1,BX664622.1
BX664625.4,BX664625.4
BX664742.3,BX664742.3
BX682234.1,BX682234.1
BX682556.1,BX682556.1
BX682558.1,BX682558.1
BX855614.1,BX855614.1
BX855614.3,BX855614.3
BX855614.4,BX855614.4
BX890548.1,BX890548.1
BX890558.1,BX890558.1
BX890576.1,BX890576.1
BX890590.1,BX890590.1
BX897714.1,BX897714.1
BX901920.1,BX901920.1
BX901957.1,BX901957.1
BX901962.3,BX901962.3
BX901973.1,BX901973.1
BX901974.1,BX901974.1
BX908401.1,BX908401.1
BX908782.2,BX908782.2
BX908804.1,BX908804.1
BX914200.1,BX914200.1
BX927122.1,BX927122.1
BX927130.4,BX927130.4
BX927184.1,BX927184.1
BX927204.1,BX927204.1
BX927212.1,BX927212.1
BX927244.1,BX927244.1
BX927258.1,BX927258.1
BX927308.1,BX927308.1
BX927308.2,BX927308.2
BX927327.1,BX927327.1
BX927333.1,BX927333.1
BX927395.1,BX927395.1
BX927404.1,BX927404.1
BX936320.1,BX936320.1
BX936337.1,BX936337.1
BX936386.1,BX936386.1
BX936397.2,BX936397.2
BX936415.1,BX936415.1
BX936439.1,BX936439.1
BX936461.1,BX936461.1
BX942819.3,BX942819.3
BX950188.1,BX950188.1
BX957281.1,BX957281.1
BX957292.1,BX957292.1
BX957297.1,BX957297.1
BX957317.1,BX957317.1
BX957317.2,BX957317.2
BX957322.2,BX957322.2
BX957326.3,BX957326.3
BX957346.1,BX957346.1
BX957362.1,BX957362.1
CABZ01001434.1,CABZ01001434.1
CABZ01002768.1,CABZ01002768.1
CABZ01005876.1,CABZ01005876.1
CABZ01007222.1,CABZ01007222.1
CABZ01008739.1,CABZ01008739.1
CABZ01015475.1,CABZ01015475.1
CABZ01015525.1,CABZ01015525.1
CABZ01015815.1,CABZ01015815.1
CABZ01015815.3,CABZ01015815.3
CABZ01020840.1,CABZ01020840.1
CABZ01021433.1,CABZ01021433.1
CABZ01021592.1,CABZ01021592.1
CABZ01021599.1,CABZ01021599.1
CABZ01025780.1,CABZ01025780.1
CABZ01026681.1,CABZ01026681.1
CABZ01028771.1,CABZ01028771.1
CABZ01029938.1,CABZ01029938.1
CABZ01030107.1,CABZ01030107.1
CABZ01030862.1,CABZ01030862.1
CABZ01032476.1,CABZ01032476.1
CABZ01032488.1,CABZ01032488.1
CABZ01033178.1,CABZ01033178.1
CABZ01033180.1,CABZ01033180.1
CABZ01034082.1,CABZ01034082.1
CABZ01034698.1,CABZ01034698.1
CABZ01034698.2,CABZ01034698.2
CABZ01035279.1,CABZ01035279.1
CABZ01037298.1,CABZ01037298.1
CABZ01038699.1,CABZ01038699.1
CABZ01039859.1,CABZ01039859.1
CABZ01039861.1,CABZ01039861.1
CABZ01039863.1,CABZ01039863.1
CABZ01041494.1,CABZ01041494.1
CABZ01041913.1,CABZ01041913.1
CABZ01041962.1,CABZ01041962.1
CABZ01044053.1,CABZ01044053.1
CABZ01044235.1,CABZ01044235.1
CABZ01044281.1,CABZ01044281.1
CABZ01044764.1,CABZ01044764.1
CABZ01046093.1,CABZ01046093.1
CABZ01046954.1,CABZ01046954.1
CABZ01048143.1,CABZ01048143.1
CABZ01048392.1,CABZ01048392.1
CABZ01048402.1,CABZ01048402.1
CABZ01048402.2,CABZ01048402.2
CABZ01049847.1,CABZ01049847.1
CABZ01050249.1,CABZ01050249.1
CABZ01051901.1,CABZ01051901.1
CABZ01052268.1,CABZ01052268.1
CABZ01052573.1,CABZ01052573.1
CABZ01052576.1,CABZ01052576.1
CABZ01053416.1,CABZ01053416.1
CABZ01054394.1,CABZ01054394.1
CABZ01054965.1,CABZ01054965.1
CABZ01055306.1,CABZ01055306.1
CABZ01055347.1,CABZ01055347.1
CABZ01055522.1,CABZ01055522.1
CABZ01056279.1,CABZ01056279.1
CABZ01057928.1,CABZ01057928.1
CABZ01058046.1,CABZ01058046.1
CABZ01058222.1,CABZ01058222.1
CABZ01058261.1,CABZ01058261.1
CABZ01058647.1,CABZ01058647.1
CABZ01058650.1,CABZ01058650.1
CABZ01058721.1,CABZ01058721.1
CABZ01059120.1,CABZ01059120.1
CABZ01059403.1,CABZ01059403.1
CABZ01059559.1,CABZ01059559.1
CABZ01059627.1,CABZ01059627.1
CABZ01059627.2,CABZ01059627.2
CABZ01059915.1,CABZ01059915.1
CABZ01060453.1,CABZ01060453.1
CABZ01061495.1,CABZ01061495.1
CABZ01061498.1,CABZ01061498.1
CABZ01061524.1,CABZ01061524.1
CABZ01061591.1,CABZ01061591.1
CABZ01061894.1,CABZ01061894.1
CABZ01062422.1,CABZ01062422.1
CABZ01063170.1,CABZ01063170.1
CABZ01063556.1,CABZ01063556.1
CABZ01064859.1,CABZ01064859.1
CABZ01064859.2,CABZ01064859.2
CABZ01065076.1,CABZ01065076.1
CABZ01065131.1,CABZ01065131.1
CABZ01065679.1,CABZ01065679.1
CABZ01066312.1,CABZ01066312.1
CABZ01066694.1,CABZ01066694.1
CABZ01066720.1,CABZ01066720.1
CABZ01067681.1,CABZ01067681.1
CABZ01068122.1,CABZ01068122.1
CABZ01068251.1,CABZ01068251.1
CABZ01068469.1,CABZ01068469.1
CABZ01069022.1,CABZ01069022.1
CABZ01069338.1,CABZ01069338.1
CABZ01069595.1,CABZ01069595.1
CABZ01069998.1,CABZ01069998.1
CABZ01070631.1,CABZ01070631.1
CABZ01071171.1,CABZ01071171.1
CABZ01071848.1,CABZ01071848.1
CABZ01072077.1,CABZ01072077.1
CABZ01072083.2,CABZ01072083.2
CABZ01072254.1,CABZ01072254.1
CABZ01072309.1,CABZ01072309.1
CABZ01072548.1,CABZ01072548.1
CABZ01072607.1,CABZ01072607.1
CABZ01072810.1,CABZ01072810.1
CABZ01073168.1,CABZ01073168.1
CABZ01073265.1,CABZ01073265.1
CABZ01073339.1,CABZ01073339.1
CABZ01074076.1,CABZ01074076.1
CABZ01074130.1,CABZ01074130.1
CABZ01074300.1,CABZ01074300.1
CABZ01074307.2,CABZ01074307.2
CABZ01074363.1,CABZ01074363.1
CABZ01074397.1,CABZ01074397.1
CABZ01074398.1,CABZ01074398.1
CABZ01074453.1,CABZ01074453.1
CABZ01075125.1,CABZ01075125.1
CABZ01075143.1,CABZ01075143.1
CABZ01075242.1,CABZ01075242.1
CABZ01075509.1,CABZ01075509.1
CABZ01076275.1,CABZ01076275.1
CABZ01077124.1,CABZ01077124.1
CABZ01077217.1,CABZ01077217.1
CABZ01077218.1,CABZ01077218.1
CABZ01077220.2,CABZ01077220.2
CABZ01077956.1,CABZ01077956.1
CABZ01078055.1,CABZ01078055.1
CABZ01078261.1,CABZ01078261.1
CABZ01078350.1,CABZ01078350.1
CABZ01078415.1,CABZ01078415.1
CABZ01078449.1,CABZ01078449.1
CABZ01078593.1,CABZ01078593.1
CABZ01078594.1,CABZ01078594.1
CABZ01078737.1,CABZ01078737.1
CABZ01079011.1,CABZ01079011.1
CABZ01079241.1,CABZ01079241.1
CABZ01079251.1,CABZ01079251.1
CABZ01079480.1,CABZ01079480.1
CABZ01079663.1,CABZ01079663.1
CABZ01079760.1,CABZ01079760.1
CABZ01079802.1,CABZ01079802.1
CABZ01080042.1,CABZ01080042.1
CABZ01080135.1,CABZ01080135.1
CABZ01080371.2,CABZ01080371.2
CABZ01080371.3,CABZ01080371.3
CABZ01080375.1,CABZ01080375.1
CABZ01080601.1,CABZ01080601.1
CABZ01080702.1,CABZ01080702.1
CABZ01081294.1,CABZ01081294.1
CABZ01081385.1,CABZ01081385.1
CABZ01081535.1,CABZ01081535.1
CABZ01081748.1,CABZ01081748.1
CABZ01081752.1,CABZ01081752.1
CABZ01081752.2,CABZ01081752.2
CABZ01081777.1,CABZ01081777.1
CABZ01081909.1,CABZ01081909.1
CABZ01083166.1,CABZ01083166.1
CABZ01083944.1,CABZ01083944.1
CABZ01084323.1,CABZ01084323.1
CABZ01084391.1,CABZ01084391.1
CABZ01084501.2,CABZ01084501.2
CABZ01084942.1,CABZ01084942.1
CABZ01084963.1,CABZ01084963.1
CABZ01085052.1,CABZ01085052.1
CABZ01085139.1,CABZ01085139.1
CABZ01085177.1,CABZ01085177.1
CABZ01085365.1,CABZ01085365.1
CABZ01085654.1,CABZ01085654.1
CABZ01086293.1,CABZ01086293.1
CABZ01086611.1,CABZ01086611.1
CABZ01086734.1,CABZ01086734.1
CABZ01087623.1,CABZ01087623.1
CABZ01087629.1,CABZ01087629.1
CABZ01087948.1,CABZ01087948.1
CABZ01088109.1,CABZ01088109.1
CABZ01088134.1,CABZ01088134.1
CABZ01088271.1,CABZ01088271.1
CABZ01088274.1,CABZ01088274.1
CABZ01088508.1,CABZ01088508.1
CABZ01089777.1,CABZ01089777.1
CABZ01090029.1,CABZ01090029.1
CABZ01090144.1,CABZ01090144.1
CABZ01090361.1,CABZ01090361.1
CABZ01090890.1,CABZ01090890.1
CABZ01092156.1,CABZ01092156.1
CABZ01092282.1,CABZ01092282.1
CABZ01093502.1,CABZ01093502.1
CABZ01095001.1,CABZ01095001.1
CABZ01095370.1,CABZ01095370.1
CABZ01097761.1,CABZ01097761.1
CABZ01098670.1,CABZ01098670.1
CABZ01099833.1,CABZ01099833.1
CABZ01099847.1,CABZ01099847.1
CABZ01100185.1,CABZ01100185.1
CABZ01100198.1,CABZ01100198.1
CABZ01100888.1,CABZ01100888.1
CABZ01102039.1,CABZ01102039.1
CABZ01102109.1,CABZ01102109.1
CABZ01102170.1,CABZ01102170.1
CABZ01102528.1,CABZ01102528.1
CABZ01103862.1,CABZ01103862.1
CABZ01109019.1,CABZ01109019.1
CABZ01109481.1,CABZ01109481.1
CABZ01109604.1,CABZ01109604.1
CABZ01110379.1,CABZ01110379.1
CABZ01110881.1,CABZ01110881.1
CABZ01111496.1,CABZ01111496.1
CABZ01111953.1,CABZ01111953.1
CABZ01111959.1,CABZ01111959.1
CABZ01112387.1,CABZ01112387.1
CABZ01113192.1,CABZ01113192.1
CABZ01113599.1,CABZ01113599.1
CABZ01113771.1,CABZ01113771.1
CABZ01113818.1,CABZ01113818.1
CABZ01114053.1,CABZ01114053.1
CABZ01114318.1,CABZ01114318.1
CABZ01115113.1,CABZ01115113.1
CABZ01117840.1,CABZ01117840.1
CABZ01118001.1,CABZ01118001.1
CABZ01118575.1,CABZ01118575.1
CABZ01118738.1,CABZ01118738.1
CAMK2N1,CAMK2N1
CCDC189,CCDC189
CCDC69,CCDC69
CCT2,CCT2
CDC37,CDC37
CDCP1,CDCP1
CDK2AP1,CDK2AP1
CDPF1,CDPF1
CFAP74,CFAP74
CHCHD5,CHCHD5
CIR1,CIR1
CKS2,CKS2
CLDN23,CLDN23
CLDN4,CLDN4
CNNM1,CNNM1
COA4,COA4
COLEC10,COLEC10
COLGALT1,COLGALT1
COMP,COMP
COX5B,COX5B
COX7A2,COX7A2
CR293507.1,CR293507.1
CR293509.1,CR293509.1
CR318588.3,CR318588.3
CR318588.4,CR318588.4
CR318601.1,CR318601.1
CR318607.1,CR318607.1
CR318653.1,CR318653.1
CR352232.1,CR352232.1
CR352258.1,CR352258.1
CR352263.1,CR352263.1
CR352285.1,CR352285.1
CR352342.1,CR352342.1
CR354435.1,CR354435.1
CR354435.3,CR354435.3
CR354435.4,CR354435.4
CR354435.6,CR354435.6
CR354444.1,CR354444.1
CR354540.1,CR354540.1
CR354542.1,CR354542.1
CR354588.1,CR354588.1
CR356227.1,CR356227.1
CR356233.1,CR356233.1
CR356236.1,CR356236.1
CR376737.1,CR376737.1
CR376740.2,CR376740.2
CR376766.2,CR376766.2
CR377211.3,CR377211.3
CR377211.4,CR377211.4
CR381618.1,CR381618.1
CR381647.1,CR381647.1
CR381686.4,CR381686.4
CR381686.5,CR381686.5
CR382300.1,CR382300.1
CR382300.3,CR382300.3
CR382370.2,CR382370.2
CR382372.1,CR382372.1
CR383662.5,CR383662.5
CR383676.1,CR383676.1
CR383676.2,CR383676.2
CR383680.2,CR383680.2
CR385035.1,CR385035.1
CR385050.1,CR385050.1
CR387919.1,CR387919.1
CR387996.1,CR387996.1
CR388029.1,CR388029.1
CR388052.1,CR388052.1
CR388077.1,CR388077.1
CR388132.2,CR388132.2
CR388143.1,CR388143.1
CR388166.2,CR388166.2
CR388231.3,CR388231.3
CR388373.2,CR388373.2
CR391940.1,CR391940.1
CR391986.1,CR391986.1
CR391991.4,CR391991.4
CR392042.1,CR392042.1
CR392045.1,CR392045.1
CR394528.1,CR394528.1
CR394546.3,CR394546.3
CR405715.1,CR405715.1
CR407701.1,CR407701.1
CR450686.3,CR450686.3
CR450764.10,CR450764.10
CR450805.1,CR450805.1
CR450808.1,CR450808.1
CR450808.3,CR450808.3
CR450818.1,CR450818.1
CR536604.1,CR536604.1
CR548622.1,CR548622.1
CR548622.2,CR548622.2
CR548634.2,CR548634.2
CR589944.1,CR589944.1
CR626886.1,CR626886.1
CR628323.3,CR628323.3
CR628327.1,CR628327.1
CR628365.1,CR628365.1
CR749163.1,CR749163.1
CR749168.2,CR749168.2
CR749763.5,CR749763.5
CR751227.2,CR751227.2
CR751602.1,CR751602.1
CR751602.2,CR751602.2
CR753876.1,CR753876.1
CR753886.1,CR753886.1
CR759794.1,CR759794.1
CR759841.1,CR759841.1
CR759843.2,CR759843.2
CR759875.5,CR759875.5
CR759892.1,CR759892.1
CR759918.1,CR759918.1
CR759927.2,CR759927.2
CR759927.3,CR759927.3
CR762431.1,CR762431.1
CR762436.1,CR762436.1
CR762480.1,CR762480.1
CR762480.2,CR762480.2
CR762483.1,CR762483.1
CR762497.1,CR762497.1
CR769769.2,CR769769.2
CR769778.1,CR769778.1
CR786571.3,CR786571.3
CR788230.1,CR788230.1
CR788235.1,CR788235.1
CR788249.1,CR788249.1
CR788316.3,CR788316.3
CR790380.1,CR790380.1
CR790382.3,CR790382.3
CR792439.1,CR792439.1
CR792441.1,CR792441.1
CR812832.1,CR812832.1
CR847503.1,CR847503.1
CR847503.2,CR847503.2
CR847543.1,CR847543.1
CR847566.1,CR847566.1
CR847571.1,CR847571.1
CR847785.1,CR847785.1
CR847793.1,CR847793.1
CR847895.1,CR847895.1
CR847898.4,CR847898.4
CR847906.1,CR847906.1
CR847936.1,CR847936.1
CR847936.6,CR847936.6
CR847939.1,CR847939.1
CR847953.1,CR847953.1
CR847984.1,CR847984.1
CR847994.1,CR847994.1
CR848040.4,CR848040.4
CR848047.1,CR848047.1
CR848667.1,CR848667.1
CR848705.1,CR848705.1
CR848741.1,CR848741.1
CR848763.1,CR848763.1
CR848788.1,CR848788.1
CR848788.2,CR848788.2
CR848791.3,CR848791.3
CR848812.1,CR848812.1
CR848836.1,CR848836.1
CR848841.1,CR848841.1
CR848844.1,CR848844.1
CR854827.3,CR854827.3
CR854839.1,CR854839.1
CR855277.2,CR855277.2
CR855277.3,CR855277.3
CR855307.1,CR855307.1
CR855311.1,CR855311.1
CR855320.3,CR855320.3
CR855337.1,CR855337.1
CR855389.1,CR855389.1
CR855389.2,CR855389.2
CR855860.1,CR855860.1
CR855996.2,CR855996.2
CR925761.3,CR925761.3
CR925761.4,CR925761.4
CR925804.2,CR925804.2
CR925813.1,CR925813.1
CR926459.1,CR926459.1
CR932000.1,CR932000.1
CR932364.1,CR932364.1
CR933730.1,CR933730.1
CR933734.3,CR933734.3
CR936300.1,CR936300.1
CR936321.1,CR936321.1
CR936482.1,CR936482.1
CR936975.1,CR936975.1
CR938716.1,CR938716.1
CR954963.1,CR954963.1
CR974475.1,CR974475.1
CRACR2A,CRACR2A
CSKMT,CSKMT
CSRNP3,CSRNP3
CT025585.1,CT025585.1
CT025690.1,CT025690.1
CT025742.1,CT025742.1
CT025897.1,CT025897.1
CT025912.1,CT025912.1
CT027578.1,CT027578.1
CT027702.1,CT027702.1
CT027718.1,CT027718.1
CT027744.2,CT027744.2
CT027815.1,CT027815.1
CT027980.1,CT027980.1
CT030144.1,CT030144.1
CT030188.1,CT030188.1
CT573065.1,CT573065.1
CT573103.1,CT573103.1
CT573148.1,CT573148.1
CT573239.1,CT573239.1
CT573248.2,CT573248.2
CT573256.1,CT573256.1
CT573342.1,CT573342.1
CT573344.1,CT573344.1
CT573366.1,CT573366.1
CT573383.1,CT573383.1
CT573433.1,CT573433.1
CT583646.2,CT583646.2
CT583651.2,CT583651.2
CT583672.1,CT583672.1
CT583687.1,CT583687.1
CT583687.2,CT583687.2
CT583708.1,CT583708.1
CT583723.2,CT583723.2
CT583728.23,CT583728.23
CT737123.1,CT737123.1
CT737162.2,CT737162.2
CT737190.2,CT737190.2
CT956002.2,CT956002.2
CT956093.1,CT956093.1
CT978957.2,CT978957.2
CT990561.1,CT990561.1
CT990618.1,CT990618.1
CT990625.1,CT990625.1
CU019624.1,CU019624.1
CU019662.1,CU019662.1
CU024870.1,CU024870.1
CU041319.2,CU041319.2
CU062501.1,CU062501.1
CU074419.2,CU074419.2
CU076099.1,CU076099.1
CU104716.1,CU104716.1
CU104731.1,CU104731.1
CU104777.1,CU104777.1
CU137645.3,CU137645.3
CU137648.1,CU137648.1
CU137648.2,CU137648.2
CU138533.2,CU138533.2
CU138542.2,CU138542.2
CU207221.1,CU207221.1
CU207221.2,CU207221.2
CU207281.1,CU207281.1
CU207301.3,CU207301.3
CU207354.1,CU207354.1
CU302316.1,CU302316.1
CU302436.1,CU302436.1
CU302436.3,CU302436.3
CU302436.4,CU302436.4
CU302436.5,CU302436.5
CU372926.1,CU372926.1
CU457778.1,CU457778.1
CU457778.3,CU457778.3
CU457819.1,CU457819.1
CU457819.3,CU457819.3
CU457819.4,CU457819.4
CU459012.1,CU459012.1
CU459056.1,CU459056.1
CU459065.1,CU459065.1
CU459186.2,CU459186.2
CU459186.3,CU459186.3
CU459186.4,CU459186.4
CU459186.5,CU459186.5
CU462878.1,CU462878.1
CU462915.1,CU462915.1
CU463033.1,CU463033.1
CU463038.2,CU463038.2
CU464124.1,CU464124.1
CU466278.1,CU466278.1
CU466278.2,CU466278.2
CU466287.2,CU466287.2
CU467110.1,CU467110.1
CU467646.4,CU467646.4
CU467646.5,CU467646.5
CU467646.6,CU467646.6
CU467646.7,CU467646.7
CU467822.1,CU467822.1
CU467856.1,CU467856.1
CU467861.1,CU467861.1
CU467861.2,CU467861.2
CU467961.1,CU467961.1
CU468730.1,CU468730.1
CU468915.1,CU468915.1
CU468920.1,CU468920.1
CU469362.1,CU469362.1
CU469420.1,CU469420.1
CU469420.4,CU469420.4
CU469462.1,CU469462.1
CU469526.1,CU469526.1
CU469568.1,CU469568.1
CU469577.1,CU469577.1
CU550713.1,CU550713.1
CU570689.2,CU570689.2
CU570769.1,CU570769.1
CU570893.1,CU570893.1
CU570894.1,CU570894.1
CU570894.2,CU570894.2
CU571074.1,CU571074.1
CU571079.1,CU571079.1
CU571081.1,CU571081.1
CU571315.1,CU571315.1
CU571318.1,CU571318.1
CU571324.1,CU571324.1
CU571331.1,CU571331.1
CU628002.1,CU628002.1
CU633479.2,CU633479.2
CU633479.6,CU633479.6
CU633991.2,CU633991.2
CU638870.1,CU638870.1
CU639468.1,CU639468.1
CU639469.1,CU639469.1
CU640433.1,CU640433.1
CU655842.1,CU655842.1
CU655845.1,CU655845.1
CU655961.2,CU655961.2
CU655961.4,CU655961.4
CU657977.1,CU657977.1
CU659670.1,CU659670.1
CU681836.1,CU681836.1
CU682777.2,CU682777.2
CU682811.2,CU682811.2
CU683879.2,CU683879.2
CU693494.2,CU693494.2
CU693502.1,CU693502.1
CU694197.1,CU694197.1
CU694321.1,CU694321.1
CU694380.1,CU694380.1
CU694481.1,CU694481.1
CU694486.1,CU694486.1
CU695215.2,CU695215.2
CU855759.1,CU855759.1
CU855889.2,CU855889.2
CU855930.2,CU855930.2
CU855936.1,CU855936.1
CU856344.1,CU856344.1
CU856358.1,CU856358.1
CU856423.1,CU856423.1
CU856520.1,CU856520.1
CU856539.2,CU856539.2
CU856622.1,CU856622.1
CU861453.1,CU861453.1
CU861477.1,CU861477.1
CU862021.1,CU862021.1
CU862078.1,CU862078.1
CU896541.1,CU896541.1
CU914157.1,CU914157.1
CU914536.1,CU914536.1
CU914617.1,CU914617.1
CU914622.2,CU914622.2
CU927890.1,CU927890.1
CU927934.3,CU927934.3
CU928013.1,CU928013.1
CU928117.1,CU928117.1
CU928129.1,CU928129.1
CU929037.1,CU929037.1
CU929070.1,CU929070.1
CU929143.1,CU929143.1
CU929145.2,CU929145.2
CU929160.1,CU929160.1
CU929178.1,CU929178.1
CU929230.1,CU929230.1
CU929259.1,CU929259.1
CU929294.1,CU929294.1
CU929312.1,CU929312.1
CU929391.1,CU929391.1
CU929402.1,CU929402.1
CU929418.1,CU929418.1
CU929444.1,CU929444.1
CU929451.1,CU929451.1
CU929451.2,CU929451.2
CU972512.1,CU972512.1
CU984600.1,CU984600.1
CU984600.2,CU984600.2
CYP27A1,CYP27A1
CYP2C9,CYP2C9
CYTH2,CYTH2
CZQB01095947.1,CZQB01095947.1
CZQB01141835.2,CZQB01141835.2
DGKD,DGKD
DHX35,DHX35
DISP3,DISP3
DMWD,DMWD
DNAJA4,DNAJA4
DOCK9,DOCK9
DST,DST
DTX4,DTX4
DUT,DUT
DYRK3,DYRK3
E2F2,E2F2
ECE2,ECE2
ECPAS,ECPAS
EIF1B,EIF1B
EML5,EML5
EPB41L2,EPB41L2
ERC1,ERC1
F2RL3,F2RL3
FADS6,FADS6
FAM109B,FAM109B
FAM124A,FAM124A
FAM72B,FAM72B
FAM83G,FAM83G
FAT4,FAT4
FBXL19,FBXL19
FBXO46,FBXO46
FBXO48,FBXO48
FIBCD1,FIBCD1
FIG4,FIG4
FITM1,FITM1
FNDC10,FNDC10
FO082877.1,FO082877.1
FO203432.1,FO203432.1
FO681357.1,FO681357.1
FO681390.1,FO681390.1
FO704661.1,FO704661.1
FO704721.1,FO704721.1
FO704736.1,FO704736.1
FO704741.1,FO704741.1
FO704745.1,FO704745.1
FO704750.1,FO704750.1
FO704755.1,FO704755.1
FO704772.1,FO704772.1
FO704779.1,FO704779.1
FO704786.1,FO704786.1
FO704871.1,FO704871.1
FO704915.1,FO704915.1
FO744833.2,FO744833.2
FO818711.1,FO818711.1
FO834799.1,FO834799.1
FO834800.1,FO834800.1
FO834803.1,FO834803.1
FO834814.1,FO834814.1
FO834831.1,FO834831.1
FO834840.1,FO834840.1
FO904885.3,FO904885.3
FO904943.1,FO904943.1
FO904980.1,FO904980.1
FO905040.1,FO905040.1
FP015850.1,FP015850.1
FP015862.2,FP015862.2
FP015919.1,FP015919.1
FP015972.1,FP015972.1
FP017161.1,FP017161.1
FP017215.1,FP017215.1
FP017217.1,FP017217.1
FP017274.1,FP017274.1
FP017295.1,FP017295.1
FP074874.1,FP074874.1
FP074874.2,FP074874.2
FP074874.4,FP074874.4
FP074902.2,FP074902.2
FP085398.1,FP085398.1
FP085400.1,FP085400.1
FP085414.1,FP085414.1
FP101861.1,FP101861.1
FP101882.1,FP101882.1
FP101887.1,FP101887.1
FP101914.1,FP101914.1
FP102018.1,FP102018.1
FP102120.1,FP102120.1
FP102171.1,FP102171.1
FP102192.1,FP102192.1
FP102192.2,FP102192.2
FP102783.1,FP102783.1
FP236812.1,FP236812.1
FP236812.2,FP236812.2
FP236812.3,FP236812.3
FP236812.4,FP236812.4
FP243383.1,FP243383.1
FP245458.1,FP245458.1
FP245462.1,FP245462.1
FP325123.1,FP325123.1
FP325123.2,FP325123.2
FP325130.1,FP325130.1
FP326649.1,FP326649.1
FP340257.1,FP340257.1
FP565451.1,FP565451.1
FP885542.2,FP885542.2
FQ311908.1,FQ311908.1
FQ311928.1,FQ311928.1
FQ311955.1,FQ311955.1
FQ312024.1,FQ312024.1
FQ323119.1,FQ323119.1
FQ323156.1,FQ323156.1
FQ377896.1,FQ377896.1
FQ377903.1,FQ377903.1
FQ377903.3,FQ377903.3
FQ790208.1,FQ790208.1
FQ976913.1,FQ976913.1
FQ976914.1,FQ976914.1
FRMD4A,FRMD4A
FRMD5,FRMD5
GALNTL6,GALNTL6
GDPGP1,GDPGP1
GHITM,GHITM
GID4,GID4
GK3P,GK3P
GMEB2,GMEB2
GNAZ,GNAZ
GPR89A,GPR89A
GRB14,GRB14
GSTZ1,GSTZ1
GTPBP8,GTPBP8
HACD4,HACD4
HADHB,HADHB
HECTD4,HECTD4
HHEX,HHEX
HIST1H4B,HIST1H4B
HIST1H4I,HIST1H4I
HIST1H4J,HIST1H4J
HIST2H3C,HIST2H3C
HOOK3,HOOK3
HUS1,HUS1
IGLON5,IGLON5
IKZF2,IKZF2
IKZF4,IKZF4
INAVA,INAVA
IRAK4,IRAK4
ITGB1BP2,ITGB1BP2
IZUMO1R,IZUMO1R
KCNIP4,KCNIP4
KCNN2,KCNN2
KCTD15,KCTD15
KHDRBS3,KHDRBS3
KIAA0895L,KIAA0895L
KIF2A,KIF2A
KLHL12,KLHL12
KLHL28,KLHL28
LAMP1,LAMP1
LEPROTL1,LEPROTL1
LIN28A,LIN28A
LO016987.2,LO016987.2
LO017711.1,LO017711.1
LO017739.1,LO017739.1
LO017771.1,LO017771.1
LO017784.1,LO017784.1
LO017790.1,LO017790.1
LO017798.1,LO017798.1
LO017852.1,LO017852.1
LO017877.2,LO017877.2
LO017901.1,LO017901.1
LO017917.1,LO017917.1
LO017951.1,LO017951.1
LO017965.1,LO017965.1
LO018013.1,LO018013.1
LO018021.1,LO018021.1
LO018029.1,LO018029.1
LO018124.1,LO018124.1
LO018128.1,LO018128.1
LO018148.1,LO018148.1
LO018154.1,LO018154.1
LO018176.1,LO018176.1
LO018188.1,LO018188.1
LO018197.1,LO018197.1
LO018336.1,LO018336.1
LO018474.1,LO018474.1
LO018541.1,LO018541.1
LO018557.1,LO018557.1
LRFN3,LRFN3
LRRC52,LRRC52
LRRC56,LRRC56
LRRC69,LRRC69
LRRC75A,LRRC75A
LRRC8E,LRRC8E
LSAMP,LSAMP
LTN1,LTN1
LUC7L2,LUC7L2
LYRM4,LYRM4
MAD2L2,MAD2L2
MANEAL,MANEAL
MARK4,MARK4
MDFI,MDFI
MDFIC,MDFIC
MED8,MED8
MED9,MED9
MEPCE,MEPCE
METTL18,METTL18
MEX3A,MEX3A
MGC174155,MGC174155
MIB2,MIB2
MPRIP,MPRIP
MSANTD2,MSANTD2
MTERF1,MTERF1
MYADM,MYADM
MYO1D,MYO1D
MYO9B,MYO9B
MYRFL,MYRFL
MZT1,MZT1
NCKAP1L,NCKAP1L
NC-002333.1,NC-002333.1
NC-002333.10,NC-002333.10
NC-002333.12,NC-002333.12
NC-002333.14,NC-002333.14
NC-002333.15,NC-002333.15
NC-002333.16,NC-002333.16
NC-002333.17,NC-002333.17
NC-002333.18,NC-002333.18
NC-002333.2,NC-002333.2
NC-002333.20,NC-002333.20
NC-002333.22,NC-002333.22
NC-002333.23,NC-002333.23
NC-002333.24,NC-002333.24
NC-002333.4,NC-002333.4
NC-002333.5,NC-002333.5
NC-002333.6,NC-002333.6
NC-002333.7,NC-002333.7
NC-002333.8,NC-002333.8
NC-002333.9,NC-002333.9
NDUFA13,NDUFA13
NDUFAF8,NDUFAF8
NDUFB1,NDUFB1
NDUFC1,NDUFC1
NKAPD1,NKAPD1
NPAS3,NPAS3
NPNT,NPNT
NSUN3,NSUN3
NUP85,NUP85
OSBPL8,OSBPL8
OSCP1,OSCP1
OTOP1,OTOP1
PAQR9,PAQR9
PAXBP1,PAXBP1
PCP4L1,PCP4L1
PDCL3,PDCL3
PDE3B,PDE3B
PDPR,PDPR
PEPD,PEPD
PHF21B,PHF21B
PITPNM2,PITPNM2
PLA1A,PLA1A
PPP1CC,PPP1CC
PPP2CA,PPP2CA
PRDM15,PRDM15
PRDM16,PRDM16
PRKAR2B,PRKAR2B
PRRC2B,PRRC2B
PSMD2,PSMD2
PTGR1,PTGR1
PXMP4,PXMP4
PYURF,PYURF
R3HDM2,R3HDM2
RAB21,RAB21
RAC1,RAC1
RANBP2,RANBP2
RARRES3,RARRES3
RASSF10,RASSF10
RASSF5,RASSF5
RBMS1,RBMS1
RETSAT,RETSAT
RF00099,RF00099
RF00213,RF00213
RF00231,RF00231
RF00274,RF00274
RF00407,RF00407
RF00412,RF00412
RF00413,RF00413
RF00430,RF00430
RF00443,RF00443
RF00494,RF00494
RF00608,RF00608
RF01190,RF01190
RF01234,RF01234
RF01268,RF01268
RF01277,RF01277
RHO,RHO
RHOBTB3,RHOBTB3
RIC1,RIC1
RNF157,RNF157
RNF219,RNF219
RPL41,RPL41
RSL24D1,RSL24D1
RYR2,RYR2
SAMD8,SAMD8
SCYL2,SCYL2
SEC14L1,SEC14L1
SEMA4D,SEMA4D
SEMA4F,SEMA4F
SEPT4,SEPT4
SERP1,SERP1
SFMBT1,SFMBT1
SH3TC1,SH3TC1
SHC3,SHC3
SHKBP1,SHKBP1
SLC39A11,SLC39A11
SLC9B2,SLC9B2
SMARCA4,SMARCA4
SMIM10,SMIM10
SMIM30,SMIM30
SMIM36,SMIM36
SNTA1,SNTA1
SPDEF,SPDEF
SYNPR,SYNPR
TAGAP,TAGAP
TATDN3,TATDN3
TBC1D8B,TBC1D8B
TCF4,TCF4
TCIM,TCIM
TENM2,TENM2
TENM3,TENM3
THEM6,THEM6
TIMM21,TIMM21
TIMM22,TIMM22
TMEM102,TMEM102
TMEM14A,TMEM14A
TMEM164,TMEM164
TMEM19,TMEM19
TMEM208,TMEM208
TMEM216,TMEM216
TMEM235,TMEM235
TMEM8B,TMEM8B
TOM1L2,TOM1L2
TST,TST
TSTA3,TSTA3
TTC28,TTC28
TTC9,TTC9
TWF1,TWF1
UBE2M,UBE2M
UBLCP1,UBLCP1
USP34,USP34
VSTM5,VSTM5
VWDE,VWDE
WDR1,WDR1
WDR7,WDR7
WDR70,WDR70
XKR4,XKR4
XPO5,XPO5
XRCC2,XRCC2
ZBTB26,ZBTB26
ZNF335,ZNF335
ZNF423,ZNF423
ZNF462,ZNF462
ZNF512B,ZNF512B
ZXDC,ZXDC
a1cf,a1cf
aaas,aaas
aadat,aadat
aagab,aagab
aak1a,aak1a
aak1b,aak1b
aamdc,aamdc
aamp,aamp
aanat1,aanat1
aar2,aar2
aars,aars
aars2,aars2
aarsd1,aarsd1
aasdhppt,aasdhppt
aass,aass
aatf,aatf
aatka,aatka
aatkb,aatkb
abat,abat
abca12,abca12
abca1a,abca1a
abca1b,abca1b
abca2,abca2
abca3b,abca3b
abca4a,abca4a
abca4b,abca4b
abca5,abca5
abcb10,abcb10
abcb4,abcb4
abcb5,abcb5
abcb7,abcb7
abcb8,abcb8
abcb9,abcb9
abcc1,abcc1
abcc10,abcc10
abcc13,abcc13
abcc2,abcc2
abcc3,abcc3
abcc4,abcc4
abcc5,abcc5
abcc6a,abcc6a
abcd2,abcd2
abcd3a,abcd3a
abcd3b,abcd3b
abcd4,abcd4
abce1,abce1
abcf1,abcf1
abcf2a,abcf2a
abcg2a,abcg2a
abcg2c,abcg2c
abcg2d,abcg2d
abhd10a,abhd10a
abhd12,abhd12
abhd13,abhd13
abhd14a,abhd14a
abhd14b,abhd14b
abhd15a,abhd15a
abhd16a,abhd16a
abhd17aa,abhd17aa
abhd17ab,abhd17ab
abhd17b,abhd17b
abhd17c,abhd17c
abhd18,abhd18
abhd2a,abhd2a
abhd3,abhd3
abhd4,abhd4
abhd5b,abhd5b
abhd6a,abhd6a
abhd8b,abhd8b
abi1a,abi1a
abi1b,abi1b
abi2a,abi2a
abi2b,abi2b
abi3a,abi3a
abi3b,abi3b
abi3bpb,abi3bpb
abl1,abl1
abl2,abl2
ablim1a,ablim1a
ablim1b,ablim1b
ablim3,ablim3
abraa,abraa
abracl,abracl
abraxas2a,abraxas2a
abraxas2b,abraxas2b
abt1,abt1
abtb1,abtb1
abtb2a,abtb2a
abtb2b,abtb2b
acaa1,acaa1
acaa2,acaa2
acaca,acaca
acacb,acacb
acad11,acad11
acad8,acad8
acad9,acad9
acadl,acadl
acadm,acadm
acads,acads
acadsb,acadsb
acadvl,acadvl
acap1,acap1
acap2,acap2
acap3a,acap3a
acap3b,acap3b
acat1,acat1
acat2,acat2
acbd3,acbd3
acbd4,acbd4
acbd5a,acbd5a
acbd6,acbd6
acbd7,acbd7
accs,accs
acd,acd
ace,ace
acer1,acer1
ache,ache
acin1a,acin1a
acin1b,acin1b
ackr3a,ackr3a
ackr3b,ackr3b
ackr4b,ackr4b
aclya,aclya
acmsd,acmsd
aco1,aco1
aco2,aco2
acod1,acod1
acot11a,acot11a
acot13,acot13
acot14,acot14
acot15,acot15
acot16,acot16
acot18,acot18
acot20,acot20
acot7,acot7
acot8,acot8
acot9.1,acot9.1
acot9.2,acot9.2
acox1,acox1
acp1,acp1
acp2,acp2
acp5a,acp5a
acp6,acp6
acsbg2,acsbg2
acsf2,acsf2
acsl1a,acsl1a
acsl1b,acsl1b
acsl2,acsl2
acsl3a,acsl3a
acsl3b,acsl3b
acsl4a,acsl4a
acsl5,acsl5
acsm3,acsm3
acss1,acss1
acss2,acss2
acss3,acss3
acta1a,acta1a
acta1b,acta1b
acta2,acta2
actb1,actb1
actb2,actb2
actc1a,actc1a
actc1b,actc1b
actc1c,actc1c
actl6a,actl6a
actn1,actn1
actn2b,actn2b
actn3a,actn3a
actn3b,actn3b
actn4,actn4
actr1,actr1
actr10,actr10
actr2a,actr2a
actr2b,actr2b
actr3,actr3
actr3b,actr3b
actr5,actr5
actr6,actr6
actr8,actr8
acvr1ba,acvr1ba
acvr1bb,acvr1bb
acvr1l,acvr1l
acvr2aa,acvr2aa
acvr2ba,acvr2ba
acvr2bb,acvr2bb
acvrl1,acvrl1
acy1,acy1
acy3.1,acy3.1
acy3.2,acy3.2
acyp1,acyp1
ada,ada
ada2a,ada2a
ada2b,ada2b
adal,adal
adam10a,adam10a
adam10b,adam10b
adam15,adam15
adam17a,adam17a
adam17b,adam17b
adam19a,adam19a
adam19b,adam19b
adam22,adam22
adam23a,adam23a
adam28,adam28
adam8a,adam8a
adam9,adam9
adamts10,adamts10
adamts12,adamts12
adamts15a,adamts15a
adamts18,adamts18
adamts2,adamts2
adamts3,adamts3
adamts6,adamts6
adamts9,adamts9
adamtsl2,adamtsl2
adamtsl5,adamtsl5
adamtsl7,adamtsl7
adap2,adap2
adar,adar
adarb1a,adarb1a
adat1,adat1
adat2,adat2
adat3,adat3
adck1,adck1
adck2,adck2
adck5,adck5
adcy1b,adcy1b
adcy2b,adcy2b
adcy5,adcy5
adcy6a,adcy6a
adcy6b,adcy6b
adcy7,adcy7
adcy8,adcy8
adcyap1b,adcyap1b
add1,add1
add2,add2
add3a,add3a
add3b,add3b
adgb,adgb
adgra2,adgra2
adgra3,adgra3
adgrb1a,adgrb1a
adgrb3,adgrb3
adgre10,adgre10
adgre5b.3,adgre5b.3
adgrf3b,adgrf3b
adgrf6,adgrf6
adgrf8,adgrf8
adgrg1,adgrg1
adgrg2a,adgrg2a
adgrg3,adgrg3
adgrg4b,adgrg4b
adgrg6,adgrg6
adgrl2a,adgrl2a
adgrl2b.1,adgrl2b.1
adgrl3.1,adgrl3.1
adgrl4,adgrl4
adgrv1,adgrv1
adh5,adh5
adh8b,adh8b
adhfe1,adhfe1
adi1,adi1
adipor1a,adipor1a
adipor1b,adipor1b
adipor2,adipor2
adka,adka
adma,adma
admb,admb
adnp2a,adnp2a
adnp2b,adnp2b
adnpa,adnpa
adnpb,adnpb
adoa,adoa
adob,adob
adora2aa,adora2aa
adpgk,adpgk
adpgk2,adpgk2
adprh,adprh
adprhl1,adprhl1
adprhl2,adprhl2
adprm,adprm
adra1d,adra1d
adra2da,adra2da
adrb2a,adrb2a
adrb2b,adrb2b
adrb3a,adrb3a
adrm1,adrm1
adsl,adsl
adssl,adssl
adssl1,adssl1
aebp1,aebp1
aebp2,aebp2
aep1,aep1
aes,aes
afap1,afap1
afap1l1a,afap1l1a
afap1l1b,afap1l1b
afap1l2,afap1l2
afdna,afdna
aff2,aff2
aff3,aff3
aff4,aff4
afg1la,afg1la
afg1lb,afg1lb
afg3l2,afg3l2
afmid,afmid
afp4,afp4
aga,aga
agap1,agap1
agap2,agap2
agbl2,agbl2
agbl5,agbl5
agfg1a,agfg1a
agfg1b,agfg1b
aggf1,aggf1
agk,agk
agla,agla
agmat,agmat
agmo,agmo
ago1,ago1
ago3a,ago3a
ago3b,ago3b
ago4,ago4
agpat2,agpat2
agpat3,agpat3
agpat4,agpat4
agpat5,agpat5
agpat9l,agpat9l
agps,agps
agr1,agr1
agr2,agr2
agrn,agrn
agrp,agrp
agtr2,agtr2
agtrap,agtrap
agxt2,agxt2
agxta,agxta
ahctf1,ahctf1
ahcy,ahcy
ahcyl1,ahcyl1
ahcyl2,ahcyl2
ahdc1,ahdc1
ahi1,ahi1
ahnak,ahnak
ahr2,ahr2
ahsa1a,ahsa1a
ahsa1b,ahsa1b
aida,aida
aif1l,aif1l
aifm1,aifm1
aifm2,aifm2
aifm4,aifm4
aim1a,aim1a
aim1b,aim1b
aimp1,aimp1
aimp2,aimp2
aip,aip
ajuba,ajuba
ak1,ak1
ak2,ak2
ak3,ak3
ak4,ak4
ak5,ak5
ak5l,ak5l
ak7a,ak7a
ak7b,ak7b
ak8,ak8
ak9,ak9
akap10,akap10
akap11,akap11
akap12b,akap12b
akap17a,akap17a
akap1b,akap1b
akap6,akap6
akap8l,akap8l
akap9,akap9
akip1,akip1
akirin1,akirin1
akirin2,akirin2
akna,akna
akr1a1b,akr1a1b
akr1b1,akr1b1
akr7a3,akr7a3
akt1s1,akt1s1
akt2,akt2
akt2l,akt2l
akt3a,akt3a
akt3b,akt3b
aktip,aktip
alad,alad
alas1,alas1
alas2,alas2
alcama,alcama
alcamb,alcamb
aldh16a1,aldh16a1
aldh18a1,aldh18a1
aldh1a2,aldh1a2
aldh1a3,aldh1a3
aldh1l1,aldh1l1
aldh1l2,aldh1l2
aldh2.1,aldh2.1
aldh2.2,aldh2.2
aldh3a1,aldh3a1
aldh3a2a,aldh3a2a
aldh3a2b,aldh3a2b
aldh3b1,aldh3b1
aldh4a1,aldh4a1
aldh6a1,aldh6a1
aldh7a1,aldh7a1
aldh8a1,aldh8a1
aldh9a1a.1,aldh9a1a.1
aldh9a1a.2,aldh9a1a.2
aldh9a1b,aldh9a1b
aldoaa,aldoaa
aldoab,aldoab
aldob,aldob
aldocb,aldocb
alg1,alg1
alg10,alg10
alg11,alg11
alg12,alg12
alg13,alg13
alg14,alg14
alg2,alg2
alg3,alg3
alg6,alg6
alg8,alg8
alg9,alg9
alkal2b,alkal2b
alkbh1,alkbh1
alkbh2,alkbh2
alkbh3,alkbh3
alkbh4,alkbh4
alkbh5,alkbh5
alkbh6,alkbh6
alkbh7,alkbh7
alkbh8,alkbh8
allc,allc
alms1,alms1
alox12,alox12
alox5a,alox5a
alox5ap,alox5ap
alox5b.3,alox5b.3
alpi.1,alpi.1
alpk2,alpk2
alpk3a,alpk3a
alpk3b,alpk3b
alpl,alpl
als2a,als2a
als2b,als2b
alx1,alx1
alx4a,alx4a
alx4b,alx4b
alyref,alyref
amacr,amacr
ambp,ambp
ambra1a,ambra1a
ambra1b,ambra1b
amd1,amd1
amdhd2,amdhd2
amer1,amer1
amer2,amer2
amfra,amfra
amh,amh
ammecr1,ammecr1
amn1,amn1
amot,amot
amotl2a,amotl2a
amotl2b,amotl2b
ampd2b,ampd2b
ampd3b,ampd3b
amph,amph
amt,amt
anapc1,anapc1
anapc10,anapc10
anapc11,anapc11
anapc13,anapc13
anapc15,anapc15
anapc16,anapc16
anapc2,anapc2
anapc4,anapc4
anapc5,anapc5
anapc7,anapc7
and1,and1
and2,and2
and3,and3
angel1,angel1
angel2,angel2
angpt1,angpt1
angptl1a,angptl1a
angptl1b,angptl1b
angptl2a,angptl2a
angptl2b,angptl2b
angptl3,angptl3
angptl4,angptl4
angptl5,angptl5
angptl6,angptl6
angptl7,angptl7
ank1a,ank1a
ank1b,ank1b
ank2a,ank2a
ank2b,ank2b
ankdd1a,ankdd1a
ankef1a,ankef1a
ankfy1,ankfy1
ankha,ankha
ankhb,ankhb
ankhd1,ankhd1
ankib1a,ankib1a
ankib1b,ankib1b
ankk1,ankk1
ankle2,ankle2
ankmy1,ankmy1
ankmy2a,ankmy2a
ankra2,ankra2
ankrd10a,ankrd10a
ankrd10b,ankrd10b
ankrd11,ankrd11
ankrd12,ankrd12
ankrd13a,ankrd13a
ankrd13b,ankrd13b
ankrd13c,ankrd13c
ankrd13d,ankrd13d
ankrd16,ankrd16
ankrd1a,ankrd1a
ankrd22,ankrd22
ankrd24,ankrd24
ankrd28b,ankrd28b
ankrd29,ankrd29
ankrd39,ankrd39
ankrd40,ankrd40
ankrd45,ankrd45
ankrd46a,ankrd46a
ankrd46b,ankrd46b
ankrd49,ankrd49
ankrd54,ankrd54
ankrd6b,ankrd6b
anks1b,anks1b
anks3,anks3
ankzf1,ankzf1
anln,anln
ano10a,ano10a
ano10b,ano10b
ano11,ano11
ano2,ano2
ano5b,ano5b
ano8b,ano8b
ano9a,ano9a
ano9b,ano9b
anos1a,anos1a
anos1b,anos1b
anp32a,anp32a
anp32b,anp32b
anp32e,anp32e
antxr1c,antxr1c
antxr1d,antxr1d
antxr2a,antxr2a
anxa11a,anxa11a
anxa11b,anxa11b
anxa13,anxa13
anxa13l,anxa13l
anxa1a,anxa1a
anxa1b,anxa1b
anxa1c,anxa1c
anxa2a,anxa2a
anxa3a,anxa3a
anxa3b,anxa3b
anxa4,anxa4
anxa5b,anxa5b
anxa6,anxa6
aoc2,aoc2
aox5,aox5
ap1ar,ap1ar
ap1b1,ap1b1
ap1g1,ap1g1
ap1g2,ap1g2
ap1m1,ap1m1
ap1m2,ap1m2
ap1s1,ap1s1
ap1s2,ap1s2
ap1s3b,ap1s3b
ap2a1,ap2a1
ap2b1,ap2b1
ap2m1b,ap2m1b
ap2s1,ap2s1
ap3d1,ap3d1
ap3m1,ap3m1
ap3m2,ap3m2
ap3s2,ap3s2
ap4b1,ap4b1
ap4e1,ap4e1
ap4m1,ap4m1
ap4s1,ap4s1
ap5b1,ap5b1
ap5m1,ap5m1
ap5s1,ap5s1
ap5z1,ap5z1
apaf1,apaf1
apba1a,apba1a
apba1b,apba1b
apba2a,apba2a
apba2b,apba2b
apbb1,apbb1
apbb1ip,apbb1ip
apbb2b,apbb2b
apc,apc
apcdd1l,apcdd1l
apeh,apeh
apela,apela
apex1,apex1
apex2,apex2
aph1b,aph1b
api5,api5
apip,apip
apln,apln
aplnr2,aplnr2
aplnra,aplnra
aplnrb,aplnrb
aplp1,aplp1
aplp2,aplp2
apmap,apmap
apoa1a,apoa1a
apoa1b,apoa1b
apoa2,apoa2
apoa4a,apoa4a
apoa4b.1,apoa4b.1
apobb.1,apobb.1
apobec2a,apobec2a
apoc1,apoc1
apoc2,apoc2
apoda.1,apoda.1
apodb,apodb
apoeb,apoeb
apof,apof
apol1,apol1
apooa,apooa
apoob,apoob
apool,apool
apopt1,apopt1
appa,appa
appb,appb
appbp2,appbp2
appl1,appl1
appl2,appl2
aprt,aprt
aptx,aptx
aqp11,aqp11
aqp12,aqp12
aqp1a.1,aqp1a.1
aqp3a,aqp3a
aqp7,aqp7
aqp8a.1,aqp8a.1
aqp8b,aqp8b
aqr,aqr
ar,ar
araf,araf
arap3,arap3
arcn1a,arcn1a
arcn1b,arcn1b
areg,areg
arf1,arf1
arf2a,arf2a
arf4a,arf4a
arf4b,arf4b
arf5,arf5
arf6a,arf6a
arf6b,arf6b
arfgap2,arfgap2
arfgap3,arfgap3
arfgef1,arfgef1
arfgef2,arfgef2
arfip1,arfip1
arfip2a,arfip2a
arfrp1,arfrp1
arg2,arg2
arglu1a,arglu1a
arglu1b,arglu1b
arhgap1,arhgap1
arhgap10,arhgap10
arhgap11a,arhgap11a
arhgap12a,arhgap12a
arhgap12b,arhgap12b
arhgap15,arhgap15
arhgap17a,arhgap17a
arhgap17b,arhgap17b
arhgap19,arhgap19
arhgap21a,arhgap21a
arhgap21b,arhgap21b
arhgap22,arhgap22
arhgap23a,arhgap23a
arhgap24,arhgap24
arhgap25,arhgap25
arhgap27,arhgap27
arhgap27l,arhgap27l
arhgap29a,arhgap29a
arhgap29b,arhgap29b
arhgap32a,arhgap32a
arhgap32b,arhgap32b
arhgap33,arhgap33
arhgap35a,arhgap35a
arhgap35b,arhgap35b
arhgap36,arhgap36
arhgap39,arhgap39
arhgap42a,arhgap42a
arhgap4a,arhgap4a
arhgap4b,arhgap4b
arhgap5,arhgap5
arhgdia,arhgdia
arhgdig,arhgdig
arhgef10la,arhgef10la
arhgef10lb,arhgef10lb
arhgef11,arhgef11
arhgef12a,arhgef12a
arhgef12b,arhgef12b
arhgef16,arhgef16
arhgef18a,arhgef18a
arhgef18b,arhgef18b
arhgef19,arhgef19
arhgef1a,arhgef1a
arhgef1b,arhgef1b
arhgef2,arhgef2
arhgef25b,arhgef25b
arhgef28,arhgef28
arhgef33,arhgef33
arhgef37,arhgef37
arhgef38,arhgef38
arhgef39,arhgef39
arhgef3l,arhgef3l
arhgef4,arhgef4
arhgef40,arhgef40
arhgef6,arhgef6
arhgef7a,arhgef7a
arhgef7b,arhgef7b
arhgef9b,arhgef9b
arid1aa,arid1aa
arid1ab,arid1ab
arid1b,arid1b
arid2,arid2
arid3a,arid3a
arid3b,arid3b
arid3c,arid3c
arid4a,arid4a
arid5a,arid5a
arid5b,arid5b
arih1,arih1
arih1l,arih1l
arih2,arih2
arl1,arl1
arl11,arl11
arl13a,arl13a
arl13b,arl13b
arl14ep,arl14ep
arl15a,arl15a
arl16,arl16
arl2,arl2
arl2bp,arl2bp
arl3,arl3
arl3l1,arl3l1
arl3l2,arl3l2
arl4aa,arl4aa
arl4ab,arl4ab
arl4ca,arl4ca
arl4cb,arl4cb
arl4d,arl4d
arl5a,arl5a
arl5c,arl5c
arl6,arl6
arl6ip1,arl6ip1
arl6ip4,arl6ip4
arl6ip5a,arl6ip5a
arl6ip5b,arl6ip5b
arl6ip6,arl6ip6
arl8,arl8
arl8a,arl8a
arl8ba,arl8ba
arl8bb,arl8bb
arl9,arl9
armc1,armc1
armc10,armc10
armc1l,armc1l
armc2,armc2
armc3,armc3
armc4,armc4
armc5,armc5
armc7,armc7
armc8,armc8
armc9,armc9
armt1,armt1
arnt2,arnt2
arntl1a,arntl1a
arntl1b,arntl1b
arntl2,arntl2
arpc1a,arpc1a
arpc1b,arpc1b
arpc2,arpc2
arpc3,arpc3
arpc4,arpc4
arpc4l,arpc4l
arpc5a,arpc5a
arpc5b,arpc5b
arpc5la,arpc5la
arpc5lb,arpc5lb
arpin,arpin
arpp19a,arpp19a
arpp19b,arpp19b
arpp21,arpp21
arrb2a,arrb2a
arrb2b,arrb2b
arrdc1a,arrdc1a
arrdc2,arrdc2
arrdc3a,arrdc3a
arrdc3b,arrdc3b
arsg,arsg
arsia,arsia
arsj,arsj
arsk,arsk
artnb,artnb
arv1,arv1
arvcfb,arvcfb
arxa,arxa
arxb,arxb
as3mt,as3mt
asah1a,asah1a
asah1b,asah1b
asap1a,asap1a
asap1b,asap1b
asap2a,asap2a
asap2b,asap2b
asap3,asap3
asb11,asb11
asb12a,asb12a
asb12b,asb12b
asb13b,asb13b
asb16,asb16
asb2b,asb2b
asb3,asb3
asb4,asb4
asb5b,asb5b
asb6,asb6
asb7,asb7
asb8,asb8
ascc1,ascc1
ascc2,ascc2
ascc3,ascc3
ascl1a,ascl1a
asf1ba,asf1ba
asf1bb,asf1bb
ash1l,ash1l
ash2l,ash2l
asic1c,asic1c
asic2,asic2
asic4b,asic4b
asip2b,asip2b
asl,asl
asmt,asmt
asmt2,asmt2
asmtl,asmtl
asna1,asna1
asns,asns
asnsd1,asnsd1
aspg,aspg
asph,asph
asphd2,asphd2
aspm,aspm
aspn,aspn
aspscr1,aspscr1
asrgl1,asrgl1
astn1,astn1
asxl1,asxl1
atad1a,atad1a
atad1b,atad1b
atad2,atad2
atad2b,atad2b
atad5a,atad5a
atad5b,atad5b
atat1,atat1
atcaya,atcaya
atf1,atf1
atf3,atf3
atf4a,atf4a
atf4b,atf4b
atf5b,atf5b
atf6,atf6
atf7a,atf7a
atf7b,atf7b
atf7ip,atf7ip
atf7ip2,atf7ip2
atg10,atg10
atg101,atg101
atg12,atg12
atg13,atg13
atg16l1,atg16l1
atg3,atg3
atg4a,atg4a
atg4b,atg4b
atg4c,atg4c
atg4da,atg4da
atg5,atg5
atg7,atg7
atg9a,atg9a
atg9b,atg9b
atic,atic
atl2,atl2
atl3,atl3
atm,atm
atn1,atn1
atoh1a,atoh1a
atoh1b,atoh1b
atoh8,atoh8
atox1,atox1
atp10a,atp10a
atp10b,atp10b
atp10d,atp10d
atp11a,atp11a
atp11c,atp11c
atp13a1,atp13a1
atp13a2,atp13a2
atp13a3,atp13a3
atp1a1a.1,atp1a1a.1
atp1a1a.2,atp1a1a.2
atp1a1a.3,atp1a1a.3
atp1a1a.4,atp1a1a.4
atp1a1b,atp1a1b
atp1a2a,atp1a2a
atp1a3a,atp1a3a
atp1a3b,atp1a3b
atp1b1a,atp1b1a
atp1b1b,atp1b1b
atp1b2a,atp1b2a
atp1b3a,atp1b3a
atp1b3b,atp1b3b
atp1b4,atp1b4
atp23,atp23
atp2a1,atp2a1
atp2a2a,atp2a2a
atp2a3,atp2a3
atp2b1a,atp2b1a
atp2b1b,atp2b1b
atp2b2,atp2b2
atp2b3a,atp2b3a
atp2b3b,atp2b3b
atp2c1,atp2c1
atp5f1b,atp5f1b
atp5f1c,atp5f1c
atp5f1d,atp5f1d
atp5f1e,atp5f1e
atp5fa1,atp5fa1
atp5if1a,atp5if1a
atp5if1b,atp5if1b
atp5l,atp5l
atp5mc1,atp5mc1
atp5mc3a,atp5mc3a
atp5mc3b,atp5mc3b
atp5mea,atp5mea
atp5meb,atp5meb
atp5mf,atp5mf
atp5pb,atp5pb
atp5pd,atp5pd
atp5pf,atp5pf
atp5po,atp5po
atp5s,atp5s
atp6ap1a,atp6ap1a
atp6ap1b,atp6ap1b
atp6ap2,atp6ap2
atp6v0a1a,atp6v0a1a
atp6v0a1b,atp6v0a1b
atp6v0a2a,atp6v0a2a
atp6v0a2b,atp6v0a2b
atp6v0b,atp6v0b
atp6v0ca,atp6v0ca
atp6v0cb,atp6v0cb
atp6v0d1,atp6v0d1
atp6v1aa,atp6v1aa
atp6v1ab,atp6v1ab
atp6v1b2,atp6v1b2
atp6v1ba,atp6v1ba
atp6v1c1a,atp6v1c1a
atp6v1c1b,atp6v1c1b
atp6v1d,atp6v1d
atp6v1e1a,atp6v1e1a
atp6v1e1b,atp6v1e1b
atp6v1f,atp6v1f
atp6v1g1,atp6v1g1
atp6v1h,atp6v1h
atp7a,atp7a
atp8a2,atp8a2
atp8b1,atp8b1
atp9b,atp9b
atpaf1,atpaf1
atpaf2,atpaf2
atpv0e2,atpv0e2
atr,atr
atraid,atraid
atrip,atrip
atrn,atrn
atrnl1b,atrnl1b
atrx,atrx
atrxl,atrxl
atxn10,atxn10
atxn1b,atxn1b
atxn2,atxn2
atxn2l,atxn2l
atxn3,atxn3
atxn7,atxn7
atxn7l1,atxn7l1
atxn7l2a,atxn7l2a
atxn7l2b,atxn7l2b
auh,auh
aup1,aup1
aurka,aurka
aurkaip1,aurkaip1
aurkb,aurkb
auts2a,auts2a
auts2b,auts2b
aven,aven
avil,avil
avl9,avl9
axdnd1,axdnd1
axin1,axin1
axin2,axin2
azin1a,azin1a
azin1b,azin1b
b2m,b2m
b2ml,b2ml
b3galnt2,b3galnt2
b3galt2,b3galt2
b3galt6,b3galt6
b3gat2,b3gat2
b3gat3,b3gat3
b3glcta,b3glcta
b3gnt2b,b3gnt2b
b3gnt2l,b3gnt2l
b3gnt3,b3gnt3
b3gnt5a,b3gnt5a
b3gnt5b,b3gnt5b
b3gnt7,b3gnt7
b3gnt7l,b3gnt7l
b3gntl1,b3gntl1
b4galnt3b,b4galnt3b
b4galnt4a,b4galnt4a
b4galt1l,b4galt1l
b4galt4,b4galt4
b4galt6,b4galt6
b4galt7,b4galt7
b4gat1,b4gat1
b9d1,b9d1
b9d2,b9d2
babam1,babam1
babam2,babam2
bach1b,bach1b
bach2a,bach2a
bach2b,bach2b
badb,badb
bag1,bag1
bag2,bag2
bag3,bag3
bag4,bag4
bag5,bag5
bag6,bag6
bag6l,bag6l
bahcc1a,bahcc1a
bahcc1b,bahcc1b
bahd1,bahd1
baiap2a,baiap2a
baiap2b,baiap2b
baiap2l1a,baiap2l1a
baiap2l1b,baiap2l1b
baiap2l2a,baiap2l2a
bambia,bambia
bambib,bambib
banf1,banf1
banp,banp
bap1,bap1
bard1,bard1
barhl1a,barhl1a
barhl2,barhl2
barx1,barx1
basp1,basp1
batf3,batf3
baxa,baxa
baxb,baxb
baz1a,baz1a
baz1b,baz1b
baz2a,baz2a
baz2ba,baz2ba
bbc3,bbc3
bbip1,bbip1
bbox1,bbox1
bbs1,bbs1
bbs10,bbs10
bbs12,bbs12
bbs2,bbs2
bbs4,bbs4
bbs5,bbs5
bbs7,bbs7
bbs9,bbs9
bbx,bbx
bcam,bcam
bcap29,bcap29
bcap31,bcap31
bcar1,bcar1
bcar3,bcar3
bcas2,bcas2
bcas3,bcas3
bcat1,bcat1
bcat2,bcat2
bccip,bccip
bcdin3d,bcdin3d
bckdha,bckdha
bckdhb,bckdhb
bckdhbl,bckdhbl
bckdk,bckdk
bcl10,bcl10
bcl11aa,bcl11aa
bcl11ab,bcl11ab
bcl11ba,bcl11ba
bcl2a,bcl2a
bcl2l1,bcl2l1
bcl2l10,bcl2l10
bcl2l13,bcl2l13
bcl2l16,bcl2l16
bcl3,bcl3
bcl6a,bcl6a
bcl6ab,bcl6ab
bcl6b,bcl6b
bcl7a,bcl7a
bcl7ba,bcl7ba
bcl7bb,bcl7bb
bcl9,bcl9
bcl9l,bcl9l
bco1,bco1
bcor,bcor
bcorl1,bcorl1
bcr,bcr
bcs1l,bcs1l
bdh1,bdh1
bdnf,bdnf
becn1,becn1
bend3,bend3
bend5,bend5
bet1,bet1
bet1l,bet1l
bfsp2,bfsp2
bglapl,bglapl
bgnb,bgnb
bhlha9,bhlha9
bhlhe22,bhlhe22
bhlhe40,bhlhe40
bhlhe41,bhlhe41
bhmt,bhmt
bicc1a,bicc1a
bicc2,bicc2
bicd2,bicd2
bicdl2,bicdl2
bicra,bicra
bicral,bicral
bida,bida
bik,bik
bin1b,bin1b
bin2a,bin2a
bin2b,bin2b
birc2,birc2
birc5a,birc5a
birc6,birc6
birc7,birc7
blcap,blcap
blf,blf
blm,blm
blmh,blmh
blnk,blnk
bloc1s1,bloc1s1
bloc1s2,bloc1s2
bloc1s3,bloc1s3
bloc1s4,bloc1s4
bloc1s5,bloc1s5
bloc1s6,bloc1s6
blvra,blvra
blvrb,blvrb
blzf1,blzf1
bmb,bmb
bmf2,bmf2
bmi1a,bmi1a
bmi1b,bmi1b
bmp15,bmp15
bmp16,bmp16
bmp1a,bmp1a
bmp1b,bmp1b
bmp2a,bmp2a
bmp2b,bmp2b
bmp2k,bmp2k
bmp4,bmp4
bmp5,bmp5
bmp6,bmp6
bmp7a,bmp7a
bmp7b,bmp7b
bmpr1aa,bmpr1aa
bmpr1ab,bmpr1ab
bmpr1ba,bmpr1ba
bmpr1bb,bmpr1bb
bmpr2a,bmpr2a
bmpr2b,bmpr2b
bms1,bms1
bnc2,bnc2
bnip1b,bnip1b
bnip2,bnip2
bnip3la,bnip3la
bnip3lb,bnip3lb
bnip4,bnip4
bnipl,bnipl
boc,boc
bod1,bod1
bod1l1,bod1l1
boka,boka
bokb,bokb
bola1,bola1
bola3,bola3
bop1,bop1
bora,bora
borcs5,borcs5
borcs7,borcs7
borcs8,borcs8
bpgm,bpgm
bphl,bphl
bpifcl,bpifcl
bpnt1,bpnt1
bptf,bptf
braf,braf
brap,brap
brat1,brat1
brca2,brca2
brd1a,brd1a
brd1b,brd1b
brd2a,brd2a
brd2b,brd2b
brd3a,brd3a
brd3b,brd3b
brd4,brd4
brd7,brd7
brd8,brd8
brd9,brd9
brdt,brdt
brf1a,brf1a
brf1b,brf1b
brf2,brf2
bri3,bri3
bri3bp,bri3bp
bricd5,bricd5
brinp3a.1,brinp3a.1
brinp3a.2,brinp3a.2
brinp3b,brinp3b
brip1,brip1
brk1,brk1
brms1,brms1
brms1la,brms1la
brms1lb,brms1lb
brox,brox
brpf1,brpf1
brpf3a,brpf3a
brpf3b,brpf3b
brsk2b,brsk2b
brwd1,brwd1
brwd3,brwd3
bscl2l,bscl2l
bsdc1,bsdc1
bsg,bsg
bsnb,bsnb
bsnd,bsnd
btaf1,btaf1
btbd10a,btbd10a
btbd10b,btbd10b
btbd11a,btbd11a
btbd17b,btbd17b
btbd2a,btbd2a
btbd6a,btbd6a
btbd6b,btbd6b
btbd9,btbd9
btc,btc
btd,btd
btf3,btf3
btf3l4,btf3l4
btg1,btg1
btg2,btg2
btg3,btg3
btk,btk
btr02,btr02
btr04,btr04
btr12,btr12
btr18,btr18
btr20,btr20
btr23,btr23
btr25,btr25
btr26,btr26
btr29,btr29
btr31,btr31
bub1,bub1
bub1ba,bub1ba
bub1bb,bub1bb
bub3,bub3
bud23,bud23
bud31,bud31
bves,bves
bxdc2,bxdc2
bysl,bysl
bzw1a,bzw1a
bzw1b,bzw1b
bzw2,bzw2
c10h21orf59,c10h21orf59
c18h3orf33,c18h3orf33
c19h1orf109,c19h1orf109
c1d,c1d
c1galt1a,c1galt1a
c1galt1b,c1galt1b
c1galt1c1,c1galt1c1
c1qb,c1qb
c1qbp,c1qbp
c1ql3a,c1ql3a
c1qtnf12,c1qtnf12
c1qtnf5,c1qtnf5
c1qtnf9,c1qtnf9
c1s,c1s
c23h20orf24,c23h20orf24
c2cd2,c2cd2
c2cd2l,c2cd2l
c2cd3,c2cd3
c2cd5,c2cd5
c3a.1,c3a.1
c4,c4
c5,c5
c6,c6
c7b,c7b
ca10a,ca10a
ca10b,ca10b
ca16b,ca16b
ca2,ca2
ca6,ca6
ca8,ca8
caap1,caap1
cab39,cab39
cab39l,cab39l
cab39l1,cab39l1
cabcoco1,cabcoco1
cabin1,cabin1
cables2a,cables2a
cabp2b,cabp2b
cabp5b,cabp5b
cachd1,cachd1
cacna1ab,cacna1ab
cacna1ba,cacna1ba
cacna1c,cacna1c
cacna1ea,cacna1ea
cacna1ha,cacna1ha
cacna1sb,cacna1sb
cacna2d3,cacna2d3
cacnb1,cacnb1
cacnb2a,cacnb2a
cacnb4b,cacnb4b
cacng1a,cacng1a
cacng2a,cacng2a
cacng3b,cacng3b
cacng4a,cacng4a
cacng6a,cacng6a
cacng6b,cacng6b
cacng8b,cacng8b
cactin,cactin
cacul1,cacul1
cacybp,cacybp
cad,cad
cadm3,cadm3
cadm4,cadm4
cadps2,cadps2
cadpsb,cadpsb
cahz,cahz
calb1,calb1
calb2b,calb2b
calcoco1a,calcoco1a
calcrla,calcrla
cald1b,cald1b
calhm2,calhm2
calhm5.1,calhm5.1
calhm5.2,calhm5.2
calhm6,calhm6
calm1a,calm1a
calm1b,calm1b
calm2a,calm2a
calm2b,calm2b
calm3a,calm3a
calml4a,calml4a
calr,calr
calr3a,calr3a
calr3b,calr3b
calua,calua
calub,calub
caly,caly
camk1b,camk1b
camk1da,camk1da
camk1db,camk1db
camk2b1,camk2b1
camk2d1,camk2d1
camk2d2,camk2d2
camk2g1,camk2g1
camk2g2,camk2g2
camk2n1a,camk2n1a
camk2n2,camk2n2
camk4,camk4
camkmt,camkmt
camlg,camlg
camsap1a,camsap1a
camsap1b,camsap1b
camsap2a,camsap2a
camsap2b,camsap2b
camta1a,camta1a
camta1b,camta1b
cand1,cand1
cant1a,cant1a
cant1b,cant1b
canx,canx
cap1,cap1
cap2,cap2
capgb,capgb
capn10,capn10
capn12,capn12
capn1a,capn1a
capn2a,capn2a
capn2b,capn2b
capn7,capn7
capn8,capn8
capn9,capn9
capns1a,capns1a
capns1b,capns1b
caprin1a,caprin1a
caprin1b,caprin1b
capsla,capsla
capslb,capslb
capza1a,capza1a
capza1b,capza1b
capzb,capzb
card11,card11
card14,card14
card19,card19
card9,card9
carf,carf
carhsp1,carhsp1
carm1,carm1
carm1l,carm1l
carmil2,carmil2
carmil3,carmil3
carnmt1,carnmt1
cars,cars
cars2,cars2
cart3,cart3
casc1,casc1
casc3,casc3
casc4,casc4
caska,caska
caskb,caskb
caskin1,caskin1
casp2,casp2
casp3a,casp3a
casp3b,casp3b
casp6l2,casp6l2
casp7,casp7
casp8,casp8
casp8ap2,casp8ap2
casp8l1,casp8l1
casp8l2,casp8l2
casp9,casp9
caspa,caspa
caspb,caspb
casq1a,casq1a
casq1b,casq1b
casq2,casq2
cast,cast
casz1,casz1
cat,cat
catip,catip
cav1,cav1
cav2,cav2
cav3,cav3
cavin1a,cavin1a
cavin2a,cavin2a
cavin2b,cavin2b
cavin4a,cavin4a
cavin4b,cavin4b
cax1,cax1
cbarpb,cbarpb
cbfa2t2,cbfa2t2
cbfa2t3,cbfa2t3
cbfb,cbfb
cbl,cbl
cblb,cblb
cblc,cblc
cbll1,cbll1
cbln1,cbln1
cbln2b,cbln2b
cbr1,cbr1
cbr1l,cbr1l
cbr4,cbr4
cbsa,cbsa
cbsb,cbsb
cbwd,cbwd
cbx1a,cbx1a
cbx1b,cbx1b
cbx2,cbx2
cbx3a,cbx3a
cbx3b,cbx3b
cbx4,cbx4
cbx5,cbx5
cbx6a,cbx6a
cbx6b,cbx6b
cbx7a,cbx7a
cbx8a,cbx8a
cbx8b,cbx8b
cby1,cby1
cc2d1b,cc2d1b
cc2d2a,cc2d2a
ccar1,ccar1
ccar2,ccar2
ccbe1,ccbe1
ccdc102a,ccdc102a
ccdc103,ccdc103
ccdc106a,ccdc106a
ccdc106b,ccdc106b
ccdc113,ccdc113
ccdc114,ccdc114
ccdc115,ccdc115
ccdc12,ccdc12
ccdc120,ccdc120
ccdc124,ccdc124
ccdc125,ccdc125
ccdc126,ccdc126
ccdc127b,ccdc127b
ccdc129,ccdc129
ccdc130,ccdc130
ccdc135,ccdc135
ccdc137,ccdc137
ccdc14,ccdc14
ccdc141,ccdc141
ccdc142,ccdc142
ccdc146,ccdc146
ccdc149a,ccdc149a
ccdc149b,ccdc149b
ccdc15,ccdc15
ccdc151,ccdc151
ccdc153,ccdc153
ccdc157,ccdc157
ccdc160,ccdc160
ccdc167,ccdc167
ccdc169,ccdc169
ccdc170,ccdc170
ccdc171,ccdc171
ccdc173,ccdc173
ccdc174,ccdc174
ccdc18,ccdc18
ccdc180,ccdc180
ccdc186,ccdc186
ccdc187,ccdc187
ccdc191,ccdc191
ccdc22,ccdc22
ccdc24,ccdc24
ccdc25,ccdc25
ccdc28b,ccdc28b
ccdc30,ccdc30
ccdc32,ccdc32
ccdc3a,ccdc3a
ccdc3b,ccdc3b
ccdc40,ccdc40
ccdc43,ccdc43
ccdc47,ccdc47
ccdc50,ccdc50
ccdc51,ccdc51
ccdc58,ccdc58
ccdc59,ccdc59
ccdc61,ccdc61
ccdc6a,ccdc6a
ccdc6b,ccdc6b
ccdc77,ccdc77
ccdc78,ccdc78
ccdc80,ccdc80
ccdc80l1,ccdc80l1
ccdc80l2,ccdc80l2
ccdc82,ccdc82
ccdc83,ccdc83
ccdc84,ccdc84
ccdc85b,ccdc85b
ccdc85ca,ccdc85ca
ccdc85cb,ccdc85cb
ccdc87,ccdc87
ccdc88b,ccdc88b
ccdc88c,ccdc88c
ccdc9,ccdc9
ccdc90b,ccdc90b
ccdc92,ccdc92
ccdc93,ccdc93
ccdc94,ccdc94
ccdc96,ccdc96
ccdc97,ccdc97
ccl19a.1,ccl19a.1
ccl19b,ccl19b
ccl20a.3,ccl20a.3
ccl25b,ccl25b
ccl34a.4,ccl34a.4
ccl34b.1,ccl34b.1
ccl34b.4,ccl34b.4
ccl38.1,ccl38.1
ccl38.6,ccl38.6
ccl38a.5,ccl38a.5
ccl39.3,ccl39.3
ccl39.6,ccl39.6
ccl39.7,ccl39.7
ccm2,ccm2
ccm2l,ccm2l
ccna2,ccna2
ccnb1,ccnb1
ccnb2,ccnb2
ccnb3,ccnb3
ccnc,ccnc
ccnd1,ccnd1
ccnd2a,ccnd2a
ccnd2b,ccnd2b
ccndbp1,ccndbp1
ccne1,ccne1
ccne2,ccne2
ccnf,ccnf
ccng1,ccng1
ccng2,ccng2
ccnh,ccnh
ccni,ccni
ccnj,ccnj
ccnjl,ccnjl
ccnk,ccnk
ccnl1a,ccnl1a
ccnl1b,ccnl1b
ccnq,ccnq
ccnt1,ccnt1
ccnt2a,ccnt2a
ccnt2b,ccnt2b
ccny,ccny
ccnyl1,ccnyl1
ccr12b.1,ccr12b.1
ccr8.1,ccr8.1
ccr9a,ccr9a
ccs,ccs
ccsapb,ccsapb
ccser2a,ccser2a
ccser2b,ccser2b
cct3,cct3
cct4,cct4
cct5,cct5
cct6a,cct6a
cct7,cct7
cct8,cct8
ccz1,ccz1
cd151,cd151
cd151l,cd151l
cd164,cd164
cd22,cd22
cd248a,cd248a
cd248b,cd248b
cd276,cd276
cd28,cd28
cd28l,cd28l
cd2ap,cd2ap
cd2bp2,cd2bp2
cd3eap,cd3eap
cd44b,cd44b
cd59,cd59
cd63,cd63
cd74b,cd74b
cd7al,cd7al
cd81a,cd81a
cd81b,cd81b
cd82a,cd82a
cd82b,cd82b
cd83,cd83
cd99,cd99
cd99l2,cd99l2
cd9a,cd9a
cd9b,cd9b
cdaa,cdaa
cdadc1,cdadc1
cdan1,cdan1
cdc123,cdc123
cdc14aa,cdc14aa
cdc14ab,cdc14ab
cdc14b,cdc14b
cdc16,cdc16
cdc20,cdc20
cdc23,cdc23
cdc25b,cdc25b
cdc25d,cdc25d
cdc26,cdc26
cdc27,cdc27
cdc34a,cdc34a
cdc34b,cdc34b
cdc37l1,cdc37l1
cdc40,cdc40
cdc42,cdc42
cdc42bpaa,cdc42bpaa
cdc42bpab,cdc42bpab
cdc42bpb,cdc42bpb
cdc42ep2,cdc42ep2
cdc42ep3,cdc42ep3
cdc42ep4a,cdc42ep4a
cdc42ep4b,cdc42ep4b
cdc42ep5,cdc42ep5
cdc42l,cdc42l
cdc42l2,cdc42l2
cdc42se1,cdc42se1
cdc42se2,cdc42se2
cdc45,cdc45
cdc5l,cdc5l
cdc6,cdc6
cdc7,cdc7
cdc73,cdc73
cdca4,cdca4
cdca5,cdca5
cdca7a,cdca7a
cdca7b,cdca7b
cdca8,cdca8
cdcp1a,cdcp1a
cdh1,cdh1
cdh11,cdh11
cdh13,cdh13
cdh15,cdh15
cdh17,cdh17
cdh18a,cdh18a
cdh2,cdh2
cdh26.1,cdh26.1
cdh26.2,cdh26.2
cdh31,cdh31
cdh4,cdh4
cdh5,cdh5
cdh6,cdh6
cdh7a,cdh7a
cdipt,cdipt
cdk1,cdk1
cdk10,cdk10
cdk11b,cdk11b
cdk12,cdk12
cdk13,cdk13
cdk15,cdk15
cdk16,cdk16
cdk17,cdk17
cdk2,cdk2
cdk2ap2,cdk2ap2
cdk4,cdk4
cdk5,cdk5
cdk5r2a,cdk5r2a
cdk5rap1,cdk5rap1
cdk5rap3,cdk5rap3
cdk6,cdk6
cdk7,cdk7
cdk8,cdk8
cdk9,cdk9
cdkal1,cdkal1
cdkl1,cdkl1
cdkl5,cdkl5
cdkn1a,cdkn1a
cdkn1ba,cdkn1ba
cdkn1bb,cdkn1bb
cdkn1ca,cdkn1ca
cdkn1cb,cdkn1cb
cdkn1d,cdkn1d
cdkn2aip,cdkn2aip
cdkn2aipnl,cdkn2aipnl
cdkn2c,cdkn2c
cdkn3,cdkn3
cdo1,cdo1
cdon,cdon
cdr2l,cdr2l
cds2,cds2
cdt1,cdt1
cdv3,cdv3
cdx1a,cdx1a
cdx4,cdx4
cdyl,cdyl
cebp1,cebp1
cebpa,cebpa
cebpb,cebpb
cebpd,cebpd
cebpg,cebpg
cebpz,cebpz
cecr2,cecr2
celf1,celf1
celf2,celf2
celf3a,celf3a
celf3b,celf3b
celf4,celf4
celf5a,celf5a
celsr1a,celsr1a
celsr1b,celsr1b
celsr2,celsr2
cemip,cemip
cenpe,cenpe
cenpf,cenpf
cenph,cenph
cenpi,cenpi
cenpj,cenpj
cenpk,cenpk
cenpl,cenpl
cenpn,cenpn
cenpo,cenpo
cenpp,cenpp
cenps,cenps
cenpw,cenpw
cenpx,cenpx
cep112,cep112
cep120,cep120
cep128,cep128
cep131,cep131
cep135,cep135
cep152,cep152
cep162,cep162
cep170aa,cep170aa
cep290,cep290
cep350,cep350
cep44,cep44
cep55l,cep55l
cep57,cep57
cep57l1,cep57l1
cep63,cep63
cep70,cep70
cep72,cep72
cep76,cep76
cep78,cep78
cep83,cep83
cep85,cep85
cep85l,cep85l
cep89,cep89
cep97,cep97
cept1b,cept1b
cercam,cercam
cerk,cerk
cerkl,cerkl
cers2a,cers2a
cers2b,cers2b
cers3a,cers3a
cers3b,cers3b
cers4a,cers4a
cers4b,cers4b
cers5,cers5
cers6,cers6
cetn2,cetn2
cetn3,cetn3
cetn4,cetn4
cetp,cetp
cfap100,cfap100
cfap126,cfap126
cfap157,cfap157
cfap20,cfap20
cfap206,cfap206
cfap36,cfap36
cfap43,cfap43
cfap45,cfap45
cfap52,cfap52
cfap53,cfap53
cfap57,cfap57
cfap58,cfap58
cfap70,cfap70
cfap77,cfap77
cfap97,cfap97
cfap99,cfap99
cfbl,cfbl
cfd,cfd
cfdp1,cfdp1
cfh,cfh
cfhl4,cfhl4
cfl1,cfl1
cfl1l,cfl1l
cfl2,cfl2
cflara,cflara
cfp,cfp
cftr,cftr
cga,cga
cgna,cgna
cgnb,cgnb
cgnl1,cgnl1
cgref1,cgref1
cgrrf1,cgrrf1
ch25h,ch25h
ch25hl1.1,ch25hl1.1
ch25hl2,ch25hl2
chac1,chac1
chac2,chac2
chaf1a,chaf1a
chaf1b,chaf1b
chchd1,chchd1
chchd10,chchd10
chchd2,chchd2
chchd3a,chchd3a
chchd3b,chchd3b
chchd4a,chchd4a
chchd4b,chchd4b
chchd6a,chchd6a
chchd6b,chchd6b
chchd7,chchd7
chd1,chd1
chd1l,chd1l
chd2,chd2
chd3,chd3
chd4a,chd4a
chd4b,chd4b
chd5,chd5
chd6,chd6
chd7,chd7
chd8,chd8
chd9,chd9
chek1,chek1
chek2,chek2
cherp,cherp
ches1,ches1
chfr,chfr
chga,chga
chia.1,chia.1
chia.6,chia.6
chic1,chic1
chic2,chic2
chico,chico
chid1,chid1
chka,chka
chkb,chkb
chl1a,chl1a
chl1b,chl1b
chm,chm
chmp1a,chmp1a
chmp1b,chmp1b
chmp2a,chmp2a
chmp2bb,chmp2bb
chmp3,chmp3
chmp4ba,chmp4ba
chmp4bb,chmp4bb
chmp4c,chmp4c
chmp5a,chmp5a
chmp5b,chmp5b
chmp6b,chmp6b
chmp7,chmp7
chn1,chn1
chodl,chodl
chordc1a,chordc1a
chordc1b,chordc1b
chp1,chp1
chp2,chp2
chpf2,chpf2
chpfb,chpfb
chpt1,chpt1
chrac1,chrac1
chrd,chrd
chrna1,chrna1
chrna2a,chrna2a
chrna5,chrna5
chrnb1,chrnb1
chrnb2b,chrnb2b
chrnb2l,chrnb2l
chrnb3a,chrnb3a
chrnb4,chrnb4
chrnd,chrnd
chrne,chrne
chrng,chrng
chs1,chs1
chst1,chst1
chst10,chst10
chst11,chst11
chst14,chst14
chst15,chst15
chst2a,chst2a
chst3b,chst3b
chst7,chst7
chsy1,chsy1
chsy3,chsy3
chtf18,chtf18
chtf8,chtf8
chtopa,chtopa
chtopb,chtopb
chuk,chuk
churc1,churc1
ciao1,ciao1
ciapin1,ciapin1
ciarta,ciarta
cib1,cib1
cib2,cib2
cica,cica
cicb,cicb
ciita,ciita
cilp,cilp
cinp,cinp
cip2a,cip2a
cipcb,cipcb
cirbpa,cirbpa
cirbpb,cirbpb
cisd1,cisd1
cisd2,cisd2
cish,cish
cishb,cishb
cita,cita
citb,citb
cited1,cited1
cited2,cited2
cited4a,cited4a
cited4b,cited4b
ciz1a,ciz1a
ciz1b,ciz1b
ckap2l,ckap2l
ckap5,ckap5
ckba,ckba
ckbb,ckbb
ckma,ckma
ckmb,ckmb
ckmt1,ckmt1
cks1b,cks1b
clasp1a,clasp1a
clasp2,clasp2
clasrp,clasrp
clcf1,clcf1
clcn2b,clcn2b
clcn3,clcn3
clcn4,clcn4
clcn5a,clcn5a
clcn5b,clcn5b
clcn6,clcn6
clcn7,clcn7
clcnk,clcnk
cldn1,cldn1
cldn10b,cldn10b
cldn11b,cldn11b
cldn12,cldn12
cldn15a,cldn15a
cldn17,cldn17
cldn19,cldn19
cldn2,cldn2
cldn5a,cldn5a
cldn5b,cldn5b
cldn7a,cldn7a
cldn7b,cldn7b
cldna,cldna
cldnb,cldnb
cldnc,cldnc
cldnd,cldnd
cldnd1a,cldnd1a
cldne,cldne
cldnf,cldnf
cldng,cldng
cldnh,cldnh
cldni,cldni
cldnk,cldnk
clec14a,clec14a
clec16a,clec16a
clec19a,clec19a
clgn,clgn
clic1,clic1
clic2,clic2
clic4,clic4
clic5a,clic5a
clint1a,clint1a
clint1b,clint1b
clip1a,clip1a
clip2,clip2
clip3,clip3
clk2a,clk2a
clk2b,clk2b
clk4a,clk4a
clk4b,clk4b
cln3,cln3
cln6a,cln6a
cln8,cln8
clns1a,clns1a
clocka,clocka
clockb,clockb
clp1,clp1
clpb,clpb
clpp,clpp
clptm1,clptm1
clptm1l,clptm1l
clpxa,clpxa
clpxb,clpxb
clstn1,clstn1
clstn2,clstn2
clstn3,clstn3
clta,clta
cltb,cltb
cltca,cltca
cltcb,cltcb
cltcl1,cltcl1
clu,clu
cluap1,cluap1
cluha,cluha
clvs2,clvs2
clybl,clybl
cmah,cmah
cmasa,cmasa
cmbl,cmbl
cmc1,cmc1
cmc2,cmc2
cmc4,cmc4
cmip,cmip
cmklr1,cmklr1
cmlc1,cmlc1
cmn,cmn
cmpk,cmpk
cmss1,cmss1
cmtm3,cmtm3
cmtm4,cmtm4
cmtm6,cmtm6
cmtm7,cmtm7
cmtm8a,cmtm8a
cmtm8b,cmtm8b
cmtr1,cmtr1
cmtr2,cmtr2
cmya5,cmya5
cnbpa,cnbpa
cnbpb,cnbpb
cndp2,cndp2
cnep1r1,cnep1r1
cnga1,cnga1
cngk,cngk
cnih1,cnih1
cnih4,cnih4
cnksr1,cnksr1
cnksr2b,cnksr2b
cnksr3,cnksr3
cnmd,cnmd
cnn2,cnn2
cnn3a,cnn3a
cnn3b,cnn3b
cnnm2b,cnnm2b
cnot1,cnot1
cnot10,cnot10
cnot11,cnot11
cnot2,cnot2
cnot3a,cnot3a
cnot3b,cnot3b
cnot4a,cnot4a
cnot4b,cnot4b
cnot6a,cnot6a
cnot6b,cnot6b
cnot6l,cnot6l
cnot7,cnot7
cnot8,cnot8
cnot9,cnot9
cnp,cnp
cnppd1,cnppd1
cnpy1,cnpy1
cnpy2,cnpy2
cnpy4,cnpy4
cnrip1a,cnrip1a
cnsta,cnsta
cnstb,cnstb
cntf,cntf
cntfr,cntfr
cntln,cntln
cntn1a,cntn1a
cntn2,cntn2
cntn4,cntn4
cntnap2a,cntnap2a
cntnap2b,cntnap2b
cntnap5l,cntnap5l
cntrl,cntrl
coa3a,coa3a
coa3b,coa3b
coa5,coa5
coa6,coa6
coa7,coa7
coasy,coasy
cobl,cobl
cobll1b,cobll1b
cog1,cog1
cog2,cog2
cog3,cog3
cog4,cog4
cog5,cog5
cog6,cog6
cog7,cog7
cog8,cog8
coil,coil
col11a1a,col11a1a
col11a1b,col11a1b
col11a2,col11a2
col12a1a,col12a1a
col12a1b,col12a1b
col14a1a,col14a1a
col15a1b,col15a1b
col16a1,col16a1
col17a1b,col17a1b
col18a1a,col18a1a
col19a1,col19a1
col1a1a,col1a1a
col1a1b,col1a1b
col1a2,col1a2
col27a1b,col27a1b
col28a1a,col28a1a
col28a2a,col28a2a
col2a1a,col2a1a
col2a1b,col2a1b
col4a1,col4a1
col4a2,col4a2
col4a3,col4a3
col4a3bpa,col4a3bpa
col4a3bpb,col4a3bpb
col4a4,col4a4
col4a5,col4a5
col4a6,col4a6
col5a1,col5a1
col5a2a,col5a2a
col5a3a,col5a3a
col5a3b,col5a3b
col6a1,col6a1
col6a2,col6a2
col6a3,col6a3
col6a4a,col6a4a
col7a1,col7a1
col7a1l,col7a1l
col8a1a,col8a1a
col8a2,col8a2
col9a1a,col9a1a
col9a1b,col9a1b
col9a2,col9a2
col9a3,col9a3
colec11,colec11
colec12,colec12
commd1,commd1
commd2,commd2
commd3,commd3
commd4,commd4
commd5,commd5
commd6,commd6
commd7,commd7
commd8,commd8
commd9,commd9
comtb,comtb
cop1,cop1
copa,copa
copb1,copb1
copb2,copb2
cope,cope
copg2,copg2
cops2,cops2
cops3,cops3
cops4,cops4
cops5,cops5
cops7a,cops7a
cops8,cops8
cops9,cops9
copz1,copz1
copz2,copz2
coq10b,coq10b
coq2,coq2
coq3,coq3
coq4,coq4
coq5,coq5
coq6,coq6
coq7,coq7
coq8a,coq8a
coq8b,coq8b
coq9,coq9
coro1a,coro1a
coro1b,coro1b
coro1ca,coro1ca
coro1cb,coro1cb
coro2a,coro2a
coro2ba,coro2ba
coro2bb,coro2bb
coro7,coro7
cort,cort
cotl1,cotl1
cox10,cox10
cox11,cox11
cox14,cox14
cox15,cox15
cox16,cox16
cox17,cox17
cox18,cox18
cox19,cox19
cox20,cox20
cox4i1,cox4i1
cox4i1l,cox4i1l
cox4i2,cox4i2
cox5aa,cox5aa
cox5ab,cox5ab
cox5b2,cox5b2
cox6a1,cox6a1
cox6a2,cox6a2
cox6b1,cox6b1
cox6b2,cox6b2
cox6c,cox6c
cox7a1,cox7a1
cox7a2a,cox7a2a
cox7a3,cox7a3
cox7b,cox7b
cox7c,cox7c
cox8a,cox8a
cox8b,cox8b
cp,cp
cpa2,cpa2
cpa5,cpa5
cpa6,cpa6
cpamd8,cpamd8
cpda,cpda
cpe,cpe
cpeb2,cpeb2
cpeb4a,cpeb4a
cpeb4b,cpeb4b
cplx1,cplx1
cplx2,cplx2
cplx2l,cplx2l
cplx4c,cplx4c
cpm,cpm
cpn1,cpn1
cpne1,cpne1
cpne2,cpne2
cpne3,cpne3
cpox,cpox
cpped1,cpped1
cpsf1,cpsf1
cpsf2,cpsf2
cpsf3,cpsf3
cpsf4,cpsf4
cpsf6,cpsf6
cpt1aa,cpt1aa
cpt1ab,cpt1ab
cpt2,cpt2
cptp,cptp
cpvl,cpvl
cpxm1a,cpxm1a
cpxm1b,cpxm1b
cpz,cpz
crabp1b,crabp1b
crabp2a,crabp2a
crabp2b,crabp2b
cracr2b,cracr2b
cradd,cradd
cramp1,cramp1
crata,crata
cratb,cratb
crb1,crb1
crb2a,crb2a
crb3a,crb3a
crb3b,crb3b
crbn,crbn
crcp,crcp
creb1a,creb1a
creb1b,creb1b
creb3l1,creb3l1
creb3l2,creb3l2
creb3l3l,creb3l3l
creb5b,creb5b
crebbpa,crebbpa
crebbpb,crebbpb
crebl2,crebl2
crebrf,crebrf
crebzf,crebzf
creg1,creg1
creg2,creg2
creld1b,creld1b
creld2,creld2
crema,crema
cremb,cremb
crestin,crestin
crfb1,crfb1
crfb17,crfb17
crfb2,crfb2
crfb4,crfb4
crfb6,crfb6
crhb,crhb
crhbp,crhbp
crim1,crim1
crip1,crip1
crip2,crip2
crip3,crip3
cript,cript
crispld1b,crispld1b
crk,crk
crkl,crkl
crlf1a,crlf1a
crlf1b,crlf1b
crlf3,crlf3
crls1,crls1
crnkl1,crnkl1
crocc2,crocc2
crot,crot
crtac1a,crtac1a
crtap,crtap
crtc1a,crtc1a
crtc2,crtc2
cry-dash,cry-dash
cry1aa,cry1aa
cry1ab,cry1ab
cry1ba,cry1ba
cry1bb,cry1bb
cry2,cry2
cry4,cry4
cry5,cry5
cryabb,cryabb
cryba1b,cryba1b
cryba1l1,cryba1l1
cryba1l2,cryba1l2
cryba2b,cryba2b
cryba4,cryba4
crybb1,crybb1
crybb1l1,crybb1l1
crybb1l2,crybb1l2
crybb3,crybb3
crygn1,crygn1
crygn2,crygn2
cryl1,cryl1
crym,crym
cryz,cryz
cryzl1,cryzl1
cs,cs
csad,csad
csdc2a,csdc2a
csde1,csde1
cse1l,cse1l
csf1a,csf1a
csf1b,csf1b
csf1ra,csf1ra
csf2rb,csf2rb
csf3b,csf3b
csf3r,csf3r
csgalnact2,csgalnact2
csk,csk
csmd2,csmd2
csnk1a1,csnk1a1
csnk1da,csnk1da
csnk1db,csnk1db
csnk1e,csnk1e
csnk1g1,csnk1g1
csnk1g2a,csnk1g2a
csnk1g2b,csnk1g2b
csnk2a1,csnk2a1
csnk2a2a,csnk2a2a
csnk2a2b,csnk2a2b
csnk2b,csnk2b
cspg4,cspg4
cspg5a,cspg5a
cspg5b,cspg5b
cspp1a,cspp1a
cspp1b,cspp1b
csrnp1a,csrnp1a
csrnp1b,csrnp1b
csrnp2,csrnp2
csrp1a,csrp1a
csrp2,csrp2
cst14a.1,cst14a.1
cst14a.2,cst14a.2
cst14b.1,cst14b.1
cst14b.2,cst14b.2
cst3,cst3
cstf1,cstf1
cstf2,cstf2
cstf3,cstf3
ctbp1,ctbp1
ctbp2a,ctbp2a
ctbs,ctbs
ctc1,ctc1
ctcf,ctcf
ctdnep1a,ctdnep1a
ctdnep1b,ctdnep1b
ctdp1,ctdp1
ctdsp1,ctdsp1
ctdsp2,ctdsp2
ctdspl2a,ctdspl2a
ctdspl2b,ctdspl2b
ctdspl3,ctdspl3
ctdspla,ctdspla
ctdsplb,ctdsplb
ctgfa,ctgfa
cth,cth
cth1,cth1
cthrc1a,cthrc1a
ctif,ctif
ctnna1,ctnna1
ctnna2,ctnna2
ctnnal1,ctnnal1
ctnnb1,ctnnb1
ctnnb2,ctnnb2
ctnnbip1,ctnnbip1
ctnnbl1,ctnnbl1
ctnnd1,ctnnd1
ctnnd2a,ctnnd2a
ctnnd2b,ctnnd2b
ctns,ctns
ctps1a,ctps1a
ctps1b,ctps1b
ctr9,ctr9
ctsa,ctsa
ctsba,ctsba
ctsc,ctsc
ctsd,ctsd
ctsf,ctsf
ctsh,ctsh
ctsk,ctsk
ctsl.1,ctsl.1
ctsla,ctsla
ctslb,ctslb
ctsll,ctsll
ctso,ctso
ctss2.1,ctss2.1
ctss2.2,ctss2.2
ctsz,ctsz
cttn,cttn
cttnbp2,cttnbp2
cttnbp2nla,cttnbp2nla
cttnbp2nlb,cttnbp2nlb
ctu1,ctu1
ctu2,ctu2
cubn,cubn
cuedc1a,cuedc1a
cuedc1b,cuedc1b
cuedc2,cuedc2
cul1a,cul1a
cul1b,cul1b
cul2,cul2
cul3a,cul3a
cul3b,cul3b
cul4a,cul4a
cul4b,cul4b
cul5a,cul5a
cul5b,cul5b
cutc,cutc
cux1a,cux1a
cux1b,cux1b
cux2b,cux2b
cwc15,cwc15
cwc22,cwc22
cwc25,cwc25
cwc27,cwc27
cwf19l1,cwf19l1
cwf19l2,cwf19l2
cx23,cx23
cx30.3,cx30.3
cx32.2,cx32.2
cx35.4,cx35.4
cx43,cx43
cx43.4,cx43.4
cx44.2,cx44.2
cx52.9,cx52.9
cxadr,cxadr
cxcl11.6,cxcl11.6
cxcl12a,cxcl12a
cxcl12b,cxcl12b
cxcl14,cxcl14
cxcl18b,cxcl18b
cxcl19,cxcl19
cxcl20,cxcl20
cxcl8a,cxcl8a
cxcl8b.1,cxcl8b.1
cxcr3.2,cxcr3.2
cxcr3.3,cxcr3.3
cxcr4a,cxcr4a
cxcr4b,cxcr4b
cxxc1a,cxxc1a
cxxc1b,cxxc1b
cxxc4,cxxc4
cxxc5a,cxxc5a
cxxc5b,cxxc5b
cyb561,cyb561
cyb561a3a,cyb561a3a
cyb561d2,cyb561d2
cyb5a,cyb5a
cyb5b,cyb5b
cyb5d1,cyb5d1
cyb5r1,cyb5r1
cyb5r2,cyb5r2
cyb5r3,cyb5r3
cyb5r4,cyb5r4
cyba,cyba
cybb,cybb
cybrd1,cybrd1
cyc1,cyc1
cycsb,cycsb
cyfip1,cyfip1
cyfip2,cyfip2
cygb1,cygb1
cyhr1,cyhr1
cylda,cylda
cyp17a1,cyp17a1
cyp1a,cyp1a
cyp1b1,cyp1b1
cyp1c1,cyp1c1
cyp1d1,cyp1d1
cyp20a1,cyp20a1
cyp24a1,cyp24a1
cyp26a1,cyp26a1
cyp26b1,cyp26b1
cyp26c1,cyp26c1
cyp27a1.4,cyp27a1.4
cyp27a7,cyp27a7
cyp27c1,cyp27c1
cyp2aa1,cyp2aa1
cyp2aa2,cyp2aa2
cyp2aa3,cyp2aa3
cyp2aa4,cyp2aa4
cyp2aa7,cyp2aa7
cyp2aa8,cyp2aa8
cyp2aa9,cyp2aa9
cyp2ad3,cyp2ad3
cyp2ae1,cyp2ae1
cyp2j20,cyp2j20
cyp2k16,cyp2k16
cyp2k8,cyp2k8
cyp2p10,cyp2p10
cyp2p6,cyp2p6
cyp2p7,cyp2p7
cyp2r1,cyp2r1
cyp2v1,cyp2v1
cyp2x6,cyp2x6
cyp2x7,cyp2x7
cyp2x9,cyp2x9
cyp3c1,cyp3c1
cyp3c2,cyp3c2
cyp3c3,cyp3c3
cyp3c4,cyp3c4
cyp46a1.1,cyp46a1.1
cyp46a1.2,cyp46a1.2
cyp4t8,cyp4t8
cyp4v7,cyp4v7
cyp51,cyp51
cyr61,cyr61
cyr61l2,cyr61l2
cysltr1,cysltr1
cyt1,cyt1
cyt1l,cyt1l
cyth1b,cyth1b
cyth3a,cyth3a
cyth4a,cyth4a
cyth4b,cyth4b
cyyr1,cyyr1
d2hgdh,d2hgdh
daam1a,daam1a
daam1b,daam1b
dab1a,dab1a
dab1b,dab1b
dab2,dab2
dab2ipa,dab2ipa
dab2ipb,dab2ipb
dacha,dacha
dachb,dachb
dachc,dachc
dachd,dachd
dact2,dact2
dad1,dad1
dag1,dag1
dagla,dagla
dalrd3,dalrd3
dao.2,dao.2
dap,dap
dap1b,dap1b
dap3,dap3
dapk1,dapk1
dapk2a,dapk2a
dapp1,dapp1
dars,dars
dars2,dars2
daw1,daw1
daxx,daxx
dazap1,dazap1
dazap2,dazap2
dbf4,dbf4
dbf4b,dbf4b
dbh,dbh
dbi,dbi
dbn1,dbn1
dbnla,dbnla
dbnlb,dbnlb
dbpb,dbpb
dbr1,dbr1
dbt,dbt
dbx1a,dbx1a
dbx1b,dbx1b
dcaf11,dcaf11
dcaf12,dcaf12
dcaf13,dcaf13
dcaf15,dcaf15
dcaf17,dcaf17
dcaf5,dcaf5
dcaf6,dcaf6
dcaf7,dcaf7
dcaf8,dcaf8
dcbld1,dcbld1
dcbld2,dcbld2
dcdc2b,dcdc2b
dchs1a,dchs1a
dchs1b,dchs1b
dck,dck
dclk1a,dclk1a
dclk1b,dclk1b
dclk2a,dclk2a
dclre1a,dclre1a
dclre1b,dclre1b
dclre1c,dclre1c
dcn,dcn
dcp1a,dcp1a
dcp1b,dcp1b
dcp2,dcp2
dcps,dcps
dct,dct
dctd,dctd
dctn1a,dctn1a
dctn1b,dctn1b
dctn2,dctn2
dctn3,dctn3
dctn4,dctn4
dctn5,dctn5
dctpp1,dctpp1
dcun1d1,dcun1d1
dcun1d2a,dcun1d2a
dcun1d2b,dcun1d2b
dcun1d3,dcun1d3
dcun1d4,dcun1d4
dcun1d5,dcun1d5
dcxr,dcxr
dda1,dda1
ddah2,ddah2
ddb1,ddb1
ddb2,ddb2
ddc,ddc
ddhd1a,ddhd1a
ddhd1b,ddhd1b
ddi2,ddi2
ddias,ddias
ddit3,ddit3
ddit4,ddit4
ddost,ddost
ddr1,ddr1
ddr2a,ddr2a
ddrgk1,ddrgk1
ddt,ddt
ddx1,ddx1
ddx10,ddx10
ddx11,ddx11
ddx18,ddx18
ddx19,ddx19
ddx20,ddx20
ddx21,ddx21
ddx23,ddx23
ddx24,ddx24
ddx27,ddx27
ddx28,ddx28
ddx31,ddx31
ddx39aa,ddx39aa
ddx39ab,ddx39ab
ddx39b,ddx39b
ddx3a,ddx3a
ddx3b,ddx3b
ddx4,ddx4
ddx42,ddx42
ddx43,ddx43
ddx46,ddx46
ddx47,ddx47
ddx49,ddx49
ddx5,ddx5
ddx51,ddx51
ddx52,ddx52
ddx54,ddx54
ddx55,ddx55
ddx56,ddx56
ddx59,ddx59
ddx6,ddx6
ddx61,ddx61
deaf1,deaf1
decr1,decr1
decr2,decr2
dedd,dedd
dedd1,dedd1
def6a,def6a
def6b,def6b
def8,def8
defbl1,defbl1
degs1,degs1
degs2,degs2
dek,dek
dennd2c,dennd2c
dennd2da,dennd2da
dennd2db,dennd2db
dennd3a,dennd3a
dennd3b,dennd3b
dennd4a,dennd4a
dennd4b,dennd4b
dennd4c,dennd4c
dennd5a,dennd5a
dennd5b,dennd5b
dennd6aa,dennd6aa
dennd6b,dennd6b
denr,denr
depdc1a,depdc1a
depdc5,depdc5
depdc7,depdc7
deptor,deptor
dera,dera
derl1,derl1
derl2,derl2
desi1a,desi1a
desi1b,desi1b
desi2,desi2
desma,desma
det1,det1
dexi,dexi
dffa,dffa
dffb,dffb
dgat1b,dgat1b
dgcr2,dgcr2
dgcr6,dgcr6
dgcr8,dgcr8
dgkaa,dgkaa
dgkab,dgkab
dgkg,dgkg
dgkh,dgkh
dgkza,dgkza
dgkzb,dgkzb
dglucy,dglucy
dguok,dguok
dhcr24,dhcr24
dhcr7,dhcr7
dhdds,dhdds
dhdhl,dhdhl
dhfr,dhfr
dhodh,dhodh
dhps,dhps
dhrs1,dhrs1
dhrs11a,dhrs11a
dhrs11b,dhrs11b
dhrs12,dhrs12
dhrs13a.1,dhrs13a.1
dhrs13a.2,dhrs13a.2
dhrs13a.3,dhrs13a.3
dhrs13b,dhrs13b
dhrs13l1,dhrs13l1
dhrs3a,dhrs3a
dhrs3b,dhrs3b
dhrs4,dhrs4
dhrs7,dhrs7
dhrs7b,dhrs7b
dhrs7ca,dhrs7ca
dhrs9,dhrs9
dhrsx,dhrsx
dhtkd1,dhtkd1
dhx15,dhx15
dhx16,dhx16
dhx29,dhx29
dhx30,dhx30
dhx32a,dhx32a
dhx32b,dhx32b
dhx33,dhx33
dhx34,dhx34
dhx36,dhx36
dhx37,dhx37
dhx38,dhx38
dhx40,dhx40
dhx57,dhx57
dhx8,dhx8
dhx9,dhx9
dia1a,dia1a
dia1b,dia1b
diabloa,diabloa
diablob,diablob
diaph2,diaph2
diaph3,diaph3
dicer1,dicer1
dicp1.16,dicp1.16
dido1,dido1
diexf,diexf
dimt1l,dimt1l
dio1,dio1
dip2ba,dip2ba
dip2bb,dip2bb
dip2ca,dip2ca
diras1a,diras1a
dirc2,dirc2
dis3,dis3
dis3l,dis3l
dis3l2,dis3l2
disc1,disc1
disp1,disp1
dixdc1a,dixdc1a
dixdc1b,dixdc1b
dkc1,dkc1
dkk1a,dkk1a
dkk1b,dkk1b
dkk2,dkk2
dkk3a,dkk3a
dkk3b,dkk3b
dla,dla
dlat,dlat
dlb,dlb
dlc,dlc
dlc1,dlc1
dld,dld
dldh,dldh
dlec1,dlec1
dlg1,dlg1
dlg1l,dlg1l
dlg2,dlg2
dlg3,dlg3
dlg5a,dlg5a
dlg5b.1,dlg5b.1
dlgap3,dlgap3
dlgap4a,dlgap4a
dlgap5,dlgap5
dll4,dll4
dlst,dlst
dlx1a,dlx1a
dlx2a,dlx2a
dlx2b,dlx2b
dlx3b,dlx3b
dlx4a,dlx4a
dlx4b,dlx4b
dlx5a,dlx5a
dlx6a,dlx6a
dmap1,dmap1
dmbx1a,dmbx1a
dmd,dmd
dmrt2a,dmrt2a
dmrt3a,dmrt3a
dmrta2,dmrta2
dmtf1,dmtf1
dmxl2,dmxl2
dna2,dna2
dnaaf1,dnaaf1
dnaaf2,dnaaf2
dnaaf3,dnaaf3
dnaaf4,dnaaf4
dnah1,dnah1
dnah12,dnah12
dnah2,dnah2
dnah3,dnah3
dnah5,dnah5
dnah5l,dnah5l
dnah6,dnah6
dnah7,dnah7
dnah9l,dnah9l
dnai1.1,dnai1.1
dnaja1,dnaja1
dnaja2,dnaja2
dnaja2l,dnaja2l
dnaja3a,dnaja3a
dnaja3b,dnaja3b
dnajb11,dnajb11
dnajb12a,dnajb12a
dnajb12b,dnajb12b
dnajb13,dnajb13
dnajb14,dnajb14
dnajb1a,dnajb1a
dnajb1b,dnajb1b
dnajb2,dnajb2
dnajb4,dnajb4
dnajb6a,dnajb6a
dnajb6b,dnajb6b
dnajb9b,dnajb9b
dnajc1,dnajc1
dnajc10,dnajc10
dnajc11a,dnajc11a
dnajc11b,dnajc11b
dnajc12,dnajc12
dnajc14,dnajc14
dnajc15,dnajc15
dnajc16l,dnajc16l
dnajc17,dnajc17
dnajc18,dnajc18
dnajc19,dnajc19
dnajc2,dnajc2
dnajc21,dnajc21
dnajc24,dnajc24
dnajc27,dnajc27
dnajc28,dnajc28
dnajc30b,dnajc30b
dnajc3a,dnajc3a
dnajc3b,dnajc3b
dnajc4,dnajc4
dnajc5aa,dnajc5aa
dnajc5ab,dnajc5ab
dnajc5ga,dnajc5ga
dnajc5gb,dnajc5gb
dnajc6,dnajc6
dnajc7,dnajc7
dnajc8,dnajc8
dnajc9,dnajc9
dnal4a,dnal4a
dnal4b,dnal4b
dnali1,dnali1
dnase1l1,dnase1l1
dnase1l1l,dnase1l1l
dnase1l4.1,dnase1l4.1
dnase1l4.2,dnase1l4.2
dnase2,dnase2
dnlz,dnlz
dnm1a,dnm1a
dnm1l,dnm1l
dnm2a,dnm2a
dnm2b,dnm2b
dnm3a,dnm3a
dnmbp,dnmbp
dnmt1,dnmt1
dnmt3aa,dnmt3aa
dnmt3ab,dnmt3ab
dnmt3ba,dnmt3ba
dnmt3bb.1,dnmt3bb.1
dnmt3bb.2,dnmt3bb.2
dnmt3bb.3,dnmt3bb.3
dnpep,dnpep
dnph1,dnph1
dnttip2,dnttip2
doc2d,doc2d
dock1,dock1
dock10,dock10
dock11,dock11
dock4b,dock4b
dock6,dock6
dock7,dock7
dock8,dock8
dock9b,dock9b
dohh,dohh
dok1a,dok1a
dok1b,dok1b
dok2,dok2
dok4,dok4
dok6,dok6
dolk,dolk
dolpp1,dolpp1
dopey1,dopey1
dopey2,dopey2
dot1l,dot1l
dpcd,dpcd
dpf1,dpf1
dpf2,dpf2
dpf2l,dpf2l
dph1,dph1
dph2,dph2
dph3,dph3
dph5,dph5
dph6,dph6
dph7,dph7
dpm1,dpm1
dpm2,dpm2
dpm3,dpm3
dpp3,dpp3
dpp6b,dpp6b
dpp7,dpp7
dpp9,dpp9
dpy19l3,dpy19l3
dpy30,dpy30
dpyda.3,dpyda.3
dpydb,dpydb
dpys,dpys
dpysl2b,dpysl2b
dpysl3,dpysl3
dpysl4,dpysl4
dpysl5a,dpysl5a
dpysl5b,dpysl5b
dr1,dr1
dram1,dram1
dram2b,dram2b
drap1,drap1
draxin,draxin
drc1,drc1
drc3,drc3
drd4-rs,drd4-rs
dre-let-7g-1,dre-let-7g-1
dre-let-7i,dre-let-7i
dre-mir-124-3,dre-mir-124-3
dre-mir-130b,dre-mir-130b
dre-mir-135b,dre-mir-135b
dre-mir-142a,dre-mir-142a
dre-mir-153b,dre-mir-153b
dre-mir-16b,dre-mir-16b
dre-mir-199-2,dre-mir-199-2
dre-mir-199-3,dre-mir-199-3
dre-mir-203b,dre-mir-203b
dre-mir-219-1,dre-mir-219-1
dre-mir-219-3,dre-mir-219-3
dre-mir-26a-2,dre-mir-26a-2
dre-mir-457a,dre-mir-457a
dre-mir-457b,dre-mir-457b
dre-mir-92a-1,dre-mir-92a-1
dre-mir-92a-2,dre-mir-92a-2
drg1,drg1
drg2,drg2
drgx,drgx
drl,drl
drp2,drp2
dsc2l,dsc2l
dscamb,dscamb
dscc1,dscc1
dse,dse
dsn1,dsn1
dspa,dspa
dstyk,dstyk
dtd1,dtd1
dtd2,dtd2
dtl,dtl
dtnba,dtnba
dtnbp1a,dtnbp1a
dtnbp1b,dtnbp1b
dtwd1,dtwd1
dtwd2,dtwd2
dtx2,dtx2
dtymk,dtymk
dub,dub
duox,duox
duox2,duox2
dus1l,dus1l
dus2,dus2
dus3l,dus3l
dus4l,dus4l
dusp1,dusp1
dusp11,dusp11
dusp12,dusp12
dusp14,dusp14
dusp16,dusp16
dusp19b,dusp19b
dusp2,dusp2
dusp22a,dusp22a
dusp22b,dusp22b
dusp23a,dusp23a
dusp23b,dusp23b
dusp27,dusp27
dusp4,dusp4
dusp5,dusp5
dusp6,dusp6
dusp7,dusp7
dusp8a,dusp8a
dvl2,dvl2
dvl3a,dvl3a
dydc2,dydc2
dym,dym
dync1h1,dync1h1
dync1i1,dync1i1
dync1i2a,dync1i2a
dync1li1,dync1li1
dync1li2,dync1li2
dync2li1,dync2li1
dynll1,dynll1
dynll2a,dynll2a
dynll2b,dynll2b
dynlrb1,dynlrb1
dynlt1,dynlt1
dynlt3,dynlt3
dyrk1aa,dyrk1aa
dyrk1ab,dyrk1ab
dyrk1b,dyrk1b
dyrk2,dyrk2
dysf,dysf
dzank1,dzank1
dzip1,dzip1
dzip1l,dzip1l
e2f3,e2f3
e2f4,e2f4
e2f5,e2f5
e2f7,e2f7
e2f8,e2f8
e4f1,e4f1
eaf1,eaf1
eaf2,eaf2
eapp,eapp
ebag9,ebag9
ebf1b,ebf1b
ebf2,ebf2
ebf3b,ebf3b
ebna1bp2,ebna1bp2
ebp,ebp
ebpl,ebpl
ecd,ecd
ece1,ece1
ece2a,ece2a
ech1,ech1
echdc2,echdc2
echs1,echs1
eci1,eci1
eci2,eci2
ecm1b,ecm1b
ecm2,ecm2
ecrg4a,ecrg4a
ecrg4b,ecrg4b
ecscr,ecscr
ecsit,ecsit
ect2,ect2
eda,eda
edar,edar
edc3,edc3
edc4,edc4
edem1,edem1
edem2,edem2
edem3,edem3
edf1,edf1
edil3a,edil3a
edn1,edn1
edn2,edn2
ednraa,ednraa
ednrab,ednrab
edrf1,edrf1
eea1,eea1
eed,eed
eef1a1a,eef1a1a
eef1a1b,eef1a1b
eef1a1l1,eef1a1l1
eef1a2,eef1a2
eef1akmt1,eef1akmt1
eef1akmt2,eef1akmt2
eef1b2,eef1b2
eef1da,eef1da
eef1db,eef1db
eef1e1,eef1e1
eef1g,eef1g
eef2a.1,eef2a.1
eef2b,eef2b
eef2k,eef2k
eef2kmt,eef2kmt
eef2l2,eef2l2
eefsec,eefsec
eepd1,eepd1
efcab1,efcab1
efcab11,efcab11
efcab2,efcab2
efcab7,efcab7
efcc1,efcc1
efemp2a,efemp2a
efemp2b,efemp2b
efhc1,efhc1
efhc2,efhc2
efhd1,efhd1
efhd2,efhd2
efl1,efl1
efna1a,efna1a
efna1b,efna1b
efna2a,efna2a
efna2b,efna2b
efna3b,efna3b
efna5a,efna5a
efna5b,efna5b
efnb1,efnb1
efnb2a,efnb2a
efnb2b,efnb2b
efnb3a,efnb3a
efnb3b,efnb3b
efr3a,efr3a
efr3bb,efr3bb
efs,efs
eftud2,eftud2
egf,egf
egfl6,egfl6
egfl7,egfl7
egfra,egfra
egln1b,egln1b
egln2,egln2
egln3,egln3
egr1,egr1
egr2a,egr2a
egr2b,egr2b
egr3,egr3
egr4,egr4
ehbp1,ehbp1
ehbp1l1a,ehbp1l1a
ehbp1l1b,ehbp1l1b
ehd1a,ehd1a
ehd1b,ehd1b
ehd2b,ehd2b
ehd3,ehd3
ehd4,ehd4
ehhadh,ehhadh
ehmt1a,ehmt1a
ehmt1b,ehmt1b
ehmt2,ehmt2
ei24,ei24
eif1ad,eif1ad
eif1axa,eif1axa
eif1axb,eif1axb
eif2a,eif2a
eif2ak1,eif2ak1
eif2ak3,eif2ak3
eif2b1,eif2b1
eif2b2,eif2b2
eif2b3,eif2b3
eif2b4,eif2b4
eif2b5,eif2b5
eif2d,eif2d
eif2s1a,eif2s1a
eif2s1b,eif2s1b
eif2s2,eif2s2
eif2s3,eif2s3
eif3ba,eif3ba
eif3c,eif3c
eif3d,eif3d
eif3ea,eif3ea
eif3eb,eif3eb
eif3f,eif3f
eif3g,eif3g
eif3ha,eif3ha
eif3hb,eif3hb
eif3i,eif3i
eif3ja,eif3ja
eif3jb,eif3jb
eif3k,eif3k
eif3m,eif3m
eif3s10,eif3s10
eif3s6ip,eif3s6ip
eif4a1a,eif4a1a
eif4a1b,eif4a1b
eif4a2,eif4a2
eif4a3,eif4a3
eif4ba,eif4ba
eif4bb,eif4bb
eif4e1c,eif4e1c
eif4e2,eif4e2
eif4e2rs1,eif4e2rs1
eif4e3,eif4e3
eif4ea,eif4ea
eif4eb,eif4eb
eif4ebp1,eif4ebp1
eif4ebp2,eif4ebp2
eif4ebp3,eif4ebp3
eif4ebp3l,eif4ebp3l
eif4enif1,eif4enif1
eif4g1a,eif4g1a
eif4g2a,eif4g2a
eif4g2b,eif4g2b
eif4g3a,eif4g3a
eif4g3b,eif4g3b
eif4h,eif4h
eif5,eif5
eif5a,eif5a
eif5a2,eif5a2
eif5b,eif5b
eif6,eif6
eipr1,eipr1
ek1,ek1
elac1,elac1
elac2,elac2
elavl1a,elavl1a
elavl1b,elavl1b
elavl2,elavl2
elavl3,elavl3
elavl4,elavl4
elf1,elf1
elf2a,elf2a
elf2b,elf2b
elf3,elf3
elk1,elk1
elk3,elk3
elk4,elk4
ell,ell
ell2,ell2
elmo1,elmo1
elmo2,elmo2
elmo3,elmo3
elmod2,elmod2
elmod3,elmod3
elmsan1b,elmsan1b
elnb,elnb
eloa,eloa
elob,elob
eloca,eloca
elocb,elocb
elof1,elof1
elovl1a,elovl1a
elovl1b,elovl1b
elovl2,elovl2
elovl4a,elovl4a
elovl4b,elovl4b
elovl5,elovl5
elovl6,elovl6
elovl6l,elovl6l
elovl7a,elovl7a
elovl7b,elovl7b
elovl8b,elovl8b
elp1,elp1
elp2,elp2
elp3,elp3
elp4,elp4
elp5,elp5
elp6,elp6
emc1,emc1
emc10,emc10
emc2,emc2
emc3,emc3
emc4,emc4
emc6,emc6
emc7,emc7
emc8,emc8
emc9,emc9
emd,emd
eme1,eme1
emg1,emg1
emid1,emid1
emilin1a,emilin1a
emilin1b,emilin1b
emilin2b,emilin2b
emilin3a,emilin3a
eml1,eml1
eml2,eml2
eml3,eml3
emp2,emp2
emp3b,emp3b
emsy,emsy
emx1,emx1
emx2,emx2
emx3,emx3
en1a,en1a
en1b,en1b
en2a,en2a
en2b,en2b
enah,enah
enc1,enc1
enc2,enc2
enc3,enc3
endog,endog
endou2,endou2
endouc,endouc
engase,engase
enkur,enkur
eno1a,eno1a
eno1b,eno1b
eno2,eno2
eno3,eno3
eno4,eno4
enoph1,enoph1
enosf1,enosf1
enox2,enox2
enpep,enpep
enpp1,enpp1
enpp2,enpp2
enpp4,enpp4
enpp5,enpp5
enpp6,enpp6
entpd1,entpd1
entpd2a.1,entpd2a.1
entpd4,entpd4
entpd5b,entpd5b
entpd6,entpd6
eny2,eny2
eomesa,eomesa
ep300a,ep300a
ep300b,ep300b
ep400,ep400
epas1a,epas1a
epas1b,epas1b
epb41a,epb41a
epb41b,epb41b
epb41l3a,epb41l3a
epb41l3b,epb41l3b
epb41l4a,epb41l4a
epb41l5,epb41l5
epc1a,epc1a
epc1b,epc1b
epc2,epc2
epcam,epcam
epdl1,epdl1
epdr1,epdr1
epg5,epg5
epgn,epgn
epha2a,epha2a
epha2b,epha2b
epha3,epha3
epha4a,epha4a
epha4b,epha4b
epha4l,epha4l
epha6,epha6
epha7,epha7
ephb1,ephb1
ephb2a,ephb2a
ephb2b,ephb2b
ephb3a,ephb3a
ephb4a,ephb4a
ephb4b,ephb4b
ephb6,ephb6
ephx1,ephx1
ephx2,ephx2
ephx5,ephx5
epn1,epn1
epn2,epn2
epn3a,epn3a
epoa,epoa
eppk1,eppk1
eprs,eprs
eps15,eps15
eps15l1a,eps15l1a
eps8,eps8
eps8l1,eps8l1
eps8l2,eps8l2
eps8l3a,eps8l3a
epyc,epyc
eral1,eral1
erap1a,erap1a
erbb2,erbb2
erbb3b,erbb3b
erbin,erbin
erc2,erc2
ercc1,ercc1
ercc2,ercc2
ercc3,ercc3
ercc4,ercc4
ercc5,ercc5
ercc6,ercc6
ercc6l,ercc6l
ercc6l2,ercc6l2
ercc8,ercc8
erf,erf
erfl1,erfl1
erfl3,erfl3
ergic1,ergic1
ergic2,ergic2
ergic3,ergic3
erh,erh
eri1,eri1
eri2,eri2
erich2,erich2
erich3,erich3
erlec1,erlec1
erlin1,erlin1
erlin2,erlin2
ern1,ern1
ero1a,ero1a
ero1b,ero1b
erp44,erp44
errfi1a,errfi1a
esama,esama
esco1,esco1
esco2,esco2
esd,esd
esf1,esf1
esm1,esm1
espl1,espl1
espn,espn
esr1,esr1
esrp1,esrp1
esrp2,esrp2
esrrb,esrrb
ess2,ess2
esyt2a,esyt2a
esyt2b,esyt2b
etaa1,etaa1
etf1a,etf1a
etf1b,etf1b
etfa,etfa
etfb,etfb
etfbkmt,etfbkmt
etfdh,etfdh
ethe1,ethe1
etnk1,etnk1
ets2,ets2
etv1,etv1
etv2,etv2
etv4,etv4
etv5a,etv5a
etv5b,etv5b
eva1a,eva1a
eva1ba,eva1ba
eve1,eve1
evi5a,evi5a
evi5b,evi5b
evla,evla
evpla,evpla
evplb,evplb
evx2,evx2
ewsr1a,ewsr1a
ewsr1b,ewsr1b
exd1,exd1
exd2,exd2
exd3,exd3
exo1,exo1
exo5,exo5
exoc1,exoc1
exoc2,exoc2
exoc3,exoc3
exoc3l1,exoc3l1
exoc3l2a,exoc3l2a
exoc3l4,exoc3l4
exoc4,exoc4
exoc5,exoc5
exoc6,exoc6
exoc6b,exoc6b
exoc7,exoc7
exoc8,exoc8
exosc1,exosc1
exosc10,exosc10
exosc2,exosc2
exosc4,exosc4
exosc5,exosc5
exosc6,exosc6
exosc7,exosc7
exosc8,exosc8
exosc9,exosc9
ext1a,ext1a
ext1b,ext1b
ext2,ext2
extl2,extl2
extl3,extl3
eya1,eya1
eya2,eya2
eya3,eya3
eya4,eya4
ezh1,ezh1
ezh2,ezh2
ezra,ezra
f10,f10
f11r.1,f11r.1
f11r.2,f11r.2
f13a1b,f13a1b
f2,f2
f2rl1.1,f2rl1.1
f2rl1.2,f2rl1.2
f3b,f3b
f5,f5
f8,f8
fa2h,fa2h
faah,faah
faah2a,faah2a
faap24,faap24
fabp10b,fabp10b
fabp11a,fabp11a
fabp1b.1,fabp1b.1
fabp2,fabp2
fabp3,fabp3
fabp6,fabp6
fabp7a,fabp7a
fabp7b,fabp7b
fadd,fadd
fads2,fads2
faf1,faf1
faf2,faf2
fahd1,fahd1
fahd2a,fahd2a
faim2a,faim2a
faima,faima
fam102ab,fam102ab
fam107b,fam107b
fam110b,fam110b
fam110c,fam110c
fam114a1,fam114a1
fam114a2,fam114a2
fam117aa,fam117aa
fam117ab,fam117ab
fam117ba,fam117ba
fam118b,fam118b
fam120a,fam120a
fam120b,fam120b
fam120c,fam120c
fam122b,fam122b
fam126a,fam126a
fam129aa,fam129aa
fam129ab,fam129ab
fam129ba,fam129ba
fam129bb,fam129bb
fam131a,fam131a
fam131ba,fam131ba
fam131bb,fam131bb
fam131c,fam131c
fam133b,fam133b
fam135a,fam135a
fam136a,fam136a
fam13a,fam13a
fam13b,fam13b
fam149a,fam149a
fam149b1,fam149b1
fam151b,fam151b
fam155a,fam155a
fam155b,fam155b
fam160a1a,fam160a1a
fam160a2,fam160a2
fam160b1,fam160b1
fam160b2,fam160b2
fam161a,fam161a
fam161b,fam161b
fam162a,fam162a
fam167ab,fam167ab
fam167b,fam167b
fam168a,fam168a
fam168b,fam168b
fam169aa,fam169aa
fam171a2a,fam171a2a
fam172a,fam172a
fam173a,fam173a
fam173b,fam173b
fam174b,fam174b
fam177a1,fam177a1
fam183a,fam183a
fam184a,fam184a
fam184b,fam184b
fam185a,fam185a
fam189a1,fam189a1
fam189a2,fam189a2
fam192a,fam192a
fam193a,fam193a
fam193b,fam193b
fam198a,fam198a
fam198b,fam198b
fam199x,fam199x
fam19a1a,fam19a1a
fam19a5b,fam19a5b
fam204a,fam204a
fam206a,fam206a
fam207a,fam207a
fam208aa,fam208aa
fam208ab,fam208ab
fam208b,fam208b
fam20b,fam20b
fam20ca,fam20ca
fam210aa,fam210aa
fam210ab,fam210ab
fam210b,fam210b
fam212aa,fam212aa
fam212ab,fam212ab
fam212b,fam212b
fam213b,fam213b
fam214a,fam214a
fam214b,fam214b
fam219aa,fam219aa
fam219b,fam219b
fam222ba,fam222ba
fam222bb,fam222bb
fam228a,fam228a
fam234a,fam234a
fam234b,fam234b
fam32a,fam32a
fam3a,fam3a
fam3c,fam3c
fam43a,fam43a
fam45a,fam45a
fam46ab,fam46ab
fam46ba,fam46ba
fam46bb,fam46bb
fam46c,fam46c
fam49a,fam49a
fam49al,fam49al
fam49ba,fam49ba
fam49bb,fam49bb
fam50a,fam50a
fam53b,fam53b
fam57a,fam57a
fam57ba,fam57ba
fam69aa,fam69aa
fam69ab,fam69ab
fam69c,fam69c
fam76b,fam76b
fam78ba,fam78ba
fam83b,fam83b
fam83d,fam83d
fam83e,fam83e
fam83fa,fam83fa
fam83fb,fam83fb
fam83ha,fam83ha
fam83hb,fam83hb
fam84a,fam84a
fam84b,fam84b
fam89a,fam89a
fam8a1b,fam8a1b
fam91a1,fam91a1
fam92a1,fam92a1
fam96a,fam96a
fam96b,fam96b
fam98a,fam98a
fam98b,fam98b
fan1,fan1
fanca,fanca
fancb,fancb
fancc,fancc
fancd2,fancd2
fance,fance
fancf,fancf
fancg,fancg
fanci,fanci
fancl,fancl
fancm,fancm
fap,fap
far1,far1
farp1,farp1
farp2,farp2
fars2,fars2
farsa,farsa
farsb,farsb
fasn,fasn
fastk,fastk
fastkd1,fastkd1
fastkd2,fastkd2
fastkd3,fastkd3
fat1a,fat1a
fat1b,fat1b
fat2,fat2
fat3a,fat3a
faua,faua
faub,faub
faxdc2,faxdc2
fbl,fbl
fblim1,fblim1
fbln2,fbln2
fbln5,fbln5
fbln7,fbln7
fbn2b,fbn2b
fbp1a,fbp1a
fbp1b,fbp1b
fbrs,fbrs
fbrsl1,fbrsl1
fbxl14a,fbxl14a
fbxl14b,fbxl14b
fbxl15,fbxl15
fbxl16,fbxl16
fbxl17,fbxl17
fbxl18,fbxl18
fbxl2,fbxl2
fbxl20,fbxl20
fbxl22,fbxl22
fbxl3a,fbxl3a
fbxl3b,fbxl3b
fbxl4,fbxl4
fbxl5,fbxl5
fbxl6,fbxl6
fbxl7,fbxl7
fbxl8,fbxl8
fbxo10,fbxo10
fbxo11a,fbxo11a
fbxo15,fbxo15
fbxo16,fbxo16
fbxo18,fbxo18
fbxo22,fbxo22
fbxo25,fbxo25
fbxo3,fbxo3
fbxo30a,fbxo30a
fbxo30b,fbxo30b
fbxo31,fbxo31
fbxo32,fbxo32
fbxo34,fbxo34
fbxo36b,fbxo36b
fbxo38,fbxo38
fbxo40.1,fbxo40.1
fbxo42,fbxo42
fbxo43,fbxo43
fbxo44,fbxo44
fbxo45,fbxo45
fbxo5,fbxo5
fbxo7,fbxo7
fbxo8,fbxo8
fbxo9,fbxo9
fbxw11a,fbxw11a
fbxw11b,fbxw11b
fbxw2,fbxw2
fbxw4,fbxw4
fbxw5,fbxw5
fbxw7,fbxw7
fbxw8,fbxw8
fbxw9,fbxw9
fcer1gl,fcer1gl
fcf1,fcf1
fcho1,fcho1
fcho2,fcho2
fdps,fdps
fdx1,fdx1
fdx1b,fdx1b
fdx1l,fdx1l
fdxacb1,fdxacb1
fdxr,fdxr
fech,fech
fem1b,fem1b
fem1c,fem1c
fen1,fen1
fer,fer
fermt1,fermt1
fermt2,fermt2
fermt3b,fermt3b
fes,fes
fetub,fetub
fev,fev
fez1,fez1
fezf1,fezf1
fezf2,fezf2
fgb,fgb
fgd1,fgd1
fgd4a,fgd4a
fgd4b,fgd4b
fgd5a,fgd5a
fgd5b,fgd5b
fgd6,fgd6
fgf10a,fgf10a
fgf10b,fgf10b
fgf12a,fgf12a
fgf12b,fgf12b
fgf13a,fgf13a
fgf13b,fgf13b
fgf17,fgf17
fgf18a,fgf18a
fgf18b,fgf18b
fgf1a,fgf1a
fgf1b,fgf1b
fgf20b,fgf20b
fgf24,fgf24
fgf3,fgf3
fgf4,fgf4
fgf8a,fgf8a
fgf8b,fgf8b
fgfbp2a,fgfbp2a
fgfbp2b,fgfbp2b
fgfr1a,fgfr1a
fgfr1b,fgfr1b
fgfr1op,fgfr1op
fgfr1op2,fgfr1op2
fgfr2,fgfr2
fgfr3,fgfr3
fgfr4,fgfr4
fgfrl1a,fgfrl1a
fgfrl1b,fgfrl1b
fggy,fggy
fgl1,fgl1
fgl2a,fgl2a
fh,fh
fhad1,fhad1
fhdc1,fhdc1
fhdc2,fhdc2
fhdc3,fhdc3
fhit,fhit
fhl1a,fhl1a
fhl1b,fhl1b
fhl2a,fhl2a
fhl3a,fhl3a
fhl3b,fhl3b
fhod1,fhod1
fhod3a,fhod3a
fhod3b,fhod3b
fibina,fibina
fibinb,fibinb
fibpa,fibpa
fibpb,fibpb
ficd,ficd
fign,fign
fignl1,fignl1
filip1a,filip1a
filip1b,filip1b
fip1l1a,fip1l1a
fip1l1b,fip1l1b
fis1,fis1
fitm2,fitm2
fjx1,fjx1
fkbp10a,fkbp10a
fkbp10b,fkbp10b
fkbp11,fkbp11
fkbp14,fkbp14
fkbp16,fkbp16
fkbp1aa,fkbp1aa
fkbp1ab,fkbp1ab
fkbp1b,fkbp1b
fkbp2,fkbp2
fkbp3,fkbp3
fkbp4,fkbp4
fkbp5,fkbp5
fkbp6,fkbp6
fkbp7,fkbp7
fkbp8,fkbp8
fkbp9,fkbp9
fkbpl,fkbpl
fkrp,fkrp
fktn,fktn
flad1,flad1
flcn,flcn
fli1a,fli1a
fli1b,fli1b
flii,flii
flj11011l,flj11011l
flj13639,flj13639
flna,flna
flnb,flnb
flnca,flnca
flncb,flncb
flot1b,flot1b
flot2a,flot2a
flot2b,flot2b
flr,flr
flrt1b,flrt1b
flrt2,flrt2
flrt3,flrt3
flt1,flt1
flt4,flt4
flvcr1,flvcr1
flvcr2b,flvcr2b
fmn2a,fmn2a
fmn2b,fmn2b
fmnl1a,fmnl1a
fmnl2a,fmnl2a
fmnl2b,fmnl2b
fmnl3,fmnl3
fmo5,fmo5
fmoda,fmoda
fmr1,fmr1
fn1a,fn1a
fn1b,fn1b
fnbp1a,fnbp1a
fnbp1l,fnbp1l
fnbp4,fnbp4
fndc1,fndc1
fndc3a,fndc3a
fndc3ba,fndc3ba
fndc3bb,fndc3bb
fndc4b,fndc4b
fnip1,fnip1
fnta,fnta
fntb,fntb
focad,focad
fopnl,fopnl
fosab,fosab
fosb,fosb
fosl1a,fosl1a
fosl2,fosl2
foxa,foxa
foxa1,foxa1
foxa2,foxa2
foxa3,foxa3
foxb1a,foxb1a
foxb1b,foxb1b
foxc1a,foxc1a
foxc1b,foxc1b
foxd1,foxd1
foxd2,foxd2
foxd3,foxd3
foxd5,foxd5
foxe3,foxe3
foxf1,foxf1
foxf2a,foxf2a
foxf2b,foxf2b
foxg1a,foxg1a
foxg1b,foxg1b
foxg1d,foxg1d
foxh1,foxh1
foxi1,foxi1
foxi3a,foxi3a
foxi3b,foxi3b
foxj1a,foxj1a
foxj1b,foxj1b
foxj2,foxj2
foxj3,foxj3
foxk1,foxk1
foxk2,foxk2
foxl1,foxl1
foxl2b,foxl2b
foxm1,foxm1
foxn2b,foxn2b
foxn3,foxn3
foxn4,foxn4
foxo1a,foxo1a
foxo3a,foxo3a
foxo3b,foxo3b
foxo4,foxo4
foxp1a,foxp1a
foxp1b,foxp1b
foxp2,foxp2
foxp3b,foxp3b
foxp4,foxp4
foxq1a,foxq1a
foxq1b,foxq1b
foxred1,foxred1
foxred2,foxred2
fpgs,fpgs
fpgt,fpgt
fpr1,fpr1
fra10ac1,fra10ac1
fras1,fras1
frem1a,frem1a
frem1b,frem1b
frem2a,frem2a
frem2b,frem2b
frem3,frem3
frg1,frg1
frk,frk
frmd4ba,frmd4ba
frmd6,frmd6
frmd8,frmd8
frmpd1b,frmpd1b
frmpd3,frmpd3
frs2a,frs2a
frs2b,frs2b
frs3,frs3
frya,frya
fryb,fryb
fryl,fryl
frzb,frzb
fsbp,fsbp
fscn1a,fscn1a
fscn1b,fscn1b
fscn2b,fscn2b
fsd1,fsd1
fsta,fsta
fstb,fstb
fstl1a,fstl1a
fstl1b,fstl1b
fstl3,fstl3
fstl4,fstl4
ftcd,ftcd
fth1a,fth1a
fth1b,fth1b
fto,fto
ftr02,ftr02
ftr14,ftr14
ftr23,ftr23
ftr24,ftr24
ftr43,ftr43
ftr51,ftr51
ftr64,ftr64
ftr67,ftr67
ftr82,ftr82
ftr83,ftr83
ftr86,ftr86
ftr93,ftr93
ftsj1,ftsj1
ftsj3,ftsj3
fubp1,fubp1
fubp3,fubp3
fuca1.1,fuca1.1
fuca1.2,fuca1.2
fuca2,fuca2
fuk,fuk
fundc1,fundc1
fundc2,fundc2
fuom,fuom
furina,furina
furinb,furinb
fus,fus
fut10,fut10
fut11,fut11
fut7,fut7
fut8a,fut8a
fut9b,fut9b
fut9d,fut9d
fxn,fxn
fxr1,fxr1
fxr2,fxr2
fxyd1,fxyd1
fxyd6l,fxyd6l
fybb,fybb
fyco1a,fyco1a
fyco1b,fyco1b
fyna,fyna
fynb,fynb
fzd10,fzd10
fzd2,fzd2
fzd3a,fzd3a
fzd3b,fzd3b
fzd4,fzd4
fzd5,fzd5
fzd7a,fzd7a
fzd7b,fzd7b
fzd8a,fzd8a
fzd8b,fzd8b
fzd9b,fzd9b
fzr1a,fzr1a
fzr1b,fzr1b
g0s2,g0s2
g2e3,g2e3
g3bp1,g3bp1
g3bp2,g3bp2
g6pc3,g6pc3
g6pca.2,g6pca.2
g6pd,g6pd
gaa,gaa
gab1,gab1
gabarapa,gabarapa
gabarapb,gabarapb
gabarapl2,gabarapl2
gabbr1a,gabbr1a
gabbr1b,gabbr1b
gabpa,gabpa
gabpb1,gabpb1
gabpb2a,gabpb2a
gabpb2b,gabpb2b
gabrb1,gabrb1
gabrb3,gabrb3
gabrr2b,gabrr2b
gad2,gad2
gadd45aa,gadd45aa
gadd45ab,gadd45ab
gadd45ba,gadd45ba
gadd45bb,gadd45bb
gadd45ga,gadd45ga
gadd45gb.1,gadd45gb.1
gadd45gip1,gadd45gip1
gak,gak
gal3st1a,gal3st1a
gal3st3,gal3st3
gal3st4,gal3st4
galca,galca
galcb,galcb
gale,gale
galk1,galk1
galk2,galk2
galm,galm
galns,galns
galnt1,galnt1
galnt10,galnt10
galnt11,galnt11
galnt12,galnt12
galnt13,galnt13
galnt14,galnt14
galnt17,galnt17
galnt18b,galnt18b
galnt2,galnt2
galnt6,galnt6
galnt7,galnt7
galnt8a.2,galnt8a.2
galnt8b.1,galnt8b.1
galt,galt
gamt,gamt
ganab,ganab
ganc,ganc
gap43,gap43
gapdh,gapdh
gapdhs,gapdhs
gapvd1,gapvd1
gar1,gar1
garem,garem
gars,gars
gart,gart
gas1a,gas1a
gas1b,gas1b
gas2b,gas2b
gas2l1,gas2l1
gas2l3,gas2l3
gas6,gas6
gas7a,gas7a
gas8,gas8
gata1a,gata1a
gata2a,gata2a
gata3,gata3
gata4,gata4
gata5,gata5
gata6,gata6
gatad1,gatad1
gatad2ab,gatad2ab
gatad2b,gatad2b
gatb,gatb
gatd1,gatd1
gatm,gatm
gatsl2,gatsl2
gb:ai877918,gbai877918
gb:bc139872,gbbc139872
gb:cr929477,gbcr929477
gb:eh507706,gbeh507706
gba,gba
gba2,gba2
gbf1,gbf1
gbgt1l4,gbgt1l4
gbp,gbp
gbp1,gbp1
gbp3,gbp3
gbx1,gbx1
gbx2,gbx2
gcat,gcat
gcc1,gcc1
gcdha,gcdha
gcdhb,gcdhb
gcfc2,gcfc2
gcga,gcga
gch1,gch1
gch2,gch2
gchfr,gchfr
gclc,gclc
gclm,gclm
gcm2,gcm2
gcn1,gcn1
gcna,gcna
gcnt3,gcnt3
gcnt4a,gcnt4a
gcnt4b,gcnt4b
gcnt7,gcnt7
gcsha,gcsha
gcshb,gcshb
gda,gda
gdap2,gdap2
gde1,gde1
gdf10a,gdf10a
gdf11,gdf11
gdf3,gdf3
gdf6a,gdf6a
gdf7,gdf7
gdi1,gdi1
gdi2,gdi2
gdnfa,gdnfa
gdpd1,gdpd1
gdpd2,gdpd2
gdpd3a,gdpd3a
gdpd4b,gdpd4b
gdpd5a,gdpd5a
gdpd5b,gdpd5b
gem,gem
gemin2,gemin2
gemin4,gemin4
gemin5,gemin5
gemin6,gemin6
gemin7,gemin7
gemin8,gemin8
get4,get4
gfap,gfap
gfer,gfer
gfi1ab,gfi1ab
gfm1,gfm1
gfm2,gfm2
gfod2,gfod2
gfpt1,gfpt1
gfra1a,gfra1a
gfra3,gfra3
gfra4a,gfra4a
gfra4b,gfra4b
gga1,gga1
gga3,gga3
ggact.1,ggact.1
ggact.2,ggact.2
ggact.3,ggact.3
ggcta,ggcta
ggctb,ggctb
ggcx,ggcx
ggh,ggh
ggnbp2,ggnbp2
ggps1,ggps1
ggt1a,ggt1a
ggt5a,ggt5a
ghdc,ghdc
ghra,ghra
ghrb,ghrb
ghsra,ghsra
gid8a,gid8a
gid8b,gid8b
gig2o,gig2o
gigyf1a,gigyf1a
gigyf1b,gigyf1b
gigyf2,gigyf2
ginm1,ginm1
gins1,gins1
gins2,gins2
gins3,gins3
gins4,gins4
gipc2,gipc2
gipc3,gipc3
git1,git1
git2a,git2a
git2b,git2b
gjd2b,gjd2b
gk5,gk5
gkap1,gkap1
gkup,gkup
gla,gla
glb1,glb1
glb1l,glb1l
glcci1a,glcci1a
glceb,glceb
gldc,gldc
gle1,gle1
glg1a,glg1a
glg1b,glg1b
gli1,gli1
gli2a,gli2a
gli2b,gli2b
gli3,gli3
glipr1a,glipr1a
glipr2,glipr2
glipr2l,glipr2l
glis2a,glis2a
glmna,glmna
glmp,glmp
glo1,glo1
glod4,glod4
glod5,glod5
glra1,glra1
glra3,glra3
glrbb,glrbb
glrx,glrx
glrx2,glrx2
glrx3,glrx3
glrx5,glrx5
glsa,glsa
glsb,glsb
glsl,glsl
glt8d1,glt8d1
glud1a,glud1a
glud1b,glud1b
glula,glula
glulb,glulb
glyctk,glyctk
glyr1,glyr1
gm2a,gm2a
gmcl1,gmcl1
gmds,gmds
gmeb1,gmeb1
gmfb,gmfb
gmip,gmip
gmnn,gmnn
gmppaa,gmppaa
gmppab,gmppab
gmppb,gmppb
gmpr2,gmpr2
gmps,gmps
gna11a,gna11a
gna11b,gna11b
gna12a,gna12a
gna13a,gna13a
gna13b,gna13b
gna14,gna14
gnai1,gnai1
gnai2a,gnai2a
gnai2b,gnai2b
gnai3,gnai3
gnaia,gnaia
gnal,gnal
gnal2,gnal2
gnao1a,gnao1a
gnao1b,gnao1b
gnas,gnas
gnav1,gnav1
gnb1a,gnb1a
gnb1b,gnb1b
gnb2,gnb2
gnb4b,gnb4b
gne,gne
gng10,gng10
gng12a,gng12a
gng13b,gng13b
gng2,gng2
gng3,gng3
gng5,gng5
gng7,gng7
gnl1,gnl1
gnl2,gnl2
gnl3,gnl3
gnl3l,gnl3l
gnmt,gnmt
gnpat,gnpat
gnpda1,gnpda1
gnpda2,gnpda2
gnpnat1,gnpnat1
gnptab,gnptab
gnptg,gnptg
gnsa,gnsa
gnsb,gnsb
golga1,golga1
golga2,golga2
golga3,golga3
golga4,golga4
golga5,golga5
golga7,golga7
golga7ba,golga7ba
golgb1,golgb1
golim4b,golim4b
golph3,golph3
golph3l,golph3l
golt1ba,golt1ba
golt1bb,golt1bb
gon4l,gon4l
gopc,gopc
gorab,gorab
gorasp1a,gorasp1a
gorasp2,gorasp2
gosr1,gosr1
gosr2,gosr2
got1,got1
got1l1,got1l1
got2a,got2a
got2b,got2b
gp1bb,gp1bb
gpaa1,gpaa1
gpalpp1,gpalpp1
gpam,gpam
gpank1,gpank1
gpat2,gpat2
gpat3,gpat3
gpat4,gpat4
gpatch1,gpatch1
gpatch11,gpatch11
gpatch3,gpatch3
gpatch4,gpatch4
gpatch8,gpatch8
gpbp1l1,gpbp1l1
gpc1b,gpc1b
gpc3,gpc3
gpc4,gpc4
gpc5a,gpc5a
gpcpd1,gpcpd1
gpd1a,gpd1a
gpd1b,gpd1b
gpd1c,gpd1c
gpd1l,gpd1l
gpd2,gpd2
gphna,gphna
gphnb,gphnb
gpia,gpia
gpkow,gpkow
gpm6aa,gpm6aa
gpm6ab,gpm6ab
gpm6ba,gpm6ba
gpm6bb,gpm6bb
gpn1,gpn1
gpn2,gpn2
gpn3,gpn3
gpr107,gpr107
gpr108,gpr108
gpr12,gpr12
gpr132b,gpr132b
gpr137,gpr137
gpr143,gpr143
gpr146,gpr146
gpr155a,gpr155a
gpr155b,gpr155b
gpr157,gpr157
gpr160,gpr160
gpr161,gpr161
gpr174,gpr174
gpr182,gpr182
gpr183a,gpr183a
gpr183b,gpr183b
gpr19,gpr19
gpr22a,gpr22a
gpr27,gpr27
gpr35.1,gpr35.1
gpr37a,gpr37a
gpr37b,gpr37b
gpr39,gpr39
gpr63,gpr63
gpr65,gpr65
gpr75,gpr75
gpr84,gpr84
gpr85,gpr85
gprc5ba,gprc5ba
gps1,gps1
gps2,gps2
gpsm1a,gpsm1a
gpsm1b,gpsm1b
gpsm2,gpsm2
gpsm2l,gpsm2l
gpt2,gpt2
gpt2l,gpt2l
gpx1a,gpx1a
gpx1b,gpx1b
gpx3,gpx3
gpx4a,gpx4a
gpx4b,gpx4b
gpx7,gpx7
gpx8,gpx8
gra,gra
gramd1a,gramd1a
gramd1c,gramd1c
gramd2aa,gramd2aa
gramd4b,gramd4b
grap2a,grap2a
grap2b,grap2b
grapa,grapa
grasp,grasp
grb10a,grb10a
grb10b,grb10b
grb2a,grb2a
grb2b,grb2b
grcc10,grcc10
greb1,greb1
greb1l,greb1l
grem1a,grem1a
grem2b,grem2b
grhl1,grhl1
grhl2a,grhl2a
grhl2b,grhl2b
grhl3,grhl3
grhpra,grhpra
grhprb,grhprb
gria1a,gria1a
gria1b,gria1b
gria2a,gria2a
gria2b,gria2b
gria3b,gria3b
gria4a,gria4a
gria4b,gria4b
grid1a,grid1a
grik1a,grik1a
grik5,grik5
grin1a,grin1a
grin2bb,grin2bb
grin2da,grin2da
grin2db,grin2db
grin3bb,grin3bb
grinaa,grinaa
grinab,grinab
grip1,grip1
grip2a,grip2a
grip2b,grip2b
gripap1,gripap1
grk1a,grk1a
grk3,grk3
grk4,grk4
grk5,grk5
grk5l,grk5l
grk6,grk6
grk7b,grk7b
grm2b,grm2b
grm4,grm4
grm6b,grm6b
grna,grna
grnb,grnb
grp,grp
grpel1,grpel1
grpel2,grpel2
grsf1,grsf1
grtp1a,grtp1a
grtp1b,grtp1b
grwd1,grwd1
gsap,gsap
gsc,gsc
gsdmea,gsdmea
gsdmeb,gsdmeb
gse1,gse1
gsk3aa,gsk3aa
gsk3ab,gsk3ab
gsk3b,gsk3b
gskip,gskip
gsna,gsna
gsnb,gsnb
gspt1,gspt1
gspt1l,gspt1l
gsr,gsr
gss,gss
gsta.1,gsta.1
gsta.2,gsta.2
gstcd,gstcd
gstk1,gstk1
gstm.1,gstm.1
gstm.2,gstm.2
gstm.3,gstm.3
gsto1,gsto1
gsto2,gsto2
gstp1,gstp1
gstr,gstr
gstt1a,gstt1a
gstt1b,gstt1b
gstt2,gstt2
gsx1,gsx1
gsx2,gsx2
gtdc1,gtdc1
gtf2a1,gtf2a1
gtf2a1l,gtf2a1l
gtf2a2,gtf2a2
gtf2b,gtf2b
gtf2e1,gtf2e1
gtf2e2,gtf2e2
gtf2f1,gtf2f1
gtf2f2a,gtf2f2a
gtf2h1,gtf2h1
gtf2h2,gtf2h2
gtf2h3,gtf2h3
gtf2h4,gtf2h4
gtf2h5,gtf2h5
gtf2ird1,gtf2ird1
gtf3aa,gtf3aa
gtf3ab,gtf3ab
gtf3c2,gtf3c2
gtf3c3,gtf3c3
gtf3c4,gtf3c4
gtf3c5,gtf3c5
gtf3c6,gtf3c6
gtpbp1,gtpbp1
gtpbp10,gtpbp10
gtpbp1l,gtpbp1l
gtpbp2b,gtpbp2b
gtpbp3,gtpbp3
gtpbp4,gtpbp4
gtpbp6,gtpbp6
gtse1,gtse1
gucd1,gucd1
gucy1a1,gucy1a1
gucy2c,gucy2c
guf1,guf1
guk1a,guk1a
gulp1a,gulp1a
gulp1b,gulp1b
gusb,gusb
gxylt1b,gxylt1b
gxylt2,gxylt2
gyg1a,gyg1a
gyg1b,gyg1b
gys1,gys1
gzm3.2,gzm3.2
gzm3.3,gzm3.3
gzm3.4,gzm3.4
h1f0,h1f0
h1fx,h1fx
h1m,h1m
h2afva,h2afva
h2afvb,h2afvb
h2afx,h2afx
h2afx1,h2afx1
h2afy,h2afy
h2afy2,h2afy2
h3f3b.1,h3f3b.1
h3f3c,h3f3c
h3f3d,h3f3d
h6pd,h6pd
habp2,habp2
hacd1,hacd1
hacd2,hacd2
hacd3,hacd3
hace1,hace1
hacl1,hacl1
hadh,hadh
hadhaa,hadhaa
hadhab,hadhab
hagh,hagh
hamp,hamp
hand2,hand2
hapln1a,hapln1a
hapln1b,hapln1b
hapln3,hapln3
harbi1,harbi1
hars,hars
has2,has2
hat1,hat1
haus1,haus1
haus3,haus3
haus4,haus4
haus5,haus5
haus6,haus6
haus7,haus7
havcr1,havcr1
hax1,hax1
hbae1,hbae1
hbae1.3,hbae1.3
hbae3,hbae3
hbae5,hbae5
hbbe1.1,hbbe1.1
hbbe1.2,hbbe1.2
hbbe2,hbbe2
hbbe3,hbbe3
hbegfa,hbegfa
hbegfb,hbegfb
hbl1,hbl1
hbp1,hbp1
hbs1l,hbs1l
hcar1-3,hcar1-3
hccsa.1,hccsa.1
hccsb,hccsb
hcfc1a,hcfc1a
hcfc1b,hcfc1b
hcfc2,hcfc2
hck,hck
hcls1,hcls1
hcn1,hcn1
hcn2b,hcn2b
hdac1,hdac1
hdac10,hdac10
hdac12,hdac12
hdac3,hdac3
hdac4,hdac4
hdac5,hdac5
hdac6,hdac6
hdac8,hdac8
hdac9b,hdac9b
hdc,hdc
hddc2,hddc2
hddc3,hddc3
hdgfl2,hdgfl2
hdhd2,hdhd2
hdhd3,hdhd3
hdlbpa,hdlbpa
hdlbpb,hdlbpb
hdr,hdr
hdx,hdx
he1.1,he1.1
he1.2,he1.2
he1.3,he1.3
heatr1,heatr1
heatr3,heatr3
heatr5a,heatr5a
heatr6,heatr6
hebp2,hebp2
heca,heca
hectd1,hectd1
hectd3,hectd3
hecw2a,hecw2a
hecw2b,hecw2b
heg1,heg1
helb,helb
hells,hells
helt,helt
helz,helz
hemgn,hemgn
hemk1,hemk1
henmt1,henmt1
hepacama,hepacama
hephl1a,hephl1a
her1,her1
her11,her11
her12,her12
her13,her13
her15.1,her15.1
her15.2,her15.2
her2,her2
her3,her3
her4.1,her4.1
her4.2,her4.2
her4.3,her4.3
her4.4,her4.4
her5,her5
her6,her6
her7,her7
her8.2,her8.2
her8a,her8a
her9,her9
herc1,herc1
herc2,herc2
herc3,herc3
herc4,herc4
herpud1,herpud1
herpud2,herpud2
hes2.1,hes2.1
hes2.2,hes2.2
hes6,hes6
hexa,hexa
hexb,hexb
hexdc,hexdc
hexim1,hexim1
hey1,hey1
hey2,hey2
heyl,heyl
hfe2,hfe2
hfm1,hfm1
hgd,hgd
hgfa,hgfa
hgh1,hgh1
hgs,hgs
hgsnat,hgsnat
hhat,hhat
hhatla,hhatla
hhatlb,hhatlb
hhip,hhip
hhipl1,hhipl1
hhipl2,hhipl2
hhla2a.1,hhla2a.1
hiat1a,hiat1a
hiat1b,hiat1b
hibadha,hibadha
hibadhb,hibadhb
hibch,hibch
hic1l,hic1l
hic2,hic2
hid1a,hid1a
hid1b,hid1b
hif1ab,hif1ab
hif1al,hif1al
hif1an,hif1an
higd1a,higd1a
higd2a,higd2a
hikeshi,hikeshi
hinfp,hinfp
hint1,hint1
hint2,hint2
hip1,hip1
hip1rb,hip1rb
hipk2,hipk2
hipk3a,hipk3a
hipk3b,hipk3b
hira,hira
hirip3,hirip3
hist1h2a10,hist1h2a10
hist1h2a11,hist1h2a11
hist1h2a3,hist1h2a3
hist2h2l,hist2h2l
histh1l,histh1l
hivep1,hivep1
hivep2a,hivep2a
hivep3b,hivep3b
hk1,hk1
hk2,hk2
hlcs,hlcs
hlfa,hlfa
hltf,hltf
hlx1,hlx1
hm13,hm13
hmbsa,hmbsa
hmbsb,hmbsb
hmces,hmces
hmcn1,hmcn1
hmcn2,hmcn2
hmg20a,hmg20a
hmg20b,hmg20b
hmga1a,hmga1a
hmga1b,hmga1b
hmga2,hmga2
hmgb1a,hmgb1a
hmgb1b,hmgb1b
hmgb2a,hmgb2a
hmgb2b,hmgb2b
hmgb3a,hmgb3a
hmgb3b,hmgb3b
hmgcl,hmgcl
hmgcra,hmgcra
hmgcrb,hmgcrb
hmgcs1,hmgcs1
hmgn2,hmgn2
hmgn3,hmgn3
hmgn6,hmgn6
hmgn7,hmgn7
hmgxb3,hmgxb3
hmgxb4a,hmgxb4a
hmha1a,hmha1a
hmha1b,hmha1b
hmmr,hmmr
hmox1a,hmox1a
hmox2a,hmox2a
hmox2b,hmox2b
hmx1,hmx1
hmx2,hmx2
hmx3a,hmx3a
hmx4,hmx4
hnf1ba,hnf1ba
hnf1bb,hnf1bb
hnf4a,hnf4a
hnf4g,hnf4g
hnmt,hnmt
hnrnpa0a,hnrnpa0a
hnrnpa0b,hnrnpa0b
hnrnpa0l,hnrnpa0l
hnrnpa1a,hnrnpa1a
hnrnpa1b,hnrnpa1b
hnrnpa3,hnrnpa3
hnrnpaba,hnrnpaba
hnrnpabb,hnrnpabb
hnrnpc,hnrnpc
hnrnpd,hnrnpd
hnrnpdl,hnrnpdl
hnrnph1,hnrnph1
hnrnph1l,hnrnph1l
hnrnph3,hnrnph3
hnrnpk,hnrnpk
hnrnpl,hnrnpl
hnrnpl2,hnrnpl2
hnrnpm,hnrnpm
hnrnpr,hnrnpr
hnrnpua,hnrnpua
hnrnpub,hnrnpub
hnrnpul1,hnrnpul1
hnrnpul1l,hnrnpul1l
hnrpkl,hnrpkl
hoga1,hoga1
homer1b,homer1b
homer2,homer2
homer3b,homer3b
homeza,homeza
homezb,homezb
hook1,hook1
hopx,hopx
hoxa10b,hoxa10b
hoxa11a,hoxa11a
hoxa11b,hoxa11b
hoxa13a,hoxa13a
hoxa13b,hoxa13b
hoxa1a,hoxa1a
hoxa2b,hoxa2b
hoxa3a,hoxa3a
hoxa5a,hoxa5a
hoxa9a,hoxa9a
hoxa9b,hoxa9b
hoxb10a,hoxb10a
hoxb13a,hoxb13a
hoxb1b,hoxb1b
hoxb2a,hoxb2a
hoxb3a,hoxb3a
hoxb4a,hoxb4a
hoxb5a,hoxb5a
hoxb5b,hoxb5b
hoxb6a,hoxb6a
hoxb6b,hoxb6b
hoxb7a,hoxb7a
hoxb8a,hoxb8a
hoxb8b,hoxb8b
hoxb9a,hoxb9a
hoxc10a,hoxc10a
hoxc11a,hoxc11a
hoxc11b,hoxc11b
hoxc12a,hoxc12a
hoxc12b,hoxc12b
hoxc13a,hoxc13a
hoxc13b,hoxc13b
hoxc1a,hoxc1a
hoxc3a,hoxc3a
hoxc4a,hoxc4a
hoxc5a,hoxc5a
hoxc6b,hoxc6b
hoxc8a,hoxc8a
hoxc9a,hoxc9a
hoxd10a,hoxd10a
hoxd11a,hoxd11a
hoxd12a,hoxd12a
hoxd13a,hoxd13a
hoxd3a,hoxd3a
hoxd4a,hoxd4a
hoxd9a,hoxd9a
hp1bp3,hp1bp3
hpca,hpca
hpcal1,hpcal1
hpcal4,hpcal4
hpda,hpda
hpdb,hpdb
hpdl,hpdl
hpf1,hpf1
hpgd,hpgd
hpn,hpn
hprt1,hprt1
hprt1l,hprt1l
hps1,hps1
hps3,hps3
hps4,hps4
hps5,hps5
hpse,hpse
hrasa,hrasa
hrasb,hrasb
hs1bp3,hs1bp3
hs2st1a,hs2st1a
hs3st1l2,hs3st1l2
hs3st3b1a,hs3st3b1a
hs3st3b1b,hs3st3b1b
hs6st1a,hs6st1a
hs6st1b,hs6st1b
hs6st2,hs6st2
hsbp1a,hsbp1a
hsbp1b,hsbp1b
hsbp1l1,hsbp1l1
hsd11b1la,hsd11b1la
hsd11b2,hsd11b2
hsd17b10,hsd17b10
hsd17b12a,hsd17b12a
hsd17b12b,hsd17b12b
hsd17b14,hsd17b14
hsd17b3,hsd17b3
hsd17b4,hsd17b4
hsd17b7,hsd17b7
hsd17b8,hsd17b8
hsd20b2,hsd20b2
hsd3b7,hsd3b7
hsdl1,hsdl1
hsdl2,hsdl2
hsf1,hsf1
hsf2,hsf2
hsh2d,hsh2d
hsp70.1,hsp70.1
hsp70.2,hsp70.2
hsp70.3,hsp70.3
hsp70l,hsp70l
hsp90aa1.1,hsp90aa1.1
hsp90aa1.2,hsp90aa1.2
hsp90ab1,hsp90ab1
hsp90b1,hsp90b1
hspa12a,hspa12a
hspa12b,hspa12b
hspa13,hspa13
hspa14,hspa14
hspa4a,hspa4a
hspa4b,hspa4b
hspa5,hspa5
hspa8,hspa8
hspa9,hspa9
hspb1,hspb1
hspb11,hspb11
hspb6,hspb6
hspb8,hspb8
hspb9,hspb9
hspbap1,hspbap1
hspbp1,hspbp1
hspd1,hspd1
hspe1,hspe1
hspg2,hspg2
hsph1,hsph1
htatip2,htatip2
htatsf1,htatsf1
htr1d,htr1d
htr3a,htr3a
htr5aa,htr5aa
htr5ab,htr5ab
htra1a,htra1a
htra1b,htra1b
htt,htt
huwe1,huwe1
hvcn1,hvcn1
hyal1,hyal1
hyal2b,hyal2b
hyal3,hyal3
hyal6,hyal6
hydin,hydin
hyi,hyi
hykk.2,hykk.2
hyou1,hyou1
hypk,hypk
iah1,iah1
iars,iars
iars2,iars2
iba57,iba57
ibtk,ibtk
ica1,ica1
ical1,ical1
ice1,ice1
ice2,ice2
icmt,icmt
icn,icn
icn2,icn2
id1,id1
id2a,id2a
id2b,id2b
id3,id3
id4,id4
ide,ide
idh1,idh1
idh2,idh2
idh3a,idh3a
idh3b,idh3b
idh3g,idh3g
idi1,idi1
ids,ids
idua,idua
ier2a,ier2a
ier2b,ier2b
ier3ip1,ier3ip1
ier5,ier5
ier5l,ier5l
iffo1b,iffo1b
ifi30,ifi30
ifi35,ifi35
ifih1,ifih1
ifit11,ifit11
ifitm1,ifitm1
ifnphi3,ifnphi3
ifrd1,ifrd1
ifrd2,ifrd2
ift140,ift140
ift172,ift172
ift20,ift20
ift22,ift22
ift27,ift27
ift46,ift46
ift52,ift52
ift57,ift57
ift74,ift74
ift80,ift80
ift81,ift81
ift88,ift88
igbp1,igbp1
igdcc3,igdcc3
igdcc4,igdcc4
igf1ra,igf1ra
igf1rb,igf1rb
igf2a,igf2a
igf2b,igf2b
igf2bp1,igf2bp1
igf2bp2a,igf2bp2a
igf2bp2b,igf2bp2b
igf2bp3,igf2bp3
igf2r,igf2r
igfbp1a,igfbp1a
igfbp2a,igfbp2a
igfbp3,igfbp3
igfbp5b,igfbp5b
igfbp7,igfbp7
igflr1,igflr1
igfn1.1,igfn1.1
ighmbp2,ighmbp2
ighv1-4,ighv1-4
igsf11,igsf11
igsf21a,igsf21a
igsf3,igsf3
igsf5a,igsf5a
igsf8,igsf8
igsf9a,igsf9a
igsf9b,igsf9b
igsf9ba,igsf9ba
ihha,ihha
ik,ik
ikbkb,ikbkb
ikbke,ikbke
ikbkg,ikbkg
ikzf1,ikzf1
ikzf5,ikzf5
il10ra,il10ra
il10rb,il10rb
il11b,il11b
il11ra,il11ra
il12rb2l,il12rb2l
il13ra1,il13ra1
il13ra2,il13ra2
il15,il15
il16,il16
il17ra1a,il17ra1a
il17rc,il17rc
il17rd,il17rd
il19l,il19l
il1b,il1b
il1fma,il1fma
il1rapl1a,il1rapl1a
il20ra,il20ra
il21,il21
il34,il34
il4,il4
il4r.1,il4r.1
il6r,il6r
il6st,il6st
ildr1a,ildr1a
ildr1b,ildr1b
ildr2,ildr2
ilf2,ilf2
ilf3a,ilf3a
ilf3b,ilf3b
ilk,ilk
ilkap,ilkap
illr4,illr4
ilvbl,ilvbl
im:6904045,im6904045
im:6912630,im6912630
im:7136021,im7136021
im:7138535,im7138535
im:7140055,im7140055
im:7141269,im7141269
im:7145024,im7145024
im:7147486,im7147486
im:7150988,im7150988
im:7151449,im7151449
im:7152348,im7152348
immp1l,immp1l
immp2l,immp2l
immt,immt
imp3,imp3
imp4,imp4
impa1,impa1
impact,impact
impad1,impad1
impdh1b,impdh1b
impdh2,impdh2
inab,inab
ing1,ing1
ing2,ing2
ing3,ing3
ing4,ing4
ing5a,ing5a
ing5b,ing5b
inhbaa,inhbaa
inhbb,inhbb
inip,inip
ino80,ino80
ino80b,ino80b
ino80c,ino80c
ino80db,ino80db
ino80e,ino80e
inpp4aa,inpp4aa
inpp5b,inpp5b
inpp5d,inpp5d
inpp5e,inpp5e
inpp5ka,inpp5ka
inpp5kb,inpp5kb
inpp5l,inpp5l
inppl1a,inppl1a
inppl1b,inppl1b
insb,insb
insig1,insig1
insl5a,insl5a
insm1a,insm1a
insm1b,insm1b
insra,insra
insrb,insrb
ints1,ints1
ints10,ints10
ints11,ints11
ints12,ints12
ints13,ints13
ints14,ints14
ints2,ints2
ints3,ints3
ints4,ints4
ints5,ints5
ints6,ints6
ints6l,ints6l
ints7,ints7
ints8,ints8
ints9,ints9
intu,intu
invs,invs
ip6k1,ip6k1
ip6k2a,ip6k2a
ip6k2b,ip6k2b
ipcef1,ipcef1
ipmkb,ipmkb
ipo11,ipo11
ipo13,ipo13
ipo4,ipo4
ipo7,ipo7
ipo8,ipo8
ipo9,ipo9
ippk,ippk
iqca1,iqca1
iqcb1,iqcb1
iqcc,iqcc
iqcd,iqcd
iqce,iqce
iqcg,iqcg
iqck,iqck
iqgap1,iqgap1
iqgap2,iqgap2
iqgap3,iqgap3
iqsec1b,iqsec1b
iqsec2a,iqsec2a
iqsec2b,iqsec2b
iqsec3a,iqsec3a
iqub,iqub
irak1bp1,irak1bp1
irak3,irak3
ireb2,ireb2
irf10,irf10
irf1b,irf1b
irf2,irf2
irf2a,irf2a
irf2bp1,irf2bp1
irf2bp2a,irf2bp2a
irf2bp2b,irf2bp2b
irf2bpl,irf2bpl
irf3,irf3
irf5,irf5
irf6,irf6
irf7,irf7
irf8,irf8
irf9,irf9
irg1l,irg1l
irge4,irge4
irgf4,irgf4
irgq1,irgq1
irgq2,irgq2
irs1,irs1
irs2a,irs2a
irs2b,irs2b
irs4a,irs4a
irx1a,irx1a
irx1b,irx1b
irx2a,irx2a
irx3a,irx3a
irx3b,irx3b
irx4a,irx4a
irx4b,irx4b
irx5a,irx5a
irx5b,irx5b
irx6a,irx6a
irx7,irx7
isca1,isca1
isca2,isca2
iscub,iscub
isg15,isg15
isg20,isg20
isg20l2,isg20l2
isl1,isl1
isl2a,isl2a
isl2b,isl2b
islr2,islr2
ism1,ism1
isoc1,isoc1
isoc2,isoc2
ispd,ispd
ist1,ist1
isy1,isy1
itfg2,itfg2
itga10,itga10
itga11a,itga11a
itga2.3,itga2.3
itga3a,itga3a
itga3b,itga3b
itga4,itga4
itga5,itga5
itga6a,itga6a
itga6b,itga6b
itga6l,itga6l
itga8,itga8
itga9,itga9
itgae.1,itgae.1
itgae.2,itgae.2
itgav,itgav
itgb1a,itgb1a
itgb1b,itgb1b
itgb1b.1,itgb1b.1
itgb1b.2,itgb1b.2
itgb1bp1,itgb1bp1
itgb2,itgb2
itgb3b,itgb3b
itgb4,itgb4
itgb5,itgb5
itgb6,itgb6
itgb7,itgb7
itih5,itih5
itih6,itih6
itln1,itln1
itm2ba,itm2ba
itm2bb,itm2bb
itm2ca,itm2ca
itm2cb,itm2cb
itpa,itpa
itpk1a,itpk1a
itpk1b,itpk1b
itpka,itpka
itpkb,itpkb
itpkca,itpkca
itpkcb,itpkcb
itpr1a,itpr1a
itpr1b,itpr1b
itpr3,itpr3
itprip,itprip
itsn1,itsn1
itsn2a,itsn2a
itsn2b,itsn2b
ivd,ivd
ivns1abpa,ivns1abpa
ivns1abpb,ivns1abpb
jac7,jac7
jade1,jade1
jade3,jade3
jag1a,jag1a
jag1b,jag1b
jag2b,jag2b
jagn1a,jagn1a
jagn1b,jagn1b
jak1,jak1
jak2a,jak2a
jak2b,jak2b
jakmip1,jakmip1
jakmip2,jakmip2
jakmip3,jakmip3
jam2a,jam2a
jam2b,jam2b
jam3a,jam3a
jam3b,jam3b
jarid2a,jarid2a
jarid2b,jarid2b
jazf1b,jazf1b
jcada,jcada
jdp2b,jdp2b
jhy,jhy
jkamp,jkamp
jmjd1cb,jmjd1cb
jmjd4,jmjd4
jmjd6,jmjd6
jmjd7,jmjd7
josd1,josd1
josd2,josd2
jph1a,jph1a
jph1b,jph1b
jph2,jph2
jph3,jph3
jpt1a,jpt1a
jpt1b,jpt1b
jpt2,jpt2
jtb,jtb
jun,jun
junba,junba
junbb,junbb
jund,jund
june,june
jupa,jupa
kalrnb,kalrnb
kank1a,kank1a
kank2,kank2
kank3,kank3
kansl1a,kansl1a
kansl1b,kansl1b
kansl1l,kansl1l
kansl2,kansl2
kansl3,kansl3
kars,kars
kat14,kat14
kat2a,kat2a
kat2b,kat2b
kat5b,kat5b
kat6a,kat6a
kat6b,kat6b
kat7a,kat7a
kat7b,kat7b
kat8,kat8
katna1,katna1
katnal1,katnal1
katnb1,katnb1
katnbl1,katnbl1
kazald2,kazald2
kazald3,kazald3
kaznb,kaznb
kbtbd2,kbtbd2
kbtbd3,kbtbd3
kbtbd4,kbtbd4
kbtbd8,kbtbd8
kcmf1,kcmf1
kcna1a,kcna1a
kcnab1b,kcnab1b
kcnab2a,kcnab2a
kcnc1a,kcnc1a
kcnd2,kcnd2
kcnd3,kcnd3
kcng4a,kcng4a
kcnh6a,kcnh6a
kcnh7,kcnh7
kcnh8,kcnh8
kcnip1b,kcnip1b
kcnj13,kcnj13
kcnj14,kcnj14
kcnj19a,kcnj19a
kcnj19b,kcnj19b
kcnj1b,kcnj1b
kcnj3b,kcnj3b
kcnk5a,kcnk5a
kcnk5b,kcnk5b
kcnk6,kcnk6
kcnk7,kcnk7
kcnma1a,kcnma1a
kcnn1a,kcnn1a
kcnn1b,kcnn1b
kcnn3,kcnn3
kcnq2a,kcnq2a
kcnq5a,kcnq5a
kcnq5b,kcnq5b
kctd1,kctd1
kctd10,kctd10
kctd12.1,kctd12.1
kctd12.2,kctd12.2
kctd12b,kctd12b
kctd13,kctd13
kctd14,kctd14
kctd15a,kctd15a
kctd17,kctd17
kctd2,kctd2
kctd5a,kctd5a
kctd6b,kctd6b
kctd9a,kctd9a
kdelc1,kdelc1
kdelc2,kdelc2
kdelr2a,kdelr2a
kdelr2b,kdelr2b
kdelr3,kdelr3
kdf1a,kdf1a
kdm1a,kdm1a
kdm2aa,kdm2aa
kdm2ab,kdm2ab
kdm2ba,kdm2ba
kdm2bb,kdm2bb
kdm3b,kdm3b
kdm4aa,kdm4aa
kdm4ab,kdm4ab
kdm4b,kdm4b
kdm4c,kdm4c
kdm5ba,kdm5ba
kdm5bb,kdm5bb
kdm5c,kdm5c
kdm6a,kdm6a
kdm6al,kdm6al
kdm6ba,kdm6ba
kdm6bb,kdm6bb
kdm7aa,kdm7aa
kdm7ab,kdm7ab
kdm8,kdm8
kdrl,kdrl
kdsr,kdsr
keap1a,keap1a
keap1b,keap1b
kel,kel
kera,kera
khdc4,khdc4
khdrbs1a,khdrbs1a
khdrbs1b,khdrbs1b
khdrbs2,khdrbs2
khk,khk
khnyn,khnyn
khsrp,khsrp
kiaa1549la,kiaa1549la
kidins220a,kidins220a
kidins220b,kidins220b
kif11,kif11
kif13a,kif13a
kif13ba,kif13ba
kif13bb,kif13bb
kif14,kif14
kif15,kif15
kif16ba,kif16ba
kif18a,kif18a
kif19,kif19
kif1aa,kif1aa
kif1b,kif1b
kif1bp,kif1bp
kif20a,kif20a
kif20ba,kif20ba
kif20bb,kif20bb
kif21a,kif21a
kif21b,kif21b
kif22,kif22
kif23,kif23
kif26aa,kif26aa
kif26ab,kif26ab
kif26ba,kif26ba
kif2c,kif2c
kif3a,kif3a
kif3b,kif3b
kif4,kif4
kif5aa,kif5aa
kif5ba,kif5ba
kif5bb,kif5bb
kif5c,kif5c
kif6,kif6
kif7,kif7
kifap3a,kifap3a
kifap3b,kifap3b
kifc1,kifc1
kifc3,kifc3
kin,kin
kirrel1a,kirrel1a
kirrel1b,kirrel1b
kirrel3a,kirrel3a
kirrel3l,kirrel3l
kita,kita
kitlga,kitlga
kitlgb,kitlgb
kiz,kiz
kl,kl
klb,klb
klc4,klc4
klf1,klf1
klf11a,klf11a
klf11b,klf11b
klf12a,klf12a
klf12b,klf12b
klf13,klf13
klf15,klf15
klf17,klf17
klf2a,klf2a
klf2b,klf2b
klf3,klf3
klf5a,klf5a
klf5l,klf5l
klf6a,klf6a
klf7a,klf7a
klf7b,klf7b
klf8,klf8
klf9,klf9
klhdc10,klhdc10
klhdc4,klhdc4
klhl11,klhl11
klhl13,klhl13
klhl15,klhl15
klhl17,klhl17
klhl18,klhl18
klhl2,klhl2
klhl20,klhl20
klhl21,klhl21
klhl22,klhl22
klhl23,klhl23
klhl24a,klhl24a
klhl24b,klhl24b
klhl26,klhl26
klhl3,klhl3
klhl30,klhl30
klhl31,klhl31
klhl32,klhl32
klhl4,klhl4
klhl40a,klhl40a
klhl40b,klhl40b
klhl41a,klhl41a
klhl41b,klhl41b
klhl42,klhl42
klhl43,klhl43
klhl6,klhl6
klhl7,klhl7
klhl8,klhl8
kmt2a,kmt2a
kmt2ba,kmt2ba
kmt2bb,kmt2bb
kmt2ca,kmt2ca
kmt2cb,kmt2cb
kmt2d,kmt2d
kmt2e,kmt2e
kmt5aa,kmt5aa
kmt5ab,kmt5ab
kmt5b,kmt5b
kmt5c,kmt5c
kng1,kng1
knl1,knl1
knop1,knop1
knstrn,knstrn
kntc1,kntc1
kpna1,kpna1
kpna2,kpna2
kpna3,kpna3
kpna4,kpna4
kpna5,kpna5
kpna6,kpna6
kpnb1,kpnb1
kpnb3,kpnb3
kptn,kptn
kras,kras
krcp,krcp
kremen1,kremen1
kri1,kri1
krit1,krit1
krr1,krr1
krt1-19d,krt1-19d
krt1-c5,krt1-c5
krt15,krt15
krt17,krt17
krt18,krt18
krt222,krt222
krt4,krt4
krt5,krt5
krt8,krt8
krt91,krt91
krt92,krt92
krt93,krt93
krt94,krt94
krt96,krt96
krt97,krt97
krtcap2,krtcap2
krtt1c19e,krtt1c19e
ksr1b,ksr1b
ksr2,ksr2
kti12,kti12
ktn1,ktn1
kxd1,kxd1
kyat1,kyat1
kyat3,kyat3
l2hgdh,l2hgdh
l3mbtl1b,l3mbtl1b
l3mbtl2,l3mbtl2
l3mbtl3,l3mbtl3
lacc1,lacc1
lactb,lactb
lad1,lad1
lama1,lama1
lama4,lama4
lama5,lama5
lamb1a,lamb1a
lamb1b,lamb1b
lamb2l,lamb2l
lamb4,lamb4
lamc1,lamc1
lamc2,lamc2
lamc3,lamc3
lamp2,lamp2
lamtor1,lamtor1
lamtor2,lamtor2
lamtor3,lamtor3
lamtor4,lamtor4
lamtor5,lamtor5
lancl1,lancl1
lancl2,lancl2
lap3,lap3
laptm4a,laptm4a
laptm4b,laptm4b
laptm5,laptm5
large1,large1
large2,large2
larp1,larp1
larp1b,larp1b
larp4aa,larp4aa
larp4ab,larp4ab
larp4b,larp4b
larp6a,larp6a
larp7,larp7
lars2,lars2
larsa,larsa
larsb,larsb
las1l,las1l
lasp1,lasp1
lats1,lats1
lbr,lbr
lbx1a,lbx1a
lbx1b,lbx1b
lbx2,lbx2
lca5,lca5
lcat,lcat
lclat1,lclat1
lcmt1,lcmt1
lcmt2,lcmt2
lcn15,lcn15
lcor,lcor
lcorl,lcorl
lcp1,lcp1
lcp2a,lcp2a
lcp2b,lcp2b
lctla,lctla
lctlb,lctlb
ldah,ldah
ldb1a,ldb1a
ldb1b,ldb1b
ldb2a,ldb2a
ldb2b,ldb2b
ldb3a,ldb3a
ldb3b,ldb3b
ldha,ldha
ldhba,ldhba
ldhbb,ldhbb
ldhd,ldhd
ldlrad2,ldlrad2
ldlrap1a,ldlrap1a
ldlrb,ldlrb
lect2l,lect2l
lef1,lef1
lemd3,lemd3
leng1,leng1
leng8,leng8
leng9,leng9
leo1,leo1
lepr,lepr
letm1,letm1
letm2,letm2
letmd1,letmd1
lfng,lfng
lft1,lft1
lft2,lft2
lgals1l1,lgals1l1
lgals2a,lgals2a
lgals2b,lgals2b
lgals3a,lgals3a
lgals3b,lgals3b
lgals3bpb,lgals3bpb
lgals8a,lgals8a
lgals9l1,lgals9l1
lgals9l3,lgals9l3
lgalsla,lgalsla
lgi1a,lgi1a
lgmn,lgmn
lgr4,lgr4
lhfpl2a,lhfpl2a
lhfpl2b,lhfpl2b
lhfpl5b,lhfpl5b
lhfpl6,lhfpl6
lhx1a,lhx1a
lhx1b,lhx1b
lhx2b,lhx2b
lhx4,lhx4
lhx5,lhx5
lhx9,lhx9
lias,lias
lifra,lifra
lifrb,lifrb
lig1,lig1
lig3,lig3
lig4,lig4
lim2.1,lim2.1
lim2.2,lim2.2
lim2.4,lim2.4
lima1a,lima1a
limch1a,limch1a
limch1b,limch1b
limd2,limd2
limk1a,limk1a
limk1b,limk1b
limk2,limk2
lims1,lims1
lims2,lims2
lin28b,lin28b
lin37,lin37
lin52,lin52
lin54,lin54
lin7a,lin7a
lin7b,lin7b
lin7c,lin7c
lin9,lin9
lingo1b,lingo1b
lingo2a,lingo2a
lins1,lins1
lipea,lipea
lipf,lipf
lipg,lipg
lipia,lipia
lipt1,lipt1
lipt2,lipt2
litaf,litaf
lix1,lix1
lix1l,lix1l
llgl1,llgl1
llgl2,llgl2
llph,llph
lman1,lman1
lman2,lman2
lman2la,lman2la
lman2lb,lman2lb
lmbr1,lmbr1
lmbr1l,lmbr1l
lmbrd1,lmbrd1
lmbrd2a,lmbrd2a
lmbrd2b,lmbrd2b
lmcd1,lmcd1
lmf2a,lmf2a
lmf2b,lmf2b
lmna,lmna
lmnb1,lmnb1
lmnb2,lmnb2
lmnl3,lmnl3
lmo1,lmo1
lmo2,lmo2
lmo3,lmo3
lmo4a,lmo4a
lmo4b,lmo4b
lmo7a,lmo7a
lmo7b,lmo7b
lmod1a,lmod1a
lmod1b,lmod1b
lmod3,lmod3
lmtk2,lmtk2
lmx1a,lmx1a
lmx1ba,lmx1ba
lmx1bb,lmx1bb
lnpa,lnpa
lnpep,lnpep
lnpk,lnpk
lnx1,lnx1
lnx2a,lnx2a
lnx2b,lnx2b
lonp1,lonp1
lonp2,lonp2
lonrf1,lonrf1
lonrf1l,lonrf1l
loxhd1b,loxhd1b
loxl1,loxl1
loxl2a,loxl2a
loxl2b,loxl2b
loxl3b,loxl3b
loxl4,loxl4
loxl5b,loxl5b
lpar1,lpar1
lpar2a,lpar2a
lpar2b,lpar2b
lpar5a,lpar5a
lpar6a,lpar6a
lpcat1,lpcat1
lpcat2,lpcat2
lpcat3,lpcat3
lpcat4,lpcat4
lpgat1,lpgat1
lpin1,lpin1
lpin2,lpin2
lpl,lpl
lpp,lpp
lpxn,lpxn
lrata,lrata
lratb.1,lratb.1
lratb.2,lratb.2
lrba,lrba
lrch1,lrch1
lrch3,lrch3
lrch4,lrch4
lrfn5b,lrfn5b
lrig1,lrig1
lrig2,lrig2
lrmda,lrmda
lrmp,lrmp
lrp10,lrp10
lrp12,lrp12
lrp1aa,lrp1aa
lrp1ab,lrp1ab
lrp1ba,lrp1ba
lrp2a,lrp2a
lrp2b,lrp2b
lrp2bp,lrp2bp
lrp3,lrp3
lrp5,lrp5
lrp6,lrp6
lrp8,lrp8
lrpap1,lrpap1
lrpprc,lrpprc
lrrc1,lrrc1
lrrc15,lrrc15
lrrc17,lrrc17
lrrc20,lrrc20
lrrc23,lrrc23
lrrc31,lrrc31
lrrc32,lrrc32
lrrc34,lrrc34
lrrc39,lrrc39
lrrc4.1,lrrc4.1
lrrc40,lrrc40
lrrc42,lrrc42
lrrc45,lrrc45
lrrc47,lrrc47
lrrc4ba,lrrc4ba
lrrc51,lrrc51
lrrc53,lrrc53
lrrc57,lrrc57
lrrc58a,lrrc58a
lrrc58b,lrrc58b
lrrc59,lrrc59
lrrc6,lrrc6
lrrc61,lrrc61
lrrc73,lrrc73
lrrc8aa,lrrc8aa
lrrc8ab,lrrc8ab
lrrc8c,lrrc8c
lrrc8da,lrrc8da
lrrc8db,lrrc8db
lrrcc1,lrrcc1
lrrfip1a,lrrfip1a
lrrfip1b,lrrfip1b
lrrfip2,lrrfip2
lrriq1,lrriq1
lrrk1,lrrk1
lrrk2,lrrk2
lrrn1,lrrn1
lrrn3a,lrrn3a
lrrtm1,lrrtm1
lrrtm2,lrrtm2
lrsam1,lrsam1
lrwd1,lrwd1
lsg1,lsg1
lsm1,lsm1
lsm10,lsm10
lsm11,lsm11
lsm12a,lsm12a
lsm12b,lsm12b
lsm14aa,lsm14aa
lsm14ab,lsm14ab
lsm3,lsm3
lsm4,lsm4
lsm5,lsm5
lsm6,lsm6
lsm7,lsm7
lsm8,lsm8
lsp1,lsp1
lsr,lsr
lss,lss
lta,lta
lta4h,lta4h
ltb4r,ltb4r
ltbp1,ltbp1
ltv1,ltv1
luc7l,luc7l
luc7l3,luc7l3
lum,lum
lurap1,lurap1
luzp1,luzp1
luzp2,luzp2
lxn,lxn
ly75,ly75
lyar,lyar
lygl1,lygl1
lygl2,lygl2
lyn,lyn
lypc,lypc
lypd6,lypd6
lypla1,lypla1
lypla2,lypla2
lyplal1,lyplal1
lyrm1,lyrm1
lyrm2,lyrm2
lyrm5a,lyrm5a
lyrm5b,lyrm5b
lyrm7,lyrm7
lyrm9,lyrm9
lysmd1,lysmd1
lysmd2,lysmd2
lysmd3,lysmd3
lysmd4,lysmd4
lyst,lyst
lyve1b,lyve1b
lyz,lyz
lzic,lzic
lztfl1,lztfl1
lztr1,lztr1
lzts1,lzts1
lzts2a,lzts2a
m6pr,m6pr
maats1,maats1
mab21l1,mab21l1
mab21l2,mab21l2
macc1,macc1
macf1a,macf1a
macf1b,macf1b
maco1a,maco1a
maco1b,maco1b
macrod1,macrod1
macrod2,macrod2
mad1l1,mad1l1
mad2l1,mad2l1
mad2l1bp,mad2l1bp
madd,madd
maea,maea
maf1,maf1
mafa,mafa
mafaa,mafaa
mafb,mafb
mafba,mafba
mafbb,mafbb
maff,maff
mafgb,mafgb
mafk,mafk
magi1a,magi1a
magi1b,magi1b
magi2a,magi2a
magi2b,magi2b
magi3a,magi3a
magi3b,magi3b
magixa,magixa
magoh,magoh
magt1,magt1
maip1,maip1
mak,mak
mak16,mak16
mal,mal
mal2,mal2
malt1,malt1
malt2,malt2
mamdc2b,mamdc2b
maml1,maml1
maml3,maml3
man1a1,man1a1
man1a2,man1a2
man1b1a,man1b1a
man1b1b,man1b1b
man2a2,man2a2
man2b1,man2b1
man2b2,man2b2
man2c1,man2c1
manba,manba
manbal,manbal
manea,manea
manf,manf
mao,mao
map1aa,map1aa
map1ab,map1ab
map1b,map1b
map1lc3a,map1lc3a
map1lc3b,map1lc3b
map1lc3c,map1lc3c
map1lc3cl,map1lc3cl
map1sa,map1sa
map1sb,map1sb
map2,map2
map2k1,map2k1
map2k2a,map2k2a
map2k2b,map2k2b
map2k4a,map2k4a
map2k4b,map2k4b
map2k5,map2k5
map2k6,map2k6
map2k7,map2k7
map3k1,map3k1
map3k14a,map3k14a
map3k14b,map3k14b
map3k15,map3k15
map3k19,map3k19
map3k20,map3k20
map3k21,map3k21
map3k3,map3k3
map3k4,map3k4
map3k5,map3k5
map3k7,map3k7
map4k2,map4k2
map4k3a,map4k3a
map4k4,map4k4
map4k5,map4k5
map4k6,map4k6
map4l,map4l
map7d1a,map7d1a
map7d1b,map7d1b
map7d2a,map7d2a
map7d2b,map7d2b
map7d3,map7d3
map9,map9
mapk1,mapk1
mapk11,mapk11
mapk12a,mapk12a
mapk12b,mapk12b
mapk14a,mapk14a
mapk14b,mapk14b
mapk15,mapk15
mapk3,mapk3
mapk4,mapk4
mapk6,mapk6
mapk7,mapk7
mapk8a,mapk8a
mapk8b,mapk8b
mapk8ip1a,mapk8ip1a
mapk8ip3,mapk8ip3
mapk9,mapk9
mapkap1,mapkap1
mapkapk2a,mapkapk2a
mapkapk3,mapkapk3
mapkapk5,mapkapk5
mapkbp1,mapkbp1
mapre1a,mapre1a
mapre1b,mapre1b
mapre2,mapre2
mapre3a,mapre3a
mapre3b,mapre3b
maptb,maptb
march2,march2
march5,march5
march5l,march5l
march6,march6
march7,march7
march8,march8
marcksa,marcksa
marcksb,marcksb
marcksl1a,marcksl1a
marcksl1b,marcksl1b
marco,marco
mark1,mark1
mark2a,mark2a
mark2b,mark2b
mark3a,mark3a
mark3b,mark3b
mark4a,mark4a
mars,mars
mars2,mars2
marveld1,marveld1
marveld2a,marveld2a
marveld2b,marveld2b
marveld3,marveld3
masp1,masp1
mast1b,mast1b
mast2,mast2
mast3a,mast3a
mast3b,mast3b
mastl,mastl
mat1a,mat1a
mat2aa,mat2aa
mat2ab,mat2ab
mat2al,mat2al
mat2b,mat2b
matn1,matn1
matn4,matn4
matr3l1.1,matr3l1.1
mau2,mau2
mavs,mavs
max,max
maza,maza
mb,mb
mb21d2,mb21d2
mbd1a,mbd1a
mbd1b,mbd1b
mbd2,mbd2
mbd3a,mbd3a
mbd4,mbd4
mbd5,mbd5
mbd6,mbd6
mbip,mbip
mblac1,mblac1
mbnl1,mbnl1
mbnl2,mbnl2
mbnl3,mbnl3
mboat1,mboat1
mboat2a,mboat2a
mboat2b,mboat2b
mboat7,mboat7
mbpa,mbpa
mbpb,mbpb
mbtd1,mbtd1
mbtps1,mbtps1
mbtps2,mbtps2
mcama,mcama
mcamb,mcamb
mcat,mcat
mcc,mcc
mccc1,mccc1
mccc2,mccc2
mcee,mcee
mcf2a,mcf2a
mcf2l2,mcf2l2
mcf2lb,mcf2lb
mcfd2,mcfd2
mcl1a,mcl1a
mcl1b,mcl1b
mcm10,mcm10
mcm2,mcm2
mcm3,mcm3
mcm3ap,mcm3ap
mcm3l,mcm3l
mcm4,mcm4
mcm5,mcm5
mcm6,mcm6
mcm6l,mcm6l
mcm7,mcm7
mcm8,mcm8
mcm9,mcm9
mcmbp,mcmbp
mcoln1a,mcoln1a
mcoln3a,mcoln3a
mcph1,mcph1
mcrip1,mcrip1
mcrs1,mcrs1
mctp1b,mctp1b
mctp2b,mctp2b
mcts1,mcts1
mcu,mcu
mdc1,mdc1
mdh1aa,mdh1aa
mdh1ab,mdh1ab
mdh1b,mdh1b
mdh2,mdh2
mdka,mdka
mdkb,mdkb
mdm2,mdm2
mdm4,mdm4
mdn1,mdn1
me1,me1
me2,me2
me3,me3
mea1,mea1
meaf6,meaf6
mecom,mecom
mecp2,mecp2
mecr,mecr
med1,med1
med10,med10
med11,med11
med12,med12
med13a,med13a
med13b,med13b
med14,med14
med15,med15
med16,med16
med18,med18
med19a,med19a
med19b,med19b
med20,med20
med21,med21
med22,med22
med23,med23
med24,med24
med25,med25
med27,med27
med28,med28
med29,med29
med30,med30
med31,med31
med4,med4
med6,med6
med7,med7
mef2aa,mef2aa
mef2b,mef2b
mef2ca,mef2ca
mef2cb,mef2cb
mef2d,mef2d
megf10,megf10
megf6a,megf6a
megf6b,megf6b
megf8,megf8
mei4,mei4
meig1,meig1
meis1a,meis1a
meis1b,meis1b
meis2a,meis2a
meis2b,meis2b
meis3,meis3
melk,melk
memo1,memo1
men1,men1
meox1,meox1
mep1a.1,mep1a.1
mertka,mertka
mesd,mesd
mespaa,mespaa
mespab,mespab
mespba,mespba
mespbb,mespbb
mest,mest
met,met
metap1,metap1
metap1d,metap1d
metap2a,metap2a
metap2b,metap2b
metrn,metrn
metrnl,metrnl
mettl1,mettl1
mettl13,mettl13
mettl14,mettl14
mettl15,mettl15
mettl16,mettl16
mettl17,mettl17
mettl21a,mettl21a
mettl23,mettl23
mettl25,mettl25
mettl26,mettl26
mettl27,mettl27
mettl2a,mettl2a
mettl3,mettl3
mettl4,mettl4
mettl6,mettl6
mettl9,mettl9
mex3b,mex3b
mfap1,mfap1
mfap2,mfap2
mfap3l,mfap3l
mfap4,mfap4
mff,mff
mfge8a,mfge8a
mfge8b,mfge8b
mfhas1,mfhas1
mfn1b,mfn1b
mfn2,mfn2
mfng,mfng
mfsd1,mfsd1
mfsd10,mfsd10
mfsd12a,mfsd12a
mfsd13a,mfsd13a
mfsd2ab,mfsd2ab
mfsd4aa,mfsd4aa
mfsd4ab,mfsd4ab
mfsd4b,mfsd4b
mfsd5,mfsd5
mfsd6a,mfsd6a
mfsd6b,mfsd6b
mfsd8,mfsd8
mgaa,mgaa
mgat1a,mgat1a
mgat1b,mgat1b
mgat2,mgat2
mgat3a,mgat3a
mgat4a,mgat4a
mgat4b,mgat4b
mgat5,mgat5
mgea5,mgea5
mgll,mgll
mgme1,mgme1
mgmt,mgmt
mgp,mgp
mgrn1a,mgrn1a
mgrn1b,mgrn1b
mgst1.1,mgst1.1
mgst1.2,mgst1.2
mgst2,mgst2
mgst3a,mgst3a
mgst3b,mgst3b
mhc1laa,mhc1laa
mhc1lia,mhc1lia
mhc1zba,mhc1zba
mhc1zca,mhc1zca
mhc1zea,mhc1zea
mia,mia
mia3,mia3
mib1,mib1
mibp,mibp
mibp2,mibp2
mical1,mical1
mical2b,mical2b
mical3a,mical3a
mical3b,mical3b
micall1a,micall1a
micall2a,micall2a
micall2b,micall2b
micu1,micu1
micu2,micu2
micu3a,micu3a
mid1ip1a,mid1ip1a
mid1ip1b,mid1ip1b
mid1ip1l,mid1ip1l
midn,midn
mief1,mief1
mief2,mief2
mier1a,mier1a
mier1b,mier1b
mier2,mier2
mier3a,mier3a
mier3b,mier3b
mif,mif
mif4gda,mif4gda
mif4gdb,mif4gdb
miga1,miga1
miga2,miga2
miip,miip
mindy1,mindy1
mindy2,mindy2
mindy3,mindy3
mink1,mink1
minos1,minos1
minpp1a,minpp1a
minpp1b,minpp1b
mios,mios
mipa,mipa
mipep,mipep
mipol1,mipol1
mis12,mis12
mis18a,mis18a
mis18bp1,mis18bp1
mitd1,mitd1
mitfa,mitfa
mki67,mki67
mkks,mkks
mkl1a,mkl1a
mkl1b,mkl1b
mkl2b,mkl2b
mkln1,mkln1
mknk1,mknk1
mknk2a,mknk2a
mknk2b,mknk2b
mkrn1,mkrn1
mkrn2,mkrn2
mkrn4,mkrn4
mks1,mks1
mkxa,mkxa
mlec,mlec
mlf1,mlf1
mlf2,mlf2
mlh1,mlh1
mlh3,mlh3
mlip,mlip
mllt10,mllt10
mllt11,mllt11
mllt1a,mllt1a
mllt1b,mllt1b
mllt3,mllt3
mlnl,mlnl
mlpha,mlpha
mlst8,mlst8
mlx,mlx
mlxip,mlxip
mlycd,mlycd
mmaa,mmaa
mmab,mmab
mmachc,mmachc
mmadhc,mmadhc
mmd,mmd
mmel1,mmel1
mmgt1,mmgt1
mmp13a,mmp13a
mmp13b,mmp13b
mmp14a,mmp14a
mmp14b,mmp14b
mmp15a,mmp15a
mmp15b,mmp15b
mmp17b,mmp17b
mmp2,mmp2
mmp23bb,mmp23bb
mmp30,mmp30
mmp9,mmp9
mmrn2a,mmrn2a
mmrn2b,mmrn2b
mms19,mms19
mms22l,mms22l
mn1a,mn1a
mn1b,mn1b
mnat1,mnat1
mnd1,mnd1
mns1,mns1
mnta,mnta
mntb,mntb
mnx1,mnx1
mnx2b,mnx2b
mob1a,mob1a
mob1ba,mob1ba
mob1bb,mob1bb
mob2a,mob2a
mob2b,mob2b
mob3a,mob3a
mob3c,mob3c
mob4,mob4
mocs1,mocs1
mocs2,mocs2
mocs3,mocs3
mogs,mogs
mon1a,mon1a
mon1bb,mon1bb
mon2,mon2
morc2,morc2
morc3a,morc3a
morc3b,morc3b
morf4l1,morf4l1
morn2,morn2
morn3,morn3
morn4,morn4
morn5,morn5
mos,mos
mospd1,mospd1
mospd2,mospd2
moto,moto
mov10a,mov10a
mov10b.1,mov10b.1
moxd1,moxd1
mpc1,mpc1
mpc2,mpc2
mpdu1a,mpdu1a
mpdu1b,mpdu1b
mpeg1.1,mpeg1.1
mpg,mpg
mphosph10,mphosph10
mphosph6,mphosph6
mphosph8,mphosph8
mpi,mpi
mplkip,mplkip
mpnd,mpnd
mpp1,mpp1
mpp2a,mpp2a
mpp2b,mpp2b
mpp3a,mpp3a
mpp5a,mpp5a
mpp6a,mpp6a
mpp6b,mpp6b
mpp7a,mpp7a
mppe1,mppe1
mpped1,mpped1
mpped2,mpped2
mpped2a,mpped2a
mpv17,mpv17
mpv17l2,mpv17l2
mpx,mpx
mpz,mpz
mpzl1l,mpzl1l
mpzl2b,mpzl2b
mrap,mrap
mrap2a,mrap2a
mras,mras
mrc1a,mrc1a
mrc1b,mrc1b
mrc2,mrc2
mre11a,mre11a
mrgbp,mrgbp
mri1,mri1
mrm1,mrm1
mrm2,mrm2
mrm3a,mrm3a
mrm3b,mrm3b
mrnip,mrnip
mroh1,mroh1
mrpl1,mrpl1
mrpl10,mrpl10
mrpl11,mrpl11
mrpl12,mrpl12
mrpl13,mrpl13
mrpl14,mrpl14
mrpl15,mrpl15
mrpl16,mrpl16
mrpl17,mrpl17
mrpl18,mrpl18
mrpl19,mrpl19
mrpl2,mrpl2
mrpl20,mrpl20
mrpl21,mrpl21
mrpl22,mrpl22
mrpl23,mrpl23
mrpl24,mrpl24
mrpl27,mrpl27
mrpl28,mrpl28
mrpl3,mrpl3
mrpl30,mrpl30
mrpl32,mrpl32
mrpl33,mrpl33
mrpl34,mrpl34
mrpl35,mrpl35
mrpl36,mrpl36
mrpl37,mrpl37
mrpl38,mrpl38
mrpl39,mrpl39
mrpl4,mrpl4
mrpl40,mrpl40
mrpl41,mrpl41
mrpl42,mrpl42
mrpl43,mrpl43
mrpl44,mrpl44
mrpl45,mrpl45
mrpl46,mrpl46
mrpl47,mrpl47
mrpl48,mrpl48
mrpl51,mrpl51
mrpl52,mrpl52
mrpl53,mrpl53
mrpl54,mrpl54
mrpl57,mrpl57
mrpl58,mrpl58
mrpl9,mrpl9
mrps10,mrps10
mrps11,mrps11
mrps14,mrps14
mrps15,mrps15
mrps16,mrps16
mrps17,mrps17
mrps18a,mrps18a
mrps18b,mrps18b
mrps18c,mrps18c
mrps2,mrps2
mrps21,mrps21
mrps22,mrps22
mrps23,mrps23
mrps24,mrps24
mrps25,mrps25
mrps26,mrps26
mrps27,mrps27
mrps28,mrps28
mrps30,mrps30
mrps31,mrps31
mrps33,mrps33
mrps34,mrps34
mrps35,mrps35
mrps36,mrps36
mrps5,mrps5
mrps6,mrps6
mrps7,mrps7
mrps9,mrps9
mrrf,mrrf
mrs2,mrs2
mrto4,mrto4
ms4a17a.10,ms4a17a.10
ms4a17a.11,ms4a17a.11
ms4a17a.5,ms4a17a.5
ms4a17a.7,ms4a17a.7
ms4a17a.8,ms4a17a.8
ms4a17a.9,ms4a17a.9
msantd1,msantd1
msantd4,msantd4
msgn1,msgn1
msh2,msh2
msh3,msh3
msh4,msh4
msh6,msh6
msi1,msi1
msi2a,msi2a
msi2b,msi2b
msl1a,msl1a
msl1b,msl1b
msl2a,msl2a
msl2b,msl2b
msmo1,msmo1
msna,msna
msra,msra
msrb1a,msrb1a
msrb2,msrb2
msrb3,msrb3
mss51,mss51
mst1,mst1
msto1,msto1
msx1a,msx1a
msx1b,msx1b
msx2a,msx2a
msx2b,msx2b
msx3,msx3
mt-atp6,mt-atp6
mt-atp8,mt-atp8
mt-co1,mt-co1
mt-co2,mt-co2
mt-co3,mt-co3
mt-cyb,mt-cyb
mt-nd1,mt-nd1
mt-nd2,mt-nd2
mt-nd3,mt-nd3
mt-nd4,mt-nd4
mt-nd4l,mt-nd4l
mt-nd5,mt-nd5
mt-nd6,mt-nd6
mt2,mt2
mta1,mta1
mta2,mta2
mta3,mta3
mtap,mtap
mtbl,mtbl
mtbp,mtbp
mtch2,mtch2
mtdha,mtdha
mtdhb,mtdhb
mterf2,mterf2
mterf3,mterf3
mtf1,mtf1
mtf2,mtf2
mtfmt,mtfmt
mtfr1,mtfr1
mtfr1l,mtfr1l
mtfr2,mtfr2
mtg1,mtg1
mtg2,mtg2
mthfd1a,mthfd1a
mthfd1b,mthfd1b
mthfd1l,mthfd1l
mthfd2,mthfd2
mthfr,mthfr
mthfs,mthfs
mthfsd,mthfsd
mtif2,mtif2
mtif3,mtif3
mtm1,mtm1
mtmr10,mtmr10
mtmr11,mtmr11
mtmr12,mtmr12
mtmr14,mtmr14
mtmr1a,mtmr1a
mtmr1b,mtmr1b
mtmr2,mtmr2
mtmr6,mtmr6
mtmr7a,mtmr7a
mtmr7b,mtmr7b
mtmr8,mtmr8
mto1,mto1
mtor,mtor
mtpap,mtpap
mtpn,mtpn
mtr,mtr
mtrex,mtrex
mtrf1l,mtrf1l
mtrr,mtrr
mtss1,mtss1
mtss1la,mtss1la
mtss1lb,mtss1lb
mttp,mttp
mtus1a,mtus1a
mtus1b,mtus1b
mtx1a,mtx1a
mtx1b,mtx1b
mtx2,mtx2
mtx3,mtx3
muc13a,muc13a
muc13b,muc13b
muc5.1,muc5.1
muc5.2,muc5.2
muc5f,muc5f
mucms1,mucms1
mul1a,mul1a
mus81,mus81
musk,musk
mustn1a,mustn1a
mustn1b,mustn1b
mut,mut
mvb12a,mvb12a
mvb12ba,mvb12ba
mvda,mvda
mvk,mvk
mvp,mvp
mxb,mxb
mxc,mxc
mxd3,mxd3
mxd4,mxd4
mxg,mxg
mxi1,mxi1
mxra5a,mxra5a
mxra7,mxra7
mxra8b,mxra8b
myb,myb
mybbp1a,mybbp1a
mybl1,mybl1
mybl2a,mybl2a
mybl2b,mybl2b
mybpc2b,mybpc2b
mybphb,mybphb
myca,myca
mycb,mycb
mycbp,mycbp
mycbp2,mycbp2
mycbpap,mycbpap
mych,mych
mycla,mycla
myclb,myclb
mycn,mycn
myct1a,myct1a
myct1b,myct1b
myd88,myd88
mydgf,mydgf
myef2,myef2
myf5,myf5
myg1,myg1
myh10,myh10
myh11a,myh11a
myh14,myh14
myh6,myh6
myh7,myh7
myh7ba,myh7ba
myh7bb,myh7bb
myh7l,myh7l
myh9a,myh9a
myh9b,myh9b
myhb,myhb
myhc4,myhc4
myhz1.1,myhz1.1
myhz1.2,myhz1.2
myhz1.3,myhz1.3
myhz2,myhz2
myl1,myl1
myl10,myl10
myl12.1,myl12.1
myl12.2,myl12.2
myl13,myl13
myl4,myl4
myl6,myl6
myl7,myl7
myl9a,myl9a
myl9b,myl9b
mylipa,mylipa
mylipb,mylipb
mylk2,mylk2
mylk3,mylk3
mylk4b,mylk4b
mylk5,mylk5
mylka,mylka
mylkb,mylkb
mylpfa,mylpfa
mylpfb,mylpfb
mylz3,mylz3
mymk,mymk
mynn,mynn
myo10,myo10
myo10l1,myo10l1
myo10l3,myo10l3
myo15aa,myo15aa
myo15b,myo15b
myo16,myo16
myo18aa,myo18aa
myo18ab,myo18ab
myo1b,myo1b
myo1ca,myo1ca
myo1cb,myo1cb
myo1ea,myo1ea
myo1eb,myo1eb
myo1f,myo1f
myo3a,myo3a
myo5aa,myo5aa
myo5ab,myo5ab
myo5b,myo5b
myo5c,myo5c
myo6a,myo6a
myo6b,myo6b
myo7aa,myo7aa
myo7bb,myo7bb
myo9aa,myo9aa
myo9ab,myo9ab
myoc,myoc
myod1,myod1
myof,myof
myofl,myofl
myog,myog
myom1a,myom1a
myom2a,myom2a
myorg,myorg
myot,myot
myoz1b,myoz1b
myoz2a,myoz2a
myoz2b,myoz2b
myrf,myrf
mysm1,mysm1
myt1a,myt1a
myt1b,myt1b
myt1la,myt1la
myzap,myzap
mzt2b,mzt2b
n4bp1,n4bp1
n4bp2,n4bp2
n4bp2l2,n4bp2l2
n4bp3,n4bp3
n6amt1,n6amt1
naa10,naa10
naa15a,naa15a
naa15b,naa15b
naa20,naa20
naa25,naa25
naa30,naa30
naa35,naa35
naa38,naa38
naa40,naa40
naa50,naa50
naalad2,naalad2
nab1a,nab1a
nab2,nab2
nabp1a,nabp1a
naca,naca
nacad,nacad
nacc1a,nacc1a
nacc1b,nacc1b
nadk2,nadk2
nadkb,nadkb
nae1,nae1
naf1,naf1
naga,naga
nagk,nagk
naglu,naglu
nagpa,nagpa
nampta,nampta
namptb,namptb
nanog,nanog
nanos1,nanos1
nanp,nanp
nansa,nansa
nap1l1,nap1l1
nap1l4a,nap1l4a
nap1l4b,nap1l4b
napaa,napaa
napab,napab
napepld,napepld
napga,napga
naprt,naprt
narf,narf
narfl,narfl
nars,nars
nars2,nars2
nasp,nasp
nat10,nat10
nat14,nat14
nat15,nat15
nat16,nat16
nat6,nat6
nat8l,nat8l
nat9,nat9
natd1,natd1
nav1b,nav1b
nav2a,nav2a
nav2b,nav2b
nav3,nav3
naxd,naxd
naxe,naxe
nbas,nbas
nbeaa,nbeaa
nbeab,nbeab
nbeal1,nbeal1
nbeal2,nbeal2
nbn,nbn
nbr1a,nbr1a
nbr1b,nbr1b
ncalda,ncalda
ncaldb,ncaldb
ncam1a,ncam1a
ncam1b,ncam1b
ncapd2,ncapd2
ncapd3,ncapd3
ncapg,ncapg
ncapg2,ncapg2
ncaph,ncaph
ncaph2,ncaph2
ncbp2,ncbp2
ncbp3,ncbp3
nccrp1,nccrp1
ncdn,ncdn
nceh1a,nceh1a
ncf1,ncf1
ncf2,ncf2
ncf4,ncf4
nck1a,nck1a
nck1b,nck1b
nck2a,nck2a
nck2b,nck2b
nckap1,nckap1
nckap5l,nckap5l
nckipsd,nckipsd
ncl,ncl
ncln,ncln
ncoa1,ncoa1
ncoa2,ncoa2
ncoa3,ncoa3
ncoa4,ncoa4
ncoa5,ncoa5
ncoa6,ncoa6
ncor1,ncor1
ncor2,ncor2
ncs1a,ncs1a
ncs1b,ncs1b
ndc1,ndc1
ndc80,ndc80
nde1,nde1
ndel1a,ndel1a
ndel1b,ndel1b
ndfip1,ndfip1
ndfip1l,ndfip1l
ndfip2,ndfip2
ndnf,ndnf
ndnfl,ndnfl
ndnl2,ndnl2
ndor1,ndor1
ndr1,ndr1
ndr2,ndr2
ndrg1a,ndrg1a
ndrg2,ndrg2
ndrg3a,ndrg3a
ndrg3b,ndrg3b
ndrg4,ndrg4
ndst1a,ndst1a
ndst2a,ndst2a
ndst3,ndst3
ndufa1,ndufa1
ndufa10,ndufa10
ndufa11,ndufa11
ndufa12,ndufa12
ndufa2,ndufa2
ndufa3,ndufa3
ndufa4,ndufa4
ndufa4l,ndufa4l
ndufa5,ndufa5
ndufa6,ndufa6
ndufa7,ndufa7
ndufa8,ndufa8
ndufa9a,ndufa9a
ndufab1a,ndufab1a
ndufab1b,ndufab1b
ndufaf1,ndufaf1
ndufaf2,ndufaf2
ndufaf3,ndufaf3
ndufaf4,ndufaf4
ndufaf5,ndufaf5
ndufaf6,ndufaf6
ndufaf7,ndufaf7
ndufb10,ndufb10
ndufb11,ndufb11
ndufb2,ndufb2
ndufb3,ndufb3
ndufb4,ndufb4
ndufb5,ndufb5
ndufb6,ndufb6
ndufb7,ndufb7
ndufb8,ndufb8
ndufb9,ndufb9
ndufc2,ndufc2
ndufs2,ndufs2
ndufs3,ndufs3
ndufs4,ndufs4
ndufs5,ndufs5
ndufs6,ndufs6
ndufs7,ndufs7
ndufs8a,ndufs8a
ndufv1,ndufv1
ndufv2,ndufv2
ndufv3,ndufv3
neb,neb
nebl,nebl
necab2,necab2
necap1,necap1
necap2,necap2
nectin1b,nectin1b
nectin3b,nectin3b
nedd1,nedd1
nedd4a,nedd4a
nedd4l,nedd4l
nedd8,nedd8
nedd8l,nedd8l
nedd9,nedd9
nefla,nefla
neflb,neflb
nefma,nefma
nefmb,nefmb
negr1,negr1
neil1,neil1
neil3,neil3
nek1,nek1
nek2,nek2
nek4,nek4
nek7,nek7
nek8,nek8
nelfa,nelfa
nelfb,nelfb
nelfcd,nelfcd
nelfe,nelfe
nell2a,nell2a
nell2b,nell2b
nemp1,nemp1
nemp2,nemp2
nenf,nenf
neo1a,neo1a
neo1b,neo1b
nepro,nepro
nes,nes
net1,net1
neu1,neu1
neu3.1,neu3.1
neu3.2,neu3.2
neurl1aa,neurl1aa
neurl1b,neurl1b
neurl2,neurl2
neurod1,neurod1
neurod4,neurod4
neurog1,neurog1
nexmifa,nexmifa
nexmifb,nexmifb
nexn,nexn
nf1a,nf1a
nf1b,nf1b
nf2a,nf2a
nf2b,nf2b
nfasca,nfasca
nfat5a,nfat5a
nfatc2b,nfatc2b
nfatc2ip,nfatc2ip
nfatc3a,nfatc3a
nfatc4,nfatc4
nfe2,nfe2
nfe2l1b,nfe2l1b
nfe2l2a,nfe2l2a
nfe2l2b,nfe2l2b
nfe2l3,nfe2l3
nfia,nfia
nfil3,nfil3
nfil3-5,nfil3-5
nfil3-6,nfil3-6
nfkb1,nfkb1
nfkb2,nfkb2
nfkbiaa,nfkbiaa
nfkbiab,nfkbiab
nfkbib,nfkbib
nfkbie,nfkbie
nfkbil1,nfkbil1
nfkbiz,nfkbiz
nfr,nfr
nfrkb,nfrkb
nfs1,nfs1
nfu1,nfu1
nfxl1,nfxl1
nfya,nfya
nfyal,nfyal
nfyba,nfyba
nfybb,nfybb
nfyc,nfyc
ngdn,ngdn
ngef,ngef
ngfb,ngfb
ngfra,ngfra
ngfrb,ngfrb
ngly1,ngly1
ngrn,ngrn
nhej1,nhej1
nhlh2,nhlh2
nhlrc2,nhlrc2
nhp2,nhp2
nhsa,nhsa
nhsb,nhsb
nhsl1a,nhsl1a
nhsl1b,nhsl1b
nhsl2,nhsl2
nid1a,nid1a
nid1b,nid1b
nid2a,nid2a
nif3l1,nif3l1
nifk,nifk
nin,nin
ninl,ninl
nip7,nip7
nipa1,nipa1
nipa2,nipa2
nipal3,nipal3
nipal4,nipal4
nipbla,nipbla
nipblb,nipblb
nipsnap1,nipsnap1
nipsnap2,nipsnap2
nipsnap3a,nipsnap3a
nisch,nisch
nit1,nit1
nit2,nit2
nitr3a,nitr3a
nkain1,nkain1
nkain2,nkain2
nkain4,nkain4
nkap,nkap
nkd1,nkd1
nkd2a,nkd2a
nkiras1,nkiras1
nkiras2,nkiras2
nkrf,nkrf
nktr,nktr
nkx1.2la,nkx1.2la
nkx2.1,nkx2.1
nkx2.2a,nkx2.2a
nkx2.2b,nkx2.2b
nkx2.3,nkx2.3
nkx2.4a,nkx2.4a
nkx2.4b,nkx2.4b
nkx2.5,nkx2.5
nkx2.7,nkx2.7
nkx2.9,nkx2.9
nkx3-1,nkx3-1
nkx3.2,nkx3.2
nkx6.1,nkx6.1
nkx6.2,nkx6.2
nle1,nle1
nlgn1,nlgn1
nlgn2a,nlgn2a
nlgn3a,nlgn3a
nlgn3b,nlgn3b
nlgn4a,nlgn4a
nlk1,nlk1
nln,nln
nlrc3,nlrc3
nlrc3l,nlrc3l
nlrc3l1,nlrc3l1
nlrc5,nlrc5
nlrc6,nlrc6
nlrp16,nlrp16
nlrx1,nlrx1
nmd3,nmd3
nme2a,nme2a
nme2b.1,nme2b.1
nme2b.2,nme2b.2
nme3,nme3
nme4,nme4
nme5,nme5
nme6,nme6
nme7,nme7
nme8,nme8
nmnat1,nmnat1
nmrk2,nmrk2
nmt1a,nmt1a
nmt1b,nmt1b
nmt2,nmt2
nnr,nnr
nnt,nnt
noa1,noa1
nob1,nob1
noc2l,noc2l
noc3l,noc3l
noc4l,noc4l
nocta,nocta
noctb,noctb
nod2,nod2
nog1,nog1
nog2,nog2
nog3,nog3
nol10,nol10
nol11,nol11
nol12,nol12
nol4la,nol4la
nol6,nol6
nol7,nol7
nol8,nol8
nol9,nol9
nolc1,nolc1
nom1,nom1
nomo,nomo
nono,nono
nop10,nop10
nop16,nop16
nop2,nop2
nop53,nop53
nop56,nop56
nop58,nop58
nos1,nos1
nos1apa,nos1apa
nosip,nosip
notch1a,notch1a
notch1b,notch1b
notch2,notch2
notch3,notch3
notchl,notchl
noto,noto
notum1b,notum1b
nova1,nova1
nova2,nova2
nox1,nox1
noxo1a,noxo1a
noxo1b,noxo1b
noxred1,noxred1
npas1,npas1
npas4a,npas4a
npat,npat
npb,npb
npc1,npc1
npc2,npc2
npdc1b,npdc1b
npepl1,npepl1
npepps,npepps
npffr1l2,npffr1l2
nphp1,nphp1
nphp3,nphp3
nphp4,nphp4
npl,npl
nploc4,nploc4
npm1a,npm1a
npm1b,npm1b
npm2b,npm2b
npm3,npm3
nppb,nppb
nppc,nppc
npr1a,npr1a
npr2,npr2
npr3,npr3
nprl2,nprl2
nprl3,nprl3
npsn,npsn
nptna,nptna
nptnb,nptnb
nptxrb,nptxrb
nqo1,nqo1
nr0b1,nr0b1
nr0b2a,nr0b2a
nr1d2a,nr1d2a
nr1d2b,nr1d2b
nr1h3,nr1h3
nr2c1,nr2c1
nr2c2,nr2c2
nr2c2ap,nr2c2ap
nr2e1,nr2e1
nr2f1a,nr2f1a
nr2f1b,nr2f1b
nr2f2,nr2f2
nr2f5,nr2f5
nr2f6a,nr2f6a
nr2f6b,nr2f6b
nr3c1,nr3c1
nr4a1,nr4a1
nr4a2a,nr4a2a
nr4a2b,nr4a2b
nr4a3,nr4a3
nr5a2,nr5a2
nradd,nradd
nrap,nrap
nrarpa,nrarpa
nrarpb,nrarpb
nras,nras
nrbf2b,nrbf2b
nrbp1,nrbp1
nrbp2a,nrbp2a
nrcama,nrcama
nrd1a,nrd1a
nrd1b,nrd1b
nrde2,nrde2
nrf1,nrf1
nrg1,nrg1
nrg2a,nrg2a
nrg2b,nrg2b
nrg3b,nrg3b
nrip1a,nrip1a
nrip1b,nrip1b
nrm,nrm
nrn1a,nrn1a
nrn1b,nrn1b
nrp1a,nrp1a
nrp2a,nrp2a
nrp2b,nrp2b
nrros,nrros
nrsn1,nrsn1
nrxn1a,nrxn1a
nrxn1b,nrxn1b
nrxn2a,nrxn2a
nrxn2b,nrxn2b
nrxn3a,nrxn3a
nrxn3b,nrxn3b
nsa2,nsa2
nsd1a,nsd1a
nsd1b,nsd1b
nsd2,nsd2
nsd3,nsd3
nsdhl,nsdhl
nsfa,nsfa
nsfb,nsfb
nsfl1c,nsfl1c
nsg2,nsg2
nsl1,nsl1
nsmaf,nsmaf
nsmce1,nsmce1
nsmce2,nsmce2
nsmce4a,nsmce4a
nsmfb,nsmfb
nsrp1,nsrp1
nsun2,nsun2
nsun4,nsun4
nsun5,nsun5
nt5c2a,nt5c2a
nt5c2b,nt5c2b
nt5c2l1,nt5c2l1
nt5c3a,nt5c3a
nt5dc2,nt5dc2
ntan1,ntan1
ntd5,ntd5
ntf3,ntf3
nthl1,nthl1
ntmt1,ntmt1
ntn1a,ntn1a
ntn1b,ntn1b
ntn5,ntn5
ntng1a,ntng1a
ntpcr,ntpcr
ntrk3a,ntrk3a
nuak1b,nuak1b
nuak2,nuak2
nub1,nub1
nubp1,nubp1
nubp2,nubp2
nubpl,nubpl
nucb1,nucb1
nucb2a,nucb2a
nucb2b,nucb2b
nucks1a,nucks1a
nucks1b,nucks1b
nudc,nudc
nudcd1,nudcd1
nudcd2,nudcd2
nudcd3,nudcd3
nudt1,nudt1
nudt12,nudt12
nudt13,nudt13
nudt14,nudt14
nudt15,nudt15
nudt17,nudt17
nudt18,nudt18
nudt19,nudt19
nudt2,nudt2
nudt21,nudt21
nudt22,nudt22
nudt3a,nudt3a
nudt3b,nudt3b
nudt4a,nudt4a
nudt5,nudt5
nudt6,nudt6
nudt8,nudt8
nudt9,nudt9
nuf2,nuf2
nufip1,nufip1
nufip2,nufip2
numb,numb
numbl,numbl
nup107,nup107
nup133,nup133
nup153,nup153
nup155,nup155
nup160,nup160
nup188,nup188
nup205,nup205
nup210,nup210
nup214,nup214
nup35,nup35
nup37,nup37
nup43,nup43
nup50,nup50
nup54,nup54
nup58,nup58
nup62l,nup62l
nup88,nup88
nup93,nup93
nup98,nup98
nupl2,nupl2
nupr1,nupr1
nus1,nus1
nusap1,nusap1
nutf2,nutf2
nutf2l,nutf2l
nvl,nvl
nxf1,nxf1
nxn,nxn
nxnl1,nxnl1
nxnl2,nxnl2
nxph1,nxph1
nxph2b,nxph2b
nxt2,nxt2
nyap2b,nyap2b
oard1,oard1
oaz1a,oaz1a
oaz1b,oaz1b
oaz2a,oaz2a
oaz2b,oaz2b
obsl1a,obsl1a
obsl1b,obsl1b
oc90,oc90
oca2,oca2
ociad1,ociad1
ociad2,ociad2
oclna,oclna
oclnb,oclnb
ocrl,ocrl
ocstamp,ocstamp
oct2,oct2
odc1,odc1
odf2a,odf2a
odf2b,odf2b
odr4,odr4
ofd1,ofd1
ogdha,ogdha
ogdhb,ogdhb
ogfod1,ogfod1
ogfr,ogfr
ogfrl2,ogfrl2
ogg1,ogg1
ogn,ogn
oip5,oip5
oip5-as1,oip5-as1
ola1,ola1
olah,olah
olfm1a,olfm1a
olfm1b,olfm1b
olfm2a,olfm2a
olfm2b,olfm2b
olfml2a,olfml2a
olfml2bb,olfml2bb
olfml3b,olfml3b
olig2,olig2
olig4,olig4
oma1,oma1
onecut1,onecut1
onecut2,onecut2
opa1,opa1
opa3,opa3
ophn1,ophn1
oplah,oplah
opn1sw2,opn1sw2
opn5,opn5
oprl1,oprl1
optc,optc
optn,optn
or131-2,or131-2
orai1a,orai1a
orai1b,orai1b
oraov1,oraov1
orc1,orc1
orc2,orc2
orc3,orc3
orc4,orc4
orc5,orc5
orc6,orc6
org,org
ormdl1,ormdl1
ormdl2,ormdl2
os9,os9
osbp,osbp
osbpl10b,osbpl10b
osbpl1a,osbpl1a
osbpl2a,osbpl2a
osbpl2b,osbpl2b
osbpl3a,osbpl3a
osbpl3b,osbpl3b
osbpl5,osbpl5
osbpl6,osbpl6
osbpl7,osbpl7
osbpl9,osbpl9
oser1,oser1
osgep,osgep
osgepl1,osgepl1
osgin2,osgin2
osr1,osr1
osr2,osr2
ost4,ost4
ostc,ostc
ostf1,ostf1
ostm1,ostm1
otc,otc
otofa,otofa
otog,otog
otomp,otomp
otpa,otpa
otpb,otpb
otub1a,otub1a
otub1b,otub1b
otud1,otud1
otud3,otud3
otud4,otud4
otud5a,otud5a
otud5b,otud5b
otud6b,otud6b
otud7b,otud7b
otulina,otulina
otulinb,otulinb
otx1,otx1
otx2a,otx2a
otx2b,otx2b
otx5,otx5
ovca2,ovca2
ovol1a,ovol1a
oxa1l,oxa1l
oxct1a,oxct1a
oxct1b,oxct1b
oxnad1,oxnad1
oxr1b,oxr1b
oxsm,oxsm
oxsr1a,oxsr1a
oxsr1b,oxsr1b
p2rx1,p2rx1
p2rx3a,p2rx3a
p2rx4a,p2rx4a
p2rx4b,p2rx4b
p2rx5,p2rx5
p2ry1,p2ry1
p2ry11,p2ry11
p2ry12,p2ry12
p2ry13,p2ry13
p3h1,p3h1
p3h2,p3h2
p3h3,p3h3
p3h4,p3h4
p4ha1a,p4ha1a
p4ha1b,p4ha1b
p4ha2,p4ha2
p4ha3,p4ha3
p4hb,p4hb
pa2g4a,pa2g4a
pa2g4b,pa2g4b
pabpc1a,pabpc1a
pabpc1b,pabpc1b
pabpc4,pabpc4
pabpn1,pabpn1
pabpn1l,pabpn1l
pacrg,pacrg
pacs1a,pacs1a
pacs2,pacs2
pacsin1b,pacsin1b
pacsin2,pacsin2
pacsin3,pacsin3
padi2,padi2
paf1,paf1
pafah1b1a,pafah1b1a
pafah1b1b,pafah1b1b
pafah1b3,pafah1b3
pag1,pag1
pagr1,pagr1
pah,pah
paics,paics
paip1,paip1
paip2b,paip2b
pak1,pak1
pak1ip1,pak1ip1
pak2a,pak2a
pak2b,pak2b
pak4,pak4
pak7,pak7
palb2,palb2
pald1a,pald1a
pald1b,pald1b
palld,palld
palm1a,palm1a
palm1b,palm1b
palm2,palm2
palm3,palm3
palmda,palmda
pam,pam
pam16,pam16
pamr1,pamr1
pan2,pan2
pan3,pan3
pane1,pane1
pank1b,pank1b
pank2,pank2
pank4,pank4
panx1a,panx1a
panx3,panx3
paox1,paox1
papd4,papd4
papd5,papd5
papd7,papd7
papola,papola
papolg,papolg
pappa2,pappa2
pappab,pappab
papss1,papss1
papss2a,papss2a
papss2b,papss2b
paqr3a,paqr3a
paqr3b,paqr3b
paqr4b,paqr4b
paqr5b,paqr5b
pard3ab,pard3ab
pard3bb,pard3bb
pard6a,pard6a
pard6gb,pard6gb
parga,parga
pargl,pargl
park7,park7
parla,parla
parm1,parm1
parn,parn
parp1,parp1
parp12b,parp12b
parp16,parp16
parp2,parp2
parp3,parp3
parp4,parp4
parp6b,parp6b
parp8,parp8
parpbp,parpbp
pars2,pars2
parvaa,parvaa
parvab,parvab
parvb,parvb
parvg,parvg
pask,pask
patj,patj
patl1,patl1
patz1,patz1
pawr,pawr
pax10,pax10
pax1b,pax1b
pax2a,pax2a
pax2b,pax2b
pax3a,pax3a
pax5,pax5
pax6a,pax6a
pax6b,pax6b
pax7a,pax7a
pax7b,pax7b
pax9,pax9
paxip1,paxip1
paxx,paxx
pbdc1,pbdc1
pbk,pbk
pbld,pbld
pbrm1,pbrm1
pbrm1l,pbrm1l
pbx1a,pbx1a
pbx1b,pbx1b
pbx2,pbx2
pbx3b,pbx3b
pbx4,pbx4
pbxip1a,pbxip1a
pbxip1b,pbxip1b
pcbd1,pcbd1
pcbp2,pcbp2
pcbp4,pcbp4
pcca,pcca
pccb,pccb
pcdh10a,pcdh10a
pcdh10b,pcdh10b
pcdh11,pcdh11
pcdh12,pcdh12
pcdh15a,pcdh15a
pcdh17,pcdh17
pcdh18a,pcdh18a
pcdh18b,pcdh18b
pcdh19,pcdh19
pcdh1a,pcdh1a
pcdh1b,pcdh1b
pcdh1g13,pcdh1g13
pcdh1g32,pcdh1g32
pcdh1gb9,pcdh1gb9
pcdh20,pcdh20
pcdh2g5,pcdh2g5
pcdh7a,pcdh7a
pcdh7b,pcdh7b
pcdh8,pcdh8
pcdh9,pcdh9
pcf11,pcf11
pcgf1,pcgf1
pcgf5b,pcgf5b
pcgf6,pcgf6
pcid2,pcid2
pck1,pck1
pck2,pck2
pclaf,pclaf
pcloa,pcloa
pclob,pclob
pcm1,pcm1
pcmt,pcmt
pcmtd1,pcmtd1
pcmtl,pcmtl
pcna,pcna
pcnp,pcnp
pcnt,pcnt
pcnx,pcnx
pcnxl2,pcnxl2
pcnxl3,pcnxl3
pcnxl4,pcnxl4
pcolce2a,pcolce2a
pcolce2b,pcolce2b
pcolcea,pcolcea
pcp4a,pcp4a
pcsk5a,pcsk5a
pcsk5b,pcsk5b
pcsk6,pcsk6
pcsk7,pcsk7
pcxa,pcxa
pcyox1l,pcyox1l
pcyt1aa,pcyt1aa
pcyt2,pcyt2
pdap1a,pdap1a
pdap1b,pdap1b
pdcd10a,pdcd10a
pdcd10b,pdcd10b
pdcd11,pdcd11
pdcd2,pdcd2
pdcd2l,pdcd2l
pdcd4a,pdcd4a
pdcd4b,pdcd4b
pdcd5,pdcd5
pdcd6,pdcd6
pdcd6ip,pdcd6ip
pdcd7,pdcd7
pdcl,pdcl
pde10a,pde10a
pde12,pde12
pde3a,pde3a
pde4a,pde4a
pde4ba,pde4ba
pde4ca,pde4ca
pde4cb,pde4cb
pde4d,pde4d
pde6d,pde6d
pde6ha,pde6ha
pde7a,pde7a
pde9a,pde9a
pdf,pdf
pdgfab,pdgfab
pdgfba,pdgfba
pdgfbb,pdgfbb
pdgfc,pdgfc
pdgfd,pdgfd
pdgfra,pdgfra
pdgfrb,pdgfrb
pdgfrl,pdgfrl
pdha1a,pdha1a
pdha1b,pdha1b
pdhb,pdhb
pdhx,pdhx
pdia2,pdia2
pdia3,pdia3
pdia4,pdia4
pdia5,pdia5
pdia6,pdia6
pdik1l,pdik1l
pdk1,pdk1
pdk2a,pdk2a
pdk2b,pdk2b
pdk3a,pdk3a
pdk4,pdk4
pdlim1,pdlim1
pdlim2,pdlim2
pdlim3a,pdlim3a
pdlim3b,pdlim3b
pdlim4,pdlim4
pdlim5a,pdlim5a
pdlim5b,pdlim5b
pdp2,pdp2
pdpk1a,pdpk1a
pdpk1b,pdpk1b
pdrg1,pdrg1
pds5a,pds5a
pds5b,pds5b
pdss1,pdss1
pdss2,pdss2
pdx1,pdx1
pdxdc1,pdxdc1
pdxka,pdxka
pdzd11,pdzd11
pdzd2,pdzd2
pdzd8,pdzd8
pdzk1,pdzk1
pdzk1ip1,pdzk1ip1
pdzrn3b,pdzrn3b
peak1,peak1
pear1,pear1
pebp1,pebp1
pecam1,pecam1
pecr,pecr
pef1,pef1
peli1a,peli1a
peli1b,peli1b
peli2,peli2
peli3,peli3
pelo,pelo
pelp1,pelp1
pemt,pemt
penka,penka
penkb,penkb
per1a,per1a
per1b,per1b
per2,per2
per3,per3
perp,perp
pes,pes
pet100,pet100
pex1,pex1
pex10,pex10
pex11b,pex11b
pex12,pex12
pex13,pex13
pex14,pex14
pex16,pex16
pex19,pex19
pex26,pex26
pex3,pex3
pex5,pex5
pex7,pex7
pfas,pfas
pfdn1,pfdn1
pfdn2,pfdn2
pfdn4,pfdn4
pfdn5,pfdn5
pfdn6,pfdn6
pfkfb1,pfkfb1
pfkfb2a,pfkfb2a
pfkfb2b,pfkfb2b
pfkfb3,pfkfb3
pfkfb4a,pfkfb4a
pfkfb4b,pfkfb4b
pfklb,pfklb
pfkmb,pfkmb
pfkpa,pfkpa
pfkpb,pfkpb
pfn1,pfn1
pfn2,pfn2
pfn2l,pfn2l
pgam1a,pgam1a
pgam1b,pgam1b
pgam2,pgam2
pgam5,pgam5
pgap2,pgap2
pgbd4,pgbd4
pgd,pgd
pgghg,pgghg
pggt1b,pggt1b
pgk1,pgk1
pgls,pgls
pglyrp5,pglyrp5
pgm1,pgm1
pgm2,pgm2
pgm2l1,pgm2l1
pgm3,pgm3
pgp,pgp
pgpep1,pgpep1
pgpep1l,pgpep1l
pgrmc1,pgrmc1
pgrmc2,pgrmc2
pgs1,pgs1
phactr1,phactr1
phactr2,phactr2
phactr3a,phactr3a
phactr3b,phactr3b
phactr4a,phactr4a
phactr4b,phactr4b
phax,phax
phb,phb
phb2a,phb2a
phb2b,phb2b
phc1,phc1
phc2a,phc2a
phc2b,phc2b
phex,phex
phf10,phf10
phf12a,phf12a
phf12b,phf12b
phf13,phf13
phf14,phf14
phf2,phf2
phf20a,phf20a
phf20b,phf20b
phf20l1,phf20l1
phf21aa,phf21aa
phf21ab,phf21ab
phf23a,phf23a
phf23b,phf23b
phf3,phf3
phf5a,phf5a
phf6,phf6
phf8,phf8
phgdh,phgdh
phip,phip
phka2,phka2
phkb,phkb
phkg1a,phkg1a
phkg1b,phkg1b
phkg2,phkg2
phlda1,phlda1
phlda2,phlda2
phlda3,phlda3
phldb1a,phldb1a
phldb1b,phldb1b
phldb2a,phldb2a
phldb2b,phldb2b
phlpp1,phlpp1
pho,pho
phospho1,phospho1
phospho2,phospho2
phox2a,phox2a
phox2bb,phox2bb
phpt1,phpt1
phrf1,phrf1
phtf2,phtf2
phyh,phyh
phyhd1,phyhd1
phyhiplb,phyhiplb
phykpl,phykpl
pi4k2a,pi4k2a
pi4k2b,pi4k2b
pi4kaa,pi4kaa
pi4kab,pi4kab
pi4kb,pi4kb
pias1a,pias1a
pias1b,pias1b
pias2,pias2
pias4a,pias4a
picalma,picalma
picalmb,picalmb
pick1,pick1
pidd1,pidd1
piezo1,piezo1
piezo2a.2,piezo2a.2
pif1,pif1
piga,piga
pigb,pigb
pigbos1,pigbos1
pigc,pigc
pigf,pigf
pigh,pigh
pigk,pigk
pigl,pigl
pigm,pigm
pign,pign
pigo,pigo
pigp,pigp
pigq,pigq
pigr,pigr
pigs,pigs
pigt,pigt
pigu,pigu
pigv,pigv
pigw,pigw
pigx,pigx
pih1d1,pih1d1
pih1d2,pih1d2
pih1d3,pih1d3
pik3ap1,pik3ap1
pik3c2a,pik3c2a
pik3c2b,pik3c2b
pik3c3,pik3c3
pik3ca,pik3ca
pik3cb,pik3cb
pik3cd,pik3cd
pik3cg,pik3cg
pik3ip1,pik3ip1
pik3r1,pik3r1
pik3r2,pik3r2
pik3r3a,pik3r3a
pik3r3b,pik3r3b
pik3r4,pik3r4
pik3r5,pik3r5
pikfyve,pikfyve
pim1,pim1
pim2,pim2
pim3,pim3
pimr138,pimr138
pimr141,pimr141
pimr186,pimr186
pimr188,pimr188
pimr189,pimr189
pimr191,pimr191
pimr93,pimr93
pin1,pin1
pin4,pin4
pink1,pink1
pinx1,pinx1
pip4k2aa,pip4k2aa
pip4k2ca,pip4k2ca
pip4p1a,pip4p1a
pip5k1aa,pip5k1aa
pip5k1ab,pip5k1ab
pip5k1ba,pip5k1ba
pip5k1bb,pip5k1bb
pip5k1ca,pip5k1ca
pip5k1cb,pip5k1cb
pipox,pipox
pir,pir
pisd,pisd
pithd1,pithd1
pitpnaa,pitpnaa
pitpnb,pitpnb
pitpnbl,pitpnbl
pitpnm3,pitpnm3
pitrm1,pitrm1
pitx1,pitx1
pitx2,pitx2
pitx3,pitx3
piwil1,piwil1
piwil2,piwil2
pja2,pja2
pkd1a,pkd1a
pkd1b,pkd1b
pkdcca,pkdcca
pkdccb,pkdccb
pkhd1l1,pkhd1l1
pkib,pkib
pkig,pkig
pklr,pklr
pkma,pkma
pkmyt1,pkmyt1
pkn1a,pkn1a
pkn2,pkn2
pknox1.1,pknox1.1
pknox1.2,pknox1.2
pknox2,pknox2
pkp1b,pkp1b
pkp2,pkp2
pkp3a,pkp3a
pkp3b,pkp3b
pkp4,pkp4
pla2g12a,pla2g12a
pla2g15,pla2g15
pla2g4ab,pla2g4ab
pla2g4f.1,pla2g4f.1
pla2g6,pla2g6
pla2g7,pla2g7
pla2r1,pla2r1
plaa,plaa
plag1,plag1
plagl2,plagl2
plagx,plagx
plaua,plaua
plaub,plaub
plcb3,plcb3
plcd1a,plcd1a
plcd1b,plcd1b
plcd3a,plcd3a
plcd4a,plcd4a
plce1,plce1
plcg1,plcg1
plcg2,plcg2
plch1,plch1
plch2a,plch2a
plcl2,plcl2
plcxd3,plcxd3
pld1a,pld1a
pld1b,pld1b
pld2,pld2
pld3,pld3
pleca,pleca
plecb,plecb
plek,plek
plekha1a,plekha1a
plekha1b,plekha1b
plekha3,plekha3
plekha5,plekha5
plekha6,plekha6
plekha7a,plekha7a
plekha7b,plekha7b
plekha8,plekha8
plekhb2,plekhb2
plekhf1,plekhf1
plekhf2,plekhf2
plekhg2,plekhg2
plekhg4,plekhg4
plekhg5a,plekhg5a
plekhg5b,plekhg5b
plekhg6,plekhg6
plekhg7,plekhg7
plekhh1,plekhh1
plekhh2,plekhh2
plekhj1,plekhj1
plekhm1,plekhm1
plekhm2,plekhm2
plekhm3,plekhm3
plekhn1,plekhn1
plekho1a,plekho1a
plekho1b,plekho1b
plekho2,plekho2
plekhs1,plekhs1
plgrkt,plgrkt
plin2,plin2
plin6,plin6
plk1,plk1
plk2b,plk2b
plk3,plk3
plk4,plk4
pllp,pllp
plod1a,plod1a
plod2,plod2
plp1a,plp1a
plp2,plp2
plpbp,plpbp
plpp1a,plpp1a
plpp2b,plpp2b
plpp3,plpp3
plpp5,plpp5
plpp6,plpp6
plpp7,plpp7
plppr1,plppr1
plppr2a,plppr2a
plppr3a,plppr3a
plppr4a,plppr4a
plppr5a,plppr5a
plrg1,plrg1
pls3,pls3
plscr3b,plscr3b
pltp,pltp
plvapb,plvapb
plxdc1,plxdc1
plxdc2,plxdc2
plxna1a,plxna1a
plxna2,plxna2
plxna3,plxna3
plxna4,plxna4
plxnb1a,plxnb1a
plxnb1b,plxnb1b
plxnb2a,plxnb2a
plxnb2b,plxnb2b
plxnb3,plxnb3
plxnc1,plxnc1
pm20d1.1,pm20d1.1
pm20d1.2,pm20d1.2
pmaip1,pmaip1
pmela,pmela
pmelb,pmelb
pmm2,pmm2
pmp22a,pmp22a
pmp22b,pmp22b
pmpca,pmpca
pmpcb,pmpcb
pms1,pms1
pms2,pms2
pmvk,pmvk
pnisr,pnisr
pnkd,pnkd
pnkp,pnkp
pnn,pnn
pno1,pno1
pnp4a,pnp4a
pnp5a,pnp5a
pnp5b,pnp5b
pnpla2,pnpla2
pnpla3,pnpla3
pnpla6,pnpla6
pnpla7a,pnpla7a
pnpla7b,pnpla7b
pnpla8,pnpla8
pnpo,pnpo
pnrc2,pnrc2
poc1b,poc1b
poc1bl,poc1bl
poc5,poc5
podxl,podxl
pof1b,pof1b
pofut1,pofut1
pofut2,pofut2
poglut1,poglut1
pogza,pogza
pogzb,pogzb
pola1,pola1
pola2,pola2
polb,polb
pold1,pold1
pold2,pold2
pold3,pold3
poldip2,poldip2
poldip3,poldip3
pole,pole
pole2,pole2
pole3,pole3
pole4,pole4
polg,polg
polg2,polg2
polh,polh
poli,poli
polk,polk
poll,poll
polm,polm
poln,poln
polq,polq
polr1a,polr1a
polr1b,polr1b
polr1c,polr1c
polr1d,polr1d
polr1e,polr1e
polr2a,polr2a
polr2b,polr2b
polr2c,polr2c
polr2d,polr2d
polr2eb,polr2eb
polr2f,polr2f
polr2gl,polr2gl
polr2h,polr2h
polr2i,polr2i
polr2j,polr2j
polr2k,polr2k
polr2l,polr2l
polr2m,polr2m
polr3a,polr3a
polr3b,polr3b
polr3c,polr3c
polr3d,polr3d
polr3e,polr3e
polr3f,polr3f
polr3gla,polr3gla
polr3glb,polr3glb
polr3h,polr3h
polr3k,polr3k
polrmt,polrmt
pom121,pom121
pomca,pomca
pomgnt1,pomgnt1
pomgnt2,pomgnt2
pomk,pomk
pomp,pomp
pomt1,pomt1
pomt2,pomt2
pon1,pon1
pon2,pon2
pon3.2,pon3.2
ponzr1,ponzr1
ponzr2,ponzr2
ponzr3,ponzr3
ponzr5,ponzr5
pop1,pop1
pop4,pop4
pop5,pop5
pop7,pop7
pora,pora
porb,porb
porcnl,porcnl
postnb,postnb
pot1,pot1
pou1f1,pou1f1
pou2f1b,pou2f1b
pou2f2a,pou2f2a
pou2f3,pou2f3
pou3f1,pou3f1
pou3f2a,pou3f2a
pou3f2b,pou3f2b
pou3f3a,pou3f3a
pou3f3b,pou3f3b
pou4f1,pou4f1
pou4f2,pou4f2
pou5f3,pou5f3
pou6f1,pou6f1
pou6f2,pou6f2
ppa1a,ppa1a
ppa1b,ppa1b
ppa2,ppa2
ppan,ppan
ppap2d,ppap2d
pparaa,pparaa
pparda,pparda
ppardb,ppardb
pparg,pparg
ppargc1a,ppargc1a
ppargc1b,ppargc1b
ppat,ppat
ppcdc,ppcdc
ppcs,ppcs
ppdpfa,ppdpfa
ppdpfb,ppdpfb
ppfia3,ppfia3
ppfia4,ppfia4
ppfibp1a,ppfibp1a
ppfibp1b,ppfibp1b
ppfibp2a,ppfibp2a
ppfibp2b,ppfibp2b
pphln1,pphln1
ppiaa,ppiaa
ppiab,ppiab
ppib,ppib
ppic,ppic
ppid,ppid
ppie,ppie
ppifa,ppifa
ppifb,ppifb
ppig,ppig
ppih,ppih
ppil1,ppil1
ppil2,ppil2
ppil3,ppil3
ppil4,ppil4
ppil6,ppil6
ppip5k1a,ppip5k1a
ppip5k1b,ppip5k1b
ppip5k2,ppip5k2
ppl,ppl
ppm1aa,ppm1aa
ppm1ab,ppm1ab
ppm1ba,ppm1ba
ppm1bb,ppm1bb
ppm1da,ppm1da
ppm1g,ppm1g
ppm1h,ppm1h
ppm1j,ppm1j
ppm1k,ppm1k
ppm1la,ppm1la
ppme1,ppme1
ppox,ppox
ppp1caa,ppp1caa
ppp1cab,ppp1cab
ppp1cb,ppp1cb
ppp1cbl,ppp1cbl
ppp1r10,ppp1r10
ppp1r11,ppp1r11
ppp1r12a,ppp1r12a
ppp1r12c,ppp1r12c
ppp1r13ba,ppp1r13ba
ppp1r13bb,ppp1r13bb
ppp1r13l,ppp1r13l
ppp1r14aa,ppp1r14aa
ppp1r14ab,ppp1r14ab
ppp1r14ba,ppp1r14ba
ppp1r14bb,ppp1r14bb
ppp1r14c,ppp1r14c
ppp1r15a,ppp1r15a
ppp1r15b,ppp1r15b
ppp1r16b,ppp1r16b
ppp1r18,ppp1r18
ppp1r1b,ppp1r1b
ppp1r1c,ppp1r1c
ppp1r2,ppp1r2
ppp1r21,ppp1r21
ppp1r26,ppp1r26
ppp1r27b,ppp1r27b
ppp1r35,ppp1r35
ppp1r37,ppp1r37
ppp1r3aa,ppp1r3aa
ppp1r3ab,ppp1r3ab
ppp1r3b,ppp1r3b
ppp1r3ca,ppp1r3ca
ppp1r3cb,ppp1r3cb
ppp1r3da,ppp1r3da
ppp1r7,ppp1r7
ppp1r8a,ppp1r8a
ppp1r8b,ppp1r8b
ppp1r9a,ppp1r9a
ppp1r9ala,ppp1r9ala
ppp1r9alb,ppp1r9alb
ppp1r9ba,ppp1r9ba
ppp1r9bb,ppp1r9bb
ppp2cb,ppp2cb
ppp2r1ba,ppp2r1ba
ppp2r1bb,ppp2r1bb
ppp2r2aa,ppp2r2aa
ppp2r2ab,ppp2r2ab
ppp2r2ba,ppp2r2ba
ppp2r2d,ppp2r2d
ppp2r3a,ppp2r3a
ppp2r3b,ppp2r3b
ppp2r3c,ppp2r3c
ppp2r5a,ppp2r5a
ppp2r5cb,ppp2r5cb
ppp2r5d,ppp2r5d
ppp2r5ea,ppp2r5ea
ppp2r5eb,ppp2r5eb
ppp3ca,ppp3ca
ppp3cb,ppp3cb
ppp3cca,ppp3cca
ppp3ccb,ppp3ccb
ppp3r1a,ppp3r1a
ppp3r1b,ppp3r1b
ppp4ca,ppp4ca
ppp4cb,ppp4cb
ppp4r2a,ppp4r2a
ppp4r2b,ppp4r2b
ppp4r3b,ppp4r3b
ppp4r4,ppp4r4
ppp5c,ppp5c
ppp6c,ppp6c
ppp6r2a,ppp6r2a
ppp6r2b,ppp6r2b
ppp6r3,ppp6r3
pprc1,pprc1
ppt1,ppt1
ppt2,ppt2
pptc7a,pptc7a
ppwd1,ppwd1
pqbp1,pqbp1
pqlc2,pqlc2
pqlc3,pqlc3
praf2,praf2
prc1a,prc1a
prc1b,prc1b
prcc,prcc
prcp,prcp
prdm10,prdm10
prdm11,prdm11
prdm12b,prdm12b
prdm13,prdm13
prdm1a,prdm1a
prdm2b,prdm2b
prdm4,prdm4
prdm5,prdm5
prdm8,prdm8
prdm8b,prdm8b
prdm9,prdm9
prdx1,prdx1
prdx2,prdx2
prdx3,prdx3
prdx4,prdx4
prdx5,prdx5
prdx6,prdx6
preb,preb
prelid1a,prelid1a
prelid1b,prelid1b
prelid3a,prelid3a
prelid3b,prelid3b
prep,prep
prepl,prepl
prex1,prex1
prex2,prex2
prg4b,prg4b
prickle1a,prickle1a
prickle1b,prickle1b
prickle2a,prickle2a
prickle2b,prickle2b
prim1,prim1
prim2,prim2
primpol,primpol
prkaa1,prkaa1
prkaa2,prkaa2
prkab1a,prkab1a
prkab1b,prkab1b
prkacaa,prkacaa
prkacab,prkacab
prkacba,prkacba
prkacbb,prkacbb
prkag1,prkag1
prkag2a,prkag2a
prkag3b,prkag3b
prkar1aa,prkar1aa
prkar1ab,prkar1ab
prkar2aa,prkar2aa
prkca,prkca
prkcba,prkcba
prkcbb,prkcbb
prkcbp1l,prkcbp1l
prkcda,prkcda
prkcdb,prkcdb
prkcea,prkcea
prkceb,prkceb
prkchb,prkchb
prkci,prkci
prkcsh,prkcsh
prkd2,prkd2
prkd3,prkd3
prkdc,prkdc
prkg1a,prkg1a
prkra,prkra
prkrip1,prkrip1
prkx,prkx
prmt1,prmt1
prmt2,prmt2
prmt3,prmt3
prmt5,prmt5
prmt6,prmt6
prmt7,prmt7
prmt8b,prmt8b
prmt9,prmt9
prnprs3,prnprs3
proca1,proca1
prodha,prodha
prodhb,prodhb
prokr1a,prokr1a
prom1a,prom1a
prom1b,prom1b
pros1,pros1
proser1,proser1
proser3,proser3
prox1a,prox1a
prox1b,prox1b
prox2,prox2
proza,proza
prp,prp
prpf18,prpf18
prpf19,prpf19
prpf3,prpf3
prpf31,prpf31
prpf38a,prpf38a
prpf38b,prpf38b
prpf39,prpf39
prpf4,prpf4
prpf40a,prpf40a
prpf4ba,prpf4ba
prpf4bb,prpf4bb
prpf6,prpf6
prpf8,prpf8
prps1a,prps1a
prps1b,prps1b
prpsap1,prpsap1
prpsap2,prpsap2
prr11,prr11
prr12a,prr12a
prr12b,prr12b
prr13,prr13
prr14,prr14
prr15la,prr15la
prr16,prr16
prr18,prr18
prr33,prr33
prrc1,prrc1
prrc2a,prrc2a
prrc2c,prrc2c
prrg1,prrg1
prrg2,prrg2
prrg4,prrg4
prrx1a,prrx1a
prrx1b,prrx1b
prss1,prss1
prss12,prss12
prss16,prss16
prss23,prss23
prss35,prss35
prtfdc1,prtfdc1
prtgb,prtgb
prune2,prune2
prx,prx
psap,psap
psat1,psat1
psd2,psd2
psd3l,psd3l
psen1,psen1
psen2,psen2
psenen,psenen
psip1a,psip1a
psip1b,psip1b
pskh1,pskh1
psma1,psma1
psma2,psma2
psma3,psma3
psma4,psma4
psma5,psma5
psma6a,psma6a
psma6b,psma6b
psma6l,psma6l
psma8,psma8
psmb1,psmb1
psmb10,psmb10
psmb2,psmb2
psmb3,psmb3
psmb4,psmb4
psmb5,psmb5
psmb6,psmb6
psmb7,psmb7
psmc1a,psmc1a
psmc1b,psmc1b
psmc2,psmc2
psmc3,psmc3
psmc3ip,psmc3ip
psmc4,psmc4
psmc5,psmc5
psmc6,psmc6
psmd1,psmd1
psmd10,psmd10
psmd11a,psmd11a
psmd11b,psmd11b
psmd12,psmd12
psmd13,psmd13
psmd14,psmd14
psmd3,psmd3
psmd4a,psmd4a
psmd4b,psmd4b
psmd5,psmd5
psmd6,psmd6
psmd7,psmd7
psmd8,psmd8
psmd9,psmd9
psme1,psme1
psme2,psme2
psme3,psme3
psme4a,psme4a
psme4b,psme4b
psmf1,psmf1
psmg1,psmg1
psmg2,psmg2
psmg3,psmg3
pspc1,pspc1
psph,psph
pstpip1b,pstpip1b
pstpip2,pstpip2
ptar1,ptar1
ptbp1a,ptbp1a
ptbp1b,ptbp1b
ptbp2a,ptbp2a
ptbp2b,ptbp2b
ptbp3,ptbp3
ptcd1,ptcd1
ptcd2,ptcd2
ptcd3,ptcd3
ptch1,ptch1
ptch2,ptch2
ptchd1,ptchd1
ptdss1a,ptdss1a
ptdss2,ptdss2
ptena,ptena
ptenb,ptenb
pter,pter
ptf1a,ptf1a
ptgdsb.1,ptgdsb.1
ptgdsb.2,ptgdsb.2
ptger1a,ptger1a
ptger4a,ptger4a
ptges3a,ptges3a
ptges3b,ptges3b
ptgesl,ptgesl
ptgis,ptgis
ptgr2,ptgr2
ptgs1,ptgs1
ptgs2a,ptgs2a
ptgs2b,ptgs2b
pth2r,pth2r
ptk2aa,ptk2aa
ptk2ab,ptk2ab
ptk2ba,ptk2ba
ptk2bb,ptk2bb
ptk6a,ptk6a
ptk7a,ptk7a
ptmaa,ptmaa
ptmab,ptmab
ptn,ptn
ptp4a1,ptp4a1
ptp4a2a,ptp4a2a
ptp4a2b,ptp4a2b
ptp4a3,ptp4a3
ptpa,ptpa
ptpdc1a,ptpdc1a
ptpdc1b,ptpdc1b
ptpmt1,ptpmt1
ptpn1,ptpn1
ptpn11a,ptpn11a
ptpn11b,ptpn11b
ptpn12,ptpn12
ptpn13,ptpn13
ptpn18,ptpn18
ptpn21,ptpn21
ptpn22,ptpn22
ptpn23a,ptpn23a
ptpn23b,ptpn23b
ptpn2a,ptpn2a
ptpn2b,ptpn2b
ptpn3,ptpn3
ptpn4a,ptpn4a
ptpn4b,ptpn4b
ptpn5,ptpn5
ptpn6,ptpn6
ptpn9a,ptpn9a
ptpn9b,ptpn9b
ptpra,ptpra
ptprb,ptprb
ptprc,ptprc
ptprea,ptprea
ptpreb,ptpreb
ptprfa,ptprfa
ptprfb,ptprfb
ptprga,ptprga
ptprja,ptprja
ptprjb.1,ptprjb.1
ptprk,ptprk
ptprn2,ptprn2
ptprna,ptprna
ptprnb,ptprnb
ptpro,ptpro
ptprr,ptprr
ptprsa,ptprsa
ptprt,ptprt
ptprua,ptprua
ptprub,ptprub
ptprz1a,ptprz1a
ptprz1b,ptprz1b
ptrh1,ptrh1
ptrh2,ptrh2
ptrhd1,ptrhd1
pts,pts
pttg1,pttg1
pttg1ipb,pttg1ipb
ptx4,ptx4
pudp,pudp
puf60a,puf60a
puf60b,puf60b
pum1,pum1
pum2,pum2
pum3,pum3
puraa,puraa
purab,purab
purba,purba
purbb,purbb
pus1,pus1
pus10,pus10
pus3,pus3
pus7,pus7
pus7l,pus7l
pusl1,pusl1
pvalb1,pvalb1
pvalb2,pvalb2
pvalb3,pvalb3
pvalb4,pvalb4
pvalb6,pvalb6
pvalb7,pvalb7
pvalb8,pvalb8
pvrl2l,pvrl2l
pwp1,pwp1
pwp2h,pwp2h
pwwp2a,pwwp2a
pwwp2b,pwwp2b
pxdc1b,pxdc1b
pxdn,pxdn
pxk,pxk
pxmp2,pxmp2
pxna,pxna
pycard,pycard
pycr1a,pycr1a
pycr1b,pycr1b
pycr3,pycr3
pygb,pygb
pygl,pygl
pygma,pygma
pygmb,pygmb
pygo2,pygo2
pym1,pym1
pyroxd1,pyroxd1
pyroxd2,pyroxd2
qars,qars
qdpra,qdpra
qdprb1,qdprb1
qki2,qki2
qkia,qkia
qkib,qkib
qpct,qpct
qpctla,qpctla
qrich1,qrich1
qrsl1,qrsl1
qser1,qser1
qsox1,qsox1
qsox2,qsox2
qtrt1,qtrt1
qtrt2,qtrt2
quo,quo
r3hcc1,r3hcc1
r3hcc1l,r3hcc1l
r3hdm1,r3hdm1
r3hdm4,r3hdm4
r3hdml,r3hdml
rab10,rab10
rab11a,rab11a
rab11ba,rab11ba
rab11bb,rab11bb
rab11fip1a,rab11fip1a
rab11fip2,rab11fip2
rab11fip3,rab11fip3
rab11fip4a,rab11fip4a
rab11fip4b,rab11fip4b
rab12,rab12
rab13,rab13
rab14,rab14
rab14l,rab14l
rab15,rab15
rab18a,rab18a
rab18b,rab18b
rab1aa,rab1aa
rab1ab,rab1ab
rab1ba,rab1ba
rab1bb,rab1bb
rab20,rab20
rab22a,rab22a
rab23,rab23
rab24,rab24
rab25a,rab25a
rab2a,rab2a
rab30,rab30
rab32a,rab32a
rab33a,rab33a
rab33ba,rab33ba
rab34a,rab34a
rab34b,rab34b
rab35b,rab35b
rab36,rab36
rab39ba,rab39ba
rab39bb,rab39bb
rab3aa,rab3aa
rab3c,rab3c
rab3db,rab3db
rab3gap1,rab3gap1
rab3gap2,rab3gap2
rab3il1,rab3il1
rab3ip,rab3ip
rab40b,rab40b
rab40c,rab40c
rab41,rab41
rab42a,rab42a
rab42b,rab42b
rab43,rab43
rab44,rab44
rab4a,rab4a
rab4b,rab4b
rab5aa,rab5aa
rab5ab,rab5ab
rab5b,rab5b
rab5c,rab5c
rab6a,rab6a
rab6bb,rab6bb
rab7,rab7
rab8a,rab8a
rab8b,rab8b
rab9a,rab9a
rabac1,rabac1
rabep1,rabep1
rabep2,rabep2
rabepk,rabepk
rabgap1,rabgap1
rabgap1l,rabgap1l
rabgap1l2,rabgap1l2
rabgef1,rabgef1
rabgef1l,rabgef1l
rabggta,rabggta
rabggtb,rabggtb
rabif,rabif
rabl2,rabl2
rabl3,rabl3
rabl6a,rabl6a
rabl6b,rabl6b
rac1a,rac1a
rac1b,rac1b
rac2,rac2
rac3a,rac3a
rac3b,rac3b
racgap1,racgap1
rack1,rack1
rad1,rad1
rad17,rad17
rad18,rad18
rad21a,rad21a
rad23aa,rad23aa
rad23ab,rad23ab
rad23b,rad23b
rad50,rad50
rad51,rad51
rad51ap1,rad51ap1
rad51b,rad51b
rad51c,rad51c
rad51d,rad51d
rad52,rad52
rad54b,rad54b
rad54l,rad54l
rad54l2,rad54l2
rad9a,rad9a
rae1,rae1
raf1a,raf1a
raf1b,raf1b
rag2,rag2
rai1,rai1
rai14,rai14
ralaa,ralaa
ralab,ralab
ralba,ralba
ralbp1,ralbp1
ralgapa1,ralgapa1
ralgapa2,ralgapa2
ralgapb,ralgapb
ralgps1,ralgps1
ralgps2,ralgps2
raly,raly
ramp2,ramp2
ran,ran
ranbp1,ranbp1
ranbp10,ranbp10
ranbp3a,ranbp3a
ranbp3b,ranbp3b
ranbp9,ranbp9
rangap1a,rangap1a
rangap1b,rangap1b
rangrf,rangrf
rap1aa,rap1aa
rap1ab,rap1ab
rap1b,rap1b
rap1gap,rap1gap
rap1gap2a,rap1gap2a
rap2b,rap2b
rap2c,rap2c
rapgef1a,rapgef1a
rapgef1b,rapgef1b
rapgef2,rapgef2
rapgef4,rapgef4
rapgef5b,rapgef5b
rapgef6,rapgef6
raph1a,raph1a
raph1b,raph1b
raraa,raraa
rarab,rarab
rarga,rarga
rars,rars
rars2,rars2
rasa1a,rasa1a
rasa1b,rasa1b
rasa3,rasa3
rasal2,rasal2
rasal3,rasal3
rasd1,rasd1
rasd3,rasd3
rasd4,rasd4
rasgef1ba,rasgef1ba
rasgef1bb,rasgef1bb
rasgrp3,rasgrp3
rasgrp4,rasgrp4
rasip1,rasip1
rasl11a,rasl11a
rasl11b,rasl11b
rassf1,rassf1
rassf2a,rassf2a
rassf2b,rassf2b
rassf3,rassf3
rassf6,rassf6
rassf7a,rassf7a
rassf7b,rassf7b
rassf8a,rassf8a
rassf8b,rassf8b
raver1,raver1
raver2,raver2
rb1,rb1
rb1cc1,rb1cc1
rbb4l,rbb4l
rbbp4,rbbp4
rbbp5,rbbp5
rbbp6,rbbp6
rbbp8,rbbp8
rbbp9,rbbp9
rbck1,rbck1
rbfa,rbfa
rbfox1,rbfox1
rbfox1l,rbfox1l
rbfox2,rbfox2
rbfox3a,rbfox3a
rbfox3b,rbfox3b
rbks,rbks
rbl1,rbl1
rbl2,rbl2
rbm10,rbm10
rbm11,rbm11
rbm12,rbm12
rbm12b,rbm12b
rbm14a,rbm14a
rbm14b,rbm14b
rbm15,rbm15
rbm15b,rbm15b
rbm17,rbm17
rbm18,rbm18
rbm19,rbm19
rbm22,rbm22
rbm24a,rbm24a
rbm25a,rbm25a
rbm25b,rbm25b
rbm26,rbm26
rbm27,rbm27
rbm28,rbm28
rbm33a,rbm33a
rbm33b,rbm33b
rbm34,rbm34
rbm38,rbm38
rbm39a,rbm39a
rbm39b,rbm39b
rbm4.1,rbm4.1
rbm4.2,rbm4.2
rbm4.3,rbm4.3
rbm41,rbm41
rbm42,rbm42
rbm47,rbm47
rbm48,rbm48
rbm5,rbm5
rbm6,rbm6
rbm7,rbm7
rbm8a,rbm8a
rbms1a,rbms1a
rbms2a,rbms2a
rbms2b,rbms2b
rbms3,rbms3
rbmx,rbmx
rbmx2,rbmx2
rbp1,rbp1
rbp2a,rbp2a
rbp4,rbp4
rbp4l,rbp4l
rbp5,rbp5
rbp7b,rbp7b
rbpja,rbpja
rbpjb,rbpjb
rbpms2a,rbpms2a
rbpms2b,rbpms2b
rbx1,rbx1
rc3h1a,rc3h1a
rc3h1b,rc3h1b
rca2.1,rca2.1
rcan1a,rcan1a
rcan2,rcan2
rcan3,rcan3
rcbtb1,rcbtb1
rcbtb2,rcbtb2
rcc1,rcc1
rcc1l,rcc1l
rcc2,rcc2
rccd1,rccd1
rchy1,rchy1
rcl1,rcl1
rcn1,rcn1
rcn2,rcn2
rcn3,rcn3
rcor1,rcor1
rcor2,rcor2
rcvrn2,rcvrn2
rcvrn3,rcvrn3
rd3,rd3
rdh10a,rdh10a
rdh10b,rdh10b
rdh12,rdh12
rdh12l,rdh12l
rdh14a,rdh14a
rdh14b,rdh14b
rdh8a,rdh8a
rdh8b,rdh8b
reck,reck
recql,recql
recql4,recql4
recql5,recql5
reep1,reep1
reep2,reep2
reep3a,reep3a
reep3b,reep3b
reep5,reep5
rel,rel
rela,rela
relb,relb
rell1,rell1
relt,relt
renbp,renbp
reps1,reps1
rer1,rer1
rerea,rerea
rereb,rereb
rest,rest
ret,ret
retreg2,retreg2
retreg3,retreg3
rev1,rev1
rev3l,rev3l
rex1bd,rex1bd
rexo1,rexo1
rexo4,rexo4
rfc1,rfc1
rfc2,rfc2
rfc3,rfc3
rfc4,rfc4
rfc5,rfc5
rfesd,rfesd
rffl,rffl
rfk,rfk
rflnb,rflnb
rfng,rfng
rft1,rft1
rftn2,rftn2
rfwd3,rfwd3
rfx1b,rfx1b
rfx2,rfx2
rfx3,rfx3
rfx4,rfx4
rfx5,rfx5
rfx7a,rfx7a
rfx7b,rfx7b
rfxap,rfxap
rgcc,rgcc
rgl1,rgl1
rgl2,rgl2
rgl3a,rgl3a
rgma,rgma
rgmb,rgmb
rgmd,rgmd
rgn,rgn
rgp1,rgp1
rgra,rgra
rgrb,rgrb
rgs12a,rgs12a
rgs12b,rgs12b
rgs13,rgs13
rgs14a,rgs14a
rgs17,rgs17
rgs19,rgs19
rgs2,rgs2
rgs20,rgs20
rgs3a,rgs3a
rgs3b,rgs3b
rgs4,rgs4
rgs5a,rgs5a
rgs5b,rgs5b
rgs7a,rgs7a
rgs7bpa,rgs7bpa
rgs7bpb,rgs7bpb
rgs9a,rgs9a
rhag,rhag
rhbdd1,rhbdd1
rhbdd2,rhbdd2
rhbdd3,rhbdd3
rhbdf1a,rhbdf1a
rhbdl2,rhbdl2
rhbdl3,rhbdl3
rhbg,rhbg
rheb,rheb
rhebl1,rhebl1
rhoaa,rhoaa
rhoab,rhoab
rhoac,rhoac
rhobtb2a,rhobtb2a
rhobtb2b,rhobtb2b
rhoca,rhoca
rhocb,rhocb
rhof,rhof
rhogb,rhogb
rhogc,rhogc
rhogd,rhogd
rhoj,rhoj
rhoq,rhoq
rhot1a,rhot1a
rhot1b,rhot1b
rhot2,rhot2
rhoua,rhoua
rhoub,rhoub
rhov,rhov
rhpn1,rhpn1
rhpn2,rhpn2
ribc1,ribc1
ribc2,ribc2
ric8a,ric8a
ric8b,ric8b
rictora,rictora
rictorb,rictorb
rida,rida
rif1,rif1
rilpl2,rilpl2
rimbp2,rimbp2
rimkla,rimkla
rims1a,rims1a
rims2a,rims2a
rims2b,rims2b
rims4,rims4
rin2,rin2
rin3,rin3
rint1,rint1
riok1,riok1
riok2,riok2
riok3,riok3
riox1,riox1
riox2,riox2
ripk2,ripk2
ripk4,ripk4
ripor1,ripor1
ripor2,ripor2
ripply1,ripply1
ripply2,ripply2
ripply3,ripply3
rlbp1b,rlbp1b
rlf,rlf
rlim,rlim
rln3a,rln3a
rltgr,rltgr
rmc1,rmc1
rmdn1,rmdn1
rmdn3,rmdn3
rmi1,rmi1
rmi2,rmi2
rmnd1,rmnd1
rmnd5b,rmnd5b
rn7sk,rn7sk
rnaseh1,rnaseh1
rnaseh2a,rnaseh2a
rnaseh2b,rnaseh2b
rnaseh2c,rnaseh2c
rnaseka,rnaseka
rnasekb,rnasekb
rnasen,rnasen
rnaset2,rnaset2
rnaset2l,rnaset2l
rnd1a,rnd1a
rnd1b,rnd1b
rnd2,rnd2
rnd3a,rnd3a
rnd3b,rnd3b
rnf10,rnf10
rnf103,rnf103
rnf111,rnf111
rnf113a,rnf113a
rnf115,rnf115
rnf11a,rnf11a
rnf11b,rnf11b
rnf121,rnf121
rnf123,rnf123
rnf126,rnf126
rnf128a,rnf128a
rnf13,rnf13
rnf130,rnf130
rnf139,rnf139
rnf14,rnf14
rnf144ab,rnf144ab
rnf144b,rnf144b
rnf145a,rnf145a
rnf145b,rnf145b
rnf146,rnf146
rnf150b,rnf150b
rnf165a,rnf165a
rnf166,rnf166
rnf168,rnf168
rnf169,rnf169
rnf17,rnf17
rnf170,rnf170
rnf175,rnf175
rnf180,rnf180
rnf181,rnf181
rnf183,rnf183
rnf185,rnf185
rnf19a,rnf19a
rnf2,rnf2
rnf20,rnf20
rnf207a,rnf207a
rnf213a,rnf213a
rnf216,rnf216
rnf217,rnf217
rnf220a,rnf220a
rnf24,rnf24
rnf25,rnf25
rnf26,rnf26
rnf32,rnf32
rnf34a,rnf34a
rnf34b,rnf34b
rnf38,rnf38
rnf4,rnf4
rnf40,rnf40
rnf41,rnf41
rnf41l,rnf41l
rnf44,rnf44
rnf6,rnf6
rnf7,rnf7
rnf8,rnf8
rnft1,rnft1
rnft2,rnft2
rngtt,rngtt
rnh1,rnh1
rnls,rnls
rnmt,rnmt
rnpc3,rnpc3
rnpep,rnpep
rnpepl1,rnpepl1
robo1,robo1
robo2,robo2
robo3,robo3
robo4,robo4
rock1,rock1
rock2a,rock2a
rock2b,rock2b
rogdi,rogdi
rom1b,rom1b
romo1,romo1
ropn1l,ropn1l
ror1,ror1
ror2,ror2
roraa,roraa
rorab,rorab
rorb,rorb
rorca,rorca
rorcb,rorcb
rp1l1a,rp1l1a
rp2,rp2
rp9,rp9
rpa1,rpa1
rpa2,rpa2
rpa3,rpa3
rpain,rpain
rpap1,rpap1
rpap2,rpap2
rpap3,rpap3
rpe,rpe
rpe65a,rpe65a
rpe65b,rpe65b
rpf1,rpf1
rpf2,rpf2
rpgra,rpgra
rpgrb,rpgrb
rpgrip1l,rpgrip1l
rpia,rpia
rpl10,rpl10
rpl10a,rpl10a
rpl11,rpl11
rpl12,rpl12
rpl13,rpl13
rpl13a,rpl13a
rpl14,rpl14
rpl15,rpl15
rpl17,rpl17
rpl18,rpl18
rpl18a,rpl18a
rpl19,rpl19
rpl21,rpl21
rpl22,rpl22
rpl22l1,rpl22l1
rpl23,rpl23
rpl23a,rpl23a
rpl24,rpl24
rpl27,rpl27
rpl28,rpl28
rpl29,rpl29
rpl3,rpl3
rpl30,rpl30
rpl31,rpl31
rpl32,rpl32
rpl34,rpl34
rpl35,rpl35
rpl35a,rpl35a
rpl36,rpl36
rpl36a,rpl36a
rpl37,rpl37
rpl38,rpl38
rpl39,rpl39
rpl4,rpl4
rpl5a,rpl5a
rpl5b,rpl5b
rpl6,rpl6
rpl7,rpl7
rpl7a,rpl7a
rpl7l1,rpl7l1
rpl8,rpl8
rpl9,rpl9
rplp0,rplp0
rplp1,rplp1
rplp2,rplp2
rplp2l,rplp2l
rpn1,rpn1
rpn2,rpn2
rpp14,rpp14
rpp21,rpp21
rpp25l,rpp25l
rpp30,rpp30
rpp38,rpp38
rpp40,rpp40
rprd1a,rprd1a
rprd1b,rprd1b
rprd2a,rprd2a
rprd2b,rprd2b
rprmb,rprmb
rprml,rprml
rps10,rps10
rps11,rps11
rps12,rps12
rps13,rps13
rps14,rps14
rps15,rps15
rps15a,rps15a
rps16,rps16
rps17,rps17
rps18,rps18
rps19,rps19
rps19bp1,rps19bp1
rps2,rps2
rps21,rps21
rps23,rps23
rps24,rps24
rps25,rps25
rps26,rps26
rps26l,rps26l
rps27.1,rps27.1
rps27.2,rps27.2
rps27a,rps27a
rps28,rps28
rps29,rps29
rps3,rps3
rps3a,rps3a
rps4x,rps4x
rps5,rps5
rps6,rps6
rps6ka1,rps6ka1
rps6ka3a,rps6ka3a
rps6ka3b,rps6ka3b
rps6ka4,rps6ka4
rps6kal,rps6kal
rps6kb1a,rps6kb1a
rps6kb1b,rps6kb1b
rps6kc1,rps6kc1
rps7,rps7
rps8a,rps8a
rps8b,rps8b
rps9,rps9
rpsa,rpsa
rptor,rptor
rpusd1,rpusd1
rpusd2,rpusd2
rpusd4,rpusd4
rpz2,rpz2
rpz4,rpz4
rpz5,rpz5
rrad,rrad
rraga,rraga
rragca,rragca
rragcb,rragcb
rras,rras
rras2,rras2
rrbp1a,rrbp1a
rrbp1b,rrbp1b
rreb1a,rreb1a
rreb1b,rreb1b
rrm1,rrm1
rrm2,rrm2
rrm2b,rrm2b
rrn3,rrn3
rrnad1,rrnad1
rrp1,rrp1
rrp12,rrp12
rrp15,rrp15
rrp36,rrp36
rrp7a,rrp7a
rrp8,rrp8
rrp9,rrp9
rrs1,rrs1
rsf1b.1,rsf1b.1
rsg1,rsg1
rsl1d1,rsl1d1
rsph10b,rsph10b
rsph14,rsph14
rsph4a,rsph4a
rsph9,rsph9
rspo1,rspo1
rspo2,rspo2
rspo3,rspo3
rspry1,rspry1
rsrc1,rsrc1
rsrc2,rsrc2
rsrp1,rsrp1
rsu1,rsu1
rtca,rtca
rtcb,rtcb
rtel1,rtel1
rtf1,rtf1
rtf2,rtf2
rtkn2a,rtkn2a
rtkn2b,rtkn2b
rtn1a,rtn1a
rtn1b,rtn1b
rtn2b,rtn2b
rtn3,rtn3
rtn4a,rtn4a
rtn4b,rtn4b
rtn4ip1,rtn4ip1
rtn4r,rtn4r
rtn4rl2a,rtn4rl2a
rtraf,rtraf
rttn,rttn
rufy1,rufy1
rufy2,rufy2
rufy3,rufy3
rundc3ab,rundc3ab
runx1t1,runx1t1
runx3,runx3
rusc2,rusc2
ruvbl1,ruvbl1
ruvbl2,ruvbl2
rwdd,rwdd
rwdd1,rwdd1
rwdd2b,rwdd2b
rx1,rx1
rx2,rx2
rx3,rx3
rxfp1,rxfp1
rxfp2a,rxfp2a
rxraa,rxraa
rxrab,rxrab
rxrba,rxrba
rxrbb,rxrbb
rxrgb,rxrgb
rxylt1,rxylt1
rybpa,rybpa
rybpb,rybpb
ryk,ryk
ryr1a,ryr1a
ryr1b,ryr1b
ryr2b,ryr2b
ryr3,ryr3
s100a1,s100a1
s100a10b,s100a10b
s100a11,s100a11
s100b,s100b
s100t,s100t
s100u,s100u
s100v1,s100v1
s100v2,s100v2
s100w,s100w
s100z,s100z
s1pr1,s1pr1
s1pr2,s1pr2
s1pr4,s1pr4
s1pr5a,s1pr5a
s1pr5b,s1pr5b
saal1,saal1
sacm1la,sacm1la
sacm1lb,sacm1lb
sacs,sacs
sae1,sae1
safb,safb
sagb,sagb
sall1a,sall1a
sall1b,sall1b
sall2,sall2
sall3a,sall3a
sall3b,sall3b
sall4,sall4
samd10b,samd10b
samd11,samd11
samd13,samd13
samd1a,samd1a
samd1b,samd1b
samd4a,samd4a
samhd1,samhd1
samm50,samm50
samm50l,samm50l
samsn1a,samsn1a
samsn1b,samsn1b
sap130a,sap130a
sap130b,sap130b
sap18,sap18
sap30bp,sap30bp
sap30l,sap30l
sar1ab,sar1ab
sar1b,sar1b
saraf,saraf
sardh,sardh
sarm1,sarm1
sarnp,sarnp
sars,sars
sars2,sars2
sart1,sart1
sart3,sart3
sash1a,sash1a
sash1b,sash1b
sash3,sash3
sass6,sass6
sat1a.1,sat1a.1
sat1a.2,sat1a.2
sat1b,sat1b
sat2b,sat2b
satb1a,satb1a
satb1b,satb1b
sav1,sav1
sb:cb1058,sbcb1058
sb:cb649,sbcb649
sb:cb81,sbcb81
sbds,sbds
sbf1,sbf1
sbf2,sbf2
sbno1,sbno1
sbno2a,sbno2a
sc5d,sc5d
sc:d217,scd217
scaf1,scaf1
scaf11,scaf11
scaf4a,scaf4a
scaf4b,scaf4b
scai,scai
scamp1,scamp1
scamp2,scamp2
scamp2l,scamp2l
scamp3,scamp3
scamp4,scamp4
scamp5a,scamp5a
scap,scap
scaper,scaper
scara5,scara5
scarb1,scarb1
scarb2a,scarb2a
scarf1,scarf1
sccpdhb,sccpdhb
scdb,scdb
scel,scel
scfd1,scfd1
scfd2,scfd2
scg2b,scg2b
scg3,scg3
scg5,scg5
scgn,scgn
schip1,schip1
scin,scin
scinla,scinla
scinlb,scinlb
sclt1,sclt1
scly,scly
scmh1,scmh1
scml2,scml2
scn1ba,scn1ba
scn1bb,scn1bb
scn4bb,scn4bb
scn8aa,scn8aa
scnm1,scnm1
sco1,sco1
sco2,sco2
scoca,scoca
scocb,scocb
scospondin,scospondin
scp2a,scp2a
scp2b,scp2b
scpep1,scpep1
scpp5,scpp5
scpp7,scpp7
scpp8,scpp8
scrib,scrib
scrn2,scrn2
scrn3,scrn3
scrt1a,scrt1a
scrt2,scrt2
scube1,scube1
scube2,scube2
scube3,scube3
scxa,scxa
scyl1,scyl1
scyl3,scyl3
sdad1,sdad1
sdc2,sdc2
sdc4,sdc4
sdcbp,sdcbp
sdcbp2,sdcbp2
sdccag3,sdccag3
sdccag8,sdccag8
sde2,sde2
sdf2,sdf2
sdf2l1,sdf2l1
sdf4,sdf4
sdha,sdha
sdhaf1,sdhaf1
sdhaf2,sdhaf2
sdhaf3,sdhaf3
sdhaf4,sdhaf4
sdhb,sdhb
sdhc,sdhc
sdhda,sdhda
sdhdb,sdhdb
sdk1a,sdk1a
sdk1b,sdk1b
sdk2b,sdk2b
sdr16c5a,sdr16c5a
sdr16c5b,sdr16c5b
sdr39u1,sdr39u1
sdr42e1,sdr42e1
sec11a,sec11a
sec13,sec13
sec14l8,sec14l8
sec16b,sec16b
sec22a,sec22a
sec22ba,sec22ba
sec22bb,sec22bb
sec23a,sec23a
sec23b,sec23b
sec23ip,sec23ip
sec24a,sec24a
sec24b,sec24b
sec24c,sec24c
sec24d,sec24d
sec31a,sec31a
sec31b,sec31b
sec61a1,sec61a1
sec61a1l,sec61a1l
sec61b,sec61b
sec61g,sec61g
sec62,sec62
sec63,sec63
secisbp2,secisbp2
seh1l,seh1l
sel1l,sel1l
sele,sele
selenbp1,selenbp1
selenof,selenof
selenoh,selenoh
selenoi,selenoi
selenoj,selenoj
selenok,selenok
selenom,selenom
selenon,selenon
selenoo1,selenoo1
selenop,selenop
selenop2,selenop2
selenos,selenos
selenot1a,selenot1a
selenot1b,selenot1b
selenot2,selenot2
selenou1a,selenou1a
selenow1,selenow1
selenow2a,selenow2a
selenow2b,selenow2b
selp,selp
selplg,selplg
sem1,sem1
sema3aa,sema3aa
sema3b,sema3b
sema3bl,sema3bl
sema3d,sema3d
sema3e,sema3e
sema3fa,sema3fa
sema3fb,sema3fb
sema3gb,sema3gb
sema3h,sema3h
sema4ab,sema4ab
sema4ba,sema4ba
sema4bb,sema4bb
sema4e,sema4e
sema5a,sema5a
sema5ba,sema5ba
sema5bb,sema5bb
sema6d,sema6d
sema6dl,sema6dl
sema6e,sema6e
sema7a,sema7a
senp2,senp2
senp3a,senp3a
senp3b,senp3b
senp5,senp5
senp6a,senp6a
senp7b,senp7b
senp8,senp8
sephs1,sephs1
sephs2,sephs2
sepsecs,sepsecs
sept10,sept10
sept12,sept12
sept15,sept15
sept2,sept2
sept3,sept3
sept4a,sept4a
sept5a,sept5a
sept6,sept6
sept7a,sept7a
sept7b,sept7b
sept8a,sept8a
sept8b,sept8b
sept9a,sept9a
sept9b,sept9b
serac1,serac1
serbp1a,serbp1a
serbp1b,serbp1b
serf2,serf2
sergef,sergef
serhl,serhl
serinc1,serinc1
serinc2,serinc2
serinc4,serinc4
serinc5,serinc5
serpina1,serpina1
serpina10a,serpina10a
serpina1l,serpina1l
serpinb1,serpinb1
serpinb14,serpinb14
serpinb1l1,serpinb1l1
serpinb1l2,serpinb1l2
serpinb1l3,serpinb1l3
serpinb1l4,serpinb1l4
serpinc1,serpinc1
serpine1,serpine1
serpine2,serpine2
serpine3,serpine3
serpinf1,serpinf1
serpinf2b,serpinf2b
serping1,serping1
serpinh1a,serpinh1a
serpinh1b,serpinh1b
serpinh2,serpinh2
sertad2a,sertad2a
sertad2b,sertad2b
sertad4,sertad4
sesn1,sesn1
sesn2,sesn2
sesn3,sesn3
sestd1,sestd1
seta,seta
setb,setb
setbp1,setbp1
setd1a,setd1a
setd1ba,setd1ba
setd2,setd2
setd3,setd3
setd4,setd4
setd5,setd5
setd6,setd6
setd7,setd7
setd9,setd9
setdb1a,setdb1a
setdb1b,setdb1b
setmar,setmar
setx,setx
sez6l,sez6l
sf1,sf1
sf3a1,sf3a1
sf3a2,sf3a2
sf3a3,sf3a3
sf3b1,sf3b1
sf3b2,sf3b2
sf3b3,sf3b3
sf3b4,sf3b4
sf3b5,sf3b5
sf3b6,sf3b6
sfi1,sfi1
sfpq,sfpq
sfr1,sfr1
sfrp1a,sfrp1a
sfrp2,sfrp2
sfrp5,sfrp5
sfswap,sfswap
sft2d1,sft2d1
sft2d3,sft2d3
sftpbb,sftpbb
sfxn1,sfxn1
sfxn2,sfxn2
sfxn3,sfxn3
sfxn4,sfxn4
sfxn5b,sfxn5b
sgca,sgca
sgcb,sgcb
sgcd,sgcd
sgce,sgce
sgcg,sgcg
sgf29,sgf29
sgip1a,sgip1a
sgip1b,sgip1b
sgk1,sgk1
sgk2a,sgk2a
sgk2b,sgk2b
sgk3,sgk3
sgms1,sgms1
sgms2,sgms2
sgo1,sgo1
sgpl1,sgpl1
sgpp1,sgpp1
sgsh,sgsh
sgsm2,sgsm2
sgsm3,sgsm3
sgta,sgta
sgtb,sgtb
sh2b1,sh2b1
sh2d3cb,sh2d3cb
sh2d4a,sh2d4a
sh2d4bb,sh2d4bb
sh2d5,sh2d5
sh3bgr,sh3bgr
sh3bgrl,sh3bgrl
sh3bgrl3,sh3bgrl3
sh3bp1,sh3bp1
sh3bp4,sh3bp4
sh3bp4a,sh3bp4a
sh3bp5a,sh3bp5a
sh3bp5b,sh3bp5b
sh3bp5la,sh3bp5la
sh3d19,sh3d19
sh3d21,sh3d21
sh3gl1a,sh3gl1a
sh3gl1b,sh3gl1b
sh3gl2a,sh3gl2a
sh3gl3a,sh3gl3a
sh3gl3b,sh3gl3b
sh3glb1a,sh3glb1a
sh3glb1b,sh3glb1b
sh3glb2a,sh3glb2a
sh3glb2b,sh3glb2b
sh3kbp1,sh3kbp1
sh3pxd2aa,sh3pxd2aa
sh3pxd2b,sh3pxd2b
sh3rf1,sh3rf1
sh3rf2,sh3rf2
sh3tc2,sh3tc2
sh3yl1,sh3yl1
shank3a,shank3a
sharpin,sharpin
shc1,shc1
shcbp1,shcbp1
shda,shda
shdb,shdb
she,she
shha,shha
shhb,shhb
shisa2a,shisa2a
shisa3,shisa3
shisa4,shisa4
shisa7b,shisa7b
shisa9a,shisa9a
shisa9b,shisa9b
shisal1b,shisal1b
shmt1,shmt1
shmt2,shmt2
shoc2,shoc2
shox2,shox2
shprh,shprh
shq1,shq1
shroom1,shroom1
shroom2a,shroom2a
shroom3,shroom3
shroom4,shroom4
shrprbck1r,shrprbck1r
shtn1,shtn1
si:busm1-105l16.2,sibusm1105l16.2
si:busm1-57f23.1,sibusm157f23.1
si:cabz01007794.1,sicabz01007794.1
si:cabz01007802.1,sicabz01007802.1
si:cabz01021426.2,sicabz01021426.2
si:cabz01021430.2,sicabz01021430.2
si:cabz01032454.3,sicabz01032454.3
si:cabz01036006.1,sicabz01036006.1
si:cabz01036022.1,sicabz01036022.1
si:cabz01054394.5,sicabz01054394.5
si:cabz01054394.6,sicabz01054394.6
si:cabz01054396.2,sicabz01054396.2
si:cabz01069013.3,sicabz01069013.3
si:cabz01071909.2,sicabz01071909.2
si:cabz01071911.3,sicabz01071911.3
si:cabz01074946.1,sicabz01074946.1
si:cabz01080295.1,sicabz01080295.1
si:cabz01080528.1,sicabz01080528.1
si:cabz01100188.1,sicabz01100188.1
si:cabz01101003.1,sicabz01101003.1
si:cabz01102082.1,sicabz01102082.1
si:ch1073-110a20.1,sich1073110a20.1
si:ch1073-110a20.2,sich1073110a20.2
si:ch1073-110a20.3,sich1073110a20.3
si:ch1073-111c8.3,sich1073111c8.3
si:ch1073-127d16.1,sich1073127d16.1
si:ch1073-143l10.2,sich1073143l10.2
si:ch1073-153i20.4,sich1073153i20.4
si:ch1073-153i20.5,sich1073153i20.5
si:ch1073-155h21.1,sich1073155h21.1
si:ch1073-159d7.7,sich1073159d7.7
si:ch1073-164k15.3,sich1073164k15.3
si:ch1073-165f9.2,sich1073165f9.2
si:ch1073-170o4.1,sich1073170o4.1
si:ch1073-174d20.1,sich1073174d20.1
si:ch1073-174d20.2,sich1073174d20.2
si:ch1073-184j22.1,sich1073184j22.1
si:ch1073-184j22.2,sich1073184j22.2
si:ch1073-185p12.2,sich1073185p12.2
si:ch1073-186o8.3,sich1073186o8.3
si:ch1073-190k2.1,sich1073190k2.1
si:ch1073-224n8.1,sich1073224n8.1
si:ch1073-228b5.2,sich1073228b5.2
si:ch1073-228h2.2,sich1073228h2.2
si:ch1073-228j22.1,sich1073228j22.1
si:ch1073-263o8.2,sich1073263o8.2
si:ch1073-266p11.2,sich1073266p11.2
si:ch1073-268j14.1,sich1073268j14.1
si:ch1073-287p18.1,sich1073287p18.1
si:ch1073-291c23.2,sich1073291c23.2
si:ch1073-296d18.1,sich1073296d18.1
si:ch1073-296i8.2,sich1073296i8.2
si:ch1073-303k11.2,sich1073303k11.2
si:ch1073-314i13.4,sich1073314i13.4
si:ch1073-322p19.1,sich1073322p19.1
si:ch1073-335m2.2,sich1073335m2.2
si:ch1073-340i21.2,sich1073340i21.2
si:ch1073-340i21.3,sich1073340i21.3
si:ch1073-342h5.2,sich1073342h5.2
si:ch1073-345a8.1,sich1073345a8.1
si:ch1073-357b18.4,sich1073357b18.4
si:ch1073-358c10.1,sich1073358c10.1
si:ch1073-385f13.3,sich1073385f13.3
si:ch1073-392o20.1,sich1073392o20.1
si:ch1073-392o20.2,sich1073392o20.2
si:ch1073-396h14.1,sich1073396h14.1
si:ch1073-406l10.2,sich1073406l10.2
si:ch1073-412h12.3,sich1073412h12.3
si:ch1073-416d2.3,sich1073416d2.3
si:ch1073-416d2.4,sich1073416d2.4
si:ch1073-429i10.1,sich1073429i10.1
si:ch1073-440b2.1,sich1073440b2.1
si:ch1073-443f11.2,sich1073443f11.2
si:ch1073-450f2.1,sich1073450f2.1
si:ch1073-459j12.1,sich1073459j12.1
si:ch1073-469d17.2,sich1073469d17.2
si:ch1073-475a24.1,sich1073475a24.1
si:ch1073-80i24.3,sich107380i24.3
si:ch211-102c2.4,sich211102c2.4
si:ch211-102c2.7,sich211102c2.7
si:ch211-102c2.8,sich211102c2.8
si:ch211-103n10.5,sich211103n10.5
si:ch211-105c13.3,sich211105c13.3
si:ch211-105j21.9,sich211105j21.9
si:ch211-106e7.2,sich211106e7.2
si:ch211-106f21.1,sich211106f21.1
si:ch211-106h4.4,sich211106h4.4
si:ch211-106j24.1,sich211106j24.1
si:ch211-106m9.1,sich211106m9.1
si:ch211-106n13.3,sich211106n13.3
si:ch211-107e6.5,sich211107e6.5
si:ch211-107m4.1,sich211107m4.1
si:ch211-107n13.1,sich211107n13.1
si:ch211-107o10.3,sich211107o10.3
si:ch211-107p11.3,sich211107p11.3
si:ch211-108c17.2,sich211108c17.2
si:ch211-108d22.2,sich211108d22.2
si:ch211-10a23.2,sich21110a23.2
si:ch211-10d23.5,sich21110d23.5
si:ch211-110e21.3,sich211110e21.3
si:ch211-110p13.9,sich211110p13.9
si:ch211-113a14.11,sich211113a14.11
si:ch211-113a14.18,sich211113a14.18
si:ch211-113a14.19,sich211113a14.19
si:ch211-113a14.22,sich211113a14.22
si:ch211-113a14.24,sich211113a14.24
si:ch211-113e8.10,sich211113e8.10
si:ch211-113e8.11,sich211113e8.11
si:ch211-113e8.3,sich211113e8.3
si:ch211-113g11.6,sich211113g11.6
si:ch211-113p18.3,sich211113p18.3
si:ch211-114c12.2,sich211114c12.2
si:ch211-114l13.12,sich211114l13.12
si:ch211-114n24.6,sich211114n24.6
si:ch211-116o3.5,sich211116o3.5
si:ch211-117c9.5,sich211117c9.5
si:ch211-117k10.3,sich211117k10.3
si:ch211-117m20.5,sich211117m20.5
si:ch211-117n7.8,sich211117n7.8
si:ch211-119e14.1,sich211119e14.1
si:ch211-119e14.9,sich211119e14.9
si:ch211-11k18.4,sich21111k18.4
si:ch211-11n16.2,sich21111n16.2
si:ch211-120c15.3,sich211120c15.3
si:ch211-121a2.2,sich211121a2.2
si:ch211-122f10.4,sich211122f10.4
si:ch211-125a15.1,sich211125a15.1
si:ch211-125e6.5,sich211125e6.5
si:ch211-125m10.6,sich211125m10.6
si:ch211-125o16.4,sich211125o16.4
si:ch211-126c2.4,sich211126c2.4
si:ch211-126g16.11,sich211126g16.11
si:ch211-126i22.5,sich211126i22.5
si:ch211-126j24.1,sich211126j24.1
si:ch211-127b11.1,sich211127b11.1
si:ch211-127d4.3,sich211127d4.3
si:ch211-127i16.2,sich211127i16.2
si:ch211-127m7.2,sich211127m7.2
si:ch211-129c21.1,sich211129c21.1
si:ch211-129o18.4,sich211129o18.4
si:ch211-12e13.12,sich21112e13.12
si:ch211-12m10.1,sich21112m10.1
si:ch211-130m23.5,sich211130m23.5
si:ch211-131k2.3,sich211131k2.3
si:ch211-132b12.7,sich211132b12.7
si:ch211-132f19.7,sich211132f19.7
si:ch211-132g1.3,sich211132g1.3
si:ch211-132p1.3,sich211132p1.3
si:ch211-133n4.4,sich211133n4.4
si:ch211-134c9.2,sich211134c9.2
si:ch211-134m17.9,sich211134m17.9
si:ch211-135f11.1,sich211135f11.1
si:ch211-135n15.2,sich211135n15.2
si:ch211-136a13.1,sich211136a13.1
si:ch211-136m16.8,sich211136m16.8
si:ch211-137a8.4,sich211137a8.4
si:ch211-137i24.10,sich211137i24.10
si:ch211-137i24.12,sich211137i24.12
si:ch211-137j23.6,sich211137j23.6
si:ch211-139a5.1,sich211139a5.1
si:ch211-139a5.9,sich211139a5.9
si:ch211-139d20.3,sich211139d20.3
si:ch211-13c6.2,sich21113c6.2
si:ch211-13k12.2,sich21113k12.2
si:ch211-140b10.6,sich211140b10.6
si:ch211-140m22.7,sich211140m22.7
si:ch211-141o9.10,sich211141o9.10
si:ch211-142b24.2,sich211142b24.2
si:ch211-142b24.8,sich211142b24.8
si:ch211-145b13.6,sich211145b13.6
si:ch211-146m13.3,sich211146m13.3
si:ch211-147a11.3,sich211147a11.3
si:ch211-147d7.5,sich211147d7.5
si:ch211-147g22.5,sich211147g22.5
si:ch211-147m6.1,sich211147m6.1
si:ch211-147m6.2,sich211147m6.2
si:ch211-148l7.4,sich211148l7.4
si:ch211-149a19.3,sich211149a19.3
si:ch211-149b19.2,sich211149b19.2
si:ch211-149b19.3,sich211149b19.3
si:ch211-149l1.2,sich211149l1.2
si:ch211-14a17.10,sich21114a17.10
si:ch211-14a17.11,sich21114a17.11
si:ch211-14k19.8,sich21114k19.8
si:ch211-150g13.3,sich211150g13.3
si:ch211-150o23.2,sich211150o23.2
si:ch211-150o23.3,sich211150o23.3
si:ch211-151g22.1,sich211151g22.1
si:ch211-152c2.3,sich211152c2.3
si:ch211-152f23.5,sich211152f23.5
si:ch211-152p11.4,sich211152p11.4
si:ch211-153a8.4,sich211153a8.4
si:ch211-153b23.3,sich211153b23.3
si:ch211-153b23.4,sich211153b23.4
si:ch211-153b23.5,sich211153b23.5
si:ch211-153b23.7,sich211153b23.7
si:ch211-153f2.3,sich211153f2.3
si:ch211-153f2.7,sich211153f2.7
si:ch211-153j24.3,sich211153j24.3
si:ch211-154o6.2,sich211154o6.2
si:ch211-154o6.3,sich211154o6.3
si:ch211-155e24.3,sich211155e24.3
si:ch211-155k24.9,sich211155k24.9
si:ch211-156b7.4,sich211156b7.4
si:ch211-156j16.1,sich211156j16.1
si:ch211-156j22.4,sich211156j22.4
si:ch211-157b11.12,sich211157b11.12
si:ch211-157b11.8,sich211157b11.8
si:ch211-157c3.4,sich211157c3.4
si:ch211-157j23.2,sich211157j23.2
si:ch211-157j23.5,sich211157j23.5
si:ch211-157p22.10,sich211157p22.10
si:ch211-159i8.4,sich211159i8.4
si:ch211-15b10.6,sich21115b10.6
si:ch211-15d5.11,sich21115d5.11
si:ch211-15d5.12,sich21115d5.12
si:ch211-160d14.15,sich211160d14.15
si:ch211-160d20.3,sich211160d20.3
si:ch211-160e1.5,sich211160e1.5
si:ch211-160j14.2,sich211160j14.2
si:ch211-160j14.3,sich211160j14.3
si:ch211-160o17.2,sich211160o17.2
si:ch211-160o17.4,sich211160o17.4
si:ch211-161c3.5,sich211161c3.5
si:ch211-161c3.6,sich211161c3.6
si:ch211-161h7.4,sich211161h7.4
si:ch211-161h7.8,sich211161h7.8
si:ch211-161m3.4,sich211161m3.4
si:ch211-161m3.6,sich211161m3.6
si:ch211-162e15.3,sich211162e15.3
si:ch211-162i8.2,sich211162i8.2
si:ch211-162i8.4,sich211162i8.4
si:ch211-162i8.5,sich211162i8.5
si:ch211-163c2.2,sich211163c2.2
si:ch211-163l21.10,sich211163l21.10
si:ch211-163l21.7,sich211163l21.7
si:ch211-163l21.8,sich211163l21.8
si:ch211-165d12.4,sich211165d12.4
si:ch211-165e15.1,sich211165e15.1
si:ch211-165g14.1,sich211165g14.1
si:ch211-165i18.2,sich211165i18.2
si:ch211-166a6.5,sich211166a6.5
si:ch211-166e11.5,sich211166e11.5
si:ch211-166g5.4,sich211166g5.4
si:ch211-167b20.8,sich211167b20.8
si:ch211-167j6.4,sich211167j6.4
si:ch211-168b3.1,sich211168b3.1
si:ch211-168b3.2,sich211168b3.2
si:ch211-168f7.5,sich211168f7.5
si:ch211-168h21.3,sich211168h21.3
si:ch211-169p10.1,sich211169p10.1
si:ch211-170d8.2,sich211170d8.2
si:ch211-171h4.6,sich211171h4.6
si:ch211-172l8.4,sich211172l8.4
si:ch211-173d10.1,sich211173d10.1
si:ch211-173m16.2,sich211173m16.2
si:ch211-173p18.3,sich211173p18.3
si:ch211-175f11.5,sich211175f11.5
si:ch211-175m2.4,sich211175m2.4
si:ch211-175m2.5,sich211175m2.5
si:ch211-176l24.4,sich211176l24.4
si:ch211-178n15.1,sich211178n15.1
si:ch211-183d21.1,sich211183d21.1
si:ch211-183d5.2,sich211183d5.2
si:ch211-185a18.2,sich211185a18.2
si:ch211-189k9.2,sich211189k9.2
si:ch211-18i17.2,sich21118i17.2
si:ch211-191a16.5,sich211191a16.5
si:ch211-191a24.4,sich211191a24.4
si:ch211-191c10.1,sich211191c10.1
si:ch211-191d2.2,sich211191d2.2
si:ch211-191i18.2,sich211191i18.2
si:ch211-191i18.4,sich211191i18.4
si:ch211-191j22.3,sich211191j22.3
si:ch211-193e13.5,sich211193e13.5
si:ch211-193k19.2,sich211193k19.2
si:ch211-193l2.10,sich211193l2.10
si:ch211-194b1.1,sich211194b1.1
si:ch211-194e15.5,sich211194e15.5
si:ch211-194k22.8,sich211194k22.8
si:ch211-194m7.4,sich211194m7.4
si:ch211-194p6.10,sich211194p6.10
si:ch211-194p6.12,sich211194p6.12
si:ch211-195b11.3,sich211195b11.3
si:ch211-195b13.1,sich211195b13.1
si:ch211-195b15.7,sich211195b15.7
si:ch211-195b15.8,sich211195b15.8
si:ch211-195d17.2,sich211195d17.2
si:ch211-195e19.1,sich211195e19.1
si:ch211-195h23.3,sich211195h23.3
si:ch211-195o20.7,sich211195o20.7
si:ch211-196c10.15,sich211196c10.15
si:ch211-196f2.3,sich211196f2.3
si:ch211-196f5.9,sich211196f5.9
si:ch211-196h16.5,sich211196h16.5
si:ch211-196i2.1,sich211196i2.1
si:ch211-196l7.4,sich211196l7.4
si:ch211-196p9.1,sich211196p9.1
si:ch211-197e7.1,sich211197e7.1
si:ch211-197f20.1,sich211197f20.1
si:ch211-197g15.7,sich211197g15.7
si:ch211-197h24.6,sich211197h24.6
si:ch211-197h24.8,sich211197h24.8
si:ch211-197h24.9,sich211197h24.9
si:ch211-198a12.6,sich211198a12.6
si:ch211-198c19.3,sich211198c19.3
si:ch211-198k9.6,sich211198k9.6
si:ch211-198m17.1,sich211198m17.1
si:ch211-198n5.11,sich211198n5.11
si:ch211-199b20.3,sich211199b20.3
si:ch211-199g17.2,sich211199g17.2
si:ch211-199i15.5,sich211199i15.5
si:ch211-199o1.2,sich211199o1.2
si:ch211-1e14.1,sich2111e14.1
si:ch211-1i11.3,sich2111i11.3
si:ch211-1o7.2,sich2111o7.2
si:ch211-1o7.3,sich2111o7.3
si:ch211-200e2.1,sich211200e2.1
si:ch211-200p22.4,sich211200p22.4
si:ch211-201h21.5,sich211201h21.5
si:ch211-201o1.1,sich211201o1.1
si:ch211-202a12.4,sich211202a12.4
si:ch211-202f3.3,sich211202f3.3
si:ch211-202f5.2,sich211202f5.2
si:ch211-202f5.3,sich211202f5.3
si:ch211-202h22.8,sich211202h22.8
si:ch211-203b20.7,sich211203b20.7
si:ch211-203d1.3,sich211203d1.3
si:ch211-204a13.2,sich211204a13.2
si:ch211-204c21.1,sich211204c21.1
si:ch211-206k20.5,sich211206k20.5
si:ch211-207d10.2,sich211207d10.2
si:ch211-207d6.2,sich211207d6.2
si:ch211-207e14.4,sich211207e14.4
si:ch211-207i1.2,sich211207i1.2
si:ch211-207i20.2,sich211207i20.2
si:ch211-207i20.3,sich211207i20.3
si:ch211-207j7.2,sich211207j7.2
si:ch211-207k7.4,sich211207k7.4
si:ch211-207l14.1,sich211207l14.1
si:ch211-208f21.2,sich211208f21.2
si:ch211-208h16.4,sich211208h16.4
si:ch211-209j10.6,sich211209j10.6
si:ch211-209j12.3,sich211209j12.3
si:ch211-209l18.2,sich211209l18.2
si:ch211-209l18.4,sich211209l18.4
si:ch211-209n20.1,sich211209n20.1
si:ch211-210b2.1,sich211210b2.1
si:ch211-210c8.6,sich211210c8.6
si:ch211-210c8.7,sich211210c8.7
si:ch211-210g13.5,sich211210g13.5
si:ch211-212c13.10,sich211212c13.10
si:ch211-212g7.6,sich211212g7.6
si:ch211-212k18.4,sich211212k18.4
si:ch211-212k18.5,sich211212k18.5
si:ch211-212k18.6,sich211212k18.6
si:ch211-212k18.7,sich211212k18.7
si:ch211-212k18.8,sich211212k18.8
si:ch211-212k18.9,sich211212k18.9
si:ch211-212k5.1,sich211212k5.1
si:ch211-212k5.4,sich211212k5.4
si:ch211-212o1.2,sich211212o1.2
si:ch211-213a13.1,sich211213a13.1
si:ch211-213a13.2,sich211213a13.2
si:ch211-213a13.5,sich211213a13.5
si:ch211-213c4.5,sich211213c4.5
si:ch211-213d14.2,sich211213d14.2
si:ch211-214b16.2,sich211214b16.2
si:ch211-214c7.4,sich211214c7.4
si:ch211-214e3.5,sich211214e3.5
si:ch211-214j24.10,sich211214j24.10
si:ch211-214j24.14,sich211214j24.14
si:ch211-214j24.15,sich211214j24.15
si:ch211-214j8.12,sich211214j8.12
si:ch211-214p13.9,sich211214p13.9
si:ch211-214p16.1,sich211214p16.1
si:ch211-214p16.2,sich211214p16.2
si:ch211-215d8.2,sich211215d8.2
si:ch211-215k15.5,sich211215k15.5
si:ch211-216b21.2,sich211216b21.2
si:ch211-216l23.2,sich211216l23.2
si:ch211-217a12.1,sich211217a12.1
si:ch211-217k17.7,sich211217k17.7
si:ch211-217k17.9,sich211217k17.9
si:ch211-218c6.8,sich211218c6.8
si:ch211-218d20.15,sich211218d20.15
si:ch211-218g23.6,sich211218g23.6
si:ch211-218g4.2,sich211218g4.2
si:ch211-218o21.4,sich211218o21.4
si:ch211-219a4.3,sich211219a4.3
si:ch211-219a4.6,sich211219a4.6
si:ch211-220f16.2,sich211220f16.2
si:ch211-220f21.1,sich211220f21.1
si:ch211-220f21.2,sich211220f21.2
si:ch211-221f10.2,sich211221f10.2
si:ch211-221j21.3,sich211221j21.3
si:ch211-222e20.4,sich211222e20.4
si:ch211-222k6.3,sich211222k6.3
si:ch211-222l21.1,sich211222l21.1
si:ch211-222n22.1,sich211222n22.1
si:ch211-223a21.1,sich211223a21.1
si:ch211-223a21.3,sich211223a21.3
si:ch211-223a21.4,sich211223a21.4
si:ch211-225b10.3,sich211225b10.3
si:ch211-225b11.1,sich211225b11.1
si:ch211-225b11.4,sich211225b11.4
si:ch211-225b7.5,sich211225b7.5
si:ch211-225g23.1,sich211225g23.1
si:ch211-225h24.2,sich211225h24.2
si:ch211-226h8.14,sich211226h8.14
si:ch211-226h8.4,sich211226h8.4
si:ch211-226l4.6,sich211226l4.6
si:ch211-226m16.2,sich211226m16.2
si:ch211-226m7.4,sich211226m7.4
si:ch211-226o13.2,sich211226o13.2
si:ch211-227m13.1,sich211227m13.1
si:ch211-227n13.3,sich211227n13.3
si:ch211-229l10.11,sich211229l10.11
si:ch211-229n2.7,sich211229n2.7
si:ch211-22i13.2,sich21122i13.2
si:ch211-22k7.9,sich21122k7.9
si:ch211-230g15.5,sich211230g15.5
si:ch211-231f6.6,sich211231f6.6
si:ch211-232b12.5,sich211232b12.5
si:ch211-232i5.1,sich211232i5.1
si:ch211-232i5.3,sich211232i5.3
si:ch211-232m8.3,sich211232m8.3
si:ch211-233a24.2,sich211233a24.2
si:ch211-234c11.3,sich211234c11.3
si:ch211-235e9.8,sich211235e9.8
si:ch211-235i11.3,sich211235i11.3
si:ch211-235i11.4,sich211235i11.4
si:ch211-235i11.5,sich211235i11.5
si:ch211-235m3.10,sich211235m3.10
si:ch211-237l4.6,sich211237l4.6
si:ch211-238e22.4,sich211238e22.4
si:ch211-238n5.4,sich211238n5.4
si:ch211-239f4.6,sich211239f4.6
si:ch211-239j9.1,sich211239j9.1
si:ch211-240l19.5,sich211240l19.5
si:ch211-241b2.1,sich211241b2.1
si:ch211-241d21.5,sich211241d21.5
si:ch211-241e1.3,sich211241e1.3
si:ch211-241e1.5,sich211241e1.5
si:ch211-241f5.3,sich211241f5.3
si:ch211-241j12.3,sich211241j12.3
si:ch211-242b18.1,sich211242b18.1
si:ch211-243a20.3,sich211243a20.3
si:ch211-243a20.4,sich211243a20.4
si:ch211-243g18.2,sich211243g18.2
si:ch211-243j20.2,sich211243j20.2
si:ch211-243p7.3,sich211243p7.3
si:ch211-244b2.3,sich211244b2.3
si:ch211-244b2.4,sich211244b2.4
si:ch211-244c8.4,sich211244c8.4
si:ch211-244o22.2,sich211244o22.2
si:ch211-245h14.1,sich211245h14.1
si:ch211-245j22.3,sich211245j22.3
si:ch211-245n8.4,sich211245n8.4
si:ch211-246i5.5,sich211246i5.5
si:ch211-246m6.5,sich211246m6.5
si:ch211-247j9.1,sich211247j9.1
si:ch211-247n2.1,sich211247n2.1
si:ch211-248a14.8,sich211248a14.8
si:ch211-248e11.2,sich211248e11.2
si:ch211-24o8.4,sich21124o8.4
si:ch211-250c4.4,sich211250c4.4
si:ch211-250c4.5,sich211250c4.5
si:ch211-251b21.1,sich211251b21.1
si:ch211-251f6.6,sich211251f6.6
si:ch211-251p5.5,sich211251p5.5
si:ch211-253b8.2,sich211253b8.2
si:ch211-253b8.5,sich211253b8.5
si:ch211-253p18.2,sich211253p18.2
si:ch211-253p2.2,sich211253p2.2
si:ch211-254n4.3,sich211254n4.3
si:ch211-255f4.7,sich211255f4.7
si:ch211-255g12.8,sich211255g12.8
si:ch211-255i3.4,sich211255i3.4
si:ch211-255p10.3,sich211255p10.3
si:ch211-256a21.4,sich211256a21.4
si:ch211-256e16.3,sich211256e16.3
si:ch211-258f1.3,sich211258f1.3
si:ch211-258f14.2,sich211258f14.2
si:ch211-259g3.4,sich211259g3.4
si:ch211-260e23.9,sich211260e23.9
si:ch211-260p9.3,sich211260p9.3
si:ch211-261d7.3,sich211261d7.3
si:ch211-261d7.6,sich211261d7.6
si:ch211-261n11.5,sich211261n11.5
si:ch211-261n11.7,sich211261n11.7
si:ch211-261p9.4,sich211261p9.4
si:ch211-262e15.1,sich211262e15.1
si:ch211-262h13.3,sich211262h13.3
si:ch211-262i1.3,sich211262i1.3
si:ch211-262i1.5,sich211262i1.5
si:ch211-262i1.6,sich211262i1.6
si:ch211-264e16.1,sich211264e16.1
si:ch211-264f5.2,sich211264f5.2
si:ch211-264f5.6,sich211264f5.6
si:ch211-265o23.1,sich211265o23.1
si:ch211-266c8.1,sich211266c8.1
si:ch211-266d19.4,sich211266d19.4
si:ch211-266g18.10,sich211266g18.10
si:ch211-266g18.6,sich211266g18.6
si:ch211-266i6.3,sich211266i6.3
si:ch211-266k8.4,sich211266k8.4
si:ch211-266o15.1,sich211266o15.1
si:ch211-267e7.3,sich211267e7.3
si:ch211-269c21.2,sich211269c21.2
si:ch211-269k10.2,sich211269k10.2
si:ch211-26b3.4,sich21126b3.4
si:ch211-270g19.5,sich211270g19.5
si:ch211-271b14.1,sich211271b14.1
si:ch211-271d10.2,sich211271d10.2
si:ch211-272n13.3,sich211272n13.3
si:ch211-275j6.5,sich211275j6.5
si:ch211-276c2.4,sich211276c2.4
si:ch211-276i12.11,sich211276i12.11
si:ch211-276i12.9,sich211276i12.9
si:ch211-277c7.7,sich211277c7.7
si:ch211-278a6.1,sich211278a6.1
si:ch211-278j3.3,sich211278j3.3
si:ch211-278p9.1,sich211278p9.1
si:ch211-281g13.5,sich211281g13.5
si:ch211-281l24.3,sich211281l24.3
si:ch211-282b22.1,sich211282b22.1
si:ch211-282j22.3,sich211282j22.3
si:ch211-282k23.2,sich211282k23.2
si:ch211-283h6.4,sich211283h6.4
si:ch211-284b7.3,sich211284b7.3
si:ch211-284e13.5,sich211284e13.5
si:ch211-284e13.6,sich211284e13.6
si:ch211-284f22.3,sich211284f22.3
si:ch211-284o19.8,sich211284o19.8
si:ch211-285c6.4,sich211285c6.4
si:ch211-285f17.1,sich211285f17.1
si:ch211-286b4.4,sich211286b4.4
si:ch211-286b5.2,sich211286b5.2
si:ch211-286b5.5,sich211286b5.5
si:ch211-286b5.6,sich211286b5.6
si:ch211-286b5.8,sich211286b5.8
si:ch211-286b5.9,sich211286b5.9
si:ch211-286o17.1,sich211286o17.1
si:ch211-288d18.1,sich211288d18.1
si:ch211-288g17.3,sich211288g17.3
si:ch211-28p3.4,sich21128p3.4
si:ch211-33e4.3,sich21133e4.3
si:ch211-37e10.2,sich21137e10.2
si:ch211-39a7.1,sich21139a7.1
si:ch211-39k3.2,sich21139k3.2
si:ch211-40k21.5,sich21140k21.5
si:ch211-40k21.9,sich21140k21.9
si:ch211-51a6.2,sich21151a6.2
si:ch211-51c14.1,sich21151c14.1
si:ch211-51e12.7,sich21151e12.7
si:ch211-51h9.6,sich21151h9.6
si:ch211-51h9.7,sich21151h9.7
si:ch211-53m15.1,sich21153m15.1
si:ch211-56a11.2,sich21156a11.2
si:ch211-57h10.1,sich21157h10.1
si:ch211-59d15.9,sich21159d15.9
si:ch211-59h6.1,sich21159h6.1
si:ch211-59o9.10,sich21159o9.10
si:ch211-63o20.7,sich21163o20.7
si:ch211-63p21.1,sich21163p21.1
si:ch211-66e2.3,sich21166e2.3
si:ch211-66e2.5,sich21166e2.5
si:ch211-66k16.27,sich21166k16.27
si:ch211-66k16.28,sich21166k16.28
si:ch211-67e16.11,sich21167e16.11
si:ch211-67e16.3,sich21167e16.3
si:ch211-67e16.4,sich21167e16.4
si:ch211-68a17.7,sich21168a17.7
si:ch211-69b22.5,sich21169b22.5
si:ch211-69b7.6,sich21169b7.6
si:ch211-69g19.2,sich21169g19.2
si:ch211-69l10.4,sich21169l10.4
si:ch211-71k14.1,sich21171k14.1
si:ch211-71m22.1,sich21171m22.1
si:ch211-71m22.3,sich21171m22.3
si:ch211-71n6.4,sich21171n6.4
si:ch211-74f19.2,sich21174f19.2
si:ch211-76m11.5,sich21176m11.5
si:ch211-79g12.1,sich21179g12.1
si:ch211-79k12.1,sich21179k12.1
si:ch211-79k12.2,sich21179k12.2
si:ch211-79l17.1,sich21179l17.1
si:ch211-80h18.1,sich21180h18.1
si:ch211-81a5.8,sich21181a5.8
si:ch211-85n16.3,sich21185n16.3
si:ch211-85n16.4,sich21185n16.4
si:ch211-86h15.1,sich21186h15.1
si:ch211-87j1.4,sich21187j1.4
si:ch211-87m7.2,sich21187m7.2
si:ch211-89o9.6,sich21189o9.6
si:ch211-8c17.2,sich2118c17.2
si:ch211-91p5.3,sich21191p5.3
si:ch211-93g21.2,sich21193g21.2
si:ch211-95j8.2,sich21195j8.2
si:ch211-98n17.5,sich21198n17.5
si:ch73-100l22.3,sich73100l22.3
si:ch73-103b9.2,sich73103b9.2
si:ch73-109d9.1,sich73109d9.1
si:ch73-109d9.2,sich73109d9.2
si:ch73-109d9.3,sich73109d9.3
si:ch73-111k22.2,sich73111k22.2
si:ch73-112l6.1,sich73112l6.1
si:ch73-119p20.1,sich73119p20.1
si:ch73-120g24.4,sich73120g24.4
si:ch73-127m5.2,sich73127m5.2
si:ch73-12o23.1,sich7312o23.1
si:ch73-130a3.4,sich73130a3.4
si:ch73-132f6.5,sich73132f6.5
si:ch73-138e16.3,sich73138e16.3
si:ch73-138e16.6,sich73138e16.6
si:ch73-138n13.1,sich73138n13.1
si:ch73-141c7.1,sich73141c7.1
si:ch73-142c19.1,sich73142c19.1
si:ch73-144d13.4,sich73144d13.4
si:ch73-144d13.5,sich73144d13.5
si:ch73-144l3.1,sich73144l3.1
si:ch73-147f11.1,sich73147f11.1
si:ch73-147o17.1,sich73147o17.1
si:ch73-158p21.2,sich73158p21.2
si:ch73-158p21.3,sich73158p21.3
si:ch73-15b2.5,sich7315b2.5
si:ch73-160h15.3,sich73160h15.3
si:ch73-160p18.3,sich73160p18.3
si:ch73-167f10.1,sich73167f10.1
si:ch73-170d6.3,sich73170d6.3
si:ch73-173p19.1,sich73173p19.1
si:ch73-174h16.4,sich73174h16.4
si:ch73-181d5.4,sich73181d5.4
si:ch73-18b11.2,sich7318b11.2
si:ch73-193c12.2,sich73193c12.2
si:ch73-194h10.2,sich73194h10.2
si:ch73-196i15.3,sich73196i15.3
si:ch73-199g24.2,sich73199g24.2
si:ch73-1a9.3,sich731a9.3
si:ch73-1a9.4,sich731a9.4
si:ch73-204p21.2,sich73204p21.2
si:ch73-208g10.1,sich73208g10.1
si:ch73-211l13.2,sich73211l13.2
si:ch73-212j7.3,sich73212j7.3
si:ch73-215f7.1,sich73215f7.1
si:ch73-217b7.1,sich73217b7.1
si:ch73-21g5.7,sich7321g5.7
si:ch73-21k16.4,sich7321k16.4
si:ch73-221f6.1,sich73221f6.1
si:ch73-221f6.3,sich73221f6.3
si:ch73-22o12.1,sich7322o12.1
si:ch73-233f7.1,sich73233f7.1
si:ch73-234b20.5,sich73234b20.5
si:ch73-236c18.8,sich73236c18.8
si:ch73-236c18.9,sich73236c18.9
si:ch73-237c6.1,sich73237c6.1
si:ch73-238c9.1,sich73238c9.1
si:ch73-242m19.1,sich73242m19.1
si:ch73-248e21.1,sich73248e21.1
si:ch73-248e21.5,sich73248e21.5
si:ch73-248e21.7,sich73248e21.7
si:ch73-249k16.4,sich73249k16.4
si:ch73-252i11.1,sich73252i11.1
si:ch73-252p3.1,sich73252p3.1
si:ch73-257c13.2,sich73257c13.2
si:ch73-25f10.6,sich7325f10.6
si:ch73-263o4.4,sich73263o4.4
si:ch73-264p11.1,sich73264p11.1
si:ch73-265d7.2,sich73265d7.2
si:ch73-266f23.1,sich73266f23.1
si:ch73-266f23.3,sich73266f23.3
si:ch73-269m14.2,sich73269m14.2
si:ch73-269m23.5,sich73269m23.5
si:ch73-278m9.1,sich73278m9.1
si:ch73-27e22.8,sich7327e22.8
si:ch73-280o22.2,sich73280o22.2
si:ch73-281n10.2,sich73281n10.2
si:ch73-287m6.1,sich73287m6.1
si:ch73-28h20.1,sich7328h20.1
si:ch73-290k24.5,sich73290k24.5
si:ch73-296e2.3,sich73296e2.3
si:ch73-299h12.2,sich73299h12.2
si:ch73-299h12.3,sich73299h12.3
si:ch73-299h12.6,sich73299h12.6
si:ch73-299h12.8,sich73299h12.8
si:ch73-304f21.1,sich73304f21.1
si:ch73-305o9.3,sich73305o9.3
si:ch73-308l14.2,sich73308l14.2
si:ch73-308m11.1,sich73308m11.1
si:ch73-311h14.2,sich73311h14.2
si:ch73-314g15.3,sich73314g15.3
si:ch73-31d8.2,sich7331d8.2
si:ch73-334d15.1,sich73334d15.1
si:ch73-335l21.1,sich73335l21.1
si:ch73-335l21.4,sich73335l21.4
si:ch73-340n8.4,sich73340n8.4
si:ch73-341k19.1,sich73341k19.1
si:ch73-343l4.1,sich73343l4.1
si:ch73-343l4.2,sich73343l4.2
si:ch73-343l4.8,sich73343l4.8
si:ch73-347e22.4,sich73347e22.4
si:ch73-347e22.8,sich73347e22.8
si:ch73-352p18.4,sich73352p18.4
si:ch73-352p4.5,sich73352p4.5
si:ch73-352p4.8,sich73352p4.8
si:ch73-359m17.2,sich73359m17.2
si:ch73-359m17.7,sich73359m17.7
si:ch73-359m17.9,sich73359m17.9
si:ch73-361h17.1,sich73361h17.1
si:ch73-364h19.1,sich73364h19.1
si:ch73-366i20.1,sich73366i20.1
si:ch73-366l1.5,sich73366l1.5
si:ch73-367f21.4,sich73367f21.4
si:ch73-367f21.5,sich73367f21.5
si:ch73-367p23.2,sich73367p23.2
si:ch73-368j24.11,sich73368j24.11
si:ch73-368j24.12,sich73368j24.12
si:ch73-375g18.1,sich73375g18.1
si:ch73-376l24.2,sich73376l24.2
si:ch73-376l24.3,sich73376l24.3
si:ch73-376l24.6,sich73376l24.6
si:ch73-37h15.2,sich7337h15.2
si:ch73-380l10.2,sich73380l10.2
si:ch73-382f3.1,sich73382f3.1
si:ch73-383g2.1,sich73383g2.1
si:ch73-386h18.1,sich73386h18.1
si:ch73-389b16.2,sich73389b16.2
si:ch73-389k6.1,sich73389k6.1
si:ch73-390p7.2,sich73390p7.2
si:ch73-40i7.5,sich7340i7.5
si:ch73-42k18.1,sich7342k18.1
si:ch73-42p12.2,sich7342p12.2
si:ch73-43g23.1,sich7343g23.1
si:ch73-44m9.2,sich7344m9.2
si:ch73-46j18.5,sich7346j18.5
si:ch73-49o8.1,sich7349o8.1
si:ch73-52e5.1,sich7352e5.1
si:ch73-52f15.5,sich7352f15.5
si:ch73-59f11.3,sich7359f11.3
si:ch73-63e15.2,sich7363e15.2
si:ch73-6l19.2,sich736l19.2
si:ch73-70c5.1,sich7370c5.1
si:ch73-71c20.5,sich7371c20.5
si:ch73-71d17.2,sich7371d17.2
si:ch73-74h11.1,sich7374h11.1
si:ch73-78o10.1,sich7378o10.1
si:ch73-86n18.1,sich7386n18.1
si:ch73-90p23.1,sich7390p23.1
si:ch73-91k6.2,sich7391k6.2
si:ch73-92e7.4,sich7392e7.4
si:ch73-92e7.6,sich7392e7.6
si:ch73-95l15.3,sich7395l15.3
si:ch73-95l15.5,sich7395l15.5
si:dkey-100n23.3,sidkey100n23.3
si:dkey-100n23.5,sidkey100n23.5
si:dkey-102c8.3,sidkey102c8.3
si:dkey-102f14.5,sidkey102f14.5
si:dkey-102g19.3,sidkey102g19.3
si:dkey-102m7.3,sidkey102m7.3
si:dkey-103d23.5,sidkey103d23.5
si:dkey-103e21.5,sidkey103e21.5
si:dkey-103i16.6,sidkey103i16.6
si:dkey-104n9.1,sidkey104n9.1
si:dkey-105i14.1,sidkey105i14.1
si:dkey-106c17.2,sidkey106c17.2
si:dkey-106g10.7,sidkey106g10.7
si:dkey-106n21.1,sidkey106n21.1
si:dkey-108k21.10,sidkey108k21.10
si:dkey-108k21.14,sidkey108k21.14
si:dkey-108k21.21,sidkey108k21.21
si:dkey-108k21.24,sidkey108k21.24
si:dkey-109a10.2,sidkey109a10.2
si:dkey-109l4.3,sidkey109l4.3
si:dkey-10f21.4,sidkey10f21.4
si:dkey-10f23.2,sidkey10f23.2
si:dkey-10o6.2,sidkey10o6.2
si:dkey-10p5.10,sidkey10p5.10
si:dkey-110c1.10,sidkey110c1.10
si:dkey-110g7.8,sidkey110g7.8
si:dkey-111e8.1,sidkey111e8.1
si:dkey-111k8.2,sidkey111k8.2
si:dkey-111k8.3,sidkey111k8.3
si:dkey-111k8.5,sidkey111k8.5
si:dkey-112a7.4,sidkey112a7.4
si:dkey-112m2.1,sidkey112m2.1
si:dkey-114c15.5,sidkey114c15.5
si:dkey-117a8.1,sidkey117a8.1
si:dkey-117m1.4,sidkey117m1.4
si:dkey-117n7.2,sidkey117n7.2
si:dkey-117n7.3,sidkey117n7.3
si:dkey-117n7.4,sidkey117n7.4
si:dkey-117n7.5,sidkey117n7.5
si:dkey-118j18.2,sidkey118j18.2
si:dkey-119f1.1,sidkey119f1.1
si:dkey-11c5.11,sidkey11c5.11
si:dkey-11f4.16,sidkey11f4.16
si:dkey-11f4.20,sidkey11f4.20
si:dkey-121a11.3,sidkey121a11.3
si:dkey-121a9.3,sidkey121a9.3
si:dkey-121j17.5,sidkey121j17.5
si:dkey-121j17.6,sidkey121j17.6
si:dkey-122a22.2,sidkey122a22.2
si:dkey-122c11.1,sidkey122c11.1
si:dkey-122c11.8,sidkey122c11.8
si:dkey-124l13.1,sidkey124l13.1
si:dkey-125i10.3,sidkey125i10.3
si:dkey-126g1.9,sidkey126g1.9
si:dkey-12e7.1,sidkey12e7.1
si:dkey-12h9.6,sidkey12h9.6
si:dkey-12j5.1,sidkey12j5.1
si:dkey-12l12.1,sidkey12l12.1
si:dkey-13a21.4,sidkey13a21.4
si:dkey-13i19.8,sidkey13i19.8
si:dkey-13m3.2,sidkey13m3.2
si:dkey-13n23.3,sidkey13n23.3
si:dkey-145p14.5,sidkey145p14.5
si:dkey-147f3.4,sidkey147f3.4
si:dkey-147f3.8,sidkey147f3.8
si:dkey-148a17.6,sidkey148a17.6
si:dkey-148f10.4,sidkey148f10.4
si:dkey-148h10.5,sidkey148h10.5
si:dkey-149m13.5,sidkey149m13.5
si:dkey-14d8.1,sidkey14d8.1
si:dkey-14d8.20,sidkey14d8.20
si:dkey-14d8.6,sidkey14d8.6
si:dkey-14d8.7,sidkey14d8.7
si:dkey-14o18.6,sidkey14o18.6
si:dkey-151g10.3,sidkey151g10.3
si:dkey-153k10.9,sidkey153k10.9
si:dkey-154b15.1,sidkey154b15.1
si:dkey-154p10.3,sidkey154p10.3
si:dkey-156k2.3,sidkey156k2.3
si:dkey-156n14.5,sidkey156n14.5
si:dkey-157g16.6,sidkey157g16.6
si:dkey-159a18.1,sidkey159a18.1
si:dkey-159f12.2,sidkey159f12.2
si:dkey-159n16.2,sidkey159n16.2
si:dkey-15h8.15,sidkey15h8.15
si:dkey-15h8.16,sidkey15h8.16
si:dkey-160o24.3,sidkey160o24.3
si:dkey-161j23.5,sidkey161j23.5
si:dkey-163f12.6,sidkey163f12.6
si:dkey-163f14.6,sidkey163f14.6
si:dkey-163m14.7,sidkey163m14.7
si:dkey-164f24.2,sidkey164f24.2
si:dkey-165a24.10,sidkey165a24.10
si:dkey-165n16.1,sidkey165n16.1
si:dkey-166d12.2,sidkey166d12.2
si:dkey-167i21.2,sidkey167i21.2
si:dkey-169i5.4,sidkey169i5.4
si:dkey-16l2.16,sidkey16l2.16
si:dkey-16l2.17,sidkey16l2.17
si:dkey-16l2.20,sidkey16l2.20
si:dkey-16p19.5,sidkey16p19.5
si:dkey-16p21.7,sidkey16p21.7
si:dkey-16p21.8,sidkey16p21.8
si:dkey-170l10.1,sidkey170l10.1
si:dkey-171c9.3,sidkey171c9.3
si:dkey-172h23.2,sidkey172h23.2
si:dkey-172j4.3,sidkey172j4.3
si:dkey-172k15.11,sidkey172k15.11
si:dkey-172k15.3,sidkey172k15.3
si:dkey-172k15.4,sidkey172k15.4
si:dkey-174i8.1,sidkey174i8.1
si:dkey-174n20.1,sidkey174n20.1
si:dkey-175m17.7,sidkey175m17.7
si:dkey-177p2.18,sidkey177p2.18
si:dkey-177p2.6,sidkey177p2.6
si:dkey-178e17.3,sidkey178e17.3
si:dkey-178k16.1,sidkey178k16.1
si:dkey-17e16.10,sidkey17e16.10
si:dkey-17m8.1,sidkey17m8.1
si:dkey-17m8.2,sidkey17m8.2
si:dkey-17o15.2,sidkey17o15.2
si:dkey-180p18.9,sidkey180p18.9
si:dkey-182g1.2,sidkey182g1.2
si:dkey-182i3.10,sidkey182i3.10
si:dkey-182i3.8,sidkey182i3.8
si:dkey-182i3.9,sidkey182i3.9
si:dkey-183c6.8,sidkey183c6.8
si:dkey-183i3.6,sidkey183i3.6
si:dkey-184a18.5,sidkey184a18.5
si:dkey-184p18.2,sidkey184p18.2
si:dkey-184p9.7,sidkey184p9.7
si:dkey-185e18.7,sidkey185e18.7
si:dkey-185m8.2,sidkey185m8.2
si:dkey-187i8.2,sidkey187i8.2
si:dkey-187j14.4,sidkey187j14.4
si:dkey-188h10.3,sidkey188h10.3
si:dkey-188i13.10,sidkey188i13.10
si:dkey-188i13.11,sidkey188i13.11
si:dkey-188i13.7,sidkey188i13.7
si:dkey-18j18.3,sidkey18j18.3
si:dkey-190g11.3,sidkey190g11.3
si:dkey-190g6.2,sidkey190g6.2
si:dkey-190j3.6,sidkey190j3.6
si:dkey-190l8.2,sidkey190l8.2
si:dkey-192g7.3,sidkey192g7.3
si:dkey-193c22.1,sidkey193c22.1
si:dkey-193c22.2,sidkey193c22.2
si:dkey-193p11.2,sidkey193p11.2
si:dkey-194e6.1,sidkey194e6.1
si:dkey-194g4.1,sidkey194g4.1
si:dkey-195m11.11,sidkey195m11.11
si:dkey-195m11.8,sidkey195m11.8
si:dkey-196j8.2,sidkey196j8.2
si:dkey-197c15.6,sidkey197c15.6
si:dkey-197i20.6,sidkey197i20.6
si:dkey-199f5.8,sidkey199f5.8
si:dkey-199m13.4,sidkey199m13.4
si:dkey-19a16.13,sidkey19a16.13
si:dkey-19a16.2,sidkey19a16.2
si:dkey-19a16.7,sidkey19a16.7
si:dkey-19b23.11,sidkey19b23.11
si:dkey-19b23.12,sidkey19b23.12
si:dkey-19b23.13,sidkey19b23.13
si:dkey-19b23.14,sidkey19b23.14
si:dkey-19b23.8,sidkey19b23.8
si:dkey-19e4.5,sidkey19e4.5
si:dkey-1b17.9,sidkey1b17.9
si:dkey-1c11.1,sidkey1c11.1
si:dkey-1h24.6,sidkey1h24.6
si:dkey-1h4.4,sidkey1h4.4
si:dkey-200l5.4,sidkey200l5.4
si:dkey-201g16.1,sidkey201g16.1
si:dkey-201g16.5,sidkey201g16.5
si:dkey-202b22.6,sidkey202b22.6
si:dkey-202c14.3,sidkey202c14.3
si:dkey-202e22.2,sidkey202e22.2
si:dkey-202l16.5,sidkey202l16.5
si:dkey-204f11.64,sidkey204f11.64
si:dkey-205h13.2,sidkey205h13.2
si:dkey-206d17.12,sidkey206d17.12
si:dkey-206f10.1,sidkey206f10.1
si:dkey-207b20.2,sidkey207b20.2
si:dkey-208b23.5,sidkey208b23.5
si:dkey-208c12.2,sidkey208c12.2
si:dkey-208k22.6,sidkey208k22.6
si:dkey-209n16.2,sidkey209n16.2
si:dkey-20d21.12,sidkey20d21.12
si:dkey-20i10.7,sidkey20i10.7
si:dkey-20i20.2,sidkey20i20.2
si:dkey-20i20.3,sidkey20i20.3
si:dkey-20i20.7,sidkey20i20.7
si:dkey-20i20.9,sidkey20i20.9
si:dkey-210j14.4,sidkey210j14.4
si:dkey-210j14.5,sidkey210j14.5
si:dkey-211f22.5,sidkey211f22.5
si:dkey-217d24.6,sidkey217d24.6
si:dkey-217l24.1,sidkey217l24.1
si:dkey-218f9.10,sidkey218f9.10
si:dkey-219c3.2,sidkey219c3.2
si:dkey-219e21.2,sidkey219e21.2
si:dkey-21a6.5,sidkey21a6.5
si:dkey-21c1.1,sidkey21c1.1
si:dkey-21c1.8,sidkey21c1.8
si:dkey-21c19.3,sidkey21c19.3
si:dkey-21h14.8,sidkey21h14.8
si:dkey-21p1.3,sidkey21p1.3
si:dkey-220f10.4,sidkey220f10.4
si:dkey-221j11.3,sidkey221j11.3
si:dkey-222b8.1,sidkey222b8.1
si:dkey-222b8.4,sidkey222b8.4
si:dkey-222f2.1,sidkey222f2.1
si:dkey-222f8.3,sidkey222f8.3
si:dkey-222n6.2,sidkey222n6.2
si:dkey-225k4.1,sidkey225k4.1
si:dkey-226l10.6,sidkey226l10.6
si:dkey-228a15.1,sidkey228a15.1
si:dkey-228d14.5,sidkey228d14.5
si:dkey-229b18.3,sidkey229b18.3
si:dkey-229d11.3,sidkey229d11.3
si:dkey-229d11.5,sidkey229d11.5
si:dkey-229d2.4,sidkey229d2.4
si:dkey-229e3.2,sidkey229e3.2
si:dkey-22a18.2,sidkey22a18.2
si:dkey-22h13.2,sidkey22h13.2
si:dkey-22i16.2,sidkey22i16.2
si:dkey-22i16.9,sidkey22i16.9
si:dkey-22l11.6,sidkey22l11.6
si:dkey-22n8.3,sidkey22n8.3
si:dkey-22o12.2,sidkey22o12.2
si:dkey-22o22.2,sidkey22o22.2
si:dkey-230p4.1,sidkey230p4.1
si:dkey-234h16.7,sidkey234h16.7
si:dkey-234i14.2,sidkey234i14.2
si:dkey-235d18.5,sidkey235d18.5
si:dkey-237j10.2,sidkey237j10.2
si:dkey-238c7.16,sidkey238c7.16
si:dkey-238d18.4,sidkey238d18.4
si:dkey-238i5.2,sidkey238i5.2
si:dkey-238k10.3,sidkey238k10.3
si:dkey-238o13.4,sidkey238o13.4
si:dkey-239h2.3,sidkey239h2.3
si:dkey-239i20.2,sidkey239i20.2
si:dkey-239i20.4,sidkey239i20.4
si:dkey-239j18.2,sidkey239j18.2
si:dkey-239j18.3,sidkey239j18.3
si:dkey-239n17.4,sidkey239n17.4
si:dkey-23a13.17,sidkey23a13.17
si:dkey-23a13.21,sidkey23a13.21
si:dkey-23a13.22,sidkey23a13.22
si:dkey-23a13.9,sidkey23a13.9
si:dkey-23a23.2,sidkey23a23.2
si:dkey-23a23.3,sidkey23a23.3
si:dkey-23c22.5,sidkey23c22.5
si:dkey-23c22.9,sidkey23c22.9
si:dkey-23f9.4,sidkey23f9.4
si:dkey-23i12.5,sidkey23i12.5
si:dkey-23i12.7,sidkey23i12.7
si:dkey-23k10.5,sidkey23k10.5
si:dkey-23o4.6,sidkey23o4.6
si:dkey-240e12.6,sidkey240e12.6
si:dkey-240h12.3,sidkey240h12.3
si:dkey-240h12.4,sidkey240h12.4
si:dkey-240n22.6,sidkey240n22.6
si:dkey-240n22.8,sidkey240n22.8
si:dkey-241l7.4,sidkey241l7.4
si:dkey-243i1.1,sidkey243i1.1
si:dkey-243k1.3,sidkey243k1.3
si:dkey-244a7.1,sidkey244a7.1
si:dkey-246g23.2,sidkey246g23.2
si:dkey-246j7.1,sidkey246j7.1
si:dkey-247i3.5,sidkey247i3.5
si:dkey-247i3.6,sidkey247i3.6
si:dkey-247k7.2,sidkey247k7.2
si:dkey-248g15.3,sidkey248g15.3
si:dkey-248g21.1,sidkey248g21.1
si:dkey-24i24.3,sidkey24i24.3
si:dkey-24l11.2,sidkey24l11.2
si:dkey-24p1.6,sidkey24p1.6
si:dkey-24p1.7,sidkey24p1.7
si:dkey-250d21.1,sidkey250d21.1
si:dkey-250i3.3,sidkey250i3.3
si:dkey-250k15.4,sidkey250k15.4
si:dkey-251i10.2,sidkey251i10.2
si:dkey-251i10.3,sidkey251i10.3
si:dkey-253d23.2,sidkey253d23.2
si:dkey-253d23.3,sidkey253d23.3
si:dkey-253d23.4,sidkey253d23.4
si:dkey-253d23.5,sidkey253d23.5
si:dkey-253d23.8,sidkey253d23.8
si:dkey-253d23.9,sidkey253d23.9
si:dkey-253i9.4,sidkey253i9.4
si:dkey-254e13.6,sidkey254e13.6
si:dkey-256e7.5,sidkey256e7.5
si:dkey-256h2.1,sidkey256h2.1
si:dkey-256i11.2,sidkey256i11.2
si:dkey-258f14.3,sidkey258f14.3
si:dkey-25e12.3,sidkey25e12.3
si:dkey-25o1.7,sidkey25o1.7
si:dkey-25o16.4,sidkey25o16.4
si:dkey-260c8.8,sidkey260c8.8
si:dkey-260g12.1,sidkey260g12.1
si:dkey-260j18.2,sidkey260j18.2
si:dkey-261h17.1,sidkey261h17.1
si:dkey-261j15.2,sidkey261j15.2
si:dkey-261j4.3,sidkey261j4.3
si:dkey-261j4.4,sidkey261j4.4
si:dkey-261l7.2,sidkey261l7.2
si:dkey-261m9.12,sidkey261m9.12
si:dkey-261m9.19,sidkey261m9.19
si:dkey-261m9.6,sidkey261m9.6
si:dkey-261p22.1,sidkey261p22.1
si:dkey-262g12.10,sidkey262g12.10
si:dkey-262g12.12,sidkey262g12.12
si:dkey-262g12.14,sidkey262g12.14
si:dkey-262g12.3,sidkey262g12.3
si:dkey-262g12.7,sidkey262g12.7
si:dkey-262k9.2,sidkey262k9.2
si:dkey-262k9.4,sidkey262k9.4
si:dkey-264d12.1,sidkey264d12.1
si:dkey-264d12.5,sidkey264d12.5
si:dkey-264f17.4,sidkey264f17.4
si:dkey-264f17.5,sidkey264f17.5
si:dkey-266m15.6,sidkey266m15.6
si:dkey-266m15.7,sidkey266m15.7
si:dkey-267n13.1,sidkey267n13.1
si:dkey-269i1.4,sidkey269i1.4
si:dkey-269o24.6,sidkey269o24.6
si:dkey-26c10.5,sidkey26c10.5
si:dkey-26g8.4,sidkey26g8.4
si:dkey-26g8.5,sidkey26g8.5
si:dkey-26i13.8,sidkey26i13.8
si:dkey-26i24.1,sidkey26i24.1
si:dkey-271j15.3,sidkey271j15.3
si:dkey-274m17.3,sidkey274m17.3
si:dkey-276j7.1,sidkey276j7.1
si:dkey-27b3.2,sidkey27b3.2
si:dkey-27c15.3,sidkey27c15.3
si:dkey-27h10.2,sidkey27h10.2
si:dkey-27i16.2,sidkey27i16.2
si:dkey-27n6.4,sidkey27n6.4
si:dkey-27p18.5,sidkey27p18.5
si:dkey-27p23.3,sidkey27p23.3
si:dkey-280e21.3,sidkey280e21.3
si:dkey-283b15.2,sidkey283b15.2
si:dkey-285b23.3,sidkey285b23.3
si:dkey-286j15.1,sidkey286j15.1
si:dkey-286j15.3,sidkey286j15.3
si:dkey-287g12.6,sidkey287g12.6
si:dkey-28a3.2,sidkey28a3.2
si:dkey-28b4.7,sidkey28b4.7
si:dkey-28b4.8,sidkey28b4.8
si:dkey-28e7.3,sidkey28e7.3
si:dkey-28g23.6,sidkey28g23.6
si:dkey-28n18.9,sidkey28n18.9
si:dkey-29d8.3,sidkey29d8.3
si:dkey-29h14.10,sidkey29h14.10
si:dkey-29j8.2,sidkey29j8.2
si:dkey-30c15.10,sidkey30c15.10
si:dkey-30f3.2,sidkey30f3.2
si:dkey-30j22.1,sidkey30j22.1
si:dkey-30k6.5,sidkey30k6.5
si:dkey-31c13.1,sidkey31c13.1
si:dkey-31f5.11,sidkey31f5.11
si:dkey-31f5.8,sidkey31f5.8
si:dkey-31g6.4,sidkey31g6.4
si:dkey-31g6.6,sidkey31g6.6
si:dkey-32e23.4,sidkey32e23.4
si:dkey-32n7.4,sidkey32n7.4
si:dkey-33c12.3,sidkey33c12.3
si:dkey-33c12.4,sidkey33c12.4
si:dkey-33c14.7,sidkey33c14.7
si:dkey-33c9.6,sidkey33c9.6
si:dkey-33i11.1,sidkey33i11.1
si:dkey-33i11.4,sidkey33i11.4
si:dkey-34d22.1,sidkey34d22.1
si:dkey-34d22.5,sidkey34d22.5
si:dkey-34e4.1,sidkey34e4.1
si:dkey-34l15.1,sidkey34l15.1
si:dkey-34m19.3,sidkey34m19.3
si:dkey-35i13.1,sidkey35i13.1
si:dkey-35m8.1,sidkey35m8.1
si:dkey-36i7.3,sidkey36i7.3
si:dkey-38l22.2,sidkey38l22.2
si:dkey-38p12.3,sidkey38p12.3
si:dkey-39a18.1,sidkey39a18.1
si:dkey-3d4.3,sidkey3d4.3
si:dkey-3h3.3,sidkey3h3.3
si:dkey-3k24.5,sidkey3k24.5
si:dkey-3p4.8,sidkey3p4.8
si:dkey-40c11.2,sidkey40c11.2
si:dkey-40h20.1,sidkey40h20.1
si:dkey-40m6.8,sidkey40m6.8
si:dkey-42i9.4,sidkey42i9.4
si:dkey-42i9.6,sidkey42i9.6
si:dkey-42i9.8,sidkey42i9.8
si:dkey-42l23.7,sidkey42l23.7
si:dkey-42p14.3,sidkey42p14.3
si:dkey-43f9.4,sidkey43f9.4
si:dkey-43k4.5,sidkey43k4.5
si:dkey-43p13.5,sidkey43p13.5
si:dkey-44g23.5,sidkey44g23.5
si:dkey-45h7.1,sidkey45h7.1
si:dkey-45k15.1,sidkey45k15.1
si:dkey-46a10.3,sidkey46a10.3
si:dkey-46g23.1,sidkey46g23.1
si:dkey-46g23.2,sidkey46g23.2
si:dkey-48p11.3,sidkey48p11.3
si:dkey-49n23.1,sidkey49n23.1
si:dkey-4c15.13,sidkey4c15.13
si:dkey-4c23.5,sidkey4c23.5
si:dkey-4e4.1,sidkey4e4.1
si:dkey-4e7.3,sidkey4e7.3
si:dkey-4i23.5,sidkey4i23.5
si:dkey-4p15.3,sidkey4p15.3
si:dkey-50i6.5,sidkey50i6.5
si:dkey-50i6.6,sidkey50i6.6
si:dkey-51a16.9,sidkey51a16.9
si:dkey-51d8.9,sidkey51d8.9
si:dkey-51e6.1,sidkey51e6.1
si:dkey-52l18.4,sidkey52l18.4
si:dkey-53k12.18,sidkey53k12.18
si:dkey-54j5.2,sidkey54j5.2
si:dkey-54n8.2,sidkey54n8.2
si:dkey-56d12.4,sidkey56d12.4
si:dkey-56e3.2,sidkey56e3.2
si:dkey-56e3.3,sidkey56e3.3
si:dkey-56f14.4,sidkey56f14.4
si:dkey-56f14.7,sidkey56f14.7
si:dkey-56i24.1,sidkey56i24.1
si:dkey-56m19.5,sidkey56m19.5
si:dkey-57a22.11,sidkey57a22.11
si:dkey-57h18.1,sidkey57h18.1
si:dkey-57k2.7,sidkey57k2.7
si:dkey-57l19.1,sidkey57l19.1
si:dkey-57n24.6,sidkey57n24.6
si:dkey-58f10.7,sidkey58f10.7
si:dkey-58j15.11,sidkey58j15.11
si:dkey-5n18.1,sidkey5n18.1
si:dkey-5n7.2,sidkey5n7.2
si:dkey-60a16.1,sidkey60a16.1
si:dkey-60d5.3,sidkey60d5.3
si:dkey-61l1.4,sidkey61l1.4
si:dkey-61n16.5,sidkey61n16.5
si:dkey-61p9.7,sidkey61p9.7
si:dkey-61p9.9,sidkey61p9.9
si:dkey-62k3.5,sidkey62k3.5
si:dkey-65b12.6,sidkey65b12.6
si:dkey-65j4.2,sidkey65j4.2
si:dkey-65j6.2,sidkey65j6.2
si:dkey-66i24.7,sidkey66i24.7
si:dkey-66i24.9,sidkey66i24.9
si:dkey-67c22.2,sidkey67c22.2
si:dkey-68o6.5,sidkey68o6.5
si:dkey-68o6.6,sidkey68o6.6
si:dkey-69o16.5,sidkey69o16.5
si:dkey-6d5.1,sidkey6d5.1
si:dkey-6e2.2,sidkey6e2.2
si:dkey-6f10.4,sidkey6f10.4
si:dkey-6i22.5,sidkey6i22.5
si:dkey-6n21.12,sidkey6n21.12
si:dkey-6n21.13,sidkey6n21.13
si:dkey-6n6.2,sidkey6n6.2
si:dkey-70b23.2,sidkey70b23.2
si:dkey-70p6.1,sidkey70p6.1
si:dkey-71b5.6,sidkey71b5.6
si:dkey-71b5.7,sidkey71b5.7
si:dkey-71h2.2,sidkey71h2.2
si:dkey-72l14.4,sidkey72l14.4
si:dkey-72l17.6,sidkey72l17.6
si:dkey-73n10.1,sidkey73n10.1
si:dkey-74k8.3,sidkey74k8.3
si:dkey-74k8.4,sidkey74k8.4
si:dkey-75a21.2,sidkey75a21.2
si:dkey-75b17.1,sidkey75b17.1
si:dkey-76d14.2,sidkey76d14.2
si:dkey-76k16.6,sidkey76k16.6
si:dkey-77f5.11,sidkey77f5.11
si:dkey-77f5.13,sidkey77f5.13
si:dkey-77f5.14,sidkey77f5.14
si:dkey-77f5.3,sidkey77f5.3
si:dkey-77f5.4,sidkey77f5.4
si:dkey-77f5.8,sidkey77f5.8
si:dkey-77g12.1,sidkey77g12.1
si:dkey-78k11.9,sidkey78k11.9
si:dkey-78l4.14,sidkey78l4.14
si:dkey-78p8.1,sidkey78p8.1
si:dkey-79d12.4,sidkey79d12.4
si:dkey-79d12.5,sidkey79d12.5
si:dkey-79p17.3,sidkey79p17.3
si:dkey-7c18.24,sidkey7c18.24
si:dkey-7f16.3,sidkey7f16.3
si:dkey-7f3.9,sidkey7f3.9
si:dkey-7i4.10,sidkey7i4.10
si:dkey-7i4.12,sidkey7i4.12
si:dkey-7i4.15,sidkey7i4.15
si:dkey-7i4.7,sidkey7i4.7
si:dkey-7i4.8,sidkey7i4.8
si:dkey-7i4.9,sidkey7i4.9
si:dkey-7j14.5,sidkey7j14.5
si:dkey-7j14.6,sidkey7j14.6
si:dkey-7j22.1,sidkey7j22.1
si:dkey-7l6.3,sidkey7l6.3
si:dkey-7n6.2,sidkey7n6.2
si:dkey-81e3.2,sidkey81e3.2
si:dkey-81l17.6,sidkey81l17.6
si:dkey-82i20.2,sidkey82i20.2
si:dkey-82j4.2,sidkey82j4.2
si:dkey-82o10.4,sidkey82o10.4
si:dkey-83k24.5,sidkey83k24.5
si:dkey-84k17.2,sidkey84k17.2
si:dkey-85a20.4,sidkey85a20.4
si:dkey-85k15.4,sidkey85k15.4
si:dkey-85k7.7,sidkey85k7.7
si:dkey-85n7.6,sidkey85n7.6
si:dkey-85n7.7,sidkey85n7.7
si:dkey-85n7.8,sidkey85n7.8
si:dkey-86e18.1,sidkey86e18.1
si:dkey-87o1.2,sidkey87o1.2
si:dkey-88p24.11,sidkey88p24.11
si:dkey-89b17.4,sidkey89b17.4
si:dkey-8k3.2,sidkey8k3.2
si:dkey-8l13.5,sidkey8l13.5
si:dkey-90a13.10,sidkey90a13.10
si:dkey-90l23.1,sidkey90l23.1
si:dkey-91i10.2,sidkey91i10.2
si:dkey-92f12.2,sidkey92f12.2
si:dkey-92i15.4,sidkey92i15.4
si:dkey-92i17.2,sidkey92i17.2
si:dkey-93h22.8,sidkey93h22.8
si:dkey-93m18.3,sidkey93m18.3
si:dkey-93m18.4,sidkey93m18.4
si:dkey-93m18.6,sidkey93m18.6
si:dkey-93n13.1,sidkey93n13.1
si:dkey-93n13.2,sidkey93n13.2
si:dkey-95h12.1,sidkey95h12.1
si:dkey-95p16.2,sidkey95p16.2
si:dkey-97a13.12,sidkey97a13.12
si:dkey-97a13.6,sidkey97a13.6
si:dkey-97o5.1,sidkey97o5.1
si:dkey-9i23.15,sidkey9i23.15
si:dkey-9i23.16,sidkey9i23.16
si:dkey-9i23.6,sidkey9i23.6
si:dkey-9l20.3,sidkey9l20.3
si:dkeyp-100a5.4,sidkeyp100a5.4
si:dkeyp-104b3.21,sidkeyp104b3.21
si:dkeyp-104f11.6,sidkeyp104f11.6
si:dkeyp-104h9.5,sidkeyp104h9.5
si:dkeyp-106c3.1,sidkeyp106c3.1
si:dkeyp-110a12.4,sidkeyp110a12.4
si:dkeyp-110e4.11,sidkeyp110e4.11
si:dkeyp-110e4.6,sidkeyp110e4.6
si:dkeyp-110g5.4,sidkeyp110g5.4
si:dkeyp-113d7.1,sidkeyp113d7.1
si:dkeyp-113d7.10,sidkeyp113d7.10
si:dkeyp-115e12.6,sidkeyp115e12.6
si:dkeyp-115e12.7,sidkeyp115e12.7
si:dkeyp-117b11.1,sidkeyp117b11.1
si:dkeyp-117b11.2,sidkeyp117b11.2
si:dkeyp-117b8.4,sidkeyp117b8.4
si:dkeyp-117h8.2,sidkeyp117h8.2
si:dkeyp-117h8.4,sidkeyp117h8.4
si:dkeyp-118h3.6,sidkeyp118h3.6
si:dkeyp-11e3.1,sidkeyp11e3.1
si:dkeyp-120h9.1,sidkeyp120h9.1
si:dkeyp-121d2.7,sidkeyp121d2.7
si:dkeyp-121d4.3,sidkeyp121d4.3
si:dkeyp-123h10.2,sidkeyp123h10.2
si:dkeyp-13a3.10,sidkeyp13a3.10
si:dkeyp-13d12.23,sidkeyp13d12.23
si:dkeyp-14d3.1,sidkeyp14d3.1
si:dkeyp-19e1.3,sidkeyp19e1.3
si:dkeyp-20g2.1,sidkeyp20g2.1
si:dkeyp-23e4.3,sidkeyp23e4.3
si:dkeyp-26a9.2,sidkeyp26a9.2
si:dkeyp-27c8.2,sidkeyp27c8.2
si:dkeyp-27e10.3,sidkeyp27e10.3
si:dkeyp-28d2.4,sidkeyp28d2.4
si:dkeyp-2e4.2,sidkeyp2e4.2
si:dkeyp-2e4.5,sidkeyp2e4.5
si:dkeyp-2e4.6,sidkeyp2e4.6
si:dkeyp-30e7.2,sidkeyp30e7.2
si:dkeyp-33b5.4,sidkeyp33b5.4
si:dkeyp-34c12.1,sidkeyp34c12.1
si:dkeyp-35e5.10,sidkeyp35e5.10
si:dkeyp-35e5.5,sidkeyp35e5.5
si:dkeyp-35e5.9,sidkeyp35e5.9
si:dkeyp-38g8.5,sidkeyp38g8.5
si:dkeyp-44a8.2,sidkeyp44a8.2
si:dkeyp-44a8.4,sidkeyp44a8.4
si:dkeyp-44b5.5,sidkeyp44b5.5
si:dkeyp-46h3.6,sidkeyp46h3.6
si:dkeyp-50f7.2,sidkeyp50f7.2
si:dkeyp-53e4.1,sidkeyp53e4.1
si:dkeyp-55f12.3,sidkeyp55f12.3
si:dkeyp-57f11.2,sidkeyp57f11.2
si:dkeyp-67a8.4,sidkeyp67a8.4
si:dkeyp-67f1.1,sidkeyp67f1.1
si:dkeyp-67f1.2,sidkeyp67f1.2
si:dkeyp-68b7.12,sidkeyp68b7.12
si:dkeyp-68b7.7,sidkeyp68b7.7
si:dkeyp-69b9.3,sidkeyp69b9.3
si:dkeyp-69b9.6,sidkeyp69b9.6
si:dkeyp-69c1.6,sidkeyp69c1.6
si:dkeyp-69c1.9,sidkeyp69c1.9
si:dkeyp-69e1.8,sidkeyp69e1.8
si:dkeyp-72e1.6,sidkeyp72e1.6
si:dkeyp-72e1.9,sidkeyp72e1.9
si:dkeyp-72g9.4,sidkeyp72g9.4
si:dkeyp-75b4.7,sidkeyp75b4.7
si:dkeyp-75h12.2,sidkeyp75h12.2
si:dkeyp-75h12.5,sidkeyp75h12.5
si:dkeyp-77h1.4,sidkeyp77h1.4
si:dkeyp-7a3.1,sidkeyp7a3.1
si:dkeyp-80c12.4,sidkeyp80c12.4
si:dkeyp-82a1.6,sidkeyp82a1.6
si:dkeyp-84f3.5,sidkeyp84f3.5
si:dkeyp-84f3.9,sidkeyp84f3.9
si:dkeyp-86b9.1,sidkeyp86b9.1
si:dkeyp-86d6.2,sidkeyp86d6.2
si:dkeyp-86h10.3,sidkeyp86h10.3
si:dkeyp-87e7.4,sidkeyp87e7.4
si:dkeyp-93d12.1,sidkeyp93d12.1
si:dkeyp-94b4.1,sidkeyp94b4.1
si:dkeyp-94g1.1,sidkeyp94g1.1
si:dkeyp-94h10.5,sidkeyp94h10.5
si:dkeyp-97a10.1,sidkeyp97a10.1
si:dkeyp-97a10.2,sidkeyp97a10.2
si:dkeyp-97a10.3,sidkeyp97a10.3
si:dkeyp-97b10.3,sidkeyp97b10.3
si:dkeyp-9d4.3,sidkeyp9d4.3
si:rp71-15i12.1,sirp7115i12.1
si:rp71-17i16.6,sirp7117i16.6
si:rp71-19m20.1,sirp7119m20.1
si:rp71-1c10.10,sirp711c10.10
si:rp71-1c23.3,sirp711c23.3
si:rp71-1d10.8,sirp711d10.8
si:rp71-1g18.1,sirp711g18.1
si:rp71-1g18.13,sirp711g18.13
si:rp71-1h20.5,sirp711h20.5
si:rp71-1h20.9,sirp711h20.9
si:rp71-1i20.1,sirp711i20.1
si:rp71-1i20.2,sirp711i20.2
si:rp71-1k13.6,sirp711k13.6
si:rp71-1p14.7,sirp711p14.7
si:rp71-36a1.1,sirp7136a1.1
si:rp71-36a1.2,sirp7136a1.2
si:rp71-45k5.4,sirp7145k5.4
si:rp71-46j2.7,sirp7146j2.7
si:rp71-62i8.1,sirp7162i8.1
si:rp71-68n21.9,sirp7168n21.9
si:rp71-77l1.1,sirp7177l1.1
si:rp71-79p20.2,sirp7179p20.2
si:zfos-1011f11.1,sizfos1011f11.1
si:zfos-1056e6.1,sizfos1056e6.1
si:zfos-1192g2.3,sizfos1192g2.3
si:zfos-128g4.1,sizfos128g4.1
si:zfos-128g4.2,sizfos128g4.2
si:zfos-169g10.3,sizfos169g10.3
si:zfos-1714f5.3,sizfos1714f5.3
si:zfos-1897c11.1,sizfos1897c11.1
si:zfos-223e1.2,sizfos223e1.2
si:zfos-2326c3.2,sizfos2326c3.2
si:zfos-2330d3.7,sizfos2330d3.7
si:zfos-364h11.1,sizfos364h11.1
si:zfos-452g4.1,sizfos452g4.1
si:zfos-464b6.2,sizfos464b6.2
si:zfos-741a10.3,sizfos741a10.3
si:zfos-905g2.1,sizfos905g2.1
si:zfos-943e10.1,sizfos943e10.1
siae,siae
siah1,siah1
siah2l,siah2l
sidt2,sidt2
sigirr,sigirr
sigmar1,sigmar1
sik1,sik1
sik2b,sik2b
sik3,sik3
sil1,sil1
sim1a,sim1a
sin3aa,sin3aa
sin3ab,sin3ab
sin3b,sin3b
sinhcaf,sinhcaf
sinhcafl,sinhcafl
sipa1l1,sipa1l1
sipa1l2,sipa1l2
sipa1l3,sipa1l3
sirt1,sirt1
sirt2,sirt2
sirt3,sirt3
sirt4,sirt4
sirt5,sirt5
sirt6,sirt6
sirt7,sirt7
siva1,siva1
six1a,six1a
six1b,six1b
six2a,six2a
six2b,six2b
six3a,six3a
six3b,six3b
six4a,six4a
six4b,six4b
six5,six5
six6a,six6a
six6b,six6b
six7,six7
six9,six9
ska1,ska1
ska2,ska2
ska3,ska3
skap1,skap1
skap2,skap2
skia,skia
skib,skib
skilb,skilb
skiv2l,skiv2l
skor1a,skor1a
skor1b,skor1b
skp1,skp1
skp2,skp2
sla1,sla1
sla2,sla2
slain1a,slain1a
slain2,slain2
slbp,slbp
slc10a3,slc10a3
slc10a7,slc10a7
slc11a2,slc11a2
slc12a2,slc12a2
slc12a3,slc12a3
slc12a4,slc12a4
slc12a7a,slc12a7a
slc12a7b,slc12a7b
slc12a9,slc12a9
slc13a2,slc13a2
slc13a3,slc13a3
slc13a4,slc13a4
slc13a5a,slc13a5a
slc15a1a,slc15a1a
slc15a2,slc15a2
slc15a4,slc15a4
slc16a10,slc16a10
slc16a12a,slc16a12a
slc16a12b,slc16a12b
slc16a13,slc16a13
slc16a1a,slc16a1a
slc16a1b,slc16a1b
slc16a3,slc16a3
slc16a4,slc16a4
slc16a5a,slc16a5a
slc16a6a,slc16a6a
slc16a6b,slc16a6b
slc16a8,slc16a8
slc16a9a,slc16a9a
slc16a9b,slc16a9b
slc17a6b,slc17a6b
slc17a9a,slc17a9a
slc17a9b,slc17a9b
slc19a2,slc19a2
slc1a1,slc1a1
slc1a2b,slc1a2b
slc1a3a,slc1a3a
slc1a4,slc1a4
slc1a5,slc1a5
slc1a6,slc1a6
slc20a1a,slc20a1a
slc20a1b,slc20a1b
slc20a2,slc20a2
slc22a15,slc22a15
slc22a16,slc22a16
slc22a18,slc22a18
slc22a2,slc22a2
slc22a21,slc22a21
slc22a23,slc22a23
slc22a31,slc22a31
slc22a7a,slc22a7a
slc22a7b.1,slc22a7b.1
slc23a1,slc23a1
slc23a2,slc23a2
slc24a2,slc24a2
slc24a5,slc24a5
slc25a10,slc25a10
slc25a11,slc25a11
slc25a12,slc25a12
slc25a14,slc25a14
slc25a15a,slc25a15a
slc25a15b,slc25a15b
slc25a16,slc25a16
slc25a17,slc25a17
slc25a18,slc25a18
slc25a19,slc25a19
slc25a1a,slc25a1a
slc25a1b,slc25a1b
slc25a20,slc25a20
slc25a21,slc25a21
slc25a23a,slc25a23a
slc25a24,slc25a24
slc25a25a,slc25a25a
slc25a26,slc25a26
slc25a27,slc25a27
slc25a28,slc25a28
slc25a32a,slc25a32a
slc25a33,slc25a33
slc25a35,slc25a35
slc25a36a,slc25a36a
slc25a36b,slc25a36b
slc25a37,slc25a37
slc25a38a,slc25a38a
slc25a38b,slc25a38b
slc25a39,slc25a39
slc25a3a,slc25a3a
slc25a3b,slc25a3b
slc25a4,slc25a4
slc25a40,slc25a40
slc25a42,slc25a42
slc25a43,slc25a43
slc25a44a,slc25a44a
slc25a44b,slc25a44b
slc25a46,slc25a46
slc25a48,slc25a48
slc25a5,slc25a5
slc25a51b,slc25a51b
slc25a55a,slc25a55a
slc25a55b,slc25a55b
slc26a1,slc26a1
slc26a11,slc26a11
slc26a2,slc26a2
slc26a3.2,slc26a3.2
slc26a5,slc26a5
slc26a6,slc26a6
slc27a1a,slc27a1a
slc27a2a,slc27a2a
slc27a4,slc27a4
slc27a6,slc27a6
slc29a1a,slc29a1a
slc29a1b,slc29a1b
slc29a2,slc29a2
slc29a3,slc29a3
slc29a4,slc29a4
slc2a10,slc2a10
slc2a11a,slc2a11a
slc2a11b,slc2a11b
slc2a12,slc2a12
slc2a13b,slc2a13b
slc2a2,slc2a2
slc2a3b,slc2a3b
slc2a6,slc2a6
slc30a10,slc30a10
slc30a1a,slc30a1a
slc30a4,slc30a4
slc30a5,slc30a5
slc30a6,slc30a6
slc30a7,slc30a7
slc30a8,slc30a8
slc30a9,slc30a9
slc31a1,slc31a1
slc31a2,slc31a2
slc32a1,slc32a1
slc33a1,slc33a1
slc34a2b,slc34a2b
slc35a3a,slc35a3a
slc35a3b,slc35a3b
slc35a4,slc35a4
slc35a5,slc35a5
slc35b1,slc35b1
slc35b2,slc35b2
slc35b3,slc35b3
slc35b4,slc35b4
slc35c1,slc35c1
slc35c2,slc35c2
slc35d1a,slc35d1a
slc35d1b,slc35d1b
slc35e1,slc35e1
slc35e4,slc35e4
slc35f2,slc35f2
slc35f6,slc35f6
slc35g2a,slc35g2a
slc35g2b,slc35g2b
slc36a1,slc36a1
slc36a4,slc36a4
slc37a1,slc37a1
slc37a2,slc37a2
slc37a4a,slc37a4a
slc37a4b,slc37a4b
slc38a10,slc38a10
slc38a11,slc38a11
slc38a2,slc38a2
slc38a3a,slc38a3a
slc38a3b,slc38a3b
slc38a4,slc38a4
slc38a5a,slc38a5a
slc38a5b,slc38a5b
slc38a6,slc38a6
slc38a7,slc38a7
slc38a8b,slc38a8b
slc38a9,slc38a9
slc39a1,slc39a1
slc39a10,slc39a10
slc39a13,slc39a13
slc39a14,slc39a14
slc39a5,slc39a5
slc39a6,slc39a6
slc39a7,slc39a7
slc39a9,slc39a9
slc3a1,slc3a1
slc3a2a,slc3a2a
slc3a2b,slc3a2b
slc40a1,slc40a1
slc43a1a,slc43a1a
slc43a1b,slc43a1b
slc43a2a,slc43a2a
slc43a2b,slc43a2b
slc43a3b,slc43a3b
slc44a1a,slc44a1a
slc44a1b,slc44a1b
slc44a2,slc44a2
slc44a5b,slc44a5b
slc45a1,slc45a1
slc45a2,slc45a2
slc45a3,slc45a3
slc45a4,slc45a4
slc46a1,slc46a1
slc47a2.2,slc47a2.2
slc48a1b,slc48a1b
slc4a10a,slc4a10a
slc4a11,slc4a11
slc4a1ap,slc4a1ap
slc4a2a,slc4a2a
slc4a2b,slc4a2b
slc4a4a,slc4a4a
slc4a4b,slc4a4b
slc4a5,slc4a5
slc4a7,slc4a7
slc50a1,slc50a1
slc51a,slc51a
slc52a2,slc52a2
slc5a12,slc5a12
slc5a6a,slc5a6a
slc5a6b,slc5a6b
slc5a8,slc5a8
slc5a8l,slc5a8l
slc5a9,slc5a9
slc6a11a,slc6a11a
slc6a14,slc6a14
slc6a16b,slc6a16b
slc6a17,slc6a17
slc6a1b,slc6a1b
slc6a2,slc6a2
slc6a22.1,slc6a22.1
slc6a22.2,slc6a22.2
slc6a3,slc6a3
slc6a5,slc6a5
slc6a8,slc6a8
slc6a9,slc6a9
slc7a10a,slc7a10a
slc7a10b,slc7a10b
slc7a11,slc7a11
slc7a14a,slc7a14a
slc7a2,slc7a2
slc7a3a,slc7a3a
slc7a3b,slc7a3b
slc7a4,slc7a4
slc7a5,slc7a5
slc7a6,slc7a6
slc7a6os,slc7a6os
slc7a7,slc7a7
slc7a8a,slc7a8a
slc7a9,slc7a9
slc8a1a,slc8a1a
slc8a1b,slc8a1b
slc8a3,slc8a3
slc9a1b,slc9a1b
slc9a3.1,slc9a3.1
slc9a3r1a,slc9a3r1a
slc9a6a,slc9a6a
slc9a6b,slc9a6b
slc9a7,slc9a7
slc9a8,slc9a8
slco1c1,slco1c1
slco1d1,slco1d1
slco2a1,slco2a1
slco2b1,slco2b1
slco5a1a,slco5a1a
slco5a1b,slco5a1b
slf1,slf1
slf2,slf2
slirp,slirp
slit1a,slit1a
slit1b,slit1b
slit2,slit2
slit3,slit3
slitrk4,slitrk4
slitrk6,slitrk6
slka,slka
slkb,slkb
slmapa,slmapa
slmapb,slmapb
sltm,sltm
slu7,slu7
slx1b,slx1b
slx4,slx4
slx4ip,slx4ip
smad1,smad1
smad2,smad2
smad3a,smad3a
smad3b,smad3b
smad4a,smad4a
smad5,smad5
smad6a,smad6a
smad6b,smad6b
smad7,smad7
smad9,smad9
smap1,smap1
smap2,smap2
smarca1,smarca1
smarca2,smarca2
smarca4a,smarca4a
smarca5,smarca5
smarcad1a,smarcad1a
smarcad1b,smarcad1b
smarcal1,smarcal1
smarcb1a,smarcb1a
smarcb1b,smarcb1b
smarcc1a,smarcc1a
smarcc1b,smarcc1b
smarcc2,smarcc2
smarcd1,smarcd1
smarcd2,smarcd2
smarcd3b,smarcd3b
smarce1,smarce1
smc1al,smc1al
smc2,smc2
smc3,smc3
smc4,smc4
smc5,smc5
smc6,smc6
smchd1,smchd1
smco4,smco4
smcr8b,smcr8b
smdt1a,smdt1a
smdt1b,smdt1b
smek1,smek1
smfn,smfn
smg1,smg1
smg5,smg5
smg6,smg6
smg7,smg7
smg8,smg8
smg9,smg9
smim12,smim12
smim13,smim13
smim14,smim14
smim15,smim15
smim19,smim19
smim20,smim20
smim29,smim29
smim4,smim4
smim7,smim7
smim8,smim8
smkr1,smkr1
smn1,smn1
smndc1,smndc1
smo,smo
smoc1,smoc1
smoc2,smoc2
smox,smox
smpd1,smpd1
smpd2b,smpd2b
smpd4,smpd4
smpd5,smpd5
smpdl3a,smpdl3a
smpx,smpx
sms,sms
smtnb,smtnb
smtnl,smtnl
smtnl1,smtnl1
smu1a,smu1a
smu1b,smu1b
smurf1,smurf1
smurf2,smurf2
smx5,smx5
smyd1a,smyd1a
smyd1b,smyd1b
smyd2a,smyd2a
smyd2b,smyd2b
smyd3,smyd3
smyd4,smyd4
smyd5,smyd5
smyhc1,smyhc1
smyhc2,smyhc2
snai1a,snai1a
snai1b,snai1b
snai2,snai2
snai3,snai3
snap23.1,snap23.1
snap23.2,snap23.2
snap25a,snap25a
snap25b,snap25b
snap29,snap29
snap47,snap47
snap91,snap91
snapc1b,snapc1b
snapc2,snapc2
snapc3,snapc3
snapc4,snapc4
snapc5,snapc5
snapin,snapin
sncaip,sncaip
sncb,sncb
sncga,sncga
snd1,snd1
sned1,sned1
snf8,snf8
snip1,snip1
snphb,snphb
snrka,snrka
snrkb,snrkb
snrnp200,snrnp200
snrnp25,snrnp25
snrnp27,snrnp27
snrnp35,snrnp35
snrnp40,snrnp40
snrnp48,snrnp48
snrnp70,snrnp70
snrpa,snrpa
snrpa1,snrpa1
snrpb,snrpb
snrpb2,snrpb2
snrpc,snrpc
snrpd1,snrpd1
snrpd2,snrpd2
snrpd3,snrpd3
snrpd3l,snrpd3l
snrpe,snrpe
snrpf,snrpf
snrpg,snrpg
sntb1,sntb1
sntb2,sntb2
snu13a,snu13a
snu13b,snu13b
snupn,snupn
snw1,snw1
snx10a,snx10a
snx10b,snx10b
snx11,snx11
snx12,snx12
snx13,snx13
snx14,snx14
snx15,snx15
snx16,snx16
snx17,snx17
snx18a,snx18a
snx18b,snx18b
snx19b,snx19b
snx1a,snx1a
snx2,snx2
snx20,snx20
snx22,snx22
snx24,snx24
snx25,snx25
snx27a,snx27a
snx27b,snx27b
snx29,snx29
snx3,snx3
snx30,snx30
snx33,snx33
snx4,snx4
snx5,snx5
snx6,snx6
snx7,snx7
snx8a,snx8a
snx8b,snx8b
snx9a,snx9a
snx9b,snx9b
socs1a,socs1a
socs3a,socs3a
socs3b,socs3b
socs4,socs4
socs5a,socs5a
socs5b,socs5b
socs6a,socs6a
socs6b,socs6b
socs7,socs7
sod1,sod1
sod2,sod2
soga1,soga1
soga3a,soga3a
sorbs1,sorbs1
sorbs2b,sorbs2b
sorbs3,sorbs3
sorcs2,sorcs2
sord,sord
sorl1,sorl1
sort1a,sort1a
sort1b,sort1b
sos1,sos1
sos2,sos2
sost,sost
sostdc1a,sostdc1a
soul2,soul2
soul3,soul3
soul4,soul4
sowahab,sowahab
sowahca,sowahca
sowahcb,sowahcb
sowahd,sowahd
sox10,sox10
sox11a,sox11a
sox11b,sox11b
sox12,sox12
sox13,sox13
sox14,sox14
sox19a,sox19a
sox19b,sox19b
sox1a,sox1a
sox1b,sox1b
sox2,sox2
sox21a,sox21a
sox21b,sox21b
sox3,sox3
sox32,sox32
sox4a,sox4a
sox4b,sox4b
sox5,sox5
sox6,sox6
sox7,sox7
sox8b,sox8b
sox9a,sox9a
sox9b,sox9b
sp1,sp1
sp2,sp2
sp3a,sp3a
sp3b,sp3b
sp4,sp4
sp5a,sp5a
sp5l,sp5l
sp6,sp6
sp7,sp7
sp8a,sp8a
sp8b,sp8b
sp9,sp9
spa17,spa17
spaca4l,spaca4l
spag1a,spag1a
spag1b,spag1b
spag6,spag6
spag7,spag7
spag9a,spag9a
sparc,sparc
sparcl2,sparcl2
spartb,spartb
spast,spast
spata13,spata13
spata17,spata17
spata18,spata18
spata2,spata2
spata20,spata20
spata22,spata22
spata2l,spata2l
spata4,spata4
spata5l1,spata5l1
spata6,spata6
spata6l,spata6l
spata7,spata7
spc24,spc24
spc25,spc25
spcs1,spcs1
spcs2,spcs2
spcs3,spcs3
spdl1,spdl1
specc1,specc1
specc1la,specc1la
spef2,spef2
spega,spega
spegb,spegb
spen,spen
spg11,spg11
spg21,spg21
spg7,spg7
sphk2,sphk2
spi1a,spi1a
spi1b,spi1b
spice1,spice1
spinb,spinb
spink4,spink4
spint1a,spint1a
spint1b,spint1b
spint2,spint2
spire1a,spire1a
spns1,spns1
spns2,spns2
spns3,spns3
spock3,spock3
spon1a,spon1a
spon1b,spon1b
spon2a,spon2a
spon2b,spon2b
spop,spop
spopla,spopla
spoplb,spoplb
spout1,spout1
sppl2,sppl2
sppl3,sppl3
spra,spra
spred1,spred1
spred2a,spred2a
spred2b,spred2b
spred3,spred3
sprtn,sprtn
spry1,spry1
spry2,spry2
spry4,spry4
spryd3,spryd3
spryd4,spryd4
spryd7a,spryd7a
spryd7b,spryd7b
spsb1,spsb1
spsb3a,spsb3a
spsb4a,spsb4a
spsb4b,spsb4b
sptan1,sptan1
sptb,sptb
sptbn1,sptbn1
sptbn2,sptbn2
sptbn5,sptbn5
sptlc1,sptlc1
sptlc2a,sptlc2a
sptlc2b,sptlc2b
sptlc3,sptlc3
sptssa,sptssa
sptssb,sptssb
spty2d1,spty2d1
sqlea,sqlea
sqor,sqor
sqstm1,sqstm1
sra1,sra1
srbd1,srbd1
src,src
srcap,srcap
srd5a3,srd5a3
srebf1,srebf1
srebf2,srebf2
srek1,srek1
srek1ip1,srek1ip1
srfa,srfa
srfbp1,srfbp1
srgap1a,srgap1a
srgap2,srgap2
srgap3,srgap3
srgn,srgn
sri,sri
srl,srl
srm,srm
srp14,srp14
srp19,srp19
srp54,srp54
srp68,srp68
srp72,srp72
srp9,srp9
srpk1a,srpk1a
srpk1b,srpk1b
srpk3,srpk3
srpr,srpr
srprb,srprb
srpx,srpx
srpx2,srpx2
srrd,srrd
srrm1,srrm1
srrm2,srrm2
srrm4,srrm4
srrt,srrt
srsf10b,srsf10b
srsf11,srsf11
srsf1a,srsf1a
srsf1b,srsf1b
srsf2a,srsf2a
srsf2b,srsf2b
srsf3a,srsf3a
srsf3b,srsf3b
srsf4,srsf4
srsf5a,srsf5a
srsf5b,srsf5b
srsf6a,srsf6a
srsf6b,srsf6b
srsf7a,srsf7a
srsf7b,srsf7b
srsf9,srsf9
ss18,ss18
ss18l2,ss18l2
ssb,ssb
ssbp1,ssbp1
ssbp3a,ssbp3a
ssbp3b,ssbp3b
ssbp4,ssbp4
ssfa2,ssfa2
ssh1b,ssh1b
ssh2a,ssh2a
ssh2b,ssh2b
ssna1,ssna1
ssr1,ssr1
ssr2,ssr2
ssr3,ssr3
ssr4,ssr4
ssrp1a,ssrp1a
ssrp1b,ssrp1b
sssca1,sssca1
sst1.1,sst1.1
sst1.2,sst1.2
sst2,sst2
sstr5,sstr5
ssu72,ssu72
ssuh2.2,ssuh2.2
ssuh2.4,ssuh2.4
ssuh2rs1,ssuh2rs1
ssx2ipa,ssx2ipa
ssx2ipb,ssx2ipb
st13,st13
st14a,st14a
st14b,st14b
st3gal3a,st3gal3a
st3gal3b,st3gal3b
st3gal4,st3gal4
st3gal5,st3gal5
st3gal7,st3gal7
st3gal8,st3gal8
st5,st5
st6gal2a,st6gal2a
st6gal2b,st6gal2b
st6galnac3,st6galnac3
st6galnac5b,st6galnac5b
st7,st7
st7l,st7l
st8sia1,st8sia1
st8sia2,st8sia2
st8sia6,st8sia6
stab1,stab1
stab2,stab2
stac3,stac3
stag1a,stag1a
stag1b,stag1b
stag2a,stag2a
stag2b,stag2b
stam,stam
stam2,stam2
stambpa,stambpa
stambpb,stambpb
stambpl1,stambpl1
stap2a,stap2a
stap2b,stap2b
star,star
stard10,stard10
stard13a,stard13a
stard13b,stard13b
stard14,stard14
stard3,stard3
stard3nl,stard3nl
stard4,stard4
stard7,stard7
stard8,stard8
stard9,stard9
stat1a,stat1a
stat1b,stat1b
stat2,stat2
stat3,stat3
stat4,stat4
stat5a,stat5a
stat5b,stat5b
stat6,stat6
stau1,stau1
stau2,stau2
stc1,stc1
stc2a,stc2a
steap4,steap4
stil,stil
stim1a,stim1a
stim1b,stim1b
stim2a,stim2a
stim2b,stim2b
stimate,stimate
stip1,stip1
stk10,stk10
stk11,stk11
stk11ip,stk11ip
stk16,stk16
stk17a,stk17a
stk17al,stk17al
stk17b,stk17b
stk19,stk19
stk24b,stk24b
stk25a,stk25a
stk25b,stk25b
stk26,stk26
stk3,stk3
stk31,stk31
stk33,stk33
stk35,stk35
stk35l,stk35l
stk36,stk36
stk38a,stk38a
stk38l,stk38l
stk39,stk39
stm,stm
stmn1a,stmn1a
stmn1b,stmn1b
stmn2a,stmn2a
stmn2b,stmn2b
stmn3,stmn3
stmn4,stmn4
stmn4l,stmn4l
stn1,stn1
stom,stom
stoml1,stoml1
stoml2,stoml2
stoml3b,stoml3b
ston2,ston2
stox1,stox1
stox2a,stox2a
stox2b,stox2b
stpg2,stpg2
stra6,stra6
stra6l,stra6l
strada,strada
strap,strap
strbp,strbp
strip1,strip1
strn,strn
strn3,strn3
strn4,strn4
sts,sts
stt3a,stt3a
stt3b,stt3b
stub1,stub1
stx10,stx10
stx11a,stx11a
stx11b.1,stx11b.1
stx11b.2,stx11b.2
stx12,stx12
stx12l,stx12l
stx16,stx16
stx17,stx17
stx18,stx18
stx1b,stx1b
stx2a,stx2a
stx2b,stx2b
stx3a,stx3a
stx4,stx4
stx5a,stx5a
stx5al,stx5al
stx6,stx6
stx8,stx8
stxbp1a,stxbp1a
stxbp1b,stxbp1b
stxbp2,stxbp2
stxbp3,stxbp3
stxbp4,stxbp4
stxbp5a,stxbp5a
stxbp5b,stxbp5b
stxbp6,stxbp6
styk1,styk1
styx,styx
styxl1,styxl1
sub1a,sub1a
sub1b,sub1b
sucla2,sucla2
suclg1,suclg1
suclg2,suclg2
suco,suco
suds3,suds3
sufu,sufu
sugp1,sugp1
sugt1,sugt1
sulf1,sulf1
sulf2a,sulf2a
sulf2b,sulf2b
sult1st1,sult1st1
sult2st1,sult2st1
sult2st2,sult2st2
sult2st3,sult2st3
sult5a1,sult5a1
sult6b1,sult6b1
sumf1,sumf1
sumf2,sumf2
sumo1,sumo1
sumo2b,sumo2b
sumo3a,sumo3a
sumo3b,sumo3b
sun1,sun1
suox,suox
supt16h,supt16h
supt20,supt20
supt3h,supt3h
supt4h1,supt4h1
supt5h,supt5h
supt6h,supt6h
supv3l1,supv3l1
surf1,surf1
surf4,surf4
surf4l,surf4l
surf6,surf6
susd1,susd1
susd6,susd6
suv39h1a,suv39h1a
suv39h1b,suv39h1b
suz12a,suz12a
suz12b,suz12b
sv2a,sv2a
sv2bb,sv2bb
svbp,svbp
svep1,svep1
svila,svila
svopl,svopl
swap70b,swap70b
swi5,swi5
swsap1,swsap1
swt1,swt1
syap1,syap1
sybl1,sybl1
sycp1,sycp1
sycp3,sycp3
syf2,syf2
syk,syk
sympk,sympk
syn1,syn1
syncrip,syncrip
syncripl,syncripl
syne1a,syne1a
syne1b,syne1b
syne2b,syne2b
syne3,syne3
syngap1a,syngap1a
syngap1b,syngap1b
syngr1a,syngr1a
syngr2a,syngr2a
syngr2b,syngr2b
syngr3a,syngr3a
synj1,synj1
synj2bp,synj2bp
synpo2b,synpo2b
synpo2lb,synpo2lb
synrg,synrg
sypa,sypa
sypb,sypb
sypl2a,sypl2a
sypl2b,sypl2b
sys1,sys1
syt11a,syt11a
syt13,syt13
syt1a,syt1a
syt2a,syt2a
syt3,syt3
syt4,syt4
syt6b,syt6b
syt7b,syt7b
sytl1,sytl1
sytl2a,sytl2a
sytl2b,sytl2b
sytl3,sytl3
sytl4,sytl4
syvn1,syvn1
szrd1,szrd1
tab1,tab1
tab2,tab2
tab3,tab3
tac3b,tac3b
tacc1,tacc1
tacc3,tacc3
taco1,taco1
tacr3l,tacr3l
tada2a,tada2a
tada2b,tada2b
tada3l,tada3l
taf1,taf1
taf10,taf10
taf11,taf11
taf12,taf12
taf13,taf13
taf15,taf15
taf1a,taf1a
taf1b,taf1b
taf2,taf2
taf3,taf3
taf4a,taf4a
taf5,taf5
taf5l,taf5l
taf6,taf6
taf6l,taf6l
taf7,taf7
taf8,taf8
taf9,taf9
tagapa,tagapa
tagln,tagln
tagln2,tagln2
tagln3b,tagln3b
tal1,tal1
taldo1,taldo1
tamm41,tamm41
tanc1a,tanc1a
tanc1b,tanc1b
tanc2a,tanc2a
tango2,tango2
tango6,tango6
tank,tank
taok1a,taok1a
taok1b,taok1b
taok2a,taok2a
taok2b,taok2b
taok3a,taok3a
taok3b,taok3b
tap2t,tap2t
tapbp.1,tapbp.1
tapt1a,tapt1a
tapt1b,tapt1b
tarbp2,tarbp2
tardbp,tardbp
tardbpl,tardbpl
tars,tars
tarsl2,tarsl2
tasp1,tasp1
tat,tat
tatdn1,tatdn1
tatdn2,tatdn2
tax1bp1a,tax1bp1a
tax1bp1b,tax1bp1b
tax1bp3,tax1bp3
taz,taz
tbata,tbata
tbc1d1,tbc1d1
tbc1d10aa,tbc1d10aa
tbc1d10b,tbc1d10b
tbc1d10c,tbc1d10c
tbc1d12b,tbc1d12b
tbc1d14,tbc1d14
tbc1d15,tbc1d15
tbc1d16,tbc1d16
tbc1d17,tbc1d17
tbc1d19,tbc1d19
tbc1d2,tbc1d2
tbc1d22a,tbc1d22a
tbc1d23,tbc1d23
tbc1d25,tbc1d25
tbc1d2b,tbc1d2b
tbc1d30,tbc1d30
tbc1d31,tbc1d31
tbc1d4,tbc1d4
tbc1d5,tbc1d5
tbc1d7,tbc1d7
tbca,tbca
tbcb,tbcb
tbcc,tbcc
tbccd1,tbccd1
tbcd,tbcd
tbce,tbce
tbcela,tbcela
tbcelb,tbcelb
tbck,tbck
tbk1,tbk1
tbl1x,tbl1x
tbl1xr1a,tbl1xr1a
tbl1xr1b,tbl1xr1b
tbl2,tbl2
tbl3,tbl3
tbp,tbp
tbpl1,tbpl1
tbr1b,tbr1b
tbrg1,tbrg1
tbrg4,tbrg4
tbx1,tbx1
tbx15,tbx15
tbx16,tbx16
tbx18,tbx18
tbx22,tbx22
tbx2a,tbx2a
tbx2b,tbx2b
tbx3a,tbx3a
tbx3b,tbx3b
tbx5a,tbx5a
tbx6,tbx6
tbx6l,tbx6l
tbxas1,tbxas1
tbxta,tbxta
tcaim,tcaim
tcap,tcap
tcea1,tcea1
tcea2,tcea2
tcea3,tcea3
tceanc2,tceanc2
tcerg1a,tcerg1a
tcf12,tcf12
tcf15,tcf15
tcf19l,tcf19l
tcf20,tcf20
tcf21,tcf21
tcf25,tcf25
tcf3a,tcf3a
tcf3b,tcf3b
tcf7,tcf7
tcf7l1a,tcf7l1a
tcf7l1b,tcf7l1b
tcf7l2,tcf7l2
tchp,tchp
tcima,tcima
tcirg1a,tcirg1a
tcirg1b,tcirg1b
tcp1,tcp1
tcp11l1,tcp11l1
tcp11l2,tcp11l2
tcta,tcta
tctex1d1,tctex1d1
tctex1d2,tctex1d2
tctn1,tctn1
tctn2,tctn2
tdg.1,tdg.1
tdg.2,tdg.2
tdgf1,tdgf1
tdh,tdh
tdh2,tdh2
tdo2b,tdo2b
tdp1,tdp1
tdp2b,tdp2b
tdrd1,tdrd1
tdrd12,tdrd12
tdrd3,tdrd3
tdrd5,tdrd5
tdrd6,tdrd6
tdrd7b,tdrd7b
tdrkh,tdrkh
tead1a,tead1a
tead1b,tead1b
tead3a,tead3a
tead3b,tead3b
tec,tec
tecpr1a,tecpr1a
tecpr1b,tecpr1b
tecpr2,tecpr2
tecrb,tecrb
tefa,tefa
tefm,tefm
tegt,tegt
tek,tek
tekt4,tekt4
telo2,telo2
ten1,ten1
tenm4,tenm4
tep1,tep1
terf1,terf1
terf2ip,terf2ip
terfa,terfa
tert,tert
tes,tes
tesca,tesca
tescb,tescb
tesk2,tesk2
tet1,tet1
tet2,tet2
tet3,tet3
tex10,tex10
tex2,tex2
tex261,tex261
tex264a,tex264a
tex30,tex30
tex36,tex36
tex9,tex9
tfa,tfa
tfam,tfam
tfap2a,tfap2a
tfap2b,tfap2b
tfap2c,tfap2c
tfap2d,tfap2d
tfap2e,tfap2e
tfap4,tfap4
tfb1m,tfb1m
tfb2m,tfb2m
tfcp2,tfcp2
tfcp2l1,tfcp2l1
tfdp1a,tfdp1a
tfdp1b,tfdp1b
tfdp2,tfdp2
tfe3a,tfe3a
tfeb,tfeb
tfec,tfec
tfg,tfg
tfip11,tfip11
tfpia,tfpia
tfpt,tfpt
tfr1b,tfr1b
tg,tg
tgfb1a,tgfb1a
tgfb1b,tgfb1b
tgfb2l,tgfb2l
tgfb3,tgfb3
tgfbi,tgfbi
tgfbr1a,tgfbr1a
tgfbr1b,tgfbr1b
tgfbr2b,tgfbr2b
tgfbrap1,tgfbrap1
tgif1,tgif1
tgm1,tgm1
tgm1l1,tgm1l1
tgm1l2,tgm1l2
tgm1l4,tgm1l4
tgm2a,tgm2a
tgm2b,tgm2b
tgm2l,tgm2l
tgm5l,tgm5l
tgs1,tgs1
th,th
tha1,tha1
thada,thada
thap1,thap1
thap11,thap11
thap12a,thap12a
thap12b,thap12b
thap3,thap3
thap4,thap4
thap7,thap7
thbs1b,thbs1b
thbs2a,thbs2a
thbs3a,thbs3a
thbs3b,thbs3b
thbs4b,thbs4b
theg,theg
them4,them4
themis2,themis2
thg1l,thg1l
thnsl2,thnsl2
thoc1,thoc1
thoc2,thoc2
thoc3,thoc3
thoc5,thoc5
thoc6,thoc6
thoc7,thoc7
thop1,thop1
thraa,thraa
thrap3a,thrap3a
thrap3b,thrap3b
thrb,thrb
thsd7aa,thsd7aa
thsd7ab,thsd7ab
thsd7ba,thsd7ba
thtpa,thtpa
thumpd1,thumpd1
thumpd2,thumpd2
thumpd3,thumpd3
thy1,thy1
thyn1,thyn1
tia1,tia1
tia1l,tia1l
tial1,tial1
tiam1a,tiam1a
tiam1b,tiam1b
tiam2a,tiam2a
ticam1,ticam1
tie1,tie1
tigara,tigara
tigarb,tigarb
timeless,timeless
timm10,timm10
timm10b,timm10b
timm13,timm13
timm17a,timm17a
timm23a,timm23a
timm29,timm29
timm44,timm44
timm50,timm50
timm8a,timm8a
timm8b,timm8b
timm9,timm9
timmdc1,timmdc1
timp2a,timp2a
timp2b,timp2b
timp4.1,timp4.1
timp4.3,timp4.3
tinf2,tinf2
tiparp,tiparp
tipin,tipin
tiprl,tiprl
tjap1,tjap1
tjp1a,tjp1a
tjp1b,tjp1b
tjp2a,tjp2a
tjp2b,tjp2b
tjp3,tjp3
tk1,tk1
tk2,tk2
tkfc,tkfc
tkta,tkta
tktb,tktb
tlcd1,tlcd1
tlcd2,tlcd2
tle2a,tle2a
tle3a,tle3a
tle3b,tle3b
tlk1a,tlk1a
tlk1b,tlk1b
tlk2,tlk2
tll1,tll1
tln1,tln1
tln2a,tln2a
tlnrd1,tlnrd1
tlr1,tlr1
tlr18,tlr18
tlr3,tlr3
tlr4ba,tlr4ba
tlr5b,tlr5b
tlr8a,tlr8a
tlx1,tlx1
tlx2,tlx2
tlx3b,tlx3b
tm2d1,tm2d1
tm2d2,tm2d2
tm2d3,tm2d3
tm6sf2,tm6sf2
tm7sf2,tm7sf2
tm7sf3,tm7sf3
tm9sf1,tm9sf1
tm9sf2,tm9sf2
tm9sf3,tm9sf3
tm9sf4,tm9sf4
tm9sf5,tm9sf5
tma16,tma16
tma7,tma7
tmbim1b,tmbim1b
tmbim4,tmbim4
tmc1,tmc1
tmc6b,tmc6b
tmc8,tmc8
tmcc1b,tmcc1b
tmcc2,tmcc2
tmcc3,tmcc3
tmco1,tmco1
tmco3,tmco3
tmco4,tmco4
tmco6,tmco6
tmed10,tmed10
tmed1a,tmed1a
tmed1b,tmed1b
tmed2,tmed2
tmed3,tmed3
tmed4,tmed4
tmed5,tmed5
tmed7,tmed7
tmed8,tmed8
tmed9,tmed9
tmeff1b,tmeff1b
tmeff2a,tmeff2a
tmeff2b,tmeff2b
tmem101,tmem101
tmem104,tmem104
tmem106a,tmem106a
tmem106ba,tmem106ba
tmem106c,tmem106c
tmem107,tmem107
tmem107l,tmem107l
tmem108,tmem108
tmem11,tmem11
tmem110l,tmem110l
tmem115,tmem115
tmem117,tmem117
tmem119b,tmem119b
tmem120a,tmem120a
tmem120b,tmem120b
tmem123,tmem123
tmem125b,tmem125b
tmem126a,tmem126a
tmem127,tmem127
tmem129,tmem129
tmem130,tmem130
tmem131,tmem131
tmem131l,tmem131l
tmem132e,tmem132e
tmem134,tmem134
tmem135,tmem135
tmem136a,tmem136a
tmem136b,tmem136b
tmem138,tmem138
tmem141,tmem141
tmem144a,tmem144a
tmem145,tmem145
tmem147,tmem147
tmem14ca,tmem14ca
tmem150aa,tmem150aa
tmem150ab,tmem150ab
tmem151ba,tmem151ba
tmem154,tmem154
tmem160,tmem160
tmem161a,tmem161a
tmem161b,tmem161b
tmem165,tmem165
tmem167a,tmem167a
tmem167b,tmem167b
tmem168b,tmem168b
tmem169a,tmem169a
tmem17,tmem17
tmem170a,tmem170a
tmem175,tmem175
tmem176,tmem176
tmem176l.1,tmem176l.1
tmem176l.3a,tmem176l.3a
tmem176l.4,tmem176l.4
tmem177,tmem177
tmem178b,tmem178b
tmem18,tmem18
tmem181,tmem181
tmem182a,tmem182a
tmem183a,tmem183a
tmem184a,tmem184a
tmem184ba,tmem184ba
tmem184c,tmem184c
tmem185,tmem185
tmem186,tmem186
tmem189,tmem189
tmem192,tmem192
tmem198a,tmem198a
tmem198b,tmem198b
tmem199,tmem199
tmem2,tmem2
tmem201,tmem201
tmem203,tmem203
tmem204,tmem204
tmem205,tmem205
tmem206,tmem206
tmem209,tmem209
tmem214,tmem214
tmem218,tmem218
tmem222a,tmem222a
tmem223,tmem223
tmem230a,tmem230a
tmem230b,tmem230b
tmem231,tmem231
tmem234,tmem234
tmem237b,tmem237b
tmem238a,tmem238a
tmem240b,tmem240b
tmem242,tmem242
tmem243a,tmem243a
tmem243b,tmem243b
tmem244,tmem244
tmem245,tmem245
tmem246,tmem246
tmem248,tmem248
tmem251,tmem251
tmem255a,tmem255a
tmem256,tmem256
tmem258,tmem258
tmem259,tmem259
tmem260,tmem260
tmem263,tmem263
tmem265,tmem265
tmem266,tmem266
tmem267,tmem267
tmem30aa,tmem30aa
tmem30ab,tmem30ab
tmem30c,tmem30c
tmem33,tmem33
tmem35,tmem35
tmem38a,tmem38a
tmem39a,tmem39a
tmem39b,tmem39b
tmem41aa,tmem41aa
tmem41b,tmem41b
tmem42a,tmem42a
tmem44,tmem44
tmem45a,tmem45a
tmem45b,tmem45b
tmem47,tmem47
tmem50a,tmem50a
tmem51a,tmem51a
tmem53,tmem53
tmem54a,tmem54a
tmem56a,tmem56a
tmem56b,tmem56b
tmem59,tmem59
tmem59l,tmem59l
tmem60,tmem60
tmem62,tmem62
tmem63a,tmem63a
tmem63ba,tmem63ba
tmem63bb,tmem63bb
tmem64,tmem64
tmem67,tmem67
tmem68,tmem68
tmem69,tmem69
tmem70,tmem70
tmem74b,tmem74b
tmem79a,tmem79a
tmem79b,tmem79b
tmem88a,tmem88a
tmem88b,tmem88b
tmem9,tmem9
tmem94,tmem94
tmem97,tmem97
tmem98,tmem98
tmem9b,tmem9b
tmf1,tmf1
tmie,tmie
tmigd1,tmigd1
tmlhe,tmlhe
tmod2,tmod2
tmod4,tmod4
tmpoa,tmpoa
tmpob,tmpob
tmppe,tmppe
tmprss13a,tmprss13a
tmprss13b,tmprss13b
tmprss15,tmprss15
tmprss4a,tmprss4a
tmprss5,tmprss5
tmsb,tmsb
tmsb1,tmsb1
tmsb2,tmsb2
tmsb4x,tmsb4x
tmtc1,tmtc1
tmtc2a,tmtc2a
tmtc3,tmtc3
tmtc4,tmtc4
tmtops3a,tmtops3a
tmub1,tmub1
tmub2,tmub2
tmx1,tmx1
tmx2a,tmx2a
tmx2b,tmx2b
tmx3a,tmx3a
tmx3b,tmx3b
tmx4,tmx4
tnc,tnc
tnfa,tnfa
tnfaip1,tnfaip1
tnfaip2a,tnfaip2a
tnfaip2b,tnfaip2b
tnfaip6,tnfaip6
tnfaip8l1,tnfaip8l1
tnfaip8l2a,tnfaip8l2a
tnfaip8l2b,tnfaip8l2b
tnfaip8l3,tnfaip8l3
tnfb,tnfb
tnfrsf11a,tnfrsf11a
tnfrsf11b,tnfrsf11b
tnfrsf19,tnfrsf19
tnfrsf1a,tnfrsf1a
tnfrsf1b,tnfrsf1b
tnfrsf21,tnfrsf21
tnfrsf9a,tnfrsf9a
tnfsf10,tnfsf10
tnfsf10l,tnfsf10l
tnfsf10l4,tnfsf10l4
tnfsf12,tnfsf12
tnfsf13b,tnfsf13b
tnfsf18,tnfsf18
tnika,tnika
tnikb,tnikb
tnip1,tnip1
tnip2,tnip2
tnk1,tnk1
tnk2b,tnk2b
tnks1bp1,tnks1bp1
tnksa,tnksa
tnksb,tnksb
tnn,tnn
tnnc1a,tnnc1a
tnnc1b,tnnc1b
tnnc2,tnnc2
tnni1b,tnni1b
tnni1c,tnni1c
tnni2a.4,tnni2a.4
tnni2b.1,tnni2b.1
tnni4b.2,tnni4b.2
tnnt1,tnnt1
tnnt2a,tnnt2a
tnnt2c,tnnt2c
tnnt2d,tnnt2d
tnnt3a,tnnt3a
tnnt3b,tnnt3b
tnpo1,tnpo1
tnpo2,tnpo2
tnpo3,tnpo3
tnr,tnr
tnrc18,tnrc18
tnrc5,tnrc5
tnrc6a,tnrc6a
tnrc6b,tnrc6b
tnrc6c1,tnrc6c1
tnrc6c2,tnrc6c2
tns1a,tns1a
tns1b,tns1b
tns2a,tns2a
tns2b,tns2b
tns3.2,tns3.2
tob1a,tob1a
tob1b,tob1b
toe1,toe1
tollip,tollip
tom1,tom1
tomm20a,tomm20a
tomm20b,tomm20b
tomm22,tomm22
tomm34,tomm34
tomm40,tomm40
tomm40l,tomm40l
tomm5,tomm5
tomm6,tomm6
tomm7,tomm7
tomm70a,tomm70a
tonsl,tonsl
top1,top1
top1l,top1l
top1mt,top1mt
top2a,top2a
top2b,top2b
top3a,top3a
top3b,top3b
topaz1,topaz1
topbp1,topbp1
toporsa,toporsa
toporsb,toporsb
tor1,tor1
tor2a,tor2a
tor3a,tor3a
tor4aa,tor4aa
tox,tox
tox2,tox2
tox3,tox3
tox4a,tox4a
tp53,tp53
tp53bp1,tp53bp1
tp53bp2a,tp53bp2a
tp53bp2b,tp53bp2b
tp53i11a,tp53i11a
tp53i11b,tp53i11b
tp53inp1,tp53inp1
tp53inp2,tp53inp2
tp53rk,tp53rk
tp63,tp63
tpbga,tpbga
tpcn1,tpcn1
tpd52,tpd52
tpd52l1,tpd52l1
tpd52l2a,tpd52l2a
tpd52l2b,tpd52l2b
tpgs2,tpgs2
tph1b,tph1b
tph2,tph2
tpi1a,tpi1a
tpi1b,tpi1b
tpk1,tpk1
tpm2,tpm2
tpm3,tpm3
tpm4a,tpm4a
tpm4b,tpm4b
tpma,tpma
tpmt.1,tpmt.1
tpp1,tpp1
tpp2,tpp2
tppp,tppp
tppp3,tppp3
tpra,tpra
tpra1,tpra1
tprb,tprb
tprg1,tprg1
tprg1l,tprg1l
tprkb,tprkb
tprn,tprn
tpst1,tpst1
tpst1l,tpst1l
tpst2,tpst2
tpt1,tpt1
tpte,tpte
tpx2,tpx2
tra2a,tra2a
tra2b,tra2b
trabd,trabd
trabd2a,trabd2a
trabd2b,trabd2b
tradd,tradd
traf1,traf1
traf2b,traf2b
traf3ip1,traf3ip1
traf3ip2l,traf3ip2l
traf4a,traf4a
traf4b,traf4b
traf6,traf6
traf7,traf7
trafd1,trafd1
traip,traip
trak1a,trak1a
trak2,trak2
tram1,tram1
tram2,tram2
trap1,trap1
trappc1,trappc1
trappc10,trappc10
trappc11,trappc11
trappc12,trappc12
trappc13,trappc13
trappc2,trappc2
trappc2l,trappc2l
trappc3,trappc3
trappc4,trappc4
trappc5,trappc5
trappc6b,trappc6b
trappc6bl,trappc6bl
trappc8,trappc8
trappc9,trappc9
trdmt1,trdmt1
trdn,trdn
trh,trh
triap1,triap1
trib1,trib1
trib2,trib2
trib3,trib3
tril,tril
trim101,trim101
trim105,trim105
trim107,trim107
trim109,trim109
trim13,trim13
trim16,trim16
trim24,trim24
trim25,trim25
trim25l,trim25l
trim2b,trim2b
trim32,trim32
trim33,trim33
trim33l,trim33l
trim35-1,trim35-1
trim35-20,trim35-20
trim35-27,trim35-27
trim35-28,trim35-28
trim35-39,trim35-39
trim35-40,trim35-40
trim35-7,trim35-7
trim35-9,trim35-9
trim36,trim36
trim37,trim37
trim3a,trim3a
trim3b,trim3b
trim44,trim44
trim45,trim45
trim47,trim47
trim55a,trim55a
trim55b,trim55b
trim59,trim59
trim62,trim62
trim63a,trim63a
trim63b,trim63b
trim65,trim65
trim66,trim66
trim71,trim71
trim8a,trim8a
trim8b,trim8b
trim9,trim9
trioa,trioa
triob,triob
triobpa,triobpa
triobpb,triobpb
trip10a,trip10a
trip11,trip11
trip12,trip12
trip13,trip13
trip4,trip4
trip6,trip6
triqk,triqk
trir,trir
trit1,trit1
trmo,trmo
trmt1,trmt1
trmt10a,trmt10a
trmt10b,trmt10b
trmt10c,trmt10c
trmt11,trmt11
trmt112,trmt112
trmt12,trmt12
trmt13,trmt13
trmt1l,trmt1l
trmt2a,trmt2a
trmt2b,trmt2b
trmt44,trmt44
trmt5,trmt5
trmt6,trmt6
trmt61a,trmt61a
trmt61b,trmt61b
trmt9b,trmt9b
trmu,trmu
trnau1apa,trnau1apa
trnau1apb,trnau1apb
trnt1,trnt1
trove2,trove2
trpa1a,trpa1a
trpa1b,trpa1b
trpc4apa,trpc4apa
trpc4apb,trpc4apb
trpc5b,trpc5b
trpm1b,trpm1b
trpm2,trpm2
trpm4a,trpm4a
trpm5,trpm5
trpm6,trpm6
trpm7,trpm7
trps1,trps1
trpt1,trpt1
trpv1,trpv1
trpv6,trpv6
trrap,trrap
trub1,trub1
trub2,trub2
tsc1a,tsc1a
tsc1b,tsc1b
tsc2,tsc2
tsc22d1,tsc22d1
tsc22d2,tsc22d2
tsc22d3,tsc22d3
tsen15,tsen15
tsen2,tsen2
tsen34,tsen34
tsen54,tsen54
tsfm,tsfm
tsg101a,tsg101a
tsg101b,tsg101b
tsga10,tsga10
tshz1,tshz1
tshz2,tshz2
tshz3b,tshz3b
tsku,tsku
tsn,tsn
tsnax,tsnax
tsnaxip1,tsnaxip1
tspan10,tspan10
tspan11,tspan11
tspan12,tspan12
tspan13a,tspan13a
tspan13b,tspan13b
tspan14,tspan14
tspan15,tspan15
tspan17,tspan17
tspan18a,tspan18a
tspan18b,tspan18b
tspan2a,tspan2a
tspan2b,tspan2b
tspan31,tspan31
tspan33a,tspan33a
tspan35,tspan35
tspan36,tspan36
tspan37,tspan37
tspan3a,tspan3a
tspan3b,tspan3b
tspan4a,tspan4a
tspan4b,tspan4b
tspan5a,tspan5a
tspan5b,tspan5b
tspan7,tspan7
tspan7b,tspan7b
tspan9b,tspan9b
tspearb,tspearb
tspo,tspo
tspy,tspy
tsr1,tsr1
tsr2,tsr2
tsr3,tsr3
tssc4,tssc4
ttbk1a,ttbk1a
ttbk1b,ttbk1b
ttbk2b,ttbk2b
ttc1,ttc1
ttc12,ttc12
ttc13,ttc13
ttc14,ttc14
ttc17,ttc17
ttc19,ttc19
ttc21b,ttc21b
ttc23,ttc23
ttc25,ttc25
ttc26,ttc26
ttc27,ttc27
ttc29,ttc29
ttc3,ttc3
ttc32,ttc32
ttc33,ttc33
ttc37,ttc37
ttc38,ttc38
ttc39a,ttc39a
ttc39c,ttc39c
ttc4,ttc4
ttc5,ttc5
ttc6,ttc6
ttc7a,ttc7a
ttc7b,ttc7b
ttc9b,ttc9b
ttc9c,ttc9c
ttf1,ttf1
ttf2,ttf2
tti1,tti1
tti2,tti2
ttk,ttk
ttll1,ttll1
ttll10,ttll10
ttll11,ttll11
ttll12,ttll12
ttll4,ttll4
ttll5,ttll5
ttll6,ttll6
ttll7,ttll7
ttll9,ttll9
ttn.1,ttn.1
ttn.2,ttn.2
ttpa,ttpa
ttpal,ttpal
ttyh2,ttyh2
ttyh2l,ttyh2l
ttyh3a,ttyh3a
ttyh3b,ttyh3b
tuba1a,tuba1a
tuba1c,tuba1c
tuba2,tuba2
tuba4l,tuba4l
tuba7l,tuba7l
tuba8l,tuba8l
tuba8l2,tuba8l2
tuba8l3,tuba8l3
tuba8l4,tuba8l4
tubb1,tubb1
tubb2,tubb2
tubb2b,tubb2b
tubb4b,tubb4b
tubb5,tubb5
tubb6,tubb6
tubd1,tubd1
tube1,tube1
tubg1,tubg1
tubgcp2,tubgcp2
tubgcp3,tubgcp3
tubgcp4,tubgcp4
tubgcp5,tubgcp5
tufm,tufm
tuft1a,tuft1a
tuft1b,tuft1b
tulp1b,tulp1b
tulp4a,tulp4a
tusc2a,tusc2a
tusc2b,tusc2b
tusc3,tusc3
tut1,tut1
tvp23b,tvp23b
twf1b,twf1b
twf2b,twf2b
twist1a,twist1a
twist1b,twist1b
twist2,twist2
twist3,twist3
twistnb,twistnb
twnk,twnk
twsg1a,twsg1a
txlna,txlna
txlnba,txlnba
txlnbb,txlnbb
txlng,txlng
txn,txn
txn2,txn2
txndc11,txndc11
txndc12,txndc12
txndc16,txndc16
txndc17,txndc17
txndc5,txndc5
txndc9,txndc9
txnipa,txnipa
txnipb,txnipb
txnl1,txnl1
txnl4a,txnl4a
txnl4b,txnl4b
txnrd3,txnrd3
tyk2,tyk2
tyms,tyms
tyr,tyr
tyro3,tyro3
tyrp1a,tyrp1a
tyrp1b,tyrp1b
tysnd1,tysnd1
tyw1,tyw1
tyw3,tyw3
tyw5,tyw5
u2af1,u2af1
u2af2a,u2af2a
u2af2b,u2af2b
u2surp,u2surp
uacaa,uacaa
uacab,uacab
uap1,uap1
uap1l1,uap1l1
uba1,uba1
uba2,uba2
uba3,uba3
uba5,uba5
uba52,uba52
ubac1,ubac1
ubac2,ubac2
ubald1a,ubald1a
ubald1b,ubald1b
ubald2,ubald2
ubap1,ubap1
ubap1la,ubap1la
ubap2a,ubap2a
ubap2b,ubap2b
ubap2l,ubap2l
ubb,ubb
ubc,ubc
ube2a,ube2a
ube2al,ube2al
ube2b,ube2b
ube2c,ube2c
ube2d1a,ube2d1a
ube2d1b,ube2d1b
ube2d2,ube2d2
ube2d2l,ube2d2l
ube2d3,ube2d3
ube2d4,ube2d4
ube2e1,ube2e1
ube2e2,ube2e2
ube2e3,ube2e3
ube2f,ube2f
ube2g1a,ube2g1a
ube2g1b,ube2g1b
ube2g2,ube2g2
ube2h,ube2h
ube2ia,ube2ia
ube2ib,ube2ib
ube2j1,ube2j1
ube2j2,ube2j2
ube2ka,ube2ka
ube2kb,ube2kb
ube2l3a,ube2l3a
ube2l3b,ube2l3b
ube2na,ube2na
ube2nb,ube2nb
ube2q1,ube2q1
ube2q2,ube2q2
ube2ql1,ube2ql1
ube2r2,ube2r2
ube2s,ube2s
ube2t,ube2t
ube2v1,ube2v1
ube2v2,ube2v2
ube2w,ube2w
ube2z,ube2z
ube3a,ube3a
ube3b,ube3b
ube3c,ube3c
ube3d,ube3d
ube4a,ube4a
ube4b,ube4b
ubfd1,ubfd1
ubiad1,ubiad1
ubl3a,ubl3a
ubl3b,ubl3b
ubl7a,ubl7a
ubl7b,ubl7b
ubn2a,ubn2a
ubn2b,ubn2b
ubox5,ubox5
ubp1,ubp1
ubqln4,ubqln4
ubr1,ubr1
ubr2,ubr2
ubr3,ubr3
ubr4,ubr4
ubr5,ubr5
ubr7,ubr7
ubtd1b,ubtd1b
ubtd2,ubtd2
ubtf,ubtf
ubtfl,ubtfl
ubxn1,ubxn1
ubxn10,ubxn10
ubxn4,ubxn4
ubxn6,ubxn6
ubxn7,ubxn7
ubxn8,ubxn8
uchl1,uchl1
uchl3,uchl3
uchl5,uchl5
uck1,uck1
uck2a,uck2a
uck2b,uck2b
uckl1b,uckl1b
ucmab,ucmab
ucp1,ucp1
ucp2,ucp2
uevld,uevld
ufc1,ufc1
ufd1l,ufd1l
ufl1,ufl1
ufm1,ufm1
ufsp1,ufsp1
ufsp2,ufsp2
ugcg,ugcg
ugdh,ugdh
uggt1,uggt1
uggt2,uggt2
ugp2b,ugp2b
ugt1ab,ugt1ab
ugt1b5,ugt1b5
ugt2a4,ugt2a4
ugt2a5,ugt2a5
ugt2a7,ugt2a7
ugt5b1,ugt5b1
ugt5b2,ugt5b2
ugt5c3,ugt5c3
ugt8,ugt8
uhmk1,uhmk1
uhrf1,uhrf1
uhrf1bp1,uhrf1bp1
uhrf1bp1l,uhrf1bp1l
ulk1a,ulk1a
ulk1b,ulk1b
ulk2,ulk2
ulk4,ulk4
umad1,umad1
umps,umps
unc119.1,unc119.1
unc119a,unc119a
unc119b,unc119b
unc13d,unc13d
unc45a,unc45a
unc45b,unc45b
unc50,unc50
unc5a,unc5a
unc5b,unc5b
unc5c,unc5c
unc80,unc80
unc93b1,unc93b1
uncx,uncx
uncx4.1,uncx4.1
unga,unga
unk,unk
unkl,unkl
unm-hu7910,unm-hu7910
unm-hu7912,unm-hu7912
unm-sa1614,unm-sa1614
unm-sa911,unm-sa911
uox,uox
upb1,upb1
upf1,upf1
upf3a,upf3a
upf3b,upf3b
uprt,uprt
uqcc1,uqcc1
uqcc2,uqcc2
uqcc3,uqcc3
uqcr10,uqcr10
uqcrb,uqcrb
uqcrc1,uqcrc1
uqcrc2a,uqcrc2a
uqcrc2b,uqcrc2b
uqcrfs1,uqcrfs1
uqcrh,uqcrh
uqcrq,uqcrq
uraha,uraha
urb1,urb1
urb2,urb2
uri1,uri1
urm1,urm1
urod,urod
uros,uros
urp2,urp2
usb1,usb1
use1,use1
usf1,usf1
usf1l,usf1l
usf2,usf2
usf3,usf3
ush1c,ush1c
ush1ga,ush1ga
ush2a,ush2a
ushbp1,ushbp1
uso1,uso1
usp1,usp1
usp10,usp10
usp11,usp11
usp12a,usp12a
usp12b,usp12b
usp13,usp13
usp14,usp14
usp16,usp16
usp18,usp18
usp19,usp19
usp20,usp20
usp22,usp22
usp24,usp24
usp25,usp25
usp28,usp28
usp2a,usp2a
usp3,usp3
usp31,usp31
usp32,usp32
usp33,usp33
usp36,usp36
usp37,usp37
usp38,usp38
usp39,usp39
usp4,usp4
usp40,usp40
usp42,usp42
usp43b,usp43b
usp44,usp44
usp45,usp45
usp46,usp46
usp47,usp47
usp48,usp48
usp49,usp49
usp5,usp5
usp53b,usp53b
usp54a,usp54a
usp6nl,usp6nl
usp7,usp7
usp8,usp8
usp9,usp9
uspl1,uspl1
ust,ust
utp11l,utp11l
utp15,utp15
utp18,utp18
utp20,utp20
utp23,utp23
utp3,utp3
utp4,utp4
utp6,utp6
utrn,utrn
uts1,uts1
uvrag,uvrag
uvssa,uvssa
uxs1,uxs1
uxt,uxt
vac14,vac14
vamp1,vamp1
vamp2,vamp2
vamp3,vamp3
vamp4,vamp4
vamp5,vamp5
vamp8,vamp8
vangl2,vangl2
vapal,vapal
vapb,vapb
vars,vars
vars2,vars2
vash2,vash2
vasna,vasna
vasnb,vasnb
vaspa,vaspa
vaspb,vaspb
vat1,vat1
vat1l,vat1l
vav2,vav2
vax1,vax1
vax2,vax2
vbp1,vbp1
vcam1b,vcam1b
vcana,vcana
vcanb,vcanb
vcp,vcp
vcpkmt,vcpkmt
vdac1,vdac1
vdac2,vdac2
vdac3,vdac3
vdrb,vdrb
ved,ved
vegfaa,vegfaa
vegfab,vegfab
vegfc,vegfc
vegfd,vegfd
vent,vent
vezf1a,vezf1a
vezf1b,vezf1b
vgf,vgf
vgll2b,vgll2b
vgll4a,vgll4a
vgll4b,vgll4b
vgll4l,vgll4l
vhl,vhl
vil1,vil1
vim,vim
vimr1,vimr1
vimr2,vimr2
vipas39,vipas39
virma,virma
vkorc1l1,vkorc1l1
vldlr,vldlr
vma21,vma21
vmp1,vmp1
vox,vox
vps11,vps11
vps13a,vps13a
vps13c,vps13c
vps13d,vps13d
vps16,vps16
vps18,vps18
vps25,vps25
vps26a,vps26a
vps26b,vps26b
vps26bl,vps26bl
vps26c,vps26c
vps28,vps28
vps29,vps29
vps33a,vps33a
vps33b,vps33b
vps35,vps35
vps35l,vps35l
vps36,vps36
vps37a,vps37a
vps37b,vps37b
vps37c,vps37c
vps39,vps39
vps41,vps41
vps45,vps45
vps4a,vps4a
vps4b,vps4b
vps50,vps50
vps51,vps51
vps52,vps52
vps53,vps53
vps54,vps54
vps72,vps72
vps8,vps8
vps9d1,vps9d1
vrk1,vrk1
vrk2,vrk2
vrk3,vrk3
vrtn,vrtn
vsig10,vsig10
vsig8a,vsig8a
vsig8b,vsig8b
vsir,vsir
vsnl1a,vsnl1a
vstm4a,vstm4a
vstm4b,vstm4b
vsx1,vsx1
vsx2,vsx2
vta1,vta1
vtcn1,vtcn1
vti1a,vti1a
vti1b,vti1b
vtna,vtna
vwa1,vwa1
vwa10.1,vwa10.1
vwa8,vwa8
waca,waca
wapla,wapla
waplb,waplb
wars,wars
wars2,wars2
wasa,wasa
wasb,wasb
wasf1,wasf1
wasf2,wasf2
wasf3b,wasf3b
wash1,wash1
washc2c,washc2c
washc3,washc3
washc4,washc4
washc5,washc5
wasla,wasla
waslb,waslb
wbp1,wbp1
wbp11,wbp11
wbp2,wbp2
wbp2nl,wbp2nl
wbp4,wbp4
wdcp,wdcp
wdfy1,wdfy1
wdfy2,wdfy2
wdfy3,wdfy3
wdhd1,wdhd1
wdpcp,wdpcp
wdr11,wdr11
wdr12,wdr12
wdr13,wdr13
wdr18,wdr18
wdr19,wdr19
wdr24,wdr24
wdr26a,wdr26a
wdr26b,wdr26b
wdr3,wdr3
wdr32,wdr32
wdr33,wdr33
wdr34,wdr34
wdr35,wdr35
wdr36,wdr36
wdr37,wdr37
wdr4,wdr4
wdr41,wdr41
wdr43,wdr43
wdr44,wdr44
wdr45,wdr45
wdr45b,wdr45b
wdr46,wdr46
wdr47b,wdr47b
wdr48a,wdr48a
wdr48b,wdr48b
wdr5,wdr5
wdr53,wdr53
wdr54,wdr54
wdr55,wdr55
wdr59,wdr59
wdr6,wdr6
wdr60,wdr60
wdr61,wdr61
wdr62,wdr62
wdr66,wdr66
wdr73,wdr73
wdr74,wdr74
wdr75,wdr75
wdr76,wdr76
wdr78,wdr78
wdr81,wdr81
wdr82,wdr82
wdr83,wdr83
wdr83os,wdr83os
wdr89,wdr89
wdr90,wdr90
wdr91,wdr91
wdr92,wdr92
wdr93,wdr93
wdtc1,wdtc1
wdyhv1,wdyhv1
wee1,wee1
wee2,wee2
wfdc1,wfdc1
wfikkn1,wfikkn1
wfs1b,wfs1b
wif1,wif1
wipf1a,wipf1a
wipf1b,wipf1b
wipf2a,wipf2a
wipf2b,wipf2b
wipi1,wipi1
wipi2,wipi2
wisp3,wisp3
wls,wls
wnk1a,wnk1a
wnk1b,wnk1b
wnk2,wnk2
wnk4b,wnk4b
wnt10a,wnt10a
wnt11,wnt11
wnt11r,wnt11r
wnt16,wnt16
wnt2,wnt2
wnt2bb,wnt2bb
wnt4a,wnt4a
wnt5a,wnt5a
wnt5b,wnt5b
wnt6b,wnt6b
wnt7aa,wnt7aa
wnt7bb,wnt7bb
wnt8b,wnt8b
wnt9a,wnt9a
wrap53,wrap53
wrap73,wrap73
wrb,wrb
wrn,wrn
wrnip1,wrnip1
wsb1,wsb1
wsb2,wsb2
wscd1b,wscd1b
wt1a,wt1a
wtap,wtap
wtip,wtip
wu:fa19b12,wufa19b12
wu:fb18f06,wufb18f06
wu:fb44b02,wufb44b02
wu:fb59d01,wufb59d01
wu:fb72h05,wufb72h05
wu:fc21g02,wufc21g02
wu:fc23c09,wufc23c09
wu:fc30c06,wufc30c06
wu:fc75a09,wufc75a09
wu:fe05a04,wufe05a04
wu:fi04e12,wufi04e12
wu:fi42e03,wufi42e03
wu:fj05g07,wufj05g07
wu:fj16a03,wufj16a03
wu:fj29h11,wufj29h11
wu:fj64h06,wufj64h06
wu:fu71h07,wufu71h07
wwc1,wwc1
wwc3,wwc3
wwp1,wwp1
wwp2,wwp2
wwtr1,wwtr1
xab2,xab2
xbp1,xbp1
xdh,xdh
xiap,xiap
xirp1,xirp1
xirp2a,xirp2a
xkr5b,xkr5b
xkr6b,xkr6b
xkr8.2,xkr8.2
xkr8.3,xkr8.3
xkr9,xkr9
xkrx,xkrx
xpa,xpa
xpc,xpc
xpnpep1,xpnpep1
xpnpep2,xpnpep2
xpnpep3,xpnpep3
xpo1a,xpo1a
xpo1b,xpo1b
xpo4,xpo4
xpo6,xpo6
xpo7,xpo7
xpot,xpot
xpr1b,xpr1b
xrcc1,xrcc1
xrcc3,xrcc3
xrcc4,xrcc4
xrcc5,xrcc5
xrcc6,xrcc6
xrn1,xrn1
xrn2,xrn2
xrra1,xrra1
xylt1,xylt1
yaf2,yaf2
yap1,yap1
yars,yars
yars2,yars2
ybey,ybey
ybx1,ybx1
yeats2,yeats2
yeats4,yeats4
yif1a,yif1a
yif1b,yif1b
yipf1,yipf1
yipf2,yipf2
yipf3,yipf3
yipf4,yipf4
yipf5,yipf5
yipf6,yipf6
ykt6,ykt6
ylpm1,ylpm1
yme1l1a,yme1l1a
yme1l1b,yme1l1b
yod1,yod1
ypel3,ypel3
ypel5,ypel5
yrdc,yrdc
yrk,yrk
ythdc1,ythdc1
ythdf1,ythdf1
ythdf2,ythdf2
ythdf3,ythdf3
ywhaba,ywhaba
ywhabb,ywhabb
ywhabl,ywhabl
ywhae1,ywhae1
ywhae2,ywhae2
ywhag1,ywhag1
ywhag2,ywhag2
ywhah,ywhah
ywhaqa,ywhaqa
ywhaqb,ywhaqb
ywhaz,ywhaz
yy1a,yy1a
yy1b,yy1b
zak,zak
zar1,zar1
zbed4,zbed4
zbtb1,zbtb1
zbtb10,zbtb10
zbtb11,zbtb11
zbtb12.2,zbtb12.2
zbtb14,zbtb14
zbtb16a,zbtb16a
zbtb16b,zbtb16b
zbtb17,zbtb17
zbtb18,zbtb18
zbtb20,zbtb20
zbtb22b,zbtb22b
zbtb24,zbtb24
zbtb2a,zbtb2a
zbtb2b,zbtb2b
zbtb3,zbtb3
zbtb33,zbtb33
zbtb37,zbtb37
zbtb39,zbtb39
zbtb4,zbtb4
zbtb40,zbtb40
zbtb41,zbtb41
zbtb48,zbtb48
zbtb49,zbtb49
zbtb7a,zbtb7a
zbtb7b,zbtb7b
zbtb8a,zbtb8a
zbtb8b,zbtb8b
zbtb8os,zbtb8os
zc2hc1a,zc2hc1a
zc2hc1c,zc2hc1c
zc3h10,zc3h10
zc3h11a,zc3h11a
zc3h12b,zc3h12b
zc3h13,zc3h13
zc3h14,zc3h14
zc3h15,zc3h15
zc3h18,zc3h18
zc3h3,zc3h3
zc3h4,zc3h4
zc3h6,zc3h6
zc3h7a,zc3h7a
zc3h7b,zc3h7b
zc3hc1,zc3hc1
zc4h2,zc4h2
zcchc10,zcchc10
zcchc11,zcchc11
zcchc14,zcchc14
zcchc17,zcchc17
zcchc2,zcchc2
zcchc24,zcchc24
zcchc4,zcchc4
zcchc7,zcchc7
zcchc8,zcchc8
zcchc9,zcchc9
zcrb1,zcrb1
zdhhc1,zdhhc1
zdhhc12a,zdhhc12a
zdhhc13,zdhhc13
zdhhc14,zdhhc14
zdhhc15a,zdhhc15a
zdhhc15b,zdhhc15b
zdhhc16a,zdhhc16a
zdhhc16b,zdhhc16b
zdhhc18a,zdhhc18a
zdhhc18b,zdhhc18b
zdhhc2,zdhhc2
zdhhc20a,zdhhc20a
zdhhc20b,zdhhc20b
zdhhc21,zdhhc21
zdhhc23b,zdhhc23b
zdhhc24,zdhhc24
zdhhc3a,zdhhc3a
zdhhc3b,zdhhc3b
zdhhc4,zdhhc4
zdhhc5a,zdhhc5a
zdhhc5b,zdhhc5b
zdhhc6,zdhhc6
zdhhc7,zdhhc7
zdhhc8b,zdhhc8b
zdhhc9,zdhhc9
zeb1a,zeb1a
zeb1b,zeb1b
zeb2a,zeb2a
zeb2b,zeb2b
zer1,zer1
zfand1,zfand1
zfand2a,zfand2a
zfand3,zfand3
zfand4,zfand4
zfand5a,zfand5a
zfand5b,zfand5b
zfand6,zfand6
zfat,zfat
zfhx3,zfhx3
zfhx4,zfhx4
zfp36l1a,zfp36l1a
zfp36l1b,zfp36l1b
zfp36l2,zfp36l2
zfp64,zfp64
zfpl1,zfpl1
zfpm1,zfpm1
zfpm2a,zfpm2a
zfpm2b,zfpm2b
zfr,zfr
zfr2,zfr2
zfx,zfx
zfyve16,zfyve16
zfyve19,zfyve19
zfyve21,zfyve21
zfyve26,zfyve26
zfyve27,zfyve27
zfyve28,zfyve28
zfyve9a,zfyve9a
zgc:100829,zgc100829
zgc:100832,zgc100832
zgc:100846,zgc100846
zgc:100868,zgc100868
zgc:100906,zgc100906
zgc:100911,zgc100911
zgc:100918,zgc100918
zgc:100920,zgc100920
zgc:101016,zgc101016
zgc:101100,zgc101100
zgc:101130,zgc101130
zgc:101559,zgc101559
zgc:101562,zgc101562
zgc:101566,zgc101566
zgc:101569,zgc101569
zgc:101577,zgc101577
zgc:101583,zgc101583
zgc:101640,zgc101640
zgc:101663,zgc101663
zgc:101664,zgc101664
zgc:101679,zgc101679
zgc:101715,zgc101715
zgc:101716,zgc101716
zgc:101723,zgc101723
zgc:101731,zgc101731
zgc:101744,zgc101744
zgc:101765,zgc101765
zgc:101783,zgc101783
zgc:101785,zgc101785
zgc:101810,zgc101810
zgc:101840,zgc101840
zgc:101851,zgc101851
zgc:101853,zgc101853
zgc:101858,zgc101858
zgc:103438,zgc103438
zgc:103482,zgc103482
zgc:103499,zgc103499
zgc:103508,zgc103508
zgc:103564,zgc103564
zgc:103586,zgc103586
zgc:103678,zgc103678
zgc:103681,zgc103681
zgc:103692,zgc103692
zgc:103697,zgc103697
zgc:109744,zgc109744
zgc:109889,zgc109889
zgc:109934,zgc109934
zgc:109949,zgc109949
zgc:109986,zgc109986
zgc:110006,zgc110006
zgc:110045,zgc110045
zgc:110063,zgc110063
zgc:110130,zgc110130
zgc:110158,zgc110158
zgc:110182,zgc110182
zgc:110183,zgc110183
zgc:110216,zgc110216
zgc:110224,zgc110224
zgc:110239,zgc110239
zgc:110249,zgc110249
zgc:110269,zgc110269
zgc:110319,zgc110319
zgc:110329,zgc110329
zgc:110339,zgc110339
zgc:110353,zgc110353
zgc:110366,zgc110366
zgc:110425,zgc110425
zgc:110540,zgc110540
zgc:110591,zgc110591
zgc:110626,zgc110626
zgc:110712,zgc110712
zgc:110782,zgc110782
zgc:110783,zgc110783
zgc:110788,zgc110788
zgc:110789,zgc110789
zgc:110796,zgc110796
zgc:110821,zgc110821
zgc:110843,zgc110843
zgc:111868,zgc111868
zgc:111983,zgc111983
zgc:111986,zgc111986
zgc:112023,zgc112023
zgc:112038,zgc112038
zgc:112052,zgc112052
zgc:112056,zgc112056
zgc:112083,zgc112083
zgc:112146,zgc112146
zgc:112148,zgc112148
zgc:112163,zgc112163
zgc:112175,zgc112175
zgc:112185,zgc112185
zgc:112234,zgc112234
zgc:112255,zgc112255
zgc:112271,zgc112271
zgc:112285,zgc112285
zgc:112332,zgc112332
zgc:112334,zgc112334
zgc:112356,zgc112356
zgc:112392,zgc112392
zgc:112433,zgc112433
zgc:112496,zgc112496
zgc:112962,zgc112962
zgc:112964,zgc112964
zgc:112966,zgc112966
zgc:112970,zgc112970
zgc:112980,zgc112980
zgc:112982,zgc112982
zgc:112994,zgc112994
zgc:113019,zgc113019
zgc:113030,zgc113030
zgc:113054,zgc113054
zgc:113090,zgc113090
zgc:113102,zgc113102
zgc:113119,zgc113119
zgc:113149,zgc113149
zgc:113162,zgc113162
zgc:113176,zgc113176
zgc:113184,zgc113184
zgc:113208,zgc113208
zgc:113209,zgc113209
zgc:113210,zgc113210
zgc:113220,zgc113220
zgc:113223,zgc113223
zgc:113227,zgc113227
zgc:113229,zgc113229
zgc:113232,zgc113232
zgc:113263,zgc113263
zgc:113294,zgc113294
zgc:113295,zgc113295
zgc:113298,zgc113298
zgc:113307,zgc113307
zgc:113314,zgc113314
zgc:113333,zgc113333
zgc:113336,zgc113336
zgc:113337,zgc113337
zgc:113340,zgc113340
zgc:113343,zgc113343
zgc:113348,zgc113348
zgc:113363,zgc113363
zgc:113372,zgc113372
zgc:113411,zgc113411
zgc:113423,zgc113423
zgc:113425,zgc113425
zgc:113426,zgc113426
zgc:113436,zgc113436
zgc:113442,zgc113442
zgc:113443,zgc113443
zgc:113452,zgc113452
zgc:113518,zgc113518
zgc:113691,zgc113691
zgc:113921,zgc113921
zgc:113983,zgc113983
zgc:114041,zgc114041
zgc:114045,zgc114045
zgc:114046,zgc114046
zgc:114081,zgc114081
zgc:114104,zgc114104
zgc:114119,zgc114119
zgc:114120,zgc114120
zgc:114123,zgc114123
zgc:114130,zgc114130
zgc:114174,zgc114174
zgc:114181,zgc114181
zgc:114188,zgc114188
zgc:114200,zgc114200
zgc:122979,zgc122979
zgc:123010,zgc123010
zgc:123068,zgc123068
zgc:123105,zgc123105
zgc:123295,zgc123295
zgc:123305,zgc123305
zgc:136439,zgc136439
zgc:136472,zgc136472
zgc:136493,zgc136493
zgc:136564,zgc136564
zgc:136858,zgc136858
zgc:136870,zgc136870
zgc:136908,zgc136908
zgc:136929,zgc136929
zgc:136971,zgc136971
zgc:152670,zgc152670
zgc:152774,zgc152774
zgc:152830,zgc152830
zgc:152863,zgc152863
zgc:152891,zgc152891
zgc:152938,zgc152938
zgc:152948,zgc152948
zgc:152951,zgc152951
zgc:152968,zgc152968
zgc:153012,zgc153012
zgc:153018,zgc153018
zgc:153039,zgc153039
zgc:153044,zgc153044
zgc:153115,zgc153115
zgc:153116,zgc153116
zgc:153146,zgc153146
zgc:153151,zgc153151
zgc:153169,zgc153169
zgc:153184,zgc153184
zgc:153215,zgc153215
zgc:153219,zgc153219
zgc:153240,zgc153240
zgc:153247,zgc153247
zgc:153284,zgc153284
zgc:153292,zgc153292
zgc:153293,zgc153293
zgc:153345,zgc153345
zgc:153352,zgc153352
zgc:153372,zgc153372
zgc:153383,zgc153383
zgc:153395,zgc153395
zgc:153405,zgc153405
zgc:153426,zgc153426
zgc:153499,zgc153499
zgc:153521,zgc153521
zgc:153595,zgc153595
zgc:153631,zgc153631
zgc:153665,zgc153665
zgc:153675,zgc153675
zgc:153733,zgc153733
zgc:153738,zgc153738
zgc:153759,zgc153759
zgc:153867,zgc153867
zgc:153896,zgc153896
zgc:153901,zgc153901
zgc:153911,zgc153911
zgc:153929,zgc153929
zgc:153935,zgc153935
zgc:153953,zgc153953
zgc:153981,zgc153981
zgc:153990,zgc153990
zgc:153993,zgc153993
zgc:154006,zgc154006
zgc:154046,zgc154046
zgc:154054,zgc154054
zgc:154055,zgc154055
zgc:154058,zgc154058
zgc:154061,zgc154061
zgc:154075,zgc154075
zgc:154077,zgc154077
zgc:154093,zgc154093
zgc:158225,zgc158225
zgc:158254,zgc158254
zgc:158257,zgc158257
zgc:158263,zgc158263
zgc:158291,zgc158291
zgc:158296,zgc158296
zgc:158320,zgc158320
zgc:158328,zgc158328
zgc:158343,zgc158343
zgc:158366,zgc158366
zgc:158398,zgc158398
zgc:158403,zgc158403
zgc:158423,zgc158423
zgc:158464,zgc158464
zgc:158482,zgc158482
zgc:158564,zgc158564
zgc:158619,zgc158619
zgc:158640,zgc158640
zgc:158654,zgc158654
zgc:158689,zgc158689
zgc:158785,zgc158785
zgc:158846,zgc158846
zgc:158852,zgc158852
zgc:158868,zgc158868
zgc:161969,zgc161969
zgc:161973,zgc161973
zgc:162025,zgc162025
zgc:162144,zgc162144
zgc:162182,zgc162182
zgc:162198,zgc162198
zgc:162200,zgc162200
zgc:162255,zgc162255
zgc:162344,zgc162344
zgc:162396,zgc162396
zgc:162472,zgc162472
zgc:162509,zgc162509
zgc:162611,zgc162611
zgc:162612,zgc162612
zgc:162613,zgc162613
zgc:162698,zgc162698
zgc:162707,zgc162707
zgc:162730,zgc162730
zgc:162780,zgc162780
zgc:162816,zgc162816
zgc:162879,zgc162879
zgc:162898,zgc162898
zgc:162928,zgc162928
zgc:162936,zgc162936
zgc:162939,zgc162939
zgc:162944,zgc162944
zgc:162945,zgc162945
zgc:162948,zgc162948
zgc:162958,zgc162958
zgc:162962,zgc162962
zgc:162964,zgc162964
zgc:162972,zgc162972
zgc:162989,zgc162989
zgc:163030,zgc163030
zgc:163057,zgc163057
zgc:163061,zgc163061
zgc:163073,zgc163073
zgc:163077,zgc163077
zgc:163098,zgc163098
zgc:163121,zgc163121
zgc:163143,zgc163143
zgc:165409,zgc165409
zgc:165461,zgc165461
zgc:165515,zgc165515
zgc:165532,zgc165532
zgc:165539,zgc165539
zgc:165555,zgc165555
zgc:165573,zgc165573
zgc:171220,zgc171220
zgc:171242,zgc171242
zgc:171422,zgc171422
zgc:171452,zgc171452
zgc:171459,zgc171459
zgc:171480,zgc171480
zgc:171490,zgc171490
zgc:171497,zgc171497
zgc:171551,zgc171551
zgc:171558,zgc171558
zgc:171566,zgc171566
zgc:171579,zgc171579
zgc:171592,zgc171592
zgc:171599,zgc171599
zgc:171673,zgc171673
zgc:171686,zgc171686
zgc:171687,zgc171687
zgc:171704,zgc171704
zgc:171740,zgc171740
zgc:171759,zgc171759
zgc:171772,zgc171772
zgc:171775,zgc171775
zgc:171776,zgc171776
zgc:171779,zgc171779
zgc:171844,zgc171844
zgc:171901,zgc171901
zgc:171967,zgc171967
zgc:171971,zgc171971
zgc:172014,zgc172014
zgc:172079,zgc172079
zgc:172106,zgc172106
zgc:172120,zgc172120
zgc:172121,zgc172121
zgc:172136,zgc172136
zgc:172182,zgc172182
zgc:172341,zgc172341
zgc:173544,zgc173544
zgc:173548,zgc173548
zgc:173577,zgc173577
zgc:173585,zgc173585
zgc:173587,zgc173587
zgc:173593,zgc173593
zgc:173624,zgc173624
zgc:173702,zgc173702
zgc:173714,zgc173714
zgc:173726,zgc173726
zgc:173742,zgc173742
zgc:173770,zgc173770
zgc:173915,zgc173915
zgc:174153,zgc174153
zgc:174154,zgc174154
zgc:174164,zgc174164
zgc:174263,zgc174263
zgc:174275,zgc174275
zgc:174310,zgc174310
zgc:174315,zgc174315
zgc:174564,zgc174564
zgc:174573,zgc174573
zgc:174574,zgc174574
zgc:174653,zgc174653
zgc:174680,zgc174680
zgc:174696,zgc174696
zgc:174704,zgc174704
zgc:174855,zgc174855
zgc:174862,zgc174862
zgc:174863,zgc174863
zgc:174877,zgc174877
zgc:174888,zgc174888
zgc:174895,zgc174895
zgc:174904,zgc174904
zgc:174906,zgc174906
zgc:174917,zgc174917
zgc:174935,zgc174935
zgc:174938,zgc174938
zgc:174945,zgc174945
zgc:174972,zgc174972
zgc:175066,zgc175066
zgc:175088,zgc175088
zgc:175107,zgc175107
zgc:175214,zgc175214
zgc:175264,zgc175264
zgc:175284,zgc175284
zgc:193505,zgc193505
zgc:193541,zgc193541
zgc:193598,zgc193598
zgc:193690,zgc193690
zgc:193711,zgc193711
zgc:193726,zgc193726
zgc:193742,zgc193742
zgc:193801,zgc193801
zgc:193807,zgc193807
zgc:193811,zgc193811
zgc:193812,zgc193812
zgc:194007,zgc194007
zgc:194101,zgc194101
zgc:194125,zgc194125
zgc:194207,zgc194207
zgc:194209,zgc194209
zgc:194210,zgc194210
zgc:194215,zgc194215
zgc:194224,zgc194224
zgc:194246,zgc194246
zgc:194275,zgc194275
zgc:194285,zgc194285
zgc:194312,zgc194312
zgc:194330,zgc194330
zgc:194392,zgc194392
zgc:194398,zgc194398
zgc:194469,zgc194469
zgc:194551,zgc194551
zgc:194578,zgc194578
zgc:194621,zgc194621
zgc:194627,zgc194627
zgc:194665,zgc194665
zgc:194679,zgc194679
zgc:194839,zgc194839
zgc:194930,zgc194930
zgc:194981,zgc194981
zgc:194989,zgc194989
zgc:195170,zgc195170
zgc:195173,zgc195173
zgc:195282,zgc195282
zgc:198419,zgc198419
zgc:55262,zgc55262
zgc:55413,zgc55413
zgc:55461,zgc55461
zgc:55558,zgc55558
zgc:55582,zgc55582
zgc:55733,zgc55733
zgc:55781,zgc55781
zgc:55943,zgc55943
zgc:56095,zgc56095
zgc:56106,zgc56106
zgc:56231,zgc56231
zgc:56235,zgc56235
zgc:56304,zgc56304
zgc:56409,zgc56409
zgc:56493,zgc56493
zgc:56525,zgc56525
zgc:56556,zgc56556
zgc:56585,zgc56585
zgc:56596,zgc56596
zgc:56622,zgc56622
zgc:56628,zgc56628
zgc:56699,zgc56699
zgc:63470,zgc63470
zgc:63568,zgc63568
zgc:63587,zgc63587
zgc:63733,zgc63733
zgc:63831,zgc63831
zgc:63863,zgc63863
zgc:63882,zgc63882
zgc:63972,zgc63972
zgc:64002,zgc64002
zgc:64022,zgc64022
zgc:64051,zgc64051
zgc:64065,zgc64065
zgc:64106,zgc64106
zgc:65851,zgc65851
zgc:65873,zgc65873
zgc:65894,zgc65894
zgc:65895,zgc65895
zgc:65997,zgc65997
zgc:66014,zgc66014
zgc:66160,zgc66160
zgc:66313,zgc66313
zgc:66426,zgc66426
zgc:66427,zgc66427
zgc:66433,zgc66433
zgc:66443,zgc66443
zgc:66447,zgc66447
zgc:66448,zgc66448
zgc:66455,zgc66455
zgc:66472,zgc66472
zgc:66474,zgc66474
zgc:66475,zgc66475
zgc:66479,zgc66479
zgc:66484,zgc66484
zgc:77056,zgc77056
zgc:77086,zgc77086
zgc:77112,zgc77112
zgc:77118,zgc77118
zgc:77151,zgc77151
zgc:77158,zgc77158
zgc:77262,zgc77262
zgc:77287,zgc77287
zgc:77439,zgc77439
zgc:77486,zgc77486
zgc:77517,zgc77517
zgc:77614,zgc77614
zgc:77650,zgc77650
zgc:77739,zgc77739
zgc:77784,zgc77784
zgc:77838,zgc77838
zgc:77849,zgc77849
zgc:77880,zgc77880
zgc:77929,zgc77929
zgc:77938,zgc77938
zgc:85722,zgc85722
zgc:85777,zgc85777
zgc:85789,zgc85789
zgc:85843,zgc85843
zgc:85858,zgc85858
zgc:85932,zgc85932
zgc:85936,zgc85936
zgc:85975,zgc85975
zgc:86586,zgc86586
zgc:86598,zgc86598
zgc:86609,zgc86609
zgc:86764,zgc86764
zgc:86811,zgc86811
zgc:86896,zgc86896
zgc:91818,zgc91818
zgc:91849,zgc91849
zgc:91860,zgc91860
zgc:91890,zgc91890
zgc:91908,zgc91908
zgc:91909,zgc91909
zgc:91910,zgc91910
zgc:91940,zgc91940
zgc:91944,zgc91944
zgc:91968,zgc91968
zgc:91976,zgc91976
zgc:92027,zgc92027
zgc:92041,zgc92041
zgc:92066,zgc92066
zgc:92107,zgc92107
zgc:92137,zgc92137
zgc:92140,zgc92140
zgc:92161,zgc92161
zgc:92242,zgc92242
zgc:92249,zgc92249
zgc:92287,zgc92287
zgc:92313,zgc92313
zgc:92335,zgc92335
zgc:92360,zgc92360
zgc:92380,zgc92380
zgc:92480,zgc92480
zgc:92481,zgc92481
zgc:92518,zgc92518
zgc:92590,zgc92590
zgc:92606,zgc92606
zgc:92630,zgc92630
zgc:92664,zgc92664
zgc:92749,zgc92749
zgc:92789,zgc92789
zgc:92818,zgc92818
zgc:92873,zgc92873
zgc:92907,zgc92907
zgpat,zgpat
zhx2a,zhx2a
zhx3,zhx3
zic1,zic1
zic2a,zic2a
zic2b,zic2b
zic3,zic3
zic4,zic4
zic5,zic5
zic6,zic6
zmat2,zmat2
zmat5,zmat5
zmiz1a,zmiz1a
zmiz2,zmiz2
zmp:0000000521,zmp0000000521
zmp:0000000619,zmp0000000619
zmp:0000000624,zmp0000000624
zmp:0000000652,zmp0000000652
zmp:0000000662,zmp0000000662
zmp:0000000711,zmp0000000711
zmp:0000000758,zmp0000000758
zmp:0000000760,zmp0000000760
zmp:0000000846,zmp0000000846
zmp:0000000932,zmp0000000932
zmp:0000000936,zmp0000000936
zmp:0000000951,zmp0000000951
zmp:0000000991,zmp0000000991
zmp:0000001003,zmp0000001003
zmp:0000001082,zmp0000001082
zmp:0000001114,zmp0000001114
zmp:0000001168,zmp0000001168
zmp:0000001175,zmp0000001175
zmp:0000001316,zmp0000001316
zmpste24,zmpste24
zmym2,zmym2
zmym4,zmym4
zmynd10,zmynd10
zmynd11,zmynd11
zmynd19,zmynd19
zmynd8,zmynd8
znf1004,znf1004
znf1005,znf1005
znf1007,znf1007
znf1008,znf1008
znf1014,znf1014
znf1015,znf1015
znf1020,znf1020
znf1021,znf1021
znf1025,znf1025
znf1028,znf1028
znf1035,znf1035
znf1040,znf1040
znf1041,znf1041
znf1048,znf1048
znf1050,znf1050
znf1051,znf1051
znf1055,znf1055
znf1059,znf1059
znf1060,znf1060
znf1063,znf1063
znf1065,znf1065
znf1066,znf1066
znf1068,znf1068
znf106a,znf106a
znf106b,znf106b
znf1077,znf1077
znf1079,znf1079
znf1087,znf1087
znf1090,znf1090
znf1094,znf1094
znf1095,znf1095
znf1101,znf1101
znf1112,znf1112
znf1114,znf1114
znf1117,znf1117
znf1118,znf1118
znf1121,znf1121
znf1124,znf1124
znf1129,znf1129
znf1130,znf1130
znf1133,znf1133
znf1134,znf1134
znf1136,znf1136
znf1140,znf1140
znf1141,znf1141
znf1143,znf1143
znf1148,znf1148
znf1156,znf1156
znf1157,znf1157
znf1161,znf1161
znf1162,znf1162
znf1168,znf1168
znf1174,znf1174
znf1175,znf1175
znf1181,znf1181
znf131,znf131
znf142,znf142
znf143a,znf143a
znf143b,znf143b
znf148,znf148
znf16l,znf16l
znf185,znf185
znf207a,znf207a
znf207b,znf207b
znf217,znf217
znf219,znf219
znf236,znf236
znf277,znf277
znf280d,znf280d
znf281a,znf281a
znf281b,znf281b
znf292a,znf292a
znf292b,znf292b
znf296,znf296
znf318,znf318
znf330,znf330
znf341,znf341
znf346,znf346
znf362a,znf362a
znf362b,znf362b
znf367,znf367
znf384l,znf384l
znf385a,znf385a
znf385b,znf385b
znf395a,znf395a
znf395b,znf395b
znf408,znf408
znf410,znf410
znf438,znf438
znf451,znf451
znf45l,znf45l
znf503,znf503
znf507,znf507
znf511,znf511
znf512,znf512
znf513a,znf513a
znf516,znf516
znf526,znf526
znf532,znf532
znf536,znf536
znf574,znf574
znf576.1,znf576.1
znf576.2,znf576.2
znf593,znf593
znf598,znf598
znf609a,znf609a
znf609b,znf609b
znf618,znf618
znf622,znf622
znf644a,znf644a
znf644b,znf644b
znf646,znf646
znf652,znf652
znf653,znf653
znf654,znf654
znf668,znf668
znf687a,znf687a
znf687b,znf687b
znf692,znf692
znf703,znf703
znf704,znf704
znf706,znf706
znf710a,znf710a
znf710b,znf710b
znf711,znf711
znf740a,znf740a
znf740b,znf740b
znf750,znf750
znf76,znf76
znf770,znf770
znf800a,znf800a
znf800b,znf800b
znf827,znf827
znf839,znf839
znf865,znf865
znf971,znf971
znf982,znf982
znf986,znf986
znf989,znf989
znf991,znf991
znf992,znf992
znf999,znf999
znfl2a,znfl2a
znhit1,znhit1
znhit2,znhit2
znhit3,znhit3
znrd1,znrd1
znrf1,znrf1
znrf2a,znrf2a
znrf2b,znrf2b
znrf3,znrf3
zp2.1,zp2.1
zp2.2,zp2.2
zp2.3,zp2.3
zp2.6,zp2.6
zp3.2,zp3.2
zp3a.1,zp3a.1
zp3a.2,zp3a.2
zp3b,zp3b
zpr1,zpr1
zranb1a,zranb1a
zranb1b,zranb1b
zranb2,zranb2
zranb3,zranb3
zrsr2,zrsr2
zswim5,zswim5
zswim7,zswim7
zswim8,zswim8
zufsp,zufsp
zw10,zw10
zwilch,zwilch
zyg11,zyg11
zyx,zyx
zzef1,zzef1
zzz3,zzz3
AL645691.1,AL645691.1
AL929237.3,AL929237.3
AL929457.1,AL929457.1
AL953886.2,AL953886.2
AL954327.1,AL954327.1
AL954694.1,AL954694.1
BX000438.2,BX000438.2
BX000981.2,BX000981.2
BX005048.1,BX005048.1
BX005275.2,BX005275.2
BX005396.2,BX005396.2
BX005477.1,BX005477.1
BX088583.2,BX088583.2
BX119902.2,BX119902.2
BX248122.1,BX248122.1
BX255963.1,BX255963.1
BX322575.1,BX322575.1
BX322665.3,BX322665.3
BX323062.1,BX323062.1
BX323082.1,BX323082.1
BX323837.1,BX323837.1
BX324110.1,BX324110.1
BX324206.2,BX324206.2
BX324207.1,BX324207.1
BX324216.2,BX324216.2
BX511021.1,BX511021.1
BX511173.1,BX511173.1
BX537303.1,BX537303.1
BX546459.1,BX546459.1
BX548015.2,BX548015.2
BX571678.1,BX571678.1
BX571880.1,BX571880.1
BX640520.2,BX640520.2
BX649300.1,BX649300.1
BX649416.2,BX649416.2
BX664721.3,BX664721.3
BX890559.1,BX890559.1
BX901962.4,BX901962.4
BX927323.1,BX927323.1
BX927361.1,BX927361.1
BX936308.1,BX936308.1
C2orf88,C2orf88
CABZ01064671.1,CABZ01064671.1
CABZ01066926.1,CABZ01066926.1
CABZ01069020.1,CABZ01069020.1
CABZ01069040.1,CABZ01069040.1
CABZ01070258.1,CABZ01070258.1
CABZ01071056.1,CABZ01071056.1
CABZ01073424.2,CABZ01073424.2
CABZ01078120.1,CABZ01078120.1
CABZ01078733.1,CABZ01078733.1
CABZ01080599.1,CABZ01080599.1
CABZ01081747.1,CABZ01081747.1
CABZ01081752.3,CABZ01081752.3
CABZ01085201.1,CABZ01085201.1
CABZ01090041.1,CABZ01090041.1
CABZ01101813.1,CABZ01101813.1
CABZ01101977.1,CABZ01101977.1
CABZ01112461.1,CABZ01112461.1
CABZ01112804.1,CABZ01112804.1
CABZ01113816.1,CABZ01113816.1
CR293531.1,CR293531.1
CR339054.2,CR339054.2
CR354430.4,CR354430.4
CR356246.1,CR356246.1
CR376800.1,CR376800.1
CR376821.1,CR376821.1
CR376861.1,CR376861.1
CR383668.2,CR383668.2
CR387933.1,CR387933.1
CR388042.1,CR388042.1
CR391944.1,CR391944.1
CR396583.1,CR396583.1
CR589876.1,CR589876.1
CR749762.2,CR749762.2
CR749775.1,CR749775.1
CR753902.1,CR753902.1
CR774195.1,CR774195.1
CR786571.2,CR786571.2
CR788226.1,CR788226.1
CR790366.2,CR790366.2
CR812481.1,CR812481.1
CR854963.1,CR854963.1
CR854989.1,CR854989.1
CR855257.1,CR855257.1
CR855379.1,CR855379.1
CR925709.2,CR925709.2
CR936442.1,CR936442.1
CT009620.1,CT009620.1
CT027696.1,CT027696.1
CT027801.2,CT027801.2
CT027989.1,CT027989.1
CT030129.1,CT030129.1
CT573357.1,CT573357.1
CU137680.1,CU137680.1
CU207245.1,CU207245.1
CU210890.1,CU210890.1
CU326349.1,CU326349.1
CU457819.2,CU457819.2
CU459094.3,CU459094.3
CU467639.1,CU467639.1
CU467646.2,CU467646.2
CU468041.2,CU468041.2
CU468917.1,CU468917.1
CU469420.3,CU469420.3
CU469530.1,CU469530.1
CU570782.1,CU570782.1
CU570791.1,CU570791.1
CU570881.2,CU570881.2
CU571323.1,CU571323.1
CU633999.2,CU633999.2
CU651669.1,CU651669.1
CU693379.1,CU693379.1
CU695223.1,CU695223.1
CU695232.1,CU695232.1
CU914622.1,CU914622.1
CU929079.1,CU929079.1
CU929391.2,CU929391.2
CU929544.1,CU929544.1
CU929676.1,CU929676.1
DPYSL2,DPYSL2
F7,F7
FBLN1,FBLN1
FO393424.2,FO393424.2
FO704821.1,FO704821.1
FO834850.1,FO834850.1
FO904898.3,FO904898.3
FO904970.1,FO904970.1
FP016142.1,FP016142.1
FP016234.1,FP016234.1
FP017151.1,FP017151.1
FP236318.1,FP236318.1
FP236318.3,FP236318.3
FQ378016.1,FQ378016.1
GFOD1,GFOD1
IL4I1,IL4I1
JMY,JMY
KCNJ15,KCNJ15
LO018315.10,LO018315.10
LT631684.1,LT631684.1
MAP3K11,MAP3K11
NABP2,NABP2
NC-002333.13,NC-002333.13
NC-002333.3,NC-002333.3
NRXN2,NRXN2
PDZD4,PDZD4
POLR2E,POLR2E
PQLC1,PQLC1
PTGFRN,PTGFRN
RF00019,RF00019
RF00421,RF00421
RNF5,RNF5
SLC16A7,SLC16A7
SLC9A1,SLC9A1
SMIM18,SMIM18
SPATA5,SPATA5
SYDE2,SYDE2
TMEM151A,TMEM151A
TMEM38B,TMEM38B
UNC13B,UNC13B
UTS2R,UTS2R
VASH1,VASH1
abcb6b,abcb6b
abcc8,abcc8
abcd1,abcd1
abhd11,abhd11
aclyb,aclyb
acot17,acot17
acox3,acox3
acp5b,acp5b
adam11,adam11
adam8b,adam8b
adcy2a,adcy2a
adcyap1r1a,adcyap1r1a
adcyap1r1b,adcyap1r1b
adgrd2,adgrd2
adgrl1a,adgrl1a
adkb,adkb
aftpha,aftpha
agap3,agap3
aig1,aig1
akap12a,akap12a
ankrd1b,ankrd1b
ankrd33ab,ankrd33ab
ankrd52a,ankrd52a
ankrd9,ankrd9
anks1aa,anks1aa
ano5a,ano5a
anpepa,anpepa
antxr1b,antxr1b
anxa2b,anxa2b
arf3a,arf3a
arhgef10,arhgef10
arhgef9a,arhgef9a
arnt,arnt
arrb1,arrb1
asb13a.1,asb13a.1
asic4a,asic4a
asxl2,asxl2
atad3,atad3
atl1,atl1
atoh1c,atoh1c
atp6ap1la,atp6ap1la
atp6ap1lb,atp6ap1lb
atp8b3,atp8b3
atrnl1a,atrnl1a
atxn1a,atxn1a
atxn1l,atxn1l
azi2,azi2
b3glctb,b3glctb
b4galt1,b4galt1
b4galt3,b4galt3
baalcb,baalcb
bace2,bace2
bach1a,bach1a
bco2a,bco2a
bco2l,bco2l
bean1,bean1
bmp3,bmp3
bmper,bmper
brcc3,brcc3
bspry,bspry
btbd3a,btbd3a
btbd7,btbd7
btr09,btr09
buc,buc
c16h2orf66,c16h2orf66
c1qtnf4,c1qtnf4
c2cd4a,c2cd4a
c7a,c7a
c8g,c8g
ca4c,ca4c
cacna1i,cacna1i
cacna1sa,cacna1sa
cacng2b,cacng2b
cacng4b,cacng4b
cadm1a,cadm1a
cadm1b,cadm1b
caln2,caln2
camkk1b,camkk1b
camkva,camkva
camkvb,camkvb
casd1,casd1
casp6,casp6
casp6l1,casp6l1
cavin1b,cavin1b
ccdc105,ccdc105
ccl19a.2,ccl19a.2
ccl38a.4,ccl38a.4
ccl44,ccl44
ccsapa,ccsapa
cd74a,cd74a
cdh16,cdh16
cdh23,cdh23
cdk20,cdk20
cel.2,cel.2
cep104,cep104
cfap161,cfap161
chgb,chgb
chia.2,chia.2
chrna4b,chrna4b
chst2b,chst2b
ciartb,ciartb
clcn2a,clcn2a
cldn11a,cldn11a
cldnd1b,cldnd1b
cnfn,cnfn
cngb1a,cngb1a
cnnm4b,cnnm4b
cntn5,cntn5
col18a1b,col18a1b
comtd1,comtd1
cpa4,cpa4
cpeb3,cpeb3
cracr2ab,cracr2ab
creb5a,creb5a
crfb12,crfb12
crx,crx
cryba2a,cryba2a
cthl,cthl
cx30.9,cx30.9
cyp1c2,cyp1c2
cyp3a65,cyp3a65
dand5,dand5
ddhd2,ddhd2
ddr2l,ddr2l
dicp2.1,dicp2.1
dicp3.3,dicp3.3
dip2a,dip2a
dip2cb,dip2cb
dnah11,dnah11
dok7,dok7
dpp4,dpp4
dpyda.1,dpyda.1
dre-mir-126b,dre-mir-126b
dre-mir-221,dre-mir-221
dre-mir-429b,dre-mir-429b
dtna,dtna
dvl3b,dvl3b
dync1i2b,dync1i2b
ecel1,ecel1
ednrba,ednrba
efr3ba,efr3ba
emilin2a,emilin2a
epsti1,epsti1
erbb3a,erbb3a
esyt1a,esyt1a
esyt3,esyt3
etnppl,etnppl
exoc3l2b,exoc3l2b
fam102bb,fam102bb
fam117bb,fam117bb
fam222a,fam222a
fam69b,fam69b
fam78ab,fam78ab
fbxo28,fbxo28
fbxw10,fbxw10
fcer1g,fcer1g
fgf23,fgf23
fhl2b,fhl2b
foxl2a,foxl2a
foxo6b,foxo6b
fscn2a,fscn2a
fshr,fshr
ftr90,ftr90
gab2,gab2
gad1b,gad1b
gal3st2,gal3st2
galnt18a,galnt18a
gba3,gba3
gck,gck
gdap1,gdap1
gipc1,gipc1
glcea,glcea
glis1a,glis1a
glis3,glis3
glra4b,glra4b
glrba,glrba
glt8d2,glt8d2
gmpr,gmpr
gna15.1,gna15.1
gpr156,gpr156
gpr176,gpr176
gpr22b,gpr22b
gpr55a,gpr55a
gramd1ba,gramd1ba
grin3ba,grin3ba
grm1a,grm1a
grm8a,grm8a
guca1e,guca1e
hao2,hao2
havcr2,havcr2
helq,helq
hhla2b.2,hhla2b.2
hic1,hic1
hist1h2a1,hist1h2a1
hkdc1,hkdc1
hrh3,hrh3
hs2st1b,hs2st1b
hsc70,hsc70
hspa4l,hspa4l
htr7c,htr7c
iffo2b,iffo2b
igfbp5a,igfbp5a
il12a,il12a
il15l,il15l
il21r.1,il21r.1
il2rgb,il2rgb
im:7142702,im7142702
inaa,inaa
ino80da,ino80da
inpp4ab,inpp4ab
inpp4b,inpp4b
insig2,insig2
irak1,irak1
irf1a,irf1a
itgam,itgam
jdp2a,jdp2a
kank4,kank4
kbtbd12,kbtbd12
kcnab1a,kcnab1a
kcnab2b,kcnab2b
kcnd1,kcnd1
kcnh3,kcnh3
kcnj1a.2,kcnj1a.2
kctd3,kctd3
kif1c,kif1c
kif3cb,kif3cb
klhdc2,klhdc2
klhdc3,klhdc3
klhl36,klhl36
ksr1a,ksr1a
kynu,kynu
lamb2,lamb2
lenep,lenep
lepa,lepa
lhpp,lhpp
lhx6,lhx6
lim2.3,lim2.3
lipeb,lipeb
loxa,loxa
lrit3a,lrit3a
lrp1bb,lrp1bb
lrrc29,lrrc29
lrrc9,lrrc9
ltb4r2a,ltb4r2a
lzts2b,lzts2b
mansc1,mansc1
map6b,map6b
mapk10,mapk10
mb21d1,mb21d1
mcf2la,mcf2la
mchr1b,mchr1b
mdm1,mdm1
mettl8,mettl8
mfsd6l,mfsd6l
mhc1zja,mhc1zja
micu3b,micu3b
mindy4b,mindy4b
mipb,mipb
mlphb,mlphb
mmp24,mmp24
mogat3a,mogat3a
mogat3b,mogat3b
mon1ba,mon1ba
mpp3b,mpp3b
ms4a17a.12,ms4a17a.12
ms4a17a.2,ms4a17a.2
ms4a17a.4,ms4a17a.4
mslna,mslna
mtnr1ab,mtnr1ab
mtrf1,mtrf1
mxa,mxa
mxra5b,mxra5b
mxra8a,mxra8a
mybpc2a,mybpc2a
myoz1a,myoz1a
myoz3a,myoz3a
myrip,myrip
nab1b,nab1b
nadka,nadka
napgb,napgb
ncam3,ncam3
ndst2b,ndst2b
ndufa4l2a,ndufa4l2a
neu3.3,neu3.3
neurl1ab,neurl1ab
neurod6b,neurod6b
nfatc3b,nfatc3b
nid2b,nid2b
nkx3.3,nkx3.3
nmba,nmba
nmrk1,nmrk1
notum1a,notum1a
notum2,notum2
nphs1,nphs1
npr1b,npr1b
nptx1l,nptx1l
nptx2a,nptx2a
nt5e,nt5e
ntn4,ntn4
nwd2,nwd2
nxpe3,nxpe3
nyx,nyx
oafb,oafb
oat,oat
obscnb,obscnb
olfm3a,olfm3a
opn4.1,opn4.1
opn6b,opn6b
otogl,otogl
p4htm,p4htm
pabpc1l,pabpc1l
palmdb,palmdb
panx1b,panx1b
paqr8,paqr8
parp12a,parp12a
pax4,pax4
pcdh1g11,pcdh1g11
pcdh1g18,pcdh1g18
pcdh2ab9,pcdh2ab9
pcif1,pcif1
pcyox1,pcyox1
pde11a,pde11a
pde6a,pde6a
pdyn,pdyn
pdzd3a,pdzd3a
phf19,phf19
phf24,phf24
phyhipla,phyhipla
pimr208,pimr208
pkd2,pkd2
pkn3,pkn3
plbd1,plbd1
plcd4b,plcd4b
plcxd1,plcxd1
plekhd1,plekhd1
pls1,pls1
pnocb,pnocb
pnp6,pnp6
ppef1,ppef1
ppfia2,ppfia2
ppm1db,ppm1db
ppm1f,ppm1f
ppm1lb,ppm1lb
ppp2r5ca,ppp2r5ca
prg4a,prg4a
prkar1b,prkar1b
prkd1,prkd1
prnpa,prnpa
prom2,prom2
prph,prph
prr15lb,prr15lb
prr5a,prr5a
prtga,prtga
prune,prune
pth1a,pth1a
ptprdb,ptprdb
pttg1ipa,pttg1ipa
pvalb9,pvalb9
pxylp1,pxylp1
qrfpr4,qrfpr4
rab27a,rab27a
rad21b,rad21b
rapgefl1,rapgefl1
rasl12,rasl12
rbm24b,rbm24b
rbm45,rbm45
rbpms,rbpms
rbsn,rbsn
rcor3,rcor3
rcvrnb,rcvrnb
rem1,rem1
retsatl,retsatl
rflna,rflna
rfx1a,rfx1a
rfxank,rfxank
rgs16,rgs16
rgs18,rgs18
rgs9b,rgs9b
rhcgl1,rhcgl1
rhd,rhd
rit1,rit1
rlbp1a,rlbp1a
rmdn2,rmdn2
rnf144aa,rnf144aa
rnf213b,rnf213b
rpe65c,rpe65c
rtn2a,rtn2a
rtn4rl2b,rtn4rl2b
runx1,runx1
s100s,s100s
samd10a,samd10a
samd7,samd7
sec14l7,sec14l7
selenoo2,selenoo2
sema3ab,sema3ab
sema3ga,sema3ga
sema4c,sema4c
sema6ba,sema6ba
sfrp1b,sfrp1b
sgk494a,sgk494a
sh2d3ca,sh2d3ca
shank3b,shank3b
si:cabz01076231.1,sicabz01076231.1
si:ch1073-104i17.1,sich1073104i17.1
si:ch1073-363c19.3,sich1073363c19.3
si:ch1073-376c22.1,sich1073376c22.1
si:ch1073-441p17.1,sich1073441p17.1
si:ch211-103a14.5,sich211103a14.5
si:ch211-106a19.1,sich211106a19.1
si:ch211-106h4.6,sich211106h4.6
si:ch211-112f3.4,sich211112f3.4
si:ch211-117l17.5,sich211117l17.5
si:ch211-130h14.6,sich211130h14.6
si:ch211-132b12.1,sich211132b12.1
si:ch211-132b12.8,sich211132b12.8
si:ch211-137a8.2,sich211137a8.2
si:ch211-147k10.5,sich211147k10.5
si:ch211-150i13.1,sich211150i13.1
si:ch211-150j10.4,sich211150j10.4
si:ch211-151p13.8,sich211151p13.8
si:ch211-153l6.6,sich211153l6.6
si:ch211-156l18.8,sich211156l18.8
si:ch211-168d1.3,sich211168d1.3
si:ch211-174j14.2,sich211174j14.2
si:ch211-181d7.3,sich211181d7.3
si:ch211-186j3.6,sich211186j3.6
si:ch211-188f17.1,sich211188f17.1
si:ch211-189a15.5,sich211189a15.5
si:ch211-191a16.2,sich211191a16.2
si:ch211-194c3.5,sich211194c3.5
si:ch211-194p6.7,sich211194p6.7
si:ch211-195m9.3,sich211195m9.3
si:ch211-196h16.12,sich211196h16.12
si:ch211-196h24.1,sich211196h24.1
si:ch211-197k17.3,sich211197k17.3
si:ch211-207n23.2,sich211207n23.2
si:ch211-208k15.1,sich211208k15.1
si:ch211-209f23.3,sich211209f23.3
si:ch211-209f23.7,sich211209f23.7
si:ch211-210b2.3,sich211210b2.3
si:ch211-210b2.4,sich211210b2.4
si:ch211-216p19.6,sich211216p19.6
si:ch211-217k17.10,sich211217k17.10
si:ch211-217k17.8,sich211217k17.8
si:ch211-222n4.2,sich211222n4.2
si:ch211-223a10.1,sich211223a10.1
si:ch211-232d19.4,sich211232d19.4
si:ch211-235p24.2,sich211235p24.2
si:ch211-236l14.4,sich211236l14.4
si:ch211-236p5.3,sich211236p5.3
si:ch211-237c6.4,sich211237c6.4
si:ch211-241b2.4,sich211241b2.4
si:ch211-250g4.3,sich211250g4.3
si:ch211-254p10.2,sich211254p10.2
si:ch211-263m18.4,sich211263m18.4
si:ch211-264e16.2,sich211264e16.2
si:ch211-26b3.2,sich21126b3.2
si:ch211-274p24.2,sich211274p24.2
si:ch211-57b15.1,sich21157b15.1
si:ch211-57b15.2,sich21157b15.2
si:ch211-57f7.7,sich21157f7.7
si:ch211-57i17.1,sich21157i17.1
si:ch211-57n23.4,sich21157n23.4
si:ch211-59d8.3,sich21159d8.3
si:ch211-62a1.4,sich21162a1.4
si:ch211-63p21.8,sich21163p21.8
si:ch211-76l23.7,sich21176l23.7
si:ch211-93g23.2,sich21193g23.2
si:ch73-111k22.3,sich73111k22.3
si:ch73-14h1.2,sich7314h1.2
si:ch73-174h16.5,sich73174h16.5
si:ch73-197b13.1,sich73197b13.1
si:ch73-199e17.1,sich73199e17.1
si:ch73-206p6.1,sich73206p6.1
si:ch73-233k15.2,sich73233k15.2
si:ch73-250a16.5,sich73250a16.5
si:ch73-281k2.5,sich73281k2.5
si:ch73-289h5.4,sich73289h5.4
si:ch73-330k17.3,sich73330k17.3
si:ch73-335m24.5,sich73335m24.5
si:ch73-343l4.6,sich73343l4.6
si:ch73-376l24.4,sich73376l24.4
si:ch73-40a17.3,sich7340a17.3
si:ch73-56d11.3,sich7356d11.3
si:ch73-72b7.1,sich7372b7.1
si:dkey-108k21.11,sidkey108k21.11
si:dkey-119m7.8,sidkey119m7.8
si:dkey-11f4.14,sidkey11f4.14
si:dkey-11n14.1,sidkey11n14.1
si:dkey-145c18.3,sidkey145c18.3
si:dkey-145c18.5,sidkey145c18.5
si:dkey-152b24.7,sidkey152b24.7
si:dkey-156j15.1,sidkey156j15.1
si:dkey-161j23.7,sidkey161j23.7
si:dkey-165o8.2,sidkey165o8.2
si:dkey-175g6.2,sidkey175g6.2
si:dkey-182g1.10,sidkey182g1.10
si:dkey-183c6.9,sidkey183c6.9
si:dkey-183i3.5,sidkey183i3.5
si:dkey-183n20.15,sidkey183n20.15
si:dkey-188g12.1,sidkey188g12.1
si:dkey-190j3.4,sidkey190j3.4
si:dkey-192l18.9,sidkey192l18.9
si:dkey-199m13.7,sidkey199m13.7
si:dkey-19a16.1,sidkey19a16.1
si:dkey-20i20.4,sidkey20i20.4
si:dkey-20i20.8,sidkey20i20.8
si:dkey-211i20.2,sidkey211i20.2
si:dkey-21h14.9,sidkey21h14.9
si:dkey-222p3.1,sidkey222p3.1
si:dkey-229d2.7,sidkey229d2.7
si:dkey-237j11.3,sidkey237j11.3
si:dkey-238o14.1,sidkey238o14.1
si:dkey-23c22.7,sidkey23c22.7
si:dkey-241l7.2,sidkey241l7.2
si:dkey-241l7.3,sidkey241l7.3
si:dkey-246j6.3,sidkey246j6.3
si:dkey-249d8.1,sidkey249d8.1
si:dkey-251i10.1,sidkey251i10.1
si:dkey-261j4.5,sidkey261j4.5
si:dkey-263j23.1,sidkey263j23.1
si:dkey-276j7.2,sidkey276j7.2
si:dkey-27j5.3,sidkey27j5.3
si:dkey-285b23.4,sidkey285b23.4
si:dkey-286h21.1,sidkey286h21.1
si:dkey-30c15.12,sidkey30c15.12
si:dkey-30e9.6,sidkey30e9.6
si:dkey-30h22.11,sidkey30h22.11
si:dkey-30j10.5,sidkey30j10.5
si:dkey-32e6.6,sidkey32e6.6
si:dkey-33i11.9,sidkey33i11.9
si:dkey-37o8.1,sidkey37o8.1
si:dkey-40c23.3,sidkey40c23.3
si:dkey-43k4.3,sidkey43k4.3
si:dkey-56m15.6,sidkey56m15.6
si:dkey-5i16.5,sidkey5i16.5
si:dkey-5i3.5,sidkey5i3.5
si:dkey-66g10.2,sidkey66g10.2
si:dkey-71d15.2,sidkey71d15.2
si:dkey-72l17.5,sidkey72l17.5
si:dkey-76b14.2,sidkey76b14.2
si:dkey-88n24.11,sidkey88n24.11
si:dkey-91m11.5,sidkey91m11.5
si:dkey-9k7.3,sidkey9k7.3
si:dkeyp-118b1.2,sidkeyp118b1.2
si:dkeyp-20e4.8,sidkeyp20e4.8
si:dkeyp-46h3.2,sidkeyp46h3.2
si:dkeyp-4f2.1,sidkeyp4f2.1
si:dkeyp-51b9.3,sidkeyp51b9.3
si:dkeyp-53d3.5,sidkeyp53d3.5
si:dkeyp-53e4.4,sidkeyp53e4.4
si:dkeyp-66d1.7,sidkeyp66d1.7
si:dkeyp-72e1.7,sidkeyp72e1.7
si:dkeyp-80d11.4,sidkeyp80d11.4
si:dkeyp-82a1.8,sidkeyp82a1.8
si:dkeyp-82b4.2,sidkeyp82b4.2
si:dkeyp-87d8.8,sidkeyp87d8.8
si:rp71-45g20.10,sirp7145g20.10
si:rp71-77l1.2,sirp7177l1.2
si:rp71-80o10.4,sirp7180o10.4
si:zfos-1505d6.3,sizfos1505d6.3
si:zfos-80g12.1,sizfos80g12.1
slc10a2,slc10a2
slc12a10.3,slc12a10.3
slc12a8,slc12a8
slc14a2,slc14a2
slc17a5,slc17a5
slc22a7b.2,slc22a7b.2
slc2a1a,slc2a1a
slc35f3b,slc35f3b
slc41a2a,slc41a2a
slc4a1a,slc4a1a
slc52a3,slc52a3
slc6a15,slc6a15
slc6a19a.1,slc6a19a.1
slc7a1,slc7a1
slc9a2,slc9a2
slitrk2,slitrk2
smarcd3a,smarcd3a
snx21,snx21
soga3b,soga3b
sostdc1b,sostdc1b
sp100.1,sp100.1
sparcl1,sparcl1
specc1lb,specc1lb
spina,spina
spire2,spire2
spp1,spp1
sprn2,sprn2
srd5a2a,srd5a2a
srfb,srfb
st3gal2,st3gal2
st8sia5,st8sia5
stk38b,stk38b
sult1st4,sult1st4
supt7l,supt7l
syt12,syt12
syt5b,syt5b
szl,szl
tapbp.2,tapbp.2
tbc1d22b,tbc1d22b
tbkbp1,tbkbp1
tbx20,tbx20
tceb3l,tceb3l
tcte1,tcte1
tecta,tecta
tekt1,tekt1
tenm1,tenm1
tgfbr3,tgfbr3
thbs2b,thbs2b
thbs4a,thbs4a
themis,themis
timd4,timd4
tinagl1,tinagl1
tm4sf4,tm4sf4
tmc2b,tmc2b
tmem106bb,tmem106bb
tmem179,tmem179
tmem229b,tmem229b
tmem237a,tmem237a
tmem42b,tmem42b
tmem8a,tmem8a
tmprss9,tmprss9
tnfaip3,tnfaip3
tnnt2e,tnnt2e
tp73,tp73
tpbgb,tpbgb
trim2a,trim2a
trim54,trim54
trpm1a,trpm1a
trpv4,trpv4
ttl,ttl
twf2a,twf2a
uba7,uba7
ubn1,ubn1
uckl1a,uckl1a
ugt5g1,ugt5g1
ugt5g2,ugt5g2
valopa,valopa
vcla,vcla
vegfba,vegfba
vezt,vezt
vhll,vhll
vill,vill
viml,viml
vsnl1b,vsnl1b
vwa2,vwa2
vwa3a,vwa3a
vwa7,vwa7
vwf,vwf
wacb,wacb
wdfy4,wdfy4
wdr20b,wdr20b
wdr21,wdr21
wfdc2,wfdc2
whrna,whrna
wnt3,wnt3
wnt4b,wnt4b
xaf1,xaf1
xirp2b,xirp2b
ypel1,ypel1
zdhhc17,zdhhc17
zgc:110699,zgc110699
zgc:113364,zgc113364
zgc:113625,zgc113625
zgc:113886,zgc113886
zgc:114118,zgc114118
zgc:152977,zgc152977
zgc:153142,zgc153142
zgc:153157,zgc153157
zgc:153681,zgc153681
zgc:154142,zgc154142
zgc:162872,zgc162872
zgc:165514,zgc165514
zgc:165603,zgc165603
zgc:165604,zgc165604
zgc:171426,zgc171426
zgc:171446,zgc171446
zgc:171679,zgc171679
zgc:171977,zgc171977
zgc:172215,zgc172215
zgc:173443,zgc173443
zgc:173545,zgc173545
zgc:173570,zgc173570
zgc:174356,zgc174356
zgc:193790,zgc193790
zgc:194252,zgc194252
zgc:195001,zgc195001
zgc:66440,zgc66440
zgc:73226,zgc73226
zmiz1b,zmiz1b
znf1009,znf1009
znf1016,znf1016
znf1057,znf1057
znf1069,znf1069
znf1075,znf1075
znf1078,znf1078
znf1119,znf1119
znf1131,znf1131
znf1147,znf1147
znf1153,znf1153
znf1163,znf1163
znf326,znf326
znf385c,znf385c
znf407,znf407
znf592,znf592
znf648,znf648
znf977,znf977
znf988,znf988
znfx1,znfx1
zp2.5,zp2.5
zswim6,zswim6
AL928854.1,AL928854.1
AL929266.1,AL929266.1
AL935145.1,AL935145.1
AL935145.2,AL935145.2
AL954322.1,AL954322.1
ARMC6,ARMC6
BX004816.2,BX004816.2
BX004981.1,BX004981.1
BX005085.2,BX005085.2
BX005367.1,BX005367.1
BX005416.1,BX005416.1
BX005438.1,BX005438.1
BX088728.1,BX088728.1
BX248118.1,BX248118.1
BX248510.2,BX248510.2
BX294165.1,BX294165.1
BX321871.1,BX321871.1
BX323839.1,BX323839.1
BX324142.2,BX324142.2
BX470185.1,BX470185.1
BX470242.1,BX470242.1
BX470259.3,BX470259.3
BX511259.1,BX511259.1
BX511272.1,BX511272.1
BX537120.1,BX537120.1
BX548011.5,BX548011.5
BX548028.1,BX548028.1
BX629346.1,BX629346.1
BX629346.2,BX629346.2
BX649231.1,BX649231.1
BX649416.1,BX649416.1
BX649484.1,BX649484.1
BX664614.1,BX664614.1
BX908750.1,BX908750.1
BX914205.3,BX914205.3
BX927253.1,BX927253.1
BX927336.1,BX927336.1
BX936420.1,BX936420.1
BX957326.2,BX957326.2
C14orf28,C14orf28
CABZ01002690.1,CABZ01002690.1
CABZ01004876.1,CABZ01004876.1
CABZ01023255.1,CABZ01023255.1
CABZ01061508.1,CABZ01061508.1
CABZ01063034.1,CABZ01063034.1
CABZ01071020.1,CABZ01071020.1
CABZ01071903.1,CABZ01071903.1
CABZ01075521.1,CABZ01075521.1
CABZ01084603.1,CABZ01084603.1
CABZ01085658.1,CABZ01085658.1
CABZ01086812.1,CABZ01086812.1
CABZ01087566.1,CABZ01087566.1
CABZ01088025.1,CABZ01088025.1
CABZ01090785.1,CABZ01090785.1
CABZ01092170.1,CABZ01092170.1
CABZ01093429.1,CABZ01093429.1
CABZ01118770.1,CABZ01118770.1
CACNA2D1,CACNA2D1
CHST6,CHST6
CR339054.1,CR339054.1
CR354383.1,CR354383.1
CR354435.2,CR354435.2
CR354435.5,CR354435.5
CR381540.3,CR381540.3
CR381544.1,CR381544.1
CR381686.1,CR381686.1
CR450698.1,CR450698.1
CR450808.2,CR450808.2
CR457447.1,CR457447.1
CR628323.2,CR628323.2
CR762436.2,CR762436.2
CR769769.1,CR769769.1
CR854838.1,CR854838.1
CR932077.1,CR932077.1
CR932362.1,CR932362.1
CT027638.1,CT027638.1
CT030153.1,CT030153.1
CT978957.1,CT978957.1
CU138553.1,CU138553.1
CU306817.1,CU306817.1
CU459089.1,CU459089.1
CU464118.1,CU464118.1
CU571069.1,CU571069.1
CU571336.1,CU571336.1
CU682604.1,CU682604.1
CU693484.1,CU693484.1
CU856516.1,CU856516.1
CZQB01141835.1,CZQB01141835.1
ERG28,ERG28
FO681288.1,FO681288.1
FO704810.1,FO704810.1
FO704905.1,FO704905.1
FO834857.1,FO834857.1
FOXN2,FOXN2
FP016239.1,FP016239.1
FQ323096.1,FQ323096.1
GNB4,GNB4
GUCY1A2,GUCY1A2
HIST1H4E,HIST1H4E
LO016987.1,LO016987.1
LO017714.1,LO017714.1
LO017872.1,LO017872.1
LO018208.1,LO018208.1
LO018430.1,LO018430.1
LT631684.2,LT631684.2
MYO1G,MYO1G
NC-002333.21,NC-002333.21
PCMTD2,PCMTD2
PPP1R3G,PPP1R3G
RERG,RERG
SH2B2,SH2B2
SLA,SLA
SLC5A10,SLC5A10
SLC6A13,SLC6A13
TCERG1L,TCERG1L
aanat2,aanat2
acss2l,acss2l
adamts16,adamts16
adcy1a,adcy1a
adcyap1a,adcyap1a
adgrg11,adgrg11
adrb1,adrb1
aftphb,aftphb
agbl4,agbl4
agtpbp1,agtpbp1
aipl1,aipl1
alk,alk
ankrd44,ankrd44
anks4b,anks4b
ano8a,ano8a
antxr2b,antxr2b
ap1s3a,ap1s3a
apc2,apc2
aqp9b,aqp9b
arhgap18,arhgap18
arhgap31,arhgap31
arhgap42b,arhgap42b
asb10,asb10
asb13a.2,asb13a.2
asic1b,asic1b
atp8b4,atp8b4
avd,avd
b4galnt1a,b4galnt1a
bin1a,bin1a
blk,blk
btbd2b,btbd2b
c1qc,c1qc
c1qtnf6b,c1qtnf6b
c9,c9
ca5a,ca5a
ca9,ca9
cables2b,cables2b
cacna1bb,cacna1bb
cacna1eb,cacna1eb
cacna1g,cacna1g
cacna2d1a,cacna2d1a
cacng8a,cacng8a
calcoco2,calcoco2
camk1gb,camk1gb
capn15,capn15
capn1b,capn1b
capn3b,capn3b
capn5a,capn5a
caprin2,caprin2
cass4,cass4
cbln20,cbln20
ccdc28a,ccdc28a
ccdc65,ccdc65
ccdc85al,ccdc85al
ccl34a.3,ccl34a.3
ccl34b.8,ccl34b.8
cd302,cd302
cdh24b,cdh24b
cdh27,cdh27
cdhr1a,cdhr1a
cel.1,cel.1
celsr3,celsr3
cep41,cep41
chpfa,chpfa
chrna3,chrna3
chrnb2a,chrnb2a
clca1,clca1
clcn1b,clcn1b
cldn15la,cldn15la
clec11a,clec11a
clmn,clmn
cnga3a,cnga3a
cnih3,cnih3
cntn1b,cntn1b
cntn3a.1,cntn3a.1
cobll1a,cobll1a
col10a1a,col10a1a
col14a1b,col14a1b
colq,colq
cpeb1b,cpeb1b
cps1,cps1
creb3l3b,creb3l3b
crygm4,crygm4
csrp3,csrp3
cx27.5,cx27.5
cx32.3,cx32.3
cxcl11.7,cxcl11.7
cyp11c1,cyp11c1
cyp4f3,cyp4f3
daam2,daam2
daglb,daglb
dbpa,dbpa
dennd1b,dennd1b
derl3,derl3
desmb,desmb
dgke,dgke
dlgap1b,dlgap1b
dnai2b,dnai2b
dnajc25,dnajc25
dnd1,dnd1
dock3,dock3
dpf3,dpf3
drd2a,drd2a
drd3,drd3
dre-mir-19c,dre-mir-19c
dyrk4,dyrk4
eef2a.2,eef2a.2
eif2ak2,eif2ak2
elmsan1a,elmsan1a
epob,epob
eps8l3b,eps8l3b
etv7,etv7
f2r,f2r
f2rl2,f2rl2
f3a,f3a
fam20a,fam20a
fas,fas
fbxo41,fbxo41
fer1l4,fer1l4
fgf19,fgf19
fgf21,fgf21
fnbp1b,fnbp1b
fosaa,fosaa
fosl1b,fosl1b
foxn1,foxn1
frmd4bb,frmd4bb
ftr15,ftr15
ftr73,ftr73
fut9a,fut9a
galnt8a.1,galnt8a.1
gbe1a,gbe1a
gdpd4a,gdpd4a
ggt1b,ggt1b
glra4a,glra4a
gnrhr2,gnrhr2
gpr173,gpr173
grid2ipa,grid2ipa
grm2a,grm2a
grn1,grn1
gstp2,gstp2
gucy1b1,gucy1b1
h2af1al,h2af1al
hdac7b,hdac7b
heatr5b,heatr5b
hepacam2,hepacam2
hipk1a,hipk1a
hist1h2a5,hist1h2a5
hmbox1a,hmbox1a
hnf1a,hnf1a
hrh2b,hrh2b
hsf4,hsf4
hunk,hunk
ifngr1,ifngr1
igfbp1b,igfbp1b
igsf10,igsf10
igsf21b,igsf21b
il13,il13
impdh1a,impdh1a
itga2.2,itga2.2
itih2,itih2
jac2,jac2
jazf1a,jazf1a
kcnf1a,kcnf1a
kcnip3b,kcnip3b
kcnj2a,kcnj2a
kctd7,kctd7
kctd9b,kctd9b
klc1a,klc1a
klhl35,klhl35
kmo,kmo
ldlrad4a,ldlrad4a
lhx8a,lhx8a
lrrc10,lrrc10
malrd1,malrd1
man2a1,man2a1
map3k12,map3k12
map6a,map6a
matk,matk
mcoln1b,mcoln1b
mctp1a,mctp1a
mctp2a,mctp2a
mgea5l,mgea5l
mid1,mid1
ms4a17a.1,ms4a17a.1
ms4a17a.6,ms4a17a.6
mul1b,mul1b
mybpha,mybpha
myh11b,myh11b
nanos3,nanos3
napbb,napbb
nceh1b.1,nceh1b.1
ndufs8b,ndufs8b
nr1d1,nr1d1
nr1d4b,nr1d4b
nt5c1ba,nt5c1ba
nt5c1bb,nt5c1bb
ntrk2a,ntrk2a
nyap2a,nyap2a
oafa,oafa
onecutl,onecutl
opn6a,opn6a
or118-2,or118-2
orai2,orai2
pappaa,pappaa
pax1a,pax1a
pcdh1g22,pcdh1g22
pcdh1g30,pcdh1g30
pcyt1ba,pcyt1ba
pde6c,pde6c
pde6gb,pde6gb
pgap1,pgap1
phf11,phf11
pias4b,pias4b
pid1,pid1
pik3c2g,pik3c2g
pimr178,pimr178
pkz,pkz
pla2g12b,pla2g12b
plp1b,plp1b
plscr3a,plscr3a
polr3g,polr3g
postna,postna
ppp2r2bb,ppp2r2bb
ppp2r5b,ppp2r5b
prdm1b,prdm1b
prkcq,prkcq
prkg1b,prkg1b
prl,prl
prlra,prlra
prrt2,prrt2
psmb11b,psmb11b
ptger4c,ptger4c
ptgir,ptgir
pthlha,pthlha
ptprq,ptprq
rab3da,rab3da
rap1gap2b,rap1gap2b
rgs6,rgs6
rhbdf1b,rhbdf1b
rln1,rln1
rnf167,rnf167
rnf19b,rnf19b
rnf212,rnf212
rp1l1b,rp1l1b
rpp25b,rpp25b
rsad1,rsad1
rxfp3.2b,rxfp3.2b
satb2,satb2
sc:d189,scd189
scn12ab,scn12ab
scn1lab,scn1lab
sema4aa,sema4aa
sema6bb,sema6bb
sh3pxd2ab,sh3pxd2ab
si:cabz01059983.1,sicabz01059983.1
si:ch211-106h4.5,sich211106h4.5
si:ch211-113d22.2,sich211113d22.2
si:ch211-114m9.1,sich211114m9.1
si:ch211-129p6.2,sich211129p6.2
si:ch211-133n4.7,sich211133n4.7
si:ch211-139g16.8,sich211139g16.8
si:ch211-151h10.2,sich211151h10.2
si:ch211-155k24.1,sich211155k24.1
si:ch211-163l21.11,sich211163l21.11
si:ch211-167j9.5,sich211167j9.5
si:ch211-170d8.8,sich211170d8.8
si:ch211-173a9.7,sich211173a9.7
si:ch211-182d3.1,sich211182d3.1
si:ch211-193k19.1,sich211193k19.1
si:ch211-196f2.7,sich211196f2.7
si:ch211-196g2.4,sich211196g2.4
si:ch211-1a19.3,sich2111a19.3
si:ch211-214b16.3,sich211214b16.3
si:ch211-215a10.4,sich211215a10.4
si:ch211-226h8.11,sich211226h8.11
si:ch211-226h8.15,sich211226h8.15
si:ch211-229b6.1,sich211229b6.1
si:ch211-235i11.7,sich211235i11.7
si:ch211-235m3.5,sich211235m3.5
si:ch211-243o19.4,sich211243o19.4
si:ch211-252f13.5,sich211252f13.5
si:ch211-255p10.4,sich211255p10.4
si:ch211-257p13.3,sich211257p13.3
si:ch211-260e23.8,sich211260e23.8
si:ch211-263p13.7,sich211263p13.7
si:ch211-282j17.2,sich211282j17.2
si:ch211-59p23.1,sich21159p23.1
si:ch211-66i15.4,sich21166i15.4
si:ch211-73m21.1,sich21173m21.1
si:ch73-190f9.4,sich73190f9.4
si:ch73-194c23.1,sich73194c23.1
si:ch73-206d17.1,sich73206d17.1
si:ch73-21k16.5,sich7321k16.5
si:ch73-223f5.1,sich73223f5.1
si:ch73-244f7.3,sich73244f7.3
si:ch73-261i21.5,sich73261i21.5
si:ch73-288o11.4,sich73288o11.4
si:ch73-299h12.4,sich73299h12.4
si:ch73-36p18.1,sich7336p18.1
si:ch73-381f5.2,sich73381f5.2
si:ch73-40a2.1,sich7340a2.1
si:dkey-117a8.4,sidkey117a8.4
si:dkey-148a17.5,sidkey148a17.5
si:dkey-14o18.1,sidkey14o18.1
si:dkey-183j2.10,sidkey183j2.10
si:dkey-1b17.1,sidkey1b17.1
si:dkey-1b17.5,sidkey1b17.5
si:dkey-201i24.6,sidkey201i24.6
si:dkey-204a24.11,sidkey204a24.11
si:dkey-219e20.2,sidkey219e20.2
si:dkey-223p19.1,sidkey223p19.1
si:dkey-234i14.3,sidkey234i14.3
si:dkey-238d18.3,sidkey238d18.3
si:dkey-239b22.2,sidkey239b22.2
si:dkey-246i14.3,sidkey246i14.3
si:dkey-246j6.1,sidkey246j6.1
si:dkey-249p7.4,sidkey249p7.4
si:dkey-253d23.11,sidkey253d23.11
si:dkey-258f14.2,sidkey258f14.2
si:dkey-264d12.4,sidkey264d12.4
si:dkey-265e15.5,sidkey265e15.5
si:dkey-27j5.5,sidkey27j5.5
si:dkey-280e8.1,sidkey280e8.1
si:dkey-30c15.13,sidkey30c15.13
si:dkey-40c11.1,sidkey40c11.1
si:dkey-42l23.4,sidkey42l23.4
si:dkey-4c15.12,sidkey4c15.12
si:dkey-4c15.16,sidkey4c15.16
si:dkey-4c23.3,sidkey4c23.3
si:dkey-69c1.1,sidkey69c1.1
si:dkey-71l4.4,sidkey71l4.4
si:dkey-72l14.3,sidkey72l14.3
si:dkey-86e18.2,sidkey86e18.2
si:dkey-86l18.10,sidkey86l18.10
si:dkey-94e7.2,sidkey94e7.2
si:dkey-94l16.4,sidkey94l16.4
si:dkey-97m3.1,sidkey97m3.1
si:dkeyp-46h3.3,sidkeyp46h3.3
si:dkeyp-81f3.4,sidkeyp81f3.4
skila,skila
slc10a4,slc10a4
slc13a1,slc13a1
slc22a13a,slc22a13a
slc22a4,slc22a4
slc22a6l,slc22a6l
slc25a32b,slc25a32b
slc2a15b,slc2a15b
slc2a3a,slc2a3a
slc2a8,slc2a8
slc34a1a,slc34a1a
slc35a1,slc35a1
slc39a4,slc39a4
slc41a2b,slc41a2b
slc6a6b,slc6a6b
snn,snn
sntg2,sntg2
socs9,socs9
spdya,spdya
spp2,spp2
sprn,sprn
stc1l,stc1l
strip2,strip2
stx7l,stx7l
sumo2a,sumo2a
sv2,sv2
swap70a,swap70a
syn2a,syn2a
syngr3b,syngr3b
sypl1,sypl1
syt9b,syt9b
tac1,tac1
tbc1d24,tbc1d24
tbc1d32,tbc1d32
tbc1d9,tbc1d9
tbx4,tbx4
tex11,tex11
tfr2,tfr2
th2,th2
tiam2b,tiam2b
tmem168a,tmem168a
tmem169b,tmem169b
tmem173,tmem173
tmem176l.2,tmem176l.2
tmem254,tmem254
tnni4a,tnni4a
tor4ab,tor4ab
traf3,traf3
tshr,tshr
ttbk2a,ttbk2a
ubash3bb,ubash3bb
ugp2a,ugp2a
ugt5b5,ugt5b5
ulk3,ulk3
unc119.2,unc119.2
vegfbb,vegfbb
veph1,veph1
vgll3,vgll3
vtnb,vtnb
vwa10.2,vwa10.2
wdr27,wdr27
whrnb,whrnb
wnt10b,wnt10b
wscd2,wscd2
xylt2,xylt2
zbtb43,zbtb43
zbtb46,zbtb46
zgc:100997,zgc100997
zgc:103755,zgc103755
zgc:112001,zgc112001
zgc:112977,zgc112977
zgc:113274,zgc113274
zgc:123103,zgc123103
zgc:123238,zgc123238
zgc:136872,zgc136872
zgc:152652,zgc152652
zgc:153119,zgc153119
zgc:153615,zgc153615
zgc:158404,zgc158404
zgc:158659,zgc158659
zgc:162971,zgc162971
zgc:171601,zgc171601
zgc:172302,zgc172302
zgc:172323,zgc172323
zgc:173581,zgc173581
zgc:173615,zgc173615
zgc:195356,zgc195356
zgc:92658,zgc92658
zmp:0000000634,zmp0000000634
zmp:0000001267,zmp0000001267
znf1003,znf1003
znf1010,znf1010
znf1043,znf1043
znf1093,znf1093
znf1096,znf1096
znf1109,znf1109
znf1110,znf1110
znf1111,znf1111
znf1137,znf1137
znf1144,znf1144
znf1145,znf1145
znf1158,znf1158
znf513b,znf513b
zp3d.1,zp3d.1
AL831745.1,AL831745.1
AL928657.1,AL928657.1
AL929536.6,AL929536.6
AL935295.1,AL935295.1
AL954741.2,AL954741.2
AMDHD1,AMDHD1
BX005043.1,BX005043.1
BX005129.4,BX005129.4
BX119915.2,BX119915.2
BX119963.1,BX119963.1
BX248331.2,BX248331.2
BX276101.2,BX276101.2
BX294160.1,BX294160.1
BX322555.3,BX322555.3
BX322574.1,BX322574.1
BX322665.2,BX322665.2
BX323590.3,BX323590.3
BX323861.3,BX323861.3
BX324213.1,BX324213.1
BX465228.1,BX465228.1
BX510992.1,BX510992.1
BX511018.2,BX511018.2
BX537120.2,BX537120.2
BX544876.1,BX544876.1
BX572103.1,BX572103.1
BX649448.3,BX649448.3
BX649490.2,BX649490.2
BX649521.1,BX649521.1
BX664716.1,BX664716.1
BX682550.1,BX682550.1
BX908780.1,BX908780.1
BX908797.1,BX908797.1
BX927394.1,BX927394.1
BX957322.3,BX957322.3
C11orf96,C11orf96
CABZ01031870.1,CABZ01031870.1
CABZ01043952.1,CABZ01043952.1
CABZ01044156.1,CABZ01044156.1
CABZ01046949.1,CABZ01046949.1
CABZ01068358.1,CABZ01068358.1
CABZ01069162.1,CABZ01069162.1
CABZ01070852.1,CABZ01070852.1
CABZ01071939.1,CABZ01071939.1
CABZ01079192.1,CABZ01079192.1
CABZ01081730.1,CABZ01081730.1
CABZ01083448.1,CABZ01083448.1
CABZ01084131.1,CABZ01084131.1
CABZ01088906.1,CABZ01088906.1
CABZ01092781.1,CABZ01092781.1
CABZ01117603.1,CABZ01117603.1
CABZ01118678.1,CABZ01118678.1
CR318588.1,CR318588.1
CR339041.3,CR339041.3
CR377210.1,CR377210.1
CR381686.3,CR381686.3
CR385053.1,CR385053.1
CR385078.1,CR385078.1
CR388095.1,CR388095.1
CR388168.2,CR388168.2
CR388207.1,CR388207.1
CR392012.2,CR392012.2
CR788316.1,CR788316.1
CR790366.1,CR790366.1
CR848025.1,CR848025.1
CR848791.1,CR848791.1
CR936977.2,CR936977.2
CR974456.1,CR974456.1
CT033796.2,CT033796.2
CU468826.3,CU468826.3
CU571163.1,CU571163.1
CU655961.3,CU655961.3
CU694532.1,CU694532.1
CU694808.1,CU694808.1
CU855895.2,CU855895.2
CU855936.2,CU855936.2
CU929145.3,CU929145.3
CU929391.3,CU929391.3
FO834825.1,FO834825.1
FO905027.1,FO905027.1
FO907089.1,FO907089.1
FP102169.1,FP102169.1
FP102170.1,FP102170.1
FQ377918.1,FQ377918.1
GPR151,GPR151
HTRA3,HTRA3
LO017829.1,LO017829.1
LO017850.1,LO017850.1
LO018102.1,LO018102.1
LO018333.1,LO018333.1
LO018629.1,LO018629.1
NC-002333.19,NC-002333.19
NEK3,NEK3
NINJ1,NINJ1
PLCB1,PLCB1
SBSPON,SBSPON
SORCS3,SORCS3
aadac,aadac
abcf2b,abcf2b
actl6b,actl6b
adad1,adad1
adamts15b,adamts15b
adgrb1b,adgrb1b
adgrd1,adgrd1
adss,adss
aifm3,aifm3
ajap1,ajap1
akap7,akap7
alp3,alp3
ampd3a,ampd3a
ankdd1b,ankdd1b
ankrd27,ankrd27
ankrd33aa,ankrd33aa
ano1,ano1
ano6,ano6
apom,apom
arfgef3,arfgef3
arhgap44,arhgap44
arhgef3,arhgef3
arl14,arl14
arsh,arsh
asah2,asah2
asphd1,asphd1
asz1,asz1
atmin,atmin
b3galt1a,b3galt1a
bcan,bcan
bcl2b,bcl2b
bhlhe23,bhlhe23
bsx,bsx
btr07,btr07
c6ast1,c6ast1
cables1,cables1
cabp2a,cabp2a
cacna1fb,cacna1fb
cacnb2b,cacnb2b
cadpsa,cadpsa
camkk1a,camkk1a
camsap3,camsap3
capga,capga
cbln13,cbln13
cbln17,cbln17
ccdc136b,ccdc136b
ccdc175,ccdc175
ccl25a,ccl25a
ccr12b.2,ccr12b.2
ccser1,ccser1
cd79a,cd79a
cdca9,cdca9
cdh7b,cdh7b
cdip1,cdip1
cdx1b,cdx1b
cep170b,cep170b
cept1a,cept1a
cers1,cers1
chrna6,chrna6
cidec,cidec
ckmt2a,ckmt2a
clic5b,clic5b
cnga2,cnga2
cnga3b,cnga3b
cngb3.1,cngb3.1
cngb3.2,cngb3.2
col17a1a,col17a1a
col21a1,col21a1
crmp1,crmp1
crygm2d20,crygm2d20
cts12,cts12
cx52.6,cx52.6
cyb5d2,cyb5d2
cyp11a2,cyp11a2
cyr61l1,cyr61l1
dao.3,dao.3
dapk3,dapk3
def6c,def6c
dennd1a,dennd1a
dgat1a,dgat1a
dmbx1b,dmbx1b
dnai2a,dnai2a
dre-mir-124-5,dre-mir-124-5
dre-mir-29b-1,dre-mir-29b-1
dre-mir-30b,dre-mir-30b
dthd1,dthd1
egln1a,egln1a
eif4e1b,eif4e1b
eogt,eogt
ern2,ern2
esr2a,esr2a
esrra,esrra
faah2b,faah2b
fam171a1,fam171a1
faxca,faxca
fbxl13,fbxl13
fbxo36a,fbxo36a
fdft1,fdft1
fer1l6,fer1l6
fgf11b,fgf11b
fgfbp1b,fgfbp1b
fmn1,fmn1
fndc7b,fndc7b
foxg1c,foxg1c
ftr60,ftr60
fyba,fyba
gabrr3b,gabrr3b
gcgb,gcgb
gcgra,gcgra
gfpt2,gfpt2
gfral,gfral
gltpa,gltpa
gnb5a,gnb5a
gnb5b,gnb5b
gpc1a,gpc1a
gpib,gpib
gpnmb,gpnmb
gpr137bb,gpr137bb
gpr78a,gpr78a
grifin,grifin
grik4,grik4
grin2aa,grin2aa
grin2ab,grin2ab
grm5a,grm5a
grm8b,grm8b
gsg1l,gsg1l
guca1c,guca1c
gypc,gypc
hcar1-4,hcar1-4
hecw1b,hecw1b
hist1h2ba,hist1h2ba
hook2,hook2
hoxc6a,hoxc6a
iffo1a,iffo1a
il17c,il17c
impg1b,impg1b
iqch,iqch
iqsec3b,iqsec3b
ism2a,ism2a
itfg1,itfg1
itgb3a,itgb3a
itln2,itln2
itpr2,itpr2
kalrna,kalrna
kazna,kazna
kcnj1a.1,kcnj1a.1
kcnk10b,kcnk10b
kcnk17,kcnk17
kctd4,kctd4
kdf1b,kdf1b
kdr,kdr
kif26bb,kif26bb
kif3ca,kif3ca
klc3,klc3
klf6b,klf6b
l1cama,l1cama
larp6b,larp6b
ldlrap1b,ldlrap1b
lhfpl3,lhfpl3
lipcb,lipcb
loxhd1a,loxhd1a
lrrc74b,lrrc74b
lrtm2b,lrtm2b
magixb,magixb
malt3,malt3
map4k3b,map4k3b
mapk8ip2,mapk8ip2
mc5ra,mc5ra
mdga1,mdga1
med17,med17
mfap5,mfap5
mfsd2b,mfsd2b
mgat3b,mgat3b
mmp28,mmp28
ms4a17a.3,ms4a17a.3
msh5,msh5
mstnb,mstnb
mthfd2l,mthfd2l
mybpc1,mybpc1
myha,myha
mylk4a,mylk4a
nabp1b,nabp1b
necab1,necab1
neurl4,neurl4
nkx1.2lb,nkx1.2lb
nmnat2,nmnat2
nmu,nmu
nod1,nod1
npbwr2a,npbwr2a
npffl,npffl
nphs2,nphs2
nt5dc1,nt5dc1
oprd1a,oprd1a
or111-11,or111-11
pacsin1a,pacsin1a
pafah1b2,pafah1b2
parapinopsinb,parapinopsinb
pax3b,pax3b
pcbp3,pcbp3
pcdh1g1,pcdh1g1
pctp,pctp
pde5aa,pde5aa
pdzd7a,pdzd7a
pea15,pea15
pex6,pex6
pfkma,pfkma
pigrl2.3,pigrl2.3
pla2g4aa,pla2g4aa
plac8l1,plac8l1
plek2,plek2
plxnd1,plxnd1
pmt,pmt
pnx,pnx
poc1a,poc1a
ppp1r16a,ppp1r16a
ppp1r42,ppp1r42
prlrb,prlrb
prss60.2,prss60.2
pstpip1a,pstpip1a
ptchd4,ptchd4
ptges,ptges
ptx3b,ptx3b
pyyb,pyyb
rab11al,rab11al
rab11fip1b,rab11fip1b
rab27b,rab27b
rag1,rag1
rapgef3,rapgef3
rargb,rargb
rasa4,rasa4
rdh1,rdh1
rell2,rell2
rergla,rergla
retreg1,retreg1
rin1a,rin1a
rnf207b,rnf207b
rxfp3.3a1,rxfp3.3a1
rxfp3.3a3,rxfp3.3a3
scn12aa,scn12aa
serpini1,serpini1
sgsm1a,sgsm1a
sh2b3,sh2b3
sh2d1aa,sh2d1aa
sh2d4ba,sh2d4ba
shank1,shank1
shank2,shank2
shisa2b,shisa2b
si:cabz01071912.2,sicabz01071912.2
si:ch1073-390k14.1,sich1073390k14.1
si:ch211-120e1.7,sich211120e1.7
si:ch211-121j5.4,sich211121j5.4
si:ch211-145h19.5,sich211145h19.5
si:ch211-147k9.8,sich211147k9.8
si:ch211-160f23.7,sich211160f23.7
si:ch211-161h7.5,sich211161h7.5
si:ch211-167j9.4,sich211167j9.4
si:ch211-168d23.3,sich211168d23.3
si:ch211-176g6.1,sich211176g6.1
si:ch211-191o15.6,sich211191o15.6
si:ch211-197l9.2,sich211197l9.2
si:ch211-214p16.3,sich211214p16.3
si:ch211-235o23.1,sich211235o23.1
si:ch211-236d3.4,sich211236d3.4
si:ch211-244a23.1,sich211244a23.1
si:ch211-251j10.3,sich211251j10.3
si:ch211-269e2.1,sich211269e2.1
si:ch211-274f20.2,sich211274f20.2
si:ch211-277c7.6,sich211277c7.6
si:ch211-278p9.3,sich211278p9.3
si:ch211-27e6.1,sich21127e6.1
si:ch211-283g2.3,sich211283g2.3
si:ch211-285j22.3,sich211285j22.3
si:ch211-28p3.3,sich21128p3.3
si:ch211-33e4.2,sich21133e4.2
si:ch211-74m13.3,sich21174m13.3
si:ch211-81a5.5,sich21181a5.5
si:ch211-93e11.8,sich21193e11.8
si:ch73-111m19.2,sich73111m19.2
si:ch73-196l6.5,sich73196l6.5
si:ch73-21k16.1,sich7321k16.1
si:ch73-223f5.2,sich73223f5.2
si:ch73-226l13.2,sich73226l13.2
si:ch73-23l24.1,sich7323l24.1
si:ch73-256j6.2,sich73256j6.2
si:ch73-290k24.6,sich73290k24.6
si:ch73-299h12.9,sich73299h12.9
si:ch73-335l21.2,sich73335l21.2
si:ch73-59c19.1,sich7359c19.1
si:dkey-109j17.5,sidkey109j17.5
si:dkey-13p1.3,sidkey13p1.3
si:dkey-13p1.4,sidkey13p1.4
si:dkey-14o6.2,sidkey14o6.2
si:dkey-156m2.3,sidkey156m2.3
si:dkey-161j23.6,sidkey161j23.6
si:dkey-16j16.4,sidkey16j16.4
si:dkey-16p6.2,sidkey16p6.2
si:dkey-172k15.6,sidkey172k15.6
si:dkey-178o16.4,sidkey178o16.4
si:dkey-191g9.5,sidkey191g9.5
si:dkey-199m13.5,sidkey199m13.5
si:dkey-19b23.15,sidkey19b23.15
si:dkey-1b17.6,sidkey1b17.6
si:dkey-1f1.3,sidkey1f1.3
si:dkey-216e24.3,sidkey216e24.3
si:dkey-248e17.5,sidkey248e17.5
si:dkey-250k10.1,sidkey250k10.1
si:dkey-264f17.2,sidkey264f17.2
si:dkey-265e15.2,sidkey265e15.2
si:dkey-283b1.7,sidkey283b1.7
si:dkey-29p10.4,sidkey29p10.4
si:dkey-37m8.11,sidkey37m8.11
si:dkey-57k2.6,sidkey57k2.6
si:dkey-58f10.4,sidkey58f10.4
si:dkey-66a8.7,sidkey66a8.7
si:dkey-78a14.4,sidkey78a14.4
si:dkey-88j15.3,sidkey88j15.3
si:dkey-90l23.2,sidkey90l23.2
si:dkeyp-11g8.3,sidkeyp11g8.3
si:dkeyp-123a12.2,sidkeyp123a12.2
si:dkeyp-44d3.1,sidkeyp44d3.1
si:dkeyp-46h3.1,sidkeyp46h3.1
si:dkeyp-4c4.2,sidkeyp4c4.2
si:dkeyp-51f12.3,sidkeyp51f12.3
si:dkeyp-53d3.3,sidkeyp53d3.3
si:dkeyp-87a6.2,sidkeyp87a6.2
si:dkeyp-98a7.9,sidkeyp98a7.9
si:rp71-68n21.12,sirp7168n21.12
sik2a,sik2a
slc19a1,slc19a1
slc35e3,slc35e3
slc46a3,slc46a3
slc5a7a,slc5a7a
slc8a4a,slc8a4a
sobpb,sobpb
socs2,socs2
sorbs2a,sorbs2a
spi2,spi2
srd5a1,srd5a1
synpo2la,synpo2la
tbc1d20,tbc1d20
tbr1a,tbr1a
tdp2a,tdp2a
tdrd9,tdrd9
tepsin,tepsin
tfr1a,tfr1a
tle2b,tle2b
tmeff1a,tmeff1a
tmem241,tmem241
tmtops2b,tmtops2b
tnfrsfa,tnfrsfa
tnmd,tnmd
trim35-33,trim35-33
trpc4a,trpc4a
trpc4b,trpc4b
trpm4b.2,trpm4b.2
tulp4b,tulp4b
tusc5b,tusc5b
vip,vip
vkorc1,vkorc1
wbp1lb,wbp1lb
xkr7,xkr7
xxylt1,xxylt1
ydjc,ydjc
zbtb34,zbtb34
zgc:103759,zgc103759
zgc:113142,zgc113142
zgc:113531,zgc113531
zgc:114175,zgc114175
zgc:123217,zgc123217
zgc:123244,zgc123244
zgc:123297,zgc123297
zgc:136410,zgc136410
zgc:152857,zgc152857
zgc:153311,zgc153311
zgc:158463,zgc158463
zgc:162171,zgc162171
zgc:171435,zgc171435
zgc:172139,zgc172139
zgc:172218,zgc172218
zgc:173705,zgc173705
zgc:174931,zgc174931
zgc:194659,zgc194659
zgc:63569,zgc63569
zgc:64189,zgc64189
zgc:77375,zgc77375
zglp1,zglp1
zmp:0000001228,zmp0000001228
znf1017,znf1017
znf1067,znf1067
znf1073,znf1073
znf1084,znf1084
znf1167,znf1167
znf1173,znf1173
znf990,znf990
zp2l1,zp2l1
zp3c,zp3c
AL844141.1,AL844141.1
BX005108.2,BX005108.2
BX323031.1,BX323031.1
BX323588.1,BX323588.1
BX324164.2,BX324164.2
BX324216.4,BX324216.4
BX465849.1,BX465849.1
BX511023.1,BX511023.1
BX511028.1,BX511028.1
BX530407.4,BX530407.4
BX649388.3,BX649388.3
BX936382.1,BX936382.1
BX950224.1,BX950224.1
CABZ01048053.1,CABZ01048053.1
CABZ01067150.1,CABZ01067150.1
CABZ01079550.1,CABZ01079550.1
CABZ01080918.1,CABZ01080918.1
CABZ01083862.1,CABZ01083862.1
CABZ01087415.1,CABZ01087415.1
CABZ01088149.1,CABZ01088149.1
CABZ01088367.1,CABZ01088367.1
CAPN1,CAPN1
CDH18,CDH18
CR376741.1,CR376741.1
CR381647.3,CR381647.3
CR388129.1,CR388129.1
CR396584.1,CR396584.1
CR450793.1,CR450793.1
CR456627.1,CR456627.1
CR626941.1,CR626941.1
CR759879.1,CR759879.1
CR925761.1,CR925761.1
CT027756.3,CT027756.3
CU179656.1,CU179656.1
CU207354.2,CU207354.2
CU467905.1,CU467905.1
CU570691.1,CU570691.1
CU633479.7,CU633479.7
CU984600.3,CU984600.3
FO681286.1,FO681286.1
FO704610.1,FO704610.1
KCNV1,KCNV1
LO018490.1,LO018490.1
NMNAT3,NMNAT3
RF00190,RF00190
SCTR,SCTR
abcb11a,abcb11a
abcg4b,abcg4b
ablim2,ablim2
acvr2ab,acvr2ab
adad2,adad2
adarb1b,adarb1b
admp,admp
ahr1b,ahr1b
akt1,akt1
ampd1,ampd1
ankrd37,ankrd37
ap1m3,ap1m3
apoba,apoba
arvcfa,arvcfa
avpr1ab,avpr1ab
barhl1b,barhl1b
bfb,bfb
bmp8a,bmp8a
c1qtnf2,c1qtnf2
ca15a,ca15a
cacna1aa,cacna1aa
cand2,cand2
ccl35.1,ccl35.1
cdk5r2b,cdk5r2b
cdr2a,cdr2a
ceacam1,ceacam1
cep170ab,cep170ab
clcn2c,clcn2c
cpne4a,cpne4a
csf1rb,csf1rb
csgalnact1a,csgalnact1a
cyp27a1.2,cyp27a1.2
cyp46a1.4,cyp46a1.4
dclk3,dclk3
dlgap4b,dlgap4b
dmgdh,dmgdh
dnai1.2,dnai1.2
dre-mir-101b,dre-mir-101b
dre-mir-21-2,dre-mir-21-2
dscama,dscama
e2f1,e2f1
esyt1b,esyt1b
fam167aa,fam167aa
fam241a,fam241a
fam89b,fam89b
fbxo4,fbxo4
ftr13,ftr13
fzd1,fzd1
gabra4,gabra4
galr1b,galr1b
gfi1aa,gfi1aa
gja5a,gja5a
gpr137ba,gpr137ba
grid2ipb,grid2ipb
grk1b,grk1b
hao1,hao1
hbl2,hbl2
il11a,il11a
inhbab,inhbab
irf4b,irf4b
itcha,itcha
itchb,itchb
itgbl1,itgbl1
itih1,itih1
kcnb2,kcnb2
kif28,kif28
lats2,lats2
lrfn4a,lrfn4a
lrguk,lrguk
ly6m5,ly6m5
lypd6b,lypd6b
mfsd9,mfsd9
nalcn,nalcn
nfatc2a,nfatc2a
nitr5,nitr5
nkd3,nkd3
nr6a1b,nr6a1b
nt5dc3,nt5dc3
ntn2,ntn2
omgb,omgb
otofb,otofb
paplna,paplna
pcdh15b,pcdh15b
pcsk1nl,pcsk1nl
phlpp2,phlpp2
pip4p1b,pip4p1b
pkmb,pkmb
ppp2r2ca,ppp2r2ca
prkag3a,prkag3a
prkn,prkn
ptger2b,ptger2b
ptk6b,ptk6b
ptx3a,ptx3a
rem2,rem2
rnf215,rnf215
rsph3,rsph3
rtn4rl1a,rtn4rl1a
scpp9,scpp9
shisa8b,shisa8b
si:cabz01090193.1,sicabz01090193.1
si:ch1073-155h21.2,sich1073155h21.2
si:ch211-106h4.12,sich211106h4.12
si:ch211-14a11.2,sich21114a11.2
si:ch211-156b7.5,sich211156b7.5
si:ch211-157b11.14,sich211157b11.14
si:ch211-203b8.6,sich211203b8.6
si:ch211-207e19.15,sich211207e19.15
si:ch211-209j12.6,sich211209j12.6
si:ch211-210b2.2,sich211210b2.2
si:ch211-212d10.2,sich211212d10.2
si:ch211-216p19.5,sich211216p19.5
si:ch211-236p5.2,sich211236p5.2
si:ch211-240l19.6,sich211240l19.6
si:ch211-261a10.5,sich211261a10.5
si:ch211-271g18.1,sich211271g18.1
si:ch211-81n22.1,sich21181n22.1
si:ch73-182e20.4,sich73182e20.4
si:ch73-215d9.1,sich73215d9.1
si:ch73-222h13.1,sich73222h13.1
si:ch73-303b9.1,sich73303b9.1
si:ch73-389b16.1,sich73389b16.1
si:dkey-182g1.6,sidkey182g1.6
si:dkey-183k8.2,sidkey183k8.2
si:dkey-191g9.7,sidkey191g9.7
si:dkey-237i9.8,sidkey237i9.8
si:dkey-288i20.2,sidkey288i20.2
si:dkey-31e10.1,sidkey31e10.1
si:dkey-31e10.5,sidkey31e10.5
si:dkey-40c23.1,sidkey40c23.1
si:dkey-56m15.5,sidkey56m15.5
si:dkey-57k17.1,sidkey57k17.1
si:dkey-61p9.11,sidkey61p9.11
si:dkey-7i4.14,sidkey7i4.14
si:dkey-7i4.5,sidkey7i4.5
si:dkey-81h8.1,sidkey81h8.1
si:dkey-88l16.3,sidkey88l16.3
si:dkey-97l20.6,sidkey97l20.6
si:dkeyp-50b9.1,sidkeyp50b9.1
si:dkeyp-68b7.5,sidkeyp68b7.5
si:dkeyp-86c4.1,sidkeyp86c4.1
slc24a4a,slc24a4a
slc25a22b,slc25a22b
slc25a6,slc25a6
slc2a1b,slc2a1b
spag8,spag8
st6galnac1.1,st6galnac1.1
stk40,stk40
sult1st9,sult1st9
synm,synm
syt5a,syt5a
thsd7bb,thsd7bb
tmbim1a,tmbim1a
tmem65,tmem65
trpc2b,trpc2b
tshz3a,tshz3a
tulp1a,tulp1a
tyrobp,tyrobp
ucp3,ucp3
wu:fk65c09,wufk65c09
zdhhc12b,zdhhc12b
zfyve9b,zfyve9b
zgc:100951,zgc100951
zgc:110286,zgc110286
zgc:112998,zgc112998
zgc:158258,zgc158258
zgc:165518,zgc165518
zgc:171509,zgc171509
zgc:194114,zgc194114
zgc:194908,zgc194908
zgc:195081,zgc195081
zgc:195245,zgc195245
znf1047,znf1047
znf1091,znf1091
znf1155,znf1155
znf1177,znf1177
AL732488.1,AL732488.1
AL844518.1,AL844518.1
AL935186.2,AL935186.2
AL954682.1,AL954682.1
ANOS1,ANOS1
BX000363.1,BX000363.1
BX005056.1,BX005056.1
BX005085.3,BX005085.3
BX005392.2,BX005392.2
BX119992.1,BX119992.1
BX120006.1,BX120006.1
BX248410.3,BX248410.3
BX323450.1,BX323450.1
BX465862.1,BX465862.1
BX470259.2,BX470259.2
BX511111.1,BX511111.1
BX530068.1,BX530068.1
BX546499.2,BX546499.2
BX571803.2,BX571803.2
BX572627.1,BX572627.1
BX649398.2,BX649398.2
BX649442.1,BX649442.1
BX649490.4,BX649490.4
BX890591.1,BX890591.1
BX901898.1,BX901898.1
BX936284.1,BX936284.1
CABZ01045617.1,CABZ01045617.1
CABZ01053976.1,CABZ01053976.1
CABZ01056629.1,CABZ01056629.1
CABZ01059408.1,CABZ01059408.1
CABZ01075618.1,CABZ01075618.1
CABZ01088282.1,CABZ01088282.1
CABZ01111454.1,CABZ01111454.1
CABZ01115881.1,CABZ01115881.1
CACFD1,CACFD1
CR352265.4,CR352265.4
CR376783.1,CR376783.1
CR384062.1,CR384062.1
CR388231.1,CR388231.1
CR391991.3,CR391991.3
CR786571.4,CR786571.4
CR848683.1,CR848683.1
CR925756.1,CR925756.1
CR925804.1,CR925804.1
CR931813.1,CR931813.1
CT009714.1,CT009714.1
CT573248.1,CT573248.1
CT583723.1,CT583723.1
CT737184.2,CT737184.2
CU138509.1,CU138509.1
CU394254.2,CU394254.2
CU459186.1,CU459186.1
CU571384.1,CU571384.1
CU914550.1,CU914550.1
CU915256.1,CU915256.1
CU928073.1,CU928073.1
CU928131.1,CU928131.1
FAT3,FAT3
FO904903.1,FO904903.1
FP016106.1,FP016106.1
FP085399.2,FP085399.2
GGT7,GGT7
LAMP5,LAMP5
LO017835.1,LO017835.1
LO018550.1,LO018550.1
MAP3K13,MAP3K13
PLEKHB1,PLEKHB1
RGS9BP,RGS9BP
SH3RF3,SH3RF3
SLC25A29,SLC25A29
STPG4,STPG4
abcb6a,abcb6a
abcc6b.2,abcc6b.2
abcg2b,abcg2b
acer3,acer3
adamts8a,adamts8a
adamtsl3,adamtsl3
aicda,aicda
akr1a1a,akr1a1a
ampd2a,ampd2a
angpt4,angpt4
ankrd33ba,ankrd33ba
ano3,ano3
anxa5a,anxa5a
apoea,apoea
arsa,arsa
asb18,asb18
atp8b5a,atp8b5a
b4galnt2.2,b4galnt2.2
bcl2l11,bcl2l11
bco2b,bco2b
birc5b,birc5b
btr24,btr24
btr33,btr33
cabp5a,cabp5a
cacna1fa,cacna1fa
cacna2d4a,cacna2d4a
calcoco1b,calcoco1b
cart1,cart1
ccpg1,ccpg1
ccr9b,ccr9b
cd8b,cd8b
cdnf,cdnf
cds1,cds1
cntnap5b,cntnap5b
col10a1b,col10a1b
col24a1,col24a1
crp2,crp2
cyb561d1,cyb561d1
cyldb,cyldb
dgat2,dgat2
dpy19l1l,dpy19l1l
dre-mir-21-1,dre-mir-21-1
dre-mir-301c,dre-mir-301c
efhb,efhb
elmod1,elmod1
entpd8,entpd8
erap2,erap2
espnlb,espnlb
esr2b,esr2b
fabp1b.2,fabp1b.2
fam46d,fam46d
fbp2,fbp2
fbxo21,fbxo21
fmodb,fmodb
galnt16,galnt16
gareml,gareml
gbe1b,gbe1b
glipr1b,glipr1b
gnb1l,gnb1l
gnrh2,gnrh2
gpc2,gpc2
gpr153,gpr153
gpr186,gpr186
grem1b,grem1b
grm1b,grm1b
helz2,helz2
herc7,herc7
hspb7,hspb7
htr7a,htr7a
hyal2a,hyal2a
iffo2a,iffo2a
il12bb,il12bb
kcnc2,kcnc2
kcnc4,kcnc4
kcnq1,kcnq1
kif17,kif17
kiss1,kiss1
klhl29,klhl29
l1camb,l1camb
l3hypdh,l3hypdh
leg1.1,leg1.1
lgsn,lgsn
lrch2,lrch2
lrrc28,lrrc28
lrrc4c,lrrc4c
map3k8,map3k8
matn3b,matn3b
mst1ra,mst1ra
mybpc3,mybpc3
myom1b,myom1b
nfe2l1a,nfe2l1a
ngb,ngb
nlk2,nlk2
npffr1,npffr1
nptxra,nptxra
npy,npy
nr5a1a,nr5a1a
nrip2,nrip2
ogdhl,ogdhl
ogfrl1,ogfrl1
olfml2ba,olfml2ba
opn4xa,opn4xa
osbp2,osbp2
pank1a,pank1a
paqr6,paqr6
pcdh1g31,pcdh1g31
pcyt1ab,pcyt1ab
pde11al,pde11al
pde8a,pde8a
phox2ba,phox2ba
pi15a,pi15a
pimr187,pimr187
pkd1l2a,pkd1l2a
plcd3b,plcd3b
plk2a,plk2a
plvapa,plvapa
ponzr6,ponzr6
popdc3,popdc3
ppp2r2cb,ppp2r2cb
prf1.9,prf1.9
prnpb,prnpb
prozb,prozb
ptgdsa,ptgdsa
ptger4b,ptger4b
pygo1,pygo1
rab3ab,rab3ab
rab9b,rab9b
rc3h2,rc3h2
rec8a,rec8a
rims1b,rims1b
rprma,rprma
rpz,rpz
rragd,rragd
rubcnl,rubcnl
saa,saa
scn4ba,scn4ba
si:ch1073-205c8.5,sich1073205c8.5
si:ch211-13f8.1,sich21113f8.1
si:ch211-141e20.2,sich211141e20.2
si:ch211-145c1.1,sich211145c1.1
si:ch211-152c8.2,sich211152c8.2
si:ch211-155m12.1,sich211155m12.1
si:ch211-180n24.3,sich211180n24.3
si:ch211-194m7.8,sich211194m7.8
si:ch211-196c10.13,sich211196c10.13
si:ch211-209j12.2,sich211209j12.2
si:ch211-232m10.6,sich211232m10.6
si:ch211-255f4.6,sich211255f4.6
si:ch211-25d12.7,sich21125d12.7
si:ch211-269k10.5,sich211269k10.5
si:ch211-276a17.5,sich211276a17.5
si:ch211-285c6.3,sich211285c6.3
si:ch211-287a12.9,sich211287a12.9
si:ch73-138e16.4,sich73138e16.4
si:ch73-185c24.2,sich73185c24.2
si:ch73-367j5.3,sich73367j5.3
si:ch73-50f9.4,sich7350f9.4
si:ch73-92i20.1,sich7392i20.1
si:dkey-106l3.7,sidkey106l3.7
si:dkey-13m1.5,sidkey13m1.5
si:dkey-16n15.6,sidkey16n15.6
si:dkey-199f5.4,sidkey199f5.4
si:dkey-211g8.4,sidkey211g8.4
si:dkey-283b1.6,sidkey283b1.6
si:dkey-286j17.4,sidkey286j17.4
si:dkey-46i9.6,sidkey46i9.6
si:dkey-65b12.12,sidkey65b12.12
si:dkey-79f11.7,sidkey79f11.7
si:dkey-7i4.24,sidkey7i4.24
si:dkeyp-118a3.2,sidkeyp118a3.2
si:dkeyp-73d8.9,sidkeyp73d8.9
si:dkeyp-79b7.12,sidkeyp79b7.12
si:dkeyp-90h9.1,sidkeyp90h9.1
si:zfos-979f1.2,sizfos979f1.2
slc24a1,slc24a1
slc35f1,slc35f1
slc35f3a,slc35f3a
slc38a8a,slc38a8a
slc41a1,slc41a1
slc46a2,slc46a2
slc4a1b,slc4a1b
slc6a11b,slc6a11b
slc8a2b,slc8a2b
slitrk5b,slitrk5b
smc1b,smc1b
snapc1a,snapc1a
spaca9,spaca9
spo11,spo11
srgap1b,srgap1b
srxn1,srxn1
sst6,sst6
tefb,tefb
tfpi2,tfpi2
tgfb2,tgfb2
thrab,thrab
tln2b,tln2b
tm4sf18,tm4sf18
tmem37,tmem37
tpcn2,tpcn2
traf2a,traf2a
treh,treh
tspan34,tspan34
tspan9a,tspan9a
ttc39b,ttc39b
ugt2a6,ugt2a6
urahb,urahb
uts2d,uts2d
vwa5b2,vwa5b2
wnt9b,wnt9b
zanl,zanl
zap70,zap70
zfyve1,zfyve1
zgc:171226,zgc171226
zgc:171506,zgc171506
zgc:194189,zgc194189
zgc:195023,zgc195023
zmp:0000001127,zmp0000001127
znf1012,znf1012
znf319b,znf319b
znf365,znf365
znf521,znf521
znf973,znf973
znf976,znf976
zpcx,zpcx
AL928835.1,AL928835.1
AL929017.3,AL929017.3
AL929276.1,AL929276.1
AL954149.2,AL954149.2
AL954322.3,AL954322.3
AL954861.1,AL954861.1
AMOTL1,AMOTL1
BX000451.1,BX000451.1
BX004972.1,BX004972.1
BX005058.1,BX005058.1
BX005336.1,BX005336.1
BX088709.1,BX088709.1
BX321877.1,BX321877.1
BX601648.2,BX601648.2
BX897682.1,BX897682.1
BX901883.2,BX901883.2
CABZ01009512.2,CABZ01009512.2
CABZ01030017.2,CABZ01030017.2
CABZ01038524.1,CABZ01038524.1
CABZ01044277.1,CABZ01044277.1
CABZ01045212.1,CABZ01045212.1
CABZ01064771.1,CABZ01064771.1
CABZ01066725.1,CABZ01066725.1
CABZ01076758.1,CABZ01076758.1
CABZ01080074.1,CABZ01080074.1
CABZ01083442.1,CABZ01083442.1
CABZ01087513.1,CABZ01087513.1
CABZ01102038.1,CABZ01102038.1
CABZ01112864.1,CABZ01112864.1
CR352226.5,CR352226.5
CR354556.3,CR354556.3
CR376751.1,CR376751.1
CR376762.1,CR376762.1
CR381673.1,CR381673.1
CR388364.1,CR388364.1
CR394556.1,CR394556.1
CR589947.1,CR589947.1
CR677617.1,CR677617.1
CR749748.1,CR749748.1
CR759887.3,CR759887.3
CR847563.1,CR847563.1
CT737190.1,CT737190.1
CT868708.1,CT868708.1
CU179643.1,CU179643.1
CU207343.1,CU207343.1
CU468226.1,CU468226.1
CU639471.1,CU639471.1
CU651657.1,CU651657.1
CU693471.1,CU693471.1
CU855685.1,CU855685.1
CU928222.1,CU928222.1
CU929416.1,CU929416.1
CU972454.4,CU972454.4
FO704848.1,FO704848.1
FP101875.2,FP101875.2
FP236318.2,FP236318.2
LO018260.1,LO018260.1
LO018550.2,LO018550.2
LO018584.1,LO018584.1
RUNDC1,RUNDC1
SLC15A5,SLC15A5
SPATA1,SPATA1
USP53,USP53
aasdh,aasdh
adra2b,adra2b
ankrd55,ankrd55
arfip2b,arfip2b
asb5a,asb5a
atf5a,atf5a
atxn7l3,atxn7l3
avp,avp
b4galnt1b,b4galnt1b
baalca,baalca
batf,batf
bscl2,bscl2
btr21,btr21
buc2l,buc2l
c6ast3,c6ast3
ca15b,ca15b
cacna2d2b,cacna2d2b
cbln12,cbln12
cbln4,cbln4
cd44a,cd44a
cdkn2d,cdkn2d
cenpv,cenpv
cfb,cfb
cipca,cipca
cnnm2a,cnnm2a
cpb1,cpb1
cplx3b,cplx3b
cpt1cb,cpt1cb
creb3l3a,creb3l3a
crhr1,crhr1
ctsbb,ctsbb
ctss1,ctss1
cx28.6,cx28.6
cyp7b1,cyp7b1
dlgap2a,dlgap2a
dmc1,dmc1
dnaaf3l,dnaaf3l
dock5,dock5
dpagt1,dpagt1
dre-mir-9-2,dre-mir-9-2
efna3a,efna3a
entpd2a.2,entpd2a.2
erap1b,erap1b
fah,fah
faimb,faimb
fam169ab,fam169ab
fam221a,fam221a
fbxl3l,fbxl3l
fgf2,fgf2
fgf22,fgf22
foxp3a,foxp3a
fsd1l,fsd1l
ftr50,ftr50
galnt8b.2,galnt8b.2
gnat2,gnat2
hhla2a.2,hhla2a.2
hrasls,hrasls
htr2cl1,htr2cl1
hyal4,hyal4
inpp5f,inpp5f
jade2,jade2
kcne4,kcne4
kcnh4b,kcnh4b
kcnk13b,kcnk13b
kcnq2b,kcnq2b
kctd6a,kctd6a
lama2,lama2
lingo1a,lingo1a
lrfn5a,lrfn5a
ly6m2,ly6m2
mag,mag
map3k10,map3k10
map7a,map7a
mbl2,mbl2
mettl7a,mettl7a
mfsd2aa,mfsd2aa
mhc1zfa,mhc1zfa
mixl1,mixl1
mkl2a,mkl2a
mogat2,mogat2
mxtx2,mxtx2
ncanb,ncanb
nek12,nek12
nek6,nek6
neurog3,neurog3
nfil3-3,nfil3-3
nol4lb,nol4lb
npdc1a,npdc1a
nr1h5,nr1h5
nr1i2,nr1i2
nrgna,nrgna
nuak1a,nuak1a
nudt4b,nudt4b
osgn1,osgn1
p2rx2,p2rx2
paqr4a,paqr4a
pcdh1a6,pcdh1a6
pde6ga,pde6ga
pex2,pex2
pgap3,pgap3
pgfb,pgfb
pglyrp2,pglyrp2
prdm14,prdm14
psmb12,psmb12
pyya,pyya
rab3b,rab3b
rad21l1,rad21l1
rapgef5a,rapgef5a
rce1a,rce1a
rdh5,rdh5
rhcga,rhcga
ripk1l,ripk1l
ros1,ros1
scarb2c,scarb2c
sh3bgrl2,sh3bgrl2
si:busm1-104n07.3,sibusm1104n07.3
si:ch211-106h4.9,sich211106h4.9
si:ch211-11c3.9,sich21111c3.9
si:ch211-12h2.6,sich21112h2.6
si:ch211-148f13.1,sich211148f13.1
si:ch211-14a17.6,sich21114a17.6
si:ch211-199g17.9,sich211199g17.9
si:ch211-203k16.3,sich211203k16.3
si:ch211-222n4.6,sich211222n4.6
si:ch211-235i11.6,sich211235i11.6
si:ch211-255f4.2,sich211255f4.2
si:ch211-255f4.5,sich211255f4.5
si:ch211-264f5.8,sich211264f5.8
si:ch211-266a5.12,sich211266a5.12
si:ch211-276i12.4,sich211276i12.4
si:ch211-277e21.1,sich211277e21.1
si:ch211-42i9.8,sich21142i9.8
si:ch73-109i22.2,sich73109i22.2
si:ch73-138e16.2,sich73138e16.2
si:ch73-217n20.1,sich73217n20.1
si:ch73-233m11.2,sich73233m11.2
si:ch73-322b17.4,sich73322b17.4
si:ch73-329n5.1,sich73329n5.1
si:dkey-101k6.5,sidkey101k6.5
si:dkey-102c8.2,sidkey102c8.2
si:dkey-111e8.5,sidkey111e8.5
si:dkey-11f4.7,sidkey11f4.7
si:dkey-120c6.5,sidkey120c6.5
si:dkey-13n15.11,sidkey13n15.11
si:dkey-152b24.6,sidkey152b24.6
si:dkey-152b24.8,sidkey152b24.8
si:dkey-176f19.4,sidkey176f19.4
si:dkey-183i3.9,sidkey183i3.9
si:dkey-183p4.10,sidkey183p4.10
si:dkey-188i13.6,sidkey188i13.6
si:dkey-188i13.9,sidkey188i13.9
si:dkey-215k6.1,sidkey215k6.1
si:dkey-217f16.1,sidkey217f16.1
si:dkey-21c1.4,sidkey21c1.4
si:dkey-220k22.1,sidkey220k22.1
si:dkey-238i5.3,sidkey238i5.3
si:dkey-23a13.2,sidkey23a13.2
si:dkey-261j11.1,sidkey261j11.1
si:dkey-27o4.1,sidkey27o4.1
si:dkey-30c15.2,sidkey30c15.2
si:dkey-57c22.1,sidkey57c22.1
si:dkey-6f10.3,sidkey6f10.3
si:dkey-85k15.6,sidkey85k15.6
si:dkey-85k7.12,sidkey85k7.12
si:dkey-90m5.4,sidkey90m5.4
si:dkeyp-69c1.7,sidkeyp69c1.7
si:dkeyp-80d11.1,sidkeyp80d11.1
si:dkeyp-82h4.1,sidkeyp82h4.1
si:dkeyp-85e10.1,sidkeyp85e10.1
si:dkeyp-85e10.3,sidkeyp85e10.3
si:rp71-45g20.4,sirp7145g20.4
slc1a3b,slc1a3b
slc25a22a,slc25a22a
slc25a25b,slc25a25b
slc2a15a,slc2a15a
smpdl3b,smpdl3b
smug1,smug1
spam1,spam1
sparta,sparta
spock2,spock2
ssh1a,ssh1a
stmnd1,stmnd1
tapbpl,tapbpl
tcn2,tcn2
terb1,terb1
tespa1,tespa1
tle2c,tle2c
tmem41ab,tmem41ab
tox4b,tox4b
trim23,trim23
trim69,trim69
ubtd1a,ubtd1a
unc13ba,unc13ba
usp30,usp30
vangl1,vangl1
vgll2a,vgll2a
vmo1a,vmo1a
zgc:153031,zgc153031
zgc:153441,zgc153441
zgc:153722,zgc153722
zgc:153760,zgc153760
zgc:153913,zgc153913
zgc:153920,zgc153920
zgc:171699,zgc171699
zgc:171731,zgc171731
zgc:171927,zgc171927
zgc:175280,zgc175280
znf1038,znf1038
znf993,znf993
AL935195.3,AL935195.3
BX005398.2,BX005398.2
BX005407.1,BX005407.1
BX248243.1,BX248243.1
BX322555.4,BX322555.4
BX324224.1,BX324224.1
BX530018.1,BX530018.1
BX530064.2,BX530064.2
BX537143.1,BX537143.1
BX649345.2,BX649345.2
BX681417.2,BX681417.2
BX901923.2,BX901923.2
CABZ01029822.1,CABZ01029822.1
CABZ01030017.1,CABZ01030017.1
CABZ01063602.1,CABZ01063602.1
CABZ01075628.1,CABZ01075628.1
CABZ01081490.1,CABZ01081490.1
CABZ01085140.1,CABZ01085140.1
CABZ01112647.1,CABZ01112647.1
CABZ01113373.1,CABZ01113373.1
CR589947.3,CR589947.3
CR759845.1,CR759845.1
CR759846.1,CR759846.1
CR933559.1,CR933559.1
CT009487.1,CT009487.1
CT025669.1,CT025669.1
CT573316.2,CT573316.2
CT583642.1,CT583642.1
CT997819.1,CT997819.1
CU062628.1,CU062628.1
CU855801.1,CU855801.1
CU929150.2,CU929150.2
FO704624.1,FO704624.1
FP089511.1,FP089511.1
FP236513.1,FP236513.1
FQ312013.1,FQ312013.1
QRFPR,QRFPR
SRMS,SRMS
abcc8b,abcc8b
abhd2b,abhd2b
ace2,ace2
adcy9,adcy9
adgra1a,adgra1a
akap1a,akap1a
aldh5a1,aldh5a1
apnl,apnl
apoa4b.2,apoa4b.2
arl15b,arl15b
b3gat1b,b3gat1b
bada,bada
bicdl1,bicdl1
ca4a,ca4a
cacnb4a,cacnb4a
calb2a,calb2a
camk1ga,camk1ga
cbx7b,cbx7b
ces2,ces2
chst3a,chst3a
cyldl,cyldl
cyp2k19,cyp2k19
cyp46a1.3,cyp46a1.3
dnase2b,dnase2b
dre-mir-132-1,dre-mir-132-1
eomesb,eomesb
erg,erg
fam57bb,fam57bb
fam83c,fam83c
fstl5,fstl5
ftr14l,ftr14l
ftr58,ftr58
galn,galn
gata2b,gata2b
gb:eh456644,gbeh456644
gnaq,gnaq
gnb3b,gnb3b
gpr25,gpr25
gpr37l1a,gpr37l1a
hspb15,hspb15
itga2.1,itga2.1
kank1b,kank1b
klf4,klf4
ltb4r2b,ltb4r2b
lzts3a,lzts3a
mapk13,mapk13
mlxipl,mlxipl
myo19,myo19
naif1,naif1
nectin4,nectin4
neto1l,neto1l
nfatc1,nfatc1
nppa,nppa
nr2e3,nr2e3
nudt7,nudt7
nwd1,nwd1
paplnb,paplnb
pde4bb,pde4bb
pglyrp6,pglyrp6
pkn1b,pkn1b
plg,plg
ppfia1,ppfia1
rpgrip1,rpgrip1
rubcn,rubcn
rundc3b,rundc3b
s100a10a,s100a10a
sbk3,sbk3
scara3,scara3
scml4,scml4
shox,shox
si:ch1073-349o24.2,sich1073349o24.2
si:ch211-146l10.8,sich211146l10.8
si:ch211-14a17.7,sich21114a17.7
si:ch211-158d24.4,sich211158d24.4
si:ch211-227e10.3,sich211227e10.3
si:ch211-261c8.5,sich211261c8.5
si:ch211-284e13.14,sich211284e13.14
si:ch211-57i17.2,sich21157i17.2
si:ch73-261i21.2,sich73261i21.2
si:ch73-281f12.4,sich73281f12.4
si:dkey-110c1.7,sidkey110c1.7
si:dkey-11o18.5,sidkey11o18.5
si:dkey-29p23.1,sidkey29p23.1
si:dkey-73p2.1,sidkey73p2.1
si:dkey-73p2.3,sidkey73p2.3
si:dkey-76p14.2,sidkey76p14.2
si:dkeyp-44d3.5,sidkeyp44d3.5
si:dkeyp-73d8.6,sidkeyp73d8.6
si:dkeyp-75h12.7,sidkeyp75h12.7
slc35a2,slc35a2
soul5,soul5
st6galnac1.2,st6galnac1.2
st6galnac5a,st6galnac5a
stxbp6l,stxbp6l
syt1b,syt1b
syt7a,syt7a
taar10,taar10
tlr5a,tlr5a
tnfrsf9b,tnfrsf9b
tnxba,tnxba
traj2,traj2
tub,tub
wt1b,wt1b
wu:fj30f06,wufj30f06
zgc:158432,zgc158432
znf1042,znf1042
zswim2,zswim2
ACOT12,ACOT12
AL590134.1,AL590134.1
AL590151.1,AL590151.1
AL590151.3,AL590151.3
AL732567.1,AL732567.1
AL772146.2,AL772146.2
AL807792.1,AL807792.1
AL845330.1,AL845330.1
AL928650.1,AL928650.1
AL928724.1,AL928724.1
AL928908.3,AL928908.3
AL929009.2,AL929009.2
AL929237.1,AL929237.1
AL929309.1,AL929309.1
AL935044.2,AL935044.2
AL935126.2,AL935126.2
AL935186.1,AL935186.1
AL935199.1,AL935199.1
AL935294.2,AL935294.2
AL935303.1,AL935303.1
AL953858.1,AL953858.1
AL953886.1,AL953886.1
AL953907.2,AL953907.2
AL954134.1,AL954134.1
AL954359.1,AL954359.1
AL954695.2,AL954695.2
AL954741.3,AL954741.3
AL954816.1,AL954816.1
ANKFN1,ANKFN1
ANKRD34C,ANKRD34C
ARSB,ARSB
BACE1,BACE1
BEND4,BEND4
BEND7,BEND7
BX000364.5,BX000364.5
BX001023.1,BX001023.1
BX004774.2,BX004774.2
BX004779.2,BX004779.2
BX004785.3,BX004785.3
BX004800.1,BX004800.1
BX004812.1,BX004812.1
BX004816.1,BX004816.1
BX005060.1,BX005060.1
BX005073.2,BX005073.2
BX005073.3,BX005073.3
BX005101.1,BX005101.1
BX005105.1,BX005105.1
BX005129.3,BX005129.3
BX005368.1,BX005368.1
BX005417.1,BX005417.1
BX005417.2,BX005417.2
BX005421.1,BX005421.1
BX005421.2,BX005421.2
BX005442.3,BX005442.3
BX005456.1,BX005456.1
BX072561.1,BX072561.1
BX072564.1,BX072564.1
BX072576.1,BX072576.1
BX088524.3,BX088524.3
BX088686.1,BX088686.1
BX088688.2,BX088688.2
BX247868.1,BX247868.1
BX247870.1,BX247870.1
BX248082.1,BX248082.1
BX248238.1,BX248238.1
BX248390.1,BX248390.1
BX248418.1,BX248418.1
BX255912.1,BX255912.1
BX276103.2,BX276103.2
BX276107.1,BX276107.1
BX294383.1,BX294383.1
BX294388.1,BX294388.1
BX294389.1,BX294389.1
BX296520.1,BX296520.1
BX296526.1,BX296526.1
BX321870.1,BX321870.1
BX321905.1,BX321905.1
BX322661.1,BX322661.1
BX322661.3,BX322661.3
BX322787.1,BX322787.1
BX323016.1,BX323016.1
BX323457.2,BX323457.2
BX323458.1,BX323458.1
BX323459.1,BX323459.1
BX323555.3,BX323555.3
BX323559.2,BX323559.2
BX323559.3,BX323559.3
BX323559.4,BX323559.4
BX323586.2,BX323586.2
BX323797.3,BX323797.3
BX323854.1,BX323854.1
BX324123.2,BX324123.2
BX324146.1,BX324146.1
BX324164.1,BX324164.1
BX324164.5,BX324164.5
BX324188.1,BX324188.1
BX324216.1,BX324216.1
BX465862.2,BX465862.2
BX465862.4,BX465862.4
BX465868.1,BX465868.1
BX469896.1,BX469896.1
BX470065.1,BX470065.1
BX470229.1,BX470229.1
BX470229.2,BX470229.2
BX470242.2,BX470242.2
BX470246.1,BX470246.1
BX510657.1,BX510657.1
BX510915.1,BX510915.1
BX510920.1,BX510920.1
BX510922.2,BX510922.2
BX510938.1,BX510938.1
BX510941.1,BX510941.1
BX510949.1,BX510949.1
BX510960.1,BX510960.1
BX510960.2,BX510960.2
BX511025.1,BX511025.1
BX511100.6,BX511100.6
BX511123.2,BX511123.2
BX511128.3,BX511128.3
BX511178.1,BX511178.1
BX511223.1,BX511223.1
BX511245.1,BX511245.1
BX511311.3,BX511311.3
BX530024.1,BX530024.1
BX537288.1,BX537288.1
BX537358.1,BX537358.1
BX539313.1,BX539313.1
BX539336.1,BX539336.1
BX546453.2,BX546453.2
BX547992.1,BX547992.1
BX548024.2,BX548024.2
BX548044.4,BX548044.4
BX548044.8,BX548044.8
BX548046.1,BX548046.1
BX548047.1,BX548047.1
BX548073.1,BX548073.1
BX569785.1,BX569785.1
BX571712.2,BX571712.2
BX571719.1,BX571719.1
BX571738.1,BX571738.1
BX571762.2,BX571762.2
BX571803.3,BX571803.3
BX571825.4,BX571825.4
BX571884.1,BX571884.1
BX571952.1,BX571952.1
BX571955.2,BX571955.2
BX572628.1,BX572628.1
BX640462.2,BX640462.2
BX640537.2,BX640537.2
BX649266.1,BX649266.1
BX649307.1,BX649307.1
BX649307.2,BX649307.2
BX649328.1,BX649328.1
BX649328.3,BX649328.3
BX649384.2,BX649384.2
BX649434.1,BX649434.1
BX649442.2,BX649442.2
BX649479.1,BX649479.1
BX649481.1,BX649481.1
BX649490.3,BX649490.3
BX649498.1,BX649498.1
BX649499.1,BX649499.1
BX649522.1,BX649522.1
BX649612.1,BX649612.1
BX663503.2,BX663503.2
BX663515.1,BX663515.1
BX663528.1,BX663528.1
BX664610.1,BX664610.1
BX664738.1,BX664738.1
BX677668.2,BX677668.2
BX784026.1,BX784026.1
BX784029.4,BX784029.4
BX890539.1,BX890539.1
BX890551.1,BX890551.1
BX890572.2,BX890572.2
BX890629.1,BX890629.1
BX897691.1,BX897691.1
BX899181.1,BX899181.1
BX901918.1,BX901918.1
BX901922.1,BX901922.1
BX901962.12,BX901962.12
BX908388.2,BX908388.2
BX908731.1,BX908731.1
BX908770.1,BX908770.1
BX908780.2,BX908780.2
BX908782.3,BX908782.3
BX908804.2,BX908804.2
BX927081.1,BX927081.1
BX927210.1,BX927210.1
BX927218.1,BX927218.1
BX927253.2,BX927253.2
BX927260.1,BX927260.1
BX927298.1,BX927298.1
BX927329.1,BX927329.1
BX927335.2,BX927335.2
BX927362.1,BX927362.1
BX927362.2,BX927362.2
BX927385.2,BX927385.2
BX936342.2,BX936342.2
BX936364.1,BX936364.1
BX936406.1,BX936406.1
BX936431.1,BX936431.1
BX936433.1,BX936433.1
BX942813.1,BX942813.1
BX942846.1,BX942846.1
BX950187.1,BX950187.1
BX957257.1,BX957257.1
BX957257.2,BX957257.2
BX957297.2,BX957297.2
BX957346.3,BX957346.3
C14orf132,C14orf132
CA4,CA4
CABZ01000635.1,CABZ01000635.1
CABZ01002702.1,CABZ01002702.1
CABZ01009511.1,CABZ01009511.1
CABZ01012885.1,CABZ01012885.1
CABZ01015105.1,CABZ01015105.1
CABZ01015815.4,CABZ01015815.4
CABZ01015815.5,CABZ01015815.5
CABZ01020835.1,CABZ01020835.1
CABZ01021435.1,CABZ01021435.1
CABZ01029422.1,CABZ01029422.1
CABZ01032982.1,CABZ01032982.1
CABZ01033000.1,CABZ01033000.1
CABZ01033205.1,CABZ01033205.1
CABZ01033309.1,CABZ01033309.1
CABZ01034596.1,CABZ01034596.1
CABZ01035356.1,CABZ01035356.1
CABZ01038376.1,CABZ01038376.1
CABZ01038494.1,CABZ01038494.1
CABZ01038521.1,CABZ01038521.1
CABZ01038709.1,CABZ01038709.1
CABZ01040998.1,CABZ01040998.1
CABZ01043506.1,CABZ01043506.1
CABZ01043953.1,CABZ01043953.1
CABZ01044731.1,CABZ01044731.1
CABZ01046087.1,CABZ01046087.1
CABZ01046980.1,CABZ01046980.1
CABZ01049361.1,CABZ01049361.1
CABZ01049607.1,CABZ01049607.1
CABZ01049825.1,CABZ01049825.1
CABZ01051600.1,CABZ01051600.1
CABZ01051602.1,CABZ01051602.1
CABZ01053619.1,CABZ01053619.1
CABZ01054391.1,CABZ01054391.1
CABZ01056321.1,CABZ01056321.1
CABZ01057488.1,CABZ01057488.1
CABZ01059392.1,CABZ01059392.1
CABZ01060030.1,CABZ01060030.1
CABZ01060373.1,CABZ01060373.1
CABZ01060490.1,CABZ01060490.1
CABZ01060491.1,CABZ01060491.1
CABZ01061349.1,CABZ01061349.1
CABZ01063298.1,CABZ01063298.1
CABZ01064968.1,CABZ01064968.1
CABZ01065425.1,CABZ01065425.1
CABZ01066921.1,CABZ01066921.1
CABZ01066962.1,CABZ01066962.1
CABZ01067151.1,CABZ01067151.1
CABZ01067232.1,CABZ01067232.1
CABZ01067581.1,CABZ01067581.1
CABZ01068356.1,CABZ01068356.1
CABZ01068600.1,CABZ01068600.1
CABZ01069324.1,CABZ01069324.1
CABZ01070469.1,CABZ01070469.1
CABZ01070852.2,CABZ01070852.2
CABZ01072089.1,CABZ01072089.1
CABZ01072096.1,CABZ01072096.1
CABZ01072406.1,CABZ01072406.1
CABZ01072487.1,CABZ01072487.1
CABZ01072523.1,CABZ01072523.1
CABZ01072885.1,CABZ01072885.1
CABZ01072950.1,CABZ01072950.1
CABZ01072952.1,CABZ01072952.1
CABZ01073083.1,CABZ01073083.1
CABZ01073097.1,CABZ01073097.1
CABZ01073424.1,CABZ01073424.1
CABZ01073736.1,CABZ01073736.1
CABZ01073963.1,CABZ01073963.1
CABZ01074203.1,CABZ01074203.1
CABZ01074298.1,CABZ01074298.1
CABZ01074304.1,CABZ01074304.1
CABZ01074307.1,CABZ01074307.1
CABZ01075572.1,CABZ01075572.1
CABZ01076669.1,CABZ01076669.1
CABZ01076968.1,CABZ01076968.1
CABZ01077217.2,CABZ01077217.2
CABZ01078320.1,CABZ01078320.1
CABZ01078606.1,CABZ01078606.1
CABZ01078734.1,CABZ01078734.1
CABZ01079039.1,CABZ01079039.1
CABZ01079080.1,CABZ01079080.1
CABZ01079179.1,CABZ01079179.1
CABZ01079748.1,CABZ01079748.1
CABZ01080098.1,CABZ01080098.1
CABZ01080371.1,CABZ01080371.1
CABZ01080550.1,CABZ01080550.1
CABZ01080587.1,CABZ01080587.1
CABZ01081780.1,CABZ01081780.1
CABZ01083778.1,CABZ01083778.1
CABZ01084081.1,CABZ01084081.1
CABZ01084230.1,CABZ01084230.1
CABZ01084501.3,CABZ01084501.3
CABZ01084617.1,CABZ01084617.1
CABZ01084793.1,CABZ01084793.1
CABZ01085137.1,CABZ01085137.1
CABZ01085195.1,CABZ01085195.1
CABZ01085700.1,CABZ01085700.1
CABZ01085887.1,CABZ01085887.1
CABZ01086574.1,CABZ01086574.1
CABZ01087514.1,CABZ01087514.1
CABZ01088049.1,CABZ01088049.1
CABZ01088308.1,CABZ01088308.1
CABZ01088346.1,CABZ01088346.1
CABZ01088700.1,CABZ01088700.1
CABZ01092072.1,CABZ01092072.1
CABZ01092745.1,CABZ01092745.1
CABZ01092982.1,CABZ01092982.1
CABZ01096573.1,CABZ01096573.1
CABZ01112049.1,CABZ01112049.1
CABZ01114105.1,CABZ01114105.1
CABZ01114581.1,CABZ01114581.1
CABZ01117348.1,CABZ01117348.1
CABZ01117619.1,CABZ01117619.1
CABZ01117706.1,CABZ01117706.1
CABZ01117752.1,CABZ01117752.1
CABZ01117780.1,CABZ01117780.1
CCKAR,CCKAR
CDH22,CDH22
CDHR1,CDHR1
CDK18,CDK18
CELA1,CELA1
CELF6,CELF6
CLEC3A,CLEC3A
CLIP4,CLIP4
CR293501.9,CR293501.9
CR293511.1,CR293511.1
CR293511.2,CR293511.2
CR318588.2,CR318588.2
CR318603.1,CR318603.1
CR318614.1,CR318614.1
CR318624.2,CR318624.2
CR339044.1,CR339044.1
CR352220.3,CR352220.3
CR352223.1,CR352223.1
CR352226.1,CR352226.1
CR352228.1,CR352228.1
CR352338.1,CR352338.1
CR354430.1,CR354430.1
CR354547.1,CR354547.1
CR354556.1,CR354556.1
CR354610.1,CR354610.1
CR361551.1,CR361551.1
CR361564.1,CR361564.1
CR376745.2,CR376745.2
CR376766.3,CR376766.3
CR381531.2,CR381531.2
CR382283.1,CR382283.1
CR382283.2,CR382283.2
CR382327.3,CR382327.3
CR382383.2,CR382383.2
CR383662.2,CR383662.2
CR383662.3,CR383662.3
CR383662.8,CR383662.8
CR383680.1,CR383680.1
CR383680.3,CR383680.3
CR385053.3,CR385053.3
CR387921.1,CR387921.1
CR388008.1,CR388008.1
CR388040.1,CR388040.1
CR388050.1,CR388050.1
CR388132.1,CR388132.1
CR388184.1,CR388184.1
CR388195.1,CR388195.1
CR388373.3,CR388373.3
CR391963.1,CR391963.1
CR391987.1,CR391987.1
CR391998.1,CR391998.1
CR392002.1,CR392002.1
CR392026.2,CR392026.2
CR392341.4,CR392341.4
CR394535.1,CR394535.1
CR394546.5,CR394546.5
CR394572.1,CR394572.1
CR407585.1,CR407585.1
CR450686.1,CR450686.1
CR450686.5,CR450686.5
CR450720.1,CR450720.1
CR450727.1,CR450727.1
CR450812.1,CR450812.1
CR450824.1,CR450824.1
CR450827.2,CR450827.2
CR450836.1,CR450836.1
CR456642.1,CR456642.1
CR513789.1,CR513789.1
CR522881.1,CR522881.1
CR538726.1,CR538726.1
CR545476.1,CR545476.1
CR556696.1,CR556696.1
CR589943.1,CR589943.1
CR589947.2,CR589947.2
CR626884.5,CR626884.5
CR626907.3,CR626907.3
CR626944.1,CR626944.1
CR626962.1,CR626962.1
CR749774.1,CR749774.1
CR749775.2,CR749775.2
CR751224.1,CR751224.1
CR751227.1,CR751227.1
CR751608.1,CR751608.1
CR759816.1,CR759816.1
CR759836.1,CR759836.1
CR762407.2,CR762407.2
CR762420.1,CR762420.1
CR762475.4,CR762475.4
CR769768.1,CR769768.1
CR769777.1,CR769777.1
CR769777.2,CR769777.2
CR786562.1,CR786562.1
CR786571.1,CR786571.1
CR786576.1,CR786576.1
CR786577.1,CR786577.1
CR792416.1,CR792416.1
CR792438.1,CR792438.1
CR812469.1,CR812469.1
CR812470.2,CR812470.2
CR846087.1,CR846087.1
CR847531.1,CR847531.1
CR847537.1,CR847537.1
CR847543.2,CR847543.2
CR847844.2,CR847844.2
CR847851.1,CR847851.1
CR847887.1,CR847887.1
CR847947.1,CR847947.1
CR847968.1,CR847968.1
CR847998.1,CR847998.1
CR848032.1,CR848032.1
CR848705.2,CR848705.2
CR848757.1,CR848757.1
CR854926.1,CR854926.1
CR854945.1,CR854945.1
CR854980.1,CR854980.1
CR855257.2,CR855257.2
CR855311.2,CR855311.2
CR855311.5,CR855311.5
CR855320.1,CR855320.1
CR855375.3,CR855375.3
CR925723.1,CR925723.1
CR925728.1,CR925728.1
CR925755.1,CR925755.1
CR925798.1,CR925798.1
CR925817.1,CR925817.1
CR927050.1,CR927050.1
CR931763.1,CR931763.1
CR931780.1,CR931780.1
CR931782.1,CR931782.1
CR931813.2,CR931813.2
CR933528.1,CR933528.1
CR933734.2,CR933734.2
CR936416.1,CR936416.1
CR936459.1,CR936459.1
CR936518.1,CR936518.1
CR936518.2,CR936518.2
CR954285.1,CR954285.1
CSDC2,CSDC2
CT025748.1,CT025748.1
CT025776.1,CT025776.1
CT025854.1,CT025854.1
CT027756.1,CT027756.1
CT027805.1,CT027805.1
CT030048.1,CT030048.1
CT573006.1,CT573006.1
CT573133.2,CT573133.2
CT573139.2,CT573139.2
CT573178.1,CT573178.1
CT573234.1,CT573234.1
CT573282.1,CT573282.1
CT573303.1,CT573303.1
CT573316.1,CT573316.1
CT573392.1,CT573392.1
CT573429.1,CT573429.1
CT583651.1,CT583651.1
CT583652.1,CT583652.1
CT737125.1,CT737125.1
CT737127.1,CT737127.1
CT737129.1,CT737129.1
CT737133.1,CT737133.1
CT737196.1,CT737196.1
CT955963.1,CT955963.1
CT955984.1,CT955984.1
CT956002.1,CT956002.1
CU062431.1,CU062431.1
CU062633.1,CU062633.1
CU062645.1,CU062645.1
CU074330.1,CU074330.1
CU074421.1,CU074421.1
CU104797.1,CU104797.1
CU137681.1,CU137681.1
CU138533.1,CU138533.1
CU138547.1,CU138547.1
CU179757.1,CU179757.1
CU182823.2,CU182823.2
CU207275.1,CU207275.1
CU207343.2,CU207343.2
CU280645.1,CU280645.1
CU326366.2,CU326366.2
CU459094.1,CU459094.1
CU459094.2,CU459094.2
CU459210.1,CU459210.1
CU462871.1,CU462871.1
CU462913.1,CU462913.1
CU462980.1,CU462980.1
CU467822.2,CU467822.2
CU467828.1,CU467828.1
CU467837.1,CU467837.1
CU468012.3,CU468012.3
CU468723.2,CU468723.2
CU468896.1,CU468896.1
CU469384.1,CU469384.1
CU469420.2,CU469420.2
CU539058.1,CU539058.1
CU571310.1,CU571310.1
CU571315.2,CU571315.2
CU571315.3,CU571315.3
CU571319.1,CU571319.1
CU571382.1,CU571382.1
CU633908.1,CU633908.1
CU633984.1,CU633984.1
CU633991.1,CU633991.1
CU634008.1,CU634008.1
CU639397.1,CU639397.1
CU651662.1,CU651662.1
CU655820.1,CU655820.1
CU655961.1,CU655961.1
CU657925.1,CU657925.1
CU657976.1,CU657976.1
CU672227.1,CU672227.1
CU681841.1,CU681841.1
CU681842.1,CU681842.1
CU681855.1,CU681855.1
CU693479.1,CU693479.1
CU695117.1,CU695117.1
CU855484.1,CU855484.1
CU855758.2,CU855758.2
CU855885.1,CU855885.1
CU855900.1,CU855900.1
CU855912.1,CU855912.1
CU855917.1,CU855917.1
CU856222.1,CU856222.1
CU856343.1,CU856343.1
CU856344.2,CU856344.2
CU856539.1,CU856539.1
CU861651.2,CU861651.2
CU861886.1,CU861886.1
CU896630.1,CU896630.1
CU914487.1,CU914487.1
CU914776.1,CU914776.1
CU915762.1,CU915762.1
CU915827.1,CU915827.1
CU929119.1,CU929119.1
CU929199.1,CU929199.1
CU929240.1,CU929240.1
CU929359.2,CU929359.2
CU929365.1,CU929365.1
CU984579.1,CU984579.1
CYTL1,CYTL1
DUSP26,DUSP26
ENKD1,ENKD1
EVI5L,EVI5L
FAM135B,FAM135B
FAM163A,FAM163A
FAM180A,FAM180A
FAM19A3,FAM19A3
FAM46A,FAM46A
FO082780.1,FO082780.1
FO393424.1,FO393424.1
FO681288.3,FO681288.3
FO704635.1,FO704635.1
FO704648.1,FO704648.1
FO704748.1,FO704748.1
FO704772.2,FO704772.2
FO704813.1,FO704813.1
FO704822.1,FO704822.1
FO744840.1,FO744840.1
FO818743.1,FO818743.1
FO904901.1,FO904901.1
FO904977.1,FO904977.1
FP015809.1,FP015809.1
FP015810.1,FP015810.1
FP016005.1,FP016005.1
FP016056.1,FP016056.1
FP067424.1,FP067424.1
FP074867.1,FP074867.1
FP085421.1,FP085421.1
FP102888.1,FP102888.1
FP103004.1,FP103004.1
FP103005.2,FP103005.2
FP103009.1,FP103009.1
FP236542.1,FP236542.1
FP236734.1,FP236734.1
FP236741.1,FP236741.1
FP236789.1,FP236789.1
FP236810.2,FP236810.2
FP325112.1,FP325112.1
FP326652.1,FP326652.1
FQ311927.1,FQ311927.1
FQ377660.1,FQ377660.1
FQ976909.1,FQ976909.1
GABRA2,GABRA2
GABRB2,GABRB2
GALNT3,GALNT3
GAN,GAN
GNG14,GNG14
GRIK2,GRIK2
GRIK3,GRIK3
GRXCR1,GRXCR1
HDGFL3,HDGFL3
HTR3C,HTR3C
INSM2,INSM2
KCNIP1,KCNIP1
KCNJ6,KCNJ6
KCNK12,KCNK12
LGALS3BP,LGALS3BP
LHX3,LHX3
LO017650.1,LO017650.1
LO017700.1,LO017700.1
LO017722.2,LO017722.2
LO017820.1,LO017820.1
LO017845.1,LO017845.1
LO018191.1,LO018191.1
LO018309.1,LO018309.1
LO018363.1,LO018363.1
LO018363.2,LO018363.2
LO018422.1,LO018422.1
LO018552.1,LO018552.1
LO018598.1,LO018598.1
LO018605.1,LO018605.1
LO018627.1,LO018627.1
MAN1C1,MAN1C1
MAPK8IP1,MAPK8IP1
MDFIC2,MDFIC2
MFN1,MFN1
MGAT5B,MGAT5B
MMP23B,MMP23B
NOX4,NOX4
NPC1L1,NPC1L1
NPFFR2,NPFFR2
OTUD7A,OTUD7A
OVOL3,OVOL3
PARD3,PARD3
PCDHB15,PCDHB15
PITPNC1,PITPNC1
PLCB2,PLCB2
PLCB4,PLCB4
PRMT8,PRMT8
RAP1GDS1,RAP1GDS1
RF00030,RF00030
RF00156,RF00156
RF00319,RF00319
RF00408,RF00408
RF00409,RF00409
RF00575,RF00575
RF00593,RF00593
RF00600,RF00600
RNF208,RNF208
SAMD9,SAMD9
SCCPDH,SCCPDH
SGPP2,SGPP2
SH3GL2,SH3GL2
SLC35D3,SLC35D3
SLC35E2,SLC35E2
SLC35G1,SLC35G1
SPATA48,SPATA48
SPHK1,SPHK1
SPTBN4,SPTBN4
STX3,STX3
SYT2,SYT2
TCF24,TCF24
TMEM200C,TMEM200C
TRIM67,TRIM67
WHAMM,WHAMM
a2ml,a2ml
aacs,aacs
aadacl4,aadacl4
abcb11b,abcb11b
abcc12,abcc12
abcc9,abcc9
abcg1,abcg1
abcg5,abcg5
abch1,abch1
abo,abo
abr,abr
abrab,abrab
acana,acana
acanb,acanb
acot11b,acot11b
acot19,acot19
acoxl,acoxl
acsbg1,acsbg1
adamts1,adamts1
adamts13,adamts13
adamts17,adamts17
adamts5,adamts5
adarb2,adarb2
adcy3a,adcy3a
adcy3b,adcy3b
adgrb2,adgrb2
adgre5b.2,adgre5b.2
adgrf7,adgrf7
adgrg4a,adgrg4a
adm2a,adm2a
adora1b,adora1b
adra1ab,adra1ab
adra1ba,adra1ba
adra2c,adra2c
ago2,ago2
agt,agt
agxtb,agxtb
ahrrb,ahrrb
ahsg1,ahsg1
aifm5,aifm5
aldoca,aldoca
alg5,alg5
alkal1,alkal1
alpi.2,alpi.2
amigo3,amigo3
amy2a,amy2a
angpt2a,angpt2a
angpt2b,angpt2b
ankar,ankar
ankef1b,ankef1b
ankrd2,ankrd2
ankrd31,ankrd31
ankrd34bb,ankrd34bb
ankrd6a,ankrd6a
anks1ab,anks1ab
anpepb,anpepb
antxr1a,antxr1a
aoc1,aoc1
aox6,aox6
apbb3,apbb3
apoa4b.3,apoa4b.3
apobb.2,apobb.2
apobec2b,apobec2b
apoda.2,apoda.2
aqp10a,aqp10a
aqp10b,aqp10b
aqp1a.2,aqp1a.2
aqp3b,aqp3b
aqp8a.2,aqp8a.2
arf3b,arf3b
arhgap20,arhgap20
arhgap23b,arhgap23b
arhgap28,arhgap28
arid6,arid6
arr3a,arr3a
arr3b,arr3b
arrdc1b,arrdc1b
asb14b,asb14b
asb15a,asb15a
asb2a.1,asb2a.1
ascl1b,ascl1b
asic1a,asic1a
asip1,asip1
aspa,aspa
aspdh,aspdh
aste1a,aste1a
atcayb,atcayb
atf2,atf2
atg4db,atg4db
atoh7,atoh7
atp1a1a.5,atp1a1a.5
atp1b2b,atp1b2b
atp2a1l,atp2a1l
atp6v1c2,atp6v1c2
atp7b,atp7b
b3galt4,b3galt4
b3gat1a,b3gat1a
b3gnt9,b3gnt9
b4galnt3a,b4galnt3a
b4galnt4b,b4galnt4b
b4galt2,b4galt2
b4galt5,b4galt5
baiap2l2b,baiap2l2b
baiap3,baiap3
bco1l,bco1l
best1,best1
bgna,bgna
bhlha15,bhlha15
bicc1b,bicc1b
bicd1a,bicd1a
bivm,bivm
bmp10,bmp10
bmt2,bmt2
bnip3,bnip3
brinp1,brinp1
brinp2,brinp2
bsk146,bsk146
btbd17a,btbd17a
btbd3b,btbd3b
btr01,btr01
btr05,btr05
btr16,btr16
btr32,btr32
c1qa,c1qa
c1ql3b,c1ql3b
c1ql4a,c1ql4a
c1ql4b,c1ql4b
c1qtnf1,c1qtnf1
c1r,c1r
c3a.2,c3a.2
c3a.3,c3a.3
c3a.4,c3a.4
c3a.6,c3a.6
c3b.1,c3b.1
c3b.2,c3b.2
c6ast4,c6ast4
c8a,c8a
c8b,c8b
ca15c,ca15c
ca7,ca7
cabp1a,cabp1a
cabp1b,cabp1b
cabp4,cabp4
cabp7b,cabp7b
cabz01076234.2,cabz01076234.2
cacna1da,cacna1da
cacna1db,cacna1db
cacna1hb,cacna1hb
cacna2d2a,cacna2d2a
cacna2d4b,cacna2d4b
cacnb3a,cacnb3a
cacnb3b,cacnb3b
cacng5a,cacng5a
cacng5b,cacng5b
cacng7a,cacng7a
cacng7b,cacng7b
cadm2a,cadm2a
cadm2b,cadm2b
calca,calca
calcr,calcr
calcrlb,calcrlb
calhm1,calhm1
calhm3,calhm3
caln1,caln1
camk1a,camk1a
camk2a,camk2a
camk2b2,camk2b2
camkvl,camkvl
camta1,camta1
camta2,camta2
capn3a,capn3a
capn5b,capn5b
car15,car15
cart2,cart2
cart4,cart4
caspbl,caspbl
cbln10,cbln10
cbln11,cbln11
cbln5,cbln5
ccdc166,ccdc166
ccdc33,ccdc33
ccdc85a,ccdc85a
ccdc88aa,ccdc88aa
ccdc9b,ccdc9b
ccka,ccka
ccl20b,ccl20b
ccl35.2,ccl35.2
ccl36.1,ccl36.1
ccna1,ccna1
ccnd3,ccnd3
ccr2,ccr2
ccr6a,ccr6a
cd109,cd109
cd164l2,cd164l2
cd180,cd180
cd226,cd226
cd247l,cd247l
cd27,cd27
cd36,cd36
cd40,cd40
cdab,cdab
cdh10a,cdh10a
cdh12a,cdh12a
cdh24a,cdh24a
cdh29,cdh29
cdk19,cdk19
celf5b,celf5b
cep126,cep126
cep19,cep19
cep68,cep68
ces3,ces3
cfhl1,cfhl1
cfhl2,cfhl2
cfhl5,cfhl5
cflarb,cflarb
ch1073-291c23.1,ch1073-291c23.1
chad,chad
chadla,chadla
chadlb,chadlb
chata,chata
chia.3,chia.3
chia.4,chia.4
chmp6a,chmp6a
chn2,chn2
chrdl2,chrdl2
chrm2a,chrm2a
chrm2b,chrm2b
chrm3a,chrm3a
chrm4a,chrm4a
chrna9,chrna9
chrnb1l,chrnb1l
chrnb3b,chrnb3b
chst12a,chst12a
cib3,cib3
cidea,cidea
cideb,cideb
cilp2,cilp2
ckmt2b,ckmt2b
clcn1a,clcn1a
cldn10a,cldn10a
cldn10l2,cldn10l2
cldn15b,cldn15b
cldn15lb,cldn15lb
clec3ba,clec3ba
cln6b,cln6b
clrn1,clrn1
clrn2,clrn2
cnbd1,cnbd1
cnga4,cnga4
cnih2,cnih2
cnksr2a,cnksr2a
cntn3a.2,cntn3a.2
cntn3b,cntn3b
cntnap3,cntnap3
cntnap5a,cntnap5a
coch,coch
col28a2b,col28a2b
col5a2b,col5a2b
colgalt2,colgalt2
comta,comta
corin,corin
cpb2,cpb2
cpeb1a,cpeb1a
cped1,cped1
cplx4a,cplx4a
cpne5a,cpne5a
cpne5b,cpne5b
cpne7,cpne7
cpne8,cpne8
cpne9,cpne9
cpt1b,cpt1b
crabp1a,crabp1a
crb2b,crb2b
creld1a,creld1a
crfb15,crfb15
crfb16,crfb16
crispld1a,crispld1a
crispld2,crispld2
crtc1b,crtc1b
crtc3,crtc3
cryaa,cryaa
crybb1l3,crybb1l3
crybgx,crybgx
crygm2d1,crygm2d1
crygm2d10,crygm2d10
crygm2d12,crygm2d12
crygm2d13,crygm2d13
crygm2d14,crygm2d14
crygm2d15,crygm2d15
crygm2d16,crygm2d16
crygm2d17,crygm2d17
crygm2d2,crygm2d2
crygm2d21,crygm2d21
crygm2d3,crygm2d3
crygm2d4,crygm2d4
crygm2d5,crygm2d5
crygm2d6,crygm2d6
crygm2d7,crygm2d7
crygm2d8,crygm2d8
crygm2d9,crygm2d9
crygm2f,crygm2f
crygm3,crygm3
crygm5,crygm5
crygmx,crygmx
crygmxl1,crygmxl1
crygmxl2,crygmxl2
crygs2,crygs2
csf3a,csf3a
csmd1a,csmd1a
csrp1b,csrp1b
ctgfb,ctgfb
cthrc1b,cthrc1b
ctrb1,ctrb1
ctrl,ctrl
cx28.8,cx28.8
cx28.9,cx28.9
cx40.8,cx40.8
cx47.1,cx47.1
cx52.7,cx52.7
cxcl11.5,cxcl11.5
cxcl18a.1,cxcl18a.1
cxcr3.1,cxcr3.1
cxl34b.11,cxl34b.11
cyb561a3b,cyb561a3b
cygb2,cygb2
cyp11a1,cyp11a1
cyp17a2,cyp17a2
cyp21a2,cyp21a2
cyp2ad2,cyp2ad2
cyp2ad6,cyp2ad6
cyp2k17,cyp2k17
cyp2k20,cyp2k20
cyp2n13,cyp2n13
cyp2p8,cyp2p8
cyp2p9,cyp2p9
cyp2u1,cyp2u1
cyp2x12,cyp2x12
cyp39a1,cyp39a1
cyp4v8,cyp4v8
cyp7a1,cyp7a1
cyp8b1,cyp8b1
cyp8b3,cyp8b3
cysltr3,cysltr3
cyth1a,cyth1a
cytip,cytip
dact3a,dact3a
dao.1,dao.1
dazl,dazl
dclk2b,dclk2b
dcst1,dcst1
ddr2b,ddr2b
dhh,dhh
dhrs7cb,dhrs7cb
dhx58,dhx58
dicp1.1,dicp1.1
dio2,dio2
dlg4a,dlg4a
dlg4b,dlg4b
dlgap1a,dlgap1a
dlgap2b,dlgap2b
dmrt1,dmrt1
dmrt2b,dmrt2b
dnajb5,dnajb5
dnajc16,dnajc16
dnajc5b,dnajc5b
dnase1,dnase1
dner,dner
dnm1b,dnm1b
dntt,dntt
doc2b,doc2b
dpp6a,dpp6a
dpt,dpt
dqx1,dqx1
drd2b,drd2b
drd4a,drd4a
drd7,drd7
dre-let-7b,dre-let-7b
dre-mir-10d,dre-mir-10d
dre-mir-124-1,dre-mir-124-1
dre-mir-124-2,dre-mir-124-2
dre-mir-124-4,dre-mir-124-4
dre-mir-124-6,dre-mir-124-6
dre-mir-125a-1,dre-mir-125a-1
dre-mir-125a-2,dre-mir-125a-2
dre-mir-125b-3,dre-mir-125b-3
dre-mir-130c-2,dre-mir-130c-2
dre-mir-132-2,dre-mir-132-2
dre-mir-133a-1,dre-mir-133a-1
dre-mir-145,dre-mir-145
dre-mir-181c,dre-mir-181c
dre-mir-194b,dre-mir-194b
dre-mir-203a,dre-mir-203a
dre-mir-210,dre-mir-210
dre-mir-2188,dre-mir-2188
dre-mir-218b,dre-mir-218b
dre-mir-7148,dre-mir-7148
dre-mir-7b,dre-mir-7b
dre-mir-9-5,dre-mir-9-5
dscaml1,dscaml1
dtnbb,dtnbb
dusp10,dusp10
dusp19a,dusp19a
dusp28,dusp28
dusp3a,dusp3a
dvl1a,dvl1a
dvl1b,dvl1b
edil3b,edil3b
eevs,eevs
ehf,ehf
ela2,ela2
ela3l,ela3l
elfn1b,elfn1b
emp1,emp1
endou,endou
enox1,enox1
entpd2b,entpd2b
entpd3,entpd3
entpd5a,entpd5a
epb41l4b,epb41l4b
epd,epd
epdl2,epdl2
ephx4,ephx4
epor,epor
erbb4a,erbb4a
erbb4b,erbb4b
erc1a,erc1a
erc1b,erc1b
es1,es1
esamb,esamb
esrrd,esrrd
esrrgb,esrrgb
etnk2,etnk2
eva1c,eva1c
evlb,evlb
ext1c,ext1c
f7i,f7i
f9b,f9b
fabp10a,fabp10a
fabp11b,fabp11b
faim2b,faim2b
fam102aa,fam102aa
fam102ba,fam102ba
fam163b,fam163b
fam166b,fam166b
fam171a2b,fam171a2b
fam19a4b,fam19a4b
fam19a5a,fam19a5a
fam20cb,fam20cb
fam219ab,fam219ab
fam43b,fam43b
faxcb,faxcb
fbn2a,fbn2a
fbxo33,fbxo33
fga,fga
fgf14,fgf14
fgf16,fgf16
fgfr1bl,fgfr1bl
fgg,fgg
fgl2b,fgl2b
fhdc4,fhdc4
fhdc5,fhdc5
fhl5,fhl5
flt3,flt3
fndc5b,fndc5b
fndc7a,fndc7a
fndc7rs4,fndc7rs4
foxe1,foxe1
foxi2,foxi2
foxo6a,foxo6a
foxq2,foxq2
frmd3,frmd3
frmd7,frmd7
frmpd1a,frmpd1a
frrs1l,frrs1l
ftr01,ftr01
ftr06,ftr06
ftr30,ftr30
ftr35,ftr35
ftr53,ftr53
ftr56,ftr56
ftr61,ftr61
ftr76,ftr76
ftr79,ftr79
ftr85,ftr85
ftr88,ftr88
ftr97,ftr97
fut8b,fut8b
fxyd6,fxyd6
g6pca.1,g6pca.1
gabbr2,gabbr2
gabra1,gabra1
gabra3,gabra3
gabra5,gabra5
gabrb4,gabrb4
gabrg1,gabrg1
gabrg2,gabrg2
gabrp,gabrp
gabrr2a,gabrr2a
gabrr3a,gabrr3a
gabrz,gabrz
gad1a,gad1a
gal3st1b,gal3st1b
galnt9,galnt9
galr2b,galr2b
gas2a,gas2a
gata1b,gata1b
gbgt1l2,gbgt1l2
gbgt1l3,gbgt1l3
gbp2,gbp2
gc,gc
gdap1l1,gdap1l1
gdf10b,gdf10b
gdf5,gdf5
gdf6b,gdf6b
gdpd3b,gdpd3b
gfi1b,gfi1b
gfra1b,gfra1b
gh1,gh1
ghrhra,ghrhra
ghrhrl,ghrhrl
ghrl,ghrl
gig2d,gig2d
gig2e,gig2e
gig2p,gig2p
gja3,gja3
gja5b,gja5b
gjd1a,gjd1a
gldn,gldn
glis1b,glis1b
glis2b,glis2b
glmnb,glmnb
glulc,glulc
gmnc,gmnc
gna15.3,gna15.3
gna15.4,gna15.4
gnat1,gnat1
gnb3a,gnb3a
gng13a,gng13a
gng8,gng8
gngt1,gngt1
gngt2a,gngt2a
gngt2b,gngt2b
gnrh3,gnrh3
gorasp1b,gorasp1b
gp9,gp9
gpc5b,gpc5b
gpc6a,gpc6a
gper1,gper1
gphb5,gphb5
gpr135,gpr135
gpr158a,gpr158a
gpr158b,gpr158b
gpr185a,gpr185a
gpr185b,gpr185b
gpr37l1b,gpr37l1b
gpr61,gpr61
gprc5bb,gprc5bb
gprc5c,gprc5c
gprc6a,gprc6a
gramd4a,gramd4a
gria3a,gria3a
grid1b,grid1b
grid2,grid2
grin1b,grin1b
grin2ca,grin2ca
grin2cb,grin2cb
grin3a,grin3a
grk7a,grk7a
grm5b,grm5b
gsg1l2b,gsg1l2b
gstk4,gstk4
gucy2d,gucy2d
gucy2f,gucy2f
gucy2g,gucy2g
guk1b,guk1b
gyg2,gyg2
gys2,gys2
hal,hal
hapln4,hapln4
has1,has1
has3,has3
hbaa1,hbaa1
hbba2,hbba2
hbl4,hbl4
hcn4l,hcn4l
hcst,hcst
hdac11,hdac11
hdhd5,hdhd5
hectd2,hectd2
hhla2b.1,hhla2b.1
hif1aa,hif1aa
hif1al2,hif1al2
hint3,hint3
hip1ra,hip1ra
hivep3a,hivep3a
hlfb,hlfb
hormad1,hormad1
hp,hp
hs3st2,hs3st2
hs3st4,hs3st4
hs6st3b,hs6st3b
hsd17b2,hsd17b2
hsd3b1,hsd3b1
hspb2,hspb2
hspb3,hspb3
htr1aa,htr1aa
htr1ab,htr1ab
htr1fa,htr1fa
htr1fb,htr1fb
htr2b,htr2b
htr4,htr4
htra3a,htra3a
htra4,htra4
ifit10,ifit10
ifitm5,ifitm5
ifnlr1,ifnlr1
ifnphi1,ifnphi1
igf1,igf1
igf3,igf3
igfbp2b,igfbp2b
igfbp6b,igfbp6b
igfn1.2,igfn1.2
igfn1.3,igfn1.3
igfn1.4,igfn1.4
ighv6-1,ighv6-1
igsf9bb,igsf9bb
il12ba,il12ba
il17a/f3,il17af3
il17d,il17d
il23r,il23r
il7r,il7r
illr1,illr1
im:7138239,im7138239
im:7143333,im7143333
impa2,impa2
inha,inha
inpp5ja,inpp5ja
inpp5jb,inpp5jb
ins,ins
irbpl,irbpl
isl1l,isl1l
itga1,itga1
itgb8,itgb8
itih3a,itih3a
itln3,itln3
jac1,jac1
jac3,jac3
jac6,jac6
jac9,jac9
jag2a,jag2a
jupb,jupb
katnal2,katnal2
kcna1b,kcna1b
kcna2b,kcna2b
kcna4,kcna4
kcnb1,kcnb1
kcnc1b,kcnc1b
kcnc3a,kcnc3a
kcnc3b,kcnc3b
kcnf1b,kcnf1b
kcng1,kcng1
kcng4b,kcng4b
kcnh1a,kcnh1a
kcnh4a,kcnh4a
kcnh5a,kcnh5a
kcnip2,kcnip2
kcnj10a,kcnj10a
kcnj11l,kcnj11l
kcnj12a,kcnj12a
kcnj16,kcnj16
kcnj3a,kcnj3a
kcnj5,kcnj5
kcnj9,kcnj9
kcnk10a,kcnk10a
kcnk15,kcnk15
kcnk4a,kcnk4a
kcnmb2,kcnmb2
kcnn4,kcnn4
kcnq3,kcnq3
kcns3a,kcns3a
kcnt1,kcnt1
kcnv2a,kcnv2a
kcnv2b,kcnv2b
kctd8,kctd8
kiaa1549lb,kiaa1549lb
kif16bb,kif16bb
kif1ab,kif1ab
kif5ab,kif5ab
kiss1ra,kiss1ra
klf5b,klf5b
klhdc7a,klhdc7a
klhdc8a,klhdc8a
klhdc8b,klhdc8b
klhl14,klhl14
klhl38b,klhl38b
klhl5,klhl5
krt95,krt95
l3mbtl1a,l3mbtl1a
lactbl1a,lactbl1a
lactbl1b,lactbl1b
lama3,lama3
laynb,laynb
ldlra,ldlra
leap2,leap2
leg1.2,leg1.2
lepb,lepb
lgals3bpa,lgals3bpa
lgals9l6,lgals9l6
lgalslb,lgalslb
lgi1b,lgi1b
lhfpl4a,lhfpl4a
lhfpl4b,lhfpl4b
lhfpl5a,lhfpl5a
lim2.5,lim2.5
lingo2b,lingo2b
lingo3a,lingo3a
lingo4b,lingo4b
lipca,lipca
lipib,lipib
lmln,lmln
lmod2b,lmod2b
loc564660,loc564660
lpar4,lpar4
lpar6b,lpar6b
lrfn2b,lrfn2b
lrfn4b,lrfn4b
lrit1a,lrit1a
lrit1b,lrit1b
lrp11,lrp11
lrp13,lrp13
lrrc24,lrrc24
lrrc38b,lrrc38b
lrrc4.2,lrrc4.2
lrrc4bb,lrrc4bb
lrrc7,lrrc7
lrrc75ba,lrrc75ba
lrrc75bb,lrrc75bb
lrrn3b,lrrn3b
lrtm2a,lrtm2a
lsm14b,lsm14b
ltc4s,ltc4s
ltk,ltk
lyve1a,lyve1a
lzts3b,lzts3b
m1ap,m1ap
mab21l3,mab21l3
map3k7cl,map3k7cl
map3k9,map3k9
map6d1,map6d1
mapkapk2b,mapkapk2b
mapta,mapta
march9,march9
mast1a,mast1a
matn3a,matn3a
mc1r,mc1r
mc4r,mc4r
mchr2,mchr2
mdga2a,mdga2a
mef2ab,mef2ab
megf11,megf11
meltf,meltf
meox2a,meox2a
mettl22,mettl22
mettl24,mettl24
mgat4c,mgat4c
mhc1lba,mhc1lba
mhc1lfa,mhc1lfa
mhc1lja,mhc1lja
mhc1uka,mhc1uka
mhc1uma,mhc1uma
mhc1zaa,mhc1zaa
mhc2dab,mhc2dab
mical2a,mical2a
micall1b.2,micall1b.2
mid2,mid2
miox,miox
mir196b,mir196b
mkrn2os.1,mkrn2os.1
mkrn2os.2,mkrn2os.2
mlc1,mlc1
mmp11a,mmp11a
mmp11b,mmp11b
mmp16b,mmp16b
mmp20a,mmp20a
mmp21,mmp21
mmp25a,mmp25a
moxd1l,moxd1l
mpeg1.2,mpeg1.2
mrvi1,mrvi1
msc,msc
msnb,msnb
mst1rb,mst1rb
mtcl1,mtcl1
mtnr1aa,mtnr1aa
mturn,mturn
mtus2a,mtus2a
muc5.3,muc5.3
mvb12bb,mvb12bb
mxd,mxd
mxd1,mxd1
mxe,mxe
mxf,mxf
myl2b,myl2b
myo15ab,myo15ab
myo1ha,myo1ha
nags,nags
napba,napba
ncam2,ncam2
ndrg1b,ndrg1b
necab3,necab3
nectin1a,nectin1a
negaly6,negaly6
neto1,neto1
neurod2,neurod2
neurod6a,neurod6a
nfat5b,nfat5b
nfic,nfic
nfil3-4,nfil3-4
nfixa,nfixa
nfixb,nfixb
ngfa,ngfa
ngs,ngs
nicn1,nicn1
nim1k,nim1k
ninj2,ninj2
nkl.4,nkl.4
nkx6.3,nkx6.3
nlgn2b,nlgn2b
nlgn4b,nlgn4b
nlrc7,nlrc7
nlrp15,nlrp15
nmbb,nmbb
nmbr,nmbr
nmur3,nmur3
nnt2,nnt2
nos1apb,nos1apb
nostrin,nostrin
nox5,nox5
npas2,npas2
npffr1l3,npffr1l3
npm2a,npm2a
npvf,npvf
npy1r,npy1r
npy2r,npy2r
nr0b2b,nr0b2b
nr1d4a,nr1d4a
nr1h4,nr1h4
nr3c2,nr3c2
nr5a1b,nr5a1b
nr5a5,nr5a5
nrbp2b,nrbp2b
nrl,nrl
nrn1la,nrn1la
nrn1lb,nrn1lb
nrp1b,nrp1b
nrtn,nrtn
nt5c1aa,nt5c1aa
nt5c1ab,nt5c1ab
ntm,ntm
ntng2a,ntng2a
ntng2b,ntng2b
ntrk1,ntrk1
ntrk2b,ntrk2b
ntrk3b,ntrk3b
nts,nts
nxph2a,nxph2a
oacyl,oacyl
odf3b,odf3b
odf3l2,odf3l2
olfcg6,olfcg6
olfcs1,olfcs1
olfcs2,olfcs2
olfm3b,olfm3b
olfml3a,olfml3a
olig1,olig1
omd,omd
ompa,ompa
ompb,ompb
opcml,opcml
opn1lw2,opn1lw2
opn1mw1,opn1mw1
opn1mw2,opn1mw2
opn1mw3,opn1mw3
opn1sw1,opn1sw1
opn3,opn3
opn4b,opn4b
opn4xb,opn4xb
opn7b,opn7b
opn7c,opn7c
opn7d,opn7d
opn8b,opn8b
opn8c,opn8c
opn9,opn9
oprd1b,oprd1b
oprk1,oprk1
or103-5,or103-5
or106-6,or106-6
or108-2,or108-2
or109-13,or109-13
or109-3,or109-3
or111-3,or111-3
or112-1,or112-1
or115-11,or115-11
or115-15,or115-15
or116-1,or116-1
or116-2,or116-2
or125-8,or125-8
or126-5,or126-5
or127-1,or127-1
or129-1,or129-1
or132-5,or132-5
or136-1,or136-1
ora3,ora3
ormdl3,ormdl3
osmr,osmr
otol1a,otol1a
otol1b,otol1b
otos,otos
ovol1b,ovol1b
p2rx3b,p2rx3b
p2ry10,p2ry10
p2ry2.1,p2ry2.1
pak6a,pak6a
pak6b,pak6b
paqr5a,paqr5a
parapinopsina,parapinopsina
pard6ga,pard6ga
parp6a,parp6a
pax8,pax8
pbld2,pbld2
pbx3a,pbx3a
pcdh1a3,pcdh1a3
pcdh1g14,pcdh1g14
pcdh1g26,pcdh1g26
pcdh1g29,pcdh1g29
pcdh1g3,pcdh1g3
pcdh1g33,pcdh1g33
pcdh1g9,pcdh1g9
pcdh1gb2,pcdh1gb2
pcdh1gc5,pcdh1gc5
pcdh1gc6,pcdh1gc6
pcdh2ab1,pcdh2ab1
pcdh2ab10,pcdh2ab10
pcdh2ab2,pcdh2ab2
pcdh2ab5,pcdh2ab5
pcdh2ab6,pcdh2ab6
pcdh2ab8,pcdh2ab8
pcdhb,pcdhb
pcolceb,pcolceb
pcsk1,pcsk1
pcsk2,pcsk2
pcxb,pcxb
pcyt1bb,pcyt1bb
pdca,pdca
pdcb,pdcb
pde1a,pde1a
pde5ab,pde5ab
pde6b,pde6b
pdxkb,pdxkb
pdzd3b,pdzd3b
pdzrn3a,pdzrn3a
pdzrn4,pdzrn4
pex11g,pex11g
pex5la,pex5la
pex5lb,pex5lb
pfkla,pfkla
pgbd5,pgbd5
pgr,pgr
phyhip,phyhip
pi15b,pi15b
pigrl3.5,pigrl3.5
pimr110,pimr110
pimr111,pimr111
pimr134,pimr134
pimr171,pimr171
pimr175,pimr175
pimr179,pimr179
pimr212,pimr212
pimr88,pimr88
pip4k2ab,pip4k2ab
pip4p2,pip4p2
pip5kl1,pip5kl1
pitpnab,pitpnab
pkd2l1,pkd2l1
pkp1a,pkp1a
plac8.1,plac8.1
plch2b,plch2b
plcl1,plcl1
plpp2a,plpp2a
plpp4,plpp4
plppr3b,plppr3b
plppr4b,plppr4b
plppr5b,plppr5b
plrdgb,plrdgb
pmepa1,pmepa1
pmfbp1,pmfbp1
pnoca,pnoca
pnp4b,pnp4b
pnrc1,pnrc1
podn,podn
ponzr4,ponzr4
porcn,porcn
ppm1e,ppm1e
ppm1na,ppm1na
ppm1nb,ppm1nb
ppp1r32,ppp1r32
ppp1r3db,ppp1r3db
pptc7b,pptc7b
prdm2a,prdm2a
prelp,prelp
prickle3,prickle3
prkag2b,prkag2b
prkar2ab,prkar2ab
prkcg,prkcg
prkcha,prkcha
prkcz,prkcz
prlh,prlh
prlhr2a,prlhr2a
proca,proca
prok1,prok1
prop1,prop1
prph2a,prph2a
prph2b,prph2b
prph2l,prph2l
prrt1,prrt1
prrt4,prrt4
prss59.2,prss59.2
prss60.3,prss60.3
psmb8a,psmb8a
psmb9a,psmb9a
ptafr,ptafr
ptdss1b,ptdss1b
ptger2a,ptger2a
ptger3,ptger3
pth2,pth2
ptpn20,ptpn20
ptprh,ptprh
pvalb5,pvalb5
rab38b,rab38b
rab38c,rab38c
rab6ba,rab6ba
radil,radil
ralyl,ralyl
rap2aa,rap2aa
rap2ab,rap2ab
rapsn,rapsn
rasef,rasef
rasgrf2a,rasgrf2a
rasgrf2b,rasgrf2b
rasgrp2,rasgrp2
rasl10a,rasl10a
rassf4,rassf4
rbm46,rbm46
rbp2b,rbp2b
rbp3,rbp3
rbp7a,rbp7a
rbpjl,rbpjl
rcvrna,rcvrna
reep6,reep6
reps2,reps2
rerglb,rerglb
rftn1a,rftn1a
rgs11,rgs11
rgs8,rgs8
rhbdl1,rhbdl1
rhobtb1,rhobtb1
rhol,rhol
rilp,rilp
rims3,rims3
ripor3,ripor3
rnasel3,rnasel3
rnf114,rnf114
rnf141,rnf141
rnf152,rnf152
rnf165b,rnf165b
rnf220b,rnf220b
rom1a,rom1a
rorc,rorc
rp1,rp1
rph3ab,rph3ab
rpp25a,rpp25a
rps6ka2,rps6ka2
rps6ka5,rps6ka5
rps6kl1,rps6kl1
rpz3,rpz3
rrh,rrh
rs1a,rs1a
rspo4,rspo4
rtn4rl1b,rtn4rl1b
rundc3aa,rundc3aa
runx2a,runx2a
runx2b,runx2b
rusc1,rusc1
rxfp2l,rxfp2l
rxfp3.3b,rxfp3.3b
s1pr3a,s1pr3a
saga,saga
scamp5b,scamp5b
sccpdha,sccpdha
scd,scd
scn1a,scn1a
scn2b,scn2b
scn3b,scn3b
scn4ab,scn4ab
scn8ab,scn8ab
scpp1,scpp1
scpp6,scpp6
scrt1b,scrt1b
sdsl,sdsl
selenou1b,selenou1b
sema3c,sema3c
sema4gb,sema4gb
sept5b,sept5b
serinc2l,serinc2l
serp2,serp2
serpind1,serpind1
serpinf2a,serpinf2a
sez6a,sez6a
sez6b,sez6b
sez6l2,sez6l2
sfmbt2,sfmbt2
sfxn5a,sfxn5a
sgk494b,sgk494b
shbg,shbg
shisa6,shisa6
shisa7a,shisa7a
shisal1a,shisal1a
si:cabz01007807.1,sicabz01007807.1
si:cabz01007812.1,sicabz01007812.1
si:cabz01029535.1,sicabz01029535.1
si:ch1073-100f3.2,sich1073100f3.2
si:ch1073-126c3.2,sich1073126c3.2
si:ch1073-145m9.1,sich1073145m9.1
si:ch1073-15f19.2,sich107315f19.2
si:ch1073-209e23.1,sich1073209e23.1
si:ch1073-272j17.3,sich1073272j17.3
si:ch1073-272o11.3,sich1073272o11.3
si:ch1073-280e3.1,sich1073280e3.1
si:ch1073-365p7.2,sich1073365p7.2
si:ch1073-391i24.1,sich1073391i24.1
si:ch1073-398f15.1,sich1073398f15.1
si:ch1073-44g3.1,sich107344g3.1
si:ch1073-464p5.5,sich1073464p5.5
si:ch1073-70f20.1,sich107370f20.1
si:ch1073-75o15.3,sich107375o15.3
si:ch1073-82l19.1,sich107382l19.1
si:ch1073-90m23.1,sich107390m23.1
si:ch211-103f14.3,sich211103f14.3
si:ch211-106h11.3,sich211106h11.3
si:ch211-108d22.1,sich211108d22.1
si:ch211-110e21.4,sich211110e21.4
si:ch211-112c15.8,sich211112c15.8
si:ch211-113d11.5,sich211113d11.5
si:ch211-113e8.9,sich211113e8.9
si:ch211-113j14.1,sich211113j14.1
si:ch211-114c17.1,sich211114c17.1
si:ch211-114l13.1,sich211114l13.1
si:ch211-117l17.6,sich211117l17.6
si:ch211-117n7.6,sich211117n7.6
si:ch211-117n7.7,sich211117n7.7
si:ch211-119c20.2,sich211119c20.2
si:ch211-119d14.3,sich211119d14.3
si:ch211-119o8.4,sich211119o8.4
si:ch211-11p18.6,sich21111p18.6
si:ch211-120k19.1,sich211120k19.1
si:ch211-129p13.1,sich211129p13.1
si:ch211-12h2.8,sich21112h2.8
si:ch211-12n8.3,sich21112n8.3
si:ch211-130m23.2,sich211130m23.2
si:ch211-131k2.2,sich211131k2.2
si:ch211-132b12.2,sich211132b12.2
si:ch211-132g1.4,sich211132g1.4
si:ch211-133n4.6,sich211133n4.6
si:ch211-135f11.4,sich211135f11.4
si:ch211-139n6.3,sich211139n6.3
si:ch211-13f8.2,sich21113f8.2
si:ch211-145b13.5,sich211145b13.5
si:ch211-146l10.7,sich211146l10.7
si:ch211-147g22.4,sich211147g22.4
si:ch211-147h1.4,sich211147h1.4
si:ch211-14c7.2,sich21114c7.2
si:ch211-154c21.1,sich211154c21.1
si:ch211-155o21.3,sich211155o21.3
si:ch211-156l18.7,sich211156l18.7
si:ch211-157j23.3,sich211157j23.3
si:ch211-158d24.2,sich211158d24.2
si:ch211-15j1.1,sich21115j1.1
si:ch211-15j1.5,sich21115j1.5
si:ch211-160d14.6,sich211160d14.6
si:ch211-160o17.3,sich211160o17.3
si:ch211-161n3.3,sich211161n3.3
si:ch211-163c2.1,sich211163c2.1
si:ch211-165f21.4,sich211165f21.4
si:ch211-168k14.2,sich211168k14.2
si:ch211-170d8.5,sich211170d8.5
si:ch211-171b20.3,sich211171b20.3
si:ch211-171l17.14,sich211171l17.14
si:ch211-171l17.4,sich211171l17.4
si:ch211-173a9.6,sich211173a9.6
si:ch211-173n18.3,sich211173n18.3
si:ch211-175f12.2,sich211175f12.2
si:ch211-175l6.1,sich211175l6.1
si:ch211-180a12.2,sich211180a12.2
si:ch211-180f4.1,sich211180f4.1
si:ch211-181l5.2,sich211181l5.2
si:ch211-183d21.3,sich211183d21.3
si:ch211-186e20.7,sich211186e20.7
si:ch211-188c16.1,sich211188c16.1
si:ch211-188p14.2,sich211188p14.2
si:ch211-189e2.3,sich211189e2.3
si:ch211-190p8.2,sich211190p8.2
si:ch211-193i15.1,sich211193i15.1
si:ch211-194e1.7,sich211194e1.7
si:ch211-194e18.2,sich211194e18.2
si:ch211-194m7.5,sich211194m7.5
si:ch211-195h23.4,sich211195h23.4
si:ch211-196c10.11,sich211196c10.11
si:ch211-196f19.1,sich211196f19.1
si:ch211-196f2.6,sich211196f2.6
si:ch211-196h24.2,sich211196h24.2
si:ch211-197g15.6,sich211197g15.6
si:ch211-198d23.1,sich211198d23.1
si:ch211-1f22.1,sich2111f22.1
si:ch211-1f22.8,sich2111f22.8
si:ch211-202h22.10,sich211202h22.10
si:ch211-202h22.7,sich211202h22.7
si:ch211-202n12.2,sich211202n12.2
si:ch211-202p1.5,sich211202p1.5
si:ch211-207c6.2,sich211207c6.2
si:ch211-208f21.3,sich211208f21.3
si:ch211-212d10.1,sich211212d10.1
si:ch211-214b16.4,sich211214b16.4
si:ch211-214j8.1,sich211214j8.1
si:ch211-214p13.3,sich211214p13.3
si:ch211-215c18.3,sich211215c18.3
si:ch211-215p11.3,sich211215p11.3
si:ch211-217i17.1,sich211217i17.1
si:ch211-218m3.11,sich211218m3.11
si:ch211-220i18.4,sich211220i18.4
si:ch211-222m18.4,sich211222m18.4
si:ch211-223k15.1,sich211223k15.1
si:ch211-224l10.4,sich211224l10.4
si:ch211-225p5.8,sich211225p5.8
si:ch211-226f6.1,sich211226f6.1
si:ch211-226h7.3,sich211226h7.3
si:ch211-226h7.5,sich211226h7.5
si:ch211-226h7.6,sich211226h7.6
si:ch211-226h8.6,sich211226h8.6
si:ch211-227e10.2,sich211227e10.2
si:ch211-227e10.6,sich211227e10.6
si:ch211-229d2.5,sich211229d2.5
si:ch211-229i14.2,sich211229i14.2
si:ch211-229l10.4,sich211229l10.4
si:ch211-229l10.9,sich211229l10.9
si:ch211-230g14.3,sich211230g14.3
si:ch211-233h19.2,sich211233h19.2
si:ch211-234p6.5,sich211234p6.5
si:ch211-235f1.3,sich211235f1.3
si:ch211-23l10.3,sich21123l10.3
si:ch211-241n15.3,sich211241n15.3
si:ch211-242f23.3,sich211242f23.3
si:ch211-242f23.8,sich211242f23.8
si:ch211-246b8.2,sich211246b8.2
si:ch211-246e12.3,sich211246e12.3
si:ch211-246m6.4,sich211246m6.4
si:ch211-247i17.1,sich211247i17.1
si:ch211-248l17.3,sich211248l17.3
si:ch211-249c2.1,sich211249c2.1
si:ch211-250k18.7,sich211250k18.7
si:ch211-251f6.7,sich211251f6.7
si:ch211-253b1.3,sich211253b1.3
si:ch211-255g12.6,sich211255g12.6
si:ch211-255i20.3,sich211255i20.3
si:ch211-256m1.8,sich211256m1.8
si:ch211-262h13.5,sich211262h13.5
si:ch211-266g18.9,sich211266g18.9
si:ch211-266k22.6,sich211266k22.6
si:ch211-271e10.2,sich211271e10.2
si:ch211-272b8.6,sich211272b8.6
si:ch211-272h9.5,sich211272h9.5
si:ch211-274p24.4,sich211274p24.4
si:ch211-276c2.2,sich211276c2.2
si:ch211-278p9.2,sich211278p9.2
si:ch211-281g13.4,sich211281g13.4
si:ch211-282j17.13,sich211282j17.13
si:ch211-282j17.8,sich211282j17.8
si:ch211-283g2.1,sich211283g2.1
si:ch211-284e13.4,sich211284e13.4
si:ch211-284e20.8,sich211284e20.8
si:ch211-284k5.2,sich211284k5.2
si:ch211-285c6.1,sich211285c6.1
si:ch211-285c6.2,sich211285c6.2
si:ch211-286c4.6,sich211286c4.6
si:ch211-286f9.2,sich211286f9.2
si:ch211-288g17.4,sich211288g17.4
si:ch211-38m6.6,sich21138m6.6
si:ch211-48m9.1,sich21148m9.1
si:ch211-51i16.1,sich21151i16.1
si:ch211-57i17.5,sich21157i17.5
si:ch211-57m13.8,sich21157m13.8
si:ch211-57m13.9,sich21157m13.9
si:ch211-59d15.4,sich21159d15.4
si:ch211-59d8.2,sich21159d8.2
si:ch211-5k11.8,sich2115k11.8
si:ch211-62a1.3,sich21162a1.3
si:ch211-63b16.4,sich21163b16.4
si:ch211-64i20.3,sich21164i20.3
si:ch211-66k16.2,sich21166k16.2
si:ch211-67f13.8,sich21167f13.8
si:ch211-76l23.4,sich21176l23.4
si:ch211-77g15.32,sich21177g15.32
si:ch211-79g12.2,sich21179g12.2
si:ch211-89o9.4,sich21189o9.4
si:ch211-93f2.1,sich21193f2.1
si:ch211-9d9.1,sich2119d9.1
si:ch73-103l1.2,sich73103l1.2
si:ch73-105b23.6,sich73105b23.6
si:ch73-106g13.1,sich73106g13.1
si:ch73-127m5.1,sich73127m5.1
si:ch73-139e5.2,sich73139e5.2
si:ch73-139e5.4,sich73139e5.4
si:ch73-139j3.4,sich73139j3.4
si:ch73-144d13.7,sich73144d13.7
si:ch73-170d6.2,sich73170d6.2
si:ch73-173h19.3,sich73173h19.3
si:ch73-180n10.1,sich73180n10.1
si:ch73-181m17.1,sich73181m17.1
si:ch73-182a11.2,sich73182a11.2
si:ch73-191k20.3,sich73191k20.3
si:ch73-193i2.2,sich73193i2.2
si:ch73-193i22.1,sich73193i22.1
si:ch73-213k20.5,sich73213k20.5
si:ch73-216m24.3,sich73216m24.3
si:ch73-22a13.3,sich7322a13.3
si:ch73-22o18.1,sich7322o18.1
si:ch73-233f7.5,sich73233f7.5
si:ch73-233f7.7,sich73233f7.7
si:ch73-236c18.2,sich73236c18.2
si:ch73-236c18.6,sich73236c18.6
si:ch73-236e11.2,sich73236e11.2
si:ch73-24k9.2,sich7324k9.2
si:ch73-256j6.5,sich73256j6.5
si:ch73-265h17.4,sich73265h17.4
si:ch73-266o15.4,sich73266o15.4
si:ch73-274k23.1,sich73274k23.1
si:ch73-27e22.1,sich7327e22.1
si:ch73-281i18.7,sich73281i18.7
si:ch73-285p12.4,sich73285p12.4
si:ch73-288o11.5,sich73288o11.5
si:ch73-299h12.1,sich73299h12.1
si:ch73-29c22.1,sich7329c22.1
si:ch73-29l19.1,sich7329l19.1
si:ch73-301j1.1,sich73301j1.1
si:ch73-306e8.2,sich73306e8.2
si:ch73-315f9.2,sich73315f9.2
si:ch73-329n5.6,sich73329n5.6
si:ch73-334d15.4,sich73334d15.4
si:ch73-335m24.2,sich73335m24.2
si:ch73-338a16.3,sich73338a16.3
si:ch73-340m8.2,sich73340m8.2
si:ch73-345f18.3,sich73345f18.3
si:ch73-350k19.1,sich73350k19.1
si:ch73-358j7.2,sich73358j7.2
si:ch73-359m17.11,sich73359m17.11
si:ch73-359m17.5,sich73359m17.5
si:ch73-362m14.4,sich73362m14.4
si:ch73-364h19.2,sich73364h19.2
si:ch73-367f21.6,sich73367f21.6
si:ch73-378g22.1,sich73378g22.1
si:ch73-380l3.4,sich73380l3.4
si:ch73-380n15.2,sich73380n15.2
si:ch73-383l1.1,sich73383l1.1
si:ch73-54b5.2,sich7354b5.2
si:ch73-55i23.1,sich7355i23.1
si:ch73-60h1.1,sich7360h1.1
si:ch73-62l21.1,sich7362l21.1
si:ch73-6k14.2,sich736k14.2
si:ch73-7i4.2,sich737i4.2
si:ch73-89b15.3,sich7389b15.3
si:ch73-97h19.2,sich7397h19.2
si:dkey-100n19.2,sidkey100n19.2
si:dkey-103j14.5,sidkey103j14.5
si:dkey-105e17.1,sidkey105e17.1
si:dkey-108k21.7,sidkey108k21.7
si:dkey-10c21.1,sidkey10c21.1
si:dkey-10h3.2,sidkey10h3.2
si:dkey-112a7.5,sidkey112a7.5
si:dkey-112g5.12,sidkey112g5.12
si:dkey-114l24.2,sidkey114l24.2
si:dkey-11o1.7,sidkey11o1.7
si:dkey-121b10.7,sidkey121b10.7
si:dkey-121n8.7,sidkey121n8.7
si:dkey-12e7.4,sidkey12e7.4
si:dkey-13m1.2,sidkey13m1.2
si:dkey-13n15.2,sidkey13n15.2
si:dkey-146c18.2,sidkey146c18.2
si:dkey-146c18.5,sidkey146c18.5
si:dkey-146m20.14,sidkey146m20.14
si:dkey-148d16.5,sidkey148d16.5
si:dkey-14d8.22,sidkey14d8.22
si:dkey-14k9.3,sidkey14k9.3
si:dkey-150i13.2,sidkey150i13.2
si:dkey-151j17.4,sidkey151j17.4
si:dkey-15b23.3,sidkey15b23.3
si:dkey-15h8.10,sidkey15h8.10
si:dkey-15h8.17,sidkey15h8.17
si:dkey-15j16.3,sidkey15j16.3
si:dkey-15j16.6,sidkey15j16.6
si:dkey-163m14.6,sidkey163m14.6
si:dkey-165a24.9,sidkey165a24.9
si:dkey-165b20.1,sidkey165b20.1
si:dkey-165e24.1,sidkey165e24.1
si:dkey-165o8.1,sidkey165o8.1
si:dkey-16p6.1,sidkey16p6.1
si:dkey-172m14.2,sidkey172m14.2
si:dkey-174m14.3,sidkey174m14.3
si:dkey-175d9.2,sidkey175d9.2
si:dkey-178e17.1,sidkey178e17.1
si:dkey-178j11.5,sidkey178j11.5
si:dkey-17e16.15,sidkey17e16.15
si:dkey-181m9.8,sidkey181m9.8
si:dkey-183c2.4,sidkey183c2.4
si:dkey-185p13.1,sidkey185p13.1
si:dkey-189h5.6,sidkey189h5.6
si:dkey-18p12.4,sidkey18p12.4
si:dkey-192d15.1,sidkey192d15.1
si:dkey-192d15.2,sidkey192d15.2
si:dkey-193i10.1,sidkey193i10.1
si:dkey-193i10.4,sidkey193i10.4
si:dkey-193n17.9,sidkey193n17.9
si:dkey-197j19.5,sidkey197j19.5
si:dkey-19a16.4,sidkey19a16.4
si:dkey-19b23.10,sidkey19b23.10
si:dkey-19b23.7,sidkey19b23.7
si:dkey-19f4.2,sidkey19f4.2
si:dkey-1d7.3,sidkey1d7.3
si:dkey-1h6.8,sidkey1h6.8
si:dkey-1j5.4,sidkey1j5.4
si:dkey-1m11.6,sidkey1m11.6
si:dkey-201i2.3,sidkey201i2.3
si:dkey-202b22.5,sidkey202b22.5
si:dkey-202g17.3,sidkey202g17.3
si:dkey-202l22.6,sidkey202l22.6
si:dkey-203a12.6,sidkey203a12.6
si:dkey-204a24.10,sidkey204a24.10
si:dkey-205h13.1,sidkey205h13.1
si:dkey-205i10.1,sidkey205i10.1
si:dkey-207l24.2,sidkey207l24.2
si:dkey-208k4.2,sidkey208k4.2
si:dkey-20i20.11,sidkey20i20.11
si:dkey-210j14.3,sidkey210j14.3
si:dkey-217f16.5,sidkey217f16.5
si:dkey-219e21.4,sidkey219e21.4
si:dkey-21e13.3,sidkey21e13.3
si:dkey-21e2.10,sidkey21e2.10
si:dkey-21e2.13,sidkey21e2.13
si:dkey-21o19.2,sidkey21o19.2
si:dkey-221l4.10,sidkey221l4.10
si:dkey-221l4.11,sidkey221l4.11
si:dkey-222f2.7,sidkey222f2.7
si:dkey-222h21.2,sidkey222h21.2
si:dkey-222h21.7,sidkey222h21.7
si:dkey-225f23.3,sidkey225f23.3
si:dkey-225f23.5,sidkey225f23.5
si:dkey-225f5.5,sidkey225f5.5
si:dkey-226m8.10,sidkey226m8.10
si:dkey-226n24.1,sidkey226n24.1
si:dkey-228b2.6,sidkey228b2.6
si:dkey-22i16.3,sidkey22i16.3
si:dkey-22i16.7,sidkey22i16.7
si:dkey-231j24.3,sidkey231j24.3
si:dkey-234i14.6,sidkey234i14.6
si:dkey-236e20.3,sidkey236e20.3
si:dkey-237g15.2,sidkey237g15.2
si:dkey-237m9.1,sidkey237m9.1
si:dkey-238k10.1,sidkey238k10.1
si:dkey-238k10.2,sidkey238k10.2
si:dkey-239b22.1,sidkey239b22.1
si:dkey-23a13.11,sidkey23a13.11
si:dkey-23k10.2,sidkey23k10.2
si:dkey-23k10.3,sidkey23k10.3
si:dkey-23n7.10,sidkey23n7.10
si:dkey-242e21.3,sidkey242e21.3
si:dkey-242h9.3,sidkey242h9.3
si:dkey-245n4.2,sidkey245n4.2
si:dkey-247m21.3,sidkey247m21.3
si:dkey-24c2.9,sidkey24c2.9
si:dkey-24h22.5,sidkey24h22.5
si:dkey-250k10.4,sidkey250k10.4
si:dkey-250k15.10,sidkey250k15.10
si:dkey-250k15.7,sidkey250k15.7
si:dkey-250k15.9,sidkey250k15.9
si:dkey-256e7.8,sidkey256e7.8
si:dkey-256i11.3,sidkey256i11.3
si:dkey-261i16.5,sidkey261i16.5
si:dkey-261o4.1,sidkey261o4.1
si:dkey-261o4.6,sidkey261o4.6
si:dkey-262j3.7,sidkey262j3.7
si:dkey-264f17.1,sidkey264f17.1
si:dkey-266f7.1,sidkey266f7.1
si:dkey-266f7.5,sidkey266f7.5
si:dkey-277m11.2,sidkey277m11.2
si:dkey-279j5.1,sidkey279j5.1
si:dkey-27b3.4,sidkey27b3.4
si:dkey-27d5.3,sidkey27d5.3
si:dkey-27p18.3,sidkey27p18.3
si:dkey-287h13.1,sidkey287h13.1
si:dkey-288a3.2,sidkey288a3.2
si:dkey-28k24.2,sidkey28k24.2
si:dkey-28o19.1,sidkey28o19.1
si:dkey-30c15.17,sidkey30c15.17
si:dkey-31i7.2,sidkey31i7.2
si:dkey-32e6.3,sidkey32e6.3
si:dkey-33m11.8,sidkey33m11.8
si:dkey-34d22.3,sidkey34d22.3
si:dkey-38k9.5,sidkey38k9.5
si:dkey-3h2.4,sidkey3h2.4
si:dkey-3p4.1,sidkey3p4.1
si:dkey-40c23.2,sidkey40c23.2
si:dkey-40n15.1,sidkey40n15.1
si:dkey-42i9.16,sidkey42i9.16
si:dkey-47k20.1,sidkey47k20.1
si:dkey-4c15.9,sidkey4c15.9
si:dkey-4c23.4,sidkey4c23.4
si:dkey-4p15.5,sidkey4p15.5
si:dkey-51d8.3,sidkey51d8.3
si:dkey-51d8.6,sidkey51d8.6
si:dkey-54n8.4,sidkey54n8.4
si:dkey-57a22.13,sidkey57a22.13
si:dkey-57a22.15,sidkey57a22.15
si:dkey-57c15.1,sidkey57c15.1
si:dkey-58f10.6,sidkey58f10.6
si:dkey-58j15.10,sidkey58j15.10
si:dkey-5g14.1,sidkey5g14.1
si:dkey-62k3.6,sidkey62k3.6
si:dkey-63j12.4,sidkey63j12.4
si:dkey-65b13.13,sidkey65b13.13
si:dkey-65b13.9,sidkey65b13.9
si:dkey-66i24.8,sidkey66i24.8
si:dkey-6n6.1,sidkey6n6.1
si:dkey-71l4.2,sidkey71l4.2
si:dkey-73n8.3,sidkey73n8.3
si:dkey-77f5.15,sidkey77f5.15
si:dkey-7i4.1,sidkey7i4.1
si:dkey-7i4.13,sidkey7i4.13
si:dkey-7j22.2,sidkey7j22.2
si:dkey-7k24.5,sidkey7k24.5
si:dkey-81n2.1,sidkey81n2.1
si:dkey-82i20.1,sidkey82i20.1
si:dkey-82i20.5,sidkey82i20.5
si:dkey-83h2.5,sidkey83h2.5
si:dkey-86l18.8,sidkey86l18.8
si:dkey-88j15.4,sidkey88j15.4
si:dkey-88n24.12,sidkey88n24.12
si:dkey-88n24.7,sidkey88n24.7
si:dkey-91f15.1,sidkey91f15.1
si:dkey-91i10.3,sidkey91i10.3
si:dkey-92c21.1,sidkey92c21.1
si:dkey-92j12.5,sidkey92j12.5
si:dkey-93h22.7,sidkey93h22.7
si:dkey-93l1.6,sidkey93l1.6
si:dkey-94e7.1,sidkey94e7.1
si:dkey-95p16.1,sidkey95p16.1
si:dkey-96g2.1,sidkey96g2.1
si:dkey-96l17.6,sidkey96l17.6
si:dkey-98f17.5,sidkey98f17.5
si:dkey-9c18.3,sidkey9c18.3
si:dkey-9i23.4,sidkey9i23.4
si:dkey-9i23.8,sidkey9i23.8
si:dkeyp-110c7.4,sidkeyp110c7.4
si:dkeyp-117b11.3,sidkeyp117b11.3
si:dkeyp-1h4.6,sidkeyp1h4.6
si:dkeyp-33c10.7,sidkeyp33c10.7
si:dkeyp-3f10.14,sidkeyp3f10.14
si:dkeyp-3f10.17,sidkeyp3f10.17
si:dkeyp-44d3.3,sidkeyp44d3.3
si:dkeyp-51f12.2,sidkeyp51f12.2
si:dkeyp-52c3.7,sidkeyp52c3.7
si:dkeyp-68b7.10,sidkeyp68b7.10
si:dkeyp-71f10.5,sidkeyp71f10.5
si:dkeyp-72a4.1,sidkeyp72a4.1
si:dkeyp-72h1.1,sidkeyp72h1.1
si:dkeyp-73b11.8,sidkeyp73b11.8
si:dkeyp-73d8.8,sidkeyp73d8.8
si:dkeyp-80d11.14,sidkeyp80d11.14
si:dkeyp-85d8.1,sidkeyp85d8.1
si:dkeyp-85e10.2,sidkeyp85e10.2
si:dkeyp-86f7.4,sidkeyp86f7.4
si:dkeyp-98a7.7,sidkeyp98a7.7
si:dkeyp-9d4.2,sidkeyp9d4.2
si:rp71-15k1.1,sirp7115k1.1
si:rp71-1c10.11,sirp711c10.11
si:rp71-1c10.8,sirp711c10.8
si:rp71-39b20.4,sirp7139b20.4
si:rp71-5o12.3,sirp715o12.3
si:zfos-1011f11.2,sizfos1011f11.2
si:zfos-2070c2.1,sizfos2070c2.1
si:zfos-2131b9.2,sizfos2131b9.2
si:zfos-2372e4.1,sizfos2372e4.1
si:zfos-364h11.2,sizfos364h11.2
si:zfos-375h5.1,sizfos375h5.1
si:zfos-911d5.4,sizfos911d5.4
sid1,sid1
sim1b,sim1b
slc10a1,slc10a1
slc12a10.2,slc12a10.2
slc12a5a,slc12a5a
slc12a5b,slc12a5b
slc17a6a,slc17a6a
slc17a7a,slc17a7a
slc17a7b,slc17a7b
slc17a8,slc17a8
slc18a3a,slc18a3a
slc18b1,slc18b1
slc1a8a,slc1a8a
slc22a13b,slc22a13b
slc23a3,slc23a3
slc24a3,slc24a3
slc24a4b,slc24a4b
slc25a23b,slc25a23b
slc25a47a,slc25a47a
slc25a47b,slc25a47b
slc25a51a,slc25a51a
slc26a10,slc26a10
slc26a6l,slc26a6l
slc2a5,slc2a5
slc30a2,slc30a2
slc34a1b,slc34a1b
slc35d2,slc35d2
slc39a3,slc39a3
slc39a8,slc39a8
slc43a3a,slc43a3a
slc44a5a,slc44a5a
slc47a1,slc47a1
slc47a2.1,slc47a2.1
slc47a4,slc47a4
slc4a10b,slc4a10b
slc4a8,slc4a8
slc5a1,slc5a1
slc5a2,slc5a2
slc5a3a,slc5a3a
slc5a3b,slc5a3b
slc6a19a.2,slc6a19a.2
slc6a1a,slc6a1a
slc6a1l,slc6a1l
slc6a4a,slc6a4a
slc6a6a,slc6a6a
slc7a14b,slc7a14b
slc7a8b,slc7a8b
slc8a2a,slc8a2a
slc8a4b,slc8a4b
slc8b1,slc8b1
slc9a5,slc9a5
slco1f4,slco1f4
slco3a1,slco3a1
slitrk3a,slitrk3a
slitrk3b,slitrk3b
slitrk5a,slitrk5a
smc1a,smc1a
smcr8a,smcr8a
smpd2a,smpd2a
smpd3,smpd3
smtna,smtna
sncgb,sncgb
snorc,snorc
snx1b,snx1b
soat2,soat2
sobpa,sobpa
sod3b,sod3b
sowahaa,sowahaa
sox17,sox17
sox8a,sox8a
sp100.2,sp100.2
sphkap,sphkap
spire1b,spire1b
spx,spx
ssbp2,ssbp2
sstr1a,sstr1a
sstr1b,sstr1b
ssuh2.1,ssuh2.1
st3gal1l,st3gal1l
st3gal1l3,st3gal1l3
st6gal1,st6gal1
st6galnac6,st6galnac6
st8sia3,st8sia3
st8sia4,st8sia4
st8sia7.1,st8sia7.1
stard5,stard5
stc2b,stc2b
steap2,steap2
steap3,steap3
stk24a,stk24a
stoml3a,stoml3a
stum,stum
stxbp5l,stxbp5l
sult1st2,sult1st2
sult1st3,sult1st3
sult1st5,sult1st5
sult1st6,sult1st6
sult1st7,sult1st7
sult3st2,sult3st2
sult3st3,sult3st3
sult3st4,sult3st4
sult4a1,sult4a1
susd4,susd4
sv2ba,sv2ba
sv2c,sv2c
svopa,svopa
sybu,sybu
syce2,syce2
syn2b,syn2b
sync,sync
syndig1l,syndig1l
syt10,syt10
syt11b,syt11b
syt14a,syt14a
syt15,syt15
syt6a,syt6a
syt9a,syt9a
sytl5,sytl5
taar12i,taar12i
taar13b,taar13b
taar14h,taar14h
taar20z,taar20z
tac3a,tac3a
taf4b,taf4b
tagln3a,tagln3a
tap1,tap1
tas1r3,tas1r3
tbc1d10ab,tbc1d10ab
tbpl2,tbpl2
tbx21,tbx21
tbx5b,tbx5b
tbxa2r,tbxa2r
tcnl,tcnl
tdo2a,tdo2a
tdrd7a,tdrd7a
tecra,tecra
tecrl2a,tecrl2a
tectb,tectb
tekt3,tekt3
terb2,terb2
tex2l,tex2l
tfe3b,tfe3b
tgfa,tgfa
tgfbr2a,tgfbr2a
tirap,tirap
tlr8b,tlr8b
tm4sf5,tm4sf5
tmc2a,tmc2a
tmc4,tmc4
tmem121aa,tmem121aa
tmem121b,tmem121b
tmem150c,tmem150c
tmem151bb,tmem151bb
tmem174,tmem174
tmem176l.3b,tmem176l.3b
tmem178,tmem178
tmem179b,tmem179b
tmem196b,tmem196b
tmem200a,tmem200a
tmem220,tmem220
tmem222b,tmem222b
tmem240a,tmem240a
tmem264,tmem264
tmem26a,tmem26a
tmem26b,tmem26b
tmem51b,tmem51b
tmem54b,tmem54b
tmem63c,tmem63c
tmem72,tmem72
tmem82,tmem82
tmem86b,tmem86b
tmem91,tmem91
tmprss2,tmprss2
tmprss3a,tmprss3a
tmprss4b,tmprss4b
tmtc2b,tmtc2b
tmtops2a,tmtops2a
tmtopsb,tmtopsb
tnfrsf18,tnfrsf18
tnfsf10l3,tnfsf10l3
tnfsf11,tnfsf11
tnfsf14,tnfsf14
tnk2a,tnk2a
tnni1d,tnni1d
tnni2a.1,tnni2a.1
tnni2a.2,tnni2a.2
tnni2b.2,tnni2b.2
tnni3k,tnni3k
tnni4b.1,tnni4b.1
tnnt2b,tnnt2b
tor1l2,tor1l2
tpbgl,tpbgl
tph1a,tph1a
tppp2,tppp2
traf5,traf5
traj21,traj21
trhde.1,trhde.1
trhde.2,trhde.2
trhrb,trhrb
trim108,trim108
trim35-10,trim35-10
trim35-12,trim35-12
trim35-13,trim35-13
trim35-19,trim35-19
trim35-23,trim35-23
trim35-24,trim35-24
trim35-3,trim35-3
trim35-31,trim35-31
trim46a,trim46a
trim46b,trim46b
trip10b,trip10b
trpc1,trpc1
trpc6a,trpc6a
trpc7b,trpc7b
trpm3,trpm3
tshba,tshba
tspan1,tspan1
tspeara,tspeara
ttc22,ttc22
ttc36,ttc36
ttc41,ttc41
ttll3,ttll3
ttr,ttr
ttyh1,ttyh1
tusc5a,tusc5a
txnrd2.2,txnrd2.2
ubxn11,ubxn11
ugt1b6p,ugt1b6p
ugt5a1,ugt5a1
ugt5a2,ugt5a2
ugt5c2,ugt5c2
ugt5d1,ugt5d1
ugt5e1,ugt5e1
ugt5f1,ugt5f1
umodl1,umodl1
unc5da,unc5da
unc5db,unc5db
unc93a,unc93a
unm-sa1261,unm-sa1261
unm-sa1506,unm-sa1506
unm-sa821,unm-sa821
urad,urad
uroc1,uroc1
urp1,urp1
usp21,usp21
usp2b,usp2b
usp43a,usp43a
usp54b,usp54b
uts2b,uts2b
v2rl1,v2rl1
vav3a,vav3a
vav3b,vav3b
vcpip1,vcpip1
vdra,vdra
vipb,vipb
vipr1a,vipr1a
vipr1b,vipr1b
vipr2,vipr2
vmo1b,vmo1b
vsig10l,vsig10l
vstm2l,vstm2l
vwc2l,vwc2l
wasf3a,wasf3a
wbp1la,wbp1la
wdr17,wdr17
wdr47a,wdr47a
wdr95,wdr95
wdsub1,wdsub1
wisp2,wisp2
wnt2ba,wnt2ba
wnt7ba,wnt7ba
wu:fa56d06,wufa56d06
wu:fc17b08,wufc17b08
xgb,xgb
xkr8.1,xkr8.1
xpr1a,xpr1a
yjefn3,yjefn3
zar1l,zar1l
zbtb12.1,zbtb12.1
zbtb21,zbtb21
zbtb22a,zbtb22a
zbtb25,zbtb25
zbtb38,zbtb38
zbtb42,zbtb42
zbtb47a,zbtb47a
zdhhc11,zdhhc11
zdhhc22,zdhhc22
zdhhc23a,zdhhc23a
zgc:103559,zgc103559
zgc:103625,zgc103625
zgc:109913,zgc109913
zgc:109965,zgc109965
zgc:110410,zgc110410
zgc:112265,zgc112265
zgc:112294,zgc112294
zgc:112368,zgc112368
zgc:112408,zgc112408
zgc:113276,zgc113276
zgc:113278,zgc113278
zgc:113279,zgc113279
zgc:114173,zgc114173
zgc:123107,zgc123107
zgc:136254,zgc136254
zgc:136767,zgc136767
zgc:136930,zgc136930
zgc:152753,zgc152753
zgc:152791,zgc152791
zgc:152945,zgc152945
zgc:152986,zgc152986
zgc:153431,zgc153431
zgc:153654,zgc153654
zgc:153704,zgc153704
zgc:154125,zgc154125
zgc:158260,zgc158260
zgc:158412,zgc158412
zgc:158417,zgc158417
zgc:162184,zgc162184
zgc:162297,zgc162297
zgc:162324,zgc162324
zgc:162331,zgc162331
zgc:162608,zgc162608
zgc:163014,zgc163014
zgc:163079,zgc163079
zgc:163083,zgc163083
zgc:165423,zgc165423
zgc:165453,zgc165453
zgc:165481,zgc165481
zgc:165508,zgc165508
zgc:165582,zgc165582
zgc:171424,zgc171424
zgc:171474,zgc171474
zgc:171482,zgc171482
zgc:171489,zgc171489
zgc:171501,zgc171501
zgc:171517,zgc171517
zgc:171534,zgc171534
zgc:171713,zgc171713
zgc:171727,zgc171727
zgc:171734,zgc171734
zgc:171965,zgc171965
zgc:172053,zgc172053
zgc:172065,zgc172065
zgc:172122,zgc172122
zgc:172131,zgc172131
zgc:172145,zgc172145
zgc:172253,zgc172253
zgc:172270,zgc172270
zgc:172282,zgc172282
zgc:172339,zgc172339
zgc:194202,zgc194202
zgc:194221,zgc194221
zgc:194281,zgc194281
zgc:194678,zgc194678
zgc:194686,zgc194686
zgc:194948,zgc194948
zgc:195075,zgc195075
zgc:195175,zgc195175
zgc:195212,zgc195212
zgc:198241,zgc198241
zgc:198371,zgc198371
zgc:64201,zgc64201
zgc:66024,zgc66024
zgc:77058,zgc77058
zgc:77748,zgc77748
zgc:77752,zgc77752
zgc:91999,zgc91999
zgc:92040,zgc92040
zgc:92275,zgc92275
zgc:92594,zgc92594
zgc:92912,zgc92912
zmat3,zmat3
zmat4a,zmat4a
zmat4b,zmat4b
zmp:0000000545,zmp0000000545
zmp:0000000845,zmp0000000845
zmp:0000000924,zmp0000000924
zmp:0000000930,zmp0000000930
zmp:0000001006,zmp0000001006
zmp:0000001088,zmp0000001088
zmp:0000001139,zmp0000001139
zmp:0000001301,zmp0000001301
zmynd12,zmynd12
znf1002,znf1002
znf1011,znf1011
znf1070,znf1070
znf1074,znf1074
znf1083,znf1083
znf1085,znf1085
znf1086,znf1086
znf1105,znf1105
znf1128,znf1128
znf1135,znf1135
znf1146,znf1146
znf1160,znf1160
znf1164,znf1164
znf1169,znf1169
znf1170,znf1170
znf1171,znf1171
znf1178,znf1178
znf1182,znf1182
znf385d,znf385d
znf541,znf541
znf804a,znf804a
znf804b,znf804b
znf831,znf831
znf975,znf975
znf997,znf997
zpld1a,zpld1a
zte38,zte38
ACVR1C,ACVR1C
AL772314.1,AL772314.1
AL772362.1,AL772362.1
AL831726.2,AL831726.2
AL833789.1,AL833789.1
AL845357.1,AL845357.1
AL928866.1,AL928866.1
AL929009.1,AL929009.1
AL929032.1,AL929032.1
AL929114.1,AL929114.1
AL929208.1,AL929208.1
AL935115.1,AL935115.1
AL935198.2,AL935198.2
AL935300.1,AL935300.1
AL954142.1,AL954142.1
AL954669.1,AL954669.1
AL954695.3,AL954695.3
AL954831.1,AL954831.1
BFSP1,BFSP1
BX000991.1,BX000991.1
BX001014.1,BX001014.1
BX004785.1,BX004785.1
BX004803.1,BX004803.1
BX005108.1,BX005108.1
BX005108.3,BX005108.3
BX005129.5,BX005129.5
BX005156.2,BX005156.2
BX005210.1,BX005210.1
BX005256.1,BX005256.1
BX005301.1,BX005301.1
BX005329.1,BX005329.1
BX005332.1,BX005332.1
BX005376.1,BX005376.1
BX005392.1,BX005392.1
BX072559.1,BX072559.1
BX072576.3,BX072576.3
BX088587.1,BX088587.1
BX088603.2,BX088603.2
BX120016.1,BX120016.1
BX248121.1,BX248121.1
BX248136.1,BX248136.1
BX248410.2,BX248410.2
BX248501.2,BX248501.2
BX248515.2,BX248515.2
BX255913.2,BX255913.2
BX293567.1,BX293567.1
BX323041.1,BX323041.1
BX323051.1,BX323051.1
BX323087.1,BX323087.1
BX323543.2,BX323543.2
BX323801.1,BX323801.1
BX323807.2,BX323807.2
BX323820.1,BX323820.1
BX323855.1,BX323855.1
BX324003.1,BX324003.1
BX324003.2,BX324003.2
BX324212.1,BX324212.1
BX324230.3,BX324230.3
BX465857.1,BX465857.1
BX510941.2,BX510941.2
BX511010.1,BX511010.1
BX511066.1,BX511066.1
BX511075.1,BX511075.1
BX530034.1,BX530034.1
BX530079.1,BX530079.1
BX537103.1,BX537103.1
BX537166.2,BX537166.2
BX537263.2,BX537263.2
BX537274.1,BX537274.1
BX537305.1,BX537305.1
BX539313.3,BX539313.3
BX546500.1,BX546500.1
BX548164.1,BX548164.1
BX571712.1,BX571712.1
BX640481.1,BX640481.1
BX640547.2,BX640547.2
BX649341.1,BX649341.1
BX649355.1,BX649355.1
BX649388.2,BX649388.2
BX649448.2,BX649448.2
BX649500.1,BX649500.1
BX649620.1,BX649620.1
BX649641.2,BX649641.2
BX649641.5,BX649641.5
BX663521.1,BX663521.1
BX663612.1,BX663612.1
BX664625.2,BX664625.2
BX677668.1,BX677668.1
BX769173.2,BX769173.2
BX890562.2,BX890562.2
BX890600.1,BX890600.1
BX901878.1,BX901878.1
BX901883.3,BX901883.3
BX908753.1,BX908753.1
BX908792.1,BX908792.1
BX927101.1,BX927101.1
BX927121.1,BX927121.1
BX927181.2,BX927181.2
BX927218.2,BX927218.2
BX927234.2,BX927234.2
BX927282.1,BX927282.1
BX927388.1,BX927388.1
BX957270.1,BX957270.1
BX957278.1,BX957278.1
BX957318.1,BX957318.1
BX957362.5,BX957362.5
CABZ01009512.1,CABZ01009512.1
CABZ01020455.1,CABZ01020455.1
CABZ01034089.1,CABZ01034089.1
CABZ01040054.1,CABZ01040054.1
CABZ01044048.1,CABZ01044048.1
CABZ01046088.1,CABZ01046088.1
CABZ01046348.1,CABZ01046348.1
CABZ01046432.1,CABZ01046432.1
CABZ01049625.1,CABZ01049625.1
CABZ01050062.1,CABZ01050062.1
CABZ01051977.1,CABZ01051977.1
CABZ01057488.2,CABZ01057488.2
CABZ01058333.1,CABZ01058333.1
CABZ01059119.1,CABZ01059119.1
CABZ01060891.1,CABZ01060891.1
CABZ01060936.1,CABZ01060936.1
CABZ01062996.1,CABZ01062996.1
CABZ01064972.1,CABZ01064972.1
CABZ01065328.2,CABZ01065328.2
CABZ01065417.1,CABZ01065417.1
CABZ01066719.1,CABZ01066719.1
CABZ01066813.1,CABZ01066813.1
CABZ01067558.1,CABZ01067558.1
CABZ01068246.1,CABZ01068246.1
CABZ01068273.1,CABZ01068273.1
CABZ01068367.1,CABZ01068367.1
CABZ01068499.1,CABZ01068499.1
CABZ01069022.2,CABZ01069022.2
CABZ01069436.1,CABZ01069436.1
CABZ01070527.1,CABZ01070527.1
CABZ01072614.1,CABZ01072614.1
CABZ01072989.1,CABZ01072989.1
CABZ01076737.1,CABZ01076737.1
CABZ01078858.1,CABZ01078858.1
CABZ01079081.1,CABZ01079081.1
CABZ01079267.1,CABZ01079267.1
CABZ01080056.1,CABZ01080056.1
CABZ01083937.1,CABZ01083937.1
CABZ01085275.1,CABZ01085275.1
CABZ01085710.1,CABZ01085710.1
CABZ01102057.1,CABZ01102057.1
CABZ01109081.1,CABZ01109081.1
CABZ01112732.1,CABZ01112732.1
CCNB1IP1,CCNB1IP1
CDHR2,CDHR2
CHST13,CHST13
CLDN22,CLDN22
CR318658.1,CR318658.1
CR339041.1,CR339041.1
CR339059.1,CR339059.1
CR352226.6,CR352226.6
CR352243.2,CR352243.2
CR356242.1,CR356242.1
CR376748.1,CR376748.1
CR376779.1,CR376779.1
CR382327.2,CR382327.2
CR382370.1,CR382370.1
CR385040.2,CR385040.2
CR387935.1,CR387935.1
CR388079.1,CR388079.1
CR388156.1,CR388156.1
CR388178.2,CR388178.2
CR388231.2,CR388231.2
CR391921.1,CR391921.1
CR391930.1,CR391930.1
CR392036.1,CR392036.1
CR394546.2,CR394546.2
CR405682.1,CR405682.1
CR407550.1,CR407550.1
CR450696.1,CR450696.1
CR450749.1,CR450749.1
CR450780.1,CR450780.1
CR450817.1,CR450817.1
CR450833.2,CR450833.2
CR450848.1,CR450848.1
CR456624.1,CR456624.1
CR524821.1,CR524821.1
CR550302.2,CR550302.2
CR550307.1,CR550307.1
CR589882.1,CR589882.1
CR626902.1,CR626902.1
CR631122.1,CR631122.1
CR749162.1,CR749162.1
CR759826.1,CR759826.1
CR759830.1,CR759830.1
CR774179.2,CR774179.2
CR790368.1,CR790368.1
CR792422.2,CR792422.2
CR792424.1,CR792424.1
CR792438.2,CR792438.2
CR812470.1,CR812470.1
CR812472.1,CR812472.1
CR847530.1,CR847530.1
CR847971.1,CR847971.1
CR848665.1,CR848665.1
CR848667.2,CR848667.2
CR848784.1,CR848784.1
CR854829.1,CR854829.1
CR854964.1,CR854964.1
CR855300.1,CR855300.1
CR855306.1,CR855306.1
CR855328.1,CR855328.1
CR925709.3,CR925709.3
CR925768.1,CR925768.1
CR925773.1,CR925773.1
CR925797.1,CR925797.1
CR926463.1,CR926463.1
CR931782.2,CR931782.2
CR931802.1,CR931802.1
CR931980.1,CR931980.1
CR933791.1,CR933791.1
CR933791.2,CR933791.2
CR933812.1,CR933812.1
CT009596.1,CT009596.1
CT009745.1,CT009745.1
CT027674.1,CT027674.1
CT573484.1,CT573484.1
CT583625.5,CT583625.5
CT583642.2,CT583642.2
CT737125.2,CT737125.2
CT737162.1,CT737162.1
CT737210.1,CT737210.1
CT867948.1,CT867948.1
CT954240.1,CT954240.1
CU019562.3,CU019562.3
CU041319.1,CU041319.1
CU062454.1,CU062454.1
CU076099.2,CU076099.2
CU104782.1,CU104782.1
CU207217.1,CU207217.1
CU302200.1,CU302200.1
CU302323.1,CU302323.1
CU462914.1,CU462914.1
CU467879.1,CU467879.1
CU467963.1,CU467963.1
CU469568.3,CU469568.3
CU499330.1,CU499330.1
CU571064.1,CU571064.1
CU571169.1,CU571169.1
CU571328.1,CU571328.1
CU571398.1,CU571398.1
CU638693.2,CU638693.2
CU655844.1,CU655844.1
CU658285.1,CU658285.1
CU660013.4,CU660013.4
CU672266.1,CU672266.1
CU681845.1,CU681845.1
CU682777.1,CU682777.1
CU683879.1,CU683879.1
CU693368.1,CU693368.1
CU693494.3,CU693494.3
CU694197.2,CU694197.2
CU694372.1,CU694372.1
CU694952.1,CU694952.1
CU855878.1,CU855878.1
CU861469.1,CU861469.1
CU861667.1,CU861667.1
CU896691.1,CU896691.1
CU914602.1,CU914602.1
CU914760.1,CU914760.1
CU914780.1,CU914780.1
CU928046.1,CU928046.1
CU928083.1,CU928083.1
CU929359.1,CU929359.1
CU929402.2,CU929402.2
CU929403.1,CU929403.1
DCDC2C,DCDC2C
FO704758.1,FO704758.1
FO704836.1,FO704836.1
FO744833.1,FO744833.1
FO904898.1,FO904898.1
FO907124.1,FO907124.1
FP015862.3,FP015862.3
FP016205.1,FP016205.1
FP102073.1,FP102073.1
FP102167.1,FP102167.1
FP102786.1,FP102786.1
FP102921.1,FP102921.1
FP102969.1,FP102969.1
FP103106.1,FP103106.1
FP236454.1,FP236454.1
FP236454.2,FP236454.2
FQ311924.1,FQ311924.1
FQ377903.2,FQ377903.2
GJD4,GJD4
LO017722.1,LO017722.1
LO017802.1,LO017802.1
LO018011.1,LO018011.1
LO018181.1,LO018181.1
LO018260.3,LO018260.3
LO018380.1,LO018380.1
LO018432.1,LO018432.1
LO018508.1,LO018508.1
LO018551.1,LO018551.1
NC-002333.11,NC-002333.11
P2RY14,P2RY14
PEBP4,PEBP4
PGA3,PGA3
RASGRF1,RASGRF1
RASL10B,RASL10B
RF00007,RF00007
RF00016,RF00016
RF00564,RF00564
RF00609,RF00609
RF01291,RF01291
SGCZ,SGCZ
SHISA8,SHISA8
SYNDIG1,SYNDIG1
TMEM87B,TMEM87B
TRIM35,TRIM35
aaed1,aaed1
abhd8a,abhd8a
acbd5b,acbd5b
acer2,acer2
acot21,acot21
acp7,acp7
adgre18,adgre18
adgre8,adgre8
adgre9,adgre9
adgrf3a,adgrf3a
adipoqb,adipoqb
adra1bb,adra1bb
adrb3b,adrb3b
aglb,aglb
aire,aire
aknad1,aknad1
aldh3b2,aldh3b2
alox5b.2,alox5b.2
amfrb,amfrb
amigo1,amigo1
amn,amn
apoc4,apoc4
art4,art4
asb14a,asb14a
asb15b,asb15b
atg2b,atg2b
atp8b2,atp8b2
barx2,barx2
bglap,bglap
btbd11b,btbd11b
btbd16,btbd16
btg4,btg4
btr06,btr06
ca14,ca14
ca4b,ca4b
cacng3a,cacng3a
carmil1,carmil1
cax2,cax2
cbln14,cbln14
cbln18,cbln18
cbln7,cbln7
ccdc13,ccdc13
ccdc73,ccdc73
ccl39.1,ccl39.1
ccl39.2,ccl39.2
ccl39.4,ccl39.4
ccni2,ccni2
ccr11.1,ccr11.1
ccr12a,ccr12a
cd209,cd209
cd4-1,cd4-1
cdc42ep1a,cdc42ep1a
cdcp2,cdcp2
cdk5r1b,cdk5r1b
cdkn2a/b,cdkn2ab
cfap73,cfap73
chrm5a,chrm5a
chst12b,chst12b
cln5,cln5
clrn3,clrn3
cnr1,cnr1
cnrip1b,cnrip1b
col8a1b,col8a1b
coro6,coro6
cpa1,cpa1
cpdb,cpdb
cpne4b,cpne4b
crp7,crp7
cryba1a,cryba1a
crybb2,crybb2
crygm2a,crygm2a
crygm2b,crygm2b
crygm2c,crygm2c
csnk2a4,csnk2a4
ctxn3,ctxn3
cx34.4,cx34.4
cx39.4,cx39.4
cxcl8b.3,cxcl8b.3
cyp19a1a,cyp19a1a
cyp2k18,cyp2k18
cyp2x8,cyp2x8
cyp8b2,cyp8b2
dapk2b,dapk2b
dcakd,dcakd
disp2,disp2
dmtn,dmtn
dnajc22,dnajc22
dpep2,dpep2
dram2a,dram2a
drd1b,drd1b
drd6b,drd6b
dre-let-7a-3,dre-let-7a-3
dre-mir-101a,dre-mir-101a
dre-mir-125b-1,dre-mir-125b-1
dre-mir-129-1,dre-mir-129-1
dre-mir-129-2,dre-mir-129-2
dre-mir-182,dre-mir-182
dre-mir-20a,dre-mir-20a
dre-mir-216b,dre-mir-216b
dre-mir-24-3,dre-mir-24-3
dre-mir-30d,dre-mir-30d
dre-mir-725-1,dre-mir-725-1
dre-mir-729,dre-mir-729
dre-mir-7a-3,dre-mir-7a-3
ebi3,ebi3
ecm1a,ecm1a
edaradd,edaradd
edn3b,edn3b
ela2l,ela2l
elfn2a,elfn2a
elovl8a,elovl8a
enpp7.1,enpp7.1
ensaa,ensaa
ensab,ensab
epn3b,epn3b
espnla,espnla
f9a,f9a
fam113,fam113
fam151a,fam151a
fam20cl,fam20cl
fam217b,fam217b
fam78bb,fam78bb
fbxo40.2,fbxo40.2
figla,figla
flvcr2a,flvcr2a
frrs1a,frrs1a
frrs1b,frrs1b
fshb,fshb
ft1,ft1
ftr29,ftr29
ftr37,ftr37
ftr54,ftr54
ftr72,ftr72
ftr80,ftr80
ftr87,ftr87
ftr92,ftr92
gabra6b,gabra6b
gabrd,gabrd
galr1a,galr1a
gbgt1l1,gbgt1l1
gbp4,gbp4
gc2,gc2
gcgrb,gcgrb
gckr,gckr
gdnfb,gdnfb
gfra2a,gfra2a
gfra2b,gfra2b
ghrh,ghrh
ghrhrb,ghrhrb
gig2i,gig2i
gipr,gipr
gls2b,gls2b
gltpd2,gltpd2
gna15.2,gna15.2
gnrhr1,gnrhr1
gnrhr4,gnrhr4
golga7bb,golga7bb
golt1a,golt1a
gpr1,gpr1
gpr137c,gpr137c
gpr142,gpr142
grik1b,grik1b
grn2,grn2
grnas,grnas
guca1a,guca1a
guca1b,guca1b
gzm3,gzm3
haao,haao
hbba1,hbba1
hcn3,hcn3
hcrt,hcrt
hephl1b,hephl1b
homer3a,homer3a
hpse2,hpse2
hpx,hpx
hrh2a,hrh2a
hs6st3a,hs6st3a
hsf2bp,hsf2bp
hsf5,hsf5
ido1,ido1
ifit16,ifit16
ifit9,ifit9
ifnphi4,ifnphi4
igfals,igfals
igl3v2,igl3v2
igsf5b,igsf5b
il17rel,il17rel
il1rapl1b,il1rapl1b
im:7160594,im7160594
impg1a,impg1a
insl3,insl3
irf4a,irf4a
ism2b,ism2b
itga11b,itga11b
itga2b,itga2b
jac4,jac4
kcnj11,kcnj11
kcnk13a,kcnk13a
kcnk1b,kcnk1b
kcnk2b,kcnk2b
kcnt2,kcnt2
kctd16b,kctd16b
kif25,kif25
kiss1rb,kiss1rb
kiss2,kiss2
kitb,kitb
klhl33,klhl33
kpna7,kpna7
ky,ky
l3mbtl1,l3mbtl1
lck,lck
ldlrad3,ldlrad3
ldlrad4b,ldlrad4b
lhcgr,lhcgr
lhx8b,lhx8b
lmx1al,lmx1al
lpar3,lpar3
lrfn1,lrfn1
lrit2,lrit2
lrrc14b,lrrc14b
lrrc18a,lrrc18a
lrrc30a,lrrc30a
m17,m17
mafga,mafga
mamdc2a,mamdc2a
map3k2,map3k2
march1,march1
march11,march11
march4,march4
masp2,masp2
mhc1lda,mhc1lda
mhc2b,mhc2b
mmd2a,mmd2a
mmd2b,mmd2b
mmp19,mmp19
mmp25b,mmp25b
mpl,mpl
ms4a17c.1,ms4a17c.1
mtmr9,mtmr9
mtnr1ba,mtnr1ba
mtnr1bb,mtnr1bb
myo7ab,myo7ab
ndp,ndp
ndufa9b,ndufa9b
nek10,nek10
nek11,nek11
neu4,neu4
nitr2b,nitr2b
nitr7b,nitr7b
nitr9,nitr9
nkpd1,nkpd1
nlrc9,nlrc9
nos2b,nos2b
noxa1,noxa1
npy4r,npy4r
nsmfa,nsmfa
obscna,obscna
ogfod2,ogfod2
olfcg4,olfcg4
olfcw1,olfcw1
onecut3b,onecut3b
opn1mw4,opn1mw4
or106-1,or106-1
or106-10,or106-10
or107-1,or107-1
or110-2,or110-2
or111-1,or111-1
or111-2,or111-2
or111-6,or111-6
or115-1,or115-1
or117-1,or117-1
or119-2,or119-2
or125-7,or125-7
or126-4,or126-4
or128-1,or128-1
or128-10,or128-10
or128-5,or128-5
or133-10,or133-10
or133-2,or133-2
or133-5,or133-5
or133-9,or133-9
or134-1,or134-1
or135-1,or135-1
or137-6,or137-6
ora1,ora1
ora4,ora4
otop2,otop2
oxgr1a.1,oxgr1a.1
oxt,oxt
panx2,panx2
paqr7b,paqr7b
pard6b,pard6b
parietopsin,parietopsin
pcdh1g2,pcdh1g2
pcdh2ab12,pcdh2ab12
pde8b,pde8b
pde9al,pde9al
pdxp,pdxp
pgm5,pgm5
phc3,phc3
phf1,phf1
pimr140,pimr140
pimr176,pimr176
pimr184,pimr184
pimr190,pimr190
pimr203,pimr203
pimr207,pimr207
pimr71,pimr71
pimr79,pimr79
pimr98,pimr98
pjvk,pjvk
plcxd2,plcxd2
pld6,pld6
plin1,plin1
pmchl,pmchl
ponzr10,ponzr10
pou4f3,pou4f3
ppp4r1l,ppp4r1l
prf1.5,prf1.5
prf1.6,prf1.6
prob1,prob1
prss60.1,prss60.1
pth1ra,pth1ra
pth1rb,pth1rb
purg,purg
pxdc1a,pxdc1a
rab32b,rab32b
rasal1b,rasal1b
rca2.2,rca2.2
rdh20,rdh20
rec8b,rec8b
rfx6,rfx6
rgs1,rgs1
rgs7b,rgs7b
rhoh,rhoh
ripk3,ripk3
rnf212b,rnf212b
rxfp3.3a2,rxfp3.3a2
saxo2,saxo2
sdr42e2,sdr42e2
sebox,sebox
sec22c,sec22c
sema4ga,sema4ga
setd1bb,setd1bb
sgsm1b,sgsm1b
sh2d1ab,sh2d1ab
shc2,shc2
si:busm1-266f07.2,sibusm1266f07.2
si:busm1-52i16.2,sibusm152i16.2
si:cabz01054394.7,sicabz01054394.7
si:cabz01069012.2,sicabz01069012.2
si:cabz01093077.1,sicabz01093077.1
si:ch1073-13h15.3,sich107313h15.3
si:ch1073-181h11.2,sich1073181h11.2
si:ch1073-303d10.1,sich1073303d10.1
si:ch1073-416j23.1,sich1073416j23.1
si:ch211-103b1.2,sich211103b1.2
si:ch211-106h11.1,sich211106h11.1
si:ch211-106j21.2,sich211106j21.2
si:ch211-106j21.6,sich211106j21.6
si:ch211-107e6.6,sich211107e6.6
si:ch211-114l13.4,sich211114l13.4
si:ch211-116o3.3,sich211116o3.3
si:ch211-11i22.4,sich21111i22.4
si:ch211-121a2.4,sich211121a2.4
si:ch211-128m15.3,sich211128m15.3
si:ch211-132g1.6,sich211132g1.6
si:ch211-133h13.1,sich211133h13.1
si:ch211-133l5.7,sich211133l5.7
si:ch211-133l5.8,sich211133l5.8
si:ch211-134a4.6,sich211134a4.6
si:ch211-142d6.2,sich211142d6.2
si:ch211-147g22.7,sich211147g22.7
si:ch211-149k23.9,sich211149k23.9
si:ch211-15j1.3,sich21115j1.3
si:ch211-15j1.4,sich21115j1.4
si:ch211-15j1.7,sich21115j1.7
si:ch211-15p9.2,sich21115p9.2
si:ch211-161n3.4,sich211161n3.4
si:ch211-176g6.2,sich211176g6.2
si:ch211-186j3.3,sich211186j3.3
si:ch211-188p14.3,sich211188p14.3
si:ch211-188p14.4,sich211188p14.4
si:ch211-191j22.7,sich211191j22.7
si:ch211-194e1.9,sich211194e1.9
si:ch211-194h1.2,sich211194h1.2
si:ch211-196h16.4,sich211196h16.4
si:ch211-198c19.1,sich211198c19.1
si:ch211-202m22.1,sich211202m22.1
si:ch211-204d2.4,sich211204d2.4
si:ch211-211k8.12,sich211211k8.12
si:ch211-215k15.4,sich211215k15.4
si:ch211-218m3.13,sich211218m3.13
si:ch211-219a15.4,sich211219a15.4
si:ch211-223m11.2,sich211223m11.2
si:ch211-226h7.8,sich211226h7.8
si:ch211-226o13.1,sich211226o13.1
si:ch211-227p7.5,sich211227p7.5
si:ch211-229n2.6,sich211229n2.6
si:ch211-230g14.6,sich211230g14.6
si:ch211-233m11.1,sich211233m11.1
si:ch211-234c11.2,sich211234c11.2
si:ch211-236g6.1,sich211236g6.1
si:ch211-237i5.4,sich211237i5.4
si:ch211-238g23.1,sich211238g23.1
si:ch211-240l19.7,sich211240l19.7
si:ch211-241b2.5,sich211241b2.5
si:ch211-241j8.2,sich211241j8.2
si:ch211-242e8.1,sich211242e8.1
si:ch211-246b8.1,sich211246b8.1
si:ch211-250m6.7,sich211250m6.7
si:ch211-253p14.2,sich211253p14.2
si:ch211-255f4.11,sich211255f4.11
si:ch211-260e23.7,sich211260e23.7
si:ch211-266k8.6,sich211266k8.6
si:ch211-270n8.1,sich211270n8.1
si:ch211-271e10.1,sich211271e10.1
si:ch211-272h9.6,sich211272h9.6
si:ch211-274k16.9,sich211274k16.9
si:ch211-276i6.1,sich211276i6.1
si:ch211-282j17.12,sich211282j17.12
si:ch211-28e16.5,sich21128e16.5
si:ch211-51f19.1,sich21151f19.1
si:ch211-51h4.2,sich21151h4.2
si:ch211-57m13.5,sich21157m13.5
si:ch211-57n23.1,sich21157n23.1
si:ch211-63p21.4,sich21163p21.4
si:ch211-66h3.4,sich21166h3.4
si:ch211-76m11.8,sich21176m11.8
si:ch211-81a5.1,sich21181a5.1
si:ch211-93g21.1,sich21193g21.1
si:ch211-9n13.3,sich2119n13.3
si:ch73-106k19.2,sich73106k19.2
si:ch73-106n3.1,sich73106n3.1
si:ch73-111e15.1,sich73111e15.1
si:ch73-113g13.2,sich73113g13.2
si:ch73-125k17.2,sich73125k17.2
si:ch73-138i16.1,sich73138i16.1
si:ch73-151m17.5,sich73151m17.5
si:ch73-170d6.4,sich73170d6.4
si:ch73-205h11.1,sich73205h11.1
si:ch73-208h1.1,sich73208h1.1
si:ch73-21d24.1,sich7321d24.1
si:ch73-233f7.8,sich73233f7.8
si:ch73-267c23.10,sich73267c23.10
si:ch73-27e22.4,sich7327e22.4
si:ch73-281i18.4,sich73281i18.4
si:ch73-286h23.4,sich73286h23.4
si:ch73-335l21.3,sich73335l21.3
si:ch73-337l15.2,sich73337l15.2
si:ch73-338o16.4,sich73338o16.4
si:ch73-361p23.3,sich73361p23.3
si:ch73-380l3.1,sich73380l3.1
si:ch73-40a17.4,sich7340a17.4
si:ch73-47f2.1,sich7347f2.1
si:ch73-54f23.4,sich7354f23.4
si:ch73-7i4.1,sich737i4.1
si:dkey-103g5.3,sidkey103g5.3
si:dkey-103g5.4,sidkey103g5.4
si:dkey-112g5.11,sidkey112g5.11
si:dkey-11e23.9,sidkey11e23.9
si:dkey-11m19.5,sidkey11m19.5
si:dkey-11o1.3,sidkey11o1.3
si:dkey-122c11.7,sidkey122c11.7
si:dkey-156k2.4,sidkey156k2.4
si:dkey-163f12.11,sidkey163f12.11
si:dkey-163m14.2,sidkey163m14.2
si:dkey-166k12.1,sidkey166k12.1
si:dkey-16p19.8,sidkey16p19.8
si:dkey-179j5.5,sidkey179j5.5
si:dkey-17e16.9,sidkey17e16.9
si:dkey-183c6.7,sidkey183c6.7
si:dkey-187j14.6,sidkey187j14.6
si:dkey-189g17.2,sidkey189g17.2
si:dkey-192k22.2,sidkey192k22.2
si:dkey-192p21.6,sidkey192p21.6
si:dkey-193b15.5,sidkey193b15.5
si:dkey-196h17.9,sidkey196h17.9
si:dkey-1c7.2,sidkey1c7.2
si:dkey-1c7.3,sidkey1c7.3
si:dkey-1h24.2,sidkey1h24.2
si:dkey-1m11.5,sidkey1m11.5
si:dkey-201c13.2,sidkey201c13.2
si:dkey-201i24.3,sidkey201i24.3
si:dkey-202l22.3,sidkey202l22.3
si:dkey-20i20.10,sidkey20i20.10
si:dkey-219c10.4,sidkey219c10.4
si:dkey-21e5.1,sidkey21e5.1
si:dkey-21h14.12,sidkey21h14.12
si:dkey-21o22.2,sidkey21o22.2
si:dkey-225n22.4,sidkey225n22.4
si:dkey-230i18.2,sidkey230i18.2
si:dkey-235d18.6,sidkey235d18.6
si:dkey-238d18.5,sidkey238d18.5
si:dkey-238m4.4,sidkey238m4.4
si:dkey-246e1.3,sidkey246e1.3
si:dkey-246g23.4,sidkey246g23.4
si:dkey-248f6.3,sidkey248f6.3
si:dkey-260c8.6,sidkey260c8.6
si:dkey-261j11.2,sidkey261j11.2
si:dkey-261j11.3,sidkey261j11.3
si:dkey-265e7.1,sidkey265e7.1
si:dkey-266m15.5,sidkey266m15.5
si:dkey-26m3.2,sidkey26m3.2
si:dkey-26m3.3,sidkey26m3.3
si:dkey-276j7.3,sidkey276j7.3
si:dkey-27n14.1,sidkey27n14.1
si:dkey-282h22.5,sidkey282h22.5
si:dkey-28d5.5,sidkey28d5.5
si:dkey-28d5.7,sidkey28d5.7
si:dkey-29d5.2,sidkey29d5.2
si:dkey-31g16.2,sidkey31g16.2
si:dkey-33c14.6,sidkey33c14.6
si:dkey-35h6.1,sidkey35h6.1
si:dkey-37g12.1,sidkey37g12.1
si:dkey-38n4.2,sidkey38n4.2
si:dkey-3h2.3,sidkey3h2.3
si:dkey-42l23.2,sidkey42l23.2
si:dkey-44k1.5,sidkey44k1.5
si:dkey-48g21.7,sidkey48g21.7
si:dkey-51d8.1,sidkey51d8.1
si:dkey-52p2.5,sidkey52p2.5
si:dkey-53k12.1,sidkey53k12.1
si:dkey-58f10.12,sidkey58f10.12
si:dkey-59l11.10,sidkey59l11.10
si:dkey-61f9.1,sidkey61f9.1
si:dkey-63d15.12,sidkey63d15.12
si:dkey-71l4.1,sidkey71l4.1
si:dkey-71l4.5,sidkey71l4.5
si:dkey-78l4.11,sidkey78l4.11
si:dkey-78l4.5,sidkey78l4.5
si:dkey-7i4.19,sidkey7i4.19
si:dkey-81j8.6,sidkey81j8.6
si:dkey-83f18.3,sidkey83f18.3
si:dkey-85k7.11,sidkey85k7.11
si:dkey-88e18.2,sidkey88e18.2
si:dkey-88e18.8,sidkey88e18.8
si:dkey-88l16.4,sidkey88l16.4
si:dkey-88l16.5,sidkey88l16.5
si:dkey-90l8.3,sidkey90l8.3
si:dkey-93l1.4,sidkey93l1.4
si:dkey-9i23.14,sidkey9i23.14
si:dkeyp-100a1.6,sidkeyp100a1.6
si:dkeyp-114g9.1,sidkeyp114g9.1
si:dkeyp-3f10.16,sidkeyp3f10.16
si:dkeyp-41f9.3,sidkeyp41f9.3
si:dkeyp-41f9.4,sidkeyp41f9.4
si:dkeyp-46h3.8,sidkeyp46h3.8
si:dkeyp-4f2.6,sidkeyp4f2.6
si:dkeyp-57d7.4,sidkeyp57d7.4
si:dkeyp-59c12.1,sidkeyp59c12.1
si:dkeyp-5g9.1,sidkeyp5g9.1
si:dkeyp-61b2.1,sidkeyp61b2.1
si:dkeyp-67e1.6,sidkeyp67e1.6
si:dkeyp-77c4.5,sidkeyp77c4.5
si:dkeyp-77c8.1,sidkeyp77c8.1
si:dkeyp-82a1.2,sidkeyp82a1.2
si:dkeyp-82a1.4,sidkeyp82a1.4
si:dkeyp-87d1.1,sidkeyp87d1.1
si:dkeyp-92c9.4,sidkeyp92c9.4
si:dkeyp-97e7.9,sidkeyp97e7.9
si:rp71-17i16.5,sirp7117i16.5
si:rp71-36a1.3,sirp7136a1.3
si:rp71-45k5.2,sirp7145k5.2
si:rp71-7l19.2,sirp717l19.2
siglec15l,siglec15l
sinup,sinup
slbp2,slbp2
slc15a1b,slc15a1b
slc19a3a,slc19a3a
slc1a2a,slc1a2a
slc1a7a,slc1a7a
slc28a1,slc28a1
slc2a11l,slc2a11l
slc30a1b,slc30a1b
slc35f4,slc35f4
slc47a3,slc47a3
slc48a1a,slc48a1a
slc4a3,slc4a3
slc5a11,slc5a11
slc5a5,slc5a5
slc6a16a,slc6a16a
slc6a18,slc6a18
slc6a19b,slc6a19b
slc9a3.2,slc9a3.2
slco1e1,slco1e1
slco4a1,slco4a1
snx19a,snx19a
soat1,soat1
sorcs3b,sorcs3b
sox18,sox18
sp100.3,sp100.3
srd5a2b,srd5a2b
st3gal1,st3gal1
stpg1,stpg1
stx1a,stx1a
sugct,sugct
sult3st1,sult3st1
svilb,svilb
sycn.2,sycn.2
sycp2,sycp2
syt14b,syt14b
syt17,syt17
taar14a,taar14a
taar20t,taar20t
tac4,tac4
tacr3a,tacr3a
tal2,tal2
tap2a,tap2a
tesmin,tesmin
tgm1l3,tgm1l3
tlr20.2,tlr20.2
tlr4bb,tlr4bb
tlr7,tlr7
tmc6a,tmc6a
tmed6,tmed6
tmem121ab,tmem121ab
tmem14cb,tmem14cb
tmem163b,tmem163b
tmem170b,tmem170b
tmem182b,tmem182b
tmem184bb,tmem184bb
tnni2a.3,tnni2a.3
tns3.1,tns3.1
tomt,tomt
tor1l3,tor1l3
tradv25.0.4,tradv25.0.4
trhra,trhra
trim110,trim110
trim35-14,trim35-14
trim35-21,trim35-21
trim35-25,trim35-25
trim35-29,trim35-29
trpc3,trpc3
trpc5a,trpc5a
trpc7a,trpc7a
tspan33b,tspan33b
ttll2,ttll2
ubash3ba,ubash3ba
ubxn2a,ubxn2a
ucmaa,ucmaa
ugt1b1,ugt1b1
ugt1b7,ugt1b7
ugt5c1,ugt5c1
unm-sa808,unm-sa808
upk1a,upk1a
upp1,upp1
upp2,upp2
ush1gb,ush1gb
v2rc1,v2rc1
v2rx1,v2rx1
v2rx3,v2rx3
vtg1,vtg1
wfikkn2a,wfikkn2a
wfs1a,wfs1a
wisp1b,wisp1b
wu:fc38h03,wufc38h03
wu:fj39g12,wufj39g12
xylb,xylb
zbbx,zbbx
zbtb32,zbtb32
zbtb44,zbtb44
zc3h12a,zc3h12a
zdhhc8a,zdhhc8a
zgc:101040,zgc101040
zgc:101699,zgc101699
zgc:103700,zgc103700
zgc:109982,zgc109982
zgc:110171,zgc110171
zgc:111976,zgc111976
zgc:112160,zgc112160
zgc:112416,zgc112416
zgc:112965,zgc112965
zgc:123275,zgc123275
zgc:123278,zgc123278
zgc:136461,zgc136461
zgc:136605,zgc136605
zgc:152658,zgc152658
zgc:158222,zgc158222
zgc:158316,zgc158316
zgc:162160,zgc162160
zgc:165656,zgc165656
zgc:171781,zgc171781
zgc:171887,zgc171887
zgc:172051,zgc172051
zgc:172067,zgc172067
zgc:172090,zgc172090
zgc:172143,zgc172143
zgc:172271,zgc172271
zgc:173729,zgc173729
zgc:173737,zgc173737
zgc:174224,zgc174224
zgc:175248,zgc175248
zgc:194655,zgc194655
zgc:194887,zgc194887
zgc:66473,zgc66473
zgc:92162,zgc92162
zmp:0000000735,zmp0000000735
zmp:0000001048,zmp0000001048
zmp:0000001102,zmp0000001102
znf1013,znf1013
znf1058,znf1058
znf1061,znf1061
znf1076,znf1076
znf1103,znf1103
znf1151,znf1151
znf1152,znf1152
znf1179,znf1179
znf1184,znf1184
znf366,znf366
znf569l,znf569l
znf979,znf979
znhit6,znhit6
AL590150.1,AL590150.1
AL627164.1,AL627164.1
AL831768.1,AL831768.1
AL844192.1,AL844192.1
AL844563.1,AL844563.1
AL929536.7,AL929536.7
AL935065.1,AL935065.1
AL935292.1,AL935292.1
AL954129.1,AL954129.1
AL954146.1,AL954146.1
AL954655.2,AL954655.2
AL954695.1,AL954695.1
AL954698.1,AL954698.1
BX004769.1,BX004769.1
BX004780.1,BX004780.1
BX004980.1,BX004980.1
BX005012.4,BX005012.4
BX005022.2,BX005022.2
BX005054.1,BX005054.1
BX005380.1,BX005380.1
BX005414.1,BX005414.1
BX248331.1,BX248331.1
BX279523.1,BX279523.1
BX294006.1,BX294006.1
BX294100.1,BX294100.1
BX321875.1,BX321875.1
BX321875.4,BX321875.4
BX322601.1,BX322601.1
BX323457.1,BX323457.1
BX323887.1,BX323887.1
BX324006.1,BX324006.1
BX324206.1,BX324206.1
BX324218.1,BX324218.1
BX465186.2,BX465186.2
BX465198.3,BX465198.3
BX470128.1,BX470128.1
BX470189.2,BX470189.2
BX510922.3,BX510922.3
BX510924.1,BX510924.1
BX511034.4,BX511034.4
BX511112.1,BX511112.1
BX511132.1,BX511132.1
BX511253.1,BX511253.1
BX539325.1,BX539325.1
BX547934.1,BX547934.1
BX548032.3,BX548032.3
BX571720.1,BX571720.1
BX571774.1,BX571774.1
BX571794.2,BX571794.2
BX571803.1,BX571803.1
BX571843.1,BX571843.1
BX571853.1,BX571853.1
BX571945.2,BX571945.2
BX640512.2,BX640512.2
BX649266.2,BX649266.2
BX649384.1,BX649384.1
BX649516.4,BX649516.4
BX663605.1,BX663605.1
BX664625.1,BX664625.1
BX664625.3,BX664625.3
BX769173.1,BX769173.1
BX855618.1,BX855618.1
BX901968.1,BX901968.1
BX908386.1,BX908386.1
BX908721.1,BX908721.1
BX927216.1,BX927216.1
BX936305.1,BX936305.1
BX936308.2,BX936308.2
BX936393.2,BX936393.2
BX957256.1,BX957256.1
BX957322.1,BX957322.1
BX957328.1,BX957328.1
BX957345.1,BX957345.1
CABZ01037174.1,CABZ01037174.1
CABZ01041604.1,CABZ01041604.1
CABZ01044108.1,CABZ01044108.1
CABZ01044764.2,CABZ01044764.2
CABZ01046997.1,CABZ01046997.1
CABZ01048666.1,CABZ01048666.1
CABZ01053323.1,CABZ01053323.1
CABZ01055365.1,CABZ01055365.1
CABZ01059099.1,CABZ01059099.1
CABZ01067080.1,CABZ01067080.1
CABZ01067175.1,CABZ01067175.1
CABZ01068244.1,CABZ01068244.1
CABZ01072242.1,CABZ01072242.1
CABZ01072487.2,CABZ01072487.2
CABZ01074888.1,CABZ01074888.1
CABZ01078080.1,CABZ01078080.1
CABZ01079818.1,CABZ01079818.1
CABZ01084501.1,CABZ01084501.1
CABZ01084564.1,CABZ01084564.1
CABZ01088229.1,CABZ01088229.1
CABZ01100304.1,CABZ01100304.1
CR318646.1,CR318646.1
CR352310.1,CR352310.1
CR354430.3,CR354430.3
CR354556.2,CR354556.2
CR376747.1,CR376747.1
CR376838.1,CR376838.1
CR381689.1,CR381689.1
CR383662.1,CR383662.1
CR383669.2,CR383669.2
CR388148.2,CR388148.2
CR388164.1,CR388164.1
CR388166.1,CR388166.1
CR388364.2,CR388364.2
CR388369.1,CR388369.1
CR388378.2,CR388378.2
CR391990.1,CR391990.1
CR392024.1,CR392024.1
CR407584.1,CR407584.1
CR450824.2,CR450824.2
CR450827.1,CR450827.1
CR456628.1,CR456628.1
CR548634.1,CR548634.1
CR735102.1,CR735102.1
CR749752.1,CR749752.1
CR759927.1,CR759927.1
CR759968.2,CR759968.2
CR762470.1,CR762470.1
CR762475.1,CR762475.1
CR788303.1,CR788303.1
CR790365.2,CR790365.2
CR790388.1,CR790388.1
CR846082.1,CR846082.1
CR847870.1,CR847870.1
CR847898.3,CR847898.3
CR854832.1,CR854832.1
CR855860.2,CR855860.2
CR925723.4,CR925723.4
CR925731.1,CR925731.1
CR932360.1,CR932360.1
CR936378.1,CR936378.1
CR936540.1,CR936540.1
CT027704.1,CT027704.1
CT573342.2,CT573342.2
CT583646.1,CT583646.1
CT583728.14,CT583728.14
CU019663.1,CU019663.1
CU041363.1,CU041363.1
CU062479.1,CU062479.1
CU062501.2,CU062501.2
CU104709.1,CU104709.1
CU137716.1,CU137716.1
CU210919.1,CU210919.1
CU278559.1,CU278559.1
CU442763.1,CU442763.1
CU468723.1,CU468723.1
CU469104.1,CU469104.1
CU469514.1,CU469514.1
CU550702.1,CU550702.1
CU570769.2,CU570769.2
CU570769.3,CU570769.3
CU570889.1,CU570889.1
CU633479.1,CU633479.1
CU660013.2,CU660013.2
CU693446.1,CU693446.1
CU693481.1,CU693481.1
CU694255.2,CU694255.2
CU855821.1,CU855821.1
CU855889.1,CU855889.1
CU862015.1,CU862015.1
CU929037.2,CU929037.2
CU929150.1,CU929150.1
FO704777.1,FO704777.1
FO834855.1,FO834855.1
FO834888.1,FO834888.1
FP003590.1,FP003590.1
FP016142.7,FP016142.7
FP016235.1,FP016235.1
FP085399.5,FP085399.5
FP102052.1,FP102052.1
FP103005.1,FP103005.1
FP245455.1,FP245455.1
FP245456.1,FP245456.1
FQ377603.1,FQ377603.1
GBGT1,GBGT1
HEPACAM,HEPACAM
KCNA6,KCNA6
LO017648.1,LO017648.1
LO017656.1,LO017656.1
LO017799.1,LO017799.1
LO017815.1,LO017815.1
LO018612.1,LO018612.1
MSMP,MSMP
RF01229,RF01229
SAMD12,SAMD12
TMEM114,TMEM114
VSTM2A,VSTM2A
adamts14,adamts14
adora1a,adora1a
alkal2a,alkal2a
arhgap20b,arhgap20b
artna,artna
asb1,asb1
atg16l2,atg16l2
avpr2aa,avpr2aa
bmp10l,bmp10l
bnip1a,bnip1a
c1ql2,c1ql2
c1qtnf6a,c1qtnf6a
calml4b,calml4b
caps2,caps2
casr,casr
cbln8,cbln8
ccl27a,ccl27a
ccl39.5,ccl39.5
cdc42ep1b,cdc42ep1b
cdk14,cdk14
chdh,chdh
chmp2ba,chmp2ba
chrna2b,chrna2b
chrna7,chrna7
clic6,clic6
col28a1b,col28a1b
crp1,crp1
ctxn1,ctxn1
cx28.1,cx28.1
cxcr2,cxcr2
cyp27b1,cyp27b1
cyp2k6,cyp2k6
cyp2x10.2,cyp2x10.2
dact1,dact1
dgkb,dgkb
dpep1,dpep1
dre-mir-107a,dre-mir-107a
dre-mir-15b,dre-mir-15b
dre-mir-181b-1,dre-mir-181b-1
dre-mir-184-1,dre-mir-184-1
dre-mir-217,dre-mir-217
dre-mir-2189,dre-mir-2189
fam110a,fam110a
fam160a1b,fam160a1b
faslg,faslg
fgf11a,fgf11a
foxo1b,foxo1b
frmpd2,frmpd2
ftr98,ftr98
fzd9a,fzd9a
g6fl,g6fl
g6pcb,g6pcb
gabra6a,gabra6a
gig2j,gig2j
gja8b,gja8b
glt1d1,glt1d1
gpha2,gpha2
gpr52,gpr52
gramd1bb,gramd1bb
gsdf,gsdf
gsg1l2a,gsg1l2a
gzmk,gzmk
hcn4,hcn4
hgfb,hgfb
hivep2b,hivep2b
hs3st3l,hs3st3l
htr2ab,htr2ab
ifnphi2,ifnphi2
il10,il10
il22,il22
itih3b,itih3b
jac8,jac8
kbtbd11,kbtbd11
kcna2a,kcna2a
kcna6a,kcna6a
kcnh6b,kcnh6b
kcnk2a,kcnk2a
kcnk3a,kcnk3a
kcnk9,kcnk9
layna,layna
lgi2a,lgi2a
lhx2a,lhx2a
loxl5a,loxl5a
lrig3,lrig3
lrit3b,lrit3b
lrrc3b,lrrc3b
lrrc3ca,lrrc3ca
lrrc66,lrrc66
lrrc74a,lrrc74a
lrrtm4l1,lrrtm4l1
lrrtm4l2,lrrtm4l2
lrtm1,lrtm1
ly86,ly86
mboat4,mboat4
mhc1zka,mhc1zka
mhc2dbb,mhc2dbb
mlnr,mlnr
mpp5b,mpp5b
myf6,myf6
nadsyn1,nadsyn1
nitr12,nitr12
nitr3c,nitr3c
nkl.1,nkl.1
nos2a,nos2a
npffr1l1,npffr1l1
npy8br,npy8br
nsun6,nsun6
ntsr1,ntsr1
nxph3,nxph3
olfcd1,olfcd1
olfcd3,olfcd3
olfcj1,olfcj1
onecut3a,onecut3a
opn1lw1,opn1lw1
or101-1,or101-1
or106-11,or106-11
or106-8,or106-8
or108-3,or108-3
or111-7,or111-7
or120-1,or120-1
or125-1,or125-1
or125-5,or125-5
or133-7,or133-7
or137-4,or137-4
osbpl11,osbpl11
oscp1a,oscp1a
pdk3b,pdk3b
pdp1,pdp1
phka1b,phka1b
pik3r6b,pik3r6b
pimr129,pimr129
pimr174,pimr174
pimr182,pimr182
pimr185,pimr185
pimr199,pimr199
pimr94,pimr94
pip4k2cb,pip4k2cb
pla2g4f.2,pla2g4f.2
pmch,pmch
pnpla4,pnpla4
pparab,pparab
prss59.1,prss59.1
pth1b,pth1b
qpctlb,qpctlb
rce1b,rce1b
rnasel2,rnasel2
rnf150a,rnf150a
rpz6,rpz6
rsad2,rsad2
shpk,shpk
si:busm1-194e12.11,sibusm1194e12.11
si:cabz01033205.3,sicabz01033205.3
si:ch1073-66l23.1,sich107366l23.1
si:ch211-106j21.5,sich211106j21.5
si:ch211-113d11.8,sich211113d11.8
si:ch211-117c9.1,sich211117c9.1
si:ch211-117l17.4,sich211117l17.4
si:ch211-122l14.7,sich211122l14.7
si:ch211-122l24.6,sich211122l24.6
si:ch211-125e6.11,sich211125e6.11
si:ch211-125e6.12,sich211125e6.12
si:ch211-127n13.2,sich211127n13.2
si:ch211-12e13.1,sich21112e13.1
si:ch211-130m23.3,sich211130m23.3
si:ch211-154e10.1,sich211154e10.1
si:ch211-161n3.5,sich211161n3.5
si:ch211-162k9.5,sich211162k9.5
si:ch211-162k9.6,sich211162k9.6
si:ch211-182e10.4,sich211182e10.4
si:ch211-197g15.10,sich211197g15.10
si:ch211-205a14.7,sich211205a14.7
si:ch211-214c7.5,sich211214c7.5
si:ch211-218h8.3,sich211218h8.3
si:ch211-218m3.9,sich211218m3.9
si:ch211-222f23.6,sich211222f23.6
si:ch211-229c8.13,sich211229c8.13
si:ch211-229c8.4,sich211229c8.4
si:ch211-232d10.3,sich211232d10.3
si:ch211-237a4.2,sich211237a4.2
si:ch211-238p8.10,sich211238p8.10
si:ch211-238p8.31,sich211238p8.31
si:ch211-250k18.6,sich211250k18.6
si:ch211-272h9.3,sich211272h9.3
si:ch211-285c6.6,sich211285c6.6
si:ch211-39f2.3,sich21139f2.3
si:ch211-67n3.9,sich21167n3.9
si:ch73-15n24.1,sich7315n24.1
si:ch73-160p18.4,sich73160p18.4
si:ch73-262h23.4,sich73262h23.4
si:ch73-27e22.2,sich7327e22.2
si:ch73-27e22.3,sich7327e22.3
si:ch73-281i18.6,sich73281i18.6
si:ch73-30l9.1,sich7330l9.1
si:ch73-344o19.1,sich73344o19.1
si:ch73-52p7.1,sich7352p7.1
si:ch73-61d6.3,sich7361d6.3
si:dkey-10h3.3,sidkey10h3.3
si:dkey-111i23.1,sidkey111i23.1
si:dkey-118k5.3,sidkey118k5.3
si:dkey-119m7.4,sidkey119m7.4
si:dkey-11p23.7,sidkey11p23.7
si:dkey-126g1.7,sidkey126g1.7
si:dkey-16i5.8,sidkey16i5.8
si:dkey-172o19.2,sidkey172o19.2
si:dkey-182i3.11,sidkey182i3.11
si:dkey-187j14.7,sidkey187j14.7
si:dkey-193b15.8,sidkey193b15.8
si:dkey-19a16.12,sidkey19a16.12
si:dkey-1k23.3,sidkey1k23.3
si:dkey-203a12.9,sidkey203a12.9
si:dkey-206p8.1,sidkey206p8.1
si:dkey-211g8.5,sidkey211g8.5
si:dkey-217g21.3,sidkey217g21.3
si:dkey-21e2.7,sidkey21e2.7
si:dkey-221h15.4,sidkey221h15.4
si:dkey-222h21.9,sidkey222h21.9
si:dkey-223p19.2,sidkey223p19.2
si:dkey-22f5.9,sidkey22f5.9
si:dkey-234d14.2,sidkey234d14.2
si:dkey-238o14.3,sidkey238o14.3
si:dkey-27p18.2,sidkey27p18.2
si:dkey-28i19.3,sidkey28i19.3
si:dkey-34d22.2,sidkey34d22.2
si:dkey-3h2.2,sidkey3h2.2
si:dkey-3k20.1,sidkey3k20.1
si:dkey-47k16.4,sidkey47k16.4
si:dkey-4c15.8,sidkey4c15.8
si:dkey-4c2.11,sidkey4c2.11
si:dkey-58f10.10,sidkey58f10.10
si:dkey-58f10.11,sidkey58f10.11
si:dkey-58i8.5,sidkey58i8.5
si:dkey-78k11.4,sidkey78k11.4
si:dkey-78l4.6,sidkey78l4.6
si:dkey-7i4.16,sidkey7i4.16
si:dkey-83f18.4,sidkey83f18.4
si:dkey-84h14.1,sidkey84h14.1
si:dkey-84h14.2,sidkey84h14.2
si:dkey-85k15.7,sidkey85k15.7
si:dkey-8e10.2,sidkey8e10.2
si:dkey-94f20.4,sidkey94f20.4
si:dkey-96f10.1,sidkey96f10.1
si:dkeyp-74b6.2,sidkeyp74b6.2
si:dkeyp-98a7.3,sidkeyp98a7.3
slc12a10.1,slc12a10.1
slc19a3b,slc19a3b
slc1a7b,slc1a7b
slc26a4,slc26a4
smtlb,smtlb
sntg1,sntg1
sprb,sprb
sspn,sspn
sstr3,sstr3
stbd1,stbd1
susd5,susd5
syt16,syt16
taar14i,taar14i
taar16a,taar16a
taar18f,taar18f
tacr1a,tacr1a
tacr2,tacr2
tecrl2b,tecrl2b
tekt2,tekt2
tex15,tex15
thpo,thpo
tlr2,tlr2
tlr20.3,tlr20.3
tmem232,tmem232
tradv14.0,tradv14.0
traj4,traj4
trdc,trdc
trpc6b,trpc6b
v2rh32,v2rh32
vtg2,vtg2
vwc2,vwc2
wnt1,wnt1
wnt6a,wnt6a
wwox,wwox
xkr6a,xkr6a
ypel2a,ypel2a
zbtb7c,zbtb7c
zgc:153317,zgc153317
zgc:158701,zgc158701
zgc:162941,zgc162941
zgc:171750,zgc171750
zgc:172091,zgc172091
zgc:172133,zgc172133
zgc:198329,zgc198329
zmp:0000001020,zmp0000001020
zmp:0000001103,zmp0000001103
zmp:0000001268,zmp0000001268
znf1072,znf1072
znf1082,znf1082
znf1106,znf1106
znf1115,znf1115
znf1126,znf1126
znf972,znf972
znf998,znf998
zp3d.2,zp3d.2
AL590151.2,AL590151.2
AL845320.2,AL845320.2
AL928824.3,AL928824.3
AL928977.1,AL928977.1
AL929192.2,AL929192.2
AL929217.1,AL929217.1
AL935044.1,AL935044.1
AL935128.1,AL935128.1
AL935183.1,AL935183.1
AL935186.8,AL935186.8
AL953896.1,AL953896.1
AL954317.1,AL954317.1
BX004768.1,BX004768.1
BX004771.1,BX004771.1
BX005073.1,BX005073.1
BX005313.1,BX005313.1
BX005313.2,BX005313.2
BX005372.1,BX005372.1
BX005399.1,BX005399.1
BX005417.3,BX005417.3
BX088644.1,BX088644.1
BX247899.1,BX247899.1
BX248113.1,BX248113.1
BX255963.2,BX255963.2
BX293559.1,BX293559.1
BX321870.2,BX321870.2
BX322631.1,BX322631.1
BX324212.2,BX324212.2
BX324227.1,BX324227.1
BX465862.3,BX465862.3
BX469918.1,BX469918.1
BX470224.1,BX470224.1
BX511111.2,BX511111.2
BX530407.2,BX530407.2
BX544876.2,BX544876.2
BX546503.1,BX546503.1
BX547930.2,BX547930.2
BX548044.2,BX548044.2
BX548044.6,BX548044.6
BX548059.1,BX548059.1
BX548073.2,BX548073.2
BX548173.1,BX548173.1
BX571724.1,BX571724.1
BX572620.1,BX572620.1
BX649324.1,BX649324.1
BX649337.2,BX649337.2
BX649349.1,BX649349.1
BX649416.3,BX649416.3
BX890543.1,BX890543.1
BX901907.1,BX901907.1
BX901907.4,BX901907.4
BX908386.2,BX908386.2
BX908782.1,BX908782.1
BX914211.1,BX914211.1
BX927181.3,BX927181.3
BX927192.1,BX927192.1
BX927282.2,BX927282.2
BX927336.2,BX927336.2
BX936342.1,BX936342.1
BX950184.1,BX950184.1
BX957228.1,BX957228.1
BX957231.1,BX957231.1
BX957252.2,BX957252.2
BX957258.1,BX957258.1
BX957297.3,BX957297.3
CABZ01000634.1,CABZ01000634.1
CABZ01019904.1,CABZ01019904.1
CABZ01033394.1,CABZ01033394.1
CABZ01034691.1,CABZ01034691.1
CABZ01044099.1,CABZ01044099.1
CABZ01059407.1,CABZ01059407.1
CABZ01065423.1,CABZ01065423.1
CABZ01067973.1,CABZ01067973.1
CABZ01072815.1,CABZ01072815.1
CABZ01084225.1,CABZ01084225.1
CABZ01084566.1,CABZ01084566.1
CABZ01086139.1,CABZ01086139.1
CABZ01109480.1,CABZ01109480.1
CABZ01112050.1,CABZ01112050.1
CCKBR,CCKBR
CR361551.4,CR361551.4
CR382294.1,CR382294.1
CR388079.3,CR388079.3
CR388164.2,CR388164.2
CR388189.1,CR388189.1
CR388421.1,CR388421.1
CR405710.2,CR405710.2
CR450777.1,CR450777.1
CR550302.1,CR550302.1
CR589874.1,CR589874.1
CR589875.2,CR589875.2
CR626907.2,CR626907.2
CR735104.1,CR735104.1
CR753844.1,CR753844.1
CR759833.1,CR759833.1
CR759845.3,CR759845.3
CR788316.4,CR788316.4
CR792453.2,CR792453.2
CR848736.1,CR848736.1
CR848759.1,CR848759.1
CR848791.2,CR848791.2
CR925713.1,CR925713.1
CR927215.1,CR927215.1
CR931802.2,CR931802.2
CR954226.1,CR954226.1
CT009597.1,CT009597.1
CT025745.1,CT025745.1
CT027611.1,CT027611.1
CT027801.1,CT027801.1
CT573476.2,CT573476.2
CT574549.1,CT574549.1
CT583625.1,CT583625.1
CU024870.3,CU024870.3
CU138515.1,CU138515.1
CU459155.1,CU459155.1
CU467043.1,CU467043.1
CU469531.1,CU469531.1
CU469568.2,CU469568.2
CU469584.1,CU469584.1
CU570800.1,CU570800.1
CU571091.1,CU571091.1
CU633823.1,CU633823.1
CU633838.1,CU633838.1
CU638693.1,CU638693.1
CU638714.1,CU638714.1
CU682811.1,CU682811.1
CU694317.1,CU694317.1
CU914144.1,CU914144.1
CU929054.1,CU929054.1
CU972454.1,CU972454.1
FO704607.1,FO704607.1
FO818722.1,FO818722.1
FO904873.1,FO904873.1
FP015823.1,FP015823.1
FP016142.6,FP016142.6
FP102122.1,FP102122.1
LO017974.1,LO017974.1
LO018568.2,LO018568.2
SAMD5,SAMD5
SPINK2,SPINK2
abcg4a,abcg4a
adgre14,adgre14
adra2a,adra2a
agtr1b,agtr1b
ahsg2,ahsg2
arsib,arsib
avpr1aa,avpr1aa
b3gnt2a,b3gnt2a
ccdc17,ccdc17
cdk5r1a,cdk5r1a
clic3,clic3
cluhb,cluhb
crp6,crp6
crygm2e,crygm2e
cx36.7,cx36.7
dharma,dharma
drd1a,drd1a
dre-mir-130c-1,dre-mir-130c-1
dre-mir-181a-2,dre-mir-181a-2
dre-mir-31,dre-mir-31
dre-mir-375-2,dre-mir-375-2
dusp13a,dusp13a
ehd2a,ehd2a
epx,epx
fam19a5l,fam19a5l
fam78aa,fam78aa
fank1,fank1
fgf20a,fgf20a
fgf7,fgf7
fgf9,fgf9
fndc7rs2,fndc7rs2
ftr19,ftr19
gja8a,gja8a
gpr184,gpr184
gpr78b,gpr78b
grapb,grapb
grem2a,grem2a
grm3,grm3
grpr,grpr
ifng1-2,ifng1-2
igfbp6a,igfbp6a
igl4v10,igl4v10
il2rga,il2rga
impg2a,impg2a
irge1,irge1
itk,itk
kcng2,kcng2
kcnh2a,kcnh2a
lingo4a,lingo4a
loxl3a,loxl3a
ly6m3,ly6m3
mcoln2,mcoln2
mir199-3a,mir199-3a
mir214a,mir214a
mkxb,mkxb
mmp17a,mmp17a
mnx2a,mnx2a
mtnr1c,mtnr1c
myo1hb,myo1hb
nitr4a,nitr4a
nlrc8,nlrc8
oit3,oit3
olfcg1,olfcg1
olfcg8,olfcg8
olfcg9,olfcg9
opn4a,opn4a
or103-1,or103-1
or106-2,or106-2
or106-7,or106-7
or111-10,or111-10
or115-12,or115-12
or115-7,or115-7
or132-1,or132-1
or132-2,or132-2
or132-4,or132-4
ovch2,ovch2
oxgr1b,oxgr1b
parp11,parp11
pcdh2aa1,pcdh2aa1
pcdh2aa15,pcdh2aa15
pcgf5a,pcgf5a
pdzph1,pdzph1
pex11a,pex11a
pimr123,pimr123
pla2g1b,pla2g1b
plac8.2,plac8.2
plat,plat
prf1.3,prf1.3
prlh2,prlh2
rab11fip5a,rab11fip5a
rac1l,rac1l
rad9b,rad9b
sh3bp2,sh3bp2
si:ch1073-220m6.1,sich1073220m6.1
si:ch1073-67j19.1,sich107367j19.1
si:ch1073-67j19.2,sich107367j19.2
si:ch211-105f12.2,sich211105f12.2
si:ch211-106j21.4,sich211106j21.4
si:ch211-113j13.2,sich211113j13.2
si:ch211-120g10.1,sich211120g10.1
si:ch211-127b6.2,sich211127b6.2
si:ch211-132e22.4,sich211132e22.4
si:ch211-133l5.4,sich211133l5.4
si:ch211-133n4.10,sich211133n4.10
si:ch211-145o7.3,sich211145o7.3
si:ch211-149k12.3,sich211149k12.3
si:ch211-155o21.4,sich211155o21.4
si:ch211-156p11.1,sich211156p11.1
si:ch211-158m24.12,sich211158m24.12
si:ch211-160d20.5,sich211160d20.5
si:ch211-160o17.6,sich211160o17.6
si:ch211-171h4.5,sich211171h4.5
si:ch211-194g2.4,sich211194g2.4
si:ch211-198e20.10,sich211198e20.10
si:ch211-1f22.2,sich2111f22.2
si:ch211-202h22.9,sich211202h22.9
si:ch211-207b24.4,sich211207b24.4
si:ch211-207g17.3,sich211207g17.3
si:ch211-209n20.3,sich211209n20.3
si:ch211-214k5.3,sich211214k5.3
si:ch211-214p13.8,sich211214p13.8
si:ch211-215p11.1,sich211215p11.1
si:ch211-218h8.1,sich211218h8.1
si:ch211-22d5.2,sich21122d5.2
si:ch211-24o10.6,sich21124o10.6
si:ch211-254c8.3,sich211254c8.3
si:ch211-256e16.11,sich211256e16.11
si:ch211-262i1.4,sich211262i1.4
si:ch211-266k2.1,sich211266k2.1
si:ch211-281k19.2,sich211281k19.2
si:ch211-287n14.3,sich211287n14.3
si:ch211-38m6.7,sich21138m6.7
si:ch211-66c13.1,sich21166c13.1
si:ch211-8c17.4,sich2118c17.4
si:ch73-186j5.2,sich73186j5.2
si:ch73-223p23.2,sich73223p23.2
si:ch73-362m14.2,sich73362m14.2
si:ch73-57f22.2,sich7357f22.2
si:dkey-125e8.1,sidkey125e8.1
si:dkey-14o18.2,sidkey14o18.2
si:dkey-163f12.10,sidkey163f12.10
si:dkey-179k24.5,sidkey179k24.5
si:dkey-18a10.3,sidkey18a10.3
si:dkey-19a16.5,sidkey19a16.5
si:dkey-207m2.4,sidkey207m2.4
si:dkey-211g8.7,sidkey211g8.7
si:dkey-21e2.15,sidkey21e2.15
si:dkey-21e2.16,sidkey21e2.16
si:dkey-224e22.2,sidkey224e22.2
si:dkey-240n22.3,sidkey240n22.3
si:dkey-246e3.4,sidkey246e3.4
si:dkey-266f7.4,sidkey266f7.4
si:dkey-267j14.7,sidkey267j14.7
si:dkey-269p2.1,sidkey269p2.1
si:dkey-26i13.3,sidkey26i13.3
si:dkey-27m7.4,sidkey27m7.4
si:dkey-283j8.1,sidkey283j8.1
si:dkey-28d5.10,sidkey28d5.10
si:dkey-29p23.2,sidkey29p23.2
si:dkey-33m11.7,sidkey33m11.7
si:dkey-42l23.5,sidkey42l23.5
si:dkey-76k16.5,sidkey76k16.5
si:dkey-77f5.10,sidkey77f5.10
si:dkey-77f5.6,sidkey77f5.6
si:dkey-78l4.13,sidkey78l4.13
si:dkey-78l4.2,sidkey78l4.2
si:dkey-80c24.1,sidkey80c24.1
si:dkey-80c24.5,sidkey80c24.5
si:dkey-82k12.13,sidkey82k12.13
si:dkey-83f18.11,sidkey83f18.11
si:dkey-88n24.5,sidkey88n24.5
si:dkeyp-104f11.9,sidkeyp104f11.9
si:dkeyp-115d7.2,sidkeyp115d7.2
si:dkeyp-19e1.4,sidkeyp19e1.4
si:dkeyp-34f6.4,sidkeyp34f6.4
si:dkeyp-77c8.4,sidkeyp77c8.4
si:dkeyp-79b7.3,sidkeyp79b7.3
si:dkeyp-80d11.10,sidkeyp80d11.10
si:dkeyp-80d11.12,sidkeyp80d11.12
si:rp71-17i16.4,sirp7117i16.4
si:rp71-1f1.6,sirp711f1.6
slc18a2,slc18a2
slc25a13,slc25a13
slc25a24l,slc25a24l
slc35f2l,slc35f2l
slco1f2,slco1f2
st6galnac4,st6galnac4
stac,stac
thbd,thbd
tmem119a,tmem119a
tmod1,tmod1
trim35-30,trim35-30
trpc2a,trpc2a
txk,txk
uts2a,uts2a
vopp1,vopp1
vtg7,vtg7
wdr20a,wdr20a
wnt7ab,wnt7ab
wu:fd46c06,wufd46c06
ypel2b,ypel2b
zgc:113293,zgc113293
zgc:162592,zgc162592
zgc:171470,zgc171470
zgc:171711,zgc171711
znf1000,znf1000
znf1122,znf1122
znf1125,znf1125
znf1159,znf1159
znf970,znf970
zpld1b,zpld1b
BX005351.1,BX005351.1
BX284666.3,BX284666.3
BX927253.3,BX927253.3
CABZ01080434.1,CABZ01080434.1
CR383672.1,CR383672.1
CR936300.2,CR936300.2
CU179758.1,CU179758.1
CU657980.1,CU657980.1
CU929237.1,CU929237.1
cnnm4a,cnnm4a
kcnj1a.6,kcnj1a.6
kcnk1a,kcnk1a
mhc1uba,mhc1uba
neto2b,neto2b
p2rx7,p2rx7
si:ch1073-181h11.4,sich1073181h11.4
si:ch211-191j22.8,sich211191j22.8
si:ch211-261n11.8,sich211261n11.8
si:ch73-70k4.1,sich7370k4.1
si:dkey-71b5.3,sidkey71b5.3
slc22a5,slc22a5
zgc:174222,zgc174222
zgc:195050,zgc195050
AL590146.1,AL590146.1
AL928845.1,AL928845.1
AL928951.1,AL928951.1
AL929058.1,AL929058.1
AL935174.5,AL935174.5
AL954666.1,AL954666.1
B3GNT10,B3GNT10
BX000438.1,BX000438.1
BX000447.1,BX000447.1
BX000701.2,BX000701.2
BX004857.1,BX004857.1
BX005328.1,BX005328.1
BX005484.1,BX005484.1
BX088696.2,BX088696.2
BX119909.1,BX119909.1
BX248089.1,BX248089.1
BX255908.1,BX255908.1
BX294100.2,BX294100.2
BX294113.1,BX294113.1
BX294129.1,BX294129.1
BX321875.3,BX321875.3
BX323076.1,BX323076.1
BX323076.2,BX323076.2
BX323556.1,BX323556.1
BX323596.2,BX323596.2
BX324007.2,BX324007.2
BX324132.3,BX324132.3
BX465848.1,BX465848.1
BX470224.2,BX470224.2
BX511034.2,BX511034.2
BX511079.1,BX511079.1
BX511084.1,BX511084.1
BX511100.5,BX511100.5
BX511120.1,BX511120.1
BX539307.2,BX539307.2
BX539313.2,BX539313.2
BX548011.3,BX548011.3
BX571705.1,BX571705.1
BX572077.2,BX572077.2
BX640398.1,BX640398.1
BX649300.3,BX649300.3
BX649398.1,BX649398.1
BX649516.1,BX649516.1
BX664742.2,BX664742.2
BX842692.1,BX842692.1
BX890562.1,BX890562.1
BX890572.1,BX890572.1
BX901942.1,BX901942.1
BX908796.7,BX908796.7
BX927243.1,BX927243.1
BX927365.1,BX927365.1
BX936393.1,BX936393.1
BX950188.2,BX950188.2
BX950217.1,BX950217.1
BX957326.1,BX957326.1
CABZ01002188.1,CABZ01002188.1
CABZ01002349.1,CABZ01002349.1
CABZ01003056.1,CABZ01003056.1
CABZ01013771.1,CABZ01013771.1
CABZ01046427.2,CABZ01046427.2
CABZ01065328.1,CABZ01065328.1
CABZ01068248.1,CABZ01068248.1
CABZ01069184.1,CABZ01069184.1
CABZ01071972.1,CABZ01071972.1
CABZ01073795.1,CABZ01073795.1
CABZ01079005.1,CABZ01079005.1
CABZ01079262.1,CABZ01079262.1
CABZ01088036.1,CABZ01088036.1
CABZ01102147.1,CABZ01102147.1
CABZ01103860.1,CABZ01103860.1
CR293502.1,CR293502.1
CR352253.1,CR352253.1
CR352265.1,CR352265.1
CR352292.1,CR352292.1
CR354430.2,CR354430.2
CR354537.1,CR354537.1
CR354547.3,CR354547.3
CR382337.2,CR382337.2
CR382385.1,CR382385.1
CR383662.4,CR383662.4
CR388184.2,CR388184.2
CR391925.1,CR391925.1
CR392003.1,CR392003.1
CR392363.1,CR392363.1
CR407590.2,CR407590.2
CR450748.1,CR450748.1
CR450785.1,CR450785.1
CR513782.1,CR513782.1
CR555293.1,CR555293.1
CR626866.1,CR626866.1
CR626884.1,CR626884.1
CR626887.1,CR626887.1
CR677513.1,CR677513.1
CR759810.1,CR759810.1
CR762395.1,CR762395.1
CR762407.1,CR762407.1
CR769772.4,CR769772.4
CR786578.2,CR786578.2
CR788236.1,CR788236.1
CR790362.1,CR790362.1
CR855311.4,CR855311.4
CR855379.2,CR855379.2
CR855393.1,CR855393.1
CR925763.1,CR925763.1
CR925777.1,CR925777.1
CR926469.1,CR926469.1
CR927050.2,CR927050.2
CT027582.1,CT027582.1
CT027772.1,CT027772.1
CT573344.2,CT573344.2
CT573429.2,CT573429.2
CT583650.1,CT583650.1
CU179702.2,CU179702.2
CU207311.1,CU207311.1
CU469539.1,CU469539.1
CU539054.1,CU539054.1
CU571254.1,CU571254.1
CU633855.1,CU633855.1
CU633857.1,CU633857.1
CU695199.1,CU695199.1
CU855854.1,CU855854.1
CU929339.1,CU929339.1
CU972454.2,CU972454.2
DMPK,DMPK
FO704673.1,FO704673.1
FO704771.1,FO704771.1
FO818699.1,FO818699.1
FO904880.1,FO904880.1
FO904898.4,FO904898.4
FP015862.4,FP015862.4
FP015866.1,FP015866.1
FP102309.1,FP102309.1
FP325112.2,FP325112.2
FP325124.1,FP325124.1
FQ311879.1,FQ311879.1
GNG4,GNG4
GPR62,GPR62
LO018020.1,LO018020.1
LO018029.2,LO018029.2
LO018493.2,LO018493.2
RF00599,RF00599
SHISAL2A,SHISAL2A
abhd6b,abhd6b
adgrg7.2,adgrg7.2
adipoqa,adipoqa
avpr2ab,avpr2ab
best2,best2
btr30,btr30
c1qtnf7,c1qtnf7
cabz01093075.1,cabz01093075.1
ccr7,ccr7
cd4-2.2,cd4-2.2
chrna10a,chrna10a
cnr2,cnr2
crp,crp
cuzd1.1,cuzd1.1
dcst2,dcst2
dre-mir-15a-1,dre-mir-15a-1
ednrbb,ednrbb
eif3bb,eif3bb
f13a1a.1,f13a1a.1
fabp1a,fabp1a
ftr38,ftr38
gabra2a,gabra2a
gpa33,gpa33
gpc6b,gpc6b
gpr4,gpr4
grm6a,grm6a
htr2aa,htr2aa
ifit14,ifit14
ighv5-1,ighv5-1
ighz,ighz
il2rb,il2rb
ipmka,ipmka
kbtbd7,kbtbd7
kcna7,kcna7
kcng3,kcng3
kcns3b,kcns3b
klhl10a,klhl10a
klhl10b.1,klhl10b.1
lgi2b,lgi2b
lgi3,lgi3
lpar5b,lpar5b
ly6m6,ly6m6
meiob,meiob
mhc1lga,mhc1lga
mitfb,mitfb
mmp20b,mmp20b
mpp4a,mpp4a
mrap2b,mrap2b
myo3b,myo3b
ndufs1,ndufs1
neu3.4,neu3.4
neu3.5,neu3.5
npffr2b,npffr2b
npy2rl,npy2rl
oatx,oatx
olfcg7,olfcg7
or106-4,or106-4
or132-3,or132-3
or137-3,or137-3
ostn,ostn
oxtrl,oxtrl
pcdh2ac,pcdh2ac
pcsk9,pcsk9
pimr128,pimr128
pimr183,pimr183
pimr192,pimr192
pimr68,pimr68
pomcb,pomcb
prl2,prl2
rab25b,rab25b
ren,ren
senp6b,senp6b
serpina7,serpina7
si:cabz01030277.1,sicabz01030277.1
si:ch1073-15f12.3,sich107315f12.3
si:ch1073-166e24.4,sich1073166e24.4
si:ch1073-214b20.2,sich1073214b20.2
si:ch1073-75f15.2,sich107375f15.2
si:ch211-117c9.2,sich211117c9.2
si:ch211-12p12.2,sich21112p12.2
si:ch211-132g1.1,sich211132g1.1
si:ch211-152f22.4,sich211152f22.4
si:ch211-165b10.3,sich211165b10.3
si:ch211-167j6.5,sich211167j6.5
si:ch211-171h4.3,sich211171h4.3
si:ch211-198b3.4,sich211198b3.4
si:ch211-205a14.1,sich211205a14.1
si:ch211-212k18.15,sich211212k18.15
si:ch211-221n20.1,sich211221n20.1
si:ch211-222k6.2,sich211222k6.2
si:ch211-223g7.6,sich211223g7.6
si:ch211-238e22.7,sich211238e22.7
si:ch211-240b21.2,sich211240b21.2
si:ch211-243g6.3,sich211243g6.3
si:ch211-250e5.2,sich211250e5.2
si:ch211-263k4.2,sich211263k4.2
si:ch211-269k10.4,sich211269k10.4
si:ch211-284e13.12,sich211284e13.12
si:ch211-66i15.5,sich21166i15.5
si:ch211-67f13.7,sich21167f13.7
si:ch211-67f24.7,sich21167f24.7
si:ch211-76m11.3,sich21176m11.3
si:ch211-95j8.3,sich21195j8.3
si:ch211-9d9.7,sich2119d9.7
si:ch73-132k15.2,sich73132k15.2
si:ch73-309g22.1,sich73309g22.1
si:dkey-11o15.5,sidkey11o15.5
si:dkey-14o6.1,sidkey14o6.1
si:dkey-165b20.3,sidkey165b20.3
si:dkey-175m17.6,sidkey175m17.6
si:dkey-191c17.2,sidkey191c17.2
si:dkey-1b17.2,sidkey1b17.2
si:dkey-208m12.2,sidkey208m12.2
si:dkey-20i20.15,sidkey20i20.15
si:dkey-211g8.1,sidkey211g8.1
si:dkey-217f16.6,sidkey217f16.6
si:dkey-22h13.3,sidkey22h13.3
si:dkey-238g7.1,sidkey238g7.1
si:dkey-245p14.4,sidkey245p14.4
si:dkey-24p1.1,sidkey24p1.1
si:dkey-266f7.9,sidkey266f7.9
si:dkey-269o24.1,sidkey269o24.1
si:dkey-27d5.9,sidkey27d5.9
si:dkey-27n6.1,sidkey27n6.1
si:dkey-284p5.3,sidkey284p5.3
si:dkey-29m1.2,sidkey29m1.2
si:dkey-32n7.8,sidkey32n7.8
si:dkey-3n22.9,sidkey3n22.9
si:dkey-4j21.2,sidkey4j21.2
si:dkey-74h17.3,sidkey74h17.3
si:dkey-79f11.5,sidkey79f11.5
si:dkey-83f18.15,sidkey83f18.15
si:dkey-85k15.11,sidkey85k15.11
si:dkey-9i23.5,sidkey9i23.5
si:dkeyp-100h4.1,sidkeyp100h4.1
si:dkeyp-32g11.8,sidkeyp32g11.8
si:dkeyp-73g8.5,sidkeyp73g8.5
si:dkeyp-85d8.5,sidkeyp85d8.5
si:dkeyp-93h6.1,sidkeyp93h6.1
si:rp71-23d18.8,sirp7123d18.8
slc13a5b,slc13a5b
slc22a7b.3,slc22a7b.3
slc34a2a,slc34a2a
slco1f3,slco1f3
sstr2b,sstr2b
taar14l,taar14l
taar20q,taar20q
taar20r,taar20r
tas1r2.1,tas1r2.1
timm17b,timm17b
tmem86a,tmem86a
tmprss12,tmprss12
ttc16,ttc16
valopb,valopb
vtg6,vtg6
zbtb47b,zbtb47b
zgc:123284,zgc123284
zgc:153846,zgc153846
zgc:171310,zgc171310
zgc:171500,zgc171500
zgc:174314,zgc174314
zgc:174698,zgc174698
zgc:194242,zgc194242
zgc:194990,zgc194990
zgc:195077,zgc195077
zgc:66483,zgc66483
zmp:0000000608,zmp0000000608
zmp:0000000912,zmp0000000912
zmp:0000001138,zmp0000001138
znf1107,znf1107
znf1150,znf1150
znf1166,znf1166
AL928650.3,AL928650.3
AL928650.4,AL928650.4
AL928875.1,AL928875.1
AL929220.1,AL929220.1
AL929520.1,AL929520.1
AL953867.1,AL953867.1
AL954672.1,AL954672.1
AL954697.1,AL954697.1
BX000363.2,BX000363.2
BX000696.1,BX000696.1
BX004785.2,BX004785.2
BX004964.1,BX004964.1
BX005462.2,BX005462.2
BX088583.1,BX088583.1
BX247870.2,BX247870.2
BX276096.1,BX276096.1
BX294163.1,BX294163.1
BX322608.1,BX322608.1
BX323459.3,BX323459.3
BX323555.1,BX323555.1
BX323855.2,BX323855.2
BX465864.1,BX465864.1
BX470254.1,BX470254.1
BX511034.8,BX511034.8
BX511265.2,BX511265.2
BX537137.1,BX537137.1
BX571757.1,BX571757.1
BX571794.3,BX571794.3
BX571825.5,BX571825.5
BX572077.1,BX572077.1
BX649356.1,BX649356.1
BX663606.1,BX663606.1
BX842700.1,BX842700.1
BX842701.1,BX842701.1
BX914214.1,BX914214.1
BX927349.1,BX927349.1
BX936391.1,BX936391.1
BX957252.1,BX957252.1
CABZ01008730.1,CABZ01008730.1
CABZ01024856.1,CABZ01024856.1
CABZ01040999.1,CABZ01040999.1
CABZ01042594.1,CABZ01042594.1
CABZ01046996.1,CABZ01046996.1
CABZ01090726.1,CABZ01090726.1
CABZ01092907.1,CABZ01092907.1
CABZ01102201.1,CABZ01102201.1
CR354372.1,CR354372.1
CR381700.1,CR381700.1
CR385026.2,CR385026.2
CR388178.1,CR388178.1
CR388378.1,CR388378.1
CR391915.1,CR391915.1
CR392001.1,CR392001.1
CR450740.1,CR450740.1
CR457444.2,CR457444.2
CR457445.1,CR457445.1
CR545469.1,CR545469.1
CR589875.1,CR589875.1
CR628410.1,CR628410.1
CR749167.2,CR749167.2
CR759878.1,CR759878.1
CR762400.1,CR762400.1
CR774179.5,CR774179.5
CR788311.1,CR788311.1
CR792417.1,CR792417.1
CR792422.1,CR792422.1
CR792454.1,CR792454.1
CR847571.2,CR847571.2
CR847898.2,CR847898.2
CR847983.2,CR847983.2
CR848715.1,CR848715.1
CR855277.1,CR855277.1
CR925723.3,CR925723.3
CR925755.2,CR925755.2
CT573139.1,CT573139.1
CT573316.3,CT573316.3
CT583690.1,CT583690.1
CU137680.2,CU137680.2
CU138542.1,CU138542.1
CU182823.4,CU182823.4
CU207311.2,CU207311.2
CU234171.1,CU234171.1
CU570972.1,CU570972.1
CU595864.1,CU595864.1
CU633486.1,CU633486.1
FO834825.2,FO834825.2
FP003590.3,FP003590.3
FP016005.2,FP016005.2
FP016213.1,FP016213.1
FP085398.2,FP085398.2
FP101875.1,FP101875.1
FP236327.1,FP236327.1
FP236809.1,FP236809.1
GPR45,GPR45
INHBE,INHBE
LO017725.1,LO017725.1
LO018597.1,LO018597.1
RF00070,RF00070
RF00397,RF00397
RF00424,RF00424
RF00566,RF00566
acyp2,acyp2
agtr1a,agtr1a
ahr1a,ahr1a
arhgef15,arhgef15
ccdc172,ccdc172
cdh30,cdh30
cnn1a,cnn1a
cntnap1,cntnap1
cx31.7,cx31.7
cx34.5,cx34.5
cxcl11.1,cxcl11.1
cxcr5,cxcr5
cyp2y3,cyp2y3
dicp1.3-4,dicp1.3-4
drd4b,drd4b
dre-mir-103,dre-mir-103
dre-mir-19b,dre-mir-19b
dre-mir-2184,dre-mir-2184
dre-mir-222a,dre-mir-222a
dre-mir-29b-2,dre-mir-29b-2
dre-mir-731,dre-mir-731
dusp3b,dusp3b
fam124b,fam124b
ftr42,ftr42
ftr66,ftr66
ftr69,ftr69
gdf9,gdf9
gig2h,gig2h
gig2l,gig2l
gip,gip
gpr6,gpr6
gstk2,gstk2
guca1d,guca1d
hbaa2,hbaa2
hoxb1a,hoxb1a
hsd17b1,hsd17b1
htr1b,htr1b
ifit12,ifit12
ihhb,ihhb
il6,il6
izumo1,izumo1
kcnh5b,kcnh5b
kcnk3b,kcnk3b
lct,lct
lgals8b,lgals8b
lhb,lhb
lrrc3,lrrc3
mcf2b,mcf2b
mep1b,mep1b
myadml2,myadml2
nkl.3,nkl.3
olfcg2,olfcg2
olfch1,olfch1
oprm1,oprm1
or108-1,or108-1
or110-1,or110-1
or115-9,or115-9
or123-1,or123-1
or125-4,or125-4
or128-4,or128-4
pimr117,pimr117
pimr135,pimr135
pimr56,pimr56
plppr2b,plppr2b
prok2,prok2
pthlhb,pthlhb
pxnb,pxnb
rxfp2b,rxfp2b
rxfp3,rxfp3
si:cabz01021067.1,sicabz01021067.1
si:ch1073-228j22.2,sich1073228j22.2
si:ch211-106g8.62,sich211106g8.62
si:ch211-139l2.1,sich211139l2.1
si:ch211-142c4.1,sich211142c4.1
si:ch211-161f7.2,sich211161f7.2
si:ch211-162i8.7,sich211162i8.7
si:ch211-165f21.2,sich211165f21.2
si:ch211-171h4.7,sich211171h4.7
si:ch211-176g13.8,sich211176g13.8
si:ch211-189a21.1,sich211189a21.1
si:ch211-198o12.4,sich211198o12.4
si:ch211-202c21.7,sich211202c21.7
si:ch211-212k5.3,sich211212k5.3
si:ch211-218m3.16,sich211218m3.16
si:ch211-255f4.9,sich211255f4.9
si:ch73-329n5.3,sich73329n5.3
si:ch73-59p9.2,sich7359p9.2
si:ch73-62b13.1,sich7362b13.1
si:ch73-68b22.2,sich7368b22.2
si:dkey-170g13.2,sidkey170g13.2
si:dkey-187j14.8,sidkey187j14.8
si:dkey-199f5.6,sidkey199f5.6
si:dkey-1c7.1,sidkey1c7.1
si:dkey-21h14.15,sidkey21h14.15
si:dkey-220k22.3,sidkey220k22.3
si:dkey-228l14.1,sidkey228l14.1
si:dkey-23f9.13,sidkey23f9.13
si:dkey-242h9.5,sidkey242h9.5
si:dkey-24f15.2,sidkey24f15.2
si:dkey-259j3.5,sidkey259j3.5
si:dkey-29b11.3,sidkey29b11.3
si:dkey-47k20.2,sidkey47k20.2
si:dkey-47k20.3,sidkey47k20.3
si:dkey-56m15.3,sidkey56m15.3
si:dkey-58f10.14,sidkey58f10.14
si:dkey-65b13.1,sidkey65b13.1
si:dkey-7i4.11,sidkey7i4.11
si:dkey-8e10.3,sidkey8e10.3
si:dkey-92j16.2,sidkey92j16.2
si:dkey-98j1.5,sidkey98j1.5
si:dkey-9p24.5,sidkey9p24.5
si:dkeyp-6a3.1,sidkeyp6a3.1
si:dkeyp-75b4.10,sidkeyp75b4.10
si:dkeyp-75b4.8,sidkeyp75b4.8
si:dkeyp-98a7.8,sidkeyp98a7.8
si:rp71-45g20.11,sirp7145g20.11
si:rp71-81e14.2,sirp7181e14.2
si:rp71-84d9.1,sirp7184d9.1
stag3,stag3
taar12f,taar12f
taar14j,taar14j
taar20p,taar20p
tbx19,tbx19
timp4.2,timp4.2
tlr9,tlr9
tnni1a,tnni1a
ugt2b5,ugt2b5
ungb,ungb
upk3b,upk3b
v2ra1,v2ra1
v2rx4,v2rx4
vcam1a,vcam1a
vtg3,vtg3
vtg5,vtg5
zgc:113984,zgc113984
zgc:153659,zgc153659
zgc:153921,zgc153921
zmp:0000000650,zmp0000000650
zmp:0000001289,zmp0000001289
znf1081,znf1081
zp2l2,zp2l2
AL645691.2,AL645691.2
AL845295.1,AL845295.1
AL928927.1,AL928927.1
AL954698.2,AL954698.2
APCDD1,APCDD1
BX004770.1,BX004770.1
BX005103.1,BX005103.1
BX005361.1,BX005361.1
BX072554.2,BX072554.2
BX088535.1,BX088535.1
BX248410.1,BX248410.1
BX279523.2,BX279523.2
BX279525.1,BX279525.1
BX322657.1,BX322657.1
BX323797.4,BX323797.4
BX323994.2,BX323994.2
BX324233.1,BX324233.1
BX465205.1,BX465205.1
BX470247.1,BX470247.1
BX510324.2,BX510324.2
BX510938.2,BX510938.2
BX537109.1,BX537109.1
BX548011.2,BX548011.2
BX569788.1,BX569788.1
BX571694.1,BX571694.1
BX571762.1,BX571762.1
BX571827.1,BX571827.1
BX649350.1,BX649350.1
BX908726.1,BX908726.1
BX927257.1,BX927257.1
BX957236.1,BX957236.1
BX957274.1,BX957274.1
BX957361.2,BX957361.2
CABZ01012957.1,CABZ01012957.1
CABZ01021532.1,CABZ01021532.1
CABZ01039304.1,CABZ01039304.1
CABZ01043826.1,CABZ01043826.1
CABZ01043955.1,CABZ01043955.1
CABZ01048453.1,CABZ01048453.1
CABZ01050238.1,CABZ01050238.1
CABZ01057159.1,CABZ01057159.1
CABZ01079302.1,CABZ01079302.1
CABZ01086835.1,CABZ01086835.1
CR356222.1,CR356222.1
CR376848.1,CR376848.1
CR381664.1,CR381664.1
CR391977.1,CR391977.1
CR392026.1,CR392026.1
CR394555.1,CR394555.1
CR559930.2,CR559930.2
CR788254.1,CR788254.1
CR848723.1,CR848723.1
CR854927.2,CR854927.2
CR855318.1,CR855318.1
CR925863.1,CR925863.1
CR927456.1,CR927456.1
CT025875.1,CT025875.1
CT476811.1,CT476811.1
CT573793.2,CT573793.2
CT573793.3,CT573793.3
CT583625.2,CT583625.2
CT737182.1,CT737182.1
CT737227.1,CT737227.1
CU013534.1,CU013534.1
CU019562.2,CU019562.2
CU207281.4,CU207281.4
CU468164.1,CU468164.1
CU655870.1,CU655870.1
FO704858.1,FO704858.1
FO904898.2,FO904898.2
FP016018.2,FP016018.2
FP243382.1,FP243382.1
FQ377934.1,FQ377934.1
LO017848.1,LO017848.1
LO018238.1,LO018238.1
LO018513.1,LO018513.1
LO018568.1,LO018568.1
RF00137,RF00137
adgre16,adgre16
adgrg7.1,adgrg7.1
adh8a,adh8a
adora2ab,adora2ab
adra1aa,adra1aa
b4galnt2.1,b4galnt2.1
bdkrb1,bdkrb1
bmf1,bmf1
chrm5b,chrm5b
chrna4a,chrna4a
cnn1b,cnn1b
cpo,cpo
cyp2k22,cyp2k22
defbl2,defbl2
dre-mir-143-1,dre-mir-143-1
dre-mir-459,dre-mir-459
dre-mir-7a-2,dre-mir-7a-2
fam169b,fam169b
fgf5,fgf5
fn3krp,fn3krp
ftr26,ftr26
ftr91,ftr91
gabrr1,gabrr1
gpr18,gpr18
htr3b,htr3b
il1rapl2,il1rapl2
kcnj1a.3,kcnj1a.3
kcnk12l,kcnk12l
kctd16a,kctd16a
mhc1lla,mhc1lla
or109-11,or109-11
or125-3,or125-3
p2rx8,p2rx8
pimr46,pimr46
pimr63,pimr63
prf1.7,prf1.7
prkg2,prkg2
rh50,rh50
rhcgb,rhcgb
si:ch1073-204b8.1,sich1073204b8.1
si:ch1073-394i4.1,sich1073394i4.1
si:ch211-111e20.1,sich211111e20.1
si:ch211-112g6.4,sich211112g6.4
si:ch211-113d11.6,sich211113d11.6
si:ch211-11c3.12,sich21111c3.12
si:ch211-135n15.3,sich211135n15.3
si:ch211-197l9.5,sich211197l9.5
si:ch211-215e19.6,sich211215e19.6
si:ch211-221n20.4,sich211221n20.4
si:ch211-231i17.4,sich211231i17.4
si:ch211-234h8.7,sich211234h8.7
si:ch211-236k19.2,sich211236k19.2
si:ch211-246n15.2,sich211246n15.2
si:ch73-138e16.5,sich73138e16.5
si:ch73-359m17.8,sich73359m17.8
si:ch73-90k17.1,sich7390k17.1
si:dkey-111e8.4,sidkey111e8.4
si:dkey-121h17.7,sidkey121h17.7
si:dkey-16b10.1,sidkey16b10.1
si:dkey-179k24.2,sidkey179k24.2
si:dkey-191j3.2,sidkey191j3.2
si:dkey-21e2.11,sidkey21e2.11
si:dkey-23i12.9,sidkey23i12.9
si:dkey-26i13.5,sidkey26i13.5
si:dkey-275b16.2,sidkey275b16.2
si:dkey-29d5.1,sidkey29d5.1
si:dkey-40g16.5,sidkey40g16.5
si:dkey-65b12.10,sidkey65b12.10
si:dkey-71l4.3,sidkey71l4.3
si:dkey-79f11.8,sidkey79f11.8
si:dkey-7f3.14,sidkey7f3.14
si:dkey-7j22.4,sidkey7j22.4
sod3a,sod3a
spsb3b,spsb3b
sstr2a,sstr2a
taar13d,taar13d
taar19n,taar19n
taar20c,taar20c
tas1r2.2,tas1r2.2
tas2r200.2,tas2r200.2
tex26,tex26
tnfsf13,tnfsf13
traj10,traj10
traj3,traj3
vwa11,vwa11
wfikkn2b,wfikkn2b
zgc:158445,zgc158445
zgc:165583,zgc165583
zgc:175136,zgc175136
zgc:55888,zgc55888
znf1049,znf1049
znf1139,znf1139
znf1165,znf1165
znf1172,znf1172
znf1180,znf1180
znf996,znf996
AL627305.1,AL627305.1
AL929229.1,AL929229.1
AL929305.1,AL929305.1
AL935198.1,AL935198.1
AL935300.2,AL935300.2
AL954741.1,AL954741.1
BX004976.1,BX004976.1
BX085193.1,BX085193.1
BX248399.1,BX248399.1
BX323022.1,BX323022.1
BX465836.2,BX465836.2
BX511093.1,BX511093.1
BX511250.1,BX511250.1
BX537104.1,BX537104.1
BX537288.3,BX537288.3
BX544877.1,BX544877.1
BX569798.1,BX569798.1
BX601648.1,BX601648.1
BX640512.3,BX640512.3
BX649331.1,BX649331.1
BX649421.1,BX649421.1
BX649508.2,BX649508.2
BX649608.1,BX649608.1
BX664742.1,BX664742.1
BX901883.4,BX901883.4
BX936298.2,BX936298.2
BX957252.3,BX957252.3
CABZ01056052.1,CABZ01056052.1
CABZ01073197.1,CABZ01073197.1
CABZ01102578.1,CABZ01102578.1
CABZ01118270.1,CABZ01118270.1
CR339041.2,CR339041.2
CR382337.3,CR382337.3
CR385077.1,CR385077.1
CR388157.1,CR388157.1
CR388165.1,CR388165.1
CR391910.1,CR391910.1
CR392341.1,CR392341.1
CR450780.2,CR450780.2
CR450813.1,CR450813.1
CR524827.1,CR524827.1
CR626887.3,CR626887.3
CR759845.2,CR759845.2
CR847850.1,CR847850.1
CR847899.2,CR847899.2
CR848025.2,CR848025.2
CR854965.1,CR854965.1
CR925761.2,CR925761.2
CR925879.1,CR925879.1
CR933017.1,CR933017.1
CT027623.1,CT027623.1
CT033790.1,CT033790.1
CT573163.1,CT573163.1
CT573247.1,CT573247.1
CT583727.1,CT583727.1
CU019647.1,CU019647.1
CU182823.3,CU182823.3
CU462878.2,CU462878.2
CU633999.1,CU633999.1
CU694256.1,CU694256.1
CU694807.1,CU694807.1
CU695011.1,CU695011.1
CU856621.1,CU856621.1
CU896602.4,CU896602.4
CU896691.3,CU896691.3
CU927920.1,CU927920.1
CU929426.1,CU929426.1
CXCL11,CXCL11
DCHS2,DCHS2
FO904898.5,FO904898.5
FP236735.1,FP236735.1
FP325358.1,FP325358.1
FQ377628.2,FQ377628.2
LO017843.1,LO017843.1
LO018231.1,LO018231.1
LO018564.1,LO018564.1
MAJIN,MAJIN
RAB37,RAB37
RF00088,RF00088
RF00158,RF00158
RF00263,RF00263
abcc6b.1,abcc6b.1
cbln6,cbln6
cbln9,cbln9
ccdc36,ccdc36
ccr6b,ccr6b
cmpk2,cmpk2
dre-let-7a-5,dre-let-7a-5
dre-mir-128-1,dre-mir-128-1
dre-mir-146a,dre-mir-146a
dre-mir-146b,dre-mir-146b
dre-mir-23a-2,dre-mir-23a-2
fndc5a,fndc5a
gltpb,gltpb
gpbar1,gpbar1
gtf2f2b,gtf2f2b
gucy1b2,gucy1b2
igic1s1,igic1s1
il21r.2,il21r.2
il26,il26
irgf1,irgf1
kcnj12b,kcnj12b
lrrc18b,lrrc18b
lrrc38a,lrrc38a
mpp7b,mpp7b
mxtx1,mxtx1
nitr8,nitr8
or104-1,or104-1
or109-1,or109-1
or125-6,or125-6
or133-1,or133-1
oxtr,oxtr
pimr109,pimr109
pimr132,pimr132
qrfpra,qrfpra
si:ch211-114c12.5,sich211114c12.5
si:ch211-125c23.3,sich211125c23.3
si:ch211-133n4.9,sich211133n4.9
si:ch211-149e23.4,sich211149e23.4
si:ch211-162i14.1,sich211162i14.1
si:ch211-209a2.2,sich211209a2.2
si:ch211-215e19.8,sich211215e19.8
si:ch211-217k17.11,sich211217k17.11
si:ch211-220f21.3,sich211220f21.3
si:ch211-232d10.1,sich211232d10.1
si:ch211-232p21.6,sich211232p21.6
si:ch211-240l19.8,sich211240l19.8
si:ch211-268b14.2,sich211268b14.2
si:ch211-271g18.4,sich211271g18.4
si:ch211-274k16.2,sich211274k16.2
si:ch211-283l16.1,sich211283l16.1
si:ch211-42i6.2,sich21142i6.2
si:ch211-71m22.5,sich21171m22.5
si:ch73-343g19.4,sich73343g19.4
si:ch73-380l3.3,sich73380l3.3
si:ch73-46n24.1,sich7346n24.1
si:ch73-94k4.2,sich7394k4.2
si:dkey-112e17.1,sidkey112e17.1
si:dkey-157e10.6,sidkey157e10.6
si:dkey-163m14.10,sidkey163m14.10
si:dkey-211g8.9,sidkey211g8.9
si:dkey-22p6.2,sidkey22p6.2
si:dkey-233e3.3,sidkey233e3.3
si:dkey-27p18.7,sidkey27p18.7
si:dkey-41c6.3,sidkey41c6.3
si:dkey-44g17.6,sidkey44g17.6
si:dkey-7e14.3,sidkey7e14.3
si:dkeyp-107f9.1,sidkeyp107f9.1
si:dkeyp-107f9.4,sidkeyp107f9.4
si:dkeyp-4f2.3,sidkeyp4f2.3
si:dkeyp-82h4.3,sidkeyp82h4.3
soul5l,soul5l
svopb,svopb
taar10d,taar10d
taar16g,taar16g
taar20i,taar20i
tas1r1,tas1r1
timm23b,timm23b
tmem187,tmem187
tradv23.3.8,tradv23.3.8
wisp1a,wisp1a
wnt3a,wnt3a
zgc:101806,zgc101806
zgc:113424,zgc113424
zgc:175177,zgc175177
zgc:194443,zgc194443
zmp:0000001161,zmp0000001161
znf1029,znf1029
znf1033,znf1033
znf1097,znf1097
znf1127,znf1127
znf414,znf414
AL928808.1,AL928808.1
AL929276.2,AL929276.2
AL929315.1,AL929315.1
AL935300.3,AL935300.3
ANKRD66,ANKRD66
BX005275.1,BX005275.1
BX005355.1,BX005355.1
BX005461.1,BX005461.1
BX088524.2,BX088524.2
BX247946.1,BX247946.1
BX248238.2,BX248238.2
BX255896.1,BX255896.1
BX255898.1,BX255898.1
BX255920.1,BX255920.1
BX276105.3,BX276105.3
BX294375.1,BX294375.1
BX321886.1,BX321886.1
BX323797.2,BX323797.2
BX323875.1,BX323875.1
BX510922.4,BX510922.4
BX537115.1,BX537115.1
BX545856.2,BX545856.2
BX548044.3,BX548044.3
BX569779.1,BX569779.1
BX571839.1,BX571839.1
BX572078.1,BX572078.1
BX640537.1,BX640537.1
BX649388.1,BX649388.1
BX649434.2,BX649434.2
BX666065.2,BX666065.2
BX842687.1,BX842687.1
BX908780.5,BX908780.5
BX914205.1,BX914205.1
BX927193.2,BX927193.2
BX927234.1,BX927234.1
BX927317.2,BX927317.2
CABZ01024659.1,CABZ01024659.1
CABZ01039096.1,CABZ01039096.1
CABZ01071061.1,CABZ01071061.1
CABZ01074470.1,CABZ01074470.1
CABZ01081830.2,CABZ01081830.2
CABZ01083546.1,CABZ01083546.1
CR318647.1,CR318647.1
CR376730.1,CR376730.1
CR376776.1,CR376776.1
CR376785.1,CR376785.1
CR381686.2,CR381686.2
CR383668.1,CR383668.1
CR383672.2,CR383672.2
CR392341.3,CR392341.3
CR392347.1,CR392347.1
CR450787.1,CR450787.1
CR513785.1,CR513785.1
CR626882.2,CR626882.2
CR626907.1,CR626907.1
CR769772.2,CR769772.2
CR774192.1,CR774192.1
CR790377.1,CR790377.1
CR790382.1,CR790382.1
CR848840.1,CR848840.1
CR854907.1,CR854907.1
CR936249.1,CR936249.1
CT009487.2,CT009487.2
CT030031.1,CT030031.1
CT573157.1,CT573157.1
CT573799.2,CT573799.2
CT998556.1,CT998556.1
CU041345.1,CU041345.1
CU137717.1,CU137717.1
CU326364.1,CU326364.1
CU467633.1,CU467633.1
CU550714.1,CU550714.1
CU633478.1,CU633478.1
CU682780.1,CU682780.1
CU929317.1,CU929317.1
CZQB01146713.1,CZQB01146713.1
FO834823.1,FO834823.1
FP015862.1,FP015862.1
FP016208.1,FP016208.1
FP102888.2,FP102888.2
FP236356.1,FP236356.1
HERC5,HERC5
LT631676.1,LT631676.1
RF00428,RF00428
TMEM236,TMEM236
abi3bpa,abi3bpa
btr19,btr19
ccl34b.9,ccl34b.9
dre-mir-216a,dre-mir-216a
dre-mir-30e-2,dre-mir-30e-2
dsela,dsela
ferd3l,ferd3l
gpr101,gpr101
hmx3b,hmx3b
ifit8,ifit8
igl1c3,igl1c3
il12rb2,il12rb2
il17a/f2,il17af2
kbtbd13,kbtbd13
kcnj8,kcnj8
mep1a.2,mep1a.2
mfsd11,mfsd11
ndufa4l2b,ndufa4l2b
nitr6a,nitr6a
nitr7a,nitr7a
odam,odam
opn7a,opn7a
or111-5,or111-5
or128-6,or128-6
or137-8,or137-8
pimr152,pimr152
pimr180,pimr180
pimr48,pimr48
si:ch1073-188e1.1,sich1073188e1.1
si:ch211-113e8.5,sich211113e8.5
si:ch211-114l13.9,sich211114l13.9
si:ch211-119o8.6,sich211119o8.6
si:ch211-14a11.1,sich21114a11.1
si:ch211-152p23.2,sich211152p23.2
si:ch211-184m13.4,sich211184m13.4
si:ch211-195b13.6,sich211195b13.6
si:ch211-203b20.4,sich211203b20.4
si:ch211-215j19.12,sich211215j19.12
si:ch211-219a15.3,sich211219a15.3
si:ch211-256e16.6,sich211256e16.6
si:ch211-282j17.1,sich211282j17.1
si:ch73-173p19.2,sich73173p19.2
si:ch73-236c18.5,sich73236c18.5
si:ch73-256j6.4,sich73256j6.4
si:dkey-13e3.1,sidkey13e3.1
si:dkey-16m19.1,sidkey16m19.1
si:dkey-222h21.3,sidkey222h21.3
si:dkey-27d5.10,sidkey27d5.10
si:dkey-285e18.5,sidkey285e18.5
si:dkeyp-122a9.2,sidkeyp122a9.2
si:dkeyp-52c3.5,sidkeyp52c3.5
si:dkeyp-70f9.7,sidkeyp70f9.7
si:zfos-451d2.2,sizfos451d2.2
slc1a8b,slc1a8b
sycn.3,sycn.3
taar12j,taar12j
tmtops3b,tmtops3b
tradv24.0.1,tradv24.0.1
v2rh9,v2rh9
xk,xk
zgc:173856,zgc173856
zgc:174259,zgc174259
znf1027,znf1027
znf1034,znf1034
znf1098,znf1098
AL831726.1,AL831726.1
AL929182.1,AL929182.1
AL929210.1,AL929210.1
AL953894.1,AL953894.1
BX000534.1,BX000534.1
BX005174.1,BX005174.1
BX005329.2,BX005329.2
BX072570.1,BX072570.1
BX284640.1,BX284640.1
BX294181.2,BX294181.2
BX294661.2,BX294661.2
BX323060.3,BX323060.3
BX324007.1,BX324007.1
BX511077.1,BX511077.1
BX537130.1,BX537130.1
BX545856.1,BX545856.1
BX546499.1,BX546499.1
BX548011.1,BX548011.1
BX548011.4,BX548011.4
BX649448.1,BX649448.1
BX649641.3,BX649641.3
BX663520.1,BX663520.1
BX927407.1,BX927407.1
BX950194.1,BX950194.1
CABZ01011673.1,CABZ01011673.1
CABZ01074994.1,CABZ01074994.1
CR384085.1,CR384085.1
CR385086.1,CR385086.1
CR388363.1,CR388363.1
CR394552.1,CR394552.1
CR457444.1,CR457444.1
CR457444.4,CR457444.4
CR556708.1,CR556708.1
CR556709.1,CR556709.1
CR626874.1,CR626874.1
CR774179.3,CR774179.3
CR786582.1,CR786582.1
CR788230.2,CR788230.2
CT025588.1,CT025588.1
CT573133.1,CT573133.1
CT867973.2,CT867973.2
CU184832.1,CU184832.1
CU207281.2,CU207281.2
CU468002.1,CU468002.1
CU652528.1,CU652528.1
CU694264.1,CU694264.1
CU914811.1,CU914811.1
CU915775.1,CU915775.1
CU929073.1,CU929073.1
FO680692.1,FO680692.1
FP085399.1,FP085399.1
FP236157.2,FP236157.2
FP326649.2,FP326649.2
LO018205.2,LO018205.2
RF00186,RF00186
ccdc162,ccdc162
crtac1b,crtac1b
crygs4,crygs4
cuzd1.2,cuzd1.2
dre-mir-141,dre-mir-141
dre-mir-181b-2,dre-mir-181b-2
dre-mir-200c,dre-mir-200c
dre-mir-26b,dre-mir-26b
ftr04,ftr04
hsd11b1lb,hsd11b1lb
jak3,jak3
or128-7,or128-7
pimr177,pimr177
rassf9,rassf9
rnf182,rnf182
rph3aa,rph3aa
si:busm1-228j01.6,sibusm1228j01.6
si:ch211-130h14.4,sich211130h14.4
si:ch211-167j6.3,sich211167j6.3
si:ch211-198m1.1,sich211198m1.1
si:ch211-207e19.2,sich211207e19.2
si:ch211-229g14.3,sich211229g14.3
si:ch211-247l8.8,sich211247l8.8
si:ch211-256e16.4,sich211256e16.4
si:ch211-272b8.7,sich211272b8.7
si:ch73-166o21.1,sich73166o21.1
si:ch73-236c18.3,sich73236c18.3
si:ch73-236c18.7,sich73236c18.7
si:ch73-379f7.4,sich73379f7.4
si:ch73-380l3.5,sich73380l3.5
si:dkey-14o6.8,sidkey14o6.8
si:dkey-199f5.7,sidkey199f5.7
si:dkey-211g8.6,sidkey211g8.6
si:dkey-222h21.1,sidkey222h21.1
si:dkey-222h21.6,sidkey222h21.6
si:dkey-23f9.12,sidkey23f9.12
si:dkey-27j5.7,sidkey27j5.7
si:dkey-47k20.5,sidkey47k20.5
si:dkey-58f10.13,sidkey58f10.13
si:dkey-7i4.23,sidkey7i4.23
si:dkey-8o9.2,sidkey8o9.2
si:dkeyp-82a1.1,sidkeyp82a1.1
si:dkeyp-93a5.2,sidkeyp93a5.2
si:zfos-754c12.2,sizfos754c12.2
taar19h,taar19h
tmem163a,tmem163a
tradv2.0.1,tradv2.0.1
trim35-34,trim35-34
v2ra17,v2ra17
zgc:110348,zgc110348
zgc:123321,zgc123321
zmp:0000000937,zmp0000000937
AL929321.1,AL929321.1
BX001030.2,BX001030.2
BX119963.3,BX119963.3
BX296562.2,BX296562.2
BX324153.1,BX324153.1
BX470218.1,BX470218.1
BX511227.2,BX511227.2
BX571768.1,BX571768.1
BX601646.1,BX601646.1
BX897729.1,BX897729.1
BX908386.3,BX908386.3
BX927336.3,BX927336.3
BX936303.1,BX936303.1
CABZ01064441.1,CABZ01064441.1
CABZ01087953.1,CABZ01087953.1
CABZ01109058.1,CABZ01109058.1
CR376797.1,CR376797.1
CR381673.2,CR381673.2
CR396590.3,CR396590.3
CR513782.2,CR513782.2
CR792437.1,CR792437.1
CR846090.1,CR846090.1
CR855375.2,CR855375.2
CR974461.1,CR974461.1
CT025695.1,CT025695.1
CT030012.1,CT030012.1
CU463231.1,CU463231.1
CU655829.1,CU655829.1
CU855758.1,CU855758.1
CU915778.1,CU915778.1
CU928063.1,CU928063.1
FP016012.1,FP016012.1
FP236157.1,FP236157.1
LO017682.1,LO017682.1
LO018205.1,LO018205.1
LO018585.1,LO018585.1
TC2N,TC2N
adora2b,adora2b
arg1,arg1
bdh2,bdh2
ccr10,ccr10
cfhl3,cfhl3
cplx3a,cplx3a
csgalnact1b,csgalnact1b
diras1b,diras1b
dnah9,dnah9
dre-mir-202,dre-mir-202
echdc3,echdc3
fgf6a,fgf6a
ftr05,ftr05
ftr25,ftr25
ftr36,ftr36
ghsrb,ghsrb
gpr26,gpr26
hapln2,hapln2
hcrtr2,hcrtr2
hmgcll1,hmgcll1
hsd3b2,hsd3b2
mc2r,mc2r
nanos2,nanos2
npy8ar,npy8ar
or124-1,or124-1
p2ry8,p2ry8
pimr200,pimr200
psmb13a,psmb13a
ptger1b,ptger1b
sftpba,sftpba
si:ch211-105n15.1,sich211105n15.1
si:ch211-106k21.5,sich211106k21.5
si:ch211-147m20.3,sich211147m20.3
si:ch211-149b19.4,sich211149b19.4
si:ch211-190k17.19,sich211190k17.19
si:ch211-238e22.8,sich211238e22.8
si:ch211-253p18.5,sich211253p18.5
si:ch211-255f4.13,sich211255f4.13
si:ch211-263l8.1,sich211263l8.1
si:ch73-41e3.7,sich7341e3.7
si:ch73-44m9.3,sich7344m9.3
si:dkey-102f14.7,sidkey102f14.7
si:dkey-103k4.1,sidkey103k4.1
si:dkey-151m22.8,sidkey151m22.8
si:dkey-157l19.2,sidkey157l19.2
si:dkey-21e2.3,sidkey21e2.3
si:dkey-234i14.9,sidkey234i14.9
si:dkey-26i13.7,sidkey26i13.7
si:dkey-27l15.1,sidkey27l15.1
si:dkey-31n13.4,sidkey31n13.4
si:dkey-32n7.7,sidkey32n7.7
si:dkey-56m15.8,sidkey56m15.8
si:dkey-71p21.13,sidkey71p21.13
si:dkey-79c1.1,sidkey79c1.1
si:dkeyp-3f10.12,sidkeyp3f10.12
si:dkeyp-82b4.3,sidkeyp82b4.3
si:dkeyp-92c9.2,sidkeyp92c9.2
si:dkeyp-98a7.4,sidkeyp98a7.4
slc16a5b,slc16a5b
snpha,snpha
tlr22,tlr22
tmem144b,tmem144b
traj11,traj11
zgc:153968,zgc153968
zgc:171695,zgc171695
znf1037,znf1037
znf1062,znf1062
AL928685.1,AL928685.1
AL929192.1,AL929192.1
AL929396.1,AL929396.1
BX005124.1,BX005124.1
BX294387.1,BX294387.1
BX470137.1,BX470137.1
BX510324.1,BX510324.1
BX511187.1,BX511187.1
BX511231.1,BX511231.1
BX539332.2,BX539332.2
BX546453.1,BX546453.1
BX547992.2,BX547992.2
BX548044.1,BX548044.1
BX571681.2,BX571681.2
BX640465.1,BX640465.1
BX649313.1,BX649313.1
BX666064.1,BX666064.1
BX842699.1,BX842699.1
BX901907.2,BX901907.2
BX908795.4,BX908795.4
BX927369.1,BX927369.1
BX936317.1,BX936317.1
BX957279.1,BX957279.1
CABZ01007816.1,CABZ01007816.1
CABZ01018874.2,CABZ01018874.2
CABZ01041495.1,CABZ01041495.1
CABZ01056051.1,CABZ01056051.1
CABZ01067557.1,CABZ01067557.1
CABZ01083815.1,CABZ01083815.1
CABZ01088484.1,CABZ01088484.1
CABZ01111555.1,CABZ01111555.1
CR352209.1,CR352209.1
CR352226.3,CR352226.3
CR382325.1,CR382325.1
CR387984.1,CR387984.1
CR391991.5,CR391991.5
CR392335.1,CR392335.1
CR513782.3,CR513782.3
CR626887.2,CR626887.2
CR788254.2,CR788254.2
CR847523.1,CR847523.1
CR925803.1,CR925803.1
CT025650.1,CT025650.1
CT583626.1,CT583626.1
CT737184.1,CT737184.1
CT955996.1,CT955996.1
CT990567.2,CT990567.2
CU041319.3,CU041319.3
CU459174.1,CU459174.1
CU464134.2,CU464134.2
CU856621.2,CU856621.2
CU929133.1,CU929133.1
FO681314.1,FO681314.1
FP009765.1,FP009765.1
FP085399.4,FP085399.4
FP236331.1,FP236331.1
FP236551.1,FP236551.1
FP236810.1,FP236810.1
FP340292.1,FP340292.1
acot22,acot22
avpr2l,avpr2l
cd79b,cd79b
clca5.2,clca5.2
dnajb9a,dnajb9a
f13b,f13b
ft2,ft2
htr6,htr6
kcnq4,kcnq4
lrrc3cb,lrrc3cb
mblac2,mblac2
meox2b,meox2b
mir140,mir140
mir223,mir223
mir99-2,mir99-2
ms4a17a.17,ms4a17a.17
olfcq19,olfcq19
ovgp1,ovgp1
pimr202,pimr202
pimr84,pimr84
si:ch1073-75o15.4,sich107375o15.4
si:ch211-160b11.4,sich211160b11.4
si:ch211-180m24.3,sich211180m24.3
si:ch211-220f16.1,sich211220f16.1
si:ch211-229c8.14,sich211229c8.14
si:ch211-284e13.11,sich211284e13.11
si:ch211-286b5.4,sich211286b5.4
si:ch73-106l15.4,sich73106l15.4
si:ch73-109d9.4,sich73109d9.4
si:ch73-379j16.2,sich73379j16.2
si:dkey-22n8.2,sidkey22n8.2
si:dkey-23f9.8,sidkey23f9.8
si:dkey-242g16.2,sidkey242g16.2
si:dkey-245f22.3,sidkey245f22.3
si:dkey-31j3.11,sidkey31j3.11
si:dkey-78l4.10,sidkey78l4.10
si:dkeyp-106c3.3,sidkeyp106c3.3
si:dkeyp-4c7.3,sidkeyp4c7.3
si:dkeyp-53e4.2,sidkeyp53e4.2
slco1f1,slco1f1
taar20a,taar20a
ttc34,ttc34
v2rh13,v2rh13
v2rh14,v2rh14
xkr5a,xkr5a
zgc:153642,zgc153642
zgc:174193,zgc174193
znf1018,znf1018
znf1023,znf1023
znf1064,znf1064
znf1100,znf1100
AL954361.1,AL954361.1
BX004840.2,BX004840.2
BX088594.1,BX088594.1
BX247877.1,BX247877.1
BX248510.12,BX248510.12
BX255915.2,BX255915.2
BX276102.1,BX276102.1
BX284696.1,BX284696.1
BX294110.2,BX294110.2
BX322577.1,BX322577.1
BX323800.1,BX323800.1
BX465205.2,BX465205.2
BX465225.1,BX465225.1
BX470183.1,BX470183.1
BX548045.1,BX548045.1
BX571954.3,BX571954.3
BX649377.1,BX649377.1
BX649499.2,BX649499.2
BX649641.1,BX649641.1
BX664625.5,BX664625.5
BX784025.1,BX784025.1
BX842669.1,BX842669.1
BX890602.1,BX890602.1
BX897720.1,BX897720.1
BX908796.1,BX908796.1
BX927082.2,BX927082.2
BX927300.1,BX927300.1
BX957355.1,BX957355.1
CABZ01001434.2,CABZ01001434.2
CABZ01055707.1,CABZ01055707.1
CABZ01060492.1,CABZ01060492.1
CABZ01066611.1,CABZ01066611.1
CR352226.4,CR352226.4
CR354395.1,CR354395.1
CR376774.1,CR376774.1
CR388190.1,CR388190.1
CR545465.2,CR545465.2
CR847844.1,CR847844.1
CR854942.1,CR854942.1
CR855206.1,CR855206.1
CR925709.1,CR925709.1
CR926464.1,CR926464.1
CT027583.2,CT027583.2
CT027609.1,CT027609.1
CT027676.1,CT027676.1
CT030160.1,CT030160.1
CU464087.1,CU464087.1
CU639436.1,CU639436.1
CU657980.2,CU657980.2
CU694442.1,CU694442.1
CU862020.1,CU862020.1
CU929458.1,CU929458.1
CU993818.1,CU993818.1
FO834825.3,FO834825.3
FP015866.2,FP015866.2
GPR68,GPR68
abcg8,abcg8
ackr4a,ackr4a
arf2b,arf2b
ccl33.2,ccl33.2
cplx4b,cplx4b
dre-mir-200b,dre-mir-200b
dre-mir-23a-1,dre-mir-23a-1
ftr12,ftr12
ftr70,ftr70
galr2a,galr2a
guca1g,guca1g
ighd,ighd
kcnk18,kcnk18
lrriq3,lrriq3
nitr1b,nitr1b
nptx2b,nptx2b
or102-3,or102-3
or118-1,or118-1
or128-9,or128-9
pimr204,pimr204
pimr77,pimr77
pimr89,pimr89
pkd1l2b,pkd1l2b
psmb11a,psmb11a
si:ch1073-144j5.2,sich1073144j5.2
si:ch211-114l13.3,sich211114l13.3
si:ch211-117i20.2,sich211117i20.2
si:ch211-137j23.8,sich211137j23.8
si:ch211-1f22.16,sich2111f22.16
si:ch211-213b8.4,sich211213b8.4
si:ch211-213d14.1,sich211213d14.1
si:ch211-233f11.5,sich211233f11.5
si:ch211-57m13.7,sich21157m13.7
si:ch73-171o20.1,sich73171o20.1
si:ch73-177h5.2,sich73177h5.2
si:ch73-334d15.2,sich73334d15.2
si:ch73-44m9.1,sich7344m9.1
si:dkey-12f6.5,sidkey12f6.5
si:dkey-16b10.2,sidkey16b10.2
si:dkey-238j22.1,sidkey238j22.1
si:dkey-68l7.2,sidkey68l7.2
si:dkey-79f11.9,sidkey79f11.9
si:dkey-93n13.3,sidkey93n13.3
si:dkey-9a6.4,sidkey9a6.4
socs1b,socs1b
taar10b,taar10b
taar19c,taar19c
taar19g,taar19g
tgm8,tgm8
tradv10.0.2,tradv10.0.2
tradv19.0,tradv19.0
zgc:158427,zgc158427
zmp:0000000984,zmp0000000984
znf1132,znf1132
BX088547.1,BX088547.1
BX119902.1,BX119902.1
BX649641.4,BX649641.4
BX784029.5,BX784029.5
BX901918.2,BX901918.2
BX936397.1,BX936397.1
CR383669.1,CR383669.1
CR533578.1,CR533578.1
CR749163.2,CR749163.2
CR759885.1,CR759885.1
CU468012.1,CU468012.1
CU469568.5,CU469568.5
aqp4,aqp4
cldnj,cldnj
rnasel4,rnasel4
si:ch211-250m6.2,sich211250m6.2
si:ch73-105b23.1,sich73105b23.1
si:ch73-144d13.8,sich73144d13.8
si:dkey-11o1.2,sidkey11o1.2
si:dkey-125e8.5,sidkey125e8.5
si:dkeyp-122a9.1,sidkeyp122a9.1
taar10c,taar10c
zgc:194906,zgc194906
zhx2b,zhx2b
AL845369.1,AL845369.1
AL929523.1,AL929523.1
AL954655.1,AL954655.1
BX005419.1,BX005419.1
BX088596.2,BX088596.2
BX323060.1,BX323060.1
BX323458.2,BX323458.2
BX469908.1,BX469908.1
BX539307.3,BX539307.3
BX569783.1,BX569783.1
BX649471.2,BX649471.2
BX649485.3,BX649485.3
BX649608.2,BX649608.2
BX842702.1,BX842702.1
BX914220.1,BX914220.1
BX957361.1,BX957361.1
C12orf75,C12orf75
CR352329.1,CR352329.1
CR388172.1,CR388172.1
CR450827.3,CR450827.3
CR589941.1,CR589941.1
CR762390.1,CR762390.1
CR786566.1,CR786566.1
CR933839.1,CR933839.1
CT033825.1,CT033825.1
CU075735.2,CU075735.2
CU179759.2,CU179759.2
CU914156.1,CU914156.1
FP340257.2,FP340257.2
FP565432.1,FP565432.1
LO018106.1,LO018106.1
LO018260.2,LO018260.2
alox5b.1,alox5b.1
btr22,btr22
ca12,ca12
ccl34b.3,ccl34b.3
ch25hl1.2,ch25hl1.2
chrm3b,chrm3b
clec3bb,clec3bb
cnga5,cnga5
fndc4a,fndc4a
ftr99,ftr99
klhl10b.2,klhl10b.2
olfcg3,olfcg3
olfcg5,olfcg5
or106-3,or106-3
or115-6,or115-6
or118-3,or118-3
or133-3,or133-3
pimr142,pimr142
pimr57,pimr57
sat2a,sat2a
scxb,scxb
si:ch211-132b12.6,sich211132b12.6
si:ch211-152f2.2,sich211152f2.2
si:ch211-197g15.8,sich211197g15.8
si:ch211-250k18.5,sich211250k18.5
si:ch211-251g8.5,sich211251g8.5
si:ch211-282j17.10,sich211282j17.10
si:ch211-53m15.2,sich21153m15.2
si:ch73-338d8.5,sich73338d8.5
si:dkey-125e8.3,sidkey125e8.3
si:dkey-14o6.4,sidkey14o6.4
si:dkey-156k2.7,sidkey156k2.7
si:dkey-188i13.8,sidkey188i13.8
si:dkey-211g8.8,sidkey211g8.8
si:dkey-27d5.5,sidkey27d5.5
si:dkeyp-107f9.2,sidkeyp107f9.2
si:dkeyp-4h4.1,sidkeyp4h4.1
si:dkeyp-85h7.1,sidkeyp85h7.1
slc26a3.1,slc26a3.1
slc2a9l1,slc2a9l1
taar19p,taar19p
tcf23,tcf23
traj56,traj56
v2rh1,v2rh1
vtg4,vtg4
znf1092,znf1092
AL954137.2,AL954137.2
BX005128.1,BX005128.1
BX323861.1,BX323861.1
BX470214.1,BX470214.1
BX511123.1,BX511123.1
BX649295.2,BX649295.2
BX664750.1,BX664750.1
BX890608.1,BX890608.1
BX908763.1,BX908763.1
CABZ01032906.1,CABZ01032906.1
CABZ01077220.1,CABZ01077220.1
CABZ01077555.1,CABZ01077555.1
CR352209.2,CR352209.2
CR381540.1,CR381540.1
CR383662.6,CR383662.6
CR388207.3,CR388207.3
CR450814.1,CR450814.1
CR545465.1,CR545465.1
CR626884.4,CR626884.4
CR749164.1,CR749164.1
CR786578.1,CR786578.1
CR854897.1,CR854897.1
CT574585.1,CT574585.1
CU463109.1,CU463109.1
CU914776.2,CU914776.2
FP067425.1,FP067425.1
LO018493.1,LO018493.1
adgrf11,adgrf11
ankrd33bb,ankrd33bb
best4,best4
ccl27b,ccl27b
cxcl32b.1,cxcl32b.1
dre-mir-24-1,dre-mir-24-1
gig2g,gig2g
gzma,gzma
ly6m7,ly6m7
or109-7,or109-7
or115-2,or115-2
or126-2,or126-2
rock2bl,rock2bl
scn4aa,scn4aa
si:ch1073-440p11.2,sich1073440p11.2
si:ch211-161m3.1,sich211161m3.1
si:ch211-187g4.1,sich211187g4.1
si:ch211-249h16.8,sich211249h16.8
si:dkey-16p19.1,sidkey16p19.1
si:dkey-201i6.8,sidkey201i6.8
si:dkey-28i19.1,sidkey28i19.1
si:dkey-40m6.14,sidkey40m6.14
si:dkey-79d12.6,sidkey79d12.6
taar12g,taar12g
tor1l1,tor1l1
v2rc2,v2rc2
xcr1b.1,xcr1b.1
AL929171.1,AL929171.1
BX004873.1,BX004873.1
BX005083.1,BX005083.1
BX005329.3,BX005329.3
BX088712.2,BX088712.2
BX255913.1,BX255913.1
BX324126.1,BX324126.1
BX470188.1,BX470188.1
BX640549.1,BX640549.1
BX855614.2,BX855614.2
CABZ01016118.1,CABZ01016118.1
CABZ01053748.1,CABZ01053748.1
CABZ01109021.1,CABZ01109021.1
CR382337.1,CR382337.1
CR392363.2,CR392363.2
CR450686.4,CR450686.4
CR450782.1,CR450782.1
CR749777.1,CR749777.1
CR812468.1,CR812468.1
CR847504.1,CR847504.1
CR854927.1,CR854927.1
CT027598.1,CT027598.1
CT573103.2,CT573103.2
CU207241.1,CU207241.1
CU459093.1,CU459093.1
CU464180.1,CU464180.1
CU469531.2,CU469531.2
CU633785.1,CU633785.1
CU633933.1,CU633933.1
SLC17A3,SLC17A3
adra2db,adra2db
dre-mir-10b-2,dre-mir-10b-2
dre-mir-22a,dre-mir-22a
dre-mir-365-2,dre-mir-365-2
gpr34b,gpr34b
insl5b,insl5b
or106-12,or106-12
or126-7,or126-7
pimr125,pimr125
pimr170,pimr170
pimr209,pimr209
pku300,pku300
si:ch1073-209h18.1,sich1073209h18.1
si:ch211-151m7.6,sich211151m7.6
si:ch211-76m11.15,sich21176m11.15
si:ch73-196i15.5,sich73196i15.5
si:ch73-264i18.2,sich73264i18.2
si:dkey-222h21.8,sidkey222h21.8
si:dkey-22l1.1,sidkey22l1.1
si:dkey-63b1.1,sidkey63b1.1
si:dkey-79f11.10,sidkey79f11.10
si:dkeyp-77c8.5,sidkeyp77c8.5
slc12a1,slc12a1
trgv2,trgv2
AL627088.1,AL627088.1
AL935184.3,AL935184.3
BX000463.1,BX000463.1
BX005445.1,BX005445.1
BX088603.1,BX088603.1
BX294113.2,BX294113.2
BX296552.1,BX296552.1
BX649282.2,BX649282.2
BX649282.3,BX649282.3
BX649431.1,BX649431.1
BX649490.1,BX649490.1
BX649559.2,BX649559.2
BX649639.1,BX649639.1
BX663611.1,BX663611.1
BX677667.2,BX677667.2
BX927130.3,BX927130.3
BX950855.1,BX950855.1
CABZ01042417.1,CABZ01042417.1
CR293508.1,CR293508.1
CR382294.2,CR382294.2
CR385078.2,CR385078.2
CR388209.1,CR388209.1
CR407561.1,CR407561.1
CR931802.4,CR931802.4
CT027631.1,CT027631.1
CT033842.1,CT033842.1
CT573003.1,CT573003.1
CT583728.4,CT583728.4
CU041346.1,CU041346.1
CU179756.1,CU179756.1
CU855711.1,CU855711.1
CU929304.1,CU929304.1
CU929307.1,CU929307.1
CU929568.2,CU929568.2
CU972454.3,CU972454.3
TM4SF19,TM4SF19
crygm6,crygm6
dlk2,dlk2
drd2l,drd2l
dre-let-7d-1,dre-let-7d-1
dre-let-7d-2,dre-let-7d-2
ftr32,ftr32
gls2a,gls2a
ighv8-2,ighv8-2
irgf3,irgf3
lgals9l5,lgals9l5
loc564481,loc564481
or102-2,or102-2
or109-5,or109-5
prf1.1,prf1.1
prr7,prr7
si:busm1-194e12.8,sibusm1194e12.8
si:cabz01009626.1,sicabz01009626.1
si:ch211-163b2.4,sich211163b2.4
si:ch211-215e19.4,sich211215e19.4
si:ch211-217k17.12,sich211217k17.12
si:ch211-225k7.3,sich211225k7.3
si:ch211-238p8.24,sich211238p8.24
si:ch211-51i16.3,sich21151i16.3
si:ch73-160i9.1,sich73160i9.1
si:dkey-117a8.3,sidkey117a8.3
si:dkey-197j19.6,sidkey197j19.6
si:dkey-3d18.5,sidkey3d18.5
si:dkey-47k20.8,sidkey47k20.8
si:dkey-83f18.10,sidkey83f18.10
si:dkey-83f18.2,sidkey83f18.2
si:dkeyp-104f11.8,sidkeyp104f11.8
si:dkeyp-46h3.5,sidkeyp46h3.5
tlr21,tlr21
tssk6,tssk6
BX004996.1,BX004996.1
BX088696.1,BX088696.1
BX088713.3,BX088713.3
BX296516.1,BX296516.1
BX321875.2,BX321875.2
BX323074.1,BX323074.1
BX324119.1,BX324119.1
BX539321.1,BX539321.1
BX640520.1,BX640520.1
BX649315.1,BX649315.1
BX664750.2,BX664750.2
BX927275.2,BX927275.2
BX957276.1,BX957276.1
BX957308.1,BX957308.1
CABZ01003344.1,CABZ01003344.1
CABZ01003476.1,CABZ01003476.1
CABZ01050398.1,CABZ01050398.1
CABZ01059406.1,CABZ01059406.1
CR394545.1,CR394545.1
CR450686.2,CR450686.2
CR786582.2,CR786582.2
CR854899.1,CR854899.1
CT025651.1,CT025651.1
CU182107.1,CU182107.1
CU457819.5,CU457819.5
CU459147.1,CU459147.1
CU464134.1,CU464134.1
CU466287.1,CU466287.1
CU861891.1,CU861891.1
CU914617.2,CU914617.2
FO904860.1,FO904860.1
FP885542.1,FP885542.1
LO018202.1,LO018202.1
crha,crha
dre-mir-125c,dre-mir-125c
ftr33,ftr33
ftr34,ftr34
ftr96,ftr96
hykk.1,hykk.1
igl4v8,igl4v8
illr2,illr2
mir196a-1,mir196a-1
or109-2,or109-2
or111-8,or111-8
or125-2,or125-2
or131-1,or131-1
paqr7a,paqr7a
pnck,pnck
si:ch211-117m20.4,sich211117m20.4
si:ch211-178j18.4,sich211178j18.4
si:ch211-208g24.8,sich211208g24.8
si:ch211-209j12.1,sich211209j12.1
si:ch211-220m17.4,sich211220m17.4
si:ch211-238e22.2,sich211238e22.2
si:ch73-54n14.2,sich7354n14.2
si:dkey-161l11.79,sidkey161l11.79
si:dkey-199f5.3,sidkey199f5.3
si:dkey-218h11.6,sidkey218h11.6
si:dkey-42l23.1,sidkey42l23.1
si:dkeyp-104b3.1,sidkeyp104b3.1
si:dkeyp-3f10.11,sidkeyp3f10.11
si:zfos-1069f5.1,sizfos1069f5.1
thrsp,thrsp
tradv15.0,tradv15.0
zgc:136302,zgc136302
zgc:153932,zgc153932
zgc:165653,zgc165653
znf985,znf985
AL953866.1,AL953866.1
AL954145.1,AL954145.1
AL954848.2,AL954848.2
BX005156.1,BX005156.1
BX322587.2,BX322587.2
BX469930.2,BX469930.2
BX530037.2,BX530037.2
BX571724.2,BX571724.2
BX784029.3,BX784029.3
BX897741.1,BX897741.1
CABZ01068208.1,CABZ01068208.1
CABZ01068209.1,CABZ01068209.1
CR356223.2,CR356223.2
CR385054.1,CR385054.1
CR385065.1,CR385065.1
CR391991.1,CR391991.1
CR547131.1,CR547131.1
CU468826.1,CU468826.1
CU861651.1,CU861651.1
FO704622.1,FO704622.1
FP236850.1,FP236850.1
TRAV14DV4,TRAV14DV4
cd40lg,cd40lg
dre-mir-23a-3,dre-mir-23a-3
dre-mir-740,dre-mir-740
epm2a,epm2a
fam8a1a,fam8a1a
ftr95,ftr95
or124-4,or124-4
si:ch211-202f3.4,sich211202f3.4
si:dkey-151g22.1,sidkey151g22.1
si:dkey-247i3.1,sidkey247i3.1
si:dkey-266f7.10,sidkey266f7.10
si:dkey-28d5.3,sidkey28d5.3
si:dkey-28d5.4,sidkey28d5.4
si:dkey-83f18.7,sidkey83f18.7
zmp:0000000606,zmp0000000606
AL954187.1,AL954187.1
BX005068.1,BX005068.1
BX255915.1,BX255915.1
BX323064.2,BX323064.2
BX323574.1,BX323574.1
BX323586.1,BX323586.1
BX323822.1,BX323822.1
BX537280.1,BX537280.1
BX539307.1,BX539307.1
BX649559.1,BX649559.1
BX927394.2,BX927394.2
BX950225.1,BX950225.1
BX957260.1,BX957260.1
CABZ01030278.1,CABZ01030278.1
CABZ01047286.1,CABZ01047286.1
CABZ01065416.1,CABZ01065416.1
CR381544.2,CR381544.2
CR388163.1,CR388163.1
CR626886.2,CR626886.2
CT030005.2,CT030005.2
CU693445.1,CU693445.1
CU929149.1,CU929149.1
CU986305.1,CU986305.1
FP085432.1,FP085432.1
FP236594.1,FP236594.1
FQ311879.2,FQ311879.2
dre-mir-27c-1,dre-mir-27c-1
dre-mir-7149,dre-mir-7149
ftr55,ftr55
gpr20,gpr20
pibf1,pibf1
pimr173,pimr173
pimr194,pimr194
pimr80,pimr80
sb:cb470,sbcb470
si:ch1073-181h11.1,sich1073181h11.1
si:ch211-203c5.3,sich211203c5.3
si:ch211-215e19.3,sich211215e19.3
si:ch211-280a23.2,sich211280a23.2
si:ch73-211l2.3,sich73211l2.3
si:ch73-27e22.7,sich7327e22.7
si:ch73-379f5.5,sich73379f5.5
si:dkey-203a12.5,sidkey203a12.5
si:dkey-263f15.2,sidkey263f15.2
si:dkey-28d5.14,sidkey28d5.14
si:dkey-47k20.7,sidkey47k20.7
si:dkey-56m15.9,sidkey56m15.9
xcr1a.1,xcr1a.1
zgc:194418,zgc194418
znf1104,znf1104
AL928657.2,AL928657.2
BX005027.2,BX005027.2
BX322587.1,BX322587.1
BX322657.4,BX322657.4
BX323876.1,BX323876.1
BX510352.1,BX510352.1
BX539332.1,BX539332.1
BX548075.2,BX548075.2
BX571813.1,BX571813.1
BX640408.1,BX640408.1
BX664721.2,BX664721.2
BX908401.2,BX908401.2
CR318589.1,CR318589.1
CR383662.7,CR383662.7
CR388042.2,CR388042.2
CR556713.1,CR556713.1
CR628341.1,CR628341.1
CR790366.3,CR790366.3
CR847984.2,CR847984.2
CT955967.1,CT955967.1
CU638693.3,CU638693.3
FP102921.2,FP102921.2
RF00325,RF00325
adgre17,adgre17
crygs3,crygs3
dre-mir-733,dre-mir-733
ggt1l2.1,ggt1l2.1
gpr132a,gpr132a
mc5rb,mc5rb
muc2.2,muc2.2
olfcd2,olfcd2
or115-13,or115-13
peak3,peak3
prf1.8,prf1.8
ptger1c,ptger1c
si:ch211-163c2.3,sich211163c2.3
si:ch73-126o18.1,sich73126o18.1
si:ch73-168d20.1,sich73168d20.1
si:ch73-184c24.1,sich73184c24.1
si:dkey-156k2.8,sidkey156k2.8
si:dkey-15f23.1,sidkey15f23.1
si:dkey-19a16.11,sidkey19a16.11
si:dkey-216e24.9,sidkey216e24.9
si:dkeyp-2e4.8,sidkeyp2e4.8
si:dkeyp-30d6.2,sidkeyp30d6.2
si:dkeyp-93a5.3,sidkeyp93a5.3
spaw,spaw
taar18d,taar18d
taar20f,taar20f
znf974,znf974
AL953903.2,AL953903.2
BX005442.1,BX005442.1
BX571786.1,BX571786.1
BX855623.1,BX855623.1
CABZ01075078.1,CABZ01075078.1
CABZ01075274.1,CABZ01075274.1
CT025913.1,CT025913.1
RF00417,RF00417
dre-mir-26a-1,dre-mir-26a-1
ftr57,ftr57
nlrb5,nlrb5
si:ch211-284e13.9,sich211284e13.9
si:ch211-37e10.1,sich21137e10.1
si:ch73-94k4.3,sich7394k4.3
si:dkey-21e2.12,sidkey21e2.12
si:dkey-234i14.12,sidkey234i14.12
si:dkey-28i19.4,sidkey28i19.4
si:dkey-40j3.3,sidkey40j3.3
si:dkey-68o6.8,sidkey68o6.8
tlr20.1,tlr20.1
BX005396.4,BX005396.4
BX248521.1,BX248521.1
BX548032.1,BX548032.1
BX569790.1,BX569790.1
BX572622.1,BX572622.1
CABZ01024848.1,CABZ01024848.1
CR388373.1,CR388373.1
CR749763.3,CR749763.3
CR936403.1,CR936403.1
CT956066.1,CT956066.1
CT990561.2,CT990561.2
CU550719.2,CU550719.2
CU693494.1,CU693494.1
CU855694.1,CU855694.1
c3a.5,c3a.5
dre-mir-375-1,dre-mir-375-1
gpr17,gpr17
ifit15,ifit15
il17a/f1,il17af1
nitr1m,nitr1m
pigrl4.2,pigrl4.2
pimr107,pimr107
rhoga,rhoga
si:ch211-122h15.4,sich211122h15.4
si:ch211-209n20.59,sich211209n20.59
si:ch211-239d6.2,sich211239d6.2
si:ch211-256e16.7,sich211256e16.7
si:dkey-23f9.9,sidkey23f9.9
si:dkeyp-104b3.2,sidkeyp104b3.2
sycn.1,sycn.1
wu:fj20b03,wufj20b03
znf1036,znf1036
znf1039,znf1039
AL928870.1,AL928870.1
AL954767.1,AL954767.1
BX005461.2,BX005461.2
BX248517.1,BX248517.1
BX465848.2,BX465848.2
BX547930.4,BX547930.4
BX571794.1,BX571794.1
BX927413.1,BX927413.1
BX957344.1,BX957344.1
CR854897.2,CR854897.2
FP236157.3,FP236157.3
dre-mir-205,dre-mir-205
hccsa.2,hccsa.2
lmod2a,lmod2a
mettl11b,mettl11b
or115-14,or115-14
pimr120,pimr120
si:ch211-209f22.3,sich211209f22.3
si:ch211-223a21.6,sich211223a21.6
si:ch211-57m13.10,sich21157m13.10
si:ch73-113g13.3,sich73113g13.3
si:dkey-163m14.4,sidkey163m14.4
si:dkey-211i20.5,sidkey211i20.5
si:dkey-237m9.2,sidkey237m9.2
si:dkey-23f9.11,sidkey23f9.11
si:dkeyp-110c12.3,sidkeyp110c12.3
znf1046,znf1046
znf1056,znf1056
AL831745.3,AL831745.3
AL845365.1,AL845365.1
AL845369.2,AL845369.2
AL929222.1,AL929222.1
BX005064.1,BX005064.1
BX005442.2,BX005442.2
BX279523.3,BX279523.3
BX293991.1,BX293991.1
BX322614.1,BX322614.1
BX510337.1,BX510337.1
BX510928.1,BX510928.1
BX511066.2,BX511066.2
BX511080.1,BX511080.1
BX530064.1,BX530064.1
BX571701.3,BX571701.3
BX649431.3,BX649431.3
BX649487.1,BX649487.1
BX681417.11,BX681417.11
BX681417.8,BX681417.8
BX936406.2,BX936406.2
CABZ01084340.1,CABZ01084340.1
CR356233.2,CR356233.2
CR381621.1,CR381621.1
CR382327.1,CR382327.1
CR391910.2,CR391910.2
CR391978.1,CR391978.1
CR392330.1,CR392330.1
CR396590.9,CR396590.9
CR450738.1,CR450738.1
CR792453.1,CR792453.1
CR846087.2,CR846087.2
CR847944.1,CR847944.1
CR853294.1,CR853294.1
CR925728.2,CR925728.2
CR925802.1,CR925802.1
CT573006.2,CT573006.2
CT573231.1,CT573231.1
CT573446.1,CT573446.1
CU929145.1,CU929145.1
FO907110.1,FO907110.1
RF00553,RF00553
adgre15,adgre15
adm2b,adm2b
cd8a,cd8a
cryaba,cryaba
crygm1,crygm1
crygs1,crygs1
cyp2k21,cyp2k21
dicp1.17,dicp1.17
enpp7.2,enpp7.2
ftr22,ftr22
gna14a,gna14a
ifng1-1,ifng1-1
il22ra2,il22ra2
lgals9l4,lgals9l4
mov10b.2,mov10b.2
nitr1i,nitr1i
nitr1k,nitr1k
nkd3l,nkd3l
nmur1b,nmur1b
or115-10,or115-10
or137-2,or137-2
pimr137,pimr137
prf1.2,prf1.2
ptprjb.2,ptprjb.2
si:busm1-228j01.4,sibusm1228j01.4
si:ch211-117c19.1,sich211117c19.1
si:ch211-125e6.14,sich211125e6.14
si:ch211-150d5.3,sich211150d5.3
si:ch211-163m17.4,sich211163m17.4
si:ch211-182p11.1,sich211182p11.1
si:ch211-186e20.2,sich211186e20.2
si:ch211-1f22.14,sich2111f22.14
si:ch211-225k7.2,sich211225k7.2
si:ch211-225k7.4,sich211225k7.4
si:ch211-225k7.6,sich211225k7.6
si:ch211-231m23.4,sich211231m23.4
si:ch211-234p6.9,sich211234p6.9
si:ch211-250m6.4,sich211250m6.4
si:ch211-282j17.3,sich211282j17.3
si:ch211-282j17.5,sich211282j17.5
si:ch211-57m13.1,sich21157m13.1
si:ch211-76m11.7,sich21176m11.7
si:ch73-106k19.5,sich73106k19.5
si:ch73-122g19.1,sich73122g19.1
si:ch73-265h17.2,sich73265h17.2
si:ch73-359m17.6,sich73359m17.6
si:ch73-380l3.2,sich73380l3.2
si:ch73-44m9.5,sich7344m9.5
si:dkey-125e8.4,sidkey125e8.4
si:dkey-161l11.75,sidkey161l11.75
si:dkey-192d15.3,sidkey192d15.3
si:dkey-201l21.4,sidkey201l21.4
si:dkey-203a12.2,sidkey203a12.2
si:dkey-203a12.3,sidkey203a12.3
si:dkey-203a12.7,sidkey203a12.7
si:dkey-203a12.8,sidkey203a12.8
si:dkey-21e2.14,sidkey21e2.14
si:dkey-238d18.8,sidkey238d18.8
si:dkey-241l7.6,sidkey241l7.6
si:dkey-26i13.6,sidkey26i13.6
si:dkey-27d5.4,sidkey27d5.4
si:dkey-28d5.1,sidkey28d5.1
si:dkey-28d5.12,sidkey28d5.12
si:dkey-28d5.8,sidkey28d5.8
si:dkey-77g12.4,sidkey77g12.4
si:dkey-78l4.7,sidkey78l4.7
si:dkey-79i2.4,sidkey79i2.4
si:dkey-81n2.2,sidkey81n2.2
si:dkey-83f18.6,sidkey83f18.6
si:dkey-83f18.8,sidkey83f18.8
si:dkey-83f18.9,sidkey83f18.9
si:dkey-85k7.10,sidkey85k7.10
si:dkeyp-75b4.9,sidkeyp75b4.9
spic,spic
ssuh2.3,ssuh2.3
taar12m,taar12m
tlr4al,tlr4al
tradv24.0.2,tradv24.0.2
trgv1,trgv1
trgv7,trgv7
trim35-22,trim35-22
ugt1b4,ugt1b4
v2ra20,v2ra20
zgc:162060,zgc162060
znf1030,znf1030
znf1089,znf1089
AL953903.3,AL953903.3
AL954320.1,AL954320.1
BX000524.2,BX000524.2
BX005129.2,BX005129.2
BX005396.1,BX005396.1
BX120006.3,BX120006.3
BX276088.1,BX276088.1
BX276117.1,BX276117.1
BX323889.1,BX323889.1
BX511067.1,BX511067.1
BX547930.1,BX547930.1
BX548078.1,BX548078.1
BX649300.2,BX649300.2
BX957346.2,BX957346.2
CR457444.5,CR457444.5
CR735121.1,CR735121.1
CR847530.2,CR847530.2
CR847944.3,CR847944.3
CR848746.1,CR848746.1
CU075735.1,CU075735.1
CU182107.2,CU182107.2
LO017791.1,LO017791.1
crygm7,crygm7
cxl34c,cxl34c
dre-mir-1388,dre-mir-1388
fam19a4a,fam19a4a
fam81b,fam81b
ftr11,ftr11
nitr13,nitr13
or137-7,or137-7
pimr133,pimr133
sc:d0202,scd0202
si:ch211-133n4.11,sich211133n4.11
si:ch211-188c18.1,sich211188c18.1
si:ch211-1f22.11,sich2111f22.11
si:ch211-212k18.13,sich211212k18.13
si:ch211-225k7.5,sich211225k7.5
si:ch211-271e10.6,sich211271e10.6
si:dkey-220o5.5,sidkey220o5.5
si:dkey-241l7.5,sidkey241l7.5
si:dkey-264f17.3,sidkey264f17.3
si:dkey-42l16.1,sidkey42l16.1
si:dkey-78l4.8,sidkey78l4.8
si:dkey-88n24.8,sidkey88n24.8
si:dkeyp-82a1.3,sidkeyp82a1.3
si:zfos-405g10.4,sizfos405g10.4
slc6a4b,slc6a4b
tradv3.0.4,tradv3.0.4
tradv31.0,tradv31.0
AL928685.3,AL928685.3
AL929586.1,AL929586.1
AL953907.1,AL953907.1
BX005283.1,BX005283.1
BX510986.1,BX510986.1
BX682557.2,BX682557.2
CR385053.2,CR385053.2
CR391995.1,CR391995.1
CR457444.3,CR457444.3
CR846087.3,CR846087.3
CR936974.1,CR936974.1
CU210845.1,CU210845.1
CU571382.4,CU571382.4
CU929203.1,CU929203.1
CU929262.1,CU929262.1
cdh28,cdh28
dre-mir-137-1,dre-mir-137-1
dre-mir-429a,dre-mir-429a
gas2l2,gas2l2
gpr171,gpr171
ly6m4,ly6m4
mtnr1al,mtnr1al
si:ch211-1a19.2,sich2111a19.2
si:ch211-226m16.3,sich211226m16.3
si:ch211-261n11.3,sich211261n11.3
si:ch211-271e10.3,sich211271e10.3
si:dkey-238o14.7,sidkey238o14.7
si:dkey-27d5.14,sidkey27d5.14
si:dkey-27j5.8,sidkey27j5.8
si:dkey-78l4.4,sidkey78l4.4
si:dkey-78o7.3,sidkey78o7.3
si:dkey-88n24.6,sidkey88n24.6
si:dkeyp-80c12.8,sidkeyp80c12.8
taar19f,taar19f
AL845419.1,AL845419.1
BX296562.1,BX296562.1
BX323807.1,BX323807.1
BX323854.2,BX323854.2
BX324194.2,BX324194.2
BX547993.2,BX547993.2
BX663525.1,BX663525.1
BX784032.1,BX784032.1
BX927082.1,BX927082.1
BX957325.1,BX957325.1
CABZ01053221.1,CABZ01053221.1
CABZ01054509.1,CABZ01054509.1
CR392341.2,CR392341.2
CR812836.1,CR812836.1
CR847970.1,CR847970.1
CT573337.2,CT573337.2
CU074310.1,CU074310.1
CU633978.1,CU633978.1
CU929203.2,CU929203.2
RF00270,RF00270
cdk21,cdk21
gig2f,gig2f
nitr2a,nitr2a
prss56,prss56
si:ch211-282j17.11,sich211282j17.11
si:ch73-106l15.2,sich73106l15.2
si:ch73-265h17.1,sich73265h17.1
si:ch73-281i18.3,sich73281i18.3
si:ch73-7i4.3,sich737i4.3
si:dkey-10h3.7,sidkey10h3.7
si:dkey-182o15.5,sidkey182o15.5
si:dkey-29j8.1,sidkey29j8.1
taar19b,taar19b
tradv36.2.12,tradv36.2.12
znf1138,znf1138
AL627305.2,AL627305.2
BX465838.1,BX465838.1
BX510360.1,BX510360.1
BX546473.1,BX546473.1
BX548075.1,BX548075.1
BX601644.1,BX601644.1
BX640520.3,BX640520.3
BX908756.1,BX908756.1
CR354398.1,CR354398.1
CR381657.1,CR381657.1
CR388047.3,CR388047.3
CR388165.2,CR388165.2
CR394546.1,CR394546.1
CR450833.1,CR450833.1
CR559930.1,CR559930.1
CR854927.4,CR854927.4
CT583662.1,CT583662.1
CU207301.2,CU207301.2
CU672228.1,CU672228.1
CU896602.1,CU896602.1
FP016018.3,FP016018.3
FP102794.2,FP102794.2
FQ378040.1,FQ378040.1
dre-let-7a-6,dre-let-7a-6
dre-mir-155,dre-mir-155
dre-mir-462,dre-mir-462
fgf6b,fgf6b
ggt1l2.2,ggt1l2.2
pimr54,pimr54
si:ch211-156l18.6,sich211156l18.6
si:ch73-343l4.3,sich73343l4.3
si:dkey-191j3.1,sidkey191j3.1
si:dkey-21h14.10,sidkey21h14.10
si:dkey-42l23.6,sidkey42l23.6
si:dkey-78l4.12,sidkey78l4.12
si:dkey-88e12.3,sidkey88e12.3
tradv2.0.2,tradv2.0.2
traj44,traj44
AL929307.1,AL929307.1
BX248322.1,BX248322.1
BX548173.2,BX548173.2
BX681417.5,BX681417.5
CABZ01022564.1,CABZ01022564.1
CABZ01058107.1,CABZ01058107.1
CABZ01067002.1,CABZ01067002.1
CABZ01101996.1,CABZ01101996.1
CR318646.2,CR318646.2
CR749763.1,CR749763.1
CR847545.1,CR847545.1
CU672228.2,CU672228.2
CU927934.1,CU927934.1
CU928071.1,CU928071.1
FP103048.1,FP103048.1
FP340271.1,FP340271.1
dre-mir-125b-2,dre-mir-125b-2
dre-mir-27b,dre-mir-27b
ighv4-2,ighv4-2
igl3v5,igl3v5
il17ra1b,il17ra1b
si:cabz01040626.2,sicabz01040626.2
si:ch211-285c6.5,sich211285c6.5
si:ch73-160i9.3,sich73160i9.3
si:ch73-343l4.5,sich73343l4.5
si:dkey-176f19.7,sidkey176f19.7
si:dkey-21e2.8,sidkey21e2.8
si:dkey-21h14.3,sidkey21h14.3
si:dkey-222h21.11,sidkey222h21.11
si:dkey-83f18.5,sidkey83f18.5
traj59,traj59
trgv6,trgv6
znf1088,znf1088
AL732515.1,AL732515.1
BX000364.1,BX000364.1
BX000696.2,BX000696.2
BX469910.2,BX469910.2
BX470154.1,BX470154.1
BX908800.1,BX908800.1
BX927374.1,BX927374.1
CABZ01007829.1,CABZ01007829.1
CABZ01046425.1,CABZ01046425.1
CR354538.1,CR354538.1
CR356223.1,CR356223.1
CR847509.1,CR847509.1
FO904836.1,FO904836.1
LO017721.1,LO017721.1
RF00560,RF00560
adgre19,adgre19
cx39.9,cx39.9
gdf2,gdf2
or106-9,or106-9
pimr201,pimr201
si:ch211-163m16.7,sich211163m16.7
si:ch211-191c10.3,sich211191c10.3
si:ch73-93k15.5,sich7393k15.5
si:dkey-11o15.10,sidkey11o15.10
taar20d1,taar20d1
tbxtb,tbxtb
tradv26.0,tradv26.0
znf1080,znf1080
AL929023.1,AL929023.1
BX000434.1,BX000434.1
BX005254.2,BX005254.2
BX470224.3,BX470224.3
BX649533.1,BX649533.1
BX927335.1,BX927335.1
CABZ01044765.1,CABZ01044765.1
CT025909.1,CT025909.1
CU467633.3,CU467633.3
CU467856.3,CU467856.3
adgre5a,adgre5a
clca5.1,clca5.1
dicp2.2,dicp2.2
pimr159,pimr159
si:ch211-11c3.11,sich21111c3.11
si:ch211-1f22.10,sich2111f22.10
si:ch211-273k1.5,sich211273k1.5
si:ch211-9d9.8,sich2119d9.8
si:dkey-174k12.3,sidkey174k12.3
si:dkey-181m19.17,sidkey181m19.17
si:dkey-205i10.2,sidkey205i10.2
si:dkey-234i14.15,sidkey234i14.15
si:dkey-27j5.9,sidkey27j5.9
si:dkey-73p2.2,sidkey73p2.2
tacr1b,tacr1b
ugt1b2,ugt1b2
znf987,znf987
AL645792.1,AL645792.1
AL928707.2,AL928707.2
AL953841.1,AL953841.1
AL954142.2,AL954142.2
BX294110.1,BX294110.1
BX324157.1,BX324157.1
BX511259.2,BX511259.2
BX537288.2,BX537288.2
BX548060.1,BX548060.1
BX571955.1,BX571955.1
BX649397.1,BX649397.1
BX681417.12,BX681417.12
BX681417.9,BX681417.9
BX936433.2,BX936433.2
CABZ01025162.1,CABZ01025162.1
CR376738.1,CR376738.1
CR626882.3,CR626882.3
CU856139.1,CU856139.1
FP085414.2,FP085414.2
nitr10a,nitr10a
or104-2,or104-2
pimr147,pimr147
pimr205,pimr205
si:dkey-14o1.20,sidkey14o1.20
si:dkey-201k7.1,sidkey201k7.1
si:dkeyp-2c8.3,sidkeyp2c8.3
si:zfos-1714f5.4,sizfos1714f5.4
taar19e,taar19e
tradv23.1.4,tradv23.1.4
traj54,traj54
AL928920.4,AL928920.4
BX005424.1,BX005424.1
BX323882.1,BX323882.1
BX511079.2,BX511079.2
CABZ01042675.2,CABZ01042675.2
CR545466.1,CR545466.1
CR627496.1,CR627496.1
CR854965.2,CR854965.2
CR936408.1,CR936408.1
CU182823.1,CU182823.1
CU550719.1,CU550719.1
CU861574.1,CU861574.1
RF00340,RF00340
ftr59,ftr59
gig2k,gig2k
or122-2,or122-2
or137-1,or137-1
rec114,rec114
v2ra18,v2ra18
AL845324.2,AL845324.2
BX005429.1,BX005429.1
BX470197.1,BX470197.1
BX842240.1,BX842240.1
CABZ01087091.1,CABZ01087091.1
CR388047.2,CR388047.2
CR388148.1,CR388148.1
CR788316.2,CR788316.2
adgre6,adgre6
pimr70,pimr70
si:ch73-208h1.2,sich73208h1.2
si:ch73-34h11.1,sich7334h11.1
si:dkey-175d9.1,sidkey175d9.1
AL845369.3,AL845369.3
CABZ01000633.1,CABZ01000633.1
CABZ01057891.1,CABZ01057891.1
CR381647.2,CR381647.2
CU929037.3,CU929037.3
FP102071.1,FP102071.1
or105-1,or105-1
or122-1,or122-1
si:ch211-133n4.12,sich211133n4.12
si:ch211-138g9.2,sich211138g9.2
si:dkey-11o1.6,sidkey11o1.6
si:dkey-11o15.7,sidkey11o15.7
si:dkey-149i17.9,sidkey149i17.9
si:dkey-234i14.14,sidkey234i14.14
si:dkey-83m22.7,sidkey83m22.7
znf1044,znf1044
AL928650.2,AL928650.2
BX005321.1,BX005321.1
BX088540.1,BX088540.1
BX324134.1,BX324134.1
BX548044.5,BX548044.5
BX548073.4,BX548073.4
CR318599.1,CR318599.1
pimr126,pimr126
pimr69,pimr69
si:ch211-139n6.11,sich211139n6.11
si:dkey-48j7.3,sidkey48j7.3
taar19k,taar19k
traj41,traj41
CR377211.2,CR377211.2
CR855206.2,CR855206.2
CT573186.2,CT573186.2
CU138548.5,CU138548.5
CU856523.1,CU856523.1
CU929360.1,CU929360.1
dre-mir-92b,dre-mir-92b
pimr196,pimr196
si:ch73-106n3.2,sich73106n3.2
BX511224.1,BX511224.1
BX530037.1,BX530037.1
BX571701.1,BX571701.1
BX649628.1,BX649628.1
CU856539.3,CU856539.3
dre-mir-25,dre-mir-25
ighv10-1,ighv10-1
or103-2,or103-2
or137-9,or137-9
si:dkey-22i16.10,sidkey22i16.10
si:dkey-248e17.4,sidkey248e17.4
taar20c1,taar20c1
BX324134.4,BX324134.4
BX511265.3,BX511265.3
CABZ01086877.1,CABZ01086877.1
dre-mir-7a-1,dre-mir-7a-1
pimr51,pimr51
si:ch73-289h5.5,sich73289h5.5
si:dkey-145c18.4,sidkey145c18.4
zgc:162239,zgc162239
BX914219.3,BX914219.3
BX928743.1,BX928743.1
BX928755.1,BX928755.1
taar20w,taar20w
BX465205.3,BX465205.3
CR847534.1,CR847534.1
adgre7,adgre7
si:dkeyp-27c8.1,sidkeyp27c8.1
taar19d,taar19d
AL928920.3,AL928920.3
BX323987.1,BX323987.1
BX571681.3,BX571681.3
CR855379.3,CR855379.3
RF00582,RF00582
RF00611,RF00611
dre-mir-122,dre-mir-122
dre-mir-192,dre-mir-192
si:ch211-226h8.8,sich211226h8.8
BX571664.1,BX571664.1
BX649292.1,BX649292.1
CR382363.1,CR382363.1
CR925744.1,CR925744.1
CU571179.1,CU571179.1
dre-let-7h,dre-let-7h
dre-mir-19d,dre-mir-19d
si:ch211-11n16.3,sich21111n16.3
si:dkey-19p15.4,sidkey19p15.4
pimr47,pimr47
si:dkey-234l24.1,sidkey234l24.1
si:rp71-1f1.5,sirp711f1.5
BX005305.5,BX005305.5
BX571681.5,BX571681.5
BX649516.3,BX649516.3
BX908395.1,BX908395.1
FO904885.1,FO904885.1
FP015866.4,FP015866.4
ccl39a.10,ccl39a.10
si:ch1073-110a20.7,sich1073110a20.7
si:dkey-52d15.2,sidkey52d15.2
si:dkey-99n20.6,sidkey99n20.6
si:zfos-2070c2.3,sizfos2070c2.3
BX510938.5,BX510938.5
CR855393.3,CR855393.3
CU207301.1,CU207301.1
pimr206,pimr206
BX323028.1,BX323028.1
BX677666.1,BX677666.1
CR936408.2,CR936408.2
FP102794.1,FP102794.1
pimr127,pimr127
si:cabz01021066.1,sicabz01021066.1
si:dkeyp-104b3.18,sidkeyp104b3.18
zgc:174353,zgc174353
BX649476.1,BX649476.1
ghrhr2,ghrhr2
BX323550.1,BX323550.1
pimr169,pimr169
pimr72,pimr72
BX681416.2,BX681416.2
si:ch211-238e22.5,sich211238e22.5
tradv41.0,tradv41.0
ugt1b3,ugt1b3
CU570782.2,CU570782.2
BX901883.1,BX901883.1
BX890608.2,BX890608.2
AL935299.1,AL935299.1
CR318603.2,CR318603.2
CR450764.1,CR450764.1
CU929322.1,CU929322.1
pimr49,pimr49
pimr73,pimr73
CU928222.2,CU928222.2
AL929114.2,AL929114.2
BX530017.1,BX530017.1
CR318595.1,CR318595.1
pimr164,pimr164
pimr214,pimr214
si:ch211-199m3.1,sich211199m3.1
CR749763.4,CR749763.4
CU570781.1,CU570781.1
si:ch211-221n20.2,sich211221n20.2
BX901962.1,BX901962.1
CU660013.1,CU660013.1
si:dkey-103d23.3,sidkey103d23.3
BX901907.3,BX901907.3
taar19o,taar19o
BX005398.1,BX005398.1
CABZ01028768.1,CABZ01028768.1
BX284697.1,BX284697.1
si:ch211-125e6.13,sich211125e6.13
BX649502.2,BX649502.2
RF00277,RF00277
CABZ01040055.1,CABZ01040055.1
si:dkey-42l23.9,sidkey42l23.9
BX547993.1,BX547993.1
BX284679.1,BX284679.1
BX927282.3,BX927282.3
IGKV1D-12,IGKV1D-12
BX510909.1,BX510909.1
CR788285.1,CR788285.1
si:dkey-176f19.1,sidkey176f19.1
BX000985.1,BX000985.1
si:dkey-149m13.4,sidkey149m13.4
znf1045,znf1045
znf1071,znf1071
znfl1,znfl1
BX908740.1,BX908740.1
BX942815.1,BX942815.1
CR759843.1,CR759843.1
CT955962.1,CT955962.1
si:dkey-25i10.1,sidkey25i10.1
taar14b,taar14b
BX511311.2,BX511311.2
BX957286.1,BX957286.1
CT027744.1,CT027744.1
si:ch73-368j24.1,sich73368j24.1
BX005364.1,BX005364.1
dre-mir-26a-3,dre-mir-26a-3
si:ch211-195p4.4,sich211195p4.4
BX537263.4,BX537263.4
pimr101,pimr101
pimr74,pimr74
BX511082.1,BX511082.1
