orig_gene,proc_gene
ptpn12,ptpn12
phtf2,phtf2
phtf2-1,phtf2-1
CU856344.1,CU856344.1
si:zfos-932h1.3,sizfos932h1.3
mansc1,mansc1
lrp6,lrp6
dusp16,dusp16
crebl2,crebl2
gpr19,gpr19
tbk1,tbk1
eps8a,eps8a
ptpro,ptpro
ptpro-1,ptpro-1
RERG,RERG
si:ch73-252i11.1,sich73252i11.1
CABZ01085275.1,CABZ01085275.1
echdc3,echdc3
FO834823.1,FO834823.1
msgn1,msgn1
si:ch211-51e12.7,sich21151e12.7
mrps10,mrps10
tulp4a,tulp4a
tmem181,tmem181
dynlt1,dynlt1
rpl18a,rpl18a
BX890562.1,BX890562.1
BX890562.3,BX890562.3
BX890562.2,BX890562.2
pthlha,pthlha
xpot,xpot
rtcb,rtcb
CU855889.1,CU855889.1
fbxo7,fbxo7
CU855889.2,CU855889.2
ost4,ost4
agbl5,agbl5
tmem214,tmem214
mapre3b,mapre3b
dpysl5b,dpysl5b
sobpb,sobpb
si:ch211-152c2.3,sich211152c2.3
crybg1b,crybg1b
mrap2b,mrap2b
ripply2,ripply2
sim1b,sim1b
atp23,atp23
rpap3,rpap3
naga,naga
FAM180A,FAM180A
mtpn,mtpn
si:ch211-117i20.2,sich211117i20.2
chrm2a,chrm2a
ptn,ptn
CABZ01068469.1,CABZ01068469.1
trim35-14,trim35-14
zmp:0000000711,zmp0000000711
slc38a4,slc38a4
AL929171.1,AL929171.1
slc38a2,slc38a2
scaf11,scaf11
arid2,arid2
CR847994.1,CR847994.1
gas2l3,gas2l3
fgfr1op2,fgfr1op2
tm7sf3,tm7sf3
med21,med21
pmpcb,pmpcb
dnajc2,dnajc2
nudt4b,nudt4b
ube2nb,ube2nb
mrpl42,mrpl42
pwp1,pwp1
CU571163.1,CU571163.1
ano6,ano6
si:ch73-177h5.2,sich73177h5.2
CU467633.3,CU467633.3
CU467633.1,CU467633.1
FAR2,FAR2
cpsf6,cpsf6
yeats4,yeats4
kcnc2,kcnc2
frs2a,frs2a
si:ch73-278m9.1,sich73278m9.1
cmah,cmah
glipr1a,glipr1a
krr1,krr1
si:ch73-89b15.3,sich7389b15.3
phlda1,phlda1
nap1l1,nap1l1
OSBPL8,OSBPL8
zdhhc17,zdhhc17
csrp2,csrp2
e2f7,e2f7
cog5,cog5
BX072538.1,BX072538.1
gpr22a,gpr22a
dus4l,dus4l
bcap29,bcap29
slco1c1,slco1c1
pde3a,pde3a
aebp2,aebp2
plekha5,plekha5
CABZ01085700.1,CABZ01085700.1
fgd4b,fgd4b
pik3cg,pik3cg
nampta,nampta
sypl1,sypl1
CU928083.1,CU928083.1
atxn7l1,atxn7l1
CU928073.1,CU928073.1
znf800b,znf800b
grm8a,grm8a
si:dkey-61f9.1,sidkey61f9.1
si:dkey-61f9.1-1,sidkey61f9.1-1
gpr37b,gpr37b
waslb,waslb
lmod2b,lmod2b
asb15b,asb15b
CT009596.1,CT009596.1
CR293509.1,CR293509.1
smkr1,smkr1
cd9b,cd9b
ano2b,ano2b
CU468826.1,CU468826.1
CU468826.3,CU468826.3
ntf3,ntf3
tbc1d30,tbc1d30
gnsa,gnsa
FP102892.1,FP102892.1
zgc:194209,zgc194209
rassf3,rassf3
CABZ01020840.1,CABZ01020840.1
DGKI,DGKI
creb3l2,creb3l2
ssbp1,ssbp1
si:ch211-258f14.2,sich211258f14.2
zgc:162331,zgc162331
slc13a4,slc13a4
coa6,coa6
ptprz1b,ptprz1b
ndufa5,ndufa5
CU468917.1,CU468917.1
CU468915.1,CU468915.1
strip2,strip2
ahcyl2b,ahcyl2b
tmem209,tmem209
ccnd2b,ccnd2b
tigarb,tigarb
fgf6b,fgf6b
fgf23,fgf23
rad51ap1,rad51ap1
galnt8b.1,galnt8b.1
galnt8b.2,galnt8b.2
ada2b,ada2b
atp6v1e1b,atp6v1e1b
si:ch211-214j24.14,sich211214j24.14
ccdc167,ccdc167
snap91b,snap91b
si:ch211-214j24.15,sich211214j24.15
si:ch211-214j24.10,sich211214j24.10
osgep,osgep
apex1,apex1
zgc:113263,zgc113263
si:dkey-14d8.1,sidkey14d8.1
selenoo2,selenoo2
si:dkey-14d8.20,sidkey14d8.20
BX324164.1,BX324164.1
BX324164.4,BX324164.4
BX324164.2,BX324164.2
si:dkey-14d8.22,sidkey14d8.22
BX324164.3,BX324164.3
mapk11,mapk11
mapk12b,mapk12b
si:dkey-14d8.6,sidkey14d8.6
si:dkey-14d8.7,sidkey14d8.7
vegfab,vegfab
mrps18a,mrps18a
rsph9,rsph9
tmem63a,tmem63a
pou3f2a,pou3f2a
faxca,faxca
ccnc,ccnc
ngs,ngs
pgm3,pgm3
si:ch73-352p4.8,sich73352p4.8
foxm1,foxm1
CU571169.1,CU571169.1
si:ch73-352p4.5,sich73352p4.5
pex26,pex26
usp18,usp18
lyrm5a,lyrm5a
slc5a8,slc5a8
utp20,utp20
arl1,arl1
tfec,tfec
MDFIC,MDFIC
CR356233.1,CR356233.1
foxp2,foxp2
ppp1r3aa,ppp1r3aa
si:dkey-112e7.2,sidkey112e7.2
gpr85,gpr85
BX950217.1,BX950217.1
tmem168a,tmem168a
ifrd1,ifrd1
dock4b,dock4b
CR388190.2,CR388190.2
lrrn3b,lrrn3b
CR354372.1,CR354372.1
tnni4a,tnni4a
cald1a,cald1a
tnnt2e,tnnt2e
BX649411.2,BX649411.2
BX649411.1,BX649411.1
lta4h,lta4h
elk3,elk3
BX649411.3,BX649411.3
cdk17,cdk17
si:ch1073-67j19.1,sich107367j19.1
si:ch1073-67j19.2,sich107367j19.2
phyh,phyh
ucmaa,ucmaa
mcm10,mcm10
nudt5,nudt5
cdc123,cdc123
camk1da,camk1da
ccdc3a,ccdc3a
optn,optn
si:ch211-240l19.8,sich211240l19.8
si:ch211-240l19.7,sich211240l19.7
si:ch211-240l19.6,sich211240l19.6
si:ch211-240l19.5,sich211240l19.5
wnk1b,wnk1b
CU695020.1,CU695020.1
ninj2,ninj2
ERC1,ERC1
erc1b,erc1b
wnt5b,wnt5b
fbxl14b,fbxl14b
BX649324.2,BX649324.2
adipor2,adipor2
BX842699.1,BX842699.1
ttll12,ttll12
pnpla3,pnpla3
sult4a1,sult4a1
mpped1,mpped1
scube1,scube1
samm50l,samm50l
aldh1l2,aldh1l2
si:dkey-48p11.3,sidkey48p11.3
slc41a2b,slc41a2b
chst11,chst11
nfyba,nfyba
hcfc2,hcfc2
avpr1ab,avpr1ab
srgap1b,srgap1b
C4H12orf66,C4H12orf66
ipo8,ipo8
tmtc1,tmtc1
zgc:55888,zgc55888
lmf2b,lmf2b
kitlgb,kitlgb
si:ch73-139j3.4,sich73139j3.4
lsm8,lsm8
tymp,tymp
shank3b,shank3b
cdnf,cdnf
hspa14,hspa14
dclre1c,dclre1c
meig1,meig1
tmem243b,tmem243b
BX901962.2,BX901962.2
BX901962.3,BX901962.3
BX901962.1,BX901962.1
dmtf1,dmtf1
ELAPOR2,ELAPOR2
tspan9b,tspan9b
mical3b,mical3b
svopl,svopl
si:dkeyp-27e10.3,sidkeyp27e10.3
parp12b,parp12b
ttc41,ttc41
hsp90b1,hsp90b1
glt8d2,glt8d2
fbxo18,fbxo18
adm2a,adm2a
si:dkey-22l11.6,sidkey22l11.6
sbf1,sbf1
naf1,naf1
ccdc136b,ccdc136b
flncb,flncb
kcnd2,kcnd2
tspan12,tspan12
ing3,ing3
cped1,cped1
wnt16,wnt16
stab2,stab2
CR383662.2,CR383662.2
CR383662.8,CR383662.8
CR383662.6,CR383662.6
CR383662.3,CR383662.3
CR383662.1,CR383662.1
CR383662.5,CR383662.5
ppfibp1a,ppfibp1a
CR383662.4,CR383662.4
syt10,syt10
si:ch211-161n3.5,sich211161n3.5
si:ch211-161n3.4,sich211161n3.4
si:ch211-161n3.3,sich211161n3.3
tmtc2a,tmtc2a
mettl25,mettl25
ccdc59,ccdc59
si:dkey-21h14.8,sidkey21h14.8
si:dkey-21h14.15,sidkey21h14.15
si:dkey-21h14.12,sidkey21h14.12
si:dkey-21h14.3,sidkey21h14.3
si:dkey-21h14.12-1,sidkey21h14.12-1
si:dkey-21h14.12-2,sidkey21h14.12-2
si:dkey-21h14.9,sidkey21h14.9
cracr2ab,cracr2ab
prmt8b,prmt8b
tspan11,tspan11
BX784029.2,BX784029.2
BX784029.3,BX784029.3
BX649349.1,BX649349.1
sema3aa,sema3aa
pcloa,pcloa
ankrd16,ankrd16
gdi2,gdi2
asb13a.1,asb13a.1
asb13a.2,asb13a.2
BX465862.5,BX465862.5
net1,net1
ENSDARG00000081841,ENSDARG00000081841
BX465862.4,BX465862.4
mkln1,mkln1
podxl,podxl
BX465862.3,BX465862.3
BX465862.2,BX465862.2
BX899181.1,BX899181.1
BX649350.2,BX649350.2
BX649350.1,BX649350.1
cyb5r3,cyb5r3
btbd11a,btbd11a
BX005210.1,BX005210.1
cry1a,cry1a
tnnt2c,tnnt2c
si:dkey-222f8.3,sidkey222f8.3
braf,braf
mrps33,mrps33
tmem178b,tmem178b
CR792454.1,CR792454.1
cnot4b,cnot4b
mkrn1,mkrn1
tmem121b,tmem121b
il17ra1a,il17ra1a
pimr214,pimr214
pimr171,pimr171
pimr168,pimr168
pimr169,pimr169
rergla,rergla
arhgef39,arhgef39
lmo3,lmo3
mgst1.1,mgst1.1
mgst1.2,mgst1.2
dera,dera
helb,helb
irak3,irak3
b2m,b2m
hmga2,hmga2
BX119963.4,BX119963.4
msrb3,msrb3
lemd3,lemd3
wif1,wif1
vhll,vhll
tmbim4,tmbim4
si:dkey-6a5.3,sidkey6a5.3
BX119963.2,BX119963.2
BX119963.1,BX119963.1
grip1,grip1
BX470116.1,BX470116.1
cand1,cand1
si:dkey-39a18.1,sidkey39a18.1
dyrk2,dyrk2
si:ch211-266a5.12,sich211266a5.12
ifng1,ifng1
ifng1r,ifng1r
il26,il26
il22,il22
mdm1,mdm1
calua,calua
opn1sw1,opn1sw1
dre-mir-729,dre-mir-729
tnpo3,tnpo3
irf5,irf5
ccdc87,ccdc87
pnpla8,pnpla8
si:dkeyp-81f3.4,sidkeyp81f3.4
nrcama,nrcama
cntn1b,cntn1b
pdzrn4,pdzrn4
gxylt1b,gxylt1b
pphln1,pphln1
yaf2,yaf2
zcrb1,zcrb1
prickle1b,prickle1b
CU469420.1,CU469420.1
CU469420.3,CU469420.3
CU469420.2,CU469420.2
CU469420.4,CU469420.4
CR786571.2,CR786571.2
CR786571.3,CR786571.3
CR786571.4,CR786571.4
CR786571.1,CR786571.1
pus7l,pus7l
twf1b,twf1b
nell2b,nell2b
prl2,prl2
nuak1a,nuak1a
BX571705.1,BX571705.1
si:dkey-261e22.4,sidkey261e22.4
plxnb2a,plxnb2a
plxnb2a-1,plxnb2a-1
si:ch211-127b11.1,sich211127b11.1
si:dkey-183c2.4,sidkey183c2.4
abcc9,abcc9
kcnj8,kcnj8
BX571719.2,BX571719.2
cmasa,cmasa
BX571719.4,BX571719.4
BX571719.1,BX571719.1
shisal1a,shisal1a
si:dkey-14k9.3,sidkey14k9.3
akr1b1.1,akr1b1.1
akr1b1.2,akr1b1.2
prdm4,prdm4
psmc2,psmc2
slc26a5,slc26a5
tspan33a,tspan33a
smo,smo
cax1,cax1
klhdc10,klhdc10
zc3hc1,zc3hc1
ube2h,ube2h
dre-mir-183,dre-mir-183
nrf1,nrf1
AL590150.2,AL590150.2
BX537358.1,BX537358.1
plxna4,plxna4
chchd3a,chchd3a
exoc4,exoc4
BX470240.1,BX470240.1
lrguk,lrguk
col7a1l,col7a1l
si:dkey-117n7.2,sidkey117n7.2
si:dkey-117n7.4,sidkey117n7.4
si:dkey-117n7.5,sidkey117n7.5
ucn3l,ucn3l
copg2,copg2
mest,mest
CR749763.5,CR749763.5
CR749763.4,CR749763.4
CR749763.3,CR749763.3
CR749763.1,CR749763.1
atp2b1a,atp2b1a
si:dkeyp-38g8.5,sidkeyp38g8.5
epyc,epyc
BX322608.1,BX322608.1
kera,kera
lum,lum
dcn,dcn
wu:fc23c09,wufc23c09
btg1,btg1
caprin2,caprin2
sinhcaf,sinhcaf
dennd5b,dennd5b
pkp2,pkp2
tcp11l2,tcp11l2
BX649500.1,BX649500.1
gys2,gys2
STMP1,STMP1
golt1ba,golt1ba
spx,spx
kiss2,kiss2
ldhba,ldhba
slc25a3a,slc25a3a
tmpoa,tmpoa
strap,strap
etnk1,etnk1
sox5,sox5
BX547928.1,BX547928.1
casc1,casc1
lrmp,lrmp
bcat1,bcat1
igf1,igf1
nup37,nup37
pmch,pmch
parpbp,parpbp
BX510924.1,BX510924.1
th2,th2
pah,pah
ascl1a,ascl1a
recql,recql
itfg2,itfg2
nrip2,nrip2
klhl42,klhl42
cwf19l1,cwf19l1
washc3,washc3
dram1,dram1
gnptab,gnptab
chpt1,chpt1
mybpc1,mybpc1
BX890572.1,BX890572.1
CT868708.1,CT868708.1
spi2,spi2
spic,spic
dnajb9b,dnajb9b
avpr2l,avpr2l
apaf1,apaf1
anks1b,anks1b
BX901882.1,BX901882.1
uhrf1bp1l,uhrf1bp1l
plxnc1,plxnc1
cradd,cradd
BX649398.2,BX649398.2
socs2,socs2
ncaph2,ncaph2
sco2,sco2
BX649398.3,BX649398.3
si:dkey-202b22.5,sidkey202b22.5
si:dkey-202b22.6,sidkey202b22.6
rint1,rint1
BX649398.1,BX649398.1
cdkn1ba,cdkn1ba
CDPF1,CDPF1
pparaa,pparaa
dre-let-7b,dre-let-7b
wnt7ba,wnt7ba
atxn10,atxn10
def6c,def6c
slc26a4,slc26a4
slc26a3.2,slc26a3.2
cbll1,cbll1
bik,bik
mcat-1,mcat-1
rap1b,rap1b
si:dkey-31f5.8,sidkey31f5.8
impdh1b,impdh1b
si:dkey-31f5.11,sidkey31f5.11
lepb,lepb
si:dkey-21o22.2,sidkey21o22.2
snd1,snd1
lrrc4.1,lrrc4.1
pax4,pax4
hgfa,hgfa
cacna2d1a,cacna2d1a
BX323820.1,BX323820.1
drd4-rs,drd4-rs
BX855618.1,BX855618.1
zgc:193726,zgc193726
atp6v1f,atp6v1f
lamtor4,lamtor4
gcc1,gcc1
dennd6b,dennd6b
ppp6r2a,ppp6r2a
fam3c,fam3c
si:dkey-159a18.1,sidkey159a18.1
cep83,cep83
lrrc17,lrrc17
sinup,sinup
ccdc146,ccdc146
fgl2a,fgl2a
gsap,gsap
stk38l,stk38l
cacna2d4a,cacna2d4a
lrtm2a,lrtm2a
cacna2d4a-1,cacna2d4a-1
dcp1b,dcp1b
cacna1c,cacna1c
BX248410.1,BX248410.1
napepld,napepld
ints13,ints13
rassf8b,rassf8b
BX248410.5,BX248410.5
zmp:0000000650,zmp0000000650
BX248410.4,BX248410.4
BX248410.2,BX248410.2
BX248410.3,BX248410.3
nav3,nav3
syt1a,syt1a
pawr,pawr
ppp1r12a,ppp1r12a
BX569790.3,BX569790.3
rps16,rps16
BX569790.1,BX569790.1
BX569790.2,BX569790.2
myf6,myf6
myf5,myf5
BX537156.1,BX537156.1
lin7a,lin7a
acss3,acss3
ppfia2,ppfia2
BX537308.1,BX537308.1
BX537162.1,BX537162.1
llph,llph
hcls1,hcls1
golgb1,golgb1
guca1a,guca1a
orc5,orc5
lhfpl3,lhfpl3
kmt2e,kmt2e
ndufb2,ndufb2
kdm7aa,kdm7aa
BX537168.1,BX537168.1
sema3c,sema3c
cd36,cd36
gnai1,gnai1
nup107,nup107
magi2a,magi2a
slc35e3,slc35e3
AL935183.1,AL935183.1
mdm2,mdm2
trhde.2,trhde.2
trhde.2-1,trhde.2-1
cpm,cpm
usp6nl,usp6nl
celf2,celf2
gata3,gata3
taf3,taf3
atp5f1c,atp5f1c
kin,kin
itih2,itih2
itih5,itih5
tmem110l,tmem110l
sfmbt2,sfmbt2
prkcq,prkcq
pfkfb3,pfkfb3
rbm17,rbm17
il15ra,il15ra
acot14,acot14
acot15,acot15
acot16,acot16
acot17,acot17
acot18,acot18
lamb1b,lamb1b
tmcc3,tmcc3
ndufa12,ndufa12
nr2c1,nr2c1
fgd6,fgd6
vezt,vezt
metap2a,metap2a
CT573048.1,CT573048.1
usp44,usp44
DEPDC4,DEPDC4
SCYL2,SCYL2
si:ch211-244b2.3,sich211244b2.3
si:ch211-244b2.4,sich211244b2.4
BX957270.1,BX957270.1
st8sia1,st8sia1
tnni1d,tnni1d
b4galnt3a,b4galnt3a
CU137645.1,CU137645.1
iqsec3a,iqsec3a
slc6a1l,slc6a1l
CR749777.1,CR749777.1
creld2,creld2
alg12,alg12
zbed4,zbed4
brd1a,brd1a
CR751234.1,CR751234.1
tafa5a,tafa5a
tbc1d22a,tbc1d22a
cerk,cerk
gramd4a,gramd4a
celsr1a,celsr1a
trmu,trmu
si:ch73-263o4.4,sich73263o4.4
tprkb,tprkb
alg10,alg10
CU694442.1,CU694442.1
znf1041,znf1041
znf1067,znf1067
si:ch73-289h5.5,sich73289h5.5
si:ch73-289h5.4,sich73289h5.4
znf1059,znf1059
BX088538.1,BX088538.1
zgc:174315,zgc174315
si:dkey-23a23.3,sidkey23a23.3
si:dkey-23a23.2,sidkey23a23.2
CR388132.1,CR388132.1
CR388132.2,CR388132.2
si:dkey-23a23.1,sidkey23a23.1
CR382372.1,CR382372.1
CR847895.1,CR847895.1
znf1140,znf1140
si:ch211-214c20.1,sich211214c20.1
BX248122.1,BX248122.1
si:ch211-214c20.1-1,sich211214c20.1-1
si:dkey-191j3.1,sidkey191j3.1
znf1119,znf1119
BX530097.1,BX530097.1
si:ch211-231i17.4,sich211231i17.4
znf1121,znf1121
znf1111,znf1111
znf1128,znf1128
si:rp71-7l19.2,sirp717l19.2
BX323560.1,BX323560.1
si:ch211-22k7.9,sich21122k7.9
si:dkey-265e15.2,sidkey265e15.2
CR936249.1,CR936249.1
si:dkey-233e3.3,sidkey233e3.3
CR394552.1,CR394552.1
znf1047,znf1047
znf1083,znf1083
si:dkey-199m13.7,sidkey199m13.7
CR383668.2,CR383668.2
CR383668.1,CR383668.1
znf1114,znf1114
si:dkey-199m13.5,sidkey199m13.5
si:dkey-199m13.4,sidkey199m13.4
znf1052,znf1052
CU302413.1,CU302413.1
si:dkey-16p19.5,sidkey16p19.5
CU207245.1,CU207245.1
zgc:172014,zgc172014
si:dkey-178j11.5,sidkey178j11.5
si:dkey-11n14.1,sidkey11n14.1
znf1099,znf1099
si:dkey-47k16.4,sidkey47k16.4
BX649620.1,BX649620.1
si:dkey-43f9.4,sidkey43f9.4
si:dkey-57l19.1,sidkey57l19.1
si:ch211-127b6.2,sich211127b6.2
znf996,znf996
si:dkey-19c16.12,sidkey19c16.12
si:dkey-265e15.5,sidkey265e15.5
BX548173.2,BX548173.2
BX548173.1,BX548173.1
si:dkey-16p6.1,sidkey16p6.1
BX539310.1,BX539310.1
si:dkey-72l17.5,sidkey72l17.5
BX649328.1,BX649328.1
BX649328.3,BX649328.3
CR450785.1,CR450785.1
si:dkey-72l17.6,sidkey72l17.6
CR450785.11,CR450785.11
zgc:174698,zgc174698
si:dkey-16p6.1-1,sidkey16p6.1-1
si:dkey-265e7.1,sidkey265e7.1
znf1085,znf1085
znf1108,znf1108
znf1042,znf1042
si:dkey-16p6.1-2,sidkey16p6.1-2
BX324003.2,BX324003.2
si:dkey-26h11.2,sidkey26h11.2
si:dkeyp-4f2.1,sidkeyp4f2.1
znf1112,znf1112
si:dkeyp-4f2.6,sidkeyp4f2.6
si:ch211-162i8.4,sich211162i8.4
si:dkey-247i3.6,sidkey247i3.6
si:dkey-247i3.5,sidkey247i3.5
znf1000,znf1000
znf1055,znf1055
si:dkeyp-4f2.3,sidkeyp4f2.3
znf1090,znf1090
si:dkeyp-4f2.3-1,sidkeyp4f2.3-1
znf1065,znf1065
si:dkey-247i3.1,sidkey247i3.1
CT027801.2,CT027801.2
CT027801.1,CT027801.1
si:dkey-84h14.2,sidkey84h14.2
si:dkey-84h14.1,sidkey84h14.1
si:ch211-197f20.1,sich211197f20.1
AL807749.1,AL807749.1
znf1026,znf1026
si:dkey-28i19.3,sidkey28i19.3
si:ch211-223g7.6,sich211223g7.6
si:ch211-246b8.5,sich211246b8.5
CT025695.1,CT025695.1
si:ch211-246b8.1,sich211246b8.1
si:ch211-246b8.2,sich211246b8.2
si:ch211-64i20.3,sich21164i20.3
si:dkeyp-51g9.4,sidkeyp51g9.4
AL645691.2,AL645691.2
AL645691.1,AL645691.1
si:ch211-237a4.2,sich211237a4.2
si:dkey-146m20.13,sidkey146m20.13
znf985,znf985
CR388228.1,CR388228.1
si:dkey-279j5.1,sidkey279j5.1
si:dkey-269p2.1,sidkey269p2.1
si:ch211-276i6.1,sich211276i6.1
zgc:174698-1,zgc1746981
CR847906.2,CR847906.2
CR847906.1,CR847906.1
si:dkeyp-4c4.2,sidkeyp4c4.2
CABZ01087265.1,CABZ01087265.1
zgc:174653,zgc174653
si:dkey-176f19.7,sidkey176f19.7
znf1089,znf1089
si:dkey-176f19.4,sidkey176f19.4
zgc:174180,zgc174180
znf1125,znf1125
znf1023,znf1023
si:dkey-176f19.1,sidkey176f19.1
si:ch211-271g18.4,sich211271g18.4
znf1109,znf1109
znf1116,znf1116
si:dkey-190j3.2,sidkey190j3.2
si:dkey-238o14.1,sidkey238o14.1
BX649453.1,BX649453.1
si:dkey-151g22.1,sidkey151g22.1
BX537137.3,BX537137.3
si:dkeyp-87d1.1,sidkeyp87d1.1
BX537137.1,BX537137.1
si:dkey-3p4.7,sidkey3p4.7
znf973,znf973
CR556708.2,CR556708.2
si:ch73-134f24.1,sich73134f24.1
si:dkeyp-86c4.1,sidkeyp86c4.1
si:dkey-106c17.2,sidkey106c17.2
znf1102,znf1102
znf1100,znf1100
si:dkey-3p4.1,sidkey3p4.1
znf1139,znf1139
si:dkey-3p4.8,sidkey3p4.8
si:dkey-207l24.2,sidkey207l24.2
si:ch211-271g18.1,sich211271g18.1
si:dkeyp-82b4.2,sidkeyp82b4.2
CR759843.2,CR759843.2
znf1051,znf1051
si:dkeyp-82b4.6,sidkeyp82b4.6
znf1016,znf1016
znf1071,znf1071
si:ch211-229l10.11,sich211229l10.11
znf1093,znf1093
si:ch211-229l10.4,sich211229l10.4
si:ch211-229l10.9,sich211229l10.9
si:ch211-209n20.3,sich211209n20.3
CR381657.1,CR381657.1
znf1092,znf1092
znf994,znf994
si:ch211-209n20.59,sich211209n20.59
si:ch211-209n20.1,sich211209n20.1
BX324212.1,BX324212.1
BX324212.2,BX324212.2
si:dkey-59l11.10,sidkey59l11.10
znf1127,znf1127
znf997,znf997
si:dkey-122c11.1,sidkey122c11.1
znf977,znf977
si:dkey-122c11.8,sidkey122c11.8
si:ch211-22k7.9-1,sich21122k7.9-1
si:ch73-236c18.2,sich73236c18.2
si:dkey-261o4.1,sidkey261o4.1
si:dkey-156k2.4,sidkey156k2.4
si:dkey-261o4.9,sidkey261o4.9
BX950868.2,BX950868.2
CR749167.2,CR749167.2
si:dkeyp-4c4.1,sidkeyp4c4.1
znf979,znf979
si:ch211-215p11.1,sich211215p11.1
BX649341.1,BX649341.1
si:dkey-5i16.5,sidkey5i16.5
si:ch211-238e22.8,sich211238e22.8
znf995,znf995
znf1102-1,znf1102-1
si:dkey-22h13.2,sidkey22h13.2
si:ch211-218h8.1,sich211218h8.1
si:dkey-22h13.3,sidkey22h13.3
si:ch211-218h8.3,sich211218h8.3
BX901907.1,BX901907.1
BX901907.4,BX901907.4
BX901907.3,BX901907.3
si:dkey-57c22.1,sidkey57c22.1
si:dkey-207m2.4,sidkey207m2.4
si:dkey-285e18.2,sidkey285e18.2
AL845295.1,AL845295.1
si:dkey-285e18.5,sidkey285e18.5
si:dkey-285e18.6,sidkey285e18.6
zgc:174650,zgc174650
znf1136,znf1136
BX571664.1,BX571664.1
si:dkeyp-82h4.1,sidkeyp82h4.1
si:dkeyp-82h4.3,sidkeyp82h4.3
si:dkey-16p19.1,sidkey16p19.1
znf1062,znf1062
si:ch211-73m21.1,sich21173m21.1
CR382294.1,CR382294.1
si:ch211-181p13.2,sich211181p13.2
si:dkey-16p19.5-1,sidkey16p19.5-1
CR388165.10,CR388165.10
si:dkey-16p19.8,sidkey16p19.8
CR388165.1,CR388165.1
znf987,znf987
BX088603.2,BX088603.2
si:dkeyp-44d3.1,sidkeyp44d3.1
si:dkeyp-44d3.3,sidkeyp44d3.3
znf1094,znf1094
BX088603.3,BX088603.3
si:dkeyp-44d3.5,sidkeyp44d3.5
znf976,znf976
BX088603.1,BX088603.1
CR855306.1,CR855306.1
znf1049,znf1049
si:dkey-237m9.2,sidkey237m9.2
si:dkey-237m9.1,sidkey237m9.1
si:ch211-268b14.2,sich211268b14.2
CR954226.3,CR954226.3
CR954226.2,CR954226.2
znf1145,znf1145
si:ch211-142b24.8,sich211142b24.8
si:dkeyp-85d8.5,sidkeyp85d8.5
zgc:174696,zgc174696
znf1060,znf1060
CR854948.1,CR854948.1
znf1148,znf1148
si:ch211-142b24.2,sich211142b24.2
si:ch211-76m11.8,sich21176m11.8
si:dkey-4e4.1,sidkey4e4.1
znf1118,znf1118
BX511066.2,BX511066.2
BX511066.1,BX511066.1
si:ch211-59d8.2,sich21159d8.2
si:ch211-59d8.3,sich21159d8.3
si:dkey-16p6.1-3,sidkey16p6.1-3
si:dkey-11d20.1,sidkey11d20.1
znf1053,znf1053
CT027759.1,CT027759.1
si:zfos-451d2.2,sizfos451d2.2
si:dkey-54j5.2,sidkey54j5.2
znf1072,znf1072
znf1137,znf1137
BX927135.1,BX927135.1
si:dkey-16p6.2,sidkey16p6.2
si:ch211-76m11.5,sich21176m11.5
si:dkey-29j8.1,sidkey29j8.1
si:dkeyp-53e4.1,sidkeyp53e4.1
si:dkey-29j8.2,sidkey29j8.2
BX927253.2,BX927253.2
BX927253.3,BX927253.3
BX927253.1,BX927253.1
znf1073,znf1073
si:dkeyp-53e4.2,sidkeyp53e4.2
BX664605.1,BX664605.1
si:dkeyp-53e4.4,sidkeyp53e4.4
si:dkey-16p6.4,sidkey16p6.4
si:dkey-29p23.2,sidkey29p23.2
si:dkey-29p23.1,sidkey29p23.1
zgc:173705,zgc173705
si:ch211-226o13.1,sich211226o13.1
si:dkey-261p22.1,sidkey261p22.1
si:ch211-226o13.3,sich211226o13.3
znf1104,znf1104
si:dkey-4j21.2,sidkey4j21.2
CABZ01015525.1,CABZ01015525.1
si:dkeyp-100h4.1,sidkeyp100h4.1
si:dkey-7j22.1,sidkey7j22.1
si:dkey-7j22.2,sidkey7j22.2
znf1115,znf1115
si:dkey-7j22.4,sidkey7j22.4
BX897720.1,BX897720.1
si:dkey-16p6.1-4,sidkey16p6.1-4
si:dkeyp-77c4.5,sidkeyp77c4.5
znf1107,znf1107
znf1137-1,znf1137-1
BX649307.1,BX649307.1
znf980,znf980
si:dkey-51d8.1,sidkey51d8.1
si:ch211-227e10.6,sich211227e10.6
BX649516.1,BX649516.1
si:dkey-51d8.3,sidkey51d8.3
si:dkey-51d8.6,sidkey51d8.6
znf1046,znf1046
BX649516.2,BX649516.2
si:dkey-51d8.9,sidkey51d8.9
BX649516.4,BX649516.4
znf1021,znf1021
znf1115-1,znf1115-1
znf1138,znf1138
si:ch211-162i8.2,sich211162i8.2
si:dkey-247i3.6-1,sidkey247i3.6-1
si:ch211-162i8.5,sich211162i8.5
si:dkey-16p6.1-5,sidkey16p6.1-5
si:ch211-162i8.4-1,sich211162i8.4-1
BX649518.1,BX649518.1
si:ch211-162i8.7,sich211162i8.7
si:dkey-256i11.3,sidkey256i11.3
si:dkey-256i11.6,sidkey256i11.6
si:dkey-256i11.2,sidkey256i11.2
BX649399.21,BX649399.21
znf1038,znf1038
BX927193.2,BX927193.2
zgc:173702,zgc173702
si:dkey-16p6.1-6,sidkey16p6.1-6
BX927336.3,BX927336.3
BX927336.1,BX927336.1
si:ch211-215p11.3,sich211215p11.3
si:dkey-26m3.3,sidkey26m3.3
BX927336.2,BX927336.2
si:ch211-215p11.1-1,sich211215p11.1-1
si:dkey-31n13.4,sidkey31n13.4
BX927287.1,BX927287.1
BX942815.11,BX942815.11
si:dkey-26m3.1,sidkey26m3.1
crestin,crestin
znf1122,znf1122
si:dkey-124l13.1,sidkey124l13.1
BX324142.1,BX324142.1
znf1040,znf1040
si:ch211-196f19.1,sich211196f19.1
si:ch211-196h24.2,sich211196h24.2
si:ch211-196h24.1,sich211196h24.1
BX321887.12,BX321887.12
BX321887.2,BX321887.2
si:dkey-28k24.2,sidkey28k24.2
znf980-1,znf980-1
znf1063,znf1063
CR356223.2,CR356223.2
znf1023-1,znf1023-1
znf1020,znf1020
znf1113,znf1113
znf1064,znf1064
si:ch211-234c11.2,sich211234c11.2
si:ch211-234c11.3,sich211234c11.3
zgc:173705-1,zgc1737051
znf1036,znf1036
znf1146,znf1146
si:dkey-40n15.1,sidkey40n15.1
CR293502.1,CR293502.1
si:ch211-42i6.2,sich21142i6.2
BX942819.3,BX942819.3
BX942819.1,BX942819.1
si:dkey-5i16.5-1,sidkey5i16.5-1
si:dkey-159n16.2,sidkey159n16.2
si:ch211-197e7.3,sich211197e7.3
BX927318.1,BX927318.1
znf1057,znf1057
znf974,znf974
BX465205.2,BX465205.2
BX465205.3,BX465205.3
si:ch211-197e7.1,sich211197e7.1
BX324126.1,BX324126.1
zgc:173709,zgc173709
BX957251.1,BX957251.1
si:dkey-156k2.4-1,sidkey156k2.4-1
si:dkey-16p19.5-2,sidkey16p19.5-2
CR356227.1,CR356227.1
si:ch211-152l15.2,sich211152l15.2
si:dkey-16p6.1-7,sidkey16p6.1-7
znf1135,znf1135
znf1066,znf1066
si:dkey-156k2.7,sidkey156k2.7
si:dkey-156k2.8,sidkey156k2.8
BX663613.1,BX663613.1
zgc:174704,zgc174704
znf977-1,znf977-1
BX855590.1,BX855590.1
znf1110,znf1110
znf1058,znf1058
si:ch211-245n8.4,sich211245n8.4
znf1045,znf1045
si:ch211-208f21.2,sich211208f21.2
si:ch211-208f21.3,sich211208f21.3
si:dkey-156j15.1,sidkey156j15.1
znf1026-1,znf1026-1
BX005380.2,BX005380.2
znf1141,znf1141
BX005380.1,BX005380.1
si:dkeyp-82b4.3,sidkeyp82b4.3
CR628395.1,CR628395.1
si:dkey-165e24.1,sidkey165e24.1
si:dkeyp-90h9.1,sidkeyp90h9.1
BX321870.2,BX321870.2
BX321870.1,BX321870.1
BX908721.1,BX908721.1
si:dkey-22a18.2,sidkey22a18.2
BX649431.1,BX649431.1
si:dkey-16b10.1,sidkey16b10.1
BX649431.4,BX649431.4
znf1034,znf1034
si:dkey-16b10.2,sidkey16b10.2
zgc:173705-2,zgc1737052
CR318589.2,CR318589.2
si:dkeyp-107f9.4,sidkeyp107f9.4
BX640584.18,BX640584.18
si:dkey-78o7.3,sidkey78o7.3
BX640584.1,BX640584.1
si:dkeyp-44b5.5,sidkeyp44b5.5
BX666065.2,BX666065.2
BX640547.1,BX640547.1
si:dkey-4j21.2-1,sidkey4j21.2-1
BX640547.2,BX640547.2
BX571954.1,BX571954.1
BX571954.3,BX571954.3
si:dkey-201g16.1,sidkey201g16.1
si:ch211-171l17.14,sich211171l17.14
BX649421.1,BX649421.1
si:ch211-207e19.2,sich211207e19.2
znf1053-1,znf1053-1
znf1037,znf1037
si:dkey-250k10.1,sidkey250k10.1
BX571843.1,BX571843.1
si:dkey-250k10.4,sidkey250k10.4
CR388042.1,CR388042.1
CR388042.2,CR388042.2
CABZ01031673.1,CABZ01031673.1
si:ch211-249c2.1,sich211249c2.1
si:dkey-199m13.7-1,sidkey199m13.7-1
BX936303.2,BX936303.2
znf995-1,znf995-1
BX936303.1,BX936303.1
si:ch211-223g7.6-1,sich211223g7.6-1
zgc:174944,zgc174944
si:ch211-223g7.2,sich211223g7.2
BX572628.1,BX572628.1
si:ch211-227e10.6-1,sich211227e10.6-1
znf974-1,znf974-1
si:ch211-227e10.3,sich211227e10.3
si:ch211-227e10.1,sich211227e10.1
CR388413.1,CR388413.1
CR388413.4,CR388413.4
CR388413.3,CR388413.3
CR388413.2,CR388413.2
si:dkeyp-82b4.6-1,sidkeyp82b4.6-1
si:dkey-56m15.9,sidkey56m15.9
si:dkey-56m15.2,sidkey56m15.2
si:dkey-56m15.8,sidkey56m15.8
si:dkey-56m15.6,sidkey56m15.6
si:dkey-56m15.5,sidkey56m15.5
BX005245.1,BX005245.1
si:dkey-56m15.3,sidkey56m15.3
BX465836.2,BX465836.2
BX465836.1,BX465836.1
znf1039,znf1039
si:dkey-191j3.2,sidkey191j3.2
si:dkey-61p9.9,sidkey61p9.9
BX546503.1,BX546503.1
si:dkey-157e10.6,sidkey157e10.6
znf998,znf998
CT027586.1,CT027586.1
znf569l,znf569l
CR762475.1,CR762475.1
znf1029,znf1029
znf1078,znf1078
CR762475.4,CR762475.4
znf1074,znf1074
CU278559.1,CU278559.1
CT583728.13,CT583728.13
CT583728.24,CT583728.24
CT583728.11,CT583728.11
CT583728.20,CT583728.20
CT583728.3,CT583728.3
CT583728.2,CT583728.2
CT583728.4,CT583728.4
AL772298.2,AL772298.2
AL772298.1,AL772298.1
AL772298.3,AL772298.3
znf1133,znf1133
znf986,znf986
si:dkey-16p6.1-8,sidkey16p6.1-8
si:ch211-207e19.2-1,sich211207e19.2-1
si:ch211-207e19.15,sich211207e19.15
znf972,znf972
CT025669.1,CT025669.1
zgc:174275,zgc174275
CT025669.2,CT025669.2
si:ch211-237a4.2-1,sich211237a4.2-1
si:dkey-41c6.3,sidkey41c6.3
CR812471.1,CR812471.1
znf1118-1,znf1118-1
si:ch211-227p7.5,sich211227p7.5
znf1047-1,znf1047-1
BX649355.1,BX649355.1
si:dkeyp-33c10.7,sidkeyp33c10.7
si:dkey-269o24.6,sidkey269o24.6
BX957361.2,BX957361.2
si:dkey-269o24.1,sidkey269o24.1
BX957361.1,BX957361.1
znf999,znf999
si:ch211-161m3.1,sich211161m3.1
si:ch211-238e22.7,sich211238e22.7
si:ch211-238e22.5,sich211238e22.5
si:ch211-238e22.4,sich211238e22.4
BX890548.1,BX890548.1
si:ch211-238e22.8-1,sich211238e22.8-1
si:dkey-16p6.4-1,sidkey16p6.4-1
zgc:194906,zgc194906
LO018289.1,LO018289.1
BX511018.2,BX511018.2
znf1069,znf1069
si:dkey-40j3.3,sidkey40j3.3
BX510934.3,BX510934.3
BX510934.1,BX510934.1
BX510934.2,BX510934.2
zgc:174703,zgc174703
pimr168-2,pimr168-2
il17ra1b,il17ra1b
il17ra2,il17ra2
BX324181.2,BX324181.2
BX324181.1,BX324181.1
FP236354.1,FP236354.1
zgc:174314,zgc174314
CR388206.1,CR388206.1
znf1097,znf1097
CT027609.1,CT027609.1
si:dkey-57k17.1,sidkey57k17.1
CR388095.2,CR388095.2
si:dkey-16p6.1-9,sidkey16p6.1-9
si:ch211-196f19.1-1,sich211196f19.1-1
CR388095.1,CR388095.1
si:ch211-212k5.1,sich211212k5.1
CT027696.1,CT027696.1
si:ch211-212k5.4,sich211212k5.4
CR388148.2,CR388148.2
si:dkey-28i19.1,sidkey28i19.1
si:dkey-25i10.1,sidkey25i10.1
CR388148.1,CR388148.1
CR388172.13,CR388172.13
CR388172.1,CR388172.1
si:dkey-29j8.1-1,sidkey29j8.1-1
si:ch211-64i20.3-1,sich21164i20.3-1
BX469910.2,BX469910.2
znf1132,znf1132
znf1127-1,znf1127-1
znf993,znf993
BX927122.2,BX927122.2
znf1085-1,znf1085-1
BX927122.1,BX927122.1
si:dkey-105i14.1,sidkey105i14.1
znf1084,znf1084
zgc:173720,zgc173720
znf1050,znf1050
si:ch211-241n15.3,sich211241n15.3
znf993-1,znf993-1
si:dkey-4e4.1-1,sidkey4e4.1-1
si:dkey-149m13.5,sidkey149m13.5
si:dkey-149m13.4,sidkey149m13.4
znf1068,znf1068
CR846087.1,CR846087.1
si:dkey-16p6.1-10,sidkey16p6.1-10
CR846087.2,CR846087.2
znf1109-1,znf1109-1
znf1033,znf1033
CR388052.1,CR388052.1
CR388052.3,CR388052.3
znf1080,znf1080
CU138542.1,CU138542.1
si:dkey-248e17.5,sidkey248e17.5
si:dkey-51d8.1-1,sidkey51d8.1-1
znf1121-1,znf1121-1
CU138542.2,CU138542.2
znf1130,znf1130
si:dkey-16p6.1-11,sidkey16p6.1-11
si:dkey-211i20.2,sidkey211i20.2
si:dkey-211i20.5,sidkey211i20.5
CABZ01016118.1,CABZ01016118.1
si:dkey-254e13.6,sidkey254e13.6
CR388363.2,CR388363.2
si:dkey-196n19.2,sidkey196n19.2
si:dkey-82i20.2,sidkey82i20.2
CR854965.2,CR854965.2
BX000981.4,BX000981.4
BX000981.2,BX000981.2
znf1021-1,znf1021-1
si:dkey-26i24.1,sidkey26i24.1
znf1129,znf1129
znf1104-1,znf1104-1
znf1082,znf1082
znf1077,znf1077
CABZ01038376.1,CABZ01038376.1
si:dkey-16p6.1-12,sidkey16p6.1-12
si:dkey-146c18.5,sidkey146c18.5
znf1056,znf1056
si:dkey-146c18.2,sidkey146c18.2
CT990567.2,CT990567.2
si:dkey-27n6.1,sidkey27n6.1
si:dkeyp-35e5.9,sidkeyp35e5.9
si:dkeyp-35e5.5,sidkeyp35e5.5
si:dkeyp-35e5.10,sidkeyp35e5.10
znf1079,znf1079
BX294383.1,BX294383.1
si:ch211-79g12.1,sich21179g12.1
si:dkey-165b20.3,sidkey165b20.3
si:dkey-51d8.1-2,sidkey51d8.1-2
si:dkey-28k24.2-1,sidkey28k24.2-1
si:ch211-237a4.2-2,sich211237a4.2-2
znf1131,znf1131
si:dkey-238o14.3,sidkey238o14.3
si:dkey-82i20.2-1,sidkey82i20.2-1
si:dkey-217g21.3,sidkey217g21.3
CR927050.1,CR927050.1
CR927050.2,CR927050.2
CR450780.2,CR450780.2
zgc:173714,zgc173714
CR450780.1,CR450780.1
CR450780.3,CR450780.3
si:ch211-258f1.3,sich211258f1.3
znf1098,znf1098
si:dkey-16p6.1-13,sidkey16p6.1-13
znf1048,znf1048
si:dkey-92j16.2,sidkey92j16.2
si:dkey-30f3.2,sidkey30f3.2
BX901974.3,BX901974.3
BX901974.1,BX901974.1
si:dkey-179k24.1,sidkey179k24.1
si:dkey-179k24.2,sidkey179k24.2
CR790365.1,CR790365.1
znf1091,znf1091
zgc:173607,zgc173607
si:dkey-179k24.5,sidkey179k24.5
znf1106,znf1106
znf1103,znf1103
BX914205.2,BX914205.2
BX914205.3,BX914205.3
znf1089-1,znf1089-1
BX914205.1,BX914205.1
si:dkey-220o21.3,sidkey220o21.3
CT956002.2,CT956002.2
CT956002.1,CT956002.1
znf1147,znf1147
si:ch211-223a21.1,sich211223a21.1
CR790382.4,CR790382.4
znf1105,znf1105
BX936382.1,BX936382.1
si:ch211-223a21.3,sich211223a21.3
si:ch211-223a21.4,sich211223a21.4
znf1099-1,znf1099-1
si:ch211-223a21.6,sich211223a21.6
BX914214.1,BX914214.1
BX914214.2,BX914214.2
BX914214.15,BX914214.15
znf1018,znf1018
znf988,znf988
si:ch211-234c11.2-1,sich211234c11.2-1
BX928743.1,BX928743.1
CT955963.1,CT955963.1
si:ch211-283l16.1,sich211283l16.1
si:dkey-14o6.2,sidkey14o6.2
si:ch211-194h1.2,sich211194h1.2
znf1126,znf1126
si:dkey-14o6.4,sidkey14o6.4
si:dkey-14o6.1,sidkey14o6.1
znf1027,znf1027
znf1095,znf1095
si:dkey-14o6.8,sidkey14o6.8
znf1108-1,znf1108-1
si:dkeyp-5g9.1,sidkeyp5g9.1
si:dkey-205i10.1,sidkey205i10.1
si:dkey-205i10.2,sidkey205i10.2
si:ch211-203c5.3,sich211203c5.3
si:dkey-27n6.1-1,sidkey27n6.1-1
BX004873.1,BX004873.1
BX649556.1,BX649556.1
BX649556.2,BX649556.2
si:dkey-29m1.2,sidkey29m1.2
BX649331.1,BX649331.1
znf1070,znf1070
CT573263.1,CT573263.1
BX572103.1,BX572103.1
znf1091-1,znf1091-1
si:ch211-223k15.1,sich211223k15.1
si:ch211-66c13.1,sich21166c13.1
si:ch211-133h13.1,sich211133h13.1
znf1096,znf1096
CT573234.1,CT573234.1
znf1043,znf1043
CT737127.1,CT737127.1
znf1146-1,znf1146-1
si:dkey-237g15.2,sidkey237g15.2
si:dkey-16p6.1-14,sidkey16p6.1-14
BX548011.3,BX548011.3
wu:fi09b08,wufi09b08
BX548011.2,BX548011.2
BX548011.4,BX548011.4
si:dkey-16p6.1-15,sidkey16p6.1-15
zgc:174180-1,zgc1741801
CR388378.3,CR388378.3
CR388378.1,CR388378.1
znf985-1,znf985-1
si:dkey-264f17.3,sidkey264f17.3
si:dkey-264f17.1,sidkey264f17.1
si:ch211-266c8.1,sich211266c8.1
si:dkey-264f17.2,sidkey264f17.2
zgc:173615,zgc173615
si:ch211-209j12.3,sich211209j12.3
si:ch211-209j12.2,sich211209j12.2
si:ch211-209j12.1,sich211209j12.1
znf1078-1,znf1078-1
si:dkey-82i20.5,sidkey82i20.5
si:ch211-209j12.6,sich211209j12.6
si:dkey-246j6.1,sidkey246j6.1
si:dkey-246j6.3,sidkey246j6.3
si:ch211-145h19.3,sich211145h19.3
znf1025,znf1025
znf1101,znf1101
znf993-2,znf993-2
znf1030,znf1030
si:ch211-120c15.3,sich211120c15.3
si:ch211-76m11.8-1,sich21176m11.8-1
zgc:174944-1,zgc1749441
znf1081,znf1081
BX088547.1,BX088547.1
znf1087,znf1087
znf1117,znf1117
si:ch211-145h19.5,sich211145h19.5
znf1076,znf1076
si:dkey-190j3.4,sidkey190j3.4
si:dkey-3h2.4,sidkey3h2.4
si:ch211-171l17.14-1,sich211171l17.14-1
si:ch211-171l17.4,sich211171l17.4
si:ch211-208f21.3-1,sich211208f21.3-1
si:dkey-3h2.4-1,sidkey3h2.4-1
si:dkey-3h2.3,sidkey3h2.3
si:dkey-3h2.2,sidkey3h2.2
si:ch211-11p18.6,sich21111p18.6
si:dkey-29j8.1-2,sidkey29j8.1-2
si:ch211-76m11.3,sich21176m11.3
si:dkey-190j3.6,sidkey190j3.6
si:rp71-7l19.2-1,sirp717l19.2-1
si:dkey-265e15.2-1,sidkey265e15.2-1
si:dkey-190j3.2-1,sidkey190j3.2-1
si:dkey-51d8.3-1,sidkey51d8.3-1
CABZ01033540.1,CABZ01033540.1
si:dkeyp-44b5.5-1,sidkeyp44b5.5-1
si:dkey-11d20.1-2,sidkey11d20.1-2
si:ch211-211k8.12,sich211211k8.12
BX088583.2,BX088583.2
BX088583.1,BX088583.1
si:dkey-28k24.2-3,sidkey28k24.2-3
si:dkey-16p6.1-16,sidkey16p6.1-16
si:ch211-127b6.2-1,sich211127b6.2-1
im:7141269,im7141269
si:ch211-108c17.2,sich211108c17.2
CU468012.1,CU468012.1
CU468012.3,CU468012.3
CU468012.4,CU468012.4
si:dkeyp-80d11.12,sidkeyp80d11.12
si:dkeyp-80d11.4,sidkeyp80d11.4
si:dkeyp-80d11.14,sidkeyp80d11.14
si:dkeyp-80d11.10,sidkeyp80d11.10
BX548059.1,BX548059.1
si:dkeyp-80d11.1,sidkeyp80d11.1
si:dkey-193i10.4,sidkey193i10.4
CT737123.1,CT737123.1
si:dkey-193i10.1,sidkey193i10.1
si:ch211-205a14.7,sich211205a14.7
si:rp71-7l19.2-2,sirp717l19.2-2
CR376730.1,CR376730.1
si:ch211-205a14.1,sich211205a14.1
si:dkeyp-123a12.2,sidkeyp123a12.2
BX950220.1,BX950220.1
si:ch211-76m11.9,sich21176m11.9
si:ch211-76m11.8-2,sich21176m11.8-2
si:ch211-76m11.15,sich21176m11.15
si:ch211-76m11.3-1,sich21176m11.3-1
BX936384.1,BX936384.1
si:ch211-76m11.5-1,sich21176m11.5-1
si:dkey-16p6.1-17,sidkey16p6.1-17
si:dkey-27n6.1-2,sidkey27n6.1-2
si:dkey-27n6.4,sidkey27n6.4
BX927130.1,BX927130.1
BX927130.3,BX927130.3
BX927130.4,BX927130.4
si:dkeyp-4f2.1-1,sidkeyp4f2.1-1
znf1116-1,znf1116-1
znf1017,znf1017
si:dkey-264f17.4,sidkey264f17.4
CU302323.1,CU302323.1
si:dkey-29j8.1-3,sidkey29j8.1-3
CU651668.1,CU651668.1
ftr64,ftr64
pyroxd1,pyroxd1
parp11,parp11
LO017820.1,LO017820.1
slco1f1,slco1f1
slco1f4,slco1f4
zgc:165515,zgc165515
si:cabz01071912.2,sicabz01071912.2
si:cabz01071911.3,sicabz01071911.3
CABZ01071909.1,CABZ01071909.1
si:cabz01071909.2,sicabz01071909.2
CR788316.3,CR788316.3
si:ch211-161m3.6,sich211161m3.6
CR788316.1,CR788316.1
CR788316.2,CR788316.2
CR788316.4,CR788316.4
zgc:175107,zgc175107
si:ch211-161m3.4,sich211161m3.4
si:cabz01054396.2,sicabz01054396.2
si:cabz01054394.5,sicabz01054394.5
si:cabz01054394.6,sicabz01054394.6
si:cabz01054394.7,sicabz01054394.7
CABZ01054394.1,CABZ01054394.1
CABZ01054391.1,CABZ01054391.1
rab3ip,rab3ip
myrfl,myrfl
LO018021.1,LO018021.1
zgc:152938,zgc152938
si:ch73-170d6.2,sich73170d6.2
si:ch73-170d6.3,sich73170d6.3
si:ch73-170d6.4,sich73170d6.4
LO018260.1,LO018260.1
LO018260.3,LO018260.3
LO018260.2,LO018260.2
CABZ01021435.1,CABZ01021435.1
CABZ01021433.1,CABZ01021433.1
wu:fc30c06,wufc30c06
si:cabz01021430.2,sicabz01021430.2
zgc:171727,zgc171727
si:cabz01021426.2,sicabz01021426.2
zgc:162958,zgc162958
si:ch73-120g24.4,sich73120g24.4
si:ch73-266f23.1,sich73266f23.1
si:ch73-266f23.1-1,sich73266f23.1-1
znf1015,znf1015
CU570689.1,CU570689.1
CU570689.2,CU570689.2
znf1015-1,znf1015-1
znf1015-2,znf1015-2
si:ch211-165i18.2,sich211165i18.2
si:ch73-266f23.3,sich73266f23.3
znf989,znf989
si:dkey-262g12.7,sidkey262g12.7
zgc:173624,zgc173624
BX855614.3,BX855614.3
si:dkey-262g12.14,sidkey262g12.14
BX855614.2,BX855614.2
zgc:171551,zgc171551
BX855614.4,BX855614.4
si:dkey-262g12.10,sidkey262g12.10
si:dkey-262g12.3,sidkey262g12.3
BX855614.1,BX855614.1
si:dkey-262g12.12,sidkey262g12.12
si:cabz01032454.3,sicabz01032454.3
CABZ01069022.2,CABZ01069022.2
CABZ01069022.1,CABZ01069022.1
CABZ01069020.1,CABZ01069020.1
LO018181.1,LO018181.1
si:cabz01069013.3,sicabz01069013.3
LO018205.1,LO018205.1
LO018205.3,LO018205.3
LO018205.2,LO018205.2
si:cabz01069012.2,sicabz01069012.2
rab21,rab21
CABZ01072523.1,CABZ01072523.1
trim24,trim24
ptprr,ptprr
ptprb,ptprb
zmp:0000001020,zmp0000001020
LO018124.1,LO018124.1
kcna1b,kcna1b
CABZ01117780.1,CABZ01117780.1
PHF21B,PHF21B
nup50,nup50
zgc:172139,zgc172139
large1,large1
CABZ01066312.1,CABZ01066312.1
CABZ01043953.1,CABZ01043953.1
naa40,naa40
SLC2A13,SLC2A13
abcd2,abcd2
CPNE8,CPNE8
si:ch211-266c8.1-1,sich211266c8.1-1
si:dkey-71l4.5,sidkey71l4.5
si:dkey-71l4.4,sidkey71l4.4
si:ch211-227e10.1-1,sich211227e10.1-1
si:dkey-165o8.1,sidkey165o8.1
si:dkey-71l4.3,sidkey71l4.3
si:dkey-71l4.2,sidkey71l4.2
si:dkey-84h14.1-1,sidkey84h14.1-1
si:dkey-165o8.2,sidkey165o8.2
si:dkey-261j11.1,sidkey261j11.1
si:ch211-106j21.4,sich211106j21.4
si:dkey-261j11.2,sidkey261j11.2
si:ch211-232d10.1,sich211232d10.1
si:dkey-261j11.3,sidkey261j11.3
si:dkey-71l4.1,sidkey71l4.1
si:ch211-232d10.3,sich211232d10.3
zgc:110171,zgc110171
si:ch211-106j21.2,sich211106j21.2
BX957252.2,BX957252.2
BX957252.1,BX957252.1
si:dkey-238k10.3,sidkey238k10.3
si:ch211-106j21.6,sich211106j21.6
BX957252.3,BX957252.3
zgc:174944-2,zgc1749442
si:ch73-389k6.1,sich73389k6.1
zgc:171673,zgc171673
si:ch73-158p21.2,sich73158p21.2
si:ch73-158p21.3,sich73158p21.3
zgc:123107,zgc123107
FP074874.2,FP074874.2
FP074874.1,FP074874.1
zgc:172128,zgc172128
zgc:113209,zgc113209
zgc:172128-1,zgc1721281
si:dkey-16p6.1-18,sidkey16p6.1-18
zgc:113119,zgc113119
zgc:153116,zgc153116
ftr51,ftr51
ms4a17a.17,ms4a17a.17
ms4a17a.16,ms4a17a.16
ms4a17a.11,ms4a17a.11
ms4a17a.9,ms4a17a.9
ms4a17a.8,ms4a17a.8
ms4a17a.5,ms4a17a.5
ms4a17a.2,ms4a17a.2
ms4a17a.1,ms4a17a.1
ms4a17a.7,ms4a17a.7
ms4a17a.3,ms4a17a.3
ms4a17a.6,ms4a17a.6
ms4a17a.10,ms4a17a.10
ms4a17a.4,ms4a17a.4
ms4a17a.12,ms4a17a.12
si:ch73-56d11.5,sich7356d11.5
ms4a17a.5-1,ms4a17a.5-1
CABZ01015815.1,CABZ01015815.1
CABZ01015815.2,CABZ01015815.2
CABZ01015815.4,CABZ01015815.4
CABZ01015815.5,CABZ01015815.5
CABZ01015815.3,CABZ01015815.3
si:dkey-240n22.6,sidkey240n22.6
BX005417.3,BX005417.3
si:dkey-240n22.6-1,sidkey240n22.6-1
si:dkey-240n22.3,sidkey240n22.3
BX005417.1,BX005417.1
trpm2,trpm2
si:dkey-172k15.6,sidkey172k15.6
znf1009,znf1009
znf1009-1,znf1009-1
si:dkey-240n22.8,sidkey240n22.8
BX005417.2,BX005417.2
CU467646.7,CU467646.7
CU467646.3,CU467646.3
CU467646.8,CU467646.8
si:dkey-172k15.11,sidkey172k15.11
CU467646.5,CU467646.5
znf1009-2,znf1009-2
psmb10,psmb10
si:dkey-172k15.4,sidkey172k15.4
si:dkey-172k15.3,sidkey172k15.3
zgc:174310,zgc174310
zgc:162948,zgc162948
LO018029.2,LO018029.2
LO018029.1,LO018029.1
slco1f2,slco1f2
slco1f3,slco1f3
slco1e1,slco1e1
slco1d1,slco1d1
CABZ01087415.1,CABZ01087415.1
AL935186.7,AL935186.7
AL935186.11,AL935186.11
AL935186.2,AL935186.2
AL935186.10,AL935186.10
AL935186.9,AL935186.9
AL935186.3,AL935186.3
si:dkey-61p9.11,sidkey61p9.11
PTCHD3,PTCHD3
si:dkey-61p9.9-1,sidkey61p9.9-1
hspa12a.1,hspa12a.1
si:dkey-61p9.7,sidkey61p9.7
hspa12a.2,hspa12a.2
gbp4,gbp4
AL935186.1,AL935186.1
si:dkey-238k10.1,sidkey238k10.1
si:dkey-61p9.9-2,sidkey61p9.9-2
si:dkey-238k10.2,sidkey238k10.2
si:dkey-238k10.3-1,sidkey238k10.3-1
si:dkey-207m2.4-1,sidkey207m2.4-1
BX005376.1,BX005376.1
ttll1,ttll1
pacsin2,pacsin2
arfgap3,arfgap3
ikbip,ikbip
terfa,terfa
ckap4,ckap4
cct2,cct2
nots,nots
cct2-1,cct2-1
CABZ01075274.1,CABZ01075274.1
FO704772.2,FO704772.2
FO704772.3,FO704772.3
NRXN2,NRXN2
nrxn2b,nrxn2b
MAP3K11,MAP3K11
drap1,drap1
C7H11orf68,C7H11orf68
rela,rela
CABP4,CABP4
cabz01076234.2,cabz01076234.2
zgc:175177,zgc175177
si:cabz01080528.1,sicabz01080528.1
CABZ01112025.1,CABZ01112025.1
CR926130.2,CR926130.2
CR926130.1,CR926130.1
epdl1,epdl1
dctn1a,dctn1a
CT030017.3,CT030017.3
si:dkey-31g16.2,sidkey31g16.2
si:dkeyp-74b6.2,sidkeyp74b6.2
ripk3,ripk3
khnyn,khnyn
si:cabz01090193.1,sicabz01090193.1
si:cabz01101003.1,sicabz01101003.1
emc4,emc4
lpcat4,lpcat4
nop10,nop10
si:cabz01102082.1,sicabz01102082.1
tox4b,tox4b
supt16h,supt16h
BX248243.1,BX248243.1
CT573787.2,CT573787.2
CABZ01040626.1,CABZ01040626.1
si:cabz01040626.2,sicabz01040626.2
zgc:171424,zgc171424
si:cabz01007794.1,sicabz01007794.1
si:cabz01007802.1,sicabz01007802.1
si:cabz01007807.1,sicabz01007807.1
si:cabz01007812.1,sicabz01007812.1
si:cabz01007816.2,sicabz01007816.2
si:dkey-187j14.6,sidkey187j14.6
si:dkey-187j14.4,sidkey187j14.4
zgc:172065,zgc172065
zgc:172075,zgc172075
si:dkey-187j14.7,sidkey187j14.7
zgc:66473,zgc66473
si:dkey-187j14.8,sidkey187j14.8
BX323987.1,BX323987.1
zgc:66473-1,zgc664731
si:dkey-125e8.3,sidkey125e8.3
BX322792.1,BX322792.1
si:ch211-217i17.1,sich211217i17.1
BX004857.1,BX004857.1
zgc:171695,zgc171695
si:ch73-122k23.1,sich73122k23.1
CR855393.1,CR855393.1
si:dkey-201l21.4,sidkey201l21.4
si:ch211-285c6.5,sich211285c6.5
si:ch211-285c6.4,sich211285c6.4
si:ch211-285c6.1,sich211285c6.1
si:ch211-285c6.2,sich211285c6.2
si:ch211-285c6.6,sich211285c6.6
si:ch211-285c6.3,sich211285c6.3
BX005456.1,BX005456.1
si:dkey-192d15.1,sidkey192d15.1
si:dkey-192d15.2,sidkey192d15.2
si:ch211-282j17.8,sich211282j17.8
si:ch211-282j17.1,sich211282j17.1
si:ch211-282j17.2,sich211282j17.2
si:ch211-282j17.3,sich211282j17.3
si:ch211-282j17.12,sich211282j17.12
si:ch211-282j17.5,sich211282j17.5
si:ch211-282j17.13,sich211282j17.13
si:ch211-282j17.10,sich211282j17.10
zgc:195077,zgc195077
si:dkey-88n24.10,sidkey88n24.10
si:dkey-88n24.8,sidkey88n24.8
si:dkey-88n24.7,sidkey88n24.7
si:dkey-88n24.5,sidkey88n24.5
si:dkey-88n24.3,sidkey88n24.3
si:dkey-88n24.11,sidkey88n24.11
si:dkey-88n24.10-1,sidkey88n24.10-1
si:dkey-88n24.12,sidkey88n24.12
ndrg2,ndrg2
zgc:55733,zgc55733
si:ch211-63p21.1,sich21163p21.1
si:dkey-28d5.5,sidkey28d5.5
si:dkey-28d5.14,sidkey28d5.14
si:ch211-63p21.4,sich21163p21.4
klhl33,klhl33
cbln11,cbln11
si:ch211-63p21.8,sich21163p21.8
slc12a10.2,slc12a10.2
CR383683.1,CR383683.1
slc12a10.3,slc12a10.3
slc12a10.1,slc12a10.1
si:dkey-83f18.14,sidkey83f18.14
CR318646.2,CR318646.2
CR318646.3,CR318646.3
si:dkey-83f18.11,sidkey83f18.11
si:dkey-83f18.10,sidkey83f18.10
si:dkey-83f18.4,sidkey83f18.4
si:dkey-83f18.9,sidkey83f18.9
CR318646.1,CR318646.1
si:dkey-83f18.7,sidkey83f18.7
si:dkey-83f18.15,sidkey83f18.15
zgc:162060,zgc162060
si:dkey-83f18.6,sidkey83f18.6
si:ch211-225k7.3,sich211225k7.3
si:dkey-83f18.5,sidkey83f18.5
si:dkey-83f18.3,sidkey83f18.3
si:dkey-83f18.2,sidkey83f18.2
si:ch211-225k7.6,sich211225k7.6
si:ch211-225k7.2,sich211225k7.2
si:ch211-225k7.4,sich211225k7.4
si:ch211-282j17.10-1,sich211282j17.10-1
si:ch211-225k7.5,sich211225k7.5
si:dkey-28d5.1,sidkey28d5.1
si:dkey-28d5.3,sidkey28d5.3
si:dkey-28d5.4,sidkey28d5.4
si:dkey-83f18.8,sidkey83f18.8
si:dkey-28d5.8,sidkey28d5.8
si:dkey-28d5.10,sidkey28d5.10
si:dkey-28d5.11,sidkey28d5.11
si:dkey-28d5.11-1,sidkey28d5.11-1
si:dkey-28d5.13,sidkey28d5.13
si:dkey-28d5.14-1,sidkey28d5.14-1
si:dkey-81n2.2,sidkey81n2.2
si:dkey-81n2.1,sidkey81n2.1
CR847899.1,CR847899.1
si:ch211-272h9.3,sich211272h9.3
ltb4r,ltb4r
CR847899.2,CR847899.2
ltb4r2a,ltb4r2a
si:ch211-272h9.6,sich211272h9.6
si:ch211-272h9.5,sich211272h9.5
zgc:195075,zgc195075
si:ch73-223f5.1,sich73223f5.1
si:ch73-223f5.2,sich73223f5.2
FP236789.2,FP236789.2
si:cabz01074946.1,sicabz01074946.1
vangl2,vangl2
arhgef11,arhgef11
MYADM,MYADM
si:dkeyp-67a8.4,sidkeyp67a8.4
si:dkeyp-67a8.4-1,sidkeyp67a8.4-1
BX005156.2,BX005156.2
si:ch211-165f21.4,sich211165f21.4
BX005156.1,BX005156.1
si:ch211-165f21.2,sich211165f21.2
BX000524.2,BX000524.2
si:dkey-10h3.2,sidkey10h3.2
BX000524.1,BX000524.1
si:dkey-10h3.3,sidkey10h3.3
si:dkey-10h3.7,sidkey10h3.7
si:ch211-165f21.7,sich211165f21.7
si:dkey-23a13.2,sidkey23a13.2
dusp19b,dusp19b
hist1h2a11,hist1h2a11
CU459186.4,CU459186.4
zgc:112234,zgc112234
CU459186.5,CU459186.5
hist1h4l,hist1h4l
si:ch211-113a14.22,sich211113a14.22
si:dkey-23a13.9,sidkey23a13.9
CU459186.1,CU459186.1
si:dkey-23a13.11,sidkey23a13.11
CU459186.6,CU459186.6
zgc:171759,zgc171759
CU459186.2,CU459186.2
zgc:165555,zgc165555
zgc:112234-1,zgc1122341
si:dkey-23a13.17,sidkey23a13.17
CU459186.3,CU459186.3
zgc:163040,zgc163040
hist1h2a11-1,hist1h2a11-1
si:dkey-23a13.21,sidkey23a13.21
si:dkey-23a13.22,sidkey23a13.22
CU459186.7,CU459186.7
si:cabz01036006.1,sicabz01036006.1
si:ch211-220f21.2,sich211220f21.2
si:ch211-220f21.1,sich211220f21.1
si:ch211-220f21.3,sich211220f21.3
hist1h4l-1,hist1h4l-1
CU457819.5,CU457819.5
si:ch73-368j24.11,sich73368j24.11
zgc:112234-2,zgc1122342
hist1h4l-2,hist1h4l-2
CU457819.1,CU457819.1
zgc:112234-3,zgc1122343
hist1h4l-3,hist1h4l-3
CU457819.3,CU457819.3
zgc:112234-4,zgc1122344
CU457819.2,CU457819.2
hist1h2a11-2,hist1h2a11-2
si:ch73-368j24.17,sich73368j24.17
CU457819.6,CU457819.6
CU457819.4,CU457819.4
si:ch73-368j24.12,sich73368j24.12
hist1h4l-4,hist1h4l-4
hist1h2a6,hist1h2a6
zgc:112234-5,zgc1122345
zgc:173552,zgc173552
si:ch1073-153i20.5,sich1073153i20.5
si:ch1073-153i20.4,sich1073153i20.4
hist1h4l-5,hist1h4l-5
hist1h2a10,hist1h2a10
zgc:112234-6,zgc1122346
FP325123.2,FP325123.2
hist1h2a11-3,hist1h2a11-3
si:ch1073-159d7.7,sich1073159d7.7
zgc:154164,zgc154164
zgc:112234-7,zgc1122347
hist1h4l-6,hist1h4l-6
hist1h2a2,hist1h2a2
zgc:112234-8,zgc1122348
FP325123.1,FP325123.1
hist1h2a11-4,hist1h2a11-4
zgc:110425,zgc110425
si:cabz01036022.1,sicabz01036022.1
si:ch1073-220m6.1,sich1073220m6.1
kcnj10a,kcnj10a
pnp5a,pnp5a
CAPN1,CAPN1
sf3b2,sf3b2
prkd4,prkd4
ccs,ccs
rbm14b,rbm14b
actn3b,actn3b
ccs-1,ccs-1
gal3st3,gal3st3
si:ch211-168d1.3,sich211168d1.3
zgc:101810,zgc101810
six7,six7
b4gat1,b4gat1
pfdn2,pfdn2
nit1,nit1
clcn3,clcn3
si:ch211-42c5.5,sich21142c5.5
mfap3l,mfap3l
aadat,aadat
ino80b,ino80b
intu,intu
CABZ01030291.2,CABZ01030291.2
trmt10b,trmt10b
cxcl19,cxcl19
cxcl8b.3,cxcl8b.3
cxcl8b.1,cxcl8b.1
CABZ01030278.1,CABZ01030278.1
si:cabz01030277.1,sicabz01030277.1
si:ch211-163c2.1,sich211163c2.1
si:ch211-163c2.1-1,sich211163c2.1-1
si:ch211-163c2.2,sich211163c2.2
f13a1b,f13a1b
si:dkey-185m8.2,sidkey185m8.2
jac7,jac7
zgc:172143,zgc172143
aep1,aep1
jac10,jac10
zgc:194686,zgc194686
jac1,jac1
CR382283.1,CR382283.1
si:dkeyp-32g11.8,sidkeyp32g11.8
jac4,jac4
loc564481,loc564481
jac6,jac6
loc564660,loc564660
jac9,jac9
CU019647.1,CU019647.1
jac8,jac8
jac3,jac3
jac2,jac2
CR759816.1,CR759816.1
si:ch211-1o7.2,sich2111o7.2
tex261,tex261
si:ch211-1o7.3,sich2111o7.3
vax2,vax2
C7H20orf27,C7H20orf27
si:ch211-183d5.2,sich211183d5.2
zgc:113057,zgc113057
pcsk6,pcsk6
snrpa1,snrpa1
selenos,selenos
chsy1,chsy1
CU457792.1,CU457792.1
lrrk1,lrrk1
aldh1a3,aldh1a3
asb7,asb7
lins1,lins1
cers3a,cers3a
adamts17,adamts17
MINAR1,MINAR1
mthfs,mthfs
zfand6,zfand6
fah,fah
arnt2,arnt2
abhd17c,abhd17c
cemip,cemip
mesd,mesd
tlnrd1,tlnrd1
il16,il16
stard5,stard5
CABZ01068273.2,CABZ01068273.2
CABZ01068273.1,CABZ01068273.1
si:dkey-15b23.3,sidkey15b23.3
LO018324.1,LO018324.1
si:dkey-15b23.3-1,sidkey15b23.3-1
CR388156.1,CR388156.1
mex3b,mex3b
efl1,efl1
saxo2,saxo2
adamtsl3,adamtsl3
zgc:158785,zgc158785
cx36.7,cx36.7
sh3gl3a,sh3gl3a
fth1a,fth1a
saa,saa
rplp2l,rplp2l
slc25a22b,slc25a22b
syt7b,syt7b
sdhaf2,sdhaf2
polr2l,polr2l
si:ch73-119p20.1,sich73119p20.1
dagla,dagla
CT030046.1,CT030046.1
arih1l,arih1l
plekho2,plekho2
ankdd1a,ankdd1a
spg21,spg21
clpxa,clpxa
pdcd7,pdcd7
kbtbd13,kbtbd13
rasl12,rasl12
abhd2a,abhd2a
rlbp1a,rlbp1a
slc39a1,slc39a1
strc,strc
furina,furina
CR627485.1,CR627485.1
fes,fes
rhcga,rhcga
CU467822.3,CU467822.3
CU467822.2,CU467822.2
kif7,kif7
mrps11,mrps11
mrpl46,mrpl46
ntrk3b,ntrk3b
CU280645.1,CU280645.1
si:dkey-172h23.2,sidkey172h23.2
FP101884.1,FP101884.1
sv2ba,sv2ba
mespaa,mespaa
mespba,mespba
si:ch211-276a23.5,sich211276a23.5
ANPEP,ANPEP
igf1rb,igf1rb
lrrc28,lrrc28
mef2ab,mef2ab
mctp2b,mctp2b
rcn1,rcn1
pax6b,pax6b
elp4,elp4
immp1l,immp1l
BX957347.2,BX957347.2
si:ch73-367j5.3,sich73367j5.3
CT030144.2,CT030144.2
btr04,btr04
btr05,btr05
btr06,btr06
btr07,btr07
BX957276.1,BX957276.1
mpped2a,mpped2a
zdhhc13,zdhhc13
csrp3,csrp3
e2f8,e2f8
nav2a,nav2a
CU929054.1,CU929054.1
dbx1a,dbx1a
htatip2,htatip2
prmt3,prmt3
slc6a5,slc6a5
nitr12,nitr12
nitr9,nitr9
si:ch73-46n24.1,sich7346n24.1
CU179757.1,CU179757.1
nitr10a,nitr10a
nitr8,nitr8
CU179702.2,CU179702.2
nitr7a,nitr7a
nitr3a,nitr3a
nitr3b,nitr3b
nitr2a,nitr2a
nitr2b,nitr2b
nitr1b,nitr1b
nitr1b-1,nitr1b-1
nitr1k,nitr1k
CU672228.1,CU672228.1
nitr1b-2,nitr1b-2
nitr5,nitr5
nitr4a,nitr4a
nitr6b-1,nitr6b-1
nitr6a,nitr6a
nitr6b-2,nitr6b-2
CT030012.1,CT030012.1
map4k2,map4k2
men1,men1
rtn3,rtn3
si:dkey-106g10.7,sidkey106g10.7
si:dkey-28a3.2,sidkey28a3.2
ecsit,ecsit
eml3,eml3
mta2,mta2
cth1,cth1
taf6l,taf6l
kcnk7,kcnk7
ehbp1l1a,ehbp1l1a
si:ch73-40a2.1,sich7340a2.1
rab1ba,rab1ba
peli3,peli3
rce1a,rce1a
CT027807.1,CT027807.1
cd248a,cd248a
sstr1b,sstr1b
znf16l,znf16l
rgs12a,rgs12a
msantd1,msantd1
dtx4a,dtx4a
si:ch211-119e14.1,sich211119e14.1
coro1b,coro1b
nectin4a,nectin4a
trmt10a,trmt10a
C7H4orf54,C7H4orf54
mllt3,mllt3
focad,focad
zgc:194252,zgc194252
HACD4,HACD4
CU972454.1,CU972454.1
CU972454.2,CU972454.2
CU972454.3,CU972454.3
CU972454.4,CU972454.4
fcer1g,fcer1g
ndufs2,ndufs2
kirrel1a,kirrel1a
il13ra1,il13ra1
dock11,dock11
ntn4,ntn4
snrpf,snrpf
AMDHD1,AMDHD1
si:ch73-71d17.2,sich7371d17.2
si:ch211-212k18.6,sich211212k18.6
si:ch211-212k18.7,sich211212k18.7
si:ch211-212k18.8,sich211212k18.8
si:ch211-212k18.9,sich211212k18.9
man2b2,man2b2
ttc5,ttc5
CCNB1IP1,CCNB1IP1
si:ch211-212k18.5,sich211212k18.5
slc7a7,slc7a7
oxa1l,oxa1l
casp23,casp23
zgc:194655,zgc194655
si:ch211-212k18.15,sich211212k18.15
si:ch211-212k18.4,sich211212k18.4
si:ch211-196p9.1,sich211196p9.1
tkfc,tkfc
si:dkey-9k7.3,sidkey9k7.3
BX957278.1,BX957278.1
ovol1a,ovol1a
mus81,mus81
TMEM151A,TMEM151A
si:ch211-285j22.3,sich211285j22.3
zgc:110591,zgc110591
prox3,prox3
snx15,snx15
trip6,trip6
bcl6b,bcl6b
slc16a13,slc16a13
acap1,acap1
zgc:114045,zgc114045
BX322601.1,BX322601.1
si:ch73-335l21.1,sich73335l21.1
CU019646.1,CU019646.1
si:ch73-335l21.4,sich73335l21.4
si:ch73-335l21.3,sich73335l21.3
si:ch73-335l21.2,sich73335l21.2
dvl2,dvl2
acadvl,acadvl
zgc:194312,zgc194312
ponzr1,ponzr1
si:dkey-33c9.6,sidkey33c9.6
ntn5,ntn5
cnpy4,cnpy4
si:dkey-33c9.8,sidkey33c9.8
si:dkey-19b23.13,sidkey19b23.13
si:dkey-19b23.12,sidkey19b23.12
si:dkey-19b23.14,sidkey19b23.14
zgc:103586,zgc103586
slc3a2a,slc3a2a
zgc:158423,zgc158423
CR318653.1,CR318653.1
si:dkey-19b23.10,sidkey19b23.10
zpax4,zpax4
si:dkey-19b23.7,sidkey19b23.7
si:dkey-19b23.8,sidkey19b23.8
SAT2,SAT2
sat2a,sat2a
tnfsf12,tnfsf12
chd3,chd3
cyb5d1,cyb5d1
dnajc3b,dnajc3b
cldn15a,cldn15a
fis1,fis1
gigyf1a,gigyf1a
wrap53,wrap53
efnb3b,efnb3b
serpinh2,serpinh2
dnah2,dnah2
kdm6ba,kdm6ba
BX005336.1,BX005336.1
tmem88b,tmem88b
BX005336.3,BX005336.3
BX005336.2,BX005336.2
BX005336.4,BX005336.4
tm4sf5,tm4sf5
si:dkey-85k7.7,sidkey85k7.7
mettl3,mettl3
pop7,pop7
epoa,epoa
ufsp1,ufsp1
si:dkey-85k7.11,sidkey85k7.11
si:dkey-85k7.12,sidkey85k7.12
nlgn2a,nlgn2a
tmem256,tmem256
tmem102,tmem102
fgf11a,fgf11a
chrnb1,chrnb1
chrnb1l,chrnb1l
cldn7a,cldn7a
si:dkey-112a7.4,sidkey112a7.4
BX649313.1,BX649313.1
si:dkey-112a7.5,sidkey112a7.5
ponzr5,ponzr5
BX470211.1,BX470211.1
ponzr3,ponzr3
ponzr4,ponzr4
ugt5g1,ugt5g1
si:dkey-165a24.9,sidkey165a24.9
fxr2,fxr2
ponzr6,ponzr6
si:dkey-165a24.10,sidkey165a24.10
si:ch211-15b10.6,sich21115b10.6
rbm4.3,rbm4.3
rbm4.2,rbm4.2
rbm4.1,rbm4.1
sf1,sf1
pygmb,pygmb
clcn5b,clcn5b
tnfsf10l,tnfsf10l
si:dkey-171c9.3,sidkey171c9.3
ccnb3,ccnb3
BX957325.1,BX957325.1
htr2cl1,htr2cl1
zgc:109889,zgc109889
gpr185b,gpr185b
si:dkey-172j4.3,sidkey172j4.3
zgc:92429,zgc92429
si:ch211-200p22.4,sich211200p22.4
AL954129.1,AL954129.1
zgc:162171,zgc162171
rab39bb,rab39bb
vbp1,vbp1
CR388231.5,CR388231.5
syt4,syt4
si:dkey-183c6.7,sidkey183c6.7
si:dkey-183c6.8,sidkey183c6.8
ccdc166,ccdc166
si:dkey-183c6.9,sidkey183c6.9
homezb,homezb
cideb,cideb
CR388231.4,CR388231.4
tinf2,tinf2
dhrs4,dhrs4
efs,efs
CR388231.6,CR388231.6
acin1b,acin1b
CR388231.2,CR388231.2
CR388231.1,CR388231.1
ajuba,ajuba
mrpl52,mrpl52
mmp14a,mmp14a
lrp10,lrp10
si:ch211-216p19.5,sich211216p19.5
zgc:153151,zgc153151
si:ch211-216p19.6,sich211216p19.6
CR318603.2,CR318603.2
gmpr2,gmpr2
nedd8,nedd8
slc7a8a,slc7a8a
CR318603.1,CR318603.1
svep1,svep1
txn,txn
si:dkey-11k2.7,sidkey11k2.7
ptgr1,ptgr1
haus3,haus3
poln,poln
nat8l,nat8l
C7H4orf48,C7H4orf48
nelfa,nelfa
faah2b,faah2b
btr09,btr09
TESK1,TESK1
si:dkeyp-75h12.7,sidkeyp75h12.7
pik3c3,pik3c3
rgp1,rgp1
MSMP,MSMP
gba2,gba2
calb2b,calb2b
cmtr2,cmtr2
shroom4,shroom4
si:ch211-226l4.6,sich211226l4.6
otub1b,otub1b
CSKMT,CSKMT
fam113,fam113
BX511061.1,BX511061.1
adad2,adad2
krcp,krcp
mark2b,mark2b
rcor2,rcor2
naa40-1,naa40-1
b3gat3,b3gat3
sb:cb1058,sbcb1058
si:dkey-23i12.5,sidkey23i12.5
AL954715.5,AL954715.5
AL954715.6,AL954715.6
AL954715.2,AL954715.2
AL954715.4,AL954715.4
arl2,arl2
si:dkey-23i12.7,sidkey23i12.7
ppp2r5b,ppp2r5b
si:dkey-23i12.9,sidkey23i12.9
gpha2,gpha2
zgc:101765,zgc101765
badb,badb
exoc6b,exoc6b
cyp26b1,cyp26b1
CU929416.1,CU929416.1
dysf,dysf
CR846090.1,CR846090.1
CU467013.2,CU467013.2
mtm1,mtm1
mtmr1a,mtmr1a
cd99l2,cd99l2
hmgb3a,hmgb3a
arrb2b,arrb2b
pelp1,pelp1
BX005022.1,BX005022.1
alox12,alox12
rnaseka,rnaseka
si:dkey-6n21.12,sidkey6n21.12
si:dkey-6n21.13,sidkey6n21.13
CT027989.1,CT027989.1
zgc:92664,zgc92664
ache,ache
si:ch211-196f2.3,sich211196f2.3
snapc2,snapc2
nat16,nat16
si:ch211-196f2.6,sich211196f2.6
nat16l,nat16l
vgf,vgf
ap1s1,ap1s1
serpine1,serpine1
zgc:77439,zgc77439
zanl,zanl
map11,map11
gal3st4,gal3st4
her8a,her8a
zgc:172079,zgc172079
zgc:172079-1,zgc1720791
zgc:172079-2,zgc1720792
mblac1,mblac1
mpdu1b,mpdu1b
sox19b,sox19b
eif4a1a,eif4a1a
CR848032.1,CR848032.1
senp3b,senp3b
si:dkey-62k3.5,sidkey62k3.5
tnk1,tnk1
si:dkey-62k3.6,sidkey62k3.6
plscr3b,plscr3b
CR848032.2,CR848032.2
phf23b,phf23b
hsbp1a,hsbp1a
tp53i11a,tp53i11a
cd82a,cd82a
CR394555.1,CR394555.1
tspan18a,tspan18a
si:ch211-107p11.3,sich211107p11.3
ext2,ext2
alx4a,alx4a
caprin1a,caprin1a
nucb2a,nucb2a
rps13,rps13
BX927397.1,BX927397.1
plekha7b,plekha7b
sox6,sox6
cyp2r1,cyp2r1
calca,calca
pde3b,pde3b
BX005056.2,BX005056.2
copb1,copb1
rras2,rras2
tub,tub
RIC3,RIC3
BX072554.1,BX072554.1
lmo1,lmo1
BX072554.2,BX072554.2
BX072554.3,BX072554.3
stk33,stk33
rerglb,rerglb
trim66,trim66
BX323591.1,BX323591.1
dennd2b,dennd2b
tmem9b,tmem9b
scube2,scube2
slc7a6os,slc7a6os
slc7a6,slc7a6
adgrg1,adgrg1
adgrg1-1,adgrg1-1
CU464087.1,CU464087.1
ccdc102a,ccdc102a
dok4,dok4
CR376738.2,CR376738.2
CR376738.1,CR376738.1
dnaaf1,dnaaf1
nrn1lb,nrn1lb
cog4,cog4
thap11,thap11
gfod2,gfod2
sinhcafl,sinhcafl
vrk3,vrk3
acd,acd
ogfod1,ogfod1
fbxl8,fbxl8
tradd,tradd
gnao1b,gnao1b
mtbl,mtbl
tmppe,tmppe
exosc6,exosc6
slc38a8b,slc38a8b
aph1b,aph1b
herc1,herc1
dapk2a,dapk2a
si:ch211-112g6.4,sich211112g6.4
CR450827.2,CR450827.2
rab8b,rab8b
trpm1a,trpm1a
gtf2a2,gtf2a2
CR450827.1,CR450827.1
foxb1b,foxb1b
BX927082.1,BX927082.1
anxa2b,anxa2b
rorab,rorab
vps13c,vps13c
tln2a,tln2a
tpma,tpma
fbxo22,fbxo22
isl2b,isl2b
pstpip1b,pstpip1b
tspan3b,tspan3b
nmbb,nmbb
alpk3b,alpk3b
frmd5,frmd5
tmed3,tmed3
si:ch211-107o10.3,sich211107o10.3
CR356246.1,CR356246.1
wdr76,wdr76
znf710b,znf710b
sema4bb,sema4bb
zgc:162945,zgc162945
serf2,serf2
polr2m,polr2m
aldh1a2,aldh1a2
aqp9b,aqp9b
lipca,lipca
adam10a,adam10a
BX957301.1,BX957301.1
AL935053.1,AL935053.1
mindy2,mindy2
sltm,sltm
rnf111,rnf111
ccnb2,ccnb2
myo1ea,myo1ea
mtmr10,mtmr10
mphosph10,mphosph10
mcee,mcee
apba2b,apba2b
sord,sord
si:dkey-1h4.4,sidkey1h4.4
terb2,terb2
tjp1a,tjp1a
fam189a1,fam189a1
CR356242.1,CR356242.1
casc4,casc4
ctdspl2b,ctdspl2b
strc1,strc1
eif3jb,eif3jb
cilp,cilp
CU329666.1,CU329666.1
igdcc3,igdcc3
igdcc4,igdcc4
nap1l4b,nap1l4b
cars1,cars1
mybpc3,mybpc3
lin7c,lin7c
bdnf,bdnf
kif18a,kif18a
mettl15,mettl15
BX324119.1,BX324119.1
lgr4,lgr4
BX511109.1,BX511109.1
CT030129.1,CT030129.1
kcna4,kcna4
fshb,fshb
arl14ep,arl14ep
si:ch73-314g15.3,sich73314g15.3
spi1b,spi1b
slc39a13,slc39a13
si:ch211-150g13.3,sich211150g13.3
gas2b,gas2b
slc17a6b,slc17a6b
ano5b,ano5b
tssc4,tssc4
ano9b,ano9b
pkp3b,pkp3b
cd81a,cd81a
kcnc1a,kcnc1a
tph1b,tph1b
mns1,mns1
zgc:153219,zgc153219
itln2,itln2
itln2-1,itln2-1
si:ch211-194p6.10,sich211194p6.10
BX571811.2,BX571811.2
BX571811.1,BX571811.1
ITLN1,ITLN1
itga11a,itga11a
coro2ba,coro2ba
anp32a,anp32a
glceb,glceb
paqr5b,paqr5b
AL954672.1,AL954672.1
tle3b,tle3b
uacab,uacab
rxfp3.3a1,rxfp3.3a1
pias1a,pias1a
skor1a,skor1a
map2k5,map2k5
smad3a,smad3a
smad6a,smad6a
crybgx,crybgx
lctla,lctla
tipin,tipin
dis3l,dis3l
si:ch211-98n17.5,sich21198n17.5
fibinb,fibinb
bbox1,bbox1
madd,madd
nr1h3,nr1h3
si:cabz01009626.1,sicabz01009626.1
si:zfos-1897c11.1,sizfos1897c11.1
cln6a,cln6a
calml4a,calml4a
tex9,tex9
rfx7a,rfx7a
fhod1,fhod1
slc9a5,slc9a5
plekhg4,plekhg4
si:dkey-148a17.5,sidkey148a17.5
si:dkey-148a17.6,sidkey148a17.6
esrp2,esrp2
nfatc3a,nfatc3a
BX005082.1,BX005082.1
ddx28,ddx28
galr1b,galr1b
zgc:112160,zgc112160
zgc:136461,zgc136461
ctrb1,ctrb1
agrp,agrp
atp6v0d1,atp6v0d1
hsd11b2,hsd11b2
zdhhc1,zdhhc1
tppp3,tppp3
amfrb,amfrb
dpep2,dpep2
slc12a4,slc12a4
slc6a2,slc6a2
lpcat2,lpcat2
mmp2,mmp2
BX294178.2,BX294178.2
irx6a,irx6a
BX294178.1,BX294178.1
BX294178.3,BX294178.3
BX255967.1,BX255967.1
irx5a,irx5a
irx3a,irx3a
CR848715.1,CR848715.1
fto,fto
aktip,aktip
chd9,chd9
CU464124.1,CU464124.1
FP015866.3,FP015866.3
FP015866.1,FP015866.1
zgc:195356,zgc195356
tox3,tox3
AL929307.1,AL929307.1
sall1a,sall1a
CT030153.1,CT030153.1
cylda,cylda
nod2,nod2
nkd1,nkd1
brd7,brd7
adcy7,adcy7
BX663605.1,BX663605.1
tent4b,tent4b
heatr3,heatr3
BX323060.3,BX323060.3
cebpa,cebpa
cebpg,cebpg
BX323060.1,BX323060.1
abcc12,abcc12
BX323797.3,BX323797.3
BX323797.4,BX323797.4
si:dkey-78a14.4,sidkey78a14.4
cnep1r1,cnep1r1
gpatch1,gpatch1
lrp3,lrp3
slc7a10a,slc7a10a
BX323855.1,BX323855.1
rhpn2,rhpn2
BX323855.2,BX323855.2
cep89,cep89
zgc:165481,zgc165481
slc7a9,slc7a9
nudt19,nudt19
celf1,celf1
BX571680.1,BX571680.1
CR318601.1,CR318601.1
ptpmt1,ptpmt1
ndufs3,ndufs3
c1qtnf4,c1qtnf4
c6ast4,c6ast4
c6ast3,c6ast3
BX957297.3,BX957297.3
BX957297.2,BX957297.2
npsn,npsn
c6ast1,c6ast1
mtch2,mtch2
psmc3,psmc3
aplnr2,aplnr2
syt13,syt13
BX957297.1,BX957297.1
cd59,cd59
fbxo3,fbxo3
znf408,znf408
f2,f2
arhgap1,arhgap1
si:dkey-23n7.10,sidkey23n7.10
atg13,atg13
harbi1,harbi1
zgc:110699,zgc110699
phf21aa,phf21aa
creb3l1,creb3l1
dgkza,dgkza
CR382325.1,CR382325.1
mdka,mdka
chrm4a,chrm4a
ambra1a,ambra1a
acp2,acp2
slc8b1,slc8b1
tnni2b.2,tnni2b.2
tnni2b.1,tnni2b.1
lsp1b,lsp1b
tnnt3b,tnnt3b
otog,otog
slc22a18,slc22a18
ptprja,ptprja
ptpn5,ptpn5
zgc:158564,zgc158564
tbc1d14,tbc1d14
ccl36.1,ccl36.1
BX908792.1,BX908792.1
si:dkey-58i8.5,sidkey58i8.5
ccdc96,ccdc96
tada2b,tada2b
grpel1,grpel1
sorcs2,sorcs2
shrprbck1r,shrprbck1r
MAF1,MAF1
si:ch73-174h16.4,sich73174h16.4
si:ch73-174h16.5,sich73174h16.5
wdr60,wdr60
esyt2b,esyt2b
ncapg2,ncapg2
ptprn2,ptprn2
dnajb6b,dnajb6b
ube3c,ube3c
mnx1,mnx1
nom1,nom1
lmbr1,lmbr1
rnf32,rnf32
CU041319.3,CU041319.3
shha,shha
rbm33a,rbm33a
CU041319.2,CU041319.2
si:dkey-151p11.2,sidkey151p11.2
en2a,en2a
insig1,insig1
htr5ab,htr5ab
AL772146.1,AL772146.1
puf60b,puf60b
scrib,scrib
AL772146.2,AL772146.2
kif9,kif9
si:dkey-86l18.10,sidkey86l18.10
rgs9bp,rgs9bp
MCUR1,MCUR1
dph2,dph2
ncf2,ncf2
garem,garem
prkdc,prkdc
BX322787.1,BX322787.1
abcf2b,abcf2b
chpf2,chpf2
smarcd3b,smarcd3b
BX005319.1,BX005319.1
NFX1,NFX1
plxdc2,plxdc2
malrd1,malrd1
arl8,arl8
hrh3,hrh3
vps35,vps35
orc6,orc6
mylk3,mylk3
C7H16orf87,C7H16orf87
gpt2,gpt2
dnaja2a,dnaja2a
neto2b,neto2b
itfg1,itfg1
phkb,phkb
CU570782.3,CU570782.3
CU570782.1,CU570782.1
CU570782.2,CU570782.2
adamts18,adamts18
BX284620.3,BX284620.3
BX470088.1,BX470088.1
BX284696.1,BX284696.1
BX005003.1,BX005003.1
BX005396.3,BX005396.3
BX005396.2,BX005396.2
cdh11,cdh11
CT025913.1,CT025913.1
BX842687.1,BX842687.1
CU861667.1,CU861667.1
cdh5,cdh5
bean1,bean1
si:ch211-189a15.5,sich211189a15.5
tk2,tk2
CT027744.2,CT027744.2
cmtm3,cmtm3
CT027744.1,CT027744.1
cmtm4,cmtm4
BX511128.1,BX511128.1
dync1li2,dync1li2
BX511128.2,BX511128.2
si:dkey-56m19.5,sidkey56m19.5
BX511128.3,BX511128.3
nae1,nae1
ca7,ca7
cdh16,cdh16
BX511136.1,BX511136.1
rrad,rrad
ciao2b,ciao2b
VSTM2B,VSTM2B
uqcrfs1,uqcrfs1
BX511025.1,BX511025.1
shcbp1,shcbp1
FO704745.1,FO704745.1
pop4,pop4
plekhf1,plekhf1
C18H19orf12,C18H19orf12
C18H19orf12-1,C18H19orf12-1
C18H19orf12-2,C18H19orf12-2
si:ch211-260e23.9,sich211260e23.9
zgc:162297,zgc162297
ccne1,ccne1
CR847947.1,CR847947.1
znf536,znf536
tshz3b,tshz3b
CT476811.1,CT476811.1
BX005073.3,BX005073.3
BX005073.1,BX005073.1
BX005073.2,BX005073.2
BX323051.1,BX323051.1
znf507,znf507
si:ch211-186j3.3,sich211186j3.3
dpy19l3,dpy19l3
AL935126.2,AL935126.2
si:ch211-186j3.6,sich211186j3.6
CABZ01040175.1,CABZ01040175.1
mtss1lb,mtss1lb
CR354581.1,CR354581.1
cpeb1b,cpeb1b
rbpms2b,rbpms2b
BX663612.2,BX663612.2
oaz2b,oaz2b
slc25a44b,slc25a44b
crabp1b,crabp1b
sin3ab,sin3ab
lingo1b,lingo1b
AL928843.1,AL928843.1
kcnq1.1,kcnq1.1
cdkn1ca,cdkn1ca
trpm5,trpm5
AL929208.1,AL929208.1
traf6,traf6
acana,acana
mfge8a,mfge8a
cpt1aa,cpt1aa
igf2a,igf2a
BX001047.1,BX001047.1
si:ch211-288d18.1,sich211288d18.1
b4galnt4b,b4galnt4b
abtb2a,abtb2a
brsk2b,brsk2b
tsg101b,tsg101b
hrasb,hrasb
rassf7b,rassf7b
ascl1b,ascl1b
ascl1b-1,ascl1b-1
fjx1,fjx1
PAMR1,PAMR1
slc1a2a,slc1a2a
cd44a,cd44a
apip,apip
lrrc4cb,lrrc4cb
hsd17b12b,hsd17b12b
CR376774.1,CR376774.1
ttc17,ttc17
prc1b,prc1b
vps33b,vps33b
hddc3,hddc3
mfap1,mfap1
hypk,hypk
serinc4,serinc4
adamtsl5,adamtsl5
crtc3,crtc3
iqgap1,iqgap1
CABZ01045518.1,CABZ01045518.1
si:ch73-380l10.2,sich73380l10.2
dthd1,dthd1
CU672227.1,CU672227.1
per1b,per1b
pcolceb,pcolceb
PAQR9,PAQR9
CR318600.3,CR318600.3
ankrd46b,ankrd46b
col4a6,col4a6
col4a5,col4a5
CR354588.1,CR354588.1
gc2,gc2
rasl11a,rasl11a
usp12b,usp12b
arhgap36,arhgap36
nhsl2,nhsl2
rps4x,rps4x
cited1,cited1
hdac8,hdac8
hdac8-1,hdac8-1
leap2,leap2
bmp15,bmp15
got2b,got2b
BX957362.5,BX957362.5
slc38a7,slc38a7
BX957362.2,BX957362.2
si:ch211-122f10.4,sich211122f10.4
BX957362.1,BX957362.1
BX957362.4,BX957362.4
BX957362.3,BX957362.3
cyp2x10.2,cyp2x10.2
cyp2x10.2-1,cyp2x10.2-1
cyp2x12,cyp2x12
si:dkey-286h2.3,sidkey286h2.3
CT737190.1,CT737190.1
tmem208,tmem208
katnb1,katnb1
CT737190.2,CT737190.2
SLCO3A1,SLCO3A1
gnrhr2,gnrhr2
wdr93,wdr93
BX324153.1,BX324153.1
myzap,myzap
cgnl1,cgnl1
tcf12,tcf12
BX323544.2,BX323544.2
znf280d,znf280d
mtfmt,mtfmt
ppip5k1a,ppip5k1a
map1aa,map1aa
tp53bp1,tp53bp1
tubgcp4,tubgcp4
CU469544.1,CU469544.1
cdkn2aip,cdkn2aip
cart3,cart3
CABZ01070527.1,CABZ01070527.1
cdh1,cdh1
BX322631.2,BX322631.2
cdh29,cdh29
BX322631.1,BX322631.1
cdh28,cdh28
cdh30,cdh30
trip4,trip4
znf609b,znf609b
gramd2aa,gramd2aa
BX649433.1,BX649433.1
chrna7,chrna7
neo1a,neo1a
rps17,rps17
csnk1g1,csnk1g1
pacsin3,pacsin3
fadd,fadd
ano1,ano1
zgc:153993,zgc153993
fgf3,fgf3
AL929586.1,AL929586.1
fgf4,fgf4
fgf19,fgf19
lto1,lto1
ccnd1,ccnd1
BX323041.1,BX323041.1
tpcn2,tpcn2
nadsyn1,nadsyn1
snai3,snai3
cdh31,cdh31
rnf166,rnf166
ctu2,ctu2
piezo1,piezo1
cdt1,cdt1
aprt,aprt
galns,galns
trappc2l,trappc2l
pabpn1l,pabpn1l
cbfa2t3,cbfa2t3
ACSF3,ACSF3
cdh15,cdh15
spg7,spg7
ankrd11,ankrd11
slc22a31,slc22a31
ist1,ist1
dhodh,dhodh
hp,hp
sult5a1,sult5a1
dpep1,dpep1
kcng4b,kcng4b
zgc:194679,zgc194679
nqo1,nqo1
ENSDARG00000059529,ENSDARG00000059529
csnk2a2a,csnk2a2a
si:ch211-146m13.3,sich211146m13.3
senp8,senp8
myo9aa,myo9aa
scamp2l,scamp2l
enosf1,enosf1
ADAMTS7,ADAMTS7
BX470176.1,BX470176.1
rxfp3.3a2,rxfp3.3a2
CT030048.1,CT030048.1
drd4b,drd4b
sirt3,sirt3
pde5ab,pde5ab
mad2l1,mad2l1
arsj,arsj
camk2d1,camk2d1
ank2b,ank2b
nsmaf,nsmaf
ggh,ggh
unm-hu7910,unm-hu7910
sdcbp,sdcbp
CR354540.1,CR354540.1
CR354540.2,CR354540.2
penkb,penkb
sdr16c5b,sdr16c5b
chchd7,chchd7
plag1,plag1
rps20,rps20
ENSDARG00000083158,ENSDARG00000083158
zgc:56231,zgc56231
sox17,sox17
sox32,sox32
mrpl15,mrpl15
lypla1,lypla1
CU681855.1,CU681855.1
mrc1a,mrc1a
hacd1,hacd1
fastkd3,fastkd3
chmp5b,chmp5b
dennd4c,dennd4c
BX005437.2,BX005437.2
haus6,haus6
ostc,ostc
nagk,nagk
dok1b,dok1b
m1ap,m1ap
SEMA4F,SEMA4F
slx1b,slx1b
BOLA2,BOLA2
larp7,larp7
rpl34,rpl34
trmt44,trmt44
gpr78b,gpr78b
CR384075.1,CR384075.1
etnppl,etnppl
BX511067.1,BX511067.1
hspa12b,hspa12b
cct7,cct7
slc8a4b,slc8a4b
plcb3,plcb3
ppp1r14bb,ppp1r14bb
brms1,brms1
pcxb,pcxb
lrfn4b,lrfn4b
BX294163.1,BX294163.1
nwd2,nwd2
zgc:194930,zgc194930
rell1,rell1
rwdd,rwdd
adam19a,adam19a
lrch4,lrch4
CR589943.1,CR589943.1
acox3,acox3
HTRA3,HTRA3
SH3TC1,SH3TC1
CR382383.2,CR382383.2
tdrd7b,tdrd7b
plaa,plaa
smim20,smim20
rbpjb,rbpjb
CCKAR,CCKAR
tbc1d19,tbc1d19
stim2b,stim2b
CR318620.1,CR318620.1
pcdh7b,pcdh7b
CR354398.1,CR354398.1
CR387919.1,CR387919.1
zdhhc21,zdhhc21
adgrg3,adgrg3
sinhcafl-1,sinhcafl-1
dennd5a,dennd5a
tmem41b,tmem41b
ipo7,ipo7
ENSDARG00000082611,ENSDARG00000082611
pkd1l2a,pkd1l2a
bco1l,bco1l
bco1,bco1
bola3,bola3
vat1l,vat1l
CLEC3A,CLEC3A
usp47,usp47
dkk3a,dkk3a
mical2a,mical2a
parvab,parvab
FP016235.1,FP016235.1
tead1b,tead1b
RASSF10,RASSF10
arntl1b,arntl1b
btbd10b,btbd10b
pth1b,pth1b
galnt18b,galnt18b
AL808121.1,AL808121.1
tmem176l.3b,tmem176l.3b
eif4g2a,eif4g2a
ctr9,ctr9
mrvi1,mrvi1
lyve1a,lyve1a
ampd3a,ampd3a
adma,adma
sbf2,sbf2
swap70a,swap70a
znf143a,znf143a
pkd1l2b,pkd1l2b
psmd7,psmd7
nfat5b,nfat5b
kars1,kars1
gcshb,gcshb
rpl13,rpl13
CU683900.2,CU683900.2
cpne7,cpne7
CR388184.2,CR388184.2
CR388184.1,CR388184.1
cyb5b,cyb5b
CU469577.1,CU469577.1
dhx38,dhx38
pmfbp1,pmfbp1
si:ch73-315f9.2,sich73315f9.2
CU467042.1,CU467042.1
BX511086.1,BX511086.1
zfhx3,zfhx3
CU468723.2,CU468723.2
CU468723.4,CU468723.4
CR450727.1,CR450727.1
CU694206.1,CU694206.1
CABZ01057496.1,CABZ01057496.1
hnf4b,hnf4b
CABZ01057488.1,CABZ01057488.1
crispld2,crispld2
usp10,usp10
marveld3,marveld3
phlpp2,phlpp2
ap1g1,ap1g1
ZNF821,ZNF821
atxn1l,atxn1l
elp5,elp5
ctdnep1b,ctdnep1b
gabarapb,gabarapb
spata6l,spata6l
slc1a1,slc1a1
RAP1GDS1,RAP1GDS1
tspan5a,tspan5a
LO018231.1,LO018231.1
frem1a,frem1a
USP53,USP53
myoz2a,myoz2a
FO818704.2,FO818704.2
sec24d,sec24d
KCNIP4,KCNIP4
adgra3,adgra3
gba3,gba3
ppargc1a,ppargc1a
dhx15,dhx15
sod3a,sod3a
ccdc149a,ccdc149a
CABZ01074298.1,CABZ01074298.1
lgi2a,lgi2a
sepsecs,sepsecs
aco1,aco1
CU651662.1,CU651662.1
ppp1r15a,ppp1r15a
acer2,acer2
tyms,tyms
adcyap1a,adcyap1a
mettl4,mettl4
smchd1,smchd1
emilin2b,emilin2b
myom1b,myom1b
myl12.1,myl12.1
nsun6,nsun6
cacnb2a,cacnb2a
CU607104.1,CU607104.1
CABZ01083440.1,CABZ01083440.1
lrp4,lrp4
psmd9,psmd9
ywhae2,ywhae2
CU571069.1,CU571069.1
LO018380.1,LO018380.1
FP236734.1,FP236734.1
SIPA1,SIPA1
RASGRP2,RASGRP2
CU463038.2,CU463038.2
slc35c1,slc35c1
tollip,tollip
muc5.3,muc5.3
muc5f,muc5f
CU459012.3,CU459012.3
rph3ab,rph3ab
CU459012.1,CU459012.1
HECTD4,HECTD4
mrpl21,mrpl21
MAPK8IP1,MAPK8IP1
CABZ01057364.2,CABZ01057364.2
CABZ01057364.1,CABZ01057364.1
FO905040.1,FO905040.1
CU929444.1,CU929444.1
ADGRL3,ADGRL3
CABZ01067169.1,CABZ01067169.1
CABZ01083442.1,CABZ01083442.1
CABZ01081777.1,CABZ01081777.1
SLC24A2,SLC24A2
AL929105.1,AL929105.1
si:ch211-142d6.2,sich211142d6.2
cbln6,cbln6
cbln8,cbln8
arhgef40,arhgef40
znf219,znf219
si:dkey-46i9.1,sidkey46i9.1
btr12,btr12
si:dkey-46i9.6,sidkey46i9.6
BX664721.2,BX664721.2
casq1b,casq1b
BX664721.3,BX664721.3
pea15,pea15
si:ch73-252p3.1,sich73252p3.1
hist1h4l-7,hist1h4l-7
FP236812.1,FP236812.1
zgc:163061,zgc163061
zgc:173587,zgc173587
zgc:92594,zgc92594
caap1,caap1
zgc:173552-1,zgc1735521
si:ch211-113a14.19,sich211113a14.19
zgc:163061-1,zgc1630611
FP236812.2,FP236812.2
hist1h4l-8,hist1h4l-8
zgc:173552-2,zgc1735522
si:ch211-113a14.19-1,sich211113a14.19-1
CU694197.1,CU694197.1
CU694197.2,CU694197.2
CU929544.1,CU929544.1
tyrp1a,tyrp1a
cldnd1a,cldnd1a
rbpms,rbpms
ppp1cbl,ppp1cbl
dcc,dcc
trabd2a,trabd2a
HOOK3,HOOK3
rnf170,rnf170
june,june
thap1,thap1
ift74,ift74
LO017838.1,LO017838.1
tek,tek
zgc:158463,zgc158463
BX537263.5,BX537263.5
BX537263.2,BX537263.2
fubp3,fubp3
mbd2,mbd2
rnf185,rnf185
si:zfos-128g4.1,sizfos128g4.1
si:zfos-128g4.2,sizfos128g4.2
LO017799.1,LO017799.1
YTHDC2,YTHDC2
surf4,surf4
surf2,surf2
C5H9orf16,C5H9orf16
ciz1a,ciz1a
dnm1a,dnm1a
dre-mir-199-2,dre-mir-199-2
golga2,golga2
haus4,haus4
ddrgk1,ddrgk1
myl2a,myl2a
PPP1CA,PPP1CA
mcc,mcc
rcl1,rcl1
zgc:101699,zgc101699
si:ch73-55i23.1,sich7355i23.1
si:ch73-55i23.1-1,sich7355i23.1-1
rplp0,rplp0
CT573103.1,CT573103.1
CT573103.5,CT573103.5
CT573103.2,CT573103.2
dhx33,dhx33
CT573103.3,CT573103.3
nupr1a,nupr1a
vkorc1l1,vkorc1l1
gusb,gusb
ca4a,ca4a
cita,cita
RAB35,RAB35
gng10,gng10
rabepk,rabepk
hspa5,hspa5
lzts3a,lzts3a
FQ323163.1,FQ323163.1
hpda,hpda
hsf5,hsf5
supt4h1,supt4h1
dre-mir-142a,dre-mir-142a
CABZ01076737.1,CABZ01076737.1
CABZ01076744.1,CABZ01076744.1
CABZ01084961.1,CABZ01084961.1
CABZ01074085.1,CABZ01074085.1
ywhag1,ywhag1
hspb1,hspb1
si:zfos-375h5.1,sizfos375h5.1
FO704648.2,FO704648.2
FO704648.1,FO704648.1
mlxipl,mlxipl
mlxipl-1,mlxipl-1
rpain,rpain
c1qbp,c1qbp
znhit3,znhit3
CU655870.1,CU655870.1
myo19,myo19
pigw,pigw
ggnbp2,ggnbp2
dhrs11a,dhrs11a
si:ch211-283g2.1,sich211283g2.1
si:ch211-283g2.2,sich211283g2.2
si:ch211-283g2.2-1,sich211283g2.2-1
si:ch211-283g2.3,sich211283g2.3
srrt,srrt
prdx4,prdx4
sat1a.1,sat1a.1
sat1a.2,sat1a.2
apooa,apooa
CABZ01079241.1,CABZ01079241.1
zgc:153704,zgc153704
cst14b.1,cst14b.1
CABZ01058650.1,CABZ01058650.1
CABZ01058647.1,CABZ01058647.1
cst14b.2,cst14b.2
FO834903.1,FO834903.1
CU915770.1,CU915770.1
CU915770.2,CU915770.2
angptl2a,angptl2a
zbtb43,zbtb43
lmx1ba,lmx1ba
mvb12ba,mvb12ba
pbx3a,pbx3a
mapkap1,mapkap1
rabl6a,rabl6a
CABZ01075628.1,CABZ01075628.1
unm-sa808,unm-sa808
TNC,TNC
zgc:73226,zgc73226
CABZ01037298.1,CABZ01037298.1
crybb3,crybb3
tnks1bp1,tnks1bp1
zgc:110796,zgc110796
pxna,pxna
CU856358.1,CU856358.1
ostf1,ostf1
areg,areg
me2,me2
elac1,elac1
smad4b,smad4b
CT955987.1,CT955987.1
stpg2,stpg2
CABZ01041962.1,CABZ01041962.1
CABZ01087502.1,CABZ01087502.1
UNC5C,UNC5C
bmpr1ba,bmpr1ba
ANGPTL2,ANGPTL2
pdlim5a,pdlim5a
opn4xb,opn4xb
EGFLAM,EGFLAM
gdnfb,gdnfb
nipbla,nipbla
slc1a3a,slc1a3a
lmbrd2a,lmbrd2a
si:ch1073-475a24.1,sich1073475a24.1
FP102192.1,FP102192.1
FP102192.2,FP102192.2
spef2,spef2
lifra,lifra
osmr,osmr
rictora,rictora
fyba,fyba
BX897662.3,BX897662.3
zgc:153352,zgc153352
paip1,paip1
mybbp1a,mybbp1a
fgf10b,fgf10b
adamts12,adamts12
agpat9l,agpat9l
AL928901.1,AL928901.1
tnksb,tnksb
si:ch211-155m12.1,sich211155m12.1
idua,idua
atp5meb,atp5meb
kcnv2b,kcnv2b
rchy1,rchy1
AL845369.1,AL845369.1
AL845369.2,AL845369.2
lrp13,lrp13
si:ch211-12e13.1,sich21112e13.1
si:ch211-12e13.12,sich21112e13.12
susd1,susd1
CU929094.2,CU929094.2
CU929094.1,CU929094.1
shoc1,shoc1
tal2,tal2
FP236810.2,FP236810.2
ugt2a7,ugt2a7
ugt2a7-1,ugt2a7-1
zgc:172315,zgc172315
ugt2a7-2,ugt2a7-2
gak,gak
sh2b3,sh2b3
si:ch211-193c2.2,sich211193c2.2
ddr2l,ddr2l
zgc:158343,zgc158343
tor4ab,tor4ab
WDR31,WDR31
CR936408.1,CR936408.1
CR936408.2,CR936408.2
slc2a11b,slc2a11b
gstt2,gstt2
chek2,chek2
si:ch211-207k7.4,sich211207k7.4
si:ch73-42k18.1,sich7342k18.1
BX005024.2,BX005024.2
BX511089.2,BX511089.2
BX511089.1,BX511089.1
CR790366.2,CR790366.2
CR790366.3,CR790366.3
CR790366.1,CR790366.1
rtn4r,rtn4r
prodhb,prodhb
CABZ01077121.1,CABZ01077121.1
SCARF2,SCARF2
zgc:112294,zgc112294
CABP7,CABP7
nf2a,nf2a
fbxo21,fbxo21
tesca,tesca
CT583689.1,CT583689.1
fbxw8,fbxw8
rnft2,rnft2
SPRING1,SPRING1
osm,osm
castor1,castor1
nipsnap1,nipsnap1
lrrc74b,lrrc74b
nos1,nos1
BX276096.1,BX276096.1
ksr2,ksr2
zgc:171242,zgc171242
rfc5,rfc5
wsb2,wsb2
vsig10,vsig10
si:dkey-98f17.5,sidkey98f17.5
aifm3,aifm3
si:dkey-98f17.3,sidkey98f17.3
lztr1,lztr1
pole,pole
p2rx2,p2rx2
pes,pes
gal3st1a,gal3st1a
ppil2,ppil2
ypel1,ypel1
mapk1,mapk1
ppm1f,ppm1f
top3b,top3b
CR933528.1,CR933528.1
dre-mir-130c-2,dre-mir-130c-2
dre-mir-301b,dre-mir-301b
dre-mir-454b,dre-mir-454b
dre-mir-130b,dre-mir-130b
ydjc,ydjc
sdf2l1,sdf2l1
ube2l3b,ube2l3b
ccl19a.1,ccl19a.1
ccl19a.2,ccl19a.2
tctn2,tctn2
sec14l8,sec14l8
cnnm4b,cnnm4b
si:ch211-230g14.6,sich211230g14.6
ckap2l,ckap2l
si:ch211-230g14.3,sich211230g14.3
AL954191.2,AL954191.2
purba,purba
h2az2a,h2az2a
zgc:65851,zgc65851
mxd1,mxd1
snrnp27,snrnp27
add2,add2
hk2,hk2
npffr1l2,npffr1l2
CR388049.1,CR388049.1
tet3,tet3
ap3m2,ap3m2
kat6a,kat6a
si:ch211-244o22.2,sich211244o22.2
sema4c,sema4c
BX927201.1,BX927201.1
CR936518.2,CR936518.2
CR936518.1,CR936518.1
tbx1,tbx1
gnb1l,gnb1l
txnrd2.2,txnrd2.2
pebp1,pebp1
taok3a,taok3a
suds3,suds3
srrm4,srrm4
CR384085.1,CR384085.1
hspb8,hspb8
si:dkey-1k23.3,sidkey1k23.3
xbp1,xbp1
znrf3,znrf3
coq5,coq5
kremen1,kremen1
SUSD2,SUSD2
slc39a14,slc39a14
piwil2,piwil2
htr7c,htr7c
atad1a,atad1a
galnt9,galnt9
si:ch211-130h14.6,sich211130h14.6
fbrsl1,fbrsl1
chfr,chfr
si:dkey-112e17.1,sidkey112e17.1
zdhhc8b,zdhhc8b
ascc2,ascc2
rnf215,rnf215
hira,hira
TMEM132C,TMEM132C
aacs,aacs
bri3bp,bri3bp
poli,poli
pgam5,pgam5
ankle2,ankle2
golga3,golga3
ranbp1,ranbp1
ENSDARG00000086007,ENSDARG00000086007
fam214b,fam214b
unc13ba,unc13ba
atp8b5a,atp8b5a
rusc2,rusc2
BX510917.1,BX510917.1
acacb,acacb
foxn4,foxn4
myo1ha,myo1ha
kctd10,kctd10
ube3b,ube3b
aldh3b2,aldh3b2
mmab,mmab
mvk,mvk
fam222a,fam222a
trpv4,trpv4
gltpa,gltpa
tchp,tchp
git2a,git2a
ankrd13a,ankrd13a
si:dkey-234h16.7,sidkey234h16.7
slc6a4b,slc6a4b
sgsm1a,sgsm1a
gatc,gatc
isg15,isg15
pxmp2,pxmp2
usp30,usp30
svopa,svopa
dao.2,dao.2
dao.1,dao.1
dao.3,dao.3
ssh1a,ssh1a
coro1ca,coro1ca
selplg,selplg
tmem119a,tmem119a
ISCU,ISCU
sart3,sart3
ficd,ficd
CR759885.1,CR759885.1
cmklr1,cmklr1
cmklrl2,cmklrl2
cmklrl2-1,cmklrl2-1
wscd2,wscd2
si:ch211-240b21.2,sich211240b21.2
si:ch211-225b11.1,sich211225b11.1
limk2,limk2
pik3ip1,pik3ip1
si:ch211-225b11.4,sich211225b11.4
si:dkey-174n20.1,sidkey174n20.1
camk2b1,camk2b1
si:dkey-13n15.2,sidkey13n15.2
si:dkey-13n15.2-1,sidkey13n15.2-1
hs3st1l2,hs3st1l2
cds2,cds2
arhgap25,arhgap25
bmp10,bmp10
si:dkey-13n15.11,sidkey13n15.11
BX470224.3,BX470224.3
BX470224.1,BX470224.1
sh2d1aa,sh2d1aa
tenm1,tenm1
CR848717.1,CR848717.1
smarca1,smarca1
si:ch73-92i20.1,sich7392i20.1
si:ch73-92i20.1-1,sich7392i20.1-1
arhgef9a,arhgef9a
amer1,amer1
asb12a,asb12a
mtmr8,mtmr8
shisa2a,shisa2a
zc4h2,zc4h2
CR812469.1,CR812469.1
zc3h12b,zc3h12b
las1l,las1l
msna,msna
fdx1b,fdx1b
arhgap20b,arhgap20b
si:dkey-27p18.2,sidkey27p18.2
si:dkey-27p18.7,sidkey27p18.7
si:dkey-27p18.3,sidkey27p18.3
BX546499.2,BX546499.2
BX546499.1,BX546499.1
sptbn4a,sptbn4a
rpl36a,rpl36a
glra4b,glra4b
aifm1,aifm1
tnfsf10l4,tnfsf10l4
casp22,casp22
nono,nono
zgc:113208,zgc113208
mtnr1c,mtnr1c
vma21,vma21
npas2,npas2
radx,radx
apool,apool
si:ch211-26b3.4,sich21126b3.4
si:dkey-237j10.2,sidkey237j10.2
hmgn7,hmgn7
brwd3,brwd3
chmp1b,chmp1b
cnga2b,cnga2b
atrxl,atrxl
zdhhc15a,zdhhc15a
uprt,uprt
nexmifa,nexmifa
prps1a,prps1a
tbx5b,tbx5b
si:dkey-114c15.5,sidkey114c15.5
BX640539.1,BX640539.1
cfap73,cfap73
iqcd,iqcd
tpcn1,tpcn1
BX640521.1,BX640521.1
agtr2,agtr2
si:dkey-125i10.3,sidkey125i10.3
plp1b,plp1b
nlgn3b,nlgn3b
CT025748.1,CT025748.1
gria3a,gria3a
si:dkeyp-20g2.1,sidkeyp20g2.1
si:dkeyp-20g2.3-1,sidkeyp20g2.3-1
stag2a,stag2a
acsl4b,acsl4b
cwc15,cwc15
fam76b,fam76b
kat5a,kat5a
mtmr2,mtmr2
cx27.5,cx27.5
cx39.9,cx39.9
tbc1d8b,tbc1d8b
AL929305.1,AL929305.1
rnf128a,rnf128a
gbgt1l1,gbgt1l1
si:dkey-110k5.10,sidkey110k5.10
gbgt1l2,gbgt1l2
BX957257.2,BX957257.2
BX957257.1,BX957257.1
si:ch211-287c22.1,sich211287c22.1
gbgt1l4,gbgt1l4
GBGT1,GBGT1
gbgt1l3,gbgt1l3
gbgt1l3-1,gbgt1l3-1
arap1a,arap1a
ercc6l,ercc6l
map7d2a,map7d2a
eif1axa,eif1axa
rps6ka3a,rps6ka3a
pdha1a,pdha1a
ctdnep1a,ctdnep1a
gabarapa,gabarapa
gps2,gps2
tp53,tp53
si:ch211-114c12.5,sich211114c12.5
capga,capga
si:ch211-114c12.2,sich211114c12.2
mrps31,mrps31
slc25a15b,slc25a15b
si:ch211-137i24.10,sich211137i24.10
mpdu1a,mpdu1a
sox19a,sox19a
BX119902.2,BX119902.2
eif4a1b,eif4a1b
senp3a,senp3a
plscr3a,plscr3a
phf23a,phf23a
atp6v1aa,atp6v1aa
BX119902.1,BX119902.1
si:ch211-137i24.12,sich211137i24.12
zdhhc23a,zdhhc23a
BX119902.3,BX119902.3
ctsll,ctsll
znf703,znf703
tia1l,tia1l
dgcr8,dgcr8
trmt2a,trmt2a
atp6v0a2b,atp6v0a2b
OSBP2,OSBP2
rasl10a,rasl10a
ap1b1,ap1b1
gas2l1,gas2l1
ewsr1b,ewsr1b
rhbdd3,rhbdd3
emid1,emid1
abo,abo
pnpla7b,pnpla7b
mrpl41,mrpl41
dph7,dph7
paxx,paxx
abca2,abca2
carnmt1,carnmt1
wu:fa19b12,wufa19b12
trpm6,trpm6
rorb,rorb
MFSD3,MFSD3
anxa1a,anxa1a
kifl,kifl
BX296526.2,BX296526.2
si:dkey-96l17.6,sidkey96l17.6
cyp1d1,cyp1d1
tmc2b,tmc2b
TMC1,TMC1
zfand5a,zfand5a
gda,gda
C5H9orf85,C5H9orf85
abhd17b,abhd17b
cemip2,cemip2
trpm3,trpm3
BX323080.1,BX323080.1
klf9,klf9
si:dkey-201c13.2,sidkey201c13.2
fam219ab,fam219ab
BX510923.1,BX510923.1
ela3l,ela3l
bco2l,bco2l
si:ch211-214j8.12,sich211214j8.12
dhfr,dhfr
ankrd34bb,ankrd34bb
fam151b,fam151b
ccdc125,ccdc125
rad17,rad17
AK6,AK6
marveld2b,marveld2b
oclnb,oclnb
gtf2h2,gtf2h2
erap1b,erap1b
si:ch211-214j8.1,sich211214j8.1
arvcfb,arvcfb
tango2,tango2
tmem150aa,tmem150aa
rnf181,rnf181
si:ch211-102c2.8,sich211102c2.8
si:ch211-102c2.7,sich211102c2.7
tcn2,tcn2
rabl6b,rabl6b
si:ch211-102c2.4,sich211102c2.4
imp4,imp4
araf,araf
zgc:64051,zgc64051
lman2lb,lman2lb
BX927282.2,BX927282.2
tbx3b,tbx3b
tm2d2,tm2d2
htra4,htra4
BX927282.3,BX927282.3
BX927282.1,BX927282.1
unc5db,unc5db
hdr,hdr
cyb561a3a,cyb561a3a
zgc:153409,zgc153409
histh1l,histh1l
loxl2b,loxl2b
drd7,drd7
sfrp1a,sfrp1a
zmat4a,zmat4a
tcima,tcima
adam28,adam28
ppp3cca,ppp3cca
vps37b,vps37b
abcb9,abcb9
zgc:113436,zgc113436
ogfod2,ogfod2
SLC4A5,SLC4A5
zgc:110329,zgc110329
tacr1a,tacr1a
ncaph,ncaph
vamp8,vamp8
BX323557.1,BX323557.1
vamp5,vamp5
DNAH10,DNAH10
nsmfb,nsmfb
nfr,nfr
zgc:162952,zgc162952
zgc:162952-1,zgc1629521
traf2a,traf2a
trafd1,trafd1
si:ch211-186e20.7,sich211186e20.7
zgc:174260,zgc174260
CR559930.1,CR559930.1
serpina7,serpina7
zgc:174259,zgc174259
si:ch211-186e20.2,sich211186e20.2
npdc1b,npdc1b
niban2b,niban2b
stxbp1b,stxbp1b
whrnb,whrnb
noxa1,noxa1
dpp7,dpp7
man1b1b,man1b1b
si:dkey-61l1.4,sidkey61l1.4
BX571772.1,BX571772.1
cacna1ba,cacna1ba
ehmt1a,ehmt1a
arrdc1a,arrdc1a
nelfb,nelfb
entpd2a.2,entpd2a.2
entpd2a.1,entpd2a.1
grin1b,grin1b
tsc1a,tsc1a
spaca9,spaca9
ak8,ak8
ddx31,ddx31
barhl1a,barhl1a
CFAP77,CFAP77
si:ch211-215c18.3,sich211215c18.3
thy1,thy1
usf1l,usf1l
f11r.2,f11r.2
f11r.1,f11r.1
ubash3ba,ubash3ba
bco2a,bco2a
sdhda,sdhda
timm8b,timm8b
zbtb44,zbtb44
adamts8a,adamts8a
adamts15a,adamts15a
snx19a,snx19a
gig2o,gig2o
zgc:158412,zgc158412
BX294389.1,BX294389.1
stk36,stk36
atf5a,atf5a
phldb1a,phldb1a
arcn1a,arcn1a
hmbsa,hmbsa
h2ax,h2ax
c2cd2l,c2cd2l
dpagt1,dpagt1
hinfp,hinfp
si:ch211-117m20.4,sich211117m20.4
tcnbb,tcnbb
tcnba,tcnba
abcg4a,abcg4a
pdzd3b,pdzd3b
atp5l,atp5l
ift22,ift22
ftr82,ftr82
BX276103.2,BX276103.2
ftr83,ftr83
ruvbl2,ruvbl2
BX276103.1,BX276103.1
spns2,spns2
CR753844.1,CR753844.1
spns3,spns3
ube2g1a,ube2g1a
ankfy1,ankfy1
cyb5d2,cyb5d2
zzef1,zzef1
atp2a3,atp2a3
camkk1a,camkk1a
p2rx1,p2rx1
si:dkey-220k22.1,sidkey220k22.1
CR759893.1,CR759893.1
si:dkey-220k22.3,sidkey220k22.3
sh3glb2b,sh3glb2b
pip5kl1,pip5kl1
dpm2,dpm2
fam102ab,fam102ab
slc25a25b,slc25a25b
uap1l1,uap1l1
zdhhc12b,zdhhc12b
pkn3,pkn3
iscub,iscub
tmem119b,tmem119b
coro1cb,coro1cb
ssh1b,ssh1b
svopb,svopb
ungb,ungb
myo1hb,myo1hb
ppp6c,ppp6c
scai,scai
arpc5lb,arpc5lb
zmat5,zmat5
cabp7b,cabp7b
BX004981.1,BX004981.1
BX004981.2,BX004981.2
tescb,tescb
m17,m17
taok3b,taok3b
myhz2,myhz2
myhc4,myhc4
myha,myha
si:ch211-158m24.12,sich211158m24.12
myhz1.3,myhz1.3
myhz1.2,myhz1.2
myhz1.1,myhz1.1
hspb15,hspb15
dab2,dab2
BX510649.1,BX510649.1
c9,c9
gas1b,gas1b
fbxw2,fbxw2
ncs1a,ncs1a
gpr107,gpr107
ndor1,ndor1
ntmt1,ntmt1
CR376857.2,CR376857.2
ier5l,ier5l
ptpa,ptpa
crata,crata
si:ch211-208h16.4,sich211208h16.4
lrsam1,lrsam1
rpl12,rpl12
CR925757.1,CR925757.1
CR925757.2,CR925757.2
pole3,pole3
ccn1l1,ccn1l1
lmo4a,lmo4a
TUBB4B,TUBB4B
glipr2,glipr2
npffr2b,npffr2b
si:dkey-226m8.10,sidkey226m8.10
kank1b,kank1b
prkaa1,prkaa1
ifitm1,ifitm1
kyat1,kyat1
surf6,surf6
surf1,surf1
rpl7a,rpl7a
CU019641.3,CU019641.3
ENSDARG00000116248,ENSDARG00000116248
med22,med22
C5H9orf78,C5H9orf78
usp20,usp20
BX927184.1,BX927184.1
ptges,ptges
GARNL3,GARNL3
si:dkey-238j22.1,sidkey238j22.1
ms4a17c.1,ms4a17c.1
si:dkey-34e4.1,sidkey34e4.1
ttll11,ttll11
dab2ipb,dab2ipb
BX005445.1,BX005445.1
si:dkeyp-72a4.1,sidkeyp72a4.1
zgc:63972,zgc63972
fibcd1,fibcd1
lamc3,lamc3
aif1l,aif1l
gfm2,gfm2
hexb,hexb
enc1,enc1
arhgef28a,arhgef28a
ankra2,ankra2
btf3,btf3
foxd1,foxd1
tmem174,tmem174
CR377210.1,CR377210.1
fcho2,fcho2
tnpo1,tnpo1
ptcd2,ptcd2
map1b,map1b
ptger4b,ptger4b
ttc33,ttc33
fbp1b,fbp1b
erlin2,erlin2
ch25hl3,ch25hl3
ch25hl3-1,ch25hl3-1
si:dkey-204l11.1,sidkey204l11.1
ar,ar
ophn1,ophn1
yipf6,yipf6
stard8,stard8
rxfp2l,rxfp2l
C5HXorf56,C5HXorf56
efnb1,efnb1
fam155b,fam155b
eda,eda
CU571324.1,CU571324.1
wnt11f2,wnt11f2
igbp1,igbp1
zgc:158432,zgc158432
taf1,taf1
rhogc,rhogc
micu2,micu2
nova1,nova1
alkbh6,alkbh6
capns1a,capns1a
zgc:153990,zgc153990
dlb,dlb
ppp1r14aa,ppp1r14aa
exoc3l2a,exoc3l2a
mark4a,mark4a
ckma,ckma
nccrp1,nccrp1
slc8a2a,slc8a2a
srsf7a,srsf7a
hnrnpl,hnrnpl
kptn,kptn
crx,crx
BX927323.1,BX927323.1
h3f3c,h3f3c
gjd1a,gjd1a
nfkbib,nfkbib
ftr99,ftr99
tppp2,tppp2
si:dkeyp-110c7.4,sidkeyp110c7.4
tagln2,tagln2
il13ra2,il13ra2
lrch2,lrch2
si:dkey-17o15.2,sidkey17o15.2
zgc:163098,zgc163098
wdr44,wdr44
klhl13,klhl13
klhl13-1,klhl13-1
CU984579.1,CU984579.1
si:ch1073-224n8.1,sich1073224n8.1
FP102018.1,FP102018.1
sptbn2,sptbn2
cdc42ep2,cdc42ep2
dpf2,dpf2
myo1ca,myo1ca
epd,epd
panx1b,panx1b
ins,ins
arhgap35b,arhgap35b
si:ch211-139a5.9,sich211139a5.9
tmprss13b,tmprss13b
tmprss4b,tmprss4b
scn4bb,scn4bb
mpzl2b,mpzl2b
pafah1b2,pafah1b2
apoa1a,apoa1a
si:ch211-139a5.1,sich211139a5.1
si:dkey-111e8.1,sidkey111e8.1
BX640520.3,BX640520.3
BX640520.2,BX640520.2
BX640520.1,BX640520.1
si:dkey-111e8.4,sidkey111e8.4
si:dkey-111e8.5,sidkey111e8.5
si:ch211-284e13.4,sich211284e13.4
si:ch211-284e13.5,sich211284e13.5
si:ch211-284e13.14,sich211284e13.14
si:ch211-284e13.6,sich211284e13.6
gucy2d,gucy2d
BX294181.2,BX294181.2
si:ch211-284e13.12,sich211284e13.12
si:ch211-284e13.11,sich211284e13.11
si:ch211-284e13.9,sich211284e13.9
hsd20b2,hsd20b2
slc12a9,slc12a9
CT025690.1,CT025690.1
gnb2,gnb2
mink1,mink1
pld2,pld2
chrne,chrne
gltpd2,gltpd2
atp1b2b,atp1b2b
CR854980.1,CR854980.1
mogat3b,mogat3b
znhit1,znhit1
si:ch211-271e10.2,sich211271e10.2
wu:fb64b08,wufb64b08
si:ch211-271e10.1,sich211271e10.1
si:dkey-58f10.14,sidkey58f10.14
si:dkey-58f10.13,sidkey58f10.13
si:dkey-58f10.12,sidkey58f10.12
si:dkey-58f10.11,sidkey58f10.11
si:dkey-58f10.10,sidkey58f10.10
BX640512.3,BX640512.3
si:dkey-58f10.7,sidkey58f10.7
si:dkey-58f10.7-1,sidkey58f10.7-1
si:dkey-58f10.6,sidkey58f10.6
si:dkey-58f10.4,sidkey58f10.4
BX640512.2,BX640512.2
cnot6l,cnot6l
BX640512.5,BX640512.5
mrpl1,mrpl1
fras1,fras1
BX571800.1,BX571800.1
BX571800.2,BX571800.2
anxa3a,anxa3a
bmp2k,bmp2k
paqr3a,paqr3a
antxr2a,antxr2a
prdm8b,prdm8b
fgf5,fgf5
cfap299,cfap299
bmp3,bmp3
prkg2,prkg2
rasgef1ba,rasgef1ba
si:ch73-138i16.1,sich73138i16.1
tmem175,tmem175
cds1,cds1
wdfy3,wdfy3
si:dkey-193c22.1,sidkey193c22.1
si:dkey-193c22.2,sidkey193c22.2
snx18a,snx18a
arl15a,arl15a
hspb3,hspb3
ndufs4,ndufs4
fsta,fsta
FP102073.1,FP102073.1
AL954694.1,AL954694.1
AL954694.2,AL954694.2
isl1,isl1
si:dkey-3h3.3,sidkey3h3.3
parp8,parp8
pdzd2,pdzd2
golph3,golph3
mtmr12,mtmr12
zfr,zfr
sub1b,sub1b
BX005419.1,BX005419.1
npr3,npr3
arid3c,arid3c
pias2,pias2
eef2l2,eef2l2
fancg,fancg
vcp,vcp
akr1a1a,akr1a1a
dnajb5,dnajb5
epg5,epg5
riok2,riok2
atxn2,atxn2
wdr66,wdr66
bcl7a,bcl7a
alkbh2,alkbh2
si:dkey-65b12.6,sidkey65b12.6
CR931763.1,CR931763.1
si:dkey-65b12.12,sidkey65b12.12
si:dkey-65b12.10,sidkey65b12.10
ncor1,ncor1
pigl,pigl
cenpv,cenpv
UBB,UBB
cxcl11.6,cxcl11.6
cxcl11.6-1,cxcl11.6-1
cxcl11.5,cxcl11.5
p2rx5,p2rx5
emc6,emc6
shpk,shpk
trpv1,trpv1
fam222ba,fam222ba
BX571977.1,BX571977.1
eral1,eral1
si:ch211-207c6.2,sich211207c6.2
tbx16l,tbx16l
BX548073.4,BX548073.4
pimr201,pimr201
BX548073.3,BX548073.3
BX548073.2,BX548073.2
BX548073.11,BX548073.11
BX548073.1,BX548073.1
BX510949.1,BX510949.1
pimr58-5,pimr58-5
flot2a,flot2a
BX323596.2,BX323596.2
cxcl11.1,cxcl11.1
cxcl20,cxcl20
rufy3,rufy3
grsf1,grsf1
mob1ba,mob1ba
aqp3a,aqp3a
si:dkey-245n4.2,sidkey245n4.2
wdr54,wdr54
CU462817.3,CU462817.3
rhobtb4,rhobtb4
si:dkey-40c11.2,sidkey40c11.2
RTKN,RTKN
nos2a,nos2a
smn1,smn1
zgc:158640,zgc158640
mccc2,mccc2
CR936462.1,CR936462.1
si:ch211-204c21.1,sich211204c21.1
zgc:112966,zgc112966
TMEM8B,TMEM8B
si:ch73-337l15.2,sich73337l15.2
tars1,tars1
BX950187.1,BX950187.1
gas1a,gas1a
dapk1,dapk1
ctsla,ctsla
CT025745.1,CT025745.1
fbp2,fbp2
fbp1a,fbp1a
kank1a,kank1a
dmrt1,dmrt1
dmrt3a,dmrt3a
dmrt2a,dmrt2a
smarca2,smarca2
AL928727.1,AL928727.1
adamts3,adamts3
NPFFR2,NPFFR2
gc,gc
slc4a4a,slc4a4a
ifngr2,ifngr2
polk,polk
ankdd1b,ankdd1b
poc5,poc5
sv2ca,sv2ca
iqgap2,iqgap2
f2rl2,f2rl2
f2r,f2r
si:ch211-130m23.3,sich211130m23.3
zgc:110626,zgc110626
si:ch211-130m23.2,sich211130m23.2
si:ch211-130m23.5,sich211130m23.5
vcana,vcana
hapln1a,hapln1a
edil3a,edil3a
cox7c,cox7c
rasa1a,rasa1a
ccnh,ccnh
BX470189.1,BX470189.1
BX470189.2,BX470189.2
tmem161b,tmem161b
BX465834.1,BX465834.1
dre-mir-9-5,dre-mir-9-5
mef2cb,mef2cb
mblac2,mblac2
polr3g,polr3g
lysmd3,lysmd3
adgrv1,adgrv1
arrdc3a,arrdc3a
si:dkey-172m14.2,sidkey172m14.2
si:dkey-172m14.1,sidkey172m14.1
CR751602.1,CR751602.1
nr2f1a,nr2f1a
CR751602.2,CR751602.2
fam172a,fam172a
si:ch73-280o22.2,sich73280o22.2
slf1,slf1
mctp1a,mctp1a
zgc:194908,zgc194908
fam81b,fam81b
ttc37,ttc37
nol6,nol6
arsk,arsk
cert1a,cert1a
hmgcra,hmgcra
ankrd31,ankrd31
gcnt4a,gcnt4a
fam169aa,fam169aa
zgc:194398,zgc194398
pomt1,pomt1
ccdc180,ccdc180
card9,card9
snapc4,snapc4
entr1,entr1
ubac1,ubac1
msh3,msh3
rasgrf2b,rasgrf2b
CR388055.1,CR388055.1
ckmt2b,ckmt2b
otpb,otpb
lhfpl2b,lhfpl2b
homer1b,homer1b
tent2,tent2
cmya5,cmya5
mtx3,mtx3
thbs4a,thbs4a
serinc5,serinc5
cdk7,cdk7
AL935198.2,AL935198.2
setbp1,setbp1
AL935198.1,AL935198.1
slc14a2,slc14a2
lnpep,lnpep
erap2,erap2
rgmb,rgmb
BX957336.2,BX957336.2
MYORG,MYORG
mamdc2a,mamdc2a
ptar1,ptar1
apba1a,apba1a
fam189a2,fam189a2
zgc:158260,zgc158260
scarb2a,scarb2a
PPEF2,PPEF2
CU896641.1,CU896641.1
zfpl1,zfpl1
mrps30,mrps30
hint2,hint2
taf6,taf6
BX323994.2,BX323994.2
CR847545.1,CR847545.1
sat2b,sat2b
naa38,naa38
BX927335.2,BX927335.2
BX927335.1,BX927335.1
cldn15b,cldn15b
CR749168.1,CR749168.1
CR749168.4,CR749168.4
CR749168.3,CR749168.3
CR749168.2,CR749168.2
CR450749.3,CR450749.3
CR450749.2,CR450749.2
arhgef15,arhgef15
grk1b,grk1b
rangrf,rangrf
slc25a35,slc25a35
tmem141,tmem141
BX276102.1,BX276102.1
zmynd19,zmynd19
bspry,bspry
coq4,coq4
traf2b,traf2b
fbxw5,fbxw5
alad,alad
tmem203,tmem203
tprn,tprn
ssna1,ssna1
anapc2,anapc2
npr2,npr2
spag8,spag8
pmchl,pmchl
ccnb1,ccnb1
slc30a5,slc30a5
pik3r1,pik3r1
cd180,cd180
CU467961.1,CU467961.1
CU207241.1,CU207241.1
srek1,srek1
tmc2a,tmc2a
pcsk5a,pcsk5a
prune2,prune2
BX571945.2,BX571945.2
gna14,gna14
gnaq,gnaq
hnrpkl,hnrpkl
dre-mir-7b,dre-mir-7b
ntrk2b,ntrk2b
CU468920.1,CU468920.1
kcmf1,kcmf1
camk4,camk4
wdr36,wdr36
slc25a46,slc25a46
tmem150ab,tmem150ab
si:dkey-189h5.6,sidkey189h5.6
fkbp6,fkbp6
fzd9a,fzd9a
mks1,mks1
mrm1,mrm1
CR753837.2,CR753837.2
CR753837.1,CR753837.1
BX255908.1,BX255908.1
lhx1b,lhx1b
aatf,aatf
acaca,acaca
AL935115.1,AL935115.1
tbx2a,tbx2a
ppm1db,ppm1db
C5H2orf42,C5H2orf42
tia1,tia1
tmem232,tmem232
man2a1,man2a1
si:dkey-79c1.1,sidkey79c1.1
pja2,pja2
fer,fer
atp6v1g1,atp6v1g1
slc31a1,slc31a1
cdc26,cdc26
CR925761.4,CR925761.4
CR925761.2,CR925761.2
CR925761.3,CR925761.3
CR925761.1,CR925761.1
prpf4,prpf4
RNF224,RNF224
si:ch211-202f5.3,sich211202f5.3
pisd,pisd
zgc:193711,zgc193711
hspb2,hspb2
cryabb,cryabb
C5H11orf1,C5H11orf1
mia,mia
bicdl2,bicdl2
crfb12,crfb12
si:dkey-71l1.1,sidkey71l1.1
ufc1,ufc1
gig2p,gig2p
fdxacb1,fdxacb1
alg9,alg9
ppp2r1ba,ppp2r1ba
sik2a,sik2a
layna,layna
si:dkey-27p23.3,sidkey27p23.3
btg4,btg4
drd2b,drd2b
nrgna,nrgna
HEPACAM,HEPACAM
CU929418.1,CU929418.1
ccdc15,ccdc15
slc37a2,slc37a2
FQ378016.1,FQ378016.1
oafb,oafb
pou2f3,pou2f3
zgc:194948,zgc194948
CT955996.1,CT955996.1
foxr1,foxr1
ccdc84,ccdc84
arhgef12b,arhgef12b
tlcd5b,tlcd5b
mcama,mcama
mis12,mis12
derl2,derl2
rabep1,rabep1
nup88,nup88
si:ch211-284f22.3,sich211284f22.3
prkrip1,prkrip1
upk3b,upk3b
rasa4,rasa4
clip2,clip2
gtf2ird1,gtf2ird1
dtx2,dtx2
FP236476.1,FP236476.1
si:dkey-280e8.1,sidkey280e8.1
tmem132e,tmem132e
lig3,lig3
rad51d,rad51d
tmem248,tmem248
doc2b,doc2b
si:ch211-209a2.2,sich211209a2.2
CR936321.5,CR936321.5
CR936321.4,CR936321.4
CR936321.1,CR936321.1
CR936321.3,CR936321.3
castor2,castor2
rcc1l,rcc1l
ncf1,ncf1
polr2j,polr2j
alkbh4,alkbh4
lrwd1,lrwd1
bckdk,bckdk
orai2,orai2
pex12,pex12
drll.3,drll.3
drll.2,drll.2
drll.1,drll.1
drl,drl
ap2b1,ap2b1
RASL10B,RASL10B
gas2l2,gas2l2
im:7138535,im7138535
hnrnpul1l,hnrnpul1l
CR759879.1,CR759879.1
sympk,sympk
rsph4a,rsph4a
napaa,napaa
si:dkeyp-117b8.4,sidkeyp117b8.4
znf541,znf541
ehd2a,ehd2a
selenow1,selenow1
akap10,akap10
si:dkey-35m8.1,sidkey35m8.1
spata22,spata22
C5H11orf54,C5H11orf54
pho,pho
aspa,aspa
CU928117.1,CU928117.1
abr,abr
CR394528.1,CR394528.1
BX510960.1,BX510960.1
BX510960.2,BX510960.2
nanos2,nanos2
zswim7,zswim7
adora2b,adora2b
specc1,specc1
TIMM22,TIMM22
tlcd3a,tlcd3a
BX927212.1,BX927212.1
usp2b,usp2b
tecta,tecta
CR339044.1,CR339044.1
tbcelb,tbcelb
si:ch73-37h15.2,sich7337h15.2
gsnb,gsnb
si:ch73-376l24.2,sich73376l24.2
si:ch73-376l24.3,sich73376l24.3
si:ch73-376l24.4,sich73376l24.4
ttf1,ttf1
si:ch73-376l24.6,sich73376l24.6
rab14,rab14
cntrl,cntrl
c5,c5
prdm12b,prdm12b
surf4l,surf4l
ciz1b,ciz1b
dnm1b,dnm1b
CU856222.1,CU856222.1
si:ch73-274k23.1,sich73274k23.1
rgs3b,rgs3b
pappab,pappab
AL845507.1,AL845507.1
cmlc1,cmlc1
ak5l,ak5l
gpsm1a,gpsm1a
qsox2,qsox2
fam78aa,fam78aa
AL929057.1,AL929057.1
plpp7a,plpp7a
edf1,edf1
si:ch1073-363c19.3,sich1073363c19.3
brd3b,brd3b
rxrab,rxrab
AL929048.1,AL929048.1
olfm1a,olfm1a
lix1,lix1
lrrc8ab,lrrc8ab
ppil3,ppil3
zgc:101858,zgc101858
BX255921.1,BX255921.1
ZBTB26,ZBTB26
krt1-c5,krt1-c5
LHX6,LHX6
ptgs1,ptgs1
anxa1d,anxa1d
anxa1c,anxa1c
anxa1b,anxa1b
pmpca,pmpca
inpp5e,inpp5e
ptrh1,ptrh1
BX001023.2,BX001023.2
tor2a,tor2a
sh2d3cb,sh2d3cb
cfap157,cfap157
BX001023.1,BX001023.1
col27a1b,col27a1b
KCNT1,KCNT1
camsap1b,camsap1b
CR396583.1,CR396583.1
notch1b,notch1b
FAM163B,FAM163B
adamtsl2,adamtsl2
mymk,mymk
ttc16,ttc16
slc2a8,slc2a8
lcn15,lcn15
nrarpb,nrarpb
jak2b,jak2b
zgc:114041,zgc114041
mboat4,mboat4
gldc,gldc
coq2,coq2
mfsd10,mfsd10
secisbp2,secisbp2
prlrb,prlrb
malt1,malt1
cplx4b,cplx4b
emb,emb
hip1rb,hip1rb
kntc1,kntc1
mn1b,mn1b
kat5b,kat5b
fermt3a,fermt3a
CU914811.1,CU914811.1
stip1,stip1
rps6ka4,rps6ka4
rom1a,rom1a
BX897741.1,BX897741.1
cdca5,cdca5
clip1a,clip1a
zcchc8,zcchc8
si:ch211-110p13.9,sich211110p13.9
rsrc2,rsrc2
mlxip,mlxip
unga,unga
sebox,sebox
ebf2,ebf2
si:dkey-251i10.1,sidkey251i10.1
si:dkey-251i10.2,sidkey251i10.2
UTP14C,UTP14C
zbtb20,zbtb20
si:dkey-70b23.2,sidkey70b23.2
arhgap31,arhgap31
b4galt4,b4galt4
casr,casr
eif4e1b,eif4e1b
zgc:175280,zgc175280
si:ch211-271b14.1,sich211271b14.1
tagln3a,tagln3a
abhd10a,abhd10a
gsx1,gsx1
mtif3,mtif3
gtf3aa,gtf3aa
wasf3a,wasf3a
rnf167,rnf167
spag7,spag7
slc25a11,slc25a11
KCNAB3,KCNAB3
CABZ01083937.2,CABZ01083937.2
CABZ01083943.1,CABZ01083943.1
KIF1C,KIF1C
CABZ01083945.1,CABZ01083945.1
h1m,h1m
ephb4a,ephb4a
dlg4a,dlg4a
mepce,mepce
her1,her1
her7,her7
si:ch211-283h6.4,sich211283h6.4
usp39,usp39
sftpbb,sftpbb
spaw,spaw
CT033825.1,CT033825.1
ank1a,ank1a
ank1a-1,ank1a-1
dre-mir-2188,dre-mir-2188
FO704822.1,FO704822.1
GANAB,GANAB
CU928129.2,CU928129.2
CU928129.1,CU928129.1
mat2ab,mat2ab
inpp5jb,inpp5jb
selenom,selenom
smtnb,smtnb
FQ311924.2,FQ311924.2
FQ311924.1,FQ311924.1
isca1,isca1
CABZ01032476.1,CABZ01032476.1
psat1,psat1
si:ch211-157p22.10,sich211157p22.10
zgc:153044,zgc153044
kiss1rb,kiss1rb
mapkapk5,mapkapk5
aldh2.1,aldh2.1
aldh2.2,aldh2.2
vps33a,vps33a
eif2b1,eif2b1
gtf2h3,gtf2h3
CT978957.2,CT978957.2
CT978957.1,CT978957.1
znf1005,znf1005
dguok,dguok
mob1a,mob1a
mthfd2,mthfd2
arl6ip4,arl6ip4
C5H12orf65,C5H12orf65
kmt5ab,kmt5ab
rilpl2,rilpl2
fsd1l,fsd1l
ugt2a6,ugt2a6
ugt2a5,ugt2a5
ythdc1,ythdc1
fktn,fktn
ugt2a4,ugt2a4
dnajc25,dnajc25
si:ch211-154e10.1,sich211154e10.1
rgs3a,rgs3a
znf618,znf618
pappaa,pappaa
CABZ01075572.1,CABZ01075572.1
brinp1,brinp1
CU927890.1,CU927890.1
ak1,ak1
gpsm1b,gpsm1b
LHX3,LHX3
nup214,nup214
fam78ab,fam78ab
PLPP7,PLPP7
PRRC2B,PRRC2B
dqx1,dqx1
oxt,oxt
thnsl2,thnsl2
smyd1a,smyd1a
fabp1a,fabp1a
spra,spra
exosc2,exosc2
abl1,abl1
rab14l,rab14l
ddx54,ddx54
tbx5a,tbx5a
tbx3a,tbx3a
MTFP1,MTFP1
lman2la,lman2la
wbp1,wbp1
pax8,pax8
zgc:110249,zgc110249
zgc:110249-1,zgc1102491
zgc:165518,zgc165518
CR391944.1,CR391944.1
FP326649.1,FP326649.1
kdelr3,kdelr3
CABZ01079818.1,CABZ01079818.1
zgc:174288,zgc174288
CABZ01089980.1,CABZ01089980.1
mhc1zfa,mhc1zfa
mhc1zaa,mhc1zaa
mhc1zja,mhc1zja
CU394254.2,CU394254.2
CU394254.3,CU394254.3
si:dkey-167k11.5,sidkey167k11.5
dicp1.1,dicp1.1
zgc:194659,zgc194659
si:dkey-12f6.5,sidkey12f6.5
CR792453.2,CR792453.2
dicp1.3-4,dicp1.3-4
dicp1.1-1,dicp1.1-1
CR792453.3,CR792453.3
AL929520.1,AL929520.1
AL929520.3,AL929520.3
dicp1.17,dicp1.17
FP102888.1,FP102888.1
FP102888.3,FP102888.3
FP102888.2,FP102888.2
FP102786.1,FP102786.1
FP102809.1,FP102809.1
irgf4,irgf4
zgc:172051,zgc172051
si:ch1073-464p5.5,sich1073464p5.5
zgc:172253,zgc172253
zgc:153921,zgc153921
zgc:153921-1,zgc1539211
si:ch1073-322p19.1,sich1073322p19.1
srebf2,srebf2
si:ch73-211l13.2,sich73211l13.2
nol12,nol12
triobpb,triobpb
ndufa6,ndufa6
smdt1a,smdt1a
CU672266.2,CU672266.2
fam234b,fam234b
ENSDARG00000080745,ENSDARG00000080745
poldip3,poldip3
rrp7a,rrp7a
wbp2nl,wbp2nl
si:ch1073-314i13.4,sich1073314i13.4
tcf20,tcf20
FP325358.1,FP325358.1
GRIN2B,GRIN2B
tmem106c,tmem106c
FP236551.1,FP236551.1
ddx47,ddx47
wbp11,wbp11
bglap,bglap
mgp,mgp
sox10,sox10
polr2f,polr2f
CR394546.3,CR394546.3
CR394546.1,CR394546.1
CR394546.2,CR394546.2
CR394546.5,CR394546.5
CR394546.4,CR394546.4
BX321875.4,BX321875.4
BX321875.2,BX321875.2
BX321875.3,BX321875.3
si:dkeyp-52c3.7,sidkeyp52c3.7
BX321875.1,BX321875.1
micall1b.2,micall1b.2
BX465228.2,BX465228.2
BX465228.1,BX465228.1
zgc:101806,zgc101806
si:ch211-254c8.3,sich211254c8.3
zgc:152753,zgc152753
zgc:165583,zgc165583
BX005442.3,BX005442.3
si:dkey-88j15.3,sidkey88j15.3
BX005442.4,BX005442.4
si:dkey-88j15.4,sidkey88j15.4
CR933791.2,CR933791.2
si:dkey-217f16.5,sidkey217f16.5
si:dkey-217f16.6,sidkey217f16.6
CR388047.1,CR388047.1
BX004816.1,BX004816.1
zgc:172090,zgc172090
BX004816.2,BX004816.2
AL953907.1,AL953907.1
si:ch211-229i14.2,sich211229i14.2
AL953907.2,AL953907.2
tmem184bb,tmem184bb
si:dkey-46g23.1,sidkey46g23.1
si:dkey-46g23.2,sidkey46g23.2
zgc:171446,zgc171446
zgc:171445,zgc171445
si:dkey-46g23.5,sidkey46g23.5
zgc:165453,zgc165453
zgc:171426,zgc171426
CABZ01040998.1,CABZ01040998.1
cdc42ep1b,cdc42ep1b
CR589947.1,CR589947.1
CR589947.2,CR589947.2
CR589947.3,CR589947.3
pick1,pick1
plbd1,plbd1
si:ch211-163m16.7,sich211163m16.7
art4,art4
BX908804.1,BX908804.1
si:dkey-217f16.1,sidkey217f16.1
BX908804.2,BX908804.2
gucy2c,gucy2c
pmm1,pmm1
unm-sa1506,unm-sa1506
BX005421.1,BX005421.1
BX005421.2,BX005421.2
BX005421.3,BX005421.3
si:dkeyp-52c3.7-1,sidkeyp52c3.7-1
LO018551.1,LO018551.1
si:dkey-175d9.2,sidkey175d9.2
si:dkey-73p2.1,sidkey73p2.1
si:dkey-73p2.2,sidkey73p2.2
si:dkey-73p2.3,sidkey73p2.3
si:dkey-73p2.3-1,sidkey73p2.3-1
trim35-3,trim35-3
zc3h7ba,zc3h7ba
rangap1a,rangap1a
ftr43,ftr43
ftr50,ftr50
ftr50-1,ftr50-1
ftr50-2,ftr50-2
ftr50-3,ftr50-3
CABZ01034851.1,CABZ01034851.1
slc25a38a,slc25a38a
CABZ01046996.1,CABZ01046996.1
CABZ01046997.1,CABZ01046997.1
si:dkey-73p2.2-1,sidkey73p2.2-1
CABZ01117706.1,CABZ01117706.1
CSDC2,CSDC2
polr3h,polr3h
CU681842.1,CU681842.1
tefb,tefb
si:ch73-338o16.4-1,sich73338o16.4-1
myh9b,myh9b
txn2,txn2
si:ch211-150d5.3,sich211150d5.3
si:ch73-106l15.4,sich73106l15.4
trim35-7,trim35-7
si:ch73-106l15.2,sich73106l15.2
vmo1a,vmo1a
trim35-7-1,trim35-7-1
FQ311879.2,FQ311879.2
FQ311879.1,FQ311879.1
FP016234.1,FP016234.1
trim35-31,trim35-31
si:ch211-106h11.3,sich211106h11.3
ddx39ab,ddx39ab
si:ch211-106h11.1,sich211106h11.1
CABZ01064405.1,CABZ01064405.1
pkn1b,pkn1b
BX284638.2,BX284638.2
mcoln1b,mcoln1b
BX284638.1,BX284638.1
si:ch73-144l3.1,sich73144l3.1
FP236513.1,FP236513.1
BX004785.1,BX004785.1
BX004785.2,BX004785.2
si:ch211-12p12.2,sich21112p12.2
zgc:136767,zgc136767
BX004785.3,BX004785.3
jpt1b,jpt1b
sumo2b,sumo2b
nup85,nup85
gga3b,gga3b
si:ch1073-209h18.1,sich1073209h18.1
FP016106.1,FP016106.1
si:ch73-59f11.3,sich7359f11.3
cygb1,cygb1
atg4db,atg4db
mast1b,mast1b
BX000701.1,BX000701.1
zgc:113102,zgc113102
zmp:0000001228,zmp0000001228
BX000701.2,BX000701.2
BX005085.2,BX005085.2
BX005085.3,BX005085.3
BX005085.7,BX005085.7
BX005085.1,BX005085.1
BX005085.6,BX005085.6
BX005085.5,BX005085.5
BX005085.4,BX005085.4
FO704858.1,FO704858.1
zgc:113102-1,zgc1131021
zgc:173577,zgc173577
si:ch1073-186o8.3,sich1073186o8.3
zgc:113443,zgc113443
zgc:173517,zgc173517
CR847850.1,CR847850.1
znf1001,znf1001
znf1001-1,znf1001-1
zmp:0000001003,zmp0000001003
CU695223.1,CU695223.1
zgc:109949,zgc109949
junbb,junbb
hook2,hook2
hook2-1,hook2-1
trir,trir
ubn2b,ubn2b
trim35-21,trim35-21
trim35-25,trim35-25
trim35-24,trim35-24
trim35-23,trim35-23
trim35-22,trim35-22
si:ch211-175l6.2,sich211175l6.2
trim35-19,trim35-19
BX927317.2,BX927317.2
BX927317.3,BX927317.3
si:ch211-51i16.1,sich21151i16.1
si:ch211-51i16.3,sich21151i16.3
CABZ01019904.1,CABZ01019904.1
FO907110.1,FO907110.1
cyp2k22,cyp2k22
trim35-9,trim35-9
cyp2k6,cyp2k6
trim35-10,trim35-10
CU855801.1,CU855801.1
rbfox3b,rbfox3b
CABZ01064671.1,CABZ01064671.1
CABZ01058333.1,CABZ01058333.1
si:dkeyp-30d6.2,sidkeyp30d6.2
znf1150,znf1150
CR792416.1,CR792416.1
znf1124,znf1124
LO018550.1,LO018550.1
gpr139,gpr139
rnps1,rnps1
FO904885.3,FO904885.3
zgc:162154,zgc162154
trap1,trap1
crebbpb,crebbpb
CR339059.1,CR339059.1
CR339059.3,CR339059.3
CR339059.4,CR339059.4
FP243382.1,FP243382.1
cbx2,cbx2
BX539325.2,BX539325.2
nog1,nog1
pctp,pctp
elac2,elac2
map2k4a,map2k4a
tmem220,tmem220
si:ch73-1f23.1,sich731f23.1
si:ch73-1f23.1-1,sich731f23.1-1
zgc:112965,zgc112965
CU210890.1,CU210890.1
znf1004,znf1004
CR382337.3,CR382337.3
CR382337.1,CR382337.1
CR382337.2,CR382337.2
mrps7,mrps7
mif4gdb,mif4gdb
sstr5,sstr5
BX323882.1,BX323882.1
AL935044.2,AL935044.2
AL935044.4,AL935044.4
AL935044.1,AL935044.1
AL935044.3,AL935044.3
mmd,mmd
hlfa,hlfa
FOXK2,FOXK2
coro7,coro7
dnaja3a,dnaja3a
hmox2b,hmox2b
cfap70,cfap70
srl,srl
tfap4,tfap4
glis2b,glis2b
pam16,pam16
vasnb,vasnb
ccnf,ccnf
abca3b,abca3b
cyp2k18,cyp2k18
cyp2k20,cyp2k20
cyp2k19,cyp2k19
cyp2k21,cyp2k21
cyp2k17,cyp2k17
cyp2k16,cyp2k16
cyp2k8,cyp2k8
cyp2k6-1,cyp2k6-1
si:ch211-8c17.2,sich2118c17.2
si:ch211-8c17.3,sich2118c17.3
si:ch211-8c17.4,sich2118c17.4
kcnj2b,kcnj2b
btbd17b,btbd17b
ccdc137,ccdc137
pdgfab,pdgfab
prkar1b,prkar1b
LO018183.1,LO018183.1
sun1,sun1
CU138547.1,CU138547.1
dhps,dhps
si:dkey-117i10.1,sidkey117i10.1
fbxw9,fbxw9
zgc:77748,zgc77748
CABZ01079251.1,CABZ01079251.1
slc25a19,slc25a19
JMJD8,JMJD8
amdhd2,amdhd2
si:ch73-106n3.1,sich73106n3.1
si:ch73-106n3.2,sich73106n3.2
tufm,tufm
hspbp1,hspbp1
pglyrp6,pglyrp6
si:ch211-194b1.1,sich211194b1.1
ptger1b,ptger1b
ilf3b,ilf3b
farsa,farsa
si:dkey-61n16.5,sidkey61n16.5
syce2,syce2
gcdhb,gcdhb
nfil3-6,nfil3-6
si:ch211-108d22.2,sich211108d22.2
AL954138.2,AL954138.2
si:ch211-108d22.1,sich211108d22.1
plppr2a,plppr2a
tlcd4b,tlcd4b
CU639471.1,CU639471.1
cnn1b,cnn1b
elof1,elof1
tmem205,tmem205
rab3db,rab3db
epor,epor
swsap1,swsap1
znf653,znf653
tspan35,tspan35
zgc:158403,zgc158403
gadd45gip1,gadd45gip1
nfixb,nfixb
nme4,nme4
xpo6,xpo6
antkmt,antkmt
si:dkey-282h22.5,sidkey282h22.5
tspan10,tspan10
hirip3,hirip3
kctd13,kctd13
sez6l2,sez6l2
asphd1,asphd1
cabp5b,cabp5b
pitpnbl,pitpnbl
sh2b1,sh2b1
atxn2l,atxn2l
lat,lat
si:dkey-56d12.4,sidkey56d12.4
spns1,spns1
nfatc2ip,nfatc2ip
sgf29,sgf29
nupr1b,nupr1b
doc2a,doc2a
BX682550.1,BX682550.1
si:dkey-93n13.2,sidkey93n13.2
si:dkey-93n13.1,sidkey93n13.1
zgc:66474,zgc66474
zgc:66443,zgc66443
BX936308.2,BX936308.2
BX936308.1,BX936308.1
mvp,mvp
phb,phb
BX914211.1,BX914211.1
znf652,znf652
phospho1,phospho1
natd1,natd1
tmem11,tmem11
dhrs7b,dhrs7b
cramp1,cramp1
jpt2,jpt2
mapk8ip3,mapk8ip3
nme3,nme3
mrps34,mrps34
spsb3a,spsb3a
atp6v0ca,atp6v0ca
CR387933.1,CR387933.1
si:dkey-81l17.6,sidkey81l17.6
lasp1,lasp1
arl5c,arl5c
cacnb1,cacnb1
rpl19,rpl19
bckdhbl,bckdhbl
st8sia6,st8sia6
eftud2,eftud2
kcnj12b,kcnj12b
si:ch211-23l10.3,sich21123l10.3
eps8l1a,eps8l1a
slc6a16a,slc6a16a
slc17a7a,slc17a7a
CR847509.1,CR847509.1
zgc:55558,zgc55558
pold1,pold1
gys1,gys1
aspdh,aspdh
tmem86b,tmem86b
lrrc3cb,lrrc3cb
si:dkey-30j10.5,sidkey30j10.5
stk17al,stk17al
BX470185.1,BX470185.1
BX470185.2,BX470185.2
atp6v0a1a,atp6v0a1a
cavin1a,cavin1a
stat3,stat3
stat5a,stat5a
si:ch211-210g13.5,sich211210g13.5
CU207238.1,CU207238.1
hcrt,hcrt
kcnh4a,kcnh4a
rab5c,rab5c
kat2a,kat2a
dhx58,dhx58
CABZ01018956.1,CABZ01018956.1
znf385c,znf385c
nkiras2,nkiras2
dnajc7,dnajc7
ttc25,ttc25
cnp,cnp
aclya,aclya
si:ch73-141c7.1,sich73141c7.1
hsd17b1,hsd17b1
mettl26,mettl26
ankrd40,ankrd40
wfikkn2a,wfikkn2a
CU682780.1,CU682780.1
tob1a,tob1a
BX649434.1,BX649434.1
BX649434.2,BX649434.2
BX649434.3,BX649434.3
spag9a,spag9a
kdelr2a,kdelr2a
si:ch211-139g16.8,sich211139g16.8
rps2,rps2
ndufb10,ndufb10
GAA,GAA
tbc1d16,tbc1d16
cbx4,cbx4
cbx8a,cbx8a
aqp8b,aqp8b
arhgap17b,arhgap17b
si:ch211-246e12.3,sich211246e12.3
slc5a11,slc5a11
grid2ipa,grid2ipa
e4f1,e4f1
zgc:113333,zgc113333
narfl,narfl
AL772362.2,AL772362.2
hagh,hagh
fahd1,fahd1
msrb1a,msrb1a
tnpo2,tnpo2
tmem104,tmem104
si:ch211-198m1.1,sich211198m1.1
CU151886.3,CU151886.3
grin2ca,grin2ca
rfx1a,rfx1a
rln3a,rln3a
il12rb2l,il12rb2l
smarca4a,smarca4a
ldlra,ldlra
kri1,kri1
spc24,spc24
s1pr5a,s1pr5a
zgc:123297,zgc123297
pde6ga,pde6ga
CU571315.1,CU571315.1
CU571315.3,CU571315.3
CU571315.2,CU571315.2
zgc:163079,zgc163079
rprml,rprml
itgb3a,itgb3a
mettl2a,mettl2a
tlk2,tlk2
mrc2,mrc2
BX572620.1,BX572620.1
rnd2,rnd2
vat1,vat1
CR855865.1,CR855865.1
asb16,asb16
tmub2,tmub2
atxn7l3,atxn7l3
ubtf,ubtf
BX088544.1,BX088544.1
slc4a1a,slc4a1a
selenow2b,selenow2b
selenow2a,selenow2a
ngfra,ngfra
nxph3,nxph3
spop,spop
BX936284.1,BX936284.1
ndufa4l,ndufa4l
slc35b1,slc35b1
fam117aa,fam117aa
rundc3aa,rundc3aa
zwi,zwi
tlcd3ba,tlcd3ba
nlk1,nlk1
maza,maza
cdipt,cdipt
taok2a,taok2a
zgc:123295,zgc123295
zgc:112038,zgc112038
CR387996.1,CR387996.1
zgc:153968,zgc153968
tcap,tcap
syngr1a,syngr1a
fam171a2a,fam171a2a
itga2b,itga2b
crhr1,crhr1
BX547992.2,BX547992.2
BX547992.1,BX547992.1
cdc27,cdc27
kansl1b,kansl1b
maptb,maptb
myl4,myl4
scn4ab,scn4ab
gh1,gh1
ifnphi3,ifnphi3
zgc:103564,zgc103564
ifnphi2,ifnphi2
ifnphi1,ifnphi1
arhgap27l,arhgap27l
coa3b,coa3b
wnk4b,wnk4b
BX649557.1,BX649557.1
tanc2a,tanc2a
cyb561,cyb561
BX322574.1,BX322574.1
hdac5,hdac5
lsm12a,lsm12a
si:ch211-237i5.4,sich211237i5.4
nags,nags
b4galnt2.2,b4galnt2.2
b4galnt2.1,b4galnt2.1
gngt2a,gngt2a
AL929222.1,AL929222.1
AL929222.2,AL929222.2
col1a1a,col1a1a
ppp1r9ba,ppp1r9ba
rapgefl1,rapgefl1
CU459159.1,CU459159.1
casc3,casc3
msl1a,msl1a
si:dkey-225f5.5,sidkey225f5.5
nr1d1,nr1d1
si:dkey-225f5.4,sidkey225f5.4
igf2bp1,igf2bp1
ube2z,ube2z
atp5mc1,atp5mc1
eve1,eve1
hoxb13a,hoxb13a
hoxb10a,hoxb10a
hoxb9a,hoxb9a
BX927395.1,BX927395.1
hoxb8a,hoxb8a
hoxb7a,hoxb7a
hoxb3a,hoxb3a
CR751227.2,CR751227.2
hoxb6a,hoxb6a
hoxb5a,hoxb5a
hoxb4a,hoxb4a
dre-mir-10c,dre-mir-10c
CR751227.1,CR751227.1
hoxb2a,hoxb2a
hoxb1a,hoxb1a
BX936342.1,BX936342.1
BX936342.2,BX936342.2
cbx1a,cbx1a
nfe2l1a,nfe2l1a
copz2,copz2
si:ch211-246i5.5,sich211246i5.5
CR790362.1,CR790362.1
CR812472.1,CR812472.1
prr15la,prr15la
atf4b,atf4b
si:dkey-110g7.8,sidkey110g7.8
adsl,adsl
zgc:123244,zgc123244
pdgfbb,pdgfbb
pvalb6,pvalb6
csf2rb,csf2rb
baiap2l2a,baiap2l2a
CR790377.2,CR790377.2
cbx6b,cbx6b
nptxra,nptxra
dnal4a,dnal4a
sp100.1,sp100.1
sp100.2,sp100.2
sp100.3,sp100.3
si:dkey-68o6.5,sidkey68o6.5
si:dkey-68o6.6,sidkey68o6.6
zgc:171506,zgc171506
zgc:113411,zgc113411
zmp:0000000912,zmp0000000912
BX569789.1,BX569789.1
slc25a17,slc25a17
mrtfaa,mrtfaa
CABZ01050944.1,CABZ01050944.1
desi1a,desi1a
cbx7a,cbx7a
ep300b,ep300b
CR936416.1,CR936416.1
xpnpep3,xpnpep3
st13,st13
rbx1,rbx1
chadla,chadla
napsa,napsa
BX470254.1,BX470254.1
mief1,mief1
si:ch211-256m1.8,sich211256m1.8
TST,TST
il2rb,il2rb
c1qtnf6a,c1qtnf6a
mgat3a,mgat3a
ddx5,ddx5
smurf2,smurf2
kpna2,kpna2
bptf,bptf
grb2b,grb2b
mchr1b,mchr1b
usp43b,usp43b
BX571780.1,BX571780.1
BX120006.3,BX120006.3
ntn1b,ntn1b
BX120006.2,BX120006.2
BX120006.1,BX120006.1
pik3r6b,pik3r6b
FP101990.1,FP101990.1
mfsd6l,mfsd6l
zgc:171844,zgc171844
tom1,tom1
CU972512.1,CU972512.1
FP101861.1,FP101861.1
gcat,gcat
mcm5,mcm5
hmox1a,hmox1a
foxred2,foxred2
ankrd54,ankrd54
hmgxb4a,hmgxb4a
si:dkeyp-69e1.8,sidkeyp69e1.8
atp2a1,atp2a1
zgc:162612,zgc162612
hsp70.1,hsp70.1
hsp70.2,hsp70.2
hsp70.3,hsp70.3
rabep2,rabep2
si:ch211-11k18.4,sich21111k18.4
ypel3,ypel3
gdpd3a,gdpd3a
mapk3,mapk3
nudt9,nudt9
ppp4ca,ppp4ca
atad5a,atad5a
adap2,adap2
rhot1a,rhot1a
si:ch211-156b7.5,sich211156b7.5
C3H17orf75,C3H17orf75
si:ch211-156b7.4,sich211156b7.4
rps15a,rps15a
xylt1,xylt1
tmc5,tmc5
rab40c,rab40c
pigq,pigq
socs1a,socs1a
clec16a,clec16a
dexi,dexi
ciita,ciita
nubp1,nubp1
emp2,emp2
CR954963.1,CR954963.1
atf7ip2,atf7ip2
grin2aa,grin2aa
BX908803.3,BX908803.3
BX908803.2,BX908803.2
C3H16orf72,C3H16orf72
usp7,usp7
ptx4,ptx4
si:ch211-157c3.4,sich211157c3.4
clcn7,clcn7
arhgdig,arhgdig
eci1,eci1
dnase1,dnase1
nat15,nat15
carhsp1,carhsp1
abat,abat
mettl22,mettl22
TMEM114,TMEM114
rbfox1,rbfox1
CR792426.1,CR792426.1
sept12,sept12
fbxl16,fbxl16
CR792438.2,CR792438.2
CR792438.1,CR792438.1
gsg1l,gsg1l
BX510989.1,BX510989.1
si:ch211-76l23.4,sich21176l23.4
flr,flr
ENSDARG00000075345,ENSDARG00000075345
alg1,alg1
eef2kmt,eef2kmt
BX510989.2,BX510989.2
lgals1l1,lgals1l1
lgals2a,lgals2a
cacna1ia,cacna1ia
BX005369.1,BX005369.1
BX649558.1,BX649558.1
grap2a,grap2a
fam83fa,fam83fa
cyth4a,cyth4a
rac2,rac2
sstr3,sstr3
eif3d,eif3d
BX571960.2,BX571960.2
sult3st1,sult3st1
CT573429.1,CT573429.1
si:ch73-233k15.2,sich73233k15.2
CT573429.2,CT573429.2
BX901883.4,BX901883.4
cacng2a,cacng2a
BX901883.5,BX901883.5
rpl3,rpl3
BX901883.1,BX901883.1
ENSDARG00000083950,ENSDARG00000083950
slc25a39,slc25a39
rpl27,rpl27
RUNDC1,RUNDC1
grna,grna
BX901883.3,BX901883.3
ifi35,ifi35
bcat2,bcat2
hsd17b14,hsd17b14
kcna7,kcna7
CU914602.1,CU914602.1
ppfia3,ppfia3
nucb1,nucb1
ccndx,ccndx
tbc1d17,tbc1d17
akt1s1,akt1s1
zgc:195001,zgc195001
emc10,emc10
BX649540.1,BX649540.1
mybpc2a,mybpc2a
CR936968.1,CR936968.1
CR936968.2,CR936968.2
lrrc4ba,lrrc4ba
med25,med25
si:dkey-13n23.3,sidkey13n23.3
syt3,syt3
si:ch211-51c14.1,sich21151c14.1
BX682556.3,BX682556.3
shank1,shank1
kmt5c,kmt5c
ppp1caa,ppp1caa
cldni,cldni
coro1a,coro1a
paqr4a,paqr4a
prf1.9,prf1.9
prf1.1,prf1.1
si:dkeyp-71f10.5,sidkeyp71f10.5
cox6a2,cox6a2
armc5,armc5
si:dkey-66i24.7,sidkey66i24.7
elob,elob
elob-1,elob-1
zgc:153292,zgc153292
si:dkey-66i24.8,sidkey66i24.8
si:dkey-66i24.9,sidkey66i24.9
BX004999.1,BX004999.1
arl6ip1,arl6ip1
smg1,smg1
clec19a,clec19a
syt17,syt17
apnl,apnl
LO017965.1,LO017965.1
c1ql3b,c1ql3b
ccdc43,ccdc43
moto,moto
fzd2,fzd2
CU062431.1,CU062431.1
mylk5,mylk5
ccdc47,ccdc47
dcaf7,dcaf7
kcnh6a,kcnh6a
gfap,gfap
map3k3,map3k3
limd2,limd2
zp3e,zp3e
ddx42,ddx42
strada,strada
rnf113a,rnf113a
snrnp70,snrnp70
lin7b,lin7b
zgc:193811,zgc193811
kcnc3a,kcnc3a
BX511080.1,BX511080.1
baxb,baxb
aldh16a1,aldh16a1
fthl27,fthl27
fthl28,fthl28
fthl30,fthl30
fthl31,fthl31
fthl29,fthl29
fthl31-1,fthl31-1
BX511021.1,BX511021.1
fthl27-1,fthl27-1
syt5a,syt5a
tnnt1,tnnt1
pih1d1,pih1d1
BX511021.2,BX511021.2
BX511021.3,BX511021.3
BX511021.4,BX511021.4
cpt1cb,cpt1cb
si:dkey-16p21.7,sidkey16p21.7
si:dkey-16p21.8,sidkey16p21.8
prl,prl
prmt1,prmt1
ap2a1,ap2a1
si:ch211-195b15.8,sich211195b15.8
rras,rras
prrg2,prrg2
prr12b,prr12b
si:ch211-195b15.7,sich211195b15.7
CR936975.1,CR936975.1
scaf1,scaf1
trpm4a,trpm4a
si:ch73-367p23.2,sich73367p23.2
nosip,nosip
rcn3,rcn3
pax10,pax10
FP236454.2,FP236454.2
si:ch73-248e21.1,sich73248e21.1
tspan4b,tspan4b
unc119.2,unc119.2
si:ch73-248e21.7,sich73248e21.7
si:ch73-248e21.5,sich73248e21.5
mmp25a,mmp25a
srrm2,srrm2
thoc6,thoc6
si:dkey-16l2.16,sidkey16l2.16
rnf25,rnf25
kat8,kat8
si:dkey-16l2.17,sidkey16l2.17
fus,fus
setd1a,setd1a
hsd3b7,hsd3b7
tbc1d10b,tbc1d10b
mylpfa,mylpfa
zgc:153733,zgc153733
cd2bp2,cd2bp2
prr14,prr14
si:dkey-16l2.20,sidkey16l2.20
zgc:162613,zgc162613
zgc:113090,zgc113090
kat7a,kat7a
g6pcb,g6pcb
aoc2,aoc2
nbr1b,nbr1b
casp6b.1,casp6b.1
casp6a,casp6a
casp6b.2,casp6b.2
CT583642.2,CT583642.2
CT583642.1,CT583642.1
CR392003.1,CR392003.1
rarab,rarab
hspb9,hspb9
pyya,pyya
mpp2a,mpp2a
CABZ01012962.1,CABZ01012962.1
si:dkey-283b1.6,sidkey283b1.6
abi3a,abi3a
ccdc103,ccdc103
rpl23,rpl23
CR396582.3,CR396582.3
si:dkey-283b1.7,sidkey283b1.7
gtpbp1,gtpbp1
CR396582.2,CR396582.2
sgsm3,sgsm3
ELFN2,ELFN2
nacc1a,nacc1a
ier2a,ier2a
cacna1aa,cacna1aa
alkbh7,alkbh7
gtf2f1,gtf2f1
BX510335.1,BX510335.1
ighd,ighd
ighv1-4,ighv1-4
ighz,ighz
BX649502.7,BX649502.7
BX649502.4,BX649502.4
BX649502.5,BX649502.5
aldh3b1,aldh3b1
clpp,clpp
si:dkey-204f11.64,sidkey204f11.64
carm1,carm1
BX649502.1,BX649502.1
yipf2,yipf2
timm29,timm29
slc25a23b,slc25a23b
znf207a,znf207a
tnrc6c1,tnrc6c1
sept9a,sept9a
si:ch211-165d12.4,sich211165d12.4
nmrk1,nmrk1
zgc:163143,zgc163143
tac4,tac4
znfl1,znfl1
dlx4a,dlx4a
dusp3b,dusp3b
thraa,thraa
nsfa,nsfa
psmd11a,psmd11a
cdk5r1a,cdk5r1a
itga3a,itga3a
ca10b,ca10b
BX890590.1,BX890590.1
smarce1,smarce1
prkcbb,prkcbb
cacng3b,cacng3b
rbbp6,rbbp6
tnrc6a,tnrc6a
ndufab1b,ndufab1b
rpusd1,rpusd1
dctn5,dctn5
gng13b,gng13b
traf7,traf7
caskin1,caskin1
crlf3,crlf3
suz12a,suz12a
rab11fip4a,rab11fip4a
coil,coil
scpep1,scpep1
engase,engase
SLC16A3,SLC16A3
csnk1da,csnk1da
dus1l,dus1l
gps1,gps1
rac3a,rac3a
prkar1aa,prkar1aa
zgc:86896,zgc86896
wipi1,wipi1
slc16a6b,slc16a6b
gna13b,gna13b
rgs9a,rgs9a
cog1,cog1
SMIM22,SMIM22
rogdi,rogdi
glyr1,glyr1
ppl,ppl
si:dkeyp-72e1.9,sidkeyp72e1.9
rrn3,rrn3
si:dkeyp-72e1.6,sidkeyp72e1.6
si:dkeyp-72e1.7,sidkeyp72e1.7
pdxdc1,pdxdc1
gspt1l,gspt1l
myh11b,myh11b
nde1,nde1
abcc1,abcc1
abcc6b.1,abcc6b.1
FO744883.1,FO744883.1
abcc6b.2,abcc6b.2
ramp2,ramp2
ezh1,ezh1
AL929523.1,AL929523.1
cntnap1,cntnap1
PLEKHH3,PLEKHH3
tubg1,tubg1
retreg3,retreg3
psmc3ip,psmc3ip
mlx,mlx
fmnl1a,fmnl1a
SRCIN1,SRCIN1
arf2a,arf2a
wnt9b,wnt9b
BX640549.1,BX640549.1
gosr2,gosr2
gpatch8,gpatch8
map3k14a,map3k14a
si:dkey-260c8.6,sidkey260c8.6
baxa,baxa
baxa-1,baxa-1
rps11,rps11
CR388062.3,CR388062.3
CR388062.2,CR388062.2
CR388062.1,CR388062.1
CR388062.4,CR388062.4
si:dkey-260c8.8,sidkey260c8.8
asic2,asic2
BX936420.1,BX936420.1
si:dkey-7f16.3,sidkey7f16.3
mpp3a,mpp3a
si:ch211-198m17.1,sich211198m17.1
znf281a,znf281a
kcnj19a,kcnj19a
si:dkey-106c17.2-1,sidkey106c17.2-1
tmem98,tmem98
svilc,svilc
cdk21,cdk21
retsat,retsat
si:ch211-232p21.6,sich211232p21.6
nmt1a,nmt1a
BX936386.1,BX936386.1
plcd3a,plcd3a
arhgap23a,arhgap23a
CU464118.1,CU464118.1
zgc:100868,zgc100868
zgc:165423,zgc165423
BX537342.1,BX537342.1
aldoaa,aldoaa
cln3,cln3
prpsap2,prpsap2
si:dkey-27o4.1,sidkey27o4.1
BX640398.1,BX640398.1
grapa,grapa
epn2,epn2
b9d1,b9d1
cacna1ha,cacna1ha
BX649356.2,BX649356.2
ccdc97,ccdc97
llgl1,llgl1
myo15aa,myo15aa
drg2,drg2
gfer,gfer
syngr3a,syngr3a
znf598,znf598
flii,flii
top3a,top3a
smcr8a,smcr8a
shmt1,shmt1
pdap1b,pdap1b
bud31,bud31
cpsf4,cpsf4
atp5mf,atp5mf
slc29a4,slc29a4
AL928657.1,AL928657.1
tnrc18,tnrc18
actb2,actb2
fscn1a,fscn1a
rnf216,rnf216
uts2r5,uts2r5
smurf1,smurf1
BX649559.1,BX649559.1
arpc1a,arpc1a
arpc1b,arpc1b
wipi2,wipi2
mmd2a,mmd2a
ap5z1,ap5z1
foxk1,foxk1
cyp3c4,cyp3c4
cyp3c3,cyp3c3
cyp3c3-1,cyp3c3-1
cyp3c1,cyp3c1
sdk1a,sdk1a
BX537310.2,BX537310.2
si:ch211-222n22.1,sich211222n22.1
card11,card11
gna12a,gna12a
eif3ba,eif3ba
chst12a,chst12a
grifin,grifin
lfng,lfng
ttyh3a,ttyh3a
snx8a,snx8a
nudt1,nudt1
mrm2,mrm2
zgc:194207,zgc194207
BX005183.1,BX005183.1
BX005183.2,BX005183.2
BX005183.4,BX005183.4
BX005183.3,BX005183.3
BX537305.1,BX537305.1
psmg3,psmg3
tmem184a,tmem184a
mafk,mafk
ints1,ints1
si:dkey-43p13.5,sidkey43p13.5
micall2a,micall2a
snn,snn
uncx,uncx
zfand2a,zfand2a
galr2b,galr2b
axin1,axin1
CU138533.2,CU138533.2
CU138533.1,CU138533.1
dre-mir-365-1,dre-mir-365-1
zgc:92162,zgc92162
zc3h7a,zc3h7a
litaf,litaf
rmi2,rmi2
mslna,mslna
BX682557.2,BX682557.2
BX682557.1,BX682557.1
ubfd1,ubfd1
BX571715.1,BX571715.1
il4r.2,il4r.2
il4r.1,il4r.1
nsmce1,nsmce1
kdm8,kdm8
hs3st4,hs3st4
hs3st2,hs3st2
usp31,usp31
kctd5a,kctd5a
pdpk1a,pdpk1a
il21r.2,il21r.2
il21r.1,il21r.1
ube2ia,ube2ia
baiap3,baiap3
CR392042.1,CR392042.1
gpr146,gpr146
gper1,gper1
h3f3b.1,h3f3b.1
unkl,unkl
si:ch211-66h3.4,sich21166h3.4
BX323991.1,BX323991.1
igfals,igfals
shisa9b,shisa9b
CR450782.1,CR450782.1
mrtfbb,mrtfbb
snrnp25,snrnp25
polr3k,polr3k
cdip1,cdip1
sc:d0202,scd0202
si:ch211-66e2.3,sich21166e2.3
si:ch211-66e2.5,sich21166e2.5
tyk2,tyk2
raver1,raver1
pde4a,pde4a
si:dkey-248g21.1,sidkey248g21.1
prkcsh,prkcsh
elavl3,elavl3
CR392045.1,CR392045.1
qtrt1,qtrt1
dnm2a,dnm2a
dre-mir-199-3,dre-mir-199-3
tmed1a,tmed1a
tnfsf14,tnfsf14
tnfsf18,tnfsf18
ppap2d,ppap2d
adgrl1a,adgrl1a
si:ch211-207b24.4,sich211207b24.4
fn3krp,fn3krp
tbcd,tbcd
znf750,znf750
BX537276.1,BX537276.1
metrnla,metrnla
atp5pd,atp5pd
slc16a5b,slc16a5b
ndel1b,ndel1b
ARHGAP44,ARHGAP44
hs3st3b1a,hs3st3b1a
BX769173.3,BX769173.3
BX769173.1,BX769173.1
BX769173.2,BX769173.2
zgc:163083,zgc163083
zgc:92161,zgc92161
zgc:112146,zgc112146
zgc:123284,zgc123284
trim35-12,trim35-12
gipc1,gipc1
dnajb1a,dnajb1a
si:ch73-167f10.1,sich73167f10.1
tecra,tecra
samd1a,samd1a
prkacaa,prkacaa
asf1ba,asf1ba
crb3a,crb3a
zgc:153426,zgc153426
CR394535.1,CR394535.1
gcgra,gcgra
si:ch1073-100f3.2,sich1073100f3.2
mrpl12,mrpl12
zgc:103625,zgc103625
hgs,hgs
cldnk,cldnk
btr02,btr02
si:dkey-120c6.5,sidkey120c6.5
rsad1,rsad1
epn3a,epn3a
rasd2,rasd2
arl16,arl16
gas7a,gas7a
rcvrna,rcvrna
BX649397.1,BX649397.1
gsg1l2a,gsg1l2a
CR812464.1,CR812464.1
pmp22a,pmp22a
cdc42ep4a,cdc42ep4a
sdk2a,sdk2a
CR854839.1,CR854839.1
ttyh2l,ttyh2l
chmp6a,chmp6a
baiap2a,baiap2a
aatka,aatka
FUT9,FUT9
FUT9-1,FUT9-1
adgre14,adgre14
BX897682.1,BX897682.1
BX511132.1,BX511132.1
si:ch211-191c10.1,sich211191c10.1
adgre5a,adgre5a
si:ch211-191c10.3,sich211191c10.3
si:ch211-241f5.3,sich211241f5.3
ptger1c,ptger1c
slc27a1a,slc27a1a
trim35-13,trim35-13
si:dkey-210j14.3,sidkey210j14.3
zgc:113210,zgc113210
si:dkey-210j14.4,sidkey210j14.4
si:dkey-210j14.5,sidkey210j14.5
pgls,pgls
colgalt1,colgalt1
gmip,gmip
lmx1al,lmx1al
CT573476.2,CT573476.2
CT573476.1,CT573476.1
atp13a1,atp13a1
dsn1,dsn1
pbx4,pbx4
lpar2a,lpar2a
AL954361.1,AL954361.1
brd4,brd4
pet100,pet100
stxbp2,stxbp2
xab2,xab2
camsap3,camsap3
nr5a5,nr5a5
soul5,soul5
shfl,shfl
zmp:0000001048,zmp0000001048
notch3,notch3
rdh8a,rdh8a
BX004869.1,BX004869.1
col5a3a,col5a3a
olfm2a,olfm2a
trip10a,trip10a
si:ch73-208g10.1,sich73208g10.1
angptl6,angptl6
ppan,ppan
p2ry11,p2ry11
eif3g,eif3g
dnmt1,dnmt1
s1pr2,s1pr2
icam3,icam3
si:ch211-74m13.1,sich21174m13.1
sc:d0202-1,scd02021
ubald1b,ubald1b
mgrn1b,mgrn1b
aanat2,aanat2
rhbdf1a,rhbdf1a
mpg,mpg
nprl3,nprl3
hbba2,hbba2
hbaa2,hbaa2
hbba1,hbba1
hbaa1,hbaa1
hbba1-1,hbba1-1
si:ch211-5k11.8,sich2115k11.8
hbbe1.1,hbbe1.1
hbae1.1,hbae1.1
hbbe1.2,hbbe1.2
hbae1.3,hbae1.3
hbbe1.3,hbbe1.3
hbae1.3-1,hbae1.3-1
hbae3,hbae3
kank2,kank2
dock6,dock6
si:dkey-114l24.2,sidkey114l24.2
mafga,mafga
ern1,ern1
si:dkey-188h10.3,sidkey188h10.3
CR392029.1,CR392029.1
tex2,tex2
axin2,axin2
cep112,cep112
FP326652.1,FP326652.1
prkcab,prkcab
FQ311920.1,FQ311920.1
cacng5b,cacng5b
cyth1a,cyth1a
CU855917.1,CU855917.1
si:ch211-189a21.1,sich211189a21.1
SMIM10,SMIM10
rac1b,rac1b
stk19,stk19
CR759836.1,CR759836.1
rnf213a,rnf213a
zgc:112148,zgc112148
amn,amn
ush1ga,ush1ga
otop2,otop2
hid1a,hid1a
bahcc1a,bahcc1a
fscn2a,fscn2a
ENSDARG00000109643,ENSDARG00000109643
socs3a,socs3a
cyth1a-1,cyth1a-1
usp36,usp36
timp2b,timp2b
lgals3bpa,lgals3bpa
zgc:112492,zgc112492
lgals3bpb,lgals3bpb
cant1a,cant1a
syngr2a,syngr2a
tmc6a,tmc6a
CU571328.1,CU571328.1
cenpx,cenpx
notum1a,notum1a
myadml2,myadml2
pycr1a,pycr1a
si:ch211-256e16.10,sich211256e16.10
si:ch211-256e16.8,sich211256e16.8
si:ch211-256e16.7,sich211256e16.7
si:ch211-256e16.6,sich211256e16.6
CT583687.1,CT583687.1
si:ch211-256e16.4,sich211256e16.4
si:ch211-256e16.3,sich211256e16.3
snu13a,snu13a
uqcrc2a,uqcrc2a
si:ch211-256e16.11,sich211256e16.11
si:ch211-256e16.11-1,sich211256e16.11-1
CABZ01038493.1,CABZ01038493.1
im:6904045,im6904045
CABZ01038494.1,CABZ01038494.1
AL772300.2,AL772300.2
vwa3a,vwa3a
sdr42e2,sdr42e2
cdr2a,cdr2a
zgc:171489,zgc171489
AL772300.1,AL772300.1
si:ch211-165g14.1,sich211165g14.1
unm-sa1261,unm-sa1261
CABZ01038521.1,CABZ01038521.1
CABZ01038524.1,CABZ01038524.1
FP016018.2,FP016018.2
dhrs7ca,dhrs7ca
CU571382.1,CU571382.1
CU571382.5,CU571382.5
CU570691.1,CU570691.1
si:ch73-281f12.4,sich73281f12.4
luc7l3,luc7l3
CABZ01044154.1,CABZ01044154.1
CABZ01044156.1,CABZ01044156.1
rasd4,rasd4
prpsap1,prpsap1
MGAT5B,MGAT5B
CABZ01053748.1,CABZ01053748.1
sec14l1,sec14l1
nptx1l,nptx1l
pecam1,pecam1
CU693479.1,CU693479.1
mcrip1,mcrip1
alyref,alyref
arhgdia,arhgdia
cdr2l,cdr2l
recql5,recql5
si:ch211-110e21.3,sich211110e21.3
zgc:174268,zgc174268
zgc:113030,zgc113030
si:ch211-110e21.4,sich211110e21.4
si:ch211-120g10.1,sich211120g10.1
si:ch73-364h19.1,sich73364h19.1
xylt2,xylt2
si:ch211-214b16.3,sich211214b16.3
si:ch211-214b16.2,sich211214b16.2
si:ch211-214b16.4,sich211214b16.4
si:ch73-366l1.5,sich73366l1.5
jmjd6,jmjd6
mettl23,mettl23
srsf2b,srsf2b
mfsd11,mfsd11
CABZ01068050.1,CABZ01068050.1
ubald2,ubald2
foxj1a,foxj1a
tsen54,tsen54
anks4b,anks4b
CABZ01087514.1,CABZ01087514.1
DXO,DXO
PITPNC1,PITPNC1
helz,helz
cacng4b,cacng4b
aimp2,aimp2
pvalb8,pvalb8
pvalb4,pvalb4
CR352263.1,CR352263.1
pvalb1,pvalb1
pvalb5,pvalb5
lmtk2,lmtk2
tecpr1b,tecpr1b
si:dkey-111k8.5,sidkey111k8.5
znf1134,znf1134
si:dkey-111k8.3,sidkey111k8.3
znf1028,znf1028
si:dkey-111k8.2,sidkey111k8.2
znf1143,znf1143
bri3,bri3
baiap2l1b,baiap2l1b
FP340292.1,FP340292.1
znf1004-1,znf1004-1
zgc:113295,zgc113295
zgc:113295-1,zgc1132951
nptx2a,nptx2a
fam20ca,fam20ca
rai1,rai1
srebf1,srebf1
TOM1L2,TOM1L2
drc3,drc3
GID4,GID4
noxo1a,noxo1a
tbl3,tbl3
sco1,sco1
znf1024,znf1024
BX470259.2,BX470259.2
BX470259.3,BX470259.3
zgc:174624,zgc174624
zgc:173575,zgc173575
znf1124-1,znf1124-1
zgc:173575-1,zgc1735751
BX470259.1,BX470259.1
iqck,iqck
gprc5ba,gprc5ba
proza,proza
sox8b,sox8b
sstr2b,sstr2b
FP017215.1,FP017215.1
sox9b,sox9b
CZQB01141835.1,CZQB01141835.1
MARF1,MARF1
BMERB1,BMERB1
mbd5,mbd5
sowahcb,sowahcb
crygm4,crygm4
SMARCA4,SMARCA4
ldlrb,ldlrb
ap1m2,ap1m2
cdkn2d,cdkn2d
si:zfos-323e3.4,sizfos323e3.4
keap1b,keap1b
s1pr5b,s1pr5b
fdx2,fdx2
zglp1,zglp1
CABZ01066694.1,CABZ01066694.1
tab1,tab1
mgat3b,mgat3b
c1qtnf6b,c1qtnf6b
CABZ01084575.1,CABZ01084575.1
rps19bp1,rps19bp1
atf4a,atf4a
rbfox2,rbfox2
pde6ha,pde6ha
si:zfos-169g10.3,sizfos169g10.3
si:zfos-169g10.2,sizfos169g10.2
cyth4b,cyth4b
fam83fb,fam83fb
grap2b,grap2b
LO017974.1,LO017974.1
cacna1ib,cacna1ib
zgc:92360,zgc92360
uts2r4,uts2r4
lgals2b,lgals2b
kynu,kynu
CABZ01057381.1,CABZ01057381.1
zeb2b,zeb2b
txnrd3,txnrd3
CABZ01063034.1,CABZ01063034.1
CU855799.2,CU855799.2
ENSDARG00000114823,ENSDARG00000114823
chchd6b,chchd6b
tpra1,tpra1
trim107,trim107
zgc:123305,zgc123305
acvr2ab,acvr2ab
orc4,orc4
zgc:158417,zgc158417
zgc:113442,zgc113442
ntan1,ntan1
myl9b,myl9b
FO834857.1,FO834857.1
dlgap4b,dlgap4b
quo,quo
tgm2b,tgm2b
vstm2l,vstm2l
tgm5l,tgm5l
pxmp4,pxmp4
acvr1bb,acvr1bb
prkag1,prkag1
CU638693.3,CU638693.3
CU638693.2,CU638693.2
pbx1b,pbx1b
med8,med8
CABZ01056637.1,CABZ01056637.1
LO017858.1,LO017858.1
LO018168.1,LO018168.1
hyi,hyi
ptprfa,ptprfa
kdm4aa,kdm4aa
st3gal3a,st3gal3a
artna,artna
rad54l,rad54l
si:ch1073-342h5.2,sich1073342h5.2
uqcrh,uqcrh
faah,faah
dmbx1b,dmbx1b
col28a2b,col28a2b
klhl41b,klhl41b
ppig,ppig
phospho2,phospho2
ssb,ssb
ENSDARG00000005846,ENSDARG00000005846
erich2,erich2
gad1b,gad1b
gorasp2,gorasp2
tlk1b,tlk1b
dync1i2b,dync1i2b
slc25a12,slc25a12
unc50,unc50
CU914157.1,CU914157.1
sema5bb,sema5bb
trim25l,trim25l
trak2,trak2
STRADB,STRADB
nbeal1,nbeal1
rbm26,rbm26
CU693471.1,CU693471.1
CABZ01046895.1,CABZ01046895.1
pou4f1,pou4f1
pcdh9,pcdh9
CU074421.1,CU074421.1
BX324134.1,BX324134.1
rtn4a,rtn4a
rps27a,rps27a
mtif2,mtif2
ccdc88aa,ccdc88aa
AL772382.1,AL772382.1
si:ch211-194e18.2,sich211194e18.2
cep170ab,cep170ab
bcl11ab,bcl11ab
zgc:113227,zgc113227
si:dkey-261j15.2,sidkey261j15.2
ccdc85al,ccdc85al
sec23b,sec23b
si:ch211-85n16.3,sich21185n16.3
dtd1,dtd1
RIN2,RIN2
RAPGEF4,RAPGEF4
zak,zak
tuba8l4,tuba8l4
si:ch211-114n24.6,sich211114n24.6
CU659670.1,CU659670.1
bin1b,bin1b
ihhb,ihhb
nhej1,nhej1
atg3,atg3
GPR161,GPR161
hs6st3a,hs6st3a
si:ch211-181l5.2,sich211181l5.2
dzip1,dzip1
si:busm1-52i16.2,sibusm152i16.2
cldn10a,cldn10a
BX663606.1,BX663606.1
abcc4,abcc4
sox21a,sox21a
ccdc65,ccdc65
fkbp11,fkbp11
AL953886.2,AL953886.2
arf3b,arf3b
AL953886.1,AL953886.1
erbb3a,erbb3a
pa2g4a,pa2g4a
myh10,myh10
ubn2a,ubn2a
ttc26,ttc26
rpsa,rpsa
ENSDARG00000081943,ENSDARG00000081943
CR925711.3,CR925711.3
CR925711.2,CR925711.2
slc25a38b,slc25a38b
myh9a,myh9a
plppr2b,plppr2b
palm3,palm3
si:ch211-207j7.2,sich211207j7.2
klf1,klf1
nfil3-3,nfil3-3
nfil3-5,nfil3-5
rgl3a,rgl3a
ccdc151,ccdc151
slc44a2,slc44a2
gcdha,gcdha
si:ch211-276a17.5,sich211276a17.5
acp5a,acp5a
ilf3a,ilf3a
ptger1a,ptger1a
si:dkey-217d24.6,sidkey217d24.6
rasal3,rasal3
pglyrp2,pglyrp2
myh11a,myh11a
fopnl,fopnl
ube2g2,ube2g2
tspeara,tspeara
usp40,usp40
CU571254.1,CU571254.1
nabp1b,nabp1b
CR954285.2,CR954285.2
cavin2b,cavin2b
tmeff2b,tmeff2b
vps16,vps16
rgn,rgn
zgc:64065,zgc64065
zgc:64065-1,zgc640651
zgc:112023,zgc112023
si:ch211-207l14.1,sich211207l14.1
sft2d2b,sft2d2b
tbx19,tbx19
iqcb1,iqcb1
pimr70,pimr70
iqcb1-1,iqcb1-1
ccdc14,ccdc14
kalrnb,kalrnb
pimr71,pimr71
si:ch211-113j14.1,sich211113j14.1
BX927387.1,BX927387.1
map3k2,map3k2
cyp27c1,cyp27c1
ercc3,ercc3
wdr12,wdr12
nop58,nop58
BX927225.2,BX927225.2
BX927225.3,BX927225.3
ENSDARG00000080938,ENSDARG00000080938
sumo1,sumo1
fzd7b,fzd7b
cdk15,cdk15
als2b,als2b
mpp4l,mpp4l
CU570787.1,CU570787.1
tmem237b,tmem237b
zp2l2,zp2l2
cyp20a1,cyp20a1
abi2b,abi2b
itm2ba,itm2ba
nudt15,nudt15
sucla2,sucla2
htr2ab,htr2ab
BX511272.1,BX511272.1
atp7b,atp7b
b3galt1a,b3galt1a
xirp2a,xirp2a
scn1lab,scn1lab
cobll1a,cobll1a
kcnh7,kcnh7
BX005368.1,BX005368.1
dnah9l,dnah9l
BX936397.1,BX936397.1
si:dkey-34m19.3,sidkey34m19.3
sp3b,sp3b
BX936397.2,BX936397.2
ola1,ola1
gpr155b,gpr155b
wipf1b,wipf1b
chrna1,chrna1
atp5mc3b,atp5mc3b
lnpk,lnpk
mtx2,mtx2
nfe2l2b,nfe2l2b
si:dkey-3d18.5,sidkey3d18.5
cycsb,cycsb
ccr7,ccr7
notum2,notum2
coq7,coq7
BX548046.1,BX548046.1
abcc6a,abcc6a
sumo3a,sumo3a
BX548046.2,BX548046.2
pttg1ipa,pttg1ipa
myo10l1,myo10l1
atg9a,atg9a
pcnt,pcnt
zgc:112416,zgc112416
senp2,senp2
pjvk,pjvk
col5a2b,col5a2b
gulp1b,gulp1b
calcrlb,calcrlb
si:ch211-162i14.1,sich211162i14.1
zswim2,zswim2
march7,march7
march7-1,march7-1
AL929243.2,AL929243.2
march7-2,march7-2
AL929243.1,AL929243.1
baz2ba,baz2ba
wdsub1,wdsub1
tanc1a,tanc1a
pkp4,pkp4
si:dkey-276j7.1,sidkey276j7.1
si:dkey-276j7.2,sidkey276j7.2
si:dkey-276j7.3,sidkey276j7.3
gpd2,gpd2
nr4a2b,nr4a2b
stk24b,stk24b
slc15a1b,slc15a1b
dock9b,dock9b
bmpr2a,bmpr2a
fam117ba,fam117ba
ical1,ical1
CU639412.1,CU639412.1
cxcr4a,cxcr4a
mcm6,mcm6
si:ch73-71c20.5,sich7371c20.5
tmbim1a,tmbim1a
pnkd,pnkd
catip,catip
casp8,casp8
l3hypdh,l3hypdh
casp20,casp20
dytn,dytn
adam23a,adam23a
eef1b2,eef1b2
CT009620.1,CT009620.1
ndufs1,ndufs1
ino80db,ino80db
kcnj3b,kcnj3b
rprmb,rprmb
arl6ip6,arl6ip6
fmnl2b,fmnl2b
mylkb,mylkb
gmppab,gmppab
asic4b,asic4b
chpfb,chpfb
wnt6a,wnt6a
CU929360.2,CU929360.2
cdk5r2a,cdk5r2a
tmem198b,tmem198b
cryba2a,cryba2a
desmb,desmb
dnpep,dnpep
ptprnb,ptprnb
GCA,GCA
etv5b,etv5b
cacnb4b,cacnb4b
inpp4ab,inpp4ab
tmem182b,tmem182b
CR407585.1,CR407585.1
pou3f3b,pou3f3b
mrps9,mrps9
tgfbrap1,tgfbrap1
fhl2b,fhl2b
dph3,dph3
nck2b,nck2b
si:ch73-23l24.1,sich7323l24.1
ecrg4b,ecrg4b
tmtops2a,tmtops2a
st6gal2b,st6gal2b
lrrfip1b,lrrfip1b
CR956630.1,CR956630.1
mlpha,mlpha
trim63a,trim63a
ackr3b,ackr3b
iqca1,iqca1
CR759882.1,CR759882.1
pimr198,pimr198
CR847983.2,CR847983.2
gbx2,gbx2
agap1,agap1
CR854926.1,CR854926.1
faimb,faimb
ccdc80l1,ccdc80l1
slc19a2,slc19a2
zgc:161969,zgc161969
psmb3,psmb3
si:ch73-193c12.2,sich73193c12.2
unc80,unc80
nomo,nomo
CR762392.1,CR762392.1
pimr21,pimr21
pimr28,pimr28
BX649628.1,BX649628.1
BX511311.3,BX511311.3
BX511311.2,BX511311.2
CR391990.1,CR391990.1
rptor,rptor
CR388029.1,CR388029.1
si:dkey-237i9.8,sidkey237i9.8
ppp1r27b,ppp1r27b
p4hb,p4hb
anapc11,anapc11
ccdc40,ccdc40
BX005286.1,BX005286.1
BX005286.3,BX005286.3
CR854963.1,CR854963.1
card14,card14
cbx8b,cbx8b
si:dkey-31g6.6,sidkey31g6.6
dgke,dgke
trim25,trim25
rab11fip4b,rab11fip4b
si:dkey-31g6.4,sidkey31g6.4
si:dkey-10p5.10,sidkey10p5.10
utp6,utp6
suz12b,suz12b
atad5b,atad5b
tefm,tefm
rhot1b,rhot1b
cd7al,cd7al
znf207b,znf207b
rhbdl3,rhbdl3
tnrc6c2,tnrc6c2
sept9b,sept9b
si:rp71-81e14.2,sirp7181e14.2
CR925723.2,CR925723.2
CR925723.1,CR925723.1
CR925723.3,CR925723.3
si:ch211-188c18.1,sich211188c18.1
zgc:174863,zgc174863
jpt1a,jpt1a
sumo2a,sumo2a
gga3a,gga3a
mif4gda,mif4gda
grb2a,grb2a
usp43a,usp43a
cfap52,cfap52
stx8,stx8
ntn1a,ntn1a
pik3r5,pik3r5
BX537296.5,BX537296.5
slc19a1,slc19a1
col18a1b,col18a1b
tns1a,tns1a
igfbp5a,igfbp5a
igfbp2a,igfbp2a
stk11ip,stk11ip
cx44.2,cx44.2
si:dkey-91f15.1,sidkey91f15.1
spega,spega
obsl1a,obsl1a
cidec,cidec
prkcaa,prkcaa
cacng5a,cacng5a
cacng1a,cacng1a
cacng4a,cacng4a
psmd12,psmd12
micall1a,micall1a
si:dkey-43k4.3,sidkey43k4.3
ppp1r12c,ppp1r12c
si:dkey-43k4.5,sidkey43k4.5
rhebl1,rhebl1
mtmr14,mtmr14
lhfpl4a,lhfpl4a
setd5,setd5
si:dkey-19e4.5,sidkey19e4.5
plxnb1b,plxnb1b
thumpd3,thumpd3
si:dkey-156n14.3,sidkey156n14.3
cfap100,cfap100
aldh1l1,aldh1l1
DDX17,DDX17
gga1,gga1
CR626864.1,CR626864.1
rae1,rae1
uqcrc1,uqcrc1
nprl2,nprl2
BX537277.3,BX537277.3
cygb2,cygb2
zmp:0000000634,zmp0000000634
nol11,nol11
polg2,polg2
srp68,srp68
evpla,evpla
ten1,ten1
acox1,acox1
aanat1,aanat1
CU062632.1,CU062632.1
pik3r6a,pik3r6a
glulb,glulb
znf648,znf648
sec16b,sec16b
gadd45ab,gadd45ab
GNG12,GNG12
dr1,dr1
RDH8,RDH8
scinla,scinla
si:ch73-389b16.1,sich73389b16.1
si:ch73-389b16.2,sich73389b16.2
BX927081.1,BX927081.1
BX927081.3,BX927081.3
si:dkeyp-85h7.1,sidkeyp85h7.1
ephx4,ephx4
brdt,brdt
tgfbr3,tgfbr3
znf644b,znf644b
BX004768.1,BX004768.1
barhl2,barhl2
znf326,znf326
lrrc8db,lrrc8db
CR790380.1,CR790380.1
lrrc8c,lrrc8c
KYAT3,KYAT3
si:ch211-180m24.3,sich211180m24.3
PKN2,PKN2
BX248113.1,BX248113.1
lmo4b,lmo4b
hs2st1b,hs2st1b
CU929312.1,CU929312.1
dzip1l,dzip1l
sox14,sox14
BX465208.1,BX465208.1
hdlbpa,hdlbpa
farp2,farp2
stk25a,stk25a
boka,boka
atg4b,atg4b
dtymk,dtymk
CU467043.1,CU467043.1
agxta,agxta
zgc:103559,zgc103559
kif1aa,kif1aa
scly,scly
espnla,espnla
klhl30,klhl30
crocc2,crocc2
sned1,sned1
ryk,ryk
BX890558.1,BX890558.1
slco2a1,slco2a1
rab6ba,rab6ba
im:7152348,im7152348
cep63,cep63
BX914220.1,BX914220.1
amotl2a,amotl2a
sap130a,sap130a
MYO7B,MYO7B
si:ch73-194h10.3,sich73194h10.3
gpr17,gpr17
inpp5d,inpp5d
LSM2,LSM2
bcl6aa,bcl6aa
FP101882.1,FP101882.1
lpp,lpp
si:busm1-105l16.2,sibusm1105l16.2
tprg1,tprg1
tp63,tp63
tbc1d23,tbc1d23
tomm70a,tomm70a
glmnb,glmnb
gfi1ab,gfi1ab
evi5b,evi5b
rpl5b,rpl5b
ENSDARG00000082607,ENSDARG00000082607
BX571699.2,BX571699.2
dipk1ab,dipk1ab
zbtb11,zbtb11
dpt,dpt
atp1b1a,atp1b1a
nme7,nme7
zgc:172121,zgc172121
bivm,bivm
si:ch211-201h21.5,sich211201h21.5
tmem131,tmem131
actl6a,actl6a
mrpl47,mrpl47
ndufb5,ndufb5
usp13,usp13
pex5la,pex5la
pde6d,pde6d
phb2b,phb2b
ptmaa,ptmaa
CR847898.1,CR847898.1
CR847898.4,CR847898.4
CR847898.3,CR847898.3
CR847898.2,CR847898.2
dlg1,dlg1
meltf,meltf
lrrc40,lrrc40
lrrc7,lrrc7
shroom2a,shroom2a
FP236735.1,FP236735.1
zgc:153311,zgc153311
wwc3,wwc3
lurap1,lurap1
ttc22,ttc22
ttc4,ttc4
pars2,pars2
wdr78,wdr78
insl5a,insl5a
sgip1a,sgip1a
CT574590.1,CT574590.1
pde4ba,pde4ba
CR847887.1,CR847887.1
lepr,lepr
dnajc6,dnajc6
ak4,ak4
dre-mir-101a,dre-mir-101a
jak1,jak1
raver2,raver2
cachd1,cachd1
BX005054.1,BX005054.1
ror1,ror1
si:dkey-209n16.2,sidkey209n16.2
pgm1,pgm1
efcab7,efcab7
si:dkey-148h10.5,sidkey148h10.5
alg6,alg6
foxd3,foxd3
BX664614.1,BX664614.1
atg4c,atg4c
BX936431.1,BX936431.1
dock7,dock7
angptl3,angptl3
usp1,usp1
kank4,kank4
CU570976.1,CU570976.1
LO017955.1,LO017955.1
mafaa,mafaa
zc3h3,zc3h3
cyldl,cyldl
ghrhrb,ghrhrb
adcyap1r1a,adcyap1r1a
si:dkey-170g13.2,sidkey170g13.2
pomgnt1,pomgnt1
tspan1,tspan1
pik3r3b,pik3r3b
mast2,mast2
CR855206.1,CR855206.1
CR855206.3,CR855206.3
CR855206.2,CR855206.2
tmem69,tmem69
gpbp1l1,gpbp1l1
ccdc17,ccdc17
nasp,nasp
akr1a1b,akr1a1b
prpf38a,prpf38a
orc1,orc1
mpl,mpl
tie1,tie1
si:ch73-185c24.2,sich73185c24.2
ap1m3,ap1m3
fam183a,fam183a
dmrt2b,dmrt2b
CR848703.1,CR848703.1
CR385041.2,CR385041.2
lrp8,lrp8
mier1a,mier1a
slc35d1a,slc35d1a
il23r,il23r
il12rb2,il12rb2
serbp1a,serbp1a
hsd17b7,hsd17b7
ddr2a,ddr2a
uap1,uap1
uhmk1,uhmk1
nos1apa,nos1apa
nos1apa-1,nos1apa-1
rgs4,rgs4
CR385065.1,CR385065.1
rgs5a,rgs5a
rgs16,rgs16
rgs8,rgs8
brinp3a.1,brinp3a.1
FP236809.1,FP236809.1
CU137680.2,CU137680.2
CU137680.1,CU137680.1
BX537110.1,BX537110.1
brinp3a.2,brinp3a.2
BX936433.1,BX936433.1
BX936433.2,BX936433.2
rhcgl1,rhcgl1
lrrc15,lrrc15
BX950188.1,BX950188.1
BX950188.3,BX950188.3
her6,her6
opa1,opa1
si:ch73-29l19.1,sich7329l19.1
tmem45a,tmem45a
sft2d2a,sft2d2a
chd1l,chd1l
traf3ip2l,traf3ip2l
negr1,negr1
BX908753.1,BX908753.1
zranb2,zranb2
ptger3,ptger3
BX324166.1,BX324166.1
cthl,cthl
cth,cth
nit2,nit2
gtpbp6,gtpbp6
si:dkey-66a8.7,sidkey66a8.7
plcxd1,plcxd1
BX323016.1,BX323016.1
jade3,jade3
rp2,rp2
slc9a7,slc9a7
chst7,chst7
tubgcp5,tubgcp5
cyfip1,cyfip1
nipa2,nipa2
nipa1,nipa1
herc2,herc2
oca2,oca2
AL935047.1,AL935047.1
CR407584.1,CR407584.1
gabra5,gabra5
gabrb3,gabrb3
CR628341.3,CR628341.3
atp10a,atp10a
CR628341.1,CR628341.1
ube3a,ube3a
cnga3a,cnga3a
stk35l,stk35l
bin2b,bin2b
slc48a1b,slc48a1b
hdac7b,hdac7b
vdrb,vdrb
tns2b,tns2b
eif4bb,eif4bb
prss60.1,prss60.1
prss60.2,prss60.2
prss60.3,prss60.3
gpr84,gpr84
stat2,stat2
apof,apof
tac3b,tac3b
c1galt1b,c1galt1b
os9,os9
b4galnt1b,b4galnt1b
arhgef25b,arhgef25b
ankrd33ab,ankrd33ab
si:dkey-195m11.11,sidkey195m11.11
krt4,krt4
zgc:158846,zgc158846
krt18b,krt18b
si:dkey-195m11.8,sidkey195m11.8
scn8ab,scn8ab
CR388364.1,CR388364.1
mettl7a,mettl7a
si:ch211-173n18.3,sich211173n18.3
atf1,atf1
mettl7a-1,mettl7a-1
CU467856.1,CU467856.1
dip2bb,dip2bb
atf7b,atf7b
larp4ab,larp4ab
pfdn5,pfdn5
AL954698.2,AL954698.2
espl1,espl1
AL954698.1,AL954698.1
itgb7,itgb7
pfkmb,pfkmb
c1ql4b,c1ql4b
smarcc2,smarcc2
myl6,myl6
tsfm,tsfm
endou,endou
sumf1,sumf1
itpr1a,itpr1a
pfkfb4b,pfkfb4b
si:dkey-197j19.6,sidkey197j19.6
si:dkey-197j19.5,sidkey197j19.5
CU467879.1,CU467879.1
uroc1,uroc1
chchd4b,chchd4b
sec61a1,sec61a1
ip6k2b,ip6k2b
BX936415.1,BX936415.1
col7a1,col7a1
ttll3,ttll3
slc4a8,slc4a8
BX936393.1,BX936393.1
si:dkey-28n18.9,sidkey28n18.9
ccdc174,ccdc174
ghrl,ghrl
tatdn2,tatdn2
BX936393.2,BX936393.2
vhl,vhl
crbn,crbn
zgc:152986,zgc152986
CU463231.2,CU463231.2
fgd5b,fgd5b
prkcda,prkcda
CU463231.1,CU463231.1
ddi2,ddi2
si:ch73-15b2.5,sich7315b2.5
tomm6,tomm6
uqcc2,uqcc2
tspo,tspo
frs3,frs3
slc6a11a,slc6a11a
ppil1,ppil1
dre-mir-429b,dre-mir-429b
eno1b,eno1b
rereb,rereb
si:ch211-157b11.14,sich211157b11.14
si:ch211-157b11.12,sich211157b11.12
ccdc36,ccdc36
kbtbd12,kbtbd12
slc26a6l,slc26a6l
p4htm,p4htm
arpc4,arpc4
myhb,myhb
h1-10,h1-10
si:ch211-157b11.8,sich211157b11.8
gata2b,gata2b
CR450814.1,CR450814.1
eefsec,eefsec
ruvbl1,ruvbl1
mustn1a,mustn1a
rft1,rft1
zgc:112163,zgc112163
sirt4,sirt4
zgc:172271,zgc172271
sfi1,sfi1
eif4enif1,eif4enif1
patz1,patz1
slc2a11a,slc2a11a
tgfa,tgfa
hdhd3,hdhd3
trub2,trub2
entpd8,entpd8
rab44,rab44
srsf3a,srsf3a
srsf3a-1,srsf3a-1
AL732567.1,AL732567.1
fkbp5,fkbp5
slc6a22.1,slc6a22.1
slc6a22.2,slc6a22.2
opn1mw1,opn1mw1
opn1mw2,opn1mw2
opn1mw3,opn1mw3
synpr,synpr
cadpsb,cadpsb
cplane2,cplane2
wdr82,wdr82
twf2a,twf2a
cish,cish
hemk1,hemk1
srgap3,srgap3
rad18,rad18
BX324202.1,BX324202.1
oxtr,oxtr
cav3,cav3
gpr61l,gpr61l
parp3,parp3
grm2a,grm2a
tex264a,tex264a
fancd2,fancd2
gpx1b,gpx1b
usp4,usp4
emc3,emc3
sec61a1l,sec61a1l
BX957236.1,BX957236.1
ip6k2a,ip6k2a
mst1ra,mst1ra
camkva,camkva
BX005129.2,BX005129.2
BX005129.4,BX005129.4
BX005129.5,BX005129.5
BX005129.3,BX005129.3
BX005129.1,BX005129.1
rbm6,rbm6
si:ch211-207d10.2,sich211207d10.2
sema3fa,sema3fa
gnat1,gnat1
edem1,edem1
arl8ba,arl8ba
tnfrsf18,tnfrsf18
si:ch73-361p23.3,sich73361p23.3
tcta,tcta
glyctk,glyctk
lrrn1,lrrn1
si:dkey-178o16.4,sidkey178o16.4
frmd4ba,frmd4ba
trnt1,trnt1
arl6ip5a,arl6ip5a
CU062633.1,CU062633.1
BX927362.1,BX927362.1
BX927362.2,BX927362.2
mitfa,mitfa
eevs,eevs
zgc:113054,zgc113054
MDFIC2,MDFIC2
BX957311.1,BX957311.1
foxp1b,foxp1b
gpr27,gpr27
prok2,prok2
BX546459.1,BX546459.1
rybpb,rybpb
shq1,shq1
BX119974.1,BX119974.1
gxylt2,gxylt2
ppp4r2b,ppp4r2b
pdzrn3b,pdzrn3b
cntn3b,cntn3b
chl1b,chl1b
BX942846.1,BX942846.1
LO017951.1,LO017951.1
CABZ01009812.1,CABZ01009812.1
cntn4,cntn4
rbm19,rbm19
epha2a,epha2a
h6pd,h6pd
rbp7b,rbp7b
cenps,cenps
tardbp,tardbp
ca16b,ca16b
ENSDARG00000026086,ENSDARG00000026086
si:dkeyp-67f1.1,sidkeyp67f1.1
ENSDARG00000091625,ENSDARG00000091625
FAM107A,FAM107A
camk1a,camk1a
pbrm1l,pbrm1l
stau1,stau1
rdh20,rdh20
si:dkey-7k24.5,sidkey7k24.5
kcnb1,kcnb1
ptgis,ptgis
oxtrl,oxtrl
tespa1,tespa1
tarbp2,tarbp2
zgc:66479,zgc66479
igfn1.2,igfn1.2
CU639408.1,CU639408.1
igfn1.4,igfn1.4
igfn1.3,igfn1.3
igfn1.1,igfn1.1
grm4,grm4
si:ch211-286o17.1,sich211286o17.1
dre-mir-29b-1,dre-mir-29b-1
im:7151449,im7151449
magi3b,magi3b
lrig2,lrig2
padi2,padi2
RAP1GAP,RAP1GAP
CR788236.1,CR788236.1
si:dkey-92f12.2,sidkey92f12.2
slc2a1b,slc2a1b
phc2b,phc2b
cttnbp2nla,cttnbp2nla
wnt2ba,wnt2ba
st7l,st7l
capza1a,capza1a
mov10a,mov10a
CU469362.1,CU469362.1
rhoca,rhoca
ppm1j,ppm1j
ENSDARG00000079446,ENSDARG00000079446
si:dkeyp-6a3.1,sidkeyp6a3.1
slc16a1a,slc16a1a
sycp1,sycp1
si:ch211-105j21.9,sich211105j21.9
slc5a8l,slc5a8l
tshba,tshba
slc25a55a,slc25a55a
tspan2a,tspan2a
ngfb,ngfb
si:dkey-183k8.2,sidkey183k8.2
BX569793.1,BX569793.1
kcna2a,kcna2a
rplp2,rplp2
rps26l,rps26l
FO704848.1,FO704848.1
ppp4r1l,ppp4r1l
rab22a,rab22a
vapb,vapb
apcdd1l,apcdd1l
stx16,stx16
npepl1,npepl1
si:dkey-249d8.1,sidkey249d8.1
ctsz,ctsz
nelfcd,nelfcd
gnas,gnas
BX927257.1,BX927257.1
tubb1,tubb1
atp5f1e,atp5f1e
chmp4ba,chmp4ba
BX629346.2,BX629346.2
BX629346.1,BX629346.1
ahcy,ahcy
asip1,asip1
eif2s2,eif2s2
raly,raly
cyc1,cyc1
ergic3,ergic3
romo1,romo1
mych,mych
mtss1,mtss1
osgn1,osgn1
pigu,pigu
BX530017.2,BX530017.2
BX530017.1,BX530017.1
ptprt,ptprt
ptprt-1,ptprt-1
CR548633.1,CR548633.1
si:dkey-6e2.2,sidkey6e2.2
rbl1,rbl1
chd6,chd6
ripor3,ripor3
blcap,blcap
tmem74b,tmem74b
psmf1,psmf1
rspo4,rspo4
angpt4,angpt4
abraa,abraa
rims4,rims4
ywhaba,ywhaba
tomm34,tomm34
cox6c,cox6c
zc3h10,zc3h10
esyt1b,esyt1b
AL929108.1,AL929108.1
eif6,eif6
si:ch211-239j9.1,sich211239j9.1
mmp24,mmp24
fam83c,fam83c
uqcc1,uqcc1
gdf5,gdf5
sdc4,sdc4
oser1,oser1
AL954861.1,AL954861.1
AL954861.2,AL954861.2
rbpjl,rbpjl
matn4,matn4
BX957318.1,BX957318.1
or134-1,or134-1
si:dkeyp-3f10.17,sidkeyp3f10.17
si:dkeyp-3f10.16,sidkeyp3f10.16
or137-3,or137-3
or137-8,or137-8
or137-4,or137-4
or137-9,or137-9
BX649282.3,BX649282.3
or137-7,or137-7
or137-6,or137-6
si:dkeyp-3f10.14,sidkeyp3f10.14
or137-2,or137-2
si:dkeyp-3f10.11,sidkeyp3f10.11
BX649282.2,BX649282.2
or136-1,or136-1
uba7,uba7
inka1b,inka1b
gnai2b,gnai2b
slc38a3b,slc38a3b
rbm5,rbm5
cysltr3,cysltr3
gnb1b,gnb1b
ENSDARG00000100263,ENSDARG00000100263
si:ch211-161c3.6,sich211161c3.6
mst1,mst1
abhd14b,abhd14b
cacna2d2a,cacna2d2a
hyal1,hyal1
fhit,fhit
hyal2a,hyal2a
tusc2a,tusc2a
hmga1b,hmga1b
nudt3b,nudt3b
rps10,rps10
pacsin1b,pacsin1b
SPDEF,SPDEF
ilrun,ilrun
anks1ab,anks1ab
snrpc,snrpc
sys1,sys1
CR847944.2,CR847944.2
CR847944.1,CR847944.1
adora4a,adora4a
tulp1b,tulp1b
tead3b,tead3b
smpd2b,smpd2b
pkp1b,pkp1b
tnnt2b,tnnt2b
tnni1b,tnni1b
csrp1b,csrp1b
nav1b,nav1b
mybphb,mybphb
SYT2,SYT2
manbal,manbal
nfatc2b,nfatc2b
CABZ01041604.1,CABZ01041604.1
zgc:109913,zgc109913
ube2c,ube2c
ube2c-1,ube2c-1
pcif1,pcif1
pltp,pltp
ctsa,ctsa
ncoa5,ncoa5
slc12a5a,slc12a5a
CR847793.3,CR847793.3
BX470154.1,BX470154.1
si:ch211-81n22.1,sich21181n22.1
cyp24a1,cyp24a1
eya2,eya2
rtf2,rtf2
gcnt7,gcnt7
tfap2c,tfap2c
CR388191.1,CR388191.1
cdh22,cdh22
znfx1,znfx1
ddx27,ddx27
snrpb,snrpb
CU929339.1,CU929339.1
itcha,itcha
necab3,necab3
CU693502.1,CU693502.1
cbfa2t2,cbfa2t2
SNTA1,SNTA1
tox2,tox2
ralgapb,ralgapb
kcnq2b,kcnq2b
chrna4a,chrna4a
arfrp1,arfrp1
stmn3,stmn3
helz2,helz2
sp7,sp7
igsf8,igsf8
soat2,soat2
kif5ab,kif5ab
dctn2,dctn2
mbd6,mbd6
ddit3,ddit3
mars1,mars1
CABZ01088367.1,CABZ01088367.1
shmt2,shmt2
ndufa4l2b,ndufa4l2b
fam210b,fam210b
ppp1r16b,ppp1r16b
gli1,gli1
CABZ01117503.1,CABZ01117503.1
r3hdm2,r3hdm2
caskb,caskb
ddx3xb,ddx3xb
kdm6al,kdm6al
aamp,aamp
fbxl3b,fbxl3b
nufip1,nufip1
zgc:65895,zgc65895
mtrf1,mtrf1
GPR180,GPR180
wbp4,wbp4
slain1b,slain1b
tgm8,tgm8
ccndbp1,ccndbp1
pck1,pck1
pmepa1,pmepa1
prelid3b,prelid3b
aurka,aurka
slc32a1,slc32a1
CABZ01092282.1,CABZ01092282.1
zgc:153913,zgc153913
cldn1,cldn1
angptl1b,angptl1b
TADA1,TADA1
fggy,fggy
znfl2a,znfl2a
igfbp1b,igfbp1b
adcy1b,adcy1b
zgc:113518,zgc113518
znf1014,znf1014
CABZ01064859.1,CABZ01064859.1
CABZ01064859.2,CABZ01064859.2
zgc:113293,zgc113293
dhx30,dhx30
CABZ01085887.1,CABZ01085887.1
phlpp1,phlpp1
MEP1B,MEP1B
si:ch73-40a17.4,sich7340a17.4
znf1008,znf1008
zgc:113452,zgc113452
CU928013.1,CU928013.1
zgc:174263,zgc174263
CU693494.3,CU693494.3
CU693494.2,CU693494.2
CU693494.1,CU693494.1
sharpin,sharpin
si:dkey-33c14.6,sidkey33c14.6
si:dkey-33c14.7,sidkey33c14.7
wrnip1,wrnip1
mylk4a,mylk4a
foxc1a,foxc1a
ftr93,ftr93
foxf2a,foxf2a
foxq1a,foxq1a
CU861459.1,CU861459.1
irf4a,irf4a
dusp22b,dusp22b
ripk1l,ripk1l
AL935300.3,AL935300.3
si:ch211-241e1.5,sich211241e1.5
si:ch211-241e1.3,sich211241e1.3
AL935300.2,AL935300.2
cacna1eb,cacna1eb
polr2d,polr2d
CABZ01084564.1,CABZ01084564.1
CABZ01084566.1,CABZ01084566.1
abcf3,abcf3
ZNF521,ZNF521
ss18,ss18
rpe65a,rpe65a
gpaa1,gpaa1
si:ch211-188c16.1,sich211188c16.1
c8b,c8b
c8a,c8a
dab1b,dab1b
prkacbb,prkacbb
adgrl2b.1,adgrl2b.1
ADGRL2,ADGRL2
exosc4,exosc4
bcl10,bcl10
mcoln3a,mcoln3a
ssx2ipa,ssx2ipa
tubb2,tubb2
slc22a23,slc22a23
dspa,dspa
higd1a,higd1a
CU929426.1,CU929426.1
ccdc13,ccdc13
tmie,tmie
pth1r,pth1r
myl13,myl13
crhr2,crhr2
CABZ01088149.1,CABZ01088149.1
serbp1b,serbp1b
aqp1a.1,aqp1a.1
aqp1a.2,aqp1a.2
thoc1,thoc1
usp14,usp14
rock1,rock1
eif2b5,eif2b5
CABZ01112864.1,CABZ01112864.1
si:ch1073-82l19.1,sich107382l19.1
pik3r3a,pik3r3a
ipp,ipp
guk1a,guk1a
C2H1orf35,C2H1orf35
arf1,arf1
wnt3a,wnt3a
FO818692.1,FO818692.1
wnt9a,wnt9a
snap47,snap47
jmjd4,jmjd4
CU633991.2,CU633991.2
iba57,iba57
ACKR2,ACKR2
cyp8b1,cyp8b1
cyp8b2,cyp8b2
cyp8b3,cyp8b3
cx47.1,cx47.1
SERP1,SERP1
fuz,fuz
gpt2l,gpt2l
c1ql3b-1,c1ql3b-1
pter,pter
mmp16b,mmp16b
egfra,egfra
npc1,npc1
mpp7b,mpp7b
mkxb,mkxb
rab18b,rab18b
yme1l1b,yme1l1b
mib1,mib1
dre-mir-133a-1,dre-mir-133a-1
gata6,gata6
BX842700.1,BX842700.1
cables1,cables1
wacb,wacb
bambib,bambib
adipoqb,adipoqb
CABZ01063651.1,CABZ01063651.1
tnk2b,tnk2b
CU929154.1,CU929154.1
tfr1a,tfr1a
si:ch211-162e15.3,sich211162e15.3
dlg1l,dlg1l
ptmab,ptmab
phb2a,phb2a
pex5lb,pex5lb
GNB4,GNB4
MFN1,MFN1
si:ch1073-184j22.1,sich1073184j22.1
si:ch1073-184j22.2,sich1073184j22.2
sft2d3,sft2d3
wdr33,wdr33
dusp28,dusp28
proca,proca
proca-1,proca-1
saga,saga
cldn15la,cldn15la
crfb16,crfb16
parla,parla
mb21d2,mb21d2
fgf12a,fgf12a
cwc25,cwc25
sst2,sst2
BX120016.1,BX120016.1
nyap2b,nyap2b
slc35d1b,slc35d1b
mier1b,mier1b
si:ch211-273k1.5,sich211273k1.5
dis3l2,dis3l2
ACAP2,ACAP2
si:ch211-168b3.2,sich211168b3.2
tmem125b,tmem125b
slc1a7a,slc1a7a
scp2a,scp2a
czib,czib
uck2b,uck2b
aldh9a1b,aldh9a1b
zte38,zte38
prdx1,prdx1
fzr1b,fzr1b
IPO13,IPO13
si:ch73-344o19.1,sich73344o19.1
rec8a,rec8a
gng5,gng5
zp3b,zp3b
arl14,arl14
ppm1la,ppm1la
otol1a,otol1a
si:dkey-119f1.1,sidkey119f1.1
BX927289.1,BX927289.1
rgs13,rgs13
rgs1,rgs1
rgs18,rgs18
brinp3b,brinp3b
rgs5b,rgs5b
nos1apb,nos1apb
CR388040.1,CR388040.1
ddr2b,ddr2b
xpr1b,xpr1b
cdc14aa,cdc14aa
AL953893.1,AL953893.1
vcam1a,vcam1a
extl2,extl2
zgc:110366,zgc110366
rc3h1b,rc3h1b
si:ch211-13f8.1,sich21113f8.1
si:ch211-13f8.2,sich21113f8.2
zgc:153115,zgc153115
si:dkeyp-106c3.3,sidkeyp106c3.3
si:dkeyp-106c3.2,sidkeyp106c3.2
si:dkeyp-106c3.1,sidkeyp106c3.1
CU929374.1,CU929374.1
asip2b,asip2b
FO203364.1,FO203364.1
ripk2,ripk2
CABZ01021599.1,CABZ01021599.1
CABZ01021592.1,CABZ01021592.1
CCDC39,CCDC39
dcun1d1,dcun1d1
eif4a2,eif4a2
CT027646.2,CT027646.2
CT027646.3,CT027646.3
CT027646.5,CT027646.5
CT027646.4,CT027646.4
CT027646.1,CT027646.1
b3gnt5b,b3gnt5b
tbl1xr1b,tbl1xr1b
kcnmb2,kcnmb2
si:ch211-38m6.7,sich21138m6.7
si:ch211-38m6.6,sich21138m6.6
ephb3a,ephb3a
pcolce2a,pcolce2a
pls1,pls1
chst2a,chst2a
dipk2aa,dipk2aa
si:ch211-71m22.1,sich21171m22.1
si:ch211-71m22.5,sich21171m22.5
CT027589.1,CT027589.1
si:ch211-71m22.3,sich21171m22.3
fubp1,fubp1
miga1,miga1
usp33,usp33
zzz3,zzz3
ak5,ak5
pigk,pigk
st6galnac5a,st6galnac5a
st6galnac3,st6galnac3
cope,cope
slc25a24l,slc25a24l
dnajb4,dnajb4
gipc2,gipc2
txndc12,txndc12
zmp:0000001127,zmp0000001127
zgc:153615,zgc153615
selenot1a,selenot1a
CU633992.1,CU633992.1
dvl3a,dvl3a
si:ch1073-170o4.1,sich1073170o4.1
CU638697.1,CU638697.1
pcyt1aa,pcyt1aa
ap2m1a,ap2m1a
anxa13l,anxa13l
si:ch211-252f13.5,sich211252f13.5
BX470264.1,BX470264.1
abi1b,abi1b
CR956623.1,CR956623.1
tsen15,tsen15
zgc:55943,zgc55943
CR956623.2,CR956623.2
sec22ba,sec22ba
imp3,imp3
slc35a3b,slc35a3b
fam78ba,fam78ba
cmpk,cmpk
bcl6ab,bcl6ab
insl5b,insl5b
ahsg2,ahsg2
pfn2l,pfn2l
nsun4,nsun4
dmbx1a,dmbx1a
gadd45aa,gadd45aa
gng12a,gng12a
wls,wls
BX927121.1,BX927121.1
scinlb,scinlb
ccdc18,ccdc18
BX323564.1,BX323564.1
mtf2,mtf2
dipk1aa,dipk1aa
rpl5a,rpl5a
evi5a,evi5a
gfi1aa,gfi1aa
rpap2,rpap2
glmna,glmna
cdc7,cdc7
tceanc2,tceanc2
cdcp2,cdcp2
mrpl37,mrpl37
ssbp3a,ssbp3a
CR450845.1,CR450845.1
acot11a,acot11a
fam151a,fam151a
lrrc53,lrrc53
cryz,cryz
tyw3,tyw3
lhx8a,lhx8a
slc44a5a,slc44a5a
BX901918.3,BX901918.3
BX901918.2,BX901918.2
sdr16c5a,sdr16c5a
penka,penka
impad1,impad1
BX890600.1,BX890600.1
MFF,MFF
ftr01,ftr01
greb1l,greb1l
CT573467.1,CT573467.1
abhd3,abhd3
ro60,ro60
cdc73,cdc73
CT573433.1,CT573433.1
kcnt2,kcnt2
gpr158b,gpr158b
prtfdc1,prtfdc1
arhgap21b,arhgap21b
dpp6b,dpp6b
BX908750.1,BX908750.1
BX908750.2,BX908750.2
kmt2cb,kmt2cb
BX324233.1,BX324233.1
prkag2b,prkag2b
bcl2b,bcl2b
kdsr,kdsr
vps4b,vps4b
si:dkey-185p13.1,sidkey185p13.1
nmur1b,nmur1b
cfap57,cfap57
CABZ01044235.1,CABZ01044235.1
ebna1bp2,ebna1bp2
zbtb41,zbtb41
CU657977.1,CU657977.1
cpdp,cpdp
CU927934.3,CU927934.3
CU927934.1,CU927934.1
tctex1d1,tctex1d1
sgip1b,sgip1b
BX510915.1,BX510915.1
pde4bb,pde4bb
CT583708.1,CT583708.1
CABZ01026681.1,CABZ01026681.1
CR388189.8,CR388189.8
CR388189.7,CR388189.7
CR388189.5,CR388189.5
si:ch73-366i20.1,sich73366i20.1
CR788249.2,CR788249.2
CR788249.1,CR788249.1
hccsa.2,hccsa.2
hccsa.1,hccsa.1
si:dkey-10f21.4,sidkey10f21.4
cnn3b,cnn3b
f3b,f3b
CR392002.1,CR392002.1
abcd3b,abcd3b
arhgap29b,arhgap29b
abca4b,abca4b
tecrl2b,tecrl2b
olfm3b,olfm3b
col11a1b,col11a1b
amy2a,amy2a
vav3b,vav3b
BX682548.1,BX682548.1
vav3b-1,vav3b-1
selenoj,selenoj
sh3glb1b,sh3glb1b
arhgef4,arhgef4
si:dkey-231j24.3,sidkey231j24.3
atr,atr
zgc:110269,zgc110269
agfg1b,agfg1b
fbxo36b,fbxo36b
CR377211.1,CR377211.1
CR377211.3,CR377211.3
CR377211.4,CR377211.4
CR377211.2,CR377211.2
grk7a,grk7a
atp1b3a,atp1b3a
si:dkeyp-13a3.10,sidkeyp13a3.10
xrn1,xrn1
gk5,gk5
ppp1r7,ppp1r7
ubxn7,ubxn7
tfa,tfa
eif4g1a,eif4g1a
fam131a,fam131a
clcn2a,clcn2a
thpo,thpo
pif1,pif1
ptger4c,ptger4c
artnb,artnb
st3gal3b,st3gal3b
kdm4ab,kdm4ab
pimr199,pimr199
pimr196,pimr196
pimr197,pimr197
pimr196-1,pimr196-1
ptprfb,ptprfb
BX248089.2,BX248089.2
BX511224.1,BX511224.1
pbx1a,pbx1a
glula,glula
TMEM275,TMEM275
kncn,kncn
BX323588.1,BX323588.1
elovl1a,elovl1a
cdc20,cdc20
cc2d1b,cc2d1b
BX511079.1,BX511079.1
zfyve9a,zfyve9a
BX511079.2,BX511079.2
pimr141,pimr141
BX664750.2,BX664750.2
pimr140,pimr140
pimr51,pimr51
BX088713.1,BX088713.1
rwdd3,rwdd3
ptbp2b,ptbp2b
dpydb,dpydb
FQ377605.1,FQ377605.1
plppr5a,plppr5a
plppr4a,plppr4a
palmda,palmda
si:ch211-153l6.6,sich211153l6.6
frrs1a,frrs1a
agla,agla
si:ch73-14h1.2,sich7314h1.2
si:ch211-267e7.3,sich211267e7.3
olfml2bb,olfml2bb
dusp12,dusp12
AL954134.1,AL954134.1
rxrga,rxrga
prg4a,prg4a
tpra,tpra
odr4,odr4
pdca,pdca
ptgs2a,ptgs2a
pla2g4aa,pla2g4aa
arpc5a,arpc5a
lyrm4,lyrm4
nrn1b,nrn1b
rreb1b,rreb1b
riok1,riok1
nebl,nebl
pip4k2ab,pip4k2ab
bmi1b,bmi1b
dnajc1,dnajc1
si:dkey-29d8.3,sidkey29d8.3
BX927413.1,BX927413.1
vipr1a,vipr1a
zbtb47a,zbtb47a
klhl40a,klhl40a
hhatla,hhatla
ctdsplb,ctdsplb
dre-mir-26a-2,dre-mir-26a-2
plcd1b,plcd1b
afg3l2,afg3l2
inhbab,inhbab
mplkip,mplkip
ralab,ralab
C2H7orf25,C2H7orf25
fbxl7,fbxl7
chd7,chd7
rab2a,rab2a
ca8,ca8
CT956055.1,CT956055.1
tox,tox
cyp7a1,cyp7a1
fam110b,fam110b
selenof,selenof
hs2st1a,hs2st1a
zgc:56628,zgc56628
gtf2b,gtf2b
lrrc8da,lrrc8da
znf644a,znf644a
hfm1,hfm1
FQ377628.1,FQ377628.1
cldn18,cldn18
sept2,sept2
stk25b,stk25b
bokb,bokb
thap4,thap4
zgc:161973,zgc161973
agxtb,agxtb
kif1ab,kif1ab
espnlb,espnlb
rab6bb,rab6bb
aire,aire
amotl2b,amotl2b
myo7bb,myo7bb
sap130b,sap130b
mllt1b,mllt1b
BX927377.1,BX927377.1
znf414,znf414
mknk2a,mknk2a
csnk1g2a,csnk1g2a
mfsd12a,mfsd12a
BX548024.1,BX548024.1
si:dkey-218h11.6,sidkey218h11.6
BX548024.2,BX548024.2
prrx1a,prrx1a
kifap3b,kifap3b
niban1b,niban1b
rnf2,rnf2
ivns1abpb,ivns1abpb
si:dkey-58b18.8,sidkey58b18.8
rpp40,rpp40
cdyl,cdyl
oxsr1a,oxsr1a
slc22a13a,slc22a13a
xirp1,xirp1
si:dkey-24c2.7,sidkey24c2.7
csrnp1a,csrnp1a
gorasp1a,gorasp1a
si:dkey-24c2.9,sidkey24c2.9
tgfbr1a,tgfbr1a
col15a1b,col15a1b
slc12a7a,slc12a7a
kcnh2a,kcnh2a
map4l,map4l
myh7,myh7
myh7l,myh7l
fitm1l,fitm1l
trnau1apb,trnau1apb
mrpl34,mrpl34
ano8a,ano8a
CR384062.1,CR384062.1
pimr68,pimr68
plvapa,plvapa
nr2f6a,nr2f6a
zgc:154006,zgc154006
si:dkey-208k22.6,sidkey208k22.6
kcnn1a,kcnn1a
BX530024.1,BX530024.1
insl3,insl3
si:rp71-39b20.4,sirp7139b20.4
rps28,rps28
angptl4,angptl4
cnn2,cnn2
crsp7,crsp7
crtc1a,crtc1a
mast3a,mast3a
pik3r2,pik3r2
ifi30,ifi30
mpv17l2,mpv17l2
pde4ca,pde4ca
rab3aa,rab3aa
agtr1a,agtr1a
gyg1a,gyg1a
hltf,hltf
nck1a,nck1a
slc35g2a,slc35g2a
stag1a,stag1a
pccb,pccb
msl2a,msl2a
CR786576.1,CR786576.1
nceh1a,nceh1a
si:dkey-223d7.6,sidkey223d7.6
ppp2r3a,ppp2r3a
fndc3ba,fndc3ba
ghsra,ghsra
pld1a,pld1a
tnika,tnika
CR392026.2,CR392026.2
slc2a2,slc2a2
eif5a2,eif5a2
CR392026.1,CR392026.1
slc7a14a,slc7a14a
cldn11a,cldn11a
CR392012.2,CR392012.2
grin3ba,grin3ba
plppr3a,plppr3a
palm1b,palm1b
CR788230.2,CR788230.2
CR788230.1,CR788230.1
ptbp1a,ptbp1a
efna2a,efna2a
CT027702.1,CT027702.1
rabggtb,rabggtb
acadm,acadm
hectd3,hectd3
rps8a,rps8a
BX569796.4,BX569796.4
BX569796.1,BX569796.1
best4,best4
si:ch211-106k21.5,sich211106k21.5
glis1a,glis1a
ndc1,ndc1
zgc:113691,zgc113691
yipf1,yipf1
lrrc42,lrrc42
tmem59,tmem59
u2surp,u2surp
ttpa,ttpa
asph,asph
BX248497.1,BX248497.1
impa1,impa1
si:dkey-181m9.8,sidkey181m9.8
BX511023.1,BX511023.1
cdh7a,cdh7a
BX649522.3,BX649522.3
dsela,dsela
tmx3a,tmx3a
BX649522.1,BX649522.1
tesk2,tesk2
toe1,toe1
si:ch73-382f3.1,sich73382f3.1
selenop2,selenop2
elovl8a,elovl8a
CU469530.2,CU469530.2
CU469530.1,CU469530.1
zswim5,zswim5
urod,urod
lyn,lyn
lyn-1,lyn-1
tmem68,tmem68
XKR4,XKR4
FO834800.1,FO834800.1
FO834800.2,FO834800.2
buc,buc
rnf152,rnf152
zgc:163121,zgc163121
C2H5orf22,C2H5orf22
CR925777.1,CR925777.1
cdh6,cdh6
CABZ01068352.1,CABZ01068352.1
CABZ01056054.1,CABZ01056054.1
CABZ01056052.1,CABZ01056052.1
CABZ01056051.1,CABZ01056051.1
mmp15b,mmp15b
CU693484.1,CU693484.1
dhcr7,dhcr7
nadsyn1-1,nadsyn1-1
cdh10a,cdh10a
cdh12a,cdh12a
cdh18a,cdh18a
cahz,cahz
dlgap1a,dlgap1a
ptf1a,ptf1a
AL845362.1,AL845362.1
si:dkey-188g12.1,sidkey188g12.1
si:ch211-207d6.2,sich211207d6.2
paxip1,paxip1
htr5aa,htr5aa
en2b,en2b
cnpy1,cnpy1
rbm33b,rbm33b
shhb,shhb
dnajb6a,dnajb6a
trpa1a,trpa1a
BX510360.1,BX510360.1
kcnb2,kcnb2
rpl7,rpl7
CT027743.1,CT027743.1
rdh10b,rdh10b
ube2w,ube2w
elocb,elocb
tmem70,tmem70
CR788254.2,CR788254.2
CR788254.3,CR788254.3
si:dkey-82k12.13,sidkey82k12.13
jph1b,jph1b
pi15b,pi15b
crispld1b,crispld1b
socs6b,socs6b
cbln2a,cbln2a
neto1,neto1
atpsckmt,atpsckmt
march6,march6
ankrd33bb,ankrd33bb
ctnnd2b,ctnnd2b
GPR141,GPR141
si:dkey-94e7.2,sidkey94e7.2
rp1,rp1
tcea1,tcea1
rgs20,rgs20
atp6v1h,atp6v1h
oprk1,oprk1
chmp5a,chmp5a
bag1,bag1
myl12.2,myl12.2
myom1a,myom1a
lpin2,lpin2
emilin2a,emilin2a
CT955962.3,CT955962.3
CT955962.1,CT955962.1
clul1,clul1
adcyap1b,adcyap1b
clul1-1,clul1-1
colec12,colec12
stam,stam
si:dkey-32m20.1,sidkey32m20.1
cacnb2b,cacnb2b
mrc1b,mrc1b
si:ch211-106h4.4,sich211106h4.4
si:ch211-106h4.9,sich211106h4.9
si:ch211-106h4.5,sich211106h4.5
si:ch211-106h4.6,sich211106h4.6
si:ch211-106h4.12,sich211106h4.12
ackr4a,ackr4a
e2f5,e2f5
lrrcc1,lrrcc1
ralyl,ralyl
and2,and2
retreg1,retreg1
BX323064.2,BX323064.2
rnf182,rnf182
ranbp9,ranbp9
nol7,nol7
epdr1,epdr1
stard3nl,stard3nl
tcrg,tcrg
trgv7,trgv7
trgv6,trgv6
trgv5,trgv5
si:dkeyp-13d12.11,sidkeyp13d12.11
trgv1,trgv1
amph,amph
otulinb,otulinb
ankhb,ankhb
mycb,mycb
CR391940.1,CR391940.1
BX323880.1,BX323880.1
fam49ba,fam49ba
asap1a,asap1a
BX663499.2,BX663499.2
ubtfl,ubtfl
slc4a2a,slc4a2a
ttc19,ttc19
faim2a,faim2a
abcf2a,abcf2a
smarcd3a,smarcd3a
tmub1,tmub1
fastk,fastk
BX323559.6,BX323559.6
BX323559.4,BX323559.4
si:dkeyp-73d8.6,sidkeyp73d8.6
si:dkeyp-73d8.8,sidkeyp73d8.8
si:dkeyp-73d8.9,sidkeyp73d8.9
puf60a,puf60a
BX323559.2,BX323559.2
nrbp2a,nrbp2a
klhl18,klhl18
BX323559.5,BX323559.5
bfsp2,bfsp2
zgc:136930,zgc136930
ccr9a,ccr9a
prpf4ba,prpf4ba
si:dkey-154p10.3,sidkey154p10.3
pxdc1a,pxdc1a
opn4.1,opn4.1
tmem53,tmem53
BX323807.1,BX323807.1
BX323807.2,BX323807.2
BX294160.1,BX294160.1
rnf220a,rnf220a
BX324218.1,BX324218.1
klf17,klf17
slc6a9,slc6a9
ccdc24,ccdc24
zgc:113531,zgc113531
b4galt2,b4galt2
atp6v0b,atp6v0b
kiss1ra,kiss1ra
kif2c,kif2c
ptch2,ptch2
eif2b3,eif2b3
klhl20,klhl20
cenpl,cenpl
dars2,dars2
brinp2,brinp2
astn1,astn1
pappa2,pappa2
cop1,cop1
tnr,tnr
CR855337.1,CR855337.1
tnn,tnn
FP236741.1,FP236741.1
mrps14,mrps14
cacybp,cacybp
plk3,plk3
si:dkey-4i23.5,sidkey4i23.5
ankrd45,ankrd45
FP016213.1,FP016213.1
rasal2,rasal2
dhx9,dhx9
lamc1,lamc1
lamc2,lamc2
nmnat2,nmnat2
smg7,smg7
trdc,trdc
BX681417.2,BX681417.2
tradv3.0.4,tradv3.0.4
tradv10.0.3,tradv10.0.3
tradv10.0.5,tradv10.0.5
tradv14.0,tradv14.0
tradv15.0,tradv15.0
tradv17.0,tradv17.0
tradv18.0,tradv18.0
tradv19.0,tradv19.0
tradv24.0.1,tradv24.0.1
tradv26.0,tradv26.0
tradv24.0.5,tradv24.0.5
tradv25.0.4,tradv25.0.4
tradv31.0,tradv31.0
CU571384.1,CU571384.1
BX901889.1,BX901889.1
BX901889.5,BX901889.5
ing5b,ing5b
pak2a,pak2a
klhl6,klhl6
ccnl1b,ccnl1b
ptx3b,ptx3b
golim4b,golim4b
pdcd10b,pdcd10b
slitrk3b,slitrk3b
nrd1a,nrd1a
si:dkey-193b15.8,sidkey193b15.8
BX470229.1,BX470229.1
rabgap1l2,rabgap1l2
si:dkey-193b15.5,sidkey193b15.5
zgc:153654,zgc153654
map1sb,map1sb
CARTPT,CARTPT
gadd45bb,gadd45bb
gng7,gng7
diras1b,diras1b
zgc:101744,zgc101744
slc1a8b,slc1a8b
elavl1a,elavl1a
pex19,pex19
tspan37,tspan37
copa,copa
apoda.2,apoda.2
apoda.1,apoda.1
samd7,samd7
sec62,sec62
nadkb,nadkb
gpr160,gpr160
skila,skila
prkci,prkci
phc3,phc3
si:dkey-57k2.7,sidkey57k2.7
si:dkey-57k2.7-1,sidkey57k2.7-1
si:dkey-57k2.6,sidkey57k2.6
dapk3,dapk3
sppl2,sppl2
arhgef18a,arhgef18a
insra,insra
hiat1a,hiat1a
myo9b,myo9b
MYADM-1,MYADM-1
ftr66,ftr66
nfatc4,nfatc4
ltb4r2b,ltb4r2b
sdr39u1,sdr39u1
rpph1,rpph1
mettl17,mettl17
AL954692.1,AL954692.1
parp2,parp2
si:ch211-284o19.8,sich211284o19.8
zgc:66427,zgc66427
cbln13,cbln13
hbl4,hbl4
mbl2,mbl2
hbl2,hbl2
zmp:0000000729,zmp0000000729
tep1,tep1
LO017954.1,LO017954.1
cbln10,cbln10
cbln14,cbln14
cbln9,cbln9
apol1,apol1
si:rp71-1g18.13,sirp711g18.13
pcp4l1,pcp4l1
dcaf8,dcaf8
hnrnpc,hnrnpc
cbln5,cbln5
casq1a,casq1a
si:rp71-1g18.1,sirp711g18.1
tox4a,tox4a
chd8,chd8
cbln12,cbln12
trim110,trim110
sall2,sall2
mmp14b,mmp14b
acin1a,acin1a
C2H14orf119,C2H14orf119
si:ch211-14a17.10,sich21114a17.10
dhrs1,dhrs1
homeza,homeza
rnf212b,rnf212b
zp3f.1,zp3f.1
zp3f.2,zp3f.2
ap1g2,ap1g2
nedd8l,nedd8l
slc7a8b,slc7a8b
prmt5,prmt5
psmb11a,psmb11a
psmb5,psmb5
cdh24b,cdh24b
FQ377660.1,FQ377660.1
carmil3,carmil3
si:ch211-119o8.4,sich211119o8.4
rem2,rem2
si:ch211-119o8.6,sich211119o8.6
copb2,copb2
rbp2b,rbp2b
rbp1.2,rbp1.2
rbp1.1,rbp1.1
AL953896.1,AL953896.1
CU179756.1,CU179756.1
nmnat3,nmnat3
clstn2,clstn2
cbln7,cbln7
spsb4a,spsb4a
zgc:136870,zgc136870
slc25a36a,slc25a36a
CR354538.1,CR354538.1
epha4a,epha4a
si:ch211-122l24.6,sich211122l24.6
FP236331.1,FP236331.1
ccl34a.3,ccl34a.3
ccl34a.4,ccl34a.4
epha4b,epha4b
CT583650.1,CT583650.1
uggt1,uggt1
hs6st1a,hs6st1a
CU302321.1,CU302321.1
otomp,otomp
acvr1l,acvr1l
d2hgdh,d2hgdh
znf622,znf622
SSBP4,SSBP4
keap1a,keap1a
crlf1a,crlf1a
odf3l2a,odf3l2a
ebi3,ebi3
BX663525.1,BX663525.1
si:dkey-97a13.6,sidkey97a13.6
BX663525.2,BX663525.2
gbp2,gbp2
gbp1,gbp1
cspp1b,cspp1b
vcpip1,vcpip1
si:dkey-97a13.12,sidkey97a13.12
adhfe1,adhfe1
crha,crha
trim55a,trim55a
cyp7b1,cyp7b1
slc39a6,slc39a6
tmeff1a,tmeff1a
cavin4a,cavin4a
ift57,ift57
si:ch211-235o23.1,sich211235o23.1
apom,apom
ftr02,ftr02
ftr06,ftr06
ftr04,ftr04
ftr10,ftr10
ftr06-1,ftr06-1
ftr07,ftr07
ftr08,ftr08
ftr09,ftr09
ftr10-1,ftr10-1
si:dkey-7l6.3,sidkey7l6.3
gtpbp4,gtpbp4
slco5a1a,slco5a1a
esyt2a,esyt2a
dip2cb,dip2cb
BX294109.1,BX294109.1
march11,march11
myo10,myo10
ftr11,ftr11
ftr12,ftr12
basp1,basp1
BX005083.1,BX005083.1
adcy8,adcy8
efr3a,efr3a
oc90,oc90
kcnq3,kcnq3
lrrc6,lrrc6
ftr13,ftr13
ftr14,ftr14
ftr12-1,ftr12-1
crema,crema
pard3ab,pard3ab
nrp1b,nrp1b
CABZ01058723.1,CABZ01058723.1
CABZ01058721.1,CABZ01058721.1
itgb1b,itgb1b
epc1b,epc1b
itgb1b.1,itgb1b.1
itgb1b.2,itgb1b.2
FO704635.1,FO704635.1
kif5ba,kif5ba
ftr16,ftr16
arhgap12a,arhgap12a
zeb1a,zeb1a
nlrb5,nlrb5
gbp3,gbp3
si:ch211-195h23.3,sich211195h23.3
si:ch211-195h23.4,sich211195h23.4
kirrel1b,kirrel1b
cadm3,cadm3
sdhc,sdhc
atp1a2a,atp1a2a
mpz,mpz
lig1,lig1
zgc:152670,zgc152670
si:ch211-265g22.4,sich211265g22.4
BX005060.1,BX005060.1
pip4p1a,pip4p1a
pih1d3,pih1d3
kcnab1b,kcnab1b
pask,pask
MTERF4,MTERF4
klhl24a,klhl24a
yeats2,yeats2
yeats2-1,yeats2-1
map6d1,map6d1
acsm3,acsm3
ncapd2,ncapd2
CR788281.2,CR788281.2
CR788281.1,CR788281.1
ece2a,ece2a
camk2n1a,camk2n1a
mul1a,mul1a
alg3,alg3
vwa5b2,vwa5b2
prss56,prss56
si:dkey-76d14.2,sidkey76d14.2
chrng,chrng
CU929150.2,CU929150.2
eif4e2,eif4e2
capn10,capn10
CU929150.1,CU929150.1
CR407590.2,CR407590.2
ccl20a.3,ccl20a.3
camsap2b,camsap2b
SAMD9,SAMD9
wdr47a,wdr47a
si:ch211-66k16.27,sich21166k16.27
si:ch211-66k16.2,sich21166k16.2
si:ch211-66k16.28,sich21166k16.28
gpsm2,gpsm2
aknad1,aknad1
fndc7a,fndc7a
fndc7rs2,fndc7rs2
fndc7rs1,fndc7rs1
CR450720.1,CR450720.1
fndc7rs3,fndc7rs3
fndc7rs4,fndc7rs4
prpf38b,prpf38b
fam102ba,fam102ba
gpc5c,gpc5c
si:ch211-170p16.1-1,sich211170p16.1-1
CR762395.1,CR762395.1
gpc1b,gpc1b
FQ377603.1,FQ377603.1
ephb1,ephb1
si:ch211-226f6.1,sich211226f6.1
BX248512.1,BX248512.1
si:ch211-284d12.3,sich211284d12.3
CABZ01113830.1,CABZ01113830.1
BX085193.2,BX085193.2
pax3a,pax3a
BX085193.1,BX085193.1
acsl3b,acsl3b
BX085193.3,BX085193.3
scg2b,scg2b
ap1s3b,ap1s3b
si:ch211-165b10.3,sich211165b10.3
cul3a,cul3a
mbnl1,mbnl1
ftr05,ftr05
ftr22,ftr22
ftr23,ftr23
ftr24,ftr24
ftr25,ftr25
ftr26,ftr26
BX548047.1,BX548047.1
ftr19,ftr19
fzd8b,fzd8b
si:ch211-77g15.32,sich21177g15.32
klf6b,klf6b
pitrm1,pitrm1
pfkpb,pfkpb
snorc,snorc
gigyf2,gigyf2
BX890608.1,BX890608.1
lpar5a,lpar5a
itm2cb,itm2cb
hes6,hes6
per2,per2
si:ch211-195j11.30,sich211195j11.30
CR391991.3,CR391991.3
CR391991.1,CR391991.1
CR391991.4,CR391991.4
si:dkeyp-94g1.1,sidkeyp94g1.1
CR381673.1,CR381673.1
CR381673.2,CR381673.2
si:dkey-53k12.1,sidkey53k12.1
CABZ01044731.1,CABZ01044731.1
CABZ01044731.2,CABZ01044731.2
svilb,svilb
kcnj9,kcnj9
cdc34b,cdc34b
abhd17aa,abhd17aa
sema6ba,sema6ba
CT583662.1,CT583662.1
rorcb,rorcb
sh3gl1a,sh3gl1a
stap2a,stap2a
si:ch211-209f23.3,sich211209f23.3
sema4e,sema4e
cactin,cactin
si:ch211-209f23.6,sich211209f23.6
si:ch211-209f23.7,sich211209f23.7
BX323861.1,BX323861.1
BX323861.3,BX323861.3
BX284666.2,BX284666.2
si:ch211-190k17.19,sich211190k17.19
wdr48b,wdr48b
blvra,blvra
BX284666.1,BX284666.1
rpl37,rpl37
hecw1b,hecw1b
ccr12a,ccr12a
si:ch211-106n13.3,sich211106n13.3
zcchc2,zcchc2
exoc3,exoc3
ahrrb,ahrrb
mcm6l,mcm6l
BX927101.1,BX927101.1
cul1a,cul1a
cntnap2b,cntnap2b
viml,viml
PDE1C,PDE1C
neurod6b,neurod6b
CABZ01053221.1,CABZ01053221.1
fyco1b,fyco1b
adcyap1r1a-1,adcyap1r1a-1
ghrhra,ghrhra
eef1da,eef1da
ftr87,ftr87
ftr67,ftr67
BX255896.1,BX255896.1
THEM6,THEM6
lrrc24,lrrc24
pigrl4.2,pigrl4.2
si:ch211-215e19.6,sich211215e19.6
si:ch211-215e19.4,sich211215e19.4
pigrl3.5,pigrl3.5
si:ch211-215e19.8,sich211215e19.8
si:dkeyp-104b3.21,sidkeyp104b3.21
si:dkeyp-104b3.18,sidkeyp104b3.18
BX677667.2,BX677667.2
BX677667.1,BX677667.1
si:dkeyp-104b3.2,sidkeyp104b3.2
si:dkeyp-104b3.1,sidkeyp104b3.1
LO018493.2,LO018493.2
pigrl2.3,pigrl2.3
pigrl3.5-1,pigrl3.5-1
pigrl2.3-1,pigrl2.3-1
LO018493.1,LO018493.1
si:ch211-9d9.7,sich2119d9.7
si:ch211-9d9.8,sich2119d9.8
pigr,pigr
dad1,dad1
abhd4,abhd4
tgm1l1,tgm1l1
si:ch211-9d9.1,sich2119d9.1
BX908782.2,BX908782.2
ly97.2,ly97.2
crygn1,crygn1
ly97.3,ly97.3
acvr2bb,acvr2bb
scn12aa,scn12aa
yju2,yju2
shda,shda
theg,theg
CABZ01040021.1,CABZ01040021.1
plpp2a,plpp2a
tle2c,tle2c
chico,chico
gna11b,gna11b
LO018490.1,LO018490.1
ralbp1,ralbp1
creb3l3b,creb3l3b
sirt6,sirt6
si:ch211-182e10.4,sich211182e10.4
zgc:165603,zgc165603
celf5b,celf5b
hsd11b1lb,hsd11b1lb
admp,admp
im:7138239,im7138239
ccl25a,ccl25a
ranbp3b,ranbp3b
ctnnbl1,ctnnbl1
capsla,capsla
FO834855.1,FO834855.1
abhd8a,abhd8a
CABZ01050249.1,CABZ01050249.1
PIEZO2,PIEZO2
CU179656.2,CU179656.2
LO018508.1,LO018508.1
napgb,napgb
rab12,rab12
CABZ01050280.1,CABZ01050280.1
mtcl1,mtcl1
acss2l,acss2l
ndufv2,ndufv2
ankrd12,ankrd12
FQ378001.1,FQ378001.1
twsg1a,twsg1a
rnf126,rnf126
CABZ01086574.1,CABZ01086574.1
zmp:0000000521,zmp0000000521
cib3,cib3
rab8a,rab8a
tpm4b,tpm4b
LPL,LPL
ap1m1,ap1m1
klf2b,klf2b
CABZ01066727.1,CABZ01066727.1
CABZ01066725.1,CABZ01066725.1
calr3b,calr3b
rx2,rx2
cplx4c,cplx4c
atcayb,atcayb
nmrk2,nmrk2
loxl5b,loxl5b
si:ch211-178n15.1,sich211178n15.1
jund,jund
pgpep1,pgpep1
upf1,upf1
homer3a,homer3a
uba52,uba52
cers4b,cers4b
ctxn1,ctxn1
rab11bb,rab11bb
CU469531.1,CU469531.1
CU469531.2,CU469531.2
pip5k1cb,pip5k1cb
gpx4b,gpx4b
POLR2E,POLR2E
arhgap45a,arhgap45a
sbno2a,sbno2a
zgc:85843,zgc85843
CABZ01117752.1,CABZ01117752.1
CU634008.1,CU634008.1
slc25a42,slc25a42
dre-mir-7148,dre-mir-7148
ARMC6,ARMC6
eef2b,eef2b
btbd2b,btbd2b
mbd3a,mbd3a
si:ch1073-325m22.2,sich1073325m22.2
tcf3a,tcf3a
map2k2b,map2k2b
pias4b,pias4b
onecut3b,onecut3b
CABZ01060891.1,CABZ01060891.1
si:dkeyp-68b7.10,sidkeyp68b7.10
sf3a2,sf3a2
plekhj1,plekhj1
TPGS1,TPGS1
si:dkeyp-68b7.7,sidkeyp68b7.7
si:dkeyp-68b7.7-1,sidkeyp68b7.7-1
si:dkeyp-68b7.5,sidkeyp68b7.5
si:dkeyp-68b7.12,sidkeyp68b7.12
si:ch211-155e24.3,sich211155e24.3
nectin4b,nectin4b
fcer1gl,fcer1gl
CABZ01110881.1,CABZ01110881.1
si:ch1073-185p12.2,sich1073185p12.2
pnp5b,pnp5b
KCNJ10,KCNJ10
foxl2b,foxl2b
AL954696.2,AL954696.2
AL954696.1,AL954696.1
vapal,vapal
ENSDARG00000098203,ENSDARG00000098203
epb41l3b,epb41l3b
CABZ01081294.2,CABZ01081294.2
CABZ01083448.1,CABZ01083448.1
ptprsa,ptprsa
cirbpa,cirbpa
fem1a,fem1a
CABZ01085658.1,CABZ01085658.1
mau2,mau2
sugp1,sugp1
CABZ01100278.1,CABZ01100278.1
si:ch1073-391i24.1,sich1073391i24.1
stk11,stk11
ftr36,ftr36
ftr32,ftr32
ftr95,ftr95
ftr30,ftr30
ftr29,ftr29
ftr32-1,ftr32-1
ftr33,ftr33
ftr34,ftr34
ftr35,ftr35
ftr36-1,ftr36-1
BX537288.2,BX537288.2
BX537288.1,BX537288.1
ftr37,ftr37
ftr38,ftr38
ftr39p,ftr39p
CU861477.1,CU861477.1
rpl24,rpl24
cep97,cep97
nfkbiz,nfkbiz
CU651657.1,CU651657.1
eed,eed
hikeshi,hikeshi
tmem39a,tmem39a
ildr1a,ildr1a
si:zfos-1011f11.2,sizfos1011f11.2
gpa33a,gpa33a
FP067451.1,FP067451.1
f7l,f7l
f7,f7
f7i,f7i
f10,f10
prozb,prozb
pcid2,pcid2
cul4a,cul4a
lamp1a,lamp1a
grtp1a,grtp1a
adprhl1,adprhl1
dcun1d2b,dcun1d2b
tmco3,tmco3
tfdp1b,tfdp1b
grk1a,grk1a
cenpe,cenpe
gas6,gas6
pros1,pros1
rasa3,rasa3
tpp2,tpp2
METTL21C,METTL21C
zgc:92518,zgc92518
ercc5,ercc5
blzf1,blzf1
trmt10c,trmt10c
txnl4b,txnl4b
si:ch73-41e3.7,sich7341e3.7
mrpl16,mrpl16
mrpl39,mrpl39
CU571081.1,CU571081.1
jam2a,jam2a
atp5pf,atp5pf
appa,appa
cyyr1,cyyr1
adamts1,adamts1
adamts5,adamts5
gart,gart
n6amt1,n6amt1
CZQB01066256.1,CZQB01066256.1
runx1,runx1
urp2,urp2
clic6,clic6
atp1a1a.4,atp1a1a.4
atp1a1a.1,atp1a1a.1
atp1a1a.2,atp1a1a.2
atp1a1a.3,atp1a1a.3
atp1a1a.5,atp1a1a.5
si:ch211-132g1.3,sich211132g1.3
si:ch211-132g1.6,sich211132g1.6
si:ch211-132g1.4,sich211132g1.4
si:ch211-132g1.1,sich211132g1.1
si:ch211-132g1.7,sich211132g1.7
slc5a3a,slc5a3a
oxgr1a.1,oxgr1a.1
mbnl2,mbnl2
rap2ab,rap2ab
kpnb3,kpnb3
CR352215.1,CR352215.1
farp1,farp1
si:ch211-235f1.3,sich211235f1.3
ggact.3,ggact.3
ggact.2,ggact.2
ggact.1,ggact.1
gpc6a,gpc6a
gpc5a,gpc5a
dre-mir-92a-1,dre-mir-92a-1
dre-mir-19a,dre-mir-19a
dre-mir-18a,dre-mir-18a
dre-mir-17a-1,dre-mir-17a-1
CABZ01113467.1,CABZ01113467.1
slitrk6,slitrk6
FP009765.2,FP009765.2
FP009765.1,FP009765.1
spry2,spry2
ndfip2,ndfip2
tuba8l2,tuba8l2
stk16,stk16
atic,atic
mnx2b,mnx2b
fn1b,fn1b
cpo,cpo
nrp2a,nrp2a
pard3ba,pard3ba
pard3ba-1,pard3ba-1
abcb6a,abcb6a
cnppd1,cnppd1
prkag3a,prkag3a
retreg2,retreg2
mdh1b,mdh1b
fastkd2,fastkd2
gtf3c3,gtf3c3
LO018629.1,LO018629.1
hecw2b,hecw2b
klf7a,klf7a
si:ch211-93g23.2,sich21193g23.2
ube2f,ube2f
AL929396.1,AL929396.1
erbb4a,erbb4a
CABZ01075316.1,CABZ01075316.1
ERBB4,ERBB4
lancl1,lancl1
mylz3,mylz3
pcnp,pcnp
mxa,mxa
mxb,mxb
efnb2b,efnb2b
arglu1b,arglu1b
en1b,en1b
BX908756.1,BX908756.1
BX908756.3,BX908756.3
radil,radil
mmd2b,mmd2b
CR855320.4,CR855320.4
CR855320.5,CR855320.5
CR855320.6,CR855320.6
si:dkey-79f11.10,sidkey79f11.10
CR855320.1,CR855320.1
si:dkey-79f11.7,sidkey79f11.7
si:dkey-79f11.5,sidkey79f11.5
CR855320.3,CR855320.3
si:dkeyp-9d4.2,sidkeyp9d4.2
si:dkeyp-9d4.3,sidkeyp9d4.3
SLC5A10,SLC5A10
FAM83G,FAM83G
grapb,grapb
cacna1hb,cacna1hb
syngr3b,syngr3b
myo15ab,myo15ab
AL928835.1,AL928835.1
alkbh5,alkbh5
mief2,mief2
smcr8b,smcr8b
zgc:112980,zgc112980
ptcd1,ptcd1
AL928650.2,AL928650.2
AL928650.4,AL928650.4
AL928650.3,AL928650.3
si:ch211-160d14.15,sich211160d14.15
AL928650.1,AL928650.1
fbxl18,fbxl18
actb1,actb1
fscn1b,fscn1b
abcg2b,abcg2b
C3H16orf72-1,C3H16orf72-1
grin2ab,grin2ab
CT573178.1,CT573178.1
socs1b,socs1b
CU467110.1,CU467110.1
si:ch73-191k20.3,sich73191k20.3
tlr2,tlr2
prkcba,prkcba
cacng3a,cacng3a
si:ch211-14k19.8,sich21114k19.8
vap-1,vap-1
ndufab1a,ndufab1a
palb2,palb2
rasd3,rasd3
plk1,plk1
BX004779.2,BX004779.2
ern2,ern2
BX004779.1,BX004779.1
chtf18,chtf18
gng13a,gng13a
si:dkeyp-57d7.4,sidkeyp57d7.4
zgc:136472,zgc136472
ubn1,ubn1
BX323038.1,BX323038.1
uncx4.1,uncx4.1
AL954703.1,AL954703.1
micall2b,micall2b
si:ch73-12o23.1,sich7312o23.1
elfn1b,elfn1b
ugt5b5,ugt5b5
ugt5b2,ugt5b2
ugt5b4,ugt5b4
ugt5b2-1,ugt5b2-1
ugt5b1,ugt5b1
mad1l1,mad1l1
pmm2,pmm2
C1H7orf26,C1H7orf26
rgs11,rgs11
pgap6,pgap6
pdia2,pdia2
si:dkeyp-75b4.8,sidkeyp75b4.8
si:dkeyp-75b4.7,sidkeyp75b4.7
si:dkeyp-75b4.9,sidkeyp75b4.9
si:dkeyp-75b4.10,sidkeyp75b4.10
trim2b,trim2b
rnf175,rnf175
fgb,fgb
fga,fga
si:ch73-132f6.5,sich73132f6.5
lratb.1,lratb.1
lratb.2,lratb.2
rbm46,rbm46
npy2rl,npy2rl
CR854964.1,CR854964.1
eif3f,eif3f
zgc:77880,zgc77880
pip4p1b,pip4p1b
FRMD7,FRMD7
dachb,dachb
cnpy3,cnpy3
trpc5a,trpc5a
zgc:174945,zgc174945
si:dkey-31e10.1,sidkey31e10.1
AL953910.1,AL953910.1
si:dkey-31e10.5,sidkey31e10.5
CU915827.1,CU915827.1
MPC2,MPC2
atp1b1b,atp1b1b
cnga3b,cnga3b
si:ch73-222h13.1,sich73222h13.1
crfb15,crfb15
dmd,dmd
knl1,knl1
knstrn,knstrn
sdk1b,sdk1b
si:dkey-26i13.7,sidkey26i13.7
si:dkey-26i13.5,sidkey26i13.5
si:dkey-26i13.3,sidkey26i13.3
GNA12,GNA12
brat1,brat1
eif3bb,eif3bb
si:dkey-26i13.8,sidkey26i13.8
chst12b-1,chst12b-1
ttyh3b,ttyh3b
iqce,iqce
snx8b,snx8b
grk4,grk4
tspan5b,tspan5b
si:dkey-58j15.11,sidkey58j15.11
saraf,saraf
pla2g12a,pla2g12a
si:dkey-58j15.10,sidkey58j15.10
xpa,xpa
mttp,mttp
spink4,spink4
b4galt1,b4galt1
stra6l,stra6l
tdrd7a,tdrd7a
tmod1,tmod1
cplx2l,cplx2l
gne,gne
nansa,nansa
clta,clta
sclt1,sclt1
C1H4orf33,C1H4orf33
BX511261.2,BX511261.2
CU550719.2,CU550719.2
CU550719.1,CU550719.1
pcdh10a,pcdh10a
BX323031.2,BX323031.2
BX323031.1,BX323031.1
BX323837.1,BX323837.1
si:dkey-5n7.2,sidkey5n7.2
pcdh18a,pcdh18a
BX004970.1,BX004970.1
FP236197.1,FP236197.1
noctb,noctb
elf2b,elf2b
hpf1,hpf1
ank2a,ank2a
camk2d2,camk2d2
cxcl8a,cxcl8a
pde5aa,pde5aa
ppp2r2ca,ppp2r2ca
wfs1a,wfs1a
crmp1,crmp1
DRD5,DRD5
fip1l1b,fip1l1b
chic2,chic2
BX530018.2,BX530018.2
slc34a2a,slc34a2a
rbpja,rbpja
stim2a,stim2a
si:dkey-194g4.1,sidkey194g4.1
CR847936.6,CR847936.6
CR847936.10,CR847936.10
CR847936.1,CR847936.1
CU138548.5,CU138548.5
pcdh7a,pcdh7a
hgsnat,hgsnat
pi4k2b,pi4k2b
dlc1,dlc1
CR848833.1,CR848833.1
SGCZ,SGCZ
tusc3,tusc3
fgf20a,fgf20a
micu3a,micu3a
CT573256.2,CT573256.2
CT573256.1,CT573256.1
vps37a,vps37a
mtmr7b,mtmr7b
mtus1b,mtus1b
pcm1,pcm1
asah1b,asah1b
frg1,frg1
BX928751.5,BX928751.5
BX928751.2,BX928751.2
BX511093.1,BX511093.1
fat1a,fat1a
BX537280.1,BX537280.1
casp3a,casp3a
acsl1a,acsl1a
helt,helt
si:dkey-256e7.5,sidkey256e7.5
si:dkey-256e7.5-1,sidkey256e7.5-1
slc25a4,slc25a4
si:dkey-256e7.8,sidkey256e7.8
cfap97,cfap97
ankrd37,ankrd37
ufsp2,ufsp2
pdlim3a,pdlim3a
sorbs2a,sorbs2a
CR774194.1,CR774194.1
tlr3,tlr3
cyp4v8,cyp4v8
CR391953.1,CR391953.1
AL929210.2,AL929210.2
AL929210.1,AL929210.1
mtnr1aa,mtnr1aa
klhl5,klhl5
si:dkey-192k22.2,sidkey192k22.2
fam114a1,fam114a1
klf3,klf3
tbc1d1,tbc1d1
pgm2,pgm2
tmsb5,tmsb5
slc25a51a,slc25a51a
zgc:195282,zgc195282
rnf38,rnf38
limch1a,limch1a
phox2ba,phox2ba
exosc9,exosc9
ptpn9b,ptpn9b
ptprdb,ptprdb
si:dkeyp-118a3.2,sidkeyp118a3.2
tyrp1b,tyrp1b
rbm47,rbm47
lap3,lap3
clockb,clockb
kitb,kitb
clrn2,clrn2
smc2,smc2
si:dkey-245p14.4,sidkey245p14.4
ecpas,ecpas
fbxo10,fbxo10
polr1e,polr1e
tmem192,tmem192
apela,apela
BX323590.3,BX323590.3
march1,march1
tma16,tma16
FNIP2,FNIP2
BX323590.4,BX323590.4
BX323590.1,BX323590.1
grhprb,grhprb
UBA6,UBA6
apbb2b,apbb2b
mettl14,mettl14
prss12,prss12
ndst3,ndst3
CR927456.1,CR927456.1
ugt8,ugt8
si:ch211-142c4.1,sich211142c4.1
spock3,spock3
tll1,tll1
cpe,cpe
msmo1,msmo1
CT583646.1,CT583646.1
klhl2,klhl2
CT583646.2,CT583646.2
si:dkey-253i9.4,sidkey253i9.4
npy1r,npy1r
med28,med28
tmem144a,tmem144a
gria2a,gria2a
glrba,glrba
wdr19,wdr19
ncapd3,ncapd3
primpol,primpol
adamtsl7,adamtsl7
zcchc7,zcchc7
CR786570.1,CR786570.1
si:ch211-134c9.2,sich211134c9.2
pax5,pax5
melk,melk
frmpd1a,frmpd1a
kdm4c,kdm4c
dnah6,dnah6
si:ch73-380n15.2,sich73380n15.2
chrnb3a,chrnb3a
si:dkey-234d14.2,sidkey234d14.2
chrna6,chrna6
chrnb5a,chrnb5a
uchl1,uchl1
anxa5b,anxa5b
FP245458.1,FP245458.1
fgfbp1b,fgfbp1b
fgfbp2b,fgfbp2b
zmynd10,zmynd10
prom1b,prom1b
tapt1b,tapt1b
ldb2b,ldb2b
qdprb1,qdprb1
gtf2e2,gtf2e2
SMIM18,SMIM18
adgrl3.1,adgrl3.1
si:dkey-92j12.5,sidkey92j12.5
rfc1,rfc1
rpl9,rpl9
lias,lias
ugdh,ugdh
smim14,smim14
ube2kb,ube2kb
pds5a,pds5a
n4bp2,n4bp2
rhoh,rhoh
chrna9,chrna9
si:dkeyp-26a9.2,sidkeyp26a9.2
fam184b,fam184b
ncapg,ncapg
lcorl,lcorl
si:dkeyp-26a9.7,sidkeyp26a9.7
CT573447.1,CT573447.1
slit2,slit2
lrba,lrba
mab21l2,mab21l2
BX005068.1,BX005068.1
rps3a,rps3a
pimr178,pimr178
zgc:171517,zgc171517
sh3d19,sh3d19
qdprb2,qdprb2
qdprb2-1,qdprb2-1
fam160a1a,fam160a1a
gatb,gatb
dctpp1,dctpp1
fbxw7,fbxw7
tmem154,tmem154
mnd1,mnd1
tmem131l,tmem131l
trim2a,trim2a
fhdc1,fhdc1
arfip1,arfip1
sfrp2,sfrp2
AL935184.2,AL935184.2
si:dkey-30k22.7,sidkey30k22.7
plrg1,plrg1
fgg,fgg
lrata,lrata
AL935184.1,AL935184.1
npy2r,npy2r
map9,map9
gucy1a1,gucy1a1
gucy1b1,gucy1b1
fabp2,fabp2
CU929073.1,CU929073.1
usp53b,usp53b
myoz2b,myoz2b
synpo2b,synpo2b
si:ch211-145b13.5,sich211145b13.5
si:ch211-145b13.6,sich211145b13.6
gpank1,gpank1
pdcd4a,pdcd4a
mxd4,mxd4
ndufb6,ndufb6
toporsa,toporsa
mtap,mtap
cdkn2a/b,cdkn2ab
CT573245.1,CT573245.1
cxxc4,cxxc4
tet2,tet2
ppa2,ppa2
arhgef38,arhgef38
ints12,ints12
g3bp2,g3bp2
uso1,uso1
si:ch211-202n12.2,sich211202n12.2
AL954695.2,AL954695.2
AL954695.3,AL954695.3
coro2a,coro2a
anp32b,anp32b
hemgn,hemgn
trmo,trmo
si:dkey-25o16.4,sidkey25o16.4
foxe1,foxe1
sh3gl2a,sh3gl2a
cntln,cntln
bnc2,bnc2
si:ch211-127n13.2,sich211127n13.2
si:dkey-29d5.1,sidkey29d5.1
si:dkey-29d5.2,sidkey29d5.2
pspc1,pspc1
dnajb14,dnajb14
sugt1,sugt1
chst10,chst10
snapc3,snapc3
psip1a,psip1a
si:ch1073-440b2.1,sich1073440b2.1
FO907124.1,FO907124.1
ednrba,ednrba
BX901881.1,BX901881.1
GK3P,GK3P
timmdc1,timmdc1
poglut1,poglut1
pwp2h,pwp2h
gpm6ba,gpm6ba
gemin8,gemin8
cbsa,cbsa
cryaa,cryaa
hsf2bp,hsf2bp
ankrd10a,ankrd10a
BX908780.5,BX908780.5
BX908780.1,BX908780.1
si:ch211-198k9.6,sich211198k9.6
cars2,cars2
irs2a,irs2a
lig4,lig4
fam155a,fam155a
BX908780.2,BX908780.2
BX908780.4,BX908780.4
CT573186.2,CT573186.2
CR774189.1,CR774189.1
si:dkey-1h24.2,sidkey1h24.2
si:dkey-1h24.6,sidkey1h24.6
raph1b,raph1b
spp2,spp2
alg11,alg11
cpb2,cpb2
zc3h13,zc3h13
tm9sf2,tm9sf2
zic2b,zic2b
pcca,pcca
march4l,march4l
vps8,vps8
BX255890.2,BX255890.2
C1H3orf70,C1H3orf70
tmem41ab,tmem41ab
CR382370.2,CR382370.2
igf2bp2b,igf2bp2b
ubac2,ubac2
gpr183b,gpr183b
dachc,dachc
MZT1,MZT1
bora,bora
dis3,dis3
BX548015.2,BX548015.2
metap1d,metap1d
dlx2b,dlx2b
itga6b,itga6b
ppp1r9alb,ppp1r9alb
eef1a1l2,eef1a1l2
kcnq5b,kcnq5b
BX284697.2,BX284697.2
rims1b,rims1b
cenpk,cenpk
CT573247.1,CT573247.1
lbx1b,lbx1b
slc2a15b,slc2a15b
fgf8b,fgf8b
dpcd,dpcd
poll,poll
wbp1lb,wbp1lb
as3mt,as3mt
cnnm2b,cnnm2b
nt5c2b,nt5c2b
inab,inab
anos1a,anos1a
BX901898.2,BX901898.2
BX901898.1,BX901898.1
sts,sts
pnpla4,pnpla4
CR925879.1,CR925879.1
pudp,pudp
nlgn4xa,nlgn4xa
BX322647.1,BX322647.1
prkx,prkx
mxra5a,mxra5a
gyg2,gyg2
cd99,cd99
dhrsx,dhrsx
creb1a,creb1a
chmp2bb,chmp2bb
cldng,cldng
znf654,znf654
arl13b,arl13b
nsun3,nsun3
epha6,epha6
arl6,arl6
slc5a7a,slc5a7a
kctd12.2,kctd12.2
si:dkey-24h22.5,sidkey24h22.5
lmo7b,lmo7b
klf12a,klf12a
pibf1,pibf1
pibf1-1,pibf1-1
gpalpp1,gpalpp1
gtf2f2a,gtf2f2a
tpt1,tpt1
CR339054.3,CR339054.3
CR339054.1,CR339054.1
CR339054.2,CR339054.2
CR339054.5,CR339054.5
si:dkey-151m22.8,sidkey151m22.8
zgc:172122,zgc172122
BX897691.1,BX897691.1
sc:d189,scd189
CR786582.1,CR786582.1
CR786582.2,CR786582.2
usp38,usp38
gab1,gab1
frem3,frem3
si:dkey-27h10.2,sidkey27h10.2
hhip,hhip
si:ch211-194g2.4,sich211194g2.4
smad1,smad1
BX276105.1,BX276105.1
mmaa,mmaa
zgc:152968,zgc152968
znf827,znf827
lsm6,lsm6
pou4f2,pou4f2
ednraa,ednraa
tmem184c,tmem184c
prmt9,prmt9
arhgap10,arhgap10
nr3c2,nr3c2
dclk2a,dclk2a
fam193a,fam193a
FP102961.1,FP102961.1
tnip2,tnip2
scpp1,scpp1
sparcl1,sparcl1
si:dkey-6f10.4,sidkey6f10.4
GALNTL6,GALNTL6
galnt7,galnt7
hmgb2a,hmgb2a
hand2,hand2
BX000460.1,BX000460.1
fbxo8,fbxo8
cep44,cep44
hpgd,hpgd
glra3,glra3
gpm6ab,gpm6ab
BX649481.1,BX649481.1
wdr17,wdr17
asb5b,asb5b
spcs3,spcs3
vegfc,vegfc
CU915762.1,CU915762.1
BX957306.1,BX957306.1
tenm3,tenm3
BX324137.1,BX324137.1
dctd,dctd
irf2a,irf2a
tmem134,tmem134
stox2a,stox2a
ing2,ing2
CR847546.1,CR847546.1
sod3b,sod3b
aip,aip
cdk2ap2,cdk2ap2
lgi2b,lgi2b
ccdc149b,ccdc149b
si:dkey-117m1.4,sidkey117m1.4
cntf,cntf
si:ch211-113e8.11,sich211113e8.11
si:ch211-113e8.10,sich211113e8.10
zgc:152658,zgc152658
zgc:194443,zgc194443
si:ch211-113e8.9,sich211113e8.9
AL953865.1,AL953865.1
si:ch211-113e8.6,sich211113e8.6
si:ch211-113e8.5,sich211113e8.5
TESK1-1,TESK1-1
faah2a,faah2a
vwa10.1,vwa10.1
vwa10.2,vwa10.2
maml3,maml3
scoca,scoca
clgn,clgn
naa15b,naa15b
FO834828.1,FO834828.1
FO834828.2,FO834828.2
FO681323.1,FO681323.1
CABZ01072532.1,CABZ01072532.1
CU550714.1,CU550714.1
zgc:153642,zgc153642
htra3a,htra3a
gpr78a,gpr78a
cpz,cpz
AL929576.1,AL929576.1
hmx4,hmx4
hmx1,hmx1
adra2c,adra2c
lrpap1,lrpap1
dok7,dok7
rgs12b,rgs12b
htt,htt
CR974461.1,CR974461.1
si:ch211-89o9.4,sich21189o9.4
paip2b,paip2b
dok1a,dok1a
si:ch211-89o9.6,sich21189o9.6
dtx4b,dtx4b
si:dkey-56e3.2,sidkey56e3.2
si:dkey-56e3.3,sidkey56e3.3
mogs,mogs
fbxo41,fbxo41
rnf24,rnf24
smox,smox
si:dkey-37g12.1,sidkey37g12.1
CR392347.1,CR392347.1
adra1d,adra1d
ctnna2,ctnna2
si:ch211-71k14.1,sich21171k14.1
lrrtm1,lrrtm1
suclg1,suclg1
cisd2,cisd2
SLC9B2,SLC9B2
bdh2,bdh2
tacr3a,tacr3a
cnga1a,cnga1a
enam,enam
scpp5,scpp5
scpp7,scpp7
CR385050.2,CR385050.2
si:dkey-22i16.7,sidkey22i16.7
CR385050.3,CR385050.3
odam,odam
scpp9,scpp9
si:dkey-22i16.9,sidkey22i16.9
CR385050.1,CR385050.1
zgc:66472,zgc66472
si:dkey-22i16.10,sidkey22i16.10
si:ch73-109d9.1,sich73109d9.1
si:ch73-109d9.3,sich73109d9.3
si:ch73-109d9.2,sich73109d9.2
si:ch73-109d9.4,sich73109d9.4
CU915778.1,CU915778.1
vwa11,vwa11
cabp2a,cabp2a
slc43a3a,slc43a3a
ctnnd1,ctnnd1
timm10,timm10
unc93b1,unc93b1
cryba1l2,cryba1l2
crybb1l2,crybb1l2
rtn4rl2a,rtn4rl2a
BX908740.1,BX908740.1
zdhhc5a,zdhhc5a
BX908740.2,BX908740.2
tmx2b,tmx2b
med19b,med19b
slc43a1b,slc43a1b
si:dkey-28b4.8,sidkey28b4.8
si:dkey-28b4.7,sidkey28b4.7
ssrp1b,ssrp1b
p2rx3b,p2rx3b
si:dkey-9i23.4,sidkey9i23.4
si:dkey-9i23.5,sidkey9i23.5
si:dkey-9i23.6,sidkey9i23.6
tmem187,tmem187
si:dkey-9i23.8,sidkey9i23.8
ndufs8a,ndufs8a
STX3,STX3
kdm2aa,kdm2aa
tcirg1a,tcirg1a
wu:fc21g02,wufc21g02
si:dkey-9i23.15,sidkey9i23.15
si:dkey-9i23.14,sidkey9i23.14
tmem176,tmem176
si:dkey-9i23.16,sidkey9i23.16
vps37c,vps37c
CU929294.2,CU929294.2
CU929294.1,CU929294.1
dnaja1,dnaja1
smu1b,smu1b
rps6,rps6
btr01,btr01
si:ch211-151p13.8,sich211151p13.8
muc13a,muc13a
si:ch211-239f4.6,sich211239f4.6
mucms1,mucms1
zgc:111983,zgc111983
ddx39aa,ddx39aa
EVI5L,EVI5L
LO017716.1,LO017716.1
si:ch73-90k17.1,sich7390k17.1
emp1,emp1
zgc:101679,zgc101679
si:ch211-243a20.4,sich211243a20.4
si:ch211-243a20.3,sich211243a20.3
grin2bb,grin2bb
atf7ip,atf7ip
sept3,sept3
BX511120.2,BX511120.2
serhl,serhl
trappc5,trappc5
mcoln1a,mcoln1a
si:ch211-214c7.4,sich211214c7.4
si:ch211-214c7.5,sich211214c7.5
pkn1a,pkn1a
BX511120.1,BX511120.1
map2k7,map2k7
pnpla6,pnpla6
lipt1,lipt1
eif5b,eif5b
arhgef7b,arhgef7b
si:ch211-138g9.2,sich211138g9.2
AL929216.1,AL929216.1
sox1b,sox1b
si:ch211-138g9.3,sich211138g9.3
AL954317.1,AL954317.1
atp11a,atp11a
BX465849.1,BX465849.1
tubgcp3,tubgcp3
mcf2la,mcf2la
si:busm1-105l16.2-1,sibusm1105l16.2-1
cab39l,cab39l
cdadc1,cdadc1
rcbtb1,rcbtb1
arl11,arl11
ebpl,ebpl
kpna3,kpna3
spryd7a,spryd7a
dre-mir-16b,dre-mir-16b
BX294379.1,BX294379.1
CU986305.1,CU986305.1
si:ch73-160h15.3,sich73160h15.3
agpat3,agpat3
pdxkb,pdxkb
BX470235.1,BX470235.1
tmprss3b,tmprss3b
pknox1.2,pknox1.2
si:dkey-22n8.3,sidkey22n8.3
itsn1,itsn1
cryzl1,cryzl1
setd4,setd4
mhc1zea,mhc1zea
mhc1zda,mhc1zda
mhc1zca,mhc1zca
mhc1zba,mhc1zba
cbr1,cbr1
morc3b,morc3b
bcl9,bcl9
gja5b,gja5b
gja8b,gja8b
fstl1a,fstl1a
lrrc58a,lrrc58a
stn1,stn1
sh3pxd2aa,sh3pxd2aa
neurl1aa,neurl1aa
cfap58,cfap58
SORCS3,SORCS3
LO017711.1,LO017711.1
si:ch211-112b1.2,sich211112b1.2
CR788248.1,CR788248.1
cxcl18b,cxcl18b
si:ch73-6k14.2,sich736k14.2
caly,caly
msx1b,msx1b
si:dkeyp-80c12.8,sidkeyp80c12.8
gsk3bb,gsk3bb
taf5,taf5
atp5md,atp5md
pdcd11,pdcd11
zgc:175214,zgc175214
CALHM1,CALHM1
ITPRIP,ITPRIP
zp3c,zp3c
si:ch211-281g13.5,sich211281g13.5
slc47a2.2,slc47a2.2
si:ch211-281g13.4,sich211281g13.4
col17a1a,col17a1a
slkb,slkb
tsga10,tsga10
si:ch211-149l1.2,sich211149l1.2
CU570972.1,CU570972.1
CR391978.1,CR391978.1
lef1,lef1
hadh,hadh
cyp2u1,cyp2u1
sgms2a,sgms2a
gstcd,gstcd
npnta,npnta
BX537118.1,BX537118.1
tbck,tbck
aimp1a,aimp1a
dkk2,dkk2
papss1,papss1
pkd2,pkd2
abcg2d,abcg2d
ppm1k,ppm1k
si:ch73-190m4.1,sich73190m4.1
herc3,herc3
fam13a,fam13a
CABZ01031868.1,CABZ01031868.1
CABZ01031870.1,CABZ01031870.1
zgc:154142,zgc154142
si:dkeyp-123h10.2,sidkeyp123h10.2
BX855617.1,BX855617.1
otx2a,otx2a
mdh1aa,mdh1aa
ugp2a,ugp2a
spast,spast
dpy30,dpy30
psen2,psen2
srd5a2a,srd5a2a
jag1a,jag1a
btbd3a,btbd3a
esf1,esf1
ndufaf5,ndufaf5
kif16ba,kif16ba
mast1a,mast1a
atg4da,atg4da
actr2a,actr2a
spred2a,spred2a
meis1a,meis1a
etaa1,etaa1
ppp3r1b,ppp3r1b
cnrip1a,cnrip1a
FBXO48,FBXO48
zgc:165656,zgc165656
prokr1a,prokr1a
snrpb2,snrpb2
rnaseh2a,rnaseh2a
prdx2,prdx2
junba,junba
BX548032.3,BX548032.3
dand5,dand5
BX548032.1,BX548032.1
nfixa,nfixa
rad23aa,rad23aa
rnf11a,rnf11a
BX901942.1,BX901942.1
get3,get3
best2,best2
rab3da,rab3da
pld6,pld6
cnn1a,cnn1a
si:dkey-121b10.7,sidkey121b10.7
LO017718.1,LO017718.1
si:ch211-217k17.8,sich211217k17.8
si:ch211-217k17.9,sich211217k17.9
zgc:194101,zgc194101
si:ch211-217k17.12,sich211217k17.12
si:ch211-217k17.11,sich211217k17.11
si:ch211-217k17.10,sich211217k17.10
si:ch211-217k17.7,sich211217k17.7
glb1,glb1
cldnd1b,cldnd1b
acy3.2,acy3.2
BX323839.1,BX323839.1
acy3.1,acy3.1
tacr3l,tacr3l
abca1a,abca1a
slc44a1a,slc44a1a
aptx,aptx
osbp,osbp
wu:fc75a09,wufc75a09
patl1,patl1
smarca5,smarca5
inpp4b,inpp4b
il15,il15
znf330,znf330
rnf150a,rnf150a
tbc1d9,tbc1d9
AL935166.1,AL935166.1
ucp1,ucp1
elmod2,elmod2
zgc:66455,zgc66455
b3gnt2a,b3gnt2a
commd1,commd1
si:ch211-213b8.4,sich211213b8.4
USP34,USP34
xpo1a,xpo1a
fam161a,fam161a
cct4,cct4
pus10,pus10
akt3b,akt3b
ifngr1,ifngr1
ltv1,ltv1
capn9,capn9
taf5l,taf5l
nup133,nup133
acta1a,acta1a
ccsapa,ccsapa
RHOU,RHOU
dla,dla
AL929114.1,AL929114.1
triobpa,triobpa
smdt1b,smdt1b
dcaf15,dcaf15
rfx1b,rfx1b
rln3b,rln3b
LO017722.1,LO017722.1
CABZ01067151.1,CABZ01067151.1
CABZ01067151.2,CABZ01067151.2
nthl1,nthl1
CABZ01067150.2,CABZ01067150.2
tsc2,tsc2
pkd1a,pkd1a
CABZ01043826.1,CABZ01043826.1
si:ch211-202h22.10,sich211202h22.10
tekt4,tekt4
si:ch211-202h22.9,sich211202h22.9
si:ch211-202h22.8,sich211202h22.8
si:ch211-202h22.7,sich211202h22.7
gprc5bb,gprc5bb
knop1,knop1
exosc1,exosc1
pgam1b,pgam1b
cdc25d,cdc25d
pi4k2a,pi4k2a
si:ch211-197k17.3,sich211197k17.3
nlrc6,nlrc6
si:ch211-196h16.4,sich211196h16.4
si:ch211-196h16.5,sich211196h16.5
zfyve27,zfyve27
golga7ba,golga7ba
crtac1a,crtac1a
r3hcc1l,r3hcc1l
khsrp,khsrp
slc25a23a,slc25a23a
si:ch211-196h16.12,sich211196h16.12
vps54,vps54
zgc:136864,zgc136864
peli1a,peli1a
lgalsla,lgalsla
aftpha,aftpha
sertad2a,sertad2a
rab1aa,rab1aa
mb,mb
pane1,pane1
zgc:158803,zgc158803
mri1,mri1
CC2D1A,CC2D1A
si:ch211-286b5.2,sich211286b5.2
nanos3,nanos3
si:ch211-286b5.4,sich211286b5.4
si:ch211-286b5.5,sich211286b5.5
si:ch211-286b5.6,sich211286b5.6
zgc:172106,zgc172106
si:ch211-286b5.8,sich211286b5.8
si:ch211-286b5.9,sich211286b5.9
CR788255.1,CR788255.1
si:dkey-9c18.3,sidkey9c18.3
adgre9,adgre9
adgre15,adgre15
umod,umod
adgre6,adgre6
adgre17,adgre17
adgre10,adgre10
dnajb1b,dnajb1b
tecrb,tecrb
ndufb7,ndufb7
zgc:136908,zgc136908
samd1b,samd1b
prkacab,prkacab
asf1bb,asf1bb
si:ch73-343l4.8,sich73343l4.8
si:ch73-343l4.6,sich73343l4.6
si:ch73-343l4.5,sich73343l4.5
si:ch73-343l4.6-1,sich73343l4.6-1
si:ch73-343l4.2,sich73343l4.2
si:ch73-343l4.1,sich73343l4.1
c3a.4,c3a.4
c3a.6,c3a.6
c3a.5,c3a.5
c3a.1,c3a.1
crb3b,crb3b
si:dkey-76b14.2,sidkey76b14.2
zgc:65894,zgc65894
c3a.2,c3a.2
c3a.3,c3a.3
gcgrb,gcgrb
FO905027.1,FO905027.1
slc25a10,slc25a10
CABZ01059392.1,CABZ01059392.1
zgc:171452,zgc171452
CABZ01059403.1,CABZ01059403.1
CABZ01059406.1,CABZ01059406.1
CABZ01059407.1,CABZ01059407.1
CABZ01059408.1,CABZ01059408.1
LO018605.1,LO018605.1
LO018605.2,LO018605.2
LO018605.3,LO018605.3
FO681314.1,FO681314.1
CABZ01049361.1,CABZ01049361.1
CABZ01049362.1,CABZ01049362.1
FO680692.1,FO680692.1
si:ch211-1f22.3,sich2111f22.3
si:dkey-27j5.6,sidkey27j5.6
BX927068.1,BX927068.1
si:ch211-1f22.7,sich2111f22.7
si:ch211-152f2.2,sich211152f2.2
si:ch211-1f22.8,sich2111f22.8
si:ch211-152f2.3,sich211152f2.3
si:ch211-152f2.4,sich211152f2.4
si:ch211-1f22.1,sich2111f22.1
si:ch211-1f22.2,sich2111f22.2
si:ch211-1f22.11,sich2111f22.11
si:ch211-1f22.12,sich2111f22.12
si:ch211-1f22.13,sich2111f22.13
CR626902.1,CR626902.1
si:ch211-1f22.16,sich2111f22.16
si:ch211-1f22.14,sich2111f22.14
rac1l,rac1l
si:dkey-27j5.10,sidkey27j5.10
si:ch73-94k4.5,sich7394k4.5
rac1l-1,rac1l-1
si:dkey-27j5.6-1,sidkey27j5.6-1
si:dkey-27j5.9,sidkey27j5.9
si:dkey-27j5.11,sidkey27j5.11
si:dkey-27j5.10-1,sidkey27j5.10-1
si:dkey-27j5.10-2,sidkey27j5.10-2
si:dkey-27j5.7,sidkey27j5.7
mycbpap,mycbpap
si:dkey-27j5.5,sidkey27j5.5
epn3b,epn3b
b3gntl1,b3gntl1
metrnlb,metrnlb
zgc:171470,zgc171470
tspan34,tspan34
zmp:0000001289,zmp0000001289
si:dkey-1c7.1,sidkey1c7.1
LO018597.2,LO018597.2
si:dkey-1c7.2,sidkey1c7.2
si:dkey-1c7.2-1,sidkey1c7.2-1
si:dkey-1c7.3,sidkey1c7.3
BX469930.1,BX469930.1
si:dkey-156m2.3,sidkey156m2.3
si:ch211-114l13.12,sich211114l13.12
si:ch211-114l13.9,sich211114l13.9
BX469930.2,BX469930.2
nxnl1,nxnl1
trim35-1,trim35-1
caspb,caspb
si:ch211-114l13.4,sich211114l13.4
si:ch211-114l13.13,sich211114l13.13
si:ch211-114l13.1,sich211114l13.1
caspbl,caspbl
si:ch211-15j1.5,sich21115j1.5
si:ch211-15j1.4,sich21115j1.4
si:ch211-15j1.3,sich21115j1.3
BX927298.1,BX927298.1
si:ch211-15j1.7,sich21115j1.7
si:ch211-15j1.1,sich21115j1.1
si:dkey-222h21.11,sidkey222h21.11
si:dkey-222h21.10,sidkey222h21.10
si:dkey-222h21.9,sidkey222h21.9
si:dkey-222h21.8,sidkey222h21.8
si:dkey-222h21.6,sidkey222h21.6
si:dkey-222h21.2,sidkey222h21.2
si:dkey-222h21.10-1,sidkey222h21.10-1
si:dkey-222h21.3,sidkey222h21.3
ggt1l2.1,ggt1l2.1
si:dkey-222h21.2-1,sidkey222h21.2-1
si:dkey-222h21.1,sidkey222h21.1
si:ch73-236c18.2-1,sich73236c18.2-1
si:ch73-59p9.2,sich7359p9.2
si:ch73-236c18.3,sich73236c18.3
zgc:194906-1,zgc1949061
si:ch73-236c18.5,sich73236c18.5
si:ch73-236c18.6,sich73236c18.6
si:ch73-236c18.7,sich73236c18.7
si:ch73-236c18.8,sich73236c18.8
si:ch73-236c18.9,sich73236c18.9
CU550716.1,CU550716.1
slc27a1b-1,slc27a1b-1
adgre5b.3,adgre5b.3
adgre5b.2,adgre5b.2
si:ch73-236c18.8-1,sich73236c18.8-1
si:ch73-221f6.1,sich73221f6.1
si:ch73-236c18.9-1,sich73236c18.9-1
si:ch73-221f6.3,sich73221f6.3
zgc:174890,zgc174890
si:ch73-221f6.4,sich73221f6.4
adgre5b.3-1,adgre5b.3-1
LO017784.1,LO017784.1
CABZ01084617.1,CABZ01084617.1
CABZ01096573.1,CABZ01096573.1
tmed1b,tmed1b
dnm2b,dnm2b
CABZ01084501.2,CABZ01084501.2
MFAP4,MFAP4
MFAP4-1,MFAP4-1
zgc:171687,zgc171687
trip10b,trip10b
CABZ01115881.1,CABZ01115881.1
CABZ01114581.1,CABZ01114581.1
eri2,eri2
thumpd1,thumpd1
CABZ01083166.1,CABZ01083166.1
cdc37,cdc37
EARS2,EARS2
pin1,pin1
CABZ01080042.1,CABZ01080042.1
MFAP4-2,MFAP4-2
MFAP4-3,MFAP4-3
MFAP4-4,MFAP4-4
MFAP4-5,MFAP4-5
MFAP4-6,MFAP4-6
si:zfos-2330d3.7,sizfos2330d3.7
zmp:0000001323,zmp0000001323
FO203432.1,FO203432.1
si:zfos-2330d3.7-1,sizfos2330d3.7-1
si:ch1073-110a20.2,sich1073110a20.2
si:ch1073-110a20.3,sich1073110a20.3
si:ch1073-110a20.1,sich1073110a20.1
gpr108,gpr108
soul5l,soul5l
wu:fk65c09,wufk65c09
lpar2b,lpar2b
akap8l,akap8l
mvb12a,mvb12a
olfm2b,olfm2b
col5a3b,col5a3b
rdh8b,rdh8b
txndc11,txndc11
parn,parn
CABZ01052576.1,CABZ01052576.1
cyp3a65,cyp3a65
CABZ01052573.1,CABZ01052573.1
CABZ01052570.1,CABZ01052570.1
si:ch211-188p14.4,sich211188p14.4
si:ch211-188p14.3,sich211188p14.3
si:ch211-188p14.2,sich211188p14.2
FP236157.4,FP236157.4
FP236157.6,FP236157.6
FP236157.5,FP236157.5
FP236157.8,FP236157.8
FP236157.7,FP236157.7
FP236157.1,FP236157.1
FP236157.3,FP236157.3
sp6,sp6
FP236157.2,FP236157.2
zmp:0000001082,zmp0000001082
wfikkn1,wfikkn1
CABZ01078737.1,CABZ01078737.1
map4k4,map4k4
zgc:158316,zgc158316
il10rb,il10rb
RANBP2,RANBP2
lims2,lims2
FQ377903.3,FQ377903.3
SLC5A7,SLC5A7
FQ377903.1,FQ377903.1
rrp1,rrp1
cldn10b,cldn10b
cldn10l2,cldn10l2
CABZ01067558.1,CABZ01067558.1
PLBD2,PLBD2
CABZ01067557.1,CABZ01067557.1
aaas,aaas
map3k12,map3k12
pcbp2,pcbp2
kif5aa,kif5aa
si:ch211-166e11.5,sich211166e11.5
stac3,stac3
ndufa4l2a,ndufa4l2a
actr5,actr5
bpifcl,bpifcl
zgc:158320,zgc158320
si:dkey-11f4.7,sidkey11f4.7
CR753874.2,CR753874.2
bzw1b,bzw1b
si:dkey-11f4.14,sidkey11f4.14
zgc:91849,zgc91849
si:dkey-11f4.16,sidkey11f4.16
si:dkey-11f4.20,sidkey11f4.20
CU984600.1,CU984600.1
CU984600.3,CU984600.3
CU984600.2,CU984600.2
dip2a,dip2a
cflarb,cflarb
ndufb3,ndufb3
usp37,usp37
ybey,ybey
insig2,insig2
en1a,en1a
marco,marco
c1ql2,c1ql2
si:ch73-250a16.5,sich73250a16.5
steap3,steap3
C9H2orf76,C9H2orf76
dbi,dbi
tmem37,tmem37
sctr,sctr
rap2aa,rap2aa
CABZ01066921.1,CABZ01066921.1
DOCK9,DOCK9
slc15a1a,slc15a1a
stk24a,stk24a
ino80da,ino80da
gpr1,gpr1
FO818722.1,FO818722.1
casp10,casp10
prkra,prkra
FP102120.1,FP102120.1
osbpl6,osbpl6
rbm45,rbm45
si:ch211-222f23.6,sich211222f23.6
pde11a,pde11a
BX004991.1,BX004991.1
agps,agps
CU104777.1,CU104777.1
nfe2l2a,nfe2l2a
hnrnpa3,hnrnpa3
BX322661.3,BX322661.3
BX322661.2,BX322661.2
hoxd3a,hoxd3a
hoxd4a,hoxd4a
BX322661.1,BX322661.1
hoxd9a,hoxd9a
hoxd10a,hoxd10a
hoxd11a,hoxd11a
hoxd12a,hoxd12a
hoxd13a,hoxd13a
evx2,evx2
lnpa,lnpa
lnpa-1,lnpa-1
BX255915.1,BX255915.1
BX255915.2,BX255915.2
atp5mc3a,atp5mc3a
CU639436.1,CU639436.1
atf2,atf2
chn1,chn1
wipf1a,wipf1a
gpr155a,gpr155a
scrn3,scrn3
CIR1,CIR1
sp9,sp9
sp3a,sp3a
BX004769.1,BX004769.1
cdca7a,cdca7a
zak-1,zak-1
si:ch211-173m16.2,sich211173m16.2
BX957292.1,BX957292.1
ppp1r9ala,ppp1r9ala
pdk1,pdk1
ftr52p,ftr52p
dync1i2a,dync1i2a
hat1,hat1
dlx1a,dlx1a
dlx2a,dlx2a
itga6a,itga6a
cybrd1,cybrd1
dcaf17,dcaf17
mettl8,mettl8
tlk1a,tlk1a
gad1a,gad1a
sp5a,sp5a
myo3b,myo3b
ubr3,ubr3
mylka,mylka
kalrna,kalrna
FP015810.1,FP015810.1
FP102171.1,FP102171.1
kcnj3a,kcnj3a
galnt13,galnt13
rprma,rprma
prpf40a,prpf40a
fmnl2a,fmnl2a
nr4a2a,nr4a2a
CABZ01075242.1,CABZ01075242.1
cytip,cytip
ACVR1C,ACVR1C
tnfsf13b,tnfsf13b
abhd13,abhd13
CCKBR,CCKBR
pdzk1,pdzk1
GPR89B,GPR89B
CU683879.1,CU683879.1
st6gal2a,st6gal2a
CU683879.2,CU683879.2
tmtops2b,tmtops2b
uxs1,uxs1
ecrg4a,ecrg4a
nck2a,nck2a
CU693372.1,CU693372.1
fhl2a,fhl2a
C9H2orf49,C9H2orf49
GPR45,GPR45
pou3f3a,pou3f3a
tmem182a,tmem182a
mfsd9,mfsd9
CT030738.1,CT030738.1
slc9a2,slc9a2
inpp4aa,inpp4aa
si:dkey-4e7.3,sidkey4e7.3
coa5,coa5
mgat4a,mgat4a
creg2,creg2
si:ch211-121j5.4,sich211121j5.4
mitd1,mitd1
BX942813.1,BX942813.1
ihha,ihha
slc23a3,slc23a3
bin1a,bin1a
tmem198a,tmem198a
desma,desma
ptprna,ptprna
dre-mir-153c,dre-mir-153c
dnajb2,dnajb2
tuba8l3,tuba8l3
si:ch73-199e17.1,sich73199e17.1
mnx2a,mnx2a
si:ch1073-349o24.2,sich1073349o24.2
myo16,myo16
si:ch211-145c1.1,sich211145c1.1
si:dkey-90l23.2,sidkey90l23.2
si:dkey-90l23.1,sidkey90l23.1
zgc:113984,zgc113984
zgc:171776,zgc171776
zgc:153499,zgc153499
irs2b,irs2b
col4a1,col4a1
FP103004.1,FP103004.1
col4a2,col4a2
rab20,rab20
naxd,naxd
ankrd10b,ankrd10b
ube2al,ube2al
ing1,ing1
BX537313.1,BX537313.1
sik1,sik1
cbsb,cbsb
u2af1,u2af1
si:ch211-214p13.3,sich211214p13.3
AL954142.2,AL954142.2
si:ch211-214p13.8,sich211214p13.8
zgc:113337,zgc113337
AL954142.4,AL954142.4
AL954142.1,AL954142.1
si:ch211-214p13.9,sich211214p13.9
maats1,maats1
nr1i2,nr1i2
gsk3ba,gsk3ba
gpr156,gpr156
lrrc58b,lrrc58b
fstl1b,fstl1b
si:ch1073-394i4.1,sich1073394i4.1
ttf2,ttf2
prmt2,prmt2
ugt1a1,ugt1a1
nxph2a,nxph2a
spopla,spopla
hnmt,hnmt
thsd7ba,thsd7ba
cxcr4b,cxcr4b
dars1,dars1
tmbim1b,tmbim1b
gmppaa,gmppaa
CABZ01053619.1,CABZ01053619.1
si:ch1073-416j23.1,sich1073416j23.1
si:dkey-22p6.2,sidkey22p6.2
asic4a,asic4a
chpfa,chpfa
wnt6b,wnt6b
wnt10a,wnt10a
cdk5r2b,cdk5r2b
fev,fev
cryba2b,cryba2b
umps,umps
si:dkey-69o16.5,sidkey69o16.5
itgav,itgav
zc3h15,zc3h15
AL935144.1,AL935144.1
znf804a,znf804a
nup35,nup35
C1H3orf70-1,C1H3orf70-1
ehhadh,ehhadh
tmem41aa,tmem41aa
igf2bp2a,igf2bp2a
tra2b,tra2b
tspearb,tspearb
sumo3b,sumo3b
pttg1ipb,pttg1ipb
myo10l3,myo10l3
ankzf1,ankzf1
glb1l,glb1l
si:ch211-167j6.3,sich211167j6.3
hce2l2,hce2l2
hce2l1,hce2l1
si:dkey-230p4.1,sidkey230p4.1
bmpr2b,bmpr2b
fam117bb,fam117bb
carf,carf
CR407547.2,CR407547.2
fzd7a,fzd7a
als2a,als2a
mpp4a,mpp4a
tmem237a,tmem237a
abi2a,abi2a
CR936378.1,CR936378.1
RAPH1,RAPH1
cd28,cd28
cd28l,cd28l
si:ch211-67e16.3,sich21167e16.3
si:ch211-67e16.4,sich21167e16.4
fer1l6,fer1l6
prkag3b,prkag3b
ttll4,ttll4
AL929266.1,AL929266.1
si:ch211-67e16.11,sich21167e16.11
abcb6b,abcb6b
BX511082.1,BX511082.1
BX510337.1,BX510337.1
nrp2b,nrp2b
pard3bb,pard3bb
fn1a,fn1a
CR513782.1,CR513782.1
CR513782.3,CR513782.3
CR513782.2,CR513782.2
si:dkey-103d23.3,sidkey103d23.3
znfl1b,znfl1b
si:dkey-14o1.20,sidkey14o1.20
BX469925.1,BX469925.1
BX469925.3,BX469925.3
crfb4,crfb4
BX323875.1,BX323875.1
upp2,upp2
myo1b,myo1b
C9H3orf38,C9H3orf38
epha3,epha3
CT573248.1,CT573248.1
RSPH1,RSPH1
cln5,cln5
fbxl3a,fbxl3a
mycbp2,mycbp2
scel,scel
slain1a,slain1a
ftr53,ftr53
kbtbd7,kbtbd7
zgc:101559,zgc101559
rgcc,rgcc
vwa8,vwa8
dgkh,dgkh
akap11,akap11
tnfsf11,tnfsf11
epsti1,epsti1
BX248332.1,BX248332.1
dnajc15,dnajc15
enox1,enox1
lacc1,lacc1
BX957328.1,BX957328.1
serp2,serp2
tsc22d1,tsc22d1
gtf2f2b,gtf2f2b
kctd4,kctd4
si:dkey-239h2.3,sidkey239h2.3
vgll3,vgll3
CR361551.1,CR361551.1
CR361551.3,CR361551.3
chmp2ba,chmp2ba
crfb2,crfb2
crfb1,crfb1
pou1f1,pou1f1
htr1fa,htr1fa
zgc:152951,zgc152951
slc37a1,slc37a1
pde9a,pde9a
wdr4,wdr4
si:ch211-140m22.7,sich211140m22.7
ndufv3,ndufv3
pknox1.1,pknox1.1
tmprss3a,tmprss3a
fgf9,fgf9
pdxka,pdxka
si:ch211-141e20.2,sich211141e20.2
BX677668.2,BX677668.2
BX677668.1,BX677668.1
CR933734.1,CR933734.1
CR933734.2,CR933734.2
CR933734.3,CR933734.3
BX957345.1,BX957345.1
igsf3,igsf3
CR456628.1,CR456628.1
parp4,parp4
vtcn1,vtcn1
trim45,trim45
man1a2,man1a2
tent5c,tent5c
gdap2,gdap2
wdr3,wdr3
tbx15,tbx15
wars2,wars2
hao2,hao2
si:rp71-68n21.9,sirp7168n21.9
hsd3b1,hsd3b1
BX511129.2,BX511129.2
BX511129.1,BX511129.1
pla1a,pla1a
pla1a-1,pla1a-1
cox17,cox17
hcn5,hcn5
ska3,ska3
sap18,sap18
BX511129.3,BX511129.3
lats2,lats2
xpo4,xpo4
eef1akmt1,eef1akmt1
il17d,il17d
ift88,ift88
cryl1,cryl1
cx30.3,cx30.3
gja3,gja3
zmym2,zmym2
CR392366.1,CR392366.1
mphosph8,mphosph8
aff3,aff3
BX649266.2,BX649266.2
arhgef7a,arhgef7a
BX649266.1,BX649266.1
sox1a,sox1a
rev1,rev1
txndc9,txndc9
mrpl30,mrpl30
zgc:162944,zgc162944
acod1,acod1
kctd12.1,kctd12.1
lmo7a,lmo7a
uchl3,uchl3
si:dkey-57a22.11,sidkey57a22.11
CR536604.1,CR536604.1
si:dkey-57a22.13,sidkey57a22.13
crygm7,crygm7
si:dkey-57a22.15,sidkey57a22.15
zgc:153846,zgc153846
crygm2c,crygm2c
crygmxl1,crygmxl1
crygm2b,crygm2b
crygm2e,crygm2e
crygm2d13,crygm2d13
crygm2d11,crygm2d11
crygm2d15,crygm2d15
crygm2d18,crygm2d18
crygm2d17,crygm2d17
crygm2d8,crygm2d8
crygm2d14,crygm2d14
crygm2d16,crygm2d16
crygm2d6,crygm2d6
crygm2d17-1,crygm2d17-1
crygm2d12,crygm2d12
crygm2d20,crygm2d20
crygm2d5,crygm2d5
crygm2d9,crygm2d9
crygm2d4,crygm2d4
crygm2d7,crygm2d7
crygm2d3,crygm2d3
crygm2d21,crygm2d21
crygm2d10,crygm2d10
crygm2d2,crygm2d2
crygm2d1,crygm2d1
crygm2f,crygm2f
crygm5,crygm5
crygs3,crygs3
crygm3,crygm3
crygs4,crygs4
dgkg,dgkg
BX936323.1,BX936323.1
etv5a,etv5a
si:dkey-189g17.2,sidkey189g17.2
itgb5,itgb5
tnfaip6,tnfaip6
rif1,rif1
neb,neb
arl5a,arl5a
tsn,tsn
si:dkey-91i10.2,sidkey91i10.2
eaf2,eaf2
si:dkey-91i10.3,sidkey91i10.3
rnd3b,rnd3b
mmadhc,mmadhc
lypd6,lypd6
lypd6b,lypd6b
kif5c,kif5c
map3k19,map3k19
ccnt2a,ccnt2a
acmsd,acmsd
tmem163a,tmem163a
arl4cb,arl4cb
CR392363.1,CR392363.1
sh3bp4,sh3bp4
CR392363.2,CR392363.2
cntnap5a,cntnap5a
gypc,gypc
BX957274.1,BX957274.1
ndufa10,ndufa10
faima,faima
parp9,parp9
si:ch211-219a4.3,sich211219a4.3
esyt3,esyt3
dhrs12,dhrs12
wdfy2,wdfy2
ints6,ints6
serpine3,serpine3
FAM124A,FAM124A
asb18,asb18
CR545476.1,CR545476.1
cops8,cops8
trim63b,trim63b
CR545476.2,CR545476.2
col6a3,col6a3
col6a3-1,col6a3-1
mlphb,mlphb
prlh,prlh
rpe,rpe
ackr3a,ackr3a
lrrfip1a,lrrfip1a
tyw5,tyw5
maip1,maip1
pgap1,pgap1
hecw2a,hecw2a
stk17b,stk17b
ENSDARG00000062425,ENSDARG00000062425
zgc:153901,zgc153901
nabp1a,nabp1a
cavin2a,cavin2a
tmeff2a,tmeff2a
CR538727.1,CR538727.1
BX571803.2,BX571803.2
BX571803.3,BX571803.3
CT030712.1,CT030712.1
CU469539.1,CU469539.1
slc39a10,slc39a10
dnah7,dnah7
BX323457.3,BX323457.3
BX323457.1,BX323457.1
rubcnl,rubcnl
lrch1,lrch1
esd,esd
htr2aa,htr2aa
BX530034.1,BX530034.1
med4,med4
itm2bb,itm2bb
epc2,epc2
acvr2aa,acvr2aa
zeb2a,zeb2a
gtdc1,gtdc1
arhgap15,arhgap15
arglu1a,arglu1a
efnb2a,efnb2a
si:dkey-111i23.1,sidkey111i23.1
CR932998.1,CR932998.1
BX539321.2,BX539321.2
FP101883.1,FP101883.1
BX928746.1,BX928746.1
GTPBP8,GTPBP8
slc10a2,slc10a2
tlr20.2,tlr20.2
nepro,nepro
tex30,tex30
poglut2,poglut2
si:dkey-193n17.9,sidkey193n17.9
stxbp5l,stxbp5l
gtf2e1,gtf2e1
lcmt2,lcmt2
crygs2,crygs2
tbccd1,tbccd1
rab5b,rab5b
si:rp71-45g20.11,sirp7145g20.11
si:rp71-45g20.10,sirp7145g20.10
BX511265.5,BX511265.5
BX511265.2,BX511265.2
si:rp71-45g20.4,sirp7145g20.4
dbr1,dbr1
armc8,armc8
kcnh3,kcnh3
idh1,idh1
plekhm3,plekhm3
fzd5,fzd5
ccnyl1,ccnyl1
FQ377896.1,FQ377896.1
creb1b,creb1b
klf7b,klf7b
CR381621.1,CR381621.1
si:ch73-7i4.1,sich737i4.1
si:ch73-7i4.2,sich737i4.2
si:ch73-7i4.3,sich737i4.3
zgc:162396,zgc162396
zgc:162780,zgc162780
CT573148.1,CT573148.1
RAMP1,RAMP1
epb41l5,epb41l5
ptpn4a,ptpn4a
tmem177,tmem177
MRAS,MRAS
FP103048.1,FP103048.1
pth2ra,pth2ra
hs6st3b,hs6st3b
uggt2,uggt2
dnajc3a,dnajc3a
fdx1,fdx1
arhgap20,arhgap20
rnf17,rnf17
cenpj,cenpj
mcf2lb,mcf2lb
phf11,phf11
spryd7b,spryd7b
trim13,trim13
CU855930.2,CU855930.2
rnaseh2b,rnaseh2b
BX649442.2,BX649442.2
BX649442.1,BX649442.1
il1rapl1a,il1rapl1a
cmss1,cmss1
tmem30c,tmem30c
dcbld2,dcbld2
col8a1a,col8a1a
BX322575.1,BX322575.1
jagn1a,jagn1a
tfg,tfg
abi3bpa,abi3bpa
impg2a,impg2a
senp7a,senp7a
senp7a-1,senp7a-1
si:dkey-100n23.3,sidkey100n23.3
BX936337.1,BX936337.1
si:dkey-100n23.5,sidkey100n23.5
mid1ip1a,mid1ip1a
otc,otc
rpgra,rpgra
srpx,srpx
sytl5,sytl5
asb11,asb11
piga,piga
si:dkey-18p12.4,sidkey18p12.4
zgc:113314,zgc113314
gja8a,gja8a
gja5a,gja5a
acp6,acp6
si:dkey-229b18.3,sidkey229b18.3
chaf1b,chaf1b
morc3a,morc3a
commd6,commd6
tbc1d4,tbc1d4
BX571809.1,BX571809.1
BX571809.3,BX571809.3
klf12b,klf12b
klf5b,klf5b
dachd,dachd
clybl,clybl
BX470183.1,BX470183.1
gpr18,gpr18
gpr183a,gpr183a
si:ch211-184m13.4,sich211184m13.4
BX469902.2,BX469902.2
zic5,zic5
zic2a,zic2a
BX571774.1,BX571774.1
tmtc4,tmtc4
si:ch211-168k14.2,sich211168k14.2
nalcn,nalcn
itgbl1,itgbl1
BX571786.1,BX571786.1
znfl1i,znfl1i
fgf14,fgf14
si:dkey-83m22.7,sidkey83m22.7
pikfyve,pikfyve
BX530407.2,BX530407.2
ankrd44,ankrd44
sf3b1,sf3b1
coq10b,coq10b
BX530407.4,BX530407.4
pimr143,pimr143
BX530407.6,BX530407.6
hspd1,hspd1
hspe1,hspe1
mob4,mob4
rftn2,rftn2
BX511187.1,BX511187.1
plcl1,plcl1
satb2,satb2
rabl3,rabl3
dnajb11,dnajb11
gzm3,gzm3
gzm3.2,gzm3.2
gzm3.3,gzm3.3
gzm3.4,gzm3.4
ercc1,ercc1
olig1,olig1
BX571724.1,BX571724.1
olig2,olig2
gatd3a,gatd3a
mxc,mxc
mxe,mxe
hpxa,hpxa
ankrd50l,ankrd50l
CT030044.2,CT030044.2
fam160a2,fam160a2
cnga4,cnga4
nhlh2,nhlh2
vangl1,vangl1
si:ch211-125e6.5,sich211125e6.5
BX511259.1,BX511259.1
zgc:172053,zgc172053
casq2,casq2
si:ch211-125e6.8,sich211125e6.8
slc5a3b,slc5a3b
atp5po,atp5po
dop1b,dop1b
si:ch211-125e6.11,sich211125e6.11
si:ch211-125e6.14,sich211125e6.14
BX545856.2,BX545856.2
BX545856.1,BX545856.1
usp9,usp9
rpl8,rpl8
ddx3xa,ddx3xa
nyx,nyx
caska,caska
gpr34b,gpr34b
si:dkey-216e24.9,sidkey216e24.9
mao,mao
ndp,ndp
efhc2,efhc2
fundc1,fundc1
kdm6a,kdm6a
dipk2b,dipk2b
dre-mir-221,dre-mir-221
dre-mir-222a,dre-mir-222a
AL590134.1,AL590134.1
AL590146.1,AL590146.1
ccdc80,ccdc80
slc35a5,slc35a5
f5,f5
dcaf6,dcaf6
nxpe3,nxpe3
me3,me3
ildr1b,ildr1b
ildr2,ildr2
gpa33b,gpa33b
pou2f1b,pou2f1b
BX294189.1,BX294189.1
cd247l,cd247l
lamp1b,lamp1b
grtp1b,grtp1b
med14,med14
si:ch211-218d20.15,sich211218d20.15
si:ch211-269e2.1,sich211269e2.1
ppp2r3b,ppp2r3b
shox,shox
BX601644.6,BX601644.6
BX601644.2,BX601644.2
BX601644.3,BX601644.3
slc25a6,slc25a6
asmtl,asmtl
p2ry8,p2ry8
upf3a,upf3a
cdc16,cdc16
dcun1d2a,dcun1d2a
tfdp1a,tfdp1a
METTL21C-1,METTL21C-1
si:ch211-160b11.4,sich211160b11.4
jam2b,jam2b
gabpa,gabpa
CR759841.1,CR759841.1
appb,appb
si:dkey-192g7.3,sidkey192g7.3
ncam2,ncam2
zp2l1,zp2l1
si:dkey-67c22.2,sidkey67c22.2
rcan1a,rcan1a
dnajc28,dnajc28
mab21l3,mab21l3
atp1a1b,atp1a1b
BX005438.1,BX005438.1
lrp1bb,lrp1bb
BX664716.2,BX664716.2
ralba,ralba
BX664716.3,BX664716.3
si:dkey-3d4.3,sidkey3d4.3
inhbb,inhbb
gli2a,gli2a
BX548071.1,BX548071.1
slc15a2,slc15a2
hspbap1,hspbap1
slc49a4,slc49a4
sema5ba,sema5ba
BX294387.1,BX294387.1
pdia5,pdia5
BX511075.1,BX511075.1
sec22a,sec22a
adcy5,adcy5
hacd2,hacd2
stam2,stam2
cacnb4a,cacnb4a
si:dkey-219c10.4,sidkey219c10.4
nifk,nifk
BX548038.1,BX548038.1
clasp1a,clasp1a
tfcp2l1,tfcp2l1
ddx18,ddx18
ccdc93,ccdc93
plcd4b,plcd4b
znf142,znf142
bcs1l,bcs1l
cyp27a7,cyp27a7
cyp27a1.2,cyp27a1.2
CYP27A1,CYP27A1
cyp27a1.4,cyp27a1.4
mcm3ap,mcm3ap
lss,lss
lmln,lmln
osbpl11,osbpl11
si:dkey-101k6.5,sidkey101k6.5
snx4,snx4
znf148,znf148
slc12a8,slc12a8
heg1,heg1
kansl1l,kansl1l
CR376853.1,CR376853.1
map2,map2
myl1,myl1
CR812481.1,CR812481.1
cps1,cps1
FP016012.1,FP016012.1
erbb4b,erbb4b
ikzf2,ikzf2
BX255912.1,BX255912.1
BX936447.3,BX936447.3
vwc2l,vwc2l
bard1,bard1
abca12,abca12
CR932999.1,CR932999.1
si:dkey-95p16.2,sidkey95p16.2
si:dkey-95p16.1,sidkey95p16.1
pofut2,pofut2
hibch,hibch
BX323586.1,BX323586.1
BX323586.3,BX323586.3
mstnb,mstnb
BX323586.2,BX323586.2
pms1,pms1
ormdl1,ormdl1
adat3,adat3
osgepl1,osgepl1
ankar,ankar
asdurf,asdurf
zgc:136439,zgc136439
slc40a1,slc40a1
wdr75,wdr75
stat4,stat4
stat1b,stat1b
BX649377.1,BX649377.1
glsb,glsb
nab1b,nab1b
CR735121.1,CR735121.1
nemp2,nemp2
mfsd6b,mfsd6b
BX571827.3,BX571827.3
spegb,spegb
ctdsp1,ctdsp1
obsl1b,obsl1b
BX927363.1,BX927363.1
si:dkeyp-30e7.2,sidkeyp30e7.2
col18a1a,col18a1a
BX247868.1,BX247868.1
pcbp3,pcbp3
lrrc3,lrrc3
si:dkey-10c21.1,sidkey10c21.1
calcrla,calcrla
tfpia,tfpia
gulp1a,gulp1a
col5a2a,col5a2a
BX640465.1,BX640465.1
fkbp7,fkbp7
ttn.1,ttn.1
ttn.2,ttn.2
ccdc141,ccdc141
sestd1,sestd1
znf385b,znf385b
cwc22,cwc22
ube2e3,ube2e3
itga4,itga4
cerkl,cerkl
FP102928.1,FP102928.1
neurod1,neurod1
itprid2,itprid2
ppp1r1c,ppp1r1c
pde1a,pde1a
dusp19a,dusp19a
nckap1,nckap1
frzb,frzb
CR513785.1,CR513785.1
dnajc10,dnajc10
zgc:66484,zgc66484
vil1,vil1
itgb2,itgb2
retsatl,retsatl
CU467837.1,CU467837.1
adarb1b,adarb1b
BX005364.1,BX005364.1
BX005108.2,BX005108.2
BX005108.3,BX005108.3
BX005108.1,BX005108.1
agr1,agr1
traf3ip1,traf3ip1
BX897692.1,BX897692.1
asb1,asb1
twist2,twist2
hdac4,hdac4
lct,lct
cx43.4,cx43.4
CR394556.1,CR394556.1
FQ790211.1,FQ790211.1
slc4a3,slc4a3
si:ch73-193i22.1,sich73193i22.1
igfbp2b,igfbp2b
igfbp5b,igfbp5b
tns1b,tns1b
gpbar1,gpbar1
zgc:92380,zgc92380
arpc2,arpc2
cxcr1,cxcr1
cxcr2,cxcr2
mettl5,mettl5
BX321905.1,BX321905.1
klhl23,klhl23
phgdh,phgdh
ccdc173,ccdc173
fastkd1,fastkd1
klhl41a,klhl41a
bbs5,bbs5
col28a2a,col28a2a
zgc:172182,zgc172182
lrp2a,lrp2a
rdh1,rdh1
BX927361.2,BX927361.2
dhrs9,dhrs9
CR626882.3,CR626882.3
abcb11a,abcb11a
spc25,spc25
nostrin,nostrin
CR626882.2,CR626882.2
cers6,cers6
stk39,stk39
xirp2b,xirp2b
CSRNP3,CSRNP3
GALNT3,GALNT3
ttc21b,ttc21b
AL929294.2,AL929294.2
scn1laa,scn1laa
slc38a11,slc38a11
cobll1b,cobll1b
CU062479.1,CU062479.1
GRB14,GRB14
fign,fign
CABZ01079853.1,CABZ01079853.1
ifih1,ifih1
AL954669.1,AL954669.1
fap,fap
gcgb,gcgb
slc4a10b,slc4a10b
tbr1b,tbr1b
tank,tank
rbms1b,rbms1b
cd302,cd302
CABZ01079550.1,CABZ01079550.1
tanc1b,tanc1b
dap1b,dap1b
dap1b-1,dap1b-1
nme8,nme8
smarcal1,smarcal1
march4,march4
xrcc5,xrcc5
tmem169b,tmem169b
si:ch211-241j8.2,sich211241j8.2
pfkla,pfkla
MAP3K13,MAP3K13
CR753902.1,CR753902.1
trpm2-1,trpm2-1
CU855885.1,CU855885.1
CABZ01054965.1,CABZ01054965.1
zmp:0000000936,zmp0000000936
sox21b,sox21b
dct,dct
gpc6b,gpc6b
dre-mir-92a-2,dre-mir-92a-2
CABZ01078244.2,CABZ01078244.2
CU539062.1,CU539062.1
slitrk5b,slitrk5b
CABZ01084081.1,CABZ01084081.1
pcdh8,pcdh8
cnmd,cnmd
ednrbb,ednrbb
cog3,cog3
mid1,mid1
tlr7,tlr7
tlr7-1,tlr7-1
CU914164.1,CU914164.1
tmsb4x,tmsb4x
lars1a,lars1a
rbm27,rbm27
CT998556.1,CT998556.1
pou4f3,pou4f3
il13,il13
rad50,rad50
drd1b,drd1b
egfl6,egfl6
rab9a,rab9a
trappc2,trappc2
ofd1,ofd1
gpm6bb,gpm6bb
glra2,glra2
fancb,fancb
mospd2,mospd2
gpr143,gpr143
tbl1x,tbl1x
ANOS1,ANOS1
nlgn4xb,nlgn4xb
mxra5b,mxra5b
arsh,arsh
FP236644.1,FP236644.1
asmt,asmt
akap17a,akap17a
sowahca,sowahca
sept10,sept10
SH3RF3,SH3RF3
edar,edar
TBC1D8,TBC1D8
rpl31,rpl31
cnot11,cnot11
lcp1,lcp1
rab3gap1,rab3gap1
actr3,actr3
gpr39,gpr39
CABZ01079480.1,CABZ01079480.1
ubxn4,ubxn4
CABZ01090785.1,CABZ01090785.1
cdkal1,cdkal1
sox4b,sox4b
si:ch211-201o1.1,sich211201o1.1
nrsn1,nrsn1
slc6a3,slc6a3
LO017917.1,LO017917.1
irx4a,irx4a
LO017841.1,LO017841.1
irx2a,irx2a
irx1a,irx1a
adamts16,adamts16
rprd2b,rprd2b
LO017852.3,LO017852.3
LO017852.1,LO017852.1
LO018340.1,LO018340.1
celf3b,celf3b
cers2b,cers2b
sim1a,sim1a
ascc3,ascc3
GRIK2,GRIK2
hace1,hace1
hpxb,hpxb
CU928063.1,CU928063.1
cnih4,cnih4
wdr26a,wdr26a
adcy3a,adcy3a
preb,preb
lyplal1,lyplal1
tgfb2,tgfb2
acot22,acot22
FEZ2,FEZ2
clec3ba,clec3ba
cdcp1a,cdcp1a
lars2,lars2
CABZ01043952.1,CABZ01043952.1
cyb5r4,cyb5r4
csf3r,csf3r
wdr21,wdr21
GRIK3,GRIK3
BX936406.1,BX936406.1
zc3h12a,zc3h12a
si:ch211-175f12.2,sich211175f12.2
CR391998.1,CR391998.1
inpp5b,inpp5b
mtf1,mtf1
yrdc,yrdc
rrp15,rrp15
CU469524.1,CU469524.1
CU469524.2,CU469524.2
vegfaa,vegfaa
ttc29,ttc29
ppp1r8b,ppp1r8b
BX927222.1,BX927222.1
tfpt,tfpt
mrpl51,mrpl51
arnt,arnt
cyp4t8,cyp4t8
LIN28A,LIN28A
FP015809.1,FP015809.1
mecr,mecr
smpdl3b,smpdl3b
themis2,themis2
rpa2,rpa2
ube3d,ube3d
tpbgb,tpbgb
ibtk,ibtk
TENT5A,TENT5A
bckdhb,bckdhb
ttk,ttk
dctn3,dctn3
elovl4a,elovl4a
si:ch211-151o1.4,sich211151o1.4
plecb,plecb
CR848788.2,CR848788.2
macf1b,macf1b
zgc:91890,zgc91890
CR848788.1,CR848788.1
CYTH2,CYTH2
si:dkey-283b15.2,sidkey283b15.2
zgc:158689,zgc158689
ndufa3,ndufa3
ccka,ccka
trak1a,trak1a
ulk4,ulk4
ctnnb1,ctnnb1
cmtm8b,cmtm8b
scgn,scgn
ndufb9,ndufb9
mboat1,mboat1
BX001026.1,BX001026.1
BX470242.1,BX470242.1
sall3a,sall3a
BX470242.2,BX470242.2
znf407,znf407
znf236,znf236
mbpb,mbpb
AL845419.1,AL845419.1
arhgef2,arhgef2
pmvk,pmvk
eaf1,eaf1
bbs9,bbs9
bmper,bmper
si:ch73-341k19.1,sich73341k19.1
nt5c3a,nt5c3a
CU466278.1,CU466278.1
CU466278.2,CU466278.2
sri,sri
foxo6a,foxo6a
med18,med18
atg5,atg5
prdm1a,prdm1a
CT574585.1,CT574585.1
stx12l,stx12l
popdc3,popdc3
bves,bves
pimr209,pimr209
BX511173.1,BX511173.1
ccr11.1,ccr11.1
cnot10,cnot10
trim71,trim71
tcaim,tcaim
CABZ01061349.1,CABZ01061349.1
CU856516.1,CU856516.1
ano10a,ano10a
snrka,snrka
pomgnt2,pomgnt2
gask1a,gask1a
entpd3,entpd3
ddc,ddc
grb10b,grb10b
CU062417.1,CU062417.1
cobl,cobl
ccr2,ccr2
ccr2-1,ccr2-1
si:cabz01093077.1,sicabz01093077.1
cabz01093075.1,cabz01093075.1
triob,triob
dnah5,dnah5
adcy2a,adcy2a
ice1,ice1
ccr8.1,ccr8.1
prpf3,prpf3
pimr208,pimr208
BX324207.1,BX324207.1
ca14,ca14
FO704756.1,FO704756.1
taf2,taf2
enpp2,enpp2
mal2,mal2
COLEC10,COLEC10
ecm1b,ecm1b
pip5k1ab,pip5k1ab
psmd4b,psmd4b
zgc:92912,zgc92912
tapbpl,tapbpl
grhl2a,grhl2a
ncalda,ncalda
id4,id4
cep76,cep76
ptpn2a,ptpn2a
cep192,cep192
mrs2,mrs2
flot1b,flot1b
tubb5,tubb5
mdc1,mdc1
si:dkeyp-77h1.4,sidkeyp77h1.4
si:ch73-54f23.4,sich7354f23.4
ino80e,ino80e
ino80e-1,ino80e-1
vars1,vars1
abhd16a,abhd16a
g6fl,g6fl
si:ch73-22o12.1,sich7322o12.1
zgc:165409,zgc165409
atp1a3b,atp1a3b
rabac1,rabac1
dedd1,dedd1
pou2f2a,pou2f2a
erfl3,erfl3
cicb,cicb
znf526,znf526
gsk3ab,gsk3ab
znf574,znf574
BX005242.1,BX005242.1
grik5,grik5
zgc:198329,zgc198329
si:dkey-11o1.2,sidkey11o1.2
si:dkey-11o1.6,sidkey11o1.6
si:dkey-11o1.7,sidkey11o1.7
si:dkey-11o1.3,sidkey11o1.3
cxcr3.1,cxcr3.1
si:dkey-250k15.9,sidkey250k15.9
si:dkey-250k15.10,sidkey250k15.10
si:dkey-250k15.7,sidkey250k15.7
ceacam1,ceacam1
zgc:158701,zgc158701
pafah1b3-1,pafah1b3-1
si:dkey-250k15.4,sidkey250k15.4
tlr21,tlr21
cnfn,cnfn
cxcr3.2,cxcr3.2
cxcr3.3,cxcr3.3
cxcr3.1-1,cxcr3.1-1
cd4-1,cd4-1
si:ch73-296e2.3,sich73296e2.3
cd4-2.2,cd4-2.2
usp5,usp5
p3h3,p3h3
gnb3a,gnb3a
si:ch211-69g19.2,sich21169g19.2
pex5,pex5
clstn3,clstn3
lpcat3,lpcat3
tpi1b,tpi1b
CR388102.3,CR388102.3
leng8,leng8
zgc:92606,zgc92606
si:dkey-26c10.5,sidkey26c10.5
trpv6,trpv6
ephb6,ephb6
slc2a3b,slc2a3b
cox6b2,cox6b2
rasip1,rasip1
CU694256.1,CU694256.1
il11a,il11a
nat14,nat14
aicda,aicda
mfap5,mfap5
sbk3,sbk3
epn1,epn1
foxj2,foxj2
isoc2,isoc2
u2af2a,u2af2a
cacng6b,cacng6b
cacng8b,cacng8b
cacng7b,cacng7b
prkcg,prkcg
grin2db,grin2db
pitpnc1b,pitpnc1b
si:dkeyp-69b9.3,sidkeyp69b9.3
BX323458.2,BX323458.2
BX323458.1,BX323458.1
ntd5,ntd5
dbpb,dbpb
si:dkeyp-69b9.6,sidkeyp69b9.6
shisa7a,shisa7a
CR848741.1,CR848741.1
ube2s,ube2s
josd2,josd2
ttyh1,ttyh1
leng9,leng9
flcn,flcn
zgc:174888,zgc174888
CU459065.1,CU459065.1
grwd1,grwd1
cdc42ep5,cdc42ep5
atg12,atg12
si:ch211-149k23.9,sich211149k23.9
rcvrn2,rcvrn2
si:dkey-85k15.4,sidkey85k15.4
zgc:162509,zgc162509
si:dkey-85k15.6,sidkey85k15.6
zgc:162509-1,zgc1625091
fdps,fdps
rusc1,rusc1
trim109,trim109
si:dkey-85k15.11,sidkey85k15.11
BX322530.1,BX322530.1
dap3,dap3
gba,gba
rnf115,rnf115
polr3c,polr3c
itga10,itga10
crabp2a,crabp2a
CU638870.1,CU638870.1
BX324006.2,BX324006.2
BX324006.3,BX324006.3
BX324006.1,BX324006.1
BX005402.1,BX005402.1
si:dkey-237j11.3,sidkey237j11.3
dscc1,dscc1
deptor,deptor
col14a1a,col14a1a
mrpl13,mrpl13
mtbp,mtbp
sntb1,sntb1
has2,has2
CT573793.2,CT573793.2
CT573793.1,CT573793.1
CT573793.3,CT573793.3
CT573799.2,CT573799.2
UBE2O,UBE2O
ankib1b,ankib1b
BX248082.2,BX248082.2
fabp11b,fabp11b
stmn2a,stmn2a
upp1,upp1
gra,gra
rbm12b,rbm12b
setd2,setd2
nradd,nradd
nbeal2,nbeal2
CR848667.2,CR848667.2
ccdc12,ccdc12
si:ch211-257p13.3,sich211257p13.3
CR848667.1,CR848667.1
cyp21a2,cyp21a2
tnxba,tnxba
c4b,c4b
uts2r3,uts2r3
kcnj14,kcnj14
myh14,myh14
si:ch211-120k19.1,sich211120k19.1
rpl18,rpl18
plekhg6,plekhg6
tnfrsf1a,tnfrsf1a
cd27,cd27
si:dkey-260g12.1,sidkey260g12.1
iffo1b,iffo1b
opn9,opn9
gapdh,gapdh
wu:fj39g12,wufj39g12
nop2,nop2
CR936322.1,CR936322.1
CR936322.2,CR936322.2
gtf3c6,gtf3c6
emg1,emg1
kel,kel
zyx,zyx
fam131bb,fam131bb
clcn1b,clcn1b
casp2,casp2
m6pr,m6pr
ccdc106a,ccdc106a
si:dkey-17m8.1,sidkey17m8.1
CR361564.1,CR361564.1
zgc:174935,zgc174935
si:dkey-87o1.2,sidkey87o1.2
them4,them4
rorc,rorc
si:dkey-17m8.2,sidkey17m8.2
CR749162.1,CR749162.1
CR524827.1,CR524827.1
rxrbb,rxrbb
FP067425.1,FP067425.1
fhod3b,fhod3b
slc6a19b,slc6a19b
si:ch211-254p10.2,sich211254p10.2
pimr98,pimr98
rapgef5b,rapgef5b
CR936240.2,CR936240.2
dnah11,dnah11
dnah11-1,dnah11-1
sp8b,sp8b
abcb5,abcb5
BX005389.2,BX005389.2
BX005389.5,BX005389.5
BX005389.3,BX005389.3
macc1,macc1
tmem196b,tmem196b
BX005389.4,BX005389.4
twist1b,twist1b
CU855688.1,CU855688.1
CU855688.2,CU855688.2
CU855948.1,CU855948.1
hdac9b,hdac9b
ahr1a,ahr1a
BX511151.1,BX511151.1
ankrd28b,ankrd28b
c16h2orf66,c16h2orf66
hacl1,hacl1
colq,colq
plekha8,plekha8
fkbp14,fkbp14
si:dkeyp-86h10.3,sidkeyp86h10.3
chn2,chn2
cpvl,cpvl
creb5b,creb5b
jazf1b,jazf1b
tax1bp1b,tax1bp1b
hibadhb,hibadhb
hoxa13b,hoxa13b
hoxa11b,hoxa11b
hoxa10b,hoxa10b
hoxa9b,hoxa9b
hoxa2b,hoxa2b
CR392024.1,CR392024.1
skap2,skap2
snx10b,snx10b
cbx3b,cbx3b
si:dkey-271j15.3,sidkey271j15.3
pde11al,pde11al
osbpl3b,osbpl3b
gsdmeb,gsdmeb
mpp6a,mpp6a
BX469919.1,BX469919.1
stk31,stk31
ddr1,ddr1
gnl1,gnl1
si:ch211-154o6.2,sich211154o6.2
si:ch211-154o6.3,sich211154o6.3
FP085428.1,FP085428.1
cops7a,cops7a
si:ch73-86n18.1,sich7386n18.1
trim108,trim108
FP015862.4,FP015862.4
FP015862.3,FP015862.3
FP015862.2,FP015862.2
dicp3.3,dicp3.3
si:ch73-322b17.4,sich73322b17.4
si:ch73-34h11.1,sich7334h11.1
zmp:0000000608,zmp0000000608
dicp3.1,dicp3.1
setdb1b,setdb1b
znf687a,znf687a
si:dkey-71b5.7,sidkey71b5.7
CR855277.2,CR855277.2
si:dkey-71b5.3,sidkey71b5.3
CR855277.3,CR855277.3
CR855277.4,CR855277.4
CR855277.1,CR855277.1
il6r,il6r
LO017682.1,LO017682.1
atp8b2,atp8b2
aqp10a,aqp10a
si:dkey-92i15.4,sidkey92i15.4
C16H1orf43,C16H1orf43
tuft1a,tuft1a
si:dkey-238m4.4,sidkey238m4.4
cgna,cgna
si:dkey-238m4.3,sidkey238m4.3
she,she
chrnb2,chrnb2
s100t,s100t
si:ch211-105c13.3,sich211105c13.3
tlr19,tlr19
tlr19-1,tlr19-1
pbxip1b,pbxip1b
lenep,lenep
shc1,shc1
flad1,flad1
si:dkey-246i14.3,sidkey246i14.3
FP245462.1,FP245462.1
efna3b,efna3b
efna1b,efna1b
slc50a1,slc50a1
krtcap2,krtcap2
CT030031.1,CT030031.1
si:dkey-247k7.2,sidkey247k7.2
trim46a,trim46a
s100a10b,s100a10b
s100w,s100w
icn,icn
CR533578.3,CR533578.3
icn2,icn2
snx27b,snx27b
adar,adar
CR533578.2,CR533578.2
kcnn3,kcnn3
CR533578.1,CR533578.1
rps27.2,rps27.2
rab13,rab13
si:dkey-7f3.9,sidkey7f3.9
nbn,nbn
osgin2,osgin2
gtpbp10,gtpbp10
apoa4b.1,apoa4b.1
apoa4b.2,apoa4b.2
si:dkey-7f3.14,sidkey7f3.14
apoa4b.2-1,apoa4b.2-1
apoeb,apoeb
apoc1,apoc1
apoc4,apoc4
apoa2,apoa2
apoc2,apoc2
bcam,bcam
rps19,rps19
cadm4,cadm4
CR854851.1,CR854851.1
CT867948.1,CT867948.1
si:ch211-79k12.1,sich21179k12.1
si:ch211-79k12.2,sich21179k12.2
si:dkey-56f14.4,sidkey56f14.4
fxyd6l,fxyd6l
si:dkey-56f14.7,sidkey56f14.7
pon1,pon1
pon3.2,pon3.2
pon3.2-1,pon3.2-1
pon2,pon2
ywhabl,ywhabl
negaly6,negaly6
BX005256.1,BX005256.1
smg9,smg9
si:dkey-79d12.4,sidkey79d12.4
kcnn4,kcnn4
si:dkey-79d12.5,sidkey79d12.5
si:dkey-79d12.6,sidkey79d12.6
dre-let-7d-1,dre-let-7d-1
BX539313.1,BX539313.1
dre-mir-125a-1,dre-mir-125a-1
BX539313.2,BX539313.2
has1,has1
fpr1,fpr1
si:dkeyp-84f3.5,sidkeyp84f3.5
BX539313.3,BX539313.3
znf1035,znf1035
im:7147486,im7147486
si:dkeyp-84f3.9,sidkeyp84f3.9
prss1,prss1
si:ch211-261d7.3,sich211261d7.3
zgc:66448,zgc66448
si:ch211-261d7.6,sich211261d7.6
zgc:92590,zgc92590
CU062628.1,CU062628.1
znf576.1,znf576.1
znf576.2,znf576.2
wu:fe05a04,wufe05a04
hcst,hcst
tyrobp,tyrobp
LRATD2,LRATD2
klhl38b,klhl38b
fbxo32,fbxo32
prelid3a,prelid3a
si:dkey-29h14.10,sidkey29h14.10
tbc1d31,tbc1d31
dync1i1,dync1i1
BX571853.1,BX571853.1
dre-mir-30d,dre-mir-30d
zfat,zfat
rbfa,rbfa
adnp2a,adnp2a
pard6ga,pard6ga
zgc:136493,zgc136493
jarid2a,jarid2a
dtnbp1a,dtnbp1a
mylipb,mylipb
atxn1b,atxn1b
fam8a1b,fam8a1b
zgc:110410,zgc110410
zhx2a,zhx2a
derl1,derl1
nsmce2,nsmce2
tomm40,tomm40
ddx61,ddx61
bcl3,bcl3
cblc,cblc
irgq1,irgq1
irge4,irge4
CR391937.1,CR391937.1
irge1,irge1
si:ch73-103b2.1,sich73103b2.1
prss59.1,prss59.1
prss59.2,prss59.2
mrpl17,mrpl17
tmem145,tmem145
lipeb,lipeb
cd79a,cd79a
arhgef1b,arhgef1b
erfl1,erfl1
BX571757.1,BX571757.1
megf8,megf8
trim35-28,trim35-28
epb41b,epb41b
CR391910.1,CR391910.1
CR391910.2,CR391910.2
l3mbtl1b,l3mbtl1b
sgk2b,sgk2b
ptpn3,ptpn3
CR391910.3,CR391910.3
epb41l4b,epb41l4b
BX537166.2,BX537166.2
BX537166.1,BX537166.1
esrp1,esrp1
virma,virma
rnf41l,rnf41l
rad54b,rad54b
fsbp,fsbp
BX511010.1,BX511010.1
gem,gem
cdh17,cdh17
pdp1,pdp1
zmp:0000001316,zmp0000001316
trim35-29,trim35-29
ino80c,ino80c
galnt1,galnt1
tmem245,tmem245
LO017771.1,LO017771.1
frrs1l,frrs1l
alg2,alg2
sec61b,sec61b
nr4a3,nr4a3
CR524821.1,CR524821.1
stx17,stx17
erp44,erp44
invs,invs
tex10,tex10
si:ch211-197h24.6,sich211197h24.6
zgc:153215,zgc153215
tmem67,tmem67
si:ch211-197h24.8,sich211197h24.8
BX649484.1,BX649484.1
si:ch211-197h24.9,sich211197h24.9
glipr2l,glipr2l
nacad,nacad
tbrg4,tbrg4
steap4,steap4
znf804b,znf804b
CR626941.1,CR626941.1
si:dkey-12j5.1,sidkey12j5.1
mindy3,mindy3
itga8,itga8
CR936250.1,CR936250.1
fam171a1,fam171a1
nmt2,nmt2
rpp38,rpp38
acbd7,acbd7
crot,crot
abcb4,abcb4
adam15,adam15
dcst1,dcst1
dcst2,dcst2
si:dkey-24i24.3,sidkey24i24.3
s100v1,s100v1
trim33l,trim33l
zgc:171704,zgc171704
plin6,plin6
syt11b,syt11b
si:dkey-222b8.1,sidkey222b8.1
chtopb,chtopb
si:dkey-239n17.6,sidkey239n17.6
npr1b,npr1b
gon4l,gon4l
gpatch4,gpatch4
CR848841.1,CR848841.1
nes,nes
mef2d,mef2d
CR938717.1,CR938717.1
CR848047.1,CR848047.1
rhbg,rhbg
hapln2,hapln2
bcan,bcan
isg20l2,isg20l2
rrnad1,rrnad1
s100a1,s100a1
tlr18,tlr18
si:ch211-113g11.6,sich211113g11.6
lingo4b,lingo4b
ctsk,ctsk
ctss2.1,ctss2.1
ctss2.2,ctss2.2
onecutl,onecutl
hormad1,hormad1
ensab,ensab
mcl1b,mcl1b
vps72b,vps72b
tmod4,tmod4
scnm1,scnm1
lysmd1,lysmd1
tnfaip8l2b,tnfaip8l2b
AL928927.1,AL928927.1
sema6e,sema6e
CR847566.1,CR847566.1
FP103008.1,FP103008.1
LO017848.1,LO017848.1
tmem79b,tmem79b
cct3,cct3
pdia7,pdia7
pear1,pear1
CR848742.1,CR848742.1
lmna,lmna
mc2r,mc2r
mc5rb,mc5rb
fam210ab,fam210ab
ldlrad4b,ldlrad4b
ptk2ab,ptk2ab
dennd3b,dennd3b
slc45a4b,slc45a4b
gstk2,gstk2
gpr20,gpr20
dgat1b,dgat1b
scrt1b,scrt1b
mroh1,mroh1
scxb,scxb
zgc:194210,zgc194210
csnk2a1,csnk2a1
ptp4a3b,ptp4a3b
CR855311.2,CR855311.2
ndrg1b,ndrg1b
ccn4b,ccn4b
tg,tg
SLA,SLA
phf20l1,phf20l1
CR855311.1,CR855311.1
CR855311.6,CR855311.6
CR855311.4,CR855311.4
wu:fd46c06,wufd46c06
c1r,c1r
c1s,c1s
rbp5,rbp5
ptpn6,ptpn6
chd4b,chd4b
wnt4b,wnt4b
cdc42l,cdc42l
mlf2,mlf2
atn1,atn1
BX511250.1,BX511250.1
rbfox1l,rbfox1l
rps9,rps9
si:ch1073-90m23.1,sich107390m23.1
phc1,phc1
CR854927.3,CR854927.3
styk1b,styk1b
gstk4,gstk4
gstk4-1,gstk4-1
gstk1,gstk1
mboat7,mboat7
tmc4,tmc4
leng1,leng1
si:dkey-40m6.8,sidkey40m6.8
prpf31,prpf31
cnot3a,cnot3a
sphk2,sphk2
CR854927.2,CR854927.2
gprc6a,gprc6a
kpna5,kpna5
zufsp,zufsp
rwdd1,rwdd1
calhm5.2,calhm5.2
calhm5.1,calhm5.1
calhm6,calhm6
klhl32,klhl32
mms22l,mms22l
CR854989.1,CR854989.1
CR533571.1,CR533571.1
pou3f2b,pou3f2b
fbxl4,fbxl4
faxcb,faxcb
coq3,coq3
pnisr,pnisr
usp45,usp45
si:dkey-165n16.1,sidkey165n16.1
zgc:172323,zgc172323
prdm13,prdm13
MCHR2,MCHR2
me1,me1
prss35,prss35
snap91a,snap91a
dop1a,dop1a
pnrc2,pnrc2
cnr2,cnr2
akirin1,akirin1
rhbdl2,rhbdl2
rragca,rragca
AL954832.2,AL954832.2
BX511161.1,BX511161.1
pou3f1,pou3f1
utp11,utp11
fhl3a,fhl3a
BX530064.1,BX530064.1
BX530064.2,BX530064.2
rspo1,rspo1
gnl2,gnl2
dnali1,dnali1
snip1,snip1
gpn2,gpn2
arid1aa,arid1aa
pigv,pigv
zdhhc18a,zdhhc18a
tent5ba,tent5ba
tcea3,tcea3
oprd1b,oprd1b
rcc1,rcc1
phactr4b,phactr4b
AL954327.1,AL954327.1
hivep3b,hivep3b
CR626886.2,CR626886.2
serinc2l,serinc2l
si:ch211-255i3.4,sich211255i3.4
paqr7b,paqr7b
stmn1b,stmn1b
CR626886.1,CR626886.1
FP340271.1,FP340271.1
ptprub,ptprub
CR385021.1,CR385021.1
si:dkey-34d22.1,sidkey34d22.1
si:dkey-34d22.2,sidkey34d22.2
si:dkey-34d22.3,sidkey34d22.3
si:dkey-34d22.5,sidkey34d22.5
rab42b,rab42b
taf12,taf12
ctps1b,ctps1b
cited4b,cited4b
scmh1,scmh1
si:ch211-1i11.3,sich2111i11.3
map7d1a,map7d1a
AL773558.1,AL773558.1
thrap3a,thrap3a
sh3d21,sh3d21
eva1ba,eva1ba
stk40,stk40
OSCP1,OSCP1
mrps15,mrps15
CU499336.2,CU499336.2
sh3bp5b,sh3bp5b
capn7,capn7
CT027772.1,CT027772.1
CT027772.2,CT027772.2
col6a4a,col6a4a
pik3r4,pik3r4
decr1,decr1
calb1,calb1
si:ch73-215d9.1,sich73215d9.1
pnp4b,pnp4b
tdp2a,tdp2a
aldh5a1,aldh5a1
snrnp48,snrnp48
si:ch211-208k15.1,sich211208k15.1
adgrb1a,adgrb1a
si:ch211-198c19.1,sich211198c19.1
cep162,cep162
mrap2a,mrap2a
si:ch211-198c19.3,sich211198c19.3
plekho1b,plekho1b
si:dkey-23o4.6,sidkey23o4.6
pogzb,pogzb
selenbp1,selenbp1
pi4kb,pi4kb
myo1eb,myo1eb
prune,prune
bnipl,bnipl
cdc42se1,cdc42se1
gabpb2b,gabpb2b
elp6,elp6
zgc:113232,zgc113232
cd83,cd83
rspo2,rspo2
eif3ea,eif3ea
CU855886.1,CU855886.1
emc2,emc2
trhra,trhra
BX571839.1,BX571839.1
eny2,eny2
BX296552.1,BX296552.1
BX296552.2,BX296552.2
gdf6a,gdf6a
sybu,sybu
si:dkey-99n20.6,sidkey99n20.6
ebag9,ebag9
zdhhc3a,zdhhc3a
tmem42a,tmem42a
zgc:77056,zgc77056
gpd1l,gpd1l
osbpl10b,osbpl10b
stt3b,stt3b
tgfbr2b,tgfbr2b
rbms3,rbms3
CR626944.2,CR626944.2
CR626944.1,CR626944.1
hint3,hint3
si:dkey-29b11.3,sidkey29b11.3
trmt11,trmt11
CT025588.3,CT025588.3
cenpw,cenpw
BX470182.1,BX470182.1
rspo3,rspo3
BX072576.3,BX072576.3
mettl6,mettl6
BX072576.2,BX072576.2
si:dkey-242e21.3,sidkey242e21.3
plekhf2,plekhf2
BX072576.1,BX072576.1
ndufaf6,ndufaf6
nagpa,nagpa
BX324007.2,BX324007.2
tp53inp1,tp53inp1
ccne2,ccne2
si:dkey-22o22.2,sidkey22o22.2
gbp,gbp
KCNV1,KCNV1
dek,dek
si:dkey-201i6.8,sidkey201i6.8
BX511123.2,BX511123.2
scap,scap
ptpn23a,ptpn23a
si:ch211-53m15.2,sich21153m15.2
sc:d156,scd156
nek11,nek11
cpne4a,cpne4a
BX005012.4,BX005012.4
cmtm6,cmtm6
cmtm7,cmtm7
siglec15l,siglec15l
si:dkey-11p23.7,sidkey11p23.7
BX005012.1,BX005012.1
rpp25l,rpp25l
BX005012.3,BX005012.3
aste1a,aste1a
atp2c1,atp2c1
ubxn11,ubxn11
cep85,cep85
CR376740.1,CR376740.1
mtdhb,mtdhb
CR376740.2,CR376740.2
si:dkey-199f5.8,sidkey199f5.8
psmc4,psmc4
si:dkey-199f5.7,sidkey199f5.7
si:dkey-199f5.6,sidkey199f5.6
si:dkey-199f5.4,sidkey199f5.4
si:dkey-199f5.3,sidkey199f5.3
zgc:194418,zgc194418
scn1ba,scn1ba
gramd1a,gramd1a
BX649388.3,BX649388.3
BX649388.1,BX649388.1
si:ch211-225p5.8,sich211225p5.8
pycard,pycard
caspa,caspa
etv2,etv2
fli1b,fli1b
zp3d.2,zp3d.2
zp3d.1,zp3d.1
BX649388.2,BX649388.2
dyrk1b,dyrk1b
alkbh8,alkbh8
fbl,fbl
zgc:162160,zgc162160
ppox,ppox
cspg5a,cspg5a
smarcc1a,smarcc1a
si:ch211-215k15.4,sich211215k15.4
pkdc,pkdc
herpud2,herpud2
tbx20,tbx20
dpy19l1l,dpy19l1l
slc4a7,slc4a7
si:ch211-135n15.2,sich211135n15.2
polr3glb,polr3glb
txnipb,txnipb
CR854827.2,CR854827.2
hjv,hjv
CR854827.3,CR854827.3
thbs3a,thbs3a
mtx1a,mtx1a
si:ch211-135n15.3,sich211135n15.3
BX005234.1,BX005234.1
nudt17,nudt17
si:dkey-7j14.5,sidkey7j14.5
si:dkey-7j14.6,sidkey7j14.6
sema4aa,sema4aa
rundc3b,rundc3b
slc25a40,slc25a40
dbf4,dbf4
adam22,adam22
cldn12,cldn12
washc5,washc5
atad2,atad2
psma2,psma2
mrpl32,mrpl32
ccdc127a,ccdc127a
FO704821.1,FO704821.1
rnf144b,rnf144b
sqlea,sqlea
oxr1a,oxr1a
LO018541.1,LO018541.1
si:dkey-122a22.2,sidkey122a22.2
zfpm2a,zfpm2a
CR628324.1,CR628324.1
LO017847.1,LO017847.1
dpys,dpys
rims2a,rims2a
RIMS2,RIMS2
dcaf13,dcaf13
zgc:101716,zgc101716
si:ch211-151m7.6,sich211151m7.6
CR925804.1,CR925804.1
zmp:0000000951,zmp0000000951
upk1a,upk1a
arhgap33,arhgap33
rbm42,rbm42
cd22,cd22
ncam3,ncam3
sult2st3,sult2st3
tmem147,tmem147
gapdhs,gapdhs
si:rp71-77l1.2,sirp7177l1.2
si:rp71-77l1.1,sirp7177l1.1
FP085399.2,FP085399.2
FP085399.5,FP085399.5
si:ch73-343g19.4,sich73343g19.4
si:dkey-33i11.9,sidkey33i11.9
FP085399.4,FP085399.4
fxyd1,fxyd1
FP085399.1,FP085399.1
FP016247.1,FP016247.1
si:dkey-33i11.4,sidkey33i11.4
FP016247.2,FP016247.2
hpn,hpn
si:dkey-33i11.1,sidkey33i11.1
dnase2,dnase2
rgl2,rgl2
phf1,phf1
syngap1b,syngap1b
smg5,smg5
paqr6,paqr6
ntrk1,ntrk1
afp4,afp4
afp4-1,afp4-1
rbm8a,rbm8a
otud7b,otud7b
mtmr11,mtmr11
si:ch211-271d10.2,sich211271d10.2
sv2a,sv2a
bola1,bola1
nr2f5,nr2f5
si:ch73-59c19.1,sich7359c19.1
CU861453.1,CU861453.1
rpz,rpz
rpz2,rpz2
rpz6,rpz6
rpz3,rpz3
rpz5,rpz5
rpz4,rpz4
tmem176l.1,tmem176l.1
si:dkey-152b24.7,sidkey152b24.7
si:dkey-152b24.8,sidkey152b24.8
zgc:174938,zgc174938
si:dkey-152b24.6,sidkey152b24.6
BX323793.1,BX323793.1
tmem176l.3a,tmem176l.3a
tmem176l.2,tmem176l.2
tmem176l.4,tmem176l.4
ubqln4,ubqln4
lamtor2,lamtor2
rab25b,rab25b
rab11al,rab11al
FO082781.1,FO082781.1
CABZ01027551.1,CABZ01027551.1
thsd7ab,thsd7ab
CR848802.1,CR848802.1
LO017877.2,LO017877.2
ENSDARG00000098402,ENSDARG00000098402
ica1,ica1
mios,mios
col28a1b,col28a1b
LO017849.1,LO017849.1
si:dkey-256h2.1,sidkey256h2.1
sept7b,sept7b
slc25a32b,slc25a32b
cthrc1b,cthrc1b
csmd3a,csmd3a
eif3ha,eif3ha
rad21a,rad21a
ext1a,ext1a
pbx2,pbx2
notchl,notchl
CU694532.1,CU694532.1
tap1,tap1
brd2b,brd2b
si:ch73-31d8.2,sich7331d8.2
FQ976914.1,FQ976914.1
CABZ01068499.1,CABZ01068499.1
plcl2,plcl2
LO018128.1,LO018128.1
satb1b,satb1b
si:dkey-82o10.4,sidkey82o10.4
efhb,efhb
rab5ab,rab5ab
znf385d,znf385d
ube2e2,ube2e2
nr1d2a,nr1d2a
nek10,nek10
si:ch211-231m23.4,sich211231m23.4
lim2.5,lim2.5
vsig10l,vsig10l
etfb,etfb
CU693446.1,CU693446.1
hamp,hamp
IGLON5,IGLON5
si:ch73-90p23.1,sich7390p23.1
CU855821.1,CU855821.1
si:dkeyp-97a10.3,sidkeyp97a10.3
si:dkeyp-97a10.1,sidkeyp97a10.1
si:dkeyp-97a10.2,sidkeyp97a10.2
ago3a,ago3a
ago1,ago1
dhdds,dhdds
hmgn2,hmgn2
FQ323156.1,FQ323156.1
serpinb14,serpinb14
serpinb1l1,serpinb1l1
zgc:173729,zgc173729
serpinb1l4,serpinb1l4
C16H1orf232,C16H1orf232
si:ch211-107n13.1,sich211107n13.1
SLC9A1,SLC9A1
LO017938.1,LO017938.1
rpl28,rpl28
CU655845.1,CU655845.1
pdcl,pdcl
MAN1C1,MAN1C1
ifnlr1,ifnlr1
LO018250.1,LO018250.1
fabp10a,fabp10a
CR293507.1,CR293507.1
ubr5,ubr5
azin1a,azin1a
atp6v1c1a,atp6v1c1a
baalca,baalca
spire1b,spire1b
cep72,cep72
TPPP,TPPP
zdhhc11,zdhhc11
brd9,brd9
trip13,trip13
nkd2a,nkd2a
CABZ01053976.1,CABZ01053976.1
FO905052.1,FO905052.1
si:ch211-269k10.2,sich211269k10.2
si:ch211-269k10.4,sich211269k10.4
si:ch211-269k10.5,sich211269k10.5
ptdss1a,ptdss1a
CR848746.1,CR848746.1
kif13a,kif13a
rbm24b,rbm24b
grinab,grinab
smpd5,smpd5
CR759845.3,CR759845.3
CR759845.1,CR759845.1
gpatch3,gpatch3
sacm1lb,sacm1lb
CR759845.2,CR759845.2
ggctb,ggctb
nod1,nod1
znrf2b,znrf2b
fzd1,fzd1
cdk14,cdk14
LO017872.1,LO017872.1
xrcc1,xrcc1
drd2l,drd2l
ethe1,ethe1
LO018166.1,LO018166.1
CABZ01111454.1,CABZ01111454.1
osr2,osr2
pklr,pklr
cyp11c1,cyp11c1
clk2b,clk2b
fzd6,fzd6
dennd4b,dennd4b
spag1b,spag1b
fbxo43,fbxo43
CU694952.1,CU694952.1
pop1,pop1
CABZ01080434.1,CABZ01080434.1
CU929206.2,CU929206.2
CU929206.1,CU929206.1
si:zfos-1192g2.3,sizfos1192g2.3
khdc4,khdc4
zbtb7b,zbtb7b
pabpc1a,pabpc1a
nr0b2a,nr0b2a
kdf1a,kdf1a
tpbgl,tpbgl
tmem222a,tmem222a
wdtc1,wdtc1
zgc:114181,zgc114181
LO017815.1,LO017815.1
azi2,azi2
cmc1,cmc1
eomesb,eomesb
LO017816.1,LO017816.1
iqgap3,iqgap3
zgc:174972,zgc174972
si:ch73-57f22.2,sich7357f22.2
lrfn2b,lrfn2b
FP017161.1,FP017161.1
zgc:112001,zgc112001
olfcb1,olfcb1
pcare2,pcare2
ypel5,ypel5
slc16a10,slc16a10
rpf2,rpf2
si:ch211-241j12.3,sich211241j12.3
smim8,smim8
cx28.8,cx28.8
znf292b,znf292b
lama4,lama4
tube1,tube1
tube1-1,tube1-1
ccn6,ccn6
si:dkey-119m7.4,sidkey119m7.4
si:dkey-119m7.8,sidkey119m7.8
fynb,fynb
ndufaf4,ndufaf4
gpr63,gpr63
ufl1,ufl1
frk,frk
nt5dc1,nt5dc1
col10a1b,col10a1b
FO904980.1,FO904980.1
dse,dse
si:dkey-121j17.6,sidkey121j17.6
smyd2b,smyd2b
kcnk2b,kcnk2b
prkg3,prkg3
nrl,nrl
senp6a,senp6a
myo6a,myo6a
impg1a,impg1a
mei4,mei4
nt5e,nt5e
snx14,snx14
cnr1,cnr1
rngtt,rngtt
pnrc1,pnrc1
gabrr1,gabrr1
gabrr2b,gabrr2b
ube2j1,ube2j1
lyrm2,lyrm2
BX248418.2,BX248418.2
BX248418.1,BX248418.1
ankrd6b,ankrd6b
lats1,lats1
hsd3b2,hsd3b2
lrp11,lrp11
pcmt,pcmt
nup43,nup43
tab2,tab2
scara5,scara5
mmachc,mmachc
C20H6orf58,C20H6orf58
C20H6orf58-1,C20H6orf58-1
themis,themis
ptprk,ptprk
CR846082.1,CR846082.1
CABZ01065423.1,CABZ01065423.1
CABZ01065425.1,CABZ01065425.1
lama2,lama2
CABZ01103860.1,CABZ01103860.1
CABZ01092781.1,CABZ01092781.1
CABZ01088134.1,CABZ01088134.1
arhgap18,arhgap18
tmem244,tmem244
l3mbtl3,l3mbtl3
tmem200a,tmem200a
BX681416.1,BX681416.1
si:ch73-18b11.2,sich7318b11.2
EPB41L2,EPB41L2
akap7,akap7
BX072559.1,BX072559.1
med23,med23
il20ra,il20ra
bub1,bub1
zgc:101562,zgc101562
cfap206,cfap206
slc35a1,slc35a1
rars2,rars2
akirin2,akirin2
syncrip,syncrip
cdk19,cdk19
amd1,amd1
ppil4,ppil4
map3k5,map3k5
CEP170B,CEP170B
si:ch73-212j7.3,sich73212j7.3
si:ch73-212j7.3-1,sich73212j7.3-1
spint1b,spint1b
rps6kc1,rps6kc1
ndufaf7,ndufaf7
si:ch1073-412h12.3,sich1073412h12.3
cebpz,cebpz
marcksa,marcksa
CU570797.4,CU570797.4
CU570797.5,CU570797.5
mfsd4b,mfsd4b
rev3l,rev3l
LO018608.1,LO018608.1
cnksr3,cnksr3
si:ch73-111k22.3,sich73111k22.3
C20H1orf198,C20H1orf198
clec11a,clec11a
selenol,selenol
ttc13,ttc13
arv1,arv1
fam89a,fam89a
sprtn,sprtn
exoc8,exoc8
TRIM67,TRIM67
zgc:194224,zgc194224
gnpat,gnpat
ipcef1,ipcef1
CABZ01067980.1,CABZ01067980.1
CABZ01067979.1,CABZ01067979.1
tiam2b,tiam2b
im:7142702,im7142702
CABZ01032982.1,CABZ01032982.1
papola,papola
ak7a,ak7a
galca,galca
lgals8a,lgals8a
zdhhc14,zdhhc14
tmem242,tmem242
arid1b,arid1b
BX649499.1,BX649499.1
BX649499.2,BX649499.2
si:dkey-60a16.1,sidkey60a16.1
ccnk,ccnk
cyp46a1.1,cyp46a1.1
zgc:123299,zgc123299
ccdc85cb,ccdc85cb
cyp46a1.2,cyp46a1.2
cyp46a1.4,cyp46a1.4
cyp46a1.3,cyp46a1.3
ism2b,ism2b
sptlc2b,sptlc2b
snw1,snw1
nrxn3b,nrxn3b
cep128,cep128
CABZ01062797.1,CABZ01062797.1
CABZ01062796.1,CABZ01062796.1
tshr,tshr
pum2,pum2
ttr,ttr
b4galt6,b4galt6
opn7a,opn7a
trappc8,trappc8
mcm3l,mcm3l
si:ch211-191a24.4,sich211191a24.4
tns3.1,tns3.1
CT583652.1,CT583652.1
tns3.2,tns3.2
igfbp3,igfbp3
igfbp1a,igfbp1a
adcy1a,adcy1a
sirt5,sirt5
si:ch211-121a2.2,sich211121a2.2
ftr85,ftr85
si:ch211-121a2.4,sich211121a2.4
dhcr24,dhcr24
si:dkeyp-51f12.2,sidkeyp51f12.2
si:dkeyp-51f12.3,sidkeyp51f12.3
bsnd,bsnd
dsc2l,dsc2l
dsg2.1,dsg2.1
pcsk9,pcsk9
usp24,usp24
bloc1s2,bloc1s2
CR848049.1,CR848049.1
si:dkey-19f4.2,sidkey19f4.2
plpp3,plpp3
prkaa2,prkaa2
si:ch211-232i5.3,sich211232i5.3
si:ch211-232i5.1,sich211232i5.1
dab1a,dab1a
CR388209.2,CR388209.2
oma1,oma1
mysm1,mysm1
si:ch211-59d15.9,sich21159d15.9
bpnt1,bpnt1
ylpm1,ylpm1
fosl2l,fosl2l
kcnk5b,kcnk5b
syt14b,syt14b
nt5c1bb,nt5c1bb
si:dkey-174m14.3,sidkey174m14.3
rdh14b,rdh14b
crip2l,crip2l
rad51b,rad51b
zfp36l1b,zfp36l1b
nid2b,nid2b
ptger2b,ptger2b
BX284679.1,BX284679.1
si:dkey-63j12.4,sidkey63j12.4
psmc6,psmc6
cgrrf1,cgrrf1
ddhd1b,ddhd1b
stxbp6l,stxbp6l
gjd2b,gjd2b
ACTC1,ACTC1
CU539064.1,CU539064.1
znf770,znf770
meis2a,meis2a
kcnk10a,kcnk10a
BDKRB2,BDKRB2
CR556696.1,CR556696.1
glrx5,glrx5
AL845550.2,AL845550.2
AL845550.1,AL845550.1
zgc:100997,zgc100997
serpina1l,serpina1l
serpina1,serpina1
si:ch211-155i14.1,sich211155i14.1
flrt2,flrt2
AL929349.1,AL929349.1
si:ch211-155o21.3,sich211155o21.3
si:ch211-155o21.4,sich211155o21.4
BX322618.1,BX322618.1
BX322618.2,BX322618.2
si:dkey-97l20.6,sidkey97l20.6
BX005367.2,BX005367.2
BX005367.1,BX005367.1
FAM177A1,FAM177A1
BX547930.4,BX547930.4
BX547930.1,BX547930.1
si:dkey-54g2.2,sidkey54g2.2
BX547930.3,BX547930.3
BX547930.2,BX547930.2
ints7,ints7
dtl,dtl
ppp2r5a,ppp2r5a
BX510324.1,BX510324.1
BX510324.2,BX510324.2
kcnk3a,kcnk3a
enpp1,enpp1
sytl3,sytl3
ezrb,ezrb
rsph3,rsph3
TAGAP,TAGAP
si:ch211-122h15.4,sich211122h15.4
opn8c,opn8c
lpgat1,lpgat1
nek2,nek2
slc30a1a,slc30a1a
BX469908.1,BX469908.1
si:dkey-249p7.4,sidkey249p7.4
rd3,rd3
si:ch211-22i13.2,sich21122i13.2
rhag,rhag
zpax2,zpax2
kcns3b,kcns3b
dlgap2b,dlgap2b
dlgap2b-1,dlgap2b-1
BX465225.1,BX465225.1
C20H12orf57,C20H12orf57
si:dkey-69c1.1,sidkey69c1.1
scrn2,scrn2
BX901920.1,BX901920.1
suco,suco
tmed5,tmed5
pigc,pigc
dnm3a,dnm3a
BX470128.1,BX470128.1
mir199-3a,mir199-3a
mir214a,mir214a
mettl13,mettl13
itpa,itpa
vamp4,vamp4
FP074855.1,FP074855.1
myoc,myoc
prrc2c,prrc2c
si:dkey-239i20.2,sidkey239i20.2
fmo5,fmo5
si:dkey-239i20.4,sidkey239i20.4
plpp6,plpp6
prdx6,prdx6
jun,jun
caiap,caiap
si:dkey-86e18.1,sidkey86e18.1
faslg,faslg
BX842702.1,BX842702.1
fam20b,fam20b
ralgps2,ralgps2
angptl1a,angptl1a
coa7,coa7
zyg11,zyg11
echdc2,echdc2
BX890559.1,BX890559.1
si:dkey-52j6.3,sidkey52j6.3
BX890559.2,BX890559.2
BX890568.1,BX890568.1
gtf2a1,gtf2a1
ches1,ches1
tmem30ab,tmem30ab
AL935145.3,AL935145.3
kcnk13b,kcnk13b
AL935145.1,AL935145.1
psmc1b,psmc1b
AL935145.2,AL935145.2
calm1b,calm1b
brms1lb,brms1lb
nfkbiaa,nfkbiaa
CU855900.1,CU855900.1
psma6b,psma6b
si:ch73-74h11.1,sich7374h11.1
si:dkey-5n18.1,sidkey5n18.1
AL928808.1,AL928808.1
cdh2,cdh2
aqp4,aqp4
kctd1,kctd1
taf4b,taf4b
psma8,psma8
gpr132b,gpr132b
vipas39,vipas39
si:dkeyp-93h6.1,sidkeyp93h6.1
cdc42bpb,cdc42bpb
si:dkeyp-72h1.1,sidkeyp72h1.1
BX510992.1,BX510992.1
BX510992.2,BX510992.2
tnfaip2a,tnfaip2a
eif5,eif5
enpp5,enpp5
fam167ab,fam167ab
ccm2,ccm2
xkr6b,xkr6b
BX510941.1,BX510941.1
mtmr9,mtmr9
tdh,tdh
pinx1,pinx1
sox7,sox7
rp1l1b,rp1l1b
blk,blk
fndc4a,fndc4a
si:dkey-71h2.2,sidkey71h2.2
si:ch211-278j3.3,sich211278j3.3
BX842692.1,BX842692.1
znf513a,znf513a
snx17,snx17
eif2b4,eif2b4
atraid,atraid
BX276101.1,BX276101.1
nme6,nme6
baalcb,baalcb
BX510657.1,BX510657.1
chrna2b,chrna2b
ptk2bb,ptk2bb
kcnh5a,kcnh5a
BX248118.1,BX248118.1
rhoj,rhoj
ppp2r5ea,ppp2r5ea
si:ch211-212g7.6,sich211212g7.6
snapc1a,snapc1a
hif1ab,hif1ab
prkchb,prkchb
BX649231.1,BX649231.1
six4b,six4b
six1b,six1b
six6b,six6b
ppm1ab,ppm1ab
si:ch211-253p18.2,sich211253p18.2
rtn1b,rtn1b
si:ch211-253p18.5,sich211253p18.5
zgc:193541,zgc193541
ppp1r13bb,ppp1r13bb
ckbb,ckbb
xrcc3,xrcc3
brf1b,brf1b
btbd6b,btbd6b
si:dkey-219e20.2,sidkey219e20.2
nudt14,nudt14
jag2b,jag2b
BX276098.1,BX276098.1
esr2a,esr2a
si:ch211-207i1.2,sich211207i1.2
daam1b,daam1b
BX296520.1,BX296520.1
nmu,nmu
clocka,clocka
BX088688.3,BX088688.3
BX088688.1,BX088688.1
tmem165,tmem165
BX088688.2,BX088688.2
srd5a3,srd5a3
kdr,kdr
kita,kita
pdgfra,pdgfra
gsx2,gsx2
lnx1,lnx1
fip1l1a,fip1l1a
scfd2,scfd2
si:ch73-249k16.4,sich73249k16.4
rasl11b,rasl11b
CU693368.3,CU693368.3
CU693368.1,CU693368.1
CU693368.2,CU693368.2
usp46,usp46
spata18,spata18
sgcb,sgcb
lrrc66,lrrc66
dcun1d4,dcun1d4
BX323889.1,BX323889.1
ociad2,ociad2
ociad1,ociad1
BX323889.2,BX323889.2
fryl,fryl
zar1,zar1
slc10a4,slc10a4
si:dkey-90m5.4,sidkey90m5.4
slain2,slain2
anapc4,anapc4
palld,palld
cbr4,cbr4
si:ch211-191d2.2,sich211191d2.2
nek1,nek1
sh3rf1,sh3rf1
BX255904.1,BX255904.1
si:dkey-15j16.3,sidkey15j16.3
si:dkey-15j16.6,sidkey15j16.6
ginm1,ginm1
katna1,katna1
mdn1,mdn1
casp8ap2,casp8ap2
cx52.6,cx52.6
bach2b,bach2b
BX119992.1,BX119992.1
map3k7,map3k7
BX901952.1,BX901952.1
CR385053.2,CR385053.2
CR385053.3,CR385053.3
si:dkey-273g18.1,sidkey273g18.1
CR385053.1,CR385053.1
epha7,epha7
moxd1,moxd1
ccn2a,ccn2a
fam228a,fam228a
itsn2a,itsn2a
mrpl19,mrpl19
pfas,pfas
si:dkey-183n20.15,sidkey183n20.15
hook1,hook1
cyp2n13,cyp2n13
cyp2ad6,cyp2ad6
cyp2v1,cyp2v1
cyp2ad2,cyp2ad2
cyp2ad3,cyp2ad3
BX322665.1,BX322665.1
cyp2p6,cyp2p6
cyp2p7,cyp2p7
cyp2p8,cyp2p8
BX322665.3,BX322665.3
cyp2p9,cyp2p9
cyp2p10,cyp2p10
cyp2j20,cyp2j20
BX322665.2,BX322665.2
paics,paics
ppat,ppat
si:dkeyp-117h8.4,sidkeyp117h8.4
CR352243.1,CR352243.1
aasdh,aasdh
CRACD,CRACD
CR352243.2,CR352243.2
cep135,cep135
chst14,chst14
exoc1,exoc1
zgc:153896,zgc153896
elmsan1a,elmsan1a
slc35f6,slc35f6
ttbk2b,ttbk2b
churc1,churc1
znf106b,znf106b
capn3b,capn3b
nrbp1,nrbp1
si:dkey-12h9.6,sidkey12h9.6
gtf2h5,gtf2h5
serac1,serac1
AL954831.1,AL954831.1
myct1a,myct1a
syne1a,syne1a
esr1,esr1
armt1,armt1
zbtb2b,zbtb2b
akap12b,akap12b
mthfd1l,mthfd1l
stx11b.2,stx11b.2
stx11b.1,stx11b.1
si:dkey-25e12.3,sidkey25e12.3
irf4b,irf4b
exoc2,exoc2
foxq1b,foxq1b
foxf2b,foxf2b
foxc1b,foxc1b
gmds,gmds
mylk4b,mylk4b
serpinb1,serpinb1
ftr97,ftr97
BX248515.1,BX248515.1
rwdd2b,rwdd2b
serpinb1l2,serpinb1l2
ftr79,ftr79
ftr97-1,ftr97-1
cdca4,cdca4
si:dkey-177p2.6,sidkey177p2.6
BX248515.2,BX248515.2
ahsa1a,ahsa1a
sel1l,sel1l
si:dkey-177p2.18,sidkey177p2.18
chga,chga
itpk1a,itpk1a
BX248515.3,BX248515.3
tmem251,tmem251
si:dkeyp-55f12.3,sidkeyp55f12.3
ubr7,ubr7
btbd7,btbd7
si:dkey-85n7.8,sidkey85n7.8
si:dkey-85n7.7,sidkey85n7.7
si:dkey-85n7.6,sidkey85n7.6
asb2a.1,asb2a.1
ppp4r4,ppp4r4
asb2a.1-1,asb2a.1-1
serpina10a,serpina10a
prph2lb,prph2lb
tmem179aa,tmem179aa
BX255913.2,BX255913.2
kif26aa,kif26aa
si:dkey-22l1.1,sidkey22l1.1
BX255917.2,BX255917.2
mthfd1a,mthfd1a
si:dkey-1h6.8,sidkey1h6.8
zbtb25,zbtb25
zbtb1,zbtb1
zgc:153157,zgc153157
vrtn,vrtn
syndig1l,syndig1l
BX255897.1,BX255897.1
dll4,dll4
ino80,ino80
chac1,chac1
vps18,vps18
rhov,rhov
pigh,pigh
zfyve1,zfyve1
wdr21-1,wdr21-1
dpf3,dpf3
BX255881.1,BX255881.1
rgs6,rgs6
BX569801.1,BX569801.1
BX569801.2,BX569801.2
sipa1l1,sipa1l1
rab15,rab15
fntb,fntb
max,max
AL928866.1,AL928866.1
slc10a1,slc10a1
srsf5b,srsf5b
susd6,susd6
acot20,acot20
acot21,acot21
gpr176,gpr176
AL928866.2,AL928866.2
thbs1b,thbs1b
katnbl1,katnbl1
emc7,emc7
chrm5b,chrm5b
aven,aven
ryr3,ryr3
fmn1,fmn1
grem1a,grem1a
scg5,scg5
actc1a,actc1a
rrm2,rrm2
klf11a,klf11a
taf1b,taf1b
BX248136.2,BX248136.2
ywhaqa,ywhaqa
adam17b,adam17b
cpsf3,cpsf3
asap2b,asap2b
si:ch211-195d17.2,sich211195d17.2
BX255963.2,BX255963.2
BX255963.1,BX255963.1
mboat2b,mboat2b
kidins220b,kidins220b
id2b,id2b
rnf144ab,rnf144ab
BX248324.1,BX248324.1
sox11b,sox11b
allc,allc
rps7,rps7
BX276180.4,BX276180.4
BX276180.2,BX276180.2
BX276180.1,BX276180.1
BX276180.3,BX276180.3
rnaseh1,rnaseh1
myt1la,myt1la
fgfr1op,fgfr1op
ccr6a,ccr6a
acbd3,acbd3
nhsl1b,nhsl1b
hebp2,hebp2
kif25,kif25
AL929182.1,AL929182.1
acat2,acat2
wtap,wtap
sod2,sod2
fndc1,fndc1
fam166c,fam166c
otofa,otofa
pdia6,pdia6
hpcal1,hpcal1
apobb.1,apobb.1
slc22a16,slc22a16
usta,usta
sash1a,sash1a
BX927258.1,BX927258.1
stxbp5a,stxbp5a
adgb,adgb
rab32a,rab32a
grm1a,grm1a
cd164,cd164
cep57l1,cep57l1
sesn1,sesn1
si:ch211-51a19.5,sich21151a19.5
armc2,armc2
BX842669.1,BX842669.1
BX927123.1,BX927123.1
foxo3b,foxo3b
afg1lb,afg1lb
snx3,snx3
nr2e1,nr2e1
CU138515.1,CU138515.1
ostm1,ostm1
si:ch73-257c13.2,sich73257c13.2
sec63,sec63
scml4,scml4
si:dkey-6f10.3,sidkey6f10.3
si:dkey-6f10.4-1,sidkey6f10.4-1
lratd1,lratd1
nbas,nbas
ddx1,ddx1
mycn,mycn
si:dkey-65b13.1,sidkey65b13.1
AL929220.1,AL929220.1
smek1,smek1
erh,erh
paplnb,paplnb
si:dkey-65b13.13,sidkey65b13.13
drc1,drc1
kcnf1a,kcnf1a
rock2bl,rock2bl
si:dkey-65b13.9,sidkey65b13.9
rock2b,rock2b
rock2b-1,rock2b-1
si:dkey-65b13.8-1,sidkey65b13.8-1
ak9,ak9
ppil6,ppil6
henmt1,henmt1
fam102bb,fam102bb
olfml2ba,olfml2ba
atf6,atf6
rxrgb,rxrgb
lmx1a,lmx1a
selp,selp
BX296562.2,BX296562.2
BX296562.1,BX296562.1
sele,sele
si:dkey-51e6.1,sidkey51e6.1
zp3a.2,zp3a.2
zp3a.1,zp3a.1
C20H1orf112,C20H1orf112
scyl3,scyl3
prg4b,prg4b
tprb,tprb
pdcb,pdcb
ptgs2b,ptgs2b
pla2g4ab,pla2g4ab
BX248238.2,BX248238.2
arpc5b,arpc5b
BX248238.1,BX248238.1
hmcn1,hmcn1
ivns1abpa,ivns1abpa
swt1,swt1
znfl1k,znfl1k
trmt1l,trmt1l
niban1a,niban1a
kifap3a,kifap3a
mettl11b,mettl11b
gorab,gorab
prrx1b,prrx1b
si:ch211-242b18.1,sich211242b18.1
BX279523.1,BX279523.1
slc25a24,slc25a24
elp3,elp3
si:ch211-63o20.7,sich21163o20.7
pnocb,pnocb
znf395b,znf395b
paqr8,paqr8
mcm3,mcm3
stmn4,stmn4
il17a/f3,il17af3
emilin1a,emilin1a
ankef1a,ankef1a
snap25a,snap25a
sccpdhb,sccpdhb
BX470246.1,BX470246.1
cnstb,cnstb
kif26bb,kif26bb
hnrnpub,hnrnpub
lft1,lft1
cdc42bpab,cdc42bpab
fbxo16,fbxo16
fzd3a,fzd3a
fam49a,fam49a
BX511024.1,BX511024.1
vsnl1a,vsnl1a
BX510920.1,BX510920.1
sf3b6,sf3b6
tdrd6,tdrd6
pla2g7,pla2g7
mep1a.1,mep1a.1
mep1a.2,mep1a.2
adgrf3b,adgrf3b
adgrf11,adgrf11
adgrf7,adgrf7
adgrf6,adgrf6
si:dkey-30j22.1,sidkey30j22.1
adgrf8,adgrf8
tnfrsf21,tnfrsf21
cd2ap,cd2ap
opn5,opn5
ptchd4,ptchd4
BX255920.1,BX255920.1
cnih3,cnih3
si:dkey-1j5.4,sidkey1j5.4
lbr,lbr
enah,enah
srp9,srp9
ephx1,ephx1
slc5a6a,slc5a6a
rpl7l1,rpl7l1
ncoa1,ncoa1
ptrhd1,ptrhd1
slc25a27,slc25a27
abracl,abracl
heca,heca
txlnba,txlnba
BX248390.1,BX248390.1
cited2,cited2
CR388421.1,CR388421.1
nmbr,nmbr
cx23,cx23
vta1,vta1
BX004780.1,BX004780.1
adgrg6,adgrg6
si:ch211-202p1.5,sich211202p1.5
BX088686.1,BX088686.1
hivep2a,hivep2a
BX088644.1,BX088644.1
aig1,aig1
adat2,adat2
pex3,pex3
atf3,atf3
batf3,batf3
nsl1,nsl1
tatdn3,tatdn3
si:ch211-147d7.5,sich211147d7.5
flvcr1,flvcr1
vash2,vash2
angel2,angel2
galnt14,galnt14
ehd3,ehd3
ccl38.6,ccl38.6
ccl38a.5,ccl38a.5
ccl38a.4,ccl38a.4
stum,stum
itpkb,itpkb
coq8aa,coq8aa
BX569783.1,BX569783.1
si:ch211-245h14.1,sich211245h14.1
znf512,znf512
gtf3c2,gtf3c2
slc30a2,slc30a2
si:ch211-243j20.2,sich211243j20.2
mpv17,mpv17
uts1,uts1
trim54,trim54
dnajc5ga,dnajc5ga
cad,cad
si:dkey-221h15.4,sidkey221h15.4
ift172,ift172
msra,msra
AL929058.1,AL929058.1
rcan2,rcan2
cyp39a1,cyp39a1
reps1,reps1
clu,clu
scara3,scara3
ccl38.1,ccl38.1
ccdc25,ccdc25
esco2,esco2
pbk,pbk
pimr136,pimr136
AL845306.2,AL845306.2
pimr128,pimr128
BX119915.3,BX119915.3
pimr128-1,pimr128-1
BX119915.2,BX119915.2
pimr129,pimr129
BX119915.1,BX119915.1
SLC35D3,SLC35D3
pex7,pex7
hey2,hey2
BX936317.1,BX936317.1
hddc2,hddc2
tpd52l1,tpd52l1
rnf217,rnf217
nkain2,nkain2
CR847530.1,CR847530.1
CR847530.2,CR847530.2
trdn,trdn
si:ch211-199i15.5,sich211199i15.5
clvs2,clvs2
smpdl3a,smpdl3a
fabp7b,fabp7b
pkib,pkib
serinc1,serinc1
hsf2,hsf2
AL845365.1,AL845365.1
cx43,cx43
cx32.2,cx32.2
cx28.1,cx28.1
cx28.9,cx28.9
cx32.3,cx32.3
cx34.5,cx34.5
hsdl1,hsdl1
tbc1d32,tbc1d32
man1a1,man1a1
BX510919.1,BX510919.1
fam184a,fam184a
mcm9,mcm9
cep85l,cep85l
pln,pln
si:dkeyp-114g9.1,sidkeyp114g9.1
slc35f1,slc35f1
nus1,nus1
gopc,gopc
dcbld1,dcbld1
vgll2a,vgll2a
rfx6,rfx6
si:dkeyp-93d12.1,sidkeyp93d12.1
igf2r,igf2r
AL929119.1,AL929119.1
slc22a2,slc22a2
plg,plg
ttll2,ttll2
pimr110,pimr110
efr3bb,efr3bb
pomcb,pomcb
si:ch211-203k16.3,sich211203k16.3
snx9b,snx9b
moxd1l,moxd1l
dusp23a,dusp23a
afdna,afdna
AL928920.2,AL928920.2
unc93a,unc93a
pimr138,pimr138
AL928920.3,AL928920.3
AL928920.4,AL928920.4
pimr109,pimr109
pimr133,pimr133
si:dkey-206f10.1,sidkey206f10.1
parp1,parp1
BX470188.1,BX470188.1
lin9,lin9
mixl1,mixl1
zpax1,zpax1
ttc32,ttc32
matn3a,matn3a
laptm4a,laptm4a
mark3b,mark3b
clic5b,clic5b
runx2b,runx2b
opn8a,opn8a
opn8b,opn8b
BX664630.1,BX664630.1
mut,mut
fkbp1b,fkbp1b
wdcp,wdcp
mfsd2b,mfsd2b
CR545466.1,CR545466.1
ubxn2a,ubxn2a
atad2b,atad2b
klhl29,klhl29
CABZ01035143.1,CABZ01035143.1
trib2,trib2
hnrnpa0l,hnrnpa0l
napbb,napbb
gpcpd1,gpcpd1
chgb,chgb
trmt6,trmt6
fermt1,fermt1
AL929237.4,AL929237.4
bmp2b,bmp2b
AL929237.3,AL929237.3
AL929237.2,AL929237.2
AL929237.1,AL929237.1
si:dkey-7c18.24,sidkey7c18.24
taar12i,taar12i
taar1b,taar1b
taar11,taar11
taar10b,taar10b
taar10d,taar10d
taar10c,taar10c
taar10,taar10
taar13b,taar13b
taar13d,taar13d
stx7l,stx7l
taar14a,taar14a
si:dkey-246e3.4,sidkey246e3.4
taar14l,taar14l
taar14h,taar14h
taar14i,taar14i
BX957286.1,BX957286.1
taar14b,taar14b
flvcr2b,flvcr2b
bmf2,bmf2
adgrg11,adgrg11
rad51,rad51
rmdn3,rmdn3
zc3h14,zc3h14
eif2b2,eif2b2
tmed10,tmed10
si:ch211-153j24.3,sich211153j24.3
fosab,fosab
AL929435.1,AL929435.1
batf,batf
jdp2b,jdp2b
AL929435.2,AL929435.2
adcy3b,adcy3b
wdr26b,wdr26b
si:ch211-57i17.2,sich21157i17.2
si:ch211-57i17.1,sich21157i17.1
si:ch211-57i17.5,sich21157i17.5
esrrgb,esrrgb
GPATCH2,GPATCH2
si:ch73-21k16.1,sich7321k16.1
CU571074.2,CU571074.2
dnmt3aa,dnmt3aa
CR385078.4,CR385078.4
CR385078.6,CR385078.6
si:dkeyp-104f11.6,sidkeyp104f11.6
CR385078.1,CR385078.1
si:dkeyp-104f11.9,sidkeyp104f11.9
znf975,znf975
si:dkeyp-104f11.8,sidkeyp104f11.8
dtnba,dtnba
kif3ca,kif3ca
rab10,rab10
lin28b,lin28b
CABZ01053323.1,CABZ01053323.1
tfap2b,tfap2b
tfap2d,tfap2d
hadhb,hadhb
hadhaa,hadhaa
gareml,gareml
prep,prep
efhc1,efhc1
xkr5a,xkr5a
tram2,tram2
EVA1A,EVA1A
CABZ01059119.1,CABZ01059119.1
CABZ01059120.1,CABZ01059120.1
insm1a,insm1a
si:zfos-223e1.2,sizfos223e1.2
mgst3a,mgst3a
BX663521.6,BX663521.6
BX663521.2,BX663521.2
BX663521.5,BX663521.5
pax1b,pax1b
BX663521.4,BX663521.4
tsta3l2,tsta3l2
nkx2.2b,nkx2.2b
nkx2.4b,nkx2.4b
xrn2,xrn2
BX005124.2,BX005124.2
BX005124.1,BX005124.1
LO017960.1,LO017960.1
crnkl1,crnkl1
naa20,naa20
cd109,cd109
LO018680.1,LO018680.1
col12a1b,col12a1b
COX7A2,COX7A2
filip1b,filip1b
HMBOX1,HMBOX1
CABZ01078261.1,CABZ01078261.1
kif13bb,kif13bb
ints9,ints9
extl3,extl3
riox1,riox1
NDUFB1,NDUFB1
cpsf2,cpsf2
slc24a4b,slc24a4b
tmem121ab,tmem121ab
CU570682.1,CU570682.1
fut8b,fut8b
gphnb,gphnb
mpp5b,mpp5b
im:7140055,im7140055
AL928824.3,AL928824.3
AL928824.2,AL928824.2
atp6v1d,atp6v1d
eif2s1b,eif2s1b
rbm25b,rbm25b
AL928824.1,AL928824.1
hsp90ab1,hsp90ab1
slc35b2,slc35b2
nfkbie,nfkbie
tmem151ba,tmem151ba
CU660013.2,CU660013.2
tcte1,tcte1
rnf8,rnf8
CU660013.4,CU660013.4
si:ch73-91k6.2,sich7391k6.2
CU660013.1,CU660013.1
thbd,thbd
tlr5b,tlr5b
tlr5a,tlr5a
disp1,disp1
LO018154.1,LO018154.1
si:ch211-14a11.1,sich21114a11.1
brox,brox
aida,aida
BX936461.1,BX936461.1
mia3,mia3
taf1a,taf1a
dusp10,dusp10
CU633978.1,CU633978.1
hlx1,hlx1
rhpn1,rhpn1
naprt,naprt
CU550702.1,CU550702.1
si:ch1073-287p18.1,sich1073287p18.1
arhgap39,arhgap39
tsta3,tsta3
GFUS,GFUS
pycr3,pycr3
eef1db,eef1db
si:dkey-235d18.5,sidkey235d18.5
si:ch211-221n20.2,sich211221n20.2
phactr1,phactr1
tbc1d7,tbc1d7
dspb,dspb
ctsbb,ctsbb
fdft1,fdft1
gata4,gata4
CABZ01066813.1,CABZ01066813.1
CABZ01115113.1,CABZ01115113.1
FIG4,FIG4
gpr6,gpr6
wasf1,wasf1
cdc40,cdc40
mettl24,mettl24
apobb.2,apobb.2
bub1ba,bub1ba
pak6b,pak6b
myh6,myh6
slc25a29,slc25a29
slc25a47a,slc25a47a
dio3b,dio3b
CR381646.1,CR381646.1
ppp2r5cb,ppp2r5cb
hsp90aa1.2,hsp90aa1.2
hsp90aa1.1,hsp90aa1.1
si:dkey-241l7.5,sidkey241l7.5
si:dkey-241l7.4,sidkey241l7.4
si:dkey-241l7.3,sidkey241l7.3
si:dkey-241l7.2,sidkey241l7.2
wdr20b,wdr20b
mgat2,mgat2
rps29,rps29
CU633785.1,CU633785.1
CABZ01111496.1,CABZ01111496.1
arf6a,arf6a
faua,faua
prpf39,prpf39
fkbp3,fkbp3
actr10,actr10
zp2.2,zp2.2
zp2.3,zp2.3
si:zfos-1505d6.3,sizfos1505d6.3
zp2.6,zp2.6
zp2.1,zp2.1
zp2.5,zp2.5
CU914156.1,CU914156.1
CABZ01077555.1,CABZ01077555.1
cipcb,cipcb
znf410,znf410
entpd5b,entpd5b
lrfn5b,lrfn5b
yy1b,yy1b
evlb,evlb
CABZ01118770.1,CABZ01118770.1
ppp1r35,ppp1r35
zgc:153012,zgc153012
CABZ01087948.1,CABZ01087948.1
pak7,pak7
CABZ01037174.1,CABZ01037174.1
si:dkey-15f23.1,sidkey15f23.1
CT027638.1,CT027638.1
tmed7,tmed7
hsd17b4,hsd17b4
prr16,prr16
sncaip,sncaip
snx2,snx2
cep120,cep120
pym1,pym1
trim36,trim36
pggt1b,pggt1b
FP017151.1,FP017151.1
fem1c,fem1c
CABZ01063543.1,CABZ01063543.1
nudt12,nudt12
zgc:101664,zgc101664
srp19,srp19
FO704758.1,FO704758.1
si:ch211-87m7.2,sich21187m7.2
spinb,spinb
csgalnact1b,csgalnact1b
PLPP1,PLPP1
rnf165b,rnf165b
loxhd1b,loxhd1b
ptger4a,ptger4a
mrps27,mrps27
CT027631.1,CT027631.1
znf366,znf366
fabp1b.1,fabp1b.1
fabp1b.2,fabp1b.2
smyd1b,smyd1b
sprb,sprb
lzts3b,lzts3b
ubox5,ubox5
avp,avp
ccl27a,ccl27a
slc35d2,slc35d2
znf367,znf367
CU896541.1,CU896541.1
cdc14b,cdc14b
prxl2c,prxl2c
fbxl17,fbxl17
efna5b,efna5b
CU694486.1,CU694486.1
dgcr6,dgcr6
rasal1b,rasal1b
CABZ01065417.1,CABZ01065417.1
CABZ01065416.1,CABZ01065416.1
pi4kab,pi4kab
serpind1,serpind1
CU326361.2,CU326361.2
snap29,snap29
si:dkey-178e17.3,sidkey178e17.3
CR788303.1,CR788303.1
SLC25A1,SLC25A1
cltcl1,cltcl1
si:dkeyp-117b11.1,sidkeyp117b11.1
si:dkeyp-117b11.2,sidkeyp117b11.2
si:dkeyp-117b11.3,sidkeyp117b11.3
plat,plat
ikbkb,ikbkb
vdac3,vdac3
ENKD1,ENKD1
polb,polb
si:dkeyp-51b9.3,sidkeyp51b9.3
dynll1,dynll1
rpl6,rpl6
acaa2,acaa2
mrpl40,mrpl40
si:ch211-51h9.6,sich21151h9.6
gle1,gle1
si:ch211-51h9.7,sich21151h9.7
seta,seta
zdhhc12a,zdhhc12a
slc25a25a,slc25a25a
naif1,naif1
fam102aa,fam102aa
CABZ01085195.1,CABZ01085195.1
sh3glb2a,sh3glb2a
FP325112.2,FP325112.2
FP325112.1,FP325112.1
crb2b,crb2b
lhx2b,lhx2b
fut9b,fut9b
zgc:173737,zgc173737
zgc:103510,zgc103510
zgc:136963,zgc136963
zgc:165519,zgc165519
zgc:112433,zgc112433
CU929199.1,CU929199.1
ctu1,ctu1
pxnb,pxnb
gcn1,gcn1
rab35b,rab35b
FP016056.1,FP016056.1
bicdl1,bicdl1
citb,citb
mtmr3,mtmr3
mtmr3-1,mtmr3-1
cux2b,cux2b
myl2b,myl2b
pptc7a,pptc7a
rad9b,rad9b
srrd,srrd
BX004972.1,BX004972.1
si:ch211-166a6.5,sich211166a6.5
dhx37,dhx37
gp1bb,gp1bb
sept5a,sept5a
zgc:63587,zgc63587
cldn5a,cldn5a
FP085395.1,FP085395.1
cdc45,cdc45
ufd1l,ufd1l
ciao1,ciao1
hsp70l,hsp70l
tmem127,tmem127
es1,es1
igsf9b,igsf9b
tmem230b,tmem230b
adra1aa,adra1aa
FO904844.1,FO904844.1
bnip3la,bnip3la
ppp2r2aa,ppp2r2aa
LRRTM4,LRRTM4
CR352297.3,CR352297.3
lrrtm4l2,lrrtm4l2
BX294006.1,BX294006.1
vsig8b,vsig8b
CR749774.1,CR749774.1
dock5,dock5
nefmb,nefmb
neflb,neflb
si:ch211-255g12.8,sich211255g12.8
asb6,asb6
wdr13,wdr13
si:ch211-255g12.6,sich211255g12.6
asic1a,asic1a
gpd1a,gpd1a
si:ch73-233m11.2,sich73233m11.2
si:dkey-222n6.2,sidkey222n6.2
CU862015.1,CU862015.1
abtb1,abtb1
slc6a6a,slc6a6a
CU302304.1,CU302304.1
grip2a,grip2a
ssuh2rs1,ssuh2rs1
selenoh,selenoh
pcsk1nl,pcsk1nl
lhfpl4b,lhfpl4b
hdac6,hdac6
gata1b,gata1b
cdk20,cdk20
hcfc1b,hcfc1b
irak1,irak1
mecp2,mecp2
CR385024.1,CR385024.1
fgd1,fgd1
CR931813.1,CR931813.1
tfe3a,tfe3a
CR931813.2,CR931813.2
zgc:113363,zgc113363
cxxc1a,cxxc1a
mbd1a,mbd1a
si:ch211-169p10.1,sich211169p10.1
abcd1,abcd1
plxnb3,plxnb3
srpk3,srpk3
tsr2,tsr2
cdk16,cdk16
comta,comta
abt1,abt1
grm6a,grm6a
usp11,usp11
zgc:86609,zgc86609
uxt,uxt
elk1,elk1
si:ch211-180f4.1,sich211180f4.1
otud5a,otud5a
pim2,pim2
si:dkey-83k24.5,sidkey83k24.5
slc35a2,slc35a2
bcap31,bcap31
slc6a8,slc6a8
pnck,pnck
plxna3,plxna3
ptpn18,ptpn18
mon1ba,mon1ba
gripap1,gripap1
kcnd1,kcnd1
si:dkey-8e10.2,sidkey8e10.2
si:dkey-8e10.3,sidkey8e10.3
pim1,pim1
CU694808.1,CU694808.1
tbc1d22b,tbc1d22b
tafa5l,tafa5l
mapk13,mapk13
FP085410.1,FP085410.1
brpf3b,brpf3b
nr1h5,nr1h5
slc66a1,slc66a1
trim33,trim33
bcas2,bcas2
dennd2c,dennd2c
ampd1,ampd1
nras,nras
asb13b,asb13b
si:ch211-204d2.4,sich211204d2.4
tasor2,tasor2
unc45b,unc45b
pip5k1bb,pip5k1bb
fxn,fxn
tjp2b,tjp2b
si:ch211-248e11.2,sich211248e11.2
fnbp1a,fnbp1a
ift81,ift81
atp2a2a,atp2a2a
anapc7,anapc7
rapgef1a,rapgef1a
med27,med27
ntng2a,ntng2a
endog,endog
dab2ipa,dab2ipa
phf19,phf19
traf1,traf1
CU639468.1,CU639468.1
si:dkey-104n9.1,sidkey104n9.1
slc2a6,slc2a6
KIF2A,KIF2A
cept1a,cept1a
dram2a,dram2a
dennd2da,dennd2da
CU469314.1,CU469314.1
si:dkey-208b23.5,sidkey208b23.5
sap30bp,sap30bp
itgb4,itgb4
zgc:194990,zgc194990
si:ch73-61d6.3,sich7361d6.3
kcnn1b,kcnn1b
ccdc124,ccdc124
slc5a5,slc5a5
jak3,jak3
fut9d,fut9d
CR354547.1,CR354547.1
b3gnt3.1,b3gnt3.1
b3gnt3.2,b3gnt3.2
b3gnt3.3,b3gnt3.3
b3gnt3.4,b3gnt3.4
si:dkey-258f14.2,sidkey258f14.2
si:dkey-258f14.3,sidkey258f14.3
pimr107,pimr107
lonrf1l,lonrf1l
doc2d,doc2d
serping1,serping1
CT025854.1,CT025854.1
igf3,igf3
si:dkeyp-110g5.4,sidkeyp110g5.4
atp2b3a,atp2b3a
dedd,dedd
ugt5e1,ugt5e1
si:ch211-229n2.7,sich211229n2.7
si:ch211-229n2.6,sich211229n2.6
bgna,bgna
si:dkey-6n6.1,sidkey6n6.1
tpk2,tpk2
rhoaa,rhoaa
ndufb11,ndufb11
def6a,def6a
sin3b,sin3b
xpr1a,xpr1a
acbd6,acbd6
BX294388.2,BX294388.2
lhx4,lhx4
qsox1,qsox1
cep350,cep350
cacna1ea,cacna1ea
si:dkey-21p1.3,sidkey21p1.3
soat1,soat1
abl2,abl2
fnbp1l,fnbp1l
bcar3,bcar3
paox1,paox1
zgc:171480,zgc171480
slc5a9,slc5a9
gclm,gclm
dnttip2,dnttip2
spata6,spata6
agbl4,agbl4
BX510319.1,BX510319.1
bend5,bend5
agbl4-1,agbl4-1
elavl4,elavl4
CR931780.1,CR931780.1
dmrta2,dmrta2
faf1,faf1
cdkn2c,cdkn2c
rnf11b,rnf11b
ttc39a,ttc39a
eps15,eps15
CU467861.7,CU467861.7
calr,calr
tor3a,tor3a
CU467861.6,CU467861.6
CU467861.2,CU467861.2
osbpl9,osbpl9
si:ch211-198n5.11,sich211198n5.11
rpe65b,rpe65b
rpe65c,rpe65c
depdc1a,depdc1a
smim15,smim15
ndufaf2,ndufaf2
ercc8,ercc8
elovl7a,elovl7a
CR925863.1,CR925863.1
pde4d,pde4d
rab3c,rab3c
si:dkey-190g11.3,sidkey190g11.3
plk2b,plk2b
BX510928.1,BX510928.1
mier3b,mier3b
mrps36,mrps36
cenph,cenph
pola2,pola2
dimt1l,dimt1l
skia,skia
si:ch73-70k4.1,sich7370k4.1
prkcz,prkcz
BX000447.1,BX000447.1
si:ch211-150o23.3,sich211150o23.3
BX005450.1,BX005450.1
si:ch211-150o23.2,sich211150o23.2
st6galnac5b,st6galnac5b
slc44a5b,slc44a5b
lhx8b,lhx8b
erich3,erich3
tnni3k,tnni3k
fpgt,fpgt
lrriq3,lrriq3
si:dkey-267j14.7,sidkey267j14.7
acot11b,acot11b
ssbp3b,ssbp3b
dio1,dio1
glis1b,glis1b
rps8b,rps8b
elovl8b,elovl8b
CT025742.1,CT025742.1
armh1,armh1
guk1b,guk1b
rnf220b,rnf220b
dmap1,dmap1
obscna,obscna
zgc:153738,zgc153738
alkal1,alkal1
si:dkey-30h22.11,sidkey30h22.11
AL844185.1,AL844185.1
nexn,nexn
tab3,tab3
tmem47,tmem47
prrg1,prrg1
cpox,cpox
ccdc181,ccdc181
fsd1,fsd1
stap2b,stap2b
mpnd,mpnd
sh3gl1b,sh3gl1b
rorca,rorca
sema6bb,sema6bb
si:ch73-222f22.2,sich73222f22.2
abhd17ab,abhd17ab
zgc:77486,zgc77486
zgc:77486-1,zgc774861
rgl1,rgl1
mpeg1.2,mpeg1.2
colgalt2,colgalt2
zgc:92140,zgc92140
edem3,edem3
npl,npl
sec22bb,sec22bb
si:ch73-281k2.5,sich73281k2.5
notch2,notch2
slc35a3a,slc35a3a
fam78bb,fam78bb
foxe3,foxe3
foxd2,foxd2
CR352292.1,CR352292.1
trabd2b,trabd2b
lpxn,lpxn
znf692,znf692
fcho1,fcho1
rfx2,rfx2
acsbg2,acsbg2
mllt1a,mllt1a
BX664738.1,BX664738.1
acer1,acer1
myo1f,myo1f
adamts10,adamts10
zap70,zap70
mob3a,mob3a
mknk2b,mknk2b
BX511253.1,BX511253.1
rexo1,rexo1
zgc:101100,zgc101100
csnk1g2b,csnk1g2b
BX323082.1,BX323082.1
nfic,nfic
si:ch211-133l5.4,sich211133l5.4
si:ch211-133l5.7,sich211133l5.7
BX004774.1,BX004774.1
BX004774.2,BX004774.2
dohh,dohh
si:ch211-133l5.8,sich211133l5.8
fzr1a,fzr1a
si:ch73-196i15.3,sich73196i15.3
haus5,haus5
si:ch73-196i15.5,sich73196i15.5
CU861651.1,CU861651.1
si:dkeyp-82a1.2,sidkeyp82a1.2
si:dkeyp-82a1.3,sidkeyp82a1.3
si:dkeyp-82a1.8,sidkeyp82a1.8
si:dkeyp-82a1.4,sidkeyp82a1.4
BX664618.1,BX664618.1
si:dkeyp-82a1.6,sidkeyp82a1.6
zgc:112962,zgc112962
aldh9a1a.2,aldh9a1a.2
aldh9a1a.1,aldh9a1a.1
tmco1,tmco1
uck2a,uck2a
magoh,magoh
cpt2,cpt2
porcn,porcn
spryd4,spryd4
gls2a,gls2a
col2a1a,col2a1a
cry3a,cry3a
itpr3,itpr3
gpr37l1b,gpr37l1b
alas2,alas2
ela2l,ela2l
ela2,ela2
fhad1,fhad1
BX784023.1,BX784023.1
si:dkey-163f12.6,sidkey163f12.6
si:dkey-163f12.11,sidkey163f12.11
si:dkey-163f12.10,sidkey163f12.10
ajap1,ajap1
BX323830.1,BX323830.1
nphp4,nphp4
dffb,dffb
si:ch211-147a11.3,sich211147a11.3
b3gnt7l,b3gnt7l
cep104,cep104
lrrc47,lrrc47
smim1,smim1
mad2l2,mad2l2
zgc:153631,zgc153631
si:dkey-23c22.5,sidkey23c22.5
zgc:158862,zgc158862
si:dkey-23c22.7,sidkey23c22.7
zgc:153759,zgc153759
zgc:153759-1,zgc1537591
si:ch211-261n11.7,sich211261n11.7
si:ch211-261n11.8,sich211261n11.8
CT583651.1,CT583651.1
si:ch211-261n11.5,sich211261n11.5
apex2,apex2
rassf11,rassf11
csde1,csde1
porcnl,porcnl
iqsec2a,iqsec2a
PDZD4,PDZD4
magixa,magixa
BX072561.1,BX072561.1
BX072561.2,BX072561.2
cacna1fb,cacna1fb
sypa,sypa
zgc:136605,zgc136605
emilin3a,emilin3a
samd10a,samd10a
uckl1a,uckl1a
ythdf1,ythdf1
si:dkey-70p6.1,sidkey70p6.1
zgc:100920,zgc100920
CR759927.3,CR759927.3
dre-mir-124-6,dre-mir-124-6
CR759927.1,CR759927.1
si:ch211-196c10.13,sich211196c10.13
gid8a,gid8a
slc17a9a,slc17a9a
dnajc5aa,dnajc5aa
si:ch211-196c10.15,sich211196c10.15
tpd52l2a,tpd52l2a
ppdpfa,ppdpfa
ptk6a,ptk6a
znfl1l,znfl1l
nol4la,nol4la
CR759927.2,CR759927.2
dnmt3ba,dnmt3ba
mapre1a,mapre1a
BX005340.1,BX005340.1
si:dkey-16n15.6,sidkey16n15.6
suv39h1a,suv39h1a
gpr173,gpr173
foxp3b,foxp3b
sema3gb,sema3gb
wasb,wasb
slc38a5b,slc38a5b
ccdc22,ccdc22
nt5dc2,nt5dc2
tbc1d25,tbc1d25
cfp,cfp
si:ch73-237c6.1,sich73237c6.1
ppardb,ppardb
mkrn4,mkrn4
fance,fance
rpl10a,rpl10a
si:ch211-163l21.11,sich211163l21.11
inavaa,inavaa
zgc:195245,zgc195245
AL929282.1,AL929282.1
si:ch211-163l21.7,sich211163l21.7
ELAPOR1,ELAPOR1
si:ch211-163l21.10,sich211163l21.10
mapk14a,mapk14a
srpk1a,srpk1a
lhfpl5b,lhfpl5b
cpne5a,cpne5a
dclre1b,dclre1b
adora1b,adora1b
zgc:110353,zgc110353
mmp9,mmp9
ZNF335,ZNF335
pimr142,pimr142
CR450805.1,CR450805.1
BX324132.2,BX324132.2
prok1,prok1
lamtor5,lamtor5
slc16a4,slc16a4
rbm15,rbm15
BX324132.3,BX324132.3
slc6a17,slc6a17
CR450738.1,CR450738.1
kcnc4,kcnc4
hspa1b,hspa1b
ahcyl1,ahcyl1
nfyal,nfyal
ngrn,ngrn
sort1b,sort1b
sypl2b,sypl2b
atxn7l2b,atxn7l2b
amigo1,amigo1
gnai3,gnai3
gpr61,gpr61
gnat2,gnat2
ampd2b,ampd2b
gstm.1,gstm.1
gstm.2,gstm.2
gstm.3,gstm.3
eps8l3b,eps8l3b
atp5pb,atp5pb
CR847543.2,CR847543.2
CR847543.1,CR847543.1
dnase1l1l,dnase1l1l
si:dkey-183p4.10,sidkey183p4.10
kcnq2a,kcnq2a
prex1,prex1
si:dkey-48j7.3,sidkey48j7.3
stk38a,stk38a
slc38a5a,slc38a5a
wasa,wasa
sema3ga,sema3ga
tspy,tspy
foxp3a,foxp3a
BX544876.1,BX544876.1
si:ch211-167b20.8,sich211167b20.8
suv39h1b,suv39h1b
tmem9,tmem9
cacna1sb,cacna1sb
BX544876.2,BX544876.2
taf10,taf10
efhd2,efhd2
opn7c,opn7c
tmem115,tmem115
rhoab,rhoab
sema3h,sema3h
si:dkey-72l14.4,sidkey72l14.4
si:dkey-72l14.3,sidkey72l14.3
xpc,xpc
arih2,arih2
impdh2,impdh2
dalrd3,dalrd3
celsr3,celsr3
CT027605.1,CT027605.1
CR847503.1,CR847503.1
wdr6,wdr6
slc26a6,slc26a6
slc26a6-1,slc26a6-1
mgll,mgll
prkar2aa,prkar2aa
CR847503.2,CR847503.2
naa80,naa80
hyal3,hyal3
si:dkey-20d21.12,sidkey20d21.12
amt,amt
ifrd2,ifrd2
CR450777.1,CR450777.1
zgc:136971,zgc136971
sema3bl,sema3bl
sema3b,sema3b
tmem51a,tmem51a
si:dkey-159f12.2,sidkey159f12.2
kazna,kazna
si:ch211-156j16.1,sich211156j16.1
prdm2a,prdm2a
rimkla,rimkla
zmynd12,zmynd12
slc16a1b,slc16a1b
CR376741.6,CR376741.6
CR376741.2,CR376741.2
CR376741.3,CR376741.3
CR376741.5,CR376741.5
CR376741.4,CR376741.4
CR376741.1,CR376741.1
si:ch211-254n4.3,sich211254n4.3
rhocb,rhocb
mov10b.2,mov10b.2
mov10b.1,mov10b.1
wnt2bb,wnt2bb
capza1b,capza1b
cttnbp2nlb,cttnbp2nlb
kcnd3,kcnd3
BX664742.2,BX664742.2
ddx20,ddx20
inka2,inka2
rap1aa,rap1aa
BX664742.1,BX664742.1
lmod1a,lmod1a
kdm5bb,kdm5bb
tuba8l,tuba8l
KLHL12,KLHL12
adipor1b,adipor1b
ptpn1,ptpn1
cebpb,cebpb
tmem189,tmem189
slc52a3,slc52a3
scrt2,scrt2
srxn1,srxn1
tcf15,tcf15
CU639397.1,CU639397.1
si:dkey-109a10.2,sidkey109a10.2
mc3r,mc3r
slc13a3,slc13a3
ocstamp,ocstamp
ccser1,ccser1
grid2,grid2
AL807792.1,AL807792.1
atoh1a,atoh1a
smarcad1a,smarcad1a
mpeg1.3,mpeg1.3
prf1.6,prf1.6
AL928845.1,AL928845.1
prf1.5,prf1.5
mpeg1.1,mpeg1.1
si:ch211-103n10.5,sich211103n10.5
tspan36,tspan36
mapk4,mapk4
slc20a2,slc20a2
hsd17b3,hsd17b3
CR376747.1,CR376747.1
ercc6l2,ercc6l2
ptch1,ptch1
fancc,fancc
aopep,aopep
dre-mir-24-3,dre-mir-24-3
dre-mir-27b,dre-mir-27b
dock8,dock8
CT027611.1,CT027611.1
cbwd,cbwd
foxd5,foxd5
pgm5,pgm5
BCR,BCR
specc1la,specc1la
adora2aa,adora2aa
upb1,upb1
gucd1,gucd1
snrpd3,snrpd3
p2rx4b,p2rx4b
p2rx7,p2rx7
BX640478.1,BX640478.1
tas2r200.1,tas2r200.1
gstt1a,gstt1a
mmp11a,mmp11a
derl3,derl3
smarcb1a,smarcb1a
RALGDS,RALGDS
ptgesl,ptgesl
odf2b,odf2b
snrnp200,snrnp200
slc20a1a,slc20a1a
vgll4l,vgll4l
syn1,syn1
unm-hu7912,unm-hu7912
gadd45ga,gadd45ga
creb3l3l,creb3l3l
nim1k,nim1k
znf131,znf131
selenop,selenop
AL935153.1,AL935153.1
ghra,ghra
fbxo4,fbxo4
C8H5orf51,C8H5orf51
oxct1a,oxct1a
plcxd3,plcxd3
c7a,c7a
rgs7bpa,rgs7bpa
RNF180,RNF180
htr1aa,htr1aa
ipo11,ipo11
lipg,lipg
mthfd2l,mthfd2l
epgn,epgn
BX545917.5,BX545917.5
BX545917.6,BX545917.6
BX545917.7,BX545917.7
BX545917.4,BX545917.4
BX545917.1,BX545917.1
si:dkey-164f24.2,sidkey164f24.2
RFESD,RFESD
ncs1b,ncs1b
hmcn2,hmcn2
hmcn2-1,hmcn2-1
CR457445.1,CR457445.1
zgc:194839,zgc194839
si:dkey-56i24.1,sidkey56i24.1
ralgps1,ralgps1
angptl2b,angptl2b
si:dkey-191c17.2,sidkey191c17.2
zbtb34,zbtb34
lmx1bb,lmx1bb
CR376762.1,CR376762.1
mvb12bb,mvb12bb
CR407561.2,CR407561.2
CR407561.1,CR407561.1
pbx3b,pbx3b
BX511073.1,BX511073.1
gapvd1,gapvd1
BX005399.13,BX005399.13
BX005399.1,BX005399.1
BX005399.4,BX005399.4
BX247865.2,BX247865.2
BX247865.3,BX247865.3
CABZ01052743.1,CABZ01052743.1
hpdb,hpdb
setd1bb,setd1bb
CABZ01049825.1,CABZ01049825.1
BX005361.2,BX005361.2
BX897670.1,BX897670.1
si:dkeyp-14d3.1,sidkeyp14d3.1
BX322651.1,BX322651.1
BX322622.1,BX322622.1
slc15a4,slc15a4
glt1d1,glt1d1
TMEM132D,TMEM132D
CT583723.2,CT583723.2
si:dkey-33b17.3,sidkey33b17.3
mhc2b,mhc2b
zgc:103700,zgc103700
FO744840.1,FO744840.1
mhc2bl,mhc2bl
si:zfos-2070c2.1,sizfos2070c2.1
si:busm1-194e12.8,sibusm1194e12.8
mhc2dab,mhc2dab
mhc2a,mhc2a
slc7a4,slc7a4
CU694380.2,CU694380.2
CU694380.1,CU694380.1
ccdc157,ccdc157
sf3a1,sf3a1
pold2,pold2
pqbp1,pqbp1
gpkow,gpkow
magixb,magixb
iqsec2b,iqsec2b
CR450740.1,CR450740.1
kdm5c,kdm5c
renbp,renbp
si:ch211-218o21.4,sich211218o21.4
zgc:162200,zgc162200
ren,ren
csf1b,csf1b
rbm39b,rbm39b
rh50,rh50
slc12a5b,slc12a5b
CR450833.1,CR450833.1
CR450833.2,CR450833.2
eif2d,eif2d
mapkapk2b,mapkapk2b
fmodb,fmodb
CR450833.3,CR450833.3
or135-1,or135-1
adrb3a,adrb3a
npm2a,npm2a
got1l1,got1l1
prlhr2a,prlhr2a
rab11fip1a,rab11fip1a
adgra2,adgra2
pdlim2,pdlim2
sorbs3,sorbs3
nkx6.3,nkx6.3
inpp5l,inpp5l
foxb2,foxb2
rfk,rfk
si:ch211-198d23.1,sich211198d23.1
CR628410.1,CR628410.1
pcsk5b,pcsk5b
CR392001.1,CR392001.1
CR392001.2,CR392001.2
CR392001.3,CR392001.3
CR392001.4,CR392001.4
lzts1,lzts1
msi1,msi1
si:dkey-63d15.12,sidkey63d15.12
TMEM233,TMEM233
prkab1b,prkab1b
pla2g1b,pla2g1b
asgrl1,asgrl1
si:ch211-170d8.8,sich211170d8.8
cox6a1,cox6a1
hps4,hps4
si:ch211-170d8.2,sich211170d8.2
hnf1a,hnf1a
zgc:162025,zgc162025
ftr98,ftr98
zgc:174931,zgc174931
unc119.1,unc119.1
mlec,mlec
cabp1a,cabp1a
asphd2,asphd2
ggt5a,ggt5a
ggt1a,ggt1a
lrrc75ba,lrrc75ba
CR388077.1,CR388077.1
gpx8,gpx8
anapc5,anapc5
rnf34a,rnf34a
kdm2ba,kdm2ba
orai1a,orai1a
aplnra,aplnra
tbc1d10aa,tbc1d10aa
myl7,myl7
gck,gck
CABZ01044746.1,CABZ01044746.1
NPC1L1,NPC1L1
izumo1,izumo1
dusp2,dusp2
adra2b,adra2b
gpat2,gpat2
fahd2a,fahd2a
zgc:152830,zgc152830
rnf10,rnf10
pop5,pop5
olfml2a,olfml2a
si:ch211-152p23.2,sich211152p23.2
arpc5la,arpc5la
golga1,golga1
BX005462.2,BX005462.2
si:ch211-158d24.2,sich211158d24.2
si:ch211-158d24.4,sich211158d24.4
BX469918.1,BX469918.1
gfra2a,gfra2a
BX119954.1,BX119954.1
dok2,dok2
kazald3,kazald3
crybb2,crybb2
si:ch73-138n13.1,sich73138n13.1
zgc:194007,zgc194007
kcnip3a,kcnip3a
CU914617.1,CU914617.1
slc23a2,slc23a2
rassf2a,rassf2a
prnpa,prnpa
ccdc92,ccdc92
rflna,rflna
ncor2,ncor2
ep400,ep400
ulk1a,ulk1a
adgrd1,adgrd1
AL808129.2,AL808129.2
AL808129.1,AL808129.1
rimbp2,rimbp2
stx2b,stx2b
piwil1,piwil1
fzd10,fzd10
CU914776.1,CU914776.1
CU914776.2,CU914776.2
si:busm1-228j01.6,sibusm1228j01.6
si:dkey-56i24.1-1,sidkey56i24.1-1
mhc1laa,mhc1laa
mhc1lba,mhc1lba
si:ch73-211l2.3,sich73211l2.3
si:dkey-220o5.5,sidkey220o5.5
rsph14,rsph14
bag4,bag4
lsm1,lsm1
grk5l,grk5l
star,star
elmod3,elmod3
si:ch1073-459j12.1,sich1073459j12.1
FO082780.1,FO082780.1
cacna1fa,cacna1fa
praf2,praf2
timm17b,timm17b
CRAT,CRAT
si:ch211-163b2.4,sich211163b2.4
BX005065.1,BX005065.1
CR376751.1,CR376751.1
adamts13,adamts13
ubap2b,ubap2b
pabpc1l,pabpc1l
chmp4bb,chmp4bb
tti2,tti2
mak16,mak16
ywhabb,ywhabb
BX088696.2,BX088696.2
SLC18A1,SLC18A1
ppiaa,ppiaa
ogdha,ogdha
CU137648.1,CU137648.1
adam9,adam9
nudt18,nudt18
fam160b2,fam160b2
si:ch211-119d14.2,sich211119d14.2
si:ch211-119d14.3,sich211119d14.3
pimr188,pimr188
CR354402.1,CR354402.1
mtor,mtor
angptl7,angptl7
si:dkey-75a21.2,sidkey75a21.2
qars1,qars1
ogg1,ogg1
si:ch211-196g2.4,sich211196g2.4
sult1st7,sult1st7
sult1st9,sult1st9
sult1st1,sult1st1
sult1st2,sult1st2
pimr187,pimr187
pimr186,pimr186
sult1st3,sult1st3
tas1r2.2,tas1r2.2
tas1r2.2-1,tas1r2.2-1
her3,her3
gpr153,gpr153
acot7,acot7
hes2.2,hes2.2
hes2.1,hes2.1
espn,espn
arhgef16,arhgef16
ybx1,ybx1
ppih,ppih
CR792439.1,CR792439.1
si:dkeyp-100a1.6,sidkeyp100a1.6
pimr189,pimr189
mthfr,mthfr
pex10,pex10
plch2a,plch2a
si:ch211-251b21.1,sich211251b21.1
dpp9,dpp9
CU499311.1,CU499311.1
si:ch211-243p7.3,sich211243p7.3
kank3,kank3
ndufa7,ndufa7
pimr185,pimr185
si:dkeyp-104h9.5,sidkeyp104h9.5
plod1a,plod1a
mfn2,mfn2
CU571079.1,CU571079.1
si:ch211-263k4.2,sich211263k4.2
CR381598.1,CR381598.1
si:ch211-263k4.2-1,sich211263k4.2-1
BX649478.1,BX649478.1
si:ch211-215j19.12,sich211215j19.12
nppal,nppal
nppb,nppb
nppa,nppa
clcn6,clcn6
pimr183,pimr183
pimr182,pimr182
BX323876.2,BX323876.2
pimr180,pimr180
pimr184,pimr184
BX323556.1,BX323556.1
tprg1l,tprg1l
wrap73,wrap73
tp73,tp73
rer1,rer1
aak1a,aak1a
ddx51,ddx51
zgc:56525,zgc56525
rad21l1,rad21l1
CT737131.1,CT737131.1
snpha,snpha
fkbp1aa,fkbp1aa
zgc:171501,zgc171501
fam110a,fam110a
prickle3,prickle3
plp2,plp2
si:ch211-194e1.7,sich211194e1.7
BX537103.1,BX537103.1
sypb,sypb
nfu1,nfu1
opn7d,opn7d
rasef,rasef
frmd3,frmd3
gkap1,gkap1
C8H9orf64,C8H9orf64
hnrnpk,hnrnpk
rmi1,rmi1
ntrk2a,ntrk2a
agtpbp1,agtpbp1
naa35,naa35
gfpt1,gfpt1
antxr1a,antxr1a
si:ch73-132k15.2,sich73132k15.2
hp-1,hp-1
entpd4,entpd4
slc25a37,slc25a37
nkx3-1,nkx3-1
nkx2.7,nkx2.7
stc1,stc1
ido1,ido1
rhobtb2a,rhobtb2a
CABZ01060030.2,CABZ01060030.2
PEBP4,PEBP4
egr3,egr3
bin3,bin3
acsl2,acsl2
FO704819.1,FO704819.1
b2ml,b2ml
ENSDARG00000007359,ENSDARG00000007359
CR855300.1,CR855300.1
rab7b,rab7b
si:dkey-32e23.4,sidkey32e23.4
CR855300.2,CR855300.2
DISP3,DISP3
bmp1a,bmp1a
kansl3,kansl3
si:ch211-198o12.4,sich211198o12.4
chmp7,chmp7
lgi3,lgi3
fgfr1a,fgfr1a
ankrd39,ankrd39
kctd9a,kctd9a
npy8br,npy8br
klhl22,klhl22
tbx16,tbx16
si:ch73-313l22.2,sich73313l22.2
cabin1,cabin1
cep78,cep78
gna14a,gna14a
vps13a,vps13a
tcf7l1b,tcf7l1b
FQ790367.1,FQ790367.1
ube2d4,ube2d4
dbnlb,dbnlb
arid5a,arid5a
COX5B,COX5B
gins4,gins4
zgc:77112,zgc77112
phyhip,phyhip
FO704661.1,FO704661.1
RNF122,RNF122
si:ch1073-392o20.2,sich1073392o20.2
stambpb,stambpb
si:ch73-199g24.2,sich73199g24.2
CR847897.1,CR847897.1
ccn1l2,ccn1l2
si:dkey-90l8.3,sidkey90l8.3
bcl2l16,bcl2l16
tubb2b,tubb2b
fgf17,fgf17
adgrd2,adgrd2
nr5a1a,nr5a1a
nr6a1a,nr6a1a
dre-mir-181b-2,dre-mir-181b-2
nadka,nadka
nadka-1,nadka-1
wdr46,wdr46
b3galt4,b3galt4
nr2c2,nr2c2
mrps25,mrps25
rbsn,rbsn
sult1st4,sult1st4
gabrd,gabrd
cacna1db,cacna1db
gnb1a,gnb1a
BICD2,BICD2
dcp1a,dcp1a
cacna1db-1,cacna1db-1
cacna1db-2,cacna1db-2
cacna1db-3,cacna1db-3
chdh,chdh
CU638702.1,CU638702.1
actr8,actr8
selenok,selenok
parapinopsina,parapinopsina
CACNA2D3,CACNA2D3
lrtm1,lrtm1
wnt5a,wnt5a
tlr9,tlr9
apeh,apeh
BSN,BSN
CABZ01090219.1,CABZ01090219.1
mib2,mib2
ubiad1,ubiad1
MMP23B,MMP23B
cdk11b,cdk11b
SLC35E2B,SLC35E2B
CABZ01079663.1,CABZ01079663.1
CABZ01066578.1,CABZ01066578.1
magi1a,magi1a
rho,rho
prickle2a,prickle2a
CABZ01085594.1,CABZ01085594.1
brpf1,brpf1
FO904970.1,FO904970.1
creld1b,creld1b
mbd4,mbd4
trh,trh
TMCC1,TMCC1
plxnd1,plxnd1
exorh,exorh
CABZ01111555.1,CABZ01111555.1
si:ch1073-209e23.1,sich1073209e23.1
grem1b,grem1b
arhgap11a,arhgap11a
CU655844.1,CU655844.1
actc1b,actc1b
zgc:77287,zgc77287
klhdc2,klhdc2
CABZ01083778.1,CABZ01083778.1
LO018437.2,LO018437.2
LO018437.1,LO018437.1
BX511111.3,BX511111.3
BX511111.1,BX511111.1
BX511111.2,BX511111.2
si:rp71-62i8.1,sirp7162i8.1
zgc:194887,zgc194887
chrm5a,chrm5a
C17H14orf28,C17H14orf28
KLHL28,KLHL28
CABZ01118767.1,CABZ01118767.1
CABZ01079748.1,CABZ01079748.1
soul3,soul3
fancm,fancm
slc25a47b,slc25a47b
wars1,wars1
CABZ01102109.1,CABZ01102109.1
CABZ01085623.1,CABZ01085623.1
CABZ01085626.1,CABZ01085626.1
wdr20a,wdr20a
CABZ01078858.1,CABZ01078858.1
dync1h1,dync1h1
ppp2r5ca,ppp2r5ca
cyp1c2,cyp1c2
gchfr,gchfr
dnajc17,dnajc17
CABZ01060373.1,CABZ01060373.1
adss1,adss1
siva1,siva1
zbtb42,zbtb42
LO018430.2,LO018430.2
akt1,akt1
LO018432.1,LO018432.1
srp14,srp14
xgb,xgb
CABZ01086293.1,CABZ01086293.1
CABZ01063203.1,CABZ01063203.1
spint1a,spint1a
zgc:162989,zgc162989
zfyve19,zfyve19
bub1bb,bub1bb
pak6a,pak6a
PLCB2,PLCB2
CABZ01058452.1,CABZ01058452.1
ccdc9b,ccdc9b
si:dkey-248g15.3,sidkey248g15.3
zp3.2,zp3.2
zp3,zp3
zp3.2-1,zp3.2-1
ptpn21,ptpn21
spata7,spata7
kcnk10b,kcnk10b
gpr65,gpr65
bdkrb1,bdkrb1
C17H14orf132,C17H14orf132
CR853296.2,CR853296.2
zgc:136872,zgc136872
tmem151bb,tmem151bb
WSCD1,WSCD1
sntg2,sntg2
PLCB4,PLCB4
PLCB1,PLCB1
tmx4,tmx4
hao1,hao1
bmp2a,bmp2a
gdf3,gdf3
napba,napba
mcm8,mcm8
crls1,crls1
klhl10a,klhl10a
si:zfos-364h11.2,sizfos364h11.2
si:zfos-364h11.2-1,sizfos364h11.2-1
cdc5l,cdc5l
supt3h,supt3h
runx2a,runx2a
clic5a,clic5a
enpp4,enpp4
fam167aa,fam167aa
CU571310.1,CU571310.1
xkr6a,xkr6a
si:dkey-100n19.2,sidkey100n19.2
rp1l1a,rp1l1a
si:ch73-340m8.2,sich73340m8.2
fndc4b,fndc4b
gckr,gckr
znf513b,znf513b
zgc:194275,zgc194275
ephx2,ephx2
chrna2a,chrna2a
ptk2ba,ptk2ba
BX000363.1,BX000363.1
dusp23b,dusp23b
oct2,oct2
txlnbb,txlnbb
CR628323.2,CR628323.2
hivep2b,hivep2b
fuca2,fuca2
coq8ab,coq8ab
dnajc5gb,dnajc5gb
TP53I3,TP53I3
cenpo,cenpo
slc5a6b,slc5a6b
ANKRD66,ANKRD66
adgrf3a,adgrf3a
si:ch211-189e2.3,sich211189e2.3
BX005321.1,BX005321.1
smc6,smc6
vsnl1b,vsnl1b
afg1la,afg1la
foxo3a,foxo3a
ccdc162,ccdc162
si:ch73-242m19.1,sich73242m19.1
zbtb24,zbtb24
zgc:172341,zgc172341
UST,UST
sash1b,sash1b
SAMD5,SAMD5
stxbp5b,stxbp5b
CABZ01057751.1,CABZ01057751.1
rab32b,rab32b
grm1b,grm1b
si:ch211-278p9.1,sich211278p9.1
si:ch211-278p9.2,sich211278p9.2
si:ch211-278p9.3,sich211278p9.3
BX296541.1,BX296541.1
klhl10b.1,klhl10b.1
shprh,shprh
si:dkeyp-110a12.4,sidkeyp110a12.4
fbxo30a,fbxo30a
BX511121.1,BX511121.1
stx11a,stx11a
BX088649.1,BX088649.1
akap12a,akap12a
zbtb2a,zbtb2a
rmnd1,rmnd1
ccdc170,ccdc170
syne1b,syne1b
BX927406.1,BX927406.1
myct1b,myct1b
tulp4b,tulp4b
slc18b1,slc18b1
ahi1,ahi1
si:ch211-236p5.2,sich211236p5.2
si:ch211-236p5.3,sich211236p5.3
lft2,lft2
cdc42bpaa,cdc42bpaa
FO818681.1,FO818681.1
fzd3b,fzd3b
CU462878.1,CU462878.1
CU462878.3,CU462878.3
CU462878.2,CU462878.2
ctbp2a,ctbp2a
tex36,tex36
edrf1,edrf1
BX323450.1,BX323450.1
tonsl,tonsl
nkl.4,nkl.4
nkl.3,nkl.3
nkl.1,nkl.1
psmc1a,psmc1a
zranb1b,zranb1b
akap6,akap6
NPAS3,NPAS3
CU855685.1,CU855685.1
egln3,egln3
sptssa,sptssa
eapp,eapp
snx6,snx6
cfl2,cfl2
baz1a,baz1a
baz1a-1,baz1a-1
zgc:109986,zgc109986
srp54,srp54
sec23a,sec23a
BX088587.1,BX088587.1
clec14a,clec14a
sstr1a,sstr1a
ttc6,ttc6
foxa1,foxa1
mipol1,mipol1
tyro3,tyro3
mgaa,mgaa
mapkbp1,mapkbp1
jmjd7,jmjd7
tbpl2,tbpl2
ATG14,ATG14
fbxo34,fbxo34
pimr177,pimr177
lgals3b,lgals3b
FQ312017.2,FQ312017.2
dact1,dact1
si:ch211-185a18.2,sich211185a18.2
irf2bpl,irf2bpl
timm9,timm9
FP102895.1,FP102895.1
arid4a,arid4a
FP102895.3,FP102895.3
CU076099.3,CU076099.3
CU076099.1,CU076099.1
CU076099.2,CU076099.2
psma3,psma3
adpgk2,adpgk2
hnrnpua,hnrnpua
efcab2,efcab2
kif26ba,kif26ba
smyd3,smyd3
tfb2m,tfb2m
cnsta,cnsta
sccpdha.2,sccpdha.2
sccpdha.1,sccpdha.1
kif28,kif28
si:rp71-84d9.1,sirp7184d9.1
ahctf1,ahctf1
pimr175,pimr175
snap25b,snap25b
ankef1b,ankef1b
khk,khk
emilin1b,emilin1b
gpn1,gpn1
stmn4l,stmn4l
il17a/f1,il17af1
lrrc57,lrrc57
brms1la,brms1la
ralgapa1,ralgapa1
BX649530.2,BX649530.2
INSM2,INSM2
nfkbiab,nfkbiab
psma6a,psma6a
prorp,prorp
ppp2r3c,ppp2r3c
fbxo33,fbxo33
mia2,mia2
gemin2,gemin2
pnn,pnn
FP017295.1,FP017295.1
lrfn5a,lrfn5a
BX005443.1,BX005443.1
BX004996.1,BX004996.1
ccdc175,ccdc175
jkamp,jkamp
gpr135,gpr135
daam1a,daam1a
sdsl,sdsl
ppp1r13ba,ppp1r13ba
ptp4a2a,ptp4a2a
CU694317.1,CU694317.1
cx28.6,cx28.6
si:ch73-305o9.3,sich73305o9.3
si:ch211-266o15.1,sich211266o15.1
rtraf,rtraf
nid2a,nid2a
CR774184.1,CR774184.1
ptger2a,ptger2a
txndc16,txndc16
gpr137c,gpr137c
ero1a,ero1a
samd4a,samd4a
CR387921.1,CR387921.1
gch1,gch1
wdhd1,wdhd1
CU464134.1,CU464134.1
socs4,socs4
gnpnat1,gnpnat1
styx,styx
ros1,ros1
si:ch211-270g19.5,sich211270g19.5
si:ch211-266g18.6,sich211266g18.6
cx40.8,cx40.8
CU306817.1,CU306817.1
fabp7a,fabp7a
si:ch211-266g18.10,sich211266g18.10
fyna,fyna
marcksb,marcksb
col10a1a,col10a1a
bach2a,bach2a
si:ch211-266g18.9,sich211266g18.9
fhl5,fhl5
fut9a,fut9a
manea,manea
cx52.7,cx52.7
ankrd6a,ankrd6a
rragd,rragd
gabrr2a,gabrr2a
CR759878.1,CR759878.1
syne3,syne3
CR450701.1,CR450701.1
clmn,clmn
si:ch73-204p21.2,sich73204p21.2
map7a,map7a
znf395a,znf395a
CT954240.1,CT954240.1
pnoca,pnoca
kif13ba,kif13ba
hmbox1a,hmbox1a
kcnk13a,kcnk13a
tdp1,tdp1
efcab11,efcab11
BX927159.1,BX927159.1
foxn3,foxn3
ston2,ston2
dio2,dio2
nrxn3a,nrxn3a
adck1,adck1
slirp,slirp
alkbh1,alkbh1
sptlc2a,sptlc2a
ism2a,ism2a
CU855697.1,CU855697.1
ccdc85ca,ccdc85ca
hhipl1,hhipl1
setd3,setd3
bcl11ba,bcl11ba
CU467823.1,CU467823.1
vrk1,vrk1
si:dkey-288a3.2,sidkey288a3.2
ak7b,ak7b
galcb,galcb
flrt2-1,flrt2-1
gsc,gsc
AL772219.1,AL772219.1
dicer1,dicer1
kif11,kif11
slc22a15,slc22a15
CU571091.1,CU571091.1
cyp26c1,cyp26c1
reep3a,reep3a
rgs7a,rgs7a
grem2a,grem2a
fmn2a,fmn2a
chrm3a,chrm3a
ryr2b,ryr2b
actn2b,actn2b
p4ha1b,p4ha1b
si:ch211-248a14.8,sich211248a14.8
ecd,ecd
gnrh3,gnrh3
mgmt,mgmt
ebf3b,ebf3b
bnip4,bnip4
smndc1,smndc1
add3b,add3b
BX005375.1,BX005375.1
sorcs3b,sorcs3b
neurl1ab,neurl1ab
sh3pxd2ab,sh3pxd2ab
zgc:162183,zgc162183
si:ch73-288o11.4,sich73288o11.4
si:ch73-288o11.5,sich73288o11.5
si:ch73-306e8.2,sich73306e8.2
npy4r,npy4r
slc16a9a,slc16a9a
ccdc6a,ccdc6a
ank3a,ank3a
cdk1,cdk1
tmem26a,tmem26a
phyhipla,phyhipla
bicc1a,bicc1a
ube2d1a,ube2d1a
vsx1,vsx1
entpd6,entpd6
pygb,pygb
abhd12,abhd12
hspa12a,hspa12a
eno4,eno4
shtn1,shtn1
atp6v1ba,atp6v1ba
vax1,vax1
pla2g4f.1,pla2g4f.1
pla2g4f.2,pla2g4f.2
chst15,chst15
BX927351.1,BX927351.1
gpr26,gpr26
ikzf5,ikzf5
hmx2,hmx2
hmx3a,hmx3a
si:ch211-208g24.8,sich211208g24.8
cuzd1.2,cuzd1.2
cuzd1.1,cuzd1.1
plekha1a,plekha1a
htra1a,htra1a
crip3,crip3
slc22a7b.3,slc22a7b.3
slc22a7b.2,slc22a7b.2
slc22a7b.1,slc22a7b.1
zmp:0000001102,zmp0000001102
ttbk1b,ttbk1b
nphp1,nphp1
malb,malb
mrps5,mrps5
slc8a1b,slc8a1b
CU104709.1,CU104709.1
BX511218.1,BX511218.1
edaradd,edaradd
si:ch211-125o16.4,sich211125o16.4
BX511245.1,BX511245.1
exo1,exo1
yipf4,yipf4
birc6,birc6
birc6-as2,birc6-as2
ttc27,ttc27
BX511309.1,BX511309.1
ltbp1,ltbp1
rasgrp3,rasgrp3
fam98a,fam98a
AL935174.6,AL935174.6
AL935174.3,AL935174.3
AL935174.4,AL935174.4
fgfbp3,fgfbp3
ppp1r3ca,ppp1r3ca
si:ch211-149k12.3,sich211149k12.3
pcgf5a,pcgf5a
ankrd1a,ankrd1a
kif20ba,kif20ba
htr7a,htr7a
zgc:65997,zgc65997
pank1a,pank1a
slc16a12a,slc16a12a
ifit16,ifit16
ifit15,ifit15
ifit14,ifit14
fas,fas
ptena,ptena
papss2a,papss2a
minpp1a,minpp1a
SGMS1,SGMS1
kcnk18,kcnk18
slc18a2,slc18a2
pdzd8,pdzd8
pex13,pex13
si:ch211-189k9.2,sich211189k9.2
xpo1b,xpo1b
si:ch211-63b16.3,sich21163b16.3
si:ch211-63b16.4,sich21163b16.4
b3gnt2b,b3gnt2b
ehbp1,ehbp1
BX649529.1,BX649529.1
otx1,otx1
wdpcp,wdpcp
mdh1ab,mdh1ab
ugp2b,ugp2b
peli1b,peli1b
abch1,abch1
aftphb,aftphb
rlf,rlf
ENSDARG00000094627,ENSDARG00000094627
zmpste24,zmpste24
atp5if1b,atp5if1b
rpl13a,rpl13a
CR626962.1,CR626962.1
commd9,commd9
thumpd2,thumpd2
map4k3b,map4k3b
arhgef33,arhgef33
morn2,morn2
znf593,znf593
selenon,selenon
si:ch211-15d5.11,sich21115d5.11
si:ch211-15d5.12,sich21115d5.12
mtfr1l,mtfr1l
stac,stac
si:dkey-74h17.3,sidkey74h17.3
CR388164.3,CR388164.3
CR388164.2,CR388164.2
spdya,spdya
trmt61b,trmt61b
wdr43,wdr43
CR388164.1,CR388164.1
cx34.4,cx34.4
cx35.4,cx35.4
hmgcl,hmgcl
zbtb8a,zbtb8a
gale,gale
si:ch211-195o20.7,sich211195o20.7
zgc:193593,zgc193593
CR391986.1,CR391986.1
dlgap2a,dlgap2a
cln8,cln8
BX005351.1,BX005351.1
arhgef10,arhgef10
kbtbd11,kbtbd11
ppie,ppie
pabpc4,pabpc4
tmem54a,tmem54a
zpcx,zpcx
lck,lck
fam167b,fam167b
zgc:154055,zgc154055
tdh2,tdh2
srrm1,srrm1
clic4,clic4
crybg1a,crybg1a
FP015823.1,FP015823.1
rtn4ip1,rtn4ip1
qrsl1,qrsl1
si:ch211-214p16.1,sich211214p16.1
si:ch211-214p16.2,sich211214p16.2
iars2,iars2
rab3gap2,rab3gap2
ppp1cb,ppp1cb
si:ch211-214p16.3,sich211214p16.3
kcnh1a,kcnh1a
hhat,hhat
acss1,acss1
wapla,wapla
BX000364.4,BX000364.4
BX000364.3,BX000364.3
grid1a,grid1a
ccser2a,ccser2a
sparcl2,sparcl2
ndnfl,ndnfl
fam149b1,fam149b1
mrpl57,mrpl57
ttc7b,ttc7b
calm1a,calm1a
nrde2,nrde2
larp1b,larp1b
AL928908.2,AL928908.2
pgrmc2,pgrmc2
asmt2,asmt2
jade1,jade1
si:dkey-221l4.10,sidkey221l4.10
rcan3,rcan3
nipal3,nipal3
grhl3,grhl3
si:dkey-221l4.11,sidkey221l4.11
AL928908.3,AL928908.3
cnksr1,cnksr1
rps6ka1,rps6ka1
si:ch211-160f23.7,sich211160f23.7
asap3,asap3
si:ch211-160f23.5,sich211160f23.5
id3,id3
si:ch1073-358c10.1,sich1073358c10.1
FP017274.1,FP017274.1
dre-mir-124-4,dre-mir-124-4
ythdf2,ythdf2
vgll2b,vgll2b
ctsl.1,ctsl.1
pacrg,pacrg
qkia,qkia
ptafr,ptafr
luzp1,luzp1
AL844186.1,AL844186.1
kdm1a,kdm1a
tmem30b,tmem30b
htr1d,htr1d
mdga2a,mdga2a
im:7136021,im7136021
mis18bp1,mis18bp1
heatr5a,heatr5a
BX465838.2,BX465838.2
hectd1,hectd1
ap4s1,ap4s1
strn3,strn3
coch,coch
opn6b,opn6b
scfd1,scfd1
g2e3,g2e3
CR788235.1,CR788235.1
prkd1,prkd1
CR925802.1,CR925802.1
foxg1a,foxg1a
sptbn5,sptbn5
ehd4,ehd4
si:dkey-28g23.6,sidkey28g23.6
traf3,traf3
rcor1,rcor1
ankrd9,ankrd9
tecpr2,tecpr2
ptpreb,ptpreb
kctd3,kctd3
ush2a,ush2a
CT027582.1,CT027582.1
esrrga,esrrga
CR377229.1,CR377229.1
si:dkey-27l15.1,sidkey27l15.1
spata17,spata17
si:ch211-139l2.1,sich211139l2.1
greb1,greb1
lpin1,lpin1
si:ch211-175f11.5,sich211175f11.5
itsn2b,itsn2b
nhsl1a,nhsl1a
si:dkey-190l8.2,sidkey190l8.2
sh3yl1,sh3yl1
alkal2b,alkal2b
zgc:194392,zgc194392
apoba,apoba
ldah,ldah
gdf7,gdf7
tpp1,tpp1
yy1a,yy1a
degs2,degs2
evla,evla
eml1,eml1
BX571712.1,BX571712.1
BX571712.3,BX571712.3
pkdccb,pkdccb
BX571712.2,BX571712.2
disp2,disp2
rpusd2,rpusd2
pcmtl,pcmtl
ccdc32,ccdc32
prlh2r,prlh2r
bahd1,bahd1
ivd,ivd
itpka,itpka
ltk,ltk
rpap1,rpap1
si:dkey-13p1.4,sidkey13p1.4
si:dkey-13p1.3,sidkey13p1.3
si:dkey-170l10.1,sidkey170l10.1
adprhl2,adprhl2
cinp,cinp
znf839,znf839
vsx2,vsx2
lin52,lin52
pomt2,pomt2
dtd2,dtd2
nubpl,nubpl
arhgap5,arhgap5
abraxas2,abraxas2
eef1akmt2,eef1akmt2
INSYN2A,INSYN2A
adam12,adam12
dhx32b,dhx32b
si:ch211-139d20.3,sich211139d20.3
CR627496.1,CR627496.1
klf11b,klf11b
ywhaqb,ywhaqb
grhl1,grhl1
gcfc2,gcfc2
xkr5b,xkr5b
ctsba,ctsba
cgref1,cgref1
kcnk2a,kcnk2a
cenpf,cenpf
smyd2a,smyd2a
prox1a,prox1a
snx9a,snx9a
AL590149.1,AL590149.1
pomca,pomca
efr3ba,efr3ba
dnajc27,dnajc27
BX323819.1,BX323819.1
si:ch211-132f19.7,sich211132f19.7
xdh,xdh
ccdc28a,ccdc28a
ccdc28a-1,ccdc28a-1
snap23.1,snap23.1
CR628327.1,CR628327.1
snap23.2,snap23.2
rin3,rin3
pth2,pth2
tmem121aa,tmem121aa
si:dkey-84k17.2,sidkey84k17.2
dnal1,dnal1
dnal1-1,dnal1-1
fut8a,fut8a
gphna,gphna
mpp5a,mpp5a
eif2s1a,eif2s1a
CR385035.1,CR385035.1
id2a,id2a
kidins220a,kidins220a
mboat2a,mboat2a
asap2a,asap2a
itgb1bp1,itgb1bp1
iah1,iah1
adam17a,adam17a
CR556709.1,CR556709.1
rnf144aa,rnf144aa
rsad2,rsad2
cmpk2,cmpk2
BX571665.1,BX571665.1
BX255944.2,BX255944.2
sox11a,sox11a
AL929378.2,AL929378.2
BX005484.1,BX005484.1
si:dkey-25g12.4,sidkey25g12.4
colec11,colec11
htr1b,htr1b
impg1b,impg1b
CR354585.1,CR354585.1
BX649242.1,BX649242.1
myo6b,myo6b
senp6b,senp6b
mapre3a,mapre3a
dpysl5a,dpysl5a
BX571720.2,BX571720.2
dnmt3ab,dnmt3ab
dtnbb,dtnbb
asxl2,asxl2
kif3cb,kif3cb
slc30a1b,slc30a1b
hadhab,hadhab
tmem62,tmem62
CR318625.1,CR318625.1
ptgr2,ptgr2
elmsan1b,elmsan1b
si:ch211-180n24.3,sich211180n24.3
crip1,crip1
CR382330.2,CR382330.2
crip2,crip2
mta1,mta1
tmem229b,tmem229b
zfp36l1a,zfp36l1a
BX248106.1,BX248106.1
plekhh1,plekhh1
slc25a21,slc25a21
pax9,pax9
nkx2.9,nkx2.9
nkx2.1,nkx2.1
mbip,mbip
rps6ka5,rps6ka5
cdan1,cdan1
stard9,stard9
sptb,sptb
ccdc88c,ccdc88c
GPR68,GPR68
dglucy,dglucy
slc24a4a,slc24a4a
crim1,crim1
zgc:174356,zgc174356
eprs1,eprs1
si:dkey-229e3.2,sidkey229e3.2
pimr60,pimr60
ubr1,ubr1
prph2la,prph2la
BX548170.1,BX548170.1
si:dkey-187k19.2,sidkey187k19.2
LRFN2,LRFN2
supt7l,supt7l
slc4a1ap,slc4a1ap
si:dkey-16j16.4,sidkey16j16.4
mrpl33,mrpl33
rbks,rbks
babam2,babam2
fosl2,fosl2
mocs1,mocs1
CR381689.1,CR381689.1
insm1b,insm1b
ralgapa2,ralgapa2
kiz,kiz
nkx2.4a,nkx2.4a
nkx2.2a,nkx2.2a
pax1a,pax1a
CR925755.2,CR925755.2
linc.alien,linc.alien
foxa2,foxa2
prkd3,prkd3
mocs3,mocs3
qpct,qpct
zgc:92137,zgc92137
atg2b,atg2b
gskip,gskip
NPC2,NPC2
isca2,isca2
EML5,EML5
itpk1b,itpk1b
plk4,plk4
hspa4l,hspa4l
chmp3,chmp3
reep1,reep1
mrpl35,mrpl35
si:dkey-21a6.5,sidkey21a6.5
nt5c1ab,nt5c1ab
BX927349.1,BX927349.1
zfyve28,zfyve28
cfap99,cfap99
rtkn2a,rtkn2a
znf365,znf365
adob,adob
egr2a,egr2a
FO704797.1,FO704797.1
FO704777.1,FO704777.1
ahsa1b,ahsa1b
zgc:66313,zgc66313
msh4,msh4
ktn1,ktn1
BX465227.2,BX465227.2
BX465227.1,BX465227.1
peli2,peli2
BX511267.1,BX511267.1
BX005128.1,BX005128.1
tmem260,tmem260
otx2b,otx2b
CR936482.1,CR936482.1
BX548045.1,BX548045.1
exoc5,exoc5
ap5m1,ap5m1
naa30,naa30
slc35f4,slc35f4
pgfb,pgfb
cipca,cipca
zdhhc22,zdhhc22
tmem63c,tmem63c
ngb,ngb
fam161b,fam161b
coq6,coq6
entpd5a,entpd5a
aldh6a1,aldh6a1
gstz1,gstz1
zgc:163014,zgc163014
tmed8,tmed8
noxred1,noxred1
CU695222.2,CU695222.2
ttbk2a,ttbk2a
ganc,ganc
capn3a,capn3a
znf106a,znf106a
pacc1,pacc1
nenf,nenf
tagapa,tagapa
ezra,ezra
kcnk3b,kcnk3b
march1,march1
hhipl2,hhipl2
susd4,susd4
si:ch211-202f3.3,sich211202f3.3
si:ch211-202f3.4,sich211202f3.4
vcpkmt,vcpkmt
zgc:162184,zgc162184
arf6b,arf6b
aspg,aspg
dre-mir-203a,dre-mir-203a
kif26ab,kif26ab
si:dkey-206p8.1,sidkey206p8.1
CABZ01084273.1,CABZ01084273.1
AL953848.2,AL953848.2
pimr24,pimr24
CU137681.3,CU137681.3
CU137681.1,CU137681.1
CU137681.8,CU137681.8
CABZ01056321.1,CABZ01056321.1
zgc:103755,zgc103755
si:dkeyp-47f9.4,sidkeyp47f9.4
alk,alk
BX663528.1,BX663528.1
slc39a9,slc39a9
plekhd1,plekhd1
smoc1,smoc1
LO018422.1,LO018422.1
FP236356.1,FP236356.1
FP236356.2,FP236356.2
kcnk5a,kcnk5a
kcnk17,kcnk17
kif6,kif6
daam2,daam2
lgals8b,lgals8b
gnmt,gnmt
si:ch1073-80i24.3,sich107380i24.3
hs1bp3,hs1bp3
CABZ01088109.1,CABZ01088109.1
tiam2a,tiam2a
tfb1m,tfb1m
CU695076.1,CU695076.1
zgc:113176,zgc113176
orc3,orc3
gpx2,gpx2
mthfd1b,mthfd1b
znf292a,znf292a
cga,cga
fcf1,fcf1
AREL1,AREL1
LO018408.2,LO018408.2
zmp:0000001267,zmp0000001267
CU929037.1,CU929037.1
CU929037.3,CU929037.3
CU929037.2,CU929037.2
zgc:171599,zgc171599
zgc:113372,zgc113372
col12a1a,col12a1a
cox7a2a,cox7a2a
tmem30aa,tmem30aa
filip1a,filip1a
FO834825.1,FO834825.1
zgc:100951,zgc100951
FO834825.3,FO834825.3
zgc:113886,zgc113886
FO704836.1,FO704836.1
zgc:113886-1,zgc1138861
vps39,vps39
CU655820.1,CU655820.1
galnt16,galnt16
jdp2a,jdp2a
fosaa,fosaa
acyp1,acyp1
zc2hc1c,zc2hc1c
syncripl,syncripl
si:ch73-50f9.4,sich7350f9.4
otofb,otofb
znf982,znf982
si:ch211-235i11.5,sich211235i11.5
zgc:113886-2,zgc1138862
si:ch211-235i11.4,sich211235i11.4
si:ch211-235i11.6,sich211235i11.6
si:ch211-235i11.3,sich211235i11.3
zgc:113377,zgc113377
CR382385.1,CR382385.1
bmp4,bmp4
ddhd1a,ddhd1a
fermt2,fermt2
stxbp6,stxbp6
GJD2,GJD2
aqr,aqr
paplna,paplna
si:ch1073-469d17.2,sich1073469d17.2
psen1,psen1
adi1,adi1
trappc12,trappc12
eipr1,eipr1
CABZ01067581.1,CABZ01067581.1
pxdn,pxdn
zgc:113142,zgc113142
ccr6b,ccr6b
atp6v1c2,atp6v1c2
nol10,nol10
odc1,odc1
si:ch211-168d23.3,sich211168d23.3
exd2,exd2
numb,numb
flvcr2a,flvcr2a
ERG28,ERG28
ttll5,ttll5
tgfb3,tgfb3
esrrb,esrrb
BX005229.1,BX005229.1
prox2,prox2
dlst,dlst
rps6kl1,rps6kl1
si:ch211-173a9.6,sich211173a9.6
si:ch211-173a9.6-1,sich211173a9.6-1
lrrc74a,lrrc74a
angel1,angel1
fam98b,fam98b
spred1,spred1
meis2a-1,meis2a-1
CABZ01078350.1,CABZ01078350.1
CDIN1,CDIN1
dph6,dph6
VASH1,VASH1
atxn3,atxn3
si:ch1073-416d2.3,sich1073416d2.3
ddx24,ddx24
si:ch1073-416d2.4,sich1073416d2.4
asb2b,asb2b
exd1,exd1
CABZ01066926.1,CABZ01066926.1
unm-sa911,unm-sa911
CABZ01068208.1,CABZ01068208.1
CABZ01068209.1,CABZ01068209.1
zmp:0000000527,zmp0000000527
CABZ01117357.1,CABZ01117357.1
slc9a1b,slc9a1b
fabp10b,fabp10b
srsf10b,srsf10b
cx52.9,cx52.9
mycbp,mycbp
si:zfos-1714f5.3,sizfos1714f5.3
CYTL1,CYTL1
msx1a,msx1a
stx18,stx18
zbtb49,zbtb49
lyar,lyar
tmem107,tmem107
OTOP1,OTOP1
CABZ01086812.1,CABZ01086812.1
stag3,stag3
mcm7,mcm7
gpc2,gpc2
CABZ01088229.1,CABZ01088229.1
WDR1,WDR1
nkx3-2,nkx3-2
bod1l1,bod1l1
aurkb,aurkb
tmem107-1,tmem107-1
LO018022.2,LO018022.2
FAT4,FAT4
ANKRD50,ANKRD50
zgc:172215,zgc172215
spry1,spry1
CABZ01085878.1,CABZ01085878.1
nudt6,nudt6
fgf2,fgf2
dele1,dele1
LO018568.2,LO018568.2
LO018568.1,LO018568.1
ube2ka,ube2ka
si:zfos-741a10.4,sizfos741a10.4
si:zfos-741a10.3,sizfos741a10.3
ints10,ints10
tlr1,tlr1
klb,klb
trim35-27,trim35-27
adra2da,adra2da
slc34a1a,slc34a1a
CU928046.1,CU928046.1
rgs14a,rgs14a
si:ch73-208h1.2,sich73208h1.2
si:ch73-208h1.1,sich73208h1.1
arl3l2,arl3l2
CU462913.1,CU462913.1
myoz3a,myoz3a
acsl1b,acsl1b
arsia,arsia
si:ch73-308l14.2,sich73308l14.2
f8,f8
FQ311908.1,FQ311908.1
si:ch1073-303k11.2,sich1073303k11.2
sec24b,sec24b
hopx,hopx
arl9,arl9
srp72,srp72
adad1,adad1
CABZ01081490.1,CABZ01081490.1
il21,il21
cetn4,cetn4
bbs12,bbs12
tbc1d9-1,tbc1d9-1
zgc:152774,zgc152774
pmt,pmt
CABZ01109481.1,CABZ01109481.1
CABZ01109480.1,CABZ01109480.1
CABZ01064248.1,CABZ01064248.1
LO018564.1,LO018564.1
LO018106.2,LO018106.2
LO018106.1,LO018106.1
hrh2a,hrh2a
trpc7b,trpc7b
pcdh2g28,pcdh2g28
BX005294.2,BX005294.2
BX005294.1,BX005294.1
CT573264.1,CT573264.1
CT573264.2,CT573264.2
pcdh2ab9,pcdh2ab9
pcdh2ab12,pcdh2ab12
pcdh2ab10,pcdh2ab10
pcdh2ab5,pcdh2ab5
pcdh2ab3,pcdh2ab3
pcdh2aa15,pcdh2aa15
pcdh2ab6,pcdh2ab6
pcdh2ab9-1,pcdh2ab9-1
pcdh2ab1,pcdh2ab1
CR847851.1,CR847851.1
pcdh2aa1,pcdh2aa1
pcdh2ab2-1,pcdh2ab2-1
si:dkeyp-115d7.2,sidkeyp115d7.2
si:ch73-379j16.2,sich73379j16.2
pcdhb,pcdhb
si:ch73-233f7.8,sich73233f7.8
si:ch73-233f7.7,sich73233f7.7
si:ch73-233f7.6,sich73233f7.6
si:ch73-233f7.5,sich73233f7.5
si:ch73-233f7.4,sich73233f7.4
si:ch73-233f7.3,sich73233f7.3
si:ch73-233f7.1,sich73233f7.1
CU855896.3,CU855896.3
dre-mir-733,dre-mir-733
CU855896.2,CU855896.2
CU855896.1,CU855896.1
CU929317.1,CU929317.1
fgf18a,fgf18a
fbxw11a,fbxw11a
etf1a,etf1a
spock1,spock1
bicc2,bicc2
ndst1a,ndst1a
cd74a,cd74a
si:dkey-201i24.3,sidkey201i24.3
slc35a4,slc35a4
hmgxb3,hmgxb3
si:zfos-1069f5.1,sizfos1069f5.1
csf1ra,csf1ra
pdgfrb,pdgfrb
cdx1a,cdx1a
CABZ01073834.1,CABZ01073834.1
im:7150988,im7150988
trpc3,trpc3
gstp2,gstp2
gstp1,gstp1
fnta,fnta
CABZ01069945.1,CABZ01069945.1
FP102783.1,FP102783.1
PIGG,PIGG
lrp2bp,lrp2bp
snx25,snx25
enpp6,enpp6
irf2,irf2
casp3b,casp3b
dhrs13l1,dhrs13l1
BX088718.2,BX088718.2
si:dkey-185e18.7,sidkey185e18.7
slc25a51b,slc25a51b
frmpd1b,frmpd1b
gnpda2,gnpda2
guf1,guf1
LO018287.1,LO018287.1
gabra4,gabra4
ap1ar,ap1ar
BX510929.1,BX510929.1
nanos1,nanos1
FQ311907.1,FQ311907.1
lbx2,lbx2
pcgf1,pcgf1
fgf24,fgf24
BX276088.1,BX276088.1
npm1b,npm1b
tlx2,tlx2
kazald2,kazald2
FP085432.1,FP085432.1
aup1,aup1
loxl3a,loxl3a
kctd8,kctd8
FP103005.3,FP103005.3
bscl2l,bscl2l
si:ch73-22a13.3,sich7322a13.3
FP103005.2,FP103005.2
hdx,hdx
smu1a,smu1a
elp1,elp1
tbc1d2,tbc1d2
slc44a1b,slc44a1b
abca1b,abca1b
CT009487.1,CT009487.1
nipsnap3a,nipsnap3a
CT009487.2,CT009487.2
thg1l,thg1l
adam19b,adam19b
si:dkeyp-44a8.2,sidkeyp44a8.2
si:dkeyp-44a8.4,sidkeyp44a8.4
si:ch211-266k2.1,sich211266k2.1
clk4a,clk4a
rack1,rack1
nme5,nme5
hnrnpaba,hnrnpaba
eif4ebp3l,eif4ebp3l
hnrnph1,hnrnph1
rufy1,rufy1
hbegfa,hbegfa
si:ch73-43g23.1,sich7343g23.1
trpt1,trpt1
ctsf,ctsf
stox2b,stox2b
si:ch211-51f19.1,sich21151f19.1
trappc11,trappc11
BX890601.1,BX890601.1
hars,hars
dnd1,dnd1
gfra3,gfra3
FP245526.1,FP245526.1
brd8,brd8
si:ch211-39i2.2,sich21139i2.2
sting1,sting1
ppp3cb,ppp3cb
ube2d2,ube2d2
zgc:110843,zgc110843
cxxc5b,cxxc5b
zgc:92242,zgc92242
psd2,psd2
purab,purab
nrg2b,nrg2b
CR407701.1,CR407701.1
si:dkey-160o24.3,sidkey160o24.3
eif1ad,eif1ad
tmco6,tmco6
dnajc4,dnajc4
vegfba,vegfba
stx5a,stx5a
zgc:162144,zgc162144
si:dkeyp-115e12.6,sidkeyp115e12.6
kcnk4a,kcnk4a
tgfb5,tgfb5
trmt112,trmt112
si:dkeyp-115e12.7,sidkeyp115e12.7
ATG2A,ATG2A
zgc:153681,zgc153681
rps6kal,rps6kal
si:ch211-274f20.2,sich211274f20.2
sybl1,sybl1
CU468164.1,CU468164.1
polr1d,polr1d
sh2d1ab,sh2d1ab
arhgef9b,arhgef9b
asb12b,asb12b
msnb,msnb
tent5d,tent5d
tbx22,tbx22
sh3bgrl,sh3bgrl
hmgn6,hmgn6
si:dkeyp-86f7.4,sidkeyp86f7.4
rell2,rell2
st3gal5,st3gal5
atoh8,atoh8
tmem129,tmem129
CR792437.1,CR792437.1
si:zfos-2326c3.2,sizfos2326c3.2
il1rapl2,il1rapl2
fam199x,fam199x
commd5,commd5
cysltr1,cysltr1
lpar4,lpar4
p2ry10,p2ry10
gpr174,gpr174
si:dkey-92i17.2,sidkey92i17.2
nup62l,nup62l
atrx,atrx
fgf16,fgf16
zdhhc15b,zdhhc15b
abcb7,abcb7
nexmifb,nexmifb
rlim,rlim
CR383680.2,CR383680.2
CR383680.3,CR383680.3
CR383680.1,CR383680.1
CR381540.1,CR381540.1
CR381540.3,CR381540.3
glod5,glod5
irg1l,irg1l
si:ch211-153b23.3,sich211153b23.3
si:ch211-153b23.4,sich211153b23.4
si:ch211-153b23.5,sich211153b23.5
zgc:174917,zgc174917
si:ch211-153b23.7,sich211153b23.7
CU367852.14,CU367852.14
CU367852.8,CU367852.8
CU367852.1,CU367852.1
frmpd3,frmpd3
znf711,znf711
zgc:66447,zgc66447
tmsb1,tmsb1
prps1b,prps1b
kctd12b,kctd12b
hspa9,hspa9
rhogd,rhogd
hdac3,hdac3
myot,myot
si:ch211-125c23.3,sich211125c23.3
cx31.7,cx31.7
magt1,magt1
thoc2,thoc2
gria3b,gria3b
si:dkey-35h6.1,sidkey35h6.1
si:dkey-48g21.7,sidkey48g21.7
pls3,pls3
cnga2a,cnga2a
rraga,rraga
CR812896.2,CR812896.2
nlgn3a,nlgn3a
si:dkey-27i16.2,sidkey27i16.2
pcdh20,pcdh20
plp1a,plp1a
rab9b,rab9b
fut11,fut11
znf185,znf185
nsdhl,nsdhl
cetn2,cetn2
gcna,gcna
ogt.1,ogt.1
ogt.1-1,ogt.1-1
fhdc2,fhdc2
si:dkey-102m7.3,sidkey102m7.3
slbp,slbp
ccdc142,ccdc142
nkx1.2lb,nkx1.2lb
uvssa,uvssa
spink2.1,spink2.1
spink2.2,spink2.2
si:dkey-203a12.2,sidkey203a12.2
BX572078.1,BX572078.1
spink2.3,spink2.3
si:dkey-77g12.4,sidkey77g12.4
si:dkey-203a12.5,sidkey203a12.5
si:dkey-203a12.4,sidkey203a12.4
spink2.4,spink2.4
si:dkey-203a12.7,sidkey203a12.7
spink2.5,spink2.5
si:dkey-203a12.9,sidkey203a12.9
neurl1b,neurl1b
CR381700.1,CR381700.1
dusp1,dusp1
ergic1,ergic1
flt4,flt4
trim105,trim105
prelid1a,prelid1a
mxd3,mxd3
rnf103,rnf103
immt,immt
ptcd3,ptcd3
polr1a,polr1a
CU694378.1,CU694378.1
prpf19,prpf19
pcdh12,pcdh12
itln3,itln3
ltc4s,ltc4s
maml1,maml1
canx,canx
mgat4b,mgat4b
mrnip,mrnip
sqstm1,sqstm1
tcirg1b,tcirg1b
limch1b,limch1b
dicp2.1,dicp2.1
phox2bb,phox2bb
CR812832.1,CR812832.1
smtnl1,smtnl1
slc43a3b,slc43a3b
rtn4rl2b,rtn4rl2b
jakmip1,jakmip1
wfs1b,wfs1b
spon2b,spon2b
si:ch211-255i20.3,sich211255i20.3
rnf212,rnf212
CU302200.1,CU302200.1
fgfrl1a,fgfrl1a
rnf4,rnf4
selenot2,selenot2
rab33a,rab33a
si:ch211-159i8.4,sich211159i8.4
slitrk4,slitrk4
si:ch211-111e20.1,sich211111e20.1
CR376825.1,CR376825.1
slitrk2,slitrk2
AL772373.1,AL772373.1
CR318673.1,CR318673.1
fmr1,fmr1
aff2,aff2
ids,ids
lygl1,lygl1
zgc:162941,zgc162941
lygl2,lygl2
zgc:66433,zgc66433
pimr194,pimr194
CT956093.1,CT956093.1
pimr193,pimr193
si:dkey-74k8.3,sidkey74k8.3
rnf20,rnf20
aldob,aldob
si:dkey-74k8.4,sidkey74k8.4
maea,maea
CTBP1,CTBP1
ppp2r2cb,ppp2r2cb
si:ch211-175m2.4,sich211175m2.4
si:ch211-175m2.5,sich211175m2.5
smim19,smim19
egr1,egr1
reep2,reep2
kdm3b,kdm3b
ndufs8b,ndufs8b
CT955967.1,CT955967.1
ran,ran
stx3a,stx3a
kdm2ab,kdm2ab
ankrd13d,ankrd13d
spon2a,spon2a
tbc1d10c,tbc1d10c
rad9a,rad9a
zgc:113229,zgc113229
p2rx3a,p2rx3a
ssrp1a,ssrp1a
clcf1,clcf1
slc43a1a,slc43a1a
med19a,med19a
si:dkey-6i22.5,sidkey6i22.5
tmx2a,tmx2a
ccng1,ccng1
nudcd2,nudcd2
gabra6a,gabra6a
gabrb2a,gabrb2a
atp10b,atp10b
fbxl3l,fbxl3l
atp7a,atp7a
sowahab,sowahab
gdf9,gdf9
nudt22,nudt22
si:ch211-107m4.1,sich211107m4.1
smyd5,smyd5
gfra4b,gfra4b
BX005043.1,BX005043.1
enox2,enox2
ABCC5,ABCC5
med12,med12
mars2,mars2
hspa4b,hspa4b
gnpda1,gnpda1
ndfip1,ndfip1
fgf1a,fgf1a
nr3c1,nr3c1
kctd16a,kctd16a
sh3rf2,sh3rf2
kif3a,kif3a
il4,il4
si:ch211-277c7.6,sich211277c7.6
drd1a,drd1a
msx2a,msx2a
si:ch211-277c7.7,sich211277c7.7
cpeb4a,cpeb4a
stc2a,stc2a
nkx2.5,nkx2.5
bnip1a,bnip1a
chrm1a,chrm1a
dpf2l,dpf2l
hnrnpa0a,hnrnpa0a
BX005228.2,BX005228.2
klhl3,klhl3
fam13b,fam13b
BX005228.1,BX005228.1
si:ch211-163m17.4,sich211163m17.4
cxcl14,cxcl14
slit3,slit3
arhgef37,arhgef37
ppargc1b,ppargc1b
pde6a,pde6a
TMEM216,TMEM216
AL645792.1,AL645792.1
AL645792.2,AL645792.2
matr3l1.1,matr3l1.1
matr3l1.1-1,matr3l1.1-1
si:rp71-1d10.8,sirp711d10.8
htr4,htr4
slc26a2,slc26a2
si:dkey-280e21.3,sidkey280e21.3
thoc3,thoc3
cplx2,cplx2
slc25a48,slc25a48
glra1,glra1
g3bp1,g3bp1
sparc,sparc
atox1,atox1
slc36a1,slc36a1
mtnr1al,mtnr1al
fat2,fat2
CR376800.1,CR376800.1
gm2a,gm2a
FO082779.1,FO082779.1
FO082779.2,FO082779.2
emx3,emx3
b4galt7,b4galt7
pimr212,pimr212
tmed9,tmed9
lman2,lman2
pld7,pld7
gpr137,gpr137
syvn1,syvn1
smad5,smad5
tgfbi,tgfbi
stard15,stard15
arap3,arap3
neurog1,neurog1
BX571940.1,BX571940.1
polr2gl,polr2gl
eef1g,eef1g
ahnak,ahnak
klhl4,klhl4
pcdh11,pcdh11
pcdh11-1,pcdh11-1
CT990607.1,CT990607.1
CU062454.1,CU062454.1
tsc22d3,tsc22d3
zgc:64189,zgc64189
mid2,mid2
nek12,nek12
pin4,pin4
acsl4a,acsl4a
nxt2,nxt2
psmd10,psmd10
xiap,xiap
stag2b,stag2b
zgc:113364,zgc113364
hmmr,hmmr
insb,insb
BX088535.1,BX088535.1
TENM2,TENM2
TSTD1,TSTD1
C14H4orf47,C14H4orf47
pdlim3b,pdlim3b
sorbs2b,sorbs2b
fam149a,fam149a
cyp4v7,cyp4v7
mtnr1ab,mtnr1ab
fat1b,fat1b
asah1a,asah1a
fgl1,fgl1
mtus1a,mtus1a
pdgfrl,pdgfrl
slc7a2,slc7a2
mtmr7a,mtmr7a
cnot7,cnot7
zdhhc2,zdhhc2
micu3b,micu3b
fgf20b,fgf20b
FP015860.1,FP015860.1
her11,her11
her5,her5
pfdn6,pfdn6
mrpl11,mrpl11
tmem265,tmem265
CU972516.1,CU972516.1
npas4a,npas4a
efemp2a,efemp2a
fibpa,fibpa
ccdc85b,ccdc85b
fosl1a,fosl1a
CR626869.1,CR626869.1
yif1a,yif1a
si:ch211-145o7.3,sich211145o7.3
atl3,atl3
cfl1,cfl1
prss23,prss23
ubl3b,ubl3b
slc7a3b,slc7a3b
si:ch211-126c2.4,sich211126c2.4
foxo4,foxo4
si:zfos-80g12.1,sizfos80g12.1
C14HXorf65,C14HXorf65
il2rgb,il2rgb
zgc:92907,zgc92907
rap2c,rap2c
mbnl3,mbnl3
hs6st2,hs6st2
gpc4,gpc4
gpc3,gpc3
ENSDARG00000081303,ENSDARG00000081303
dre-mir-19c,dre-mir-19c
ccdc160,ccdc160
cab39l1,cab39l1
phf6,phf6
hprt1,hprt1
dre-mir-457b,dre-mir-457b
fam122b,fam122b
BX511227.2,BX511227.2
mospd1,mospd1
ints6l,ints6l
mmgt1,mmgt1
slc9a6a,slc9a6a
fhl1a,fhl1a
map7d3,map7d3
adgrg4a,adgrg4a
si:dkeyp-11e3.1,sidkeyp11e3.1
tmtops3a,tmtops3a
cd40lg,cd40lg
arhgef6,arhgef6
rbmx,rbmx
tm9sf5,tm9sf5
gpr101,gpr101
BX005454.1,BX005454.1
zic3,zic3
zic6,zic6
si:ch211-69b22.5,sich21169b22.5
BX511142.1,BX511142.1
fgf13a,fgf13a
f9a,f9a
mcf2a,mcf2a
atp11c,atp11c
BX088596.1,BX088596.1
sox3,sox3
BX088596.2,BX088596.2
AL590151.1,AL590151.1
crhr2-1,crhr2-1
inppl1b,inppl1b
arr3b,arr3b
nkrf,nkrf
ube2a,ube2a
si:rp71-46j2.7,sirp7146j2.7
slc25a5,slc25a5
slc25a43,slc25a43
AL590151.2,AL590151.2
BX247946.1,BX247946.1
lnx2b,lnx2b
chic1,chic1
cdx4,cdx4
kdrl,kdrl
CR812836.1,CR812836.1
tex11,tex11
dlg3,dlg3
si:dkey-31j3.11,sidkey31j3.11
gdpd2,gdpd2
pdzd11,pdzd11
stard14,stard14
rab41,rab41
sept6,sept6
sowahd,sowahd
rpl39,rpl39
upf3b,upf3b
pimr111,pimr111
ndufa1,ndufa1
nkap,nkap
zbtb33,zbtb33
tmem255a,tmem255a
atp1b4,atp1b4
lamp2,lamp2
BX004980.1,BX004980.1
cul4b,cul4b
mcts1,mcts1
c1galt1c1,c1galt1c1
zdhhc9,zdhhc9
sash3,sash3
xpnpep2,xpnpep2
apln,apln
vimr2,vimr2
ocrl,ocrl
si:ch73-335m24.2,sich73335m24.2
FP016208.2,FP016208.2
clic2,clic2
urp1,urp1
slc24a6a,slc24a6a
zdhhc24,zdhhc24
si:ch73-22o18.1,sich7322o18.1
foxa,foxa
cyfip2,cyfip2
itk,itk
med7,med7
lonrf1,lonrf1
gria1a,gria1a
BX537115.1,BX537115.1
tmsb2,tmsb2
BX927327.1,BX927327.1
lcp2b,lcp2b
si:ch211-232m8.3,sich211232m8.3
zgc:194246,zgc194246
foxi3b,foxi3b
BX248097.3,BX248097.3
gabrp,gabrp
pttg1,pttg1
afap1l1a,afap1l1a
ablim3,ablim3
sh3tc2,sh3tc2
adrb2a,adrb2a
il12ba,il12ba
rnf145a,rnf145a
ebf3a,ebf3a
CR626866.1,CR626866.1
clint1a,clint1a
lsm11,lsm11
zbtb3,zbtb3
rnaseh2c,rnaseh2c
trmt12,trmt12
sytl4,sytl4
srpx2,srpx2
si:ch211-203d1.3,sich211203d1.3
mrpl18,mrpl18
pdgfc,pdgfc
glrbb,glrbb
gria2b,gria2b
gask1b,gask1b
tmem144b,tmem144b
zgc:63568,zgc63568
zgc:77938,zgc77938
BX511223.1,BX511223.1
pitx2,pitx2
elovl6,elovl6
egf,egf
lrit3a,lrit3a
gpm6aa,gpm6aa
spata4,spata4
asb5a,asb5a
neil3,neil3
aga,aga
ENSDARG00000087599,ENSDARG00000087599
tdo2a,tdo2a
ctso,ctso
rnf130,rnf130
F2RL3,F2RL3
lect2l,lect2l
LECT2,LECT2
si:ch211-132p1.4,sich211132p1.4
BX323578.1,BX323578.1
FP102806.1,FP102806.1
BX294444.1,BX294444.1
pcdh1b,pcdh1b
BX323881.1,BX323881.1
CU104743.1,CU104743.1
BX119926.1,BX119926.1
BX323593.1,BX323593.1
rnasel3,rnasel3
fbxo38,fbxo38
BX088707.3,BX088707.3
csnk1a1,csnk1a1
si:ch211-195b11.3,sich211195b11.3
sil1,sil1
spdl1,spdl1
BX088707.1,BX088707.1
hnrnpa0b,hnrnpa0b
hnrnpa0l-1,hnrnpa0l-1
gsr,gsr
uqcrq,uqcrq
timm8a,timm8a
zgc:101583,zgc101583
btk,btk
gla,gla
glra4a,glra4a
LO018296.2,LO018296.2
diaph2,diaph2
BX511013.1,BX511013.1
BX663611.2,BX663611.2
pcdh19,pcdh19
CR318607.1,CR318607.1
tnmd,tnmd
elf1,elf1
taf7,taf7
aipl2,aipl2
drp2,drp2
cenpi,cenpi
tmem35,tmem35
arl13a,arl13a
xkrx,xkrx
nox1,nox1
cstf2,cstf2
bcorl1,bcorl1
mid1ip1l,mid1ip1l
tspan7,tspan7
chrnb5b,chrnb5b
chrnb3b,chrnb3b
itga6l,itga6l
BX247870.1,BX247870.1
nitr13,nitr13
BX247870.2,BX247870.2
fgfrl1b,fgfrl1b
slc7a11,slc7a11
pcdh18b,pcdh18b
BX890543.1,BX890543.1
pcdh10b,pcdh10b
LO018400.1,LO018400.1
CR376776.1,CR376776.1
adra1bb,adra1bb
eif4ea,eif4ea
adh5,adh5
gar1,gar1
CU467639.1,CU467639.1
CR786577.1,CR786577.1
lingo2a,lingo2a
CT573279.1,CT573279.1
si:dkey-109l4.3,sidkey109l4.3
tomm5,tomm5
grhpra,grhpra
zgc:195212,zgc195212
slc30a9,slc30a9
grxcr1a,grxcr1a
atp8a1,atp8a1
shisa3,shisa3
BEND4,BEND4
CABZ01048053.1,CABZ01048053.1
sfxn5b,sfxn5b
zgc:153018,zgc153018
ttc9c,ttc9c
si:ch211-168f7.5,sich211168f7.5
map1lc3cl,map1lc3cl
ehd1a,ehd1a
ubxn1,ubxn1
si:ch211-114c17.1,sich211114c17.1
ints5,ints5
rarres3,rarres3
rarres3l,rarres3l
scyl1,scyl1
zgc:194285,zgc194285
si:ch211-276i12.9,sich211276i12.9
si:ch211-276i12.11,sich211276i12.11
CR383676.1,CR383676.1
CR383676.2,CR383676.2
CR383676.3,CR383676.3
si:ch211-276i12.4,sich211276i12.4
rom1b,rom1b
si:dkey-226n24.1,sidkey226n24.1
ccdc88b,ccdc88b
macrod1,macrod1
flrt1b,flrt1b
fermt3b,fermt3b
slu7,slu7
c1qtnf2,c1qtnf2
nocta,nocta
elf2a,elf2a
ENSDARG00000071353,ENSDARG00000071353
si:ch211-235e9.6,sich211235e9.6
naa15a,naa15a
mlsl,mlsl
rab33ba,rab33ba
zgc:113425,zgc113425
setd7,setd7
mgst2,mgst2
si:ch211-113d11.5,sich211113d11.5
cabp2b,cabp2b
si:ch211-113d11.6,sich211113d11.6
si:ch211-113d11.8,sich211113d11.8
crybb1l1,crybb1l1
cryba1l1,cryba1l1
tmem33,tmem33
ccna2,ccna2
bbs7,bbs7
anxa5a,anxa5a
fgfbp1b-1,fgfbp1b-1
fgfbp2a,fgfbp2a
prom1a,prom1a
BX004823.1,BX004823.1
tapt1a,tapt1a
ldb2a,ldb2a
CU855906.1,CU855906.1
qdpra,qdpra
fstl5,fstl5
rapgef2,rapgef2
ppid,ppid
etfdh,etfdh
rxfp1,rxfp1
CABZ01080056.1,CABZ01080056.1
si:ch211-154c21.1,sich211154c21.1
AL935334.2,AL935334.2
cnot6b,cnot6b
si:ch211-199b20.3,sich211199b20.3
mmp17b,mmp17b
zgc:154054,zgc154054
scocb,scocb
si:dkeyp-121d2.7,sidkeyp121d2.7
mif,mif
clp1,clp1
CR855307.1,CR855307.1
zdhhc5b,zdhhc5b
sept8b,sept8b
sfxn1,sfxn1
CR855307.2,CR855307.2
ppp2ca,ppp2ca
si:ch1073-44g3.1,sich107344g3.1
CU633762.1,CU633762.1
nsd1a,nsd1a
rmnd5b,rmnd5b
anxa6,anxa6
n4bp3,n4bp3
tnip1,tnip1
gpx3,gpx3
dctn4,dctn4
CABZ01063971.1,CABZ01063971.1
LO018188.1,LO018188.1
tspan17,tspan17
nfkb1,nfkb1
ube2d2l,ube2d2l
CABZ01074913.1,CABZ01074913.1
fam193b,fam193b
abhd18,abhd18
LO018202.1,LO018202.1
CR854988.1,CR854988.1
sncb,sncb
si:ch211-59p23.1,sich21159p23.1
CU302253.1,CU302253.1
rnf44,rnf44
faf2,faf2
higd2a,higd2a
cltb,cltb
pdlim7,pdlim7
CABZ01078594.1,CABZ01078594.1
unc5a,unc5a
cplx2-1,cplx2-1
cpxm1b,cpxm1b
cox18,cox18
igfbp7,igfbp7
polr2b,polr2b
noa1,noa1
rest,rest
b4galt1l,b4galt1l
exosc3,exosc3
tcerg1a,tcerg1a
GPR151,GPR151
ppp2r2ca-1,ppp2r2ca-1
rpl26,rpl26
atp6v0e1,atp6v0e1
CU469526.1,CU469526.1
ppp4r3b,ppp4r3b
gtf2a1l,gtf2a1l
gtf2a1l-1,gtf2a1l-1
ppp1r21,ppp1r21
pole2,pole2
dnaaf2,dnaaf2
FO904997.1,FO904997.1
ewsr1b-1,ewsr1b-1
rtn4b,rtn4b
zgc:64201,zgc64201
cfap36,cfap36
foxg1d,foxg1d
slc30a6,slc30a6
mpc1,mpc1
chs1,chs1
irf1a,irf1a
ddx21,ddx21
zgc:171534,zgc171534
si:ch1073-291c23.2,sich1073291c23.2
VIT,VIT
CU570800.2,CU570800.2
lgi1a,lgi1a
EFEMP1,EFEMP1
heatr5b,heatr5b
fbxo28,fbxo28
degs1,degs1
nvl,nvl
wu:fc17b08,wufc17b08
slit1a,slit1a
tp53bp2a,tp53bp2a
CU462915.1,CU462915.1
cutc,cutc
abcc2,abcc2
cox15,cox15
nrxn1b,nrxn1b
polh,polh
rn7sk,rn7sk
gsta.2,gsta.2
AL929536.3,AL929536.3
gsta.1,gsta.1
zgc:163080,zgc163080
AL929536.6,AL929536.6
AL929536.5,AL929536.5
pcsk2,pcsk2
BFSP1,BFSP1
prokr1b,prokr1b
plek,plek
cnrip1b,cnrip1b
ppp3r1a,ppp3r1a
pno1,pno1
wdr92,wdr92
psmb1,psmb1
perp,perp
tnfaip3,tnfaip3
olig3,olig3
si:ch73-52p7.1,sich7352p7.1
ifngr1l,ifngr1l
rab23,rab23
bag2,bag2
znf451,znf451
si:ch211-165e15.1,sich211165e15.1
CABZ01044277.1,CABZ01044277.1
CABZ01044281.1,CABZ01044281.1
DST,DST
zmp:0000000760,zmp0000000760
col21a1,col21a1
bmp5,bmp5
hmgcll1,hmgcll1
gfral,gfral
CT009597.1,CT009597.1
hcrtr2,hcrtr2
fam83b,fam83b
mlip,mlip
lrrc1,lrrc1
eloal,eloal
klhl31,klhl31
CR376766.3,CR376766.3
CR376766.2,CR376766.2
gclc,gclc
CR376766.1,CR376766.1
elovl5,elovl5
fbxo9,fbxo9
arfgef3,arfgef3
cox20,cox20
lhb,lhb
plpp4,plpp4
wdr11,wdr11
si:ch211-233m11.1,sich211233m11.1
XPO5,XPO5
CABZ01087629.1,CABZ01087629.1
wu:fj16a03,wufj16a03
EML4,EML4
pkdcca,pkdcca
AL935294.1,AL935294.1
prph2b,prph2b
AL935294.2,AL935294.2
ubr2,ubr2
si:ch73-193i2.2,sich73193i2.2
prkn,prkn
qkib,qkib
si:ch211-128m15.3,sich211128m15.3
timm23b,timm23b
CU019624.1,CU019624.1
ncoa4,ncoa4
yipf3,yipf3
lrrc73,lrrc73
tjap1,tjap1
dlk2,dlk2
dnph1,dnph1
mea1,mea1
ppp2r5d,ppp2r5d
znf318,znf318
CU571336.1,CU571336.1
si:dkeyp-121d4.3,sidkeyp121d4.3
sft2d1,sft2d1
prr18,prr18
si:ch211-130h14.4,sich211130h14.4
tbxtb,tbxtb
CR854838.1,CR854838.1
pde10a,pde10a
c1d,c1d
pla2g12b,pla2g12b
oit3,oit3
CU856520.1,CU856520.1
mcu,mcu
micu1,micu1
nolc1,nolc1
mrps6,mrps6
psap,psap
abcg2c,abcg2c
slc29a3,slc29a3
si:dkey-78p8.1,sidkey78p8.1
CR788226.1,CR788226.1
meis1b,meis1b
si:dkey-196j8.2,sidkey196j8.2
CR926469.1,CR926469.1
spred2b,spred2b
actr2b,actr2b
phf10,phf10
CABZ01033394.1,CABZ01033394.1
dld,dld
fam120b,fam120b
CU984583.1,CU984583.1
ppm1g,ppm1g
si:zfos-1056e6.1,sizfos1056e6.1
apmap,apmap
tuba4l,tuba4l
agpat5,agpat5
mcph1,mcph1
angpt2a,angpt2a
csmd1a,csmd1a
CABZ01061524.1,CABZ01061524.1
rnaset2,rnaset2
rps6ka2,rps6ka2
gins1,gins1
ninl,ninl
aifm2,aifm2
CABZ01072077.1,CABZ01072077.1
CU179758.1,CU179758.1
CT027980.1,CT027980.1
si:dkey-45k15.1,sidkey45k15.1
exoc3l4,exoc3l4
tnfaip2b,tnfaip2b
si:dkey-196h17.9,sidkey196h17.9
cngk,cngk
pitx3,pitx3
gbf1,gbf1
macroh2a2,macroh2a2
CABZ01065684.1,CABZ01065684.1
CABZ01065679.1,CABZ01065679.1
si:ch211-250c4.4,sich211250c4.4
hells,hells
si:ch211-250c4.5,sich211250c4.5
atl2,atl2
galm,galm
dhx57,dhx57
epas1b,epas1b
prkceb,prkceb
socs5b,socs5b
prop1,prop1
mcfd2,mcfd2
ttc7a,ttc7a
si:ch211-93n23.7,sich21193n23.7
calm2a,calm2a
si:ch73-105b23.6,sich73105b23.6
si:ch73-105b23.1,sich73105b23.1
epcam,epcam
plekhh2,plekhh2
thada,thada
haao,haao
hcar1-3,hcar1-3
si:dkey-112g5.12,sidkey112g5.12
si:dkey-112g5.11,sidkey112g5.11
HTRA2-2,HTRA2-2
si:dkey-33c12.11,sidkey33c12.11
HTRA2-5,HTRA2-5
HTRA2-6,HTRA2-6
mrps26,mrps26
si:dkey-33c12.3,sidkey33c12.3
BX901922.1,BX901922.1
si:dkey-33c12.4,sidkey33c12.4
alms1,alms1
si:ch211-243o19.4,sich211243o19.4
zgc:123321,zgc123321
grxcr1b,grxcr1b
HTRA2-7,HTRA2-7
HTRA2-8,HTRA2-8
CR848040.3,CR848040.3
pomk,pomk
wdr32,wdr32
cpxm1a,cpxm1a
slf2,slf2
sema4ga,sema4ga
dennd10,dennd10
sfxn4,sfxn4
prdx3,prdx3
tm9sf3,tm9sf3
si:ch211-117n7.7,sich211117n7.7
si:ch211-117n7.6,sich211117n7.6
SRBD1,SRBD1
BX248322.1,BX248322.1
BX537274.1,BX537274.1
six2a,six2a
six3a,six3a
BX537274.2,BX537274.2
AL929457.1,AL929457.1
camkmt,camkmt
AL929457.2,AL929457.2
si:ch73-54n14.2,sich7354n14.2
prepl,prepl
slc3a1,slc3a1
ppm1ba,ppm1ba
lrpprc,lrpprc
abcg8,abcg8
abcg5,abcg5
dync2li1,dync2li1
cep170aa,cep170aa
sdccag8,sdccag8
akt3a,akt3a
zbtb18,zbtb18
CR589882.1,CR589882.1
adss2,adss2
desi2,desi2
si:ch211-132e22.4,sich211132e22.4
dctn1b,dctn1b
CR559945.2,CR559945.2
si:ch211-195e19.1,sich211195e19.1
slc39a8,slc39a8
CR559945.1,CR559945.1
manba,manba
ube2d3,ube2d3
zmp:0000000662,zmp0000000662
sufu,sufu
trim8a,trim8a
arl3a,arl3a
npm3,npm3
oga,oga
pprc1,pprc1
gng2,gng2
gabra2a,gabra2a
gabrg1,gabrg1
CR854945.1,CR854945.1
gabrb1,gabrb1
CU469104.1,CU469104.1
commd8,commd8
atp10d,atp10d
dapp1,dapp1
lamtor3,lamtor3
si:dkey-20i10.7,sidkey20i10.7
CT025771.1,CT025771.1
rrh,rrh
enpep,enpep
lrit3b,lrit3b
metap1,metap1
adh8b,adh8b
adh8a,adh8a
fam241a,fam241a
eif4eb,eif4eb
lingo2b,lingo2b
C13H9orf72,C13H9orf72
si:ch211-233a24.2,sich211233a24.2
nsd2,nsd2
letm1,letm1
fgfr3,fgfr3
foxi2,foxi2
CR788322.2,CR788322.2
pimr47,pimr47
pimr48,pimr48
cfd,cfd
si:ch211-194c3.5,sich211194c3.5
ky,ky
slc4a11,slc4a11
rpia,rpia
eif2ak3,eif2ak3
atrn,atrn
CR589874.1,CR589874.1
gfra4a,gfra4a
ap5s1,ap5s1
cdc25b,cdc25b
noto,noto
emx1,emx1
sfxn5a,sfxn5a
rab11fip5a,rab11fip5a
mavs,mavs
pank2,pank2
loxl3b,loxl3b
BX511166.1,BX511166.1
mark3a,mark3a
ckba,ckba
CR931980.1,CR931980.1
trmt61a,trmt61a
bag5,bag5
coa8,coa8
klc1a,klc1a
si:ch211-57f7.7,sich21157f7.7
ttl,ttl
fignl1,fignl1
ikzf1,ikzf1
SPATA48,SPATA48
vwc2,vwc2
zgc:110045,zgc110045
zgc:110045-1,zgc1100451
mocos,mocos
anxa11a,anxa11a
dlg5a,dlg5a
kcnma1a,kcnma1a
lrmda,lrmda
CT025897.1,CT025897.1
znf503,znf503
comtd1,comtd1
ifit8,ifit8
si:dkey-27m7.4,sidkey27m7.4
vdac2,vdac2
march8,march8
zfand4,zfand4
washc2c,washc2c
alox5a,alox5a
slc25a16,slc25a16
tet1,tet1
eif4e1c,eif4e1c
zgc:110319,zgc110319
si:dkey-228d14.5,sidkey228d14.5
ccar1,ccar1
stox1,stox1
si:ch211-198a12.6,sich211198a12.6
tlr4ba,tlr4ba
tlr4al,tlr4al
tlr4bb,tlr4bb
ftr14l,ftr14l
zgc:154058,zgc154058
mat1a,mat1a
CR932438.2,CR932438.2
selenou1a,selenou1a
sfxn3,sfxn3
pdzd7a,pdzd7a
lzts2a,lzts2a
CABZ01032351.1,CABZ01032351.1
eif3s10,eif3s10
emx2,emx2
rab11fip2,rab11fip2
fam204a,fam204a
CT027674.1,CT027674.1
atrnl1a,atrnl1a
AL954359.2,AL954359.2
AL954359.1,AL954359.1
si:ch211-270n8.1,sich211270n8.1
gfra1a,gfra1a
ccdc172,ccdc172
si:ch1073-126c3.2,sich1073126c3.2
BX000463.1,BX000463.1
sh2d4ba,sh2d4ba
tspan14,tspan14
mxtx1,mxtx1
elovl6l,elovl6l
mtg1,mtg1
sprn,sprn
si:dkey-191g9.7,sidkey191g9.7
si:dkey-191g9.5,sidkey191g9.5
chchd1,chchd1
si:ch211-51a6.2,sich21151a6.2
zswim8,zswim8
ndst2a,ndst2a
si:dkey-174i8.1,sidkey174i8.1
camk2g2,camk2g2
BX649385.1,BX649385.1
BX649385.2,BX649385.2
synpo2la,synpo2la
myoz1a,myoz1a
usp54a,usp54a
opn4a,opn4a
ldb3a,ldb3a
bmpr1aa,bmpr1aa
BX005174.1,BX005174.1
mmrn2a,mmrn2a
sncga,sncga
zgc:193505,zgc193505
glud1a,glud1a
SHLD2,SHLD2
nfkb2,nfkb2
psda,psda
CR550304.1,CR550304.1
dna2,dna2
pbld,pbld
BX530068.1,BX530068.1
pbld2,pbld2
hnrnph3,hnrnph3
rufy2,rufy2
tspan15,tspan15
tacr2,tacr2
hk1,hk1
hkdc1,hkdc1
supv3l1,supv3l1
vps26a,vps26a
srgn,srgn
kifbp,kifbp
pik3ap1,pik3ap1
sorbs1,sorbs1
CR356222.1,CR356222.1
si:dkey-103j14.5,sidkey103j14.5
khdrbs2,khdrbs2
prim2,prim2
il22ra2,il22ra2
map3k21,map3k21
pcnx2,pcnx2
rgs17,rgs17
oprm1,oprm1
sf3b5,sf3b5
phactr2,phactr2
AL772289.1,AL772289.1
agt,agt
cog2,cog2
pgbd5,pgbd5
galnt2,galnt2
urb2,urb2
abcb10,abcb10
acta1b,acta1b
CR762497.1,CR762497.1
ccsapb,ccsapb
rab4a,rab4a
si:ch211-202m22.1,sich211202m22.1
rhoua,rhoua
pdcd2,pdcd2
tbp,tbp
zgc:153169,zgc153169
rab1ab,rab1ab
cep68,cep68
slc1a4,slc1a4
sertad2b,sertad2b
lgalslb,lgalslb
echs1,echs1
fuom,fuom
AL831745.1,AL831745.1
AL831745.3,AL831745.3
AL831745.2,AL831745.2
msx3,msx3
znf511,znf511
adam8a,adam8a
zgc:66426,zgc66426
erlin1,erlin1
cfap43,cfap43
sfr1,sfr1
col17a1b,col17a1b
slka,slka
zgc:153981,zgc153981
dusp13a,dusp13a
si:dkey-24f15.2,sidkey24f15.2
kat6b,kat6b
adka,adka
ap3m1,ap3m1
vcla,vcla
chuk,chuk
plaua,plaua
gsto1,gsto1
gsto2,gsto2
calhm3,calhm3
calhm2.1,calhm2.1
si:dkey-51a16.9,sidkey51a16.9
BX530079.1,BX530079.1
atoh7,atoh7
pkd2l1,pkd2l1
tial1,tial1
bag3,bag3
inpp5f,inpp5f
mcmbp,mcmbp
sec23ip,sec23ip
csgalnact2,csgalnact2
ret,ret
si:dkey-192p21.6,sidkey192p21.6
pcbd1,pcbd1
sgpl1,sgpl1
neurog3,neurog3
pdlim1,pdlim1
rel,rel
papolg,papolg
bcl11aa,bcl11aa
BX510306.1,BX510306.1
si:rp71-1h3.1,sirp711h3.1
fancl,fancl
vrk2,vrk2
ccdc85a,ccdc85a
soul2,soul2
slc24a3,slc24a3
BX323884.1,BX323884.1
slc17a5,slc17a5
eef1a1a,eef1a1a
cgas,cgas
ddx43,ddx43
CR354610.2,CR354610.2
CR354610.1,CR354610.1
kcnq5a,kcnq5a
rims1a,rims1a
asrgl1,asrgl1
CR356236.1,CR356236.1
ogfrl1,ogfrl1
b3gat2,b3gat2
smap1,smap1
sdhaf4,sdhaf4
tlx1,tlx1
BX950184.1,BX950184.1
lbx1a,lbx1a
CR762431.1,CR762431.1
slc2a15a,slc2a15a
fgf8a,fgf8a
CR925797.1,CR925797.1
fbxw4,fbxw4
wbp1la,wbp1la
cyp17a1,cyp17a1
borcs7,borcs7
cnnm2a,cnnm2a
nt5c2a,nt5c2a
inaa,inaa
AL928951.1,AL928951.1
pcgf6,pcgf6
polr1c,polr1c
si:ch211-67n3.9,sich21167n3.9
ldb1a,ldb1a
CU640488.1,CU640488.1
prom2,prom2
nsmce4a,nsmce4a
CU639469.1,CU639469.1
ly6pge,ly6pge
unc5b,unc5b
myofl,myofl
parga,parga
ogdhl,ogdhl
C13H10orf53,C13H10orf53
chata,chata
slc18a3a,slc18a3a
rgra,rgra
lrit1a,lrit1a
lrit2,lrit2
cdhr1a,cdhr1a
CT025909.3,CT025909.3
chst3a,chst3a
CT025909.4,CT025909.4
pax2a,pax2a
cuedc2,cuedc2
hif1an,hif1an
wnt8b,wnt8b
scdb,scdb
trmt2b,trmt2b
dnajb12a,dnajb12a
spock2,spock2
tysnd1,tysnd1
sar1ab,sar1ab
ppa1b,ppa1b
eif4ebp2,eif4ebp2
pald1b,pald1b
qrfpra,qrfpra
rps24,rps24
zmiz1a,zmiz1a
ppifa,ppifa
zcchc24,zcchc24
CT025887.1,CT025887.1
si:dkey-275b16.2,sidkey275b16.2
rassf4a,rassf4a
CR762483.1,CR762483.1
cxcl18a.1,cxcl18a.1
tmem72,tmem72
cxcl12a,cxcl12a
CR762493.2,CR762493.2
ercc6,ercc6
drgx,drgx
vstm4a,vstm4a
wdfy4,wdfy4
lrrc18a,lrrc18a
BX005005.3,BX005005.3
BX005005.2,BX005005.2
si:ch211-223a10.1,sich211223a10.1
arhgap22,arhgap22
CR931802.2,CR931802.2
CR931802.4,CR931802.4
mapk8a,mapk8a
CR931802.3,CR931802.3
ptpn20,ptpn20
CR931802.1,CR931802.1
gdf10a,gdf10a
prdm8,prdm8
antxr1d,antxr1d
rrp12,rrp12
ubtd1a,ubtd1a
zdhhc16a,zdhhc16a
METTL18,METTL18
pgam1a,pgam1a
tdrd9,tdrd9
rtn1a,rtn1a
lrrc9,lrrc9
pcnx4,pcnx4
dhrs7,dhrs7
ppm1aa,ppm1aa
six6a,six6a
six1a,six1a
six4a,six4a
mnat1,mnat1
trmt5,trmt5
slc38a6,slc38a6
prkcha,prkcha
hif1aa,hif1aa
sertad4,sertad4
syt14a,syt14a
utp25,utp25
CR559941.1,CR559941.1
BX470107.1,BX470107.1
osr1,osr1
nt5c1ba,nt5c1ba
rdh14a,rdh14a
kcns3a,kcns3a
wdr35,wdr35
matn3b,matn3b
mtres1,mtres1
bend3,bend3
pdss2,pdss2
sobpa,sobpa
CU019663.1,CU019663.1
slc66a3,slc66a3
rock2a,rock2a
si:dkey-18j18.3,sidkey18j18.3
kcnf1b,kcnf1b
rbm25a,rbm25a
arg2,arg2
vti1b,vti1b
rdh12,rdh12
zfyve26,zfyve26
si:ch211-10a23.2,sich21110a23.2
plek2,plek2
TC2N,TC2N
fbln5,fbln5
trip11,trip11
golga5,golga5
rtf1,rtf1
ndufaf1,ndufaf1
nusap1,nusap1
oip5,oip5
oip5-as1,oip5-as1
tmem39b,tmem39b
ccdc28b,ccdc28b
iqcc,iqcc
dcdc2b,dcdc2b
tmem234,tmem234
si:dkey-71p21.13,sidkey71p21.13
zgc:172120,zgc172120
brf1a,brf1a
btbd6a,btbd6a
ftr80,ftr80
ftr81,ftr81
jag2a,jag2a
cfl1l,cfl1l
rrbp1a,rrbp1a
snx5,snx5
mgme1,mgme1
si:dkey-76k16.6,sidkey76k16.6
si:dkey-76k16.5,sidkey76k16.5
zgc:163030,zgc163030
cst3,cst3
ephx5,ephx5
mad2l1bp,mad2l1bp
macrod2,macrod2
flrt3,flrt3
kif16bb,kif16bb
tasp1,tasp1
CU633823.1,CU633823.1
ism1,ism1
sptlc3,sptlc3
btbd3b,btbd3b
CR932983.2,CR932983.2
jag1b,jag1b
slx4ip,slx4ip
mkks,mkks
CU681845.1,CU681845.1
srd5a2b,srd5a2b
memo1,memo1
wdr27,wdr27
thbs2a,thbs2a
psme4a,psme4a
gpr75,gpr75
erlec1,erlec1
agpat4,agpat4
map3k4,map3k4
kcnk1b,kcnk1b
tacc3,tacc3
mycla,mycla
mfsd2aa,mfsd2aa
si:ch211-67f13.7,sich21167f13.7
BX510990.1,BX510990.1
zgc:153911,zgc153911
si:ch211-67f13.8,sich21167f13.8
si:dkey-157l19.2,sidkey157l19.2
lgmn,lgmn
pcnx1,pcnx1
med6,med6
TTC9,TTC9
map3k9,map3k9
slc8a3,slc8a3
cox16,cox16
actn1,actn1
dcaf5,dcaf5
pacs2,pacs2
srsf5a,srsf5a
FP103009.1,FP103009.1
synj2bp,synj2bp
lgals3a,lgals3a
gmfb,gmfb
BX927407.1,BX927407.1
cnih1,cnih1
cdkn3,cdkn3
si:ch211-67f24.7,sich21167f24.7
si:ch211-67f24.7-1,sich21167f24.7-1
sos2,sos2
l2hgdh,l2hgdh
dmac2l,dmac2l
cdkl1,cdkl1
map4k5,map4k5
atl1,atl1
sav1,sav1
nin,nin
pygl,pygl
trim9,trim9
tmx1,tmx1
frmd6,frmd6
esr2b,esr2b
syne2b,syne2b
si:dkeyp-77c8.1,sidkeyp77c8.1
AL845493.1,AL845493.1
si:dkeyp-77c8.2,sidkeyp77c8.2
si:dkeyp-77c8.3,sidkeyp77c8.3
si:dkeyp-77c8.4,sidkeyp77c8.4
si:dkeyp-77c8.5,sidkeyp77c8.5
gphb5,gphb5
kcnh5b,kcnh5b
ppp2r5eb,ppp2r5eb
wdr89,wdr89
sgpp1,sgpp1
BX284635.1,BX284635.1
syt16,syt16
snapc1b,snapc1b
ifi45,ifi45
si:dkey-188i13.6,sidkey188i13.6
zgc:152791,zgc152791
ifi46,ifi46
si:dkey-188i13.8,sidkey188i13.8
si:dkey-188i13.9,sidkey188i13.9
si:dkey-188i13.10,sidkey188i13.10
si:dkey-188i13.11,sidkey188i13.11
phf3,phf3
BX005106.1,BX005106.1
eys,eys
CT027676.1,CT027676.1
BX322660.2,BX322660.2
zgc:171579,zgc171579
si:dkeyp-4c7.3,sidkeyp4c7.3
adgrb3,adgrb3
lmbrd1,lmbrd1
col19a1,col19a1
col19a1-1,col19a1-1
col9a1b,col9a1b
fam135a,fam135a
FRMD1,FRMD1
si:dkey-85a20.4,sidkey85a20.4
si:dkey-85a20.4-1,sidkey85a20.4-1
BX324188.1,BX324188.1
slc35f3b,slc35f3b
marveld1,marveld1
zgc:171482,zgc171482
CT027704.1,CT027704.1
sfrp5,sfrp5
golga7bb,golga7bb
crtac1b,crtac1b
loxl4,loxl4
zgc:123010,zgc123010
pyroxd2,pyroxd2
CU929568.1,CU929568.1
slc25a28,slc25a28
CU929568.2,CU929568.2
nkx3.3,nkx3.3
nkx2.3,nkx2.3
got1,got1
CNNM1,CNNM1
hpse2,hpse2
hps1,hps1
st3gal7,st3gal7
ankrd2,ankrd2
morn4,morn4
BX294129.1,BX294129.1
nkx1.2la,nkx1.2la
prkg1a,prkg1a
dkk1a,dkk1a
si:dkeyp-86d6.2,sidkeyp86d6.2
pcdh15a,pcdh15a
CABZ01066611.1,CABZ01066611.1
ipmka,ipmka
cisd1,cisd1
polr1b,polr1b
nanp,nanp
cyp1b1,cyp1b1
rmdn2,rmdn2
cdc42ep3,cdc42ep3
opn3,opn3
kmo,kmo
ide,ide
march5,march5
cpeb3,cpeb3
btaf1,btaf1
si:dkey-221j11.3,sidkey221j11.3
CR792417.1,CR792417.1
fam83ha,fam83ha
BX936318.1,BX936318.1
mlh1,mlh1
lrrfip2,lrrfip2
mrpl14,mrpl14
capn1a,capn1a
capn2a,capn2a
cdh23,cdh23
cdh23-1,cdh23-1
si:ch211-106f21.1,sich211106f21.1
vsir,vsir
eif3s6ip,eif3s6ip
smoc2,smoc2
CT573408.1,CT573408.1
dact2,dact2
ablim1a,ablim1a
fam160b1,fam160b1
zfyve21,zfyve21
CR559944.1,CR559944.1
CABZ01069436.1,CABZ01069436.1
mdga1,mdga1
CU694264.1,CU694264.1
zfand3,zfand3
btbd9,btbd9
glo1,glo1
si:dkeyp-2e4.8,sidkeyp2e4.8
si:dkeyp-2e4.6,sidkeyp2e4.6
si:dkeyp-2e4.3,sidkeyp2e4.3
si:dkeyp-2e4.5,sidkeyp2e4.5
si:dkeyp-2e4.3-1,sidkeyp2e4.3-1
si:dkeyp-2e4.2,sidkeyp2e4.2
zbtb8os,zbtb8os
CR376783.1,CR376783.1
khdrbs1a,khdrbs1a
chp1,chp1
runx3,runx3
BX324224.1,BX324224.1
znfl1g,znfl1g
syf2,syf2
rsrp1,rsrp1
mgst3b,mgst3b
tmem50a,tmem50a
rhd,rhd
maco1b,maco1b
ldlrap1b,ldlrap1b
si:ch211-62a1.3,sich21162a1.3
fndc5a,fndc5a
BX914200.1,BX914200.1
si:ch211-62a1.4,sich21162a1.4
BX936305.2,BX936305.2
olig4,olig4
bsdc1,bsdc1
BX936305.1,BX936305.1
marcksl1a,marcksl1a
ftr70,ftr70
ftr69,ftr69
fgfr2,fgfr2
ATE1,ATE1
tmem63ba,tmem63ba
CU695232.1,CU695232.1
slc29a1a,slc29a1a
mtrf1l,mtrf1l
fbxo5,fbxo5
vip,vip
anapc1,anapc1
CR847786.1,CR847786.1
AL772250.1,AL772250.1
bcl2l11,bcl2l11
acoxl,acoxl
lhcgr,lhcgr
mertka,mertka
TMEM87B,TMEM87B
fbln7,fbln7
zmp:0000001138,zmp0000001138
zmp:0000001006,zmp0000001006
zc3h6,zc3h6
itga9,itga9
golga4,golga4
KCNK12,KCNK12
CU468002.1,CU468002.1
msh6,msh6
fbxo11a,fbxo11a
FOXN2,FOXN2
si:ch1073-268j14.1,sich1073268j14.1
ntpcr,ntpcr
si:ch1073-266p11.2,sich1073266p11.2
CU651669.1,CU651669.1
disc1,disc1
tsnax,tsnax
egln1a,egln1a
irf2bp2a,irf2bp2a
tomm20a,tomm20a
CU681839.1,CU681839.1
tomm20a-1,tomm20a-1
ggps1,ggps1
b3galnt2,b3galnt2
GNG4,GNG4
lyst,lyst
nid1a,nid1a
gpr137ba,gpr137ba
pkz,pkz
eif2ak2,eif2ak2
gpatch11,gpatch11
CU928131.1,CU928131.1
cacul1,cacul1
sirt1,sirt1
dnajc12,dnajc12
cox5b2,cox5b2
herc4,herc4
ccnj,ccnj
CU570781.3,CU570781.3
blnk,blnk
vent,vent
vox,vox
FP102122.1,FP102122.1
FP102122.3,FP102122.3
FP102122.2,FP102122.2
dntt,dntt
CABZ01078663.1,CABZ01078663.1
AL929217.1,AL929217.1
CU929144.1,CU929144.1
CABZ01094390.1,CABZ01094390.1
CABZ01078767.1,CABZ01078767.1
valopa,valopa
nkx6.2,nkx6.2
pwwp2b,pwwp2b
lbh,lbh
LT631684.1,LT631684.1
mrpl2,mrpl2
srfb,srfb
LT631676.1,LT631676.1
lclat1,lclat1
slc30a10,slc30a10
klhdc3,klhdc3
npas4l,npas4l
CABZ01089777.1,CABZ01089777.1
tmem254,tmem254
CABZ01092745.3,CABZ01092745.3
CABZ01092746.1,CABZ01092746.1
homer2,homer2
CABZ01090373.1,CABZ01090373.1
pde8a,pde8a
gatm,gatm
zgc:158482,zgc158482
slc27a2a,slc27a2a
hdc,hdc
gabpb1,gabpb1
usp8,usp8
trpm7,trpm7
CABZ01100396.1,CABZ01100396.1
larp6a,larp6a
tm2d3,tm2d3
tars3,tars3
CU627988.1,CU627988.1
lsm14ab,lsm14ab
ss18l2,ss18l2
GARRE1,GARRE1
gpib,gpib
AL929392.1,AL929392.1
wtip,wtip
sdr42e1,sdr42e1
nedd4a,nedd4a
prtga,prtga
CABZ01078320.1,CABZ01078320.1
CELF6,CELF6
rpp25b,rpp25b
cox5ab,cox5ab
fam219b,fam219b
LO018383.1,LO018383.1
parp6a,parp6a
pkma,pkma
DHDH,DHDH
dhdhl,dhdhl
hcn4,hcn4
CU469514.1,CU469514.1
si:ch1073-75f15.2,sich107375f15.2
nptnb,nptnb
ugt5f1,ugt5f1
CABZ01068842.1,CABZ01068842.1
pepd,pepd
CABZ01073166.1,CABZ01073166.1
slitrk3a,slitrk3a
CABZ01088484.1,CABZ01088484.1
CABZ01079192.1,CABZ01079192.1
CABZ01075068.1,CABZ01075068.1
pygo1,pygo1
dnaaf4,dnaaf4
ccpg1,ccpg1
pigb,pigb
pigbos1,pigbos1
rab27a,rab27a
CR769778.2,CR769778.2
CR769778.1,CR769778.1
CABZ01070631.2,CABZ01070631.2
p2ry2.1,p2ry2.1
p2ry2.3,p2ry2.3
relt,relt
ARHGEF17,ARHGEF17
fam168a,fam168a
CABZ01002690.1,CABZ01002690.1
CU570791.3,CU570791.3
rps3,rps3
CU570791.6,CU570791.6
CU570791.5,CU570791.5
CU570791.2,CU570791.2
kctd14,kctd14
ints4,ints4
aamdc,aamdc
clns1a,clns1a
aqp11,aqp11
pak1,pak1
CU459145.1,CU459145.1
gdpd4a,gdpd4a
myo7aa,myo7aa
capn5a,capn5a
ompa,ompa
si:ch73-338a16.3,sich73338a16.3
dcun1d5,dcun1d5
eif2a,eif2a
lrch3,lrch3
BX000522.1,BX000522.1
CABZ01047589.1,CABZ01047589.1
CABZ01071326.1,CABZ01071326.1
AL954149.2,AL954149.2
CR762470.1,CR762470.1
zbbx,zbbx
pdcd10a,pdcd10a
serpini1,serpini1
CABZ01080599.1,CABZ01080599.1
golim4a,golim4a
slc24a5,slc24a5
myef2,myef2
slc12a1,slc12a1
dut,dut
CABZ01084603.1,CABZ01084603.1
fgf7,fgf7
dtwd1,dtwd1
mibp2,mibp2
bloc1s6,bloc1s6
slc30a4,slc30a4
C18H15orf48,C18H15orf48
CU595864.1,CU595864.1
spata5l1,spata5l1
nnt2,nnt2
cyp1a,cyp1a
ulk3,ulk3
cplx3b,cplx3b
zdhhc7,zdhhc7
nip7,nip7
cog8,cog8
nob1,nob1
wdr59,wdr59
glg1b,glg1b
si:ch73-386h18.1,sich73386h18.1
si:ch1073-390k14.1,sich1073390k14.1
gcsha,gcsha
otogl,otogl
BX321877.1,BX321877.1
ptprq,ptprq
iqsec3b,iqsec3b
wash1,wash1
ddx11,ddx11
fkbp4,fkbp4
b4galnt3b,b4galnt3b
tnni1c,tnni1c
c2cd5,c2cd5
lmf2a,lmf2a
miox,miox
adm2b,adm2b
si:dkey-266m15.5,sidkey266m15.5
ppp6r2b,ppp6r2b
dnaja2b,dnaja2b
CT009745.1,CT009745.1
si:dkey-266m15.7,sidkey266m15.7
si:dkey-266m15.6,sidkey266m15.6
CU467655.1,CU467655.1
CU467655.2,CU467655.2
calub,calub
utp15,utp15
si:dkey-88e18.2,sidkey88e18.2
cfap161,cfap161
si:dkey-88e18.8,sidkey88e18.8
cd9a,cd9a
vwf,vwf
CABZ01015105.1,CABZ01015105.1
ano2a,ano2a
cers3b,cers3b
caps2,caps2
glipr1b,glipr1b
si:dkey-30c15.17,sidkey30c15.17
bbs10,bbs10
BX470218.1,BX470218.1
syt1b,syt1b
si:dkey-30c15.13,sidkey30c15.13
si:dkey-30c15.12,sidkey30c15.12
si:dkey-30c15.10,sidkey30c15.10
pdp2,pdp2
terb1,terb1
si:dkey-238c7.16,sidkey238c7.16
neto2b-1,neto2b-1
si:dkey-30c15.2,sidkey30c15.2
arf5,arf5
CR318588.4,CR318588.4
CR318588.3,CR318588.3
CR318588.1,CR318588.1
si:dkeyp-1h4.6,sidkeyp1h4.6
zgc:77752,zgc77752
odf3b,odf3b
trim35-30,trim35-30
rabl2,rabl2
shank3a,shank3a
CT027628.1,CT027628.1
LO018377.3,LO018377.3
FP236822.2,FP236822.2
CABZ01052527.1,CABZ01052527.1
FP236822.1,FP236822.1
arsa,arsa
mapk8ip2,mapk8ip2
chkb,chkb
BX276107.1,BX276107.1
cpt1b,cpt1b
sephs1,sephs1
si:ch211-220f12.4,sich211220f12.4
prpf18,prpf18
FRMD4A,FRMD4A
BX248392.2,BX248392.2
impdh1a,impdh1a
prrt4,prrt4
si:dkey-95h12.1,sidkey95h12.1
CT025776.1,CT025776.1
CT025776.2,CT025776.2
si:dkey-5i3.5,sidkey5i3.5
tmem243a,tmem243a
si:ch211-233h19.2,sich211233h19.2
grm3,grm3
sema3d,sema3d
sema3ab,sema3ab
sema3e,sema3e
BX649551.1,BX649551.1
pclob,pclob
CACNA2D1,CACNA2D1
CR762488.1,CR762488.1
CABZ01016692.1,CABZ01016692.1
hgfb,hgfb
CABZ01016693.1,CABZ01016693.1
LO018242.1,LO018242.1
AL953875.1,AL953875.1
lrrc4.2,lrrc4.2
lepa,lepa
rbm28,rbm28
mical3a,mical3a
mical3a-1,mical3a-1
ttc38,ttc38
tspan33b,tspan33b
tspan9a,tspan9a
PRMT8,PRMT8
CRACR2A,CRACR2A
tmtc2b,tmtc2b
si:dkeyp-2c8.3,sidkeyp2c8.3
zgc:110789,zgc110789
bicd1a,bicd1a
fgd4a,fgd4a
nup205,nup205
fam107b,fam107b
si:ch211-1e14.1,sich2111e14.1
AL929229.1,AL929229.1
hipk2,hipk2
tbxas1,tbxas1
BX247877.1,BX247877.1
parp12a,parp12a
srgap1a,srgap1a
CT573465.1,CT573465.1
rxylt1,rxylt1
GAN,GAN
C18H19orf12-3,C18H19orf12-3
tat,tat
zgc:56622,zgc56622
klhl36,klhl36
cotl1,cotl1
plcg2,plcg2
BX511124.1,BX511124.1
si:ch211-260p9.3,sich211260p9.3
cmip,cmip
BX890576.1,BX890576.1
cdh13,cdh13
mlycd,mlycd
zgc:173742,zgc173742
hsbp1b,hsbp1b
si:dkey-246g23.2,sidkey246g23.2
kcng4a,kcng4a
si:dkey-246g23.4,sidkey246g23.4
wfdc1,wfdc1
utp4,utp4
vps9d1,vps9d1
si:dkey-238o13.4,sidkey238o13.4
spata2l,spata2l
pdf,pdf
uri1,uri1
tshz3a,tshz3a
mtss1la,mtss1la
mapk12a,mapk12a
selenoo1,selenoo1
trabd,trabd
panx2,panx2
mlc1,mlc1
btbd11b,btbd11b
BX649610.1,BX649610.1
cry1b,cry1b
zgc:153031,zgc153031
mterf2,mterf2
si:ch73-62b13.1,sich7362b13.1
tmem263,tmem263
si:dkey-103i16.6,sidkey103i16.6
ric8b,ric8b
rfx4,rfx4
polr3b,polr3b
endouc,endouc
ppfibp1b,ppfibp1b
si:ch211-245j22.3,sich211245j22.3
arntl2,arntl2
slc17a8,slc17a8
nr1h4,nr1h4
si:ch211-264e16.2,sich211264e16.2
si:ch211-264e16.1,sich211264e16.1
si:ch211-219a15.4,sich211219a15.4
si:ch211-219a15.3,sich211219a15.3
ube2na,ube2na
nudt4a,nudt4a
eea1,eea1
plekhg7,plekhg7
itpr2,itpr2
FO834850.1,FO834850.1
sspn,sspn
bhlhe41,bhlhe41
ctsd,ctsd
slc6a15,slc6a15
lrriq1,lrriq1
alx1,alx1
CT027551.1,CT027551.1
rassf9,rassf9
nts,nts
mgat4c,mgat4c
eps8b,eps8b
eif4g2b,eif4g2b
ENSDARG00000080895,ENSDARG00000080895
lyve1b,lyve1b
rnf141,rnf141
ampd3b,ampd3b
admb,admb
swap70b,swap70b
wee1,wee1
znf143b,znf143b
si:dkey-8l13.5,sidkey8l13.5
akip1,akip1
si:ch211-242e8.1,sich211242e8.1
CR925798.1,CR925798.1
si:ch211-218c6.8,sich211218c6.8
tph2,tph2
tbc1d15,tbc1d15
chtf8,chtf8
has3,has3
tango6,tango6
BX950194.1,BX950194.1
il17c,il17c
zc3h18,zc3h18
trhr2,trhr2
zfpm1,zfpm1
ces2a,ces2a
ces3,ces3
zgc:91860,zgc91860
foxl1,foxl1
ENSDARG00000041560,ENSDARG00000041560
b3gnt9,b3gnt9
bbs2,bbs2
mt2,mt2
nup93,nup93
slc12a3,slc12a3
herpud1,herpud1
cetp,cetp
nlrc5,nlrc5
cpne2,cpne2
psme3ip1,psme3ip1
rspry1,rspry1
si:ch211-216l23.2,sich211216l23.2
ZNF423,ZNF423
si:ch211-212o1.2,sich211212o1.2
cbln1,cbln1
BX649612.1,BX649612.1
BX649612.2,BX649612.2
n4bp1,n4bp1
siah1,siah1
lonp2,lonp2
il34,il34
sf3b3,sf3b3
st3gal2,st3gal2
aars1,aars1
BX649641.5,BX649641.5
BX649641.3,BX649641.3
BX571681.5,BX571681.5
BX571681.3,BX571681.3
tgm2l,tgm2l
BX571681.1,BX571681.1
pllp,pllp
arl2bp,arl2bp
arih1,arih1
BX571681.4,BX571681.4
si:dkey-73n10.1,sidkey73n10.1
ppcdc,ppcdc
hacd3,hacd3
ints14,ints14
slc24a1,slc24a1
BX548060.1,BX548060.1
dennd4a,dennd4a
si:dkey-242h9.5,sidkey242h9.5
BX908395.1,BX908395.1
si:dkey-242h9.3,sidkey242h9.3
rab11a,rab11a
megf11,megf11
map2k1,map2k1
rpl4,rpl4
CT863714.4,CT863714.4
ENSDARG00000080636,ENSDARG00000080636
CT863714.2,CT863714.2
ENSDARG00000080158,ENSDARG00000080158
CT863714.7,CT863714.7
zwilch,zwilch
lctlb,lctlb
snapc5,snapc5
smad6b,smad6b
smad3b,smad3b
aagab,aagab
iqch,iqch
C18H15orf61,C18H15orf61
skor1b,skor1b
pias1b,pias1b
rxfp3.3a3,rxfp3.3a3
morf4l1,morf4l1
uacaa,uacaa
BX890624.2,BX890624.2
tle3a,tle3a
kif23,kif23
paqr5a,paqr5a
ddb2,ddb2
kbtbd4,kbtbd4
rapsn,rapsn
ighmbp2,ighmbp2
agk,agk
dennd11,dennd11
wee2,wee2
bida,bida
bcl2l13,bcl2l13
wnt2,wnt2
asz1,asz1
cftr,cftr
cttnbp2,cttnbp2
ttc23,ttc23
synm,synm
pgpep1l,pgpep1l
igf1ra,igf1ra
BX548061.1,BX548061.1
fam169b,fam169b
arpin,arpin
anpepa,anpepa
si:dkey-12e7.1,sidkey12e7.1
kmt5b,kmt5b
chka,chka
BX571884.2,BX571884.2
si:dkey-12e7.4,sidkey12e7.4
got2a,got2a
calb2a,calb2a
pnp6,pnp6
hydin,hydin
necab2,necab2
slc38a8a,slc38a8a
mbtps1,mbtps1
fan1,fan1
BX548157.1,BX548157.1
pskh1,pskh1
nrn1la,nrn1la
edc4,edc4
nutf2,nutf2
tsnaxip1,tsnaxip1
ranbp10,ranbp10
pard6a,pard6a
CT573204.1,CT573204.1
zgc:158868,zgc158868
si:ch73-186j5.2,sich73186j5.2
ripor1,ripor1
si:dkey-45h7.1,sidkey45h7.1
ctcf,ctcf
carmil2,carmil2
tmem170a,tmem170a
cfdp1,cfdp1
bcar1,bcar1
CR933017.1,CR933017.1
si:dkey-11d18.4,sidkey11d18.4
si:ch73-113g13.3,sich73113g13.3
si:ch73-113g13.2,sich73113g13.2
si:ch73-113g13.1,sich73113g13.1
nudt21,nudt21
hsf4,hsf4
gnao1a,gnao1a
cbfb,cbfb
AL953894.1,AL953894.1
mef2aa,mef2aa
mctp2a,mctp2a
AL805905.2,AL805905.2
BX936364.1,BX936364.1
nr2f2,nr2f2
BX569787.1,BX569787.1
si:ch211-147m20.3,sich211147m20.3
CR847971.1,CR847971.1
lysmd4,lysmd4
AL935295.1,AL935295.1
AL935295.2,AL935295.2
rgma,rgma
chd2,chd2
si:ch211-196l7.4,sich211196l7.4
fam174b,fam174b
st8sia2,st8sia2
BX901968.1,BX901968.1
si:dkeyp-59c12.1,sidkeyp59c12.1
plin1,plin1
gnrhr4,gnrhr4
CR450716.1,CR450716.1
pex11a,pex11a
si:ch211-13k12.2,sich21113k12.2
fkbp16,fkbp16
si:ch211-39k3.2,sich21139k3.2
zgc:162879,zgc162879
sema4ba,sema4ba
znf710a,znf710a
idh2,idh2
CABZ01039782.1,CABZ01039782.1
dre-mir-184-1,dre-mir-184-1
CR352253.1,CR352253.1
RASGRF1,RASGRF1
ctsh,ctsh
blm,blm
malt3,malt3
alpk3a,alpk3a
kti12,kti12
nmba,nmba
sec11a,sec11a
znf592,znf592
slc28a1,slc28a1
ch25hl1.1,ch25hl1.1
si:dkey-24l11.2,sidkey24l11.2
ch25hl1.2,ch25hl1.2
tspan3a,tspan3a
pstpip1a,pstpip1a
rcn2,rcn2
pik3c2a,pik3c2a
ppp1r15b,ppp1r15b
plekha7a,plekha7a
C18H11orf58,C18H11orf58
cd81b,cd81b
si:dkey-29p10.4,sidkey29p10.4
tp53i11b,tp53i11b
cd82b,cd82b
tspan18b,tspan18b
BX649600.1,BX649600.1
si:ch211-222m18.4,sich211222m18.4
iqcg,iqcg
hipk3b,hipk3b
kiaa1549lb,kiaa1549lb
CR769777.2,CR769777.2
CR769777.1,CR769777.1
spon1a,spon1a
si:ch211-174j14.2,sich211174j14.2
syt9a,syt9a
ppfibp2a,ppfibp2a
mafa,mafa
cmc2,cmc2
cenpn,cenpn
BX908800.1,BX908800.1
mhc2dbb,mhc2dbb
atmin,atmin
si:ch73-103b9.2,sich73103b9.2
si:ch211-220f16.2,sich211220f16.2
si:ch211-220f16.1,sich211220f16.1
AL935117.1,AL935117.1
gse1,gse1
gins2,gins2
emc8,emc8
cox4i1,cox4i1
dusp22a,dusp22a
irf8,irf8
foxf1,foxf1
FO834814.1,FO834814.1
mthfsd,mthfsd
cd151l,cd151l
uraha,uraha
gas8,gas8
mvda,mvda
cyba,cyba
pdcd5,pdcd5
tcf25,tcf25
mc1r,mc1r
def8,def8
dhx36,dhx36
BX908763.1,BX908763.1
olfcs2,olfcs2
olfcs1,olfcs1
BX908386.3,BX908386.3
BX908386.2,BX908386.2
BX908386.1,BX908386.1
olfcw1,olfcw1
BX908401.1,BX908401.1
BX908401.2,BX908401.2
CABZ01012885.1,CABZ01012885.1
olfcg9,olfcg9
olfcg7,olfcg7
olfcg6,olfcg6
olfcg1-1,olfcg1-1
AL844192.1,AL844192.1
olfcg2,olfcg2
olfcg3,olfcg3
olfcg4,olfcg4
olfcj1,olfcj1
CU929403.1,CU929403.1
CU929403.2,CU929403.2
olfcd2,olfcd2
CABZ01032906.1,CABZ01032906.1
CABZ01032906.2,CABZ01032906.2
olfcd3,olfcd3
olfce1,olfce1
FP016180.1,FP016180.1
olfcx1,olfcx1
olfcx2,olfcx2
olfcx3,olfcx3
olfcv1,olfcv1
olfck1,olfck1
BX908736.1,BX908736.1
olfcq1,olfcq1
olfcq2,olfcq2
olfcq3,olfcq3
olfcq5,olfcq5
olfcq6,olfcq6
olfcq11,olfcq11
olfcq12,olfcq12
olfcq13,olfcq13
olfcq14,olfcq14
olfcq15,olfcq15
CR405715.1,CR405715.1
CU463109.1,CU463109.1
si:dkey-145c18.5,sidkey145c18.5
si:dkey-145c18.3,sidkey145c18.3
olfcq19,olfcq19
olfcr1,olfcr1
plch1,plch1
C18H3orf33,C18H3orf33
slc33a1,slc33a1
gmps,gmps
vmn2r1,vmn2r1
kcnab1a,kcnab1a
ssr3,ssr3
tiparp,tiparp
CR626874.1,CR626874.1
LO018333.1,LO018333.1
AL935279.1,AL935279.1
si:ch211-195m9.3,sich211195m9.3
cfap45,cfap45
tbrg1,tbrg1
CABZ01040999.1,CABZ01040999.1
snrpa,snrpa
C18H19orf54,C18H19orf54
itpkcb,itpkcb
ryr1b,ryr1b
CU138549.1,CU138549.1
rasgrp4,rasgrp4
hnrnpul1,hnrnpul1
opa3,opa3
ppp1r13l,ppp1r13l
tmem91,tmem91
exosc5,exosc5
bckdha,bckdha
b3gat1a,b3gat1a
BX927288.1,BX927288.1
BX950224.1,BX950224.1
siae,siae
clasrp,clasrp
znf296,znf296
capn12,capn12
fosb,fosb
C18H19orf47,C18H19orf47
ttc9b,ttc9b
BX248121.1,BX248121.1
si:ch211-160d20.5,sich211160d20.5
si:ch211-238g23.1,sich211238g23.1
map3k10,map3k10
sipa1l3,sipa1l3
qpctla,qpctla
six9,six9
six5,six5
tbcb,tbcb
tmem123,tmem123
yap1,yap1
cep126,cep126
AL627088.1,AL627088.1
luzp2,luzp2
CR381582.1,CR381582.1
CR381582.2,CR381582.2
nucb2b,nucb2b
si:dkey-10o6.2,sidkey10o6.2
nat10,nat10
caprin1b,caprin1b
lmo2,lmo2
alx4b,alx4b
si:ch211-215d8.2,sich211215d8.2
onecut1,onecut1
fam214a,fam214a
BX936456.1,BX936456.1
arpp19a,arpp19a
myo5aa,myo5aa
zgc:171509,zgc171509
gnb5b,gnb5b
bcl2l10,bcl2l10
mapk6,mapk6
leo1,leo1
tmod2,tmod2
lysmd2,lysmd2
scg3,scg3
acadl,acadl
tnfaip8l3,tnfaip8l3
cyp19a1a,cyp19a1a
gldn,gldn
dmxl2,dmxl2
si:ch211-282k23.2,sich211282k23.2
sema6dl,sema6dl
BX323575.1,BX323575.1
ugt5c1,ugt5c1
ugt5c2,ugt5c2
ugt5c3,ugt5c3
zgc:101040,zgc101040
chrna5,chrna5
vwa7,vwa7
si:ch211-132b12.1,sich211132b12.1
si:ch211-132b12.2,sich211132b12.2
si:ch211-132b12.3,sich211132b12.3
zgc:158427,zgc158427
si:ch211-132b12.6,sich211132b12.6
si:ch211-132b12.7,sich211132b12.7
cntd2,cntd2
akt2,akt2
vaspb,vaspb
snrpd2,snrpd2
foxg1c,foxg1c
pglyrp5,pglyrp5
polr2i,polr2i
si:ch211-202c21.7,sich211202c21.7
si:dkey-283j8.1,sidkey283j8.1
RASA2,RASA2
zbtb38,zbtb38
fbxo36a,fbxo36a
trip12,trip12
veph1,veph1
ptx3a,ptx3a
si:ch211-203b8.6,sich211203b8.6
ccnl1a,ccnl1a
selenot1b,selenot1b
tsen34,tsen34
bcl7bb,bcl7bb
baz1b,baz1b
fzd9b,fzd9b
CU326349.3,CU326349.3
grk7b,grk7b
rnf7,rnf7
trpc6b,trpc6b
pgr,pgr
arhgap42b,arhgap42b
cntn5,cntn5
BX322577.1,BX322577.1
ttc36,ttc36
nectin1b,nectin1b
si:ch211-129p13.1,sich211129p13.1
FP236457.1,FP236457.1
treh,treh
ddx6,ddx6
cxcr5,cxcr5
bcl9l,bcl9l
CR925719.2,CR925719.2
cdon,cdon
BX908388.2,BX908388.2
pimr179,pimr179
si:ch211-151h10.2,sich211151h10.2
prdm10,prdm10
aplp2,aplp2
st14a,st14a
dhx34,dhx34
spred3,spred3
psmd8,psmd8
bicra,bicra
ehd2b,ehd2b
napab,napab
b3gnt2l,b3gnt2l
si:dkey-224e22.2,sidkey224e22.2
ilvbl,ilvbl
fam118b,fam118b
srpra,srpra
arfgap2,arfgap2
si:ch211-71n6.4,sich21171n6.4
pex16,pex16
CR792424.1,CR792424.1
large2,large2
BX908385.2,BX908385.2
cngb1a,cngb1a
kifc3,kifc3
wt1b,wt1b
CR936403.1,CR936403.1
eif3m,eif3m
prrg4,prrg4
qser1,qser1
depdc7a,depdc7a
cstf3,cstf3
CU896647.1,CU896647.1
rpl35a,rpl35a
rnpepl1,rnpepl1
dvl3b,dvl3b
ap2m1b,ap2m1b
mmp23bb,mmp23bb
pcyt1ab,pcyt1ab
sptbn4b,sptbn4b
sptbn4b-1,sptbn4b-1
blvrb,blvrb
zgc:113340,zgc113340
kcnk6,kcnk6
CR933839.1,CR933839.1
si:ch211-14c7.2,sich21114c7.2
prx,prx
si:dkey-244a7.1,sidkey244a7.1
pld3,pld3
foxa3,foxa3
irf2bp1,irf2bp1
slc19a3b,slc19a3b
daw1,daw1
sphkap,sphkap
BX649602.1,BX649602.1
pid1,pid1
dner,dner
CABZ01041495.1,CABZ01041495.1
CABZ01041494.1,CABZ01041494.1
gramd1bb,gramd1bb
CABZ01039304.1,CABZ01039304.1
CU633933.1,CU633933.1
rbm7,rbm7
barx2,barx2
KIRREL3,KIRREL3
KIRREL3-1,KIRREL3-1
smtla,smtla
ets1,ets1
fli1a,fli1a
CR786562.2,CR786562.2
kcnj1a.6,kcnj1a.6
kcnj1a.2,kcnj1a.2
kcnj1a.5,kcnj1a.5
kcnj1a.4,kcnj1a.4
kcnj1a.3,kcnj1a.3
CR786562.1,CR786562.1
kcnj1a.1,kcnj1a.1
kcnj5,kcnj5
CABZ01102201.1,CABZ01102201.1
st3gal4,st3gal4
tirap,tirap
gemin7,gemin7
bmp16,bmp16
ppp1r37,ppp1r37
FO681288.1,FO681288.1
SHKBP1,SHKBP1
FO681288.3,FO681288.3
esrrd,esrrd
BX663503.3,BX663503.3
BX663503.2,BX663503.2
BX663503.1,BX663503.1
si:ch211-136a13.1,sich211136a13.1
yif1b,yif1b
si:zfos-464b6.2,sizfos464b6.2
CABZ01070258.1,CABZ01070258.1
sb:cb81,sbcb81
si:cabz01090165.1,sicabz01090165.1
mob2b,mob2b
abcc8b,abcc8b
scamp5b,scamp5b
loxl1,loxl1
insyn1,insyn1
CU862078.1,CU862078.1
cd276,cd276
CU896640.1,CU896640.1
ubl7b,ubl7b
zgc:158464,zgc158464
ube2q1,ube2q1
chrnb4,chrnb4
chrna3,chrna3
si:dkey-151j17.4,sidkey151j17.4
p2ry1,p2ry1
CU640433.1,CU640433.1
rap2b,rap2b
CABZ01102517.1,CABZ01102517.1
CABZ01102518.1,CABZ01102518.1
taldo1,taldo1
tspan4a,tspan4a
ddb1,ddb1
PDPR,PDPR
CABZ01113373.1,CABZ01113373.1
CABZ01113369.1,CABZ01113369.1
shank2a,shank2a
cttn,cttn
pik3c2g,pik3c2g
st7,st7
st7-1,st7-1
ppfia1,ppfia1
LO018598.1,LO018598.1
shisa6,shisa6
wdr45b,wdr45b
mrpl58,mrpl58
si:ch1073-357b18.4,sich1073357b18.4
FO818699.1,FO818699.1
dnah9,dnah9
CABZ01102038.1,CABZ01102038.1
CABZ01102039.1,CABZ01102039.1
map2k4b,map2k4b
adprm,adprm
pts,pts
rcvrnb,rcvrnb
gsg1l2b,gsg1l2b
CT737227.1,CT737227.1
hs3st3l,hs3st3l
dhrs7cb,dhrs7cb
mprip,mprip
si:dkey-94l16.4,sidkey94l16.4
bsk146,bsk146
wu:fj29h11,wufj29h11
si:ch73-301j1.1,sich73301j1.1
sult2st1,sult2st1
si:ch211-176g6.1,sich211176g6.1
sult2st2,sult2st2
si:ch211-176g6.2,sich211176g6.2
abcc3,abcc3
wfikkn2b,wfikkn2b
tob1b,tob1b
SPAG9,SPAG9
daglb,daglb
kdelr2b,kdelr2b
mettl9,mettl9
si:ch1073-272o11.3,sich1073272o11.3
polr3e,polr3e
sox8a,sox8a
lmf1,lmf1
RAB26,RAB26
pemt,pemt
si:dkey-275b16.2-1,sidkey275b16.2-1
rasd1,rasd1
MED9,MED9
cops3,cops3
usp22,usp22
sstr2a,sstr2a
SLC39A11,SLC39A11
sox9a,sox9a
LO018238.1,LO018238.1
vstm4b,vstm4b
lrrc18b,lrrc18b
CR774192.1,CR774192.1
mapk8b,mapk8b
frmpd2,frmpd2
CU929359.2,CU929359.2
CU929359.1,CU929359.1
gdf10b,gdf10b
gdf2,gdf2
irbpl,irbpl
rbp3,rbp3
antxr1c,antxr1c
ubtd1b,ubtd1b
mms19,mms19
zdhhc16b,zdhhc16b
prkar1ab,prkar1ab
fam20a,fam20a
si:dkey-202c14.3,sidkey202c14.3
lrrc45,lrrc45
rac3b,rac3b
dcxr,dcxr
rfng,rfng
sgca,sgca
col1a1b,col1a1b
si:ch1073-13h15.3,sich107313h15.3
gngt2b,gngt2b
tmem101,tmem101
lsm12b,lsm12b
g6pc3,g6pc3
TANC2,TANC2
coa3a,coa3a
CABZ01069040.1,CABZ01069040.1
vps25,vps25
pagr1,pagr1
tlcd3bb,tlcd3bb
MAZ,MAZ
taok2b,taok2b
cabp5a,cabp5a
nif3l1,nif3l1
gdpd3b,gdpd3b
tbx6,tbx6
zgc:92040,zgc92040
eif3c,eif3c
ppp4cb,ppp4cb
si:ch211-136m16.8,sich211136m16.8
si:ch211-180a12.2,sich211180a12.2
zgc:123217,zgc123217
aldoab,aldoab
si:dkey-32n7.4,sidkey32n7.4
itgam,itgam
si:dkey-32n7.7,sidkey32n7.7
si:dkey-32n7.9,sidkey32n7.9
vkorc1,vkorc1
mapk7,mapk7
zgc:92313,zgc92313
mmp25b,mmp25b
ca15b,ca15b
zgc:153760,zgc153760
ca15a,ca15a
ca15c,ca15c
si:ch211-173d10.4,sich211173d10.4
hrc,hrc
hrc-1,hrc-1
hrc-2,hrc-2
trpm4b.2,trpm4b.2
CABZ01030107.1,CABZ01030107.1
si:dkey-94f20.4,sidkey94f20.4
irf3,irf3
prr12a,prr12a
si:ch211-255p10.4,sich211255p10.4
si:ch211-255p10.3,sich211255p10.3
kansl1a,kansl1a
mapta,mapta
si:ch211-93e11.8,sich21193e11.8
zgc:163073,zgc163073
ghrhr2,ghrhr2
scn4aa,scn4aa
cd79b,cd79b
plekhm1,plekhm1
arhgap27,arhgap27
kif22,kif22
AL929469.4,AL929469.4
AL929469.2,AL929469.2
AL929469.1,AL929469.1
prrt2,prrt2
cep55l,cep55l
rbp4,rbp4
pde6c,pde6c
fra10ac1,fra10ac1
lgi1b,lgi1b
SLC35G1,SLC35G1
plce1,plce1
noc3l,noc3l
tbc1d12b,tbc1d12b
drd6b,drd6b
abi3b,abi3b
ace,ace
itga3b,itga3b
dlx3b,dlx3b
dlx4b,dlx4b
LO017821.1,LO017821.1
BX294177.1,BX294177.1
si:ch211-131k2.2,sich211131k2.2
kat7b,kat7b
si:ch211-131k2.3,sich211131k2.3
g6pca.1,g6pca.1
g6pca.2,g6pca.2
aarsd1,aarsd1
asah2,asah2
rltgr,rltgr
a1cf,a1cf
prkg1b,prkg1b
BX248126.1,BX248126.1
BX649533.1,BX649533.1
dkk1b,dkk1b
si:ch211-253p2.2,sich211253p2.2
pcdh15b,pcdh15b
si:dkey-187i8.2,sidkey187i8.2
ipmkb,ipmkb
ube2d1b,ube2d1b
tfam,tfam
zgc:171971,zgc171971
bicc1b,bicc1b
FP102277.2,FP102277.2
phyhiplb,phyhiplb
slc16a9b,slc16a9b
ccdc6b,ccdc6b
ank3b,ank3b
CABZ01050062.1,CABZ01050062.1
ank3b-1,ank3b-1
BX548028.1,BX548028.1
rhobtb1,rhobtb1
tmem26b,tmem26b
cabcoco1,cabcoco1
arid5b,arid5b
adoa,adoa
egr2b,egr2b
CR932364.1,CR932364.1
nrbf2b,nrbf2b
jmjd1cb,jmjd1cb
reep3b,reep3b
cyp26a1,cyp26a1
exoc6,exoc6
adam8b,adam8b
tubgcp2,tubgcp2
pth3r,pth3r
taco1,taco1
kcnh6b,kcnh6b
erbb2,erbb2
pgap3,pgap3
si:ch211-207i20.2,sich211207i20.2
dnajc9,dnajc9
si:ch211-207i20.3,sich211207i20.3
nudt13,nudt13
p4ha1a,p4ha1a
arg1,arg1
heatr1,heatr1
AL732629.2,AL732629.2
ppp1r9bb,ppp1r9bb
prdm9,prdm9
rundc3ab,rundc3ab
fam117ab,fam117ab
ndufa4,ndufa4
ngfrb,ngfrb
slc4a1b,slc4a1b
BX928755.1,BX928755.1
si:dkeyp-118b1.2,sidkeyp118b1.2
smarcd2,smarcd2
psmc5,psmc5
si:ch73-103l1.2,sich73103l1.2
mpp2b,mpp2b
pyyb,pyyb
tut1,tut1
ndc80,ndc80
mki67,mki67
eef2k,eef2k
mosmob,mosmob
uqcrc2b,uqcrc2b
snu13b,snu13b
crym,crym
rac1a,rac1a
zgc:152977,zgc152977
myof,myof
lrrc3ca,lrrc3ca
csf3a,csf3a
med24,med24
FO704786.1,FO704786.1
top2a,top2a
raraa,raraa
vps35l,vps35l
si:ch73-30l9.1,sich7330l9.1
get4,get4
zgc:174164,zgc174164
si:rp71-19m20.1,sirp7119m20.1
htra1b,htra1b
plekha1b,plekha1b
btbd16,btbd16
waplb,waplb
atoh1c,atoh1c
grid1b,grid1b
ccser2b,ccser2b
patl2,patl2
cmn,cmn
cxl34c,cxl34c
paqr4b,paqr4b
pelo,pelo
ppp1cab,ppp1cab
atp2a1l,atp2a1l
irf9,irf9
emc9,emc9
psme2,psme2
lsm5,lsm5
drosha,drosha
kcnh4b,kcnh4b
ghdc,ghdc
CR354395.2,CR354395.2
stat5b,stat5b
oplah,oplah
foxh1,foxh1
BX640453.1,BX640453.1
ppp1r16a,ppp1r16a
adam11,adam11
dbf4b,dbf4b
fkbp10b,fkbp10b
klhl11,klhl11
aclyb,aclyb
si:ch211-217a12.1,sich211217a12.1
buc2l,buc2l
kbtbd2,kbtbd2
avl9,avl9
mto1,mto1
FO704673.1,FO704673.1
becn1,becn1
neurod2,neurod2
pkmyt1,pkmyt1
mylpfb,mylpfb
CR456635.1,CR456635.1
adprh,adprh
sult1st6,sult1st6
med1,med1
plxdc1,plxdc1
arhgap23b,arhgap23b
hexim1,hexim1
acbd4,acbd4
plcd3b,plcd3b
nmt1b,nmt1b
svild,svild
kcnj19b,kcnj19b
znf281b,znf281b
muc13b,muc13b
lrp2b,lrp2b
mpp3b,mpp3b
ppp1r3cb,ppp1r3cb
hectd2,hectd2
pcgf5b,pcgf5b
ankrd1b,ankrd1b
rpp30,rpp30
kif20bb,kif20bb
HTR7,HTR7
si:dkey-269i1.4,sidkey269i1.4
si:dkey-239j18.2,sidkey239j18.2
ctslb,ctslb
si:dkey-239j18.3,sidkey239j18.3
ctslb-1,ctslb-1
ctslb-2,ctslb-2
BX322603.1,BX322603.1
zgc:174154,zgc174154
si:dkey-269i1.4-1,sidkey269i1.4-1
si:dkey-26g8.5,sidkey26g8.5
zgc:174855,zgc174855
zgc:174153,zgc174153
pank1b,pank1b
slc16a12b,slc16a12b
ifit12,ifit12
BX000534.1,BX000534.1
ifit11,ifit11
ifit10,ifit10
ifit9,ifit9
ch25h,ch25h
acta2,acta2
stambpl1,stambpl1
ankrd22,ankrd22
lipf,lipf
rnls,rnls
ptenb,ptenb
atad1b,atad1b
papss2b,papss2b
minpp1b,minpp1b
cyth3a,cyth3a
usp42,usp42
eif2ak1,eif2ak1
pms2,pms2
rsph10b,rsph10b
dlgap5,dlgap5
ccz1,ccz1
pvalb9,pvalb9
pvalb3,pvalb3
pvalb2,pvalb2
CT033796.2,CT033796.2
bhlha15,bhlha15
tecpr1a,tecpr1a
baiap2l1a,baiap2l1a
tmem130,tmem130
nptx2b,nptx2b
trrap,trrap
fam20cb,fam20cb
FOXL3,FOXL3
atpaf2,atpaf2
noxo1b,noxo1b
rnf151,rnf151
tex2l,tex2l
neurl2,neurl2
msrb1b,msrb1b
msrb1b-1,msrb1b-1
mlst8,mlst8
bricd5,bricd5
pgp,pgp
zdhhc4,zdhhc4
grid2ipb,grid2ipb
si:ch211-147h1.4,sich211147h1.4
rgs9b,rgs9b
mrtfab,mrtfab
shisa8b,shisa8b
desi1b,desi1b
xrcc6,xrcc6
josd1,josd1
cbx7b,cbx7b
ep300a,ep300a
l3mbtl2,l3mbtl2
chadlb,chadlb
rangap1b,rangap1b
kctd17,kctd17
si:ch73-139e5.4,sich73139e5.4
csdc2a,csdc2a
aco2,aco2
phf5a,phf5a
tefa,tefa
zc3h7bb,zc3h7bb
cby1,cby1
slc16a8,slc16a8
pdap1a,pdap1a
sh3bp1,sh3bp1
cdc42ep1a,cdc42ep1a
si:ch211-141o9.10,sich211141o9.10
tnrc6b,tnrc6b
csnk1e,csnk1e
tmem184ba,tmem184ba
maff,maff
tomm22,tomm22
dmc1,dmc1
gspt1,gspt1
rsl1d1,rsl1d1
BX649366.1,BX649366.1
BX649366.2,BX649366.2
si:dkey-16i5.8,sidkey16i5.8
snx29,snx29
shisa9a,shisa9a
cpped1,cpped1
ercc4,ercc4
mrtfba,mrtfba
ubald1a,ubald1a
mgrn1a,mgrn1a
foxj1b,foxj1b
rhbdf1b,rhbdf1b
zgc:163057,zgc163057
hbbe3,hbbe3
hbae5,hbae5
hbbe2,hbbe2
aqp8a.2,aqp8a.2
aqp8a.1,aqp8a.1
lcmt1,lcmt1
arhgap17a,arhgap17a
FP565451.1,FP565451.1
si:zfos-754c12.2,sizfos754c12.2
gna13a,gna13a
SLC16A6,SLC16A6
arsg,arsg
snx11,snx11
si:dkey-220f10.4,sidkey220f10.4
stx4,stx4
calcoco2,calcoco2
snf8,snf8
gip,gip
mxra7,mxra7
st6galnac1.1,st6galnac1.1
st6galnac1.2,st6galnac1.2
CASKIN2,CASKIN2
nme2a,nme2a
BX004803.1,BX004803.1
ca10a,ca10a
eme1,eme1
mrpl27,mrpl27
pkd1b,pkd1b
BX510316.1,BX510316.1
thrab,thrab
CR388157.1,CR388157.1
ormdl3,ormdl3
wnt3,wnt3
nsfb,nsfb
si:dkey-38p12.3,sidkey38p12.3
hdlbpb,hdlbpb
neurl4,neurl4
shbg,shbg
zbtb4,zbtb4
polr2a,polr2a
capgb,capgb
si:dkey-219e21.2,sidkey219e21.2
mfsd8,mfsd8
zcchc4,zcchc4
si:dkey-219e21.4,sidkey219e21.4
cdca9,cdca9
ablim2,ablim2
afap1,afap1
rab18a,rab18a
mkxa,mkxa
armc4,armc4
mpp7a,mpp7a
waca,waca
bambia,bambia
BX005058.2,BX005058.2
map3k8,map3k8
mtpap,mtpap
jcada,jcada
svila,svila
CU914155.1,CU914155.1
psme4b,psme4b
chac2,chac2
asb3,asb3
nrxn1a,nrxn1a
BX255907.1,BX255907.1
fshr,fshr
foxn2b,foxn2b
fbxo11a-1,fbxo11a-1
msh2,msh2
calm3a,calm3a
socs5a,socs5a
CR385067.1,CR385067.1
gch2,gch2
cript,cript
pigf,pigf
rhoq,rhoq
cox7a2l,cox7a2l
CR848736.1,CR848736.1
kcng3,kcng3
mta3,mta3
hcar1-4,hcar1-4
CR932077.1,CR932077.1
zfp36l2,zfp36l2
ppm1bb,ppm1bb
six3b,six3b
six2b,six2b
prkcea,prkcea
epas1a,epas1a
glud1b,glud1b
si:dkey-193p11.2,sidkey193p11.2
sncgb,sncgb
mmrn2b,mmrn2b
bmpr1ab,bmpr1ab
ldb3b,ldb3b
opn4b,opn4b
CR854941.2,CR854941.2
usp54b,usp54b
myoz1b,myoz1b
synpo2lb,synpo2lb
itgb3b,itgb3b
ndel1a,ndel1a
si:dkey-287g12.6,sidkey287g12.6
armc7,armc7
acsf2,acsf2
chad,chad
faap100,faap100
tap2t,tap2t
slc16a5a,slc16a5a
kctd2,kctd2
si:dkey-148d16.5,sidkey148d16.5
hexdc,hexdc
arhgap12b,arhgap12b
zeb1b,zeb1b
znf438,znf438
BX469896.1,BX469896.1
msl1b,msl1b
chmp2a,chmp2a
fbrs,fbrs
srcap,srcap
ttll6,ttll6
hoxb8b,hoxb8b
BX001014.2,BX001014.2
hoxb6b,hoxb6b
hoxb5b,hoxb5b
hoxb1b,hoxb1b
BX001014.1,BX001014.1
skap1,skap1
psme3,psme3
nbr1a,nbr1a
tmem106a,tmem106a
si:dkey-11c5.11,sidkey11c5.11
arl4d,arl4d
dusp3a,dusp3a
sost,sost
meox1,meox1
AL833789.1,AL833789.1
etv4,etv4
dhx8,dhx8
spata20,spata20
CU210844.1,CU210844.1
cacna1g,cacna1g
CABZ01027646.1,CABZ01027646.1
LO017791.1,LO017791.1
uts2r2,uts2r2
psmd11b,psmd11b
cdk5r1b,cdk5r1b
MYO1D,MYO1D
si:ch73-180n10.1,sich73180n10.1
pdk2a,pdk2a
tbkbp1,tbkbp1
BX248092.1,BX248092.1
tbx21,tbx21
osbpl7,osbpl7
mrpl10,mrpl10
pnpo,pnpo
prr15lb,prr15lb
cdk5rap3,cdk5rap3
si:ch211-194k22.8,sich211194k22.8
nfe2l1b,nfe2l1b
cbx1b,cbx1b
phkg2,phkg2
si:ch73-81k8.2,sich7381k8.2
rnf40,rnf40
AL732488.2,AL732488.2
znf646,znf646
znf668,znf668
si:rp71-1c10.10,sirp711c10.10
si:rp71-1c10.11,sirp711c10.11
cd37,cd37
si:rp71-1c10.8,sirp711c10.8
valopb,valopb
gabrz,gabrz
CT573003.1,CT573003.1
adgra1a,adgra1a
si:ch211-214e3.5,sich211214e3.5
mxtx2,mxtx2
bms1,bms1
sh2d4bb,sh2d4bb
BX072570.1,BX072570.1
nrg3b,nrg3b
gfra1b,gfra1b
atrnl1b,atrnl1b
trub1,trub1
ablim1b,ablim1b
afap1l2,afap1l2
vwa2,vwa2
tdrd1,tdrd1
ERGIC2,ERGIC2
ccdc186,ccdc186
CR932360.2,CR932360.2
adrb1,adrb1
nhlrc2,nhlrc2
dclre1a,dclre1a
CU695011.1,CU695011.1
plekhs1,plekhs1
zgc:153920,zgc153920
zgc:158404,zgc158404
si:ch211-28p3.3,sich21128p3.3
si:ch211-28p3.4,sich21128p3.4
casp7,casp7
nrap,nrap
CR381684.1,CR381684.1
thbs2b,thbs2b
kcnk1a,kcnk1a
slc35f3a,slc35f3a
entpd1,entpd1
aldh18a1,aldh18a1
crygmx,crygmx
crygmxl2,crygmxl2
CR751608.1,CR751608.1
tcf7l2,tcf7l2
CR456684.2,CR456684.2
vti1a,vti1a
zdhhc6,zdhhc6
acsl5,acsl5
gucy2g,gucy2g
tectb,tectb
gpam,gpam
si:ch73-205h11.1,sich73205h11.1
CR352342.1,CR352342.1
cpn1-1,cpn1-1
dnmbp,dnmbp
habp2,habp2
srsf2a,srsf2a
RNF157,RNF157
si:dkey-49c17.4,sidkey49c17.4
lrrc59,lrrc59
nat9,nat9
grin2cb,grin2cb
rab40b,rab40b
cox11,cox11
stxbp4,stxbp4
CR385040.1,CR385040.1
hlfb,hlfb
SMIM36,SMIM36
FO704741.1,FO704741.1
si:ch211-277e21.1,sich211277e21.1
ANKFN1,ANKFN1
nog3,nog3
CT573006.2,CT573006.2
enpp7.1,enpp7.1
enpp7.2,enpp7.2
CT573006.1,CT573006.1
rbfox3a,rbfox3a
BX936416.1,BX936416.1
c1qtnf1,c1qtnf1
csnk1db,csnk1db
fasn,fasn
cybc1,cybc1
narf,narf
slc9a3r1a,slc9a3r1a
mbtd1,mbtd1
tdrkh,tdrkh
CR405682.1,CR405682.1
tmem94,tmem94
myo15b,myo15b
llgl2,llgl2
galk1,galk1
twnk,twnk
mrpl43,mrpl43
sema4gb,sema4gb
mfsd13a,mfsd13a
trim8b,trim8b
arl3b,arl3b
sfxn2,sfxn2
timp2a,timp2a
cyth1b,cyth1b
pgs1,pgs1
socs3b,socs3b
tha1,tha1
tmem235b,tmem235b
birc5a,birc5a
fscn2b,fscn2b
CR932362.1,CR932362.1
bahcc1b,bahcc1b
si:dkey-21c1.8,sidkey21c1.8
slc38a10,slc38a10
ENSDARG00000096749,ENSDARG00000096749
tepsin,tepsin
si:dkey-21c1.1,sidkey21c1.1
si:dkey-21c1.4,sidkey21c1.4
bicral,bicral
tbcc,tbcc
prph2a,prph2a
qki2,qki2
timm23a,timm23a
zgc:112285,zgc112285
syt15,syt15
si:dkey-21e13.3,sidkey21e13.3
si:ch73-127m5.2,sich73127m5.2
CU459210.1,CU459210.1
si:ch73-127m5.1,sich73127m5.1
ndst2b,ndst2b
camk2g1,camk2g1
CU469493.1,CU469493.1
sec24c,sec24c
chmp6b,chmp6b
baiap2b,baiap2b
baiap2b-1,baiap2b-1
aatkb,aatkb
CU459056.1,CU459056.1
cep131,cep131
CU459056.2,CU459056.2
rnf213b,rnf213b
dnai2a,dnai2a
AL954682.2,AL954682.2
nploc4,nploc4
pde6gb,pde6gb
gprc5c,gprc5c
gpr142,gpr142
btbd17a,btbd17a
map2k6,map2k6
kcnj2a,kcnj2a
kcnj16,kcnj16
galr2a,galr2a
si:ch211-250n8.1,sich211250n8.1
unk,unk
unc13d,unc13d
fbxw10,fbxw10
si:ch211-216b21.2,sich211216b21.2
CR749163.2,CR749163.2
CR749163.1,CR749163.1
cox10,cox10
hs3st3b1b,hs3st3b1b
CR456627.1,CR456627.1
pmp22b,pmp22b
tekt3,tekt3
si:ch211-152f22.4,sich211152f22.4
cdc42ep4b,cdc42ep4b
sdk2b,sdk2b
AL935034.1,AL935034.1
CABZ01046949.1,CABZ01046949.1
CR855123.1,CR855123.1
BX927300.1,BX927300.1
si:dkey-263j23.1,sidkey263j23.1
rpl38,rpl38
ttyh2,ttyh2
dnai2b,dnai2b
kif19,kif19
abca5,abca5
si:ch211-39f2.3,sich21139f2.3
si:dkey-239b22.1,sidkey239b22.1
si:ch73-181m17.1,sich73181m17.1
si:dkey-239b22.2,sidkey239b22.2
BX294100.2,BX294100.2
BX294100.1,BX294100.1
LO017650.1,LO017650.1
CU062487.2,CU062487.2
CR847968.1,CR847968.1
LO018644.1,LO018644.1
CDH18,CDH18
si:ch211-27e6.1,sich21127e6.1
epc1a,epc1a
kif5ba-1,kif5ba-1
dpysl4,dpysl4
jakmip3,jakmip3
bnip3,bnip3
ppp2r2d,ppp2r2d
TCERG1L,TCERG1L
FO834866.1,FO834866.1
zgc:111868,zgc111868
glrx3,glrx3
si:ch211-221j21.3,sich211221j21.3
ebf3a-1,ebf3a-1
LO017793.1,LO017793.1
CABZ01077176.1,CABZ01077176.1
FO681472.1,FO681472.1
CABZ01043166.1,CABZ01043166.1
BX321882.1,BX321882.1
ptprea,ptprea
clrn3,clrn3
foxi1,foxi1
zgc:112964,zgc112964
CU914622.1,CU914622.1
CU914622.2,CU914622.2
si:ch73-329n5.6,sich73329n5.6
si:ch211-182p11.1,sich211182p11.1
CR385054.1,CR385054.1
si:dkey-201i2.4,sidkey201i2.4
si:dkey-31i7.1,sidkey31i7.1
si:ch211-182p11.1-1,sich211182p11.1-1
si:ch73-329n5.2,sich73329n5.2
si:ch73-329n5.1,sich73329n5.1
si:dkey-31i7.2,sidkey31i7.2
LO018104.1,LO018104.1
dock1,dock1
INSYN2A-1,INSYN2A-1
CABZ01052809.1,CABZ01052809.1
fank1,fank1
dhx32a,dhx32a
bccip,bccip
wbp2,wbp2
trim65,trim65
mrpl38,mrpl38
fdxr,fdxr
CABZ01068367.1,CABZ01068367.1
CABZ01068366.1,CABZ01068366.1
CABZ01068362.1,CABZ01068362.1
CABZ01068359.1,CABZ01068359.1
CABZ01068358.1,CABZ01068358.1
CABZ01068356.1,CABZ01068356.1
fbxl15,fbxl15
gpx9,gpx9
CU565528.1,CU565528.1
pax2b,pax2b
FO904966.2,FO904966.2
CABZ01048956.1,CABZ01048956.1
FO904966.1,FO904966.1
zgc:153932,zgc153932
zgc:153932-1,zgc1539321
si:ch211-226h7.8,sich211226h7.8
AL954655.1,AL954655.1
si:ch211-226h7.6,sich211226h7.6
si:ch211-226h7.5,sich211226h7.5
AL954655.2,AL954655.2
si:ch211-226h7.3,sich211226h7.3
BX005305.2,BX005305.2
BX005305.5,BX005305.5
CU855711.1,CU855711.1
hid1b,hid1b
ush1gb,ush1gb
FADS6,FADS6
trim16,trim16
tvp23b,tvp23b
exoc7,exoc7
plaub,plaub
vclb,vclb
CABZ01057891.1,CABZ01057891.1
adkb,adkb
hpdl,hpdl
fam53b,fam53b
lhpp,lhpp
oat,oat
zranb1a,zranb1a
mtr,mtr
CABZ01088982.1,CABZ01088982.1
RYR2,RYR2
chrm3b,chrm3b
fmn2b,fmn2b
grem2b,grem2b
rgs7b,rgs7b
fh,fh
hhex,hhex
lzts2b,lzts2b
LO017725.1,LO017725.1
selenou1b,selenou1b
dydc2,dydc2
polr3a,polr3a
QRFPR,QRFPR
tbata,tbata
CABZ01074994.1,CABZ01074994.1
adamts14,adamts14
pald1a,pald1a
npffr1,npffr1
ndr2,ndr2
lrrc20,lrrc20
ppa1a,ppa1a
ascc1,ascc1
anapc16,anapc16
ddit4,ddit4
dnajb12b,dnajb12b
scd,scd
sec31b,sec31b
ndufb8,ndufb8
LO017829.1,LO017829.1
cyp4f3,cyp4f3
SYDE1,SYDE1
zgc:92749,zgc92749
zgc:165653,zgc165653
uros,uros
mmp21,mmp21
LO017648.1,LO017648.1
zmiz1b,zmiz1b
ppifb,ppifb
anxa11b,anxa11b
dlg5b.1,dlg5b.1
KCNMA1,KCNMA1
slc18a3b,slc18a3b
rgrb,rgrb
lrit1b,lrit1b
ENSDARG00000104756,ENSDARG00000104756
CABZ01112656.1,CABZ01112656.1
chst3b,chst3b
CABZ01075114.1,CABZ01075114.1
CABZ01075125.1,CABZ01075125.1
CABZ01097761.1,CABZ01097761.1
FO704607.1,FO704607.1
si:zfos-911d5.4,sizfos911d5.4
bub3,bub3
hmx3b,hmx3b
acadsb,acadsb
PSTK,PSTK
col14a1b,col14a1b
CU633999.1,CU633999.1
zhx2b,zhx2b
CU633999.2,CU633999.2
dnajc8,dnajc8
hnrnpr,hnrnpr
atp5if1a,atp5if1a
adgrb1b,adgrb1b
tnfrsf11b,tnfrsf11b
carmil1,carmil1
tatdn1,tatdn1
rnf139,rnf139
tmem65,tmem65
zbtb22a,zbtb22a
scn1bb,scn1bb
syngap1a,syngap1a
lingo4a,lingo4a
ctss1,ctss1
gpd1c,gpd1c
golph3l,golph3l
ensaa,ensaa
mcl1a,mcl1a
vps72a,vps72a
tnfaip8l2a,tnfaip8l2a
sema6d,sema6d
dus3l,dus3l
FO744847.1,FO744847.1
CABZ01010098.1,CABZ01010098.1
akap9,akap9
FUT9-2,FUT9-2
cyp51,cyp51
nup42,nup42
tert,tert
slc6a18,slc6a18
slc6a19a.1,slc6a19a.1
slc6a19a.2,slc6a19a.2
fhod3a,fhod3a
gstr,gstr
msto1,msto1
tmem79a,tmem79a
glmp,glmp
nrm,nrm
ppp1r18,ppp1r18
eomesa,eomesa
tgfbr2a,tgfbr2a
RNF5,RNF5
slc44a4,slc44a4
ehmt2,ehmt2
zdhhc3b,zdhhc3b
tmem42b,tmem42b
CABZ01111953.1,CABZ01111953.1
slc39a4,slc39a4
CABZ01078989.1,CABZ01078989.1
scrt1a,scrt1a
zgc:63863,zgc63863
dgat1a,dgat1a
cfap20,cfap20
oxsm,oxsm
btr29,btr29
CABZ01073736.1,CABZ01073736.1
SLC45A4,SLC45A4
lrrc3b,lrrc3b
klhl7,klhl7
dennd3a,dennd3a
ptk2aa,ptk2aa
rplp1,rplp1
clptm1l,clptm1l
snrpd1,snrpd1
ggcta,ggcta
si:ch211-149a19.3,sich211149a19.3
znrf2a,znrf2a
mturn,mturn
sh3bp5a,sh3bp5a
btd,btd
CABZ01071939.1,CABZ01071939.1
snx13,snx13
twist1a,twist1a
ferd3l,ferd3l
itgb8,itgb8
sp8a,sp8a
sp4,sp4
twistnb,twistnb
FO904989.1,FO904989.1
cdca7b,cdca7b
si:ch73-345f18.3,sich73345f18.3
fam126a,fam126a
si:ch73-24k9.2,sich7324k9.2
tomm7,tomm7
il6,il6
rapgef5a,rapgef5a
recql4,recql4
CDCP1,CDCP1
clec3bb,clec3bb
exosc7,exosc7
hgh1,hgh1
si:ch211-251g8.5,sich211251g8.5
bop1,bop1
scxa,scxa
hsf1,hsf1
si:ch211-80h18.1,sich21180h18.1
zgc:86598,zgc86598
stm,stm
si:ch211-133n4.6,sich211133n4.6
si:ch211-133n4.4,sich211133n4.4
zgc:158445,zgc158445
illr1,illr1
si:ch211-133n4.12,sich211133n4.12
illr3,illr3
si:ch211-133n4.10,sich211133n4.10
si:ch211-133n4.7,sich211133n4.7
si:ch211-133n4.9,sich211133n4.9
edn1,edn1
hivep1,hivep1
tmem170b,tmem170b
BX890591.1,BX890591.1
nedd9,nedd9
smim13,smim13
btr22,btr22
btr18,btr18
btr21,btr21
btr20,btr20
btr24,btr24
ENSDARG00000101034,ENSDARG00000101034
oscp1a,oscp1a
oscp1a-1,oscp1a-1
eva1bb,eva1bb
thrap3b,thrap3b
si:ch73-281i18.3,sich73281i18.3
si:ch73-281i18.4,sich73281i18.4
si:ch73-281i18.7,sich73281i18.7
si:ch73-281i18.6,sich73281i18.6
map7d1b,map7d1b
stpg1,stpg1
meaf6,meaf6
btr23,btr23
btr24-1,btr24-1
btr25,btr25
btr26,btr26
zgc:173581,zgc173581
fhl3b,fhl3b
rragcb,rragcb
TRAPPC9,TRAPPC9
CU570886.1,CU570886.1
kcnk9,kcnk9
st3gal1,st3gal1
st3gal1l,st3gal1l
fbxl20,fbxl20
cdk12,cdk12
ppp1r1b,ppp1r1b
stard3,stard3
zgc:91968,zgc91968
chd4a,chd4a
eno2,eno2
AL772314.1,AL772314.1
tpi1a,tpi1a
gnb3b,gnb3b
si:dkey-89b17.4,sidkey89b17.4
stx1b,stx1b
prf1.3,prf1.3
si:dkeyp-113d7.10,sidkeyp113d7.10
si:dkeyp-113d7.1,sidkeyp113d7.1
krt1-19d,krt1-19d
krtt1c19e,krtt1c19e
krt92,krt92
cyt1l,cyt1l
cyt1,cyt1
krt17,krt17
krt91,krt91
eif1,eif1
BX323079.1,BX323079.1
jupb,jupb
wipf2b,wipf2b
ft2,ft2
ft1,ft1
si:ch211-264f5.2,sich211264f5.2
pdk2b,pdk2b
zgc:174904,zgc174904
CU207217.1,CU207217.1
si:ch211-264f5.6,sich211264f5.6
si:ch211-264f5.8,sich211264f5.8
LO018585.2,LO018585.2
gsk3aa,gsk3aa
cica,cica
erf,erf
pou2f2a-1,pou2f2a-1
atp1a3a,atp1a3a
pvrl2l,pvrl2l
tcf19l,tcf19l
CABZ01029822.1,CABZ01029822.1
FP074867.1,FP074867.1
zgc:162972,zgc162972
si:ch1073-127d16.1,sich1073127d16.1
si:ch73-367f21.4,sich73367f21.4
si:ch73-367f21.5,sich73367f21.5
si:ch73-367f21.6,sich73367f21.6
flot1a,flot1a
znf384l,znf384l
kifc1,kifc1
zbtb22b,zbtb22b
daxx,daxx
tapbp.1,tapbp.1
mhc1uka,mhc1uka
tapbp.2,tapbp.2
mhc1uba,mhc1uba
psmb8a,psmb8a
psmb13a,psmb13a
psmb12,psmb12
psmb9a,psmb9a
tap2a,tap2a
brd2a,brd2a
hsd17b8,hsd17b8
col11a2,col11a2
FP101875.2,FP101875.2
FP101875.1,FP101875.1
rxrba,rxrba
sdha,sdha
ccdc127b,ccdc127b
sqleb,sqleb
oxr1b,oxr1b
naxe,naxe
rab25a,rab25a
sf3b4,sf3b4
gabpb2a,gabpb2a
mllt11,mllt11
mindy1,mindy1
rfx5,rfx5
mrpl24,mrpl24
BX927401.1,BX927401.1
prcc,prcc
mrpl9,mrpl9
lix1l,lix1l
pbxip1a,pbxip1a
CT573133.1,CT573133.1
CT573133.2,CT573133.2
s100a11,s100a11
s100u,s100u
s100s,s100s
pygo2,pygo2
cgnb,cgnb
urgcp,urgcp
si:dkey-204a24.11,sidkey204a24.11
tuft1b,tuft1b
ubap2l,ubap2l
hax1,hax1
aqp10b,aqp10b
znf687b,znf687b
cks1b,cks1b
nuggc.1,nuggc.1
si:dkeyp-85e10.3,sidkeyp85e10.3
nuggc.2,nuggc.2
nuggc.3,nuggc.3
si:dkey-266f7.4,sidkey266f7.4
si:dkey-266f7.5,sidkey266f7.5
si:dkey-266f7.10,sidkey266f7.10
CR936442.1,CR936442.1
si:dkey-266f7.9,sidkey266f7.9
efna3a,efna3a
efna1a,efna1a
s100a10a,s100a10a
dpm3,dpm3
trim46b,trim46b
snx27a,snx27a
si:ch211-39a7.1,sich21139a7.1
rps27.1,rps27.1
cers2a,cers2a
si:ch73-350k19.1,sich73350k19.1
celf3a,celf3a
rprd2a,rprd2a
ciarta,ciarta
mrps21,mrps21
crabp2b,crabp2b
CU464180.1,CU464180.1
scamp3,scamp3
si:ch211-81a5.1,sich21181a5.1
ash1l,ash1l
si:ch211-81a5.5,sich21181a5.5
setdb1a,setdb1a
clk2a,clk2a
si:ch211-81a5.8,sich21181a5.8
hcn3,hcn3
ndufv1,ndufv1
kmt2ba,kmt2ba
CR391915.1,CR391915.1
si:rp71-15k1.1,sirp7115k1.1
si:ch73-15n24.1,sich7315n24.1
si:ch211-288g17.4,sich211288g17.4
BX005154.1,BX005154.1
dre-mir-125a-2,dre-mir-125a-2
si:ch211-288g17.3,sich211288g17.3
vamp1,vamp1
iffo1a,iffo1a
ing4,ing4
fam131ba,fam131ba
clcn1a,clcn1a
styk1a,styk1a
slc2a3a,slc2a3a
si:dkey-14o18.2,sidkey14o18.2
BX927218.1,BX927218.1
znfl1h,znfl1h
cacng6a,cacng6a
cacng8a,cacng8a
cacng7a,cacng7a
grin2da,grin2da
dbpa,dbpa
znf865,znf865
shisa7b,shisa7b
cnot3b,cnot3b
u2af2b,u2af2b
ccdc106b,ccdc106b
tmem238a,tmem238a
rcvrn3,rcvrn3
si:ch211-232m10.6,sich211232m10.6
zgc:194578,zgc194578
necap1,necap1
si:ch211-171h4.3,sich211171h4.3
il11b,il11b
si:ch211-171h4.5,sich211171h4.5
si:ch211-171h4.7,sich211171h4.7
si:ch73-160i9.3,sich73160i9.3
si:ch73-160i9.1,sich73160i9.1
si:ch73-160i9.2,sich73160i9.2
si:dkey-211g8.1,sidkey211g8.1
lim2.4,lim2.4
usf2,usf2
CR384101.1,CR384101.1
si:dkey-211g8.4,sidkey211g8.4
si:dkey-211g8.5,sidkey211g8.5
si:dkey-211g8.8,sidkey211g8.8
si:dkey-211g8.6,sidkey211g8.6
si:dkey-211g8.7,sidkey211g8.7
tekt2,tekt2
olah,olah
ago3b,ago3b
slc9a3.1,slc9a3.1
slc9a3.2,slc9a3.2
lipea,lipea
si:dkey-3n22.9,sidkey3n22.9
tomm40l,tomm40l
apoa4a,apoa4a
apoea,apoea
CU855694.1,CU855694.1
si:ch73-347e22.4,sich73347e22.4
psmd4a,psmd4a
pip5k1aa,pip5k1aa
ecm1a,ecm1a
si:ch73-347e22.8,sich73347e22.8
LO018584.1,LO018584.1
si:ch1073-70f20.1,sich107370f20.1
tpm3,tpm3
CU628002.1,CU628002.1
arhgef1a,arhgef1a
si:dkey-240h12.3,sidkey240h12.3
si:dkey-240h12.4,sidkey240h12.4
FP074861.1,FP074861.1
si:ch73-109i22.2,sich73109i22.2
ssr2,ssr2
irgf3,irgf3
si:ch73-171o20.1,sich73171o20.1
eepd1,eepd1
sept7a,sept7a
hsbp1l1,hsbp1l1
SLC66A2,SLC66A2
kcng2,kcng2
ctdp1,ctdp1
adck5,adck5
cpsf1,cpsf1
si:ch1073-296d18.1,sich1073296d18.1
polr2k,polr2k
spag1a,spag1a
rnf19a,rnf19a
FP236813.1,FP236813.1
pabpc1b,pabpc1b
CU468682.1,CU468682.1
CU468824.1,CU468824.1
ywhaz,ywhaz
znf706,znf706
grhl2b,grhl2b
ncaldb,ncaldb
psmg2,psmg2
ptpn2b,ptpn2b
ftr56,ftr56
seh1l,seh1l
ldlrad4a,ldlrad4a
fam210aa,fam210aa
rnmt,rnmt
mc5ra,mc5ra
cthrc1a,cthrc1a
slc25a32a,slc25a32a
rims2b,rims2b
zfpm2b,zfpm2b
CR450687.1,CR450687.1
lrp12,lrp12
srsf4,srsf4
tmem200b,tmem200b
epb41a,epb41a
BX950225.1,BX950225.1
ccn2b,ccn2b
stx12,stx12
trnau1apa,trnau1apa
sh3bgrl3,sh3bgrl3
paqr7a,paqr7a
tmem222b,tmem222b
tpbga,tpbga
zgc:175136,zgc175136
kdf1b,kdf1b
nr0b2b,nr0b2b
nudc,nudc
tbxta,tbxta
arid1ab,arid1ab
zdhhc18b,zdhhc18b
tent5bb,tent5bb
BX323822.1,BX323822.1
oprd1a,oprd1a
phactr4a,phactr4a
edn2,edn2
hivep3a,hivep3a
serinc2,serinc2
ftr55,ftr55
pdik1l,pdik1l
ppp1r8a,ppp1r8a
foxo6b,foxo6b
cited4a,cited4a
ctps1a,ctps1a
CR385068.2,CR385068.2
CR385068.1,CR385068.1
CR385068.3,CR385068.3
rab42a,rab42a
snrnau11,snrnau11
gmeb1,gmeb1
ptprua,ptprua
CU633478.1,CU633478.1
CR848723.1,CR848723.1
stmn1a,stmn1a
MANEAL,MANEAL
sf3a3,sf3a3
ube2e1,ube2e1
nkiras1,nkiras1
rpl15,rpl15
nr1d2b,nr1d2b
thrb,thrb
CR382334.1,CR382334.1
top2b,top2b
CR391921.1,CR391921.1
ints8,ints8
snx10a,snx10a
cbx3a,cbx3a
nfe2l3,nfe2l3
si:dkey-208k4.2,sidkey208k4.2
BX649471.3,BX649471.3
BX649471.2,BX649471.2
BX649471.1,BX649471.1
zgc:112966-1,zgc1129661
p3h4,p3h4
BX927404.1,BX927404.1
fkbp10a,fkbp10a
FP085400.1,FP085400.1
rps18,rps18
vps52,vps52
st3gal1l3,st3gal1l3
spaca4l,spaca4l
clic1,clic1
ddah2,ddah2
cratb,cratb
FP074902.2,FP074902.2
FP074902.5,FP074902.5
FP074902.3,FP074902.3
ppt2,ppt2
dre-mir-219-3,dre-mir-219-3
FP074902.1,FP074902.1
FP074902.6,FP074902.6
slc39a7,slc39a7
FP067442.1,FP067442.1
cmtm8a,cmtm8a
dync1li1,dync1li1
cpne4b,cpne4b
mrpl3,mrpl3
ptpn23b,ptpn23b
cspg5b,cspg5b
smarcc1b,smarcc1b
ASTE1,ASTE1
wu:fc38h03,wufc38h03
wipf3,wipf3
tril,tril
creb5a,creb5a
jazf1a,jazf1a
tax1bp1a,tax1bp1a
hibadha,hibadha
evx1-1,evx1-1
hoxa13a,hoxa13a
CR382300.4,CR382300.4
hoxa11a,hoxa11a
hoxa9a,hoxa9a
CR382300.2,CR382300.2
hoxa4a,hoxa4a
hoxa5a,hoxa5a
CR382300.1,CR382300.1
hoxa1a,hoxa1a
npvf,npvf
osbpl3a,osbpl3a
gsdmea,gsdmea
mpp6b,mpp6b
npy,npy
znfl1c,znfl1c
fam221a,fam221a
ccdc126,ccdc126
tra2a,tra2a
si:ch211-155k24.9,sich211155k24.9
igf2bp3,igf2bp3
gpnmb,gpnmb
oxnad1,oxnad1
rftn1a,rftn1a
dazl,dazl
tbc1d5,tbc1d5
BX927400.1,BX927400.1
satb1a,satb1a
kcnh8,kcnh8
rab5aa,rab5aa
kat2b,kat2b
ngly1,ngly1
nutf2l,nutf2l
adnp2b,adnp2b
txnl4a,txnl4a
cndp2,cndp2
BX957344.1,BX957344.1
BX470117.1,BX470117.1
tshz1,tshz1
BX470238.1,BX470238.1
znf516,znf516
mbpa,mbpa
galr1a,galr1a
BX572622.2,BX572622.2
sall3b,sall3b
atp9b,atp9b
nfatc1,nfatc1
si:ch73-196l6.5,sich73196l6.5
slc52a2,slc52a2
zgc:109744,zgc109744
fbxl6,fbxl6
eppk1,eppk1
pleca,pleca
eif3eb,eif3eb
trhrb,trhrb
nudcd1,nudcd1
BX511206.1,BX511206.1
pkhd1l1,pkhd1l1
gdf6b,gdf6b
BX571825.5,BX571825.5
grb10a,grb10a
irgf1,irgf1
si:dkey-79i2.4,sidkey79i2.4
pimr80,pimr80
BX927216.1,BX927216.1
BX927234.1,BX927234.1
BX927234.2,BX927234.2
pimr88,pimr88
si:dkey-222b8.4,sidkey222b8.4
chtopa,chtopa
snapin,snapin
si:dkey-222b8.1-1,sidkey222b8.1-1
syt11a,syt11a
rit1,rit1
pex11b,pex11b
BX548249.1,BX548249.1
zgc:64022,zgc64022
thap7,thap7
prf1.2,prf1.2
prf1.7,prf1.7
BX547993.3,BX547993.3
prf1.7-1,prf1.7-1
s100v2,s100v2
sema4ab,sema4ab
si:dkey-81h8.1,sidkey81h8.1
thbs3b,thbs3b
mtx1b,mtx1b
txnipa,txnipa
polr3gla,polr3gla
BX530091.1,BX530091.1
si:dkeyp-92c9.4,sidkeyp92c9.4
si:dkeyp-92c9.2,sidkeyp92c9.2
myo1g,myo1g
si:dkey-154b15.1,sidkey154b15.1
BX927310.2,BX927310.2
BX927310.1,BX927310.1
si:ch211-195b13.1,sich211195b13.1
eya3,eya3
BX530721.1,BX530721.1
si:ch211-195b13.6,sich211195b13.6
xkr8.1,xkr8.1
xkr8.2,xkr8.2
CU915256.1,CU915256.1
xkr8.3,xkr8.3
CU915256.2,CU915256.2
ptp4a3a,ptp4a3a
CR855860.2,CR855860.2
si:ch211-239d6.2,sich211239d6.2
CR855860.1,CR855860.1
rims3,rims3
CR855860.3,CR855860.3
glcci1a,glcci1a
umad1,umad1
rpa3,rpa3
col28a1a,col28a1a
si:dkey-202e17.1,sidkey202e17.1
sdhaf3,sdhaf3
tac1,tac1
asns,asns
bloc1s4,bloc1s4
pard6gb,pard6gb
jarid2b,jarid2b
dtnbp1b,dtnbp1b
mylipa,mylipa
npr1a,npr1a
ints3,ints3
si:dkey-27c15.3,sidkey27c15.3
pdia8,pdia8
csnk2b,csnk2b
prrc2a,prrc2a
neu1,neu1
FP085398.2,FP085398.2
FP085398.1,FP085398.1
prrt1,prrt1
skiv2l,skiv2l
nelfe,nelfe
zbtb12.1,zbtb12.1
zbtb12.2,zbtb12.2
sacm1la,sacm1la
tnfa,tnfa
gabbr1b,gabbr1b
gtf2h4,gtf2h4
gtf2h4-1,gtf2h4-1
znrd1,znrd1
ddx39b,ddx39b
mgat1b,mgat1b
vars2,vars2
ppp1r11,ppp1r11
si:ch73-25f10.6,sich7325f10.6
FP101887.1,FP101887.1
atat1,atat1
si:ch211-152p11.4,sich211152p11.4
si:dkeyp-46h3.8,sidkeyp46h3.8
si:dkeyp-46h3.6,sidkeyp46h3.6
si:dkeyp-46h3.5,sidkeyp46h3.5
BX548075.3,BX548075.3
si:dkeyp-46h3.3,sidkeyp46h3.3
BX548075.1,BX548075.1
si:dkeyp-46h3.2,sidkeyp46h3.2
C19H5orf49,C19H5orf49
BX548075.2,BX548075.2
adcy2b,adcy2b
tent4a,tent4a
srd5a1,srd5a1
nsun2,nsun2
ube2ql1,ube2ql1
med10,med10
irx4b,irx4b
irx1b,irx1b
BX511306.1,BX511306.1
ndufs6,ndufs6
mrpl36,mrpl36
lpcat1,lpcat1
nrsn1l,nrsn1l
BX957317.2,BX957317.2
sox4a-1,sox4a-1
BX957317.1,BX957317.1
BX957317.3,BX957317.3
CR925763.1,CR925763.1
e2f3,e2f3
srfbp1,srfbp1
maco1a,maco1a
ldlrap1a,ldlrap1a
fndc5b,fndc5b
marcksl1b,marcksl1b
hdac1,hdac1
eif3i,eif3i
txlna,txlna
si:ch73-130a3.4,sich73130a3.4
kpna6,kpna6
BX547939.1,BX547939.1
khdrbs1b,khdrbs1b
tspan13b,tspan13b
agr2,agr2
ppp1r10,ppp1r10
mrps18b,mrps18b
abcf1,abcf1
si:ch211-215a10.4,sich211215a10.4
bag6l,bag6l
hpcal4,hpcal4
BX510301.3,BX510301.3
fam49al,fam49al
trit1,trit1
myclb,myclb
mfsd2ab,mfsd2ab
yars1,yars1
si:ch211-194e15.5,sich211194e15.5
BX927219.1,BX927219.1
sync,sync
rbbp4,rbbp4
bzw2,bzw2
ankmy2b,ankmy2b
sostdc1b,sostdc1b
BX465206.1,BX465206.1
meox2b,meox2b
arl4ab,arl4ab
scin,scin
tmem106bb,tmem106bb
pip4p2,pip4p2
necab1,necab1
tmem64,tmem64
gmnn,gmnn
tdp2b,tdp2b
acot13,acot13
C19H6orf62,C19H6orf62
ripor2,ripor2
si:dkeyp-120h9.1,sidkeyp120h9.1
stmn2b,stmn2b
hey1,hey1
si:dkeyp-34f6.4,sidkeyp34f6.4
zbtb10,zbtb10
tpd52,tpd52
znf704,znf704
pag1,pag1
mrpl53,mrpl53
fabp11a,fabp11a
fam8a1a,fam8a1a
atxn1a,atxn1a
CR382336.1,CR382336.1
gmpr,gmpr
fuca1.2,fuca1.2
fuca1.1,fuca1.1
zbtb8b,zbtb8b
heyl,heyl
zgc:91944,zgc91944
tmem54b,tmem54b
hpca,hpca
CR318628.1,CR318628.1
nt5c1aa,nt5c1aa
stk3,stk3
rida,rida
si:dkey-284p5.3,sidkey284p5.3
rpl30,rpl30
laptm4b,laptm4b
mtdha,mtdha
rrm2b,rrm2b
azin1b,azin1b
atp6v1c1b,atp6v1c1b
spire1a,spire1a
klhl38a,klhl38a
fam91a1,fam91a1
trib1,trib1
fam92a1,fam92a1
nkd3l,nkd3l
triqk,triqk
runx1t1,runx1t1
si:ch73-302o18.2,sich73302o18.2
otud6b,otud6b
pex1,pex1
elmo1,elmo1
rp9,rp9
si:dkey-184p18.2,sidkey184p18.2
poc1bl,poc1bl
galnt12,galnt12
si:ch211-9n13.3,sich2119n13.3
gabbr2,gabbr2
elp2,elp2
abitram,abitram
ctnnal1,ctnnal1
sla1a,sla1a
ccn4a,ccn4a
ndrg1a,ndrg1a
si:rp71-45k5.2,sirp7145k5.2
zgc:113424,zgc113424
wdyhv1,wdyhv1
zgc:91910,zgc91910
bmp8a,bmp8a
macf1a,macf1a
ndufs5,ndufs5
CR753876.1,CR753876.1
rnf19b,rnf19b
ak2,ak2
anln,anln
ptp4a2b,ptp4a2b
col8a2,col8a2
trappc3,trappc3
angpt2b,angpt2b
csmd2,csmd2
BX469885.1,BX469885.1
cx30.9,cx30.9
pef1,pef1
smim12,smim12
cx39.4,cx39.4
BX571837.1,BX571837.1
dlgap3,dlgap3
ilf2,ilf2
si:ch211-250g4.3,sich211250g4.3
thsd7aa,thsd7aa
nxph1,nxph1
phf14,phf14
smap2,smap2
col9a2,col9a2
BX276085.2,BX276085.2
col16a1,col16a1
adgrb2,adgrb2
CABZ01045414.1,CABZ01045414.1
CT737129.1,CT737129.1
CT583726.1,CT583726.1
BX957260.1,BX957260.1
sfpq,sfpq
zmym4,zmym4
si:ch211-173p18.3,sich211173p18.3
illr4,illr4
rbm48,rbm48
efcab1,efcab1
grnas,grnas
grn1,grn1
grn2,grn2
cdk6,cdk6
fam133b,fam133b
hepacam2,hepacam2
vps50,vps50
vps50-1,vps50-1
CT027724.1,CT027724.1
calcr,calcr
tfpi2,tfpi2
gngt1,gngt1
zgc:85777,zgc85777
bet1,bet1
si:ch211-120e1.7,sich211120e1.7
col1a2,col1a2
casd1,casd1
sgce,sgce
ppp1r9a,ppp1r9a
asb4,asb4
pdk4,pdk4
slc25a13,slc25a13
sem1,sem1
dlx6a,dlx6a
CU929240.1,CU929240.1
dlx5a,dlx5a
ago2,ago2
si:ch211-57n23.1,sich21157n23.1
chrac1,chrac1
crtc2,crtc2
si:ch211-57n23.4,sich21157n23.4
gatad2b,gatad2b
tinagl1,tinagl1
trioa,trioa
si:ch211-13c6.2,sich21113c6.2
nfyc,nfyc
kcnq4,kcnq4
CU896644.2,CU896644.2
CU896644.3,CU896644.3
CR936363.1,CR936363.1
CU896644.1,CU896644.1
jtb,jtb
si:ch211-191i18.4,sich211191i18.4
cart4,cart4
si:ch211-191i18.2,sich211191i18.2
anp32e,anp32e
BX571688.1,BX571688.1
plekho1a,plekho1a
vps45,vps45
zgc:153441,zgc153441
pogza,pogza
psmb4,psmb4
si:dkey-166k12.1,sidkey166k12.1
zgc:110239,zgc110239
BX950855.1,BX950855.1
zgc:123103,zgc123103
si:dkey-267n13.1,sidkey267n13.1
si:dkey-228a15.1,sidkey228a15.1
CR749752.1,CR749752.1
zgc:103438,zgc103438
sytl1,sytl1
fkbp9,fkbp9
crtap,crtap
susd5,susd5
fbxl2,fbxl2
clasp2,clasp2
ubp1,ubp1
BX324146.1,BX324146.1
pdcd6ip,pdcd6ip
arpp21,arpp21
dre-mir-128-2,dre-mir-128-2
cyhr1,cyhr1
dclk3,dclk3
fabp3,fabp3
CU207343.2,CU207343.2
zcchc17,zcchc17
snrnp40,snrnp40
nkain1,nkain1
CU207343.1,CU207343.1
pum1,pum1
CU207343.4,CU207343.4
CU207343.3,CU207343.3
eef1a1l1,eef1a1l1
CABZ01101996.1,CABZ01101996.1
gnrhr1,gnrhr1
ENSDARG00000113111,ENSDARG00000113111
laptm5,laptm5
matn1,matn1
sesn2,sesn2
yrk,yrk
BX649384.2,BX649384.2
ahdc1,ahdc1
BX649384.3,BX649384.3
wasf2,wasf2
gpr186,gpr186
cd164l2,cd164l2
si:ch211-199g17.2,sich211199g17.2
si:ch211-199g17.9,sich211199g17.9
fam83hb,fam83hb
si:ch211-193k19.2,sich211193k19.2
si:ch211-193k19.1,sich211193k19.1
cap1,cap1
ppt1,ppt1
si:ch1073-513e17.1,sich1073513e17.1
rpl11,rpl11
klhl43,klhl43
eloa,eloa
pithd1,pithd1
lypla2,lypla2
ankib1a,ankib1a
gatad1,gatad1
CR786578.2,CR786578.2
nkd3-1,nkd3-1
nkd3-2,nkd3-2
nkd3-3,nkd3-3
lrrc14b,lrrc14b
uqcrb,uqcrb
mterf3,mterf3
rad21b,rad21b
csmd3a-1,csmd3a-1
trps1,trps1
eif3hb,eif3hb
utp23,utp23
si:ch211-153f2.7,sich211153f2.7
si:ch211-153f2.3,sich211153f2.3
krit1,krit1
nup153,nup153
ptdss1b,ptdss1b
si:dkey-108k24.2,sidkey108k24.2
stmnd1,stmnd1
rbm24a,rbm24a
cap2,cap2
si:ch1073-228h2.2,sich1073228h2.2
vps28,vps28
mapk15,mapk15
grinaa,grinaa
rprd1a,rprd1a
slc30a8,slc30a8
med30,med30
CU856423.1,CU856423.1
ext1b,ext1b
SAMD12,SAMD12
abrab,abrab
angpt1,angpt1
AL953858.1,AL953858.1
si:ch211-229b6.1,sich211229b6.1
sdc2,sdc2
tpmt.1,tpmt.1
tpmt.2,tpmt.2
CU138512.1,CU138512.1
ext1c,ext1c
psmb2,psmb2
CU929178.1,CU929178.1
tfap2e,tfap2e
ncdn,ncdn
zgc:114119,zgc114119
CU695215.3,CU695215.3
grem1a-1,grem1a-1
scg5-1,scg5-1
actc1a-1,actc1a-1
rrm2-1,rrm2-1
CU695215.2,CU695215.2
CABZ01071972.1,CABZ01071972.1
cdca8,cdca8
c19h1orf109,c19h1orf109
ago4,ago4
CABZ01005379.1,CABZ01005379.1
CABZ01072848.1,CABZ01072848.1
ctnnb2,ctnnb2
zgc:158376,zgc158376
si:ch1073-205c8.5,sich1073205c8.5
CU929079.1,CU929079.1
UBE2M,UBE2M
kpnb1,kpnb1
CU929079.2,CU929079.2
csf3b,csf3b
psmd3,psmd3
zgc:85936,zgc85936
utp18,utp18
nme2b.2,nme2b.2
nme2b.1,nme2b.1
btr30,btr30
prdm1b,prdm1b
CU693379.1,CU693379.1
zgc:101785,zgc101785
si:ch73-359m17.11,sich73359m17.11
si:ch73-359m17.9,sich73359m17.9
si:ch73-359m17.7,sich73359m17.7
si:ch73-359m17.6,sich73359m17.6
si:ch73-359m17.5,sich73359m17.5
si:ch73-359m17.8,sich73359m17.8
sgo1,sgo1
rpl14,rpl14
abhd5b,abhd5b
si:ch73-359m17.2,sich73359m17.2
topaz1,topaz1
si:ch1073-376c22.1,sich1073376c22.1
cyp2y3,cyp2y3
cyp2y3-1,cyp2y3-1
AXL,AXL
bace1,bace1
apoa1b,apoa1b
BX640522.1,BX640522.1
limk1a,limk1a
BX640522.2,BX640522.2
nipsnap2,nipsnap2
psph,psph
CABZ01056628.1,CABZ01056628.1
CABZ01056629.1,CABZ01056629.1
med17,med17
CABZ01033206.1,CABZ01033206.1
CABZ01033205.1,CABZ01033205.1
mfrp,mfrp
si:ch1073-280e3.1,sich1073280e3.1
nudt8,nudt8
ftr86,ftr86
pcsk7,pcsk7
tagln,tagln
cbln18,cbln18
cbln20,cbln20
si:ch73-144d13.4,sich73144d13.4
si:ch73-144d13.5,sich73144d13.5
alox5b.3,alox5b.3
si:ch73-144d13.7,sich73144d13.7
si:ch211-210b2.1,sich211210b2.1
si:ch73-144d13.8,sich73144d13.8
znf1013,znf1013
si:ch211-210b2.4,sich211210b2.4
si:ch211-210b2.3,sich211210b2.3
si:ch211-210b2.2,sich211210b2.2
zgc:171901,zgc171901
zgc:174574,zgc174574
si:dkey-7i4.23,sidkey7i4.23
si:dkey-7i4.24,sidkey7i4.24
zgc:162936,zgc162936
si:dkey-7i4.21,sidkey7i4.21
znf1011,znf1011
znf1011-1,znf1011-1
si:dkey-7i4.19,sidkey7i4.19
im:7143333,im7143333
si:dkey-7i4.15,sidkey7i4.15
si:dkey-7i4.16,sidkey7i4.16
znf970,znf970
si:dkey-7i4.1,sidkey7i4.1
si:dkey-7i4.8,sidkey7i4.8
zgc:113294,zgc113294
si:dkey-7i4.7,sidkey7i4.7
si:dkey-7i4.14,sidkey7i4.14
zgc:174573,zgc174573
si:dkey-7i4.5,sidkey7i4.5
si:dkey-77f5.8,sidkey77f5.8
si:dkey-77f5.11,sidkey77f5.11
si:dkey-7i4.13,sidkey7i4.13
si:dkey-77f5.11-1,sidkey77f5.11-1
si:dkey-7i4.10,sidkey7i4.10
si:dkey-77f5.13,sidkey77f5.13
si:dkey-7i4.9,sidkey7i4.9
si:dkey-7i4.11,sidkey7i4.11
znf1012,znf1012
si:dkey-77f5.15,sidkey77f5.15
si:dkey-77f5.14,sidkey77f5.14
si:dkey-77f5.10,sidkey77f5.10
alox5b.1,alox5b.1
alox5b.2,alox5b.2
znf1007,znf1007
si:dkey-77f5.6,sidkey77f5.6
znf1010,znf1010
si:dkey-77f5.4,sidkey77f5.4
si:dkey-77f5.3,sidkey77f5.3
aadac,aadac
CU571333.1,CU571333.1
igsf10,igsf10
p2ry12,p2ry12
p2ry13,p2ry13
mlf1,mlf1
gfm1,gfm1
lxn,lxn
mfsd1,mfsd1
schip1,schip1
il12a,il12a
si:dkeyp-97b10.3,sidkeyp97b10.3
ift80,ift80
smc4,smc4
trim59,trim59
nnr,nnr
kpna4,kpna4
ppm1lb,ppm1lb
nmd3,nmd3
sptssb,sptssb
otol1b,otol1b
rabgef1l,rabgef1l
stx1a,stx1a
bud23,bud23
cul3b,cul3b
mmp28,mmp28
fam124b,fam124b
taf15,taf15
porb,porb
sbds,sbds
dock10,dock10
shox2,shox2
rsrc1,rsrc1
AL954387.1,AL954387.1
CU695208.1,CU695208.1
hephl1a,hephl1a
panx1a,panx1a
neu4,neu4
wdr53,wdr53
srprb,srprb
cux1b,cux1b
SH2B2,SH2B2
dnajc30b,dnajc30b
si:ch211-235m3.10,sich211235m3.10
CR382327.1,CR382327.1
cldnj,cldnj
cldne,cldne
cldnf,cldnf
cldna,cldna
CR382327.2,CR382327.2
CR382327.3,CR382327.3
si:ch211-235m3.5,sich211235m3.5
ppp5c,ppp5c
CABZ01086049.1,CABZ01086049.1
tgfb1a,tgfb1a
CABZ01086041.1,CABZ01086041.1
ankrd49,ankrd49
mre11a,mre11a
guca1c,guca1c
CABZ01086029.1,CABZ01086029.1
zgc:153184,zgc153184
mlnr,mlnr
fndc3a,fndc3a
slitrk5a,slitrk5a
rcbtb2,rcbtb2
CABZ01053592.1,CABZ01053592.1
ENSDARG00000074984,ENSDARG00000074984
stoml3a,stoml3a
slc25a15a,slc25a15a
foxo1a,foxo1a
cog6,cog6
ENSDARG00000115101,ENSDARG00000115101
lpar6a,lpar6a
CABZ01040556.1,CABZ01040556.1
RNF14,RNF14
RNF14-1,RNF14-1
CABZ01061592.1,CABZ01061592.1
CABZ01061591.1,CABZ01061591.1
mindy4b,mindy4b
clrn1,clrn1
gpr171,gpr171
si:ch73-309g22.1,sich73309g22.1
CR626884.4,CR626884.4
CR626884.6,CR626884.6
P2RY14,P2RY14
CR626884.2,CR626884.2
si:dkey-83h2.3,sidkey83h2.3
rnf168,rnf168
ENSDARG00000104834,ENSDARG00000104834
ece2b,ece2b
atp1b3b,atp1b3b
CU467614.1,CU467614.1
tfdp2,tfdp2
rffl,rffl
eif4h,eif4h
si:dkey-35i13.1,sidkey35i13.1
lipt2,lipt2
rnf169,rnf169
spcs2,spcs2
defbl3,defbl3
abcg1,abcg1
mxf,mxf
pgm2l1,pgm2l1
or128-10,or128-10
or126-7,or126-7
or126-5,or126-5
or126-4,or126-4
or126-2,or126-2
or128-9,or128-9
or128-8,or128-8
or128-5,or128-5
or128-3,or128-3
or128-2,or128-2
or128-1,or128-1
or126-1,or126-1
or127-1,or127-1
si:ch1073-166e24.4,sich1073166e24.4
or121-1,or121-1
or122-1,or122-1
or122-2,or122-2
or120-1,or120-1
or113-1,or113-1
si:ch1073-22e3.1,sich107322e3.1
or112-1,or112-1
arrb1,arrb1
atg16l2,atg16l2
atg16l2-1,atg16l2-1
wdr62,wdr62
urb1,urb1
mrap,mrap
phkg1a,phkg1a
chchd2,chchd2
hnrnpl2,hnrnpl2
rbp2a,rbp2a
brwd1,brwd1
si:ch73-281n10.2,sich73281n10.2
get1,get1
sh3bgr,sh3bgr
igsf5b,igsf5b
PCP4,PCP4
dscamb,dscamb
bace2,bace2
atm,atm
CU655863.1,CU655863.1
nop53,nop53
CU633984.1,CU633984.1
CU694757.1,CU694757.1
si:ch1073-228b5.2,sich1073228b5.2
sirt2,sirt2
meis3,meis3
ech1,ech1
mrps22,mrps22
si:ch73-311h14.2,sich73311h14.2
foxl2a,foxl2a
pik3cb,pik3cb
her8.2,her8.2
her13,her13
SLC7A1,SLC7A1
gbe1b,gbe1b
cadm2b,cadm2b
bach1a,bach1a
mipep,mipep
tnfrsf19,tnfrsf19
si:ch211-113p18.3,sich211113p18.3
egln2,egln2
tmem160,tmem160
npas1,npas1
arhgap35a,arhgap35a
CR293508.3,CR293508.3
CR293508.1,CR293508.1
ap2s1,ap2s1
rab4b,rab4b
rhoub,rhoub
rtn2a,rtn2a
CR925772.1,CR925772.1
ppm1na,ppm1na
si:dkey-202g17.3,sidkey202g17.3
ptgir,ptgir
calm3a-1,calm3a-1
si:ch211-261a10.5,sich211261a10.5
slc37a4a,slc37a4a
trappc4,trappc4
sgcg,sgcg
sacs,sacs
FP016239.2,FP016239.2
FP016239.1,FP016239.1
gab2,gab2
CR936974.1,CR936974.1
nars2,nars2
si:dkey-13m3.2,sidkey13m3.2
tenm4,tenm4
CT573316.1,CT573316.1
CT573316.2,CT573316.2
CT573316.3,CT573316.3
BX323573.1,BX323573.1
BX293559.2,BX293559.2
prcp,prcp
CR538726.1,CR538726.1
rab30,rab30
si:ch73-321d9.2,sich73321d9.2
ndufc2,ndufc2
slc1a5,slc1a5
fkrp,fkrp
si:dkey-31c13.1,sidkey31c13.1
strn4,strn4
FO704748.1,FO704748.1
prkd2,prkd2
gpr184,gpr184
PRLHR,PRLHR
CR848025.2,CR848025.2
CR848025.3,CR848025.3
si:dkey-202l22.6,sidkey202l22.6
FO904901.1,FO904901.1
dscaml1,dscaml1
si:dkey-36i7.3,sidkey36i7.3
fxyd6,fxyd6
tmprss13a,tmprss13a
il10ra,il10ra
BX901957.1,BX901957.1
tmprss4a,tmprss4a
scn4ba,scn4ba
scn2b,scn2b
zgc:172282,zgc172282
CABZ01009248.1,CABZ01009248.1
zgc:162730,zgc162730
ENSDARG00000040725,ENSDARG00000040725
BX927244.2,BX927244.2
BX927244.1,BX927244.1
trappc6bl,trappc6bl
si:ch211-116o3.5,sich211116o3.5
clca1,clca1
si:ch211-116o3.3,sich211116o3.3
clca1-1,clca1-1
clca5.1,clca5.1
pnkp,pnkp
si:dkey-243k1.3,sidkey243k1.3
ENSDARG00000098171,ENSDARG00000098171
si:ch211-11n16.3,sich21111n16.3
dpf1,dpf1
si:ch211-11n16.2,sich21111n16.2
numbl,numbl
coq8b,coq8b
FBXO46,FBXO46
slc5a2,slc5a2
si:dkey-260j18.2,sidkey260j18.2
CR388387.1,CR388387.1
sars2,sars2
p4ha3,p4ha3
or129-1,or129-1
or130-1,or130-1
or130-1-1,or130-1-1
diabloa,diabloa
CR936977.2,CR936977.2
si:ch211-24o8.4,sich21124o8.4
CR936977.1,CR936977.1
si:ch211-149e23.4,sich211149e23.4
rrp8,rrp8
med29,med29
c2cd3,c2cd3
CR450848.1,CR450848.1
camkk1b,camkk1b
ywhag2,ywhag2
si:ch211-105f12.2,sich211105f12.2
CU633486.1,CU633486.1
ca4b,ca4b
dhrs11b,dhrs11b
zgc:92630,zgc92630
proca1,proca1
zgc:174895,zgc174895
rab34a,rab34a
nek8,nek8
traf4a,traf4a
CR848661.1,CR848661.1
CR848840.1,CR848840.1
si:ch211-33e4.3,sich21133e4.3
si:ch211-33e4.2,sich21133e4.2
tada2a,tada2a
dusp14,dusp14
synrg,synrg
hnf1ba,hnf1ba
dynll2a,dynll2a
srsf1a,srsf1a
aldoca,aldoca
rskra,rskra
si:ch211-259g3.4,sich211259g3.4
glod4,glod4
mrm3a,mrm3a
nxn,nxn
txndc17,txndc17
p2rx8,p2rx8
fam222bb,fam222bb
flot2b,flot2b
galnt17,galnt17
caln1,caln1
tyw1,tyw1
TMEM120A,TMEM120A
gdpd1,gdpd1
ypel2b,ypel2b
BX571762.1,BX571762.1
BX571762.2,BX571762.2
hip1,hip1
plin2,plin2
lgals17,lgals17
clptm1,clptm1
mos,mos
relb,relb
mrpl28,mrpl28
cul5a,cul5a
itgae.2,itgae.2
itgae.1,itgae.1
CU861501.1,CU861501.1
si:ch73-223p23.2,sich73223p23.2
dhx40,dhx40
CR848791.1,CR848791.1
cltcb,cltcb
vmp1,vmp1
CR848791.3,CR848791.3
CR848791.2,CR848791.2
tubd1,tubd1
rps6kb1b,rps6kb1b
snx19b,snx19b
adamts15b,adamts15b
adamts15b-1,adamts15b-1
si:ch211-213d14.1,sich211213d14.1
CT573342.1,CT573342.1
si:ch211-213d14.2,sich211213d14.2
CT573342.2,CT573342.2
BX901923.1,BX901923.1
zgc:113279,zgc113279
atf5b,atf5b
BX901923.2,BX901923.2
phldb1b,phldb1b
arcn1b,arcn1b
cryaba,cryaba
dixdc1a,dixdc1a
CR385077.1,CR385077.1
CR388163.2,CR388163.2
pih1d2,pih1d2
tmprss5,tmprss5
CR388163.1,CR388163.1
btr04-1,btr04-1
btr16,btr16
btr21-1,btr21-1
or131-1,or131-1
wu:fj20b03,wufj20b03
or131-2,or131-2
zbtb16b,zbtb16b
ncam1b,ncam1b
CR848844.1,CR848844.1
cadm1b,cadm1b
arhgap32a,arhgap32a
igsf9ba,igsf9ba
BX324206.2,BX324206.2
BX324206.3,BX324206.3
jam3a,jam3a
vps26b,vps26b
thyn1,thyn1
acad8,acad8
esamb,esamb
zgc:77784,zgc77784
CU013548.1,CU013548.1
lim2.3,lim2.3
hspa8b,hspa8b
si:dkey-4p15.4,sidkey4p15.4
si:dkey-4p15.5,sidkey4p15.5
CR626889.1,CR626889.1
sytl2b,sytl2b
picalmb,picalmb
CR848759.1,CR848759.1
zpld1b,zpld1b
si:ch211-229d2.5,sich211229d2.5
alcamb,alcamb
dyrk1ab,dyrk1ab
thap12b,thap12b
map6b,map6b
CR848757.1,CR848757.1
zgc:112083,zgc112083
auts2b,auts2b
med13b,med13b
exoc3l2b,exoc3l2b
ppp1r14ab,ppp1r14ab
AL928724.1,AL928724.1
spint2,spint2
plekhg2,plekhg2
CR626887.2,CR626887.2
il15l,il15l
supt5h,supt5h
rnaset2l,rnaset2l
cox7a1,cox7a1
chp2,chp2
CR626887.1,CR626887.1
dlc,dlc
timm50,timm50
tnfaip1,tnfaip1
sgsm2,sgsm2
tpst1,tpst1
CR848784.3,CR848784.3
CR848784.4,CR848784.4
aldh3a1,aldh3a1
CR848784.5,CR848784.5
CR848784.2,CR848784.2
aldh3a2a,aldh3a2a
ulk2,ulk2
CR848784.1,CR848784.1
usp2a,usp2a
tbcela,tbcela
BX548078.1,BX548078.1
si:ch211-212c13.10,sich211212c13.10
CR626907.2,CR626907.2
a2ml,a2ml
sb:cb37,sbcb37
si:ch211-212c13.8,sich211212c13.8
CR626907.1,CR626907.1
CR626907.3,CR626907.3
si:dkey-105h12.2,sidkey105h12.2
BX663520.1,BX663520.1
usf1,usf1
gkup,gkup
ubash3bb,ubash3bb
BX663520.2,BX663520.2
dre-mir-125b-1,dre-mir-125b-1
BX663519.1,BX663519.1
sorl1,sorl1
si:dkey-40g16.5,sidkey40g16.5
bco2b,bco2b
sdhdb,sdhdb
si:dkey-40g16.6,sidkey40g16.6
zgc:162339,zgc162339
ppp2r1bb,ppp2r1bb
sik2b,sik2b
BX572077.1,BX572077.1
laynb,laynb
si:dkey-103g5.3,sidkey103g5.3
zgc:162608,zgc162608
si:dkey-103g5.4,sidkey103g5.4
BX572077.2,BX572077.2
ttc12,ttc12
ankk1,ankk1
drd2a,drd2a
scn3b,scn3b
si:ch211-286b4.4,sich211286b4.4
spa17,spa17
zgc:194114,zgc194114
hepacama,hepacama
pde9al,pde9al
oafa,oafa
CR848033.1,CR848033.1
tlcd5a,tlcd5a
arhgef12a,arhgef12a
grik4,grik4
ccdc153,ccdc153
cbl,cbl
mcamb,mcamb
rnf26,rnf26
c1qtnf5,c1qtnf5
kmt2a,kmt2a
ube4a,ube4a
phykpl,phykpl
pdzd3a,pdzd3a
nlrx1,nlrx1
abcg4b,abcg4b
hmbsb,hmbsb
si:dkey-182i3.9,sidkey182i3.9
si:dkey-182i3.8,sidkey182i3.8
si:dkey-182i3.10,sidkey182i3.10
si:dkey-182i3.11,sidkey182i3.11
MARK4,MARK4
ckmb,ckmb
klc3,klc3
ercc2,ercc2
zgc:154093,zgc154093
zc3h4,zc3h4
sae1,sae1
bbc3,bbc3
rad1,rad1
ift20,ift20
tmem97,tmem97
si:ch211-167j9.4,sich211167j9.4
si:ch211-167j9.5,sich211167j9.5
usp32,usp32
si:ch1073-145m9.1,sich1073145m9.1
appbp2,appbp2
myo18ab,myo18ab
CR394545.1,CR394545.1
pipox,pipox
sez6b,sez6b
phf12b,phf12b
dhrs13b.1,dhrs13b.1
dhrs13b.1-1,dhrs13b.1-1
gemin4,gemin4
dhrs13b.2,dhrs13b.2
CR457447.1,CR457447.1
smtnl,smtnl
tmem199,tmem199
poldip2,poldip2
LRRC75A,LRRC75A
crk,crk
ywhae1,ywhae1
cpda,cpda
gosr1,gosr1
trarg1a,trarg1a
aipl1,aipl1
abhd15a,abhd15a
si:ch211-198e20.10,sich211198e20.10
BX908796.3,BX908796.3
pimr190,pimr190
BX908796.1,BX908796.1
zgc:136683,zgc136683
pimr191,pimr191
exo5,exo5
rflnb,rflnb
vps53,vps53
slc35f2l,slc35f2l
mnta,mnta
mettl16,mettl16
pafah1b1a,pafah1b1a
cluha,cluha
si:dkey-54n8.4,sidkey54n8.4
tlcd2,tlcd2
aifm4,aifm4
pak4,pak4
CU856359.1,CU856359.1
zgc:152863,zgc152863
hif1al,hif1al
npat,npat
mmp20a,mmp20a
mmp20b,mmp20b
si:dkey-54n8.2,sidkey54n8.2
taok1a,taok1a
tsr1,tsr1
hic1,hic1
CT027805.1,CT027805.1
dph1,dph1
CR848822.3,CR848822.3
CR848822.2,CR848822.2
rtn4rl1b,rtn4rl1b
rpa1,rpa1
serpinf2b,serpinf2b
wdr81,wdr81
slc13a5b,slc13a5b
slc47a3,slc47a3
slc47a4,slc47a4
pitpnm3,pitpnm3
si:dkey-243i1.1,sidkey243i1.1
ccdc9,ccdc9
ppm1da,ppm1da
bcas3,bcas3
CR848825.1,CR848825.1
AL954322.1,AL954322.1
AL954322.3,AL954322.3
AL954322.2,AL954322.2
tbx2b,tbx2b
tbx4,tbx4
brip1,brip1
lhx1a,lhx1a
CR391930.1,CR391930.1
dhrs13a.3,dhrs13a.3
cryba1a,cryba1a
crybb1l3,crybb1l3
unc119a,unc119a
foxn1,foxn1
slc46a1,slc46a1
sarm1,sarm1
vtna,vtna
scarf1,scarf1
rilp,rilp
prpf8,prpf8
myo1cb,myo1cb
si:dkey-118k5.3,sidkey118k5.3
slc43a2a,slc43a2a
pitpnaa,pitpnaa
git1,git1
ankrd13b,ankrd13b
ssh2a,ssh2a
si:ch211-225b7.5,sich211225b7.5
BX088540.1,BX088540.1
slc6a4a,slc6a4a
blmh,blmh
nova2,nova2
cd3eap,cd3eap
gpr4,gpr4
eml2,eml2
gipr,gipr
clip3,clip3
dharma,dharma
si:ch211-137a8.2,sich211137a8.2
si:ch211-137a8.4,sich211137a8.4
zgc:162698,zgc162698
capns1b,capns1b
zgc:101731,zgc101731
zgc:113149,zgc113149
xaf1,xaf1
BX537104.1,BX537104.1
rap1gap2a,rap1gap2a
si:dkey-52l18.4,sidkey52l18.4
tsku,tsku
gucy2f,gucy2f
serpinh1b,serpinh1b
gdpd5b,gdpd5b
hspa13,hspa13
BX324227.1,BX324227.1
samsn1a,samsn1a
si:ch211-207n23.2,sich211207n23.2
CR388369.1,CR388369.1
nrip1a,nrip1a
zgc:153372,zgc153372
CR848812.1,CR848812.1
dre-let-7c-1,dre-let-7c-1
BX322555.5,BX322555.5
BX322555.2,BX322555.2
BX322555.1,BX322555.1
BX322555.3,BX322555.3
BX322555.4,BX322555.4
nufip2,nufip2
nlk2,nlk2
lyrm9,lyrm9
nos2b,nos2b
mrps23,mrps23
msi2b,msi2b
akap1b,akap1b
nf1a,nf1a
BX000438.1,BX000438.1
omgb,omgb
BX000438.2,BX000438.2
pimr135,pimr135
lgals9l4,lgals9l4
lgals9l1,lgals9l1
lgals9l3,lgals9l3
ksr1b,ksr1b
wsb1,wsb1
cuedc1b,cuedc1b
vezf1b,vezf1b
zgc:171927,zgc171927
or116-1,or116-1
or116-2,or116-2
or117-1,or117-1
or118-1,or118-1
or118-3,or118-3
or118-2,or118-2
zgc:152857,zgc152857
or111-2,or111-2
or119-2,or119-2
or107-1,or107-1
or111-1,or111-1
or111-3,or111-3
or111-4,or111-4
or111-5,or111-5
or111-6,or111-6
or111-8,or111-8
or111-9,or111-9
or111-10,or111-10
or111-11,or111-11
or103-1,or103-1
or103-5,or103-5
or103-2,or103-2
or102-1,or102-1
or102-2,or102-2
or102-3,or102-3
or102-4,or102-4
si:dkey-1m11.6,sidkey1m11.6
si:dkey-1m11.5,sidkey1m11.5
hmgb1b,hmgb1b
tex26,tex26
wdr95,wdr95
hsph1,hsph1
b3glcta,b3glcta
rxfp2b,rxfp2b
frya,frya
brca2,brca2
dchs1a,dchs1a
arfip2a,arfip2a
fhdc4,fhdc4
trim3a,trim3a
c4,c4
si:ch211-162k9.5,sich211162k9.5
si:ch211-162k9.6,sich211162k9.6
si:dkey-285b23.4,sidkey285b23.4
si:dkey-285b23.3,sidkey285b23.3
CR854829.1,CR854829.1
frem2b,frem2b
CR855389.2,CR855389.2
trpc4b,trpc4b
CR855389.1,CR855389.1
postnb,postnb
spartb,spartb
dclk1b,dclk1b
nbeab,nbeab
mab21l1,mab21l1
stard13b,stard13b
hdac12,hdac12
trmt9b,trmt9b
pds5b,pds5b
CR855379.1,CR855379.1
n4bp2l2,n4bp2l2
mmp13b,mmp13b
inpp5ka,inpp5ka
tekt1,tekt1
CR855379.2,CR855379.2
CR855379.3,CR855379.3
mag,mag
lsr,lsr
tmem106ba,tmem106ba
vwde,vwde
si:dkey-30e9.7,sidkey30e9.7
si:dkey-30e9.6,sidkey30e9.6
arl4aa,arl4aa
etv1,etv1
dgkb,dgkb
agmo,agmo
meox2a,meox2a
crppa,crppa
sostdc1a,sostdc1a
FP102309.1,FP102309.1
ankmy2a,ankmy2a
tspan13a,tspan13a
bag6,bag6
lta,lta
tnfb,tnfb
gabbr1a,gabbr1a
sh3bp5la,sh3bp5la
mgat1a,mgat1a
BX629344.1,BX629344.1
rnf183,rnf183
dhx16,dhx16
zgc:66024,zgc66024
zgc:66024-1,zgc660241
si:ch73-95l15.5,sich7395l15.5
ccdc105,ccdc105
arhgef28b,arhgef28b
bloc1s3,bloc1s3
zgc:55413,zgc55413
sesn3,sesn3
zgc:77118,zgc77118
si:ch211-272b8.7,sich211272b8.7
slc19a3a,slc19a3a
agfg1a,agfg1a
mrpl44,mrpl44
zgc:158328,zgc158328
mecom,mecom
CR848683.2,CR848683.2
CR848683.1,CR848683.1
CT573366.1,CT573366.1
nyap2a,nyap2a
CR854907.1,CR854907.1
irs1,irs1
rhbdd1,rhbdd1
col4a4,col4a4
CT027718.1,CT027718.1
col4a3,col4a3
sst1.2,sst1.2
BX571880.1,BX571880.1
sst1.1,sst1.1
masp1,masp1
ostn,ostn
gmnc,gmnc
si:dkey-23k10.2,sidkey23k10.2
si:dkey-23k10.5,sidkey23k10.5
si:dkey-23k10.3,sidkey23k10.3
si:dkey-262k9.2,sidkey262k9.2
si:dkey-262k9.4,sidkey262k9.4
nphs1,nphs1
kirrel3l,kirrel3l
zmp:0000001114,zmp0000001114
aplp1,aplp1
CR848749.2,CR848749.2
CR848749.1,CR848749.1
CTRL,CTRL
zbtb32,zbtb32
si:ch211-113j13.2,sich211113j13.2
igflr1,igflr1
kmt2bb,kmt2bb
psenen,psenen
hspb6,hspb6
proser3,proser3
lin37,lin37
si:dkey-42l23.9,sidkey42l23.9
si:ch211-137j23.8,sich211137j23.8
si:ch211-137j23.6,sich211137j23.6
si:dkey-117a8.4,sidkey117a8.4
si:dkey-117a8.3,sidkey117a8.3
si:dkey-117a8.1,sidkey117a8.1
CR848836.1,CR848836.1
si:dkey-42l23.7,sidkey42l23.7
si:dkey-42l23.6,sidkey42l23.6
si:dkey-42l23.5,sidkey42l23.5
si:dkey-42l23.4,sidkey42l23.4
si:dkey-42l23.2,sidkey42l23.2
si:dkey-238d18.3,sidkey238d18.3
hsc70,hsc70
si:dkey-238d18.4,sidkey238d18.4
CR944667.3,CR944667.3
si:dkey-238d18.5,sidkey238d18.5
si:dkey-238d18.15,sidkey238d18.15
si:ch73-380l3.2,sich73380l3.2
si:dkey-238d18.12,sidkey238d18.12
si:dkey-238d18.7,sidkey238d18.7
si:dkey-238d18.10,sidkey238d18.10
si:dkey-238d18.9,sidkey238d18.9
si:dkey-238d18.8,sidkey238d18.8
si:dkey-238d18.7-1,sidkey238d18.7-1
si:ch73-380l3.2-1,sich73380l3.2-1
si:ch73-380l3.3,sich73380l3.3
si:ch73-380l3.4,sich73380l3.4
si:ch73-380l3.5,sich73380l3.5
si:dkey-24p1.1,sidkey24p1.1
irgq2,irgq2
si:dkey-24p1.7,sidkey24p1.7
chrna10a,chrna10a
rhoga,rhoga
stim1a,stim1a
si:dkey-24p1.6-1,sidkey24p1.6-1
trpc2a,trpc2a
BX571707.1,BX571707.1
robo2,robo2
BX088709.1,BX088709.1
robo2-1,robo2-1
robo1,robo1
si:dkey-263j23.1-1,sidkey263j23.1-1
msh5,msh5
lypc,lypc
rps5,rps5
cab39,cab39
CR759918.1,CR759918.1
itm2ca,itm2ca
lpar5b,lpar5b
gpr55a,gpr55a
ngef,ngef
CR388129.1,CR388129.1
si:ch211-281l24.3,sich211281l24.3
efhd1,efhd1
kcnj13,kcnj13
BX571794.2,BX571794.2
gal3st2,gal3st2
BX571794.3,BX571794.3
fat3a,fat3a
mtnr1ba,mtnr1ba
slc36a4,slc36a4
smco4,smco4
usp16,usp16
usp16-1,usp16-1
nlrc8,nlrc8
si:dkey-121n8.7,sidkey121n8.7
CR854897.2,CR854897.2
CR854897.1,CR854897.1
nlrc8-1,nlrc8-1
nlrc9,nlrc9
si:ch211-187g4.1,sich211187g4.1
si:dkey-230i18.2,sidkey230i18.2
CR925731.1,CR925731.1
CR848665.1,CR848665.1
spsb4b,spsb4b
si:ch211-276c2.4,sich211276c2.4
ftr90,ftr90
ftr90-1,ftr90-1
ftr76,ftr76
ftr90-2,ftr90-2
ftr73,ftr73
ftr72,ftr72
ftr91,ftr91
slc25a36b,slc25a36b
pxylp1,pxylp1
si:ch211-191a16.5,sich211191a16.5
nlrp16,nlrp16
si:ch211-191a16.2,sich211191a16.2
epha4l,epha4l
si:dkey-96g2.1,sidkey96g2.1
CR925728.1,CR925728.1
CR925728.3,CR925728.3
LO018107.1,LO018107.1
pax3b,pax3b
SGPP2,SGPP2
farsb,farsb
scaf4b,scaf4b
tiam1b,tiam1b
cldn17,cldn17
zgc:110333,zgc110333
grik1b,grik1b
si:ch211-181d7.1,sich211181d7.1
si:ch211-181d7.1-1,sich211181d7.1-1
si:ch211-181d7.3,sich211181d7.3
slc8a2b,slc8a2b
acsl3a,acsl3a
kcne4,kcne4
ap1s3a,ap1s3a
flj13639,flj13639
wdfy1,wdfy1
serpine2,serpine2
prss16,prss16
zgc:85932,zgc85932
actn4,actn4
ctsc,ctsc
grm5b,grm5b
tyr,tyr
CABZ01073033.2,CABZ01073033.2
CABZ01073033.1,CABZ01073033.1
naalad2,naalad2
chordc1a,chordc1a
nlrc3l,nlrc3l
FO704909.2,FO704909.2
numa1,numa1
lrrc51,lrrc51
lamtor1,lamtor1
zgc:112998,zgc112998
CU655961.1,CU655961.1
CU655961.2,CU655961.2
zgc:165514,zgc165514
CU655961.3,CU655961.3
CU655961.4,CU655961.4
CU929391.1,CU929391.1
CU929391.3,CU929391.3
CU929391.2,CU929391.2
zgc:162962,zgc162962
cwf19l2,cwf19l2
GUCY1A2,GUCY1A2
aasdhppt,aasdhppt
msantd4,msantd4
gria4a,gria4a
zgc:165508,zgc165508
alp3,alp3
CABZ01061894.1,CABZ01061894.1
pdgfd,pdgfd
DYNC2H1,DYNC2H1
CABZ01068244.1,CABZ01068244.1
CABZ01068246.1,CABZ01068246.1
fgf12b,fgf12b
LO018197.1,LO018197.1
cldn15lb,cldn15lb
atg16l1,atg16l1
CU929115.1,CU929115.1
CU929115.2,CU929115.2
sagb,sagb
CABZ01067232.1,CABZ01067232.1
lrfn1,lrfn1
CU571161.1,CU571161.1
CABZ01067657.1,CABZ01067657.1
CABZ01044022.1,CABZ01044022.1
CABZ01044023.1,CABZ01044023.1
si:ch1073-190k2.1,sich1073190k2.1
si:ch1073-340i21.3,sich1073340i21.3
si:ch1073-340i21.2,sich1073340i21.2
wu:fb18f06,wufb18f06
igsf11,igsf11
CABZ01044047.1,CABZ01044047.1
CABZ01044048.1,CABZ01044048.1
CABZ01044053.1,CABZ01044053.1
zgc:162872,zgc162872
CR381579.3,CR381579.3
ilkap,ilkap
clcn2c,clcn2c
CR381579.1,CR381579.1
chrd,chrd
CR381579.2,CR381579.2
CR381579.4,CR381579.4
zgc:153039,zgc153039
ecel1,ecel1
cep57,cep57
CABZ01079080.1,CABZ01079080.1
CABZ01079081.1,CABZ01079081.1
gap43,gap43
CABZ01099795.1,CABZ01099795.1
anapc15,anapc15
folr,folr
CABZ01099833.1,CABZ01099833.1
CLPB,CLPB
phox2a,phox2a
inppl1a,inppl1a
sik3,sik3
sidt2,sidt2
CABZ01087566.1,CABZ01087566.1
CABZ01087564.1,CABZ01087564.1
socs9,socs9
CABZ01087560.1,CABZ01087560.1
paf1,paf1
CU655829.1,CU655829.1
stard10,stard10
tomt,tomt
sfrp2l,sfrp2l
kbtbd3,kbtbd3
CU633855.1,CU633855.1
eif3k,eif3k
si:ch1073-429i10.3,sich1073429i10.3
h3f3b.1-1,h3f3b.1-1
si:ch1073-429i10.1,sich1073429i10.1
DMWD,DMWD
otx5,otx5
psma6l,psma6l
SAMD4B,SAMD4B
twist3,twist3
hdac7a,hdac7a
PDZD4-1,PDZD4-1
CU571318.1,CU571318.1
anks1aa,anks1aa
taf11,taf11
uhrf1bp1,uhrf1bp1
ap4b1,ap4b1
zgc:101663,zgc101663
slc25a55b,slc25a55b
tspan2b,tspan2b
si:ch73-181d5.4,sich73181d5.4
hm13,hm13
col9a3,col9a3
samhd1,samhd1
mtg2,mtg2
lsm14b,lsm14b
kcnk15,kcnk15
ogfr,ogfr
BX323461.1,BX323461.1
l1camb,l1camb
irf10,irf10
mitfb,mitfb
CU927920.1,CU927920.1
frmd4bb,frmd4bb
rbm10,rbm10
rhoac,rhoac
cdh26.2,cdh26.2
cdh26.1,cdh26.1
si:zfos-905g2.1,sizfos905g2.1
zgc:113423,zgc113423
si:ch1073-272j17.3,sich1073272j17.3
slc34a2b,slc34a2b
CABZ01079870.1,CABZ01079870.1
CABZ01079872.1,CABZ01079872.1
psmb11b,psmb11b
CABZ01079873.1,CABZ01079873.1
utrn,utrn
epm2a,epm2a
fbxo30b,fbxo30b
fndc7b,fndc7b
CU693481.1,CU693481.1
stxbp3,stxbp3
rabggta,rabggta
tgm1,tgm1
prdm5,prdm5
ndnf,ndnf
cpeb2,cpeb2
c1qtnf7,c1qtnf7
cc2d2a,cc2d2a
CABZ01048666.1,CABZ01048666.1
tcp1,tcp1
snai1b,snai1b
LO017835.1,LO017835.1
GGT7,GGT7
CABZ01057928.1,CABZ01057928.1
ncoa6,ncoa6
zgc:114123,zgc114123
top1,top1
plcg1,plcg1
zhx3,zhx3
rab5if,rab5if
DHX35,DHX35
mafba,mafba
rnf114,rnf114
spata2,spata2
si:dkey-9l20.3,sidkey9l20.3
pacsin1a,pacsin1a
nudt3a,nudt3a
smim29,smim29
hmga1a,hmga1a
opn7b,opn7b
CU682640.1,CU682640.1
FP102158.1,FP102158.1
slc9a8,slc9a8
b4galt5,b4galt5
FQ323119.1,FQ323119.1
aar2,aar2
zgc:113278,zgc113278
arl6ip5b,arl6ip5b
srsf6a,srsf6a
si:ch211-10d23.5,sich21110d23.5
l3mbtl1,l3mbtl1
l3mbtl1a,l3mbtl1a
sgk2a,sgk2a
mybl2a,mybl2a
adtrp1,adtrp1
ptpdc1b,ptpdc1b
zgc:171857,zgc171857
wnt7ab,wnt7ab
nup210,nup210
LO017700.2,LO017700.2
IQSEC1,IQSEC1
gp9,gp9
cnbpa,cnbpa
raf1a,raf1a
syn2a,syn2a
vgll4a,vgll4a
slc6a1a,slc6a1a
tnnc1a,tnnc1a
atp6ap1a,atp6ap1a
taz,taz
ngfa,ngfa
kcna2b,kcna2b
etv7,etv7
ube2t,ube2t
zgc:194242,zgc194242
FO904870.1,FO904870.1
CABZ01030033.1,CABZ01030033.1
CR936540.1,CR936540.1
dre-let-7a-5,dre-let-7a-5
tulp1a,tulp1a
tead3a,tead3a
smpd2a,smpd2a
CABZ01117607.1,CABZ01117607.1
pkp1a,pkp1a
tnnt2a,tnnt2a
lad1,lad1
tnni1a,tnni1a
ftr57,ftr57
phlda3,phlda3
csrp1a,csrp1a
CABZ01026153.1,CABZ01026153.1
NAV1,NAV1
mybpha,mybpha
zmp:0000001139,zmp0000001139
syt2a,syt2a
BX323087.1,BX323087.1
BX323087.2,BX323087.2
bmp7b,bmp7b
spo11,spo11
rbm38,rbm38
CR450824.1,CR450824.1
mipb,mipb
CR450824.2,CR450824.2
baz2a,baz2a
ptges3b,ptges3b
FP102169.1,FP102169.1
si:ch211-117c9.5,sich211117c9.5
ftr59,ftr59
ftr58,ftr58
trim35-39,trim35-39
si:ch211-117c9.2,sich211117c9.2
si:ch211-117c9.1,sich211117c9.1
edem2,edem2
CT573484.1,CT573484.1
prpf6,prpf6
slco4a1,slco4a1
CR589876.1,CR589876.1
si:dkeyp-73a2.2,sidkeyp73a2.2
gata5,gata5
BX323800.1,BX323800.1
rbbp8l,rbbp8l
hck,hck
tm9sf4,tm9sf4
plagl2,plagl2
pofut1,pofut1
kif3b,kif3b
PCMTD2,PCMTD2
myt1b,myt1b
AL627126.1,AL627126.1
oprl1,oprl1
rgs19,rgs19
tcea2,tcea2
sox18,sox18
xkr7,xkr7
ccm2l,ccm2l
cables2b,cables2b
si:dkey-66g10.2,sidkey66g10.2
rps21,rps21
acss2,acss2
CU137717.1,CU137717.1
BX511246.1,BX511246.1
dre-mir-2193,dre-mir-2193
soga1,soga1
osbpl2b,osbpl2b
adrm1,adrm1
lama5,lama5
mapre1b,mapre1b
prkcbp1l,prkcbp1l
slc16a7,slc16a7
si:ch211-220i18.4,sich211220i18.4
plxnb1a,plxnb1a
zgc:171775,zgc171775
krt5,krt5
krt8,krt8
krt18a.1,krt18a.1
krt18a.2,krt18a.2
eif4ba,eif4ba
tns2a,tns2a
foxp1a,foxp1a
eif4e3,eif4e3
rybpa,rybpa
ppp4r2a,ppp4r2a
pdzrn3a,pdzrn3a
cntn3a.2,cntn3a.2
chl1a,chl1a
BX548247.1,BX548247.1
cntn3a.1,cntn3a.1
si:dkey-178k16.1,sidkey178k16.1
AL929345.1,AL929345.1
edn3b,edn3b
AL929345.3,AL929345.3
ttll9,ttll9
fam217b,fam217b
ppp1r3da,ppp1r3da
sycp2,sycp2
phactr3a,phactr3a
pigt,pigt
wfdc2,wfdc2
snx21,snx21
si:ch211-153a8.4,sich211153a8.4
si:zfos-452g4.1,sizfos452g4.1
si:dkey-96f10.1,sidkey96f10.1
smc1al,smc1al
ndnl2,ndnl2
si:dkey-150i13.2,sidkey150i13.2
BX546500.1,BX546500.1
samd10b,samd10b
CR450832.1,CR450832.1
ZNF512B,ZNF512B
uckl1b,uckl1b
CU929459.1,CU929459.1
zbtb46,zbtb46
lmod3,lmod3
naa10,naa10
g6pd,g6pd
si:dkey-90a13.10,sidkey90a13.10
adcy6a,adcy6a
cacnb3a,cacnb3a
ddx23,ddx23
birc7,birc7
nkain4,nkain4
CR388373.2,CR388373.2
CR388373.3,CR388373.3
CR388373.1,CR388373.1
si:rp71-79p20.2,sirp7179p20.2
gss,gss
exosc10,exosc10
sla2,sla2
ndrg3b,ndrg3b
phf20b,phf20b
si:ch211-218g4.2,sich211218g4.2
sulf2b,sulf2b
CR759764.1,CR759764.1
BX005011.1,BX005011.1
eef1a2,eef1a2
mrgbp,mrgbp
BX511184.1,BX511184.1
AL928725.1,AL928725.1
ntsr1,ntsr1
CU041345.1,CU041345.1
si:dkeyp-100a5.4,sidkeyp100a5.4
snphb,snphb
sdcbp2,sdcbp2
fkbp1ab,fkbp1ab
BX296551.1,BX296551.1
si:ch211-224l10.4,sich211224l10.4
AL732515.1,AL732515.1
fbxo44,fbxo44
si:rp71-1k13.6,sirp711k13.6
zgc:153722,zgc153722
zgc:114081,zgc114081
zgc:100832,zgc100832
zgc:173570,zgc173570
zgc:114174,zgc114174
si:dkey-147f3.8,sidkey147f3.8
si:dkey-147f3.8-1,sidkey147f3.8-1
si:dkey-147f3.4,sidkey147f3.4
cdc42l2,cdc42l2
dnmt3bb.3,dnmt3bb.3
dnmt3bb.2,dnmt3bb.2
dnmt3bb.1,dnmt3bb.1
CR318674.1,CR318674.1
commd7,commd7
BX927275.1,BX927275.1
BX927275.2,BX927275.2
nol4lb,nol4lb
BX649300.1,BX649300.1
SRMS,SRMS
ptk6b,ptk6b
ppdpfb,ppdpfb
tpd52l2b,tpd52l2b
trim101,trim101
dnajc5ab,dnajc5ab
gid8b,gid8b
slc17a9b,slc17a9b
bhlhe23,bhlhe23
CR407550.1,CR407550.1
CR381647.4,CR381647.4
CR381647.3,CR381647.3
dre-mir-124-5,dre-mir-124-5
rnd1a,rnd1a
prim1,prim1
tfip11,tfip11
naca,naca
CR381647.1,CR381647.1
si:ch73-390p7.2,sich73390p7.2
CU234171.1,CU234171.1
chia.4,chia.4
chia.6,chia.6
chia.6-1,chia.6-1
pm20d1.2,pm20d1.2
pm20d1.1,pm20d1.1
zgc:92287,zgc92287
mfsd4ab,mfsd4ab
nucks1b,nucks1b
CR352232.1,CR352232.1
tafa4a,tafa4a
tafa1a,tafa1a
hsd17b10,hsd17b10
dre-let-7g-1,dre-let-7g-1
fam120c,fam120c
avpr2ab,avpr2ab
sephs2,sephs2
ssr4,ssr4
ikbkg,ikbkg
zgc:158296,zgc158296
CT027756.2,CT027756.2
CT027756.1,CT027756.1
arhgap4b,arhgap4b
CT027756.3,CT027756.3
zgc:103759,zgc103759
myh7bb,myh7bb
trpc4apb,trpc4apb
emp3b,emp3b
nsfl1c,nsfl1c
CR847953.1,CR847953.1
si:ch211-209j10.6,sich211209j10.6
cox4i2,cox4i2
bcl2l1,bcl2l1
arfgef2,arfgef2
CR788311.1,CR788311.1
pard6b,pard6b
fkbpl,fkbpl
ebp,ebp
CR388168.2,CR388168.2
ccdc115,ccdc115
si:dkey-109j17.5,sidkey109j17.5
apobec2b,apobec2b
oard1,oard1
guca1b,guca1b
klhdc8b,klhdc8b
tasorb,tasorb
asb14b,asb14b
dnah12,dnah12
atp6ap1lb,atp6ap1lb
slmapb,slmapb
flnb,flnb
abhd6b,abhd6b
kctd6b,kctd6b
smim4,smim4
ognb,ognb
si:dkey-93l1.6,sidkey93l1.6
dnase1l1,dnase1l1
rpl10,rpl10
CR352234.4,CR352234.4
flna,flna
emd,emd
haus7,haus7
atp2b3b,atp2b3b
ccnq,ccnq
cfap126,cfap126
b4galt3,b4galt3
bgnb,bgnb
si:dkey-32e6.6,sidkey32e6.6
tnnc1b,tnnc1b
tktb,tktb
lrrc23,lrrc23
si:dkey-32e6.3,sidkey32e6.3
usp19,usp19
lamb2,lamb2
lamb2l,lamb2l
CR749762.2,CR749762.2
si:rp71-17i16.6,sirp7117i16.6
si:rp71-17i16.5,sirp7117i16.5
CR749762.1,CR749762.1
TNNC2,TNNC2
taf13,taf13
slc35c2,slc35c2
CR352228.2,CR352228.2
dpm1,dpm1
CR352228.1,CR352228.1
adnpb,adnpb
camkvl,camkvl
uba1,uba1
arhgef3l,arhgef3l
usp21,usp21
ccdc30,ccdc30
znf362b,znf362b
si:ch211-112c15.8,sich211112c15.8
ttc34,ttc34
zgc:154075,zgc154075
pax7b,pax7b
kcnab2b,kcnab2b
megf6a,megf6a
si:dkey-201k7.1,sidkey201k7.1
emc1,emc1
ubr4,ubr4
iffo2a,iffo2a
tas1r1,tas1r1
her12,her12
her4.1,her4.1
her4.2,her4.2
her4.3,her4.3
her4.4,her4.4
her4.2-1,her4.2-1
si:ch73-21g5.7,sich7321g5.7
si:dkey-1c11.1,sidkey1c11.1
icmt,icmt
rnf207b,rnf207b
rcc2,rcc2
arhgef10lb,arhgef10lb
igsf21b,igsf21b
dhrs3a,dhrs3a
CR548634.1,CR548634.1
vps13d,vps13d
lrrc38a,lrrc38a
CR548634.2,CR548634.2
ephb2a,ephb2a
lactbl1a,lactbl1a
eif4g3b,eif4g3b
phc2a,phc2a
slc2a1a,slc2a1a
CR354612.1,CR354612.1
spsb1,spsb1
CR388207.1,CR388207.1
si:ch211-28e16.5,sich21128e16.5
gpr157,gpr157
slc2a5,slc2a5
ca6,ca6
eno1a,eno1a
rerea,rerea
AL954857.1,AL954857.1
AL928977.1,AL928977.1
samd11,samd11
noc2l,noc2l
klhl17,klhl17
plekhn1,plekhn1
si:dkey-98j1.5,sidkey98j1.5
her9,her9
agrn,agrn
ptpn11b,ptpn11b
ttll10,ttll10
si:dkey-21o19.2,sidkey21o19.2
arhgef19,arhgef19
CR925709.3,CR925709.3
CR925709.1,CR925709.1
ano11,ano11
CR925709.2,CR925709.2
plekhm2,plekhm2
ddost,ddost
zbtb17,zbtb17
hspb7,hspb7
clcnk,clcnk
fam131c,fam131c
epha2b,epha2b
spen,spen
BX957326.4,BX957326.4
tmem82,tmem82
sult1st5,sult1st5
szrd1,szrd1
atp13a2,atp13a2
ENSDARG00000092713,ENSDARG00000092713
BX957326.2,BX957326.2
tmem240a,tmem240a
mlh3,mlh3
kansl2,kansl2
nckap5l,nckap5l
BX957326.1,BX957326.1
BX957326.3,BX957326.3
ctdsp2,ctdsp2
sdf4,sdf4
c1qtnf12,c1qtnf12
olfml3a,olfml3a
syt6a,syt6a
CR376748.1,CR376748.1
klhl21,klhl21
zbtb48,zbtb48
nol9,nol9
casp9,casp9
arhgap4a,arhgap4a
avpr2aa,avpr2aa
CR847803.1,CR847803.1
idh3g,idh3g
fam3a,fam3a
si:dkey-151g10.3,sidkey151g10.3
erbb3b,erbb3b
pa2g4b,pa2g4b
si:dkey-151g10.6,sidkey151g10.6
esyt1a,esyt1a
fmnl3,fmnl3
lrp1ab,lrp1ab
rbms2b,rbms2b
si:dkey-21c19.3,sidkey21c19.3
BX005414.1,BX005414.1
fitm2,fitm2
r3hdml,r3hdml
hnf4a,hnf4a
ttpal,ttpal
pkig,pkig
ada,ada
ccn5,ccn5
si:dkey-78k11.9,sidkey78k11.9
pfkfb1,pfkfb1
itih6,itih6
gdi1,gdi1
atp6ap1b,atp6ap1b
rca2.1,rca2.1
si:dkey-78k11.4,sidkey78k11.4
rca2.2,rca2.2
ptpn22,ptpn22
RSBN1,RSBN1
MAGI3,MAGI3
si:ch73-206d17.1,sich73206d17.1
si:dkey-205h13.1,sidkey205h13.1
si:dkey-205h13.2,sidkey205h13.2
hspg2,hspg2
CR855310.1,CR855310.1
zgc:158263,zgc158263
galnt6,galnt6
adcy6b,adcy6b
cacnb3b,cacnb3b
rnd1b,rnd1b
zgc:66440,zgc66440
ptges3a,ptges3a
mipa,mipa
stat6,stat6
si:dkey-157g16.6,sidkey157g16.6
scn8aa,scn8aa
tmprss12,tmprss12
si:dkey-9p24.5,sidkey9p24.5
dip2ba,dip2ba
atf7a,atf7a
asb8,asb8
larp4aa,larp4aa
pfkma,pfkma
si:ch211-156j22.4,sich211156j22.4
CR354381.1,CR354381.1
phf8,phf8
arf3a,arf3a
wnt10b,wnt10b
wnt1,wnt1
rps26,rps26
ikzf4,ikzf4
dnajc22,dnajc22
lmbr1l,lmbr1l
dhh,dhh
kmt2d,kmt2d
acvr1ba,acvr1ba
acvrl1,acvrl1
ankrd33aa,ankrd33aa
ENSDARG00000100606,ENSDARG00000100606
sp5l,sp5l
slc26a10,slc26a10
c1galt1a,c1galt1a
b4galnt1a,b4galnt1a
tac3a,tac3a
BX663515.1,BX663515.1
znf385a,znf385a
birc5b,birc5b
neurod4,neurod4
zgc:153867,zgc153867
CT025585.1,CT025585.1
c1ql4a,c1ql4a
tmem107l,tmem107l
huwe1,huwe1
l1cama,l1cama
ribc1,ribc1
smc1a,smc1a
srm,srm
cort,cort
masp2,masp2
dffa,dffa
pex14,pex14
CR677513.3,CR677513.3
casz1,casz1
CR677617.1,CR677617.1
si:ch211-129o18.4,sich211129o18.4
tardbpl,tardbpl
sst6,sst6
pgd,pgd
kif1b,kif1b
ube4b,ube4b
nmnat1-rbp7a,nmnat1-rbp7a
rbp7a,rbp7a
nmnat1,nmnat1
lzic,lzic
clstn1,clstn1
ctnnbip1,ctnnbip1
pik3cd,pik3cd
zgc:194189,zgc194189
tmem201,tmem201
FP101914.1,FP101914.1
slc25a33,slc25a33
aurkaip1,aurkaip1
mxra8b,mxra8b
CU695073.1,CU695073.1
si:ch73-236e11.2,sich73236e11.2
dvl1a,dvl1a
tnfrsf9a,tnfrsf9a
ccdc187,ccdc187
uts2a,uts2a
camta1a,camta1a
CR456642.2,CR456642.2
dnajc11a,dnajc11a
thap3,thap3
asxl1,asxl1
pcmtd2a,pcmtd2a
AL845357.1,AL845357.1
myt1a,myt1a
npbwr2a,npbwr2a
cables2a,cables2a
osbpl2a,osbpl2a
si:ch211-197l9.2,sich211197l9.2
selenoi,selenoi
si:ch211-197l9.5,sich211197l9.5
tbx18,tbx18
irak1bp1,irak1bp1
si:dkey-261l7.2,sidkey261l7.2
phip,phip
hmgn3,hmgn3
lca5,lca5
sh3bgrl2,sh3bgrl2
zgc:153284,zgc153284
rps12,rps12
CR759830.2,CR759830.2
eya4,eya4
tcf21,tcf21
tbpl1,tbpl1
slc2a12,slc2a12
sgk1,sgk1
BX927365.1,BX927365.1
aldh8a1,aldh8a1
hbs1l,hbs1l
myb,myb
mtfr2,mtfr2
armc1l,armc1l
si:dkey-126g1.7,sidkey126g1.7
si:dkey-126g1.9,sidkey126g1.9
nemp1,nemp1
ormdl2,ormdl2
pan2,pan2
plagx,plagx
trappc6b,trappc6b
tpx2,tpx2
mylk2,mylk2
cd63,cd63
letmd1,letmd1
zgc:56699,zgc56699
rprm3,rprm3
nr4a1,nr4a1
CU041363.1,CU041363.1
grasp,grasp
dgkaa,dgkaa
rnf41,rnf41
slc39a5,slc39a5
ankrd52a,ankrd52a
taf8,taf8
si:ch211-66i15.4,sich21166i15.4
si:ch211-66i15.5,sich21166i15.5
BX957355.1,BX957355.1
si:ch211-66i15.5-1,sich21166i15.5-1
si:dkey-261h17.1,sidkey261h17.1
CR678070.1,CR678070.1
plxna2,plxna2
si:ch211-226m16.2,sich211226m16.2
slc48a1a,slc48a1a
rapgef3,rapgef3
itga5,itga5
CT027694.1,CT027694.1
csrnp2,csrnp2
tfcp2,tfcp2
pou6f1,pou6f1
dazap2,dazap2
si:ch211-210c8.7,sich211210c8.7
bin2a,bin2a
si:ch211-210c8.6,sich211210c8.6
racgap1,racgap1
CR354542.1,CR354542.1
CR381531.2,CR381531.2
cs,cs
wu:fc63a07,wufc63a07
ENSDARG00000070393,ENSDARG00000070393
snrpg,snrpg
plpbp,plpbp
tmed4,tmed4
CT025912.2,CT025912.2
fam50a,fam50a
si:ch211-207e14.4,sich211207e14.4
sars1,sars1
chchd6a,chchd6a
plxna1a,plxna1a
CHST13,CHST13
BX294434.1,BX294434.1
klf15,klf15
CU459147.1,CU459147.1
cpne9,cpne9
cmtr1,cmtr1
si:ch211-225h24.2,sich211225h24.2
fbxo25,fbxo25
fam110c,fam110c
acp1,acp1
alkal2a,alkal2a
tmem18,tmem18
ccnt1,ccnt1
pmelb,pmelb
tuba1c,tuba1c
tuba1a,tuba1a
tuba1b,tuba1b
jph2,jph2
gdap1l1,gdap1l1
mfsd5,mfsd5
nr1d4a,nr1d4a
rarga,rarga
hoxc10a,hoxc10a
calcoco1a,calcoco1a
BX465864.1,BX465864.1
hoxc13a,hoxc13a
hoxc12a,hoxc12a
hoxc11a,hoxc11a
BX005254.3,BX005254.3
hoxc3a,hoxc3a
mir196a-1,mir196a-1
BX005254.4,BX005254.4
hoxc9a,hoxc9a
hoxc8a,hoxc8a
BX005254.1,BX005254.1
hoxc6a,hoxc6a
hoxc5a,hoxc5a
dre-mir-10b-2,dre-mir-10b-2
hoxc4a,hoxc4a
BX005254.2,BX005254.2
hoxc1a,hoxc1a
cbx5,cbx5
hnrnpa1b,hnrnpa1b
nfe2,nfe2
copz1,copz1
znf740b,znf740b
CU468730.1,CU468730.1
csad,csad
zgc:174906,zgc174906
lima1a,lima1a
spryd3,spryd3
FO704757.2,FO704757.2
igfbp6b,igfbp6b
pip4k2ca,pip4k2ca
gpr182,gpr182
zbtb39,zbtb39
agap2,agap2
tspan31,tspan31
march9,march9
hipk1a,hipk1a
ube2j2,ube2j2
acap3a,acap3a
CR926464.1,CR926464.1
ints11,ints11
cptp,cptp
ubxn10,ubxn10
zgc:193690,zgc193690
vwa5b1,vwa5b1
CR762407.2,CR762407.2
CR762407.1,CR762407.1
mul1b,mul1b
fam43b,fam43b
CR762407.3,CR762407.3
zmp:0000001088,zmp0000001088
AL954146.1,AL954146.1
cdaa,cdaa
pink1,pink1
agmat,agmat
dnajc16,dnajc16
tor1l1,tor1l1
tor1l2,tor1l2
tor1l3,tor1l3
plekhg5b,plekhg5b
CR381544.1,CR381544.1
irx7,irx7
cd40,cd40
CR381544.2,CR381544.2
cbln4,cbln4
CU682811.3,CU682811.3
CU682811.2,CU682811.2
pfdn4,pfdn4
zgc:112994,zgc112994
znf217,znf217
CABZ01070579.1,CABZ01070579.1
FO904868.2,FO904868.2
tshz2,tshz2
zfp64,zfp64
sall4,sall4
ATP9A,ATP9A
nfatc2a,nfatc2a
CABZ01054023.1,CABZ01054023.1
kcng1,kcng1
src,src
mical1,mical1
camk1gb,camk1gb
g0s2,g0s2
otud3,otud3
vwa1,vwa1
tmco4,tmco4
htr6,htr6
micos10,micos10
SIKE1,SIKE1
IYD,IYD
ppp1r14c,ppp1r14c
si:ch73-217b7.1,sich73217b7.1
CU657980.2,CU657980.2
CU657980.1,CU657980.1
xcr1a.1,xcr1a.1
fyco1a,fyco1a
ghrhrl,ghrhrl
gpsm2l,gpsm2l
tgm1l2,tgm1l2
tgm1l3,tgm1l3
tent5ab,tent5ab
CABZ01067001.1,CABZ01067001.1
elovl4b,elovl4b
soga3b,soga3b
CR354556.2,CR354556.2
CR354556.1,CR354556.1
CR354556.3,CR354556.3
rnf146,rnf146
cdh24a,cdh24a
si:dkeyp-27c8.2,sidkeyp27c8.2
si:dkeyp-27c8.1,sidkeyp27c8.1
si:dkey-194e6.1,sidkey194e6.1
LO017845.1,LO017845.1
reps2,reps2
CABZ01056843.1,CABZ01056843.1
CABZ01056826.1,CABZ01056826.1
nhsa,nhsa
scube3,scube3
si:ch73-184c24.1,sich73184c24.1
CU914487.1,CU914487.1
stk35,stk35
pdyn,pdyn
GMEB2,GMEB2
scp2b,scp2b
podn,podn
CU855854.1,CU855854.1
slc1a7b,slc1a7b
SHISAL2A,SHISAL2A
gpx7,gpx7
tut4,tut4
CABZ01065131.1,CABZ01065131.1
cyp2aa12,cyp2aa12
cyp2aa6,cyp2aa6
cyp2aa7,cyp2aa7
cyp2aa8,cyp2aa8
cyp2aa11,cyp2aa11
cyp2aa4,cyp2aa4
CU013526.1,CU013526.1
cyp2aa9,cyp2aa9
cyp2aa1,cyp2aa1
cyp2aa2,cyp2aa2
cyp2aa3,cyp2aa3
CT997819.3,CT997819.3
CT997819.2,CT997819.2
CT997819.5,CT997819.5
cyp2ae1,cyp2ae1
FO904880.1,FO904880.1
si:ch73-217n20.1,sich73217n20.1
pfkfb2a,pfkfb2a
myl9a,myl9a
dlgap4a,dlgap4a
CABZ01066224.1,CABZ01066224.1
BX004770.1,BX004770.1
si:dkey-65j6.2,sidkey65j6.2
tgm2a,tgm2a
si:rp71-80o10.4,sirp7180o10.4
zgc:174862,zgc174862
rprd1b,rprd1b
tti1,tti1
e2f1,e2f1
znf341,znf341
CABZ01117597.1,CABZ01117597.1
itchb,itchb
CABZ01117603.1,CABZ01117603.1
slc10a7,slc10a7
otud4,otud4
abce1,abce1
anapc10,anapc10
si:ch73-285p12.4,sich73285p12.4
rnf150b,rnf150b
si:ch211-149b19.2,sich211149b19.2
si:ch211-149b19.4,sich211149b19.4
cnga1b,cnga1b
nfxl1,nfxl1
CU993818.1,CU993818.1
corin,corin
FO904943.1,FO904943.1
CABZ01071874.1,CABZ01071874.1
txk,txk
CABZ01072563.1,CABZ01072563.1
tec,tec
si:ch73-106g13.1,sich73106g13.1
zgc:158659,zgc158659
dlg4b,dlg4b
dlg4b-1,dlg4b-1
ephb4b,ephb4b
eif4e2rs1,eif4e2rs1
cntrob,cntrob
SPSB2,SPSB2
actl6b,actl6b
si:ch73-375g18.1,sich73375g18.1
psmb6,psmb6
trappc1,trappc1
CU929143.1,CU929143.1
si:ch73-160p18.3,sich73160p18.3
pfn1,pfn1
eno3,eno3
si:ch73-265d7.2,sich73265d7.2
ENSDARG00000039008,ENSDARG00000039008
camta2,camta2
mogat3a,mogat3a
atp1b2a,atp1b2a
si:ch73-269m23.5,sich73269m23.5
CU682777.2,CU682777.2
st8sia7.1,st8sia7.1
CU682777.1,CU682777.1
plod3,plod3
asgrl2,asgrl2
fhdc5,fhdc5
si:ch1073-441p17.1,sich1073441p17.1
tfr2,tfr2
ctc1,ctc1
hmgb2b,hmgb2b
sh3gl2b,sh3gl2b
si:ch73-168d20.1,sich73168d20.1
ccdc171,ccdc171
psip1b,psip1b
ttc39b,ttc39b
CABZ01073265.1,CABZ01073265.1
sgms2b,sgms2b
aimp1b,aimp1b
CABZ01076996.1,CABZ01076996.1
ccn1,ccn1
znhit6,znhit6
col24a1,col24a1
prelid1b,prelid1b
CU681841.1,CU681841.1
si:ch73-290k24.6,sich73290k24.6
cyp17a2,cyp17a2
egr4,egr4
dclk2b,dclk2b
fam160a1b,fam160a1b
ednrab,ednrab
CABZ01088025.1,CABZ01088025.1
CABZ01088036.1,CABZ01088036.1
vdra,vdra
lmnl3,lmnl3
syap1,syap1
fbxl5,fbxl5
ftr92,ftr92
abcg2a,abcg2a
MCOLN3,MCOLN3
DNAI3,DNAI3
SYDE2,SYDE2
C23H1orf52,C23H1orf52
ddah1,ddah1
CABZ01071903.1,CABZ01071903.1
btr32,btr32
btr31,btr31
tgm1l4,tgm1l4
AP1S2,AP1S2
ENSDARG00000114796,ENSDARG00000114796
bhmt,bhmt
dmgdh,dmgdh
ARSB,ARSB
zer1,zer1
si:ch1073-398f15.1,sich1073398f15.1
klhl8,klhl8
gsdf,gsdf
nup54,nup54
bxdc2,bxdc2
dtwd2,dtwd2
stard4,stard4
jak2a,jak2a
rln1,rln1
plgrkt,plgrkt
lhfpl2a,lhfpl2a
ZNF462,ZNF462
rad23b,rad23b
klf4,klf4
nop14,nop14
vimr1,vimr1
CABZ01079427.1,CABZ01079427.1
CU694481.1,CU694481.1
oaz1b,oaz1b
txnl1,txnl1
BX511310.2,BX511310.2
nars1,nars1
scarb2c,scarb2c
CABZ01057159.1,CABZ01057159.1
CABZ01088049.1,CABZ01088049.1
CABZ01086139.1,CABZ01086139.1
CABZ01086127.1,CABZ01086127.1
TCF4,TCF4
rab27b,rab27b
wdr91,wdr91
CU695199.1,CU695199.1
vmo1b,vmo1b
zgc:152948,zgc152948
fech,fech
onecut2,onecut2
st8sia3,st8sia3
WDR7,WDR7
add1,add1
si:rp71-1h20.9,sirp711h20.9
AL627305.1,AL627305.1
si:rp71-1h20.5,sirp711h20.5
AL627305.2,AL627305.2
AL627305.3,AL627305.3
BX510922.1,BX510922.1
gb:ai877918,gbai877918
BX510922.2,BX510922.2
zgc:163077,zgc163077
zgc:171220,zgc171220
BX510922.3,BX510922.3
zgc:162971,zgc162971
si:dkey-50i6.5,sidkey50i6.5
zgc:113343,zgc113343
si:dkey-50i6.6,sidkey50i6.6
si:ch73-299h12.1,sich73299h12.1
si:ch73-299h12.2,sich73299h12.2
si:ch73-299h12.3,sich73299h12.3
si:ch73-299h12.4,sich73299h12.4
si:ch73-299h12.6,sich73299h12.6
si:ch211-241b2.1,sich211241b2.1
zgc:66483,zgc66483
zgc:113348,zgc113348
zgc:193790,zgc193790
si:ch73-299h12.8,sich73299h12.8
si:ch73-299h12.9,sich73299h12.9
BX890539.1,BX890539.1
si:ch211-241b2.4,sich211241b2.4
si:ch211-241b2.5,sich211241b2.5
hmgcrb,hmgcrb
cert1b,cert1b
CABZ01101739.1,CABZ01101739.1
CABZ01073424.1,CABZ01073424.1
CABZ01073424.2,CABZ01073424.2
CABZ01064472.1,CABZ01064472.1
CABZ01023255.1,CABZ01023255.1
znf971,znf971
zgc:194215,zgc194215
CKS2,CKS2
SHC3,SHC3
hnrnpabb,hnrnpabb
zbtb7c,zbtb7c
ctif,ctif
smad7,smad7
dym,dym
atp8b1,atp8b1
scamp1,scamp1
tor1,tor1
nsa2,nsa2
spout1,spout1
st6galnac6,st6galnac6
st6galnac4,st6galnac4
miga2,miga2
dolpp1,dolpp1
setx,setx
CU915818.1,CU915818.1
ntng2b,ntng2b
rapgef1b,rapgef1b
uck1,uck1
dnlz,dnlz
lrrc8aa,lrrc8aa
HTRA2-10,HTRA2-10
HTRA2-11,HTRA2-11
HTRA2-12,HTRA2-12
si:dkey-84o3.3,sidkey84o3.3
si:dkey-84o3.3-1,sidkey84o3.3-1
si:dkey-84o3.6,sidkey84o3.6
phyhd1,phyhd1
dolk,dolk
nup188,nup188
cdk5rap2,cdk5rap2
si:dkey-102g19.3,sidkey102g19.3
camsap1a,camsap1a
notch1a,notch1a
si:ch73-29c22.1,sich7329c22.1
B3GNT10,B3GNT10
rnf165a,rnf165a
C21H18orf25,C21H18orf25
haus1,haus1
atp5fa1,atp5fa1
thbs4b,thbs4b
CR382296.2,CR382296.2
zgc:122979,zgc122979
hwa,hwa
rpl37-1,rpl37-1
st8sia5,st8sia5
loxhd1a,loxhd1a
psmd5,psmd5
ly6m2,ly6m2
ly6m3,ly6m3
ly6m4,ly6m4
ly6m5,ly6m5
ly6m6,ly6m6
si:ch211-134a4.6,sich211134a4.6
BX927369.1,BX927369.1
ly6m7,ly6m7
stbd1,stbd1
shroom3,shroom3
CU694445.1,CU694445.1
ccni,ccni
ccng2,ccng2
wu:fj64h06,wufj64h06
wdr38,wdr38
rpl35,rpl35
uqcr10,uqcr10
prodha,prodha
rexo4,rexo4
FP243383.1,FP243383.1
CACFD1,CACFD1
mob1bb,mob1bb
dck,dck
slc4a4b,slc4a4b
fpgs,fpgs
cdk9,cdk9
si:dkey-93m18.6,sidkey93m18.6
si:dkey-93m18.3,sidkey93m18.3
si:dkey-93m18.4,sidkey93m18.4
fnbp1b,fnbp1b
fnbp1b-1,fnbp1b-1
AL928952.1,AL928952.1
cenpt,cenpt
CABZ01068945.1,CABZ01068945.1
col5a1,col5a1
olfm1b,olfm1b
BX005283.1,BX005283.1
si:ch211-93g21.2,sich21193g21.2
si:ch211-93g21.1,sich21193g21.1
ppp1r26,ppp1r26
mrps2,mrps2
zgc:113019,zgc113019
dipk1b,dipk1b
agpat2,agpat2
egfl7,egfl7
dre-mir-126b,dre-mir-126b
CU929160.1,CU929160.1
ap3b1a,ap3b1a
tbca,tbca
otpa,otpa
wdr41,wdr41
pde8b,pde8b
aggf1,aggf1
crhbp,crhbp
s100z,s100z
ch25hl2,ch25hl2
f2rl1.2,f2rl1.2
f2rl1.1,f2rl1.1
ENSDARG00000077638,ENSDARG00000077638
BX323555.2,BX323555.2
ENSDARG00000086236,ENSDARG00000086236
ENSDARG00000090041,ENSDARG00000090041
ENSDARG00000059507,ENSDARG00000059507
nr6a1b,nr6a1b
nr5a1b,nr5a1b
psmb7,psmb7
nek6,nek6
lhx2a,lhx2a
dennd1a,dennd1a
crb2a,crb2a
casp21,casp21
sdad1,sdad1
ptpn13,ptpn13
mapk10,mapk10
arhgap24,arhgap24
esm1,esm1
herc7,herc7
CABZ01043506.2,CABZ01043506.2
CABZ01043506.1,CABZ01043506.1
CABZ01043503.1,CABZ01043503.1
hcn1,hcn1
ccbe1,ccbe1
lman1,lman1
BX248399.1,BX248399.1
cplx4a,cplx4a
rx3,rx3
grp,grp
znf532,znf532
oacyl,oacyl
alpk2,alpk2
si:dkey-277m11.2,sidkey277m11.2
nedd4l,nedd4l
prlra,prlra
agxt2,agxt2
dnajc21,dnajc21
arid6,arid6
rtkn2b,rtkn2b
zgc:162472,zgc162472
gtf3c5,gtf3c5
cel.2,cel.2
cel.1,cel.1
zgc:92275,zgc92275
grin1a,grin1a
si:dkey-184p9.7,sidkey184p9.7
entpd2b,entpd2b
zgc:114104,zgc114104
cd8b,cd8b
cd8a,cd8a
cast,cast
pcsk1,pcsk1
ell2,ell2
glrx,glrx
si:dkey-6b12.5,sidkey6b12.5
nudt2,nudt2
ube2r2,ube2r2
ubap1,ubap1
dcaf12,dcaf12
ubap2a,ubap2a
nop56,nop56
CT027620.1,CT027620.1
mlnl,mlnl
zgc:64106,zgc64106
aqp7,aqp7
tpgs2,tpgs2
zgc:162344,zgc162344
celf4,celf4
AL928707.2,AL928707.2
AL928707.3,AL928707.3
CR293531.4,CR293531.4
CR293531.1,CR293531.1
LO018011.1,LO018011.1
CR792457.1,CR792457.1
zgc:109965,zgc109965
fam219aa,fam219aa
odf2a,odf2a
si:dkey-228b2.6,sidkey228b2.6
sptan1,sptan1
wdr34,wdr34
setb,setb
specc1lb,specc1lb
adora2ab,adora2ab
snrpd3l,snrpd3l
si:ch73-62l21.1,sich7362l21.1
zgc:113162,zgc113162
nsmfa,nsmfa
si:dkey-248f6.3,sidkey248f6.3
pnpla7a,pnpla7a
clic3,clic3
fut7,fut7
pou5f3,pou5f3
npdc1a,npdc1a
si:ch211-282j22.3,sich211282j22.3
slc31a2,slc31a2
niban2a,niban2a
stxbp1a,stxbp1a
akna,akna
whrna,whrna
man1b1a,man1b1a
si:ch211-196i2.1,sich211196i2.1
cacna1bb,cacna1bb
CR392036.1,CR392036.1
ehmt1b,ehmt1b
arrdc1b,arrdc1b
glulc,glulc
si:dkey-11o18.5,sidkey11o18.5
phpt1,phpt1
noc4l,noc4l
pus1,pus1
ulk1b,ulk1b
mmp17a,mmp17a
sfswap,sfswap
si:dkey-11o15.7,sidkey11o15.7
si:dkey-11o15.5,sidkey11o15.5
si:dkey-11o15.7-1,sidkey11o15.7-1
si:dkey-11o15.8,sidkey11o15.8
BX901878.2,BX901878.2
si:dkey-11o15.10,sidkey11o15.10
smarcb1b,smarcb1b
mmp11b,mmp11b
chchd10,chchd10
ddt,ddt
gstt1b,gstt1b
p2rx4a,p2rx4a
idh3b,idh3b
ptpra,ptpra
gnrh2,gnrh2
GCNT4,GCNT4
CR847785.1,CR847785.1
gcnt4b,gcnt4b
fam169ab,fam169ab
AL953866.1,AL953866.1
lhx5,lhx5
mzt2b,mzt2b
zgc:193801,zgc193801
cyb561a3b,cyb561a3b
qrfpr4,qrfpr4
tnfrsfa,tnfrsfa
unc5da,unc5da
aqp3b,aqp3b
vps29,vps29
AL844518.1,AL844518.1
gpn3,gpn3
arpc3,arpc3
ube2g1b,ube2g1b
atp2a2b,atp2a2b
gfi1b,gfi1b
tsc1b,tsc1b
gtf3c4,gtf3c4
barhl1b,barhl1b
stom,stom
gsna,gsna
CR762400.1,CR762400.1
rxraa,rxraa
stx2a,stx2a
dnai1.2,dnai1.2
CR812470.1,CR812470.1
CR812470.2,CR812470.2
vav2,vav2
brd3a,brd3a
wdr5,wdr5
dnai1.1,dnai1.1
si:dkey-1d7.3,sidkey1d7.3
si:dkey-112m2.1,sidkey112m2.1
CT027623.1,CT027623.1
si:dkey-65l23.2-2,sidkey65l23.2-2
smpd4,smpd4
si:ch211-222n4.2,sich211222n4.2
med15,med15
crkl,crkl
pimr72,pimr72
mpp4l-1,mpp4l-1
rpl17,rpl17
pgam2,pgam2
nefla,nefla
nefma,nefma
nkx6.1,nkx6.1
BX000991.1,BX000991.1
gpat3,gpat3
abraxas1,abraxas1
mrps18c,mrps18c
helq,helq
hpse,hpse
btc,btc
amacr,amacr
slc45a2,slc45a2
rxfp3,rxfp3
gzmk,gzmk
gzma,gzma
rai14,rai14
BX927394.1,BX927394.1
fgf10a,fgf10a
BX927394.2,BX927394.2
BX927394.3,BX927394.3
nnt,nnt
ccdc80l2,ccdc80l2
fybb,fybb
mfhas1,mfhas1
eri1,eri1
ppp1r3b,ppp1r3b
tnksa,tnksa
dusp4,dusp4
si:dkey-247m21.3,sidkey247m21.3
zgc:86764,zgc86764
AL844141.1,AL844141.1
slc26a1,slc26a1
rbp4l,rbp4l
pde6b,pde6b
atp5mea,atp5mea
hspb11,hspb11
si:dkey-30k6.5,sidkey30k6.5
zgc:103482,zgc103482
efna5a,efna5a
GADD45G,GADD45G
gadd45gb.1,gadd45gb.1
si:ch211-22d5.2,sich21122d5.2
ghrb,ghrb
oxct1b,oxct1b
c6,c6
c7b,c7b
c6-1,c6-1
rgs7bpb,rgs7bpb
htr1ab,htr1ab
ndr1,ndr1
eif4ebp1,eif4ebp1
ank1b,ank1b
ftsj1,ftsj1
rictorb,rictorb
lifrb,lifrb
ccdc61,ccdc61
itpkca,itpkca
si:ch211-191j22.8,sich211191j22.8
qpctlb,qpctlb
sdhaf1,sdhaf1
si:ch211-191j22.3,sich211191j22.3
kcnk12l,kcnk12l
ppm1nb,ppm1nb
rtn2b,rtn2b
nectin3b,nectin3b
diablob,diablob
or133-9,or133-9
or133-7,or133-7
CR391925.1,CR391925.1
or133-6,or133-6
or133-5,or133-5
or133-4,or133-4
or133-3,or133-3
or133-2,or133-2
or133-1,or133-1
b9d2,b9d2
tgfb1b,tgfb1b
cbr1l,cbr1l
or125-8,or125-8
or125-7,or125-7
or125-5,or125-5
or125-4,or125-4
or125-3,or125-3
or125-2,or125-2
or125-1,or125-1
or123-1,or123-1
or124-1,or124-1
or124-3,or124-3
or124-2,or124-2
or124-4,or124-4
defbl1,defbl1
pold3,pold3
chrdl2,chrdl2
xrra1,xrra1
neu3.1,neu3.1
neu3.2,neu3.2
neu3.3,neu3.3
neu3.4,neu3.4
neu3.5,neu3.5
wdr73,wdr73
defbl2,defbl2
gria4b,gria4b
elmod1,elmod1
slc35f2,slc35f2
cul5b,cul5b
capn5b,capn5b
ompb,ompb
myo7ab,myo7ab
gdpd4b,gdpd4b
nadk2,nadk2
skp2,skp2
BX470072.1,BX470072.1
CU466287.2,CU466287.2
CU466287.3,CU466287.3
CU466287.1,CU466287.1
si:ch73-112l6.1,sich73112l6.1
lmbrd2b,lmbrd2b
capslb,capslb
il7r,il7r
myo5b,myo5b
cfap53,cfap53
chek1,chek1
nectin1a,nectin1a
si:dkeyp-69c1.7,sidkeyp69c1.7
BX510940.1,BX510940.1
gig2l,gig2l
gig2j,gig2j
gig2i,gig2i
gig2h,gig2h
gig2g,gig2g
gig2f,gig2f
gig2e,gig2e
gig2d,gig2d
bud13,bud13
si:dkeyp-69c1.9,sidkeyp69c1.9
c1qb,c1qb
c1qc,c1qc
c1qa,c1qa
fbxo40.1,fbxo40.1
fbxo40.2,fbxo40.2
arhgap42a,arhgap42a
trpc6a,trpc6a
angptl5,angptl5
cfap300,cfap300
birc2,birc2
polq,polq
ddias,ddias
pcf11,pcf11
ccdc90b,ccdc90b
alg8,alg8
guca1d,guca1d
dub,dub
rb1,rb1
lpar6b,lpar6b
dlat,dlat
zw10,zw10
usp28,usp28
htr3b,htr3b
htr3a,htr3a
zbtb16a,zbtb16a
ncam1a,ncam1a
cadm1a,cadm1a
CR759955.2,CR759955.2
sc5d,sc5d
anapc13,anapc13
arhgap32b,arhgap32b
BX510932.2,BX510932.2
igsf9bb,igsf9bb
jam3b,jam3b
zgc:171740,zgc171740
dixdc1b,dixdc1b
ddx10,ddx10
si:dkey-183i3.9,sidkey183i3.9
si:dkey-183i3.5,sidkey183i3.5
si:dkey-183i3.6,sidkey183i3.6
rfc2,rfc2
sycn.3,sycn.3
sycn.1,sycn.1
sycn.2,sycn.2
gng8,gng8
tmem45b,tmem45b
nfrkb,nfrkb
st14b,st14b
or132-1,or132-1
or132-2,or132-2
or132-2-1,or132-2-1
BX510938.5,BX510938.5
or132-4,or132-4
or132-5,or132-5
BX510938.1,BX510938.1
ppme1,ppme1
sms,sms
cnksr2b,cnksr2b
nlrc3l1,nlrc3l1
si:dkey-17e16.9,sidkey17e16.9
MRPS12,MRPS12
NPAS4,NPAS4
efemp2b,efemp2b
fibpb,fibpb
fosl1b,fosl1b
tmem223,tmem223
ovol1b,ovol1b
si:dkey-17e16.15,sidkey17e16.15
tmem179b,tmem179b
sumf2,sumf2
phkg1b,phkg1b
bicdl2l,bicdl2l
abhd11,abhd11
cldnh,cldnh
CR388166.2,CR388166.2
cldnc,cldnc
cldnb,cldnb
zgc:112437,zgc112437
cldnd,cldnd
zgc:136892,zgc136892
mettl27,mettl27
nf2b,nf2b
caln2,caln2
sdf2,sdf2
supt6h,supt6h
rab34b,rab34b
rpl23a,rpl23a
tlcd1,tlcd1
nipal4,nipal4
gria1b,gria1b
BX890629.1,BX890629.1
tmsb,tmsb
eif4ebp3,eif4ebp3
ankhd1,ankhd1
CR354383.1,CR354383.1
zgc:110540,zgc110540
cd248b,cd248b
rce1b,rce1b
adssl,adssl
vegfbb,vegfbb
stx5al,stx5al
CR631122.1,CR631122.1
esrra,esrra
prdx5,prdx5
nxf1,nxf1
bscl2,bscl2
gng3,gng3
banf1,banf1
slc3a2b,slc3a2b
calm3b,calm3b
pcxa,pcxa
lrfn4a,lrfn4a
fkbp2,fkbp2
ppp1r14ba,ppp1r14ba
slc8a4a,slc8a4a
bada,bada
zgc:110782,zgc110782
zgc:77262,zgc77262
mark2a,mark2a
si:dkey-175m17.7,sidkey175m17.7
si:dkey-175m17.6,sidkey175m17.6
sart1,sart1
hif1al2,hif1al2
dpp3,dpp3
rin1a,rin1a
rbm14a,rbm14a
actn3a,actn3a
slc29a2,slc29a2
cfb,cfb
bfb,bfb
cfbl,cfbl
bbs1,bbs1
CAPN1-1,CAPN1-1
pacs1a,pacs1a
zgc:165604,zgc165604
CR405687.1,CR405687.1
pcnx3,pcnx3
nrxn2a,nrxn2a
pygma,pygma
slc22a6l,slc22a6l
CR749775.2,CR749775.2
cox8a,cox8a
otub1a,otub1a
epdl2,epdl2
nrg2a,nrg2a
puraa,puraa
zgc:100829,zgc100829
BX511240.1,BX511240.1
cxxc5a,cxxc5a
CR759846.1,CR759846.1
ppp3ca,ppp3ca
ecscr,ecscr
timd4,timd4
havcr1,havcr1
havcr2,havcr2
si:ch211-57b15.1,sich21157b15.1
si:ch211-57b15.2,sich21157b15.2
adra1ba,adra1ba
CR318595.1,CR318595.1
BX537120.3,BX537120.3
zgc:171310,zgc171310
BX537120.1,BX537120.1
BX537120.2,BX537120.2
CR847571.1,CR847571.1
CR847571.2,CR847571.2
CR762480.2,CR762480.2
CR762480.1,CR762480.1
si:ch73-190f9.4,sich73190f9.4
CU104716.1,CU104716.1
CU855895.1,CU855895.1
ttc1,ttc1
pwwp2a,pwwp2a
CU855895.3,CU855895.3
fabp6,fabp6
ccnjl,ccnjl
prob1,prob1
slc23a1,slc23a1
pfdn1,pfdn1
hbegfb,hbegfb
hnrnph1l,hnrnph1l
dnajc18,dnajc18
FAM53C,FAM53C
slbp2,slbp2
zmat2,zmat2
lcp2a,lcp2a
foxi3a,foxi3a
CR749164.1,CR749164.1
nhp2,nhp2
grpel2,grpel2
afap1l1b,afap1l1b
snx12,snx12
slc7a3a,slc7a3a
rab39ba,rab39ba
rab38c,rab38c
si:ch211-200p22.4-1,sich211200p22.4-1
phka1b,phka1b
si:dkey-22f5.9,sidkey22f5.9
clcn5a,clcn5a
tnfsf10l3,tnfsf10l3
zgc:110224,zgc110224
trpc2b,trpc2b
rrm1,rrm1
slc6a7,slc6a7
stim1b,stim1b
BX936320.1,BX936320.1
rhogb,rhogb
pgap2,pgap2
ncbp3,ncbp3
rap1gap2b,rap1gap2b
st6gal1,st6gal1
zgc:152891,zgc152891
tpst1l,tpst1l
crcp,crcp
asl,asl
ca4c,ca4c
TENM2-1,TENM2-1
zgc:165573,zgc165573
si:ch211-160j14.2,sich211160j14.2
mat2b,mat2b
si:ch211-160j14.3,sich211160j14.3
BX927388.1,BX927388.1
clk4b,clk4b
si:ch211-247j9.1,sich211247j9.1
mapk9,mapk9
gfpt2,gfpt2
zgc:123105,zgc123105
CR735104.1,CR735104.1
si:dkeyp-72g9.4,sidkeyp72g9.4
adamts2,adamts2
cnot6a,cnot6a
adra2db,adra2db
slc34a1b,slc34a1b
zgc:194629,zgc194629
CU019662.1,CU019662.1
arl3l1,arl3l1
BX072577.1,BX072577.1
rbm22,rbm22
ndst1b,ndst1b
rps14,rps14
cd74b,cd74b
si:ch73-42p12.2,sich7342p12.2
clint1b,clint1b
BX005313.2,BX005313.2
ebf1b,ebf1b
BX005313.1,BX005313.1
si:ch211-51e8.2,sich21151e8.2
rnf145b,rnf145b
map4k6,map4k6
mtmr1b,mtmr1b
hmgb3b,hmgb3b
trpc5b,trpc5b
alg13,alg13
dacha,dacha
chm,chm
wdr55,wdr55
zgc:56585,zgc56585
cdc23,cdc23
kif20a,kif20a
si:dkey-71d15.2,sidkey71d15.2
lipia,lipia
rbm11,rbm11
tmprss15,tmprss15
poglut3,poglut3
adrb2b,adrb2b
ubtd2,ubtd2
il12bb,il12bb
ublcp1,ublcp1
rars1,rars1
si:dkeyp-23e4.3,sidkeyp23e4.3
BX247879.1,BX247879.1
sgcd,sgcd
CR388143.1,CR388143.1
gemin5,gemin5
mrpl22,mrpl22
cnot8,cnot8
wwc1,wwc1
BX936439.1,BX936439.1
nop16,nop16
grk6,grk6
prr7,prr7
dbn1,dbn1
zgc:77151,zgc77151
BX649250.2,BX649250.2
BX649250.1,BX649250.1
znf346,znf346
fgfr4,fgfr4
nsd1b,nsd1b
mrps17,mrps17
fam114a2,fam114a2
pgrmc1,pgrmc1
cox7b,cox7b
pgk1,pgk1
amot,amot
CU929171.1,CU929171.1
ndfip1l,ndfip1l
mpp1,mpp1
gabrb4,gabrb4
FO704750.1,FO704750.1
PRRG3,PRRG3
ripply1,ripply1
rbm41,rbm41
cldn2,cldn2
klf8,klf8
klf5l,klf5l
zgc:158291,zgc158291
CR735102.1,CR735102.1
pof1b,pof1b
slc25a14,slc25a14
AL935199.1,AL935199.1
rbmx2,rbmx2
siah2l,siah2l
taf9,taf9
rab24,rab24
heatr6,heatr6
hnf1bb,hnf1bb
tlr22,tlr22
ddx52,ddx52
CU463284.2,CU463284.2
CU463284.1,CU463284.1
traf4b,traf4b
aldh3a2b,aldh3a2b
vtnb,vtnb
slc13a2,slc13a2
unc119b,unc119b
cryba1b,cryba1b
cpdb,cpdb
trarg1b,trarg1b
si:ch211-274p24.2,sich211274p24.2
aifm5,aifm5
si:ch211-274p24.4,sich211274p24.4
cluhb,cluhb
pafah1b1b,pafah1b1b
mntb,mntb
sept4a,sept4a
dynll2b,dynll2b
srsf1b,srsf1b
pigs,pigs
aldocb,aldocb
rskrb,rskrb
mrm3b,mrm3b
plrdgb,plrdgb
tmigd1,tmigd1
slc47a1,slc47a1
slc47a2.1,slc47a2.1
BX248108.1,BX248108.1
med31,med31
slc13a5a,slc13a5a
serpinf2a,serpinf2a
serpinf1,serpinf1
slco2b1,slco2b1
or115-15,or115-15
or115-1,or115-1
or115-14,or115-14
or115-13,or115-13
or115-12,or115-12
or115-11,or115-11
or115-9,or115-9
si:ch211-218m3.9,sich211218m3.9
or115-8,or115-8
si:ch211-218m3.11,sich211218m3.11
or115-7,or115-7
si:ch211-218m3.13,sich211218m3.13
or115-6,or115-6
or115-5,or115-5
si:ch211-218m3.16,sich211218m3.16
si:ch211-218m3.19,sich211218m3.19
or101-1,or101-1
CR847523.3,CR847523.3
nup98,nup98
CR847523.2,CR847523.2
CR847523.1,CR847523.1
nsrp1,nsrp1
ssh2b,ssh2b
coro6,coro6
CU929119.1,CU929119.1
taok1b,taok1b
pdk3b,pdk3b
pcyt1bb,pcyt1bb
CU062645.1,CU062645.1
arxb,arxb
ccdc82,ccdc82
pomp,pomp
apbb3,apbb3
zgc:162239,zgc162239
limk1b,limk1b
elnb,elnb
yipf5,yipf5
kctd16b,kctd16b
plac8l1,plac8l1
lars1b,lars1b
msx2b,msx2b
nsg2,nsg2
cpeb4b,cpeb4b
CABZ01034722.1,CABZ01034722.1
bod1,bod1
stc2b,stc2b
bnip1b,bnip1b
crebrf,crebrf
pcyox1l,pcyox1l
BX005397.1,BX005397.1
ppp2r2bb,ppp2r2bb
CU929230.1,CU929230.1
cct6a,cct6a
endou2,endou2
gabrg2,gabrg2
CR847531.1,CR847531.1
gabra1,gabra1
gabra6b,gabra6b
GABRB2,GABRB2
si:ch1073-204b8.1,sich1073204b8.1
sh3pxd2b,sh3pxd2b
stk10,stk10
zmp:0000001268,zmp0000001268
CU462980.1,CU462980.1
dpysl3,dpysl3
jakmip2,jakmip2
si:ch73-68b22.2,sich7368b22.2
p4ha2,p4ha2
hspa4a,hspa4a
zcchc10,zcchc10
aff4,aff4
FP085421.1,FP085421.1
shroom1,shroom1
sowahaa,sowahaa
sept8a,sept8a
ccni2,ccni2
AL954767.1,AL954767.1
stk26,stk26
tmem185,tmem185
ankrd46a,ankrd46a
atg4a,atg4a
irs4a,irs4a
si:ch73-362m14.2,sich73362m14.2
gpr185a,gpr185a
si:ch73-362m14.4,sich73362m14.4
htr2cl2,htr2cl2
si:ch1073-263o8.2,sich1073263o8.2
si:dkey-229d11.5,sidkey229d11.5
CR792441.7,CR792441.7
si:dkey-229d11.3,sidkey229d11.3
tmlhe,tmlhe
dkc1,dkc1
CR792441.5,CR792441.5
CR792441.4,CR792441.4
ENSDARG00000083089,ENSDARG00000083089
CR792441.6,CR792441.6
CR792441.2,CR792441.2
CR792441.3,CR792441.3
pdlim4,pdlim4
CU499330.1,CU499330.1
csf1rb,csf1rb
sra1,sra1
camk2a,camk2a
cdx1b,cdx1b
ik,ik
arsib,arsib
ndufa2,ndufa2
FO704810.1,FO704810.1
oatx,oatx
fgf1b,fgf1b
gabra3,gabra3
zgc:136410,zgc136410
brcc3,brcc3
cmc4,cmc4
fundc2,fundc2
TMEM164,TMEM164
spry4,spry4
ammecr1,ammecr1
kif4,kif4
rnf121,rnf121
fstl4,fstl4
rapgef6,rapgef6
si:ch73-269m14.2,sich73269m14.2
vdac1,vdac1
tcf7,tcf7
skp1,skp1
zgc:56064,zgc56064
ube2b,ube2b
cdkn2aipnl,cdkn2aipnl
jade2,jade2
CU207269.4,CU207269.4
CU207269.2,CU207269.2
CU207269.3,CU207269.3
si:dkey-223p19.1,sidkey223p19.1
si:dkey-223p19.2,sidkey223p19.2
fnip1,fnip1
CABZ01058362.1,CABZ01058362.1
LO018363.2,LO018363.2
LO018363.1,LO018363.1
irf1b,irf1b
slc22a5,slc22a5
sar1b,sar1b
sec24a,sec24a
CU302316.1,CU302316.1
camlg,camlg
ddx46,ddx46
C21H5orf24,C21H5orf24
macroh2a1,macroh2a1
pitx1,pitx1
txndc15,txndc15
faxdc2,faxdc2
larp1,larp1
sap30l,sap30l
galnt10,galnt10
slc22a4,slc22a4
slc22a21,slc22a21
MYG1,MYG1
prr13,prr13
sp1,sp1
col2a1b,col2a1b
CABZ01072245.1,CABZ01072245.1
CABZ01072242.1,CABZ01072242.1
elmo2,elmo2
arfgap1,arfgap1
cdk4,cdk4
NCKAP1L,NCKAP1L
tegt,tegt
avil,avil
CU633745.1,CU633745.1
dusp7,dusp7
alas1,alas1
npffl,npffl
slc11a2,slc11a2
mettl1,mettl1
poc1a,poc1a
cyp27b1,cyp27b1
CR855375.2,CR855375.2
pdrg1,pdrg1
CR855375.5,CR855375.5
znf831,znf831
nuf2,nuf2
rab43,rab43
zgc:77375,zgc77375
CR855375.4,CR855375.4
isy1,isy1
cnbpb,cnbpb
raf1b,raf1b
CU695207.1,CU695207.1
mkrn2,mkrn2
mkrn2os.1,mkrn2os.1
mkrn2os.2,mkrn2os.2
tsen2,tsen2
pparg,pparg
syn2b,syn2b
timp4.1,timp4.1
timp4.2,timp4.2
timp4.3,timp4.3
vgll4b,vgll4b
tamm41,tamm41
atg7,atg7
CABZ01066384.1,CABZ01066384.1
slc6a1b,slc6a1b
CU914760.1,CU914760.1
slc6a11b,slc6a11b
atp2b2,atp2b2
iars1,iars1
rpl29,rpl29
si:ch211-266k22.6,sich211266k22.6
ppp1r3db,ppp1r3db
phactr3b,phactr3b
acot8,acot8
srsf6b,srsf6b
ift52,ift52
si:ch73-303b9.1,sich73303b9.1
mybl2b,mybl2b
si:dkey-40c23.1,sidkey40c23.1
si:dkey-40c23.2,sidkey40c23.2
si:dkey-40c23.2-1,sidkey40c23.2-1
lrp1aa,lrp1aa
rbms2a,rbms2a
faim2b,faim2b
CT573157.1,CT573157.1
nr1d4b,nr1d4b
rargb,rargb
calcoco1b,calcoco1b
hoxc13b,hoxc13b
hoxc12b,hoxc12b
hoxc11b,hoxc11b
mir196c,mir196c
hoxc6b,hoxc6b
smug1,smug1
hnrnpa1a,hnrnpa1a
znf740a,znf740a
znf740a-1,znf740a-1
igfbp6a,igfbp6a
pip4k2cb,pip4k2cb
ube2v1,ube2v1
csnk2a4,csnk2a4
slc2a10,slc2a10
tp53rk,tp53rk
SERINC3,SERINC3
si:ch73-267c23.10,sich73267c23.10
dgkab,dgkab
NABP2,NABP2
cnpy2,cnpy2
zgc:113184,zgc113184
nab2,nab2
dnajc14,dnajc14
FQ790208.1,FQ790208.1
si:ch211-160o17.2,sich211160o17.2
si:ch211-160o17.3,sich211160o17.3
zgc:193807-1,zgc1938071
si:ch211-160o17.4,sich211160o17.4
b3galt6,b3galt6
si:ch211-160o17.6,sich211160o17.6
tmem167b,tmem167b
mapk14b,mapk14b
srpk1b,srpk1b
CT583672.1,CT583672.1
lhfpl5a,lhfpl5a
kif21b,kif21b
cpne5b,cpne5b
timeless,timeless
pmela,pmela
mmp19,mmp19
cdk2,cdk2
sarnp,sarnp
prph,prph
tuba2,tuba2
suox,suox
mcrs1,mcrs1
acap3b,acap3b
pusl1,pusl1
ddx19,ddx19
CAMK2N1,CAMK2N1
si:dkey-33m11.7,sidkey33m11.7
si:dkey-33m11.8,sidkey33m11.8
cdab,cdab
dnajc16l,dnajc16l
itih3a,itih3a
itih1,itih1
gata2a,gata2a
rpn1,rpn1
pbrm1,pbrm1
gnl3,gnl3
glt8d1,glt8d1
spcs1,spcs1
nek4,nek4
camk1b,camk1b
ccdc3b,ccdc3b
BX248331.2,BX248331.2
FAM107A-1,FAM107A-1
BX248331.1,BX248331.1
si:ch211-63i20.3,sich21163i20.3
ptprga,ptprga
cse1l,cse1l
CR559931.1,CR559931.1
slc35e1,slc35e1
pex11g,pex11g
APBA3,APBA3
ABCA7,ABCA7
r3hdm4,r3hdm4
arid3a,arid3a
ctdspl3,ctdspl3
ndufs7,ndufs7
gamt,gamt
dazap1,dazap1
rps15,rps15
abhd8b,abhd8b
dda1,dda1
ano8b,ano8b
gtpbp3,gtpbp3
plvapb,plvapb
babam1,babam1
CT573239.2,CT573239.2
CT573239.1,CT573239.1
ushbp1,ushbp1
nr2f6b,nr2f6b
tax1bp3,tax1bp3
slc1a6,slc1a6
ccl44,ccl44
pole4,pole4
BX248501.1,BX248501.1
ccl25b,ccl25b
ctns,ctns
ranbp3a,ranbp3a
AL840638.1,AL840638.1
AL840638.2,AL840638.2
nrtn,nrtn
AL840638.3,AL840638.3
ndufa11,ndufa11
FO681393.1,FO681393.1
CU062501.1,CU062501.1
larp6b,larp6b
gadd45ba,gadd45ba
CU062501.2,CU062501.2
si:dkey-246j7.1,sidkey246j7.1
CR381534.1,CR381534.1
pde4cb,pde4cb
BX936438.1,BX936438.1
rab3ab,rab3ab
lsm4,lsm4
BX936438.2,BX936438.2
ddx49,ddx49
klhl26,klhl26
crtc1b,crtc1b
comp,comp
FQ976909.1,FQ976909.1
si:ch211-253b8.2,sich211253b8.2
zgc:173548,zgc173548
cdh27,cdh27
si:ch211-253b8.5,sich211253b8.5
CR925817.1,CR925817.1
bmp7a,bmp7a
CU929070.5,CU929070.5
CU929070.4,CU929070.4
CU929070.1,CU929070.1
CU929070.2,CU929070.2
smim7,smim7
tmem38a,tmem38a
thop1,thop1
nwd1,nwd1
zgc:113223,zgc113223
reep6,reep6
si:ch73-238c9.1,sich73238c9.1
apc2,apc2
diras1a,diras1a
si:dkey-197i20.6,sidkey197i20.6
vtg3,vtg3
adgrl4,adgrl4
adgrl2a,adgrl2a
CR450813.1,CR450813.1
CR352338.1,CR352338.1
ttll7,ttll7
prkacba,prkacba
samd13,samd13
uox,uox
dnase2b,dnase2b
pimr204,pimr204
pimr205,pimr205
si:ch211-247n2.1,sich211247n2.1
CR847563.2,CR847563.2
tbl1xr1a,tbl1xr1a
CR847563.1,CR847563.1
si:ch211-51h4.2,sich21151h4.2
CU179643.1,CU179643.1
CR788237.1,CR788237.1
CABZ01079837.1,CABZ01079837.1
nlgn1,nlgn1
ect2,ect2
mcf2l2,mcf2l2
CT990625.1,CT990625.1
b3gnt5a,b3gnt5a
slc4a10a,slc4a10a
tbr1a,tbr1a
psmd14,psmd14
CR678435.1,CR678435.1
rbms1a,rbms1a
itgb6,itgb6
pla2r1,pla2r1
ly75,ly75
CR847973.1,CR847973.1
myom2a,myom2a
lgsn,lgsn
ptp4a1,ptp4a1
col9a1a,col9a1a
si:dkey-23f9.4,sidkey23f9.4
mrpl4,mrpl4
C11H6orf120,C11H6orf120
BX324177.10,BX324177.10
BX324177.11,BX324177.11
BX324177.5,BX324177.5
BX324177.14,BX324177.14
BX324177.4,BX324177.4
BX324177.6,BX324177.6
BX324177.13,BX324177.13
si:dkey-23f9.9,sidkey23f9.9
BX324177.2,BX324177.2
si:dkey-23f9.13,sidkey23f9.13
BX324177.16,BX324177.16
BX324177.23,BX324177.23
BX324177.22,BX324177.22
BX324177.8,BX324177.8
BX324177.9,BX324177.9
BX324177.12,BX324177.12
krt93,krt93
BX324177.20,BX324177.20
BX324177.19,BX324177.19
krt94,krt94
krt98,krt98
krt15,krt15
krt99,krt99
CR556712.1,CR556712.1
si:dkey-28e7.3,sidkey28e7.3
CR848705.2,CR848705.2
jupa,jupa
cdc6,cdc6
CR848705.1,CR848705.1
pimr93,pimr93
pimr94,pimr94
wipf2a,wipf2a
si:ch211-69b7.6,sich21169b7.6
abcc10,abcc10
zgc:64002,zgc64002
sp2,sp2
socs7,socs7
si:ch211-156l18.8,sich211156l18.8
mrpl45,mrpl45
npepps,npepps
BX469912.7,BX469912.7
BX469912.12,BX469912.12
BX469912.11,BX469912.11
BX469912.4,BX469912.4
BX469912.14,BX469912.14
si:ch211-156l18.7,sich211156l18.7
BX469912.10,BX469912.10
BX469912.9,BX469912.9
krt95,krt95
BX469912.15,BX469912.15
si:ch211-156l18.6,sich211156l18.6
zgc:174357,zgc174357
FO904934.3,FO904934.3
FO904934.1,FO904934.1
CABZ01022564.3,CABZ01022564.3
CABZ01022564.1,CABZ01022564.1
LO017719.3,LO017719.3
LO017719.2,LO017719.2
zgc:91850,zgc91850
si:dkey-27d5.14,sidkey27d5.14
BX000700.22,BX000700.22
BX000700.9,BX000700.9
BX000700.3,BX000700.3
si:dkey-27d5.10,sidkey27d5.10
BX000700.6,BX000700.6
si:dkey-27d5.9,sidkey27d5.9
BX000700.23,BX000700.23
BX000700.13,BX000700.13
si:dkey-27d5.5,sidkey27d5.5
BX000700.27,BX000700.27
BX000700.11,BX000700.11
si:dkey-27d5.3,sidkey27d5.3
BX000700.25,BX000700.25
zgc:174354-2,zgc1743542
BX000700.26,BX000700.26
zgc:174354-3,zgc1743543
CABZ01022569.5,CABZ01022569.5
CR450764.17,CR450764.17
CR450764.9,CR450764.9
CR450764.3,CR450764.3
zgc:91850-2,zgc918502
zgc:174353-2,zgc1743532
si:ch211-209f22.3,sich211209f22.3
zrsr2,zrsr2
rbb4l,rbb4l
txlng,txlng
rtel1,rtel1
zgpat,zgpat
si:dkey-11m19.5,sidkey11m19.5
chrna4b,chrna4b
btf3l4,btf3l4
ptgfr,ptgfr
zfyve9b,zfyve9b
elovl1b,elovl1b
mob3c,mob3c
mknk1,mknk1
TMEM275-1,TMEM275-1
atp5f1b,atp5f1b
abcb11b,abcb11b
mast3b,mast3b
si:dkey-13m1.2,sidkey13m1.2
homer3b,homer3b
si:dkey-13m1.5,sidkey13m1.5
arrdc2,arrdc2
si:ch211-1a19.2,sich2111a19.2
sid1,sid1
si:ch211-1a19.3,sich2111a19.3
wdr18,wdr18
grin3bb,grin3bb
tmem259,tmem259
CT956066.1,CT956066.1
med16,med16
plppr3b,plppr3b
palm1a,palm1a
si:ch211-262i1.3,sich211262i1.3
si:ch211-262i1.4,sich211262i1.4
CR847939.1,CR847939.1
si:ch211-262i1.5,sich211262i1.5
ptbp1b,ptbp1b
si:ch211-262i1.6,sich211262i1.6
BX571942.1,BX571942.1
efna2b,efna2b
adora1a,adora1a
si:ch73-60h1.1,sich7360h1.1
CR550307.1,CR550307.1
sgta,sgta
CU019562.1,CU019562.1
CU019562.3,CU019562.3
CU019562.2,CU019562.2
si:dkey-6d5.1,sidkey6d5.1
elavl1b,elavl1b
CR550302.2,CR550302.2
CR550302.1,CR550302.1
slc1a8a,slc1a8a
rpn2,rpn2
ghrh,ghrh
cdk5rap1,cdk5rap1
gdf11,gdf11
FP016142.5,FP016142.5
FP016142.6,FP016142.6
FP016142.1,FP016142.1
rap1ab,rap1ab
FP003590.1,FP003590.1
pank4,pank4
draxin,draxin
zgc:173544,zgc173544
agtrap,agtrap
CR848761.1,CR848761.1
ctbs,ctbs
SPATA1,SPATA1
rpf1,rpf1
CR854846.2,CR854846.2
CR854846.1,CR854846.1
pimr204-1,pimr204-1
arpc4l,arpc4l
tada3l,tada3l
hmces,hmces
rab7a,rab7a
slc25a26,slc25a26
lrig1,lrig1
kbtbd8,kbtbd8
AL844563.1,AL844563.1
suclg2,suclg2
CR769769.2,CR769769.2
CR769769.1,CR769769.1
CR769769.3,CR769769.3
BX571952.1,BX571952.1
tafa4b,tafa4b
eogt,eogt
tmf1,tmf1
uba3,uba3
CR589944.2,CR589944.2
CR589944.3,CR589944.3
CR589944.1,CR589944.1
cishb,cishb
rpusd4,rpusd4
twf2b,twf2b
qrich1,qrich1
si:ch211-14i3.2,sich21114i3.2
zgc:175135,zgc175135
zgc:175135-1,zgc1751351
LO018315.7,LO018315.7
LO018315.6,LO018315.6
tmcc1b,tmcc1b
mustn1b,mustn1b
stimate,stimate
SFMBT1,SFMBT1
prkcdb,prkcdb
fgd5a,fgd5a
dido1,dido1
zmynd8,zmynd8
ncoa3,ncoa3
BX296530.1,BX296530.1
CU207354.1,CU207354.1
id1,id1
pfkfb2b,pfkfb2b
phtf1,phtf1
CU207354.2,CU207354.2
magi1b,magi1b
rhol,rhol
adamts9,adamts9
prickle2b,prickle2b
slc2a9l1,slc2a9l1
psmd6,psmd6
atxn7,atxn7
thoc7,thoc7
ENSDARG00000037587,ENSDARG00000037587
namptb,namptb
cadpsa,cadpsa
C11H3orf14,C11H3orf14
fezf2,fezf2
ogfrl2,ogfrl2
cdh4,cdh4
taf4a,taf4a
CABZ01008730.1,CABZ01008730.1
zgc:162182,zgc162182
CABZ01008739.1,CABZ01008739.1
slc6a14,slc6a14
fmoda,fmoda
zgc:113307,zgc113307
CU459075.1,CU459075.1
prelp,prelp
il19l,il19l
il10,il10
mapkapk2a,mapkapk2a
BX321912.1,BX321912.1
dyrk3,dyrk3
RASSF5,RASSF5
ikbke,ikbke
srgap2,srgap2
FAM72B,FAM72B
CR812468.1,CR812468.1
foxp4,foxp4
MDFI,MDFI
tfeb,tfeb
tmem183a,tmem183a
ppfia4,ppfia4
myog,myog
BX537143.1,BX537143.1
si:ch211-86h15.1,sich21186h15.1
mdm4,mdm4
atp2b4,atp2b4
optc,optc
csf1a,csf1a
BX571675.2,BX571675.2
kiss1,kiss1
golt1a,golt1a
plekha6,plekha6
BX571675.1,BX571675.1
si:ch73-21d24.1,sich7321d24.1
pik3c2b,pik3c2b
LO016980.1,LO016980.1
nfasca,nfasca
CR354444.1,CR354444.1
cntn2,cntn2
chia.1,chia.1
chia.2,chia.2
chia.3,chia.3
ovgp1,ovgp1
zc3h11a,zc3h11a
trib3,trib3
CU571319.1,CU571319.1
FP102969.1,FP102969.1
AL831791.1,AL831791.1
sox12,sox12
pnp4a,pnp4a
si:dkey-76p14.2,sidkey76p14.2
rem1,rem1
rbm39a,rbm39a
si:ch211-15p9.2,sich21115p9.2
nfs1,nfs1
dvl1b,dvl1b
mxra8a,mxra8a
plekhg5a,plekhg5a
BX072564.1,BX072564.1
syt6b,syt6b
olfml3b,olfml3b
inavab,inavab
rnpep,rnpep
cyb5r1,cyb5r1
adipor1a,adipor1a
rabif,rabif
CR628365.1,CR628365.1
kdm5ba,kdm5ba
ipo9,ipo9
shisa4,shisa4
lmod1b,lmod1b
timm17a,timm17a
sulf2a,sulf2a
zgc:92107,zgc92107
phf20a,phf20a
ndrg3a,ndrg3a
si:ch211-25d12.7,sich21125d12.7
trpc4apa,trpc4apa
myh7ba,myh7ba
snai1a,snai1a
tp53inp2,tp53inp2
cyldb,cyldb
top1l,top1l
si:ch211-232b12.5,sich211232b12.5
fam83d,fam83d
CR932000.1,CR932000.1
mafbb,mafbb
si:dkeyp-97e7.9,sidkeyp97e7.9
adnpa,adnpa
gata1a,gata1a
si:dkey-13a21.4,sidkey13a21.4
hcfc1a,hcfc1a
opn1sw2,opn1sw2
CT573282.1,CT573282.1
opn1lw1,opn1lw1
opn1lw2,opn1lw2
gnl3l,gnl3l
tfe3b,tfe3b
si:dkey-245f22.3,sidkey245f22.3
cxxc1b,cxxc1b
mbd1b,mbd1b
ccdc120,ccdc120
comtb,comtb
grm6b,grm6b
otud5b,otud5b
mon1bb,mon1bb
brpf3a,brpf3a
si:dkey-183j2.10,sidkey183j2.10
plch2b,plch2b
skib,skib
tmem51b,tmem51b
kaznb,kaznb
prdm2b,prdm2b
foxj3,foxj3
ppcs,ppcs
utp3,utp3
cpne1,cpne1
rbm12,rbm12
fer1l4,fer1l4
unm-sa1614,unm-sa1614
st3gal8,st3gal8
dynlrb1,dynlrb1
map1lc3a,map1lc3a
efcc1,efcc1
si:dkey-57n24.6,sidkey57n24.6
acad9,acad9
iqsec1b,iqsec1b
hdac11,hdac11
fbln2,fbln2
CR555293.1,CR555293.1
wnt7aa,wnt7aa
CR548622.3,CR548622.3
dre-let-7a-1,dre-let-7a-1
ptpdc1a,ptpdc1a
CR548622.2,CR548622.2
barx1,barx1
CR931782.1,CR931782.1
CR931782.2,CR931782.2
phf2,phf2
fam120a,fam120a
BX601648.2,BX601648.2
cass4,cass4
BX601648.1,BX601648.1
cstf1,cstf1
eif4g3a,eif4g3a
ece1,ece1
alpl,alpl
si:ch211-220m17.4,sich211220m17.4
BX248318.1,BX248318.1
nmur3,nmur3
lactbl1b,lactbl1b
ephb2b,ephb2b
CR450786.1,CR450786.1
lrrc38b,lrrc38b
BX649345.2,BX649345.2
BX649345.1,BX649345.1
dhrs3b,dhrs3b
aadacl4,aadacl4
si:ch211-226m7.4,sich211226m7.4
klhdc7a,klhdc7a
igsf21a,igsf21a
BX537130.1,BX537130.1
arhgef10la,arhgef10la
wu:fi42e03,wufi42e03
BX548000.1,BX548000.1
chd5,chd5
rpl22,rpl22
rnf207a,rnf207a
nr0b1,nr0b1
si:ch211-218g23.6,sich211218g23.6
gucy1b2,gucy1b2
plekha3,plekha3
rpgrb,rpgrb
dynlt3,dynlt3
cybb,cybb
xk,xk
grpr,grpr
vegfd,vegfd
pir,pir
zgc:113276,zgc113276
il1fma,il1fma
si:ch73-226l13.2,sich73226l13.2
ace2,ace2
nhsb,nhsb
si:ch211-161f7.2,sich211161f7.2
scml2,scml2
cdkl5,cdkl5
rs1a,rs1a
CR790368.1,CR790368.1
ppef1,ppef1
si:dkey-163f14.6,sidkey163f14.6
ugt1b7,ugt1b7
ugt1b6p,ugt1b6p
ugt1b5,ugt1b5
ugt1b4,ugt1b4
ugt1b3,ugt1b3
ugt1b2,ugt1b2
ugt1b1,ugt1b1
cflara,cflara
tmem169a,tmem169a
pecr,pecr
map4k3a,map4k3a
tmem178,tmem178
slc8a1a,slc8a1a
zgc:153665,zgc153665
mala,mala
pgap4,pgap4
tpcn3,tpcn3
ttbk1a,ttbk1a
slc22a7a,slc22a7a
wdr83os,wdr83os
cacna1ab,cacna1ab
ier2b,ier2b
CR855274.2,CR855274.2
si:dkey-238i5.3,sidkey238i5.3
stx10-1,stx10-1
nacc1b,nacc1b
trmt1,trmt1
man2b1,man2b1
si:dkey-238i5.2,sidkey238i5.2
sipa1l2,sipa1l2
egln1b,egln1b
zgc:162816,zgc162816
FO704610.1,FO704610.1
diaph3,diaph3
CR589875.1,CR589875.1
CR589875.2,CR589875.2
pcdh17,pcdh17
BX000696.1,BX000696.1
BX000696.2,BX000696.2
BX530032.1,BX530032.1
nkpd1,nkpd1
cntnap5l,cntnap5l
lims1,lims1
thsd7bb,thsd7bb
spoplb,spoplb
nxph2b,nxph2b
si:ch211-227n13.3,sich211227n13.3
phka2,phka2
col6a2,col6a2
col6a1,col6a1
tdo2b,tdo2b
atp13a3,atp13a3
tmem44,tmem44
lsg1,lsg1
fam43a,fam43a
FO681390.1,FO681390.1
xxylt1,xxylt1
pik3ca,pik3ca
zmat3,zmat3
pfkfb4a,pfkfb4a
mapkapk3,mapkapk3
dnah1,dnah1
si:dkey-202e22.2,sidkey202e22.2
chchd4a,chchd4a
slc38a3a,slc38a3a
gnai2a,gnai2a
inka1a,inka1a
traip,traip
mon1a,mon1a
BX293991.2,BX293991.2
mst1rb,mst1rb
camkvb,camkvb
sema3fb,sema3fb
BX914197.1,BX914197.1
arl8bb,arl8bb
bhlhe40,bhlhe40
itpr1b,itpr1b
setmar,setmar
brk1,brk1
gpx1a,gpx1a
CR933559.1,CR933559.1
grm2b,grm2b
rrp9,rrp9
GPR62,GPR62
zgc:172270,zgc172270
nfya,nfya
sort1a,sort1a
psma5,psma5
sypl2a,sypl2a
atxn7l2a,atxn7l2a
cyb561d1,cyb561d1
zbtb40,zbtb40
usp48,usp48
ldlrad2,ldlrad2
CR457444.1,CR457444.1
CU928222.3,CU928222.3
CU928222.2,CU928222.2
CR457444.5,CR457444.5
CR457444.2,CR457444.2
CR457444.11,CR457444.11
CR457444.9,CR457444.9
CR457444.12,CR457444.12
CR457444.6,CR457444.6
CR457444.10,CR457444.10
CR457444.8,CR457444.8
CR457444.4,CR457444.4
CR457444.3,CR457444.3
si:ch211-11c3.9,sich21111c3.9
si:ch211-11c3.11,sich21111c3.11
si:ch211-11c3.12,sich21111c3.12
parapinopsinb,parapinopsinb
cacna1da,cacna1da
tkta,tkta
BX248521.3,BX248521.3
BX248521.2,BX248521.2
BX248521.1,BX248521.1
card19,card19
NINJ1,NINJ1
wnk2,wnk2
itih3b,itih3b
zgc:112265,zgc112265
il17rc,il17rc
creld1a,creld1a
CR352285.1,CR352285.1
CR352285.2,CR352285.2
erc2,erc2
bsnb,bsnb
CR847984.1,CR847984.1
hp1bp3,hp1bp3
sh2d5,sh2d5
kif17,kif17
zgc:158258,zgc158258
yod1,yod1
snrpe,snrpe
sox13,sox13
etnk2,etnk2
si:ch211-112f3.4,sich211112f3.4
slc41a1,slc41a1
klhdc8a,klhdc8a
AL928854.1,AL928854.1
CDK18,CDK18
mfsd4aa,mfsd4aa
elk4,elk4
si:ch211-117k10.3,sich211117k10.3
slc45a3,slc45a3
nucks1a,nucks1a
AL845324.1,AL845324.1
si:ch211-122l14.7,sich211122l14.7
AL845324.2,AL845324.2
cldn19,cldn19
p3h1,p3h1
CU210919.1,CU210919.1
C11H1orf50,C11H1orf50
ap5b1,ap5b1
cdc42,cdc42
wnt4,wnt4
CR847998.1,CR847998.1
camta1b,camta1b
vamp3,vamp3
per3,per3
uts2b,uts2b
si:dkey-264d12.1,sidkey264d12.1
tnfrsf9b,tnfrsf9b
fam83e,fam83e
EMP3,EMP3
si:dkey-264d12.5,sidkey264d12.5
znf362a,znf362a
si:ch211-193i15.1,sich211193i15.1
trim62.2,trim62.2
si:dkey-207b20.2,sidkey207b20.2
trim62.1,trim62.1
tnfrsf1b,tnfrsf1b
si:dkeyp-61b2.1,sidkeyp61b2.1
miip,miip
mmel1,mmel1
AL954137.1,AL954137.1
prxl2b,prxl2b
slc45a1,slc45a1
si:ch211-222l21.1,sich211222l21.1
ccdc114,ccdc114
tas1r3,tas1r3
errfi1a,errfi1a
CABZ01044767.1,CABZ01044767.1
CABZ01044765.1,CABZ01044765.1
CABZ01044764.2,CABZ01044764.2
CABZ01044764.1,CABZ01044764.1
svbp,svbp
zgc:175088,zgc175088
phf13,phf13
dnajc11b,dnajc11b
camta1,camta1
CABZ01087025.2,CABZ01087025.2
CABZ01087025.3,CABZ01087025.3
mrps16,mrps16
CABZ01087025.1,CABZ01087025.1
pax7a,pax7a
park7,park7
BX571706.1,BX571706.1
kcnab2a,kcnab2a
megf6b,megf6b
CR847970.1,CR847970.1
akr7a3,akr7a3
mrto4,mrto4
iffo2b,iffo2b
aldh4a1,aldh4a1
her2,her2
her15.1,her15.1
her15.2,her15.2
abhd6a,abhd6a
si:ch211-193l2.10,sich211193l2.10
FP325130.1,FP325130.1
slmapa,slmapa
CU138553.1,CU138553.1
dennd6aa,dennd6aa
arf4b,arf4b
si:ch1073-165f9.2,sich1073165f9.2
zgc:110286,zgc110286
arf4a,arf4a
arf4a-1,arf4a-1
pde12,pde12
atp6ap1la,atp6ap1la
rps23,rps23
FP067440.1,FP067440.1
asb14a,asb14a
hesx1,hesx1
il17rd,il17rd
si:ch73-106k19.2,sich73106k19.2
tdrd3,tdrd3
zgc:194981,zgc194981
CU459094.2,CU459094.2
si:ch73-106k19.5,sich73106k19.5
CU459094.1,CU459094.1
CU459094.3,CU459094.3
pcdh20-1,pcdh20-1
EML6,EML6
CABZ01092982.2,CABZ01092982.2
CABZ01080006.1,CABZ01080006.1
acyp2,acyp2
foxg1b,foxg1b
sptbn1,sptbn1
FO834831.1,FO834831.1
CABZ01058277.1,CABZ01058277.1
CU929458.1,CU929458.1
sult6b1,sult6b1
vipb,vipb
slc29a1b,slc29a1b
tmem63bb,tmem63bb
CABZ01073015.1,CABZ01073015.1
gli2b,gli2b
ralbb,ralbb
zgc:153431,zgc153431
FP016005.1,FP016005.1
FP016005.3,FP016005.3
FO704721.3,FO704721.3
FO704721.2,FO704721.2
FO704721.1,FO704721.1
clcn4,clcn4
SHROOM2,SHROOM2
gnb4b,gnb4b
CABZ01112732.1,CABZ01112732.1
CABZ01100304.1,CABZ01100304.1
CABZ01100185.1,CABZ01100185.1
CABZ01100187.1,CABZ01100187.1
srsf7b,srsf7b
il1rapl1b,il1rapl1b
mfn1b,mfn1b
si:ch1073-365p7.2,sich1073365p7.2
ero1b,ero1b
gpr137bb,gpr137bb
nid1b,nid1b
tbce,tbce
rbm34,rbm34
tomm20b,tomm20b
irf2bp2b,irf2bp2b
BX569779.1,BX569779.1
map1lc3c,map1lc3c
strn,strn
opn6a,opn6a
eif4a3,eif4a3
zgc:171772,zgc171772
pfklb,pfklb
cfap410,cfap410
orc2,orc2
ldb1b,ldb1b
si:dkey-93h22.8,sidkey93h22.8
ogal,ogal
cant1b,cant1b
CR293511.2,CR293511.2
afmid,afmid
tk1,tk1
syngr2b,syngr2b
si:dkey-93h22.7,sidkey93h22.7
CR293511.1,CR293511.1
tmc8,tmc8
tmc6b,tmc6b
CABZ01078080.1,CABZ01078080.1
notum1b,notum1b
aspscr1,aspscr1
pycr1b,pycr1b
mafgb,mafgb
si:ch73-100l22.3,sich73100l22.3
trappc10,trappc10
srsf11,srsf11
CU459093.1,CU459093.1
ankrd13c,ankrd13c
plaat1,plaat1
rfc4,rfc4
sos1,sos1
gemin6,gemin6
tiprl,tiprl
riox2,riox2
CABZ01064670.1,CABZ01064670.1
hlcs,hlcs
dyrk1aa,dyrk1aa
vps26c,vps26c
ttc3,ttc3
pigp,pigp
ripply3,ripply3
KCNJ6,KCNJ6
KCNJ15,KCNJ15
erg,erg
ets2,ets2
psmg1,psmg1
CU469093.1,CU469093.1
mpzl1l,mpzl1l
klhl35,klhl35
lrrc32,lrrc32
emsy,emsy
NHLRC3,NHLRC3
akt2l,akt2l
vaspa,vaspa
zgc:171929,zgc171929
CU929346.1,CU929346.1
si:ch1073-303d10.1,sich1073303d10.1
dact3a,dact3a
zdhhc8a,zdhhc8a
arvcfa,arvcfa
si:ch211-242f23.3,sich211242f23.3
npffr1l3,npffr1l3
bmp10l,bmp10l
smad4a,smad4a
LO018557.1,LO018557.1
rfx3,rfx3
glis3,glis3
bmpr1bb,bmpr1bb
pdlim5b,pdlim5b
opn4xa,opn4xa
gdnfa,gdnfa
WDR70,WDR70
CABZ01066320.2,CABZ01066320.2
CABZ01066320.1,CABZ01066320.1
nup155,nup155
sgsm1b,sgsm1b
triap1,triap1
srsf9,srsf9
si:ch73-46j18.5,sich7346j18.5
gal3st1b,gal3st1b
epb41l4a,epb41l4a
apc,apc
ENSDARG00000031749,ENSDARG00000031749
tdgf1,tdgf1
CABZ01070747.1,CABZ01070747.1
cntnap3,cntnap3
CU856539.1,CU856539.1
zmp:0000001301,zmp0000001301
spina,spina
nxnl2,nxnl2
wu:fb59d01,wufb59d01
CU856539.2,CU856539.2
ccl27b,ccl27b
pdxp,pdxp
setd9,setd9
mier3a,mier3a
grk5,grk5
ash2l,ash2l
pnx,pnx
aebp1,aebp1
ykt6,ykt6
ddx56,ddx56
ccar2,ccar2
erap1a,erap1a
oclna,oclna
marveld2a,marveld2a
zfyve16,zfyve16
ankrd34ba,ankrd34ba
rasgrf2a,rasgrf2a
ckmt2a,ckmt2a
ube2l3a,ube2l3a
hic2,hic2
pi4kaa,pi4kaa
slc25a1b,slc25a1b
zgc:56235,zgc56235
tor4aa,tor4aa
brap,brap
naa25,naa25
ddx55,ddx55
tmed2,tmed2
ptpn11a,ptpn11a
rph3aa,rph3aa
pla2g3,pla2g3
FP236598.1,FP236598.1
TTC28,TTC28
pitpnb,pitpnb
mn1a,mn1a
plppr1,plppr1
grin3a,grin3a
CABZ01073795.1,CABZ01073795.1
plk2a,plk2a
palm2akap2,palm2akap2
palm2akap2-1,palm2akap2-1
slc46a2,slc46a2
snx30,snx30
CU074419.2,CU074419.2
lyrm7,lyrm7
mat2al,mat2al
CU074419.1,CU074419.1
si:ch73-234b20.5,sich73234b20.5
hnrnpd,hnrnpd
hnrnpdl,hnrnpdl
enoph1,enoph1
tmem150c,tmem150c
carm1l,carm1l
sec31a,sec31a
zgc:113274,zgc113274
si:ch211-249h16.8,sich211249h16.8
cdc42se2,cdc42se2
sptlc1,sptlc1
ror2,ror2
si:dkey-60d5.3,sidkey60d5.3
nfil3,nfil3
auh,auh
CU466285.1,CU466285.1
syk,syk
pdzph1,pdzph1
st8sia4,st8sia4
pam,pam
il6st,il6st
ankrd55,ankrd55
si:ch211-281k19.2,sich211281k19.2
map3k1,map3k1
hmgcs1,hmgcs1
tln1,tln1
tpm2,tpm2
zgc:114200,zgc114200
ca9,ca9
dcp2,dcp2
reep5,reep5
chd1,chd1
BX511100.5,BX511100.5
si:ch211-57m13.1,sich21157m13.1
si:ch211-57m13.8,sich21157m13.8
si:ch211-57m13.9,sich21157m13.9
si:ch211-57m13.10,sich21157m13.10
MACIR,MACIR
ppip5k2,ppip5k2
ddx4,ddx4
slc38a9,slc38a9
sh2d4a,sh2d4a
psd3l,psd3l
fut10,fut10
nrg1,nrg1
wrn,wrn
BX537303.2,BX537303.2
purg,purg
BX537303.1,BX537303.1
tex15,tex15
ppp2cb,ppp2cb
ubxn8,ubxn8
hint1,hint1
pcyox1,pcyox1
fam136a,fam136a
gmcl1,gmcl1
ggcx,ggcx
snx24,snx24
loxa,loxa
si:ch73-340n8.4,sich73340n8.4
mpx,mpx
sftpba,sftpba
mat2aa,mat2aa
inpp5ja,inpp5ja
BX294661.1,BX294661.1
smtna,smtna
BX294661.2,BX294661.2
slc35e4,slc35e4
ewsr1a,ewsr1a
atp6v0a2a,atp6v0a2a
nfkbil1,nfkbil1
zgc:136254,zgc136254
si:ch211-251f6.7,sich211251f6.7
si:ch211-251f6.6,sich211251f6.6
zgc:173443,zgc173443
sub1a,sub1a
pstpip2,pstpip2
ndufa9b,ndufa9b
CU633857.1,CU633857.1
dhx29,dhx29
mtrex,mtrex
plpp1a,plpp1a
csgalnact1a,csgalnact1a
CU682363.1,CU682363.1
hvcn1,hvcn1
tctn1,tctn1
pptc7b,pptc7b
BX682234.1,BX682234.1
si:ch211-193e13.5,sich211193e13.5
tbc1d10ab,tbc1d10ab
CU657976.1,CU657976.1
aplnrb,aplnrb
pmaip1,pmaip1
si:dkey-27b3.2,sidkey27b3.2
BX571955.1,BX571955.1
isl1l,isl1l
si:dkey-27b3.4,sidkey27b3.4
itga1,itga1
itga2.1,itga2.1
BX571955.2,BX571955.2
itga2.3,itga2.3
itga2.2,itga2.2
mocs2,mocs2
fstb,fstb
arl15b,arl15b
snx18b,snx18b
si:dkeyp-41f9.3,sidkeyp41f9.3
rasgef1bb,rasgef1bb
si:dkeyp-41f9.4,sidkeyp41f9.4
antxr2b,antxr2b
paqr3b,paqr3b
anxa3b,anxa3b
slc37a4b,slc37a4b
mrrf,mrrf
rbm18,rbm18
morn5,morn5
ndufa8,ndufa8
BX248511.1,BX248511.1
si:ch211-243g18.2,sich211243g18.2
rc3h2,rc3h2
rabgap1,rabgap1
strbp,strbp
AL935269.1,AL935269.1
sh2d3ca,sh2d3ca
urm1,urm1
BX323065.1,BX323065.1
dre-mir-219-1,dre-mir-219-1
cercam,cercam
sardh,sardh
dbh,dbh
fam163ba,fam163ba
CT027791.1,CT027791.1
swi5,swi5
slc27a4,slc27a4
ptgdsa,ptgdsa
ambp,ambp
nrarpa,nrarpa
exd3,exd3
cdc37l1,cdc37l1
ak3,ak3
ugcg,ugcg
ptbp3,ptbp3
hsdl2,hsdl2
si:ch211-126i22.5,sich211126i22.5
inip,inip
lin54,lin54
cops4,cops4
plac8.2,plac8.2
plac8.1,plac8.1
srek1ip1,srek1ip1
cwc27,cwc27
adamts6,adamts6
CR925713.1,CR925713.1
ppwd1,ppwd1
CR925713.2,CR925713.2
trim23,trim23
CT990561.1,CT990561.1
CT990561.2,CT990561.2
lpar1,lpar1
musk,musk
rassf6,rassf6
si:busm1-57f23.1,sibusm157f23.1
tmem267,tmem267
CR759894.1,CR759894.1
il11ra,il11ra
cntfr,cntfr
si:dkey-286h21.1,sidkey286h21.1
galt,galt
sigmar1,sigmar1
katnal2,katnal2
hdhd2,hdhd2
ier3ip1,ier3ip1
skor2,skor2
CT027820.1,CT027820.1
smad2,smad2
si:dkey-88l16.2,sidkey88l16.2
si:dkey-88l16.3,sidkey88l16.3
si:dkey-88l16.5,sidkey88l16.5
cldn23a,cldn23a
cldn23b,cldn23b
parm1,parm1
CT027832.1,CT027832.1
si:ch211-95j8.3,sich21195j8.3
scpp8,scpp8
spp1,spp1
sh3bp2,sh3bp2
vldlr,vldlr
kcnv2a,kcnv2a
pum3,pum3
trappc13,trappc13
sgtb,sgtb
nln,nln
erbin,erbin
zfand5b,zfand5b
smc5,smc5
mamdc2b,mamdc2b
apba1b,apba1b
tjp2a,tjp2a
pip5k1ba,pip5k1ba
BX640481.1,BX640481.1
apbb1,apbb1
aldh7a1,aldh7a1
phax,phax
lmnb1,lmnb1
si:dkey-184a18.5,sidkey184a18.5
megf10,megf10
prrc1,prrc1
ctxn3,ctxn3
slc12a2,slc12a2
fbn2a,fbn2a
CT027815.1,CT027815.1
slc27a6,slc27a6
isoc1,isoc1
CR790388.2,CR790388.2
CR790388.1,CR790388.1
chsy3,chsy3
CABZ01024659.1,CABZ01024659.1
stoml2,stoml2
UNC13B,UNC13B
CR855996.2,CR855996.2
fam166b,fam166b
si:dkey-106l3.7,sidkey106l3.7
RNF208,RNF208
BX324123.4,BX324123.4
BX324123.6,BX324123.6
BX324123.3,BX324123.3
BX324123.2,BX324123.2
slc5a1,slc5a1
ywhah,ywhah
depdc5,depdc5
rab36,rab36
sppl3,sppl3
GNAZ,GNAZ
dre-mir-130c-1,dre-mir-130c-1
dre-mir-301c,dre-mir-301c
nt5c2l1,nt5c2l1
slc2a11l,slc2a11l
BX927385.3,BX927385.3
ska1,ska1
smarcad1b,smarcad1b
kcnn2,kcnn2
drg1,drg1
stard7,stard7
slc20a1b,slc20a1b
si:dkey-200l5.4,sidkey200l5.4
pigo,pigo
ccl19b,ccl19b
phf24,phf24
prkab1a,prkab1a
si:dkey-242g16.2,sidkey242g16.2
BX571694.1,BX571694.1
LRRTM4-1,LRRTM4-1
CR388008.1,CR388008.1
AL928714.1,AL928714.1
ppp2r2ab,ppp2r2ab
bnip3lb,bnip3lb
dpysl2b,dpysl2b
adra1ab,adra1ab
tmem230a,tmem230a
igsf9a,igsf9a
lrrtm4l1,lrrtm4l1
si:ch211-127i16.2,sich211127i16.2
vsig8a,vsig8a
atp6v1b2,atp6v1b2
CABZ01059627.1,CABZ01059627.1
CABZ01059627.2,CABZ01059627.2
CABZ01059627.3,CABZ01059627.3
CABZ01059623.1,CABZ01059623.1
gfra2b,gfra2b
ENSDARG00000116593,ENSDARG00000116593
xpo7,xpo7
pbdc1,pbdc1
dmtn,dmtn
CR450836.1,CR450836.1
htr7b,htr7b
ppp3ccb,ppp3ccb
TCIM,TCIM
zmat4b,zmat4b
sfrp1b,sfrp1b
golga7,golga7
r3hcc1,r3hcc1
loxl2a,loxl2a
si:ch211-113d22.2,sich211113d22.2
tacc1,tacc1
BX294119.1,BX294119.1
ddhd2,ddhd2
plpp5,plpp5
nsd3,nsd3
letm2,letm2
si:dkey-81j8.6,sidkey81j8.6
prnpb,prnpb
sprn2,sprn2
rassf2b,rassf2b
kcnip3b,kcnip3b
BX004800.2,BX004800.2
pcdh1a,pcdh1a
avd,avd
trpc7a,trpc7a
BX465186.1,BX465186.1
BX465186.2,BX465186.2
etf1b,etf1b
fbxw11b,fbxw11b
fgf18b,fgf18b
BX957322.3,BX957322.3
BX957322.1,BX957322.1
zgc:165539,zgc165539
pcdh1a6,pcdh1a6
pcdh1a3,pcdh1a3
pcdh1a4,pcdh1a4
BX957322.2,BX957322.2
pcdh1g1,pcdh1g1
pcdh1g2,pcdh1g2
pcdh1g3,pcdh1g3
CT737184.2,CT737184.2
CT737184.1,CT737184.1
pcdh1gb2,pcdh1gb2
pcdh1g9,pcdh1g9
pcdh1g11,pcdh1g11
pcdh1gb9,pcdh1gb9
pcdh1g13,pcdh1g13
pcdh1g14,pcdh1g14
pcdh1g22,pcdh1g22
pcdh1g18,pcdh1g18
pcdh1g33,pcdh1g33
pcdh1g26,pcdh1g26
pcdh1gc5,pcdh1gc5
pcdh1gc6,pcdh1gc6
pcdh1g29,pcdh1g29
pcdh1g30,pcdh1g30
pcdh1g31,pcdh1g31
pcdh1g32,pcdh1g32
CR774179.2,CR774179.2
CR774179.3,CR774179.3
cbln17,cbln17
hrh2b,hrh2b
FO744833.2,FO744833.2
FO744833.1,FO744833.1
kcnip1b,kcnip1b
npm1a,npm1a
tlx3b,tlx3b
ugt5g2,ugt5g2
ponzr10,ponzr10
BX005027.3,BX005027.3
si:ch73-111e15.1,sich73111e15.1
ponzr2,ponzr2
si:dkey-4c2.11,sidkey4c2.11
cldn7b,cldn7b
fgf11b,fgf11b
BX005194.1,BX005194.1
nlgn2b,nlgn2b
epob,epob
CT573337.1,CT573337.1
zgc:172339,zgc172339
gigyf1b,gigyf1b
efnb3a,efnb3a
kdm6bb,kdm6bb
AL807389.3,AL807389.3
tmem88a,tmem88a
si:ch211-237l4.6,sich211237l4.6
pcolcea,pcolcea
per1a,per1a
vamp2,vamp2
AL807389.1,AL807389.1
and3,and3
ap4m1,ap4m1
arrb2a,arrb2a
si:ch1073-143l10.2,sich1073143l10.2
med11,med11
rnasekb,rnasekb
zgc:103508,zgc103508
FP102052.2,FP102052.2
FP102052.1,FP102052.1
si:dkey-175g6.2,sidkey175g6.2
CR926463.1,CR926463.1
slc25a1a,slc25a1a
nle1,nle1
LTN1,LTN1
cadm2a,cadm2a
si:ch73-122g19.1,sich73122g19.1
si:dkey-181c13.1,sidkey181c13.1
zmp:0000000924,zmp0000000924
zmp:0000000937,zmp0000000937
CR847844.1,CR847844.1
zmp:0000001103,zmp0000001103
CR847844.2,CR847844.2
CU075735.2,CU075735.2
CU075735.1,CU075735.1
gbe1a,gbe1a
inpp5kb,inpp5kb
CU467963.1,CU467963.1
pitpnab,pitpnab
slc43a2b,slc43a2b
CU467963.2,CU467963.2
hephl1b,hephl1b
CT573163.1,CT573163.1
paxbp1,paxbp1
AL929315.1,AL929315.1
slc7a1a,slc7a1a
AL929315.2,AL929315.2
mtus2a,mtus2a
slc46a3,slc46a3
stoml3b,stoml3b
vps36,vps36
proser1,proser1
thsd1,thsd1
si:ch211-287a12.9,sich211287a12.9
thsd1-1,thsd1-1
tpte,tpte
smpd1,smpd1
ilk,ilk
timm10b,timm10b
si:ch1073-15f19.2,sich107315f19.2
CABZ01058107.1,CABZ01058107.1
si:ch211-214k5.3,sich211214k5.3
si:ch211-214k5.3-1,sich211214k5.3-1
cd209,cd209
mtnr1bb,mtnr1bb
fat3b,fat3b
chordc1b,chordc1b
kpna7,kpna7
grm5a,grm5a
rab38b,rab38b
tmem135,tmem135
cct8,cct8
map3k7cl,map3k7cl
bach1b,bach1b
grik1a,grik1a
AL954816.1,AL954816.1
tiam1a,tiam1a
sod1,sod1
scaf4a,scaf4a
ugt5d1,ugt5d1
postna,postna
ftr54,ftr54
trpc4a,trpc4a
ufm1,ufm1
frem2a,frem2a
trim47,trim47
trim3b,trim3b
fhdc3,fhdc3
arfip2b,arfip2b
dchs1b,dchs1b
synj1,synj1
slc9a6b,slc9a6b
fhl1b,fhl1b
adgrg4b,adgrg4b
htatsf1,htatsf1
si:ch73-52f15.5,sich7352f15.5
tmtops3b,tmtops3b
fgf13b,fgf13b
f9b,f9b
mcf2b,mcf2b
mcf2b-1,mcf2b-1
arr3a,arr3a
si:ch211-263p13.7,sich211263p13.7
znrd2,znrd2
fam89b,fam89b
ehbp1l1b,ehbp1l1b
CR545465.2,CR545465.2
rab1bb,rab1bb
CR450793.1,CR450793.1
frmd8,frmd8
vps51,vps51
tm7sf2,tm7sf2
znhit2,znhit2
MRPL49,MRPL49
faub,faub
zgc:193742,zgc193742
si:dkey-88p24.11,sidkey88p24.11
BX248510.2,BX248510.2
uqcc3,uqcc3
cnih2,cnih2
wdr74,wdr74
ehd1b,ehd1b
cxadr,cxadr
auts2a,auts2a
si:dkey-33o22.1,sidkey33o22.1
ints2,ints2
med13a,med13a
rnft1,rnft1
rps6kb1a,rps6kb1a
CU207388.1,CU207388.1
ptrh2,ptrh2
cltca,cltca
btg3,btg3
CR392341.4,CR392341.4
si:ch211-222e20.4,sich211222e20.4
CR392341.1,CR392341.1
CR392341.3,CR392341.3
bbx,bbx
cblb,cblb
alcama,alcama
si:ch211-103f14.3,sich211103f14.3
zpld1a,zpld1a
BX005332.1,BX005332.1
picalma,picalma
ccdc83,ccdc83
sytl2a,sytl2a
crebzf,crebzf
tmem126a,tmem126a
FP102896.1,FP102896.1
dlg2,dlg2
BX470178.1,BX470178.1
CU861448.1,CU861448.1
si:ch73-261i21.2,sich73261i21.2
ift46,ift46
vps11,vps11
hyou1,hyou1
si:ch73-261i21.5,sich73261i21.5
hist2h2l,hist2h2l
h2ax1,h2ax1
zpr1,zpr1
BX120005.2,BX120005.2
hspa8,hspa8
BX120005.4,BX120005.4
BX120005.1,BX120005.1
jhy,jhy
bsx,bsx
lim2.1,lim2.1
ntm,ntm
opcml,opcml
CR925737.1,CR925737.1
panx3,panx3
pknox2,pknox2
tmem218,tmem218
robo4,robo4
AL845320.1,AL845320.1
robo3,robo3
AL845320.2,AL845320.2
MSANTD2,MSANTD2
esama,esama
fez1,fez1
vps26bl,vps26bl
foxo1b,foxo1b
lhfpl6,lhfpl6
si:ch211-266i6.3,sich211266i6.3
thap12a,thap12a
si:dkey-250d21.1,sidkey250d21.1
wnt11,wnt11
uvrag,uvrag
dgat2,dgat2
mogat2,mogat2
map6a,map6a
umodl1,umodl1
zbtb21,zbtb21
atg101,atg101
rad51c,rad51c
ppm1e,ppm1e
trim37,trim37
rabgef1,rabgef1
kctd7,kctd7
cux1a,cux1a
CU929186.1,CU929186.1
myl10,myl10
bcl7ba,bcl7ba
tbl2,tbl2
PRDM15,PRDM15
c2cd2,c2cd2
BX088525.2,BX088525.2
ska2,ska2
dre-mir-454a,dre-mir-454a
mdh2,mdh2
zgc:153345,zgc153345
ryr1a,ryr1a
il2rga,il2rga
si:dkey-18a10.3,sidkey18a10.3
cfap298,cfap298
eva1c,eva1c
mis18a,mis18a
hunk,hunk
b3glctb,b3glctb
rxfp2a,rxfp2a
BX569785.1,BX569785.1
fryb,fryb
zar1l,zar1l
kl,kl
rfc3,rfc3
zgc:174193,zgc174193
BX548044.5,BX548044.5
BX548044.2,BX548044.2
BX548044.3,BX548044.3
stard13a,stard13a
nbeaa,nbeaa
dclk1a,dclk1a
ccdc169,ccdc169
sparta,sparta
ccna1,ccna1
CT573139.1,CT573139.1
CT573139.2,CT573139.2
rfxap,rfxap
smad9,smad9
alg5,alg5
exosc8,exosc8
supt20,supt20
C10H21orf91,C10H21orf91
ripk4,ripk4
nsun5,nsun5
BX465844.1,BX465844.1
pom121,pom121
ypel2a,ypel2a
smg8,smg8
prr11,prr11
styxl1,styxl1
pora,pora
rhbdd2,rhbdd2
si:dkey-259j3.5,sidkey259j3.5
si:dkey-259j3.5-1,sidkey259j3.5-1
gabrr3a,gabrr3a
hhla2a.1,hhla2a.1
hhla2a.2,hhla2a.2
phldb2a,phldb2a
si:ch211-244c8.4,sich211244c8.4
zdhhc20a,zdhhc20a
smg6,smg6
dre-mir-132-2,dre-mir-132-2
BX663516.2,BX663516.2
dre-mir-2184,dre-mir-2184
ovca2,ovca2
rtn4rl1a,rtn4rl1a
hmgb1a,hmgb1a
katnal1,katnal1
smyd4,smyd4
waif2,waif2
BX088524.3,BX088524.3
or108-3,or108-3
or108-2,or108-2
or108-1,or108-1
COA4,COA4
BX088524.2,BX088524.2
or109-13,or109-13
or109-11,or109-11
or109-7,or109-7
or109-6,or109-6
or109-5,or109-5
or109-2,or109-2
or109-1,or109-1
or110-2,or110-2
or110-1,or110-1
or106-12,or106-12
or106-11,or106-11
or106-10,or106-10
or106-9,or106-9
or106-8,or106-8
or106-7,or106-7
or106-6,or106-6
or106-4,or106-4
or106-3,or106-3
or106-2,or106-2
or106-1,or106-1
or104-1,or104-1
ubl3a,ubl3a
uspl1,uspl1
alox5ap,alox5ap
nipblb,nipblb
slc1a3b,slc1a3b
rsf1b.1,rsf1b.1
rsf1b.1-1,rsf1b.1-1
ucp3,ucp3
AL845435.1,AL845435.1
ucp2,ucp2
dnajb13,dnajb13
mrpl48,mrpl48
rab6a,rab6a
pimr137,pimr137
CU694807.1,CU694807.1
PLEKHB1,PLEKHB1
FCHSD2,FCHSD2
dhrs13a.2,dhrs13a.2
dhrs13a.1,dhrs13a.1
BX323076.1,BX323076.1
phf12a,phf12a
sez6a,sez6a
myo18aa,myo18aa
BX323076.2,BX323076.2
vezf1a,vezf1a
cuedc1a,cuedc1a
ksr1a,ksr1a
nf1b,nf1b
omga,omga
CT573231.1,CT573231.1
akap1a,akap1a
si:dkey-65j4.2,sidkey65j4.2
msi2a,msi2a
bhlha9,bhlha9
wscd1b,wscd1b
FP016248.1,FP016248.1
usp25,usp25
nrip1b,nrip1b
samsn1b,samsn1b
gdpd5a,gdpd5a
BX000451.2,BX000451.2
serpinh1a,serpinh1a
acer3,acer3
BX000451.4,BX000451.4
LO018336.1,LO018336.1
mmp13a,mmp13a
mmp13a-1,mmp13a-1
mmp30,mmp30
acat1,acat1
tmprss2,tmprss2
CABZ01051877.1,CABZ01051877.1
dscama,dscama
pcp4a,pcp4a
igsf5a,igsf5a
si:ch73-1a9.3,sich731a9.3
si:ch73-1a9.4,sich731a9.4
rps25,rps25
slc37a4b-1,slc37a4b-1
B3GAT1,B3GAT1
b3gat1b,b3gat1b
ei24,ei24
stt3a,stt3a
foxred1,foxred1
cry5,cry5
dcps,dcps
kcnj1b,kcnj1b
smtlb,smtlb
kirrel3a,kirrel3a
smfn,smfn
BX927333.1,BX927333.1
gramd1ba,gramd1ba
git2b,git2b
gltpb,gltpb
taar20i,taar20i
taar20a,taar20a
taar20f,taar20f
AL953903.2,AL953903.2
taar20c,taar20c
taar20c1,taar20c1
taar20o,taar20o
taar20t,taar20t
AL953903.3,AL953903.3
BX530037.4,BX530037.4
taar20w,taar20w
taar20r,taar20r
taar20q,taar20q
taar20p,taar20p
taar20o-1,taar20o-1
taar20b1,taar20b1
BX530037.2,BX530037.2
taar20z,taar20z
taar20a1,taar20a1
taar20x,taar20x
BX530037.1,BX530037.1
si:dkey-181m19.17,sidkey181m19.17
taar20b1-1,taar20b1-1
taar19k,taar19k
CR396590.6,CR396590.6
taar18a,taar18a
taar18d,taar18d
taar18e,taar18e
taar18f,taar18f
si:ch211-238p8.10,sich211238p8.10
taar18c,taar18c
taar18b,taar18b
taar17a,taar17a
si:ch211-238p8.24,sich211238p8.24
CR396590.7,CR396590.7
CR396590.3,CR396590.3
taar16f,taar16f
taar16g,taar16g
zgc:172131,zgc172131
taar19t,taar19t
taar19p,taar19p
taar19o,taar19o
taar19h,taar19h
taar19n-1,taar19n-1
si:ch211-139n6.10,sich211139n6.10
taar19d,taar19d
taar19b,taar19b
zgc:113625,zgc113625
si:ch211-139n6.3,sich211139n6.3
pcna,pcna
trim69,trim69
bmp1b,bmp1b
CU571179.1,CU571179.1
npffr1l1,npffr1l1
antxr1b,antxr1b
aak1b,aak1b
anxa4,anxa4
adrb3b,adrb3b
prlhr2b,prlhr2b
brf2,brf2
rab11fip1b,rab11fip1b
gpat4,gpat4
cabp1b,cabp1b
CABZ01049847.1,CABZ01049847.1
ggt1b,ggt1b
lrrc75bb,lrrc75bb
rnf34b,rnf34b
kdm2bb,kdm2bb
orai1b,orai1b
morn3,morn3
tmem120b,tmem120b
rhof,rhof
BX005309.1,BX005309.1
setd1ba,setd1ba
car15,car15
dgcr2,dgcr2
ess2,ess2
stambpa,stambpa
dusp11,dusp11
CR925773.1,CR925773.1
CU467905.1,CU467905.1
tcf7l1a,tcf7l1a
dbnla,dbnla
COX5B-1,COX5B-1
npy8ar,npy8ar
march5l,march5l
actr1,actr1
kctd9b,kctd9b
fgfr1b,fgfr1b
stc1l,stc1l
rhobtb2b,rhobtb2b
CABZ01063556.1,CABZ01063556.1
zgc:100918,zgc100918
wdr45,wdr45
FP236542.2,FP236542.2
FP236542.1,FP236542.1
CU326366.2,CU326366.2
zcchc9,zcchc9
ACOT12,ACOT12
ssbp2,ssbp2
atg10,atg10
xrcc4,xrcc4
tmem167a,tmem167a
vcanb,vcanb
hapln1b,hapln1b
edil3b,edil3b
rasa1b,rasa1b
si:ch73-215f7.1,sich73215f7.1
dre-mir-9-2,dre-mir-9-2
mef2ca,mef2ca
cetn3,cetn3
arrdc3b,arrdc3b
nr2f1b,nr2f1b
CT583727.1,CT583727.1
tlr8b,tlr8b
mctp1b,mctp1b
sept5b,sept5b
cldn5b,cldn5b
acads,acads
crybb1,crybb1
cryba4,cryba4
grk3,grk3
CABZ01087091.1,CABZ01087091.1
CABZ01085662.1,CABZ01085662.1
CABZ01074708.1,CABZ01074708.1
zswim6,zswim6
CDK2AP1,CDK2AP1
sbno1,sbno1
kmt5aa,kmt5aa
snrnp35,snrnp35
CABZ01072096.1,CABZ01072096.1
denr,denr
ccdc62,ccdc62
hip1ra,hip1ra
CABZ01072084.1,CABZ01072084.1
DUSP26,DUSP26
CABZ01072083.2,CABZ01072083.2
npm2b,npm2b
sez6l,sez6l
tpst2,tpst2
ubc,ubc
scarb1,scarb1
BX569788.1,BX569788.1
tacr1b,tacr1b
SLC4A5-1,SLC4A5-1
zgc:114173,zgc114173
tuba7l,tuba7l
sec14l7,sec14l7
cnnm4a,cnnm4a
il1b,il1b
purbb,purbb
h2az2b,h2az2b
ved,ved
polm,polm
gnsb,gnsb
mrps24,mrps24
nudcd3,nudcd3
camk2b2,camk2b2
ogdhb,ogdhb
pargl,pargl
zmiz2,zmiz2
ppiab,ppiab
CABZ01117348.1,CABZ01117348.1
CABZ01109081.1,CABZ01109081.1
cdh7b,cdh7b
tmx3b,tmx3b
reck,reck
tgfbr1b,tgfbr1b
lancl2,lancl2
vopp1,vopp1
si:dkey-225n22.4,sidkey225n22.4
ccr12b.1,ccr12b.1
ccr12b.2,ccr12b.2
VSTM2A,VSTM2A
HECW1,HECW1
stk17a,stk17a
impa2,impa2
piezo2a.2,piezo2a.2
napga,napga
BX005461.3,BX005461.3
cdk13,cdk13
ralaa,ralaa
zgc:111976,zgc111976
BX005461.2,BX005461.2
si:dkey-192l18.9,sidkey192l18.9
BX005461.1,BX005461.1
itgb1a,itgb1a
nrp1a,nrp1a
BX323074.2,BX323074.2
BX323074.1,BX323074.1
pard3aa,pard3aa
CABZ01067348.1,CABZ01067348.1
ENSDARG00000110804,ENSDARG00000110804
cul2,cul2
si:ch211-266d19.4,sich211266d19.4
rreb1a,rreb1a
ly86,ly86
ENSDARG00000094832,ENSDARG00000094832
f13a1a.1,f13a1a.1
nrn1a,nrn1a
fars2,fars2
si:ch211-152c8.4,sich211152c8.4
ENSDARG00000104576,ENSDARG00000104576
cyb5a,cyb5a
si:ch211-152c8.2,sich211152c8.2
dipk1c,dipk1c
eci2,eci2
tubb6,tubb6
cidea,cidea
inhbaa,inhbaa
sugct,sugct
gyg1b,gyg1b
bdh1,bdh1
nck1b,nck1b
slc35g2b,slc35g2b
idi1,idi1
wdr37,wdr37
AL954666.1,AL954666.1
adarb2,adarb2
CR388417.2,CR388417.2
CR388417.1,CR388417.1
pfkpa,pfkpa
klf6a,klf6a
CU462914.1,CU462914.1
ccny,ccny
BX004842.2,BX004842.2
fzd8a,fzd8a
cpb1,cpb1
agtr1b,agtr1b
zic1,zic1
zic4,zic4
si:ch73-206p6.1,sich73206p6.1
plod2,plod2
dipk2ab,dipk2ab
chst2b,chst2b
si:ch211-157j23.3,sich211157j23.3
si:ch211-157j23.2,sich211157j23.2
si:ch211-157j23.3-1,sich211157j23.3-1
si:ch211-157j23.2-1,sich211157j23.2-1
trpc1,trpc1
pcolce2b,pcolce2b
mastl,mastl
pimr64-1,pimr64-1
acbd5a,acbd5a
abi1a,abi1a
pdss1,pdss1
ftr60,ftr60
ftr61,ftr61
apbb1ip,apbb1ip
si:ch211-37e10.1,sich21137e10.1
si:ch211-37e10.2,sich21137e10.2
gad2,gad2
myo3a,myo3a
zgc:174877,zgc174877
CR352329.1,CR352329.1
anxa13,anxa13
gpr158a,gpr158a
arhgap21a,arhgap21a
unm-sa821,unm-sa821
enkur,enkur
dpp6a,dpp6a
BX890551.1,BX890551.1
si:dkeyp-101e12.1,sidkeyp101e12.1
actr3b,actr3b
XRCC2,XRCC2
kmt2ca,kmt2ca
galnt11,galnt11
atp6v0a1b,atp6v0a1b
cavin1b,cavin1b
syt5b,syt5b
btr33,btr33
ptprh,ptprh
zgc:56095,zgc56095
rpgrip1,rpgrip1
ptprh-1,ptprh-1
si:dkey-197c15.6,sidkey197c15.6
zgc:101569,zgc101569
bmp6,bmp6
txndc5,txndc5
bloc1s5,bloc1s5
CABZ01077956.1,CABZ01077956.1
eef1e1,eef1e1
slc35b3,slc35b3
tfap2a,tfap2a
tmem14ca,tmem14ca
mak,mak
gcm2,gcm2
elovl2,elovl2
gnal,gnal
mppe1,mppe1
CR318624.2,CR318624.2
CR318624.1,CR318624.1
dlgap1b,dlgap1b
CU459174.1,CU459174.1
tgif1,tgif1
otud1,otud1
si:ch211-285f17.1,sich211285f17.1
BX470247.1,BX470247.1
ENSDARG00000045427,ENSDARG00000045427
nphp3,nphp3
uba5,uba5
topbp1,topbp1
tmem108,tmem108
cdv3,cdv3
vps41,vps41
zgc:171977,zgc171977
zgc:152652,zgc152652
si:ch211-146l10.7,sich211146l10.7
zgc:171750,zgc171750
zgc:171474,zgc171474
zgc:173856,zgc173856
si:ch211-146l10.8,sich211146l10.8
pou6f2,pou6f2
otulina,otulina
otulina-1,otulina-1
ankha,ankha
si:ch211-69l10.4,sich21169l10.4
myca,myca
CT573344.1,CT573344.1
CT573344.2,CT573344.2
fam49bb,fam49bb
asap1b,asap1b
si:dkey-37o8.1,sidkey37o8.1
AL840641.1,AL840641.1
AL840641.2,AL840641.2
CR753886.1,CR753886.1
chmp4c,chmp4c
zfand1,zfand1
prlh2,prlh2
myrip,myrip
si:dkey-12l12.1,sidkey12l12.1
acad11,acad11
ackr4b,ackr4b
pxdc1b,pxdc1b
prpf4bb,prpf4bb
gli3,gli3
BX005153.2,BX005153.2
BX005153.1,BX005153.1
tm9sf1,tm9sf1
fen1,fen1
CT737210.1,CT737210.1
ccr9b,ccr9b
CU929203.2,CU929203.2
CU929203.1,CU929203.1
lztfl1,lztfl1
CR855257.1,CR855257.1
CR855257.2,CR855257.2
pdcd6,pdcd6
rec8b,rec8b
si:ch211-196f5.2,sich211196f5.2
si:ch211-196f5.9,sich211196f5.9
cox19,cox19
ipo4,ipo4
nanog,nanog
si:dkeyp-28d2.4,sidkeyp28d2.4
pck2,pck2
psme1,psme1
CR405710.1,CR405710.1
dcaf11,dcaf11
eloca,eloca
flj11011l,flj11011l
stau2,stau2
rdh10a,rdh10a
si:ch211-171b20.3,sich211171b20.3
SBSPON,SBSPON
terf1,terf1
trpa1b,trpa1b
msc,msc
eya1,eya1
xkr9,xkr9
tram1,tram1
ncoa2,ncoa2
prdm14,prdm14
BX294113.2,BX294113.2
ngdn,ngdn
pabpn1,pabpn1
thtpa,thtpa
BX294113.1,BX294113.1
jph1a,jph1a
gdap1,gdap1
pi15a,pi15a
crispld1a,crispld1a
dok6,dok6
cd226,cd226
rttn,rttn
socs6a,socs6a
cbln2b,cbln2b
fbxo15,fbxo15
neto1l,neto1l
CU207257.1,CU207257.1
TIMM21,TIMM21
si:dkey-118j18.2,sidkey118j18.2
BX005275.2,BX005275.2
BX005275.1,BX005275.1
sema5a,sema5a
BX004771.2,BX004771.2
mtrr,mtrr
cct5,cct5
cmbl,cmbl
klhl15,klhl15
eif2s3,eif2s3
zfx,zfx
ptgdsb.2,ptgdsb.2
ptgdsb.1,ptgdsb.1
c8g,c8g
msrb2,msrb2
armc3,armc3
pip4k2aa,pip4k2aa
CR376737.1,CR376737.1
mllt10,mllt10
commd3,commd3
bmi1a,bmi1a
spag6,spag6
BX005392.4,BX005392.4
BX005392.3,BX005392.3
pdia4,pdia4
ezh2,ezh2
cul1b,cul1b
BX005392.2,BX005392.2
BX005392.1,BX005392.1
cntnap2a,cntnap2a
CR376742.1,CR376742.1
tpk1,tpk1
sec61g,sec61g
zgc:112332,zgc112332
si:dkey-73n8.3,sidkey73n8.3
tnfrsf11a,tnfrsf11a
relch,relch
cspp1a,cspp1a
arfgef1,arfgef1
CU914550.1,CU914550.1
cpa6,cpa6
prex2,prex2
C24H8orf34,C24H8orf34
sulf1,sulf1
slco5a1a-1,slco5a1a-1
csrnp1b,csrnp1b
CU638714.1,CU638714.1
CR381686.5,CR381686.5
slc22a13b,slc22a13b
CR381686.1,CR381686.1
CR381686.4,CR381686.4
CR381686.3,CR381686.3
CR381686.2,CR381686.2
oxsr1b,oxsr1b
BX247944.1,BX247944.1
myd88,myd88
cry-dash,cry-dash
map3k22,map3k22
acaa1,acaa1
dlec1,dlec1
plcd1a,plcd1a
vill,vill
ctdspla,ctdspla
gars1,gars1
hhatlb,hhatlb
klhl40b,klhl40b
zbtb47b,zbtb47b
nktr,nktr
sec22c,sec22c
vipr1b,vipr1b
si:ch211-161h7.4,sich211161h7.4
si:ch211-161h7.5,sich211161h7.5
cst14a.1,cst14a.1
cst14a.2,cst14a.2
ccdc58,ccdc58
fam162a,fam162a
kpna1,kpna1
si:ch211-161h7.8,sich211161h7.8
drd3,drd3
qtrt2,qtrt2
ccdc191,ccdc191
zdhhc23b,zdhhc23b
gramd1c,gramd1c
atp6v1ab,atp6v1ab
naa50,naa50
usf3,usf3
si:ch73-93k15.5,sich7393k15.5
boc,boc
CU915780.1,CU915780.1
spice1,spice1
shisa2b,shisa2b
CU927887.1,CU927887.1
atp8a2,atp8a2
rnf6,rnf6
AL929009.1,AL929009.1
cdk8,cdk8
wasf3b,wasf3b
gpr12,gpr12
usp12a,usp12a
rpl21,rpl21
gtf3ab,gtf3ab
lnx2a,lnx2a
si:ch211-140b10.6,sich211140b10.6
pdx1,pdx1
urad,urad
flt3,flt3
pan3,pan3
flt1,flt1
CR352265.1,CR352265.1
CR352265.3,CR352265.3
spata13,spata13
c1qtnf9,c1qtnf9
tagln3b,tagln3b
acot9.2,acot9.2
acot9.1,acot9.1
AL627129.1,AL627129.1
sat1b,sat1b
apoob,apoob
si:rp71-1f1.4,sirp711f1.4
si:rp71-1f1.5,sirp711f1.5
si:rp71-1f1.6,sirp711f1.6
ropn1l,ropn1l
ankrd33ba,ankrd33ba
dap,dap
ctnnd2a,ctnnd2a
si:dkey-40h20.1,sidkey40h20.1
BX957228.1,BX957228.1
si:dkey-225k4.1,sidkey225k4.1
zc2hc1a,zc2hc1a
si:dkey-7n6.2,sidkey7n6.2
CR354564.2,CR354564.2
CR354564.1,CR354564.1
CR361560.2,CR361560.2
pex2,pex2
zfhx4,zfhx4
CT573302.1,CT573302.1
BX640462.3,BX640462.3
hnf4g,hnf4g
pign,pign
cops5,cops5
MCMDC2,MCMDC2
ppp1r42,ppp1r42
TCF24,TCF24
C24H8orf44,C24H8orf44
mybl1,mybl1
rrs1,rrs1
pola1,pola1
arxa,arxa
hgd,hgd
ndufb4,ndufb4
CT574587.1,CT574587.1
zmp:0000000991,zmp0000000991
chodl,chodl
lyz,lyz
abcc13,abcc13
zgc:112408,zgc112408
lipib,lipib
zgc:112982,zgc112982
map7d2b,map7d2b
eif1axb,eif1axb
si:dkey-226l10.6,sidkey226l10.6
rps6ka3b,rps6ka3b
pdha1b,pdha1b
ythdf3,ythdf3
BX323067.1,BX323067.1
dre-mir-124-3,dre-mir-124-3
bhlhe22,bhlhe22
armc1,armc1
mtfr1,mtfr1
pde7a,pde7a
dnajc5b,dnajc5b
trim55b,trim55b
crhb,crhb
pcyt1ba,pcyt1ba
pdk3a,pdk3a
slc51a,slc51a
CR383672.1,CR383672.1
zdhhc20b,zdhhc20b
nup58,nup58
mtmr6,mtmr6
amer2,amer2
phldb2b,phldb2b
CR383672.2,CR383672.2
plcxd2,plcxd2
si:ch73-264p11.1,sich73264p11.1
cip2a,cip2a
hhla2b.2,hhla2b.2
hhla2b.1,hhla2b.1
gabrr3b,gabrr3b
adgrg2a,adgrg2a
FP103106.1,FP103106.1
ptchd1,ptchd1
phex,phex
mbtps2,mbtps2
smpx,smpx
cnksr2a,cnksr2a
chrnd,chrnd
camk2n2,camk2n2
klhl24b,klhl24b
sh3kbp1,sh3kbp1
map3k15,map3k15
ccl20b,ccl20b
tfr1b,tfr1b
tnk2a,tnk2a
CR352209.1,CR352209.1
tmtopsb,tmtopsb
adipoqa,adipoqa
and1,and1
cops9,cops9
otos,otos
apodb,apodb
mynn,mynn
lrrc34,lrrc34
lrrc31,lrrc31
skilb,skilb
si:ch211-230g15.5,sich211230g15.5
zgc:194621,zgc194621
cldn11b,cldn11b
slc7a14b,slc7a14b
rpl22l1,rpl22l1
eif5a,eif5a
tnikb,tnikb
FQ378040.1,FQ378040.1
pld1b,pld1b
ghsrb,ghsrb
fndc3bb,fndc3bb
NCEH1,NCEH1
nceh1b.1,nceh1b.1
tnfsf10,tnfsf10
msl2b,msl2b
stag1b,stag1b
larp4b,larp4b
dip2ca,dip2ca
zmynd11,zmynd11
vipr2,vipr2
CR383669.1,CR383669.1
CR383669.8,CR383669.8
ccl34b.1,ccl34b.1
ccl34b.3,ccl34b.3
ccl34b.4,ccl34b.4
si:dkey-25o1.7,sidkey25o1.7
CR383669.2,CR383669.2
si:dkey-25o1.7-1,sidkey25o1.7-1
ccl34b.8,ccl34b.8
ccl34b.9,ccl34b.9
cxl34b.11,cxl34b.11
cxcl32b.1,cxcl32b.1
ek1,ek1
hs6st1b,hs6st1b
bcl2a,bcl2a
cox4i1l,cox4i1l
prkag2a,prkag2a
CU694811.1,CU694811.1
sh3glb1a,sh3glb1a
nrros,nrros
fbxo45,fbxo45
arhgap29a,arhgap29a
CR759826.1,CR759826.1
abca4a,abca4a
tecrl2a,tecrl2a
CR933730.1,CR933730.1
olfm3a,olfm3a
col11a1a,col11a1a
rnpc3,rnpc3
CT961047.1,CT961047.1
CR388050.2,CR388050.2
FP245452.2,FP245452.2
prmt6,prmt6
ntng1a,ntng1a
vav3a,vav3a
si:ch73-383g2.1,sich73383g2.1
wu:fj05g07,wufj05g07
aglb,aglb
LO018627.1,LO018627.1
frrs1b,frrs1b
CR352310.2,CR352310.2
palmdb,palmdb
plppr4b,plppr4b
plppr5b,plppr5b
si:ch73-358j7.2,sich73358j7.2
snx7,snx7
FP085414.1,FP085414.1
dpyda.1,dpyda.1
dpyda.3,dpyda.3
zgc:174719,zgc174719
ptbp2a,ptbp2a
BX088705.1,BX088705.1
hccsb,hccsb
tlcd4a,tlcd4a
cnn3a,cnn3a
alg14,alg14
f3a,f3a
acp5b,acp5b
abcd3a,abcd3a
fam168b,fam168b
cremb,cremb
cpne3,cpne3
cngb3.1,cngb3.1
cngb3.2,cngb3.2
cnbd1,cnbd1
CABZ01029422.1,CABZ01029422.1
CT737162.1,CT737162.1
steap2,steap2
CT737162.2,CT737162.2
si:ch73-78o10.1,sich7378o10.1
c1ql3a,c1ql3a
rsu1,rsu1
cubn,cubn
trdmt1,trdmt1
vim,vim
CU207275.1,CU207275.1
si:ch211-56a11.2,sich21156a11.2
neurod6a,neurod6a
itprid1,itprid1
eif1b,eif1b
yme1l1a,yme1l1a
PTCHD3-1,PTCHD3-1
CR792422.2,CR792422.2
rdh12l,rdh12l
si:ch211-282b22.1,sich211282b22.1
ca2,ca2
CR384099.1,CR384099.1
CR391995.1,CR391995.1
nrbp2b,nrbp2b
zgc:195173,zgc195173
si:ch1073-406l10.2,sich1073406l10.2
CU929307.1,CU929307.1
slc4a2b,slc4a2b
si:ch73-173p19.1,sich73173p19.1
si:ch73-173p19.2,sich73173p19.2
rmc1,rmc1
LO018309.1,LO018309.1
dnah5l,dnah5l
si:dkeyp-87a6.2,sidkeyp87a6.2
cavin4b,cavin4b
tmeff1b,tmeff1b
cdk5,cdk5
abcb8,abcb8
atg9b,atg9b
asic1c,asic1c
H2BE1,H2BE1
asb10,asb10
CT583690.1,CT583690.1
gbx1,gbx1
agap3,agap3
ctnna1,ctnna1
lrrtm2,lrrtm2
rb1cc1,rb1cc1
pcmtd1,pcmtd1
sntg1,sntg1
snai2,snai2
ube2v2,ube2v2
mcm4,mcm4
cebpd,cebpd
mapre2,mapre2
dtna,dtna
BX005079.1,BX005079.1
si:dkeyp-7a3.1,sidkeyp7a3.1
si:dkeyp-7a3.1-1,sidkeyp7a3.1-1
BX293567.1,BX293567.1
klhl14,klhl14
abcd4,abcd4
obscnb,obscnb
gnal2,gnal2
CABZ01075509.1,CABZ01075509.1
tmem14cb,tmem14cb
pak1ip1,pak1ip1
esco1,esco1
rbbp8,rbbp8
tmem241,tmem241
riok3,riok3
si:ch211-40k21.5,sich21140k21.5
FP089511.1,FP089511.1
coasy,coasy
naglu,naglu
pus3,pus3
si:ch211-40k21.9,sich21140k21.9
grnb,grnb
arf2b,arf2b
arf2b-1,arf2b-1
grb7,grb7
zgc:114120,zgc114120
CABZ01055365.1,CABZ01055365.1
si:ch73-334d15.4,sich73334d15.4
ccr10,ccr10
si:ch73-334d15.2,sich73334d15.2
si:ch73-334d15.1,sich73334d15.1
dcakd,dcakd
fam171a2b,fam171a2b
CABZ01055347.1,CABZ01055347.1
dnaaf3l,dnaaf3l
dnaaf3,dnaaf3
CR954298.1,CR954298.1
kcnc3b,kcnc3b
cog7,cog7
ube2ib,ube2ib
CABZ01055522.1,CABZ01055522.1
pdpk1b,pdpk1b
tsr3,tsr3
gnptg,gnptg
SBK1,SBK1
CU469584.1,CU469584.1
si:ch211-183d21.1,sich211183d21.1
nlrc3,nlrc3
cluap1,cluap1
wdr90,wdr90
rhot2,rhot2
h1-0,h1-0
rhbdl1,rhbdl1
zgc:112496,zgc112496
wdr24,wdr24
anks3,anks3
zgc:112185,zgc112185
h3f3d,h3f3d
si:ch211-231f6.6,sich211231f6.6
zmp:0000000624,zmp0000000624
decr2,decr2
rab11fip3,rab11fip3
AL772148.1,AL772148.1
telo2,telo2
ift140,ift140
tmem204,tmem204
ccdc78,ccdc78
metrn,metrn
si:ch211-248l17.3,sich211248l17.3
crp1,crp1
crp2,crp2
crp3,crp3
BX001030.1,BX001030.1
crp2-1,crp2-1
si:ch211-234p6.9,sich211234p6.9
crp6,crp6
crp7,crp7
si:ch211-234p6.5,sich211234p6.5
igic1s1,igic1s1
igl3v3,igl3v3
igl3v5,igl3v5
CU896602.1,CU896602.1
CU896602.4,CU896602.4
zgc:91999,zgc91999
mybpc2b,mybpc2b
lrrc4bb,lrrc4bb
CU681836.1,CU681836.1
CU681836.2,CU681836.2
si:ch1073-66l23.1,sich107366l23.1
zgc:154125,zgc154125
slc17a7b,slc17a7b
slc6a16b,slc6a16b
si:ch1073-164k15.3,sich1073164k15.3
eps8l1b,eps8l1b
FP102170.1,FP102170.1
ntn2,ntn2
nog2,nog2
capn15,capn15
mss51,mss51
CU929145.2,CU929145.2
CU929145.1,CU929145.1
tbc1d24,tbc1d24
atp6v0cb,atp6v0cb
nubp2,nubp2
CU929145.3,CU929145.3
spsb3b,spsb3b
im:7160594,im7160594
ENSDARG00000105209,ENSDARG00000105209
kcnj12a,kcnj12a
dnah3,dnah3
lyrm1,lyrm1
dcun1d3,dcun1d3
si:dkey-161j23.5,sidkey161j23.5
si:dkey-161j23.6,sidkey161j23.6
si:dkey-161j23.7,sidkey161j23.7
cox6b1,cox6b1
BX547934.2,BX547934.2
fam234a,fam234a
BX547934.1,BX547934.1
luc7l,luc7l
stub1,stub1
zgc:153659,zgc153659
GFOD1,GFOD1
slc12a7b,slc12a7b
CT573356.2,CT573356.2
BX323854.1,BX323854.1
aoc1,aoc1
scospondin,scospondin
KCNH2,KCNH2
CU929259.1,CU929259.1
CU929259.2,CU929259.2
smyhc1,smyhc1
smyhc2,smyhc2
smyhc3,smyhc3
CU633479.5,CU633479.5
CU633479.1,CU633479.1
CU633479.2,CU633479.2
cebp1,cebp1
CU633479.6,CU633479.6
gorasp1b,gorasp1b
wdr48a,wdr48a
scn5lab,scn5lab
acvr2ba,acvr2ba
xylb,xylb
nub1,nub1
crygn2,crygn2
rheb,rheb
CABZ01084131.1,CABZ01084131.1
CABZ01080380.1,CABZ01080380.1
CABZ01044099.1,CABZ01044099.1
CABZ01044108.1,CABZ01044108.1
lrrc30a,lrrc30a
lama1,lama1
arhgap28,arhgap28
CABZ01081282.1,CABZ01081282.1
TMEM200C,TMEM200C
epb41l3a,epb41l3a
zbtb14,zbtb14
top1mt,top1mt
ppp4r1,ppp4r1
top1mt-1,top1mt-1
ssr1,ssr1
ahrra,ahrra
pigm,pigm
snx16,snx16
wwp1,wwp1
rmdn1,rmdn1
serpinb1l3,serpinb1l3
atad3,atad3
mrpl20,mrpl20
sdhb,sdhb
mfap2,mfap2
CABZ01085140.1,CABZ01085140.1
CABZ01085139.1,CABZ01085139.1
CABZ01101813.1,CABZ01101813.1
zgc:112334,zgc112334
ndufaf3,ndufaf3
nckipsd,nckipsd
slc25a20,slc25a20
prkar2ab,prkar2ab
fblim1,fblim1
slc25a34,slc25a34
fbxo42,fbxo42
ora1,ora1
zgc:66156,zgc66156
zgc:66156-1,zgc661561
myhz1.1-1,myhz1.1-1
CABZ01079178.1,CABZ01079178.1
CABZ01079179.1,CABZ01079179.1
btg2,btg2
necap2,necap2
tmem240b,tmem240b
ssu72,ssu72
FNDC10,FNDC10
ora4,ora4
ora3,ora3
CABZ01072989.1,CABZ01072989.1
capzb,capzb
celsr2,celsr2
celsr2-1,celsr2-1
dstyk,dstyk
nuak2,nuak2
ccnd3,ccnd3
bysl,bysl
med20,med20
usp49,usp49
tmcc2,tmcc2
cdkn1a,cdkn1a
srsf3b,srsf3b
pth4,pth4
apobec2a,apobec2a
elf3,elf3
gpr37l1a,gpr37l1a
arl8a,arl8a
zgc:162255,zgc162255
znf76,znf76
rbbp5,rbbp5
cry3b,cry3b
zgc:153675,zgc153675
cry4,cry4
dennd2db,dennd2db
dram2b,dram2b
cept1b,cept1b
stk38b,stk38b
KCTD20,KCTD20
cacna1sa,cacna1sa
def6b,def6b
pparda,pparda
FP067424.1,FP067424.1
si:ch73-352p18.4,sich73352p18.4
camk1ga,camk1ga
si:ch1073-15f12.3,sich107315f12.3
guca1e,guca1e
si:ch1073-181h11.2,sich1073181h11.2
CU570769.3,CU570769.3
si:ch1073-181h11.4,sich1073181h11.4
irf6,irf6
eps8l3a,eps8l3a
ampd2a,ampd2a
CU570769.4,CU570769.4
CU570769.1,CU570769.1
CU570769.2,CU570769.2
si:ch73-138e16.2,sich73138e16.2
si:ch73-138e16.3,sich73138e16.3
si:ch73-138e16.4,sich73138e16.4
si:ch73-138e16.5,sich73138e16.5
si:ch73-138e16.6,sich73138e16.6
CU207221.1,CU207221.1
CU207221.2,CU207221.2
znf45l,znf45l
BX322657.1,BX322657.1
BX322657.3,BX322657.3
zgc:113336,zgc113336
zgc:101130,zgc101130
BX322657.2,BX322657.2
si:dkeyp-53d3.3,sidkeyp53d3.3
si:dkeyp-53d3.5,sidkeyp53d3.5
zgc:174222,zgc174222
si:ch211-255f4.2,sich211255f4.2
si:dkey-4c15.8,sidkey4c15.8
zgc:173486,zgc173486
si:ch211-255f4.5,sich211255f4.5
znf1183,znf1183
si:ch211-255f4.7,sich211255f4.7
AL954741.2,AL954741.2
AL954741.1,AL954741.1
si:ch211-255f4.11,sich211255f4.11
si:ch211-255f4.11-1,sich211255f4.11-1
znf1183-1,znf1183-1
si:ch211-255f4.13,sich211255f4.13
si:dkey-1b17.1,sidkey1b17.1
si:dkey-1b17.2,sidkey1b17.2
BX649416.2,BX649416.2
BX649416.1,BX649416.1
si:dkey-1b17.5,sidkey1b17.5
si:dkey-1b17.6,sidkey1b17.6
znf1160,znf1160
znf1154,znf1154
si:dkey-1b17.9,sidkey1b17.9
BX649416.3,BX649416.3
znf1159,znf1159
znf1169,znf1169
znf1178,znf1178
znf1154-1,znf1154-1
znf1154-2,znf1154-2
znf1179,znf1179
znf1168,znf1168
znf1184,znf1184
znf1002,znf1002
znf1183-2,znf1183-2
znf1182,znf1182
znf1174,znf1174
si:dkey-15h8.17,sidkey15h8.17
BX640576.1,BX640576.1
znf1158,znf1158
si:dkey-15h8.10,sidkey15h8.10
znf1156,znf1156
znf1181,znf1181
znf1153,znf1153
znf1167,znf1167
si:dkey-15h8.15,sidkey15h8.15
zgc:174222-1,zgc1742221
znf1174-1,znf1174-1
znf1153-1,znf1153-1
CU074330.1,CU074330.1
znf1144,znf1144
znf1155,znf1155
si:dkeyp-79b7.3,sidkeyp79b7.3
znf1164,znf1164
BX640537.2,BX640537.2
znf1151,znf1151
BX640537.1,BX640537.1
znf1152,znf1152
znf1165,znf1165
BX640537.3,BX640537.3
znf1157,znf1157
znf1166,znf1166
si:dkeyp-79b7.12,sidkeyp79b7.12
znf1172,znf1172
znf1161,znf1161
znf1144-1,znf1144-1
si:dkey-4c15.8-1,sidkey4c15.8-1
znf1157-1,znf1157-1
si:dkey-4c15.9,sidkey4c15.9
AL929017.2,AL929017.2
znf1180,znf1180
si:dkey-4c15.16,sidkey4c15.16
znf1175,znf1175
AL929017.1,AL929017.1
zgc:174224,zgc174224
si:dkey-4c15.12,sidkey4c15.12
si:dkey-4c15.13,sidkey4c15.13
si:dkey-4c15.14,sidkey4c15.14
zgc:171435,zgc171435
zgc:112977,zgc112977
zgc:113220,zgc113220
zgc:171435-1,zgc1714351
znf1177,znf1177
si:ch73-92e7.4,sich7392e7.4
CU570894.2,CU570894.2
CU856622.1,CU856622.1
znf1170,znf1170
zgc:173726,zgc173726
znf1003,znf1003
si:ch73-92e7.4-1,sich7392e7.4-1
zgc:175284,zgc175284
CU896630.2,CU896630.2
si:ch73-92e7.6,sich7392e7.6
CU570894.1,CU570894.1
znf1173,znf1173
zgc:110821,zgc110821
znf1162,znf1162
zgc:194221,zgc194221
si:dkey-20i20.15,sidkey20i20.15
znf1171,znf1171
znf1163,znf1163
si:dkey-20i20.11,sidkey20i20.11
si:dkey-20i20.10,sidkey20i20.10
si:dkey-20i20.9,sidkey20i20.9
si:dkey-20i20.8,sidkey20i20.8
si:dkey-20i20.7,sidkey20i20.7
si:dkey-20i20.3,sidkey20i20.3
si:dkey-20i20.8-1,sidkey20i20.8-1
si:dkey-20i20.4,sidkey20i20.4
si:dkey-20i20.2,sidkey20i20.2
aqp12,aqp12
pak2b,pak2b
pigx,pigx
cep19,cep19
ing5a,ing5a
impact,impact
LO017843.1,LO017843.1
lmnb2,lmnb2
rpl36,rpl36
lonp1,lonp1
ftsj3,ftsj3
lim2.2,lim2.2
CU929402.1,CU929402.1
si:ch1073-178p5.3,sich1073178p5.3
gpr35.1,gpr35.1
si:zfos-943e10.1,sizfos943e10.1
gipc3,gipc3
tbxa2r,tbxa2r
CU652528.1,CU652528.1
CU539058.1,CU539058.1
ptprsa-1,ptprsa-1
FP565432.1,FP565432.1
mhc1uma,mhc1uma
FO904903.1,FO904903.1
CU074310.1,CU074310.1
kdm4b,kdm4b
uhrf1,uhrf1
ticam1,ticam1
timm44,timm44
ctxn1-1,ctxn1-1
fbn2b,fbn2b
cers4a,cers4a
CR751224.1,CR751224.1
rad23ab,rad23ab
calr3a,calr3a
si:ch73-256j6.5,sich73256j6.5
CU570881.2,CU570881.2
zgc:195170,zgc195170
si:ch73-256j6.4,sich73256j6.4
CU207311.2,CU207311.2
si:ch73-256j6.6,sich73256j6.6
si:ch73-256j6.4-1,sich73256j6.4-1
pku300,pku300
si:ch1073-104i17.1,sich1073104i17.1
cherp,cherp
rx1,rx1
matk,matk
zfr2,zfr2
atcaya,atcaya
mibp,mibp
loxl5a,loxl5a
mydgf,mydgf
CR936300.1,CR936300.1
tnfaip8l1,tnfaip8l1
cers1,cers1
ncln,ncln
s1pr4,s1pr4
zgc:194627,zgc194627
CABZ01064972.1,CABZ01064972.1
CABZ01064968.1,CABZ01064968.1
zgc:171601,zgc171601
zgc:171566,zgc171566
mcm2,mcm2
ccdc51,ccdc51
tma7,tma7
dnase1l4.1,dnase1l4.1
dnase1l4.2,dnase1l4.2
pgbd4,pgbd4
CU459089.1,CU459089.1
si:dkey-222f2.1,sidkey222f2.1
bcdin3d,bcdin3d
BX005329.2,BX005329.2
cox14,cox14
cers5,cers5
BX005329.3,BX005329.3
si:rp71-36a1.5,sirp7136a1.5
zmp:0000001161,zmp0000001161
si:dkey-222f2.7,sidkey222f2.7
si:rp71-36a1.1,sirp7136a1.1
si:rp71-36a1.2,sirp7136a1.2
si:rp71-36a1.3,sirp7136a1.3
BX322587.2,BX322587.2
BX322587.1,BX322587.1
CU468041.2,CU468041.2
CU468041.1,CU468041.1
si:dkey-19a16.1,sidkey19a16.1
si:dkey-19a16.2,sidkey19a16.2
BX004840.1,BX004840.1
zgc:171887,zgc171887
si:dkey-19a16.4,sidkey19a16.4
si:dkey-19a16.5,sidkey19a16.5
si:rp71-36a1.5-1,sirp7136a1.5-1
si:dkey-19a16.11,sidkey19a16.11
si:ch211-274k16.2,sich211274k16.2
AL928685.4,AL928685.4
rnasel4,rnasel4
AL928685.1,AL928685.1
si:ch211-274k16.9,sich211274k16.9
rnasel2,rnasel2
AL928685.2,AL928685.2
si:dkey-19a16.13,sidkey19a16.13
si:rp71-1i20.1,sirp711i20.1
AL928685.5,AL928685.5
zgc:113298,zgc113298
si:rp71-1i20.2,sirp711i20.2
zgc:171699,zgc171699
si:dkey-19a16.12,sidkey19a16.12
zgc:172133,zgc172133
si:ch211-105n15.1,sich211105n15.1
si:dkey-19a16.7,sidkey19a16.7
CR352226.6,CR352226.6
CR352226.4,CR352226.4
CR352226.5,CR352226.5
zgc:171490,zgc171490
CR352226.1,CR352226.1
CR352226.2,CR352226.2
si:ch211-209l18.2,sich211209l18.2
si:ch211-209l18.4,sich211209l18.4
CR352226.3,CR352226.3
CT583625.2,CT583625.2
CT583625.1,CT583625.1
CT583625.5,CT583625.5
si:ch1073-188e1.1,sich1073188e1.1
FO904898.6,FO904898.6
FO904898.1,FO904898.1
FO904898.3,FO904898.3
FO904898.4,FO904898.4
FO904898.5,FO904898.5
CABZ01065328.2,CABZ01065328.2
CABZ01065328.1,CABZ01065328.1
zgc:171500,zgc171500
CU929149.1,CU929149.1
si:ch73-213k20.5,sich73213k20.5
fgfr1bl,fgfr1bl
fgfr1bl-1,fgfr1bl-1
gpd1b,gpd1b
smarcd1,smarcd1
CR450748.1,CR450748.1
asic1b,asic1b
si:dkey-57c15.1,sidkey57c15.1
cela1.6,cela1.6
BX511034.4,BX511034.4
BX511034.2,BX511034.2
cela1.1,cela1.1
cela1.2,cela1.2
cela1.3,cela1.3
cela1.4,cela1.4
cela1.5,cela1.5
BX511034.5,BX511034.5
BX511034.1,BX511034.1
BX511034.3,BX511034.3
BX511034.7,BX511034.7
AL929276.1,AL929276.1
AL929276.2,AL929276.2
si:ch211-59h6.1,sich21159h6.1
si:ch73-44m9.5,sich7344m9.5
cela1.5-1,cela1.5-1
si:ch73-44m9.3,sich7344m9.3
si:ch73-44m9.1,sich7344m9.1
si:ch73-44m9.2,sich7344m9.2
sc:d217,scd217
CABZ01034691.1,CABZ01034691.1
CABZ01034698.2,CABZ01034698.2
CABZ01034698.1,CABZ01034698.1
si:ch73-44m9.3-1,sich7344m9.3-1
CABZ01077220.3,CABZ01077220.3
CABZ01077220.1,CABZ01077220.1
CABZ01077218.1,CABZ01077218.1
CABZ01077217.1,CABZ01077217.1
CABZ01077217.2,CABZ01077217.2
CABZ01061495.1,CABZ01061495.1
si:dkey-19a16.11-1,sidkey19a16.11-1
CABZ01061498.1,CABZ01061498.1
CABZ01061508.1,CABZ01061508.1
si:ch73-27e22.4,sich7327e22.4
si:ch73-27e22.3,sich7327e22.3
CR974475.1,CR974475.1
zmp:0000001175,zmp0000001175
si:ch73-27e22.2,sich7327e22.2
si:ch73-27e22.7,sich7327e22.7
zmp:0000000984,zmp0000000984
si:ch73-27e22.1,sich7327e22.1
si:ch73-27e22.8,sich7327e22.8
si:ch73-27e22.6,sich7327e22.6
CR450686.1,CR450686.1
si:dkey-182g1.2,sidkey182g1.2
CR450686.5,CR450686.5
CR450686.2,CR450686.2
zmp:0000000652,zmp0000000652
CR450686.6,CR450686.6
si:dkey-182g1.2-1,sidkey182g1.2-1
si:dkey-182g1.10,sidkey182g1.10
CR450686.3,CR450686.3
si:dkey-182g1.6,sidkey182g1.6
CABZ01046425.1,CABZ01046425.1
CABZ01046427.1,CABZ01046427.1
CABZ01046427.2,CABZ01046427.2
CABZ01046432.1,CABZ01046432.1
FO393424.2,FO393424.2
FO393424.3,FO393424.3
FO393424.4,FO393424.4
FO393424.1,FO393424.1
si:ch211-213a13.1,sich211213a13.1
rnh1,rnh1
si:ch211-213a13.2,sich211213a13.2
si:ch211-213a13.2-1,sich211213a13.2-1
nlrp15,nlrp15
si:ch211-156p11.1,sich211156p11.1
si:ch211-213a13.5,sich211213a13.5
si:ch211-250k18.5,sich211250k18.5
si:ch211-250k18.6,sich211250k18.6
si:ch211-250k18.7,sich211250k18.7
BX927329.2,BX927329.2
BX927329.1,BX927329.1
si:ch211-11p18.6-1,sich21111p18.6-1
cacna2d2b,cacna2d2b
strip1,strip1
si:ch211-156p11.1-1,sich211156p11.1-1
si:ch73-286h23.4,sich73286h23.4
si:dkey-286j17.4,sidkey286j17.4
BX664625.1,BX664625.1
BX664625.6,BX664625.6
BX664625.5,BX664625.5
BX664625.2,BX664625.2
BX664625.3,BX664625.3
si:dkey-102c8.2,sidkey102c8.2
si:ch211-236g6.1,sich211236g6.1
BX539307.3,BX539307.3
si:dkey-253d23.2,sidkey253d23.2
BX539307.1,BX539307.1
si:dkey-253d23.3,sidkey253d23.3
si:dkey-253d23.4,sidkey253d23.4
si:dkey-253d23.5,sidkey253d23.5
znf990,znf990
znf991,znf991
si:dkey-253d23.8,sidkey253d23.8
blf,blf
si:dkey-253d23.9,sidkey253d23.9
si:dkey-253d23.11,sidkey253d23.11
zgc:171686,zgc171686
nlrc7,nlrc7
BX539307.2,BX539307.2
BX324216.1,BX324216.1
BX324216.4,BX324216.4
BX324216.2,BX324216.2
BX324216.3,BX324216.3
zgc:174564,zgc174564
si:ch211-222k6.2,sich211222k6.2
si:ch211-222k6.3,sich211222k6.3
BX324213.1,BX324213.1
si:dkey-102c8.2-1,sidkey102c8.2-1
si:dkey-102c8.3,sidkey102c8.3
gls2b,gls2b
rdh5,rdh5
bloc1s1,bloc1s1
tbc1d20,tbc1d20
rbck1,rbck1
rpp14,rpp14
pxk,pxk
pdhb,pdhb
kctd6a,kctd6a
si:dkeyp-87e7.4,sidkeyp87e7.4
stab1,stab1
BX649457.1,BX649457.1
nisch,nisch
nol8,nol8
cenpp,cenpp
ogna,ogna
omd,omd
aspn,aspn
ecm2,ecm2
ippk,ippk
si:dkey-42i9.4,sidkey42i9.4
atrip,atrip
si:dkey-42i9.6,sidkey42i9.6
si:dkey-42i9.7,sidkey42i9.7
si:dkey-42i9.16,sidkey42i9.16
si:dkey-42i9.8,sidkey42i9.8
bap1,bap1
rad54l2,rad54l2
cyb561d2,cyb561d2
rassf1,rassf1
BX465868.1,BX465868.1
tusc2b,tusc2b
BX465868.3,BX465868.3
hyal2b,hyal2b
abhd14a,abhd14a
hiat1b,hiat1b
sass6,sass6
lsm7,lsm7
tmprss9,tmprss9
timm13,timm13
enc3,enc3
arhgef18b,arhgef18b
BX908744.1,BX908744.1
BX908744.2,BX908744.2
insrb,insrb
use1,use1
BX666064.1,BX666064.1
BX649485.2,BX649485.2
BX649485.4,BX649485.4
BX649485.1,BX649485.1
BX649485.3,BX649485.3
atp6ap2,atp6ap2
bcor,bcor
BX323453.1,BX323453.1
mid1ip1b,mid1ip1b
tspan7b,tspan7b
slc26a11,slc26a11
sgsh,sgsh
npb,npb
gnav1,gnav1
pcyt2,pcyt2
CU463033.1,CU463033.1
gcga,gcga
dpp4,dpp4
mettl21a,mettl21a
CU570889.1,CU570889.1
crygs1,crygs1
krt222,krt222
krt97,krt97
krt96,krt96
ptpn4b,ptpn4b
pth2rb,pth2rb
mgat5,mgat5
tmem163b,tmem163b
ccnt2b,ccnt2b
zranb3,zranb3
r3hdm1,r3hdm1
rnd3a,rnd3a
zgc:92335,zgc92335
cep70,cep70
adarb1a,adarb1a
fam207a,fam207a
CR847870.3,CR847870.3
plcd4a,plcd4a
cnot9,cnot9
ftcd,ftcd
mstna,mstna
stat1a,stat1a
glsa,glsa
nab1a,nab1a
mfsd6a,mfsd6a
BX927260.1,BX927260.1
ahr1b,ahr1b
ahr2,ahr2
BX908726.1,BX908726.1
BX927376.1,BX927376.1
si:ch211-227m13.1,sich211227m13.1
CU062647.1,CU062647.1
cntnap5b,cntnap5b
si:ch211-279g13.1,sich211279g13.1
CT990618.1,CT990618.1
s100b,s100b
sh3bp4a,sh3bp4a
arl4ca,arl4ca
aox6,aox6
aox5,aox5
he1.1,he1.1
he1.2,he1.2
he1.3,he1.3
bzw1a,bzw1a
si:ch211-246m6.4,sich211246m6.4
si:ch211-246m6.5,sich211246m6.5
si:ch211-246m6.5-1,sich211246m6.5-1
CU104782.1,CU104782.1
si:dkeyp-122a9.1,sidkeyp122a9.1
si:dkeyp-122a9.2,sidkeyp122a9.2
lrp1ba,lrp1ba
lrp1ba-1,lrp1ba-1
CU137716.1,CU137716.1
BX936391.1,BX936391.1
gtpbp1l,gtpbp1l
elfn2a,elfn2a
mfng,mfng
sult3st3,sult3st3
sult3st3-1,sult3st3-1
sult3st5,sult3st5
sult3st4,sult3st4
sult3st2,sult3st2
rrp36,rrp36
tmem264,tmem264
rpp21,rpp21
gpc5b,gpc5b
gpc1a,gpc1a
ankmy1,ankmy1
hsh2d,hsh2d
tpm4a,tpm4a
CABZ01090041.1,CABZ01090041.1
si:ch1073-396h14.1,sich1073396h14.1
safb,safb
malt2,malt2
mrpl54,mrpl54
fam32a,fam32a
si:dkeyp-70f9.7,sidkeyp70f9.7
BX323550.3,BX323550.3
BX323550.5,BX323550.5
klf2a,klf2a
eps15l1a,eps15l1a
stil,stil
rc3h1a,rc3h1a
serpinc1,serpinc1
zbtb37,zbtb37
s1pr1,s1pr1
dph5,dph5
slc30a7,slc30a7
vcam1b,vcam1b
cdc14ab,cdc14ab
rtca,rtca
dbt,dbt
lrrc39,lrrc39
trmt13,trmt13
osbpl1a,osbpl1a
ttc39c,ttc39c
lama3,lama3
cts12,cts12
ankrd29,ankrd29
plekhb2,plekhb2
si:dkey-121a11.3,sidkey121a11.3
stx6,stx6
ier5,ier5
tal1,tal1
pdzk1ip1,pdzk1ip1
patj,patj
si:dkey-38n4.2,sidkey38n4.2
tm2d1,tm2d1
nfia,nfia
frem1b,frem1b
atpaf1,atpaf1
rab3b,rab3b
nrd1b,nrd1b
axdnd1,axdnd1
nphs2,nphs2
tdrd5,tdrd5
FAM163A,FAM163A
rabgap1l,rabgap1l
gpr52,gpr52
si:ch211-197g15.10,sich211197g15.10
si:ch211-197g15.6,sich211197g15.6
si:ch211-197g15.8,sich211197g15.8
si:ch211-197g15.7,sich211197g15.7
si:ch211-197g15.6-1,sich211197g15.6-1
si:ch211-197g15.6-2,sich211197g15.6-2
rab11ba,rab11ba
march2,march2
hnrnpm,hnrnpm
pip5k1ca,pip5k1ca
gpx4a,gpx4a
polr2eb,polr2eb
arhgap45b,arhgap45b
tjp3,tjp3
SBNO2,SBNO2
tm6sf2,tm6sf2
hapln4,hapln4
BX908731.1,BX908731.1
ncanb,ncanb
nr2c2ap,nr2c2ap
rfxank,rfxank
borcs8,borcs8
si:ch211-125m10.6,sich211125m10.6
mef2b,mef2b
tmem161a,tmem161a
BX664610.1,BX664610.1
dre-mir-9-4,dre-mir-9-4
gatad2ab,gatad2ab
tssk6,tssk6
yjefn3,yjefn3
cilp2,cilp2
si:ch211-212d10.2,sich211212d10.2
si:ch211-212d10.1,sich211212d10.1
cirbpb,cirbpb
BX649276.1,BX649276.1
midn,midn
atp5f1d,atp5f1d
cbarpb,cbarpb
fstl3,fstl3
bsg,bsg
hcn2b,hcn2b
polrmt,polrmt
fgf22,fgf22
si:dkey-21e2.3,sidkey21e2.3
si:dkey-21e2.8,sidkey21e2.8
si:dkey-21e2.7,sidkey21e2.7
si:dkey-21e2.8-1,sidkey21e2.8-1
si:dkey-21e2.10,sidkey21e2.10
si:dkey-21e2.12,sidkey21e2.12
si:dkey-78l4.5,sidkey78l4.5
si:dkey-21e2.13,sidkey21e2.13
si:dkey-21e2.14,sidkey21e2.14
si:dkey-21e2.15,sidkey21e2.15
si:dkey-21e2.16,sidkey21e2.16
si:dkey-21e2.12-1,sidkey21e2.12-1
BX936298.2,BX936298.2
si:dkey-78l4.2,sidkey78l4.2
si:dkey-78l4.7,sidkey78l4.7
si:dkey-78l4.8,sidkey78l4.8
si:dkey-21e2.3-1,sidkey21e2.3-1
si:dkey-78l4.10,sidkey78l4.10
si:dkey-78l4.11,sidkey78l4.11
si:dkey-78l4.12,sidkey78l4.12
si:dkey-78l4.13,sidkey78l4.13
BX936298.3,BX936298.3
micos13,micos13
hsd11b1la,hsd11b1la
rgmd,rgmd
celf5a,celf5a
BX510913.2,BX510913.2
BX510913.3,BX510913.3
rxfp3.2b,rxfp3.2b
creb3l3a,creb3l3a
eef2a.1,eef2a.1
eef2a.2,eef2a.2
btbd2a,btbd2a
hmg20b,hmg20b
unc13a,unc13a
mbd3b,mbd3b
tcf3b,tcf3b
zbtb7a,zbtb7a
map2k2a,map2k2a
pias4a,pias4a
foxq2,foxq2
onecut3a,onecut3a
atp8b3,atp8b3
BX088720.1,BX088720.1
si:dkey-172o19.2,sidkey172o19.2
nfil3-4,nfil3-4
lingo3a,lingo3a
org,org
peak3,peak3
oaz1a,oaz1a
si:dkey-211f22.5,sidkey211f22.5
si:dkey-3k20.1,sidkey3k20.1
amh,amh
dot1l,dot1l
ell,ell
fkbp8,fkbp8
CU693455.1,CU693455.1
tmem59l,tmem59l
crlf1b,crlf1b
rex1bd,rex1bd
cpamd8,cpamd8
odf3l2b,odf3l2b
shc2,shc2
ankrd24,ankrd24
shdb,shdb
s1pr3a,s1pr3a
mier2,mier2
plpp2b,plpp2b
tle2a,tle2a
tle2b,tle2b
tle5,tle5
gna11a,gna11a
BX649295.1,BX649295.1
gna15.4,gna15.4
gna15.3,gna15.3
gna15.3-1,gna15.3-1
gna15.1,gna15.1
C2CD4C,C2CD4C
cdc34a,cdc34a
ap3d1,ap3d1
hdgfl2,hdgfl2
ubxn6,ubxn6
chaf1a,chaf1a
scamp4,scamp4
si:ch211-129c21.1,sich211129c21.1
camsap2a,camsap2a
ddx59,ddx59
kif14,kif14
CR936459.1,CR936459.1
nr5a2,nr5a2
CR513789.1,CR513789.1
dre-mir-181b-3,dre-mir-181b-3
ptprc,ptprc
nek7,nek7
lhx9,lhx9
C22H1orf53,C22H1orf53
dennd1b,dennd1b
CR388178.2,CR388178.2
crb1,crb1
aspm,aspm
f13b,f13b
CR388178.1,CR388178.1
cfhl4,cfhl4
cfhl5,cfhl5
cfh,cfh
cfhl1,cfhl1
cfhl2,cfhl2
BX005398.1,BX005398.1
BX005398.2,BX005398.2
cfhl3,cfhl3
AL935303.1,AL935303.1
b3galt2,b3galt2
glrx2,glrx2
uchl5,uchl5
rgs2,rgs2
si:ch211-117l17.4,sich211117l17.4
si:ch211-117l17.6,sich211117l17.6
uts2d,uts2d
ccdc50,ccdc50
BX649608.2,BX649608.2
p3h2,p3h2
BX784032.1,BX784032.1
wdr47b,wdr47b
CU655842.1,CU655842.1
mcoln2,mcoln2
lpar3,lpar3
si:rp71-23d18.8,sirp7123d18.8
ssx2ipb,ssx2ipb
vtg1,vtg1
vtg5,vtg5
BX539332.1,BX539332.1
vtg7,vtg7
vtg2,vtg2
si:dkey-4c23.3,sidkey4c23.3
si:dkey-4c23.5,sidkey4c23.5
si:dkey-4c23.4,sidkey4c23.4
fam20cl,fam20cl
dnal4b,dnal4b
nptxrb,nptxrb
polr3f,polr3f
BX294165.1,BX294165.1
dzank1,dzank1
kat14,kat14
rrbp1b,rrbp1b
si:dkeyp-20e4.8,sidkeyp20e4.8
si:ch211-226h8.4,sich211226h8.4
si:ch211-226h8.6,sich211226h8.6
si:ch211-226h8.15,sich211226h8.15
si:ch211-226h8.14,sich211226h8.14
BX950205.1,BX950205.1
si:dkey-240e12.6,sidkey240e12.6
si:ch73-189n23.1,sich73189n23.1
CR769772.3,CR769772.3
zgc:152936,zgc152936
CR769772.4,CR769772.4
aars2,aars2
si:ch211-12h2.8,sich21112h2.8
BX649337.2,BX649337.2
si:ch211-250e5.2,sich211250e5.2
si:dkeyp-98a7.3,sidkeyp98a7.3
BX649337.1,BX649337.1
si:dkeyp-98a7.5,sidkeyp98a7.5
si:dkeyp-98a7.4,sidkeyp98a7.4
si:dkeyp-98a7.7,sidkeyp98a7.7
si:dkeyp-98a7.9,sidkeyp98a7.9
si:ch211-250e5.16,sich211250e5.16
AL929192.1,AL929192.1
vasna,vasna
dnaja3b,dnaja3b
pdgfaa,pdgfaa
pdgfaa-1,pdgfaa-1
c3b.2,c3b.2
c3b.1,c3b.1
ccdc130,ccdc130
wdr83,wdr83
sde2,sde2
mrps28,mrps28
capn1b,capn1b
capn2b,capn2b
capn8,capn8
capn2l,capn2l
zgc:194551,zgc194551
CR759791.1,CR759791.1
zgc:194330,zgc194330
glis2a,glis2a
CABZ01072309.2,CABZ01072309.2
adcy9,adcy9
BX908757.1,BX908757.1
crebbpa,crebbpa
AL953841.1,AL953841.1
slx4,slx4
si:dkey-44g23.2,sidkey44g23.2
slx4-1,slx4-1
si:dkey-44g23.5,sidkey44g23.5
AL953841.3,AL953841.3
gde1,gde1
hmox2a,hmox2a
tmem186,tmem186
AL953841.2,AL953841.2
cxcl12b,cxcl12b
CR749748.1,CR749748.1
si:dkey-246e1.3,sidkey246e1.3
xpnpep1,xpnpep1
BX927308.2,BX927308.2
si:dkey-16m19.1,sidkey16m19.1
si:dkey-208m12.2,sidkey208m12.2
BX927308.1,BX927308.1
si:ch73-103b2.1-1,sich73103b2.1-1
si:dkey-208m12.3,sidkey208m12.3
CR388079.2,CR388079.2
CR388079.1,CR388079.1
CR388079.3,CR388079.3
CR547131.1,CR547131.1
wu:fu71h07,wufu71h07
si:dkey-222p3.1,sidkey222p3.1
senp7b,senp7b
impg2b,impg2b
impg2b-1,impg2b-1
si:ch211-213c4.5,sich211213c4.5
abi3bpb,abi3bpb
adgrg7.1,adgrg7.1
adgrg7.2,adgrg7.2
jagn1b,jagn1b
col8a1b,col8a1b
si:dkeyp-34c12.1,sidkeyp34c12.1
tp53bp2b,tp53bp2b
gtpbp2b,gtpbp2b
cbx6a,cbx6a
pla2g6,pla2g6
baiap2l2b,baiap2l2b
pvalb7,pvalb7
ncf4,ncf4
pdgfba,pdgfba
adra2a,adra2a
shoc2,shoc2
bbip1,bbip1
pdcd4b,pdcd4b
BX649294.1,BX649294.1
smc3,smc3
dusp5,dusp5
si:dkey-286j15.3,sidkey286j15.3
si:dkey-286j15.1,sidkey286j15.1
AL845330.1,AL845330.1
add3a,add3a
BX088706.1,BX088706.1
mxi1,mxi1
BX649448.4,BX649448.4
BX649448.1,BX649448.1
si:dkey-169i5.4,sidkey169i5.4
BX649448.3,BX649448.3
BX649490.3,BX649490.3
BX649490.4,BX649490.4
BX649490.2,BX649490.2
zgc:171679,zgc171679
si:dkey-103k4.1,sidkey103k4.1
BX649490.1,BX649490.1
zmp:0000000606,zmp0000000606
zmp:0000000845,zmp0000000845
si:dkey-42l16.1,sidkey42l16.1
AL831726.4,AL831726.4
AL831726.1,AL831726.1
AL831726.2,AL831726.2
si:dkey-49n23.1,sidkey49n23.1
si:dkey-49n23.3,sidkey49n23.3
ssuh2.1,ssuh2.1
ssuh2.2,ssuh2.2
ssuh2.3,ssuh2.3
ssuh2.4,ssuh2.4
zmp:0000000735,zmp0000000735
rpl32,rpl32
BX537350.1,BX537350.1
cand2,cand2
sec13,sec13
grip2b,grip2b
slc6a6b,slc6a6b
lsm3,lsm3
CABZ01028298.1,CABZ01028298.1
pimr207,pimr207
dock3,dock3
manf,manf
rbm15b,rbm15b
CU856621.1,CU856621.1
CU856621.2,CU856621.2
pcbp4,pcbp4
CABZ01011828.1,CABZ01011828.1
dag1,dag1
CU658285.1,CU658285.1
nicn1,nicn1
GRM7,GRM7
BX957258.1,BX957258.1
CR974456.1,CR974456.1
rnf123,rnf123
amigo3,amigo3
terf2ip,terf2ip
si:ch1073-214b20.2,sich1073214b20.2
CU481774.1,CU481774.1
CU896691.3,CU896691.3
CU896691.2,CU896691.2
si:ch73-304f21.1,sich73304f21.1
CU896691.1,CU896691.1
atpv0e2,atpv0e2
hoga1,hoga1
lcor,lcor
CU657925.1,CU657925.1
slit1b,slit1b
arhgap19,arhgap19
kcnip2,kcnip2
armh3,armh3
si:ch73-173h19.3,sich73173h19.3
srfa,srfa
rnf13,rnf13
pfn2,pfn2
tsc22d2,tsc22d2
rubcn,rubcn
FO818743.1,FO818743.1
CU207281.2,CU207281.2
si:ch211-276k2.1,sich211276k2.1
CU207281.1,CU207281.1
CU207281.3,CU207281.3
tctex1d2,tctex1d2
hykk.2,hykk.2
LO017643.2,LO017643.2
LO016987.2,LO016987.2
EPHB3,EPHB3
LO016985.1,LO016985.1
CABZ01045212.1,CABZ01045212.1
polr2h,polr2h
armc9,armc9
b3gnt7,b3gnt7
ncl,ncl
CU469540.3,CU469540.3
trim35-33,trim35-33
trim35-34,trim35-34
CU861903.1,CU861903.1
acy1,acy1
acy1-1,acy1-1
FO704622.1,FO704622.1
map1sa,map1sa
cart1,cart1
kng1,kng1
BX005105.1,BX005105.1
mccc1,mccc1
trim35-20,trim35-20
si:dkey-37m8.11,sidkey37m8.11
ATP11B,ATP11B
LO018196.1,LO018196.1
FP102167.1,FP102167.1
sox2,sox2
dnajc19,dnajc19
fxr1,fxr1
ttc14,ttc14
psmd1,psmd1
htr2b,htr2b
ppp1r2,ppp1r2
FO907118.1,FO907118.1
ahsg1,ahsg1
fetub,fetub
kcnh1b,kcnh1b
si:ch73-197b13.1,sich73197b13.1
pex6,pex6
commd2,commd2
wwtr1,wwtr1
tm4sf4,tm4sf4
tm4sf18,tm4sf18
cp,cp
hps3,hps3
si:ch211-284e20.8,sich211284e20.8
AL954145.2,AL954145.2
AL954145.3,AL954145.3
elavl2,elavl2
rcor3,rcor3
traf5,traf5
mark1,mark1
LO017802.1,LO017802.1
ptk7a,ptk7a
soul4,soul4
klc4,klc4
si:ch211-126j24.1,sich211126j24.1
BX088728.2,BX088728.2
nppc,nppc
BX088728.3,BX088728.3
BX927181.3,BX927181.3
alpi.1,alpi.1
alpi.2,alpi.2
si:ch211-262h13.3,sich211262h13.3
BX927181.2,BX927181.2
si:ch211-262h13.5,sich211262h13.5
anos1b,anos1b
senp5,senp5
ncbp2,ncbp2
sirt7,sirt7
rbbp9,rbbp9
arhgef3,arhgef3
tasora,tasora
ip6k1,ip6k1
gmppb,gmppb
lmcd1,lmcd1
cntn1a,cntn1a
lipcb,lipcb
adam10b,adam10b
CABZ01114053.1,CABZ01114053.1
pclaf,pclaf
FP236318.1,FP236318.1
FP236318.2,FP236318.2
FP236318.4,FP236318.4
FP236318.3,FP236318.3
CABZ01113818.1,CABZ01113818.1
pus7,pus7
vwa5a,vwa5a
CU855936.1,CU855936.1
CABZ01072254.1,CABZ01072254.1
prickle1a,prickle1a
CU929262.1,CU929262.1
szl,szl
rfx7b,rfx7b
prtgb,prtgb
rsl24d1,rsl24d1
CU633775.1,CU633775.1
si:ch1073-385f13.3,sich1073385f13.3
myo9ab,myo9ab
nell2a,nell2a
tmem117,tmem117
twf1a,twf1a
irak4,irak4
znf609a,znf609a
si:ch211-284k5.2,sich211284k5.2
FO907089.1,FO907089.1
spg11,spg11
ciao2a,ciao2a
coro2bb,coro2bb
calml4b,calml4b
rxfp3.3b,rxfp3.3b
cln6b,cln6b
fem1b,fem1b
itga11b,itga11b
avpr1aa,avpr1aa
ppm1h,ppm1h
dre-let-7i,dre-let-7i
mon2,mon2
SLC6A13,SLC6A13
fbln1,fbln1
CR385026.2,CR385026.2
wnt7bb,wnt7bb
CR354430.3,CR354430.3
CR354430.1,CR354430.1
pparab,pparab
yars2,yars2
CR354430.4,CR354430.4
cdkn1bb,cdkn1bb
mrps35,mrps35
kcnq1.2,kcnq1.2
BX957346.1,BX957346.1
adck2,adck2
bbs4,bbs4
BX957346.3,BX957346.3
adpgk,adpgk
neo1b,neo1b
neo1b-1,neo1b-1
scamp2,scamp2
mpi,mpi
si:ch1073-296i8.2,sich1073296i8.2
fth1b,fth1b
best1,best1
rab3il1,rab3il1
epx,epx
hps5,hps5
gtf2h1,gtf2h1
rccd1,rccd1
cib1,cib1
metap2b,metap2b
pthlhb,pthlhb
tmpob,tmpob
slc25a3b,slc25a3b
CU207255.1,CU207255.1
CU207255.2,CU207255.2
ldhbb,ldhbb
golt1bb,golt1bb
slc35b4,slc35b4
chchd3b,chchd3b
gpr22b,gpr22b
hbp1,hbp1
PRKAR2B,PRKAR2B
zgc:153293,zgc153293
RAB19,RAB19
hdhd5,hdhd5
ccdc77,ccdc77
zgc:194202,zgc194202
si:ch211-272n13.3,sich211272n13.3
CABZ01058261.1,CABZ01058261.1
prnprs3,prnprs3
CU138509.1,CU138509.1
morc2,morc2
zgc:158398,zgc158398
thoc5,thoc5
chid1,chid1
gatd1,gatd1
cd151,cd151
si:ch211-247i17.1,sich211247i17.1
cracr2b,cracr2b
tmem138,tmem138
CU855758.2,CU855758.2
tmem258,tmem258
CU855758.1,CU855758.1
myrf,myrf
eps8l2,eps8l2
fads2,fads2
ppp1r32,ppp1r32
syt7a,syt7a
slc25a22a,slc25a22a
pidd1,pidd1
pnpla2,pnpla2
CABZ01068600.1,CABZ01068600.1
pgghg,pgghg
deaf1,deaf1
FP102921.1,FP102921.1
drd4a,drd4a
si:zfos-2372e4.1,sizfos2372e4.1
cdhr5b,cdhr5b
myo5c,myo5c
gnb5a,gnb5a
ap4e1,ap4e1
cyp19a1b,cyp19a1b
si:ch73-265h17.2,sich73265h17.2
si:ch73-265h17.4,sich73265h17.4
si:ch73-265h17.1,sich73265h17.1
si:ch73-265h17.5,sich73265h17.5
hdac10,hdac10
parvb,parvb
parvg,parvg
shisal1b,shisal1b
CABZ01039863.1,CABZ01039863.1
nansb,nansb
CABZ01039859.1,CABZ01039859.1
plxnb2b,plxnb2b
AP3B2,AP3B2
appl2,appl2
appl2-1,appl2-1
CABZ01067761.1,CABZ01067761.1
CABZ01067754.1,CABZ01067754.1
nuak1b,nuak1b
depdc7b,depdc7b
ppib,ppib
snx22,snx22
snx1a,snx1a
sv2,sv2
cpeb1a,cpeb1a
rbpms2a,rbpms2a
oaz2a,oaz2a
psma4,psma4
ireb2,ireb2
slc25a44a,slc25a44a
BX296538.1,BX296538.1
wdr61,wdr61
crabp1a,crabp1a
sin3aa,sin3aa
ptpn9a,ptpn9a
snupn,snupn
snx33,snx33
cspg4,cspg4
FQ377991.1,FQ377991.1
CABZ01087533.1,CABZ01087533.1
lingo1a,lingo1a
hmg20a,hmg20a
peak1,peak1
ubap1la,ubap1la
prc1a,prc1a
syt12,syt12
cat,cat
ifitm5,ifitm5
cdkn1cb,cdkn1cb
ptdss2,ptdss2
fuk,fuk
FO704779.1,FO704779.1
myo5ab,myo5ab
arpp19b,arpp19b
bet1l,bet1l
kcnj11l,kcnj11l
kcnj11l-1,kcnj11l-1
prdm11,prdm11
phf21ab,phf21ab
dgkzb,dgkzb
mdkb,mdkb
chrm4b,chrm4b
ambra1b,ambra1b
glcea,glcea
nox5,nox5
hal,hal
ucmab,ucmab
FP016019.1,FP016019.1
camk1db,camk1db
dhtkd1,dhtkd1
CU394253.1,CU394253.1
kcnc1b,kcnc1b
sergef,sergef
tph1a,tph1a
saal1,saal1
CABZ01080550.1,CABZ01080550.1
muc2.2,muc2.2
muc5.1,muc5.1
muc5.2,muc5.2
fanci,fanci
polg,polg
CU929451.1,CU929451.1
CU929451.2,CU929451.2
rhcgb,rhcgb
GDPGP1,GDPGP1
unc45a,unc45a
man2a2,man2a2
furinb,furinb
accs,accs
si:ch211-256a21.4,sich211256a21.4
rag1,rag1
rag2,rag2
im:7145024,im7145024
BX663533.1,BX663533.1
lrrc4ca,lrrc4ca
AL929493.1,AL929493.1
AL929493.2,AL929493.2
ehf,ehf
ric8a,ric8a
psmd13,psmd13
cox8b,cox8b
tesmin,tesmin
zgc:110339,zgc110339
galn,galn
si:ch211-107e6.5,sich211107e6.5
si:ch211-107e6.6,sich211107e6.6
ppp6r3,ppp6r3
lrp5,lrp5
ap3s2,ap3s2
BX572619.1,BX572619.1
anpepb,anpepb
ANPEP-1,ANPEP-1
si:ch211-147g22.4,sich211147g22.4
CR339041.1,CR339041.1
CR339041.3,CR339041.3
mhc1lja,mhc1lja
si:ch211-147g22.7,sich211147g22.7
CR339041.2,CR339041.2
mhc1lfa,mhc1lfa
mhc1lda,mhc1lda
si:dkey-52p2.5,sidkey52p2.5
mhc1lga,mhc1lga
mhc1lia,mhc1lia
mespab,mespab
mespbb,mespbb
sv2bb,sv2bb
akap13,akap13
FQ312013.1,FQ312013.1
enc2,enc2
agbl1,agbl1
ntrk3a,ntrk3a
det1,det1
CU571064.1,CU571064.1
map1lc3b,map1lc3b
si:ch211-280a23.2,sich211280a23.2
zcchc14,zcchc14
jph3,jph3
klhdc4,klhdc4
slc7a5,slc7a5
ca5a,ca5a
uba2,uba2
ccl33.3,ccl33.3
ccl33.2,ccl33.2
sept15,sept15
CR450808.2,CR450808.2
ccl39.7,ccl39.7
ccl39.6,ccl39.6
CR450808.4,CR450808.4
CR450808.3,CR450808.3
ccl39.5,ccl39.5
ccl39.4,ccl39.4
ccl39.3,ccl39.3
CR450808.1,CR450808.1
ccl39.2,ccl39.2
ccl39.1,ccl39.1
ccl35.1,ccl35.1
smpd3,smpd3
si:dkeyp-50b9.1,sidkeyp50b9.1
si:ch211-147m6.1,sich211147m6.1
si:ch211-194m7.3,sich211194m7.3
si:ch211-194m7.4,sich211194m7.4
si:ch211-147m6.3,sich211147m6.3
AL772241.2,AL772241.2
si:ch211-194m7.8,sich211194m7.8
si:ch211-194m7.5,sich211194m7.5
ndrg4,ndrg4
gins3,gins3
znrf1,znrf1
ldhd,ldhd
snrkb,snrkb
ano10b,ano10b
fa2h,fa2h
si:ch211-172l8.4,sich211172l8.4
csnk2a2b,csnk2a2b
ccdc113,ccdc113
znf319b,znf319b
usb1,usb1
pla2g15,pla2g15
lcat,lcat
ccdc135,ccdc135
ckap5,ckap5
C25H11orf49,C25H11orf49
mapk8ip1a,mapk8ip1a
cry2,cry2
chst1,chst1
zgc:101566,zgc101566
actc1c,actc1c
guca1g,guca1g
shank2b,shank2b
polr2c,polr2c
coq9,coq9
ciapin1,ciapin1
prmt7,prmt7
exoc3l1,exoc3l1
AL929309.1,AL929309.1
dbx1b,dbx1b
nav2b,nav2b
mpped2,mpped2
dnajc24,dnajc24
BX004784.1,BX004784.1
pax6a,pax6a
wt1a,wt1a
ccdc73,ccdc73
tcp11l1,tcp11l1
hipk3a,hipk3a
kiaa1549la,kiaa1549la
BX323543.2,BX323543.2
si:dkeyp-67e1.6,sidkeyp67e1.6
spon1b,spon1b
syt9b,syt9b
ppfibp2b,ppfibp2b
sb:cb470,sbcb470
cyb5r2,cyb5r2
CR759887.3,CR759887.3
ovch2,ovch2
far1,far1
dkk3b,dkk3b
si:dkey-80c24.5,sidkey80c24.5
CR759887.4,CR759887.4
si:dkey-80c24.1,sidkey80c24.1
mical2b,mical2b
parvaa,parvaa
tead1a,tead1a
si:ch211-266k8.4,sich211266k8.4
CR376785.1,CR376785.1
si:ch211-266k8.6,sich211266k8.6
smc1b,smc1b
cpa4,cpa4
cpa2,cpa2
atp6v1e1a,atp6v1e1a
slc25a18,slc25a18
cecr2,cecr2
ada2a,ada2a
galnt8a.2,galnt8a.2
galnt8a.1,galnt8a.1
ribc2,ribc2
galnt8a.1-1,galnt8a.1-1
ndufa9a,ndufa9a
dyrk4,dyrk4
C25H12orf4,C25H12orf4
zgc:77158,zgc77158
CR396584.1,CR396584.1
fgf6a,fgf6a
tigara,tigara
ccnd2a,ccnd2a
kdm7ab,kdm7ab
cnot1,cnot1
setd6,setd6
cyp2x6,cyp2x6
cyp2x7,cyp2x7
cyp2x8,cyp2x8
cyp2x9,cyp2x9
e2f4,e2f4
elmo3,elmo3
lrrc29,lrrc29
trim35-40,trim35-40
cngb1b,cngb1b
mmp15a,mmp15a
vac14,vac14
galnt18a,galnt18a
PYURF,PYURF
si:ch211-176l24.4,sich211176l24.4
pth1a,pth1a
btbd10a,btbd10a
arntl1a,arntl1a
borcs5,borcs5
C25H12orf29,C25H12orf29
cep290,cep290
tmtc3,tmtc3
kitlga,kitlga
si:dkey-106n21.1,sidkey106n21.1
dusp6,dusp6
poc1b,poc1b
cep41,cep41
cpa1,cpa1
cpa5,cpa5
tes,tes
cav2,cav2
cav1,cav1
met,met
fam185a,fam185a
si:dkeyp-93a5.2,sidkeyp93a5.2
si:dkeyp-93a5.3,sidkeyp93a5.3
fbxl13,fbxl13
armc10,armc10
cax2,cax2
parietopsin,parietopsin
parietopsin-1,parietopsin-1
CR391963.1,CR391963.1
nt5dc3,nt5dc3
C25H12orf73,C25H12orf73
tdg.2,tdg.2
tdg.1,tdg.1
efcab6,efcab6
BX897714.1,BX897714.1
samm50,samm50
cacna2d4b,cacna2d4b
lrtm2b,lrtm2b
isg20,isg20
rlbp1b,rlbp1b
abhd2b,abhd2b
mfge8b,mfge8b
BX294110.3,BX294110.3
BX294110.2,BX294110.2
hapln3,hapln3
acanb,acanb
ppip5k1b,ppip5k1b
map1ab,map1ab
cart2,cart2
glsl,glsl
zgc:193812,zgc193812
sh3gl3b,sh3gl3b
nedd1,nedd1
lyrm5b,lyrm5b
si:ch211-59o9.10,sich21159o9.10
sycp3,sycp3
actr6,actr6
gtse1,gtse1
atp2b1b,atp2b1b
zgc:171459,zgc171459
zgc:113426,zgc113426
si:dkeyp-110c12.3,sidkeyp110c12.3
mxg,mxg
mxd,mxd
zgc:101783,zgc101783
celsr1b,celsr1b
gramd4b,gramd4b
kcna6a,kcna6a
kcna1a,kcna1a
zgc:194665,zgc194665
cnot4a,cnot4a
zgc:136858,zgc136858
tnni4b.1,tnni4b.1
tnni4b.2,tnni4b.2
CR387984.1,CR387984.1
bpgm,bpgm
cald1b,cald1b
tnnt2d,tnnt2d
dnm1l,dnm1l
dnajb9a,dnajb9a
si:dkey-219c3.2,sidkey219c3.2
kctd15a,kctd15a
CHST8,CHST8
adal,adal
cplx3a,cplx3a
csk,csk
CR846093.2,CR846093.2
edc3,edc3
kxd1,kxd1
si:ch211-127m7.2,sich211127m7.2
magi2b,magi2b
gnaia,gnaia
chrm2b,chrm2b
fbxl14a,fbxl14a
prr5a,prr5a
rad52,rad52
wnk1a,wnk1a
erc1a,erc1a
fgl2b,fgl2b
tmem60,tmem60
immp2l,immp2l
lrrn3a,lrrn3a
si:dkey-81e3.2,sidkey81e3.2
DOCK4,DOCK4
znf277,znf277
tmem168b,tmem168b
CR450696.1,CR450696.1
bmt2,bmt2
ppp1r3ab,ppp1r3ab
ahcyl2a,ahcyl2a
ckmt1,ckmt1
fbxo31,fbxo31
dynlrb2,dynlrb2
si:dkey-217l24.1,sidkey217l24.1
sigirr,sigirr
pkp3a,pkp3a
hexa,hexa
nr2e3,nr2e3
stoml1,stoml1
cyp11a2,cyp11a2
cyp11a1,cyp11a1
ccdc33,ccdc33
CR759863.2,CR759863.2
stra6,stra6
islr2,islr2
ush1c,ush1c
abcc8,abcc8
kcnj11,kcnj11
mob2a,mob2a
dusp8a,dusp8a
CR396595.3,CR396595.3
CR396595.4,CR396595.4
CR354549.6,CR354549.6
CR354549.8,CR354549.8
CR354549.2,CR354549.2
CR354549.12,CR354549.12
CR354549.10,CR354549.10
CR354549.5,CR354549.5
CR354549.3,CR354549.3
CR354549.7,CR354549.7
CR354549.11,CR354549.11
ptprjb.1,ptprjb.1
ptprjb.2,ptprjb.2
osbpl5,osbpl5
CU024870.2,CU024870.2
phlda2,phlda2
nap1l4a,nap1l4a
cpt1ab,cpt1ab
si:ch211-236l14.4,sich211236l14.4
mrpl23,mrpl23
igf2b,igf2b
th,th
si:dkeyp-19e1.3,sidkeyp19e1.3
uevld,uevld
si:dkeyp-19e1.4,sidkeyp19e1.4
spty2d1,spty2d1
CT573392.1,CT573392.1
tmem86a,tmem86a
b4galnt4a,b4galnt4a
abtb2b,abtb2b
BRSK2,BRSK2
si:ch73-182e20.4,sich73182e20.4
si:dkeyp-93a5.2-1,sidkeyp93a5.2-1
ldha,ldha
tsg101a,tsg101a
ccl35.2,ccl35.2
BX544877.2,BX544877.2
BX323801.1,BX323801.1
zgc:123278,zgc123278
hrasa,hrasa
LRRC56,LRRC56
rassf7a,rassf7a
phrf1,phrf1
irf7,irf7
hic1l,hic1l
tbc1d2b,tbc1d2b
cib2,cib2
lrrc61,lrrc61
idh3a,idh3a
CR381664.1,CR381664.1
CT033842.1,CT033842.1
acsbg1,acsbg1
BX957333.1,BX957333.1
BX957333.2,BX957333.2
dapk2b,dapk2b
ciartb,ciartb
fbxl22,fbxl22
usp3,usp3
si:dkeyp-73b11.8,sidkeyp73b11.8
CR391977.1,CR391977.1
ca12,ca12
man2c1,man2c1
neil1,neil1
commd4,commd4
sema7a,sema7a
CR376804.1,CR376804.1
dldh,dldh
si:dkey-42p14.3,sidkey42p14.3
znf800a,znf800a
grm8b,grm8b
CR762471.1,CR762471.1
CR933757.1,CR933757.1
pot1,pot1
gpr37a,gpr37a
spam1,spam1
hyal4,hyal4
hyal6,hyal6
si:ch211-91p5.3,sich21191p5.3
zgc:153935,zgc153935
wasla,wasla
lmod2a,lmod2a
asb15a,asb15a
iqub,iqub
slc13a1,slc13a1
cadps2,cadps2
fezf1,fezf1
aass,aass
ptprz1a,ptprz1a
SLC15A5,SLC15A5
si:dkeyp-67e1.6-2,sidkeyp67e1.6-2
tmem17,tmem17
agbl2,agbl2
fnbp4,fnbp4
lrrc10,lrrc10
cnot2,cnot2
washc4,washc4
slc41a2a,slc41a2a
CR382363.1,CR382363.1
nfybb,nfybb
si:ch211-106e7.2,sich211106e7.2
amn1,amn1
etfbkmt,etfbkmt
BX323444.2,BX323444.2
BX323444.3,BX323444.3
arid3b,arid3b
CR376821.1,CR376821.1
cox5aa,cox5aa
rpp25a,rpp25a
parp6b,parp6b
pkmb,pkmb
CR450817.2,CR450817.2
hcn4l,hcn4l
nptna,nptna
CU469568.1,CU469568.1
ugt5a4,ugt5a4
CU469568.3,CU469568.3
CU469568.2,CU469568.2
ugt5a2,ugt5a2
ugt5a1,ugt5a1
ube2q2,ube2q2
il17rel,il17rel
si:ch211-253p14.2,sich211253p14.2
pim3,pim3
brd1b,brd1b
tafa5b,tafa5b
CR759810.1,CR759810.1
si:ch211-147k10.5,sich211147k10.5
api5,api5
CR376745.1,CR376745.1
hsd17b12a,hsd17b12a
alkbh3,alkbh3
ENSDARG00000097208,ENSDARG00000097208
ticrr,ticrr
pdia3,pdia3
ces2b,ces2b
ces2b-1,ces2b-1
pdcd2l,pdcd2l
banp,banp
CR381618.1,CR381618.1
CR381618.3,CR381618.3
kras,kras
rassf8a,rassf8a
FQ976913.1,FQ976913.1
tnni2a.1,tnni2a.1
tnni2a.2,tnni2a.2
tnni2a.3,tnni2a.3
tnni2a.4,tnni2a.4
lsp1a,lsp1a
prr33,prr33
tnnt3a,tnnt3a
myod1,myod1
zgc:172145,zgc172145
BX004812.1,BX004812.1
lamb1a,lamb1a
lamb4,lamb4
acot19,acot19
ubl7a,ubl7a
scamp5a,scamp5a
parp16,parp16
si:ch73-330k17.3,sich73330k17.3
eif3ja,eif3ja
apba2a,apba2a
duox2,duox2
duox,duox
tjp1b,tjp1b
zgc:101540,zgc101540
cep152,cep152
cops2,cops2
galk2,galk2
atp8b4,atp8b4
sqor,sqor
ctdspl2a,ctdspl2a
BX005048.1,BX005048.1
scaper,scaper
isl2a,isl2a
etfa,etfa
tmem266,tmem266
c2cd4a,c2cd4a
CABZ01046980.1,CABZ01046980.1
tln2b,tln2b
tpm1,tpm1
lactb,lactb
CABZ01046954.1,CABZ01046954.1
CABZ01071677.1,CABZ01071677.1
roraa,roraa
ice2,ice2
anxa2a,anxa2a
CT573383.1,CT573383.1
foxb1a,foxb1a
bnip2,bnip2
CU914545.1,CU914545.1
gcnt3,gcnt3
OTUD7A,OTUD7A
klf13,klf13
BX323824.1,BX323824.1
trpm1b,trpm1b
megf8-1,megf8-1
rps27l,rps27l
CABZ01080568.1,CABZ01080568.1
nup160,nup160
frs2b,frs2b
wwp2,wwp2
adat1,adat1
gabarapl2,gabarapl2
tmem231,tmem231
chst6,chst6
spire2,spire2
sntb2,sntb2
vps4a,vps4a
cdk10,cdk10
si:dkey-108k21.7,sidkey108k21.7
ccdc136b-1,ccdc136b-1
flnca,flnca
zgc:114046,zgc114046
hist1h4l-9,hist1h4l-9
si:dkey-108k21.19,sidkey108k21.19
hist1h2ba,hist1h2ba
si:dkey-108k21.10,sidkey108k21.10
hist2h3c,hist2h3c
si:dkey-108k21.11,sidkey108k21.11
zgc:163040-1,zgc1630401
zgc:112234-9,zgc1122349
si:dkey-108k21.14,sidkey108k21.14
zgc:113983,zgc113983
hist1h2a3,hist1h2a3
hist1h4l-10,hist1h4l-10
zgc:171759-1,zgc1717591
kif15,kif15
zgc:162611,zgc162611
si:dkey-108k21.24,sidkey108k21.24
si:dkey-108k21.21,sidkey108k21.21
zgc:194989,zgc194989
hist1h4l-11,hist1h4l-11
CU302436.1,CU302436.1
hist1h2a10-1,hist1h2a10-1
zgc:171759-2,zgc1717592
hist1h4l-12,hist1h4l-12
FQ312024.1,FQ312024.1
si:ch73-36p18.1,sich7336p18.1
zgc:171759-3,zgc1717593
hist1h4l-13,hist1h4l-13
FP236630.1,FP236630.1
si:dkey-261m9.6,sidkey261m9.6
hist1h2a3-1,hist1h2a3-1
CR762436.2,CR762436.2
zgc:173585,zgc173585
hist1h4l-14,hist1h4l-14
CR762436.1,CR762436.1
si:ch211-113a14.19-2,sich211113a14.19-2
si:dkey-261m9.12,sidkey261m9.12
hist1h4l-15,hist1h4l-15
hist1h2a3-2,hist1h2a3-2
si:dkey-261m9.19,sidkey261m9.19
hist1h4l-16,hist1h4l-16
zgc:173552-3,zgc1735523
hist1h2a5,hist1h2a5
zgc:153405,zgc153405
ano9a,ano9a
ano9a-1,ano9a-1
ano5a,ano5a
slc17a6a,slc17a6a
fancf,fancf
gas2a,gas2a
si:ch73-147o17.1,sich73147o17.1
ano3,ano3
slc5a12,slc5a12
fibina,fibina
si:ch211-87j1.4,sich21187j1.4
spi1a,spi1a
clpxb,clpxb
FP102071.1,FP102071.1
lrrk2,lrrk2
slc2a13b,slc2a13b
kif21a,kif21a
lsm14aa,lsm14aa
gpia,gpia
hsd17b2,hsd17b2
mphosph6,mphosph6
snx20,snx20
sall1b,sall1b
rbl2,rbl2
rpgrip1l,rpgrip1l
CABZ01089081.1,CABZ01089081.1
irx5b,irx5b
amfra,amfra
nfatc3b,nfatc3b
dus2,dus2
slc7a10b,slc7a10b
faap24,faap24
bmb,bmb
hist1h4l-17,hist1h4l-17
hist1h2a3-3,hist1h2a3-3
CR354435.2,CR354435.2
hist1h4l-18,hist1h4l-18
si:ch211-113a14.11,sich211113a14.11
hist1h4l-19,hist1h4l-19
si:ch211-113a14.12,sich211113a14.12
hist1h2a4,hist1h2a4
H3C10,H3C10
hist1h4l-20,hist1h4l-20
zgc:171759-4,zgc1717594
hist1h2a1,hist1h2a1
hist1h4l-21,hist1h4l-21
si:ch211-113a14.18,sich211113a14.18
si:ch211-113a14.19-3,sich211113a14.19-3
zgc:173552-4,zgc1735524
hist1h4l-22,hist1h4l-22
si:ch211-113a14.22-1,sich211113a14.22-1
hist1h2a3-4,hist1h2a3-4
H3C3,H3C3
si:ch211-113a14.22-2,sich211113a14.22-2
hist1h4l-23,hist1h4l-23
zgc:173552-5,zgc1735525
si:ch211-113a14.19-4,sich211113a14.19-4
si:ch211-113a14.24,sich211113a14.24
CR354435.1,CR354435.1
ankrd27,ankrd27
irx3b,irx3b
mafb,mafb
CU914144.1,CU914144.1
CU929365.2,CU929365.2
wwox,wwox
hprt1l,hprt1l
nfat5a,nfat5a
si:ch1073-174d20.1,sich1073174d20.1
si:ch1073-174d20.2,sich1073174d20.2
tdrd12,tdrd12
urahb,urahb
si:dkey-234i14.2,sidkey234i14.2
si:dkey-234i14.3,sidkey234i14.3
glg1a,glg1a
rfwd3,rfwd3
si:dkey-234i14.6,sidkey234i14.6
nudt7,nudt7
tmed6,tmed6
igl4v8,igl4v8
si:dkey-234i14.12,sidkey234i14.12
CU207301.2,CU207301.2
si:dkey-234i14.13-1,sidkey234i14.13-1
si:dkey-234i14.14,sidkey234i14.14
CU207301.1,CU207301.1
igl4v8-1,igl4v8-1
igl4v10,igl4v10
ldlrad3,ldlrad3
CU207301.3,CU207301.3
trim44,trim44
slc1a2b,slc1a2b
cd44b,cd44b
pdhx,pdhx
chmp1a,chmp1a
slc10a3,slc10a3
FO834799.1,FO834799.1
ZNF276,ZNF276
FO834799.2,FO834799.2
CABZ01095001.1,CABZ01095001.1
psma1,psma1
CABZ01088346.1,CABZ01088346.1
NC-002333.23,NC-002333.23
NC-002333.17,NC-002333.17
NC-002333.10,NC-002333.10
NC-002333.4,NC-002333.4
NC-002333.19,NC-002333.19
mt-nd1,mt-nd1
NC-002333.20,NC-002333.20
NC-002333.6,NC-002333.6
NC-002333.14,NC-002333.14
mt-nd2,mt-nd2
NC-002333.7,NC-002333.7
NC-002333.5,NC-002333.5
NC-002333.13,NC-002333.13
NC-002333.18,NC-002333.18
NC-002333.1,NC-002333.1
mt-co1,mt-co1
NC-002333.9,NC-002333.9
NC-002333.24,NC-002333.24
mt-co2,mt-co2
NC-002333.2,NC-002333.2
mt-atp8,mt-atp8
mt-atp6,mt-atp6
mt-co3,mt-co3
NC-002333.12,NC-002333.12
mt-nd3,mt-nd3
NC-002333.3,NC-002333.3
mt-nd4l,mt-nd4l
mt-nd4,mt-nd4
NC-002333.16,NC-002333.16
NC-002333.15,NC-002333.15
NC-002333.8,NC-002333.8
mt-nd5,mt-nd5
mt-nd6,mt-nd6
NC-002333.21,NC-002333.21
mt-cyb,mt-cyb
NC-002333.22,NC-002333.22
NC-002333.11,NC-002333.11
dTomato,dTomato
