,orig_gene,proc_gene
0,,
1,ptpn12,ptpn12
2,phtf2,phtf2
3,phtf2-1,phtf2-1
4,CU856344.1,CU856344.1
5,si:zfos-932h1.3,sizfos932h1.3
6,mansc1,mansc1
7,lrp6,lrp6
8,dusp16,dusp16
9,crebl2,crebl2
10,gpr19,gpr19
11,tbk1,tbk1
12,eps8a,eps8a
13,ptpro,ptpro
14,ptpro-1,ptpro-1
15,RERG,RERG
16,si:ch73-252i11.1,sich73252i11.1
17,CABZ01085275.1,CABZ01085275.1
18,echdc3,echdc3
19,FO834823.1,FO834823.1
20,msgn1,msgn1
21,si:ch211-51e12.7,sich21151e12.7
22,mrps10,mrps10
23,tulp4a,tulp4a
24,tmem181,tmem181
25,dynlt1,dynlt1
26,rpl18a,rpl18a
27,BX890562.1,BX890562.1
28,BX890562.3,BX890562.3
29,BX890562.2,BX890562.2
30,BX890562.4,BX890562.4
31,AL845512.1,AL845512.1
32,pthlha,pthlha
33,xpot,xpot
34,rtcb,rtcb
35,CU855889.1,CU855889.1
36,fbxo7,fbxo7
37,CU855889.2,CU855889.2
38,ost4,ost4
39,agbl5,agbl5
40,tmem214,tmem214
41,mapre3b,mapre3b
42,dpysl5b,dpysl5b
43,sobpb,sobpb
44,si:ch211-152c2.3,sich211152c2.3
45,crybg1b,crybg1b
46,BX649468.1,BX649468.1
47,mrap2b,mrap2b
48,ripply2,ripply2
49,sim1b,sim1b
50,atp23,atp23
51,rpap3,rpap3
52,naga,naga
53,FAM180A,FAM180A
54,mtpn,mtpn
55,si:ch211-117i20.2,sich211117i20.2
56,chrm2a,chrm2a
57,CR548631.1,CR548631.1
58,ptn,ptn
59,CABZ01068469.1,CABZ01068469.1
60,trim35-14,trim35-14
61,zmp:0000000711,zmp0000000711
62,slc38a4,slc38a4
63,AL929171.1,AL929171.1
64,slc38a2,slc38a2
65,scaf11,scaf11
66,arid2,arid2
67,CR847994.1,CR847994.1
68,gas2l3,gas2l3
69,fgfr1op2,fgfr1op2
70,tm7sf3,tm7sf3
71,med21,med21
72,pmpcb,pmpcb
73,dnajc2,dnajc2
74,nudt4b,nudt4b
75,ube2nb,ube2nb
76,mrpl42,mrpl42
77,pwp1,pwp1
78,CU571163.1,CU571163.1
79,ano6,ano6
80,si:ch73-177h5.2,sich73177h5.2
81,CU467633.3,CU467633.3
82,CU467633.2,CU467633.2
83,CU467633.1,CU467633.1
84,FAR2,FAR2
85,cpsf6,cpsf6
86,yeats4,yeats4
87,kcnc2,kcnc2
88,frs2a,frs2a
89,si:ch73-278m9.1,sich73278m9.1
90,cmah,cmah
91,glipr1a,glipr1a
92,krr1,krr1
93,si:ch73-89b15.3,sich7389b15.3
94,phlda1,phlda1
95,nap1l1,nap1l1
96,OSBPL8,OSBPL8
97,zdhhc17,zdhhc17
98,csrp2,csrp2
99,e2f7,e2f7
100,cog5,cog5
101,BX072538.1,BX072538.1
102,gpr22a,gpr22a
103,dus4l,dus4l
104,bcap29,bcap29
105,slco1c1,slco1c1
106,pde3a,pde3a
107,aebp2,aebp2
108,plekha5,plekha5
109,CABZ01085700.1,CABZ01085700.1
110,fgd4b,fgd4b
111,pik3cg,pik3cg
112,nampta,nampta
113,sypl1,sypl1
114,CU928083.1,CU928083.1
115,atxn7l1,atxn7l1
116,CU928073.1,CU928073.1
117,znf800b,znf800b
118,grm8a,grm8a
119,si:dkey-61f9.1,sidkey61f9.1
120,si:dkey-61f9.1-1,sidkey61f9.1-1
121,gpr37b,gpr37b
122,waslb,waslb
123,lmod2b,lmod2b
124,asb15b,asb15b
125,CT009596.1,CT009596.1
126,CR293509.1,CR293509.1
127,smkr1,smkr1
128,cd9b,cd9b
129,ano2b,ano2b
130,CU468826.1,CU468826.1
131,CU468826.2,CU468826.2
132,CU468826.3,CU468826.3
133,ntf3,ntf3
134,tbc1d30,tbc1d30
135,gnsa,gnsa
136,FP102892.1,FP102892.1
137,zgc:194209,zgc194209
138,rassf3,rassf3
139,FP236161.1,FP236161.1
140,CABZ01020840.1,CABZ01020840.1
141,DGKI,DGKI
142,CABZ01020834.1,CABZ01020834.1
143,creb3l2,creb3l2
144,ssbp1,ssbp1
145,si:ch211-258f14.2,sich211258f14.2
146,zgc:162331,zgc162331
147,slc13a4,slc13a4
148,coa6,coa6
149,ptprz1b,ptprz1b
150,ndufa5,ndufa5
151,CU468917.1,CU468917.1
152,CU468915.1,CU468915.1
153,strip2,strip2
154,ahcyl2b,ahcyl2b
155,tmem209,tmem209
156,ccnd2b,ccnd2b
157,tigarb,tigarb
158,fgf6b,fgf6b
159,fgf23,fgf23
160,rad51ap1,rad51ap1
161,galnt8b.1,galnt8b.1
162,galnt8b.2,galnt8b.2
163,ada2b,ada2b
164,atp6v1e1b,atp6v1e1b
165,si:ch211-214j24.14,sich211214j24.14
166,ccdc167,ccdc167
167,snap91b,snap91b
168,si:ch211-214j24.15,sich211214j24.15
169,si:ch211-214j24.10,sich211214j24.10
170,osgep,osgep
171,apex1,apex1
172,zgc:113263,zgc113263
173,si:dkey-14d8.1,sidkey14d8.1
174,selenoo2,selenoo2
175,si:dkey-14d8.20,sidkey14d8.20
176,BX324164.1,BX324164.1
177,BX324164.4,BX324164.4
178,BX324164.2,BX324164.2
179,si:dkey-14d8.22,sidkey14d8.22
180,BX324164.3,BX324164.3
181,BX324164.5,BX324164.5
182,mapk11,mapk11
183,mapk12b,mapk12b
184,si:dkey-14d8.6,sidkey14d8.6
185,si:dkey-14d8.7,sidkey14d8.7
186,vegfab,vegfab
187,mrps18a,mrps18a
188,rsph9,rsph9
189,tmem63a,tmem63a
190,pou3f2a,pou3f2a
191,faxca,faxca
192,ccnc,ccnc
193,ngs,ngs
194,pgm3,pgm3
195,si:ch73-352p4.8,sich73352p4.8
196,foxm1,foxm1
197,CU571169.1,CU571169.1
198,si:ch73-352p4.5,sich73352p4.5
199,pex26,pex26
200,usp18,usp18
201,lyrm5a,lyrm5a
202,slc5a8,slc5a8
203,utp20,utp20
204,arl1,arl1
205,tfec,tfec
206,MDFIC,MDFIC
207,CR356233.2,CR356233.2
208,CR356233.1,CR356233.1
209,foxp2,foxp2
210,ppp1r3aa,ppp1r3aa
211,si:dkey-112e7.2,sidkey112e7.2
212,gpr85,gpr85
213,BX950217.1,BX950217.1
214,tmem168a,tmem168a
215,ifrd1,ifrd1
216,dock4b,dock4b
217,CR388190.2,CR388190.2
218,CR388190.1,CR388190.1
219,FO681360.1,FO681360.1
220,FO681358.1,FO681358.1
221,FO681358.2,FO681358.2
222,lrrn3b,lrrn3b
223,CR354372.1,CR354372.1
224,si:ch211-170p16.1,sich211170p16.1
225,tnni4a,tnni4a
226,cald1a,cald1a
227,tnnt2e,tnnt2e
228,BX649411.2,BX649411.2
229,BX649411.1,BX649411.1
230,lta4h,lta4h
231,elk3,elk3
232,BX649411.3,BX649411.3
233,cdk17,cdk17
234,si:ch1073-67j19.1,sich107367j19.1
235,si:ch1073-67j19.2,sich107367j19.2
236,phyh,phyh
237,ucmaa,ucmaa
238,mcm10,mcm10
239,nudt5,nudt5
240,cdc123,cdc123
241,camk1da,camk1da
242,ccdc3a,ccdc3a
243,optn,optn
244,si:ch211-240l19.8,sich211240l19.8
245,si:ch211-240l19.7,sich211240l19.7
246,si:ch211-240l19.6,sich211240l19.6
247,si:ch211-240l19.5,sich211240l19.5
248,wnk1b,wnk1b
249,CU695020.2,CU695020.2
250,CU695020.1,CU695020.1
251,ninj2,ninj2
252,ERC1,ERC1
253,erc1b,erc1b
254,BX649324.3,BX649324.3
255,wnt5b,wnt5b
256,BX649324.1,BX649324.1
257,fbxl14b,fbxl14b
258,BX649324.2,BX649324.2
259,adipor2,adipor2
260,BX842699.1,BX842699.1
261,ttll12,ttll12
262,pnpla3,pnpla3
263,sult4a1,sult4a1
264,mpped1,mpped1
265,scube1,scube1
266,samm50l,samm50l
267,aldh1l2,aldh1l2
268,si:dkey-48p11.3,sidkey48p11.3
269,slc41a2b,slc41a2b
270,chst11,chst11
271,nfyba,nfyba
272,hcfc2,hcfc2
273,avpr1ab,avpr1ab
274,srgap1b,srgap1b
275,C4H12orf66,C4H12orf66
276,ipo8,ipo8
277,tmtc1,tmtc1
278,zgc:55888,zgc55888
279,lmf2b,lmf2b
280,kitlgb,kitlgb
281,si:ch73-139j3.4,sich73139j3.4
282,lsm8,lsm8
283,tymp,tymp
284,shank3b,shank3b
285,cdnf,cdnf
286,hspa14,hspa14
287,dclre1c,dclre1c
288,meig1,meig1
289,tmem243b,tmem243b
290,BX901962.2,BX901962.2
291,BX901962.3,BX901962.3
292,BX901962.1,BX901962.1
293,dmtf1,dmtf1
294,ELAPOR2,ELAPOR2
295,BX901962.4,BX901962.4
296,tspan9b,tspan9b
297,mical3b,mical3b
298,svopl,svopl
299,si:dkeyp-27e10.3,sidkeyp27e10.3
300,parp12b,parp12b
301,ttc41,ttc41
302,hsp90b1,hsp90b1
303,glt8d2,glt8d2
304,fbxo18,fbxo18
305,adm2a,adm2a
306,si:dkey-22l11.6,sidkey22l11.6
307,sbf1,sbf1
308,naf1,naf1
309,ccdc136b,ccdc136b
310,flncb,flncb
311,kcnd2,kcnd2
312,tspan12,tspan12
313,ing3,ing3
314,cped1,cped1
315,BX897748.1,BX897748.1
316,wnt16,wnt16
317,stab2,stab2
318,CR383662.2,CR383662.2
319,CR383662.8,CR383662.8
320,CR383662.6,CR383662.6
321,CR383662.7,CR383662.7
322,CR383662.3,CR383662.3
323,CR383662.1,CR383662.1
324,CR383662.5,CR383662.5
325,ppfibp1a,ppfibp1a
326,CR383662.4,CR383662.4
327,syt10,syt10
328,si:ch211-161n3.5,sich211161n3.5
329,si:ch211-161n3.4,sich211161n3.4
330,si:ch211-161n3.3,sich211161n3.3
331,tmtc2a,tmtc2a
332,mettl25,mettl25
333,ccdc59,ccdc59
334,si:dkey-21h14.8,sidkey21h14.8
335,si:dkey-21h14.15,sidkey21h14.15
336,si:dkey-21h14.12,sidkey21h14.12
337,si:dkey-21h14.3,sidkey21h14.3
338,si:dkey-21h14.12-1,sidkey21h14.12-1
339,si:dkey-21h14.12-2,sidkey21h14.12-2
340,si:dkey-21h14.10,sidkey21h14.10
341,BX784029.1,BX784029.1
342,si:dkey-21h14.9,sidkey21h14.9
343,cracr2ab,cracr2ab
344,prmt8b,prmt8b
345,tspan11,tspan11
346,BX784029.2,BX784029.2
347,BX784029.3,BX784029.3
348,BX649349.2,BX649349.2
349,BX649349.1,BX649349.1
350,sema3aa,sema3aa
351,pcloa,pcloa
352,pimr173,pimr173
353,ankrd16,ankrd16
354,gdi2,gdi2
355,asb13a.1,asb13a.1
356,asb13a.2,asb13a.2
357,BX465862.5,BX465862.5
358,net1,net1
359,ENSDARG00000081841,ENSDARG00000081841
360,dre-mir-29b-2,dre-mir-29b-2
361,BX465862.4,BX465862.4
362,mkln1,mkln1
363,podxl,podxl
364,BX465862.3,BX465862.3
365,BX465862.2,BX465862.2
366,BX899181.1,BX899181.1
367,BX649350.2,BX649350.2
368,BX649350.1,BX649350.1
369,cyb5r3,cyb5r3
370,btbd11a,btbd11a
371,BX005210.1,BX005210.1
372,cry1a,cry1a
373,tnnt2c,tnnt2c
374,si:dkey-222f8.3,sidkey222f8.3
375,braf,braf
376,mrps33,mrps33
377,tmem178b,tmem178b
378,CR792454.1,CR792454.1
379,cnot4b,cnot4b
380,mkrn1,mkrn1
381,tmem121b,tmem121b
382,il17ra1a,il17ra1a
383,pimr214,pimr214
384,pimr171,pimr171
385,pimr170,pimr170
386,pimr168,pimr168
387,pimr169,pimr169
388,rergla,rergla
389,arhgef39,arhgef39
390,AL844512.1,AL844512.1
391,lmo3,lmo3
392,AL954848.1,AL954848.1
393,mgst1.1,mgst1.1
394,mgst1.2,mgst1.2
395,dera,dera
396,helb,helb
397,irak3,irak3
398,b2m,b2m
399,hmga2,hmga2
400,BX119963.4,BX119963.4
401,msrb3,msrb3
402,lemd3,lemd3
403,wif1,wif1
404,vhll,vhll
405,tmbim4,tmbim4
406,BX119963.3,BX119963.3
407,si:dkey-6a5.3,sidkey6a5.3
408,BX119963.2,BX119963.2
409,BX119963.1,BX119963.1
410,grip1,grip1
411,BX470116.1,BX470116.1
412,cand1,cand1
413,si:dkey-39a18.1,sidkey39a18.1
414,dyrk2,dyrk2
415,si:ch211-266a5.12,sich211266a5.12
416,ifng1,ifng1
417,ifng1r,ifng1r
418,il26,il26
419,il22,il22
420,mdm1,mdm1
421,calua,calua
422,opn1sw1,opn1sw1
423,dre-mir-729,dre-mir-729
424,tnpo3,tnpo3
425,irf5,irf5
426,ccdc87,ccdc87
427,pnpla8,pnpla8
428,si:dkeyp-81f3.4,sidkeyp81f3.4
429,nrcama,nrcama
430,BX897729.1,BX897729.1
431,cntn1b,cntn1b
432,pdzrn4,pdzrn4
433,gxylt1b,gxylt1b
434,pphln1,pphln1
435,yaf2,yaf2
436,zcrb1,zcrb1
437,prickle1b,prickle1b
438,CU469420.1,CU469420.1
439,CU469420.3,CU469420.3
440,CU469420.2,CU469420.2
441,CU469420.4,CU469420.4
442,si:dkey-234l24.1,sidkey234l24.1
443,CR786571.2,CR786571.2
444,si:dkey-234l24.7,sidkey234l24.7
445,CR786571.3,CR786571.3
446,CR786571.4,CR786571.4
447,CR786571.1,CR786571.1
448,si:dkey-234l24.8,sidkey234l24.8
449,pus7l,pus7l
450,twf1b,twf1b
451,nell2b,nell2b
452,prl2,prl2
453,nuak1a,nuak1a
454,BX571705.1,BX571705.1
455,si:dkey-261e22.4,sidkey261e22.4
456,plxnb2a,plxnb2a
457,plxnb2a-1,plxnb2a-1
458,si:ch211-127b11.1,sich211127b11.1
459,si:dkey-183c2.4,sidkey183c2.4
460,abcc9,abcc9
461,BX571719.3,BX571719.3
462,kcnj8,kcnj8
463,BX571719.2,BX571719.2
464,cmasa,cmasa
465,BX571719.4,BX571719.4
466,BX571719.1,BX571719.1
467,shisal1a,shisal1a
468,si:dkey-14k9.3,sidkey14k9.3
469,akr1b1.1,akr1b1.1
470,akr1b1.2,akr1b1.2
471,prdm4,prdm4
472,psmc2,psmc2
473,slc26a5,slc26a5
474,tspan33a,tspan33a
475,smo,smo
476,cax1,cax1
477,klhdc10,klhdc10
478,BX571796.1,BX571796.1
479,zc3hc1,zc3hc1
480,ube2h,ube2h
481,dre-mir-183,dre-mir-183
482,ENSDARG00000083126,ENSDARG00000083126
483,dre-mir-182,dre-mir-182
484,nrf1,nrf1
485,AL590150.2,AL590150.2
486,BX537358.1,BX537358.1
487,plxna4,plxna4
488,chchd3a,chchd3a
489,exoc4,exoc4
490,BX470240.1,BX470240.1
491,lrguk,lrguk
492,col7a1l,col7a1l
493,si:dkey-117n7.2,sidkey117n7.2
494,si:dkey-117n7.3,sidkey117n7.3
495,si:dkey-117n7.4,sidkey117n7.4
496,si:dkey-117n7.5,sidkey117n7.5
497,ucn3l,ucn3l
498,copg2,copg2
499,mest,mest
500,CR749763.5,CR749763.5
501,CR749763.4,CR749763.4
502,CR749763.2,CR749763.2
503,CR749763.3,CR749763.3
504,CR749763.1,CR749763.1
505,CR749763.6,CR749763.6
506,CR749763.7,CR749763.7
507,BX649423.2,BX649423.2
508,BX649423.1,BX649423.1
509,atp2b1a,atp2b1a
510,BX649423.3,BX649423.3
511,si:dkeyp-38g8.5,sidkeyp38g8.5
512,epyc,epyc
513,BX322608.1,BX322608.1
514,kera,kera
515,lum,lum
516,dcn,dcn
517,wu:fc23c09,wufc23c09
518,btg1,btg1
519,caprin2,caprin2
520,sinhcaf,sinhcaf
521,dennd5b,dennd5b
522,pkp2,pkp2
523,tcp11l2,tcp11l2
524,BX649500.1,BX649500.1
525,BX649476.1,BX649476.1
526,gys2,gys2
527,STMP1,STMP1
528,golt1ba,golt1ba
529,spx,spx
530,kiss2,kiss2
531,ldhba,ldhba
532,slc25a3a,slc25a3a
533,tmpoa,tmpoa
534,strap,strap
535,etnk1,etnk1
536,sox5,sox5
537,CR792413.1,CR792413.1
538,BX547928.1,BX547928.1
539,si:dkey-172o10.8,sidkey172o10.8
540,casc1,casc1
541,lrmp,lrmp
542,bcat1,bcat1
543,igf1,igf1
544,nup37,nup37
545,pmch,pmch
546,parpbp,parpbp
547,BX510924.1,BX510924.1
548,th2,th2
549,pah,pah
550,ascl1a,ascl1a
551,recql,recql
552,itfg2,itfg2
553,nrip2,nrip2
554,klhl42,klhl42
555,cwf19l1,cwf19l1
556,BX890572.2,BX890572.2
557,washc3,washc3
558,dram1,dram1
559,gnptab,gnptab
560,chpt1,chpt1
561,mybpc1,mybpc1
562,BX890572.1,BX890572.1
563,CT868708.1,CT868708.1
564,spi2,spi2
565,spic,spic
566,dnajb9b,dnajb9b
567,avpr2l,avpr2l
568,apaf1,apaf1
569,anks1b,anks1b
570,BX901882.1,BX901882.1
571,uhrf1bp1l,uhrf1bp1l
572,plxnc1,plxnc1
573,cradd,cradd
574,BX649398.2,BX649398.2
575,socs2,socs2
576,ncaph2,ncaph2
577,sco2,sco2
578,BX649398.3,BX649398.3
579,si:dkey-202b22.5,sidkey202b22.5
580,si:dkey-202b22.6,sidkey202b22.6
581,rint1,rint1
582,BX649398.1,BX649398.1
583,cdkn1ba,cdkn1ba
584,CDPF1,CDPF1
585,pparaa,pparaa
586,dre-let-7b,dre-let-7b
587,dre-let-7a-3,dre-let-7a-3
588,wnt7ba,wnt7ba
589,atxn10,atxn10
590,def6c,def6c
591,slc26a4,slc26a4
592,slc26a3.2,slc26a3.2
593,slc26a3.1,slc26a3.1
594,cbll1,cbll1
595,mcat,mcat
596,bik,bik
597,mcat-1,mcat-1
598,rap1b,rap1b
599,BX649534.1,BX649534.1
600,si:dkey-31f5.8,sidkey31f5.8
601,impdh1b,impdh1b
602,si:dkey-31f5.11,sidkey31f5.11
603,lepb,lepb
604,dre-mir-129-1,dre-mir-129-1
605,BX649263.1,BX649263.1
606,si:dkey-21o22.2,sidkey21o22.2
607,snd1,snd1
608,lrrc4.1,lrrc4.1
609,pax4,pax4
610,hgfa,hgfa
611,cacna2d1a,cacna2d1a
612,BX323820.1,BX323820.1
613,drd4-rs,drd4-rs
614,BX855618.1,BX855618.1
615,zgc:193726,zgc193726
616,atp6v1f,atp6v1f
617,lamtor4,lamtor4
618,gcc1,gcc1
619,dennd6b,dennd6b
620,ppp6r2a,ppp6r2a
621,fam3c,fam3c
622,si:dkey-159a18.1,sidkey159a18.1
623,cep83,cep83
624,lrrc17,lrrc17
625,sinup,sinup
626,ccdc146,ccdc146
627,fgl2a,fgl2a
628,gsap,gsap
629,stk38l,stk38l
630,cacna2d4a,cacna2d4a
631,lrtm2a,lrtm2a
632,cacna2d4a-1,cacna2d4a-1
633,dcp1b,dcp1b
634,cacna1c,cacna1c
635,BX248410.1,BX248410.1
636,napepld,napepld
637,ints13,ints13
638,rassf8b,rassf8b
639,BX248410.5,BX248410.5
640,zmp:0000000650,zmp0000000650
641,BX248410.4,BX248410.4
642,BX248410.2,BX248410.2
643,BX248410.3,BX248410.3
644,nav3,nav3
645,syt1a,syt1a
646,pawr,pawr
647,ppp1r12a,ppp1r12a
648,BX569790.3,BX569790.3
649,rps16,rps16
650,BX569790.1,BX569790.1
651,BX569790.2,BX569790.2
652,myf6,myf6
653,myf5,myf5
654,BX537156.1,BX537156.1
655,lin7a,lin7a
656,BX537308.2,BX537308.2
657,acss3,acss3
658,ppfia2,ppfia2
659,BX537308.1,BX537308.1
660,BX537162.1,BX537162.1
661,llph,llph
662,hcls1,hcls1
663,golgb1,golgb1
664,guca1a,guca1a
665,orc5,orc5
666,lhfpl3,lhfpl3
667,kmt2e,kmt2e
668,ndufb2,ndufb2
669,kdm7aa,kdm7aa
670,BX537168.1,BX537168.1
671,sema3c,sema3c
672,cd36,cd36
673,gnai1,gnai1
674,nup107,nup107
675,magi2a,magi2a
676,slc35e3,slc35e3
677,AL935183.1,AL935183.1
678,mdm2,mdm2
679,trhde.2,trhde.2
680,AL929141.1,AL929141.1
681,AL935196.1,AL935196.1
682,CR394543.1,CR394543.1
683,trhde.2-1,trhde.2-1
684,AL929006.1,AL929006.1
685,cpm,cpm
686,usp6nl,usp6nl
687,celf2,celf2
688,gata3,gata3
689,taf3,taf3
690,atp5f1c,atp5f1c
691,kin,kin
692,itih2,itih2
693,itih5,itih5
694,tmem110l,tmem110l
695,sfmbt2,sfmbt2
696,prkcq,prkcq
697,pfkfb3,pfkfb3
698,rbm17,rbm17
699,il15ra,il15ra
700,acot14,acot14
701,acot15,acot15
702,acot16,acot16
703,acot17,acot17
704,acot18,acot18
705,lamb1b,lamb1b
706,tmcc3,tmcc3
707,ndufa12,ndufa12
708,nr2c1,nr2c1
709,BX640593.1,BX640593.1
710,fgd6,fgd6
711,vezt,vezt
712,metap2a,metap2a
713,CT573048.1,CT573048.1
714,usp44,usp44
715,DEPDC4,DEPDC4
716,SCYL2,SCYL2
717,si:ch211-244b2.3,sich211244b2.3
718,si:ch211-244b2.4,sich211244b2.4
719,BX957270.1,BX957270.1
720,st8sia1,st8sia1
721,tnni1d,tnni1d
722,b4galnt3a,b4galnt3a
723,CU137645.1,CU137645.1
724,CU137645.2,CU137645.2
725,iqsec3a,iqsec3a
726,BX088697.1,BX088697.1
727,slc6a1l,slc6a1l
728,CR749777.1,CR749777.1
729,creld2,creld2
730,alg12,alg12
731,zbed4,zbed4
732,brd1a,brd1a
733,CR751234.1,CR751234.1
734,tafa5a,tafa5a
735,tbc1d22a,tbc1d22a
736,cerk,cerk
737,gramd4a,gramd4a
738,CT583696.1,CT583696.1
739,celsr1a,celsr1a
740,trmu,trmu
741,si:ch73-263o4.3,sich73263o4.3
742,si:ch73-263o4.4,sich73263o4.4
743,tprkb,tprkb
744,alg10,alg10
745,CU694442.1,CU694442.1
746,znf1041,znf1041
747,CU694442.2,CU694442.2
748,znf1067,znf1067
749,si:ch73-289h5.5,sich73289h5.5
750,si:ch73-289h5.4,sich73289h5.4
751,FO704886.1,FO704886.1
752,dre-mir-430c-1,dre-mir-430c-1
753,dre-mir-430b-4,dre-mir-430b-4
754,dre-mir-430a-4,dre-mir-430a-4
755,dre-mir-430c-1-1,dre-mir-430c-1-1
756,dre-mir-430b-10,dre-mir-430b-10
757,dre-mir-430a-2,dre-mir-430a-2
758,dre-mir-430c-1-2,dre-mir-430c-1-2
759,dre-mir-430b-10-1,dre-mir-430b-10-1
760,dre-mir-430a-4-1,dre-mir-430a-4-1
761,dre-mir-430c-1-3,dre-mir-430c-1-3
762,dre-mir-430b-1,dre-mir-430b-1
763,dre-mir-430a-2-1,dre-mir-430a-2-1
764,dre-mir-430c-1-4,dre-mir-430c-1-4
765,dre-mir-430b-6,dre-mir-430b-6
766,dre-mir-430a-4-2,dre-mir-430a-4-2
767,dre-mir-430c-1-5,dre-mir-430c-1-5
768,dre-mir-430b-10-2,dre-mir-430b-10-2
769,dre-mir-430a-16,dre-mir-430a-16
770,dre-mir-430b-9,dre-mir-430b-9
771,dre-mir-430a-2-2,dre-mir-430a-2-2
772,dre-mir-430c-1-6,dre-mir-430c-1-6
773,dre-mir-430b-10-3,dre-mir-430b-10-3
774,dre-mir-430c-1-7,dre-mir-430c-1-7
775,dre-mir-430b-1-1,dre-mir-430b-1-1
776,dre-mir-430a-2-3,dre-mir-430a-2-3
777,dre-mir-430c-1-8,dre-mir-430c-1-8
778,dre-mir-430b-6-1,dre-mir-430b-6-1
779,dre-mir-430a-11,dre-mir-430a-11
780,dre-mir-430c-1-9,dre-mir-430c-1-9
781,dre-mir-430b-10-4,dre-mir-430b-10-4
782,dre-mir-430c-1-10,dre-mir-430c-1-10
783,dre-mir-430b-18,dre-mir-430b-18
784,dre-mir-430a-2-4,dre-mir-430a-2-4
785,dre-mir-430c-1-11,dre-mir-430c-1-11
786,dre-mir-430b-10-5,dre-mir-430b-10-5
787,dre-mir-430a-16-1,dre-mir-430a-16-1
788,dre-mir-430b-9-1,dre-mir-430b-9-1
789,dre-mir-430a-2-5,dre-mir-430a-2-5
790,dre-mir-430c-1-12,dre-mir-430c-1-12
791,dre-mir-430b-10-6,dre-mir-430b-10-6
792,dre-mir-430c-1-13,dre-mir-430c-1-13
793,dre-mir-430b-18-1,dre-mir-430b-18-1
794,dre-mir-430a-2-6,dre-mir-430a-2-6
795,dre-mir-430c-1-14,dre-mir-430c-1-14
796,dre-mir-430b-10-7,dre-mir-430b-10-7
797,dre-mir-430a-4-3,dre-mir-430a-4-3
798,dre-mir-430c-1-15,dre-mir-430c-1-15
799,dre-mir-430b-1-2,dre-mir-430b-1-2
800,dre-mir-430a-2-7,dre-mir-430a-2-7
801,dre-mir-430c-1-16,dre-mir-430c-1-16
802,dre-mir-430b-6-2,dre-mir-430b-6-2
803,dre-mir-430a-4-4,dre-mir-430a-4-4
804,dre-mir-430c-1-17,dre-mir-430c-1-17
805,dre-mir-430b-10-8,dre-mir-430b-10-8
806,znf1059,znf1059
807,BX088538.1,BX088538.1
808,zgc:174315,zgc174315
809,si:dkey-23a23.3,sidkey23a23.3
810,si:dkey-13e3.1,sidkey13e3.1
811,si:dkey-23a23.2,sidkey23a23.2
812,CR388132.1,CR388132.1
813,CR388132.2,CR388132.2
814,si:dkey-23a23.1,sidkey23a23.1
815,CR382372.1,CR382372.1
816,CR847895.1,CR847895.1
817,znf1140,znf1140
818,si:ch211-214c20.1,sich211214c20.1
819,BX248122.1,BX248122.1
820,si:ch211-214c20.1-1,sich211214c20.1-1
821,si:dkey-191j3.1,sidkey191j3.1
822,znf1119,znf1119
823,BX530097.1,BX530097.1
824,si:ch211-231i17.3,sich211231i17.3
825,si:ch211-231i17.4,sich211231i17.4
826,znf1121,znf1121
827,znf1111,znf1111
828,znf1128,znf1128
829,si:rp71-7l19.2,sirp717l19.2
830,BX323560.1,BX323560.1
831,si:ch211-22k7.9,sich21122k7.9
832,si:dkey-265e15.2,sidkey265e15.2
833,CR936249.1,CR936249.1
834,si:dkey-233e3.3,sidkey233e3.3
835,CR394552.1,CR394552.1
836,znf1047,znf1047
837,znf1083,znf1083
838,si:dkey-199m13.7,sidkey199m13.7
839,CR383668.2,CR383668.2
840,CR383668.1,CR383668.1
841,znf1114,znf1114
842,si:dkey-199m13.5,sidkey199m13.5
843,si:dkey-199m13.4,sidkey199m13.4
844,znf1052,znf1052
845,CU302413.1,CU302413.1
846,si:dkey-16p19.5,sidkey16p19.5
847,CU207245.1,CU207245.1
848,zgc:172014,zgc172014
849,si:dkey-178j11.5,sidkey178j11.5
850,si:dkey-11n14.1,sidkey11n14.1
851,AL953856.4,AL953856.4
852,AL953856.1,AL953856.1
853,AL953856.5,AL953856.5
854,znf1099,znf1099
855,AL953856.3,AL953856.3
856,AL953856.9,AL953856.9
857,AL953856.10,AL953856.10
858,AL953856.7,AL953856.7
859,AL953856.8,AL953856.8
860,AL953856.6,AL953856.6
861,AL953856.2,AL953856.2
862,si:dkey-47k16.4,sidkey47k16.4
863,BX649620.1,BX649620.1
864,BX571711.22,BX571711.22
865,BX571711.9,BX571711.9
866,BX571711.6,BX571711.6
867,BX571711.21,BX571711.21
868,BX571711.12,BX571711.12
869,BX571711.16,BX571711.16
870,BX571711.15,BX571711.15
871,BX571711.14,BX571711.14
872,BX571711.2,BX571711.2
873,BX571711.11,BX571711.11
874,BX571711.18,BX571711.18
875,BX571711.8,BX571711.8
876,BX571711.13,BX571711.13
877,BX571711.10,BX571711.10
878,BX571711.19,BX571711.19
879,BX571711.5,BX571711.5
880,BX571711.20,BX571711.20
881,BX571711.1,BX571711.1
882,BX571711.3,BX571711.3
883,si:dkey-43f9.4,sidkey43f9.4
884,BX571711.4,BX571711.4
885,BX571711.17,BX571711.17
886,BX571711.7,BX571711.7
887,si:dkey-57l19.1,sidkey57l19.1
888,si:ch211-127b6.2,sich211127b6.2
889,AL590152.1,AL590152.1
890,znf996,znf996
891,si:dkey-19c16.12,sidkey19c16.12
892,si:dkey-265e15.5,sidkey265e15.5
893,BX548173.2,BX548173.2
894,BX548173.1,BX548173.1
895,si:dkey-16p6.1,sidkey16p6.1
896,BX539310.1,BX539310.1
897,si:dkey-72l17.5,sidkey72l17.5
898,BX649328.1,BX649328.1
899,BX649328.2,BX649328.2
900,BX649328.3,BX649328.3
901,CR450785.1,CR450785.1
902,si:dkey-72l17.6,sidkey72l17.6
903,CR450785.11,CR450785.11
904,CR450785.15,CR450785.15
905,CR450785.7,CR450785.7
906,CR450785.21,CR450785.21
907,CR450785.8,CR450785.8
908,CR450785.12,CR450785.12
909,CR450785.19,CR450785.19
910,CR450785.5,CR450785.5
911,CR450785.20,CR450785.20
912,CR450785.2,CR450785.2
913,CR450785.18,CR450785.18
914,CR450785.9,CR450785.9
915,CR450785.3,CR450785.3
916,CR450785.16,CR450785.16
917,CR450785.23,CR450785.23
918,CR450785.14,CR450785.14
919,CR450785.6,CR450785.6
920,CR450785.13,CR450785.13
921,CR450785.10,CR450785.10
922,CR450785.22,CR450785.22
923,CR450785.4,CR450785.4
924,CR450785.17,CR450785.17
925,CR450785.24,CR450785.24
926,BX005268.1,BX005268.1
927,zgc:174698,zgc174698
928,si:dkey-16p6.1-1,sidkey16p6.1-1
929,si:dkey-265e7.1,sidkey265e7.1
930,znf1085,znf1085
931,znf1108,znf1108
932,znf1042,znf1042
933,BX324003.1,BX324003.1
934,si:dkey-16p6.1-2,sidkey16p6.1-2
935,BX324003.2,BX324003.2
936,si:dkey-26h11.2,sidkey26h11.2
937,si:dkey-26h11.1,sidkey26h11.1
938,si:dkeyp-4f2.1,sidkeyp4f2.1
939,znf1112,znf1112
940,si:dkeyp-4f2.6,sidkeyp4f2.6
941,si:ch211-162i8.4,sich211162i8.4
942,si:dkey-247i3.6,sidkey247i3.6
943,si:dkey-247i3.5,sidkey247i3.5
944,znf1000,znf1000
945,znf1055,znf1055
946,si:dkeyp-4f2.3,sidkeyp4f2.3
947,znf1090,znf1090
948,CT027578.1,CT027578.1
949,CT027578.2,CT027578.2
950,si:dkeyp-4f2.3-1,sidkeyp4f2.3-1
951,znf1065,znf1065
952,si:dkey-247i3.1,sidkey247i3.1
953,CT027801.2,CT027801.2
954,CT027801.1,CT027801.1
955,si:dkey-84h14.2,sidkey84h14.2
956,si:dkey-84h14.4,sidkey84h14.4
957,si:dkey-84h14.1,sidkey84h14.1
958,si:ch211-197f20.1,sich211197f20.1
959,AL807749.2,AL807749.2
960,AL807749.1,AL807749.1
961,znf1026,znf1026
962,si:dkey-28i19.3,sidkey28i19.3
963,CABZ01060112.2,CABZ01060112.2
964,CABZ01060112.1,CABZ01060112.1
965,CABZ01060113.1,CABZ01060113.1
966,CABZ01060113.2,CABZ01060113.2
967,si:ch211-223g7.6,sich211223g7.6
968,BX324179.1,BX324179.1
969,si:ch211-246b8.5,sich211246b8.5
970,CT025695.1,CT025695.1
971,si:ch211-246b8.1,sich211246b8.1
972,CT025695.2,CT025695.2
973,si:ch211-246b8.2,sich211246b8.2
974,CR847504.1,CR847504.1
975,si:ch211-64i20.3,sich21164i20.3
976,si:dkeyp-51g9.4,sidkeyp51g9.4
977,AL645691.2,AL645691.2
978,pimr168-1,pimr168-1
979,AL645691.3,AL645691.3
980,AL645691.1,AL645691.1
981,si:ch211-237a4.2,sich211237a4.2
982,si:dkey-146m20.13,sidkey146m20.13
983,BX901954.1,BX901954.1
984,znf985,znf985
985,CR388228.1,CR388228.1
986,si:dkey-279j5.1,sidkey279j5.1
987,si:dkey-269p2.1,sidkey269p2.1
988,si:ch211-276i6.1,sich211276i6.1
989,BX000703.1,BX000703.1
990,zgc:174698-1,zgc1746981
991,CR847906.2,CR847906.2
992,CR847906.1,CR847906.1
993,si:dkeyp-4c4.2,sidkeyp4c4.2
994,CABZ01087265.1,CABZ01087265.1
995,zgc:174653,zgc174653
996,si:dkey-176f19.7,sidkey176f19.7
997,znf1089,znf1089
998,si:dkey-176f19.4,sidkey176f19.4
999,zgc:174180,zgc174180
1000,znf1125,znf1125
1001,znf1023,znf1023
1002,si:dkey-176f19.1,sidkey176f19.1
1003,si:ch211-271g18.4,sich211271g18.4
1004,znf1109,znf1109
1005,znf1116,znf1116
1006,si:dkey-190j3.2,sidkey190j3.2
1007,si:dkey-238o14.1,sidkey238o14.1
1008,znf1149,znf1149
1009,BX649453.1,BX649453.1
1010,si:dkey-151g22.1,sidkey151g22.1
1011,BX537137.3,BX537137.3
1012,si:dkeyp-87d1.1,sidkeyp87d1.1
1013,BX537137.2,BX537137.2
1014,BX537137.1,BX537137.1
1015,BX571760.1,BX571760.1
1016,si:dkey-3p4.7,sidkey3p4.7
1017,znf973,znf973
1018,CR556708.1,CR556708.1
1019,CR556708.2,CR556708.2
1020,si:ch73-134f24.1,sich73134f24.1
1021,si:dkeyp-86c4.1,sidkeyp86c4.1
1022,si:dkey-106c17.2,sidkey106c17.2
1023,znf1102,znf1102
1024,znf1100,znf1100
1025,si:dkey-3p4.1,sidkey3p4.1
1026,znf1139,znf1139
1027,si:dkey-3p4.8,sidkey3p4.8
1028,BX510935.2,BX510935.2
1029,BX510935.1,BX510935.1
1030,si:dkey-207l24.2,sidkey207l24.2
1031,si:ch211-271g18.1,sich211271g18.1
1032,si:dkeyp-82b4.2,sidkeyp82b4.2
1033,CR759843.2,CR759843.2
1034,znf1051,znf1051
1035,CR759843.4,CR759843.4
1036,CR759843.3,CR759843.3
1037,si:dkeyp-82b4.4,sidkeyp82b4.4
1038,CR759843.1,CR759843.1
1039,si:dkeyp-82b4.6,sidkeyp82b4.6
1040,znf1016,znf1016
1041,znf1071,znf1071
1042,si:ch211-229l10.11,sich211229l10.11
1043,CR381657.6,CR381657.6
1044,CR381657.7,CR381657.7
1045,CR381657.3,CR381657.3
1046,CR381657.2,CR381657.2
1047,CR381657.4,CR381657.4
1048,CR381657.5,CR381657.5
1049,znf1093,znf1093
1050,si:ch211-229l10.4,sich211229l10.4
1051,si:ch211-229l10.9,sich211229l10.9
1052,si:ch211-209n20.3,sich211209n20.3
1053,CR381657.1,CR381657.1
1054,znf1092,znf1092
1055,znf994,znf994
1056,si:ch211-209n20.59,sich211209n20.59
1057,si:ch211-209n20.1,sich211209n20.1
1058,BX324212.1,BX324212.1
1059,BX324212.2,BX324212.2
1060,si:dkey-59l11.7,sidkey59l11.7
1061,si:dkey-59l11.10,sidkey59l11.10
1062,znf1127,znf1127
1063,znf997,znf997
1064,si:dkey-66k12.3,sidkey66k12.3
1065,si:dkey-122c11.1,sidkey122c11.1
1066,znf977,znf977
1067,si:dkey-122c11.8,sidkey122c11.8
1068,CR407594.1,CR407594.1
1069,si:ch211-22k7.9-1,sich21122k7.9-1
1070,si:ch73-236c18.2,sich73236c18.2
1071,CR352303.1,CR352303.1
1072,BX548067.3,BX548067.3
1073,si:dkey-261o4.1,sidkey261o4.1
1074,si:dkey-156k2.4,sidkey156k2.4
1075,si:dkey-261o4.9,sidkey261o4.9
1076,BX548067.1,BX548067.1
1077,BX548067.2,BX548067.2
1078,BX950868.3,BX950868.3
1079,BX950868.2,BX950868.2
1080,BX950868.1,BX950868.1
1081,CR749167.2,CR749167.2
1082,si:dkeyp-4c4.1,sidkeyp4c4.1
1083,CR749167.1,CR749167.1
1084,znf979,znf979
1085,si:ch211-215p11.1,sich211215p11.1
1086,si:dkey-199k11.6,sidkey199k11.6
1087,BX649341.1,BX649341.1
1088,si:dkey-5i16.5,sidkey5i16.5
1089,si:ch211-238e22.8,sich211238e22.8
1090,znf995,znf995
1091,si:ch211-246n15.2,sich211246n15.2
1092,znf1102-1,znf1102-1
1093,si:dkey-22h13.2,sidkey22h13.2
1094,si:ch211-218h8.1,sich211218h8.1
1095,si:dkey-22h13.3,sidkey22h13.3
1096,si:ch211-218h8.3,sich211218h8.3
1097,BX901907.1,BX901907.1
1098,BX901907.4,BX901907.4
1099,BX901907.3,BX901907.3
1100,BX901907.2,BX901907.2
1101,si:dkey-57c22.1,sidkey57c22.1
1102,zgc:174698-2,zgc1746982
1103,si:dkey-207m2.4,sidkey207m2.4
1104,AL845295.2,AL845295.2
1105,si:dkey-285e18.2,sidkey285e18.2
1106,AL845295.1,AL845295.1
1107,si:dkey-285e18.5,sidkey285e18.5
1108,si:dkey-285e18.6,sidkey285e18.6
1109,zgc:174650,zgc174650
1110,BX649394.9,BX649394.9
1111,BX649394.13,BX649394.13
1112,BX649394.2,BX649394.2
1113,BX649394.14,BX649394.14
1114,BX649394.6,BX649394.6
1115,BX649394.15,BX649394.15
1116,BX649394.11,BX649394.11
1117,BX649394.7,BX649394.7
1118,BX649394.4,BX649394.4
1119,BX649394.8,BX649394.8
1120,BX649394.1,BX649394.1
1121,BX649394.12,BX649394.12
1122,BX649394.10,BX649394.10
1123,BX649394.3,BX649394.3
1124,BX649394.5,BX649394.5
1125,znf1136,znf1136
1126,BX571664.1,BX571664.1
1127,si:dkeyp-82h4.1,sidkeyp82h4.1
1128,si:dkeyp-82h4.3,sidkeyp82h4.3
1129,si:dkey-16p19.1,sidkey16p19.1
1130,znf1062,znf1062
1131,si:ch211-73m21.1,sich21173m21.1
1132,CR382294.1,CR382294.1
1133,si:ch211-181p13.2,sich211181p13.2
1134,si:dkey-16p19.5-1,sidkey16p19.5-1
1135,CR388165.10,CR388165.10
1136,si:dkey-16p19.8,sidkey16p19.8
1137,CR388165.1,CR388165.1
1138,CR388165.2,CR388165.2
1139,CR388165.4,CR388165.4
1140,CR388165.11,CR388165.11
1141,CR388165.6,CR388165.6
1142,CR388165.9,CR388165.9
1143,CR388165.3,CR388165.3
1144,CR388165.7,CR388165.7
1145,CR388165.8,CR388165.8
1146,CR388165.5,CR388165.5
1147,znf987,znf987
1148,BX088603.2,BX088603.2
1149,si:dkeyp-44d3.1,sidkeyp44d3.1
1150,si:dkeyp-44d3.3,sidkeyp44d3.3
1151,znf1094,znf1094
1152,BX088603.3,BX088603.3
1153,si:dkeyp-44d3.5,sidkeyp44d3.5
1154,znf976,znf976
1155,BX088603.1,BX088603.1
1156,CR855306.1,CR855306.1
1157,znf1049,znf1049
1158,si:dkey-237m9.2,sidkey237m9.2
1159,si:dkey-237m9.1,sidkey237m9.1
1160,si:ch211-268b14.2,sich211268b14.2
1161,CR854899.1,CR854899.1
1162,CR954226.1,CR954226.1
1163,CR954226.3,CR954226.3
1164,CR954226.4,CR954226.4
1165,CR954226.2,CR954226.2
1166,znf1145,znf1145
1167,si:ch211-142b24.8,sich211142b24.8
1168,si:dkeyp-85d8.5,sidkeyp85d8.5
1169,zgc:174696,zgc174696
1170,znf1060,znf1060
1171,CR854948.1,CR854948.1
1172,znf1148,znf1148
1173,si:ch211-142b24.2,sich211142b24.2
1174,si:ch211-76m11.8,sich21176m11.8
1175,si:dkey-4e4.1,sidkey4e4.1
1176,znf1118,znf1118
1177,BX511066.2,BX511066.2
1178,BX511066.1,BX511066.1
1179,si:ch211-59d8.2,sich21159d8.2
1180,si:ch211-59d8.3,sich21159d8.3
1181,si:dkey-16p6.1-3,sidkey16p6.1-3
1182,BX000477.8,BX000477.8
1183,BX000477.6,BX000477.6
1184,BX000477.9,BX000477.9
1185,BX000477.7,BX000477.7
1186,BX000477.4,BX000477.4
1187,BX000477.1,BX000477.1
1188,BX000477.5,BX000477.5
1189,BX000477.3,BX000477.3
1190,si:dkey-11d20.1,sidkey11d20.1
1191,BX000477.2,BX000477.2
1192,BX000477.10,BX000477.10
1193,znf1053,znf1053
1194,CR925768.11,CR925768.11
1195,CR925768.5,CR925768.5
1196,CR925768.15,CR925768.15
1197,CR925768.16,CR925768.16
1198,CR925768.8,CR925768.8
1199,CR925768.10,CR925768.10
1200,CR925768.6,CR925768.6
1201,CR925768.4,CR925768.4
1202,CR925768.14,CR925768.14
1203,CR925768.17,CR925768.17
1204,CR925768.9,CR925768.9
1205,CR925768.13,CR925768.13
1206,CR925768.7,CR925768.7
1207,CR925768.18,CR925768.18
1208,CR925768.2,CR925768.2
1209,CR925768.3,CR925768.3
1210,CR925768.12,CR925768.12
1211,CR925768.1,CR925768.1
1212,CT027759.1,CT027759.1
1213,si:zfos-451d2.2,sizfos451d2.2
1214,si:dkey-54j5.2,sidkey54j5.2
1215,znf1072,znf1072
1216,znf1137,znf1137
1217,BX927135.1,BX927135.1
1218,BX927135.3,BX927135.3
1219,si:dkey-16p6.2,sidkey16p6.2
1220,BX927135.2,BX927135.2
1221,si:ch211-76m11.5,sich21176m11.5
1222,si:dkey-29j8.1,sidkey29j8.1
1223,si:dkeyp-53e4.1,sidkeyp53e4.1
1224,si:dkey-29j8.2,sidkey29j8.2
1225,BX927253.2,BX927253.2
1226,BX927253.3,BX927253.3
1227,BX927253.1,BX927253.1
1228,znf1073,znf1073
1229,si:dkeyp-53e4.2,sidkeyp53e4.2
1230,BX664605.1,BX664605.1
1231,si:dkeyp-53e4.4,sidkeyp53e4.4
1232,BX664605.2,BX664605.2
1233,si:dkey-16p6.4,sidkey16p6.4
1234,si:dkey-29p23.2,sidkey29p23.2
1235,si:dkey-29p23.1,sidkey29p23.1
1236,zgc:173705,zgc173705
1237,si:ch211-226o13.1,sich211226o13.1
1238,si:dkey-261p22.1,sidkey261p22.1
1239,si:ch211-226o13.3,sich211226o13.3
1240,znf1104,znf1104
1241,si:dkey-4j21.2,sidkey4j21.2
1242,CABZ01015525.1,CABZ01015525.1
1243,si:dkeyp-100h4.4,sidkeyp100h4.4
1244,si:dkeyp-100h4.1,sidkeyp100h4.1
1245,si:dkeyp-100h4.7,sidkeyp100h4.7
1246,BX649454.1,BX649454.1
1247,si:dkeyp-100h4.2,sidkeyp100h4.2
1248,si:dkey-7j22.1,sidkey7j22.1
1249,si:dkey-7j22.2,sidkey7j22.2
1250,znf1115,znf1115
1251,si:dkey-7j22.4,sidkey7j22.4
1252,BX897720.1,BX897720.1
1253,si:dkey-16p6.1-4,sidkey16p6.1-4
1254,si:dkeyp-77c4.5,sidkeyp77c4.5
1255,znf1107,znf1107
1256,znf1137-1,znf1137-1
1257,BX649307.1,BX649307.1
1258,znf980,znf980
1259,si:dkeyp-100h4.8,sidkeyp100h4.8
1260,si:dkey-51d8.1,sidkey51d8.1
1261,si:ch211-227e10.6,sich211227e10.6
1262,BX649516.5,BX649516.5
1263,BX649516.1,BX649516.1
1264,BX649516.3,BX649516.3
1265,si:dkey-51d8.3,sidkey51d8.3
1266,si:dkey-51d8.6,sidkey51d8.6
1267,znf1046,znf1046
1268,BX649516.2,BX649516.2
1269,si:dkey-51d8.9,sidkey51d8.9
1270,BX649516.4,BX649516.4
1271,znf1021,znf1021
1272,znf1115-1,znf1115-1
1273,BX649479.1,BX649479.1
1274,znf1138,znf1138
1275,si:ch211-162i8.2,sich211162i8.2
1276,si:dkey-247i3.6-1,sidkey247i3.6-1
1277,si:ch211-162i8.5,sich211162i8.5
1278,si:dkey-16p6.1-5,sidkey16p6.1-5
1279,si:ch211-162i8.4-1,sich211162i8.4-1
1280,BX649518.1,BX649518.1
1281,si:ch211-162i8.7,sich211162i8.7
1282,si:dkey-256i11.3,sidkey256i11.3
1283,si:dkey-256i11.6,sidkey256i11.6
1284,si:dkey-256i11.2,sidkey256i11.2
1285,BX649399.21,BX649399.21
1286,BX649399.1,BX649399.1
1287,BX649399.5,BX649399.5
1288,BX649399.18,BX649399.18
1289,BX649399.6,BX649399.6
1290,BX649399.20,BX649399.20
1291,BX649399.12,BX649399.12
1292,BX649399.14,BX649399.14
1293,BX649399.3,BX649399.3
1294,BX649399.7,BX649399.7
1295,BX649399.16,BX649399.16
1296,BX649399.13,BX649399.13
1297,BX649399.19,BX649399.19
1298,BX649399.15,BX649399.15
1299,BX649399.17,BX649399.17
1300,BX649399.8,BX649399.8
1301,BX649399.10,BX649399.10
1302,BX649399.9,BX649399.9
1303,BX649399.11,BX649399.11
1304,BX649399.2,BX649399.2
1305,BX649399.4,BX649399.4
1306,znf1038,znf1038
1307,BX927193.6,BX927193.6
1308,BX927193.10,BX927193.10
1309,BX927193.12,BX927193.12
1310,BX927193.13,BX927193.13
1311,BX927193.8,BX927193.8
1312,BX927193.3,BX927193.3
1313,BX927193.9,BX927193.9
1314,BX927193.11,BX927193.11
1315,BX927193.5,BX927193.5
1316,BX927193.7,BX927193.7
1317,BX927193.4,BX927193.4
1318,BX927193.2,BX927193.2
1319,BX927193.1,BX927193.1
1320,zgc:173702,zgc173702
1321,BX927164.1,BX927164.1
1322,BX927164.2,BX927164.2
1323,si:dkey-16p6.1-6,sidkey16p6.1-6
1324,BX927336.3,BX927336.3
1325,BX927336.1,BX927336.1
1326,si:ch211-215p11.3,sich211215p11.3
1327,si:dkey-26m3.3,sidkey26m3.3
1328,BX927336.2,BX927336.2
1329,si:ch211-215p11.1-1,sich211215p11.1-1
1330,si:dkey-31n13.4,sidkey31n13.4
1331,BX927287.1,BX927287.1
1332,BX942815.11,BX942815.11
1333,si:dkey-26m3.1,sidkey26m3.1
1334,si:dkey-26m3.2,sidkey26m3.2
1335,BX942815.6,BX942815.6
1336,BX942815.10,BX942815.10
1337,BX942815.12,BX942815.12
1338,BX942815.4,BX942815.4
1339,BX942815.2,BX942815.2
1340,BX942815.13,BX942815.13
1341,BX942815.9,BX942815.9
1342,BX942815.7,BX942815.7
1343,BX942815.8,BX942815.8
1344,BX942815.3,BX942815.3
1345,BX942815.5,BX942815.5
1346,BX942815.1,BX942815.1
1347,crestin,crestin
1348,CR450840.1,CR450840.1
1349,si:ch211-261d9.1,sich211261d9.1
1350,znf1122,znf1122
1351,si:dkey-124l13.1,sidkey124l13.1
1352,BX324142.1,BX324142.1
1353,znf1040,znf1040
1354,si:ch211-196f19.1,sich211196f19.1
1355,BX324142.2,BX324142.2
1356,si:ch211-196h24.2,sich211196h24.2
1357,si:ch211-196h24.1,sich211196h24.1
1358,BX321887.3,BX321887.3
1359,BX321887.12,BX321887.12
1360,BX321887.8,BX321887.8
1361,BX321887.5,BX321887.5
1362,BX321887.1,BX321887.1
1363,BX321887.4,BX321887.4
1364,BX321887.11,BX321887.11
1365,BX321887.9,BX321887.9
1366,BX321887.6,BX321887.6
1367,BX321887.7,BX321887.7
1368,BX321887.10,BX321887.10
1369,BX321887.13,BX321887.13
1370,BX321887.14,BX321887.14
1371,BX321887.15,BX321887.15
1372,BX321887.2,BX321887.2
1373,CR356223.3,CR356223.3
1374,CR356223.4,CR356223.4
1375,CR356223.5,CR356223.5
1376,si:dkey-28k24.2,sidkey28k24.2
1377,CR356223.1,CR356223.1
1378,znf980-1,znf980-1
1379,znf1063,znf1063
1380,CR356223.2,CR356223.2
1381,znf1023-1,znf1023-1
1382,znf1020,znf1020
1383,znf1113,znf1113
1384,znf1064,znf1064
1385,si:ch211-234c11.2,sich211234c11.2
1386,si:ch211-234c11.3,sich211234c11.3
1387,zgc:173705-1,zgc1737051
1388,znf1036,znf1036
1389,znf1146,znf1146
1390,CR293532.1,CR293532.1
1391,si:dkey-40n15.1,sidkey40n15.1
1392,CR293502.1,CR293502.1
1393,si:ch211-42i6.2,sich21142i6.2
1394,BX942819.3,BX942819.3
1395,BX942819.2,BX942819.2
1396,BX942819.1,BX942819.1
1397,CR293498.1,CR293498.1
1398,si:dkey-5i16.5-1,sidkey5i16.5-1
1399,si:dkey-159n16.2,sidkey159n16.2
1400,si:ch211-197e7.3,sich211197e7.3
1401,BX927318.1,BX927318.1
1402,si:dkey-159n16.4,sidkey159n16.4
1403,znf1057,znf1057
1404,znf974,znf974
1405,BX465205.2,BX465205.2
1406,BX465205.3,BX465205.3
1407,BX465205.1,BX465205.1
1408,si:ch211-197e7.1,sich211197e7.1
1409,BX324126.1,BX324126.1
1410,zgc:173709,zgc173709
1411,BX957251.1,BX957251.1
1412,si:dkey-156k2.4-1,sidkey156k2.4-1
1413,CR356227.7,CR356227.7
1414,CR356227.8,CR356227.8
1415,CR356227.2,CR356227.2
1416,CR356227.6,CR356227.6
1417,CR356227.3,CR356227.3
1418,CR356227.12,CR356227.12
1419,CR356227.5,CR356227.5
1420,CR356227.11,CR356227.11
1421,CR356227.4,CR356227.4
1422,CR356227.9,CR356227.9
1423,CR356227.10,CR356227.10
1424,si:dkey-16p19.5-2,sidkey16p19.5-2
1425,CR356227.1,CR356227.1
1426,si:ch211-152l15.2,sich211152l15.2
1427,si:dkey-16p6.1-7,sidkey16p6.1-7
1428,znf1135,znf1135
1429,znf1066,znf1066
1430,si:dkey-156k2.7,sidkey156k2.7
1431,si:dkey-156k2.8,sidkey156k2.8
1432,znf1061,znf1061
1433,BX663613.1,BX663613.1
1434,BX663613.2,BX663613.2
1435,zgc:174704,zgc174704
1436,znf977-1,znf977-1
1437,BX855590.1,BX855590.1
1438,znf1110,znf1110
1439,znf1058,znf1058
1440,si:ch211-245n8.4,sich211245n8.4
1441,znf1045,znf1045
1442,si:ch211-208f21.2,sich211208f21.2
1443,si:ch211-208f21.3,sich211208f21.3
1444,si:dkey-156j15.1,sidkey156j15.1
1445,BX855613.2,BX855613.2
1446,BX855613.1,BX855613.1
1447,znf1026-1,znf1026-1
1448,BX005380.2,BX005380.2
1449,znf1141,znf1141
1450,BX005380.1,BX005380.1
1451,CABZ01036080.1,CABZ01036080.1
1452,CABZ01036081.1,CABZ01036081.1
1453,si:dkeyp-82b4.3,sidkeyp82b4.3
1454,CR388390.8,CR388390.8
1455,CR388390.2,CR388390.2
1456,CR388390.18,CR388390.18
1457,CR388390.1,CR388390.1
1458,CR388390.13,CR388390.13
1459,CR388390.7,CR388390.7
1460,CR388390.20,CR388390.20
1461,CR388390.4,CR388390.4
1462,CR388390.14,CR388390.14
1463,CR388390.16,CR388390.16
1464,CR388390.15,CR388390.15
1465,CR388390.6,CR388390.6
1466,CR388390.10,CR388390.10
1467,CR388390.17,CR388390.17
1468,CR388390.3,CR388390.3
1469,CR388390.21,CR388390.21
1470,CR388390.19,CR388390.19
1471,CR388390.12,CR388390.12
1472,CR388390.9,CR388390.9
1473,CR388390.5,CR388390.5
1474,CR388390.11,CR388390.11
1475,CR628395.1,CR628395.1
1476,si:dkey-165e24.1,sidkey165e24.1
1477,si:dkeyp-90h9.1,sidkeyp90h9.1
1478,BX321870.2,BX321870.2
1479,BX321870.3,BX321870.3
1480,BX321870.1,BX321870.1
1481,BX908721.2,BX908721.2
1482,BX908721.1,BX908721.1
1483,si:dkey-22a18.2,sidkey22a18.2
1484,BX649431.1,BX649431.1
1485,BX649431.3,BX649431.3
1486,BX649431.2,BX649431.2
1487,si:dkeyp-44b5.4,sidkeyp44b5.4
1488,si:dkeyp-107f9.1,sidkeyp107f9.1
1489,si:dkey-16b10.1,sidkey16b10.1
1490,BX649431.4,BX649431.4
1491,znf1034,znf1034
1492,si:dkey-16b10.2,sidkey16b10.2
1493,CR318589.1,CR318589.1
1494,si:dkeyp-107f9.2,sidkeyp107f9.2
1495,zgc:173705-2,zgc1737052
1496,CR318589.2,CR318589.2
1497,si:dkeyp-107f9.4,sidkeyp107f9.4
1498,BX640584.18,BX640584.18
1499,si:dkey-78o7.3,sidkey78o7.3
1500,BX640584.1,BX640584.1
1501,BX640584.10,BX640584.10
1502,BX640584.5,BX640584.5
1503,BX640584.3,BX640584.3
1504,BX640584.2,BX640584.2
1505,BX640584.7,BX640584.7
1506,BX640584.11,BX640584.11
1507,BX640584.9,BX640584.9
1508,BX640584.8,BX640584.8
1509,BX640584.14,BX640584.14
1510,BX640584.6,BX640584.6
1511,BX640584.4,BX640584.4
1512,BX640584.15,BX640584.15
1513,BX640584.12,BX640584.12
1514,BX640584.17,BX640584.17
1515,BX640584.16,BX640584.16
1516,BX640584.13,BX640584.13
1517,si:dkeyp-44b5.5,sidkeyp44b5.5
1518,BX666065.2,BX666065.2
1519,BX666065.1,BX666065.1
1520,BX640547.5,BX640547.5
1521,BX640547.4,BX640547.4
1522,BX640547.6,BX640547.6
1523,BX640547.1,BX640547.1
1524,BX640547.3,BX640547.3
1525,si:dkey-4j21.2-1,sidkey4j21.2-1
1526,BX640547.2,BX640547.2
1527,BX571954.1,BX571954.1
1528,BX571954.3,BX571954.3
1529,si:dkey-201g16.1,sidkey201g16.1
1530,BX571954.2,BX571954.2
1531,si:ch211-171l17.14,sich211171l17.14
1532,BX649421.1,BX649421.1
1533,si:ch211-207e19.2,sich211207e19.2
1534,BX649421.2,BX649421.2
1535,znf1053-1,znf1053-1
1536,znf1037,znf1037
1537,si:dkey-250k10.1,sidkey250k10.1
1538,BX571843.1,BX571843.1
1539,si:dkey-250k10.4,sidkey250k10.4
1540,BX897739.2,BX897739.2
1541,BX897739.1,BX897739.1
1542,BX511078.2,BX511078.2
1543,BX511078.1,BX511078.1
1544,CR388042.1,CR388042.1
1545,CR388042.2,CR388042.2
1546,CABZ01031674.1,CABZ01031674.1
1547,CABZ01031673.1,CABZ01031673.1
1548,si:ch211-249c2.1,sich211249c2.1
1549,si:dkey-199m13.7-1,sidkey199m13.7-1
1550,BX936303.2,BX936303.2
1551,znf995-1,znf995-1
1552,BX936303.1,BX936303.1
1553,si:ch211-223g7.6-1,sich211223g7.6-1
1554,zgc:174944,zgc174944
1555,si:ch211-223g7.2,sich211223g7.2
1556,BX572628.1,BX572628.1
1557,BX640461.1,BX640461.1
1558,si:ch211-227e10.6-1,sich211227e10.6-1
1559,znf974-1,znf974-1
1560,si:ch211-227e10.3,sich211227e10.3
1561,si:ch211-227e10.1,sich211227e10.1
1562,si:ch211-227e10.2,sich211227e10.2
1563,CR388413.5,CR388413.5
1564,CR388413.1,CR388413.1
1565,CR388413.4,CR388413.4
1566,CR388413.3,CR388413.3
1567,CR388413.2,CR388413.2
1568,si:dkeyp-82b4.6-1,sidkeyp82b4.6-1
1569,si:dkey-56m15.9,sidkey56m15.9
1570,si:dkey-56m15.2,sidkey56m15.2
1571,si:dkey-56m15.8,sidkey56m15.8
1572,si:dkey-56m15.7,sidkey56m15.7
1573,si:dkey-56m15.6,sidkey56m15.6
1574,si:dkey-56m15.5,sidkey56m15.5
1575,BX005245.1,BX005245.1
1576,BX005245.2,BX005245.2
1577,si:dkey-56m15.3,sidkey56m15.3
1578,BX465836.2,BX465836.2
1579,BX465836.1,BX465836.1
1580,znf1039,znf1039
1581,si:dkey-191j3.2,sidkey191j3.2
1582,si:dkey-61p9.9,sidkey61p9.9
1583,BX546503.1,BX546503.1
1584,si:dkey-157e10.8,sidkey157e10.8
1585,si:dkey-157e10.6,sidkey157e10.6
1586,znf998,znf998
1587,CT027586.1,CT027586.1
1588,znf569l,znf569l
1589,CR762475.1,CR762475.1
1590,CR762475.3,CR762475.3
1591,znf1029,znf1029
1592,CR762475.2,CR762475.2
1593,znf1078,znf1078
1594,CR762475.4,CR762475.4
1595,znf1074,znf1074
1596,CU278559.1,CU278559.1
1597,CT583728.1,CT583728.1
1598,CT583728.16,CT583728.16
1599,CT583728.26,CT583728.26
1600,CT583728.15,CT583728.15
1601,CT583728.13,CT583728.13
1602,CT583728.24,CT583728.24
1603,CT583728.11,CT583728.11
1604,CT583728.20,CT583728.20
1605,CT583728.3,CT583728.3
1606,CT583728.10,CT583728.10
1607,CT583728.25,CT583728.25
1608,CT583728.12,CT583728.12
1609,CT583728.6,CT583728.6
1610,CT583728.23,CT583728.23
1611,CT583728.18,CT583728.18
1612,CT583728.22,CT583728.22
1613,CT583728.14,CT583728.14
1614,CT583728.9,CT583728.9
1615,CT583728.5,CT583728.5
1616,CT583728.8,CT583728.8
1617,CT583728.17,CT583728.17
1618,CT583728.19,CT583728.19
1619,CT583728.27,CT583728.27
1620,CT583728.21,CT583728.21
1621,CT583728.7,CT583728.7
1622,CT583728.2,CT583728.2
1623,CT583728.4,CT583728.4
1624,AL772298.2,AL772298.2
1625,AL772298.1,AL772298.1
1626,AL772298.3,AL772298.3
1627,znf1133,znf1133
1628,znf986,znf986
1629,si:dkey-16p6.1-8,sidkey16p6.1-8
1630,si:ch211-207e19.2-1,sich211207e19.2-1
1631,si:ch211-207e19.15,sich211207e19.15
1632,znf972,znf972
1633,CR925800.1,CR925800.1
1634,CT025669.1,CT025669.1
1635,zgc:174275,zgc174275
1636,CT025669.2,CT025669.2
1637,si:ch211-237a4.2-1,sich211237a4.2-1
1638,si:dkey-41c6.3,sidkey41c6.3
1639,si:dkey-65l23.2,sidkey65l23.2
1640,CR812471.1,CR812471.1
1641,BX649417.1,BX649417.1
1642,si:ch211-227p7.1,sich211227p7.1
1643,znf1118-1,znf1118-1
1644,si:ch211-227p7.5,sich211227p7.5
1645,znf1047-1,znf1047-1
1646,BX649355.1,BX649355.1
1647,si:dkeyp-33c10.7,sidkeyp33c10.7
1648,si:dkey-269o24.6,sidkey269o24.6
1649,BX957361.2,BX957361.2
1650,si:dkey-269o24.1,sidkey269o24.1
1651,BX957361.1,BX957361.1
1652,znf999,znf999
1653,si:ch211-161m3.1,sich211161m3.1
1654,si:ch211-238e22.7,sich211238e22.7
1655,si:ch211-238e22.5,sich211238e22.5
1656,si:ch211-238e22.2,sich211238e22.2
1657,si:ch211-238e22.4,sich211238e22.4
1658,BX890548.1,BX890548.1
1659,si:ch211-238e22.8-1,sich211238e22.8-1
1660,si:dkey-16p6.4-1,sidkey16p6.4-1
1661,LO018289.2,LO018289.2
1662,zgc:194906,zgc194906
1663,LO018289.1,LO018289.1
1664,BX511018.2,BX511018.2
1665,BX511018.1,BX511018.1
1666,znf1069,znf1069
1667,si:dkey-122c11.7,sidkey122c11.7
1668,si:dkey-40j3.3,sidkey40j3.3
1669,BX510934.3,BX510934.3
1670,BX510934.1,BX510934.1
1671,BX510934.2,BX510934.2
1672,zgc:174703,zgc174703
1673,pimr168-2,pimr168-2
1674,il17ra1b,il17ra1b
1675,il17ra2,il17ra2
1676,BX324181.2,BX324181.2
1677,BX324181.1,BX324181.1
1678,FP236354.1,FP236354.1
1679,CR388206.17,CR388206.17
1680,CR388206.12,CR388206.12
1681,CR388206.2,CR388206.2
1682,CR388206.11,CR388206.11
1683,CR388206.10,CR388206.10
1684,CR388206.9,CR388206.9
1685,CR388206.15,CR388206.15
1686,CR388206.14,CR388206.14
1687,CR388206.3,CR388206.3
1688,CR388206.6,CR388206.6
1689,CR388206.18,CR388206.18
1690,zgc:174314,zgc174314
1691,si:dkey-19h16.8,sidkey19h16.8
1692,si:dkeyp-44b5.4-1,sidkeyp44b5.4-1
1693,CR388206.1,CR388206.1
1694,CR388206.7,CR388206.7
1695,CR388206.16,CR388206.16
1696,CR388206.8,CR388206.8
1697,CR388206.4,CR388206.4
1698,CR388206.19,CR388206.19
1699,CR388206.13,CR388206.13
1700,CR388206.5,CR388206.5
1701,znf1097,znf1097
1702,CT027609.1,CT027609.1
1703,si:dkey-57k17.1,sidkey57k17.1
1704,CR388095.2,CR388095.2
1705,si:dkey-16p6.1-9,sidkey16p6.1-9
1706,si:ch211-196f19.1-1,sich211196f19.1-1
1707,CR388095.1,CR388095.1
1708,si:ch211-212k5.1,sich211212k5.1
1709,CT027696.1,CT027696.1
1710,si:ch211-212k5.3,sich211212k5.3
1711,si:ch211-212k5.4,sich211212k5.4
1712,BX927290.1,BX927290.1
1713,CR388148.2,CR388148.2
1714,si:dkey-28i19.1,sidkey28i19.1
1715,si:dkey-25i10.1,sidkey25i10.1
1716,CR388148.1,CR388148.1
1717,CR388172.3,CR388172.3
1718,CR388172.2,CR388172.2
1719,CR388172.11,CR388172.11
1720,CR388172.14,CR388172.14
1721,CR388172.9,CR388172.9
1722,CR388172.7,CR388172.7
1723,CR388172.10,CR388172.10
1724,CR388172.15,CR388172.15
1725,CR388172.6,CR388172.6
1726,CR388172.5,CR388172.5
1727,CR388172.4,CR388172.4
1728,CR388172.8,CR388172.8
1729,CR388172.12,CR388172.12
1730,CR388172.13,CR388172.13
1731,CR388172.1,CR388172.1
1732,si:dkey-29j8.1-1,sidkey29j8.1-1
1733,BX469910.1,BX469910.1
1734,BX469910.3,BX469910.3
1735,si:ch211-64i20.3-1,sich21164i20.3-1
1736,BX469910.2,BX469910.2
1737,si:ch211-64i20.5-2,sich21164i20.5-2
1738,znf1132,znf1132
1739,znf1127-1,znf1127-1
1740,znf993,znf993
1741,BX927122.2,BX927122.2
1742,znf1085-1,znf1085-1
1743,BX927122.1,BX927122.1
1744,si:dkey-105i14.1,sidkey105i14.1
1745,znf1084,znf1084
1746,zgc:173720,zgc173720
1747,znf1050,znf1050
1748,si:ch211-241n15.3,sich211241n15.3
1749,znf993-1,znf993-1
1750,si:dkey-4e4.1-1,sidkey4e4.1-1
1751,CR936371.1,CR936371.1
1752,si:dkey-149m13.5,sidkey149m13.5
1753,si:dkey-149m13.4,sidkey149m13.4
1754,CR936371.2,CR936371.2
1755,znf1068,znf1068
1756,CR846087.1,CR846087.1
1757,CR846087.3,CR846087.3
1758,si:dkey-16p6.1-10,sidkey16p6.1-10
1759,CR846087.2,CR846087.2
1760,znf1109-1,znf1109-1
1761,znf1033,znf1033
1762,CR388052.1,CR388052.1
1763,CR388052.2,CR388052.2
1764,CR388052.3,CR388052.3
1765,si:ch211-178j18.4,sich211178j18.4
1766,CABZ01002524.1,CABZ01002524.1
1767,CABZ01002524.2,CABZ01002524.2
1768,CABZ01002523.3,CABZ01002523.3
1769,CABZ01002523.1,CABZ01002523.1
1770,CABZ01002523.2,CABZ01002523.2
1771,CABZ01002523.4,CABZ01002523.4
1772,CABZ01002522.2,CABZ01002522.2
1773,CABZ01002522.1,CABZ01002522.1
1774,CABZ01002521.2,CABZ01002521.2
1775,CABZ01002521.1,CABZ01002521.1
1776,CABZ01002520.1,CABZ01002520.1
1777,znf1080,znf1080
1778,CU138542.1,CU138542.1
1779,si:dkey-248e17.5,sidkey248e17.5
1780,si:dkey-51d8.1-1,sidkey51d8.1-1
1781,znf1121-1,znf1121-1
1782,CU138542.2,CU138542.2
1783,znf1130,znf1130
1784,si:dkey-16p6.1-11,sidkey16p6.1-11
1785,si:dkey-211i20.2,sidkey211i20.2
1786,si:dkey-211i20.4,sidkey211i20.4
1787,si:dkey-211i20.5,sidkey211i20.5
1788,CABZ01016118.1,CABZ01016118.1
1789,si:dkey-254e13.6,sidkey254e13.6
1790,CR388363.3,CR388363.3
1791,CR388363.2,CR388363.2
1792,CR388363.1,CR388363.1
1793,znf1044,znf1044
1794,si:dkey-196n19.2,sidkey196n19.2
1795,CR854965.1,CR854965.1
1796,si:dkey-82i20.2,sidkey82i20.2
1797,CR854965.2,CR854965.2
1798,BX000981.4,BX000981.4
1799,BX000981.5,BX000981.5
1800,BX000981.6,BX000981.6
1801,BX000981.14,BX000981.14
1802,BX000981.10,BX000981.10
1803,BX000981.7,BX000981.7
1804,BX000981.9,BX000981.9
1805,BX000981.8,BX000981.8
1806,BX000981.3,BX000981.3
1807,BX000981.15,BX000981.15
1808,BX000981.1,BX000981.1
1809,BX000981.13,BX000981.13
1810,BX000981.2,BX000981.2
1811,si:dkey-9p20.18,sidkey9p20.18
1812,BX000981.11,BX000981.11
1813,BX000981.12,BX000981.12
1814,CABZ01004903.1,CABZ01004903.1
1815,CABZ01004903.2,CABZ01004903.2
1816,CABZ01004903.3,CABZ01004903.3
1817,BX255935.2,BX255935.2
1818,BX255935.1,BX255935.1
1819,znf1021-1,znf1021-1
1820,AL929029.1,AL929029.1
1821,AL929029.2,AL929029.2
1822,AL929029.8,AL929029.8
1823,AL929029.5,AL929029.5
1824,AL929029.19,AL929029.19
1825,AL929029.10,AL929029.10
1826,AL929029.13,AL929029.13
1827,AL929029.18,AL929029.18
1828,AL929029.15,AL929029.15
1829,AL929029.7,AL929029.7
1830,AL929029.17,AL929029.17
1831,AL929029.14,AL929029.14
1832,AL929029.9,AL929029.9
1833,AL929029.16,AL929029.16
1834,AL929029.11,AL929029.11
1835,AL929029.4,AL929029.4
1836,AL929029.6,AL929029.6
1837,AL929029.3,AL929029.3
1838,AL929029.12,AL929029.12
1839,si:dkey-26i24.1,sidkey26i24.1
1840,znf1129,znf1129
1841,znf1104-1,znf1104-1
1842,znf1082,znf1082
1843,CU457794.1,CU457794.1
1844,CU457794.2,CU457794.2
1845,znf1077,znf1077
1846,CABZ01038376.1,CABZ01038376.1
1847,si:dkey-16p6.1-12,sidkey16p6.1-12
1848,si:dkey-146c18.5,sidkey146c18.5
1849,znf1056,znf1056
1850,CT990567.4,CT990567.4
1851,CT990567.3,CT990567.3
1852,si:dkey-146c18.2,sidkey146c18.2
1853,CT990567.1,CT990567.1
1854,CT990567.2,CT990567.2
1855,si:dkey-27n6.1,sidkey27n6.1
1856,si:dkeyp-35e5.9,sidkeyp35e5.9
1857,si:dkeyp-35e5.5,sidkeyp35e5.5
1858,si:dkeyp-35e5.10,sidkeyp35e5.10
1859,BX294383.2,BX294383.2
1860,znf1079,znf1079
1861,BX294383.1,BX294383.1
1862,CR388416.1,CR388416.1
1863,si:ch211-79g12.1,sich21179g12.1
1864,si:dkey-165b20.3,sidkey165b20.3
1865,si:dkey-51d8.1-2,sidkey51d8.1-2
1866,si:dkey-28k24.2-1,sidkey28k24.2-1
1867,si:ch211-237a4.2-2,sich211237a4.2-2
1868,znf1131,znf1131
1869,si:dkey-238o14.3,sidkey238o14.3
1870,si:dkey-82i20.2-1,sidkey82i20.2-1
1871,si:dkey-217g21.3,sidkey217g21.3
1872,CR927050.1,CR927050.1
1873,CR927050.2,CR927050.2
1874,CR450780.2,CR450780.2
1875,zgc:173714,zgc173714
1876,CR450780.1,CR450780.1
1877,CR450780.3,CR450780.3
1878,si:ch211-258f1.3,sich211258f1.3
1879,znf1098,znf1098
1880,si:dkey-11d20.1-1,sidkey11d20.1-1
1881,si:dkey-16p6.1-13,sidkey16p6.1-13
1882,znf1048,znf1048
1883,si:dkey-92j16.2,sidkey92j16.2
1884,si:dkey-30f3.2,sidkey30f3.2
1885,BX901974.3,BX901974.3
1886,BX901974.1,BX901974.1
1887,BX901974.4,BX901974.4
1888,BX901974.2,BX901974.2
1889,si:dkey-179k24.1,sidkey179k24.1
1890,si:dkey-179k24.2,sidkey179k24.2
1891,CR790365.1,CR790365.1
1892,znf1091,znf1091
1893,zgc:173607,zgc173607
1894,si:dkey-179k24.5,sidkey179k24.5
1895,znf1106,znf1106
1896,znf1103,znf1103
1897,BX914205.2,BX914205.2
1898,BX914205.3,BX914205.3
1899,znf1089-1,znf1089-1
1900,BX914205.1,BX914205.1
1901,si:dkey-220o21.3,sidkey220o21.3
1902,CT956002.2,CT956002.2
1903,si:dkey-220o21.4,sidkey220o21.4
1904,CT956002.3,CT956002.3
1905,CT956002.1,CT956002.1
1906,znf1147,znf1147
1907,si:ch211-223a21.1,sich211223a21.1
1908,CR790382.1,CR790382.1
1909,CR790382.2,CR790382.2
1910,CR790382.4,CR790382.4
1911,CR790382.3,CR790382.3
1912,znf1105,znf1105
1913,BX936382.1,BX936382.1
1914,si:ch211-223a21.3,sich211223a21.3
1915,si:ch211-223a21.4,sich211223a21.4
1916,znf1099-1,znf1099-1
1917,si:ch211-223a21.6,sich211223a21.6
1918,BX914214.1,BX914214.1
1919,BX914214.3,BX914214.3
1920,BX914214.10,BX914214.10
1921,BX914214.17,BX914214.17
1922,BX914214.7,BX914214.7
1923,BX914214.8,BX914214.8
1924,BX914214.13,BX914214.13
1925,BX914214.18,BX914214.18
1926,BX914214.11,BX914214.11
1927,si:dkey-9i5.2,sidkey9i5.2
1928,BX914214.2,BX914214.2
1929,BX914214.9,BX914214.9
1930,BX914214.6,BX914214.6
1931,BX914214.15,BX914214.15
1932,BX914214.16,BX914214.16
1933,BX914214.5,BX914214.5
1934,BX914214.12,BX914214.12
1935,BX914214.14,BX914214.14
1936,BX914214.4,BX914214.4
1937,znf1018,znf1018
1938,BX928743.7,BX928743.7
1939,BX928743.2,BX928743.2
1940,BX928743.5,BX928743.5
1941,BX928743.3,BX928743.3
1942,BX928743.4,BX928743.4
1943,BX928743.6,BX928743.6
1944,znf988,znf988
1945,si:ch211-234c11.2-1,sich211234c11.2-1
1946,BX928743.1,BX928743.1
1947,CT955963.1,CT955963.1
1948,si:ch211-283l16.1,sich211283l16.1
1949,BX908799.1,BX908799.1
1950,si:dkey-14o6.2,sidkey14o6.2
1951,si:ch211-194h1.2,sich211194h1.2
1952,znf1126,znf1126
1953,si:dkey-14o6.4,sidkey14o6.4
1954,BX571813.2,BX571813.2
1955,si:dkey-14o6.1,sidkey14o6.1
1956,BX571813.7,BX571813.7
1957,BX571813.6,BX571813.6
1958,BX571813.5,BX571813.5
1959,BX571813.4,BX571813.4
1960,BX571813.3,BX571813.3
1961,BX571813.1,BX571813.1
1962,znf1027,znf1027
1963,znf1095,znf1095
1964,si:dkey-14o6.8,sidkey14o6.8
1965,znf1108-1,znf1108-1
1966,si:dkeyp-5g9.1,sidkeyp5g9.1
1967,BX293993.1,BX293993.1
1968,si:dkey-205i10.1,sidkey205i10.1
1969,si:dkey-205i10.2,sidkey205i10.2
1970,si:dkey-28k24.2-2,sidkey28k24.2-2
1971,si:ch211-203c5.3,sich211203c5.3
1972,si:dkey-27n6.1-1,sidkey27n6.1-1
1973,BX004873.1,BX004873.1
1974,si:ch211-149o24.4,sich211149o24.4
1975,CABZ01045760.1,CABZ01045760.1
1976,BX649556.1,BX649556.1
1977,BX649556.2,BX649556.2
1978,si:dkey-29m1.2,sidkey29m1.2
1979,BX649331.2,BX649331.2
1980,BX649331.1,BX649331.1
1981,znf1070,znf1070
1982,CT573263.1,CT573263.1
1983,BX572103.1,BX572103.1
1984,BX088712.13,BX088712.13
1985,BX088712.8,BX088712.8
1986,BX088712.1,BX088712.1
1987,BX088712.7,BX088712.7
1988,BX088712.10,BX088712.10
1989,BX088712.11,BX088712.11
1990,BX088712.12,BX088712.12
1991,BX088712.3,BX088712.3
1992,BX088712.14,BX088712.14
1993,BX088712.9,BX088712.9
1994,BX088712.2,BX088712.2
1995,BX088712.4,BX088712.4
1996,BX088712.6,BX088712.6
1997,BX088712.5,BX088712.5
1998,znf1091-1,znf1091-1
1999,si:ch211-223k15.1,sich211223k15.1
2000,si:ch211-66c13.1,sich21166c13.1
2001,BX649308.1,BX649308.1
2002,si:ch211-133h13.1,sich211133h13.1
2003,BX908777.5,BX908777.5
2004,BX908777.3,BX908777.3
2005,BX908777.4,BX908777.4
2006,BX908777.6,BX908777.6
2007,BX908777.12,BX908777.12
2008,BX908777.7,BX908777.7
2009,BX908777.9,BX908777.9
2010,BX908777.2,BX908777.2
2011,BX908777.1,BX908777.1
2012,BX908777.8,BX908777.8
2013,BX908777.10,BX908777.10
2014,BX908777.11,BX908777.11
2015,znf1096,znf1096
2016,CT573234.1,CT573234.1
2017,znf1043,znf1043
2018,CT737127.1,CT737127.1
2019,znf1146-1,znf1146-1
2020,si:dkey-237g15.2,sidkey237g15.2
2021,si:dkey-16p6.1-14,sidkey16p6.1-14
2022,BX548011.3,BX548011.3
2023,wu:fi09b08,wufi09b08
2024,dre-mir-738,dre-mir-738
2025,BX548011.2,BX548011.2
2026,BX548011.6,BX548011.6
2027,BX548011.1,BX548011.1
2028,BX548011.4,BX548011.4
2029,si:dkey-16p6.1-15,sidkey16p6.1-15
2030,zgc:174180-1,zgc1741801
2031,BX548011.5,BX548011.5
2032,CABZ01002702.1,CABZ01002702.1
2033,CR388378.3,CR388378.3
2034,CR388378.2,CR388378.2
2035,CR388378.1,CR388378.1
2036,znf985-1,znf985-1
2037,si:dkey-264f17.3,sidkey264f17.3
2038,si:dkey-264f17.1,sidkey264f17.1
2039,CR388145.1,CR388145.1
2040,si:ch211-266c8.1,sich211266c8.1
2041,si:dkey-264f17.2,sidkey264f17.2
2042,zgc:173615,zgc173615
2043,si:ch211-209j12.3,sich211209j12.3
2044,si:ch211-209j12.2,sich211209j12.2
2045,CR759907.2,CR759907.2
2046,CR759907.3,CR759907.3
2047,si:ch211-209j12.1,sich211209j12.1
2048,znf1078-1,znf1078-1
2049,si:dkey-82i20.5,sidkey82i20.5
2050,CR759907.1,CR759907.1
2051,si:ch211-209j12.6,sich211209j12.6
2052,si:dkey-246j6.1,sidkey246j6.1
2053,si:dkey-246j6.3,sidkey246j6.3
2054,si:ch211-145h19.3,sich211145h19.3
2055,BX465195.1,BX465195.1
2056,BX465195.8,BX465195.8
2057,BX465195.6,BX465195.6
2058,BX465195.2,BX465195.2
2059,BX465195.7,BX465195.7
2060,BX465195.5,BX465195.5
2061,BX465195.4,BX465195.4
2062,BX465195.3,BX465195.3
2063,znf1025,znf1025
2064,znf1101,znf1101
2065,znf993-2,znf993-2
2066,znf1030,znf1030
2067,si:ch211-120c15.3,sich211120c15.3
2068,si:ch211-76m11.8-1,sich21176m11.8-1
2069,zgc:174944-1,zgc1749441
2070,znf1081,znf1081
2071,si:dkey-238o14.7,sidkey238o14.7
2072,BX088547.1,BX088547.1
2073,znf1087,znf1087
2074,znf1117,znf1117
2075,si:ch211-145h19.5,sich211145h19.5
2076,znf1076,znf1076
2077,BX323006.2,BX323006.2
2078,BX323006.5,BX323006.5
2079,BX323006.4,BX323006.4
2080,BX323006.3,BX323006.3
2081,BX323006.1,BX323006.1
2082,si:dkey-190j3.4,sidkey190j3.4
2083,si:dkey-3h2.4,sidkey3h2.4
2084,BX664606.1,BX664606.1
2085,BX664606.2,BX664606.2
2086,si:ch211-171l17.14-1,sich211171l17.14-1
2087,si:ch211-171l17.4,sich211171l17.4
2088,si:ch211-208f21.3-1,sich211208f21.3-1
2089,si:dkey-3h2.4-1,sidkey3h2.4-1
2090,si:dkey-3h2.3,sidkey3h2.3
2091,si:dkey-3h2.2,sidkey3h2.2
2092,si:ch211-11p18.6,sich21111p18.6
2093,si:dkey-29j8.1-2,sidkey29j8.1-2
2094,si:ch211-76m11.3,sich21176m11.3
2095,si:dkey-190j3.6,sidkey190j3.6
2096,si:rp71-7l19.2-1,sirp717l19.2-1
2097,si:dkey-265e15.2-1,sidkey265e15.2-1
2098,si:dkey-190j3.3,sidkey190j3.3
2099,si:dkey-190j3.2-1,sidkey190j3.2-1
2100,si:dkey-51d8.3-1,sidkey51d8.3-1
2101,CABZ01033540.1,CABZ01033540.1
2102,si:dkeyp-44b5.5-1,sidkeyp44b5.5-1
2103,si:dkey-11d20.1-2,sidkey11d20.1-2
2104,si:ch211-211k8.12,sich211211k8.12
2105,BX088583.2,BX088583.2
2106,si:ch211-211k8.4,sich211211k8.4
2107,BX088583.1,BX088583.1
2108,si:dkey-28k24.2-3,sidkey28k24.2-3
2109,si:dkey-16p6.1-16,sidkey16p6.1-16
2110,si:ch211-127b6.2-1,sich211127b6.2-1
2111,im:7141269,im7141269
2112,si:ch211-108c17.2,sich211108c17.2
2113,CU468012.1,CU468012.1
2114,CU468012.3,CU468012.3
2115,CU468012.2,CU468012.2
2116,CU468012.4,CU468012.4
2117,si:dkeyp-80d11.12,sidkeyp80d11.12
2118,si:dkeyp-80d11.4,sidkeyp80d11.4
2119,si:dkeyp-80d11.14,sidkeyp80d11.14
2120,si:dkeyp-80d11.10,sidkeyp80d11.10
2121,BX548059.1,BX548059.1
2122,si:dkeyp-80d11.1,sidkeyp80d11.1
2123,si:dkey-193i10.4,sidkey193i10.4
2124,CT737123.2,CT737123.2
2125,CT737123.1,CT737123.1
2126,si:dkey-193i10.1,sidkey193i10.1
2127,si:ch211-205a14.7,sich211205a14.7
2128,si:rp71-7l19.2-2,sirp717l19.2-2
2129,CR376730.1,CR376730.1
2130,CR376730.2,CR376730.2
2131,si:ch211-205a14.1,sich211205a14.1
2132,CR376730.3,CR376730.3
2133,si:dkeyp-123a12.2,sidkeyp123a12.2
2134,BX950220.1,BX950220.1
2135,BX950220.2,BX950220.2
2136,si:ch211-76m11.9,sich21176m11.9
2137,si:ch211-76m11.8-2,sich21176m11.8-2
2138,BX936384.2,BX936384.2
2139,si:ch211-76m11.7,sich21176m11.7
2140,si:ch211-76m11.15,sich21176m11.15
2141,si:ch211-76m11.3-1,sich21176m11.3-1
2142,BX936384.1,BX936384.1
2143,si:ch211-76m11.5-1,sich21176m11.5-1
2144,si:dkey-16p6.1-17,sidkey16p6.1-17
2145,si:dkey-27n6.1-2,sidkey27n6.1-2
2146,BX927130.2,BX927130.2
2147,si:dkey-27n6.4,sidkey27n6.4
2148,BX927130.1,BX927130.1
2149,BX927130.3,BX927130.3
2150,BX927130.4,BX927130.4
2151,si:dkeyp-4f2.1-1,sidkeyp4f2.1-1
2152,si:dkey-247i3.6-2,sidkey247i3.6-2
2153,znf1116-1,znf1116-1
2154,znf1017,znf1017
2155,si:dkey-264f17.4,sidkey264f17.4
2156,CU302323.1,CU302323.1
2157,si:dkey-29j8.1-3,sidkey29j8.1-3
2158,CU651668.1,CU651668.1
2159,ftr64,ftr64
2160,pyroxd1,pyroxd1
2161,parp11,parp11
2162,LO017820.1,LO017820.1
2163,slco1f1,slco1f1
2164,slco1f4,slco1f4
2165,zgc:165515,zgc165515
2166,si:cabz01071912.2,sicabz01071912.2
2167,si:cabz01071911.3,sicabz01071911.3
2168,CABZ01071909.1,CABZ01071909.1
2169,si:cabz01071909.2,sicabz01071909.2
2170,CR788316.5,CR788316.5
2171,CR788316.3,CR788316.3
2172,si:ch211-161m3.6,sich211161m3.6
2173,CR788316.1,CR788316.1
2174,CR788316.2,CR788316.2
2175,CR788316.4,CR788316.4
2176,zgc:175107,zgc175107
2177,si:ch211-161m3.4,sich211161m3.4
2178,si:cabz01054396.2,sicabz01054396.2
2179,si:cabz01054394.5,sicabz01054394.5
2180,si:cabz01054394.6,sicabz01054394.6
2181,si:cabz01054394.7,sicabz01054394.7
2182,CABZ01054394.1,CABZ01054394.1
2183,CABZ01054391.1,CABZ01054391.1
2184,rab3ip,rab3ip
2185,myrfl,myrfl
2186,CABZ01077399.1,CABZ01077399.1
2187,LO018021.1,LO018021.1
2188,zgc:152938,zgc152938
2189,si:ch73-170d6.2,sich73170d6.2
2190,si:ch73-170d6.3,sich73170d6.3
2191,si:ch73-170d6.4,sich73170d6.4
2192,LO018260.1,LO018260.1
2193,LO018260.3,LO018260.3
2194,LO018260.2,LO018260.2
2195,CABZ01021435.1,CABZ01021435.1
2196,CABZ01021433.1,CABZ01021433.1
2197,wu:fc30c06,wufc30c06
2198,si:cabz01021430.2,sicabz01021430.2
2199,zgc:171727,zgc171727
2200,si:cabz01021426.2,sicabz01021426.2
2201,zgc:162958,zgc162958
2202,si:ch73-120g24.4,sich73120g24.4
2203,si:ch73-266f23.1,sich73266f23.1
2204,si:ch73-266f23.1-1,sich73266f23.1-1
2205,znf1015,znf1015
2206,CU570689.1,CU570689.1
2207,CU570689.2,CU570689.2
2208,znf1015-1,znf1015-1
2209,znf1015-2,znf1015-2
2210,si:ch211-165i18.2,sich211165i18.2
2211,si:ch73-266f23.3,sich73266f23.3
2212,znf989,znf989
2213,si:dkey-262g12.7,sidkey262g12.7
2214,zgc:173624,zgc173624
2215,BX855614.3,BX855614.3
2216,si:dkey-262g12.14,sidkey262g12.14
2217,BX855614.2,BX855614.2
2218,zgc:171551,zgc171551
2219,BX855614.4,BX855614.4
2220,si:dkey-262g12.10,sidkey262g12.10
2221,si:dkey-262g12.3,sidkey262g12.3
2222,BX855614.1,BX855614.1
2223,si:dkey-262g12.12,sidkey262g12.12
2224,si:cabz01032454.3,sicabz01032454.3
2225,CABZ01069022.2,CABZ01069022.2
2226,CABZ01069022.1,CABZ01069022.1
2227,CABZ01069020.1,CABZ01069020.1
2228,LO018181.1,LO018181.1
2229,si:cabz01069013.3,sicabz01069013.3
2230,LO018205.1,LO018205.1
2231,LO018205.3,LO018205.3
2232,LO018205.2,LO018205.2
2233,si:cabz01069012.2,sicabz01069012.2
2234,rab21,rab21
2235,CABZ01072523.1,CABZ01072523.1
2236,trim24,trim24
2237,ptprr,ptprr
2238,ptprb,ptprb
2239,zmp:0000001020,zmp0000001020
2240,LO018124.1,LO018124.1
2241,kcna1b,kcna1b
2242,CABZ01117780.1,CABZ01117780.1
2243,PHF21B,PHF21B
2244,nup50,nup50
2245,zgc:172139,zgc172139
2246,large1,large1
2247,CABZ01066312.1,CABZ01066312.1
2248,CABZ01043953.1,CABZ01043953.1
2249,naa40,naa40
2250,SLC2A13,SLC2A13
2251,CABZ01043956.1,CABZ01043956.1
2252,abcd2,abcd2
2253,CPNE8,CPNE8
2254,si:ch211-266c8.1-1,sich211266c8.1-1
2255,si:dkey-71l4.5,sidkey71l4.5
2256,si:dkey-71l4.4,sidkey71l4.4
2257,si:ch211-227e10.1-1,sich211227e10.1-1
2258,si:dkey-165o8.1,sidkey165o8.1
2259,si:dkey-71l4.3,sidkey71l4.3
2260,si:dkey-71l4.2,sidkey71l4.2
2261,si:dkey-84h14.1-1,sidkey84h14.1-1
2262,si:dkey-165o8.2,sidkey165o8.2
2263,si:dkey-261j11.1,sidkey261j11.1
2264,si:ch211-106j21.4,sich211106j21.4
2265,CT737182.1,CT737182.1
2266,si:dkey-261j11.2,sidkey261j11.2
2267,si:ch211-232d10.1,sich211232d10.1
2268,si:dkey-261j11.3,sidkey261j11.3
2269,si:dkey-71l4.1,sidkey71l4.1
2270,si:ch211-232d10.3,sich211232d10.3
2271,zgc:110171,zgc110171
2272,si:ch211-106j21.2,sich211106j21.2
2273,BX957252.2,BX957252.2
2274,BX957252.1,BX957252.1
2275,si:dkey-238k10.3,sidkey238k10.3
2276,si:ch211-106j21.6,sich211106j21.6
2277,BX957252.3,BX957252.3
2278,zgc:174944-2,zgc1749442
2279,si:ch73-389k6.1,sich73389k6.1
2280,zgc:171673,zgc171673
2281,si:ch73-158p21.2,sich73158p21.2
2282,si:ch73-158p21.3,sich73158p21.3
2283,zgc:123107,zgc123107
2284,FP074874.2,FP074874.2
2285,FP074874.3,FP074874.3
2286,FP074874.1,FP074874.1
2287,zgc:172128,zgc172128
2288,zgc:113209,zgc113209
2289,zgc:172128-1,zgc1721281
2290,si:dkey-16p6.1-18,sidkey16p6.1-18
2291,zgc:113119,zgc113119
2292,zgc:153116,zgc153116
2293,ftr51,ftr51
2294,CU104731.1,CU104731.1
2295,ms4a17a.17,ms4a17a.17
2296,ms4a17a.16,ms4a17a.16
2297,ms4a17a.11,ms4a17a.11
2298,ms4a17a.9,ms4a17a.9
2299,ms4a17a.8,ms4a17a.8
2300,ms4a17a.5,ms4a17a.5
2301,ms4a17a.2,ms4a17a.2
2302,ms4a17a.1,ms4a17a.1
2303,ms4a17a.7,ms4a17a.7
2304,ms4a17a.3,ms4a17a.3
2305,ms4a17a.6,ms4a17a.6
2306,ms4a17a.10,ms4a17a.10
2307,ms4a17a.4,ms4a17a.4
2308,ms4a17a.12,ms4a17a.12
2309,si:ch73-56d11.5,sich7356d11.5
2310,ms4a17a.5-1,ms4a17a.5-1
2311,CABZ01015815.1,CABZ01015815.1
2312,CABZ01015815.2,CABZ01015815.2
2313,CABZ01015815.4,CABZ01015815.4
2314,CABZ01015815.5,CABZ01015815.5
2315,CABZ01015815.3,CABZ01015815.3
2316,si:dkey-240n22.6,sidkey240n22.6
2317,BX005417.3,BX005417.3
2318,si:dkey-240n22.6-1,sidkey240n22.6-1
2319,si:dkey-240n22.3,sidkey240n22.3
2320,BX005417.1,BX005417.1
2321,trpm2,trpm2
2322,si:dkey-172k15.6,sidkey172k15.6
2323,znf1009,znf1009
2324,znf1009-1,znf1009-1
2325,si:dkey-240n22.8,sidkey240n22.8
2326,BX005417.2,BX005417.2
2327,CU467646.7,CU467646.7
2328,CU467646.2,CU467646.2
2329,CU467646.3,CU467646.3
2330,CU467646.1,CU467646.1
2331,CU467646.4,CU467646.4
2332,CU467646.8,CU467646.8
2333,zgc:173770,zgc173770
2334,CU467646.6,CU467646.6
2335,si:dkey-172k15.11,sidkey172k15.11
2336,CU467646.5,CU467646.5
2337,znf1009-2,znf1009-2
2338,psmb10,psmb10
2339,si:dkey-172k15.4,sidkey172k15.4
2340,si:dkey-172k15.3,sidkey172k15.3
2341,zgc:174310,zgc174310
2342,zgc:162948,zgc162948
2343,LO018029.2,LO018029.2
2344,LO018029.1,LO018029.1
2345,slco1f2,slco1f2
2346,LO018370.1,LO018370.1
2347,slco1f3,slco1f3
2348,slco1e1,slco1e1
2349,slco1d1,slco1d1
2350,CABZ01087415.1,CABZ01087415.1
2351,AL935186.7,AL935186.7
2352,AL935186.11,AL935186.11
2353,AL935186.2,AL935186.2
2354,AL935186.10,AL935186.10
2355,AL935186.9,AL935186.9
2356,AL935186.3,AL935186.3
2357,si:dkey-61p9.11,sidkey61p9.11
2358,PTCHD3,PTCHD3
2359,si:dkey-61p9.9-1,sidkey61p9.9-1
2360,hspa12a.1,hspa12a.1
2361,si:dkey-61p9.7,sidkey61p9.7
2362,hspa12a.2,hspa12a.2
2363,gbp4,gbp4
2364,AL935186.1,AL935186.1
2365,si:dkey-238k10.1,sidkey238k10.1
2366,si:dkey-61p9.9-2,sidkey61p9.9-2
2367,si:dkey-238k10.2,sidkey238k10.2
2368,si:dkey-238k10.3-1,sidkey238k10.3-1
2369,si:dkey-207m2.4-1,sidkey207m2.4-1
2370,BX005376.1,BX005376.1
2371,ttll1,ttll1
2372,pacsin2,pacsin2
2373,arfgap3,arfgap3
2374,ikbip,ikbip
2375,terfa,terfa
2376,ckap4,ckap4
2377,cct2,cct2
2378,nots,nots
2379,cct2-1,cct2-1
2380,CABZ01075274.1,CABZ01075274.1
2381,FO704772.1,FO704772.1
2382,FO704772.2,FO704772.2
2383,FO704772.3,FO704772.3
2384,NRXN2,NRXN2
2385,nrxn2b,nrxn2b
2386,CABZ01078039.1,CABZ01078039.1
2387,MAP3K11,MAP3K11
2388,drap1,drap1
2389,C7H11orf68,C7H11orf68
2390,rela,rela
2391,CABP4,CABP4
2392,cabz01076234.2,cabz01076234.2
2393,zgc:175177,zgc175177
2394,si:cabz01080528.1,sicabz01080528.1
2395,CABZ01112025.1,CABZ01112025.1
2396,CR926130.2,CR926130.2
2397,CR926130.1,CR926130.1
2398,epdl1,epdl1
2399,dctn1a,dctn1a
2400,CT030017.3,CT030017.3
2401,si:dkey-31g16.2,sidkey31g16.2
2402,CT030017.2,CT030017.2
2403,CT030017.1,CT030017.1
2404,si:dkeyp-74b6.2,sidkeyp74b6.2
2405,ripk3,ripk3
2406,khnyn,khnyn
2407,si:cabz01090193.1,sicabz01090193.1
2408,si:cabz01101003.1,sicabz01101003.1
2409,emc4,emc4
2410,lpcat4,lpcat4
2411,si:zfos-405g10.4,sizfos405g10.4
2412,nop10,nop10
2413,si:cabz01102082.1,sicabz01102082.1
2414,tox4b,tox4b
2415,supt16h,supt16h
2416,BX248243.1,BX248243.1
2417,CT573787.3,CT573787.3
2418,si:ch73-126o18.1,sich73126o18.1
2419,CT573787.1,CT573787.1
2420,CT573787.2,CT573787.2
2421,CABZ01040626.1,CABZ01040626.1
2422,si:cabz01040626.2,sicabz01040626.2
2423,zgc:171424,zgc171424
2424,zgc:171424-1,zgc1714241
2425,CABZ01007794.1,CABZ01007794.1
2426,si:cabz01007794.1,sicabz01007794.1
2427,si:cabz01007802.1,sicabz01007802.1
2428,si:cabz01007807.1,sicabz01007807.1
2429,si:cabz01007812.1,sicabz01007812.1
2430,si:cabz01007816.2,sicabz01007816.2
2431,si:dkey-187j14.6,sidkey187j14.6
2432,si:dkey-187j14.4,sidkey187j14.4
2433,zgc:172065,zgc172065
2434,zgc:172075,zgc172075
2435,si:dkey-187j14.7,sidkey187j14.7
2436,zgc:66473,zgc66473
2437,si:dkey-187j14.8,sidkey187j14.8
2438,BX897747.1,BX897747.1
2439,BX323987.1,BX323987.1
2440,zgc:66473-1,zgc664731
2441,si:dkey-125e8.4,sidkey125e8.4
2442,si:dkey-125e8.3,sidkey125e8.3
2443,si:dkey-125e8.5,sidkey125e8.5
2444,si:dkey-125e8.1,sidkey125e8.1
2445,BX322792.2,BX322792.2
2446,BX322792.1,BX322792.1
2447,si:ch211-217i17.1,sich211217i17.1
2448,BX004857.1,BX004857.1
2449,CABZ01007829.1,CABZ01007829.1
2450,zgc:171695,zgc171695
2451,si:ch73-122k23.1,sich73122k23.1
2452,CR855393.1,CR855393.1
2453,si:dkey-201l21.4,sidkey201l21.4
2454,si:dkey-201l21.2,sidkey201l21.2
2455,si:dkey-201l21.2-1,sidkey201l21.2-1
2456,CR855393.2,CR855393.2
2457,si:ch211-285c6.5,sich211285c6.5
2458,si:ch211-285c6.4,sich211285c6.4
2459,si:ch211-285c6.1,sich211285c6.1
2460,si:ch211-285c6.2,sich211285c6.2
2461,si:ch211-285c6.6,sich211285c6.6
2462,si:ch211-285c6.3,sich211285c6.3
2463,BX005456.1,BX005456.1
2464,si:dkey-192d15.1,sidkey192d15.1
2465,si:dkey-192d15.2,sidkey192d15.2
2466,si:ch211-282j17.8,sich211282j17.8
2467,si:dkey-192d15.3,sidkey192d15.3
2468,si:ch211-282j17.1,sich211282j17.1
2469,si:ch211-282j17.2,sich211282j17.2
2470,si:ch211-282j17.3,sich211282j17.3
2471,si:ch211-282j17.12,sich211282j17.12
2472,si:ch211-282j17.5,sich211282j17.5
2473,si:ch211-282j17.13,sich211282j17.13
2474,CR392330.1,CR392330.1
2475,si:ch211-282j17.10,sich211282j17.10
2476,si:ch211-282j17.11,sich211282j17.11
2477,si:ch73-335d12.2,sich73335d12.2
2478,zgc:195077,zgc195077
2479,si:dkey-88n24.10,sidkey88n24.10
2480,si:dkey-88n24.8,sidkey88n24.8
2481,si:dkey-88n24.7,sidkey88n24.7
2482,si:dkey-88n24.6,sidkey88n24.6
2483,si:dkey-88n24.5,sidkey88n24.5
2484,si:dkey-88n24.3,sidkey88n24.3
2485,si:dkey-88n24.11,sidkey88n24.11
2486,si:dkey-88n24.10-1,sidkey88n24.10-1
2487,si:dkey-88n24.12,sidkey88n24.12
2488,ndrg2,ndrg2
2489,CABZ01079347.1,CABZ01079347.1
2490,zgc:55733,zgc55733
2491,si:ch211-63p21.1,sich21163p21.1
2492,si:dkey-28d5.5,sidkey28d5.5
2493,si:dkey-28d5.14,sidkey28d5.14
2494,CT027762.1,CT027762.1
2495,si:ch211-63p21.4,sich21163p21.4
2496,klhl33,klhl33
2497,cbln11,cbln11
2498,si:ch211-63p21.8,sich21163p21.8
2499,slc12a10.2,slc12a10.2
2500,CR383683.1,CR383683.1
2501,slc12a10.3,slc12a10.3
2502,slc12a10.1,slc12a10.1
2503,CR383683.2,CR383683.2
2504,si:dkey-83f18.14,sidkey83f18.14
2505,CR318646.2,CR318646.2
2506,CR318646.3,CR318646.3
2507,si:dkey-83f18.11,sidkey83f18.11
2508,si:dkey-83f18.10,sidkey83f18.10
2509,si:dkey-83f18.4,sidkey83f18.4
2510,si:dkey-83f18.9,sidkey83f18.9
2511,CR318646.1,CR318646.1
2512,si:dkey-83f18.7,sidkey83f18.7
2513,si:dkey-83f18.15,sidkey83f18.15
2514,zgc:162060,zgc162060
2515,si:dkey-83f18.6,sidkey83f18.6
2516,si:ch211-225k7.3,sich211225k7.3
2517,si:dkey-83f18.5,sidkey83f18.5
2518,si:dkey-83f18.3,sidkey83f18.3
2519,si:dkey-83f18.2,sidkey83f18.2
2520,si:ch211-225k7.6,sich211225k7.6
2521,si:ch211-225k7.2,sich211225k7.2
2522,si:ch211-225k7.4,sich211225k7.4
2523,si:ch211-282j17.10-1,sich211282j17.10-1
2524,si:ch211-225k7.5,sich211225k7.5
2525,si:dkey-28d5.1,sidkey28d5.1
2526,si:dkey-28d5.3,sidkey28d5.3
2527,si:dkey-28d5.4,sidkey28d5.4
2528,CR318599.2,CR318599.2
2529,si:dkey-83f18.8,sidkey83f18.8
2530,si:dkey-28d5.8,sidkey28d5.8
2531,CR318599.1,CR318599.1
2532,si:dkey-28d5.10,sidkey28d5.10
2533,si:dkey-28d5.11,sidkey28d5.11
2534,si:dkey-28d5.11-1,sidkey28d5.11-1
2535,si:dkey-28d5.13,sidkey28d5.13
2536,si:dkey-28d5.14-1,sidkey28d5.14-1
2537,CU210845.2,CU210845.2
2538,CU210845.1,CU210845.1
2539,si:dkey-81n2.2,sidkey81n2.2
2540,si:dkey-81n2.1,sidkey81n2.1
2541,CR847899.1,CR847899.1
2542,si:ch211-272h9.3,sich211272h9.3
2543,ltb4r,ltb4r
2544,CR847899.2,CR847899.2
2545,ltb4r2a,ltb4r2a
2546,si:ch211-272h9.6,sich211272h9.6
2547,si:ch211-272h9.5,sich211272h9.5
2548,zgc:195075,zgc195075
2549,si:ch73-223f5.1,sich73223f5.1
2550,FP236789.1,FP236789.1
2551,si:ch73-223f5.2,sich73223f5.2
2552,FP236789.2,FP236789.2
2553,si:cabz01074946.1,sicabz01074946.1
2554,vangl2,vangl2
2555,arhgef11,arhgef11
2556,MYADM,MYADM
2557,si:dkeyp-67a8.4,sidkeyp67a8.4
2558,si:dkeyp-67a8.4-1,sidkeyp67a8.4-1
2559,BX005156.2,BX005156.2
2560,BX005156.3,BX005156.3
2561,si:ch211-165f21.4,sich211165f21.4
2562,BX005156.1,BX005156.1
2563,si:ch211-165f21.2,sich211165f21.2
2564,si:ch211-165f21.2-1,sich211165f21.2-1
2565,BX000524.2,BX000524.2
2566,si:dkey-10h3.2,sidkey10h3.2
2567,BX000524.1,BX000524.1
2568,si:dkey-10h3.3,sidkey10h3.3
2569,si:dkey-10h3.7,sidkey10h3.7
2570,si:ch211-165f21.7,sich211165f21.7
2571,si:dkey-23a13.2,sidkey23a13.2
2572,dusp19b,dusp19b
2573,hist1h2a11,hist1h2a11
2574,CU459186.4,CU459186.4
2575,zgc:112234,zgc112234
2576,CU459186.5,CU459186.5
2577,hist1h4l,hist1h4l
2578,si:ch211-113a14.22,sich211113a14.22
2579,si:dkey-23a13.9,sidkey23a13.9
2580,CU459186.1,CU459186.1
2581,si:dkey-23a13.11,sidkey23a13.11
2582,si:dkey-23a13.12,sidkey23a13.12
2583,CU459186.6,CU459186.6
2584,zgc:171759,zgc171759
2585,CU459186.2,CU459186.2
2586,zgc:165555,zgc165555
2587,zgc:112234-1,zgc1122341
2588,si:dkey-23a13.17,sidkey23a13.17
2589,CU459186.3,CU459186.3
2590,zgc:163040,zgc163040
2591,hist1h2a11-1,hist1h2a11-1
2592,si:dkey-23a13.21,sidkey23a13.21
2593,si:dkey-23a13.22,sidkey23a13.22
2594,CU459186.7,CU459186.7
2595,si:cabz01036006.1,sicabz01036006.1
2596,si:ch211-220f21.2,sich211220f21.2
2597,si:ch211-220f21.1,sich211220f21.1
2598,si:ch211-220f21.3,sich211220f21.3
2599,hist1h4l-1,hist1h4l-1
2600,CU457819.5,CU457819.5
2601,si:ch73-368j24.11,sich73368j24.11
2602,zgc:112234-2,zgc1122342
2603,hist1h4l-2,hist1h4l-2
2604,CU457819.1,CU457819.1
2605,zgc:112234-3,zgc1122343
2606,hist1h4l-3,hist1h4l-3
2607,CU457819.3,CU457819.3
2608,zgc:112234-4,zgc1122344
2609,CU457819.2,CU457819.2
2610,hist1h2a11-2,hist1h2a11-2
2611,si:ch73-368j24.17,sich73368j24.17
2612,CU457819.6,CU457819.6
2613,si:ch73-368j24.1,sich73368j24.1
2614,CU457819.4,CU457819.4
2615,si:ch73-368j24.12,sich73368j24.12
2616,FP340257.1,FP340257.1
2617,hist1h4l-4,hist1h4l-4
2618,hist1h2a6,hist1h2a6
2619,zgc:112234-5,zgc1122345
2620,zgc:173552,zgc173552
2621,si:ch1073-153i20.5,sich1073153i20.5
2622,si:ch1073-153i20.4,sich1073153i20.4
2623,hist1h4l-5,hist1h4l-5
2624,hist1h2a10,hist1h2a10
2625,zgc:112234-6,zgc1122346
2626,FP325123.2,FP325123.2
2627,hist1h2a11-3,hist1h2a11-3
2628,si:ch1073-159d7.7,sich1073159d7.7
2629,zgc:154164,zgc154164
2630,zgc:112234-7,zgc1122347
2631,hist1h4l-6,hist1h4l-6
2632,hist1h2a2,hist1h2a2
2633,zgc:112234-8,zgc1122348
2634,FP325123.1,FP325123.1
2635,hist1h2a11-4,hist1h2a11-4
2636,zgc:110425,zgc110425
2637,si:cabz01036022.1,sicabz01036022.1
2638,si:ch1073-220m6.1,sich1073220m6.1
2639,kcnj10a,kcnj10a
2640,pnp5a,pnp5a
2641,CAPN1,CAPN1
2642,CU459024.1,CU459024.1
2643,sf3b2,sf3b2
2644,prkd4,prkd4
2645,FO904860.1,FO904860.1
2646,ccs,ccs
2647,rbm14b,rbm14b
2648,actn3b,actn3b
2649,ccs-1,ccs-1
2650,gal3st3,gal3st3
2651,si:ch211-168d1.3,sich211168d1.3
2652,BX511131.1,BX511131.1
2653,zgc:101810,zgc101810
2654,six7,six7
2655,b4gat1,b4gat1
2656,BX324230.2,BX324230.2
2657,pfdn2,pfdn2
2658,nit1,nit1
2659,clcn3,clcn3
2660,BX324230.1,BX324230.1
2661,si:ch211-42c5.5,sich21142c5.5
2662,mfap3l,mfap3l
2663,aadat,aadat
2664,ino80b,ino80b
2665,intu,intu
2666,CABZ01030292.1,CABZ01030292.1
2667,CABZ01030292.2,CABZ01030292.2
2668,CABZ01030291.1,CABZ01030291.1
2669,CABZ01030291.2,CABZ01030291.2
2670,trmt10b,trmt10b
2671,cxcl19,cxcl19
2672,cxcl8b.3,cxcl8b.3
2673,cxcl8b.1,cxcl8b.1
2674,CABZ01030282.1,CABZ01030282.1
2675,CABZ01030278.1,CABZ01030278.1
2676,si:cabz01030277.1,sicabz01030277.1
2677,si:ch211-163c2.1,sich211163c2.1
2678,si:ch211-163c2.1-1,sich211163c2.1-1
2679,si:ch211-163c2.2,sich211163c2.2
2680,f13a1b,f13a1b
2681,si:dkey-185m8.2,sidkey185m8.2
2682,jac7,jac7
2683,zgc:172143,zgc172143
2684,aep1,aep1
2685,jac10,jac10
2686,zgc:194686,zgc194686
2687,jac1,jac1
2688,CR382283.1,CR382283.1
2689,si:dkeyp-32g11.8,sidkeyp32g11.8
2690,jac4,jac4
2691,loc564481,loc564481
2692,jac6,jac6
2693,loc564660,loc564660
2694,jac9,jac9
2695,CU019647.1,CU019647.1
2696,jac8,jac8
2697,jac3,jac3
2698,jac2,jac2
2699,CR759816.1,CR759816.1
2700,si:ch211-1o7.2,sich2111o7.2
2701,tex261,tex261
2702,si:ch211-1o7.3,sich2111o7.3
2703,vax2,vax2
2704,C7H20orf27,C7H20orf27
2705,si:ch211-183d5.2,sich211183d5.2
2706,zgc:113057,zgc113057
2707,pcsk6,pcsk6
2708,snrpa1,snrpa1
2709,selenos,selenos
2710,chsy1,chsy1
2711,CU457792.1,CU457792.1
2712,lrrk1,lrrk1
2713,aldh1a3,aldh1a3
2714,asb7,asb7
2715,lins1,lins1
2716,cers3a,cers3a
2717,adamts17,adamts17
2718,CU184872.1,CU184872.1
2719,MINAR1,MINAR1
2720,mthfs,mthfs
2721,zfand6,zfand6
2722,fah,fah
2723,LO018300.1,LO018300.1
2724,arnt2,arnt2
2725,BX470137.2,BX470137.2
2726,abhd17c,abhd17c
2727,BX470137.1,BX470137.1
2728,cemip,cemip
2729,CR847996.1,CR847996.1
2730,mesd,mesd
2731,tlnrd1,tlnrd1
2732,il16,il16
2733,CABZ01057506.1,CABZ01057506.1
2734,stard5,stard5
2735,CABZ01068273.2,CABZ01068273.2
2736,CABZ01068273.1,CABZ01068273.1
2737,si:dkey-15b23.3,sidkey15b23.3
2738,LO018324.1,LO018324.1
2739,si:dkey-15b23.3-1,sidkey15b23.3-1
2740,CR388156.1,CR388156.1
2741,mex3b,mex3b
2742,efl1,efl1
2743,CU914775.1,CU914775.1
2744,saxo2,saxo2
2745,adamtsl3,adamtsl3
2746,CR926461.1,CR926461.1
2747,zgc:158785,zgc158785
2748,cx36.7,cx36.7
2749,sh3gl3a,sh3gl3a
2750,CABZ01068862.1,CABZ01068862.1
2751,fth1a,fth1a
2752,saa,saa
2753,rplp2l,rplp2l
2754,slc25a22b,slc25a22b
2755,syt7b,syt7b
2756,CU571326.1,CU571326.1
2757,sdhaf2,sdhaf2
2758,polr2l,polr2l
2759,si:ch73-119p20.1,sich73119p20.1
2760,dagla,dagla
2761,CT030046.1,CT030046.1
2762,arih1l,arih1l
2763,plekho2,plekho2
2764,ankdd1a,ankdd1a
2765,spg21,spg21
2766,clpxa,clpxa
2767,pdcd7,pdcd7
2768,kbtbd13,kbtbd13
2769,rasl12,rasl12
2770,abhd2a,abhd2a
2771,rlbp1a,rlbp1a
2772,slc39a1,slc39a1
2773,strc,strc
2774,furina,furina
2775,CR627485.1,CR627485.1
2776,fes,fes
2777,CU467822.1,CU467822.1
2778,rhcga,rhcga
2779,CU467822.3,CU467822.3
2780,CU467822.2,CU467822.2
2781,dre-mir-9-6,dre-mir-9-6
2782,kif7,kif7
2783,dre-mir-7a-2,dre-mir-7a-2
2784,mrps11,mrps11
2785,mrpl46,mrpl46
2786,ntrk3b,ntrk3b
2787,CU280645.1,CU280645.1
2788,si:dkey-172h23.2,sidkey172h23.2
2789,FP101884.1,FP101884.1
2790,sv2ba,sv2ba
2791,mespaa,mespaa
2792,mespba,mespba
2793,si:ch211-276a23.5,sich211276a23.5
2794,ANPEP,ANPEP
2795,igf1rb,igf1rb
2796,lrrc28,lrrc28
2797,mef2ab,mef2ab
2798,mctp2b,mctp2b
2799,rcn1,rcn1
2800,pax6b,pax6b
2801,elp4,elp4
2802,immp1l,immp1l
2803,BX957347.2,BX957347.2
2804,BX957347.1,BX957347.1
2805,si:ch73-367j5.3,sich73367j5.3
2806,CT030144.2,CT030144.2
2807,btr04,btr04
2808,btr05,btr05
2809,CT030144.1,CT030144.1
2810,btr06,btr06
2811,btr07,btr07
2812,BX957276.1,BX957276.1
2813,mpped2a,mpped2a
2814,zdhhc13,zdhhc13
2815,csrp3,csrp3
2816,e2f8,e2f8
2817,BX890598.1,BX890598.1
2818,nav2a,nav2a
2819,BX088559.1,BX088559.1
2820,CU929054.1,CU929054.1
2821,dbx1a,dbx1a
2822,htatip2,htatip2
2823,prmt3,prmt3
2824,slc6a5,slc6a5
2825,nitr12,nitr12
2826,nitr9,nitr9
2827,si:ch73-46n24.1,sich7346n24.1
2828,CU179757.1,CU179757.1
2829,nitr10a,nitr10a
2830,nitr11a,nitr11a
2831,nitr8,nitr8
2832,CU179702.1,CU179702.1
2833,si:busm1-169i8.11,sibusm1169i8.11
2834,nitr3r.1l,nitr3r.1l
2835,CU179702.2,CU179702.2
2836,nitr7a,nitr7a
2837,nitr7b,nitr7b
2838,nitr3a,nitr3a
2839,nitr3b,nitr3b
2840,nitr2a,nitr2a
2841,nitr2b,nitr2b
2842,nitr1b,nitr1b
2843,CU179759.2,CU179759.2
2844,nitr1b-1,nitr1b-1
2845,CU179759.1,CU179759.1
2846,nitr1f,nitr1f
2847,nitr1i,nitr1i
2848,nitr1k,nitr1k
2849,CU672228.1,CU672228.1
2850,nitr1m,nitr1m
2851,nitr1b-2,nitr1b-2
2852,nitr5,nitr5
2853,nitr4a,nitr4a
2854,nitr6b,nitr6b
2855,nitr6b-1,nitr6b-1
2856,nitr6a,nitr6a
2857,nitr6b-2,nitr6b-2
2858,CT030012.1,CT030012.1
2859,map4k2,map4k2
2860,men1,men1
2861,rtn3,rtn3
2862,si:dkey-106g10.7,sidkey106g10.7
2863,si:dkey-28a3.2,sidkey28a3.2
2864,ecsit,ecsit
2865,eml3,eml3
2866,CU457795.1,CU457795.1
2867,mta2,mta2
2868,cth1,cth1
2869,taf6l,taf6l
2870,kcnk7,kcnk7
2871,ehbp1l1a,ehbp1l1a
2872,si:ch73-40a2.1,sich7340a2.1
2873,rab1ba,rab1ba
2874,peli3,peli3
2875,rce1a,rce1a
2876,CT027807.1,CT027807.1
2877,cd248a,cd248a
2878,sstr1b,sstr1b
2879,znf16l,znf16l
2880,rgs12a,rgs12a
2881,msantd1,msantd1
2882,dtx4a,dtx4a
2883,si:ch211-119e14.1,sich211119e14.1
2884,coro1b,coro1b
2885,nectin4a,nectin4a
2886,trmt10a,trmt10a
2887,C7H4orf54,C7H4orf54
2888,mllt3,mllt3
2889,focad,focad
2890,zgc:194252,zgc194252
2891,HACD4,HACD4
2892,CU972454.1,CU972454.1
2893,CU972454.2,CU972454.2
2894,CU972454.5,CU972454.5
2895,CU972454.3,CU972454.3
2896,CU972454.4,CU972454.4
2897,fcer1g,fcer1g
2898,ndufs2,ndufs2
2899,kirrel1a,kirrel1a
2900,il13ra1,il13ra1
2901,dock11,dock11
2902,ntn4,ntn4
2903,snrpf,snrpf
2904,AMDHD1,AMDHD1
2905,si:ch73-71d17.2,sich7371d17.2
2906,si:ch211-212k18.6,sich211212k18.6
2907,si:ch211-212k18.7,sich211212k18.7
2908,si:ch211-212k18.8,sich211212k18.8
2909,si:ch211-212k18.9,sich211212k18.9
2910,man2b2,man2b2
2911,ttc5,ttc5
2912,CCNB1IP1,CCNB1IP1
2913,si:ch211-212k18.5,sich211212k18.5
2914,slc7a7,slc7a7
2915,oxa1l,oxa1l
2916,casp23,casp23
2917,si:ch211-212k18.13,sich211212k18.13
2918,zgc:194655,zgc194655
2919,si:ch211-212k18.15,sich211212k18.15
2920,si:ch211-212k18.4,sich211212k18.4
2921,si:ch211-196p9.1,sich211196p9.1
2922,tkfc,tkfc
2923,si:dkey-9k7.3,sidkey9k7.3
2924,BX957278.1,BX957278.1
2925,ovol1a,ovol1a
2926,mus81,mus81
2927,TMEM151A,TMEM151A
2928,si:ch211-285j22.5,sich211285j22.5
2929,si:ch211-285j22.3,sich211285j22.3
2930,zgc:110591,zgc110591
2931,prox3,prox3
2932,snx15,snx15
2933,CR339062.2,CR339062.2
2934,trip6,trip6
2935,bcl6b,bcl6b
2936,slc16a13,slc16a13
2937,acap1,acap1
2938,zgc:114045,zgc114045
2939,BX322601.1,BX322601.1
2940,si:ch73-335l21.1,sich73335l21.1
2941,CU019646.1,CU019646.1
2942,si:ch73-335l21.4,sich73335l21.4
2943,si:ch73-335l21.3,sich73335l21.3
2944,si:ch73-335l21.2,sich73335l21.2
2945,dvl2,dvl2
2946,acadvl,acadvl
2947,zgc:194312,zgc194312
2948,ponzr1,ponzr1
2949,si:dkey-33c9.6,sidkey33c9.6
2950,ntn5,ntn5
2951,cnpy4,cnpy4
2952,si:dkey-33c9.8,sidkey33c9.8
2953,si:dkey-19b23.13,sidkey19b23.13
2954,si:dkey-19b23.12,sidkey19b23.12
2955,si:dkey-19b23.14,sidkey19b23.14
2956,zgc:103586,zgc103586
2957,slc3a2a,slc3a2a
2958,zgc:158423,zgc158423
2959,CR318653.1,CR318653.1
2960,si:dkey-19b23.10,sidkey19b23.10
2961,zpax4,zpax4
2962,si:dkey-19b23.7,sidkey19b23.7
2963,si:dkey-19b23.8,sidkey19b23.8
2964,SAT2,SAT2
2965,sat2a,sat2a
2966,tnfsf12,tnfsf12
2967,chd3,chd3
2968,cyb5d1,cyb5d1
2969,dnajc3b,dnajc3b
2970,cldn15a,cldn15a
2971,fis1,fis1
2972,gigyf1a,gigyf1a
2973,wrap53,wrap53
2974,efnb3b,efnb3b
2975,serpinh2,serpinh2
2976,dnah2,dnah2
2977,kdm6ba,kdm6ba
2978,BX005336.1,BX005336.1
2979,tmem88b,tmem88b
2980,BX005336.3,BX005336.3
2981,BX005336.2,BX005336.2
2982,BX005336.4,BX005336.4
2983,tm4sf5,tm4sf5
2984,si:dkey-85k7.7,sidkey85k7.7
2985,mettl3,mettl3
2986,pop7,pop7
2987,epoa,epoa
2988,ufsp1,ufsp1
2989,si:dkey-85k7.10,sidkey85k7.10
2990,si:dkey-85k7.11,sidkey85k7.11
2991,si:dkey-85k7.12,sidkey85k7.12
2992,nlgn2a,nlgn2a
2993,CU571061.1,CU571061.1
2994,tmem256,tmem256
2995,tmem102,tmem102
2996,fgf11a,fgf11a
2997,chrnb1,chrnb1
2998,chrnb1l,chrnb1l
2999,cldn7a,cldn7a
3000,si:dkey-112a7.4,sidkey112a7.4
3001,BX649313.1,BX649313.1
3002,si:dkey-112a7.5,sidkey112a7.5
3003,ponzr5,ponzr5
3004,BX470211.1,BX470211.1
3005,ponzr3,ponzr3
3006,BX470211.2,BX470211.2
3007,ponzr4,ponzr4
3008,ugt5g1,ugt5g1
3009,si:dkey-165a24.9,sidkey165a24.9
3010,fxr2,fxr2
3011,ponzr6,ponzr6
3012,si:dkey-165a24.10,sidkey165a24.10
3013,si:ch211-15b10.6,sich21115b10.6
3014,rbm4.3,rbm4.3
3015,rbm4.2,rbm4.2
3016,rbm4.1,rbm4.1
3017,sf1,sf1
3018,pygmb,pygmb
3019,clcn5b,clcn5b
3020,tnfsf10l,tnfsf10l
3021,CR381635.1,CR381635.1
3022,si:dkey-171c9.3,sidkey171c9.3
3023,ccnb3,ccnb3
3024,BX957325.1,BX957325.1
3025,CR352332.1,CR352332.1
3026,htr2cl1,htr2cl1
3027,dre-mir-730,dre-mir-730
3028,zgc:109889,zgc109889
3029,gpr185b,gpr185b
3030,CR318658.1,CR318658.1
3031,si:dkey-172j4.3,sidkey172j4.3
3032,zgc:92429,zgc92429
3033,si:ch211-200p22.4,sich211200p22.4
3034,AL954129.1,AL954129.1
3035,zgc:162171,zgc162171
3036,rab39bb,rab39bb
3037,vbp1,vbp1
3038,CR388231.5,CR388231.5
3039,syt4,syt4
3040,si:dkey-183c6.7,sidkey183c6.7
3041,si:dkey-183c6.8,sidkey183c6.8
3042,ccdc166,ccdc166
3043,si:dkey-183c6.9,sidkey183c6.9
3044,homezb,homezb
3045,cideb,cideb
3046,CR388231.4,CR388231.4
3047,tinf2,tinf2
3048,dhrs4,dhrs4
3049,efs,efs
3050,CR388231.6,CR388231.6
3051,acin1b,acin1b
3052,CR388231.2,CR388231.2
3053,CR388231.3,CR388231.3
3054,CR388231.1,CR388231.1
3055,ajuba,ajuba
3056,mrpl52,mrpl52
3057,mmp14a,mmp14a
3058,lrp10,lrp10
3059,si:ch211-216p19.5,sich211216p19.5
3060,zgc:153151,zgc153151
3061,si:ch211-216p19.6,sich211216p19.6
3062,CR318603.2,CR318603.2
3063,gmpr2,gmpr2
3064,nedd8,nedd8
3065,slc7a8a,slc7a8a
3066,CR318603.1,CR318603.1
3067,svep1,svep1
3068,CR318603.3,CR318603.3
3069,txn,txn
3070,si:dkey-11k2.7,sidkey11k2.7
3071,ptgr1,ptgr1
3072,haus3,haus3
3073,poln,poln
3074,nat8l,nat8l
3075,C7H4orf48,C7H4orf48
3076,nelfa,nelfa
3077,faah2b,faah2b
3078,btr09,btr09
3079,TESK1,TESK1
3080,si:dkeyp-75h12.7,sidkeyp75h12.7
3081,pik3c3,pik3c3
3082,rgp1,rgp1
3083,MSMP,MSMP
3084,gba2,gba2
3085,calb2b,calb2b
3086,cmtr2,cmtr2
3087,shroom4,shroom4
3088,si:ch211-226l4.6,sich211226l4.6
3089,otub1b,otub1b
3090,CSKMT,CSKMT
3091,fam113,fam113
3092,BX511061.1,BX511061.1
3093,adad2,adad2
3094,krcp,krcp
3095,mark2b,mark2b
3096,rcor2,rcor2
3097,naa40-1,naa40-1
3098,b3gat3,b3gat3
3099,sb:cb1058,sbcb1058
3100,si:dkey-23i12.5,sidkey23i12.5
3101,AL954715.5,AL954715.5
3102,AL954715.3,AL954715.3
3103,ENSDARG00000080156,ENSDARG00000080156
3104,AL954715.6,AL954715.6
3105,AL954715.2,AL954715.2
3106,AL954715.4,AL954715.4
3107,arl2,arl2
3108,si:dkey-23i12.7,sidkey23i12.7
3109,ppp2r5b,ppp2r5b
3110,si:dkey-23i12.9,sidkey23i12.9
3111,gpha2,gpha2
3112,MAJIN,MAJIN
3113,zgc:101765,zgc101765
3114,badb,badb
3115,exoc6b,exoc6b
3116,CU464085.1,CU464085.1
3117,cyp26b1,cyp26b1
3118,CU929416.1,CU929416.1
3119,dysf,dysf
3120,CR846090.1,CR846090.1
3121,CU467013.2,CU467013.2
3122,CU467013.1,CU467013.1
3123,mtm1,mtm1
3124,mtmr1a,mtmr1a
3125,cd99l2,cd99l2
3126,BX005022.2,BX005022.2
3127,BX005022.3,BX005022.3
3128,hmgb3a,hmgb3a
3129,arrb2b,arrb2b
3130,pelp1,pelp1
3131,BX005022.1,BX005022.1
3132,alox12,alox12
3133,rnaseka,rnaseka
3134,si:dkey-6n21.12,sidkey6n21.12
3135,si:dkey-6n21.13,sidkey6n21.13
3136,CT027989.1,CT027989.1
3137,dre-mir-15b,dre-mir-15b
3138,dre-mir-457a,dre-mir-457a
3139,zgc:92664,zgc92664
3140,ache,ache
3141,si:ch211-196f2.3,sich211196f2.3
3142,snapc2,snapc2
3143,BX470232.1,BX470232.1
3144,nat16,nat16
3145,si:ch211-196f2.6,sich211196f2.6
3146,nat16l,nat16l
3147,vgf,vgf
3148,ap1s1,ap1s1
3149,serpine1,serpine1
3150,zgc:77439,zgc77439
3151,zanl,zanl
3152,map11,map11
3153,gal3st4,gal3st4
3154,her8a,her8a
3155,zgc:172079,zgc172079
3156,zgc:172079-1,zgc1720791
3157,zgc:172079-2,zgc1720792
3158,mblac1,mblac1
3159,mpdu1b,mpdu1b
3160,sox19b,sox19b
3161,eif4a1a,eif4a1a
3162,CR848032.1,CR848032.1
3163,senp3b,senp3b
3164,si:dkey-62k3.5,sidkey62k3.5
3165,tnk1,tnk1
3166,si:dkey-62k3.6,sidkey62k3.6
3167,plscr3b,plscr3b
3168,CR848032.2,CR848032.2
3169,phf23b,phf23b
3170,hsbp1a,hsbp1a
3171,tp53i11a,tp53i11a
3172,CT573817.1,CT573817.1
3173,cd82a,cd82a
3174,CR394555.1,CR394555.1
3175,tspan18a,tspan18a
3176,si:ch211-107p11.3,sich211107p11.3
3177,ext2,ext2
3178,alx4a,alx4a
3179,caprin1a,caprin1a
3180,nucb2a,nucb2a
3181,rps13,rps13
3182,BX927397.1,BX927397.1
3183,plekha7b,plekha7b
3184,sox6,sox6
3185,cyp2r1,cyp2r1
3186,calca,calca
3187,pde3b,pde3b
3188,BX005056.2,BX005056.2
3189,copb1,copb1
3190,BX005056.3,BX005056.3
3191,rras2,rras2
3192,tub,tub
3193,BX005056.1,BX005056.1
3194,RIC3,RIC3
3195,BX072554.1,BX072554.1
3196,lmo1,lmo1
3197,BX072554.4,BX072554.4
3198,BX072554.2,BX072554.2
3199,BX072554.3,BX072554.3
3200,stk33,stk33
3201,rerglb,rerglb
3202,trim66,trim66
3203,BX323591.1,BX323591.1
3204,dennd2b,dennd2b
3205,tmem9b,tmem9b
3206,scube2,scube2
3207,CU467654.1,CU467654.1
3208,slc7a6os,slc7a6os
3209,slc7a6,slc7a6
3210,adgrg1,adgrg1
3211,adgrg1-1,adgrg1-1
3212,CU464087.1,CU464087.1
3213,ccdc102a,ccdc102a
3214,dok4,dok4
3215,CR376738.2,CR376738.2
3216,CR376738.1,CR376738.1
3217,dnaaf1,dnaaf1
3218,nrn1lb,nrn1lb
3219,cog4,cog4
3220,thap11,thap11
3221,gfod2,gfod2
3222,sinhcafl,sinhcafl
3223,vrk3,vrk3
3224,acd,acd
3225,ogfod1,ogfod1
3226,fbxl8,fbxl8
3227,tradd,tradd
3228,gnao1b,gnao1b
3229,mtbl,mtbl
3230,tmppe,tmppe
3231,CR352249.1,CR352249.1
3232,exosc6,exosc6
3233,slc38a8b,slc38a8b
3234,aph1b,aph1b
3235,herc1,herc1
3236,dapk2a,dapk2a
3237,si:ch211-112g6.4,sich211112g6.4
3238,CR450827.2,CR450827.2
3239,rab8b,rab8b
3240,trpm1a,trpm1a
3241,dre-mir-204-2,dre-mir-204-2
3242,gtf2a2,gtf2a2
3243,CR450827.5,CR450827.5
3244,CR450827.7,CR450827.7
3245,CR450827.4,CR450827.4
3246,CR450827.1,CR450827.1
3247,CR450827.6,CR450827.6
3248,CR450827.3,CR450827.3
3249,foxb1b,foxb1b
3250,BX927082.1,BX927082.1
3251,BX927082.2,BX927082.2
3252,si:dkey-182o15.5,sidkey182o15.5
3253,anxa2b,anxa2b
3254,rorab,rorab
3255,vps13c,vps13c
3256,CR388046.6,CR388046.6
3257,CR388046.5,CR388046.5
3258,CR388046.2,CR388046.2
3259,CR388046.1,CR388046.1
3260,CR388046.4,CR388046.4
3261,CR388046.3,CR388046.3
3262,BX914219.3,BX914219.3
3263,BX914219.1,BX914219.1
3264,BX914219.2,BX914219.2
3265,tln2a,tln2a
3266,BX914219.4,BX914219.4
3267,tpma,tpma
3268,fbxo22,fbxo22
3269,isl2b,isl2b
3270,pstpip1b,pstpip1b
3271,tspan3b,tspan3b
3272,nmbb,nmbb
3273,alpk3b,alpk3b
3274,frmd5,frmd5
3275,tmed3,tmed3
3276,si:ch211-107o10.3,sich211107o10.3
3277,CR356246.1,CR356246.1
3278,dre-mir-184-2,dre-mir-184-2
3279,wdr76,wdr76
3280,znf710b,znf710b
3281,sema4bb,sema4bb
3282,zgc:162945,zgc162945
3283,serf2,serf2
3284,polr2m,polr2m
3285,aldh1a2,aldh1a2
3286,aqp9b,aqp9b
3287,lipca,lipca
3288,adam10a,adam10a
3289,BX957301.1,BX957301.1
3290,AL935053.2,AL935053.2
3291,AL935053.1,AL935053.1
3292,mindy2,mindy2
3293,sltm,sltm
3294,rnf111,rnf111
3295,ccnb2,ccnb2
3296,myo1ea,myo1ea
3297,mtmr10,mtmr10
3298,mphosph10,mphosph10
3299,mcee,mcee
3300,apba2b,apba2b
3301,sord,sord
3302,si:dkey-1h4.4,sidkey1h4.4
3303,terb2,terb2
3304,tjp1a,tjp1a
3305,fam189a1,fam189a1
3306,CR356242.1,CR356242.1
3307,casc4,casc4
3308,ctdspl2b,ctdspl2b
3309,strc1,strc1
3310,eif3jb,eif3jb
3311,cilp,cilp
3312,CU329666.1,CU329666.1
3313,CU329666.2,CU329666.2
3314,igdcc3,igdcc3
3315,igdcc4,igdcc4
3316,nap1l4b,nap1l4b
3317,cars1,cars1
3318,mybpc3,mybpc3
3319,lin7c,lin7c
3320,bdnf,bdnf
3321,kif18a,kif18a
3322,mettl15,mettl15
3323,CR354377.1,CR354377.1
3324,BX324119.1,BX324119.1
3325,lgr4,lgr4
3326,BX511109.1,BX511109.1
3327,CT030129.1,CT030129.1
3328,kcna4,kcna4
3329,fshb,fshb
3330,arl14ep,arl14ep
3331,si:ch73-314g15.3,sich73314g15.3
3332,spi1b,spi1b
3333,AL929252.1,AL929252.1
3334,slc39a13,slc39a13
3335,si:ch211-150g13.3,sich211150g13.3
3336,gas2b,gas2b
3337,slc17a6b,slc17a6b
3338,ano5b,ano5b
3339,tssc4,tssc4
3340,ano9b,ano9b
3341,pkp3b,pkp3b
3342,cd81a,cd81a
3343,kcnc1a,kcnc1a
3344,tph1b,tph1b
3345,mns1,mns1
3346,zgc:153219,zgc153219
3347,si:ch211-194p6.7,sich211194p6.7
3348,itln2,itln2
3349,itln2-1,itln2-1
3350,si:ch211-194p6.10,sich211194p6.10
3351,BX571811.2,BX571811.2
3352,BX571811.1,BX571811.1
3353,ITLN1,ITLN1
3354,itga11a,itga11a
3355,coro2ba,coro2ba
3356,anp32a,anp32a
3357,glceb,glceb
3358,BX914196.1,BX914196.1
3359,paqr5b,paqr5b
3360,AL954672.1,AL954672.1
3361,tle3b,tle3b
3362,uacab,uacab
3363,BX511006.1,BX511006.1
3364,rxfp3.3a1,rxfp3.3a1
3365,pias1a,pias1a
3366,skor1a,skor1a
3367,map2k5,map2k5
3368,CR927368.1,CR927368.1
3369,smad3a,smad3a
3370,smad6a,smad6a
3371,crybgx,crybgx
3372,lctla,lctla
3373,tipin,tipin
3374,dis3l,dis3l
3375,si:ch211-98n17.5,sich21198n17.5
3376,fibinb,fibinb
3377,CR388195.1,CR388195.1
3378,bbox1,bbox1
3379,madd,madd
3380,nr1h3,nr1h3
3381,si:cabz01009626.1,sicabz01009626.1
3382,si:zfos-1897c11.1,sizfos1897c11.1
3383,cln6a,cln6a
3384,calml4a,calml4a
3385,tex9,tex9
3386,rfx7a,rfx7a
3387,fhod1,fhod1
3388,slc9a5,slc9a5
3389,plekhg4,plekhg4
3390,si:dkey-148a17.5,sidkey148a17.5
3391,si:dkey-148a17.6,sidkey148a17.6
3392,esrp2,esrp2
3393,nfatc3a,nfatc3a
3394,BX005082.1,BX005082.1
3395,ddx28,ddx28
3396,CR356247.1,CR356247.1
3397,galr1b,galr1b
3398,zgc:112160,zgc112160
3399,zgc:136461,zgc136461
3400,ctrb1,ctrb1
3401,agrp,agrp
3402,atp6v0d1,atp6v0d1
3403,hsd11b2,hsd11b2
3404,zdhhc1,zdhhc1
3405,tppp3,tppp3
3406,amfrb,amfrb
3407,dpep2,dpep2
3408,slc12a4,slc12a4
3409,slc6a2,slc6a2
3410,lpcat2,lpcat2
3411,mmp2,mmp2
3412,BX294178.2,BX294178.2
3413,irx6a,irx6a
3414,BX294178.1,BX294178.1
3415,BX294178.3,BX294178.3
3416,BX255967.1,BX255967.1
3417,irx5a,irx5a
3418,irx3a,irx3a
3419,CR848715.1,CR848715.1
3420,fto,fto
3421,aktip,aktip
3422,chd9,chd9
3423,CU464124.1,CU464124.1
3424,FP015866.4,FP015866.4
3425,FP015866.3,FP015866.3
3426,FP015866.2,FP015866.2
3427,FP015866.1,FP015866.1
3428,zgc:195356,zgc195356
3429,tox3,tox3
3430,AL929307.1,AL929307.1
3431,sall1a,sall1a
3432,CT030153.1,CT030153.1
3433,cylda,cylda
3434,nod2,nod2
3435,nkd1,nkd1
3436,BX664719.1,BX664719.1
3437,brd7,brd7
3438,adcy7,adcy7
3439,BX663605.1,BX663605.1
3440,tent4b,tent4b
3441,heatr3,heatr3
3442,BX323060.3,BX323060.3
3443,cebpa,cebpa
3444,cebpg,cebpg
3445,BX323060.1,BX323060.1
3446,BX323060.2,BX323060.2
3447,abcc12,abcc12
3448,BX323797.3,BX323797.3
3449,BX323797.4,BX323797.4
3450,BX323797.1,BX323797.1
3451,BX323797.2,BX323797.2
3452,si:dkey-78a14.4,sidkey78a14.4
3453,cnep1r1,cnep1r1
3454,gpatch1,gpatch1
3455,lrp3,lrp3
3456,slc7a10a,slc7a10a
3457,BX323855.1,BX323855.1
3458,rhpn2,rhpn2
3459,BX323855.2,BX323855.2
3460,cep89,cep89
3461,zgc:165481,zgc165481
3462,slc7a9,slc7a9
3463,nudt19,nudt19
3464,celf1,celf1
3465,BX571680.1,BX571680.1
3466,CR318601.1,CR318601.1
3467,ptpmt1,ptpmt1
3468,ndufs3,ndufs3
3469,c1qtnf4,c1qtnf4
3470,c6ast4,c6ast4
3471,c6ast3,c6ast3
3472,BX957297.3,BX957297.3
3473,BX957297.2,BX957297.2
3474,npsn,npsn
3475,c6ast1,c6ast1
3476,mtch2,mtch2
3477,BX957297.4,BX957297.4
3478,psmc3,psmc3
3479,aplnr2,aplnr2
3480,syt13,syt13
3481,BX957297.1,BX957297.1
3482,cd59,cd59
3483,fbxo3,fbxo3
3484,znf408,znf408
3485,f2,f2
3486,BX957256.1,BX957256.1
3487,arhgap1,arhgap1
3488,si:dkey-23n7.10,sidkey23n7.10
3489,atg13,atg13
3490,harbi1,harbi1
3491,zgc:110699,zgc110699
3492,phf21aa,phf21aa
3493,creb3l1,creb3l1
3494,dgkza,dgkza
3495,CR382325.1,CR382325.1
3496,CR356225.1,CR356225.1
3497,mdka,mdka
3498,chrm4a,chrm4a
3499,CABZ01033553.1,CABZ01033553.1
3500,ambra1a,ambra1a
3501,acp2,acp2
3502,slc8b1,slc8b1
3503,tnni2b.2,tnni2b.2
3504,tnni2b.1,tnni2b.1
3505,lsp1b,lsp1b
3506,BX842701.1,BX842701.1
3507,tnnt3b,tnnt3b
3508,otog,otog
3509,slc22a18,slc22a18
3510,ptprja,ptprja
3511,ptpn5,ptpn5
3512,zgc:158564,zgc158564
3513,tbc1d14,tbc1d14
3514,ccl36.1,ccl36.1
3515,BX908792.2,BX908792.2
3516,BX908792.1,BX908792.1
3517,si:dkey-58i8.5,sidkey58i8.5
3518,ccdc96,ccdc96
3519,tada2b,tada2b
3520,grpel1,grpel1
3521,sorcs2,sorcs2
3522,shrprbck1r,shrprbck1r
3523,MAF1,MAF1
3524,si:ch73-174h16.4,sich73174h16.4
3525,si:ch73-174h16.5,sich73174h16.5
3526,wdr60,wdr60
3527,esyt2b,esyt2b
3528,ncapg2,ncapg2
3529,ptprn2,ptprn2
3530,dre-mir-153a,dre-mir-153a
3531,dnajb6b,dnajb6b
3532,ube3c,ube3c
3533,mnx1,mnx1
3534,nom1,nom1
3535,lmbr1,lmbr1
3536,rnf32,rnf32
3537,CU041319.3,CU041319.3
3538,CU041319.1,CU041319.1
3539,shha,shha
3540,rbm33a,rbm33a
3541,CU041319.2,CU041319.2
3542,si:dkey-151p11.2,sidkey151p11.2
3543,en2a,en2a
3544,insig1,insig1
3545,htr5ab,htr5ab
3546,AL772146.1,AL772146.1
3547,puf60b,puf60b
3548,scrib,scrib
3549,AL772146.2,AL772146.2
3550,kif9,kif9
3551,si:dkey-86l18.10,sidkey86l18.10
3552,rgs9bp,rgs9bp
3553,MCUR1,MCUR1
3554,dph2,dph2
3555,ncf2,ncf2
3556,garem,garem
3557,prkdc,prkdc
3558,BX322787.1,BX322787.1
3559,abcf2b,abcf2b
3560,chpf2,chpf2
3561,smarcd3b,smarcd3b
3562,BX005319.1,BX005319.1
3563,NFX1,NFX1
3564,BX005319.3,BX005319.3
3565,plxdc2,plxdc2
3566,BX005319.2,BX005319.2
3567,malrd1,malrd1
3568,arl8,arl8
3569,hrh3,hrh3
3570,vps35,vps35
3571,AL928906.1,AL928906.1
3572,orc6,orc6
3573,mylk3,mylk3
3574,C7H16orf87,C7H16orf87
3575,gpt2,gpt2
3576,dnaja2a,dnaja2a
3577,neto2b,neto2b
3578,itfg1,itfg1
3579,CR759753.1,CR759753.1
3580,phkb,phkb
3581,CR847539.1,CR847539.1
3582,CU570782.3,CU570782.3
3583,CU570782.1,CU570782.1
3584,CU570782.2,CU570782.2
3585,adamts18,adamts18
3586,BX284620.3,BX284620.3
3587,BX470088.1,BX470088.1
3588,BX284620.1,BX284620.1
3589,BX284620.2,BX284620.2
3590,BX284696.1,BX284696.1
3591,BX005003.1,BX005003.1
3592,BX005003.2,BX005003.2
3593,BX005396.4,BX005396.4
3594,BX005396.3,BX005396.3
3595,BX005396.1,BX005396.1
3596,BX005396.5,BX005396.5
3597,BX005396.2,BX005396.2
3598,cdh11,cdh11
3599,CT025913.1,CT025913.1
3600,BX842687.1,BX842687.1
3601,BX842670.1,BX842670.1
3602,CU861667.1,CU861667.1
3603,cdh5,cdh5
3604,bean1,bean1
3605,si:ch211-189a15.5,sich211189a15.5
3606,tk2,tk2
3607,CT027744.2,CT027744.2
3608,cmtm3,cmtm3
3609,CT027744.1,CT027744.1
3610,cmtm4,cmtm4
3611,BX511128.4,BX511128.4
3612,BX511128.1,BX511128.1
3613,dync1li2,dync1li2
3614,BX511128.2,BX511128.2
3615,si:dkey-56m19.5,sidkey56m19.5
3616,BX511128.3,BX511128.3
3617,nae1,nae1
3618,ca7,ca7
3619,cdh16,cdh16
3620,BX511136.1,BX511136.1
3621,BX511136.2,BX511136.2
3622,rrad,rrad
3623,ciao2b,ciao2b
3624,VSTM2B,VSTM2B
3625,uqcrfs1,uqcrfs1
3626,BX511025.1,BX511025.1
3627,BX511025.2,BX511025.2
3628,shcbp1,shcbp1
3629,FO704745.1,FO704745.1
3630,CABZ01000591.1,CABZ01000591.1
3631,pop4,pop4
3632,plekhf1,plekhf1
3633,C18H19orf12,C18H19orf12
3634,C18H19orf12-1,C18H19orf12-1
3635,C18H19orf12-2,C18H19orf12-2
3636,si:ch211-260e23.9,sich211260e23.9
3637,zgc:162297,zgc162297
3638,ccne1,ccne1
3639,CR847947.1,CR847947.1
3640,CR847947.2,CR847947.2
3641,znf536,znf536
3642,tshz3b,tshz3b
3643,CT476811.1,CT476811.1
3644,BX005073.4,BX005073.4
3645,BX005073.3,BX005073.3
3646,BX005073.1,BX005073.1
3647,BX005073.2,BX005073.2
3648,BX323051.1,BX323051.1
3649,znf507,znf507
3650,si:ch211-186j3.3,sich211186j3.3
3651,dpy19l3,dpy19l3
3652,AL935126.2,AL935126.2
3653,AL935126.1,AL935126.1
3654,si:ch211-186j3.6,sich211186j3.6
3655,CABZ01040166.1,CABZ01040166.1
3656,CABZ01040175.1,CABZ01040175.1
3657,mtss1lb,mtss1lb
3658,CR354581.1,CR354581.1
3659,cpeb1b,cpeb1b
3660,rbpms2b,rbpms2b
3661,BX663612.2,BX663612.2
3662,oaz2b,oaz2b
3663,slc25a44b,slc25a44b
3664,BX663612.1,BX663612.1
3665,crabp1b,crabp1b
3666,sin3ab,sin3ab
3667,lingo1b,lingo1b
3668,AL928843.1,AL928843.1
3669,kcnq1.1,kcnq1.1
3670,cdkn1ca,cdkn1ca
3671,trpm5,trpm5
3672,AL929208.1,AL929208.1
3673,traf6,traf6
3674,AL929208.2,AL929208.2
3675,acana,acana
3676,mfge8a,mfge8a
3677,cpt1aa,cpt1aa
3678,igf2a,igf2a
3679,BX001047.1,BX001047.1
3680,si:ch211-288d18.1,sich211288d18.1
3681,b4galnt4b,b4galnt4b
3682,AL928628.2,AL928628.2
3683,AL928628.1,AL928628.1
3684,abtb2a,abtb2a
3685,brsk2b,brsk2b
3686,tsg101b,tsg101b
3687,hrasb,hrasb
3688,rassf7b,rassf7b
3689,ascl1b,ascl1b
3690,ascl1b-1,ascl1b-1
3691,fjx1,fjx1
3692,PAMR1,PAMR1
3693,slc1a2a,slc1a2a
3694,cd44a,cd44a
3695,apip,apip
3696,AL954846.1,AL954846.1
3697,lrrc4cb,lrrc4cb
3698,hsd17b12b,hsd17b12b
3699,CU695004.1,CU695004.1
3700,CR376774.1,CR376774.1
3701,dre-mir-129-2,dre-mir-129-2
3702,ttc17,ttc17
3703,prc1b,prc1b
3704,vps33b,vps33b
3705,hddc3,hddc3
3706,mfap1,mfap1
3707,hypk,hypk
3708,serinc4,serinc4
3709,adamtsl5,adamtsl5
3710,crtc3,crtc3
3711,iqgap1,iqgap1
3712,CABZ01045518.1,CABZ01045518.1
3713,si:ch73-380l10.2,sich73380l10.2
3714,dthd1,dthd1
3715,CU672227.1,CU672227.1
3716,per1b,per1b
3717,pcolceb,pcolceb
3718,PAQR9,PAQR9
3719,CR318600.3,CR318600.3
3720,ankrd46b,ankrd46b
3721,col4a6,col4a6
3722,CR318600.2,CR318600.2
3723,col4a5,col4a5
3724,CR936978.1,CR936978.1
3725,CR354588.1,CR354588.1
3726,gc2,gc2
3727,rasl11a,rasl11a
3728,usp12b,usp12b
3729,arhgap36,arhgap36
3730,CR381676.1,CR381676.1
3731,nhsl2,nhsl2
3732,CR318655.1,CR318655.1
3733,rps4x,rps4x
3734,cited1,cited1
3735,hdac8,hdac8
3736,hdac8-1,hdac8-1
3737,leap2,leap2
3738,bmp15,bmp15
3739,got2b,got2b
3740,BX957362.5,BX957362.5
3741,slc38a7,slc38a7
3742,BX957362.2,BX957362.2
3743,si:ch211-122f10.4,sich211122f10.4
3744,BX957362.1,BX957362.1
3745,BX957362.4,BX957362.4
3746,BX957362.3,BX957362.3
3747,cyp2x10.2,cyp2x10.2
3748,cyp2x10.2-1,cyp2x10.2-1
3749,cyp2x12,cyp2x12
3750,si:dkey-286h2.3,sidkey286h2.3
3751,CT737190.1,CT737190.1
3752,tmem208,tmem208
3753,katnb1,katnb1
3754,CT737190.2,CT737190.2
3755,SLCO3A1,SLCO3A1
3756,gnrhr2,gnrhr2
3757,wdr93,wdr93
3758,BX324153.1,BX324153.1
3759,myzap,myzap
3760,cgnl1,cgnl1
3761,tcf12,tcf12
3762,BX323544.1,BX323544.1
3763,BX323544.2,BX323544.2
3764,znf280d,znf280d
3765,mtfmt,mtfmt
3766,ppip5k1a,ppip5k1a
3767,CT030160.1,CT030160.1
3768,map1aa,map1aa
3769,tp53bp1,tp53bp1
3770,tubgcp4,tubgcp4
3771,CU469544.1,CU469544.1
3772,cdkn2aip,cdkn2aip
3773,cart3,cart3
3774,CABZ01070527.1,CABZ01070527.1
3775,cdh1,cdh1
3776,BX322631.2,BX322631.2
3777,cdh29,cdh29
3778,BX322631.1,BX322631.1
3779,cdh28,cdh28
3780,cdh30,cdh30
3781,trip4,trip4
3782,znf609b,znf609b
3783,gramd2aa,gramd2aa
3784,BX649433.1,BX649433.1
3785,chrna7,chrna7
3786,neo1a,neo1a
3787,rps17,rps17
3788,csnk1g1,csnk1g1
3789,pacsin3,pacsin3
3790,fadd,fadd
3791,ano1,ano1
3792,zgc:153993,zgc153993
3793,CU896555.1,CU896555.1
3794,fgf3,fgf3
3795,AL929586.1,AL929586.1
3796,fgf4,fgf4
3797,fgf19,fgf19
3798,lto1,lto1
3799,ccnd1,ccnd1
3800,BX323041.1,BX323041.1
3801,CABZ01069569.1,CABZ01069569.1
3802,tpcn2,tpcn2
3803,nadsyn1,nadsyn1
3804,LO018311.1,LO018311.1
3805,snai3,snai3
3806,cdh31,cdh31
3807,BX088687.1,BX088687.1
3808,rnf166,rnf166
3809,ctu2,ctu2
3810,piezo1,piezo1
3811,cdt1,cdt1
3812,aprt,aprt
3813,galns,galns
3814,trappc2l,trappc2l
3815,pabpn1l,pabpn1l
3816,cbfa2t3,cbfa2t3
3817,ACSF3,ACSF3
3818,AL954648.1,AL954648.1
3819,cdh15,cdh15
3820,spg7,spg7
3821,ankrd11,ankrd11
3822,slc22a31,slc22a31
3823,ist1,ist1
3824,dhodh,dhodh
3825,CR382281.1,CR382281.1
3826,hp,hp
3827,sult5a1,sult5a1
3828,dpep1,dpep1
3829,kcng4b,kcng4b
3830,zgc:194679,zgc194679
3831,nqo1,nqo1
3832,ENSDARG00000059529,ENSDARG00000059529
3833,csnk2a2a,csnk2a2a
3834,si:ch211-146m13.3,sich211146m13.3
3835,senp8,senp8
3836,myo9aa,myo9aa
3837,scamp2l,scamp2l
3838,enosf1,enosf1
3839,ADAMTS7,ADAMTS7
3840,BX470176.1,BX470176.1
3841,rxfp3.3a2,rxfp3.3a2
3842,CT030048.1,CT030048.1
3843,drd4b,drd4b
3844,sirt3,sirt3
3845,pde5ab,pde5ab
3846,BX664603.1,BX664603.1
3847,mad2l1,mad2l1
3848,arsj,arsj
3849,camk2d1,camk2d1
3850,ank2b,ank2b
3851,nsmaf,nsmaf
3852,ggh,ggh
3853,unm-hu7910,unm-hu7910
3854,sdcbp,sdcbp
3855,CR354540.1,CR354540.1
3856,CR354540.2,CR354540.2
3857,penkb,penkb
3858,sdr16c5b,sdr16c5b
3859,chchd7,chchd7
3860,plag1,plag1
3861,rps20,rps20
3862,ENSDARG00000083158,ENSDARG00000083158
3863,zgc:56231,zgc56231
3864,sox17,sox17
3865,sox32,sox32
3866,mrpl15,mrpl15
3867,lypla1,lypla1
3868,CU681855.1,CU681855.1
3869,mrc1a,mrc1a
3870,CR376779.1,CR376779.1
3871,hacd1,hacd1
3872,fastkd3,fastkd3
3873,chmp5b,chmp5b
3874,dennd4c,dennd4c
3875,BX005437.2,BX005437.2
3876,haus6,haus6
3877,ENSDARG00000103500,ENSDARG00000103500
3878,ostc,ostc
3879,nagk,nagk
3880,dok1b,dok1b
3881,m1ap,m1ap
3882,SEMA4F,SEMA4F
3883,slx1b,slx1b
3884,BOLA2,BOLA2
3885,larp7,larp7
3886,rpl34,rpl34
3887,trmt44,trmt44
3888,BX088542.1,BX088542.1
3889,gpr78b,gpr78b
3890,CR384075.1,CR384075.1
3891,etnppl,etnppl
3892,BX511067.1,BX511067.1
3893,hspa12b,hspa12b
3894,cct7,cct7
3895,slc8a4b,slc8a4b
3896,plcb3,plcb3
3897,ppp1r14bb,ppp1r14bb
3898,brms1,brms1
3899,pcxb,pcxb
3900,lrfn4b,lrfn4b
3901,BX294163.1,BX294163.1
3902,BX470112.1,BX470112.1
3903,nwd2,nwd2
3904,AL935029.1,AL935029.1
3905,zgc:194930,zgc194930
3906,rell1,rell1
3907,rwdd,rwdd
3908,adam19a,adam19a
3909,lrch4,lrch4
3910,CR589943.1,CR589943.1
3911,CR589943.2,CR589943.2
3912,acox3,acox3
3913,HTRA3,HTRA3
3914,SH3TC1,SH3TC1
3915,CR382383.2,CR382383.2
3916,tdrd7b,tdrd7b
3917,plaa,plaa
3918,smim20,smim20
3919,rbpjb,rbpjb
3920,CCKAR,CCKAR
3921,tbc1d19,tbc1d19
3922,stim2b,stim2b
3923,BX510329.1,BX510329.1
3924,BX649297.1,BX649297.1
3925,CR318620.1,CR318620.1
3926,CU467070.1,CU467070.1
3927,pcdh7b,pcdh7b
3928,si:ch211-208g1.1,sich211208g1.1
3929,CR354398.1,CR354398.1
3930,CR387919.1,CR387919.1
3931,CR848055.1,CR848055.1
3932,zdhhc21,zdhhc21
3933,adgrg3,adgrg3
3934,sinhcafl-1,sinhcafl-1
3935,dennd5a,dennd5a
3936,tmem41b,tmem41b
3937,ipo7,ipo7
3938,ENSDARG00000082611,ENSDARG00000082611
3939,pkd1l2a,pkd1l2a
3940,bco1l,bco1l
3941,bco1,bco1
3942,bola3,bola3
3943,vat1l,vat1l
3944,CU856172.1,CU856172.1
3945,CLEC3A,CLEC3A
3946,usp47,usp47
3947,dkk3a,dkk3a
3948,mical2a,mical2a
3949,parvab,parvab
3950,FP016235.1,FP016235.1
3951,tead1b,tead1b
3952,RASSF10,RASSF10
3953,CT573494.1,CT573494.1
3954,CR318647.1,CR318647.1
3955,arntl1b,arntl1b
3956,btbd10b,btbd10b
3957,pth1b,pth1b
3958,CR318598.1,CR318598.1
3959,galnt18b,galnt18b
3960,AL808121.1,AL808121.1
3961,tmem176l.3b,tmem176l.3b
3962,eif4g2a,eif4g2a
3963,CU467652.1,CU467652.1
3964,ctr9,ctr9
3965,mrvi1,mrvi1
3966,lyve1a,lyve1a
3967,ampd3a,ampd3a
3968,adma,adma
3969,sbf2,sbf2
3970,CU571259.1,CU571259.1
3971,swap70a,swap70a
3972,znf143a,znf143a
3973,pkd1l2b,pkd1l2b
3974,pkd1l2b-1,pkd1l2b-1
3975,psmd7,psmd7
3976,nfat5b,nfat5b
3977,kars1,kars1
3978,gcshb,gcshb
3979,rpl13,rpl13
3980,ENSDARG00000104104,ENSDARG00000104104
3981,CU683900.1,CU683900.1
3982,CU683900.2,CU683900.2
3983,cpne7,cpne7
3984,CR388184.2,CR388184.2
3985,zgc:162592,zgc162592
3986,CR388184.1,CR388184.1
3987,cyb5b,cyb5b
3988,CU469577.1,CU469577.1
3989,dhx38,dhx38
3990,pmfbp1,pmfbp1
3991,si:ch73-315f9.2,sich73315f9.2
3992,CU467042.1,CU467042.1
3993,BX511086.1,BX511086.1
3994,BX511086.2,BX511086.2
3995,zfhx3,zfhx3
3996,CU468723.3,CU468723.3
3997,CU468723.1,CU468723.1
3998,CU468723.2,CU468723.2
3999,CU468723.4,CU468723.4
4000,CR450727.1,CR450727.1
4001,CU694206.1,CU694206.1
4002,CABZ01057496.1,CABZ01057496.1
4003,hnf4b,hnf4b
4004,CABZ01057488.1,CABZ01057488.1
4005,crispld2,crispld2
4006,usp10,usp10
4007,marveld3,marveld3
4008,phlpp2,phlpp2
4009,ap1g1,ap1g1
4010,ZNF821,ZNF821
4011,atxn1l,atxn1l
4012,elp5,elp5
4013,ctdnep1b,ctdnep1b
4014,gabarapb,gabarapb
4015,spata6l,spata6l
4016,CU672220.1,CU672220.1
4017,slc1a1,slc1a1
4018,RAP1GDS1,RAP1GDS1
4019,tspan5a,tspan5a
4020,LO018231.1,LO018231.1
4021,frem1a,frem1a
4022,USP53,USP53
4023,myoz2a,myoz2a
4024,FO818704.1,FO818704.1
4025,FO818704.2,FO818704.2
4026,CABZ01112896.1,CABZ01112896.1
4027,sec24d,sec24d
4028,KCNIP4,KCNIP4
4029,adgra3,adgra3
4030,gba3,gba3
4031,ppargc1a,ppargc1a
4032,BX000523.1,BX000523.1
4033,dhx15,dhx15
4034,sod3a,sod3a
4035,ccdc149a,ccdc149a
4036,CABZ01074298.1,CABZ01074298.1
4037,lgi2a,lgi2a
4038,sepsecs,sepsecs
4039,aco1,aco1
4040,CU651662.1,CU651662.1
4041,ppp1r15a,ppp1r15a
4042,acer2,acer2
4043,tyms,tyms
4044,adcyap1a,adcyap1a
4045,mettl4,mettl4
4046,smchd1,smchd1
4047,emilin2b,emilin2b
4048,myom1b,myom1b
4049,myl12.1,myl12.1
4050,nsun6,nsun6
4051,cacnb2a,cacnb2a
4052,CU607104.1,CU607104.1
4053,CABZ01083440.1,CABZ01083440.1
4054,lrp4,lrp4
4055,psmd9,psmd9
4056,ywhae2,ywhae2
4057,CU571069.1,CU571069.1
4058,LO018380.1,LO018380.1
4059,FP236734.1,FP236734.1
4060,SIPA1,SIPA1
4061,CABZ01071191.1,CABZ01071191.1
4062,RASGRP2,RASGRP2
4063,CU463038.2,CU463038.2
4064,slc35c1,slc35c1
4065,tollip,tollip
4066,muc5.3,muc5.3
4067,muc5f,muc5f
4068,CU459012.3,CU459012.3
4069,rph3ab,rph3ab
4070,CU459012.1,CU459012.1
4071,HECTD4,HECTD4
4072,mrpl21,mrpl21
4073,MAPK8IP1,MAPK8IP1
4074,CABZ01057364.2,CABZ01057364.2
4075,CABZ01057364.1,CABZ01057364.1
4076,FO905040.1,FO905040.1
4077,CU929444.1,CU929444.1
4078,ADGRL3,ADGRL3
4079,CABZ01067169.1,CABZ01067169.1
4080,dre-mir-31,dre-mir-31
4081,CABZ01083442.1,CABZ01083442.1
4082,CABZ01081777.1,CABZ01081777.1
4083,SLC24A2,SLC24A2
4084,AL929105.1,AL929105.1
4085,si:ch211-142d6.2,sich211142d6.2
4086,cbln6,cbln6
4087,cbln8,cbln8
4088,arhgef40,arhgef40
4089,znf219,znf219
4090,si:dkey-46i9.1,sidkey46i9.1
4091,btr12,btr12
4092,si:dkey-46i9.6,sidkey46i9.6
4093,BX664721.1,BX664721.1
4094,BX664721.2,BX664721.2
4095,casq1b,casq1b
4096,BX664721.3,BX664721.3
4097,pea15,pea15
4098,si:ch73-252p3.1,sich73252p3.1
4099,hist1h4l-7,hist1h4l-7
4100,FP236812.1,FP236812.1
4101,zgc:163061,zgc163061
4102,zgc:173587,zgc173587
4103,zgc:92594,zgc92594
4104,caap1,caap1
4105,zgc:173552-1,zgc1735521
4106,si:ch211-113a14.19,sich211113a14.19
4107,zgc:163061-1,zgc1630611
4108,FP236812.2,FP236812.2
4109,hist1h4l-8,hist1h4l-8
4110,zgc:173552-2,zgc1735522
4111,si:ch211-113a14.19-1,sich211113a14.19-1
4112,CU694197.1,CU694197.1
4113,CU694197.2,CU694197.2
4114,CU929544.1,CU929544.1
4115,tyrp1a,tyrp1a
4116,cldnd1a,cldnd1a
4117,rbpms,rbpms
4118,ppp1cbl,ppp1cbl
4119,dcc,dcc
4120,trabd2a,trabd2a
4121,HOOK3,HOOK3
4122,rnf170,rnf170
4123,june,june
4124,thap1,thap1
4125,ift74,ift74
4126,LO017838.1,LO017838.1
4127,tek,tek
4128,CU855580.1,CU855580.1
4129,BX537263.3,BX537263.3
4130,BX537263.1,BX537263.1
4131,zgc:158463,zgc158463
4132,BX537263.5,BX537263.5
4133,BX537263.2,BX537263.2
4134,BX537263.4,BX537263.4
4135,fubp3,fubp3
4136,FP102032.1,FP102032.1
4137,mbd2,mbd2
4138,rnf185,rnf185
4139,si:zfos-128g4.1,sizfos128g4.1
4140,si:zfos-128g4.2,sizfos128g4.2
4141,LO017799.1,LO017799.1
4142,YTHDC2,YTHDC2
4143,LO017790.2,LO017790.2
4144,surf4,surf4
4145,CU694263.1,CU694263.1
4146,surf2,surf2
4147,C5H9orf16,C5H9orf16
4148,ciz1a,ciz1a
4149,dnm1a,dnm1a
4150,dre-mir-199-2,dre-mir-199-2
4151,golga2,golga2
4152,haus4,haus4
4153,ddrgk1,ddrgk1
4154,myl2a,myl2a
4155,PPP1CA,PPP1CA
4156,mcc,mcc
4157,rcl1,rcl1
4158,dre-mir-101b,dre-mir-101b
4159,zgc:101699,zgc101699
4160,si:ch73-55i23.1,sich7355i23.1
4161,si:ch73-55i23.1-1,sich7355i23.1-1
4162,rplp0,rplp0
4163,CT573103.1,CT573103.1
4164,CT573103.5,CT573103.5
4165,CT573103.2,CT573103.2
4166,dhx33,dhx33
4167,CT573103.4,CT573103.4
4168,CT573103.3,CT573103.3
4169,nupr1a,nupr1a
4170,vkorc1l1,vkorc1l1
4171,gusb,gusb
4172,CR931815.1,CR931815.1
4173,ca4a,ca4a
4174,cita,cita
4175,CABZ01053329.1,CABZ01053329.1
4176,CABZ01053333.1,CABZ01053333.1
4177,RAB35,RAB35
4178,gng10,gng10
4179,rabepk,rabepk
4180,hspa5,hspa5
4181,lzts3a,lzts3a
4182,FQ323163.1,FQ323163.1
4183,hpda,hpda
4184,hsf5,hsf5
4185,supt4h1,supt4h1
4186,dre-mir-142a,dre-mir-142a
4187,CABZ01076737.1,CABZ01076737.1
4188,CABZ01076744.1,CABZ01076744.1
4189,CABZ01084961.1,CABZ01084961.1
4190,CABZ01074085.1,CABZ01074085.1
4191,ywhag1,ywhag1
4192,hspb1,hspb1
4193,si:zfos-375h5.1,sizfos375h5.1
4194,FO704648.2,FO704648.2
4195,FO704648.1,FO704648.1
4196,mlxipl,mlxipl
4197,mlxipl-1,mlxipl-1
4198,rpain,rpain
4199,c1qbp,c1qbp
4200,znhit3,znhit3
4201,CU655870.1,CU655870.1
4202,myo19,myo19
4203,pigw,pigw
4204,ggnbp2,ggnbp2
4205,dhrs11a,dhrs11a
4206,si:ch211-283g2.1,sich211283g2.1
4207,si:ch211-283g2.2,sich211283g2.2
4208,si:ch211-283g2.2-1,sich211283g2.2-1
4209,si:ch211-283g2.3,sich211283g2.3
4210,srrt,srrt
4211,prdx4,prdx4
4212,sat1a.1,sat1a.1
4213,sat1a.2,sat1a.2
4214,apooa,apooa
4215,CABZ01079241.1,CABZ01079241.1
4216,zgc:153704,zgc153704
4217,cst14b.1,cst14b.1
4218,CABZ01058650.1,CABZ01058650.1
4219,CABZ01058647.1,CABZ01058647.1
4220,cst14b.2,cst14b.2
4221,FO834903.1,FO834903.1
4222,CU915770.1,CU915770.1
4223,CU915770.2,CU915770.2
4224,angptl2a,angptl2a
4225,zbtb43,zbtb43
4226,BX511196.1,BX511196.1
4227,lmx1ba,lmx1ba
4228,mvb12ba,mvb12ba
4229,pbx3a,pbx3a
4230,CU929057.1,CU929057.1
4231,mapkap1,mapkap1
4232,rabl6a,rabl6a
4233,CABZ01075627.1,CABZ01075627.1
4234,CABZ01075628.1,CABZ01075628.1
4235,unm-sa808,unm-sa808
4236,TNC,TNC
4237,zgc:73226,zgc73226
4238,CABZ01037298.1,CABZ01037298.1
4239,crybb3,crybb3
4240,tnks1bp1,tnks1bp1
4241,CABZ01074478.1,CABZ01074478.1
4242,zgc:110796,zgc110796
4243,pxna,pxna
4244,CU856358.1,CU856358.1
4245,ostf1,ostf1
4246,areg,areg
4247,me2,me2
4248,elac1,elac1
4249,smad4b,smad4b
4250,CT955987.1,CT955987.1
4251,CABZ01041961.1,CABZ01041961.1
4252,stpg2,stpg2
4253,CABZ01041962.1,CABZ01041962.1
4254,CABZ01087503.1,CABZ01087503.1
4255,CABZ01087502.1,CABZ01087502.1
4256,UNC5C,UNC5C
4257,CU856253.1,CU856253.1
4258,bmpr1ba,bmpr1ba
4259,ANGPTL2,ANGPTL2
4260,CABZ01069879.1,CABZ01069879.1
4261,pdlim5a,pdlim5a
4262,opn4xb,opn4xb
4263,EGFLAM,EGFLAM
4264,FP016143.1,FP016143.1
4265,gdnfb,gdnfb
4266,nipbla,nipbla
4267,slc1a3a,slc1a3a
4268,lmbrd2a,lmbrd2a
4269,si:ch1073-475a24.1,sich1073475a24.1
4270,FP102192.1,FP102192.1
4271,FP102192.2,FP102192.2
4272,spef2,spef2
4273,lifra,lifra
4274,osmr,osmr
4275,rictora,rictora
4276,fyba,fyba
4277,BX897662.1,BX897662.1
4278,BX897662.3,BX897662.3
4279,zgc:153352,zgc153352
4280,paip1,paip1
4281,mybbp1a,mybbp1a
4282,BX897662.2,BX897662.2
4283,CR854981.1,CR854981.1
4284,fgf10b,fgf10b
4285,adamts12,adamts12
4286,agpat9l,agpat9l
4287,AL928901.1,AL928901.1
4288,tnksb,tnksb
4289,si:ch211-155m12.1,sich211155m12.1
4290,idua,idua
4291,atp5meb,atp5meb
4292,kcnv2b,kcnv2b
4293,si:ch211-215m21.22,sich211215m21.22
4294,pimr123,pimr123
4295,rchy1,rchy1
4296,AL845369.1,AL845369.1
4297,AL845369.2,AL845369.2
4298,lrp13,lrp13
4299,si:ch211-12e13.1,sich21112e13.1
4300,si:ch211-12e13.12,sich21112e13.12
4301,susd1,susd1
4302,CU929094.2,CU929094.2
4303,CU929094.1,CU929094.1
4304,shoc1,shoc1
4305,tal2,tal2
4306,FP236810.2,FP236810.2
4307,ugt2a7,ugt2a7
4308,ugt2a7-1,ugt2a7-1
4309,FP236810.1,FP236810.1
4310,zgc:172315,zgc172315
4311,ugt2a7-2,ugt2a7-2
4312,gak,gak
4313,sh2b3,sh2b3
4314,si:ch211-193c2.2,sich211193c2.2
4315,ddr2l,ddr2l
4316,zgc:158343,zgc158343
4317,tor4ab,tor4ab
4318,WDR31,WDR31
4319,CR936408.1,CR936408.1
4320,CR936408.2,CR936408.2
4321,slc2a11b,slc2a11b
4322,gstt2,gstt2
4323,chek2,chek2
4324,si:ch211-207k7.4,sich211207k7.4
4325,si:ch73-42k18.1,sich7342k18.1
4326,BX005024.1,BX005024.1
4327,BX005024.2,BX005024.2
4328,BX511089.4,BX511089.4
4329,BX511089.2,BX511089.2
4330,BX511089.3,BX511089.3
4331,BX511089.1,BX511089.1
4332,CR790366.2,CR790366.2
4333,CR790366.3,CR790366.3
4334,CR790366.1,CR790366.1
4335,rtn4r,rtn4r
4336,prodhb,prodhb
4337,CABZ01077121.1,CABZ01077121.1
4338,SCARF2,SCARF2
4339,zgc:112294,zgc112294
4340,CABP7,CABP7
4341,nf2a,nf2a
4342,fbxo21,fbxo21
4343,tesca,tesca
4344,CT583689.1,CT583689.1
4345,fbxw8,fbxw8
4346,CU571331.1,CU571331.1
4347,rnft2,rnft2
4348,SPRING1,SPRING1
4349,osm,osm
4350,castor1,castor1
4351,castor1-1,castor1-1
4352,nipsnap1,nipsnap1
4353,lrrc74b,lrrc74b
4354,nos1,nos1
4355,CR735143.1,CR735143.1
4356,BX276096.1,BX276096.1
4357,ksr2,ksr2
4358,BX276096.2,BX276096.2
4359,si:ch73-263f13.1,sich73263f13.1
4360,zgc:171242,zgc171242
4361,rfc5,rfc5
4362,wsb2,wsb2
4363,vsig10,vsig10
4364,si:dkey-98f17.5,sidkey98f17.5
4365,dre-mir-22b,dre-mir-22b
4366,aifm3,aifm3
4367,si:dkey-98f17.3,sidkey98f17.3
4368,lztr1,lztr1
4369,pole,pole
4370,p2rx2,p2rx2
4371,pes,pes
4372,gal3st1a,gal3st1a
4373,ppil2,ppil2
4374,BX470167.1,BX470167.1
4375,ypel1,ypel1
4376,mapk1,mapk1
4377,ppm1f,ppm1f
4378,top3b,top3b
4379,CR933528.1,CR933528.1
4380,dre-mir-130c-2,dre-mir-130c-2
4381,dre-mir-301b,dre-mir-301b
4382,dre-mir-454b,dre-mir-454b
4383,dre-mir-130b,dre-mir-130b
4384,ydjc,ydjc
4385,sdf2l1,sdf2l1
4386,ube2l3b,ube2l3b
4387,ccl19a.1,ccl19a.1
4388,ccl19a.2,ccl19a.2
4389,tctn2,tctn2
4390,sec14l8,sec14l8
4391,cnnm4b,cnnm4b
4392,si:ch211-230g14.6,sich211230g14.6
4393,AL954191.1,AL954191.1
4394,ckap2l,ckap2l
4395,si:ch211-230g14.3,sich211230g14.3
4396,AL954191.2,AL954191.2
4397,purba,purba
4398,h2az2a,h2az2a
4399,zgc:65851,zgc65851
4400,mxd1,mxd1
4401,snrnp27,snrnp27
4402,add2,add2
4403,figla,figla
4404,hk2,hk2
4405,npffr1l2,npffr1l2
4406,CR388049.1,CR388049.1
4407,tet3,tet3
4408,CT009570.1,CT009570.1
4409,ap3m2,ap3m2
4410,kat6a,kat6a
4411,si:ch211-244o22.2,sich211244o22.2
4412,sema4c,sema4c
4413,BX927201.1,BX927201.1
4414,CR936518.2,CR936518.2
4415,CR936518.1,CR936518.1
4416,tbx1,tbx1
4417,gnb1l,gnb1l
4418,txnrd2.1,txnrd2.1
4419,txnrd2.2,txnrd2.2
4420,pebp1,pebp1
4421,taok3a,taok3a
4422,suds3,suds3
4423,CU694999.1,CU694999.1
4424,srrm4,srrm4
4425,CR384085.1,CR384085.1
4426,BX649391.1,BX649391.1
4427,BX649391.2,BX649391.2
4428,hspb8,hspb8
4429,si:dkey-1k23.3,sidkey1k23.3
4430,xbp1,xbp1
4431,znrf3,znrf3
4432,coq5,coq5
4433,kremen1,kremen1
4434,SUSD2,SUSD2
4435,slc39a14,slc39a14
4436,piwil2,piwil2
4437,CR450719.1,CR450719.1
4438,htr7c,htr7c
4439,atad1a,atad1a
4440,galnt9,galnt9
4441,CR392021.1,CR392021.1
4442,CR759970.2,CR759970.2
4443,CR759970.1,CR759970.1
4444,si:ch211-130h14.6,sich211130h14.6
4445,fbrsl1,fbrsl1
4446,chfr,chfr
4447,si:dkey-112e17.1,sidkey112e17.1
4448,zdhhc8b,zdhhc8b
4449,ascc2,ascc2
4450,rnf215,rnf215
4451,hira,hira
4452,TMEM132C,TMEM132C
4453,aacs,aacs
4454,bri3bp,bri3bp
4455,poli,poli
4456,pgam5,pgam5
4457,ankle2,ankle2
4458,golga3,golga3
4459,ranbp1,ranbp1
4460,ENSDARG00000086007,ENSDARG00000086007
4461,fam214b,fam214b
4462,unc13ba,unc13ba
4463,atp8b5a,atp8b5a
4464,rusc2,rusc2
4465,BX510917.1,BX510917.1
4466,acacb,acacb
4467,foxn4,foxn4
4468,myo1ha,myo1ha
4469,kctd10,kctd10
4470,ube3b,ube3b
4471,aldh3b2,aldh3b2
4472,mmab,mmab
4473,mvk,mvk
4474,fam222a,fam222a
4475,trpv4,trpv4
4476,gltpa,gltpa
4477,tchp,tchp
4478,git2a,git2a
4479,ankrd13a,ankrd13a
4480,si:dkey-234h16.7,sidkey234h16.7
4481,slc6a4b,slc6a4b
4482,sgsm1a,sgsm1a
4483,BX547941.1,BX547941.1
4484,gatc,gatc
4485,isg15,isg15
4486,pxmp2,pxmp2
4487,usp30,usp30
4488,svopa,svopa
4489,dao.2,dao.2
4490,dao.1,dao.1
4491,dao.3,dao.3
4492,ssh1a,ssh1a
4493,coro1ca,coro1ca
4494,AL845326.1,AL845326.1
4495,selplg,selplg
4496,tmem119a,tmem119a
4497,si:ch211-191d15.2,sich211191d15.2
4498,ISCU,ISCU
4499,sart3,sart3
4500,ficd,ficd
4501,CR759885.1,CR759885.1
4502,cmklr1,cmklr1
4503,cmklrl2,cmklrl2
4504,cmklrl2-1,cmklrl2-1
4505,wscd2,wscd2
4506,BX510312.1,BX510312.1
4507,si:ch211-240b21.2,sich211240b21.2
4508,si:ch211-225b11.1,sich211225b11.1
4509,limk2,limk2
4510,pik3ip1,pik3ip1
4511,si:ch211-225b11.4,sich211225b11.4
4512,si:dkey-174n20.1,sidkey174n20.1
4513,camk2b1,camk2b1
4514,si:dkey-13n15.2,sidkey13n15.2
4515,si:dkey-13n15.2-1,sidkey13n15.2-1
4516,hs3st1l2,hs3st1l2
4517,cds2,cds2
4518,arhgap25,arhgap25
4519,bmp10,bmp10
4520,si:dkey-13n15.11,sidkey13n15.11
4521,BX470224.3,BX470224.3
4522,BX470224.2,BX470224.2
4523,BX470224.1,BX470224.1
4524,sh2d1aa,sh2d1aa
4525,BX470224.4,BX470224.4
4526,tenm1,tenm1
4527,CR848717.1,CR848717.1
4528,smarca1,smarca1
4529,si:ch73-92i20.1,sich7392i20.1
4530,si:ch73-92i20.1-1,sich7392i20.1-1
4531,arhgef9a,arhgef9a
4532,amer1,amer1
4533,asb12a,asb12a
4534,mtmr8,mtmr8
4535,shisa2a,shisa2a
4536,zc4h2,zc4h2
4537,CR812469.1,CR812469.1
4538,zc3h12b,zc3h12b
4539,las1l,las1l
4540,msna,msna
4541,fdx1b,fdx1b
4542,mir223,mir223
4543,arhgap20b,arhgap20b
4544,si:dkey-27p18.2,sidkey27p18.2
4545,si:dkey-27p18.7,sidkey27p18.7
4546,si:dkey-27p18.3,sidkey27p18.3
4547,BX546499.2,BX546499.2
4548,BX546499.1,BX546499.1
4549,sptbn4a,sptbn4a
4550,rpl36a,rpl36a
4551,glra4b,glra4b
4552,aifm1,aifm1
4553,tnfsf10l4,tnfsf10l4
4554,casp22,casp22
4555,nono,nono
4556,zgc:113208,zgc113208
4557,mtnr1c,mtnr1c
4558,vma21,vma21
4559,npas2,npas2
4560,radx,radx
4561,apool,apool
4562,si:ch211-26b3.4,sich21126b3.4
4563,si:dkey-237j10.2,sidkey237j10.2
4564,hmgn7,hmgn7
4565,brwd3,brwd3
4566,chmp1b,chmp1b
4567,cnga2b,cnga2b
4568,atrxl,atrxl
4569,zdhhc15a,zdhhc15a
4570,uprt,uprt
4571,nexmifa,nexmifa
4572,prps1a,prps1a
4573,tbx5b,tbx5b
4574,si:dkey-114c15.5,sidkey114c15.5
4575,BX640539.1,BX640539.1
4576,cfap73,cfap73
4577,iqcd,iqcd
4578,tpcn1,tpcn1
4579,BX640521.1,BX640521.1
4580,agtr2,agtr2
4581,si:dkey-125i10.3,sidkey125i10.3
4582,plp1b,plp1b
4583,nlgn3b,nlgn3b
4584,CT025748.1,CT025748.1
4585,gria3a,gria3a
4586,si:dkeyp-20g2.1,sidkeyp20g2.1
4587,si:dkeyp-20g2.3,sidkeyp20g2.3
4588,si:dkeyp-20g2.3-1,sidkeyp20g2.3-1
4589,stag2a,stag2a
4590,acsl4b,acsl4b
4591,CR926467.1,CR926467.1
4592,cwc15,cwc15
4593,fam76b,fam76b
4594,kat5a,kat5a
4595,mtmr2,mtmr2
4596,cx27.5,cx27.5
4597,AL929305.2,AL929305.2
4598,cx39.9,cx39.9
4599,tbc1d8b,tbc1d8b
4600,AL929305.1,AL929305.1
4601,rnf128a,rnf128a
4602,gbgt1l1,gbgt1l1
4603,si:dkey-110k5.10,sidkey110k5.10
4604,gbgt1l2,gbgt1l2
4605,BX957257.2,BX957257.2
4606,BX957257.1,BX957257.1
4607,si:ch211-287c22.1,sich211287c22.1
4608,gbgt1l4,gbgt1l4
4609,si:ch211-135f11.6,sich211135f11.6
4610,GBGT1,GBGT1
4611,gbgt1l3,gbgt1l3
4612,gbgt1l3-1,gbgt1l3-1
4613,arap1a,arap1a
4614,CR391924.1,CR391924.1
4615,ercc6l,ercc6l
4616,map7d2a,map7d2a
4617,AL928875.1,AL928875.1
4618,eif1axa,eif1axa
4619,rps6ka3a,rps6ka3a
4620,pdha1a,pdha1a
4621,ctdnep1a,ctdnep1a
4622,gabarapa,gabarapa
4623,gps2,gps2
4624,tp53,tp53
4625,si:ch211-114c12.5,sich211114c12.5
4626,capga,capga
4627,si:ch211-114c12.2,sich211114c12.2
4628,mrps31,mrps31
4629,slc25a15b,slc25a15b
4630,si:ch211-137i24.10,sich211137i24.10
4631,mpdu1a,mpdu1a
4632,sox19a,sox19a
4633,BX119902.2,BX119902.2
4634,eif4a1b,eif4a1b
4635,senp3a,senp3a
4636,plscr3a,plscr3a
4637,phf23a,phf23a
4638,atp6v1aa,atp6v1aa
4639,BX119902.1,BX119902.1
4640,si:ch211-137i24.12,sich211137i24.12
4641,zdhhc23a,zdhhc23a
4642,BX119902.3,BX119902.3
4643,ctsll,ctsll
4644,znf703,znf703
4645,BX088551.1,BX088551.1
4646,tia1l,tia1l
4647,dgcr8,dgcr8
4648,dre-mir-1306,dre-mir-1306
4649,trmt2a,trmt2a
4650,atp6v0a2b,atp6v0a2b
4651,OSBP2,OSBP2
4652,BX537282.1,BX537282.1
4653,rasl10a,rasl10a
4654,ap1b1,ap1b1
4655,gas2l1,gas2l1
4656,ewsr1b,ewsr1b
4657,rhbdd3,rhbdd3
4658,emid1,emid1
4659,abo,abo
4660,pnpla7b,pnpla7b
4661,mrpl41,mrpl41
4662,dph7,dph7
4663,paxx,paxx
4664,abca2,abca2
4665,carnmt1,carnmt1
4666,wu:fa19b12,wufa19b12
4667,trpm6,trpm6
4668,rorb,rorb
4669,BX537293.1,BX537293.1
4670,MFSD3,MFSD3
4671,anxa1a,anxa1a
4672,kifl,kifl
4673,BX296526.2,BX296526.2
4674,si:dkey-96l17.6,sidkey96l17.6
4675,cyp1d1,cyp1d1
4676,tmc2b,tmc2b
4677,TMC1,TMC1
4678,zfand5a,zfand5a
4679,gda,gda
4680,C5H9orf85,C5H9orf85
4681,abhd17b,abhd17b
4682,cemip2,cemip2
4683,trpm3,trpm3
4684,BX323080.1,BX323080.1
4685,dre-mir-204-1,dre-mir-204-1
4686,klf9,klf9
4687,si:dkey-201c13.2,sidkey201c13.2
4688,fam219ab,fam219ab
4689,BX510923.1,BX510923.1
4690,ela3l,ela3l
4691,bco2l,bco2l
4692,si:ch211-214j8.12,sich211214j8.12
4693,dhfr,dhfr
4694,ankrd34bb,ankrd34bb
4695,fam151b,fam151b
4696,ccdc125,ccdc125
4697,rad17,rad17
4698,AK6,AK6
4699,marveld2b,marveld2b
4700,oclnb,oclnb
4701,gtf2h2,gtf2h2
4702,erap1b,erap1b
4703,si:ch211-214j8.1,sich211214j8.1
4704,arvcfb,arvcfb
4705,tango2,tango2
4706,tmem150aa,tmem150aa
4707,rnf181,rnf181
4708,si:ch211-102c2.8,sich211102c2.8
4709,si:ch211-102c2.7,sich211102c2.7
4710,tcn2,tcn2
4711,rabl6b,rabl6b
4712,si:ch211-102c2.4,sich211102c2.4
4713,imp4,imp4
4714,araf,araf
4715,zgc:64051,zgc64051
4716,lman2lb,lman2lb
4717,BX927282.2,BX927282.2
4718,tbx3b,tbx3b
4719,tm2d2,tm2d2
4720,htra4,htra4
4721,BX927282.3,BX927282.3
4722,BX927282.1,BX927282.1
4723,CR933001.1,CR933001.1
4724,unc5db,unc5db
4725,hdr,hdr
4726,BX323062.1,BX323062.1
4727,cyb561a3a,cyb561a3a
4728,zgc:153409,zgc153409
4729,histh1l,histh1l
4730,loxl2b,loxl2b
4731,drd7,drd7
4732,sfrp1a,sfrp1a
4733,zmat4a,zmat4a
4734,tcima,tcima
4735,adam28,adam28
4736,ppp3cca,ppp3cca
4737,vps37b,vps37b
4738,abcb9,abcb9
4739,zgc:113436,zgc113436
4740,ogfod2,ogfod2
4741,SLC4A5,SLC4A5
4742,zgc:110329,zgc110329
4743,tacr1a,tacr1a
4744,ncaph,ncaph
4745,vamp8,vamp8
4746,BX323557.1,BX323557.1
4747,vamp5,vamp5
4748,DNAH10,DNAH10
4749,nsmfb,nsmfb
4750,nfr,nfr
4751,zgc:162952,zgc162952
4752,zgc:162952-1,zgc1629521
4753,tnc,tnc
4754,traf2a,traf2a
4755,trafd1,trafd1
4756,si:ch211-186e20.7,sich211186e20.7
4757,zgc:174260,zgc174260
4758,CR559930.1,CR559930.1
4759,serpina7,serpina7
4760,zgc:174259,zgc174259
4761,si:ch211-186e20.2,sich211186e20.2
4762,npdc1b,npdc1b
4763,niban2b,niban2b
4764,stxbp1b,stxbp1b
4765,whrnb,whrnb
4766,noxa1,noxa1
4767,dpp7,dpp7
4768,man1b1b,man1b1b
4769,si:dkey-61l1.4,sidkey61l1.4
4770,CT956057.3,CT956057.3
4771,BX571772.1,BX571772.1
4772,cacna1ba,cacna1ba
4773,ehmt1a,ehmt1a
4774,arrdc1a,arrdc1a
4775,AL831768.1,AL831768.1
4776,nelfb,nelfb
4777,entpd2a.2,entpd2a.2
4778,entpd2a.1,entpd2a.1
4779,grin1b,grin1b
4780,tsc1a,tsc1a
4781,spaca9,spaca9
4782,ak8,ak8
4783,ddx31,ddx31
4784,barhl1a,barhl1a
4785,CFAP77,CFAP77
4786,si:ch211-215c18.3,sich211215c18.3
4787,BX276128.1,BX276128.1
4788,thy1,thy1
4789,usf1l,usf1l
4790,f11r.2,f11r.2
4791,f11r.1,f11r.1
4792,ubash3ba,ubash3ba
4793,mir100-2,mir100-2
4794,dre-let-7a-4,dre-let-7a-4
4795,dre-mir-125b-2,dre-mir-125b-2
4796,bco2a,bco2a
4797,sdhda,sdhda
4798,timm8b,timm8b
4799,zbtb44,zbtb44
4800,adamts8a,adamts8a
4801,BX897688.1,BX897688.1
4802,adamts15a,adamts15a
4803,snx19a,snx19a
4804,gig2o,gig2o
4805,zgc:158412,zgc158412
4806,BX294389.1,BX294389.1
4807,stk36,stk36
4808,atf5a,atf5a
4809,phldb1a,phldb1a
4810,arcn1a,arcn1a
4811,hmbsa,hmbsa
4812,h2ax,h2ax
4813,c2cd2l,c2cd2l
4814,dpagt1,dpagt1
4815,hinfp,hinfp
4816,si:ch211-117m20.4,sich211117m20.4
4817,tcnbb,tcnbb
4818,tcnba,tcnba
4819,abcg4a,abcg4a
4820,pdzd3b,pdzd3b
4821,atp5l,atp5l
4822,ift22,ift22
4823,ftr82,ftr82
4824,BX276103.2,BX276103.2
4825,ftr83,ftr83
4826,ruvbl2,ruvbl2
4827,BX276103.1,BX276103.1
4828,spns2,spns2
4829,CR753844.1,CR753844.1
4830,spns3,spns3
4831,ube2g1a,ube2g1a
4832,ankfy1,ankfy1
4833,cyb5d2,cyb5d2
4834,zzef1,zzef1
4835,atp2a3,atp2a3
4836,camkk1a,camkk1a
4837,p2rx1,p2rx1
4838,si:dkey-220k22.1,sidkey220k22.1
4839,CR759893.1,CR759893.1
4840,si:dkey-220k22.3,sidkey220k22.3
4841,sh3glb2b,sh3glb2b
4842,pip5kl1,pip5kl1
4843,dpm2,dpm2
4844,fam102ab,fam102ab
4845,slc25a25b,slc25a25b
4846,uap1l1,uap1l1
4847,zdhhc12b,zdhhc12b
4848,pkn3,pkn3
4849,iscub,iscub
4850,tmem119b,tmem119b
4851,coro1cb,coro1cb
4852,ssh1b,ssh1b
4853,svopb,svopb
4854,ungb,ungb
4855,CR387979.1,CR387979.1
4856,myo1hb,myo1hb
4857,ppp6c,ppp6c
4858,scai,scai
4859,arpc5lb,arpc5lb
4860,zmat5,zmat5
4861,cabp7b,cabp7b
4862,BX004981.1,BX004981.1
4863,BX004981.2,BX004981.2
4864,tescb,tescb
4865,m17,m17
4866,taok3b,taok3b
4867,BX004981.3,BX004981.3
4868,myhz2,myhz2
4869,myhc4,myhc4
4870,myha,myha
4871,si:ch211-158m24.12,sich211158m24.12
4872,myhz1.3,myhz1.3
4873,myhz1.2,myhz1.2
4874,myhz1.1,myhz1.1
4875,hspb15,hspb15
4876,dab2,dab2
4877,BX510649.1,BX510649.1
4878,c9,c9
4879,gas1b,gas1b
4880,fbxw2,fbxw2
4881,ncs1a,ncs1a
4882,gpr107,gpr107
4883,ndor1,ndor1
4884,ntmt1,ntmt1
4885,CR376857.2,CR376857.2
4886,CR376857.1,CR376857.1
4887,ier5l,ier5l
4888,ptpa,ptpa
4889,crata,crata
4890,si:ch211-208h16.4,sich211208h16.4
4891,lrsam1,lrsam1
4892,rpl12,rpl12
4893,CR925757.1,CR925757.1
4894,CR925757.3,CR925757.3
4895,CR925757.2,CR925757.2
4896,pole3,pole3
4897,ccn1l1,ccn1l1
4898,lmo4a,lmo4a
4899,CR855258.1,CR855258.1
4900,TUBB4B,TUBB4B
4901,glipr2,glipr2
4902,npffr2b,npffr2b
4903,si:dkey-226m8.10,sidkey226m8.10
4904,kank1b,kank1b
4905,prkaa1,prkaa1
4906,ifitm1,ifitm1
4907,kyat1,kyat1
4908,surf6,surf6
4909,surf1,surf1
4910,rpl7a,rpl7a
4911,ENSDARG00000082739,ENSDARG00000082739
4912,ENSDARG00000080936,ENSDARG00000080936
4913,CU019641.3,CU019641.3
4914,ENSDARG00000116248,ENSDARG00000116248
4915,med22,med22
4916,C5H9orf78,C5H9orf78
4917,usp20,usp20
4918,BX927184.1,BX927184.1
4919,ptges,ptges
4920,GARNL3,GARNL3
4921,si:dkey-238j22.1,sidkey238j22.1
4922,ms4a17c.2,ms4a17c.2
4923,si:dkey-174k12.3,sidkey174k12.3
4924,ms4a17c.1,ms4a17c.1
4925,si:dkey-34e4.1,sidkey34e4.1
4926,ttll11,ttll11
4927,dab2ipb,dab2ipb
4928,BX005445.1,BX005445.1
4929,si:dkeyp-72a4.1,sidkeyp72a4.1
4930,zgc:63972,zgc63972
4931,fibcd1,fibcd1
4932,BX296533.1,BX296533.1
4933,lamc3,lamc3
4934,aif1l,aif1l
4935,gfm2,gfm2
4936,hexb,hexb
4937,enc1,enc1
4938,arhgef28a,arhgef28a
4939,BX530075.3,BX530075.3
4940,BX530075.2,BX530075.2
4941,BX530075.1,BX530075.1
4942,ankra2,ankra2
4943,btf3,btf3
4944,foxd1,foxd1
4945,tmem174,tmem174
4946,CR377210.1,CR377210.1
4947,fcho2,fcho2
4948,tnpo1,tnpo1
4949,ptcd2,ptcd2
4950,map1b,map1b
4951,ptger4b,ptger4b
4952,ttc33,ttc33
4953,fbp1b,fbp1b
4954,erlin2,erlin2
4955,ch25hl3,ch25hl3
4956,ch25hl3-1,ch25hl3-1
4957,si:dkey-204l11.1,sidkey204l11.1
4958,ar,ar
4959,ophn1,ophn1
4960,yipf6,yipf6
4961,stard8,stard8
4962,BX005476.1,BX005476.1
4963,rxfp2l,rxfp2l
4964,C5HXorf56,C5HXorf56
4965,efnb1,efnb1
4966,fam155b,fam155b
4967,eda,eda
4968,CU571324.1,CU571324.1
4969,wnt11f2,wnt11f2
4970,igbp1,igbp1
4971,zgc:158432,zgc158432
4972,taf1,taf1
4973,rhogc,rhogc
4974,micu2,micu2
4975,nova1,nova1
4976,BX005407.1,BX005407.1
4977,alkbh6,alkbh6
4978,capns1a,capns1a
4979,zgc:153990,zgc153990
4980,dlb,dlb
4981,ppp1r14aa,ppp1r14aa
4982,exoc3l2a,exoc3l2a
4983,mark4a,mark4a
4984,ckma,ckma
4985,nccrp1,nccrp1
4986,slc8a2a,slc8a2a
4987,srsf7a,srsf7a
4988,hnrnpl,hnrnpl
4989,kptn,kptn
4990,crx,crx
4991,BX927323.1,BX927323.1
4992,h3f3c,h3f3c
4993,gjd1a,gjd1a
4994,nfkbib,nfkbib
4995,ftr99,ftr99
4996,si:dkeyp-110c7.8,sidkeyp110c7.8
4997,CR753866.1,CR753866.1
4998,tppp2,tppp2
4999,si:dkeyp-110c7.4,sidkeyp110c7.4
5000,tagln2,tagln2
5001,il13ra2,il13ra2
5002,lrch2,lrch2
5003,BX927261.1,BX927261.1
5004,si:dkey-17o15.2,sidkey17o15.2
5005,zgc:163098,zgc163098
5006,wdr44,wdr44
5007,klhl13,klhl13
5008,klhl13-1,klhl13-1
5009,CU984579.1,CU984579.1
5010,si:ch1073-224n8.1,sich1073224n8.1
5011,FP102018.1,FP102018.1
5012,sptbn2,sptbn2
5013,cdc42ep2,cdc42ep2
5014,dpf2,dpf2
5015,myo1ca,myo1ca
5016,AL935065.1,AL935065.1
5017,epd,epd
5018,panx1b,panx1b
5019,ins,ins
5020,arhgap35b,arhgap35b
5021,si:ch211-139a5.9,sich211139a5.9
5022,tmprss13b,tmprss13b
5023,tmprss4b,tmprss4b
5024,scn4bb,scn4bb
5025,mpzl2b,mpzl2b
5026,pafah1b2,pafah1b2
5027,apoa1a,apoa1a
5028,si:ch211-139a5.1,sich211139a5.1
5029,si:dkey-111e8.1,sidkey111e8.1
5030,BX640520.3,BX640520.3
5031,BX640520.2,BX640520.2
5032,BX640520.1,BX640520.1
5033,si:dkey-111e8.4,sidkey111e8.4
5034,si:dkey-111e8.5,sidkey111e8.5
5035,si:ch211-284e13.4,sich211284e13.4
5036,si:ch211-284e13.5,sich211284e13.5
5037,si:ch211-284e13.14,sich211284e13.14
5038,si:ch211-284e13.6,sich211284e13.6
5039,gucy2d,gucy2d
5040,BX294181.2,BX294181.2
5041,si:ch211-284e13.12,sich211284e13.12
5042,si:ch211-284e13.11,sich211284e13.11
5043,BX294181.1,BX294181.1
5044,si:ch211-284e13.9,sich211284e13.9
5045,hsd20b2,hsd20b2
5046,slc12a9,slc12a9
5047,CT025690.1,CT025690.1
5048,gnb2,gnb2
5049,mink1,mink1
5050,pld2,pld2
5051,BX324194.2,BX324194.2
5052,chrne,chrne
5053,gltpd2,gltpd2
5054,atp1b2b,atp1b2b
5055,CR854980.1,CR854980.1
5056,mogat3b,mogat3b
5057,znhit1,znhit1
5058,si:ch211-271e10.2,sich211271e10.2
5059,wu:fb64b08,wufb64b08
5060,si:ch211-271e10.6,sich211271e10.6
5061,si:ch211-271e10.1,sich211271e10.1
5062,si:dkey-58f10.14,sidkey58f10.14
5063,si:dkey-58f10.13,sidkey58f10.13
5064,si:dkey-58f10.12,sidkey58f10.12
5065,si:dkey-58f10.11,sidkey58f10.11
5066,si:dkey-58f10.10,sidkey58f10.10
5067,BX640512.3,BX640512.3
5068,BX640512.1,BX640512.1
5069,si:dkey-58f10.7,sidkey58f10.7
5070,si:dkey-58f10.7-1,sidkey58f10.7-1
5071,BX640512.4,BX640512.4
5072,si:dkey-58f10.6,sidkey58f10.6
5073,cxcl11.8,cxcl11.8
5074,si:dkey-58f10.4,sidkey58f10.4
5075,BX640512.2,BX640512.2
5076,cnot6l,cnot6l
5077,BX640512.5,BX640512.5
5078,mrpl1,mrpl1
5079,fras1,fras1
5080,BX571800.1,BX571800.1
5081,BX571800.2,BX571800.2
5082,anxa3a,anxa3a
5083,bmp2k,bmp2k
5084,BX640536.1,BX640536.1
5085,paqr3a,paqr3a
5086,BX640536.2,BX640536.2
5087,AL935062.1,AL935062.1
5088,antxr2a,antxr2a
5089,prdm8b,prdm8b
5090,fgf5,fgf5
5091,cfap299,cfap299
5092,bmp3,bmp3
5093,prkg2,prkg2
5094,rasgef1ba,rasgef1ba
5095,si:ch73-138i16.1,sich73138i16.1
5096,pimr200,pimr200
5097,tmem175,tmem175
5098,cds1,cds1
5099,wdfy3,wdfy3
5100,si:dkey-193c22.1,sidkey193c22.1
5101,si:dkey-193c22.2,sidkey193c22.2
5102,snx18a,snx18a
5103,arl15a,arl15a
5104,hspb3,hspb3
5105,BX571674.1,BX571674.1
5106,ndufs4,ndufs4
5107,fsta,fsta
5108,FP102073.1,FP102073.1
5109,AL954694.1,AL954694.1
5110,AL954694.2,AL954694.2
5111,isl1,isl1
5112,si:dkey-3h3.3,sidkey3h3.3
5113,parp8,parp8
5114,pdzd2,pdzd2
5115,BX470118.1,BX470118.1
5116,golph3,golph3
5117,mtmr12,mtmr12
5118,zfr,zfr
5119,sub1b,sub1b
5120,CR753861.1,CR753861.1
5121,CR753861.2,CR753861.2
5122,BX005419.1,BX005419.1
5123,npr3,npr3
5124,arid3c,arid3c
5125,pias2,pias2
5126,eef2l2,eef2l2
5127,fancg,fancg
5128,vcp,vcp
5129,akr1a1a,akr1a1a
5130,dnajb5,dnajb5
5131,epg5,epg5
5132,riok2,riok2
5133,atxn2,atxn2
5134,wdr66,wdr66
5135,bcl7a,bcl7a
5136,alkbh2,alkbh2
5137,si:dkey-65b12.6,sidkey65b12.6
5138,CR931763.1,CR931763.1
5139,si:dkey-65b12.12,sidkey65b12.12
5140,si:dkey-65b12.10,sidkey65b12.10
5141,ncor1,ncor1
5142,pigl,pigl
5143,cenpv,cenpv
5144,UBB,UBB
5145,cxcl11.6,cxcl11.6
5146,cxcl11.6-1,cxcl11.6-1
5147,cxcl11.5,cxcl11.5
5148,ubb,ubb
5149,p2rx5,p2rx5
5150,emc6,emc6
5151,shpk,shpk
5152,trpv1,trpv1
5153,fam222ba,fam222ba
5154,BX571977.1,BX571977.1
5155,BX548073.5,BX548073.5
5156,eral1,eral1
5157,si:ch211-207c6.2,sich211207c6.2
5158,dre-mir-451,dre-mir-451
5159,dre-mir-144,dre-mir-144
5160,tbx16l,tbx16l
5161,BX548073.4,BX548073.4
5162,pimr201,pimr201
5163,BX548073.3,BX548073.3
5164,BX548073.2,BX548073.2
5165,BX548073.11,BX548073.11
5166,BX548073.1,BX548073.1
5167,pimr59,pimr59
5168,BX548073.10,BX548073.10
5169,pimr58,pimr58
5170,BX548073.8,BX548073.8
5171,pimr58-1,pimr58-1
5172,BX548073.7,BX548073.7
5173,pimr58-2,pimr58-2
5174,BX548073.9,BX548073.9
5175,pimr58-3,pimr58-3
5176,BX548073.6,BX548073.6
5177,pimr58-4,pimr58-4
5178,BX511056.1,BX511056.1
5179,BX511056.5,BX511056.5
5180,BX511056.3,BX511056.3
5181,BX511056.4,BX511056.4
5182,BX511056.2,BX511056.2
5183,BX511056.6,BX511056.6
5184,BX510949.1,BX510949.1
5185,pimr58-5,pimr58-5
5186,BX510309.3,BX510309.3
5187,BX510309.1,BX510309.1
5188,BX510309.2,BX510309.2
5189,flot2a,flot2a
5190,BX323596.1,BX323596.1
5191,BX323596.2,BX323596.2
5192,cxcl11.1,cxcl11.1
5193,cxcl20,cxcl20
5194,rufy3,rufy3
5195,grsf1,grsf1
5196,mob1ba,mob1ba
5197,aqp3a,aqp3a
5198,si:dkey-245n4.2,sidkey245n4.2
5199,wdr54,wdr54
5200,CU462817.2,CU462817.2
5201,CU462817.9,CU462817.9
5202,CU462817.10,CU462817.10
5203,CU462817.4,CU462817.4
5204,CU462817.8,CU462817.8
5205,CU462817.5,CU462817.5
5206,CU462817.6,CU462817.6
5207,CU462817.3,CU462817.3
5208,CU462817.7,CU462817.7
5209,CU462817.1,CU462817.1
5210,rhobtb4,rhobtb4
5211,BX784028.1,BX784028.1
5212,si:dkey-40c11.2,sidkey40c11.2
5213,RTKN,RTKN
5214,BX950211.1,BX950211.1
5215,nos2a,nos2a
5216,smn1,smn1
5217,zgc:158640,zgc158640
5218,mccc2,mccc2
5219,CR936462.1,CR936462.1
5220,si:ch211-204c21.1,sich211204c21.1
5221,DAB2,DAB2
5222,zgc:112966,zgc112966
5223,TMEM8B,TMEM8B
5224,si:dkey-84j12.1,sidkey84j12.1
5225,si:ch73-337l15.2,sich73337l15.2
5226,tars1,tars1
5227,BX950187.1,BX950187.1
5228,gas1a,gas1a
5229,dapk1,dapk1
5230,ctsla,ctsla
5231,CT025745.1,CT025745.1
5232,fbp2,fbp2
5233,fbp1a,fbp1a
5234,kank1a,kank1a
5235,dmrt1,dmrt1
5236,dmrt3a,dmrt3a
5237,dmrt2a,dmrt2a
5238,smarca2,smarca2
5239,AL928727.1,AL928727.1
5240,adamts3,adamts3
5241,NPFFR2,NPFFR2
5242,gc,gc
5243,slc4a4a,slc4a4a
5244,ifngr2,ifngr2
5245,polk,polk
5246,ankdd1b,ankdd1b
5247,poc5,poc5
5248,sv2ca,sv2ca
5249,CR854913.1,CR854913.1
5250,iqgap2,iqgap2
5251,f2rl2,f2rl2
5252,f2r,f2r
5253,si:ch211-130m23.3,sich211130m23.3
5254,zgc:110626,zgc110626
5255,si:ch211-130m23.2,sich211130m23.2
5256,si:ch211-130m23.5,sich211130m23.5
5257,vcana,vcana
5258,hapln1a,hapln1a
5259,BX465199.2,BX465199.2
5260,BX465199.1,BX465199.1
5261,edil3a,edil3a
5262,CR450734.1,CR450734.1
5263,FQ377662.1,FQ377662.1
5264,BX927192.2,BX927192.2
5265,cox7c,cox7c
5266,BX927192.1,BX927192.1
5267,rasa1a,rasa1a
5268,ccnh,ccnh
5269,BX470189.1,BX470189.1
5270,BX470189.2,BX470189.2
5271,tmem161b,tmem161b
5272,BX465834.1,BX465834.1
5273,dre-mir-9-5,dre-mir-9-5
5274,mef2cb,mef2cb
5275,AL807827.1,AL807827.1
5276,mblac2,mblac2
5277,polr3g,polr3g
5278,lysmd3,lysmd3
5279,adgrv1,adgrv1
5280,arrdc3a,arrdc3a
5281,si:dkey-172m14.2,sidkey172m14.2
5282,si:dkey-172m14.1,sidkey172m14.1
5283,CR751602.1,CR751602.1
5284,nr2f1a,nr2f1a
5285,CR751602.2,CR751602.2
5286,fam172a,fam172a
5287,si:ch73-280o22.2,sich73280o22.2
5288,slf1,slf1
5289,mctp1a,mctp1a
5290,CR392365.1,CR392365.1
5291,BX942837.1,BX942837.1
5292,zgc:194908,zgc194908
5293,fam81b,fam81b
5294,ttc37,ttc37
5295,nol6,nol6
5296,arsk,arsk
5297,cert1a,cert1a
5298,hmgcra,hmgcra
5299,ankrd31,ankrd31
5300,gcnt4a,gcnt4a
5301,fam169aa,fam169aa
5302,zgc:194398,zgc194398
5303,pomt1,pomt1
5304,ccdc180,ccdc180
5305,card9,card9
5306,snapc4,snapc4
5307,entr1,entr1
5308,ubac1,ubac1
5309,msh3,msh3
5310,rasgrf2b,rasgrf2b
5311,CR388055.1,CR388055.1
5312,CR388055.2,CR388055.2
5313,ckmt2b,ckmt2b
5314,otpb,otpb
5315,lhfpl2b,lhfpl2b
5316,homer1b,homer1b
5317,CT033828.1,CT033828.1
5318,tent2,tent2
5319,cmya5,cmya5
5320,mtx3,mtx3
5321,thbs4a,thbs4a
5322,serinc5,serinc5
5323,cdk7,cdk7
5324,AL935198.2,AL935198.2
5325,setbp1,setbp1
5326,AL935198.1,AL935198.1
5327,slc14a2,slc14a2
5328,lnpep,lnpep
5329,FP016029.1,FP016029.1
5330,erap2,erap2
5331,rgmb,rgmb
5332,BX957336.2,BX957336.2
5333,BX957336.1,BX957336.1
5334,MYORG,MYORG
5335,mamdc2a,mamdc2a
5336,ptar1,ptar1
5337,apba1a,apba1a
5338,fam189a2,fam189a2
5339,zgc:158260,zgc158260
5340,scarb2a,scarb2a
5341,PPEF2,PPEF2
5342,CU896641.1,CU896641.1
5343,zfpl1,zfpl1
5344,mrps30,mrps30
5345,hint2,hint2
5346,BX323994.1,BX323994.1
5347,taf6,taf6
5348,BX323994.2,BX323994.2
5349,CR847545.1,CR847545.1
5350,sat2b,sat2b
5351,naa38,naa38
5352,BX927335.2,BX927335.2
5353,BX927335.1,BX927335.1
5354,cldn15b,cldn15b
5355,CR749168.1,CR749168.1
5356,CR749168.4,CR749168.4
5357,CR749168.3,CR749168.3
5358,CR749168.2,CR749168.2
5359,CR450749.3,CR450749.3
5360,CR450749.2,CR450749.2
5361,arhgef15,arhgef15
5362,CR450749.1,CR450749.1
5363,grk1b,grk1b
5364,rangrf,rangrf
5365,slc25a35,slc25a35
5366,tmem141,tmem141
5367,BX276102.1,BX276102.1
5368,zmynd19,zmynd19
5369,bspry,bspry
5370,coq4,coq4
5371,traf2b,traf2b
5372,fbxw5,fbxw5
5373,alad,alad
5374,tmem203,tmem203
5375,tprn,tprn
5376,ssna1,ssna1
5377,anapc2,anapc2
5378,npr2,npr2
5379,spag8,spag8
5380,pmchl,pmchl
5381,ccnb1,ccnb1
5382,slc30a5,slc30a5
5383,pik3r1,pik3r1
5384,cd180,cd180
5385,CU467961.1,CU467961.1
5386,CU207241.1,CU207241.1
5387,srek1,srek1
5388,tmc2a,tmc2a
5389,pcsk5a,pcsk5a
5390,BX571945.1,BX571945.1
5391,prune2,prune2
5392,BX571945.2,BX571945.2
5393,gna14,gna14
5394,gnaq,gnaq
5395,hnrpkl,hnrpkl
5396,dre-mir-7b,dre-mir-7b
5397,ntrk2b,ntrk2b
5398,CU468920.1,CU468920.1
5399,BX323563.1,BX323563.1
5400,kcmf1,kcmf1
5401,camk4,camk4
5402,wdr36,wdr36
5403,slc25a46,slc25a46
5404,tmem150ab,tmem150ab
5405,si:dkey-189h5.6,sidkey189h5.6
5406,fkbp6,fkbp6
5407,fzd9a,fzd9a
5408,CR753838.1,CR753838.1
5409,mks1,mks1
5410,mrm1,mrm1
5411,CR753837.2,CR753837.2
5412,CR753837.1,CR753837.1
5413,BX255908.1,BX255908.1
5414,lhx1b,lhx1b
5415,aatf,aatf
5416,acaca,acaca
5417,AL935115.1,AL935115.1
5418,tbx2a,tbx2a
5419,ppm1db,ppm1db
5420,C5H2orf42,C5H2orf42
5421,tia1,tia1
5422,tmem232,tmem232
5423,man2a1,man2a1
5424,si:dkey-79c1.1,sidkey79c1.1
5425,pja2,pja2
5426,fer,fer
5427,atp6v1g1,atp6v1g1
5428,slc31a1,slc31a1
5429,cdc26,cdc26
5430,CR925761.4,CR925761.4
5431,CR925761.2,CR925761.2
5432,CR925761.3,CR925761.3
5433,CR925761.1,CR925761.1
5434,prpf4,prpf4
5435,RNF224,RNF224
5436,si:ch211-202f5.3,sich211202f5.3
5437,pisd,pisd
5438,zgc:193711,zgc193711
5439,hspb2,hspb2
5440,cryabb,cryabb
5441,C5H11orf1,C5H11orf1
5442,mia,mia
5443,bicdl2,bicdl2
5444,crfb12,crfb12
5445,si:dkey-71l1.1,sidkey71l1.1
5446,ufc1,ufc1
5447,gig2p,gig2p
5448,fdxacb1,fdxacb1
5449,alg9,alg9
5450,ppp2r1ba,ppp2r1ba
5451,sik2a,sik2a
5452,layna,layna
5453,si:dkey-27p23.3,sidkey27p23.3
5454,dre-mir-34c,dre-mir-34c
5455,dre-mir-34b,dre-mir-34b
5456,btg4,btg4
5457,BX950179.1,BX950179.1
5458,drd2b,drd2b
5459,FQ378020.1,FQ378020.1
5460,nrgna,nrgna
5461,HEPACAM,HEPACAM
5462,CU929418.1,CU929418.1
5463,ccdc15,ccdc15
5464,slc37a2,slc37a2
5465,FQ378016.1,FQ378016.1
5466,oafb,oafb
5467,pou2f3,pou2f3
5468,zgc:194948,zgc194948
5469,CT955996.1,CT955996.1
5470,foxr1,foxr1
5471,ccdc84,ccdc84
5472,arhgef12b,arhgef12b
5473,tlcd5b,tlcd5b
5474,mcama,mcama
5475,mis12,mis12
5476,derl2,derl2
5477,rabep1,rabep1
5478,nup88,nup88
5479,si:ch211-284f22.3,sich211284f22.3
5480,prkrip1,prkrip1
5481,upk3b,upk3b
5482,rasa4,rasa4
5483,clip2,clip2
5484,gtf2ird1,gtf2ird1
5485,dtx2,dtx2
5486,FP236476.1,FP236476.1
5487,CR854831.2,CR854831.2
5488,CR854831.1,CR854831.1
5489,CU463847.1,CU463847.1
5490,si:dkey-280e8.1,sidkey280e8.1
5491,CR936966.1,CR936966.1
5492,tmem132e,tmem132e
5493,CR388016.1,CR388016.1
5494,CABZ01101667.1,CABZ01101667.1
5495,lig3,lig3
5496,rad51d,rad51d
5497,tmem248,tmem248
5498,doc2b,doc2b
5499,rph3al,rph3al
5500,CR932980.1,CR932980.1
5501,CR932980.2,CR932980.2
5502,si:ch211-209a2.2,sich211209a2.2
5503,CR936321.5,CR936321.5
5504,CR936321.4,CR936321.4
5505,CR936321.1,CR936321.1
5506,CR936321.2,CR936321.2
5507,CR936321.3,CR936321.3
5508,castor2,castor2
5509,rcc1l,rcc1l
5510,ncf1,ncf1
5511,polr2j,polr2j
5512,alkbh4,alkbh4
5513,lrwd1,lrwd1
5514,bckdk,bckdk
5515,orai2,orai2
5516,AL935280.1,AL935280.1
5517,pex12,pex12
5518,drll.3,drll.3
5519,drll.2,drll.2
5520,drll.1,drll.1
5521,drl,drl
5522,ap2b1,ap2b1
5523,RASL10B,RASL10B
5524,gas2l2,gas2l2
5525,im:7138535,im7138535
5526,hnrnpul1l,hnrnpul1l
5527,CR759879.1,CR759879.1
5528,sympk,sympk
5529,rsph4a,rsph4a
5530,napaa,napaa
5531,si:dkeyp-117b8.4,sidkeyp117b8.4
5532,znf541,znf541
5533,ehd2a,ehd2a
5534,selenow1,selenow1
5535,akap10,akap10
5536,si:dkey-35m8.1,sidkey35m8.1
5537,BX511157.1,BX511157.1
5538,spata22,spata22
5539,C5H11orf54,C5H11orf54
5540,pho,pho
5541,aspa,aspa
5542,CU928117.1,CU928117.1
5543,abr,abr
5544,CR394528.1,CR394528.1
5545,BX510960.1,BX510960.1
5546,BX510960.2,BX510960.2
5547,nanos2,nanos2
5548,zswim7,zswim7
5549,adora2b,adora2b
5550,specc1,specc1
5551,AL928675.1,AL928675.1
5552,TIMM22,TIMM22
5553,tlcd3a,tlcd3a
5554,BX927212.1,BX927212.1
5555,usp2b,usp2b
5556,tecta,tecta
5557,CR339044.1,CR339044.1
5558,tbcelb,tbcelb
5559,si:ch73-37h15.2,sich7337h15.2
5560,gsnb,gsnb
5561,si:ch73-376l24.2,sich73376l24.2
5562,si:ch73-376l24.3,sich73376l24.3
5563,si:ch73-376l24.4,sich73376l24.4
5564,ttf1,ttf1
5565,si:ch73-376l24.6,sich73376l24.6
5566,rab14,rab14
5567,cntrl,cntrl
5568,c5,c5
5569,prdm12b,prdm12b
5570,surf4l,surf4l
5571,ciz1b,ciz1b
5572,dnm1b,dnm1b
5573,ENSDARG00000081800,ENSDARG00000081800
5574,CU856222.1,CU856222.1
5575,si:ch73-274k23.1,sich73274k23.1
5576,rgs3b,rgs3b
5577,pappab,pappab
5578,AL845507.1,AL845507.1
5579,cmlc1,cmlc1
5580,ak5l,ak5l
5581,gpsm1a,gpsm1a
5582,qsox2,qsox2
5583,FQ377918.1,FQ377918.1
5584,fam78aa,fam78aa
5585,AL929057.1,AL929057.1
5586,plpp7a,plpp7a
5587,edf1,edf1
5588,si:ch1073-363c19.3,sich1073363c19.3
5589,brd3b,brd3b
5590,rxrab,rxrab
5591,AL929048.1,AL929048.1
5592,olfm1a,olfm1a
5593,lix1,lix1
5594,lrrc8ab,lrrc8ab
5595,ppil3,ppil3
5596,zgc:101858,zgc101858
5597,BX255921.1,BX255921.1
5598,ZBTB26,ZBTB26
5599,krt1-c5,krt1-c5
5600,LHX6,LHX6
5601,ptgs1,ptgs1
5602,anxa1d,anxa1d
5603,anxa1c,anxa1c
5604,anxa1b,anxa1b
5605,pmpca,pmpca
5606,inpp5e,inpp5e
5607,ptrh1,ptrh1
5608,BX001023.2,BX001023.2
5609,dre-mir-219-2,dre-mir-219-2
5610,tor2a,tor2a
5611,sh2d3cb,sh2d3cb
5612,cfap157,cfap157
5613,BX001023.1,BX001023.1
5614,col27a1b,col27a1b
5615,dre-mir-455-1,dre-mir-455-1
5616,KCNT1,KCNT1
5617,BX511138.1,BX511138.1
5618,camsap1b,camsap1b
5619,CR396583.1,CR396583.1
5620,notch1b,notch1b
5621,FAM163B,FAM163B
5622,adamtsl2,adamtsl2
5623,mymk,mymk
5624,ttc16,ttc16
5625,slc2a8,slc2a8
5626,lcn15,lcn15
5627,nrarpb,nrarpb
5628,jak2b,jak2b
5629,zgc:114041,zgc114041
5630,mboat4,mboat4
5631,gldc,gldc
5632,coq2,coq2
5633,mfsd10,mfsd10
5634,secisbp2,secisbp2
5635,prlrb,prlrb
5636,malt1,malt1
5637,cplx4b,cplx4b
5638,emb,emb
5639,hip1rb,hip1rb
5640,kntc1,kntc1
5641,CU929288.2,CU929288.2
5642,CU929288.1,CU929288.1
5643,mn1b,mn1b
5644,kat5b,kat5b
5645,fermt3a,fermt3a
5646,CU914811.1,CU914811.1
5647,stip1,stip1
5648,LO018450.1,LO018450.1
5649,rps6ka4,rps6ka4
5650,rom1a,rom1a
5651,BX897741.1,BX897741.1
5652,cdca5,cdca5
5653,clip1a,clip1a
5654,zcchc8,zcchc8
5655,si:ch211-110p13.9,sich211110p13.9
5656,rsrc2,rsrc2
5657,mlxip,mlxip
5658,unga,unga
5659,sebox,sebox
5660,ebf2,ebf2
5661,si:dkey-251i10.1,sidkey251i10.1
5662,si:dkey-251i10.2,sidkey251i10.2
5663,UTP14C,UTP14C
5664,zbtb20,zbtb20
5665,si:dkey-70b23.2,sidkey70b23.2
5666,arhgap31,arhgap31
5667,b4galt4,b4galt4
5668,casr,casr
5669,eif4e1b,eif4e1b
5670,zgc:175280,zgc175280
5671,si:ch211-271b14.1,sich211271b14.1
5672,tagln3a,tagln3a
5673,abhd10a,abhd10a
5674,gsx1,gsx1
5675,mtif3,mtif3
5676,gtf3aa,gtf3aa
5677,wasf3a,wasf3a
5678,rnf167,rnf167
5679,spag7,spag7
5680,slc25a11,slc25a11
5681,KCNAB3,KCNAB3
5682,CABZ01083937.2,CABZ01083937.2
5683,CABZ01083943.1,CABZ01083943.1
5684,KIF1C,KIF1C
5685,CABZ01083945.1,CABZ01083945.1
5686,tnfsf13,tnfsf13
5687,h1m,h1m
5688,ephb4a,ephb4a
5689,dlg4a,dlg4a
5690,LO017735.1,LO017735.1
5691,mepce,mepce
5692,her1,her1
5693,her7,her7
5694,si:ch211-283h6.4,sich211283h6.4
5695,usp39,usp39
5696,sftpbb,sftpbb
5697,spaw,spaw
5698,CT033825.1,CT033825.1
5699,ank1a,ank1a
5700,ank1a-1,ank1a-1
5701,dre-mir-2188,dre-mir-2188
5702,FO704822.1,FO704822.1
5703,GANAB,GANAB
5704,CU928129.2,CU928129.2
5705,CU928129.1,CU928129.1
5706,mat2ab,mat2ab
5707,inpp5jb,inpp5jb
5708,selenom,selenom
5709,smtnb,smtnb
5710,FQ311924.2,FQ311924.2
5711,FQ311924.1,FQ311924.1
5712,isca1,isca1
5713,CABZ01032476.1,CABZ01032476.1
5714,psat1,psat1
5715,si:ch211-157p22.10,sich211157p22.10
5716,zgc:153044,zgc153044
5717,kiss1rb,kiss1rb
5718,mapkapk5,mapkapk5
5719,aldh2.1,aldh2.1
5720,aldh2.2,aldh2.2
5721,vps33a,vps33a
5722,eif2b1,eif2b1
5723,gtf2h3,gtf2h3
5724,CT978957.3,CT978957.3
5725,CT978957.2,CT978957.2
5726,CT978957.1,CT978957.1
5727,znf1005,znf1005
5728,dguok,dguok
5729,mob1a,mob1a
5730,mthfd2,mthfd2
5731,arl6ip4,arl6ip4
5732,C5H12orf65,C5H12orf65
5733,kmt5ab,kmt5ab
5734,rilpl2,rilpl2
5735,fsd1l,fsd1l
5736,ugt2a6,ugt2a6
5737,ugt2a5,ugt2a5
5738,ythdc1,ythdc1
5739,fktn,fktn
5740,ugt2a4,ugt2a4
5741,dnajc25,dnajc25
5742,si:ch211-154e10.1,sich211154e10.1
5743,rgs3a,rgs3a
5744,znf618,znf618
5745,pappaa,pappaa
5746,CABZ01075572.1,CABZ01075572.1
5747,brinp1,brinp1
5748,CU927890.1,CU927890.1
5749,ak1,ak1
5750,gpsm1b,gpsm1b
5751,LHX3,LHX3
5752,nup214,nup214
5753,fam78ab,fam78ab
5754,PLPP7,PLPP7
5755,PRRC2B,PRRC2B
5756,dqx1,dqx1
5757,oxt,oxt
5758,CABZ01087674.1,CABZ01087674.1
5759,thnsl2,thnsl2
5760,smyd1a,smyd1a
5761,fabp1a,fabp1a
5762,spra,spra
5763,exosc2,exosc2
5764,abl1,abl1
5765,rab14l,rab14l
5766,ddx54,ddx54
5767,tbx5a,tbx5a
5768,tbx3a,tbx3a
5769,MTFP1,MTFP1
5770,lman2la,lman2la
5771,wbp1,wbp1
5772,pax8,pax8
5773,zgc:110249,zgc110249
5774,zgc:110249-1,zgc1102491
5775,zgc:165518,zgc165518
5776,CR391944.1,CR391944.1
5777,FP326649.1,FP326649.1
5778,kdelr3,kdelr3
5779,CABZ01079818.1,CABZ01079818.1
5780,zgc:174288,zgc174288
5781,KDELR3,KDELR3
5782,CABZ01089980.1,CABZ01089980.1
5783,mhc1zfa,mhc1zfa
5784,CU394254.1,CU394254.1
5785,mhc1zaa,mhc1zaa
5786,mhc1zja,mhc1zja
5787,CU394254.2,CU394254.2
5788,CU394254.3,CU394254.3
5789,si:dkey-167k11.5,sidkey167k11.5
5790,CCDC134,CCDC134
5791,dicp1.1,dicp1.1
5792,zgc:194659,zgc194659
5793,si:dkey-12f6.5,sidkey12f6.5
5794,CR792453.2,CR792453.2
5795,dicp1.3-4,dicp1.3-4
5796,dicp1.1-1,dicp1.1-1
5797,CR792453.3,CR792453.3
5798,CR792453.1,CR792453.1
5799,dicp1.1-2,dicp1.1-2
5800,AL929520.1,AL929520.1
5801,AL929520.3,AL929520.3
5802,AL929520.2,AL929520.2
5803,dicp1.17,dicp1.17
5804,FP102888.1,FP102888.1
5805,FP102888.3,FP102888.3
5806,FP102888.2,FP102888.2
5807,FP102786.1,FP102786.1
5808,FP102809.1,FP102809.1
5809,irgf4,irgf4
5810,zgc:172051,zgc172051
5811,si:ch1073-464p5.5,sich1073464p5.5
5812,zgc:172253,zgc172253
5813,zgc:153921,zgc153921
5814,zgc:153921-1,zgc1539211
5815,si:ch1073-322p19.1,sich1073322p19.1
5816,srebf2,srebf2
5817,si:ch73-211l13.2,sich73211l13.2
5818,nol12,nol12
5819,triobpb,triobpb
5820,ndufa6,ndufa6
5821,smdt1a,smdt1a
5822,CU672266.2,CU672266.2
5823,fam234b,fam234b
5824,ENSDARG00000080745,ENSDARG00000080745
5825,poldip3,poldip3
5826,rrp7a,rrp7a
5827,wbp2nl,wbp2nl
5828,si:ch1073-314i13.4,sich1073314i13.4
5829,tcf20,tcf20
5830,FP325358.1,FP325358.1
5831,GRIN2B,GRIN2B
5832,tmem106c,tmem106c
5833,FP236551.1,FP236551.1
5834,ddx47,ddx47
5835,wbp11,wbp11
5836,bglap,bglap
5837,CU855786.1,CU855786.1
5838,mgp,mgp
5839,sox10,sox10
5840,polr2f,polr2f
5841,CR394546.3,CR394546.3
5842,CR394546.1,CR394546.1
5843,CR394546.2,CR394546.2
5844,CR394546.5,CR394546.5
5845,CR394546.4,CR394546.4
5846,BX321875.4,BX321875.4
5847,BX321875.2,BX321875.2
5848,BX321875.3,BX321875.3
5849,si:dkeyp-52c3.7,sidkeyp52c3.7
5850,BX321875.1,BX321875.1
5851,micall1b.2,micall1b.2
5852,BX465228.2,BX465228.2
5853,BX465228.1,BX465228.1
5854,zgc:101806,zgc101806
5855,si:ch211-254c8.3,sich211254c8.3
5856,zgc:152753,zgc152753
5857,zgc:165583,zgc165583
5858,BX005442.3,BX005442.3
5859,si:dkey-88j15.3,sidkey88j15.3
5860,BX005442.4,BX005442.4
5861,si:dkey-88j15.4,sidkey88j15.4
5862,BX005442.2,BX005442.2
5863,BX005442.1,BX005442.1
5864,CR933791.2,CR933791.2
5865,CR933791.1,CR933791.1
5866,si:dkey-217f16.5,sidkey217f16.5
5867,si:dkey-217f16.6,sidkey217f16.6
5868,CR388047.1,CR388047.1
5869,CR388047.3,CR388047.3
5870,CR388047.2,CR388047.2
5871,BX004816.3,BX004816.3
5872,BX004816.1,BX004816.1
5873,zgc:172090,zgc172090
5874,BX004816.2,BX004816.2
5875,si:dkey-30g5.1,sidkey30g5.1
5876,si:dkey-30g5.1-1,sidkey30g5.1-1
5877,si:dkey-30g5.1-2,sidkey30g5.1-2
5878,AL953907.1,AL953907.1
5879,si:ch211-229i14.2,sich211229i14.2
5880,AL953907.2,AL953907.2
5881,tmem184bb,tmem184bb
5882,si:dkey-46g23.1,sidkey46g23.1
5883,BX322654.1,BX322654.1
5884,si:dkey-46g23.2,sidkey46g23.2
5885,zgc:171446,zgc171446
5886,zgc:171445,zgc171445
5887,si:dkey-46g23.5,sidkey46g23.5
5888,zgc:165453,zgc165453
5889,zgc:171426,zgc171426
5890,CABZ01040998.1,CABZ01040998.1
5891,cdc42ep1b,cdc42ep1b
5892,CR589947.1,CR589947.1
5893,CR589947.2,CR589947.2
5894,CR589947.3,CR589947.3
5895,pick1,pick1
5896,plbd1,plbd1
5897,si:ch211-163m16.7,sich211163m16.7
5898,art4,art4
5899,BX908804.1,BX908804.1
5900,si:dkey-217f16.1,sidkey217f16.1
5901,BX908804.2,BX908804.2
5902,BX908804.3,BX908804.3
5903,gucy2c,gucy2c
5904,pmm1,pmm1
5905,si:ch73-338o16.4,sich73338o16.4
5906,unm-sa1506,unm-sa1506
5907,BX005421.1,BX005421.1
5908,BX005421.2,BX005421.2
5909,BX005421.3,BX005421.3
5910,si:dkeyp-52c3.7-1,sidkeyp52c3.7-1
5911,LO018551.1,LO018551.1
5912,si:dkey-175d9.1,sidkey175d9.1
5913,si:dkey-175d9.2,sidkey175d9.2
5914,si:dkey-73p2.1,sidkey73p2.1
5915,CR790363.1,CR790363.1
5916,si:dkey-73p2.2,sidkey73p2.2
5917,si:dkey-73p2.3,sidkey73p2.3
5918,si:dkey-73p2.3-1,sidkey73p2.3-1
5919,CR774195.1,CR774195.1
5920,trim35-3,trim35-3
5921,zc3h7ba,zc3h7ba
5922,rangap1a,rangap1a
5923,ftr43,ftr43
5924,ftr50,ftr50
5925,ftr50-1,ftr50-1
5926,ftr50-2,ftr50-2
5927,ftr50-3,ftr50-3
5928,CABZ01034851.1,CABZ01034851.1
5929,slc25a38a,slc25a38a
5930,CABZ01046996.1,CABZ01046996.1
5931,CABZ01046997.1,CABZ01046997.1
5932,si:dkey-73p2.2-1,sidkey73p2.2-1
5933,CABZ01117706.1,CABZ01117706.1
5934,CSDC2,CSDC2
5935,polr3h,polr3h
5936,CU681842.1,CU681842.1
5937,tefb,tefb
5938,si:ch73-338o16.4-1,sich73338o16.4-1
5939,myh9b,myh9b
5940,txn2,txn2
5941,si:ch211-150d5.3,sich211150d5.3
5942,FP340265.1,FP340265.1
5943,si:ch73-106l15.4,sich73106l15.4
5944,trim35-7,trim35-7
5945,si:ch73-106l15.2,sich73106l15.2
5946,vmo1a,vmo1a
5947,trim35-7-1,trim35-7-1
5948,FQ311879.2,FQ311879.2
5949,FQ311879.1,FQ311879.1
5950,si:ch73-264i18.2,sich73264i18.2
5951,FP016234.1,FP016234.1
5952,trim35-31,trim35-31
5953,si:ch211-106h11.3,sich211106h11.3
5954,ddx39ab,ddx39ab
5955,si:ch211-106h11.1,sich211106h11.1
5956,CABZ01064402.1,CABZ01064402.1
5957,CABZ01064405.1,CABZ01064405.1
5958,CABZ01064408.1,CABZ01064408.1
5959,pkn1b,pkn1b
5960,BX284638.2,BX284638.2
5961,mcoln1b,mcoln1b
5962,BX284638.1,BX284638.1
5963,si:ch73-144l3.1,sich73144l3.1
5964,FP236513.1,FP236513.1
5965,BX004785.1,BX004785.1
5966,BX004785.2,BX004785.2
5967,si:ch211-12p12.2,sich21112p12.2
5968,zgc:136767,zgc136767
5969,BX004785.3,BX004785.3
5970,jpt1b,jpt1b
5971,sumo2b,sumo2b
5972,nup85,nup85
5973,NUP85,NUP85
5974,gga3b,gga3b
5975,CABZ01055168.1,CABZ01055168.1
5976,si:ch1073-209h18.1,sich1073209h18.1
5977,FP016106.1,FP016106.1
5978,si:ch73-59f11.3,sich7359f11.3
5979,cygb1,cygb1
5980,atg4db,atg4db
5981,mast1b,mast1b
5982,BX000701.1,BX000701.1
5983,zgc:113102,zgc113102
5984,zmp:0000001228,zmp0000001228
5985,BX000701.2,BX000701.2
5986,BX005085.2,BX005085.2
5987,BX005085.3,BX005085.3
5988,BX005085.7,BX005085.7
5989,BX005085.1,BX005085.1
5990,BX005085.6,BX005085.6
5991,BX005085.5,BX005085.5
5992,BX005085.4,BX005085.4
5993,FO704858.1,FO704858.1
5994,zgc:113102-1,zgc1131021
5995,zgc:173577,zgc173577
5996,si:ch1073-186o8.3,sich1073186o8.3
5997,zgc:113443,zgc113443
5998,zgc:173517,zgc173517
5999,CR847850.1,CR847850.1
6000,znf1001,znf1001
6001,znf1001-1,znf1001-1
6002,zmp:0000001003,zmp0000001003
6003,CU695223.1,CU695223.1
6004,zgc:109949,zgc109949
6005,junbb,junbb
6006,hook2,hook2
6007,hook2-1,hook2-1
6008,trir,trir
6009,ubn2b,ubn2b
6010,trim35-21,trim35-21
6011,trim35-25,trim35-25
6012,trim35-24,trim35-24
6013,trim35-23,trim35-23
6014,trim35-22,trim35-22
6015,si:ch211-175l6.2,sich211175l6.2
6016,si:ch211-175l6.1,sich211175l6.1
6017,trim35-19,trim35-19
6018,BX927317.1,BX927317.1
6019,BX927317.2,BX927317.2
6020,BX927317.3,BX927317.3
6021,si:ch211-51i16.1,sich21151i16.1
6022,si:ch211-51i16.3,sich21151i16.3
6023,CABZ01019904.1,CABZ01019904.1
6024,FO907110.1,FO907110.1
6025,si:ch73-379f5.5,sich73379f5.5
6026,cyp2k22,cyp2k22
6027,trim35-9,trim35-9
6028,cyp2k6,cyp2k6
6029,trim35-10,trim35-10
6030,CU855801.1,CU855801.1
6031,rbfox3b,rbfox3b
6032,FP243381.1,FP243381.1
6033,CABZ01064671.1,CABZ01064671.1
6034,CABZ01058333.1,CABZ01058333.1
6035,si:dkeyp-30d6.2,sidkeyp30d6.2
6036,znf1150,znf1150
6037,CR792416.1,CR792416.1
6038,CR926128.2,CR926128.2
6039,CR926128.1,CR926128.1
6040,CR926128.4,CR926128.4
6041,CR926128.3,CR926128.3
6042,CR926128.5,CR926128.5
6043,CR926128.10,CR926128.10
6044,CR926128.9,CR926128.9
6045,CR926128.6,CR926128.6
6046,CR926128.12,CR926128.12
6047,CR926128.14,CR926128.14
6048,CR926128.7,CR926128.7
6049,CR926128.11,CR926128.11
6050,CR926128.13,CR926128.13
6051,CR926128.8,CR926128.8
6052,znf1124,znf1124
6053,LO018550.1,LO018550.1
6054,gpr139,gpr139
6055,rnps1,rnps1
6056,FO904885.1,FO904885.1
6057,FO904885.3,FO904885.3
6058,FO904885.2,FO904885.2
6059,zmp:0000000997,zmp0000000997
6060,zgc:162154,zgc162154
6061,trap1,trap1
6062,crebbpb,crebbpb
6063,CR339059.1,CR339059.1
6064,CR339059.3,CR339059.3
6065,CR339059.4,CR339059.4
6066,FP236320.1,FP236320.1
6067,FP243382.1,FP243382.1
6068,cbx2,cbx2
6069,BX539325.2,BX539325.2
6070,BX539325.3,BX539325.3
6071,BX539325.1,BX539325.1
6072,nog1,nog1
6073,pctp,pctp
6074,elac2,elac2
6075,map2k4a,map2k4a
6076,tmem220,tmem220
6077,si:ch73-1f23.1,sich731f23.1
6078,si:ch73-1f23.1-1,sich731f23.1-1
6079,zgc:112965,zgc112965
6080,CU210890.1,CU210890.1
6081,znf1004,znf1004
6082,CR382337.3,CR382337.3
6083,CR382337.1,CR382337.1
6084,CR382337.2,CR382337.2
6085,mrps7,mrps7
6086,mif4gdb,mif4gdb
6087,sstr5,sstr5
6088,BX323882.1,BX323882.1
6089,AL935044.2,AL935044.2
6090,AL935044.4,AL935044.4
6091,AL935044.1,AL935044.1
6092,AL935044.3,AL935044.3
6093,mmd,mmd
6094,CABZ01087224.1,CABZ01087224.1
6095,hlfa,hlfa
6096,FOXK2,FOXK2
6097,coro7,coro7
6098,dnaja3a,dnaja3a
6099,hmox2b,hmox2b
6100,cfap70,cfap70
6101,srl,srl
6102,tfap4,tfap4
6103,glis2b,glis2b
6104,pam16,pam16
6105,vasnb,vasnb
6106,ccnf,ccnf
6107,abca3b,abca3b
6108,cyp2k18,cyp2k18
6109,cyp2k20,cyp2k20
6110,cyp2k19,cyp2k19
6111,cyp2k21,cyp2k21
6112,cyp2k17,cyp2k17
6113,cyp2k16,cyp2k16
6114,cyp2k8,cyp2k8
6115,cyp2k6-1,cyp2k6-1
6116,si:ch211-8c17.2,sich2118c17.2
6117,si:ch211-8c17.3,sich2118c17.3
6118,si:ch211-8c17.4,sich2118c17.4
6119,kcnj2b,kcnj2b
6120,btbd17b,btbd17b
6121,ccdc137,ccdc137
6122,pdgfab,pdgfab
6123,prkar1b,prkar1b
6124,LO018183.1,LO018183.1
6125,sun1,sun1
6126,CU138547.1,CU138547.1
6127,dre-mir-23a-2,dre-mir-23a-2
6128,dre-mir-27c,dre-mir-27c
6129,dhps,dhps
6130,si:dkey-117i10.1,sidkey117i10.1
6131,fbxw9,fbxw9
6132,zgc:77748,zgc77748
6133,CABZ01079251.1,CABZ01079251.1
6134,slc25a19,slc25a19
6135,JMJD8,JMJD8
6136,amdhd2,amdhd2
6137,si:ch73-106n3.1,sich73106n3.1
6138,si:ch73-106n3.2,sich73106n3.2
6139,tufm,tufm
6140,hspbp1,hspbp1
6141,pglyrp6,pglyrp6
6142,si:ch211-194b1.1,sich211194b1.1
6143,ptger1b,ptger1b
6144,ilf3b,ilf3b
6145,farsa,farsa
6146,si:dkey-61n16.5,sidkey61n16.5
6147,syce2,syce2
6148,gcdhb,gcdhb
6149,nfil3-6,nfil3-6
6150,si:ch211-108d22.2,sich211108d22.2
6151,AL954138.2,AL954138.2
6152,AL954138.1,AL954138.1
6153,si:ch211-108d22.1,sich211108d22.1
6154,plppr2a,plppr2a
6155,tlcd4b,tlcd4b
6156,CU639471.1,CU639471.1
6157,cnn1b,cnn1b
6158,elof1,elof1
6159,tmem205,tmem205
6160,rab3db,rab3db
6161,epor,epor
6162,swsap1,swsap1
6163,znf653,znf653
6164,tspan35,tspan35
6165,zgc:158403,zgc158403
6166,gadd45gip1,gadd45gip1
6167,nfixb,nfixb
6168,CR788308.1,CR788308.1
6169,nme4,nme4
6170,xpo6,xpo6
6171,antkmt,antkmt
6172,si:dkey-282h22.5,sidkey282h22.5
6173,tspan10,tspan10
6174,hirip3,hirip3
6175,kctd13,kctd13
6176,sez6l2,sez6l2
6177,asphd1,asphd1
6178,cabp5b,cabp5b
6179,pitpnbl,pitpnbl
6180,sh2b1,sh2b1
6181,atxn2l,atxn2l
6182,lat,lat
6183,si:dkey-56d12.4,sidkey56d12.4
6184,spns1,spns1
6185,nfatc2ip,nfatc2ip
6186,sgf29,sgf29
6187,nupr1b,nupr1b
6188,doc2a,doc2a
6189,BX682550.1,BX682550.1
6190,si:dkey-93n13.2,sidkey93n13.2
6191,si:dkey-93n13.1,sidkey93n13.1
6192,zgc:66474,zgc66474
6193,zgc:66443,zgc66443
6194,BX936308.2,BX936308.2
6195,BX936308.1,BX936308.1
6196,mvp,mvp
6197,phb,phb
6198,BX914211.1,BX914211.1
6199,znf652,znf652
6200,phospho1,phospho1
6201,natd1,natd1
6202,tmem11,tmem11
6203,dhrs7b,dhrs7b
6204,cramp1,cramp1
6205,jpt2,jpt2
6206,mapk8ip3,mapk8ip3
6207,nme3,nme3
6208,mrps34,mrps34
6209,spsb3a,spsb3a
6210,atp6v0ca,atp6v0ca
6211,CR387933.1,CR387933.1
6212,si:dkey-81l17.6,sidkey81l17.6
6213,lasp1,lasp1
6214,arl5c,arl5c
6215,cacnb1,cacnb1
6216,rpl19,rpl19
6217,bckdhbl,bckdhbl
6218,st8sia6,st8sia6
6219,CR388224.1,CR388224.1
6220,eftud2,eftud2
6221,kcnj12b,kcnj12b
6222,si:ch211-23l10.3,sich21123l10.3
6223,eps8l1a,eps8l1a
6224,slc6a16a,slc6a16a
6225,slc17a7a,slc17a7a
6226,CR847509.1,CR847509.1
6227,zgc:55558,zgc55558
6228,pold1,pold1
6229,gys1,gys1
6230,aspdh,aspdh
6231,tmem86b,tmem86b
6232,lrrc3cb,lrrc3cb
6233,si:dkey-30j10.5,sidkey30j10.5
6234,stk17al,stk17al
6235,BX470185.1,BX470185.1
6236,BX470185.2,BX470185.2
6237,atp6v0a1a,atp6v0a1a
6238,cavin1a,cavin1a
6239,stat3,stat3
6240,stat5a,stat5a
6241,si:ch211-210g13.5,sich211210g13.5
6242,CU207238.1,CU207238.1
6243,hcrt,hcrt
6244,kcnh4a,kcnh4a
6245,rab5c,rab5c
6246,kat2a,kat2a
6247,dhx58,dhx58
6248,CABZ01018956.1,CABZ01018956.1
6249,znf385c,znf385c
6250,BX901973.1,BX901973.1
6251,nkiras2,nkiras2
6252,dnajc7,dnajc7
6253,ttc25,ttc25
6254,cnp,cnp
6255,aclya,aclya
6256,si:ch73-141c7.1,sich73141c7.1
6257,hsd17b1,hsd17b1
6258,mettl26,mettl26
6259,ankrd40,ankrd40
6260,wfikkn2a,wfikkn2a
6261,CU682780.1,CU682780.1
6262,tob1a,tob1a
6263,BX649434.1,BX649434.1
6264,BX649434.2,BX649434.2
6265,BX649434.3,BX649434.3
6266,spag9a,spag9a
6267,kdelr2a,kdelr2a
6268,si:ch211-139g16.8,sich211139g16.8
6269,rps2,rps2
6270,ndufb10,ndufb10
6271,GAA,GAA
6272,gaa,gaa
6273,tbc1d16,tbc1d16
6274,cbx4,cbx4
6275,cbx8a,cbx8a
6276,aqp8b,aqp8b
6277,arhgap17b,arhgap17b
6278,si:ch211-246e12.3,sich211246e12.3
6279,slc5a11,slc5a11
6280,grid2ipa,grid2ipa
6281,e4f1,e4f1
6282,zgc:113333,zgc113333
6283,narfl,narfl
6284,AL772362.2,AL772362.2
6285,hagh,hagh
6286,fahd1,fahd1
6287,msrb1a,msrb1a
6288,tnpo2,tnpo2
6289,tmem104,tmem104
6290,AL772362.1,AL772362.1
6291,CU151886.2,CU151886.2
6292,CU151886.1,CU151886.1
6293,si:ch211-198m1.1,sich211198m1.1
6294,CU151886.3,CU151886.3
6295,grin2ca,grin2ca
6296,rfx1a,rfx1a
6297,rln3a,rln3a
6298,BX546473.1,BX546473.1
6299,il12rb2l,il12rb2l
6300,smarca4a,smarca4a
6301,ldlra,ldlra
6302,BX322663.3,BX322663.3
6303,BX322663.2,BX322663.2
6304,kri1,kri1
6305,BX322663.1,BX322663.1
6306,spc24,spc24
6307,s1pr5a,s1pr5a
6308,zgc:123297,zgc123297
6309,pde6ga,pde6ga
6310,CU571315.1,CU571315.1
6311,CU571315.3,CU571315.3
6312,CU571315.2,CU571315.2
6313,zgc:163079,zgc163079
6314,rprml,rprml
6315,itgb3a,itgb3a
6316,mettl2a,mettl2a
6317,tlk2,tlk2
6318,mrc2,mrc2
6319,BX572620.1,BX572620.1
6320,rnd2,rnd2
6321,vat1,vat1
6322,CR855865.1,CR855865.1
6323,asb16,asb16
6324,tmub2,tmub2
6325,atxn7l3,atxn7l3
6326,ubtf,ubtf
6327,BX088544.1,BX088544.1
6328,slc4a1a,slc4a1a
6329,selenow2b,selenow2b
6330,selenow2a,selenow2a
6331,ngfra,ngfra
6332,nxph3,nxph3
6333,spop,spop
6334,BX248239.1,BX248239.1
6335,BX936284.1,BX936284.1
6336,ndufa4l,ndufa4l
6337,slc35b1,slc35b1
6338,fam117aa,fam117aa
6339,rundc3aa,rundc3aa
6340,zwi,zwi
6341,tlcd3ba,tlcd3ba
6342,nlk1,nlk1
6343,maza,maza
6344,cdipt,cdipt
6345,taok2a,taok2a
6346,zgc:123295,zgc123295
6347,zgc:112038,zgc112038
6348,CR387996.1,CR387996.1
6349,zgc:153968,zgc153968
6350,tcap,tcap
6351,syngr1a,syngr1a
6352,fam171a2a,fam171a2a
6353,itga2b,itga2b
6354,BX927078.1,BX927078.1
6355,CT573446.1,CT573446.1
6356,CR790381.1,CR790381.1
6357,crhr1,crhr1
6358,BX547992.2,BX547992.2
6359,BX547992.1,BX547992.1
6360,cdc27,cdc27
6361,kansl1b,kansl1b
6362,maptb,maptb
6363,myl4,myl4
6364,scn4ab,scn4ab
6365,gh1,gh1
6366,ifnphi3,ifnphi3
6367,zgc:103564,zgc103564
6368,ifnphi2,ifnphi2
6369,ifnphi1,ifnphi1
6370,arhgap27l,arhgap27l
6371,coa3b,coa3b
6372,wnk4b,wnk4b
6373,BX649557.1,BX649557.1
6374,tanc2a,tanc2a
6375,cyb561,cyb561
6376,BX322574.1,BX322574.1
6377,hdac5,hdac5
6378,lsm12a,lsm12a
6379,si:ch211-237i5.4,sich211237i5.4
6380,nags,nags
6381,b4galnt2.2,b4galnt2.2
6382,b4galnt2.1,b4galnt2.1
6383,gngt2a,gngt2a
6384,AL929222.1,AL929222.1
6385,AL929222.2,AL929222.2
6386,col1a1a,col1a1a
6387,ppp1r9ba,ppp1r9ba
6388,rapgefl1,rapgefl1
6389,CU459159.1,CU459159.1
6390,casc3,casc3
6391,msl1a,msl1a
6392,si:dkey-225f5.5,sidkey225f5.5
6393,nr1d1,nr1d1
6394,si:dkey-225f5.4,sidkey225f5.4
6395,igf2bp1,igf2bp1
6396,ube2z,ube2z
6397,atp5mc1,atp5mc1
6398,eve1,eve1
6399,hoxb13a,hoxb13a
6400,hoxb10a,hoxb10a
6401,mir196b,mir196b
6402,hoxb9a,hoxb9a
6403,BX927395.1,BX927395.1
6404,hoxb8a,hoxb8a
6405,hoxb7a,hoxb7a
6406,hoxb3a,hoxb3a
6407,CR751227.2,CR751227.2
6408,hoxb6a,hoxb6a
6409,hoxb5a,hoxb5a
6410,hoxb4a,hoxb4a
6411,dre-mir-10c,dre-mir-10c
6412,CR751227.1,CR751227.1
6413,hoxb2a,hoxb2a
6414,hoxb1a,hoxb1a
6415,CR751227.3,CR751227.3
6416,BX936342.1,BX936342.1
6417,BX936342.2,BX936342.2
6418,cbx1a,cbx1a
6419,nfe2l1a,nfe2l1a
6420,copz2,copz2
6421,dre-mir-152,dre-mir-152
6422,si:ch211-246i5.5,sich211246i5.5
6423,CR790362.1,CR790362.1
6424,CR812472.1,CR812472.1
6425,prr15la,prr15la
6426,atf4b,atf4b
6427,si:dkey-110g7.8,sidkey110g7.8
6428,adsl,adsl
6429,zgc:123244,zgc123244
6430,pdgfbb,pdgfbb
6431,pvalb6,pvalb6
6432,CR812472.2,CR812472.2
6433,csf2rb,csf2rb
6434,CR790377.1,CR790377.1
6435,baiap2l2a,baiap2l2a
6436,CR790377.2,CR790377.2
6437,cbx6b,cbx6b
6438,nptxra,nptxra
6439,dnal4a,dnal4a
6440,sp100.1,sp100.1
6441,sp100.2,sp100.2
6442,sp100.3,sp100.3
6443,si:dkey-68o6.5,sidkey68o6.5
6444,si:dkey-68o6.6,sidkey68o6.6
6445,zgc:171506,zgc171506
6446,si:dkey-68o6.8,sidkey68o6.8
6447,zgc:113411,zgc113411
6448,zmp:0000000912,zmp0000000912
6449,BX569789.1,BX569789.1
6450,slc25a17,slc25a17
6451,mrtfaa,mrtfaa
6452,BX569789.2,BX569789.2
6453,CABZ01050944.1,CABZ01050944.1
6454,desi1a,desi1a
6455,cbx7a,cbx7a
6456,ep300b,ep300b
6457,CR936416.1,CR936416.1
6458,xpnpep3,xpnpep3
6459,st13,st13
6460,rbx1,rbx1
6461,chadla,chadla
6462,napsa,napsa
6463,BX470254.1,BX470254.1
6464,mief1,mief1
6465,si:ch211-256m1.8,sich211256m1.8
6466,TST,TST
6467,il2rb,il2rb
6468,c1qtnf6a,c1qtnf6a
6469,mgat3a,mgat3a
6470,ddx5,ddx5
6471,smurf2,smurf2
6472,kpna2,kpna2
6473,bptf,bptf
6474,grb2b,grb2b
6475,mchr1b,mchr1b
6476,usp43b,usp43b
6477,BX571780.1,BX571780.1
6478,BX120006.3,BX120006.3
6479,ntn1b,ntn1b
6480,BX120006.2,BX120006.2
6481,BX120006.1,BX120006.1
6482,pik3r6b,pik3r6b
6483,FP101990.1,FP101990.1
6484,mfsd6l,mfsd6l
6485,zgc:171844,zgc171844
6486,tom1,tom1
6487,CU972512.1,CU972512.1
6488,FP101861.1,FP101861.1
6489,gcat,gcat
6490,mcm5,mcm5
6491,hmox1a,hmox1a
6492,foxred2,foxred2
6493,ankrd54,ankrd54
6494,hmgxb4a,hmgxb4a
6495,si:dkeyp-69e1.8,sidkeyp69e1.8
6496,atp2a1,atp2a1
6497,zgc:162612,zgc162612
6498,hsp70.1,hsp70.1
6499,hsp70.2,hsp70.2
6500,hsp70.3,hsp70.3
6501,rabep2,rabep2
6502,si:ch211-11k18.4,sich21111k18.4
6503,ypel3,ypel3
6504,gdpd3a,gdpd3a
6505,FP016144.1,FP016144.1
6506,mapk3,mapk3
6507,nudt9,nudt9
6508,ppp4ca,ppp4ca
6509,atad5a,atad5a
6510,adap2,adap2
6511,rhot1a,rhot1a
6512,si:ch211-156b7.5,sich211156b7.5
6513,C3H17orf75,C3H17orf75
6514,si:ch211-156b7.4,sich211156b7.4
6515,rps15a,rps15a
6516,xylt1,xylt1
6517,CR847568.1,CR847568.1
6518,tmc5,tmc5
6519,rab40c,rab40c
6520,pigq,pigq
6521,socs1a,socs1a
6522,clec16a,clec16a
6523,dexi,dexi
6524,ciita,ciita
6525,nubp1,nubp1
6526,emp2,emp2
6527,CR954963.1,CR954963.1
6528,atf7ip2,atf7ip2
6529,grin2aa,grin2aa
6530,CR954963.2,CR954963.2
6531,BX908803.1,BX908803.1
6532,BX908803.3,BX908803.3
6533,BX908803.2,BX908803.2
6534,BX000529.1,BX000529.1
6535,C3H16orf72,C3H16orf72
6536,usp7,usp7
6537,ptx4,ptx4
6538,si:ch211-157c3.4,sich211157c3.4
6539,clcn7,clcn7
6540,PDE6G,PDE6G
6541,arhgdig,arhgdig
6542,eci1,eci1
6543,dnase1,dnase1
6544,nat15,nat15
6545,carhsp1,carhsp1
6546,abat,abat
6547,mettl22,mettl22
6548,TMEM114,TMEM114
6549,rbfox1,rbfox1
6550,CR792426.1,CR792426.1
6551,sept12,sept12
6552,fbxl16,fbxl16
6553,CR792438.2,CR792438.2
6554,CR792438.1,CR792438.1
6555,gsg1l,gsg1l
6556,BX510989.1,BX510989.1
6557,si:ch211-76l23.4,sich21176l23.4
6558,flr,flr
6559,ENSDARG00000075345,ENSDARG00000075345
6560,BX510989.3,BX510989.3
6561,alg1,alg1
6562,eef2kmt,eef2kmt
6563,BX510989.2,BX510989.2
6564,lgals1l1,lgals1l1
6565,lgals2a,lgals2a
6566,cacna1ia,cacna1ia
6567,BX005369.1,BX005369.1
6568,BX005369.2,BX005369.2
6569,BX649558.1,BX649558.1
6570,grap2a,grap2a
6571,fam83fa,fam83fa
6572,cyth4a,cyth4a
6573,rac2,rac2
6574,BX571960.1,BX571960.1
6575,sstr3,sstr3
6576,eif3d,eif3d
6577,BX571960.2,BX571960.2
6578,sult3st1,sult3st1
6579,CT573429.1,CT573429.1
6580,si:ch73-233k15.2,sich73233k15.2
6581,CT573429.2,CT573429.2
6582,BX901883.4,BX901883.4
6583,cacng2a,cacng2a
6584,BX901883.6,BX901883.6
6585,BX901883.5,BX901883.5
6586,rpl3,rpl3
6587,BX901883.1,BX901883.1
6588,ENSDARG00000083950,ENSDARG00000083950
6589,slc25a39,slc25a39
6590,BX901883.7,BX901883.7
6591,rpl27,rpl27
6592,RUNDC1,RUNDC1
6593,grna,grna
6594,BX901883.3,BX901883.3
6595,ifi35,ifi35
6596,bcat2,bcat2
6597,hsd17b14,hsd17b14
6598,kcna7,kcna7
6599,CU914602.1,CU914602.1
6600,ppfia3,ppfia3
6601,nucb1,nucb1
6602,ccndx,ccndx
6603,tbc1d17,tbc1d17
6604,akt1s1,akt1s1
6605,zgc:195001,zgc195001
6606,emc10,emc10
6607,BX649540.1,BX649540.1
6608,mybpc2a,mybpc2a
6609,CR936968.1,CR936968.1
6610,CR936968.2,CR936968.2
6611,lrrc4ba,lrrc4ba
6612,med25,med25
6613,si:dkey-13n23.3,sidkey13n23.3
6614,syt3,syt3
6615,si:ch211-51c14.1,sich21151c14.1
6616,BX682556.3,BX682556.3
6617,BX682556.1,BX682556.1
6618,shank1,shank1
6619,BX682556.2,BX682556.2
6620,kmt5c,kmt5c
6621,ppp1caa,ppp1caa
6622,cldni,cldni
6623,coro1a,coro1a
6624,paqr4a,paqr4a
6625,prf1.9,prf1.9
6626,prf1.1,prf1.1
6627,si:dkeyp-71f10.5,sidkeyp71f10.5
6628,cox6a2,cox6a2
6629,armc5,armc5
6630,si:dkey-66i24.7,sidkey66i24.7
6631,elob,elob
6632,ELOB,ELOB
6633,elob-1,elob-1
6634,zgc:153292,zgc153292
6635,si:dkey-66i24.8,sidkey66i24.8
6636,si:dkey-66i24.9,sidkey66i24.9
6637,BX004999.1,BX004999.1
6638,arl6ip1,arl6ip1
6639,smg1,smg1
6640,clec19a,clec19a
6641,syt17,syt17
6642,apnl,apnl
6643,LO017965.1,LO017965.1
6644,c1ql3b,c1ql3b
6645,ccdc43,ccdc43
6646,moto,moto
6647,fzd2,fzd2
6648,CU062431.1,CU062431.1
6649,mylk5,mylk5
6650,ccdc47,ccdc47
6651,dcaf7,dcaf7
6652,kcnh6a,kcnh6a
6653,BX324157.1,BX324157.1
6654,gfap,gfap
6655,map3k3,map3k3
6656,limd2,limd2
6657,BX324157.2,BX324157.2
6658,zp3e,zp3e
6659,ddx42,ddx42
6660,strada,strada
6661,rnf113a,rnf113a
6662,snrnp70,snrnp70
6663,lin7b,lin7b
6664,zgc:193811,zgc193811
6665,kcnc3a,kcnc3a
6666,BX511080.1,BX511080.1
6667,baxb,baxb
6668,aldh16a1,aldh16a1
6669,fthl27,fthl27
6670,fthl28,fthl28
6671,fthl30,fthl30
6672,fthl31,fthl31
6673,fthl29,fthl29
6674,fthl31-1,fthl31-1
6675,BX511021.1,BX511021.1
6676,fthl27-1,fthl27-1
6677,syt5a,syt5a
6678,tnnt1,tnnt1
6679,pih1d1,pih1d1
6680,BX511021.2,BX511021.2
6681,BX511021.3,BX511021.3
6682,BX511021.4,BX511021.4
6683,cpt1cb,cpt1cb
6684,si:dkey-16p21.7,sidkey16p21.7
6685,si:dkey-16p21.8,sidkey16p21.8
6686,prl,prl
6687,prmt1,prmt1
6688,ap2a1,ap2a1
6689,si:ch211-195b15.8,sich211195b15.8
6690,rras,rras
6691,prrg2,prrg2
6692,prr12b,prr12b
6693,si:ch211-195b15.7,sich211195b15.7
6694,CR936975.1,CR936975.1
6695,scaf1,scaf1
6696,trpm4a,trpm4a
6697,si:ch73-367p23.2,sich73367p23.2
6698,nosip,nosip
6699,rcn3,rcn3
6700,pax10,pax10
6701,FP236454.2,FP236454.2
6702,FP236454.1,FP236454.1
6703,si:ch73-248e21.1,sich73248e21.1
6704,tspan4b,tspan4b
6705,unc119.2,unc119.2
6706,si:ch73-248e21.7,sich73248e21.7
6707,CU459155.1,CU459155.1
6708,si:ch73-248e21.5,sich73248e21.5
6709,mmp25a,mmp25a
6710,srrm2,srrm2
6711,thoc6,thoc6
6712,si:dkey-16l2.16,sidkey16l2.16
6713,rnf25,rnf25
6714,kat8,kat8
6715,si:dkey-16l2.17,sidkey16l2.17
6716,fus,fus
6717,setd1a,setd1a
6718,hsd3b7,hsd3b7
6719,tbc1d10b,tbc1d10b
6720,mylpfa,mylpfa
6721,zgc:153733,zgc153733
6722,cd2bp2,cd2bp2
6723,prr14,prr14
6724,si:dkey-16l2.20,sidkey16l2.20
6725,zgc:162613,zgc162613
6726,zgc:113090,zgc113090
6727,kat7a,kat7a
6728,g6pcb,g6pcb
6729,aoc2,aoc2
6730,nbr1b,nbr1b
6731,casp6b.1,casp6b.1
6732,casp6a,casp6a
6733,casp6b.2,casp6b.2
6734,CT583642.2,CT583642.2
6735,CT583642.1,CT583642.1
6736,CR392003.1,CR392003.1
6737,rarab,rarab
6738,CABZ01012957.1,CABZ01012957.1
6739,hspb9,hspb9
6740,pyya,pyya
6741,CABZ01012959.1,CABZ01012959.1
6742,mpp2a,mpp2a
6743,CABZ01012962.1,CABZ01012962.1
6744,si:dkey-283b1.6,sidkey283b1.6
6745,abi3a,abi3a
6746,CR396582.1,CR396582.1
6747,ccdc103,ccdc103
6748,rpl23,rpl23
6749,CR396582.3,CR396582.3
6750,si:dkey-283b1.7,sidkey283b1.7
6751,gtpbp1,gtpbp1
6752,CR396582.2,CR396582.2
6753,sgsm3,sgsm3
6754,ELFN2,ELFN2
6755,CU695077.1,CU695077.1
6756,nacc1a,nacc1a
6757,ier2a,ier2a
6758,cacna1aa,cacna1aa
6759,alkbh7,alkbh7
6760,gtf2f1,gtf2f1
6761,BX510335.1,BX510335.1
6762,ighd,ighd
6763,ighv1-4,ighv1-4
6764,ighj2-5,ighj2-5
6765,ighj2-4,ighj2-4
6766,ighj2-3,ighj2-3
6767,ighj2-2,ighj2-2
6768,ighj2-1,ighj2-1
6769,BX510335.5,BX510335.5
6770,BX510335.6,BX510335.6
6771,BX510335.3,BX510335.3
6772,BX510335.4,BX510335.4
6773,BX510335.2,BX510335.2
6774,ighz,ighz
6775,ighj1-2,ighj1-2
6776,ighj1-1,ighj1-1
6777,BX649502.12,BX649502.12
6778,BX649502.13,BX649502.13
6779,si:dkey-204f11.51,sidkey204f11.51
6780,ighv1-4-1,ighv1-4-1
6781,BX649502.7,BX649502.7
6782,ighv14-1,ighv14-1
6783,ighv1-3,ighv1-3
6784,ighv2-3,ighv2-3
6785,ighv13-2,ighv13-2
6786,ighv11-2,ighv11-2
6787,BX649502.8,BX649502.8
6788,ighv9-4,ighv9-4
6789,BX649502.2,BX649502.2
6790,ighv9-3,ighv9-3
6791,ighv8-4,ighv8-4
6792,BX649502.6,BX649502.6
6793,BX649502.4,BX649502.4
6794,ighv3-2,ighv3-2
6795,ighv11-1,ighv11-1
6796,ighv1-2,ighv1-2
6797,ighv2-2,ighv2-2
6798,BX649502.10,BX649502.10
6799,ighv1-1,ighv1-1
6800,ighv2-1,ighv2-1
6801,BX649502.5,BX649502.5
6802,ighv9-2,ighv9-2
6803,ighv10-1,ighv10-1
6804,ighv9-1,ighv9-1
6805,ighv8-3,ighv8-3
6806,ighv8-2,ighv8-2
6807,ighv6-2,ighv6-2
6808,ighv8-1,ighv8-1
6809,ighv7-1,ighv7-1
6810,BX649502.3,BX649502.3
6811,ighv5-8,ighv5-8
6812,ighv4-3,ighv4-3
6813,ighv4-9,ighv4-9
6814,BX649502.11,BX649502.11
6815,ighv4-8,ighv4-8
6816,ighv5-5,ighv5-5
6817,ighv4-7,ighv4-7
6818,si:dkey-204f11.13,sidkey204f11.13
6819,ighv4-6,ighv4-6
6820,ighv5-4,ighv5-4
6821,ighv6-1,ighv6-1
6822,ighv4-5,ighv4-5
6823,ighv5-3,ighv5-3
6824,ighv5-2,ighv5-2
6825,BX649502.9,BX649502.9
6826,ighv5-1,ighv5-1
6827,ighv4-3-1,ighv4-3-1
6828,si:dkey-204f11.3,sidkey204f11.3
6829,ighv4-2,ighv4-2
6830,ighv4-1,ighv4-1
6831,aldh3b1,aldh3b1
6832,clpp,clpp
6833,si:dkey-204f11.64,sidkey204f11.64
6834,carm1,carm1
6835,BX649502.1,BX649502.1
6836,yipf2,yipf2
6837,timm29,timm29
6838,dre-mir-181c,dre-mir-181c
6839,slc25a23b,slc25a23b
6840,znf207a,znf207a
6841,tnrc6c1,tnrc6c1
6842,BX470190.1,BX470190.1
6843,sept9a,sept9a
6844,si:ch211-165d12.4,sich211165d12.4
6845,nmrk1,nmrk1
6846,zgc:163143,zgc163143
6847,tac4,tac4
6848,znfl1,znfl1
6849,dlx4a,dlx4a
6850,dusp3b,dusp3b
6851,thraa,thraa
6852,nsfa,nsfa
6853,AL590145.1,AL590145.1
6854,psmd11a,psmd11a
6855,cdk5r1a,cdk5r1a
6856,itga3a,itga3a
6857,BX890565.1,BX890565.1
6858,ca10b,ca10b
6859,BX890590.1,BX890590.1
6860,smarce1,smarce1
6861,prkcbb,prkcbb
6862,cacng3b,cacng3b
6863,rbbp6,rbbp6
6864,tnrc6a,tnrc6a
6865,ndufab1b,ndufab1b
6866,rpusd1,rpusd1
6867,dctn5,dctn5
6868,gng13b,gng13b
6869,traf7,traf7
6870,caskin1,caskin1
6871,BX572621.1,BX572621.1
6872,crlf3,crlf3
6873,suz12a,suz12a
6874,dre-mir-193a-1,dre-mir-193a-1
6875,dre-mir-365-2,dre-mir-365-2
6876,rab11fip4a,rab11fip4a
6877,coil,coil
6878,scpep1,scpep1
6879,engase,engase
6880,SLC16A3,SLC16A3
6881,BX897685.1,BX897685.1
6882,csnk1da,csnk1da
6883,dus1l,dus1l
6884,gps1,gps1
6885,rac3a,rac3a
6886,prkar1aa,prkar1aa
6887,zgc:86896,zgc86896
6888,wipi1,wipi1
6889,slc16a6b,slc16a6b
6890,gna13b,gna13b
6891,rgs9a,rgs9a
6892,cog1,cog1
6893,SMIM22,SMIM22
6894,rogdi,rogdi
6895,glyr1,glyr1
6896,ppl,ppl
6897,si:dkeyp-72e1.9,sidkeyp72e1.9
6898,rrn3,rrn3
6899,si:dkeyp-72e1.6,sidkeyp72e1.6
6900,si:dkeyp-72e1.7,sidkeyp72e1.7
6901,pdxdc1,pdxdc1
6902,gspt1l,gspt1l
6903,myh11b,myh11b
6904,nde1,nde1
6905,abcc1,abcc1
6906,abcc6b.1,abcc6b.1
6907,FO744883.1,FO744883.1
6908,abcc6b.2,abcc6b.2
6909,ramp2,ramp2
6910,ezh1,ezh1
6911,AL929523.1,AL929523.1
6912,cntnap1,cntnap1
6913,CT573704.1,CT573704.1
6914,PLEKHH3,PLEKHH3
6915,tubg1,tubg1
6916,CT573704.2,CT573704.2
6917,retreg3,retreg3
6918,psmc3ip,psmc3ip
6919,mlx,mlx
6920,fmnl1a,fmnl1a
6921,SRCIN1,SRCIN1
6922,arf2a,arf2a
6923,wnt9b,wnt9b
6924,BX640549.1,BX640549.1
6925,gosr2,gosr2
6926,gpatch8,gpatch8
6927,map3k14a,map3k14a
6928,si:dkey-260c8.6,sidkey260c8.6
6929,baxa,baxa
6930,baxa-1,baxa-1
6931,rps11,rps11
6932,CR388062.3,CR388062.3
6933,CR388062.2,CR388062.2
6934,CR388062.1,CR388062.1
6935,CR388062.4,CR388062.4
6936,si:dkey-260c8.8,sidkey260c8.8
6937,asic2,asic2
6938,BX936420.1,BX936420.1
6939,si:dkey-7f16.3,sidkey7f16.3
6940,mpp3a,mpp3a
6941,si:ch211-198m17.1,sich211198m17.1
6942,znf281a,znf281a
6943,kcnj19a,kcnj19a
6944,si:dkey-106c17.2-1,sidkey106c17.2-1
6945,tmem98,tmem98
6946,svilc,svilc
6947,cdk21,cdk21
6948,retsat,retsat
6949,CR392006.1,CR392006.1
6950,RETSAT,RETSAT
6951,si:ch211-232p21.6,sich211232p21.6
6952,nmt1a,nmt1a
6953,BX936386.1,BX936386.1
6954,plcd3a,plcd3a
6955,arhgap23a,arhgap23a
6956,CU464118.1,CU464118.1
6957,zgc:100868,zgc100868
6958,zgc:165423,zgc165423
6959,BX537342.1,BX537342.1
6960,aldoaa,aldoaa
6961,cln3,cln3
6962,prpsap2,prpsap2
6963,si:dkey-27o4.1,sidkey27o4.1
6964,BX640398.1,BX640398.1
6965,grapa,grapa
6966,BX322795.1,BX322795.1
6967,epn2,epn2
6968,b9d1,b9d1
6969,cacna1ha,cacna1ha
6970,BX649356.1,BX649356.1
6971,BX649356.2,BX649356.2
6972,BX649356.3,BX649356.3
6973,ccdc97,ccdc97
6974,llgl1,llgl1
6975,myo15aa,myo15aa
6976,BX649547.1,BX649547.1
6977,drg2,drg2
6978,gfer,gfer
6979,syngr3a,syngr3a
6980,znf598,znf598
6981,flii,flii
6982,top3a,top3a
6983,smcr8a,smcr8a
6984,shmt1,shmt1
6985,pdap1b,pdap1b
6986,bud31,bud31
6987,cpsf4,cpsf4
6988,AL928657.2,AL928657.2
6989,atp5mf,atp5mf
6990,slc29a4,slc29a4
6991,AL928657.1,AL928657.1
6992,tnrc18,tnrc18
6993,actb2,actb2
6994,fscn1a,fscn1a
6995,rnf216,rnf216
6996,BX649559.2,BX649559.2
6997,uts2r5,uts2r5
6998,smurf1,smurf1
6999,BX649559.1,BX649559.1
7000,arpc1a,arpc1a
7001,arpc1b,arpc1b
7002,wipi2,wipi2
7003,mmd2a,mmd2a
7004,ap5z1,ap5z1
7005,foxk1,foxk1
7006,cyp3c4,cyp3c4
7007,cyp3c3,cyp3c3
7008,cyp3c3-1,cyp3c3-1
7009,cyp3c1,cyp3c1
7010,sdk1a,sdk1a
7011,CR769786.1,CR769786.1
7012,BX537310.2,BX537310.2
7013,BX537310.1,BX537310.1
7014,si:ch211-222n22.1,sich211222n22.1
7015,card11,card11
7016,BX324110.1,BX324110.1
7017,gna12a,gna12a
7018,eif3ba,eif3ba
7019,chst12a,chst12a
7020,grifin,grifin
7021,lfng,lfng
7022,ttyh3a,ttyh3a
7023,snx8a,snx8a
7024,nudt1,nudt1
7025,mrm2,mrm2
7026,zgc:194207,zgc194207
7027,BX005183.1,BX005183.1
7028,BX005183.2,BX005183.2
7029,BX005183.4,BX005183.4
7030,BX005183.3,BX005183.3
7031,BX537305.1,BX537305.1
7032,CABZ01079183.1,CABZ01079183.1
7033,BX908797.1,BX908797.1
7034,psmg3,psmg3
7035,tmem184a,tmem184a
7036,mafk,mafk
7037,ints1,ints1
7038,si:dkey-43p13.5,sidkey43p13.5
7039,micall2a,micall2a
7040,snn,snn
7041,uncx,uncx
7042,zfand2a,zfand2a
7043,galr2b,galr2b
7044,axin1,axin1
7045,CU138533.2,CU138533.2
7046,CU138533.1,CU138533.1
7047,dre-mir-193b,dre-mir-193b
7048,dre-mir-365-1,dre-mir-365-1
7049,zgc:92162,zgc92162
7050,zc3h7a,zc3h7a
7051,litaf,litaf
7052,rmi2,rmi2
7053,mslna,mslna
7054,BX682557.2,BX682557.2
7055,BX682557.1,BX682557.1
7056,ubfd1,ubfd1
7057,BX571715.1,BX571715.1
7058,il4r.2,il4r.2
7059,il4r.1,il4r.1
7060,nsmce1,nsmce1
7061,kdm8,kdm8
7062,hs3st4,hs3st4
7063,CR385066.1,CR385066.1
7064,hs3st2,hs3st2
7065,usp31,usp31
7066,kctd5a,kctd5a
7067,pdpk1a,pdpk1a
7068,il21r.2,il21r.2
7069,il21r.1,il21r.1
7070,ube2ia,ube2ia
7071,baiap3,baiap3
7072,CR392042.1,CR392042.1
7073,dre-mir-2195,dre-mir-2195
7074,gpr146,gpr146
7075,gper1,gper1
7076,h3f3b.1,h3f3b.1
7077,unkl,unkl
7078,si:ch211-66h3.4,sich21166h3.4
7079,BX323991.1,BX323991.1
7080,igfals,igfals
7081,shisa9b,shisa9b
7082,CR450782.1,CR450782.1
7083,mrtfbb,mrtfbb
7084,snrnp25,snrnp25
7085,polr3k,polr3k
7086,cdip1,cdip1
7087,sc:d0202,scd0202
7088,si:ch211-66e2.3,sich21166e2.3
7089,si:ch211-66e2.5,sich21166e2.5
7090,tyk2,tyk2
7091,raver1,raver1
7092,pde4a,pde4a
7093,si:dkey-248g21.1,sidkey248g21.1
7094,CR385086.1,CR385086.1
7095,prkcsh,prkcsh
7096,elavl3,elavl3
7097,CR392045.1,CR392045.1
7098,qtrt1,qtrt1
7099,dnm2a,dnm2a
7100,dre-mir-199-3,dre-mir-199-3
7101,tmed1a,tmed1a
7102,tnfsf14,tnfsf14
7103,tnfsf18,tnfsf18
7104,ppap2d,ppap2d
7105,AL928740.1,AL928740.1
7106,adgrl1a,adgrl1a
7107,LO018532.1,LO018532.1
7108,si:ch211-207b24.4,sich211207b24.4
7109,fn3krp,fn3krp
7110,tbcd,tbcd
7111,znf750,znf750
7112,BX537276.1,BX537276.1
7113,metrnla,metrnla
7114,atp5pd,atp5pd
7115,slc16a5b,slc16a5b
7116,ndel1b,ndel1b
7117,ARHGAP44,ARHGAP44
7118,hs3st3b1a,hs3st3b1a
7119,BX769173.3,BX769173.3
7120,BX769173.1,BX769173.1
7121,BX769173.2,BX769173.2
7122,zgc:163083,zgc163083
7123,zgc:92161,zgc92161
7124,zgc:112146,zgc112146
7125,BX784040.1,BX784040.1
7126,zgc:123284,zgc123284
7127,trim35-12,trim35-12
7128,gipc1,gipc1
7129,BX649515.1,BX649515.1
7130,dnajb1a,dnajb1a
7131,si:ch73-167f10.1,sich73167f10.1
7132,tecra,tecra
7133,samd1a,samd1a
7134,prkacaa,prkacaa
7135,asf1ba,asf1ba
7136,crb3a,crb3a
7137,CR847534.1,CR847534.1
7138,zgc:153426,zgc153426
7139,CR394535.1,CR394535.1
7140,gcgra,gcgra
7141,CR847514.1,CR847514.1
7142,si:ch1073-100f3.2,sich1073100f3.2
7143,mrpl12,mrpl12
7144,zgc:103625,zgc103625
7145,hgs,hgs
7146,cldnk,cldnk
7147,btr02,btr02
7148,si:dkey-120c6.5,sidkey120c6.5
7149,rsad1,rsad1
7150,epn3a,epn3a
7151,rasd2,rasd2
7152,arl16,arl16
7153,gas7a,gas7a
7154,rcvrna,rcvrna
7155,BX649397.1,BX649397.1
7156,gsg1l2a,gsg1l2a
7157,CR812464.1,CR812464.1
7158,pmp22a,pmp22a
7159,cdc42ep4a,cdc42ep4a
7160,sdk2a,sdk2a
7161,CR854839.1,CR854839.1
7162,BX005299.1,BX005299.1
7163,ttyh2l,ttyh2l
7164,chmp6a,chmp6a
7165,baiap2a,baiap2a
7166,aatka,aatka
7167,dre-mir-338-3,dre-mir-338-3
7168,BX908776.1,BX908776.1
7169,FUT9,FUT9
7170,FUT9-1,FUT9-1
7171,adgre14,adgre14
7172,BX897682.1,BX897682.1
7173,BX511132.2,BX511132.2
7174,BX511132.1,BX511132.1
7175,si:ch211-191c10.1,sich211191c10.1
7176,adgre5a,adgre5a
7177,si:ch211-191c10.3,sich211191c10.3
7178,si:ch211-241f5.3,sich211241f5.3
7179,ptger1c,ptger1c
7180,slc27a1a,slc27a1a
7181,trim35-13,trim35-13
7182,BX511096.1,BX511096.1
7183,si:dkey-210j14.3,sidkey210j14.3
7184,zgc:113210,zgc113210
7185,si:dkey-210j14.4,sidkey210j14.4
7186,si:dkey-210j14.5,sidkey210j14.5
7187,pgls,pgls
7188,colgalt1,colgalt1
7189,gmip,gmip
7190,lmx1al,lmx1al
7191,CT573476.2,CT573476.2
7192,CT573476.1,CT573476.1
7193,atp13a1,atp13a1
7194,dsn1,dsn1
7195,pbx4,pbx4
7196,lpar2a,lpar2a
7197,AL954361.1,AL954361.1
7198,brd4,brd4
7199,pet100,pet100
7200,stxbp2,stxbp2
7201,xab2,xab2
7202,camsap3,camsap3
7203,nr5a5,nr5a5
7204,soul5,soul5
7205,shfl,shfl
7206,zmp:0000001048,zmp0000001048
7207,notch3,notch3
7208,rdh8a,rdh8a
7209,BX004869.1,BX004869.1
7210,col5a3a,col5a3a
7211,olfm2a,olfm2a
7212,CU633748.1,CU633748.1
7213,trip10a,trip10a
7214,si:ch73-208g10.1,sich73208g10.1
7215,angptl6,angptl6
7216,ppan,ppan
7217,p2ry11,p2ry11
7218,eif3g,eif3g
7219,dnmt1,dnmt1
7220,s1pr2,s1pr2
7221,icam3,icam3
7222,si:ch211-74m13.1,sich21174m13.1
7223,sc:d0202-1,scd02021
7224,ubald1b,ubald1b
7225,mgrn1b,mgrn1b
7226,aanat2,aanat2
7227,rhbdf1a,rhbdf1a
7228,mpg,mpg
7229,nprl3,nprl3
7230,hbba2,hbba2
7231,hbaa2,hbaa2
7232,hbba1,hbba1
7233,hbaa1,hbaa1
7234,hbba1-1,hbba1-1
7235,si:ch211-5k11.8,sich2115k11.8
7236,hbbe1.1,hbbe1.1
7237,hbae1.1,hbae1.1
7238,hbbe1.2,hbbe1.2
7239,hbae1.3,hbae1.3
7240,hbbe1.3,hbbe1.3
7241,hbae1.3-1,hbae1.3-1
7242,hbae3,hbae3
7243,kank2,kank2
7244,dock6,dock6
7245,si:dkey-114l24.2,sidkey114l24.2
7246,CT583658.1,CT583658.1
7247,mafga,mafga
7248,ern1,ern1
7249,si:dkey-188h10.3,sidkey188h10.3
7250,CR392029.1,CR392029.1
7251,tex2,tex2
7252,axin2,axin2
7253,cep112,cep112
7254,FP326652.1,FP326652.1
7255,prkcab,prkcab
7256,FQ311920.1,FQ311920.1
7257,cacng5b,cacng5b
7258,cyth1a,cyth1a
7259,CU855917.1,CU855917.1
7260,si:ch211-189a21.1,sich211189a21.1
7261,SMIM10,SMIM10
7262,rac1b,rac1b
7263,stk19,stk19
7264,CU019632.1,CU019632.1
7265,CR759836.1,CR759836.1
7266,rnf213a,rnf213a
7267,zgc:112148,zgc112148
7268,amn,amn
7269,ush1ga,ush1ga
7270,otop2,otop2
7271,hid1a,hid1a
7272,bahcc1a,bahcc1a
7273,fscn2a,fscn2a
7274,ENSDARG00000109643,ENSDARG00000109643
7275,socs3a,socs3a
7276,cyth1a-1,cyth1a-1
7277,usp36,usp36
7278,timp2b,timp2b
7279,CT573423.1,CT573423.1
7280,lgals3bpa,lgals3bpa
7281,zgc:112492,zgc112492
7282,lgals3bpb,lgals3bpb
7283,cant1a,cant1a
7284,syngr2a,syngr2a
7285,tmc6a,tmc6a
7286,si:ch73-362i18.1,sich73362i18.1
7287,CU571328.1,CU571328.1
7288,cenpx,cenpx
7289,notum1a,notum1a
7290,myadml2,myadml2
7291,pycr1a,pycr1a
7292,si:ch211-256e16.10,sich211256e16.10
7293,CT583687.2,CT583687.2
7294,si:ch211-256e16.8,sich211256e16.8
7295,si:ch211-256e16.7,sich211256e16.7
7296,si:ch211-256e16.6,sich211256e16.6
7297,CT583687.1,CT583687.1
7298,si:ch211-256e16.4,sich211256e16.4
7299,si:ch211-256e16.3,sich211256e16.3
7300,snu13a,snu13a
7301,uqcrc2a,uqcrc2a
7302,si:ch211-256e16.11,sich211256e16.11
7303,si:ch211-256e16.11-1,sich211256e16.11-1
7304,CABZ01038493.1,CABZ01038493.1
7305,im:6904045,im6904045
7306,CABZ01038494.1,CABZ01038494.1
7307,AL772300.2,AL772300.2
7308,vwa3a,vwa3a
7309,sdr42e2,sdr42e2
7310,cdr2a,cdr2a
7311,zgc:171489,zgc171489
7312,AL772300.1,AL772300.1
7313,si:ch211-165g14.1,sich211165g14.1
7314,unm-sa1261,unm-sa1261
7315,CABZ01038521.1,CABZ01038521.1
7316,CABZ01038524.1,CABZ01038524.1
7317,FP016018.2,FP016018.2
7318,dhrs7ca,dhrs7ca
7319,FP016018.3,FP016018.3
7320,CU571382.1,CU571382.1
7321,FP016018.4,FP016018.4
7322,FP016018.1,FP016018.1
7323,CU571382.3,CU571382.3
7324,CU571382.4,CU571382.4
7325,CU571382.2,CU571382.2
7326,CU571382.5,CU571382.5
7327,CU570691.1,CU570691.1
7328,si:ch73-281f12.4,sich73281f12.4
7329,luc7l3,luc7l3
7330,CU570684.1,CU570684.1
7331,igl1c3,igl1c3
7332,CABZ01044154.1,CABZ01044154.1
7333,CABZ01044156.1,CABZ01044156.1
7334,rasd4,rasd4
7335,prpsap1,prpsap1
7336,MGAT5B,MGAT5B
7337,CABZ01053748.1,CABZ01053748.1
7338,sec14l1,sec14l1
7339,nptx1l,nptx1l
7340,pecam1,pecam1
7341,CU693479.1,CU693479.1
7342,mcrip1,mcrip1
7343,alyref,alyref
7344,arhgdia,arhgdia
7345,cdr2l,cdr2l
7346,recql5,recql5
7347,si:ch211-110e21.3,sich211110e21.3
7348,zgc:174268,zgc174268
7349,zgc:113030,zgc113030
7350,si:ch211-110e21.4,sich211110e21.4
7351,si:ch211-120g10.1,sich211120g10.1
7352,si:ch73-364h19.1,sich73364h19.1
7353,xylt2,xylt2
7354,si:ch211-214b16.3,sich211214b16.3
7355,si:ch211-214b16.2,sich211214b16.2
7356,si:ch211-214b16.4,sich211214b16.4
7357,AL954150.1,AL954150.1
7358,si:ch73-366l1.5,sich73366l1.5
7359,jmjd6,jmjd6
7360,mettl23,mettl23
7361,srsf2b,srsf2b
7362,mfsd11,mfsd11
7363,CABZ01068050.1,CABZ01068050.1
7364,ubald2,ubald2
7365,foxj1a,foxj1a
7366,tsen54,tsen54
7367,anks4b,anks4b
7368,CABZ01087514.1,CABZ01087514.1
7369,DXO,DXO
7370,PITPNC1,PITPNC1
7371,helz,helz
7372,cacng1b,cacng1b
7373,cacng4b,cacng4b
7374,aimp2,aimp2
7375,pvalb8,pvalb8
7376,pvalb4,pvalb4
7377,CR352263.1,CR352263.1
7378,pvalb1,pvalb1
7379,pvalb5,pvalb5
7380,lmtk2,lmtk2
7381,tecpr1b,tecpr1b
7382,si:dkey-111k8.5,sidkey111k8.5
7383,znf1134,znf1134
7384,si:dkey-111k8.3,sidkey111k8.3
7385,znf1028,znf1028
7386,si:dkey-111k8.2,sidkey111k8.2
7387,znf1143,znf1143
7388,bri3,bri3
7389,baiap2l1b,baiap2l1b
7390,FP340292.1,FP340292.1
7391,znf1004-1,znf1004-1
7392,zgc:113295,zgc113295
7393,zgc:113295-1,zgc1132951
7394,nptx2a,nptx2a
7395,fam20ca,fam20ca
7396,rai1,rai1
7397,srebf1,srebf1
7398,TOM1L2,TOM1L2
7399,drc3,drc3
7400,GID4,GID4
7401,noxo1a,noxo1a
7402,tbl3,tbl3
7403,sco1,sco1
7404,znf1024,znf1024
7405,BX470259.2,BX470259.2
7406,BX470259.3,BX470259.3
7407,zgc:174624,zgc174624
7408,zgc:173575,zgc173575
7409,znf1124-1,znf1124-1
7410,zgc:173575-1,zgc1735751
7411,BX470259.1,BX470259.1
7412,iqck,iqck
7413,gprc5ba,gprc5ba
7414,proza,proza
7415,sox8b,sox8b
7416,sstr2b,sstr2b
7417,FP017215.1,FP017215.1
7418,sox9b,sox9b
7419,CZQB01141835.1,CZQB01141835.1
7420,MARF1,MARF1
7421,BMERB1,BMERB1
7422,mbd5,mbd5
7423,sowahcb,sowahcb
7424,crygm4,crygm4
7425,SMARCA4,SMARCA4
7426,ldlrb,ldlrb
7427,ap1m2,ap1m2
7428,cdkn2d,cdkn2d
7429,si:zfos-323e3.4,sizfos323e3.4
7430,keap1b,keap1b
7431,s1pr5b,s1pr5b
7432,fdx2,fdx2
7433,zglp1,zglp1
7434,CABZ01066694.1,CABZ01066694.1
7435,tab1,tab1
7436,mgat3b,mgat3b
7437,c1qtnf6b,c1qtnf6b
7438,CABZ01084575.1,CABZ01084575.1
7439,rps19bp1,rps19bp1
7440,atf4a,atf4a
7441,rbfox2,rbfox2
7442,pde6ha,pde6ha
7443,si:zfos-169g10.3,sizfos169g10.3
7444,si:zfos-169g10.2,sizfos169g10.2
7445,cyth4b,cyth4b
7446,fam83fb,fam83fb
7447,grap2b,grap2b
7448,LO017974.1,LO017974.1
7449,cacna1ib,cacna1ib
7450,zgc:92360,zgc92360
7451,uts2r4,uts2r4
7452,lgals2b,lgals2b
7453,kynu,kynu
7454,CABZ01057381.1,CABZ01057381.1
7455,zeb2b,zeb2b
7456,txnrd3,txnrd3
7457,CABZ01063034.1,CABZ01063034.1
7458,CU855799.2,CU855799.2
7459,CU855799.1,CU855799.1
7460,ENSDARG00000114823,ENSDARG00000114823
7461,chchd6b,chchd6b
7462,tpra1,tpra1
7463,trim107,trim107
7464,zgc:123305,zgc123305
7465,acvr2ab,acvr2ab
7466,orc4,orc4
7467,zgc:158417,zgc158417
7468,zgc:113442,zgc113442
7469,ntan1,ntan1
7470,myl9b,myl9b
7471,FO834857.1,FO834857.1
7472,dlgap4b,dlgap4b
7473,quo,quo
7474,tgm2b,tgm2b
7475,vstm2l,vstm2l
7476,tgm5l,tgm5l
7477,pxmp4,pxmp4
7478,acvr1bb,acvr1bb
7479,prkag1,prkag1
7480,CU638693.3,CU638693.3
7481,CU638693.2,CU638693.2
7482,CU638693.1,CU638693.1
7483,pbx1b,pbx1b
7484,med8,med8
7485,CABZ01056637.1,CABZ01056637.1
7486,LO017858.1,LO017858.1
7487,LO018168.1,LO018168.1
7488,hyi,hyi
7489,ptprfa,ptprfa
7490,BX255959.1,BX255959.1
7491,kdm4aa,kdm4aa
7492,st3gal3a,st3gal3a
7493,artna,artna
7494,rad54l,rad54l
7495,si:ch1073-342h5.2,sich1073342h5.2
7496,uqcrh,uqcrh
7497,faah,faah
7498,dmbx1b,dmbx1b
7499,col28a2b,col28a2b
7500,klhl41b,klhl41b
7501,ppig,ppig
7502,phospho2,phospho2
7503,ssb,ssb
7504,ENSDARG00000005846,ENSDARG00000005846
7505,erich2,erich2
7506,gad1b,gad1b
7507,gorasp2,gorasp2
7508,tlk1b,tlk1b
7509,dync1i2b,dync1i2b
7510,slc25a12,slc25a12
7511,unc50,unc50
7512,CU914157.1,CU914157.1
7513,sema5bb,sema5bb
7514,trim25l,trim25l
7515,trak2,trak2
7516,STRADB,STRADB
7517,nbeal1,nbeal1
7518,rbm26,rbm26
7519,CU693471.1,CU693471.1
7520,CABZ01046895.1,CABZ01046895.1
7521,pou4f1,pou4f1
7522,BX276187.1,BX276187.1
7523,pcdh9,pcdh9
7524,CU074421.2,CU074421.2
7525,CU074421.1,CU074421.1
7526,BX950865.1,BX950865.1
7527,CU570897.1,CU570897.1
7528,BX324134.3,BX324134.3
7529,BX324134.1,BX324134.1
7530,BX324134.4,BX324134.4
7531,BX324134.2,BX324134.2
7532,rtn4a,rtn4a
7533,rps27a,rps27a
7534,mtif2,mtif2
7535,ccdc88aa,ccdc88aa
7536,AL772382.1,AL772382.1
7537,si:ch211-194e18.2,sich211194e18.2
7538,cep170ab,cep170ab
7539,bcl11ab,bcl11ab
7540,zgc:113227,zgc113227
7541,si:dkey-261j15.2,sidkey261j15.2
7542,ccdc85al,ccdc85al
7543,sec23b,sec23b
7544,si:ch211-85n16.3,sich21185n16.3
7545,dtd1,dtd1
7546,RIN2,RIN2
7547,RAPGEF4,RAPGEF4
7548,AL929341.1,AL929341.1
7549,zak,zak
7550,tuba8l4,tuba8l4
7551,si:ch211-114n24.6,sich211114n24.6
7552,CU659670.1,CU659670.1
7553,bin1b,bin1b
7554,ihhb,ihhb
7555,nhej1,nhej1
7556,atg3,atg3
7557,GPR161,GPR161
7558,hs6st3a,hs6st3a
7559,CU856176.1,CU856176.1
7560,si:ch211-181l5.2,sich211181l5.2
7561,dzip1,dzip1
7562,si:busm1-52i16.2,sibusm152i16.2
7563,cldn10a,cldn10a
7564,BX663606.1,BX663606.1
7565,abcc4,abcc4
7566,sox21a,sox21a
7567,ccdc65,ccdc65
7568,fkbp11,fkbp11
7569,AL953886.2,AL953886.2
7570,arf3b,arf3b
7571,AL953886.1,AL953886.1
7572,erbb3a,erbb3a
7573,pa2g4a,pa2g4a
7574,myh10,myh10
7575,ubn2a,ubn2a
7576,ttc26,ttc26
7577,rpsa,rpsa
7578,ENSDARG00000081943,ENSDARG00000081943
7579,CR925711.3,CR925711.3
7580,CR925711.2,CR925711.2
7581,slc25a38b,slc25a38b
7582,myh9a,myh9a
7583,plppr2b,plppr2b
7584,palm3,palm3
7585,si:ch211-207j7.2,sich211207j7.2
7586,klf1,klf1
7587,nfil3-3,nfil3-3
7588,nfil3-5,nfil3-5
7589,rgl3a,rgl3a
7590,ccdc151,ccdc151
7591,slc44a2,slc44a2
7592,gcdha,gcdha
7593,si:ch211-276a17.5,sich211276a17.5
7594,acp5a,acp5a
7595,ilf3a,ilf3a
7596,ptger1a,ptger1a
7597,si:dkey-217d24.6,sidkey217d24.6
7598,rasal3,rasal3
7599,CR388009.1,CR388009.1
7600,pglyrp2,pglyrp2
7601,myh11a,myh11a
7602,fopnl,fopnl
7603,ube2g2,ube2g2
7604,tspeara,tspeara
7605,usp40,usp40
7606,CU571254.1,CU571254.1
7607,nabp1b,nabp1b
7608,CR954285.2,CR954285.2
7609,cavin2b,cavin2b
7610,tmeff2b,tmeff2b
7611,CR954285.1,CR954285.1
7612,CU179717.1,CU179717.1
7613,vps16,vps16
7614,rgn,rgn
7615,zgc:64065,zgc64065
7616,zgc:64065-1,zgc640651
7617,zgc:112023,zgc112023
7618,si:ch211-207l14.1,sich211207l14.1
7619,sft2d2b,sft2d2b
7620,tbx19,tbx19
7621,iqcb1,iqcb1
7622,pimr70,pimr70
7623,iqcb1-1,iqcb1-1
7624,ccdc14,ccdc14
7625,kalrnb,kalrnb
7626,pimr71,pimr71
7627,si:ch211-113j14.1,sich211113j14.1
7628,BX927387.1,BX927387.1
7629,map3k2,map3k2
7630,cyp27c1,cyp27c1
7631,ercc3,ercc3
7632,wdr12,wdr12
7633,tcf23,tcf23
7634,nop58,nop58
7635,BX927225.2,BX927225.2
7636,BX927225.3,BX927225.3
7637,ENSDARG00000080938,ENSDARG00000080938
7638,sumo1,sumo1
7639,fzd7b,fzd7b
7640,cdk15,cdk15
7641,als2b,als2b
7642,mpp4l,mpp4l
7643,CU570787.1,CU570787.1
7644,pimr74,pimr74
7645,tmem237b,tmem237b
7646,pimr73,pimr73
7647,zp2l2,zp2l2
7648,cyp20a1,cyp20a1
7649,abi2b,abi2b
7650,itm2ba,itm2ba
7651,nudt15,nudt15
7652,sucla2,sucla2
7653,htr2ab,htr2ab
7654,BX511272.1,BX511272.1
7655,atp7b,atp7b
7656,b3galt1a,b3galt1a
7657,xirp2a,xirp2a
7658,scn1lab,scn1lab
7659,cobll1a,cobll1a
7660,kcnh7,kcnh7
7661,BX005368.1,BX005368.1
7662,dnah9l,dnah9l
7663,BX936397.1,BX936397.1
7664,si:dkey-34m19.3,sidkey34m19.3
7665,sp3b,sp3b
7666,BX936397.2,BX936397.2
7667,ola1,ola1
7668,gpr155b,gpr155b
7669,wipf1b,wipf1b
7670,chrna1,chrna1
7671,atp5mc3b,atp5mc3b
7672,lnpk,lnpk
7673,dre-mir-10d,dre-mir-10d
7674,mtx2,mtx2
7675,nfe2l2b,nfe2l2b
7676,si:dkey-3d18.5,sidkey3d18.5
7677,cycsb,cycsb
7678,ccr7,ccr7
7679,notum2,notum2
7680,coq7,coq7
7681,BX548046.1,BX548046.1
7682,BX548046.3,BX548046.3
7683,abcc6a,abcc6a
7684,BX548046.4,BX548046.4
7685,sumo3a,sumo3a
7686,BX548046.2,BX548046.2
7687,pttg1ipa,pttg1ipa
7688,myo10l1,myo10l1
7689,BX539326.1,BX539326.1
7690,atg9a,atg9a
7691,pcnt,pcnt
7692,zgc:112416,zgc112416
7693,senp2,senp2
7694,pjvk,pjvk
7695,col5a2b,col5a2b
7696,gulp1b,gulp1b
7697,calcrlb,calcrlb
7698,si:ch211-162i14.1,sich211162i14.1
7699,zswim2,zswim2
7700,march7,march7
7701,march7-1,march7-1
7702,AL929243.2,AL929243.2
7703,march7-2,march7-2
7704,AL929243.1,AL929243.1
7705,baz2ba,baz2ba
7706,wdsub1,wdsub1
7707,tanc1a,tanc1a
7708,pkp4,pkp4
7709,si:dkey-276j7.1,sidkey276j7.1
7710,si:dkey-276j7.2,sidkey276j7.2
7711,si:dkey-276j7.3,sidkey276j7.3
7712,gpd2,gpd2
7713,CR376780.1,CR376780.1
7714,nr4a2b,nr4a2b
7715,stk24b,stk24b
7716,slc15a1b,slc15a1b
7717,dock9b,dock9b
7718,bmpr2a,bmpr2a
7719,fam117ba,fam117ba
7720,ical1,ical1
7721,CU639412.1,CU639412.1
7722,cxcr4a,cxcr4a
7723,mcm6,mcm6
7724,si:ch73-71c20.5,sich7371c20.5
7725,tmbim1a,tmbim1a
7726,pnkd,pnkd
7727,catip,catip
7728,casp8,casp8
7729,l3hypdh,l3hypdh
7730,casp20,casp20
7731,dytn,dytn
7732,adam23a,adam23a
7733,eef1b2,eef1b2
7734,CT009620.1,CT009620.1
7735,ndufs1,ndufs1
7736,ino80db,ino80db
7737,kcnj3b,kcnj3b
7738,rprmb,rprmb
7739,arl6ip6,arl6ip6
7740,fmnl2b,fmnl2b
7741,mylkb,mylkb
7742,gmppab,gmppab
7743,asic4b,asic4b
7744,chpfb,chpfb
7745,wnt6a,wnt6a
7746,CU929360.2,CU929360.2
7747,cdk5r2a,cdk5r2a
7748,CU929360.1,CU929360.1
7749,tmem198b,tmem198b
7750,cryba2a,cryba2a
7751,dre-mir-375-1,dre-mir-375-1
7752,desmb,desmb
7753,dnpep,dnpep
7754,ptprnb,ptprnb
7755,dre-mir-153b,dre-mir-153b
7756,GCA,GCA
7757,etv5b,etv5b
7758,cacnb4b,cacnb4b
7759,inpp4ab,inpp4ab
7760,tmem182b,tmem182b
7761,CR407585.1,CR407585.1
7762,pou3f3b,pou3f3b
7763,mrps9,mrps9
7764,tgfbrap1,tgfbrap1
7765,fhl2b,fhl2b
7766,dph3,dph3
7767,nck2b,nck2b
7768,si:ch73-23l24.1,sich7323l24.1
7769,ecrg4b,ecrg4b
7770,CU468896.1,CU468896.1
7771,tmtops2a,tmtops2a
7772,st6gal2b,st6gal2b
7773,lrrfip1b,lrrfip1b
7774,CR956630.1,CR956630.1
7775,mlpha,mlpha
7776,trim63a,trim63a
7777,ackr3b,ackr3b
7778,iqca1,iqca1
7779,CR759882.1,CR759882.1
7780,pimr198,pimr198
7781,CR847983.1,CR847983.1
7782,CR847983.2,CR847983.2
7783,gbx2,gbx2
7784,agap1,agap1
7785,CR854926.1,CR854926.1
7786,faimb,faimb
7787,ccdc80l1,ccdc80l1
7788,slc19a2,slc19a2
7789,zgc:161969,zgc161969
7790,psmb3,psmb3
7791,si:ch73-193c12.2,sich73193c12.2
7792,unc80,unc80
7793,nomo,nomo
7794,CR762392.1,CR762392.1
7795,pimr44,pimr44
7796,pimr12,pimr12
7797,CR762392.2,CR762392.2
7798,pimr40,pimr40
7799,pimr6,pimr6
7800,BX664705.2,BX664705.2
7801,BX664705.1,BX664705.1
7802,pimr41,pimr41
7803,pimr21,pimr21
7804,BX664705.3,BX664705.3
7805,pimr42,pimr42
7806,pimr28,pimr28
7807,BX649628.3,BX649628.3
7808,pimr30,pimr30
7809,pimr13,pimr13
7810,BX649628.2,BX649628.2
7811,pimr29,pimr29
7812,pimr8,pimr8
7813,BX649628.4,BX649628.4
7814,BX649628.1,BX649628.1
7815,pimr45,pimr45
7816,BX511311.5,BX511311.5
7817,pimr16,pimr16
7818,BX511311.4,BX511311.4
7819,BX511311.1,BX511311.1
7820,pimr17,pimr17
7821,pimr5,pimr5
7822,BX511311.7,BX511311.7
7823,BX511311.3,BX511311.3
7824,pimr19,pimr19
7825,pimr4,pimr4
7826,BX511311.10,BX511311.10
7827,pimr3,pimr3
7828,BX511311.8,BX511311.8
7829,pimr11,pimr11
7830,BX511311.9,BX511311.9
7831,pimr18,pimr18
7832,pimr15,pimr15
7833,BX511311.6,BX511311.6
7834,BX511311.2,BX511311.2
7835,CABZ01041996.1,CABZ01041996.1
7836,BX470083.3,BX470083.3
7837,BX470083.5,BX470083.5
7838,BX470083.2,BX470083.2
7839,BX470083.4,BX470083.4
7840,BX470083.1,BX470083.1
7841,CR391990.1,CR391990.1
7842,rptor,rptor
7843,CR376861.1,CR376861.1
7844,CR388029.1,CR388029.1
7845,SEC14L1,SEC14L1
7846,si:dkey-237i9.8,sidkey237i9.8
7847,ppp1r27b,ppp1r27b
7848,p4hb,p4hb
7849,anapc11,anapc11
7850,ccdc40,ccdc40
7851,BX005286.1,BX005286.1
7852,BX005286.3,BX005286.3
7853,CR854963.1,CR854963.1
7854,card14,card14
7855,cbx8b,cbx8b
7856,si:dkey-31g6.6,sidkey31g6.6
7857,dgke,dgke
7858,trim25,trim25
7859,rab11fip4b,rab11fip4b
7860,si:dkey-31g6.4,sidkey31g6.4
7861,dre-mir-365-3,dre-mir-365-3
7862,dre-mir-193a-2,dre-mir-193a-2
7863,si:dkey-10p5.10,sidkey10p5.10
7864,utp6,utp6
7865,suz12b,suz12b
7866,atad5b,atad5b
7867,tefm,tefm
7868,rhot1b,rhot1b
7869,cd7al,cd7al
7870,znf207b,znf207b
7871,rhbdl3,rhbdl3
7872,tnrc6c2,tnrc6c2
7873,sept9b,sept9b
7874,CR925723.4,CR925723.4
7875,si:rp71-81e14.2,sirp7181e14.2
7876,CR925723.2,CR925723.2
7877,CR925723.1,CR925723.1
7878,CR925723.3,CR925723.3
7879,si:ch211-188c18.1,sich211188c18.1
7880,zgc:174863,zgc174863
7881,jpt1a,jpt1a
7882,sumo2a,sumo2a
7883,gga3a,gga3a
7884,mif4gda,mif4gda
7885,grb2a,grb2a
7886,mchr1a,mchr1a
7887,CR387927.3,CR387927.3
7888,usp43a,usp43a
7889,cfap52,cfap52
7890,stx8,stx8
7891,CU929170.1,CU929170.1
7892,ntn1a,ntn1a
7893,pik3r5,pik3r5
7894,BX537296.1,BX537296.1
7895,BX537296.3,BX537296.3
7896,BX537296.4,BX537296.4
7897,BX537296.2,BX537296.2
7898,BX537296.5,BX537296.5
7899,BX927341.6,BX927341.6
7900,BX927341.1,BX927341.1
7901,BX927341.3,BX927341.3
7902,BX927341.2,BX927341.2
7903,BX927341.5,BX927341.5
7904,BX927341.4,BX927341.4
7905,slc19a1,slc19a1
7906,LO018113.1,LO018113.1
7907,col18a1b,col18a1b
7908,tns1a,tns1a
7909,igfbp5a,igfbp5a
7910,igfbp2a,igfbp2a
7911,stk11ip,stk11ip
7912,cx44.2,cx44.2
7913,si:dkey-91f15.1,sidkey91f15.1
7914,inha,inha
7915,spega,spega
7916,obsl1a,obsl1a
7917,cidec,cidec
7918,prkcaa,prkcaa
7919,cacng5a,cacng5a
7920,cacng1a,cacng1a
7921,cacng4a,cacng4a
7922,psmd12,psmd12
7923,micall1a,micall1a
7924,si:dkey-43k4.3,sidkey43k4.3
7925,ppp1r12c,ppp1r12c
7926,si:dkey-43k4.5,sidkey43k4.5
7927,rhebl1,rhebl1
7928,mtmr14,mtmr14
7929,lhfpl4a,lhfpl4a
7930,setd5,setd5
7931,BX005430.1,BX005430.1
7932,si:dkey-19e4.5,sidkey19e4.5
7933,plxnb1b,plxnb1b
7934,thumpd3,thumpd3
7935,si:dkey-156n14.3,sidkey156n14.3
7936,cfap100,cfap100
7937,aldh1l1,aldh1l1
7938,DDX17,DDX17
7939,gga1,gga1
7940,CR626864.1,CR626864.1
7941,rae1,rae1
7942,uqcrc1,uqcrc1
7943,nprl2,nprl2
7944,BX537277.3,BX537277.3
7945,BX537277.2,BX537277.2
7946,BX537277.1,BX537277.1
7947,cygb2,cygb2
7948,zmp:0000000634,zmp0000000634
7949,nol11,nol11
7950,polg2,polg2
7951,srp68,srp68
7952,evpla,evpla
7953,ten1,ten1
7954,acox1,acox1
7955,CR376761.1,CR376761.1
7956,aanat1,aanat1
7957,CU062632.1,CU062632.1
7958,pik3r6a,pik3r6a
7959,glulb,glulb
7960,znf648,znf648
7961,sec16b,sec16b
7962,gadd45ab,gadd45ab
7963,GNG12,GNG12
7964,dr1,dr1
7965,RDH8,RDH8
7966,scinla,scinla
7967,si:ch73-389b16.1,sich73389b16.1
7968,si:ch73-389b16.2,sich73389b16.2
7969,BX927081.1,BX927081.1
7970,BX927081.3,BX927081.3
7971,si:dkeyp-85h7.1,sidkeyp85h7.1
7972,ephx4,ephx4
7973,brdt,brdt
7974,tgfbr3,tgfbr3
7975,znf644b,znf644b
7976,BX004768.1,BX004768.1
7977,BX004768.2,BX004768.2
7978,barhl2,barhl2
7979,BX005463.1,BX005463.1
7980,si:dkey-238n5.3,sidkey238n5.3
7981,znf326,znf326
7982,lrrc8db,lrrc8db
7983,CR790380.1,CR790380.1
7984,lrrc8c,lrrc8c
7985,KYAT3,KYAT3
7986,kyat3,kyat3
7987,si:ch211-180m24.3,sich211180m24.3
7988,PKN2,PKN2
7989,BX950874.1,BX950874.1
7990,BX248113.1,BX248113.1
7991,lmo4b,lmo4b
7992,hs2st1b,hs2st1b
7993,CU929312.1,CU929312.1
7994,dzip1l,dzip1l
7995,sox14,sox14
7996,BX465208.1,BX465208.1
7997,BX005459.1,BX005459.1
7998,hdlbpa,hdlbpa
7999,farp2,farp2
8000,stk25a,stk25a
8001,boka,boka
8002,atg4b,atg4b
8003,dtymk,dtymk
8004,CU467043.1,CU467043.1
8005,agxta,agxta
8006,zgc:103559,zgc103559
8007,kif1aa,kif1aa
8008,scly,scly
8009,espnla,espnla
8010,klhl30,klhl30
8011,crocc2,crocc2
8012,sned1,sned1
8013,ryk,ryk
8014,BX890558.1,BX890558.1
8015,slco2a1,slco2a1
8016,rab6ba,rab6ba
8017,AL935299.1,AL935299.1
8018,im:7152348,im7152348
8019,cep63,cep63
8020,BX914220.1,BX914220.1
8021,amotl2a,amotl2a
8022,sap130a,sap130a
8023,MYO7B,MYO7B
8024,si:ch73-194h10.3,sich73194h10.3
8025,gpr17,gpr17
8026,inpp5d,inpp5d
8027,smx5,smx5
8028,LSM2,LSM2
8029,bcl6aa,bcl6aa
8030,FP101882.1,FP101882.1
8031,lpp,lpp
8032,si:busm1-105l16.2,sibusm1105l16.2
8033,tprg1,tprg1
8034,tp63,tp63
8035,tbc1d23,tbc1d23
8036,tomm70a,tomm70a
8037,glmnb,glmnb
8038,gfi1ab,gfi1ab
8039,evi5b,evi5b
8040,rpl5b,rpl5b
8041,ENSDARG00000082607,ENSDARG00000082607
8042,BX571699.2,BX571699.2
8043,dipk1ab,dipk1ab
8044,zbtb11,zbtb11
8045,dpt,dpt
8046,atp1b1a,atp1b1a
8047,nme7,nme7
8048,zgc:172121,zgc172121
8049,bivm,bivm
8050,si:ch211-201h21.5,sich211201h21.5
8051,tmem131,tmem131
8052,AL928701.1,AL928701.1
8053,actl6a,actl6a
8054,mrpl47,mrpl47
8055,ndufb5,ndufb5
8056,usp13,usp13
8057,AL954637.1,AL954637.1
8058,pex5la,pex5la
8059,pde6d,pde6d
8060,phb2b,phb2b
8061,ptmaa,ptmaa
8062,CR847898.1,CR847898.1
8063,CR847898.4,CR847898.4
8064,CR847898.3,CR847898.3
8065,CR847898.2,CR847898.2
8066,dlg1,dlg1
8067,meltf,meltf
8068,lrrc40,lrrc40
8069,lrrc7,lrrc7
8070,FP236850.2,FP236850.2
8071,FP236850.1,FP236850.1
8072,shroom2a,shroom2a
8073,FP236735.1,FP236735.1
8074,zgc:153311,zgc153311
8075,wwc3,wwc3
8076,lurap1,lurap1
8077,ttc22,ttc22
8078,ttc4,ttc4
8079,pars2,pars2
8080,wdr78,wdr78
8081,insl5a,insl5a
8082,sgip1a,sgip1a
8083,CT574590.1,CT574590.1
8084,pde4ba,pde4ba
8085,CR847887.1,CR847887.1
8086,lepr,lepr
8087,dnajc6,dnajc6
8088,ak4,ak4
8089,dre-mir-101a,dre-mir-101a
8090,jak1,jak1
8091,raver2,raver2
8092,cachd1,cachd1
8093,BX005054.1,BX005054.1
8094,ror1,ror1
8095,si:dkey-209n16.2,sidkey209n16.2
8096,pgm1,pgm1
8097,efcab7,efcab7
8098,si:dkey-148h10.5,sidkey148h10.5
8099,alg6,alg6
8100,foxd3,foxd3
8101,BX664614.1,BX664614.1
8102,AL627258.1,AL627258.1
8103,atg4c,atg4c
8104,BX936431.1,BX936431.1
8105,dock7,dock7
8106,angptl3,angptl3
8107,usp1,usp1
8108,kank4,kank4
8109,CU570976.1,CU570976.1
8110,LO017955.1,LO017955.1
8111,LO017955.2,LO017955.2
8112,mafaa,mafaa
8113,zc3h3,zc3h3
8114,cyldl,cyldl
8115,ghrhrb,ghrhrb
8116,adcyap1r1a,adcyap1r1a
8117,si:dkey-170g13.2,sidkey170g13.2
8118,pomgnt1,pomgnt1
8119,tspan1,tspan1
8120,CR933860.1,CR933860.1
8121,pik3r3b,pik3r3b
8122,mast2,mast2
8123,CR855206.1,CR855206.1
8124,CR855206.3,CR855206.3
8125,CR855206.2,CR855206.2
8126,tmem69,tmem69
8127,gpbp1l1,gpbp1l1
8128,ccdc17,ccdc17
8129,nasp,nasp
8130,akr1a1b,akr1a1b
8131,prpf38a,prpf38a
8132,orc1,orc1
8133,mpl,mpl
8134,tie1,tie1
8135,si:ch73-185c24.2,sich73185c24.2
8136,ap1m3,ap1m3
8137,fam183a,fam183a
8138,dmrt2b,dmrt2b
8139,CR848703.1,CR848703.1
8140,CR385041.2,CR385041.2
8141,lrp8,lrp8
8142,CR385041.1,CR385041.1
8143,mier1a,mier1a
8144,slc35d1a,slc35d1a
8145,il23r,il23r
8146,il12rb2,il12rb2
8147,serbp1a,serbp1a
8148,hsd17b7,hsd17b7
8149,ddr2a,ddr2a
8150,uap1,uap1
8151,uhmk1,uhmk1
8152,nos1apa,nos1apa
8153,nos1apa-1,nos1apa-1
8154,rgs4,rgs4
8155,CR385065.1,CR385065.1
8156,rgs5a,rgs5a
8157,rgs16,rgs16
8158,rgs8,rgs8
8159,brinp3a.1,brinp3a.1
8160,FP236809.1,FP236809.1
8161,CU137680.2,CU137680.2
8162,CU137680.1,CU137680.1
8163,BX537110.1,BX537110.1
8164,brinp3a.2,brinp3a.2
8165,BX936433.1,BX936433.1
8166,BX936433.2,BX936433.2
8167,rhcgl1,rhcgl1
8168,lrrc15,lrrc15
8169,BX950188.1,BX950188.1
8170,BX950188.3,BX950188.3
8171,BX950188.2,BX950188.2
8172,her6,her6
8173,opa1,opa1
8174,CT033823.1,CT033823.1
8175,CT033823.3,CT033823.3
8176,CT033823.2,CT033823.2
8177,si:ch73-29l19.1,sich7329l19.1
8178,tmem45a,tmem45a
8179,sft2d2a,sft2d2a
8180,chd1l,chd1l
8181,traf3ip2l,traf3ip2l
8182,negr1,negr1
8183,BX950870.1,BX950870.1
8184,BX908753.1,BX908753.1
8185,zranb2,zranb2
8186,ptger3,ptger3
8187,BX324166.1,BX324166.1
8188,cthl,cthl
8189,cth,cth
8190,nit2,nit2
8191,BX324166.2,BX324166.2
8192,gtpbp6,gtpbp6
8193,BX324166.3,BX324166.3
8194,si:dkey-66a8.7,sidkey66a8.7
8195,plcxd1,plcxd1
8196,BX323016.1,BX323016.1
8197,jade3,jade3
8198,rp2,rp2
8199,slc9a7,slc9a7
8200,chst7,chst7
8201,BX322552.1,BX322552.1
8202,tubgcp5,tubgcp5
8203,cyfip1,cyfip1
8204,nipa2,nipa2
8205,nipa1,nipa1
8206,herc2,herc2
8207,oca2,oca2
8208,AL935047.1,AL935047.1
8209,CR407584.1,CR407584.1
8210,gabra5,gabra5
8211,CR405707.1,CR405707.1
8212,gabrb3,gabrb3
8213,CR628341.3,CR628341.3
8214,CR628341.2,CR628341.2
8215,atp10a,atp10a
8216,CR628341.1,CR628341.1
8217,ube3a,ube3a
8218,cnga3a,cnga3a
8219,stk35l,stk35l
8220,bin2b,bin2b
8221,slc48a1b,slc48a1b
8222,hdac7b,hdac7b
8223,vdrb,vdrb
8224,tns2b,tns2b
8225,eif4bb,eif4bb
8226,prss60.1,prss60.1
8227,prss60.2,prss60.2
8228,prss60.3,prss60.3
8229,gpr84,gpr84
8230,stat2,stat2
8231,apof,apof
8232,tac3b,tac3b
8233,c1galt1b,c1galt1b
8234,os9,os9
8235,b4galnt1b,b4galnt1b
8236,arhgef25b,arhgef25b
8237,ankrd33ab,ankrd33ab
8238,si:dkey-195m11.11,sidkey195m11.11
8239,krt4,krt4
8240,zgc:158846,zgc158846
8241,krt18b,krt18b
8242,si:dkey-195m11.8,sidkey195m11.8
8243,scn8ab,scn8ab
8244,CR388364.1,CR388364.1
8245,mettl7a,mettl7a
8246,si:ch211-173n18.3,sich211173n18.3
8247,atf1,atf1
8248,mettl7a-1,mettl7a-1
8249,CU467856.1,CU467856.1
8250,dip2bb,dip2bb
8251,CU467856.3,CU467856.3
8252,atf7b,atf7b
8253,larp4ab,larp4ab
8254,pfdn5,pfdn5
8255,AL954698.2,AL954698.2
8256,espl1,espl1
8257,AL954698.1,AL954698.1
8258,itgb7,itgb7
8259,pfkmb,pfkmb
8260,c1ql4b,c1ql4b
8261,smarcc2,smarcc2
8262,myl6,myl6
8263,tsfm,tsfm
8264,endou,endou
8265,sumf1,sumf1
8266,itpr1a,itpr1a
8267,pfkfb4b,pfkfb4b
8268,si:dkey-197j19.6,sidkey197j19.6
8269,si:dkey-197j19.5,sidkey197j19.5
8270,CU467879.1,CU467879.1
8271,uroc1,uroc1
8272,chchd4b,chchd4b
8273,sec61a1,sec61a1
8274,ip6k2b,ip6k2b
8275,BX936415.1,BX936415.1
8276,col7a1,col7a1
8277,ttll3,ttll3
8278,slc4a8,slc4a8
8279,BX936393.1,BX936393.1
8280,si:dkey-28n18.9,sidkey28n18.9
8281,ccdc174,ccdc174
8282,ghrl,ghrl
8283,tatdn2,tatdn2
8284,BX936393.2,BX936393.2
8285,vhl,vhl
8286,crbn,crbn
8287,zgc:152986,zgc152986
8288,CU463231.2,CU463231.2
8289,fgd5b,fgd5b
8290,prkcda,prkcda
8291,CU463231.1,CU463231.1
8292,ddi2,ddi2
8293,si:ch73-15b2.5,sich7315b2.5
8294,tomm6,tomm6
8295,uqcc2,uqcc2
8296,tspo,tspo
8297,frs3,frs3
8298,CU855953.1,CU855953.1
8299,slc6a11a,slc6a11a
8300,ppil1,ppil1
8301,dre-mir-429b,dre-mir-429b
8302,dre-mir-141,dre-mir-141
8303,dre-mir-200c,dre-mir-200c
8304,eno1b,eno1b
8305,CR450814.2,CR450814.2
8306,rereb,rereb
8307,si:ch211-157b11.14,sich211157b11.14
8308,si:ch211-157b11.12,sich211157b11.12
8309,ccdc36,ccdc36
8310,kbtbd12,kbtbd12
8311,slc26a6l,slc26a6l
8312,p4htm,p4htm
8313,arpc4,arpc4
8314,myhb,myhb
8315,h1-10,h1-10
8316,si:ch211-157b11.8,sich211157b11.8
8317,gata2b,gata2b
8318,CR450814.1,CR450814.1
8319,eefsec,eefsec
8320,ruvbl1,ruvbl1
8321,mustn1a,mustn1a
8322,rft1,rft1
8323,zgc:112163,zgc112163
8324,sirt4,sirt4
8325,zgc:172271,zgc172271
8326,sfi1,sfi1
8327,eif4enif1,eif4enif1
8328,CR293534.1,CR293534.1
8329,patz1,patz1
8330,slc2a11a,slc2a11a
8331,tgfa,tgfa
8332,hdhd3,hdhd3
8333,trub2,trub2
8334,entpd8,entpd8
8335,rab44,rab44
8336,srsf3a,srsf3a
8337,srsf3a-1,srsf3a-1
8338,AL732567.1,AL732567.1
8339,fkbp5,fkbp5
8340,slc6a22.1,slc6a22.1
8341,slc6a22.2,slc6a22.2
8342,opn1mw1,opn1mw1
8343,opn1mw2,opn1mw2
8344,opn1mw3,opn1mw3
8345,AL732567.2,AL732567.2
8346,opn1mw4,opn1mw4
8347,synpr,synpr
8348,cadpsb,cadpsb
8349,cplane2,cplane2
8350,wdr82,wdr82
8351,dre-let-7j,dre-let-7j
8352,twf2a,twf2a
8353,cish,cish
8354,hemk1,hemk1
8355,srgap3,srgap3
8356,rad18,rad18
8357,BX324202.1,BX324202.1
8358,oxtr,oxtr
8359,cav3,cav3
8360,BX664752.1,BX664752.1
8361,gpr61l,gpr61l
8362,parp3,parp3
8363,grm2a,grm2a
8364,tex264a,tex264a
8365,CU694444.1,CU694444.1
8366,fancd2,fancd2
8367,gpx1b,gpx1b
8368,usp4,usp4
8369,emc3,emc3
8370,sec61a1l,sec61a1l
8371,BX957236.1,BX957236.1
8372,ip6k2a,ip6k2a
8373,mst1ra,mst1ra
8374,camkva,camkva
8375,BX005129.2,BX005129.2
8376,BX005129.4,BX005129.4
8377,BX005129.5,BX005129.5
8378,BX005129.3,BX005129.3
8379,BX005129.1,BX005129.1
8380,rbm6,rbm6
8381,si:ch211-207d10.2,sich211207d10.2
8382,sema3fa,sema3fa
8383,gnat1,gnat1
8384,edem1,edem1
8385,arl8ba,arl8ba
8386,tnfrsf18,tnfrsf18
8387,si:ch73-361p23.3,sich73361p23.3
8388,tcta,tcta
8389,glyctk,glyctk
8390,lrrn1,lrrn1
8391,si:dkey-178o16.4,sidkey178o16.4
8392,frmd4ba,frmd4ba
8393,trnt1,trnt1
8394,arl6ip5a,arl6ip5a
8395,CU062633.1,CU062633.1
8396,BX927362.1,BX927362.1
8397,BX927362.2,BX927362.2
8398,mitfa,mitfa
8399,eevs,eevs
8400,zgc:113054,zgc113054
8401,MDFIC2,MDFIC2
8402,BX957311.1,BX957311.1
8403,foxp1b,foxp1b
8404,gpr27,gpr27
8405,prok2,prok2
8406,BX546459.1,BX546459.1
8407,rybpb,rybpb
8408,shq1,shq1
8409,BX119974.1,BX119974.1
8410,gxylt2,gxylt2
8411,ppp4r2b,ppp4r2b
8412,pdzrn3b,pdzrn3b
8413,BX000434.1,BX000434.1
8414,cntn3b,cntn3b
8415,chl1b,chl1b
8416,BX942846.1,BX942846.1
8417,LO017951.1,LO017951.1
8418,CABZ01009812.1,CABZ01009812.1
8419,cntn4,cntn4
8420,LO018004.1,LO018004.1
8421,rbm19,rbm19
8422,epha2a,epha2a
8423,h6pd,h6pd
8424,rbp7b,rbp7b
8425,cenps,cenps
8426,tardbp,tardbp
8427,ca16b,ca16b
8428,BX663614.1,BX663614.1
8429,BX005101.1,BX005101.1
8430,BX005101.2,BX005101.2
8431,ENSDARG00000026086,ENSDARG00000026086
8432,CU041346.1,CU041346.1
8433,si:dkeyp-67f1.1,sidkeyp67f1.1
8434,ENSDARG00000091625,ENSDARG00000091625
8435,FAM107A,FAM107A
8436,camk1a,camk1a
8437,pbrm1l,pbrm1l
8438,stau1,stau1
8439,rdh20,rdh20
8440,si:dkey-7k24.5,sidkey7k24.5
8441,kcnb1,kcnb1
8442,ptgis,ptgis
8443,oxtrl,oxtrl
8444,tespa1,tespa1
8445,tarbp2,tarbp2
8446,zgc:66479,zgc66479
8447,igfn1.2,igfn1.2
8448,CU639408.1,CU639408.1
8449,igfn1.4,igfn1.4
8450,igfn1.3,igfn1.3
8451,CU634018.1,CU634018.1
8452,igfn1.1,igfn1.1
8453,grm4,grm4
8454,CABZ01055240.1,CABZ01055240.1
8455,CABZ01055225.1,CABZ01055225.1
8456,si:ch211-286o17.1,sich211286o17.1
8457,dre-mir-29b-1,dre-mir-29b-1
8458,im:7151449,im7151449
8459,magi3b,magi3b
8460,AL929512.1,AL929512.1
8461,lrig2,lrig2
8462,padi2,padi2
8463,RAP1GAP,RAP1GAP
8464,CU694362.1,CU694362.1
8465,CR788236.1,CR788236.1
8466,si:dkey-92f12.2,sidkey92f12.2
8467,slc2a1b,slc2a1b
8468,phc2b,phc2b
8469,cttnbp2nla,cttnbp2nla
8470,wnt2ba,wnt2ba
8471,st7l,st7l
8472,capza1a,capza1a
8473,mov10a,mov10a
8474,CU469362.1,CU469362.1
8475,rhoca,rhoca
8476,ppm1j,ppm1j
8477,CU137649.2,CU137649.2
8478,CU137649.1,CU137649.1
8479,ENSDARG00000079446,ENSDARG00000079446
8480,si:dkeyp-6a3.1,sidkeyp6a3.1
8481,slc16a1a,slc16a1a
8482,sycp1,sycp1
8483,si:ch211-105j21.9,sich211105j21.9
8484,slc5a8l,slc5a8l
8485,tshba,tshba
8486,slc25a55a,slc25a55a
8487,tspan2a,tspan2a
8488,BX005150.1,BX005150.1
8489,ngfb,ngfb
8490,si:dkey-183k8.2,sidkey183k8.2
8491,BX569793.1,BX569793.1
8492,kcna2a,kcna2a
8493,rplp2,rplp2
8494,rps26l,rps26l
8495,FO704848.1,FO704848.1
8496,ppp4r1l,ppp4r1l
8497,rab22a,rab22a
8498,vapb,vapb
8499,BX323459.2,BX323459.2
8500,BX323459.1,BX323459.1
8501,apcdd1l,apcdd1l
8502,stx16,stx16
8503,npepl1,npepl1
8504,si:dkey-249d8.1,sidkey249d8.1
8505,ctsz,ctsz
8506,nelfcd,nelfcd
8507,gnas,gnas
8508,BX927257.1,BX927257.1
8509,tubb1,tubb1
8510,atp5f1e,atp5f1e
8511,chmp4ba,chmp4ba
8512,BX629346.2,BX629346.2
8513,BX629346.1,BX629346.1
8514,ahcy,ahcy
8515,asip1,asip1
8516,eif2s2,eif2s2
8517,raly,raly
8518,BX629346.3,BX629346.3
8519,CU928043.1,CU928043.1
8520,cyc1,cyc1
8521,ergic3,ergic3
8522,romo1,romo1
8523,mych,mych
8524,mtss1,mtss1
8525,osgn1,osgn1
8526,pigu,pigu
8527,BX530017.2,BX530017.2
8528,BX530017.1,BX530017.1
8529,ptprt,ptprt
8530,ptprt-1,ptprt-1
8531,CR548633.1,CR548633.1
8532,si:dkey-6e2.2,sidkey6e2.2
8533,rbl1,rbl1
8534,chd6,chd6
8535,ripor3,ripor3
8536,blcap,blcap
8537,tmem74b,tmem74b
8538,psmf1,psmf1
8539,rspo4,rspo4
8540,angpt4,angpt4
8541,abraa,abraa
8542,rims4,rims4
8543,ywhaba,ywhaba
8544,tomm34,tomm34
8545,cox6c,cox6c
8546,zc3h10,zc3h10
8547,esyt1b,esyt1b
8548,AL929108.1,AL929108.1
8549,eif6,eif6
8550,si:ch211-239j9.1,sich211239j9.1
8551,mmp24,mmp24
8552,fam83c,fam83c
8553,uqcc1,uqcc1
8554,gdf5,gdf5
8555,sdc4,sdc4
8556,oser1,oser1
8557,AL954861.1,AL954861.1
8558,AL954861.2,AL954861.2
8559,rbpjl,rbpjl
8560,matn4,matn4
8561,BX957318.1,BX957318.1
8562,or134-1,or134-1
8563,si:dkeyp-3f10.17,sidkeyp3f10.17
8564,si:dkeyp-3f10.16,sidkeyp3f10.16
8565,or137-3,or137-3
8566,or137-8,or137-8
8567,or137-4,or137-4
8568,or137-9,or137-9
8569,BX649282.1,BX649282.1
8570,BX649282.3,BX649282.3
8571,or137-7,or137-7
8572,or137-6,or137-6
8573,si:dkeyp-3f10.14,sidkeyp3f10.14
8574,or137-1,or137-1
8575,BX649282.5,BX649282.5
8576,or137-2,or137-2
8577,si:dkeyp-3f10.11,sidkeyp3f10.11
8578,si:dkeyp-3f10.12,sidkeyp3f10.12
8579,BX649282.2,BX649282.2
8580,or136-1,or136-1
8581,uba7,uba7
8582,BX649282.4,BX649282.4
8583,inka1b,inka1b
8584,gnai2b,gnai2b
8585,slc38a3b,slc38a3b
8586,rbm5,rbm5
8587,cysltr3,cysltr3
8588,gnb1b,gnb1b
8589,ENSDARG00000100263,ENSDARG00000100263
8590,si:ch211-161c3.6,sich211161c3.6
8591,mst1,mst1
8592,abhd14b,abhd14b
8593,cacna2d2a,cacna2d2a
8594,CABZ01061079.1,CABZ01061079.1
8595,hyal1,hyal1
8596,fhit,fhit
8597,CU856136.1,CU856136.1
8598,hyal2a,hyal2a
8599,tusc2a,tusc2a
8600,hmga1b,hmga1b
8601,nudt3b,nudt3b
8602,rps10,rps10
8603,pacsin1b,pacsin1b
8604,SPDEF,SPDEF
8605,ilrun,ilrun
8606,anks1ab,anks1ab
8607,snrpc,snrpc
8608,sys1,sys1
8609,CR847944.2,CR847944.2
8610,CR847944.1,CR847944.1
8611,CR847944.4,CR847944.4
8612,adora4a,adora4a
8613,dre-let-7a-6,dre-let-7a-6
8614,CR847944.3,CR847944.3
8615,tulp1b,tulp1b
8616,tead3b,tead3b
8617,smpd2b,smpd2b
8618,pkp1b,pkp1b
8619,tnnt2b,tnnt2b
8620,tnni1b,tnni1b
8621,CU861466.1,CU861466.1
8622,csrp1b,csrp1b
8623,nav1b,nav1b
8624,mybphb,mybphb
8625,CABZ01041613.1,CABZ01041613.1
8626,SYT2,SYT2
8627,manbal,manbal
8628,nfatc2b,nfatc2b
8629,CABZ01041604.1,CABZ01041604.1
8630,zgc:109913,zgc109913
8631,ube2c,ube2c
8632,ube2c-1,ube2c-1
8633,pcif1,pcif1
8634,pltp,pltp
8635,ctsa,ctsa
8636,ncoa5,ncoa5
8637,slc12a5a,slc12a5a
8638,CR847793.2,CR847793.2
8639,CR847793.1,CR847793.1
8640,CR847793.3,CR847793.3
8641,LO017956.1,LO017956.1
8642,BX470154.2,BX470154.2
8643,BX470154.1,BX470154.1
8644,si:ch211-81n22.1,sich21181n22.1
8645,cyp24a1,cyp24a1
8646,eya2,eya2
8647,rtf2,rtf2
8648,gcnt7,gcnt7
8649,tfap2c,tfap2c
8650,CR388191.1,CR388191.1
8651,cdh22,cdh22
8652,CABZ01034948.1,CABZ01034948.1
8653,CABZ01034956.1,CABZ01034956.1
8654,CABZ01034962.1,CABZ01034962.1
8655,znfx1,znfx1
8656,CU929339.2,CU929339.2
8657,ddx27,ddx27
8658,snrpb,snrpb
8659,CU929339.1,CU929339.1
8660,itcha,itcha
8661,necab3,necab3
8662,CU693502.1,CU693502.1
8663,cbfa2t2,cbfa2t2
8664,SNTA1,SNTA1
8665,CABZ01087330.2,CABZ01087330.2
8666,tox2,tox2
8667,CABZ01112851.1,CABZ01112851.1
8668,ralgapb,ralgapb
8669,kcnq2b,kcnq2b
8670,FO203430.1,FO203430.1
8671,chrna4a,chrna4a
8672,arfrp1,arfrp1
8673,stmn3,stmn3
8674,helz2,helz2
8675,sp7,sp7
8676,igsf8,igsf8
8677,soat2,soat2
8678,kif5ab,kif5ab
8679,CU929047.1,CU929047.1
8680,dctn2,dctn2
8681,mbd6,mbd6
8682,ddit3,ddit3
8683,mars1,mars1
8684,CABZ01088367.1,CABZ01088367.1
8685,CABZ01111575.1,CABZ01111575.1
8686,shmt2,shmt2
8687,ndufa4l2b,ndufa4l2b
8688,fam210b,fam210b
8689,ppp1r16b,ppp1r16b
8690,gli1,gli1
8691,CABZ01117503.1,CABZ01117503.1
8692,r3hdm2,r3hdm2
8693,CABZ01117510.1,CABZ01117510.1
8694,caskb,caskb
8695,ddx3xb,ddx3xb
8696,kdm6al,kdm6al
8697,aamp,aamp
8698,fbxl3b,fbxl3b
8699,nufip1,nufip1
8700,zgc:65895,zgc65895
8701,mtrf1,mtrf1
8702,GPR180,GPR180
8703,CABZ01079267.1,CABZ01079267.1
8704,wbp4,wbp4
8705,slain1b,slain1b
8706,tgm8,tgm8
8707,ccndbp1,ccndbp1
8708,pck1,pck1
8709,pmepa1,pmepa1
8710,prelid3b,prelid3b
8711,aurka,aurka
8712,slc32a1,slc32a1
8713,CABZ01092282.1,CABZ01092282.1
8714,zgc:153913,zgc153913
8715,cldn1,cldn1
8716,angptl1b,angptl1b
8717,TADA1,TADA1
8718,fggy,fggy
8719,znfl2a,znfl2a
8720,igfbp1b,igfbp1b
8721,adcy1b,adcy1b
8722,zgc:113518,zgc113518
8723,znf1014,znf1014
8724,CABZ01064859.1,CABZ01064859.1
8725,CABZ01064859.2,CABZ01064859.2
8726,zgc:113293,zgc113293
8727,dhx30,dhx30
8728,CABZ01085887.1,CABZ01085887.1
8729,phlpp1,phlpp1
8730,MEP1B,MEP1B
8731,si:ch73-40a17.4,sich7340a17.4
8732,znf1008,znf1008
8733,zgc:113452,zgc113452
8734,CU928013.1,CU928013.1
8735,zgc:174263,zgc174263
8736,CU693494.3,CU693494.3
8737,CU693494.2,CU693494.2
8738,CU693494.1,CU693494.1
8739,sharpin,sharpin
8740,si:dkey-33c14.6,sidkey33c14.6
8741,si:dkey-33c14.7,sidkey33c14.7
8742,wrnip1,wrnip1
8743,mylk4a,mylk4a
8744,CABZ01117963.1,CABZ01117963.1
8745,foxc1a,foxc1a
8746,ftr93,ftr93
8747,foxf2a,foxf2a
8748,foxq1a,foxq1a
8749,CU861459.1,CU861459.1
8750,irf4a,irf4a
8751,dusp22b,dusp22b
8752,ripk1l,ripk1l
8753,AL935300.3,AL935300.3
8754,si:ch211-241e1.5,sich211241e1.5
8755,si:ch211-241e1.3,sich211241e1.3
8756,AL935300.1,AL935300.1
8757,AL935300.2,AL935300.2
8758,cacna1eb,cacna1eb
8759,polr2d,polr2d
8760,CABZ01084564.1,CABZ01084564.1
8761,CABZ01084566.1,CABZ01084566.1
8762,abcf3,abcf3
8763,ZNF521,ZNF521
8764,ss18,ss18
8765,rpe65a,rpe65a
8766,gpaa1,gpaa1
8767,si:ch211-188c16.1,sich211188c16.1
8768,c8b,c8b
8769,c8a,c8a
8770,dab1b,dab1b
8771,CR848026.1,CR848026.1
8772,prkacbb,prkacbb
8773,adgrl2b.1,adgrl2b.1
8774,ADGRL2,ADGRL2
8775,exosc4,exosc4
8776,bcl10,bcl10
8777,mcoln3a,mcoln3a
8778,ssx2ipa,ssx2ipa
8779,tubb2,tubb2
8780,slc22a23,slc22a23
8781,dspa,dspa
8782,higd1a,higd1a
8783,CU929426.1,CU929426.1
8784,ccdc13,ccdc13
8785,tmie,tmie
8786,pth1r,pth1r
8787,dre-mir-460,dre-mir-460
8788,myl13,myl13
8789,crhr2,crhr2
8790,CRHR2,CRHR2
8791,CABZ01088149.1,CABZ01088149.1
8792,serbp1b,serbp1b
8793,aqp1a.1,aqp1a.1
8794,aqp1a.2,aqp1a.2
8795,thoc1,thoc1
8796,usp14,usp14
8797,rock1,rock1
8798,eif2b5,eif2b5
8799,CABZ01112864.1,CABZ01112864.1
8800,si:ch1073-82l19.1,sich107382l19.1
8801,pik3r3a,pik3r3a
8802,ipp,ipp
8803,guk1a,guk1a
8804,C2H1orf35,C2H1orf35
8805,arf1,arf1
8806,wnt3a,wnt3a
8807,FO818692.1,FO818692.1
8808,FP102843.1,FP102843.1
8809,wnt9a,wnt9a
8810,snap47,snap47
8811,jmjd4,jmjd4
8812,CU633991.2,CU633991.2
8813,iba57,iba57
8814,ACKR2,ACKR2
8815,cyp8b1,cyp8b1
8816,cyp8b2,cyp8b2
8817,cyp8b3,cyp8b3
8818,cx47.1,cx47.1
8819,SERP1,SERP1
8820,fuz,fuz
8821,gpt2l,gpt2l
8822,c1ql3b-1,c1ql3b-1
8823,pter,pter
8824,mmp16b,mmp16b
8825,egfra,egfra
8826,npc1,npc1
8827,mpp7b,mpp7b
8828,mkxb,mkxb
8829,rab18b,rab18b
8830,yme1l1b,yme1l1b
8831,mib1,mib1
8832,dre-mir-133a-1,dre-mir-133a-1
8833,dre-mir-1-2,dre-mir-1-2
8834,gata6,gata6
8835,BX842700.1,BX842700.1
8836,cables1,cables1
8837,wacb,wacb
8838,bambib,bambib
8839,adipoqb,adipoqb
8840,FO704866.1,FO704866.1
8841,CABZ01063651.1,CABZ01063651.1
8842,tnk2b,tnk2b
8843,CU929154.1,CU929154.1
8844,tfr1a,tfr1a
8845,si:ch211-162e15.3,sich211162e15.3
8846,dlg1l,dlg1l
8847,ptmab,ptmab
8848,phb2a,phb2a
8849,pex5lb,pex5lb
8850,GNB4,GNB4
8851,MFN1,MFN1
8852,si:ch1073-184j22.1,sich1073184j22.1
8853,si:ch1073-184j22.2,sich1073184j22.2
8854,sft2d3,sft2d3
8855,wdr33,wdr33
8856,dusp28,dusp28
8857,proca,proca
8858,proca-1,proca-1
8859,saga,saga
8860,cldn15la,cldn15la
8861,crfb16,crfb16
8862,parla,parla
8863,mb21d2,mb21d2
8864,fgf12a,fgf12a
8865,cwc25,cwc25
8866,sst2,sst2
8867,BX120016.1,BX120016.1
8868,nyap2b,nyap2b
8869,slc35d1b,slc35d1b
8870,mier1b,mier1b
8871,si:ch211-273k1.5,sich211273k1.5
8872,dis3l2,dis3l2
8873,ACAP2,ACAP2
8874,si:ch211-168b3.2,sich211168b3.2
8875,tmem125b,tmem125b
8876,slc1a7a,slc1a7a
8877,scp2a,scp2a
8878,czib,czib
8879,uck2b,uck2b
8880,aldh9a1b,aldh9a1b
8881,zte38,zte38
8882,prdx1,prdx1
8883,fzr1b,fzr1b
8884,IPO13,IPO13
8885,si:ch73-344o19.1,sich73344o19.1
8886,rec8a,rec8a
8887,gng5,gng5
8888,zp3b,zp3b
8889,arl14,arl14
8890,ppm1la,ppm1la
8891,otol1a,otol1a
8892,si:dkey-119f1.1,sidkey119f1.1
8893,BX927289.1,BX927289.1
8894,rgs13,rgs13
8895,rgs1,rgs1
8896,rgs18,rgs18
8897,brinp3b,brinp3b
8898,CABZ01077605.1,CABZ01077605.1
8899,CU694525.1,CU694525.1
8900,rgs5b,rgs5b
8901,CU693440.1,CU693440.1
8902,nos1apb,nos1apb
8903,CR388040.1,CR388040.1
8904,ddr2b,ddr2b
8905,xpr1b,xpr1b
8906,cdc14aa,cdc14aa
8907,AL953893.1,AL953893.1
8908,vcam1a,vcam1a
8909,extl2,extl2
8910,zgc:110366,zgc110366
8911,rc3h1b,rc3h1b
8912,si:ch211-13f8.1,sich21113f8.1
8913,si:ch211-13f8.2,sich21113f8.2
8914,zgc:153115,zgc153115
8915,si:dkeyp-106c3.3,sidkeyp106c3.3
8916,si:dkeyp-106c3.2,sidkeyp106c3.2
8917,si:dkeyp-106c3.1,sidkeyp106c3.1
8918,CU929374.1,CU929374.1
8919,asip2b,asip2b
8920,FO203364.1,FO203364.1
8921,ripk2,ripk2
8922,CABZ01021599.1,CABZ01021599.1
8923,CABZ01021592.1,CABZ01021592.1
8924,CCDC39,CCDC39
8925,dcun1d1,dcun1d1
8926,eif4a2,eif4a2
8927,CT027646.2,CT027646.2
8928,CT027646.3,CT027646.3
8929,CT027646.5,CT027646.5
8930,CT027646.4,CT027646.4
8931,CT027646.1,CT027646.1
8932,b3gnt5b,b3gnt5b
8933,tbl1xr1b,tbl1xr1b
8934,kcnmb2,kcnmb2
8935,si:ch211-38m6.7,sich21138m6.7
8936,si:ch211-38m6.6,sich21138m6.6
8937,ephb3a,ephb3a
8938,pcolce2a,pcolce2a
8939,pls1,pls1
8940,chst2a,chst2a
8941,BX248229.1,BX248229.1
8942,dipk2aa,dipk2aa
8943,BX005355.1,BX005355.1
8944,si:ch211-71m22.1,sich21171m22.1
8945,si:ch211-71m22.5,sich21171m22.5
8946,CT027589.1,CT027589.1
8947,si:ch211-71m22.3,sich21171m22.3
8948,fubp1,fubp1
8949,miga1,miga1
8950,usp33,usp33
8951,zzz3,zzz3
8952,ak5,ak5
8953,pigk,pigk
8954,st6galnac5a,st6galnac5a
8955,st6galnac3,st6galnac3
8956,CR385076.1,CR385076.1
8957,cope,cope
8958,slc25a24l,slc25a24l
8959,CU929379.1,CU929379.1
8960,dnajb4,dnajb4
8961,gipc2,gipc2
8962,txndc12,txndc12
8963,zmp:0000001127,zmp0000001127
8964,zgc:153615,zgc153615
8965,selenot1a,selenot1a
8966,CU633992.1,CU633992.1
8967,dvl3a,dvl3a
8968,si:ch1073-170o4.1,sich1073170o4.1
8969,CU638697.2,CU638697.2
8970,CU638697.1,CU638697.1
8971,pcyt1aa,pcyt1aa
8972,ap2m1a,ap2m1a
8973,anxa13l,anxa13l
8974,si:ch211-252f13.5,sich211252f13.5
8975,BX470264.1,BX470264.1
8976,abi1b,abi1b
8977,BX470264.2,BX470264.2
8978,CR956623.1,CR956623.1
8979,tsen15,tsen15
8980,zgc:55943,zgc55943
8981,CR956623.2,CR956623.2
8982,sec22ba,sec22ba
8983,imp3,imp3
8984,slc35a3b,slc35a3b
8985,fam78ba,fam78ba
8986,cmpk,cmpk
8987,bcl6ab,bcl6ab
8988,insl5b,insl5b
8989,ahsg2,ahsg2
8990,pfn2l,pfn2l
8991,nsun4,nsun4
8992,dmbx1a,dmbx1a
8993,FO704816.1,FO704816.1
8994,gadd45aa,gadd45aa
8995,gng12a,gng12a
8996,wls,wls
8997,BX927121.1,BX927121.1
8998,scinlb,scinlb
8999,ccdc18,ccdc18
9000,BX323564.1,BX323564.1
9001,mtf2,mtf2
9002,dipk1aa,dipk1aa
9003,rpl5a,rpl5a
9004,evi5a,evi5a
9005,gfi1aa,gfi1aa
9006,rpap2,rpap2
9007,glmna,glmna
9008,cdc7,cdc7
9009,tceanc2,tceanc2
9010,cdcp2,cdcp2
9011,CR450845.2,CR450845.2
9012,mrpl37,mrpl37
9013,ssbp3a,ssbp3a
9014,CR450845.1,CR450845.1
9015,acot11a,acot11a
9016,fam151a,fam151a
9017,lrrc53,lrrc53
9018,cryz,cryz
9019,tyw3,tyw3
9020,lhx8a,lhx8a
9021,slc44a5a,slc44a5a
9022,BX901918.1,BX901918.1
9023,BX901918.3,BX901918.3
9024,BX901918.2,BX901918.2
9025,sdr16c5a,sdr16c5a
9026,penka,penka
9027,impad1,impad1
9028,BX890600.1,BX890600.1
9029,MFF,MFF
9030,ftr01,ftr01
9031,greb1l,greb1l
9032,CT573467.1,CT573467.1
9033,abhd3,abhd3
9034,ro60,ro60
9035,cdc73,cdc73
9036,CT573433.1,CT573433.1
9037,kcnt2,kcnt2
9038,gpr158b,gpr158b
9039,CR376724.1,CR376724.1
9040,prtfdc1,prtfdc1
9041,arhgap21b,arhgap21b
9042,dpp6b,dpp6b
9043,BX908750.1,BX908750.1
9044,BX908750.2,BX908750.2
9045,kmt2cb,kmt2cb
9046,BX324233.1,BX324233.1
9047,prkag2b,prkag2b
9048,BX511000.1,BX511000.1
9049,bcl2b,bcl2b
9050,kdsr,kdsr
9051,vps4b,vps4b
9052,si:dkey-185p13.1,sidkey185p13.1
9053,nmur1b,nmur1b
9054,cfap57,cfap57
9055,CABZ01044235.1,CABZ01044235.1
9056,ebna1bp2,ebna1bp2
9057,zbtb41,zbtb41
9058,CU657977.1,CU657977.1
9059,CABZ01042417.1,CABZ01042417.1
9060,cpdp,cpdp
9061,CU927934.3,CU927934.3
9062,CU927934.1,CU927934.1
9063,CU927934.2,CU927934.2
9064,tctex1d1,tctex1d1
9065,sgip1b,sgip1b
9066,BX510915.1,BX510915.1
9067,pde4bb,pde4bb
9068,CT583708.1,CT583708.1
9069,CABZ01026681.1,CABZ01026681.1
9070,CR388189.8,CR388189.8
9071,CR388189.7,CR388189.7
9072,CR388189.3,CR388189.3
9073,CR388189.6,CR388189.6
9074,CR388189.1,CR388189.1
9075,CR388189.2,CR388189.2
9076,CR388189.4,CR388189.4
9077,CR388189.5,CR388189.5
9078,si:ch73-366i20.1,sich73366i20.1
9079,CR788249.2,CR788249.2
9080,CR788249.1,CR788249.1
9081,hccsa.2,hccsa.2
9082,pimr55,pimr55
9083,CR788249.3,CR788249.3
9084,hccsa.1,hccsa.1
9085,si:dkey-10f21.4,sidkey10f21.4
9086,cnn3b,cnn3b
9087,f3b,f3b
9088,CR392002.1,CR392002.1
9089,abcd3b,abcd3b
9090,arhgap29b,arhgap29b
9091,CR450809.1,CR450809.1
9092,abca4b,abca4b
9093,tecrl2b,tecrl2b
9094,olfm3b,olfm3b
9095,col11a1b,col11a1b
9096,BX510342.1,BX510342.1
9097,amy2a,amy2a
9098,vav3b,vav3b
9099,BX682548.1,BX682548.1
9100,BX510321.1,BX510321.1
9101,vav3b-1,vav3b-1
9102,selenoj,selenoj
9103,sh3glb1b,sh3glb1b
9104,arhgef4,arhgef4
9105,si:dkey-231j24.3,sidkey231j24.3
9106,atr,atr
9107,zgc:110269,zgc110269
9108,agfg1b,agfg1b
9109,fbxo36b,fbxo36b
9110,CR377211.1,CR377211.1
9111,CR377211.3,CR377211.3
9112,CR377211.4,CR377211.4
9113,CR377211.2,CR377211.2
9114,grk7a,grk7a
9115,atp1b3a,atp1b3a
9116,si:dkeyp-13a3.10,sidkeyp13a3.10
9117,xrn1,xrn1
9118,CU929319.1,CU929319.1
9119,gk5,gk5
9120,ppp1r7,ppp1r7
9121,ubxn7,ubxn7
9122,tfa,tfa
9123,eif4g1a,eif4g1a
9124,CU462977.2,CU462977.2
9125,ENSDARG00000080942,ENSDARG00000080942
9126,fam131a,fam131a
9127,clcn2a,clcn2a
9128,BX640595.1,BX640595.1
9129,thpo,thpo
9130,pif1,pif1
9131,ptger4c,ptger4c
9132,artnb,artnb
9133,st3gal3b,st3gal3b
9134,kdm4ab,kdm4ab
9135,BX640408.1,BX640408.1
9136,pimr199,pimr199
9137,pimr196,pimr196
9138,pimr198-1,pimr198-1
9139,pimr197,pimr197
9140,pimr196-1,pimr196-1
9141,ptprfb,ptprfb
9142,BX248089.1,BX248089.1
9143,BX248089.2,BX248089.2
9144,BX511224.1,BX511224.1
9145,CT737196.1,CT737196.1
9146,CR854990.1,CR854990.1
9147,pbx1a,pbx1a
9148,glula,glula
9149,TMEM275,TMEM275
9150,BX323588.2,BX323588.2
9151,kncn,kncn
9152,BX323588.1,BX323588.1
9153,elovl1a,elovl1a
9154,cdc20,cdc20
9155,cc2d1b,cc2d1b
9156,BX511079.1,BX511079.1
9157,zfyve9a,zfyve9a
9158,BX511079.2,BX511079.2
9159,pimr141,pimr141
9160,BX664750.1,BX664750.1
9161,pimr52,pimr52
9162,BX664750.4,BX664750.4
9163,pimr49,pimr49
9164,BX664750.5,BX664750.5
9165,BX664750.2,BX664750.2
9166,pimr140,pimr140
9167,BX664750.3,BX664750.3
9168,pimr51,pimr51
9169,BX664750.6,BX664750.6
9170,pimr50,pimr50
9171,BX664750.7,BX664750.7
9172,BX088713.1,BX088713.1
9173,pimr49-1,pimr49-1
9174,BX088713.3,BX088713.3
9175,pimr54,pimr54
9176,BX088713.2,BX088713.2
9177,rwdd3,rwdd3
9178,ptbp2b,ptbp2b
9179,dpydb,dpydb
9180,dre-mir-137-1,dre-mir-137-1
9181,FQ377605.1,FQ377605.1
9182,plppr5a,plppr5a
9183,plppr4a,plppr4a
9184,palmda,palmda
9185,si:ch211-153l6.6,sich211153l6.6
9186,frrs1a,frrs1a
9187,agla,agla
9188,si:ch73-14h1.2,sich7314h1.2
9189,si:ch211-267e7.3,sich211267e7.3
9190,olfml2bb,olfml2bb
9191,AL954134.2,AL954134.2
9192,dusp12,dusp12
9193,AL954134.1,AL954134.1
9194,rxrga,rxrga
9195,FO681336.1,FO681336.1
9196,CABZ01020455.1,CABZ01020455.1
9197,prg4a,prg4a
9198,tpra,tpra
9199,odr4,odr4
9200,pdca,pdca
9201,ptgs2a,ptgs2a
9202,pla2g4aa,pla2g4aa
9203,arpc5a,arpc5a
9204,lyrm4,lyrm4
9205,nrn1b,nrn1b
9206,rreb1b,rreb1b
9207,riok1,riok1
9208,nebl,nebl
9209,pip4k2ab,pip4k2ab
9210,bmi1b,bmi1b
9211,dnajc1,dnajc1
9212,si:dkey-29d8.3,sidkey29d8.3
9213,BX927413.1,BX927413.1
9214,vipr1a,vipr1a
9215,zbtb47a,zbtb47a
9216,CU464125.1,CU464125.1
9217,klhl40a,klhl40a
9218,hhatla,hhatla
9219,ctdsplb,ctdsplb
9220,dre-mir-26a-2,dre-mir-26a-2
9221,plcd1b,plcd1b
9222,afg3l2,afg3l2
9223,inhbab,inhbab
9224,mplkip,mplkip
9225,ralab,ralab
9226,C2H7orf25,C2H7orf25
9227,fbxl7,fbxl7
9228,chd7,chd7
9229,rab2a,rab2a
9230,ca8,ca8
9231,CT956055.1,CT956055.1
9232,tox,tox
9233,cyp7a1,cyp7a1
9234,fam110b,fam110b
9235,selenof,selenof
9236,hs2st1a,hs2st1a
9237,zgc:56628,zgc56628
9238,pkn2,pkn2
9239,BX927330.1,BX927330.1
9240,gtf2b,gtf2b
9241,lrrc8da,lrrc8da
9242,znf644a,znf644a
9243,hfm1,hfm1
9244,FQ377628.1,FQ377628.1
9245,cldn18,cldn18
9246,sept2,sept2
9247,stk25b,stk25b
9248,bokb,bokb
9249,thap4,thap4
9250,zgc:161973,zgc161973
9251,agxtb,agxtb
9252,kif1ab,kif1ab
9253,espnlb,espnlb
9254,rab6bb,rab6bb
9255,aire,aire
9256,amotl2b,amotl2b
9257,myo7bb,myo7bb
9258,BX649390.1,BX649390.1
9259,sap130b,sap130b
9260,mllt1b,mllt1b
9261,BX927377.1,BX927377.1
9262,znf414,znf414
9263,mknk2a,mknk2a
9264,csnk1g2a,csnk1g2a
9265,mfsd12a,mfsd12a
9266,BX548024.1,BX548024.1
9267,si:dkey-218h11.6,sidkey218h11.6
9268,BX548024.2,BX548024.2
9269,prrx1a,prrx1a
9270,kifap3b,kifap3b
9271,BX548024.3,BX548024.3
9272,niban1b,niban1b
9273,rnf2,rnf2
9274,ivns1abpb,ivns1abpb
9275,si:ch73-129a22.11,sich73129a22.11
9276,si:ch211-14p21.4,sich21114p21.4
9277,si:ch211-14p21.3,sich21114p21.3
9278,BX470197.1,BX470197.1
9279,si:dkey-58b18.5,sidkey58b18.5
9280,si:dkey-58b18.10,sidkey58b18.10
9281,si:dkey-58b18.3,sidkey58b18.3
9282,si:dkey-58b18.2,sidkey58b18.2
9283,si:dkey-58b18.10-1,sidkey58b18.10-1
9284,si:dkey-58b18.6,sidkey58b18.6
9285,si:dkey-58b18.5-1,sidkey58b18.5-1
9286,si:dkey-58b18.10-2,sidkey58b18.10-2
9287,si:dkey-58b18.9,sidkey58b18.9
9288,si:dkey-58b18.8,sidkey58b18.8
9289,rpp40,rpp40
9290,cdyl,cdyl
9291,oxsr1a,oxsr1a
9292,BX649335.1,BX649335.1
9293,slc22a13a,slc22a13a
9294,xirp1,xirp1
9295,si:dkey-24c2.7,sidkey24c2.7
9296,csrnp1a,csrnp1a
9297,gorasp1a,gorasp1a
9298,si:dkey-24c2.9,sidkey24c2.9
9299,tgfbr1a,tgfbr1a
9300,col15a1b,col15a1b
9301,CR788285.2,CR788285.2
9302,slc12a7a,slc12a7a
9303,CR788285.1,CR788285.1
9304,kcnh2a,kcnh2a
9305,map4l,map4l
9306,myh7,myh7
9307,BX000358.1,BX000358.1
9308,dre-mir-736,dre-mir-736
9309,myh7l,myh7l
9310,fitm1l,fitm1l
9311,trnau1apb,trnau1apb
9312,mrpl34,mrpl34
9313,ano8a,ano8a
9314,CR384062.1,CR384062.1
9315,pimr68,pimr68
9316,plvapa,plvapa
9317,nr2f6a,nr2f6a
9318,zgc:154006,zgc154006
9319,si:dkey-208k22.6,sidkey208k22.6
9320,kcnn1a,kcnn1a
9321,BX530024.1,BX530024.1
9322,insl3,insl3
9323,si:rp71-39b20.4,sirp7139b20.4
9324,BX530024.2,BX530024.2
9325,rps28,rps28
9326,angptl4,angptl4
9327,cnn2,cnn2
9328,crsp7,crsp7
9329,crtc1a,crtc1a
9330,mast3a,mast3a
9331,pik3r2,pik3r2
9332,ifi30,ifi30
9333,mpv17l2,mpv17l2
9334,pde4ca,pde4ca
9335,rab3aa,rab3aa
9336,si:dkey-149i17.7,sidkey149i17.7
9337,si:dkey-149i17.9,sidkey149i17.9
9338,si:dkey-149i17.8,sidkey149i17.8
9339,si:dkey-149i17.11,sidkey149i17.11
9340,agtr1a,agtr1a
9341,gyg1a,gyg1a
9342,hltf,hltf
9343,nck1a,nck1a
9344,slc35g2a,slc35g2a
9345,stag1a,stag1a
9346,pccb,pccb
9347,msl2a,msl2a
9348,CR786576.1,CR786576.1
9349,nceh1a,nceh1a
9350,CR786576.2,CR786576.2
9351,si:dkey-223d7.6,sidkey223d7.6
9352,ppp2r3a,ppp2r3a
9353,fndc3ba,fndc3ba
9354,ghsra,ghsra
9355,pld1a,pld1a
9356,tnika,tnika
9357,CR392026.2,CR392026.2
9358,slc2a2,slc2a2
9359,eif5a2,eif5a2
9360,CR392026.1,CR392026.1
9361,slc7a14a,slc7a14a
9362,cldn11a,cldn11a
9363,CR392012.1,CR392012.1
9364,CR392012.2,CR392012.2
9365,grin3ba,grin3ba
9366,CR392012.3,CR392012.3
9367,plppr3a,plppr3a
9368,palm1b,palm1b
9369,CR788230.2,CR788230.2
9370,CR788230.1,CR788230.1
9371,ptbp1a,ptbp1a
9372,efna2a,efna2a
9373,CT027702.1,CT027702.1
9374,rabggtb,rabggtb
9375,acadm,acadm
9376,hectd3,hectd3
9377,rps8a,rps8a
9378,BX569796.4,BX569796.4
9379,ENSDARG00000085358,ENSDARG00000085358
9380,ENSDARG00000106293,ENSDARG00000106293
9381,BX569796.1,BX569796.1
9382,best4,best4
9383,si:ch211-106k21.5,sich211106k21.5
9384,glis1a,glis1a
9385,ndc1,ndc1
9386,zgc:113691,zgc113691
9387,yipf1,yipf1
9388,lrrc42,lrrc42
9389,tmem59,tmem59
9390,u2surp,u2surp
9391,dre-mir-124-1,dre-mir-124-1
9392,ttpa,ttpa
9393,asph,asph
9394,BX248497.1,BX248497.1
9395,impa1,impa1
9396,si:dkey-181m9.8,sidkey181m9.8
9397,BX511023.1,BX511023.1
9398,cdh7a,cdh7a
9399,BX511023.2,BX511023.2
9400,BX649522.3,BX649522.3
9401,BX649522.2,BX649522.2
9402,dsela,dsela
9403,tmx3a,tmx3a
9404,BX649522.1,BX649522.1
9405,tesk2,tesk2
9406,toe1,toe1
9407,si:ch73-382f3.1,sich73382f3.1
9408,selenop2,selenop2
9409,elovl8a,elovl8a
9410,CU469530.2,CU469530.2
9411,CU469530.1,CU469530.1
9412,zswim5,zswim5
9413,urod,urod
9414,lyn,lyn
9415,lyn-1,lyn-1
9416,tmem68,tmem68
9417,XKR4,XKR4
9418,FO834800.1,FO834800.1
9419,FO834800.2,FO834800.2
9420,buc,buc
9421,rnf152,rnf152
9422,zgc:163121,zgc163121
9423,mc4r,mc4r
9424,C2H5orf22,C2H5orf22
9425,CR925777.1,CR925777.1
9426,cdh6,cdh6
9427,CABZ01068352.1,CABZ01068352.1
9428,CABZ01056054.1,CABZ01056054.1
9429,CABZ01056052.1,CABZ01056052.1
9430,CABZ01056051.1,CABZ01056051.1
9431,mmp15b,mmp15b
9432,CU693484.1,CU693484.1
9433,dhcr7,dhcr7
9434,nadsyn1-1,nadsyn1-1
9435,cdh10a,cdh10a
9436,cdh12a,cdh12a
9437,cdh18a,cdh18a
9438,cahz,cahz
9439,dlgap1a,dlgap1a
9440,ptf1a,ptf1a
9441,AL845362.1,AL845362.1
9442,si:dkey-188g12.1,sidkey188g12.1
9443,BX511112.1,BX511112.1
9444,si:ch211-207d6.2,sich211207d6.2
9445,CR855328.1,CR855328.1
9446,paxip1,paxip1
9447,htr5aa,htr5aa
9448,en2b,en2b
9449,cnpy1,cnpy1
9450,rbm33b,rbm33b
9451,shhb,shhb
9452,dnajb6a,dnajb6a
9453,trpa1a,trpa1a
9454,BX510360.1,BX510360.1
9455,kcnb2,kcnb2
9456,rpl7,rpl7
9457,CT027743.1,CT027743.1
9458,rdh10b,rdh10b
9459,ube2w,ube2w
9460,elocb,elocb
9461,tmem70,tmem70
9462,CR788254.2,CR788254.2
9463,CR788254.1,CR788254.1
9464,CR788254.3,CR788254.3
9465,si:dkey-82k12.13,sidkey82k12.13
9466,jph1b,jph1b
9467,pi15b,pi15b
9468,crispld1b,crispld1b
9469,socs6b,socs6b
9470,cbln2a,cbln2a
9471,neto1,neto1
9472,atpsckmt,atpsckmt
9473,march6,march6
9474,ankrd33bb,ankrd33bb
9475,ctnnd2b,ctnnd2b
9476,GPR141,GPR141
9477,si:dkey-94e7.2,sidkey94e7.2
9478,rp1,rp1
9479,tcea1,tcea1
9480,AL929271.1,AL929271.1
9481,rgs20,rgs20
9482,atp6v1h,atp6v1h
9483,oprk1,oprk1
9484,chmp5a,chmp5a
9485,bag1,bag1
9486,myl12.2,myl12.2
9487,myom1a,myom1a
9488,lpin2,lpin2
9489,emilin2a,emilin2a
9490,CT955962.3,CT955962.3
9491,CT955962.2,CT955962.2
9492,CT955962.1,CT955962.1
9493,clul1,clul1
9494,adcyap1b,adcyap1b
9495,clul1-1,clul1-1
9496,colec12,colec12
9497,stam,stam
9498,si:dkey-32m20.1,sidkey32m20.1
9499,cacnb2b,cacnb2b
9500,mrc1b,mrc1b
9501,si:ch211-106h4.4,sich211106h4.4
9502,si:ch211-106h4.9,sich211106h4.9
9503,si:ch211-106h4.5,sich211106h4.5
9504,si:ch211-106h4.6,sich211106h4.6
9505,si:ch211-106h4.12,sich211106h4.12
9506,ackr4a,ackr4a
9507,e2f5,e2f5
9508,lrrcc1,lrrcc1
9509,ralyl,ralyl
9510,and2,and2
9511,retreg1,retreg1
9512,BX323064.2,BX323064.2
9513,rnf182,rnf182
9514,ranbp9,ranbp9
9515,nol7,nol7
9516,epdr1,epdr1
9517,stard3nl,stard3nl
9518,tcrg,tcrg
9519,si:dkeyp-13d12.22,sidkeyp13d12.22
9520,si:dkeyp-13d12.21,sidkeyp13d12.21
9521,si:dkeyp-13d12.20,sidkeyp13d12.20
9522,si:dkeyp-13d12.19,sidkeyp13d12.19
9523,si:dkeyp-13d12.18,sidkeyp13d12.18
9524,si:dkeyp-13d12.17,sidkeyp13d12.17
9525,si:dkeyp-13d12.16,sidkeyp13d12.16
9526,trgv7,trgv7
9527,trgv6,trgv6
9528,trgv5,trgv5
9529,BX323064.1,BX323064.1
9530,si:dkeyp-13d12.11,sidkeyp13d12.11
9531,trgv3,trgv3
9532,si:dkeyp-13d12.24,sidkeyp13d12.24
9533,trgv2,trgv2
9534,trgv1,trgv1
9535,amph,amph
9536,otulinb,otulinb
9537,ankhb,ankhb
9538,mycb,mycb
9539,CR391940.1,CR391940.1
9540,BX323880.1,BX323880.1
9541,fam49ba,fam49ba
9542,asap1a,asap1a
9543,BX663499.2,BX663499.2
9544,BX663499.1,BX663499.1
9545,ubtfl,ubtfl
9546,slc4a2a,slc4a2a
9547,ttc19,ttc19
9548,faim2a,faim2a
9549,abcf2a,abcf2a
9550,smarcd3a,smarcd3a
9551,tmub1,tmub1
9552,fastk,fastk
9553,BX323559.6,BX323559.6
9554,BX323559.4,BX323559.4
9555,si:dkeyp-73d8.6,sidkeyp73d8.6
9556,si:dkeyp-73d8.8,sidkeyp73d8.8
9557,si:dkeyp-73d8.9,sidkeyp73d8.9
9558,puf60a,puf60a
9559,BX323559.1,BX323559.1
9560,BX323559.2,BX323559.2
9561,nrbp2a,nrbp2a
9562,BX323559.3,BX323559.3
9563,klhl18,klhl18
9564,BX323559.5,BX323559.5
9565,bfsp2,bfsp2
9566,zgc:136930,zgc136930
9567,ccr9a,ccr9a
9568,prpf4ba,prpf4ba
9569,si:dkey-154p10.3,sidkey154p10.3
9570,pxdc1a,pxdc1a
9571,opn4.1,opn4.1
9572,tmem53,tmem53
9573,BX323807.1,BX323807.1
9574,BX323807.2,BX323807.2
9575,BX294160.1,BX294160.1
9576,rnf220a,rnf220a
9577,BX324218.1,BX324218.1
9578,klf17,klf17
9579,slc6a9,slc6a9
9580,ccdc24,ccdc24
9581,zgc:113531,zgc113531
9582,b4galt2,b4galt2
9583,BX548164.2,BX548164.2
9584,BX548164.1,BX548164.1
9585,BX649508.2,BX649508.2
9586,atp6v0b,atp6v0b
9587,si:dkey-31m5.2,sidkey31m5.2
9588,si:dkey-31m5.3,sidkey31m5.3
9589,si:dkey-31m5.5,sidkey31m5.5
9590,si:dkey-31m5.5-1,sidkey31m5.5-1
9591,si:dkey-31m5.5-2,sidkey31m5.5-2
9592,si:dkey-31m5.7,sidkey31m5.7
9593,BX649508.1,BX649508.1
9594,kiss1ra,kiss1ra
9595,dre-mir-23a-3,dre-mir-23a-3
9596,dre-mir-27a,dre-mir-27a
9597,kif2c,kif2c
9598,ptch2,ptch2
9599,eif2b3,eif2b3
9600,klhl20,klhl20
9601,cenpl,cenpl
9602,dars2,dars2
9603,si:dkey-21n10.3,sidkey21n10.3
9604,brinp2,brinp2
9605,astn1,astn1
9606,pappa2,pappa2
9607,cop1,cop1
9608,tnr,tnr
9609,CR855337.1,CR855337.1
9610,tnn,tnn
9611,FP236741.1,FP236741.1
9612,mrps14,mrps14
9613,cacybp,cacybp
9614,plk3,plk3
9615,si:dkey-4i23.5,sidkey4i23.5
9616,ankrd45,ankrd45
9617,FP015808.1,FP015808.1
9618,FP016213.1,FP016213.1
9619,rasal2,rasal2
9620,BX571812.1,BX571812.1
9621,dhx9,dhx9
9622,lamc1,lamc1
9623,lamc2,lamc2
9624,nmnat2,nmnat2
9625,smg7,smg7
9626,BX681417.25,BX681417.25
9627,BX681417.24,BX681417.24
9628,trdj1,trdj1
9629,trdj2,trdj2
9630,trdc,trdc
9631,BX681417.2,BX681417.2
9632,si:dkey-161l11.67,sidkey161l11.67
9633,si:dkey-161l11.74,sidkey161l11.74
9634,traj2,traj2
9635,si:dkey-161l11.75,sidkey161l11.75
9636,traj3,traj3
9637,traj4,traj4
9638,traj5,traj5
9639,si:dkey-161l11.62,sidkey161l11.62
9640,traj6,traj6
9641,BX681417.3,BX681417.3
9642,BX681417.8,BX681417.8
9643,si:dkey-161l11.76,sidkey161l11.76
9644,traj7,traj7
9645,BX681417.17,BX681417.17
9646,BX681417.16,BX681417.16
9647,BX681417.10,BX681417.10
9648,traj11,traj11
9649,traj31,traj31
9650,BX681417.7,BX681417.7
9651,CT867973.1,CT867973.1
9652,traj15,traj15
9653,BX681417.9,BX681417.9
9654,BX681417.22,BX681417.22
9655,traj18,traj18
9656,BX681417.19,BX681417.19
9657,BX681417.12,BX681417.12
9658,traj21,traj21
9659,BX681417.15,BX681417.15
9660,traj23,traj23
9661,BX681417.6,BX681417.6
9662,BX681417.14,BX681417.14
9663,traj26,traj26
9664,BX681417.13,BX681417.13
9665,traj28,traj28
9666,BX681417.20,BX681417.20
9667,BX681417.4,BX681417.4
9668,traj12,traj12
9669,traj32,traj32
9670,traj22,traj22
9671,traj17,traj17
9672,traj35,traj35
9673,BX681417.26,BX681417.26
9674,traj37,traj37
9675,BX681417.5,BX681417.5
9676,traj39,traj39
9677,BX681417.11,BX681417.11
9678,traj41,traj41
9679,traj42,traj42
9680,traj43,traj43
9681,traj44,traj44
9682,traj45,traj45
9683,BX681417.1,BX681417.1
9684,traj46,traj46
9685,traj47,traj47
9686,BX681417.21,BX681417.21
9687,si:dkey-161l11.78,sidkey161l11.78
9688,BX681417.18,BX681417.18
9689,traj10,traj10
9690,si:dkey-161l11.79,sidkey161l11.79
9691,traj51,traj51
9692,BX681417.23,BX681417.23
9693,CT867973.2,CT867973.2
9694,traj54,traj54
9695,traj55,traj55
9696,traj56,traj56
9697,traj57,traj57
9698,traj58,traj58
9699,traj59,traj59
9700,traj60,traj60
9701,tradv1,tradv1
9702,tradv2.0.1,tradv2.0.1
9703,tradv3.0.1,tradv3.0.1
9704,tradv4.0.1,tradv4.0.1
9705,si:ch211-106g8.62,sich211106g8.62
9706,tradv4.0.2,tradv4.0.2
9707,tradv2.0.2,tradv2.0.2
9708,tradv3.0.3,tradv3.0.3
9709,tradv4.0.3,tradv4.0.3
9710,tradv3.0.4,tradv3.0.4
9711,tradv2.0.3,tradv2.0.3
9712,tradv5.0.1,tradv5.0.1
9713,tradv6.0.1,tradv6.0.1
9714,tradv7.0,tradv7.0
9715,tradv6.0.2,tradv6.0.2
9716,tradv6.0.3,tradv6.0.3
9717,tradv6.0.4,tradv6.0.4
9718,tradv2.0.4,tradv2.0.4
9719,tradv5.0.2,tradv5.0.2
9720,tradv8.0,tradv8.0
9721,si:ch211-106g8.20,sich211106g8.20
9722,si:ch211-106g8.56,sich211106g8.56
9723,tradv10.0.1,tradv10.0.1
9724,tradv11.0.1,tradv11.0.1
9725,si:ch211-106g8.54,sich211106g8.54
9726,tradv10.0.2,tradv10.0.2
9727,si:ch211-106g8.17,sich211106g8.17
9728,tradv10.0.3,tradv10.0.3
9729,tradv10.0.4,tradv10.0.4
9730,tradv11.0.3,tradv11.0.3
9731,tradv13.0,tradv13.0
9732,tradv10.0.5,tradv10.0.5
9733,tradv14.0,tradv14.0
9734,tradv15.0,tradv15.0
9735,tradv16.0,tradv16.0
9736,tradv17.0,tradv17.0
9737,tradv18.0,tradv18.0
9738,tradv19.0,tradv19.0
9739,tradv20.0,tradv20.0
9740,tradv21.0,tradv21.0
9741,tradv22.0,tradv22.0
9742,tradv23.1.1,tradv23.1.1
9743,tradv23.1.2,tradv23.1.2
9744,tradv24.0.1,tradv24.0.1
9745,tradv23.1.3,tradv23.1.3
9746,tradv24.0.2,tradv24.0.2
9747,tradv25.0.1,tradv25.0.1
9748,tradv26.0,tradv26.0
9749,tradv24.0.3,tradv24.0.3
9750,tradv25.0.2,tradv25.0.2
9751,tradv23.0.1,tradv23.0.1
9752,tradv24.0.4,tradv24.0.4
9753,tradv25.0.3,tradv25.0.3
9754,tradv24.0.5,tradv24.0.5
9755,tradv23.0.2,tradv23.0.2
9756,tradv25.0.4,tradv25.0.4
9757,tradv27.0,tradv27.0
9758,tradv28.0,tradv28.0
9759,tradv29.0,tradv29.0
9760,tradv30.0.1,tradv30.0.1
9761,tradv31.0,tradv31.0
9762,tradv23.1.4,tradv23.1.4
9763,CU571384.1,CU571384.1
9764,BX901889.3,BX901889.3
9765,BX901889.2,BX901889.2
9766,BX901889.4,BX901889.4
9767,BX901889.1,BX901889.1
9768,BX901889.5,BX901889.5
9769,tradv30.0.6,tradv30.0.6
9770,tradv23.3.8,tradv23.3.8
9771,tradv36.2.12,tradv36.2.12
9772,tradv40.0,tradv40.0
9773,tradv41.0,tradv41.0
9774,ing5b,ing5b
9775,pak2a,pak2a
9776,CT027583.2,CT027583.2
9777,klhl6,klhl6
9778,ccnl1b,ccnl1b
9779,ptx3b,ptx3b
9780,golim4b,golim4b
9781,CT027583.1,CT027583.1
9782,pdcd10b,pdcd10b
9783,dre-mir-2198,dre-mir-2198
9784,slitrk3b,slitrk3b
9785,nrd1a,nrd1a
9786,si:dkey-193b15.8,sidkey193b15.8
9787,BX470229.1,BX470229.1
9788,rabgap1l2,rabgap1l2
9789,si:dkey-193b15.5,sidkey193b15.5
9790,zgc:153654,zgc153654
9791,map1sb,map1sb
9792,CARTPT,CARTPT
9793,gadd45bb,gadd45bb
9794,gng7,gng7
9795,diras1b,diras1b
9796,zgc:101744,zgc101744
9797,slc1a8b,slc1a8b
9798,elavl1a,elavl1a
9799,pex19,pex19
9800,tspan37,tspan37
9801,copa,copa
9802,apoda.2,apoda.2
9803,apoda.1,apoda.1
9804,samd7,samd7
9805,sec62,sec62
9806,nadkb,nadkb
9807,gpr160,gpr160
9808,skila,skila
9809,prkci,prkci
9810,BX511231.1,BX511231.1
9811,phc3,phc3
9812,si:dkey-57k2.7,sidkey57k2.7
9813,si:dkey-57k2.7-1,sidkey57k2.7-1
9814,si:dkey-57k2.6,sidkey57k2.6
9815,dapk3,dapk3
9816,sppl2,sppl2
9817,arhgef18a,arhgef18a
9818,insra,insra
9819,hiat1a,hiat1a
9820,myo9b,myo9b
9821,MYADM-1,MYADM-1
9822,ftr66,ftr66
9823,nfatc4,nfatc4
9824,ltb4r2b,ltb4r2b
9825,sdr39u1,sdr39u1
9826,rpph1,rpph1
9827,mettl17,mettl17
9828,AL954692.1,AL954692.1
9829,parp2,parp2
9830,si:ch211-284o19.8,sich211284o19.8
9831,zgc:66427,zgc66427
9832,cbln13,cbln13
9833,hbl4,hbl4
9834,mbl2,mbl2
9835,hbl2,hbl2
9836,zmp:0000000729,zmp0000000729
9837,tep1,tep1
9838,LO017954.1,LO017954.1
9839,cbln10,cbln10
9840,cbln14,cbln14
9841,cbln9,cbln9
9842,apol1,apol1
9843,si:rp71-1g18.13,sirp711g18.13
9844,pcp4l1,pcp4l1
9845,dcaf8,dcaf8
9846,hnrnpc,hnrnpc
9847,cbln5,cbln5
9848,casq1a,casq1a
9849,si:rp71-1g18.1,sirp711g18.1
9850,tox4a,tox4a
9851,chd8,chd8
9852,cbln12,cbln12
9853,trim110,trim110
9854,sall2,sall2
9855,mmp14b,mmp14b
9856,acin1a,acin1a
9857,C2H14orf119,C2H14orf119
9858,si:ch211-14a17.10,sich21114a17.10
9859,dhrs1,dhrs1
9860,homeza,homeza
9861,rnf212b,rnf212b
9862,zp3f.1,zp3f.1
9863,zp3f.2,zp3f.2
9864,ap1g2,ap1g2
9865,nedd8l,nedd8l
9866,slc7a8b,slc7a8b
9867,prmt5,prmt5
9868,psmb11a,psmb11a
9869,psmb5,psmb5
9870,cdh24b,cdh24b
9871,FQ377660.1,FQ377660.1
9872,carmil3,carmil3
9873,si:ch211-119o8.4,sich211119o8.4
9874,rem2,rem2
9875,si:ch211-119o8.6,sich211119o8.6
9876,copb2,copb2
9877,rbp2b,rbp2b
9878,rbp1.2,rbp1.2
9879,rbp1.1,rbp1.1
9880,AL953896.1,AL953896.1
9881,CU179756.1,CU179756.1
9882,nmnat3,nmnat3
9883,clstn2,clstn2
9884,BX248328.1,BX248328.1
9885,cbln7,cbln7
9886,spsb4a,spsb4a
9887,zgc:136870,zgc136870
9888,slc25a36a,slc25a36a
9889,CR354538.1,CR354538.1
9890,CU929371.1,CU929371.1
9891,epha4a,epha4a
9892,si:ch211-122l24.6,sich211122l24.6
9893,FP236331.1,FP236331.1
9894,ccl34a.3,ccl34a.3
9895,ccl34a.4,ccl34a.4
9896,epha4b,epha4b
9897,CR931819.2,CR931819.2
9898,CR931819.1,CR931819.1
9899,CT583650.1,CT583650.1
9900,BX005042.1,BX005042.1
9901,uggt1,uggt1
9902,hs6st1a,hs6st1a
9903,BX510333.1,BX510333.1
9904,CU302321.2,CU302321.2
9905,LO018352.1,LO018352.1
9906,CU302321.1,CU302321.1
9907,BX890557.1,BX890557.1
9908,otomp,otomp
9909,acvr1l,acvr1l
9910,d2hgdh,d2hgdh
9911,znf622,znf622
9912,SSBP4,SSBP4
9913,keap1a,keap1a
9914,crlf1a,crlf1a
9915,odf3l2a,odf3l2a
9916,ebi3,ebi3
9917,BX663525.1,BX663525.1
9918,si:dkey-97a13.6,sidkey97a13.6
9919,BX663525.2,BX663525.2
9920,gbp2,gbp2
9921,gbp1,gbp1
9922,cspp1b,cspp1b
9923,vcpip1,vcpip1
9924,si:dkey-97a13.12,sidkey97a13.12
9925,adhfe1,adhfe1
9926,crha,crha
9927,trim55a,trim55a
9928,cyp7b1,cyp7b1
9929,slc39a6,slc39a6
9930,tmeff1a,tmeff1a
9931,cavin4a,cavin4a
9932,ift57,ift57
9933,si:ch211-235o23.1,sich211235o23.1
9934,apom,apom
9935,ftr02,ftr02
9936,ftr06,ftr06
9937,ftr04,ftr04
9938,ftr10,ftr10
9939,ftr06-1,ftr06-1
9940,ftr07,ftr07
9941,ftr08,ftr08
9942,ftr09,ftr09
9943,ftr10-1,ftr10-1
9944,si:dkey-7l6.3,sidkey7l6.3
9945,gtpbp4,gtpbp4
9946,slco5a1a,slco5a1a
9947,esyt2a,esyt2a
9948,BX005044.1,BX005044.1
9949,dip2cb,dip2cb
9950,BX294109.1,BX294109.1
9951,march11,march11
9952,myo10,myo10
9953,ftr11,ftr11
9954,ftr12,ftr12
9955,basp1,basp1
9956,BX005083.1,BX005083.1
9957,adcy8,adcy8
9958,efr3a,efr3a
9959,oc90,oc90
9960,BX511268.2,BX511268.2
9961,BX511268.1,BX511268.1
9962,kcnq3,kcnq3
9963,lrrc6,lrrc6
9964,ftr13,ftr13
9965,ftr14,ftr14
9966,ftr12-1,ftr12-1
9967,crema,crema
9968,pard3ab,pard3ab
9969,nrp1b,nrp1b
9970,CABZ01058723.1,CABZ01058723.1
9971,CABZ01058721.1,CABZ01058721.1
9972,itgb1b,itgb1b
9973,epc1b,epc1b
9974,itgb1b.1,itgb1b.1
9975,itgb1b.2,itgb1b.2
9976,FO704635.1,FO704635.1
9977,kif5ba,kif5ba
9978,ftr16,ftr16
9979,arhgap12a,arhgap12a
9980,zeb1a,zeb1a
9981,nlrb5,nlrb5
9982,gbp3,gbp3
9983,si:ch211-195h23.3,sich211195h23.3
9984,si:ch211-195h23.4,sich211195h23.4
9985,kirrel1b,kirrel1b
9986,cadm3,cadm3
9987,sdhc,sdhc
9988,atp1a2a,atp1a2a
9989,mpz,mpz
9990,lig1,lig1
9991,zgc:152670,zgc152670
9992,si:ch211-265g22.4,sich211265g22.4
9993,BX005060.1,BX005060.1
9994,pip4p1a,pip4p1a
9995,pih1d3,pih1d3
9996,kcnab1b,kcnab1b
9997,pask,pask
9998,BX323035.1,BX323035.1
9999,MTERF4,MTERF4
10000,BX323035.2,BX323035.2
10001,klhl24a,klhl24a
10002,yeats2,yeats2
10003,yeats2-1,yeats2-1
10004,map6d1,map6d1
10005,acsm3,acsm3
10006,ncapd2,ncapd2
10007,CR788281.2,CR788281.2
10008,CR788281.1,CR788281.1
10009,ece2a,ece2a
10010,BX649599.1,BX649599.1
10011,camk2n1a,camk2n1a
10012,mul1a,mul1a
10013,alg3,alg3
10014,vwa5b2,vwa5b2
10015,prss56,prss56
10016,si:dkey-76d14.2,sidkey76d14.2
10017,CR293505.1,CR293505.1
10018,chrng,chrng
10019,CU929150.3,CU929150.3
10020,CU929150.2,CU929150.2
10021,eif4e2,eif4e2
10022,capn10,capn10
10023,CU929150.1,CU929150.1
10024,CR407590.2,CR407590.2
10025,ccl20a.3,ccl20a.3
10026,dre-mir-181b-1,dre-mir-181b-1
10027,camsap2b,camsap2b
10028,si:dkey-13n23.3-1,sidkey13n23.3-1
10029,SAMD9,SAMD9
10030,wdr47a,wdr47a
10031,si:ch211-66k16.27,sich21166k16.27
10032,si:ch211-66k16.2,sich21166k16.2
10033,si:ch211-66k16.28,sich21166k16.28
10034,gpsm2,gpsm2
10035,aknad1,aknad1
10036,fndc7a,fndc7a
10037,fndc7rs2,fndc7rs2
10038,fndc7rs1,fndc7rs1
10039,CR450720.1,CR450720.1
10040,fndc7rs3,fndc7rs3
10041,fndc7rs4,fndc7rs4
10042,prpf38b,prpf38b
10043,fam102ba,fam102ba
10044,gpc5c,gpc5c
10045,CU467828.1,CU467828.1
10046,si:ch211-170p16.1-1,sich211170p16.1-1
10047,CR762395.1,CR762395.1
10048,gpc1b,gpc1b
10049,CR356240.1,CR356240.1
10050,FQ377603.1,FQ377603.1
10051,ephb1,ephb1
10052,si:ch211-226f6.1,sich211226f6.1
10053,BX248512.1,BX248512.1
10054,BX248512.2,BX248512.2
10055,si:ch211-284d12.3,sich211284d12.3
10056,FP101908.1,FP101908.1
10057,CABZ01113830.1,CABZ01113830.1
10058,BX085193.2,BX085193.2
10059,pax3a,pax3a
10060,BX085193.1,BX085193.1
10061,acsl3b,acsl3b
10062,BX085193.3,BX085193.3
10063,scg2b,scg2b
10064,ap1s3b,ap1s3b
10065,si:ch211-165b10.3,sich211165b10.3
10066,cul3a,cul3a
10067,mbnl1,mbnl1
10068,CU929191.1,CU929191.1
10069,ftr05,ftr05
10070,ftr22,ftr22
10071,ftr23,ftr23
10072,ftr24,ftr24
10073,ftr25,ftr25
10074,ftr26,ftr26
10075,BX548047.1,BX548047.1
10076,ftr19,ftr19
10077,fzd8b,fzd8b
10078,si:ch211-77g15.32,sich21177g15.32
10079,klf6b,klf6b
10080,pitrm1,pitrm1
10081,pfkpb,pfkpb
10082,snorc,snorc
10083,gigyf2,gigyf2
10084,BX890608.1,BX890608.1
10085,lpar5a,lpar5a
10086,itm2cb,itm2cb
10087,hes6,hes6
10088,per2,per2
10089,si:ch211-195j11.30,sich211195j11.30
10090,BX890608.2,BX890608.2
10091,si:ch211-195j11.27,sich211195j11.27
10092,CR391991.2,CR391991.2
10093,CR391991.3,CR391991.3
10094,CR391991.1,CR391991.1
10095,CR391991.5,CR391991.5
10096,CR391991.4,CR391991.4
10097,si:dkeyp-94g1.1,sidkeyp94g1.1
10098,CR381673.3,CR381673.3
10099,CR381673.1,CR381673.1
10100,CR381673.2,CR381673.2
10101,si:dkey-53k12.1,sidkey53k12.1
10102,CABZ01044731.1,CABZ01044731.1
10103,CABZ01044731.2,CABZ01044731.2
10104,svilb,svilb
10105,kcnj9,kcnj9
10106,cdc34b,cdc34b
10107,abhd17aa,abhd17aa
10108,sema6ba,sema6ba
10109,CT583662.1,CT583662.1
10110,rorcb,rorcb
10111,sh3gl1a,sh3gl1a
10112,stap2a,stap2a
10113,si:ch211-209f23.3,sich211209f23.3
10114,sema4e,sema4e
10115,cactin,cactin
10116,si:ch211-209f23.6,sich211209f23.6
10117,si:ch211-209f23.7,sich211209f23.7
10118,BX323861.1,BX323861.1
10119,BX323861.2,BX323861.2
10120,BX323861.3,BX323861.3
10121,BX284666.2,BX284666.2
10122,BX284666.3,BX284666.3
10123,si:ch211-190k17.19,sich211190k17.19
10124,wdr48b,wdr48b
10125,blvra,blvra
10126,BX284666.1,BX284666.1
10127,rpl37,rpl37
10128,hecw1b,hecw1b
10129,ccr12a,ccr12a
10130,si:ch211-106n13.3,sich211106n13.3
10131,zcchc2,zcchc2
10132,exoc3,exoc3
10133,ahrrb,ahrrb
10134,mcm6l,mcm6l
10135,BX927101.1,BX927101.1
10136,cul1a,cul1a
10137,cntnap2b,cntnap2b
10138,viml,viml
10139,CABZ01067968.1,CABZ01067968.1
10140,PDE1C,PDE1C
10141,CABZ01053213.1,CABZ01053213.1
10142,neurod6b,neurod6b
10143,CABZ01053221.1,CABZ01053221.1
10144,CABZ01053221.2,CABZ01053221.2
10145,xcr1b.1,xcr1b.1
10146,fyco1b,fyco1b
10147,adcyap1r1a-1,adcyap1r1a-1
10148,ghrhra,ghrhra
10149,si:ch211-249o11.5,sich211249o11.5
10150,eef1da,eef1da
10151,ftr87,ftr87
10152,ftr67,ftr67
10153,BX255896.1,BX255896.1
10154,THEM6,THEM6
10155,them6,them6
10156,lrrc24,lrrc24
10157,pigrl4.2,pigrl4.2
10158,si:ch211-215e19.6,sich211215e19.6
10159,si:ch211-215e19.4,sich211215e19.4
10160,si:ch211-215e19.3,sich211215e19.3
10161,pigrl3.5,pigrl3.5
10162,si:ch211-215e19.8,sich211215e19.8
10163,si:dkeyp-104b3.21,sidkeyp104b3.21
10164,si:dkeyp-104b3.18,sidkeyp104b3.18
10165,BX677667.2,BX677667.2
10166,BX677667.1,BX677667.1
10167,si:dkeyp-104b3.2,sidkeyp104b3.2
10168,BX677667.3,BX677667.3
10169,si:dkeyp-104b3.1,sidkeyp104b3.1
10170,LO018493.2,LO018493.2
10171,pigrl2.3,pigrl2.3
10172,pigrl3.5-1,pigrl3.5-1
10173,pigrl2.3-1,pigrl2.3-1
10174,LO018493.1,LO018493.1
10175,si:ch211-9d9.7,sich2119d9.7
10176,si:ch211-9d9.8,sich2119d9.8
10177,pigr,pigr
10178,dad1,dad1
10179,abhd4,abhd4
10180,tgm1l1,tgm1l1
10181,si:ch211-9d9.1,sich2119d9.1
10182,BX908782.2,BX908782.2
10183,ly97.2,ly97.2
10184,crygn1,crygn1
10185,ly97.3,ly97.3
10186,acvr2bb,acvr2bb
10187,BX908782.1,BX908782.1
10188,scn12aa,scn12aa
10189,yju2,yju2
10190,shda,shda
10191,theg,theg
10192,CABZ01040021.1,CABZ01040021.1
10193,plpp2a,plpp2a
10194,tle2c,tle2c
10195,chico,chico
10196,gna11b,gna11b
10197,LO018490.1,LO018490.1
10198,ralbp1,ralbp1
10199,creb3l3b,creb3l3b
10200,sirt6,sirt6
10201,si:ch211-182e10.4,sich211182e10.4
10202,zgc:165603,zgc165603
10203,celf5b,celf5b
10204,hsd11b1lb,hsd11b1lb
10205,admp,admp
10206,im:7138239,im7138239
10207,ccl25a,ccl25a
10208,ranbp3b,ranbp3b
10209,CU861888.1,CU861888.1
10210,ctnnbl1,ctnnbl1
10211,CABZ01050238.1,CABZ01050238.1
10212,capsla,capsla
10213,FO834855.1,FO834855.1
10214,abhd8a,abhd8a
10215,CABZ01050249.1,CABZ01050249.1
10216,PIEZO2,PIEZO2
10217,CU179656.2,CU179656.2
10218,LO018508.1,LO018508.1
10219,napgb,napgb
10220,rab12,rab12
10221,CABZ01050280.1,CABZ01050280.1
10222,mtcl1,mtcl1
10223,acss2l,acss2l
10224,ndufv2,ndufv2
10225,ankrd12,ankrd12
10226,FQ378001.1,FQ378001.1
10227,twsg1a,twsg1a
10228,rnf126,rnf126
10229,CABZ01086574.1,CABZ01086574.1
10230,zmp:0000000521,zmp0000000521
10231,cib3,cib3
10232,rab8a,rab8a
10233,tpm4b,tpm4b
10234,LPL,LPL
10235,ap1m1,ap1m1
10236,klf2b,klf2b
10237,CABZ01066727.1,CABZ01066727.1
10238,CABZ01066725.1,CABZ01066725.1
10239,calr3b,calr3b
10240,rx2,rx2
10241,cplx4c,cplx4c
10242,atcayb,atcayb
10243,CU013534.2,CU013534.2
10244,nmrk2,nmrk2
10245,loxl5b,loxl5b
10246,CU013534.1,CU013534.1
10247,si:ch211-178n15.1,sich211178n15.1
10248,jund,jund
10249,pgpep1,pgpep1
10250,upf1,upf1
10251,homer3a,homer3a
10252,uba52,uba52
10253,cers4b,cers4b
10254,ctxn1,ctxn1
10255,rab11bb,rab11bb
10256,CU469531.1,CU469531.1
10257,CU469531.2,CU469531.2
10258,pip5k1cb,pip5k1cb
10259,gpx4b,gpx4b
10260,POLR2E,POLR2E
10261,arhgap45a,arhgap45a
10262,sbno2a,sbno2a
10263,CU651595.1,CU651595.1
10264,CU651595.2,CU651595.2
10265,zgc:85843,zgc85843
10266,CABZ01117752.1,CABZ01117752.1
10267,CU634008.1,CU634008.1
10268,slc25a42,slc25a42
10269,dre-mir-7148,dre-mir-7148
10270,ARMC6,ARMC6
10271,eef2b,eef2b
10272,btbd2b,btbd2b
10273,mbd3a,mbd3a
10274,si:ch1073-325m22.2,sich1073325m22.2
10275,tcf3a,tcf3a
10276,map2k2b,map2k2b
10277,pias4b,pias4b
10278,onecut3b,onecut3b
10279,CABZ01060891.1,CABZ01060891.1
10280,si:dkeyp-68b7.10,sidkeyp68b7.10
10281,sf3a2,sf3a2
10282,plekhj1,plekhj1
10283,TPGS1,TPGS1
10284,si:dkeyp-68b7.7,sidkeyp68b7.7
10285,si:dkeyp-68b7.7-1,sidkeyp68b7.7-1
10286,si:dkeyp-68b7.5,sidkeyp68b7.5
10287,si:dkeyp-68b7.12,sidkeyp68b7.12
10288,si:ch211-155e24.3,sich211155e24.3
10289,nectin4b,nectin4b
10290,fcer1gl,fcer1gl
10291,CABZ01110881.1,CABZ01110881.1
10292,si:ch1073-185p12.2,sich1073185p12.2
10293,pnp5b,pnp5b
10294,KCNJ10,KCNJ10
10295,foxl2b,foxl2b
10296,AL954696.2,AL954696.2
10297,AL954696.1,AL954696.1
10298,vapal,vapal
10299,CU694255.2,CU694255.2
10300,ENSDARG00000098203,ENSDARG00000098203
10301,epb41l3b,epb41l3b
10302,CABZ01081294.2,CABZ01081294.2
10303,CABZ01081294.1,CABZ01081294.1
10304,CABZ01083448.1,CABZ01083448.1
10305,ptprsa,ptprsa
10306,cirbpa,cirbpa
10307,fem1a,fem1a
10308,CABZ01085658.1,CABZ01085658.1
10309,mau2,mau2
10310,sugp1,sugp1
10311,CABZ01100278.1,CABZ01100278.1
10312,si:ch1073-391i24.1,sich1073391i24.1
10313,CU914601.1,CU914601.1
10314,stk11,stk11
10315,dre-mir-9-7,dre-mir-9-7
10316,ftr36,ftr36
10317,ftr32,ftr32
10318,BX323812.2,BX323812.2
10319,BX323812.1,BX323812.1
10320,ftr95,ftr95
10321,ftr30,ftr30
10322,ftr29,ftr29
10323,ftr32-1,ftr32-1
10324,ftr33,ftr33
10325,ftr34,ftr34
10326,ftr35,ftr35
10327,ftr36-1,ftr36-1
10328,BX537288.2,BX537288.2
10329,BX537288.1,BX537288.1
10330,ftr37,ftr37
10331,ftr38,ftr38
10332,ftr39p,ftr39p
10333,CU861477.1,CU861477.1
10334,rpl24,rpl24
10335,cep97,cep97
10336,nfkbiz,nfkbiz
10337,CU651657.1,CU651657.1
10338,eed,eed
10339,hikeshi,hikeshi
10340,tmem39a,tmem39a
10341,ildr1a,ildr1a
10342,si:zfos-1011f11.2,sizfos1011f11.2
10343,gpa33a,gpa33a
10344,FP067451.1,FP067451.1
10345,f7l,f7l
10346,f7,f7
10347,f7i,f7i
10348,f10,f10
10349,prozb,prozb
10350,pcid2,pcid2
10351,cul4a,cul4a
10352,FO681286.1,FO681286.1
10353,lamp1a,lamp1a
10354,grtp1a,grtp1a
10355,adprhl1,adprhl1
10356,dcun1d2b,dcun1d2b
10357,tmco3,tmco3
10358,tfdp1b,tfdp1b
10359,grk1a,grk1a
10360,cenpe,cenpe
10361,gas6,gas6
10362,pros1,pros1
10363,rasa3,rasa3
10364,tpp2,tpp2
10365,METTL21C,METTL21C
10366,zgc:92518,zgc92518
10367,ercc5,ercc5
10368,blzf1,blzf1
10369,trmt10c,trmt10c
10370,txnl4b,txnl4b
10371,si:ch73-41e3.7,sich7341e3.7
10372,mrpl16,mrpl16
10373,mrpl39,mrpl39
10374,CU571081.1,CU571081.1
10375,dre-mir-155,dre-mir-155
10376,jam2a,jam2a
10377,atp5pf,atp5pf
10378,appa,appa
10379,cyyr1,cyyr1
10380,adamts1,adamts1
10381,adamts5,adamts5
10382,gart,gart
10383,n6amt1,n6amt1
10384,CU611053.1,CU611053.1
10385,CR450787.2,CR450787.2
10386,CR450787.1,CR450787.1
10387,CZQB01066256.1,CZQB01066256.1
10388,runx1,runx1
10389,dre-mir-459,dre-mir-459
10390,urp2,urp2
10391,clic6,clic6
10392,atp1a1a.4,atp1a1a.4
10393,atp1a1a.1,atp1a1a.1
10394,atp1a1a.2,atp1a1a.2
10395,atp1a1a.3,atp1a1a.3
10396,atp1a1a.5,atp1a1a.5
10397,si:ch211-132g1.3,sich211132g1.3
10398,si:ch211-132g1.6,sich211132g1.6
10399,si:ch211-132g1.4,sich211132g1.4
10400,si:ch211-132g1.1,sich211132g1.1
10401,si:ch211-132g1.7,sich211132g1.7
10402,slc5a3a,slc5a3a
10403,oxgr1a.1,oxgr1a.1
10404,oxgr1a.3,oxgr1a.3
10405,oxgr1a.2,oxgr1a.2
10406,mbnl2,mbnl2
10407,rap2ab,rap2ab
10408,kpnb3,kpnb3
10409,CR352215.1,CR352215.1
10410,farp1,farp1
10411,si:ch211-235f1.3,sich211235f1.3
10412,CR352215.2,CR352215.2
10413,ggact.3,ggact.3
10414,ggact.2,ggact.2
10415,ggact.1,ggact.1
10416,CU986306.1,CU986306.1
10417,gpc6a,gpc6a
10418,gpc5a,gpc5a
10419,dre-mir-92a-1,dre-mir-92a-1
10420,dre-mir-19b,dre-mir-19b
10421,dre-mir-20a,dre-mir-20a
10422,dre-mir-19a,dre-mir-19a
10423,dre-mir-18a,dre-mir-18a
10424,dre-mir-17a-1,dre-mir-17a-1
10425,CABZ01113467.1,CABZ01113467.1
10426,CABZ01063288.1,CABZ01063288.1
10427,slitrk6,slitrk6
10428,FP009765.2,FP009765.2
10429,FP009765.1,FP009765.1
10430,FO744838.1,FO744838.1
10431,FQ790365.1,FQ790365.1
10432,spry2,spry2
10433,ndfip2,ndfip2
10434,tuba8l2,tuba8l2
10435,stk16,stk16
10436,atic,atic
10437,mnx2b,mnx2b
10438,fn1b,fn1b
10439,cpo,cpo
10440,nrp2a,nrp2a
10441,pard3ba,pard3ba
10442,pard3ba-1,pard3ba-1
10443,abcb6a,abcb6a
10444,cnppd1,cnppd1
10445,prkag3a,prkag3a
10446,retreg2,retreg2
10447,mdh1b,mdh1b
10448,fastkd2,fastkd2
10449,gtf3c3,gtf3c3
10450,LO018629.1,LO018629.1
10451,hecw2b,hecw2b
10452,klf7a,klf7a
10453,CU571320.1,CU571320.1
10454,si:ch211-93g23.2,sich21193g23.2
10455,ube2f,ube2f
10456,AL929396.1,AL929396.1
10457,CU302223.1,CU302223.1
10458,erbb4a,erbb4a
10459,CU928069.1,CU928069.1
10460,CU929161.1,CU929161.1
10461,CABZ01075319.1,CABZ01075319.1
10462,CABZ01075316.1,CABZ01075316.1
10463,ERBB4,ERBB4
10464,lancl1,lancl1
10465,mylz3,mylz3
10466,pcnp,pcnp
10467,mxa,mxa
10468,mxb,mxb
10469,efnb2b,efnb2b
10470,arglu1b,arglu1b
10471,en1b,en1b
10472,BX908756.1,BX908756.1
10473,BX908756.3,BX908756.3
10474,BX908756.2,BX908756.2
10475,radil,radil
10476,mmd2b,mmd2b
10477,CR855320.4,CR855320.4
10478,CR855320.5,CR855320.5
10479,CR855320.6,CR855320.6
10480,si:dkey-79f11.10,sidkey79f11.10
10481,si:dkey-79f11.9,sidkey79f11.9
10482,si:dkey-79f11.8,sidkey79f11.8
10483,CR855320.1,CR855320.1
10484,si:dkey-79f11.7,sidkey79f11.7
10485,CR855320.2,CR855320.2
10486,si:dkey-79f11.5,sidkey79f11.5
10487,CR855320.3,CR855320.3
10488,si:dkeyp-9d4.2,sidkeyp9d4.2
10489,si:dkeyp-9d4.3,sidkeyp9d4.3
10490,SLC5A10,SLC5A10
10491,FAM83G,FAM83G
10492,grapb,grapb
10493,cacna1hb,cacna1hb
10494,syngr3b,syngr3b
10495,myo15ab,myo15ab
10496,AL928835.1,AL928835.1
10497,alkbh5,alkbh5
10498,mief2,mief2
10499,smcr8b,smcr8b
10500,zgc:112980,zgc112980
10501,ptcd1,ptcd1
10502,AL928650.2,AL928650.2
10503,AL928650.4,AL928650.4
10504,AL928650.3,AL928650.3
10505,si:ch211-160d14.15,sich211160d14.15
10506,SLC29A4,SLC29A4
10507,AL928650.1,AL928650.1
10508,fbxl18,fbxl18
10509,actb1,actb1
10510,fscn1b,fscn1b
10511,abcg2b,abcg2b
10512,C3H16orf72-1,C3H16orf72-1
10513,grin2ab,grin2ab
10514,CT573178.1,CT573178.1
10515,socs1b,socs1b
10516,CU467110.1,CU467110.1
10517,si:ch73-191k20.3,sich73191k20.3
10518,tlr2,tlr2
10519,prkcba,prkcba
10520,BX004779.3,BX004779.3
10521,cacng3a,cacng3a
10522,si:ch211-14k19.8,sich21114k19.8
10523,vap,vap
10524,vap-1,vap-1
10525,ndufab1a,ndufab1a
10526,palb2,palb2
10527,rasd3,rasd3
10528,plk1,plk1
10529,BX004779.2,BX004779.2
10530,ern2,ern2
10531,BX004779.1,BX004779.1
10532,chtf18,chtf18
10533,gng13a,gng13a
10534,si:dkeyp-57d7.4,sidkeyp57d7.4
10535,zgc:136472,zgc136472
10536,ubn1,ubn1
10537,BX323038.1,BX323038.1
10538,uncx4.1,uncx4.1
10539,AL954703.1,AL954703.1
10540,micall2b,micall2b
10541,si:ch73-12o23.1,sich7312o23.1
10542,elfn1b,elfn1b
10543,ugt5b5,ugt5b5
10544,ugt5b2,ugt5b2
10545,ugt5b4,ugt5b4
10546,ugt5b2-1,ugt5b2-1
10547,ugt5b1,ugt5b1
10548,mad1l1,mad1l1
10549,pmm2,pmm2
10550,C1H7orf26,C1H7orf26
10551,rgs11,rgs11
10552,pgap6,pgap6
10553,pdia2,pdia2
10554,si:dkeyp-75b4.8,sidkeyp75b4.8
10555,si:dkeyp-75b4.7,sidkeyp75b4.7
10556,si:dkeyp-75b4.9,sidkeyp75b4.9
10557,si:dkeyp-75b4.10,sidkeyp75b4.10
10558,trim2b,trim2b
10559,rnf175,rnf175
10560,fgb,fgb
10561,fga,fga
10562,si:ch73-132f6.5,sich73132f6.5
10563,lratb.1,lratb.1
10564,lratb.2,lratb.2
10565,rbm46,rbm46
10566,npy2rl,npy2rl
10567,CR854964.1,CR854964.1
10568,eif3f,eif3f
10569,zgc:77880,zgc77880
10570,pip4p1b,pip4p1b
10571,FRMD7,FRMD7
10572,AL935188.1,AL935188.1
10573,dachb,dachb
10574,cnpy3,cnpy3
10575,trpc5a,trpc5a
10576,zgc:174945,zgc174945
10577,si:dkey-31e10.1,sidkey31e10.1
10578,AL953910.1,AL953910.1
10579,si:dkey-31e10.5,sidkey31e10.5
10580,CU915827.1,CU915827.1
10581,MPC2,MPC2
10582,atp1b1b,atp1b1b
10583,cnga3b,cnga3b
10584,si:ch73-222h13.1,sich73222h13.1
10585,crfb15,crfb15
10586,dmd,dmd
10587,BX323090.1,BX323090.1
10588,BX004756.1,BX004756.1
10589,knl1,knl1
10590,knstrn,knstrn
10591,sdk1b,sdk1b
10592,CU929103.1,CU929103.1
10593,CU929311.1,CU929311.1
10594,si:dkey-26i13.7,sidkey26i13.7
10595,si:dkey-26i13.6,sidkey26i13.6
10596,si:dkey-26i13.5,sidkey26i13.5
10597,si:dkey-26i13.3,sidkey26i13.3
10598,chst12b,chst12b
10599,GNA12,GNA12
10600,brat1,brat1
10601,eif3bb,eif3bb
10602,si:dkey-26i13.8,sidkey26i13.8
10603,chst12b-1,chst12b-1
10604,ttyh3b,ttyh3b
10605,iqce,iqce
10606,snx8b,snx8b
10607,grk4,grk4
10608,tspan5b,tspan5b
10609,slc24a2,slc24a2
10610,si:dkey-58j15.11,sidkey58j15.11
10611,saraf,saraf
10612,pla2g12a,pla2g12a
10613,si:dkey-58j15.10,sidkey58j15.10
10614,xpa,xpa
10615,mttp,mttp
10616,spink4,spink4
10617,b4galt1,b4galt1
10618,stra6l,stra6l
10619,tdrd7a,tdrd7a
10620,tmod1,tmod1
10621,cplx2l,cplx2l
10622,gne,gne
10623,nansa,nansa
10624,clta,clta
10625,sclt1,sclt1
10626,C1H4orf33,C1H4orf33
10627,CT033816.1,CT033816.1
10628,BX511261.1,BX511261.1
10629,BX511261.2,BX511261.2
10630,CU550719.2,CU550719.2
10631,CU550719.1,CU550719.1
10632,CU550697.1,CU550697.1
10633,pcdh10a,pcdh10a
10634,BX323031.2,BX323031.2
10635,BX323031.1,BX323031.1
10636,CT009746.1,CT009746.1
10637,BX323837.1,BX323837.1
10638,si:dkey-5n7.2,sidkey5n7.2
10639,pcdh18a,pcdh18a
10640,BX004970.1,BX004970.1
10641,FP236197.1,FP236197.1
10642,BX539308.1,BX539308.1
10643,BX511211.1,BX511211.1
10644,noctb,noctb
10645,elf2b,elf2b
10646,hpf1,hpf1
10647,ank2a,ank2a
10648,CR388002.1,CR388002.1
10649,camk2d2,camk2d2
10650,cxcl8a,cxcl8a
10651,pde5aa,pde5aa
10652,ppp2r2ca,ppp2r2ca
10653,wfs1a,wfs1a
10654,BX530018.3,BX530018.3
10655,crmp1,crmp1
10656,DRD5,DRD5
10657,fip1l1b,fip1l1b
10658,chic2,chic2
10659,BX530018.2,BX530018.2
10660,slc34a2a,slc34a2a
10661,rbpja,rbpja
10662,stim2a,stim2a
10663,si:dkey-194g4.1,sidkey194g4.1
10664,CR847936.7,CR847936.7
10665,CR847936.6,CR847936.6
10666,CR847936.9,CR847936.9
10667,CR847936.4,CR847936.4
10668,CR847936.10,CR847936.10
10669,CR847936.2,CR847936.2
10670,CR847936.8,CR847936.8
10671,CR847936.3,CR847936.3
10672,CR847936.1,CR847936.1
10673,CU138548.5,CU138548.5
10674,CR847936.5,CR847936.5
10675,CU138548.10,CU138548.10
10676,CU138548.1,CU138548.1
10677,CU138548.8,CU138548.8
10678,CU138548.9,CU138548.9
10679,CU138548.2,CU138548.2
10680,CU138548.3,CU138548.3
10681,CU138548.4,CU138548.4
10682,CU138548.7,CU138548.7
10683,CU138548.6,CU138548.6
10684,pcdh7a,pcdh7a
10685,itln1,itln1
10686,hgsnat,hgsnat
10687,pi4k2b,pi4k2b
10688,dlc1,dlc1
10689,CR848833.1,CR848833.1
10690,SGCZ,SGCZ
10691,tusc3,tusc3
10692,CU633160.1,CU633160.1
10693,fgf20a,fgf20a
10694,micu3a,micu3a
10695,CT573256.2,CT573256.2
10696,CT573256.3,CT573256.3
10697,CT573256.1,CT573256.1
10698,vps37a,vps37a
10699,mtmr7b,mtmr7b
10700,mtus1b,mtus1b
10701,pcm1,pcm1
10702,asah1b,asah1b
10703,frg1,frg1
10704,CR377220.1,CR377220.1
10705,CR377220.2,CR377220.2
10706,BX928751.8,BX928751.8
10707,BX928751.5,BX928751.5
10708,BX928751.6,BX928751.6
10709,BX928751.1,BX928751.1
10710,BX928751.3,BX928751.3
10711,BX928751.4,BX928751.4
10712,BX928751.2,BX928751.2
10713,BX928751.7,BX928751.7
10714,BX511093.1,BX511093.1
10715,fat1a,fat1a
10716,BX537280.1,BX537280.1
10717,casp3a,casp3a
10718,acsl1a,acsl1a
10719,helt,helt
10720,si:dkey-256e7.5,sidkey256e7.5
10721,si:dkey-256e7.5-1,sidkey256e7.5-1
10722,slc25a4,slc25a4
10723,si:dkey-256e7.8,sidkey256e7.8
10724,cfap97,cfap97
10725,ankrd37,ankrd37
10726,ufsp2,ufsp2
10727,pdlim3a,pdlim3a
10728,sorbs2a,sorbs2a
10729,CR774194.1,CR774194.1
10730,tlr3,tlr3
10731,cyp4v8,cyp4v8
10732,CR391953.1,CR391953.1
10733,AL929210.2,AL929210.2
10734,AL929210.1,AL929210.1
10735,CR392335.1,CR392335.1
10736,mtnr1aa,mtnr1aa
10737,klhl5,klhl5
10738,si:dkey-192k22.2,sidkey192k22.2
10739,fam114a1,fam114a1
10740,klf3,klf3
10741,tbc1d1,tbc1d1
10742,pgm2,pgm2
10743,tmsb5,tmsb5
10744,slc25a51a,slc25a51a
10745,zgc:195282,zgc195282
10746,rnf38,rnf38
10747,limch1a,limch1a
10748,phox2ba,phox2ba
10749,exosc9,exosc9
10750,ptpn9b,ptpn9b
10751,ptprdb,ptprdb
10752,si:dkeyp-118a3.2,sidkeyp118a3.2
10753,tyrp1b,tyrp1b
10754,rbm47,rbm47
10755,lap3,lap3
10756,clockb,clockb
10757,kitb,kitb
10758,clrn2,clrn2
10759,smc2,smc2
10760,si:dkey-245p14.4,sidkey245p14.4
10761,ecpas,ecpas
10762,fbxo10,fbxo10
10763,polr1e,polr1e
10764,tmem192,tmem192
10765,apela,apela
10766,BX323590.3,BX323590.3
10767,BX323590.2,BX323590.2
10768,march1,march1
10769,tma16,tma16
10770,FNIP2,FNIP2
10771,BX323590.4,BX323590.4
10772,BX323590.1,BX323590.1
10773,grhprb,grhprb
10774,UBA6,UBA6
10775,apbb2b,apbb2b
10776,mettl14,mettl14
10777,prss12,prss12
10778,ndst3,ndst3
10779,CR927456.1,CR927456.1
10780,ugt8,ugt8
10781,si:ch211-142c4.1,sich211142c4.1
10782,spock3,spock3
10783,tll1,tll1
10784,cpe,cpe
10785,msmo1,msmo1
10786,CT583646.1,CT583646.1
10787,klhl2,klhl2
10788,CT583646.2,CT583646.2
10789,BX323083.1,BX323083.1
10790,BX323083.3,BX323083.3
10791,BX323083.2,BX323083.2
10792,BX323083.5,BX323083.5
10793,si:dkey-253i9.4,sidkey253i9.4
10794,npy1r,npy1r
10795,CR762427.1,CR762427.1
10796,med28,med28
10797,tmem144a,tmem144a
10798,gria2a,gria2a
10799,glrba,glrba
10800,wdr19,wdr19
10801,ncapd3,ncapd3
10802,primpol,primpol
10803,adamtsl7,adamtsl7
10804,zcchc7,zcchc7
10805,CR786570.1,CR786570.1
10806,si:ch211-134c9.2,sich211134c9.2
10807,pax5,pax5
10808,melk,melk
10809,frmpd1a,frmpd1a
10810,kdm4c,kdm4c
10811,dnah6,dnah6
10812,CR388092.1,CR388092.1
10813,si:ch73-380n15.2,sich73380n15.2
10814,chrnb3a,chrnb3a
10815,si:dkey-234d14.2,sidkey234d14.2
10816,chrna6,chrna6
10817,CR376846.1,CR376846.1
10818,chrnb5a,chrnb5a
10819,uchl1,uchl1
10820,anxa5b,anxa5b
10821,FP245458.1,FP245458.1
10822,fgfbp1b,fgfbp1b
10823,fgfbp2b,fgfbp2b
10824,zmynd10,zmynd10
10825,prom1b,prom1b
10826,tapt1b,tapt1b
10827,ldb2b,ldb2b
10828,BX908795.1,BX908795.1
10829,qdprb1,qdprb1
10830,gtf2e2,gtf2e2
10831,SMIM18,SMIM18
10832,adgrl3.1,adgrl3.1
10833,si:dkey-92j12.5,sidkey92j12.5
10834,rfc1,rfc1
10835,CR759875.1,CR759875.1
10836,rpl9,rpl9
10837,lias,lias
10838,ugdh,ugdh
10839,smim14,smim14
10840,ube2kb,ube2kb
10841,pds5a,pds5a
10842,n4bp2,n4bp2
10843,rhoh,rhoh
10844,chrna9,chrna9
10845,si:dkeyp-26a9.2,sidkeyp26a9.2
10846,fam184b,fam184b
10847,ncapg,ncapg
10848,lcorl,lcorl
10849,si:dkeyp-26a9.7,sidkeyp26a9.7
10850,CT573447.1,CT573447.1
10851,slit2,slit2
10852,dre-mir-218a-2,dre-mir-218a-2
10853,lrba,lrba
10854,mab21l2,mab21l2
10855,BX119984.1,BX119984.1
10856,BX005068.1,BX005068.1
10857,rps3a,rps3a
10858,pimr178,pimr178
10859,zgc:171517,zgc171517
10860,sh3d19,sh3d19
10861,qdprb2,qdprb2
10862,qdprb2-1,qdprb2-1
10863,fam160a1a,fam160a1a
10864,gatb,gatb
10865,dctpp1,dctpp1
10866,BX511127.1,BX511127.1
10867,fbxw7,fbxw7
10868,BX005016.1,BX005016.1
10869,tmem154,tmem154
10870,mnd1,mnd1
10871,tmem131l,tmem131l
10872,trim2a,trim2a
10873,fhdc1,fhdc1
10874,arfip1,arfip1
10875,sfrp2,sfrp2
10876,AL935184.2,AL935184.2
10877,si:dkey-30k22.7,sidkey30k22.7
10878,plrg1,plrg1
10879,fgg,fgg
10880,lrata,lrata
10881,AL935184.1,AL935184.1
10882,si:dkey-30k22.5,sidkey30k22.5
10883,npy2r,npy2r
10884,map9,map9
10885,gucy1a1,gucy1a1
10886,gucy1b1,gucy1b1
10887,fabp2,fabp2
10888,CU929073.1,CU929073.1
10889,usp53b,usp53b
10890,myoz2b,myoz2b
10891,synpo2b,synpo2b
10892,si:ch211-145b13.5,sich211145b13.5
10893,BX323448.1,BX323448.1
10894,si:ch211-145b13.6,sich211145b13.6
10895,gpank1,gpank1
10896,pdcd4a,pdcd4a
10897,mxd4,mxd4
10898,ndufb6,ndufb6
10899,toporsa,toporsa
10900,mtap,mtap
10901,cdkn2a/b,cdkn2ab
10902,CT573245.1,CT573245.1
10903,cxxc4,cxxc4
10904,CU570873.1,CU570873.1
10905,tet2,tet2
10906,ppa2,ppa2
10907,arhgef38,arhgef38
10908,ints12,ints12
10909,g3bp2,g3bp2
10910,uso1,uso1
10911,si:ch211-202n12.2,sich211202n12.2
10912,AL954695.2,AL954695.2
10913,AL954695.1,AL954695.1
10914,AL954695.3,AL954695.3
10915,coro2a,coro2a
10916,anp32b,anp32b
10917,hemgn,hemgn
10918,trmo,trmo
10919,si:dkey-25o16.4,sidkey25o16.4
10920,foxe1,foxe1
10921,sh3gl2a,sh3gl2a
10922,cntln,cntln
10923,bnc2,bnc2
10924,si:ch211-127n13.2,sich211127n13.2
10925,si:dkey-29d5.1,sidkey29d5.1
10926,si:dkey-29d5.2,sidkey29d5.2
10927,pspc1,pspc1
10928,dnajb14,dnajb14
10929,sugt1,sugt1
10930,chst10,chst10
10931,snapc3,snapc3
10932,psip1a,psip1a
10933,BX571828.2,BX571828.2
10934,BX571828.1,BX571828.1
10935,si:ch1073-440b2.1,sich1073440b2.1
10936,FO907124.1,FO907124.1
10937,ednrba,ednrba
10938,BX901881.1,BX901881.1
10939,GK3P,GK3P
10940,timmdc1,timmdc1
10941,poglut1,poglut1
10942,pwp2h,pwp2h
10943,CU469541.1,CU469541.1
10944,gpm6ba,gpm6ba
10945,gemin8,gemin8
10946,cbsa,cbsa
10947,cryaa,cryaa
10948,hsf2bp,hsf2bp
10949,ankrd10a,ankrd10a
10950,BX908780.3,BX908780.3
10951,BX908780.5,BX908780.5
10952,BX908780.1,BX908780.1
10953,si:ch211-198k9.6,sich211198k9.6
10954,cars2,cars2
10955,irs2a,irs2a
10956,lig4,lig4
10957,fam155a,fam155a
10958,BX908780.2,BX908780.2
10959,BX908780.4,BX908780.4
10960,CT573186.1,CT573186.1
10961,CT573186.2,CT573186.2
10962,CR774189.1,CR774189.1
10963,si:dkey-228l14.1,sidkey228l14.1
10964,si:dkey-1h24.2,sidkey1h24.2
10965,si:dkey-1h24.6,sidkey1h24.6
10966,raph1b,raph1b
10967,spp2,spp2
10968,alg11,alg11
10969,cpb2,cpb2
10970,zc3h13,zc3h13
10971,tm9sf2,tm9sf2
10972,zic2b,zic2b
10973,pcca,pcca
10974,march4l,march4l
10975,vps8,vps8
10976,dre-mir-740,dre-mir-740
10977,BX255890.2,BX255890.2
10978,BX255890.1,BX255890.1
10979,CR382370.1,CR382370.1
10980,C1H3orf70,C1H3orf70
10981,tmem41ab,tmem41ab
10982,CR382370.2,CR382370.2
10983,igf2bp2b,igf2bp2b
10984,ubac2,ubac2
10985,gpr183b,gpr183b
10986,dachc,dachc
10987,MZT1,MZT1
10988,bora,bora
10989,dis3,dis3
10990,CR407598.1,CR407598.1
10991,CR407598.2,CR407598.2
10992,BX548015.2,BX548015.2
10993,BX548015.1,BX548015.1
10994,metap1d,metap1d
10995,dlx2b,dlx2b
10996,itga6b,itga6b
10997,ppp1r9alb,ppp1r9alb
10998,eef1a1l2,eef1a1l2
10999,kcnq5b,kcnq5b
11000,BX284697.1,BX284697.1
11001,BX284697.2,BX284697.2
11002,rims1b,rims1b
11003,cenpk,cenpk
11004,CT573247.1,CT573247.1
11005,lbx1b,lbx1b
11006,slc2a15b,slc2a15b
11007,fgf8b,fgf8b
11008,dpcd,dpcd
11009,poll,poll
11010,wbp1lb,wbp1lb
11011,as3mt,as3mt
11012,cnnm2b,cnnm2b
11013,nt5c2b,nt5c2b
11014,inab,inab
11015,anos1a,anos1a
11016,BX901898.2,BX901898.2
11017,BX901898.1,BX901898.1
11018,sts,sts
11019,pnpla4,pnpla4
11020,CR925879.1,CR925879.1
11021,pudp,pudp
11022,CU462859.1,CU462859.1
11023,nlgn4xa,nlgn4xa
11024,CU915272.1,CU915272.1
11025,zgc:174320,zgc174320
11026,CU929192.1,CU929192.1
11027,BX322647.1,BX322647.1
11028,prkx,prkx
11029,mxra5a,mxra5a
11030,gyg2,gyg2
11031,cd99,cd99
11032,dhrsx,dhrsx
11033,creb1a,creb1a
11034,chmp2bb,chmp2bb
11035,htr1fb,htr1fb
11036,cldng,cldng
11037,znf654,znf654
11038,arl13b,arl13b
11039,nsun3,nsun3
11040,CU915566.1,CU915566.1
11041,CT573012.1,CT573012.1
11042,epha6,epha6
11043,dre-mir-734,dre-mir-734
11044,arl6,arl6
11045,slc5a7a,slc5a7a
11046,kctd12.2,kctd12.2
11047,si:dkey-24h22.5,sidkey24h22.5
11048,lmo7b,lmo7b
11049,CR848003.1,CR848003.1
11050,klf12a,klf12a
11051,pibf1,pibf1
11052,pibf1-1,pibf1-1
11053,CR339054.6,CR339054.6
11054,gpalpp1,gpalpp1
11055,gtf2f2a,gtf2f2a
11056,CR339054.7,CR339054.7
11057,tpt1,tpt1
11058,CR339054.3,CR339054.3
11059,CR339054.4,CR339054.4
11060,CR339054.1,CR339054.1
11061,CR339054.2,CR339054.2
11062,CR339054.5,CR339054.5
11063,si:dkey-151m22.8,sidkey151m22.8
11064,zgc:172122,zgc172122
11065,BX897691.1,BX897691.1
11066,sc:d189,scd189
11067,CR786582.1,CR786582.1
11068,CR786582.2,CR786582.2
11069,usp38,usp38
11070,gab1,gab1
11071,frem3,frem3
11072,si:dkey-27h10.2,sidkey27h10.2
11073,hhip,hhip
11074,si:ch211-194g2.4,sich211194g2.4
11075,smad1,smad1
11076,BX276105.1,BX276105.1
11077,mmaa,mmaa
11078,zgc:152968,zgc152968
11079,znf827,znf827
11080,BX324156.1,BX324156.1
11081,BX324156.2,BX324156.2
11082,lsm6,lsm6
11083,pou4f2,pou4f2
11084,si:ch211-163g19.2,sich211163g19.2
11085,ednraa,ednraa
11086,tmem184c,tmem184c
11087,prmt9,prmt9
11088,arhgap10,arhgap10
11089,nr3c2,nr3c2
11090,FO704615.1,FO704615.1
11091,dclk2a,dclk2a
11092,fam193a,fam193a
11093,FP102961.1,FP102961.1
11094,tnip2,tnip2
11095,scpp1,scpp1
11096,sparcl1,sparcl1
11097,si:dkeyp-13d11.1,sidkeyp13d11.1
11098,si:dkey-6f10.4,sidkey6f10.4
11099,GALNTL6,GALNTL6
11100,CT583668.1,CT583668.1
11101,galnt7,galnt7
11102,CU462871.1,CU462871.1
11103,hmgb2a,hmgb2a
11104,hand2,hand2
11105,BX000460.1,BX000460.1
11106,fbxo8,fbxo8
11107,cep44,cep44
11108,hpgd,hpgd
11109,glra3,glra3
11110,gpm6ab,gpm6ab
11111,BX649481.1,BX649481.1
11112,wdr17,wdr17
11113,asb5b,asb5b
11114,spcs3,spcs3
11115,vegfc,vegfc
11116,CU915762.1,CU915762.1
11117,BX957306.1,BX957306.1
11118,dre-mir-2197,dre-mir-2197
11119,tenm3,tenm3
11120,BX322797.1,BX322797.1
11121,BX324208.1,BX324208.1
11122,BX324137.1,BX324137.1
11123,dctd,dctd
11124,CU929244.1,CU929244.1
11125,irf2a,irf2a
11126,tmem134,tmem134
11127,stox2a,stox2a
11128,ing2,ing2
11129,CR847546.1,CR847546.1
11130,sod3b,sod3b
11131,aip,aip
11132,cdk2ap2,cdk2ap2
11133,lgi2b,lgi2b
11134,ccdc149b,ccdc149b
11135,si:dkey-117m1.4,sidkey117m1.4
11136,cntf,cntf
11137,si:ch211-113e8.11,sich211113e8.11
11138,si:ch211-113e8.10,sich211113e8.10
11139,zgc:152658,zgc152658
11140,zgc:194443,zgc194443
11141,si:ch211-113e8.9,sich211113e8.9
11142,AL953865.1,AL953865.1
11143,si:ch211-113e8.6,sich211113e8.6
11144,si:ch211-113e8.5,sich211113e8.5
11145,TESK1-1,TESK1-1
11146,faah2a,faah2a
11147,TXN,TXN
11148,vwa10.1,vwa10.1
11149,vwa10.2,vwa10.2
11150,maml3,maml3
11151,scoca,scoca
11152,clgn,clgn
11153,naa15b,naa15b
11154,FO834828.1,FO834828.1
11155,FO834828.2,FO834828.2
11156,FO681323.1,FO681323.1
11157,CABZ01072532.1,CABZ01072532.1
11158,CU550714.1,CU550714.1
11159,zgc:153642,zgc153642
11160,htra3a,htra3a
11161,gpr78a,gpr78a
11162,cpz,cpz
11163,AL929576.1,AL929576.1
11164,hmx4,hmx4
11165,hmx1,hmx1
11166,adra2c,adra2c
11167,BX511116.1,BX511116.1
11168,lrpap1,lrpap1
11169,dok7,dok7
11170,rgs12b,rgs12b
11171,AL954671.1,AL954671.1
11172,htt,htt
11173,CR974461.2,CR974461.2
11174,CR974461.1,CR974461.1
11175,si:ch211-89o9.4,sich21189o9.4
11176,paip2b,paip2b
11177,dok1a,dok1a
11178,si:ch211-89o9.6,sich21189o9.6
11179,dtx4b,dtx4b
11180,si:dkey-56e3.2,sidkey56e3.2
11181,si:dkey-56e3.3,sidkey56e3.3
11182,BX005288.1,BX005288.1
11183,mogs,mogs
11184,fbxo41,fbxo41
11185,rnf24,rnf24
11186,smox,smox
11187,si:dkey-37g12.1,sidkey37g12.1
11188,CR392347.1,CR392347.1
11189,adra1d,adra1d
11190,BX901901.1,BX901901.1
11191,ctnna2,ctnna2
11192,BX927206.1,BX927206.1
11193,si:ch211-71k14.1,sich21171k14.1
11194,lrrtm1,lrrtm1
11195,CR925858.1,CR925858.1
11196,BX511108.2,BX511108.2
11197,BX511108.1,BX511108.1
11198,suclg1,suclg1
11199,cisd2,cisd2
11200,SLC9B2,SLC9B2
11201,bdh2,bdh2
11202,tacr3a,tacr3a
11203,cnga1a,cnga1a
11204,enam,enam
11205,scpp5,scpp5
11206,scpp7,scpp7
11207,ambn,ambn
11208,CR385050.2,CR385050.2
11209,si:dkey-22i16.7,sidkey22i16.7
11210,CR385050.3,CR385050.3
11211,odam,odam
11212,scpp9,scpp9
11213,si:dkey-22i16.9,sidkey22i16.9
11214,CR385050.1,CR385050.1
11215,zgc:66472,zgc66472
11216,si:dkey-22i16.10,sidkey22i16.10
11217,si:ch73-109d9.1,sich73109d9.1
11218,si:ch73-109d9.3,sich73109d9.3
11219,si:ch73-109d9.2,sich73109d9.2
11220,si:ch73-109d9.4,sich73109d9.4
11221,CU915778.1,CU915778.1
11222,vwa11,vwa11
11223,cabp2a,cabp2a
11224,slc43a3a,slc43a3a
11225,ctnnd1,ctnnd1
11226,si:ch211-165a10.9,sich211165a10.9
11227,si:dkey-59p5.2,sidkey59p5.2
11228,si:ch211-165a10.11,sich211165a10.11
11229,si:ch211-165a10.10,sich211165a10.10
11230,si:ch211-165a10.8,sich211165a10.8
11231,si:dkey-59p5.1,sidkey59p5.1
11232,si:ch211-165a10.1,sich211165a10.1
11233,CT033803.2,CT033803.2
11234,si:ch211-165a10.3,sich211165a10.3
11235,CT033803.1,CT033803.1
11236,si:ch211-165a10.5,sich211165a10.5
11237,si:ch211-165a10.5-1,sich211165a10.5-1
11238,CT583626.1,CT583626.1
11239,timm10,timm10
11240,unc93b1,unc93b1
11241,cryba1l2,cryba1l2
11242,crybb1l2,crybb1l2
11243,rtn4rl2a,rtn4rl2a
11244,BX908740.1,BX908740.1
11245,zdhhc5a,zdhhc5a
11246,BX908740.2,BX908740.2
11247,tmx2b,tmx2b
11248,med19b,med19b
11249,BX511158.1,BX511158.1
11250,slc43a1b,slc43a1b
11251,si:dkey-28b4.8,sidkey28b4.8
11252,si:dkey-28b4.7,sidkey28b4.7
11253,ssrp1b,ssrp1b
11254,p2rx3b,p2rx3b
11255,si:dkey-9i23.4,sidkey9i23.4
11256,si:dkey-9i23.5,sidkey9i23.5
11257,si:dkey-9i23.6,sidkey9i23.6
11258,tmem187,tmem187
11259,si:dkey-9i23.8,sidkey9i23.8
11260,ndufs8a,ndufs8a
11261,STX3,STX3
11262,kdm2aa,kdm2aa
11263,tcirg1a,tcirg1a
11264,wu:fc21g02,wufc21g02
11265,si:dkey-9i23.15,sidkey9i23.15
11266,si:dkey-9i23.14,sidkey9i23.14
11267,tmem176,tmem176
11268,si:dkey-9i23.16,sidkey9i23.16
11269,vps37c,vps37c
11270,CU929294.2,CU929294.2
11271,CU929294.1,CU929294.1
11272,tmem132a,tmem132a
11273,dnaja1,dnaja1
11274,smu1b,smu1b
11275,rps6,rps6
11276,btr01,btr01
11277,si:ch211-151p13.8,sich211151p13.8
11278,muc13a,muc13a
11279,si:ch211-239f4.6,sich211239f4.6
11280,mucms1,mucms1
11281,AL953855.1,AL953855.1
11282,zgc:111983,zgc111983
11283,ddx39aa,ddx39aa
11284,EVI5L,EVI5L
11285,LO017716.1,LO017716.1
11286,si:ch73-90k17.1,sich7390k17.1
11287,emp1,emp1
11288,zgc:101679,zgc101679
11289,si:ch211-243a20.4,sich211243a20.4
11290,si:ch211-243a20.3,sich211243a20.3
11291,grin2bb,grin2bb
11292,atf7ip,atf7ip
11293,sept3,sept3
11294,BX511120.2,BX511120.2
11295,serhl,serhl
11296,trappc5,trappc5
11297,mcoln1a,mcoln1a
11298,si:ch211-214c7.4,sich211214c7.4
11299,si:ch211-214c7.5,sich211214c7.5
11300,pkn1a,pkn1a
11301,BX511120.1,BX511120.1
11302,map2k7,map2k7
11303,pnpla6,pnpla6
11304,lipt1,lipt1
11305,eif5b,eif5b
11306,arhgef7b,arhgef7b
11307,si:ch211-138g9.2,sich211138g9.2
11308,AL929216.1,AL929216.1
11309,sox1b,sox1b
11310,si:ch211-138g9.3,sich211138g9.3
11311,AL954317.1,AL954317.1
11312,atp11a,atp11a
11313,BX465849.1,BX465849.1
11314,tubgcp3,tubgcp3
11315,mcf2la,mcf2la
11316,si:busm1-105l16.2-1,sibusm1105l16.2-1
11317,cab39l,cab39l
11318,cdadc1,cdadc1
11319,rcbtb1,rcbtb1
11320,arl11,arl11
11321,ebpl,ebpl
11322,kpna3,kpna3
11323,spryd7a,spryd7a
11324,dre-mir-16b,dre-mir-16b
11325,dre-mir-15a-1,dre-mir-15a-1
11326,BX294379.1,BX294379.1
11327,CU986305.1,CU986305.1
11328,si:ch73-160h15.3,sich73160h15.3
11329,agpat3,agpat3
11330,pdxkb,pdxkb
11331,BX470235.1,BX470235.1
11332,tmprss3b,tmprss3b
11333,pknox1.2,pknox1.2
11334,si:dkey-22n8.3,sidkey22n8.3
11335,itsn1,itsn1
11336,cryzl1,cryzl1
11337,setd4,setd4
11338,mhc1zea,mhc1zea
11339,mhc1zda,mhc1zda
11340,mhc1zca,mhc1zca
11341,mhc1zba,mhc1zba
11342,cbr1,cbr1
11343,morc3b,morc3b
11344,bcl9,bcl9
11345,gja5b,gja5b
11346,gja8b,gja8b
11347,fstl1a,fstl1a
11348,lrrc58a,lrrc58a
11349,stn1,stn1
11350,sh3pxd2aa,sh3pxd2aa
11351,neurl1aa,neurl1aa
11352,BX005220.1,BX005220.1
11353,cfap58,cfap58
11354,CR381623.1,CR381623.1
11355,CR381623.2,CR381623.2
11356,SORCS3,SORCS3
11357,LO017711.1,LO017711.1
11358,si:ch211-112b1.2,sich211112b1.2
11359,CR788248.1,CR788248.1
11360,BX088594.1,BX088594.1
11361,cxcl18b,cxcl18b
11362,si:ch73-6k14.2,sich736k14.2
11363,caly,caly
11364,msx1b,msx1b
11365,si:dkeyp-80c12.8,sidkeyp80c12.8
11366,gsk3bb,gsk3bb
11367,taf5,taf5
11368,atp5md,atp5md
11369,pdcd11,pdcd11
11370,zgc:175214,zgc175214
11371,CALHM1,CALHM1
11372,ITPRIP,ITPRIP
11373,zp3c,zp3c
11374,si:ch211-281g13.5,sich211281g13.5
11375,slc47a2.2,slc47a2.2
11376,si:ch211-281g13.4,sich211281g13.4
11377,col17a1a,col17a1a
11378,BX321880.1,BX321880.1
11379,slkb,slkb
11380,tsga10,tsga10
11381,si:ch211-149l1.2,sich211149l1.2
11382,CU570972.1,CU570972.1
11383,CR391978.1,CR391978.1
11384,lef1,lef1
11385,hadh,hadh
11386,cyp2u1,cyp2u1
11387,sgms2a,sgms2a
11388,gstcd,gstcd
11389,npnta,npnta
11390,BX537118.1,BX537118.1
11391,tbck,tbck
11392,aimp1a,aimp1a
11393,dkk2,dkk2
11394,papss1,papss1
11395,pkd2,pkd2
11396,abcg2d,abcg2d
11397,ppm1k,ppm1k
11398,si:ch73-190m4.1,sich73190m4.1
11399,herc3,herc3
11400,fam13a,fam13a
11401,CABZ01031868.1,CABZ01031868.1
11402,CABZ01031870.1,CABZ01031870.1
11403,zgc:154142,zgc154142
11404,si:dkeyp-123h10.2,sidkeyp123h10.2
11405,BX855617.1,BX855617.1
11406,otx2a,otx2a
11407,mdh1aa,mdh1aa
11408,ugp2a,ugp2a
11409,spast,spast
11410,dpy30,dpy30
11411,psen2,psen2
11412,srd5a2a,srd5a2a
11413,jag1a,jag1a
11414,btbd3a,btbd3a
11415,esf1,esf1
11416,ndufaf5,ndufaf5
11417,kif16ba,kif16ba
11418,mast1a,mast1a
11419,atg4da,atg4da
11420,actr2a,actr2a
11421,spred2a,spred2a
11422,BX547996.1,BX547996.1
11423,meis1a,meis1a
11424,etaa1,etaa1
11425,ppp3r1b,ppp3r1b
11426,cnrip1a,cnrip1a
11427,FBXO48,FBXO48
11428,zgc:165656,zgc165656
11429,prokr1a,prokr1a
11430,CU464066.1,CU464066.1
11431,snrpb2,snrpb2
11432,rnaseh2a,rnaseh2a
11433,prdx2,prdx2
11434,junba,junba
11435,BX548032.3,BX548032.3
11436,BX548032.2,BX548032.2
11437,dand5,dand5
11438,BX548032.1,BX548032.1
11439,nfixa,nfixa
11440,rad23aa,rad23aa
11441,BX901942.2,BX901942.2
11442,rnf11a,rnf11a
11443,BX901942.1,BX901942.1
11444,get3,get3
11445,best2,best2
11446,rab3da,rab3da
11447,pld6,pld6
11448,cnn1a,cnn1a
11449,si:dkey-121b10.7,sidkey121b10.7
11450,LO017718.1,LO017718.1
11451,si:ch211-217k17.8,sich211217k17.8
11452,si:ch211-217k17.9,sich211217k17.9
11453,zgc:194101,zgc194101
11454,si:ch211-217k17.12,sich211217k17.12
11455,si:ch211-217k17.11,sich211217k17.11
11456,si:ch211-217k17.10,sich211217k17.10
11457,si:ch211-217k17.7,sich211217k17.7
11458,glb1,glb1
11459,cldnd1b,cldnd1b
11460,acy3.2,acy3.2
11461,BX323839.1,BX323839.1
11462,acy3.1,acy3.1
11463,tacr3l,tacr3l
11464,abca1a,abca1a
11465,slc44a1a,slc44a1a
11466,aptx,aptx
11467,osbp,osbp
11468,CABZ01021532.1,CABZ01021532.1
11469,wu:fc75a09,wufc75a09
11470,patl1,patl1
11471,smarca5,smarca5
11472,inpp4b,inpp4b
11473,BX957281.1,BX957281.1
11474,il15,il15
11475,znf330,znf330
11476,rnf150a,rnf150a
11477,tbc1d9,tbc1d9
11478,AL935166.1,AL935166.1
11479,ucp1,ucp1
11480,AL935166.2,AL935166.2
11481,elmod2,elmod2
11482,zgc:66455,zgc66455
11483,b3gnt2a,b3gnt2a
11484,commd1,commd1
11485,si:ch211-213b8.4,sich211213b8.4
11486,USP34,USP34
11487,xpo1a,xpo1a
11488,fam161a,fam161a
11489,cct4,cct4
11490,pus10,pus10
11491,akt3b,akt3b
11492,FO681289.1,FO681289.1
11493,ifngr1,ifngr1
11494,ltv1,ltv1
11495,capn9,capn9
11496,taf5l,taf5l
11497,nup133,nup133
11498,acta1a,acta1a
11499,ccsapa,ccsapa
11500,RHOU,RHOU
11501,dla,dla
11502,AL929114.1,AL929114.1
11503,triobpa,triobpa
11504,smdt1b,smdt1b
11505,AL929114.2,AL929114.2
11506,dcaf15,dcaf15
11507,rfx1b,rfx1b
11508,rln3b,rln3b
11509,LO017722.1,LO017722.1
11510,TNPO2,TNPO2
11511,CABZ01067151.1,CABZ01067151.1
11512,CABZ01067151.2,CABZ01067151.2
11513,nthl1,nthl1
11514,CABZ01067150.1,CABZ01067150.1
11515,CABZ01067150.2,CABZ01067150.2
11516,tsc2,tsc2
11517,pkd1a,pkd1a
11518,CABZ01043826.1,CABZ01043826.1
11519,si:ch211-202h22.10,sich211202h22.10
11520,tekt4,tekt4
11521,si:ch211-202h22.9,sich211202h22.9
11522,si:ch211-202h22.8,sich211202h22.8
11523,si:ch211-202h22.7,sich211202h22.7
11524,gprc5bb,gprc5bb
11525,knop1,knop1
11526,exosc1,exosc1
11527,pgam1b,pgam1b
11528,cdc25d,cdc25d
11529,pi4k2a,pi4k2a
11530,si:ch211-197k17.3,sich211197k17.3
11531,nlrc6,nlrc6
11532,si:ch211-196h16.4,sich211196h16.4
11533,si:ch211-196h16.5,sich211196h16.5
11534,zfyve27,zfyve27
11535,golga7ba,golga7ba
11536,crtac1a,crtac1a
11537,r3hcc1l,r3hcc1l
11538,khsrp,khsrp
11539,slc25a23a,slc25a23a
11540,si:ch211-196h16.12,sich211196h16.12
11541,vps54,vps54
11542,zgc:136864,zgc136864
11543,peli1a,peli1a
11544,lgalsla,lgalsla
11545,aftpha,aftpha
11546,sertad2a,sertad2a
11547,rab1aa,rab1aa
11548,CU467849.1,CU467849.1
11549,mb,mb
11550,pane1,pane1
11551,zgc:158803,zgc158803
11552,mri1,mri1
11553,CC2D1A,CC2D1A
11554,si:ch211-286b5.2,sich211286b5.2
11555,nanos3,nanos3
11556,si:ch211-286b5.4,sich211286b5.4
11557,si:ch211-286b5.5,sich211286b5.5
11558,BX284640.1,BX284640.1
11559,si:ch211-286b5.6,sich211286b5.6
11560,zgc:172106,zgc172106
11561,si:ch211-286b5.8,sich211286b5.8
11562,si:ch211-286b5.9,sich211286b5.9
11563,CR788255.1,CR788255.1
11564,si:dkey-9c18.3,sidkey9c18.3
11565,adgre9,adgre9
11566,adgre16,adgre16
11567,adgre15,adgre15
11568,adgre19,adgre19
11569,umod,umod
11570,adgre18,adgre18
11571,adgre7,adgre7
11572,adgre8,adgre8
11573,adgre6,adgre6
11574,adgre17,adgre17
11575,adgre10,adgre10
11576,dnajb1b,dnajb1b
11577,tecrb,tecrb
11578,ndufb7,ndufb7
11579,zgc:136908,zgc136908
11580,samd1b,samd1b
11581,prkacab,prkacab
11582,asf1bb,asf1bb
11583,si:ch73-343l4.8,sich73343l4.8
11584,si:ch73-343l4.6,sich73343l4.6
11585,si:ch73-343l4.5,sich73343l4.5
11586,si:ch73-343l4.6-1,sich73343l4.6-1
11587,si:ch73-343l4.3,sich73343l4.3
11588,si:ch73-343l4.2,sich73343l4.2
11589,si:ch73-343l4.1,sich73343l4.1
11590,c3a.4,c3a.4
11591,c3a.6,c3a.6
11592,c3a.5,c3a.5
11593,c3a.1,c3a.1
11594,crb3b,crb3b
11595,si:dkey-76b14.2,sidkey76b14.2
11596,zgc:65894,zgc65894
11597,c3a.2,c3a.2
11598,AL928676.1,AL928676.1
11599,c3a.3,c3a.3
11600,gcgrb,gcgrb
11601,dre-mir-722,dre-mir-722
11602,FO905027.1,FO905027.1
11603,slc25a10,slc25a10
11604,CABZ01059392.1,CABZ01059392.1
11605,zgc:171452,zgc171452
11606,CABZ01059403.1,CABZ01059403.1
11607,CABZ01059403.2,CABZ01059403.2
11608,CABZ01059406.1,CABZ01059406.1
11609,CABZ01059407.1,CABZ01059407.1
11610,CABZ01059408.1,CABZ01059408.1
11611,LO018605.1,LO018605.1
11612,LO018605.2,LO018605.2
11613,LO018605.3,LO018605.3
11614,FO681314.1,FO681314.1
11615,CABZ01049361.1,CABZ01049361.1
11616,CABZ01049362.1,CABZ01049362.1
11617,FO680692.1,FO680692.1
11618,si:ch211-1f22.3,sich2111f22.3
11619,si:dkey-27j5.6,sidkey27j5.6
11620,si:ch211-1f22.5,sich2111f22.5
11621,BX927068.1,BX927068.1
11622,si:ch211-152f2.1,sich211152f2.1
11623,si:ch211-1f22.6,sich2111f22.6
11624,si:ch211-1f22.7,sich2111f22.7
11625,si:ch211-152f2.2,sich211152f2.2
11626,si:ch211-1f22.8,sich2111f22.8
11627,si:ch211-152f2.3,sich211152f2.3
11628,si:ch211-1f22.9,sich2111f22.9
11629,si:ch211-152f2.4,sich211152f2.4
11630,si:ch211-1f22.1,sich2111f22.1
11631,si:ch211-1f22.2,sich2111f22.2
11632,si:ch211-1f22.10,sich2111f22.10
11633,si:ch211-1f22.11,sich2111f22.11
11634,si:ch211-1f22.12,sich2111f22.12
11635,si:ch211-1f22.13,sich2111f22.13
11636,CR626902.1,CR626902.1
11637,si:ch211-1f22.16,sich2111f22.16
11638,si:ch211-1f22.14,sich2111f22.14
11639,si:ch73-94k4.1,sich7394k4.1
11640,rac1l,rac1l
11641,si:dkey-27j5.10,sidkey27j5.10
11642,si:ch73-94k4.4,sich7394k4.4
11643,CU915571.1,CU915571.1
11644,si:ch73-94k4.5,sich7394k4.5
11645,CU915571.2,CU915571.2
11646,rac1l-1,rac1l-1
11647,si:dkey-27j5.6-1,sidkey27j5.6-1
11648,si:dkey-27j5.9,sidkey27j5.9
11649,si:dkey-27j5.11,sidkey27j5.11
11650,si:dkey-27j5.10-1,sidkey27j5.10-1
11651,si:dkey-27j5.10-2,sidkey27j5.10-2
11652,si:dkey-27j5.7,sidkey27j5.7
11653,mycbpap,mycbpap
11654,si:dkey-27j5.5,sidkey27j5.5
11655,epn3b,epn3b
11656,b3gntl1,b3gntl1
11657,metrnlb,metrnlb
11658,FO904861.1,FO904861.1
11659,zgc:171470,zgc171470
11660,tspan34,tspan34
11661,zmp:0000001289,zmp0000001289
11662,si:dkey-1c7.1,sidkey1c7.1
11663,LO018597.1,LO018597.1
11664,LO018597.2,LO018597.2
11665,si:dkey-1c7.2,sidkey1c7.2
11666,si:dkey-1c7.2-1,sidkey1c7.2-1
11667,si:dkey-1c7.3,sidkey1c7.3
11668,BX469930.1,BX469930.1
11669,si:dkey-156m2.3,sidkey156m2.3
11670,si:ch211-114l13.12,sich211114l13.12
11671,si:ch211-114l13.9,sich211114l13.9
11672,BX469930.2,BX469930.2
11673,nxnl1,nxnl1
11674,COLGALT1,COLGALT1
11675,trim35-1,trim35-1
11676,caspb,caspb
11677,si:ch211-114l13.4,sich211114l13.4
11678,si:ch211-114l13.13,sich211114l13.13
11679,si:ch211-114l13.1,sich211114l13.1
11680,caspbl,caspbl
11681,si:ch211-15j1.5,sich21115j1.5
11682,si:ch211-15j1.4,sich21115j1.4
11683,si:ch211-15j1.3,sich21115j1.3
11684,BX927298.1,BX927298.1
11685,si:ch211-15j1.7,sich21115j1.7
11686,si:ch211-15j1.1,sich21115j1.1
11687,si:dkey-222h21.11,sidkey222h21.11
11688,si:dkey-222h21.12,sidkey222h21.12
11689,si:dkey-222h21.10,sidkey222h21.10
11690,si:dkey-222h21.9,sidkey222h21.9
11691,ggt1l2.2,ggt1l2.2
11692,si:dkey-222h21.8,sidkey222h21.8
11693,si:dkey-222h21.7,sidkey222h21.7
11694,si:dkey-222h21.6,sidkey222h21.6
11695,si:dkey-222h21.2,sidkey222h21.2
11696,si:dkey-222h21.10-1,sidkey222h21.10-1
11697,si:dkey-222h21.3,sidkey222h21.3
11698,ggt1l2.1,ggt1l2.1
11699,si:dkey-222h21.2-1,sidkey222h21.2-1
11700,si:dkey-222h21.1,sidkey222h21.1
11701,slc27a1b,slc27a1b
11702,CU914631.1,CU914631.1
11703,si:ch73-236c18.2-1,sich73236c18.2-1
11704,si:ch73-59p9.2,sich7359p9.2
11705,si:ch73-236c18.3,sich73236c18.3
11706,zgc:194906-1,zgc1949061
11707,si:ch73-236c18.5,sich73236c18.5
11708,si:ch73-236c18.6,sich73236c18.6
11709,si:ch73-236c18.7,sich73236c18.7
11710,si:ch73-236c18.8,sich73236c18.8
11711,si:ch73-236c18.9,sich73236c18.9
11712,CU550716.1,CU550716.1
11713,zgc:172091,zgc172091
11714,slc27a1b-1,slc27a1b-1
11715,adgre5b.3,adgre5b.3
11716,adgre5b.2,adgre5b.2
11717,si:ch73-236c18.8-1,sich73236c18.8-1
11718,si:ch73-221f6.1,sich73221f6.1
11719,si:ch73-236c18.9-1,sich73236c18.9-1
11720,si:ch73-221f6.3,sich73221f6.3
11721,zgc:174890,zgc174890
11722,si:ch73-221f6.4,sich73221f6.4
11723,adgre5b.3-1,adgre5b.3-1
11724,LO017784.1,LO017784.1
11725,CABZ01084617.1,CABZ01084617.1
11726,CABZ01096573.1,CABZ01096573.1
11727,tmed1b,tmed1b
11728,dnm2b,dnm2b
11729,CABZ01084501.2,CABZ01084501.2
11730,MFAP4,MFAP4
11731,MFAP4-1,MFAP4-1
11732,zgc:171687,zgc171687
11733,trip10b,trip10b
11734,CABZ01115881.1,CABZ01115881.1
11735,CABZ01114581.1,CABZ01114581.1
11736,eri2,eri2
11737,thumpd1,thumpd1
11738,CABZ01083166.1,CABZ01083166.1
11739,cdc37,cdc37
11740,EARS2,EARS2
11741,pin1,pin1
11742,CABZ01080042.1,CABZ01080042.1
11743,MFAP4-2,MFAP4-2
11744,MFAP4-3,MFAP4-3
11745,MFAP4-4,MFAP4-4
11746,MFAP4-5,MFAP4-5
11747,mfap4,mfap4
11748,MFAP4-6,MFAP4-6
11749,si:zfos-2330d3.7,sizfos2330d3.7
11750,zmp:0000001323,zmp0000001323
11751,FO203432.1,FO203432.1
11752,si:ch1073-110a20.7,sich1073110a20.7
11753,si:zfos-2330d3.7-1,sizfos2330d3.7-1
11754,FP015850.1,FP015850.1
11755,si:ch1073-110a20.2,sich1073110a20.2
11756,si:ch1073-110a20.3,sich1073110a20.3
11757,si:ch1073-110a20.1,sich1073110a20.1
11758,gpr108,gpr108
11759,soul5l,soul5l
11760,wu:fk65c09,wufk65c09
11761,CAMSAP3,CAMSAP3
11762,lpar2b,lpar2b
11763,akap8l,akap8l
11764,mvb12a,mvb12a
11765,olfm2b,olfm2b
11766,col5a3b,col5a3b
11767,si:ch1073-286c18.5,sich1073286c18.5
11768,rdh8b,rdh8b
11769,txndc11,txndc11
11770,parn,parn
11771,CABZ01052576.1,CABZ01052576.1
11772,cyp3a65,cyp3a65
11773,CABZ01052573.1,CABZ01052573.1
11774,CABZ01052570.1,CABZ01052570.1
11775,si:ch211-188p14.4,sich211188p14.4
11776,si:ch211-188p14.5,sich211188p14.5
11777,si:ch211-188p14.3,sich211188p14.3
11778,si:ch211-188p14.2,sich211188p14.2
11779,FP236157.4,FP236157.4
11780,FP236157.6,FP236157.6
11781,FP236157.5,FP236157.5
11782,FP236157.8,FP236157.8
11783,FP236157.7,FP236157.7
11784,FP236157.1,FP236157.1
11785,FP236157.3,FP236157.3
11786,sp6,sp6
11787,FP236157.2,FP236157.2
11788,zmp:0000001082,zmp0000001082
11789,wfikkn1,wfikkn1
11790,CABZ01078737.1,CABZ01078737.1
11791,map4k4,map4k4
11792,zgc:158316,zgc158316
11793,il10rb,il10rb
11794,RANBP2,RANBP2
11795,lims2,lims2
11796,FQ377903.3,FQ377903.3
11797,SLC5A7,SLC5A7
11798,FQ377903.1,FQ377903.1
11799,rrp1,rrp1
11800,cldn10b,cldn10b
11801,cldn10l2,cldn10l2
11802,CABZ01067558.1,CABZ01067558.1
11803,PLBD2,PLBD2
11804,CABZ01067557.1,CABZ01067557.1
11805,aaas,aaas
11806,map3k12,map3k12
11807,pcbp2,pcbp2
11808,kif5aa,kif5aa
11809,si:ch211-166e11.5,sich211166e11.5
11810,stac3,stac3
11811,ndufa4l2a,ndufa4l2a
11812,actr5,actr5
11813,bpifcl,bpifcl
11814,zgc:158320,zgc158320
11815,CR753874.1,CR753874.1
11816,si:dkey-11f4.7,sidkey11f4.7
11817,CR753874.2,CR753874.2
11818,bzw1b,bzw1b
11819,si:dkey-11f4.14,sidkey11f4.14
11820,zgc:91849,zgc91849
11821,si:dkey-11f4.16,sidkey11f4.16
11822,si:dkey-11f4.20,sidkey11f4.20
11823,CU984600.1,CU984600.1
11824,CU984600.3,CU984600.3
11825,CU984600.2,CU984600.2
11826,dip2a,dip2a
11827,cflarb,cflarb
11828,ndufb3,ndufb3
11829,usp37,usp37
11830,ybey,ybey
11831,insig2,insig2
11832,en1a,en1a
11833,marco,marco
11834,c1ql2,c1ql2
11835,si:ch73-250a16.5,sich73250a16.5
11836,steap3,steap3
11837,C9H2orf76,C9H2orf76
11838,dbi,dbi
11839,tmem37,tmem37
11840,sctr,sctr
11841,rap2aa,rap2aa
11842,CABZ01066921.1,CABZ01066921.1
11843,CABZ01066922.1,CABZ01066922.1
11844,DOCK9,DOCK9
11845,slc15a1a,slc15a1a
11846,stk24a,stk24a
11847,ino80da,ino80da
11848,gpr1,gpr1
11849,FO818722.1,FO818722.1
11850,casp10,casp10
11851,FP102120.3,FP102120.3
11852,FP102120.2,FP102120.2
11853,prkra,prkra
11854,FP102120.1,FP102120.1
11855,FP102120.4,FP102120.4
11856,osbpl6,osbpl6
11857,rbm45,rbm45
11858,si:ch211-222f23.6,sich211222f23.6
11859,pde11a,pde11a
11860,BX004991.1,BX004991.1
11861,agps,agps
11862,CU104777.1,CU104777.1
11863,dre-mir-148,dre-mir-148
11864,nfe2l2a,nfe2l2a
11865,hnrnpa3,hnrnpa3
11866,CR848724.1,CR848724.1
11867,BX322661.3,BX322661.3
11868,BX322661.2,BX322661.2
11869,hoxd3a,hoxd3a
11870,hoxd4a,hoxd4a
11871,dre-mir-10b-1,dre-mir-10b-1
11872,BX322661.1,BX322661.1
11873,hoxd9a,hoxd9a
11874,hoxd10a,hoxd10a
11875,hoxd11a,hoxd11a
11876,hoxd12a,hoxd12a
11877,hoxd13a,hoxd13a
11878,evx2,evx2
11879,lnpa,lnpa
11880,lnpa-1,lnpa-1
11881,BX255915.1,BX255915.1
11882,BX255915.2,BX255915.2
11883,atp5mc3a,atp5mc3a
11884,CU639436.1,CU639436.1
11885,atf2,atf2
11886,chn1,chn1
11887,wipf1a,wipf1a
11888,gpr155a,gpr155a
11889,scrn3,scrn3
11890,CIR1,CIR1
11891,sp9,sp9
11892,sp3a,sp3a
11893,BX004769.2,BX004769.2
11894,BX004769.1,BX004769.1
11895,cdca7a,cdca7a
11896,zak-1,zak-1
11897,rapgef4,rapgef4
11898,si:ch211-173m16.2,sich211173m16.2
11899,BX957292.1,BX957292.1
11900,ppp1r9ala,ppp1r9ala
11901,pdk1,pdk1
11902,ftr52p,ftr52p
11903,FP236594.1,FP236594.1
11904,dync1i2a,dync1i2a
11905,hat1,hat1
11906,dlx1a,dlx1a
11907,dlx2a,dlx2a
11908,itga6a,itga6a
11909,CU469503.1,CU469503.1
11910,cybrd1,cybrd1
11911,dcaf17,dcaf17
11912,mettl8,mettl8
11913,tlk1a,tlk1a
11914,gad1a,gad1a
11915,sp5a,sp5a
11916,myo3b,myo3b
11917,ubr3,ubr3
11918,LO017832.1,LO017832.1
11919,mylka,mylka
11920,kalrna,kalrna
11921,FP015810.1,FP015810.1
11922,FP102171.1,FP102171.1
11923,kcnj3a,kcnj3a
11924,galnt13,galnt13
11925,rprma,rprma
11926,prpf40a,prpf40a
11927,fmnl2a,fmnl2a
11928,nr4a2a,nr4a2a
11929,CABZ01075242.1,CABZ01075242.1
11930,cytip,cytip
11931,ACVR1C,ACVR1C
11932,tnfsf13b,tnfsf13b
11933,abhd13,abhd13
11934,CCKBR,CCKBR
11935,pdzk1,pdzk1
11936,GPR89B,GPR89B
11937,CU683879.1,CU683879.1
11938,st6gal2a,st6gal2a
11939,CU683879.2,CU683879.2
11940,tmtops2b,tmtops2b
11941,CR450794.1,CR450794.1
11942,uxs1,uxs1
11943,ecrg4a,ecrg4a
11944,nck2a,nck2a
11945,CABZ01065935.1,CABZ01065935.1
11946,FQ377643.1,FQ377643.1
11947,CU693372.1,CU693372.1
11948,fhl2a,fhl2a
11949,C9H2orf49,C9H2orf49
11950,GPR45,GPR45
11951,pou3f3a,pou3f3a
11952,BX842683.1,BX842683.1
11953,FO203514.2,FO203514.2
11954,FO203514.1,FO203514.1
11955,tmem182a,tmem182a
11956,mfsd9,mfsd9
11957,CT030738.1,CT030738.1
11958,slc9a2,slc9a2
11959,inpp4aa,inpp4aa
11960,BX629348.1,BX629348.1
11961,si:dkey-4e7.3,sidkey4e7.3
11962,coa5,coa5
11963,mgat4a,mgat4a
11964,creg2,creg2
11965,si:ch211-121j5.4,sich211121j5.4
11966,mitd1,mitd1
11967,BX942813.1,BX942813.1
11968,ihha,ihha
11969,slc23a3,slc23a3
11970,bin1a,bin1a
11971,tmem198a,tmem198a
11972,desma,desma
11973,ptprna,ptprna
11974,dre-mir-153c,dre-mir-153c
11975,dnajb2,dnajb2
11976,tuba8l3,tuba8l3
11977,si:ch73-199e17.1,sich73199e17.1
11978,mnx2a,mnx2a
11979,si:ch1073-349o24.2,sich1073349o24.2
11980,myo16,myo16
11981,CT027789.1,CT027789.1
11982,si:ch211-145c1.1,sich211145c1.1
11983,si:dkey-90l23.2,sidkey90l23.2
11984,si:dkey-90l23.1,sidkey90l23.1
11985,si:ch1073-75o15.4,sich107375o15.4
11986,zgc:113984,zgc113984
11987,zgc:171776,zgc171776
11988,si:ch1073-75o15.3,sich107375o15.3
11989,zgc:153499,zgc153499
11990,irs2b,irs2b
11991,col4a1,col4a1
11992,FP103004.1,FP103004.1
11993,col4a2,col4a2
11994,rab20,rab20
11995,naxd,naxd
11996,ankrd10b,ankrd10b
11997,ube2al,ube2al
11998,ing1,ing1
11999,BX537313.1,BX537313.1
12000,sik1,sik1
12001,cbsb,cbsb
12002,u2af1,u2af1
12003,si:ch211-214p13.3,sich211214p13.3
12004,AL954142.2,AL954142.2
12005,si:ch211-214p13.8,sich211214p13.8
12006,zgc:113337,zgc113337
12007,AL954142.4,AL954142.4
12008,AL954142.1,AL954142.1
12009,AL954142.3,AL954142.3
12010,si:ch211-214p13.9,sich211214p13.9
12011,maats1,maats1
12012,nr1i2,nr1i2
12013,gsk3ba,gsk3ba
12014,gpr156,gpr156
12015,lrrc58b,lrrc58b
12016,fstl1b,fstl1b
12017,si:ch1073-394i4.1,sich1073394i4.1
12018,ttf2,ttf2
12019,prmt2,prmt2
12020,ugt1a1,ugt1a1
12021,nxph2a,nxph2a
12022,spopla,spopla
12023,hnmt,hnmt
12024,thsd7ba,thsd7ba
12025,BX936345.1,BX936345.1
12026,CR522881.1,CR522881.1
12027,cxcr4b,cxcr4b
12028,dars1,dars1
12029,tmbim1b,tmbim1b
12030,gmppaa,gmppaa
12031,CABZ01053619.1,CABZ01053619.1
12032,si:ch1073-416j23.1,sich1073416j23.1
12033,BX000444.1,BX000444.1
12034,si:dkey-22p6.2,sidkey22p6.2
12035,asic4a,asic4a
12036,chpfa,chpfa
12037,wnt6b,wnt6b
12038,wnt10a,wnt10a
12039,CR847976.1,CR847976.1
12040,cdk5r2b,cdk5r2b
12041,fev,fev
12042,dre-mir-1788,dre-mir-1788
12043,cryba2b,cryba2b
12044,dre-mir-375-2,dre-mir-375-2
12045,umps,umps
12046,si:dkey-69o16.5,sidkey69o16.5
12047,itgav,itgav
12048,zc3h15,zc3h15
12049,AL935144.1,AL935144.1
12050,znf804a,znf804a
12051,nup35,nup35
12052,C1H3orf70-1,C1H3orf70-1
12053,ehhadh,ehhadh
12054,tmem41aa,tmem41aa
12055,igf2bp2a,igf2bp2a
12056,tra2b,tra2b
12057,tspearb,tspearb
12058,sumo3b,sumo3b
12059,pttg1ipb,pttg1ipb
12060,myo10l3,myo10l3
12061,CR752651.1,CR752651.1
12062,ankzf1,ankzf1
12063,glb1l,glb1l
12064,si:ch211-167j6.3,sich211167j6.3
12065,hce2l2,hce2l2
12066,hce2l1,hce2l1
12067,si:dkey-230p4.1,sidkey230p4.1
12068,bmpr2b,bmpr2b
12069,fam117bb,fam117bb
12070,carf,carf
12071,CR407547.2,CR407547.2
12072,fzd7a,fzd7a
12073,CR407547.1,CR407547.1
12074,als2a,als2a
12075,mpp4a,mpp4a
12076,tmem237a,tmem237a
12077,abi2a,abi2a
12078,CR936378.1,CR936378.1
12079,RAPH1,RAPH1
12080,cd28,cd28
12081,cd28l,cd28l
12082,si:ch211-67e16.3,sich21167e16.3
12083,si:ch211-67e16.4,sich21167e16.4
12084,fer1l6,fer1l6
12085,prkag3b,prkag3b
12086,ttll4,ttll4
12087,AL929266.1,AL929266.1
12088,si:ch211-67e16.11,sich21167e16.11
12089,abcb6b,abcb6b
12090,BX511082.1,BX511082.1
12091,BX510337.1,BX510337.1
12092,nrp2b,nrp2b
12093,pard3bb,pard3bb
12094,fn1a,fn1a
12095,CR513782.1,CR513782.1
12096,CR513782.3,CR513782.3
12097,CR513782.2,CR513782.2
12098,si:dkey-103d23.3,sidkey103d23.3
12099,znfl1b,znfl1b
12100,si:dkey-14o1.20,sidkey14o1.20
12101,BX469925.1,BX469925.1
12102,BX469925.3,BX469925.3
12103,BX469925.2,BX469925.2
12104,crfb4,crfb4
12105,BX323875.1,BX323875.1
12106,upp2,upp2
12107,myo1b,myo1b
12108,C9H3orf38,C9H3orf38
12109,epha3,epha3
12110,CT573248.1,CT573248.1
12111,RSPH1,RSPH1
12112,cln5,cln5
12113,fbxl3a,fbxl3a
12114,mycbp2,mycbp2
12115,scel,scel
12116,slain1a,slain1a
12117,ftr53,ftr53
12118,kbtbd7,kbtbd7
12119,zgc:101559,zgc101559
12120,rgcc,rgcc
12121,vwa8,vwa8
12122,AL929161.1,AL929161.1
12123,dgkh,dgkh
12124,akap11,akap11
12125,tnfsf11,tnfsf11
12126,epsti1,epsti1
12127,BX248332.1,BX248332.1
12128,dnajc15,dnajc15
12129,enox1,enox1
12130,BX004817.1,BX004817.1
12131,BX004817.2,BX004817.2
12132,lacc1,lacc1
12133,BX957328.1,BX957328.1
12134,serp2,serp2
12135,tsc22d1,tsc22d1
12136,gtf2f2b,gtf2f2b
12137,kctd4,kctd4
12138,si:dkey-239h2.3,sidkey239h2.3
12139,CR954294.1,CR954294.1
12140,vgll3,vgll3
12141,CR361551.1,CR361551.1
12142,CR361551.3,CR361551.3
12143,chmp2ba,chmp2ba
12144,CR361551.2,CR361551.2
12145,crfb2,crfb2
12146,crfb1,crfb1
12147,pou1f1,pou1f1
12148,htr1fa,htr1fa
12149,AL935292.2,AL935292.2
12150,zgc:152951,zgc152951
12151,AL935292.1,AL935292.1
12152,slc37a1,slc37a1
12153,pde9a,pde9a
12154,FP017279.1,FP017279.1
12155,wdr4,wdr4
12156,si:ch211-140m22.7,sich211140m22.7
12157,ndufv3,ndufv3
12158,pknox1.1,pknox1.1
12159,tmprss3a,tmprss3a
12160,fgf9,fgf9
12161,pdxka,pdxka
12162,si:ch211-141e20.2,sich211141e20.2
12163,BX677668.2,BX677668.2
12164,BX677668.1,BX677668.1
12165,CR933734.1,CR933734.1
12166,CR933734.2,CR933734.2
12167,CR933734.3,CR933734.3
12168,BX957345.1,BX957345.1
12169,igsf3,igsf3
12170,CR456628.2,CR456628.2
12171,CR456628.1,CR456628.1
12172,parp4,parp4
12173,vtcn1,vtcn1
12174,trim45,trim45
12175,man1a2,man1a2
12176,tent5c,tent5c
12177,gdap2,gdap2
12178,wdr3,wdr3
12179,tbx15,tbx15
12180,wars2,wars2
12181,hao2,hao2
12182,si:rp71-68n21.9,sirp7168n21.9
12183,hsd3b1,hsd3b1
12184,BX511129.2,BX511129.2
12185,BX511129.1,BX511129.1
12186,pla1a,pla1a
12187,pla1a-1,pla1a-1
12188,cox17,cox17
12189,hcn5,hcn5
12190,ska3,ska3
12191,sap18,sap18
12192,BX511129.3,BX511129.3
12193,lats2,lats2
12194,xpo4,xpo4
12195,eef1akmt1,eef1akmt1
12196,il17d,il17d
12197,ift88,ift88
12198,cryl1,cryl1
12199,cx30.3,cx30.3
12200,gja3,gja3
12201,zmym2,zmym2
12202,CR392366.1,CR392366.1
12203,mphosph8,mphosph8
12204,aff3,aff3
12205,BX649266.2,BX649266.2
12206,arhgef7a,arhgef7a
12207,BX649266.1,BX649266.1
12208,sox1a,sox1a
12209,rev1,rev1
12210,txndc9,txndc9
12211,mrpl30,mrpl30
12212,zgc:162944,zgc162944
12213,acod1,acod1
12214,kctd12.1,kctd12.1
12215,lmo7a,lmo7a
12216,uchl3,uchl3
12217,si:dkey-57a22.11,sidkey57a22.11
12218,CR536604.1,CR536604.1
12219,si:dkey-57a22.13,sidkey57a22.13
12220,crygm7,crygm7
12221,si:dkey-57a22.14,sidkey57a22.14
12222,crygm6,crygm6
12223,si:dkey-57a22.15,sidkey57a22.15
12224,crygm1,crygm1
12225,zgc:153846,zgc153846
12226,crygm2c,crygm2c
12227,crygmxl1,crygmxl1
12228,crygm2b,crygm2b
12229,crygm2a,crygm2a
12230,crygm2e,crygm2e
12231,crygm2d13,crygm2d13
12232,crygm2d11,crygm2d11
12233,crygm2d15,crygm2d15
12234,crygm2d18,crygm2d18
12235,crygm2d17,crygm2d17
12236,crygm2d8,crygm2d8
12237,crygm2d14,crygm2d14
12238,crygm2d16,crygm2d16
12239,crygm2d6,crygm2d6
12240,crygm2d17-1,crygm2d17-1
12241,crygm2d12,crygm2d12
12242,crygm2d20,crygm2d20
12243,crygm2d5,crygm2d5
12244,crygm2d9,crygm2d9
12245,crygm2d4,crygm2d4
12246,crygm2d7,crygm2d7
12247,crygm2d3,crygm2d3
12248,crygm2d21,crygm2d21
12249,crygm2d10,crygm2d10
12250,crygm2d2,crygm2d2
12251,crygm2d1,crygm2d1
12252,crygm2f,crygm2f
12253,crygm5,crygm5
12254,crygs3,crygs3
12255,crygm3,crygm3
12256,crygs4,crygs4
12257,dgkg,dgkg
12258,BX936323.1,BX936323.1
12259,BX548053.3,BX548053.3
12260,etv5a,etv5a
12261,si:dkey-189g17.2,sidkey189g17.2
12262,itgb5,itgb5
12263,tnfaip6,tnfaip6
12264,rif1,rif1
12265,neb,neb
12266,arl5a,arl5a
12267,tsn,tsn
12268,si:dkey-91i10.2,sidkey91i10.2
12269,eaf2,eaf2
12270,si:dkey-91i10.3,sidkey91i10.3
12271,rnd3b,rnd3b
12272,CR394542.1,CR394542.1
12273,mmadhc,mmadhc
12274,lypd6,lypd6
12275,BX936418.1,BX936418.1
12276,lypd6b,lypd6b
12277,kif5c,kif5c
12278,map3k19,map3k19
12279,ccnt2a,ccnt2a
12280,acmsd,acmsd
12281,tmem163a,tmem163a
12282,arl4cb,arl4cb
12283,CR392363.1,CR392363.1
12284,sh3bp4,sh3bp4
12285,CR392363.2,CR392363.2
12286,cntnap5a,cntnap5a
12287,gypc,gypc
12288,BX957274.1,BX957274.1
12289,ndufa10,ndufa10
12290,faima,faima
12291,parp9,parp9
12292,si:ch211-219a4.3,sich211219a4.3
12293,esyt3,esyt3
12294,dhrs12,dhrs12
12295,wdfy2,wdfy2
12296,ints6,ints6
12297,serpine3,serpine3
12298,FAM124A,FAM124A
12299,asb18,asb18
12300,CR545476.1,CR545476.1
12301,cops8,cops8
12302,trim63b,trim63b
12303,CR545476.2,CR545476.2
12304,col6a3,col6a3
12305,col6a3-1,col6a3-1
12306,mlphb,mlphb
12307,prlh,prlh
12308,rpe,rpe
12309,ackr3a,ackr3a
12310,lrrfip1a,lrrfip1a
12311,tyw5,tyw5
12312,maip1,maip1
12313,pgap1,pgap1
12314,hecw2a,hecw2a
12315,stk17b,stk17b
12316,ENSDARG00000062425,ENSDARG00000062425
12317,zgc:153901,zgc153901
12318,nabp1a,nabp1a
12319,cavin2a,cavin2a
12320,tmeff2a,tmeff2a
12321,CR538727.1,CR538727.1
12322,BX571803.2,BX571803.2
12323,BX571803.3,BX571803.3
12324,BX571803.4,BX571803.4
12325,BX571803.1,BX571803.1
12326,CT030712.1,CT030712.1
12327,CU469539.1,CU469539.1
12328,slc39a10,slc39a10
12329,dnah7,dnah7
12330,BX323457.3,BX323457.3
12331,BX323457.2,BX323457.2
12332,BX323457.1,BX323457.1
12333,rubcnl,rubcnl
12334,lrch1,lrch1
12335,esd,esd
12336,htr2aa,htr2aa
12337,BX530034.1,BX530034.1
12338,med4,med4
12339,itm2bb,itm2bb
12340,epc2,epc2
12341,acvr2aa,acvr2aa
12342,BX936421.1,BX936421.1
12343,zeb2a,zeb2a
12344,gtdc1,gtdc1
12345,CR925716.1,CR925716.1
12346,arhgap15,arhgap15
12347,arglu1a,arglu1a
12348,efnb2a,efnb2a
12349,si:dkey-111i23.1,sidkey111i23.1
12350,CR932998.1,CR932998.1
12351,BX942825.1,BX942825.1
12352,BX942825.2,BX942825.2
12353,CT027825.1,CT027825.1
12354,BX539321.2,BX539321.2
12355,BX539321.1,BX539321.1
12356,FP101883.1,FP101883.1
12357,BX928746.1,BX928746.1
12358,GTPBP8,GTPBP8
12359,slc10a2,slc10a2
12360,tlr20.1,tlr20.1
12361,tlr20.2,tlr20.2
12362,tlr20.3,tlr20.3
12363,tlr20.3-1,tlr20.3-1
12364,nepro,nepro
12365,tex30,tex30
12366,poglut2,poglut2
12367,si:dkey-193n17.9,sidkey193n17.9
12368,stxbp5l,stxbp5l
12369,gtf2e1,gtf2e1
12370,lcmt2,lcmt2
12371,crygs2,crygs2
12372,tbccd1,tbccd1
12373,rab5b,rab5b
12374,si:rp71-45g20.11,sirp7145g20.11
12375,BX511265.1,BX511265.1
12376,si:rp71-45g20.10,sirp7145g20.10
12377,BX511265.5,BX511265.5
12378,BX511265.3,BX511265.3
12379,BX511265.2,BX511265.2
12380,si:rp71-45g20.4,sirp7145g20.4
12381,dbr1,dbr1
12382,armc8,armc8
12383,kcnh3,kcnh3
12384,CR936357.1,CR936357.1
12385,idh1,idh1
12386,plekhm3,plekhm3
12387,fzd5,fzd5
12388,ccnyl1,ccnyl1
12389,FQ377896.1,FQ377896.1
12390,creb1b,creb1b
12391,klf7b,klf7b
12392,CR381621.1,CR381621.1
12393,si:ch73-7i4.1,sich737i4.1
12394,si:ch73-7i4.2,sich737i4.2
12395,CU469511.1,CU469511.1
12396,si:ch73-7i4.3,sich737i4.3
12397,zgc:162396,zgc162396
12398,zgc:162780,zgc162780
12399,CT573148.1,CT573148.1
12400,RAMP1,RAMP1
12401,epb41l5,epb41l5
12402,ptpn4a,ptpn4a
12403,tmem177,tmem177
12404,MRAS,MRAS
12405,FP103048.1,FP103048.1
12406,pth2ra,pth2ra
12407,oxgr1b,oxgr1b
12408,hs6st3b,hs6st3b
12409,uggt2,uggt2
12410,BX537139.1,BX537139.1
12411,dnajc3a,dnajc3a
12412,BX537139.2,BX537139.2
12413,fdx1,fdx1
12414,arhgap20,arhgap20
12415,rnf17,rnf17
12416,cenpj,cenpj
12417,mcf2lb,mcf2lb
12418,phf11,phf11
12419,spryd7b,spryd7b
12420,trim13,trim13
12421,CU855930.2,CU855930.2
12422,ENSDARG00000080783,ENSDARG00000080783
12423,dre-mir-15a-2,dre-mir-15a-2
12424,rnaseh2b,rnaseh2b
12425,BX649442.2,BX649442.2
12426,BX649442.1,BX649442.1
12427,il1rapl1a,il1rapl1a
12428,CR749776.1,CR749776.1
12429,cmss1,cmss1
12430,tmem30c,tmem30c
12431,dcbld2,dcbld2
12432,col8a1a,col8a1a
12433,BX322575.1,BX322575.1
12434,jagn1a,jagn1a
12435,tfg,tfg
12436,abi3bpa,abi3bpa
12437,impg2a,impg2a
12438,senp7a,senp7a
12439,senp7a-1,senp7a-1
12440,si:dkey-100n23.3,sidkey100n23.3
12441,BX936337.1,BX936337.1
12442,si:dkey-100n23.5,sidkey100n23.5
12443,mid1ip1a,mid1ip1a
12444,otc,otc
12445,rpgra,rpgra
12446,srpx,srpx
12447,BX571713.1,BX571713.1
12448,sytl5,sytl5
12449,asb11,asb11
12450,piga,piga
12451,si:dkey-18p12.4,sidkey18p12.4
12452,zgc:113314,zgc113314
12453,gja8a,gja8a
12454,gja5a,gja5a
12455,acp6,acp6
12456,si:dkey-229b18.3,sidkey229b18.3
12457,chaf1b,chaf1b
12458,morc3a,morc3a
12459,commd6,commd6
12460,tbc1d4,tbc1d4
12461,BX571809.1,BX571809.1
12462,BX571809.3,BX571809.3
12463,BX571809.2,BX571809.2
12464,klf12b,klf12b
12465,klf5b,klf5b
12466,dachd,dachd
12467,clybl,clybl
12468,BX470183.1,BX470183.1
12469,gpr18,gpr18
12470,gpr183a,gpr183a
12471,si:ch211-184m13.4,sich211184m13.4
12472,BX469902.1,BX469902.1
12473,BX469902.2,BX469902.2
12474,zic5,zic5
12475,zic2a,zic2a
12476,BX571774.1,BX571774.1
12477,tmtc4,tmtc4
12478,BX571700.1,BX571700.1
12479,si:ch211-168k14.2,sich211168k14.2
12480,nalcn,nalcn
12481,itgbl1,itgbl1
12482,BX571786.1,BX571786.1
12483,znfl1i,znfl1i
12484,fgf14,fgf14
12485,BX470263.1,BX470263.1
12486,si:dkey-83m22.7,sidkey83m22.7
12487,pikfyve,pikfyve
12488,BX530407.2,BX530407.2
12489,ankrd44,ankrd44
12490,sf3b1,sf3b1
12491,coq10b,coq10b
12492,BX530407.4,BX530407.4
12493,pimr143,pimr143
12494,BX530407.1,BX530407.1
12495,BX530407.8,BX530407.8
12496,BX530407.5,BX530407.5
12497,BX530407.3,BX530407.3
12498,BX530407.7,BX530407.7
12499,BX530407.6,BX530407.6
12500,hspd1,hspd1
12501,hspe1,hspe1
12502,mob4,mob4
12503,rftn2,rftn2
12504,BX511187.1,BX511187.1
12505,plcl1,plcl1
12506,CR391943.1,CR391943.1
12507,satb2,satb2
12508,rabl3,rabl3
12509,dnajb11,dnajb11
12510,gzm3,gzm3
12511,gzm3.2,gzm3.2
12512,BX571724.2,BX571724.2
12513,gzm3.3,gzm3.3
12514,gzm3.4,gzm3.4
12515,ercc1,ercc1
12516,olig1,olig1
12517,BX571724.1,BX571724.1
12518,olig2,olig2
12519,CT030044.1,CT030044.1
12520,gatd3a,gatd3a
12521,mxc,mxc
12522,mxe,mxe
12523,hpxa,hpxa
12524,ankrd50l,ankrd50l
12525,CT030044.2,CT030044.2
12526,fam160a2,fam160a2
12527,cnga4,cnga4
12528,nhlh2,nhlh2
12529,vangl1,vangl1
12530,si:ch211-125e6.5,sich211125e6.5
12531,BX511259.1,BX511259.1
12532,zgc:172053,zgc172053
12533,casq2,casq2
12534,si:ch211-125e6.8,sich211125e6.8
12535,slc5a3b,slc5a3b
12536,atp5po,atp5po
12537,dop1b,dop1b
12538,BX511259.2,BX511259.2
12539,si:ch211-125e6.11,sich211125e6.11
12540,si:ch211-125e6.12,sich211125e6.12
12541,si:ch211-125e6.13,sich211125e6.13
12542,si:ch211-125e6.14,sich211125e6.14
12543,lectin,lectin
12544,BX545856.2,BX545856.2
12545,BX545856.1,BX545856.1
12546,usp9,usp9
12547,rpl8,rpl8
12548,ddx3xa,ddx3xa
12549,nyx,nyx
12550,caska,caska
12551,gpr34b,gpr34b
12552,si:dkey-216e24.9,sidkey216e24.9
12553,mao,mao
12554,ndp,ndp
12555,efhc2,efhc2
12556,BX572627.1,BX572627.1
12557,fundc1,fundc1
12558,kdm6a,kdm6a
12559,dipk2b,dipk2b
12560,dre-mir-221,dre-mir-221
12561,dre-mir-222a,dre-mir-222a
12562,AL590134.1,AL590134.1
12563,AL590146.1,AL590146.1
12564,ccdc80,ccdc80
12565,slc35a5,slc35a5
12566,f5,f5
12567,gpr161,gpr161
12568,dcaf6,dcaf6
12569,mpc2,mpc2
12570,nxpe3,nxpe3
12571,me3,me3
12572,ildr1b,ildr1b
12573,ildr2,ildr2
12574,gpa33b,gpa33b
12575,pou2f1b,pou2f1b
12576,BX294189.1,BX294189.1
12577,cd247l,cd247l
12578,lamp1b,lamp1b
12579,grtp1b,grtp1b
12580,med14,med14
12581,si:ch211-218d20.15,sich211218d20.15
12582,si:ch211-269e2.1,sich211269e2.1
12583,ppp2r3b,ppp2r3b
12584,shox,shox
12585,BX601644.7,BX601644.7
12586,BX601644.5,BX601644.5
12587,BX601644.1,BX601644.1
12588,BX601644.6,BX601644.6
12589,BX601644.2,BX601644.2
12590,BX601644.3,BX601644.3
12591,slc25a6,slc25a6
12592,asmtl,asmtl
12593,p2ry8,p2ry8
12594,upf3a,upf3a
12595,cdc16,cdc16
12596,dcun1d2a,dcun1d2a
12597,tfdp1a,tfdp1a
12598,CR936415.1,CR936415.1
12599,METTL21C-1,METTL21C-1
12600,si:ch211-160b11.4,sich211160b11.4
12601,jam2b,jam2b
12602,gabpa,gabpa
12603,CR759841.1,CR759841.1
12604,appb,appb
12605,si:dkey-192g7.3,sidkey192g7.3
12606,ncam2,ncam2
12607,CU074387.1,CU074387.1
12608,zp2l1,zp2l1
12609,CR759895.1,CR759895.1
12610,si:dkey-67c22.2,sidkey67c22.2
12611,rcan1a,rcan1a
12612,dnajc28,dnajc28
12613,mab21l3,mab21l3
12614,atp1a1b,atp1a1b
12615,BX005438.1,BX005438.1
12616,lrp1bb,lrp1bb
12617,CR932978.3,CR932978.3
12618,CR932978.2,CR932978.2
12619,CR932978.1,CR932978.1
12620,BX664716.1,BX664716.1
12621,BX664716.2,BX664716.2
12622,ralba,ralba
12623,BX664716.3,BX664716.3
12624,si:dkey-3d4.3,sidkey3d4.3
12625,inhbb,inhbb
12626,gli2a,gli2a
12627,BX548071.1,BX548071.1
12628,slc15a2,slc15a2
12629,hspbap1,hspbap1
12630,slc49a4,slc49a4
12631,BX322793.1,BX322793.1
12632,sema5ba,sema5ba
12633,BX294387.1,BX294387.1
12634,pdia5,pdia5
12635,BX511075.1,BX511075.1
12636,sec22a,sec22a
12637,adcy5,adcy5
12638,CU896658.1,CU896658.1
12639,hacd2,hacd2
12640,stam2,stam2
12641,cacnb4a,cacnb4a
12642,si:dkey-219c10.4,sidkey219c10.4
12643,nifk,nifk
12644,BX548038.1,BX548038.1
12645,BX548038.2,BX548038.2
12646,clasp1a,clasp1a
12647,BX548038.3,BX548038.3
12648,tfcp2l1,tfcp2l1
12649,ddx18,ddx18
12650,ccdc93,ccdc93
12651,plcd4b,plcd4b
12652,znf142,znf142
12653,bcs1l,bcs1l
12654,cyp27a7,cyp27a7
12655,cyp27a1.2,cyp27a1.2
12656,CYP27A1,CYP27A1
12657,cyp27a1.4,cyp27a1.4
12658,mcm3ap,mcm3ap
12659,BX001051.1,BX001051.1
12660,lss,lss
12661,lmln,lmln
12662,osbpl11,osbpl11
12663,si:dkey-101k6.5,sidkey101k6.5
12664,snx4,snx4
12665,znf148,znf148
12666,slc12a8,slc12a8
12667,heg1,heg1
12668,kansl1l,kansl1l
12669,CR376853.1,CR376853.1
12670,map2,map2
12671,myl1,myl1
12672,CR812481.1,CR812481.1
12673,cps1,cps1
12674,FP016012.1,FP016012.1
12675,erbb4b,erbb4b
12676,ikzf2,ikzf2
12677,BX255912.1,BX255912.1
12678,BX255912.2,BX255912.2
12679,BX936447.2,BX936447.2
12680,BX936447.1,BX936447.1
12681,BX936447.3,BX936447.3
12682,CU367848.1,CU367848.1
12683,vwc2l,vwc2l
12684,bard1,bard1
12685,abca12,abca12
12686,CR932999.1,CR932999.1
12687,si:dkey-95p16.2,sidkey95p16.2
12688,si:dkey-95p16.1,sidkey95p16.1
12689,pofut2,pofut2
12690,hibch,hibch
12691,BX323586.1,BX323586.1
12692,BX323586.3,BX323586.3
12693,mstnb,mstnb
12694,BX323586.2,BX323586.2
12695,pms1,pms1
12696,ormdl1,ormdl1
12697,adat3,adat3
12698,osgepl1,osgepl1
12699,ankar,ankar
12700,CT737230.1,CT737230.1
12701,asdurf,asdurf
12702,zgc:136439,zgc136439
12703,slc40a1,slc40a1
12704,wdr75,wdr75
12705,stat4,stat4
12706,stat1b,stat1b
12707,BX649377.1,BX649377.1
12708,glsb,glsb
12709,nab1b,nab1b
12710,CR735121.1,CR735121.1
12711,nemp2,nemp2
12712,mfsd6b,mfsd6b
12713,BX571827.3,BX571827.3
12714,BX571827.1,BX571827.1
12715,BX571827.2,BX571827.2
12716,spegb,spegb
12717,dre-mir-732,dre-mir-732
12718,ctdsp1,ctdsp1
12719,dre-mir-26a-1,dre-mir-26a-1
12720,obsl1b,obsl1b
12721,BX927363.1,BX927363.1
12722,si:dkeyp-30e7.2,sidkeyp30e7.2
12723,col18a1a,col18a1a
12724,BX247868.1,BX247868.1
12725,pcbp3,pcbp3
12726,lrrc3,lrrc3
12727,si:dkey-10c21.1,sidkey10c21.1
12728,calcrla,calcrla
12729,tfpia,tfpia
12730,gulp1a,gulp1a
12731,col5a2a,col5a2a
12732,BX640465.1,BX640465.1
12733,fkbp7,fkbp7
12734,ttn.1,ttn.1
12735,BX571737.1,BX571737.1
12736,ttn.2,ttn.2
12737,ccdc141,ccdc141
12738,sestd1,sestd1
12739,znf385b,znf385b
12740,CU855879.1,CU855879.1
12741,cwc22,cwc22
12742,BX470133.1,BX470133.1
12743,ube2e3,ube2e3
12744,BX649590.1,BX649590.1
12745,itga4,itga4
12746,cerkl,cerkl
12747,FP102928.1,FP102928.1
12748,neurod1,neurod1
12749,itprid2,itprid2
12750,ppp1r1c,ppp1r1c
12751,pde1a,pde1a
12752,BX548025.1,BX548025.1
12753,dusp19a,dusp19a
12754,nckap1,nckap1
12755,CR513785.2,CR513785.2
12756,frzb,frzb
12757,CR513785.1,CR513785.1
12758,dnajc10,dnajc10
12759,zgc:66484,zgc66484
12760,vil1,vil1
12761,BX571855.1,BX571855.1
12762,itgb2,itgb2
12763,retsatl,retsatl
12764,BX510317.1,BX510317.1
12765,si:ch211-229g14.3,sich211229g14.3
12766,CU467837.1,CU467837.1
12767,adarb1b,adarb1b
12768,BX005364.1,BX005364.1
12769,BX005108.4,BX005108.4
12770,BX005108.2,BX005108.2
12771,BX005108.3,BX005108.3
12772,BX005108.1,BX005108.1
12773,agr1,agr1
12774,traf3ip1,traf3ip1
12775,BX897692.1,BX897692.1
12776,asb1,asb1
12777,si:dkey-34f9.3,sidkey34f9.3
12778,BX897692.2,BX897692.2
12779,twist2,twist2
12780,hdac4,hdac4
12781,lct,lct
12782,LCT,LCT
12783,cx43.4,cx43.4
12784,CR394556.1,CR394556.1
12785,FQ790211.1,FQ790211.1
12786,slc4a3,slc4a3
12787,si:ch73-193i22.1,sich73193i22.1
12788,igfbp2b,igfbp2b
12789,BX005007.1,BX005007.1
12790,igfbp5b,igfbp5b
12791,AL929460.1,AL929460.1
12792,tns1b,tns1b
12793,gpbar1,gpbar1
12794,zgc:92380,zgc92380
12795,arpc2,arpc2
12796,cxcr1,cxcr1
12797,cxcr2,cxcr2
12798,mettl5,mettl5
12799,BX321905.1,BX321905.1
12800,klhl23,klhl23
12801,phgdh,phgdh
12802,ccdc173,ccdc173
12803,fastkd1,fastkd1
12804,klhl41a,klhl41a
12805,bbs5,bbs5
12806,col28a2a,col28a2a
12807,zgc:172182,zgc172182
12808,lrp2a,lrp2a
12809,BX927361.1,BX927361.1
12810,rdh1,rdh1
12811,BX927361.2,BX927361.2
12812,dhrs9,dhrs9
12813,CU467880.1,CU467880.1
12814,CR626882.3,CR626882.3
12815,CR626882.1,CR626882.1
12816,abcb11a,abcb11a
12817,spc25,spc25
12818,nostrin,nostrin
12819,CR626882.2,CR626882.2
12820,cers6,cers6
12821,stk39,stk39
12822,xirp2b,xirp2b
12823,CSRNP3,CSRNP3
12824,GALNT3,GALNT3
12825,CABZ01075129.1,CABZ01075129.1
12826,ttc21b,ttc21b
12827,AL929294.2,AL929294.2
12828,scn1laa,scn1laa
12829,AL929294.1,AL929294.1
12830,slc38a11,slc38a11
12831,cobll1b,cobll1b
12832,CU062479.1,CU062479.1
12833,GRB14,GRB14
12834,fign,fign
12835,CABZ01053739.1,CABZ01053739.1
12836,CABZ01079853.1,CABZ01079853.1
12837,ifih1,ifih1
12838,AL954669.1,AL954669.1
12839,fap,fap
12840,gcgb,gcgb
12841,slc4a10b,slc4a10b
12842,tbr1b,tbr1b
12843,tank,tank
12844,rbms1b,rbms1b
12845,cd302,cd302
12846,CABZ01079550.1,CABZ01079550.1
12847,tanc1b,tanc1b
12848,CABZ01028277.1,CABZ01028277.1
12849,CABZ01028274.1,CABZ01028274.1
12850,dap1b,dap1b
12851,dap1b-1,dap1b-1
12852,nme8,nme8
12853,smarcal1,smarcal1
12854,march4,march4
12855,xrcc5,xrcc5
12856,tmem169b,tmem169b
12857,si:ch211-241j8.2,sich211241j8.2
12858,pfkla,pfkla
12859,MAP3K13,MAP3K13
12860,CR753902.1,CR753902.1
12861,trpm2-1,trpm2-1
12862,CU855885.1,CU855885.1
12863,CABZ01054965.1,CABZ01054965.1
12864,zmp:0000000936,zmp0000000936
12865,sox21b,sox21b
12866,CABZ01081019.1,CABZ01081019.1
12867,dct,dct
12868,gpc6b,gpc6b
12869,dre-mir-92a-2,dre-mir-92a-2
12870,CABZ01078244.2,CABZ01078244.2
12871,CABZ01078244.1,CABZ01078244.1
12872,dre-mir-18b,dre-mir-18b
12873,dre-mir-17a-2,dre-mir-17a-2
12874,CU539062.1,CU539062.1
12875,slitrk5b,slitrk5b
12876,CABZ01084081.1,CABZ01084081.1
12877,pcdh8,pcdh8
12878,PCDH8,PCDH8
12879,cnmd,cnmd
12880,ednrbb,ednrbb
12881,cog3,cog3
12882,mid1,mid1
12883,tlr7,tlr7
12884,tlr7-1,tlr7-1
12885,CU914164.1,CU914164.1
12886,tmsb4x,tmsb4x
12887,lars1a,lars1a
12888,rbm27,rbm27
12889,CT998556.1,CT998556.1
12890,pou4f3,pou4f3
12891,il13,il13
12892,rad50,rad50
12893,drd1b,drd1b
12894,egfl6,egfl6
12895,rab9a,rab9a
12896,trappc2,trappc2
12897,ofd1,ofd1
12898,gpm6bb,gpm6bb
12899,AL732610.1,AL732610.1
12900,glra2,glra2
12901,fancb,fancb
12902,CABZ01062153.1,CABZ01062153.1
12903,mospd2,mospd2
12904,gpr143,gpr143
12905,tbl1x,tbl1x
12906,ANOS1,ANOS1
12907,CABZ01113122.1,CABZ01113122.1
12908,CABZ01113123.1,CABZ01113123.1
12909,nlgn4xb,nlgn4xb
12910,mxra5b,mxra5b
12911,arsh,arsh
12912,FP236644.1,FP236644.1
12913,asmt,asmt
12914,akap17a,akap17a
12915,sowahca,sowahca
12916,CR352223.2,CR352223.2
12917,sept10,sept10
12918,SH3RF3,SH3RF3
12919,CR352223.1,CR352223.1
12920,CABZ01032671.1,CABZ01032671.1
12921,edar,edar
12922,TBC1D8,TBC1D8
12923,rpl31,rpl31
12924,cnot11,cnot11
12925,lcp1,lcp1
12926,rab3gap1,rab3gap1
12927,actr3,actr3
12928,gpr39,gpr39
12929,CABZ01079480.1,CABZ01079480.1
12930,ubxn4,ubxn4
12931,CABZ01090785.1,CABZ01090785.1
12932,cdkal1,cdkal1
12933,sox4b,sox4b
12934,si:ch211-201o1.1,sich211201o1.1
12935,nrsn1,nrsn1
12936,slc6a3,slc6a3
12937,LO017917.1,LO017917.1
12938,irx4a,irx4a
12939,LO017841.1,LO017841.1
12940,irx2a,irx2a
12941,irx1a,irx1a
12942,adamts16,adamts16
12943,rprd2b,rprd2b
12944,LO017852.3,LO017852.3
12945,LO017852.2,LO017852.2
12946,LO017852.1,LO017852.1
12947,LO018340.1,LO018340.1
12948,celf3b,celf3b
12949,cers2b,cers2b
12950,sim1a,sim1a
12951,ascc3,ascc3
12952,CABZ01085979.1,CABZ01085979.1
12953,GRIK2,GRIK2
12954,LO017875.1,LO017875.1
12955,hace1,hace1
12956,hpxb,hpxb
12957,CU928063.1,CU928063.1
12958,cnih4,cnih4
12959,wdr26a,wdr26a
12960,adcy3a,adcy3a
12961,preb,preb
12962,lyplal1,lyplal1
12963,CU896588.1,CU896588.1
12964,CU929110.1,CU929110.1
12965,tgfb2,tgfb2
12966,acot22,acot22
12967,FEZ2,FEZ2
12968,clec3ba,clec3ba
12969,cdcp1a,cdcp1a
12970,lars2,lars2
12971,CABZ01043952.1,CABZ01043952.1
12972,cyb5r4,cyb5r4
12973,csf3r,csf3r
12974,wdr21,wdr21
12975,CABZ01052320.1,CABZ01052320.1
12976,GRIK3,GRIK3
12977,BX936406.1,BX936406.1
12978,BX936406.2,BX936406.2
12979,zc3h12a,zc3h12a
12980,si:ch211-175f12.2,sich211175f12.2
12981,CR391998.1,CR391998.1
12982,inpp5b,inpp5b
12983,mtf1,mtf1
12984,yrdc,yrdc
12985,rrp15,rrp15
12986,CU469524.1,CU469524.1
12987,CU469524.2,CU469524.2
12988,vegfaa,vegfaa
12989,ttc29,ttc29
12990,ppp1r8b,ppp1r8b
12991,BX927222.1,BX927222.1
12992,tfpt,tfpt
12993,mrpl51,mrpl51
12994,arnt,arnt
12995,cyp4t8,cyp4t8
12996,LIN28A,LIN28A
12997,FP015809.1,FP015809.1
12998,mecr,mecr
12999,smpdl3b,smpdl3b
13000,themis2,themis2
13001,rpa2,rpa2
13002,ube3d,ube3d
13003,tpbgb,tpbgb
13004,ibtk,ibtk
13005,FO722028.1,FO722028.1
13006,TENT5A,TENT5A
13007,bckdhb,bckdhb
13008,LO018201.1,LO018201.1
13009,CU694364.1,CU694364.1
13010,ttk,ttk
13011,dctn3,dctn3
13012,elovl4a,elovl4a
13013,soga3a,soga3a
13014,soga3a-1,soga3a-1
13015,si:ch211-151o1.4,sich211151o1.4
13016,plecb,plecb
13017,CR848788.2,CR848788.2
13018,macf1b,macf1b
13019,zgc:91890,zgc91890
13020,CR848788.1,CR848788.1
13021,CYTH2,CYTH2
13022,si:dkey-283b15.2,sidkey283b15.2
13023,zgc:158689,zgc158689
13024,ndufa3,ndufa3
13025,ccka,ccka
13026,trak1a,trak1a
13027,BX957314.1,BX957314.1
13028,ulk4,ulk4
13029,BX511115.1,BX511115.1
13030,ctnnb1,ctnnb1
13031,cmtm8b,cmtm8b
13032,scgn,scgn
13033,ndufb9,ndufb9
13034,mboat1,mboat1
13035,BX001026.1,BX001026.1
13036,BX470242.1,BX470242.1
13037,sall3a,sall3a
13038,BX470242.2,BX470242.2
13039,znf407,znf407
13040,znf236,znf236
13041,mbpb,mbpb
13042,AL845419.1,AL845419.1
13043,arhgef2,arhgef2
13044,pmvk,pmvk
13045,eaf1,eaf1
13046,bbs9,bbs9
13047,bmper,bmper
13048,si:ch73-341k19.1,sich73341k19.1
13049,nt5c3a,nt5c3a
13050,CU466278.1,CU466278.1
13051,CU466278.2,CU466278.2
13052,sri,sri
13053,foxo6a,foxo6a
13054,med18,med18
13055,atg5,atg5
13056,prdm1a,prdm1a
13057,CT574585.1,CT574585.1
13058,CT574585.2,CT574585.2
13059,stx12l,stx12l
13060,popdc3,popdc3
13061,bves,bves
13062,pimr209,pimr209
13063,BX511173.1,BX511173.1
13064,ccr11.1,ccr11.1
13065,cnot10,cnot10
13066,trim71,trim71
13067,tcaim,tcaim
13068,CABZ01061349.1,CABZ01061349.1
13069,CU856516.1,CU856516.1
13070,ano10a,ano10a
13071,snrka,snrka
13072,pomgnt2,pomgnt2
13073,gask1a,gask1a
13074,entpd3,entpd3
13075,CR478208.1,CR478208.1
13076,ddc,ddc
13077,grb10b,grb10b
13078,CU062417.1,CU062417.1
13079,cobl,cobl
13080,ccr2,ccr2
13081,ccr2-1,ccr2-1
13082,si:cabz01093077.1,sicabz01093077.1
13083,cabz01093075.1,cabz01093075.1
13084,triob,triob
13085,dnah5,dnah5
13086,CR394537.2,CR394537.2
13087,adcy2a,adcy2a
13088,CR394537.1,CR394537.1
13089,ice1,ice1
13090,ccr8.1,ccr8.1
13091,prpf3,prpf3
13092,pimr208,pimr208
13093,BX324207.1,BX324207.1
13094,ca14,ca14
13095,FO704756.1,FO704756.1
13096,taf2,taf2
13097,enpp2,enpp2
13098,mal2,mal2
13099,COLEC10,COLEC10
13100,ecm1b,ecm1b
13101,pip5k1ab,pip5k1ab
13102,psmd4b,psmd4b
13103,zgc:92912,zgc92912
13104,tapbpl,tapbpl
13105,grhl2a,grhl2a
13106,ncalda,ncalda
13107,id4,id4
13108,cep76,cep76
13109,ptpn2a,ptpn2a
13110,cep192,cep192
13111,mrs2,mrs2
13112,flot1b,flot1b
13113,tubb5,tubb5
13114,FP016064.1,FP016064.1
13115,mdc1,mdc1
13116,si:dkeyp-77h1.4,sidkeyp77h1.4
13117,CU929328.1,CU929328.1
13118,si:ch73-54f23.4,sich7354f23.4
13119,ino80e,ino80e
13120,ino80e-1,ino80e-1
13121,vars1,vars1
13122,abhd16a,abhd16a
13123,g6fl,g6fl
13124,si:ch73-22o12.1,sich7322o12.1
13125,zgc:165409,zgc165409
13126,atp1a3b,atp1a3b
13127,rabac1,rabac1
13128,dedd1,dedd1
13129,CU468227.1,CU468227.1
13130,pou2f2a,pou2f2a
13131,erfl3,erfl3
13132,cicb,cicb
13133,znf526,znf526
13134,gsk3ab,gsk3ab
13135,znf574,znf574
13136,BX005242.1,BX005242.1
13137,grik5,grik5
13138,zgc:198329,zgc198329
13139,si:dkey-11o1.2,sidkey11o1.2
13140,si:dkey-11o1.6,sidkey11o1.6
13141,si:dkey-11o1.7,sidkey11o1.7
13142,si:dkey-11o1.3,sidkey11o1.3
13143,cxcr3.1,cxcr3.1
13144,si:dkey-250k15.9,sidkey250k15.9
13145,si:dkey-250k15.10,sidkey250k15.10
13146,si:dkey-250k15.7,sidkey250k15.7
13147,ceacam1,ceacam1
13148,zgc:158701,zgc158701
13149,pafah1b3,pafah1b3
13150,pafah1b3-1,pafah1b3-1
13151,si:dkey-250k15.4,sidkey250k15.4
13152,tlr21,tlr21
13153,cnfn,cnfn
13154,cxcr3.2,cxcr3.2
13155,cxcr3.3,cxcr3.3
13156,cxcr3.1-1,cxcr3.1-1
13157,cd4-1,cd4-1
13158,si:ch73-296e2.3,sich73296e2.3
13159,cd4-2.2,cd4-2.2
13160,usp5,usp5
13161,p3h3,p3h3
13162,CU467865.1,CU467865.1
13163,gnb3a,gnb3a
13164,si:ch211-69g19.2,sich21169g19.2
13165,pex5,pex5
13166,clstn3,clstn3
13167,lpcat3,lpcat3
13168,tpi1b,tpi1b
13169,CR388102.3,CR388102.3
13170,CR388102.2,CR388102.2
13171,CR388102.4,CR388102.4
13172,CR388102.5,CR388102.5
13173,leng8,leng8
13174,zgc:92606,zgc92606
13175,CR388102.7,CR388102.7
13176,si:dkey-26c10.5,sidkey26c10.5
13177,trpv6,trpv6
13178,CR388102.1,CR388102.1
13179,ephb6,ephb6
13180,CR388102.6,CR388102.6
13181,slc2a3b,slc2a3b
13182,cox6b2,cox6b2
13183,rasip1,rasip1
13184,CU694256.1,CU694256.1
13185,il11a,il11a
13186,nat14,nat14
13187,aicda,aicda
13188,mfap5,mfap5
13189,sbk3,sbk3
13190,epn1,epn1
13191,foxj2,foxj2
13192,isoc2,isoc2
13193,u2af2a,u2af2a
13194,cacng6b,cacng6b
13195,cacng8b,cacng8b
13196,cacng7b,cacng7b
13197,prkcg,prkcg
13198,grin2db,grin2db
13199,pitpnc1b,pitpnc1b
13200,si:dkeyp-69b9.3,sidkeyp69b9.3
13201,BX323458.2,BX323458.2
13202,BX323458.1,BX323458.1
13203,ntd5,ntd5
13204,dbpb,dbpb
13205,si:dkeyp-69b9.6,sidkeyp69b9.6
13206,shisa7a,shisa7a
13207,CR848741.1,CR848741.1
13208,ube2s,ube2s
13209,josd2,josd2
13210,ttyh1,ttyh1
13211,leng9,leng9
13212,flcn,flcn
13213,zgc:174888,zgc174888
13214,CU459065.1,CU459065.1
13215,grwd1,grwd1
13216,cdc42ep5,cdc42ep5
13217,atg12,atg12
13218,si:ch211-149k23.9,sich211149k23.9
13219,rcvrn2,rcvrn2
13220,si:dkey-85k15.4,sidkey85k15.4
13221,BX005429.1,BX005429.1
13222,zgc:162509,zgc162509
13223,si:dkey-85k15.6,sidkey85k15.6
13224,zgc:162509-1,zgc1625091
13225,fdps,fdps
13226,rusc1,rusc1
13227,trim109,trim109
13228,si:dkey-85k15.11,sidkey85k15.11
13229,BX322530.1,BX322530.1
13230,dap3,dap3
13231,gba,gba
13232,rnf115,rnf115
13233,polr3c,polr3c
13234,itga10,itga10
13235,crabp2a,crabp2a
13236,CU638870.1,CU638870.1
13237,BX324006.2,BX324006.2
13238,BX324006.3,BX324006.3
13239,BX324006.1,BX324006.1
13240,BX005402.1,BX005402.1
13241,si:dkey-237j11.3,sidkey237j11.3
13242,dscc1,dscc1
13243,deptor,deptor
13244,col14a1a,col14a1a
13245,mrpl13,mrpl13
13246,mtbp,mtbp
13247,sntb1,sntb1
13248,has2,has2
13249,CT573793.2,CT573793.2
13250,CT573793.1,CT573793.1
13251,CT573793.3,CT573793.3
13252,CT573799.2,CT573799.2
13253,CT573799.1,CT573799.1
13254,UBE2O,UBE2O
13255,ankib1b,ankib1b
13256,BX248082.2,BX248082.2
13257,fabp11b,fabp11b
13258,BX248082.1,BX248082.1
13259,stmn2a,stmn2a
13260,upp1,upp1
13261,gra,gra
13262,rbm12b,rbm12b
13263,setd2,setd2
13264,nradd,nradd
13265,nbeal2,nbeal2
13266,CR848667.2,CR848667.2
13267,ccdc12,ccdc12
13268,si:ch211-257p13.3,sich211257p13.3
13269,CR848667.3,CR848667.3
13270,CR848667.1,CR848667.1
13271,cyp21a2,cyp21a2
13272,tnxba,tnxba
13273,c4b,c4b
13274,uts2r3,uts2r3
13275,kcnj14,kcnj14
13276,myh14,myh14
13277,si:ch211-120k19.1,sich211120k19.1
13278,rpl18,rpl18
13279,plekhg6,plekhg6
13280,tnfrsf1a,tnfrsf1a
13281,cd27,cd27
13282,si:dkey-260g12.1,sidkey260g12.1
13283,CU861451.1,CU861451.1
13284,iffo1b,iffo1b
13285,opn9,opn9
13286,gapdh,gapdh
13287,wu:fj39g12,wufj39g12
13288,nop2,nop2
13289,CR936322.1,CR936322.1
13290,CR936322.2,CR936322.2
13291,gtf3c6,gtf3c6
13292,emg1,emg1
13293,kel,kel
13294,zyx,zyx
13295,fam131bb,fam131bb
13296,clcn1b,clcn1b
13297,CR855317.1,CR855317.1
13298,casp2,casp2
13299,FP015958.1,FP015958.1
13300,m6pr,m6pr
13301,ccdc106a,ccdc106a
13302,si:dkey-17m8.1,sidkey17m8.1
13303,CR361564.1,CR361564.1
13304,dre-mir-190b,dre-mir-190b
13305,zgc:174935,zgc174935
13306,si:dkey-87o1.2,sidkey87o1.2
13307,them4,them4
13308,rorc,rorc
13309,si:dkey-17m8.2,sidkey17m8.2
13310,CR749162.1,CR749162.1
13311,AL929304.1,AL929304.1
13312,CR524827.1,CR524827.1
13313,rxrbb,rxrbb
13314,FP067425.1,FP067425.1
13315,fhod3b,fhod3b
13316,CR848057.1,CR848057.1
13317,slc6a19b,slc6a19b
13318,si:ch211-254p10.2,sich211254p10.2
13319,pimr98,pimr98
13320,rapgef5b,rapgef5b
13321,CR936240.2,CR936240.2
13322,dnah11,dnah11
13323,CR936240.1,CR936240.1
13324,dnah11-1,dnah11-1
13325,BX005032.1,BX005032.1
13326,sp8b,sp8b
13327,abcb5,abcb5
13328,BX005389.2,BX005389.2
13329,BX005389.5,BX005389.5
13330,BX005389.3,BX005389.3
13331,macc1,macc1
13332,tmem196b,tmem196b
13333,BX005389.4,BX005389.4
13334,BX005389.1,BX005389.1
13335,twist1b,twist1b
13336,CU855688.1,CU855688.1
13337,CU855688.2,CU855688.2
13338,CU855948.1,CU855948.1
13339,hdac9b,hdac9b
13340,ahr1a,ahr1a
13341,BX511151.1,BX511151.1
13342,ankrd28b,ankrd28b
13343,c16h2orf66,c16h2orf66
13344,hacl1,hacl1
13345,colq,colq
13346,plekha8,plekha8
13347,fkbp14,fkbp14
13348,si:dkeyp-86h10.3,sidkeyp86h10.3
13349,chn2,chn2
13350,CR354600.1,CR354600.1
13351,cpvl,cpvl
13352,creb5b,creb5b
13353,jazf1b,jazf1b
13354,tax1bp1b,tax1bp1b
13355,hibadhb,hibadhb
13356,CR392024.2,CR392024.2
13357,hoxa13b,hoxa13b
13358,hoxa11b,hoxa11b
13359,hoxa10b,hoxa10b
13360,mir196d,mir196d
13361,hoxa9b,hoxa9b
13362,hoxa2b,hoxa2b
13363,CR392024.1,CR392024.1
13364,skap2,skap2
13365,BX571678.1,BX571678.1
13366,snx10b,snx10b
13367,cbx3b,cbx3b
13368,si:dkey-271j15.3,sidkey271j15.3
13369,pde11al,pde11al
13370,osbpl3b,osbpl3b
13371,gsdmeb,gsdmeb
13372,mpp6a,mpp6a
13373,BX469919.1,BX469919.1
13374,stk31,stk31
13375,ddr1,ddr1
13376,gnl1,gnl1
13377,si:ch211-154o6.2,sich211154o6.2
13378,si:ch211-154o6.3,sich211154o6.3
13379,FP085428.1,FP085428.1
13380,cops7a,cops7a
13381,si:ch73-86n18.1,sich7386n18.1
13382,trim108,trim108
13383,FP015862.4,FP015862.4
13384,FP015862.3,FP015862.3
13385,FP015862.2,FP015862.2
13386,dicp3.3,dicp3.3
13387,FP015862.1,FP015862.1
13388,si:ch73-322b17.4,sich73322b17.4
13389,si:ch73-34h11.1,sich7334h11.1
13390,zmp:0000000608,zmp0000000608
13391,dicp3.1,dicp3.1
13392,setdb1b,setdb1b
13393,znf687a,znf687a
13394,si:dkey-71b5.7,sidkey71b5.7
13395,CR855277.2,CR855277.2
13396,si:dkey-71b5.3,sidkey71b5.3
13397,CR855277.3,CR855277.3
13398,CR855277.4,CR855277.4
13399,CR855277.1,CR855277.1
13400,il6r,il6r
13401,LO017682.1,LO017682.1
13402,atp8b2,atp8b2
13403,aqp10a,aqp10a
13404,si:dkey-92i15.4,sidkey92i15.4
13405,C16H1orf43,C16H1orf43
13406,tuft1a,tuft1a
13407,si:dkey-238m4.4,sidkey238m4.4
13408,cgna,cgna
13409,si:dkey-238m4.3,sidkey238m4.3
13410,she,she
13411,chrnb2,chrnb2
13412,s100t,s100t
13413,si:ch211-105c13.3,sich211105c13.3
13414,tlr19,tlr19
13415,tlr19-1,tlr19-1
13416,pbxip1b,pbxip1b
13417,CR854942.1,CR854942.1
13418,lenep,lenep
13419,shc1,shc1
13420,flad1,flad1
13421,si:dkey-246i14.3,sidkey246i14.3
13422,FP245462.1,FP245462.1
13423,efna3b,efna3b
13424,efna1b,efna1b
13425,slc50a1,slc50a1
13426,krtcap2,krtcap2
13427,CT030031.1,CT030031.1
13428,si:dkey-247k7.2,sidkey247k7.2
13429,trim46a,trim46a
13430,s100a10b,s100a10b
13431,s100w,s100w
13432,icn,icn
13433,CR533578.3,CR533578.3
13434,icn2,icn2
13435,snx27b,snx27b
13436,CR533578.4,CR533578.4
13437,adar,adar
13438,CR533578.2,CR533578.2
13439,kcnn3,kcnn3
13440,CR533578.1,CR533578.1
13441,rps27.2,rps27.2
13442,rab13,rab13
13443,si:dkey-7f3.9,sidkey7f3.9
13444,nbn,nbn
13445,osgin2,osgin2
13446,gtpbp10,gtpbp10
13447,apoa4b.1,apoa4b.1
13448,apoa4b.2,apoa4b.2
13449,si:dkey-7f3.14,sidkey7f3.14
13450,apoa4b.2-1,apoa4b.2-1
13451,apoeb,apoeb
13452,apoc1,apoc1
13453,apoc4,apoc4
13454,apoa2,apoa2
13455,apoc2,apoc2
13456,bcam,bcam
13457,rps19,rps19
13458,cadm4,cadm4
13459,CR854851.1,CR854851.1
13460,CT867948.1,CT867948.1
13461,si:ch211-79k12.1,sich21179k12.1
13462,si:ch211-79k12.2,sich21179k12.2
13463,si:dkey-56f14.4,sidkey56f14.4
13464,fxyd6l,fxyd6l
13465,si:dkey-56f14.7,sidkey56f14.7
13466,pon1,pon1
13467,pon3.2,pon3.2
13468,pon3.2-1,pon3.2-1
13469,pon2,pon2
13470,ywhabl,ywhabl
13471,negaly6,negaly6
13472,BX005256.1,BX005256.1
13473,smg9,smg9
13474,si:dkey-79d12.4,sidkey79d12.4
13475,kcnn4,kcnn4
13476,si:dkey-79d12.5,sidkey79d12.5
13477,si:dkey-79d12.6,sidkey79d12.6
13478,dre-let-7d-1,dre-let-7d-1
13479,BX539313.1,BX539313.1
13480,dre-mir-125a-1,dre-mir-125a-1
13481,BX539313.2,BX539313.2
13482,has1,has1
13483,fpr1,fpr1
13484,si:dkeyp-84f3.5,sidkeyp84f3.5
13485,BX539313.3,BX539313.3
13486,znf1035,znf1035
13487,im:7147486,im7147486
13488,si:dkeyp-84f3.9,sidkeyp84f3.9
13489,prss1,prss1
13490,si:ch211-261d7.3,sich211261d7.3
13491,zgc:66448,zgc66448
13492,si:ch211-261d7.6,sich211261d7.6
13493,zgc:92590,zgc92590
13494,CU062628.1,CU062628.1
13495,znf576.1,znf576.1
13496,znf576.2,znf576.2
13497,wu:fe05a04,wufe05a04
13498,BX571853.3,BX571853.3
13499,hcst,hcst
13500,tyrobp,tyrobp
13501,LRATD2,LRATD2
13502,klhl38b,klhl38b
13503,fbxo32,fbxo32
13504,prelid3a,prelid3a
13505,si:dkey-29h14.10,sidkey29h14.10
13506,tbc1d31,tbc1d31
13507,dync1i1,dync1i1
13508,BX571853.2,BX571853.2
13509,BX571853.1,BX571853.1
13510,dre-mir-30d,dre-mir-30d
13511,dre-mir-30b,dre-mir-30b
13512,zfat,zfat
13513,rbfa,rbfa
13514,adnp2a,adnp2a
13515,pard6ga,pard6ga
13516,zgc:136493,zgc136493
13517,jarid2a,jarid2a
13518,dtnbp1a,dtnbp1a
13519,mylipb,mylipb
13520,atxn1b,atxn1b
13521,fam8a1b,fam8a1b
13522,zgc:110410,zgc110410
13523,zhx2a,zhx2a
13524,derl1,derl1
13525,nsmce2,nsmce2
13526,tomm40,tomm40
13527,ddx61,ddx61
13528,bcl3,bcl3
13529,cblc,cblc
13530,irgq1,irgq1
13531,irge4,irge4
13532,CR391937.1,CR391937.1
13533,irge1,irge1
13534,si:ch73-103b2.1,sich73103b2.1
13535,prss59.1,prss59.1
13536,prss59.2,prss59.2
13537,mrpl17,mrpl17
13538,tmem145,tmem145
13539,lipeb,lipeb
13540,BX571738.1,BX571738.1
13541,cd79a,cd79a
13542,arhgef1b,arhgef1b
13543,erfl1,erfl1
13544,BX571757.1,BX571757.1
13545,megf8,megf8
13546,BX571761.1,BX571761.1
13547,trim35-28,trim35-28
13548,epb41b,epb41b
13549,CR391910.1,CR391910.1
13550,CR391910.2,CR391910.2
13551,l3mbtl1b,l3mbtl1b
13552,sgk2b,sgk2b
13553,ptpn3,ptpn3
13554,CR391910.3,CR391910.3
13555,epb41l4b,epb41l4b
13556,BX537166.2,BX537166.2
13557,BX537166.1,BX537166.1
13558,esrp1,esrp1
13559,virma,virma
13560,rnf41l,rnf41l
13561,rad54b,rad54b
13562,fsbp,fsbp
13563,BX511010.1,BX511010.1
13564,gem,gem
13565,cdh17,cdh17
13566,pdp1,pdp1
13567,zmp:0000001316,zmp0000001316
13568,trim35-29,trim35-29
13569,ino80c,ino80c
13570,galnt1,galnt1
13571,tmem245,tmem245
13572,LO017771.1,LO017771.1
13573,frrs1l,frrs1l
13574,LO017763.1,LO017763.1
13575,alg2,alg2
13576,sec61b,sec61b
13577,nr4a3,nr4a3
13578,CR524821.1,CR524821.1
13579,stx17,stx17
13580,CR848817.1,CR848817.1
13581,erp44,erp44
13582,invs,invs
13583,tex10,tex10
13584,si:ch211-197h24.6,sich211197h24.6
13585,zgc:153215,zgc153215
13586,tmem67,tmem67
13587,si:ch211-197h24.8,sich211197h24.8
13588,BX649484.1,BX649484.1
13589,si:ch211-197h24.9,sich211197h24.9
13590,glipr2l,glipr2l
13591,nacad,nacad
13592,tbrg4,tbrg4
13593,steap4,steap4
13594,znf804b,znf804b
13595,CR626941.1,CR626941.1
13596,si:dkey-12j5.1,sidkey12j5.1
13597,mindy3,mindy3
13598,itga8,itga8
13599,CR936250.1,CR936250.1
13600,fam171a1,fam171a1
13601,nmt2,nmt2
13602,rpp38,rpp38
13603,acbd7,acbd7
13604,BX322614.1,BX322614.1
13605,crot,crot
13606,abcb4,abcb4
13607,adam15,adam15
13608,dcst1,dcst1
13609,dcst2,dcst2
13610,si:dkey-24i24.3,sidkey24i24.3
13611,s100v1,s100v1
13612,trim33l,trim33l
13613,zgc:171704,zgc171704
13614,plin6,plin6
13615,syt11b,syt11b
13616,si:dkey-222b8.1,sidkey222b8.1
13617,chtopb,chtopb
13618,si:dkey-239n17.6,sidkey239n17.6
13619,npr1b,npr1b
13620,gon4l,gon4l
13621,gpatch4,gpatch4
13622,CR848841.1,CR848841.1
13623,nes,nes
13624,mef2d,mef2d
13625,CR938717.1,CR938717.1
13626,CR848047.1,CR848047.1
13627,dre-mir-9-1,dre-mir-9-1
13628,rhbg,rhbg
13629,hapln2,hapln2
13630,bcan,bcan
13631,isg20l2,isg20l2
13632,rrnad1,rrnad1
13633,s100a1,s100a1
13634,tlr18,tlr18
13635,si:ch211-113g11.6,sich211113g11.6
13636,lingo4b,lingo4b
13637,ctsk,ctsk
13638,ctss2.1,ctss2.1
13639,ctss2.2,ctss2.2
13640,BX248517.1,BX248517.1
13641,onecutl,onecutl
13642,hormad1,hormad1
13643,ensab,ensab
13644,mcl1b,mcl1b
13645,vps72b,vps72b
13646,tmod4,tmod4
13647,scnm1,scnm1
13648,lysmd1,lysmd1
13649,tnfaip8l2b,tnfaip8l2b
13650,AL928927.1,AL928927.1
13651,sema6e,sema6e
13652,CR847566.1,CR847566.1
13653,FP103008.1,FP103008.1
13654,LO017848.1,LO017848.1
13655,tmem79b,tmem79b
13656,cct3,cct3
13657,pdia7,pdia7
13658,pear1,pear1
13659,CR848742.1,CR848742.1
13660,lmna,lmna
13661,mc2r,mc2r
13662,mc5rb,mc5rb
13663,fam210ab,fam210ab
13664,ldlrad4b,ldlrad4b
13665,BX005347.1,BX005347.1
13666,ptk2ab,ptk2ab
13667,dennd3b,dennd3b
13668,slc45a4b,slc45a4b
13669,gstk2,gstk2
13670,gpr20,gpr20
13671,dgat1b,dgat1b
13672,BX510336.1,BX510336.1
13673,scrt1b,scrt1b
13674,mroh1,mroh1
13675,CR626923.1,CR626923.1
13676,scxb,scxb
13677,zgc:194210,zgc194210
13678,csnk2a1,csnk2a1
13679,ptp4a3b,ptp4a3b
13680,CR855311.2,CR855311.2
13681,ndrg1b,ndrg1b
13682,ccn4b,ccn4b
13683,tg,tg
13684,SLA,SLA
13685,phf20l1,phf20l1
13686,CR855311.1,CR855311.1
13687,CR855311.5,CR855311.5
13688,CR855311.6,CR855311.6
13689,CR855311.4,CR855311.4
13690,wu:fd46c06,wufd46c06
13691,c1r,c1r
13692,c1s,c1s
13693,rbp5,rbp5
13694,ptpn6,ptpn6
13695,chd4b,chd4b
13696,wnt4b,wnt4b
13697,cdc42l,cdc42l
13698,mlf2,mlf2
13699,atn1,atn1
13700,BX511250.1,BX511250.1
13701,rbfox1l,rbfox1l
13702,rps9,rps9
13703,si:ch1073-90m23.1,sich107390m23.1
13704,phc1,phc1
13705,CR854927.3,CR854927.3
13706,styk1b,styk1b
13707,CR854927.4,CR854927.4
13708,gstk4,gstk4
13709,gstk4-1,gstk4-1
13710,gstk1,gstk1
13711,mboat7,mboat7
13712,CR854927.1,CR854927.1
13713,tmc4,tmc4
13714,leng1,leng1
13715,si:dkey-40m6.8,sidkey40m6.8
13716,prpf31,prpf31
13717,si:dkey-40m6.11,sidkey40m6.11
13718,cnot3a,cnot3a
13719,sphk2,sphk2
13720,CR854927.2,CR854927.2
13721,gprc6a,gprc6a
13722,kpna5,kpna5
13723,zufsp,zufsp
13724,rwdd1,rwdd1
13725,calhm5.2,calhm5.2
13726,calhm5.1,calhm5.1
13727,calhm6,calhm6
13728,klhl32,klhl32
13729,mms22l,mms22l
13730,CR854989.1,CR854989.1
13731,CR533571.1,CR533571.1
13732,pou3f2b,pou3f2b
13733,fbxl4,fbxl4
13734,CR848729.1,CR848729.1
13735,faxcb,faxcb
13736,coq3,coq3
13737,pnisr,pnisr
13738,CR848729.4,CR848729.4
13739,usp45,usp45
13740,si:dkey-165n16.1,sidkey165n16.1
13741,zgc:172323,zgc172323
13742,prdm13,prdm13
13743,MCHR2,MCHR2
13744,me1,me1
13745,prss35,prss35
13746,snap91a,snap91a
13747,dop1a,dop1a
13748,pnrc2,pnrc2
13749,cnr2,cnr2
13750,akirin1,akirin1
13751,rhbdl2,rhbdl2
13752,rragca,rragca
13753,AL954832.2,AL954832.2
13754,AL954832.1,AL954832.1
13755,BX537338.1,BX537338.1
13756,BX511161.1,BX511161.1
13757,pou3f1,pou3f1
13758,utp11,utp11
13759,fhl3a,fhl3a
13760,BX530064.1,BX530064.1
13761,BX530064.2,BX530064.2
13762,rspo1,rspo1
13763,gnl2,gnl2
13764,dnali1,dnali1
13765,snip1,snip1
13766,gpn2,gpn2
13767,arid1aa,arid1aa
13768,pigv,pigv
13769,zdhhc18a,zdhhc18a
13770,tent5ba,tent5ba
13771,tcea3,tcea3
13772,oprd1b,oprd1b
13773,rcc1,rcc1
13774,phactr4b,phactr4b
13775,AL954327.1,AL954327.1
13776,hivep3b,hivep3b
13777,AL954327.2,AL954327.2
13778,CR626886.2,CR626886.2
13779,serinc2l,serinc2l
13780,si:ch211-255i3.4,sich211255i3.4
13781,paqr7b,paqr7b
13782,stmn1b,stmn1b
13783,CR626886.1,CR626886.1
13784,AL929184.1,AL929184.1
13785,FP340271.1,FP340271.1
13786,ptprub,ptprub
13787,BX004992.1,BX004992.1
13788,CR385021.1,CR385021.1
13789,si:dkey-34d22.1,sidkey34d22.1
13790,si:dkey-34d22.2,sidkey34d22.2
13791,si:dkey-34d22.3,sidkey34d22.3
13792,si:dkey-34d22.5,sidkey34d22.5
13793,rab42b,rab42b
13794,taf12,taf12
13795,ctps1b,ctps1b
13796,cited4b,cited4b
13797,scmh1,scmh1
13798,si:ch211-1i11.3,sich2111i11.3
13799,map7d1a,map7d1a
13800,AL773558.2,AL773558.2
13801,AL773558.1,AL773558.1
13802,thrap3a,thrap3a
13803,sh3d21,sh3d21
13804,eva1ba,eva1ba
13805,stk40,stk40
13806,OSCP1,OSCP1
13807,mrps15,mrps15
13808,CU499336.2,CU499336.2
13809,sh3bp5b,sh3bp5b
13810,capn7,capn7
13811,CT027772.1,CT027772.1
13812,CT027772.2,CT027772.2
13813,col6a4a,col6a4a
13814,pik3r4,pik3r4
13815,decr1,decr1
13816,calb1,calb1
13817,si:ch73-215d9.1,sich73215d9.1
13818,pnp4b,pnp4b
13819,tdp2a,tdp2a
13820,aldh5a1,aldh5a1
13821,snrnp48,snrnp48
13822,BX248115.1,BX248115.1
13823,si:ch211-208k15.1,sich211208k15.1
13824,adgrb1a,adgrb1a
13825,BX294107.1,BX294107.1
13826,si:ch211-198c19.1,sich211198c19.1
13827,cep162,cep162
13828,mrap2a,mrap2a
13829,si:ch211-198c19.3,sich211198c19.3
13830,plekho1b,plekho1b
13831,CT025591.1,CT025591.1
13832,si:dkey-23o4.6,sidkey23o4.6
13833,pogzb,pogzb
13834,selenbp1,selenbp1
13835,pi4kb,pi4kb
13836,myo1eb,myo1eb
13837,prune,prune
13838,bnipl,bnipl
13839,cdc42se1,cdc42se1
13840,gabpb2b,gabpb2b
13841,elp6,elp6
13842,zgc:113232,zgc113232
13843,cd83,cd83
13844,rspo2,rspo2
13845,eif3ea,eif3ea
13846,CU855886.1,CU855886.1
13847,emc2,emc2
13848,trhra,trhra
13849,BX571839.1,BX571839.1
13850,eny2,eny2
13851,BX296552.1,BX296552.1
13852,BX296552.2,BX296552.2
13853,gdf6a,gdf6a
13854,sybu,sybu
13855,si:dkey-99n20.6,sidkey99n20.6
13856,ebag9,ebag9
13857,zdhhc3a,zdhhc3a
13858,tmem42a,tmem42a
13859,zgc:77056,zgc77056
13860,gpd1l,gpd1l
13861,osbpl10b,osbpl10b
13862,stt3b,stt3b
13863,CR855318.1,CR855318.1
13864,tgfbr2b,tgfbr2b
13865,rbms3,rbms3
13866,CR626944.2,CR626944.2
13867,CR626944.1,CR626944.1
13868,CT025588.2,CT025588.2
13869,hint3,hint3
13870,CT025588.1,CT025588.1
13871,si:dkey-29b11.3,sidkey29b11.3
13872,trmt11,trmt11
13873,CT025588.3,CT025588.3
13874,cenpw,cenpw
13875,si:ch211-195p4.4,sich211195p4.4
13876,BX470182.3,BX470182.3
13877,BX470182.2,BX470182.2
13878,BX470182.1,BX470182.1
13879,rspo3,rspo3
13880,BX072576.3,BX072576.3
13881,mettl6,mettl6
13882,BX072576.2,BX072576.2
13883,si:dkey-242e21.3,sidkey242e21.3
13884,plekhf2,plekhf2
13885,BX072576.1,BX072576.1
13886,ndufaf6,ndufaf6
13887,nagpa,nagpa
13888,BX324007.2,BX324007.2
13889,tp53inp1,tp53inp1
13890,ccne2,ccne2
13891,si:dkey-22o22.2,sidkey22o22.2
13892,BX324007.1,BX324007.1
13893,gbp,gbp
13894,KCNV1,KCNV1
13895,dek,dek
13896,si:dkey-201i6.8,sidkey201i6.8
13897,BX511123.1,BX511123.1
13898,BX511123.2,BX511123.2
13899,scap,scap
13900,ptpn23a,ptpn23a
13901,si:ch211-53m15.2,sich21153m15.2
13902,sc:d156,scd156
13903,nek11,nek11
13904,cpne4a,cpne4a
13905,BX005012.4,BX005012.4
13906,cmtm6,cmtm6
13907,cmtm7,cmtm7
13908,siglec15l,siglec15l
13909,si:dkey-11p23.7,sidkey11p23.7
13910,BX005012.1,BX005012.1
13911,rpp25l,rpp25l
13912,BX005012.3,BX005012.3
13913,BX005012.2,BX005012.2
13914,aste1a,aste1a
13915,atp2c1,atp2c1
13916,ubxn11,ubxn11
13917,cep85,cep85
13918,CR376740.1,CR376740.1
13919,mtdhb,mtdhb
13920,CR376740.2,CR376740.2
13921,si:dkey-199f5.8,sidkey199f5.8
13922,psmc4,psmc4
13923,si:dkey-199f5.7,sidkey199f5.7
13924,si:dkey-199f5.6,sidkey199f5.6
13925,si:dkey-199f5.4,sidkey199f5.4
13926,si:dkey-199f5.3,sidkey199f5.3
13927,zgc:194418,zgc194418
13928,scn1ba,scn1ba
13929,CR318611.1,CR318611.1
13930,gramd1a,gramd1a
13931,BX649388.3,BX649388.3
13932,BX649388.1,BX649388.1
13933,si:ch211-225p5.8,sich211225p5.8
13934,pycard,pycard
13935,caspa,caspa
13936,etv2,etv2
13937,fli1b,fli1b
13938,zp3d.2,zp3d.2
13939,zp3d.1,zp3d.1
13940,BX649388.2,BX649388.2
13941,dyrk1b,dyrk1b
13942,alkbh8,alkbh8
13943,fbl,fbl
13944,zgc:162160,zgc162160
13945,CU104741.1,CU104741.1
13946,ppox,ppox
13947,cspg5a,cspg5a
13948,smarcc1a,smarcc1a
13949,si:ch211-215k15.4,sich211215k15.4
13950,pkdc,pkdc
13951,si:ch211-135n15.1,sich211135n15.1
13952,herpud2,herpud2
13953,tbx20,tbx20
13954,dpy19l1l,dpy19l1l
13955,slc4a7,slc4a7
13956,si:ch211-135n15.2,sich211135n15.2
13957,polr3glb,polr3glb
13958,txnipb,txnipb
13959,CR854827.1,CR854827.1
13960,CR854827.2,CR854827.2
13961,hjv,hjv
13962,CR854827.3,CR854827.3
13963,dre-mir-92b,dre-mir-92b
13964,thbs3a,thbs3a
13965,mtx1a,mtx1a
13966,si:ch211-135n15.3,sich211135n15.3
13967,BX005234.1,BX005234.1
13968,nudt17,nudt17
13969,si:dkey-7j14.5,sidkey7j14.5
13970,si:dkey-7j14.6,sidkey7j14.6
13971,sema4aa,sema4aa
13972,rundc3b,rundc3b
13973,slc25a40,slc25a40
13974,dbf4,dbf4
13975,adam22,adam22
13976,cldn12,cldn12
13977,washc5,washc5
13978,atad2,atad2
13979,psma2,psma2
13980,mrpl32,mrpl32
13981,ccdc127a,ccdc127a
13982,FO704821.1,FO704821.1
13983,rnf144b,rnf144b
13984,sqlea,sqlea
13985,oxr1a,oxr1a
13986,LO018541.1,LO018541.1
13987,LO017721.1,LO017721.1
13988,si:dkey-122a22.2,sidkey122a22.2
13989,zfpm2a,zfpm2a
13990,CR628324.1,CR628324.1
13991,LO017847.1,LO017847.1
13992,dpys,dpys
13993,rims2a,rims2a
13994,RIMS2,RIMS2
13995,CR925804.2,CR925804.2
13996,dcaf13,dcaf13
13997,zgc:101716,zgc101716
13998,si:ch211-151m7.6,sich211151m7.6
13999,CR925804.1,CR925804.1
14000,zmp:0000000951,zmp0000000951
14001,upk1a,upk1a
14002,arhgap33,arhgap33
14003,rbm42,rbm42
14004,cd22,cd22
14005,ncam3,ncam3
14006,sult2st3,sult2st3
14007,BX511252.1,BX511252.1
14008,tmem147,tmem147
14009,gapdhs,gapdhs
14010,si:rp71-77l1.2,sirp7177l1.2
14011,si:rp71-77l1.1,sirp7177l1.1
14012,FP085399.2,FP085399.2
14013,FP085399.3,FP085399.3
14014,FP085399.5,FP085399.5
14015,si:ch73-343g19.4,sich73343g19.4
14016,si:dkey-33i11.9,sidkey33i11.9
14017,FP085399.6,FP085399.6
14018,FP085399.4,FP085399.4
14019,fxyd1,fxyd1
14020,FP085399.1,FP085399.1
14021,FP016247.1,FP016247.1
14022,si:dkey-33i11.4,sidkey33i11.4
14023,FP016247.2,FP016247.2
14024,hpn,hpn
14025,si:dkey-33i11.1,sidkey33i11.1
14026,dnase2,dnase2
14027,rgl2,rgl2
14028,phf1,phf1
14029,syngap1b,syngap1b
14030,CU062666.1,CU062666.1
14031,CU459129.1,CU459129.1
14032,smg5,smg5
14033,paqr6,paqr6
14034,ntrk1,ntrk1
14035,afp4,afp4
14036,afp4-1,afp4-1
14037,rbm8a,rbm8a
14038,otud7b,otud7b
14039,mtmr11,mtmr11
14040,si:ch211-271d10.2,sich211271d10.2
14041,sv2a,sv2a
14042,bola1,bola1
14043,BX537142.1,BX537142.1
14044,nr2f5,nr2f5
14045,CU469499.1,CU469499.1
14046,si:ch73-59c19.1,sich7359c19.1
14047,CU861453.1,CU861453.1
14048,rpz,rpz
14049,rpz2,rpz2
14050,rpz6,rpz6
14051,rpz3,rpz3
14052,rpz5,rpz5
14053,rpz4,rpz4
14054,tmem176l.1,tmem176l.1
14055,si:dkey-152b24.7,sidkey152b24.7
14056,si:dkey-152b24.8,sidkey152b24.8
14057,zgc:174938,zgc174938
14058,si:dkey-152b24.6,sidkey152b24.6
14059,BX323793.1,BX323793.1
14060,tmem176l.3a,tmem176l.3a
14061,tmem176l.2,tmem176l.2
14062,tmem176l.4,tmem176l.4
14063,ubqln4,ubqln4
14064,lamtor2,lamtor2
14065,rab25b,rab25b
14066,rab11al,rab11al
14067,FO082781.1,FO082781.1
14068,CABZ01027551.1,CABZ01027551.1
14069,thsd7ab,thsd7ab
14070,CR848802.1,CR848802.1
14071,LO017877.2,LO017877.2
14072,ENSDARG00000098402,ENSDARG00000098402
14073,ica1,ica1
14074,mios,mios
14075,col28a1b,col28a1b
14076,LO017849.1,LO017849.1
14077,si:dkey-256h2.1,sidkey256h2.1
14078,sept7b,sept7b
14079,slc25a32b,slc25a32b
14080,cthrc1b,cthrc1b
14081,csmd3a,csmd3a
14082,CR388140.2,CR388140.2
14083,CR388140.1,CR388140.1
14084,CU929195.1,CU929195.1
14085,CU183074.1,CU183074.1
14086,eif3ha,eif3ha
14087,rad21a,rad21a
14088,ext1a,ext1a
14089,pbx2,pbx2
14090,notchl,notchl
14091,CU694532.1,CU694532.1
14092,tap1,tap1
14093,brd2b,brd2b
14094,si:ch73-31d8.2,sich7331d8.2
14095,FQ976914.1,FQ976914.1
14096,CABZ01068499.1,CABZ01068499.1
14097,plcl2,plcl2
14098,LO018128.1,LO018128.1
14099,satb1b,satb1b
14100,CABZ01059142.1,CABZ01059142.1
14101,si:dkey-82o10.4,sidkey82o10.4
14102,efhb,efhb
14103,rab5ab,rab5ab
14104,znf385d,znf385d
14105,CR855313.1,CR855313.1
14106,ube2e2,ube2e2
14107,nr1d2a,nr1d2a
14108,nek10,nek10
14109,si:ch211-231m23.4,sich211231m23.4
14110,lim2.5,lim2.5
14111,vsig10l,vsig10l
14112,etfb,etfb
14113,CU693446.1,CU693446.1
14114,hamp,hamp
14115,IGLON5,IGLON5
14116,LO018415.1,LO018415.1
14117,LO018246.1,LO018246.1
14118,si:ch73-90p23.1,sich7390p23.1
14119,CU855821.1,CU855821.1
14120,si:dkeyp-97a10.3,sidkeyp97a10.3
14121,FP243388.2,FP243388.2
14122,si:dkeyp-97a10.1,sidkeyp97a10.1
14123,FP243388.1,FP243388.1
14124,si:dkeyp-97a10.2,sidkeyp97a10.2
14125,ago3a,ago3a
14126,ago1,ago1
14127,dhdds,dhdds
14128,hmgn2,hmgn2
14129,FQ323156.1,FQ323156.1
14130,serpinb14,serpinb14
14131,serpinb1l1,serpinb1l1
14132,zgc:173729,zgc173729
14133,serpinb1l4,serpinb1l4
14134,C16H1orf232,C16H1orf232
14135,si:ch211-107n13.1,sich211107n13.1
14136,SLC9A1,SLC9A1
14137,LO017938.1,LO017938.1
14138,CABZ01074290.1,CABZ01074290.1
14139,dre-mir-455-2,dre-mir-455-2
14140,rpl28,rpl28
14141,CU655845.1,CU655845.1
14142,pdcl,pdcl
14143,MAN1C1,MAN1C1
14144,ifnlr1,ifnlr1
14145,LO018250.1,LO018250.1
14146,fabp10a,fabp10a
14147,CR293507.1,CR293507.1
14148,ubr5,ubr5
14149,azin1a,azin1a
14150,atp6v1c1a,atp6v1c1a
14151,baalca,baalca
14152,spire1b,spire1b
14153,cep72,cep72
14154,TPPP,TPPP
14155,zdhhc11,zdhhc11
14156,brd9,brd9
14157,trip13,trip13
14158,nkd2a,nkd2a
14159,CABZ01053976.1,CABZ01053976.1
14160,FO905052.1,FO905052.1
14161,si:ch211-269k10.2,sich211269k10.2
14162,si:ch211-269k10.4,sich211269k10.4
14163,si:ch211-269k10.5,sich211269k10.5
14164,ptdss1a,ptdss1a
14165,CR848746.1,CR848746.1
14166,kif13a,kif13a
14167,rbm24b,rbm24b
14168,grinab,grinab
14169,smpd5,smpd5
14170,CR759845.5,CR759845.5
14171,CR759845.3,CR759845.3
14172,CR759845.4,CR759845.4
14173,CR759845.1,CR759845.1
14174,gpatch3,gpatch3
14175,sacm1lb,sacm1lb
14176,CR759845.2,CR759845.2
14177,ggctb,ggctb
14178,nod1,nod1
14179,znrf2b,znrf2b
14180,fzd1,fzd1
14181,cdk14,cdk14
14182,LO017872.1,LO017872.1
14183,xrcc1,xrcc1
14184,drd2l,drd2l
14185,ethe1,ethe1
14186,LO018166.1,LO018166.1
14187,CABZ01111454.1,CABZ01111454.1
14188,osr2,osr2
14189,pklr,pklr
14190,cyp11c1,cyp11c1
14191,clk2b,clk2b
14192,fzd6,fzd6
14193,dennd4b,dennd4b
14194,spag1b,spag1b
14195,fbxo43,fbxo43
14196,CZQB01137059.1,CZQB01137059.1
14197,CU694952.1,CU694952.1
14198,pop1,pop1
14199,CABZ01080434.1,CABZ01080434.1
14200,CU929206.2,CU929206.2
14201,CU929206.1,CU929206.1
14202,si:zfos-1192g2.3,sizfos1192g2.3
14203,khdc4,khdc4
14204,zbtb7b,zbtb7b
14205,pabpc1a,pabpc1a
14206,nr0b2a,nr0b2a
14207,kdf1a,kdf1a
14208,tpbgl,tpbgl
14209,tmem222a,tmem222a
14210,wdtc1,wdtc1
14211,CU861891.1,CU861891.1
14212,zgc:114181,zgc114181
14213,LO017815.1,LO017815.1
14214,azi2,azi2
14215,cmc1,cmc1
14216,eomesb,eomesb
14217,LO017816.1,LO017816.1
14218,iqgap3,iqgap3
14219,zgc:174972,zgc174972
14220,si:ch73-57f22.2,sich7357f22.2
14221,lrfn2b,lrfn2b
14222,FP017161.1,FP017161.1
14223,zgc:112001,zgc112001
14224,olfcb1,olfcb1
14225,pcare2,pcare2
14226,ypel5,ypel5
14227,slc16a10,slc16a10
14228,rpf2,rpf2
14229,si:ch211-241j12.3,sich211241j12.3
14230,BX511077.1,BX511077.1
14231,smim8,smim8
14232,cx28.8,cx28.8
14233,znf292b,znf292b
14234,lama4,lama4
14235,tube1,tube1
14236,tube1-1,tube1-1
14237,ccn6,ccn6
14238,si:dkey-119m7.4,sidkey119m7.4
14239,si:dkey-119m7.8,sidkey119m7.8
14240,fynb,fynb
14241,ndufaf4,ndufaf4
14242,gpr63,gpr63
14243,ufl1,ufl1
14244,frk,frk
14245,nt5dc1,nt5dc1
14246,col10a1b,col10a1b
14247,FO904980.1,FO904980.1
14248,dse,dse
14249,si:dkey-121j17.6,sidkey121j17.6
14250,smyd2b,smyd2b
14251,kcnk2b,kcnk2b
14252,prkg3,prkg3
14253,nrl,nrl
14254,senp6a,senp6a
14255,myo6a,myo6a
14256,impg1a,impg1a
14257,mei4,mei4
14258,nt5e,nt5e
14259,snx14,snx14
14260,cnr1,cnr1
14261,rngtt,rngtt
14262,BX537249.1,BX537249.1
14263,pnrc1,pnrc1
14264,gabrr1,gabrr1
14265,gabrr2b,gabrr2b
14266,ube2j1,ube2j1
14267,lyrm2,lyrm2
14268,BX248418.2,BX248418.2
14269,BX248418.1,BX248418.1
14270,ankrd6b,ankrd6b
14271,lats1,lats1
14272,hsd3b2,hsd3b2
14273,lrp11,lrp11
14274,pcmt,pcmt
14275,nup43,nup43
14276,tab2,tab2
14277,scara5,scara5
14278,mmachc,mmachc
14279,C20H6orf58,C20H6orf58
14280,C20H6orf58-1,C20H6orf58-1
14281,themis,themis
14282,ptprk,ptprk
14283,CR846082.1,CR846082.1
14284,CABZ01065423.1,CABZ01065423.1
14285,CABZ01065425.1,CABZ01065425.1
14286,lama2,lama2
14287,CABZ01103860.1,CABZ01103860.1
14288,CABZ01092781.1,CABZ01092781.1
14289,CABZ01088134.1,CABZ01088134.1
14290,arhgap18,arhgap18
14291,BX681416.2,BX681416.2
14292,tmem244,tmem244
14293,l3mbtl3,l3mbtl3
14294,tmem200a,tmem200a
14295,BX681416.1,BX681416.1
14296,si:ch73-18b11.2,sich7318b11.2
14297,EPB41L2,EPB41L2
14298,akap7,akap7
14299,BX072559.1,BX072559.1
14300,med23,med23
14301,il20ra,il20ra
14302,bub1,bub1
14303,zgc:101562,zgc101562
14304,cfap206,cfap206
14305,slc35a1,slc35a1
14306,rars2,rars2
14307,akirin2,akirin2
14308,syncrip,syncrip
14309,cdk19,cdk19
14310,CABZ01027815.1,CABZ01027815.1
14311,amd1,amd1
14312,ppil4,ppil4
14313,map3k5,map3k5
14314,CEP170B,CEP170B
14315,si:ch73-212j7.3,sich73212j7.3
14316,si:ch73-212j7.3-1,sich73212j7.3-1
14317,spint1b,spint1b
14318,rps6kc1,rps6kc1
14319,ndufaf7,ndufaf7
14320,si:ch1073-412h12.3,sich1073412h12.3
14321,cebpz,cebpz
14322,marcksa,marcksa
14323,CU570797.6,CU570797.6
14324,CU570797.8,CU570797.8
14325,CU570797.13,CU570797.13
14326,CU570797.2,CU570797.2
14327,CU570797.4,CU570797.4
14328,CU570797.7,CU570797.7
14329,CU570797.5,CU570797.5
14330,CU570797.3,CU570797.3
14331,CU570797.12,CU570797.12
14332,CU570797.10,CU570797.10
14333,CU570797.1,CU570797.1
14334,CU570797.15,CU570797.15
14335,CU570797.11,CU570797.11
14336,CU570797.9,CU570797.9
14337,CU570797.14,CU570797.14
14338,mfsd4b,mfsd4b
14339,rev3l,rev3l
14340,LO018608.1,LO018608.1
14341,cnksr3,cnksr3
14342,si:ch73-111k22.3,sich73111k22.3
14343,C20H1orf198,C20H1orf198
14344,clec11a,clec11a
14345,selenol,selenol
14346,ttc13,ttc13
14347,arv1,arv1
14348,fam89a,fam89a
14349,sprtn,sprtn
14350,exoc8,exoc8
14351,TRIM67,TRIM67
14352,CABZ01042336.1,CABZ01042336.1
14353,zgc:194224,zgc194224
14354,gnpat,gnpat
14355,ipcef1,ipcef1
14356,CABZ01067980.1,CABZ01067980.1
14357,CABZ01067979.1,CABZ01067979.1
14358,tiam2b,tiam2b
14359,im:7142702,im7142702
14360,CABZ01032982.1,CABZ01032982.1
14361,papola,papola
14362,ak7a,ak7a
14363,galca,galca
14364,lgals8a,lgals8a
14365,zdhhc14,zdhhc14
14366,tmem242,tmem242
14367,arid1b,arid1b
14368,BX649499.1,BX649499.1
14369,BX649499.2,BX649499.2
14370,si:dkey-60a16.1,sidkey60a16.1
14371,ccnk,ccnk
14372,dre-mir-7146,dre-mir-7146
14373,cyp46a1.1,cyp46a1.1
14374,zgc:123299,zgc123299
14375,ccdc85cb,ccdc85cb
14376,cyp46a1.2,cyp46a1.2
14377,cyp46a1.4,cyp46a1.4
14378,cyp46a1.3,cyp46a1.3
14379,ism2b,ism2b
14380,CABZ01045949.1,CABZ01045949.1
14381,sptlc2b,sptlc2b
14382,snw1,snw1
14383,CU571247.1,CU571247.1
14384,nrxn3b,nrxn3b
14385,BX088548.1,BX088548.1
14386,cep128,cep128
14387,CABZ01064253.1,CABZ01064253.1
14388,CABZ01062797.1,CABZ01062797.1
14389,CABZ01062796.1,CABZ01062796.1
14390,tshr,tshr
14391,pum2,pum2
14392,ttr,ttr
14393,b4galt6,b4galt6
14394,opn7a,opn7a
14395,trappc8,trappc8
14396,CABZ01086587.1,CABZ01086587.1
14397,mep1b,mep1b
14398,mcm3l,mcm3l
14399,si:ch211-191a24.4,sich211191a24.4
14400,tns3.1,tns3.1
14401,CT583652.1,CT583652.1
14402,tns3.2,tns3.2
14403,igfbp3,igfbp3
14404,igfbp1a,igfbp1a
14405,adcy1a,adcy1a
14406,CR788301.1,CR788301.1
14407,sirt5,sirt5
14408,si:ch211-121a2.2,sich211121a2.2
14409,ftr85,ftr85
14410,si:ch211-121a2.4,sich211121a2.4
14411,dhcr24,dhcr24
14412,si:dkeyp-51f12.2,sidkeyp51f12.2
14413,si:dkeyp-51f12.3,sidkeyp51f12.3
14414,bsnd,bsnd
14415,dsc2l,dsc2l
14416,dsg2.1,dsg2.1
14417,FO834840.1,FO834840.1
14418,pcsk9,pcsk9
14419,usp24,usp24
14420,bloc1s2,bloc1s2
14421,BX897740.1,BX897740.1
14422,CR848049.1,CR848049.1
14423,si:dkey-19f4.2,sidkey19f4.2
14424,plpp3,plpp3
14425,prkaa2,prkaa2
14426,si:ch211-232i5.3,sich211232i5.3
14427,si:ch211-232i5.1,sich211232i5.1
14428,dab1a,dab1a
14429,CR388209.2,CR388209.2
14430,CR388209.3,CR388209.3
14431,CR388209.1,CR388209.1
14432,CR853291.1,CR853291.1
14433,oma1,oma1
14434,mysm1,mysm1
14435,si:ch211-59d15.9,sich21159d15.9
14436,bpnt1,bpnt1
14437,ylpm1,ylpm1
14438,fosl2l,fosl2l
14439,kcnk5b,kcnk5b
14440,syt14b,syt14b
14441,nt5c1bb,nt5c1bb
14442,BX942842.1,BX942842.1
14443,si:dkey-174m14.3,sidkey174m14.3
14444,rdh14b,rdh14b
14445,crip2l,crip2l
14446,rad51b,rad51b
14447,zfp36l1b,zfp36l1b
14448,nid2b,nid2b
14449,ptger2b,ptger2b
14450,BX284679.1,BX284679.1
14451,si:dkey-63j12.4,sidkey63j12.4
14452,psmc6,psmc6
14453,cgrrf1,cgrrf1
14454,ddhd1b,ddhd1b
14455,stxbp6l,stxbp6l
14456,AL645822.1,AL645822.1
14457,gjd2b,gjd2b
14458,ACTC1,ACTC1
14459,CU539064.1,CU539064.1
14460,znf770,znf770
14461,meis2a,meis2a
14462,kcnk10a,kcnk10a
14463,BDKRB2,BDKRB2
14464,CR556696.1,CR556696.1
14465,glrx5,glrx5
14466,AL845550.2,AL845550.2
14467,AL845550.1,AL845550.1
14468,zgc:100997,zgc100997
14469,serpina1l,serpina1l
14470,serpina1,serpina1
14471,si:ch211-155i14.1,sich211155i14.1
14472,flrt2,flrt2
14473,AL929349.1,AL929349.1
14474,si:ch211-155o21.3,sich211155o21.3
14475,si:ch211-155o21.4,sich211155o21.4
14476,BX322618.1,BX322618.1
14477,BX322618.2,BX322618.2
14478,si:dkey-97l20.6,sidkey97l20.6
14479,BX005367.2,BX005367.2
14480,BX005367.1,BX005367.1
14481,FAM177A1,FAM177A1
14482,BX547930.4,BX547930.4
14483,BX547930.1,BX547930.1
14484,si:dkey-54g2.2,sidkey54g2.2
14485,BX547930.3,BX547930.3
14486,BX547930.2,BX547930.2
14487,ints7,ints7
14488,dtl,dtl
14489,ppp2r5a,ppp2r5a
14490,BX510324.1,BX510324.1
14491,BX510324.2,BX510324.2
14492,kcnk3a,kcnk3a
14493,BX470123.1,BX470123.1
14494,enpp1,enpp1
14495,sytl3,sytl3
14496,ezrb,ezrb
14497,rsph3,rsph3
14498,TAGAP,TAGAP
14499,si:ch211-122h15.4,sich211122h15.4
14500,opn8c,opn8c
14501,lpgat1,lpgat1
14502,BX248403.1,BX248403.1
14503,nek2,nek2
14504,slc30a1a,slc30a1a
14505,BX469908.1,BX469908.1
14506,si:dkey-249p7.4,sidkey249p7.4
14507,rd3,rd3
14508,si:ch211-22i13.2,sich21122i13.2
14509,rhag,rhag
14510,zpax2,zpax2
14511,kcns3b,kcns3b
14512,dlgap2b,dlgap2b
14513,dlgap2b-1,dlgap2b-1
14514,BX465225.1,BX465225.1
14515,C20H12orf57,C20H12orf57
14516,si:dkey-69c1.1,sidkey69c1.1
14517,scrn2,scrn2
14518,BX901920.1,BX901920.1
14519,suco,suco
14520,tmed5,tmed5
14521,pigc,pigc
14522,dnm3a,dnm3a
14523,BX470128.1,BX470128.1
14524,mir199-3a,mir199-3a
14525,mir214a,mir214a
14526,mettl13,mettl13
14527,itpa,itpa
14528,vamp4,vamp4
14529,FP074855.1,FP074855.1
14530,myoc,myoc
14531,prrc2c,prrc2c
14532,si:dkey-239i20.2,sidkey239i20.2
14533,fmo5,fmo5
14534,si:dkey-239i20.4,sidkey239i20.4
14535,plpp6,plpp6
14536,prdx6,prdx6
14537,jun,jun
14538,caiap,caiap
14539,si:dkey-86e18.1,sidkey86e18.1
14540,faslg,faslg
14541,BX842702.1,BX842702.1
14542,fam20b,fam20b
14543,BX571854.1,BX571854.1
14544,ralgps2,ralgps2
14545,angptl1a,angptl1a
14546,coa7,coa7
14547,zyg11,zyg11
14548,echdc2,echdc2
14549,BX890559.1,BX890559.1
14550,si:dkey-52j6.3,sidkey52j6.3
14551,BX890559.2,BX890559.2
14552,BX890568.1,BX890568.1
14553,gtf2a1,gtf2a1
14554,ches1,ches1
14555,tmem30ab,tmem30ab
14556,AL935145.3,AL935145.3
14557,AL935145.4,AL935145.4
14558,kcnk13b,kcnk13b
14559,AL935145.1,AL935145.1
14560,psmc1b,psmc1b
14561,AL935145.2,AL935145.2
14562,calm1b,calm1b
14563,brms1lb,brms1lb
14564,nfkbiaa,nfkbiaa
14565,CU855900.1,CU855900.1
14566,psma6b,psma6b
14567,si:ch73-74h11.1,sich7374h11.1
14568,si:dkey-5n18.1,sidkey5n18.1
14569,AL928808.1,AL928808.1
14570,cdh2,cdh2
14571,CU468139.1,CU468139.1
14572,CR759908.1,CR759908.1
14573,aqp4,aqp4
14574,kctd1,kctd1
14575,taf4b,taf4b
14576,psma8,psma8
14577,znf521,znf521
14578,gpr132b,gpr132b
14579,vipas39,vipas39
14580,si:dkeyp-93h6.1,sidkeyp93h6.1
14581,cdc42bpb,cdc42bpb
14582,si:dkeyp-72h1.1,sidkeyp72h1.1
14583,BX510992.1,BX510992.1
14584,BX510992.2,BX510992.2
14585,tnfaip2a,tnfaip2a
14586,eif5,eif5
14587,enpp5,enpp5
14588,fam167ab,fam167ab
14589,ccm2,ccm2
14590,xkr6b,xkr6b
14591,BX510941.1,BX510941.1
14592,mtmr9,mtmr9
14593,BX510941.2,BX510941.2
14594,tdh,tdh
14595,pinx1,pinx1
14596,sox7,sox7
14597,rp1l1b,rp1l1b
14598,BX842684.2,BX842684.2
14599,blk,blk
14600,fndc4a,fndc4a
14601,BX842684.1,BX842684.1
14602,si:dkey-71h2.2,sidkey71h2.2
14603,BX842692.2,BX842692.2
14604,si:ch211-278j3.3,sich211278j3.3
14605,BX842692.1,BX842692.1
14606,BX890544.1,BX890544.1
14607,znf513a,znf513a
14608,snx17,snx17
14609,BX276101.2,BX276101.2
14610,eif2b4,eif2b4
14611,atraid,atraid
14612,BX276101.1,BX276101.1
14613,dre-mir-133b,dre-mir-133b
14614,dre-mir-206-1,dre-mir-206-1
14615,nme6,nme6
14616,baalcb,baalcb
14617,BX510657.2,BX510657.2
14618,BX510657.1,BX510657.1
14619,chrna2b,chrna2b
14620,ptk2bb,ptk2bb
14621,kcnh5a,kcnh5a
14622,BX248118.1,BX248118.1
14623,rhoj,rhoj
14624,ppp2r5ea,ppp2r5ea
14625,si:ch211-212g7.6,sich211212g7.6
14626,snapc1a,snapc1a
14627,hif1ab,hif1ab
14628,prkchb,prkchb
14629,BX649231.1,BX649231.1
14630,six4b,six4b
14631,six1b,six1b
14632,six6b,six6b
14633,ppm1ab,ppm1ab
14634,si:ch211-253p18.2,sich211253p18.2
14635,rtn1b,rtn1b
14636,si:ch211-253p18.5,sich211253p18.5
14637,zgc:193541,zgc193541
14638,ppp1r13bb,ppp1r13bb
14639,ckbb,ckbb
14640,xrcc3,xrcc3
14641,brf1b,brf1b
14642,btbd6b,btbd6b
14643,si:dkey-219e20.2,sidkey219e20.2
14644,BX296516.1,BX296516.1
14645,BX248104.1,BX248104.1
14646,nudt14,nudt14
14647,BX004766.1,BX004766.1
14648,jag2b,jag2b
14649,BX276098.1,BX276098.1
14650,esr2a,esr2a
14651,si:ch211-207i1.2,sich211207i1.2
14652,daam1b,daam1b
14653,BX296520.1,BX296520.1
14654,nmu,nmu
14655,clocka,clocka
14656,BX088688.3,BX088688.3
14657,BX088688.1,BX088688.1
14658,tmem165,tmem165
14659,BX088688.2,BX088688.2
14660,srd5a3,srd5a3
14661,kdr,kdr
14662,kita,kita
14663,pdgfra,pdgfra
14664,gsx2,gsx2
14665,lnx1,lnx1
14666,fip1l1a,fip1l1a
14667,scfd2,scfd2
14668,BX511028.2,BX511028.2
14669,BX511028.1,BX511028.1
14670,si:ch73-249k16.4,sich73249k16.4
14671,rasl11b,rasl11b
14672,CU693368.3,CU693368.3
14673,CU693368.5,CU693368.5
14674,CU693368.1,CU693368.1
14675,CU693368.4,CU693368.4
14676,CU693368.2,CU693368.2
14677,usp46,usp46
14678,spata18,spata18
14679,sgcb,sgcb
14680,lrrc66,lrrc66
14681,dcun1d4,dcun1d4
14682,BX323889.1,BX323889.1
14683,ociad2,ociad2
14684,ociad1,ociad1
14685,BX323889.2,BX323889.2
14686,fryl,fryl
14687,zar1,zar1
14688,slc10a4,slc10a4
14689,si:dkey-90m5.4,sidkey90m5.4
14690,slain2,slain2
14691,anapc4,anapc4
14692,palld,palld
14693,cbr4,cbr4
14694,si:ch211-191d2.2,sich211191d2.2
14695,nek1,nek1
14696,sh3rf1,sh3rf1
14697,BX255904.1,BX255904.1
14698,si:dkey-15j16.3,sidkey15j16.3
14699,si:dkey-15j16.6,sidkey15j16.6
14700,ginm1,ginm1
14701,katna1,katna1
14702,mdn1,mdn1
14703,casp8ap2,casp8ap2
14704,cx52.6,cx52.6
14705,bach2b,bach2b
14706,BX119992.1,BX119992.1
14707,map3k7,map3k7
14708,BX901952.1,BX901952.1
14709,CR385053.2,CR385053.2
14710,CR385053.3,CR385053.3
14711,si:dkey-273g18.1,sidkey273g18.1
14712,CR385053.1,CR385053.1
14713,AL928716.1,AL928716.1
14714,epha7,epha7
14715,moxd1,moxd1
14716,BX530723.1,BX530723.1
14717,ccn2a,ccn2a
14718,fam228a,fam228a
14719,itsn2a,itsn2a
14720,mrpl19,mrpl19
14721,pfas,pfas
14722,si:dkey-183n20.15,sidkey183n20.15
14723,hook1,hook1
14724,cyp2n13,cyp2n13
14725,cyp2ad6,cyp2ad6
14726,cyp2v1,cyp2v1
14727,cyp2ad2,cyp2ad2
14728,cyp2ad3,cyp2ad3
14729,BX322665.1,BX322665.1
14730,cyp2p6,cyp2p6
14731,cyp2p7,cyp2p7
14732,cyp2p8,cyp2p8
14733,BX322665.3,BX322665.3
14734,cyp2p9,cyp2p9
14735,cyp2p10,cyp2p10
14736,cyp2j20,cyp2j20
14737,BX322665.2,BX322665.2
14738,paics,paics
14739,ppat,ppat
14740,si:dkeyp-117h8.4,sidkeyp117h8.4
14741,CR352243.1,CR352243.1
14742,aasdh,aasdh
14743,CRACD,CRACD
14744,CR352243.2,CR352243.2
14745,cep135,cep135
14746,chst14,chst14
14747,exoc1,exoc1
14748,zgc:153896,zgc153896
14749,elmsan1a,elmsan1a
14750,slc35f6,slc35f6
14751,ttbk2b,ttbk2b
14752,churc1,churc1
14753,znf106b,znf106b
14754,capn3b,capn3b
14755,nrbp1,nrbp1
14756,si:dkey-12h9.6,sidkey12h9.6
14757,gtf2h5,gtf2h5
14758,serac1,serac1
14759,AL954831.1,AL954831.1
14760,myct1a,myct1a
14761,syne1a,syne1a
14762,BX470119.1,BX470119.1
14763,BX470119.2,BX470119.2
14764,esr1,esr1
14765,armt1,armt1
14766,zbtb2b,zbtb2b
14767,akap12b,akap12b
14768,mthfd1l,mthfd1l
14769,stx11b.2,stx11b.2
14770,stx11b.1,stx11b.1
14771,si:dkey-25e12.3,sidkey25e12.3
14772,irf4b,irf4b
14773,exoc2,exoc2
14774,BX537272.1,BX537272.1
14775,foxq1b,foxq1b
14776,foxf2b,foxf2b
14777,foxc1b,foxc1b
14778,gmds,gmds
14779,mylk4b,mylk4b
14780,serpinb1,serpinb1
14781,ftr97,ftr97
14782,BX248515.1,BX248515.1
14783,rwdd2b,rwdd2b
14784,serpinb1l2,serpinb1l2
14785,ftr79,ftr79
14786,ftr97-1,ftr97-1
14787,cdca4,cdca4
14788,si:dkey-177p2.6,sidkey177p2.6
14789,BX248515.2,BX248515.2
14790,ahsa1a,ahsa1a
14791,sel1l,sel1l
14792,si:dkey-177p2.18,sidkey177p2.18
14793,chga,chga
14794,itpk1a,itpk1a
14795,BX248515.3,BX248515.3
14796,tmem251,tmem251
14797,si:dkeyp-55f12.3,sidkeyp55f12.3
14798,ubr7,ubr7
14799,btbd7,btbd7
14800,si:dkey-85n7.8,sidkey85n7.8
14801,si:dkey-85n7.7,sidkey85n7.7
14802,si:dkey-85n7.6,sidkey85n7.6
14803,asb2a.1,asb2a.1
14804,BX255913.1,BX255913.1
14805,ppp4r4,ppp4r4
14806,asb2a.1-1,asb2a.1-1
14807,BX255913.3,BX255913.3
14808,serpina10a,serpina10a
14809,prph2lb,prph2lb
14810,tmem179aa,tmem179aa
14811,dre-mir-203b,dre-mir-203b
14812,BX255913.2,BX255913.2
14813,kif26aa,kif26aa
14814,si:dkey-22l1.1,sidkey22l1.1
14815,BX255917.2,BX255917.2
14816,mthfd1a,mthfd1a
14817,si:dkey-1h6.8,sidkey1h6.8
14818,zbtb25,zbtb25
14819,zbtb1,zbtb1
14820,zgc:153157,zgc153157
14821,vrtn,vrtn
14822,BX255917.1,BX255917.1
14823,syndig1l,syndig1l
14824,BX255897.1,BX255897.1
14825,BX255897.2,BX255897.2
14826,dll4,dll4
14827,ino80,ino80
14828,chac1,chac1
14829,vps18,vps18
14830,rhov,rhov
14831,pigh,pigh
14832,zfyve1,zfyve1
14833,wdr21-1,wdr21-1
14834,dpf3,dpf3
14835,BX255881.1,BX255881.1
14836,rgs6,rgs6
14837,BX569801.1,BX569801.1
14838,BX569801.2,BX569801.2
14839,sipa1l1,sipa1l1
14840,BX901928.1,BX901928.1
14841,rab15,rab15
14842,fntb,fntb
14843,max,max
14844,AL928866.1,AL928866.1
14845,slc10a1,slc10a1
14846,srsf5b,srsf5b
14847,susd6,susd6
14848,acot20,acot20
14849,acot21,acot21
14850,gpr176,gpr176
14851,AL928866.2,AL928866.2
14852,thbs1b,thbs1b
14853,katnbl1,katnbl1
14854,emc7,emc7
14855,chrm5b,chrm5b
14856,aven,aven
14857,ryr3,ryr3
14858,fmn1,fmn1
14859,grem1a,grem1a
14860,scg5,scg5
14861,actc1a,actc1a
14862,rrm2,rrm2
14863,BX248136.1,BX248136.1
14864,klf11a,klf11a
14865,taf1b,taf1b
14866,BX248136.2,BX248136.2
14867,ywhaqa,ywhaqa
14868,adam17b,adam17b
14869,cpsf3,cpsf3
14870,asap2b,asap2b
14871,si:ch211-195d17.2,sich211195d17.2
14872,BX255963.2,BX255963.2
14873,BX255963.1,BX255963.1
14874,mboat2b,mboat2b
14875,kidins220b,kidins220b
14876,id2b,id2b
14877,rnf144ab,rnf144ab
14878,BX248324.1,BX248324.1
14879,sox11b,sox11b
14880,allc,allc
14881,rps7,rps7
14882,BX276180.4,BX276180.4
14883,BX276180.2,BX276180.2
14884,BX276180.1,BX276180.1
14885,BX276180.3,BX276180.3
14886,rnaseh1,rnaseh1
14887,myt1la,myt1la
14888,fgfr1op,fgfr1op
14889,ccr6a,ccr6a
14890,acbd3,acbd3
14891,nhsl1b,nhsl1b
14892,hebp2,hebp2
14893,kif25,kif25
14894,AL929182.1,AL929182.1
14895,acat2,acat2
14896,wtap,wtap
14897,sod2,sod2
14898,fndc1,fndc1
14899,AL929014.1,AL929014.1
14900,fam166c,fam166c
14901,otofa,otofa
14902,pdia6,pdia6
14903,hpcal1,hpcal1
14904,apobb.1,apobb.1
14905,slc22a16,slc22a16
14906,usta,usta
14907,BX511244.1,BX511244.1
14908,sash1a,sash1a
14909,BX927258.1,BX927258.1
14910,stxbp5a,stxbp5a
14911,adgb,adgb
14912,BX649312.1,BX649312.1
14913,rab32a,rab32a
14914,grm1a,grm1a
14915,cd164,cd164
14916,cep57l1,cep57l1
14917,sesn1,sesn1
14918,si:ch211-51a19.5,sich21151a19.5
14919,armc2,armc2
14920,BX842669.1,BX842669.1
14921,BX927123.1,BX927123.1
14922,foxo3b,foxo3b
14923,afg1lb,afg1lb
14924,snx3,snx3
14925,nr2e1,nr2e1
14926,CU138515.2,CU138515.2
14927,CU138515.1,CU138515.1
14928,ostm1,ostm1
14929,si:ch73-257c13.2,sich73257c13.2
14930,sec63,sec63
14931,scml4,scml4
14932,CR354385.1,CR354385.1
14933,si:dkey-6f10.3,sidkey6f10.3
14934,si:dkey-6f10.4-1,sidkey6f10.4-1
14935,si:dkeyp-13d11.1-1,sidkeyp13d11.1-1
14936,lratd1,lratd1
14937,nbas,nbas
14938,ddx1,ddx1
14939,mycn,mycn
14940,si:dkey-65b13.1,sidkey65b13.1
14941,AL929220.1,AL929220.1
14942,smek1,smek1
14943,erh,erh
14944,paplnb,paplnb
14945,si:dkey-65b13.13,sidkey65b13.13
14946,drc1,drc1
14947,kcnf1a,kcnf1a
14948,rock2bl,rock2bl
14949,si:dkey-65b13.8,sidkey65b13.8
14950,si:dkey-65b13.9,sidkey65b13.9
14951,rock2b,rock2b
14952,rock2b-1,rock2b-1
14953,si:dkey-65b13.8-1,sidkey65b13.8-1
14954,si:ch211-199m3.1,sich211199m3.1
14955,BX571790.1,BX571790.1
14956,ak9,ak9
14957,ppil6,ppil6
14958,henmt1,henmt1
14959,fam102bb,fam102bb
14960,olfml2ba,olfml2ba
14961,atf6,atf6
14962,rxrgb,rxrgb
14963,lmx1a,lmx1a
14964,selp,selp
14965,BX296562.2,BX296562.2
14966,BX296562.1,BX296562.1
14967,selp-1,selp-1
14968,sele,sele
14969,si:dkey-51e6.1,sidkey51e6.1
14970,zp3a.2,zp3a.2
14971,zp3a.1,zp3a.1
14972,C20H1orf112,C20H1orf112
14973,scyl3,scyl3
14974,prg4b,prg4b
14975,tprb,tprb
14976,pdcb,pdcb
14977,ptgs2b,ptgs2b
14978,pla2g4ab,pla2g4ab
14979,BX248238.2,BX248238.2
14980,arpc5b,arpc5b
14981,BX248238.1,BX248238.1
14982,hmcn1,hmcn1
14983,ivns1abpa,ivns1abpa
14984,swt1,swt1
14985,znfl1k,znfl1k
14986,trmt1l,trmt1l
14987,niban1a,niban1a
14988,kifap3a,kifap3a
14989,mettl11b,mettl11b
14990,gorab,gorab
14991,prrx1b,prrx1b
14992,si:ch211-242b18.1,sich211242b18.1
14993,BX279523.1,BX279523.1
14994,slc25a24,slc25a24
14995,BX279523.2,BX279523.2
14996,BX279523.3,BX279523.3
14997,elp3,elp3
14998,si:ch211-63o20.7,sich21163o20.7
14999,pnocb,pnocb
15000,znf395b,znf395b
15001,paqr8,paqr8
15002,mcm3,mcm3
15003,stmn4,stmn4
15004,il17a/f3,il17af3
15005,emilin1a,emilin1a
15006,ankef1a,ankef1a
15007,snap25a,snap25a
15008,sccpdhb,sccpdhb
15009,BX470246.1,BX470246.1
15010,cnstb,cnstb
15011,kif26bb,kif26bb
15012,hnrnpub,hnrnpub
15013,lft1,lft1
15014,cdc42bpab,cdc42bpab
15015,fbxo16,fbxo16
15016,fzd3a,fzd3a
15017,fam49a,fam49a
15018,BX511024.1,BX511024.1
15019,vsnl1a,vsnl1a
15020,BX510920.1,BX510920.1
15021,sf3b6,sf3b6
15022,tdrd6,tdrd6
15023,pla2g7,pla2g7
15024,mep1a.1,mep1a.1
15025,mep1a.2,mep1a.2
15026,adgrf3b,adgrf3b
15027,BX510920.3,BX510920.3
15028,adgrf11,adgrf11
15029,BX510920.2,BX510920.2
15030,adgrf7,adgrf7
15031,adgrf6,adgrf6
15032,si:dkey-30j22.1,sidkey30j22.1
15033,BX842240.1,BX842240.1
15034,adgrf8,adgrf8
15035,tnfrsf21,tnfrsf21
15036,cd2ap,cd2ap
15037,opn5,opn5
15038,ptchd4,ptchd4
15039,BX255920.1,BX255920.1
15040,cnih3,cnih3
15041,BX000468.1,BX000468.1
15042,si:dkey-1j5.4,sidkey1j5.4
15043,lbr,lbr
15044,enah,enah
15045,srp9,srp9
15046,ephx1,ephx1
15047,slc5a6a,slc5a6a
15048,rpl7l1,rpl7l1
15049,ncoa1,ncoa1
15050,ptrhd1,ptrhd1
15051,slc25a27,slc25a27
15052,abracl,abracl
15053,heca,heca
15054,txlnba,txlnba
15055,BX248390.1,BX248390.1
15056,cited2,cited2
15057,CR388421.1,CR388421.1
15058,BX855623.1,BX855623.1
15059,nmbr,nmbr
15060,cx23,cx23
15061,vta1,vta1
15062,BX004780.1,BX004780.1
15063,adgrg6,adgrg6
15064,si:ch211-202p1.5,sich211202p1.5
15065,BX088686.1,BX088686.1
15066,hivep2a,hivep2a
15067,BX088644.1,BX088644.1
15068,aig1,aig1
15069,adat2,adat2
15070,pex3,pex3
15071,atf3,atf3
15072,batf3,batf3
15073,nsl1,nsl1
15074,tatdn3,tatdn3
15075,si:ch211-147d7.5,sich211147d7.5
15076,flvcr1,flvcr1
15077,vash2,vash2
15078,angel2,angel2
15079,galnt14,galnt14
15080,ehd3,ehd3
15081,ccl38.6,ccl38.6
15082,ccl38a.5,ccl38a.5
15083,ccl38a.4,ccl38a.4
15084,stum,stum
15085,itpkb,itpkb
15086,coq8aa,coq8aa
15087,BX569783.1,BX569783.1
15088,si:ch211-245h14.1,sich211245h14.1
15089,znf512,znf512
15090,gtf3c2,gtf3c2
15091,slc30a2,slc30a2
15092,si:ch211-243j20.2,sich211243j20.2
15093,mpv17,mpv17
15094,uts1,uts1
15095,trim54,trim54
15096,dnajc5ga,dnajc5ga
15097,BX511178.1,BX511178.1
15098,cad,cad
15099,si:dkey-221h15.4,sidkey221h15.4
15100,ift172,ift172
15101,BX511178.2,BX511178.2
15102,dre-mir-124-2,dre-mir-124-2
15103,msra,msra
15104,BX569784.1,BX569784.1
15105,AL929058.1,AL929058.1
15106,rcan2,rcan2
15107,cyp39a1,cyp39a1
15108,reps1,reps1
15109,clu,clu
15110,scara3,scara3
15111,AL845306.1,AL845306.1
15112,ccl38.1,ccl38.1
15113,ccdc25,ccdc25
15114,esco2,esco2
15115,pbk,pbk
15116,pimr130,pimr130
15117,si:dkey-217m5.8,sidkey217m5.8
15118,pimr136,pimr136
15119,AL845306.2,AL845306.2
15120,pimr128,pimr128
15121,BX119915.3,BX119915.3
15122,pimr128-1,pimr128-1
15123,BX119915.2,BX119915.2
15124,pimr129,pimr129
15125,BX119915.1,BX119915.1
15126,SLC35D3,SLC35D3
15127,pex7,pex7
15128,hey2,hey2
15129,BX936317.1,BX936317.1
15130,hddc2,hddc2
15131,tpd52l1,tpd52l1
15132,rnf217,rnf217
15133,nkain2,nkain2
15134,CR847530.1,CR847530.1
15135,CR847530.2,CR847530.2
15136,trdn,trdn
15137,si:ch211-199i15.5,sich211199i15.5
15138,clvs2,clvs2
15139,smpdl3a,smpdl3a
15140,fabp7b,fabp7b
15141,pkib,pkib
15142,serinc1,serinc1
15143,hsf2,hsf2
15144,AL845365.1,AL845365.1
15145,cx43,cx43
15146,cx32.2,cx32.2
15147,cx28.1,cx28.1
15148,cx28.9,cx28.9
15149,cx32.3,cx32.3
15150,cx34.5,cx34.5
15151,hsdl1,hsdl1
15152,tbc1d32,tbc1d32
15153,man1a1,man1a1
15154,BX510919.2,BX510919.2
15155,BX510919.1,BX510919.1
15156,BX510919.3,BX510919.3
15157,fam184a,fam184a
15158,mcm9,mcm9
15159,cep85l,cep85l
15160,pln,pln
15161,si:dkeyp-114g9.1,sidkeyp114g9.1
15162,slc35f1,slc35f1
15163,nus1,nus1
15164,gopc,gopc
15165,dcbld1,dcbld1
15166,AL845314.1,AL845314.1
15167,vgll2a,vgll2a
15168,rfx6,rfx6
15169,si:dkeyp-93d12.1,sidkeyp93d12.1
15170,igf2r,igf2r
15171,AL929119.1,AL929119.1
15172,slc22a2,slc22a2
15173,plg,plg
15174,ttll2,ttll2
15175,pimr113,pimr113
15176,pimr213,pimr213
15177,pimr110,pimr110
15178,efr3bb,efr3bb
15179,AL845420.2,AL845420.2
15180,pomcb,pomcb
15181,si:ch211-203k16.3,sich211203k16.3
15182,snx9b,snx9b
15183,AL845420.1,AL845420.1
15184,moxd1l,moxd1l
15185,dusp23a,dusp23a
15186,afdna,afdna
15187,AL928920.2,AL928920.2
15188,unc93a,unc93a
15189,pimr138,pimr138
15190,AL928920.3,AL928920.3
15191,AL928920.1,AL928920.1
15192,AL928920.4,AL928920.4
15193,pimr109,pimr109
15194,pimr133,pimr133
15195,pimr132,pimr132
15196,pimr134,pimr134
15197,pimr125,pimr125
15198,pimr124,pimr124
15199,si:dkey-206f10.1,sidkey206f10.1
15200,parp1,parp1
15201,BX470188.1,BX470188.1
15202,lin9,lin9
15203,mixl1,mixl1
15204,zpax1,zpax1
15205,ttc32,ttc32
15206,matn3a,matn3a
15207,laptm4a,laptm4a
15208,mark3b,mark3b
15209,clic5b,clic5b
15210,runx2b,runx2b
15211,BX510352.1,BX510352.1
15212,LO018405.2,LO018405.2
15213,LO018405.1,LO018405.1
15214,opn8a,opn8a
15215,opn8b,opn8b
15216,BX664630.1,BX664630.1
15217,mut,mut
15218,fkbp1b,fkbp1b
15219,wdcp,wdcp
15220,mfsd2b,mfsd2b
15221,CR545466.1,CR545466.1
15222,ubxn2a,ubxn2a
15223,atad2b,atad2b
15224,klhl29,klhl29
15225,LO018355.1,LO018355.1
15226,CABZ01035143.1,CABZ01035143.1
15227,trib2,trib2
15228,hnrnpa0l,hnrnpa0l
15229,napbb,napbb
15230,gpcpd1,gpcpd1
15231,chgb,chgb
15232,trmt6,trmt6
15233,fermt1,fermt1
15234,AL929237.4,AL929237.4
15235,bmp2b,bmp2b
15236,AL929237.3,AL929237.3
15237,AL929237.2,AL929237.2
15238,AL929237.1,AL929237.1
15239,si:dkey-7c18.24,sidkey7c18.24
15240,taar12j,taar12j
15241,taar12h,taar12h
15242,taar12e,taar12e
15243,taar12g,taar12g
15244,taar12f,taar12f
15245,taar12a,taar12a
15246,taar12b,taar12b
15247,taar12c,taar12c
15248,taar12i,taar12i
15249,taar1b,taar1b
15250,taar11,taar11
15251,taar10b,taar10b
15252,taar10d,taar10d
15253,taar10c,taar10c
15254,taar10a,taar10a
15255,taar10,taar10
15256,taar13e,taar13e
15257,taar13a,taar13a
15258,taar13b,taar13b
15259,taar13d,taar13d
15260,taar13c,taar13c
15261,taar15,taar15
15262,stx7l,stx7l
15263,taar14a,taar14a
15264,si:dkey-246e3.4,sidkey246e3.4
15265,taar14l,taar14l
15266,taar14h,taar14h
15267,taar14i,taar14i
15268,taar14j,taar14j
15269,taar14e,taar14e
15270,taar14g,taar14g
15271,BX957286.1,BX957286.1
15272,taar14f,taar14f
15273,taar14d,taar14d
15274,taar14b,taar14b
15275,flvcr2b,flvcr2b
15276,bmf2,bmf2
15277,adgrg11,adgrg11
15278,rad51,rad51
15279,rmdn3,rmdn3
15280,zc3h14,zc3h14
15281,eif2b2,eif2b2
15282,tmed10,tmed10
15283,si:ch211-153j24.3,sich211153j24.3
15284,fosab,fosab
15285,AL929435.1,AL929435.1
15286,batf,batf
15287,jdp2b,jdp2b
15288,AL929435.2,AL929435.2
15289,adcy3b,adcy3b
15290,wdr26b,wdr26b
15291,si:ch211-57i17.2,sich21157i17.2
15292,si:ch211-57i17.1,sich21157i17.1
15293,si:ch211-57i17.5,sich21157i17.5
15294,esrrgb,esrrgb
15295,GPATCH2,GPATCH2
15296,si:ch73-21k16.1,sich7321k16.1
15297,CU571074.1,CU571074.1
15298,GNPAT,GNPAT
15299,CU571074.2,CU571074.2
15300,dnmt3aa,dnmt3aa
15301,FO904915.1,FO904915.1
15302,CR385078.5,CR385078.5
15303,CR385078.2,CR385078.2
15304,CR385078.3,CR385078.3
15305,CR385078.4,CR385078.4
15306,CR385078.6,CR385078.6
15307,si:dkeyp-104f11.6,sidkeyp104f11.6
15308,CR385078.1,CR385078.1
15309,si:dkeyp-104f11.9,sidkeyp104f11.9
15310,znf975,znf975
15311,si:dkeyp-104f11.8,sidkeyp104f11.8
15312,dtnba,dtnba
15313,kif3ca,kif3ca
15314,CABZ01076801.1,CABZ01076801.1
15315,rab10,rab10
15316,lin28b,lin28b
15317,CABZ01053323.1,CABZ01053323.1
15318,tfap2b,tfap2b
15319,tfap2d,tfap2d
15320,BX005121.1,BX005121.1
15321,hadhb,hadhb
15322,hadhaa,hadhaa
15323,CU138532.1,CU138532.1
15324,gareml,gareml
15325,prep,prep
15326,efhc1,efhc1
15327,xkr5a,xkr5a
15328,tram2,tram2
15329,EVA1A,EVA1A
15330,ipo13,ipo13
15331,CABZ01059119.1,CABZ01059119.1
15332,CABZ01059120.1,CABZ01059120.1
15333,insm1a,insm1a
15334,si:zfos-223e1.2,sizfos223e1.2
15335,LO018254.1,LO018254.1
15336,mgst3a,mgst3a
15337,BX663521.3,BX663521.3
15338,BX663521.6,BX663521.6
15339,BX663521.2,BX663521.2
15340,BX663521.1,BX663521.1
15341,BX663521.5,BX663521.5
15342,pax1b,pax1b
15343,BX663521.4,BX663521.4
15344,tsta3l2,tsta3l2
15345,nkx2.2b,nkx2.2b
15346,nkx2.4b,nkx2.4b
15347,xrn2,xrn2
15348,BX005124.2,BX005124.2
15349,BX005124.3,BX005124.3
15350,BX005124.1,BX005124.1
15351,LO017960.1,LO017960.1
15352,crnkl1,crnkl1
15353,naa20,naa20
15354,cd109,cd109
15355,LO018612.1,LO018612.1
15356,LO018680.1,LO018680.1
15357,col12a1b,col12a1b
15358,COX7A2,COX7A2
15359,filip1b,filip1b
15360,HMBOX1,HMBOX1
15361,CABZ01078261.1,CABZ01078261.1
15362,kif13bb,kif13bb
15363,ints9,ints9
15364,extl3,extl3
15365,riox1,riox1
15366,NDUFB1,NDUFB1
15367,cpsf2,cpsf2
15368,slc24a4b,slc24a4b
15369,tmem121ab,tmem121ab
15370,CU570682.1,CU570682.1
15371,CABZ01080023.2,CABZ01080023.2
15372,CABZ01080023.1,CABZ01080023.1
15373,fut8b,fut8b
15374,gphnb,gphnb
15375,mpp5b,mpp5b
15376,im:7140055,im7140055
15377,AL928824.3,AL928824.3
15378,AL928824.2,AL928824.2
15379,atp6v1d,atp6v1d
15380,eif2s1b,eif2s1b
15381,rbm25b,rbm25b
15382,AL928824.1,AL928824.1
15383,hsp90ab1,hsp90ab1
15384,CU075928.1,CU075928.1
15385,slc35b2,slc35b2
15386,nfkbie,nfkbie
15387,tmem151ba,tmem151ba
15388,CU660013.3,CU660013.3
15389,CU660013.2,CU660013.2
15390,tcte1,tcte1
15391,rnf8,rnf8
15392,CU660013.4,CU660013.4
15393,si:ch73-91k6.2,sich7391k6.2
15394,CU660013.1,CU660013.1
15395,thbd,thbd
15396,tlr5b,tlr5b
15397,tlr5a,tlr5a
15398,disp1,disp1
15399,CU929372.1,CU929372.1
15400,LO018154.1,LO018154.1
15401,si:ch211-14a11.1,sich21114a11.1
15402,si:ch211-14a11.2,sich21114a11.2
15403,brox,brox
15404,aida,aida
15405,BX936461.1,BX936461.1
15406,mia3,mia3
15407,taf1a,taf1a
15408,dusp10,dusp10
15409,CU179729.1,CU179729.1
15410,CU905509.1,CU905509.1
15411,CU633978.1,CU633978.1
15412,hlx1,hlx1
15413,rhpn1,rhpn1
15414,naprt,naprt
15415,CU550702.1,CU550702.1
15416,si:ch1073-287p18.1,sich1073287p18.1
15417,arhgap39,arhgap39
15418,tsta3,tsta3
15419,GFUS,GFUS
15420,pycr3,pycr3
15421,eef1db,eef1db
15422,si:dkey-235d18.5,sidkey235d18.5
15423,si:dkey-235d18.6,sidkey235d18.6
15424,si:ch211-221n20.7,sich211221n20.7
15425,si:ch211-221n20.1,sich211221n20.1
15426,si:ch211-221n20.2,sich211221n20.2
15427,si:ch211-221n20.4,sich211221n20.4
15428,BX005301.1,BX005301.1
15429,si:ch211-221n20.7-1,sich211221n20.7-1
15430,phactr1,phactr1
15431,tbc1d7,tbc1d7
15432,CABZ01076171.1,CABZ01076171.1
15433,dspb,dspb
15434,ctsbb,ctsbb
15435,fdft1,fdft1
15436,CU207296.1,CU207296.1
15437,gata4,gata4
15438,CABZ01066813.1,CABZ01066813.1
15439,CABZ01086877.1,CABZ01086877.1
15440,CABZ01115113.1,CABZ01115113.1
15441,FIG4,FIG4
15442,gpr6,gpr6
15443,wasf1,wasf1
15444,cdc40,cdc40
15445,mettl24,mettl24
15446,apobb.2,apobb.2
15447,bub1ba,bub1ba
15448,pak6b,pak6b
15449,myh6,myh6
15450,slc25a29,slc25a29
15451,slc25a47a,slc25a47a
15452,dio3b,dio3b
15453,CR381646.1,CR381646.1
15454,ppp2r5cb,ppp2r5cb
15455,hsp90aa1.2,hsp90aa1.2
15456,hsp90aa1.1,hsp90aa1.1
15457,si:dkey-241l7.6,sidkey241l7.6
15458,si:dkey-241l7.5,sidkey241l7.5
15459,si:dkey-241l7.4,sidkey241l7.4
15460,si:dkey-241l7.3,sidkey241l7.3
15461,si:dkey-241l7.2,sidkey241l7.2
15462,wdr20b,wdr20b
15463,mgat2,mgat2
15464,rps29,rps29
15465,CU633785.1,CU633785.1
15466,CABZ01111496.1,CABZ01111496.1
15467,arf6a,arf6a
15468,faua,faua
15469,prpf39,prpf39
15470,fkbp3,fkbp3
15471,actr10,actr10
15472,zp2.2,zp2.2
15473,zp2.3,zp2.3
15474,si:zfos-1505d6.3,sizfos1505d6.3
15475,zp2.6,zp2.6
15476,zp2.1,zp2.1
15477,zp2.5,zp2.5
15478,CU914156.1,CU914156.1
15479,CABZ01077555.1,CABZ01077555.1
15480,cipcb,cipcb
15481,znf410,znf410
15482,entpd5b,entpd5b
15483,lrfn5b,lrfn5b
15484,yy1b,yy1b
15485,evlb,evlb
15486,CABZ01118770.1,CABZ01118770.1
15487,ppp1r35,ppp1r35
15488,zgc:153012,zgc153012
15489,CABZ01087948.1,CABZ01087948.1
15490,pak7,pak7
15491,CABZ01037174.1,CABZ01037174.1
15492,si:dkey-15f23.1,sidkey15f23.1
15493,CR376838.1,CR376838.1
15494,CT027638.1,CT027638.1
15495,tmed7,tmed7
15496,dre-mir-7a-3,dre-mir-7a-3
15497,hsd17b4,hsd17b4
15498,prr16,prr16
15499,sncaip,sncaip
15500,snx2,snx2
15501,cep120,cep120
15502,pym1,pym1
15503,trim36,trim36
15504,pggt1b,pggt1b
15505,FP017151.1,FP017151.1
15506,fem1c,fem1c
15507,CABZ01063543.1,CABZ01063543.1
15508,CABZ01063542.1,CABZ01063542.1
15509,nudt12,nudt12
15510,zgc:101664,zgc101664
15511,srp19,srp19
15512,FO704758.1,FO704758.1
15513,FO704758.2,FO704758.2
15514,si:ch211-87m7.2,sich21187m7.2
15515,spinb,spinb
15516,csgalnact1b,csgalnact1b
15517,PLPP1,PLPP1
15518,rnf165b,rnf165b
15519,loxhd1b,loxhd1b
15520,ptger4a,ptger4a
15521,mrps27,mrps27
15522,CT027631.1,CT027631.1
15523,znf366,znf366
15524,fabp1b.1,fabp1b.1
15525,fabp1b.2,fabp1b.2
15526,smyd1b,smyd1b
15527,CU683892.1,CU683892.1
15528,sprb,sprb
15529,lzts3b,lzts3b
15530,ubox5,ubox5
15531,avp,avp
15532,ccl27a,ccl27a
15533,slc35d2,slc35d2
15534,znf367,znf367
15535,CU896541.1,CU896541.1
15536,cdc14b,cdc14b
15537,prxl2c,prxl2c
15538,fbxl17,fbxl17
15539,efna5b,efna5b
15540,CU694486.1,CU694486.1
15541,dgcr6,dgcr6
15542,rasal1b,rasal1b
15543,CABZ01065417.1,CABZ01065417.1
15544,CABZ01065416.1,CABZ01065416.1
15545,pi4kab,pi4kab
15546,serpind1,serpind1
15547,CU326361.2,CU326361.2
15548,CU326361.1,CU326361.1
15549,snap29,snap29
15550,si:dkey-178e17.3,sidkey178e17.3
15551,CR788303.1,CR788303.1
15552,SLC25A1,SLC25A1
15553,FQ377940.1,FQ377940.1
15554,cltcl1,cltcl1
15555,si:dkeyp-117b11.1,sidkeyp117b11.1
15556,si:dkeyp-117b11.2,sidkeyp117b11.2
15557,si:dkeyp-117b11.3,sidkeyp117b11.3
15558,plat,plat
15559,ikbkb,ikbkb
15560,vdac3,vdac3
15561,ENKD1,ENKD1
15562,polb,polb
15563,si:dkeyp-51b9.3,sidkeyp51b9.3
15564,dynll1,dynll1
15565,rpl6,rpl6
15566,acaa2,acaa2
15567,mrpl40,mrpl40
15568,si:ch211-51h9.6,sich21151h9.6
15569,gle1,gle1
15570,si:ch211-51h9.7,sich21151h9.7
15571,seta,seta
15572,zdhhc12a,zdhhc12a
15573,slc25a25a,slc25a25a
15574,naif1,naif1
15575,fam102aa,fam102aa
15576,CABZ01085195.1,CABZ01085195.1
15577,sh3glb2a,sh3glb2a
15578,FP325112.2,FP325112.2
15579,FP325112.1,FP325112.1
15580,CU695133.1,CU695133.1
15581,crb2b,crb2b
15582,lhx2b,lhx2b
15583,fut9b,fut9b
15584,zgc:173737,zgc173737
15585,zgc:103510,zgc103510
15586,zgc:136963,zgc136963
15587,zgc:165519,zgc165519
15588,zgc:112433,zgc112433
15589,CU929199.1,CU929199.1
15590,ctu1,ctu1
15591,pxnb,pxnb
15592,gcn1,gcn1
15593,rab35b,rab35b
15594,FP016056.1,FP016056.1
15595,bicdl1,bicdl1
15596,citb,citb
15597,mtmr3,mtmr3
15598,mtmr3-1,mtmr3-1
15599,cux2b,cux2b
15600,CU634020.1,CU634020.1
15601,myl2b,myl2b
15602,pptc7a,pptc7a
15603,rad9b,rad9b
15604,srrd,srrd
15605,BX004972.1,BX004972.1
15606,si:ch211-166a6.5,sich211166a6.5
15607,dhx37,dhx37
15608,gp1bb,gp1bb
15609,sept5a,sept5a
15610,zgc:63587,zgc63587
15611,cldn5a,cldn5a
15612,FP085395.1,FP085395.1
15613,cdc45,cdc45
15614,ufd1l,ufd1l
15615,ciao1,ciao1
15616,hsp70l,hsp70l
15617,tmem127,tmem127
15618,es1,es1
15619,igsf9b,igsf9b
15620,FP015956.1,FP015956.1
15621,tmem230b,tmem230b
15622,adra1aa,adra1aa
15623,CABZ01078155.1,CABZ01078155.1
15624,FO904844.1,FO904844.1
15625,bnip3la,bnip3la
15626,ppp2r2aa,ppp2r2aa
15627,LRRTM4,LRRTM4
15628,CR352297.2,CR352297.2
15629,CR352297.1,CR352297.1
15630,CR352297.3,CR352297.3
15631,CU459001.1,CU459001.1
15632,lrrtm4l2,lrrtm4l2
15633,BX294006.1,BX294006.1
15634,vsig8b,vsig8b
15635,CR749774.1,CR749774.1
15636,dock5,dock5
15637,CU571327.1,CU571327.1
15638,nefmb,nefmb
15639,neflb,neflb
15640,si:ch211-255g12.8,sich211255g12.8
15641,asb6,asb6
15642,wdr13,wdr13
15643,si:ch211-255g12.6,sich211255g12.6
15644,asic1a,asic1a
15645,gpd1a,gpd1a
15646,si:ch73-233m11.2,sich73233m11.2
15647,si:dkey-222n6.2,sidkey222n6.2
15648,CU862015.1,CU862015.1
15649,abtb1,abtb1
15650,slc6a6a,slc6a6a
15651,CU302304.1,CU302304.1
15652,grip2a,grip2a
15653,ssuh2rs1,ssuh2rs1
15654,selenoh,selenoh
15655,BX469901.1,BX469901.1
15656,pcsk1nl,pcsk1nl
15657,lhfpl4b,lhfpl4b
15658,hdac6,hdac6
15659,gata1b,gata1b
15660,cdk20,cdk20
15661,hcfc1b,hcfc1b
15662,irak1,irak1
15663,mecp2,mecp2
15664,CR385024.1,CR385024.1
15665,fgd1,fgd1
15666,CR931813.1,CR931813.1
15667,tfe3a,tfe3a
15668,CR931813.2,CR931813.2
15669,zgc:113363,zgc113363
15670,cxxc1a,cxxc1a
15671,mbd1a,mbd1a
15672,si:ch211-169p10.1,sich211169p10.1
15673,abcd1,abcd1
15674,plxnb3,plxnb3
15675,srpk3,srpk3
15676,CU928118.1,CU928118.1
15677,tsr2,tsr2
15678,cdk16,cdk16
15679,comta,comta
15680,abt1,abt1
15681,CR457452.2,CR457452.2
15682,grm6a,grm6a
15683,CR457452.1,CR457452.1
15684,usp11,usp11
15685,zgc:86609,zgc86609
15686,uxt,uxt
15687,elk1,elk1
15688,si:ch211-180f4.1,sich211180f4.1
15689,otud5a,otud5a
15690,pim2,pim2
15691,si:dkey-83k24.5,sidkey83k24.5
15692,slc35a2,slc35a2
15693,bcap31,bcap31
15694,slc6a8,slc6a8
15695,BX284664.1,BX284664.1
15696,pnck,pnck
15697,plxna3,plxna3
15698,ptpn18,ptpn18
15699,mon1ba,mon1ba
15700,gripap1,gripap1
15701,kcnd1,kcnd1
15702,CT573497.1,CT573497.1
15703,si:dkey-8e10.2,sidkey8e10.2
15704,si:dkey-8e10.3,sidkey8e10.3
15705,CT573497.2,CT573497.2
15706,CU928205.1,CU928205.1
15707,pim1,pim1
15708,CU694808.1,CU694808.1
15709,tbc1d22b,tbc1d22b
15710,FO834835.1,FO834835.1
15711,tafa5l,tafa5l
15712,mapk13,mapk13
15713,FP085410.1,FP085410.1
15714,brpf3b,brpf3b
15715,nr1h5,nr1h5
15716,BX321886.1,BX321886.1
15717,slc66a1,slc66a1
15718,trim33,trim33
15719,bcas2,bcas2
15720,dennd2c,dennd2c
15721,ampd1,ampd1
15722,nras,nras
15723,asb13b,asb13b
15724,si:ch211-204d2.4,sich211204d2.4
15725,tasor2,tasor2
15726,unc45b,unc45b
15727,pip5k1bb,pip5k1bb
15728,fxn,fxn
15729,tjp2b,tjp2b
15730,si:ch211-248e11.2,sich211248e11.2
15731,dre-mir-126a,dre-mir-126a
15732,fnbp1a,fnbp1a
15733,ift81,ift81
15734,atp2a2a,atp2a2a
15735,anapc7,anapc7
15736,rapgef1a,rapgef1a
15737,CR933523.1,CR933523.1
15738,med27,med27
15739,ntng2a,ntng2a
15740,endog,endog
15741,dab2ipa,dab2ipa
15742,phf19,phf19
15743,traf1,traf1
15744,FIBCD1,FIBCD1
15745,CU639468.1,CU639468.1
15746,CU639468.2,CU639468.2
15747,si:dkey-104n9.1,sidkey104n9.1
15748,slc2a6,slc2a6
15749,KIF2A,KIF2A
15750,cept1a,cept1a
15751,dram2a,dram2a
15752,dennd2da,dennd2da
15753,CU469314.1,CU469314.1
15754,si:dkey-208b23.5,sidkey208b23.5
15755,sap30bp,sap30bp
15756,itgb4,itgb4
15757,zgc:194990,zgc194990
15758,si:ch73-61d6.3,sich7361d6.3
15759,BX119975.1,BX119975.1
15760,kcnn1b,kcnn1b
15761,ccdc124,ccdc124
15762,slc5a5,slc5a5
15763,jak3,jak3
15764,pimr101,pimr101
15765,CR354547.3,CR354547.3
15766,pimr106,pimr106
15767,CR354547.2,CR354547.2
15768,pimr105,pimr105
15769,pimr104,pimr104
15770,fut9d,fut9d
15771,CR354547.1,CR354547.1
15772,b3gnt3.1,b3gnt3.1
15773,b3gnt3.2,b3gnt3.2
15774,b3gnt3.3,b3gnt3.3
15775,b3gnt3.4,b3gnt3.4
15776,si:dkey-258f14.2,sidkey258f14.2
15777,si:dkey-258f14.3,sidkey258f14.3
15778,pimr107,pimr107
15779,lonrf1l,lonrf1l
15780,si:dkey-258f14.7,sidkey258f14.7
15781,cabp4,cabp4
15782,doc2d,doc2d
15783,CT025854.2,CT025854.2
15784,serping1,serping1
15785,CT025854.1,CT025854.1
15786,igf3,igf3
15787,si:dkeyp-110g5.4,sidkeyp110g5.4
15788,atp2b3a,atp2b3a
15789,dedd,dedd
15790,ugt5e1,ugt5e1
15791,si:ch211-229n2.7,sich211229n2.7
15792,BX248385.1,BX248385.1
15793,si:ch211-229n2.6,sich211229n2.6
15794,bgna,bgna
15795,si:dkey-6n6.1,sidkey6n6.1
15796,tpk2,tpk2
15797,rhoaa,rhoaa
15798,ndufb11,ndufb11
15799,def6a,def6a
15800,sin3b,sin3b
15801,xpr1a,xpr1a
15802,acbd6,acbd6
15803,BX294388.2,BX294388.2
15804,BX294388.1,BX294388.1
15805,lhx4,lhx4
15806,qsox1,qsox1
15807,cep350,cep350
15808,cacna1ea,cacna1ea
15809,CR450798.1,CR450798.1
15810,si:dkey-21p1.3,sidkey21p1.3
15811,soat1,soat1
15812,abl2,abl2
15813,fnbp1l,fnbp1l
15814,bcar3,bcar3
15815,paox1,paox1
15816,zgc:171480,zgc171480
15817,slc5a9,slc5a9
15818,gclm,gclm
15819,dnttip2,dnttip2
15820,spata6,spata6
15821,agbl4,agbl4
15822,BX510319.1,BX510319.1
15823,bend5,bend5
15824,FP017128.1,FP017128.1
15825,agbl4-1,agbl4-1
15826,CR931780.2,CR931780.2
15827,elavl4,elavl4
15828,CR931780.1,CR931780.1
15829,dmrta2,dmrta2
15830,faf1,faf1
15831,cdkn2c,cdkn2c
15832,rnf11b,rnf11b
15833,ttc39a,ttc39a
15834,eps15,eps15
15835,CU467861.7,CU467861.7
15836,calr,calr
15837,tor3a,tor3a
15838,CU467861.6,CU467861.6
15839,CU467861.5,CU467861.5
15840,CU467861.10,CU467861.10
15841,CU467861.8,CU467861.8
15842,CU467861.9,CU467861.9
15843,CU467861.3,CU467861.3
15844,CU467861.2,CU467861.2
15845,CU467861.1,CU467861.1
15846,CU467861.4,CU467861.4
15847,osbpl9,osbpl9
15848,si:ch211-198n5.11,sich211198n5.11
15849,rpe65b,rpe65b
15850,rpe65c,rpe65c
15851,depdc1a,depdc1a
15852,smim15,smim15
15853,ndufaf2,ndufaf2
15854,ercc8,ercc8
15855,CR759968.2,CR759968.2
15856,elovl7a,elovl7a
15857,CR925863.1,CR925863.1
15858,pde4d,pde4d
15859,rab3c,rab3c
15860,si:dkey-190g11.3,sidkey190g11.3
15861,plk2b,plk2b
15862,BX510928.1,BX510928.1
15863,mier3b,mier3b
15864,mrps36,mrps36
15865,cenph,cenph
15866,pola2,pola2
15867,dimt1l,dimt1l
15868,BX465215.1,BX465215.1
15869,skia,skia
15870,si:ch73-70k4.1,sich7370k4.1
15871,prkcz,prkcz
15872,BX000447.1,BX000447.1
15873,si:ch211-150o23.3,sich211150o23.3
15874,BX005450.1,BX005450.1
15875,si:ch211-150o23.2,sich211150o23.2
15876,st6galnac5b,st6galnac5b
15877,slc44a5b,slc44a5b
15878,lhx8b,lhx8b
15879,erich3,erich3
15880,tnni3k,tnni3k
15881,fpgt,fpgt
15882,lrriq3,lrriq3
15883,si:dkey-267j14.7,sidkey267j14.7
15884,acot11b,acot11b
15885,ssbp3b,ssbp3b
15886,dio1,dio1
15887,glis1b,glis1b
15888,rps8b,rps8b
15889,elovl8b,elovl8b
15890,CT025742.1,CT025742.1
15891,armh1,armh1
15892,guk1b,guk1b
15893,rnf220b,rnf220b
15894,dmap1,dmap1
15895,obscna,obscna
15896,zgc:153738,zgc153738
15897,alkal1,alkal1
15898,si:dkey-30h22.11,sidkey30h22.11
15899,AL844185.1,AL844185.1
15900,nexn,nexn
15901,tab3,tab3
15902,tmem47,tmem47
15903,AL844185.2,AL844185.2
15904,prrg1,prrg1
15905,cpox,cpox
15906,ccdc181,ccdc181
15907,fsd1,fsd1
15908,stap2b,stap2b
15909,BX247907.1,BX247907.1
15910,mpnd,mpnd
15911,sh3gl1b,sh3gl1b
15912,rorca,rorca
15913,sema6bb,sema6bb
15914,CR376858.1,CR376858.1
15915,si:ch73-222f22.2,sich73222f22.2
15916,si:ch73-222f22.2-1,sich73222f22.2-1
15917,abhd17ab,abhd17ab
15918,zgc:77486,zgc77486
15919,zgc:77486-1,zgc774861
15920,rgl1,rgl1
15921,mpeg1.2,mpeg1.2
15922,colgalt2,colgalt2
15923,zgc:92140,zgc92140
15924,edem3,edem3
15925,npl,npl
15926,sec22bb,sec22bb
15927,si:ch73-281k2.5,sich73281k2.5
15928,notch2,notch2
15929,slc35a3a,slc35a3a
15930,fam78bb,fam78bb
15931,foxe3,foxe3
15932,foxd2,foxd2
15933,CR352292.1,CR352292.1
15934,trabd2b,trabd2b
15935,lpxn,lpxn
15936,BX901930.1,BX901930.1
15937,BX901930.3,BX901930.3
15938,BX901930.2,BX901930.2
15939,znf692,znf692
15940,fcho1,fcho1
15941,rfx2,rfx2
15942,acsbg2,acsbg2
15943,mllt1a,mllt1a
15944,BX664738.1,BX664738.1
15945,acer1,acer1
15946,myo1f,myo1f
15947,adamts10,adamts10
15948,zap70,zap70
15949,BX511253.2,BX511253.2
15950,mob3a,mob3a
15951,mknk2b,mknk2b
15952,BX511253.1,BX511253.1
15953,rexo1,rexo1
15954,zgc:101100,zgc101100
15955,csnk1g2b,csnk1g2b
15956,BX323082.1,BX323082.1
15957,nfic,nfic
15958,si:ch211-133l5.4,sich211133l5.4
15959,si:ch211-133l5.7,sich211133l5.7
15960,BX004774.1,BX004774.1
15961,BX004774.2,BX004774.2
15962,dohh,dohh
15963,si:ch211-133l5.8,sich211133l5.8
15964,fzr1a,fzr1a
15965,si:ch73-196i15.3,sich73196i15.3
15966,haus5,haus5
15967,si:ch73-196i15.5,sich73196i15.5
15968,CU861651.1,CU861651.1
15969,CU861651.2,CU861651.2
15970,si:dkeyp-82a1.1,sidkeyp82a1.1
15971,si:dkeyp-82a1.2,sidkeyp82a1.2
15972,si:dkeyp-82a1.3,sidkeyp82a1.3
15973,si:dkeyp-82a1.8,sidkeyp82a1.8
15974,si:dkeyp-82a1.4,sidkeyp82a1.4
15975,BX664618.1,BX664618.1
15976,si:dkeyp-82a1.6,sidkeyp82a1.6
15977,zgc:112962,zgc112962
15978,aldh9a1a.2,aldh9a1a.2
15979,aldh9a1a.1,aldh9a1a.1
15980,tmco1,tmco1
15981,uck2a,uck2a
15982,magoh,magoh
15983,cpt2,cpt2
15984,porcn,porcn
15985,spryd4,spryd4
15986,gls2a,gls2a
15987,col2a1a,col2a1a
15988,cry3a,cry3a
15989,itpr3,itpr3
15990,gpr37l1b,gpr37l1b
15991,alas2,alas2
15992,ela2l,ela2l
15993,ela2,ela2
15994,fhad1,fhad1
15995,BX784023.1,BX784023.1
15996,si:dkey-163f12.6,sidkey163f12.6
15997,si:dkey-163f12.11,sidkey163f12.11
15998,si:dkey-163f12.10,sidkey163f12.10
15999,ajap1,ajap1
16000,BX323830.1,BX323830.1
16001,nphp4,nphp4
16002,dffb,dffb
16003,si:ch211-147a11.3,sich211147a11.3
16004,b3gnt7l,b3gnt7l
16005,cep104,cep104
16006,lrrc47,lrrc47
16007,smim1,smim1
16008,mad2l2,mad2l2
16009,zgc:153631,zgc153631
16010,si:dkey-23c22.5,sidkey23c22.5
16011,zgc:158862,zgc158862
16012,si:dkey-23c22.7,sidkey23c22.7
16013,zgc:153759,zgc153759
16014,zgc:153759-1,zgc1537591
16015,si:ch211-261n11.7,sich211261n11.7
16016,si:ch211-261n11.8,sich211261n11.8
16017,CT583651.1,CT583651.1
16018,si:ch211-261n11.5,sich211261n11.5
16019,apex2,apex2
16020,rassf11,rassf11
16021,csde1,csde1
16022,porcnl,porcnl
16023,iqsec2a,iqsec2a
16024,PDZD4,PDZD4
16025,magixa,magixa
16026,BX072561.1,BX072561.1
16027,BX072561.2,BX072561.2
16028,cacna1fb,cacna1fb
16029,sypa,sypa
16030,zgc:136605,zgc136605
16031,emilin3a,emilin3a
16032,samd10a,samd10a
16033,uckl1a,uckl1a
16034,ythdf1,ythdf1
16035,si:dkey-70p6.1,sidkey70p6.1
16036,zgc:100920,zgc100920
16037,CR759927.3,CR759927.3
16038,dre-mir-124-6,dre-mir-124-6
16039,CR759927.1,CR759927.1
16040,si:ch211-196c10.13,sich211196c10.13
16041,gid8a,gid8a
16042,slc17a9a,slc17a9a
16043,dnajc5aa,dnajc5aa
16044,si:ch211-196c10.15,sich211196c10.15
16045,tpd52l2a,tpd52l2a
16046,ppdpfa,ppdpfa
16047,ptk6a,ptk6a
16048,znfl1l,znfl1l
16049,nol4la,nol4la
16050,CR759927.2,CR759927.2
16051,CR762393.1,CR762393.1
16052,dnmt3ba,dnmt3ba
16053,mapre1a,mapre1a
16054,BX005340.1,BX005340.1
16055,si:dkey-16n15.6,sidkey16n15.6
16056,suv39h1a,suv39h1a
16057,gpr173,gpr173
16058,foxp3b,foxp3b
16059,sema3gb,sema3gb
16060,wasb,wasb
16061,slc38a5b,slc38a5b
16062,ccdc22,ccdc22
16063,nt5dc2,nt5dc2
16064,tbc1d25,tbc1d25
16065,cfp,cfp
16066,si:ch73-237c6.1,sich73237c6.1
16067,ppardb,ppardb
16068,mkrn4,mkrn4
16069,fance,fance
16070,rpl10a,rpl10a
16071,si:ch211-163l21.11,sich211163l21.11
16072,inavaa,inavaa
16073,zgc:195245,zgc195245
16074,AL929282.1,AL929282.1
16075,si:ch211-163l21.7,sich211163l21.7
16076,ELAPOR1,ELAPOR1
16077,si:ch211-163l21.10,sich211163l21.10
16078,mapk14a,mapk14a
16079,srpk1a,srpk1a
16080,lhfpl5b,lhfpl5b
16081,cpne5a,cpne5a
16082,CT573357.1,CT573357.1
16083,AL928881.1,AL928881.1
16084,dclre1b,dclre1b
16085,CT025875.1,CT025875.1
16086,adora1b,adora1b
16087,zgc:110353,zgc110353
16088,mmp9,mmp9
16089,ZNF335,ZNF335
16090,pimr142,pimr142
16091,CR450805.1,CR450805.1
16092,BX296549.1,BX296549.1
16093,BX324132.4,BX324132.4
16094,BX324132.2,BX324132.2
16095,prok1,prok1
16096,BX324132.1,BX324132.1
16097,lamtor5,lamtor5
16098,slc16a4,slc16a4
16099,rbm15,rbm15
16100,BX324132.3,BX324132.3
16101,slc6a17,slc6a17
16102,CR450738.1,CR450738.1
16103,kcnc4,kcnc4
16104,hspa1b,hspa1b
16105,ahcyl1,ahcyl1
16106,BX470135.1,BX470135.1
16107,nfyal,nfyal
16108,ngrn,ngrn
16109,sort1b,sort1b
16110,sypl2b,sypl2b
16111,atxn7l2b,atxn7l2b
16112,amigo1,amigo1
16113,gnai3,gnai3
16114,gpr61,gpr61
16115,gnat2,gnat2
16116,ampd2b,ampd2b
16117,gstm.1,gstm.1
16118,gstm.2,gstm.2
16119,gstm.3,gstm.3
16120,eps8l3b,eps8l3b
16121,atp5pb,atp5pb
16122,CR847543.2,CR847543.2
16123,CR847543.1,CR847543.1
16124,dnase1l1l,dnase1l1l
16125,si:dkey-183p4.10,sidkey183p4.10
16126,kcnq2a,kcnq2a
16127,prex1,prex1
16128,si:dkey-48j7.3,sidkey48j7.3
16129,stk38a,stk38a
16130,slc38a5a,slc38a5a
16131,wasa,wasa
16132,sema3ga,sema3ga
16133,tspy,tspy
16134,foxp3a,foxp3a
16135,BX544876.1,BX544876.1
16136,si:ch211-167b20.8,sich211167b20.8
16137,suv39h1b,suv39h1b
16138,tmem9,tmem9
16139,cacna1sb,cacna1sb
16140,BX544876.2,BX544876.2
16141,taf10,taf10
16142,efhd2,efhd2
16143,opn7c,opn7c
16144,tmem115,tmem115
16145,rhoab,rhoab
16146,sema3h,sema3h
16147,si:dkey-72l14.4,sidkey72l14.4
16148,si:dkey-72l14.3,sidkey72l14.3
16149,BX784025.1,BX784025.1
16150,dre-mir-135b,dre-mir-135b
16151,xpc,xpc
16152,arih2,arih2
16153,impdh2,impdh2
16154,dre-mir-462,dre-mir-462
16155,dre-mir-731,dre-mir-731
16156,dalrd3,dalrd3
16157,celsr3,celsr3
16158,CT027605.1,CT027605.1
16159,CR847503.1,CR847503.1
16160,wdr6,wdr6
16161,slc26a6,slc26a6
16162,slc26a6-1,slc26a6-1
16163,mgll,mgll
16164,prkar2aa,prkar2aa
16165,CR847503.2,CR847503.2
16166,naa80,naa80
16167,hyal3,hyal3
16168,si:dkey-20d21.12,sidkey20d21.12
16169,amt,amt
16170,ifrd2,ifrd2
16171,CR450777.1,CR450777.1
16172,zgc:136971,zgc136971
16173,sema3bl,sema3bl
16174,sema3b,sema3b
16175,tmem51a,tmem51a
16176,si:dkey-159f12.2,sidkey159f12.2
16177,kazna,kazna
16178,si:ch211-156j16.1,sich211156j16.1
16179,prdm2a,prdm2a
16180,rimkla,rimkla
16181,zmynd12,zmynd12
16182,slc16a1b,slc16a1b
16183,CR847799.1,CR847799.1
16184,CR376741.6,CR376741.6
16185,CR376741.2,CR376741.2
16186,CR376741.3,CR376741.3
16187,CR376741.5,CR376741.5
16188,CR376741.4,CR376741.4
16189,CR376741.1,CR376741.1
16190,si:ch211-254n4.3,sich211254n4.3
16191,rhocb,rhocb
16192,AL954868.1,AL954868.1
16193,mov10b.2,mov10b.2
16194,mov10b.1,mov10b.1
16195,BX664731.1,BX664731.1
16196,wnt2bb,wnt2bb
16197,capza1b,capza1b
16198,cttnbp2nlb,cttnbp2nlb
16199,kcnd3,kcnd3
16200,BX664742.2,BX664742.2
16201,ddx20,ddx20
16202,BX664742.3,BX664742.3
16203,inka2,inka2
16204,rap1aa,rap1aa
16205,BX664742.1,BX664742.1
16206,lmod1a,lmod1a
16207,kdm5bb,kdm5bb
16208,tuba8l,tuba8l
16209,KLHL12,KLHL12
16210,adipor1b,adipor1b
16211,klhl12,klhl12
16212,ptpn1,ptpn1
16213,cebpb,cebpb
16214,tmem189,tmem189
16215,slc52a3,slc52a3
16216,CABZ01087202.1,CABZ01087202.1
16217,scrt2,scrt2
16218,srxn1,srxn1
16219,tcf15,tcf15
16220,CU639397.1,CU639397.1
16221,si:dkey-109a10.2,sidkey109a10.2
16222,mc3r,mc3r
16223,slc13a3,slc13a3
16224,ocstamp,ocstamp
16225,ccser1,ccser1
16226,grid2,grid2
16227,AL807792.1,AL807792.1
16228,atoh1a,atoh1a
16229,smarcad1a,smarcad1a
16230,mpeg1.3,mpeg1.3
16231,prf1.6,prf1.6
16232,AL928845.1,AL928845.1
16233,prf1.5,prf1.5
16234,mpeg1.1,mpeg1.1
16235,si:ch211-103n10.5,sich211103n10.5
16236,tspan36,tspan36
16237,mapk4,mapk4
16238,slc20a2,slc20a2
16239,hsd17b3,hsd17b3
16240,CR376747.1,CR376747.1
16241,ercc6l2,ercc6l2
16242,CR376747.2,CR376747.2
16243,ptch1,ptch1
16244,ptch1-1,ptch1-1
16245,fancc,fancc
16246,aopep,aopep
16247,dre-mir-24-3,dre-mir-24-3
16248,dre-mir-27b,dre-mir-27b
16249,ENSDARG00000081915,ENSDARG00000081915
16250,CR847548.1,CR847548.1
16251,dock8,dock8
16252,CT027611.1,CT027611.1
16253,cbwd,cbwd
16254,foxd5,foxd5
16255,pgm5,pgm5
16256,BCR,BCR
16257,specc1la,specc1la
16258,adora2aa,adora2aa
16259,upb1,upb1
16260,gucd1,gucd1
16261,snrpd3,snrpd3
16262,p2rx4b,p2rx4b
16263,p2rx7,p2rx7
16264,BX640478.1,BX640478.1
16265,tas2r200.2,tas2r200.2
16266,tas2r200.1,tas2r200.1
16267,gstt1a,gstt1a
16268,mmp11a,mmp11a
16269,derl3,derl3
16270,smarcb1a,smarcb1a
16271,RALGDS,RALGDS
16272,BX640472.1,BX640472.1
16273,ptgesl,ptgesl
16274,odf2b,odf2b
16275,snrnp200,snrnp200
16276,slc20a1a,slc20a1a
16277,vgll4l,vgll4l
16278,syn1,syn1
16279,CR376723.1,CR376723.1
16280,unm-hu7912,unm-hu7912
16281,AL929453.1,AL929453.1
16282,gadd45ga,gadd45ga
16283,creb3l3l,creb3l3l
16284,nim1k,nim1k
16285,znf131,znf131
16286,selenop,selenop
16287,AL935153.1,AL935153.1
16288,ghra,ghra
16289,fbxo4,fbxo4
16290,C8H5orf51,C8H5orf51
16291,oxct1a,oxct1a
16292,plcxd3,plcxd3
16293,c7a,c7a
16294,rgs7bpa,rgs7bpa
16295,RNF180,RNF180
16296,htr1aa,htr1aa
16297,ipo11,ipo11
16298,BX544884.1,BX544884.1
16299,lipg,lipg
16300,mthfd2l,mthfd2l
16301,epgn,epgn
16302,BX545917.5,BX545917.5
16303,BX545917.6,BX545917.6
16304,BX545917.2,BX545917.2
16305,BX545917.7,BX545917.7
16306,BX545917.4,BX545917.4
16307,BX545917.3,BX545917.3
16308,BX545917.1,BX545917.1
16309,si:dkey-164f24.2,sidkey164f24.2
16310,RFESD,RFESD
16311,ncs1b,ncs1b
16312,hmcn2,hmcn2
16313,hmcn2-1,hmcn2-1
16314,CR457445.1,CR457445.1
16315,zgc:194839,zgc194839
16316,si:dkey-56i24.1,sidkey56i24.1
16317,ralgps1,ralgps1
16318,CT573394.1,CT573394.1
16319,angptl2b,angptl2b
16320,si:dkey-191c17.2,sidkey191c17.2
16321,zbtb34,zbtb34
16322,lmx1bb,lmx1bb
16323,CR376762.1,CR376762.1
16324,mvb12bb,mvb12bb
16325,CR407561.2,CR407561.2
16326,CR407561.1,CR407561.1
16327,FP101880.1,FP101880.1
16328,pbx3b,pbx3b
16329,BX511073.1,BX511073.1
16330,gapvd1,gapvd1
16331,BX005399.7,BX005399.7
16332,BX005399.10,BX005399.10
16333,BX005399.9,BX005399.9
16334,BX005399.6,BX005399.6
16335,BX005399.13,BX005399.13
16336,BX005399.5,BX005399.5
16337,BX005399.1,BX005399.1
16338,BX005399.8,BX005399.8
16339,BX005399.3,BX005399.3
16340,BX005399.12,BX005399.12
16341,BX005399.11,BX005399.11
16342,BX005399.2,BX005399.2
16343,BX005399.4,BX005399.4
16344,BX247865.2,BX247865.2
16345,BX247865.3,BX247865.3
16346,CABZ01052743.1,CABZ01052743.1
16347,CABZ01052747.1,CABZ01052747.1
16348,hpdb,hpdb
16349,setd1bb,setd1bb
16350,CABZ01049825.1,CABZ01049825.1
16351,BX005361.6,BX005361.6
16352,BX005361.5,BX005361.5
16353,BX005361.2,BX005361.2
16354,BX005361.4,BX005361.4
16355,BX005361.3,BX005361.3
16356,BX005361.1,BX005361.1
16357,BX897670.1,BX897670.1
16358,si:dkeyp-14d3.1,sidkeyp14d3.1
16359,BX322651.1,BX322651.1
16360,BX322622.1,BX322622.1
16361,slc15a4,slc15a4
16362,glt1d1,glt1d1
16363,TMEM132D,TMEM132D
16364,CT583723.2,CT583723.2
16365,si:dkey-33b17.3,sidkey33b17.3
16366,mhc2b,mhc2b
16367,si:busm1-194e12.11,sibusm1194e12.11
16368,zgc:103700,zgc103700
16369,FO744840.1,FO744840.1
16370,si:zfos-367g9.1,sizfos367g9.1
16371,mhc2bl,mhc2bl
16372,si:zfos-2070c2.1,sizfos2070c2.1
16373,si:zfos-2070c2.3,sizfos2070c2.3
16374,si:busm1-194e12.8,sibusm1194e12.8
16375,mhc2dab,mhc2dab
16376,mhc2a,mhc2a
16377,slc7a4,slc7a4
16378,CU694380.2,CU694380.2
16379,CU694380.1,CU694380.1
16380,ccdc157,ccdc157
16381,sf3a1,sf3a1
16382,pold2,pold2
16383,pqbp1,pqbp1
16384,gpkow,gpkow
16385,magixb,magixb
16386,iqsec2b,iqsec2b
16387,CR450740.1,CR450740.1
16388,kdm5c,kdm5c
16389,renbp,renbp
16390,si:ch211-218o21.4,sich211218o21.4
16391,zgc:162200,zgc162200
16392,ren,ren
16393,CR550308.1,CR550308.1
16394,csf1b,csf1b
16395,rbm39b,rbm39b
16396,rh50,rh50
16397,slc12a5b,slc12a5b
16398,CR450833.1,CR450833.1
16399,CR450833.2,CR450833.2
16400,eif2d,eif2d
16401,mapkapk2b,mapkapk2b
16402,fmodb,fmodb
16403,CR450833.3,CR450833.3
16404,or135-1,or135-1
16405,CT025739.1,CT025739.1
16406,adrb3a,adrb3a
16407,npm2a,npm2a
16408,got1l1,got1l1
16409,prlhr2a,prlhr2a
16410,rab11fip1a,rab11fip1a
16411,adgra2,adgra2
16412,pdlim2,pdlim2
16413,sorbs3,sorbs3
16414,nkx6.3,nkx6.3
16415,inpp5l,inpp5l
16416,BX571947.1,BX571947.1
16417,foxb2,foxb2
16418,rfk,rfk
16419,si:ch211-198d23.1,sich211198d23.1
16420,CR628410.1,CR628410.1
16421,pcsk5b,pcsk5b
16422,CR392001.1,CR392001.1
16423,CR392001.2,CR392001.2
16424,CR392001.3,CR392001.3
16425,CR392001.4,CR392001.4
16426,CR533430.1,CR533430.1
16427,lzts1,lzts1
16428,msi1,msi1
16429,si:dkey-63d15.12,sidkey63d15.12
16430,TMEM233,TMEM233
16431,prkab1b,prkab1b
16432,CT027598.2,CT027598.2
16433,pla2g1b,pla2g1b
16434,asgrl1,asgrl1
16435,si:ch211-170d8.8,sich211170d8.8
16436,cox6a1,cox6a1
16437,hps4,hps4
16438,si:ch211-170d8.2,sich211170d8.2
16439,hnf1a,hnf1a
16440,CT027598.1,CT027598.1
16441,zgc:162025,zgc162025
16442,ftr98,ftr98
16443,zgc:174931,zgc174931
16444,unc119.1,unc119.1
16445,CR376731.1,CR376731.1
16446,mlec,mlec
16447,cabp1a,cabp1a
16448,asphd2,asphd2
16449,ggt5a,ggt5a
16450,ggt1a,ggt1a
16451,lrrc75ba,lrrc75ba
16452,CR388077.1,CR388077.1
16453,gpx8,gpx8
16454,anapc5,anapc5
16455,rnf34a,rnf34a
16456,kdm2ba,kdm2ba
16457,orai1a,orai1a
16458,aplnra,aplnra
16459,tbc1d10aa,tbc1d10aa
16460,myl7,myl7
16461,gck,gck
16462,CABZ01044746.1,CABZ01044746.1
16463,NPC1L1,NPC1L1
16464,izumo1,izumo1
16465,dusp2,dusp2
16466,adra2b,adra2b
16467,AL935142.1,AL935142.1
16468,gpat2,gpat2
16469,fahd2a,fahd2a
16470,zgc:152830,zgc152830
16471,rnf10,rnf10
16472,pop5,pop5
16473,olfml2a,olfml2a
16474,CR382384.1,CR382384.1
16475,si:ch211-152p23.2,sich211152p23.2
16476,arpc5la,arpc5la
16477,golga1,golga1
16478,BX005462.2,BX005462.2
16479,si:ch211-158d24.2,sich211158d24.2
16480,BX005462.1,BX005462.1
16481,BX005462.3,BX005462.3
16482,si:ch211-158d24.4,sich211158d24.4
16483,CU326364.1,CU326364.1
16484,si:ch211-208g1.1-1,sich211208g1.1-1
16485,BX469918.1,BX469918.1
16486,gfra2a,gfra2a
16487,BX470105.1,BX470105.1
16488,BX119954.1,BX119954.1
16489,BX548033.1,BX548033.1
16490,dok2,dok2
16491,kazald3,kazald3
16492,crybb2,crybb2
16493,si:ch73-138n13.1,sich73138n13.1
16494,zgc:194007,zgc194007
16495,kcnip3a,kcnip3a
16496,CU914617.1,CU914617.1
16497,slc23a2,slc23a2
16498,rassf2a,rassf2a
16499,prnpa,prnpa
16500,si:dkey-65l23.2-1,sidkey65l23.2-1
16501,ccdc92,ccdc92
16502,rflna,rflna
16503,ncor2,ncor2
16504,ep400,ep400
16505,ulk1a,ulk1a
16506,adgrd1,adgrd1
16507,AL808129.2,AL808129.2
16508,AL808129.1,AL808129.1
16509,rimbp2,rimbp2
16510,rimbp2-1,rimbp2-1
16511,CR933103.1,CR933103.1
16512,stx2b,stx2b
16513,piwil1,piwil1
16514,fzd10,fzd10
16515,CU914776.1,CU914776.1
16516,CU914776.2,CU914776.2
16517,si:busm1-228j01.4,sibusm1228j01.4
16518,si:busm1-228j01.6,sibusm1228j01.6
16519,si:dkey-56i24.1-1,sidkey56i24.1-1
16520,mhc1laa,mhc1laa
16521,mhc1lba,mhc1lba
16522,si:ch73-211l2.3,sich73211l2.3
16523,si:dkey-220o5.5,sidkey220o5.5
16524,rsph14,rsph14
16525,bag4,bag4
16526,lsm1,lsm1
16527,grk5l,grk5l
16528,CR931937.1,CR931937.1
16529,star,star
16530,elmod3,elmod3
16531,si:ch1073-459j12.1,sich1073459j12.1
16532,FO082780.1,FO082780.1
16533,cacna1fa,cacna1fa
16534,praf2,praf2
16535,timm17b,timm17b
16536,CRAT,CRAT
16537,si:ch211-163b2.4,sich211163b2.4
16538,BX005065.1,BX005065.1
16539,si:ch211-220m6.4,sich211220m6.4
16540,CR376751.1,CR376751.1
16541,adamts13,adamts13
16542,ubap2b,ubap2b
16543,pabpc1l,pabpc1l
16544,chmp4bb,chmp4bb
16545,tti2,tti2
16546,mak16,mak16
16547,CU695141.1,CU695141.1
16548,ywhabb,ywhabb
16549,CU695141.2,CU695141.2
16550,BX088696.2,BX088696.2
16551,SLC18A1,SLC18A1
16552,CU137648.2,CU137648.2
16553,ppiaa,ppiaa
16554,ogdha,ogdha
16555,CU137648.1,CU137648.1
16556,adam9,adam9
16557,nudt18,nudt18
16558,fam160b2,fam160b2
16559,si:ch211-119d14.2,sich211119d14.2
16560,si:ch211-119d14.3,sich211119d14.3
16561,pimr188,pimr188
16562,CR354402.1,CR354402.1
16563,mtor,mtor
16564,angptl7,angptl7
16565,si:dkey-75a21.2,sidkey75a21.2
16566,qars1,qars1
16567,ogg1,ogg1
16568,si:ch211-196g2.4,sich211196g2.4
16569,sult1st7,sult1st7
16570,sult1st9,sult1st9
16571,sult1st1,sult1st1
16572,sult1st2,sult1st2
16573,pimr187,pimr187
16574,pimr186,pimr186
16575,sult1st3,sult1st3
16576,tas1r2.2,tas1r2.2
16577,tas1r2.2-1,tas1r2.2-1
16578,her3,her3
16579,gpr153,gpr153
16580,acot7,acot7
16581,FO704898.1,FO704898.1
16582,hes2.2,hes2.2
16583,hes2.1,hes2.1
16584,espn,espn
16585,BX000472.2,BX000472.2
16586,BX000472.1,BX000472.1
16587,arhgef16,arhgef16
16588,ybx1,ybx1
16589,ppih,ppih
16590,CR792439.1,CR792439.1
16591,si:dkeyp-100a1.6,sidkeyp100a1.6
16592,pimr189,pimr189
16593,mthfr,mthfr
16594,CR792439.2,CR792439.2
16595,pex10,pex10
16596,plch2a,plch2a
16597,LO017720.1,LO017720.1
16598,si:ch211-251b21.1,sich211251b21.1
16599,dpp9,dpp9
16600,CU499311.1,CU499311.1
16601,si:ch211-243p7.3,sich211243p7.3
16602,kank3,kank3
16603,ndufa7,ndufa7
16604,pimr185,pimr185
16605,si:dkeyp-104h9.5,sidkeyp104h9.5
16606,plod1a,plod1a
16607,mfn2,mfn2
16608,CU571079.1,CU571079.1
16609,si:ch211-263k4.2,sich211263k4.2
16610,CR381598.1,CR381598.1
16611,CABZ01070222.1,CABZ01070222.1
16612,si:ch211-263k4.2-1,sich211263k4.2-1
16613,BX649478.1,BX649478.1
16614,si:ch211-215j19.12,sich211215j19.12
16615,nppal,nppal
16616,nppb,nppb
16617,nppa,nppa
16618,clcn6,clcn6
16619,pimr183,pimr183
16620,BX323876.1,BX323876.1
16621,pimr182,pimr182
16622,BX323876.2,BX323876.2
16623,pimr180,pimr180
16624,pimr181,pimr181
16625,pimr184,pimr184
16626,BX323556.1,BX323556.1
16627,tprg1l,tprg1l
16628,wrap73,wrap73
16629,tp73,tp73
16630,rer1,rer1
16631,aak1a,aak1a
16632,ddx51,ddx51
16633,zgc:56525,zgc56525
16634,rad21l1,rad21l1
16635,CT737131.1,CT737131.1
16636,snpha,snpha
16637,fkbp1aa,fkbp1aa
16638,zgc:171501,zgc171501
16639,fam110a,fam110a
16640,prickle3,prickle3
16641,plp2,plp2
16642,si:ch211-194e1.7,sich211194e1.7
16643,BX537103.1,BX537103.1
16644,si:ch211-194e1.7-1,sich211194e1.7-1
16645,sypb,sypb
16646,nfu1,nfu1
16647,opn7d,opn7d
16648,rasef,rasef
16649,frmd3,frmd3
16650,gkap1,gkap1
16651,C8H9orf64,C8H9orf64
16652,hnrnpk,hnrnpk
16653,rmi1,rmi1
16654,ntrk2a,ntrk2a
16655,agtpbp1,agtpbp1
16656,CU694202.1,CU694202.1
16657,naa35,naa35
16658,gfpt1,gfpt1
16659,antxr1a,antxr1a
16660,si:ch73-132k15.2,sich73132k15.2
16661,hp-1,hp-1
16662,entpd4,entpd4
16663,slc25a37,slc25a37
16664,nkx3-1,nkx3-1
16665,nkx2.7,nkx2.7
16666,stc1,stc1
16667,ido1,ido1
16668,rhobtb2a,rhobtb2a
16669,CABZ01060030.1,CABZ01060030.1
16670,CABZ01060030.2,CABZ01060030.2
16671,PEBP4,PEBP4
16672,egr3,egr3
16673,bin3,bin3
16674,acsl2,acsl2
16675,FO704819.1,FO704819.1
16676,b2ml,b2ml
16677,ENSDARG00000007359,ENSDARG00000007359
16678,CR855300.1,CR855300.1
16679,rab7b,rab7b
16680,si:dkey-32e23.4,sidkey32e23.4
16681,CR855300.2,CR855300.2
16682,DISP3,DISP3
16683,bmp1a,bmp1a
16684,kansl3,kansl3
16685,si:ch211-198o12.4,sich211198o12.4
16686,chmp7,chmp7
16687,lgi3,lgi3
16688,fgfr1a,fgfr1a
16689,ankrd39,ankrd39
16690,kctd9a,kctd9a
16691,npy8br,npy8br
16692,klhl22,klhl22
16693,tbx16,tbx16
16694,si:ch73-313l22.2,sich73313l22.2
16695,cabin1,cabin1
16696,cep78,cep78
16697,gna14a,gna14a
16698,vps13a,vps13a
16699,tcf7l1b,tcf7l1b
16700,FQ790367.1,FQ790367.1
16701,ube2d4,ube2d4
16702,dbnlb,dbnlb
16703,arid5a,arid5a
16704,COX5B,COX5B
16705,gins4,gins4
16706,zgc:77112,zgc77112
16707,phyhip,phyhip
16708,FO704661.1,FO704661.1
16709,RNF122,RNF122
16710,si:ch1073-392o20.2,sich1073392o20.2
16711,stambpb,stambpb
16712,si:ch73-199g24.2,sich73199g24.2
16713,CR847897.1,CR847897.1
16714,ccn1l2,ccn1l2
16715,si:dkey-90l8.3,sidkey90l8.3
16716,bcl2l16,bcl2l16
16717,tubb2b,tubb2b
16718,fgf17,fgf17
16719,adgrd2,adgrd2
16720,nr5a1a,nr5a1a
16721,nr6a1a,nr6a1a
16722,dre-mir-181a-2,dre-mir-181a-2
16723,dre-mir-181b-2,dre-mir-181b-2
16724,nr6a1a-1,nr6a1a-1
16725,nadka,nadka
16726,nadka-1,nadka-1
16727,wdr46,wdr46
16728,b3galt4,b3galt4
16729,nr2c2,nr2c2
16730,mrps25,mrps25
16731,rbsn,rbsn
16732,sult1st4,sult1st4
16733,gabrd,gabrd
16734,cacna1db,cacna1db
16735,gnb1a,gnb1a
16736,BICD2,BICD2
16737,CU914536.1,CU914536.1
16738,dcp1a,dcp1a
16739,cacna1db-1,cacna1db-1
16740,cacna1db-2,cacna1db-2
16741,cacna1db-3,cacna1db-3
16742,chdh,chdh
16743,CU638702.1,CU638702.1
16744,actr8,actr8
16745,selenok,selenok
16746,parapinopsina,parapinopsina
16747,CACNA2D3,CACNA2D3
16748,lrtm1,lrtm1
16749,wnt5a,wnt5a
16750,tlr9,tlr9
16751,apeh,apeh
16752,BSN,BSN
16753,CABZ01090219.1,CABZ01090219.1
16754,mib2,mib2
16755,ubiad1,ubiad1
16756,MMP23B,MMP23B
16757,cdk11b,cdk11b
16758,SLC35E2B,SLC35E2B
16759,CABZ01079663.1,CABZ01079663.1
16760,CABZ01066578.1,CABZ01066578.1
16761,magi1a,magi1a
16762,rho,rho
16763,prickle2a,prickle2a
16764,CABZ01085594.1,CABZ01085594.1
16765,brpf1,brpf1
16766,FO904970.1,FO904970.1
16767,creld1b,creld1b
16768,mbd4,mbd4
16769,trh,trh
16770,TMCC1,TMCC1
16771,plxnd1,plxnd1
16772,exorh,exorh
16773,CABZ01111554.1,CABZ01111554.1
16774,CABZ01111555.1,CABZ01111555.1
16775,si:ch1073-209e23.1,sich1073209e23.1
16776,grem1b,grem1b
16777,arhgap11a,arhgap11a
16778,CU655844.1,CU655844.1
16779,actc1b,actc1b
16780,zgc:77287,zgc77287
16781,klhdc2,klhdc2
16782,CABZ01083778.1,CABZ01083778.1
16783,CABZ01083778.2,CABZ01083778.2
16784,LO018437.2,LO018437.2
16785,LO018437.1,LO018437.1
16786,BX511111.3,BX511111.3
16787,BX511111.1,BX511111.1
16788,BX511111.2,BX511111.2
16789,si:rp71-62i8.1,sirp7162i8.1
16790,EMC7,EMC7
16791,zgc:194887,zgc194887
16792,chrm5a,chrm5a
16793,CABZ01064929.1,CABZ01064929.1
16794,C17H14orf28,C17H14orf28
16795,KLHL28,KLHL28
16796,CABZ01118763.1,CABZ01118763.1
16797,CABZ01118767.1,CABZ01118767.1
16798,CABZ01079748.1,CABZ01079748.1
16799,soul3,soul3
16800,fancm,fancm
16801,SLC25A29,SLC25A29
16802,slc25a47b,slc25a47b
16803,wars1,wars1
16804,CABZ01102109.1,CABZ01102109.1
16805,CABZ01085623.1,CABZ01085623.1
16806,CABZ01085626.1,CABZ01085626.1
16807,CABZ01100214.1,CABZ01100214.1
16808,wdr20a,wdr20a
16809,CABZ01078858.1,CABZ01078858.1
16810,dync1h1,dync1h1
16811,ppp2r5ca,ppp2r5ca
16812,cyp1c2,cyp1c2
16813,gchfr,gchfr
16814,dnajc17,dnajc17
16815,CABZ01060373.1,CABZ01060373.1
16816,adss1,adss1
16817,siva1,siva1
16818,zbtb42,zbtb42
16819,LO018430.2,LO018430.2
16820,LO018430.1,LO018430.1
16821,akt1,akt1
16822,cep170b,cep170b
16823,LO018432.1,LO018432.1
16824,srp14,srp14
16825,xgb,xgb
16826,CABZ01086293.1,CABZ01086293.1
16827,CABZ01063203.1,CABZ01063203.1
16828,CABZ01062996.1,CABZ01062996.1
16829,spint1a,spint1a
16830,zgc:162989,zgc162989
16831,zfyve19,zfyve19
16832,bub1bb,bub1bb
16833,pak6a,pak6a
16834,CABZ01052589.1,CABZ01052589.1
16835,PLCB2,PLCB2
16836,CABZ01058452.1,CABZ01058452.1
16837,ccdc9b,ccdc9b
16838,si:dkey-248g15.3,sidkey248g15.3
16839,zp3.2,zp3.2
16840,zp3,zp3
16841,zp3.2-1,zp3.2-1
16842,ptpn21,ptpn21
16843,CU929048.1,CU929048.1
16844,spata7,spata7
16845,kcnk10b,kcnk10b
16846,gpr65,gpr65
16847,bdkrb1,bdkrb1
16848,C17H14orf132,C17H14orf132
16849,CR853296.2,CR853296.2
16850,LO018445.1,LO018445.1
16851,zgc:136872,zgc136872
16852,tmem151bb,tmem151bb
16853,WSCD1,WSCD1
16854,CABZ01007222.2,CABZ01007222.2
16855,sntg2,sntg2
16856,PLCB4,PLCB4
16857,PLCB1,PLCB1
16858,tmx4,tmx4
16859,hao1,hao1
16860,CU929304.1,CU929304.1
16861,bmp2a,bmp2a
16862,gdf3,gdf3
16863,napba,napba
16864,mcm8,mcm8
16865,crls1,crls1
16866,klhl10a,klhl10a
16867,si:zfos-364h11.2,sizfos364h11.2
16868,si:zfos-364h11.2-1,sizfos364h11.2-1
16869,KLHL29,KLHL29
16870,CABZ01016068.1,CABZ01016068.1
16871,FO082819.1,FO082819.1
16872,cdc5l,cdc5l
16873,supt3h,supt3h
16874,runx2a,runx2a
16875,clic5a,clic5a
16876,enpp4,enpp4
16877,fam167aa,fam167aa
16878,CU571310.1,CU571310.1
16879,xkr6a,xkr6a
16880,si:dkey-100n19.2,sidkey100n19.2
16881,rp1l1a,rp1l1a
16882,si:ch73-340m8.2,sich73340m8.2
16883,CU929322.1,CU929322.1
16884,fndc4b,fndc4b
16885,gckr,gckr
16886,znf513b,znf513b
16887,dre-mir-133c,dre-mir-133c
16888,ENSDARG00000081661,ENSDARG00000081661
16889,zgc:194275,zgc194275
16890,CU571076.1,CU571076.1
16891,ephx2,ephx2
16892,chrna2a,chrna2a
16893,ptk2ba,ptk2ba
16894,BX000363.1,BX000363.1
16895,BX000363.2,BX000363.2
16896,dusp23b,dusp23b
16897,oct2,oct2
16898,txlnbb,txlnbb
16899,CR628323.2,CR628323.2
16900,hivep2b,hivep2b
16901,fuca2,fuca2
16902,TATDN3,TATDN3
16903,coq8ab,coq8ab
16904,dnajc5gb,dnajc5gb
16905,TP53I3,TP53I3
16906,cenpo,cenpo
16907,slc5a6b,slc5a6b
16908,ANKRD66,ANKRD66
16909,adgrf3a,adgrf3a
16910,si:ch211-189e2.3,sich211189e2.3
16911,BX005321.1,BX005321.1
16912,smc6,smc6
16913,vsnl1b,vsnl1b
16914,CR352340.1,CR352340.1
16915,afg1la,afg1la
16916,foxo3a,foxo3a
16917,ccdc162,ccdc162
16918,si:ch73-242m19.1,sich73242m19.1
16919,zbtb24,zbtb24
16920,zgc:172341,zgc172341
16921,CU469532.1,CU469532.1
16922,UST,UST
16923,sash1b,sash1b
16924,SAMD5,SAMD5
16925,stxbp5b,stxbp5b
16926,CABZ01057751.1,CABZ01057751.1
16927,rab32b,rab32b
16928,grm1b,grm1b
16929,si:ch211-278p9.1,sich211278p9.1
16930,si:ch211-278p9.2,sich211278p9.2
16931,si:ch211-278p9.3,sich211278p9.3
16932,BX296541.1,BX296541.1
16933,klhl10b.1,klhl10b.1
16934,klhl10b.2,klhl10b.2
16935,shprh,shprh
16936,si:dkeyp-110a12.4,sidkeyp110a12.4
16937,fbxo30a,fbxo30a
16938,BX511121.1,BX511121.1
16939,BX511121.2,BX511121.2
16940,BX088649.2,BX088649.2
16941,stx11a,stx11a
16942,BX088649.1,BX088649.1
16943,akap12a,akap12a
16944,zbtb2a,zbtb2a
16945,rmnd1,rmnd1
16946,ccdc170,ccdc170
16947,syne1b,syne1b
16948,BX927406.1,BX927406.1
16949,myct1b,myct1b
16950,tulp4b,tulp4b
16951,slc18b1,slc18b1
16952,ahi1,ahi1
16953,si:ch211-236p5.2,sich211236p5.2
16954,si:ch211-236p5.3,sich211236p5.3
16955,BX248131.2,BX248131.2
16956,lft2,lft2
16957,cdc42bpaa,cdc42bpaa
16958,BX248131.1,BX248131.1
16959,FO818681.1,FO818681.1
16960,fzd3b,fzd3b
16961,CU462878.1,CU462878.1
16962,CU462878.3,CU462878.3
16963,CU462878.2,CU462878.2
16964,ctbp2a,ctbp2a
16965,tex36,tex36
16966,edrf1,edrf1
16967,BX323450.1,BX323450.1
16968,tonsl,tonsl
16969,nkl.4,nkl.4
16970,nkl.3,nkl.3
16971,nkl.1,nkl.1
16972,psmc1a,psmc1a
16973,zranb1b,zranb1b
16974,akap6,akap6
16975,NPAS3,NPAS3
16976,CU855685.1,CU855685.1
16977,egln3,egln3
16978,sptssa,sptssa
16979,eapp,eapp
16980,snx6,snx6
16981,cfl2,cfl2
16982,baz1a,baz1a
16983,baz1a-1,baz1a-1
16984,zgc:109986,zgc109986
16985,srp54,srp54
16986,sec23a,sec23a
16987,BX088587.1,BX088587.1
16988,clec14a,clec14a
16989,sstr1a,sstr1a
16990,ttc6,ttc6
16991,foxa1,foxa1
16992,mipol1,mipol1
16993,tyro3,tyro3
16994,mgaa,mgaa
16995,mapkbp1,mapkbp1
16996,jmjd7,jmjd7
16997,tbpl2,tbpl2
16998,ATG14,ATG14
16999,fbxo34,fbxo34
17000,pimr177,pimr177
17001,lgals3b,lgals3b
17002,FQ312017.2,FQ312017.2
17003,FQ312017.1,FQ312017.1
17004,dact1,dact1
17005,si:ch211-185a18.2,sich211185a18.2
17006,CU179699.1,CU179699.1
17007,irf2bpl,irf2bpl
17008,FP102895.2,FP102895.2
17009,timm9,timm9
17010,FP102895.1,FP102895.1
17011,arid4a,arid4a
17012,FP102895.3,FP102895.3
17013,CU076099.3,CU076099.3
17014,CU076099.1,CU076099.1
17015,CU076099.4,CU076099.4
17016,CU076099.2,CU076099.2
17017,psma3,psma3
17018,adpgk2,adpgk2
17019,hnrnpua,hnrnpua
17020,efcab2,efcab2
17021,kif26ba,kif26ba
17022,smyd3,smyd3
17023,BX276117.1,BX276117.1
17024,tfb2m,tfb2m
17025,cnsta,cnsta
17026,sccpdha.2,sccpdha.2
17027,sccpdha.1,sccpdha.1
17028,kif28,kif28
17029,si:rp71-84d9.1,sirp7184d9.1
17030,ahctf1,ahctf1
17031,pimr175,pimr175
17032,pimr168-3,pimr168-3
17033,pimr176,pimr176
17034,pimr174,pimr174
17035,snap25b,snap25b
17036,ankef1b,ankef1b
17037,khk,khk
17038,emilin1b,emilin1b
17039,gpn1,gpn1
17040,BX294375.1,BX294375.1
17041,stmn4l,stmn4l
17042,il17a/f1,il17af1
17043,il17a/f2,il17af2
17044,lrrc57,lrrc57
17045,brms1la,brms1la
17046,ralgapa1,ralgapa1
17047,BX294369.1,BX294369.1
17048,BX649530.2,BX649530.2
17049,INSM2,INSM2
17050,nfkbiab,nfkbiab
17051,psma6a,psma6a
17052,prorp,prorp
17053,ppp2r3c,ppp2r3c
17054,fam177a1,fam177a1
17055,fbxo33,fbxo33
17056,mia2,mia2
17057,gemin2,gemin2
17058,pnn,pnn
17059,BX005308.2,BX005308.2
17060,BX005308.1,BX005308.1
17061,FP017295.1,FP017295.1
17062,lrfn5a,lrfn5a
17063,BX005443.1,BX005443.1
17064,BX004996.1,BX004996.1
17065,FP017160.1,FP017160.1
17066,ccdc175,ccdc175
17067,jkamp,jkamp
17068,gpr135,gpr135
17069,daam1a,daam1a
17070,sdsl,sdsl
17071,ppp1r13ba,ppp1r13ba
17072,ptp4a2a,ptp4a2a
17073,CU694317.1,CU694317.1
17074,cx28.6,cx28.6
17075,si:ch73-305o9.3,sich73305o9.3
17076,si:ch211-266o15.1,sich211266o15.1
17077,rtraf,rtraf
17078,nid2a,nid2a
17079,CR774184.1,CR774184.1
17080,ptger2a,ptger2a
17081,txndc16,txndc16
17082,gpr137c,gpr137c
17083,ero1a,ero1a
17084,samd4a,samd4a
17085,CR387921.1,CR387921.1
17086,CU464134.2,CU464134.2
17087,gch1,gch1
17088,wdhd1,wdhd1
17089,CU464134.1,CU464134.1
17090,socs4,socs4
17091,gnpnat1,gnpnat1
17092,styx,styx
17093,ros1,ros1
17094,si:ch211-270g19.5,sich211270g19.5
17095,FAM184A,FAM184A
17096,si:ch211-266g18.6,sich211266g18.6
17097,cx40.8,cx40.8
17098,CU306817.1,CU306817.1
17099,fabp7a,fabp7a
17100,si:ch211-266g18.10,sich211266g18.10
17101,fyna,fyna
17102,CU306817.2,CU306817.2
17103,marcksb,marcksb
17104,col10a1a,col10a1a
17105,bach2a,bach2a
17106,si:ch211-266g18.9,sich211266g18.9
17107,fhl5,fhl5
17108,fut9a,fut9a
17109,manea,manea
17110,cx52.7,cx52.7
17111,ankrd6a,ankrd6a
17112,rragd,rragd
17113,gabrr2a,gabrr2a
17114,CR759878.1,CR759878.1
17115,syne3,syne3
17116,CR450701.1,CR450701.1
17117,clmn,clmn
17118,si:ch73-204p21.2,sich73204p21.2
17119,map7a,map7a
17120,znf395a,znf395a
17121,CT954240.1,CT954240.1
17122,pnoca,pnoca
17123,kif13ba,kif13ba
17124,hmbox1a,hmbox1a
17125,kcnk13a,kcnk13a
17126,tdp1,tdp1
17127,efcab11,efcab11
17128,BX927159.1,BX927159.1
17129,foxn3,foxn3
17130,ston2,ston2
17131,CR381576.1,CR381576.1
17132,dio2,dio2
17133,nrxn3a,nrxn3a
17134,adck1,adck1
17135,slirp,slirp
17136,alkbh1,alkbh1
17137,CU855697.2,CU855697.2
17138,sptlc2a,sptlc2a
17139,ism2a,ism2a
17140,CU855697.1,CU855697.1
17141,ccdc85ca,ccdc85ca
17142,hhipl1,hhipl1
17143,setd3,setd3
17144,bcl11ba,bcl11ba
17145,BX465857.1,BX465857.1
17146,BX465857.2,BX465857.2
17147,BX510991.1,BX510991.1
17148,CU467823.1,CU467823.1
17149,vrk1,vrk1
17150,CU929218.1,CU929218.1
17151,si:dkey-288a3.2,sidkey288a3.2
17152,ak7b,ak7b
17153,galcb,galcb
17154,flrt2-1,flrt2-1
17155,CR759797.1,CR759797.1
17156,gsc,gsc
17157,AL772219.1,AL772219.1
17158,dicer1,dicer1
17159,kif11,kif11
17160,slc22a15,slc22a15
17161,CU571091.1,CU571091.1
17162,cyp26c1,cyp26c1
17163,reep3a,reep3a
17164,rgs7a,rgs7a
17165,grem2a,grem2a
17166,fmn2a,fmn2a
17167,chrm3a,chrm3a
17168,dre-mir-2187,dre-mir-2187
17169,ryr2b,ryr2b
17170,actn2b,actn2b
17171,p4ha1b,p4ha1b
17172,si:ch211-248a14.8,sich211248a14.8
17173,ecd,ecd
17174,gnrh3,gnrh3
17175,mgmt,mgmt
17176,ebf3b,ebf3b
17177,bnip4,bnip4
17178,smndc1,smndc1
17179,add3b,add3b
17180,BX005375.1,BX005375.1
17181,sorcs3b,sorcs3b
17182,neurl1ab,neurl1ab
17183,sh3pxd2ab,sh3pxd2ab
17184,zgc:162183,zgc162183
17185,si:ch73-288o11.4,sich73288o11.4
17186,si:ch73-288o11.5,sich73288o11.5
17187,si:ch73-306e8.2,sich73306e8.2
17188,npy4r,npy4r
17189,slc16a9a,slc16a9a
17190,ccdc6a,ccdc6a
17191,ank3a,ank3a
17192,BX927186.1,BX927186.1
17193,cdk1,cdk1
17194,tmem26a,tmem26a
17195,phyhipla,phyhipla
17196,bicc1a,bicc1a
17197,ube2d1a,ube2d1a
17198,vsx1,vsx1
17199,entpd6,entpd6
17200,pygb,pygb
17201,AL929290.1,AL929290.1
17202,abhd12,abhd12
17203,hspa12a,hspa12a
17204,eno4,eno4
17205,shtn1,shtn1
17206,atp6v1ba,atp6v1ba
17207,vax1,vax1
17208,pla2g4f.1,pla2g4f.1
17209,pla2g4f.2,pla2g4f.2
17210,chst15,chst15
17211,BX927351.1,BX927351.1
17212,gpr26,gpr26
17213,ikzf5,ikzf5
17214,hmx2,hmx2
17215,hmx3a,hmx3a
17216,si:ch211-208g24.8,sich211208g24.8
17217,cuzd1.2,cuzd1.2
17218,cuzd1.1,cuzd1.1
17219,plekha1a,plekha1a
17220,AL773596.1,AL773596.1
17221,htra1a,htra1a
17222,crip3,crip3
17223,slc22a7b.3,slc22a7b.3
17224,slc22a7b.2,slc22a7b.2
17225,slc22a7b.1,slc22a7b.1
17226,zmp:0000001102,zmp0000001102
17227,ttbk1b,ttbk1b
17228,nphp1,nphp1
17229,malb,malb
17230,mrps5,mrps5
17231,slc8a1b,slc8a1b
17232,CU104709.1,CU104709.1
17233,BX511218.1,BX511218.1
17234,edaradd,edaradd
17235,si:ch211-125o16.4,sich211125o16.4
17236,BX511245.1,BX511245.1
17237,exo1,exo1
17238,yipf4,yipf4
17239,birc6,birc6
17240,birc6-as2,birc6-as2
17241,ttc27,ttc27
17242,BX548077.1,BX548077.1
17243,dre-mir-456,dre-mir-456
17244,BX511309.1,BX511309.1
17245,ltbp1,ltbp1
17246,rasgrp3,rasgrp3
17247,fam98a,fam98a
17248,AL935174.6,AL935174.6
17249,AL935174.1,AL935174.1
17250,AL935174.3,AL935174.3
17251,AL935174.4,AL935174.4
17252,fgfbp3,fgfbp3
17253,ppp1r3ca,ppp1r3ca
17254,AL929195.9,AL929195.9
17255,AL929195.1,AL929195.1
17256,AL929195.5,AL929195.5
17257,AL929195.8,AL929195.8
17258,AL929195.3,AL929195.3
17259,AL929195.7,AL929195.7
17260,AL929195.4,AL929195.4
17261,AL929195.10,AL929195.10
17262,AL929195.6,AL929195.6
17263,AL929195.2,AL929195.2
17264,si:ch211-149k12.3,sich211149k12.3
17265,pcgf5a,pcgf5a
17266,ankrd1a,ankrd1a
17267,kif20ba,kif20ba
17268,htr7a,htr7a
17269,zgc:65997,zgc65997
17270,pank1a,pank1a
17271,dre-mir-107b,dre-mir-107b
17272,slc16a12a,slc16a12a
17273,ifit16,ifit16
17274,ifit15,ifit15
17275,ifit14,ifit14
17276,fas,fas
17277,ptena,ptena
17278,papss2a,papss2a
17279,minpp1a,minpp1a
17280,SGMS1,SGMS1
17281,kcnk18,kcnk18
17282,slc18a2,slc18a2
17283,pdzd8,pdzd8
17284,pex13,pex13
17285,si:ch211-189k9.2,sich211189k9.2
17286,xpo1b,xpo1b
17287,si:ch211-63b16.3,sich21163b16.3
17288,si:ch211-63b16.4,sich21163b16.4
17289,b3gnt2b,b3gnt2b
17290,ehbp1,ehbp1
17291,BX649529.1,BX649529.1
17292,otx1,otx1
17293,wdpcp,wdpcp
17294,mdh1ab,mdh1ab
17295,ugp2b,ugp2b
17296,peli1b,peli1b
17297,abch1,abch1
17298,aftphb,aftphb
17299,CR352220.2,CR352220.2
17300,rlf,rlf
17301,ENSDARG00000094627,ENSDARG00000094627
17302,zmpste24,zmpste24
17303,atp5if1b,atp5if1b
17304,rpl13a,rpl13a
17305,CR352220.1,CR352220.1
17306,CR626962.1,CR626962.1
17307,commd9,commd9
17308,thumpd2,thumpd2
17309,map4k3b,map4k3b
17310,arhgef33,arhgef33
17311,morn2,morn2
17312,znf593,znf593
17313,selenon,selenon
17314,si:ch211-15d5.11,sich21115d5.11
17315,si:ch211-15d5.12,sich21115d5.12
17316,CR626962.2,CR626962.2
17317,mtfr1l,mtfr1l
17318,stac,stac
17319,si:dkey-74h17.3,sidkey74h17.3
17320,CR388164.3,CR388164.3
17321,CR388164.2,CR388164.2
17322,spdya,spdya
17323,trmt61b,trmt61b
17324,wdr43,wdr43
17325,CR388164.1,CR388164.1
17326,cx34.4,cx34.4
17327,cx35.4,cx35.4
17328,hmgcl,hmgcl
17329,zbtb8a,zbtb8a
17330,gale,gale
17331,si:ch211-195o20.7,sich211195o20.7
17332,zgc:193593,zgc193593
17333,CR391986.1,CR391986.1
17334,dlgap2a,dlgap2a
17335,CT737185.1,CT737185.1
17336,cln8,cln8
17337,BX005351.1,BX005351.1
17338,arhgef10,arhgef10
17339,kbtbd11,kbtbd11
17340,ppie,ppie
17341,pabpc4,pabpc4
17342,tmem54a,tmem54a
17343,zpcx,zpcx
17344,lck,lck
17345,fam167b,fam167b
17346,zgc:154055,zgc154055
17347,tdh2,tdh2
17348,srrm1,srrm1
17349,clic4,clic4
17350,crybg1a,crybg1a
17351,FP015823.1,FP015823.1
17352,rtn4ip1,rtn4ip1
17353,qrsl1,qrsl1
17354,si:ch211-214p16.1,sich211214p16.1
17355,si:ch211-214p16.2,sich211214p16.2
17356,iars2,iars2
17357,rab3gap2,rab3gap2
17358,ppp1cb,ppp1cb
17359,si:ch211-214p16.3,sich211214p16.3
17360,kcnh1a,kcnh1a
17361,hhat,hhat
17362,AL929023.1,AL929023.1
17363,acss1,acss1
17364,wapla,wapla
17365,BX000364.4,BX000364.4
17366,BX000364.3,BX000364.3
17367,BX000364.1,BX000364.1
17368,grid1a,grid1a
17369,ccser2a,ccser2a
17370,sparcl2,sparcl2
17371,ndnfl,ndnfl
17372,fam149b1,fam149b1
17373,CT573303.2,CT573303.2
17374,mrpl57,mrpl57
17375,ttc7b,ttc7b
17376,CT573303.1,CT573303.1
17377,calm1a,calm1a
17378,nrde2,nrde2
17379,larp1b,larp1b
17380,AL928908.2,AL928908.2
17381,pgrmc2,pgrmc2
17382,asmt2,asmt2
17383,jade1,jade1
17384,AL928908.1,AL928908.1
17385,si:dkey-221l4.10,sidkey221l4.10
17386,rcan3,rcan3
17387,nipal3,nipal3
17388,grhl3,grhl3
17389,si:dkey-221l4.11,sidkey221l4.11
17390,AL928908.3,AL928908.3
17391,cnksr1,cnksr1
17392,rps6ka1,rps6ka1
17393,si:ch211-160f23.7,sich211160f23.7
17394,asap3,asap3
17395,si:ch211-160f23.5,sich211160f23.5
17396,id3,id3
17397,si:ch1073-358c10.1,sich1073358c10.1
17398,FP017274.1,FP017274.1
17399,dre-mir-124-4,dre-mir-124-4
17400,ythdf2,ythdf2
17401,vgll2b,vgll2b
17402,ctsl.1,ctsl.1
17403,pacrg,pacrg
17404,qkia,qkia
17405,ptafr,ptafr
17406,luzp1,luzp1
17407,AL844186.1,AL844186.1
17408,kdm1a,kdm1a
17409,tmem30b,tmem30b
17410,htr1d,htr1d
17411,mdga2a,mdga2a
17412,BX465838.4,BX465838.4
17413,im:7136021,im7136021
17414,mis18bp1,mis18bp1
17415,BX465838.1,BX465838.1
17416,heatr5a,heatr5a
17417,BX465838.2,BX465838.2
17418,hectd1,hectd1
17419,ap4s1,ap4s1
17420,strn3,strn3
17421,coch,coch
17422,opn6b,opn6b
17423,scfd1,scfd1
17424,g2e3,g2e3
17425,CR788235.1,CR788235.1
17426,prkd1,prkd1
17427,CR925802.1,CR925802.1
17428,foxg1a,foxg1a
17429,sptbn5,sptbn5
17430,ehd4,ehd4
17431,si:dkey-28g23.6,sidkey28g23.6
17432,traf3,traf3
17433,rcor1,rcor1
17434,AL845481.1,AL845481.1
17435,ankrd9,ankrd9
17436,tecpr2,tecpr2
17437,ptpreb,ptpreb
17438,kctd3,kctd3
17439,ush2a,ush2a
17440,AL928842.1,AL928842.1
17441,CT027582.2,CT027582.2
17442,CT027582.1,CT027582.1
17443,esrrga,esrrga
17444,CR377229.1,CR377229.1
17445,si:dkey-27l15.1,sidkey27l15.1
17446,spata17,spata17
17447,si:ch211-139l2.1,sich211139l2.1
17448,greb1,greb1
17449,lpin1,lpin1
17450,si:ch211-175f11.5,sich211175f11.5
17451,itsn2b,itsn2b
17452,CR628334.1,CR628334.1
17453,nhsl1a,nhsl1a
17454,si:dkey-190l8.2,sidkey190l8.2
17455,sh3yl1,sh3yl1
17456,alkal2b,alkal2b
17457,zgc:194392,zgc194392
17458,apoba,apoba
17459,ldah,ldah
17460,gdf7,gdf7
17461,tpp1,tpp1
17462,yy1a,yy1a
17463,degs2,degs2
17464,evla,evla
17465,eml1,eml1
17466,BX571712.1,BX571712.1
17467,BX571712.3,BX571712.3
17468,pkdccb,pkdccb
17469,BX571712.2,BX571712.2
17470,disp2,disp2
17471,rpusd2,rpusd2
17472,pcmtl,pcmtl
17473,ccdc32,ccdc32
17474,prlh2r,prlh2r
17475,bahd1,bahd1
17476,ivd,ivd
17477,itpka,itpka
17478,BX539317.1,BX539317.1
17479,ltk,ltk
17480,rpap1,rpap1
17481,si:dkey-13p1.4,sidkey13p1.4
17482,si:dkey-13p1.3,sidkey13p1.3
17483,si:dkey-170l10.1,sidkey170l10.1
17484,adprhl2,adprhl2
17485,cinp,cinp
17486,znf839,znf839
17487,vsx2,vsx2
17488,lin52,lin52
17489,pomt2,pomt2
17490,dtd2,dtd2
17491,nubpl,nubpl
17492,arhgap5,arhgap5
17493,abraxas2,abraxas2
17494,eef1akmt2,eef1akmt2
17495,INSYN2A,INSYN2A
17496,CT573453.1,CT573453.1
17497,adam12,adam12
17498,CR407546.1,CR407546.1
17499,dhx32b,dhx32b
17500,si:ch211-139d20.3,sich211139d20.3
17501,CR627496.1,CR627496.1
17502,klf11b,klf11b
17503,ywhaqb,ywhaqb
17504,grhl1,grhl1
17505,CR627496.2,CR627496.2
17506,gcfc2,gcfc2
17507,eva1a,eva1a
17508,xkr5b,xkr5b
17509,ctsba,ctsba
17510,cgref1,cgref1
17511,BX936381.1,BX936381.1
17512,kcnk2a,kcnk2a
17513,BX936381.2,BX936381.2
17514,cenpf,cenpf
17515,smyd2a,smyd2a
17516,prox1a,prox1a
17517,snx9a,snx9a
17518,AL590149.1,AL590149.1
17519,pomca,pomca
17520,efr3ba,efr3ba
17521,dnajc27,dnajc27
17522,BX323819.1,BX323819.1
17523,si:ch211-132f19.7,sich211132f19.7
17524,xdh,xdh
17525,ACBD3,ACBD3
17526,ccdc28a,ccdc28a
17527,ccdc28a-1,ccdc28a-1
17528,snap23.1,snap23.1
17529,CR628327.1,CR628327.1
17530,snap23.2,snap23.2
17531,rin3,rin3
17532,pth2,pth2
17533,tmem121aa,tmem121aa
17534,BX957235.1,BX957235.1
17535,si:dkey-84k17.2,sidkey84k17.2
17536,dnal1,dnal1
17537,dnal1-1,dnal1-1
17538,fut8a,fut8a
17539,gphna,gphna
17540,mpp5a,mpp5a
17541,eif2s1a,eif2s1a
17542,CR385035.1,CR385035.1
17543,id2a,id2a
17544,kidins220a,kidins220a
17545,mboat2a,mboat2a
17546,asap2a,asap2a
17547,itgb1bp1,itgb1bp1
17548,iah1,iah1
17549,adam17a,adam17a
17550,CR556709.1,CR556709.1
17551,rnf144aa,rnf144aa
17552,rsad2,rsad2
17553,cmpk2,cmpk2
17554,BX571665.1,BX571665.1
17555,BX255944.2,BX255944.2
17556,BX255944.1,BX255944.1
17557,sox11a,sox11a
17558,AL929378.2,AL929378.2
17559,AL929378.1,AL929378.1
17560,BX005484.1,BX005484.1
17561,si:dkey-25g12.4,sidkey25g12.4
17562,colec11,colec11
17563,htr1b,htr1b
17564,CR354585.2,CR354585.2
17565,impg1b,impg1b
17566,CR354585.1,CR354585.1
17567,BX649242.1,BX649242.1
17568,myo6b,myo6b
17569,senp6b,senp6b
17570,mapre3a,mapre3a
17571,dpysl5a,dpysl5a
17572,BX571720.2,BX571720.2
17573,dnmt3ab,dnmt3ab
17574,BX571720.1,BX571720.1
17575,dtnbb,dtnbb
17576,asxl2,asxl2
17577,kif3cb,kif3cb
17578,slc30a1b,slc30a1b
17579,hadhab,hadhab
17580,CR318625.2,CR318625.2
17581,tmem62,tmem62
17582,CR318625.1,CR318625.1
17583,ptgr2,ptgr2
17584,elmsan1b,elmsan1b
17585,CR382330.1,CR382330.1
17586,si:ch211-180n24.3,sich211180n24.3
17587,crip1,crip1
17588,CR382330.2,CR382330.2
17589,crip2,crip2
17590,AL929543.1,AL929543.1
17591,mta1,mta1
17592,tmem229b,tmem229b
17593,zfp36l1a,zfp36l1a
17594,BX248106.1,BX248106.1
17595,plekhh1,plekhh1
17596,slc25a21,slc25a21
17597,pax9,pax9
17598,nkx2.9,nkx2.9
17599,nkx2.1,nkx2.1
17600,mbip,mbip
17601,rps6ka5,rps6ka5
17602,cdan1,cdan1
17603,stard9,stard9
17604,sptb,sptb
17605,ccdc88c,ccdc88c
17606,GPR68,GPR68
17607,dglucy,dglucy
17608,slc24a4a,slc24a4a
17609,crim1,crim1
17610,BX511307.1,BX511307.1
17611,BX571670.1,BX571670.1
17612,zgc:174356,zgc174356
17613,BX469913.1,BX469913.1
17614,BX469913.2,BX469913.2
17615,BX469926.1,BX469926.1
17616,BX469926.2,BX469926.2
17617,eprs1,eprs1
17618,si:dkey-229e3.2,sidkey229e3.2
17619,gpr132a,gpr132a
17620,pimr60,pimr60
17621,dre-mir-2185-1,dre-mir-2185-1
17622,pimr61,pimr61
17623,dre-mir-2185-1-1,dre-mir-2185-1-1
17624,pimr62,pimr62
17625,dre-mir-2185-1-2,dre-mir-2185-1-2
17626,ubr1,ubr1
17627,UBR1,UBR1
17628,prph2la,prph2la
17629,BX548170.1,BX548170.1
17630,si:dkey-187k19.2,sidkey187k19.2
17631,LRFN2,LRFN2
17632,supt7l,supt7l
17633,slc4a1ap,slc4a1ap
17634,si:dkey-16j16.4,sidkey16j16.4
17635,mrpl33,mrpl33
17636,rbks,rbks
17637,babam2,babam2
17638,fosl2,fosl2
17639,mocs1,mocs1
17640,CR381689.1,CR381689.1
17641,insm1b,insm1b
17642,ralgapa2,ralgapa2
17643,BX511195.1,BX511195.1
17644,BX511195.2,BX511195.2
17645,kiz,kiz
17646,nkx2.4a,nkx2.4a
17647,nkx2.2a,nkx2.2a
17648,pax1a,pax1a
17649,CR925755.1,CR925755.1
17650,CR925755.2,CR925755.2
17651,linc.alien,linc.alien
17652,foxa2,foxa2
17653,prkd3,prkd3
17654,mocs3,mocs3
17655,qpct,qpct
17656,zgc:92137,zgc92137
17657,atg2b,atg2b
17658,gskip,gskip
17659,NPC2,NPC2
17660,npc2,npc2
17661,isca2,isca2
17662,EML5,EML5
17663,itpk1b,itpk1b
17664,plk4,plk4
17665,hspa4l,hspa4l
17666,chmp3,chmp3
17667,reep1,reep1
17668,mrpl35,mrpl35
17669,si:dkey-21a6.5,sidkey21a6.5
17670,nt5c1ab,nt5c1ab
17671,BX927349.1,BX927349.1
17672,zfyve28,zfyve28
17673,cfap99,cfap99
17674,rtkn2a,rtkn2a
17675,znf365,znf365
17676,adob,adob
17677,egr2a,egr2a
17678,FO704797.1,FO704797.1
17679,FO704777.1,FO704777.1
17680,ahsa1b,ahsa1b
17681,zgc:66313,zgc66313
17682,msh4,msh4
17683,ktn1,ktn1
17684,BX465227.2,BX465227.2
17685,BX465227.1,BX465227.1
17686,peli2,peli2
17687,BX511267.1,BX511267.1
17688,BX005128.1,BX005128.1
17689,tmem260,tmem260
17690,otx2b,otx2b
17691,CR936482.1,CR936482.1
17692,BX548045.2,BX548045.2
17693,BX548045.1,BX548045.1
17694,BX548045.3,BX548045.3
17695,exoc5,exoc5
17696,ap5m1,ap5m1
17697,naa30,naa30
17698,BX323985.1,BX323985.1
17699,slc35f4,slc35f4
17700,pgfb,pgfb
17701,cipca,cipca
17702,zdhhc22,zdhhc22
17703,tmem63c,tmem63c
17704,ngb,ngb
17705,fam161b,fam161b
17706,coq6,coq6
17707,entpd5a,entpd5a
17708,aldh6a1,aldh6a1
17709,gstz1,gstz1
17710,zgc:163014,zgc163014
17711,tmed8,tmed8
17712,noxred1,noxred1
17713,CU695222.2,CU695222.2
17714,CU695222.1,CU695222.1
17715,ttbk2a,ttbk2a
17716,ganc,ganc
17717,capn3a,capn3a
17718,znf106a,znf106a
17719,pacc1,pacc1
17720,nenf,nenf
17721,tagapa,tagapa
17722,ezra,ezra
17723,kcnk3b,kcnk3b
17724,march1,march1
17725,hhipl2,hhipl2
17726,susd4,susd4
17727,si:ch211-202f3.3,sich211202f3.3
17728,si:ch211-202f3.4,sich211202f3.4
17729,vcpkmt,vcpkmt
17730,zgc:162184,zgc162184
17731,arf6b,arf6b
17732,aspg,aspg
17733,dre-mir-203a,dre-mir-203a
17734,kif26ab,kif26ab
17735,si:dkey-206p8.1,sidkey206p8.1
17736,CABZ01084273.1,CABZ01084273.1
17737,AL953848.2,AL953848.2
17738,AL953848.1,AL953848.1
17739,pimr22,pimr22
17740,CU137681.5,CU137681.5
17741,pimr24,pimr24
17742,pimr14,pimr14
17743,CU137681.7,CU137681.7
17744,CU137681.3,CU137681.3
17745,pimr23,pimr23
17746,CU137681.6,CU137681.6
17747,CU137681.1,CU137681.1
17748,pimr27,pimr27
17749,CU137681.4,CU137681.4
17750,CU137681.2,CU137681.2
17751,pimr25,pimr25
17752,pimr26,pimr26
17753,CU137681.8,CU137681.8
17754,si:ch211-244k5.1,sich211244k5.1
17755,CABZ01056321.1,CABZ01056321.1
17756,CU915775.1,CU915775.1
17757,zgc:103755,zgc103755
17758,si:dkeyp-47f9.4,sidkeyp47f9.4
17759,alk,alk
17760,BX663528.2,BX663528.2
17761,BX663528.1,BX663528.1
17762,FP015963.1,FP015963.1
17763,FP015852.1,FP015852.1
17764,slc39a9,slc39a9
17765,CU424460.1,CU424460.1
17766,plekhd1,plekhd1
17767,smoc1,smoc1
17768,LO018422.1,LO018422.1
17769,FP236356.1,FP236356.1
17770,FP236356.2,FP236356.2
17771,kcnk5a,kcnk5a
17772,kcnk17,kcnk17
17773,kif6,kif6
17774,daam2,daam2
17775,lgals8b,lgals8b
17776,gnmt,gnmt
17777,si:ch1073-80i24.3,sich107380i24.3
17778,hs1bp3,hs1bp3
17779,CABZ01088109.1,CABZ01088109.1
17780,tiam2a,tiam2a
17781,tfb1m,tfb1m
17782,CU695076.1,CU695076.1
17783,zgc:113176,zgc113176
17784,orc3,orc3
17785,gpx2,gpx2
17786,mthfd1b,mthfd1b
17787,znf292a,znf292a
17788,cga,cga
17789,CABZ01003476.2,CABZ01003476.2
17790,CGA,CGA
17791,fcf1,fcf1
17792,AREL1,AREL1
17793,LO018408.2,LO018408.2
17794,zmp:0000001267,zmp0000001267
17795,CU929037.1,CU929037.1
17796,CU929037.3,CU929037.3
17797,CU929037.2,CU929037.2
17798,zgc:171599,zgc171599
17799,zgc:113372,zgc113372
17800,col12a1a,col12a1a
17801,cox7a2a,cox7a2a
17802,tmem30aa,tmem30aa
17803,filip1a,filip1a
17804,FO834825.1,FO834825.1
17805,FO834825.2,FO834825.2
17806,zgc:100951,zgc100951
17807,FO834825.3,FO834825.3
17808,zgc:113886,zgc113886
17809,FO704836.1,FO704836.1
17810,zgc:113886-1,zgc1138861
17811,vps39,vps39
17812,CU655820.1,CU655820.1
17813,galnt16,galnt16
17814,jdp2a,jdp2a
17815,fosaa,fosaa
17816,acyp1,acyp1
17817,zc2hc1c,zc2hc1c
17818,syncripl,syncripl
17819,si:ch73-50f9.4,sich7350f9.4
17820,otofb,otofb
17821,znf982,znf982
17822,si:ch211-235i11.5,sich211235i11.5
17823,zgc:113886-2,zgc1138862
17824,si:ch211-235i11.4,sich211235i11.4
17825,si:ch211-235i11.6,sich211235i11.6
17826,si:ch211-235i11.3,sich211235i11.3
17827,zgc:113377,zgc113377
17828,CR382385.1,CR382385.1
17829,bmp4,bmp4
17830,ddhd1a,ddhd1a
17831,fermt2,fermt2
17832,stxbp6,stxbp6
17833,GJD2,GJD2
17834,aqr,aqr
17835,paplna,paplna
17836,si:ch1073-469d17.2,sich1073469d17.2
17837,psen1,psen1
17838,adi1,adi1
17839,trappc12,trappc12
17840,eipr1,eipr1
17841,CABZ01067581.1,CABZ01067581.1
17842,pxdn,pxdn
17843,zgc:113142,zgc113142
17844,ccr6b,ccr6b
17845,atp6v1c2,atp6v1c2
17846,nol10,nol10
17847,odc1,odc1
17848,si:ch211-168d23.3,sich211168d23.3
17849,exd2,exd2
17850,numb,numb
17851,flvcr2a,flvcr2a
17852,CU633997.1,CU633997.1
17853,ERG28,ERG28
17854,ttll5,ttll5
17855,tgfb3,tgfb3
17856,esrrb,esrrb
17857,BX005229.1,BX005229.1
17858,prox2,prox2
17859,dlst,dlst
17860,rps6kl1,rps6kl1
17861,si:ch211-173a9.6,sich211173a9.6
17862,si:ch211-173a9.6-1,sich211173a9.6-1
17863,lrrc74a,lrrc74a
17864,angel1,angel1
17865,AL935141.1,AL935141.1
17866,fam98b,fam98b
17867,spred1,spred1
17868,meis2a-1,meis2a-1
17869,CABZ01078350.1,CABZ01078350.1
17870,CDIN1,CDIN1
17871,dph6,dph6
17872,VASH1,VASH1
17873,GABRR1,GABRR1
17874,atxn3,atxn3
17875,si:ch1073-416d2.3,sich1073416d2.3
17876,ddx24,ddx24
17877,si:ch1073-416d2.4,sich1073416d2.4
17878,asb2b,asb2b
17879,exd1,exd1
17880,CABZ01066926.1,CABZ01066926.1
17881,unm-sa911,unm-sa911
17882,CABZ01068208.1,CABZ01068208.1
17883,CABZ01068209.1,CABZ01068209.1
17884,zmp:0000000527,zmp0000000527
17885,CABZ01117357.1,CABZ01117357.1
17886,slc9a1b,slc9a1b
17887,fabp10b,fabp10b
17888,srsf10b,srsf10b
17889,si:zfos-1714f5.4,sizfos1714f5.4
17890,cx52.9,cx52.9
17891,mycbp,mycbp
17892,si:zfos-1714f5.3,sizfos1714f5.3
17893,CYTL1,CYTL1
17894,msx1a,msx1a
17895,stx18,stx18
17896,zbtb49,zbtb49
17897,lyar,lyar
17898,tmem107,tmem107
17899,OTOP1,OTOP1
17900,CABZ01086812.1,CABZ01086812.1
17901,stag3,stag3
17902,mcm7,mcm7
17903,dre-mir-93,dre-mir-93
17904,dre-mir-19d,dre-mir-19d
17905,dre-mir-25,dre-mir-25
17906,gpc2,gpc2
17907,CABZ01088229.1,CABZ01088229.1
17908,WDR1,WDR1
17909,nkx3-2,nkx3-2
17910,bod1l1,bod1l1
17911,aurkb,aurkb
17912,tmem107-1,tmem107-1
17913,LO018022.2,LO018022.2
17914,FAT4,FAT4
17915,ANKRD50,ANKRD50
17916,zgc:172215,zgc172215
17917,spry1,spry1
17918,CABZ01085878.1,CABZ01085878.1
17919,nudt6,nudt6
17920,fgf2,fgf2
17921,dele1,dele1
17922,LO018568.2,LO018568.2
17923,LO018568.1,LO018568.1
17924,ube2ka,ube2ka
17925,si:zfos-741a10.4,sizfos741a10.4
17926,si:zfos-741a10.3,sizfos741a10.3
17927,ints10,ints10
17928,tlr1,tlr1
17929,klb,klb
17930,trim35-27,trim35-27
17931,adra2da,adra2da
17932,slc34a1a,slc34a1a
17933,CU928046.1,CU928046.1
17934,CU928046.2,CU928046.2
17935,rgs14a,rgs14a
17936,si:ch73-208h1.2,sich73208h1.2
17937,si:ch73-208h1.1,sich73208h1.1
17938,arl3l2,arl3l2
17939,CU462913.1,CU462913.1
17940,myoz3a,myoz3a
17941,acsl1b,acsl1b
17942,arsia,arsia
17943,si:ch73-308l14.2,sich73308l14.2
17944,f8,f8
17945,FQ311908.1,FQ311908.1
17946,si:ch1073-303k11.2,sich1073303k11.2
17947,sec24b,sec24b
17948,hopx,hopx
17949,arl9,arl9
17950,srp72,srp72
17951,adad1,adad1
17952,CABZ01081490.1,CABZ01081490.1
17953,il21,il21
17954,cetn4,cetn4
17955,bbs12,bbs12
17956,tbc1d9-1,tbc1d9-1
17957,zgc:152774,zgc152774
17958,pmt,pmt
17959,CABZ01109481.1,CABZ01109481.1
17960,CABZ01109480.1,CABZ01109480.1
17961,CABZ01064248.1,CABZ01064248.1
17962,LO018564.1,LO018564.1
17963,LO018106.2,LO018106.2
17964,LO018106.1,LO018106.1
17965,hrh2a,hrh2a
17966,CABZ01029590.1,CABZ01029590.1
17967,trpc7b,trpc7b
17968,CABZ01052756.1,CABZ01052756.1
17969,pcdh2g28,pcdh2g28
17970,BX005294.2,BX005294.2
17971,BX005294.1,BX005294.1
17972,CT573264.1,CT573264.1
17973,CT573264.2,CT573264.2
17974,pcdh2ab9,pcdh2ab9
17975,si:dkey-262j3.7,sidkey262j3.7
17976,pcdh2ab12,pcdh2ab12
17977,pcdh2ab2,pcdh2ab2
17978,pcdh2ab10,pcdh2ab10
17979,pcdh2ab5,pcdh2ab5
17980,pcdh2ab3,pcdh2ab3
17981,pcdh2aa15,pcdh2aa15
17982,pcdh2ac,pcdh2ac
17983,pcdh2ab6,pcdh2ab6
17984,pcdh2ab9-1,pcdh2ab9-1
17985,pcdh2ab1,pcdh2ab1
17986,CR847851.1,CR847851.1
17987,pcdh2aa1,pcdh2aa1
17988,pcdh2ab2-1,pcdh2ab2-1
17989,pcdh2ab11,pcdh2ab11
17990,si:dkeyp-115d7.2,sidkeyp115d7.2
17991,si:ch73-379j16.2,sich73379j16.2
17992,pcdhb,pcdhb
17993,si:ch73-233f7.8,sich73233f7.8
17994,si:ch73-233f7.7,sich73233f7.7
17995,si:ch73-233f7.6,sich73233f7.6
17996,si:ch73-233f7.5,sich73233f7.5
17997,si:ch73-233f7.4,sich73233f7.4
17998,si:ch73-233f7.3,sich73233f7.3
17999,si:ch73-233f7.1,sich73233f7.1
18000,CU855896.3,CU855896.3
18001,dre-mir-733,dre-mir-733
18002,CU855896.2,CU855896.2
18003,CU855896.1,CU855896.1
18004,CU929317.1,CU929317.1
18005,fgf18a,fgf18a
18006,CU929317.2,CU929317.2
18007,fbxw11a,fbxw11a
18008,etf1a,etf1a
18009,spock1,spock1
18010,LO018409.1,LO018409.1
18011,bicc2,bicc2
18012,ndst1a,ndst1a
18013,cd74a,cd74a
18014,si:dkey-201i24.3,sidkey201i24.3
18015,slc35a4,slc35a4
18016,hmgxb3,hmgxb3
18017,si:zfos-1069f5.1,sizfos1069f5.1
18018,csf1ra,csf1ra
18019,pdgfrb,pdgfrb
18020,cdx1a,cdx1a
18021,CABZ01073834.1,CABZ01073834.1
18022,im:7150988,im7150988
18023,trpc3,trpc3
18024,gstp2,gstp2
18025,gstp1,gstp1
18026,fnta,fnta
18027,CABZ01069945.1,CABZ01069945.1
18028,FP102783.1,FP102783.1
18029,PIGG,PIGG
18030,FP102985.1,FP102985.1
18031,lrp2bp,lrp2bp
18032,snx25,snx25
18033,enpp6,enpp6
18034,irf2,irf2
18035,FP103007.1,FP103007.1
18036,casp3b,casp3b
18037,dhrs13l1,dhrs13l1
18038,BX088718.2,BX088718.2
18039,si:dkey-185e18.7,sidkey185e18.7
18040,slc25a51b,slc25a51b
18041,frmpd1b,frmpd1b
18042,gnpda2,gnpda2
18043,guf1,guf1
18044,BX088718.1,BX088718.1
18045,LO018287.1,LO018287.1
18046,gabra4,gabra4
18047,LO018256.1,LO018256.1
18048,ap1ar,ap1ar
18049,BX510929.1,BX510929.1
18050,nanos1,nanos1
18051,FQ311907.1,FQ311907.1
18052,lbx2,lbx2
18053,pcgf1,pcgf1
18054,AL831789.1,AL831789.1
18055,fgf24,fgf24
18056,BX276088.1,BX276088.1
18057,npm1b,npm1b
18058,tlx2,tlx2
18059,BX548018.1,BX548018.1
18060,kazald2,kazald2
18061,FP085432.1,FP085432.1
18062,aup1,aup1
18063,tubb4b,tubb4b
18064,loxl3a,loxl3a
18065,kctd8,kctd8
18066,BX530406.1,BX530406.1
18067,FP103005.3,FP103005.3
18068,bscl2l,bscl2l
18069,si:ch73-22a13.3,sich7322a13.3
18070,FP103005.1,FP103005.1
18071,FP103005.2,FP103005.2
18072,hdx,hdx
18073,smu1a,smu1a
18074,elp1,elp1
18075,tbc1d2,tbc1d2
18076,slc44a1b,slc44a1b
18077,abca1b,abca1b
18078,CT009487.1,CT009487.1
18079,nipsnap3a,nipsnap3a
18080,CT009487.2,CT009487.2
18081,thg1l,thg1l
18082,adam19b,adam19b
18083,si:dkeyp-44a8.2,sidkeyp44a8.2
18084,si:dkeyp-44a8.4,sidkeyp44a8.4
18085,si:ch211-266k2.1,sich211266k2.1
18086,clk4a,clk4a
18087,rack1,rack1
18088,nme5,nme5
18089,hnrnpaba,hnrnpaba
18090,eif4ebp3l,eif4ebp3l
18091,hnrnph1,hnrnph1
18092,rufy1,rufy1
18093,hbegfa,hbegfa
18094,si:ch73-43g23.1,sich7343g23.1
18095,trpt1,trpt1
18096,ctsf,ctsf
18097,stox2b,stox2b
18098,si:ch211-51f19.1,sich21151f19.1
18099,trappc11,trappc11
18100,BX890601.1,BX890601.1
18101,hars,hars
18102,dnd1,dnd1
18103,gfra3,gfra3
18104,FP245526.1,FP245526.1
18105,brd8,brd8
18106,si:ch211-39i2.2,sich21139i2.2
18107,sting1,sting1
18108,ppp3cb,ppp3cb
18109,ube2d2,ube2d2
18110,zgc:110843,zgc110843
18111,cxxc5b,cxxc5b
18112,zgc:92242,zgc92242
18113,psd2,psd2
18114,purab,purab
18115,nrg2b,nrg2b
18116,CR407701.1,CR407701.1
18117,si:dkey-160o24.3,sidkey160o24.3
18118,eif1ad,eif1ad
18119,tmco6,tmco6
18120,dnajc4,dnajc4
18121,vegfba,vegfba
18122,stx5a,stx5a
18123,zgc:162144,zgc162144
18124,si:dkeyp-115e12.6,sidkeyp115e12.6
18125,kcnk4a,kcnk4a
18126,pimr56,pimr56
18127,pimr57,pimr57
18128,tgfb5,tgfb5
18129,trmt112,trmt112
18130,si:dkeyp-115e12.7,sidkeyp115e12.7
18131,ATG2A,ATG2A
18132,zgc:153681,zgc153681
18133,rps6kal,rps6kal
18134,si:ch211-274f20.2,sich211274f20.2
18135,sybl1,sybl1
18136,CU468164.1,CU468164.1
18137,polr1d,polr1d
18138,sh2d1ab,sh2d1ab
18139,arhgef9b,arhgef9b
18140,CR293501.2,CR293501.2
18141,asb12b,asb12b
18142,msnb,msnb
18143,tent5d,tent5d
18144,tbx22,tbx22
18145,sh3bgrl,sh3bgrl
18146,hmgn6,hmgn6
18147,si:dkeyp-86f7.4,sidkeyp86f7.4
18148,rell2,rell2
18149,st3gal5,st3gal5
18150,BX957231.1,BX957231.1
18151,atoh8,atoh8
18152,tmem129,tmem129
18153,CR792437.1,CR792437.1
18154,si:zfos-2326c3.2,sizfos2326c3.2
18155,il1rapl2,il1rapl2
18156,fam199x,fam199x
18157,CR925744.1,CR925744.1
18158,commd5,commd5
18159,cysltr1,cysltr1
18160,lpar4,lpar4
18161,p2ry10,p2ry10
18162,gpr174,gpr174
18163,si:dkey-92i17.2,sidkey92i17.2
18164,nup62l,nup62l
18165,atrx,atrx
18166,CR855117.1,CR855117.1
18167,fgf16,fgf16
18168,CR855117.2,CR855117.2
18169,zdhhc15b,zdhhc15b
18170,abcb7,abcb7
18171,nexmifb,nexmifb
18172,rlim,rlim
18173,CR383680.2,CR383680.2
18174,CR383680.3,CR383680.3
18175,CR383680.1,CR383680.1
18176,CR381540.1,CR381540.1
18177,CR381540.2,CR381540.2
18178,CR381540.3,CR381540.3
18179,glod5,glod5
18180,irg1l,irg1l
18181,si:ch211-153b23.3,sich211153b23.3
18182,si:ch211-153b23.4,sich211153b23.4
18183,si:ch211-153b23.5,sich211153b23.5
18184,zgc:174917,zgc174917
18185,si:ch211-153b23.7,sich211153b23.7
18186,CU367852.4,CU367852.4
18187,CU367852.6,CU367852.6
18188,CU367852.14,CU367852.14
18189,CU367852.5,CU367852.5
18190,CU367852.12,CU367852.12
18191,CU367852.8,CU367852.8
18192,CU367852.11,CU367852.11
18193,CU367852.9,CU367852.9
18194,CU367852.1,CU367852.1
18195,CU367852.10,CU367852.10
18196,CU367852.13,CU367852.13
18197,CU367852.7,CU367852.7
18198,CU367852.3,CU367852.3
18199,CU367852.2,CU367852.2
18200,frmpd3,frmpd3
18201,znf711,znf711
18202,zgc:66447,zgc66447
18203,tmsb1,tmsb1
18204,prps1b,prps1b
18205,kctd12b,kctd12b
18206,hspa9,hspa9
18207,rhogd,rhogd
18208,hdac3,hdac3
18209,myot,myot
18210,si:ch211-125c23.3,sich211125c23.3
18211,cx31.7,cx31.7
18212,magt1,magt1
18213,thoc2,thoc2
18214,gria3b,gria3b
18215,si:dkey-35h6.1,sidkey35h6.1
18216,si:dkey-48g21.7,sidkey48g21.7
18217,pls3,pls3
18218,cnga2a,cnga2a
18219,rraga,rraga
18220,CR812896.2,CR812896.2
18221,nlgn3a,nlgn3a
18222,CR812896.1,CR812896.1
18223,si:dkey-27i16.2,sidkey27i16.2
18224,pcdh20,pcdh20
18225,plp1a,plp1a
18226,rab9b,rab9b
18227,fut11,fut11
18228,znf185,znf185
18229,nsdhl,nsdhl
18230,cetn2,cetn2
18231,gcna,gcna
18232,ogt.1,ogt.1
18233,ogt.1-1,ogt.1-1
18234,fhdc2,fhdc2
18235,si:dkey-102m7.3,sidkey102m7.3
18236,BX323828.1,BX323828.1
18237,slbp,slbp
18238,ccdc142,ccdc142
18239,BX119314.1,BX119314.1
18240,BX119314.2,BX119314.2
18241,nkx1.2lb,nkx1.2lb
18242,uvssa,uvssa
18243,spink2.1,spink2.1
18244,spink2.2,spink2.2
18245,si:dkey-203a12.2,sidkey203a12.2
18246,BX572078.1,BX572078.1
18247,spink2.3,spink2.3
18248,si:dkey-77g12.4,sidkey77g12.4
18249,si:dkey-203a12.5,sidkey203a12.5
18250,si:dkey-203a12.4,sidkey203a12.4
18251,CR382326.1,CR382326.1
18252,spink2.4,spink2.4
18253,si:dkey-203a12.7,sidkey203a12.7
18254,spink2.5,spink2.5
18255,si:dkey-203a12.9,sidkey203a12.9
18256,neurl1b,neurl1b
18257,CR381700.1,CR381700.1
18258,dusp1,dusp1
18259,ergic1,ergic1
18260,flt4,flt4
18261,trim105,trim105
18262,npy7r,npy7r
18263,prelid1a,prelid1a
18264,mxd3,mxd3
18265,rnf103,rnf103
18266,immt,immt
18267,ptcd3,ptcd3
18268,polr1a,polr1a
18269,CU694378.1,CU694378.1
18270,prpf19,prpf19
18271,pcdh12,pcdh12
18272,itln3,itln3
18273,ltc4s,ltc4s
18274,maml1,maml1
18275,canx,canx
18276,mgat4b,mgat4b
18277,mrnip,mrnip
18278,sqstm1,sqstm1
18279,tcirg1b,tcirg1b
18280,limch1b,limch1b
18281,dicp2.1,dicp2.1
18282,dicp2.2,dicp2.2
18283,phox2bb,phox2bb
18284,CR812832.1,CR812832.1
18285,smtnl1,smtnl1
18286,slc43a3b,slc43a3b
18287,rtn4rl2b,rtn4rl2b
18288,jakmip1,jakmip1
18289,wfs1b,wfs1b
18290,spon2b,spon2b
18291,si:ch211-255i20.3,sich211255i20.3
18292,rnf212,rnf212
18293,CU302200.1,CU302200.1
18294,fgfrl1a,fgfrl1a
18295,rnf4,rnf4
18296,selenot2,selenot2
18297,rab33a,rab33a
18298,si:ch211-159i8.4,sich211159i8.4
18299,BX649596.1,BX649596.1
18300,slitrk4,slitrk4
18301,si:ch211-111e20.1,sich211111e20.1
18302,CT573252.1,CT573252.1
18303,CR376825.1,CR376825.1
18304,slitrk2,slitrk2
18305,AL772373.1,AL772373.1
18306,CR318673.1,CR318673.1
18307,fmr1,fmr1
18308,aff2,aff2
18309,ids,ids
18310,lygl1,lygl1
18311,zgc:162941,zgc162941
18312,lygl2,lygl2
18313,zgc:66433,zgc66433
18314,pimr195,pimr195
18315,pimr194,pimr194
18316,CT956093.1,CT956093.1
18317,pimr193,pimr193
18318,pimr192,pimr192
18319,si:dkey-74k8.3,sidkey74k8.3
18320,rnf20,rnf20
18321,aldob,aldob
18322,si:dkey-74k8.4,sidkey74k8.4
18323,maea,maea
18324,CTBP1,CTBP1
18325,ppp2r2cb,ppp2r2cb
18326,si:ch211-175m2.4,sich211175m2.4
18327,si:ch211-175m2.5,sich211175m2.5
18328,smim19,smim19
18329,egr1,egr1
18330,reep2,reep2
18331,kdm3b,kdm3b
18332,ndufs8b,ndufs8b
18333,CT955967.1,CT955967.1
18334,ran,ran
18335,stx3a,stx3a
18336,kdm2ab,kdm2ab
18337,ankrd13d,ankrd13d
18338,ctbp1,ctbp1
18339,spon2a,spon2a
18340,tbc1d10c,tbc1d10c
18341,rad9a,rad9a
18342,zgc:113229,zgc113229
18343,p2rx3a,p2rx3a
18344,ssrp1a,ssrp1a
18345,clcf1,clcf1
18346,slc43a1a,slc43a1a
18347,med19a,med19a
18348,si:dkey-6i22.5,sidkey6i22.5
18349,tmx2a,tmx2a
18350,ccng1,ccng1
18351,nudcd2,nudcd2
18352,gabra6a,gabra6a
18353,gabrb2a,gabrb2a
18354,atp10b,atp10b
18355,fbxl3l,fbxl3l
18356,atp7a,atp7a
18357,sowahab,sowahab
18358,CT573285.1,CT573285.1
18359,gdf9,gdf9
18360,nudt22,nudt22
18361,si:ch211-107m4.1,sich211107m4.1
18362,smyd5,smyd5
18363,gfra4b,gfra4b
18364,BX005043.2,BX005043.2
18365,BX005043.1,BX005043.1
18366,enox2,enox2
18367,ABCC5,ABCC5
18368,med12,med12
18369,mars2,mars2
18370,hspa4b,hspa4b
18371,gnpda1,gnpda1
18372,ndfip1,ndfip1
18373,fgf1a,fgf1a
18374,nr3c1,nr3c1
18375,kctd16a,kctd16a
18376,sh3rf2,sh3rf2
18377,kif3a,kif3a
18378,il4,il4
18379,si:ch211-277c7.6,sich211277c7.6
18380,drd1a,drd1a
18381,AL935195.1,AL935195.1
18382,msx2a,msx2a
18383,si:ch211-277c7.7,sich211277c7.7
18384,cpeb4a,cpeb4a
18385,stc2a,stc2a
18386,nkx2.5,nkx2.5
18387,bnip1a,bnip1a
18388,chrm1a,chrm1a
18389,dpf2l,dpf2l
18390,hnrnpa0a,hnrnpa0a
18391,BX005228.2,BX005228.2
18392,klhl3,klhl3
18393,fam13b,fam13b
18394,BX005228.1,BX005228.1
18395,si:ch211-163m17.4,sich211163m17.4
18396,cxcl14,cxcl14
18397,slit3,slit3
18398,dre-mir-218a-1,dre-mir-218a-1
18399,arhgef37,arhgef37
18400,ppargc1b,ppargc1b
18401,AL645792.3,AL645792.3
18402,pde6a,pde6a
18403,TMEM216,TMEM216
18404,AL645792.1,AL645792.1
18405,AL645792.2,AL645792.2
18406,matr3l1.1,matr3l1.1
18407,matr3l1.1-1,matr3l1.1-1
18408,si:rp71-1d10.8,sirp711d10.8
18409,htr4,htr4
18410,dre-mir-458,dre-mir-458
18411,slc26a2,slc26a2
18412,si:dkey-280e21.3,sidkey280e21.3
18413,thoc3,thoc3
18414,cplx2,cplx2
18415,slc25a48,slc25a48
18416,glra1,glra1
18417,g3bp1,g3bp1
18418,sparc,sparc
18419,atox1,atox1
18420,slc36a1,slc36a1
18421,mtnr1al,mtnr1al
18422,fat2,fat2
18423,CR376800.1,CR376800.1
18424,gm2a,gm2a
18425,GM2A,GM2A
18426,FO082779.1,FO082779.1
18427,FO082779.2,FO082779.2
18428,emx3,emx3
18429,b4galt7,b4galt7
18430,pimr212,pimr212
18431,tmed9,tmed9
18432,lman2,lman2
18433,pld7,pld7
18434,gpr137,gpr137
18435,syvn1,syvn1
18436,smad5,smad5
18437,tgfbi,tgfbi
18438,stard15,stard15
18439,arap3,arap3
18440,neurog1,neurog1
18441,BX571940.1,BX571940.1
18442,polr2gl,polr2gl
18443,eef1g,eef1g
18444,ahnak,ahnak
18445,klhl4,klhl4
18446,pcdh11,pcdh11
18447,pcdh11-1,pcdh11-1
18448,CT990607.1,CT990607.1
18449,CU062454.1,CU062454.1
18450,CR854833.1,CR854833.1
18451,tsc22d3,tsc22d3
18452,TSC22D3,TSC22D3
18453,zgc:64189,zgc64189
18454,CU019650.1,CU019650.1
18455,mid2,mid2
18456,nek12,nek12
18457,pin4,pin4
18458,acsl4a,acsl4a
18459,nxt2,nxt2
18460,psmd10,psmd10
18461,xiap,xiap
18462,stag2b,stag2b
18463,zgc:113364,zgc113364
18464,hmmr,hmmr
18465,insb,insb
18466,BX088535.1,BX088535.1
18467,TENM2,TENM2
18468,CABZ01048945.1,CABZ01048945.1
18469,TSTD1,TSTD1
18470,C14H4orf47,C14H4orf47
18471,pdlim3b,pdlim3b
18472,sorbs2b,sorbs2b
18473,fam149a,fam149a
18474,cyp4v7,cyp4v7
18475,mtnr1ab,mtnr1ab
18476,fat1b,fat1b
18477,asah1a,asah1a
18478,fgl1,fgl1
18479,mtus1a,mtus1a
18480,pdgfrl,pdgfrl
18481,slc7a2,slc7a2
18482,mtmr7a,mtmr7a
18483,cnot7,cnot7
18484,zdhhc2,zdhhc2
18485,micu3b,micu3b
18486,fgf20b,fgf20b
18487,FP015860.1,FP015860.1
18488,her11,her11
18489,her5,her5
18490,pfdn6,pfdn6
18491,mrpl11,mrpl11
18492,tmem265,tmem265
18493,CU972516.1,CU972516.1
18494,npas4a,npas4a
18495,efemp2a,efemp2a
18496,fibpa,fibpa
18497,ccdc85b,ccdc85b
18498,fosl1a,fosl1a
18499,CR626869.1,CR626869.1
18500,yif1a,yif1a
18501,si:ch211-145o7.3,sich211145o7.3
18502,atl3,atl3
18503,cfl1,cfl1
18504,prss23,prss23
18505,ubl3b,ubl3b
18506,slc7a3b,slc7a3b
18507,si:ch211-126c2.4,sich211126c2.4
18508,foxo4,foxo4
18509,si:zfos-80g12.1,sizfos80g12.1
18510,C14HXorf65,C14HXorf65
18511,il2rgb,il2rgb
18512,zgc:92907,zgc92907
18513,rap2c,rap2c
18514,mbnl3,mbnl3
18515,hs6st2,hs6st2
18516,gpc4,gpc4
18517,gpc3,gpc3
18518,BX248522.1,BX248522.1
18519,ENSDARG00000081303,ENSDARG00000081303
18520,dre-mir-19c,dre-mir-19c
18521,dre-mir-20b,dre-mir-20b
18522,dre-mir-18c,dre-mir-18c
18523,ccdc160,ccdc160
18524,cab39l1,cab39l1
18525,phf6,phf6
18526,hprt1,hprt1
18527,dre-mir-457b,dre-mir-457b
18528,fam122b,fam122b
18529,BX511227.3,BX511227.3
18530,BX511227.2,BX511227.2
18531,mospd1,mospd1
18532,ints6l,ints6l
18533,mmgt1,mmgt1
18534,slc9a6a,slc9a6a
18535,BX511227.4,BX511227.4
18536,fhl1a,fhl1a
18537,map7d3,map7d3
18538,adgrg4a,adgrg4a
18539,si:dkeyp-11e3.1,sidkeyp11e3.1
18540,tmtops3a,tmtops3a
18541,cd40lg,cd40lg
18542,arhgef6,arhgef6
18543,rbmx,rbmx
18544,AL929434.1,AL929434.1
18545,AL929434.3,AL929434.3
18546,AL929434.2,AL929434.2
18547,tm9sf5,tm9sf5
18548,gpr101,gpr101
18549,BX005454.1,BX005454.1
18550,zic3,zic3
18551,zic6,zic6
18552,si:ch211-69b22.5,sich21169b22.5
18553,BX511142.1,BX511142.1
18554,fgf13a,fgf13a
18555,f9a,f9a
18556,mcf2a,mcf2a
18557,atp11c,atp11c
18558,BX088596.1,BX088596.1
18559,sox3,sox3
18560,BX088596.2,BX088596.2
18561,AL590151.1,AL590151.1
18562,crhr2-1,crhr2-1
18563,inppl1b,inppl1b
18564,arr3b,arr3b
18565,nkrf,nkrf
18566,ube2a,ube2a
18567,si:rp71-46j2.7,sirp7146j2.7
18568,slc25a5,slc25a5
18569,slc25a43,slc25a43
18570,AL590151.2,AL590151.2
18571,BX247946.1,BX247946.1
18572,lnx2b,lnx2b
18573,chic1,chic1
18574,cdx4,cdx4
18575,kdrl,kdrl
18576,CR812836.1,CR812836.1
18577,tex11,tex11
18578,dlg3,dlg3
18579,si:dkey-31j3.11,sidkey31j3.11
18580,gdpd2,gdpd2
18581,pdzd11,pdzd11
18582,stard14,stard14
18583,rab41,rab41
18584,sept6,sept6
18585,sowahd,sowahd
18586,rpl39,rpl39
18587,BX571981.1,BX571981.1
18588,upf3b,upf3b
18589,pimr117,pimr117
18590,pimr120,pimr120
18591,pimr119,pimr119
18592,pimr111,pimr111
18593,pimr118,pimr118
18594,ndufa1,ndufa1
18595,nkap,nkap
18596,zbtb33,zbtb33
18597,tmem255a,tmem255a
18598,atp1b4,atp1b4
18599,lamp2,lamp2
18600,BX004980.1,BX004980.1
18601,cul4b,cul4b
18602,mcts1,mcts1
18603,c1galt1c1,c1galt1c1
18604,zdhhc9,zdhhc9
18605,sash3,sash3
18606,xpnpep2,xpnpep2
18607,AL929104.1,AL929104.1
18608,apln,apln
18609,vimr2,vimr2
18610,ocrl,ocrl
18611,si:ch73-335m24.2,sich73335m24.2
18612,FP016208.2,FP016208.2
18613,clic2,clic2
18614,urp1,urp1
18615,slc24a6a,slc24a6a
18616,FP016208.1,FP016208.1
18617,zdhhc24,zdhhc24
18618,si:ch73-22o18.1,sich7322o18.1
18619,foxa,foxa
18620,cyfip2,cyfip2
18621,itk,itk
18622,med7,med7
18623,lonrf1,lonrf1
18624,gria1a,gria1a
18625,BX537115.1,BX537115.1
18626,tmsb2,tmsb2
18627,wnt8a,wnt8a
18628,BX927327.1,BX927327.1
18629,wnt8a-1,wnt8a-1
18630,lcp2b,lcp2b
18631,si:ch211-232m8.3,sich211232m8.3
18632,zgc:194246,zgc194246
18633,foxi3b,foxi3b
18634,BX248097.3,BX248097.3
18635,gabrp,gabrp
18636,pttg1,pttg1
18637,afap1l1a,afap1l1a
18638,ablim3,ablim3
18639,sh3tc2,sh3tc2
18640,adrb2a,adrb2a
18641,il12ba,il12ba
18642,rnf145a,rnf145a
18643,ebf3a,ebf3a
18644,CR626866.1,CR626866.1
18645,clint1a,clint1a
18646,lsm11,lsm11
18647,zbtb3,zbtb3
18648,rnaseh2c,rnaseh2c
18649,trmt12,trmt12
18650,sytl4,sytl4
18651,srpx2,srpx2
18652,si:ch211-203d1.3,sich211203d1.3
18653,mrpl18,mrpl18
18654,pdgfc,pdgfc
18655,glrbb,glrbb
18656,gria2b,gria2b
18657,gask1b,gask1b
18658,tmem144b,tmem144b
18659,zgc:63568,zgc63568
18660,zgc:77938,zgc77938
18661,BX511223.1,BX511223.1
18662,pitx2,pitx2
18663,elovl6,elovl6
18664,egf,egf
18665,lrit3a,lrit3a
18666,gpm6aa,gpm6aa
18667,spata4,spata4
18668,asb5a,asb5a
18669,neil3,neil3
18670,aga,aga
18671,ENSDARG00000087599,ENSDARG00000087599
18672,tdo2a,tdo2a
18673,ctso,ctso
18674,rnf130,rnf130
18675,F2RL3,F2RL3
18676,lect2l,lect2l
18677,LECT2,LECT2
18678,si:ch211-132p1.4,sich211132p1.4
18679,BX005069.1,BX005069.1
18680,BX323578.1,BX323578.1
18681,FP102806.1,FP102806.1
18682,BX294444.1,BX294444.1
18683,pcdh1b,pcdh1b
18684,BX323881.1,BX323881.1
18685,CU104743.1,CU104743.1
18686,BX119926.1,BX119926.1
18687,BX323593.1,BX323593.1
18688,rnasel3,rnasel3
18689,fbxo38,fbxo38
18690,BX088707.3,BX088707.3
18691,dre-mir-143,dre-mir-143
18692,dre-mir-145,dre-mir-145
18693,csnk1a1,csnk1a1
18694,si:ch211-195b11.3,sich211195b11.3
18695,sil1,sil1
18696,spdl1,spdl1
18697,BX088707.1,BX088707.1
18698,hnrnpa0b,hnrnpa0b
18699,hnrnpa0l-1,hnrnpa0l-1
18700,gsr,gsr
18701,uqcrq,uqcrq
18702,timm8a,timm8a
18703,zgc:101583,zgc101583
18704,btk,btk
18705,gla,gla
18706,glra4a,glra4a
18707,LO018296.1,LO018296.1
18708,LO018296.2,LO018296.2
18709,diaph2,diaph2
18710,BX511013.1,BX511013.1
18711,BX663611.2,BX663611.2
18712,BX663611.3,BX663611.3
18713,BX663611.1,BX663611.1
18714,pcdh19,pcdh19
18715,CR318607.1,CR318607.1
18716,FP236502.1,FP236502.1
18717,CABZ01014721.1,CABZ01014721.1
18718,tnmd,tnmd
18719,elf1,elf1
18720,BX510995.1,BX510995.1
18721,taf7,taf7
18722,aipl2,aipl2
18723,drp2,drp2
18724,CR388141.1,CR388141.1
18725,cenpi,cenpi
18726,tmem35,tmem35
18727,arl13a,arl13a
18728,xkrx,xkrx
18729,nox1,nox1
18730,cstf2,cstf2
18731,bcorl1,bcorl1
18732,mid1ip1l,mid1ip1l
18733,tspan7,tspan7
18734,chrnb5b,chrnb5b
18735,chrnb3b,chrnb3b
18736,itga6l,itga6l
18737,BX247870.1,BX247870.1
18738,nitr13,nitr13
18739,BX247870.2,BX247870.2
18740,fgfrl1b,fgfrl1b
18741,slc7a11,slc7a11
18742,BX537109.2,BX537109.2
18743,pcdh18b,pcdh18b
18744,BX537109.1,BX537109.1
18745,BX890543.1,BX890543.1
18746,pcdh10b,pcdh10b
18747,LO018400.1,LO018400.1
18748,LO018227.1,LO018227.1
18749,CR376776.1,CR376776.1
18750,CR376776.2,CR376776.2
18751,adra1bb,adra1bb
18752,eif4ea,eif4ea
18753,adh5,adh5
18754,gar1,gar1
18755,CU467639.1,CU467639.1
18756,CR786577.1,CR786577.1
18757,CT998554.1,CT998554.1
18758,CABZ01078505.1,CABZ01078505.1
18759,lingo2a,lingo2a
18760,CT573279.1,CT573279.1
18761,si:dkey-109l4.3,sidkey109l4.3
18762,tomm5,tomm5
18763,grhpra,grhpra
18764,zgc:195212,zgc195212
18765,slc30a9,slc30a9
18766,grxcr1a,grxcr1a
18767,atp8a1,atp8a1
18768,ATP8A1,ATP8A1
18769,shisa3,shisa3
18770,BEND4,BEND4
18771,CABZ01048053.1,CABZ01048053.1
18772,sfxn5b,sfxn5b
18773,zgc:153018,zgc153018
18774,ttc9c,ttc9c
18775,si:ch211-168f7.5,sich211168f7.5
18776,map1lc3cl,map1lc3cl
18777,ehd1a,ehd1a
18778,dre-mir-194b,dre-mir-194b
18779,ubxn1,ubxn1
18780,si:ch211-114c17.1,sich211114c17.1
18781,ganab,ganab
18782,ints5,ints5
18783,rarres3,rarres3
18784,rarres3l,rarres3l
18785,scyl1,scyl1
18786,zgc:194285,zgc194285
18787,si:ch211-276i12.9,sich211276i12.9
18788,si:ch211-276i12.11,sich211276i12.11
18789,CR383676.1,CR383676.1
18790,CR383676.2,CR383676.2
18791,CR383676.3,CR383676.3
18792,si:ch211-276i12.4,sich211276i12.4
18793,rom1b,rom1b
18794,si:dkey-226n24.1,sidkey226n24.1
18795,ccdc88b,ccdc88b
18796,macrod1,macrod1
18797,flrt1b,flrt1b
18798,fermt3b,fermt3b
18799,slu7,slu7
18800,c1qtnf2,c1qtnf2
18801,nocta,nocta
18802,elf2a,elf2a
18803,ENSDARG00000071353,ENSDARG00000071353
18804,si:ch211-235e9.6,sich211235e9.6
18805,naa15a,naa15a
18806,mlsl,mlsl
18807,rab33ba,rab33ba
18808,zgc:113425,zgc113425
18809,setd7,setd7
18810,mgst2,mgst2
18811,si:ch211-113d11.5,sich211113d11.5
18812,cabp2b,cabp2b
18813,si:ch211-113d11.6,sich211113d11.6
18814,si:ch211-113d11.8,sich211113d11.8
18815,crybb1l1,crybb1l1
18816,cryba1l1,cryba1l1
18817,tmem33,tmem33
18818,ccna2,ccna2
18819,bbs7,bbs7
18820,anxa5a,anxa5a
18821,fgfbp1b-1,fgfbp1b-1
18822,fgfbp2a,fgfbp2a
18823,prom1a,prom1a
18824,BX004823.1,BX004823.1
18825,tapt1a,tapt1a
18826,ldb2a,ldb2a
18827,CU855906.1,CU855906.1
18828,qdpra,qdpra
18829,fstl5,fstl5
18830,BX548246.1,BX548246.1
18831,BX004836.1,BX004836.1
18832,rapgef2,rapgef2
18833,ppid,ppid
18834,etfdh,etfdh
18835,rxfp1,rxfp1
18836,CABZ01080056.1,CABZ01080056.1
18837,CABZ01080059.1,CABZ01080059.1
18838,CABZ01084774.1,CABZ01084774.1
18839,CABZ01084774.2,CABZ01084774.2
18840,CR376827.1,CR376827.1
18841,si:ch211-154c21.1,sich211154c21.1
18842,AL935334.1,AL935334.1
18843,AL935334.2,AL935334.2
18844,cnot6b,cnot6b
18845,si:ch211-199b20.3,sich211199b20.3
18846,mmp17b,mmp17b
18847,zgc:154054,zgc154054
18848,scocb,scocb
18849,si:dkeyp-121d2.7,sidkeyp121d2.7
18850,mif,mif
18851,clp1,clp1
18852,CR855307.1,CR855307.1
18853,zdhhc5b,zdhhc5b
18854,sept8b,sept8b
18855,sfxn1,sfxn1
18856,CR855307.2,CR855307.2
18857,ppp2ca,ppp2ca
18858,si:ch1073-44g3.1,sich107344g3.1
18859,CU633762.1,CU633762.1
18860,nsd1a,nsd1a
18861,rmnd5b,rmnd5b
18862,anxa6,anxa6
18863,n4bp3,n4bp3
18864,tnip1,tnip1
18865,gpx3,gpx3
18866,dctn4,dctn4
18867,CABZ01063971.1,CABZ01063971.1
18868,LO018188.1,LO018188.1
18869,tspan17,tspan17
18870,CABZ01072361.1,CABZ01072361.1
18871,nfkb1,nfkb1
18872,ube2d2l,ube2d2l
18873,CABZ01074913.1,CABZ01074913.1
18874,fam193b,fam193b
18875,abhd18,abhd18
18876,LO018202.1,LO018202.1
18877,CR854988.1,CR854988.1
18878,sncb,sncb
18879,si:ch211-59p23.1,sich21159p23.1
18880,CU302253.1,CU302253.1
18881,rnf44,rnf44
18882,faf2,faf2
18883,higd2a,higd2a
18884,cltb,cltb
18885,pdlim7,pdlim7
18886,CABZ01078594.1,CABZ01078594.1
18887,unc5a,unc5a
18888,CABZ01070359.1,CABZ01070359.1
18889,CABZ01066915.1,CABZ01066915.1
18890,cplx2-1,cplx2-1
18891,CABZ01075745.1,CABZ01075745.1
18892,cpxm1b,cpxm1b
18893,cox18,cox18
18894,igfbp7,igfbp7
18895,polr2b,polr2b
18896,noa1,noa1
18897,rest,rest
18898,b4galt1l,b4galt1l
18899,exosc3,exosc3
18900,tcerg1a,tcerg1a
18901,GPR151,GPR151
18902,ppp2r2ca-1,ppp2r2ca-1
18903,rpl26,rpl26
18904,atp6v0e1,atp6v0e1
18905,CU469526.1,CU469526.1
18906,ppp4r3b,ppp4r3b
18907,gtf2a1l,gtf2a1l
18908,gtf2a1l-1,gtf2a1l-1
18909,ppp1r21,ppp1r21
18910,pole2,pole2
18911,dnaaf2,dnaaf2
18912,FO904997.1,FO904997.1
18913,ewsr1b-1,ewsr1b-1
18914,rtn4b,rtn4b
18915,zgc:64201,zgc64201
18916,cfap36,cfap36
18917,foxg1d,foxg1d
18918,slc30a6,slc30a6
18919,mpc1,mpc1
18920,chs1,chs1
18921,irf1a,irf1a
18922,ddx21,ddx21
18923,CU633838.1,CU633838.1
18924,zgc:171534,zgc171534
18925,si:ch1073-291c23.2,sich1073291c23.2
18926,VIT,VIT
18927,FO904836.1,FO904836.1
18928,CU570800.4,CU570800.4
18929,CU570800.3,CU570800.3
18930,CU570800.2,CU570800.2
18931,lgi1a,lgi1a
18932,EFEMP1,EFEMP1
18933,CABZ01061569.1,CABZ01061569.1
18934,heatr5b,heatr5b
18935,fbxo28,fbxo28
18936,degs1,degs1
18937,nvl,nvl
18938,wu:fc17b08,wufc17b08
18939,slit1a,slit1a
18940,tp53bp2a,tp53bp2a
18941,CU462915.1,CU462915.1
18942,cutc,cutc
18943,abcc2,abcc2
18944,cox15,cox15
18945,nrxn1b,nrxn1b
18946,polh,polh
18947,rn7sk,rn7sk
18948,gsta.2,gsta.2
18949,AL929536.3,AL929536.3
18950,gsta.1,gsta.1
18951,zgc:163080,zgc163080
18952,AL929536.6,AL929536.6
18953,AL929536.5,AL929536.5
18954,pcsk2,pcsk2
18955,BFSP1,BFSP1
18956,prokr1b,prokr1b
18957,plek,plek
18958,cnrip1b,cnrip1b
18959,ppp3r1a,ppp3r1a
18960,pno1,pno1
18961,wdr92,wdr92
18962,BX323887.1,BX323887.1
18963,psmb1,psmb1
18964,perp,perp
18965,tnfaip3,tnfaip3
18966,olig3,olig3
18967,si:ch73-52p7.1,sich7352p7.1
18968,ifngr1l,ifngr1l
18969,rab23,rab23
18970,bag2,bag2
18971,znf451,znf451
18972,si:ch211-165e15.1,sich211165e15.1
18973,CABZ01044277.1,CABZ01044277.1
18974,CABZ01044281.1,CABZ01044281.1
18975,DST,DST
18976,zmp:0000000760,zmp0000000760
18977,CABZ01044297.1,CABZ01044297.1
18978,col21a1,col21a1
18979,bmp5,bmp5
18980,hmgcll1,hmgcll1
18981,gfral,gfral
18982,CT009597.1,CT009597.1
18983,hcrtr2,hcrtr2
18984,fam83b,fam83b
18985,mlip,mlip
18986,lrrc1,lrrc1
18987,eloal,eloal
18988,klhl31,klhl31
18989,CR376766.3,CR376766.3
18990,CR376766.2,CR376766.2
18991,gclc,gclc
18992,CR376766.1,CR376766.1
18993,elovl5,elovl5
18994,fbxo9,fbxo9
18995,arfgef3,arfgef3
18996,cox20,cox20
18997,lhb,lhb
18998,plpp4,plpp4
18999,wdr11,wdr11
19000,si:ch211-233m11.1,sich211233m11.1
19001,BX571701.4,BX571701.4
19002,BX571701.2,BX571701.2
19003,BX571701.1,BX571701.1
19004,BX571701.3,BX571701.3
19005,XPO5,XPO5
19006,CABZ01087629.1,CABZ01087629.1
19007,wu:fj16a03,wufj16a03
19008,EML4,EML4
19009,LO018354.1,LO018354.1
19010,pkdcca,pkdcca
19011,AL935294.1,AL935294.1
19012,prph2b,prph2b
19013,AL935294.2,AL935294.2
19014,ubr2,ubr2
19015,si:ch73-193i2.2,sich73193i2.2
19016,prkn,prkn
19017,qkib,qkib
19018,si:ch211-128m15.3,sich211128m15.3
19019,timm23b,timm23b
19020,CU019624.1,CU019624.1
19021,ncoa4,ncoa4
19022,yipf3,yipf3
19023,lrrc73,lrrc73
19024,tjap1,tjap1
19025,dlk2,dlk2
19026,dnph1,dnph1
19027,mea1,mea1
19028,ppp2r5d,ppp2r5d
19029,znf318,znf318
19030,CU571336.1,CU571336.1
19031,si:dkeyp-121d4.3,sidkeyp121d4.3
19032,sft2d1,sft2d1
19033,prr18,prr18
19034,si:ch211-130h14.4,sich211130h14.4
19035,tbxtb,tbxtb
19036,CR854838.1,CR854838.1
19037,pde10a,pde10a
19038,c1d,c1d
19039,pla2g12b,pla2g12b
19040,oit3,oit3
19041,CU856520.1,CU856520.1
19042,mcu,mcu
19043,micu1,micu1
19044,nolc1,nolc1
19045,mrps6,mrps6
19046,psap,psap
19047,abcg2c,abcg2c
19048,slc29a3,slc29a3
19049,si:dkey-78p8.1,sidkey78p8.1
19050,CR788226.1,CR788226.1
19051,meis1b,meis1b
19052,si:dkey-196j8.2,sidkey196j8.2
19053,CR926469.1,CR926469.1
19054,spred2b,spred2b
19055,actr2b,actr2b
19056,phf10,phf10
19057,CABZ01033394.1,CABZ01033394.1
19058,dld,dld
19059,fam120b,fam120b
19060,FP089536.1,FP089536.1
19061,CU984583.1,CU984583.1
19062,ppm1g,ppm1g
19063,si:zfos-1056e6.1,sizfos1056e6.1
19064,apmap,apmap
19065,tuba4l,tuba4l
19066,agpat5,agpat5
19067,mcph1,mcph1
19068,angpt2a,angpt2a
19069,csmd1a,csmd1a
19070,CU929430.1,CU929430.1
19071,CABZ01061524.1,CABZ01061524.1
19072,rnaset2,rnaset2
19073,rps6ka2,rps6ka2
19074,gins1,gins1
19075,ninl,ninl
19076,aifm2,aifm2
19077,CABZ01072077.1,CABZ01072077.1
19078,CU179758.1,CU179758.1
19079,CT027980.1,CT027980.1
19080,si:dkey-45k15.1,sidkey45k15.1
19081,CT027980.2,CT027980.2
19082,exoc3l4,exoc3l4
19083,tnfaip2b,tnfaip2b
19084,si:dkey-196h17.9,sidkey196h17.9
19085,cngk,cngk
19086,pitx3,pitx3
19087,gbf1,gbf1
19088,macroh2a2,macroh2a2
19089,CABZ01065684.1,CABZ01065684.1
19090,CABZ01065679.1,CABZ01065679.1
19091,si:ch211-250c4.4,sich211250c4.4
19092,hells,hells
19093,si:ch211-250c4.5,sich211250c4.5
19094,atl2,atl2
19095,galm,galm
19096,dhx57,dhx57
19097,epas1b,epas1b
19098,prkceb,prkceb
19099,CT030029.1,CT030029.1
19100,socs5b,socs5b
19101,BX004962.1,BX004962.1
19102,BX004962.2,BX004962.2
19103,prop1,prop1
19104,mcfd2,mcfd2
19105,ttc7a,ttc7a
19106,si:ch211-93n23.7,sich21193n23.7
19107,calm2a,calm2a
19108,si:ch73-105b23.6,sich73105b23.6
19109,si:ch73-105b23.1,sich73105b23.1
19110,epcam,epcam
19111,plekhh2,plekhh2
19112,thada,thada
19113,haao,haao
19114,hcar1-3,hcar1-3
19115,pimr154,pimr154
19116,si:dkey-112g5.12,sidkey112g5.12
19117,CT025775.1,CT025775.1
19118,si:dkey-112g5.3,sidkey112g5.3
19119,si:dkey-112g5.11,sidkey112g5.11
19120,pimr152,pimr152
19121,pimr151,pimr151
19122,HTRA2,HTRA2
19123,pimr155,pimr155
19124,si:dkey-19p15.4,sidkey19p15.4
19125,pimr153,pimr153
19126,si:dkey-112g5.15,sidkey112g5.15
19127,HTRA2-1,HTRA2-1
19128,pimr152-1,pimr152-1
19129,pimr152-2,pimr152-2
19130,HTRA2-2,HTRA2-2
19131,pimr156,pimr156
19132,si:dkey-33c12.11,sidkey33c12.11
19133,pimr158,pimr158
19134,HTRA2-3,HTRA2-3
19135,pimr159,pimr159
19136,HTRA2-4,HTRA2-4
19137,pimr157,pimr157
19138,HTRA2-5,HTRA2-5
19139,pimr152-3,pimr152-3
19140,HTRA2-6,HTRA2-6
19141,mrps26,mrps26
19142,si:dkey-33c12.3,sidkey33c12.3
19143,BX901922.1,BX901922.1
19144,si:dkey-33c12.4,sidkey33c12.4
19145,alms1,alms1
19146,si:ch211-243o19.4,sich211243o19.4
19147,zgc:123321,zgc123321
19148,grxcr1b,grxcr1b
19149,pimr152-4,pimr152-4
19150,BX511084.1,BX511084.1
19151,pimr152-5,pimr152-5
19152,HTRA2-7,HTRA2-7
19153,pimr152-6,pimr152-6
19154,HTRA2-8,HTRA2-8
19155,pimr152-7,pimr152-7
19156,HTRA2-9,HTRA2-9
19157,CR848040.3,CR848040.3
19158,pimr152-8,pimr152-8
19159,pomk,pomk
19160,wdr32,wdr32
19161,cpxm1a,cpxm1a
19162,slf2,slf2
19163,sema4ga,sema4ga
19164,dennd10,dennd10
19165,sfxn4,sfxn4
19166,prdx3,prdx3
19167,tm9sf3,tm9sf3
19168,BX248127.1,BX248127.1
19169,si:ch211-117n7.7,sich211117n7.7
19170,si:ch211-117n7.6,sich211117n7.6
19171,SRBD1,SRBD1
19172,srbd1,srbd1
19173,BX248322.1,BX248322.1
19174,BX537274.3,BX537274.3
19175,BX537274.1,BX537274.1
19176,six2a,six2a
19177,six3a,six3a
19178,BX537274.2,BX537274.2
19179,AL929457.1,AL929457.1
19180,camkmt,camkmt
19181,AL929457.2,AL929457.2
19182,si:ch73-54n14.2,sich7354n14.2
19183,prepl,prepl
19184,slc3a1,slc3a1
19185,ppm1ba,ppm1ba
19186,lrpprc,lrpprc
19187,CR788247.1,CR788247.1
19188,AL928999.1,AL928999.1
19189,abcg8,abcg8
19190,abcg5,abcg5
19191,dync2li1,dync2li1
19192,cep170aa,cep170aa
19193,sdccag8,sdccag8
19194,akt3a,akt3a
19195,zbtb18,zbtb18
19196,CR589882.1,CR589882.1
19197,adss2,adss2
19198,desi2,desi2
19199,CR556710.1,CR556710.1
19200,si:ch211-132e22.4,sich211132e22.4
19201,dctn1b,dctn1b
19202,CR559945.2,CR559945.2
19203,si:ch211-195e19.1,sich211195e19.1
19204,slc39a8,slc39a8
19205,CR559945.1,CR559945.1
19206,manba,manba
19207,ube2d3,ube2d3
19208,zmp:0000000662,zmp0000000662
19209,dre-mir-146a,dre-mir-146a
19210,sufu,sufu
19211,trim8a,trim8a
19212,arl3a,arl3a
19213,CR792443.2,CR792443.2
19214,npm3,npm3
19215,oga,oga
19216,pprc1,pprc1
19217,gng2,gng2
19218,CR792443.1,CR792443.1
19219,gabra2a,gabra2a
19220,gabrg1,gabrg1
19221,CR854945.1,CR854945.1
19222,gabrb1,gabrb1
19223,CU469104.1,CU469104.1
19224,commd8,commd8
19225,atp10d,atp10d
19226,dapp1,dapp1
19227,lamtor3,lamtor3
19228,si:dkey-20i10.7,sidkey20i10.7
19229,CT025771.1,CT025771.1
19230,rrh,rrh
19231,enpep,enpep
19232,lrit3b,lrit3b
19233,metap1,metap1
19234,adh8b,adh8b
19235,adh8a,adh8a
19236,fam241a,fam241a
19237,eif4eb,eif4eb
19238,lingo2b,lingo2b
19239,C13H9orf72,C13H9orf72
19240,si:ch211-233a24.2,sich211233a24.2
19241,nsd2,nsd2
19242,letm1,letm1
19243,CR556722.1,CR556722.1
19244,fgfr3,fgfr3
19245,foxi2,foxi2
19246,CR788322.2,CR788322.2
19247,CR788322.1,CR788322.1
19248,pimr47,pimr47
19249,CR788322.5,CR788322.5
19250,pimr48,pimr48
19251,CR788322.4,CR788322.4
19252,cfd,cfd
19253,si:ch211-194c3.5,sich211194c3.5
19254,ky,ky
19255,slc4a11,slc4a11
19256,CT025874.1,CT025874.1
19257,CT025874.2,CT025874.2
19258,rpia,rpia
19259,eif2ak3,eif2ak3
19260,atrn,atrn
19261,CR589874.1,CR589874.1
19262,gfra4a,gfra4a
19263,AL928929.1,AL928929.1
19264,ap5s1,ap5s1
19265,cdc25b,cdc25b
19266,noto,noto
19267,emx1,emx1
19268,sfxn5a,sfxn5a
19269,rab11fip5a,rab11fip5a
19270,mavs,mavs
19271,pank2,pank2
19272,dre-mir-103,dre-mir-103
19273,loxl3b,loxl3b
19274,BX511166.1,BX511166.1
19275,mark3a,mark3a
19276,ckba,ckba
19277,CR931980.1,CR931980.1
19278,trmt61a,trmt61a
19279,bag5,bag5
19280,coa8,coa8
19281,klc1a,klc1a
19282,si:ch211-57f7.7,sich21157f7.7
19283,ttl,ttl
19284,fignl1,fignl1
19285,ikzf1,ikzf1
19286,SPATA48,SPATA48
19287,vwc2,vwc2
19288,zgc:110045,zgc110045
19289,zgc:110045-1,zgc1100451
19290,mocos,mocos
19291,anxa11a,anxa11a
19292,BX323467.1,BX323467.1
19293,dlg5a,dlg5a
19294,kcnma1a,kcnma1a
19295,lrmda,lrmda
19296,CT025897.1,CT025897.1
19297,znf503,znf503
19298,comtd1,comtd1
19299,ifit8,ifit8
19300,si:dkey-27m7.4,sidkey27m7.4
19301,vdac2,vdac2
19302,march8,march8
19303,BX470214.1,BX470214.1
19304,zfand4,zfand4
19305,washc2c,washc2c
19306,alox5a,alox5a
19307,slc25a16,slc25a16
19308,tet1,tet1
19309,eif4e1c,eif4e1c
19310,zgc:110319,zgc110319
19311,si:dkey-228d14.5,sidkey228d14.5
19312,ccar1,ccar1
19313,BX927142.1,BX927142.1
19314,stox1,stox1
19315,si:ch211-198a12.6,sich211198a12.6
19316,tlr4ba,tlr4ba
19317,tlr4al,tlr4al
19318,BX908770.1,BX908770.1
19319,tlr4bb,tlr4bb
19320,ftr14l,ftr14l
19321,zgc:154058,zgc154058
19322,mat1a,mat1a
19323,CR932438.1,CR932438.1
19324,CR932438.2,CR932438.2
19325,selenou1a,selenou1a
19326,sfxn3,sfxn3
19327,pdzd7a,pdzd7a
19328,CR932361.1,CR932361.1
19329,CR932361.2,CR932361.2
19330,lzts2a,lzts2a
19331,CABZ01032351.1,CABZ01032351.1
19332,eif3s10,eif3s10
19333,emx2,emx2
19334,rab11fip2,rab11fip2
19335,fam204a,fam204a
19336,CT027674.1,CT027674.1
19337,atrnl1a,atrnl1a
19338,CR762487.1,CR762487.1
19339,AL954359.2,AL954359.2
19340,AL954359.1,AL954359.1
19341,AL954359.3,AL954359.3
19342,si:ch211-270n8.1,sich211270n8.1
19343,gfra1a,gfra1a
19344,ccdc172,ccdc172
19345,si:ch1073-126c3.2,sich1073126c3.2
19346,CU633804.1,CU633804.1
19347,BX000463.2,BX000463.2
19348,BX000463.1,BX000463.1
19349,sh2d4ba,sh2d4ba
19350,tspan14,tspan14
19351,mxtx1,mxtx1
19352,elovl6l,elovl6l
19353,mtg1,mtg1
19354,sprn,sprn
19355,si:dkey-191g9.7,sidkey191g9.7
19356,si:dkey-191g9.5,sidkey191g9.5
19357,chchd1,chchd1
19358,si:ch211-51a6.2,sich21151a6.2
19359,zswim8,zswim8
19360,ndst2a,ndst2a
19361,BX649358.1,BX649358.1
19362,si:dkey-174i8.1,sidkey174i8.1
19363,camk2g2,camk2g2
19364,BX649262.1,BX649262.1
19365,BX649385.1,BX649385.1
19366,BX649385.2,BX649385.2
19367,synpo2la,synpo2la
19368,myoz1a,myoz1a
19369,usp54a,usp54a
19370,opn4a,opn4a
19371,ldb3a,ldb3a
19372,bmpr1aa,bmpr1aa
19373,BX005174.1,BX005174.1
19374,mmrn2a,mmrn2a
19375,sncga,sncga
19376,zgc:193505,zgc193505
19377,glud1a,glud1a
19378,SHLD2,SHLD2
19379,nfkb2,nfkb2
19380,psda,psda
19381,CR550304.1,CR550304.1
19382,si:ch211-1n9.6,sich2111n9.6
19383,dna2,dna2
19384,pbld,pbld
19385,BX530068.1,BX530068.1
19386,pbld2,pbld2
19387,hnrnph3,hnrnph3
19388,rufy2,rufy2
19389,tspan15,tspan15
19390,tacr2,tacr2
19391,hk1,hk1
19392,hkdc1,hkdc1
19393,supv3l1,supv3l1
19394,vps26a,vps26a
19395,srgn,srgn
19396,kifbp,kifbp
19397,pik3ap1,pik3ap1
19398,sorbs1,sorbs1
19399,CR356222.1,CR356222.1
19400,si:dkey-103j14.5,sidkey103j14.5
19401,khdrbs2,khdrbs2
19402,prim2,prim2
19403,il22ra2,il22ra2
19404,map3k21,map3k21
19405,pcnx2,pcnx2
19406,rgs17,rgs17
19407,CR352246.1,CR352246.1
19408,oprm1,oprm1
19409,sf3b5,sf3b5
19410,phactr2,phactr2
19411,AL772289.1,AL772289.1
19412,agt,agt
19413,cog2,cog2
19414,pgbd5,pgbd5
19415,galnt2,galnt2
19416,CR762497.2,CR762497.2
19417,urb2,urb2
19418,abcb10,abcb10
19419,acta1b,acta1b
19420,CR762497.1,CR762497.1
19421,ccsapb,ccsapb
19422,rab4a,rab4a
19423,si:ch211-202m22.1,sich211202m22.1
19424,rhoua,rhoua
19425,pdcd2,pdcd2
19426,tbp,tbp
19427,zgc:153169,zgc153169
19428,rab1ab,rab1ab
19429,cep68,cep68
19430,slc1a4,slc1a4
19431,sertad2b,sertad2b
19432,lgalslb,lgalslb
19433,echs1,echs1
19434,fuom,fuom
19435,AL831745.1,AL831745.1
19436,AL831745.3,AL831745.3
19437,AL831745.2,AL831745.2
19438,msx3,msx3
19439,znf511,znf511
19440,adam8a,adam8a
19441,zgc:66426,zgc66426
19442,erlin1,erlin1
19443,cfap43,cfap43
19444,sfr1,sfr1
19445,col17a1b,col17a1b
19446,slka,slka
19447,AL929005.1,AL929005.1
19448,si:ch211-223p8.8,sich211223p8.8
19449,AL929334.1,AL929334.1
19450,zgc:153981,zgc153981
19451,dusp13a,dusp13a
19452,si:dkey-24f15.2,sidkey24f15.2
19453,kat6b,kat6b
19454,adka,adka
19455,ap3m1,ap3m1
19456,vcla,vcla
19457,chuk,chuk
19458,plaua,plaua
19459,gsto1,gsto1
19460,gsto2,gsto2
19461,itprip,itprip
19462,calhm3,calhm3
19463,calhm1,calhm1
19464,calhm2.2,calhm2.2
19465,calhm2.1,calhm2.1
19466,si:dkey-51a16.9,sidkey51a16.9
19467,BX530079.1,BX530079.1
19468,atoh7,atoh7
19469,pkd2l1,pkd2l1
19470,tial1,tial1
19471,bag3,bag3
19472,inpp5f,inpp5f
19473,BX005252.1,BX005252.1
19474,mcmbp,mcmbp
19475,sec23ip,sec23ip
19476,csgalnact2,csgalnact2
19477,ret,ret
19478,si:dkey-192p21.6,sidkey192p21.6
19479,pcbd1,pcbd1
19480,sgpl1,sgpl1
19481,neurog3,neurog3
19482,pdlim1,pdlim1
19483,rel,rel
19484,papolg,papolg
19485,bcl11aa,bcl11aa
19486,BX510306.1,BX510306.1
19487,si:rp71-1h3.1,sirp711h3.1
19488,AL627132.1,AL627132.1
19489,fancl,fancl
19490,vrk2,vrk2
19491,ccdc85a,ccdc85a
19492,soul2,soul2
19493,slc24a3,slc24a3
19494,BX323884.1,BX323884.1
19495,rin2,rin2
19496,slc17a5,slc17a5
19497,eef1a1a,eef1a1a
19498,cgas,cgas
19499,ddx43,ddx43
19500,CR354610.2,CR354610.2
19501,CR354610.1,CR354610.1
19502,kcnq5a,kcnq5a
19503,rims1a,rims1a
19504,CR356236.2,CR356236.2
19505,asrgl1,asrgl1
19506,CR356236.1,CR356236.1
19507,dre-mir-30e-2,dre-mir-30e-2
19508,dre-mir-30c,dre-mir-30c
19509,ogfrl1,ogfrl1
19510,b3gat2,b3gat2
19511,smap1,smap1
19512,CR392046.1,CR392046.1
19513,sdhaf4,sdhaf4
19514,tlx1,tlx1
19515,BX950184.1,BX950184.1
19516,lbx1a,lbx1a
19517,CR762431.1,CR762431.1
19518,slc2a15a,slc2a15a
19519,fgf8a,fgf8a
19520,CR925797.1,CR925797.1
19521,fbxw4,fbxw4
19522,wbp1la,wbp1la
19523,cyp17a1,cyp17a1
19524,borcs7,borcs7
19525,cnnm2a,cnnm2a
19526,nt5c2a,nt5c2a
19527,inaa,inaa
19528,AL928951.1,AL928951.1
19529,pcgf6,pcgf6
19530,polr1c,polr1c
19531,si:ch211-67n3.9,sich21167n3.9
19532,ldb1a,ldb1a
19533,CU640488.1,CU640488.1
19534,prom2,prom2
19535,nsmce4a,nsmce4a
19536,CU639469.1,CU639469.1
19537,ly6pge,ly6pge
19538,CU639469.2,CU639469.2
19539,unc5b,unc5b
19540,myofl,myofl
19541,parga,parga
19542,ogdhl,ogdhl
19543,C13H10orf53,C13H10orf53
19544,chata,chata
19545,slc18a3a,slc18a3a
19546,rgra,rgra
19547,lrit1a,lrit1a
19548,lrit2,lrit2
19549,cdhr1a,cdhr1a
19550,CT025909.3,CT025909.3
19551,chst3a,chst3a
19552,CT025909.1,CT025909.1
19553,CT025909.4,CT025909.4
19554,CT025909.2,CT025909.2
19555,pax2a,pax2a
19556,cuedc2,cuedc2
19557,hif1an,hif1an
19558,wnt8b,wnt8b
19559,scdb,scdb
19560,trmt2b,trmt2b
19561,dnajb12a,dnajb12a
19562,spock2,spock2
19563,tysnd1,tysnd1
19564,sar1ab,sar1ab
19565,ppa1b,ppa1b
19566,eif4ebp2,eif4ebp2
19567,pald1b,pald1b
19568,qrfpra,qrfpra
19569,rps24,rps24
19570,AL929330.1,AL929330.1
19571,zmiz1a,zmiz1a
19572,AL844152.1,AL844152.1
19573,ppifa,ppifa
19574,zcchc24,zcchc24
19575,CT025887.1,CT025887.1
19576,si:dkey-275b16.2,sidkey275b16.2
19577,rassf4a,rassf4a
19578,CT025887.2,CT025887.2
19579,CR762483.1,CR762483.1
19580,cxcl18a.1,cxcl18a.1
19581,tmem72,tmem72
19582,cxcl12a,cxcl12a
19583,CR762493.1,CR762493.1
19584,CR762493.2,CR762493.2
19585,ercc6,ercc6
19586,drgx,drgx
19587,vstm4a,vstm4a
19588,wdfy4,wdfy4
19589,lrrc18a,lrrc18a
19590,BX005005.3,BX005005.3
19591,BX005005.2,BX005005.2
19592,si:ch211-223a10.1,sich211223a10.1
19593,BX005005.1,BX005005.1
19594,arhgap22,arhgap22
19595,CR931802.2,CR931802.2
19596,CR931802.4,CR931802.4
19597,mapk8a,mapk8a
19598,CR931802.3,CR931802.3
19599,ptpn20,ptpn20
19600,CR931802.1,CR931802.1
19601,gdf10a,gdf10a
19602,prdm8,prdm8
19603,antxr1d,antxr1d
19604,rrp12,rrp12
19605,ubtd1a,ubtd1a
19606,zdhhc16a,zdhhc16a
19607,METTL18,METTL18
19608,pgam1a,pgam1a
19609,tdrd9,tdrd9
19610,rtn1a,rtn1a
19611,lrrc9,lrrc9
19612,pcnx4,pcnx4
19613,dhrs7,dhrs7
19614,ppm1aa,ppm1aa
19615,BX537123.2,BX537123.2
19616,six6a,six6a
19617,six1a,six1a
19618,six4a,six4a
19619,mnat1,mnat1
19620,trmt5,trmt5
19621,slc38a6,slc38a6
19622,BX537123.1,BX537123.1
19623,prkcha,prkcha
19624,hif1aa,hif1aa
19625,sertad4,sertad4
19626,syt14a,syt14a
19627,utp25,utp25
19628,CR559941.1,CR559941.1
19629,BX470107.1,BX470107.1
19630,osr1,osr1
19631,CR769766.1,CR769766.1
19632,nt5c1ba,nt5c1ba
19633,rdh14a,rdh14a
19634,kcns3a,kcns3a
19635,wdr35,wdr35
19636,matn3b,matn3b
19637,mtres1,mtres1
19638,bend3,bend3
19639,pdss2,pdss2
19640,sobpa,sobpa
19641,CU019663.1,CU019663.1
19642,slc66a3,slc66a3
19643,rock2a,rock2a
19644,CR936241.1,CR936241.1
19645,si:dkey-18j18.3,sidkey18j18.3
19646,BX470227.1,BX470227.1
19647,kcnf1b,kcnf1b
19648,rbm25a,rbm25a
19649,arg2,arg2
19650,vti1b,vti1b
19651,rdh12,rdh12
19652,zfyve26,zfyve26
19653,si:ch211-10a23.2,sich21110a23.2
19654,plek2,plek2
19655,TC2N,TC2N
19656,fbln5,fbln5
19657,trip11,trip11
19658,golga5,golga5
19659,rtf1,rtf1
19660,ndufaf1,ndufaf1
19661,nusap1,nusap1
19662,oip5,oip5
19663,oip5-as1,oip5-as1
19664,tmem39b,tmem39b
19665,ccdc28b,ccdc28b
19666,iqcc,iqcc
19667,dcdc2b,dcdc2b
19668,tmem234,tmem234
19669,si:dkey-71p21.13,sidkey71p21.13
19670,zgc:172120,zgc172120
19671,brf1a,brf1a
19672,btbd6a,btbd6a
19673,ftr80,ftr80
19674,ftr81,ftr81
19675,jag2a,jag2a
19676,cfl1l,cfl1l
19677,rrbp1a,rrbp1a
19678,snx5,snx5
19679,BX005372.1,BX005372.1
19680,mgme1,mgme1
19681,si:dkey-76k16.6,sidkey76k16.6
19682,si:dkey-76k16.5,sidkey76k16.5
19683,zgc:163030,zgc163030
19684,cst3,cst3
19685,CABZ01087953.1,CABZ01087953.1
19686,ephx5,ephx5
19687,mad2l1bp,mad2l1bp
19688,macrod2,macrod2
19689,flrt3,flrt3
19690,CR524481.1,CR524481.1
19691,kif16bb,kif16bb
19692,BX649403.1,BX649403.1
19693,BX649403.2,BX649403.2
19694,tasp1,tasp1
19695,CU633823.1,CU633823.1
19696,ism1,ism1
19697,sptlc3,sptlc3
19698,CR376850.1,CR376850.1
19699,CR376850.2,CR376850.2
19700,btbd3b,btbd3b
19701,CR932983.2,CR932983.2
19702,CR932983.1,CR932983.1
19703,jag1b,jag1b
19704,CU138575.1,CU138575.1
19705,slx4ip,slx4ip
19706,mkks,mkks
19707,CU681845.1,CU681845.1
19708,srd5a2b,srd5a2b
19709,memo1,memo1
19710,wdr27,wdr27
19711,BX663524.1,BX663524.1
19712,thbs2a,thbs2a
19713,psme4a,psme4a
19714,gpr75,gpr75
19715,erlec1,erlec1
19716,agpat4,agpat4
19717,map3k4,map3k4
19718,kcnk1b,kcnk1b
19719,tacc3,tacc3
19720,mycla,mycla
19721,mfsd2aa,mfsd2aa
19722,si:ch211-67f13.7,sich21167f13.7
19723,BX510990.1,BX510990.1
19724,zgc:153911,zgc153911
19725,si:ch211-67f13.8,sich21167f13.8
19726,si:dkey-157l19.2,sidkey157l19.2
19727,lgmn,lgmn
19728,pcnx1,pcnx1
19729,med6,med6
19730,TTC9,TTC9
19731,map3k9,map3k9
19732,slc8a3,slc8a3
19733,cox16,cox16
19734,actn1,actn1
19735,CR361558.1,CR361558.1
19736,dcaf5,dcaf5
19737,pacs2,pacs2
19738,srsf5a,srsf5a
19739,FP103009.1,FP103009.1
19740,synj2bp,synj2bp
19741,lgals3a,lgals3a
19742,gmfb,gmfb
19743,BX927407.1,BX927407.1
19744,cnih1,cnih1
19745,cdkn3,cdkn3
19746,si:ch211-67f24.7,sich21167f24.7
19747,si:ch211-67f24.7-1,sich21167f24.7-1
19748,sos2,sos2
19749,l2hgdh,l2hgdh
19750,dmac2l,dmac2l
19751,cdkl1,cdkl1
19752,map4k5,map4k5
19753,atl1,atl1
19754,sav1,sav1
19755,nin,nin
19756,pygl,pygl
19757,trim9,trim9
19758,tmx1,tmx1
19759,frmd6,frmd6
19760,esr2b,esr2b
19761,syne2b,syne2b
19762,si:dkeyp-77c8.1,sidkeyp77c8.1
19763,AL845493.1,AL845493.1
19764,si:dkeyp-77c8.2,sidkeyp77c8.2
19765,si:dkeyp-77c8.3,sidkeyp77c8.3
19766,si:dkeyp-77c8.4,sidkeyp77c8.4
19767,si:dkeyp-77c8.5,sidkeyp77c8.5
19768,gphb5,gphb5
19769,kcnh5b,kcnh5b
19770,ppp2r5eb,ppp2r5eb
19771,wdr89,wdr89
19772,sgpp1,sgpp1
19773,BX284635.1,BX284635.1
19774,syt16,syt16
19775,snapc1b,snapc1b
19776,ifi45,ifi45
19777,si:dkey-188i13.6,sidkey188i13.6
19778,zgc:152791,zgc152791
19779,ifi46,ifi46
19780,si:dkey-188i13.8,sidkey188i13.8
19781,si:dkey-188i13.9,sidkey188i13.9
19782,si:dkey-188i13.10,sidkey188i13.10
19783,si:dkey-188i13.11,sidkey188i13.11
19784,phf3,phf3
19785,BX005106.1,BX005106.1
19786,eys,eys
19787,CT027676.1,CT027676.1
19788,BX322660.1,BX322660.1
19789,BX322660.2,BX322660.2
19790,zgc:171579,zgc171579
19791,si:dkeyp-4c7.3,sidkeyp4c7.3
19792,adgrb3,adgrb3
19793,lmbrd1,lmbrd1
19794,BX323574.2,BX323574.2
19795,col19a1,col19a1
19796,BX323574.1,BX323574.1
19797,col19a1-1,col19a1-1
19798,col9a1b,col9a1b
19799,fam135a,fam135a
19800,FRMD1,FRMD1
19801,BX324188.2,BX324188.2
19802,si:dkey-85a20.4,sidkey85a20.4
19803,si:dkey-85a20.4-1,sidkey85a20.4-1
19804,BX324188.1,BX324188.1
19805,slc35f3b,slc35f3b
19806,marveld1,marveld1
19807,zgc:171482,zgc171482
19808,CT027704.1,CT027704.1
19809,sfrp5,sfrp5
19810,BX005216.1,BX005216.1
19811,golga7bb,golga7bb
19812,crtac1b,crtac1b
19813,loxl4,loxl4
19814,zgc:123010,zgc123010
19815,pyroxd2,pyroxd2
19816,CU929568.1,CU929568.1
19817,slc25a28,slc25a28
19818,CU929568.2,CU929568.2
19819,nkx3.3,nkx3.3
19820,nkx2.3,nkx2.3
19821,got1,got1
19822,CNNM1,CNNM1
19823,hpse2,hpse2
19824,hps1,hps1
19825,st3gal7,st3gal7
19826,ankrd2,ankrd2
19827,morn4,morn4
19828,BX294129.1,BX294129.1
19829,nkx1.2la,nkx1.2la
19830,prkg1a,prkg1a
19831,dkk1a,dkk1a
19832,si:dkeyp-86d6.2,sidkeyp86d6.2
19833,pcdh15a,pcdh15a
19834,BX548002.1,BX548002.1
19835,CABZ01117863.1,CABZ01117863.1
19836,CABZ01066611.1,CABZ01066611.1
19837,CT583720.1,CT583720.1
19838,ipmka,ipmka
19839,cisd1,cisd1
19840,polr1b,polr1b
19841,nanp,nanp
19842,cyp1b1,cyp1b1
19843,CABZ01080781.1,CABZ01080781.1
19844,rmdn2,rmdn2
19845,cdc42ep3,cdc42ep3
19846,opn3,opn3
19847,kmo,kmo
19848,ide,ide
19849,march5,march5
19850,cpeb3,cpeb3
19851,btaf1,btaf1
19852,si:dkey-221j11.3,sidkey221j11.3
19853,CR792417.1,CR792417.1
19854,fam83ha,fam83ha
19855,BX936318.1,BX936318.1
19856,mlh1,mlh1
19857,lrrfip2,lrrfip2
19858,mrpl14,mrpl14
19859,capn1a,capn1a
19860,capn2a,capn2a
19861,cdh23,cdh23
19862,BX510660.1,BX510660.1
19863,cdh23-1,cdh23-1
19864,si:ch211-106f21.1,sich211106f21.1
19865,vsir,vsir
19866,eif3s6ip,eif3s6ip
19867,smoc2,smoc2
19868,CT573408.1,CT573408.1
19869,dact2,dact2
19870,ablim1a,ablim1a
19871,fam160b1,fam160b1
19872,zfyve21,zfyve21
19873,CR559944.1,CR559944.1
19874,CU138544.2,CU138544.2
19875,CU138544.1,CU138544.1
19876,CABZ01069436.1,CABZ01069436.1
19877,mdga1,mdga1
19878,CT737192.1,CT737192.1
19879,CU694264.1,CU694264.1
19880,zfand3,zfand3
19881,btbd9,btbd9
19882,glo1,glo1
19883,si:dkeyp-2e4.8,sidkeyp2e4.8
19884,si:dkeyp-2e4.6,sidkeyp2e4.6
19885,si:dkeyp-2e4.3,sidkeyp2e4.3
19886,si:dkeyp-2e4.5,sidkeyp2e4.5
19887,si:dkeyp-2e4.3-1,sidkeyp2e4.3-1
19888,si:dkeyp-2e4.2,sidkeyp2e4.2
19889,CR786566.2,CR786566.2
19890,zbtb8os,zbtb8os
19891,CR786566.1,CR786566.1
19892,CR376783.1,CR376783.1
19893,khdrbs1a,khdrbs1a
19894,chp1,chp1
19895,runx3,runx3
19896,BX324224.1,BX324224.1
19897,znfl1g,znfl1g
19898,syf2,syf2
19899,rsrp1,rsrp1
19900,mgst3b,mgst3b
19901,tmem50a,tmem50a
19902,rhd,rhd
19903,maco1b,maco1b
19904,ldlrap1b,ldlrap1b
19905,si:ch211-62a1.3,sich21162a1.3
19906,fndc5a,fndc5a
19907,BX914200.1,BX914200.1
19908,si:ch211-62a1.4,sich21162a1.4
19909,BX936305.2,BX936305.2
19910,olig4,olig4
19911,bsdc1,bsdc1
19912,BX936305.1,BX936305.1
19913,marcksl1a,marcksl1a
19914,ftr70,ftr70
19915,ftr69,ftr69
19916,CU571066.1,CU571066.1
19917,CABZ01022272.1,CABZ01022272.1
19918,fgfr2,fgfr2
19919,CABZ01087807.1,CABZ01087807.1
19920,ATE1,ATE1
19921,tmem63ba,tmem63ba
19922,CU695232.1,CU695232.1
19923,slc29a1a,slc29a1a
19924,mtrf1l,mtrf1l
19925,fbxo5,fbxo5
19926,vip,vip
19927,anapc1,anapc1
19928,CR847786.1,CR847786.1
19929,AL772250.1,AL772250.1
19930,bcl2l11,bcl2l11
19931,acoxl,acoxl
19932,lhcgr,lhcgr
19933,mertka,mertka
19934,TMEM87B,TMEM87B
19935,fbln7,fbln7
19936,zmp:0000001138,zmp0000001138
19937,zmp:0000001006,zmp0000001006
19938,zc3h6,zc3h6
19939,itga9,itga9
19940,AL772263.1,AL772263.1
19941,CU986283.1,CU986283.1
19942,golga4,golga4
19943,KCNK12,KCNK12
19944,CR847804.2,CR847804.2
19945,CU468002.1,CU468002.1
19946,msh6,msh6
19947,fbxo11a,fbxo11a
19948,FOXN2,FOXN2
19949,si:ch1073-268j14.1,sich1073268j14.1
19950,ntpcr,ntpcr
19951,si:ch1073-266p11.2,sich1073266p11.2
19952,CU651669.1,CU651669.1
19953,CABZ01030259.1,CABZ01030259.1
19954,CABZ01005325.1,CABZ01005325.1
19955,disc1,disc1
19956,CU855775.1,CU855775.1
19957,tsnax,tsnax
19958,egln1a,egln1a
19959,irf2bp2a,irf2bp2a
19960,tomm20a,tomm20a
19961,CU681839.1,CU681839.1
19962,tomm20a-1,tomm20a-1
19963,ggps1,ggps1
19964,b3galnt2,b3galnt2
19965,GNG4,GNG4
19966,lyst,lyst
19967,nid1a,nid1a
19968,gpr137ba,gpr137ba
19969,pkz,pkz
19970,eif2ak2,eif2ak2
19971,gpatch11,gpatch11
19972,CU928131.1,CU928131.1
19973,cacul1,cacul1
19974,sirt1,sirt1
19975,dnajc12,dnajc12
19976,cox5b2,cox5b2
19977,herc4,herc4
19978,ccnj,ccnj
19979,CU570781.3,CU570781.3
19980,blnk,blnk
19981,CU570781.1,CU570781.1
19982,CU570781.2,CU570781.2
19983,dre-mir-202,dre-mir-202
19984,vent,vent
19985,vox,vox
19986,FP102122.1,FP102122.1
19987,FP102122.3,FP102122.3
19988,FP102122.2,FP102122.2
19989,dntt,dntt
19990,CABZ01077016.1,CABZ01077016.1
19991,CABZ01083953.1,CABZ01083953.1
19992,CABZ01078663.1,CABZ01078663.1
19993,CABZ01078666.1,CABZ01078666.1
19994,AL929217.1,AL929217.1
19995,CU929144.1,CU929144.1
19996,CABZ01094390.1,CABZ01094390.1
19997,CABZ01078767.1,CABZ01078767.1
19998,CU856157.1,CU856157.1
19999,valopa,valopa
20000,nkx6.2,nkx6.2
20001,pwwp2b,pwwp2b
20002,lbh,lbh
20003,LT631684.1,LT631684.1
20004,mrpl2,mrpl2
20005,srfb,srfb
20006,LT631676.1,LT631676.1
20007,lclat1,lclat1
20008,slc30a10,slc30a10
20009,klhdc3,klhdc3
20010,npas4l,npas4l
20011,CABZ01089777.1,CABZ01089777.1
20012,CABZ01092745.1,CABZ01092745.1
20013,tmem254,tmem254
20014,CABZ01092745.2,CABZ01092745.2
20015,CABZ01092745.3,CABZ01092745.3
20016,CABZ01092746.1,CABZ01092746.1
20017,homer2,homer2
20018,CABZ01090373.1,CABZ01090373.1
20019,pde8a,pde8a
20020,gatm,gatm
20021,zgc:158482,zgc158482
20022,slc27a2a,slc27a2a
20023,hdc,hdc
20024,gabpb1,gabpb1
20025,usp8,usp8
20026,trpm7,trpm7
20027,CABZ01100396.1,CABZ01100396.1
20028,larp6a,larp6a
20029,tm2d3,tm2d3
20030,tars3,tars3
20031,CU627988.1,CU627988.1
20032,lsm14ab,lsm14ab
20033,ss18l2,ss18l2
20034,GARRE1,GARRE1
20035,si:ch1073-83b15.1,sich107383b15.1
20036,AL929392.2,AL929392.2
20037,gpib,gpib
20038,AL929392.1,AL929392.1
20039,wtip,wtip
20040,sdr42e1,sdr42e1
20041,nedd4a,nedd4a
20042,prtga,prtga
20043,CABZ01078320.1,CABZ01078320.1
20044,CELF6,CELF6
20045,rpp25b,rpp25b
20046,cox5ab,cox5ab
20047,fam219b,fam219b
20048,LO018383.1,LO018383.1
20049,parp6a,parp6a
20050,pkma,pkma
20051,DHDH,DHDH
20052,dhdhl,dhdhl
20053,hcn4,hcn4
20054,rec114,rec114
20055,CU407319.1,CU407319.1
20056,CU469514.1,CU469514.1
20057,si:ch1073-75f15.2,sich107375f15.2
20058,nptnb,nptnb
20059,ugt5f1,ugt5f1
20060,CABZ01068842.1,CABZ01068842.1
20061,pepd,pepd
20062,CABZ01073166.1,CABZ01073166.1
20063,CABZ01113949.1,CABZ01113949.1
20064,slitrk3a,slitrk3a
20065,CABZ01088484.1,CABZ01088484.1
20066,CABZ01079192.1,CABZ01079192.1
20067,CABZ01075068.1,CABZ01075068.1
20068,pygo1,pygo1
20069,dnaaf4,dnaaf4
20070,ccpg1,ccpg1
20071,pigb,pigb
20072,pigbos1,pigbos1
20073,rab27a,rab27a
20074,CR769778.2,CR769778.2
20075,CR769778.1,CR769778.1
20076,CABZ01070631.2,CABZ01070631.2
20077,CABZ01070631.1,CABZ01070631.1
20078,p2ry2.1,p2ry2.1
20079,p2ry2.2,p2ry2.2
20080,p2ry2.3,p2ry2.3
20081,relt,relt
20082,ARHGEF17,ARHGEF17
20083,fam168a,fam168a
20084,CABZ01002690.1,CABZ01002690.1
20085,CU570791.3,CU570791.3
20086,rps3,rps3
20087,CU570791.6,CU570791.6
20088,CU570791.5,CU570791.5
20089,CU570791.2,CU570791.2
20090,CU570791.1,CU570791.1
20091,kctd14,kctd14
20092,CU570791.4,CU570791.4
20093,ints4,ints4
20094,aamdc,aamdc
20095,clns1a,clns1a
20096,aqp11,aqp11
20097,pak1,pak1
20098,LO018362.1,LO018362.1
20099,CU459145.1,CU459145.1
20100,gdpd4a,gdpd4a
20101,myo7aa,myo7aa
20102,capn5a,capn5a
20103,ompa,ompa
20104,si:ch73-338a16.3,sich73338a16.3
20105,dcun1d5,dcun1d5
20106,CU928153.1,CU928153.1
20107,eif2a,eif2a
20108,CU928071.1,CU928071.1
20109,serp1,serp1
20110,lrch3,lrch3
20111,CABZ01070983.1,CABZ01070983.1
20112,BX000522.1,BX000522.1
20113,CABZ01047589.1,CABZ01047589.1
20114,FO834920.1,FO834920.1
20115,CABZ01071326.1,CABZ01071326.1
20116,AL954149.2,AL954149.2
20117,AL954149.1,AL954149.1
20118,CR762470.1,CR762470.1
20119,zbbx,zbbx
20120,CR792425.2,CR792425.2
20121,CR792425.1,CR792425.1
20122,pdcd10a,pdcd10a
20123,serpini1,serpini1
20124,CABZ01080599.1,CABZ01080599.1
20125,golim4a,golim4a
20126,slc24a5,slc24a5
20127,myef2,myef2
20128,slc12a1,slc12a1
20129,CZQB01123183.1,CZQB01123183.1
20130,dut,dut
20131,FQ377889.1,FQ377889.1
20132,CABZ01084603.1,CABZ01084603.1
20133,fgf7,fgf7
20134,dtwd1,dtwd1
20135,mibp2,mibp2
20136,bloc1s6,bloc1s6
20137,slc30a4,slc30a4
20138,C18H15orf48,C18H15orf48
20139,CU595864.1,CU595864.1
20140,spata5l1,spata5l1
20141,nnt2,nnt2
20142,cyp1a,cyp1a
20143,ulk3,ulk3
20144,FO818718.1,FO818718.1
20145,cplx3b,cplx3b
20146,RGS9BP,RGS9BP
20147,zdhhc7,zdhhc7
20148,nip7,nip7
20149,cog8,cog8
20150,nob1,nob1
20151,wdr59,wdr59
20152,glg1b,glg1b
20153,si:ch73-386h18.1,sich73386h18.1
20154,si:ch1073-390k14.1,sich1073390k14.1
20155,gcsha,gcsha
20156,otogl,otogl
20157,BX321877.1,BX321877.1
20158,ptprq,ptprq
20159,iqsec3b,iqsec3b
20160,wash1,wash1
20161,ddx11,ddx11
20162,CU928088.1,CU928088.1
20163,fkbp4,fkbp4
20164,b4galnt3b,b4galnt3b
20165,tnni1c,tnni1c
20166,c2cd5,c2cd5
20167,lmf2a,lmf2a
20168,miox,miox
20169,adm2b,adm2b
20170,si:dkey-266m15.5,sidkey266m15.5
20171,ppp6r2b,ppp6r2b
20172,dnaja2b,dnaja2b
20173,CT009745.1,CT009745.1
20174,si:dkey-266m15.7,sidkey266m15.7
20175,si:dkey-266m15.6,sidkey266m15.6
20176,CU467655.1,CU467655.1
20177,CU467655.2,CU467655.2
20178,calub,calub
20179,utp15,utp15
20180,si:dkey-88e18.2,sidkey88e18.2
20181,cfap161,cfap161
20182,si:dkey-88e18.8,sidkey88e18.8
20183,cd9a,cd9a
20184,vwf,vwf
20185,CU651633.1,CU651633.1
20186,CABZ01015105.1,CABZ01015105.1
20187,ano2a,ano2a
20188,cers3b,cers3b
20189,caps2,caps2
20190,glipr1b,glipr1b
20191,si:dkey-30c15.17,sidkey30c15.17
20192,bbs10,bbs10
20193,BX470218.1,BX470218.1
20194,syt1b,syt1b
20195,si:dkey-30c15.13,sidkey30c15.13
20196,si:dkey-30c15.12,sidkey30c15.12
20197,si:dkey-30c15.10,sidkey30c15.10
20198,pdp2,pdp2
20199,terb1,terb1
20200,si:dkey-238c7.16,sidkey238c7.16
20201,neto2b-1,neto2b-1
20202,si:dkey-30c15.2,sidkey30c15.2
20203,arf5,arf5
20204,ARF5,ARF5
20205,CR318588.4,CR318588.4
20206,CR318588.3,CR318588.3
20207,CR318588.2,CR318588.2
20208,CR318588.1,CR318588.1
20209,si:dkeyp-1h4.6,sidkeyp1h4.6
20210,zgc:77752,zgc77752
20211,odf3b,odf3b
20212,trim35-30,trim35-30
20213,rabl2,rabl2
20214,shank3a,shank3a
20215,CT027628.1,CT027628.1
20216,LO018377.1,LO018377.1
20217,LO018377.2,LO018377.2
20218,LO018377.3,LO018377.3
20219,CU138508.1,CU138508.1
20220,FP236822.2,FP236822.2
20221,CABZ01052527.1,CABZ01052527.1
20222,CABZ01052530.1,CABZ01052530.1
20223,FP236822.1,FP236822.1
20224,arsa,arsa
20225,mapk8ip2,mapk8ip2
20226,chkb,chkb
20227,BX276107.1,BX276107.1
20228,cpt1b,cpt1b
20229,sephs1,sephs1
20230,si:ch211-220f12.4,sich211220f12.4
20231,BX248392.1,BX248392.1
20232,prpf18,prpf18
20233,FRMD4A,FRMD4A
20234,BX248392.2,BX248392.2
20235,impdh1a,impdh1a
20236,prrt4,prrt4
20237,si:dkey-95h12.1,sidkey95h12.1
20238,si:dkey-95h12.2,sidkey95h12.2
20239,CT025776.1,CT025776.1
20240,CT025776.2,CT025776.2
20241,si:dkey-5i3.5,sidkey5i3.5
20242,tmem243a,tmem243a
20243,si:ch211-233h19.2,sich211233h19.2
20244,si:dkey-5i3.1,sidkey5i3.1
20245,grm3,grm3
20246,CT025888.2,CT025888.2
20247,CT025888.1,CT025888.1
20248,sema3d,sema3d
20249,CU861648.1,CU861648.1
20250,CT027612.1,CT027612.1
20251,sema3ab,sema3ab
20252,sema3e,sema3e
20253,BX649551.1,BX649551.1
20254,pclob,pclob
20255,CACNA2D1,CACNA2D1
20256,CR762488.2,CR762488.2
20257,CR762488.1,CR762488.1
20258,CABZ01016692.1,CABZ01016692.1
20259,hgfb,hgfb
20260,CABZ01016693.1,CABZ01016693.1
20261,LO018242.1,LO018242.1
20262,AL953875.1,AL953875.1
20263,lrrc4.2,lrrc4.2
20264,CR450781.1,CR450781.1
20265,BX927136.1,BX927136.1
20266,lepa,lepa
20267,rbm28,rbm28
20268,BX927136.2,BX927136.2
20269,mical3a,mical3a
20270,mical3a-1,mical3a-1
20271,ttc38,ttc38
20272,tspan33b,tspan33b
20273,tspan9a,tspan9a
20274,CR387989.1,CR387989.1
20275,BX936417.1,BX936417.1
20276,PRMT8,PRMT8
20277,CRACR2A,CRACR2A
20278,CABZ01026684.1,CABZ01026684.1
20279,tmtc2b,tmtc2b
20280,si:dkeyp-2c8.3,sidkeyp2c8.3
20281,zgc:110789,zgc110789
20282,bicd1a,bicd1a
20283,fgd4a,fgd4a
20284,nup205,nup205
20285,fam107b,fam107b
20286,si:ch211-1e14.1,sich2111e14.1
20287,AL929229.1,AL929229.1
20288,hipk2,hipk2
20289,AL929229.2,AL929229.2
20290,tbxas1,tbxas1
20291,BX247877.1,BX247877.1
20292,parp12a,parp12a
20293,srgap1a,srgap1a
20294,CT573465.1,CT573465.1
20295,rxylt1,rxylt1
20296,GAN,GAN
20297,C18H19orf12-3,C18H19orf12-3
20298,tat,tat
20299,zgc:56622,zgc56622
20300,klhl36,klhl36
20301,cotl1,cotl1
20302,plcg2,plcg2
20303,meak7,meak7
20304,BX511124.1,BX511124.1
20305,si:ch211-260p9.3,sich211260p9.3
20306,cmip,cmip
20307,BX890576.1,BX890576.1
20308,BX950204.1,BX950204.1
20309,cdh13,cdh13
20310,BX649568.1,BX649568.1
20311,mlycd,mlycd
20312,zgc:173742,zgc173742
20313,hsbp1b,hsbp1b
20314,si:dkey-246g23.2,sidkey246g23.2
20315,kcng4a,kcng4a
20316,si:dkey-246g23.4,sidkey246g23.4
20317,wfdc1,wfdc1
20318,utp4,utp4
20319,vps9d1,vps9d1
20320,si:dkey-238o13.4,sidkey238o13.4
20321,spata2l,spata2l
20322,pdf,pdf
20323,uri1,uri1
20324,tshz3a,tshz3a
20325,mtss1la,mtss1la
20326,mapk12a,mapk12a
20327,selenoo1,selenoo1
20328,trabd,trabd
20329,panx2,panx2
20330,mlc1,mlc1
20331,btbd11b,btbd11b
20332,BX649610.2,BX649610.2
20333,BX649610.1,BX649610.1
20334,cry1b,cry1b
20335,zgc:153031,zgc153031
20336,mterf2,mterf2
20337,si:ch73-62b13.1,sich7362b13.1
20338,tmem263,tmem263
20339,si:dkey-103i16.6,sidkey103i16.6
20340,ric8b,ric8b
20341,rfx4,rfx4
20342,polr3b,polr3b
20343,endouc,endouc
20344,ppfibp1b,ppfibp1b
20345,si:ch211-245j22.3,sich211245j22.3
20346,arntl2,arntl2
20347,BX928740.1,BX928740.1
20348,slc17a8,slc17a8
20349,nr1h4,nr1h4
20350,si:ch211-264e16.2,sich211264e16.2
20351,si:ch211-264e16.1,sich211264e16.1
20352,CR536616.1,CR536616.1
20353,si:ch211-219a15.4,sich211219a15.4
20354,si:ch211-219a15.3,sich211219a15.3
20355,ube2na,ube2na
20356,nudt4a,nudt4a
20357,eea1,eea1
20358,CR854977.1,CR854977.1
20359,plekhg7,plekhg7
20360,itpr2,itpr2
20361,FO834850.1,FO834850.1
20362,sspn,sspn
20363,bhlhe41,bhlhe41
20364,ctsd,ctsd
20365,slc6a15,slc6a15
20366,lrriq1,lrriq1
20367,alx1,alx1
20368,CT027551.1,CT027551.1
20369,rassf9,rassf9
20370,nts,nts
20371,mgat4c,mgat4c
20372,eps8b,eps8b
20373,eif4g2b,eif4g2b
20374,ENSDARG00000080895,ENSDARG00000080895
20375,lyve1b,lyve1b
20376,rnf141,rnf141
20377,ampd3b,ampd3b
20378,admb,admb
20379,swap70b,swap70b
20380,wee1,wee1
20381,znf143b,znf143b
20382,si:dkey-8l13.5,sidkey8l13.5
20383,akip1,akip1
20384,si:ch211-242e8.1,sich211242e8.1
20385,CR925798.1,CR925798.1
20386,si:ch211-218c6.8,sich211218c6.8
20387,tph2,tph2
20388,tbc1d15,tbc1d15
20389,chtf8,chtf8
20390,has3,has3
20391,tango6,tango6
20392,BX950194.1,BX950194.1
20393,il17c,il17c
20394,zc3h18,zc3h18
20395,trhr2,trhr2
20396,zfpm1,zfpm1
20397,ces2a,ces2a
20398,ces3,ces3
20399,zgc:91860,zgc91860
20400,si:dkey-102f14.7,sidkey102f14.7
20401,foxl1,foxl1
20402,ENSDARG00000041560,ENSDARG00000041560
20403,b3gnt9,b3gnt9
20404,bbs2,bbs2
20405,mt2,mt2
20406,nup93,nup93
20407,dre-mir-138-1,dre-mir-138-1
20408,slc12a3,slc12a3
20409,herpud1,herpud1
20410,cetp,cetp
20411,nlrc5,nlrc5
20412,cpne2,cpne2
20413,BX470170.1,BX470170.1
20414,psme3ip1,psme3ip1
20415,rspry1,rspry1
20416,si:ch211-216l23.2,sich211216l23.2
20417,ZNF423,ZNF423
20418,znf423,znf423
20419,si:ch211-212o1.2,sich211212o1.2
20420,CR387935.1,CR387935.1
20421,cbln1,cbln1
20422,BX649612.1,BX649612.1
20423,BX649612.2,BX649612.2
20424,n4bp1,n4bp1
20425,siah1,siah1
20426,lonp2,lonp2
20427,il34,il34
20428,sf3b3,sf3b3
20429,BX470163.3,BX470163.3
20430,BX470163.2,BX470163.2
20431,BX470163.1,BX470163.1
20432,st3gal2,st3gal2
20433,aars1,aars1
20434,BX649641.2,BX649641.2
20435,BX649641.5,BX649641.5
20436,BX649641.4,BX649641.4
20437,BX649641.1,BX649641.1
20438,BX649641.6,BX649641.6
20439,BX649641.7,BX649641.7
20440,BX649641.3,BX649641.3
20441,BX571681.5,BX571681.5
20442,BX571681.3,BX571681.3
20443,BX571681.6,BX571681.6
20444,tgm2l,tgm2l
20445,BX571681.1,BX571681.1
20446,BX571681.2,BX571681.2
20447,pllp,pllp
20448,arl2bp,arl2bp
20449,arih1,arih1
20450,BX571681.4,BX571681.4
20451,si:dkey-73n10.1,sidkey73n10.1
20452,ppcdc,ppcdc
20453,hacd3,hacd3
20454,ints14,ints14
20455,slc24a1,slc24a1
20456,BX548060.1,BX548060.1
20457,dennd4a,dennd4a
20458,si:dkey-242h9.5,sidkey242h9.5
20459,BX908395.1,BX908395.1
20460,si:dkey-242h9.3,sidkey242h9.3
20461,rab11a,rab11a
20462,megf11,megf11
20463,CR788229.1,CR788229.1
20464,map2k1,map2k1
20465,CT863714.6,CT863714.6
20466,rpl4,rpl4
20467,CT863714.5,CT863714.5
20468,CT863714.4,CT863714.4
20469,ENSDARG00000080636,ENSDARG00000080636
20470,CT863714.2,CT863714.2
20471,ENSDARG00000110758,ENSDARG00000110758
20472,ENSDARG00000080158,ENSDARG00000080158
20473,CT863714.7,CT863714.7
20474,zwilch,zwilch
20475,lctlb,lctlb
20476,snapc5,snapc5
20477,BX323829.1,BX323829.1
20478,smad6b,smad6b
20479,smad3b,smad3b
20480,aagab,aagab
20481,iqch,iqch
20482,C18H15orf61,C18H15orf61
20483,skor1b,skor1b
20484,pias1b,pias1b
20485,rxfp3.3a3,rxfp3.3a3
20486,morf4l1,morf4l1
20487,uacaa,uacaa
20488,BX890624.2,BX890624.2
20489,tle3a,tle3a
20490,kif23,kif23
20491,paqr5a,paqr5a
20492,ddb2,ddb2
20493,kbtbd4,kbtbd4
20494,rapsn,rapsn
20495,ighmbp2,ighmbp2
20496,agk,agk
20497,dennd11,dennd11
20498,wee2,wee2
20499,bida,bida
20500,bcl2l13,bcl2l13
20501,wnt2,wnt2
20502,BX470130.1,BX470130.1
20503,asz1,asz1
20504,cftr,cftr
20505,cttnbp2,cttnbp2
20506,ttc23,ttc23
20507,BX470160.1,BX470160.1
20508,synm,synm
20509,pgpep1l,pgpep1l
20510,igf1ra,igf1ra
20511,BX548061.1,BX548061.1
20512,fam169b,fam169b
20513,arpin,arpin
20514,anpepa,anpepa
20515,si:dkey-12e7.1,sidkey12e7.1
20516,kmt5b,kmt5b
20517,chka,chka
20518,BX571884.2,BX571884.2
20519,si:dkey-12e7.4,sidkey12e7.4
20520,got2a,got2a
20521,BX571884.1,BX571884.1
20522,calb2a,calb2a
20523,pnp6,pnp6
20524,hydin,hydin
20525,necab2,necab2
20526,slc38a8a,slc38a8a
20527,mbtps1,mbtps1
20528,fan1,fan1
20529,BX548157.1,BX548157.1
20530,pskh1,pskh1
20531,nrn1la,nrn1la
20532,edc4,edc4
20533,nutf2,nutf2
20534,tsnaxip1,tsnaxip1
20535,ranbp10,ranbp10
20536,pard6a,pard6a
20537,CT573204.1,CT573204.1
20538,CT573204.2,CT573204.2
20539,zgc:158868,zgc158868
20540,si:ch73-186j5.2,sich73186j5.2
20541,ripor1,ripor1
20542,si:dkey-45h7.1,sidkey45h7.1
20543,ctcf,ctcf
20544,carmil2,carmil2
20545,tmem170a,tmem170a
20546,cfdp1,cfdp1
20547,bcar1,bcar1
20548,CR933017.1,CR933017.1
20549,si:dkey-11d18.4,sidkey11d18.4
20550,si:ch73-113g13.3,sich73113g13.3
20551,si:ch73-113g13.2,sich73113g13.2
20552,si:ch73-113g13.1,sich73113g13.1
20553,nudt21,nudt21
20554,hsf4,hsf4
20555,BX088710.1,BX088710.1
20556,gnao1a,gnao1a
20557,BX663522.1,BX663522.1
20558,cbfb,cbfb
20559,AL953894.1,AL953894.1
20560,mef2aa,mef2aa
20561,mctp2a,mctp2a
20562,AL805905.1,AL805905.1
20563,AL805905.2,AL805905.2
20564,BX936364.1,BX936364.1
20565,nr2f2,nr2f2
20566,BX569787.1,BX569787.1
20567,si:ch211-147m20.3,sich211147m20.3
20568,CU855551.1,CU855551.1
20569,CR847971.1,CR847971.1
20570,CR925803.1,CR925803.1
20571,lysmd4,lysmd4
20572,CT030043.1,CT030043.1
20573,AL935295.1,AL935295.1
20574,AL935295.2,AL935295.2
20575,rgma,rgma
20576,chd2,chd2
20577,si:ch211-196l7.4,sich211196l7.4
20578,fam174b,fam174b
20579,st8sia2,st8sia2
20580,slco3a1,slco3a1
20581,BX901968.2,BX901968.2
20582,BX901968.1,BX901968.1
20583,si:dkeyp-59c12.1,sidkeyp59c12.1
20584,plin1,plin1
20585,gnrhr4,gnrhr4
20586,CR450716.1,CR450716.1
20587,pex11a,pex11a
20588,si:ch211-13k12.2,sich21113k12.2
20589,fkbp16,fkbp16
20590,si:ch211-39k3.2,sich21139k3.2
20591,zgc:162879,zgc162879
20592,sema4ba,sema4ba
20593,znf710a,znf710a
20594,idh2,idh2
20595,CABZ01039782.1,CABZ01039782.1
20596,dre-mir-184-1,dre-mir-184-1
20597,CR352253.1,CR352253.1
20598,RASGRF1,RASGRF1
20599,ctsh,ctsh
20600,blm,blm
20601,FRMD5,FRMD5
20602,malt3,malt3
20603,alpk3a,alpk3a
20604,AL935332.1,AL935332.1
20605,kti12,kti12
20606,nmba,nmba
20607,sec11a,sec11a
20608,znf592,znf592
20609,slc28a1,slc28a1
20610,ch25hl1.1,ch25hl1.1
20611,si:dkey-24l11.2,sidkey24l11.2
20612,si:dkey-24l11.2-1,sidkey24l11.2-1
20613,ch25hl1.2,ch25hl1.2
20614,tspan3a,tspan3a
20615,pstpip1a,pstpip1a
20616,rcn2,rcn2
20617,pik3c2a,pik3c2a
20618,ppp1r15b,ppp1r15b
20619,plekha7a,plekha7a
20620,CR936464.1,CR936464.1
20621,BX640463.2,BX640463.2
20622,BX640463.3,BX640463.3
20623,C18H11orf58,C18H11orf58
20624,cd81b,cd81b
20625,BX640463.1,BX640463.1
20626,si:dkey-29p10.4,sidkey29p10.4
20627,tp53i11b,tp53i11b
20628,cd82b,cd82b
20629,BX005470.1,BX005470.1
20630,tspan18b,tspan18b
20631,BX649600.1,BX649600.1
20632,si:ch211-222m18.4,sich211222m18.4
20633,iqcg,iqcg
20634,hipk3b,hipk3b
20635,kiaa1549lb,kiaa1549lb
20636,CR769777.2,CR769777.2
20637,CR769777.1,CR769777.1
20638,spon1a,spon1a
20639,CR388161.1,CR388161.1
20640,si:ch211-174j14.2,sich211174j14.2
20641,syt9a,syt9a
20642,LO018677.1,LO018677.1
20643,ppfibp2a,ppfibp2a
20644,CT025546.2,CT025546.2
20645,CT025546.3,CT025546.3
20646,CT025546.1,CT025546.1
20647,mafa,mafa
20648,cmc2,cmc2
20649,cenpn,cenpn
20650,BX908800.1,BX908800.1
20651,mhc2dbb,mhc2dbb
20652,atmin,atmin
20653,si:ch73-103b9.2,sich73103b9.2
20654,si:ch211-220f16.2,sich211220f16.2
20655,si:ch211-220f16.1,sich211220f16.1
20656,AL935117.1,AL935117.1
20657,gse1,gse1
20658,gins2,gins2
20659,emc8,emc8
20660,cox4i1,cox4i1
20661,dusp22a,dusp22a
20662,irf8,irf8
20663,foxf1,foxf1
20664,FO834814.1,FO834814.1
20665,mthfsd,mthfsd
20666,cd151l,cd151l
20667,uraha,uraha
20668,gas8,gas8
20669,mvda,mvda
20670,cyba,cyba
20671,pdcd5,pdcd5
20672,tcf25,tcf25
20673,mc1r,mc1r
20674,def8,def8
20675,CU570893.1,CU570893.1
20676,dhx36,dhx36
20677,BX908763.1,BX908763.1
20678,olfcs2,olfcs2
20679,olfcs1,olfcs1
20680,BX908386.3,BX908386.3
20681,BX908386.2,BX908386.2
20682,BX908386.1,BX908386.1
20683,BX649622.2,BX649622.2
20684,olfcw1,olfcw1
20685,BX649622.1,BX649622.1
20686,olfcg12,olfcg12
20687,BX908401.1,BX908401.1
20688,BX908401.2,BX908401.2
20689,olfcg1,olfcg1
20690,CABZ01012885.1,CABZ01012885.1
20691,olfcg9,olfcg9
20692,olfcg8,olfcg8
20693,olfcg7,olfcg7
20694,olfcg6,olfcg6
20695,olfcg1-1,olfcg1-1
20696,AL844192.1,AL844192.1
20697,olfcg2,olfcg2
20698,olfcg3,olfcg3
20699,olfcg4,olfcg4
20700,olfcg5,olfcg5
20701,olfch1,olfch1
20702,olfcj1,olfcj1
20703,CU929403.1,CU929403.1
20704,CU929403.2,CU929403.2
20705,olfcd2,olfcd2
20706,CABZ01032906.1,CABZ01032906.1
20707,CABZ01032906.2,CABZ01032906.2
20708,olfcd3,olfcd3
20709,olfce1,olfce1
20710,olfce2,olfce2
20711,FP016180.1,FP016180.1
20712,olfcx1,olfcx1
20713,olfcd1,olfcd1
20714,olfcx2,olfcx2
20715,olfcx3,olfcx3
20716,olfcv2,olfcv2
20717,olfcv1,olfcv1
20718,olfcv3,olfcv3
20719,olfck1,olfck1
20720,olfck2,olfck2
20721,BX908736.1,BX908736.1
20722,olfcu1,olfcu1
20723,olfcq1,olfcq1
20724,olfcq2,olfcq2
20725,olfcq3,olfcq3
20726,olfcq4,olfcq4
20727,olfcq5,olfcq5
20728,olfcq6,olfcq6
20729,BX649633.1,BX649633.1
20730,olfcq8,olfcq8
20731,olfcq9,olfcq9
20732,olfcq10,olfcq10
20733,olfcq11,olfcq11
20734,olfcq12,olfcq12
20735,olfcq13,olfcq13
20736,olfcq14,olfcq14
20737,olfcq15,olfcq15
20738,CR405715.1,CR405715.1
20739,olfcq16,olfcq16
20740,olfcq17,olfcq17
20741,olfcq18,olfcq18
20742,CU463109.1,CU463109.1
20743,si:dkey-145c18.5,sidkey145c18.5
20744,CU463109.2,CU463109.2
20745,si:dkey-145c18.4,sidkey145c18.4
20746,si:dkey-145c18.3,sidkey145c18.3
20747,NAMPT,NAMPT
20748,olfcq19,olfcq19
20749,olfcq20,olfcq20
20750,olfcr1,olfcr1
20751,plch1,plch1
20752,C18H3orf33,C18H3orf33
20753,slc33a1,slc33a1
20754,gmps,gmps
20755,vmn2r1,vmn2r1
20756,kcnab1a,kcnab1a
20757,ssr3,ssr3
20758,tiparp,tiparp
20759,CR626874.1,CR626874.1
20760,LO018333.1,LO018333.1
20761,AL935279.1,AL935279.1
20762,si:ch211-195m9.3,sich211195m9.3
20763,cfap45,cfap45
20764,tbrg1,tbrg1
20765,CABZ01040999.1,CABZ01040999.1
20766,snrpa,snrpa
20767,C18H19orf54,C18H19orf54
20768,itpkcb,itpkcb
20769,ryr1b,ryr1b
20770,CU138549.1,CU138549.1
20771,rasgrp4,rasgrp4
20772,CR377223.1,CR377223.1
20773,hnrnpul1,hnrnpul1
20774,CR377223.2,CR377223.2
20775,opa3,opa3
20776,ppp1r13l,ppp1r13l
20777,tmem91,tmem91
20778,exosc5,exosc5
20779,bckdha,bckdha
20780,b3gat1a,b3gat1a
20781,BX927288.1,BX927288.1
20782,BX950224.1,BX950224.1
20783,siae,siae
20784,clasrp,clasrp
20785,znf296,znf296
20786,capn12,capn12
20787,fosb,fosb
20788,C18H19orf47,C18H19orf47
20789,ttc9b,ttc9b
20790,BX248121.1,BX248121.1
20791,si:ch211-160d20.5,sich211160d20.5
20792,si:ch211-238g23.1,sich211238g23.1
20793,map3k10,map3k10
20794,sipa1l3,sipa1l3
20795,qpctla,qpctla
20796,six9,six9
20797,six5,six5
20798,tbcb,tbcb
20799,tmem123,tmem123
20800,yap1,yap1
20801,cep126,cep126
20802,AL627088.1,AL627088.1
20803,AL627088.2,AL627088.2
20804,luzp2,luzp2
20805,CR381582.1,CR381582.1
20806,CR381582.2,CR381582.2
20807,nucb2b,nucb2b
20808,si:dkey-10o6.2,sidkey10o6.2
20809,nat10,nat10
20810,caprin1b,caprin1b
20811,lmo2,lmo2
20812,alx4b,alx4b
20813,si:ch211-215d8.2,sich211215d8.2
20814,onecut1,onecut1
20815,fam214a,fam214a
20816,BX936456.1,BX936456.1
20817,arpp19a,arpp19a
20818,myo5aa,myo5aa
20819,zgc:171509,zgc171509
20820,gnb5b,gnb5b
20821,bcl2l10,bcl2l10
20822,mapk6,mapk6
20823,si:ch211-235f12.2,sich211235f12.2
20824,leo1,leo1
20825,tmod2,tmod2
20826,lysmd2,lysmd2
20827,scg3,scg3
20828,acadl,acadl
20829,tnfaip8l3,tnfaip8l3
20830,BX908722.2,BX908722.2
20831,BX908722.1,BX908722.1
20832,cyp19a1a,cyp19a1a
20833,gldn,gldn
20834,dmxl2,dmxl2
20835,FO905036.1,FO905036.1
20836,si:ch211-282k23.2,sich211282k23.2
20837,BX005280.1,BX005280.1
20838,sema6dl,sema6dl
20839,BX323575.1,BX323575.1
20840,ugt5c1,ugt5c1
20841,ugt5c2,ugt5c2
20842,BX323575.2,BX323575.2
20843,ugt5c3,ugt5c3
20844,zgc:101040,zgc101040
20845,chrna5,chrna5
20846,vwa7,vwa7
20847,si:ch211-132b12.1,sich211132b12.1
20848,si:ch211-132b12.2,sich211132b12.2
20849,si:ch211-132b12.3,sich211132b12.3
20850,si:ch211-132b12.4,sich211132b12.4
20851,zgc:158427,zgc158427
20852,si:ch211-132b12.6,sich211132b12.6
20853,si:ch211-132b12.7,sich211132b12.7
20854,cntd2,cntd2
20855,akt2,akt2
20856,vaspb,vaspb
20857,snrpd2,snrpd2
20858,foxg1c,foxg1c
20859,pglyrp5,pglyrp5
20860,polr2i,polr2i
20861,si:ch211-202c21.7,sich211202c21.7
20862,si:dkey-283j8.1,sidkey283j8.1
20863,RASA2,RASA2
20864,zbtb38,zbtb38
20865,fbxo36a,fbxo36a
20866,trip12,trip12
20867,veph1,veph1
20868,ptx3a,ptx3a
20869,si:ch211-203b8.6,sich211203b8.6
20870,ccnl1a,ccnl1a
20871,selenot1b,selenot1b
20872,tsen34,tsen34
20873,bcl7bb,bcl7bb
20874,baz1b,baz1b
20875,fzd9b,fzd9b
20876,CU326349.3,CU326349.3
20877,CU326349.2,CU326349.2
20878,CU326349.1,CU326349.1
20879,grk7b,grk7b
20880,rnf7,rnf7
20881,trpc6b,trpc6b
20882,pgr,pgr
20883,arhgap42b,arhgap42b
20884,CABZ01027964.1,CABZ01027964.1
20885,cntn5,cntn5
20886,BX322577.1,BX322577.1
20887,ttc36,ttc36
20888,nectin1b,nectin1b
20889,si:ch211-129p13.1,sich211129p13.1
20890,FP236457.1,FP236457.1
20891,treh,treh
20892,ddx6,ddx6
20893,cxcr5,cxcr5
20894,bcl9l,bcl9l
20895,CR925719.1,CR925719.1
20896,CR925719.2,CR925719.2
20897,cdon,cdon
20898,BX908388.3,BX908388.3
20899,BX908388.2,BX908388.2
20900,BX908388.1,BX908388.1
20901,pimr179,pimr179
20902,si:ch211-151h10.2,sich211151h10.2
20903,prdm10,prdm10
20904,aplp2,aplp2
20905,st14a,st14a
20906,dhx34,dhx34
20907,spred3,spred3
20908,psmd8,psmd8
20909,bicra,bicra
20910,ehd2b,ehd2b
20911,napab,napab
20912,b3gnt2l,b3gnt2l
20913,si:dkey-224e22.2,sidkey224e22.2
20914,ilvbl,ilvbl
20915,fam118b,fam118b
20916,srpra,srpra
20917,arfgap2,arfgap2
20918,si:ch211-71n6.4,sich21171n6.4
20919,pex16,pex16
20920,CR792424.1,CR792424.1
20921,CR792424.2,CR792424.2
20922,large2,large2
20923,BX908385.1,BX908385.1
20924,BX908385.2,BX908385.2
20925,cngb1a,cngb1a
20926,kifc3,kifc3
20927,wt1b,wt1b
20928,CR936403.1,CR936403.1
20929,eif3m,eif3m
20930,prrg4,prrg4
20931,qser1,qser1
20932,depdc7a,depdc7a
20933,cstf3,cstf3
20934,CU896647.1,CU896647.1
20935,rpl35a,rpl35a
20936,abcc5,abcc5
20937,rnpepl1,rnpepl1
20938,dvl3b,dvl3b
20939,ap2m1b,ap2m1b
20940,mmp23bb,mmp23bb
20941,pcyt1ab,pcyt1ab
20942,sptbn4b,sptbn4b
20943,sptbn4b-1,sptbn4b-1
20944,blvrb,blvrb
20945,zgc:113340,zgc113340
20946,kcnk6,kcnk6
20947,CR933839.1,CR933839.1
20948,si:ch211-14c7.2,sich21114c7.2
20949,prx,prx
20950,si:dkey-244a7.1,sidkey244a7.1
20951,pld3,pld3
20952,foxa3,foxa3
20953,irf2bp1,irf2bp1
20954,slc19a3b,slc19a3b
20955,daw1,daw1
20956,sphkap,sphkap
20957,BX649602.1,BX649602.1
20958,pid1,pid1
20959,dner,dner
20960,CABZ01041495.1,CABZ01041495.1
20961,CABZ01041494.1,CABZ01041494.1
20962,gramd1bb,gramd1bb
20963,CABZ01039304.1,CABZ01039304.1
20964,CU633933.1,CU633933.1
20965,rbm7,rbm7
20966,barx2,barx2
20967,CABZ01112464.1,CABZ01112464.1
20968,KIRREL3,KIRREL3
20969,KIRREL3-1,KIRREL3-1
20970,CABZ01086755.1,CABZ01086755.1
20971,smtla,smtla
20972,ets1,ets1
20973,fli1a,fli1a
20974,CR786562.2,CR786562.2
20975,kcnj1a.6,kcnj1a.6
20976,kcnj1a.2,kcnj1a.2
20977,kcnj1a.5,kcnj1a.5
20978,kcnj1a.4,kcnj1a.4
20979,kcnj1a.3,kcnj1a.3
20980,CR786562.1,CR786562.1
20981,kcnj1a.1,kcnj1a.1
20982,kcnj5,kcnj5
20983,CABZ01102201.1,CABZ01102201.1
20984,st3gal4,st3gal4
20985,tirap,tirap
20986,gemin7,gemin7
20987,bmp16,bmp16
20988,ppp1r37,ppp1r37
20989,FO681288.1,FO681288.1
20990,SHKBP1,SHKBP1
20991,FO681288.3,FO681288.3
20992,esrrd,esrrd
20993,BX663503.3,BX663503.3
20994,BX663503.2,BX663503.2
20995,BX663503.1,BX663503.1
20996,si:ch211-136a13.1,sich211136a13.1
20997,yif1b,yif1b
20998,si:zfos-464b6.2,sizfos464b6.2
20999,CABZ01070258.1,CABZ01070258.1
21000,sb:cb81,sbcb81
21001,si:cabz01090165.1,sicabz01090165.1
21002,mob2b,mob2b
21003,abcc8b,abcc8b
21004,scamp5b,scamp5b
21005,loxl1,loxl1
21006,insyn1,insyn1
21007,CU862078.1,CU862078.1
21008,cd276,cd276
21009,CU896640.1,CU896640.1
21010,ubl7b,ubl7b
21011,zgc:158464,zgc158464
21012,ube2q1,ube2q1
21013,chrnb4,chrnb4
21014,chrna3,chrna3
21015,si:dkey-151j17.4,sidkey151j17.4
21016,p2ry1,p2ry1
21017,CU640433.1,CU640433.1
21018,rap2b,rap2b
21019,CABZ01102517.1,CABZ01102517.1
21020,CABZ01102518.1,CABZ01102518.1
21021,taldo1,taldo1
21022,tspan4a,tspan4a
21023,ddb1,ddb1
21024,PDPR,PDPR
21025,CABZ01113373.1,CABZ01113373.1
21026,CABZ01113369.1,CABZ01113369.1
21027,shank2a,shank2a
21028,cttn,cttn
21029,pik3c2g,pik3c2g
21030,st7,st7
21031,st7-1,st7-1
21032,ppfia1,ppfia1
21033,LO018598.1,LO018598.1
21034,shisa6,shisa6
21035,foxk2,foxk2
21036,wdr45b,wdr45b
21037,mrpl58,mrpl58
21038,si:ch1073-357b18.4,sich1073357b18.4
21039,FO818699.1,FO818699.1
21040,dnah9,dnah9
21041,CABZ01102038.1,CABZ01102038.1
21042,CABZ01102039.1,CABZ01102039.1
21043,map2k4b,map2k4b
21044,adprm,adprm
21045,CABZ01058222.1,CABZ01058222.1
21046,pts,pts
21047,rcvrnb,rcvrnb
21048,gsg1l2b,gsg1l2b
21049,CT737227.1,CT737227.1
21050,hs3st3l,hs3st3l
21051,dhrs7cb,dhrs7cb
21052,mprip,mprip
21053,si:dkey-94l16.4,sidkey94l16.4
21054,bsk146,bsk146
21055,wu:fj29h11,wufj29h11
21056,si:ch73-301j1.1,sich73301j1.1
21057,sult2st1,sult2st1
21058,si:ch211-176g6.1,sich211176g6.1
21059,sult2st2,sult2st2
21060,si:ch211-176g6.2,sich211176g6.2
21061,abcc3,abcc3
21062,wfikkn2b,wfikkn2b
21063,tob1b,tob1b
21064,SPAG9,SPAG9
21065,daglb,daglb
21066,kdelr2b,kdelr2b
21067,mettl9,mettl9
21068,si:ch1073-272o11.3,sich1073272o11.3
21069,polr3e,polr3e
21070,sox8a,sox8a
21071,lmf1,lmf1
21072,RAB26,RAB26
21073,pemt,pemt
21074,si:dkey-275b16.2-1,sidkey275b16.2-1
21075,RASSF4,RASSF4
21076,LO018020.2,LO018020.2
21077,rasd1,rasd1
21078,MED9,MED9
21079,cops3,cops3
21080,usp22,usp22
21081,CU694266.1,CU694266.1
21082,sstr2a,sstr2a
21083,SLC39A11,SLC39A11
21084,CABZ01081830.2,CABZ01081830.2
21085,sox9a,sox9a
21086,LO018238.1,LO018238.1
21087,vstm4b,vstm4b
21088,lrrc18b,lrrc18b
21089,CR774192.1,CR774192.1
21090,ARHGAP22,ARHGAP22
21091,mapk8b,mapk8b
21092,frmpd2,frmpd2
21093,CU929359.2,CU929359.2
21094,CU929359.1,CU929359.1
21095,gdf10b,gdf10b
21096,gdf2,gdf2
21097,irbpl,irbpl
21098,rbp3,rbp3
21099,antxr1c,antxr1c
21100,ubtd1b,ubtd1b
21101,mms19,mms19
21102,zdhhc16b,zdhhc16b
21103,prkar1ab,prkar1ab
21104,fam20a,fam20a
21105,si:dkey-202c14.3,sidkey202c14.3
21106,lrrc45,lrrc45
21107,rac3b,rac3b
21108,dcxr,dcxr
21109,rfng,rfng
21110,sgca,sgca
21111,col1a1b,col1a1b
21112,si:ch1073-13h15.3,sich107313h15.3
21113,gngt2b,gngt2b
21114,tmem101,tmem101
21115,lsm12b,lsm12b
21116,g6pc3,g6pc3
21117,TANC2,TANC2
21118,coa3a,coa3a
21119,CABZ01069040.1,CABZ01069040.1
21120,vps25,vps25
21121,pagr1,pagr1
21122,tlcd3bb,tlcd3bb
21123,MAZ,MAZ
21124,taok2b,taok2b
21125,cabp5a,cabp5a
21126,nif3l1,nif3l1
21127,gdpd3b,gdpd3b
21128,tbx6,tbx6
21129,zgc:92040,zgc92040
21130,eif3c,eif3c
21131,ppp4cb,ppp4cb
21132,si:ch211-136m16.8,sich211136m16.8
21133,si:ch211-180a12.2,sich211180a12.2
21134,zgc:123217,zgc123217
21135,aldoab,aldoab
21136,si:dkey-32n7.4,sidkey32n7.4
21137,itgam,itgam
21138,si:dkey-32n7.7,sidkey32n7.7
21139,si:dkey-32n7.8,sidkey32n7.8
21140,si:dkey-32n7.9,sidkey32n7.9
21141,vkorc1,vkorc1
21142,mapk7,mapk7
21143,zgc:92313,zgc92313
21144,mmp25b,mmp25b
21145,CU571308.1,CU571308.1
21146,ca15b,ca15b
21147,zgc:153760,zgc153760
21148,ca15a,ca15a
21149,ca15c,ca15c
21150,si:ch211-173d10.4,sich211173d10.4
21151,hrc,hrc
21152,hrc-1,hrc-1
21153,hrc-2,hrc-2
21154,trpm4b.2,trpm4b.2
21155,CABZ01030103.1,CABZ01030103.1
21156,CABZ01030107.1,CABZ01030107.1
21157,si:dkey-94f20.4,sidkey94f20.4
21158,irf3,irf3
21159,prr12a,prr12a
21160,si:ch211-255p10.4,sich211255p10.4
21161,si:ch211-255p10.3,sich211255p10.3
21162,kansl1a,kansl1a
21163,mapta,mapta
21164,si:ch211-93e11.8,sich21193e11.8
21165,zgc:163073,zgc163073
21166,ghrhr2,ghrhr2
21167,scn4aa,scn4aa
21168,cd79b,cd79b
21169,ifnphi4,ifnphi4
21170,plekhm1,plekhm1
21171,arhgap27,arhgap27
21172,kif22,kif22
21173,AL929469.5,AL929469.5
21174,AL929469.4,AL929469.4
21175,AL929469.2,AL929469.2
21176,AL929469.1,AL929469.1
21177,prrt2,prrt2
21178,AL929469.3,AL929469.3
21179,cep55l,cep55l
21180,rbp4,rbp4
21181,pde6c,pde6c
21182,fra10ac1,fra10ac1
21183,lgi1b,lgi1b
21184,SLC35G1,SLC35G1
21185,plce1,plce1
21186,noc3l,noc3l
21187,tbc1d12b,tbc1d12b
21188,drd6b,drd6b
21189,abi3b,abi3b
21190,ace,ace
21191,itga3b,itga3b
21192,dlx3b,dlx3b
21193,dlx4b,dlx4b
21194,LO017821.1,LO017821.1
21195,BX294177.1,BX294177.1
21196,si:ch211-131k2.2,sich211131k2.2
21197,kat7b,kat7b
21198,si:ch211-131k2.3,sich211131k2.3
21199,g6pca.1,g6pca.1
21200,g6pca.2,g6pca.2
21201,aarsd1,aarsd1
21202,sgms1,sgms1
21203,asah2,asah2
21204,rltgr,rltgr
21205,a1cf,a1cf
21206,prkg1b,prkg1b
21207,BX248126.1,BX248126.1
21208,BX649533.1,BX649533.1
21209,dkk1b,dkk1b
21210,si:ch211-253p2.2,sich211253p2.2
21211,pcdh15b,pcdh15b
21212,CU184911.1,CU184911.1
21213,si:dkey-187i8.2,sidkey187i8.2
21214,ipmkb,ipmkb
21215,ube2d1b,ube2d1b
21216,tfam,tfam
21217,zgc:171971,zgc171971
21218,bicc1b,bicc1b
21219,FP102277.2,FP102277.2
21220,phyhiplb,phyhiplb
21221,FP102277.1,FP102277.1
21222,FQ311940.1,FQ311940.1
21223,slc16a9b,slc16a9b
21224,ccdc6b,ccdc6b
21225,ank3b,ank3b
21226,CABZ01050062.1,CABZ01050062.1
21227,CABZ01050061.1,CABZ01050061.1
21228,ank3b-1,ank3b-1
21229,BX548028.1,BX548028.1
21230,rhobtb1,rhobtb1
21231,tmem26b,tmem26b
21232,cabcoco1,cabcoco1
21233,arid5b,arid5b
21234,CR354434.1,CR354434.1
21235,adoa,adoa
21236,egr2b,egr2b
21237,CR932364.1,CR932364.1
21238,nrbf2b,nrbf2b
21239,jmjd1cb,jmjd1cb
21240,reep3b,reep3b
21241,CR354554.1,CR354554.1
21242,cyp26a1,cyp26a1
21243,exoc6,exoc6
21244,adam8b,adam8b
21245,CR854953.1,CR854953.1
21246,tubgcp2,tubgcp2
21247,pimr46,pimr46
21248,pth3r,pth3r
21249,taco1,taco1
21250,kcnh6b,kcnh6b
21251,CR457459.1,CR457459.1
21252,erbb2,erbb2
21253,pgap3,pgap3
21254,si:ch211-207i20.2,sich211207i20.2
21255,dnajc9,dnajc9
21256,si:ch211-207i20.3,sich211207i20.3
21257,nudt13,nudt13
21258,p4ha1a,p4ha1a
21259,arg1,arg1
21260,heatr1,heatr1
21261,AL732629.1,AL732629.1
21262,AL732629.2,AL732629.2
21263,ppp1r9bb,ppp1r9bb
21264,prdm9,prdm9
21265,rundc3ab,rundc3ab
21266,fam117ab,fam117ab
21267,ndufa4,ndufa4
21268,ngfrb,ngfrb
21269,slc4a1b,slc4a1b
21270,BX928755.1,BX928755.1
21271,si:dkeyp-118b1.2,sidkeyp118b1.2
21272,smarcd2,smarcd2
21273,psmc5,psmc5
21274,si:ch73-103l1.2,sich73103l1.2
21275,mpp2b,mpp2b
21276,CU459020.1,CU459020.1
21277,pyyb,pyyb
21278,tut1,tut1
21279,ndc80,ndc80
21280,mki67,mki67
21281,eef2k,eef2k
21282,mosmob,mosmob
21283,uqcrc2b,uqcrc2b
21284,snu13b,snu13b
21285,crym,crym
21286,rac1a,rac1a
21287,zgc:152977,zgc152977
21288,myof,myof
21289,lrrc3ca,lrrc3ca
21290,csf3a,csf3a
21291,med24,med24
21292,FO704786.1,FO704786.1
21293,top2a,top2a
21294,raraa,raraa
21295,vps35l,vps35l
21296,si:ch73-30l9.1,sich7330l9.1
21297,get4,get4
21298,zgc:174164,zgc174164
21299,si:rp71-19m20.1,sirp7119m20.1
21300,htra1b,htra1b
21301,plekha1b,plekha1b
21302,btbd16,btbd16
21303,CR450852.1,CR450852.1
21304,waplb,waplb
21305,atoh1c,atoh1c
21306,grid1b,grid1b
21307,BX572641.1,BX572641.1
21308,BX548041.1,BX548041.1
21309,ccser2b,ccser2b
21310,patl2,patl2
21311,cmn,cmn
21312,cxl34c,cxl34c
21313,paqr4b,paqr4b
21314,pelo,pelo
21315,ppp1cab,ppp1cab
21316,atp2a1l,atp2a1l
21317,irf9,irf9
21318,emc9,emc9
21319,psme2,psme2
21320,lsm5,lsm5
21321,drosha,drosha
21322,kcnh4b,kcnh4b
21323,BX649204.1,BX649204.1
21324,ghdc,ghdc
21325,CR354395.2,CR354395.2
21326,stat5b,stat5b
21327,oplah,oplah
21328,CR354395.1,CR354395.1
21329,foxh1,foxh1
21330,BX640453.1,BX640453.1
21331,ppp1r16a,ppp1r16a
21332,adam11,adam11
21333,dbf4b,dbf4b
21334,fkbp10b,fkbp10b
21335,klhl11,klhl11
21336,aclyb,aclyb
21337,si:ch211-217a12.1,sich211217a12.1
21338,buc2l,buc2l
21339,kbtbd2,kbtbd2
21340,avl9,avl9
21341,mto1,mto1
21342,FO704673.1,FO704673.1
21343,becn1,becn1
21344,neurod2,neurod2
21345,pkmyt1,pkmyt1
21346,mylpfb,mylpfb
21347,CR456635.1,CR456635.1
21348,adprh,adprh
21349,sult1st6,sult1st6
21350,med1,med1
21351,plxdc1,plxdc1
21352,CR749751.1,CR749751.1
21353,arhgap23b,arhgap23b
21354,hexim1,hexim1
21355,acbd4,acbd4
21356,plcd3b,plcd3b
21357,nmt1b,nmt1b
21358,svild,svild
21359,kcnj19b,kcnj19b
21360,znf281b,znf281b
21361,muc13b,muc13b
21362,lrp2b,lrp2b
21363,mpp3b,mpp3b
21364,ppp1r3cb,ppp1r3cb
21365,hectd2,hectd2
21366,pcgf5b,pcgf5b
21367,ankrd1b,ankrd1b
21368,rpp30,rpp30
21369,kif20bb,kif20bb
21370,CABZ01044816.1,CABZ01044816.1
21371,HTR7,HTR7
21372,si:dkey-269i1.4,sidkey269i1.4
21373,FO704724.2,FO704724.2
21374,si:dkey-239j18.2,sidkey239j18.2
21375,BX465840.1,BX465840.1
21376,ctslb,ctslb
21377,si:dkey-239j18.3,sidkey239j18.3
21378,BX465840.2,BX465840.2
21379,ctslb-1,ctslb-1
21380,ctslb-2,ctslb-2
21381,BX322603.1,BX322603.1
21382,zgc:174154,zgc174154
21383,si:dkey-269i1.4-1,sidkey269i1.4-1
21384,ctslb-3,ctslb-3
21385,BX000534.2,BX000534.2
21386,si:dkey-26g8.5,sidkey26g8.5
21387,zgc:174855,zgc174855
21388,zgc:174153,zgc174153
21389,pank1b,pank1b
21390,dre-mir-107a,dre-mir-107a
21391,slc16a12b,slc16a12b
21392,ifit12,ifit12
21393,BX000534.1,BX000534.1
21394,ifit11,ifit11
21395,ifit10,ifit10
21396,ifit9,ifit9
21397,ch25h,ch25h
21398,acta2,acta2
21399,stambpl1,stambpl1
21400,ankrd22,ankrd22
21401,lipf,lipf
21402,rnls,rnls
21403,AL731788.1,AL731788.1
21404,ptenb,ptenb
21405,atad1b,atad1b
21406,papss2b,papss2b
21407,minpp1b,minpp1b
21408,cyth3a,cyth3a
21409,usp42,usp42
21410,eif2ak1,eif2ak1
21411,pms2,pms2
21412,rsph10b,rsph10b
21413,dlgap5,dlgap5
21414,ccz1,ccz1
21415,pvalb9,pvalb9
21416,CR932017.1,CR932017.1
21417,pvalb3,pvalb3
21418,dre-mir-2192,dre-mir-2192
21419,pvalb2,pvalb2
21420,CT033796.2,CT033796.2
21421,CT033796.1,CT033796.1
21422,bhlha15,bhlha15
21423,tecpr1a,tecpr1a
21424,baiap2l1a,baiap2l1a
21425,tmem130,tmem130
21426,nptx2b,nptx2b
21427,trrap,trrap
21428,BX005075.1,BX005075.1
21429,fam20cb,fam20cb
21430,FOXL3,FOXL3
21431,tom1l2,tom1l2
21432,atpaf2,atpaf2
21433,noxo1b,noxo1b
21434,rnf151,rnf151
21435,tex2l,tex2l
21436,neurl2,neurl2
21437,msrb1b,msrb1b
21438,msrb1b-1,msrb1b-1
21439,mlst8,mlst8
21440,bricd5,bricd5
21441,CT009714.1,CT009714.1
21442,pgp,pgp
21443,zdhhc4,zdhhc4
21444,grid2ipb,grid2ipb
21445,AL772266.2,AL772266.2
21446,si:ch211-147h1.4,sich211147h1.4
21447,rgs9b,rgs9b
21448,mrtfab,mrtfab
21449,AL772266.1,AL772266.1
21450,shisa8b,shisa8b
21451,desi1b,desi1b
21452,xrcc6,xrcc6
21453,josd1,josd1
21454,cbx7b,cbx7b
21455,ep300a,ep300a
21456,l3mbtl2,l3mbtl2
21457,chadlb,chadlb
21458,rangap1b,rangap1b
21459,PLBD1,PLBD1
21460,kctd17,kctd17
21461,si:ch73-139e5.4,sich73139e5.4
21462,csdc2a,csdc2a
21463,aco2,aco2
21464,phf5a,phf5a
21465,tefa,tefa
21466,zc3h7bb,zc3h7bb
21467,cby1,cby1
21468,slc16a8,slc16a8
21469,pdap1a,pdap1a
21470,sh3bp1,sh3bp1
21471,cdc42ep1a,cdc42ep1a
21472,si:ch211-141o9.10,sich211141o9.10
21473,tnrc6b,tnrc6b
21474,csnk1e,csnk1e
21475,tmem184ba,tmem184ba
21476,maff,maff
21477,tomm22,tomm22
21478,dmc1,dmc1
21479,gspt1,gspt1
21480,rsl1d1,rsl1d1
21481,BX649366.1,BX649366.1
21482,BX649366.2,BX649366.2
21483,si:dkey-16i5.8,sidkey16i5.8
21484,snx29,snx29
21485,shisa9a,shisa9a
21486,cpped1,cpped1
21487,ercc4,ercc4
21488,mrtfba,mrtfba
21489,ubald1a,ubald1a
21490,mgrn1a,mgrn1a
21491,foxj1b,foxj1b
21492,CR352324.1,CR352324.1
21493,rhbdf1b,rhbdf1b
21494,zgc:163057,zgc163057
21495,hbbe3,hbbe3
21496,hbae5,hbae5
21497,hbbe2,hbbe2
21498,aqp8a.2,aqp8a.2
21499,aqp8a.1,aqp8a.1
21500,lcmt1,lcmt1
21501,arhgap17a,arhgap17a
21502,FP565451.1,FP565451.1
21503,FP565451.2,FP565451.2
21504,si:zfos-754c12.2,sizfos754c12.2
21505,gna13a,gna13a
21506,AMZ2,AMZ2
21507,SLC16A6,SLC16A6
21508,arsg,arsg
21509,snx11,snx11
21510,si:dkey-220f10.4,sidkey220f10.4
21511,stx4,stx4
21512,calcoco2,calcoco2
21513,snf8,snf8
21514,gip,gip
21515,mxra7,mxra7
21516,st6galnac1.1,st6galnac1.1
21517,st6galnac1.2,st6galnac1.2
21518,CASKIN2,CASKIN2
21519,nme2a,nme2a
21520,BX004803.1,BX004803.1
21521,ca10a,ca10a
21522,FO704814.1,FO704814.1
21523,CR753823.1,CR753823.1
21524,eme1,eme1
21525,mrpl27,mrpl27
21526,pkd1b,pkd1b
21527,BX510316.1,BX510316.1
21528,thrab,thrab
21529,CR388157.1,CR388157.1
21530,ormdl3,ormdl3
21531,wnt3,wnt3
21532,nsfb,nsfb
21533,si:dkey-38p12.3,sidkey38p12.3
21534,hdlbpb,hdlbpb
21535,neurl4,neurl4
21536,shbg,shbg
21537,zbtb4,zbtb4
21538,polr2a,polr2a
21539,capgb,capgb
21540,CR925753.1,CR925753.1
21541,si:dkey-219e21.2,sidkey219e21.2
21542,mfsd8,mfsd8
21543,zcchc4,zcchc4
21544,si:dkey-219e21.4,sidkey219e21.4
21545,cdca9,cdca9
21546,ablim2,ablim2
21547,afap1,afap1
21548,rab18a,rab18a
21549,mkxa,mkxa
21550,armc4,armc4
21551,BX927205.1,BX927205.1
21552,mpp7a,mpp7a
21553,waca,waca
21554,bambia,bambia
21555,BX005058.2,BX005058.2
21556,BX005058.1,BX005058.1
21557,map3k8,map3k8
21558,mtpap,mtpap
21559,jcada,jcada
21560,svila,svila
21561,CU914155.1,CU914155.1
21562,psme4b,psme4b
21563,chac2,chac2
21564,asb3,asb3
21565,AL928656.1,AL928656.1
21566,nrxn1a,nrxn1a
21567,BX255907.2,BX255907.2
21568,BX255907.1,BX255907.1
21569,fshr,fshr
21570,foxn2b,foxn2b
21571,fbxo11a-1,fbxo11a-1
21572,msh2,msh2
21573,calm3a,calm3a
21574,socs5a,socs5a
21575,CR385067.1,CR385067.1
21576,gch2,gch2
21577,cript,cript
21578,pigf,pigf
21579,rhoq,rhoq
21580,cox7a2l,cox7a2l
21581,CR848736.1,CR848736.1
21582,kcng3,kcng3
21583,mta3,mta3
21584,hcar1-4,hcar1-4
21585,CR932077.1,CR932077.1
21586,zfp36l2,zfp36l2
21587,ppm1bb,ppm1bb
21588,six3b,six3b
21589,six2b,six2b
21590,prkcea,prkcea
21591,CR932018.1,CR932018.1
21592,epas1a,epas1a
21593,glud1b,glud1b
21594,si:dkey-193p11.2,sidkey193p11.2
21595,sncgb,sncgb
21596,mmrn2b,mmrn2b
21597,bmpr1ab,bmpr1ab
21598,ldb3b,ldb3b
21599,opn4b,opn4b
21600,CR854941.1,CR854941.1
21601,CR854941.2,CR854941.2
21602,usp54b,usp54b
21603,myoz1b,myoz1b
21604,synpo2lb,synpo2lb
21605,itgb3b,itgb3b
21606,ndel1a,ndel1a
21607,si:dkey-287g12.6,sidkey287g12.6
21608,armc7,armc7
21609,acsf2,acsf2
21610,chad,chad
21611,faap100,faap100
21612,tap2t,tap2t
21613,slc16a5a,slc16a5a
21614,kctd2,kctd2
21615,si:dkey-148d16.5,sidkey148d16.5
21616,hexdc,hexdc
21617,arhgap12b,arhgap12b
21618,zeb1b,zeb1b
21619,znf438,znf438
21620,BX469896.1,BX469896.1
21621,msl1b,msl1b
21622,chmp2a,chmp2a
21623,fbrs,fbrs
21624,srcap,srcap
21625,ttll6,ttll6
21626,hoxb8b,hoxb8b
21627,BX001014.2,BX001014.2
21628,hoxb6b,hoxb6b
21629,hoxb5b,hoxb5b
21630,dre-mir-10a,dre-mir-10a
21631,hoxb1b,hoxb1b
21632,BX001014.1,BX001014.1
21633,skap1,skap1
21634,psme3,psme3
21635,nbr1a,nbr1a
21636,tmem106a,tmem106a
21637,si:dkey-11c5.11,sidkey11c5.11
21638,arl4d,arl4d
21639,dusp3a,dusp3a
21640,sost,sost
21641,meox1,meox1
21642,AL833789.1,AL833789.1
21643,etv4,etv4
21644,dhx8,dhx8
21645,spata20,spata20
21646,CU210844.1,CU210844.1
21647,cacna1g,cacna1g
21648,CABZ01027646.1,CABZ01027646.1
21649,LO017791.1,LO017791.1
21650,uts2r2,uts2r2
21651,psmd11b,psmd11b
21652,cdk5r1b,cdk5r1b
21653,MYO1D,MYO1D
21654,CT033800.2,CT033800.2
21655,si:ch73-180n10.1,sich73180n10.1
21656,pdk2a,pdk2a
21657,tbkbp1,tbkbp1
21658,BX248092.1,BX248092.1
21659,tbx21,tbx21
21660,osbpl7,osbpl7
21661,mrpl10,mrpl10
21662,pnpo,pnpo
21663,prr15lb,prr15lb
21664,cdk5rap3,cdk5rap3
21665,si:ch211-194k22.8,sich211194k22.8
21666,nfe2l1b,nfe2l1b
21667,cbx1b,cbx1b
21668,phkg2,phkg2
21669,si:ch73-81k8.2,sich7381k8.2
21670,rnf40,rnf40
21671,AL732488.2,AL732488.2
21672,AL732488.3,AL732488.3
21673,znf646,znf646
21674,znf668,znf668
21675,si:rp71-1c10.10,sirp711c10.10
21676,si:rp71-1c10.11,sirp711c10.11
21677,cd37,cd37
21678,si:rp71-1c10.8,sirp711c10.8
21679,valopb,valopb
21680,AL732488.1,AL732488.1
21681,gabrz,gabrz
21682,CT573003.1,CT573003.1
21683,adgra1a,adgra1a
21684,si:ch211-214e3.5,sich211214e3.5
21685,mxtx2,mxtx2
21686,bms1,bms1
21687,sh2d4bb,sh2d4bb
21688,BX072570.1,BX072570.1
21689,nrg3b,nrg3b
21690,BX072570.2,BX072570.2
21691,gfra1b,gfra1b
21692,BX004794.2,BX004794.2
21693,BX004794.1,BX004794.1
21694,atrnl1b,atrnl1b
21695,CU464184.2,CU464184.2
21696,CU464184.1,CU464184.1
21697,trub1,trub1
21698,ablim1b,ablim1b
21699,BX465198.2,BX465198.2
21700,BX465198.1,BX465198.1
21701,afap1l2,afap1l2
21702,vwa2,vwa2
21703,tdrd1,tdrd1
21704,ERGIC2,ERGIC2
21705,ccdc186,ccdc186
21706,CR932360.2,CR932360.2
21707,CR932360.1,CR932360.1
21708,adrb1,adrb1
21709,nhlrc2,nhlrc2
21710,CU695011.2,CU695011.2
21711,dclre1a,dclre1a
21712,CU695011.1,CU695011.1
21713,plekhs1,plekhs1
21714,zgc:153920,zgc153920
21715,zgc:158404,zgc158404
21716,si:ch211-28p3.3,sich21128p3.3
21717,si:ch211-28p3.4,sich21128p3.4
21718,casp7,casp7
21719,nrap,nrap
21720,CR381684.1,CR381684.1
21721,thbs2b,thbs2b
21722,kcnk1a,kcnk1a
21723,slc35f3a,slc35f3a
21724,entpd1,entpd1
21725,aldh18a1,aldh18a1
21726,crygmx,crygmx
21727,crygmxl2,crygmxl2
21728,CR751608.1,CR751608.1
21729,tcf7l2,tcf7l2
21730,CR456684.2,CR456684.2
21731,vti1a,vti1a
21732,CR456684.1,CR456684.1
21733,CR456684.3,CR456684.3
21734,zdhhc6,zdhhc6
21735,acsl5,acsl5
21736,gucy2g,gucy2g
21737,tectb,tectb
21738,gpam,gpam
21739,CU462848.1,CU462848.1
21740,si:ch73-205h11.1,sich73205h11.1
21741,CR352342.1,CR352342.1
21742,cpn1,cpn1
21743,cpn1-1,cpn1-1
21744,dnmbp,dnmbp
21745,habp2,habp2
21746,srsf2a,srsf2a
21747,RNF157,RNF157
21748,si:dkey-49c17.4,sidkey49c17.4
21749,lrrc59,lrrc59
21750,nat9,nat9
21751,CR450698.1,CR450698.1
21752,grin2cb,grin2cb
21753,dre-mir-2196,dre-mir-2196
21754,CR385040.2,CR385040.2
21755,rab40b,rab40b
21756,cox11,cox11
21757,stxbp4,stxbp4
21758,CR385040.1,CR385040.1
21759,hlfb,hlfb
21760,SMIM36,SMIM36
21761,FO704741.1,FO704741.1
21762,si:ch211-277e21.1,sich211277e21.1
21763,ANKFN1,ANKFN1
21764,nog3,nog3
21765,CT573006.2,CT573006.2
21766,enpp7.1,enpp7.1
21767,enpp7.2,enpp7.2
21768,CT573006.1,CT573006.1
21769,rbfox3a,rbfox3a
21770,BX936416.1,BX936416.1
21771,c1qtnf1,c1qtnf1
21772,csnk1db,csnk1db
21773,CR932358.1,CR932358.1
21774,slc16a3,slc16a3
21775,fasn,fasn
21776,cybc1,cybc1
21777,narf,narf
21778,slc9a3r1a,slc9a3r1a
21779,mbtd1,mbtd1
21780,tdrkh,tdrkh
21781,CR405682.1,CR405682.1
21782,tmem94,tmem94
21783,myo15b,myo15b
21784,llgl2,llgl2
21785,galk1,galk1
21786,twnk,twnk
21787,mrpl43,mrpl43
21788,sema4gb,sema4gb
21789,mfsd13a,mfsd13a
21790,trim8b,trim8b
21791,BX279525.1,BX279525.1
21792,arl3b,arl3b
21793,sfxn2,sfxn2
21794,timp2a,timp2a
21795,cyth1b,cyth1b
21796,pgs1,pgs1
21797,socs3b,socs3b
21798,CU855552.1,CU855552.1
21799,tha1,tha1
21800,tmem235b,tmem235b
21801,birc5a,birc5a
21802,fscn2b,fscn2b
21803,CR932362.1,CR932362.1
21804,bahcc1b,bahcc1b
21805,si:dkey-21c1.8,sidkey21c1.8
21806,slc38a10,slc38a10
21807,ENSDARG00000096749,ENSDARG00000096749
21808,tepsin,tepsin
21809,si:dkey-21c1.1,sidkey21c1.1
21810,si:dkey-21c1.4,sidkey21c1.4
21811,bicral,bicral
21812,CR854979.1,CR854979.1
21813,tbcc,tbcc
21814,prph2a,prph2a
21815,qki2,qki2
21816,CR678095.1,CR678095.1
21817,timm23a,timm23a
21818,zgc:112285,zgc112285
21819,syt15,syt15
21820,si:dkey-21e13.3,sidkey21e13.3
21821,si:ch73-127m5.2,sich73127m5.2
21822,CU459210.1,CU459210.1
21823,CU459210.2,CU459210.2
21824,si:ch73-127m5.1,sich73127m5.1
21825,ndst2b,ndst2b
21826,camk2g1,camk2g1
21827,CU469493.1,CU469493.1
21828,sec24c,sec24c
21829,chmp6b,chmp6b
21830,FO681473.1,FO681473.1
21831,baiap2b,baiap2b
21832,baiap2b-1,baiap2b-1
21833,aatkb,aatkb
21834,dre-mir-338-1,dre-mir-338-1
21835,CU459056.1,CU459056.1
21836,cep131,cep131
21837,CU459056.2,CU459056.2
21838,rnf213b,rnf213b
21839,dnai2a,dnai2a
21840,AL954682.2,AL954682.2
21841,nploc4,nploc4
21842,AL954682.1,AL954682.1
21843,pde6gb,pde6gb
21844,gprc5c,gprc5c
21845,gpr142,gpr142
21846,btbd17a,btbd17a
21847,map2k6,map2k6
21848,CU467923.1,CU467923.1
21849,kcnj2a,kcnj2a
21850,kcnj16,kcnj16
21851,galr2a,galr2a
21852,si:ch211-250n8.1,sich211250n8.1
21853,unk,unk
21854,unc13d,unc13d
21855,fbxw10,fbxw10
21856,si:ch211-216b21.2,sich211216b21.2
21857,CR749163.2,CR749163.2
21858,CR749163.3,CR749163.3
21859,CR749163.1,CR749163.1
21860,cox10,cox10
21861,hs3st3b1b,hs3st3b1b
21862,CR456627.1,CR456627.1
21863,pmp22b,pmp22b
21864,tekt3,tekt3
21865,si:ch211-152f22.4,sich211152f22.4
21866,cdc42ep4b,cdc42ep4b
21867,sdk2b,sdk2b
21868,AL935034.1,AL935034.1
21869,CT033802.1,CT033802.1
21870,CR450847.1,CR450847.1
21871,CABZ01046949.1,CABZ01046949.1
21872,CABZ01046950.1,CABZ01046950.1
21873,CR855123.1,CR855123.1
21874,BX927300.1,BX927300.1
21875,si:dkey-263j23.1,sidkey263j23.1
21876,rpl38,rpl38
21877,ttyh2,ttyh2
21878,dnai2b,dnai2b
21879,kif19,kif19
21880,abca5,abca5
21881,si:ch211-39f2.3,sich21139f2.3
21882,si:dkey-239b22.1,sidkey239b22.1
21883,si:ch73-181m17.1,sich73181m17.1
21884,si:dkey-239b22.2,sidkey239b22.2
21885,si:dkeyp-106c3.2-1,sidkeyp106c3.2-1
21886,BX294100.4,BX294100.4
21887,BX294100.2,BX294100.2
21888,BX294100.3,BX294100.3
21889,BX294100.1,BX294100.1
21890,FQ311878.1,FQ311878.1
21891,LO017650.1,LO017650.1
21892,CU062487.2,CU062487.2
21893,CU062487.1,CU062487.1
21894,CR847968.1,CR847968.1
21895,LO018394.1,LO018394.1
21896,LO018644.1,LO018644.1
21897,CDH18,CDH18
21898,si:ch211-27e6.1,sich21127e6.1
21899,epc1a,epc1a
21900,FP236323.1,FP236323.1
21901,kif5ba-1,kif5ba-1
21902,dpysl4,dpysl4
21903,jakmip3,jakmip3
21904,bnip3,bnip3
21905,ppp2r2d,ppp2r2d
21906,CT737148.1,CT737148.1
21907,TCERG1L,TCERG1L
21908,FO834866.1,FO834866.1
21909,zgc:111868,zgc111868
21910,glrx3,glrx3
21911,si:ch211-221j21.3,sich211221j21.3
21912,ebf3a-1,ebf3a-1
21913,LO017793.1,LO017793.1
21914,CABZ01077176.1,CABZ01077176.1
21915,FO681472.1,FO681472.1
21916,CABZ01043166.1,CABZ01043166.1
21917,BX321882.1,BX321882.1
21918,ptprea,ptprea
21919,clrn3,clrn3
21920,foxi1,foxi1
21921,zgc:112964,zgc112964
21922,CU914622.1,CU914622.1
21923,CU914622.2,CU914622.2
21924,si:ch73-329n5.6,sich73329n5.6
21925,CABZ01051581.1,CABZ01051581.1
21926,si:ch211-182p11.1,sich211182p11.1
21927,CR385054.1,CR385054.1
21928,si:dkey-201i2.4,sidkey201i2.4
21929,si:dkey-31i7.1,sidkey31i7.1
21930,si:ch211-182p11.1-1,sich211182p11.1-1
21931,si:ch73-329n5.2,sich73329n5.2
21932,si:ch73-329n5.1,sich73329n5.1
21933,si:dkey-31i7.2,sidkey31i7.2
21934,LO018104.1,LO018104.1
21935,dock1,dock1
21936,INSYN2A-1,INSYN2A-1
21937,CABZ01052809.1,CABZ01052809.1
21938,ADAM12,ADAM12
21939,fank1,fank1
21940,dhx32a,dhx32a
21941,bccip,bccip
21942,wbp2,wbp2
21943,trim65,trim65
21944,mrpl38,mrpl38
21945,fdxr,fdxr
21946,CABZ01068367.1,CABZ01068367.1
21947,CABZ01068366.1,CABZ01068366.1
21948,CABZ01068362.1,CABZ01068362.1
21949,CABZ01068359.1,CABZ01068359.1
21950,CABZ01068358.1,CABZ01068358.1
21951,CABZ01068356.1,CABZ01068356.1
21952,fbxl15,fbxl15
21953,gpx9,gpx9
21954,CU565528.1,CU565528.1
21955,pax2b,pax2b
21956,FO904966.2,FO904966.2
21957,CABZ01048956.1,CABZ01048956.1
21958,FO904966.1,FO904966.1
21959,zgc:153932,zgc153932
21960,zgc:153932-1,zgc1539321
21961,si:ch211-226h7.8,sich211226h7.8
21962,AL954655.1,AL954655.1
21963,si:ch211-226h7.6,sich211226h7.6
21964,si:ch211-226h7.5,sich211226h7.5
21965,AL954655.2,AL954655.2
21966,si:ch211-226h7.3,sich211226h7.3
21967,BX005305.3,BX005305.3
21968,BX005305.4,BX005305.4
21969,BX005305.1,BX005305.1
21970,BX005305.2,BX005305.2
21971,BX005305.5,BX005305.5
21972,CU855711.1,CU855711.1
21973,hid1b,hid1b
21974,ush1gb,ush1gb
21975,CABZ01111725.1,CABZ01111725.1
21976,FADS6,FADS6
21977,trim16,trim16
21978,tvp23b,tvp23b
21979,exoc7,exoc7
21980,plaub,plaub
21981,vclb,vclb
21982,CABZ01057891.1,CABZ01057891.1
21983,adkb,adkb
21984,hpdl,hpdl
21985,fam53b,fam53b
21986,lhpp,lhpp
21987,oat,oat
21988,zranb1a,zranb1a
21989,mtr,mtr
21990,CABZ01088982.1,CABZ01088982.1
21991,RYR2,RYR2
21992,chrm3b,chrm3b
21993,fmn2b,fmn2b
21994,grem2b,grem2b
21995,rgs7b,rgs7b
21996,fh,fh
21997,hhex,hhex
21998,lzts2b,lzts2b
21999,LO017725.2,LO017725.2
22000,CABZ01084340.1,CABZ01084340.1
22001,LO017725.1,LO017725.1
22002,selenou1b,selenou1b
22003,dydc2,dydc2
22004,polr3a,polr3a
22005,QRFPR,QRFPR
22006,tbata,tbata
22007,CABZ01074994.1,CABZ01074994.1
22008,adamts14,adamts14
22009,pald1a,pald1a
22010,npffr1,npffr1
22011,ndr2,ndr2
22012,lrrc20,lrrc20
22013,ppa1a,ppa1a
22014,ascc1,ascc1
22015,anapc16,anapc16
22016,ddit4,ddit4
22017,dnajb12b,dnajb12b
22018,scd,scd
22019,sec31b,sec31b
22020,ndufb8,ndufb8
22021,arhgap44,arhgap44
22022,LO017829.1,LO017829.1
22023,cyp4f3,cyp4f3
22024,SYDE1,SYDE1
22025,zgc:92749,zgc92749
22026,zgc:165653,zgc165653
22027,uros,uros
22028,mmp21,mmp21
22029,LO017648.1,LO017648.1
22030,zmiz1b,zmiz1b
22031,ppifb,ppifb
22032,anxa11b,anxa11b
22033,dlg5b.1,dlg5b.1
22034,KCNMA1,KCNMA1
22035,slc18a3b,slc18a3b
22036,rgrb,rgrb
22037,lrit1b,lrit1b
22038,ENSDARG00000104756,ENSDARG00000104756
22039,CABZ01112656.1,CABZ01112656.1
22040,chst3b,chst3b
22041,CABZ01075114.1,CABZ01075114.1
22042,CABZ01075125.1,CABZ01075125.1
22043,CABZ01097761.1,CABZ01097761.1
22044,FO704607.1,FO704607.1
22045,si:zfos-911d5.4,sizfos911d5.4
22046,bub3,bub3
22047,hmx3b,hmx3b
22048,acadsb,acadsb
22049,PSTK,PSTK
22050,col14a1b,col14a1b
22051,CU633999.1,CU633999.1
22052,zhx2b,zhx2b
22053,CU633999.2,CU633999.2
22054,dnajc8,dnajc8
22055,hnrnpr,hnrnpr
22056,atp5if1a,atp5if1a
22057,adgrb1b,adgrb1b
22058,tnfrsf11b,tnfrsf11b
22059,carmil1,carmil1
22060,tatdn1,tatdn1
22061,rnf139,rnf139
22062,tmem65,tmem65
22063,zbtb22a,zbtb22a
22064,scn1bb,scn1bb
22065,syngap1a,syngap1a
22066,lingo4a,lingo4a
22067,ctss1,ctss1
22068,gpd1c,gpd1c
22069,golph3l,golph3l
22070,CR548627.1,CR548627.1
22071,ensaa,ensaa
22072,mcl1a,mcl1a
22073,vps72a,vps72a
22074,tnfaip8l2a,tnfaip8l2a
22075,sema6d,sema6d
22076,dus3l,dus3l
22077,FO744847.1,FO744847.1
22078,CABZ01010098.1,CABZ01010098.1
22079,akap9,akap9
22080,FUT9-2,FUT9-2
22081,cyp51,cyp51
22082,nup42,nup42
22083,tert,tert
22084,slc6a18,slc6a18
22085,slc6a19a.1,slc6a19a.1
22086,slc6a19a.2,slc6a19a.2
22087,fhod3a,fhod3a
22088,gstr,gstr
22089,msto1,msto1
22090,tmem79a,tmem79a
22091,glmp,glmp
22092,nrm,nrm
22093,ppp1r18,ppp1r18
22094,eomesa,eomesa
22095,tgfbr2a,tgfbr2a
22096,RNF5,RNF5
22097,slc44a4,slc44a4
22098,ehmt2,ehmt2
22099,zdhhc3b,zdhhc3b
22100,tmem42b,tmem42b
22101,CABZ01111953.1,CABZ01111953.1
22102,slc39a4,slc39a4
22103,CABZ01078989.1,CABZ01078989.1
22104,scrt1a,scrt1a
22105,zgc:63863,zgc63863
22106,dgat1a,dgat1a
22107,cfap20,cfap20
22108,oxsm,oxsm
22109,btr29,btr29
22110,CABZ01073736.1,CABZ01073736.1
22111,SLC45A4,SLC45A4
22112,lrrc3b,lrrc3b
22113,klhl7,klhl7
22114,dennd3a,dennd3a
22115,ptk2aa,ptk2aa
22116,rplp1,rplp1
22117,clptm1l,clptm1l
22118,snrpd1,snrpd1
22119,ggcta,ggcta
22120,si:ch211-149a19.3,sich211149a19.3
22121,znrf2a,znrf2a
22122,mturn,mturn
22123,sh3bp5a,sh3bp5a
22124,btd,btd
22125,CABZ01071939.1,CABZ01071939.1
22126,snx13,snx13
22127,twist1a,twist1a
22128,ferd3l,ferd3l
22129,itgb8,itgb8
22130,sp8a,sp8a
22131,sp4,sp4
22132,twistnb,twistnb
22133,FO904989.1,FO904989.1
22134,cdca7b,cdca7b
22135,si:ch73-345f18.3,sich73345f18.3
22136,fam126a,fam126a
22137,si:ch73-24k9.2,sich7324k9.2
22138,tomm7,tomm7
22139,il6,il6
22140,rapgef5a,rapgef5a
22141,recql4,recql4
22142,CDCP1,CDCP1
22143,clec3bb,clec3bb
22144,exosc7,exosc7
22145,hgh1,hgh1
22146,si:ch211-251g8.5,sich211251g8.5
22147,bop1,bop1
22148,scxa,scxa
22149,hsf1,hsf1
22150,si:ch211-80h18.1,sich21180h18.1
22151,CT574549.1,CT574549.1
22152,zgc:86598,zgc86598
22153,stm,stm
22154,si:ch211-133n4.6,sich211133n4.6
22155,si:ch211-133n4.4,sich211133n4.4
22156,zgc:158445,zgc158445
22157,illr1,illr1
22158,si:ch211-133n4.12,sich211133n4.12
22159,si:ch211-133n4.11,sich211133n4.11
22160,illr3,illr3
22161,illr2,illr2
22162,si:ch211-133n4.10,sich211133n4.10
22163,si:ch211-133n4.7,sich211133n4.7
22164,si:ch211-133n4.9,sich211133n4.9
22165,edn1,edn1
22166,hivep1,hivep1
22167,tmem170b,tmem170b
22168,BX890591.1,BX890591.1
22169,nedd9,nedd9
22170,smim13,smim13
22171,CT030005.3,CT030005.3
22172,CT030005.1,CT030005.1
22173,btr22,btr22
22174,btr18,btr18
22175,btr21,btr21
22176,CT030005.2,CT030005.2
22177,btr20,btr20
22178,si:dkey-206d17.16,sidkey206d17.16
22179,btr24,btr24
22180,si:dkey-206d17.15,sidkey206d17.15
22181,ENSDARG00000101034,ENSDARG00000101034
22182,oscp1a,oscp1a
22183,oscp1a-1,oscp1a-1
22184,eva1bb,eva1bb
22185,thrap3b,thrap3b
22186,si:ch73-281i18.3,sich73281i18.3
22187,si:ch73-281i18.4,sich73281i18.4
22188,si:ch73-281i18.7,sich73281i18.7
22189,si:ch73-281i18.6,sich73281i18.6
22190,map7d1b,map7d1b
22191,CU861574.1,CU861574.1
22192,stpg1,stpg1
22193,meaf6,meaf6
22194,btr23,btr23
22195,btr24-1,btr24-1
22196,btr25,btr25
22197,btr26,btr26
22198,zgc:173581,zgc173581
22199,fhl3b,fhl3b
22200,rragcb,rragcb
22201,TRAPPC9,TRAPPC9
22202,CU570886.1,CU570886.1
22203,trappc9,trappc9
22204,kcnk9,kcnk9
22205,CT583670.1,CT583670.1
22206,dre-mir-30a,dre-mir-30a
22207,CABZ01063426.1,CABZ01063426.1
22208,st3gal1,st3gal1
22209,CU652215.1,CU652215.1
22210,st3gal1l,st3gal1l
22211,fbxl20,fbxl20
22212,cdk12,cdk12
22213,ppp1r1b,ppp1r1b
22214,stard3,stard3
22215,zgc:91968,zgc91968
22216,chd4a,chd4a
22217,eno2,eno2
22218,AL772314.1,AL772314.1
22219,tpi1a,tpi1a
22220,gnb3b,gnb3b
22221,si:dkey-89b17.4,sidkey89b17.4
22222,stx1b,stx1b
22223,prf1.3,prf1.3
22224,si:dkeyp-113d7.10,sidkeyp113d7.10
22225,si:dkeyp-113d7.1,sidkeyp113d7.1
22226,krt1-19d,krt1-19d
22227,krtt1c19e,krtt1c19e
22228,krt92,krt92
22229,cyt1l,cyt1l
22230,cyt1,cyt1
22231,krt17,krt17
22232,krt91,krt91
22233,BX323079.2,BX323079.2
22234,eif1,eif1
22235,BX323079.1,BX323079.1
22236,jupb,jupb
22237,wipf2b,wipf2b
22238,ft2,ft2
22239,ft1,ft1
22240,si:ch211-264f5.2,sich211264f5.2
22241,pdk2b,pdk2b
22242,zgc:174904,zgc174904
22243,CU207217.1,CU207217.1
22244,si:ch211-264f5.6,sich211264f5.6
22245,CU207217.2,CU207217.2
22246,si:ch211-264f5.8,sich211264f5.8
22247,LO018585.1,LO018585.1
22248,LO018585.2,LO018585.2
22249,gsk3aa,gsk3aa
22250,cica,cica
22251,BX004874.1,BX004874.1
22252,erf,erf
22253,pou2f2a-1,pou2f2a-1
22254,atp1a3a,atp1a3a
22255,pvrl2l,pvrl2l
22256,CR391908.1,CR391908.1
22257,tcf19l,tcf19l
22258,CABZ01029822.1,CABZ01029822.1
22259,FP074867.1,FP074867.1
22260,zgc:162972,zgc162972
22261,si:ch1073-127d16.1,sich1073127d16.1
22262,si:ch73-367f21.4,sich73367f21.4
22263,si:ch73-367f21.5,sich73367f21.5
22264,si:ch73-367f21.6,sich73367f21.6
22265,flot1a,flot1a
22266,znf384l,znf384l
22267,kifc1,kifc1
22268,zbtb22b,zbtb22b
22269,daxx,daxx
22270,FP085393.1,FP085393.1
22271,tapbp.1,tapbp.1
22272,mhc1uka,mhc1uka
22273,tapbp.2,tapbp.2
22274,mhc1uba,mhc1uba
22275,psmb8a,psmb8a
22276,psmb13a,psmb13a
22277,psmb12,psmb12
22278,psmb9a,psmb9a
22279,tap2a,tap2a
22280,brd2a,brd2a
22281,hsd17b8,hsd17b8
22282,col11a2,col11a2
22283,FP101875.2,FP101875.2
22284,FP101875.1,FP101875.1
22285,rxrba,rxrba
22286,sdha,sdha
22287,ccdc127b,ccdc127b
22288,sqleb,sqleb
22289,FP085394.1,FP085394.1
22290,oxr1b,oxr1b
22291,naxe,naxe
22292,rab25a,rab25a
22293,sf3b4,sf3b4
22294,gabpb2a,gabpb2a
22295,mllt11,mllt11
22296,mindy1,mindy1
22297,BX927401.2,BX927401.2
22298,rfx5,rfx5
22299,BX927401.3,BX927401.3
22300,mrpl24,mrpl24
22301,BX927401.1,BX927401.1
22302,prcc,prcc
22303,mrpl9,mrpl9
22304,lix1l,lix1l
22305,pbxip1a,pbxip1a
22306,CT573133.1,CT573133.1
22307,CT573133.2,CT573133.2
22308,s100a11,s100a11
22309,s100u,s100u
22310,s100s,s100s
22311,pygo2,pygo2
22312,cgnb,cgnb
22313,urgcp,urgcp
22314,si:dkey-204a24.11,sidkey204a24.11
22315,tuft1b,tuft1b
22316,ubap2l,ubap2l
22317,hax1,hax1
22318,aqp10b,aqp10b
22319,znf687b,znf687b
22320,CR628394.1,CR628394.1
22321,cks1b,cks1b
22322,nuggc.1,nuggc.1
22323,si:dkeyp-85e10.3,sidkeyp85e10.3
22324,nuggc.2,nuggc.2
22325,nuggc.3,nuggc.3
22326,si:dkey-266f7.4,sidkey266f7.4
22327,si:dkey-266f7.5,sidkey266f7.5
22328,si:dkey-266f7.10,sidkey266f7.10
22329,CR936442.1,CR936442.1
22330,si:dkey-266f7.9,sidkey266f7.9
22331,efna3a,efna3a
22332,BX545847.1,BX545847.1
22333,efna1a,efna1a
22334,s100a10a,s100a10a
22335,dpm3,dpm3
22336,trim46b,trim46b
22337,snx27a,snx27a
22338,si:ch211-39a7.1,sich21139a7.1
22339,rps27.1,rps27.1
22340,cers2a,cers2a
22341,si:ch73-350k19.1,sich73350k19.1
22342,celf3a,celf3a
22343,BX248499.1,BX248499.1
22344,rprd2a,rprd2a
22345,ciarta,ciarta
22346,mrps21,mrps21
22347,crabp2b,crabp2b
22348,CU464180.1,CU464180.1
22349,scamp3,scamp3
22350,si:ch211-81a5.1,sich21181a5.1
22351,CR626935.1,CR626935.1
22352,ash1l,ash1l
22353,si:ch211-81a5.5,sich21181a5.5
22354,setdb1a,setdb1a
22355,clk2a,clk2a
22356,si:ch211-81a5.8,sich21181a5.8
22357,hcn3,hcn3
22358,ndufv1,ndufv1
22359,kmt2ba,kmt2ba
22360,CR391915.1,CR391915.1
22361,si:rp71-15k1.1,sirp7115k1.1
22362,si:ch73-15n24.1,sich7315n24.1
22363,si:ch211-288g17.4,sich211288g17.4
22364,BX005154.1,BX005154.1
22365,dre-let-7d-2,dre-let-7d-2
22366,dre-mir-125a-2,dre-mir-125a-2
22367,si:ch211-288g17.3,sich211288g17.3
22368,vamp1,vamp1
22369,iffo1a,iffo1a
22370,ing4,ing4
22371,fam131ba,fam131ba
22372,clcn1a,clcn1a
22373,styk1a,styk1a
22374,BX927218.2,BX927218.2
22375,slc2a3a,slc2a3a
22376,si:dkey-14o18.2,sidkey14o18.2
22377,BX927218.1,BX927218.1
22378,znfl1h,znfl1h
22379,cacng6a,cacng6a
22380,cacng8a,cacng8a
22381,cacng7a,cacng7a
22382,grin2da,grin2da
22383,BX950852.1,BX950852.1
22384,BX950852.2,BX950852.2
22385,dbpa,dbpa
22386,znf865,znf865
22387,shisa7b,shisa7b
22388,cnot3b,cnot3b
22389,u2af2b,u2af2b
22390,ccdc106b,ccdc106b
22391,tmem238a,tmem238a
22392,rcvrn3,rcvrn3
22393,si:ch211-232m10.6,sich211232m10.6
22394,zgc:194578,zgc194578
22395,necap1,necap1
22396,si:ch211-171h4.3,sich211171h4.3
22397,il11b,il11b
22398,si:ch211-171h4.5,sich211171h4.5
22399,si:ch211-171h4.7,sich211171h4.7
22400,si:ch73-160i9.3,sich73160i9.3
22401,si:ch73-160i9.1,sich73160i9.1
22402,si:ch73-160i9.2,sich73160i9.2
22403,si:ch73-160i9.3-1,sich73160i9.3-1
22404,si:dkey-211g8.1,sidkey211g8.1
22405,lim2.4,lim2.4
22406,usf2,usf2
22407,CR384101.1,CR384101.1
22408,si:dkey-211g8.4,sidkey211g8.4
22409,si:dkey-211g8.5,sidkey211g8.5
22410,si:dkey-211g8.8,sidkey211g8.8
22411,si:dkey-211g8.6,sidkey211g8.6
22412,si:dkey-211g8.7,sidkey211g8.7
22413,si:dkey-211g8.9,sidkey211g8.9
22414,tekt2,tekt2
22415,olah,olah
22416,ago3b,ago3b
22417,slc9a3.1,slc9a3.1
22418,BX005424.1,BX005424.1
22419,slc9a3.2,slc9a3.2
22420,lipea,lipea
22421,si:dkey-3n22.9,sidkey3n22.9
22422,tomm40l,tomm40l
22423,apoa4a,apoa4a
22424,apoea,apoea
22425,CU855694.1,CU855694.1
22426,PSMD4,PSMD4
22427,si:ch73-347e22.4,sich73347e22.4
22428,psmd4a,psmd4a
22429,pip5k1aa,pip5k1aa
22430,ecm1a,ecm1a
22431,si:ch73-347e22.8,sich73347e22.8
22432,LO018584.1,LO018584.1
22433,si:ch1073-70f20.1,sich107370f20.1
22434,tpm3,tpm3
22435,CU628002.1,CU628002.1
22436,arhgef1a,arhgef1a
22437,si:dkey-240h12.3,sidkey240h12.3
22438,si:dkey-240h12.4,sidkey240h12.4
22439,FP074861.1,FP074861.1
22440,si:ch73-109i22.2,sich73109i22.2
22441,ssr2,ssr2
22442,irgf3,irgf3
22443,si:ch73-171o20.1,sich73171o20.1
22444,si:ch73-171o20.2,sich73171o20.2
22445,eepd1,eepd1
22446,CU928061.1,CU928061.1
22447,sept7a,sept7a
22448,hsbp1l1,hsbp1l1
22449,SLC66A2,SLC66A2
22450,kcng2,kcng2
22451,ctdp1,ctdp1
22452,CR548625.1,CR548625.1
22453,adck5,adck5
22454,cpsf1,cpsf1
22455,si:ch1073-296d18.1,sich1073296d18.1
22456,polr2k,polr2k
22457,spag1a,spag1a
22458,rnf19a,rnf19a
22459,FP236813.1,FP236813.1
22460,pabpc1b,pabpc1b
22461,CU468682.1,CU468682.1
22462,CU468824.1,CU468824.1
22463,ywhaz,ywhaz
22464,znf706,znf706
22465,grhl2b,grhl2b
22466,ncaldb,ncaldb
22467,psmg2,psmg2
22468,ptpn2b,ptpn2b
22469,ftr56,ftr56
22470,seh1l,seh1l
22471,ldlrad4a,ldlrad4a
22472,fam210aa,fam210aa
22473,AL928820.1,AL928820.1
22474,rnmt,rnmt
22475,mc5ra,mc5ra
22476,cthrc1a,cthrc1a
22477,slc25a32a,slc25a32a
22478,AL844521.1,AL844521.1
22479,rims2b,rims2b
22480,zfpm2b,zfpm2b
22481,CR450687.1,CR450687.1
22482,lrp12,lrp12
22483,srsf4,srsf4
22484,tmem200b,tmem200b
22485,epb41a,epb41a
22486,BX950225.1,BX950225.1
22487,ccn2b,ccn2b
22488,BX530067.1,BX530067.1
22489,stx12,stx12
22490,trnau1apa,trnau1apa
22491,sh3bgrl3,sh3bgrl3
22492,paqr7a,paqr7a
22493,tmem222b,tmem222b
22494,tpbga,tpbga
22495,zgc:175136,zgc175136
22496,kdf1b,kdf1b
22497,nr0b2b,nr0b2b
22498,nudc,nudc
22499,tbxta,tbxta
22500,arid1ab,arid1ab
22501,zdhhc18b,zdhhc18b
22502,tent5bb,tent5bb
22503,BX323822.1,BX323822.1
22504,CR394532.2,CR394532.2
22505,CR394532.1,CR394532.1
22506,oprd1a,oprd1a
22507,phactr4a,phactr4a
22508,edn2,edn2
22509,hivep3a,hivep3a
22510,serinc2,serinc2
22511,ftr55,ftr55
22512,lin28a,lin28a
22513,pdik1l,pdik1l
22514,ppp1r8a,ppp1r8a
22515,foxo6b,foxo6b
22516,cited4a,cited4a
22517,ctps1a,ctps1a
22518,CR385068.2,CR385068.2
22519,CR385068.1,CR385068.1
22520,CR385068.3,CR385068.3
22521,rab42a,rab42a
22522,snrnau11,snrnau11
22523,gmeb1,gmeb1
22524,CR385068.4,CR385068.4
22525,ptprua,ptprua
22526,CU633478.1,CU633478.1
22527,CR848723.1,CR848723.1
22528,CR318590.2,CR318590.2
22529,CR318590.1,CR318590.1
22530,stmn1a,stmn1a
22531,MANEAL,MANEAL
22532,sf3a3,sf3a3
22533,ube2e1,ube2e1
22534,FO704764.1,FO704764.1
22535,nkiras1,nkiras1
22536,rpl15,rpl15
22537,nr1d2b,nr1d2b
22538,thrb,thrb
22539,CR382334.1,CR382334.1
22540,top2b,top2b
22541,CR391921.1,CR391921.1
22542,ints8,ints8
22543,snx10a,snx10a
22544,cbx3a,cbx3a
22545,nfe2l3,nfe2l3
22546,si:dkey-208k4.2,sidkey208k4.2
22547,BX649471.3,BX649471.3
22548,BX649471.2,BX649471.2
22549,BX649471.1,BX649471.1
22550,zgc:112966-1,zgc1129661
22551,p3h4,p3h4
22552,BX927404.1,BX927404.1
22553,fkbp10a,fkbp10a
22554,FP085400.1,FP085400.1
22555,rps18,rps18
22556,vps52,vps52
22557,st3gal1l3,st3gal1l3
22558,spaca4l,spaca4l
22559,clic1,clic1
22560,ddah2,ddah2
22561,cratb,cratb
22562,FP074902.2,FP074902.2
22563,FP074902.4,FP074902.4
22564,FP074902.5,FP074902.5
22565,FP074902.3,FP074902.3
22566,ppt2,ppt2
22567,dre-mir-219-3,dre-mir-219-3
22568,FP074902.1,FP074902.1
22569,FP074902.6,FP074902.6
22570,slc39a7,slc39a7
22571,FP067442.1,FP067442.1
22572,cmtm8a,cmtm8a
22573,dync1li1,dync1li1
22574,cpne4b,cpne4b
22575,mrpl3,mrpl3
22576,ptpn23b,ptpn23b
22577,CR626877.1,CR626877.1
22578,cspg5b,cspg5b
22579,smarcc1b,smarcc1b
22580,ASTE1,ASTE1
22581,wu:fc38h03,wufc38h03
22582,wipf3,wipf3
22583,tril,tril
22584,creb5a,creb5a
22585,jazf1a,jazf1a
22586,tax1bp1a,tax1bp1a
22587,BX601646.1,BX601646.1
22588,hibadha,hibadha
22589,CR382300.5,CR382300.5
22590,evx1,evx1
22591,evx1-1,evx1-1
22592,CR382300.3,CR382300.3
22593,hoxa13a,hoxa13a
22594,CR382300.4,CR382300.4
22595,hoxa11a,hoxa11a
22596,hoxa9a,hoxa9a
22597,mir196a-2,mir196a-2
22598,CR382300.2,CR382300.2
22599,hoxa4a,hoxa4a
22600,hoxa5a,hoxa5a
22601,CR382300.1,CR382300.1
22602,hoxa1a,hoxa1a
22603,npvf,npvf
22604,cycsa,cycsa
22605,osbpl3a,osbpl3a
22606,gsdmea,gsdmea
22607,mpp6b,mpp6b
22608,npy,npy
22609,znfl1c,znfl1c
22610,fam221a,fam221a
22611,ccdc126,ccdc126
22612,tra2a,tra2a
22613,si:ch211-155k24.9,sich211155k24.9
22614,igf2bp3,igf2bp3
22615,gpnmb,gpnmb
22616,oxnad1,oxnad1
22617,rftn1a,rftn1a
22618,dazl,dazl
22619,tbc1d5,tbc1d5
22620,BX927400.1,BX927400.1
22621,satb1a,satb1a
22622,kcnh8,kcnh8
22623,rab5aa,rab5aa
22624,kat2b,kat2b
22625,ngly1,ngly1
22626,nutf2l,nutf2l
22627,adnp2b,adnp2b
22628,txnl4a,txnl4a
22629,cndp2,cndp2
22630,BX957344.1,BX957344.1
22631,BX511212.1,BX511212.1
22632,BX470117.1,BX470117.1
22633,tshz1,tshz1
22634,BX470238.1,BX470238.1
22635,znf516,znf516
22636,mbpa,mbpa
22637,CU856623.1,CU856623.1
22638,BX572622.1,BX572622.1
22639,galr1a,galr1a
22640,BX572622.2,BX572622.2
22641,sall3b,sall3b
22642,atp9b,atp9b
22643,nfatc1,nfatc1
22644,si:ch73-196l6.5,sich73196l6.5
22645,slc52a2,slc52a2
22646,zgc:109744,zgc109744
22647,fbxl6,fbxl6
22648,eppk1,eppk1
22649,pleca,pleca
22650,eif3eb,eif3eb
22651,BX957242.1,BX957242.1
22652,trhrb,trhrb
22653,nudcd1,nudcd1
22654,BX511206.1,BX511206.1
22655,pkhd1l1,pkhd1l1
22656,PKHD1L1,PKHD1L1
22657,gdf6b,gdf6b
22658,BX571825.10,BX571825.10
22659,BX571825.7,BX571825.7
22660,BX571825.3,BX571825.3
22661,BX571825.8,BX571825.8
22662,BX571825.16,BX571825.16
22663,BX571825.14,BX571825.14
22664,BX571825.11,BX571825.11
22665,BX571825.1,BX571825.1
22666,BX571825.6,BX571825.6
22667,BX571825.4,BX571825.4
22668,BX571825.9,BX571825.9
22669,BX571825.15,BX571825.15
22670,BX571825.13,BX571825.13
22671,BX571825.2,BX571825.2
22672,BX571825.5,BX571825.5
22673,BX571825.12,BX571825.12
22674,grb10a,grb10a
22675,BX914202.1,BX914202.1
22676,irgf1,irgf1
22677,si:dkey-79i2.4,sidkey79i2.4
22678,irgf2,irgf2
22679,pimr90,pimr90
22680,pimr81,pimr81
22681,pimr77,pimr77
22682,pimr78,pimr78
22683,pimr82,pimr82
22684,pimr80,pimr80
22685,pimr76,pimr76
22686,pimr79,pimr79
22687,pimr75,pimr75
22688,pimr83,pimr83
22689,pimr85,pimr85
22690,pimr84,pimr84
22691,BX927216.1,BX927216.1
22692,BX927234.1,BX927234.1
22693,pimr89,pimr89
22694,BX927234.2,BX927234.2
22695,pimr86,pimr86
22696,pimr89-1,pimr89-1
22697,pimr87,pimr87
22698,pimr88,pimr88
22699,pimr92,pimr92
22700,si:dkey-222b8.4,sidkey222b8.4
22701,chtopa,chtopa
22702,CR677591.1,CR677591.1
22703,snapin,snapin
22704,si:dkey-222b8.1-1,sidkey222b8.1-1
22705,syt11a,syt11a
22706,rit1,rit1
22707,pex11b,pex11b
22708,BX548249.1,BX548249.1
22709,zgc:64022,zgc64022
22710,thap7,thap7
22711,BX547993.4,BX547993.4
22712,prf1.2,prf1.2
22713,BX547993.2,BX547993.2
22714,BX547993.1,BX547993.1
22715,prf1.7,prf1.7
22716,BX547993.3,BX547993.3
22717,prf1.7-1,prf1.7-1
22718,s100v2,s100v2
22719,sema4ab,sema4ab
22720,si:dkey-81h8.1,sidkey81h8.1
22721,thbs3b,thbs3b
22722,mtx1b,mtx1b
22723,txnipa,txnipa
22724,polr3gla,polr3gla
22725,BX530091.1,BX530091.1
22726,si:dkeyp-92c9.4,sidkeyp92c9.4
22727,si:dkeyp-92c9.2,sidkeyp92c9.2
22728,myo1g,myo1g
22729,si:dkey-154b15.1,sidkey154b15.1
22730,BX927310.2,BX927310.2
22731,BX927310.1,BX927310.1
22732,si:ch211-195b13.1,sich211195b13.1
22733,eya3,eya3
22734,BX530721.1,BX530721.1
22735,si:ch211-195b13.6,sich211195b13.6
22736,xkr8.1,xkr8.1
22737,xkr8.2,xkr8.2
22738,CU915256.1,CU915256.1
22739,xkr8.3,xkr8.3
22740,CU915256.2,CU915256.2
22741,ptp4a3a,ptp4a3a
22742,CR855860.2,CR855860.2
22743,si:ch211-239d6.2,sich211239d6.2
22744,CR855860.1,CR855860.1
22745,rims3,rims3
22746,CR855860.3,CR855860.3
22747,glcci1a,glcci1a
22748,umad1,umad1
22749,rpa3,rpa3
22750,col28a1a,col28a1a
22751,CR318650.1,CR318650.1
22752,si:dkey-202e17.1,sidkey202e17.1
22753,BX842688.1,BX842688.1
22754,sdhaf3,sdhaf3
22755,tac1,tac1
22756,asns,asns
22757,bloc1s4,bloc1s4
22758,pard6gb,pard6gb
22759,jarid2b,jarid2b
22760,dtnbp1b,dtnbp1b
22761,BX842609.1,BX842609.1
22762,mylipa,mylipa
22763,npr1a,npr1a
22764,FP017254.1,FP017254.1
22765,ints3,ints3
22766,si:dkey-27c15.3,sidkey27c15.3
22767,pdia8,pdia8
22768,csnk2b,csnk2b
22769,prrc2a,prrc2a
22770,FP085398.3,FP085398.3
22771,neu1,neu1
22772,FP085398.2,FP085398.2
22773,FP085398.1,FP085398.1
22774,prrt1,prrt1
22775,skiv2l,skiv2l
22776,nelfe,nelfe
22777,zbtb12.1,zbtb12.1
22778,zbtb12.2,zbtb12.2
22779,sacm1la,sacm1la
22780,tnfa,tnfa
22781,gabbr1b,gabbr1b
22782,BX539323.1,BX539323.1
22783,gtf2h4,gtf2h4
22784,gtf2h4-1,gtf2h4-1
22785,znrd1,znrd1
22786,ddx39b,ddx39b
22787,mgat1b,mgat1b
22788,vars2,vars2
22789,ppp1r11,ppp1r11
22790,si:ch73-25f10.6,sich7325f10.6
22791,FP101887.1,FP101887.1
22792,FP101887.3,FP101887.3
22793,FP101887.4,FP101887.4
22794,FP101887.2,FP101887.2
22795,FP101887.5,FP101887.5
22796,atat1,atat1
22797,si:ch211-152p11.4,sich211152p11.4
22798,si:dkeyp-46h3.8,sidkeyp46h3.8
22799,si:dkeyp-46h3.6,sidkeyp46h3.6
22800,si:dkeyp-46h3.5,sidkeyp46h3.5
22801,BX548075.3,BX548075.3
22802,si:dkeyp-46h3.3,sidkeyp46h3.3
22803,BX548075.1,BX548075.1
22804,si:dkeyp-46h3.2,sidkeyp46h3.2
22805,C19H5orf49,C19H5orf49
22806,BX548075.2,BX548075.2
22807,adcy2b,adcy2b
22808,tent4a,tent4a
22809,srd5a1,srd5a1
22810,nsun2,nsun2
22811,ube2ql1,ube2ql1
22812,med10,med10
22813,irx4b,irx4b
22814,irx1b,irx1b
22815,BX511306.1,BX511306.1
22816,ndufs6,ndufs6
22817,mrpl36,mrpl36
22818,lpcat1,lpcat1
22819,nrsn1l,nrsn1l
22820,CR391974.1,CR391974.1
22821,BX957317.2,BX957317.2
22822,sox4a,sox4a
22823,sox4a-1,sox4a-1
22824,BX957317.1,BX957317.1
22825,BX957317.3,BX957317.3
22826,CR925763.1,CR925763.1
22827,CU469458.1,CU469458.1
22828,e2f3,e2f3
22829,srfbp1,srfbp1
22830,maco1a,maco1a
22831,ldlrap1a,ldlrap1a
22832,fndc5b,fndc5b
22833,CU861666.1,CU861666.1
22834,marcksl1b,marcksl1b
22835,hdac1,hdac1
22836,eif3i,eif3i
22837,txlna,txlna
22838,si:ch73-130a3.4,sich73130a3.4
22839,kpna6,kpna6
22840,BX547939.1,BX547939.1
22841,khdrbs1b,khdrbs1b
22842,tspan13b,tspan13b
22843,agr2,agr2
22844,ppp1r10,ppp1r10
22845,mrps18b,mrps18b
22846,abcf1,abcf1
22847,si:ch211-215a10.4,sich211215a10.4
22848,bag6l,bag6l
22849,BX510301.2,BX510301.2
22850,hpcal4,hpcal4
22851,BX510301.1,BX510301.1
22852,BX510301.3,BX510301.3
22853,CU463182.1,CU463182.1
22854,fam49al,fam49al
22855,trit1,trit1
22856,myclb,myclb
22857,mfsd2ab,mfsd2ab
22858,yars1,yars1
22859,si:ch211-194e15.5,sich211194e15.5
22860,BX927219.1,BX927219.1
22861,sync,sync
22862,rbbp4,rbbp4
22863,bzw2,bzw2
22864,ankmy2b,ankmy2b
22865,sostdc1b,sostdc1b
22866,BX465206.1,BX465206.1
22867,meox2b,meox2b
22868,arl4ab,arl4ab
22869,BX005064.1,BX005064.1
22870,scin,scin
22871,tmem106bb,tmem106bb
22872,pip4p2,pip4p2
22873,necab1,necab1
22874,tmem64,tmem64
22875,gmnn,gmnn
22876,tdp2b,tdp2b
22877,acot13,acot13
22878,C19H6orf62,C19H6orf62
22879,BX957279.1,BX957279.1
22880,ripor2,ripor2
22881,si:dkeyp-120h9.1,sidkeyp120h9.1
22882,stmn2b,stmn2b
22883,hey1,hey1
22884,si:dkeyp-34f6.4,sidkeyp34f6.4
22885,zbtb10,zbtb10
22886,tpd52,tpd52
22887,znf704,znf704
22888,pag1,pag1
22889,BX119962.1,BX119962.1
22890,mrpl53,mrpl53
22891,fabp11a,fabp11a
22892,fam8a1a,fam8a1a
22893,atxn1a,atxn1a
22894,CR382336.1,CR382336.1
22895,gmpr,gmpr
22896,fuca1.2,fuca1.2
22897,fuca1.1,fuca1.1
22898,zbtb8b,zbtb8b
22899,heyl,heyl
22900,zgc:91944,zgc91944
22901,tmem54b,tmem54b
22902,hpca,hpca
22903,CR318628.1,CR318628.1
22904,nt5c1aa,nt5c1aa
22905,stk3,stk3
22906,rida,rida
22907,si:dkey-284p5.3,sidkey284p5.3
22908,rpl30,rpl30
22909,laptm4b,laptm4b
22910,mtdha,mtdha
22911,rrm2b,rrm2b
22912,azin1b,azin1b
22913,atp6v1c1b,atp6v1c1b
22914,spire1a,spire1a
22915,klhl38a,klhl38a
22916,fam91a1,fam91a1
22917,lratd2,lratd2
22918,trib1,trib1
22919,fam92a1,fam92a1
22920,nkd3l,nkd3l
22921,BX957357.1,BX957357.1
22922,triqk,triqk
22923,runx1t1,runx1t1
22924,si:ch73-302o18.2,sich73302o18.2
22925,otud6b,otud6b
22926,pex1,pex1
22927,elmo1,elmo1
22928,CU928445.1,CU928445.1
22929,rp9,rp9
22930,si:dkey-184p18.2,sidkey184p18.2
22931,dre-mir-187,dre-mir-187
22932,poc1bl,poc1bl
22933,BX649545.1,BX649545.1
22934,galnt12,galnt12
22935,si:ch211-9n13.3,sich2119n13.3
22936,gabbr2,gabbr2
22937,elp2,elp2
22938,abitram,abitram
22939,ctnnal1,ctnnal1
22940,sla1a,sla1a
22941,ccn4a,ccn4a
22942,ndrg1a,ndrg1a
22943,si:rp71-45k5.2,sirp7145k5.2
22944,zgc:113424,zgc113424
22945,PSMA2,PSMA2
22946,wdyhv1,wdyhv1
22947,zgc:91910,zgc91910
22948,bmp8a,bmp8a
22949,macf1a,macf1a
22950,ndufs5,ndufs5
22951,CR753876.1,CR753876.1
22952,rnf19b,rnf19b
22953,ak2,ak2
22954,BX957241.1,BX957241.1
22955,anln,anln
22956,ptp4a2b,ptp4a2b
22957,col8a2,col8a2
22958,trappc3,trappc3
22959,BX537287.1,BX537287.1
22960,angpt2b,angpt2b
22961,csmd2,csmd2
22962,CR936278.1,CR936278.1
22963,AL732499.1,AL732499.1
22964,BX469885.1,BX469885.1
22965,CABZ01036526.1,CABZ01036526.1
22966,cx30.9,cx30.9
22967,pef1,pef1
22968,smim12,smim12
22969,cx39.4,cx39.4
22970,BX571837.1,BX571837.1
22971,dlgap3,dlgap3
22972,ilf2,ilf2
22973,si:ch211-250g4.3,sich211250g4.3
22974,thsd7aa,thsd7aa
22975,CR735126.1,CR735126.1
22976,CR627498.1,CR627498.1
22977,nxph1,nxph1
22978,BX571820.1,BX571820.1
22979,BX530058.1,BX530058.1
22980,phf14,phf14
22981,BX530058.2,BX530058.2
22982,smap2,smap2
22983,col9a2,col9a2
22984,BX276085.1,BX276085.1
22985,BX276085.2,BX276085.2
22986,col16a1,col16a1
22987,adgrb2,adgrb2
22988,CABZ01045414.1,CABZ01045414.1
22989,CABZ01045413.1,CABZ01045413.1
22990,CABZ01048582.1,CABZ01048582.1
22991,CT737129.1,CT737129.1
22992,CT583726.2,CT583726.2
22993,CT583726.1,CT583726.1
22994,BX957260.2,BX957260.2
22995,BX957260.1,BX957260.1
22996,sfpq,sfpq
22997,zmym4,zmym4
22998,si:ch211-173p18.3,sich211173p18.3
22999,illr4,illr4
23000,BX510986.1,BX510986.1
23001,rbm48,rbm48
23002,efcab1,efcab1
23003,grnas,grnas
23004,grn1,grn1
23005,grn2,grn2
23006,cdk6,cdk6
23007,fam133b,fam133b
23008,hepacam2,hepacam2
23009,vps50,vps50
23010,vps50-1,vps50-1
23011,CT027724.1,CT027724.1
23012,calcr,calcr
23013,dre-mir-489,dre-mir-489
23014,si:ch211-120e1.1,sich211120e1.1
23015,tfpi2,tfpi2
23016,gngt1,gngt1
23017,zgc:85777,zgc85777
23018,bet1,bet1
23019,si:ch211-120e1.7,sich211120e1.7
23020,CR749767.1,CR749767.1
23021,col1a2,col1a2
23022,casd1,casd1
23023,sgce,sgce
23024,ppp1r9a,ppp1r9a
23025,asb4,asb4
23026,pdk4,pdk4
23027,slc25a13,slc25a13
23028,sem1,sem1
23029,dlx6a,dlx6a
23030,CU929240.1,CU929240.1
23031,dlx5a,dlx5a
23032,ago2,ago2
23033,si:ch211-57n23.1,sich21157n23.1
23034,chrac1,chrac1
23035,crtc2,crtc2
23036,si:ch211-57n23.4,sich21157n23.4
23037,gatad2b,gatad2b
23038,tinagl1,tinagl1
23039,trioa,trioa
23040,si:ch211-13c6.2,sich21113c6.2
23041,nfyc,nfyc
23042,kcnq4,kcnq4
23043,CU896644.2,CU896644.2
23044,CU896644.3,CU896644.3
23045,CR936363.1,CR936363.1
23046,CU896644.1,CU896644.1
23047,jtb,jtb
23048,si:ch211-191i18.4,sich211191i18.4
23049,cart4,cart4
23050,si:ch211-191i18.2,sich211191i18.2
23051,anp32e,anp32e
23052,BX571688.1,BX571688.1
23053,plekho1a,plekho1a
23054,vps45,vps45
23055,zgc:153441,zgc153441
23056,pogza,pogza
23057,psmb4,psmb4
23058,si:dkey-166k12.1,sidkey166k12.1
23059,zgc:110239,zgc110239
23060,BX950855.1,BX950855.1
23061,zgc:123103,zgc123103
23062,si:dkey-267n13.1,sidkey267n13.1
23063,si:dkey-228a15.1,sidkey228a15.1
23064,CR749752.1,CR749752.1
23065,zgc:103438,zgc103438
23066,sytl1,sytl1
23067,fkbp9,fkbp9
23068,CR749752.2,CR749752.2
23069,crtap,crtap
23070,susd5,susd5
23071,fbxl2,fbxl2
23072,BX324146.2,BX324146.2
23073,clasp2,clasp2
23074,ubp1,ubp1
23075,BX324146.1,BX324146.1
23076,pdcd6ip,pdcd6ip
23077,arpp21,arpp21
23078,dre-mir-128-2,dre-mir-128-2
23079,cyhr1,cyhr1
23080,dclk3,dclk3
23081,fabp3,fabp3
23082,CU207343.2,CU207343.2
23083,zcchc17,zcchc17
23084,snrnp40,snrnp40
23085,nkain1,nkain1
23086,CU207343.1,CU207343.1
23087,pum1,pum1
23088,CU207343.4,CU207343.4
23089,CU207343.3,CU207343.3
23090,eef1a1l1,eef1a1l1
23091,CABZ01101996.1,CABZ01101996.1
23092,gnrhr1,gnrhr1
23093,ENSDARG00000113111,ENSDARG00000113111
23094,laptm5,laptm5
23095,matn1,matn1
23096,sesn2,sesn2
23097,yrk,yrk
23098,BX649384.2,BX649384.2
23099,ahdc1,ahdc1
23100,BX649384.3,BX649384.3
23101,BX649384.1,BX649384.1
23102,wasf2,wasf2
23103,gpr186,gpr186
23104,cd164l2,cd164l2
23105,si:ch211-199g17.2,sich211199g17.2
23106,si:ch211-199g17.9,sich211199g17.9
23107,fam83hb,fam83hb
23108,si:ch211-193k19.2,sich211193k19.2
23109,CR356238.1,CR356238.1
23110,si:ch211-193k19.1,sich211193k19.1
23111,cap1,cap1
23112,ppt1,ppt1
23113,si:ch1073-513e17.1,sich1073513e17.1
23114,rpl11,rpl11
23115,klhl43,klhl43
23116,eloa,eloa
23117,pithd1,pithd1
23118,lypla2,lypla2
23119,ankib1a,ankib1a
23120,gatad1,gatad1
23121,nkd3,nkd3
23122,CR786578.2,CR786578.2
23123,nkd3-1,nkd3-1
23124,nkd3-2,nkd3-2
23125,nkd3-3,nkd3-3
23126,lrrc14b,lrrc14b
23127,uqcrb,uqcrb
23128,CR786578.1,CR786578.1
23129,mterf3,mterf3
23130,rad21b,rad21b
23131,csmd3a-1,csmd3a-1
23132,FP340497.1,FP340497.1
23133,trps1,trps1
23134,CT737154.1,CT737154.1
23135,FO704771.1,FO704771.1
23136,eif3hb,eif3hb
23137,utp23,utp23
23138,si:ch211-153f2.7,sich211153f2.7
23139,si:ch211-153f2.3,sich211153f2.3
23140,krit1,krit1
23141,nup153,nup153
23142,ptdss1b,ptdss1b
23143,si:dkey-108k24.2,sidkey108k24.2
23144,stmnd1,stmnd1
23145,rbm24a,rbm24a
23146,cap2,cap2
23147,si:ch1073-228h2.2,sich1073228h2.2
23148,vps28,vps28
23149,mapk15,mapk15
23150,CU633987.1,CU633987.1
23151,grinaa,grinaa
23152,rprd1a,rprd1a
23153,slc30a8,slc30a8
23154,med30,med30
23155,CU856423.1,CU856423.1
23156,ext1b,ext1b
23157,SAMD12,SAMD12
23158,abrab,abrab
23159,angpt1,angpt1
23160,AL953858.1,AL953858.1
23161,BX247899.1,BX247899.1
23162,si:ch211-229b6.1,sich211229b6.1
23163,sdc2,sdc2
23164,CU138512.2,CU138512.2
23165,tpmt.1,tpmt.1
23166,tpmt.2,tpmt.2
23167,CU138512.1,CU138512.1
23168,ext1c,ext1c
23169,psmb2,psmb2
23170,CU929178.2,CU929178.2
23171,CU929178.1,CU929178.1
23172,tfap2e,tfap2e
23173,ncdn,ncdn
23174,zgc:114119,zgc114119
23175,CU695215.3,CU695215.3
23176,grem1a-1,grem1a-1
23177,scg5-1,scg5-1
23178,actc1a-1,actc1a-1
23179,rrm2-1,rrm2-1
23180,CU695215.1,CU695215.1
23181,CU695215.2,CU695215.2
23182,CABZ01071972.1,CABZ01071972.1
23183,cdca8,cdca8
23184,c19h1orf109,c19h1orf109
23185,ago4,ago4
23186,CABZ01005379.1,CABZ01005379.1
23187,CABZ01072848.1,CABZ01072848.1
23188,ctnnb2,ctnnb2
23189,zgc:158376,zgc158376
23190,si:ch1073-205c8.5,sich1073205c8.5
23191,CU929079.1,CU929079.1
23192,UBE2M,UBE2M
23193,kpnb1,kpnb1
23194,CU929079.2,CU929079.2
23195,csf3b,csf3b
23196,psmd3,psmd3
23197,zgc:85936,zgc85936
23198,utp18,utp18
23199,nme2b.2,nme2b.2
23200,nme2b.1,nme2b.1
23201,btr30,btr30
23202,prdm1b,prdm1b
23203,CU693379.1,CU693379.1
23204,zgc:101785,zgc101785
23205,si:ch73-359m17.11,sich73359m17.11
23206,si:ch73-359m17.9,sich73359m17.9
23207,si:ch73-359m17.7,sich73359m17.7
23208,si:ch73-359m17.6,sich73359m17.6
23209,si:ch73-359m17.5,sich73359m17.5
23210,si:ch73-359m17.8,sich73359m17.8
23211,sgo1,sgo1
23212,rpl14,rpl14
23213,abhd5b,abhd5b
23214,si:ch73-359m17.2,sich73359m17.2
23215,topaz1,topaz1
23216,si:ch1073-376c22.1,sich1073376c22.1
23217,cyp2y3,cyp2y3
23218,cyp2y3-1,cyp2y3-1
23219,AXL,AXL
23220,bace1,bace1
23221,apoa1b,apoa1b
23222,BX640522.1,BX640522.1
23223,limk1a,limk1a
23224,BX640522.2,BX640522.2
23225,FP102887.1,FP102887.1
23226,nipsnap2,nipsnap2
23227,psph,psph
23228,CABZ01056628.1,CABZ01056628.1
23229,CABZ01056629.1,CABZ01056629.1
23230,med17,med17
23231,CABZ01033206.1,CABZ01033206.1
23232,CABZ01033205.1,CABZ01033205.1
23233,mfrp,mfrp
23234,si:ch1073-280e3.1,sich1073280e3.1
23235,nudt8,nudt8
23236,ftr86,ftr86
23237,pcsk7,pcsk7
23238,tagln,tagln
23239,cbln18,cbln18
23240,cbln20,cbln20
23241,si:ch73-144d13.4,sich73144d13.4
23242,si:ch73-144d13.5,sich73144d13.5
23243,alox5b.3,alox5b.3
23244,si:ch73-144d13.7,sich73144d13.7
23245,si:ch211-210b2.1,sich211210b2.1
23246,si:ch73-144d13.8,sich73144d13.8
23247,znf1013,znf1013
23248,si:ch211-210b2.4,sich211210b2.4
23249,si:ch211-210b2.3,sich211210b2.3
23250,si:ch211-210b2.2,sich211210b2.2
23251,zgc:171901,zgc171901
23252,zgc:174574,zgc174574
23253,si:dkey-7i4.23,sidkey7i4.23
23254,si:dkey-7i4.24,sidkey7i4.24
23255,zgc:162936,zgc162936
23256,si:dkey-7i4.21,sidkey7i4.21
23257,znf1011,znf1011
23258,znf1011-1,znf1011-1
23259,si:dkey-7i4.19,sidkey7i4.19
23260,im:7143333,im7143333
23261,si:dkey-7i4.15,sidkey7i4.15
23262,si:dkey-7i4.16,sidkey7i4.16
23263,znf970,znf970
23264,si:dkey-7i4.1,sidkey7i4.1
23265,si:dkey-7i4.8,sidkey7i4.8
23266,zgc:113294,zgc113294
23267,si:dkey-7i4.7,sidkey7i4.7
23268,si:dkey-7i4.14,sidkey7i4.14
23269,zgc:174573,zgc174573
23270,si:dkey-7i4.5,sidkey7i4.5
23271,si:dkey-77f5.8,sidkey77f5.8
23272,si:dkey-77f5.11,sidkey77f5.11
23273,si:dkey-7i4.13,sidkey7i4.13
23274,si:dkey-77f5.11-1,sidkey77f5.11-1
23275,si:dkey-7i4.10,sidkey7i4.10
23276,si:dkey-77f5.13,sidkey77f5.13
23277,si:dkey-7i4.9,sidkey7i4.9
23278,si:dkey-7i4.11,sidkey7i4.11
23279,znf1012,znf1012
23280,si:dkey-77f5.15,sidkey77f5.15
23281,si:dkey-77f5.14,sidkey77f5.14
23282,si:dkey-77f5.10,sidkey77f5.10
23283,alox5b.1,alox5b.1
23284,alox5b.2,alox5b.2
23285,znf1007,znf1007
23286,si:dkey-77f5.6,sidkey77f5.6
23287,znf1010,znf1010
23288,si:dkey-77f5.4,sidkey77f5.4
23289,si:dkey-77f5.3,sidkey77f5.3
23290,aadac,aadac
23291,CU571333.1,CU571333.1
23292,igsf10,igsf10
23293,p2ry12,p2ry12
23294,p2ry13,p2ry13
23295,mlf1,mlf1
23296,gfm1,gfm1
23297,lxn,lxn
23298,mfsd1,mfsd1
23299,LO017713.1,LO017713.1
23300,schip1,schip1
23301,il12a,il12a
23302,si:dkeyp-97b10.3,sidkeyp97b10.3
23303,ift80,ift80
23304,smc4,smc4
23305,dre-mir-15c,dre-mir-15c
23306,dre-mir-16a,dre-mir-16a
23307,trim59,trim59
23308,nnr,nnr
23309,kpna4,kpna4
23310,ppm1lb,ppm1lb
23311,nmd3,nmd3
23312,sptssb,sptssb
23313,otol1b,otol1b
23314,rabgef1l,rabgef1l
23315,stx1a,stx1a
23316,bud23,bud23
23317,cul3b,cul3b
23318,mmp28,mmp28
23319,fam124b,fam124b
23320,taf15,taf15
23321,porb,porb
23322,CU638704.1,CU638704.1
23323,sbds,sbds
23324,dock10,dock10
23325,taar12m,taar12m
23326,shox2,shox2
23327,rsrc1,rsrc1
23328,AL954387.2,AL954387.2
23329,AL954387.1,AL954387.1
23330,CU695208.1,CU695208.1
23331,hephl1a,hephl1a
23332,panx1a,panx1a
23333,neu4,neu4
23334,wdr53,wdr53
23335,srprb,srprb
23336,cux1b,cux1b
23337,SH2B2,SH2B2
23338,dnajc30b,dnajc30b
23339,si:ch211-235m3.10,sich211235m3.10
23340,CR382327.1,CR382327.1
23341,cldnj,cldnj
23342,cldne,cldne
23343,cldnf,cldnf
23344,cldna,cldna
23345,CR382327.2,CR382327.2
23346,CR382327.3,CR382327.3
23347,si:ch211-235m3.5,sich211235m3.5
23348,ppp5c,ppp5c
23349,CABZ01086049.1,CABZ01086049.1
23350,tgfb1a,tgfb1a
23351,CABZ01086041.1,CABZ01086041.1
23352,ankrd49,ankrd49
23353,mre11a,mre11a
23354,guca1c,guca1c
23355,CABZ01086029.1,CABZ01086029.1
23356,zgc:153184,zgc153184
23357,mlnr,mlnr
23358,fndc3a,fndc3a
23359,slitrk5a,slitrk5a
23360,rcbtb2,rcbtb2
23361,CABZ01053592.1,CABZ01053592.1
23362,ENSDARG00000074984,ENSDARG00000074984
23363,stoml3a,stoml3a
23364,LO017656.2,LO017656.2
23365,slc25a15a,slc25a15a
23366,foxo1a,foxo1a
23367,cog6,cog6
23368,FO704837.1,FO704837.1
23369,ENSDARG00000115101,ENSDARG00000115101
23370,lpar6a,lpar6a
23371,CABZ01040556.1,CABZ01040556.1
23372,RNF14,RNF14
23373,RNF14-1,RNF14-1
23374,CABZ01061592.1,CABZ01061592.1
23375,CABZ01061591.1,CABZ01061591.1
23376,mindy4b,mindy4b
23377,clrn1,clrn1
23378,gpr171,gpr171
23379,si:ch73-309g22.1,sich73309g22.1
23380,CR626884.4,CR626884.4
23381,CR626884.6,CR626884.6
23382,P2RY14,P2RY14
23383,CR626884.5,CR626884.5
23384,CR626884.2,CR626884.2
23385,si:dkey-83h2.3,sidkey83h2.3
23386,rnf168,rnf168
23387,CR626884.1,CR626884.1
23388,ENSDARG00000104834,ENSDARG00000104834
23389,ece2b,ece2b
23390,atp1b3b,atp1b3b
23391,CU467614.1,CU467614.1
23392,tfdp2,tfdp2
23393,rffl,rffl
23394,eif4h,eif4h
23395,si:dkey-35i13.1,sidkey35i13.1
23396,lipt2,lipt2
23397,rnf169,rnf169
23398,spcs2,spcs2
23399,defbl3,defbl3
23400,abcg1,abcg1
23401,mxf,mxf
23402,pgm2l1,pgm2l1
23403,or128-10,or128-10
23404,or126-7,or126-7
23405,or126-5,or126-5
23406,or126-4,or126-4
23407,or126-3,or126-3
23408,or126-2,or126-2
23409,or128-9,or128-9
23410,or128-8,or128-8
23411,or128-7,or128-7
23412,or128-6,or128-6
23413,or128-5,or128-5
23414,or128-4,or128-4
23415,or128-3,or128-3
23416,or128-2,or128-2
23417,or128-1,or128-1
23418,or126-1,or126-1
23419,or127-1,or127-1
23420,si:ch1073-166e24.4,sich1073166e24.4
23421,or121-1,or121-1
23422,or122-1,or122-1
23423,or121-1-1,or121-1-1
23424,or122-2,or122-2
23425,or120-1,or120-1
23426,or113-1,or113-1
23427,or113-2,or113-2
23428,si:ch1073-22e3.1,sich107322e3.1
23429,CABZ01018874.1,CABZ01018874.1
23430,or112-1,or112-1
23431,FO704791.1,FO704791.1
23432,arrb1,arrb1
23433,atg16l2,atg16l2
23434,atg16l2-1,atg16l2-1
23435,wdr62,wdr62
23436,urb1,urb1
23437,mrap,mrap
23438,phkg1a,phkg1a
23439,chchd2,chchd2
23440,hnrnpl2,hnrnpl2
23441,rbp2a,rbp2a
23442,brwd1,brwd1
23443,BX088654.1,BX088654.1
23444,si:ch73-281n10.2,sich73281n10.2
23445,get1,get1
23446,sh3bgr,sh3bgr
23447,igsf5b,igsf5b
23448,PCP4,PCP4
23449,dscamb,dscamb
23450,bace2,bace2
23451,atm,atm
23452,CU655863.1,CU655863.1
23453,nop53,nop53
23454,CU633984.1,CU633984.1
23455,CU694757.1,CU694757.1
23456,si:ch1073-228b5.2,sich1073228b5.2
23457,sirt2,sirt2
23458,meis3,meis3
23459,ech1,ech1
23460,mrps22,mrps22
23461,si:ch73-311h14.2,sich73311h14.2
23462,CR396585.2,CR396585.2
23463,CR396585.1,CR396585.1
23464,foxl2a,foxl2a
23465,pik3cb,pik3cb
23466,her8.2,her8.2
23467,her13,her13
23468,SLC7A1,SLC7A1
23469,gbe1b,gbe1b
23470,CR589941.1,CR589941.1
23471,cadm2b,cadm2b
23472,bach1a,bach1a
23473,mipep,mipep
23474,tnfrsf19,tnfrsf19
23475,si:ch211-113p18.3,sich211113p18.3
23476,egln2,egln2
23477,tmem160,tmem160
23478,npas1,npas1
23479,arhgap35a,arhgap35a
23480,CR293508.2,CR293508.2
23481,CR293508.3,CR293508.3
23482,CR293508.1,CR293508.1
23483,ap2s1,ap2s1
23484,rab4b,rab4b
23485,CR847977.1,CR847977.1
23486,rhoub,rhoub
23487,rtn2a,rtn2a
23488,CR925772.1,CR925772.1
23489,ppm1na,ppm1na
23490,si:dkey-202g17.3,sidkey202g17.3
23491,ptgir,ptgir
23492,CU467862.1,CU467862.1
23493,calm3a-1,calm3a-1
23494,si:ch211-261a10.5,sich211261a10.5
23495,slc37a4a,slc37a4a
23496,trappc4,trappc4
23497,sgcg,sgcg
23498,sacs,sacs
23499,FP016239.2,FP016239.2
23500,FP016239.1,FP016239.1
23501,gab2,gab2
23502,CR936974.1,CR936974.1
23503,nars2,nars2
23504,si:dkey-13m3.2,sidkey13m3.2
23505,BX000985.1,BX000985.1
23506,BX000985.2,BX000985.2
23507,tenm4,tenm4
23508,AL807754.1,AL807754.1
23509,CU856523.1,CU856523.1
23510,CT573316.1,CT573316.1
23511,CT573316.2,CT573316.2
23512,CT573316.3,CT573316.3
23513,BX323573.1,BX323573.1
23514,BX293559.2,BX293559.2
23515,BX293559.1,BX293559.1
23516,prcp,prcp
23517,CR538726.1,CR538726.1
23518,rab30,rab30
23519,si:ch73-321d9.2,sich73321d9.2
23520,ndufc2,ndufc2
23521,BX324136.1,BX324136.1
23522,slc1a5,slc1a5
23523,fkrp,fkrp
23524,si:dkey-31c13.1,sidkey31c13.1
23525,strn4,strn4
23526,FO704748.1,FO704748.1
23527,prkd2,prkd2
23528,gpr184,gpr184
23529,PRLHR,PRLHR
23530,CR848025.1,CR848025.1
23531,CR848025.2,CR848025.2
23532,CR848025.3,CR848025.3
23533,si:dkey-202l22.6,sidkey202l22.6
23534,FO904901.1,FO904901.1
23535,dscaml1,dscaml1
23536,si:dkey-36i7.3,sidkey36i7.3
23537,fxyd6,fxyd6
23538,tmprss13a,tmprss13a
23539,il10ra,il10ra
23540,BX901957.1,BX901957.1
23541,tmprss4a,tmprss4a
23542,scn4ba,scn4ba
23543,scn2b,scn2b
23544,zgc:172282,zgc172282
23545,CABZ01009248.1,CABZ01009248.1
23546,CABZ01009247.1,CABZ01009247.1
23547,BX897750.1,BX897750.1
23548,CABZ01056919.1,CABZ01056919.1
23549,zgc:162730,zgc162730
23550,ENSDARG00000040725,ENSDARG00000040725
23551,BX927244.2,BX927244.2
23552,BX927244.1,BX927244.1
23553,trappc6bl,trappc6bl
23554,si:ch211-116o3.5,sich211116o3.5
23555,clca1,clca1
23556,si:ch211-116o3.3,sich211116o3.3
23557,clca1-1,clca1-1
23558,clca5.1,clca5.1
23559,pnkp,pnkp
23560,si:dkey-243k1.3,sidkey243k1.3
23561,ENSDARG00000098171,ENSDARG00000098171
23562,si:ch211-11n16.3,sich21111n16.3
23563,dpf1,dpf1
23564,BX957341.1,BX957341.1
23565,si:ch211-11n16.2,sich21111n16.2
23566,numbl,numbl
23567,coq8b,coq8b
23568,FBXO46,FBXO46
23569,slc5a2,slc5a2
23570,si:dkey-260j18.2,sidkey260j18.2
23571,CR388387.1,CR388387.1
23572,sars2,sars2
23573,p4ha3,p4ha3
23574,or129-1,or129-1
23575,or130-1,or130-1
23576,or130-1-1,or130-1-1
23577,diabloa,diabloa
23578,CR936977.2,CR936977.2
23579,si:ch211-24o8.4,sich21124o8.4
23580,CR936977.1,CR936977.1
23581,si:ch211-149e23.4,sich211149e23.4
23582,rrp8,rrp8
23583,med29,med29
23584,c2cd3,c2cd3
23585,CR450848.1,CR450848.1
23586,camkk1b,camkk1b
23587,ywhag2,ywhag2
23588,si:ch211-105f12.2,sich211105f12.2
23589,CU633486.1,CU633486.1
23590,dre-mir-142b,dre-mir-142b
23591,ca4b,ca4b
23592,dhrs11b,dhrs11b
23593,zgc:92630,zgc92630
23594,proca1,proca1
23595,zgc:174895,zgc174895
23596,rab34a,rab34a
23597,nek8,nek8
23598,traf4a,traf4a
23599,CR848661.1,CR848661.1
23600,CR848840.1,CR848840.1
23601,si:ch211-33e4.3,sich21133e4.3
23602,si:ch211-33e4.2,sich21133e4.2
23603,tada2a,tada2a
23604,dusp14,dusp14
23605,synrg,synrg
23606,hnf1ba,hnf1ba
23607,BX511308.1,BX511308.1
23608,dynll2a,dynll2a
23609,srsf1a,srsf1a
23610,aldoca,aldoca
23611,rskra,rskra
23612,si:ch211-259g3.4,sich211259g3.4
23613,glod4,glod4
23614,mrm3a,mrm3a
23615,nxn,nxn
23616,txndc17,txndc17
23617,p2rx8,p2rx8
23618,fam222bb,fam222bb
23619,flot2b,flot2b
23620,CR847990.1,CR847990.1
23621,galnt17,galnt17
23622,caln1,caln1
23623,BX649487.1,BX649487.1
23624,tyw1,tyw1
23625,BX649487.2,BX649487.2
23626,TMEM120A,TMEM120A
23627,gdpd1,gdpd1
23628,ypel2b,ypel2b
23629,BX571762.1,BX571762.1
23630,BX571762.2,BX571762.2
23631,hip1,hip1
23632,plin2,plin2
23633,lgals17,lgals17
23634,clptm1,clptm1
23635,mos,mos
23636,relb,relb
23637,mrpl28,mrpl28
23638,cul5a,cul5a
23639,itgae.2,itgae.2
23640,itgae.1,itgae.1
23641,CU861501.1,CU861501.1
23642,si:ch73-223p23.2,sich73223p23.2
23643,dhx40,dhx40
23644,CR848791.1,CR848791.1
23645,cltcb,cltcb
23646,vmp1,vmp1
23647,dre-mir-21-2,dre-mir-21-2
23648,CR848791.3,CR848791.3
23649,CR848791.2,CR848791.2
23650,tubd1,tubd1
23651,rps6kb1b,rps6kb1b
23652,snx19b,snx19b
23653,adamts15b,adamts15b
23654,adamts15b-1,adamts15b-1
23655,si:ch211-213d14.1,sich211213d14.1
23656,CT573342.1,CT573342.1
23657,si:ch211-213d14.2,sich211213d14.2
23658,CT573342.2,CT573342.2
23659,BX901923.1,BX901923.1
23660,zgc:113279,zgc113279
23661,atf5b,atf5b
23662,BX901923.2,BX901923.2
23663,phldb1b,phldb1b
23664,CR385077.2,CR385077.2
23665,arcn1b,arcn1b
23666,cryaba,cryaba
23667,dixdc1a,dixdc1a
23668,CR385077.1,CR385077.1
23669,CR388163.2,CR388163.2
23670,pih1d2,pih1d2
23671,tmprss5,tmprss5
23672,CR388163.1,CR388163.1
23673,btr04-1,btr04-1
23674,btr16,btr16
23675,btr21-1,btr21-1
23676,or131-1,or131-1
23677,wu:fj20b03,wufj20b03
23678,or131-2,or131-2
23679,zbtb16b,zbtb16b
23680,ncam1b,ncam1b
23681,CR848844.1,CR848844.1
23682,cadm1b,cadm1b
23683,arhgap32a,arhgap32a
23684,AL845312.1,AL845312.1
23685,igsf9ba,igsf9ba
23686,BX324206.2,BX324206.2
23687,BX324206.3,BX324206.3
23688,jam3a,jam3a
23689,vps26b,vps26b
23690,thyn1,thyn1
23691,acad8,acad8
23692,esamb,esamb
23693,BX324206.1,BX324206.1
23694,zgc:77784,zgc77784
23695,BX324151.1,BX324151.1
23696,CU013548.1,CU013548.1
23697,lim2.3,lim2.3
23698,hspa8b,hspa8b
23699,si:dkey-4p15.4,sidkey4p15.4
23700,si:dkey-4p15.5,sidkey4p15.5
23701,CR626889.1,CR626889.1
23702,sytl2b,sytl2b
23703,picalmb,picalmb
23704,CR848759.1,CR848759.1
23705,zpld1b,zpld1b
23706,si:ch211-229d2.5,sich211229d2.5
23707,alcamb,alcamb
23708,dyrk1ab,dyrk1ab
23709,thap12b,thap12b
23710,map6b,map6b
23711,CR848757.1,CR848757.1
23712,zgc:112083,zgc112083
23713,auts2b,auts2b
23714,med13b,med13b
23715,exoc3l2b,exoc3l2b
23716,ppp1r14ab,ppp1r14ab
23717,AL928724.1,AL928724.1
23718,spint2,spint2
23719,plekhg2,plekhg2
23720,CR626887.3,CR626887.3
23721,CR626887.2,CR626887.2
23722,il15l,il15l
23723,supt5h,supt5h
23724,rnaset2l,rnaset2l
23725,cox7a1,cox7a1
23726,chp2,chp2
23727,CR626887.1,CR626887.1
23728,dlc,dlc
23729,timm50,timm50
23730,tnfaip1,tnfaip1
23731,sgsm2,sgsm2
23732,tpst1,tpst1
23733,CR848784.3,CR848784.3
23734,CR848784.4,CR848784.4
23735,aldh3a1,aldh3a1
23736,CR848784.5,CR848784.5
23737,CR848784.2,CR848784.2
23738,aldh3a2a,aldh3a2a
23739,ulk2,ulk2
23740,CR848784.1,CR848784.1
23741,usp2a,usp2a
23742,tbcela,tbcela
23743,BX548078.1,BX548078.1
23744,si:ch211-212c13.10,sich211212c13.10
23745,CR626907.2,CR626907.2
23746,a2ml,a2ml
23747,sb:cb37,sbcb37
23748,si:ch211-212c13.8,sich211212c13.8
23749,CR626907.1,CR626907.1
23750,CR626907.3,CR626907.3
23751,si:dkey-52d15.2,sidkey52d15.2
23752,si:dkey-105h12.2,sidkey105h12.2
23753,BX663520.1,BX663520.1
23754,usf1,usf1
23755,gkup,gkup
23756,ubash3bb,ubash3bb
23757,BX663520.2,BX663520.2
23758,dre-mir-100-1,dre-mir-100-1
23759,dre-let-7a-2,dre-let-7a-2
23760,dre-mir-125b-1,dre-mir-125b-1
23761,BX663519.1,BX663519.1
23762,sorl1,sorl1
23763,si:dkey-40g16.5,sidkey40g16.5
23764,bco2b,bco2b
23765,sdhdb,sdhdb
23766,si:dkey-40g16.6,sidkey40g16.6
23767,zgc:162339,zgc162339
23768,ppp2r1bb,ppp2r1bb
23769,sik2b,sik2b
23770,BX572077.1,BX572077.1
23771,laynb,laynb
23772,si:dkey-103g5.3,sidkey103g5.3
23773,zgc:162608,zgc162608
23774,si:dkey-103g5.4,sidkey103g5.4
23775,BX572077.2,BX572077.2
23776,ttc12,ttc12
23777,BX572077.3,BX572077.3
23778,ankk1,ankk1
23779,drd2a,drd2a
23780,scn3b,scn3b
23781,si:ch211-286b4.4,sich211286b4.4
23782,CR936967.1,CR936967.1
23783,spa17,spa17
23784,zgc:194114,zgc194114
23785,hepacama,hepacama
23786,pde9al,pde9al
23787,oafa,oafa
23788,CR848033.1,CR848033.1
23789,tlcd5a,tlcd5a
23790,arhgef12a,arhgef12a
23791,CR388121.1,CR388121.1
23792,grik4,grik4
23793,BX572079.1,BX572079.1
23794,ccdc153,ccdc153
23795,cbl,cbl
23796,mcamb,mcamb
23797,rnf26,rnf26
23798,c1qtnf5,c1qtnf5
23799,CR847979.1,CR847979.1
23800,kmt2a,kmt2a
23801,ube4a,ube4a
23802,phykpl,phykpl
23803,pdzd3a,pdzd3a
23804,nlrx1,nlrx1
23805,abcg4b,abcg4b
23806,hmbsb,hmbsb
23807,si:dkey-182i3.9,sidkey182i3.9
23808,si:dkey-182i3.8,sidkey182i3.8
23809,si:dkey-182i3.10,sidkey182i3.10
23810,si:dkey-182i3.11,sidkey182i3.11
23811,MARK4,MARK4
23812,ckmb,ckmb
23813,klc3,klc3
23814,ercc2,ercc2
23815,zgc:154093,zgc154093
23816,zc3h4,zc3h4
23817,sae1,sae1
23818,bbc3,bbc3
23819,rad1,rad1
23820,ift20,ift20
23821,tmem97,tmem97
23822,si:ch211-167j9.4,sich211167j9.4
23823,si:ch211-167j9.5,sich211167j9.5
23824,usp32,usp32
23825,si:ch1073-145m9.1,sich1073145m9.1
23826,appbp2,appbp2
23827,myo18ab,myo18ab
23828,CR394545.1,CR394545.1
23829,pipox,pipox
23830,CU313324.1,CU313324.1
23831,sez6b,sez6b
23832,phf12b,phf12b
23833,dhrs13b.1,dhrs13b.1
23834,dhrs13b.1-1,dhrs13b.1-1
23835,gemin4,gemin4
23836,dhrs13b.2,dhrs13b.2
23837,CR457447.1,CR457447.1
23838,smtnl,smtnl
23839,tmem199,tmem199
23840,poldip2,poldip2
23841,LRRC75A,LRRC75A
23842,crk,crk
23843,ywhae1,ywhae1
23844,cpda,cpda
23845,gosr1,gosr1
23846,trarg1a,trarg1a
23847,aipl1,aipl1
23848,dre-mir-22a,dre-mir-22a
23849,abhd15a,abhd15a
23850,CR942805.1,CR942805.1
23851,si:ch211-198e20.10,sich211198e20.10
23852,BX908796.4,BX908796.4
23853,BX908796.3,BX908796.3
23854,BX908796.2,BX908796.2
23855,pimr190,pimr190
23856,BX908796.1,BX908796.1
23857,zgc:136683,zgc136683
23858,BX908796.5,BX908796.5
23859,pimr191,pimr191
23860,exo5,exo5
23861,rflnb,rflnb
23862,vps53,vps53
23863,slc35f2l,slc35f2l
23864,mnta,mnta
23865,mettl16,mettl16
23866,pafah1b1a,pafah1b1a
23867,cluha,cluha
23868,si:dkey-54n8.4,sidkey54n8.4
23869,tlcd2,tlcd2
23870,aifm4,aifm4
23871,pak4,pak4
23872,CU856359.1,CU856359.1
23873,zgc:152863,zgc152863
23874,hif1al,hif1al
23875,npat,npat
23876,mmp20a,mmp20a
23877,mmp20b,mmp20b
23878,si:dkey-54n8.2,sidkey54n8.2
23879,taok1a,taok1a
23880,tsr1,tsr1
23881,CT027805.2,CT027805.2
23882,hic1,hic1
23883,CT027805.1,CT027805.1
23884,dre-mir-212,dre-mir-212
23885,dre-mir-132-1,dre-mir-132-1
23886,dph1,dph1
23887,CR848822.3,CR848822.3
23888,CR848822.2,CR848822.2
23889,CR848822.1,CR848822.1
23890,CU179658.2,CU179658.2
23891,CU179658.1,CU179658.1
23892,rtn4rl1b,rtn4rl1b
23893,CABZ01021926.1,CABZ01021926.1
23894,rpa1,rpa1
23895,serpinf2b,serpinf2b
23896,wdr81,wdr81
23897,slc13a5b,slc13a5b
23898,slc47a3,slc47a3
23899,slc47a4,slc47a4
23900,pitpnm3,pitpnm3
23901,si:dkey-243i1.1,sidkey243i1.1
23902,ccdc9,ccdc9
23903,ppm1da,ppm1da
23904,bcas3,bcas3
23905,CR848825.1,CR848825.1
23906,AL954322.1,AL954322.1
23907,AL954322.3,AL954322.3
23908,AL954322.2,AL954322.2
23909,tbx2b,tbx2b
23910,tbx4,tbx4
23911,brip1,brip1
23912,BX005270.1,BX005270.1
23913,AL954187.4,AL954187.4
23914,AL954187.1,AL954187.1
23915,AL954187.2,AL954187.2
23916,AL954187.3,AL954187.3
23917,lhx1a,lhx1a
23918,AL935164.1,AL935164.1
23919,CR391930.2,CR391930.2
23920,CR391930.1,CR391930.1
23921,dhrs13a.3,dhrs13a.3
23922,cryba1a,cryba1a
23923,crybb1l3,crybb1l3
23924,unc119a,unc119a
23925,foxn1,foxn1
23926,slc46a1,slc46a1
23927,sarm1,sarm1
23928,vtna,vtna
23929,scarf1,scarf1
23930,rilp,rilp
23931,prpf8,prpf8
23932,myo1cb,myo1cb
23933,si:dkey-118k5.3,sidkey118k5.3
23934,CR478288.1,CR478288.1
23935,slc43a2a,slc43a2a
23936,CR478288.2,CR478288.2
23937,pitpnaa,pitpnaa
23938,git1,git1
23939,ankrd13b,ankrd13b
23940,ssh2a,ssh2a
23941,si:ch211-225b7.5,sich211225b7.5
23942,BX088540.1,BX088540.1
23943,slc6a4a,slc6a4a
23944,blmh,blmh
23945,nova2,nova2
23946,BX950186.1,BX950186.1
23947,cd3eap,cd3eap
23948,gpr4,gpr4
23949,eml2,eml2
23950,gipr,gipr
23951,clip3,clip3
23952,dharma,dharma
23953,si:ch211-137a8.2,sich211137a8.2
23954,si:ch211-137a8.4,sich211137a8.4
23955,zgc:162698,zgc162698
23956,capns1b,capns1b
23957,zgc:101731,zgc101731
23958,zgc:113149,zgc113149
23959,xaf1,xaf1
23960,BX537104.1,BX537104.1
23961,rap1gap2a,rap1gap2a
23962,si:dkey-52l18.4,sidkey52l18.4
23963,tsku,tsku
23964,gucy2f,gucy2f
23965,serpinh1b,serpinh1b
23966,gdpd5b,gdpd5b
23967,BX324227.3,BX324227.3
23968,BX324227.2,BX324227.2
23969,hspa13,hspa13
23970,BX324227.1,BX324227.1
23971,samsn1a,samsn1a
23972,si:ch211-207n23.2,sich211207n23.2
23973,CR388369.1,CR388369.1
23974,nrip1a,nrip1a
23975,CR388369.2,CR388369.2
23976,zgc:153372,zgc153372
23977,CR848812.1,CR848812.1
23978,dre-mir-99-1,dre-mir-99-1
23979,dre-let-7c-1,dre-let-7c-1
23980,dre-mir-125c,dre-mir-125c
23981,CR936972.1,CR936972.1
23982,BX322555.5,BX322555.5
23983,BX322555.2,BX322555.2
23984,BX322555.1,BX322555.1
23985,BX322555.3,BX322555.3
23986,BX322555.4,BX322555.4
23987,nufip2,nufip2
23988,nlk2,nlk2
23989,lyrm9,lyrm9
23990,nos2b,nos2b
23991,mrps23,mrps23
23992,msi2b,msi2b
23993,BX649247.1,BX649247.1
23994,akap1b,akap1b
23995,nf1a,nf1a
23996,BX000438.3,BX000438.3
23997,BX000438.1,BX000438.1
23998,omgb,omgb
23999,BX000438.2,BX000438.2
24000,lgals9l6,lgals9l6
24001,lgals9l5,lgals9l5
24002,AL928870.1,AL928870.1
24003,pimr135,pimr135
24004,lgals9l4,lgals9l4
24005,lgals9l1,lgals9l1
24006,lgals9l3,lgals9l3
24007,ksr1b,ksr1b
24008,wsb1,wsb1
24009,cuedc1b,cuedc1b
24010,vezf1b,vezf1b
24011,si:ch211-244e12.7,sich211244e12.7
24012,zgc:171927,zgc171927
24013,or116-1,or116-1
24014,AL928851.2,AL928851.2
24015,or116-2,or116-2
24016,or117-1,or117-1
24017,or118-1,or118-1
24018,AL928851.1,AL928851.1
24019,or118-3,or118-3
24020,or118-2,or118-2
24021,zgc:152857,zgc152857
24022,or111-2,or111-2
24023,or119-2,or119-2
24024,or107-1,or107-1
24025,or111-1,or111-1
24026,AL845428.2,AL845428.2
24027,or111-3,or111-3
24028,or111-4,or111-4
24029,or111-5,or111-5
24030,or111-6,or111-6
24031,or111-7,or111-7
24032,or111-8,or111-8
24033,or111-9,or111-9
24034,or111-10,or111-10
24035,or111-11,or111-11
24036,or103-1,or103-1
24037,or103-5,or103-5
24038,or103-2,or103-2
24039,or103-4,or103-4
24040,or103-3,or103-3
24041,AL845428.1,AL845428.1
24042,or102-1,or102-1
24043,or102-2,or102-2
24044,AL845428.3,AL845428.3
24045,or102-3,or102-3
24046,or102-4,or102-4
24047,AL929092.2,AL929092.2
24048,or102-5,or102-5
24049,si:dkey-1m11.6,sidkey1m11.6
24050,si:dkey-1m11.5,sidkey1m11.5
24051,hmgb1b,hmgb1b
24052,tex26,tex26
24053,wdr95,wdr95
24054,AL929092.1,AL929092.1
24055,hsph1,hsph1
24056,b3glcta,b3glcta
24057,rxfp2b,rxfp2b
24058,frya,frya
24059,brca2,brca2
24060,dchs1a,dchs1a
24061,CR388091.1,CR388091.1
24062,arfip2a,arfip2a
24063,fhdc4,fhdc4
24064,trim3a,trim3a
24065,c4,c4
24066,si:ch211-162k9.5,sich211162k9.5
24067,si:ch211-162k9.6,sich211162k9.6
24068,si:dkey-285b23.4,sidkey285b23.4
24069,si:dkey-285b23.3,sidkey285b23.3
24070,CR854829.1,CR854829.1
24071,frem2b,frem2b
24072,CR855389.2,CR855389.2
24073,trpc4b,trpc4b
24074,CR855389.1,CR855389.1
24075,postnb,postnb
24076,spartb,spartb
24077,dclk1b,dclk1b
24078,nbeab,nbeab
24079,mab21l1,mab21l1
24080,stard13b,stard13b
24081,CT027778.1,CT027778.1
24082,hdac12,hdac12
24083,trmt9b,trmt9b
24084,pds5b,pds5b
24085,CR855379.1,CR855379.1
24086,n4bp2l2,n4bp2l2
24087,mmp13b,mmp13b
24088,inpp5ka,inpp5ka
24089,tekt1,tekt1
24090,CR855379.2,CR855379.2
24091,CR855379.3,CR855379.3
24092,mag,mag
24093,lsr,lsr
24094,tmem106ba,tmem106ba
24095,vwde,vwde
24096,si:dkey-30e9.7,sidkey30e9.7
24097,si:dkey-30e9.6,sidkey30e9.6
24098,arl4aa,arl4aa
24099,CABZ01015393.1,CABZ01015393.1
24100,etv1,etv1
24101,dgkb,dgkb
24102,FP017158.1,FP017158.1
24103,agmo,agmo
24104,meox2a,meox2a
24105,crppa,crppa
24106,FP102309.2,FP102309.2
24107,sostdc1a,sostdc1a
24108,FP102309.1,FP102309.1
24109,ankmy2a,ankmy2a
24110,tspan13a,tspan13a
24111,bag6,bag6
24112,lta,lta
24113,tnfb,tnfb
24114,gabbr1a,gabbr1a
24115,sh3bp5la,sh3bp5la
24116,mgat1a,mgat1a
24117,BX629344.1,BX629344.1
24118,rnf183,rnf183
24119,dhx16,dhx16
24120,zgc:66024,zgc66024
24121,zgc:66024-1,zgc660241
24122,si:ch73-95l15.5,sich7395l15.5
24123,zgc:55621,zgc55621
24124,ccdc105,ccdc105
24125,arhgef28b,arhgef28b
24126,bloc1s3,bloc1s3
24127,zgc:55413,zgc55413
24128,sesn3,sesn3
24129,CR387932.1,CR387932.1
24130,zgc:77118,zgc77118
24131,si:ch211-272b8.7,sich211272b8.7
24132,slc19a3a,slc19a3a
24133,agfg1a,agfg1a
24134,mrpl44,mrpl44
24135,mff,mff
24136,zgc:158328,zgc158328
24137,CR354553.1,CR354553.1
24138,mecom,mecom
24139,CR848683.2,CR848683.2
24140,CR848683.1,CR848683.1
24141,CT573366.1,CT573366.1
24142,nyap2a,nyap2a
24143,CR854907.1,CR854907.1
24144,irs1,irs1
24145,rhbdd1,rhbdd1
24146,col4a4,col4a4
24147,CT027718.1,CT027718.1
24148,col4a3,col4a3
24149,sst1.2,sst1.2
24150,BX571880.1,BX571880.1
24151,sst1.1,sst1.1
24152,masp1,masp1
24153,ostn,ostn
24154,gmnc,gmnc
24155,si:dkey-23k10.2,sidkey23k10.2
24156,si:dkey-23k10.5,sidkey23k10.5
24157,si:dkey-23k10.3,sidkey23k10.3
24158,si:dkey-262k9.2,sidkey262k9.2
24159,si:dkey-262k9.4,sidkey262k9.4
24160,nphs1,nphs1
24161,AL953844.1,AL953844.1
24162,kirrel3l,kirrel3l
24163,zmp:0000001114,zmp0000001114
24164,aplp1,aplp1
24165,CR848749.2,CR848749.2
24166,CR848749.1,CR848749.1
24167,CTRL,CTRL
24168,zbtb32,zbtb32
24169,si:ch211-113j13.2,sich211113j13.2
24170,igflr1,igflr1
24171,kmt2bb,kmt2bb
24172,psenen,psenen
24173,hspb6,hspb6
24174,proser3,proser3
24175,CT027748.1,CT027748.1
24176,lin37,lin37
24177,si:dkey-42l23.9,sidkey42l23.9
24178,si:ch211-137j23.8,sich211137j23.8
24179,si:ch211-137j23.7,sich211137j23.7
24180,si:ch211-137j23.6,sich211137j23.6
24181,si:dkey-117a8.4,sidkey117a8.4
24182,si:dkey-117a8.3,sidkey117a8.3
24183,si:dkey-117a8.1,sidkey117a8.1
24184,si:dkey-117a8.2,sidkey117a8.2
24185,CR848836.1,CR848836.1
24186,si:dkey-42l23.7,sidkey42l23.7
24187,si:dkey-42l23.6,sidkey42l23.6
24188,si:dkey-42l23.5,sidkey42l23.5
24189,si:dkey-42l23.4,sidkey42l23.4
24190,si:dkey-42l23.9-1,sidkey42l23.9-1
24191,si:dkey-42l23.3,sidkey42l23.3
24192,si:dkey-42l23.2,sidkey42l23.2
24193,si:dkey-42l23.1,sidkey42l23.1
24194,ctrl,ctrl
24195,si:dkey-238d18.3,sidkey238d18.3
24196,hsc70,hsc70
24197,si:dkey-238d18.4,sidkey238d18.4
24198,CR944667.1,CR944667.1
24199,CR944667.3,CR944667.3
24200,si:dkey-238d18.5,sidkey238d18.5
24201,si:dkey-238d18.15,sidkey238d18.15
24202,si:ch73-380l3.2,sich73380l3.2
24203,si:dkey-238d18.12,sidkey238d18.12
24204,si:dkey-238d18.7,sidkey238d18.7
24205,si:dkey-238d18.10,sidkey238d18.10
24206,si:dkey-238d18.9,sidkey238d18.9
24207,si:dkey-238d18.8,sidkey238d18.8
24208,si:dkey-238d18.7-1,sidkey238d18.7-1
24209,si:dkey-238d18.13,sidkey238d18.13
24210,CR944667.2,CR944667.2
24211,si:dkey-238d18.6,sidkey238d18.6
24212,si:ch73-380l3.2-1,sich73380l3.2-1
24213,si:ch73-380l3.3,sich73380l3.3
24214,si:ch73-380l3.4,sich73380l3.4
24215,si:ch73-380l3.5,sich73380l3.5
24216,si:dkey-24p1.1,sidkey24p1.1
24217,irgq2,irgq2
24218,si:dkey-24p1.7,sidkey24p1.7
24219,chrna10a,chrna10a
24220,rhoga,rhoga
24221,stim1a,stim1a
24222,si:dkey-24p1.6,sidkey24p1.6
24223,si:dkey-24p1.6-1,sidkey24p1.6-1
24224,trpc2a,trpc2a
24225,BX571707.1,BX571707.1
24226,robo2,robo2
24227,BX088709.1,BX088709.1
24228,robo2-1,robo2-1
24229,robo1,robo1
24230,CU855934.1,CU855934.1
24231,si:dkey-263j23.1-1,sidkey263j23.1-1
24232,msh5,msh5
24233,lypc,lypc
24234,rps5,rps5
24235,cab39,cab39
24236,CR759918.1,CR759918.1
24237,itm2ca,itm2ca
24238,lpar5b,lpar5b
24239,gpr55a,gpr55a
24240,CR759918.2,CR759918.2
24241,ngef,ngef
24242,CR388129.1,CR388129.1
24243,si:ch211-281l24.3,sich211281l24.3
24244,efhd1,efhd1
24245,kcnj13,kcnj13
24246,BX571794.2,BX571794.2
24247,gal3st2,gal3st2
24248,BX571794.1,BX571794.1
24249,BX571794.3,BX571794.3
24250,fat3a,fat3a
24251,mtnr1ba,mtnr1ba
24252,slc36a4,slc36a4
24253,smco4,smco4
24254,usp16,usp16
24255,usp16-1,usp16-1
24256,nlrc8,nlrc8
24257,si:dkey-121n8.7,sidkey121n8.7
24258,CR854897.2,CR854897.2
24259,CR854897.1,CR854897.1
24260,nlrc8-1,nlrc8-1
24261,nlrc9,nlrc9
24262,si:ch211-187g4.1,sich211187g4.1
24263,si:dkey-230i18.2,sidkey230i18.2
24264,CR925731.1,CR925731.1
24265,CLSTN2,CLSTN2
24266,CR848665.1,CR848665.1
24267,spsb4b,spsb4b
24268,si:ch211-276c2.4,sich211276c2.4
24269,ftr90,ftr90
24270,ftr90-1,ftr90-1
24271,ftr76,ftr76
24272,ftr90-2,ftr90-2
24273,ftr73,ftr73
24274,ftr72,ftr72
24275,ftr91,ftr91
24276,slc25a36b,slc25a36b
24277,pxylp1,pxylp1
24278,si:ch211-191a16.5,sich211191a16.5
24279,nlrp16,nlrp16
24280,si:ch211-191a16.2,sich211191a16.2
24281,epha4l,epha4l
24282,si:dkey-96g2.1,sidkey96g2.1
24283,CR925728.2,CR925728.2
24284,CR925728.1,CR925728.1
24285,CR925728.3,CR925728.3
24286,LO018107.1,LO018107.1
24287,pax3b,pax3b
24288,SGPP2,SGPP2
24289,BX322538.2,BX322538.2
24290,farsb,farsb
24291,scaf4b,scaf4b
24292,BX322538.1,BX322538.1
24293,tiam1b,tiam1b
24294,FP340266.1,FP340266.1
24295,cldn17,cldn17
24296,zgc:110333,zgc110333
24297,grik1b,grik1b
24298,si:ch211-181d7.1,sich211181d7.1
24299,si:ch211-181d7.1-1,sich211181d7.1-1
24300,CR457441.1,CR457441.1
24301,si:ch211-181d7.3,sich211181d7.3
24302,slc8a2b,slc8a2b
24303,acsl3a,acsl3a
24304,BX890602.1,BX890602.1
24305,kcne4,kcne4
24306,ap1s3a,ap1s3a
24307,flj13639,flj13639
24308,wdfy1,wdfy1
24309,serpine2,serpine2
24310,prss16,prss16
24311,zgc:85932,zgc85932
24312,actn4,actn4
24313,ctsc,ctsc
24314,CABZ01044962.1,CABZ01044962.1
24315,grm5b,grm5b
24316,tyr,tyr
24317,CABZ01073033.2,CABZ01073033.2
24318,CABZ01073033.1,CABZ01073033.1
24319,naalad2,naalad2
24320,chordc1a,chordc1a
24321,nlrc3l,nlrc3l
24322,FO704909.2,FO704909.2
24323,ENSDARG00000105169,ENSDARG00000105169
24324,numa1,numa1
24325,lrrc51,lrrc51
24326,lamtor1,lamtor1
24327,zgc:112998,zgc112998
24328,CU655961.1,CU655961.1
24329,CU655961.2,CU655961.2
24330,zgc:165514,zgc165514
24331,CU655961.3,CU655961.3
24332,CU655961.4,CU655961.4
24333,CU929391.1,CU929391.1
24334,CU929391.3,CU929391.3
24335,CU929391.2,CU929391.2
24336,zgc:162962,zgc162962
24337,cwf19l2,cwf19l2
24338,GUCY1A2,GUCY1A2
24339,aasdhppt,aasdhppt
24340,msantd4,msantd4
24341,gria4a,gria4a
24342,zgc:165508,zgc165508
24343,alp3,alp3
24344,CABZ01061894.1,CABZ01061894.1
24345,CABZ01037147.1,CABZ01037147.1
24346,CABZ01037139.1,CABZ01037139.1
24347,pdgfd,pdgfd
24348,DYNC2H1,DYNC2H1
24349,CABZ01068244.1,CABZ01068244.1
24350,CABZ01068246.1,CABZ01068246.1
24351,fgf12b,fgf12b
24352,MB21D2,MB21D2
24353,LO018197.1,LO018197.1
24354,cldn15lb,cldn15lb
24355,atg16l1,atg16l1
24356,CU929115.1,CU929115.1
24357,CU929115.2,CU929115.2
24358,sagb,sagb
24359,CABZ01067232.1,CABZ01067232.1
24360,lrfn1,lrfn1
24361,CU571161.1,CU571161.1
24362,CABZ01067657.1,CABZ01067657.1
24363,CABZ01044022.1,CABZ01044022.1
24364,CABZ01044023.1,CABZ01044023.1
24365,si:ch1073-190k2.1,sich1073190k2.1
24366,si:ch1073-340i21.3,sich1073340i21.3
24367,si:ch1073-340i21.2,sich1073340i21.2
24368,wu:fb18f06,wufb18f06
24369,igsf11,igsf11
24370,CABZ01044047.1,CABZ01044047.1
24371,CABZ01044048.1,CABZ01044048.1
24372,CABZ01044053.1,CABZ01044053.1
24373,zgc:162872,zgc162872
24374,CR381579.3,CR381579.3
24375,ilkap,ilkap
24376,clcn2c,clcn2c
24377,CR381579.1,CR381579.1
24378,chrd,chrd
24379,CR381579.2,CR381579.2
24380,CR381579.4,CR381579.4
24381,zgc:153039,zgc153039
24382,ecel1,ecel1
24383,cep57,cep57
24384,CABZ01079080.1,CABZ01079080.1
24385,CABZ01079081.1,CABZ01079081.1
24386,gap43,gap43
24387,CABZ01099795.1,CABZ01099795.1
24388,CABZ01088337.1,CABZ01088337.1
24389,anapc15,anapc15
24390,folr,folr
24391,CABZ01099833.1,CABZ01099833.1
24392,CLPB,CLPB
24393,clpb,clpb
24394,phox2a,phox2a
24395,inppl1a,inppl1a
24396,sik3,sik3
24397,sidt2,sidt2
24398,CABZ01087566.1,CABZ01087566.1
24399,CABZ01087564.1,CABZ01087564.1
24400,socs9,socs9
24401,CABZ01087560.1,CABZ01087560.1
24402,paf1,paf1
24403,CU655829.1,CU655829.1
24404,stard10,stard10
24405,tomt,tomt
24406,sfrp2l,sfrp2l
24407,kbtbd3,kbtbd3
24408,CU633855.1,CU633855.1
24409,CU682604.1,CU682604.1
24410,eif3k,eif3k
24411,si:ch1073-429i10.3,sich1073429i10.3
24412,h3f3b.1-1,h3f3b.1-1
24413,si:ch1073-429i10.1,sich1073429i10.1
24414,DMWD,DMWD
24415,otx5,otx5
24416,psma6l,psma6l
24417,SAMD4B,SAMD4B
24418,twist3,twist3
24419,hdac7a,hdac7a
24420,PDZD4-1,PDZD4-1
24421,CU571318.1,CU571318.1
24422,anks1aa,anks1aa
24423,taf11,taf11
24424,uhrf1bp1,uhrf1bp1
24425,ap4b1,ap4b1
24426,zgc:101663,zgc101663
24427,CU929146.3,CU929146.3
24428,slc25a55b,slc25a55b
24429,CU929146.1,CU929146.1
24430,tspan2b,tspan2b
24431,CU929146.2,CU929146.2
24432,si:ch73-181d5.4,sich73181d5.4
24433,hm13,hm13
24434,col9a3,col9a3
24435,samhd1,samhd1
24436,mtg2,mtg2
24437,lsm14b,lsm14b
24438,kcnk15,kcnk15
24439,ogfr,ogfr
24440,BX323461.1,BX323461.1
24441,l1camb,l1camb
24442,irf10,irf10
24443,mitfb,mitfb
24444,CU927920.1,CU927920.1
24445,frmd4bb,frmd4bb
24446,rbm10,rbm10
24447,rhoac,rhoac
24448,cdh26.2,cdh26.2
24449,cdh26.1,cdh26.1
24450,si:zfos-905g2.1,sizfos905g2.1
24451,zgc:113423,zgc113423
24452,si:ch1073-272j17.3,sich1073272j17.3
24453,slc34a2b,slc34a2b
24454,CABZ01079870.1,CABZ01079870.1
24455,CABZ01079872.1,CABZ01079872.1
24456,psmb11b,psmb11b
24457,CABZ01079873.1,CABZ01079873.1
24458,utrn,utrn
24459,CR376840.1,CR376840.1
24460,CABZ01078120.1,CABZ01078120.1
24461,epm2a,epm2a
24462,fbxo30b,fbxo30b
24463,fndc7b,fndc7b
24464,CU693481.1,CU693481.1
24465,stxbp3,stxbp3
24466,rabggta,rabggta
24467,tgm1,tgm1
24468,prdm5,prdm5
24469,ndnf,ndnf
24470,cpeb2,cpeb2
24471,c1qtnf7,c1qtnf7
24472,cc2d2a,cc2d2a
24473,CABZ01048666.1,CABZ01048666.1
24474,tcp1,tcp1
24475,PRSS35,PRSS35
24476,snai1b,snai1b
24477,LO017835.1,LO017835.1
24478,GGT7,GGT7
24479,CABZ01057928.1,CABZ01057928.1
24480,ncoa6,ncoa6
24481,zgc:114123,zgc114123
24482,top1,top1
24483,plcg1,plcg1
24484,zhx3,zhx3
24485,rab5if,rab5if
24486,DHX35,DHX35
24487,AL954726.1,AL954726.1
24488,mafba,mafba
24489,rnf114,rnf114
24490,spata2,spata2
24491,si:dkey-9l20.3,sidkey9l20.3
24492,pacsin1a,pacsin1a
24493,nudt3a,nudt3a
24494,smim29,smim29
24495,hmga1a,hmga1a
24496,opn7b,opn7b
24497,CU682640.1,CU682640.1
24498,FP102158.1,FP102158.1
24499,slc9a8,slc9a8
24500,b4galt5,b4galt5
24501,FQ323119.1,FQ323119.1
24502,aar2,aar2
24503,zgc:113278,zgc113278
24504,arl6ip5b,arl6ip5b
24505,srsf6a,srsf6a
24506,si:ch211-10d23.5,sich21110d23.5
24507,l3mbtl1,l3mbtl1
24508,l3mbtl1a,l3mbtl1a
24509,sgk2a,sgk2a
24510,mybl2a,mybl2a
24511,adtrp1,adtrp1
24512,ptpdc1b,ptpdc1b
24513,zgc:171857,zgc171857
24514,wnt7ab,wnt7ab
24515,nup210,nup210
24516,LO017700.2,LO017700.2
24517,IQSEC1,IQSEC1
24518,gp9,gp9
24519,cnbpa,cnbpa
24520,raf1a,raf1a
24521,raf1a-1,raf1a-1
24522,syn2a,syn2a
24523,vgll4a,vgll4a
24524,slc6a1a,slc6a1a
24525,tnnc1a,tnnc1a
24526,atp6ap1a,atp6ap1a
24527,taz,taz
24528,ngfa,ngfa
24529,kcna2b,kcna2b
24530,etv7,etv7
24531,ube2t,ube2t
24532,zgc:194242,zgc194242
24533,FO904870.1,FO904870.1
24534,CABZ01030033.1,CABZ01030033.1
24535,CR936540.1,CR936540.1
24536,dre-let-7a-5,dre-let-7a-5
24537,dre-let-7e,dre-let-7e
24538,tulp1a,tulp1a
24539,tead3a,tead3a
24540,smpd2a,smpd2a
24541,CABZ01117607.1,CABZ01117607.1
24542,pkp1a,pkp1a
24543,tnnt2a,tnnt2a
24544,lad1,lad1
24545,tnni1a,tnni1a
24546,ftr57,ftr57
24547,phlda3,phlda3
24548,csrp1a,csrp1a
24549,CABZ01026153.1,CABZ01026153.1
24550,NAV1,NAV1
24551,mybpha,mybpha
24552,zmp:0000001139,zmp0000001139
24553,syt2a,syt2a
24554,BX323087.1,BX323087.1
24555,BX323087.2,BX323087.2
24556,bmp7b,bmp7b
24557,spo11,spo11
24558,rbm38,rbm38
24559,CR450824.1,CR450824.1
24560,mipb,mipb
24561,CR450824.2,CR450824.2
24562,baz2a,baz2a
24563,ptges3b,ptges3b
24564,P4HTM,P4HTM
24565,FP102169.1,FP102169.1
24566,si:ch211-117c9.5,sich211117c9.5
24567,BX005466.1,BX005466.1
24568,ftr59,ftr59
24569,ftr58,ftr58
24570,trim35-39,trim35-39
24571,si:ch211-117c9.2,sich211117c9.2
24572,si:ch211-117c9.1,sich211117c9.1
24573,edem2,edem2
24574,CT573484.1,CT573484.1
24575,prpf6,prpf6
24576,slco4a1,slco4a1
24577,CR589876.1,CR589876.1
24578,dre-mir-133a-2,dre-mir-133a-2
24579,mir1-1,mir1-1
24580,si:dkeyp-73a2.2,sidkeyp73a2.2
24581,gata5,gata5
24582,BX323800.1,BX323800.1
24583,rbbp8l,rbbp8l
24584,hck,hck
24585,tm9sf4,tm9sf4
24586,CU633736.1,CU633736.1
24587,plagl2,plagl2
24588,pofut1,pofut1
24589,kif3b,kif3b
24590,PCMTD2,PCMTD2
24591,myt1b,myt1b
24592,BX005278.1,BX005278.1
24593,AL627126.1,AL627126.1
24594,oprl1,oprl1
24595,rgs19,rgs19
24596,tcea2,tcea2
24597,sox18,sox18
24598,xkr7,xkr7
24599,ccm2l,ccm2l
24600,cables2b,cables2b
24601,si:dkey-66g10.2,sidkey66g10.2
24602,rps21,rps21
24603,acss2,acss2
24604,CU137717.1,CU137717.1
24605,CU137717.2,CU137717.2
24606,BX511246.1,BX511246.1
24607,dre-mir-2193,dre-mir-2193
24608,soga1,soga1
24609,osbpl2b,osbpl2b
24610,adrm1,adrm1
24611,lama5,lama5
24612,CR388392.1,CR388392.1
24613,CU466281.1,CU466281.1
24614,mapre1b,mapre1b
24615,prkcbp1l,prkcbp1l
24616,BX324190.1,BX324190.1
24617,slc16a7,slc16a7
24618,si:ch211-220i18.4,sich211220i18.4
24619,plxnb1a,plxnb1a
24620,zgc:171775,zgc171775
24621,krt5,krt5
24622,krt8,krt8
24623,krt18a.1,krt18a.1
24624,krt18a.2,krt18a.2
24625,eif4ba,eif4ba
24626,tns2a,tns2a
24627,BX323028.1,BX323028.1
24628,foxp1a,foxp1a
24629,eif4e3,eif4e3
24630,rybpa,rybpa
24631,ppp4r2a,ppp4r2a
24632,pdzrn3a,pdzrn3a
24633,cntn3a.2,cntn3a.2
24634,chl1a,chl1a
24635,BX548247.1,BX548247.1
24636,CR388030.1,CR388030.1
24637,CR388030.2,CR388030.2
24638,cntn3a.1,cntn3a.1
24639,si:dkey-178k16.1,sidkey178k16.1
24640,CR735125.1,CR735125.1
24641,AL929345.2,AL929345.2
24642,AL929345.1,AL929345.1
24643,edn3b,edn3b
24644,AL929345.3,AL929345.3
24645,ttll9,ttll9
24646,fam217b,fam217b
24647,ppp1r3da,ppp1r3da
24648,sycp2,sycp2
24649,phactr3a,phactr3a
24650,pigt,pigt
24651,wfdc2,wfdc2
24652,snx21,snx21
24653,si:ch211-153a8.4,sich211153a8.4
24654,si:zfos-452g4.1,sizfos452g4.1
24655,si:dkey-96f10.1,sidkey96f10.1
24656,smc1al,smc1al
24657,ndnl2,ndnl2
24658,si:dkey-150i13.2,sidkey150i13.2
24659,BX546500.1,BX546500.1
24660,samd10b,samd10b
24661,CR450832.1,CR450832.1
24662,ZNF512B,ZNF512B
24663,CR749171.1,CR749171.1
24664,uckl1b,uckl1b
24665,CR391935.1,CR391935.1
24666,dre-mir-1388,dre-mir-1388
24667,CR391935.2,CR391935.2
24668,CU929459.1,CU929459.1
24669,zbtb46,zbtb46
24670,lmod3,lmod3
24671,naa10,naa10
24672,g6pd,g6pd
24673,si:dkey-90a13.10,sidkey90a13.10
24674,adcy6a,adcy6a
24675,BX897727.1,BX897727.1
24676,cacnb3a,cacnb3a
24677,ddx23,ddx23
24678,birc7,birc7
24679,nkain4,nkain4
24680,CR354537.1,CR354537.1
24681,CR388373.2,CR388373.2
24682,CR388373.3,CR388373.3
24683,CR388373.1,CR388373.1
24684,si:rp71-79p20.2,sirp7179p20.2
24685,si:rp71-79p20.2-1,sirp7179p20.2-1
24686,gss,gss
24687,exosc10,exosc10
24688,sla2,sla2
24689,ndrg3b,ndrg3b
24690,phf20b,phf20b
24691,si:ch211-218g4.2,sich211218g4.2
24692,BX537335.1,BX537335.1
24693,sulf2b,sulf2b
24694,CR759764.1,CR759764.1
24695,BX005011.1,BX005011.1
24696,CR376835.1,CR376835.1
24697,eef1a2,eef1a2
24698,mrgbp,mrgbp
24699,BX511184.1,BX511184.1
24700,AL928725.1,AL928725.1
24701,ntsr1,ntsr1
24702,CU041345.1,CU041345.1
24703,si:dkeyp-100a5.4,sidkeyp100a5.4
24704,CR318668.1,CR318668.1
24705,snphb,snphb
24706,sdcbp2,sdcbp2
24707,fkbp1ab,fkbp1ab
24708,BX296551.1,BX296551.1
24709,si:ch211-224l10.4,sich211224l10.4
24710,AL732515.1,AL732515.1
24711,fbxo44,fbxo44
24712,si:rp71-1k13.6,sirp711k13.6
24713,zgc:153722,zgc153722
24714,zgc:114081,zgc114081
24715,zgc:100832,zgc100832
24716,zgc:173570,zgc173570
24717,si:dkey-63j12.4-1,sidkey63j12.4-1
24718,AL732515.2,AL732515.2
24719,zgc:114174,zgc114174
24720,si:dkey-147f3.8,sidkey147f3.8
24721,si:dkey-147f3.8-1,sidkey147f3.8-1
24722,si:dkey-147f3.4,sidkey147f3.4
24723,cdc42l2,cdc42l2
24724,dnmt3bb.3,dnmt3bb.3
24725,dnmt3bb.2,dnmt3bb.2
24726,dnmt3bb.1,dnmt3bb.1
24727,CR318674.1,CR318674.1
24728,commd7,commd7
24729,BX927275.1,BX927275.1
24730,BX927275.2,BX927275.2
24731,BX927275.3,BX927275.3
24732,nol4lb,nol4lb
24733,BX649300.1,BX649300.1
24734,SRMS,SRMS
24735,ptk6b,ptk6b
24736,BX649300.2,BX649300.2
24737,ppdpfb,ppdpfb
24738,tpd52l2b,tpd52l2b
24739,BX649300.3,BX649300.3
24740,trim101,trim101
24741,dnajc5ab,dnajc5ab
24742,BX649300.4,BX649300.4
24743,gid8b,gid8b
24744,slc17a9b,slc17a9b
24745,bhlhe23,bhlhe23
24746,CR407550.1,CR407550.1
24747,CR381647.4,CR381647.4
24748,CU570795.1,CU570795.1
24749,CR381647.3,CR381647.3
24750,CR381647.5,CR381647.5
24751,dre-mir-124-5,dre-mir-124-5
24752,rnd1a,rnd1a
24753,prim1,prim1
24754,tfip11,tfip11
24755,naca,naca
24756,CR381647.1,CR381647.1
24757,CR381647.2,CR381647.2
24758,si:ch73-390p7.2,sich73390p7.2
24759,CU234171.1,CU234171.1
24760,chia.4,chia.4
24761,chia.6,chia.6
24762,chia.6-1,chia.6-1
24763,pm20d1.2,pm20d1.2
24764,pm20d1.1,pm20d1.1
24765,zgc:92287,zgc92287
24766,dre-mir-135c-2,dre-mir-135c-2
24767,mfsd4ab,mfsd4ab
24768,nucks1b,nucks1b
24769,CR352232.1,CR352232.1
24770,tafa4a,tafa4a
24771,tafa1a,tafa1a
24772,CR339055.1,CR339055.1
24773,hsd17b10,hsd17b10
24774,dre-let-7g-1,dre-let-7g-1
24775,fam120c,fam120c
24776,avpr2ab,avpr2ab
24777,sephs2,sephs2
24778,ssr4,ssr4
24779,ikbkg,ikbkg
24780,zgc:158296,zgc158296
24781,CT027756.2,CT027756.2
24782,CT027756.1,CT027756.1
24783,arhgap4b,arhgap4b
24784,CT027756.3,CT027756.3
24785,zgc:103759,zgc103759
24786,myh7bb,myh7bb
24787,CR847953.2,CR847953.2
24788,trpc4apb,trpc4apb
24789,emp3b,emp3b
24790,nsfl1c,nsfl1c
24791,CR847953.1,CR847953.1
24792,si:ch211-209j10.6,sich211209j10.6
24793,cox4i2,cox4i2
24794,bcl2l1,bcl2l1
24795,arfgef2,arfgef2
24796,CR788311.1,CR788311.1
24797,pard6b,pard6b
24798,fkbpl,fkbpl
24799,si:ch73-381f5.2,sich73381f5.2
24800,ebp,ebp
24801,CR388168.2,CR388168.2
24802,si:dkey-93l1.4,sidkey93l1.4
24803,ccdc115,ccdc115
24804,si:dkey-109j17.5,sidkey109j17.5
24805,apobec2b,apobec2b
24806,CR388168.1,CR388168.1
24807,oard1,oard1
24808,guca1b,guca1b
24809,klhdc8b,klhdc8b
24810,CR388168.3,CR388168.3
24811,tasorb,tasorb
24812,asb14b,asb14b
24813,dnah12,dnah12
24814,atp6ap1lb,atp6ap1lb
24815,slmapb,slmapb
24816,flnb,flnb
24817,abhd6b,abhd6b
24818,CR376797.1,CR376797.1
24819,kctd6b,kctd6b
24820,smim4,smim4
24821,ognb,ognb
24822,si:dkey-93l1.6,sidkey93l1.6
24823,dnase1l1,dnase1l1
24824,rpl10,rpl10
24825,CR352234.4,CR352234.4
24826,flna,flna
24827,emd,emd
24828,haus7,haus7
24829,atp2b3b,atp2b3b
24830,CT574579.1,CT574579.1
24831,ccnq,ccnq
24832,cfap126,cfap126
24833,b4galt3,b4galt3
24834,bgnb,bgnb
24835,si:dkey-32e6.6,sidkey32e6.6
24836,tnnc1b,tnnc1b
24837,tktb,tktb
24838,lrrc23,lrrc23
24839,si:dkey-32e6.3,sidkey32e6.3
24840,usp19,usp19
24841,lamb2,lamb2
24842,AL953864.1,AL953864.1
24843,lamb2l,lamb2l
24844,CR749762.2,CR749762.2
24845,si:rp71-17i16.6,sirp7117i16.6
24846,si:rp71-17i16.5,sirp7117i16.5
24847,CR749762.1,CR749762.1
24848,TNNC2,TNNC2
24849,tnnc2,tnnc2
24850,taf13,taf13
24851,slc35c2,slc35c2
24852,CR352228.2,CR352228.2
24853,dpm1,dpm1
24854,CR352228.1,CR352228.1
24855,adnpb,adnpb
24856,camkvl,camkvl
24857,uba1,uba1
24858,arhgef3l,arhgef3l
24859,usp21,usp21
24860,ccdc30,ccdc30
24861,znf362b,znf362b
24862,si:ch211-112c15.8,sich211112c15.8
24863,ttc34,ttc34
24864,zgc:154075,zgc154075
24865,pax7b,pax7b
24866,kcnab2b,kcnab2b
24867,megf6a,megf6a
24868,si:dkey-201k7.1,sidkey201k7.1
24869,emc1,emc1
24870,ubr4,ubr4
24871,iffo2a,iffo2a
24872,tas1r1,tas1r1
24873,her12,her12
24874,her4.1,her4.1
24875,her4.2,her4.2
24876,her4.3,her4.3
24877,her4.4,her4.4
24878,her4.2-1,her4.2-1
24879,si:ch73-21g5.7,sich7321g5.7
24880,si:dkey-1c11.1,sidkey1c11.1
24881,icmt,icmt
24882,rnf207b,rnf207b
24883,rcc2,rcc2
24884,arhgef10lb,arhgef10lb
24885,CR847529.1,CR847529.1
24886,igsf21b,igsf21b
24887,dhrs3a,dhrs3a
24888,CR548634.1,CR548634.1
24889,vps13d,vps13d
24890,lrrc38a,lrrc38a
24891,CR548634.2,CR548634.2
24892,ephb2a,ephb2a
24893,si:dkey-68l7.2,sidkey68l7.2
24894,lactbl1a,lactbl1a
24895,eif4g3b,eif4g3b
24896,phc2a,phc2a
24897,slc2a1a,slc2a1a
24898,rap1gap,rap1gap
24899,CR354612.1,CR354612.1
24900,spsb1,spsb1
24901,CR388207.1,CR388207.1
24902,CR388207.2,CR388207.2
24903,si:ch211-28e16.5,sich21128e16.5
24904,dre-mir-34a,dre-mir-34a
24905,gpr157,gpr157
24906,slc2a5,slc2a5
24907,ca6,ca6
24908,eno1a,eno1a
24909,rerea,rerea
24910,AL954857.1,AL954857.1
24911,AL928977.1,AL928977.1
24912,samd11,samd11
24913,noc2l,noc2l
24914,klhl17,klhl17
24915,plekhn1,plekhn1
24916,si:dkey-98j1.5,sidkey98j1.5
24917,her9,her9
24918,agrn,agrn
24919,ptpn11b,ptpn11b
24920,CR925720.1,CR925720.1
24921,dre-mir-200b,dre-mir-200b
24922,dre-mir-200a,dre-mir-200a
24923,dre-mir-429a,dre-mir-429a
24924,dre-mir-7149,dre-mir-7149
24925,ttll10,ttll10
24926,si:dkey-21o19.2,sidkey21o19.2
24927,arhgef19,arhgef19
24928,CR925709.3,CR925709.3
24929,CR925709.1,CR925709.1
24930,ano11,ano11
24931,CR925709.2,CR925709.2
24932,plekhm2,plekhm2
24933,ddost,ddost
24934,zbtb17,zbtb17
24935,hspb7,hspb7
24936,clcnk,clcnk
24937,fam131c,fam131c
24938,epha2b,epha2b
24939,spen,spen
24940,BX957326.4,BX957326.4
24941,tmem82,tmem82
24942,sult1st5,sult1st5
24943,szrd1,szrd1
24944,atp13a2,atp13a2
24945,ENSDARG00000092713,ENSDARG00000092713
24946,BX957326.2,BX957326.2
24947,tmem240a,tmem240a
24948,mlh3,mlh3
24949,kansl2,kansl2
24950,nckap5l,nckap5l
24951,BX957326.1,BX957326.1
24952,BX957326.3,BX957326.3
24953,ctdsp2,ctdsp2
24954,dre-mir-26b,dre-mir-26b
24955,sdf4,sdf4
24956,c1qtnf12,c1qtnf12
24957,olfml3a,olfml3a
24958,syt6a,syt6a
24959,CU041397.1,CU041397.1
24960,CR376748.1,CR376748.1
24961,klhl21,klhl21
24962,zbtb48,zbtb48
24963,nol9,nol9
24964,casp9,casp9
24965,arhgap4a,arhgap4a
24966,avpr2aa,avpr2aa
24967,CR847803.1,CR847803.1
24968,idh3g,idh3g
24969,fam3a,fam3a
24970,si:dkey-151g10.3,sidkey151g10.3
24971,erbb3b,erbb3b
24972,pa2g4b,pa2g4b
24973,si:dkey-151g10.6,sidkey151g10.6
24974,esyt1a,esyt1a
24975,fmnl3,fmnl3
24976,lrp1ab,lrp1ab
24977,rbms2b,rbms2b
24978,si:dkey-21c19.3,sidkey21c19.3
24979,BX005414.1,BX005414.1
24980,fitm2,fitm2
24981,r3hdml,r3hdml
24982,hnf4a,hnf4a
24983,CR318614.1,CR318614.1
24984,ttpal,ttpal
24985,pkig,pkig
24986,ada,ada
24987,ccn5,ccn5
24988,AL845287.1,AL845287.1
24989,si:dkey-78k11.9,sidkey78k11.9
24990,pfkfb1,pfkfb1
24991,itih6,itih6
24992,gdi1,gdi1
24993,atp6ap1b,atp6ap1b
24994,rca2.1,rca2.1
24995,si:dkey-78k11.4,sidkey78k11.4
24996,rca2.2,rca2.2
24997,ptpn22,ptpn22
24998,RSBN1,RSBN1
24999,MAGI3,MAGI3
25000,si:ch73-206d17.1,sich73206d17.1
25001,si:dkey-205h13.1,sidkey205h13.1
25002,si:dkey-205h13.2,sidkey205h13.2
25003,hspg2,hspg2
25004,CR855310.1,CR855310.1
25005,zgc:158263,zgc158263
25006,galnt6,galnt6
25007,adcy6b,adcy6b
25008,CT573349.1,CT573349.1
25009,cacnb3b,cacnb3b
25010,CU862020.1,CU862020.1
25011,rnd1b,rnd1b
25012,zgc:66440,zgc66440
25013,ptges3a,ptges3a
25014,mipa,mipa
25015,stat6,stat6
25016,si:dkey-157g16.6,sidkey157g16.6
25017,scn8aa,scn8aa
25018,tmprss12,tmprss12
25019,si:dkey-9p24.5,sidkey9p24.5
25020,dip2ba,dip2ba
25021,atf7a,atf7a
25022,asb8,asb8
25023,larp4aa,larp4aa
25024,pfkma,pfkma
25025,si:ch211-156j22.4,sich211156j22.4
25026,CR354381.1,CR354381.1
25027,phf8,phf8
25028,arf3a,arf3a
25029,wnt10b,wnt10b
25030,wnt1,wnt1
25031,rps26,rps26
25032,ikzf4,ikzf4
25033,dnajc22,dnajc22
25034,lmbr1l,lmbr1l
25035,dhh,dhh
25036,kmt2d,kmt2d
25037,acvr1ba,acvr1ba
25038,acvrl1,acvrl1
25039,ankrd33aa,ankrd33aa
25040,ENSDARG00000100606,ENSDARG00000100606
25041,sp5l,sp5l
25042,slc26a10,slc26a10
25043,c1galt1a,c1galt1a
25044,b4galnt1a,b4galnt1a
25045,tac3a,tac3a
25046,BX663515.1,BX663515.1
25047,znf385a,znf385a
25048,birc5b,birc5b
25049,neurod4,neurod4
25050,zgc:153867,zgc153867
25051,CT025585.1,CT025585.1
25052,c1ql4a,c1ql4a
25053,tmem107l,tmem107l
25054,huwe1,huwe1
25055,dre-let-7g-2,dre-let-7g-2
25056,dre-let-7h,dre-let-7h
25057,l1cama,l1cama
25058,BX664745.1,BX664745.1
25059,ribc1,ribc1
25060,smc1a,smc1a
25061,srm,srm
25062,cort,cort
25063,masp2,masp2
25064,CR381533.1,CR381533.1
25065,CR381533.2,CR381533.2
25066,dffa,dffa
25067,pex14,pex14
25068,CR677513.1,CR677513.1
25069,CR677513.2,CR677513.2
25070,CR677513.3,CR677513.3
25071,casz1,casz1
25072,CR677617.1,CR677617.1
25073,si:ch211-129o18.4,sich211129o18.4
25074,tardbpl,tardbpl
25075,sst6,sst6
25076,pgd,pgd
25077,kif1b,kif1b
25078,ube4b,ube4b
25079,nmnat1-rbp7a,nmnat1-rbp7a
25080,rbp7a,rbp7a
25081,nmnat1,nmnat1
25082,lzic,lzic
25083,clstn1,clstn1
25084,BX571850.1,BX571850.1
25085,ctnnbip1,ctnnbip1
25086,pik3cd,pik3cd
25087,zgc:194189,zgc194189
25088,tmem201,tmem201
25089,FP101914.1,FP101914.1
25090,slc25a33,slc25a33
25091,aurkaip1,aurkaip1
25092,mxra8b,mxra8b
25093,CU695073.1,CU695073.1
25094,si:ch73-236e11.2,sich73236e11.2
25095,dvl1a,dvl1a
25096,tnfrsf9a,tnfrsf9a
25097,ccdc187,ccdc187
25098,uts2a,uts2a
25099,camta1a,camta1a
25100,CR456642.2,CR456642.2
25101,CR456642.1,CR456642.1
25102,dnajc11a,dnajc11a
25103,thap3,thap3
25104,asxl1,asxl1
25105,pcmtd2a,pcmtd2a
25106,AL845357.1,AL845357.1
25107,myt1a,myt1a
25108,npbwr2a,npbwr2a
25109,XKR7,XKR7
25110,cables2a,cables2a
25111,osbpl2a,osbpl2a
25112,si:ch211-197l9.2,sich211197l9.2
25113,BX649257.1,BX649257.1
25114,selenoi,selenoi
25115,si:ch211-197l9.5,sich211197l9.5
25116,tbx18,tbx18
25117,irak1bp1,irak1bp1
25118,si:dkey-261l7.2,sidkey261l7.2
25119,phip,phip
25120,hmgn3,hmgn3
25121,lca5,lca5
25122,CR759830.3,CR759830.3
25123,sh3bgrl2,sh3bgrl2
25124,zgc:153284,zgc153284
25125,rps12,rps12
25126,CR759830.1,CR759830.1
25127,CR759830.2,CR759830.2
25128,eya4,eya4
25129,tcf21,tcf21
25130,tbpl1,tbpl1
25131,slc2a12,slc2a12
25132,sgk1,sgk1
25133,BX927365.3,BX927365.3
25134,BX927365.1,BX927365.1
25135,aldh8a1,aldh8a1
25136,BX927365.2,BX927365.2
25137,hbs1l,hbs1l
25138,myb,myb
25139,mtfr2,mtfr2
25140,armc1l,armc1l
25141,si:dkey-126g1.7,sidkey126g1.7
25142,si:dkey-126g1.9,sidkey126g1.9
25143,nemp1,nemp1
25144,ormdl2,ormdl2
25145,BX927210.1,BX927210.1
25146,pan2,pan2
25147,plagx,plagx
25148,trappc6b,trappc6b
25149,tpx2,tpx2
25150,mylk2,mylk2
25151,cd63,cd63
25152,letmd1,letmd1
25153,zgc:56699,zgc56699
25154,rprm3,rprm3
25155,CU469363.1,CU469363.1
25156,nr4a1,nr4a1
25157,CU041363.1,CU041363.1
25158,grasp,grasp
25159,dgkaa,dgkaa
25160,rnf41,rnf41
25161,slc39a5,slc39a5
25162,ankrd52a,ankrd52a
25163,taf8,taf8
25164,si:ch211-66i15.4,sich21166i15.4
25165,si:ch211-66i15.5,sich21166i15.5
25166,BX957355.1,BX957355.1
25167,si:ch211-66i15.5-1,sich21166i15.5-1
25168,si:dkey-261h17.1,sidkey261h17.1
25169,CR678070.1,CR678070.1
25170,plxna2,plxna2
25171,BX470150.1,BX470150.1
25172,AL928610.1,AL928610.1
25173,AL929087.1,AL929087.1
25174,dre-mir-205,dre-mir-205
25175,si:ch211-226m16.3,sich211226m16.3
25176,AL929087.2,AL929087.2
25177,si:ch211-226m16.2,sich211226m16.2
25178,slc48a1a,slc48a1a
25179,rapgef3,rapgef3
25180,itga5,itga5
25181,CT027694.1,CT027694.1
25182,csrnp2,csrnp2
25183,tfcp2,tfcp2
25184,pou6f1,pou6f1
25185,dazap2,dazap2
25186,si:ch211-210c8.7,sich211210c8.7
25187,bin2a,bin2a
25188,si:ch211-210c8.6,sich211210c8.6
25189,racgap1,racgap1
25190,CR354542.1,CR354542.1
25191,CR381531.2,CR381531.2
25192,CR381531.1,CR381531.1
25193,cs,cs
25194,wu:fc63a07,wufc63a07
25195,ENSDARG00000070393,ENSDARG00000070393
25196,snrpg,snrpg
25197,plpbp,plpbp
25198,CT025912.1,CT025912.1
25199,tmed4,tmed4
25200,CT025912.2,CT025912.2
25201,fam50a,fam50a
25202,si:ch211-207e14.4,sich211207e14.4
25203,AL954678.1,AL954678.1
25204,sars1,sars1
25205,chchd6a,chchd6a
25206,plxna1a,plxna1a
25207,CR352218.1,CR352218.1
25208,CHST13,CHST13
25209,BX294434.1,BX294434.1
25210,klf15,klf15
25211,CU459147.1,CU459147.1
25212,cpne9,cpne9
25213,cmtr1,cmtr1
25214,si:ch211-225h24.2,sich211225h24.2
25215,CR933812.1,CR933812.1
25216,fbxo25,fbxo25
25217,fam110c,fam110c
25218,acp1,acp1
25219,alkal2a,alkal2a
25220,tmem18,tmem18
25221,ccnt1,ccnt1
25222,pmelb,pmelb
25223,tuba1c,tuba1c
25224,tuba1a,tuba1a
25225,tuba1b,tuba1b
25226,jph2,jph2
25227,gdap1l1,gdap1l1
25228,mfsd5,mfsd5
25229,BX465853.1,BX465853.1
25230,nr1d4a,nr1d4a
25231,rarga,rarga
25232,BX546466.1,BX546466.1
25233,hoxc10a,hoxc10a
25234,BX465864.2,BX465864.2
25235,calcoco1a,calcoco1a
25236,BX465864.1,BX465864.1
25237,hoxc13a,hoxc13a
25238,hoxc12a,hoxc12a
25239,hoxc11a,hoxc11a
25240,BX005254.3,BX005254.3
25241,hoxc3a,hoxc3a
25242,mir196a-1,mir196a-1
25243,BX005254.4,BX005254.4
25244,hoxc9a,hoxc9a
25245,hoxc8a,hoxc8a
25246,BX005254.1,BX005254.1
25247,hoxc6a,hoxc6a
25248,hoxc5a,hoxc5a
25249,dre-mir-10b-2,dre-mir-10b-2
25250,hoxc4a,hoxc4a
25251,BX005254.2,BX005254.2
25252,hoxc1a,hoxc1a
25253,cbx5,cbx5
25254,hnrnpa1b,hnrnpa1b
25255,nfe2,nfe2
25256,BX571773.1,BX571773.1
25257,copz1,copz1
25258,znf740b,znf740b
25259,CU468730.1,CU468730.1
25260,csad,csad
25261,zgc:174906,zgc174906
25262,lima1a,lima1a
25263,FO704757.1,FO704757.1
25264,spryd3,spryd3
25265,FO704757.2,FO704757.2
25266,igfbp6b,igfbp6b
25267,pip4k2ca,pip4k2ca
25268,gpr182,gpr182
25269,zbtb39,zbtb39
25270,agap2,agap2
25271,CU571398.1,CU571398.1
25272,BX321896.1,BX321896.1
25273,tspan31,tspan31
25274,march9,march9
25275,dre-mir-2191,dre-mir-2191
25276,hipk1a,hipk1a
25277,CR926464.2,CR926464.2
25278,ube2j2,ube2j2
25279,acap3a,acap3a
25280,CR926464.1,CR926464.1
25281,CABZ01054876.1,CABZ01054876.1
25282,ints11,ints11
25283,cptp,cptp
25284,ubxn10,ubxn10
25285,zgc:193690,zgc193690
25286,vwa5b1,vwa5b1
25287,CR762407.2,CR762407.2
25288,CR762407.1,CR762407.1
25289,mul1b,mul1b
25290,fam43b,fam43b
25291,CR762407.3,CR762407.3
25292,zmp:0000001088,zmp0000001088
25293,AL954146.2,AL954146.2
25294,AL954146.1,AL954146.1
25295,cdaa,cdaa
25296,pink1,pink1
25297,agmat,agmat
25298,AL954146.3,AL954146.3
25299,dnajc16,dnajc16
25300,tor1l1,tor1l1
25301,tor1l2,tor1l2
25302,tor1l3,tor1l3
25303,plekhg5b,plekhg5b
25304,CR381544.1,CR381544.1
25305,irx7,irx7
25306,cd40,cd40
25307,CR381544.2,CR381544.2
25308,cbln4,cbln4
25309,CU682811.3,CU682811.3
25310,CU682811.2,CU682811.2
25311,CU682811.1,CU682811.1
25312,pfdn4,pfdn4
25313,zgc:112994,zgc112994
25314,znf217,znf217
25315,CABZ01070579.1,CABZ01070579.1
25316,FO904868.2,FO904868.2
25317,FO904868.1,FO904868.1
25318,tshz2,tshz2
25319,zfp64,zfp64
25320,sall4,sall4
25321,ATP9A,ATP9A
25322,nfatc2a,nfatc2a
25323,CABZ01054023.1,CABZ01054023.1
25324,kcng1,kcng1
25325,src,src
25326,mical1,mical1
25327,camk1gb,camk1gb
25328,g0s2,g0s2
25329,otud3,otud3
25330,vwa1,vwa1
25331,tmco4,tmco4
25332,htr6,htr6
25333,micos10,micos10
25334,SIKE1,SIKE1
25335,IYD,IYD
25336,ppp1r14c,ppp1r14c
25337,si:ch73-217b7.1,sich73217b7.1
25338,CU657980.2,CU657980.2
25339,CU657980.1,CU657980.1
25340,xcr1a.1,xcr1a.1
25341,fyco1a,fyco1a
25342,ghrhrl,ghrhrl
25343,gpsm2l,gpsm2l
25344,tgm1l2,tgm1l2
25345,tgm1l3,tgm1l3
25346,CABZ01067002.1,CABZ01067002.1
25347,tent5ab,tent5ab
25348,CABZ01067001.1,CABZ01067001.1
25349,elovl4b,elovl4b
25350,soga3b,soga3b
25351,CR354556.2,CR354556.2
25352,CR354556.1,CR354556.1
25353,CR354556.3,CR354556.3
25354,rnf146,rnf146
25355,CR381701.1,CR381701.1
25356,cdh24a,cdh24a
25357,CR405692.1,CR405692.1
25358,si:dkeyp-27c8.2,sidkeyp27c8.2
25359,si:dkeyp-27c8.1,sidkeyp27c8.1
25360,si:dkey-194e6.2,sidkey194e6.2
25361,si:dkeyp-27c8.1-1,sidkeyp27c8.1-1
25362,si:dkey-194e6.1,sidkey194e6.1
25363,LO017845.1,LO017845.1
25364,reps2,reps2
25365,CABZ01056843.1,CABZ01056843.1
25366,CABZ01056826.1,CABZ01056826.1
25367,nhsa,nhsa
25368,CABZ01056821.1,CABZ01056821.1
25369,scube3,scube3
25370,CABZ01056817.1,CABZ01056817.1
25371,si:ch73-184c24.1,sich73184c24.1
25372,CU914487.1,CU914487.1
25373,stk35,stk35
25374,pdyn,pdyn
25375,GMEB2,GMEB2
25376,scp2b,scp2b
25377,podn,podn
25378,CU855854.1,CU855854.1
25379,slc1a7b,slc1a7b
25380,SHISAL2A,SHISAL2A
25381,CABZ01049773.1,CABZ01049773.1
25382,gpx7,gpx7
25383,tut4,tut4
25384,CABZ01065131.1,CABZ01065131.1
25385,cyp2aa12,cyp2aa12
25386,cyp2aa6,cyp2aa6
25387,cyp2aa7,cyp2aa7
25388,cyp2aa8,cyp2aa8
25389,cyp2aa11,cyp2aa11
25390,cyp2aa4,cyp2aa4
25391,CU013526.2,CU013526.2
25392,CU013526.1,CU013526.1
25393,cyp2aa9,cyp2aa9
25394,cyp2aa1,cyp2aa1
25395,cyp2aa2,cyp2aa2
25396,cyp2aa3,cyp2aa3
25397,CT997819.1,CT997819.1
25398,CT997819.3,CT997819.3
25399,CT997819.2,CT997819.2
25400,CT997819.4,CT997819.4
25401,CT997819.5,CT997819.5
25402,cyp2ae1,cyp2ae1
25403,FO904880.1,FO904880.1
25404,si:ch73-217n20.1,sich73217n20.1
25405,pfkfb2a,pfkfb2a
25406,myl9a,myl9a
25407,dlgap4a,dlgap4a
25408,CABZ01066224.1,CABZ01066224.1
25409,BX004770.1,BX004770.1
25410,si:dkey-65j6.2,sidkey65j6.2
25411,CR545469.1,CR545469.1
25412,tgm2a,tgm2a
25413,CR545469.2,CR545469.2
25414,si:rp71-80o10.4,sirp7180o10.4
25415,zgc:174862,zgc174862
25416,BX322612.1,BX322612.1
25417,rprd1b,rprd1b
25418,tti1,tti1
25419,e2f1,e2f1
25420,znf341,znf341
25421,CABZ01117597.1,CABZ01117597.1
25422,itchb,itchb
25423,CABZ01117603.1,CABZ01117603.1
25424,slc10a7,slc10a7
25425,otud4,otud4
25426,abce1,abce1
25427,anapc10,anapc10
25428,si:ch73-285p12.4,sich73285p12.4
25429,rnf150b,rnf150b
25430,si:ch211-149b19.2,sich211149b19.2
25431,PPM1K,PPM1K
25432,si:ch211-149b19.4,sich211149b19.4
25433,cnga1b,cnga1b
25434,nfxl1,nfxl1
25435,CU993818.1,CU993818.1
25436,corin,corin
25437,FO904943.1,FO904943.1
25438,CABZ01071875.1,CABZ01071875.1
25439,CABZ01071874.1,CABZ01071874.1
25440,txk,txk
25441,CABZ01072563.1,CABZ01072563.1
25442,G3BP2,G3BP2
25443,tec,tec
25444,si:ch73-106g13.1,sich73106g13.1
25445,zgc:158659,zgc158659
25446,MEPCE,MEPCE
25447,dlg4b,dlg4b
25448,dlg4b-1,dlg4b-1
25449,ephb4b,ephb4b
25450,eif4e2rs1,eif4e2rs1
25451,cntrob,cntrob
25452,SPSB2,SPSB2
25453,actl6b,actl6b
25454,si:ch73-375g18.1,sich73375g18.1
25455,psmb6,psmb6
25456,trappc1,trappc1
25457,CU929143.1,CU929143.1
25458,si:ch73-160p18.3,sich73160p18.3
25459,si:ch73-160p18.4,sich73160p18.4
25460,pfn1,pfn1
25461,eno3,eno3
25462,si:ch73-265d7.2,sich73265d7.2
25463,ENSDARG00000039008,ENSDARG00000039008
25464,camta2,camta2
25465,kif1c,kif1c
25466,mogat3a,mogat3a
25467,atp1b2a,atp1b2a
25468,si:ch73-269m23.5,sich73269m23.5
25469,CU682777.2,CU682777.2
25470,st8sia7.1,st8sia7.1
25471,CU682777.1,CU682777.1
25472,plod3,plod3
25473,asgrl2,asgrl2
25474,fhdc5,fhdc5
25475,si:ch1073-441p17.1,sich1073441p17.1
25476,tfr2,tfr2
25477,ctc1,ctc1
25478,hmgb2b,hmgb2b
25479,sh3gl2b,sh3gl2b
25480,si:ch73-168d20.1,sich73168d20.1
25481,ccdc171,ccdc171
25482,psip1b,psip1b
25483,ttc39b,ttc39b
25484,CABZ01073261.1,CABZ01073261.1
25485,CABZ01073265.1,CABZ01073265.1
25486,sgms2b,sgms2b
25487,aimp1b,aimp1b
25488,CABZ01076996.1,CABZ01076996.1
25489,ccn1,ccn1
25490,znhit6,znhit6
25491,col24a1,col24a1
25492,prelid1b,prelid1b
25493,CU681841.1,CU681841.1
25494,si:ch73-290k24.6,sich73290k24.6
25495,cyp17a2,cyp17a2
25496,egr4,egr4
25497,FBXO41,FBXO41
25498,dclk2b,dclk2b
25499,fam160a1b,fam160a1b
25500,ednrab,ednrab
25501,CABZ01088025.1,CABZ01088025.1
25502,CABZ01088025.2,CABZ01088025.2
25503,CABZ01088036.1,CABZ01088036.1
25504,vdra,vdra
25505,lmnl3,lmnl3
25506,syap1,syap1
25507,fbxl5,fbxl5
25508,ftr92,ftr92
25509,abcg2a,abcg2a
25510,MCOLN3,MCOLN3
25511,DNAI3,DNAI3
25512,SYDE2,SYDE2
25513,C23H1orf52,C23H1orf52
25514,ddah1,ddah1
25515,CABZ01071903.1,CABZ01071903.1
25516,btr32,btr32
25517,btr31,btr31
25518,tgm1l4,tgm1l4
25519,AP1S2,AP1S2
25520,ENSDARG00000114796,ENSDARG00000114796
25521,bhmt,bhmt
25522,dmgdh,dmgdh
25523,ARSB,ARSB
25524,zer1,zer1
25525,si:ch1073-398f15.1,sich1073398f15.1
25526,klhl8,klhl8
25527,gsdf,gsdf
25528,CZQB01146713.1,CZQB01146713.1
25529,nup54,nup54
25530,bxdc2,bxdc2
25531,dtwd2,dtwd2
25532,stard4,stard4
25533,jak2a,jak2a
25534,rln1,rln1
25535,plgrkt,plgrkt
25536,lhfpl2a,lhfpl2a
25537,ZNF462,ZNF462
25538,CABZ01079630.1,CABZ01079630.1
25539,rad23b,rad23b
25540,klf4,klf4
25541,nop14,nop14
25542,vimr1,vimr1
25543,CABZ01079427.1,CABZ01079427.1
25544,CU694481.1,CU694481.1
25545,oaz1b,oaz1b
25546,txnl1,txnl1
25547,BX511310.2,BX511310.2
25548,nars1,nars1
25549,BX511310.1,BX511310.1
25550,scarb2c,scarb2c
25551,CABZ01057159.1,CABZ01057159.1
25552,CABZ01088049.1,CABZ01088049.1
25553,CABZ01086139.1,CABZ01086139.1
25554,CABZ01086127.1,CABZ01086127.1
25555,TCF4,TCF4
25556,rab27b,rab27b
25557,wdr91,wdr91
25558,CU530420.1,CU530420.1
25559,CU695199.1,CU695199.1
25560,vmo1b,vmo1b
25561,zgc:152948,zgc152948
25562,fech,fech
25563,onecut2,onecut2
25564,st8sia3,st8sia3
25565,WDR7,WDR7
25566,add1,add1
25567,si:rp71-1h20.9,sirp711h20.9
25568,AL627305.1,AL627305.1
25569,si:rp71-1h20.5,sirp711h20.5
25570,AL627305.2,AL627305.2
25571,AL627305.3,AL627305.3
25572,BX510922.1,BX510922.1
25573,gb:ai877918,gbai877918
25574,BX510922.2,BX510922.2
25575,zgc:163077,zgc163077
25576,zgc:171220,zgc171220
25577,BX510922.3,BX510922.3
25578,zgc:162971,zgc162971
25579,BX510922.4,BX510922.4
25580,si:dkey-50i6.5,sidkey50i6.5
25581,zgc:113343,zgc113343
25582,si:dkey-50i6.6,sidkey50i6.6
25583,si:ch73-299h12.1,sich73299h12.1
25584,si:ch73-299h12.2,sich73299h12.2
25585,si:ch73-299h12.3,sich73299h12.3
25586,si:ch73-299h12.4,sich73299h12.4
25587,si:ch73-299h12.6,sich73299h12.6
25588,si:ch211-241b2.1,sich211241b2.1
25589,zgc:66483,zgc66483
25590,zgc:113348,zgc113348
25591,zgc:193790,zgc193790
25592,si:ch73-299h12.8,sich73299h12.8
25593,si:ch73-299h12.9,sich73299h12.9
25594,BX890539.1,BX890539.1
25595,si:ch211-241b2.4,sich211241b2.4
25596,si:ch211-241b2.5,sich211241b2.5
25597,hmgcrb,hmgcrb
25598,cert1b,cert1b
25599,CABZ01101739.1,CABZ01101739.1
25600,CABZ01073424.1,CABZ01073424.1
25601,CABZ01073424.2,CABZ01073424.2
25602,CABZ01064472.1,CABZ01064472.1
25603,CABZ01023255.1,CABZ01023255.1
25604,znf971,znf971
25605,CABZ01023253.1,CABZ01023253.1
25606,zgc:194215,zgc194215
25607,CKS2,CKS2
25608,CABZ01023247.1,CABZ01023247.1
25609,SHC3,SHC3
25610,hnrnpabb,hnrnpabb
25611,zbtb7c,zbtb7c
25612,CABZ01023231.1,CABZ01023231.1
25613,ctif,ctif
25614,smad7,smad7
25615,dym,dym
25616,atp8b1,atp8b1
25617,scamp1,scamp1
25618,tor1,tor1
25619,nsa2,nsa2
25620,spout1,spout1
25621,st6galnac6,st6galnac6
25622,st6galnac4,st6galnac4
25623,miga2,miga2
25624,dolpp1,dolpp1
25625,setx,setx
25626,CU915818.1,CU915818.1
25627,ntng2b,ntng2b
25628,rapgef1b,rapgef1b
25629,uck1,uck1
25630,dnlz,dnlz
25631,lrrc8aa,lrrc8aa
25632,HTRA2-10,HTRA2-10
25633,pimr166,pimr166
25634,HTRA2-11,HTRA2-11
25635,pimr164,pimr164
25636,HTRA2-12,HTRA2-12
25637,pimr163,pimr163
25638,CT027677.1,CT027677.1
25639,pimr160,pimr160
25640,si:dkey-84o3.3,sidkey84o3.3
25641,pimr162,pimr162
25642,si:dkey-84o3.3-1,sidkey84o3.3-1
25643,pimr160-1,pimr160-1
25644,si:dkey-84o3.6,sidkey84o3.6
25645,pimr165,pimr165
25646,pimr160-2,pimr160-2
25647,pimr152-9,pimr152-9
25648,pimr166-1,pimr166-1
25649,phyhd1,phyhd1
25650,dolk,dolk
25651,nup188,nup188
25652,BX469935.1,BX469935.1
25653,cdk5rap2,cdk5rap2
25654,si:dkey-102g19.3,sidkey102g19.3
25655,camsap1a,camsap1a
25656,notch1a,notch1a
25657,kcnt1,kcnt1
25658,si:ch73-29c22.1,sich7329c22.1
25659,B3GNT10,B3GNT10
25660,rnf165a,rnf165a
25661,C21H18orf25,C21H18orf25
25662,haus1,haus1
25663,atp5fa1,atp5fa1
25664,thbs4b,thbs4b
25665,CR382296.2,CR382296.2
25666,zgc:122979,zgc122979
25667,hwa,hwa
25668,rpl37-1,rpl37-1
25669,CR382296.1,CR382296.1
25670,st8sia5,st8sia5
25671,loxhd1a,loxhd1a
25672,psmd5,psmd5
25673,ly6m2,ly6m2
25674,ly6m3,ly6m3
25675,ly6m4,ly6m4
25676,ly6m5,ly6m5
25677,BX927369.2,BX927369.2
25678,ly6m6,ly6m6
25679,si:ch211-134a4.6,sich211134a4.6
25680,BX927369.1,BX927369.1
25681,ly6m7,ly6m7
25682,stbd1,stbd1
25683,shroom3,shroom3
25684,CU694445.1,CU694445.1
25685,ccni,ccni
25686,ccng2,ccng2
25687,wu:fj64h06,wufj64h06
25688,F2RL2,F2RL2
25689,wdr38,wdr38
25690,rpl35,rpl35
25691,uqcr10,uqcr10
25692,prodha,prodha
25693,rexo4,rexo4
25694,FP243383.1,FP243383.1
25695,CACFD1,CACFD1
25696,mob1bb,mob1bb
25697,dck,dck
25698,slc4a4b,slc4a4b
25699,fpgs,fpgs
25700,cdk9,cdk9
25701,si:dkey-93m18.6,sidkey93m18.6
25702,si:dkey-93m18.3,sidkey93m18.3
25703,si:dkey-93m18.4,sidkey93m18.4
25704,fnbp1b,fnbp1b
25705,fnbp1b-1,fnbp1b-1
25706,AL928952.1,AL928952.1
25707,cenpt,cenpt
25708,CABZ01068945.1,CABZ01068945.1
25709,col5a1,col5a1
25710,FP102966.1,FP102966.1
25711,olfm1b,olfm1b
25712,BX005283.1,BX005283.1
25713,si:ch211-93g21.2,sich21193g21.2
25714,si:ch211-93g21.1,sich21193g21.1
25715,ppp1r26,ppp1r26
25716,mrps2,mrps2
25717,zgc:113019,zgc113019
25718,CU655836.1,CU655836.1
25719,dipk1b,dipk1b
25720,agpat2,agpat2
25721,egfl7,egfl7
25722,dre-mir-126b,dre-mir-126b
25723,CU929160.1,CU929160.1
25724,ap3b1a,ap3b1a
25725,CABZ01052431.1,CABZ01052431.1
25726,CABZ01052423.1,CABZ01052423.1
25727,tbca,tbca
25728,otpa,otpa
25729,CU459136.1,CU459136.1
25730,wdr41,wdr41
25731,pde8b,pde8b
25732,aggf1,aggf1
25733,crhbp,crhbp
25734,s100z,s100z
25735,ch25hl2,ch25hl2
25736,BX323555.5,BX323555.5
25737,f2rl1.2,f2rl1.2
25738,f2rl1.1,f2rl1.1
25739,ENSDARG00000086262,ENSDARG00000086262
25740,ENSDARG00000077638,ENSDARG00000077638
25741,BX323555.2,BX323555.2
25742,ENSDARG00000086236,ENSDARG00000086236
25743,ENSDARG00000090041,ENSDARG00000090041
25744,BX323555.4,BX323555.4
25745,ENSDARG00000087469,ENSDARG00000087469
25746,BX323555.1,BX323555.1
25747,BX323555.3,BX323555.3
25748,ENSDARG00000059507,ENSDARG00000059507
25749,OLFML2A,OLFML2A
25750,nr6a1b,nr6a1b
25751,nr5a1b,nr5a1b
25752,psmb7,psmb7
25753,nek6,nek6
25754,lhx2a,lhx2a
25755,dennd1a,dennd1a
25756,crb2a,crb2a
25757,casp21,casp21
25758,FP103074.1,FP103074.1
25759,CR628389.1,CR628389.1
25760,sdad1,sdad1
25761,ptpn13,ptpn13
25762,mapk10,mapk10
25763,arhgap24,arhgap24
25764,esm1,esm1
25765,herc7,herc7
25766,CABZ01043508.1,CABZ01043508.1
25767,CABZ01043506.2,CABZ01043506.2
25768,CABZ01043506.1,CABZ01043506.1
25769,CABZ01043503.1,CABZ01043503.1
25770,hcn1,hcn1
25771,ccbe1,ccbe1
25772,lman1,lman1
25773,BX248399.1,BX248399.1
25774,cplx4a,cplx4a
25775,rx3,rx3
25776,grp,grp
25777,znf532,znf532
25778,oacyl,oacyl
25779,alpk2,alpk2
25780,dre-mir-122,dre-mir-122
25781,si:dkey-277m11.2,sidkey277m11.2
25782,nedd4l,nedd4l
25783,prlra,prlra
25784,agxt2,agxt2
25785,dnajc21,dnajc21
25786,arid6,arid6
25787,FO393393.1,FO393393.1
25788,rtkn2b,rtkn2b
25789,zgc:162472,zgc162472
25790,gtf3c5,gtf3c5
25791,cel.2,cel.2
25792,cel.1,cel.1
25793,zgc:92275,zgc92275
25794,grin1a,grin1a
25795,si:dkey-184p9.7,sidkey184p9.7
25796,entpd2b,entpd2b
25797,zgc:114104,zgc114104
25798,cd8b,cd8b
25799,cd8a,cd8a
25800,cast,cast
25801,pcsk1,pcsk1
25802,ell2,ell2
25803,glrx,glrx
25804,si:dkey-6b12.5,sidkey6b12.5
25805,rfesd,rfesd
25806,nudt2,nudt2
25807,ube2r2,ube2r2
25808,ubap1,ubap1
25809,dcaf12,dcaf12
25810,ubap2a,ubap2a
25811,nop56,nop56
25812,CT027620.1,CT027620.1
25813,mlnl,mlnl
25814,zgc:64106,zgc64106
25815,aqp7,aqp7
25816,tpgs2,tpgs2
25817,zgc:162344,zgc162344
25818,celf4,celf4
25819,AL928707.2,AL928707.2
25820,AL928707.3,AL928707.3
25821,AL928707.1,AL928707.1
25822,CR293531.2,CR293531.2
25823,CR293531.4,CR293531.4
25824,CR293531.3,CR293531.3
25825,CR293531.1,CR293531.1
25826,LO018011.1,LO018011.1
25827,CR388176.1,CR388176.1
25828,myorg,myorg
25829,CR792457.1,CR792457.1
25830,zgc:109965,zgc109965
25831,fam219aa,fam219aa
25832,odf2a,odf2a
25833,si:dkey-228b2.6,sidkey228b2.6
25834,sptan1,sptan1
25835,wdr34,wdr34
25836,setb,setb
25837,specc1lb,specc1lb
25838,adora2ab,adora2ab
25839,snrpd3l,snrpd3l
25840,si:ch73-62l21.1,sich7362l21.1
25841,zgc:113162,zgc113162
25842,nsmfa,nsmfa
25843,si:dkey-248f6.3,sidkey248f6.3
25844,pnpla7a,pnpla7a
25845,clic3,clic3
25846,fut7,fut7
25847,pou5f3,pou5f3
25848,npdc1a,npdc1a
25849,si:ch211-282j22.3,sich211282j22.3
25850,slc31a2,slc31a2
25851,niban2a,niban2a
25852,stxbp1a,stxbp1a
25853,BX470221.1,BX470221.1
25854,akna,akna
25855,whrna,whrna
25856,man1b1a,man1b1a
25857,si:ch211-196i2.1,sich211196i2.1
25858,cacna1bb,cacna1bb
25859,CR392036.1,CR392036.1
25860,ehmt1b,ehmt1b
25861,arrdc1b,arrdc1b
25862,glulc,glulc
25863,si:dkey-11o18.5,sidkey11o18.5
25864,phpt1,phpt1
25865,noc4l,noc4l
25866,pus1,pus1
25867,ulk1b,ulk1b
25868,mmp17a,mmp17a
25869,sfswap,sfswap
25870,si:dkey-11o15.7,sidkey11o15.7
25871,si:dkey-11o15.5,sidkey11o15.5
25872,BX901878.1,BX901878.1
25873,BX901878.3,BX901878.3
25874,si:dkey-11o15.7-1,sidkey11o15.7-1
25875,si:dkey-11o15.8,sidkey11o15.8
25876,BX901878.2,BX901878.2
25877,si:dkey-11o15.10,sidkey11o15.10
25878,smarcb1b,smarcb1b
25879,mmp11b,mmp11b
25880,chchd10,chchd10
25881,ddt,ddt
25882,gstt1b,gstt1b
25883,p2rx4a,p2rx4a
25884,idh3b,idh3b
25885,ptpra,ptpra
25886,gnrh2,gnrh2
25887,GCNT4,GCNT4
25888,CR847785.1,CR847785.1
25889,gcnt4b,gcnt4b
25890,fam169ab,fam169ab
25891,AL953866.1,AL953866.1
25892,lhx5,lhx5
25893,mzt2b,mzt2b
25894,zgc:193801,zgc193801
25895,cyb561a3b,cyb561a3b
25896,qrfpr4,qrfpr4
25897,tnfrsfa,tnfrsfa
25898,unc5da,unc5da
25899,BX005302.1,BX005302.1
25900,aqp3b,aqp3b
25901,vps29,vps29
25902,AL844518.1,AL844518.1
25903,gpn3,gpn3
25904,arpc3,arpc3
25905,ube2g1b,ube2g1b
25906,atp2a2b,atp2a2b
25907,bcr,bcr
25908,AL844518.2,AL844518.2
25909,gfi1b,gfi1b
25910,tsc1b,tsc1b
25911,gtf3c4,gtf3c4
25912,barhl1b,barhl1b
25913,CU929241.1,CU929241.1
25914,stom,stom
25915,gsna,gsna
25916,CR762400.1,CR762400.1
25917,rxraa,rxraa
25918,BX001031.1,BX001031.1
25919,stx2a,stx2a
25920,dnai1.2,dnai1.2
25921,CR812470.1,CR812470.1
25922,CR812470.2,CR812470.2
25923,vav2,vav2
25924,brd3a,brd3a
25925,wdr5,wdr5
25926,dnai1.1,dnai1.1
25927,RIMBP2,RIMBP2
25928,si:dkey-1d7.3,sidkey1d7.3
25929,si:dkey-112m2.1,sidkey112m2.1
25930,BX323088.1,BX323088.1
25931,CT027623.1,CT027623.1
25932,si:dkey-65l23.2-2,sidkey65l23.2-2
25933,smpd4,smpd4
25934,si:ch211-222n4.2,sich211222n4.2
25935,med15,med15
25936,crkl,crkl
25937,pimr72,pimr72
25938,mpp4l-1,mpp4l-1
25939,rpl17,rpl17
25940,pgam2,pgam2
25941,nefla,nefla
25942,nefma,nefma
25943,BX000991.3,BX000991.3
25944,nkx6.1,nkx6.1
25945,BX000991.1,BX000991.1
25946,BX000991.4,BX000991.4
25947,BX000991.2,BX000991.2
25948,BX649525.1,BX649525.1
25949,gpat3,gpat3
25950,abraxas1,abraxas1
25951,mrps18c,mrps18c
25952,helq,helq
25953,hpse,hpse
25954,btc,btc
25955,amacr,amacr
25956,slc45a2,slc45a2
25957,rxfp3,rxfp3
25958,gzmk,gzmk
25959,gzma,gzma
25960,rai14,rai14
25961,BX927394.1,BX927394.1
25962,fgf10a,fgf10a
25963,BX927394.2,BX927394.2
25964,BX927394.3,BX927394.3
25965,nnt,nnt
25966,ccdc80l2,ccdc80l2
25967,fybb,fybb
25968,mfhas1,mfhas1
25969,eri1,eri1
25970,ppp1r3b,ppp1r3b
25971,tnksa,tnksa
25972,dusp4,dusp4
25973,si:dkey-247m21.3,sidkey247m21.3
25974,zgc:86764,zgc86764
25975,AL844141.1,AL844141.1
25976,slc26a1,slc26a1
25977,rbp4l,rbp4l
25978,pde6b,pde6b
25979,atp5mea,atp5mea
25980,hspb11,hspb11
25981,si:dkey-30k6.5,sidkey30k6.5
25982,zgc:103482,zgc103482
25983,efna5a,efna5a
25984,GADD45G,GADD45G
25985,gadd45gb.1,gadd45gb.1
25986,si:ch211-22d5.2,sich21122d5.2
25987,ghrb,ghrb
25988,oxct1b,oxct1b
25989,c6,c6
25990,c7b,c7b
25991,c6-1,c6-1
25992,BX511186.1,BX511186.1
25993,rgs7bpb,rgs7bpb
25994,rnf180,rnf180
25995,htr1ab,htr1ab
25996,ndr1,ndr1
25997,eif4ebp1,eif4ebp1
25998,ank1b,ank1b
25999,ftsj1,ftsj1
26000,rictorb,rictorb
26001,lifrb,lifrb
26002,ccdc61,ccdc61
26003,itpkca,itpkca
26004,si:ch211-191j22.8,sich211191j22.8
26005,si:ch211-191j22.7,sich211191j22.7
26006,qpctlb,qpctlb
26007,sdhaf1,sdhaf1
26008,si:ch211-191j22.3,sich211191j22.3
26009,kcnk12l,kcnk12l
26010,ppm1nb,ppm1nb
26011,rtn2b,rtn2b
26012,nectin3b,nectin3b
26013,diablob,diablob
26014,or133-9,or133-9
26015,or133-7,or133-7
26016,CR391925.1,CR391925.1
26017,or133-6,or133-6
26018,or133-5,or133-5
26019,or133-10,or133-10
26020,or133-4,or133-4
26021,or133-3,or133-3
26022,or133-2,or133-2
26023,or133-1,or133-1
26024,b9d2,b9d2
26025,tgfb1b,tgfb1b
26026,cbr1l,cbr1l
26027,AL929321.1,AL929321.1
26028,or125-8,or125-8
26029,or125-7,or125-7
26030,AL929321.3,AL929321.3
26031,or125-6,or125-6
26032,AL929321.4,AL929321.4
26033,or125-5,or125-5
26034,or125-4,or125-4
26035,or125-3,or125-3
26036,AL929321.2,AL929321.2
26037,or125-2,or125-2
26038,or125-1,or125-1
26039,or123-1,or123-1
26040,or124-1,or124-1
26041,or124-3,or124-3
26042,or124-2,or124-2
26043,CU915534.2,CU915534.2
26044,or124-4,or124-4
26045,defbl1,defbl1
26046,pold3,pold3
26047,CU915534.1,CU915534.1
26048,chrdl2,chrdl2
26049,xrra1,xrra1
26050,neu3.1,neu3.1
26051,neu3.2,neu3.2
26052,neu3.3,neu3.3
26053,neu3.4,neu3.4
26054,neu3.5,neu3.5
26055,wdr73,wdr73
26056,defbl2,defbl2
26057,gria4b,gria4b
26058,CR854959.1,CR854959.1
26059,CR854959.2,CR854959.2
26060,elmod1,elmod1
26061,slc35f2,slc35f2
26062,cul5b,cul5b
26063,capn5b,capn5b
26064,ompb,ompb
26065,myo7ab,myo7ab
26066,gdpd4b,gdpd4b
26067,nadk2,nadk2
26068,skp2,skp2
26069,BX470072.1,BX470072.1
26070,CU466287.2,CU466287.2
26071,CU466287.3,CU466287.3
26072,CU466287.1,CU466287.1
26073,si:ch73-112l6.1,sich73112l6.1
26074,lmbrd2b,lmbrd2b
26075,capslb,capslb
26076,il7r,il7r
26077,myo5b,myo5b
26078,cfap53,cfap53
26079,chek1,chek1
26080,nectin1a,nectin1a
26081,si:dkeyp-69c1.7,sidkeyp69c1.7
26082,BX510940.1,BX510940.1
26083,gig2l,gig2l
26084,gig2k,gig2k
26085,gig2j,gig2j
26086,gig2i,gig2i
26087,gig2h,gig2h
26088,gig2g,gig2g
26089,gig2f,gig2f
26090,gig2e,gig2e
26091,gig2d,gig2d
26092,bud13,bud13
26093,si:dkeyp-69c1.9,sidkeyp69c1.9
26094,c1qb,c1qb
26095,c1qc,c1qc
26096,c1qa,c1qa
26097,fbxo40.1,fbxo40.1
26098,fbxo40.2,fbxo40.2
26099,arhgap42a,arhgap42a
26100,trpc6a,trpc6a
26101,angptl5,angptl5
26102,cfap300,cfap300
26103,birc2,birc2
26104,polq,polq
26105,ddias,ddias
26106,pcf11,pcf11
26107,ccdc90b,ccdc90b
26108,alg8,alg8
26109,guca1d,guca1d
26110,dub,dub
26111,rb1,rb1
26112,lpar6b,lpar6b
26113,dlat,dlat
26114,zw10,zw10
26115,usp28,usp28
26116,htr3b,htr3b
26117,htr3a,htr3a
26118,zbtb16a,zbtb16a
26119,ncam1a,ncam1a
26120,BX005227.1,BX005227.1
26121,CR936479.1,CR936479.1
26122,cadm1a,cadm1a
26123,BX890610.1,BX890610.1
26124,CR759955.2,CR759955.2
26125,sc5d,sc5d
26126,anapc13,anapc13
26127,arhgap32b,arhgap32b
26128,CR759955.1,CR759955.1
26129,BX510932.2,BX510932.2
26130,igsf9bb,igsf9bb
26131,BX510932.1,BX510932.1
26132,jam3b,jam3b
26133,zgc:171740,zgc171740
26134,dixdc1b,dixdc1b
26135,ddx10,ddx10
26136,si:dkey-183i3.9,sidkey183i3.9
26137,si:dkey-183i3.5,sidkey183i3.5
26138,si:dkey-183i3.6,sidkey183i3.6
26139,rfc2,rfc2
26140,sycn.3,sycn.3
26141,sycn.1,sycn.1
26142,sycn.2,sycn.2
26143,gng8,gng8
26144,tmem45b,tmem45b
26145,nfrkb,nfrkb
26146,st14b,st14b
26147,or132-1,or132-1
26148,or132-2,or132-2
26149,or132-2-1,or132-2-1
26150,BX510938.2,BX510938.2
26151,BX510938.5,BX510938.5
26152,or132-4,or132-4
26153,or132-3,or132-3
26154,BX510938.4,BX510938.4
26155,or132-5,or132-5
26156,BX510938.1,BX510938.1
26157,BX510938.3,BX510938.3
26158,ppme1,ppme1
26159,sms,sms
26160,cnksr2b,cnksr2b
26161,nlrc3l1,nlrc3l1
26162,si:dkey-17e16.9,sidkey17e16.9
26163,MRPS12,MRPS12
26164,NPAS4,NPAS4
26165,efemp2b,efemp2b
26166,fibpb,fibpb
26167,fosl1b,fosl1b
26168,tmem223,tmem223
26169,ovol1b,ovol1b
26170,tmem151a,tmem151a
26171,si:dkey-17e16.15,sidkey17e16.15
26172,tmem179b,tmem179b
26173,sumf2,sumf2
26174,phkg1b,phkg1b
26175,bicdl2l,bicdl2l
26176,abhd11,abhd11
26177,cldnh,cldnh
26178,CR388166.2,CR388166.2
26179,cldnc,cldnc
26180,cldnb,cldnb
26181,zgc:112437,zgc112437
26182,cldnd,cldnd
26183,zgc:136892,zgc136892
26184,mettl27,mettl27
26185,nf2b,nf2b
26186,caln2,caln2
26187,sdf2,sdf2
26188,supt6h,supt6h
26189,rab34b,rab34b
26190,rpl23a,rpl23a
26191,CR749178.1,CR749178.1
26192,tlcd1,tlcd1
26193,nipal4,nipal4
26194,gria1b,gria1b
26195,BX890629.2,BX890629.2
26196,BX890629.1,BX890629.1
26197,tmsb,tmsb
26198,eif4ebp3,eif4ebp3
26199,ankhd1,ankhd1
26200,CR354383.1,CR354383.1
26201,zgc:110540,zgc110540
26202,cd248b,cd248b
26203,rce1b,rce1b
26204,adssl,adssl
26205,vegfbb,vegfbb
26206,stx5al,stx5al
26207,CR631122.1,CR631122.1
26208,esrra,esrra
26209,prdx5,prdx5
26210,nxf1,nxf1
26211,bscl2,bscl2
26212,gng3,gng3
26213,BX465841.1,BX465841.1
26214,banf1,banf1
26215,slc3a2b,slc3a2b
26216,calm3b,calm3b
26217,pcxa,pcxa
26218,lrfn4a,lrfn4a
26219,fkbp2,fkbp2
26220,ppp1r14ba,ppp1r14ba
26221,slc8a4a,slc8a4a
26222,bada,bada
26223,zgc:110782,zgc110782
26224,zgc:77262,zgc77262
26225,mark2a,mark2a
26226,si:dkey-175m17.7,sidkey175m17.7
26227,si:dkey-175m17.6,sidkey175m17.6
26228,sart1,sart1
26229,hif1al2,hif1al2
26230,BX530031.1,BX530031.1
26231,dpp3,dpp3
26232,rin1a,rin1a
26233,rbm14a,rbm14a
26234,actn3a,actn3a
26235,slc29a2,slc29a2
26236,cfb,cfb
26237,bfb,bfb
26238,cfbl,cfbl
26239,bbs1,bbs1
26240,CAPN1-1,CAPN1-1
26241,pacs1a,pacs1a
26242,zgc:165604,zgc165604
26243,CR405687.1,CR405687.1
26244,pcnx3,pcnx3
26245,nrxn2a,nrxn2a
26246,AL845282.1,AL845282.1
26247,BX927322.1,BX927322.1
26248,rasgrp2,rasgrp2
26249,pygma,pygma
26250,slc22a6l,slc22a6l
26251,CR749775.1,CR749775.1
26252,CR749775.2,CR749775.2
26253,cox8a,cox8a
26254,otub1a,otub1a
26255,epdl2,epdl2
26256,CR749775.3,CR749775.3
26257,nrg2a,nrg2a
26258,puraa,puraa
26259,zgc:100829,zgc100829
26260,BX511240.1,BX511240.1
26261,cxxc5a,cxxc5a
26262,CR759846.1,CR759846.1
26263,ppp3ca,ppp3ca
26264,ecscr,ecscr
26265,timd4,timd4
26266,havcr1,havcr1
26267,CU463029.1,CU463029.1
26268,havcr2,havcr2
26269,si:ch211-57b15.1,sich21157b15.1
26270,si:ch211-57b15.2,sich21157b15.2
26271,adra1ba,adra1ba
26272,CR318595.1,CR318595.1
26273,BX537120.3,BX537120.3
26274,zgc:171310,zgc171310
26275,BX537120.1,BX537120.1
26276,BX537120.2,BX537120.2
26277,CR847571.3,CR847571.3
26278,CR847571.1,CR847571.1
26279,CR847571.2,CR847571.2
26280,CR762480.2,CR762480.2
26281,CR762480.1,CR762480.1
26282,si:ch73-190f9.4,sich73190f9.4
26283,CU104716.1,CU104716.1
26284,CU855895.2,CU855895.2
26285,CU855895.1,CU855895.1
26286,ttc1,ttc1
26287,pwwp2a,pwwp2a
26288,CU855895.3,CU855895.3
26289,fabp6,fabp6
26290,ccnjl,ccnjl
26291,prob1,prob1
26292,slc23a1,slc23a1
26293,pfdn1,pfdn1
26294,BX510945.1,BX510945.1
26295,hbegfb,hbegfb
26296,hnrnph1l,hnrnph1l
26297,BRD8,BRD8
26298,dnajc18,dnajc18
26299,FAM53C,FAM53C
26300,slbp2,slbp2
26301,zmat2,zmat2
26302,lcp2a,lcp2a
26303,foxi3a,foxi3a
26304,CR749164.1,CR749164.1
26305,nhp2,nhp2
26306,grpel2,grpel2
26307,afap1l1b,afap1l1b
26308,snx12,snx12
26309,slc7a3a,slc7a3a
26310,rab39ba,rab39ba
26311,rab38c,rab38c
26312,si:ch211-200p22.4-1,sich211200p22.4-1
26313,phka1b,phka1b
26314,si:dkey-22f5.9,sidkey22f5.9
26315,clcn5a,clcn5a
26316,tnfsf10l3,tnfsf10l3
26317,zgc:110224,zgc110224
26318,trpc2b,trpc2b
26319,rrm1,rrm1
26320,slc6a7,slc6a7
26321,stim1b,stim1b
26322,BX936320.1,BX936320.1
26323,rhogb,rhogb
26324,pgap2,pgap2
26325,ncbp3,ncbp3
26326,rap1gap2b,rap1gap2b
26327,st6gal1,st6gal1
26328,zgc:152891,zgc152891
26329,tpst1l,tpst1l
26330,crcp,crcp
26331,asl,asl
26332,ca4c,ca4c
26333,CR450753.1,CR450753.1
26334,TENM2-1,TENM2-1
26335,si:ch211-166i24.1,sich211166i24.1
26336,zgc:165573,zgc165573
26337,CABZ01006935.1,CABZ01006935.1
26338,si:ch211-160j14.2,sich211160j14.2
26339,mat2b,mat2b
26340,si:ch211-160j14.3,sich211160j14.3
26341,BX927388.1,BX927388.1
26342,clk4b,clk4b
26343,si:ch211-247j9.1,sich211247j9.1
26344,mapk9,mapk9
26345,gfpt2,gfpt2
26346,zgc:123105,zgc123105
26347,CR735104.1,CR735104.1
26348,si:dkeyp-72g9.4,sidkeyp72g9.4
26349,adamts2,adamts2
26350,cnot6a,cnot6a
26351,adra2db,adra2db
26352,slc34a1b,slc34a1b
26353,zgc:194629,zgc194629
26354,CU019662.1,CU019662.1
26355,CU019662.2,CU019662.2
26356,arl3l1,arl3l1
26357,BX072577.1,BX072577.1
26358,rbm22,rbm22
26359,ndst1b,ndst1b
26360,rps14,rps14
26361,cd74b,cd74b
26362,si:ch73-42p12.2,sich7342p12.2
26363,clint1b,clint1b
26364,BX005313.2,BX005313.2
26365,ebf1b,ebf1b
26366,BX005313.1,BX005313.1
26367,si:ch211-51e8.2,sich21151e8.2
26368,rnf145b,rnf145b
26369,map4k6,map4k6
26370,BX510996.1,BX510996.1
26371,mtmr1b,mtmr1b
26372,hmgb3b,hmgb3b
26373,trpc5b,trpc5b
26374,alg13,alg13
26375,dacha,dacha
26376,chm,chm
26377,wdr55,wdr55
26378,zgc:56585,zgc56585
26379,cdc23,cdc23
26380,kif20a,kif20a
26381,si:dkey-71d15.2,sidkey71d15.2
26382,lipia,lipia
26383,rbm11,rbm11
26384,tmprss15,tmprss15
26385,poglut3,poglut3
26386,adrb2b,adrb2b
26387,ubtd2,ubtd2
26388,il12bb,il12bb
26389,ublcp1,ublcp1
26390,rars1,rars1
26391,si:dkeyp-23e4.3,sidkeyp23e4.3
26392,BX247879.1,BX247879.1
26393,sgcd,sgcd
26394,CR388143.1,CR388143.1
26395,LO018617.1,LO018617.1
26396,gemin5,gemin5
26397,mrpl22,mrpl22
26398,cnot8,cnot8
26399,wwc1,wwc1
26400,CR352267.1,CR352267.1
26401,BX936439.1,BX936439.1
26402,nop16,nop16
26403,grk6,grk6
26404,prr7,prr7
26405,dbn1,dbn1
26406,zgc:77151,zgc77151
26407,BX649250.2,BX649250.2
26408,BX649250.1,BX649250.1
26409,znf346,znf346
26410,fgfr4,fgfr4
26411,nsd1b,nsd1b
26412,mrps17,mrps17
26413,fam114a2,fam114a2
26414,pgrmc1,pgrmc1
26415,cox7b,cox7b
26416,pgk1,pgk1
26417,amot,amot
26418,CU929171.1,CU929171.1
26419,ndfip1l,ndfip1l
26420,mpp1,mpp1
26421,gabrb4,gabrb4
26422,FO704750.1,FO704750.1
26423,PRRG3,PRRG3
26424,ripply1,ripply1
26425,rbm41,rbm41
26426,cldn2,cldn2
26427,klf8,klf8
26428,BX530030.1,BX530030.1
26429,klf5l,klf5l
26430,zgc:158291,zgc158291
26431,CR735102.1,CR735102.1
26432,pof1b,pof1b
26433,AL935199.2,AL935199.2
26434,slc25a14,slc25a14
26435,AL935199.1,AL935199.1
26436,rbmx2,rbmx2
26437,siah2l,siah2l
26438,taf9,taf9
26439,rab24,rab24
26440,heatr6,heatr6
26441,hnf1bb,hnf1bb
26442,tlr22,tlr22
26443,ddx52,ddx52
26444,CU463284.2,CU463284.2
26445,CU463284.1,CU463284.1
26446,traf4b,traf4b
26447,aldh3a2b,aldh3a2b
26448,vtnb,vtnb
26449,slc13a2,slc13a2
26450,unc119b,unc119b
26451,cryba1b,cryba1b
26452,cpdb,cpdb
26453,trarg1b,trarg1b
26454,CU442763.1,CU442763.1
26455,si:ch211-274p24.2,sich211274p24.2
26456,aifm5,aifm5
26457,si:ch211-274p24.4,sich211274p24.4
26458,cluhb,cluhb
26459,pafah1b1b,pafah1b1b
26460,mntb,mntb
26461,sept4a,sept4a
26462,dynll2b,dynll2b
26463,srsf1b,srsf1b
26464,pigs,pigs
26465,aldocb,aldocb
26466,rskrb,rskrb
26467,mrm3b,mrm3b
26468,plrdgb,plrdgb
26469,tmigd1,tmigd1
26470,slc47a1,slc47a1
26471,slc47a2.1,slc47a2.1
26472,BX248108.1,BX248108.1
26473,med31,med31
26474,slc13a5a,slc13a5a
26475,serpinf2a,serpinf2a
26476,serpinf1,serpinf1
26477,slco2b1,slco2b1
26478,or115-15,or115-15
26479,or115-1,or115-1
26480,or115-14,or115-14
26481,or115-13,or115-13
26482,or115-12,or115-12
26483,or115-11,or115-11
26484,or115-10,or115-10
26485,or115-9,or115-9
26486,si:ch211-218m3.9,sich211218m3.9
26487,or115-8,or115-8
26488,si:ch211-218m3.11,sich211218m3.11
26489,or115-7,or115-7
26490,si:ch211-218m3.13,sich211218m3.13
26491,or115-6,or115-6
26492,or115-5,or115-5
26493,si:ch211-218m3.16,sich211218m3.16
26494,or115-2,or115-2
26495,si:ch211-218m3.18,sich211218m3.18
26496,si:ch211-218m3.19,sich211218m3.19
26497,or101-1,or101-1
26498,CR847523.3,CR847523.3
26499,nup98,nup98
26500,CR847523.2,CR847523.2
26501,CR847523.1,CR847523.1
26502,nsrp1,nsrp1
26503,ssh2b,ssh2b
26504,coro6,coro6
26505,CU929119.1,CU929119.1
26506,taok1b,taok1b
26507,pdk3b,pdk3b
26508,pcyt1bb,pcyt1bb
26509,CU062645.1,CU062645.1
26510,arxb,arxb
26511,ccdc82,ccdc82
26512,pomp,pomp
26513,apbb3,apbb3
26514,zgc:162239,zgc162239
26515,limk1b,limk1b
26516,elnb,elnb
26517,yipf5,yipf5
26518,kctd16b,kctd16b
26519,plac8l1,plac8l1
26520,lars1b,lars1b
26521,msx2b,msx2b
26522,CU570984.1,CU570984.1
26523,nsg2,nsg2
26524,cpeb4b,cpeb4b
26525,CABZ01034722.1,CABZ01034722.1
26526,bod1,bod1
26527,stc2b,stc2b
26528,bnip1b,bnip1b
26529,crebrf,crebrf
26530,pcyox1l,pcyox1l
26531,BX005397.1,BX005397.1
26532,dre-mir-146b,dre-mir-146b
26533,ppp2r2bb,ppp2r2bb
26534,CU929230.1,CU929230.1
26535,cct6a,cct6a
26536,rnf14,rnf14
26537,endou2,endou2
26538,gabrg2,gabrg2
26539,CR847531.1,CR847531.1
26540,gabra1,gabra1
26541,gabra6b,gabra6b
26542,GABRB2,GABRB2
26543,CABZ01079260.1,CABZ01079260.1
26544,si:ch1073-204b8.1,sich1073204b8.1
26545,sh3pxd2b,sh3pxd2b
26546,stk10,stk10
26547,CABZ01024683.1,CABZ01024683.1
26548,zmp:0000001268,zmp0000001268
26549,CU462980.1,CU462980.1
26550,stk32a,stk32a
26551,dpysl3,dpysl3
26552,jakmip2,jakmip2
26553,CU459082.1,CU459082.1
26554,si:ch73-68b22.2,sich7368b22.2
26555,p4ha2,p4ha2
26556,hspa4a,hspa4a
26557,zcchc10,zcchc10
26558,aff4,aff4
26559,FP085421.1,FP085421.1
26560,shroom1,shroom1
26561,sowahaa,sowahaa
26562,sept8a,sept8a
26563,ccni2,ccni2
26564,AL954767.1,AL954767.1
26565,frmd7,frmd7
26566,stk26,stk26
26567,tmem185,tmem185
26568,ankrd46a,ankrd46a
26569,atg4a,atg4a
26570,irs4a,irs4a
26571,si:ch73-362m14.2,sich73362m14.2
26572,gpr185a,gpr185a
26573,si:ch73-362m14.4,sich73362m14.4
26574,htr2cl2,htr2cl2
26575,si:ch1073-263o8.2,sich1073263o8.2
26576,si:dkey-229d11.5,sidkey229d11.5
26577,CR792441.7,CR792441.7
26578,si:ch211-263m18.4,sich211263m18.4
26579,si:dkey-229d11.3,sidkey229d11.3
26580,tmlhe,tmlhe
26581,dkc1,dkc1
26582,CR792441.5,CR792441.5
26583,CR792441.4,CR792441.4
26584,ENSDARG00000083089,ENSDARG00000083089
26585,CR792441.6,CR792441.6
26586,CR792441.2,CR792441.2
26587,CR792441.3,CR792441.3
26588,pdlim4,pdlim4
26589,CU499330.1,CU499330.1
26590,csf1rb,csf1rb
26591,sra1,sra1
26592,camk2a,camk2a
26593,cdx1b,cdx1b
26594,ik,ik
26595,arsib,arsib
26596,ndufa2,ndufa2
26597,FO704810.1,FO704810.1
26598,oatx,oatx
26599,fgf1b,fgf1b
26600,BX928756.1,BX928756.1
26601,gabra3,gabra3
26602,BX928756.2,BX928756.2
26603,zgc:136410,zgc136410
26604,brcc3,brcc3
26605,cmc4,cmc4
26606,fundc2,fundc2
26607,CU855912.1,CU855912.1
26608,TMEM164,TMEM164
26609,FO905003.2,FO905003.2
26610,spry4,spry4
26611,ammecr1,ammecr1
26612,kif4,kif4
26613,rnf121,rnf121
26614,fstl4,fstl4
26615,rapgef6,rapgef6
26616,si:ch73-269m14.2,sich73269m14.2
26617,vdac1,vdac1
26618,si:ch73-269m14.3,sich73269m14.3
26619,si:ch73-269m14.4,sich73269m14.4
26620,tcf7,tcf7
26621,skp1,skp1
26622,zgc:56064,zgc56064
26623,ube2b,ube2b
26624,cdkn2aipnl,cdkn2aipnl
26625,jade2,jade2
26626,CU207269.4,CU207269.4
26627,CU207269.2,CU207269.2
26628,CU207269.1,CU207269.1
26629,CU207269.3,CU207269.3
26630,si:dkey-223p19.1,sidkey223p19.1
26631,si:dkey-223p19.2,sidkey223p19.2
26632,fnip1,fnip1
26633,CABZ01058362.1,CABZ01058362.1
26634,LO018363.2,LO018363.2
26635,LO018363.1,LO018363.1
26636,irf1b,irf1b
26637,slc22a5,slc22a5
26638,sar1b,sar1b
26639,sec24a,sec24a
26640,CU302316.1,CU302316.1
26641,camlg,camlg
26642,ddx46,ddx46
26643,C21H5orf24,C21H5orf24
26644,macroh2a1,macroh2a1
26645,pitx1,pitx1
26646,txndc15,txndc15
26647,faxdc2,faxdc2
26648,larp1,larp1
26649,sap30l,sap30l
26650,galnt10,galnt10
26651,slc22a4,slc22a4
26652,slc22a21,slc22a21
26653,MYG1,MYG1
26654,prr13,prr13
26655,sp1,sp1
26656,col2a1b,col2a1b
26657,CABZ01072245.1,CABZ01072245.1
26658,CABZ01072242.1,CABZ01072242.1
26659,elmo2,elmo2
26660,arfgap1,arfgap1
26661,cdk4,cdk4
26662,NCKAP1L,NCKAP1L
26663,tegt,tegt
26664,avil,avil
26665,CU633745.1,CU633745.1
26666,dusp7,dusp7
26667,alas1,alas1
26668,npffl,npffl
26669,slc11a2,slc11a2
26670,mettl1,mettl1
26671,poc1a,poc1a
26672,cyp27b1,cyp27b1
26673,CR855375.2,CR855375.2
26674,pdrg1,pdrg1
26675,CR855375.1,CR855375.1
26676,CR855375.5,CR855375.5
26677,znf831,znf831
26678,nuf2,nuf2
26679,rab43,rab43
26680,zgc:77375,zgc77375
26681,CR855375.4,CR855375.4
26682,isy1,isy1
26683,cnbpb,cnbpb
26684,CR855375.3,CR855375.3
26685,raf1b,raf1b
26686,CU695207.1,CU695207.1
26687,mkrn2,mkrn2
26688,CU695207.2,CU695207.2
26689,mkrn2os.1,mkrn2os.1
26690,mkrn2os.2,mkrn2os.2
26691,tsen2,tsen2
26692,CABZ01069324.1,CABZ01069324.1
26693,pparg,pparg
26694,syn2b,syn2b
26695,timp4.1,timp4.1
26696,timp4.2,timp4.2
26697,timp4.3,timp4.3
26698,FQ311892.1,FQ311892.1
26699,vgll4b,vgll4b
26700,tamm41,tamm41
26701,atg7,atg7
26702,CABZ01066384.1,CABZ01066384.1
26703,slc6a1b,slc6a1b
26704,CU914760.1,CU914760.1
26705,slc6a11b,slc6a11b
26706,atp2b2,atp2b2
26707,iars1,iars1
26708,rpl29,rpl29
26709,si:ch211-266k22.6,sich211266k22.6
26710,ppp1r3db,ppp1r3db
26711,phactr3b,phactr3b
26712,acot8,acot8
26713,srsf6b,srsf6b
26714,ift52,ift52
26715,AL935272.1,AL935272.1
26716,si:ch73-303b9.1,sich73303b9.1
26717,mybl2b,mybl2b
26718,si:dkey-40c23.1,sidkey40c23.1
26719,si:dkey-40c23.2,sidkey40c23.2
26720,si:dkey-40c23.2-1,sidkey40c23.2-1
26721,lrp1aa,lrp1aa
26722,rbms2a,rbms2a
26723,faim2b,faim2b
26724,CT573157.1,CT573157.1
26725,nr1d4b,nr1d4b
26726,rargb,rargb
26727,calcoco1b,calcoco1b
26728,hoxc13b,hoxc13b
26729,hoxc12b,hoxc12b
26730,hoxc11b,hoxc11b
26731,mir196c,mir196c
26732,hoxc6b,hoxc6b
26733,smug1,smug1
26734,hnrnpa1a,hnrnpa1a
26735,znf740a,znf740a
26736,znf740a-1,znf740a-1
26737,igfbp6a,igfbp6a
26738,pip4k2cb,pip4k2cb
26739,ube2v1,ube2v1
26740,csnk2a4,csnk2a4
26741,slc2a10,slc2a10
26742,tp53rk,tp53rk
26743,SERINC3,SERINC3
26744,si:ch73-267c23.10,sich73267c23.10
26745,dgkab,dgkab
26746,NABP2,NABP2
26747,cnpy2,cnpy2
26748,zgc:113184,zgc113184
26749,nab2,nab2
26750,dnajc14,dnajc14
26751,FQ790208.1,FQ790208.1
26752,si:ch211-160o17.2,sich211160o17.2
26753,si:ch211-160o17.3,sich211160o17.3
26754,zgc:193807,zgc193807
26755,zgc:193807-1,zgc1938071
26756,si:ch211-160o17.4,sich211160o17.4
26757,b3galt6,b3galt6
26758,si:ch211-160o17.6,sich211160o17.6
26759,tmem167b,tmem167b
26760,mapk14b,mapk14b
26761,srpk1b,srpk1b
26762,CT583672.1,CT583672.1
26763,lhfpl5a,lhfpl5a
26764,kif21b,kif21b
26765,cpne5b,cpne5b
26766,dre-mir-724,dre-mir-724
26767,timeless,timeless
26768,pmela,pmela
26769,mmp19,mmp19
26770,cdk2,cdk2
26771,sarnp,sarnp
26772,prph,prph
26773,tuba2,tuba2
26774,suox,suox
26775,mcrs1,mcrs1
26776,acap3b,acap3b
26777,pusl1,pusl1
26778,ddx19,ddx19
26779,CR558302.1,CR558302.1
26780,CAMK2N1,CAMK2N1
26781,si:dkey-33m11.7,sidkey33m11.7
26782,si:dkey-33m11.8,sidkey33m11.8
26783,cdab,cdab
26784,dnajc16l,dnajc16l
26785,itih3a,itih3a
26786,itih1,itih1
26787,gata2a,gata2a
26788,rpn1,rpn1
26789,pbrm1,pbrm1
26790,CR450797.1,CR450797.1
26791,gnl3,gnl3
26792,glt8d1,glt8d1
26793,spcs1,spcs1
26794,nek4,nek4
26795,camk1b,camk1b
26796,BX571768.1,BX571768.1
26797,ccdc3b,ccdc3b
26798,BX248331.2,BX248331.2
26799,FAM107A-1,FAM107A-1
26800,BX248331.1,BX248331.1
26801,BX248331.4,BX248331.4
26802,CT033790.1,CT033790.1
26803,CT033790.2,CT033790.2
26804,si:ch211-63i20.3,sich21163i20.3
26805,ptprga,ptprga
26806,cse1l,cse1l
26807,CR559931.1,CR559931.1
26808,slc35e1,slc35e1
26809,CU855733.1,CU855733.1
26810,pex11g,pex11g
26811,APBA3,APBA3
26812,ABCA7,ABCA7
26813,r3hdm4,r3hdm4
26814,arid3a,arid3a
26815,ctdspl3,ctdspl3
26816,ndufs7,ndufs7
26817,gamt,gamt
26818,dazap1,dazap1
26819,rps15,rps15
26820,abhd8b,abhd8b
26821,dda1,dda1
26822,ano8b,ano8b
26823,gtpbp3,gtpbp3
26824,plvapb,plvapb
26825,babam1,babam1
26826,CT573239.2,CT573239.2
26827,CT573239.1,CT573239.1
26828,ushbp1,ushbp1
26829,nr2f6b,nr2f6b
26830,tax1bp3,tax1bp3
26831,slc1a6,slc1a6
26832,BX248501.2,BX248501.2
26833,ccl44,ccl44
26834,pole4,pole4
26835,BX248501.1,BX248501.1
26836,ccl25b,ccl25b
26837,ctns,ctns
26838,ranbp3a,ranbp3a
26839,AL840638.1,AL840638.1
26840,AL840638.2,AL840638.2
26841,nrtn,nrtn
26842,AL840638.3,AL840638.3
26843,ndufa11,ndufa11
26844,VMAC,VMAC
26845,FO681393.1,FO681393.1
26846,VMAC-1,VMAC-1
26847,CU062501.1,CU062501.1
26848,larp6b,larp6b
26849,gadd45ba,gadd45ba
26850,CU062501.2,CU062501.2
26851,si:dkey-246j7.1,sidkey246j7.1
26852,CR381534.1,CR381534.1
26853,pde4cb,pde4cb
26854,BX936438.1,BX936438.1
26855,rab3ab,rab3ab
26856,lsm4,lsm4
26857,BX936438.2,BX936438.2
26858,ddx49,ddx49
26859,klhl26,klhl26
26860,crtc1b,crtc1b
26861,comp,comp
26862,FQ976909.1,FQ976909.1
26863,si:ch211-253b8.2,sich211253b8.2
26864,zgc:173548,zgc173548
26865,cdh27,cdh27
26866,si:ch211-253b8.5,sich211253b8.5
26867,CR925817.1,CR925817.1
26868,bmp7a,bmp7a
26869,CR925817.2,CR925817.2
26870,CU929070.5,CU929070.5
26871,CU929070.3,CU929070.3
26872,CU929070.4,CU929070.4
26873,CU929070.1,CU929070.1
26874,CU929070.2,CU929070.2
26875,smim7,smim7
26876,tmem38a,tmem38a
26877,thop1,thop1
26878,nwd1,nwd1
26879,zgc:113223,zgc113223
26880,reep6,reep6
26881,si:ch73-238c9.1,sich73238c9.1
26882,apc2,apc2
26883,diras1a,diras1a
26884,si:dkey-197i20.6,sidkey197i20.6
26885,vtg3,vtg3
26886,adgrl4,adgrl4
26887,adgrl2a,adgrl2a
26888,CR450813.2,CR450813.2
26889,CR450813.1,CR450813.1
26890,CR352338.1,CR352338.1
26891,ttll7,ttll7
26892,prkacba,prkacba
26893,samd13,samd13
26894,uox,uox
26895,dnase2b,dnase2b
26896,pimr203,pimr203
26897,pimr204,pimr204
26898,si:cabz01021066.1,sicabz01021066.1
26899,pimr205,pimr205
26900,pimr202,pimr202
26901,si:ch211-247n2.1,sich211247n2.1
26902,CR847563.2,CR847563.2
26903,tbl1xr1a,tbl1xr1a
26904,CR847563.1,CR847563.1
26905,si:ch211-51h4.2,sich21151h4.2
26906,CU179643.1,CU179643.1
26907,CR788237.2,CR788237.2
26908,CR788237.1,CR788237.1
26909,CABZ01079837.1,CABZ01079837.1
26910,nlgn1,nlgn1
26911,BX005472.1,BX005472.1
26912,ect2,ect2
26913,mcf2l2,mcf2l2
26914,CT990625.1,CT990625.1
26915,b3gnt5a,b3gnt5a
26916,slc4a10a,slc4a10a
26917,tbr1a,tbr1a
26918,psmd14,psmd14
26919,CR678435.1,CR678435.1
26920,rbms1a,rbms1a
26921,itgb6,itgb6
26922,pla2r1,pla2r1
26923,ly75,ly75
26924,CR847973.1,CR847973.1
26925,myom2a,myom2a
26926,lgsn,lgsn
26927,ptp4a1,ptp4a1
26928,col9a1a,col9a1a
26929,si:dkey-23f9.4,sidkey23f9.4
26930,mrpl4,mrpl4
26931,C11H6orf120,C11H6orf120
26932,BX324177.10,BX324177.10
26933,BX324177.11,BX324177.11
26934,si:dkey-23f9.6,sidkey23f9.6
26935,BX324177.5,BX324177.5
26936,si:dkey-23f9.7,sidkey23f9.7
26937,BX324177.17,BX324177.17
26938,BX324177.3,BX324177.3
26939,BX324177.14,BX324177.14
26940,si:dkey-23f9.8,sidkey23f9.8
26941,BX324177.4,BX324177.4
26942,BX324177.6,BX324177.6
26943,BX324177.13,BX324177.13
26944,si:dkey-23f9.9,sidkey23f9.9
26945,si:dkey-23f9.12,sidkey23f9.12
26946,BX324177.21,BX324177.21
26947,BX324177.24,BX324177.24
26948,BX324177.2,BX324177.2
26949,si:dkey-23f9.13,sidkey23f9.13
26950,BX324177.7,BX324177.7
26951,BX324177.18,BX324177.18
26952,BX324177.15,BX324177.15
26953,si:dkey-23f9.11,sidkey23f9.11
26954,BX324177.16,BX324177.16
26955,BX324177.23,BX324177.23
26956,BX324177.22,BX324177.22
26957,BX324177.8,BX324177.8
26958,BX324177.9,BX324177.9
26959,BX324177.12,BX324177.12
26960,BX324177.1,BX324177.1
26961,krt93,krt93
26962,BX324177.20,BX324177.20
26963,BX324177.19,BX324177.19
26964,krt94,krt94
26965,krt98,krt98
26966,krt15,krt15
26967,krt99,krt99
26968,CR556712.1,CR556712.1
26969,si:dkey-28e7.3,sidkey28e7.3
26970,CR848705.2,CR848705.2
26971,jupa,jupa
26972,cdc6,cdc6
26973,CR848705.1,CR848705.1
26974,pimr93,pimr93
26975,pimr94,pimr94
26976,wipf2a,wipf2a
26977,si:ch211-69b7.6,sich21169b7.6
26978,abcc10,abcc10
26979,zgc:64002,zgc64002
26980,sp2,sp2
26981,socs7,socs7
26982,si:ch211-156l18.8,sich211156l18.8
26983,mrpl45,mrpl45
26984,npepps,npepps
26985,BX469912.7,BX469912.7
26986,BX469912.12,BX469912.12
26987,BX469912.3,BX469912.3
26988,BX469912.5,BX469912.5
26989,BX469912.11,BX469912.11
26990,BX469912.4,BX469912.4
26991,BX469912.14,BX469912.14
26992,si:ch211-156l18.7,sich211156l18.7
26993,BX469912.10,BX469912.10
26994,BX469912.9,BX469912.9
26995,krt95,krt95
26996,BX469912.6,BX469912.6
26997,BX469912.15,BX469912.15
26998,BX469912.1,BX469912.1
26999,BX469912.2,BX469912.2
27000,si:ch211-156l18.6,sich211156l18.6
27001,BX469912.8,BX469912.8
27002,BX469912.13,BX469912.13
27003,zgc:174357,zgc174357
27004,zgc:174354,zgc174354
27005,FO904934.3,FO904934.3
27006,si:ch211-156l18.4,sich211156l18.4
27007,FO904934.1,FO904934.1
27008,FO904934.2,FO904934.2
27009,zgc:174356-1,zgc1743561
27010,CABZ01022564.3,CABZ01022564.3
27011,CABZ01022564.1,CABZ01022564.1
27012,CABZ01022564.2,CABZ01022564.2
27013,LO017719.3,LO017719.3
27014,zgc:174355,zgc174355
27015,LO017719.2,LO017719.2
27016,LO017719.1,LO017719.1
27017,zgc:91850,zgc91850
27018,BX000700.8,BX000700.8
27019,si:dkey-27d5.14,sidkey27d5.14
27020,BX000700.22,BX000700.22
27021,BX000700.5,BX000700.5
27022,zgc:174353,zgc174353
27023,BX000700.9,BX000700.9
27024,zgc:174353-1,zgc1743531
27025,BX000700.3,BX000700.3
27026,si:dkey-27d5.10,sidkey27d5.10
27027,BX000700.6,BX000700.6
27028,BX000700.2,BX000700.2
27029,si:dkey-27d5.9,sidkey27d5.9
27030,BX000700.15,BX000700.15
27031,zgc:174355-1,zgc1743551
27032,BX000700.23,BX000700.23
27033,BX000700.13,BX000700.13
27034,zgc:174354-1,zgc1743541
27035,si:dkey-27d5.6,sidkey27d5.6
27036,BX000700.1,BX000700.1
27037,si:dkey-27d5.5,sidkey27d5.5
27038,BX000700.17,BX000700.17
27039,si:dkey-27d5.4,sidkey27d5.4
27040,BX000700.27,BX000700.27
27041,BX000700.11,BX000700.11
27042,si:dkey-27d5.3,sidkey27d5.3
27043,BX000700.19,BX000700.19
27044,BX000700.25,BX000700.25
27045,zgc:174354-2,zgc1743542
27046,BX000700.26,BX000700.26
27047,BX000700.4,BX000700.4
27048,zgc:174354-3,zgc1743543
27049,CABZ01022569.4,CABZ01022569.4
27050,CABZ01022569.2,CABZ01022569.2
27051,CABZ01022569.5,CABZ01022569.5
27052,zgc:91850-1,zgc918501
27053,CABZ01022569.1,CABZ01022569.1
27054,CABZ01022569.3,CABZ01022569.3
27055,CR450764.2,CR450764.2
27056,CR450764.17,CR450764.17
27057,CR450764.4,CR450764.4
27058,CR450764.9,CR450764.9
27059,CR450764.3,CR450764.3
27060,CR450764.14,CR450764.14
27061,CR450764.18,CR450764.18
27062,CR450764.11,CR450764.11
27063,zgc:91850-2,zgc918502
27064,CR450764.8,CR450764.8
27065,CR450764.16,CR450764.16
27066,CR450764.10,CR450764.10
27067,zgc:174353-2,zgc1743532
27068,CR450764.6,CR450764.6
27069,si:ch211-209f22.3,sich211209f22.3
27070,CR450764.1,CR450764.1
27071,ap1s2,ap1s2
27072,zrsr2,zrsr2
27073,rbb4l,rbb4l
27074,CR450764.5,CR450764.5
27075,txlng,txlng
27076,rtel1,rtel1
27077,zgpat,zgpat
27078,si:dkey-11m19.5,sidkey11m19.5
27079,CR762408.1,CR762408.1
27080,chrna4b,chrna4b
27081,btf3l4,btf3l4
27082,ptgfr,ptgfr
27083,zfyve9b,zfyve9b
27084,elovl1b,elovl1b
27085,CR847923.1,CR847923.1
27086,mob3c,mob3c
27087,mknk1,mknk1
27088,TMEM275-1,TMEM275-1
27089,atp5f1b,atp5f1b
27090,abcb11b,abcb11b
27091,mast3b,mast3b
27092,si:dkey-13m1.2,sidkey13m1.2
27093,homer3b,homer3b
27094,BX530062.1,BX530062.1
27095,si:dkey-13m1.5,sidkey13m1.5
27096,arrdc2,arrdc2
27097,si:ch211-1a19.2,sich2111a19.2
27098,sid1,sid1
27099,si:ch211-1a19.3,sich2111a19.3
27100,wdr18,wdr18
27101,CR555295.1,CR555295.1
27102,CR555295.2,CR555295.2
27103,AL928649.1,AL928649.1
27104,grin3bb,grin3bb
27105,tmem259,tmem259
27106,CT956066.1,CT956066.1
27107,med16,med16
27108,plppr3b,plppr3b
27109,palm1a,palm1a
27110,si:ch211-262i1.3,sich211262i1.3
27111,si:ch211-262i1.4,sich211262i1.4
27112,CR847939.1,CR847939.1
27113,si:ch211-262i1.5,sich211262i1.5
27114,ptbp1b,ptbp1b
27115,si:ch211-262i1.6,sich211262i1.6
27116,BX571942.1,BX571942.1
27117,efna2b,efna2b
27118,adora1a,adora1a
27119,si:ch73-60h1.1,sich7360h1.1
27120,CR550307.1,CR550307.1
27121,sgta,sgta
27122,CU019562.1,CU019562.1
27123,CU019562.3,CU019562.3
27124,CU019562.2,CU019562.2
27125,si:dkey-6d5.1,sidkey6d5.1
27126,CR550302.3,CR550302.3
27127,elavl1b,elavl1b
27128,CR550302.2,CR550302.2
27129,CR550302.1,CR550302.1
27130,slc1a8a,slc1a8a
27131,rpn2,rpn2
27132,ghrh,ghrh
27133,cdk5rap1,cdk5rap1
27134,gdf11,gdf11
27135,FP016142.5,FP016142.5
27136,FP016142.6,FP016142.6
27137,FP016142.4,FP016142.4
27138,FP016142.3,FP016142.3
27139,FP016142.2,FP016142.2
27140,FP016142.7,FP016142.7
27141,FP016142.1,FP016142.1
27142,FP003590.2,FP003590.2
27143,rap1ab,rap1ab
27144,FP003590.1,FP003590.1
27145,pank4,pank4
27146,draxin,draxin
27147,zgc:173544,zgc173544
27148,agtrap,agtrap
27149,CR848761.1,CR848761.1
27150,ctbs,ctbs
27151,SPATA1,SPATA1
27152,rpf1,rpf1
27153,CR854846.2,CR854846.2
27154,CR854846.1,CR854846.1
27155,pimr204-1,pimr204-1
27156,arpc4l,arpc4l
27157,tada3l,tada3l
27158,hmces,hmces
27159,rab7a,rab7a
27160,slc25a26,slc25a26
27161,lrig1,lrig1
27162,kbtbd8,kbtbd8
27163,AL844563.2,AL844563.2
27164,AL844563.1,AL844563.1
27165,suclg2,suclg2
27166,CR769769.2,CR769769.2
27167,CR769769.1,CR769769.1
27168,CR769769.3,CR769769.3
27169,CR631124.1,CR631124.1
27170,BX571952.1,BX571952.1
27171,tafa4b,tafa4b
27172,eogt,eogt
27173,tmf1,tmf1
27174,uba3,uba3
27175,CR589944.2,CR589944.2
27176,CR589944.3,CR589944.3
27177,CR589944.1,CR589944.1
27178,cishb,cishb
27179,rpusd4,rpusd4
27180,twf2b,twf2b
27181,qrich1,qrich1
27182,si:ch211-14i3.2,sich21114i3.2
27183,zgc:175135,zgc175135
27184,zgc:175135-1,zgc1751351
27185,zgc:175135-2,zgc1751352
27186,LO018315.7,LO018315.7
27187,zgc:173545,zgc173545
27188,zgc:173545-1,zgc1735451
27189,LO018315.6,LO018315.6
27190,tmcc1b,tmcc1b
27191,mustn1b,mustn1b
27192,stimate,stimate
27193,SFMBT1,SFMBT1
27194,prkcdb,prkcdb
27195,fgd5a,fgd5a
27196,dido1,dido1
27197,zmynd8,zmynd8
27198,ncoa3,ncoa3
27199,BX296530.1,BX296530.1
27200,CU207354.1,CU207354.1
27201,id1,id1
27202,pfkfb2b,pfkfb2b
27203,phtf1,phtf1
27204,CU207354.2,CU207354.2
27205,magi1b,magi1b
27206,rhol,rhol
27207,adamts9,adamts9
27208,CT737428.1,CT737428.1
27209,prickle2b,prickle2b
27210,BX511159.1,BX511159.1
27211,slc2a9l1,slc2a9l1
27212,psmd6,psmd6
27213,atxn7,atxn7
27214,thoc7,thoc7
27215,ENSDARG00000037587,ENSDARG00000037587
27216,namptb,namptb
27217,cadpsa,cadpsa
27218,C11H3orf14,C11H3orf14
27219,BX276115.1,BX276115.1
27220,fezf2,fezf2
27221,ogfrl2,ogfrl2
27222,cdh4,cdh4
27223,taf4a,taf4a
27224,CABZ01008730.1,CABZ01008730.1
27225,zgc:162182,zgc162182
27226,CABZ01008739.1,CABZ01008739.1
27227,slc6a14,slc6a14
27228,fmoda,fmoda
27229,zgc:113307,zgc113307
27230,CU459075.1,CU459075.1
27231,prelp,prelp
27232,il19l,il19l
27233,il10,il10
27234,mapkapk2a,mapkapk2a
27235,BX321912.1,BX321912.1
27236,dyrk3,dyrk3
27237,RASSF5,RASSF5
27238,ikbke,ikbke
27239,srgap2,srgap2
27240,BX537291.1,BX537291.1
27241,FAM72B,FAM72B
27242,CR812468.1,CR812468.1
27243,CR812468.2,CR812468.2
27244,CT573222.1,CT573222.1
27245,foxp4,foxp4
27246,MDFI,MDFI
27247,tfeb,tfeb
27248,tmem183a,tmem183a
27249,ppfia4,ppfia4
27250,myog,myog
27251,BX537143.1,BX537143.1
27252,si:ch211-86h15.1,sich21186h15.1
27253,CU861893.1,CU861893.1
27254,mdm4,mdm4
27255,atp2b4,atp2b4
27256,CR555297.1,CR555297.1
27257,optc,optc
27258,csf1a,csf1a
27259,BX571675.2,BX571675.2
27260,kiss1,kiss1
27261,golt1a,golt1a
27262,plekha6,plekha6
27263,BX571675.1,BX571675.1
27264,si:ch73-21d24.1,sich7321d24.1
27265,pik3c2b,pik3c2b
27266,LO016980.1,LO016980.1
27267,nfasca,nfasca
27268,CR354444.2,CR354444.2
27269,CR354444.1,CR354444.1
27270,cntn2,cntn2
27271,chia.1,chia.1
27272,chia.2,chia.2
27273,chia.3,chia.3
27274,CU571319.2,CU571319.2
27275,ovgp1,ovgp1
27276,zc3h11a,zc3h11a
27277,maf1,maf1
27278,trib3,trib3
27279,CU571319.1,CU571319.1
27280,FP102969.1,FP102969.1
27281,AL831791.1,AL831791.1
27282,sox12,sox12
27283,pnp4a,pnp4a
27284,si:dkey-76p14.2,sidkey76p14.2
27285,rem1,rem1
27286,rbm39a,rbm39a
27287,si:ch211-15p9.2,sich21115p9.2
27288,nfs1,nfs1
27289,dvl1b,dvl1b
27290,mxra8a,mxra8a
27291,plekhg5a,plekhg5a
27292,BX072564.1,BX072564.1
27293,syt6b,syt6b
27294,olfml3b,olfml3b
27295,gpr25,gpr25
27296,inavab,inavab
27297,rnpep,rnpep
27298,cyb5r1,cyb5r1
27299,adipor1a,adipor1a
27300,rabif,rabif
27301,CR628365.1,CR628365.1
27302,kdm5ba,kdm5ba
27303,ipo9,ipo9
27304,shisa4,shisa4
27305,lmod1b,lmod1b
27306,timm17a,timm17a
27307,sulf2a,sulf2a
27308,CR628365.2,CR628365.2
27309,zgc:92107,zgc92107
27310,phf20a,phf20a
27311,ndrg3a,ndrg3a
27312,si:ch211-25d12.7,sich21125d12.7
27313,trpc4apa,trpc4apa
27314,myh7ba,myh7ba
27315,dre-mir-499,dre-mir-499
27316,CR555298.1,CR555298.1
27317,snai1a,snai1a
27318,tp53inp2,tp53inp2
27319,cyldb,cyldb
27320,top1l,top1l
27321,si:ch211-232b12.5,sich211232b12.5
27322,fam83d,fam83d
27323,CR932000.1,CR932000.1
27324,mafbb,mafbb
27325,si:dkeyp-97e7.9,sidkeyp97e7.9
27326,adnpa,adnpa
27327,gata1a,gata1a
27328,si:dkey-13a21.4,sidkey13a21.4
27329,hcfc1a,hcfc1a
27330,opn1sw2,opn1sw2
27331,CT573282.1,CT573282.1
27332,dre-mir-726,dre-mir-726
27333,opn1lw1,opn1lw1
27334,opn1lw2,opn1lw2
27335,gnl3l,gnl3l
27336,tfe3b,tfe3b
27337,si:dkey-245f22.3,sidkey245f22.3
27338,cxxc1b,cxxc1b
27339,mbd1b,mbd1b
27340,ccdc120,ccdc120
27341,comtb,comtb
27342,grm6b,grm6b
27343,CR933820.1,CR933820.1
27344,otud5b,otud5b
27345,mon1bb,mon1bb
27346,brpf3a,brpf3a
27347,si:dkey-183j2.10,sidkey183j2.10
27348,plch2b,plch2b
27349,skib,skib
27350,tmem51b,tmem51b
27351,kaznb,kaznb
27352,CR318604.1,CR318604.1
27353,prdm2b,prdm2b
27354,foxj3,foxj3
27355,ppcs,ppcs
27356,utp3,utp3
27357,cpne1,cpne1
27358,rbm12,rbm12
27359,fer1l4,fer1l4
27360,unm-sa1614,unm-sa1614
27361,st3gal8,st3gal8
27362,dynlrb1,dynlrb1
27363,dynlrb1-1,dynlrb1-1
27364,map1lc3a,map1lc3a
27365,efcc1,efcc1
27366,si:dkey-57n24.6,sidkey57n24.6
27367,acad9,acad9
27368,iqsec1b,iqsec1b
27369,CR847934.1,CR847934.1
27370,hdac11,hdac11
27371,fbln2,fbln2
27372,CR555293.1,CR555293.1
27373,wnt7aa,wnt7aa
27374,CR548622.3,CR548622.3
27375,dre-let-7f,dre-let-7f
27376,dre-let-7a-1,dre-let-7a-1
27377,ptpdc1a,ptpdc1a
27378,CR548622.2,CR548622.2
27379,CR548622.1,CR548622.1
27380,barx1,barx1
27381,CR931782.1,CR931782.1
27382,CR931782.2,CR931782.2
27383,phf2,phf2
27384,fam120a,fam120a
27385,BX601648.2,BX601648.2
27386,cass4,cass4
27387,BX601648.1,BX601648.1
27388,cstf1,cstf1
27389,eif4g3a,eif4g3a
27390,ece1,ece1
27391,alpl,alpl
27392,si:ch211-220m17.4,sich211220m17.4
27393,BX248318.1,BX248318.1
27394,nmur3,nmur3
27395,lactbl1b,lactbl1b
27396,ephb2b,ephb2b
27397,CR450786.1,CR450786.1
27398,lrrc38b,lrrc38b
27399,BX649345.2,BX649345.2
27400,BX649345.1,BX649345.1
27401,dhrs3b,dhrs3b
27402,aadacl4,aadacl4
27403,si:ch211-226m7.4,sich211226m7.4
27404,klhdc7a,klhdc7a
27405,igsf21a,igsf21a
27406,BX537130.1,BX537130.1
27407,arhgef10la,arhgef10la
27408,CR450796.1,CR450796.1
27409,wu:fi42e03,wufi42e03
27410,BX548000.1,BX548000.1
27411,chd5,chd5
27412,rpl22,rpl22
27413,rnf207a,rnf207a
27414,nr0b1,nr0b1
27415,si:ch211-218g23.6,sich211218g23.6
27416,gucy1b2,gucy1b2
27417,plekha3,plekha3
27418,rpgrb,rpgrb
27419,dynlt3,dynlt3
27420,cybb,cybb
27421,xk,xk
27422,grpr,grpr
27423,vegfd,vegfd
27424,pir,pir
27425,zgc:113276,zgc113276
27426,CU652893.1,CU652893.1
27427,il1fma,il1fma
27428,si:ch73-226l13.2,sich73226l13.2
27429,ace2,ace2
27430,nhsb,nhsb
27431,si:ch211-161f7.2,sich211161f7.2
27432,CR318645.1,CR318645.1
27433,scml2,scml2
27434,cdkl5,cdkl5
27435,rs1a,rs1a
27436,CR790368.1,CR790368.1
27437,ppef1,ppef1
27438,si:dkey-163f14.6,sidkey163f14.6
27439,ugt1b7,ugt1b7
27440,ugt1b6p,ugt1b6p
27441,ugt1b5,ugt1b5
27442,ugt1b4,ugt1b4
27443,ugt1b3,ugt1b3
27444,ugt1b2,ugt1b2
27445,ugt1b1,ugt1b1
27446,cflara,cflara
27447,tmem169a,tmem169a
27448,pecr,pecr
27449,map4k3a,map4k3a
27450,tmem178,tmem178
27451,slc8a1a,slc8a1a
27452,CR556713.1,CR556713.1
27453,zgc:153665,zgc153665
27454,mala,mala
27455,pgap4,pgap4
27456,tpcn3,tpcn3
27457,ttbk1a,ttbk1a
27458,slc22a7a,slc22a7a
27459,wdr83os,wdr83os
27460,cacna1ab,cacna1ab
27461,CR855274.1,CR855274.1
27462,ier2b,ier2b
27463,CR855274.2,CR855274.2
27464,stx10,stx10
27465,si:cabz01069582.1,sicabz01069582.1
27466,si:dkey-238i5.3,sidkey238i5.3
27467,stx10-1,stx10-1
27468,nacc1b,nacc1b
27469,trmt1,trmt1
27470,man2b1,man2b1
27471,si:dkey-238i5.2,sidkey238i5.2
27472,sipa1l2,sipa1l2
27473,egln1b,egln1b
27474,egln1b-1,egln1b-1
27475,zgc:162816,zgc162816
27476,FO704610.1,FO704610.1
27477,diaph3,diaph3
27478,AL844172.1,AL844172.1
27479,AL844172.2,AL844172.2
27480,CR556714.1,CR556714.1
27481,CR556714.2,CR556714.2
27482,CABZ01011390.1,CABZ01011390.1
27483,CR589875.4,CR589875.4
27484,CR589875.1,CR589875.1
27485,CR589875.2,CR589875.2
27486,pcdh17,pcdh17
27487,CR589875.3,CR589875.3
27488,BX000696.1,BX000696.1
27489,BX000696.2,BX000696.2
27490,BX530032.1,BX530032.1
27491,BX530032.2,BX530032.2
27492,nkpd1,nkpd1
27493,cntnap5l,cntnap5l
27494,BX119916.2,BX119916.2
27495,BX119916.1,BX119916.1
27496,lims1,lims1
27497,thsd7bb,thsd7bb
27498,spoplb,spoplb
27499,nxph2b,nxph2b
27500,si:ch211-227n13.3,sich211227n13.3
27501,phka2,phka2
27502,col6a2,col6a2
27503,CR925698.1,CR925698.1
27504,col6a1,col6a1
27505,tdo2b,tdo2b
27506,atp13a3,atp13a3
27507,tmem44,tmem44
27508,lsg1,lsg1
27509,fam43a,fam43a
27510,FO681390.1,FO681390.1
27511,BX548160.1,BX548160.1
27512,xxylt1,xxylt1
27513,BX548160.2,BX548160.2
27514,pik3ca,pik3ca
27515,zmat3,zmat3
27516,pfkfb4a,pfkfb4a
27517,mapkapk3,mapkapk3
27518,dnah1,dnah1
27519,si:dkey-202e22.2,sidkey202e22.2
27520,chchd4a,chchd4a
27521,slc38a3a,slc38a3a
27522,gnai2a,gnai2a
27523,inka1a,inka1a
27524,CT963136.1,CT963136.1
27525,traip,traip
27526,mon1a,mon1a
27527,BX293991.2,BX293991.2
27528,mst1rb,mst1rb
27529,BX293991.1,BX293991.1
27530,camkvb,camkvb
27531,sema3fb,sema3fb
27532,BX914197.1,BX914197.1
27533,arl8bb,arl8bb
27534,bhlhe40,bhlhe40
27535,itpr1b,itpr1b
27536,setmar,setmar
27537,brk1,brk1
27538,gpx1a,gpx1a
27539,CR933559.1,CR933559.1
27540,grm2b,grm2b
27541,rrp9,rrp9
27542,GPR62,GPR62
27543,zgc:172270,zgc172270
27544,nfya,nfya
27545,sort1a,sort1a
27546,psma5,psma5
27547,sypl2a,sypl2a
27548,atxn7l2a,atxn7l2a
27549,cyb561d1,cyb561d1
27550,zbtb40,zbtb40
27551,usp48,usp48
27552,ldlrad2,ldlrad2
27553,CR457444.1,CR457444.1
27554,CU928222.1,CU928222.1
27555,CU928222.3,CU928222.3
27556,CU928222.2,CU928222.2
27557,CR457444.5,CR457444.5
27558,CR457444.2,CR457444.2
27559,CR457444.11,CR457444.11
27560,CR457444.9,CR457444.9
27561,CR457444.7,CR457444.7
27562,CR457444.12,CR457444.12
27563,CR457444.6,CR457444.6
27564,CR457444.10,CR457444.10
27565,CR457444.8,CR457444.8
27566,CR457444.4,CR457444.4
27567,CR457444.3,CR457444.3
27568,si:ch211-11c3.9,sich21111c3.9
27569,si:ch211-11c3.11,sich21111c3.11
27570,si:ch211-11c3.12,sich21111c3.12
27571,cacna2d3,cacna2d3
27572,parapinopsinb,parapinopsinb
27573,cacna1da,cacna1da
27574,tkta,tkta
27575,BX248521.3,BX248521.3
27576,BX248521.2,BX248521.2
27577,BX248521.1,BX248521.1
27578,bicd2,bicd2
27579,card19,card19
27580,NINJ1,NINJ1
27581,wnk2,wnk2
27582,itih3b,itih3b
27583,zgc:112265,zgc112265
27584,CABZ01065569.1,CABZ01065569.1
27585,il17rc,il17rc
27586,creld1a,creld1a
27587,CR352285.1,CR352285.1
27588,CR352285.2,CR352285.2
27589,erc2,erc2
27590,CR936337.1,CR936337.1
27591,bsnb,bsnb
27592,CR847984.1,CR847984.1
27593,hp1bp3,hp1bp3
27594,CR847984.2,CR847984.2
27595,sh2d5,sh2d5
27596,kif17,kif17
27597,zgc:158258,zgc158258
27598,yod1,yod1
27599,snrpe,snrpe
27600,sox13,sox13
27601,etnk2,etnk2
27602,si:ch211-112f3.4,sich211112f3.4
27603,slc41a1,slc41a1
27604,klhdc8a,klhdc8a
27605,AL928854.1,AL928854.1
27606,dre-mir-135c-1,dre-mir-135c-1
27607,CDK18,CDK18
27608,mfsd4aa,mfsd4aa
27609,elk4,elk4
27610,si:ch211-117k10.3,sich211117k10.3
27611,slc45a3,slc45a3
27612,nucks1a,nucks1a
27613,AL929286.1,AL929286.1
27614,AL845324.1,AL845324.1
27615,FO744851.1,FO744851.1
27616,pimr127,pimr127
27617,pimr126,pimr126
27618,si:ch211-122l14.4,sich211122l14.4
27619,si:ch211-122l14.7,sich211122l14.7
27620,si:ch211-122l14.6,sich211122l14.6
27621,AL845324.2,AL845324.2
27622,cldn19,cldn19
27623,p3h1,p3h1
27624,CU210919.1,CU210919.1
27625,CU210919.2,CU210919.2
27626,C11H1orf50,C11H1orf50
27627,ap5b1,ap5b1
27628,cdc42,cdc42
27629,wnt4,wnt4
27630,CR847998.1,CR847998.1
27631,camta1b,camta1b
27632,vamp3,vamp3
27633,per3,per3
27634,uts2b,uts2b
27635,si:dkey-264d12.1,sidkey264d12.1
27636,tnfrsf9b,tnfrsf9b
27637,fam83e,fam83e
27638,EMP3,EMP3
27639,si:dkey-264d12.5,sidkey264d12.5
27640,znf362a,znf362a
27641,CT033813.1,CT033813.1
27642,si:ch211-193i15.1,sich211193i15.1
27643,trim62.2,trim62.2
27644,si:dkey-207b20.2,sidkey207b20.2
27645,trim62.1,trim62.1
27646,tnfrsf1b,tnfrsf1b
27647,si:dkeyp-61b2.1,sidkeyp61b2.1
27648,miip,miip
27649,mmel1,mmel1
27650,AL954137.1,AL954137.1
27651,AL954137.2,AL954137.2
27652,prxl2b,prxl2b
27653,slc45a1,slc45a1
27654,si:ch211-222l21.1,sich211222l21.1
27655,ccdc114,ccdc114
27656,tas1r3,tas1r3
27657,FP236327.1,FP236327.1
27658,errfi1a,errfi1a
27659,CABZ01083815.1,CABZ01083815.1
27660,CABZ01044767.1,CABZ01044767.1
27661,CABZ01044765.1,CABZ01044765.1
27662,CABZ01044764.2,CABZ01044764.2
27663,CABZ01044764.1,CABZ01044764.1
27664,svbp,svbp
27665,zgc:175088,zgc175088
27666,phf13,phf13
27667,dnajc11b,dnajc11b
27668,camta1,camta1
27669,CABZ01087025.2,CABZ01087025.2
27670,CABZ01087025.3,CABZ01087025.3
27671,mrps16,mrps16
27672,CABZ01087025.1,CABZ01087025.1
27673,pax7a,pax7a
27674,CR759952.1,CR759952.1
27675,park7,park7
27676,BX571706.1,BX571706.1
27677,kcnab2a,kcnab2a
27678,megf6b,megf6b
27679,CR847970.1,CR847970.1
27680,akr7a3,akr7a3
27681,mrto4,mrto4
27682,iffo2b,iffo2b
27683,aldh4a1,aldh4a1
27684,her2,her2
27685,her15.1,her15.1
27686,her15.2,her15.2
27687,abhd6a,abhd6a
27688,si:ch211-193l2.10,sich211193l2.10
27689,FP325130.1,FP325130.1
27690,FLNB,FLNB
27691,slmapa,slmapa
27692,CU138553.1,CU138553.1
27693,dennd6aa,dennd6aa
27694,arf4b,arf4b
27695,si:ch1073-165f9.2,sich1073165f9.2
27696,zgc:110286,zgc110286
27697,arf4a,arf4a
27698,arf4a-1,arf4a-1
27699,pde12,pde12
27700,atp6ap1la,atp6ap1la
27701,rps23,rps23
27702,FP067440.1,FP067440.1
27703,asb14a,asb14a
27704,hesx1,hesx1
27705,LO017916.1,LO017916.1
27706,il17rd,il17rd
27707,si:ch73-106k19.2,sich73106k19.2
27708,tdrd3,tdrd3
27709,zgc:194981,zgc194981
27710,CU459094.2,CU459094.2
27711,si:ch73-106k19.5,sich73106k19.5
27712,CU459094.1,CU459094.1
27713,CU459094.3,CU459094.3
27714,FP325124.1,FP325124.1
27715,pcdh20-1,pcdh20-1
27716,EML6,EML6
27717,CABZ01092982.2,CABZ01092982.2
27718,CABZ01092982.1,CABZ01092982.1
27719,CABZ01080006.1,CABZ01080006.1
27720,acyp2,acyp2
27721,foxg1b,foxg1b
27722,sptbn1,sptbn1
27723,si:zfos-1837d3.1,sizfos1837d3.1
27724,FO834831.1,FO834831.1
27725,CABZ01058277.1,CABZ01058277.1
27726,CU929458.1,CU929458.1
27727,sult6b1,sult6b1
27728,vipb,vipb
27729,slc29a1b,slc29a1b
27730,tmem63bb,tmem63bb
27731,CABZ01073015.1,CABZ01073015.1
27732,gli2b,gli2b
27733,ralbb,ralbb
27734,zgc:153431,zgc153431
27735,INHBB,INHBB
27736,FP016005.1,FP016005.1
27737,FP016005.2,FP016005.2
27738,FP016005.3,FP016005.3
27739,FO704721.3,FO704721.3
27740,FO704721.2,FO704721.2
27741,FO704721.1,FO704721.1
27742,clcn4,clcn4
27743,SHROOM2,SHROOM2
27744,gnb4b,gnb4b
27745,CABZ01112732.1,CABZ01112732.1
27746,CABZ01100304.1,CABZ01100304.1
27747,CABZ01100185.1,CABZ01100185.1
27748,CABZ01100187.1,CABZ01100187.1
27749,LOXL4,LOXL4
27750,srsf7b,srsf7b
27751,il1rapl1b,il1rapl1b
27752,mfn1b,mfn1b
27753,si:ch1073-365p7.2,sich1073365p7.2
27754,ero1b,ero1b
27755,gpr137bb,gpr137bb
27756,nid1b,nid1b
27757,tbce,tbce
27758,rbm34,rbm34
27759,tomm20b,tomm20b
27760,irf2bp2b,irf2bp2b
27761,BX569779.1,BX569779.1
27762,map1lc3c,map1lc3c
27763,strn,strn
27764,FO744859.1,FO744859.1
27765,opn6a,opn6a
27766,eif4a3,eif4a3
27767,zgc:171772,zgc171772
27768,pfklb,pfklb
27769,cfap410,cfap410
27770,orc2,orc2
27771,ldb1b,ldb1b
27772,si:dkey-93h22.8,sidkey93h22.8
27773,ogal,ogal
27774,cant1b,cant1b
27775,CR293511.2,CR293511.2
27776,afmid,afmid
27777,tk1,tk1
27778,syngr2b,syngr2b
27779,si:dkey-93h22.7,sidkey93h22.7
27780,CR293511.1,CR293511.1
27781,tmc8,tmc8
27782,tmc6b,tmc6b
27783,CABZ01078080.1,CABZ01078080.1
27784,notum1b,notum1b
27785,aspscr1,aspscr1
27786,pycr1b,pycr1b
27787,mafgb,mafgb
27788,si:ch73-100l22.3,sich73100l22.3
27789,trappc10,trappc10
27790,srsf11,srsf11
27791,CU459093.1,CU459093.1
27792,ankrd13c,ankrd13c
27793,plaat1,plaat1
27794,rfc4,rfc4
27795,sos1,sos1
27796,gemin6,gemin6
27797,tiprl,tiprl
27798,riox2,riox2
27799,CABZ01064670.1,CABZ01064670.1
27800,hlcs,hlcs
27801,dyrk1aa,dyrk1aa
27802,vps26c,vps26c
27803,ttc3,ttc3
27804,pigp,pigp
27805,ripply3,ripply3
27806,KCNJ6,KCNJ6
27807,KCNJ15,KCNJ15
27808,erg,erg
27809,ets2,ets2
27810,psmg1,psmg1
27811,CU469093.1,CU469093.1
27812,mpzl1l,mpzl1l
27813,klhl35,klhl35
27814,lrrc32,lrrc32
27815,emsy,emsy
27816,NHLRC3,NHLRC3
27817,akt2l,akt2l
27818,vaspa,vaspa
27819,zgc:171929,zgc171929
27820,CABZ01049604.1,CABZ01049604.1
27821,CU929346.1,CU929346.1
27822,si:ch1073-303d10.1,sich1073303d10.1
27823,FAM222A,FAM222A
27824,dact3a,dact3a
27825,zdhhc8a,zdhhc8a
27826,arvcfa,arvcfa
27827,si:ch211-242f23.3,sich211242f23.3
27828,npffr1l3,npffr1l3
27829,bmp10l,bmp10l
27830,smad4a,smad4a
27831,LO018557.1,LO018557.1
27832,rfx3,rfx3
27833,glis3,glis3
27834,CU694495.1,CU694495.1
27835,unc5c,unc5c
27836,bmpr1bb,bmpr1bb
27837,pdlim5b,pdlim5b
27838,opn4xa,opn4xa
27839,gdnfa,gdnfa
27840,WDR70,WDR70
27841,CABZ01066320.2,CABZ01066320.2
27842,CABZ01066320.1,CABZ01066320.1
27843,ora5,ora5
27844,nup155,nup155
27845,sgsm1b,sgsm1b
27846,CU929183.1,CU929183.1
27847,triap1,triap1
27848,srsf9,srsf9
27849,si:ch73-46j18.5,sich7346j18.5
27850,gal3st1b,gal3st1b
27851,epb41l4a,epb41l4a
27852,apc,apc
27853,ENSDARG00000031749,ENSDARG00000031749
27854,tdgf1,tdgf1
27855,CABZ01070747.1,CABZ01070747.1
27856,cntnap3,cntnap3
27857,CU856539.1,CU856539.1
27858,zmp:0000001301,zmp0000001301
27859,spina,spina
27860,CU856539.3,CU856539.3
27861,nxnl2,nxnl2
27862,wu:fb59d01,wufb59d01
27863,CU856539.2,CU856539.2
27864,ccl27b,ccl27b
27865,pdxp,pdxp
27866,setd9,setd9
27867,FP085363.1,FP085363.1
27868,mier3a,mier3a
27869,grk5,grk5
27870,ash2l,ash2l
27871,pnx,pnx
27872,aebp1,aebp1
27873,ykt6,ykt6
27874,ddx56,ddx56
27875,ccar2,ccar2
27876,erap1a,erap1a
27877,oclna,oclna
27878,marveld2a,marveld2a
27879,zfyve16,zfyve16
27880,ankrd34ba,ankrd34ba
27881,rasgrf2a,rasgrf2a
27882,ckmt2a,ckmt2a
27883,ube2l3a,ube2l3a
27884,hic2,hic2
27885,pi4kaa,pi4kaa
27886,slc25a1b,slc25a1b
27887,zgc:56235,zgc56235
27888,tor4aa,tor4aa
27889,brap,brap
27890,naa25,naa25
27891,ddx55,ddx55
27892,CU570980.1,CU570980.1
27893,tmed2,tmed2
27894,ptpn11a,ptpn11a
27895,CU571170.1,CU571170.1
27896,rph3aa,rph3aa
27897,pla2g3,pla2g3
27898,FP236598.1,FP236598.1
27899,TTC28,TTC28
27900,pitpnb,pitpnb
27901,mn1a,mn1a
27902,plppr1,plppr1
27903,grin3a,grin3a
27904,CABZ01073795.1,CABZ01073795.1
27905,dre-mir-430a-1,dre-mir-430a-1
27906,plk2a,plk2a
27907,palm2akap2,palm2akap2
27908,palm2akap2-1,palm2akap2-1
27909,slc46a2,slc46a2
27910,snx30,snx30
27911,CU074419.2,CU074419.2
27912,lyrm7,lyrm7
27913,mat2al,mat2al
27914,CU074419.1,CU074419.1
27915,si:ch73-234b20.5,sich73234b20.5
27916,hnrnpd,hnrnpd
27917,hnrnpdl,hnrnpdl
27918,enoph1,enoph1
27919,tmem150c,tmem150c
27920,carm1l,carm1l
27921,sec31a,sec31a
27922,zgc:113274,zgc113274
27923,si:ch211-249h16.8,sich211249h16.8
27924,cdc42se2,cdc42se2
27925,sptlc1,sptlc1
27926,ror2,ror2
27927,si:dkey-60d5.3,sidkey60d5.3
27928,nfil3,nfil3
27929,auh,auh
27930,CU466285.1,CU466285.1
27931,CU466285.2,CU466285.2
27932,syk,syk
27933,pdzph1,pdzph1
27934,st8sia4,st8sia4
27935,pam,pam
27936,il6st,il6st
27937,ankrd55,ankrd55
27938,si:ch211-281k19.2,sich211281k19.2
27939,CABZ01032180.1,CABZ01032180.1
27940,map3k1,map3k1
27941,hmgcs1,hmgcs1
27942,tln1,tln1
27943,tpm2,tpm2
27944,zgc:114200,zgc114200
27945,ca9,ca9
27946,BX005434.1,BX005434.1
27947,dcp2,dcp2
27948,reep5,reep5
27949,chd1,chd1
27950,BX511100.5,BX511100.5
27951,si:ch211-57m13.1,sich21157m13.1
27952,si:ch211-57m13.3,sich21157m13.3
27953,BX511100.2,BX511100.2
27954,si:ch211-57m13.5,sich21157m13.5
27955,BX511100.6,BX511100.6
27956,si:ch211-57m13.6,sich21157m13.6
27957,BX511100.3,BX511100.3
27958,si:ch211-57m13.7,sich21157m13.7
27959,BX511100.1,BX511100.1
27960,si:ch211-57m13.8,sich21157m13.8
27961,BX511100.4,BX511100.4
27962,si:ch211-57m13.9,sich21157m13.9
27963,si:ch211-57m13.10,sich21157m13.10
27964,MACIR,MACIR
27965,ppip5k2,ppip5k2
27966,ddx4,ddx4
27967,slc38a9,slc38a9
27968,sh2d4a,sh2d4a
27969,CABZ01061993.1,CABZ01061993.1
27970,psd3l,psd3l
27971,fut10,fut10
27972,nrg1,nrg1
27973,wrn,wrn
27974,BX537303.2,BX537303.2
27975,purg,purg
27976,BX537303.1,BX537303.1
27977,tex15,tex15
27978,ppp2cb,ppp2cb
27979,ubxn8,ubxn8
27980,hint1,hint1
27981,pcyox1,pcyox1
27982,fam136a,fam136a
27983,gmcl1,gmcl1
27984,ggcx,ggcx
27985,snx24,snx24
27986,loxa,loxa
27987,si:ch73-340n8.4,sich73340n8.4
27988,mpx,mpx
27989,sftpba,sftpba
27990,mat2aa,mat2aa
27991,inpp5ja,inpp5ja
27992,BX294661.1,BX294661.1
27993,smtna,smtna
27994,BX294661.2,BX294661.2
27995,slc35e4,slc35e4
27996,osbp2,osbp2
27997,ewsr1a,ewsr1a
27998,atp6v0a2a,atp6v0a2a
27999,nfkbil1,nfkbil1
28000,zgc:136254,zgc136254
28001,si:ch211-251f6.7,sich211251f6.7
28002,si:ch211-251f6.6,sich211251f6.6
28003,zgc:173443,zgc173443
28004,sub1a,sub1a
28005,pstpip2,pstpip2
28006,ndufa9b,ndufa9b
28007,CU633857.1,CU633857.1
28008,dhx29,dhx29
28009,mtrex,mtrex
28010,plpp1a,plpp1a
28011,csgalnact1a,csgalnact1a
28012,CU682363.1,CU682363.1
28013,hvcn1,hvcn1
28014,tctn1,tctn1
28015,pptc7b,pptc7b
28016,BX682234.1,BX682234.1
28017,si:ch211-193e13.5,sich211193e13.5
28018,tbc1d10ab,tbc1d10ab
28019,CU657976.1,CU657976.1
28020,aplnrb,aplnrb
28021,pmaip1,pmaip1
28022,si:dkey-27b3.2,sidkey27b3.2
28023,BX571955.1,BX571955.1
28024,isl1l,isl1l
28025,si:dkey-27b3.4,sidkey27b3.4
28026,itga1,itga1
28027,itga2.1,itga2.1
28028,BX571955.2,BX571955.2
28029,itga2.3,itga2.3
28030,itga2.2,itga2.2
28031,mocs2,mocs2
28032,fstb,fstb
28033,arl15b,arl15b
28034,CU694950.1,CU694950.1
28035,snx18b,snx18b
28036,si:dkeyp-41f9.3,sidkeyp41f9.3
28037,BX323017.1,BX323017.1
28038,rasgef1bb,rasgef1bb
28039,si:dkeyp-41f9.4,sidkeyp41f9.4
28040,antxr2b,antxr2b
28041,paqr3b,paqr3b
28042,anxa3b,anxa3b
28043,slc37a4b,slc37a4b
28044,mrrf,mrrf
28045,rbm18,rbm18
28046,lhx6,lhx6
28047,morn5,morn5
28048,ndufa8,ndufa8
28049,BX248511.1,BX248511.1
28050,si:ch211-243g18.2,sich211243g18.2
28051,rc3h2,rc3h2
28052,rabgap1,rabgap1
28053,CABZ01061749.1,CABZ01061749.1
28054,strbp,strbp
28055,BX248503.1,BX248503.1
28056,AL935269.1,AL935269.1
28057,sh2d3ca,sh2d3ca
28058,urm1,urm1
28059,BX323065.1,BX323065.1
28060,dre-mir-219-1,dre-mir-219-1
28061,cercam,cercam
28062,sardh,sardh
28063,dbh,dbh
28064,fam163ba,fam163ba
28065,CT027791.1,CT027791.1
28066,swi5,swi5
28067,slc27a4,slc27a4
28068,ptgdsa,ptgdsa
28069,ambp,ambp
28070,nrarpa,nrarpa
28071,exd3,exd3
28072,cdc37l1,cdc37l1
28073,ak3,ak3
28074,ugcg,ugcg
28075,CR931761.1,CR931761.1
28076,ptbp3,ptbp3
28077,hsdl2,hsdl2
28078,si:ch211-126i22.5,sich211126i22.5
28079,inip,inip
28080,lin54,lin54
28081,cops4,cops4
28082,plac8.2,plac8.2
28083,plac8.1,plac8.1
28084,srek1ip1,srek1ip1
28085,cwc27,cwc27
28086,BX640403.1,BX640403.1
28087,adamts6,adamts6
28088,CR925713.1,CR925713.1
28089,ppwd1,ppwd1
28090,CR925713.2,CR925713.2
28091,trim23,trim23
28092,CR388225.1,CR388225.1
28093,CT990561.1,CT990561.1
28094,CT990561.2,CT990561.2
28095,lpar1,lpar1
28096,musk,musk
28097,rassf6,rassf6
28098,si:busm1-57f23.1,sibusm157f23.1
28099,tmem267,tmem267
28100,CR759894.1,CR759894.1
28101,il11ra,il11ra
28102,cntfr,cntfr
28103,BX293994.2,BX293994.2
28104,BX293994.1,BX293994.1
28105,BX957308.1,BX957308.1
28106,BX000705.2,BX000705.2
28107,BX000705.1,BX000705.1
28108,si:dkey-286h21.1,sidkey286h21.1
28109,galt,galt
28110,sigmar1,sigmar1
28111,katnal2,katnal2
28112,hdhd2,hdhd2
28113,ier3ip1,ier3ip1
28114,skor2,skor2
28115,CT027820.1,CT027820.1
28116,smad2,smad2
28117,si:dkey-88l16.2,sidkey88l16.2
28118,si:dkey-88l16.4,sidkey88l16.4
28119,si:dkey-88l16.3,sidkey88l16.3
28120,si:dkey-88l16.5,sidkey88l16.5
28121,cldn23a,cldn23a
28122,cldn23b,cldn23b
28123,parm1,parm1
28124,CT027832.1,CT027832.1
28125,si:ch211-95j8.3,sich21195j8.3
28126,scpp8,scpp8
28127,spp1,spp1
28128,CR925756.1,CR925756.1
28129,sh3bp2,sh3bp2
28130,vldlr,vldlr
28131,kcnv2a,kcnv2a
28132,pum3,pum3
28133,trappc13,trappc13
28134,sgtb,sgtb
28135,nln,nln
28136,erbin,erbin
28137,zfand5b,zfand5b
28138,smc5,smc5
28139,mamdc2b,mamdc2b
28140,apba1b,apba1b
28141,tjp2a,tjp2a
28142,pip5k1ba,pip5k1ba
28143,si:dkey-3h23.3,sidkey3h23.3
28144,BX640481.1,BX640481.1
28145,dre-mir-23b,dre-mir-23b
28146,dre-mir-27d,dre-mir-27d
28147,dre-mir-24-1,dre-mir-24-1
28148,apbb1,apbb1
28149,aldh7a1,aldh7a1
28150,phax,phax
28151,lmnb1,lmnb1
28152,si:dkey-184a18.5,sidkey184a18.5
28153,megf10,megf10
28154,prrc1,prrc1
28155,ctxn3,ctxn3
28156,slc12a2,slc12a2
28157,fbn2a,fbn2a
28158,CT027815.1,CT027815.1
28159,slc27a6,slc27a6
28160,isoc1,isoc1
28161,CR790388.2,CR790388.2
28162,CR790388.1,CR790388.1
28163,chsy3,chsy3
28164,CABZ01024659.1,CABZ01024659.1
28165,stoml2,stoml2
28166,UNC13B,UNC13B
28167,CR855996.2,CR855996.2
28168,fam166b,fam166b
28169,si:dkey-106l3.7,sidkey106l3.7
28170,RNF208,RNF208
28171,BX324123.4,BX324123.4
28172,BX324123.6,BX324123.6
28173,BX324123.5,BX324123.5
28174,BX324123.3,BX324123.3
28175,BX324123.2,BX324123.2
28176,slc5a1,slc5a1
28177,ywhah,ywhah
28178,depdc5,depdc5
28179,rab36,rab36
28180,sppl3,sppl3
28181,GNAZ,GNAZ
28182,FP091248.1,FP091248.1
28183,dre-mir-130c-1,dre-mir-130c-1
28184,dre-mir-301c,dre-mir-301c
28185,nt5c2l1,nt5c2l1
28186,slc2a11l,slc2a11l
28187,BX927385.2,BX927385.2
28188,BX927385.3,BX927385.3
28189,ska1,ska1
28190,smarcad1b,smarcad1b
28191,kcnn2,kcnn2
28192,BX927385.1,BX927385.1
28193,drg1,drg1
28194,dre-mir-218b,dre-mir-218b
28195,stard7,stard7
28196,slc20a1b,slc20a1b
28197,si:dkey-200l5.4,sidkey200l5.4
28198,pigo,pigo
28199,ccl19b,ccl19b
28200,phf24,phf24
28201,BX927277.1,BX927277.1
28202,prkab1a,prkab1a
28203,si:dkey-242g16.2,sidkey242g16.2
28204,BX571694.1,BX571694.1
28205,LRRTM4-1,LRRTM4-1
28206,CR388008.1,CR388008.1
28207,AL928714.1,AL928714.1
28208,ppp2r2ab,ppp2r2ab
28209,bnip3lb,bnip3lb
28210,dpysl2b,dpysl2b
28211,adra1ab,adra1ab
28212,tmem230a,tmem230a
28213,igsf9a,igsf9a
28214,lrrtm4l1,lrrtm4l1
28215,si:ch211-127i16.2,sich211127i16.2
28216,vsig8a,vsig8a
28217,atp6v1b2,atp6v1b2
28218,CABZ01059627.1,CABZ01059627.1
28219,CABZ01059627.2,CABZ01059627.2
28220,CABZ01059627.3,CABZ01059627.3
28221,zgc:173837,zgc173837
28222,CABZ01059626.1,CABZ01059626.1
28223,CABZ01059623.1,CABZ01059623.1
28224,gfra2b,gfra2b
28225,ENSDARG00000116593,ENSDARG00000116593
28226,xpo7,xpo7
28227,pbdc1,pbdc1
28228,dmtn,dmtn
28229,CR450836.1,CR450836.1
28230,htr7b,htr7b
28231,ppp3ccb,ppp3ccb
28232,TCIM,TCIM
28233,zmat4b,zmat4b
28234,sfrp1b,sfrp1b
28235,golga7,golga7
28236,r3hcc1,r3hcc1
28237,loxl2a,loxl2a
28238,si:ch211-113d22.2,sich211113d22.2
28239,tacc1,tacc1
28240,BX294119.1,BX294119.1
28241,ddhd2,ddhd2
28242,plpp5,plpp5
28243,nsd3,nsd3
28244,letm2,letm2
28245,si:dkey-81j8.6,sidkey81j8.6
28246,prnpb,prnpb
28247,sprn2,sprn2
28248,rassf2b,rassf2b
28249,kcnip3b,kcnip3b
28250,BX548043.1,BX548043.1
28251,BX004800.1,BX004800.1
28252,BX004800.2,BX004800.2
28253,pcdh1a,pcdh1a
28254,BX004886.1,BX004886.1
28255,avd,avd
28256,trpc7a,trpc7a
28257,BX465186.1,BX465186.1
28258,BX465186.2,BX465186.2
28259,etf1b,etf1b
28260,fbxw11b,fbxw11b
28261,fgf18b,fgf18b
28262,BX957322.3,BX957322.3
28263,BX957322.1,BX957322.1
28264,zgc:165539,zgc165539
28265,pcdh1a6,pcdh1a6
28266,pcdh1a3,pcdh1a3
28267,pcdh1a4,pcdh1a4
28268,BX957322.2,BX957322.2
28269,pcdh1g1,pcdh1g1
28270,pcdh1g2,pcdh1g2
28271,pcdh1g3,pcdh1g3
28272,CT737184.2,CT737184.2
28273,CT737184.1,CT737184.1
28274,pcdh1gb2,pcdh1gb2
28275,pcdh1g9,pcdh1g9
28276,pcdh1g11,pcdh1g11
28277,pcdh1gb9,pcdh1gb9
28278,pcdh1g13,pcdh1g13
28279,pcdh1g14,pcdh1g14
28280,pcdh1g22,pcdh1g22
28281,pcdh1g18,pcdh1g18
28282,pcdh1g33,pcdh1g33
28283,pcdh1g26,pcdh1g26
28284,pcdh1gc5,pcdh1gc5
28285,pcdh1gc6,pcdh1gc6
28286,pcdh1g29,pcdh1g29
28287,pcdh1g30,pcdh1g30
28288,pcdh1g31,pcdh1g31
28289,pcdh1g32,pcdh1g32
28290,CR774179.2,CR774179.2
28291,CR774179.5,CR774179.5
28292,CR774179.3,CR774179.3
28293,cbln17,cbln17
28294,hrh2b,hrh2b
28295,FO744833.2,FO744833.2
28296,FO744833.1,FO744833.1
28297,BX005027.1,BX005027.1
28298,kcnip1b,kcnip1b
28299,npm1a,npm1a
28300,tlx3b,tlx3b
28301,ugt5g2,ugt5g2
28302,ponzr10,ponzr10
28303,BX005027.3,BX005027.3
28304,si:ch73-111e15.1,sich73111e15.1
28305,ponzr2,ponzr2
28306,si:dkey-4c2.11,sidkey4c2.11
28307,cldn7b,cldn7b
28308,fgf11b,fgf11b
28309,BX005194.1,BX005194.1
28310,nlgn2b,nlgn2b
28311,epob,epob
28312,CT573337.1,CT573337.1
28313,zgc:172339,zgc172339
28314,gigyf1b,gigyf1b
28315,efnb3a,efnb3a
28316,kdm6bb,kdm6bb
28317,AL807389.3,AL807389.3
28318,tmem88a,tmem88a
28319,si:ch211-237l4.6,sich211237l4.6
28320,pcolcea,pcolcea
28321,per1a,per1a
28322,AL807389.2,AL807389.2
28323,vamp2,vamp2
28324,AL807389.1,AL807389.1
28325,and3,and3
28326,ap4m1,ap4m1
28327,arrb2a,arrb2a
28328,si:ch1073-143l10.2,sich1073143l10.2
28329,med11,med11
28330,rnasekb,rnasekb
28331,zgc:103508,zgc103508
28332,FP102052.2,FP102052.2
28333,FP102052.1,FP102052.1
28334,si:dkey-175g6.2,sidkey175g6.2
28335,CR926463.1,CR926463.1
28336,slc25a1a,slc25a1a
28337,nle1,nle1
28338,LTN1,LTN1
28339,cadm2a,cadm2a
28340,CT827808.1,CT827808.1
28341,si:ch73-122g19.1,sich73122g19.1
28342,si:dkey-181c13.1,sidkey181c13.1
28343,zmp:0000000924,zmp0000000924
28344,zmp:0000000937,zmp0000000937
28345,CR847844.1,CR847844.1
28346,zmp:0000001103,zmp0000001103
28347,CR847844.2,CR847844.2
28348,CU075735.2,CU075735.2
28349,CU075735.1,CU075735.1
28350,gbe1a,gbe1a
28351,inpp5kb,inpp5kb
28352,CU467963.1,CU467963.1
28353,pitpnab,pitpnab
28354,CU467963.3,CU467963.3
28355,slc43a2b,slc43a2b
28356,CU467963.2,CU467963.2
28357,hephl1b,hephl1b
28358,CT573163.1,CT573163.1
28359,paxbp1,paxbp1
28360,AL929315.1,AL929315.1
28361,slc7a1a,slc7a1a
28362,AL929315.2,AL929315.2
28363,mtus2a,mtus2a
28364,slc46a3,slc46a3
28365,stoml3b,stoml3b
28366,vps36,vps36
28367,proser1,proser1
28368,thsd1,thsd1
28369,si:ch211-287a12.9,sich211287a12.9
28370,thsd1-1,thsd1-1
28371,tpte,tpte
28372,smpd1,smpd1
28373,ilk,ilk
28374,timm10b,timm10b
28375,si:ch1073-15f19.2,sich107315f19.2
28376,CABZ01058107.1,CABZ01058107.1
28377,si:ch211-214k5.3,sich211214k5.3
28378,si:ch211-214k5.3-1,sich211214k5.3-1
28379,cd209,cd209
28380,mtnr1bb,mtnr1bb
28381,fat3b,fat3b
28382,chordc1b,chordc1b
28383,kpna7,kpna7
28384,grm5a,grm5a
28385,rab38b,rab38b
28386,tmem135,tmem135
28387,cct8,cct8
28388,map3k7cl,map3k7cl
28389,bach1b,bach1b
28390,grik1a,grik1a
28391,AL954816.1,AL954816.1
28392,tiam1a,tiam1a
28393,sod1,sod1
28394,scaf4a,scaf4a
28395,ugt5d1,ugt5d1
28396,postna,postna
28397,ftr54,ftr54
28398,trpc4a,trpc4a
28399,ufm1,ufm1
28400,BX530083.1,BX530083.1
28401,frem2a,frem2a
28402,trim47,trim47
28403,trim3b,trim3b
28404,fhdc3,fhdc3
28405,arfip2b,arfip2b
28406,dchs1b,dchs1b
28407,BX530069.2,BX530069.2
28408,SLC46A3,SLC46A3
28409,synj1,synj1
28410,slc9a6b,slc9a6b
28411,fhl1b,fhl1b
28412,adgrg4b,adgrg4b
28413,htatsf1,htatsf1
28414,si:ch73-52f15.5,sich7352f15.5
28415,tmtops3b,tmtops3b
28416,fgf13b,fgf13b
28417,f9b,f9b
28418,mcf2b,mcf2b
28419,CR545465.1,CR545465.1
28420,mcf2b-1,mcf2b-1
28421,arr3a,arr3a
28422,si:ch211-263p13.7,sich211263p13.7
28423,znrd2,znrd2
28424,fam89b,fam89b
28425,ehbp1l1b,ehbp1l1b
28426,CR545465.2,CR545465.2
28427,rab1bb,rab1bb
28428,CR450793.1,CR450793.1
28429,frmd8,frmd8
28430,vps51,vps51
28431,tm7sf2,tm7sf2
28432,znhit2,znhit2
28433,MRPL49,MRPL49
28434,faub,faub
28435,zgc:193742,zgc193742
28436,si:dkey-88p24.11,sidkey88p24.11
28437,BX248510.2,BX248510.2
28438,uqcc3,uqcc3
28439,BX248510.6,BX248510.6
28440,cnih2,cnih2
28441,wdr74,wdr74
28442,dre-mir-194a,dre-mir-194a
28443,dre-mir-192,dre-mir-192
28444,ehd1b,ehd1b
28445,cxadr,cxadr
28446,BX248510.3,BX248510.3
28447,auts2a,auts2a
28448,AL844197.1,AL844197.1
28449,si:dkey-33o22.1,sidkey33o22.1
28450,ints2,ints2
28451,med13a,med13a
28452,rnft1,rnft1
28453,rps6kb1a,rps6kb1a
28454,dre-mir-21-1,dre-mir-21-1
28455,CU207388.1,CU207388.1
28456,CR392341.5,CR392341.5
28457,ptrh2,ptrh2
28458,cltca,cltca
28459,btg3,btg3
28460,CR392341.4,CR392341.4
28461,si:ch211-222e20.4,sich211222e20.4
28462,CR392341.1,CR392341.1
28463,CR392341.2,CR392341.2
28464,CR392341.3,CR392341.3
28465,bbx,bbx
28466,cblb,cblb
28467,alcama,alcama
28468,BX537347.2,BX537347.2
28469,BX537347.1,BX537347.1
28470,si:ch211-103f14.3,sich211103f14.3
28471,zpld1a,zpld1a
28472,BX005332.1,BX005332.1
28473,picalma,picalma
28474,ccdc83,ccdc83
28475,sytl2a,sytl2a
28476,crebzf,crebzf
28477,tmem126a,tmem126a
28478,FP102896.1,FP102896.1
28479,dlg2,dlg2
28480,BX470178.1,BX470178.1
28481,CU861448.1,CU861448.1
28482,si:ch73-261i21.2,sich73261i21.2
28483,ift46,ift46
28484,vps11,vps11
28485,hyou1,hyou1
28486,si:ch73-261i21.5,sich73261i21.5
28487,hist2h2l,hist2h2l
28488,h2ax1,h2ax1
28489,zpr1,zpr1
28490,BX120005.2,BX120005.2
28491,hspa8,hspa8
28492,BX120005.5,BX120005.5
28493,BX120005.4,BX120005.4
28494,BX120005.1,BX120005.1
28495,jhy,jhy
28496,bsx,bsx
28497,lim2.1,lim2.1
28498,BX120005.3,BX120005.3
28499,ntm,ntm
28500,CT737197.1,CT737197.1
28501,opcml,opcml
28502,BX957285.1,BX957285.1
28503,CR925809.1,CR925809.1
28504,CR925737.1,CR925737.1
28505,panx3,panx3
28506,pknox2,pknox2
28507,tmem218,tmem218
28508,robo4,robo4
28509,AL845320.1,AL845320.1
28510,robo3,robo3
28511,AL845320.2,AL845320.2
28512,MSANTD2,MSANTD2
28513,esama,esama
28514,BX571852.1,BX571852.1
28515,fez1,fez1
28516,vps26bl,vps26bl
28517,foxo1b,foxo1b
28518,lhfpl6,lhfpl6
28519,si:ch211-266i6.3,sich211266i6.3
28520,thap12a,thap12a
28521,si:dkey-250d21.1,sidkey250d21.1
28522,wnt11,wnt11
28523,uvrag,uvrag
28524,CR388187.1,CR388187.1
28525,dgat2,dgat2
28526,mogat2,mogat2
28527,map6a,map6a
28528,umodl1,umodl1
28529,zbtb21,zbtb21
28530,atg101,atg101
28531,rad51c,rad51c
28532,ppm1e,ppm1e
28533,trim37,trim37
28534,rabgef1,rabgef1
28535,kctd7,kctd7
28536,cux1a,cux1a
28537,CU929186.1,CU929186.1
28538,myl10,myl10
28539,bcl7ba,bcl7ba
28540,tbl2,tbl2
28541,PRDM15,PRDM15
28542,c2cd2,c2cd2
28543,BX088525.2,BX088525.2
28544,ska2,ska2
28545,dre-mir-454a,dre-mir-454a
28546,dre-mir-301a,dre-mir-301a
28547,dre-mir-130a,dre-mir-130a
28548,mdh2,mdh2
28549,zgc:153345,zgc153345
28550,ryr1a,ryr1a
28551,il2rga,il2rga
28552,si:dkey-18a10.3,sidkey18a10.3
28553,cfap298,cfap298
28554,eva1c,eva1c
28555,mis18a,mis18a
28556,hunk,hunk
28557,b3glctb,b3glctb
28558,rxfp2a,rxfp2a
28559,BX569785.1,BX569785.1
28560,fryb,fryb
28561,zar1l,zar1l
28562,kl,kl
28563,rfc3,rfc3
28564,BX548044.4,BX548044.4
28565,pimr149,pimr149
28566,zgc:174193,zgc174193
28567,BX548044.7,BX548044.7
28568,BX548044.8,BX548044.8
28569,BX548044.6,BX548044.6
28570,pimr144,pimr144
28571,pimr146,pimr146
28572,BX548044.5,BX548044.5
28573,pimr150,pimr150
28574,BX548044.1,BX548044.1
28575,pimr147,pimr147
28576,BX548044.2,BX548044.2
28577,pimr145,pimr145
28578,BX548044.3,BX548044.3
28579,zgc:174193-1,zgc1741931
28580,pimr148,pimr148
28581,pimr167,pimr167
28582,BX510654.2,BX510654.2
28583,stard13a,stard13a
28584,BX510654.1,BX510654.1
28585,nbeaa,nbeaa
28586,dclk1a,dclk1a
28587,ccdc169,ccdc169
28588,sparta,sparta
28589,ccna1,ccna1
28590,CT573139.1,CT573139.1
28591,CT573139.2,CT573139.2
28592,rfxap,rfxap
28593,smad9,smad9
28594,alg5,alg5
28595,exosc8,exosc8
28596,supt20,supt20
28597,C10H21orf91,C10H21orf91
28598,ripk4,ripk4
28599,nsun5,nsun5
28600,BX465844.1,BX465844.1
28601,pom121,pom121
28602,ypel2a,ypel2a
28603,smg8,smg8
28604,prr11,prr11
28605,styxl1,styxl1
28606,tmem120a,tmem120a
28607,pora,pora
28608,rhbdd2,rhbdd2
28609,si:dkey-259j3.5,sidkey259j3.5
28610,si:dkey-259j3.5-1,sidkey259j3.5-1
28611,gabrr3a,gabrr3a
28612,hhla2a.1,hhla2a.1
28613,hhla2a.2,hhla2a.2
28614,phldb2a,phldb2a
28615,si:ch211-244c8.4,sich211244c8.4
28616,zdhhc20a,zdhhc20a
28617,smg6,smg6
28618,BX663516.3,BX663516.3
28619,BX663516.1,BX663516.1
28620,dre-mir-132-2,dre-mir-132-2
28621,BX663516.2,BX663516.2
28622,dre-mir-2184,dre-mir-2184
28623,ovca2,ovca2
28624,rtn4rl1a,rtn4rl1a
28625,hmgb1a,hmgb1a
28626,katnal1,katnal1
28627,smyd4,smyd4
28628,waif2,waif2
28629,BX088524.3,BX088524.3
28630,BX088524.4,BX088524.4
28631,or108-3,or108-3
28632,or108-2,or108-2
28633,or108-1,or108-1
28634,COA4,COA4
28635,BX088524.2,BX088524.2
28636,or109-13,or109-13
28637,or109-11,or109-11
28638,or109-7,or109-7
28639,or109-6,or109-6
28640,or109-5,or109-5
28641,or109-4,or109-4
28642,or109-3,or109-3
28643,or109-2,or109-2
28644,or109-1,or109-1
28645,or110-2,or110-2
28646,or110-1,or110-1
28647,or106-12,or106-12
28648,or106-11,or106-11
28649,or106-10,or106-10
28650,or106-9,or106-9
28651,BX088524.1,BX088524.1
28652,or106-8,or106-8
28653,or106-7,or106-7
28654,or106-6,or106-6
28655,or106-5,or106-5
28656,or106-4,or106-4
28657,or106-3,or106-3
28658,or106-2,or106-2
28659,or106-1,or106-1
28660,or105-1,or105-1
28661,or104-2,or104-2
28662,or104-1,or104-1
28663,ubl3a,ubl3a
28664,uspl1,uspl1
28665,alox5ap,alox5ap
28666,nipblb,nipblb
28667,slc1a3b,slc1a3b
28668,rsf1b.1,rsf1b.1
28669,rsf1b.1-1,rsf1b.1-1
28670,ucp3,ucp3
28671,AL845435.1,AL845435.1
28672,ucp2,ucp2
28673,dnajb13,dnajb13
28674,mrpl48,mrpl48
28675,rab6a,rab6a
28676,pimr137,pimr137
28677,CU694807.1,CU694807.1
28678,PLEKHB1,PLEKHB1
28679,FCHSD2,FCHSD2
28680,dhrs13a.2,dhrs13a.2
28681,dhrs13a.1,dhrs13a.1
28682,BX323076.1,BX323076.1
28683,phf12a,phf12a
28684,sez6a,sez6a
28685,myo18aa,myo18aa
28686,BX323076.3,BX323076.3
28687,BX323076.2,BX323076.2
28688,vezf1a,vezf1a
28689,cuedc1a,cuedc1a
28690,CT027794.1,CT027794.1
28691,ksr1a,ksr1a
28692,nf1b,nf1b
28693,omga,omga
28694,CT573231.1,CT573231.1
28695,akap1a,akap1a
28696,si:dkey-65j4.2,sidkey65j4.2
28697,msi2a,msi2a
28698,bhlha9,bhlha9
28699,wscd1b,wscd1b
28700,FP016248.1,FP016248.1
28701,dre-mir-125b-3,dre-mir-125b-3
28702,dre-let-7c-2,dre-let-7c-2
28703,mir99-2,mir99-2
28704,usp25,usp25
28705,nrip1b,nrip1b
28706,CU914142.1,CU914142.1
28707,samsn1b,samsn1b
28708,gdpd5a,gdpd5a
28709,BX000451.3,BX000451.3
28710,BX000451.1,BX000451.1
28711,BX000451.2,BX000451.2
28712,serpinh1a,serpinh1a
28713,acer3,acer3
28714,BX000451.4,BX000451.4
28715,LO018336.1,LO018336.1
28716,mmp13a,mmp13a
28717,mmp13a-1,mmp13a-1
28718,mmp30,mmp30
28719,acat1,acat1
28720,CU896636.1,CU896636.1
28721,tmprss2,tmprss2
28722,CABZ01051877.1,CABZ01051877.1
28723,dscama,dscama
28724,pcp4a,pcp4a
28725,igsf5a,igsf5a
28726,si:ch73-1a9.3,sich731a9.3
28727,si:ch73-1a9.4,sich731a9.4
28728,rps25,rps25
28729,slc37a4b-1,slc37a4b-1
28730,B3GAT1,B3GAT1
28731,b3gat1b,b3gat1b
28732,ei24,ei24
28733,stt3a,stt3a
28734,foxred1,foxred1
28735,cry5,cry5
28736,dcps,dcps
28737,kcnj1b,kcnj1b
28738,smtlb,smtlb
28739,kirrel3a,kirrel3a
28740,CR854987.1,CR854987.1
28741,smfn,smfn
28742,BX927333.1,BX927333.1
28743,gramd1ba,gramd1ba
28744,git2b,git2b
28745,gltpb,gltpb
28746,taar20i,taar20i
28747,taar20a,taar20a
28748,taar20b,taar20b
28749,taar20h,taar20h
28750,taar20f,taar20f
28751,taar20g,taar20g
28752,AL953903.2,AL953903.2
28753,taar20c,taar20c
28754,AL953903.1,AL953903.1
28755,taar20c1,taar20c1
28756,taar20o,taar20o
28757,taar20t,taar20t
28758,AL953903.3,AL953903.3
28759,taar20i-1,taar20i-1
28760,taar20n,taar20n
28761,taar20j,taar20j
28762,BX530037.4,BX530037.4
28763,taar20w,taar20w
28764,taar20r,taar20r
28765,taar20q,taar20q
28766,taar20p,taar20p
28767,taar20o-1,taar20o-1
28768,taar20b1,taar20b1
28769,BX530037.2,BX530037.2
28770,si:dkey-181m19.11,sidkey181m19.11
28771,taar20z,taar20z
28772,taar20a1,taar20a1
28773,taar20d1,taar20d1
28774,taar20x,taar20x
28775,BX530037.1,BX530037.1
28776,si:dkey-181m19.17,sidkey181m19.17
28777,taar20b1-1,taar20b1-1
28778,taar19k,taar19k
28779,BX530037.3,BX530037.3
28780,CR396590.6,CR396590.6
28781,taar18a,taar18a
28782,taar18g,taar18g
28783,taar18d,taar18d
28784,taar18e,taar18e
28785,CR396590.4,CR396590.4
28786,taar18f,taar18f
28787,si:ch211-238p8.10,sich211238p8.10
28788,CR396590.2,CR396590.2
28789,taar18c,taar18c
28790,CR396590.5,CR396590.5
28791,taar18b,taar18b
28792,taar18h,taar18h
28793,taar18i,taar18i
28794,si:ch211-238p8.18,sich211238p8.18
28795,taar18j,taar18j
28796,taar16b,taar16b
28797,taar16a,taar16a
28798,taar17a,taar17a
28799,CR396590.8,CR396590.8
28800,si:ch211-238p8.24,sich211238p8.24
28801,CR396590.7,CR396590.7
28802,CR396590.3,CR396590.3
28803,taar16f,taar16f
28804,taar16g,taar16g
28805,zgc:172131,zgc172131
28806,taar19n,taar19n
28807,si:ch211-238p8.31,sich211238p8.31
28808,CR396590.1,CR396590.1
28809,taar19t,taar19t
28810,taar19s,taar19s
28811,si:ch211-238p8.35,sich211238p8.35
28812,si:ch211-238p8.35-1,sich211238p8.35-1
28813,taar19l,taar19l
28814,taar19u,taar19u
28815,taar19p,taar19p
28816,taar19o,taar19o
28817,taar19h,taar19h
28818,taar19m,taar19m
28819,taar19n-1,taar19n-1
28820,si:ch211-139n6.10,sich211139n6.10
28821,si:ch211-139n6.11,sich211139n6.11
28822,taar19q,taar19q
28823,taar19j,taar19j
28824,taar19i,taar19i
28825,taar19a,taar19a
28826,BX001050.1,BX001050.1
28827,taar19e,taar19e
28828,BX001050.2,BX001050.2
28829,taar19o-1,taar19o-1
28830,taar19g,taar19g
28831,taar19d,taar19d
28832,taar19b,taar19b
28833,taar19c,taar19c
28834,zgc:113625,zgc113625
28835,si:ch211-139n6.3,sich211139n6.3
28836,pcna,pcna
28837,trim69,trim69
28838,bmp1b,bmp1b
28839,CU929265.1,CU929265.1
28840,CU571179.1,CU571179.1
28841,npffr1l1,npffr1l1
28842,antxr1b,antxr1b
28843,aak1b,aak1b
28844,anxa4,anxa4
28845,adrb3b,adrb3b
28846,prlhr2b,prlhr2b
28847,brf2,brf2
28848,rab11fip1b,rab11fip1b
28849,gpat4,gpat4
28850,cabp1b,cabp1b
28851,CABZ01049847.1,CABZ01049847.1
28852,ggt1b,ggt1b
28853,lrrc75bb,lrrc75bb
28854,rnf34b,rnf34b
28855,kdm2bb,kdm2bb
28856,BX005006.1,BX005006.1
28857,orai1b,orai1b
28858,morn3,morn3
28859,tmem120b,tmem120b
28860,rhof,rhof
28861,BX005309.1,BX005309.1
28862,setd1ba,setd1ba
28863,car15,car15
28864,dgcr2,dgcr2
28865,ess2,ess2
28866,stambpa,stambpa
28867,dusp11,dusp11
28868,CR925773.1,CR925773.1
28869,CU467905.1,CU467905.1
28870,tcf7l1a,tcf7l1a
28871,dbnla,dbnla
28872,COX5B-1,COX5B-1
28873,npy8ar,npy8ar
28874,march5l,march5l
28875,actr1,actr1
28876,kctd9b,kctd9b
28877,fgfr1b,fgfr1b
28878,stc1l,stc1l
28879,rhobtb2b,rhobtb2b
28880,CABZ01063556.1,CABZ01063556.1
28881,zgc:100918,zgc100918
28882,wdr45,wdr45
28883,FP236542.2,FP236542.2
28884,FP236542.1,FP236542.1
28885,CU326366.2,CU326366.2
28886,zcchc9,zcchc9
28887,ACOT12,ACOT12
28888,CU326366.3,CU326366.3
28889,ssbp2,ssbp2
28890,atg10,atg10
28891,xrcc4,xrcc4
28892,tmem167a,tmem167a
28893,vcanb,vcanb
28894,hapln1b,hapln1b
28895,edil3b,edil3b
28896,rasa1b,rasa1b
28897,si:ch73-215f7.1,sich73215f7.1
28898,dre-mir-9-2,dre-mir-9-2
28899,mef2ca,mef2ca
28900,cetn3,cetn3
28901,arrdc3b,arrdc3b
28902,nr2f1b,nr2f1b
28903,CT583727.1,CT583727.1
28904,tlr8b,tlr8b
28905,mctp1b,mctp1b
28906,sept5b,sept5b
28907,CR384089.1,CR384089.1
28908,cldn5b,cldn5b
28909,acads,acads
28910,crybb1,crybb1
28911,cryba4,cryba4
28912,grk3,grk3
28913,CABZ01087091.1,CABZ01087091.1
28914,CABZ01085662.1,CABZ01085662.1
28915,CABZ01074708.1,CABZ01074708.1
28916,zswim6,zswim6
28917,CDK2AP1,CDK2AP1
28918,sbno1,sbno1
28919,kmt5aa,kmt5aa
28920,snrnp35,snrnp35
28921,CABZ01072096.1,CABZ01072096.1
28922,denr,denr
28923,ccdc62,ccdc62
28924,hip1ra,hip1ra
28925,CABZ01072084.1,CABZ01072084.1
28926,DUSP26,DUSP26
28927,CABZ01072083.2,CABZ01072083.2
28928,npm2b,npm2b
28929,sez6l,sez6l
28930,tpst2,tpst2
28931,ubc,ubc
28932,scarb1,scarb1
28933,BX569788.1,BX569788.1
28934,tacr1b,tacr1b
28935,SLC4A5-1,SLC4A5-1
28936,zgc:114173,zgc114173
28937,BX569788.2,BX569788.2
28938,tuba7l,tuba7l
28939,sec14l7,sec14l7
28940,cnnm4a,cnnm4a
28941,il1b,il1b
28942,purbb,purbb
28943,h2az2b,h2az2b
28944,ved,ved
28945,polm,polm
28946,gnsb,gnsb
28947,mrps24,mrps24
28948,nudcd3,nudcd3
28949,camk2b2,camk2b2
28950,ogdhb,ogdhb
28951,pargl,pargl
28952,CT956056.1,CT956056.1
28953,zmiz2,zmiz2
28954,ppiab,ppiab
28955,CABZ01117348.1,CABZ01117348.1
28956,CABZ01109081.1,CABZ01109081.1
28957,cdh7b,cdh7b
28958,tmx3b,tmx3b
28959,reck,reck
28960,tgfbr1b,tgfbr1b
28961,lancl2,lancl2
28962,vopp1,vopp1
28963,si:dkey-225n22.4,sidkey225n22.4
28964,CU467964.2,CU467964.2
28965,CU467964.1,CU467964.1
28966,ccr12b.1,ccr12b.1
28967,ccr12b.2,ccr12b.2
28968,VSTM2A,VSTM2A
28969,CU896674.1,CU896674.1
28970,HECW1,HECW1
28971,stk17a,stk17a
28972,impa2,impa2
28973,piezo2a.2,piezo2a.2
28974,napga,napga
28975,BX005461.3,BX005461.3
28976,cdk13,cdk13
28977,BX005461.4,BX005461.4
28978,ralaa,ralaa
28979,zgc:111976,zgc111976
28980,BX005461.2,BX005461.2
28981,si:dkey-192l18.9,sidkey192l18.9
28982,BX005461.1,BX005461.1
28983,itgb1a,itgb1a
28984,nrp1a,nrp1a
28985,si:ch73-134f24.1-1,sich73134f24.1-1
28986,BX323074.2,BX323074.2
28987,BX323074.1,BX323074.1
28988,pard3aa,pard3aa
28989,CABZ01067348.1,CABZ01067348.1
28990,CABZ01089087.1,CABZ01089087.1
28991,ENSDARG00000110804,ENSDARG00000110804
28992,cul2,cul2
28993,si:ch211-266d19.4,sich211266d19.4
28994,rreb1a,rreb1a
28995,ly86,ly86
28996,ENSDARG00000094832,ENSDARG00000094832
28997,f13a1a.1,f13a1a.1
28998,nrn1a,nrn1a
28999,fars2,fars2
29000,CU104764.1,CU104764.1
29001,si:ch211-152c8.4,sich211152c8.4
29002,ENSDARG00000104576,ENSDARG00000104576
29003,cyb5a,cyb5a
29004,si:ch211-152c8.2,sich211152c8.2
29005,dipk1c,dipk1c
29006,BX897669.1,BX897669.1
29007,eci2,eci2
29008,tubb6,tubb6
29009,cidea,cidea
29010,inhbaa,inhbaa
29011,sugct,sugct
29012,gyg1b,gyg1b
29013,bdh1,bdh1
29014,nck1b,nck1b
29015,slc35g2b,slc35g2b
29016,idi1,idi1
29017,wdr37,wdr37
29018,AL954666.1,AL954666.1
29019,adarb2,adarb2
29020,CR388417.2,CR388417.2
29021,CR388417.1,CR388417.1
29022,pfkpa,pfkpa
29023,CT583636.1,CT583636.1
29024,klf6a,klf6a
29025,CU462914.1,CU462914.1
29026,BX004842.1,BX004842.1
29027,ccny,ccny
29028,BX004842.2,BX004842.2
29029,fzd8a,fzd8a
29030,cpb1,cpb1
29031,agtr1b,agtr1b
29032,zic1,zic1
29033,zic4,zic4
29034,si:ch73-206p6.1,sich73206p6.1
29035,plod2,plod2
29036,dipk2ab,dipk2ab
29037,chst2b,chst2b
29038,si:ch211-157j23.3,sich211157j23.3
29039,si:ch211-157j23.2,sich211157j23.2
29040,si:ch211-157j23.3-1,sich211157j23.3-1
29041,si:ch211-157j23.2-1,sich211157j23.2-1
29042,trpc1,trpc1
29043,pcolce2b,pcolce2b
29044,pimr64,pimr64
29045,mastl,mastl
29046,pimr64-1,pimr64-1
29047,acbd5a,acbd5a
29048,abi1a,abi1a
29049,pdss1,pdss1
29050,ftr60,ftr60
29051,ftr61,ftr61
29052,apbb1ip,apbb1ip
29053,CR385039.1,CR385039.1
29054,si:ch211-37e10.1,sich21137e10.1
29055,si:ch211-37e10.2,sich21137e10.2
29056,gad2,gad2
29057,myo3a,myo3a
29058,zgc:174877,zgc174877
29059,CR352329.1,CR352329.1
29060,anxa13,anxa13
29061,gpr158a,gpr158a
29062,BX120013.1,BX120013.1
29063,arhgap21a,arhgap21a
29064,CR790361.1,CR790361.1
29065,unm-sa821,unm-sa821
29066,enkur,enkur
29067,dpp6a,dpp6a
29068,BX890551.1,BX890551.1
29069,si:dkeyp-101e12.1,sidkeyp101e12.1
29070,actr3b,actr3b
29071,XRCC2,XRCC2
29072,kmt2ca,kmt2ca
29073,galnt11,galnt11
29074,atp6v0a1b,atp6v0a1b
29075,cavin1b,cavin1b
29076,syt5b,syt5b
29077,btr33,btr33
29078,ptprh,ptprh
29079,zgc:56095,zgc56095
29080,rpgrip1,rpgrip1
29081,ptprh-1,ptprh-1
29082,si:dkey-197c15.6,sidkey197c15.6
29083,zgc:101569,zgc101569
29084,bmp6,bmp6
29085,txndc5,txndc5
29086,CR376854.1,CR376854.1
29087,bloc1s5,bloc1s5
29088,CABZ01077956.1,CABZ01077956.1
29089,eef1e1,eef1e1
29090,slc35b3,slc35b3
29091,tfap2a,tfap2a
29092,tmem14ca,tmem14ca
29093,mak,mak
29094,gcm2,gcm2
29095,BX546453.2,BX546453.2
29096,elovl2,elovl2
29097,BX546453.1,BX546453.1
29098,gnal,gnal
29099,mppe1,mppe1
29100,CR318624.2,CR318624.2
29101,CR318624.1,CR318624.1
29102,dlgap1b,dlgap1b
29103,CU459174.1,CU459174.1
29104,tgif1,tgif1
29105,otud1,otud1
29106,si:ch211-285f17.1,sich211285f17.1
29107,BX470247.1,BX470247.1
29108,si:dkey-96n2.1,sidkey96n2.1
29109,ENSDARG00000045427,ENSDARG00000045427
29110,nphp3,nphp3
29111,uba5,uba5
29112,topbp1,topbp1
29113,BX649325.1,BX649325.1
29114,tmem108,tmem108
29115,cdv3,cdv3
29116,vps41,vps41
29117,zgc:171977,zgc171977
29118,zgc:152652,zgc152652
29119,si:ch211-146l10.7,sich211146l10.7
29120,zgc:171750,zgc171750
29121,zgc:171474,zgc171474
29122,zgc:173856,zgc173856
29123,si:ch211-146l10.8,sich211146l10.8
29124,pou6f2,pou6f2
29125,CR391965.1,CR391965.1
29126,otulina,otulina
29127,otulina-1,otulina-1
29128,otulina-2,otulina-2
29129,ankha,ankha
29130,si:ch211-69l10.4,sich21169l10.4
29131,myca,myca
29132,CT573344.1,CT573344.1
29133,CT573344.2,CT573344.2
29134,fam49bb,fam49bb
29135,CT573414.1,CT573414.1
29136,asap1b,asap1b
29137,si:dkey-37o8.1,sidkey37o8.1
29138,AL840641.3,AL840641.3
29139,dre-mir-7147,dre-mir-7147
29140,AL840641.1,AL840641.1
29141,AL840641.2,AL840641.2
29142,CR753886.1,CR753886.1
29143,chmp4c,chmp4c
29144,zfand1,zfand1
29145,prlh2,prlh2
29146,myrip,myrip
29147,si:dkey-12l12.1,sidkey12l12.1
29148,acad11,acad11
29149,ackr4b,ackr4b
29150,BX005057.1,BX005057.1
29151,pxdc1b,pxdc1b
29152,prpf4bb,prpf4bb
29153,gli3,gli3
29154,BX005153.2,BX005153.2
29155,BX005153.3,BX005153.3
29156,BX005153.1,BX005153.1
29157,tm9sf1,tm9sf1
29158,fen1,fen1
29159,CT737210.1,CT737210.1
29160,ccr9b,ccr9b
29161,CU929203.2,CU929203.2
29162,CU929203.1,CU929203.1
29163,lztfl1,lztfl1
29164,CR855257.1,CR855257.1
29165,CR855257.2,CR855257.2
29166,pdcd6,pdcd6
29167,rec8b,rec8b
29168,si:ch211-196f5.2,sich211196f5.2
29169,si:ch211-196f5.9,sich211196f5.9
29170,cox19,cox19
29171,ipo4,ipo4
29172,nanog,nanog
29173,si:dkeyp-28d2.4,sidkeyp28d2.4
29174,pck2,pck2
29175,psme1,psme1
29176,CR405710.1,CR405710.1
29177,dcaf11,dcaf11
29178,CR405710.2,CR405710.2
29179,eloca,eloca
29180,flj11011l,flj11011l
29181,stau2,stau2
29182,rdh10a,rdh10a
29183,si:ch211-171b20.3,sich211171b20.3
29184,SBSPON,SBSPON
29185,terf1,terf1
29186,KCNB2,KCNB2
29187,CR450741.1,CR450741.1
29188,trpa1b,trpa1b
29189,msc,msc
29190,eya1,eya1
29191,xkr9,xkr9
29192,tram1,tram1
29193,ncoa2,ncoa2
29194,BX248495.1,BX248495.1
29195,prdm14,prdm14
29196,si:dkeyp-73g8.5,sidkeyp73g8.5
29197,BX294113.2,BX294113.2
29198,ngdn,ngdn
29199,pabpn1,pabpn1
29200,thtpa,thtpa
29201,BX294113.1,BX294113.1
29202,jph1a,jph1a
29203,BX294113.3,BX294113.3
29204,gdap1,gdap1
29205,pi15a,pi15a
29206,crispld1a,crispld1a
29207,dok6,dok6
29208,cd226,cd226
29209,rttn,rttn
29210,BX950202.1,BX950202.1
29211,socs6a,socs6a
29212,BX640518.1,BX640518.1
29213,cbln2b,cbln2b
29214,fbxo15,fbxo15
29215,CU929414.1,CU929414.1
29216,neto1l,neto1l
29217,CU207257.1,CU207257.1
29218,TIMM21,TIMM21
29219,si:dkey-118j18.2,sidkey118j18.2
29220,BX005275.2,BX005275.2
29221,BX005275.1,BX005275.1
29222,sema5a,sema5a
29223,CR354550.1,CR354550.1
29224,BX004771.2,BX004771.2
29225,BX004771.1,BX004771.1
29226,mtrr,mtrr
29227,cct5,cct5
29228,cmbl,cmbl
29229,klhl15,klhl15
29230,eif2s3,eif2s3
29231,zfx,zfx
29232,ptgdsb.2,ptgdsb.2
29233,ptgdsb.1,ptgdsb.1
29234,c8g,c8g
29235,msrb2,msrb2
29236,armc3,armc3
29237,pip4k2aa,pip4k2aa
29238,CR376737.1,CR376737.1
29239,mllt10,mllt10
29240,commd3,commd3
29241,bmi1a,bmi1a
29242,spag6,spag6
29243,BX005392.4,BX005392.4
29244,BX005392.3,BX005392.3
29245,pdia4,pdia4
29246,ezh2,ezh2
29247,cul1b,cul1b
29248,BX005392.2,BX005392.2
29249,BX005392.1,BX005392.1
29250,cntnap2a,cntnap2a
29251,CR376742.1,CR376742.1
29252,CU041377.1,CU041377.1
29253,BX255952.1,BX255952.1
29254,tpk1,tpk1
29255,BX927064.1,BX927064.1
29256,sec61g,sec61g
29257,zgc:112332,zgc112332
29258,si:dkey-73n8.3,sidkey73n8.3
29259,tnfrsf11a,tnfrsf11a
29260,relch,relch
29261,CR376786.1,CR376786.1
29262,cspp1a,cspp1a
29263,arfgef1,arfgef1
29264,CU914550.1,CU914550.1
29265,cpa6,cpa6
29266,prex2,prex2
29267,C24H8orf34,C24H8orf34
29268,CR384092.1,CR384092.1
29269,sulf1,sulf1
29270,slco5a1a-1,slco5a1a-1
29271,csrnp1b,csrnp1b
29272,CU638714.1,CU638714.1
29273,CR381686.5,CR381686.5
29274,slc22a13b,slc22a13b
29275,CR381686.1,CR381686.1
29276,CR381686.4,CR381686.4
29277,CR381686.3,CR381686.3
29278,CR381686.2,CR381686.2
29279,oxsr1b,oxsr1b
29280,BX247944.1,BX247944.1
29281,myd88,myd88
29282,cry-dash,cry-dash
29283,map3k22,map3k22
29284,acaa1,acaa1
29285,dlec1,dlec1
29286,plcd1a,plcd1a
29287,vill,vill
29288,ctdspla,ctdspla
29289,dre-mir-26a-3,dre-mir-26a-3
29290,gars1,gars1
29291,hhatlb,hhatlb
29292,klhl40b,klhl40b
29293,zbtb47b,zbtb47b
29294,nktr,nktr
29295,sec22c,sec22c
29296,vipr1b,vipr1b
29297,CR931724.1,CR931724.1
29298,si:ch211-161h7.4,sich211161h7.4
29299,si:ch211-161h7.5,sich211161h7.5
29300,CR450812.1,CR450812.1
29301,cst14a.1,cst14a.1
29302,cst14a.2,cst14a.2
29303,ccdc58,ccdc58
29304,fam162a,fam162a
29305,kpna1,kpna1
29306,si:ch211-161h7.8,sich211161h7.8
29307,drd3,drd3
29308,qtrt2,qtrt2
29309,ccdc191,ccdc191
29310,zdhhc23b,zdhhc23b
29311,gramd1c,gramd1c
29312,atp6v1ab,atp6v1ab
29313,naa50,naa50
29314,usf3,usf3
29315,si:ch73-93k15.5,sich7393k15.5
29316,boc,boc
29317,CU915780.1,CU915780.1
29318,spice1,spice1
29319,shisa2b,shisa2b
29320,CU927887.1,CU927887.1
29321,atp8a2,atp8a2
29322,rnf6,rnf6
29323,AL929009.1,AL929009.1
29324,cdk8,cdk8
29325,wasf3b,wasf3b
29326,gpr12,gpr12
29327,usp12a,usp12a
29328,AL929009.3,AL929009.3
29329,rpl21,rpl21
29330,AL929009.2,AL929009.2
29331,gtf3ab,gtf3ab
29332,lnx2a,lnx2a
29333,si:ch211-140b10.6,sich211140b10.6
29334,pdx1,pdx1
29335,urad,urad
29336,flt3,flt3
29337,pan3,pan3
29338,flt1,flt1
29339,CR352265.1,CR352265.1
29340,CR352265.3,CR352265.3
29341,spata13,spata13
29342,c1qtnf9,c1qtnf9
29343,tagln3b,tagln3b
29344,acot9.2,acot9.2
29345,acot9.1,acot9.1
29346,AL627129.1,AL627129.1
29347,sat1b,sat1b
29348,apoob,apoob
29349,si:rp71-1f1.4,sirp711f1.4
29350,si:rp71-1f1.5,sirp711f1.5
29351,si:rp71-1f1.6,sirp711f1.6
29352,ropn1l,ropn1l
29353,ankrd33ba,ankrd33ba
29354,dap,dap
29355,ctnnd2a,ctnnd2a
29356,AL590147.1,AL590147.1
29357,CT573489.1,CT573489.1
29358,BX005378.1,BX005378.1
29359,si:dkey-40h20.1,sidkey40h20.1
29360,BX957228.1,BX957228.1
29361,si:dkey-225k4.1,sidkey225k4.1
29362,zc2hc1a,zc2hc1a
29363,si:dkey-7n6.2,sidkey7n6.2
29364,CR354564.2,CR354564.2
29365,CR354564.1,CR354564.1
29366,CR361560.1,CR361560.1
29367,CR361560.2,CR361560.2
29368,pex2,pex2
29369,zfhx4,zfhx4
29370,CT573302.1,CT573302.1
29371,BX640462.3,BX640462.3
29372,hnf4g,hnf4g
29373,pign,pign
29374,cops5,cops5
29375,MCMDC2,MCMDC2
29376,ppp1r42,ppp1r42
29377,TCF24,TCF24
29378,C24H8orf44,C24H8orf44
29379,mybl1,mybl1
29380,rrs1,rrs1
29381,pola1,pola1
29382,arxa,arxa
29383,hgd,hgd
29384,ndufb4,ndufb4
29385,CT574587.1,CT574587.1
29386,zmp:0000000991,zmp0000000991
29387,chodl,chodl
29388,lyz,lyz
29389,abcc13,abcc13
29390,zgc:112408,zgc112408
29391,lipib,lipib
29392,zgc:112982,zgc112982
29393,map7d2b,map7d2b
29394,eif1axb,eif1axb
29395,si:dkey-226l10.6,sidkey226l10.6
29396,rps6ka3b,rps6ka3b
29397,pdha1b,pdha1b
29398,ythdf3,ythdf3
29399,BX323067.1,BX323067.1
29400,dre-mir-124-3,dre-mir-124-3
29401,bhlhe22,bhlhe22
29402,armc1,armc1
29403,mtfr1,mtfr1
29404,pde7a,pde7a
29405,dnajc5b,dnajc5b
29406,trim55b,trim55b
29407,crhb,crhb
29408,pcyt1ba,pcyt1ba
29409,pdk3a,pdk3a
29410,slc51a,slc51a
29411,CR383672.1,CR383672.1
29412,zdhhc20b,zdhhc20b
29413,nup58,nup58
29414,mtmr6,mtmr6
29415,amer2,amer2
29416,phldb2b,phldb2b
29417,CR383672.2,CR383672.2
29418,plcxd2,plcxd2
29419,si:ch73-264p11.1,sich73264p11.1
29420,cip2a,cip2a
29421,hhla2b.2,hhla2b.2
29422,hhla2b.1,hhla2b.1
29423,gabrr3b,gabrr3b
29424,adgrg2a,adgrg2a
29425,FP103106.1,FP103106.1
29426,ptchd1,ptchd1
29427,phex,phex
29428,mbtps2,mbtps2
29429,smpx,smpx
29430,cnksr2a,cnksr2a
29431,chrnd,chrnd
29432,camk2n2,camk2n2
29433,klhl24b,klhl24b
29434,sh3kbp1,sh3kbp1
29435,map3k15,map3k15
29436,CR352209.2,CR352209.2
29437,ccl20b,ccl20b
29438,tfr1b,tfr1b
29439,tnk2a,tnk2a
29440,CR352209.1,CR352209.1
29441,tmtopsb,tmtopsb
29442,dre-mir-727,dre-mir-727
29443,dre-mir-728,dre-mir-728
29444,adipoqa,adipoqa
29445,and1,and1
29446,cops9,cops9
29447,otos,otos
29448,apodb,apodb
29449,mynn,mynn
29450,lrrc34,lrrc34
29451,lrrc31,lrrc31
29452,skilb,skilb
29453,si:ch211-230g15.5,sich211230g15.5
29454,zgc:194621,zgc194621
29455,cldn11b,cldn11b
29456,slc7a14b,slc7a14b
29457,rpl22l1,rpl22l1
29458,eif5a,eif5a
29459,tnikb,tnikb
29460,FQ378040.1,FQ378040.1
29461,pld1b,pld1b
29462,ghsrb,ghsrb
29463,fndc3bb,fndc3bb
29464,NCEH1,NCEH1
29465,nceh1b.1,nceh1b.1
29466,tnfsf10,tnfsf10
29467,msl2b,msl2b
29468,stag1b,stag1b
29469,larp4b,larp4b
29470,dip2ca,dip2ca
29471,zmynd11,zmynd11
29472,vipr2,vipr2
29473,CR383669.1,CR383669.1
29474,CR383669.8,CR383669.8
29475,ccl34b.1,ccl34b.1
29476,ccl34b.3,ccl34b.3
29477,CR383669.5,CR383669.5
29478,ccl34b.4,ccl34b.4
29479,si:dkey-25o1.7,sidkey25o1.7
29480,CR383669.2,CR383669.2
29481,si:dkey-25o1.7-1,sidkey25o1.7-1
29482,ccl34b.8,ccl34b.8
29483,ccl34b.9,ccl34b.9
29484,cxl34b.11,cxl34b.11
29485,CT574575.1,CT574575.1
29486,cxcl32b.1,cxcl32b.1
29487,ek1,ek1
29488,hs6st1b,hs6st1b
29489,bcl2a,bcl2a
29490,cox4i1l,cox4i1l
29491,prkag2a,prkag2a
29492,CU694811.1,CU694811.1
29493,sh3glb1a,sh3glb1a
29494,CT955984.1,CT955984.1
29495,nrros,nrros
29496,fbxo45,fbxo45
29497,arhgap29a,arhgap29a
29498,CR759826.1,CR759826.1
29499,abca4a,abca4a
29500,tecrl2a,tecrl2a
29501,CR933730.1,CR933730.1
29502,olfm3a,olfm3a
29503,BX548035.1,BX548035.1
29504,col11a1a,col11a1a
29505,rnpc3,rnpc3
29506,CT961047.1,CT961047.1
29507,CR388050.2,CR388050.2
29508,si:ch211-287n14.3,sich211287n14.3
29509,CR388050.3,CR388050.3
29510,CR388050.1,CR388050.1
29511,FP245452.1,FP245452.1
29512,FP245452.2,FP245452.2
29513,prmt6,prmt6
29514,ntng1a,ntng1a
29515,CR847965.1,CR847965.1
29516,vav3a,vav3a
29517,si:ch73-383g2.1,sich73383g2.1
29518,wu:fj05g07,wufj05g07
29519,aglb,aglb
29520,si:dkeyp-88h4.2,sidkeyp88h4.2
29521,LO018627.1,LO018627.1
29522,frrs1b,frrs1b
29523,CR352310.2,CR352310.2
29524,palmdb,palmdb
29525,CR352310.1,CR352310.1
29526,plppr4b,plppr4b
29527,plppr5b,plppr5b
29528,si:ch73-358j7.2,sich73358j7.2
29529,snx7,snx7
29530,FP085414.2,FP085414.2
29531,FP085414.1,FP085414.1
29532,dre-mir-137-2,dre-mir-137-2
29533,dpyda.1,dpyda.1
29534,dpyda.3,dpyda.3
29535,CU861671.1,CU861671.1
29536,zgc:174719,zgc174719
29537,ptbp2a,ptbp2a
29538,BX088705.1,BX088705.1
29539,hccsb,hccsb
29540,tlcd4a,tlcd4a
29541,cnn3a,cnn3a
29542,alg14,alg14
29543,f3a,f3a
29544,acp5b,acp5b
29545,abcd3a,abcd3a
29546,fam168b,fam168b
29547,cremb,cremb
29548,cpne3,cpne3
29549,cngb3.1,cngb3.1
29550,cngb3.2,cngb3.2
29551,cnbd1,cnbd1
29552,CABZ01029420.1,CABZ01029420.1
29553,CABZ01029422.1,CABZ01029422.1
29554,CT737162.1,CT737162.1
29555,CT737162.3,CT737162.3
29556,steap2,steap2
29557,CT737162.2,CT737162.2
29558,CT737162.4,CT737162.4
29559,si:ch73-78o10.1,sich7378o10.1
29560,c1ql3a,c1ql3a
29561,rsu1,rsu1
29562,cubn,cubn
29563,trdmt1,trdmt1
29564,vim,vim
29565,CU207275.1,CU207275.1
29566,si:ch211-56a11.2,sich21156a11.2
29567,neurod6a,neurod6a
29568,itprid1,itprid1
29569,eif1b,eif1b
29570,yme1l1a,yme1l1a
29571,PTCHD3-1,PTCHD3-1
29572,CR792422.2,CR792422.2
29573,rdh12l,rdh12l
29574,si:ch211-282b22.1,sich211282b22.1
29575,ca2,ca2
29576,CR384099.1,CR384099.1
29577,CR391995.1,CR391995.1
29578,nrbp2b,nrbp2b
29579,zgc:195173,zgc195173
29580,si:ch1073-406l10.2,sich1073406l10.2
29581,CU929307.1,CU929307.1
29582,slc4a2b,slc4a2b
29583,si:ch73-173p19.1,sich73173p19.1
29584,si:ch73-173p19.2,sich73173p19.2
29585,rmc1,rmc1
29586,LO018309.1,LO018309.1
29587,dnah5l,dnah5l
29588,si:dkeyp-87a6.2,sidkeyp87a6.2
29589,cavin4b,cavin4b
29590,tmeff1b,tmeff1b
29591,cdk5,cdk5
29592,CU019563.1,CU019563.1
29593,abcb8,abcb8
29594,atg9b,atg9b
29595,asic1c,asic1c
29596,H2BE1,H2BE1
29597,asb10,asb10
29598,CT583690.1,CT583690.1
29599,gbx1,gbx1
29600,agap3,agap3
29601,ctnna1,ctnna1
29602,lrrtm2,lrrtm2
29603,mchr2,mchr2
29604,rb1cc1,rb1cc1
29605,pcmtd1,pcmtd1
29606,sntg1,sntg1
29607,snai2,snai2
29608,ube2v2,ube2v2
29609,mcm4,mcm4
29610,cebpd,cebpd
29611,mapre2,mapre2
29612,dtna,dtna
29613,BX005079.1,BX005079.1
29614,si:dkeyp-7a3.1,sidkeyp7a3.1
29615,si:dkeyp-7a3.1-1,sidkeyp7a3.1-1
29616,BX293567.1,BX293567.1
29617,klhl14,klhl14
29618,abcd4,abcd4
29619,obscnb,obscnb
29620,gnal2,gnal2
29621,CABZ01075509.1,CABZ01075509.1
29622,tmem14cb,tmem14cb
29623,pak1ip1,pak1ip1
29624,esco1,esco1
29625,CU634022.1,CU634022.1
29626,rbbp8,rbbp8
29627,tmem241,tmem241
29628,riok3,riok3
29629,si:ch211-40k21.5,sich21140k21.5
29630,FP089511.1,FP089511.1
29631,coasy,coasy
29632,naglu,naglu
29633,pus3,pus3
29634,si:ch211-40k21.9,sich21140k21.9
29635,grnb,grnb
29636,arf2b,arf2b
29637,arf2b-1,arf2b-1
29638,grb7,grb7
29639,zgc:114120,zgc114120
29640,CABZ01055365.1,CABZ01055365.1
29641,si:ch73-334d15.4,sich73334d15.4
29642,ccr10,ccr10
29643,si:ch73-334d15.2,sich73334d15.2
29644,si:ch73-334d15.1,sich73334d15.1
29645,dcakd,dcakd
29646,fam171a2b,fam171a2b
29647,CABZ01055347.1,CABZ01055347.1
29648,dnaaf3l,dnaaf3l
29649,CABZ01055343.1,CABZ01055343.1
29650,dnaaf3,dnaaf3
29651,CR954298.1,CR954298.1
29652,kcnc3b,kcnc3b
29653,cog7,cog7
29654,ube2ib,ube2ib
29655,CABZ01055522.1,CABZ01055522.1
29656,pdpk1b,pdpk1b
29657,tsr3,tsr3
29658,gnptg,gnptg
29659,SBK1,SBK1
29660,CU469584.1,CU469584.1
29661,si:ch211-183d21.1,sich211183d21.1
29662,nlrc3,nlrc3
29663,cluap1,cluap1
29664,wdr90,wdr90
29665,rhot2,rhot2
29666,CU571252.1,CU571252.1
29667,h1-0,h1-0
29668,rhbdl1,rhbdl1
29669,zgc:112496,zgc112496
29670,wdr24,wdr24
29671,anks3,anks3
29672,zgc:112185,zgc112185
29673,h3f3d,h3f3d
29674,si:ch211-231f6.6,sich211231f6.6
29675,zmp:0000000624,zmp0000000624
29676,decr2,decr2
29677,rab11fip3,rab11fip3
29678,AL772148.1,AL772148.1
29679,telo2,telo2
29680,ift140,ift140
29681,tmem204,tmem204
29682,ccdc78,ccdc78
29683,metrn,metrn
29684,si:ch211-248l17.3,sich211248l17.3
29685,crp1,crp1
29686,crp2,crp2
29687,BX001030.2,BX001030.2
29688,crp3,crp3
29689,BX001030.1,BX001030.1
29690,crp2-1,crp2-1
29691,si:ch211-234p6.9,sich211234p6.9
29692,crp6,crp6
29693,crp7,crp7
29694,si:ch211-234p6.5,sich211234p6.5
29695,dre-mir-735,dre-mir-735
29696,dre-mir-735-1,dre-mir-735-1
29697,igic1s1,igic1s1
29698,igl3v4,igl3v4
29699,igl3v3,igl3v3
29700,igl3v2,igl3v2
29701,igl3v5,igl3v5
29702,igl3v1,igl3v1
29703,CU896602.3,CU896602.3
29704,CU896602.2,CU896602.2
29705,CU896602.1,CU896602.1
29706,CU896602.4,CU896602.4
29707,igl3v2-1,igl3v2-1
29708,zgc:91999,zgc91999
29709,mybpc2b,mybpc2b
29710,lrrc4bb,lrrc4bb
29711,CU681836.1,CU681836.1
29712,CU681836.2,CU681836.2
29713,si:ch1073-66l23.1,sich107366l23.1
29714,FP102794.1,FP102794.1
29715,zgc:154125,zgc154125
29716,FP102794.2,FP102794.2
29717,slc17a7b,slc17a7b
29718,slc6a16b,slc6a16b
29719,si:ch1073-164k15.3,sich1073164k15.3
29720,eps8l1b,eps8l1b
29721,FP102170.1,FP102170.1
29722,ntn2,ntn2
29723,nog2,nog2
29724,capn15,capn15
29725,mss51,mss51
29726,CU929145.2,CU929145.2
29727,CU929145.1,CU929145.1
29728,tbc1d24,tbc1d24
29729,atp6v0cb,atp6v0cb
29730,nubp2,nubp2
29731,CU929145.3,CU929145.3
29732,spsb3b,spsb3b
29733,im:7160594,im7160594
29734,ENSDARG00000105209,ENSDARG00000105209
29735,CU928847.1,CU928847.1
29736,kcnj12a,kcnj12a
29737,dnah3,dnah3
29738,lyrm1,lyrm1
29739,dcun1d3,dcun1d3
29740,si:dkey-161j23.5,sidkey161j23.5
29741,si:dkey-161j23.6,sidkey161j23.6
29742,si:dkey-161j23.7,sidkey161j23.7
29743,cox6b1,cox6b1
29744,BX547934.2,BX547934.2
29745,fam234a,fam234a
29746,BX547934.1,BX547934.1
29747,luc7l,luc7l
29748,stub1,stub1
29749,CT573356.4,CT573356.4
29750,si:dkey-234i14.13,sidkey234i14.13
29751,zgc:153659,zgc153659
29752,CT573356.3,CT573356.3
29753,zgc:153659-1,zgc1536591
29754,igl3v2-2,igl3v2-2
29755,CT573356.1,CT573356.1
29756,GFOD1,GFOD1
29757,slc12a7b,slc12a7b
29758,CT573356.2,CT573356.2
29759,BX323854.2,BX323854.2
29760,BX323854.1,BX323854.1
29761,aoc1,aoc1
29762,scospondin,scospondin
29763,KCNH2,KCNH2
29764,CU929259.1,CU929259.1
29765,CU929259.2,CU929259.2
29766,smyhc1,smyhc1
29767,smyhc2,smyhc2
29768,smyhc3,smyhc3
29769,CU633479.5,CU633479.5
29770,CU633479.1,CU633479.1
29771,CU633479.2,CU633479.2
29772,cebp1,cebp1
29773,CU633479.6,CU633479.6
29774,gorasp1b,gorasp1b
29775,wdr48a,wdr48a
29776,scn5lab,scn5lab
29777,acvr2ba,acvr2ba
29778,xylb,xylb
29779,CABZ01084145.1,CABZ01084145.1
29780,nub1,nub1
29781,crygn2,crygn2
29782,rheb,rheb
29783,CABZ01084131.1,CABZ01084131.1
29784,CABZ01080380.1,CABZ01080380.1
29785,CABZ01044099.1,CABZ01044099.1
29786,CABZ01044108.1,CABZ01044108.1
29787,lrrc30a,lrrc30a
29788,lama1,lama1
29789,FP101885.1,FP101885.1
29790,arhgap28,arhgap28
29791,CABZ01081282.1,CABZ01081282.1
29792,TMEM200C,TMEM200C
29793,epb41l3a,epb41l3a
29794,zbtb14,zbtb14
29795,top1mt,top1mt
29796,ppp4r1,ppp4r1
29797,top1mt-1,top1mt-1
29798,ssr1,ssr1
29799,ahrra,ahrra
29800,pigm,pigm
29801,snx16,snx16
29802,wwp1,wwp1
29803,rmdn1,rmdn1
29804,serpinb1l3,serpinb1l3
29805,atad3,atad3
29806,mrpl20,mrpl20
29807,sdhb,sdhb
29808,mfap2,mfap2
29809,CABZ01085140.1,CABZ01085140.1
29810,CABZ01085139.1,CABZ01085139.1
29811,CABZ01085137.1,CABZ01085137.1
29812,CABZ01101813.1,CABZ01101813.1
29813,zgc:112334,zgc112334
29814,ndufaf3,ndufaf3
29815,nckipsd,nckipsd
29816,slc25a20,slc25a20
29817,prkar2ab,prkar2ab
29818,SPEN,SPEN
29819,fblim1,fblim1
29820,slc25a34,slc25a34
29821,fbxo42,fbxo42
29822,ora1,ora1
29823,zgc:66156,zgc66156
29824,zgc:66156-1,zgc661561
29825,myhz1.1-1,myhz1.1-1
29826,CABZ01079178.1,CABZ01079178.1
29827,CABZ01079179.1,CABZ01079179.1
29828,btg2,btg2
29829,necap2,necap2
29830,CU914780.1,CU914780.1
29831,tmem240b,tmem240b
29832,ssu72,ssu72
29833,FNDC10,FNDC10
29834,ora4,ora4
29835,ora3,ora3
29836,CABZ01072989.1,CABZ01072989.1
29837,capzb,capzb
29838,celsr2,celsr2
29839,celsr2-1,celsr2-1
29840,dstyk,dstyk
29841,nuak2,nuak2
29842,ccnd3,ccnd3
29843,bysl,bysl
29844,med20,med20
29845,usp49,usp49
29846,tmcc2,tmcc2
29847,cdkn1a,cdkn1a
29848,srsf3b,srsf3b
29849,pth4,pth4
29850,apobec2a,apobec2a
29851,elf3,elf3
29852,gpr37l1a,gpr37l1a
29853,arl8a,arl8a
29854,zgc:162255,zgc162255
29855,znf76,znf76
29856,rbbp5,rbbp5
29857,cry3b,cry3b
29858,zgc:153675,zgc153675
29859,cry4,cry4
29860,dennd2db,dennd2db
29861,dram2b,dram2b
29862,cept1b,cept1b
29863,stk38b,stk38b
29864,KCTD20,KCTD20
29865,cacna1sa,cacna1sa
29866,def6b,def6b
29867,pparda,pparda
29868,FP067424.1,FP067424.1
29869,si:ch73-352p18.4,sich73352p18.4
29870,FP067424.2,FP067424.2
29871,camk1ga,camk1ga
29872,si:ch1073-15f12.3,sich107315f12.3
29873,guca1e,guca1e
29874,si:ch1073-181h11.1,sich1073181h11.1
29875,si:ch1073-181h11.2,sich1073181h11.2
29876,GUCA1A,GUCA1A
29877,CU570769.3,CU570769.3
29878,si:ch1073-181h11.4,sich1073181h11.4
29879,irf6,irf6
29880,eps8l3a,eps8l3a
29881,ampd2a,ampd2a
29882,CU570769.4,CU570769.4
29883,CU570769.1,CU570769.1
29884,CU570769.2,CU570769.2
29885,si:ch73-138e16.2,sich73138e16.2
29886,si:ch73-138e16.3,sich73138e16.3
29887,si:ch73-138e16.4,sich73138e16.4
29888,si:ch73-138e16.5,sich73138e16.5
29889,si:ch73-138e16.6,sich73138e16.6
29890,BX322657.4,BX322657.4
29891,CU207221.1,CU207221.1
29892,CU207221.2,CU207221.2
29893,znf45l,znf45l
29894,BX322657.1,BX322657.1
29895,BX322657.3,BX322657.3
29896,zgc:113336,zgc113336
29897,zgc:101130,zgc101130
29898,BX322657.2,BX322657.2
29899,si:dkeyp-53d3.3,sidkeyp53d3.3
29900,si:dkeyp-53d3.5,sidkeyp53d3.5
29901,zgc:174222,zgc174222
29902,si:ch211-255f4.2,sich211255f4.2
29903,si:dkey-4c15.8,sidkey4c15.8
29904,zgc:173486,zgc173486
29905,zgc:173486-1,zgc1734861
29906,si:ch211-255f4.5,sich211255f4.5
29907,znf1183,znf1183
29908,si:ch211-255f4.7,sich211255f4.7
29909,si:ch211-255f4.8,sich211255f4.8
29910,AL954741.2,AL954741.2
29911,si:ch211-255f4.9,sich211255f4.9
29912,AL954741.1,AL954741.1
29913,si:ch211-255f4.11,sich211255f4.11
29914,si:ch211-255f4.11-1,sich211255f4.11-1
29915,znf1183-1,znf1183-1
29916,si:ch211-255f4.13,sich211255f4.13
29917,si:dkey-1b17.1,sidkey1b17.1
29918,si:dkey-1b17.2,sidkey1b17.2
29919,BX649416.2,BX649416.2
29920,BX649416.1,BX649416.1
29921,si:dkey-1b17.5,sidkey1b17.5
29922,si:dkey-1b17.6,sidkey1b17.6
29923,znf1160,znf1160
29924,znf1154,znf1154
29925,si:dkey-1b17.9,sidkey1b17.9
29926,BX649416.3,BX649416.3
29927,znf1159,znf1159
29928,znf1169,znf1169
29929,znf1178,znf1178
29930,znf1154-1,znf1154-1
29931,znf1154-2,znf1154-2
29932,znf1179,znf1179
29933,znf1168,znf1168
29934,znf1184,znf1184
29935,znf1002,znf1002
29936,znf1183-2,znf1183-2
29937,znf1182,znf1182
29938,znf1174,znf1174
29939,si:dkey-15h8.17,sidkey15h8.17
29940,BX640576.1,BX640576.1
29941,znf1158,znf1158
29942,si:dkey-15h8.10,sidkey15h8.10
29943,znf1156,znf1156
29944,znf1181,znf1181
29945,znf1153,znf1153
29946,znf1167,znf1167
29947,si:dkey-15h8.15,sidkey15h8.15
29948,zgc:174222-1,zgc1742221
29949,znf1174-1,znf1174-1
29950,znf1153-1,znf1153-1
29951,CU074330.1,CU074330.1
29952,znf1144,znf1144
29953,znf1155,znf1155
29954,si:dkeyp-79b7.3,sidkeyp79b7.3
29955,znf1164,znf1164
29956,BX640537.2,BX640537.2
29957,znf1151,znf1151
29958,BX640537.1,BX640537.1
29959,znf1152,znf1152
29960,znf1165,znf1165
29961,BX640537.3,BX640537.3
29962,znf1157,znf1157
29963,znf1166,znf1166
29964,si:dkeyp-79b7.12,sidkeyp79b7.12
29965,znf1172,znf1172
29966,znf1161,znf1161
29967,znf1144-1,znf1144-1
29968,si:dkey-4c15.8-1,sidkey4c15.8-1
29969,znf1157-1,znf1157-1
29970,si:dkey-4c15.9,sidkey4c15.9
29971,AL929017.2,AL929017.2
29972,znf1180,znf1180
29973,si:dkey-4c15.16,sidkey4c15.16
29974,znf1175,znf1175
29975,AL929017.1,AL929017.1
29976,zgc:174224,zgc174224
29977,si:dkey-4c15.12,sidkey4c15.12
29978,si:dkey-4c15.13,sidkey4c15.13
29979,si:dkey-4c15.14,sidkey4c15.14
29980,zgc:171435,zgc171435
29981,zgc:112977,zgc112977
29982,zgc:113220,zgc113220
29983,zgc:171435-1,zgc1714351
29984,znf1177,znf1177
29985,si:ch73-92e7.4,sich7392e7.4
29986,CU570894.2,CU570894.2
29987,CU856622.1,CU856622.1
29988,znf1170,znf1170
29989,zgc:173726,zgc173726
29990,znf1003,znf1003
29991,si:ch73-92e7.4-1,sich7392e7.4-1
29992,zgc:175284,zgc175284
29993,CU896630.2,CU896630.2
29994,si:ch73-92e7.6,sich7392e7.6
29995,CU570894.1,CU570894.1
29996,CU896630.1,CU896630.1
29997,znf1173,znf1173
29998,zgc:110821,zgc110821
29999,znf1162,znf1162
30000,zgc:194221,zgc194221
30001,si:dkey-20i20.15,sidkey20i20.15
30002,znf1171,znf1171
30003,znf1163,znf1163
30004,si:dkey-20i20.11,sidkey20i20.11
30005,si:dkey-20i20.10,sidkey20i20.10
30006,si:dkey-20i20.9,sidkey20i20.9
30007,si:dkey-20i20.8,sidkey20i20.8
30008,si:dkey-20i20.7,sidkey20i20.7
30009,si:dkey-20i20.3,sidkey20i20.3
30010,si:dkey-20i20.8-1,sidkey20i20.8-1
30011,si:dkey-20i20.4,sidkey20i20.4
30012,si:dkey-20i20.2,sidkey20i20.2
30013,aqp12,aqp12
30014,pak2b,pak2b
30015,pigx,pigx
30016,cep19,cep19
30017,ing5a,ing5a
30018,impact,impact
30019,LO017843.1,LO017843.1
30020,lmnb2,lmnb2
30021,rpl36,rpl36
30022,lonp1,lonp1
30023,ftsj3,ftsj3
30024,lim2.2,lim2.2
30025,CU929402.1,CU929402.1
30026,si:ch1073-178p5.3,sich1073178p5.3
30027,CU929402.2,CU929402.2
30028,gpr35.1,gpr35.1
30029,si:zfos-943e10.1,sizfos943e10.1
30030,gipc3,gipc3
30031,tbxa2r,tbxa2r
30032,CU652528.1,CU652528.1
30033,CU539058.1,CU539058.1
30034,ptprsa-1,ptprsa-1
30035,FP565432.1,FP565432.1
30036,CABZ01031768.1,CABZ01031768.1
30037,mhc1uma,mhc1uma
30038,FO904903.1,FO904903.1
30039,CU074310.1,CU074310.1
30040,kdm4b,kdm4b
30041,uhrf1,uhrf1
30042,ticam1,ticam1
30043,timm44,timm44
30044,ctxn1-1,ctxn1-1
30045,fbn2b,fbn2b
30046,CR751224.2,CR751224.2
30047,cers4a,cers4a
30048,CR751224.1,CR751224.1
30049,rad23ab,rad23ab
30050,calr3a,calr3a
30051,si:ch73-256j6.5,sich73256j6.5
30052,CU570881.2,CU570881.2
30053,CU570881.1,CU570881.1
30054,zgc:195170,zgc195170
30055,si:ch73-256j6.4,sich73256j6.4
30056,CU207311.1,CU207311.1
30057,CU207311.2,CU207311.2
30058,si:ch73-256j6.6,sich73256j6.6
30059,si:ch73-256j6.4-1,sich73256j6.4-1
30060,si:ch73-256j6.3,sich73256j6.3
30061,si:ch73-256j6.2,sich73256j6.2
30062,pku300,pku300
30063,si:ch1073-104i17.1,sich1073104i17.1
30064,cherp,cherp
30065,rx1,rx1
30066,matk,matk
30067,zfr2,zfr2
30068,atcaya,atcaya
30069,mibp,mibp
30070,loxl5a,loxl5a
30071,CR936300.2,CR936300.2
30072,mydgf,mydgf
30073,CR936300.1,CR936300.1
30074,tnfaip8l1,tnfaip8l1
30075,cers1,cers1
30076,ncln,ncln
30077,dre-mir-23a-1,dre-mir-23a-1
30078,dre-mir-27e,dre-mir-27e
30079,mir24-4,mir24-4
30080,s1pr4,s1pr4
30081,MYO9B,MYO9B
30082,zgc:194627,zgc194627
30083,tppp,tppp
30084,CABZ01064972.1,CABZ01064972.1
30085,CABZ01064968.1,CABZ01064968.1
30086,si:ch73-256j6.2-1,sich73256j6.2-1
30087,zgc:171601,zgc171601
30088,zgc:171566,zgc171566
30089,mcm2,mcm2
30090,ccdc51,ccdc51
30091,tma7,tma7
30092,dnase1l4.1,dnase1l4.1
30093,dnase1l4.2,dnase1l4.2
30094,pgbd4,pgbd4
30095,CU459089.1,CU459089.1
30096,si:dkey-222f2.1,sidkey222f2.1
30097,bcdin3d,bcdin3d
30098,BX005329.2,BX005329.2
30099,cox14,cox14
30100,cers5,cers5
30101,BX005329.3,BX005329.3
30102,si:rp71-36a1.5,sirp7136a1.5
30103,zmp:0000001161,zmp0000001161
30104,si:dkey-222f2.7,sidkey222f2.7
30105,BX005329.1,BX005329.1
30106,si:rp71-36a1.1,sirp7136a1.1
30107,si:rp71-36a1.2,sirp7136a1.2
30108,si:rp71-36a1.3,sirp7136a1.3
30109,BX322587.2,BX322587.2
30110,BX322587.1,BX322587.1
30111,CU468041.2,CU468041.2
30112,CU468041.1,CU468041.1
30113,si:dkey-19a16.1,sidkey19a16.1
30114,si:dkey-19a16.2,sidkey19a16.2
30115,si:dkey-19a16.16,sidkey19a16.16
30116,BX004840.1,BX004840.1
30117,zgc:171887,zgc171887
30118,si:dkey-19a16.4,sidkey19a16.4
30119,si:dkey-19a16.5,sidkey19a16.5
30120,BX004840.2,BX004840.2
30121,si:rp71-36a1.5-1,sirp7136a1.5-1
30122,si:dkey-19a16.11,sidkey19a16.11
30123,si:ch211-274k16.2,sich211274k16.2
30124,AL928685.4,AL928685.4
30125,rnasel4,rnasel4
30126,AL928685.1,AL928685.1
30127,si:ch211-274k16.9,sich211274k16.9
30128,AL928685.3,AL928685.3
30129,rnasel2,rnasel2
30130,AL928685.2,AL928685.2
30131,si:dkey-19a16.13,sidkey19a16.13
30132,si:rp71-1i20.1,sirp711i20.1
30133,AL928685.5,AL928685.5
30134,zgc:113298,zgc113298
30135,AL627164.1,AL627164.1
30136,si:rp71-1i20.2,sirp711i20.2
30137,zgc:171699,zgc171699
30138,si:dkey-19a16.12,sidkey19a16.12
30139,zgc:172133,zgc172133
30140,si:ch211-105n15.1,sich211105n15.1
30141,CR926879.1,CR926879.1
30142,si:dkey-19a16.7,sidkey19a16.7
30143,CR352226.6,CR352226.6
30144,CR352226.4,CR352226.4
30145,CR352226.5,CR352226.5
30146,zgc:171490,zgc171490
30147,CR352226.1,CR352226.1
30148,CR352226.7,CR352226.7
30149,CR352226.2,CR352226.2
30150,si:ch211-209l18.2,sich211209l18.2
30151,si:ch211-209l18.4,sich211209l18.4
30152,CR352226.3,CR352226.3
30153,CT583625.3,CT583625.3
30154,CT583625.4,CT583625.4
30155,CT583625.6,CT583625.6
30156,CT583625.2,CT583625.2
30157,CT583625.1,CT583625.1
30158,CT583625.5,CT583625.5
30159,si:ch1073-188e1.1,sich1073188e1.1
30160,FO904898.6,FO904898.6
30161,FO904898.1,FO904898.1
30162,FO904898.3,FO904898.3
30163,FO904898.2,FO904898.2
30164,FO904898.4,FO904898.4
30165,FO904898.5,FO904898.5
30166,CABZ01065328.2,CABZ01065328.2
30167,CABZ01065328.1,CABZ01065328.1
30168,zgc:171500,zgc171500
30169,CU929149.1,CU929149.1
30170,si:ch73-213k20.5,sich73213k20.5
30171,fgfr1bl,fgfr1bl
30172,fgfr1bl-1,fgfr1bl-1
30173,gpd1b,gpd1b
30174,smarcd1,smarcd1
30175,CR450748.1,CR450748.1
30176,asic1b,asic1b
30177,si:dkey-57c15.1,sidkey57c15.1
30178,BX511034.8,BX511034.8
30179,cela1.6,cela1.6
30180,BX511034.4,BX511034.4
30181,BX511034.2,BX511034.2
30182,BX511034.6,BX511034.6
30183,cela1.1,cela1.1
30184,cela1.2,cela1.2
30185,cela1.3,cela1.3
30186,cela1.4,cela1.4
30187,cela1.5,cela1.5
30188,BX511034.5,BX511034.5
30189,BX511034.1,BX511034.1
30190,BX511034.3,BX511034.3
30191,BX511034.7,BX511034.7
30192,AL929276.1,AL929276.1
30193,AL929276.2,AL929276.2
30194,si:ch211-59h6.1,sich21159h6.1
30195,si:ch73-44m9.5,sich7344m9.5
30196,cela1.5-1,cela1.5-1
30197,si:ch73-44m9.3,sich7344m9.3
30198,si:ch73-44m9.1,sich7344m9.1
30199,si:ch73-44m9.2,sich7344m9.2
30200,sc:d217,scd217
30201,CABZ01034691.1,CABZ01034691.1
30202,CABZ01034698.2,CABZ01034698.2
30203,CABZ01034698.1,CABZ01034698.1
30204,si:ch73-44m9.3-1,sich7344m9.3-1
30205,CABZ01077220.3,CABZ01077220.3
30206,CABZ01077220.2,CABZ01077220.2
30207,CABZ01077220.1,CABZ01077220.1
30208,CABZ01077218.1,CABZ01077218.1
30209,CABZ01077217.1,CABZ01077217.1
30210,CABZ01077217.2,CABZ01077217.2
30211,CABZ01061495.1,CABZ01061495.1
30212,CABZ01061495.2,CABZ01061495.2
30213,si:dkey-19a16.11-1,sidkey19a16.11-1
30214,CABZ01061498.1,CABZ01061498.1
30215,CABZ01061501.1,CABZ01061501.1
30216,CABZ01061508.1,CABZ01061508.1
30217,CABZ01046407.1,CABZ01046407.1
30218,si:ch73-27e22.4,sich7327e22.4
30219,si:ch73-27e22.3,sich7327e22.3
30220,CR974475.1,CR974475.1
30221,zmp:0000001175,zmp0000001175
30222,si:ch73-27e22.2,sich7327e22.2
30223,si:ch73-27e22.7,sich7327e22.7
30224,zmp:0000000984,zmp0000000984
30225,si:ch73-27e22.1,sich7327e22.1
30226,si:ch73-27e22.8,sich7327e22.8
30227,si:ch73-27e22.6,sich7327e22.6
30228,CR450686.1,CR450686.1
30229,si:dkey-182g1.2,sidkey182g1.2
30230,CR450686.5,CR450686.5
30231,CR450686.2,CR450686.2
30232,zmp:0000000652,zmp0000000652
30233,CR450686.6,CR450686.6
30234,si:dkey-182g1.2-1,sidkey182g1.2-1
30235,si:dkey-182g1.10,sidkey182g1.10
30236,CR450686.4,CR450686.4
30237,CR450686.3,CR450686.3
30238,si:dkey-182g1.6,sidkey182g1.6
30239,CABZ01046425.1,CABZ01046425.1
30240,CABZ01046427.1,CABZ01046427.1
30241,CABZ01046427.2,CABZ01046427.2
30242,CABZ01046432.1,CABZ01046432.1
30243,FO393424.2,FO393424.2
30244,FO393424.3,FO393424.3
30245,FO393424.4,FO393424.4
30246,FO393424.1,FO393424.1
30247,si:ch211-213a13.1,sich211213a13.1
30248,rnh1,rnh1
30249,si:ch211-213a13.2,sich211213a13.2
30250,si:ch211-213a13.2-1,sich211213a13.2-1
30251,nlrp15,nlrp15
30252,si:ch211-156p11.1,sich211156p11.1
30253,si:ch211-213a13.5,sich211213a13.5
30254,si:ch211-250k18.5,sich211250k18.5
30255,si:ch211-250k18.6,sich211250k18.6
30256,si:ch211-250k18.7,sich211250k18.7
30257,BX927329.2,BX927329.2
30258,BX927329.1,BX927329.1
30259,si:ch211-11p18.6-1,sich21111p18.6-1
30260,cacna2d2b,cacna2d2b
30261,strip1,strip1
30262,si:ch211-156p11.1-1,sich211156p11.1-1
30263,si:ch73-286h23.4,sich73286h23.4
30264,si:dkey-286j17.4,sidkey286j17.4
30265,BX664625.4,BX664625.4
30266,BX664625.1,BX664625.1
30267,BX664625.6,BX664625.6
30268,BX664625.5,BX664625.5
30269,BX664625.2,BX664625.2
30270,BX664625.3,BX664625.3
30271,si:dkey-102c8.2,sidkey102c8.2
30272,si:ch211-236g6.1,sich211236g6.1
30273,BX539307.3,BX539307.3
30274,si:dkey-253d23.2,sidkey253d23.2
30275,BX539307.1,BX539307.1
30276,si:dkey-253d23.3,sidkey253d23.3
30277,si:dkey-253d23.4,sidkey253d23.4
30278,si:dkey-253d23.5,sidkey253d23.5
30279,znf990,znf990
30280,znf991,znf991
30281,si:dkey-253d23.8,sidkey253d23.8
30282,blf,blf
30283,si:dkey-253d23.9,sidkey253d23.9
30284,si:dkey-253d23.11,sidkey253d23.11
30285,zgc:171686,zgc171686
30286,nlrc7,nlrc7
30287,BX539307.2,BX539307.2
30288,BX324216.1,BX324216.1
30289,BX324216.4,BX324216.4
30290,BX324216.2,BX324216.2
30291,BX324216.3,BX324216.3
30292,zgc:174564,zgc174564
30293,si:ch211-222k6.2,sich211222k6.2
30294,si:ch211-222k6.3,sich211222k6.3
30295,BX324213.1,BX324213.1
30296,si:dkey-102c8.2-1,sidkey102c8.2-1
30297,si:dkey-102c8.3,sidkey102c8.3
30298,gls2b,gls2b
30299,rdh5,rdh5
30300,bloc1s1,bloc1s1
30301,tbc1d20,tbc1d20
30302,rbck1,rbck1
30303,rpp14,rpp14
30304,pxk,pxk
30305,pdhb,pdhb
30306,kctd6a,kctd6a
30307,si:dkeyp-87e7.4,sidkeyp87e7.4
30308,stab1,stab1
30309,BX649457.1,BX649457.1
30310,nisch,nisch
30311,nol8,nol8
30312,cenpp,cenpp
30313,ogna,ogna
30314,omd,omd
30315,aspn,aspn
30316,ecm2,ecm2
30317,ippk,ippk
30318,si:dkey-42i9.4,sidkey42i9.4
30319,atrip,atrip
30320,si:dkey-42i9.6,sidkey42i9.6
30321,si:dkey-42i9.7,sidkey42i9.7
30322,si:dkey-42i9.16,sidkey42i9.16
30323,si:dkey-42i9.8,sidkey42i9.8
30324,bap1,bap1
30325,rad54l2,rad54l2
30326,cyb561d2,cyb561d2
30327,rassf1,rassf1
30328,BX465868.1,BX465868.1
30329,tusc2b,tusc2b
30330,BX465868.3,BX465868.3
30331,hyal2b,hyal2b
30332,BX465868.2,BX465868.2
30333,abhd14a,abhd14a
30334,hiat1b,hiat1b
30335,sass6,sass6
30336,lsm7,lsm7
30337,tmprss9,tmprss9
30338,BX908398.1,BX908398.1
30339,timm13,timm13
30340,enc3,enc3
30341,arhgef18b,arhgef18b
30342,BX908744.1,BX908744.1
30343,BX908744.2,BX908744.2
30344,insrb,insrb
30345,use1,use1
30346,BX666064.1,BX666064.1
30347,BX649485.2,BX649485.2
30348,BX649485.4,BX649485.4
30349,BX649485.1,BX649485.1
30350,BX649485.3,BX649485.3
30351,atp6ap2,atp6ap2
30352,bcor,bcor
30353,BX323453.1,BX323453.1
30354,mid1ip1b,mid1ip1b
30355,tspan7b,tspan7b
30356,slc26a11,slc26a11
30357,sgsh,sgsh
30358,npb,npb
30359,gnav1,gnav1
30360,pcyt2,pcyt2
30361,CU463033.1,CU463033.1
30362,gcga,gcga
30363,dpp4,dpp4
30364,mettl21a,mettl21a
30365,CU570889.1,CU570889.1
30366,crygs1,crygs1
30367,krt222,krt222
30368,krt97,krt97
30369,krt96,krt96
30370,ptpn4b,ptpn4b
30371,mras,mras
30372,AL645755.1,AL645755.1
30373,pth2rb,pth2rb
30374,mgat5,mgat5
30375,tmem163b,tmem163b
30376,CU571316.1,CU571316.1
30377,ccnt2b,ccnt2b
30378,zranb3,zranb3
30379,r3hdm1,r3hdm1
30380,dre-mir-128-1,dre-mir-128-1
30381,rnd3a,rnd3a
30382,CR847870.4,CR847870.4
30383,CR847870.2,CR847870.2
30384,CR847870.5,CR847870.5
30385,zgc:92335,zgc92335
30386,cep70,cep70
30387,adarb1a,adarb1a
30388,CR847870.1,CR847870.1
30389,fam207a,fam207a
30390,CR847870.3,CR847870.3
30391,plcd4a,plcd4a
30392,cnot9,cnot9
30393,ftcd,ftcd
30394,mstna,mstna
30395,stat1a,stat1a
30396,glsa,glsa
30397,nab1a,nab1a
30398,mfsd6a,mfsd6a
30399,BX927260.1,BX927260.1
30400,ahr1b,ahr1b
30401,ahr2,ahr2
30402,BX908726.1,BX908726.1
30403,BX927376.1,BX927376.1
30404,si:ch211-227m13.1,sich211227m13.1
30405,CU062647.1,CU062647.1
30406,cntnap5b,cntnap5b
30407,si:ch211-279g13.1,sich211279g13.1
30408,CT990618.1,CT990618.1
30409,s100b,s100b
30410,sh3bp4a,sh3bp4a
30411,BX649510.1,BX649510.1
30412,arl4ca,arl4ca
30413,BX649296.1,BX649296.1
30414,aox6,aox6
30415,aox5,aox5
30416,he1.1,he1.1
30417,he1.2,he1.2
30418,he1.3,he1.3
30419,bzw1a,bzw1a
30420,si:ch211-246m6.4,sich211246m6.4
30421,si:ch211-246m6.5,sich211246m6.5
30422,si:ch211-246m6.5-1,sich211246m6.5-1
30423,CU104782.2,CU104782.2
30424,CU104782.1,CU104782.1
30425,si:ch73-338d8.5,sich73338d8.5
30426,si:dkeyp-122a9.1,sidkeyp122a9.1
30427,si:dkeyp-122a9.2,sidkeyp122a9.2
30428,lrp1ba,lrp1ba
30429,lrp1ba-1,lrp1ba-1
30430,CU137716.1,CU137716.1
30431,CR352252.1,CR352252.1
30432,BX936391.1,BX936391.1
30433,gtpbp1l,gtpbp1l
30434,BX649639.1,BX649639.1
30435,elfn2a,elfn2a
30436,mfng,mfng
30437,sult3st3,sult3st3
30438,sult3st3-1,sult3st3-1
30439,sult3st5,sult3st5
30440,sult3st4,sult3st4
30441,sult3st2,sult3st2
30442,rrp36,rrp36
30443,tmem264,tmem264
30444,rpp21,rpp21
30445,gpc5b,gpc5b
30446,gpc1a,gpc1a
30447,ankmy1,ankmy1
30448,hsh2d,hsh2d
30449,tpm4a,tpm4a
30450,lpl,lpl
30451,CABZ01090041.1,CABZ01090041.1
30452,si:ch1073-396h14.1,sich1073396h14.1
30453,safb,safb
30454,malt2,malt2
30455,mrpl54,mrpl54
30456,fam32a,fam32a
30457,BX323550.1,BX323550.1
30458,si:dkeyp-70f9.7,sidkeyp70f9.7
30459,BX323550.2,BX323550.2
30460,BX323550.3,BX323550.3
30461,BX323550.5,BX323550.5
30462,klf2a,klf2a
30463,eps15l1a,eps15l1a
30464,stil,stil
30465,rc3h1a,rc3h1a
30466,serpinc1,serpinc1
30467,zbtb37,zbtb37
30468,s1pr1,s1pr1
30469,dph5,dph5
30470,slc30a7,slc30a7
30471,vcam1b,vcam1b
30472,cdc14ab,cdc14ab
30473,CR751228.1,CR751228.1
30474,rtca,rtca
30475,dbt,dbt
30476,lrrc39,lrrc39
30477,trmt13,trmt13
30478,CR936359.1,CR936359.1
30479,osbpl1a,osbpl1a
30480,ttc39c,ttc39c
30481,lama3,lama3
30482,cts12,cts12
30483,ankrd29,ankrd29
30484,plekhb2,plekhb2
30485,si:dkey-121a11.3,sidkey121a11.3
30486,stx6,stx6
30487,ier5,ier5
30488,tal1,tal1
30489,pdzk1ip1,pdzk1ip1
30490,patj,patj
30491,BX322568.1,BX322568.1
30492,si:dkey-38n4.2,sidkey38n4.2
30493,tm2d1,tm2d1
30494,nfia,nfia
30495,frem1b,frem1b
30496,atpaf1,atpaf1
30497,rab3b,rab3b
30498,nrd1b,nrd1b
30499,axdnd1,axdnd1
30500,nphs2,nphs2
30501,tdrd5,tdrd5
30502,FAM163A,FAM163A
30503,rabgap1l,rabgap1l
30504,gpr52,gpr52
30505,BX649327.1,BX649327.1
30506,si:ch211-197g15.10,sich211197g15.10
30507,si:ch211-197g15.6,sich211197g15.6
30508,si:ch211-197g15.8,sich211197g15.8
30509,si:ch211-197g15.7,sich211197g15.7
30510,si:ch211-197g15.6-1,sich211197g15.6-1
30511,si:ch211-197g15.6-2,sich211197g15.6-2
30512,rab11ba,rab11ba
30513,march2,march2
30514,hnrnpm,hnrnpm
30515,pip5k1ca,pip5k1ca
30516,gpx4a,gpx4a
30517,polr2eb,polr2eb
30518,arhgap45b,arhgap45b
30519,arhgap45b-1,arhgap45b-1
30520,tjp3,tjp3
30521,SBNO2,SBNO2
30522,tm6sf2,tm6sf2
30523,BX908731.2,BX908731.2
30524,hapln4,hapln4
30525,BX908731.1,BX908731.1
30526,ncanb,ncanb
30527,nr2c2ap,nr2c2ap
30528,rfxank,rfxank
30529,borcs8,borcs8
30530,si:ch211-125m10.6,sich211125m10.6
30531,mef2b,mef2b
30532,tmem161a,tmem161a
30533,BX664610.1,BX664610.1
30534,dre-mir-9-4,dre-mir-9-4
30535,gatad2ab,gatad2ab
30536,tssk6,tssk6
30537,yjefn3,yjefn3
30538,cilp2,cilp2
30539,si:ch211-212d10.2,sich211212d10.2
30540,BX649279.1,BX649279.1
30541,si:ch211-212d10.1,sich211212d10.1
30542,cirbpb,cirbpb
30543,BX649276.1,BX649276.1
30544,midn,midn
30545,atp5f1d,atp5f1d
30546,cbarpb,cbarpb
30547,fstl3,fstl3
30548,bsg,bsg
30549,hcn2b,hcn2b
30550,polrmt,polrmt
30551,fgf22,fgf22
30552,si:dkey-21e2.3,sidkey21e2.3
30553,si:dkey-21e2.8,sidkey21e2.8
30554,BX927243.2,BX927243.2
30555,BX927243.3,BX927243.3
30556,si:dkey-21e2.7,sidkey21e2.7
30557,si:dkey-21e2.8-1,sidkey21e2.8-1
30558,BX927243.1,BX927243.1
30559,si:dkey-21e2.10,sidkey21e2.10
30560,si:dkey-21e2.12,sidkey21e2.12
30561,si:dkey-78l4.5,sidkey78l4.5
30562,si:dkey-21e2.11,sidkey21e2.11
30563,si:dkey-21e2.13,sidkey21e2.13
30564,si:dkey-21e2.14,sidkey21e2.14
30565,si:dkey-21e2.15,sidkey21e2.15
30566,si:dkey-21e2.16,sidkey21e2.16
30567,si:dkey-21e2.12-1,sidkey21e2.12-1
30568,BX936298.2,BX936298.2
30569,si:dkey-78l4.2,sidkey78l4.2
30570,si:dkey-78l4.4,sidkey78l4.4
30571,BX936298.1,BX936298.1
30572,si:dkey-78l4.6,sidkey78l4.6
30573,si:dkey-78l4.7,sidkey78l4.7
30574,si:dkey-78l4.8,sidkey78l4.8
30575,si:dkey-21e2.3-1,sidkey21e2.3-1
30576,si:dkey-78l4.10,sidkey78l4.10
30577,si:dkey-78l4.11,sidkey78l4.11
30578,si:dkey-78l4.12,sidkey78l4.12
30579,si:dkey-78l4.13,sidkey78l4.13
30580,BX936298.3,BX936298.3
30581,micos13,micos13
30582,hsd11b1la,hsd11b1la
30583,rgmd,rgmd
30584,celf5a,celf5a
30585,BX510913.2,BX510913.2
30586,BX510913.3,BX510913.3
30587,rxfp3.2b,rxfp3.2b
30588,creb3l3a,creb3l3a
30589,eef2a.1,eef2a.1
30590,BX005203.1,BX005203.1
30591,eef2a.2,eef2a.2
30592,BX005203.2,BX005203.2
30593,btbd2a,btbd2a
30594,hmg20b,hmg20b
30595,unc13a,unc13a
30596,mbd3b,mbd3b
30597,tcf3b,tcf3b
30598,zbtb7a,zbtb7a
30599,map2k2a,map2k2a
30600,pias4a,pias4a
30601,foxq2,foxq2
30602,onecut3a,onecut3a
30603,atp8b3,atp8b3
30604,BX088720.1,BX088720.1
30605,si:dkey-172o19.2,sidkey172o19.2
30606,nfil3-4,nfil3-4
30607,lingo3a,lingo3a
30608,org,org
30609,peak3,peak3
30610,oaz1a,oaz1a
30611,si:dkey-211f22.5,sidkey211f22.5
30612,si:dkey-3k20.1,sidkey3k20.1
30613,amh,amh
30614,dot1l,dot1l
30615,ell,ell
30616,fkbp8,fkbp8
30617,ssbp4,ssbp4
30618,CU693455.2,CU693455.2
30619,CU693455.1,CU693455.1
30620,tmem59l,tmem59l
30621,crlf1b,crlf1b
30622,rex1bd,rex1bd
30623,cpamd8,cpamd8
30624,odf3l2b,odf3l2b
30625,cks2,cks2
30626,shc2,shc2
30627,ankrd24,ankrd24
30628,shdb,shdb
30629,s1pr3a,s1pr3a
30630,mier2,mier2
30631,plpp2b,plpp2b
30632,tle2a,tle2a
30633,tle2b,tle2b
30634,tle5,tle5
30635,gna11a,gna11a
30636,BX649295.2,BX649295.2
30637,BX649295.1,BX649295.1
30638,gna15.4,gna15.4
30639,si:ch211-207c7.2,sich211207c7.2
30640,gna15.3,gna15.3
30641,gna15.3-1,gna15.3-1
30642,gna15.1,gna15.1
30643,C2CD4C,C2CD4C
30644,cdc34a,cdc34a
30645,ap3d1,ap3d1
30646,hdgfl2,hdgfl2
30647,ubxn6,ubxn6
30648,chaf1a,chaf1a
30649,scamp4,scamp4
30650,si:ch211-129c21.1,sich211129c21.1
30651,camsap2a,camsap2a
30652,ddx59,ddx59
30653,kif14,kif14
30654,BX649292.1,BX649292.1
30655,CR936459.1,CR936459.1
30656,nr5a2,nr5a2
30657,CR513789.1,CR513789.1
30658,dre-mir-181b-3,dre-mir-181b-3
30659,CABZ01039424.1,CABZ01039424.1
30660,BX936380.2,BX936380.2
30661,BX936380.1,BX936380.1
30662,ptprc,ptprc
30663,BX469928.1,BX469928.1
30664,nek7,nek7
30665,lhx9,lhx9
30666,C22H1orf53,C22H1orf53
30667,dennd1b,dennd1b
30668,CR388178.2,CR388178.2
30669,crb1,crb1
30670,CR388178.3,CR388178.3
30671,aspm,aspm
30672,f13b,f13b
30673,CR388178.1,CR388178.1
30674,cfhl4,cfhl4
30675,cfhl5,cfhl5
30676,cfh,cfh
30677,cfhl1,cfhl1
30678,cfhl2,cfhl2
30679,BX005398.1,BX005398.1
30680,BX005398.2,BX005398.2
30681,cfhl3,cfhl3
30682,AL935303.1,AL935303.1
30683,b3galt2,b3galt2
30684,glrx2,glrx2
30685,uchl5,uchl5
30686,rgs2,rgs2
30687,BX649608.1,BX649608.1
30688,RGS13,RGS13
30689,si:ch211-117l17.4,sich211117l17.4
30690,si:ch211-117l17.6,sich211117l17.6
30691,si:ch211-117l17.7,sich211117l17.7
30692,uts2d,uts2d
30693,ccdc50,ccdc50
30694,dre-mir-725,dre-mir-725
30695,BX649608.2,BX649608.2
30696,p3h2,p3h2
30697,BX784032.1,BX784032.1
30698,wdr47b,wdr47b
30699,CU655842.1,CU655842.1
30700,mcoln2,mcoln2
30701,lpar3,lpar3
30702,si:rp71-23d18.8,sirp7123d18.8
30703,ssx2ipb,ssx2ipb
30704,BX539332.2,BX539332.2
30705,vtg1,vtg1
30706,vtg5,vtg5
30707,si:rp71-23d18.4,sirp7123d18.4
30708,vtg4,vtg4
30709,BX539332.1,BX539332.1
30710,vtg6,vtg6
30711,vtg7,vtg7
30712,vtg2,vtg2
30713,si:dkey-4c23.3,sidkey4c23.3
30714,si:dkey-4c23.5,sidkey4c23.5
30715,si:dkey-4c23.4,sidkey4c23.4
30716,fam20cl,fam20cl
30717,dnal4b,dnal4b
30718,si:dkey-179j5.5,sidkey179j5.5
30719,AL929032.1,AL929032.1
30720,nptxrb,nptxrb
30721,polr3f,polr3f
30722,BX294165.1,BX294165.1
30723,dzank1,dzank1
30724,kat14,kat14
30725,rrbp1b,rrbp1b
30726,BX294165.2,BX294165.2
30727,si:dkeyp-20e4.8,sidkeyp20e4.8
30728,si:ch211-226h8.4,sich211226h8.4
30729,si:ch211-226h8.6,sich211226h8.6
30730,zgc:172218,zgc172218
30731,si:ch211-226h8.8,sich211226h8.8
30732,si:ch211-226h8.11,sich211226h8.11
30733,BX950205.2,BX950205.2
30734,zgc:171717,zgc171717
30735,zgc:171717-1,zgc1717171
30736,si:ch211-226h8.15,sich211226h8.15
30737,si:ch211-226h8.14,sich211226h8.14
30738,BX950205.1,BX950205.1
30739,si:dkey-240e12.6,sidkey240e12.6
30740,si:ch73-189n23.1,sich73189n23.1
30741,CR769772.3,CR769772.3
30742,zgc:152936,zgc152936
30743,CR769772.4,CR769772.4
30744,CR769772.1,CR769772.1
30745,CR769772.2,CR769772.2
30746,aars2,aars2
30747,si:ch211-12h2.8,sich21112h2.8
30748,BX649337.2,BX649337.2
30749,si:ch211-250e5.2,sich211250e5.2
30750,si:dkeyp-98a7.3,sidkeyp98a7.3
30751,BX649337.1,BX649337.1
30752,si:dkeyp-98a7.5,sidkeyp98a7.5
30753,si:dkeyp-98a7.3-1,sidkeyp98a7.3-1
30754,si:dkeyp-98a7.4,sidkeyp98a7.4
30755,si:dkeyp-98a7.7,sidkeyp98a7.7
30756,si:dkeyp-98a7.8,sidkeyp98a7.8
30757,si:dkeyp-98a7.9,sidkeyp98a7.9
30758,si:ch211-250e5.16,sich211250e5.16
30759,AL929192.1,AL929192.1
30760,AL845363.1,AL845363.1
30761,vasna,vasna
30762,dnaja3b,dnaja3b
30763,pdgfaa,pdgfaa
30764,pdgfaa-1,pdgfaa-1
30765,c3b.2,c3b.2
30766,c3b.1,c3b.1
30767,ccdc130,ccdc130
30768,BX649315.1,BX649315.1
30769,wdr83,wdr83
30770,sde2,sde2
30771,mrps28,mrps28
30772,capn1b,capn1b
30773,capn2b,capn2b
30774,capn8,capn8
30775,capn2l,capn2l
30776,zgc:194551,zgc194551
30777,CR759791.1,CR759791.1
30778,zgc:194330,zgc194330
30779,glis2a,glis2a
30780,CABZ01072309.2,CABZ01072309.2
30781,SRL,SRL
30782,adcy9,adcy9
30783,BX908757.3,BX908757.3
30784,BX908757.2,BX908757.2
30785,BX908757.1,BX908757.1
30786,crebbpa,crebbpa
30787,AL953841.1,AL953841.1
30788,pimr69,pimr69
30789,slx4,slx4
30790,si:dkey-44g23.2,sidkey44g23.2
30791,slx4-1,slx4-1
30792,si:dkey-44g23.5,sidkey44g23.5
30793,AL953841.3,AL953841.3
30794,gde1,gde1
30795,hmox2a,hmox2a
30796,tmem186,tmem186
30797,AL953841.2,AL953841.2
30798,cxcl12b,cxcl12b
30799,CR749748.1,CR749748.1
30800,si:dkey-246e1.3,sidkey246e1.3
30801,xpnpep1,xpnpep1
30802,BX927308.2,BX927308.2
30803,si:dkey-16m19.1,sidkey16m19.1
30804,si:dkey-208m12.2,sidkey208m12.2
30805,BX927308.1,BX927308.1
30806,si:ch73-103b2.1-1,sich73103b2.1-1
30807,si:dkey-208m12.3,sidkey208m12.3
30808,CR388079.2,CR388079.2
30809,CR388079.1,CR388079.1
30810,CR388079.3,CR388079.3
30811,CR547131.1,CR547131.1
30812,wu:fu71h07,wufu71h07
30813,CR376803.1,CR376803.1
30814,si:dkey-222p3.1,sidkey222p3.1
30815,senp7b,senp7b
30816,impg2b,impg2b
30817,impg2b-1,impg2b-1
30818,si:ch211-213c4.5,sich211213c4.5
30819,abi3bpb,abi3bpb
30820,adgrg7.1,adgrg7.1
30821,adgrg7.2,adgrg7.2
30822,jagn1b,jagn1b
30823,col8a1b,col8a1b
30824,si:dkeyp-34c12.1,sidkeyp34c12.1
30825,dre-mir-217,dre-mir-217
30826,dre-mir-216a,dre-mir-216a
30827,dre-mir-216b,dre-mir-216b
30828,tp53bp2b,tp53bp2b
30829,gtpbp2b,gtpbp2b
30830,pimr98-1,pimr98-1
30831,pimr95,pimr95
30832,pimr99,pimr99
30833,pimr97,pimr97
30834,pimr97-1,pimr97-1
30835,pimr100,pimr100
30836,cbx6a,cbx6a
30837,pla2g6,pla2g6
30838,baiap2l2b,baiap2l2b
30839,pvalb7,pvalb7
30840,ncf4,ncf4
30841,pdgfba,pdgfba
30842,adra2a,adra2a
30843,shoc2,shoc2
30844,bbip1,bbip1
30845,pdcd4b,pdcd4b
30846,BX649294.1,BX649294.1
30847,smc3,smc3
30848,dusp5,dusp5
30849,si:dkey-286j15.3,sidkey286j15.3
30850,si:dkey-286j15.1,sidkey286j15.1
30851,AL845330.1,AL845330.1
30852,add3a,add3a
30853,BX088706.1,BX088706.1
30854,mxi1,mxi1
30855,BX649448.4,BX649448.4
30856,BX649448.2,BX649448.2
30857,BX649448.1,BX649448.1
30858,si:dkey-169i5.4,sidkey169i5.4
30859,BX649448.3,BX649448.3
30860,BX649490.3,BX649490.3
30861,BX649490.4,BX649490.4
30862,BX649490.2,BX649490.2
30863,zgc:171679,zgc171679
30864,si:dkey-103k4.1,sidkey103k4.1
30865,BX649490.1,BX649490.1
30866,zmp:0000000606,zmp0000000606
30867,zmp:0000000845,zmp0000000845
30868,si:dkey-42l16.1,sidkey42l16.1
30869,AL831726.4,AL831726.4
30870,AL831726.1,AL831726.1
30871,AL831726.2,AL831726.2
30872,si:dkey-49n23.1,sidkey49n23.1
30873,AL831726.3,AL831726.3
30874,si:dkey-49n23.3,sidkey49n23.3
30875,ssuh2.1,ssuh2.1
30876,ssuh2.2,ssuh2.2
30877,ssuh2.3,ssuh2.3
30878,ssuh2.4,ssuh2.4
30879,zmp:0000000735,zmp0000000735
30880,rpl32,rpl32
30881,BX537350.1,BX537350.1
30882,cand2,cand2
30883,sec13,sec13
30884,grip2b,grip2b
30885,slc6a6b,slc6a6b
30886,lsm3,lsm3
30887,CABZ01028298.1,CABZ01028298.1
30888,pimr207,pimr207
30889,dock3,dock3
30890,manf,manf
30891,rbm15b,rbm15b
30892,CU856621.1,CU856621.1
30893,CU856621.2,CU856621.2
30894,pcbp4,pcbp4
30895,CABZ01011828.1,CABZ01011828.1
30896,dag1,dag1
30897,CU658285.1,CU658285.1
30898,LO017680.1,LO017680.1
30899,nicn1,nicn1
30900,GRM7,GRM7
30901,CABZ01023973.1,CABZ01023973.1
30902,BX957258.2,BX957258.2
30903,BX957258.1,BX957258.1
30904,CR974456.1,CR974456.1
30905,rnf123,rnf123
30906,CR405690.1,CR405690.1
30907,amigo3,amigo3
30908,terf2ip,terf2ip
30909,si:ch1073-214b20.2,sich1073214b20.2
30910,CU481774.1,CU481774.1
30911,CU896691.3,CU896691.3
30912,CU896691.2,CU896691.2
30913,si:ch73-304f21.1,sich73304f21.1
30914,CU896691.1,CU896691.1
30915,hykk.1,hykk.1
30916,CU539054.1,CU539054.1
30917,atpv0e2,atpv0e2
30918,hoga1,hoga1
30919,lcor,lcor
30920,CU657925.1,CU657925.1
30921,slit1b,slit1b
30922,arhgap19,arhgap19
30923,kcnip2,kcnip2
30924,armh3,armh3
30925,si:ch73-173h19.3,sich73173h19.3
30926,srfa,srfa
30927,rnf13,rnf13
30928,pfn2,pfn2
30929,tsc22d2,tsc22d2
30930,rubcn,rubcn
30931,FO818743.1,FO818743.1
30932,CU207281.2,CU207281.2
30933,si:ch211-276k2.1,sich211276k2.1
30934,CU207281.1,CU207281.1
30935,CU207281.3,CU207281.3
30936,tctex1d2,tctex1d2
30937,nmur1a,nmur1a
30938,hykk.2,hykk.2
30939,LO017643.2,LO017643.2
30940,LO017643.1,LO017643.1
30941,CABZ01037786.1,CABZ01037786.1
30942,LO016987.2,LO016987.2
30943,EPHB3,EPHB3
30944,LO016985.1,LO016985.1
30945,CABZ01045212.1,CABZ01045212.1
30946,polr2h,polr2h
30947,armc9,armc9
30948,CU570975.1,CU570975.1
30949,b3gnt7,b3gnt7
30950,ncl,ncl
30951,CU469540.1,CU469540.1
30952,CU469540.2,CU469540.2
30953,CU469540.3,CU469540.3
30954,trim35-33,trim35-33
30955,trim35-34,trim35-34
30956,CU861903.1,CU861903.1
30957,acy1,acy1
30958,acy1-1,acy1-1
30959,FO704622.1,FO704622.1
30960,map1sa,map1sa
30961,cart1,cart1
30962,kng1,kng1
30963,BX005105.1,BX005105.1
30964,mccc1,mccc1
30965,trim35-20,trim35-20
30966,pimr205-1,pimr205-1
30967,si:dkey-37m8.11,sidkey37m8.11
30968,pimr206,pimr206
30969,ATP11B,ATP11B
30970,FQ790212.1,FQ790212.1
30971,LO018196.1,LO018196.1
30972,FP102167.1,FP102167.1
30973,sox2,sox2
30974,FP102167.2,FP102167.2
30975,dnajc19,dnajc19
30976,fxr1,fxr1
30977,ttc14,ttc14
30978,psmd1,psmd1
30979,htr2b,htr2b
30980,acap2,acap2
30981,ppp1r2,ppp1r2
30982,FO907118.1,FO907118.1
30983,ahsg1,ahsg1
30984,fetub,fetub
30985,kcnh1b,kcnh1b
30986,si:ch73-197b13.1,sich73197b13.1
30987,pex6,pex6
30988,commd2,commd2
30989,wwtr1,wwtr1
30990,tm4sf4,tm4sf4
30991,tm4sf18,tm4sf18
30992,cp,cp
30993,AL954145.1,AL954145.1
30994,hps3,hps3
30995,si:ch211-284e20.8,sich211284e20.8
30996,AL954145.2,AL954145.2
30997,AL954145.3,AL954145.3
30998,elavl2,elavl2
30999,rcor3,rcor3
31000,traf5,traf5
31001,mark1,mark1
31002,LO017802.1,LO017802.1
31003,ptk7a,ptk7a
31004,soul4,soul4
31005,klc4,klc4
31006,si:ch211-126j24.1,sich211126j24.1
31007,BX088728.2,BX088728.2
31008,nppc,nppc
31009,BX088728.1,BX088728.1
31010,BX088728.3,BX088728.3
31011,BX927181.3,BX927181.3
31012,alpi.1,alpi.1
31013,alpi.2,alpi.2
31014,si:ch211-262h13.3,sich211262h13.3
31015,BX927181.2,BX927181.2
31016,BX927181.1,BX927181.1
31017,si:ch211-262h13.5,sich211262h13.5
31018,anos1b,anos1b
31019,AL953867.1,AL953867.1
31020,AL953867.2,AL953867.2
31021,senp5,senp5
31022,AL953867.3,AL953867.3
31023,ncbp2,ncbp2
31024,sirt7,sirt7
31025,rbbp9,rbbp9
31026,arhgef3,arhgef3
31027,tasora,tasora
31028,CABZ01044609.1,CABZ01044609.1
31029,ip6k1,ip6k1
31030,gmppb,gmppb
31031,lmcd1,lmcd1
31032,cntn1a,cntn1a
31033,CABZ01083504.1,CABZ01083504.1
31034,CABZ01080513.1,CABZ01080513.1
31035,lipcb,lipcb
31036,adam10b,adam10b
31037,CABZ01114053.1,CABZ01114053.1
31038,pclaf,pclaf
31039,RPS17,RPS17
31040,FP236318.1,FP236318.1
31041,FP236318.5,FP236318.5
31042,FP236318.2,FP236318.2
31043,FP236318.4,FP236318.4
31044,FP236318.3,FP236318.3
31045,CU855936.2,CU855936.2
31046,CABZ01113818.1,CABZ01113818.1
31047,pus7,pus7
31048,vwa5a,vwa5a
31049,CU855936.1,CU855936.1
31050,CABZ01072254.1,CABZ01072254.1
31051,FO907087.1,FO907087.1
31052,prickle1a,prickle1a
31053,CU929262.1,CU929262.1
31054,szl,szl
31055,rfx7b,rfx7b
31056,prtgb,prtgb
31057,CU633775.2,CU633775.2
31058,rsl24d1,rsl24d1
31059,CU633775.1,CU633775.1
31060,si:ch1073-385f13.3,sich1073385f13.3
31061,myo9ab,myo9ab
31062,nell2a,nell2a
31063,tmem117,tmem117
31064,twf1a,twf1a
31065,irak4,irak4
31066,znf609a,znf609a
31067,si:ch211-284k5.2,sich211284k5.2
31068,FO907089.1,FO907089.1
31069,spg11,spg11
31070,ciao2a,ciao2a
31071,CU861469.1,CU861469.1
31072,coro2bb,coro2bb
31073,calml4b,calml4b
31074,rxfp3.3b,rxfp3.3b
31075,cln6b,cln6b
31076,fem1b,fem1b
31077,itga11b,itga11b
31078,CR354429.1,CR354429.1
31079,avpr1aa,avpr1aa
31080,ppm1h,ppm1h
31081,dre-let-7i,dre-let-7i
31082,mon2,mon2
31083,SLC6A13,SLC6A13
31084,fbln1,fbln1
31085,CR385026.2,CR385026.2
31086,wnt7bb,wnt7bb
31087,CR385026.1,CR385026.1
31088,CR354430.3,CR354430.3
31089,ENSDARG00000083270,ENSDARG00000083270
31090,CR354430.1,CR354430.1
31091,pparab,pparab
31092,yars2,yars2
31093,CR354430.4,CR354430.4
31094,cdkn1bb,cdkn1bb
31095,mrps35,mrps35
31096,kcnq1.2,kcnq1.2
31097,BX957346.1,BX957346.1
31098,adck2,adck2
31099,bbs4,bbs4
31100,BX957346.3,BX957346.3
31101,adpgk,adpgk
31102,BX957346.2,BX957346.2
31103,neo1b,neo1b
31104,neo1b-1,neo1b-1
31105,scamp2,scamp2
31106,mpi,mpi
31107,si:ch1073-296i8.2,sich1073296i8.2
31108,fth1b,fth1b
31109,best1,best1
31110,rab3il1,rab3il1
31111,epx,epx
31112,CU184832.1,CU184832.1
31113,hps5,hps5
31114,gtf2h1,gtf2h1
31115,CU184832.2,CU184832.2
31116,rccd1,rccd1
31117,cib1,cib1
31118,metap2b,metap2b
31119,pthlhb,pthlhb
31120,tmpob,tmpob
31121,slc25a3b,slc25a3b
31122,CU207255.1,CU207255.1
31123,CU207255.2,CU207255.2
31124,ldhbb,ldhbb
31125,golt1bb,golt1bb
31126,slc35b4,slc35b4
31127,chchd3b,chchd3b
31128,gpr22b,gpr22b
31129,hbp1,hbp1
31130,PRKAR2B,PRKAR2B
31131,zgc:153293,zgc153293
31132,RAB19,RAB19
31133,hdhd5,hdhd5
31134,ccdc77,ccdc77
31135,zgc:194202,zgc194202
31136,si:ch211-272n13.3,sich211272n13.3
31137,CABZ01058261.1,CABZ01058261.1
31138,prnprs3,prnprs3
31139,CU138509.1,CU138509.1
31140,morc2,morc2
31141,zgc:158398,zgc158398
31142,thoc5,thoc5
31143,chid1,chid1
31144,gatd1,gatd1
31145,cd151,cd151
31146,CU855758.3,CU855758.3
31147,si:ch211-247i17.1,sich211247i17.1
31148,cracr2b,cracr2b
31149,tmem138,tmem138
31150,CU855758.2,CU855758.2
31151,tmem258,tmem258
31152,CU855758.1,CU855758.1
31153,myrf,myrf
31154,eps8l2,eps8l2
31155,fads2,fads2
31156,ppp1r32,ppp1r32
31157,syt7a,syt7a
31158,FO907094.1,FO907094.1
31159,slc25a22a,slc25a22a
31160,pidd1,pidd1
31161,pnpla2,pnpla2
31162,CABZ01068600.1,CABZ01068600.1
31163,pgghg,pgghg
31164,deaf1,deaf1
31165,FP102921.2,FP102921.2
31166,FP102921.1,FP102921.1
31167,drd4a,drd4a
31168,si:zfos-2372e4.1,sizfos2372e4.1
31169,cdhr5b,cdhr5b
31170,myo5c,myo5c
31171,gnb5a,gnb5a
31172,ap4e1,ap4e1
31173,cyp19a1b,cyp19a1b
31174,si:ch73-265h17.2,sich73265h17.2
31175,si:ch73-265h17.4,sich73265h17.4
31176,si:ch73-265h17.1,sich73265h17.1
31177,si:ch73-265h17.5,sich73265h17.5
31178,hdac10,hdac10
31179,parvb,parvb
31180,parvg,parvg
31181,shisal1b,shisal1b
31182,CABZ01039863.1,CABZ01039863.1
31183,nansb,nansb
31184,CABZ01039859.1,CABZ01039859.1
31185,CABZ01039859.2,CABZ01039859.2
31186,plxnb2b,plxnb2b
31187,AP3B2,AP3B2
31188,appl2,appl2
31189,appl2-1,appl2-1
31190,CABZ01067761.1,CABZ01067761.1
31191,CABZ01067754.1,CABZ01067754.1
31192,CABZ01067752.1,CABZ01067752.1
31193,nuak1b,nuak1b
31194,depdc7b,depdc7b
31195,ppib,ppib
31196,snx22,snx22
31197,snx1a,snx1a
31198,sv2,sv2
31199,cpeb1a,cpeb1a
31200,AL929134.1,AL929134.1
31201,rbpms2a,rbpms2a
31202,oaz2a,oaz2a
31203,psma4,psma4
31204,ireb2,ireb2
31205,slc25a44a,slc25a44a
31206,BX296538.1,BX296538.1
31207,wdr61,wdr61
31208,crabp1a,crabp1a
31209,sin3aa,sin3aa
31210,ptpn9a,ptpn9a
31211,snupn,snupn
31212,snx33,snx33
31213,cspg4,cspg4
31214,CR354425.1,CR354425.1
31215,FQ377991.1,FQ377991.1
31216,CABZ01070017.1,CABZ01070017.1
31217,CABZ01087533.1,CABZ01087533.1
31218,lingo1a,lingo1a
31219,hmg20a,hmg20a
31220,peak1,peak1
31221,ubap1la,ubap1la
31222,prc1a,prc1a
31223,syt12,syt12
31224,cat,cat
31225,ifitm5,ifitm5
31226,cdkn1cb,cdkn1cb
31227,ptdss2,ptdss2
31228,fuk,fuk
31229,FO704779.1,FO704779.1
31230,myo5ab,myo5ab
31231,arpp19b,arpp19b
31232,bet1l,bet1l
31233,kcnj11l,kcnj11l
31234,kcnj11l-1,kcnj11l-1
31235,prdm11,prdm11
31236,phf21ab,phf21ab
31237,dgkzb,dgkzb
31238,CU468141.1,CU468141.1
31239,mdkb,mdkb
31240,chrm4b,chrm4b
31241,ambra1b,ambra1b
31242,glcea,glcea
31243,nox5,nox5
31244,hal,hal
31245,ucmab,ucmab
31246,FP016019.1,FP016019.1
31247,camk1db,camk1db
31248,dhtkd1,dhtkd1
31249,CU394253.1,CU394253.1
31250,kcnc1b,kcnc1b
31251,sergef,sergef
31252,tph1a,tph1a
31253,saal1,saal1
31254,CABZ01080550.1,CABZ01080550.1
31255,muc2.2,muc2.2
31256,CR854881.1,CR854881.1
31257,muc5.1,muc5.1
31258,muc5.2,muc5.2
31259,fanci,fanci
31260,polg,polg
31261,CU929451.1,CU929451.1
31262,CU929451.2,CU929451.2
31263,dre-mir-9-3,dre-mir-9-3
31264,rhcgb,rhcgb
31265,GDPGP1,GDPGP1
31266,unc45a,unc45a
31267,man2a2,man2a2
31268,furinb,furinb
31269,accs,accs
31270,si:ch211-256a21.4,sich211256a21.4
31271,rag1,rag1
31272,rag2,rag2
31273,im:7145024,im7145024
31274,AL935322.1,AL935322.1
31275,BX663533.1,BX663533.1
31276,lrrc4ca,lrrc4ca
31277,AL929493.1,AL929493.1
31278,AL929493.2,AL929493.2
31279,FO907107.1,FO907107.1
31280,ehf,ehf
31281,ric8a,ric8a
31282,psmd13,psmd13
31283,cox8b,cox8b
31284,tesmin,tesmin
31285,zgc:110339,zgc110339
31286,galn,galn
31287,si:ch211-107e6.5,sich211107e6.5
31288,si:ch211-107e6.6,sich211107e6.6
31289,ppp6r3,ppp6r3
31290,lrp5,lrp5
31291,ap3s2,ap3s2
31292,BX572619.1,BX572619.1
31293,anpepb,anpepb
31294,ANPEP-1,ANPEP-1
31295,si:ch211-147g22.4,sich211147g22.4
31296,CR339041.1,CR339041.1
31297,CR339041.3,CR339041.3
31298,mhc1lja,mhc1lja
31299,si:ch211-147g22.7,sich211147g22.7
31300,CR339041.2,CR339041.2
31301,mhc1lfa,mhc1lfa
31302,mhc1lda,mhc1lda
31303,mhc1lla,mhc1lla
31304,si:dkey-52p2.5,sidkey52p2.5
31305,mhc1lga,mhc1lga
31306,mhc1lia,mhc1lia
31307,mespab,mespab
31308,mespbb,mespbb
31309,sv2bb,sv2bb
31310,akap13,akap13
31311,FQ312013.1,FQ312013.1
31312,enc2,enc2
31313,agbl1,agbl1
31314,FP236322.1,FP236322.1
31315,ntrk3a,ntrk3a
31316,BX088695.1,BX088695.1
31317,det1,det1
31318,CU571064.1,CU571064.1
31319,dre-mir-7a-1,dre-mir-7a-1
31320,map1lc3b,map1lc3b
31321,si:ch211-280a23.2,sich211280a23.2
31322,zcchc14,zcchc14
31323,jph3,jph3
31324,klhdc4,klhdc4
31325,slc7a5,slc7a5
31326,ca5a,ca5a
31327,uba2,uba2
31328,ccl33.3,ccl33.3
31329,ccl33.2,ccl33.2
31330,sept15,sept15
31331,CR450808.2,CR450808.2
31332,ccl39.7,ccl39.7
31333,ccl39.6,ccl39.6
31334,CR450808.4,CR450808.4
31335,CR450808.3,CR450808.3
31336,ccl39.5,ccl39.5
31337,ccl39.4,ccl39.4
31338,ccl39.3,ccl39.3
31339,CR450808.1,CR450808.1
31340,ccl39.2,ccl39.2
31341,ccl39.1,ccl39.1
31342,ccl35.1,ccl35.1
31343,smpd3,smpd3
31344,si:dkeyp-50b9.1,sidkeyp50b9.1
31345,si:ch211-147m6.1,sich211147m6.1
31346,si:ch211-194m7.3,sich211194m7.3
31347,CR384059.1,CR384059.1
31348,si:ch211-194m7.4,sich211194m7.4
31349,si:ch211-147m6.2,sich211147m6.2
31350,si:ch211-147m6.3,sich211147m6.3
31351,AL772241.2,AL772241.2
31352,AL772241.1,AL772241.1
31353,si:ch211-194m7.8,sich211194m7.8
31354,si:ch211-194m7.5,sich211194m7.5
31355,ndrg4,ndrg4
31356,gins3,gins3
31357,znrf1,znrf1
31358,ldhd,ldhd
31359,snrkb,snrkb
31360,ano10b,ano10b
31361,fa2h,fa2h
31362,si:ch211-172l8.4,sich211172l8.4
31363,CR381560.1,CR381560.1
31364,csnk2a2b,csnk2a2b
31365,ccdc113,ccdc113
31366,znf319b,znf319b
31367,usb1,usb1
31368,pla2g15,pla2g15
31369,lcat,lcat
31370,ccdc135,ccdc135
31371,ckap5,ckap5
31372,C25H11orf49,C25H11orf49
31373,mapk8ip1a,mapk8ip1a
31374,cry2,cry2
31375,chst1,chst1
31376,zgc:101566,zgc101566
31377,actc1c,actc1c
31378,guca1g,guca1g
31379,CR382374.1,CR382374.1
31380,shank2b,shank2b
31381,BX005373.1,BX005373.1
31382,polr2c,polr2c
31383,coq9,coq9
31384,ciapin1,ciapin1
31385,prmt7,prmt7
31386,exoc3l1,exoc3l1
31387,AL929309.1,AL929309.1
31388,dbx1b,dbx1b
31389,nav2b,nav2b
31390,CR388067.1,CR388067.1
31391,mpped2,mpped2
31392,dnajc24,dnajc24
31393,BX004784.1,BX004784.1
31394,pax6a,pax6a
31395,AL929172.1,AL929172.1
31396,AL929172.2,AL929172.2
31397,wt1a,wt1a
31398,CR762411.1,CR762411.1
31399,ccdc73,ccdc73
31400,tcp11l1,tcp11l1
31401,hipk3a,hipk3a
31402,kiaa1549la,kiaa1549la
31403,BX323543.2,BX323543.2
31404,BX323543.4,BX323543.4
31405,si:dkeyp-67e1.6,sidkeyp67e1.6
31406,BX323543.1,BX323543.1
31407,si:dkeyp-67e1.6-1,sidkeyp67e1.6-1
31408,si:dkeyp-67e1.3,sidkeyp67e1.3
31409,si:dkeyp-67e1.2,sidkeyp67e1.2
31410,BX323543.3,BX323543.3
31411,BX323543.5,BX323543.5
31412,spon1b,spon1b
31413,syt9b,syt9b
31414,ppfibp2b,ppfibp2b
31415,sb:cb470,sbcb470
31416,cyb5r2,cyb5r2
31417,CR759887.3,CR759887.3
31418,ovch2,ovch2
31419,far1,far1
31420,dkk3b,dkk3b
31421,si:dkey-80c24.5,sidkey80c24.5
31422,si:dkey-80c24.4,sidkey80c24.4
31423,CR759887.1,CR759887.1
31424,CR759887.4,CR759887.4
31425,CR759887.2,CR759887.2
31426,si:dkey-80c24.1,sidkey80c24.1
31427,mical2b,mical2b
31428,parvaa,parvaa
31429,tead1a,tead1a
31430,si:ch211-266k8.4,sich211266k8.4
31431,CR376785.1,CR376785.1
31432,si:ch211-266k8.6,sich211266k8.6
31433,smc1b,smc1b
31434,cpa4,cpa4
31435,cpa2,cpa2
31436,atp6v1e1a,atp6v1e1a
31437,slc25a18,slc25a18
31438,cecr2,cecr2
31439,ada2a,ada2a
31440,galnt8a.2,galnt8a.2
31441,galnt8a.1,galnt8a.1
31442,BX004976.2,BX004976.2
31443,ribc2,ribc2
31444,galnt8a.1-1,galnt8a.1-1
31445,BX004976.1,BX004976.1
31446,ndufa9a,ndufa9a
31447,dyrk4,dyrk4
31448,C25H12orf4,C25H12orf4
31449,zgc:77158,zgc77158
31450,CR396584.1,CR396584.1
31451,fgf6a,fgf6a
31452,tigara,tigara
31453,ccnd2a,ccnd2a
31454,kdm7ab,kdm7ab
31455,cnot1,cnot1
31456,setd6,setd6
31457,cyp2x6,cyp2x6
31458,cyp2x7,cyp2x7
31459,cyp2x8,cyp2x8
31460,cyp2x9,cyp2x9
31461,e2f4,e2f4
31462,elmo3,elmo3
31463,lrrc29,lrrc29
31464,trim35-40,trim35-40
31465,cngb1b,cngb1b
31466,mmp15a,mmp15a
31467,mmp15a-1,mmp15a-1
31468,vac14,vac14
31469,galnt18a,galnt18a
31470,PYURF,PYURF
31471,si:ch211-176l24.4,sich211176l24.4
31472,pth1a,pth1a
31473,btbd10a,btbd10a
31474,arntl1a,arntl1a
31475,borcs5,borcs5
31476,C25H12orf29,C25H12orf29
31477,cep290,cep290
31478,tmtc3,tmtc3
31479,BX901919.1,BX901919.1
31480,kitlga,kitlga
31481,si:dkey-106n21.1,sidkey106n21.1
31482,dusp6,dusp6
31483,poc1b,poc1b
31484,cep41,cep41
31485,cpa1,cpa1
31486,cpa5,cpa5
31487,tes,tes
31488,cav2,cav2
31489,cav1,cav1
31490,met,met
31491,fam185a,fam185a
31492,si:dkeyp-93a5.2,sidkeyp93a5.2
31493,si:dkeyp-93a5.3,sidkeyp93a5.3
31494,fbxl13,fbxl13
31495,armc10,armc10
31496,CR391963.2,CR391963.2
31497,cax2,cax2
31498,parietopsin,parietopsin
31499,parietopsin-1,parietopsin-1
31500,CR391963.1,CR391963.1
31501,nt5dc3,nt5dc3
31502,C25H12orf73,C25H12orf73
31503,tdg.2,tdg.2
31504,tdg.1,tdg.1
31505,efcab6,efcab6
31506,BX897714.1,BX897714.1
31507,samm50,samm50
31508,cacna2d4b,cacna2d4b
31509,lrtm2b,lrtm2b
31510,isg20,isg20
31511,si:dkeyp-19h3.8,sidkeyp19h3.8
31512,BX294110.1,BX294110.1
31513,rlbp1b,rlbp1b
31514,abhd2b,abhd2b
31515,mfge8b,mfge8b
31516,BX294110.3,BX294110.3
31517,BX294110.2,BX294110.2
31518,hapln3,hapln3
31519,acanb,acanb
31520,ppip5k1b,ppip5k1b
31521,map1ab,map1ab
31522,cart2,cart2
31523,glsl,glsl
31524,zgc:193812,zgc193812
31525,sh3gl3b,sh3gl3b
31526,nedd1,nedd1
31527,lyrm5b,lyrm5b
31528,si:ch211-59o9.10,sich21159o9.10
31529,sycp3,sycp3
31530,actr6,actr6
31531,gtse1,gtse1
31532,atp2b1b,atp2b1b
31533,zgc:171459,zgc171459
31534,zgc:113426,zgc113426
31535,si:dkeyp-110c12.3,sidkeyp110c12.3
31536,mxg,mxg
31537,mxd,mxd
31538,zgc:101783,zgc101783
31539,celsr1b,celsr1b
31540,CU041386.1,CU041386.1
31541,gramd4b,gramd4b
31542,kcna6a,kcna6a
31543,kcna1a,kcna1a
31544,zgc:194665,zgc194665
31545,cnot4a,cnot4a
31546,zgc:136858,zgc136858
31547,tnni4b.1,tnni4b.1
31548,tnni4b.2,tnni4b.2
31549,CR387984.1,CR387984.1
31550,bpgm,bpgm
31551,cald1b,cald1b
31552,tnnt2d,tnnt2d
31553,dnm1l,dnm1l
31554,dnajb9a,dnajb9a
31555,si:dkey-219c3.2,sidkey219c3.2
31556,kctd15a,kctd15a
31557,CHST8,CHST8
31558,CR846093.1,CR846093.1
31559,adal,adal
31560,cplx3a,cplx3a
31561,CR846093.3,CR846093.3
31562,csk,csk
31563,CR846093.2,CR846093.2
31564,edc3,edc3
31565,kxd1,kxd1
31566,ergic2,ergic2
31567,si:ch211-127m7.2,sich211127m7.2
31568,magi2b,magi2b
31569,gnaia,gnaia
31570,chrm2b,chrm2b
31571,fbxl14a,fbxl14a
31572,prr5a,prr5a
31573,rad52,rad52
31574,wnk1a,wnk1a
31575,CR354611.1,CR354611.1
31576,erc1a,erc1a
31577,CR384055.1,CR384055.1
31578,fgl2b,fgl2b
31579,tmem60,tmem60
31580,immp2l,immp2l
31581,lrrn3a,lrrn3a
31582,si:dkey-81e3.2,sidkey81e3.2
31583,DOCK4,DOCK4
31584,znf277,znf277
31585,tmem168b,tmem168b
31586,CR450696.1,CR450696.1
31587,bmt2,bmt2
31588,ppp1r3ab,ppp1r3ab
31589,ahcyl2a,ahcyl2a
31590,ckmt1,ckmt1
31591,fbxo31,fbxo31
31592,dynlrb2,dynlrb2
31593,si:dkey-217l24.1,sidkey217l24.1
31594,sigirr,sigirr
31595,pkp3a,pkp3a
31596,hexa,hexa
31597,AL929050.1,AL929050.1
31598,nr2e3,nr2e3
31599,stoml1,stoml1
31600,cyp11a2,cyp11a2
31601,cyp11a1,cyp11a1
31602,ccdc33,ccdc33
31603,BX001046.1,BX001046.1
31604,CR759863.2,CR759863.2
31605,CR759863.1,CR759863.1
31606,stra6,stra6
31607,islr2,islr2
31608,ush1c,ush1c
31609,abcc8,abcc8
31610,kcnj11,kcnj11
31611,mob2a,mob2a
31612,dusp8a,dusp8a
31613,CR396595.1,CR396595.1
31614,CR396595.3,CR396595.3
31615,CR396595.2,CR396595.2
31616,CR396595.4,CR396595.4
31617,CR354549.6,CR354549.6
31618,CR354549.8,CR354549.8
31619,CR354549.2,CR354549.2
31620,CR354549.4,CR354549.4
31621,CR354549.1,CR354549.1
31622,CR354549.12,CR354549.12
31623,CR354549.9,CR354549.9
31624,CR354549.10,CR354549.10
31625,CR354549.5,CR354549.5
31626,CR354549.3,CR354549.3
31627,CR354549.7,CR354549.7
31628,CR354549.11,CR354549.11
31629,ptprjb.1,ptprjb.1
31630,ptprjb.2,ptprjb.2
31631,osbpl5,osbpl5
31632,CU024870.2,CU024870.2
31633,CU024870.3,CU024870.3
31634,phlda2,phlda2
31635,CU024870.1,CU024870.1
31636,nap1l4a,nap1l4a
31637,cpt1ab,cpt1ab
31638,si:ch211-236l14.4,sich211236l14.4
31639,si:ch211-236l14.1,sich211236l14.1
31640,mrpl23,mrpl23
31641,igf2b,igf2b
31642,AL954320.1,AL954320.1
31643,th,th
31644,si:dkeyp-19e1.3,sidkeyp19e1.3
31645,uevld,uevld
31646,si:dkeyp-19e1.4,sidkeyp19e1.4
31647,si:dkey-11e23.9,sidkey11e23.9
31648,spty2d1,spty2d1
31649,CT573392.1,CT573392.1
31650,tmem86a,tmem86a
31651,b4galnt4a,b4galnt4a
31652,BX649494.1,BX649494.1
31653,CR854832.1,CR854832.1
31654,abtb2b,abtb2b
31655,CR854832.3,CR854832.3
31656,BRSK2,BRSK2
31657,si:ch73-182e20.4,sich73182e20.4
31658,si:dkeyp-93a5.2-1,sidkeyp93a5.2-1
31659,ldha,ldha
31660,tsg101a,tsg101a
31661,ccl35.2,ccl35.2
31662,ccl39a.10,ccl39a.10
31663,BX544877.1,BX544877.1
31664,BX544877.2,BX544877.2
31665,BX323801.1,BX323801.1
31666,BX323801.2,BX323801.2
31667,zgc:123278,zgc123278
31668,hrasa,hrasa
31669,LRRC56,LRRC56
31670,rassf7a,rassf7a
31671,dre-mir-210,dre-mir-210
31672,phrf1,phrf1
31673,irf7,irf7
31674,hic1l,hic1l
31675,tbc1d2b,tbc1d2b
31676,CR936457.1,CR936457.1
31677,cib2,cib2
31678,lrrc61,lrrc61
31679,idh3a,idh3a
31680,CR381664.2,CR381664.2
31681,CR381664.1,CR381664.1
31682,CT033842.1,CT033842.1
31683,acsbg1,acsbg1
31684,BX957333.1,BX957333.1
31685,BX957333.2,BX957333.2
31686,dapk2b,dapk2b
31687,ciartb,ciartb
31688,fbxl22,fbxl22
31689,usp3,usp3
31690,si:dkeyp-73b11.8,sidkeyp73b11.8
31691,CR391977.1,CR391977.1
31692,ca12,ca12
31693,man2c1,man2c1
31694,neil1,neil1
31695,commd4,commd4
31696,sema7a,sema7a
31697,CR376804.1,CR376804.1
31698,dldh,dldh
31699,si:dkey-42p14.3,sidkey42p14.3
31700,si:dkey-42p14.6,sidkey42p14.6
31701,znf800a,znf800a
31702,grm8b,grm8b
31703,CR762471.1,CR762471.1
31704,CR933757.1,CR933757.1
31705,pot1,pot1
31706,gpr37a,gpr37a
31707,spam1,spam1
31708,hyal4,hyal4
31709,hyal6,hyal6
31710,CR354392.1,CR354392.1
31711,si:ch211-91p5.3,sich21191p5.3
31712,zgc:153935,zgc153935
31713,wasla,wasla
31714,lmod2a,lmod2a
31715,asb15a,asb15a
31716,iqub,iqub
31717,slc13a1,slc13a1
31718,cadps2,cadps2
31719,BX322610.1,BX322610.1
31720,fezf1,fezf1
31721,aass,aass
31722,CR752641.1,CR752641.1
31723,ptprz1a,ptprz1a
31724,CR388022.1,CR388022.1
31725,CR356235.1,CR356235.1
31726,SLC15A5,SLC15A5
31727,si:dkeyp-67e1.6-2,sidkeyp67e1.6-2
31728,tmem17,tmem17
31729,agbl2,agbl2
31730,fnbp4,fnbp4
31731,lrrc10,lrrc10
31732,cnot2,cnot2
31733,washc4,washc4
31734,slc41a2a,slc41a2a
31735,CR382363.1,CR382363.1
31736,nfybb,nfybb
31737,si:ch211-106e7.2,sich211106e7.2
31738,BX323444.1,BX323444.1
31739,amn1,amn1
31740,etfbkmt,etfbkmt
31741,BX323444.2,BX323444.2
31742,BX323444.3,BX323444.3
31743,arid3b,arid3b
31744,CR376821.1,CR376821.1
31745,cox5aa,cox5aa
31746,rpp25a,rpp25a
31747,parp6b,parp6b
31748,pkmb,pkmb
31749,CR450817.2,CR450817.2
31750,hcn4l,hcn4l
31751,CR450817.1,CR450817.1
31752,nptna,nptna
31753,CU469568.4,CU469568.4
31754,CU469568.1,CU469568.1
31755,ugt5a4,ugt5a4
31756,CU469568.3,CU469568.3
31757,CU469568.2,CU469568.2
31758,ugt5a2,ugt5a2
31759,ugt5a1,ugt5a1
31760,ube2q2,ube2q2
31761,il17rel,il17rel
31762,si:ch211-253p14.2,sich211253p14.2
31763,pim3,pim3
31764,brd1b,brd1b
31765,tafa5b,tafa5b
31766,CR759810.1,CR759810.1
31767,si:ch211-147k10.5,sich211147k10.5
31768,api5,api5
31769,CR376745.1,CR376745.1
31770,dre-mir-129-4,dre-mir-129-4
31771,hsd17b12a,hsd17b12a
31772,alkbh3,alkbh3
31773,ENSDARG00000097208,ENSDARG00000097208
31774,ticrr,ticrr
31775,pdia3,pdia3
31776,ces2b,ces2b
31777,ces2b-1,ces2b-1
31778,pdcd2l,pdcd2l
31779,banp,banp
31780,CR753816.2,CR753816.2
31781,CR753816.1,CR753816.1
31782,CR381618.1,CR381618.1
31783,CR381618.2,CR381618.2
31784,CR381618.3,CR381618.3
31785,dre-mir-135a,dre-mir-135a
31786,kras,kras
31787,rassf8a,rassf8a
31788,FQ976913.1,FQ976913.1
31789,tnni2a.1,tnni2a.1
31790,tnni2a.2,tnni2a.2
31791,tnni2a.3,tnni2a.3
31792,tnni2a.4,tnni2a.4
31793,CU462909.1,CU462909.1
31794,lsp1a,lsp1a
31795,prr33,prr33
31796,tnnt3a,tnnt3a
31797,myod1,myod1
31798,zgc:172145,zgc172145
31799,BX004812.1,BX004812.1
31800,lamb1a,lamb1a
31801,lamb4,lamb4
31802,CU651671.1,CU651671.1
31803,acot19,acot19
31804,ubl7a,ubl7a
31805,scamp5a,scamp5a
31806,parp16,parp16
31807,si:ch73-330k17.3,sich73330k17.3
31808,EIF3J,EIF3J
31809,eif3ja,eif3ja
31810,apba2a,apba2a
31811,duox2,duox2
31812,duox,duox
31813,CR847962.1,CR847962.1
31814,tjp1b,tjp1b
31815,zgc:101540,zgc101540
31816,cep152,cep152
31817,cops2,cops2
31818,galk2,galk2
31819,atp8b4,atp8b4
31820,sqor,sqor
31821,ctdspl2a,ctdspl2a
31822,BX005048.1,BX005048.1
31823,scaper,scaper
31824,isl2a,isl2a
31825,etfa,etfa
31826,tmem266,tmem266
31827,c2cd4a,c2cd4a
31828,CABZ01046980.1,CABZ01046980.1
31829,tln2b,tln2b
31830,dre-mir-190a,dre-mir-190a
31831,tpm1,tpm1
31832,lactb,lactb
31833,CABZ01046954.1,CABZ01046954.1
31834,CABZ01071677.1,CABZ01071677.1
31835,CABZ01071679.1,CABZ01071679.1
31836,roraa,roraa
31837,ice2,ice2
31838,anxa2a,anxa2a
31839,CT573383.1,CT573383.1
31840,foxb1a,foxb1a
31841,bnip2,bnip2
31842,CU914545.1,CU914545.1
31843,gcnt3,gcnt3
31844,OTUD7A,OTUD7A
31845,klf13,klf13
31846,BX323824.1,BX323824.1
31847,trpm1b,trpm1b
31848,megf8-1,megf8-1
31849,rps27l,rps27l
31850,CABZ01080568.1,CABZ01080568.1
31851,nup160,nup160
31852,frs2b,frs2b
31853,wwp2,wwp2
31854,mir140,mir140
31855,adat1,adat1
31856,gabarapl2,gabarapl2
31857,tmem231,tmem231
31858,chst6,chst6
31859,spire2,spire2
31860,sntb2,sntb2
31861,vps4a,vps4a
31862,cdk10,cdk10
31863,si:dkey-108k21.7,sidkey108k21.7
31864,ccdc136b-1,ccdc136b-1
31865,flnca,flnca
31866,zgc:114046,zgc114046
31867,hist1h4l-9,hist1h4l-9
31868,si:dkey-108k21.19,sidkey108k21.19
31869,hist1h2ba,hist1h2ba
31870,si:dkey-108k21.10,sidkey108k21.10
31871,hist2h3c,hist2h3c
31872,si:dkey-108k21.11,sidkey108k21.11
31873,zgc:163040-1,zgc1630401
31874,zgc:112234-9,zgc1122349
31875,si:dkey-108k21.14,sidkey108k21.14
31876,zgc:113983,zgc113983
31877,hist1h2a3,hist1h2a3
31878,hist1h4l-10,hist1h4l-10
31879,zgc:171759-1,zgc1717591
31880,kif15,kif15
31881,zgc:162611,zgc162611
31882,si:dkey-108k21.24,sidkey108k21.24
31883,si:dkey-108k21.21,sidkey108k21.21
31884,zgc:194989,zgc194989
31885,hist1h4l-11,hist1h4l-11
31886,CU302436.1,CU302436.1
31887,hist1h2a10-1,hist1h2a10-1
31888,zgc:171759-2,zgc1717592
31889,hist1h4l-12,hist1h4l-12
31890,FQ312024.1,FQ312024.1
31891,si:ch73-36p18.1,sich7336p18.1
31892,zgc:171759-3,zgc1717593
31893,hist1h4l-13,hist1h4l-13
31894,FP236630.1,FP236630.1
31895,si:dkey-261m9.6,sidkey261m9.6
31896,hist1h2a3-1,hist1h2a3-1
31897,CR762436.2,CR762436.2
31898,zgc:173585,zgc173585
31899,hist1h4l-14,hist1h4l-14
31900,CR762436.1,CR762436.1
31901,si:ch211-113a14.19-2,sich211113a14.19-2
31902,si:dkey-261m9.12,sidkey261m9.12
31903,hist1h4l-15,hist1h4l-15
31904,hist1h2a3-2,hist1h2a3-2
31905,si:dkey-261m9.19,sidkey261m9.19
31906,hist1h4l-16,hist1h4l-16
31907,zgc:173552-3,zgc1735523
31908,hist1h2a5,hist1h2a5
31909,zgc:153405,zgc153405
31910,ano9a,ano9a
31911,ano9a-1,ano9a-1
31912,ano5a,ano5a
31913,slc17a6a,slc17a6a
31914,fancf,fancf
31915,gas2a,gas2a
31916,si:ch73-147o17.1,sich73147o17.1
31917,ano3,ano3
31918,slc5a12,slc5a12
31919,fibina,fibina
31920,si:ch211-87j1.4,sich21187j1.4
31921,spi1a,spi1a
31922,clpxb,clpxb
31923,FP102071.1,FP102071.1
31924,lrrk2,lrrk2
31925,slc2a13b,slc2a13b
31926,kif21a,kif21a
31927,cpne8,cpne8
31928,BX957352.1,BX957352.1
31929,lsm14aa,lsm14aa
31930,gpia,gpia
31931,hsd17b2,hsd17b2
31932,mphosph6,mphosph6
31933,snx20,snx20
31934,sall1b,sall1b
31935,rbl2,rbl2
31936,rpgrip1l,rpgrip1l
31937,CU302251.1,CU302251.1
31938,CABZ01089081.1,CABZ01089081.1
31939,irx5b,irx5b
31940,amfra,amfra
31941,nfatc3b,nfatc3b
31942,dus2,dus2
31943,slc7a10b,slc7a10b
31944,CR354435.3,CR354435.3
31945,faap24,faap24
31946,bmb,bmb
31947,hist1h4l-17,hist1h4l-17
31948,hist1h2a3-3,hist1h2a3-3
31949,CR354435.2,CR354435.2
31950,hist1h4l-18,hist1h4l-18
31951,si:ch211-113a14.11,sich211113a14.11
31952,hist1h4l-19,hist1h4l-19
31953,si:ch211-113a14.12,sich211113a14.12
31954,hist1h2a4,hist1h2a4
31955,H3C10,H3C10
31956,hist1h4l-20,hist1h4l-20
31957,zgc:171759-4,zgc1717594
31958,hist1h2a1,hist1h2a1
31959,hist1h4l-21,hist1h4l-21
31960,si:ch211-113a14.18,sich211113a14.18
31961,si:ch211-113a14.19-3,sich211113a14.19-3
31962,zgc:173552-4,zgc1735524
31963,hist1h4l-22,hist1h4l-22
31964,si:ch211-113a14.22-1,sich211113a14.22-1
31965,hist1h2a3-4,hist1h2a3-4
31966,H3C3,H3C3
31967,si:ch211-113a14.22-2,sich211113a14.22-2
31968,hist1h4l-23,hist1h4l-23
31969,zgc:173552-5,zgc1735525
31970,si:ch211-113a14.19-4,sich211113a14.19-4
31971,si:ch211-113a14.24,sich211113a14.24
31972,CR354435.1,CR354435.1
31973,ankrd27,ankrd27
31974,FO904923.1,FO904923.1
31975,irx3b,irx3b
31976,CABZ01088576.1,CABZ01088576.1
31977,mafb,mafb
31978,CU914144.1,CU914144.1
31979,CU929365.2,CU929365.2
31980,CU929365.1,CU929365.1
31981,wwox,wwox
31982,hprt1l,hprt1l
31983,nfat5a,nfat5a
31984,si:ch1073-174d20.1,sich1073174d20.1
31985,si:ch1073-174d20.2,sich1073174d20.2
31986,FP312612.1,FP312612.1
31987,tdrd12,tdrd12
31988,urahb,urahb
31989,si:dkey-234i14.2,sidkey234i14.2
31990,si:dkey-234i14.3,sidkey234i14.3
31991,glg1a,glg1a
31992,rfwd3,rfwd3
31993,si:dkey-234i14.6,sidkey234i14.6
31994,nudt7,nudt7
31995,tmed6,tmed6
31996,igl4v8,igl4v8
31997,si:dkey-234i14.12,sidkey234i14.12
31998,CU207301.2,CU207301.2
31999,si:dkey-234i14.13-1,sidkey234i14.13-1
32000,si:dkey-234i14.14,sidkey234i14.14
32001,si:dkey-234i14.15,sidkey234i14.15
32002,CU207301.1,CU207301.1
32003,igl4v8-1,igl4v8-1
32004,igl4v9,igl4v9
32005,igl4v10,igl4v10
32006,ldlrad3,ldlrad3
32007,CU207301.3,CU207301.3
32008,trim44,trim44
32009,pamr1,pamr1
32010,slc1a2b,slc1a2b
32011,cd44b,cd44b
32012,pdhx,pdhx
32013,chmp1a,chmp1a
32014,slc10a3,slc10a3
32015,FO834799.1,FO834799.1
32016,ZNF276,ZNF276
32017,FO834799.2,FO834799.2
32018,CABZ01095001.1,CABZ01095001.1
32019,psma1,psma1
32020,CABZ01088346.1,CABZ01088346.1
32021,NC-002333.23,NC-002333.23
32022,NC-002333.17,NC-002333.17
32023,NC-002333.10,NC-002333.10
32024,NC-002333.4,NC-002333.4
32025,NC-002333.19,NC-002333.19
32026,mt-nd1,mt-nd1
32027,NC-002333.20,NC-002333.20
32028,NC-002333.6,NC-002333.6
32029,NC-002333.14,NC-002333.14
32030,mt-nd2,mt-nd2
32031,NC-002333.7,NC-002333.7
32032,NC-002333.5,NC-002333.5
32033,NC-002333.13,NC-002333.13
32034,NC-002333.18,NC-002333.18
32035,NC-002333.1,NC-002333.1
32036,mt-co1,mt-co1
32037,NC-002333.9,NC-002333.9
32038,NC-002333.24,NC-002333.24
32039,mt-co2,mt-co2
32040,NC-002333.2,NC-002333.2
32041,mt-atp8,mt-atp8
32042,mt-atp6,mt-atp6
32043,mt-co3,mt-co3
32044,NC-002333.12,NC-002333.12
32045,mt-nd3,mt-nd3
32046,NC-002333.3,NC-002333.3
32047,mt-nd4l,mt-nd4l
32048,mt-nd4,mt-nd4
32049,NC-002333.16,NC-002333.16
32050,NC-002333.15,NC-002333.15
32051,NC-002333.8,NC-002333.8
32052,mt-nd5,mt-nd5
32053,mt-nd6,mt-nd6
32054,NC-002333.21,NC-002333.21
32055,mt-cyb,mt-cyb
32056,NC-002333.22,NC-002333.22
32057,NC-002333.11,NC-002333.11
32058,dTomato,dTomato
32059,mCerulean,mCerulean
32060,EYFP,EYFP
