orig_gene,proc_gene
a1cf,a1cf
a2ml,a2ml
aaas,aaas
aacs,aacs
aadac,aadac
aadacl4,aadacl4
aadat,aadat
aagab,aagab
aak1a,aak1a
aak1b,aak1b
aamdc,aamdc
aamp,aamp
aanat1,aanat1
aar2,aar2
aars,aars
aars2,aars2
aarsd1,aarsd1
aasdh,aasdh
aasdhppt,aasdhppt
aass,aass
aatf,aatf
aatka,aatka
aatkb,aatkb
abat,abat
abca12,abca12
abca1a,abca1a
abca1b,abca1b
abca2,abca2
abca3b,abca3b
abca4b,abca4b
abca5,abca5
abcb10,abcb10
abcb11a,abcb11a
abcb11b,abcb11b
abcb4,abcb4
abcb5,abcb5
abcb6a,abcb6a
abcb6b,abcb6b
abcb7,abcb7
abcb8,abcb8
abcb9,abcb9
abcc1,abcc1
abcc10,abcc10
abcc12,abcc12
abcc13,abcc13
abcc2,abcc2
abcc3,abcc3
abcc4,abcc4
abcc5,abcc5
abcc6a,abcc6a
abcc6b.2,abcc6b.2
abcc8,abcc8
abcc8b,abcc8b
abcc9,abcc9
abcd1,abcd1
abcd2,abcd2
abcd3a,abcd3a
abcd3b,abcd3b
abcd4,abcd4
abce1,abce1
abcf1,abcf1
abcf2a,abcf2a
abcf2b,abcf2b
abcf3,abcf3
abcg1,abcg1
abcg2a,abcg2a
abcg2b,abcg2b
abcg2c,abcg2c
abcg4a,abcg4a
abcg4b,abcg4b
abcg5,abcg5
abcg8,abcg8
abch1,abch1
abhd10a,abhd10a
abhd10b,abhd10b
abhd11,abhd11
abhd12,abhd12
abhd13,abhd13
abhd14a,abhd14a
abhd14b,abhd14b
abhd15a,abhd15a
abhd16a,abhd16a
abhd17aa,abhd17aa
abhd17ab,abhd17ab
abhd17b,abhd17b
abhd17c,abhd17c
abhd18,abhd18
abhd2a,abhd2a
abhd2b,abhd2b
abhd3,abhd3
abhd4,abhd4
abhd6b,abhd6b
abhd8a,abhd8a
abhd8b,abhd8b
abi1a,abi1a
abi1b,abi1b
abi2a,abi2a
abi2b,abi2b
abi3a,abi3a
abi3b,abi3b
abi3bpb,abi3bpb
abl1,abl1
abl2,abl2
ablim1a,ablim1a
ablim1b,ablim1b
ablim2,ablim2
ablim3,ablim3
abo,abo
abr,abr
abraa,abraa
abrab,abrab
abracl,abracl
abraxas1,abraxas1
abraxas2,abraxas2
abt1,abt1
abtb1,abtb1
abtb2a,abtb2a
abtb2b,abtb2b
acaa1,acaa1
acaa2,acaa2
acaca,acaca
acacb,acacb
acad11,acad11
acad8,acad8
acad9,acad9
acadl,acadl
acadm,acadm
acads,acads
acadsb,acadsb
acadvl,acadvl
acana,acana
acanb,acanb
acap1,acap1
acap2,acap2
acap3a,acap3a
acap3b,acap3b
acat1,acat1
acat2,acat2
acbd3,acbd3
acbd4,acbd4
acbd5a,acbd5a
acbd5b,acbd5b
acbd6,acbd6
acbd7,acbd7
accs,accs
acd,acd
ace2,ace2
acer1,acer1
acer2,acer2
acer3,acer3
ache,ache
acin1a,acin1a
acin1b,acin1b
ACKR2,ACKR2
ackr3a,ackr3a
ackr3b,ackr3b
ackr4a,ackr4a
ackr4b,ackr4b
aclya,aclya
aclyb,aclyb
acmsd,acmsd
aco1,aco1
aco2,aco2
acot11a,acot11a
acot11b,acot11b
ACOT12,ACOT12
acot13,acot13
acot14,acot14
acot15,acot15
acot16,acot16
acot17,acot17
acot18,acot18
acot19,acot19
acot20,acot20
acot21,acot21
acot7,acot7
acot8,acot8
acot9.1,acot9.1
acot9.2,acot9.2
acox1,acox1
acox3,acox3
acoxl,acoxl
acp1,acp1
acp2,acp2
acp5a,acp5a
acp5b,acp5b
acp6,acp6
acp7,acp7
acsbg1,acsbg1
acsbg2,acsbg2
acsf2,acsf2
ACSF3,ACSF3
acsl1a,acsl1a
acsl1b,acsl1b
acsl2,acsl2
acsl3a,acsl3a
acsl3b,acsl3b
acsl4a,acsl4a
acsl4b,acsl4b
acsl5,acsl5
acsm3,acsm3
acss1,acss1
acss2,acss2
acss2l,acss2l
acss3,acss3
acta1a,acta1a
acta1b,acta1b
acta2,acta2
actb1,actb1
actb2,actb2
actc1b,actc1b
actc1c,actc1c
actl6a,actl6a
actl6b,actl6b
actn1,actn1
actn2a,actn2a
actn2b,actn2b
actn3a,actn3a
actn3b,actn3b
actn4,actn4
actr1,actr1
actr10,actr10
actr2a,actr2a
actr2b,actr2b
actr3,actr3
actr3b,actr3b
actr5,actr5
actr6,actr6
actr8,actr8
acvr1ba,acvr1ba
acvr1bb,acvr1bb
ACVR1C,ACVR1C
acvr1l,acvr1l
acvr2aa,acvr2aa
acvr2ab,acvr2ab
acvr2ba,acvr2ba
acvr2bb,acvr2bb
acvrl1,acvrl1
acy1,acy1
acy3.1,acy3.1
acy3.2,acy3.2
acyp1,acyp1
acyp2,acyp2
ada,ada
ada2a,ada2a
ada2b,ada2b
adad1,adad1
adad2,adad2
adal,adal
adam10a,adam10a
adam10b,adam10b
adam11,adam11
adam12,adam12
adam15,adam15
adam17a,adam17a
adam17b,adam17b
adam19a,adam19a
adam19b,adam19b
adam22,adam22
adam23a,adam23a
adam28,adam28
adam8a,adam8a
adam8b,adam8b
adam9,adam9
adamts1,adamts1
adamts10,adamts10
adamts12,adamts12
adamts13,adamts13
adamts14,adamts14
adamts15a,adamts15a
adamts16,adamts16
adamts17,adamts17
adamts18,adamts18
adamts2,adamts2
adamts3,adamts3
adamts5,adamts5
adamts6,adamts6
ADAMTS7,ADAMTS7
adamts8a,adamts8a
adamts9,adamts9
adamtsl2,adamtsl2
adamtsl3,adamtsl3
adamtsl5,adamtsl5
adamtsl7,adamtsl7
adap2,adap2
adar,adar
adarb1a,adarb1a
adarb1b,adarb1b
adat1,adat1
adat2,adat2
adat3,adat3
adck1,adck1
adck2,adck2
adck5,adck5
adcy1a,adcy1a
adcy1b,adcy1b
adcy2a,adcy2a
adcy2b,adcy2b
adcy3a,adcy3a
adcy3b,adcy3b
adcy5,adcy5
adcy6a,adcy6a
adcy6b,adcy6b
adcy7,adcy7
adcy8,adcy8
adcy9,adcy9
adcyap1a,adcyap1a
adcyap1b,adcyap1b
add1,add1
add2,add2
add3a,add3a
add3b,add3b
adgb,adgb
adgra2,adgra2
adgra3,adgra3
adgrb1a,adgrb1a
adgrb1b,adgrb1b
adgrb2,adgrb2
adgrb3,adgrb3
adgrd1,adgrd1
adgrd2,adgrd2
adgre10,adgre10
adgre13,adgre13
adgre14,adgre14
adgre17,adgre17
adgre5b.2,adgre5b.2
adgre5b.3,adgre5b.3
adgre8,adgre8
adgre9,adgre9
adgrf11,adgrf11
adgrf3a,adgrf3a
adgrf3b,adgrf3b
adgrf6,adgrf6
adgrf7,adgrf7
adgrf8,adgrf8
adgrg1,adgrg1
adgrg11,adgrg11
adgrg2a,adgrg2a
adgrg3,adgrg3
adgrg4a,adgrg4a
adgrg4b,adgrg4b
adgrg6,adgrg6
adgrg7.1,adgrg7.1
adgrg7.2,adgrg7.2
adgrl1.1,adgrl1.1
adgrl1a,adgrl1a
adgrl2a,adgrl2a
ADGRL3,ADGRL3
adgrl3.1,adgrl3.1
adgrl4,adgrl4
adgrv1,adgrv1
adh5,adh5
adh8a,adh8a
adh8b,adh8b
adhfe1,adhfe1
adi1,adi1
adipoqa,adipoqa
adipor1a,adipor1a
adipor1b,adipor1b
adipor2,adipor2
adka,adka
adkb,adkb
adm2b,adm2b
adma,adma
admb,admb
admp,admp
adnp2a,adnp2a
adnp2b,adnp2b
adnpa,adnpa
adnpb,adnpb
adoa,adoa
adob,adob
adora1a,adora1a
adora1b,adora1b
adora2aa,adora2aa
adora2ab,adora2ab
adora2b,adora2b
adpgk,adpgk
adpgk2,adpgk2
adprh,adprh
adprhl1,adprhl1
adprhl2,adprhl2
adprm,adprm
adra1ab,adra1ab
adra1ba,adra1ba
adra1bb,adra1bb
adra1d,adra1d
adra2a,adra2a
adra2b,adra2b
adra2c,adra2c
adra2da,adra2da
adrb1,adrb1
adrb2a,adrb2a
adrb2b,adrb2b
adrb3a,adrb3a
adrb3b,adrb3b
adrm1,adrm1
adsl,adsl
adss,adss
adssl,adssl
adssl1,adssl1
adtrp1,adtrp1
aebp1,aebp1
aebp2,aebp2
aep1,aep1
aes,aes
afap1,afap1
afap1l1a,afap1l1a
afap1l1b,afap1l1b
afap1l2,afap1l2
afdna,afdna
aff1,aff1
aff2,aff2
aff3,aff3
aff4,aff4
afg1la,afg1la
afg1lb,afg1lb
afg3l2,afg3l2
afmid,afmid
afp4,afp4
aftpha,aftpha
aftphb,aftphb
aga,aga
agap1,agap1
agap2,agap2
agap3,agap3
AGBL1,AGBL1
agbl2,agbl2
agbl4,agbl4
agbl5,agbl5
agfg1a,agfg1a
agfg1b,agfg1b
aggf1,aggf1
agk,agk
agla,agla
aglb,aglb
agmat,agmat
agmo,agmo
ago1,ago1
ago2,ago2
ago3a,ago3a
ago3b,ago3b
ago4,ago4
agpat2,agpat2
agpat3,agpat3
agpat4,agpat4
agpat5,agpat5
agpat9l,agpat9l
agps,agps
agr1,agr1
agr2,agr2
agrn,agrn
agrp,agrp
agt,agt
agtpbp1,agtpbp1
agtr1b,agtr1b
agtr2,agtr2
agtrap,agtrap
agxt2,agxt2
agxta,agxta
agxtb,agxtb
ahctf1,ahctf1
ahcy,ahcy
ahcyl1,ahcyl1
ahcyl2,ahcyl2
ahdc1,ahdc1
ahi1,ahi1
ahnak,ahnak
ahr1a,ahr1a
ahr1b,ahr1b
ahr2,ahr2
ahrra,ahrra
ahrrb,ahrrb
ahsa1a,ahsa1a
ahsa1b,ahsa1b
ahsg2,ahsg2
aicda,aicda
aida,aida
aif1l,aif1l
aifm1,aifm1
aifm2,aifm2
aifm3,aifm3
aifm4,aifm4
aifm5,aifm5
aig1,aig1
aimp1,aimp1
aimp2,aimp2
aip,aip
aipl1,aipl1
aipl2,aipl2
aire,aire
ajap1,ajap1
ajuba,ajuba
ak1,ak1
ak2,ak2
ak3,ak3
ak4,ak4
ak5,ak5
ak5l,ak5l
AK6,AK6
ak7a,ak7a
ak7b,ak7b
ak8,ak8
akap10,akap10
akap11,akap11
akap12a,akap12a
akap12b,akap12b
akap17a,akap17a
akap1a,akap1a
akap1b,akap1b
akap6,akap6
akap7,akap7
akap8l,akap8l
akap9,akap9
akip1,akip1
akirin1,akirin1
akirin2,akirin2
akna,akna
aknad1,aknad1
akr1a1b,akr1a1b
akr1b1,akr1b1
akr7a3,akr7a3
akt1,akt1
akt1s1,akt1s1
akt2,akt2
akt2l,akt2l
akt3a,akt3a
akt3b,akt3b
aktip,aktip
AL590134.1,AL590134.1
AL590146.1,AL590146.1
AL590150.1,AL590150.1
AL590151.1,AL590151.1
AL590151.2,AL590151.2
AL627126.1,AL627126.1
AL627258.1,AL627258.1
AL627305.1,AL627305.1
AL627305.3,AL627305.3
AL645691.1,AL645691.1
AL645691.2,AL645691.2
AL645792.1,AL645792.1
AL645792.2,AL645792.2
AL732488.1,AL732488.1
AL732515.1,AL732515.1
AL772146.2,AL772146.2
AL772219.1,AL772219.1
AL772241.2,AL772241.2
AL772300.1,AL772300.1
AL772314.1,AL772314.1
AL772362.1,AL772362.1
AL772373.1,AL772373.1
AL772382.1,AL772382.1
AL773558.1,AL773558.1
AL805905.1,AL805905.1
AL807792.1,AL807792.1
AL808129.1,AL808129.1
AL808129.2,AL808129.2
AL831726.1,AL831726.1
AL831726.3,AL831726.3
AL831745.1,AL831745.1
AL831745.2,AL831745.2
AL831745.3,AL831745.3
AL831768.1,AL831768.1
AL833789.1,AL833789.1
AL840638.1,AL840638.1
AL840638.2,AL840638.2
AL844141.1,AL844141.1
AL844186.1,AL844186.1
AL844192.1,AL844192.1
AL844518.1,AL844518.1
AL845295.1,AL845295.1
AL845295.2,AL845295.2
AL845320.1,AL845320.1
AL845320.2,AL845320.2
AL845324.1,AL845324.1
AL845330.1,AL845330.1
AL845357.1,AL845357.1
AL845365.1,AL845365.1
AL845419.1,AL845419.1
AL845550.1,AL845550.1
AL928650.1,AL928650.1
AL928650.2,AL928650.2
AL928650.3,AL928650.3
AL928650.4,AL928650.4
AL928657.1,AL928657.1
AL928685.1,AL928685.1
AL928685.2,AL928685.2
AL928685.4,AL928685.4
AL928707.2,AL928707.2
AL928707.3,AL928707.3
AL928714.1,AL928714.1
AL928724.1,AL928724.1
AL928808.1,AL928808.1
AL928824.1,AL928824.1
AL928835.1,AL928835.1
AL928854.1,AL928854.1
AL928875.1,AL928875.1
AL928908.2,AL928908.2
AL928908.3,AL928908.3
AL928920.2,AL928920.2
AL928920.3,AL928920.3
AL928920.4,AL928920.4
AL928927.1,AL928927.1
AL928951.1,AL928951.1
AL929009.1,AL929009.1
AL929009.2,AL929009.2
AL929017.2,AL929017.2
AL929028.1,AL929028.1
AL929032.1,AL929032.1
AL929048.1,AL929048.1
AL929105.1,AL929105.1
AL929114.1,AL929114.1
AL929171.1,AL929171.1
AL929182.1,AL929182.1
AL929192.1,AL929192.1
AL929210.1,AL929210.1
AL929210.2,AL929210.2
AL929216.1,AL929216.1
AL929217.1,AL929217.1
AL929220.1,AL929220.1
AL929222.1,AL929222.1
AL929222.2,AL929222.2
AL929237.1,AL929237.1
AL929237.3,AL929237.3
AL929243.1,AL929243.1
AL929266.1,AL929266.1
AL929276.1,AL929276.1
AL929304.1,AL929304.1
AL929307.1,AL929307.1
AL929309.1,AL929309.1
AL929315.1,AL929315.1
AL929378.1,AL929378.1
AL929396.1,AL929396.1
AL929435.1,AL929435.1
AL929453.1,AL929453.1
AL929457.1,AL929457.1
AL929493.1,AL929493.1
AL929523.1,AL929523.1
AL929536.3,AL929536.3
AL929536.5,AL929536.5
AL929536.6,AL929536.6
AL929576.1,AL929576.1
AL929586.1,AL929586.1
AL935044.1,AL935044.1
AL935044.2,AL935044.2
AL935044.3,AL935044.3
AL935044.4,AL935044.4
AL935065.1,AL935065.1
AL935115.1,AL935115.1
AL935117.1,AL935117.1
AL935126.1,AL935126.1
AL935126.2,AL935126.2
AL935144.1,AL935144.1
AL935145.2,AL935145.2
AL935153.1,AL935153.1
AL935166.1,AL935166.1
AL935174.2,AL935174.2
AL935174.5,AL935174.5
AL935183.1,AL935183.1
AL935184.2,AL935184.2
AL935186.1,AL935186.1
AL935186.2,AL935186.2
AL935186.6,AL935186.6
AL935198.2,AL935198.2
AL935199.1,AL935199.1
AL935292.1,AL935292.1
AL935294.2,AL935294.2
AL935295.1,AL935295.1
AL935295.2,AL935295.2
AL935300.2,AL935300.2
AL935300.3,AL935300.3
AL935334.1,AL935334.1
AL953841.2,AL953841.2
AL953866.1,AL953866.1
AL953875.1,AL953875.1
AL953886.1,AL953886.1
AL953886.2,AL953886.2
AL953896.1,AL953896.1
AL953907.1,AL953907.1
AL953907.2,AL953907.2
AL953910.1,AL953910.1
AL954129.1,AL954129.1
AL954134.1,AL954134.1
AL954134.2,AL954134.2
AL954138.1,AL954138.1
AL954142.1,AL954142.1
AL954142.2,AL954142.2
AL954142.3,AL954142.3
AL954145.2,AL954145.2
AL954146.1,AL954146.1
AL954149.1,AL954149.1
AL954191.1,AL954191.1
AL954317.1,AL954317.1
AL954322.2,AL954322.2
AL954322.3,AL954322.3
AL954327.1,AL954327.1
AL954666.1,AL954666.1
AL954669.1,AL954669.1
AL954672.1,AL954672.1
AL954694.1,AL954694.1
AL954694.2,AL954694.2
AL954695.2,AL954695.2
AL954695.3,AL954695.3
AL954696.1,AL954696.1
AL954696.2,AL954696.2
AL954698.1,AL954698.1
AL954698.2,AL954698.2
AL954703.1,AL954703.1
AL954741.1,AL954741.1
AL954741.2,AL954741.2
AL954831.1,AL954831.1
AL954832.1,AL954832.1
AL954861.1,AL954861.1
AL954861.2,AL954861.2
alad,alad
alas1,alas1
alas2,alas2
alcama,alcama
alcamb,alcamb
aldh16a1,aldh16a1
aldh18a1,aldh18a1
aldh1a2,aldh1a2
aldh1a3,aldh1a3
aldh1l1,aldh1l1
aldh1l2,aldh1l2
aldh2.1,aldh2.1
aldh2.2,aldh2.2
aldh3a1,aldh3a1
aldh3a2a,aldh3a2a
aldh3a2b,aldh3a2b
aldh3b1,aldh3b1
aldh3b2,aldh3b2
aldh4a1,aldh4a1
aldh5a1,aldh5a1
aldh6a1,aldh6a1
aldh7a1,aldh7a1
aldh8a1,aldh8a1
aldh9a1a.1,aldh9a1a.1
aldh9a1a.2,aldh9a1a.2
aldh9a1b,aldh9a1b
aldoaa,aldoaa
aldoab,aldoab
aldob,aldob
aldoca,aldoca
aldocb,aldocb
alg1,alg1
alg10,alg10
alg11,alg11
alg12,alg12
alg13,alg13
alg14,alg14
alg2,alg2
alg3,alg3
alg5,alg5
alg6,alg6
alg8,alg8
alg9,alg9
alk,alk
alkal1,alkal1
alkal2a,alkal2a
alkal2b,alkal2b
alkbh1,alkbh1
alkbh2,alkbh2
alkbh3,alkbh3
alkbh4,alkbh4
alkbh5,alkbh5
alkbh6,alkbh6
alkbh7,alkbh7
alkbh8,alkbh8
allc,allc
alms1,alms1
alox12,alox12
alox5a,alox5a
alox5ap,alox5ap
alox5b.1,alox5b.1
alox5b.2,alox5b.2
alox5b.3,alox5b.3
ALOXE3,ALOXE3
alp3,alp3
alpi.1,alpi.1
alpk2,alpk2
alpk3a,alpk3a
alpk3b,alpk3b
alpl,alpl
als2a,als2a
als2b,als2b
alx1,alx1
alx4a,alx4a
alx4b,alx4b
alyref,alyref
amacr,amacr
ambp,ambp
ambra1a,ambra1a
ambra1b,ambra1b
amd1,amd1
amdhd2,amdhd2
amer1,amer1
amer2,amer2
amfra,amfra
amfrb,amfrb
amh,amh
amigo1,amigo1
amigo3,amigo3
ammecr1,ammecr1
amn,amn
amn1,amn1
amot,amot
amotl2a,amotl2a
amotl2b,amotl2b
ampd1,ampd1
ampd2a,ampd2a
ampd2b,ampd2b
ampd3a,ampd3a
ampd3b,ampd3b
amph,amph
amt,amt
amy2a,amy2a
anapc1,anapc1
anapc10,anapc10
anapc11,anapc11
anapc13,anapc13
anapc15,anapc15
anapc16,anapc16
anapc2,anapc2
anapc4,anapc4
anapc5,anapc5
anapc7,anapc7
and1,and1
and2,and2
and3,and3
angel1,angel1
angel2,angel2
angpt1,angpt1
angpt2a,angpt2a
angpt2b,angpt2b
angpt4,angpt4
angptl1a,angptl1a
angptl1b,angptl1b
angptl2a,angptl2a
angptl2b,angptl2b
angptl3,angptl3
angptl4,angptl4
angptl5,angptl5
angptl6,angptl6
angptl7,angptl7
ank1a,ank1a
ank1b,ank1b
ank2a,ank2a
ank2b,ank2b
ank3a,ank3a
ank3b,ank3b
ankar,ankar
ankdd1a,ankdd1a
ankdd1b,ankdd1b
ankef1a,ankef1a
ankef1b,ankef1b
ANKFN1,ANKFN1
ankfy1,ankfy1
ankha,ankha
ankhb,ankhb
ankhd1,ankhd1
ankib1a,ankib1a
ankib1b,ankib1b
ankk1,ankk1
ankle2,ankle2
ankmy1,ankmy1
ankmy2a,ankmy2a
ankmy2b,ankmy2b
ankra2,ankra2
ankrd10a,ankrd10a
ankrd10b,ankrd10b
ankrd11,ankrd11
ankrd12,ankrd12
ankrd13a,ankrd13a
ankrd13b,ankrd13b
ankrd13c,ankrd13c
ankrd13d,ankrd13d
ankrd16,ankrd16
ankrd1a,ankrd1a
ankrd1b,ankrd1b
ankrd22,ankrd22
ankrd24,ankrd24
ankrd28b,ankrd28b
ankrd29,ankrd29
ankrd31,ankrd31
ankrd33aa,ankrd33aa
ankrd33ab,ankrd33ab
ankrd33ba,ankrd33ba
ankrd33bb,ankrd33bb
ankrd34a,ankrd34a
ankrd34bb,ankrd34bb
ankrd37,ankrd37
ankrd39,ankrd39
ankrd40,ankrd40
ankrd44,ankrd44
ankrd45,ankrd45
ankrd46a,ankrd46a
ankrd46b,ankrd46b
ankrd49,ankrd49
ANKRD50,ANKRD50
ankrd50l,ankrd50l
ankrd52a,ankrd52a
ankrd52b,ankrd52b
ankrd54,ankrd54
ankrd55,ankrd55
ankrd63,ankrd63
ANKRD66,ANKRD66
ankrd6a,ankrd6a
ankrd6b,ankrd6b
ankrd9,ankrd9
anks1aa,anks1aa
anks1ab,anks1ab
anks1b,anks1b
anks3,anks3
anks6,anks6
ankzf1,ankzf1
anln,anln
ano1,ano1
ano10a,ano10a
ano10b,ano10b
ano11,ano11
ano2,ano2
ano3,ano3
ano5a,ano5a
ano5b,ano5b
ano6,ano6
ANO7,ANO7
ano8a,ano8a
ano8b,ano8b
ano9b,ano9b
anos1a,anos1a
anos1b,anos1b
anp32a,anp32a
anp32b,anp32b
anp32e,anp32e
ANPEP,ANPEP
anpepa,anpepa
anpepb,anpepb
antxr1a,antxr1a
antxr1b,antxr1b
antxr1c,antxr1c
antxr1d,antxr1d
antxr2a,antxr2a
ANXA1,ANXA1
anxa11a,anxa11a
anxa11b,anxa11b
anxa13,anxa13
anxa13l,anxa13l
anxa1a,anxa1a
anxa1b,anxa1b
anxa1c,anxa1c
anxa2a,anxa2a
anxa2b,anxa2b
anxa3a,anxa3a
anxa3b,anxa3b
anxa4,anxa4
anxa5a,anxa5a
anxa5b,anxa5b
anxa6,anxa6
aoc2,aoc2
aox5,aox5
aox6,aox6
ap1ar,ap1ar
ap1b1,ap1b1
ap1g1,ap1g1
ap1g2,ap1g2
ap1m2,ap1m2
ap1m3,ap1m3
ap1s1,ap1s1
ap1s2,ap1s2
ap1s3a,ap1s3a
ap1s3b,ap1s3b
ap2a1,ap2a1
ap2b1,ap2b1
ap2m1a,ap2m1a
ap2m1b,ap2m1b
ap2s1,ap2s1
AP3B2,AP3B2
ap3d1,ap3d1
ap3m1,ap3m1
ap3m2,ap3m2
ap3s2,ap3s2
ap4b1,ap4b1
ap4e1,ap4e1
ap4m1,ap4m1
ap4s1,ap4s1
ap5b1,ap5b1
ap5m1,ap5m1
ap5s1,ap5s1
ap5z1,ap5z1
apaf1,apaf1
apba1a,apba1a
apba1b,apba1b
apba2a,apba2a
apba2b,apba2b
APBA3,APBA3
apbb1,apbb1
apbb1ip,apbb1ip
apbb2b,apbb2b
apbb3,apbb3
apc,apc
apc2,apc2
apcdd1l,apcdd1l
apeh,apeh
apela,apela
apex1,apex1
apex2,apex2
aph1b,aph1b
api5,api5
apip,apip
apln,apln
aplnr2,aplnr2
aplnra,aplnra
aplnrb,aplnrb
aplp1,aplp1
aplp2,aplp2
apmap,apmap
apnl,apnl
apoa1a,apoa1a
apoa1b,apoa1b
apoa2,apoa2
apoa4a,apoa4a
apoa4b.1,apoa4b.1
apoa4b.2,apoa4b.2
apoba,apoba
apobb.1,apobb.1
apobb.2,apobb.2
apobec2a,apobec2a
apobec2b,apobec2b
apoc1,apoc1
apoc2,apoc2
apoda.1,apoda.1
apoda.2,apoda.2
apodb,apodb
apoea,apoea
apoeb,apoeb
apof,apof
apol1,apol1
apom,apom
apooa,apooa
apoob,apoob
apool,apool
apopt1,apopt1
appa,appa
appb,appb
appbp2,appbp2
appl1,appl1
aprt,aprt
aptx,aptx
aqp10a,aqp10a
aqp10b,aqp10b
aqp11,aqp11
aqp12,aqp12
aqp1a.1,aqp1a.1
aqp1a.2,aqp1a.2
aqp3a,aqp3a
aqp4,aqp4
aqp7,aqp7
aqp8a.1,aqp8a.1
aqp8a.2,aqp8a.2
aqp8b,aqp8b
aqp9b,aqp9b
aqr,aqr
ar,ar
araf,araf
arap1,arap1
arap1a,arap1a
arap3,arap3
arcn1a,arcn1a
arcn1b,arcn1b
areg,areg
AREL1,AREL1
arf1,arf1
arf2a,arf2a
arf2b,arf2b
arf3a,arf3a
arf3b,arf3b
arf4a,arf4a
arf4b,arf4b
arf5,arf5
arf6a,arf6a
arf6b,arf6b
arfgap1,arfgap1
arfgap2,arfgap2
arfgap3,arfgap3
arfgef2,arfgef2
arfgef3,arfgef3
arfip1,arfip1
arfip2a,arfip2a
arfip2b,arfip2b
arfrp1,arfrp1
arg1,arg1
arg2,arg2
arglu1a,arglu1a
arglu1b,arglu1b
arhgap1,arhgap1
arhgap11a,arhgap11a
arhgap12a,arhgap12a
arhgap12b,arhgap12b
arhgap15,arhgap15
arhgap17a,arhgap17a
arhgap17b,arhgap17b
arhgap18,arhgap18
arhgap19,arhgap19
arhgap20,arhgap20
arhgap20b,arhgap20b
arhgap21a,arhgap21a
arhgap21b,arhgap21b
arhgap22,arhgap22
arhgap23a,arhgap23a
arhgap23b,arhgap23b
arhgap24,arhgap24
arhgap25,arhgap25
arhgap27,arhgap27
arhgap28,arhgap28
arhgap29a,arhgap29a
arhgap29b,arhgap29b
arhgap31,arhgap31
arhgap32a,arhgap32a
arhgap32b,arhgap32b
arhgap33,arhgap33
arhgap35a,arhgap35a
arhgap35b,arhgap35b
arhgap36,arhgap36
arhgap39,arhgap39
arhgap42a,arhgap42a
arhgap42b,arhgap42b
arhgap44,arhgap44
arhgap4a,arhgap4a
arhgap4b,arhgap4b
arhgap5,arhgap5
ARHGAP6,ARHGAP6
arhgdia,arhgdia
arhgdig,arhgdig
arhgef10,arhgef10
arhgef10lb,arhgef10lb
arhgef11,arhgef11
arhgef12a,arhgef12a
arhgef12b,arhgef12b
arhgef15,arhgef15
arhgef16,arhgef16
ARHGEF17,ARHGEF17
arhgef18a,arhgef18a
arhgef18b,arhgef18b
arhgef19,arhgef19
arhgef1a,arhgef1a
arhgef1b,arhgef1b
arhgef2,arhgef2
arhgef25b,arhgef25b
arhgef28,arhgef28
arhgef3,arhgef3
arhgef33,arhgef33
arhgef37,arhgef37
arhgef38,arhgef38
arhgef39,arhgef39
arhgef3l,arhgef3l
arhgef4,arhgef4
arhgef40,arhgef40
arhgef5,arhgef5
arhgef6,arhgef6
arhgef7a,arhgef7a
arhgef7b,arhgef7b
arhgef9a,arhgef9a
arhgef9b,arhgef9b
arid1aa,arid1aa
arid1ab,arid1ab
arid1b,arid1b
arid2,arid2
arid3a,arid3a
arid3b,arid3b
arid3c,arid3c
arid4a,arid4a
arid5a,arid5a
arid5b,arid5b
arid6,arid6
arih1,arih1
arih1l,arih1l
arih2,arih2
arl1,arl1
arl11,arl11
arl13a,arl13a
arl13b,arl13b
arl14,arl14
arl14ep,arl14ep
arl15a,arl15a
arl15b,arl15b
arl16,arl16
arl2,arl2
arl2bp,arl2bp
arl3,arl3
arl3l1,arl3l1
arl3l2,arl3l2
arl4aa,arl4aa
arl4ab,arl4ab
arl4ca,arl4ca
arl4cb,arl4cb
arl4d,arl4d
arl5a,arl5a
arl5c,arl5c
arl6,arl6
arl6ip1,arl6ip1
arl6ip4,arl6ip4
arl6ip5a,arl6ip5a
arl6ip5b,arl6ip5b
arl6ip6,arl6ip6
arl8,arl8
arl8a,arl8a
arl8ba,arl8ba
arl8bb,arl8bb
arl9,arl9
armc1,armc1
armc10,armc10
armc1l,armc1l
armc2,armc2
armc3,armc3
armc4,armc4
armc5,armc5
ARMC6,ARMC6
armc7,armc7
armc8,armc8
armc9,armc9
armh1,armh1
armh3,armh3
armt1,armt1
arnt,arnt
arnt2,arnt2
arntl1a,arntl1a
arntl1b,arntl1b
arntl2,arntl2
arpc1a,arpc1a
arpc1b,arpc1b
arpc2,arpc2
arpc3,arpc3
arpc4,arpc4
arpc4l,arpc4l
arpc5a,arpc5a
arpc5b,arpc5b
arpc5la,arpc5la
arpc5lb,arpc5lb
arpin,arpin
arpp19a,arpp19a
arpp19b,arpp19b
arpp21,arpp21
arr3a,arr3a
arr3b,arr3b
arrb1,arrb1
arrb2a,arrb2a
arrb2b,arrb2b
arrdc1a,arrdc1a
arrdc1b,arrdc1b
arrdc2,arrdc2
arrdc3a,arrdc3a
arrdc3b,arrdc3b
arsa,arsa
ARSB,ARSB
arsg,arsg
arsh,arsh
arsia,arsia
arsib,arsib
arsj,arsj
arsk,arsk
art4,art4
artnb,artnb
arv1,arv1
arvcfa,arvcfa
arvcfb,arvcfb
arxa,arxa
arxb,arxb
as3mt,as3mt
asah1a,asah1a
asah1b,asah1b
asah2,asah2
asap1a,asap1a
asap1b,asap1b
asap2a,asap2a
asap2b,asap2b
asap3,asap3
asb1,asb1
asb11,asb11
asb12a,asb12a
asb12b,asb12b
asb13a.1,asb13a.1
asb13a.2,asb13a.2
asb13b,asb13b
asb14a,asb14a
asb14b,asb14b
asb15a,asb15a
asb16,asb16
asb18,asb18
asb2a.1,asb2a.1
asb2b,asb2b
asb3,asb3
asb4,asb4
asb5a,asb5a
asb5b,asb5b
asb6,asb6
asb7,asb7
asb8,asb8
ascc1,ascc1
ascc2,ascc2
ascc3,ascc3
ascl1a,ascl1a
ascl1b,ascl1b
asf1ba,asf1ba
asf1bb,asf1bb
ash1l,ash1l
ash2l,ash2l
asic1a,asic1a
asic1c,asic1c
asic2,asic2
asic4a,asic4a
asic4b,asic4b
asip1,asip1
asip2b,asip2b
asl,asl
asmt,asmt
asmt2,asmt2
asmtl,asmtl
asna1,asna1
asns,asns
asnsd1,asnsd1
aspa,aspa
aspdh,aspdh
aspg,aspg
asph,asph
asphd1,asphd1
asphd2,asphd2
aspm,aspm
aspn,aspn
aspscr1,aspscr1
asrgl1,asrgl1
ASS1,ASS1
ASTE1,ASTE1
aste1a,aste1a
astn1,astn1
asxl1,asxl1
asxl2,asxl2
asz1,asz1
atad1a,atad1a
atad1b,atad1b
atad2,atad2
atad2b,atad2b
atad3,atad3
atad5a,atad5a
atad5b,atad5b
atcaya,atcaya
atcayb,atcayb
ATE1,ATE1
atf1,atf1
atf2,atf2
atf3,atf3
atf4a,atf4a
atf4b,atf4b
atf5a,atf5a
atf5b,atf5b
atf6,atf6
atf6b,atf6b
atf7a,atf7a
atf7b,atf7b
atf7ip,atf7ip
atf7ip2,atf7ip2
atg10,atg10
atg101,atg101
atg12,atg12
atg13,atg13
ATG14,ATG14
atg16l1,atg16l1
atg16l2,atg16l2
atg2b,atg2b
atg3,atg3
atg4a,atg4a
atg4b,atg4b
atg4c,atg4c
atg4da,atg4da
atg4db,atg4db
atg5,atg5
atg7,atg7
atg9a,atg9a
atg9b,atg9b
atic,atic
atl1,atl1
atl2,atl2
atl3,atl3
atm,atm
atmin,atmin
atn1,atn1
atoh1a,atoh1a
atoh1b,atoh1b
atoh1c,atoh1c
atoh7,atoh7
atoh8,atoh8
atox1,atox1
atp10a,atp10a
atp10b,atp10b
atp10d,atp10d
atp11a,atp11a
ATP11B,ATP11B
atp11c,atp11c
atp13a1,atp13a1
atp13a2,atp13a2
atp13a3,atp13a3
atp1a1a.1,atp1a1a.1
atp1a1a.2,atp1a1a.2
atp1a1a.3,atp1a1a.3
atp1a1a.4,atp1a1a.4
atp1a1a.5,atp1a1a.5
atp1a1b,atp1a1b
atp1a2a,atp1a2a
atp1a3a,atp1a3a
atp1a3b,atp1a3b
atp1b1a,atp1b1a
atp1b1b,atp1b1b
atp1b2a,atp1b2a
atp1b2b,atp1b2b
atp1b3a,atp1b3a
atp1b3b,atp1b3b
atp1b4,atp1b4
atp23,atp23
atp2a1l,atp2a1l
atp2a2a,atp2a2a
atp2a2b,atp2a2b
atp2a3,atp2a3
atp2b1a,atp2b1a
atp2b1b,atp2b1b
atp2b2,atp2b2
atp2b3a,atp2b3a
atp2b3b,atp2b3b
atp2c1,atp2c1
atp5f1b,atp5f1b
atp5f1c,atp5f1c
atp5f1d,atp5f1d
atp5f1e,atp5f1e
atp5fa1,atp5fa1
atp5if1a,atp5if1a
atp5if1b,atp5if1b
atp5l,atp5l
atp5mc1,atp5mc1
atp5mc3a,atp5mc3a
atp5mc3b,atp5mc3b
atp5md,atp5md
atp5mea,atp5mea
atp5meb,atp5meb
atp5mf,atp5mf
atp5pb,atp5pb
atp5pd,atp5pd
atp5pf,atp5pf
atp5po,atp5po
atp6ap1a,atp6ap1a
atp6ap1b,atp6ap1b
atp6ap1la,atp6ap1la
atp6ap1lb,atp6ap1lb
atp6ap2,atp6ap2
atp6v0a1a,atp6v0a1a
atp6v0a1b,atp6v0a1b
atp6v0a2a,atp6v0a2a
atp6v0a2b,atp6v0a2b
atp6v0b,atp6v0b
atp6v0ca,atp6v0ca
atp6v0cb,atp6v0cb
atp6v0d1,atp6v0d1
atp6v1aa,atp6v1aa
atp6v1ab,atp6v1ab
atp6v1b2,atp6v1b2
atp6v1ba,atp6v1ba
atp6v1c1a,atp6v1c1a
atp6v1c1b,atp6v1c1b
atp6v1c2,atp6v1c2
atp6v1d,atp6v1d
atp6v1e1a,atp6v1e1a
atp6v1e1b,atp6v1e1b
atp6v1g1,atp6v1g1
atp6v1h,atp6v1h
atp7a,atp7a
atp7b,atp7b
atp8a1,atp8a1
atp8a2,atp8a2
atp8b1,atp8b1
atp8b3,atp8b3
atp8b4,atp8b4
atp8b5a,atp8b5a
ATP9A,ATP9A
atp9b,atp9b
atpaf1,atpaf1
atpaf2,atpaf2
atpv0e2,atpv0e2
atraid,atraid
atrip,atrip
atrn,atrn
atrnl1a,atrnl1a
atrnl1b,atrnl1b
atrx,atrx
atrxl,atrxl
atxn10,atxn10
atxn1a,atxn1a
atxn1b,atxn1b
atxn1l,atxn1l
atxn2,atxn2
atxn2l,atxn2l
atxn3,atxn3
atxn7,atxn7
atxn7l1,atxn7l1
atxn7l2a,atxn7l2a
atxn7l2b,atxn7l2b
atxn7l3,atxn7l3
auh,auh
aup1,aup1
aurka,aurka
aurkaip1,aurkaip1
aurkb,aurkb
auts2a,auts2a
auts2b,auts2b
avd,avd
aven,aven
avil,avil
avl9,avl9
avpr1ab,avpr1ab
avpr2aa,avpr2aa
avpr2ab,avpr2ab
avpr2l,avpr2l
axdnd1,axdnd1
axin1,axin1
axin2,axin2
AXL,AXL
azi2,azi2
azin1a,azin1a
azin1b,azin1b
b2m,b2m
b3galnt2,b3galnt2
b3galt1a,b3galt1a
b3galt1b,b3galt1b
b3galt2,b3galt2
b3galt4,b3galt4
b3galt6,b3galt6
B3GAT1,B3GAT1
b3gat1a,b3gat1a
b3gat2,b3gat2
b3gat3,b3gat3
b3glcta,b3glcta
b3glctb,b3glctb
b3gnt2a,b3gnt2a
b3gnt2b,b3gnt2b
b3gnt2l,b3gnt2l
b3gnt3.1,b3gnt3.1
b3gnt3.2,b3gnt3.2
b3gnt3.3,b3gnt3.3
b3gnt3.4,b3gnt3.4
b3gnt5a,b3gnt5a
b3gnt5b,b3gnt5b
b3gnt7,b3gnt7
b3gnt7l,b3gnt7l
b3gnt9,b3gnt9
b3gntl1,b3gntl1
b4galnt1a,b4galnt1a
b4galnt1b,b4galnt1b
b4galnt2.1,b4galnt2.1
b4galnt2.2,b4galnt2.2
b4galnt3a,b4galnt3a
b4galnt3b,b4galnt3b
b4galnt4a,b4galnt4a
b4galnt4b,b4galnt4b
b4galt1,b4galt1
b4galt1l,b4galt1l
b4galt2,b4galt2
b4galt3,b4galt3
b4galt4,b4galt4
b4galt5,b4galt5
b4galt6,b4galt6
b4galt7,b4galt7
b4gat1,b4gat1
b9d1,b9d1
b9d2,b9d2
baalc,baalc
baalca,baalca
babam1,babam1
babam2,babam2
bace1,bace1
bace2,bace2
bach1a,bach1a
bach1b,bach1b
bach2a,bach2a
bach2b,bach2b
bada,bada
badb,badb
bag1,bag1
bag2,bag2
bag3,bag3
bag4,bag4
bag5,bag5
bag6,bag6
bag6l,bag6l
bahcc1a,bahcc1a
bahcc1b,bahcc1b
bahd1,bahd1
baiap2a,baiap2a
baiap2b,baiap2b
baiap2l1a,baiap2l1a
baiap2l1b,baiap2l1b
baiap2l2a,baiap2l2a
baiap2l2b,baiap2l2b
baiap3,baiap3
bambia,bambia
bambib,bambib
banf1,banf1
banp,banp
bap1,bap1
bard1,bard1
barhl1a,barhl1a
barhl1b,barhl1b
barhl2,barhl2
barx1,barx1
barx2,barx2
basp1,basp1
batf,batf
batf3,batf3
baxa,baxa
baxb,baxb
baz1a,baz1a
baz1b,baz1b
baz2a,baz2a
baz2ba,baz2ba
bbc3,bbc3
bbip1,bbip1
bbox1,bbox1
bbs1,bbs1
bbs10,bbs10
bbs12,bbs12
bbs2,bbs2
bbs4,bbs4
bbs5,bbs5
bbs7,bbs7
bbs9,bbs9
bbx,bbx
bcam,bcam
bcan,bcan
bcap29,bcap29
bcap31,bcap31
bcar1,bcar1
bcar3,bcar3
bcas2,bcas2
bcas3,bcas3
bcat1,bcat1
bcat2,bcat2
bccip,bccip
bcdin3d,bcdin3d
bckdha,bckdha
bckdhb,bckdhb
bckdhbl,bckdhbl
bckdk,bckdk
bcl10,bcl10
bcl11ab,bcl11ab
bcl11ba,bcl11ba
bcl2a,bcl2a
bcl2b,bcl2b
bcl2l1,bcl2l1
bcl2l10,bcl2l10
bcl2l11,bcl2l11
bcl2l13,bcl2l13
bcl2l16,bcl2l16
bcl3,bcl3
bcl6aa,bcl6aa
bcl6ab,bcl6ab
bcl6b,bcl6b
bcl7a,bcl7a
bcl7ba,bcl7ba
bcl7bb,bcl7bb
bcl9,bcl9
bcl9l,bcl9l
bco1,bco1
bco1l,bco1l
bco2a,bco2a
bco2b,bco2b
bco2l,bco2l
bcor,bcor
bcr,bcr
bcs1l,bcs1l
bdh1,bdh1
bdh2,bdh2
bdkrb2,bdkrb2
bean1,bean1
becn1,becn1
bend3,bend3
BEND4,BEND4
bend5,bend5
best2,best2
best4,best4
bet1,bet1
bet1l,bet1l
bfb,bfb
BFSP1,BFSP1
bfsp2,bfsp2
bglap,bglap
bglapl,bglapl
bgna,bgna
bgnb,bgnb
bhlha15,bhlha15
bhlha9,bhlha9
bhlhe22,bhlhe22
bhlhe23,bhlhe23
bhlhe40,bhlhe40
bhlhe41,bhlhe41
bicc1a,bicc1a
bicc2,bicc2
bicd1a,bicd1a
bicdl1,bicdl1
bicdl2,bicdl2
bicdl2l,bicdl2l
bicra,bicra
bicral,bicral
bida,bida
bik,bik
bin1a,bin1a
bin1b,bin1b
bin2a,bin2a
bin2b,bin2b
bin3,bin3
birc2,birc2
birc5a,birc5a
birc5b,birc5b
birc6,birc6
birc6-as2,birc6-as2
birc7,birc7
bivm,bivm
blcap,blcap
blf,blf
blk,blk
blm,blm
blmh,blmh
blnk,blnk
bloc1s1,bloc1s1
bloc1s2,bloc1s2
bloc1s3,bloc1s3
bloc1s4,bloc1s4
bloc1s5,bloc1s5
bloc1s6,bloc1s6
blvra,blvra
blvrb,blvrb
blzf1,blzf1
bmb,bmb
bmf1,bmf1
bmf2,bmf2
bmi1a,bmi1a
bmi1b,bmi1b
bmp15,bmp15
bmp16,bmp16
bmp1a,bmp1a
bmp1b,bmp1b
bmp2b,bmp2b
bmp2k,bmp2k
bmp3,bmp3
bmp4,bmp4
bmp5,bmp5
bmp6,bmp6
bmp7a,bmp7a
bmp7b,bmp7b
bmper,bmper
bmpr1aa,bmpr1aa
bmpr1ab,bmpr1ab
bmpr1ba,bmpr1ba
bmpr2a,bmpr2a
bms1,bms1
bmt2,bmt2
BNC1,BNC1
bnc2,bnc2
bnip1a,bnip1a
bnip1b,bnip1b
bnip2,bnip2
bnip3,bnip3
bnip3la,bnip3la
bnip3lb,bnip3lb
bnip4,bnip4
bnipl,bnipl
boc,boc
bod1,bod1
bod1l1,bod1l1
boka,boka
bokb,bokb
bola1,bola1
BOLA2,BOLA2
bola3,bola3
bop1,bop1
bora,bora
borcs5,borcs5
borcs7,borcs7
borcs8,borcs8
bpgm,bpgm
bphl,bphl
bpifcl,bpifcl
bpnt1,bpnt1
bptf,bptf
brap,brap
brat1,brat1
brca2,brca2
brcc3,brcc3
brd1a,brd1a
brd1b,brd1b
brd2a,brd2a
brd2b,brd2b
brd3a,brd3a
brd3b,brd3b
brd4,brd4
brd7,brd7
brd8,brd8
brd9,brd9
brdt,brdt
brf1a,brf1a
brf1b,brf1b
brf2,brf2
bri3,bri3
bri3bp,bri3bp
bricd5,bricd5
brinp1,brinp1
brinp2,brinp2
brinp3a.1,brinp3a.1
brinp3a.2,brinp3a.2
brinp3b,brinp3b
brip1,brip1
brk1,brk1
brms1,brms1
brms1la,brms1la
brms1lb,brms1lb
brox,brox
brpf1,brpf1
brpf3a,brpf3a
brpf3b,brpf3b
brsk2b,brsk2b
brwd1,brwd1
brwd3,brwd3
bscl2,bscl2
bscl2l,bscl2l
bsdc1,bsdc1
bsg,bsg
bsk146,bsk146
bsna,bsna
bsnb,bsnb
bsnd,bsnd
bspry,bspry
bsx,bsx
btaf1,btaf1
btbd10a,btbd10a
btbd10b,btbd10b
btbd11a,btbd11a
btbd11b,btbd11b
btbd16,btbd16
btbd17a,btbd17a
btbd17b,btbd17b
btbd18,btbd18
btbd2a,btbd2a
btbd2b,btbd2b
btbd3a,btbd3a
btbd3b,btbd3b
btbd6a,btbd6a
btbd6b,btbd6b
btbd7,btbd7
btbd9,btbd9
btc,btc
btd,btd
btf3,btf3
btf3l4,btf3l4
btg1,btg1
btg2,btg2
btg3,btg3
btg4,btg4
btk,btk
btr01,btr01
btr02,btr02
btr05,btr05
btr06,btr06
btr07,btr07
btr09,btr09
btr12,btr12
btr20,btr20
btr22,btr22
btr23,btr23
btr25,btr25
btr26,btr26
btr29,btr29
btr30,btr30
btr33,btr33
bub1,bub1
bub1ba,bub1ba
bub1bb,bub1bb
bub3,bub3
buc,buc
buc2l,buc2l
bud23,bud23
bud31,bud31
bves,bves
BX000364.1,BX000364.1
BX000364.3,BX000364.3
BX000434.1,BX000434.1
BX000438.1,BX000438.1
BX000438.2,BX000438.2
BX000447.1,BX000447.1
BX000451.1,BX000451.1
BX000460.1,BX000460.1
BX000463.2,BX000463.2
BX000522.1,BX000522.1
BX000534.2,BX000534.2
BX000696.1,BX000696.1
BX000696.2,BX000696.2
BX000701.1,BX000701.1
BX000701.2,BX000701.2
BX000991.1,BX000991.1
BX001014.1,BX001014.1
BX001014.2,BX001014.2
BX001026.1,BX001026.1
BX001030.1,BX001030.1
BX001030.2,BX001030.2
BX004768.1,BX004768.1
BX004769.1,BX004769.1
BX004771.1,BX004771.1
BX004774.2,BX004774.2
BX004779.1,BX004779.1
BX004780.1,BX004780.1
BX004785.2,BX004785.2
BX004785.3,BX004785.3
BX004803.1,BX004803.1
BX004816.1,BX004816.1
BX004840.1,BX004840.1
BX004840.2,BX004840.2
BX004857.1,BX004857.1
BX004970.1,BX004970.1
BX004972.1,BX004972.1
BX004976.1,BX004976.1
BX004980.1,BX004980.1
BX004981.1,BX004981.1
BX004981.2,BX004981.2
BX004991.1,BX004991.1
BX004999.1,BX004999.1
BX005003.1,BX005003.1
BX005005.1,BX005005.1
BX005005.2,BX005005.2
BX005011.1,BX005011.1
BX005012.1,BX005012.1
BX005012.3,BX005012.3
BX005012.4,BX005012.4
BX005022.1,BX005022.1
BX005027.2,BX005027.2
BX005032.1,BX005032.1
BX005043.1,BX005043.1
BX005048.1,BX005048.1
BX005056.1,BX005056.1
BX005058.1,BX005058.1
BX005060.1,BX005060.1
BX005064.1,BX005064.1
BX005065.1,BX005065.1
BX005068.1,BX005068.1
BX005073.1,BX005073.1
BX005073.2,BX005073.2
BX005073.3,BX005073.3
BX005082.1,BX005082.1
BX005083.1,BX005083.1
BX005085.1,BX005085.1
BX005085.2,BX005085.2
BX005085.4,BX005085.4
BX005085.6,BX005085.6
BX005085.7,BX005085.7
BX005105.1,BX005105.1
BX005108.2,BX005108.2
BX005108.3,BX005108.3
BX005124.1,BX005124.1
BX005128.1,BX005128.1
BX005129.1,BX005129.1
BX005129.5,BX005129.5
BX005156.1,BX005156.1
BX005156.2,BX005156.2
BX005174.1,BX005174.1
BX005228.1,BX005228.1
BX005229.1,BX005229.1
BX005242.1,BX005242.1
BX005245.1,BX005245.1
BX005254.1,BX005254.1
BX005254.2,BX005254.2
BX005254.3,BX005254.3
BX005275.2,BX005275.2
BX005286.1,BX005286.1
BX005305.1,BX005305.1
BX005308.1,BX005308.1
BX005309.1,BX005309.1
BX005313.1,BX005313.1
BX005319.1,BX005319.1
BX005321.1,BX005321.1
BX005328.1,BX005328.1
BX005329.1,BX005329.1
BX005329.2,BX005329.2
BX005332.1,BX005332.1
BX005336.1,BX005336.1
BX005340.1,BX005340.1
BX005351.1,BX005351.1
BX005355.1,BX005355.1
BX005361.1,BX005361.1
BX005367.1,BX005367.1
BX005367.2,BX005367.2
BX005368.1,BX005368.1
BX005375.1,BX005375.1
BX005376.1,BX005376.1
BX005380.2,BX005380.2
BX005389.4,BX005389.4
BX005392.1,BX005392.1
BX005392.2,BX005392.2
BX005392.3,BX005392.3
BX005396.1,BX005396.1
BX005396.2,BX005396.2
BX005396.3,BX005396.3
BX005396.4,BX005396.4
BX005397.1,BX005397.1
BX005398.1,BX005398.1
BX005402.1,BX005402.1
BX005407.1,BX005407.1
BX005414.1,BX005414.1
BX005417.2,BX005417.2
BX005419.1,BX005419.1
BX005421.1,BX005421.1
BX005421.3,BX005421.3
BX005438.1,BX005438.1
BX005442.1,BX005442.1
BX005442.2,BX005442.2
BX005442.3,BX005442.3
BX005443.1,BX005443.1
BX005448.1,BX005448.1
BX005450.1,BX005450.1
BX005456.1,BX005456.1
BX005461.1,BX005461.1
BX005461.2,BX005461.2
BX005461.3,BX005461.3
BX005462.2,BX005462.2
BX005484.1,BX005484.1
BX072554.2,BX072554.2
BX072559.1,BX072559.1
BX072561.1,BX072561.1
BX072570.1,BX072570.1
BX072576.1,BX072576.1
BX072576.2,BX072576.2
BX072576.3,BX072576.3
BX085193.1,BX085193.1
BX085193.2,BX085193.2
BX088524.2,BX088524.2
BX088524.3,BX088524.3
BX088525.2,BX088525.2
BX088535.1,BX088535.1
BX088540.1,BX088540.1
BX088544.1,BX088544.1
BX088583.1,BX088583.1
BX088583.2,BX088583.2
BX088587.1,BX088587.1
BX088596.1,BX088596.1
BX088596.2,BX088596.2
BX088603.1,BX088603.1
BX088603.2,BX088603.2
BX088603.3,BX088603.3
BX088649.1,BX088649.1
BX088686.1,BX088686.1
BX088688.1,BX088688.1
BX088688.2,BX088688.2
BX088688.3,BX088688.3
BX088696.2,BX088696.2
BX088705.1,BX088705.1
BX088707.1,BX088707.1
BX088707.3,BX088707.3
BX088709.1,BX088709.1
BX088712.1,BX088712.1
BX088712.2,BX088712.2
BX088713.1,BX088713.1
BX088718.1,BX088718.1
BX088728.1,BX088728.1
BX119902.2,BX119902.2
BX119909.1,BX119909.1
BX119915.1,BX119915.1
BX119915.2,BX119915.2
BX119915.3,BX119915.3
BX119926.1,BX119926.1
BX119963.3,BX119963.3
BX119992.1,BX119992.1
BX120005.1,BX120005.1
BX120006.1,BX120006.1
BX120006.2,BX120006.2
BX120006.3,BX120006.3
BX120016.1,BX120016.1
BX247868.1,BX247868.1
BX247870.2,BX247870.2
BX247946.1,BX247946.1
BX248089.1,BX248089.1
BX248106.1,BX248106.1
BX248108.1,BX248108.1
BX248113.1,BX248113.1
BX248121.1,BX248121.1
BX248122.1,BX248122.1
BX248126.1,BX248126.1
BX248128.1,BX248128.1
BX248128.2,BX248128.2
BX248136.1,BX248136.1
BX248238.1,BX248238.1
BX248238.2,BX248238.2
BX248318.1,BX248318.1
BX248322.1,BX248322.1
BX248324.1,BX248324.1
BX248331.1,BX248331.1
BX248331.2,BX248331.2
BX248390.1,BX248390.1
BX248410.1,BX248410.1
BX248410.2,BX248410.2
BX248418.1,BX248418.1
BX248418.2,BX248418.2
BX248497.1,BX248497.1
BX248501.1,BX248501.1
BX248510.2,BX248510.2
BX248510.5,BX248510.5
BX248511.1,BX248511.1
BX248515.1,BX248515.1
BX248515.2,BX248515.2
BX248521.2,BX248521.2
BX255896.1,BX255896.1
BX255897.2,BX255897.2
BX255908.1,BX255908.1
BX255912.1,BX255912.1
BX255913.1,BX255913.1
BX255913.2,BX255913.2
BX255915.1,BX255915.1
BX255915.2,BX255915.2
BX255917.1,BX255917.1
BX255917.2,BX255917.2
BX255920.1,BX255920.1
BX255963.1,BX255963.1
BX255963.2,BX255963.2
BX255967.1,BX255967.1
BX276088.1,BX276088.1
BX276096.1,BX276096.1
BX276098.1,BX276098.1
BX276101.1,BX276101.1
BX276101.2,BX276101.2
BX276103.1,BX276103.1
BX276105.1,BX276105.1
BX276107.1,BX276107.1
BX279523.1,BX279523.1
BX279523.2,BX279523.2
BX279523.3,BX279523.3
BX284620.1,BX284620.1
BX284635.1,BX284635.1
BX284638.1,BX284638.1
BX284666.1,BX284666.1
BX284666.2,BX284666.2
BX284666.3,BX284666.3
BX284696.1,BX284696.1
BX284697.1,BX284697.1
BX293559.1,BX293559.1
BX293559.2,BX293559.2
BX293567.1,BX293567.1
BX294100.2,BX294100.2
BX294110.1,BX294110.1
BX294110.2,BX294110.2
BX294129.1,BX294129.1
BX294160.1,BX294160.1
BX294177.1,BX294177.1
BX294178.1,BX294178.1
BX294178.2,BX294178.2
BX294178.3,BX294178.3
BX294181.2,BX294181.2
BX294189.1,BX294189.1
BX294383.1,BX294383.1
BX294383.2,BX294383.2
BX294388.1,BX294388.1
BX294389.1,BX294389.1
BX294434.1,BX294434.1
BX294444.1,BX294444.1
BX294661.2,BX294661.2
BX296520.1,BX296520.1
BX296526.2,BX296526.2
BX296541.1,BX296541.1
BX296551.1,BX296551.1
BX296552.1,BX296552.1
BX296552.2,BX296552.2
BX296562.1,BX296562.1
BX296562.2,BX296562.2
BX321870.1,BX321870.1
BX321875.1,BX321875.1
BX321877.1,BX321877.1
BX321882.1,BX321882.1
BX321886.1,BX321886.1
BX321912.1,BX321912.1
BX322530.1,BX322530.1
BX322538.1,BX322538.1
BX322555.3,BX322555.3
BX322555.4,BX322555.4
BX322574.1,BX322574.1
BX322577.1,BX322577.1
BX322587.1,BX322587.1
BX322587.2,BX322587.2
BX322601.1,BX322601.1
BX322603.1,BX322603.1
BX322608.1,BX322608.1
BX322657.3,BX322657.3
BX322661.1,BX322661.1
BX322661.2,BX322661.2
BX322661.3,BX322661.3
BX322665.1,BX322665.1
BX322665.2,BX322665.2
BX322665.3,BX322665.3
BX322787.1,BX322787.1
BX322792.1,BX322792.1
BX323016.1,BX323016.1
BX323022.1,BX323022.1
BX323031.1,BX323031.1
BX323031.2,BX323031.2
BX323038.1,BX323038.1
BX323041.1,BX323041.1
BX323051.1,BX323051.1
BX323060.1,BX323060.1
BX323062.1,BX323062.1
BX323067.1,BX323067.1
BX323074.2,BX323074.2
BX323076.2,BX323076.2
BX323080.1,BX323080.1
BX323082.1,BX323082.1
BX323087.1,BX323087.1
BX323087.2,BX323087.2
BX323448.1,BX323448.1
BX323450.1,BX323450.1
BX323453.1,BX323453.1
BX323457.1,BX323457.1
BX323458.1,BX323458.1
BX323458.2,BX323458.2
BX323459.1,BX323459.1
BX323459.2,BX323459.2
BX323543.2,BX323543.2
BX323550.3,BX323550.3
BX323556.1,BX323556.1
BX323557.1,BX323557.1
BX323559.1,BX323559.1
BX323559.2,BX323559.2
BX323559.3,BX323559.3
BX323559.4,BX323559.4
BX323560.1,BX323560.1
BX323564.1,BX323564.1
BX323573.1,BX323573.1
BX323574.1,BX323574.1
BX323575.1,BX323575.1
BX323578.1,BX323578.1
BX323586.1,BX323586.1
BX323586.2,BX323586.2
BX323586.3,BX323586.3
BX323590.1,BX323590.1
BX323590.3,BX323590.3
BX323593.1,BX323593.1
BX323596.1,BX323596.1
BX323596.2,BX323596.2
BX323793.1,BX323793.1
BX323800.1,BX323800.1
BX323801.1,BX323801.1
BX323807.1,BX323807.1
BX323807.2,BX323807.2
BX323812.2,BX323812.2
BX323820.1,BX323820.1
BX323822.1,BX323822.1
BX323824.1,BX323824.1
BX323830.1,BX323830.1
BX323837.1,BX323837.1
BX323854.2,BX323854.2
BX323855.1,BX323855.1
BX323855.2,BX323855.2
BX323861.1,BX323861.1
BX323861.3,BX323861.3
BX323875.1,BX323875.1
BX323876.2,BX323876.2
BX323880.1,BX323880.1
BX323882.1,BX323882.1
BX323887.1,BX323887.1
BX323889.1,BX323889.1
BX323987.1,BX323987.1
BX323991.1,BX323991.1
BX323994.1,BX323994.1
BX323994.2,BX323994.2
BX324003.2,BX324003.2
BX324007.2,BX324007.2
BX324110.1,BX324110.1
BX324119.1,BX324119.1
BX324123.2,BX324123.2
BX324132.1,BX324132.1
BX324132.2,BX324132.2
BX324132.3,BX324132.3
BX324142.2,BX324142.2
BX324146.1,BX324146.1
BX324153.1,BX324153.1
BX324157.1,BX324157.1
BX324164.3,BX324164.3
BX324164.5,BX324164.5
BX324181.1,BX324181.1
BX324188.1,BX324188.1
BX324202.1,BX324202.1
BX324206.2,BX324206.2
BX324207.1,BX324207.1
BX324212.1,BX324212.1
BX324212.2,BX324212.2
BX324216.1,BX324216.1
BX324216.2,BX324216.2
BX324216.4,BX324216.4
BX324218.1,BX324218.1
BX324224.1,BX324224.1
BX324227.1,BX324227.1
BX324230.2,BX324230.2
BX465186.1,BX465186.1
BX465186.2,BX465186.2
BX465198.1,BX465198.1
BX465205.2,BX465205.2
BX465227.1,BX465227.1
BX465228.1,BX465228.1
BX465836.2,BX465836.2
BX465838.1,BX465838.1
BX465844.1,BX465844.1
BX465848.1,BX465848.1
BX465849.1,BX465849.1
BX465857.1,BX465857.1
BX465862.1,BX465862.1
BX465862.2,BX465862.2
BX465862.3,BX465862.3
BX465868.1,BX465868.1
BX469885.1,BX469885.1
BX469896.1,BX469896.1
BX469902.1,BX469902.1
BX469908.1,BX469908.1
BX469925.1,BX469925.1
BX469925.2,BX469925.2
BX469930.1,BX469930.1
BX469930.2,BX469930.2
BX470116.1,BX470116.1
BX470117.1,BX470117.1
BX470137.1,BX470137.1
BX470154.1,BX470154.1
BX470182.1,BX470182.1
BX470182.2,BX470182.2
BX470183.1,BX470183.1
BX470185.1,BX470185.1
BX470185.2,BX470185.2
BX470188.1,BX470188.1
BX470189.1,BX470189.1
BX470189.2,BX470189.2
BX470197.1,BX470197.1
BX470211.1,BX470211.1
BX470218.1,BX470218.1
BX470224.1,BX470224.1
BX470229.1,BX470229.1
BX470229.2,BX470229.2
BX470238.1,BX470238.1
BX470242.1,BX470242.1
BX470242.2,BX470242.2
BX470246.1,BX470246.1
BX470247.1,BX470247.1
BX470259.1,BX470259.1
BX470259.2,BX470259.2
BX470259.3,BX470259.3
BX470264.1,BX470264.1
BX510301.2,BX510301.2
BX510306.1,BX510306.1
BX510319.1,BX510319.1
BX510337.1,BX510337.1
BX510360.1,BX510360.1
BX510649.1,BX510649.1
BX510654.1,BX510654.1
BX510909.1,BX510909.1
BX510909.2,BX510909.2
BX510919.1,BX510919.1
BX510920.1,BX510920.1
BX510922.2,BX510922.2
BX510922.4,BX510922.4
BX510923.1,BX510923.1
BX510924.1,BX510924.1
BX510929.1,BX510929.1
BX510934.2,BX510934.2
BX510940.1,BX510940.1
BX510941.1,BX510941.1
BX510941.2,BX510941.2
BX510949.1,BX510949.1
BX510960.1,BX510960.1
BX510960.2,BX510960.2
BX510989.1,BX510989.1
BX510992.1,BX510992.1
BX510992.2,BX510992.2
BX511010.1,BX511010.1
BX511013.1,BX511013.1
BX511021.1,BX511021.1
BX511021.2,BX511021.2
BX511021.3,BX511021.3
BX511021.4,BX511021.4
BX511023.1,BX511023.1
BX511025.1,BX511025.1
BX511028.1,BX511028.1
BX511034.1,BX511034.1
BX511034.2,BX511034.2
BX511034.3,BX511034.3
BX511034.4,BX511034.4
BX511034.5,BX511034.5
BX511034.6,BX511034.6
BX511034.7,BX511034.7
BX511034.8,BX511034.8
BX511061.1,BX511061.1
BX511066.1,BX511066.1
BX511067.1,BX511067.1
BX511073.1,BX511073.1
BX511075.1,BX511075.1
BX511079.1,BX511079.1
BX511079.2,BX511079.2
BX511093.1,BX511093.1
BX511100.1,BX511100.1
BX511100.5,BX511100.5
BX511111.1,BX511111.1
BX511112.1,BX511112.1
BX511120.1,BX511120.1
BX511124.1,BX511124.1
BX511128.1,BX511128.1
BX511128.2,BX511128.2
BX511129.1,BX511129.1
BX511129.2,BX511129.2
BX511132.2,BX511132.2
BX511136.1,BX511136.1
BX511142.1,BX511142.1
BX511151.1,BX511151.1
BX511161.1,BX511161.1
BX511166.1,BX511166.1
BX511187.1,BX511187.1
BX511218.1,BX511218.1
BX511223.1,BX511223.1
BX511245.1,BX511245.1
BX511246.1,BX511246.1
BX511250.1,BX511250.1
BX511253.1,BX511253.1
BX511259.1,BX511259.1
BX511261.1,BX511261.1
BX511265.2,BX511265.2
BX511265.3,BX511265.3
BX511272.1,BX511272.1
BX511310.1,BX511310.1
BX530017.1,BX530017.1
BX530017.2,BX530017.2
BX530018.2,BX530018.2
BX530024.1,BX530024.1
BX530064.1,BX530064.1
BX530064.2,BX530064.2
BX530077.1,BX530077.1
BX530079.1,BX530079.1
BX530091.1,BX530091.1
BX530097.1,BX530097.1
BX530407.2,BX530407.2
BX530407.4,BX530407.4
BX530407.6,BX530407.6
BX530407.7,BX530407.7
BX530721.1,BX530721.1
BX537104.1,BX537104.1
BX537110.1,BX537110.1
BX537115.1,BX537115.1
BX537120.3,BX537120.3
BX537130.1,BX537130.1
BX537137.1,BX537137.1
BX537137.3,BX537137.3
BX537143.1,BX537143.1
BX537156.1,BX537156.1
BX537166.1,BX537166.1
BX537168.1,BX537168.1
BX537263.2,BX537263.2
BX537274.1,BX537274.1
BX537276.1,BX537276.1
BX537280.1,BX537280.1
BX537288.2,BX537288.2
BX537303.1,BX537303.1
BX537305.1,BX537305.1
BX537308.1,BX537308.1
BX537310.1,BX537310.1
BX537313.1,BX537313.1
BX537342.1,BX537342.1
BX537358.1,BX537358.1
BX539307.1,BX539307.1
BX539307.3,BX539307.3
BX539310.1,BX539310.1
BX539313.2,BX539313.2
BX539313.3,BX539313.3
BX539321.2,BX539321.2
BX539325.1,BX539325.1
BX539336.1,BX539336.1
BX544876.1,BX544876.1
BX544876.2,BX544876.2
BX544877.1,BX544877.1
BX545856.1,BX545856.1
BX545856.2,BX545856.2
BX545917.3,BX545917.3
BX545917.5,BX545917.5
BX545917.6,BX545917.6
BX546453.1,BX546453.1
BX546453.2,BX546453.2
BX546459.1,BX546459.1
BX546499.2,BX546499.2
BX546500.1,BX546500.1
BX546503.1,BX546503.1
BX547930.1,BX547930.1
BX547930.4,BX547930.4
BX547934.1,BX547934.1
BX547934.2,BX547934.2
BX547939.1,BX547939.1
BX547992.1,BX547992.1
BX547992.2,BX547992.2
BX548000.1,BX548000.1
BX548011.4,BX548011.4
BX548015.2,BX548015.2
BX548024.1,BX548024.1
BX548024.2,BX548024.2
BX548028.1,BX548028.1
BX548032.1,BX548032.1
BX548032.3,BX548032.3
BX548044.7,BX548044.7
BX548045.1,BX548045.1
BX548046.1,BX548046.1
BX548046.2,BX548046.2
BX548060.1,BX548060.1
BX548061.1,BX548061.1
BX548062.1,BX548062.1
BX548067.1,BX548067.1
BX548073.1,BX548073.1
BX548073.11,BX548073.11
BX548073.2,BX548073.2
BX548073.3,BX548073.3
BX548073.4,BX548073.4
BX548075.1,BX548075.1
BX548075.3,BX548075.3
BX548078.1,BX548078.1
BX548157.1,BX548157.1
BX548170.1,BX548170.1
BX548247.1,BX548247.1
BX548249.1,BX548249.1
BX569783.1,BX569783.1
BX569785.1,BX569785.1
BX569787.1,BX569787.1
BX569788.1,BX569788.1
BX569789.1,BX569789.1
BX569790.3,BX569790.3
BX569793.1,BX569793.1
BX569796.1,BX569796.1
BX569798.1,BX569798.1
BX571664.1,BX571664.1
BX571675.1,BX571675.1
BX571678.1,BX571678.1
BX571680.1,BX571680.1
BX571681.2,BX571681.2
BX571681.3,BX571681.3
BX571681.4,BX571681.4
BX571694.1,BX571694.1
BX571701.1,BX571701.1
BX571705.1,BX571705.1
BX571707.1,BX571707.1
BX571712.1,BX571712.1
BX571712.2,BX571712.2
BX571712.3,BX571712.3
BX571715.1,BX571715.1
BX571720.1,BX571720.1
BX571737.1,BX571737.1
BX571738.1,BX571738.1
BX571757.1,BX571757.1
BX571760.1,BX571760.1
BX571762.1,BX571762.1
BX571762.2,BX571762.2
BX571772.1,BX571772.1
BX571774.1,BX571774.1
BX571780.1,BX571780.1
BX571786.1,BX571786.1
BX571794.2,BX571794.2
BX571794.3,BX571794.3
BX571796.1,BX571796.1
BX571803.1,BX571803.1
BX571809.2,BX571809.2
BX571811.1,BX571811.1
BX571811.2,BX571811.2
BX571825.12,BX571825.12
BX571827.2,BX571827.2
BX571828.1,BX571828.1
BX571839.1,BX571839.1
BX571843.1,BX571843.1
BX571853.1,BX571853.1
BX571853.2,BX571853.2
BX571854.1,BX571854.1
BX571884.1,BX571884.1
BX571940.1,BX571940.1
BX571942.1,BX571942.1
BX571945.1,BX571945.1
BX571945.2,BX571945.2
BX571952.1,BX571952.1
BX571954.1,BX571954.1
BX571954.3,BX571954.3
BX571955.1,BX571955.1
BX571955.2,BX571955.2
BX571960.1,BX571960.1
BX572077.1,BX572077.1
BX572077.2,BX572077.2
BX572078.1,BX572078.1
BX572103.1,BX572103.1
BX572619.1,BX572619.1
BX572620.1,BX572620.1
BX572622.1,BX572622.1
BX572627.1,BX572627.1
BX572628.1,BX572628.1
BX601644.1,BX601644.1
BX601644.2,BX601644.2
BX601644.4,BX601644.4
BX601644.5,BX601644.5
BX601646.1,BX601646.1
BX601648.2,BX601648.2
BX629344.1,BX629344.1
BX629346.2,BX629346.2
BX640398.1,BX640398.1
BX640453.1,BX640453.1
BX640512.2,BX640512.2
BX640512.3,BX640512.3
BX640520.1,BX640520.1
BX640520.2,BX640520.2
BX640520.3,BX640520.3
BX640522.2,BX640522.2
BX640537.2,BX640537.2
BX640537.3,BX640537.3
BX640539.1,BX640539.1
BX640549.1,BX640549.1
BX649231.1,BX649231.1
BX649242.1,BX649242.1
BX649250.1,BX649250.1
BX649266.2,BX649266.2
BX649276.1,BX649276.1
BX649279.1,BX649279.1
BX649294.1,BX649294.1
BX649295.2,BX649295.2
BX649300.1,BX649300.1
BX649300.2,BX649300.2
BX649300.3,BX649300.3
BX649313.1,BX649313.1
BX649315.1,BX649315.1
BX649324.1,BX649324.1
BX649328.1,BX649328.1
BX649328.3,BX649328.3
BX649331.1,BX649331.1
BX649337.1,BX649337.1
BX649337.2,BX649337.2
BX649341.1,BX649341.1
BX649345.2,BX649345.2
BX649349.1,BX649349.1
BX649350.1,BX649350.1
BX649350.2,BX649350.2
BX649356.1,BX649356.1
BX649384.1,BX649384.1
BX649384.2,BX649384.2
BX649384.3,BX649384.3
BX649385.1,BX649385.1
BX649388.1,BX649388.1
BX649388.2,BX649388.2
BX649388.3,BX649388.3
BX649397.1,BX649397.1
BX649398.1,BX649398.1
BX649398.2,BX649398.2
BX649398.3,BX649398.3
BX649411.1,BX649411.1
BX649411.2,BX649411.2
BX649416.1,BX649416.1
BX649416.2,BX649416.2
BX649431.1,BX649431.1
BX649434.1,BX649434.1
BX649434.2,BX649434.2
BX649442.1,BX649442.1
BX649448.1,BX649448.1
BX649448.3,BX649448.3
BX649453.1,BX649453.1
BX649457.1,BX649457.1
BX649471.1,BX649471.1
BX649471.2,BX649471.2
BX649478.1,BX649478.1
BX649481.1,BX649481.1
BX649484.1,BX649484.1
BX649485.1,BX649485.1
BX649485.2,BX649485.2
BX649490.3,BX649490.3
BX649502.2,BX649502.2
BX649502.6,BX649502.6
BX649516.1,BX649516.1
BX649516.2,BX649516.2
BX649516.3,BX649516.3
BX649516.4,BX649516.4
BX649522.1,BX649522.1
BX649522.2,BX649522.2
BX649529.1,BX649529.1
BX649533.1,BX649533.1
BX649556.1,BX649556.1
BX649556.2,BX649556.2
BX649559.1,BX649559.1
BX649559.2,BX649559.2
BX649612.1,BX649612.1
BX649622.1,BX649622.1
BX649622.2,BX649622.2
BX649628.1,BX649628.1
BX649641.2,BX649641.2
BX649641.4,BX649641.4
BX663503.1,BX663503.1
BX663503.2,BX663503.2
BX663515.1,BX663515.1
BX663521.1,BX663521.1
BX663522.1,BX663522.1
BX663525.1,BX663525.1
BX663525.2,BX663525.2
BX663528.1,BX663528.1
BX663533.1,BX663533.1
BX663605.1,BX663605.1
BX663606.1,BX663606.1
BX663611.1,BX663611.1
BX663612.1,BX663612.1
BX663613.1,BX663613.1
BX664605.1,BX664605.1
BX664614.1,BX664614.1
BX664618.1,BX664618.1
BX664625.1,BX664625.1
BX664625.2,BX664625.2
BX664625.4,BX664625.4
BX664625.5,BX664625.5
BX664716.1,BX664716.1
BX664721.3,BX664721.3
BX664738.1,BX664738.1
BX664742.1,BX664742.1
BX664742.2,BX664742.2
BX664742.3,BX664742.3
BX664750.2,BX664750.2
BX664750.3,BX664750.3
BX666065.1,BX666065.1
BX677668.1,BX677668.1
BX677668.2,BX677668.2
BX681416.2,BX681416.2
BX681417.2,BX681417.2
BX682234.1,BX682234.1
BX682550.1,BX682550.1
BX682556.1,BX682556.1
BX682557.1,BX682557.1
BX682558.1,BX682558.1
BX769173.1,BX769173.1
BX769173.2,BX769173.2
BX784023.1,BX784023.1
BX784025.1,BX784025.1
BX784029.2,BX784029.2
BX842240.1,BX842240.1
BX842669.1,BX842669.1
BX842700.1,BX842700.1
BX842701.1,BX842701.1
BX855614.1,BX855614.1
BX855614.2,BX855614.2
BX855614.3,BX855614.3
BX855614.4,BX855614.4
BX855618.1,BX855618.1
BX890539.1,BX890539.1
BX890544.1,BX890544.1
BX890548.1,BX890548.1
BX890558.1,BX890558.1
BX890559.1,BX890559.1
BX890562.1,BX890562.1
BX890562.2,BX890562.2
BX890576.1,BX890576.1
BX890590.1,BX890590.1
BX890591.1,BX890591.1
BX890600.1,BX890600.1
BX890608.1,BX890608.1
BX890624.2,BX890624.2
BX890629.1,BX890629.1
BX897662.1,BX897662.1
BX897682.1,BX897682.1
BX897691.1,BX897691.1
BX897714.1,BX897714.1
BX897720.1,BX897720.1
BX897740.1,BX897740.1
BX897741.1,BX897741.1
BX899181.1,BX899181.1
BX901878.2,BX901878.2
BX901883.1,BX901883.1
BX901883.2,BX901883.2
BX901883.3,BX901883.3
BX901883.4,BX901883.4
BX901898.1,BX901898.1
BX901898.2,BX901898.2
BX901907.1,BX901907.1
BX901918.1,BX901918.1
BX901922.1,BX901922.1
BX901923.2,BX901923.2
BX901942.1,BX901942.1
BX901957.1,BX901957.1
BX901962.2,BX901962.2
BX901962.3,BX901962.3
BX901962.4,BX901962.4
BX901968.1,BX901968.1
BX901973.1,BX901973.1
BX901974.1,BX901974.1
BX901974.2,BX901974.2
BX901974.3,BX901974.3
BX908385.1,BX908385.1
BX908386.1,BX908386.1
BX908386.2,BX908386.2
BX908386.3,BX908386.3
BX908388.2,BX908388.2
BX908395.1,BX908395.1
BX908401.1,BX908401.1
BX908401.2,BX908401.2
BX908726.1,BX908726.1
BX908731.1,BX908731.1
BX908744.1,BX908744.1
BX908744.2,BX908744.2
BX908750.2,BX908750.2
BX908753.1,BX908753.1
BX908756.1,BX908756.1
BX908756.2,BX908756.2
BX908770.1,BX908770.1
BX908780.1,BX908780.1
BX908780.4,BX908780.4
BX908782.3,BX908782.3
BX908796.3,BX908796.3
BX908797.1,BX908797.1
BX908799.1,BX908799.1
BX908800.1,BX908800.1
BX908803.2,BX908803.2
BX908803.3,BX908803.3
BX908804.1,BX908804.1
BX908804.2,BX908804.2
BX908804.3,BX908804.3
BX914200.1,BX914200.1
BX914205.1,BX914205.1
BX914205.3,BX914205.3
BX914220.1,BX914220.1
BX927078.1,BX927078.1
BX927081.1,BX927081.1
BX927081.3,BX927081.3
BX927082.1,BX927082.1
BX927082.2,BX927082.2
BX927121.1,BX927121.1
BX927130.3,BX927130.3
BX927130.4,BX927130.4
BX927164.1,BX927164.1
BX927181.2,BX927181.2
BX927181.3,BX927181.3
BX927184.1,BX927184.1
BX927193.2,BX927193.2
BX927210.1,BX927210.1
BX927212.1,BX927212.1
BX927218.2,BX927218.2
BX927219.1,BX927219.1
BX927234.2,BX927234.2
BX927243.1,BX927243.1
BX927243.2,BX927243.2
BX927244.2,BX927244.2
BX927253.1,BX927253.1
BX927253.3,BX927253.3
BX927257.1,BX927257.1
BX927258.1,BX927258.1
BX927275.1,BX927275.1
BX927275.2,BX927275.2
BX927282.2,BX927282.2
BX927282.3,BX927282.3
BX927308.1,BX927308.1
BX927308.2,BX927308.2
BX927317.2,BX927317.2
BX927317.3,BX927317.3
BX927318.1,BX927318.1
BX927323.1,BX927323.1
BX927327.1,BX927327.1
BX927329.1,BX927329.1
BX927329.2,BX927329.2
BX927335.1,BX927335.1
BX927335.2,BX927335.2
BX927336.1,BX927336.1
BX927336.2,BX927336.2
BX927336.3,BX927336.3
BX927351.1,BX927351.1
BX927361.1,BX927361.1
BX927362.2,BX927362.2
BX927363.1,BX927363.1
BX927365.1,BX927365.1
BX927374.2,BX927374.2
BX927376.1,BX927376.1
BX927377.1,BX927377.1
BX927385.2,BX927385.2
BX927388.1,BX927388.1
BX927394.1,BX927394.1
BX927394.2,BX927394.2
BX927394.3,BX927394.3
BX927395.1,BX927395.1
BX927404.1,BX927404.1
BX927407.1,BX927407.1
BX928743.1,BX928743.1
BX928755.1,BX928755.1
BX936298.2,BX936298.2
BX936303.2,BX936303.2
BX936305.1,BX936305.1
BX936305.2,BX936305.2
BX936308.1,BX936308.1
BX936308.2,BX936308.2
BX936317.1,BX936317.1
BX936318.1,BX936318.1
BX936320.1,BX936320.1
BX936342.1,BX936342.1
BX936342.2,BX936342.2
BX936364.1,BX936364.1
BX936382.1,BX936382.1
BX936386.1,BX936386.1
BX936391.1,BX936391.1
BX936393.2,BX936393.2
BX936397.1,BX936397.1
BX936397.2,BX936397.2
BX936406.1,BX936406.1
BX936406.2,BX936406.2
BX936415.1,BX936415.1
BX936420.1,BX936420.1
BX936421.1,BX936421.1
BX936433.1,BX936433.1
BX936433.2,BX936433.2
BX936438.1,BX936438.1
BX936439.1,BX936439.1
BX936447.1,BX936447.1
BX936456.1,BX936456.1
BX936461.1,BX936461.1
BX942813.1,BX942813.1
BX942819.1,BX942819.1
BX942819.3,BX942819.3
BX942821.1,BX942821.1
BX942837.1,BX942837.1
BX942846.1,BX942846.1
BX950184.1,BX950184.1
BX950187.1,BX950187.1
BX950188.1,BX950188.1
BX950205.1,BX950205.1
BX950205.3,BX950205.3
BX950217.1,BX950217.1
BX950224.1,BX950224.1
BX950855.1,BX950855.1
BX950865.1,BX950865.1
BX950868.2,BX950868.2
BX957236.1,BX957236.1
BX957251.1,BX957251.1
BX957252.3,BX957252.3
BX957256.1,BX957256.1
BX957257.1,BX957257.1
BX957260.1,BX957260.1
BX957270.1,BX957270.1
BX957276.1,BX957276.1
BX957278.1,BX957278.1
BX957279.1,BX957279.1
BX957292.1,BX957292.1
BX957297.1,BX957297.1
BX957306.1,BX957306.1
BX957311.1,BX957311.1
BX957317.1,BX957317.1
BX957317.2,BX957317.2
BX957322.1,BX957322.1
BX957322.2,BX957322.2
BX957322.3,BX957322.3
BX957325.1,BX957325.1
BX957326.1,BX957326.1
BX957326.2,BX957326.2
BX957326.3,BX957326.3
BX957328.1,BX957328.1
BX957336.2,BX957336.2
BX957344.1,BX957344.1
BX957345.1,BX957345.1
BX957346.1,BX957346.1
BX957346.3,BX957346.3
BX957347.1,BX957347.1
BX957361.1,BX957361.1
BX957361.2,BX957361.2
BX957362.1,BX957362.1
BX957362.4,BX957362.4
BX957362.5,BX957362.5
bxdc2,bxdc2
bysl,bysl
bzw1a,bzw1a
bzw1b,bzw1b
bzw2,bzw2
C12orf75,C12orf75
c13h10orf71,c13h10orf71
C14orf28,C14orf28
c15h3orf80,c15h3orf80
c16h2orf66,c16h2orf66
c16h7orf31,c16h7orf31
c18h15orf65,c18h15orf65
c18h3orf33,c18h3orf33
c19h1orf109,c19h1orf109
c1d,c1d
c1galt1a,c1galt1a
c1galt1b,c1galt1b
c1galt1c1,c1galt1c1
C1orf232,C1orf232
c1qbp,c1qbp
c1qc,c1qc
c1ql3a,c1ql3a
c1ql4a,c1ql4a
c1ql4b,c1ql4b
c1qtnf1,c1qtnf1
c1qtnf12,c1qtnf12
c1qtnf2,c1qtnf2
c1qtnf4,c1qtnf4
c1qtnf6a,c1qtnf6a
c1qtnf7,c1qtnf7
c1qtnf9,c1qtnf9
c1s,c1s
c24h18orf63,c24h18orf63
c2cd2,c2cd2
c2cd2l,c2cd2l
c2cd3,c2cd3
c2cd4a,c2cd4a
c2cd5,c2cd5
c3a.1,c3a.1
c3a.2,c3a.2
c3a.3,c3a.3
c3a.4,c3a.4
c3a.5,c3a.5
c3a.6,c3a.6
c3b.1,c3b.1
c3b.2,c3b.2
c4,c4
c4b,c4b
c5,c5
c6,c6
c6ast1,c6ast1
c6ast3,c6ast3
c6ast4,c6ast4
c6h1orf226,c6h1orf226
c7a,c7a
c7b,c7b
c8a,c8a
c8b,c8b
c8g,c8g
c8h22orf15,c8h22orf15
c9,c9
ca10a,ca10a
ca10b,ca10b
ca12,ca12
ca14,ca14
ca15a,ca15a
ca15b,ca15b
ca16b,ca16b
ca2,ca2
ca4a,ca4a
ca4b,ca4b
ca4c,ca4c
ca5a,ca5a
ca6,ca6
ca7,ca7
ca8,ca8
ca9,ca9
caap1,caap1
cab39,cab39
cab39l,cab39l
cab39l1,cab39l1
cabcoco1,cabcoco1
cabin1,cabin1
cables1,cables1
cables2a,cables2a
cables2b,cables2b
cabp1a,cabp1a
cabp1b,cabp1b
cabp2a,cabp2a
cabp2b,cabp2b
cabp5a,cabp5a
cabp5b,cabp5b
CABZ01000634.1,CABZ01000634.1
CABZ01001434.1,CABZ01001434.1
CABZ01002188.1,CABZ01002188.1
CABZ01002349.1,CABZ01002349.1
CABZ01002690.1,CABZ01002690.1
CABZ01002702.1,CABZ01002702.1
CABZ01002768.1,CABZ01002768.1
CABZ01003344.1,CABZ01003344.1
CABZ01004876.1,CABZ01004876.1
CABZ01005379.1,CABZ01005379.1
CABZ01005857.2,CABZ01005857.2
CABZ01007816.1,CABZ01007816.1
CABZ01008730.1,CABZ01008730.1
CABZ01008739.1,CABZ01008739.1
CABZ01009248.1,CABZ01009248.1
CABZ01009511.1,CABZ01009511.1
CABZ01009512.2,CABZ01009512.2
CABZ01010098.1,CABZ01010098.1
CABZ01010830.1,CABZ01010830.1
CABZ01011209.1,CABZ01011209.1
CABZ01011673.1,CABZ01011673.1
CABZ01012382.1,CABZ01012382.1
CABZ01012885.1,CABZ01012885.1
CABZ01013771.1,CABZ01013771.1
CABZ01015105.1,CABZ01015105.1
CABZ01015815.1,CABZ01015815.1
CABZ01015815.2,CABZ01015815.2
CABZ01016118.1,CABZ01016118.1
CABZ01016692.1,CABZ01016692.1
CABZ01018269.1,CABZ01018269.1
CABZ01020455.1,CABZ01020455.1
CABZ01020840.1,CABZ01020840.1
CABZ01021433.1,CABZ01021433.1
CABZ01021435.1,CABZ01021435.1
CABZ01021532.1,CABZ01021532.1
CABZ01021592.1,CABZ01021592.1
CABZ01021599.1,CABZ01021599.1
CABZ01023255.1,CABZ01023255.1
CABZ01024499.1,CABZ01024499.1
CABZ01024501.1,CABZ01024501.1
CABZ01024844.1,CABZ01024844.1
CABZ01024848.1,CABZ01024848.1
CABZ01024856.1,CABZ01024856.1
CABZ01025311.1,CABZ01025311.1
CABZ01025780.1,CABZ01025780.1
CABZ01026153.1,CABZ01026153.1
CABZ01026681.1,CABZ01026681.1
CABZ01027646.1,CABZ01027646.1
CABZ01029422.1,CABZ01029422.1
CABZ01029822.1,CABZ01029822.1
CABZ01029938.1,CABZ01029938.1
CABZ01030006.1,CABZ01030006.1
CABZ01030017.1,CABZ01030017.1
CABZ01030017.2,CABZ01030017.2
CABZ01030033.1,CABZ01030033.1
CABZ01030107.1,CABZ01030107.1
CABZ01031868.1,CABZ01031868.1
CABZ01031870.1,CABZ01031870.1
CABZ01032351.1,CABZ01032351.1
CABZ01032476.1,CABZ01032476.1
CABZ01032488.1,CABZ01032488.1
CABZ01032906.1,CABZ01032906.1
CABZ01033178.1,CABZ01033178.1
CABZ01033180.1,CABZ01033180.1
CABZ01033205.1,CABZ01033205.1
CABZ01033206.1,CABZ01033206.1
CABZ01033394.1,CABZ01033394.1
CABZ01033540.1,CABZ01033540.1
CABZ01034082.1,CABZ01034082.1
CABZ01034089.1,CABZ01034089.1
CABZ01034596.1,CABZ01034596.1
CABZ01034691.1,CABZ01034691.1
CABZ01034698.1,CABZ01034698.1
CABZ01034698.2,CABZ01034698.2
CABZ01034851.1,CABZ01034851.1
CABZ01035279.1,CABZ01035279.1
CABZ01035356.1,CABZ01035356.1
CABZ01037174.1,CABZ01037174.1
CABZ01037298.1,CABZ01037298.1
CABZ01038376.1,CABZ01038376.1
CABZ01038493.1,CABZ01038493.1
CABZ01038494.1,CABZ01038494.1
CABZ01038524.1,CABZ01038524.1
CABZ01038699.1,CABZ01038699.1
CABZ01038709.1,CABZ01038709.1
CABZ01039304.1,CABZ01039304.1
CABZ01039782.1,CABZ01039782.1
CABZ01039859.1,CABZ01039859.1
CABZ01040021.1,CABZ01040021.1
CABZ01040054.1,CABZ01040054.1
CABZ01040931.1,CABZ01040931.1
CABZ01040998.1,CABZ01040998.1
CABZ01040999.1,CABZ01040999.1
CABZ01041604.1,CABZ01041604.1
CABZ01041962.1,CABZ01041962.1
CABZ01042675.1,CABZ01042675.1
CABZ01043166.1,CABZ01043166.1
CABZ01043503.1,CABZ01043503.1
CABZ01043506.1,CABZ01043506.1
CABZ01043506.2,CABZ01043506.2
CABZ01043826.1,CABZ01043826.1
CABZ01043955.1,CABZ01043955.1
CABZ01044022.1,CABZ01044022.1
CABZ01044023.1,CABZ01044023.1
CABZ01044048.1,CABZ01044048.1
CABZ01044053.1,CABZ01044053.1
CABZ01044099.1,CABZ01044099.1
CABZ01044154.1,CABZ01044154.1
CABZ01044156.1,CABZ01044156.1
CABZ01044235.1,CABZ01044235.1
CABZ01044277.1,CABZ01044277.1
CABZ01044281.1,CABZ01044281.1
CABZ01044731.1,CABZ01044731.1
CABZ01044764.1,CABZ01044764.1
CABZ01044764.2,CABZ01044764.2
CABZ01046087.1,CABZ01046087.1
CABZ01046088.1,CABZ01046088.1
CABZ01046425.1,CABZ01046425.1
CABZ01046432.1,CABZ01046432.1
CABZ01046954.1,CABZ01046954.1
CABZ01046996.1,CABZ01046996.1
CABZ01046997.1,CABZ01046997.1
CABZ01047589.1,CABZ01047589.1
CABZ01048053.1,CABZ01048053.1
CABZ01048392.1,CABZ01048392.1
CABZ01048402.1,CABZ01048402.1
CABZ01048402.2,CABZ01048402.2
CABZ01048453.1,CABZ01048453.1
CABZ01048666.1,CABZ01048666.1
CABZ01048956.1,CABZ01048956.1
CABZ01049361.1,CABZ01049361.1
CABZ01049362.1,CABZ01049362.1
CABZ01049825.1,CABZ01049825.1
CABZ01049847.1,CABZ01049847.1
CABZ01050238.1,CABZ01050238.1
CABZ01050249.1,CABZ01050249.1
CABZ01050280.1,CABZ01050280.1
CABZ01050944.1,CABZ01050944.1
CABZ01051600.1,CABZ01051600.1
CABZ01051602.1,CABZ01051602.1
CABZ01051877.1,CABZ01051877.1
CABZ01052527.1,CABZ01052527.1
CABZ01052570.1,CABZ01052570.1
CABZ01052576.1,CABZ01052576.1
CABZ01052756.1,CABZ01052756.1
CABZ01052810.1,CABZ01052810.1
CABZ01053221.1,CABZ01053221.1
CABZ01053323.1,CABZ01053323.1
CABZ01053592.1,CABZ01053592.1
CABZ01053619.1,CABZ01053619.1
CABZ01053748.1,CABZ01053748.1
CABZ01053976.1,CABZ01053976.1
CABZ01054023.1,CABZ01054023.1
CABZ01054394.1,CABZ01054394.1
CABZ01054965.1,CABZ01054965.1
CABZ01055306.1,CABZ01055306.1
CABZ01055347.1,CABZ01055347.1
CABZ01055365.1,CABZ01055365.1
CABZ01055489.1,CABZ01055489.1
CABZ01055522.1,CABZ01055522.1
CABZ01055707.1,CABZ01055707.1
CABZ01056052.1,CABZ01056052.1
CABZ01056275.1,CABZ01056275.1
CABZ01056321.1,CABZ01056321.1
CABZ01056629.1,CABZ01056629.1
CABZ01056826.1,CABZ01056826.1
CABZ01056843.1,CABZ01056843.1
CABZ01057057.1,CABZ01057057.1
CABZ01057159.1,CABZ01057159.1
CABZ01057364.1,CABZ01057364.1
CABZ01057364.2,CABZ01057364.2
CABZ01057381.1,CABZ01057381.1
CABZ01057488.1,CABZ01057488.1
CABZ01057496.1,CABZ01057496.1
CABZ01057891.1,CABZ01057891.1
CABZ01058045.1,CABZ01058045.1
CABZ01058046.1,CABZ01058046.1
CABZ01058107.1,CABZ01058107.1
CABZ01058261.1,CABZ01058261.1
CABZ01058333.1,CABZ01058333.1
CABZ01058362.1,CABZ01058362.1
CABZ01058452.1,CABZ01058452.1
CABZ01058650.1,CABZ01058650.1
CABZ01058721.1,CABZ01058721.1
CABZ01058723.1,CABZ01058723.1
CABZ01059099.1,CABZ01059099.1
CABZ01059119.1,CABZ01059119.1
CABZ01059120.1,CABZ01059120.1
CABZ01059403.1,CABZ01059403.1
CABZ01059406.1,CABZ01059406.1
CABZ01059408.1,CABZ01059408.1
CABZ01059559.1,CABZ01059559.1
CABZ01059623.1,CABZ01059623.1
CABZ01059626.1,CABZ01059626.1
CABZ01059627.1,CABZ01059627.1
CABZ01059627.2,CABZ01059627.2
CABZ01059627.3,CABZ01059627.3
CABZ01059914.1,CABZ01059914.1
CABZ01060030.1,CABZ01060030.1
CABZ01060373.1,CABZ01060373.1
CABZ01060490.1,CABZ01060490.1
CABZ01060491.1,CABZ01060491.1
CABZ01060492.1,CABZ01060492.1
CABZ01060891.1,CABZ01060891.1
CABZ01060936.1,CABZ01060936.1
CABZ01061349.1,CABZ01061349.1
CABZ01061495.1,CABZ01061495.1
CABZ01061498.1,CABZ01061498.1
CABZ01061508.1,CABZ01061508.1
CABZ01061524.1,CABZ01061524.1
CABZ01061591.1,CABZ01061591.1
CABZ01062422.1,CABZ01062422.1
CABZ01062796.1,CABZ01062796.1
CABZ01062797.1,CABZ01062797.1
CABZ01062996.1,CABZ01062996.1
CABZ01063034.1,CABZ01063034.1
CABZ01063298.1,CABZ01063298.1
CABZ01063543.1,CABZ01063543.1
CABZ01063556.1,CABZ01063556.1
CABZ01063602.1,CABZ01063602.1
CABZ01063971.1,CABZ01063971.1
CABZ01064405.1,CABZ01064405.1
CABZ01064441.1,CABZ01064441.1
CABZ01064472.1,CABZ01064472.1
CABZ01064670.1,CABZ01064670.1
CABZ01064671.1,CABZ01064671.1
CABZ01064771.1,CABZ01064771.1
CABZ01064859.1,CABZ01064859.1
CABZ01064859.2,CABZ01064859.2
CABZ01064941.1,CABZ01064941.1
CABZ01064968.1,CABZ01064968.1
CABZ01064972.1,CABZ01064972.1
CABZ01065076.1,CABZ01065076.1
CABZ01065131.1,CABZ01065131.1
CABZ01065328.1,CABZ01065328.1
CABZ01065328.2,CABZ01065328.2
CABZ01065417.1,CABZ01065417.1
CABZ01065425.1,CABZ01065425.1
CABZ01065679.1,CABZ01065679.1
CABZ01066224.1,CABZ01066224.1
CABZ01066320.1,CABZ01066320.1
CABZ01066320.2,CABZ01066320.2
CABZ01066384.1,CABZ01066384.1
CABZ01066578.1,CABZ01066578.1
CABZ01066694.1,CABZ01066694.1
CABZ01066719.1,CABZ01066719.1
CABZ01066720.1,CABZ01066720.1
CABZ01066725.1,CABZ01066725.1
CABZ01066727.1,CABZ01066727.1
CABZ01066921.1,CABZ01066921.1
CABZ01066926.1,CABZ01066926.1
CABZ01067002.1,CABZ01067002.1
CABZ01067080.1,CABZ01067080.1
CABZ01067150.1,CABZ01067150.1
CABZ01067151.2,CABZ01067151.2
CABZ01067169.1,CABZ01067169.1
CABZ01067232.1,CABZ01067232.1
CABZ01067348.1,CABZ01067348.1
CABZ01067440.1,CABZ01067440.1
CABZ01067557.1,CABZ01067557.1
CABZ01067558.1,CABZ01067558.1
CABZ01067581.1,CABZ01067581.1
CABZ01067657.1,CABZ01067657.1
CABZ01067754.1,CABZ01067754.1
CABZ01067973.1,CABZ01067973.1
CABZ01067979.1,CABZ01067979.1
CABZ01067980.1,CABZ01067980.1
CABZ01068050.1,CABZ01068050.1
CABZ01068177.1,CABZ01068177.1
CABZ01068244.1,CABZ01068244.1
CABZ01068246.1,CABZ01068246.1
CABZ01068248.1,CABZ01068248.1
CABZ01068251.1,CABZ01068251.1
CABZ01068273.1,CABZ01068273.1
CABZ01068352.1,CABZ01068352.1
CABZ01068356.1,CABZ01068356.1
CABZ01068358.1,CABZ01068358.1
CABZ01068362.1,CABZ01068362.1
CABZ01068366.1,CABZ01068366.1
CABZ01068367.1,CABZ01068367.1
CABZ01068469.1,CABZ01068469.1
CABZ01068499.1,CABZ01068499.1
CABZ01068600.1,CABZ01068600.1
CABZ01068842.1,CABZ01068842.1
CABZ01069020.1,CABZ01069020.1
CABZ01069022.1,CABZ01069022.1
CABZ01069022.2,CABZ01069022.2
CABZ01069040.1,CABZ01069040.1
CABZ01069162.1,CABZ01069162.1
CABZ01069184.1,CABZ01069184.1
CABZ01070258.1,CABZ01070258.1
CABZ01070469.1,CABZ01070469.1
CABZ01070527.1,CABZ01070527.1
CABZ01070579.1,CABZ01070579.1
CABZ01070631.1,CABZ01070631.1
CABZ01070747.1,CABZ01070747.1
CABZ01070852.1,CABZ01070852.1
CABZ01070852.2,CABZ01070852.2
CABZ01071020.1,CABZ01071020.1
CABZ01071056.1,CABZ01071056.1
CABZ01071326.1,CABZ01071326.1
CABZ01071845.1,CABZ01071845.1
CABZ01071848.1,CABZ01071848.1
CABZ01071874.1,CABZ01071874.1
CABZ01071903.1,CABZ01071903.1
CABZ01071939.1,CABZ01071939.1
CABZ01071972.1,CABZ01071972.1
CABZ01072077.1,CABZ01072077.1
CABZ01072084.1,CABZ01072084.1
CABZ01072096.1,CABZ01072096.1
CABZ01072157.1,CABZ01072157.1
CABZ01072245.1,CABZ01072245.1
CABZ01072254.1,CABZ01072254.1
CABZ01072309.1,CABZ01072309.1
CABZ01072312.1,CABZ01072312.1
CABZ01072406.1,CABZ01072406.1
CABZ01072487.1,CABZ01072487.1
CABZ01072487.2,CABZ01072487.2
CABZ01072523.1,CABZ01072523.1
CABZ01072532.1,CABZ01072532.1
CABZ01072548.1,CABZ01072548.1
CABZ01072614.1,CABZ01072614.1
CABZ01072810.1,CABZ01072810.1
CABZ01072848.1,CABZ01072848.1
CABZ01072885.1,CABZ01072885.1
CABZ01072950.1,CABZ01072950.1
CABZ01072952.1,CABZ01072952.1
CABZ01073033.1,CABZ01073033.1
CABZ01073083.1,CABZ01073083.1
CABZ01073097.1,CABZ01073097.1
CABZ01073166.1,CABZ01073166.1
CABZ01073197.1,CABZ01073197.1
CABZ01073424.1,CABZ01073424.1
CABZ01073424.2,CABZ01073424.2
CABZ01073736.1,CABZ01073736.1
CABZ01073795.1,CABZ01073795.1
CABZ01073834.1,CABZ01073834.1
CABZ01074085.1,CABZ01074085.1
CABZ01074130.1,CABZ01074130.1
CABZ01074203.1,CABZ01074203.1
CABZ01074298.1,CABZ01074298.1
CABZ01074304.1,CABZ01074304.1
CABZ01074307.1,CABZ01074307.1
CABZ01074307.2,CABZ01074307.2
CABZ01074363.1,CABZ01074363.1
CABZ01074397.1,CABZ01074397.1
CABZ01074453.1,CABZ01074453.1
CABZ01074708.1,CABZ01074708.1
CABZ01074745.1,CABZ01074745.1
CABZ01074888.1,CABZ01074888.1
CABZ01074913.1,CABZ01074913.1
CABZ01074994.1,CABZ01074994.1
CABZ01075068.1,CABZ01075068.1
CABZ01075078.1,CABZ01075078.1
CABZ01075114.1,CABZ01075114.1
CABZ01075242.1,CABZ01075242.1
CABZ01075274.1,CABZ01075274.1
CABZ01075319.1,CABZ01075319.1
CABZ01075509.1,CABZ01075509.1
CABZ01075521.1,CABZ01075521.1
CABZ01075572.1,CABZ01075572.1
CABZ01075618.1,CABZ01075618.1
CABZ01075628.1,CABZ01075628.1
cabz01076234.2,cabz01076234.2
CABZ01076275.1,CABZ01076275.1
CABZ01076667.1,CABZ01076667.1
CABZ01076737.1,CABZ01076737.1
CABZ01076744.1,CABZ01076744.1
CABZ01076758.1,CABZ01076758.1
CABZ01076968.1,CABZ01076968.1
CABZ01076996.1,CABZ01076996.1
CABZ01077121.1,CABZ01077121.1
CABZ01077217.1,CABZ01077217.1
CABZ01077217.2,CABZ01077217.2
CABZ01077218.1,CABZ01077218.1
CABZ01077220.1,CABZ01077220.1
CABZ01077220.2,CABZ01077220.2
CABZ01077555.1,CABZ01077555.1
CABZ01077956.1,CABZ01077956.1
CABZ01078055.1,CABZ01078055.1
CABZ01078120.1,CABZ01078120.1
CABZ01078244.2,CABZ01078244.2
CABZ01078261.1,CABZ01078261.1
CABZ01078320.1,CABZ01078320.1
CABZ01078350.1,CABZ01078350.1
CABZ01078594.1,CABZ01078594.1
CABZ01078606.1,CABZ01078606.1
CABZ01078607.1,CABZ01078607.1
CABZ01078733.1,CABZ01078733.1
CABZ01078734.1,CABZ01078734.1
CABZ01078737.1,CABZ01078737.1
CABZ01078767.1,CABZ01078767.1
CABZ01078989.1,CABZ01078989.1
CABZ01079005.1,CABZ01079005.1
CABZ01079080.1,CABZ01079080.1
CABZ01079081.1,CABZ01079081.1
CABZ01079179.1,CABZ01079179.1
CABZ01079192.1,CABZ01079192.1
CABZ01079241.1,CABZ01079241.1
CABZ01079251.1,CABZ01079251.1
CABZ01079267.1,CABZ01079267.1
CABZ01079276.1,CABZ01079276.1
CABZ01079281.1,CABZ01079281.1
CABZ01079302.1,CABZ01079302.1
CABZ01079427.1,CABZ01079427.1
CABZ01079480.1,CABZ01079480.1
CABZ01079550.1,CABZ01079550.1
CABZ01079663.1,CABZ01079663.1
CABZ01079837.1,CABZ01079837.1
CABZ01079853.1,CABZ01079853.1
CABZ01079872.1,CABZ01079872.1
CABZ01080006.1,CABZ01080006.1
CABZ01080056.1,CABZ01080056.1
CABZ01080074.1,CABZ01080074.1
CABZ01080371.1,CABZ01080371.1
CABZ01080371.2,CABZ01080371.2
CABZ01080371.3,CABZ01080371.3
CABZ01080375.1,CABZ01080375.1
CABZ01080568.1,CABZ01080568.1
CABZ01080587.1,CABZ01080587.1
CABZ01080599.1,CABZ01080599.1
CABZ01080702.1,CABZ01080702.1
CABZ01081294.1,CABZ01081294.1
CABZ01081385.1,CABZ01081385.1
CABZ01081490.1,CABZ01081490.1
CABZ01081730.1,CABZ01081730.1
CABZ01081752.1,CABZ01081752.1
CABZ01081752.2,CABZ01081752.2
CABZ01081752.3,CABZ01081752.3
CABZ01081777.1,CABZ01081777.1
CABZ01081780.1,CABZ01081780.1
CABZ01081830.2,CABZ01081830.2
CABZ01081897.1,CABZ01081897.1
CABZ01081908.1,CABZ01081908.1
CABZ01081909.1,CABZ01081909.1
CABZ01083166.1,CABZ01083166.1
CABZ01083442.1,CABZ01083442.1
CABZ01083448.1,CABZ01083448.1
CABZ01083943.1,CABZ01083943.1
CABZ01083945.1,CABZ01083945.1
CABZ01084081.1,CABZ01084081.1
CABZ01084131.1,CABZ01084131.1
CABZ01084225.1,CABZ01084225.1
CABZ01084230.1,CABZ01084230.1
CABZ01084347.1,CABZ01084347.1
CABZ01084382.1,CABZ01084382.1
CABZ01084501.2,CABZ01084501.2
CABZ01084501.3,CABZ01084501.3
CABZ01084564.1,CABZ01084564.1
CABZ01084566.1,CABZ01084566.1
CABZ01084575.1,CABZ01084575.1
CABZ01084603.1,CABZ01084603.1
CABZ01084617.1,CABZ01084617.1
CABZ01084942.1,CABZ01084942.1
CABZ01084963.1,CABZ01084963.1
CABZ01085052.1,CABZ01085052.1
CABZ01085061.1,CABZ01085061.1
CABZ01085137.1,CABZ01085137.1
CABZ01085139.1,CABZ01085139.1
CABZ01085177.1,CABZ01085177.1
CABZ01085195.1,CABZ01085195.1
CABZ01085201.1,CABZ01085201.1
CABZ01085365.1,CABZ01085365.1
CABZ01085594.1,CABZ01085594.1
CABZ01085626.1,CABZ01085626.1
CABZ01085658.1,CABZ01085658.1
CABZ01085662.1,CABZ01085662.1
CABZ01085700.1,CABZ01085700.1
CABZ01085710.1,CABZ01085710.1
CABZ01085878.1,CABZ01085878.1
CABZ01085887.1,CABZ01085887.1
CABZ01086029.1,CABZ01086029.1
CABZ01086041.1,CABZ01086041.1
CABZ01086127.1,CABZ01086127.1
CABZ01086293.1,CABZ01086293.1
CABZ01086574.1,CABZ01086574.1
CABZ01086734.1,CABZ01086734.1
CABZ01086877.1,CABZ01086877.1
CABZ01087025.1,CABZ01087025.1
CABZ01087025.2,CABZ01087025.2
CABZ01087025.3,CABZ01087025.3
CABZ01087091.1,CABZ01087091.1
CABZ01087415.1,CABZ01087415.1
CABZ01087514.1,CABZ01087514.1
CABZ01087560.1,CABZ01087560.1
CABZ01087564.1,CABZ01087564.1
CABZ01087629.1,CABZ01087629.1
CABZ01087948.1,CABZ01087948.1
CABZ01088025.1,CABZ01088025.1
CABZ01088036.1,CABZ01088036.1
CABZ01088049.1,CABZ01088049.1
CABZ01088109.1,CABZ01088109.1
CABZ01088134.1,CABZ01088134.1
CABZ01088149.1,CABZ01088149.1
CABZ01088229.1,CABZ01088229.1
CABZ01088271.1,CABZ01088271.1
CABZ01088274.1,CABZ01088274.1
CABZ01088308.1,CABZ01088308.1
CABZ01088367.1,CABZ01088367.1
CABZ01088428.1,CABZ01088428.1
CABZ01088484.1,CABZ01088484.1
CABZ01088864.1,CABZ01088864.1
CABZ01089081.1,CABZ01089081.1
CABZ01089980.1,CABZ01089980.1
CABZ01090041.1,CABZ01090041.1
CABZ01090144.1,CABZ01090144.1
CABZ01090219.1,CABZ01090219.1
CABZ01090361.1,CABZ01090361.1
CABZ01090373.1,CABZ01090373.1
CABZ01090785.1,CABZ01090785.1
CABZ01090890.1,CABZ01090890.1
CABZ01092072.1,CABZ01092072.1
CABZ01092156.1,CABZ01092156.1
CABZ01092170.1,CABZ01092170.1
CABZ01092282.1,CABZ01092282.1
CABZ01092746.1,CABZ01092746.1
CABZ01092907.1,CABZ01092907.1
CABZ01092982.1,CABZ01092982.1
cabz01093075.1,cabz01093075.1
CABZ01093502.1,CABZ01093502.1
CABZ01094390.1,CABZ01094390.1
CABZ01095001.1,CABZ01095001.1
CABZ01096573.1,CABZ01096573.1
CABZ01099795.1,CABZ01099795.1
CABZ01099833.1,CABZ01099833.1
CABZ01099847.1,CABZ01099847.1
CABZ01100278.1,CABZ01100278.1
CABZ01100304.1,CABZ01100304.1
CABZ01100396.1,CABZ01100396.1
CABZ01101739.1,CABZ01101739.1
CABZ01101813.1,CABZ01101813.1
CABZ01101984.1,CABZ01101984.1
CABZ01102038.1,CABZ01102038.1
CABZ01102109.1,CABZ01102109.1
CABZ01102115.1,CABZ01102115.1
CABZ01102170.1,CABZ01102170.1
CABZ01102201.1,CABZ01102201.1
CABZ01102240.1,CABZ01102240.1
CABZ01102517.1,CABZ01102517.1
CABZ01102518.1,CABZ01102518.1
CABZ01103862.1,CABZ01103862.1
CABZ01109019.1,CABZ01109019.1
CABZ01109081.1,CABZ01109081.1
CABZ01109480.1,CABZ01109480.1
CABZ01109481.1,CABZ01109481.1
CABZ01109604.1,CABZ01109604.1
CABZ01110379.1,CABZ01110379.1
CABZ01110881.1,CABZ01110881.1
CABZ01111454.1,CABZ01111454.1
CABZ01111496.1,CABZ01111496.1
CABZ01111953.1,CABZ01111953.1
CABZ01111959.1,CABZ01111959.1
CABZ01112025.1,CABZ01112025.1
CABZ01112049.1,CABZ01112049.1
CABZ01112387.1,CABZ01112387.1
CABZ01112461.1,CABZ01112461.1
CABZ01112656.1,CABZ01112656.1
CABZ01112732.1,CABZ01112732.1
CABZ01112864.1,CABZ01112864.1
CABZ01113192.1,CABZ01113192.1
CABZ01113369.1,CABZ01113369.1
CABZ01113467.1,CABZ01113467.1
CABZ01113599.1,CABZ01113599.1
CABZ01113771.1,CABZ01113771.1
CABZ01113812.1,CABZ01113812.1
CABZ01113815.1,CABZ01113815.1
CABZ01113816.1,CABZ01113816.1
CABZ01113830.1,CABZ01113830.1
CABZ01113954.1,CABZ01113954.1
CABZ01114105.1,CABZ01114105.1
CABZ01115113.1,CABZ01115113.1
CABZ01117348.1,CABZ01117348.1
CABZ01117603.1,CABZ01117603.1
CABZ01117607.1,CABZ01117607.1
CABZ01117752.1,CABZ01117752.1
CABZ01117780.1,CABZ01117780.1
CABZ01117840.1,CABZ01117840.1
CABZ01118575.1,CABZ01118575.1
CABZ01118738.1,CABZ01118738.1
CABZ01118767.1,CABZ01118767.1
CABZ01118770.1,CABZ01118770.1
CACFD1,CACFD1
cachd1,cachd1
cacna1aa,cacna1aa
cacna1ab,cacna1ab
cacna1ba,cacna1ba
cacna1bb,cacna1bb
cacna1c,cacna1c
cacna1da,cacna1da
cacna1db,cacna1db
cacna1ea,cacna1ea
cacna1eb,cacna1eb
cacna1fa,cacna1fa
cacna1fb,cacna1fb
cacna1g,cacna1g
cacna1ha,cacna1ha
cacna1hb,cacna1hb
cacna1i,cacna1i
cacna1sa,cacna1sa
cacna1sb,cacna1sb
CACNA2D1,CACNA2D1
cacna2d1a,cacna2d1a
cacna2d2a,cacna2d2a
cacna2d2b,cacna2d2b
cacna2d3,cacna2d3
cacna2d4a,cacna2d4a
cacna2d4b,cacna2d4b
cacnb1,cacnb1
cacnb2b,cacnb2b
cacnb3a,cacnb3a
cacnb3b,cacnb3b
cacnb4a,cacnb4a
cacnb4b,cacnb4b
cacng1a,cacng1a
cacng2a,cacng2a
cacng2b,cacng2b
cacng3a,cacng3a
cacng3b,cacng3b
cacng4a,cacng4a
cacng4b,cacng4b
cacng5a,cacng5a
cacng5b,cacng5b
cacng6a,cacng6a
cacng6b,cacng6b
cacng7a,cacng7a
cacng7b,cacng7b
cacng8a,cacng8a
cacng8b,cacng8b
cactin,cactin
cacul1,cacul1
cacybp,cacybp
cad,cad
cadm1a,cadm1a
cadm1b,cadm1b
cadm2a,cadm2a
cadm2b,cadm2b
cadm3,cadm3
cadm4,cadm4
cadps2,cadps2
cadpsa,cadpsa
cadpsb,cadpsb
cahz,cahz
caiap,caiap
calb1,calb1
calb2b,calb2b
calca,calca
calcoco1a,calcoco1a
calcoco1b,calcoco1b
calcoco2,calcoco2
calcr,calcr
calcrla,calcrla
calcrlb,calcrlb
cald1a,cald1a
calhm1,calhm1
calhm3,calhm3
calhm5.1,calhm5.1
calhm5.2,calhm5.2
calhm6,calhm6
calm1b,calm1b
calm2a,calm2a
calm2b,calm2b
calm3b,calm3b
calml4a,calml4a
calml4b,calml4b
caln1,caln1
caln2,caln2
calr,calr
calr3a,calr3a
calr3b,calr3b
calua,calua
calub,calub
caly,caly
camk1a,camk1a
camk1b,camk1b
camk1da,camk1da
camk1ga,camk1ga
camk1gb,camk1gb
camk2a,camk2a
camk2b1,camk2b1
camk2b2,camk2b2
camk2d1,camk2d1
camk2d2,camk2d2
camk2g1,camk2g1
camk2g2,camk2g2
CAMK2N1,CAMK2N1
camk2n1a,camk2n1a
camk2n2,camk2n2
camk4,camk4
camkk1a,camkk1a
camkk1b,camkk1b
camkva,camkva
camkvb,camkvb
camkvl,camkvl
camlg,camlg
camsap1a,camsap1a
camsap1b,camsap1b
camsap2a,camsap2a
camsap2b,camsap2b
camta1,camta1
camta1a,camta1a
camta1b,camta1b
camta2,camta2
cand1,cand1
cand2,cand2
cant1a,cant1a
cant1b,cant1b
canx,canx
cap1,cap1
cap2,cap2
capga,capga
capgb,capgb
capn10,capn10
capn12,capn12
CAPN14,CAPN14
capn15,capn15
capn1a,capn1a
capn1b,capn1b
capn2a,capn2a
capn2b,capn2b
capn2l,capn2l
capn3a,capn3a
capn3b,capn3b
capn5a,capn5a
capn5b,capn5b
capn7,capn7
capn8,capn8
capn9,capn9
capns1a,capns1a
capns1b,capns1b
caprin1a,caprin1a
caprin1b,caprin1b
caprin2,caprin2
caps2,caps2
capsla,capsla
capslb,capslb
capza1a,capza1a
capza1b,capza1b
capzb,capzb
car15,car15
card11,card11
card19,card19
card9,card9
carf,carf
carhsp1,carhsp1
carm1,carm1
carm1l,carm1l
carmil1,carmil1
carmil2,carmil2
carmil3,carmil3
carnmt1,carnmt1
cars,cars
cars2,cars2
cart2,cart2
cart3,cart3
cart4,cart4
casc1,casc1
casc3,casc3
casc4,casc4
casd1,casd1
caska,caska
caskb,caskb
caskin1,caskin1
casp2,casp2
casp3a,casp3a
casp3b,casp3b
casp6,casp6
casp6l1,casp6l1
casp6l2,casp6l2
casp7,casp7
casp8,casp8
casp8ap2,casp8ap2
casp8l2,casp8l2
casp9,casp9
caspa,caspa
caspb,caspb
caspbl,caspbl
casq1a,casq1a
casq1b,casq1b
casq2,casq2
casr,casr
cass4,cass4
cast,cast
castor1,castor1
castor2,castor2
casz1,casz1
cat,cat
catip,catip
cav1,cav1
cav2,cav2
cav3,cav3
cavin1a,cavin1a
cavin1b,cavin1b
cavin2a,cavin2a
cavin2b,cavin2b
cavin4a,cavin4a
cavin4b,cavin4b
cax1,cax1
cax2,cax2
cbarpb,cbarpb
cbfa2t2,cbfa2t2
cbfa2t3,cbfa2t3
cbfb,cbfb
cbl,cbl
cblb,cblb
cblc,cblc
cbll1,cbll1
cbln1,cbln1
cbln10,cbln10
cbln11,cbln11
cbln12,cbln12
cbln13,cbln13
cbln14,cbln14
cbln17,cbln17
cbln18,cbln18
cbln20,cbln20
cbln2a,cbln2a
cbln2b,cbln2b
cbln4,cbln4
cbln5,cbln5
cbln7,cbln7
cbr1,cbr1
cbr1l,cbr1l
cbr4,cbr4
cbsa,cbsa
cbsb,cbsb
cbwd,cbwd
cbx1a,cbx1a
cbx1b,cbx1b
cbx2,cbx2
cbx3a,cbx3a
cbx3b,cbx3b
cbx4,cbx4
cbx5,cbx5
cbx6a,cbx6a
cbx6b,cbx6b
cbx7b,cbx7b
cbx8a,cbx8a
cbx8b,cbx8b
cby1,cby1
CC2D1A,CC2D1A
cc2d1b,cc2d1b
cc2d2a,cc2d2a
ccar1,ccar1
ccar2,ccar2
ccbe1,ccbe1
ccdc102a,ccdc102a
ccdc103,ccdc103
ccdc105,ccdc105
ccdc106a,ccdc106a
ccdc106b,ccdc106b
ccdc113,ccdc113
ccdc114,ccdc114
ccdc115,ccdc115
ccdc12,ccdc12
ccdc120,ccdc120
ccdc124,ccdc124
ccdc125,ccdc125
ccdc126,ccdc126
CCDC127,CCDC127
ccdc127b,ccdc127b
ccdc13,ccdc13
ccdc130,ccdc130
CCDC134,CCDC134
ccdc137,ccdc137
ccdc14,ccdc14
ccdc141,ccdc141
ccdc142,ccdc142
ccdc146,ccdc146
ccdc149a,ccdc149a
ccdc149b,ccdc149b
ccdc15,ccdc15
ccdc151,ccdc151
ccdc153,ccdc153
ccdc157,ccdc157
ccdc160,ccdc160
ccdc166,ccdc166
ccdc167,ccdc167
ccdc169,ccdc169
ccdc17,ccdc17
ccdc170,ccdc170
ccdc172,ccdc172
ccdc173,ccdc173
ccdc174,ccdc174
ccdc175,ccdc175
ccdc177,ccdc177
ccdc18,ccdc18
ccdc180,ccdc180
ccdc181,ccdc181
ccdc186,ccdc186
ccdc187,ccdc187
ccdc22,ccdc22
ccdc24,ccdc24
ccdc25,ccdc25
ccdc28a,ccdc28a
ccdc28b,ccdc28b
ccdc30,ccdc30
ccdc32,ccdc32
ccdc36,ccdc36
ccdc39,ccdc39
ccdc3a,ccdc3a
ccdc3b,ccdc3b
ccdc40,ccdc40
ccdc43,ccdc43
ccdc47,ccdc47
ccdc50,ccdc50
ccdc51,ccdc51
ccdc57,ccdc57
ccdc58,ccdc58
ccdc59,ccdc59
ccdc61,ccdc61
ccdc62,ccdc62
ccdc65,ccdc65
CCDC69,CCDC69
ccdc6a,ccdc6a
ccdc6b,ccdc6b
ccdc73,ccdc73
ccdc77,ccdc77
ccdc78,ccdc78
ccdc80,ccdc80
ccdc80l1,ccdc80l1
ccdc80l2,ccdc80l2
ccdc82,ccdc82
ccdc83,ccdc83
ccdc84,ccdc84
ccdc85a,ccdc85a
ccdc85al,ccdc85al
ccdc85b,ccdc85b
ccdc85ca,ccdc85ca
ccdc85cb,ccdc85cb
ccdc87,ccdc87
ccdc88aa,ccdc88aa
ccdc88b,ccdc88b
ccdc88c,ccdc88c
ccdc9,ccdc9
ccdc90b,ccdc90b
ccdc92,ccdc92
ccdc93,ccdc93
ccdc96,ccdc96
ccdc97,ccdc97
ccdc9b,ccdc9b
ccka,ccka
CCKAR,CCKAR
CCKBR,CCKBR
ccl19a.1,ccl19a.1
ccl19a.2,ccl19a.2
ccl19b,ccl19b
ccl25b,ccl25b
ccl27a,ccl27a
ccl27b,ccl27b
ccl32b.3,ccl32b.3
ccl33.2,ccl33.2
ccl33.3,ccl33.3
ccl34a.4,ccl34a.4
ccl34b.3,ccl34b.3
ccl34b.4,ccl34b.4
ccl34b.8,ccl34b.8
ccl34b.9,ccl34b.9
ccl35.1,ccl35.1
ccl36.1,ccl36.1
ccl38.1,ccl38.1
ccl38.6,ccl38.6
ccl38a.3,ccl38a.3
ccl38a.4,ccl38a.4
ccl38a.5,ccl38a.5
ccl39.1,ccl39.1
ccl39.3,ccl39.3
ccl39.4,ccl39.4
ccl39.5,ccl39.5
ccl39.6,ccl39.6
ccl39.7,ccl39.7
ccl39.9,ccl39.9
ccl44,ccl44
ccm2,ccm2
ccm2l,ccm2l
ccna1,ccna1
ccna2,ccna2
ccnb1,ccnb1
CCNB1IP1,CCNB1IP1
ccnb2,ccnb2
ccnb3,ccnb3
ccnc,ccnc
ccnd1,ccnd1
ccnd2a,ccnd2a
ccnd2b,ccnd2b
ccnd3,ccnd3
ccndbp1,ccndbp1
ccne1,ccne1
ccne2,ccne2
ccnf,ccnf
ccng1,ccng1
ccng2,ccng2
ccnh,ccnh
ccni,ccni
ccnj,ccnj
ccnjl,ccnjl
ccnk,ccnk
ccnl1a,ccnl1a
ccnl1b,ccnl1b
ccnq,ccnq
ccnt2a,ccnt2a
ccnt2b,ccnt2b
ccny,ccny
ccnyl1,ccnyl1
ccr10,ccr10
ccr11.1,ccr11.1
ccr12b.1,ccr12b.1
ccr12b.2,ccr12b.2
ccr2,ccr2
ccr7,ccr7
ccr8.1,ccr8.1
ccr9a,ccr9a
ccs,ccs
ccsapa,ccsapa
ccsapb,ccsapb
ccser1,ccser1
ccser2a,ccser2a
ccser2b,ccser2b
cct3,cct3
cct4,cct4
cct5,cct5
cct6a,cct6a
cct7,cct7
cct8,cct8
ccz1,ccz1
cd109,cd109
cd151,cd151
cd151l,cd151l
cd164,cd164
cd164l2,cd164l2
cd209,cd209
cd22,cd22
cd226,cd226
cd247l,cd247l
cd248a,cd248a
cd248b,cd248b
cd276,cd276
cd28,cd28
cd28l,cd28l
cd2ap,cd2ap
cd2bp2,cd2bp2
cd302,cd302
cd36,cd36
cd37,cd37
cd3eap,cd3eap
cd4-1,cd4-1
cd4-2.2,cd4-2.2
cd40,cd40
cd40lg,cd40lg
cd44a,cd44a
cd44b,cd44b
cd59,cd59
cd63,cd63
cd74a,cd74a
cd74b,cd74b
cd79a,cd79a
cd7al,cd7al
cd81a,cd81a
cd81b,cd81b
cd82a,cd82a
cd82b,cd82b
cd83,cd83
cd8a,cd8a
cd99,cd99
cd99l2,cd99l2
cd9a,cd9a
cd9b,cd9b
cdaa,cdaa
cdab,cdab
cdadc1,cdadc1
cdan1,cdan1
cdc123,cdc123
cdc14aa,cdc14aa
cdc14ab,cdc14ab
cdc14b,cdc14b
cdc16,cdc16
cdc20,cdc20
cdc23,cdc23
cdc25b,cdc25b
cdc25d,cdc25d
cdc26,cdc26
cdc27,cdc27
cdc34a,cdc34a
cdc34b,cdc34b
cdc37,cdc37
cdc37l1,cdc37l1
cdc40,cdc40
cdc42,cdc42
cdc42bpaa,cdc42bpaa
cdc42bpab,cdc42bpab
cdc42bpb,cdc42bpb
cdc42ep1a,cdc42ep1a
cdc42ep2,cdc42ep2
cdc42ep3,cdc42ep3
cdc42ep4a,cdc42ep4a
cdc42ep4b,cdc42ep4b
cdc42ep5,cdc42ep5
cdc42l,cdc42l
cdc42l2,cdc42l2
cdc42se1,cdc42se1
cdc42se2,cdc42se2
cdc45,cdc45
cdc5l,cdc5l
cdc6,cdc6
cdc7,cdc7
cdc73,cdc73
cdca4,cdca4
cdca5,cdca5
cdca7a,cdca7a
cdca7b,cdca7b
cdca8,cdca8
cdca9,cdca9
CDCP1,CDCP1
cdcp1a,cdcp1a
cdcp2,cdcp2
cdh1,cdh1
cdh10a,cdh10a
cdh11,cdh11
cdh12a,cdh12a
cdh15,cdh15
cdh16,cdh16
cdh17,cdh17
CDH18,CDH18
cdh18a,cdh18a
cdh2,cdh2
cdh24a,cdh24a
cdh24b,cdh24b
cdh26.1,cdh26.1
cdh26.2,cdh26.2
cdh27,cdh27
cdh28,cdh28
cdh29,cdh29
cdh30,cdh30
cdh31,cdh31
cdh4,cdh4
cdh5,cdh5
cdh6,cdh6
cdh7a,cdh7a
cdh7b,cdh7b
CDHR1,CDHR1
cdhr1a,cdhr1a
cdhr5a,cdhr5a
cdhr5b,cdhr5b
cdip1,cdip1
cdipt,cdipt
cdk1,cdk1
cdk10,cdk10
cdk11b,cdk11b
cdk12,cdk12
cdk13,cdk13
cdk14,cdk14
cdk15,cdk15
cdk16,cdk16
cdk17,cdk17
CDK18,CDK18
cdk19,cdk19
cdk2,cdk2
cdk20,cdk20
cdk21,cdk21
CDK2AP1,CDK2AP1
cdk2ap2,cdk2ap2
cdk4,cdk4
cdk5,cdk5
cdk5r1a,cdk5r1a
cdk5r1b,cdk5r1b
cdk5r2a,cdk5r2a
cdk5r2b,cdk5r2b
cdk5rap1,cdk5rap1
cdk5rap2,cdk5rap2
cdk5rap3,cdk5rap3
cdk6,cdk6
cdk7,cdk7
cdk8,cdk8
cdk9,cdk9
cdkal1,cdkal1
cdkl1,cdkl1
cdkl5,cdkl5
cdkn1a,cdkn1a
cdkn1ba,cdkn1ba
cdkn1bb,cdkn1bb
cdkn1ca,cdkn1ca
cdkn1cb,cdkn1cb
cdkn1d,cdkn1d
cdkn2a/b,cdkn2ab
cdkn2aip,cdkn2aip
cdkn2aipnl,cdkn2aipnl
cdkn2c,cdkn2c
cdkn2d,cdkn2d
cdkn3,cdkn3
cdnf,cdnf
cdo1,cdo1
cdon,cdon
CDPF1,CDPF1
cdr2a,cdr2a
cdr2l,cdr2l
cds1,cds1
cds2,cds2
cdt1,cdt1
cdv3,cdv3
cdx1a,cdx1a
cdx1b,cdx1b
cdx4,cdx4
cdyl,cdyl
ceacam1,ceacam1
cebp1,cebp1
cebpa,cebpa
cebpb,cebpb
cebpd,cebpd
cebpg,cebpg
cebpz,cebpz
cecr2,cecr2
cel.2,cel.2
CELA1,CELA1
celf1,celf1
celf2,celf2
celf3a,celf3a
celf4,celf4
celf5a,celf5a
celf5b,celf5b
celsr1a,celsr1a
celsr1b,celsr1b
celsr2,celsr2
celsr3,celsr3
cemip,cemip
cemip2,cemip2
cenpe,cenpe
cenpf,cenpf
cenph,cenph
cenpi,cenpi
cenpj,cenpj
cenpk,cenpk
cenpl,cenpl
cenpn,cenpn
cenpo,cenpo
cenpp,cenpp
cenpq,cenpq
cenps,cenps
cenpv,cenpv
cenpw,cenpw
cenpx,cenpx
cep104,cep104
cep112,cep112
cep120,cep120
cep126,cep126
cep128,cep128
cep131,cep131
cep135,cep135
cep152,cep152
cep162,cep162
cep170aa,cep170aa
cep170ab,cep170ab
cep170b,cep170b
cep19,cep19
cep192,cep192
cep290,cep290
cep295,cep295
cep350,cep350
cep41,cep41
cep44,cep44
cep55l,cep55l
cep57,cep57
cep57l1,cep57l1
cep63,cep63
cep68,cep68
cep70,cep70
cep72,cep72
cep76,cep76
cep78,cep78
cep83,cep83
cep85,cep85
cep85l,cep85l
cep89,cep89
cep97,cep97
cept1a,cept1a
cept1b,cept1b
cercam,cercam
cerk,cerk
cerkl,cerkl
cers1,cers1
cers2a,cers2a
cers2b,cers2b
cers3a,cers3a
cers3b,cers3b
cers4a,cers4a
cers4b,cers4b
cers5,cers5
cers6,cers6
ces2,ces2
ces3,ces3
cetn2,cetn2
cetn3,cetn3
cetn4,cetn4
cetp,cetp
cfap100,cfap100
cfap126,cfap126
cfap157,cfap157
cfap161,cfap161
cfap20,cfap20
cfap206,cfap206
cfap298,cfap298
cfap300,cfap300
cfap410,cfap410
cfap43,cfap43
cfap46,cfap46
cfap52,cfap52
cfap53,cfap53
cfap58,cfap58
cfap61,cfap61
cfap70,cfap70
cfap73,cfap73
CFAP77,CFAP77
cfap97,cfap97
cfap99,cfap99
cfb,cfb
cfbl,cfbl
cfd,cfd
cfdp1,cfdp1
cfh,cfh
cfhl1,cfhl1
cfhl2,cfhl2
cfhl3,cfhl3
cfhl4,cfhl4
cfhl5,cfhl5
cfi,cfi
cfl1,cfl1
cfl1l,cfl1l
cfl2,cfl2
cflara,cflara
cflarb,cflarb
cfp,cfp
cftr,cftr
cga,cga
cgas,cgas
cgna,cgna
cgnb,cgnb
cgnl1,cgnl1
cgref1,cgref1
cgrrf1,cgrrf1
ch25h,ch25h
ch25hl1.1,ch25hl1.1
ch25hl1.2,ch25hl1.2
ch25hl3,ch25hl3
chac1,chac1
chac2,chac2
chad,chad
chadla,chadla
chadlb,chadlb
chaf1a,chaf1a
chaf1b,chaf1b
chata,chata
chchd1,chchd1
chchd10,chchd10
chchd2,chchd2
chchd3a,chchd3a
chchd3b,chchd3b
chchd4a,chchd4a
chchd4b,chchd4b
chchd6a,chchd6a
chchd6b,chchd6b
chd1,chd1
chd1l,chd1l
chd2,chd2
chd3,chd3
chd4a,chd4a
chd4b,chd4b
chd5,chd5
chd6,chd6
chd7,chd7
chd8,chd8
chd9,chd9
chdh,chdh
chek1,chek1
chek2,chek2
cherp,cherp
ches1,ches1
chfr,chfr
chga,chga
chgb,chgb
chia.1,chia.1
chia.2,chia.2
chia.3,chia.3
chia.4,chia.4
chia.6,chia.6
chic1,chic1
chic2,chic2
chico,chico
chid1,chid1
chka,chka
chkb,chkb
chl1a,chl1a
chl1b,chl1b
chm,chm
chmp1a,chmp1a
chmp1b,chmp1b
chmp2a,chmp2a
chmp2ba,chmp2ba
chmp2bb,chmp2bb
chmp3,chmp3
chmp4ba,chmp4ba
chmp4bb,chmp4bb
chmp4c,chmp4c
chmp5a,chmp5a
chmp5b,chmp5b
chmp6a,chmp6a
chmp6b,chmp6b
chmp7,chmp7
chn1,chn1
chn2,chn2
chodl,chodl
chordc1a,chordc1a
chordc1b,chordc1b
chp1,chp1
chp2,chp2
chpf2,chpf2
chpfa,chpfa
chpfb,chpfb
chpt1,chpt1
chrac1,chrac1
chrd,chrd
chrdl2,chrdl2
chrm1b,chrm1b
chrm2b,chrm2b
chrm3a,chrm3a
chrm4a,chrm4a
chrna1,chrna1
chrna10a,chrna10a
chrna2a,chrna2a
chrna2b,chrna2b
chrna3,chrna3
chrna4a,chrna4a
chrna4b,chrna4b
chrna5,chrna5
chrna6,chrna6
chrna7,chrna7
chrna9,chrna9
chrnb1,chrnb1
chrnb1l,chrnb1l
chrnb2a,chrnb2a
chrnb2b,chrnb2b
chrnb2l,chrnb2l
chrnb3a,chrnb3a
chrnb3b,chrnb3b
chrnb4,chrnb4
chrnd,chrnd
chrne,chrne
chrng,chrng
chs1,chs1
chst1,chst1
chst10,chst10
chst11,chst11
chst12a,chst12a
CHST13,CHST13
chst14,chst14
chst15,chst15
chst2a,chst2a
chst2b,chst2b
chst3a,chst3a
chst3b,chst3b
chst6,chst6
chst7,chst7
chsy1,chsy1
chsy3,chsy3
chtf18,chtf18
chtf8,chtf8
chtopa,chtopa
chtopb,chtopb
chuk,chuk
churc1,churc1
ciao1,ciao1
ciao2a,ciao2a
ciao2b,ciao2b
ciapin1,ciapin1
ciarta,ciarta
ciartb,ciartb
cib1,cib1
cib2,cib2
cib3,cib3
cica,cica
cicb,cicb
cidea,cidea
cideb,cideb
cidec,cidec
ciita,ciita
cilp,cilp
cilp2,cilp2
cinp,cinp
cip2a,cip2a
cipca,cipca
cipcb,cipcb
CIR1,CIR1
cirbpa,cirbpa
cirbpb,cirbpb
cisd1,cisd1
cish,cish
cishb,cishb
cita,cita
citb,citb
cited1,cited1
cited2,cited2
cited4a,cited4a
cited4b,cited4b
ciz1a,ciz1a
ciz1b,ciz1b
ckap2l,ckap2l
ckap4,ckap4
ckap5,ckap5
ckba,ckba
ckbb,ckbb
ckma,ckma
ckmb,ckmb
ckmt1,ckmt1
ckmt2a,ckmt2a
ckmt2b,ckmt2b
cks1b,cks1b
clasp1a,clasp1a
clasp2,clasp2
clasrp,clasrp
clca1,clca1
clcf1,clcf1
clcn1a,clcn1a
clcn1b,clcn1b
clcn2a,clcn2a
clcn2b,clcn2b
clcn2c,clcn2c
clcn3,clcn3
clcn4,clcn4
clcn5a,clcn5a
clcn5b,clcn5b
clcn6,clcn6
clcn7,clcn7
clcnk,clcnk
cldn1,cldn1
cldn10a,cldn10a
cldn10b,cldn10b
cldn10l2,cldn10l2
cldn11a,cldn11a
cldn11b,cldn11b
cldn12,cldn12
cldn15b,cldn15b
cldn15la,cldn15la
cldn15lb,cldn15lb
cldn17,cldn17
cldn18,cldn18
cldn19,cldn19
cldn2,cldn2
cldn23a,cldn23a
cldn23b,cldn23b
cldn34a,cldn34a
cldn5a,cldn5a
cldn5b,cldn5b
cldn7a,cldn7a
cldn7b,cldn7b
cldn8,cldn8
cldna,cldna
cldnb,cldnb
cldnc,cldnc
cldnd,cldnd
cldnd1a,cldnd1a
cldnd1b,cldnd1b
cldne,cldne
cldnf,cldnf
cldng,cldng
cldnh,cldnh
cldni,cldni
cldnk,cldnk
clec11a,clec11a
clec14a,clec14a
clec16a,clec16a
clec19a,clec19a
CLEC3A,CLEC3A
clec3ba,clec3ba
clgn,clgn
clic1,clic1
clic2,clic2
clic3,clic3
clic4,clic4
clic5a,clic5a
clint1a,clint1a
clint1b,clint1b
clip1a,clip1a
clip2,clip2
clip3,clip3
CLIP4,CLIP4
clk2a,clk2a
clk2b,clk2b
clk4a,clk4a
clk4b,clk4b
clmn,clmn
cln3,cln3
cln5,cln5
cln6a,cln6a
cln6b,cln6b
cln8,cln8
clns1a,clns1a
clocka,clocka
clockb,clockb
clp1,clp1
clpb,clpb
clpp,clpp
clptm1,clptm1
clptm1l,clptm1l
clpxa,clpxa
clpxb,clpxb
clrn1,clrn1
clrn2,clrn2
clrn3,clrn3
clstn1,clstn1
clstn2,clstn2
clstn3,clstn3
clta,clta
cltb,cltb
cltca,cltca
cltcb,cltcb
cltcl1,cltcl1
clu,clu
cluap1,cluap1
cluha,cluha
cluhb,cluhb
clul1,clul1
clvs2,clvs2
clybl,clybl
cmah,cmah
cmasa,cmasa
cmbl,cmbl
cmc1,cmc1
cmc2,cmc2
cmc4,cmc4
cmip,cmip
cmklr1,cmklr1
cmlc1,cmlc1
cmn,cmn
cmpk,cmpk
cmss1,cmss1
cmtm3,cmtm3
cmtm4,cmtm4
cmtm6,cmtm6
cmtm7,cmtm7
cmtm8a,cmtm8a
cmtm8b,cmtm8b
cmtr1,cmtr1
cmtr2,cmtr2
cmya5,cmya5
cnbd1,cnbd1
cnbpa,cnbpa
cnbpb,cnbpb
cndp2,cndp2
cnep1r1,cnep1r1
cnfn,cnfn
cnga1a,cnga1a
cnga1b,cnga1b
cnga2a,cnga2a
cnga3a,cnga3a
cngb1a,cngb1a
cngb3.1,cngb3.1
cngb3.2,cngb3.2
cngk,cngk
cnih1,cnih1
cnih2,cnih2
cnih3,cnih3
cnih4,cnih4
cnksr1,cnksr1
cnksr2a,cnksr2a
cnksr2b,cnksr2b
cnksr3,cnksr3
cnmd,cnmd
cnn1a,cnn1a
cnn1b,cnn1b
cnn2,cnn2
cnn3a,cnn3a
cnn3b,cnn3b
CNNM1,CNNM1
cnnm2a,cnnm2a
cnnm2b,cnnm2b
cnnm4a,cnnm4a
cnnm4b,cnnm4b
cnot1,cnot1
cnot10,cnot10
cnot11,cnot11
cnot2,cnot2
cnot3a,cnot3a
cnot3b,cnot3b
cnot4a,cnot4a
cnot4b,cnot4b
cnot6a,cnot6a
cnot6b,cnot6b
cnot6l,cnot6l
cnot7,cnot7
cnot8,cnot8
cnot9,cnot9
cnp,cnp
cnppd1,cnppd1
cnpy1,cnpy1
cnpy2,cnpy2
cnpy3,cnpy3
cnpy4,cnpy4
cnr1,cnr1
cnrip1a,cnrip1a
cnrip1b,cnrip1b
cnsta,cnsta
cnstb,cnstb
cntf,cntf
cntfr,cntfr
cntln,cntln
cntn1a,cntn1a
cntn1b,cntn1b
cntn2,cntn2
cntn3a.1,cntn3a.1
cntn3a.2,cntn3a.2
cntn3b,cntn3b
cntn4,cntn4
cntn5,cntn5
cntnap1,cntnap1
cntnap2a,cntnap2a
cntnap2b,cntnap2b
cntnap3,cntnap3
cntnap5a,cntnap5a
cntnap5b,cntnap5b
cntnap5l,cntnap5l
cntrl,cntrl
coa3a,coa3a
coa3b,coa3b
COA4,COA4
coa5,coa5
coa6,coa6
coa7,coa7
coasy,coasy
cobl,cobl
cobll1a,cobll1a
cobll1b,cobll1b
coch,coch
cog1,cog1
cog2,cog2
cog3,cog3
cog5,cog5
cog6,cog6
cog7,cog7
cog8,cog8
coil,coil
col10a1a,col10a1a
col10a1b,col10a1b
col11a1a,col11a1a
col11a1b,col11a1b
col11a2,col11a2
col12a1a,col12a1a
col12a1b,col12a1b
col13a1,col13a1
col14a1a,col14a1a
col14a1b,col14a1b
col15a1a,col15a1a
col15a1b,col15a1b
col16a1,col16a1
col17a1a,col17a1a
col17a1b,col17a1b
col18a1a,col18a1a
col18a1b,col18a1b
col19a1,col19a1
col1a1a,col1a1a
col1a1b,col1a1b
col1a2,col1a2
col21a1,col21a1
col24a1,col24a1
col27a1b,col27a1b
col28a1a,col28a1a
col28a1b,col28a1b
col28a2a,col28a2a
col28a2b,col28a2b
col2a1a,col2a1a
col2a1b,col2a1b
col4a1,col4a1
col4a2,col4a2
col4a3,col4a3
col4a3bpa,col4a3bpa
col4a3bpb,col4a3bpb
col4a4,col4a4
col4a5,col4a5
col4a6,col4a6
col5a2a,col5a2a
col5a2b,col5a2b
col5a3a,col5a3a
col5a3b,col5a3b
col6a1,col6a1
col6a2,col6a2
col6a3,col6a3
col6a4a,col6a4a
col7a1,col7a1
col7a1l,col7a1l
col8a1a,col8a1a
col8a1b,col8a1b
col8a2,col8a2
col9a1b,col9a1b
col9a2,col9a2
col9a3,col9a3
COLEC10,COLEC10
colec11,colec11
colec12,colec12
colgalt1,colgalt1
colgalt2,colgalt2
colq,colq
commd1,commd1
commd10,commd10
commd2,commd2
commd3,commd3
commd4,commd4
commd5,commd5
commd6,commd6
commd7,commd7
commd8,commd8
commd9,commd9
comta,comta
comtb,comtb
comtd1,comtd1
cop1,cop1
copa,copa
copb1,copb1
copb2,copb2
cope,cope
copg2,copg2
cops2,cops2
cops3,cops3
cops4,cops4
cops5,cops5
cops7a,cops7a
cops8,cops8
cops9,cops9
copz1,copz1
copz2,copz2
COQ10A,COQ10A
coq10b,coq10b
coq2,coq2
coq3,coq3
coq4,coq4
coq5,coq5
coq6,coq6
coq7,coq7
coq8a,coq8a
coq8b,coq8b
coq9,coq9
corin,corin
coro1a,coro1a
coro1b,coro1b
coro1ca,coro1ca
coro1cb,coro1cb
coro2a,coro2a
coro2ba,coro2ba
coro2bb,coro2bb
coro6,coro6
coro7,coro7
cort,cort
cotl1,cotl1
cox10,cox10
cox11,cox11
cox14,cox14
cox15,cox15
cox16,cox16
cox17,cox17
cox18,cox18
cox19,cox19
cox20,cox20
COX3,COX3
cox4i1,cox4i1
cox4i1l,cox4i1l
cox4i2,cox4i2
cox5aa,cox5aa
cox5ab,cox5ab
COX5B,COX5B
cox5b2,cox5b2
cox6a1,cox6a1
cox6a2,cox6a2
cox6b1,cox6b1
cox6b2,cox6b2
cox6c,cox6c
cox7a1,cox7a1
COX7A2,COX7A2
cox7a2a,cox7a2a
cox7a2l,cox7a2l
cox7b,cox7b
cox7c,cox7c
cox8a,cox8a
cox8b,cox8b
cp,cp
cpa1,cpa1
cpa2,cpa2
cpa4,cpa4
cpa5,cpa5
cpa6,cpa6
cpamd8,cpamd8
cpb1,cpb1
cpb2,cpb2
cpda,cpda
cpdb,cpdb
cpe,cpe
cpeb1a,cpeb1a
cpeb1b,cpeb1b
cpeb2,cpeb2
cpeb3,cpeb3
cpeb4a,cpeb4a
cpeb4b,cpeb4b
cped1,cped1
cplx2,cplx2
cplx2l,cplx2l
cplx3b,cplx3b
cplx4a,cplx4a
cpm,cpm
cpn1,cpn1
cpne1,cpne1
cpne2,cpne2
cpne3,cpne3
cpne4a,cpne4a
cpne5a,cpne5a
cpne5b,cpne5b
cpne7,cpne7
cpne9,cpne9
cpo,cpo
cpox,cpox
cpped1,cpped1
cps1,cps1
cpsf1,cpsf1
cpsf2,cpsf2
cpsf3,cpsf3
cpsf4,cpsf4
cpsf6,cpsf6
cpt1aa,cpt1aa
cpt1b,cpt1b
cpt1cb,cpt1cb
cptp,cptp
cpvl,cpvl
cpxm1b,cpxm1b
cpz,cpz
CR293502.1,CR293502.1
CR293507.1,CR293507.1
CR293508.1,CR293508.1
CR293509.1,CR293509.1
CR293511.1,CR293511.1
CR293531.1,CR293531.1
CR293531.2,CR293531.2
CR318588.1,CR318588.1
CR318588.2,CR318588.2
CR318588.3,CR318588.3
CR318599.2,CR318599.2
CR318600.2,CR318600.2
CR318601.1,CR318601.1
CR318603.1,CR318603.1
CR318614.1,CR318614.1
CR318620.1,CR318620.1
CR318624.2,CR318624.2
CR318653.1,CR318653.1
CR318658.1,CR318658.1
CR318668.1,CR318668.1
CR318673.1,CR318673.1
CR318674.1,CR318674.1
CR339041.1,CR339041.1
CR339041.2,CR339041.2
CR339041.3,CR339041.3
CR339044.1,CR339044.1
CR339054.1,CR339054.1
CR339054.2,CR339054.2
CR339059.1,CR339059.1
CR339059.3,CR339059.3
CR339059.4,CR339059.4
CR352218.1,CR352218.1
CR352220.1,CR352220.1
CR352226.3,CR352226.3
CR352226.4,CR352226.4
CR352226.5,CR352226.5
CR352226.6,CR352226.6
CR352228.1,CR352228.1
CR352232.1,CR352232.1
CR352243.1,CR352243.1
CR352243.2,CR352243.2
CR352253.1,CR352253.1
CR352292.1,CR352292.1
CR352310.1,CR352310.1
CR352329.1,CR352329.1
CR352342.1,CR352342.1
CR354372.1,CR354372.1
CR354377.1,CR354377.1
CR354383.1,CR354383.1
CR354430.3,CR354430.3
CR354430.4,CR354430.4
CR354435.1,CR354435.1
CR354435.2,CR354435.2
CR354435.3,CR354435.3
CR354444.1,CR354444.1
CR354444.2,CR354444.2
CR354537.1,CR354537.1
CR354538.1,CR354538.1
CR354540.1,CR354540.1
CR354540.2,CR354540.2
CR354542.1,CR354542.1
CR354547.1,CR354547.1
CR354549.11,CR354549.11
CR354549.3,CR354549.3
CR354556.2,CR354556.2
CR354556.3,CR354556.3
CR354564.1,CR354564.1
CR354564.2,CR354564.2
CR354581.1,CR354581.1
CR354588.1,CR354588.1
CR354610.1,CR354610.1
CR356222.1,CR356222.1
CR356223.2,CR356223.2
CR356227.1,CR356227.1
CR356233.1,CR356233.1
CR356233.2,CR356233.2
CR356236.1,CR356236.1
CR356242.1,CR356242.1
CR356246.1,CR356246.1
CR361560.1,CR361560.1
CR376737.1,CR376737.1
CR376740.2,CR376740.2
CR376741.1,CR376741.1
CR376741.2,CR376741.2
CR376741.3,CR376741.3
CR376741.4,CR376741.4
CR376741.6,CR376741.6
CR376747.1,CR376747.1
CR376748.1,CR376748.1
CR376751.1,CR376751.1
CR376762.1,CR376762.1
CR376766.1,CR376766.1
CR376766.2,CR376766.2
CR376766.3,CR376766.3
CR376776.1,CR376776.1
CR376783.1,CR376783.1
CR376800.1,CR376800.1
CR376821.1,CR376821.1
CR376825.1,CR376825.1
CR376838.1,CR376838.1
CR376857.1,CR376857.1
CR376861.1,CR376861.1
CR377210.1,CR377210.1
CR377211.1,CR377211.1
CR377211.3,CR377211.3
CR377211.4,CR377211.4
CR377229.1,CR377229.1
CR381531.2,CR381531.2
CR381534.1,CR381534.1
CR381540.3,CR381540.3
CR381544.1,CR381544.1
CR381544.2,CR381544.2
CR381579.2,CR381579.2
CR381579.4,CR381579.4
CR381618.1,CR381618.1
CR381646.1,CR381646.1
CR381647.1,CR381647.1
CR381647.3,CR381647.3
CR381657.1,CR381657.1
CR381673.1,CR381673.1
CR381673.2,CR381673.2
CR381684.1,CR381684.1
CR381686.1,CR381686.1
CR381686.2,CR381686.2
CR381686.3,CR381686.3
CR381686.4,CR381686.4
CR381686.5,CR381686.5
CR381689.1,CR381689.1
CR381700.1,CR381700.1
CR382294.1,CR382294.1
CR382300.1,CR382300.1
CR382300.2,CR382300.2
CR382300.3,CR382300.3
CR382325.1,CR382325.1
CR382326.1,CR382326.1
CR382327.2,CR382327.2
CR382327.3,CR382327.3
CR382334.1,CR382334.1
CR382337.2,CR382337.2
CR382337.3,CR382337.3
CR382370.1,CR382370.1
CR382370.2,CR382370.2
CR382383.2,CR382383.2
CR383662.2,CR383662.2
CR383662.4,CR383662.4
CR383662.8,CR383662.8
CR383668.2,CR383668.2
CR383669.1,CR383669.1
CR383669.2,CR383669.2
CR383672.1,CR383672.1
CR383672.2,CR383672.2
CR383676.1,CR383676.1
CR383676.2,CR383676.2
CR383680.1,CR383680.1
CR383680.2,CR383680.2
CR383683.1,CR383683.1
CR384055.1,CR384055.1
CR384085.1,CR384085.1
CR384099.1,CR384099.1
CR385024.1,CR385024.1
CR385041.1,CR385041.1
CR385050.1,CR385050.1
CR385053.1,CR385053.1
CR385053.2,CR385053.2
CR385053.3,CR385053.3
CR385065.1,CR385065.1
CR385067.1,CR385067.1
CR385078.1,CR385078.1
CR387919.1,CR387919.1
CR387933.1,CR387933.1
CR387984.1,CR387984.1
CR387996.1,CR387996.1
CR388008.1,CR388008.1
CR388029.1,CR388029.1
CR388047.1,CR388047.1
CR388050.1,CR388050.1
CR388055.1,CR388055.1
CR388077.1,CR388077.1
CR388079.1,CR388079.1
CR388079.2,CR388079.2
CR388102.1,CR388102.1
CR388129.1,CR388129.1
CR388132.2,CR388132.2
CR388143.1,CR388143.1
CR388148.1,CR388148.1
CR388148.2,CR388148.2
CR388156.1,CR388156.1
CR388157.1,CR388157.1
CR388163.1,CR388163.1
CR388165.2,CR388165.2
CR388166.1,CR388166.1
CR388166.2,CR388166.2
CR388168.2,CR388168.2
CR388172.1,CR388172.1
CR388184.1,CR388184.1
CR388189.1,CR388189.1
CR388190.1,CR388190.1
CR388206.1,CR388206.1
CR388207.1,CR388207.1
CR388209.1,CR388209.1
CR388228.1,CR388228.1
CR388231.1,CR388231.1
CR388231.2,CR388231.2
CR388231.3,CR388231.3
CR388363.2,CR388363.2
CR388364.1,CR388364.1
CR388369.1,CR388369.1
CR388373.2,CR388373.2
CR388378.1,CR388378.1
CR388413.3,CR388413.3
CR388417.1,CR388417.1
CR388417.2,CR388417.2
CR388421.1,CR388421.1
CR391910.1,CR391910.1
CR391910.2,CR391910.2
CR391910.3,CR391910.3
CR391915.1,CR391915.1
CR391930.1,CR391930.1
CR391940.1,CR391940.1
CR391944.1,CR391944.1
CR391977.1,CR391977.1
CR391978.1,CR391978.1
CR391986.1,CR391986.1
CR391990.1,CR391990.1
CR391991.3,CR391991.3
CR391991.4,CR391991.4
CR391991.5,CR391991.5
CR391995.1,CR391995.1
CR392001.4,CR392001.4
CR392002.1,CR392002.1
CR392012.1,CR392012.1
CR392012.2,CR392012.2
CR392024.1,CR392024.1
CR392026.2,CR392026.2
CR392036.1,CR392036.1
CR392042.1,CR392042.1
CR392045.1,CR392045.1
CR392341.1,CR392341.1
CR392341.3,CR392341.3
CR392341.4,CR392341.4
CR392363.2,CR392363.2
CR394535.1,CR394535.1
CR394545.1,CR394545.1
CR394552.1,CR394552.1
CR394556.1,CR394556.1
CR394572.1,CR394572.1
CR396583.1,CR396583.1
CR396584.1,CR396584.1
CR396585.1,CR396585.1
CR396595.1,CR396595.1
CR405682.1,CR405682.1
CR405710.2,CR405710.2
CR407547.1,CR407547.1
CR407550.1,CR407550.1
CR407561.1,CR407561.1
CR407561.2,CR407561.2
CR407584.1,CR407584.1
CR407585.1,CR407585.1
CR407590.2,CR407590.2
CR407594.1,CR407594.1
CR407598.2,CR407598.2
CR407701.1,CR407701.1
CR450686.2,CR450686.2
CR450686.3,CR450686.3
CR450687.1,CR450687.1
CR450696.1,CR450696.1
CR450727.1,CR450727.1
CR450738.1,CR450738.1
CR450740.1,CR450740.1
CR450749.3,CR450749.3
CR450764.3,CR450764.3
CR450777.1,CR450777.1
CR450780.1,CR450780.1
CR450780.2,CR450780.2
CR450782.1,CR450782.1
CR450785.1,CR450785.1
CR450785.2,CR450785.2
CR450786.1,CR450786.1
CR450787.1,CR450787.1
CR450793.1,CR450793.1
CR450808.1,CR450808.1
CR450808.2,CR450808.2
CR450808.4,CR450808.4
CR450812.1,CR450812.1
CR450813.1,CR450813.1
CR450824.1,CR450824.1
CR450827.2,CR450827.2
CR450832.1,CR450832.1
CR450833.1,CR450833.1
CR450836.1,CR450836.1
CR450848.1,CR450848.1
CR456627.1,CR456627.1
CR457444.1,CR457444.1
CR457444.2,CR457444.2
CR457444.5,CR457444.5
CR457444.7,CR457444.7
CR457444.8,CR457444.8
CR513782.1,CR513782.1
CR513785.1,CR513785.1
CR513789.1,CR513789.1
CR524821.1,CR524821.1
CR524827.1,CR524827.1
CR533430.1,CR533430.1
CR536604.1,CR536604.1
CR538726.1,CR538726.1
CR545465.1,CR545465.1
CR545465.2,CR545465.2
CR545466.1,CR545466.1
CR545469.1,CR545469.1
CR545469.2,CR545469.2
CR545476.1,CR545476.1
CR547131.1,CR547131.1
CR548622.1,CR548622.1
CR548622.2,CR548622.2
CR548634.1,CR548634.1
CR548634.2,CR548634.2
CR550302.1,CR550302.1
CR550302.2,CR550302.2
CR550307.1,CR550307.1
CR555293.1,CR555293.1
CR556696.1,CR556696.1
CR556709.1,CR556709.1
CR556712.1,CR556712.1
CR556713.1,CR556713.1
CR559941.1,CR559941.1
CR559944.1,CR559944.1
CR559945.2,CR559945.2
CR589875.1,CR589875.1
CR589875.3,CR589875.3
CR589882.1,CR589882.1
CR589943.1,CR589943.1
CR589944.1,CR589944.1
CR589944.2,CR589944.2
CR589944.3,CR589944.3
CR589947.1,CR589947.1
CR589947.2,CR589947.2
CR589947.3,CR589947.3
CR626866.1,CR626866.1
CR626874.1,CR626874.1
CR626882.2,CR626882.2
CR626882.3,CR626882.3
CR626884.4,CR626884.4
CR626886.1,CR626886.1
CR626886.2,CR626886.2
CR626887.1,CR626887.1
CR626887.2,CR626887.2
CR626887.3,CR626887.3
CR626889.1,CR626889.1
CR626907.2,CR626907.2
CR626944.1,CR626944.1
CR626962.1,CR626962.1
CR627496.1,CR627496.1
CR628323.2,CR628323.2
CR628324.1,CR628324.1
CR628327.1,CR628327.1
CR628341.1,CR628341.1
CR628365.1,CR628365.1
CR677513.1,CR677513.1
CR677617.1,CR677617.1
CR678070.1,CR678070.1
CR735102.1,CR735102.1
CR735121.1,CR735121.1
CR749162.1,CR749162.1
CR749164.1,CR749164.1
CR749168.2,CR749168.2
CR749752.1,CR749752.1
CR749762.1,CR749762.1
CR749763.1,CR749763.1
CR749763.3,CR749763.3
CR749763.5,CR749763.5
CR749774.1,CR749774.1
CR749775.1,CR749775.1
CR749777.1,CR749777.1
CR751227.1,CR751227.1
CR751602.1,CR751602.1
CR751602.2,CR751602.2
CR751608.1,CR751608.1
CR753874.1,CR753874.1
CR753876.1,CR753876.1
CR753886.1,CR753886.1
CR753902.1,CR753902.1
CR759797.1,CR759797.1
CR759810.1,CR759810.1
CR759816.1,CR759816.1
CR759826.1,CR759826.1
CR759830.1,CR759830.1
CR759836.1,CR759836.1
CR759841.1,CR759841.1
CR759843.2,CR759843.2
CR759845.1,CR759845.1
CR759845.2,CR759845.2
CR759845.3,CR759845.3
CR759846.1,CR759846.1
CR759863.2,CR759863.2
CR759875.1,CR759875.1
CR759879.1,CR759879.1
CR759882.1,CR759882.1
CR759885.1,CR759885.1
CR759887.1,CR759887.1
CR759887.2,CR759887.2
CR759887.3,CR759887.3
CR759887.4,CR759887.4
CR759918.1,CR759918.1
CR759927.1,CR759927.1
CR759927.2,CR759927.2
CR759927.3,CR759927.3
CR759955.1,CR759955.1
CR759968.2,CR759968.2
CR762392.1,CR762392.1
CR762400.1,CR762400.1
CR762407.1,CR762407.1
CR762407.2,CR762407.2
CR762407.3,CR762407.3
CR762420.1,CR762420.1
CR762431.1,CR762431.1
CR762436.1,CR762436.1
CR762436.2,CR762436.2
CR762470.1,CR762470.1
CR762475.1,CR762475.1
CR762480.2,CR762480.2
CR762493.1,CR762493.1
CR762497.1,CR762497.1
CR769769.1,CR769769.1
CR769769.2,CR769769.2
CR769769.3,CR769769.3
CR769772.1,CR769772.1
CR769772.3,CR769772.3
CR769777.2,CR769777.2
CR769778.1,CR769778.1
CR769778.2,CR769778.2
CR774179.2,CR774179.2
CR774179.3,CR774179.3
CR774184.1,CR774184.1
CR774192.1,CR774192.1
CR786562.1,CR786562.1
CR786571.1,CR786571.1
CR786571.4,CR786571.4
CR786576.1,CR786576.1
CR786577.1,CR786577.1
CR786582.1,CR786582.1
CR786582.2,CR786582.2
CR788226.1,CR788226.1
CR788230.1,CR788230.1
CR788235.1,CR788235.1
CR788236.1,CR788236.1
CR788248.1,CR788248.1
CR788249.2,CR788249.2
CR788254.1,CR788254.1
CR788254.2,CR788254.2
CR788254.3,CR788254.3
CR788303.1,CR788303.1
CR788311.1,CR788311.1
CR788316.1,CR788316.1
CR788316.2,CR788316.2
CR788316.3,CR788316.3
CR788316.4,CR788316.4
CR788322.1,CR788322.1
CR790362.1,CR790362.1
CR790366.1,CR790366.1
CR790366.2,CR790366.2
CR790368.1,CR790368.1
CR790377.1,CR790377.1
CR790382.3,CR790382.3
CR790388.1,CR790388.1
CR792417.1,CR792417.1
CR792422.1,CR792422.1
CR792422.2,CR792422.2
CR792424.1,CR792424.1
CR792426.1,CR792426.1
CR792437.1,CR792437.1
CR792438.1,CR792438.1
CR792438.2,CR792438.2
CR792439.1,CR792439.1
CR792441.1,CR792441.1
CR792453.2,CR792453.2
CR792454.1,CR792454.1
CR812468.1,CR812468.1
CR812469.1,CR812469.1
CR812470.2,CR812470.2
CR812472.1,CR812472.1
CR812481.1,CR812481.1
CR812832.1,CR812832.1
CR846082.1,CR846082.1
CR846087.1,CR846087.1
CR846087.3,CR846087.3
CR847503.1,CR847503.1
CR847503.2,CR847503.2
CR847509.1,CR847509.1
CR847523.1,CR847523.1
CR847530.1,CR847530.1
CR847530.2,CR847530.2
CR847531.1,CR847531.1
CR847534.1,CR847534.1
CR847537.1,CR847537.1
CR847543.1,CR847543.1
CR847543.2,CR847543.2
CR847545.1,CR847545.1
CR847563.1,CR847563.1
CR847563.2,CR847563.2
CR847566.1,CR847566.1
CR847571.1,CR847571.1
CR847785.1,CR847785.1
CR847793.1,CR847793.1
CR847803.1,CR847803.1
CR847844.1,CR847844.1
CR847844.2,CR847844.2
CR847850.1,CR847850.1
CR847870.1,CR847870.1
CR847887.1,CR847887.1
CR847895.1,CR847895.1
CR847897.1,CR847897.1
CR847898.1,CR847898.1
CR847898.2,CR847898.2
CR847898.4,CR847898.4
CR847899.2,CR847899.2
CR847923.1,CR847923.1
CR847936.1,CR847936.1
CR847939.1,CR847939.1
CR847944.1,CR847944.1
CR847944.2,CR847944.2
CR847947.1,CR847947.1
CR847953.1,CR847953.1
CR847968.1,CR847968.1
CR847970.1,CR847970.1
CR847971.1,CR847971.1
CR847983.1,CR847983.1
CR847984.1,CR847984.1
CR847994.1,CR847994.1
CR847998.1,CR847998.1
CR848025.1,CR848025.1
CR848025.2,CR848025.2
CR848032.1,CR848032.1
CR848047.1,CR848047.1
CR848665.1,CR848665.1
CR848667.1,CR848667.1
CR848667.2,CR848667.2
CR848683.1,CR848683.1
CR848683.2,CR848683.2
CR848705.1,CR848705.1
CR848705.2,CR848705.2
CR848715.1,CR848715.1
CR848723.1,CR848723.1
CR848736.1,CR848736.1
CR848741.1,CR848741.1
CR848742.1,CR848742.1
CR848746.1,CR848746.1
CR848749.2,CR848749.2
CR848759.1,CR848759.1
CR848784.4,CR848784.4
CR848788.1,CR848788.1
CR848788.2,CR848788.2
CR848791.1,CR848791.1
CR848791.2,CR848791.2
CR848791.3,CR848791.3
CR848812.1,CR848812.1
CR848833.1,CR848833.1
CR848840.1,CR848840.1
CR848841.1,CR848841.1
CR848844.1,CR848844.1
CR854827.2,CR854827.2
CR854827.3,CR854827.3
CR854829.1,CR854829.1
CR854832.1,CR854832.1
CR854838.1,CR854838.1
CR854839.1,CR854839.1
CR854897.2,CR854897.2
CR854927.1,CR854927.1
CR854927.2,CR854927.2
CR854927.3,CR854927.3
CR854927.4,CR854927.4
CR854941.1,CR854941.1
CR854964.1,CR854964.1
CR854965.2,CR854965.2
CR854980.1,CR854980.1
CR854981.1,CR854981.1
CR854988.1,CR854988.1
CR854989.1,CR854989.1
CR855123.1,CR855123.1
CR855257.1,CR855257.1
CR855257.2,CR855257.2
CR855277.2,CR855277.2
CR855277.3,CR855277.3
CR855300.1,CR855300.1
CR855306.1,CR855306.1
CR855311.1,CR855311.1
CR855311.2,CR855311.2
CR855311.4,CR855311.4
CR855311.5,CR855311.5
CR855318.1,CR855318.1
CR855320.3,CR855320.3
CR855328.1,CR855328.1
CR855337.1,CR855337.1
CR855375.1,CR855375.1
CR855379.1,CR855379.1
CR855379.3,CR855379.3
CR855389.1,CR855389.1
CR855389.2,CR855389.2
CR855393.1,CR855393.1
CR855860.1,CR855860.1
CR855860.2,CR855860.2
CR855865.1,CR855865.1
CR855996.2,CR855996.2
CR925709.1,CR925709.1
CR925709.2,CR925709.2
CR925709.3,CR925709.3
CR925713.1,CR925713.1
CR925719.1,CR925719.1
CR925723.1,CR925723.1
CR925723.3,CR925723.3
CR925728.1,CR925728.1
CR925728.2,CR925728.2
CR925728.3,CR925728.3
CR925737.1,CR925737.1
CR925744.1,CR925744.1
CR925756.1,CR925756.1
CR925761.1,CR925761.1
CR925761.3,CR925761.3
CR925761.4,CR925761.4
CR925763.1,CR925763.1
CR925768.1,CR925768.1
CR925773.1,CR925773.1
CR925777.1,CR925777.1
CR925797.1,CR925797.1
CR925798.1,CR925798.1
CR925804.1,CR925804.1
CR925817.1,CR925817.1
CR925879.1,CR925879.1
CR926130.1,CR926130.1
CR926130.2,CR926130.2
CR926463.1,CR926463.1
CR926464.1,CR926464.1
CR926469.1,CR926469.1
CR927215.1,CR927215.1
CR927456.1,CR927456.1
CR931763.1,CR931763.1
CR931780.1,CR931780.1
CR931782.1,CR931782.1
CR931782.2,CR931782.2
CR931802.2,CR931802.2
CR931802.3,CR931802.3
CR931802.4,CR931802.4
CR931813.1,CR931813.1
CR931813.2,CR931813.2
CR931980.1,CR931980.1
CR932000.1,CR932000.1
CR932077.1,CR932077.1
CR932360.1,CR932360.1
CR932360.2,CR932360.2
CR932362.1,CR932362.1
CR932364.1,CR932364.1
CR932983.1,CR932983.1
CR932999.1,CR932999.1
CR933528.1,CR933528.1
CR933559.1,CR933559.1
CR933730.1,CR933730.1
CR933734.1,CR933734.1
CR933734.2,CR933734.2
CR933791.1,CR933791.1
CR933791.2,CR933791.2
CR933812.1,CR933812.1
CR933839.1,CR933839.1
CR936249.1,CR936249.1
CR936321.1,CR936321.1
CR936363.1,CR936363.1
CR936403.1,CR936403.1
CR936408.1,CR936408.1
CR936408.2,CR936408.2
CR936416.1,CR936416.1
CR936442.1,CR936442.1
CR936459.1,CR936459.1
CR936462.1,CR936462.1
CR936482.1,CR936482.1
CR936518.1,CR936518.1
CR936518.2,CR936518.2
CR936540.1,CR936540.1
CR936968.1,CR936968.1
CR936975.1,CR936975.1
CR936977.2,CR936977.2
CR944667.1,CR944667.1
CR944667.3,CR944667.3
CR954285.1,CR954285.1
CR954963.1,CR954963.1
CR956623.1,CR956623.1
CR974456.1,CR974456.1
CR974461.1,CR974461.1
CR974475.1,CR974475.1
crabp1a,crabp1a
crabp1b,crabp1b
crabp2a,crabp2a
crabp2b,crabp2b
CRACR2A,CRACR2A
cracr2ab,cracr2ab
cracr2b,cracr2b
cradd,cradd
cramp1,cramp1
crata,crata
cratb,cratb
crb1,crb1
crb2a,crb2a
crb3a,crb3a
crb3b,crb3b
crbn,crbn
crcp,crcp
creb1a,creb1a
creb1b,creb1b
creb3l1,creb3l1
creb3l2,creb3l2
creb3l3a,creb3l3a
creb3l3b,creb3l3b
creb3l3l,creb3l3l
creb5a,creb5a
crebbpa,crebbpa
crebbpb,crebbpb
crebl2,crebl2
crebrf,crebrf
crebzf,crebzf
creg1,creg1
creg2,creg2
creld1a,creld1a
creld1b,creld1b
creld2,creld2
crema,crema
cremb,cremb
crfb1,crfb1
crfb12,crfb12
crfb15,crfb15
crfb16,crfb16
crfb2,crfb2
crha,crha
crhb,crhb
crhbp,crhbp
crhr1,crhr1
crim1,crim1
crip1,crip1
crip2,crip2
crip3,crip3
cript,cript
crispld1a,crispld1a
crispld1b,crispld1b
crispld2,crispld2
crk,crk
crkl,crkl
crlf1a,crlf1a
crlf3,crlf3
crls1,crls1
crmp1,crmp1
crnkl1,crnkl1
crocc2,crocc2
crot,crot
crp1,crp1
crp2,crp2
crp3,crp3
crp6,crp6
crp7,crp7
crsp7,crsp7
crtac1a,crtac1a
crtap,crtap
crtc1a,crtc1a
crtc1b,crtc1b
crtc2,crtc2
crtc3,crtc3
crx,crx
cry-dash,cry-dash
cry1aa,cry1aa
cry1ab,cry1ab
cry1ba,cry1ba
cry1bb,cry1bb
cry2,cry2
cry4,cry4
cry5,cry5
cryabb,cryabb
cryba1a,cryba1a
cryba1b,cryba1b
cryba1l1,cryba1l1
cryba1l2,cryba1l2
cryba2a,cryba2a
cryba2b,cryba2b
cryba4,cryba4
crybb1,crybb1
crybb1l1,crybb1l1
crybb1l2,crybb1l2
crybb1l3,crybb1l3
crybb2,crybb2
crybb3,crybb3
crybg1a,crybg1a
crybg1b,crybg1b
crybgx,crybgx
crygm2d1,crygm2d1
crygm2d12,crygm2d12
crygm2d14,crygm2d14
crygm2d16,crygm2d16
crygm2d18,crygm2d18
crygm2d2,crygm2d2
crygm2d20,crygm2d20
crygm2d3,crygm2d3
crygm2d6,crygm2d6
crygm2d8,crygm2d8
crygm2f,crygm2f
crygm3,crygm3
crygm4,crygm4
crygm5,crygm5
crygm6,crygm6
crygmx,crygmx
crygmxl1,crygmxl1
crygmxl2,crygmxl2
crygn1,crygn1
crygn2,crygn2
crygs1,crygs1
crygs2,crygs2
crygs3,crygs3
crygs4,crygs4
cryl1,cryl1
crym,crym
cryz,cryz
cryzl1,cryzl1
cs,cs
csad,csad
CSDC2,CSDC2
csdc2a,csdc2a
csde1,csde1
cse1l,cse1l
csf1a,csf1a
csf1ra,csf1ra
csf1rb,csf1rb
csf2rb,csf2rb
csf3a,csf3a
csf3b,csf3b
csf3r,csf3r
csgalnact1a,csgalnact1a
csgalnact1b,csgalnact1b
csgalnact2,csgalnact2
csk,csk
cskl,cskl
CSKMT,CSKMT
csmd1a,csmd1a
csmd2,csmd2
CSMD3,CSMD3
csnk1a1,csnk1a1
csnk1da,csnk1da
csnk1db,csnk1db
csnk1e,csnk1e
csnk1g1,csnk1g1
csnk1g2a,csnk1g2a
csnk1g2b,csnk1g2b
csnk2a1,csnk2a1
csnk2a2a,csnk2a2a
csnk2a2b,csnk2a2b
csnk2a4,csnk2a4
csnk2b,csnk2b
cspg4,cspg4
cspg5a,cspg5a
cspg5b,cspg5b
cspp1a,cspp1a
cspp1b,cspp1b
csrnp1a,csrnp1a
csrnp1b,csrnp1b
csrnp2,csrnp2
CSRNP3,CSRNP3
csrp1a,csrp1a
csrp3,csrp3
cst14a.1,cst14a.1
cst14a.2,cst14a.2
cst14b.1,cst14b.1
cst14b.2,cst14b.2
cst3,cst3
cstf1,cstf1
cstf2,cstf2
cstf3,cstf3
CT009487.2,CT009487.2
CT009596.1,CT009596.1
CT009597.1,CT009597.1
CT009620.1,CT009620.1
CT009714.1,CT009714.1
CT009745.1,CT009745.1
CT025585.1,CT025585.1
CT025588.1,CT025588.1
CT025588.2,CT025588.2
CT025651.1,CT025651.1
CT025669.1,CT025669.1
CT025690.1,CT025690.1
CT025742.1,CT025742.1
CT025745.1,CT025745.1
CT025748.1,CT025748.1
CT025771.1,CT025771.1
CT025776.1,CT025776.1
CT025776.2,CT025776.2
CT025854.1,CT025854.1
CT025875.1,CT025875.1
CT025897.1,CT025897.1
CT025909.1,CT025909.1
CT025909.2,CT025909.2
CT025912.1,CT025912.1
CT025913.1,CT025913.1
CT027551.1,CT027551.1
CT027582.1,CT027582.1
CT027582.2,CT027582.2
CT027583.1,CT027583.1
CT027583.2,CT027583.2
CT027609.1,CT027609.1
CT027611.1,CT027611.1
CT027623.1,CT027623.1
CT027631.1,CT027631.1
CT027674.1,CT027674.1
CT027702.1,CT027702.1
CT027704.1,CT027704.1
CT027744.2,CT027744.2
CT027756.3,CT027756.3
CT027801.1,CT027801.1
CT027801.2,CT027801.2
CT027815.1,CT027815.1
CT027825.1,CT027825.1
CT027980.1,CT027980.1
CT027989.1,CT027989.1
CT030005.2,CT030005.2
CT030017.2,CT030017.2
CT030129.1,CT030129.1
CT030144.1,CT030144.1
CT030153.1,CT030153.1
CT030188.1,CT030188.1
CT030712.1,CT030712.1
CT033796.1,CT033796.1
CT033825.1,CT033825.1
CT033842.1,CT033842.1
CT476811.1,CT476811.1
CT573003.1,CT573003.1
CT573006.1,CT573006.1
CT573048.1,CT573048.1
CT573103.1,CT573103.1
CT573103.2,CT573103.2
CT573133.1,CT573133.1
CT573133.2,CT573133.2
CT573139.1,CT573139.1
CT573139.2,CT573139.2
CT573148.1,CT573148.1
CT573157.1,CT573157.1
CT573163.1,CT573163.1
CT573178.1,CT573178.1
CT573204.1,CT573204.1
CT573231.1,CT573231.1
CT573234.1,CT573234.1
CT573239.1,CT573239.1
CT573245.1,CT573245.1
CT573248.1,CT573248.1
CT573256.1,CT573256.1
CT573263.1,CT573263.1
CT573279.1,CT573279.1
CT573316.1,CT573316.1
CT573316.2,CT573316.2
CT573342.1,CT573342.1
CT573342.2,CT573342.2
CT573344.1,CT573344.1
CT573366.1,CT573366.1
CT573383.1,CT573383.1
CT573392.1,CT573392.1
CT573408.1,CT573408.1
CT573429.1,CT573429.1
CT573429.2,CT573429.2
CT573433.1,CT573433.1
CT573467.1,CT573467.1
CT573476.1,CT573476.1
CT573484.1,CT573484.1
CT573787.1,CT573787.1
CT573793.1,CT573793.1
CT573793.2,CT573793.2
CT573793.3,CT573793.3
CT573799.2,CT573799.2
CT573817.1,CT573817.1
CT574585.1,CT574585.1
CT574585.2,CT574585.2
CT583625.5,CT583625.5
CT583642.1,CT583642.1
CT583646.1,CT583646.1
CT583646.2,CT583646.2
CT583650.1,CT583650.1
CT583651.1,CT583651.1
CT583651.2,CT583651.2
CT583672.1,CT583672.1
CT583687.1,CT583687.1
CT583690.1,CT583690.1
CT583708.1,CT583708.1
CT583723.2,CT583723.2
CT583726.2,CT583726.2
CT583727.1,CT583727.1
CT583728.12,CT583728.12
CT583728.14,CT583728.14
CT583728.23,CT583728.23
CT583728.4,CT583728.4
CT737123.1,CT737123.1
CT737127.1,CT737127.1
CT737129.1,CT737129.1
CT737162.1,CT737162.1
CT737184.1,CT737184.1
CT737190.1,CT737190.1
CT737190.2,CT737190.2
CT737196.1,CT737196.1
CT737210.1,CT737210.1
CT867948.1,CT867948.1
CT867973.2,CT867973.2
CT868708.1,CT868708.1
CT954240.1,CT954240.1
CT955963.1,CT955963.1
CT955967.1,CT955967.1
CT955996.1,CT955996.1
CT956002.2,CT956002.2
CT956055.1,CT956055.1
CT956093.1,CT956093.1
CT978957.2,CT978957.2
CT990561.1,CT990561.1
CT990561.2,CT990561.2
CT990567.1,CT990567.1
CT990567.2,CT990567.2
CT990618.1,CT990618.1
CT990625.1,CT990625.1
CT997819.1,CT997819.1
CT997819.2,CT997819.2
CT997819.3,CT997819.3
CT998556.1,CT998556.1
ctbp1,ctbp1
ctbp2a,ctbp2a
ctbs,ctbs
ctc1,ctc1
ctcf,ctcf
ctdnep1a,ctdnep1a
ctdnep1b,ctdnep1b
ctdp1,ctdp1
ctdsp1,ctdsp1
ctdsp2,ctdsp2
ctdspl2a,ctdspl2a
ctdspl2b,ctdspl2b
ctdspl3,ctdspl3
ctdspla,ctdspla
ctdsplb,ctdsplb
ctgfa,ctgfa
ctgfb,ctgfb
cth,cth
cth1,cth1
cthl,cthl
cthrc1a,cthrc1a
cthrc1b,cthrc1b
ctif,ctif
ctnna1,ctnna1
ctnna2,ctnna2
ctnnal1,ctnnal1
ctnnb1,ctnnb1
ctnnbip1,ctnnbip1
ctnnbl1,ctnnbl1
ctnnd1,ctnnd1
ctnnd2b,ctnnd2b
ctns,ctns
ctps1a,ctps1a
ctps1b,ctps1b
ctr9,ctr9
ctrb1,ctrb1
ctrl,ctrl
cts12,cts12
ctsa,ctsa
ctsba,ctsba
ctsbb,ctsbb
ctsc,ctsc
ctsd,ctsd
ctsf,ctsf
ctsh,ctsh
ctsk,ctsk
ctsl.1,ctsl.1
ctsla,ctsla
ctslb,ctslb
ctsll,ctsll
ctso,ctso
ctss1,ctss1
ctss2.1,ctss2.1
ctss2.2,ctss2.2
ctsz,ctsz
cttn,cttn
cttnbp2,cttnbp2
cttnbp2nla,cttnbp2nla
cttnbp2nlb,cttnbp2nlb
ctu1,ctu1
ctu2,ctu2
ctxn2,ctxn2
ctxn3,ctxn3
CU013526.1,CU013526.1
CU019562.2,CU019562.2
CU019562.3,CU019562.3
CU019624.1,CU019624.1
CU019646.1,CU019646.1
CU019647.1,CU019647.1
CU019662.1,CU019662.1
CU019663.1,CU019663.1
CU024870.1,CU024870.1
CU041319.1,CU041319.1
CU041319.2,CU041319.2
CU041363.1,CU041363.1
CU062454.1,CU062454.1
CU062487.1,CU062487.1
CU062501.1,CU062501.1
CU062501.2,CU062501.2
CU062628.1,CU062628.1
CU062632.1,CU062632.1
CU062633.1,CU062633.1
CU062645.1,CU062645.1
CU074310.1,CU074310.1
CU074419.1,CU074419.1
CU074419.2,CU074419.2
CU074421.1,CU074421.1
CU075735.1,CU075735.1
CU075735.2,CU075735.2
CU076099.1,CU076099.1
CU104709.1,CU104709.1
CU104743.1,CU104743.1
CU104777.1,CU104777.1
CU104782.1,CU104782.1
CU137645.1,CU137645.1
CU137648.2,CU137648.2
CU137680.1,CU137680.1
CU137680.2,CU137680.2
CU137681.3,CU137681.3
CU138509.1,CU138509.1
CU138515.1,CU138515.1
CU138533.2,CU138533.2
CU138542.1,CU138542.1
CU138542.2,CU138542.2
CU138548.5,CU138548.5
CU138553.1,CU138553.1
CU151886.1,CU151886.1
CU179643.1,CU179643.1
CU179656.1,CU179656.1
CU179656.2,CU179656.2
CU179702.2,CU179702.2
CU179756.1,CU179756.1
CU179757.1,CU179757.1
CU179758.1,CU179758.1
CU179759.1,CU179759.1
CU179759.2,CU179759.2
CU182107.1,CU182107.1
CU182107.2,CU182107.2
CU182823.1,CU182823.1
CU182823.2,CU182823.2
CU182823.3,CU182823.3
CU182823.4,CU182823.4
CU207217.1,CU207217.1
CU207221.1,CU207221.1
CU207221.2,CU207221.2
CU207241.1,CU207241.1
CU207245.1,CU207245.1
CU207275.1,CU207275.1
CU207281.1,CU207281.1
CU207281.2,CU207281.2
CU207281.3,CU207281.3
CU207301.1,CU207301.1
CU207301.2,CU207301.2
CU207301.3,CU207301.3
CU207343.1,CU207343.1
CU207354.1,CU207354.1
CU210890.1,CU210890.1
CU210919.1,CU210919.1
CU234171.1,CU234171.1
CU278559.1,CU278559.1
CU280645.1,CU280645.1
CU302200.1,CU302200.1
CU302316.1,CU302316.1
CU302321.1,CU302321.1
CU306817.1,CU306817.1
CU326349.1,CU326349.1
CU326366.2,CU326366.2
CU457778.1,CU457778.1
CU457778.2,CU457778.2
CU457778.3,CU457778.3
CU457819.1,CU457819.1
CU457819.2,CU457819.2
CU457819.3,CU457819.3
CU457819.4,CU457819.4
CU459012.1,CU459012.1
CU459012.3,CU459012.3
CU459056.1,CU459056.1
CU459056.2,CU459056.2
CU459065.1,CU459065.1
CU459089.1,CU459089.1
CU459093.1,CU459093.1
CU459094.2,CU459094.2
CU459094.3,CU459094.3
CU459145.1,CU459145.1
CU459155.1,CU459155.1
CU459174.1,CU459174.1
CU459186.1,CU459186.1
CU459186.2,CU459186.2
CU459186.3,CU459186.3
CU459210.1,CU459210.1
CU462871.1,CU462871.1
CU462878.1,CU462878.1
CU462914.1,CU462914.1
CU462915.1,CU462915.1
CU462980.1,CU462980.1
CU463033.1,CU463033.1
CU463038.2,CU463038.2
CU463109.1,CU463109.1
CU463284.1,CU463284.1
CU463284.2,CU463284.2
CU464087.1,CU464087.1
CU464118.1,CU464118.1
CU464124.1,CU464124.1
CU464134.1,CU464134.1
CU464134.2,CU464134.2
CU464180.1,CU464180.1
CU466278.1,CU466278.1
CU466285.1,CU466285.1
CU466285.2,CU466285.2
CU466287.1,CU466287.1
CU466287.2,CU466287.2
CU467042.1,CU467042.1
CU467043.1,CU467043.1
CU467110.1,CU467110.1
CU467639.1,CU467639.1
CU467646.2,CU467646.2
CU467646.4,CU467646.4
CU467646.6,CU467646.6
CU467646.7,CU467646.7
CU467655.2,CU467655.2
CU467822.1,CU467822.1
CU467822.2,CU467822.2
CU467823.1,CU467823.1
CU467837.1,CU467837.1
CU467856.1,CU467856.1
CU467856.3,CU467856.3
CU467861.1,CU467861.1
CU467880.1,CU467880.1
CU467963.1,CU467963.1
CU468002.1,CU468002.1
CU468041.2,CU468041.2
CU468164.1,CU468164.1
CU468723.1,CU468723.1
CU468723.2,CU468723.2
CU468730.1,CU468730.1
CU468826.1,CU468826.1
CU468896.1,CU468896.1
CU468917.1,CU468917.1
CU468920.1,CU468920.1
CU469104.1,CU469104.1
CU469362.1,CU469362.1
CU469420.2,CU469420.2
CU469420.3,CU469420.3
CU469493.1,CU469493.1
CU469524.2,CU469524.2
CU469526.1,CU469526.1
CU469530.1,CU469530.1
CU469530.2,CU469530.2
CU469539.1,CU469539.1
CU469541.1,CU469541.1
CU469568.1,CU469568.1
CU469568.3,CU469568.3
CU469568.4,CU469568.4
CU469577.1,CU469577.1
CU469584.1,CU469584.1
CU499311.1,CU499311.1
CU499330.1,CU499330.1
CU550702.1,CU550702.1
CU550719.1,CU550719.1
CU570682.1,CU570682.1
CU570689.1,CU570689.1
CU570689.2,CU570689.2
CU570769.1,CU570769.1
CU570769.3,CU570769.3
CU570781.1,CU570781.1
CU570781.3,CU570781.3
CU570787.1,CU570787.1
CU570881.2,CU570881.2
CU570893.1,CU570893.1
CU570894.1,CU570894.1
CU570894.2,CU570894.2
CU571061.1,CU571061.1
CU571064.1,CU571064.1
CU571069.1,CU571069.1
CU571074.1,CU571074.1
CU571079.1,CU571079.1
CU571091.1,CU571091.1
CU571161.1,CU571161.1
CU571163.1,CU571163.1
CU571169.1,CU571169.1
CU571179.1,CU571179.1
CU571254.1,CU571254.1
CU571315.1,CU571315.1
CU571315.2,CU571315.2
CU571315.3,CU571315.3
CU571318.1,CU571318.1
CU571319.1,CU571319.1
CU571319.2,CU571319.2
CU571324.1,CU571324.1
CU571336.1,CU571336.1
CU571384.1,CU571384.1
CU595864.1,CU595864.1
CU627988.1,CU627988.1
CU628002.1,CU628002.1
CU633478.1,CU633478.1
CU633479.5,CU633479.5
CU633479.6,CU633479.6
CU633745.1,CU633745.1
CU633804.1,CU633804.1
CU633823.1,CU633823.1
CU633857.1,CU633857.1
CU633933.1,CU633933.1
CU633978.1,CU633978.1
CU633984.1,CU633984.1
CU633991.2,CU633991.2
CU633999.1,CU633999.1
CU633999.2,CU633999.2
CU638702.1,CU638702.1
CU638870.1,CU638870.1
CU639397.1,CU639397.1
CU639412.1,CU639412.1
CU639436.1,CU639436.1
CU639468.1,CU639468.1
CU639469.1,CU639469.1
CU640433.1,CU640433.1
CU651657.1,CU651657.1
CU651668.1,CU651668.1
CU651669.1,CU651669.1
CU652893.1,CU652893.1
CU655842.1,CU655842.1
CU655844.1,CU655844.1
CU655845.1,CU655845.1
CU655961.1,CU655961.1
CU655961.2,CU655961.2
CU655961.3,CU655961.3
CU655961.4,CU655961.4
CU657976.1,CU657976.1
CU657977.1,CU657977.1
CU657980.1,CU657980.1
CU658285.1,CU658285.1
CU659670.1,CU659670.1
CU660013.2,CU660013.2
CU672227.1,CU672227.1
CU672228.1,CU672228.1
CU672266.1,CU672266.1
CU681836.1,CU681836.1
CU681836.2,CU681836.2
CU681841.1,CU681841.1
CU681842.1,CU681842.1
CU681845.1,CU681845.1
CU681855.1,CU681855.1
CU682604.1,CU682604.1
CU682640.1,CU682640.1
CU682777.1,CU682777.1
CU682777.2,CU682777.2
CU682811.1,CU682811.1
CU682811.2,CU682811.2
CU683879.1,CU683879.1
CU683879.2,CU683879.2
CU693368.1,CU693368.1
CU693379.1,CU693379.1
CU693446.1,CU693446.1
CU693471.1,CU693471.1
CU693481.1,CU693481.1
CU693484.1,CU693484.1
CU693494.2,CU693494.2
CU693502.1,CU693502.1
CU694197.1,CU694197.1
CU694197.2,CU694197.2
CU694255.2,CU694255.2
CU694256.1,CU694256.1
CU694264.1,CU694264.1
CU694317.1,CU694317.1
CU694380.1,CU694380.1
CU694380.2,CU694380.2
CU694481.1,CU694481.1
CU694486.1,CU694486.1
CU694525.1,CU694525.1
CU694532.1,CU694532.1
CU694807.1,CU694807.1
CU694808.1,CU694808.1
CU694952.1,CU694952.1
CU695011.1,CU695011.1
CU695117.1,CU695117.1
CU695215.2,CU695215.2
CU695223.1,CU695223.1
CU695232.1,CU695232.1
CU855685.1,CU855685.1
CU855688.2,CU855688.2
CU855694.1,CU855694.1
CU855758.1,CU855758.1
CU855758.2,CU855758.2
CU855799.1,CU855799.1
CU855801.1,CU855801.1
CU855821.1,CU855821.1
CU855854.1,CU855854.1
CU855878.1,CU855878.1
CU855889.1,CU855889.1
CU855889.2,CU855889.2
CU855895.2,CU855895.2
CU855900.1,CU855900.1
CU855906.1,CU855906.1
CU855930.1,CU855930.1
CU855936.1,CU855936.1
CU855948.1,CU855948.1
CU856222.1,CU856222.1
CU856343.1,CU856343.1
CU856344.2,CU856344.2
CU856358.1,CU856358.1
CU856423.1,CU856423.1
CU856516.1,CU856516.1
CU856520.1,CU856520.1
CU856539.1,CU856539.1
CU856539.2,CU856539.2
CU856621.2,CU856621.2
CU856622.1,CU856622.1
CU861453.1,CU861453.1
CU861459.1,CU861459.1
CU861477.1,CU861477.1
CU861667.1,CU861667.1
CU862015.1,CU862015.1
CU862078.1,CU862078.1
CU896541.1,CU896541.1
CU896641.1,CU896641.1
CU896647.1,CU896647.1
CU896691.1,CU896691.1
CU896691.2,CU896691.2
CU896691.3,CU896691.3
CU914157.1,CU914157.1
CU914164.1,CU914164.1
CU914487.1,CU914487.1
CU914550.1,CU914550.1
CU914602.1,CU914602.1
CU914622.1,CU914622.1
CU914622.2,CU914622.2
CU914760.1,CU914760.1
CU914776.2,CU914776.2
CU915256.2,CU915256.2
CU915778.1,CU915778.1
CU915818.1,CU915818.1
CU915827.1,CU915827.1
CU927887.1,CU927887.1
CU927890.1,CU927890.1
CU927920.1,CU927920.1
CU927934.1,CU927934.1
CU927934.3,CU927934.3
CU928071.1,CU928071.1
CU928073.1,CU928073.1
CU928083.1,CU928083.1
CU928129.1,CU928129.1
CU928131.1,CU928131.1
CU928222.3,CU928222.3
CU929037.1,CU929037.1
CU929037.2,CU929037.2
CU929054.1,CU929054.1
CU929070.1,CU929070.1
CU929073.1,CU929073.1
CU929079.1,CU929079.1
CU929119.1,CU929119.1
CU929143.1,CU929143.1
CU929144.1,CU929144.1
CU929145.3,CU929145.3
CU929146.1,CU929146.1
CU929149.1,CU929149.1
CU929150.1,CU929150.1
CU929150.2,CU929150.2
CU929160.1,CU929160.1
CU929178.1,CU929178.1
CU929199.1,CU929199.1
CU929203.1,CU929203.1
CU929203.2,CU929203.2
CU929206.2,CU929206.2
CU929230.1,CU929230.1
CU929237.1,CU929237.1
CU929240.1,CU929240.1
CU929259.1,CU929259.1
CU929294.1,CU929294.1
CU929294.2,CU929294.2
CU929307.1,CU929307.1
CU929322.1,CU929322.1
CU929339.1,CU929339.1
CU929339.2,CU929339.2
CU929346.1,CU929346.1
CU929359.1,CU929359.1
CU929391.1,CU929391.1
CU929391.2,CU929391.2
CU929402.1,CU929402.1
CU929402.2,CU929402.2
CU929403.2,CU929403.2
CU929416.1,CU929416.1
CU929418.1,CU929418.1
CU929418.2,CU929418.2
CU929426.1,CU929426.1
CU929444.1,CU929444.1
CU929451.1,CU929451.1
CU929451.2,CU929451.2
CU929544.1,CU929544.1
CU972454.1,CU972454.1
CU972454.2,CU972454.2
CU972454.3,CU972454.3
CU972454.4,CU972454.4
CU972454.5,CU972454.5
CU972512.1,CU972512.1
CU972516.1,CU972516.1
CU984579.1,CU984579.1
CU984600.1,CU984600.1
CU984600.2,CU984600.2
CU984600.3,CU984600.3
CU986305.1,CU986305.1
cubn,cubn
cuedc1a,cuedc1a
cuedc1b,cuedc1b
cuedc2,cuedc2
cul1a,cul1a
cul1b,cul1b
cul2,cul2
cul3a,cul3a
cul3b,cul3b
cul4a,cul4a
cul4b,cul4b
cul5a,cul5a
cul5b,cul5b
cutc,cutc
cux1b,cux1b
cux2b,cux2b
cuzd1.1,cuzd1.1
cuzd1.2,cuzd1.2
cwc15,cwc15
cwc22,cwc22
cwc25,cwc25
cwc27,cwc27
cwf19l1,cwf19l1
cwf19l2,cwf19l2
cx23,cx23
cx27.5,cx27.5
cx28.1,cx28.1
cx28.6,cx28.6
cx28.8,cx28.8
cx30.3,cx30.3
cx32.2,cx32.2
cx32.3,cx32.3
cx34.4,cx34.4
cx34.5,cx34.5
cx35.4,cx35.4
cx39.4,cx39.4
cx39.9,cx39.9
cx43,cx43
cx43.4,cx43.4
cx44.2,cx44.2
cx47.1,cx47.1
cx52.6,cx52.6
cx52.9,cx52.9
cx55.5,cx55.5
cxadr,cxadr
cxcl11.1,cxcl11.1
cxcl11.5,cxcl11.5
cxcl11.6,cxcl11.6
cxcl11.7,cxcl11.7
cxcl12a,cxcl12a
cxcl12b,cxcl12b
cxcl14,cxcl14
cxcl18b,cxcl18b
cxcl20,cxcl20
cxcl8b.1,cxcl8b.1
cxcl8b.3,cxcl8b.3
cxcr1,cxcr1
cxcr2,cxcr2
cxcr3.1,cxcr3.1
cxcr3.2,cxcr3.2
cxcr3.3,cxcr3.3
cxcr4a,cxcr4a
cxcr4b,cxcr4b
cxl34b.11,cxl34b.11
cxxc1a,cxxc1a
cxxc1b,cxxc1b
cxxc4,cxxc4
cxxc5a,cxxc5a
cxxc5b,cxxc5b
cyb561,cyb561
cyb561a3a,cyb561a3a
cyb561a3b,cyb561a3b
cyb561d1,cyb561d1
cyb561d2,cyb561d2
cyb5a,cyb5a
cyb5b,cyb5b
cyb5d1,cyb5d1
cyb5r1,cyb5r1
cyb5r2,cyb5r2
cyb5r3,cyb5r3
cyb5r4,cyb5r4
cyba,cyba
cybb,cybb
cybc1,cybc1
cybrd1,cybrd1
cyc1,cyc1
cycsb,cycsb
cyfip1,cyfip1
cyfip2,cyfip2
cygb1,cygb1
cygb2,cygb2
cyhr1,cyhr1
cylda,cylda
cyldb,cyldb
cyldl,cyldl
cyp11a1,cyp11a1
cyp11a2,cyp11a2
cyp11c1,cyp11c1
cyp17a1,cyp17a1
cyp17a2,cyp17a2
cyp19a1a,cyp19a1a
cyp19a1b,cyp19a1b
cyp1a,cyp1a
cyp1b1,cyp1b1
cyp1c1,cyp1c1
cyp1c2,cyp1c2
cyp1d1,cyp1d1
cyp20a1,cyp20a1
cyp21a2,cyp21a2
cyp24a1,cyp24a1
cyp26a1,cyp26a1
cyp26b1,cyp26b1
cyp26c1,cyp26c1
cyp27a1.2,cyp27a1.2
cyp27a1.4,cyp27a1.4
cyp27a7,cyp27a7
cyp27b1,cyp27b1
cyp27c1,cyp27c1
cyp2aa1,cyp2aa1
cyp2aa12,cyp2aa12
cyp2aa2,cyp2aa2
cyp2aa3,cyp2aa3
cyp2aa4,cyp2aa4
cyp2aa6,cyp2aa6
cyp2aa7,cyp2aa7
cyp2aa8,cyp2aa8
cyp2aa9,cyp2aa9
cyp2ad2,cyp2ad2
cyp2ad3,cyp2ad3
cyp2ad6,cyp2ad6
cyp2ae1,cyp2ae1
cyp2j20,cyp2j20
cyp2k16,cyp2k16
cyp2k17,cyp2k17
cyp2k18,cyp2k18
cyp2k19,cyp2k19
cyp2k21,cyp2k21
cyp2k22,cyp2k22
cyp2k31,cyp2k31
cyp2k8,cyp2k8
cyp2p10,cyp2p10
cyp2p6,cyp2p6
cyp2p7,cyp2p7
cyp2p8,cyp2p8
cyp2p9,cyp2p9
cyp2r1,cyp2r1
cyp2u1,cyp2u1
cyp2v1,cyp2v1
cyp2x10.2,cyp2x10.2
cyp2x12,cyp2x12
cyp2x6,cyp2x6
cyp2x7,cyp2x7
cyp2x8,cyp2x8
cyp2x9,cyp2x9
cyp2y3,cyp2y3
cyp39a1,cyp39a1
cyp3a65,cyp3a65
cyp3c1,cyp3c1
cyp3c3,cyp3c3
cyp3c4,cyp3c4
cyp46a1.1,cyp46a1.1
cyp46a1.3,cyp46a1.3
cyp46a1.4,cyp46a1.4
cyp4t8,cyp4t8
cyp4v8,cyp4v8
cyp51,cyp51
cyp7a1,cyp7a1
cyp7b1,cyp7b1
cyp8b1,cyp8b1
cyp8b2,cyp8b2
cyp8b3,cyp8b3
cyr61,cyr61
cyr61l1,cyr61l1
cyr61l2,cyr61l2
cysltr1,cysltr1
cysltr2a,cysltr2a
cysltr2b,cysltr2b
cysltr3,cysltr3
cyt1,cyt1
cyt1l,cyt1l
cyth1a,cyth1a
cyth1b,cyth1b
CYTH2,CYTH2
cyth3a,cyth3a
cyth3b,cyth3b
cyth4a,cyth4a
cyth4b,cyth4b
CYTL1,CYTL1
cyyr1,cyyr1
CZQB01066256.1,CZQB01066256.1
CZQB01137059.1,CZQB01137059.1
CZQB01141835.1,CZQB01141835.1
d2hgdh,d2hgdh
daam1a,daam1a
daam1b,daam1b
daam2,daam2
dab1a,dab1a
dab1b,dab1b
dab2,dab2
dab2ipa,dab2ipa
dab2ipb,dab2ipb
dacha,dacha
dachb,dachb
dachc,dachc
dact1,dact1
dact2,dact2
dact3a,dact3a
dad1,dad1
dag1,dag1
dagla,dagla
daglb,daglb
dalrd3,dalrd3
dand5,dand5
dao.1,dao.1
dao.3,dao.3
dap,dap
dap3,dap3
dapk1,dapk1
dapk2a,dapk2a
dapk2b,dapk2b
dapk3,dapk3
dapp1,dapp1
dars,dars
dars2,dars2
daw1,daw1
daxx,daxx
dazap1,dazap1
dazap2,dazap2
dazl,dazl
dbf4,dbf4
dbf4b,dbf4b
dbh,dbh
dbi,dbi
dbn1,dbn1
dbnla,dbnla
dbnlb,dbnlb
dbpa,dbpa
dbpb,dbpb
dbr1,dbr1
dbt,dbt
dbx1a,dbx1a
dcaf11,dcaf11
dcaf12,dcaf12
dcaf13,dcaf13
dcaf15,dcaf15
dcaf17,dcaf17
dcaf5,dcaf5
dcaf6,dcaf6
dcaf7,dcaf7
dcaf8,dcaf8
dcakd,dcakd
dcbld1,dcbld1
dcbld2,dcbld2
dcc,dcc
dcdc2b,dcdc2b
dchs1a,dchs1a
dchs1b,dchs1b
dck,dck
dclk1a,dclk1a
dclk1b,dclk1b
dclk2a,dclk2a
dclk2b,dclk2b
dclk3,dclk3
dclre1a,dclre1a
dclre1b,dclre1b
dclre1c,dclre1c
dcn,dcn
dcp1a,dcp1a
dcp1b,dcp1b
dcp2,dcp2
dcps,dcps
dcst1,dcst1
dcst2,dcst2
dcstamp,dcstamp
dctd,dctd
dctn1a,dctn1a
dctn1b,dctn1b
dctn2,dctn2
dctn3,dctn3
dctn4,dctn4
dctn5,dctn5
dctpp1,dctpp1
dcun1d1,dcun1d1
dcun1d2a,dcun1d2a
dcun1d2b,dcun1d2b
dcun1d3,dcun1d3
dcun1d4,dcun1d4
dcun1d5,dcun1d5
dcxr,dcxr
dda1,dda1
ddah1,ddah1
ddah2,ddah2
ddb1,ddb1
ddb2,ddb2
ddc,ddc
ddhd1a,ddhd1a
ddhd1b,ddhd1b
ddhd2,ddhd2
ddi2,ddi2
ddias,ddias
ddit3,ddit3
ddit4,ddit4
ddost,ddost
ddr1,ddr1
ddr2a,ddr2a
ddr2b,ddr2b
ddr2l,ddr2l
ddt,ddt
ddx1,ddx1
ddx10,ddx10
ddx11,ddx11
DDX17,DDX17
ddx18,ddx18
ddx19,ddx19
ddx20,ddx20
ddx21,ddx21
ddx23,ddx23
ddx24,ddx24
ddx27,ddx27
ddx28,ddx28
ddx31,ddx31
ddx39aa,ddx39aa
ddx39ab,ddx39ab
ddx39b,ddx39b
ddx3xa,ddx3xa
ddx3xb,ddx3xb
ddx4,ddx4
ddx41,ddx41
ddx42,ddx42
ddx43,ddx43
ddx46,ddx46
ddx47,ddx47
ddx49,ddx49
ddx5,ddx5
ddx51,ddx51
ddx52,ddx52
ddx54,ddx54
ddx55,ddx55
ddx56,ddx56
ddx58,ddx58
ddx59,ddx59
ddx6,ddx6
ddx61,ddx61
deaf1,deaf1
decr1,decr1
decr2,decr2
dedd,dedd
dedd1,dedd1
def6a,def6a
def6b,def6b
def6c,def6c
def8,def8
defbl1,defbl1
defbl2,defbl2
defbl3,defbl3
degs1,degs1
degs2,degs2
dek,dek
dele1,dele1
dennd1a,dennd1a
dennd1b,dennd1b
dennd2c,dennd2c
dennd2da,dennd2da
dennd2db,dennd2db
dennd3a,dennd3a
dennd3b,dennd3b
dennd4a,dennd4a
dennd4b,dennd4b
dennd4c,dennd4c
dennd5a,dennd5a
dennd5b,dennd5b
dennd6aa,dennd6aa
dennd6b,dennd6b
denr,denr
depdc1a,depdc1a
depdc5,depdc5
depdc7a,depdc7a
depdc7b,depdc7b
deptor,deptor
dera,dera
derl1,derl1
derl3,derl3
desi1a,desi1a
desi1b,desi1b
desi2,desi2
desma,desma
desmb,desmb
det1,det1
dexi,dexi
dffa,dffa
dffb,dffb
dgat1a,dgat1a
dgat1b,dgat1b
dgat2,dgat2
dgcr2,dgcr2
dgcr6,dgcr6
dgcr8,dgcr8
dgkaa,dgkaa
dgkab,dgkab
DGKD,DGKD
dgke,dgke
dgkg,dgkg
dgkh,dgkh
DGKI,DGKI
dgkq,dgkq
dgkza,dgkza
dgkzb,dgkzb
dglucy,dglucy
dguok,dguok
dharma,dharma
dhcr24,dhcr24
dhcr7,dhcr7
dhdds,dhdds
DHDH,DHDH
dhdhl,dhdhl
dhfr,dhfr
dhh,dhh
dhodh,dhodh
dhps,dhps
dhrs1,dhrs1
dhrs11a,dhrs11a
dhrs11b,dhrs11b
dhrs12,dhrs12
dhrs13a.1,dhrs13a.1
dhrs13a.2,dhrs13a.2
dhrs13a.3,dhrs13a.3
dhrs13b,dhrs13b
dhrs13l1,dhrs13l1
dhrs3a,dhrs3a
dhrs3b,dhrs3b
dhrs4,dhrs4
dhrs7,dhrs7
dhrs7b,dhrs7b
dhrs7ca,dhrs7ca
dhrs7cb,dhrs7cb
dhrs9,dhrs9
dhrsx,dhrsx
dhtkd1,dhtkd1
dhx15,dhx15
dhx16,dhx16
dhx29,dhx29
dhx30,dhx30
dhx32a,dhx32a
dhx32b,dhx32b
dhx33,dhx33
dhx34,dhx34
DHX35,DHX35
dhx36,dhx36
dhx37,dhx37
dhx38,dhx38
dhx57,dhx57
dhx58,dhx58
dhx8,dhx8
dhx9,dhx9
dia1a,dia1a
dia1b,dia1b
diabloa,diabloa
diablob,diablob
diaph2,diaph2
diaph3,diaph3
dicer1,dicer1
dicp1.16,dicp1.16
dicp1.17,dicp1.17
dicp1.19,dicp1.19
dicp1.5-6,dicp1.5-6
dicp1.7,dicp1.7
dicp3.1,dicp3.1
dido1,dido1
dimt1l,dimt1l
dio1,dio1
dio2,dio2
dio3a,dio3a
dip2a,dip2a
dip2ba,dip2ba
dip2bb,dip2bb
dip2ca,dip2ca
dip2cb,dip2cb
DIPK2B,DIPK2B
diras1a,diras1a
diras1b,diras1b
diras2,diras2
dirc2,dirc2
dis3,dis3
dis3l,dis3l
dis3l2,dis3l2
disc1,disc1
disp1,disp1
DISP3,DISP3
dixdc1a,dixdc1a
dixdc1b,dixdc1b
dkc1,dkc1
dkk1a,dkk1a
dkk1b,dkk1b
dkk2,dkk2
dkk3a,dkk3a
dkk3b,dkk3b
dla,dla
dlat,dlat
dlb,dlb
dlc,dlc
dlc1,dlc1
dld,dld
dldh,dldh
dlec1,dlec1
dlg1,dlg1
dlg1l,dlg1l
dlg2,dlg2
dlg3,dlg3
dlg4a,dlg4a
dlg4b,dlg4b
dlg5b.1,dlg5b.1
dlgap1a,dlgap1a
dlgap1b,dlgap1b
dlgap2a,dlgap2a
dlgap2b,dlgap2b
dlgap3,dlgap3
dlgap4a,dlgap4a
dlgap4b,dlgap4b
dlgap5,dlgap5
dlk2,dlk2
dll4,dll4
dlst,dlst
dlx1a,dlx1a
dlx2a,dlx2a
dlx2b,dlx2b
dlx3b,dlx3b
dlx4a,dlx4a
dlx4b,dlx4b
dlx5a,dlx5a
dlx6a,dlx6a
dmac2l,dmac2l
dmap1,dmap1
dmbx1a,dmbx1a
dmbx1b,dmbx1b
dmc1,dmc1
dmd,dmd
dmgdh,dmgdh
dmrt1,dmrt1
dmrt2a,dmrt2a
dmrt2b,dmrt2b
dmrt3a,dmrt3a
dmrta2,dmrta2
dmtf1,dmtf1
dmtn,dmtn
DMWD,DMWD
dmxl2,dmxl2
dna2,dna2
dnaaf1,dnaaf1
dnaaf2,dnaaf2
dnaaf3,dnaaf3
dnaaf3l,dnaaf3l
dnaaf4,dnaaf4
dnah1,dnah1
DNAH10,DNAH10
dnah11,dnah11
dnah12,dnah12
dnah2,dnah2
dnah3,dnah3
dnah5,dnah5
dnah5l,dnah5l
dnah6,dnah6
dnah7,dnah7
dnah9,dnah9
dnah9l,dnah9l
dnai1.1,dnai1.1
dnai1.2,dnai1.2
dnai2a,dnai2a
dnai2b,dnai2b
dnaja1,dnaja1
dnaja2a,dnaja2a
dnaja2b,dnaja2b
dnaja3a,dnaja3a
dnaja3b,dnaja3b
dnajb11,dnajb11
dnajb12a,dnajb12a
dnajb12b,dnajb12b
dnajb13,dnajb13
dnajb14,dnajb14
dnajb1a,dnajb1a
dnajb1b,dnajb1b
dnajb2,dnajb2
dnajb4,dnajb4
dnajb5,dnajb5
dnajb6a,dnajb6a
dnajb6b,dnajb6b
dnajb9a,dnajb9a
dnajb9b,dnajb9b
dnajc1,dnajc1
dnajc10,dnajc10
dnajc11a,dnajc11a
dnajc11b,dnajc11b
dnajc12,dnajc12
dnajc14,dnajc14
dnajc15,dnajc15
dnajc16,dnajc16
dnajc16l,dnajc16l
dnajc17,dnajc17
dnajc18,dnajc18
dnajc19,dnajc19
dnajc2,dnajc2
dnajc21,dnajc21
dnajc22,dnajc22
dnajc24,dnajc24
dnajc25,dnajc25
dnajc27,dnajc27
dnajc28,dnajc28
dnajc30b,dnajc30b
dnajc3a,dnajc3a
dnajc3b,dnajc3b
dnajc4,dnajc4
dnajc5aa,dnajc5aa
dnajc5ab,dnajc5ab
dnajc5b,dnajc5b
dnajc5ga,dnajc5ga
dnajc5gb,dnajc5gb
dnajc6,dnajc6
dnajc7,dnajc7
dnajc8,dnajc8
dnajc9,dnajc9
dnal1,dnal1
dnal4a,dnal4a
dnal4b,dnal4b
dnali1,dnali1
dnase1,dnase1
dnase1l1,dnase1l1
dnase1l1l,dnase1l1l
dnase1l4.1,dnase1l4.1
dnase1l4.2,dnase1l4.2
dnase2,dnase2
dnase2b,dnase2b
dnd1,dnd1
dner,dner
dnlz,dnlz
dnm1a,dnm1a
dnm1b,dnm1b
dnm1l,dnm1l
dnm2a,dnm2a
dnm2b,dnm2b
dnm3a,dnm3a
dnmbp,dnmbp
dnmt1,dnmt1
dnmt3aa,dnmt3aa
dnmt3ab,dnmt3ab
dnmt3ba,dnmt3ba
dnmt3bb.1,dnmt3bb.1
dnmt3bb.2,dnmt3bb.2
dnmt3bb.3,dnmt3bb.3
dnpep,dnpep
dnph1,dnph1
dntt,dntt
dnttip2,dnttip2
doc2a,doc2a
doc2b,doc2b
doc2d,doc2d
dock1,dock1
dock11,dock11
dock3,dock3
DOCK4,DOCK4
dock4b,dock4b
dock5,dock5
dock6,dock6
dock8,dock8
DOCK9,DOCK9
dock9b,dock9b
dohh,dohh
dok1a,dok1a
dok1b,dok1b
dok2,dok2
dok4,dok4
dok6,dok6
dok7,dok7
dolk,dolk
dolpp1,dolpp1
dop1a,dop1a
dop1b,dop1b
dot1l,dot1l
dpagt1,dpagt1
dpcd,dpcd
dpep1,dpep1
dpep2,dpep2
dpf1,dpf1
dpf2,dpf2
dpf2l,dpf2l
dpf3,dpf3
dph1,dph1
dph2,dph2
dph3,dph3
dph5,dph5
dph6,dph6
dph7,dph7
dpm1,dpm1
dpm2,dpm2
dpm3,dpm3
dpp3,dpp3
dpp4,dpp4
dpp6a,dpp6a
dpp6b,dpp6b
dpp7,dpp7
dpp9,dpp9
dpy19l1l,dpy19l1l
dpy19l3,dpy19l3
dpy30,dpy30
dpyda.1,dpyda.1
dpydb,dpydb
dpys,dpys
DPYSL2,DPYSL2
dpysl3,dpysl3
dpysl4,dpysl4
dpysl5a,dpysl5a
dpysl5b,dpysl5b
dqx1,dqx1
dr1,dr1
dram1,dram1
dram2a,dram2a
dram2b,dram2b
drap1,drap1
draxin,draxin
drc1,drc1
drc3,drc3
drd1a,drd1a
drd1b,drd1b
drd2a,drd2a
drd2b,drd2b
drd2l,drd2l
drd3,drd3
drd4-rs,drd4-rs
drd4a,drd4a
drd4b,drd4b
drd5a,drd5a
drd6b,drd6b
drd7,drd7
dre-let-7b,dre-let-7b
dre-let-7g-1,dre-let-7g-1
dre-let-7i,dre-let-7i
drg1,drg1
drg2,drg2
drgx,drgx
drl,drl
drosha,drosha
drp2,drp2
dsc2l,dsc2l
dscama,dscama
dscamb,dscamb
dscc1,dscc1
dse,dse
dsela,dsela
DSG2,DSG2
dsg2.1,dsg2.1
dsg2l,dsg2l
dsn1,dsn1
dspa,dspa
DST,DST
dstyk,dstyk
dtd1,dtd1
dtd2,dtd2
dthd1,dthd1
dtl,dtl
dtna,dtna
dtnba,dtnba
dtnbb,dtnbb
dtnbp1a,dtnbp1a
dtnbp1b,dtnbp1b
dtwd1,dtwd1
dtwd2,dtwd2
dtx2,dtx2
dtymk,dtymk
dub,dub
duox,duox
duox2,duox2
dus1l,dus1l
dus2,dus2
dus3l,dus3l
dus4l,dus4l
dusp1,dusp1
dusp10,dusp10
dusp11,dusp11
dusp12,dusp12
dusp14,dusp14
dusp16,dusp16
dusp19a,dusp19a
dusp19b,dusp19b
dusp2,dusp2
dusp22a,dusp22a
dusp22b,dusp22b
dusp23a,dusp23a
dusp23b,dusp23b
dusp26,dusp26
dusp27,dusp27
dusp28,dusp28
dusp3a,dusp3a
dusp4,dusp4
dusp5,dusp5
dusp6,dusp6
dusp7,dusp7
dusp8a,dusp8a
dut,dut
dvl1a,dvl1a
dvl1b,dvl1b
dvl2,dvl2
dvl3a,dvl3a
dvl3b,dvl3b
DXO,DXO
dydc2,dydc2
dym,dym
dync1h1,dync1h1
dync1i1,dync1i1
dync1i2a,dync1i2a
dync1i2b,dync1i2b
dync1li1,dync1li1
dync1li2,dync1li2
DYNC2H1,DYNC2H1
dync2li1,dync2li1
dynll1,dynll1
dynll2a,dynll2a
dynll2b,dynll2b
dynlrb1,dynlrb1
dynlt3,dynlt3
dyrk1aa,dyrk1aa
dyrk1ab,dyrk1ab
dyrk1b,dyrk1b
dyrk2,dyrk2
dyrk3,dyrk3
dyrk4,dyrk4
dysf,dysf
dytn,dytn
dzank1,dzank1
dzip1,dzip1
dzip1l,dzip1l
e2f1,e2f1
e2f3,e2f3
e2f4,e2f4
e2f5,e2f5
e2f7,e2f7
e2f8,e2f8
e4f1,e4f1
eaf1,eaf1
eaf2,eaf2
eapp,eapp
EARS2,EARS2
ebag9,ebag9
ebf1b,ebf1b
ebf2,ebf2
ebf3b,ebf3b
ebna1bp2,ebna1bp2
ebp,ebp
ebpl,ebpl
ecd,ecd
ece2a,ece2a
ecel1,ecel1
ech1,ech1
echdc1,echdc1
echdc2,echdc2
echdc3,echdc3
echs1,echs1
eci1,eci1
eci2,eci2
ecm1a,ecm1a
ecm1b,ecm1b
ecm2,ecm2
ecpas,ecpas
ecrg4a,ecrg4a
ecrg4b,ecrg4b
ecsit,ecsit
ect2,ect2
eda,eda
edar,edar
edaradd,edaradd
edc3,edc3
edc4,edc4
edem1,edem1
edem2,edem2
edem3,edem3
edf1,edf1
edil3a,edil3a
edil3b,edil3b
edn1,edn1
edn2,edn2
edn3b,edn3b
ednraa,ednraa
ednrab,ednrab
ednrba,ednrba
ednrbb,ednrbb
edrf1,edrf1
eea1,eea1
eed,eed
eef1a1a,eef1a1a
eef1a1b,eef1a1b
eef1a1l1,eef1a1l1
eef1a1l2,eef1a1l2
eef1a2,eef1a2
eef1akmt1,eef1akmt1
eef1akmt2,eef1akmt2
eef1b2,eef1b2
eef1da,eef1da
eef1db,eef1db
eef1e1,eef1e1
eef1g,eef1g
eef2a.1,eef2a.1
eef2a.2,eef2a.2
eef2b,eef2b
eef2k,eef2k
eef2kmt,eef2kmt
eef2l2,eef2l2
eefsec,eefsec
eepd1,eepd1
eevs,eevs
efcab1,efcab1
efcab11,efcab11
efcab2,efcab2
efcab6,efcab6
efcab7,efcab7
efcc1,efcc1
efemp1,efemp1
efemp2a,efemp2a
efemp2b,efemp2b
efhb,efhb
efhc2,efhc2
efhd1,efhd1
efhd2,efhd2
efl1,efl1
efna1a,efna1a
efna1b,efna1b
efna2a,efna2a
efna2b,efna2b
efna3a,efna3a
efna3b,efna3b
efna5a,efna5a
efnb1,efnb1
efnb2a,efnb2a
efnb2b,efnb2b
efnb3a,efnb3a
efnb3b,efnb3b
efr3a,efr3a
efr3ba,efr3ba
efr3bb,efr3bb
efs,efs
eftud2,eftud2
egf,egf
egfl6,egfl6
egfl7,egfl7
EGFLAM,EGFLAM
egfra,egfra
egln1a,egln1a
egln1b,egln1b
egln2,egln2
egr1,egr1
egr2a,egr2a
egr2b,egr2b
egr3,egr3
egr4,egr4
ehbp1,ehbp1
ehbp1l1a,ehbp1l1a
ehbp1l1b,ehbp1l1b
ehd1a,ehd1a
ehd1b,ehd1b
ehd2a,ehd2a
ehd2b,ehd2b
ehd3,ehd3
ehd4,ehd4
ehf,ehf
ehhadh,ehhadh
ehmt1a,ehmt1a
ehmt1b,ehmt1b
ehmt2,ehmt2
ei24,ei24
eif1ad,eif1ad
eif1axa,eif1axa
eif1axb,eif1axb
eif1b,eif1b
eif2a,eif2a
eif2ak1,eif2ak1
eif2ak2,eif2ak2
eif2ak3,eif2ak3
EIF2AK4,EIF2AK4
eif2b1,eif2b1
eif2b2,eif2b2
eif2b3,eif2b3
eif2b4,eif2b4
eif2b5,eif2b5
eif2d,eif2d
eif2s1a,eif2s1a
eif2s1b,eif2s1b
eif2s2,eif2s2
eif2s3,eif2s3
eif3ba,eif3ba
eif3bb,eif3bb
eif3c,eif3c
eif3d,eif3d
eif3ea,eif3ea
eif3eb,eif3eb
eif3f,eif3f
eif3g,eif3g
eif3ha,eif3ha
eif3hb,eif3hb
eif3i,eif3i
EIF3J,EIF3J
eif3ja,eif3ja
eif3jb,eif3jb
eif3k,eif3k
eif3m,eif3m
eif3s10,eif3s10
eif3s6ip,eif3s6ip
eif4a1a,eif4a1a
eif4a1b,eif4a1b
eif4a2,eif4a2
eif4a3,eif4a3
eif4ba,eif4ba
eif4bb,eif4bb
eif4e1b,eif4e1b
eif4e1c,eif4e1c
eif4e2,eif4e2
eif4e2rs1,eif4e2rs1
eif4e3,eif4e3
eif4ea,eif4ea
eif4eb,eif4eb
eif4ebp1,eif4ebp1
eif4ebp2,eif4ebp2
eif4ebp3,eif4ebp3
eif4ebp3l,eif4ebp3l
eif4enif1,eif4enif1
eif4g1a,eif4g1a
eif4g2a,eif4g2a
eif4g2b,eif4g2b
eif4g3a,eif4g3a
eif4g3b,eif4g3b
eif4h,eif4h
eif5,eif5
eif5a,eif5a
eif5a2,eif5a2
eif5b,eif5b
eif6,eif6
eipr1,eipr1
ek1,ek1
ela2,ela2
ela3l,ela3l
elac1,elac1
elac2,elac2
elavl1a,elavl1a
elavl1b,elavl1b
elavl2,elavl2
elavl3,elavl3
elavl4,elavl4
elf1,elf1
elf2a,elf2a
elf2b,elf2b
elf3,elf3
elfn1a,elfn1a
elfn1b,elfn1b
elfn2a,elfn2a
elk1,elk1
elk3,elk3
elk4,elk4
ell,ell
ell2,ell2
elmo1,elmo1
elmo2,elmo2
elmo3,elmo3
elmod1,elmod1
elmod2,elmod2
elmod3,elmod3
elmsan1a,elmsan1a
elmsan1b,elmsan1b
elnb,elnb
eloa,eloa
eloal,eloal
elob,elob
eloca,eloca
elocb,elocb
elof1,elof1
elovl1a,elovl1a
elovl1b,elovl1b
elovl2,elovl2
elovl4a,elovl4a
elovl4b,elovl4b
elovl5,elovl5
elovl6,elovl6
elovl6l,elovl6l
elovl7a,elovl7a
elovl7b,elovl7b
elovl8a,elovl8a
elovl8b,elovl8b
elp1,elp1
elp2,elp2
elp3,elp3
elp4,elp4
elp5,elp5
elp6,elp6
emb,emb
emc1,emc1
emc10,emc10
emc2,emc2
emc3,emc3
emc4,emc4
emc6,emc6
emc7,emc7
emc8,emc8
emc9,emc9
emd,emd
eme1,eme1
eme2,eme2
emg1,emg1
emid1,emid1
emilin1a,emilin1a
emilin1b,emilin1b
emilin2a,emilin2a
emilin2b,emilin2b
emilin3a,emilin3a
eml1,eml1
eml2,eml2
eml3,eml3
EML4,EML4
EML5,EML5
EML6,EML6
emp1,emp1
emp2,emp2
emp3b,emp3b
emsy,emsy
emx1,emx1
emx2,emx2
emx3,emx3
en1a,en1a
en1b,en1b
en2a,en2a
en2b,en2b
enah,enah
enam,enam
enc1,enc1
enc2,enc2
enc3,enc3
endog,endog
endou,endou
endouc,endouc
engase,engase
ENKD1,ENKD1
eno1a,eno1a
eno1b,eno1b
eno2,eno2
eno3,eno3
eno4,eno4
enoph1,enoph1
enosf1,enosf1
enox1,enox1
enox2,enox2
enpep,enpep
enpp1,enpp1
enpp2,enpp2
enpp4,enpp4
enpp5,enpp5
enpp6,enpp6
enpp7.2,enpp7.2
ensaa,ensaa
ensab,ensab
entpd1,entpd1
entpd2a.2,entpd2a.2
entpd2b,entpd2b
entpd3,entpd3
entpd4,entpd4
entpd5a,entpd5a
entpd5b,entpd5b
entpd6,entpd6
entpd8,entpd8
entr1,entr1
eny2,eny2
eogt,eogt
eomesa,eomesa
eomesb,eomesb
ep300a,ep300a
ep300b,ep300b
ep400,ep400
epas1a,epas1a
epas1b,epas1b
epb41a,epb41a
epb41b,epb41b
EPB41L2,EPB41L2
epb41l3a,epb41l3a
epb41l3b,epb41l3b
epb41l4a,epb41l4a
epb41l4b,epb41l4b
epb41l5,epb41l5
epc1a,epc1a
epc1b,epc1b
epc2,epc2
epcam,epcam
epdl1,epdl1
epdl2,epdl2
epdr1,epdr1
epg5,epg5
epgn,epgn
epha2a,epha2a
epha2b,epha2b
epha3,epha3
epha4a,epha4a
epha4b,epha4b
epha6,epha6
epha7,epha7
epha8,epha8
ephb1,ephb1
ephb2a,ephb2a
ephb2b,ephb2b
ephb3a,ephb3a
ephb4a,ephb4a
ephb4b,ephb4b
ephb6,ephb6
ephx1,ephx1
ephx2,ephx2
ephx4,ephx4
ephx5,ephx5
epm2a,epm2a
epn1,epn1
epn2,epn2
epn3a,epn3a
epn3b,epn3b
epob,epob
epor,epor
eppk1,eppk1
eprs,eprs
eps15,eps15
eps15l1a,eps15l1a
eps8a,eps8a
eps8b,eps8b
eps8l1a,eps8l1a
eps8l1b,eps8l1b
eps8l2,eps8l2
eps8l3a,eps8l3a
eps8l3b,eps8l3b
epsti1,epsti1
epx,epx
epyc,epyc
eral1,eral1
erap1a,erap1a
erap1b,erap1b
erap2,erap2
erbb2,erbb2
erbb3a,erbb3a
erbb3b,erbb3b
ERBB4,ERBB4
erbb4a,erbb4a
erbb4b,erbb4b
erbin,erbin
ERC1,ERC1
erc1a,erc1a
ercc1,ercc1
ercc2,ercc2
ercc3,ercc3
ercc4,ercc4
ercc5,ercc5
ercc6,ercc6
ercc6l,ercc6l
ercc6l2,ercc6l2
ercc8,ercc8
erf,erf
erfl1,erfl1
erfl3,erfl3
erg,erg
ERG28,ERG28
ergic1,ergic1
ergic2,ergic2
ergic3,ergic3
erh,erh
eri1,eri1
eri2,eri2
erich2,erich2
erich3,erich3
erlec1,erlec1
erlin1,erlin1
ern1,ern1
ern2,ern2
ero1a,ero1a
ero1b,ero1b
erp27,erp27
erp44,erp44
errfi1a,errfi1a
es1,es1
esama,esama
esamb,esamb
esco1,esco1
esco2,esco2
esd,esd
esf1,esf1
esm1,esm1
espl1,espl1
espn,espn
espnla,espnla
espnlb,espnlb
esr1,esr1
esr2a,esr2a
esr2b,esr2b
esrp1,esrp1
esrp2,esrp2
esrra,esrra
esrrb,esrrb
esrrd,esrrd
esrrga,esrrga
esrrgb,esrrgb
ess2,ess2
esyt1a,esyt1a
esyt1b,esyt1b
esyt2a,esyt2a
esyt2b,esyt2b
esyt3,esyt3
etaa1,etaa1
etf1a,etf1a
etf1b,etf1b
etfa,etfa
etfb,etfb
etfbkmt,etfbkmt
etfdh,etfdh
ethe1,ethe1
etnk1,etnk1
etnk2,etnk2
etnppl,etnppl
ets1,ets1
ets2,ets2
etv1,etv1
etv2,etv2
etv4,etv4
etv5a,etv5a
etv5b,etv5b
etv6,etv6
etv7,etv7
eva1a,eva1a
eva1ba,eva1ba
eva1bb,eva1bb
eva1c,eva1c
eve1,eve1
evi5a,evi5a
evi5b,evi5b
evla,evla
evlb,evlb
evpla,evpla
evplb,evplb
evpll,evpll
evx1,evx1
evx2,evx2
ewsr1a,ewsr1a
exd1,exd1
exd2,exd2
exd3,exd3
exo1,exo1
exo5,exo5
exoc1,exoc1
exoc2,exoc2
exoc3,exoc3
exoc3l1,exoc3l1
exoc3l2a,exoc3l2a
exoc3l2b,exoc3l2b
exoc3l4,exoc3l4
exoc4,exoc4
exoc5,exoc5
exoc6,exoc6
exoc6b,exoc6b
exoc7,exoc7
exoc8,exoc8
exorh,exorh
exosc1,exosc1
exosc10,exosc10
exosc2,exosc2
exosc4,exosc4
exosc5,exosc5
exosc6,exosc6
exosc7,exosc7
exosc8,exosc8
exosc9,exosc9
ext1a,ext1a
ext2,ext2
extl2,extl2
extl3,extl3
eya1,eya1
eya2,eya2
eya3,eya3
eya4,eya4
eys,eys
ezh1,ezh1
ezh2,ezh2
ezra,ezra
ezrb,ezrb
f10,f10
f11r.1,f11r.1
f11r.2,f11r.2
f13a1a.1,f13a1a.1
f13a1b,f13a1b
f13b,f13b
f2,f2
f2rl1.1,f2rl1.1
f2rl1.2,f2rl1.2
f2rl2,f2rl2
F2RL3,F2RL3
f3a,f3a
f3b,f3b
f5,f5
f7i,f7i
f8,f8
f9a,f9a
f9b,f9b
fa2h,fa2h
faah,faah
faah2a,faah2a
faah2b,faah2b
faap24,faap24
fabp10a,fabp10a
fabp10b,fabp10b
fabp11a,fabp11a
fabp11b,fabp11b
fabp1b.1,fabp1b.1
fabp1b.2,fabp1b.2
fabp2,fabp2
fabp3,fabp3
fabp6,fabp6
fabp7a,fabp7a
fabp7b,fabp7b
fadd,fadd
fads2,fads2
FADS6,FADS6
faf1,faf1
faf2,faf2
fah,fah
fahd1,fahd1
fahd2a,fahd2a
faim2a,faim2a
faim2b,faim2b
faima,faima
faimb,faimb
fam102aa,fam102aa
fam102ab,fam102ab
fam102ba,fam102ba
fam102bb,fam102bb
fam107b,fam107b
fam110a,fam110a
fam110b,fam110b
fam110c,fam110c
fam113,fam113
fam114a1,fam114a1
fam114a2,fam114a2
fam117aa,fam117aa
fam117ab,fam117ab
fam117ba,fam117ba
fam117bb,fam117bb
fam118b,fam118b
fam120a,fam120a
fam120b,fam120b
fam120c,fam120c
fam122b,fam122b
FAM124A,FAM124A
fam124b,fam124b
fam126a,fam126a
fam129aa,fam129aa
fam129ab,fam129ab
fam129ba,fam129ba
fam129bb,fam129bb
fam131a,fam131a
fam131ba,fam131ba
fam131bb,fam131bb
fam131c,fam131c
fam133b,fam133b
fam135a,fam135a
FAM135B,FAM135B
fam136a,fam136a
fam13a,fam13a
fam13b,fam13b
fam149b1,fam149b1
fam151a,fam151a
fam151b,fam151b
fam155b,fam155b
fam160a1a,fam160a1a
fam160a1b,fam160a1b
fam160a2,fam160a2
fam160b1,fam160b1
fam160b2,fam160b2
fam161a,fam161a
fam162a,fam162a
FAM163A,FAM163A
fam163b,fam163b
fam167aa,fam167aa
fam167ab,fam167ab
fam167b,fam167b
fam168a,fam168a
fam168b,fam168b
fam169aa,fam169aa
fam169ab,fam169ab
fam169b,fam169b
fam171a1,fam171a1
fam171a2a,fam171a2a
fam171b,fam171b
fam172a,fam172a
fam173a,fam173a
fam173b,fam173b
fam174b,fam174b
fam177a1,fam177a1
fam181b,fam181b
fam183a,fam183a
fam184a,fam184a
fam184b,fam184b
fam185a,fam185a
fam189a1,fam189a1
fam189a2,fam189a2
fam192a,fam192a
fam193a,fam193a
fam193b,fam193b
fam196ab,fam196ab
fam198a,fam198a
fam198b,fam198b
fam199x,fam199x
fam19a1a,fam19a1a
fam19a4a,fam19a4a
fam19a4b,fam19a4b
fam19a5a,fam19a5a
fam19a5b,fam19a5b
fam19a5l,fam19a5l
fam204a,fam204a
fam206a,fam206a
fam207a,fam207a
fam208ab,fam208ab
fam208b,fam208b
fam20a,fam20a
fam20b,fam20b
fam20ca,fam20ca
fam20cb,fam20cb
fam20cl,fam20cl
fam210aa,fam210aa
fam210ab,fam210ab
fam210b,fam210b
fam214a,fam214a
fam214b,fam214b
fam217b,fam217b
fam219aa,fam219aa
fam219ab,fam219ab
fam219b,fam219b
fam221a,fam221a
fam222a,fam222a
fam222ba,fam222ba
fam222bb,fam222bb
fam228a,fam228a
fam234a,fam234a
fam234b,fam234b
fam241a,fam241a
fam32a,fam32a
fam3a,fam3a
fam3c,fam3c
fam43a,fam43a
fam43b,fam43b
fam45a,fam45a
fam49a,fam49a
fam49al,fam49al
fam49ba,fam49ba
fam49bb,fam49bb
fam50a,fam50a
fam53b,fam53b
FAM53C,FAM53C
fam57a,fam57a
fam57ba,fam57ba
fam57bb,fam57bb
fam69aa,fam69aa
fam69ab,fam69ab
fam69b,fam69b
fam69c,fam69c
FAM72B,FAM72B
fam76b,fam76b
fam78aa,fam78aa
fam78ab,fam78ab
fam78ba,fam78ba
fam83b,fam83b
fam83c,fam83c
fam83d,fam83d
fam83fa,fam83fa
fam83fb,fam83fb
FAM83G,FAM83G
fam83ha,fam83ha
fam83hb,fam83hb
fam84a,fam84a
fam84b,fam84b
fam89a,fam89a
fam89b,fam89b
fam8a1a,fam8a1a
fam8a1b,fam8a1b
fam91a1,fam91a1
fam92a1,fam92a1
fam98a,fam98a
fam98b,fam98b
fan1,fan1
fanca,fanca
fancb,fancb
fancc,fancc
fancd2,fancd2
fance,fance
fancf,fancf
fancg,fancg
fanci,fanci
fancl,fancl
fancm,fancm
fap,fap
far1,far1
FAR2,FAR2
farp1,farp1
farp2,farp2
fars2,fars2
farsa,farsa
farsb,farsb
fas,fas
faslg,faslg
fastk,fastk
fastkd1,fastkd1
fastkd2,fastkd2
fastkd3,fastkd3
fastkd5,fastkd5
fat1a,fat1a
fat1b,fat1b
fat2,fat2
fat3a,fat3a
FAT4,FAT4
faua,faua
faub,faub
faxca,faxca
faxcb,faxcb
faxdc2,faxdc2
fbl,fbl
fblim1,fblim1
fbln2,fbln2
fbln5,fbln5
fbln7,fbln7
fbn2b,fbn2b
fbp1a,fbp1a
fbp1b,fbp1b
fbp2,fbp2
fbrs,fbrs
fbrsl1,fbrsl1
fbxl13,fbxl13
fbxl14a,fbxl14a
fbxl14b,fbxl14b
fbxl15,fbxl15
fbxl16,fbxl16
fbxl17,fbxl17
fbxl18,fbxl18
fbxl2,fbxl2
fbxl20,fbxl20
fbxl22,fbxl22
fbxl3a,fbxl3a
fbxl3b,fbxl3b
fbxl3l,fbxl3l
fbxl4,fbxl4
fbxl5,fbxl5
fbxl6,fbxl6
fbxl7,fbxl7
fbxl8,fbxl8
fbxo10,fbxo10
fbxo15,fbxo15
fbxo16,fbxo16
fbxo18,fbxo18
fbxo21,fbxo21
fbxo22,fbxo22
fbxo25,fbxo25
fbxo28,fbxo28
fbxo3,fbxo3
fbxo30a,fbxo30a
fbxo30b,fbxo30b
fbxo31,fbxo31
fbxo32,fbxo32
fbxo33,fbxo33
fbxo34,fbxo34
fbxo36b,fbxo36b
fbxo38,fbxo38
fbxo4,fbxo4
fbxo40.2,fbxo40.2
fbxo41,fbxo41
fbxo42,fbxo42
fbxo43,fbxo43
fbxo44,fbxo44
fbxo45,fbxo45
FBXO46,FBXO46
FBXO48,FBXO48
fbxo5,fbxo5
fbxo7,fbxo7
fbxo8,fbxo8
fbxo9,fbxo9
fbxw10,fbxw10
fbxw11a,fbxw11a
fbxw11b,fbxw11b
fbxw2,fbxw2
fbxw4,fbxw4
fbxw7,fbxw7
fbxw8,fbxw8
fbxw9,fbxw9
fcer1gl,fcer1gl
fcf1,fcf1
fcho1,fcho1
fcho2,fcho2
fdft1,fdft1
fdps,fdps
fdx1,fdx1
fdx1b,fdx1b
fdx2,fdx2
fdxacb1,fdxacb1
fdxr,fdxr
fech,fech
fem1a,fem1a
fem1b,fem1b
fem1c,fem1c
fen1,fen1
fep15,fep15
fer,fer
fer1l4,fer1l4
fer1l6,fer1l6
ferd3l,ferd3l
fermt1,fermt1
fermt2,fermt2
FERMT3,FERMT3
fermt3b,fermt3b
fes,fes
fetub,fetub
fev,fev
fez1,fez1
fezf1,fezf1
fezf2,fezf2
fga,fga
fgb,fgb
fgd1,fgd1
fgd4a,fgd4a
fgd4b,fgd4b
fgd5a,fgd5a
fgd5b,fgd5b
fgd6,fgd6
fgf10a,fgf10a
fgf10b,fgf10b
fgf11a,fgf11a
fgf11b,fgf11b
fgf12a,fgf12a
fgf12b,fgf12b
fgf13a,fgf13a
fgf13b,fgf13b
fgf14,fgf14
fgf16,fgf16
fgf17,fgf17
fgf18a,fgf18a
fgf18b,fgf18b
fgf19,fgf19
fgf1a,fgf1a
fgf1b,fgf1b
fgf2,fgf2
fgf20a,fgf20a
fgf20b,fgf20b
fgf22,fgf22
fgf24,fgf24
fgf3,fgf3
fgf4,fgf4
fgf5,fgf5
fgf6a,fgf6a
fgf8a,fgf8a
fgf8b,fgf8b
fgfbp2a,fgfbp2a
fgfbp2b,fgfbp2b
fgfr1a,fgfr1a
fgfr1b,fgfr1b
fgfr1bl,fgfr1bl
fgfr1op,fgfr1op
fgfr1op2,fgfr1op2
fgfr2,fgfr2
fgfr3,fgfr3
fgfr4,fgfr4
fgfrl1a,fgfrl1a
fgfrl1b,fgfrl1b
fgg,fgg
fggy,fggy
fgl1,fgl1
fgl2a,fgl2a
fgl2b,fgl2b
fh,fh
fhad1,fhad1
fhdc1,fhdc1
fhdc2,fhdc2
fhdc3,fhdc3
fhdc4,fhdc4
fhdc5,fhdc5
fhit,fhit
fhl1a,fhl1a
fhl1b,fhl1b
fhl2a,fhl2a
fhl2b,fhl2b
fhl3a,fhl3a
fhl3b,fhl3b
fhl5,fhl5
fhod1,fhod1
fhod3b,fhod3b
fibcd1,fibcd1
fibina,fibina
fibinb,fibinb
fibpa,fibpa
fibpb,fibpb
ficd,ficd
fig4a,fig4a
figla,figla
fign,fign
fignl1,fignl1
filip1a,filip1a
filip1b,filip1b
filip1l,filip1l
fip1l1a,fip1l1a
fip1l1b,fip1l1b
fis1,fis1
fitm1,fitm1
fitm2,fitm2
fjx1,fjx1
fkbp10a,fkbp10a
fkbp10b,fkbp10b
fkbp11,fkbp11
fkbp14,fkbp14
fkbp16,fkbp16
fkbp1aa,fkbp1aa
fkbp1ab,fkbp1ab
fkbp1b,fkbp1b
fkbp2,fkbp2
fkbp3,fkbp3
fkbp4,fkbp4
fkbp5,fkbp5
fkbp6,fkbp6
fkbp7,fkbp7
fkbp8,fkbp8
fkbp9,fkbp9
fkbpl,fkbpl
fkrp,fkrp
fktn,fktn
flad1,flad1
flcn,flcn
fli1a,fli1a
fli1b,fli1b
flii,flii
flj11011l,flj11011l
flj13639,flj13639
flna,flna
flnca,flnca
flncb,flncb
flot1a,flot1a
flot1b,flot1b
flot2a,flot2a
flot2b,flot2b
flr,flr
flrt1a,flrt1a
flrt1b,flrt1b
flrt3,flrt3
flt1,flt1
flt3,flt3
flt4,flt4
flvcr1,flvcr1
flvcr2a,flvcr2a
flvcr2b,flvcr2b
fmn1,fmn1
fmn2a,fmn2a
fmn2b,fmn2b
fmnl1a,fmnl1a
fmnl2a,fmnl2a
fmnl2b,fmnl2b
fmnl3,fmnl3
fmo5,fmo5
fmoda,fmoda
fmodb,fmodb
fmr1,fmr1
fn1a,fn1a
fn1b,fn1b
fn3krp,fn3krp
fnbp1a,fnbp1a
fnbp1l,fnbp1l
fnbp4,fnbp4
fndc1,fndc1
FNDC10,FNDC10
fndc3a,fndc3a
fndc3ba,fndc3ba
fndc3bb,fndc3bb
fndc4a,fndc4a
fndc4b,fndc4b
fndc5a,fndc5a
fndc5b,fndc5b
fndc7a,fndc7a
fndc7b,fndc7b
fndc7rs4,fndc7rs4
fnip1,fnip1
fnta,fnta
fntb,fntb
FO082779.2,FO082779.2
FO082780.1,FO082780.1
FO082781.1,FO082781.1
FO082877.1,FO082877.1
FO203364.1,FO203364.1
FO203432.1,FO203432.1
FO393424.2,FO393424.2
FO681286.1,FO681286.1
FO681288.1,FO681288.1
FO681314.1,FO681314.1
FO681323.1,FO681323.1
FO681390.1,FO681390.1
FO681393.1,FO681393.1
FO681393.2,FO681393.2
FO681472.1,FO681472.1
FO704607.1,FO704607.1
FO704610.1,FO704610.1
FO704648.1,FO704648.1
FO704648.2,FO704648.2
FO704661.1,FO704661.1
FO704673.1,FO704673.1
FO704721.1,FO704721.1
FO704721.2,FO704721.2
FO704741.1,FO704741.1
FO704745.1,FO704745.1
FO704750.1,FO704750.1
FO704758.1,FO704758.1
FO704758.2,FO704758.2
FO704771.1,FO704771.1
FO704772.2,FO704772.2
FO704777.1,FO704777.1
FO704779.1,FO704779.1
FO704786.1,FO704786.1
FO704797.1,FO704797.1
FO704810.1,FO704810.1
FO704813.1,FO704813.1
FO704819.1,FO704819.1
FO704821.1,FO704821.1
FO704822.1,FO704822.1
FO704836.1,FO704836.1
FO704858.1,FO704858.1
FO704871.1,FO704871.1
FO704909.1,FO704909.1
FO744833.2,FO744833.2
FO744838.1,FO744838.1
FO744840.1,FO744840.1
FO744854.1,FO744854.1
FO818711.1,FO818711.1
FO818719.1,FO818719.1
FO818722.1,FO818722.1
FO818743.1,FO818743.1
FO834799.1,FO834799.1
FO834799.2,FO834799.2
FO834800.1,FO834800.1
FO834814.1,FO834814.1
FO834823.1,FO834823.1
FO834825.1,FO834825.1
FO834825.2,FO834825.2
FO834828.1,FO834828.1
FO834831.1,FO834831.1
FO834850.1,FO834850.1
FO834855.1,FO834855.1
FO834857.1,FO834857.1
FO834866.1,FO834866.1
FO834888.1,FO834888.1
FO834903.1,FO834903.1
FO904870.1,FO904870.1
FO904880.1,FO904880.1
FO904885.3,FO904885.3
FO904898.1,FO904898.1
FO904898.3,FO904898.3
FO904898.4,FO904898.4
FO904898.5,FO904898.5
FO904898.6,FO904898.6
FO904901.1,FO904901.1
FO904903.1,FO904903.1
FO904966.1,FO904966.1
FO904966.2,FO904966.2
FO904970.1,FO904970.1
FO904980.1,FO904980.1
FO904997.1,FO904997.1
FO905027.1,FO905027.1
FO905040.1,FO905040.1
FO905052.1,FO905052.1
FO907087.1,FO907087.1
FO907089.1,FO907089.1
FO907110.1,FO907110.1
FO907118.1,FO907118.1
FO907124.1,FO907124.1
focad,focad
fopnl,fopnl
fosaa,fosaa
fosab,fosab
fosb,fosb
fosl1a,fosl1a
fosl1b,fosl1b
fosl2,fosl2
foxa,foxa
foxa1,foxa1
foxa2,foxa2
foxa3,foxa3
foxb1a,foxb1a
foxb1b,foxb1b
foxb2,foxb2
foxc1a,foxc1a
foxc1b,foxc1b
foxd1,foxd1
foxd2,foxd2
foxd3,foxd3
foxd5,foxd5
foxe1,foxe1
foxe3,foxe3
foxf1,foxf1
foxf2a,foxf2a
foxf2b,foxf2b
foxg1a,foxg1a
foxg1b,foxg1b
foxg1c,foxg1c
foxg1d,foxg1d
foxh1,foxh1
foxi1,foxi1
foxi2,foxi2
foxi3a,foxi3a
foxi3b,foxi3b
foxj1a,foxj1a
foxj1b,foxj1b
foxj2,foxj2
foxj3,foxj3
foxk1,foxk1
foxl1,foxl1
foxl2a,foxl2a
foxl2b,foxl2b
foxm1,foxm1
foxn1,foxn1
FOXN2,FOXN2
foxn2b,foxn2b
foxn3,foxn3
foxn4,foxn4
foxo1a,foxo1a
foxo1b,foxo1b
foxo3a,foxo3a
foxo3b,foxo3b
foxo4,foxo4
foxo6a,foxo6a
foxo6b,foxo6b
foxp1a,foxp1a
foxp1b,foxp1b
foxp2,foxp2
foxp3a,foxp3a
foxp3b,foxp3b
foxp4,foxp4
foxq1a,foxq1a
foxq1b,foxq1b
foxq2,foxq2
foxred1,foxred1
foxred2,foxred2
FP003590.1,FP003590.1
FP003590.2,FP003590.2
FP009765.1,FP009765.1
FP015808.1,FP015808.1
FP015809.1,FP015809.1
FP015810.1,FP015810.1
FP015823.1,FP015823.1
FP015860.1,FP015860.1
FP015862.2,FP015862.2
FP015862.3,FP015862.3
FP015862.4,FP015862.4
FP015866.1,FP015866.1
FP015866.2,FP015866.2
FP016005.1,FP016005.1
FP016012.1,FP016012.1
FP016018.2,FP016018.2
FP016018.3,FP016018.3
FP016018.4,FP016018.4
FP016019.1,FP016019.1
FP016056.1,FP016056.1
FP016106.1,FP016106.1
FP016142.1,FP016142.1
FP016208.1,FP016208.1
FP016213.1,FP016213.1
FP016234.1,FP016234.1
FP016235.1,FP016235.1
FP016239.1,FP016239.1
FP016247.1,FP016247.1
FP016247.2,FP016247.2
FP016248.1,FP016248.1
FP017161.1,FP017161.1
FP017215.1,FP017215.1
FP017274.1,FP017274.1
FP017279.1,FP017279.1
FP017295.1,FP017295.1
FP067424.1,FP067424.1
FP067425.1,FP067425.1
FP067440.1,FP067440.1
FP067442.1,FP067442.1
FP074867.1,FP074867.1
FP074874.2,FP074874.2
FP074874.3,FP074874.3
FP074902.2,FP074902.2
FP074902.6,FP074902.6
FP085398.1,FP085398.1
FP085399.2,FP085399.2
FP085399.4,FP085399.4
FP085400.1,FP085400.1
FP085414.1,FP085414.1
FP085421.1,FP085421.1
FP085432.1,FP085432.1
FP089511.1,FP089511.1
FP101861.1,FP101861.1
FP101875.1,FP101875.1
FP101875.2,FP101875.2
FP101882.1,FP101882.1
FP101883.1,FP101883.1
FP101887.1,FP101887.1
FP101914.1,FP101914.1
FP102018.1,FP102018.1
FP102071.1,FP102071.1
FP102073.1,FP102073.1
FP102120.1,FP102120.1
FP102122.1,FP102122.1
FP102122.2,FP102122.2
FP102122.3,FP102122.3
FP102158.1,FP102158.1
FP102167.1,FP102167.1
FP102169.1,FP102169.1
FP102170.1,FP102170.1
FP102171.1,FP102171.1
FP102192.1,FP102192.1
FP102192.2,FP102192.2
FP102309.1,FP102309.1
FP102783.1,FP102783.1
FP102786.1,FP102786.1
FP102806.1,FP102806.1
FP102809.1,FP102809.1
FP102843.1,FP102843.1
FP102888.1,FP102888.1
FP102888.2,FP102888.2
FP102969.1,FP102969.1
FP103004.1,FP103004.1
FP103009.1,FP103009.1
FP103106.1,FP103106.1
FP236157.1,FP236157.1
FP236157.2,FP236157.2
FP236157.3,FP236157.3
FP236157.7,FP236157.7
FP236161.1,FP236161.1
FP236197.1,FP236197.1
FP236331.1,FP236331.1
FP236356.1,FP236356.1
FP236454.1,FP236454.1
FP236457.1,FP236457.1
FP236476.1,FP236476.1
FP236513.1,FP236513.1
FP236542.1,FP236542.1
FP236644.1,FP236644.1
FP236789.1,FP236789.1
FP236809.1,FP236809.1
FP236812.1,FP236812.1
FP236812.2,FP236812.2
FP236822.1,FP236822.1
FP243382.1,FP243382.1
FP243383.1,FP243383.1
FP245452.1,FP245452.1
FP245456.1,FP245456.1
FP245458.1,FP245458.1
FP245462.1,FP245462.1
FP245526.1,FP245526.1
FP325112.1,FP325112.1
FP325123.1,FP325123.1
FP325123.2,FP325123.2
FP325124.1,FP325124.1
FP325130.1,FP325130.1
FP325358.1,FP325358.1
FP326652.1,FP326652.1
FP340271.1,FP340271.1
FP340292.1,FP340292.1
FP565432.1,FP565432.1
FP565451.1,FP565451.1
FP885542.1,FP885542.1
fpgs,fpgs
fpgt,fpgt
fpr1,fpr1
FQ311879.2,FQ311879.2
FQ311907.1,FQ311907.1
FQ311908.1,FQ311908.1
FQ311920.1,FQ311920.1
FQ311924.1,FQ311924.1
FQ311924.2,FQ311924.2
FQ311928.1,FQ311928.1
FQ312013.1,FQ312013.1
FQ312017.1,FQ312017.1
FQ323119.1,FQ323119.1
FQ323156.1,FQ323156.1
FQ377603.1,FQ377603.1
FQ377628.1,FQ377628.1
FQ377660.1,FQ377660.1
FQ377896.1,FQ377896.1
FQ377903.1,FQ377903.1
FQ377903.3,FQ377903.3
FQ377918.1,FQ377918.1
FQ377991.1,FQ377991.1
FQ378016.1,FQ378016.1
FQ378018.1,FQ378018.1
FQ378040.1,FQ378040.1
FQ790208.1,FQ790208.1
FQ790211.1,FQ790211.1
fra10ac1,fra10ac1
fras1,fras1
frem1a,frem1a
frem1b,frem1b
frem2a,frem2a
frem2b,frem2b
frem3,frem3
frk,frk
FRMD1,FRMD1
frmd3,frmd3
FRMD4A,FRMD4A
frmd4ba,frmd4ba
frmd4bb,frmd4bb
frmd6,frmd6
frmd8,frmd8
frmpd1,frmpd1
frmpd1b,frmpd1b
frmpd2,frmpd2
frmpd3,frmpd3
frrs1b,frrs1b
frrs1l,frrs1l
frs2a,frs2a
frs2b,frs2b
frs3,frs3
frya,frya
fryb,fryb
fryl,fryl
frzb,frzb
fsbp,fsbp
fscn1a,fscn1a
fscn1b,fscn1b
fscn2a,fscn2a
fscn2b,fscn2b
fsd1,fsd1
fsd1l,fsd1l
fshb,fshb
fshr,fshr
fsta,fsta
fstb,fstb
fstl1a,fstl1a
fstl1b,fstl1b
fstl3,fstl3
fstl4,fstl4
fstl5,fstl5
ft1,ft1
ft2,ft2
ftcd,ftcd
fth1a,fth1a
fth1b,fth1b
fthl27,fthl27
fthl28,fthl28
fthl29,fthl29
fthl31,fthl31
fto,fto
ftr01,ftr01
ftr02,ftr02
ftr03,ftr03
ftr04,ftr04
ftr05,ftr05
ftr06,ftr06
ftr07,ftr07
ftr10,ftr10
ftr11,ftr11
ftr13,ftr13
ftr14,ftr14
ftr14l,ftr14l
ftr16,ftr16
ftr22,ftr22
ftr23,ftr23
ftr24,ftr24
ftr25,ftr25
ftr26,ftr26
ftr27,ftr27
ftr29,ftr29
ftr30,ftr30
ftr32,ftr32
ftr34,ftr34
ftr36,ftr36
ftr38,ftr38
ftr43,ftr43
ftr50,ftr50
ftr51,ftr51
ftr52p,ftr52p
ftr53,ftr53
ftr55,ftr55
ftr56,ftr56
ftr57,ftr57
ftr58,ftr58
ftr59,ftr59
ftr63,ftr63
ftr64,ftr64
ftr66,ftr66
ftr67,ftr67
ftr69,ftr69
ftr70,ftr70
ftr72,ftr72
ftr73,ftr73
ftr76,ftr76
ftr79,ftr79
ftr80,ftr80
ftr81,ftr81
ftr82,ftr82
ftr85,ftr85
ftr86,ftr86
ftr87,ftr87
ftr90,ftr90
ftr91,ftr91
ftr92,ftr92
ftr93,ftr93
ftr98,ftr98
ftr99,ftr99
ftsj1,ftsj1
fubp1,fubp1
fuca1.1,fuca1.1
fuca1.2,fuca1.2
fuca2,fuca2
fuk,fuk
fundc1,fundc1
fundc2,fundc2
fuom,fuom
furina,furina
furinb,furinb
fus,fus
fut10,fut10
fut11,fut11
fut7,fut7
fut8a,fut8a
fut8b,fut8b
fut9a,fut9a
fut9b,fut9b
fut9d,fut9d
fuz,fuz
fxn,fxn
fxr1,fxr1
fxr2,fxr2
fxyd1,fxyd1
fxyd6,fxyd6
fxyd6l,fxyd6l
fyba,fyba
fybb,fybb
fyco1a,fyco1a
fyco1b,fyco1b
fyna,fyna
fynb,fynb
fzd1,fzd1
fzd10,fzd10
fzd2,fzd2
fzd3a,fzd3a
fzd3b,fzd3b
fzd4,fzd4
fzd5,fzd5
fzd7a,fzd7a
fzd7b,fzd7b
fzd8a,fzd8a
fzd8b,fzd8b
fzd9b,fzd9b
fzr1a,fzr1a
fzr1b,fzr1b
g0s2,g0s2
g2e3,g2e3
g3bp1,g3bp1
g3bp2,g3bp2
g6fl,g6fl
g6pc3,g6pc3
g6pca.1,g6pca.1
g6pca.2,g6pca.2
g6pcb,g6pcb
g6pd,g6pd
gab1,gab1
gab2,gab2
gabarapa,gabarapa
gabarapb,gabarapb
gabarapl2,gabarapl2
gabbr1a,gabbr1a
gabbr1b,gabbr1b
gabbr2,gabbr2
gabpa,gabpa
gabpb1,gabpb1
gabpb2a,gabpb2a
gabpb2b,gabpb2b
gabra1,gabra1
GABRA2,GABRA2
gabra2a,gabra2a
gabra3,gabra3
gabra4,gabra4
gabra5,gabra5
gabra6a,gabra6a
gabra6b,gabra6b
gabrb1,gabrb1
gabrb2,gabrb2
gabrb3,gabrb3
gabrd,gabrd
gabrg1,gabrg1
gabrp,gabrp
gabrr1,gabrr1
gabrr2a,gabrr2a
gabrr2b,gabrr2b
gabrr3b,gabrr3b
gabrz,gabrz
gad1a,gad1a
gad1b,gad1b
gad2,gad2
gadd45aa,gadd45aa
gadd45ab,gadd45ab
gadd45ba,gadd45ba
gadd45bb,gadd45bb
gadd45ga,gadd45ga
gadd45gb.1,gadd45gb.1
gadd45gip1,gadd45gip1
gak,gak
gal3st1b,gal3st1b
gal3st2,gal3st2
gal3st3,gal3st3
gal3st4,gal3st4
galca,galca
galcb,galcb
gale,gale
galk1,galk1
galk2,galk2
galm,galm
galn,galn
galns,galns
galnt1,galnt1
galnt12,galnt12
galnt13,galnt13
galnt14,galnt14
galnt16,galnt16
galnt17,galnt17
galnt18a,galnt18a
galnt18b,galnt18b
galnt2,galnt2
GALNT3,GALNT3
galnt6,galnt6
galnt7,galnt7
galnt8a.1,galnt8a.1
galnt8a.2,galnt8a.2
galnt8b.1,galnt8b.1
galnt8b.2,galnt8b.2
galnt9,galnt9
GALNTL6,GALNTL6
galr1a,galr1a
galr1b,galr1b
galr2a,galr2a
galr2b,galr2b
galt,galt
gamt,gamt
GAN,GAN
ganab,ganab
ganc,ganc
gap43,gap43
gapdh,gapdh
gapdhs,gapdhs
gapvd1,gapvd1
gar1,gar1
garem,garem
gareml,gareml
GARNL3,GARNL3
gars,gars
gart,gart
gas1a,gas1a
gas1b,gas1b
gas2a,gas2a
gas2b,gas2b
gas2l1,gas2l1
gas2l2,gas2l2
gas2l3,gas2l3
gas6,gas6
gas7a,gas7a
gas8,gas8
gata1a,gata1a
gata1b,gata1b
gata2a,gata2a
gata2b,gata2b
gata3,gata3
gata4,gata4
gata5,gata5
gata6,gata6
gatad1,gatad1
gatad2ab,gatad2ab
gatad2b,gatad2b
gatb,gatb
gatc,gatc
gatd1,gatd1
gatd3a,gatd3a
gatm,gatm
gb:ai877918,gbai877918
gb:bc139872,gbbc139872
gb:co360592,gbco360592
gb:cr929477,gbcr929477
gb:ee300746,gbee300746
gb:eh456644,gbeh456644
gba,gba
gba2,gba2
gba3,gba3
gbe1a,gbe1a
gbe1b,gbe1b
gbf1,gbf1
GBGT1,GBGT1
gbgt1l1,gbgt1l1
gbgt1l2,gbgt1l2
gbgt1l3,gbgt1l3
gbgt1l4,gbgt1l4
gbp,gbp
gbp1,gbp1
gbp2,gbp2
gbp3,gbp3
gbp4,gbp4
gbx1,gbx1
gbx2,gbx2
gc,gc
gc2,gc2
GCA,GCA
gcat,gcat
gcc1,gcc1
gcdha,gcdha
gcdhb,gcdhb
gcfc2,gcfc2
gcga,gcga
gcgb,gcgb
gcgra,gcgra
gcgrb,gcgrb
gch1,gch1
gch2,gch2
gchfr,gchfr
gck,gck
gclc,gclc
gclm,gclm
gcm2,gcm2
gcn1,gcn1
gcna,gcna
gcnt4a,gcnt4a
gcnt4b,gcnt4b
gcnt7,gcnt7
gcsha,gcsha
gcshb,gcshb
gda,gda
gdap1,gdap1
gdap1l1,gdap1l1
gdap2,gdap2
gde1,gde1
gdf10a,gdf10a
gdf11,gdf11
gdf3,gdf3
gdf5,gdf5
gdf6a,gdf6a
gdf6b,gdf6b
gdf7,gdf7
gdf9,gdf9
gdi1,gdi1
gdi2,gdi2
gdnfa,gdnfa
gdnfb,gdnfb
gdpd1,gdpd1
gdpd2,gdpd2
gdpd3a,gdpd3a
gdpd3b,gdpd3b
gdpd4a,gdpd4a
gdpd4b,gdpd4b
gdpd5a,gdpd5a
gdpd5b,gdpd5b
GDPGP1,GDPGP1
gem,gem
gemin2,gemin2
gemin4,gemin4
gemin5,gemin5
gemin6,gemin6
gemin7,gemin7
gemin8,gemin8
get4,get4
gfap,gfap
gfer,gfer
gfi1aa,gfi1aa
gfi1ab,gfi1ab
gfi1b,gfi1b
gfm1,gfm1
gfm2,gfm2
GFOD1,GFOD1
gfod2,gfod2
gfpt1,gfpt1
gfpt2,gfpt2
gfra1b,gfra1b
gfra2b,gfra2b
gfra3,gfra3
gfra4a,gfra4a
gfra4b,gfra4b
gfral,gfral
gga1,gga1
ggact.1,ggact.1
ggact.2,ggact.2
ggact.3,ggact.3
ggcta,ggcta
ggctb,ggctb
ggcx,ggcx
ggh,ggh
ggnbp2,ggnbp2
ggps1,ggps1
ggt1a,ggt1a
ggt1b,ggt1b
ggt1l2.1,ggt1l2.1
ggt5a,ggt5a
GGT7,GGT7
gh1,gh1
ghdc,ghdc
ghitm,ghitm
ghra,ghra
ghrb,ghrb
ghrh,ghrh
ghrhr2,ghrhr2
ghrhra,ghrhra
ghrhrb,ghrhrb
ghrhrl,ghrhrl
ghsra,ghsra
ghsrb,ghsrb
GID4,GID4
gid8a,gid8a
gid8b,gid8b
gig2d,gig2d
gig2e,gig2e
gig2f,gig2f
gig2g,gig2g
gig2h,gig2h
gig2j,gig2j
gig2l,gig2l
gig2o,gig2o
gigyf1a,gigyf1a
gigyf1b,gigyf1b
gigyf2,gigyf2
ginm1,ginm1
gins1,gins1
gins2,gins2
gins3,gins3
gins4,gins4
gipc1,gipc1
gipc2,gipc2
gipc3,gipc3
gipr,gipr
git1,git1
git2a,git2a
git2b,git2b
gja3,gja3
gja5a,gja5a
gja5b,gja5b
gja8a,gja8a
gja8b,gja8b
gjd1a,gjd1a
gjd2b,gjd2b
GJD4,GJD4
GK3P,GK3P
gk5,gk5
gkap1,gkap1
gkup,gkup
gla,gla
glb1,glb1
glb1l,glb1l
GLB1L2,GLB1L2
glcci1a,glcci1a
glcea,glcea
glceb,glceb
gldc,gldc
gldn,gldn
gle1,gle1
glg1a,glg1a
glg1b,glg1b
gli1,gli1
gli2a,gli2a
gli2b,gli2b
glipr1a,glipr1a
glipr1b,glipr1b
glipr2,glipr2
glipr2l,glipr2l
glis1a,glis1a
glis1b,glis1b
glis2a,glis2a
glis2b,glis2b
glmna,glmna
glmnb,glmnb
glmp,glmp
glo1,glo1
glod4,glod4
glod5,glod5
glra1,glra1
glra2,glra2
glra4b,glra4b
glrba,glrba
glrbb,glrbb
glrx,glrx
glrx2,glrx2
glrx3,glrx3
glrx5,glrx5
gls2a,gls2a
gls2b,gls2b
glsa,glsa
glsb,glsb
glsl,glsl
glt1d1,glt1d1
glt8d1,glt8d1
glt8d2,glt8d2
gltpa,gltpa
gltpb,gltpb
gltpd2,gltpd2
glud1a,glud1a
glud1b,glud1b
glula,glula
glulb,glulb
glulc,glulc
glyctk,glyctk
glyr1,glyr1
gm2a,gm2a
gmcl1,gmcl1
gmds,gmds
gmeb1,gmeb1
GMEB2,GMEB2
gmfb,gmfb
gmip,gmip
gmnc,gmnc
gmppaa,gmppaa
gmppab,gmppab
gmppb,gmppb
gmpr,gmpr
gmpr2,gmpr2
gmps,gmps
gna11a,gna11a
gna11b,gna11b
gna12a,gna12a
gna13a,gna13a
gna13b,gna13b
gna14,gna14
gna14a,gna14a
gna15.1,gna15.1
gna15.3,gna15.3
gnai1,gnai1
gnai2a,gnai2a
gnai2b,gnai2b
gnai3,gnai3
gnaia,gnaia
gnal,gnal
gnal2,gnal2
gnao1a,gnao1a
gnao1b,gnao1b
gnaq,gnaq
gnas,gnas
gnat1,gnat1
gnat2,gnat2
gnav1,gnav1
GNAZ,GNAZ
gnb1a,gnb1a
gnb1b,gnb1b
gnb1l,gnb1l
gnb2,gnb2
gnb3a,gnb3a
gnb3b,gnb3b
GNB4,GNB4
gnb4b,gnb4b
gnb5a,gnb5a
gne,gne
gng10,gng10
gng12a,gng12a
gng13a,gng13a
gng13b,gng13b
gng2,gng2
gng3,gng3
GNG4,GNG4
gng5,gng5
gng7,gng7
gng8,gng8
gngt1,gngt1
gngt2a,gngt2a
gngt2b,gngt2b
gnl1,gnl1
gnl2,gnl2
gnl3,gnl3
gnl3l,gnl3l
gnmt,gnmt
gnpat,gnpat
gnpda1,gnpda1
gnpda2,gnpda2
gnpnat1,gnpnat1
gnptab,gnptab
gnrh2,gnrh2
gnrh3,gnrh3
gnrhr1,gnrhr1
gnrhr2,gnrhr2
gnrhr4,gnrhr4
gnsa,gnsa
gnsb,gnsb
golga1,golga1
golga2,golga2
golga3,golga3
golga4,golga4
golga5,golga5
golga7,golga7
golga7ba,golga7ba
golga7bb,golga7bb
golim4b,golim4b
golph3,golph3
golph3l,golph3l
golt1a,golt1a
golt1ba,golt1ba
golt1bb,golt1bb
gon4l,gon4l
gopc,gopc
gorab,gorab
gorasp1a,gorasp1a
gorasp1b,gorasp1b
gorasp2,gorasp2
gosr1,gosr1
gosr2,gosr2
got1,got1
got1l1,got1l1
got2a,got2a
got2b,got2b
gp1bb,gp1bb
gp9,gp9
gpa33a,gpa33a
gpa33b,gpa33b
gpaa1,gpaa1
gpalpp1,gpalpp1
gpam,gpam
gpank1,gpank1
gpat2,gpat2
gpat3,gpat3
gpat4,gpat4
gpatch1,gpatch1
gpatch11,gpatch11
GPATCH2,GPATCH2
gpatch3,gpatch3
gpatch4,gpatch4
gpatch8,gpatch8
gpbar1,gpbar1
gpbp1l1,gpbp1l1
gpc1a,gpc1a
gpc1b,gpc1b
gpc2,gpc2
gpc3,gpc3
gpc4,gpc4
gpc5a,gpc5a
gpc5b,gpc5b
gpc5c,gpc5c
gpc6a,gpc6a
gpc6b,gpc6b
gpcpd1,gpcpd1
gpd1a,gpd1a
gpd1b,gpd1b
gpd1c,gpd1c
gpd1l,gpd1l
gpd2,gpd2
gper1,gper1
gpha2,gpha2
gphna,gphna
gpia,gpia
gpib,gpib
gpkow,gpkow
gpm6aa,gpm6aa
gpm6ab,gpm6ab
gpm6ba,gpm6ba
gpm6bb,gpm6bb
gpn1,gpn1
gpn2,gpn2
gpn3,gpn3
gpnmb,gpnmb
gpr1,gpr1
gpr107,gpr107
gpr108,gpr108
gpr12,gpr12
gpr132a,gpr132a
gpr132b,gpr132b
gpr135,gpr135
gpr137,gpr137
gpr137ba,gpr137ba
gpr137bb,gpr137bb
gpr137c,gpr137c
gpr141,gpr141
gpr142,gpr142
gpr143,gpr143
gpr146,gpr146
gpr153,gpr153
gpr155a,gpr155a
gpr155b,gpr155b
gpr156,gpr156
gpr157,gpr157
gpr158a,gpr158a
gpr158b,gpr158b
gpr160,gpr160
gpr161,gpr161
gpr17,gpr17
gpr171,gpr171
gpr173,gpr173
gpr174,gpr174
gpr176,gpr176
gpr18,gpr18
GPR180,GPR180
gpr182,gpr182
gpr183a,gpr183a
gpr183b,gpr183b
gpr185a,gpr185a
gpr185b,gpr185b
gpr186,gpr186
gpr20,gpr20
gpr22a,gpr22a
gpr22b,gpr22b
gpr26,gpr26
gpr27,gpr27
gpr31,gpr31
gpr34b,gpr34b
gpr35.1,gpr35.1
gpr35.2,gpr35.2
gpr37a,gpr37a
gpr37b,gpr37b
gpr37l1a,gpr37l1a
gpr37l1b,gpr37l1b
gpr39,gpr39
gpr4,gpr4
GPR45,GPR45
gpr52,gpr52
gpr55a,gpr55a
gpr6,gpr6
gpr61,gpr61
gpr61l,gpr61l
GPR62,GPR62
gpr63,gpr63
gpr75,gpr75
gpr78a,gpr78a
gpr78b,gpr78b
gpr84,gpr84
gpr85,gpr85
gpr88,gpr88
GPR89B,GPR89B
gprc5ba,gprc5ba
gprc5bb,gprc5bb
gprc5c,gprc5c
gprc6a,gprc6a
gprin1,gprin1
gps1,gps1
gps2,gps2
gpsm1a,gpsm1a
gpsm1b,gpsm1b
gpsm2,gpsm2
gpsm2l,gpsm2l
gpt2,gpt2
gpt2l,gpt2l
gpx1a,gpx1a
gpx1b,gpx1b
gpx2,gpx2
gpx3,gpx3
gpx4a,gpx4a
gpx4b,gpx4b
gpx7,gpx7
gpx8,gpx8
gpx9,gpx9
gra,gra
gramd1a,gramd1a
gramd1ba,gramd1ba
gramd1bb,gramd1bb
gramd1c,gramd1c
gramd2aa,gramd2aa
gramd4a,gramd4a
gramd4b,gramd4b
grap2a,grap2a
grap2b,grap2b
grapa,grapa
grapb,grapb
grasp,grasp
grb10a,grb10a
grb10b,grb10b
GRB14,GRB14
grb2a,grb2a
grb2b,grb2b
grb7,grb7
grcc10,grcc10
greb1,greb1
greb1l,greb1l
grem1a,grem1a
grem1b,grem1b
grem2a,grem2a
grem2b,grem2b
grhl1,grhl1
grhl2a,grhl2a
grhl2b,grhl2b
grhl3,grhl3
grhpra,grhpra
grhprb,grhprb
gria1a,gria1a
gria1b,gria1b
gria2a,gria2a
gria2b,gria2b
gria3a,gria3a
gria3b,gria3b
gria4b,gria4b
grid1a,grid1a
grid1b,grid1b
grid2,grid2
grid2ipa,grid2ipa
grid2ipb,grid2ipb
grifin,grifin
grik1a,grik1a
grik1b,grik1b
GRIK2,GRIK2
grik4,grik4
grik5,grik5
grin1b,grin1b
grin2aa,grin2aa
grin2ab,grin2ab
GRIN2B,GRIN2B
grin2bb,grin2bb
grin2ca,grin2ca
grin2cb,grin2cb
grin2da,grin2da
grin2db,grin2db
grin3a,grin3a
grin3ba,grin3ba
grin3bb,grin3bb
grinaa,grinaa
grinab,grinab
grip1,grip1
grip2a,grip2a
grip2b,grip2b
gripap1,gripap1
grk1a,grk1a
grk1b,grk1b
grk3,grk3
grk4,grk4
grk5,grk5
grk5l,grk5l
grk6,grk6
grk7a,grk7a
grk7b,grk7b
grm1a,grm1a
grm1b,grm1b
grm2b,grm2b
grm3,grm3
grm4,grm4
grm5a,grm5a
grm5b,grm5b
grm6a,grm6a
grm6b,grm6b
GRM7,GRM7
grm8a,grm8a
grm8b,grm8b
grn1,grn1
grn2,grn2
grna,grna
grnas,grnas
grnb,grnb
grp,grp
grpel1,grpel1
grpel2,grpel2
grpr,grpr
grsf1,grsf1
grtp1a,grtp1a
grtp1b,grtp1b
grwd1,grwd1
grxcr2,grxcr2
gsap,gsap
gsc,gsc
gsdf,gsdf
gsdmea,gsdmea
gsdmeb,gsdmeb
gse1,gse1
gsg1l,gsg1l
gsg1l2a,gsg1l2a
gsg1l2b,gsg1l2b
gsk3aa,gsk3aa
gsk3ab,gsk3ab
gsk3b,gsk3b
gskip,gskip
gsna,gsna
gsnb,gsnb
gspt1,gspt1
gspt1l,gspt1l
gsr,gsr
gss,gss
gsta.1,gsta.1
gsta.2,gsta.2
gstcd,gstcd
gstk1,gstk1
gstk2,gstk2
gstk4,gstk4
gstm.1,gstm.1
gstm.2,gstm.2
gstm.3,gstm.3
gsto1,gsto1
gsto2,gsto2
gstp1,gstp1
gstp2,gstp2
gstr,gstr
gstt1a,gstt1a
gstt1b,gstt1b
gstt2,gstt2
gstz1,gstz1
gsx1,gsx1
gsx2,gsx2
gtdc1,gtdc1
gtf2a1,gtf2a1
gtf2a1l,gtf2a1l
gtf2a2,gtf2a2
gtf2b,gtf2b
gtf2e1,gtf2e1
gtf2e2,gtf2e2
gtf2f1,gtf2f1
gtf2f2a,gtf2f2a
gtf2f2b,gtf2f2b
gtf2h1,gtf2h1
gtf2h2,gtf2h2
gtf2h3,gtf2h3
gtf2h4,gtf2h4
gtf2h5,gtf2h5
gtf2ird1,gtf2ird1
gtf3aa,gtf3aa
gtf3ab,gtf3ab
gtf3c2,gtf3c2
gtf3c3,gtf3c3
gtf3c4,gtf3c4
gtf3c5,gtf3c5
gtpbp1,gtpbp1
gtpbp10,gtpbp10
gtpbp1l,gtpbp1l
gtpbp2b,gtpbp2b
gtpbp3,gtpbp3
gtpbp4,gtpbp4
gtpbp6,gtpbp6
GTPBP8,GTPBP8
gtse1,gtse1
guca1a,guca1a
guca1b,guca1b
guca1c,guca1c
guca1d,guca1d
guca1e,guca1e
gucd1,gucd1
gucy1a1,gucy1a1
GUCY1A2,GUCY1A2
gucy1b1,gucy1b1
gucy1b2,gucy1b2
gucy2c,gucy2c
gucy2d,gucy2d
gucy2f,gucy2f
gucy2g,gucy2g
guf1,guf1
guk1a,guk1a
guk1b,guk1b
gulp1a,gulp1a
gulp1b,gulp1b
gusb,gusb
gxylt1b,gxylt1b
gxylt2,gxylt2
gyg1a,gyg1a
gyg1b,gyg1b
gypc,gypc
gys1,gys1
gys2,gys2
gzm3,gzm3
gzm3.2,gzm3.2
gzm3.3,gzm3.3
gzm3.4,gzm3.4
gzma,gzma
gzmk,gzmk
h1f0,h1f0
h1fx,h1fx
h1m,h1m
h2af1al,h2af1al
h2afva,h2afva
h2afvb,h2afvb
h2afx,h2afx
h2afx1,h2afx1
h2afy,h2afy
h2afy2,h2afy2
h3f3c,h3f3c
h3f3d,h3f3d
haao,haao
habp2,habp2
hacd1,hacd1
hacd2,hacd2
hacd3,hacd3
HACD4,HACD4
hace1,hace1
hacl1,hacl1
hadh,hadh
hadhaa,hadhaa
hadhab,hadhab
hadhb,hadhb
hagh,hagh
hal,hal
hamp,hamp
hand2,hand2
hao1,hao1
hao2,hao2
hapln1a,hapln1a
hapln1b,hapln1b
hapln2,hapln2
hapln3,hapln3
hapln4,hapln4
harbi1,harbi1
hars,hars
has2,has2
has3,has3
hat1,hat1
haus1,haus1
haus3,haus3
haus4,haus4
haus5,haus5
haus6,haus6
haus7,haus7
havcr1,havcr1
havcr2,havcr2
hax1,hax1
hbaa1,hbaa1
hbaa2,hbaa2
hbae1.1,hbae1.1
hbae1.3,hbae1.3
hbae3,hbae3
hbae5,hbae5
hbba1,hbba1
hbba2,hbba2
hbbe1.1,hbbe1.1
hbbe1.2,hbbe1.2
hbbe1.3,hbbe1.3
hbbe2,hbbe2
hbbe3,hbbe3
hbegfa,hbegfa
hbegfb,hbegfb
hbl1,hbl1
hbl2,hbl2
hbl4,hbl4
hbp1,hbp1
hbs1l,hbs1l
hbxb,hbxb
hcar1-3,hcar1-3
hcar1-4,hcar1-4
hccsa.1,hccsa.1
hccsa.2,hccsa.2
hccsb,hccsb
hcfc1a,hcfc1a
hcfc1b,hcfc1b
hcfc2,hcfc2
hck,hck
hcls1,hcls1
hcn1,hcn1
hcn2b,hcn2b
hcn3,hcn3
hcn4,hcn4
hcn4l,hcn4l
hcn5,hcn5
hcrt,hcrt
hcrtr2,hcrtr2
hcst,hcst
hdac1,hdac1
hdac10,hdac10
hdac11,hdac11
hdac12,hdac12
hdac3,hdac3
hdac4,hdac4
hdac5,hdac5
hdac6,hdac6
hdac7a,hdac7a
hdac8,hdac8
hdac9b,hdac9b
hdc,hdc
hddc2,hddc2
hddc3,hddc3
hdgfl2,hdgfl2
hdhd2,hdhd2
hdhd3,hdhd3
hdhd5,hdhd5
hdlbpa,hdlbpa
hdlbpb,hdlbpb
hdr,hdr
hdx,hdx
he1.2,he1.2
he1.3,he1.3
heatr1,heatr1
heatr3,heatr3
heatr5a,heatr5a
heatr5b,heatr5b
heatr6,heatr6
hebp2,hebp2
heca,heca
hectd1,hectd1
hectd2,hectd2
hectd3,hectd3
HECTD4,HECTD4
hecw1b,hecw1b
hecw2a,hecw2a
hecw2b,hecw2b
heg1,heg1
helb,helb
hells,hells
helq,helq
helt,helt
helz,helz
helz2,helz2
hemgn,hemgn
hemk1,hemk1
henmt1,henmt1
hepacam2,hepacam2
hepacama,hepacama
hephl1a,hephl1a
hephl1b,hephl1b
her11,her11
her12,her12
her13,her13
her2,her2
her3,her3
her4.1,her4.1
her4.3,her4.3
her4.4,her4.4
her5,her5
her6,her6
her7,her7
her8.2,her8.2
her8a,her8a
her9,her9
herc1,herc1
herc2,herc2
herc3,herc3
herc4,herc4
herc7,herc7
herpud1,herpud1
herpud2,herpud2
hes2.1,hes2.1
hes2.2,hes2.2
hes6,hes6
hesx1,hesx1
hexa,hexa
hexb,hexb
hexdc,hexdc
hexim1,hexim1
hey1,hey1
hey2,hey2
heyl,heyl
hfm1,hfm1
hgd,hgd
hgfa,hgfa
hgfb,hgfb
hgh1,hgh1
hgs,hgs
hgsnat,hgsnat
hhat,hhat
hhatla,hhatla
hhatlb,hhatlb
hhex,hhex
hhip,hhip
hhipl1,hhipl1
hhipl2,hhipl2
hhla1,hhla1
hhla2a.2,hhla2a.2
hhla2b.1,hhla2b.1
hhla2b.2,hhla2b.2
hiat1a,hiat1a
hiat1b,hiat1b
hibadha,hibadha
hibadhb,hibadhb
hibch,hibch
hic1,hic1
hic1l,hic1l
hic2,hic2
hid1a,hid1a
hid1b,hid1b
hif1aa,hif1aa
hif1ab,hif1ab
hif1al,hif1al
hif1al2,hif1al2
hif1an,hif1an
higd1a,higd1a
higd2a,higd2a
hikeshi,hikeshi
hinfp,hinfp
hint1,hint1
hint2,hint2
hint3,hint3
hip1,hip1
hip1rb,hip1rb
hipk1a,hipk1a
hipk2,hipk2
hipk3a,hipk3a
hipk3b,hipk3b
hira,hira
hirip3,hirip3
hist1h2a1,hist1h2a1
hist1h2a2,hist1h2a2
hist1h2a3,hist1h2a3
hist1h2a5,hist1h2a5
hist1h2a6,hist1h2a6
hist1h2ba,hist1h2ba
hist2h2l,hist2h2l
HIST2H3A,HIST2H3A
hist2h3c,hist2h3c
hist2h3ca1,hist2h3ca1
histh1l,histh1l
hivep1,hivep1
hivep2a,hivep2a
hivep2b,hivep2b
hivep3a,hivep3a
hivep3b,hivep3b
hjv,hjv
hk1,hk1
hk2,hk2
hkdc1,hkdc1
hlcs,hlcs
hlfa,hlfa
hlfb,hlfb
hltf,hltf
hlx1,hlx1
hm13,hm13
hmbox1a,hmbox1a
hmbsa,hmbsa
hmbsb,hmbsb
hmces,hmces
hmcn1,hmcn1
hmcn2,hmcn2
hmg20a,hmg20a
hmg20b,hmg20b
hmga1a,hmga1a
hmga1b,hmga1b
hmga2,hmga2
hmgb1a,hmgb1a
hmgb1b,hmgb1b
hmgb2a,hmgb2a
hmgb2b,hmgb2b
hmgb3a,hmgb3a
hmgb3b,hmgb3b
hmgcl,hmgcl
hmgcll1,hmgcll1
hmgcra,hmgcra
hmgcrb,hmgcrb
hmgcs1,hmgcs1
hmgn2,hmgn2
hmgn3,hmgn3
hmgn6,hmgn6
hmgn7,hmgn7
hmgxb3,hmgxb3
hmgxb4a,hmgxb4a
hmha1b,hmha1b
hmmr,hmmr
hmox1a,hmox1a
hmox2a,hmox2a
hmox2b,hmox2b
hmx1,hmx1
hmx2,hmx2
hmx3a,hmx3a
hmx3b,hmx3b
hmx4,hmx4
hnf1a,hnf1a
hnf1ba,hnf1ba
hnf1bb,hnf1bb
hnf4a,hnf4a
hnf4b,hnf4b
hnf4g,hnf4g
hnmt,hnmt
hnrnpa0a,hnrnpa0a
hnrnpa0b,hnrnpa0b
hnrnpa1a,hnrnpa1a
hnrnpa1b,hnrnpa1b
hnrnpa3,hnrnpa3
hnrnpaba,hnrnpaba
hnrnpabb,hnrnpabb
hnrnpc,hnrnpc
hnrnpd,hnrnpd
hnrnph1,hnrnph1
hnrnph1l,hnrnph1l
hnrnph3,hnrnph3
hnrnpk,hnrnpk
hnrnpl,hnrnpl
hnrnpl2,hnrnpl2
hnrnpm,hnrnpm
hnrnpr,hnrnpr
hnrnpua,hnrnpua
hnrnpub,hnrnpub
hnrnpul1,hnrnpul1
hnrnpul1l,hnrnpul1l
hnrpkl,hnrpkl
hoga1,hoga1
homer1b,homer1b
homer2,homer2
homer3a,homer3a
homer3b,homer3b
homeza,homeza
homezb,homezb
hook1,hook1
hook2,hook2
hopx,hopx
hormad1,hormad1
hoxa10b,hoxa10b
hoxa11a,hoxa11a
hoxa11b,hoxa11b
hoxa13a,hoxa13a
hoxa13b,hoxa13b
hoxa1a,hoxa1a
hoxa2b,hoxa2b
hoxa3a,hoxa3a
hoxa4a,hoxa4a
hoxa5a,hoxa5a
hoxa9a,hoxa9a
hoxa9b,hoxa9b
hoxb13a,hoxb13a
hoxb1a,hoxb1a
hoxb1b,hoxb1b
hoxb2a,hoxb2a
hoxb3a,hoxb3a
hoxb4a,hoxb4a
hoxb5a,hoxb5a
hoxb5b,hoxb5b
hoxb6a,hoxb6a
hoxb6b,hoxb6b
hoxb7a,hoxb7a
hoxb8a,hoxb8a
hoxb8b,hoxb8b
hoxb9a,hoxb9a
hoxc10a,hoxc10a
hoxc11a,hoxc11a
hoxc12a,hoxc12a
hoxc12b,hoxc12b
hoxc13a,hoxc13a
hoxc13b,hoxc13b
hoxc1a,hoxc1a
hoxc3a,hoxc3a
hoxc4a,hoxc4a
hoxc5a,hoxc5a
hoxc6a,hoxc6a
hoxc6b,hoxc6b
hoxc8a,hoxc8a
hoxc9a,hoxc9a
hoxd11a,hoxd11a
hoxd12a,hoxd12a
hoxd13a,hoxd13a
hoxd3a,hoxd3a
hoxd4a,hoxd4a
hoxd9a,hoxd9a
hp1bp3,hp1bp3
hpca,hpca
hpcal1,hpcal1
hpcal4,hpcal4
hpf1,hpf1
hpgd,hpgd
hpn,hpn
hprt1,hprt1
hprt1l,hprt1l
hps1,hps1
hps3,hps3
hps4,hps4
hps5,hps5
hps6,hps6
hpse,hpse
hpse2,hpse2
hpxa,hpxa
hrasa,hrasa
hrasb,hrasb
hrasls,hrasls
hrc,hrc
hrh1,hrh1
hrh2a,hrh2a
hrh2b,hrh2b
hrh3,hrh3
hs1bp3,hs1bp3
hs2st1a,hs2st1a
hs2st1b,hs2st1b
hs3st1,hs3st1
hs3st1l1,hs3st1l1
hs3st1l2,hs3st1l2
hs3st2,hs3st2
hs3st3b1a,hs3st3b1a
hs3st3b1b,hs3st3b1b
hs3st3l,hs3st3l
hs3st4,hs3st4
hs6st1a,hs6st1a
hs6st1b,hs6st1b
hs6st2,hs6st2
hs6st3a,hs6st3a
hs6st3b,hs6st3b
hsbp1a,hsbp1a
hsbp1b,hsbp1b
hsbp1l1,hsbp1l1
hsd11b1la,hsd11b1la
hsd11b1lb,hsd11b1lb
hsd11b2,hsd11b2
hsd17b10,hsd17b10
hsd17b12a,hsd17b12a
hsd17b12b,hsd17b12b
hsd17b14,hsd17b14
hsd17b2,hsd17b2
hsd17b3,hsd17b3
hsd17b4,hsd17b4
hsd17b8,hsd17b8
hsd20b2,hsd20b2
hsd3b1,hsd3b1
hsd3b2,hsd3b2
hsd3b7,hsd3b7
hsdl1,hsdl1
hsdl2,hsdl2
hsf1,hsf1
hsf2,hsf2
hsf2bp,hsf2bp
hsf4,hsf4
hsf5,hsf5
hsh2d,hsh2d
hsp70.1,hsp70.1
hsp70.2,hsp70.2
hsp70.3,hsp70.3
hsp70l,hsp70l
hsp90aa1.1,hsp90aa1.1
hsp90aa1.2,hsp90aa1.2
hsp90ab1,hsp90ab1
hsp90b1,hsp90b1
hspa12a,hspa12a
hspa12b,hspa12b
hspa13,hspa13
hspa14,hspa14
hspa4a,hspa4a
hspa4b,hspa4b
hspa4l,hspa4l
hspa5,hspa5
hspa8,hspa8
hspa9,hspa9
hspb1,hspb1
hspb11,hspb11
hspb12,hspb12
hspb15,hspb15
hspb6,hspb6
hspb7,hspb7
hspb8,hspb8
hspb9,hspb9
hspbap1,hspbap1
hspbp1,hspbp1
hspd1,hspd1
hspe1,hspe1
hspg2,hspg2
hsph1,hsph1
htatip2,htatip2
htatsf1,htatsf1
htr1aa,htr1aa
htr1ab,htr1ab
htr1b,htr1b
htr1d,htr1d
htr1e,htr1e
htr1fa,htr1fa
htr1fb,htr1fb
htr2aa,htr2aa
htr2ab,htr2ab
htr2b,htr2b
htr2cl1,htr2cl1
htr3b,htr3b
htr4,htr4
htr5aa,htr5aa
htr5ab,htr5ab
HTR7,HTR7
htr7b,htr7b
htr7c,htr7c
htra1a,htra1a
htra1b,htra1b
htra3a,htra3a
htra3b,htra3b
htra4,htra4
htt,htt
hunk,hunk
HUS1B,HUS1B
huwe1,huwe1
hvcn1,hvcn1
hyal1,hyal1
hyal2a,hyal2a
hyal2b,hyal2b
hyal3,hyal3
hyal4,hyal4
hyal6,hyal6
hydin,hydin
hyou1,hyou1
hypk,hypk
iah1,iah1
iars,iars
iars2,iars2
iba57,iba57
ibtk,ibtk
ica1,ica1
ical1,ical1
ice1,ice1
ice2,ice2
icmt,icmt
icn,icn
icn2,icn2
id1,id1
id2a,id2a
id2b,id2b
id3,id3
id4,id4
ide,ide
idh1,idh1
idh2,idh2
idh3b,idh3b
idh3g,idh3g
idi1,idi1
ido1,ido1
ids,ids
idua,idua
ier2a,ier2a
ier2b,ier2b
ier3ip1,ier3ip1
ier5,ier5
ier5l,ier5l
iffo1a,iffo1a
iffo1b,iffo1b
iffo2a,iffo2a
iffo2b,iffo2b
ifi30,ifi30
ifi35,ifi35
ifi45,ifi45
ifi46,ifi46
ifih1,ifih1
ifit10,ifit10
ifit11,ifit11
ifit12,ifit12
ifit14,ifit14
ifit16,ifit16
ifit8,ifit8
ifit9,ifit9
ifitm5,ifitm5
ifng1,ifng1
ifngr1,ifngr1
ifngr1l,ifngr1l
ifngr2,ifngr2
ifnlr1,ifnlr1
ifnphi1,ifnphi1
ifnphi2,ifnphi2
ifnphi3,ifnphi3
ifrd1,ifrd1
ifrd2,ifrd2
ift140,ift140
ift172,ift172
ift20,ift20
ift22,ift22
ift27,ift27
ift46,ift46
ift52,ift52
ift57,ift57
ift74,ift74
ift80,ift80
ift81,ift81
ift88,ift88
igbp1,igbp1
igdcc3,igdcc3
igdcc4,igdcc4
igf1,igf1
igf1ra,igf1ra
igf1rb,igf1rb
igf2a,igf2a
igf2b,igf2b
igf2bp1,igf2bp1
igf2bp2b,igf2bp2b
igf2bp3,igf2bp3
igf2r,igf2r
igf3,igf3
igfbp1a,igfbp1a
igfbp1b,igfbp1b
igfbp2a,igfbp2a
igfbp2b,igfbp2b
igfbp3,igfbp3
igfbp5a,igfbp5a
igfbp5b,igfbp5b
igfbp6a,igfbp6a
igfbp6b,igfbp6b
igfbp7,igfbp7
igflr1,igflr1
igfn1.2,igfn1.2
igfn1.3,igfn1.3
igfn1.4,igfn1.4
ighd,ighd
ighmbp2,ighmbp2
ighv1-4,ighv1-4
igl4v10,igl4v10
IGLON5,IGLON5
igsf10,igsf10
igsf11,igsf11
igsf21a,igsf21a
igsf21b,igsf21b
igsf3,igsf3
igsf5a,igsf5a
igsf5b,igsf5b
igsf8,igsf8
igsf9a,igsf9a
igsf9b,igsf9b
igsf9ba,igsf9ba
igsf9bb,igsf9bb
ihha,ihha
ihhb,ihhb
ik,ik
ikbkb,ikbkb
ikbke,ikbke
ikbkg,ikbkg
ikzf1,ikzf1
ikzf2,ikzf2
ikzf4,ikzf4
ikzf5,ikzf5
il10,il10
il10ra,il10ra
il10rb,il10rb
il11a,il11a
il11b,il11b
il11ra,il11ra
il12a,il12a
il12ba,il12ba
il12rb2,il12rb2
il12rb2l,il12rb2l
il13,il13
il13ra1,il13ra1
il13ra2,il13ra2
il15l,il15l
il16,il16
il17a/f2,il17af2
il17c,il17c
il17d,il17d
il17ra1a,il17ra1a
il17rc,il17rc
il17rd,il17rd
il17rel,il17rel
il1b,il1b
il1fma,il1fma
il1rapl1a,il1rapl1a
il1rapl2,il1rapl2
il1rl1,il1rl1
il20ra,il20ra
il21r.1,il21r.1
il22ra2,il22ra2
il23r,il23r
il2rb,il2rb
il2rgb,il2rgb
il34,il34
il4,il4
il4r.1,il4r.1
il4r.2,il4r.2
il6,il6
il6r,il6r
il6st,il6st
il7r,il7r
ildr1a,ildr1a
ildr1b,ildr1b
ilf2,ilf2
ilf3a,ilf3a
ilf3b,ilf3b
ilk,ilk
ilkap,ilkap
illr1,illr1
illr4,illr4
ilvbl,ilvbl
im:6904045,im6904045
im:7136021,im7136021
im:7138239,im7138239
im:7138535,im7138535
im:7140055,im7140055
im:7140347,im7140347
im:7141269,im7141269
im:7142702,im7142702
im:7143333,im7143333
im:7145024,im7145024
im:7147486,im7147486
im:7150988,im7150988
im:7151449,im7151449
im:7152348,im7152348
im:7152688,im7152688
im:7157749,im7157749
im:7160594,im7160594
immp1l,immp1l
immp2l,immp2l
immt,immt
imp3,imp3
imp4,imp4
impa1,impa1
impa2,impa2
impact,impact
impad1,impad1
impdh1a,impdh1a
impdh1b,impdh1b
impdh2,impdh2
impg1a,impg1a
impg1b,impg1b
impg2a,impg2a
inaa,inaa
inab,inab
inafm2,inafm2
inavaa,inavaa
inavab,inavab
incenp,incenp
ing1,ing1
ing2,ing2
ing3,ing3
ing4,ing4
ing5a,ing5a
ing5b,ing5b
inha,inha
inhbaa,inhbaa
inhbab,inhbab
inhbb,inhbb
INHBC,INHBC
inip,inip
inka1a,inka1a
inka1b,inka1b
inka2,inka2
ino80,ino80
ino80b,ino80b
ino80c,ino80c
ino80da,ino80da
ino80db,ino80db
ino80e,ino80e
inpp4aa,inpp4aa
inpp4ab,inpp4ab
inpp4b,inpp4b
inpp5a,inpp5a
inpp5b,inpp5b
inpp5d,inpp5d
inpp5e,inpp5e
inpp5f,inpp5f
inpp5ja,inpp5ja
inpp5jb,inpp5jb
inpp5ka,inpp5ka
inpp5kb,inpp5kb
inpp5l,inpp5l
inppl1a,inppl1a
inppl1b,inppl1b
ins,ins
insb,insb
insc,insc
insig1,insig1
insig2,insig2
insl3,insl3
insl5a,insl5a
insm1a,insm1a
insm1b,insm1b
INSM2,INSM2
insra,insra
insrb,insrb
insyn1,insyn1
ints1,ints1
ints10,ints10
ints12,ints12
ints13,ints13
ints14,ints14
ints2,ints2
ints3,ints3
ints4,ints4
ints5,ints5
ints6,ints6
ints6l,ints6l
ints7,ints7
ints9,ints9
invs,invs
ip6k1,ip6k1
ip6k2a,ip6k2a
ip6k2b,ip6k2b
ipcef1,ipcef1
ipmka,ipmka
ipmkb,ipmkb
ipo11,ipo11
ipo13,ipo13
ipo4,ipo4
ipo7,ipo7
ipo8,ipo8
ipo9,ipo9
ipp,ipp
ippk,ippk
iqca1,iqca1
iqcb1,iqcb1
iqcc,iqcc
iqcd,iqcd
iqce,iqce
iqcg,iqcg
iqch,iqch
iqck,iqck
iqgap1,iqgap1
iqgap2,iqgap2
iqgap3,iqgap3
iqsec1b,iqsec1b
iqsec2a,iqsec2a
iqsec2b,iqsec2b
iqsec3b,iqsec3b
iqub,iqub
irak1,irak1
irak1bp1,irak1bp1
irak3,irak3
irak4,irak4
ireb2,ireb2
irf10,irf10
irf1a,irf1a
irf1b,irf1b
irf2,irf2
irf2a,irf2a
irf2bp1,irf2bp1
irf2bp2a,irf2bp2a
irf2bp2b,irf2bp2b
irf2bpl,irf2bpl
irf3,irf3
irf4b,irf4b
irf5,irf5
irf6,irf6
irf7,irf7
irf8,irf8
irf9,irf9
irg1l,irg1l
irge1,irge1
irge4,irge4
irgf1,irgf1
irgf3,irgf3
irgf4,irgf4
irgq1,irgq1
irs1,irs1
irs2a,irs2a
irs2b,irs2b
irs4a,irs4a
irx1a,irx1a
irx1b,irx1b
irx2a,irx2a
irx3a,irx3a
irx3b,irx3b
irx4a,irx4a
irx4b,irx4b
irx5a,irx5a
irx5b,irx5b
irx6a,irx6a
irx7,irx7
isca1,isca1
isca2,isca2
ISCU,ISCU
iscub,iscub
isg15,isg15
isg20,isg20
isg20l2,isg20l2
isl1,isl1
isl1l,isl1l
isl2a,isl2a
isl2b,isl2b
islr2,islr2
ism1,ism1
ism2a,ism2a
ism2b,ism2b
isoc1,isoc1
isoc2,isoc2
ispd,ispd
ist1,ist1
isy1,isy1
itcha,itcha
itchb,itchb
itfg1,itfg1
itfg2,itfg2
itga10,itga10
itga11a,itga11a
itga11b,itga11b
itga2.2,itga2.2
itga2.3,itga2.3
itga2b,itga2b
itga3a,itga3a
itga3b,itga3b
itga4,itga4
itga5,itga5
itga6a,itga6a
itga6b,itga6b
itga6l,itga6l
itga8,itga8
itga9,itga9
itgae.1,itgae.1
itgae.2,itgae.2
itgam,itgam
itgav,itgav
itgb1a,itgb1a
itgb1b,itgb1b
itgb1b.1,itgb1b.1
itgb1b.2,itgb1b.2
itgb1bp1,itgb1bp1
itgb2,itgb2
itgb3a,itgb3a
itgb3b,itgb3b
itgb4,itgb4
itgb5,itgb5
itgb6,itgb6
itgb7,itgb7
itgb8,itgb8
itih1,itih1
itih2,itih2
itih3a,itih3a
itih3b,itih3b
itih5,itih5
itih6,itih6
itk,itk
itln2,itln2
itln3,itln3
itm2ba,itm2ba
itm2bb,itm2bb
itm2ca,itm2ca
itm2cb,itm2cb
itpa,itpa
itpk1a,itpk1a
itpk1b,itpk1b
itpka,itpka
itpkb,itpkb
itpkca,itpkca
itpkcb,itpkcb
itpr1a,itpr1a
itpr1b,itpr1b
itpr2,itpr2
itpr3,itpr3
itprid1,itprid1
itprid2,itprid2
itprip,itprip
itpripl2,itpripl2
itsn1,itsn1
itsn2a,itsn2a
itsn2b,itsn2b
ivd,ivd
ivns1abpa,ivns1abpa
ivns1abpb,ivns1abpb
IYD,IYD
IZUMO1R,IZUMO1R
jac10,jac10
jac2,jac2
jac3,jac3
jac4,jac4
jac6,jac6
jac7,jac7
jac8,jac8
jac9,jac9
jade1,jade1
jade3,jade3
jag1a,jag1a
jag1b,jag1b
jag2a,jag2a
jag2b,jag2b
jagn1a,jagn1a
jagn1b,jagn1b
jak1,jak1
jak2b,jak2b
jak3,jak3
jakmip1,jakmip1
jakmip2,jakmip2
jakmip3,jakmip3
jam2a,jam2a
jam2b,jam2b
jam3a,jam3a
jam3b,jam3b
jarid2a,jarid2a
jarid2b,jarid2b
jazf1a,jazf1a
jazf1b,jazf1b
jcada,jcada
jdp2a,jdp2a
jdp2b,jdp2b
jhy,jhy
jkamp,jkamp
jmjd1cb,jmjd1cb
jmjd4,jmjd4
jmjd6,jmjd6
jmjd7,jmjd7
JMJD8,JMJD8
JMY,JMY
josd1,josd1
josd2,josd2
jph1a,jph1a
jph1b,jph1b
jph3,jph3
jpt1a,jpt1a
jpt1b,jpt1b
jpt2,jpt2
jtb,jtb
jun,jun
junba,junba
junbb,junbb
jund,jund
june,june
jupa,jupa
jupb,jupb
kalrna,kalrna
kalrnb,kalrnb
kank1a,kank1a
kank1b,kank1b
kank2,kank2
kank4,kank4
kansl1a,kansl1a
kansl1b,kansl1b
kansl1l,kansl1l
kansl2,kansl2
kansl3,kansl3
kars,kars
kat14,kat14
kat2a,kat2a
kat2b,kat2b
kat6a,kat6a
kat6b,kat6b
kat7a,kat7a
kat7b,kat7b
kat8,kat8
katna1,katna1
katnal1,katnal1
katnal2,katnal2
katnb1,katnb1
katnbl1,katnbl1
kazald2,kazald2
kazald3,kazald3
kazna,kazna
kaznb,kaznb
kbtbd11,kbtbd11
kbtbd12,kbtbd12
kbtbd2,kbtbd2
kbtbd3,kbtbd3
kbtbd4,kbtbd4
kbtbd7,kbtbd7
kbtbd8,kbtbd8
kcmf1,kcmf1
kcna10a,kcna10a
kcna1a,kcna1a
kcna1b,kcna1b
kcna2a,kcna2a
kcna2b,kcna2b
kcna3a,kcna3a
kcna4,kcna4
kcna7,kcna7
kcnab1a,kcnab1a
kcnab2a,kcnab2a
kcnab2b,kcnab2b
kcnb1,kcnb1
kcnc1a,kcnc1a
kcnc1b,kcnc1b
kcnc2,kcnc2
kcnc3b,kcnc3b
kcnc4,kcnc4
kcnd1,kcnd1
kcnd2,kcnd2
kcnd3,kcnd3
kcne4,kcne4
kcnf1a,kcnf1a
kcnf1b,kcnf1b
kcng1,kcng1
kcng2,kcng2
kcng3,kcng3
kcng4a,kcng4a
kcng4b,kcng4b
kcnh3,kcnh3
kcnh4a,kcnh4a
kcnh4b,kcnh4b
kcnh5a,kcnh5a
kcnh5b,kcnh5b
kcnh6a,kcnh6a
kcnh6b,kcnh6b
kcnh7,kcnh7
kcnh8,kcnh8
KCNIP1,KCNIP1
kcnip1b,kcnip1b
kcnip2,kcnip2
kcnip3a,kcnip3a
kcnip3b,kcnip3b
KCNIP4,KCNIP4
kcnj10a,kcnj10a
kcnj12a,kcnj12a
kcnj12b,kcnj12b
kcnj13,kcnj13
kcnj14,kcnj14
KCNJ15,KCNJ15
kcnj16,kcnj16
kcnj19a,kcnj19a
kcnj19b,kcnj19b
kcnj1a.1,kcnj1a.1
kcnj1a.5,kcnj1a.5
kcnj1b,kcnj1b
kcnj2a,kcnj2a
kcnj2b,kcnj2b
kcnj3a,kcnj3a
kcnj3b,kcnj3b
KCNJ6,KCNJ6
kcnj8,kcnj8
kcnj9,kcnj9
kcnk10a,kcnk10a
kcnk10b,kcnk10b
kcnk12l,kcnk12l
kcnk13a,kcnk13a
kcnk13b,kcnk13b
kcnk15,kcnk15
kcnk17,kcnk17
kcnk18,kcnk18
kcnk1a,kcnk1a
kcnk1b,kcnk1b
kcnk2a,kcnk2a
kcnk2b,kcnk2b
kcnk3b,kcnk3b
kcnk4a,kcnk4a
kcnk5a,kcnk5a
kcnk5b,kcnk5b
kcnk6,kcnk6
kcnk7,kcnk7
kcnk9,kcnk9
kcnma1a,kcnma1a
kcnmb2,kcnmb2
kcnn1a,kcnn1a
kcnn1b,kcnn1b
KCNN2,KCNN2
kcnn4,kcnn4
kcnq1,kcnq1
kcnq2a,kcnq2a
kcnq2b,kcnq2b
kcnq3,kcnq3
kcnq4,kcnq4
kcnq5a,kcnq5a
kcnq5b,kcnq5b
kcns3a,kcns3a
kcns3b,kcns3b
kcnt1,kcnt1
kcnt2,kcnt2
KCNV1,KCNV1
kcnv2a,kcnv2a
kcnv2b,kcnv2b
kctd1,kctd1
kctd10,kctd10
kctd12.1,kctd12.1
kctd12.2,kctd12.2
kctd12b,kctd12b
kctd13,kctd13
kctd14,kctd14
KCTD15,KCTD15
kctd15a,kctd15a
kctd16a,kctd16a
kctd16b,kctd16b
kctd17,kctd17
kctd2,kctd2
kctd3,kctd3
kctd4,kctd4
kctd5a,kctd5a
kctd6a,kctd6a
kctd6b,kctd6b
kctd7,kctd7
kctd8,kctd8
kctd9a,kctd9a
kctd9b,kctd9b
kdelc1,kdelc1
kdelc2,kdelc2
kdelr2a,kdelr2a
kdelr2b,kdelr2b
kdelr3,kdelr3
kdf1a,kdf1a
kdf1b,kdf1b
kdm1a,kdm1a
kdm2aa,kdm2aa
kdm2ab,kdm2ab
kdm2ba,kdm2ba
kdm2bb,kdm2bb
kdm3b,kdm3b
kdm4aa,kdm4aa
kdm4ab,kdm4ab
kdm4b,kdm4b
kdm4c,kdm4c
kdm5a,kdm5a
kdm5ba,kdm5ba
kdm5bb,kdm5bb
kdm5c,kdm5c
kdm6a,kdm6a
kdm6al,kdm6al
kdm6ba,kdm6ba
kdm6bb,kdm6bb
kdm7aa,kdm7aa
kdm7ab,kdm7ab
kdm8,kdm8
kdr,kdr
kdrl,kdrl
kdsr,kdsr
keap1a,keap1a
keap1b,keap1b
kel,kel
kera,kera
khdc4,khdc4
khdrbs1a,khdrbs1a
khdrbs1b,khdrbs1b
khdrbs2,khdrbs2
KHDRBS3,KHDRBS3
khk,khk
khnyn,khnyn
khsrp,khsrp
KIAA0895L,KIAA0895L
kiaa1549la,kiaa1549la
kiaa1549lb,kiaa1549lb
kiaa1958,kiaa1958
kiaa2026,kiaa2026
kidins220a,kidins220a
kidins220b,kidins220b
kif11,kif11
kif13a,kif13a
kif13ba,kif13ba
kif13bb,kif13bb
kif14,kif14
kif15,kif15
kif16ba,kif16ba
kif16bb,kif16bb
kif17,kif17
kif18a,kif18a
kif19,kif19
kif1aa,kif1aa
kif1ab,kif1ab
kif1b,kif1b
kif1bp,kif1bp
kif20a,kif20a
kif20ba,kif20ba
kif20bb,kif20bb
kif21a,kif21a
kif21b,kif21b
kif22,kif22
kif23,kif23
kif25,kif25
kif26aa,kif26aa
kif26ab,kif26ab
kif26ba,kif26ba
kif26bb,kif26bb
kif28,kif28
KIF2A,KIF2A
kif2c,kif2c
kif3a,kif3a
kif3b,kif3b
kif3ca,kif3ca
kif3cb,kif3cb
kif4,kif4
kif5aa,kif5aa
kif5ab,kif5ab
kif5c,kif5c
kif6,kif6
kif7,kif7
kif9,kif9
kifap3a,kifap3a
kifap3b,kifap3b
kifc1,kifc1
kifc3,kifc3
kifl,kifl
kin,kin
kirrel1a,kirrel1a
kirrel1b,kirrel1b
KIRREL3,KIRREL3
kirrel3a,kirrel3a
kirrel3l,kirrel3l
kiss1,kiss1
kiss1ra,kiss1ra
kiss1rb,kiss1rb
kiss2,kiss2
kita,kita
kitb,kitb
kitlga,kitlga
kitlgb,kitlgb
kiz,kiz
kl,kl
klb,klb
klc1a,klc1a
klc1b,klc1b
klc3,klc3
klc4,klc4
klf1,klf1
klf10,klf10
klf11a,klf11a
klf11b,klf11b
klf12a,klf12a
klf12b,klf12b
klf13,klf13
klf15,klf15
klf17,klf17
klf2a,klf2a
klf2b,klf2b
klf3,klf3
klf4,klf4
klf5a,klf5a
klf5b,klf5b
klf5l,klf5l
klf6a,klf6a
klf6b,klf6b
klf7a,klf7a
klf7b,klf7b
klf8,klf8
klf9,klf9
klhdc10,klhdc10
klhdc2,klhdc2
klhdc3,klhdc3
klhdc4,klhdc4
klhdc7a,klhdc7a
klhdc8a,klhdc8a
klhdc8b,klhdc8b
klhl10a,klhl10a
klhl10b.1,klhl10b.1
klhl10b.2,klhl10b.2
klhl11,klhl11
klhl13,klhl13
klhl14,klhl14
klhl15,klhl15
klhl17,klhl17
klhl18,klhl18
klhl2,klhl2
klhl20,klhl20
klhl21,klhl21
klhl22,klhl22
klhl23,klhl23
klhl24a,klhl24a
klhl24b,klhl24b
klhl26,klhl26
KLHL28,KLHL28
klhl29,klhl29
klhl3,klhl3
klhl30,klhl30
klhl31,klhl31
klhl32,klhl32
klhl33,klhl33
klhl35,klhl35
klhl36,klhl36
klhl38a,klhl38a
klhl38b,klhl38b
klhl4,klhl4
klhl40a,klhl40a
klhl40b,klhl40b
klhl41a,klhl41a
klhl41b,klhl41b
klhl42,klhl42
klhl5,klhl5
klhl6,klhl6
klhl7,klhl7
klhl8,klhl8
kmt2a,kmt2a
kmt2ba,kmt2ba
kmt2bb,kmt2bb
kmt2ca,kmt2ca
kmt2cb,kmt2cb
kmt2d,kmt2d
kmt2e,kmt2e
kmt5aa,kmt5aa
kmt5ab,kmt5ab
kmt5b,kmt5b
kmt5c,kmt5c
kncn,kncn
kng1,kng1
knl1,knl1
knop1,knop1
knstrn,knstrn
kntc1,kntc1
kpna1,kpna1
kpna2,kpna2
kpna3,kpna3
kpna4,kpna4
kpna5,kpna5
kpna6,kpna6
kpnb1,kpnb1
kpnb3,kpnb3
kptn,kptn
kras,kras
krcp,krcp
kremen1,kremen1
kri1,kri1
krit1,krit1
krr1,krr1
krt1-19d,krt1-19d
krt1-c5,krt1-c5
krt15,krt15
krt17,krt17
krt18a.1,krt18a.1
krt18a.2,krt18a.2
krt18b,krt18b
krt222,krt222
krt4,krt4
krt5,krt5
krt8,krt8
krt91,krt91
krt92,krt92
krt93,krt93
krt94,krt94
krt96,krt96
krt97,krt97
krt98,krt98
krt99,krt99
krtcap2,krtcap2
krtt1c19e,krtt1c19e
ksr1a,ksr1a
ksr1b,ksr1b
ksr2,ksr2
kti12,kti12
ktn1,ktn1
kxd1,kxd1
ky,ky
kyat1,kyat1
kyat3,kyat3
kynu,kynu
l1cama,l1cama
l1camb,l1camb
l2hgdh,l2hgdh
l3hypdh,l3hypdh
l3mbtl1a,l3mbtl1a
l3mbtl1b,l3mbtl1b
l3mbtl2,l3mbtl2
l3mbtl3,l3mbtl3
l3mbtl4,l3mbtl4
lactb,lactb
lactb2,lactb2
lactbl1a,lactbl1a
lactbl1b,lactbl1b
lad1,lad1
lama1,lama1
lama2,lama2
lama3,lama3
lama4,lama4
lama5,lama5
lamb1a,lamb1a
lamb1b,lamb1b
lamb2,lamb2
lamb2l,lamb2l
lamb4,lamb4
lamc1,lamc1
lamc2,lamc2
lamc3,lamc3
lamp1a,lamp1a
lamp1b,lamp1b
lamp2,lamp2
LAMP5,LAMP5
lamtor1,lamtor1
lamtor2,lamtor2
lamtor3,lamtor3
lamtor4,lamtor4
lamtor5,lamtor5
lancl1,lancl1
lancl2,lancl2
lap3,lap3
laptm4a,laptm4a
laptm4b,laptm4b
laptm5,laptm5
large1,large1
large2,large2
larp1,larp1
larp1b,larp1b
larp4aa,larp4aa
larp4ab,larp4ab
larp4b,larp4b
larp6a,larp6a
larp6b,larp6b
larp7,larp7
lars2,lars2
larsa,larsa
larsb,larsb
las1l,las1l
lasp1,lasp1
lats1,lats1
lats2,lats2
layna,layna
laynb,laynb
lbh,lbh
lbr,lbr
lbx1a,lbx1a
lbx1b,lbx1b
lbx2,lbx2
lca5,lca5
lcat,lcat
lck,lck
lclat1,lclat1
lcmt1,lcmt1
lcmt2,lcmt2
lcn15,lcn15
lcor,lcor
lcorl,lcorl
lcp1,lcp1
lcp2a,lcp2a
lcp2b,lcp2b
lct,lct
lctla,lctla
lctlb,lctlb
ldah,ldah
ldb1a,ldb1a
ldb1b,ldb1b
ldb2a,ldb2a
ldb2b,ldb2b
ldb3a,ldb3a
ldb3b,ldb3b
ldha,ldha
ldhba,ldhba
ldhbb,ldhbb
ldhd,ldhd
ldlra,ldlra
ldlrad2,ldlrad2
ldlrad3,ldlrad3
ldlrad4a,ldlrad4a
ldlrad4b,ldlrad4b
ldlrap1a,ldlrap1a
ldlrap1b,ldlrap1b
ldlrb,ldlrb
leap2,leap2
lect2l,lect2l
lef1,lef1
leg1.2,leg1.2
lemd3,lemd3
lenep,lenep
leng1,leng1
leng8,leng8
leng9,leng9
leo1,leo1
lepa,lepa
lepr,lepr
LEPROTL1,LEPROTL1
letm1,letm1
letm2,letm2
letmd1,letmd1
lfng,lfng
lft1,lft1
lft2,lft2
lgals17,lgals17
lgals1l1,lgals1l1
lgals2a,lgals2a
lgals2b,lgals2b
lgals3a,lgals3a
lgals3b,lgals3b
lgals3bpa,lgals3bpa
lgals3bpb,lgals3bpb
lgals8a,lgals8a
lgals8b,lgals8b
lgals9l1,lgals9l1
lgals9l3,lgals9l3
lgals9l5,lgals9l5
lgals9l6,lgals9l6
lgalsla,lgalsla
lgalslb,lgalslb
lgi1a,lgi1a
lgi1b,lgi1b
lgi2a,lgi2a
lgi2b,lgi2b
lgi3,lgi3
lgmn,lgmn
lgr4,lgr4
lgsn,lgsn
lhb,lhb
lhcgr,lhcgr
lhfpl2a,lhfpl2a
lhfpl2b,lhfpl2b
lhfpl3,lhfpl3
lhfpl4a,lhfpl4a
lhfpl4b,lhfpl4b
lhfpl5a,lhfpl5a
lhpp,lhpp
lhx1a,lhx1a
lhx1b,lhx1b
lhx2a,lhx2a
lhx2b,lhx2b
LHX3,LHX3
lhx4,lhx4
lhx5,lhx5
lhx8a,lhx8a
lhx8b,lhx8b
lhx9,lhx9
lias,lias
lifra,lifra
lifrb,lifrb
lig1,lig1
lig3,lig3
lig4,lig4
lim2.1,lim2.1
lim2.2,lim2.2
lim2.3,lim2.3
lim2.4,lim2.4
lima1a,lima1a
limch1a,limch1a
limch1b,limch1b
limd1a,limd1a
limd1b,limd1b
limd2,limd2
limk1a,limk1a
limk1b,limk1b
limk2,limk2
lims1,lims1
lims2,lims2
lin28b,lin28b
lin37,lin37
lin52,lin52
lin54,lin54
lin7b,lin7b
lin7c,lin7c
lin9,lin9
lingo1a,lingo1a
lingo1b,lingo1b
lingo2a,lingo2a
lingo2b,lingo2b
lingo3a,lingo3a
lingo4a,lingo4a
lingo4b,lingo4b
lins1,lins1
lipca,lipca
lipcb,lipcb
lipea,lipea
lipeb,lipeb
lipf,lipf
lipg,lipg
lipia,lipia
lipib,lipib
lipt1,lipt1
lipt2,lipt2
litaf,litaf
lix1,lix1
lix1l,lix1l
llgl1,llgl1
llgl2,llgl2
llph,llph
lman1,lman1
lman2,lman2
lman2la,lman2la
lman2lb,lman2lb
lmbr1,lmbr1
lmbr1l,lmbr1l
lmbrd1,lmbrd1
lmbrd2a,lmbrd2a
lmbrd2b,lmbrd2b
lmcd1,lmcd1
lmf1,lmf1
lmf2a,lmf2a
lmf2b,lmf2b
lmln,lmln
lmna,lmna
lmnb1,lmnb1
lmnb2,lmnb2
lmnl3,lmnl3
lmo1,lmo1
lmo2,lmo2
lmo3,lmo3
lmo4a,lmo4a
lmo4b,lmo4b
lmo7a,lmo7a
lmo7b,lmo7b
lmod1a,lmod1a
lmod1b,lmod1b
lmod2a,lmod2a
lmod2b,lmod2b
lmod3,lmod3
lmtk2,lmtk2
lmx1a,lmx1a
lmx1ba,lmx1ba
lmx1bb,lmx1bb
lnpa,lnpa
lnpep,lnpep
lnpk,lnpk
lnx1,lnx1
lnx2a,lnx2a
lnx2b,lnx2b
LO016985.1,LO016985.1
LO017643.1,LO017643.1
LO017648.1,LO017648.1
LO017650.1,LO017650.1
LO017656.1,LO017656.1
LO017700.1,LO017700.1
LO017700.2,LO017700.2
LO017711.1,LO017711.1
LO017716.1,LO017716.1
LO017718.1,LO017718.1
LO017721.1,LO017721.1
LO017722.1,LO017722.1
LO017725.1,LO017725.1
LO017725.2,LO017725.2
LO017771.1,LO017771.1
LO017791.1,LO017791.1
LO017793.1,LO017793.1
LO017799.1,LO017799.1
LO017802.1,LO017802.1
LO017815.1,LO017815.1
LO017816.1,LO017816.1
LO017820.1,LO017820.1
LO017821.1,LO017821.1
LO017835.1,LO017835.1
LO017841.1,LO017841.1
LO017843.1,LO017843.1
LO017845.1,LO017845.1
LO017847.1,LO017847.1
LO017848.1,LO017848.1
LO017849.1,LO017849.1
LO017850.1,LO017850.1
LO017852.1,LO017852.1
LO017858.1,LO017858.1
LO017872.1,LO017872.1
LO017877.1,LO017877.1
LO017877.2,LO017877.2
LO017938.1,LO017938.1
LO017954.1,LO017954.1
LO017955.1,LO017955.1
LO017965.1,LO017965.1
LO017974.1,LO017974.1
LO018011.1,LO018011.1
LO018022.2,LO018022.2
LO018029.1,LO018029.1
LO018102.1,LO018102.1
LO018124.1,LO018124.1
LO018128.1,LO018128.1
LO018148.1,LO018148.1
LO018154.1,LO018154.1
LO018166.1,LO018166.1
LO018168.1,LO018168.1
LO018176.1,LO018176.1
LO018181.1,LO018181.1
LO018183.1,LO018183.1
LO018188.1,LO018188.1
LO018196.1,LO018196.1
LO018197.1,LO018197.1
LO018208.1,LO018208.1
LO018231.1,LO018231.1
LO018238.1,LO018238.1
LO018250.1,LO018250.1
LO018260.1,LO018260.1
LO018260.3,LO018260.3
LO018296.1,LO018296.1
LO018303.1,LO018303.1
LO018309.1,LO018309.1
LO018315.7,LO018315.7
LO018324.1,LO018324.1
LO018333.1,LO018333.1
LO018336.1,LO018336.1
LO018340.1,LO018340.1
LO018363.1,LO018363.1
LO018380.1,LO018380.1
LO018383.1,LO018383.1
LO018400.1,LO018400.1
LO018422.1,LO018422.1
LO018430.1,LO018430.1
LO018432.1,LO018432.1
LO018474.1,LO018474.1
LO018490.1,LO018490.1
LO018493.2,LO018493.2
LO018508.1,LO018508.1
LO018513.1,LO018513.1
LO018550.2,LO018550.2
LO018551.1,LO018551.1
LO018557.1,LO018557.1
LO018568.1,LO018568.1
LO018568.2,LO018568.2
LO018584.1,LO018584.1
LO018585.1,LO018585.1
LO018598.1,LO018598.1
LO018605.1,LO018605.1
LO018605.2,LO018605.2
LO018605.3,LO018605.3
LO018608.1,LO018608.1
LO018627.1,LO018627.1
LO018629.1,LO018629.1
LO018644.1,LO018644.1
LOC100000278,LOC100000278
LOC100000417,LOC100000417
LOC100000545,LOC100000545
LOC100000748,LOC100000748
LOC100000863,LOC100000863
LOC100000890,LOC100000890
LOC100001178,LOC100001178
LOC100001242,LOC100001242
LOC100001589,LOC100001589
LOC100001665,LOC100001665
LOC100001832,LOC100001832
LOC100001846,LOC100001846
LOC100001908,LOC100001908
LOC100002283,LOC100002283
LOC100002327,LOC100002327
LOC100002469,LOC100002469
LOC100002472,LOC100002472
LOC100002570,LOC100002570
LOC100002706,LOC100002706
LOC100002923,LOC100002923
LOC100003040,LOC100003040
LOC100003133,LOC100003133
LOC100003182,LOC100003182
LOC100004016,LOC100004016
LOC100004033,LOC100004033
LOC100004160,LOC100004160
LOC100004591,LOC100004591
LOC100004932,LOC100004932
LOC100004944,LOC100004944
LOC100004978,LOC100004978
LOC100004986,LOC100004986
LOC100005038,LOC100005038
LOC100005129,LOC100005129
LOC100005323,LOC100005323
LOC100005512,LOC100005512
LOC100005584,LOC100005584
LOC100005723,LOC100005723
LOC100005864,LOC100005864
LOC100005908,LOC100005908
LOC100005923,LOC100005923
LOC100005965,LOC100005965
LOC100006216,LOC100006216
LOC100006649,LOC100006649
LOC100006699,LOC100006699
LOC100006805,LOC100006805
LOC100006926,LOC100006926
LOC100007100,LOC100007100
LOC100007229,LOC100007229
LOC100007492,LOC100007492
LOC100007686,LOC100007686
LOC100007738,LOC100007738
LOC100007824,LOC100007824
LOC100007966,LOC100007966
LOC100007972,LOC100007972
LOC100008030,LOC100008030
LOC100147871,LOC100147871
LOC100148023,LOC100148023
LOC100148045,LOC100148045
LOC100148237,LOC100148237
LOC100148332,LOC100148332
LOC100148510,LOC100148510
LOC100148591,LOC100148591
LOC100148648,LOC100148648
LOC100148655,LOC100148655
LOC100148951,LOC100148951
LOC100149190,LOC100149190
LOC100149234,LOC100149234
LOC100149247,LOC100149247
LOC100149643,LOC100149643
LOC100149647,LOC100149647
LOC100149669,LOC100149669
LOC100149773,LOC100149773
LOC100149931,LOC100149931
LOC100149959,LOC100149959
LOC100149991,LOC100149991
LOC100150038,LOC100150038
LOC100150095,LOC100150095
LOC100150142,LOC100150142
LOC100150670,LOC100150670
LOC100150834,LOC100150834
LOC100151145,LOC100151145
LOC100151165,LOC100151165
LOC100151192,LOC100151192
LOC100151196,LOC100151196
LOC100151285,LOC100151285
LOC100151419,LOC100151419
LOC100151570,LOC100151570
LOC100151603,LOC100151603
LOC100329245,LOC100329245
LOC100329307,LOC100329307
LOC100329378,LOC100329378
LOC100329433,LOC100329433
LOC100329477,LOC100329477
LOC100329490,LOC100329490
LOC100329560,LOC100329560
LOC100329579,LOC100329579
LOC100329795,LOC100329795
LOC100329806,LOC100329806
LOC100329825,LOC100329825
LOC100329844,LOC100329844
LOC100329848,LOC100329848
LOC100329885,LOC100329885
LOC100330084,LOC100330084
LOC100330136,LOC100330136
LOC100330188,LOC100330188
LOC100330246,LOC100330246
LOC100330250,LOC100330250
LOC100330283,LOC100330283
LOC100330321,LOC100330321
LOC100330348,LOC100330348
LOC100330380,LOC100330380
LOC100330441,LOC100330441
LOC100330501,LOC100330501
LOC100330690,LOC100330690
LOC100330706,LOC100330706
LOC100330744,LOC100330744
LOC100330797,LOC100330797
LOC100330861,LOC100330861
LOC100330866,LOC100330866
LOC100330916,LOC100330916
LOC100331003,LOC100331003
LOC100331054,LOC100331054
LOC100331068,LOC100331068
LOC100331080,LOC100331080
LOC100331115,LOC100331115
LOC100331140,LOC100331140
LOC100331268,LOC100331268
LOC100331291,LOC100331291
LOC100331306,LOC100331306
LOC100331349,LOC100331349
LOC100331359,LOC100331359
LOC100331400,LOC100331400
LOC100331404,LOC100331404
LOC100331412,LOC100331412
LOC100331417,LOC100331417
LOC100331480,LOC100331480
LOC100331508,LOC100331508
LOC100331510,LOC100331510
LOC100331556,LOC100331556
LOC100331639,LOC100331639
LOC100331665,LOC100331665
LOC100331676,LOC100331676
LOC100331743,LOC100331743
LOC100331751,LOC100331751
LOC100332035,LOC100332035
LOC100332070,LOC100332070
LOC100332108,LOC100332108
LOC100332187,LOC100332187
LOC100332221,LOC100332221
LOC100332293,LOC100332293
LOC100332354,LOC100332354
LOC100332428,LOC100332428
LOC100332443,LOC100332443
LOC100332526,LOC100332526
LOC100332535,LOC100332535
LOC100332582,LOC100332582
LOC100332639,LOC100332639
LOC100332698,LOC100332698
LOC100332699,LOC100332699
LOC100332713,LOC100332713
LOC100332761,LOC100332761
LOC100332847,LOC100332847
LOC100332973,LOC100332973
LOC100333031,LOC100333031
LOC100333048,LOC100333048
LOC100333111,LOC100333111
LOC100333185,LOC100333185
LOC100333218,LOC100333218
LOC100333228,LOC100333228
LOC100333235,LOC100333235
LOC100333241,LOC100333241
LOC100333251,LOC100333251
LOC100333266,LOC100333266
LOC100333313,LOC100333313
LOC100333474,LOC100333474
LOC100333534,LOC100333534
LOC100333572,LOC100333572
LOC100333807,LOC100333807
LOC100333826,LOC100333826
LOC100333844,LOC100333844
LOC100333913,LOC100333913
LOC100333986,LOC100333986
LOC100334014,LOC100334014
LOC100334054,LOC100334054
LOC100334104,LOC100334104
LOC100334202,LOC100334202
LOC100334269,LOC100334269
LOC100334340,LOC100334340
LOC100334368,LOC100334368
LOC100334401,LOC100334401
LOC100334439,LOC100334439
LOC100334487,LOC100334487
LOC100334495,LOC100334495
LOC100334508,LOC100334508
LOC100334526,LOC100334526
LOC100334557,LOC100334557
LOC100334559,LOC100334559
LOC100334612,LOC100334612
LOC100334666,LOC100334666
LOC100334677,LOC100334677
LOC100334716,LOC100334716
LOC100334731,LOC100334731
LOC100334739,LOC100334739
LOC100334861,LOC100334861
LOC100334873,LOC100334873
LOC100334916,LOC100334916
LOC100334937,LOC100334937
LOC100534659,LOC100534659
LOC100534672,LOC100534672
LOC100534673,LOC100534673
LOC100534675,LOC100534675
LOC100534679,LOC100534679
LOC100534765,LOC100534765
LOC100534786,LOC100534786
LOC100534829,LOC100534829
LOC100534832,LOC100534832
LOC100534851,LOC100534851
LOC100534892,LOC100534892
LOC100534908,LOC100534908
LOC100535016,LOC100535016
LOC100535061,LOC100535061
LOC100535067,LOC100535067
LOC100535070,LOC100535070
LOC100535095,LOC100535095
LOC100535130,LOC100535130
LOC100535131,LOC100535131
LOC100535162,LOC100535162
LOC100535191,LOC100535191
LOC100535200,LOC100535200
LOC100535208,LOC100535208
LOC100535210,LOC100535210
LOC100535347,LOC100535347
LOC100535405,LOC100535405
LOC100535429,LOC100535429
LOC100535476,LOC100535476
LOC100535496,LOC100535496
LOC100535506,LOC100535506
LOC100535518,LOC100535518
LOC100535525,LOC100535525
LOC100535543,LOC100535543
LOC100535550,LOC100535550
LOC100535588,LOC100535588
LOC100535592,LOC100535592
LOC100535743,LOC100535743
LOC100535772,LOC100535772
LOC100535806,LOC100535806
LOC100535838,LOC100535838
LOC100535941,LOC100535941
LOC100535985,LOC100535985
LOC100536045,LOC100536045
LOC100536104,LOC100536104
LOC100536112,LOC100536112
LOC100536116,LOC100536116
LOC100536119,LOC100536119
LOC100536156,LOC100536156
LOC100536192,LOC100536192
LOC100536213,LOC100536213
LOC100536312,LOC100536312
LOC100536326,LOC100536326
LOC100536348,LOC100536348
LOC100536359,LOC100536359
LOC100536422,LOC100536422
LOC100536441,LOC100536441
LOC100536462,LOC100536462
LOC100536469,LOC100536469
LOC100536487,LOC100536487
LOC100536501,LOC100536501
LOC100536587,LOC100536587
LOC100536607,LOC100536607
LOC100536609,LOC100536609
LOC100536643,LOC100536643
LOC100536646,LOC100536646
LOC100536647,LOC100536647
LOC100536649,LOC100536649
LOC100536670,LOC100536670
LOC100536671,LOC100536671
LOC100536676,LOC100536676
LOC100536716,LOC100536716
LOC100536726,LOC100536726
LOC100536730,LOC100536730
LOC100536746,LOC100536746
LOC100536750,LOC100536750
LOC100536761,LOC100536761
LOC100536797,LOC100536797
LOC100536860,LOC100536860
LOC100536887,LOC100536887
LOC100536910,LOC100536910
LOC100536937,LOC100536937
LOC100536949,LOC100536949
LOC100536983,LOC100536983
LOC100537030,LOC100537030
LOC100537032,LOC100537032
LOC100537040,LOC100537040
LOC100537082,LOC100537082
LOC100537163,LOC100537163
LOC100537259,LOC100537259
LOC100537263,LOC100537263
LOC100537265,LOC100537265
LOC100537272,LOC100537272
LOC100537297,LOC100537297
LOC100537317,LOC100537317
LOC100537342,LOC100537342
LOC100537361,LOC100537361
LOC100537377,LOC100537377
LOC100537404,LOC100537404
LOC100537428,LOC100537428
LOC100537437,LOC100537437
LOC100537499,LOC100537499
LOC100537549,LOC100537549
LOC100537584,LOC100537584
LOC100537613,LOC100537613
LOC100537633,LOC100537633
LOC100537640,LOC100537640
LOC100537702,LOC100537702
LOC100537721,LOC100537721
LOC100537733,LOC100537733
LOC100537734,LOC100537734
LOC100537813,LOC100537813
LOC100537816,LOC100537816
LOC100537845,LOC100537845
LOC100537853,LOC100537853
LOC100537874,LOC100537874
LOC100537936,LOC100537936
LOC100537963,LOC100537963
LOC100537992,LOC100537992
LOC100538023,LOC100538023
LOC100538052,LOC100538052
LOC100538090,LOC100538090
LOC100538118,LOC100538118
LOC100538121,LOC100538121
LOC100538123,LOC100538123
LOC100538160,LOC100538160
LOC100538188,LOC100538188
LOC100538196,LOC100538196
LOC100538201,LOC100538201
LOC100538221,LOC100538221
LOC100538233,LOC100538233
LOC100538255,LOC100538255
LOC100538333,LOC100538333
LOC100538336,LOC100538336
LOC101882020,LOC101882020
LOC101882034,LOC101882034
LOC101882039,LOC101882039
LOC101882048,LOC101882048
LOC101882049,LOC101882049
LOC101882062,LOC101882062
LOC101882067,LOC101882067
LOC101882070,LOC101882070
LOC101882072,LOC101882072
LOC101882073,LOC101882073
LOC101882086,LOC101882086
LOC101882097,LOC101882097
LOC101882111,LOC101882111
LOC101882112,LOC101882112
LOC101882114,LOC101882114
LOC101882122,LOC101882122
LOC101882124,LOC101882124
LOC101882135,LOC101882135
LOC101882140,LOC101882140
LOC101882153,LOC101882153
LOC101882159,LOC101882159
LOC101882166,LOC101882166
LOC101882171,LOC101882171
LOC101882181,LOC101882181
LOC101882201,LOC101882201
LOC101882208,LOC101882208
LOC101882228,LOC101882228
LOC101882230,LOC101882230
LOC101882231,LOC101882231
LOC101882235,LOC101882235
LOC101882237,LOC101882237
LOC101882242,LOC101882242
LOC101882251,LOC101882251
LOC101882272,LOC101882272
LOC101882287,LOC101882287
LOC101882290,LOC101882290
LOC101882298,LOC101882298
LOC101882303,LOC101882303
LOC101882309,LOC101882309
LOC101882313,LOC101882313
LOC101882317,LOC101882317
LOC101882320,LOC101882320
LOC101882326,LOC101882326
LOC101882330,LOC101882330
LOC101882334,LOC101882334
LOC101882342,LOC101882342
LOC101882343,LOC101882343
LOC101882344,LOC101882344
LOC101882355,LOC101882355
LOC101882358,LOC101882358
LOC101882365,LOC101882365
LOC101882375,LOC101882375
LOC101882386,LOC101882386
LOC101882396,LOC101882396
LOC101882397,LOC101882397
LOC101882402,LOC101882402
LOC101882407,LOC101882407
LOC101882443,LOC101882443
LOC101882453,LOC101882453
LOC101882461,LOC101882461
LOC101882464,LOC101882464
LOC101882465,LOC101882465
LOC101882472,LOC101882472
LOC101882475,LOC101882475
LOC101882480,LOC101882480
LOC101882493,LOC101882493
LOC101882509,LOC101882509
LOC101882511,LOC101882511
LOC101882521,LOC101882521
LOC101882525,LOC101882525
LOC101882529,LOC101882529
LOC101882544,LOC101882544
LOC101882555,LOC101882555
LOC101882559,LOC101882559
LOC101882573,LOC101882573
LOC101882575,LOC101882575
LOC101882592,LOC101882592
LOC101882596,LOC101882596
LOC101882607,LOC101882607
LOC101882623,LOC101882623
LOC101882639,LOC101882639
LOC101882640,LOC101882640
LOC101882642,LOC101882642
LOC101882645,LOC101882645
LOC101882667,LOC101882667
LOC101882668,LOC101882668
LOC101882691,LOC101882691
LOC101882703,LOC101882703
LOC101882713,LOC101882713
LOC101882721,LOC101882721
LOC101882727,LOC101882727
LOC101882729,LOC101882729
LOC101882750,LOC101882750
LOC101882765,LOC101882765
LOC101882770,LOC101882770
LOC101882775,LOC101882775
LOC101882778,LOC101882778
LOC101882787,LOC101882787
LOC101882800,LOC101882800
LOC101882809,LOC101882809
LOC101882826,LOC101882826
LOC101882847,LOC101882847
LOC101882853,LOC101882853
LOC101882857,LOC101882857
LOC101882863,LOC101882863
LOC101882866,LOC101882866
LOC101882875,LOC101882875
LOC101882884,LOC101882884
LOC101882892,LOC101882892
LOC101882916,LOC101882916
LOC101882921,LOC101882921
LOC101882926,LOC101882926
LOC101882928,LOC101882928
LOC101882950,LOC101882950
LOC101882952,LOC101882952
LOC101882959,LOC101882959
LOC101882962,LOC101882962
LOC101882989,LOC101882989
LOC101883001,LOC101883001
LOC101883008,LOC101883008
LOC101883010,LOC101883010
LOC101883023,LOC101883023
LOC101883028,LOC101883028
LOC101883034,LOC101883034
LOC101883046,LOC101883046
LOC101883073,LOC101883073
LOC101883084,LOC101883084
LOC101883097,LOC101883097
LOC101883106,LOC101883106
LOC101883107,LOC101883107
LOC101883110,LOC101883110
LOC101883154,LOC101883154
LOC101883160,LOC101883160
LOC101883163,LOC101883163
LOC101883165,LOC101883165
LOC101883166,LOC101883166
LOC101883170,LOC101883170
LOC101883201,LOC101883201
LOC101883215,LOC101883215
LOC101883229,LOC101883229
LOC101883232,LOC101883232
LOC101883235,LOC101883235
LOC101883236,LOC101883236
LOC101883251,LOC101883251
LOC101883267,LOC101883267
LOC101883268,LOC101883268
LOC101883269,LOC101883269
LOC101883270,LOC101883270
LOC101883283,LOC101883283
LOC101883290,LOC101883290
LOC101883308,LOC101883308
LOC101883314,LOC101883314
LOC101883319,LOC101883319
LOC101883320,LOC101883320
LOC101883323,LOC101883323
LOC101883326,LOC101883326
LOC101883330,LOC101883330
LOC101883343,LOC101883343
LOC101883356,LOC101883356
LOC101883361,LOC101883361
LOC101883391,LOC101883391
LOC101883398,LOC101883398
LOC101883443,LOC101883443
LOC101883456,LOC101883456
LOC101883465,LOC101883465
LOC101883468,LOC101883468
LOC101883472,LOC101883472
LOC101883486,LOC101883486
LOC101883493,LOC101883493
LOC101883507,LOC101883507
LOC101883509,LOC101883509
LOC101883513,LOC101883513
LOC101883516,LOC101883516
LOC101883520,LOC101883520
LOC101883542,LOC101883542
LOC101883543,LOC101883543
LOC101883552,LOC101883552
LOC101883563,LOC101883563
LOC101883584,LOC101883584
LOC101883590,LOC101883590
LOC101883594,LOC101883594
LOC101883600,LOC101883600
LOC101883618,LOC101883618
LOC101883622,LOC101883622
LOC101883642,LOC101883642
LOC101883656,LOC101883656
LOC101883668,LOC101883668
LOC101883670,LOC101883670
LOC101883687,LOC101883687
LOC101883704,LOC101883704
LOC101883723,LOC101883723
LOC101883730,LOC101883730
LOC101883751,LOC101883751
LOC101883755,LOC101883755
LOC101883766,LOC101883766
LOC101883768,LOC101883768
LOC101883779,LOC101883779
LOC101883789,LOC101883789
LOC101883797,LOC101883797
LOC101883798,LOC101883798
LOC101883802,LOC101883802
LOC101883807,LOC101883807
LOC101883810,LOC101883810
LOC101883815,LOC101883815
LOC101883824,LOC101883824
LOC101883836,LOC101883836
LOC101883850,LOC101883850
LOC101883855,LOC101883855
LOC101883862,LOC101883862
LOC101883867,LOC101883867
LOC101883873,LOC101883873
LOC101883894,LOC101883894
LOC101883897,LOC101883897
LOC101883911,LOC101883911
LOC101883913,LOC101883913
LOC101883916,LOC101883916
LOC101883948,LOC101883948
LOC101883959,LOC101883959
LOC101883960,LOC101883960
LOC101883977,LOC101883977
LOC101883985,LOC101883985
LOC101883999,LOC101883999
LOC101884045,LOC101884045
LOC101884052,LOC101884052
LOC101884055,LOC101884055
LOC101884081,LOC101884081
LOC101884089,LOC101884089
LOC101884096,LOC101884096
LOC101884098,LOC101884098
LOC101884106,LOC101884106
LOC101884110,LOC101884110
LOC101884113,LOC101884113
LOC101884122,LOC101884122
LOC101884125,LOC101884125
LOC101884135,LOC101884135
LOC101884142,LOC101884142
LOC101884145,LOC101884145
LOC101884154,LOC101884154
LOC101884156,LOC101884156
LOC101884157,LOC101884157
LOC101884161,LOC101884161
LOC101884166,LOC101884166
LOC101884169,LOC101884169
LOC101884172,LOC101884172
LOC101884177,LOC101884177
LOC101884182,LOC101884182
LOC101884186,LOC101884186
LOC101884200,LOC101884200
LOC101884209,LOC101884209
LOC101884231,LOC101884231
LOC101884237,LOC101884237
LOC101884238,LOC101884238
LOC101884253,LOC101884253
LOC101884261,LOC101884261
LOC101884267,LOC101884267
LOC101884285,LOC101884285
LOC101884287,LOC101884287
LOC101884295,LOC101884295
LOC101884296,LOC101884296
LOC101884298,LOC101884298
LOC101884310,LOC101884310
LOC101884314,LOC101884314
LOC101884340,LOC101884340
LOC101884359,LOC101884359
LOC101884366,LOC101884366
LOC101884375,LOC101884375
LOC101884382,LOC101884382
LOC101884404,LOC101884404
LOC101884422,LOC101884422
LOC101884431,LOC101884431
LOC101884438,LOC101884438
LOC101884441,LOC101884441
LOC101884443,LOC101884443
LOC101884451,LOC101884451
LOC101884463,LOC101884463
LOC101884469,LOC101884469
LOC101884473,LOC101884473
LOC101884482,LOC101884482
LOC101884484,LOC101884484
LOC101884504,LOC101884504
LOC101884506,LOC101884506
LOC101884509,LOC101884509
LOC101884517,LOC101884517
LOC101884520,LOC101884520
LOC101884528,LOC101884528
LOC101884529,LOC101884529
LOC101884533,LOC101884533
LOC101884549,LOC101884549
LOC101884552,LOC101884552
LOC101884560,LOC101884560
LOC101884589,LOC101884589
LOC101884606,LOC101884606
LOC101884613,LOC101884613
LOC101884619,LOC101884619
LOC101884626,LOC101884626
LOC101884632,LOC101884632
LOC101884641,LOC101884641
LOC101884649,LOC101884649
LOC101884652,LOC101884652
LOC101884666,LOC101884666
LOC101884668,LOC101884668
LOC101884676,LOC101884676
LOC101884680,LOC101884680
LOC101884685,LOC101884685
LOC101884686,LOC101884686
LOC101884690,LOC101884690
LOC101884692,LOC101884692
LOC101884695,LOC101884695
LOC101884710,LOC101884710
LOC101884718,LOC101884718
LOC101884739,LOC101884739
LOC101884740,LOC101884740
LOC101884747,LOC101884747
LOC101884756,LOC101884756
LOC101884757,LOC101884757
LOC101884770,LOC101884770
LOC101884772,LOC101884772
LOC101884781,LOC101884781
LOC101884790,LOC101884790
LOC101884792,LOC101884792
LOC101884799,LOC101884799
LOC101884821,LOC101884821
LOC101884845,LOC101884845
LOC101884850,LOC101884850
LOC101884857,LOC101884857
LOC101884860,LOC101884860
LOC101884869,LOC101884869
LOC101884874,LOC101884874
LOC101884876,LOC101884876
LOC101884879,LOC101884879
LOC101884894,LOC101884894
LOC101884896,LOC101884896
LOC101884915,LOC101884915
LOC101884919,LOC101884919
LOC101884921,LOC101884921
LOC101884926,LOC101884926
LOC101884938,LOC101884938
LOC101884949,LOC101884949
LOC101884966,LOC101884966
LOC101884967,LOC101884967
LOC101884973,LOC101884973
LOC101884976,LOC101884976
LOC101884985,LOC101884985
LOC101884990,LOC101884990
LOC101884995,LOC101884995
LOC101885008,LOC101885008
LOC101885011,LOC101885011
LOC101885015,LOC101885015
LOC101885018,LOC101885018
LOC101885027,LOC101885027
LOC101885030,LOC101885030
LOC101885051,LOC101885051
LOC101885053,LOC101885053
LOC101885062,LOC101885062
LOC101885065,LOC101885065
LOC101885066,LOC101885066
LOC101885083,LOC101885083
LOC101885084,LOC101885084
LOC101885086,LOC101885086
LOC101885088,LOC101885088
LOC101885092,LOC101885092
LOC101885099,LOC101885099
LOC101885117,LOC101885117
LOC101885129,LOC101885129
LOC101885134,LOC101885134
LOC101885143,LOC101885143
LOC101885149,LOC101885149
LOC101885161,LOC101885161
LOC101885165,LOC101885165
LOC101885174,LOC101885174
LOC101885178,LOC101885178
LOC101885180,LOC101885180
LOC101885184,LOC101885184
LOC101885193,LOC101885193
LOC101885209,LOC101885209
LOC101885216,LOC101885216
LOC101885266,LOC101885266
LOC101885283,LOC101885283
LOC101885297,LOC101885297
LOC101885301,LOC101885301
LOC101885311,LOC101885311
LOC101885315,LOC101885315
LOC101885325,LOC101885325
LOC101885328,LOC101885328
LOC101885332,LOC101885332
LOC101885341,LOC101885341
LOC101885342,LOC101885342
LOC101885345,LOC101885345
LOC101885358,LOC101885358
LOC101885373,LOC101885373
LOC101885376,LOC101885376
LOC101885394,LOC101885394
LOC101885400,LOC101885400
LOC101885404,LOC101885404
LOC101885413,LOC101885413
LOC101885430,LOC101885430
LOC101885431,LOC101885431
LOC101885432,LOC101885432
LOC101885443,LOC101885443
LOC101885444,LOC101885444
LOC101885445,LOC101885445
LOC101885454,LOC101885454
LOC101885470,LOC101885470
LOC101885477,LOC101885477
LOC101885478,LOC101885478
LOC101885485,LOC101885485
LOC101885494,LOC101885494
LOC101885506,LOC101885506
LOC101885529,LOC101885529
LOC101885530,LOC101885530
LOC101885535,LOC101885535
LOC101885536,LOC101885536
LOC101885538,LOC101885538
LOC101885539,LOC101885539
LOC101885541,LOC101885541
LOC101885553,LOC101885553
LOC101885558,LOC101885558
LOC101885577,LOC101885577
LOC101885583,LOC101885583
LOC101885586,LOC101885586
LOC101885593,LOC101885593
LOC101885599,LOC101885599
LOC101885606,LOC101885606
LOC101885611,LOC101885611
LOC101885620,LOC101885620
LOC101885631,LOC101885631
LOC101885636,LOC101885636
LOC101885637,LOC101885637
LOC101885645,LOC101885645
LOC101885646,LOC101885646
LOC101885649,LOC101885649
LOC101885655,LOC101885655
LOC101885664,LOC101885664
LOC101885668,LOC101885668
LOC101885675,LOC101885675
LOC101885677,LOC101885677
LOC101885678,LOC101885678
LOC101885687,LOC101885687
LOC101885690,LOC101885690
LOC101885698,LOC101885698
LOC101885706,LOC101885706
LOC101885708,LOC101885708
LOC101885717,LOC101885717
LOC101885726,LOC101885726
LOC101885749,LOC101885749
LOC101885758,LOC101885758
LOC101885765,LOC101885765
LOC101885769,LOC101885769
LOC101885776,LOC101885776
LOC101885777,LOC101885777
LOC101885801,LOC101885801
LOC101885805,LOC101885805
LOC101885809,LOC101885809
LOC101885828,LOC101885828
LOC101885829,LOC101885829
LOC101885837,LOC101885837
LOC101885844,LOC101885844
LOC101885857,LOC101885857
LOC101885859,LOC101885859
LOC101885863,LOC101885863
LOC101885868,LOC101885868
LOC101885872,LOC101885872
LOC101885875,LOC101885875
LOC101885876,LOC101885876
LOC101885890,LOC101885890
LOC101885893,LOC101885893
LOC101885894,LOC101885894
LOC101885896,LOC101885896
LOC101885905,LOC101885905
LOC101885915,LOC101885915
LOC101885919,LOC101885919
LOC101885920,LOC101885920
LOC101885924,LOC101885924
LOC101885930,LOC101885930
LOC101885935,LOC101885935
LOC101885938,LOC101885938
LOC101885940,LOC101885940
LOC101885945,LOC101885945
LOC101885947,LOC101885947
LOC101885950,LOC101885950
LOC101885966,LOC101885966
LOC101885970,LOC101885970
LOC101885979,LOC101885979
LOC101885981,LOC101885981
LOC101885985,LOC101885985
LOC101885989,LOC101885989
LOC101885990,LOC101885990
LOC101886002,LOC101886002
LOC101886005,LOC101886005
LOC101886012,LOC101886012
LOC101886015,LOC101886015
LOC101886071,LOC101886071
LOC101886073,LOC101886073
LOC101886077,LOC101886077
LOC101886078,LOC101886078
LOC101886083,LOC101886083
LOC101886091,LOC101886091
LOC101886102,LOC101886102
LOC101886104,LOC101886104
LOC101886111,LOC101886111
LOC101886113,LOC101886113
LOC101886114,LOC101886114
LOC101886132,LOC101886132
LOC101886133,LOC101886133
LOC101886155,LOC101886155
LOC101886158,LOC101886158
LOC101886161,LOC101886161
LOC101886167,LOC101886167
LOC101886187,LOC101886187
LOC101886193,LOC101886193
LOC101886196,LOC101886196
LOC101886199,LOC101886199
LOC101886229,LOC101886229
LOC101886239,LOC101886239
LOC101886255,LOC101886255
LOC101886256,LOC101886256
LOC101886261,LOC101886261
LOC101886275,LOC101886275
LOC101886291,LOC101886291
LOC101886293,LOC101886293
LOC101886318,LOC101886318
LOC101886337,LOC101886337
LOC101886340,LOC101886340
LOC101886347,LOC101886347
LOC101886363,LOC101886363
LOC101886371,LOC101886371
LOC101886376,LOC101886376
LOC101886384,LOC101886384
LOC101886386,LOC101886386
LOC101886390,LOC101886390
LOC101886403,LOC101886403
LOC101886407,LOC101886407
LOC101886427,LOC101886427
LOC101886429,LOC101886429
LOC101886439,LOC101886439
LOC101886442,LOC101886442
LOC101886459,LOC101886459
LOC101886464,LOC101886464
LOC101886478,LOC101886478
LOC101886485,LOC101886485
LOC101886486,LOC101886486
LOC101886492,LOC101886492
LOC101886494,LOC101886494
LOC101886519,LOC101886519
LOC101886524,LOC101886524
LOC101886528,LOC101886528
LOC101886530,LOC101886530
LOC101886547,LOC101886547
LOC101886572,LOC101886572
LOC101886581,LOC101886581
LOC101886593,LOC101886593
LOC101886598,LOC101886598
LOC101886616,LOC101886616
LOC101886621,LOC101886621
LOC101886630,LOC101886630
LOC101886638,LOC101886638
LOC101886654,LOC101886654
LOC101886665,LOC101886665
LOC101886672,LOC101886672
LOC101886679,LOC101886679
LOC101886684,LOC101886684
LOC101886687,LOC101886687
LOC101886691,LOC101886691
LOC101886700,LOC101886700
LOC101886706,LOC101886706
LOC101886712,LOC101886712
LOC101886719,LOC101886719
LOC101886724,LOC101886724
LOC101886743,LOC101886743
LOC101886751,LOC101886751
LOC101886754,LOC101886754
LOC101886756,LOC101886756
LOC101886779,LOC101886779
LOC101886784,LOC101886784
LOC101886786,LOC101886786
LOC101886822,LOC101886822
LOC101886825,LOC101886825
LOC101886835,LOC101886835
LOC101886838,LOC101886838
LOC101886843,LOC101886843
LOC101886853,LOC101886853
LOC101886860,LOC101886860
LOC101886868,LOC101886868
LOC101886876,LOC101886876
LOC101886880,LOC101886880
LOC101886884,LOC101886884
LOC101886896,LOC101886896
LOC101886905,LOC101886905
LOC101886920,LOC101886920
LOC101886926,LOC101886926
LOC101886928,LOC101886928
LOC101886929,LOC101886929
LOC101886933,LOC101886933
LOC101886944,LOC101886944
LOC101886950,LOC101886950
LOC101886963,LOC101886963
LOC101886997,LOC101886997
LOC101887000,LOC101887000
LOC101887002,LOC101887002
LOC101887011,LOC101887011
LOC101887017,LOC101887017
LOC101887036,LOC101887036
LOC101887041,LOC101887041
LOC101887064,LOC101887064
LOC101887070,LOC101887070
LOC101887079,LOC101887079
LOC101887081,LOC101887081
LOC101887092,LOC101887092
LOC101887100,LOC101887100
LOC101887111,LOC101887111
LOC101887114,LOC101887114
LOC101887118,LOC101887118
LOC101887121,LOC101887121
LOC101887126,LOC101887126
LOC101887156,LOC101887156
LOC101887160,LOC101887160
LOC101887189,LOC101887189
LOC103908636,LOC103908636
LOC103908666,LOC103908666
LOC103908679,LOC103908679
LOC103908684,LOC103908684
LOC103908725,LOC103908725
LOC103908739,LOC103908739
LOC103908740,LOC103908740
LOC103908741,LOC103908741
LOC103908743,LOC103908743
LOC103908766,LOC103908766
LOC103908767,LOC103908767
LOC103908784,LOC103908784
LOC103908786,LOC103908786
LOC103908820,LOC103908820
LOC103908824,LOC103908824
LOC103908832,LOC103908832
LOC103908843,LOC103908843
LOC103908849,LOC103908849
LOC103908867,LOC103908867
LOC103908871,LOC103908871
LOC103908875,LOC103908875
LOC103908877,LOC103908877
LOC103908896,LOC103908896
LOC103908899,LOC103908899
LOC103908901,LOC103908901
LOC103908902,LOC103908902
LOC103908903,LOC103908903
LOC103908923,LOC103908923
LOC103908925,LOC103908925
LOC103908936,LOC103908936
LOC103908938,LOC103908938
LOC103908940,LOC103908940
LOC103908968,LOC103908968
LOC103908970,LOC103908970
LOC103908977,LOC103908977
LOC103908981,LOC103908981
LOC103908985,LOC103908985
LOC103908992,LOC103908992
LOC103908995,LOC103908995
LOC103908998,LOC103908998
LOC103909000,LOC103909000
LOC103909048,LOC103909048
LOC103909050,LOC103909050
LOC103909053,LOC103909053
LOC103909067,LOC103909067
LOC103909069,LOC103909069
LOC103909086,LOC103909086
LOC103909095,LOC103909095
LOC103909099,LOC103909099
LOC103909107,LOC103909107
LOC103909112,LOC103909112
LOC103909114,LOC103909114
LOC103909115,LOC103909115
LOC103909118,LOC103909118
LOC103909136,LOC103909136
LOC103909138,LOC103909138
LOC103909160,LOC103909160
LOC103909167,LOC103909167
LOC103909170,LOC103909170
LOC103909195,LOC103909195
LOC103909205,LOC103909205
LOC103909227,LOC103909227
LOC103909239,LOC103909239
LOC103909257,LOC103909257
LOC103909268,LOC103909268
LOC103909284,LOC103909284
LOC103909304,LOC103909304
LOC103909323,LOC103909323
LOC103909333,LOC103909333
LOC103909344,LOC103909344
LOC103909376,LOC103909376
LOC103909395,LOC103909395
LOC103909407,LOC103909407
LOC103909414,LOC103909414
LOC103909421,LOC103909421
LOC103909422,LOC103909422
LOC103909443,LOC103909443
LOC103909450,LOC103909450
LOC103909461,LOC103909461
LOC103909463,LOC103909463
LOC103909465,LOC103909465
LOC103909470,LOC103909470
LOC103909472,LOC103909472
LOC103909475,LOC103909475
LOC103909479,LOC103909479
LOC103909492,LOC103909492
LOC103909508,LOC103909508
LOC103909509,LOC103909509
LOC103909511,LOC103909511
LOC103909512,LOC103909512
LOC103909515,LOC103909515
LOC103909522,LOC103909522
LOC103909524,LOC103909524
LOC103909543,LOC103909543
LOC103909551,LOC103909551
LOC103909553,LOC103909553
LOC103909565,LOC103909565
LOC103909567,LOC103909567
LOC103909568,LOC103909568
LOC103909575,LOC103909575
LOC103909581,LOC103909581
LOC103909584,LOC103909584
LOC103909593,LOC103909593
LOC103909596,LOC103909596
LOC103909602,LOC103909602
LOC103909610,LOC103909610
LOC103909620,LOC103909620
LOC103909625,LOC103909625
LOC103909634,LOC103909634
LOC103909640,LOC103909640
LOC103909649,LOC103909649
LOC103909664,LOC103909664
LOC103909675,LOC103909675
LOC103909694,LOC103909694
LOC103909697,LOC103909697
LOC103909712,LOC103909712
LOC103909736,LOC103909736
LOC103909742,LOC103909742
LOC103909745,LOC103909745
LOC103909765,LOC103909765
LOC103909772,LOC103909772
LOC103909783,LOC103909783
LOC103909784,LOC103909784
LOC103909796,LOC103909796
LOC103909808,LOC103909808
LOC103909809,LOC103909809
LOC103909810,LOC103909810
LOC103909811,LOC103909811
LOC103909816,LOC103909816
LOC103909817,LOC103909817
LOC103909828,LOC103909828
LOC103909840,LOC103909840
LOC103909850,LOC103909850
LOC103909855,LOC103909855
LOC103909867,LOC103909867
LOC103909868,LOC103909868
LOC103909885,LOC103909885
LOC103909892,LOC103909892
LOC103909893,LOC103909893
LOC103909905,LOC103909905
LOC103909918,LOC103909918
LOC103909928,LOC103909928
LOC103909932,LOC103909932
LOC103909933,LOC103909933
LOC103909940,LOC103909940
LOC103909945,LOC103909945
LOC103909950,LOC103909950
LOC103909958,LOC103909958
LOC103909963,LOC103909963
LOC103909967,LOC103909967
LOC103909969,LOC103909969
LOC103909972,LOC103909972
LOC103909974,LOC103909974
LOC103909976,LOC103909976
LOC103909978,LOC103909978
LOC103909980,LOC103909980
LOC103909982,LOC103909982
LOC103909988,LOC103909988
LOC103909997,LOC103909997
LOC103910002,LOC103910002
LOC103910003,LOC103910003
LOC103910007,LOC103910007
LOC103910009,LOC103910009
LOC103910010,LOC103910010
LOC103910017,LOC103910017
LOC103910022,LOC103910022
LOC103910025,LOC103910025
LOC103910031,LOC103910031
LOC103910040,LOC103910040
LOC103910042,LOC103910042
LOC103910100,LOC103910100
LOC103910105,LOC103910105
LOC103910107,LOC103910107
LOC103910120,LOC103910120
LOC103910127,LOC103910127
LOC103910136,LOC103910136
LOC103910162,LOC103910162
LOC103910163,LOC103910163
LOC103910166,LOC103910166
LOC103910167,LOC103910167
LOC103910169,LOC103910169
LOC103910179,LOC103910179
LOC103910193,LOC103910193
LOC103910194,LOC103910194
LOC103910196,LOC103910196
LOC103910217,LOC103910217
LOC103910218,LOC103910218
LOC103910220,LOC103910220
LOC103910228,LOC103910228
LOC103910250,LOC103910250
LOC103910251,LOC103910251
LOC103910253,LOC103910253
LOC103910263,LOC103910263
LOC103910264,LOC103910264
LOC103910269,LOC103910269
LOC103910280,LOC103910280
LOC103910292,LOC103910292
LOC103910295,LOC103910295
LOC103910297,LOC103910297
LOC103910306,LOC103910306
LOC103910313,LOC103910313
LOC103910314,LOC103910314
LOC103910319,LOC103910319
LOC103910320,LOC103910320
LOC103910324,LOC103910324
LOC103910348,LOC103910348
LOC103910356,LOC103910356
LOC103910363,LOC103910363
LOC103910369,LOC103910369
LOC103910371,LOC103910371
LOC103910375,LOC103910375
LOC103910383,LOC103910383
LOC103910397,LOC103910397
LOC103910402,LOC103910402
LOC103910403,LOC103910403
LOC103910408,LOC103910408
LOC103910422,LOC103910422
LOC103910423,LOC103910423
LOC103910428,LOC103910428
LOC103910431,LOC103910431
LOC103910432,LOC103910432
LOC103910438,LOC103910438
LOC103910439,LOC103910439
LOC103910447,LOC103910447
LOC103910448,LOC103910448
LOC103910453,LOC103910453
LOC103910459,LOC103910459
LOC103910470,LOC103910470
LOC103910480,LOC103910480
LOC103910488,LOC103910488
LOC103910497,LOC103910497
LOC103910498,LOC103910498
LOC103910502,LOC103910502
LOC103910524,LOC103910524
LOC103910525,LOC103910525
LOC103910526,LOC103910526
LOC103910528,LOC103910528
LOC103910533,LOC103910533
LOC103910551,LOC103910551
LOC103910552,LOC103910552
LOC103910556,LOC103910556
LOC103910566,LOC103910566
LOC103910570,LOC103910570
LOC103910580,LOC103910580
LOC103910593,LOC103910593
LOC103910597,LOC103910597
LOC103910600,LOC103910600
LOC103910607,LOC103910607
LOC103910611,LOC103910611
LOC103910614,LOC103910614
LOC103910625,LOC103910625
LOC103910633,LOC103910633
LOC103910643,LOC103910643
LOC103910645,LOC103910645
LOC103910647,LOC103910647
LOC103910661,LOC103910661
LOC103910662,LOC103910662
LOC103910665,LOC103910665
LOC103910666,LOC103910666
LOC103910668,LOC103910668
LOC103910670,LOC103910670
LOC103910674,LOC103910674
LOC103910690,LOC103910690
LOC103910701,LOC103910701
LOC103910717,LOC103910717
LOC103910718,LOC103910718
LOC103910729,LOC103910729
LOC103910731,LOC103910731
LOC103910741,LOC103910741
LOC103910742,LOC103910742
LOC103910749,LOC103910749
LOC103910762,LOC103910762
LOC103910768,LOC103910768
LOC103910773,LOC103910773
LOC103910778,LOC103910778
LOC103910779,LOC103910779
LOC103910783,LOC103910783
LOC103910799,LOC103910799
LOC103910801,LOC103910801
LOC103910812,LOC103910812
LOC103910825,LOC103910825
LOC103910826,LOC103910826
LOC103910827,LOC103910827
LOC103910844,LOC103910844
LOC103910850,LOC103910850
LOC103910859,LOC103910859
LOC103910868,LOC103910868
LOC103910869,LOC103910869
LOC103910871,LOC103910871
LOC103910872,LOC103910872
LOC103910873,LOC103910873
LOC103910874,LOC103910874
LOC103910875,LOC103910875
LOC103910876,LOC103910876
LOC103910886,LOC103910886
LOC103910891,LOC103910891
LOC103910897,LOC103910897
LOC103910903,LOC103910903
LOC103910907,LOC103910907
LOC103910909,LOC103910909
LOC103910915,LOC103910915
LOC103910918,LOC103910918
LOC103910921,LOC103910921
LOC103910933,LOC103910933
LOC103910934,LOC103910934
LOC103910940,LOC103910940
LOC103910941,LOC103910941
LOC103910947,LOC103910947
LOC103910948,LOC103910948
LOC103910960,LOC103910960
LOC103910976,LOC103910976
LOC103910988,LOC103910988
LOC103910996,LOC103910996
LOC103911019,LOC103911019
LOC103911023,LOC103911023
LOC103911026,LOC103911026
LOC103911030,LOC103911030
LOC103911035,LOC103911035
LOC103911037,LOC103911037
LOC103911046,LOC103911046
LOC103911047,LOC103911047
LOC103911048,LOC103911048
LOC103911055,LOC103911055
LOC103911063,LOC103911063
LOC103911065,LOC103911065
LOC103911067,LOC103911067
LOC103911081,LOC103911081
LOC103911083,LOC103911083
LOC103911089,LOC103911089
LOC103911090,LOC103911090
LOC103911098,LOC103911098
LOC103911111,LOC103911111
LOC103911115,LOC103911115
LOC103911134,LOC103911134
LOC103911142,LOC103911142
LOC103911160,LOC103911160
LOC103911170,LOC103911170
LOC103911173,LOC103911173
LOC103911178,LOC103911178
LOC103911188,LOC103911188
LOC103911204,LOC103911204
LOC103911207,LOC103911207
LOC103911209,LOC103911209
LOC103911210,LOC103911210
LOC103911255,LOC103911255
LOC103911261,LOC103911261
LOC103911264,LOC103911264
LOC103911288,LOC103911288
LOC103911290,LOC103911290
LOC103911301,LOC103911301
LOC103911313,LOC103911313
LOC103911318,LOC103911318
LOC103911332,LOC103911332
LOC103911338,LOC103911338
LOC103911361,LOC103911361
LOC103911363,LOC103911363
LOC103911404,LOC103911404
LOC103911430,LOC103911430
LOC103911447,LOC103911447
LOC103911450,LOC103911450
LOC103911451,LOC103911451
LOC103911458,LOC103911458
LOC103911473,LOC103911473
LOC103911485,LOC103911485
LOC103911487,LOC103911487
LOC103911494,LOC103911494
LOC103911495,LOC103911495
LOC103911496,LOC103911496
LOC103911506,LOC103911506
LOC103911517,LOC103911517
LOC103911521,LOC103911521
LOC103911527,LOC103911527
LOC103911530,LOC103911530
LOC103911545,LOC103911545
LOC103911551,LOC103911551
LOC103911555,LOC103911555
LOC103911561,LOC103911561
LOC103911563,LOC103911563
LOC103911582,LOC103911582
LOC103911588,LOC103911588
LOC103911600,LOC103911600
LOC103911601,LOC103911601
LOC103911603,LOC103911603
LOC103911615,LOC103911615
LOC103911624,LOC103911624
LOC103911635,LOC103911635
LOC103911641,LOC103911641
LOC103911653,LOC103911653
LOC103911664,LOC103911664
LOC103911689,LOC103911689
LOC103911701,LOC103911701
LOC103911715,LOC103911715
LOC103911722,LOC103911722
LOC103911723,LOC103911723
LOC103911725,LOC103911725
LOC103911727,LOC103911727
LOC103911747,LOC103911747
LOC103911750,LOC103911750
LOC103911773,LOC103911773
LOC103911788,LOC103911788
LOC103911803,LOC103911803
LOC103911808,LOC103911808
LOC103911818,LOC103911818
LOC103911819,LOC103911819
LOC103911822,LOC103911822
LOC103911828,LOC103911828
LOC103911830,LOC103911830
LOC103911839,LOC103911839
LOC103911848,LOC103911848
LOC103911880,LOC103911880
LOC103911884,LOC103911884
LOC103911885,LOC103911885
LOC103911895,LOC103911895
LOC103911899,LOC103911899
LOC103911920,LOC103911920
LOC103911922,LOC103911922
LOC103911924,LOC103911924
LOC103911938,LOC103911938
LOC103911951,LOC103911951
LOC103911956,LOC103911956
LOC103911961,LOC103911961
LOC103911969,LOC103911969
LOC103911994,LOC103911994
LOC103911995,LOC103911995
LOC103911996,LOC103911996
LOC103912003,LOC103912003
LOC103912005,LOC103912005
LOC103912010,LOC103912010
LOC103912023,LOC103912023
LOC103912024,LOC103912024
LOC103912040,LOC103912040
LOC103912041,LOC103912041
LOC103912045,LOC103912045
LOC103912048,LOC103912048
LOC103912066,LOC103912066
LOC108179023,LOC108179023
LOC108179035,LOC108179035
LOC108179036,LOC108179036
LOC108179037,LOC108179037
LOC108179079,LOC108179079
LOC108179099,LOC108179099
LOC108179102,LOC108179102
LOC108179108,LOC108179108
LOC108179111,LOC108179111
LOC108179116,LOC108179116
LOC108179130,LOC108179130
LOC108179136,LOC108179136
LOC108179139,LOC108179139
LOC108179142,LOC108179142
LOC108179143,LOC108179143
LOC108179151,LOC108179151
LOC108179158,LOC108179158
LOC108179161,LOC108179161
LOC108179162,LOC108179162
LOC108179173,LOC108179173
LOC108179174,LOC108179174
LOC108179175,LOC108179175
LOC108179178,LOC108179178
LOC108179200,LOC108179200
LOC108179227,LOC108179227
LOC108179246,LOC108179246
LOC108179274,LOC108179274
LOC108179280,LOC108179280
LOC108179291,LOC108179291
LOC108179300,LOC108179300
LOC108179305,LOC108179305
LOC108179343,LOC108179343
LOC108179355,LOC108179355
LOC108179356,LOC108179356
LOC108179500,LOC108179500
LOC108179505,LOC108179505
LOC108179509,LOC108179509
LOC108179520,LOC108179520
LOC108179562,LOC108179562
LOC108179567,LOC108179567
LOC108179575,LOC108179575
LOC108179593,LOC108179593
LOC108179594,LOC108179594
LOC108179595,LOC108179595
LOC108179621,LOC108179621
LOC108179634,LOC108179634
LOC108179642,LOC108179642
LOC108179660,LOC108179660
LOC108179662,LOC108179662
LOC108179687,LOC108179687
LOC108179692,LOC108179692
LOC108179710,LOC108179710
LOC108179735,LOC108179735
LOC108179755,LOC108179755
LOC108179780,LOC108179780
LOC108179784,LOC108179784
LOC108179792,LOC108179792
LOC108179808,LOC108179808
LOC108179947,LOC108179947
LOC108179959,LOC108179959
LOC108179963,LOC108179963
LOC108179992,LOC108179992
LOC108180010,LOC108180010
LOC108180013,LOC108180013
LOC108180017,LOC108180017
LOC108180020,LOC108180020
LOC108180033,LOC108180033
LOC108180038,LOC108180038
LOC108180073,LOC108180073
LOC108180091,LOC108180091
LOC108180112,LOC108180112
LOC108180115,LOC108180115
LOC108180121,LOC108180121
LOC108180123,LOC108180123
LOC108180131,LOC108180131
LOC108180138,LOC108180138
LOC108180139,LOC108180139
LOC108180164,LOC108180164
LOC108180171,LOC108180171
LOC108180193,LOC108180193
LOC108180196,LOC108180196
LOC108180199,LOC108180199
LOC108180204,LOC108180204
LOC108180218,LOC108180218
LOC108180223,LOC108180223
LOC108180226,LOC108180226
LOC108180241,LOC108180241
LOC108180244,LOC108180244
LOC108180259,LOC108180259
LOC108180265,LOC108180265
LOC108180269,LOC108180269
LOC108180286,LOC108180286
LOC108180305,LOC108180305
LOC108180322,LOC108180322
LOC108180355,LOC108180355
LOC108180719,LOC108180719
LOC108180720,LOC108180720
LOC108180722,LOC108180722
LOC108180723,LOC108180723
LOC108180725,LOC108180725
LOC108180727,LOC108180727
LOC108180734,LOC108180734
LOC108180743,LOC108180743
LOC108180776,LOC108180776
LOC108180795,LOC108180795
LOC108180802,LOC108180802
LOC108180813,LOC108180813
LOC108181078,LOC108181078
LOC108181079,LOC108181079
LOC108181080,LOC108181080
LOC108181095,LOC108181095
LOC108181097,LOC108181097
LOC108181101,LOC108181101
LOC108181104,LOC108181104
LOC108181107,LOC108181107
LOC108181115,LOC108181115
LOC108181163,LOC108181163
LOC108181164,LOC108181164
LOC108181166,LOC108181166
LOC108181171,LOC108181171
LOC108181174,LOC108181174
LOC108181175,LOC108181175
LOC108181183,LOC108181183
LOC108181189,LOC108181189
LOC108181220,LOC108181220
LOC108181226,LOC108181226
LOC108181229,LOC108181229
LOC108181236,LOC108181236
LOC108181393,LOC108181393
LOC108181407,LOC108181407
LOC108181409,LOC108181409
LOC108181449,LOC108181449
LOC108181454,LOC108181454
LOC108181455,LOC108181455
LOC108181458,LOC108181458
LOC108181470,LOC108181470
LOC108181471,LOC108181471
LOC108181495,LOC108181495
LOC108181502,LOC108181502
LOC108181518,LOC108181518
LOC108181524,LOC108181524
LOC108181551,LOC108181551
LOC108181556,LOC108181556
LOC108181560,LOC108181560
LOC108181592,LOC108181592
LOC108181595,LOC108181595
LOC108181599,LOC108181599
LOC108181606,LOC108181606
LOC108181760,LOC108181760
LOC108181885,LOC108181885
LOC108182124,LOC108182124
LOC108182214,LOC108182214
LOC108182234,LOC108182234
LOC108182241,LOC108182241
LOC108182290,LOC108182290
LOC108182323,LOC108182323
LOC108182329,LOC108182329
LOC108182396,LOC108182396
LOC108182399,LOC108182399
LOC108182424,LOC108182424
LOC108182459,LOC108182459
LOC108182464,LOC108182464
LOC108182486,LOC108182486
LOC108182487,LOC108182487
LOC108182577,LOC108182577
LOC108182616,LOC108182616
LOC108182660,LOC108182660
LOC108182673,LOC108182673
LOC108182677,LOC108182677
LOC108182681,LOC108182681
LOC108182684,LOC108182684
LOC108182721,LOC108182721
LOC108182761,LOC108182761
LOC108182762,LOC108182762
LOC108182764,LOC108182764
LOC108182766,LOC108182766
LOC108182767,LOC108182767
LOC108182776,LOC108182776
LOC108182781,LOC108182781
LOC108182785,LOC108182785
LOC108182795,LOC108182795
LOC108182798,LOC108182798
LOC108182812,LOC108182812
LOC108182851,LOC108182851
LOC108182857,LOC108182857
LOC108182859,LOC108182859
LOC108182865,LOC108182865
LOC108182890,LOC108182890
LOC108182922,LOC108182922
LOC108182924,LOC108182924
LOC108183289,LOC108183289
LOC108183290,LOC108183290
LOC108183291,LOC108183291
LOC108183299,LOC108183299
LOC108183309,LOC108183309
LOC108183310,LOC108183310
LOC108183311,LOC108183311
LOC108183319,LOC108183319
LOC108183323,LOC108183323
LOC108183338,LOC108183338
LOC108183341,LOC108183341
LOC108183342,LOC108183342
LOC108183376,LOC108183376
LOC108183378,LOC108183378
LOC108183379,LOC108183379
LOC108183387,LOC108183387
LOC108183423,LOC108183423
LOC108183429,LOC108183429
LOC108183430,LOC108183430
LOC108183434,LOC108183434
LOC108183436,LOC108183436
LOC108183447,LOC108183447
LOC108183452,LOC108183452
LOC108183475,LOC108183475
LOC108183490,LOC108183490
LOC108183498,LOC108183498
LOC108183500,LOC108183500
LOC108183501,LOC108183501
LOC108183534,LOC108183534
LOC108183555,LOC108183555
LOC108183584,LOC108183584
LOC108183588,LOC108183588
LOC108183591,LOC108183591
LOC108183595,LOC108183595
LOC108183599,LOC108183599
LOC108183607,LOC108183607
LOC108183612,LOC108183612
LOC108183614,LOC108183614
LOC108183629,LOC108183629
LOC108183641,LOC108183641
LOC108183642,LOC108183642
LOC108183650,LOC108183650
LOC108183658,LOC108183658
LOC108183667,LOC108183667
LOC108183672,LOC108183672
LOC108183673,LOC108183673
LOC108183679,LOC108183679
LOC108183686,LOC108183686
LOC108183688,LOC108183688
LOC108183690,LOC108183690
LOC108183691,LOC108183691
LOC108183700,LOC108183700
LOC108183703,LOC108183703
LOC108183721,LOC108183721
LOC108183728,LOC108183728
LOC108183743,LOC108183743
LOC108183754,LOC108183754
LOC108183756,LOC108183756
LOC108183778,LOC108183778
LOC108183785,LOC108183785
LOC108183801,LOC108183801
LOC108183814,LOC108183814
LOC108183818,LOC108183818
LOC108183843,LOC108183843
LOC108183847,LOC108183847
LOC108183855,LOC108183855
LOC108183877,LOC108183877
LOC108183878,LOC108183878
LOC108183898,LOC108183898
LOC108183923,LOC108183923
LOC108183925,LOC108183925
LOC108183926,LOC108183926
LOC108183927,LOC108183927
LOC108183929,LOC108183929
LOC108183930,LOC108183930
LOC108183933,LOC108183933
LOC108183960,LOC108183960
LOC108184001,LOC108184001
LOC108184005,LOC108184005
LOC108184011,LOC108184011
LOC108184012,LOC108184012
LOC108184018,LOC108184018
LOC108184019,LOC108184019
LOC108184022,LOC108184022
LOC108184024,LOC108184024
LOC108184028,LOC108184028
LOC108184031,LOC108184031
LOC108184035,LOC108184035
LOC108184043,LOC108184043
LOC108184060,LOC108184060
LOC108184061,LOC108184061
LOC108185170,LOC108185170
LOC108187081,LOC108187081
LOC108187164,LOC108187164
LOC108190005,LOC108190005
LOC108190012,LOC108190012
LOC108190024,LOC108190024
LOC108190036,LOC108190036
LOC108190050,LOC108190050
LOC108190056,LOC108190056
LOC108190058,LOC108190058
LOC108190067,LOC108190067
LOC108190082,LOC108190082
LOC108190098,LOC108190098
LOC108190109,LOC108190109
LOC108190134,LOC108190134
LOC108190166,LOC108190166
LOC108190180,LOC108190180
LOC108190346,LOC108190346
LOC108190355,LOC108190355
LOC108190362,LOC108190362
LOC108190371,LOC108190371
LOC108190390,LOC108190390
LOC108190396,LOC108190396
LOC108190423,LOC108190423
LOC108190452,LOC108190452
LOC108190497,LOC108190497
LOC108190589,LOC108190589
LOC108190590,LOC108190590
LOC108190593,LOC108190593
LOC108190601,LOC108190601
LOC108190604,LOC108190604
LOC108190613,LOC108190613
LOC108190616,LOC108190616
LOC108190653,LOC108190653
LOC108190667,LOC108190667
LOC108190674,LOC108190674
LOC108190690,LOC108190690
LOC108190696,LOC108190696
LOC108190702,LOC108190702
LOC108190704,LOC108190704
LOC108190726,LOC108190726
LOC108190731,LOC108190731
LOC108190733,LOC108190733
LOC108190743,LOC108190743
LOC108190761,LOC108190761
LOC108190763,LOC108190763
LOC108190781,LOC108190781
LOC108190785,LOC108190785
LOC108190816,LOC108190816
LOC108190819,LOC108190819
LOC108190923,LOC108190923
LOC108190928,LOC108190928
LOC108190947,LOC108190947
LOC108190964,LOC108190964
LOC108190994,LOC108190994
LOC108191042,LOC108191042
LOC108191313,LOC108191313
LOC108191314,LOC108191314
LOC108191315,LOC108191315
LOC108191316,LOC108191316
LOC108191324,LOC108191324
LOC108191349,LOC108191349
LOC108191351,LOC108191351
LOC108191465,LOC108191465
LOC108191478,LOC108191478
LOC108191486,LOC108191486
LOC108191505,LOC108191505
LOC108191529,LOC108191529
LOC108191602,LOC108191602
LOC108191614,LOC108191614
LOC108191691,LOC108191691
LOC108191695,LOC108191695
LOC108191709,LOC108191709
LOC108191717,LOC108191717
LOC108191721,LOC108191721
LOC108191726,LOC108191726
LOC108191752,LOC108191752
LOC108191766,LOC108191766
LOC108191783,LOC108191783
LOC108191789,LOC108191789
LOC108191791,LOC108191791
LOC108191800,LOC108191800
LOC108191933,LOC108191933
LOC108191970,LOC108191970
LOC108192008,LOC108192008
LOC108192030,LOC108192030
LOC108192084,LOC108192084
LOC108192131,LOC108192131
LOC108192140,LOC108192140
LOC108192157,LOC108192157
LOC110437702,LOC110437702
LOC110437707,LOC110437707
LOC110437709,LOC110437709
LOC110437710,LOC110437710
LOC110437713,LOC110437713
LOC110437714,LOC110437714
LOC110437715,LOC110437715
LOC110437722,LOC110437722
LOC110437723,LOC110437723
LOC110437726,LOC110437726
LOC110437727,LOC110437727
LOC110437732,LOC110437732
LOC110437748,LOC110437748
LOC110437749,LOC110437749
LOC110437750,LOC110437750
LOC110437755,LOC110437755
LOC110437758,LOC110437758
LOC110437760,LOC110437760
LOC110437765,LOC110437765
LOC110437766,LOC110437766
LOC110437767,LOC110437767
LOC110437769,LOC110437769
LOC110437773,LOC110437773
LOC110437774,LOC110437774
LOC110437779,LOC110437779
LOC110437781,LOC110437781
LOC110437782,LOC110437782
LOC110437784,LOC110437784
LOC110437787,LOC110437787
LOC110437790,LOC110437790
LOC110437795,LOC110437795
LOC110437801,LOC110437801
LOC110437802,LOC110437802
LOC110437807,LOC110437807
LOC110437813,LOC110437813
LOC110437817,LOC110437817
LOC110437818,LOC110437818
LOC110437821,LOC110437821
LOC110437824,LOC110437824
LOC110437825,LOC110437825
LOC110437827,LOC110437827
LOC110437829,LOC110437829
LOC110437835,LOC110437835
LOC110437839,LOC110437839
LOC110437840,LOC110437840
LOC110437841,LOC110437841
LOC110437842,LOC110437842
LOC110437844,LOC110437844
LOC110437846,LOC110437846
LOC110437856,LOC110437856
LOC110437877,LOC110437877
LOC110437880,LOC110437880
LOC110437883,LOC110437883
LOC110437885,LOC110437885
LOC110437886,LOC110437886
LOC110437888,LOC110437888
LOC110437891,LOC110437891
LOC110437895,LOC110437895
LOC110437896,LOC110437896
LOC110437908,LOC110437908
LOC110437915,LOC110437915
LOC110437920,LOC110437920
LOC110437921,LOC110437921
LOC110437922,LOC110437922
LOC110437926,LOC110437926
LOC110437929,LOC110437929
LOC110437930,LOC110437930
LOC110437931,LOC110437931
LOC110437936,LOC110437936
LOC110437938,LOC110437938
LOC110437943,LOC110437943
LOC110437946,LOC110437946
LOC110437953,LOC110437953
LOC110437954,LOC110437954
LOC110437967,LOC110437967
LOC110437969,LOC110437969
LOC110437970,LOC110437970
LOC110437971,LOC110437971
LOC110437974,LOC110437974
LOC110437978,LOC110437978
LOC110437979,LOC110437979
LOC110437982,LOC110437982
LOC110437984,LOC110437984
LOC110437985,LOC110437985
LOC110437988,LOC110437988
LOC110437989,LOC110437989
LOC110437991,LOC110437991
LOC110437994,LOC110437994
LOC110437996,LOC110437996
LOC110438000,LOC110438000
LOC110438002,LOC110438002
LOC110438004,LOC110438004
LOC110438006,LOC110438006
LOC110438007,LOC110438007
LOC110438009,LOC110438009
LOC110438012,LOC110438012
LOC110438013,LOC110438013
LOC110438017,LOC110438017
LOC110438018,LOC110438018
LOC110438020,LOC110438020
LOC110438024,LOC110438024
LOC110438027,LOC110438027
LOC110438029,LOC110438029
LOC110438030,LOC110438030
LOC110438040,LOC110438040
LOC110438044,LOC110438044
LOC110438048,LOC110438048
LOC110438049,LOC110438049
LOC110438055,LOC110438055
LOC110438056,LOC110438056
LOC110438067,LOC110438067
LOC110438072,LOC110438072
LOC110438075,LOC110438075
LOC110438076,LOC110438076
LOC110438077,LOC110438077
LOC110438079,LOC110438079
LOC110438080,LOC110438080
LOC110438081,LOC110438081
LOC110438082,LOC110438082
LOC110438085,LOC110438085
LOC110438086,LOC110438086
LOC110438087,LOC110438087
LOC110438090,LOC110438090
LOC110438093,LOC110438093
LOC110438106,LOC110438106
LOC110438108,LOC110438108
LOC110438109,LOC110438109
LOC110438122,LOC110438122
LOC110438125,LOC110438125
LOC110438130,LOC110438130
LOC110438135,LOC110438135
LOC110438136,LOC110438136
LOC110438141,LOC110438141
LOC110438143,LOC110438143
LOC110438144,LOC110438144
LOC110438146,LOC110438146
LOC110438149,LOC110438149
LOC110438150,LOC110438150
LOC110438151,LOC110438151
LOC110438154,LOC110438154
LOC110438155,LOC110438155
LOC110438160,LOC110438160
LOC110438164,LOC110438164
LOC110438166,LOC110438166
LOC110438169,LOC110438169
LOC110438170,LOC110438170
LOC110438175,LOC110438175
LOC110438179,LOC110438179
LOC110438186,LOC110438186
LOC110438192,LOC110438192
LOC110438194,LOC110438194
LOC110438195,LOC110438195
LOC110438196,LOC110438196
LOC110438199,LOC110438199
LOC110438203,LOC110438203
LOC110438204,LOC110438204
LOC110438212,LOC110438212
LOC110438215,LOC110438215
LOC110438216,LOC110438216
LOC110438219,LOC110438219
LOC110438226,LOC110438226
LOC110438228,LOC110438228
LOC110438232,LOC110438232
LOC110438234,LOC110438234
LOC110438235,LOC110438235
LOC110438236,LOC110438236
LOC110438237,LOC110438237
LOC110438239,LOC110438239
LOC110438240,LOC110438240
LOC110438241,LOC110438241
LOC110438243,LOC110438243
LOC110438247,LOC110438247
LOC110438250,LOC110438250
LOC110438251,LOC110438251
LOC110438252,LOC110438252
LOC110438253,LOC110438253
LOC110438254,LOC110438254
LOC110438258,LOC110438258
LOC110438259,LOC110438259
LOC110438260,LOC110438260
LOC110438261,LOC110438261
LOC110438262,LOC110438262
LOC110438263,LOC110438263
LOC110438269,LOC110438269
LOC110438278,LOC110438278
LOC110438280,LOC110438280
LOC110438282,LOC110438282
LOC110438285,LOC110438285
LOC110438288,LOC110438288
LOC110438291,LOC110438291
LOC110438295,LOC110438295
LOC110438297,LOC110438297
LOC110438298,LOC110438298
LOC110438317,LOC110438317
LOC110438328,LOC110438328
LOC110438331,LOC110438331
LOC110438334,LOC110438334
LOC110438335,LOC110438335
LOC110438339,LOC110438339
LOC110438342,LOC110438342
LOC110438343,LOC110438343
LOC110438346,LOC110438346
LOC110438348,LOC110438348
LOC110438350,LOC110438350
LOC110438356,LOC110438356
LOC110438357,LOC110438357
LOC110438360,LOC110438360
LOC110438363,LOC110438363
LOC110438364,LOC110438364
LOC110438365,LOC110438365
LOC110438367,LOC110438367
LOC110438371,LOC110438371
LOC110438374,LOC110438374
LOC110438375,LOC110438375
LOC110438378,LOC110438378
LOC110438380,LOC110438380
LOC110438386,LOC110438386
LOC110438394,LOC110438394
LOC110438396,LOC110438396
LOC110438400,LOC110438400
LOC110438401,LOC110438401
LOC110438405,LOC110438405
LOC110438407,LOC110438407
LOC110438414,LOC110438414
LOC110438419,LOC110438419
LOC110438422,LOC110438422
LOC110438424,LOC110438424
LOC110438429,LOC110438429
LOC110438434,LOC110438434
LOC110438435,LOC110438435
LOC110438437,LOC110438437
LOC110438441,LOC110438441
LOC110438448,LOC110438448
LOC110438457,LOC110438457
LOC110438464,LOC110438464
LOC110438467,LOC110438467
LOC110438469,LOC110438469
LOC110438472,LOC110438472
LOC110438475,LOC110438475
LOC110438482,LOC110438482
LOC110438490,LOC110438490
LOC110438494,LOC110438494
LOC110438496,LOC110438496
LOC110438497,LOC110438497
LOC110438498,LOC110438498
LOC110438501,LOC110438501
LOC110438502,LOC110438502
LOC110438504,LOC110438504
LOC110438506,LOC110438506
LOC110438507,LOC110438507
LOC110438508,LOC110438508
LOC110438511,LOC110438511
LOC110438516,LOC110438516
LOC110438517,LOC110438517
LOC110438518,LOC110438518
LOC110438541,LOC110438541
LOC110438543,LOC110438543
LOC110438556,LOC110438556
LOC110438560,LOC110438560
LOC110438587,LOC110438587
LOC110438594,LOC110438594
LOC110438598,LOC110438598
LOC110438602,LOC110438602
LOC110438604,LOC110438604
LOC110438607,LOC110438607
LOC110438610,LOC110438610
LOC110438614,LOC110438614
LOC110438633,LOC110438633
LOC110438643,LOC110438643
LOC110438646,LOC110438646
LOC110438655,LOC110438655
LOC110438658,LOC110438658
LOC110438671,LOC110438671
LOC110438674,LOC110438674
LOC110438678,LOC110438678
LOC110438679,LOC110438679
LOC110438742,LOC110438742
LOC110438745,LOC110438745
LOC110438754,LOC110438754
LOC110438761,LOC110438761
LOC110438777,LOC110438777
LOC110438783,LOC110438783
LOC110438793,LOC110438793
LOC110438797,LOC110438797
LOC110438801,LOC110438801
LOC110438806,LOC110438806
LOC110438807,LOC110438807
LOC110438837,LOC110438837
LOC110438870,LOC110438870
LOC110438878,LOC110438878
LOC110438880,LOC110438880
LOC110438909,LOC110438909
LOC110438921,LOC110438921
LOC110438922,LOC110438922
LOC110438926,LOC110438926
LOC110438930,LOC110438930
LOC110438943,LOC110438943
LOC110438960,LOC110438960
LOC110438973,LOC110438973
LOC110438990,LOC110438990
LOC110439013,LOC110439013
LOC110439111,LOC110439111
LOC110439181,LOC110439181
LOC110439198,LOC110439198
LOC110439242,LOC110439242
LOC110439257,LOC110439257
LOC110439258,LOC110439258
LOC110439299,LOC110439299
LOC110439302,LOC110439302
LOC110439303,LOC110439303
LOC110439309,LOC110439309
LOC110439310,LOC110439310
LOC110439321,LOC110439321
LOC110439323,LOC110439323
LOC110439324,LOC110439324
LOC110439325,LOC110439325
LOC110439327,LOC110439327
LOC110439328,LOC110439328
LOC110439329,LOC110439329
LOC110439330,LOC110439330
LOC110439332,LOC110439332
LOC110439337,LOC110439337
LOC110439339,LOC110439339
LOC110439347,LOC110439347
LOC110439350,LOC110439350
LOC110439352,LOC110439352
LOC110439355,LOC110439355
LOC110439356,LOC110439356
LOC110439360,LOC110439360
LOC110439364,LOC110439364
LOC110439365,LOC110439365
LOC110439367,LOC110439367
LOC110439372,LOC110439372
LOC110439374,LOC110439374
LOC110439375,LOC110439375
LOC110439379,LOC110439379
LOC110439382,LOC110439382
LOC110439385,LOC110439385
LOC110439386,LOC110439386
LOC110439393,LOC110439393
LOC110439394,LOC110439394
LOC110439395,LOC110439395
LOC110439400,LOC110439400
LOC110439404,LOC110439404
LOC110439406,LOC110439406
LOC110439414,LOC110439414
LOC110439416,LOC110439416
LOC110439419,LOC110439419
LOC110439420,LOC110439420
LOC110439424,LOC110439424
LOC110439426,LOC110439426
LOC110439429,LOC110439429
LOC110439431,LOC110439431
LOC110439434,LOC110439434
LOC110439435,LOC110439435
LOC110439436,LOC110439436
LOC110439437,LOC110439437
LOC110439438,LOC110439438
LOC110439439,LOC110439439
LOC110439440,LOC110439440
LOC110439441,LOC110439441
LOC110439442,LOC110439442
LOC110439443,LOC110439443
LOC110439448,LOC110439448
LOC110439449,LOC110439449
LOC110439456,LOC110439456
LOC110439458,LOC110439458
LOC110439460,LOC110439460
LOC110439462,LOC110439462
LOC110439467,LOC110439467
LOC110439469,LOC110439469
LOC110439471,LOC110439471
LOC110439473,LOC110439473
LOC110439478,LOC110439478
LOC110439481,LOC110439481
LOC110439484,LOC110439484
LOC110439488,LOC110439488
LOC110439489,LOC110439489
LOC110439492,LOC110439492
LOC110439493,LOC110439493
LOC110439495,LOC110439495
LOC110439496,LOC110439496
LOC110439512,LOC110439512
LOC110439513,LOC110439513
LOC110439514,LOC110439514
LOC110439515,LOC110439515
LOC110439524,LOC110439524
LOC110439528,LOC110439528
LOC110439529,LOC110439529
LOC110439531,LOC110439531
LOC110439533,LOC110439533
LOC110439535,LOC110439535
LOC110439537,LOC110439537
LOC110439539,LOC110439539
LOC110439543,LOC110439543
LOC110439545,LOC110439545
LOC110439554,LOC110439554
LOC110439557,LOC110439557
LOC110439561,LOC110439561
LOC110439563,LOC110439563
LOC110439565,LOC110439565
LOC110439573,LOC110439573
LOC110439576,LOC110439576
LOC110439579,LOC110439579
LOC110439581,LOC110439581
LOC110439582,LOC110439582
LOC110439583,LOC110439583
LOC110439584,LOC110439584
LOC110439587,LOC110439587
LOC110439590,LOC110439590
LOC110439591,LOC110439591
LOC110439593,LOC110439593
LOC110439595,LOC110439595
LOC110439599,LOC110439599
LOC110439602,LOC110439602
LOC110439608,LOC110439608
LOC110439617,LOC110439617
LOC110439619,LOC110439619
LOC110439620,LOC110439620
LOC110439623,LOC110439623
LOC110439626,LOC110439626
LOC110439628,LOC110439628
LOC110439630,LOC110439630
LOC110439634,LOC110439634
LOC110439635,LOC110439635
LOC110439689,LOC110439689
LOC110439690,LOC110439690
LOC110439701,LOC110439701
LOC110439710,LOC110439710
LOC110439728,LOC110439728
LOC110439758,LOC110439758
LOC110439781,LOC110439781
LOC110439785,LOC110439785
LOC110439786,LOC110439786
LOC110439787,LOC110439787
LOC110439789,LOC110439789
LOC110439790,LOC110439790
LOC110439791,LOC110439791
LOC110439792,LOC110439792
LOC110439793,LOC110439793
LOC110439794,LOC110439794
LOC110439797,LOC110439797
LOC110439800,LOC110439800
LOC110439804,LOC110439804
LOC110439805,LOC110439805
LOC110439806,LOC110439806
LOC110439807,LOC110439807
LOC110439812,LOC110439812
LOC110439813,LOC110439813
LOC110439817,LOC110439817
LOC110439819,LOC110439819
LOC110439824,LOC110439824
LOC110439826,LOC110439826
LOC110439827,LOC110439827
LOC110439828,LOC110439828
LOC110439835,LOC110439835
LOC110439840,LOC110439840
LOC110439844,LOC110439844
LOC110439848,LOC110439848
LOC110439855,LOC110439855
LOC110439858,LOC110439858
LOC110439870,LOC110439870
LOC110439871,LOC110439871
LOC110439875,LOC110439875
LOC110439879,LOC110439879
LOC110439880,LOC110439880
LOC110439883,LOC110439883
LOC110439885,LOC110439885
LOC110439888,LOC110439888
LOC110439889,LOC110439889
LOC110439893,LOC110439893
LOC110439898,LOC110439898
LOC110439902,LOC110439902
LOC110439910,LOC110439910
LOC110439913,LOC110439913
LOC110439916,LOC110439916
LOC110439920,LOC110439920
LOC110439927,LOC110439927
LOC110439930,LOC110439930
LOC110439934,LOC110439934
LOC110439936,LOC110439936
LOC110439939,LOC110439939
LOC110439942,LOC110439942
LOC110439944,LOC110439944
LOC110439948,LOC110439948
LOC110439953,LOC110439953
LOC110439961,LOC110439961
LOC110439963,LOC110439963
LOC110439968,LOC110439968
LOC110439970,LOC110439970
LOC110439974,LOC110439974
LOC110439976,LOC110439976
LOC110439990,LOC110439990
LOC110439995,LOC110439995
LOC110439997,LOC110439997
LOC110439998,LOC110439998
LOC110440003,LOC110440003
LOC110440005,LOC110440005
LOC110440010,LOC110440010
LOC110440016,LOC110440016
LOC110440017,LOC110440017
LOC110440022,LOC110440022
LOC110440027,LOC110440027
LOC110440038,LOC110440038
LOC110440040,LOC110440040
LOC110440049,LOC110440049
LOC110440052,LOC110440052
LOC110440053,LOC110440053
LOC110440058,LOC110440058
LOC110440062,LOC110440062
LOC110440068,LOC110440068
LOC110440070,LOC110440070
LOC110440075,LOC110440075
LOC110440077,LOC110440077
LOC110440078,LOC110440078
LOC110440080,LOC110440080
LOC110440083,LOC110440083
LOC110440088,LOC110440088
LOC110440095,LOC110440095
LOC110440096,LOC110440096
LOC110440098,LOC110440098
LOC110440108,LOC110440108
LOC110440109,LOC110440109
LOC110440110,LOC110440110
LOC110440113,LOC110440113
LOC110440123,LOC110440123
LOC110440131,LOC110440131
LOC110440132,LOC110440132
LOC110440135,LOC110440135
LOC110440141,LOC110440141
LOC110440150,LOC110440150
LOC110440152,LOC110440152
LOC110440165,LOC110440165
LOC110440166,LOC110440166
LOC110440167,LOC110440167
LOC110440170,LOC110440170
LOC110440176,LOC110440176
LOC110440177,LOC110440177
LOC110440179,LOC110440179
LOC110440180,LOC110440180
LOC110440183,LOC110440183
LOC110440188,LOC110440188
LOC110440195,LOC110440195
LOC110440196,LOC110440196
LOC110440198,LOC110440198
LOC110440204,LOC110440204
LOC110440205,LOC110440205
LOC110440211,LOC110440211
LOC110440214,LOC110440214
LOC110440216,LOC110440216
LOC110440217,LOC110440217
LOC110440218,LOC110440218
LOC407643,LOC407643
LOC553316,LOC553316
LOC555793,LOC555793
LOC556170,LOC556170
LOC556451,LOC556451
LOC556532,LOC556532
LOC556776,LOC556776
LOC557268,LOC557268
LOC557729,LOC557729
LOC558721,LOC558721
LOC558761,LOC558761
LOC559196,LOC559196
LOC559501,LOC559501
LOC559538,LOC559538
LOC559585,LOC559585
LOC559637,LOC559637
LOC560099,LOC560099
LOC560447,LOC560447
LOC560870,LOC560870
LOC560949,LOC560949
LOC561230,LOC561230
LOC561361,LOC561361
LOC562049,LOC562049
LOC562053,LOC562053
LOC562098,LOC562098
LOC562245,LOC562245
LOC562898,LOC562898
LOC563477,LOC563477
LOC564237,LOC564237
LOC564253,LOC564253
LOC564307,LOC564307
loc564481,loc564481
LOC564731,LOC564731
LOC565709,LOC565709
LOC565905,LOC565905
LOC566055,LOC566055
LOC566064,LOC566064
LOC566574,LOC566574
LOC566587,LOC566587
LOC567521,LOC567521
LOC567650,LOC567650
LOC568754,LOC568754
LOC568930,LOC568930
LOC569262,LOC569262
LOC569391,LOC569391
LOC569568,LOC569568
LOC569612,LOC569612
LOC569982,LOC569982
LOC570079,LOC570079
LOC570163,LOC570163
LOC570185,LOC570185
LOC570251,LOC570251
LOC570526,LOC570526
LOC570723,LOC570723
LOC570835,LOC570835
LOC571123,LOC571123
LOC572443,LOC572443
LOC792627,LOC792627
LOC792894,LOC792894
LOC793010,LOC793010
LOC793244,LOC793244
LOC793560,LOC793560
LOC793648,LOC793648
LOC793824,LOC793824
LOC794378,LOC794378
LOC794452,LOC794452
LOC794549,LOC794549
LOC794642,LOC794642
LOC795066,LOC795066
LOC795083,LOC795083
LOC795227,LOC795227
LOC795531,LOC795531
LOC795766,LOC795766
LOC795897,LOC795897
LOC796000,LOC796000
LOC796088,LOC796088
LOC796314,LOC796314
LOC796453,LOC796453
LOC796940,LOC796940
LOC797104,LOC797104
LOC797311,LOC797311
LOC797394,LOC797394
LOC797711,LOC797711
LOC797799,LOC797799
LOC797949,LOC797949
LOC797963,LOC797963
LOC798120,LOC798120
LOC798685,LOC798685
LOC798783,LOC798783
LOC799039,LOC799039
LOC799574,LOC799574
LOC799656,LOC799656
LOC799796,LOC799796
LOC799914,LOC799914
LOC799924,LOC799924
LOC799983,LOC799983
lonp1,lonp1
lonp2,lonp2
lonrf1,lonrf1
lonrf1l,lonrf1l
loxa,loxa
loxhd1a,loxhd1a
loxhd1b,loxhd1b
loxl1,loxl1
loxl2a,loxl2a
loxl2b,loxl2b
loxl3a,loxl3a
loxl4,loxl4
loxl5a,loxl5a
loxl5b,loxl5b
lpar1,lpar1
lpar2b,lpar2b
lpar3,lpar3
lpar4,lpar4
lpar5b,lpar5b
lpar6a,lpar6a
lpar6b,lpar6b
lpcat1,lpcat1
lpcat2,lpcat2
lpcat3,lpcat3
lpcat4,lpcat4
lpgat1,lpgat1
lpin1,lpin1
lpin2,lpin2
lpl,lpl
lpp,lpp
lrata,lrata
lratb.1,lratb.1
lratb.2,lratb.2
lrba,lrba
lrch1,lrch1
lrch2,lrch2
lrch3,lrch3
lrch4,lrch4
lrfn1,lrfn1
lrfn2b,lrfn2b
lrfn4a,lrfn4a
lrfn4b,lrfn4b
lrfn5a,lrfn5a
lrfn5b,lrfn5b
lrguk,lrguk
lrig1,lrig1
lrig2,lrig2
lrit1a,lrit1a
lrit1b,lrit1b
lrit2,lrit2
lrit3a,lrit3a
lrmda,lrmda
lrmp,lrmp
lrp10,lrp10
lrp11,lrp11
lrp12,lrp12
lrp13,lrp13
lrp1aa,lrp1aa
lrp1ab,lrp1ab
lrp1ba,lrp1ba
lrp1bb,lrp1bb
lrp2a,lrp2a
lrp2b,lrp2b
lrp2bp,lrp2bp
lrp3,lrp3
LRP4,LRP4
lrp8,lrp8
lrpap1,lrpap1
lrpprc,lrpprc
lrrc1,lrrc1
lrrc10,lrrc10
lrrc10b,lrrc10b
lrrc15,lrrc15
lrrc17,lrrc17
lrrc18a,lrrc18a
lrrc18b,lrrc18b
lrrc20,lrrc20
lrrc23,lrrc23
lrrc24,lrrc24
lrrc28,lrrc28
lrrc29,lrrc29
lrrc3,lrrc3
lrrc30a,lrrc30a
lrrc31,lrrc31
lrrc32,lrrc32
lrrc34,lrrc34
lrrc38a,lrrc38a
lrrc38b,lrrc38b
lrrc39,lrrc39
lrrc3ca,lrrc3ca
lrrc3cb,lrrc3cb
lrrc4.1,lrrc4.1
lrrc4.2,lrrc4.2
lrrc40,lrrc40
lrrc42,lrrc42
lrrc45,lrrc45
lrrc47,lrrc47
lrrc4ba,lrrc4ba
lrrc4bb,lrrc4bb
lrrc4c,lrrc4c
lrrc51,lrrc51
lrrc53,lrrc53
LRRC56,LRRC56
lrrc57,lrrc57
lrrc58a,lrrc58a
lrrc58b,lrrc58b
lrrc59,lrrc59
lrrc6,lrrc6
lrrc61,lrrc61
lrrc66,lrrc66
lrrc7,lrrc7
lrrc73,lrrc73
lrrc74a,lrrc74a
lrrc74b,lrrc74b
LRRC75A,LRRC75A
lrrc75ba,lrrc75ba
lrrc75bb,lrrc75bb
lrrc8aa,lrrc8aa
lrrc8ab,lrrc8ab
lrrc8c,lrrc8c
lrrc8da,lrrc8da
lrrc8db,lrrc8db
lrrc9,lrrc9
lrrcc1,lrrcc1
lrrfip1a,lrrfip1a
lrrfip1b,lrrfip1b
lrrfip2,lrrfip2
lrriq1,lrriq1
lrriq3,lrriq3
lrrk1,lrrk1
lrrk2,lrrk2
lrrn1,lrrn1
lrrn2,lrrn2
lrrn3a,lrrn3a
lrrn3b,lrrn3b
lrrtm1,lrrtm1
lrrtm2,lrrtm2
LRRTM4,LRRTM4
lrrtm4l1,lrrtm4l1
lrrtm4l2,lrrtm4l2
lrsam1,lrsam1
lrtm1,lrtm1
lrtm2a,lrtm2a
lrwd1,lrwd1
lsg1,lsg1
lsm1,lsm1
lsm11,lsm11
lsm12a,lsm12a
lsm12b,lsm12b
lsm14aa,lsm14aa
lsm14ab,lsm14ab
lsm14b,lsm14b
lsm3,lsm3
lsm4,lsm4
lsm5,lsm5
lsm6,lsm6
lsm7,lsm7
lsm8,lsm8
lsp1,lsp1
lsr,lsr
lss,lss
LT631676.1,LT631676.1
lta,lta
lta4h,lta4h
ltb4r,ltb4r
ltb4r2a,ltb4r2a
ltb4r2b,ltb4r2b
ltbp1,ltbp1
ltc4s,ltc4s
ltk,ltk
LTN1,LTN1
lto1,lto1
ltv1,ltv1
luc7l,luc7l
luc7l3,luc7l3
lum,lum
lurap1,lurap1
luzp1,luzp1
luzp2,luzp2
lxn,lxn
ly6m2,ly6m2
ly6m4,ly6m4
ly6m5,ly6m5
ly6m6,ly6m6
ly75,ly75
ly86,ly86
lyar,lyar
lye,lye
lygl1,lygl1
lygl2,lygl2
lyn,lyn
lypc,lypc
lypd6,lypd6
lypd6b,lypd6b
lypla1,lypla1
lypla2,lypla2
lyplal1,lyplal1
lyrm1,lyrm1
lyrm2,lyrm2
lyrm4,lyrm4
lyrm5a,lyrm5a
lyrm5b,lyrm5b
lyrm7,lyrm7
lyrm9,lyrm9
lysmd1,lysmd1
lysmd2,lysmd2
lysmd3,lysmd3
lysmd4,lysmd4
lyst,lyst
lyve1a,lyve1a
lyve1b,lyve1b
lyz,lyz
lzic,lzic
lztfl1,lztfl1
lztr1,lztr1
lzts1,lzts1
lzts2a,lzts2a
lzts2b,lzts2b
lzts3b,lzts3b
m17,m17
m1ap,m1ap
m6pr,m6pr
maats1,maats1
mab21l1,mab21l1
mab21l2,mab21l2
mab21l3,mab21l3
macc1,macc1
macf1a,macf1a
maco1a,maco1a
maco1b,maco1b
macrod1,macrod1
macrod2,macrod2
mad1l1,mad1l1
mad2l1,mad2l1
mad2l1bp,mad2l1bp
mad2l2,mad2l2
madd,madd
maea,maea
maf1,maf1
mafa,mafa
mafaa,mafaa
mafb,mafb
mafba,mafba
mafbb,mafbb
maff,maff
mafgb,mafgb
mafk,mafk
mag,mag
magi1a,magi1a
magi1b,magi1b
magi2a,magi2a
magi2b,magi2b
magi3a,magi3a
magi3b,magi3b
magixa,magixa
magixb,magixb
magoh,magoh
magt1,magt1
maip1,maip1
MAJIN,MAJIN
mak,mak
mak16,mak16
mal2,mal2
malb,malb
malrd1,malrd1
malt1,malt1
malt2,malt2
malt3,malt3
mamdc2a,mamdc2a
mamdc2b,mamdc2b
maml1,maml1
maml3,maml3
man1a1,man1a1
man1a2,man1a2
man1b1a,man1b1a
man1b1b,man1b1b
man2a1,man2a1
man2a2,man2a2
man2b1,man2b1
man2b2,man2b2
man2c1,man2c1
manba,manba
manbal,manbal
manea,manea
MANEAL,MANEAL
manf,manf
mansc1,mansc1
mao,mao
map1aa,map1aa
map1ab,map1ab
map1b,map1b
map1lc3a,map1lc3a
map1lc3b,map1lc3b
map1lc3c,map1lc3c
map1lc3cl,map1lc3cl
map1sa,map1sa
map1sb,map1sb
map2,map2
map2k1,map2k1
map2k2a,map2k2a
map2k2b,map2k2b
map2k4a,map2k4a
map2k4b,map2k4b
map2k5,map2k5
map2k6,map2k6
map2k7,map2k7
map3k1,map3k1
map3k10,map3k10
MAP3K11,MAP3K11
map3k12,map3k12
MAP3K13,MAP3K13
map3k14a,map3k14a
map3k15,map3k15
map3k19,map3k19
map3k2,map3k2
map3k21,map3k21
map3k3,map3k3
map3k4,map3k4
map3k5,map3k5
map3k7,map3k7
map3k8,map3k8
map3k9,map3k9
map4k2,map4k2
map4k3a,map4k3a
map4k3b,map4k3b
map4k4,map4k4
map4k5,map4k5
map4k6,map4k6
map4l,map4l
map6a,map6a
map6b,map6b
map6d1,map6d1
map7a,map7a
map7d1a,map7d1a
map7d1b,map7d1b
map7d2a,map7d2a
map7d2b,map7d2b
map7d3,map7d3
map9,map9
mapk1,mapk1
mapk10,mapk10
mapk11,mapk11
mapk12a,mapk12a
mapk12b,mapk12b
mapk13,mapk13
mapk14a,mapk14a
mapk14b,mapk14b
mapk15,mapk15
mapk3,mapk3
mapk4,mapk4
mapk6,mapk6
mapk7,mapk7
mapk8a,mapk8a
mapk8b,mapk8b
MAPK8IP1,MAPK8IP1
mapk8ip1a,mapk8ip1a
mapk8ip2,mapk8ip2
mapk8ip3,mapk8ip3
mapk9,mapk9
mapkap1,mapkap1
mapkapk2a,mapkapk2a
mapkapk2b,mapkapk2b
mapkapk3,mapkapk3
mapkapk5,mapkapk5
mapkbp1,mapkbp1
mapre1a,mapre1a
mapre1b,mapre1b
mapre2,mapre2
mapre3a,mapre3a
mapre3b,mapre3b
mapta,mapta
maptb,maptb
march11,march11
march2,march2
march5,march5
march5l,march5l
march6,march6
march7,march7
march8,march8
march9,march9
marcksa,marcksa
marcksb,marcksb
marcksl1b,marcksl1b
marco,marco
MARF1,MARF1
mark1,mark1
mark2a,mark2a
mark2b,mark2b
mark3a,mark3a
mark3b,mark3b
MARK4,MARK4
mark4a,mark4a
mars,mars
mars2,mars2
marveld1,marveld1
marveld2a,marveld2a
marveld2b,marveld2b
marveld3,marveld3
masp1,masp1
masp2,masp2
mast1a,mast1a
mast1b,mast1b
mast2,mast2
mast3a,mast3a
mast3b,mast3b
mastl,mastl
mat1a,mat1a
mat2aa,mat2aa
mat2ab,mat2ab
mat2al,mat2al
mat2b,mat2b
matk,matk
matn1,matn1
matn3a,matn3a
matn3b,matn3b
matn4,matn4
matr3l1.1,matr3l1.1
mau2,mau2
mavs,mavs
max,max
maza,maza
mb,mb
mbd1a,mbd1a
mbd1b,mbd1b
mbd2,mbd2
mbd3a,mbd3a
mbd4,mbd4
mbd5,mbd5
mbd6,mbd6
mbip,mbip
mbl2,mbl2
mblac1,mblac1
mblac2,mblac2
mbnl1,mbnl1
mbnl2,mbnl2
mbnl3,mbnl3
mboat1,mboat1
mboat2a,mboat2a
mboat2b,mboat2b
mboat4,mboat4
mboat7,mboat7
mbpa,mbpa
mbpb,mbpb
mbtd1,mbtd1
mbtps1,mbtps1
mbtps2,mbtps2
mc1r,mc1r
mc2r,mc2r
mc4r,mc4r
mc5ra,mc5ra
mc5rb,mc5rb
mcama,mcama
mcamb,mcamb
mcat,mcat
mcc,mcc
mccc1,mccc1
mccc2,mccc2
mcee,mcee
mcf2a,mcf2a
mcf2b,mcf2b
mcf2l2,mcf2l2
mcf2la,mcf2la
mcf2lb,mcf2lb
mcfd2,mcfd2
mchr2,mchr2
mcl1a,mcl1a
mcl1b,mcl1b
mcm10,mcm10
mcm2,mcm2
mcm3,mcm3
mcm3ap,mcm3ap
mcm3l,mcm3l
mcm4,mcm4
mcm5,mcm5
mcm6,mcm6
mcm6l,mcm6l
mcm7,mcm7
mcm8,mcm8
mcm9,mcm9
mcmbp,mcmbp
mcoln1a,mcoln1a
mcoln1b,mcoln1b
mcoln2,mcoln2
mcoln3a,mcoln3a
mcph1,mcph1
mcrip1,mcrip1
mcrs1,mcrs1
mctp1a,mctp1a
mctp1b,mctp1b
mctp2a,mctp2a
mctp2b,mctp2b
mcts1,mcts1
mcu,mcu
MCUR1,MCUR1
mdc1,mdc1
MDFI,MDFI
MDFIC,MDFIC
mdga1,mdga1
mdga2a,mdga2a
mdh1aa,mdh1aa
mdh1ab,mdh1ab
mdh1b,mdh1b
mdh2,mdh2
mdka,mdka
mdkb,mdkb
mdm1,mdm1
mdm2,mdm2
mdm4,mdm4
mdn1,mdn1
me1,me1
me2,me2
me3,me3
mea1,mea1
meaf6,meaf6
mecom,mecom
mecp2,mecp2
mecr,mecr
med1,med1
med10,med10
med11,med11
med12,med12
med13a,med13a
med13b,med13b
med14,med14
med15,med15
med16,med16
med17,med17
med18,med18
med19a,med19a
med19b,med19b
med20,med20
med21,med21
med22,med22
med23,med23
med24,med24
med25,med25
med27,med27
med28,med28
med29,med29
med30,med30
med31,med31
med4,med4
med6,med6
med7,med7
med8,med8
MED9,MED9
mef2aa,mef2aa
mef2ab,mef2ab
mef2b,mef2b
mef2ca,mef2ca
mef2cb,mef2cb
mef2d,mef2d
megf10,megf10
megf11,megf11
megf6a,megf6a
megf6b,megf6b
mei4,mei4
meig1,meig1
meis1a,meis1a
meis1b,meis1b
meis3,meis3
melk,melk
meltf,meltf
memo1,memo1
men1,men1
meox1,meox1
meox2a,meox2a
meox2b,meox2b
mep1a.1,mep1a.1
mep1a.2,mep1a.2
mep1b,mep1b
mertka,mertka
mesd,mesd
mespaa,mespaa
mespab,mespab
mespba,mespba
mespbb,mespbb
mest,mest
met,met
metap1,metap1
metap1d,metap1d
metap2b,metap2b
metrn,metrn
metrnla,metrnla
metrnlb,metrnlb
mettl1,mettl1
mettl11b,mettl11b
mettl13,mettl13
mettl14,mettl14
mettl15,mettl15
mettl16,mettl16
mettl17,mettl17
METTL18,METTL18
mettl21a,mettl21a
METTL21C,METTL21C
mettl22,mettl22
mettl23,mettl23
mettl24,mettl24
mettl25,mettl25
mettl26,mettl26
mettl27,mettl27
mettl2a,mettl2a
mettl3,mettl3
mettl4,mettl4
mettl5,mettl5
mettl6,mettl6
mettl7a,mettl7a
mettl8,mettl8
mettl9,mettl9
mex3b,mex3b
mfap1,mfap1
mfap3l,mfap3l
mfap4,mfap4
mfap5,mfap5
mff,mff
mfge8a,mfge8a
mfge8b,mfge8b
mfhas1,mfhas1
MFN1,MFN1
mfn1b,mfn1b
mfn2,mfn2
mfng,mfng
mfrp,mfrp
mfsd1,mfsd1
mfsd10,mfsd10
mfsd11,mfsd11
mfsd12a,mfsd12a
mfsd13a,mfsd13a
mfsd2aa,mfsd2aa
mfsd2ab,mfsd2ab
mfsd2b,mfsd2b
MFSD3,MFSD3
mfsd4aa,mfsd4aa
mfsd4ab,mfsd4ab
mfsd4b,mfsd4b
mfsd5,mfsd5
mfsd6a,mfsd6a
mfsd6b,mfsd6b
mfsd6l,mfsd6l
mfsd7,mfsd7
mfsd8,mfsd8
mfsd9,mfsd9
mgaa,mgaa
mgarp,mgarp
mgat1a,mgat1a
mgat1b,mgat1b
mgat2,mgat2
mgat3a,mgat3a
mgat3b,mgat3b
mgat4a,mgat4a
mgat4b,mgat4b
mgat4c,mgat4c
mgat5,mgat5
MGAT5B,MGAT5B
mgll,mgll
mgme1,mgme1
mgmt,mgmt
mgrn1a,mgrn1a
mgrn1b,mgrn1b
mgst1.1,mgst1.1
mgst1.2,mgst1.2
mgst2,mgst2
mgst3a,mgst3a
mgst3b,mgst3b
mhc1laa,mhc1laa
mhc1lba,mhc1lba
mhc1lda,mhc1lda
mhc1lga,mhc1lga
mhc1lia,mhc1lia
mhc1lja,mhc1lja
mhc1uba,mhc1uba
mhc1uka,mhc1uka
mhc1uma,mhc1uma
mhc1zaa,mhc1zaa
mhc1zca,mhc1zca
mhc1zda,mhc1zda
mhc1zea,mhc1zea
mhc1zfa,mhc1zfa
mhc1zja,mhc1zja
mhc1zka,mhc1zka
mhc2b,mhc2b
mhc2dab,mhc2dab
mhc2dbb,mhc2dbb
mia,mia
mia2,mia2
mia3,mia3
mib1,mib1
mib2,mib2
mibp,mibp
mibp2,mibp2
mical1,mical1
mical2a,mical2a
mical2b,mical2b
mical3a,mical3a
mical3b,mical3b
micall1a,micall1a
micall1b.2,micall1b.2
micall2a,micall2a
micall2b,micall2b
micu1,micu1
micu2,micu2
micu3a,micu3a
micu3b,micu3b
mid1,mid1
mid1ip1a,mid1ip1a
mid1ip1b,mid1ip1b
mid1ip1l,mid1ip1l
mid2,mid2
midn,midn
mief1,mief1
mief2,mief2
mier1a,mier1a
mier1b,mier1b
mier2,mier2
mier3a,mier3a
mier3b,mier3b
mif,mif
mif4gda,mif4gda
mif4gdb,mif4gdb
miga1,miga1
miga2,miga2
miip,miip
MINAR1,MINAR1
mindy2,mindy2
mindy3,mindy3
mindy4b,mindy4b
mink1,mink1
minos1,minos1
minpp1a,minpp1a
minpp1b,minpp1b
mios,mios
miox,miox
mipa,mipa
mipb,mipb
mipep,mipep
mipol1,mipol1
mir101a,mir101a
mir101b,mir101b
mir103,mir103
mir10a,mir10a
mir10c,mir10c
mir124-3,mir124-3
mir124-5,mir124-5
mir124-6,mir124-6
mir125a-1,mir125a-1
mir125a-2,mir125a-2
mir126b,mir126b
mir129-1,mir129-1
mir130b,mir130b
mir130c-1,mir130c-1
mir130c-2,mir130c-2
mir132-1,mir132-1
mir132-2,mir132-2
mir133c,mir133c
mir135b,mir135b
mir142a,mir142a
mir150,mir150
mir15a-1,mir15a-1
mir16b,mir16b
mir181b-1,mir181b-1
mir181b-3,mir181b-3
mir18a,mir18a
mir196a-1,mir196a-1
mir196b,mir196b
mir199-2,mir199-2
mir199-3,mir199-3
mir19b,mir19b
mir19c,mir19c
mir19d,mir19d
mir203a,mir203a
mir203b,mir203b
mir205,mir205
mir20a,mir20a
mir21-1,mir21-1
mir21-2,mir21-2
mir214a,mir214a
mir2189,mir2189
mir219-1,mir219-1
mir219-3,mir219-3
mir221,mir221
mir223,mir223
mir22a,mir22a
mir25,mir25
mir26a-2,mir26a-2
mir27b,mir27b
mir29b-1,mir29b-1
mir301b,mir301b
mir301c,mir301c
mir30a,mir30a
mir30b,mir30b
mir30d,mir30d
mir363,mir363
mir375-2,mir375-2
mir429b,mir429b
mir430b-6,mir430b-6
mir454a,mir454a
mir454b,mir454b
mir457a,mir457a
mir457b,mir457b
mir459,mir459
mir7146,mir7146
mir725,mir725
mir733,mir733
mir92a-1,mir92a-1
mir92a-2,mir92a-2
mir96,mir96
mis12,mis12
mis18a,mis18a
mis18bp1,mis18bp1
mitd1,mitd1
mitfa,mitfa
mitfb,mitfb
mki67,mki67
mkks,mkks
mkln1,mkln1
mknk1,mknk1
mknk2a,mknk2a
mknk2b,mknk2b
mkrn1,mkrn1
mkrn2,mkrn2
mkrn2os.1,mkrn2os.1
mkrn4,mkrn4
mks1,mks1
mkxa,mkxa
mkxb,mkxb
mlc1,mlc1
mlec,mlec
mlf1,mlf1
mlf2,mlf2
mlh1,mlh1
mlh3,mlh3
mlip,mlip
mllt10,mllt10
mllt11,mllt11
mllt1a,mllt1a
mllt1b,mllt1b
mllt3,mllt3
mlnl,mlnl
mlpha,mlpha
mlsl,mlsl
mlst8,mlst8
mlx,mlx
mlxip,mlxip
mlxipl,mlxipl
mlycd,mlycd
mmaa,mmaa
mmab,mmab
mmachc,mmachc
mmadhc,mmadhc
mmd,mmd
mmd2a,mmd2a
mmel1,mmel1
mmgt1,mmgt1
mmp11a,mmp11a
mmp11b,mmp11b
mmp13a,mmp13a
mmp13b,mmp13b
mmp14a,mmp14a
mmp14b,mmp14b
mmp15a,mmp15a
mmp15b,mmp15b
mmp16a,mmp16a
mmp16b,mmp16b
mmp17a,mmp17a
mmp17b,mmp17b
mmp19,mmp19
mmp2,mmp2
mmp20a,mmp20a
mmp21,mmp21
mmp24,mmp24
mmp25b,mmp25b
mmp28,mmp28
mmp30,mmp30
mmrn2a,mmrn2a
mmrn2b,mmrn2b
mms19,mms19
mms22l,mms22l
mn1a,mn1a
mn1b,mn1b
mnat1,mnat1
mnd1,mnd1
mns1,mns1
mnta,mnta
mntb,mntb
mnx1,mnx1
mnx2a,mnx2a
mnx2b,mnx2b
mob1a,mob1a
mob1ba,mob1ba
mob1bb,mob1bb
mob2a,mob2a
mob2b,mob2b
mob3a,mob3a
mob3c,mob3c
mob4,mob4
mocos,mocos
mocs1,mocs1
mocs3,mocs3
mogat3a,mogat3a
mogat3b,mogat3b
mogs,mogs
mon1a,mon1a
mon1ba,mon1ba
mon1bb,mon1bb
mon2,mon2
morc2,morc2
morc3a,morc3a
morc3b,morc3b
morf4l1,morf4l1
morn2,morn2
morn3,morn3
morn4,morn4
morn5,morn5
mos,mos
mosmob,mosmob
mospd1,mospd1
mospd2,mospd2
moto,moto
mov10a,mov10a
mov10b.1,mov10b.1
mov10b.2,mov10b.2
moxd1,moxd1
moxd1l,moxd1l
mpc1,mpc1
mpc2,mpc2
mpdu1a,mpdu1a
mpdu1b,mpdu1b
mpeg1.1,mpeg1.1
mphosph10,mphosph10
mphosph6,mphosph6
mphosph8,mphosph8
mpi,mpi
mpl,mpl
mplkip,mplkip
mpnd,mpnd
mpp2a,mpp2a
mpp2b,mpp2b
mpp3a,mpp3a
mpp3b,mpp3b
mpp4a,mpp4a
mpp5a,mpp5a
mpp5b,mpp5b
mpp6a,mpp6a
mpp6b,mpp6b
mpp7a,mpp7a
mppe1,mppe1
mpped1,mpped1
mpped2,mpped2
mpped2a,mpped2a
mpv17,mpv17
mpv17l2,mpv17l2
mpx,mpx
mpz,mpz
mpzl1l,mpzl1l
mpzl2b,mpzl2b
mrap,mrap
mrap2a,mrap2a
mrap2b,mrap2b
mras,mras
mrc1b,mrc1b
mrc2,mrc2
mre11a,mre11a
mrgbp,mrgbp
mri1,mri1
mrm1,mrm1
mrm2,mrm2
mrm3a,mrm3a
mrm3b,mrm3b
mrnip,mrnip
mroh1,mroh1
mrpl1,mrpl1
mrpl10,mrpl10
mrpl11,mrpl11
mrpl12,mrpl12
mrpl13,mrpl13
mrpl14,mrpl14
mrpl15,mrpl15
mrpl16,mrpl16
mrpl17,mrpl17
mrpl18,mrpl18
mrpl19,mrpl19
mrpl2,mrpl2
mrpl20,mrpl20
mrpl21,mrpl21
mrpl22,mrpl22
mrpl23,mrpl23
mrpl24,mrpl24
mrpl27,mrpl27
mrpl28,mrpl28
mrpl3,mrpl3
mrpl30,mrpl30
mrpl32,mrpl32
mrpl33,mrpl33
mrpl34,mrpl34
mrpl35,mrpl35
mrpl36,mrpl36
mrpl37,mrpl37
mrpl38,mrpl38
mrpl39,mrpl39
mrpl4,mrpl4
mrpl40,mrpl40
mrpl41,mrpl41
mrpl42,mrpl42
mrpl43,mrpl43
mrpl44,mrpl44
mrpl45,mrpl45
mrpl46,mrpl46
mrpl47,mrpl47
mrpl48,mrpl48
MRPL49,MRPL49
mrpl51,mrpl51
mrpl52,mrpl52
mrpl53,mrpl53
mrpl54,mrpl54
mrpl57,mrpl57
mrpl58,mrpl58
mrpl9,mrpl9
mrps10,mrps10
mrps11,mrps11
MRPS12,MRPS12
mrps14,mrps14
mrps15,mrps15
mrps16,mrps16
mrps17,mrps17
mrps18a,mrps18a
mrps18b,mrps18b
mrps18c,mrps18c
mrps2,mrps2
mrps21,mrps21
mrps22,mrps22
mrps23,mrps23
mrps24,mrps24
mrps25,mrps25
mrps26,mrps26
mrps27,mrps27
mrps28,mrps28
mrps30,mrps30
mrps31,mrps31
mrps33,mrps33
mrps34,mrps34
mrps35,mrps35
mrps36,mrps36
mrps5,mrps5
mrps6,mrps6
mrps7,mrps7
mrps9,mrps9
mrrf,mrrf
mrs2,mrs2
mrtfaa,mrtfaa
mrtfab,mrtfab
mrtfba,mrtfba
mrtfbb,mrtfbb
mrto4,mrto4
mrvi1,mrvi1
ms4a17a.1,ms4a17a.1
ms4a17a.10,ms4a17a.10
ms4a17a.11,ms4a17a.11
ms4a17a.14,ms4a17a.14
ms4a17a.16,ms4a17a.16
ms4a17a.17,ms4a17a.17
ms4a17a.2,ms4a17a.2
ms4a17a.3,ms4a17a.3
ms4a17a.4,ms4a17a.4
ms4a17a.5,ms4a17a.5
ms4a17a.6,ms4a17a.6
ms4a17a.7,ms4a17a.7
ms4a17a.8,ms4a17a.8
ms4a17a.9,ms4a17a.9
msantd1,msantd1
MSANTD2,MSANTD2
msantd4,msantd4
msc,msc
msgn1,msgn1
msh2,msh2
msh3,msh3
msh4,msh4
msh5,msh5
msh6,msh6
msi1,msi1
msi2a,msi2a
msi2b,msi2b
msl1a,msl1a
msl1b,msl1b
msl2a,msl2a
msl2b,msl2b
mslna,mslna
mslnb,mslnb
msmo1,msmo1
msna,msna
msnb,msnb
msra,msra
msrb1a,msrb1a
msrb1b,msrb1b
msrb2,msrb2
msrb3,msrb3
mss51,mss51
mst1ra,mst1ra
mst1rb,mst1rb
mstnb,mstnb
msto1,msto1
msx1a,msx1a
msx1b,msx1b
msx2a,msx2a
msx2b,msx2b
msx3,msx3
mt-atp6,mt-atp6
mt-atp8,mt-atp8
mt-co1,mt-co1
mt-co2,mt-co2
mt-cyb,mt-cyb
mt-nd1,mt-nd1
mt-nd2,mt-nd2
mt-nd3,mt-nd3
mt-nd4,mt-nd4
mt-nd4l,mt-nd4l
mt-nd5,mt-nd5
mt-nd6,mt-nd6
mt2,mt2
mta1,mta1
mta2,mta2
mta3,mta3
mtap,mtap
mtbl,mtbl
mtbp,mtbp
mtch2,mtch2
mtcl1,mtcl1
mtdha,mtdha
mtdhb,mtdhb
MTERF1,MTERF1
mterf2,mterf2
mterf3,mterf3
MTERF4,MTERF4
mtf1,mtf1
mtf2,mtf2
mtfmt,mtfmt
mtfp1,mtfp1
mtfr1,mtfr1
mtfr1l,mtfr1l
mtfr2,mtfr2
mtg1,mtg1
mtg2,mtg2
mthfd1a,mthfd1a
mthfd1b,mthfd1b
mthfd1l,mthfd1l
mthfd2,mthfd2
mthfd2l,mthfd2l
mthfr,mthfr
mthfsd,mthfsd
mtif2,mtif2
mtif3,mtif3
mtm1,mtm1
mtmr10,mtmr10
mtmr11,mtmr11
mtmr12,mtmr12
mtmr14,mtmr14
mtmr1a,mtmr1a
mtmr1b,mtmr1b
mtmr2,mtmr2
mtmr3,mtmr3
mtmr4,mtmr4
mtmr6,mtmr6
mtmr7a,mtmr7a
mtmr7b,mtmr7b
mtmr8,mtmr8
mtmr9,mtmr9
mtnr1aa,mtnr1aa
mtnr1ab,mtnr1ab
mtnr1ba,mtnr1ba
mtnr1bb,mtnr1bb
mtor,mtor
mtpap,mtpap
mtpn,mtpn
mtr,mtr
mtrex,mtrex
mtrf1,mtrf1
mtrf1l,mtrf1l
mtrr,mtrr
mtss1,mtss1
mtss1la,mtss1la
mtss1lb,mtss1lb
mttp,mttp
mturn,mturn
mtus1a,mtus1a
mtus1b,mtus1b
mtus2a,mtus2a
mtx1a,mtx1a
mtx1b,mtx1b
mtx2,mtx2
mtx3,mtx3
muc13a,muc13a
muc13b,muc13b
muc5.1,muc5.1
muc5.2,muc5.2
muc5.3,muc5.3
muc5d,muc5d
muc5e,muc5e
muc5f,muc5f
mucms1,mucms1
mul1a,mul1a
mul1b,mul1b
mus81,mus81
musk,musk
mustn1a,mustn1a
mustn1b,mustn1b
mut,mut
mvb12a,mvb12a
mvb12ba,mvb12ba
mvb12bb,mvb12bb
mvda,mvda
mvk,mvk
mvp,mvp
mxa,mxa
mxb,mxb
mxc,mxc
mxd,mxd
mxd1,mxd1
mxd3,mxd3
mxd4,mxd4
mxe,mxe
mxf,mxf
mxg,mxg
mxi1,mxi1
mxra5a,mxra5a
mxra5b,mxra5b
mxra7,mxra7
mxra8a,mxra8a
mxra8b,mxra8b
mxtx1,mxtx1
mxtx2,mxtx2
MYADM,MYADM
myadml2,myadml2
myb,myb
mybbp1a,mybbp1a
mybl1,mybl1
mybl2a,mybl2a
mybl2b,mybl2b
mybpc1,mybpc1
mybpc2a,mybpc2a
mybpc2b,mybpc2b
mybpc3,mybpc3
mybpha,mybpha
mybphb,mybphb
myca,myca
mycb,mycb
mycbp2,mycbp2
mycbpap,mycbpap
mych,mych
mycla,mycla
myclb,myclb
mycn,mycn
myct1a,myct1a
myct1b,myct1b
myd88,myd88
mydgf,mydgf
myef2,myef2
myf5,myf5
myf6,myf6
myg1,myg1
myh10,myh10
myh11a,myh11a
myh14,myh14
myh6,myh6
myh7,myh7
myh7ba,myh7ba
myh7bb,myh7bb
myh7l,myh7l
myh9a,myh9a
myh9b,myh9b
myha,myha
myhb,myhb
myhc4,myhc4
myhz1.2,myhz1.2
myhz1.3,myhz1.3
myhz2,myhz2
myl1,myl1
myl10,myl10
myl12.1,myl12.1
myl12.2,myl12.2
myl13,myl13
MYL2,MYL2
myl2b,myl2b
myl4,myl4
myl6,myl6
myl7,myl7
myl9a,myl9a
myl9b,myl9b
mylipa,mylipa
mylipb,mylipb
mylk2,mylk2
mylk3,mylk3
mylk4b,mylk4b
mylk5,mylk5
mylka,mylka
mylkb,mylkb
mylpfa,mylpfa
mylpfb,mylpfb
mylz3,mylz3
mymk,mymk
mynn,mynn
myo10,myo10
myo10l1,myo10l1
myo10l3,myo10l3
myo15aa,myo15aa
myo15ab,myo15ab
myo15b,myo15b
myo18aa,myo18aa
myo18ab,myo18ab
myo19,myo19
myo1b,myo1b
myo1ca,myo1ca
myo1cb,myo1cb
MYO1D,MYO1D
myo1ea,myo1ea
myo1eb,myo1eb
myo1f,myo1f
MYO1G,MYO1G
myo1ha,myo1ha
myo1hb,myo1hb
myo3a,myo3a
myo3b,myo3b
myo5aa,myo5aa
myo5ab,myo5ab
myo5b,myo5b
myo5c,myo5c
myo6a,myo6a
myo6b,myo6b
myo7aa,myo7aa
myo7ab,myo7ab
myo9aa,myo9aa
myo9ab,myo9ab
myoc,myoc
myocd,myocd
myod1,myod1
myof,myof
myofl,myofl
myog,myog
myom1a,myom1a
myom1b,myom1b
myom2a,myom2a
myorg,myorg
myot,myot
myoz1a,myoz1a
myoz1b,myoz1b
myoz2a,myoz2a
myoz2b,myoz2b
myoz3a,myoz3a
myrf,myrf
myrfl,myrfl
myrip,myrip
mysm1,mysm1
myt1a,myt1a
myt1b,myt1b
myt1la,myt1la
myzap,myzap
MZT1,MZT1
mzt2b,mzt2b
n4bp1,n4bp1
n4bp2,n4bp2
n4bp2l2,n4bp2l2
n6amt1,n6amt1
naa10,naa10
naa15a,naa15a
naa15b,naa15b
naa20,naa20
naa25,naa25
naa30,naa30
naa35,naa35
naa38,naa38
naa50,naa50
naalad2,naalad2
nab1a,nab1a
nab1b,nab1b
nab2,nab2
nabp1a,nabp1a
nabp1b,nabp1b
NABP2,NABP2
naca,naca
nacad,nacad
nacc1a,nacc1a
nacc1b,nacc1b
nacc2,nacc2
nadk2,nadk2
nadka,nadka
nadkb,nadkb
nae1,nae1
naf1,naf1
naga,naga
nagk,nagk
naglu,naglu
nagpa,nagpa
nags,nags
naif1,naif1
nalcn,nalcn
nampta,nampta
namptb,namptb
nanog,nanog
nanos1,nanos1
nanos2,nanos2
nanos3,nanos3
nanp,nanp
nansa,nansa
nansb,nansb
nap1l1,nap1l1
nap1l4a,nap1l4a
nap1l4b,nap1l4b
napaa,napaa
napab,napab
napba,napba
napbb,napbb
napepld,napepld
napga,napga
napgb,napgb
naprt,naprt
narf,narf
narfl,narfl
nars,nars
nars2,nars2
nasp,nasp
nat10,nat10
nat14,nat14
nat15,nat15
nat16,nat16
nat8l,nat8l
nat9,nat9
natd1,natd1
NAV1,NAV1
nav1b,nav1b
nav2a,nav2a
nav2b,nav2b
nav3,nav3
naxd,naxd
naxe,naxe
nbas,nbas
nbeaa,nbeaa
nbeal1,nbeal1
nbeal2,nbeal2
nbn,nbn
nbr1a,nbr1a
nbr1b,nbr1b
NC-002333.10,NC-002333.10
NC-002333.11,NC-002333.11
NC-002333.13,NC-002333.13
NC-002333.14,NC-002333.14
NC-002333.17,NC-002333.17
NC-002333.19,NC-002333.19
NC-002333.2,NC-002333.2
NC-002333.20,NC-002333.20
NC-002333.21,NC-002333.21
NC-002333.22,NC-002333.22
NC-002333.23,NC-002333.23
NC-002333.24,NC-002333.24
NC-002333.4,NC-002333.4
NC-002333.5,NC-002333.5
NC-002333.6,NC-002333.6
NC-002333.8,NC-002333.8
NC-002333.9,NC-002333.9
ncalda,ncalda
ncaldb,ncaldb
ncam1a,ncam1a
ncam1b,ncam1b
ncam2,ncam2
ncam3,ncam3
ncanb,ncanb
ncapd2,ncapd2
ncapd3,ncapd3
ncapg,ncapg
ncapg2,ncapg2
ncaph,ncaph
ncaph2,ncaph2
ncbp1,ncbp1
ncbp2,ncbp2
ncbp3,ncbp3
nccrp1,nccrp1
ncdn,ncdn
NCEH1,NCEH1
nceh1a,nceh1a
nceh1b.1,nceh1b.1
ncf2,ncf2
ncf4,ncf4
nck1a,nck1a
nck1b,nck1b
nck2a,nck2a
nck2b,nck2b
nckap1,nckap1
NCKAP1L,NCKAP1L
nckap5l,nckap5l
nckipsd,nckipsd
ncl,ncl
ncln,ncln
ncoa1,ncoa1
ncoa2,ncoa2
ncoa3,ncoa3
ncoa4,ncoa4
ncoa5,ncoa5
ncoa6,ncoa6
ncor1,ncor1
ncor2,ncor2
ncs1a,ncs1a
ncs1b,ncs1b
ndc1,ndc1
ndc80,ndc80
nde1,nde1
ndel1a,ndel1a
ndel1b,ndel1b
ndfip1,ndfip1
ndfip1l,ndfip1l
ndfip2,ndfip2
ndnf,ndnf
ndnfl,ndnfl
ndnl2,ndnl2
ndor1,ndor1
ndr1,ndr1
ndr2,ndr2
ndrg1a,ndrg1a
ndrg1b,ndrg1b
ndrg2,ndrg2
ndrg3a,ndrg3a
ndrg3b,ndrg3b
ndrg4,ndrg4
ndst1a,ndst1a
ndst2a,ndst2a
ndst2b,ndst2b
ndst3,ndst3
ndufa1,ndufa1
ndufa10,ndufa10
ndufa11,ndufa11
ndufa12,ndufa12
ndufa2,ndufa2
ndufa4,ndufa4
ndufa4l,ndufa4l
ndufa4l2a,ndufa4l2a
ndufa5,ndufa5
ndufa6,ndufa6
ndufa7,ndufa7
ndufa8,ndufa8
ndufa9a,ndufa9a
ndufa9b,ndufa9b
ndufab1a,ndufab1a
ndufab1b,ndufab1b
ndufaf1,ndufaf1
ndufaf2,ndufaf2
ndufaf3,ndufaf3
ndufaf4,ndufaf4
ndufaf5,ndufaf5
ndufaf7,ndufaf7
NDUFAF8,NDUFAF8
NDUFB1,NDUFB1
ndufb10,ndufb10
ndufb11,ndufb11
ndufb2,ndufb2
ndufb3,ndufb3
ndufb4,ndufb4
ndufb5,ndufb5
ndufb6,ndufb6
ndufb7,ndufb7
ndufb8,ndufb8
ndufb9,ndufb9
ndufc2,ndufc2
ndufs1,ndufs1
ndufs2,ndufs2
ndufs3,ndufs3
ndufs4,ndufs4
ndufs5,ndufs5
ndufs6,ndufs6
ndufs7,ndufs7
ndufs8a,ndufs8a
ndufs8b,ndufs8b
ndufv1,ndufv1
ndufv2,ndufv2
ndufv3,ndufv3
neb,neb
nebl,nebl
necab1,necab1
necab2,necab2
necab3,necab3
necap1,necap1
necap2,necap2
nectin1a,nectin1a
nectin1b,nectin1b
nectin3b,nectin3b
nectin4a,nectin4a
nectin4b,nectin4b
nedd1,nedd1
nedd4a,nedd4a
nedd4l,nedd4l
nedd8,nedd8
nedd8l,nedd8l
nedd9,nedd9
nefla,nefla
neflb,neflb
nefma,nefma
nefmb,nefmb
negaly6,negaly6
negr1,negr1
neil1,neil1
neil3,neil3
nek1,nek1
nek10,nek10
nek11,nek11
nek12,nek12
nek2,nek2
nek3,nek3
nek4,nek4
nek6,nek6
nek7,nek7
nek8,nek8
nek9,nek9
nelfa,nelfa
nelfb,nelfb
nelfcd,nelfcd
nelfe,nelfe
nell2a,nell2a
nell2b,nell2b
nemp1,nemp1
nemp2,nemp2
nenf,nenf
neo1a,neo1a
neo1b,neo1b
nepro,nepro
nes,nes
net1,net1
neto1,neto1
neto1l,neto1l
neu1,neu1
neu3.1,neu3.1
neu3.2,neu3.2
neu3.3,neu3.3
neu3.4,neu3.4
neu3.5,neu3.5
neu4,neu4
neurl1aa,neurl1aa
neurl1ab,neurl1ab
neurl1b,neurl1b
neurl2,neurl2
neurl4,neurl4
neurod1,neurod1
neurod2,neurod2
neurod4,neurod4
neurod6a,neurod6a
neurod6b,neurod6b
neurog1,neurog1
neurog3,neurog3
nexmifa,nexmifa
nexmifb,nexmifb
nexn,nexn
nf1b,nf1b
nf2a,nf2a
nf2b,nf2b
nfasca,nfasca
nfat5a,nfat5a
nfat5b,nfat5b
nfatc1,nfatc1
nfatc2a,nfatc2a
nfatc2b,nfatc2b
nfatc2ip,nfatc2ip
nfatc3a,nfatc3a
nfatc3b,nfatc3b
nfatc4,nfatc4
nfe2l1a,nfe2l1a
nfe2l1b,nfe2l1b
nfe2l2a,nfe2l2a
nfe2l2b,nfe2l2b
nfe2l3,nfe2l3
nfia,nfia
nfic,nfic
nfil3,nfil3
nfil3-2,nfil3-2
nfil3-3,nfil3-3
nfil3-4,nfil3-4
nfil3-5,nfil3-5
nfil3-6,nfil3-6
nfixb,nfixb
nfkb1,nfkb1
nfkb2,nfkb2
nfkbiaa,nfkbiaa
nfkbiab,nfkbiab
nfkbib,nfkbib
nfkbie,nfkbie
nfkbil1,nfkbil1
nfkbiz,nfkbiz
nfr,nfr
nfrkb,nfrkb
nfs1,nfs1
nfu1,nfu1
NFX1,NFX1
nfxl1,nfxl1
nfya,nfya
nfyal,nfyal
nfyba,nfyba
nfybb,nfybb
nfyc,nfyc
ngb,ngb
ngdn,ngdn
ngef,ngef
ngfa,ngfa
ngfb,ngfb
ngfra,ngfra
ngfrb,ngfrb
ngly1,ngly1
ngrn,ngrn
ngs,ngs
nhej1,nhej1
nhlh2,nhlh2
nhlrc2,nhlrc2
NHLRC3,NHLRC3
nhp2,nhp2
nhsa,nhsa
nhsb,nhsb
nhsl1a,nhsl1a
nhsl1b,nhsl1b
nhsl2,nhsl2
nicn1,nicn1
nid1a,nid1a
nid1b,nid1b
nid2a,nid2a
nid2b,nid2b
nif3l1,nif3l1
nifk,nifk
nim1k,nim1k
nin,nin
NINJ1,NINJ1
ninj2,ninj2
ninl,ninl
nip7,nip7
nipa1,nipa1
nipa2,nipa2
nipal3,nipal3
nipal4,nipal4
nipbla,nipbla
nipblb,nipblb
nipsnap1,nipsnap1
nipsnap2,nipsnap2
nipsnap3a,nipsnap3a
nisch,nisch
nit1,nit1
nit2,nit2
nitr10a,nitr10a
nitr11a,nitr11a
nitr12,nitr12
nitr13,nitr13
nitr1b,nitr1b
nitr1f,nitr1f
nitr1k,nitr1k
nitr1m,nitr1m
nitr2b,nitr2b
nitr3a,nitr3a
nitr3c,nitr3c
nitr4a,nitr4a
nitr5,nitr5
nitr6b,nitr6b
nitr7a,nitr7a
nitr7b,nitr7b
nitr9,nitr9
nkain1,nkain1
nkain2,nkain2
nkain4,nkain4
nkap,nkap
nkd1,nkd1
nkd2a,nkd2a
nkd3,nkd3
nkd3l,nkd3l
nkiras1,nkiras1
nkiras2,nkiras2
nkl.2,nkl.2
nkpd1,nkpd1
nkrf,nkrf
nktr,nktr
nkx1.2la,nkx1.2la
nkx1.2lb,nkx1.2lb
nkx2.1,nkx2.1
nkx2.2a,nkx2.2a
nkx2.2b,nkx2.2b
nkx2.3,nkx2.3
nkx2.4a,nkx2.4a
nkx2.4b,nkx2.4b
nkx2.5,nkx2.5
nkx2.7,nkx2.7
nkx2.9,nkx2.9
nkx3-1,nkx3-1
nkx3.2,nkx3.2
nkx3.3,nkx3.3
nkx6.1,nkx6.1
nkx6.2,nkx6.2
nle1,nle1
nlgn1,nlgn1
nlgn2a,nlgn2a
nlgn2b,nlgn2b
nlgn3a,nlgn3a
nlgn3b,nlgn3b
nlgn4xa,nlgn4xa
nlgn4xb,nlgn4xb
nlk1,nlk1
nln,nln
nlrb5,nlrb5
nlrc3,nlrc3
nlrc3l,nlrc3l
nlrc3l1,nlrc3l1
nlrc5,nlrc5
nlrc6,nlrc6
nlrc7,nlrc7
nlrc8,nlrc8
nlrc9,nlrc9
nlrp15,nlrp15
nlrp16,nlrp16
nlrx1,nlrx1
nmba,nmba
nmd3,nmd3
nme2a,nme2a
nme2b.1,nme2b.1
nme3,nme3
nme4,nme4
nme5,nme5
nme6,nme6
nme7,nme7
nme8,nme8
nmi,nmi
nmnat1,nmnat1
nmnat2,nmnat2
NMNAT3,NMNAT3
nmrk1,nmrk1
nmrk2,nmrk2
nms,nms
nmt1a,nmt1a
nmt1b,nmt1b
nmt2,nmt2
nmu,nmu
nmur1a,nmur1a
nmur1b,nmur1b
nmur3,nmur3
nnr,nnr
nnt,nnt
nnt2,nnt2
noa1,noa1
nob1,nob1
nobox,nobox
noc2l,noc2l
noc3l,noc3l
noc4l,noc4l
nocta,nocta
noctb,noctb
nod1,nod1
nod2,nod2
nog1,nog1
nog2,nog2
nog3,nog3
nog5,nog5
nol10,nol10
nol11,nol11
nol12,nol12
nol4la,nol4la
nol4lb,nol4lb
nol6,nol6
nol7,nol7
nol8,nol8
nol9,nol9
nolc1,nolc1
nom1,nom1
nomo,nomo
nono,nono
nop10,nop10
nop14,nop14
nop16,nop16
nop2,nop2
nop53,nop53
nop56,nop56
nop58,nop58
nos1,nos1
nos1apa,nos1apa
nos1apb,nos1apb
nos2a,nos2a
nos2b,nos2b
nosip,nosip
nostrin,nostrin
notch1a,notch1a
notch1b,notch1b
notch2,notch2
notch3,notch3
notchl,notchl
noto,noto
nots,nots
notum1a,notum1a
notum1b,notum1b
notum2,notum2
nova1,nova1
nova2,nova2
nox1,nox1
nox4,nox4
nox5,nox5
noxa1,noxa1
noxo1a,noxo1a
noxo1b,noxo1b
noxred1,noxred1
npas1,npas1
npas2,npas2
npas4a,npas4a
npas4l,npas4l
npat,npat
npb,npb
npbwr2a,npbwr2a
npc1,npc1
npc2,npc2
npdc1a,npdc1a
npdc1b,npdc1b
npepl1,npepl1
npepps,npepps
npffl,npffl
npffr1,npffr1
npffr1l1,npffr1l1
npffr1l3,npffr1l3
NPFFR2,NPFFR2
npffr2b,npffr2b
nphp1,nphp1
nphp3,nphp3
nphp4,nphp4
nphs1,nphs1
nphs2,nphs2
npl,npl
nploc4,nploc4
npm1a,npm1a
npm1b,npm1b
npm2a,npm2a
npm3,npm3
npnt,npnt
nppa,nppa
nppb,nppb
nppc,nppc
npr1a,npr1a
npr1b,npr1b
npr2,npr2
npr3,npr3
nprl2,nprl2
nprl3,nprl3
npsn,npsn
nptna,nptna
nptnb,nptnb
nptx1l,nptx1l
nptx2a,nptx2a
nptx2b,nptx2b
nptxra,nptxra
nptxrb,nptxrb
npvf,npvf
npy,npy
npy2rl,npy2rl
npy4r,npy4r
npy7r,npy7r
npy8br,npy8br
nqo1,nqo1
nr0b1,nr0b1
nr0b2a,nr0b2a
nr0b2b,nr0b2b
nr1d2a,nr1d2a
nr1d2b,nr1d2b
nr1d4a,nr1d4a
nr1d4b,nr1d4b
nr1h3,nr1h3
nr1h4,nr1h4
nr1h5,nr1h5
nr1i2,nr1i2
nr2c1,nr2c1
nr2c2,nr2c2
nr2c2ap,nr2c2ap
nr2e1,nr2e1
nr2e3,nr2e3
nr2f1a,nr2f1a
nr2f1b,nr2f1b
nr2f2,nr2f2
nr2f5,nr2f5
nr2f6a,nr2f6a
nr2f6b,nr2f6b
nr3c1,nr3c1
nr3c2,nr3c2
nr4a1,nr4a1
nr4a2a,nr4a2a
nr4a2b,nr4a2b
nr4a3,nr4a3
nr5a1a,nr5a1a
nr5a1b,nr5a1b
nr5a2,nr5a2
nr5a5,nr5a5
nr6a1a,nr6a1a
nr6a1b,nr6a1b
nradd,nradd
nrap,nrap
nrarpa,nrarpa
nrarpb,nrarpb
nras,nras
nrbf2a,nrbf2a
nrbf2b,nrbf2b
nrbp1,nrbp1
nrbp2a,nrbp2a
nrbp2b,nrbp2b
nrcama,nrcama
nrcamb,nrcamb
nrd1a,nrd1a
nrd1b,nrd1b
nrde2,nrde2
nrf1,nrf1
nrg1,nrg1
nrg2a,nrg2a
nrg2b,nrg2b
nrg3b,nrg3b
nrgna,nrgna
nrip1a,nrip1a
nrip1b,nrip1b
nrip2,nrip2
nrl,nrl
nrm,nrm
nrn1a,nrn1a
nrn1b,nrn1b
nrn1la,nrn1la
nrn1lb,nrn1lb
nrp1a,nrp1a
nrp1b,nrp1b
nrp2a,nrp2a
nrp2b,nrp2b
nrros,nrros
nrtn,nrtn
nrxn1a,nrxn1a
nrxn1b,nrxn1b
NRXN2,NRXN2
nrxn2b,nrxn2b
nrxn3a,nrxn3a
nrxn3b,nrxn3b
nsa2,nsa2
nsd1a,nsd1a
nsd1b,nsd1b
nsd2,nsd2
nsd3,nsd3
nsdhl,nsdhl
nsfa,nsfa
nsfb,nsfb
nsfl1c,nsfl1c
nsg2,nsg2
nsl1,nsl1
nsmaf,nsmaf
nsmce1,nsmce1
nsmce2,nsmce2
nsmce4a,nsmce4a
nsmfa,nsmfa
nsmfb,nsmfb
nsrp1,nsrp1
nsun2,nsun2
nsun3,nsun3
nsun4,nsun4
nsun5,nsun5
nsun6,nsun6
nt5c1aa,nt5c1aa
nt5c1ab,nt5c1ab
nt5c1ba,nt5c1ba
nt5c1bb,nt5c1bb
nt5c2a,nt5c2a
nt5c2b,nt5c2b
nt5c2l1,nt5c2l1
nt5c3a,nt5c3a
nt5dc1,nt5dc1
nt5dc2,nt5dc2
nt5dc3,nt5dc3
nt5e,nt5e
ntan1,ntan1
ntd5,ntd5
ntf3,ntf3
nthl1,nthl1
ntm,ntm
ntmt1,ntmt1
ntn1a,ntn1a
ntn1b,ntn1b
ntn2,ntn2
ntn4,ntn4
ntn5,ntn5
ntng1a,ntng1a
ntng2a,ntng2a
ntng2b,ntng2b
ntpcr,ntpcr
ntrk2a,ntrk2a
ntrk2b,ntrk2b
ntrk3a,ntrk3a
ntrk3b,ntrk3b
ntsr1,ntsr1
nuak1a,nuak1a
nuak1b,nuak1b
nuak2,nuak2
nub1,nub1
nubp1,nubp1
nubp2,nubp2
nubpl,nubpl
nucb1,nucb1
nucb2a,nucb2a
nucb2b,nucb2b
nucks1a,nucks1a
nucks1b,nucks1b
nudc,nudc
nudcd1,nudcd1
nudcd2,nudcd2
nudcd3,nudcd3
nudt1,nudt1
nudt12,nudt12
nudt13,nudt13
nudt14,nudt14
nudt15,nudt15
nudt17,nudt17
nudt18,nudt18
nudt19,nudt19
nudt2,nudt2
nudt21,nudt21
nudt22,nudt22
nudt3a,nudt3a
nudt3b,nudt3b
nudt4a,nudt4a
nudt4b,nudt4b
nudt5,nudt5
nudt7,nudt7
nudt8,nudt8
nudt9,nudt9
nuf2,nuf2
nufip1,nufip1
nufip2,nufip2
nuggc.1,nuggc.1
nuggc.2,nuggc.2
nuggc.3,nuggc.3
numa1,numa1
numb,numb
numbl,numbl
nup107,nup107
nup133,nup133
nup153,nup153
nup155,nup155
nup160,nup160
nup188,nup188
nup205,nup205
nup210,nup210
nup214,nup214
nup35,nup35
nup37,nup37
nup43,nup43
nup50,nup50
nup54,nup54
nup58,nup58
nup62l,nup62l
nup85,nup85
nup88,nup88
nup93,nup93
nup98,nup98
nupl2,nupl2
nupr1a,nupr1a
nupr1b,nupr1b
nus1,nus1
nusap1,nusap1
nutf2,nutf2
nutf2l,nutf2l
nvl,nvl
nwd1,nwd1
nwd2,nwd2
nxf1,nxf1
nxn,nxn
nxnl1,nxnl1
nxnl2,nxnl2
nxpe3,nxpe3
nxph1,nxph1
nxph2a,nxph2a
nxph2b,nxph2b
nxph3,nxph3
nxt2,nxt2
nyap2a,nyap2a
nyap2b,nyap2b
nyx,nyx
oacyl,oacyl
oafa,oafa
oafb,oafb
oard1,oard1
oat,oat
oatx,oatx
oaz1a,oaz1a
oaz1b,oaz1b
oaz2a,oaz2a
oaz2b,oaz2b
obscna,obscna
obscnb,obscnb
obsl1a,obsl1a
obsl1b,obsl1b
oc90,oc90
oca2,oca2
ociad1,ociad1
ociad2,ociad2
oclna,oclna
oclnb,oclnb
ocrl,ocrl
oct2,oct2
odam,odam
odc1,odc1
odf2a,odf2a
odf2b,odf2b
odf3b,odf3b
odf3l2a,odf3l2a
odf3l2b,odf3l2b
odr4,odr4
ofd1,ofd1
oga,oga
ogal,ogal
ogdha,ogdha
ogdhb,ogdhb
ogdhl,ogdhl
ogfod1,ogfod1
ogfod2,ogfod2
ogfr,ogfr
ogfrl1,ogfrl1
ogfrl2,ogfrl2
ogg1,ogg1
ogna,ogna
ognb,ognb
ogt.1,ogt.1
oip5,oip5
oip5-as1,oip5-as1
oit3,oit3
ola1,ola1
olah,olah
olfcd1,olfcd1
olfcd2,olfcd2
olfcd3,olfcd3
olfcg1,olfcg1
olfcg2,olfcg2
olfcg3,olfcg3
olfcg4,olfcg4
olfcg7,olfcg7
olfcg9,olfcg9
olfch1,olfch1
olfcj1,olfcj1
olfcs2,olfcs2
olfcw1,olfcw1
olfm1a,olfm1a
olfm1b,olfm1b
olfm2a,olfm2a
olfm2b,olfm2b
olfm3a,olfm3a
olfm3b,olfm3b
olfml1,olfml1
olfml2a,olfml2a
olfml2ba,olfml2ba
olfml2bb,olfml2bb
olfml3a,olfml3a
olfml3b,olfml3b
olig1,olig1
olig2,olig2
olig3,olig3
olig4,olig4
oma1,oma1
omd,omd
omga,omga
omgb,omgb
ompb,ompb
onecut2,onecut2
onecut3a,onecut3a
onecutl,onecutl
opa1,opa1
opa3,opa3
opcml,opcml
ophn1,ophn1
oplah,oplah
opn1lw1,opn1lw1
opn1lw2,opn1lw2
opn1mw1,opn1mw1
opn1mw2,opn1mw2
opn1mw3,opn1mw3
opn1mw4,opn1mw4
opn1sw1,opn1sw1
opn1sw2,opn1sw2
opn3,opn3
opn4.1,opn4.1
opn4b,opn4b
opn4xa,opn4xa
opn4xb,opn4xb
opn5,opn5
opn6a,opn6a
opn6b,opn6b
opn7b,opn7b
opn7c,opn7c
opn7d,opn7d
opn8b,opn8b
opn8c,opn8c
opn9,opn9
oprd1a,oprd1a
oprd1b,oprd1b
oprk1,oprk1
oprl1,oprl1
oprm1,oprm1
optc,optc
optn,optn
or103-2,or103-2
or104-1,or104-1
or105-1,or105-1
or106-1,or106-1
or106-11,or106-11
or106-5,or106-5
or107-1,or107-1
or109-1,or109-1
or109-11,or109-11
or109-13,or109-13
or109-2,or109-2
or109-5,or109-5
or109-7,or109-7
or110-2,or110-2
or111-10,or111-10
or111-11,or111-11
or111-2,or111-2
or111-8,or111-8
or112-1,or112-1
or113-1,or113-1
or113-2,or113-2
or114-1,or114-1
or115-1,or115-1
or115-14,or115-14
or115-2,or115-2
or115-5,or115-5
or115-9,or115-9
or116-1,or116-1
or116-2,or116-2
or118-2,or118-2
or120-1,or120-1
or121-1,or121-1
or124-4,or124-4
or125-2,or125-2
or126-1,or126-1
or126-2,or126-2
or126-4,or126-4
or126-5,or126-5
or126-7,or126-7
or127-1,or127-1
or128-1,or128-1
or128-3,or128-3
or128-6,or128-6
or129-1,or129-1
or130-1,or130-1
or131-2,or131-2
or132-1,or132-1
or132-2,or132-2
or132-3,or132-3
or133-2,or133-2
or133-3,or133-3
or133-4,or133-4
or133-6,or133-6
or133-7,or133-7
or135-1,or135-1
or137-1,or137-1
or137-2,or137-2
or137-3,or137-3
or137-4,or137-4
or137-8,or137-8
or137-9,or137-9
ora1,ora1
ora3,ora3
ora4,ora4
ora6,ora6
orai1a,orai1a
orai1b,orai1b
orai2,orai2
orc1,orc1
orc2,orc2
orc3,orc3
orc4,orc4
orc5,orc5
orc6,orc6
org,org
ormdl1,ormdl1
ormdl2,ormdl2
ormdl3,ormdl3
os9,os9
osbp,osbp
osbp2,osbp2
osbpl10b,osbpl10b
osbpl11,osbpl11
osbpl1a,osbpl1a
osbpl2a,osbpl2a
osbpl2b,osbpl2b
osbpl3a,osbpl3a
osbpl3b,osbpl3b
osbpl5,osbpl5
osbpl6,osbpl6
osbpl7,osbpl7
OSBPL8,OSBPL8
osbpl9,osbpl9
OSCP1,OSCP1
oscp1a,oscp1a
oser1,oser1
osgep,osgep
osgepl1,osgepl1
osgin2,osgin2
osgn1,osgn1
osr1,osr1
osr2,osr2
ost4,ost4
ostc,ostc
ostf1,ostf1
ostm1,ostm1
ostn,ostn
otc,otc
otofa,otofa
otofb,otofb
otog,otog
otogl,otogl
otol1a,otol1a
otol1b,otol1b
otomp,otomp
OTOP1,OTOP1
otop2,otop2
otos,otos
otpa,otpa
otpb,otpb
otub1a,otub1a
otub1b,otub1b
otud1,otud1
otud3,otud3
otud4,otud4
otud5a,otud5a
otud5b,otud5b
otud6b,otud6b
OTUD7A,OTUD7A
otud7b,otud7b
otulina,otulina
otulinb,otulinb
otx1,otx1
otx2a,otx2a
otx2b,otx2b
otx5,otx5
ovca2,ovca2
ovgp1,ovgp1
ovol1a,ovol1a
ovol1b,ovol1b
oxa1l,oxa1l
oxct1a,oxct1a
oxct1b,oxct1b
oxgr1b,oxgr1b
oxld1,oxld1
oxnad1,oxnad1
oxr1a,oxr1a
oxr1b,oxr1b
oxsm,oxsm
oxsr1a,oxsr1a
oxsr1b,oxsr1b
oxt,oxt
oxtr,oxtr
oxtrl,oxtrl
p2rx1,p2rx1
p2rx2,p2rx2
p2rx3a,p2rx3a
p2rx3b,p2rx3b
p2rx4a,p2rx4a
p2rx4b,p2rx4b
p2rx5,p2rx5
p2rx7,p2rx7
p2rx8,p2rx8
p2ry1,p2ry1
p2ry10,p2ry10
p2ry11,p2ry11
p2ry12,p2ry12
p2ry13,p2ry13
p2ry2.1,p2ry2.1
p2ry6,p2ry6
p2ry8,p2ry8
p3h1,p3h1
p3h2,p3h2
p3h3,p3h3
p3h4,p3h4
p4ha1a,p4ha1a
p4ha1b,p4ha1b
p4ha2,p4ha2
p4ha3,p4ha3
p4hb,p4hb
p4htm,p4htm
pa2g4a,pa2g4a
pa2g4b,pa2g4b
pabpc1a,pabpc1a
pabpc1b,pabpc1b
pabpc1l,pabpc1l
pabpc4,pabpc4
pabpn1,pabpn1
pabpn1l,pabpn1l
pacrg,pacrg
pacs1a,pacs1a
pacs2,pacs2
pacsin1a,pacsin1a
pacsin1b,pacsin1b
pacsin2,pacsin2
pacsin3,pacsin3
padi2,padi2
paf1,paf1
pafah1b1a,pafah1b1a
pafah1b1b,pafah1b1b
pafah1b2,pafah1b2
pafah1b3,pafah1b3
pag1,pag1
pagr1,pagr1
pah,pah
paics,paics
paip1,paip1
paip2b,paip2b
pak1,pak1
pak1ip1,pak1ip1
pak2a,pak2a
pak2b,pak2b
pak4,pak4
pak6a,pak6a
pak6b,pak6b
pak7,pak7
palb2,palb2
pald1a,pald1a
pald1b,pald1b
palld,palld
palm1a,palm1a
palm1b,palm1b
palm2,palm2
palm3,palm3
palmda,palmda
palmdb,palmdb
pam,pam
pam16,pam16
pamr1,pamr1
pan2,pan2
pan3,pan3
pane1,pane1
pank1a,pank1a
pank1b,pank1b
pank2,pank2
pank4,pank4
panx1a,panx1a
panx1b,panx1b
panx2,panx2
panx3,panx3
PAOX,PAOX
paox1,paox1
paplna,paplna
paplnb,paplnb
papola,papola
papolg,papolg
pappa2,pappa2
pappaa,pappaa
pappab,pappab
papss1,papss1
papss2a,papss2a
papss2b,papss2b
paqr3a,paqr3a
paqr3b,paqr3b
paqr4a,paqr4a
paqr4b,paqr4b
paqr5a,paqr5a
paqr5b,paqr5b
paqr6,paqr6
paqr7a,paqr7a
paqr7b,paqr7b
paqr8,paqr8
PAQR9,PAQR9
parapinopsina,parapinopsina
parapinopsinb,parapinopsinb
PARD3,PARD3
pard3ab,pard3ab
pard3bb,pard3bb
pard6a,pard6a
pard6b,pard6b
pard6ga,pard6ga
pard6gb,pard6gb
parga,parga
pargl,pargl
parietopsin,parietopsin
park7,park7
parm1,parm1
parn,parn
parp1,parp1
parp11,parp11
parp12a,parp12a
parp12b,parp12b
parp16,parp16
parp2,parp2
parp3,parp3
parp4,parp4
parp6a,parp6a
parp6b,parp6b
parp8,parp8
parp9,parp9
parpbp,parpbp
pars2,pars2
parvaa,parvaa
parvab,parvab
parvb,parvb
parvg,parvg
pask,pask
patj,patj
patl1,patl1
patl2,patl2
patz1,patz1
pawr,pawr
pax1a,pax1a
pax1b,pax1b
pax2a,pax2a
pax2b,pax2b
pax3a,pax3a
pax3b,pax3b
pax4,pax4
pax5,pax5
pax6a,pax6a
pax6b,pax6b
pax7a,pax7a
pax8,pax8
pax9,pax9
PAXBP1,PAXBP1
paxip1,paxip1
paxx,paxx
pbdc1,pbdc1
pbk,pbk
pbld,pbld
pbld2,pbld2
pbrm1,pbrm1
pbrm1l,pbrm1l
pbx1a,pbx1a
pbx1b,pbx1b
pbx2,pbx2
pbx3a,pbx3a
pbx3b,pbx3b
pbx4,pbx4
pbxip1a,pbxip1a
pbxip1b,pbxip1b
pcbd1,pcbd1
pcbp2,pcbp2
pcbp3,pcbp3
pcca,pcca
pccb,pccb
pcdh10a,pcdh10a
pcdh10b,pcdh10b
pcdh11,pcdh11
pcdh12,pcdh12
pcdh15a,pcdh15a
pcdh15b,pcdh15b
pcdh17,pcdh17
pcdh18a,pcdh18a
pcdh18b,pcdh18b
pcdh19,pcdh19
pcdh1a,pcdh1a
pcdh1a3,pcdh1a3
pcdh1a4,pcdh1a4
pcdh1b,pcdh1b
pcdh1g1,pcdh1g1
pcdh1g13,pcdh1g13
pcdh1g14,pcdh1g14
pcdh1g18,pcdh1g18
pcdh1g2,pcdh1g2
pcdh1g22,pcdh1g22
pcdh1g26,pcdh1g26
pcdh1g29,pcdh1g29
pcdh1g3,pcdh1g3
pcdh1g30,pcdh1g30
pcdh1g31,pcdh1g31
pcdh1g32,pcdh1g32
pcdh1gb9,pcdh1gb9
pcdh1gc5,pcdh1gc5
pcdh1gc6,pcdh1gc6
pcdh2ab10,pcdh2ab10
pcdh2ab11,pcdh2ab11
pcdh2ab12,pcdh2ab12
pcdh2ab2,pcdh2ab2
pcdh2ab7,pcdh2ab7
pcdh2ab9,pcdh2ab9
pcdh2g17,pcdh2g17
pcdh2g8,pcdh2g8
pcdh7a,pcdh7a
pcdh7b,pcdh7b
pcdh9,pcdh9
pcf11,pcf11
pcgf1,pcgf1
pcgf3,pcgf3
pcgf5a,pcgf5a
pcgf5b,pcgf5b
pcgf6,pcgf6
pcid2,pcid2
pcif1,pcif1
pck1,pck1
pck2,pck2
pclaf,pclaf
pcloa,pcloa
pclob,pclob
pcm1,pcm1
pcmt,pcmt
pcmtd1,pcmtd1
pcmtd2,pcmtd2
pcmtl,pcmtl
pcna,pcna
pcnp,pcnp
pcnt,pcnt
pcnx1,pcnx1
pcnx2,pcnx2
pcnx3,pcnx3
pcnx4,pcnx4
pcolce2a,pcolce2a
pcolce2b,pcolce2b
pcolcea,pcolcea
pcolceb,pcolceb
PCP4,PCP4
pcp4a,pcp4a
pcp4l1,pcp4l1
pcsk1,pcsk1
pcsk1nl,pcsk1nl
pcsk2,pcsk2
pcsk5a,pcsk5a
pcsk5b,pcsk5b
pcsk6,pcsk6
pcsk7,pcsk7
pcsk9,pcsk9
pctp,pctp
pcxa,pcxa
pcxb,pcxb
pcyox1,pcyox1
pcyox1l,pcyox1l
pcyt1aa,pcyt1aa
pcyt1ab,pcyt1ab
pcyt1ba,pcyt1ba
pcyt1bb,pcyt1bb
pcyt2,pcyt2
pdap1a,pdap1a
pdap1b,pdap1b
pdcb,pdcb
pdcd10a,pdcd10a
pdcd10b,pdcd10b
pdcd11,pdcd11
pdcd2,pdcd2
pdcd2l,pdcd2l
pdcd4a,pdcd4a
pdcd4b,pdcd4b
pdcd5,pdcd5
pdcd6,pdcd6
pdcd6ip,pdcd6ip
pdcd7,pdcd7
pdcl,pdcl
PDCL3,PDCL3
pde10a,pde10a
pde11a,pde11a
pde11al,pde11al
pde12,pde12
pde1a,pde1a
pde3a,pde3a
PDE3B,PDE3B
pde4a,pde4a
pde4ba,pde4ba
pde4bb,pde4bb
pde4ca,pde4ca
pde4cb,pde4cb
pde4d,pde4d
pde5aa,pde5aa
pde5ab,pde5ab
pde6a,pde6a
pde6b,pde6b
pde6c,pde6c
pde6d,pde6d
pde6ga,pde6ga
pde6gb,pde6gb
pde6h,pde6h
pde6ha,pde6ha
pde7a,pde7a
pde8b,pde8b
pde9a,pde9a
pde9al,pde9al
pdf,pdf
pdgfaa,pdgfaa
pdgfab,pdgfab
pdgfba,pdgfba
pdgfbb,pdgfbb
pdgfc,pdgfc
pdgfd,pdgfd
pdgfra,pdgfra
pdgfrb,pdgfrb
pdgfrl,pdgfrl
pdha1a,pdha1a
pdha1b,pdha1b
pdhb,pdhb
pdhx,pdhx
pdia2,pdia2
pdia3,pdia3
pdia4,pdia4
pdia5,pdia5
pdia6,pdia6
pdik1l,pdik1l
pdk1,pdk1
pdk2a,pdk2a
pdk2b,pdk2b
pdk3a,pdk3a
pdk3b,pdk3b
pdk4,pdk4
pdlim1,pdlim1
pdlim2,pdlim2
pdlim3a,pdlim3a
pdlim3b,pdlim3b
pdlim4,pdlim4
pdlim5a,pdlim5a
pdlim5b,pdlim5b
pdlim7,pdlim7
pdp1,pdp1
pdp2,pdp2
pdpk1a,pdpk1a
pdpk1b,pdpk1b
PDPR,PDPR
pdrg1,pdrg1
pds5a,pds5a
pds5b,pds5b
pdss1,pdss1
pdss2,pdss2
pdx1,pdx1
pdxdc1,pdxdc1
pdxka,pdxka
pdxkb,pdxkb
pdxp,pdxp
pdyn,pdyn
pdzd11,pdzd11
pdzd2,pdzd2
pdzd3a,pdzd3a
pdzd3b,pdzd3b
PDZD4,PDZD4
pdzd7a,pdzd7a
pdzd8,pdzd8
pdzk1,pdzk1
pdzk1ip1,pdzk1ip1
pdzph1,pdzph1
pdzrn3a,pdzrn3a
pdzrn3b,pdzrn3b
pdzrn4,pdzrn4
pea15,pea15
peak1,peak1
peak3,peak3
pear1,pear1
pebp1,pebp1
PEBP4,PEBP4
pecam1,pecam1
pecr,pecr
pef1,pef1
peli1a,peli1a
peli1b,peli1b
peli2,peli2
peli3,peli3
pelo,pelo
pelp1,pelp1
pemt,pemt
penka,penka
penkb,penkb
pepd,pepd
per1a,per1a
per1b,per1b
per2,per2
per3,per3
perp,perp
pes,pes
pet100,pet100
pet117,pet117
pex1,pex1
pex10,pex10
pex11a,pex11a
pex11b,pex11b
pex11g,pex11g
pex12,pex12
pex13,pex13
pex14,pex14
pex16,pex16
pex19,pex19
pex2,pex2
pex26,pex26
pex3,pex3
pex5,pex5
pex5la,pex5la
pex5lb,pex5lb
pex7,pex7
pfas,pfas
pfdn1,pfdn1
pfdn2,pfdn2
pfdn4,pfdn4
pfdn5,pfdn5
pfdn6,pfdn6
pfkfb1,pfkfb1
pfkfb2a,pfkfb2a
pfkfb2b,pfkfb2b
pfkfb3,pfkfb3
pfkfb4a,pfkfb4a
pfkfb4b,pfkfb4b
pfkla,pfkla
pfklb,pfklb
pfkma,pfkma
pfkmb,pfkmb
pfkpa,pfkpa
pfkpb,pfkpb
pfn1,pfn1
pfn2,pfn2
pfn2l,pfn2l
pgam1a,pgam1a
pgam1b,pgam1b
pgam5,pgam5
pgap1,pgap1
pgap2,pgap2
pgap3,pgap3
pgbd4,pgbd4
pgbd5,pgbd5
pgd,pgd
pgfb,pgfb
pgghg,pgghg
pggt1b,pggt1b
pgk1,pgk1
pgls,pgls
pglyrp2,pglyrp2
pglyrp5,pglyrp5
pglyrp6,pglyrp6
pgm1,pgm1
pgm2,pgm2
pgm2l1,pgm2l1
pgm3,pgm3
pgm5,pgm5
pgp,pgp
pgpep1,pgpep1
pgpep1l,pgpep1l
pgr,pgr
pgrmc1,pgrmc1
pgrmc2,pgrmc2
pgs1,pgs1
phactr1,phactr1
phactr2,phactr2
phactr3a,phactr3a
phactr3b,phactr3b
phactr4a,phactr4a
phactr4b,phactr4b
phax,phax
phb,phb
phb2a,phb2a
phb2b,phb2b
phc1,phc1
phc2a,phc2a
phc2b,phc2b
phc3,phc3
phex,phex
phf1,phf1
phf10,phf10
phf11,phf11
phf12a,phf12a
phf12b,phf12b
phf13,phf13
phf14,phf14
phf19,phf19
phf2,phf2
phf20a,phf20a
phf20b,phf20b
phf20l1,phf20l1
phf21aa,phf21aa
phf21ab,phf21ab
PHF21B,PHF21B
phf23a,phf23a
phf23b,phf23b
phf24,phf24
phf3,phf3
phf5a,phf5a
phf6,phf6
phf8,phf8
phgdh,phgdh
phip,phip
phka1b,phka1b
phka2,phka2
phkb,phkb
phkg1a,phkg1a
phkg1b,phkg1b
phkg2,phkg2
phlda1,phlda1
phlda2,phlda2
phlda3,phlda3
phldb1a,phldb1a
phldb1b,phldb1b
phldb2a,phldb2a
phldb2b,phldb2b
phlpp1,phlpp1
phlpp2,phlpp2
pho,pho
phospho1,phospho1
phospho2,phospho2
phox2a,phox2a
phox2ba,phox2ba
phox2bb,phox2bb
phpt1,phpt1
phrf1,phrf1
phtf2,phtf2
phyh,phyh
phyhd1,phyhd1
phyhip,phyhip
phyhipla,phyhipla
phyhiplb,phyhiplb
phykpl,phykpl
pi15a,pi15a
pi15b,pi15b
pi4k2a,pi4k2a
pi4k2b,pi4k2b
pi4kaa,pi4kaa
pi4kab,pi4kab
pi4kb,pi4kb
pias1a,pias1a
pias1b,pias1b
pias2,pias2
pias4a,pias4a
pias4b,pias4b
pibf1,pibf1
picalma,picalma
picalmb,picalmb
pick1,pick1
pid1,pid1
pidd1,pidd1
piezo1,piezo1
piezo2a.2,piezo2a.2
pif1,pif1
piga,piga
pigb,pigb
pigbos1,pigbos1
pigc,pigc
pigf,pigf
PIGG,PIGG
pigh,pigh
pigk,pigk
pigl,pigl
pigm,pigm
pign,pign
pigo,pigo
pigp,pigp
pigq,pigq
pigr,pigr
pigrl2.3,pigrl2.3
pigrl3.5,pigrl3.5
pigrl4.2,pigrl4.2
pigs,pigs
pigt,pigt
pigu,pigu
pigv,pigv
pigw,pigw
pigx,pigx
pih1d1,pih1d1
pih1d3,pih1d3
pik3ap1,pik3ap1
pik3c2a,pik3c2a
pik3c2b,pik3c2b
pik3c2g,pik3c2g
pik3c3,pik3c3
pik3ca,pik3ca
pik3cb,pik3cb
pik3cd,pik3cd
pik3cg,pik3cg
pik3ip1,pik3ip1
pik3r1,pik3r1
pik3r2,pik3r2
pik3r3a,pik3r3a
pik3r3b,pik3r3b
pik3r4,pik3r4
pik3r5,pik3r5
pik3r6a,pik3r6a
pik3r6b,pik3r6b
pikfyve,pikfyve
pim1,pim1
pim2,pim2
pim3,pim3
pimr109,pimr109
pimr110,pimr110
pimr111,pimr111
pimr125,pimr125
pimr128,pimr128
pimr129,pimr129
pimr130,pimr130
pimr131,pimr131
pimr135,pimr135
pimr137,pimr137
pimr138,pimr138
pimr140,pimr140
pimr141,pimr141
pimr143,pimr143
pimr173,pimr173
pimr175,pimr175
pimr176,pimr176
pimr178,pimr178
pimr179,pimr179
pimr180,pimr180
pimr182,pimr182
pimr183,pimr183
pimr184,pimr184
pimr185,pimr185
pimr186,pimr186
pimr188,pimr188
pimr189,pimr189
pimr190,pimr190
pimr191,pimr191
pimr196,pimr196
pimr199,pimr199
pimr201,pimr201
pimr207,pimr207
pimr209,pimr209
pimr212,pimr212
pimr46,pimr46
pimr55,pimr55
pimr65,pimr65
pimr67,pimr67
pimr68,pimr68
pimr70,pimr70
pimr80,pimr80
pimr82,pimr82
pimr83,pimr83
pimr88,pimr88
pimr89,pimr89
pimr90,pimr90
pimr92,pimr92
pimr93,pimr93
pimr94,pimr94
pin1,pin1
pin4,pin4
pink1,pink1
pinx1,pinx1
pip4k2aa,pip4k2aa
pip4k2ab,pip4k2ab
pip4k2ca,pip4k2ca
pip4k2cb,pip4k2cb
pip4p1a,pip4p1a
pip4p1b,pip4p1b
pip4p2,pip4p2
pip5k1aa,pip5k1aa
pip5k1ab,pip5k1ab
pip5k1ba,pip5k1ba
pip5k1bb,pip5k1bb
pip5k1ca,pip5k1ca
pip5k1cb,pip5k1cb
pip5kl1,pip5kl1
pipox,pipox
pir,pir
pisd,pisd
pithd1,pithd1
pitpnaa,pitpnaa
pitpnb,pitpnb
pitpnbl,pitpnbl
PITPNC1,PITPNC1
pitpnc1b,pitpnc1b
PITPNM2,PITPNM2
pitpnm3,pitpnm3
pitrm1,pitrm1
pitx1,pitx1
pitx2,pitx2
pitx3,pitx3
piwil1,piwil1
piwil2,piwil2
pja2,pja2
pjvk,pjvk
pkd1a,pkd1a
pkd1b,pkd1b
pkd1l1,pkd1l1
pkd1l2b,pkd1l2b
pkd1l3,pkd1l3
pkd2,pkd2
pkd2l1,pkd2l1
pkdc,pkdc
pkdcca,pkdcca
pkdccb,pkdccb
pkhd1l1,pkhd1l1
pkib,pkib
pkig,pkig
pklr,pklr
pkma,pkma
pkmb,pkmb
pkmyt1,pkmyt1
pkn1a,pkn1a
pkn1b,pkn1b
pkn3,pkn3
pknox1.1,pknox1.1
pknox1.2,pknox1.2
pknox2,pknox2
pkp1b,pkp1b
pkp2,pkp2
pkp3a,pkp3a
pkp3b,pkp3b
pkp4,pkp4
pkz,pkz
pla2g12a,pla2g12a
pla2g12b,pla2g12b
pla2g15,pla2g15
pla2g1b,pla2g1b
pla2g3,pla2g3
pla2g4aa,pla2g4aa
pla2g4ab,pla2g4ab
pla2g4f.1,pla2g4f.1
pla2g4f.2,pla2g4f.2
pla2g6,pla2g6
pla2g7,pla2g7
pla2r1,pla2r1
plaa,plaa
plac8.1,plac8.1
plac8.2,plac8.2
plac8l1,plac8l1
plag1,plag1
plagl2,plagl2
plagx,plagx
plat,plat
plaua,plaua
plaub,plaub
plbd1,plbd1
PLBD2,PLBD2
plcb3,plcb3
plcd1a,plcd1a
plcd1b,plcd1b
plcd3a,plcd3a
plcd3b,plcd3b
plcd4a,plcd4a
plcd4b,plcd4b
plce1,plce1
plcg1,plcg1
plcg2,plcg2
plch1,plch1
plch2a,plch2a
plch2b,plch2b
plcl1,plcl1
plcxd1,plcxd1
plcxd2,plcxd2
plcxd3,plcxd3
pld1a,pld1a
pld1b,pld1b
pld2,pld2
pld3,pld3
pld6,pld6
pleca,pleca
plecb,plecb
plek,plek
plek2,plek2
plekha1a,plekha1a
plekha1b,plekha1b
plekha3,plekha3
plekha5,plekha5
plekha6,plekha6
plekha7a,plekha7a
plekha7b,plekha7b
plekha8,plekha8
PLEKHB1,PLEKHB1
plekhb2,plekhb2
plekhd1,plekhd1
plekhf1,plekhf1
plekhf2,plekhf2
plekhg2,plekhg2
plekhg4,plekhg4
plekhg5a,plekhg5a
plekhg5b,plekhg5b
plekhg6,plekhg6
plekhg7,plekhg7
plekhh1,plekhh1
plekhh2,plekhh2
PLEKHH3,PLEKHH3
plekhm1,plekhm1
plekhm2,plekhm2
plekhm3,plekhm3
plekhn1,plekhn1
plekho1a,plekho1a
plekho1b,plekho1b
plekho2,plekho2
plekhs1,plekhs1
plg,plg
plgrkt,plgrkt
plin1,plin1
plin2,plin2
plin6,plin6
plk1,plk1
plk2a,plk2a
plk2b,plk2b
plk3,plk3
plk4,plk4
pllp,pllp
pln,pln
plod1a,plod1a
plod2,plod2
plod3,plod3
plp1a,plp1a
plp1b,plp1b
plp2,plp2
plpbp,plpbp
plpp1a,plpp1a
plpp2a,plpp2a
plpp2b,plpp2b
plpp3,plpp3
plpp4,plpp4
plpp5,plpp5
plpp6,plpp6
plpp7,plpp7
plppr1,plppr1
plppr2a,plppr2a
plppr2b,plppr2b
plppr3a,plppr3a
plppr3b,plppr3b
plppr4a,plppr4a
plppr5a,plppr5a
plppr5b,plppr5b
plrg1,plrg1
pls1,pls1
pls3,pls3
plscr3a,plscr3a
plscr3b,plscr3b
pltp,pltp
plvapa,plvapa
plvapb,plvapb
plxdc1,plxdc1
plxdc2,plxdc2
plxna1a,plxna1a
plxna2,plxna2
plxna3,plxna3
plxna4,plxna4
plxnb1a,plxnb1a
plxnb1b,plxnb1b
plxnb2a,plxnb2a
plxnb2b,plxnb2b
plxnb3,plxnb3
plxnc1,plxnc1
plxnd1,plxnd1
pm20d1.1,pm20d1.1
pm20d1.2,pm20d1.2
pmaip1,pmaip1
pmch,pmch
pmchl,pmchl
pmela,pmela
pmelb,pmelb
pmepa1,pmepa1
pmfbp1,pmfbp1
pmm2,pmm2
pmp22a,pmp22a
pmp22b,pmp22b
pmpca,pmpca
pmpcb,pmpcb
pms1,pms1
pms2,pms2
pmt,pmt
pmvk,pmvk
pnisr,pnisr
pnkd,pnkd
pnkp,pnkp
pnn,pnn
pno1,pno1
pnoca,pnoca
pnocb,pnocb
pnp4a,pnp4a
pnp5a,pnp5a
pnp5b,pnp5b
pnp6,pnp6
pnpla2,pnpla2
pnpla3,pnpla3
pnpla4,pnpla4
pnpla6,pnpla6
pnpla7a,pnpla7a
pnpla7b,pnpla7b
pnpla8,pnpla8
pnpo,pnpo
pnrc1,pnrc1
pnrc2,pnrc2
pnx,pnx
poc1a,poc1a
poc1b,poc1b
poc1bl,poc1bl
poc5,poc5
podn,podn
podxl,podxl
pof1b,pof1b
pofut1,pofut1
pofut2,pofut2
poglut1,poglut1
pogza,pogza
pogzb,pogzb
pola1,pola1
pola2,pola2
polb,polb
pold1,pold1
pold2,pold2
pold3,pold3
poldip2,poldip2
poldip3,poldip3
pole,pole
pole2,pole2
pole3,pole3
pole4,pole4
polg,polg
polg2,polg2
polh,polh
poli,poli
polk,polk
poll,poll
polm,polm
poln,poln
polq,polq
polr1a,polr1a
polr1b,polr1b
polr1c,polr1c
polr1d,polr1d
polr1e,polr1e
polr2a,polr2a
polr2b,polr2b
polr2c,polr2c
polr2d,polr2d
POLR2E,POLR2E
polr2eb,polr2eb
polr2f,polr2f
polr2gl,polr2gl
polr2h,polr2h
polr2i,polr2i
polr2j,polr2j
polr2k,polr2k
polr2l,polr2l
polr2m,polr2m
polr3a,polr3a
polr3b,polr3b
polr3c,polr3c
polr3d,polr3d
polr3e,polr3e
polr3f,polr3f
polr3g,polr3g
polr3gla,polr3gla
polr3h,polr3h
polr3k,polr3k
polrmt,polrmt
pom121,pom121
pomca,pomca
pomcb,pomcb
pomgnt1,pomgnt1
pomgnt2,pomgnt2
pomk,pomk
pomp,pomp
pomt1,pomt1
pomt2,pomt2
pon1,pon1
pon2,pon2
pon3.2,pon3.2
ponzr1,ponzr1
ponzr2,ponzr2
ponzr3,ponzr3
ponzr4,ponzr4
ponzr5,ponzr5
ponzr6,ponzr6
pop1,pop1
pop4,pop4
pop5,pop5
pop7,pop7
popdc3,popdc3
pora,pora
porb,porb
porcn,porcn
porcnl,porcnl
postna,postna
postnb,postnb
pot1,pot1
pou1f1,pou1f1
pou2f1b,pou2f1b
pou2f3,pou2f3
pou3f1,pou3f1
pou3f2a,pou3f2a
pou3f2b,pou3f2b
pou3f3a,pou3f3a
pou3f3b,pou3f3b
pou4f2,pou4f2
pou4f3,pou4f3
pou5f3,pou5f3
pou6f1,pou6f1
pou6f2,pou6f2
ppa1a,ppa1a
ppa1b,ppa1b
ppa2,ppa2
ppan,ppan
ppap2d,ppap2d
pparaa,pparaa
pparab,pparab
pparda,pparda
ppardb,ppardb
pparg,pparg
ppargc1a,ppargc1a
ppargc1b,ppargc1b
ppat,ppat
ppcdc,ppcdc
ppcs,ppcs
ppdpfa,ppdpfa
ppdpfb,ppdpfb
ppef1,ppef1
ppef2b,ppef2b
ppfia1,ppfia1
ppfia2,ppfia2
ppfia4,ppfia4
ppfibp1b,ppfibp1b
ppfibp2a,ppfibp2a
ppfibp2b,ppfibp2b
pphln1,pphln1
ppiaa,ppiaa
ppiab,ppiab
ppib,ppib
ppic,ppic
ppid,ppid
ppie,ppie
ppifa,ppifa
ppifb,ppifb
ppig,ppig
ppih,ppih
ppil1,ppil1
ppil2,ppil2
ppil3,ppil3
ppil4,ppil4
ppil6,ppil6
ppip5k1b,ppip5k1b
ppip5k2,ppip5k2
ppl,ppl
ppm1aa,ppm1aa
ppm1ab,ppm1ab
ppm1ba,ppm1ba
ppm1bb,ppm1bb
ppm1da,ppm1da
ppm1db,ppm1db
ppm1e,ppm1e
ppm1f,ppm1f
ppm1g,ppm1g
ppm1h,ppm1h
ppm1j,ppm1j
ppm1k,ppm1k
ppm1la,ppm1la
ppm1lb,ppm1lb
ppm1na,ppm1na
ppm1nb,ppm1nb
ppme1,ppme1
ppox,ppox
ppp1caa,ppp1caa
ppp1cab,ppp1cab
ppp1cb,ppp1cb
ppp1cbl,ppp1cbl
ppp1r10,ppp1r10
ppp1r11,ppp1r11
ppp1r12a,ppp1r12a
ppp1r12c,ppp1r12c
ppp1r13ba,ppp1r13ba
ppp1r13bb,ppp1r13bb
ppp1r13l,ppp1r13l
ppp1r14aa,ppp1r14aa
ppp1r14ab,ppp1r14ab
ppp1r14ba,ppp1r14ba
ppp1r14bb,ppp1r14bb
ppp1r14c,ppp1r14c
ppp1r15a,ppp1r15a
ppp1r16a,ppp1r16a
ppp1r16b,ppp1r16b
ppp1r18,ppp1r18
ppp1r1b,ppp1r1b
ppp1r1c,ppp1r1c
ppp1r2,ppp1r2
ppp1r21,ppp1r21
ppp1r26,ppp1r26
ppp1r27b,ppp1r27b
ppp1r35,ppp1r35
ppp1r36,ppp1r36
ppp1r37,ppp1r37
ppp1r3aa,ppp1r3aa
ppp1r3ab,ppp1r3ab
ppp1r3b,ppp1r3b
ppp1r3ca,ppp1r3ca
ppp1r3cb,ppp1r3cb
ppp1r3da,ppp1r3da
ppp1r3db,ppp1r3db
ppp1r42,ppp1r42
ppp1r7,ppp1r7
ppp1r8a,ppp1r8a
ppp1r8b,ppp1r8b
ppp1r9a,ppp1r9a
ppp1r9ala,ppp1r9ala
ppp1r9alb,ppp1r9alb
ppp1r9ba,ppp1r9ba
ppp1r9bb,ppp1r9bb
ppp2cb,ppp2cb
ppp2r1ba,ppp2r1ba
ppp2r1bb,ppp2r1bb
ppp2r2aa,ppp2r2aa
ppp2r2ab,ppp2r2ab
ppp2r2bb,ppp2r2bb
ppp2r2cb,ppp2r2cb
ppp2r2d,ppp2r2d
ppp2r3a,ppp2r3a
ppp2r3b,ppp2r3b
ppp2r3c,ppp2r3c
ppp2r5a,ppp2r5a
ppp2r5b,ppp2r5b
ppp2r5ca,ppp2r5ca
ppp2r5cb,ppp2r5cb
ppp2r5d,ppp2r5d
ppp2r5ea,ppp2r5ea
ppp2r5eb,ppp2r5eb
ppp3ca,ppp3ca
ppp3cb,ppp3cb
ppp3cca,ppp3cca
ppp3ccb,ppp3ccb
ppp3r1a,ppp3r1a
ppp3r1b,ppp3r1b
ppp4ca,ppp4ca
ppp4cb,ppp4cb
ppp4r1,ppp4r1
ppp4r1l,ppp4r1l
ppp4r2a,ppp4r2a
ppp4r2b,ppp4r2b
ppp4r3b,ppp4r3b
ppp4r4,ppp4r4
ppp5c,ppp5c
ppp6c,ppp6c
ppp6r2a,ppp6r2a
ppp6r2b,ppp6r2b
ppp6r3,ppp6r3
pprc1,pprc1
ppt1,ppt1
ppt2,ppt2
pptc7a,pptc7a
pptc7b,pptc7b
ppwd1,ppwd1
pqbp1,pqbp1
PQLC1,PQLC1
pqlc2,pqlc2
pqlc3,pqlc3
praf2,praf2
prc1a,prc1a
prc1b,prc1b
prcc,prcc
prcd,prcd
prcp,prcp
prdm10,prdm10
prdm11,prdm11
prdm12a,prdm12a
prdm12b,prdm12b
prdm13,prdm13
prdm14,prdm14
PRDM15,PRDM15
prdm1a,prdm1a
prdm1b,prdm1b
prdm1c,prdm1c
prdm2a,prdm2a
prdm2b,prdm2b
prdm4,prdm4
prdm5,prdm5
prdm6,prdm6
prdm8,prdm8
prdm8b,prdm8b
prdm9,prdm9
prdx1,prdx1
prdx2,prdx2
prdx3,prdx3
prdx4,prdx4
prdx5,prdx5
prdx6,prdx6
preb,preb
prelid1a,prelid1a
prelid1b,prelid1b
prelid3a,prelid3a
prelid3b,prelid3b
prelp,prelp
prep,prep
prepl,prepl
prex1,prex1
prex2,prex2
prf1.1,prf1.1
prf1.3,prf1.3
prf1.5,prf1.5
prf1.6,prf1.6
prf1.7,prf1.7
prf1.9,prf1.9
prg4a,prg4a
prg4b,prg4b
prickle1a,prickle1a
prickle1b,prickle1b
prickle2a,prickle2a
prickle2b,prickle2b
prickle3,prickle3
prim1,prim1
prim2,prim2
primpol,primpol
prkaa1,prkaa1
prkaa2,prkaa2
prkab1a,prkab1a
prkab1b,prkab1b
prkacab,prkacab
prkacba,prkacba
prkacbb,prkacbb
prkag1,prkag1
prkag2a,prkag2a
prkag2b,prkag2b
prkag3a,prkag3a
prkag3b,prkag3b
prkar1aa,prkar1aa
prkar1ab,prkar1ab
prkar1b,prkar1b
prkar2aa,prkar2aa
prkar2ab,prkar2ab
PRKAR2B,PRKAR2B
prkcaa,prkcaa
prkcab,prkcab
prkcba,prkcba
prkcbb,prkcbb
prkcbp1l,prkcbp1l
prkcda,prkcda
prkcdb,prkcdb
prkcea,prkcea
prkceb,prkceb
prkcg,prkcg
prkcha,prkcha
prkchb,prkchb
prkci,prkci
prkcq,prkcq
prkcsh,prkcsh
prkcz,prkcz
prkd1,prkd1
prkd2,prkd2
prkd3,prkd3
prkdc,prkdc
prkg1b,prkg1b
prkg2,prkg2
prkn,prkn
prkra,prkra
prkrip1,prkrip1
prkx,prkx
prl,prl
prl2,prl2
prlh,prlh
prlh2r,prlh2r
PRLHR,PRLHR
prlhr2a,prlhr2a
prlra,prlra
prlrb,prlrb
prmt1,prmt1
prmt2,prmt2
prmt3,prmt3
prmt5,prmt5
prmt6,prmt6
prmt7,prmt7
PRMT8,PRMT8
prmt8b,prmt8b
prmt9,prmt9
prnpa,prnpa
prnpb,prnpb
prnprs3,prnprs3
prob1,prob1
proca,proca
proca1,proca1
prodha,prodha
prodhb,prodhb
prok1,prok1
prok2,prok2
prokr1a,prokr1a
prokr1b,prokr1b
prom1a,prom1a
prom1b,prom1b
prom2,prom2
pros1,pros1
proser1,proser1
proser2,proser2
proser3,proser3
prox1b,prox1b
prox2,prox2
proza,proza
prozb,prozb
prp,prp
prpf18,prpf18
prpf19,prpf19
prpf3,prpf3
prpf31,prpf31
prpf38a,prpf38a
prpf38b,prpf38b
prpf39,prpf39
prpf4,prpf4
prpf40a,prpf40a
prpf4ba,prpf4ba
prpf4bb,prpf4bb
prpf6,prpf6
prpf8,prpf8
prph,prph
prph2a,prph2a
prph2b,prph2b
prph2l,prph2l
prps1a,prps1a
prps1b,prps1b
prpsap1,prpsap1
prpsap2,prpsap2
prr11,prr11
prr12a,prr12a
prr12b,prr12b
prr13,prr13
prr14,prr14
prr15la,prr15la
prr15lb,prr15lb
prr16,prr16
prr18,prr18
prr33,prr33
prr5a,prr5a
prr7,prr7
prrc1,prrc1
prrc2a,prrc2a
PRRC2B,PRRC2B
prrc2c,prrc2c
prrg1,prrg1
prrg2,prrg2
PRRG3,PRRG3
prrg4,prrg4
prrt1,prrt1
prrt2,prrt2
prrt4,prrt4
prrx1a,prrx1a
prss1,prss1
prss12,prss12
prss16,prss16
prss23,prss23
prss35,prss35
prss59.1,prss59.1
prss59.2,prss59.2
prss60.1,prss60.1
prss60.2,prss60.2
prss60.3,prss60.3
prtfdc1,prtfdc1
prtgb,prtgb
prune,prune
prune2,prune2
prx,prx
prxl2b,prxl2b
prxl2c,prxl2c
psap,psap
psat1,psat1
psd2,psd2
psd3l,psd3l
psda,psda
psen1,psen1
psen2,psen2
psenen,psenen
psip1a,psip1a
psip1b,psip1b
pskh1,pskh1
psma1,psma1
psma2,psma2
psma3,psma3
psma4,psma4
psma5,psma5
psma6a,psma6a
psma6b,psma6b
psma6l,psma6l
psma8,psma8
psmb1,psmb1
psmb11a,psmb11a
psmb11b,psmb11b
psmb12,psmb12
psmb13a,psmb13a
psmb2,psmb2
psmb3,psmb3
psmb4,psmb4
psmb5,psmb5
psmb6,psmb6
psmb7,psmb7
psmb8a,psmb8a
psmb9a,psmb9a
psmc1a,psmc1a
psmc1b,psmc1b
psmc2,psmc2
psmc3,psmc3
psmc3ip,psmc3ip
psmc4,psmc4
psmc5,psmc5
psmc6,psmc6
psmd1,psmd1
psmd10,psmd10
psmd11a,psmd11a
psmd11b,psmd11b
psmd12,psmd12
psmd13,psmd13
psmd14,psmd14
psmd3,psmd3
psmd4a,psmd4a
psmd4b,psmd4b
psmd5,psmd5
psmd6,psmd6
psmd7,psmd7
psmd8,psmd8
psmd9,psmd9
psme1,psme1
psme2,psme2
psme3,psme3
psme4a,psme4a
psme4b,psme4b
psmf1,psmf1
psmg1,psmg1
psmg2,psmg2
psmg3,psmg3
pspc1,pspc1
psph,psph
PSTK,PSTK
pstpip1a,pstpip1a
pstpip1b,pstpip1b
pstpip2,pstpip2
ptafr,ptafr
ptar1,ptar1
ptbp1a,ptbp1a
ptbp1b,ptbp1b
ptbp2a,ptbp2a
ptbp2b,ptbp2b
ptbp3,ptbp3
ptcd1,ptcd1
ptcd2,ptcd2
ptcd3,ptcd3
ptch1,ptch1
ptch2,ptch2
ptchd1,ptchd1
ptchd4,ptchd4
ptdss1a,ptdss1a
ptdss1b,ptdss1b
ptdss2,ptdss2
ptena,ptena
ptenb,ptenb
pter,pter
ptf1a,ptf1a
ptgdsa,ptgdsa
ptgdsb.1,ptgdsb.1
ptgdsb.2,ptgdsb.2
ptger1a,ptger1a
ptger1b,ptger1b
ptger1c,ptger1c
ptger2a,ptger2a
ptger2b,ptger2b
ptger3,ptger3
ptger4a,ptger4a
ptger4b,ptger4b
ptges,ptges
ptges3a,ptges3a
ptges3b,ptges3b
ptgesl,ptgesl
ptgfr,ptgfr
ptgir,ptgir
ptgis,ptgis
ptgr1,ptgr1
ptgr2,ptgr2
ptgs1,ptgs1
ptgs2a,ptgs2a
ptgs2b,ptgs2b
pth1a,pth1a
pth1b,pth1b
pth1ra,pth1ra
pth1rb,pth1rb
pth2r,pth2r
pth4,pth4
pthlha,pthlha
pthlhb,pthlhb
ptk2aa,ptk2aa
ptk2ab,ptk2ab
ptk2ba,ptk2ba
ptk2bb,ptk2bb
ptk6a,ptk6a
ptk6b,ptk6b
ptk7a,ptk7a
ptk7b,ptk7b
ptmab,ptmab
ptn,ptn
ptp4a1,ptp4a1
ptp4a2a,ptp4a2a
ptp4a2b,ptp4a2b
ptp4a3,ptp4a3
ptpa,ptpa
ptpdc1a,ptpdc1a
ptpdc1b,ptpdc1b
ptpmt1,ptpmt1
ptpn1,ptpn1
ptpn11a,ptpn11a
ptpn11b,ptpn11b
ptpn12,ptpn12
ptpn13,ptpn13
ptpn18,ptpn18
ptpn20,ptpn20
ptpn21,ptpn21
ptpn22,ptpn22
ptpn23a,ptpn23a
ptpn23b,ptpn23b
ptpn2a,ptpn2a
ptpn2b,ptpn2b
ptpn3,ptpn3
ptpn4a,ptpn4a
ptpn4b,ptpn4b
ptpn5,ptpn5
ptpn6,ptpn6
ptpn9a,ptpn9a
ptpn9b,ptpn9b
ptpra,ptpra
ptprb,ptprb
ptprbl,ptprbl
ptprc,ptprc
PTPRD,PTPRD
ptprda,ptprda
ptprdb,ptprdb
ptprea,ptprea
ptpreb,ptpreb
ptprfa,ptprfa
ptprfb,ptprfb
ptprga,ptprga
ptprja,ptprja
ptprjb.1,ptprjb.1
ptprk,ptprk
ptprn2,ptprn2
ptprna,ptprna
ptprnb,ptprnb
ptpro,ptpro
ptprq,ptprq
ptprr,ptprr
ptprt,ptprt
ptprua,ptprua
ptprub,ptprub
ptprz1a,ptprz1a
ptprz1b,ptprz1b
ptrh1,ptrh1
ptrh2,ptrh2
ptrhd1,ptrhd1
pts,pts
pttg1,pttg1
pttg1ipa,pttg1ipa
pttg1ipb,pttg1ipb
ptx3a,ptx3a
ptx3b,ptx3b
ptx4,ptx4
pudp,pudp
puf60a,puf60a
puf60b,puf60b
pum1,pum1
pum2,pum2
pum3,pum3
puraa,puraa
purba,purba
purbb,purbb
purg,purg
pus1,pus1
pus10,pus10
pus3,pus3
pus7,pus7
pus7l,pus7l
pusl1,pusl1
pvalb1,pvalb1
pvalb2,pvalb2
pvalb3,pvalb3
pvalb4,pvalb4
pvalb5,pvalb5
pvalb6,pvalb6
pvalb7,pvalb7
pvalb8,pvalb8
pvalb9,pvalb9
pvrl2l,pvrl2l
pwp1,pwp1
pwp2h,pwp2h
pwwp2a,pwwp2a
pwwp2b,pwwp2b
pxdc1a,pxdc1a
pxdc1b,pxdc1b
pxdn,pxdn
pxk,pxk
pxmp2,pxmp2
PXMP4,PXMP4
pxna,pxna
pxnb,pxnb
pxylp1,pxylp1
pycard,pycard
pycr1a,pycr1a
pycr1b,pycr1b
pycr3,pycr3
pygb,pygb
pygl,pygl
pygma,pygma
pygmb,pygmb
pygo1,pygo1
pygo2,pygo2
pym1,pym1
pyroxd1,pyroxd1
pyroxd2,pyroxd2
PYURF,PYURF
pyya,pyya
pyyb,pyyb
qars,qars
qdpra,qdpra
qdprb1,qdprb1
qdprb2,qdprb2
qki2,qki2
qkia,qkia
qkib,qkib
qpct,qpct
qpctla,qpctla
qpctlb,qpctlb
qrfp,qrfp
qrfpr4,qrfpr4
qrfpra,qrfpra
qrich1,qrich1
qrsl1,qrsl1
qser1,qser1
qsox1,qsox1
qsox2,qsox2
qtrt1,qtrt1
qtrt2,qtrt2
quo,quo
r3hcc1,r3hcc1
r3hcc1l,r3hcc1l
r3hdm1,r3hdm1
r3hdm2,r3hdm2
r3hdm4,r3hdm4
r3hdml,r3hdml
rab10,rab10
rab11a,rab11a
rab11al,rab11al
rab11ba,rab11ba
rab11bb,rab11bb
rab11fip1a,rab11fip1a
rab11fip1b,rab11fip1b
rab11fip2,rab11fip2
rab11fip3,rab11fip3
rab11fip4a,rab11fip4a
rab11fip4b,rab11fip4b
rab11fip5a,rab11fip5a
rab12,rab12
rab13,rab13
rab14,rab14
rab14l,rab14l
rab15,rab15
rab18a,rab18a
rab18b,rab18b
RAB19,RAB19
rab1aa,rab1aa
rab1ab,rab1ab
rab1ba,rab1ba
rab1bb,rab1bb
rab20,rab20
rab21,rab21
rab22a,rab22a
rab23,rab23
rab24,rab24
rab25a,rab25a
rab25b,rab25b
rab27a,rab27a
rab27b,rab27b
rab28,rab28
rab2a,rab2a
rab30,rab30
rab32a,rab32a
rab32b,rab32b
rab33a,rab33a
rab33ba,rab33ba
rab34a,rab34a
rab34b,rab34b
rab35b,rab35b
rab36,rab36
rab38,rab38
rab38b,rab38b
rab38c,rab38c
rab39ba,rab39ba
rab3aa,rab3aa
rab3ab,rab3ab
rab3b,rab3b
rab3c,rab3c
rab3da,rab3da
rab3db,rab3db
rab3gap1,rab3gap1
rab3gap2,rab3gap2
rab3il1,rab3il1
rab3ip,rab3ip
rab40b,rab40b
rab40c,rab40c
rab41,rab41
rab42a,rab42a
rab42b,rab42b
rab43,rab43
rab44,rab44
rab4a,rab4a
rab4b,rab4b
rab5aa,rab5aa
rab5ab,rab5ab
rab5b,rab5b
rab5c,rab5c
rab5if,rab5if
rab6a,rab6a
rab6ba,rab6ba
rab6bb,rab6bb
rab7a,rab7a
rab7b,rab7b
rab8a,rab8a
rab8b,rab8b
rab9a,rab9a
rab9b,rab9b
rabac1,rabac1
rabep1,rabep1
rabep2,rabep2
rabepk,rabepk
rabgap1,rabgap1
rabgap1l,rabgap1l
rabgap1l2,rabgap1l2
rabgef1,rabgef1
rabgef1l,rabgef1l
rabggta,rabggta
rabggtb,rabggtb
rabif,rabif
rabl2,rabl2
rabl6a,rabl6a
rabl6b,rabl6b
RAC1,RAC1
rac1a,rac1a
rac1b,rac1b
rac1l,rac1l
rac2,rac2
rac3a,rac3a
rac3b,rac3b
racgap1,racgap1
rack1,rack1
rad1,rad1
rad17,rad17
rad18,rad18
rad21a,rad21a
rad21b,rad21b
rad21l1,rad21l1
rad23aa,rad23aa
rad23ab,rad23ab
rad23b,rad23b
rad50,rad50
rad51,rad51
rad51ap1,rad51ap1
rad51b,rad51b
rad51c,rad51c
rad51d,rad51d
rad52,rad52
rad54b,rad54b
rad54l,rad54l
rad54l2,rad54l2
rad9a,rad9a
rad9b,rad9b
radil,radil
radx,radx
rae1,rae1
raf1a,raf1a
raf1b,raf1b
rag1,rag1
rag2,rag2
rai1,rai1
rai14,rai14
ralaa,ralaa
ralab,ralab
ralba,ralba
ralbb,ralbb
ralbp1,ralbp1
ralgapa1,ralgapa1
ralgapa2,ralgapa2
ralgapb,ralgapb
RALGDS,RALGDS
ralgps1,ralgps1
ralgps2,ralgps2
raly,raly
ralyl,ralyl
ramp2,ramp2
RAMP3,RAMP3
ran,ran
ranbp1,ranbp1
ranbp10,ranbp10
RANBP2,RANBP2
ranbp3a,ranbp3a
ranbp3b,ranbp3b
ranbp9,ranbp9
rangap1a,rangap1a
rangap1b,rangap1b
rangrf,rangrf
rap1aa,rap1aa
rap1ab,rap1ab
rap1b,rap1b
rap1gap2a,rap1gap2a
rap1gap2b,rap1gap2b
RAP1GDS1,RAP1GDS1
rap2aa,rap2aa
rap2ab,rap2ab
rap2b,rap2b
rap2c,rap2c
rapgef1a,rapgef1a
rapgef1b,rapgef1b
rapgef2,rapgef2
rapgef3,rapgef3
rapgef4,rapgef4
rapgef5b,rapgef5b
rapgef6,rapgef6
rapgefl1,rapgefl1
raph1a,raph1a
raph1b,raph1b
rapsn,rapsn
raraa,raraa
rarab,rarab
rarga,rarga
rargb,rargb
rarres3,rarres3
rarres3l,rarres3l
rars,rars
rars2,rars2
rasa1a,rasa1a
rasa1b,rasa1b
RASA2,RASA2
rasa3,rasa3
rasa4,rasa4
rasal1b,rasal1b
rasal2,rasal2
rasal3,rasal3
rasd1,rasd1
rasd3,rasd3
rasd4,rasd4
rasef,rasef
rasgef1ba,rasgef1ba
rasgef1bb,rasgef1bb
RASGRF1,RASGRF1
rasgrf2a,rasgrf2a
rasgrf2b,rasgrf2b
rasgrp3,rasgrp3
rasgrp4,rasgrp4
rasip1,rasip1
rasl10a,rasl10a
RASL10B,RASL10B
rasl11a,rasl11a
rasl11b,rasl11b
rasl12,rasl12
rassf1,rassf1
RASSF10,RASSF10
rassf10a,rassf10a
rassf2a,rassf2a
rassf2b,rassf2b
rassf3,rassf3
RASSF5,RASSF5
rassf6,rassf6
rassf7a,rassf7a
rassf7b,rassf7b
rassf8a,rassf8a
rassf8b,rassf8b
rassf9,rassf9
raver1,raver1
raver2,raver2
rb1,rb1
rb1cc1,rb1cc1
rbb4l,rbb4l
rbbp4,rbbp4
rbbp5,rbbp5
rbbp6,rbbp6
rbbp8,rbbp8
rbbp8l,rbbp8l
rbck1,rbck1
rbfa,rbfa
rbfox1,rbfox1
rbfox1l,rbfox1l
rbfox2,rbfox2
rbfox3a,rbfox3a
rbfox3b,rbfox3b
rbks,rbks
rbl1,rbl1
rbl2,rbl2
rbm10,rbm10
rbm11,rbm11
rbm12,rbm12
rbm12b,rbm12b
rbm14a,rbm14a
rbm14b,rbm14b
rbm15,rbm15
rbm15b,rbm15b
rbm17,rbm17
rbm18,rbm18
rbm19,rbm19
rbm22,rbm22
rbm24a,rbm24a
rbm24b,rbm24b
rbm25a,rbm25a
rbm25b,rbm25b
rbm26,rbm26
rbm27,rbm27
rbm28,rbm28
rbm33a,rbm33a
rbm33b,rbm33b
rbm34,rbm34
rbm38,rbm38
rbm39a,rbm39a
rbm39b,rbm39b
rbm4.1,rbm4.1
rbm4.2,rbm4.2
rbm4.3,rbm4.3
rbm41,rbm41
rbm42,rbm42
rbm45,rbm45
rbm46,rbm46
rbm47,rbm47
rbm48,rbm48
rbm5,rbm5
rbm6,rbm6
rbm7,rbm7
rbm8a,rbm8a
rbms1a,rbms1a
rbms1b,rbms1b
rbms2a,rbms2a
rbms2b,rbms2b
rbms3,rbms3
rbmx,rbmx
rbmx2,rbmx2
rbp1,rbp1
rbp2a,rbp2a
rbp2b,rbp2b
rbp3,rbp3
rbp4,rbp4
rbp4l,rbp4l
rbp7a,rbp7a
rbp7b,rbp7b
rbpja,rbpja
rbpjb,rbpjb
rbpjl,rbpjl
rbpms,rbpms
rbpms2a,rbpms2a
rbpms2b,rbpms2b
rbsn,rbsn
rbx1,rbx1
rc3h1a,rc3h1a
rc3h1b,rc3h1b
rc3h2,rc3h2
rca2.1,rca2.1
rca2.2,rca2.2
rcan1a,rcan1a
rcan2,rcan2
rcan3,rcan3
rcbtb1,rcbtb1
rcbtb2,rcbtb2
rcc1,rcc1
rcc1l,rcc1l
rcc2,rcc2
rccd1,rccd1
rce1a,rce1a
rce1b,rce1b
rchy1,rchy1
rcl1,rcl1
rcn1,rcn1
rcn2,rcn2
rcn3,rcn3
rcor1,rcor1
rcor2,rcor2
rcor3,rcor3
rcvrn2,rcvrn2
rcvrn3,rcvrn3
rcvrna,rcvrna
rcvrnb,rcvrnb
rd3,rd3
rdh1,rdh1
rdh10a,rdh10a
rdh10b,rdh10b
rdh12,rdh12
rdh12l,rdh12l
rdh14a,rdh14a
rdh14b,rdh14b
rdh20,rdh20
rdh5,rdh5
rdh8a,rdh8a
rdh8b,rdh8b
rec8a,rec8a
rec8b,rec8b
reck,reck
recql4,recql4
recql5,recql5
reep1,reep1
reep2,reep2
reep3b,reep3b
reep5,reep5
reep6,reep6
rel,rel
rela,rela
relb,relb
relch,relch
rell1,rell1
rell2,rell2
reln,reln
relt,relt
rem1,rem1
rem2,rem2
ren,ren
renbp,renbp
reps1,reps1
reps2,reps2
rer1,rer1
rerea,rerea
rereb,rereb
RERG,RERG
rergla,rergla
rerglb,rerglb
rest,rest
ret,ret
retreg1,retreg1
retreg2,retreg2
retreg3,retreg3
retsat,retsat
retsatl,retsatl
rev1,rev1
rev3l,rev3l
rex1bd,rex1bd
rexo1,rexo1
rexo4,rexo4
RF00007,RF00007
RF00009,RF00009
RF00016,RF00016
RF00019,RF00019
RF00030,RF00030
RF00045,RF00045
RF00056,RF00056
RF00066,RF00066
RF00067,RF00067
RF00068,RF00068
RF00069,RF00069
RF00072,RF00072
RF00088,RF00088
RF00089,RF00089
RF00092,RF00092
RF00093,RF00093
RF00096,RF00096
RF00099,RF00099
RF00133,RF00133
RF00137,RF00137
RF00138,RF00138
RF00151,RF00151
RF00152,RF00152
RF00156,RF00156
RF00158,RF00158
RF00186,RF00186
RF00190,RF00190
RF00211,RF00211
RF00213,RF00213
RF00231,RF00231
RF00263,RF00263
RF00270,RF00270
RF00273,RF00273
RF00274,RF00274
RF00276,RF00276
RF00277,RF00277
RF00286,RF00286
RF00302,RF00302
RF00319,RF00319
RF00322,RF00322
RF00324,RF00324
RF00325,RF00325
RF00334,RF00334
RF00340,RF00340
RF00342,RF00342
RF00377,RF00377
RF00407,RF00407
RF00408,RF00408
RF00409,RF00409
RF00411,RF00411
RF00412,RF00412
RF00413,RF00413
RF00415,RF00415
RF00417,RF00417
RF00421,RF00421
RF00424,RF00424
RF00428,RF00428
RF00429,RF00429
RF00430,RF00430
RF00431,RF00431
RF00440,RF00440
RF00478,RF00478
RF00548,RF00548
RF00553,RF00553
RF00560,RF00560
RF00563,RF00563
RF00566,RF00566
RF00568,RF00568
RF00571,RF00571
RF00572,RF00572
RF00575,RF00575
RF00577,RF00577
RF00593,RF00593
RF00599,RF00599
RF00600,RF00600
RF00608,RF00608
RF00609,RF00609
RF00611,RF00611
RF01190,RF01190
RF01192,RF01192
RF01233,RF01233
RF01234,RF01234
RF01241,RF01241
RF01268,RF01268
RF01277,RF01277
RF01290,RF01290
RF01291,RF01291
RF01296,RF01296
RF01299,RF01299
rfc1,rfc1
rfc2,rfc2
rfc3,rfc3
rfc4,rfc4
rfc5,rfc5
rfesd,rfesd
rfk,rfk
rflna,rflna
rflnb,rflnb
rfng,rfng
rft1,rft1
rftn1a,rftn1a
rftn2,rftn2
rfwd3,rfwd3
rfx1a,rfx1a
rfx1b,rfx1b
rfx2,rfx2
rfx3,rfx3
rfx4,rfx4
rfx6,rfx6
rfx7a,rfx7a
rfx7b,rfx7b
rfxank,rfxank
rfxap,rfxap
rgcc,rgcc
rgl1,rgl1
rgl2,rgl2
rgl3a,rgl3a
rgl3b,rgl3b
rgma,rgma
rgmb,rgmb
rgmd,rgmd
rgn,rgn
rgp1,rgp1
rgra,rgra
rgrb,rgrb
rgs1,rgs1
rgs11,rgs11
rgs12a,rgs12a
rgs12b,rgs12b
rgs13,rgs13
rgs14a,rgs14a
rgs16,rgs16
rgs17,rgs17
rgs18,rgs18
rgs19,rgs19
rgs2,rgs2
rgs20,rgs20
rgs22,rgs22
rgs3a,rgs3a
rgs3b,rgs3b
rgs4,rgs4
rgs5a,rgs5a
rgs5b,rgs5b
rgs6,rgs6
rgs7a,rgs7a
rgs7b,rgs7b
rgs7bpa,rgs7bpa
rgs7bpb,rgs7bpb
rgs9a,rgs9a
rgs9b,rgs9b
rhag,rhag
rhbdd1,rhbdd1
rhbdd2,rhbdd2
rhbdd3,rhbdd3
rhbdf1a,rhbdf1a
rhbdf1b,rhbdf1b
rhbdl1,rhbdl1
rhbdl2,rhbdl2
rhbdl3,rhbdl3
rhbg,rhbg
rhcga,rhcga
rhcgb,rhcgb
rhcgl1,rhcgl1
rhd,rhd
rheb,rheb
rhebl1,rhebl1
rho,rho
rhoaa,rhoaa
rhoab,rhoab
rhoac,rhoac
rhobtb1,rhobtb1
rhobtb2a,rhobtb2a
rhobtb2b,rhobtb2b
rhobtb4,rhobtb4
rhoca,rhoca
rhocb,rhocb
rhof,rhof
rhoga,rhoga
rhogb,rhogb
rhogc,rhogc
rhogd,rhogd
rhoh,rhoh
rhoj,rhoj
rhol,rhol
rhoq,rhoq
rhot1a,rhot1a
rhot1b,rhot1b
rhot2,rhot2
RHOU,RHOU
rhoua,rhoua
rhoub,rhoub
rhov,rhov
rhpn1,rhpn1
rhpn2,rhpn2
ribc2,ribc2
ric1,ric1
RIC3,RIC3
ric8a,ric8a
ric8b,ric8b
rictora,rictora
rictorb,rictorb
rif1,rif1
rilp,rilp
rilpl1,rilpl1
rilpl2,rilpl2
rimkla,rimkla
rims1a,rims1a
rims1b,rims1b
RIMS2,RIMS2
rims2a,rims2a
rims2b,rims2b
rims3,rims3
rims4,rims4
rin1a,rin1a
rin2,rin2
rin3,rin3
rinl,rinl
rint1,rint1
riok1,riok1
riok2,riok2
riok3,riok3
riox1,riox1
riox2,riox2
ripk1l,ripk1l
ripk2,ripk2
ripk3,ripk3
ripk4,ripk4
ripor2,ripor2
ripor3,ripor3
ripply1,ripply1
ripply2,ripply2
ripply3,ripply3
rlbp1a,rlbp1a
rlbp1b,rlbp1b
rlf,rlf
rlim,rlim
rln,rln
rln1,rln1
rln3b,rln3b
rltgr,rltgr
rmc1,rmc1
rmdn1,rmdn1
rmdn2,rmdn2
rmdn3,rmdn3
rmi1,rmi1
rmi2,rmi2
rmnd1,rmnd1
rmnd5b,rmnd5b
rn7sk,rn7sk
rnaseh1,rnaseh1
rnaseh2a,rnaseh2a
rnaseh2b,rnaseh2b
rnaseh2c,rnaseh2c
rnaseka,rnaseka
rnasekb,rnasekb
rnasel2,rnasel2
rnasel3,rnasel3
rnasel4,rnasel4
rnaset2,rnaset2
rnaset2l,rnaset2l
rnd1a,rnd1a
rnd1b,rnd1b
rnd2,rnd2
rnd3a,rnd3a
rnd3b,rnd3b
rnf10,rnf10
rnf103,rnf103
rnf111,rnf111
rnf113a,rnf113a
rnf114,rnf114
rnf115,rnf115
rnf11a,rnf11a
rnf11b,rnf11b
rnf121,rnf121
RNF122,RNF122
rnf123,rnf123
rnf126,rnf126
rnf128a,rnf128a
rnf13,rnf13
rnf130,rnf130
rnf135,rnf135
rnf139,rnf139
rnf14,rnf14
rnf141,rnf141
rnf144aa,rnf144aa
rnf144ab,rnf144ab
rnf144b,rnf144b
rnf145a,rnf145a
rnf145b,rnf145b
rnf146,rnf146
rnf150a,rnf150a
rnf150b,rnf150b
rnf151,rnf151
rnf152,rnf152
RNF157,RNF157
rnf165a,rnf165a
rnf165b,rnf165b
rnf166,rnf166
rnf167,rnf167
rnf168,rnf168
rnf169,rnf169
rnf17,rnf17
rnf170,rnf170
rnf175,rnf175
rnf181,rnf181
rnf183,rnf183
rnf185,rnf185
rnf19a,rnf19a
rnf19b,rnf19b
rnf2,rnf2
rnf20,rnf20
rnf207a,rnf207a
rnf207b,rnf207b
RNF208,RNF208
rnf212,rnf212
rnf212b,rnf212b
rnf213a,rnf213a
rnf213b,rnf213b
rnf215,rnf215
rnf216,rnf216
rnf217,rnf217
RNF219,RNF219
rnf220a,rnf220a
rnf220b,rnf220b
rnf222,rnf222
rnf223,rnf223
RNF224,RNF224
rnf24,rnf24
rnf25,rnf25
rnf26,rnf26
rnf32,rnf32
rnf34a,rnf34a
rnf34b,rnf34b
rnf38,rnf38
rnf4,rnf4
rnf40,rnf40
rnf41,rnf41
rnf41l,rnf41l
rnf43,rnf43
rnf44,rnf44
RNF5,RNF5
rnf6,rnf6
rnf7,rnf7
rnf8,rnf8
rnft1,rnft1
rnft2,rnft2
rngtt,rngtt
rnh1,rnh1
rnls,rnls
rnmt,rnmt
rnpc3,rnpc3
rnpep,rnpep
rnpepl1,rnpepl1
robo1,robo1
robo2,robo2
robo3,robo3
robo4,robo4
rock1,rock1
rock2a,rock2a
rock2b,rock2b
rock2bl,rock2bl
rogdi,rogdi
rom1a,rom1a
rom1b,rom1b
romo1,romo1
ropn1l,ropn1l
ror1,ror1
ror2,ror2
roraa,roraa
rorab,rorab
rorc,rorc
rorca,rorca
rorcb,rorcb
ros1,ros1
rp1,rp1
rp1l1a,rp1l1a
rp1l1b,rp1l1b
rp2,rp2
rp9,rp9
rpa1,rpa1
rpa2,rpa2
rpa3,rpa3
rpain,rpain
rpap1,rpap1
rpap2,rpap2
rpap3,rpap3
rpe,rpe
rpe65a,rpe65a
rpe65b,rpe65b
rpe65c,rpe65c
rpf1,rpf1
rpf2,rpf2
rpgra,rpgra
rpgrb,rpgrb
rpgrip1,rpgrip1
rpgrip1l,rpgrip1l
rph3aa,rph3aa
rph3ab,rph3ab
rph3al,rph3al
rpia,rpia
rpl10,rpl10
rpl10a,rpl10a
rpl11,rpl11
rpl12,rpl12
rpl13,rpl13
rpl13a,rpl13a
rpl14,rpl14
rpl15,rpl15
rpl17,rpl17
rpl18,rpl18
rpl18a,rpl18a
rpl19,rpl19
rpl21,rpl21
rpl22,rpl22
rpl22l1,rpl22l1
rpl23,rpl23
rpl23a,rpl23a
rpl24,rpl24
rpl26,rpl26
rpl27,rpl27
rpl27a,rpl27a
rpl28,rpl28
rpl29,rpl29
rpl3,rpl3
rpl30,rpl30
rpl31,rpl31
rpl32,rpl32
rpl34,rpl34
rpl35,rpl35
rpl35a,rpl35a
rpl36,rpl36
rpl36a,rpl36a
RPL37A,RPL37A
rpl38,rpl38
rpl39,rpl39
rpl4,rpl4
rpl5a,rpl5a
rpl5b,rpl5b
rpl6,rpl6
rpl7,rpl7
rpl7a,rpl7a
rpl7l1,rpl7l1
rpl8,rpl8
rpl9,rpl9
rplp0,rplp0
rplp1,rplp1
rplp2,rplp2
rplp2l,rplp2l
rpn1,rpn1
rpn2,rpn2
rpp14,rpp14
rpp21,rpp21
rpp25a,rpp25a
rpp25b,rpp25b
rpp25l,rpp25l
rpp30,rpp30
rpp38,rpp38
rpp40,rpp40
rprd1a,rprd1a
rprd1b,rprd1b
rprd2a,rprd2a
rprd2b,rprd2b
rprm3,rprm3
rprma,rprma
rprmb,rprmb
rprml,rprml
rps11,rps11
rps12,rps12
rps13,rps13
rps14,rps14
rps15,rps15
rps15a,rps15a
rps16,rps16
rps18,rps18
rps19,rps19
rps19bp1,rps19bp1
rps2,rps2
rps20,rps20
rps21,rps21
rps23,rps23
rps24,rps24
rps25,rps25
rps26,rps26
rps26l,rps26l
rps27.1,rps27.1
rps27.2,rps27.2
rps27a,rps27a
rps27l,rps27l
rps28,rps28
rps29,rps29
rps3,rps3
rps3a,rps3a
rps4x,rps4x
rps5,rps5
rps6,rps6
rps6ka1,rps6ka1
rps6ka2,rps6ka2
rps6ka3a,rps6ka3a
rps6ka3b,rps6ka3b
rps6ka4,rps6ka4
rps6ka5,rps6ka5
rps6kal,rps6kal
rps6kb1a,rps6kb1a
rps6kb1b,rps6kb1b
rps6kc1,rps6kc1
rps6kl1,rps6kl1
rps7,rps7
rps8a,rps8a
rps8b,rps8b
rps9,rps9
rpsa,rpsa
rptor,rptor
rpusd1,rpusd1
rpusd2,rpusd2
rpz,rpz
rpz2,rpz2
rpz4,rpz4
rpz5,rpz5
rrad,rrad
rraga,rraga
rragca,rragca
rragcb,rragcb
rragd,rragd
rras,rras
rras2,rras2
rrbp1a,rrbp1a
rrbp1b,rrbp1b
rreb1a,rreb1a
rreb1b,rreb1b
rrh,rrh
rrm1,rrm1
rrm2b,rrm2b
rrn3,rrn3
rrnad1,rrnad1
rrp1,rrp1
rrp12,rrp12
rrp15,rrp15
rrp36,rrp36
rrp7a,rrp7a
rrp8,rrp8
rrp9,rrp9
rrs1,rrs1
rs1a,rs1a
rs1b,rs1b
rsad1,rsad1
rsad2,rsad2
RSBN1,RSBN1
rsf1a,rsf1a
rsf1b.1,rsf1b.1
rsl1d1,rsl1d1
rsl24d1,rsl24d1
RSPH1,RSPH1
rsph10b,rsph10b
rsph14,rsph14
rsph3,rsph3
rsph4a,rsph4a
rsph9,rsph9
rspo1,rspo1
rspo2,rspo2
rspo3,rspo3
rspo4,rspo4
rspry1,rspry1
rsrc1,rsrc1
rsrp1,rsrp1
rsu1,rsu1
rtca,rtca
rtcb,rtcb
rtel1,rtel1
rtf1,rtf1
rtf2,rtf2
RTKN,RTKN
rtkn2a,rtkn2a
rtkn2b,rtkn2b
rtn1a,rtn1a
rtn1b,rtn1b
rtn2a,rtn2a
rtn2b,rtn2b
rtn4a,rtn4a
rtn4b,rtn4b
rtn4ip1,rtn4ip1
rtn4r,rtn4r
rtn4rl1a,rtn4rl1a
rtn4rl2a,rtn4rl2a
rtn4rl2b,rtn4rl2b
rtraf,rtraf
rttn,rttn
rubcn,rubcn
rubcnl,rubcnl
rufy1,rufy1
rufy2,rufy2
rufy3,rufy3
RUNDC1,RUNDC1
rundc3aa,rundc3aa
rundc3ab,rundc3ab
rundc3b,rundc3b
runx1,runx1
runx1t1,runx1t1
runx2b,runx2b
runx3,runx3
rusc1,rusc1
rusc2,rusc2
ruvbl1,ruvbl1
ruvbl2,ruvbl2
rwdd,rwdd
rwdd1,rwdd1
rwdd2b,rwdd2b
rwdd3,rwdd3
rx1,rx1
rx2,rx2
rx3,rx3
rxfp1,rxfp1
rxfp2a,rxfp2a
rxfp2b,rxfp2b
rxfp2l,rxfp2l
rxfp3.2a,rxfp3.2a
rxfp3.2b,rxfp3.2b
rxfp3.3a3,rxfp3.3a3
rxfp3.3b,rxfp3.3b
rxraa,rxraa
rxrab,rxrab
rxrba,rxrba
rxrbb,rxrbb
rxrga,rxrga
rxrgb,rxrgb
rybpa,rybpa
rybpb,rybpb
ryk,ryk
ryr1a,ryr1a
ryr1b,ryr1b
RYR2,RYR2
ryr2a,ryr2a
ryr2b,ryr2b
ryr3,ryr3
s100a1,s100a1
s100a10a,s100a10a
s100a10b,s100a10b
s100a11,s100a11
s100b,s100b
s100s,s100s
s100t,s100t
s100u,s100u
s100v1,s100v1
s100v2,s100v2
s100w,s100w
s100z,s100z
s1pr1,s1pr1
s1pr2,s1pr2
s1pr3a,s1pr3a
s1pr4,s1pr4
s1pr5a,s1pr5a
s1pr5b,s1pr5b
saa,saa
saal1,saal1
sacm1la,sacm1la
sacm1lb,sacm1lb
sacs,sacs
sae1,sae1
safb,safb
saga,saga
sagb,sagb
sall1a,sall1a
sall1b,sall1b
sall2,sall2
sall3a,sall3a
sall3b,sall3b
samd10a,samd10a
samd10b,samd10b
SAMD12,SAMD12
samd13,samd13
samd1a,samd1a
samd1b,samd1b
samd4a,samd4a
samd4b,samd4b
SAMD5,SAMD5
samd7,samd7
SAMD8,SAMD8
SAMD9,SAMD9
samhd1,samhd1
samm50,samm50
samm50l,samm50l
samsn1a,samsn1a
samsn1b,samsn1b
sap130a,sap130a
sap130b,sap130b
sap18,sap18
sap30bp,sap30bp
sap30l,sap30l
sapcd2,sapcd2
sar1aa,sar1aa
sar1ab,sar1ab
sar1b,sar1b
saraf,saraf
sardh,sardh
sarm1,sarm1
sarnp,sarnp
sars,sars
sars2,sars2
sart1,sart1
sart3,sart3
sash1a,sash1a
sash1b,sash1b
sass6,sass6
sat1a.1,sat1a.1
sat1a.2,sat1a.2
sat1b,sat1b
SAT2,SAT2
sat2a,sat2a
sat2b,sat2b
satb1a,satb1a
satb1b,satb1b
satb2,satb2
sav1,sav1
saxo2,saxo2
sb:cb1058,sbcb1058
sb:cb37,sbcb37
sb:cb470,sbcb470
sb:cb649,sbcb649
sb:cb81,sbcb81
sbds,sbds
sbf1,sbf1
sbf2,sbf2
sbk3,sbk3
sbno1,sbno1
SBNO2,SBNO2
sbno2a,sbno2a
SBSPON,SBSPON
sc:d0202,scd0202
sc:d0284,scd0284
sc:d189,scd189
sc:d217,scd217
sc5d,sc5d
scaf1,scaf1
scaf11,scaf11
scaf4a,scaf4a
scaf4b,scaf4b
scai,scai
scamp1,scamp1
scamp2,scamp2
scamp2l,scamp2l
scamp3,scamp3
scamp4,scamp4
scamp5a,scamp5a
scamp5b,scamp5b
scap,scap
scaper,scaper
scara3,scara3
scara5,scara5
scarb1,scarb1
scarb2a,scarb2a
scarb2c,scarb2c
scarf1,scarf1
SCARF2,SCARF2
SCCPDH,SCCPDH
sccpdha,sccpdha
sccpdhb,sccpdhb
scd,scd
scdb,scdb
scel,scel
scfd1,scfd1
scfd2,scfd2
scg2a,scg2a
scg2b,scg2b
scg3,scg3
scgn,scgn
schip1,schip1
scin,scin
scinla,scinla
scinlb,scinlb
sclt1,sclt1
scly,scly
scmh1,scmh1
scml2,scml2
scml4,scml4
scn1ba,scn1ba
scn1bb,scn1bb
scn1laa,scn1laa
scn1lab,scn1lab
scn3b,scn3b
scn4aa,scn4aa
scn4ab,scn4ab
scn4ba,scn4ba
scn4bb,scn4bb
scn5lab,scn5lab
scn8aa,scn8aa
scn8ab,scn8ab
scnm1,scnm1
sco1,sco1
sco2,sco2
scoca,scoca
scocb,scocb
scospondin,scospondin
scp2a,scp2a
scp2b,scp2b
scpep1,scpep1
scpp1,scpp1
scpp5,scpp5
scpp7,scpp7
scpp8,scpp8
scpp9,scpp9
scrib,scrib
scrn2,scrn2
scrn3,scrn3
scrt1a,scrt1a
scrt1b,scrt1b
scrt2,scrt2
sctr,sctr
scube1,scube1
scube2,scube2
scube3,scube3
scxa,scxa
scyl1,scyl1
SCYL2,SCYL2
scyl3,scyl3
sdad1,sdad1
sdc2,sdc2
sdc4,sdc4
sdcbp,sdcbp
sdcbp2,sdcbp2
sdccag8,sdccag8
sde2,sde2
sdf2,sdf2
sdf2l1,sdf2l1
sdf4,sdf4
sdha,sdha
sdhaf1,sdhaf1
sdhaf2,sdhaf2
sdhaf3,sdhaf3
sdhaf4,sdhaf4
sdhb,sdhb
sdhc,sdhc
sdhda,sdhda
sdhdb,sdhdb
sdk1b,sdk1b
SDK2,SDK2
sdk2b,sdk2b
sdr16c5a,sdr16c5a
sdr16c5b,sdr16c5b
sdr39u1,sdr39u1
sdr42e1,sdr42e1
sdr42e2,sdr42e2
sdsl,sdsl
sebox,sebox
sec11a,sec11a
sec13,sec13
sec14l7,sec14l7
sec14l8,sec14l8
sec16b,sec16b
sec22a,sec22a
sec22ba,sec22ba
sec22bb,sec22bb
sec22c,sec22c
sec23a,sec23a
sec23b,sec23b
sec23ip,sec23ip
sec24a,sec24a
sec24b,sec24b
sec24c,sec24c
sec24d,sec24d
sec31a,sec31a
sec31b,sec31b
sec61a1,sec61a1
sec61a1l,sec61a1l
sec61b,sec61b
sec61g,sec61g
sec62,sec62
sec63,sec63
secisbp2,secisbp2
seh1l,seh1l
sel1l,sel1l
sele,sele
selenbp1,selenbp1
selenof,selenof
selenoh,selenoh
selenoi,selenoi
selenoj,selenoj
selenok,selenok
selenol,selenol
selenom,selenom
selenon,selenon
selenoo1,selenoo1
selenoo2,selenoo2
selenop2,selenop2
selenos,selenos
selenot1a,selenot1a
selenot1b,selenot1b
selenot2,selenot2
selenou1a,selenou1a
selenou1b,selenou1b
selenow1,selenow1
selenow2a,selenow2a
selenow2b,selenow2b
selp,selp
selplg,selplg
sem1,sem1
sema3aa,sema3aa
sema3ab,sema3ab
sema3b,sema3b
sema3bl,sema3bl
sema3c,sema3c
sema3d,sema3d
sema3e,sema3e
sema3fa,sema3fa
sema3fb,sema3fb
sema3ga,sema3ga
sema3gb,sema3gb
sema3h,sema3h
sema4aa,sema4aa
sema4ab,sema4ab
sema4ba,sema4ba
sema4bb,sema4bb
sema4c,sema4c
sema4e,sema4e
SEMA4F,SEMA4F
sema4ga,sema4ga
sema4gb,sema4gb
sema5a,sema5a
sema5ba,sema5ba
sema5bb,sema5bb
sema6a,sema6a
sema6ba,sema6ba
sema6bb,sema6bb
sema6d,sema6d
sema6dl,sema6dl
sema6e,sema6e
sema7a,sema7a
senp2,senp2
senp3a,senp3a
senp3b,senp3b
senp5,senp5
senp6a,senp6a
senp6b,senp6b
senp7b,senp7b
senp8,senp8
sephs1,sephs1
sephs2,sephs2
sepsecs,sepsecs
sept10,sept10
sept12,sept12
sept15,sept15
sept2,sept2
sept3,sept3
sept4a,sept4a
sept4b,sept4b
sept5a,sept5a
sept5b,sept5b
sept6,sept6
sept7a,sept7a
sept7b,sept7b
sept8a,sept8a
sept8b,sept8b
sept9a,sept9a
sept9b,sept9b
serac1,serac1
serbp1a,serbp1a
serbp1b,serbp1b
serf2,serf2
sergef,sergef
serhl,serhl
serinc1,serinc1
serinc2,serinc2
serinc2l,serinc2l
serinc4,serinc4
serinc5,serinc5
serp2,serp2
serpina1,serpina1
serpina10a,serpina10a
serpina1l,serpina1l
serpinb1,serpinb1
serpinb14,serpinb14
serpinb1l1,serpinb1l1
serpinb1l2,serpinb1l2
serpinb1l3,serpinb1l3
serpinb1l4,serpinb1l4
SERPINB8,SERPINB8
serpinc1,serpinc1
serpind1,serpind1
serpine1,serpine1
serpine2,serpine2
serpinf1,serpinf1
serpinf2a,serpinf2a
serpinf2b,serpinf2b
serping1,serping1
serpinh1a,serpinh1a
serpinh1b,serpinh1b
serpinh2,serpinh2
serpini1,serpini1
sertad2a,sertad2a
sertad2b,sertad2b
sertad4,sertad4
sesn1,sesn1
sesn2,sesn2
sesn3,sesn3
sestd1,sestd1
seta,seta
setb,setb
setbp1,setbp1
setd1a,setd1a
setd1ba,setd1ba
setd1bb,setd1bb
setd2,setd2
setd3,setd3
setd4,setd4
setd5,setd5
setd6,setd6
setd7,setd7
setd9,setd9
setdb1a,setdb1a
setdb1b,setdb1b
setdb2,setdb2
setmar,setmar
setx,setx
sez6a,sez6a
sez6b,sez6b
sez6l,sez6l
sez6l2,sez6l2
sf1,sf1
sf3a1,sf3a1
sf3a2,sf3a2
sf3a3,sf3a3
sf3b1,sf3b1
sf3b2,sf3b2
sf3b3,sf3b3
sf3b4,sf3b4
sf3b5,sf3b5
sf3b6,sf3b6
sfi1,sfi1
SFMBT1,SFMBT1
sfmbt2,sfmbt2
sfpq,sfpq
sfr1,sfr1
sfrp1a,sfrp1a
sfrp1b,sfrp1b
sfrp2,sfrp2
sfrp2l,sfrp2l
sfrp5,sfrp5
sfswap,sfswap
sft2d1,sft2d1
sft2d2a,sft2d2a
sft2d2b,sft2d2b
sft2d3,sft2d3
sftpbb,sftpbb
sfxn1,sfxn1
sfxn2,sfxn2
sfxn3,sfxn3
sfxn4,sfxn4
sfxn5a,sfxn5a
sfxn5b,sfxn5b
sgca,sgca
sgcb,sgcb
sgcd,sgcd
sgce,sgce
sgcg,sgcg
SGCZ,SGCZ
sgf29,sgf29
sgip1a,sgip1a
sgip1b,sgip1b
sgk1,sgk1
sgk2a,sgk2a
sgk2b,sgk2b
sgk3,sgk3
sgk494a,sgk494a
sgk494b,sgk494b
sgms1,sgms1
sgms2a,sgms2a
sgms2b,sgms2b
sgo1,sgo1
sgpl1,sgpl1
sgpp1,sgpp1
SGPP2,SGPP2
sgsh,sgsh
sgsm1a,sgsm1a
sgsm1b,sgsm1b
sgsm2,sgsm2
sgsm3,sgsm3
sgta,sgta
sgtb,sgtb
sh2b1,sh2b1
SH2B2,SH2B2
sh2b3,sh2b3
sh2d1aa,sh2d1aa
sh2d1ab,sh2d1ab
SH2D3A,SH2D3A
sh2d3ca,sh2d3ca
sh2d3cb,sh2d3cb
sh2d4a,sh2d4a
sh2d4ba,sh2d4ba
sh2d4bb,sh2d4bb
sh2d5,sh2d5
sh3bgr,sh3bgr
sh3bgrl,sh3bgrl
sh3bgrl2,sh3bgrl2
sh3bgrl3,sh3bgrl3
sh3bp1,sh3bp1
sh3bp2,sh3bp2
sh3bp4,sh3bp4
sh3bp4a,sh3bp4a
sh3bp5a,sh3bp5a
sh3bp5b,sh3bp5b
sh3bp5la,sh3bp5la
sh3d21,sh3d21
sh3gl1a,sh3gl1a
sh3gl1b,sh3gl1b
sh3gl2a,sh3gl2a
sh3gl2b,sh3gl2b
sh3gl3a,sh3gl3a
sh3gl3b,sh3gl3b
sh3glb1a,sh3glb1a
sh3glb1b,sh3glb1b
sh3glb2a,sh3glb2a
sh3glb2b,sh3glb2b
sh3kbp1,sh3kbp1
sh3pxd2aa,sh3pxd2aa
sh3pxd2b,sh3pxd2b
sh3rf1,sh3rf1
sh3rf2,sh3rf2
SH3RF3,SH3RF3
SH3TC1,SH3TC1
sh3tc2,sh3tc2
sh3yl1,sh3yl1
shank1,shank1
shank2,shank2
shank3a,shank3a
shank3b,shank3b
sharpin,sharpin
shbg,shbg
shc2,shc2
SHC3,SHC3
shcbp1,shcbp1
shda,shda
shdb,shdb
she,she
shha,shha
shhb,shhb
shisa2a,shisa2a
shisa2b,shisa2b
shisa3,shisa3
shisa4,shisa4
shisa6,shisa6
shisa7b,shisa7b
shisa8b,shisa8b
shisa9a,shisa9a
shisa9b,shisa9b
shisal1a,shisal1a
SHISAL2A,SHISAL2A
SHKBP1,SHKBP1
shmt1,shmt1
shmt2,shmt2
shoc2,shoc2
shox,shox
shox2,shox2
shpk,shpk
shprh,shprh
shq1,shq1
shroom1,shroom1
shroom2a,shroom2a
shroom4,shroom4
shrprbck1r,shrprbck1r
shtn1,shtn1
si:busm1-104n07.3,sibusm1104n07.3
si:busm1-160c18.6,sibusm1160c18.6
si:busm1-163l24.4,sibusm1163l24.4
si:busm1-194e12.11,sibusm1194e12.11
si:busm1-228j01.6,sibusm1228j01.6
si:busm1-52i16.2,sibusm152i16.2
si:busm1-57f23.1,sibusm157f23.1
si:busm1-71b9.3,sibusm171b9.3
si:busm1-sl7.7,sibusm1sl7.7
si:cabz01007794.1,sicabz01007794.1
si:cabz01007802.1,sicabz01007802.1
si:cabz01007807.1,sicabz01007807.1
si:cabz01007812.1,sicabz01007812.1
si:cabz01009626.1,sicabz01009626.1
si:cabz01021426.2,sicabz01021426.2
si:cabz01021430.2,sicabz01021430.2
si:cabz01021433.2,sicabz01021433.2
si:cabz01023700.1,sicabz01023700.1
si:cabz01032454.3,sicabz01032454.3
si:cabz01036006.1,sicabz01036006.1
si:cabz01036022.1,sicabz01036022.1
si:cabz01054394.5,sicabz01054394.5
si:cabz01054394.6,sicabz01054394.6
si:cabz01054394.7,sicabz01054394.7
si:cabz01054396.2,sicabz01054396.2
si:cabz01063885.1,sicabz01063885.1
si:cabz01069012.2,sicabz01069012.2
si:cabz01069013.3,sicabz01069013.3
si:cabz01069013.4,sicabz01069013.4
si:cabz01069015.1,sicabz01069015.1
si:cabz01069582.1,sicabz01069582.1
si:cabz01071907.1,sicabz01071907.1
si:cabz01071909.2,sicabz01071909.2
si:cabz01071911.3,sicabz01071911.3
si:cabz01071911.4,sicabz01071911.4
si:cabz01071912.2,sicabz01071912.2
si:cabz01074946.1,sicabz01074946.1
si:cabz01080528.1,sicabz01080528.1
si:cabz01090193.1,sicabz01090193.1
si:cabz01100188.1,sicabz01100188.1
si:cabz01101003.1,sicabz01101003.1
si:cabz01102082.1,sicabz01102082.1
si:ch1073-100f3.2,sich1073100f3.2
si:ch1073-104i17.1,sich1073104i17.1
si:ch1073-110a20.2,sich1073110a20.2
si:ch1073-110a20.3,sich1073110a20.3
si:ch1073-126c3.2,sich1073126c3.2
si:ch1073-127d16.1,sich1073127d16.1
si:ch1073-138d10.2,sich1073138d10.2
si:ch1073-13h15.3,sich107313h15.3
si:ch1073-140o9.2,sich1073140o9.2
si:ch1073-143l10.2,sich1073143l10.2
si:ch1073-145m9.1,sich1073145m9.1
si:ch1073-153i20.4,sich1073153i20.4
si:ch1073-153i20.5,sich1073153i20.5
si:ch1073-155h21.1,sich1073155h21.1
si:ch1073-155h21.2,sich1073155h21.2
si:ch1073-159d7.7,sich1073159d7.7
si:ch1073-15f19.2,sich107315f19.2
si:ch1073-170o4.1,sich1073170o4.1
si:ch1073-174d20.1,sich1073174d20.1
si:ch1073-174d20.2,sich1073174d20.2
si:ch1073-181h11.2,sich1073181h11.2
si:ch1073-181h11.4,sich1073181h11.4
si:ch1073-184j22.1,sich1073184j22.1
si:ch1073-184j22.2,sich1073184j22.2
si:ch1073-185p12.2,sich1073185p12.2
si:ch1073-186o8.3,sich1073186o8.3
si:ch1073-188e1.1,sich1073188e1.1
si:ch1073-190k2.1,sich1073190k2.1
si:ch1073-205c8.5,sich1073205c8.5
si:ch1073-209e23.1,sich1073209e23.1
si:ch1073-209h18.1,sich1073209h18.1
si:ch1073-214b20.2,sich1073214b20.2
si:ch1073-220m6.1,sich1073220m6.1
si:ch1073-224n8.1,sich1073224n8.1
si:ch1073-228b5.2,sich1073228b5.2
si:ch1073-228h2.2,sich1073228h2.2
si:ch1073-228j22.1,sich1073228j22.1
si:ch1073-228j22.2,sich1073228j22.2
si:ch1073-22e3.1,sich107322e3.1
si:ch1073-22e3.4,sich107322e3.4
si:ch1073-263o8.2,sich1073263o8.2
si:ch1073-266p11.2,sich1073266p11.2
si:ch1073-268j14.1,sich1073268j14.1
si:ch1073-272j17.3,sich1073272j17.3
si:ch1073-272o11.3,sich1073272o11.3
si:ch1073-280e3.1,sich1073280e3.1
si:ch1073-287p18.1,sich1073287p18.1
si:ch1073-296d18.1,sich1073296d18.1
si:ch1073-296i8.2,sich1073296i8.2
si:ch1073-303d10.1,sich1073303d10.1
si:ch1073-303k11.2,sich1073303k11.2
si:ch1073-314i13.4,sich1073314i13.4
si:ch1073-322p19.1,sich1073322p19.1
si:ch1073-325m22.2,sich1073325m22.2
si:ch1073-335m2.2,sich1073335m2.2
si:ch1073-339l18.2,sich1073339l18.2
si:ch1073-340i21.2,sich1073340i21.2
si:ch1073-340i21.3,sich1073340i21.3
si:ch1073-340j19.1,sich1073340j19.1
si:ch1073-342h5.2,sich1073342h5.2
si:ch1073-345a8.1,sich1073345a8.1
si:ch1073-349o24.2,sich1073349o24.2
si:ch1073-357b18.4,sich1073357b18.4
si:ch1073-358c10.1,sich1073358c10.1
si:ch1073-363c19.3,sich1073363c19.3
si:ch1073-365p7.2,sich1073365p7.2
si:ch1073-366l7.1,sich1073366l7.1
si:ch1073-376c22.1,sich1073376c22.1
si:ch1073-385f13.3,sich1073385f13.3
si:ch1073-390k14.1,sich1073390k14.1
si:ch1073-391i24.1,sich1073391i24.1
si:ch1073-392o20.2,sich1073392o20.2
si:ch1073-394i4.1,sich1073394i4.1
si:ch1073-396h14.1,sich1073396h14.1
si:ch1073-398f15.1,sich1073398f15.1
si:ch1073-406l10.2,sich1073406l10.2
si:ch1073-416d2.3,sich1073416d2.3
si:ch1073-416d2.4,sich1073416d2.4
si:ch1073-416j23.1,sich1073416j23.1
si:ch1073-429i10.1,sich1073429i10.1
si:ch1073-440b2.1,sich1073440b2.1
si:ch1073-441p17.1,sich1073441p17.1
si:ch1073-443f11.2,sich1073443f11.2
si:ch1073-450f2.1,sich1073450f2.1
si:ch1073-459b3.2,sich1073459b3.2
si:ch1073-459j12.1,sich1073459j12.1
si:ch1073-464p5.5,sich1073464p5.5
si:ch1073-469d17.2,sich1073469d17.2
si:ch1073-475a24.1,sich1073475a24.1
si:ch1073-513e17.1,sich1073513e17.1
si:ch1073-526c11.3,sich1073526c11.3
si:ch1073-59l16.1,sich107359l16.1
si:ch1073-66l23.1,sich107366l23.1
si:ch1073-70f20.1,sich107370f20.1
si:ch1073-75f15.2,sich107375f15.2
si:ch1073-75o15.4,sich107375o15.4
si:ch1073-80i24.3,sich107380i24.3
si:ch1073-82l19.1,sich107382l19.1
si:ch1073-83n3.2,sich107383n3.2
si:ch1073-90m23.1,sich107390m23.1
si:ch211-102c2.4,sich211102c2.4
si:ch211-102c2.7,sich211102c2.7
si:ch211-102c2.8,sich211102c2.8
si:ch211-103a14.5,sich211103a14.5
si:ch211-103f14.3,sich211103f14.3
si:ch211-103n10.5,sich211103n10.5
si:ch211-105c13.3,sich211105c13.3
si:ch211-105f12.2,sich211105f12.2
si:ch211-105j21.9,sich211105j21.9
si:ch211-105n15.1,sich211105n15.1
si:ch211-106a19.1,sich211106a19.1
si:ch211-106e7.2,sich211106e7.2
si:ch211-106f21.1,sich211106f21.1
si:ch211-106h11.1,sich211106h11.1
si:ch211-106h11.3,sich211106h11.3
si:ch211-106h4.12,sich211106h4.12
si:ch211-106h4.4,sich211106h4.4
si:ch211-106h4.5,sich211106h4.5
si:ch211-106h4.6,sich211106h4.6
si:ch211-106h4.9,sich211106h4.9
si:ch211-106j21.6,sich211106j21.6
si:ch211-106k21.5,sich211106k21.5
si:ch211-106n13.3,sich211106n13.3
si:ch211-107e6.5,sich211107e6.5
si:ch211-107e6.6,sich211107e6.6
si:ch211-107m4.1,sich211107m4.1
si:ch211-107n13.1,sich211107n13.1
si:ch211-107o10.3,sich211107o10.3
si:ch211-107p11.3,sich211107p11.3
si:ch211-108c17.2,sich211108c17.2
si:ch211-108c6.2,sich211108c6.2
si:ch211-108d22.1,sich211108d22.1
si:ch211-108d22.2,sich211108d22.2
si:ch211-10a23.2,sich21110a23.2
si:ch211-10d23.5,sich21110d23.5
si:ch211-110e21.3,sich211110e21.3
si:ch211-110e21.4,sich211110e21.4
si:ch211-110p13.9,sich211110p13.9
si:ch211-111e20.1,sich211111e20.1
si:ch211-112c15.8,sich211112c15.8
si:ch211-112g6.4,sich211112g6.4
si:ch211-113a14.11,sich211113a14.11
si:ch211-113a14.18,sich211113a14.18
si:ch211-113a14.24,sich211113a14.24
si:ch211-113a14.9,sich211113a14.9
si:ch211-113d11.5,sich211113d11.5
si:ch211-113d11.6,sich211113d11.6
si:ch211-113d22.2,sich211113d22.2
si:ch211-113e8.10,sich211113e8.10
si:ch211-113e8.11,sich211113e8.11
si:ch211-113e8.5,sich211113e8.5
si:ch211-113e8.9,sich211113e8.9
si:ch211-113g11.6,sich211113g11.6
si:ch211-113j14.1,sich211113j14.1
si:ch211-113p18.3,sich211113p18.3
si:ch211-114c12.2,sich211114c12.2
si:ch211-114c12.5,sich211114c12.5
si:ch211-114c17.1,sich211114c17.1
si:ch211-114l13.1,sich211114l13.1
si:ch211-114l13.12,sich211114l13.12
si:ch211-114l13.3,sich211114l13.3
si:ch211-114l13.4,sich211114l13.4
si:ch211-114l13.9,sich211114l13.9
si:ch211-114m9.1,sich211114m9.1
si:ch211-114n24.6,sich211114n24.6
si:ch211-116o3.5,sich211116o3.5
si:ch211-117c9.1,sich211117c9.1
si:ch211-117c9.2,sich211117c9.2
si:ch211-117c9.5,sich211117c9.5
si:ch211-117i20.2,sich211117i20.2
si:ch211-117k10.3,sich211117k10.3
si:ch211-117l17.7,sich211117l17.7
si:ch211-117m20.4,sich211117m20.4
si:ch211-117n7.6,sich211117n7.6
si:ch211-117n7.7,sich211117n7.7
si:ch211-119d14.2,sich211119d14.2
si:ch211-119d14.3,sich211119d14.3
si:ch211-119e14.1,sich211119e14.1
si:ch211-119o8.4,sich211119o8.4
si:ch211-119o8.6,sich211119o8.6
si:ch211-11c3.11,sich21111c3.11
si:ch211-11c3.12,sich21111c3.12
si:ch211-11c3.9,sich21111c3.9
si:ch211-11k18.4,sich21111k18.4
si:ch211-11n16.2,sich21111n16.2
si:ch211-11n16.3,sich21111n16.3
si:ch211-120c15.3,sich211120c15.3
si:ch211-120e1.7,sich211120e1.7
si:ch211-120g10.1,sich211120g10.1
si:ch211-120k19.1,sich211120k19.1
si:ch211-121a2.2,sich211121a2.2
si:ch211-121a2.4,sich211121a2.4
si:ch211-121j5.4,sich211121j5.4
si:ch211-122f10.4,sich211122f10.4
si:ch211-122l24.6,sich211122l24.6
si:ch211-125e6.11,sich211125e6.11
si:ch211-125e6.12,sich211125e6.12
si:ch211-125e6.13,sich211125e6.13
si:ch211-125e6.14,sich211125e6.14
si:ch211-125e6.5,sich211125e6.5
si:ch211-125e6.8,sich211125e6.8
si:ch211-125m10.6,sich211125m10.6
si:ch211-125o16.4,sich211125o16.4
si:ch211-126c2.4,sich211126c2.4
si:ch211-126j24.1,sich211126j24.1
si:ch211-127b11.1,sich211127b11.1
si:ch211-127b16.6,sich211127b16.6
si:ch211-127d4.3,sich211127d4.3
si:ch211-127i16.2,sich211127i16.2
si:ch211-127m7.2,sich211127m7.2
si:ch211-127n13.2,sich211127n13.2
si:ch211-128m15.3,sich211128m15.3
si:ch211-129c21.1,sich211129c21.1
si:ch211-129o18.4,sich211129o18.4
si:ch211-129p13.1,sich211129p13.1
si:ch211-12e13.1,sich21112e13.1
si:ch211-12e13.10,sich21112e13.10
si:ch211-12e13.12,sich21112e13.12
si:ch211-12h2.6,sich21112h2.6
si:ch211-12h2.8,sich21112h2.8
si:ch211-12m10.1,sich21112m10.1
si:ch211-12p12.2,sich21112p12.2
si:ch211-130h14.4,sich211130h14.4
si:ch211-130h14.6,sich211130h14.6
si:ch211-130m23.2,sich211130m23.2
si:ch211-130m23.3,sich211130m23.3
si:ch211-130m23.5,sich211130m23.5
si:ch211-131k2.2,sich211131k2.2
si:ch211-132b12.1,sich211132b12.1
si:ch211-132b12.2,sich211132b12.2
si:ch211-132b12.3,sich211132b12.3
si:ch211-132b12.7,sich211132b12.7
si:ch211-132b12.8,sich211132b12.8
si:ch211-132e22.4,sich211132e22.4
si:ch211-132f19.7,sich211132f19.7
si:ch211-132g1.1,sich211132g1.1
si:ch211-132g1.3,sich211132g1.3
si:ch211-132g1.6,sich211132g1.6
si:ch211-132p1.3,sich211132p1.3
si:ch211-133h13.1,sich211133h13.1
si:ch211-133l5.4,sich211133l5.4
si:ch211-133l5.7,sich211133l5.7
si:ch211-133l5.8,sich211133l5.8
si:ch211-133n4.10,sich211133n4.10
si:ch211-133n4.4,sich211133n4.4
si:ch211-133n4.6,sich211133n4.6
si:ch211-133n4.9,sich211133n4.9
si:ch211-134a4.6,sich211134a4.6
si:ch211-134c9.2,sich211134c9.2
si:ch211-134m17.9,sich211134m17.9
si:ch211-135f11.6,sich211135f11.6
si:ch211-135n15.2,sich211135n15.2
si:ch211-136a13.1,sich211136a13.1
si:ch211-136m16.8,sich211136m16.8
si:ch211-137a8.2,sich211137a8.2
si:ch211-137a8.4,sich211137a8.4
si:ch211-137i24.10,sich211137i24.10
si:ch211-137i24.12,sich211137i24.12
si:ch211-139a5.1,sich211139a5.1
si:ch211-139d20.3,sich211139d20.3
si:ch211-139g16.8,sich211139g16.8
si:ch211-139l2.1,sich211139l2.1
si:ch211-139n6.3,sich211139n6.3
si:ch211-13c6.2,sich21113c6.2
si:ch211-13f8.1,sich21113f8.1
si:ch211-13f8.2,sich21113f8.2
si:ch211-13k12.2,sich21113k12.2
si:ch211-140b10.6,sich211140b10.6
si:ch211-140l13.3,sich211140l13.3
si:ch211-140m22.7,sich211140m22.7
si:ch211-141e20.2,sich211141e20.2
si:ch211-141o9.10,sich211141o9.10
si:ch211-142b24.2,sich211142b24.2
si:ch211-142b24.8,sich211142b24.8
si:ch211-142c4.1,sich211142c4.1
si:ch211-143l19.3,sich211143l19.3
si:ch211-145b13.5,sich211145b13.5
si:ch211-145b13.6,sich211145b13.6
si:ch211-145c1.1,sich211145c1.1
si:ch211-145h19.5,sich211145h19.5
si:ch211-145o7.3,sich211145o7.3
si:ch211-146l10.7,sich211146l10.7
si:ch211-146l10.8,sich211146l10.8
si:ch211-146m13.3,sich211146m13.3
si:ch211-147a11.3,sich211147a11.3
si:ch211-147d7.5,sich211147d7.5
si:ch211-147g22.4,sich211147g22.4
si:ch211-147g22.7,sich211147g22.7
si:ch211-147h1.4,sich211147h1.4
si:ch211-147k10.5,sich211147k10.5
si:ch211-147k10.6,sich211147k10.6
si:ch211-147k9.8,sich211147k9.8
si:ch211-147m20.3,sich211147m20.3
si:ch211-147m6.1,sich211147m6.1
si:ch211-148l7.4,sich211148l7.4
si:ch211-149a19.3,sich211149a19.3
si:ch211-149b19.2,sich211149b19.2
si:ch211-149b19.3,sich211149b19.3
si:ch211-149b19.4,sich211149b19.4
si:ch211-149e23.4,sich211149e23.4
si:ch211-149k12.3,sich211149k12.3
si:ch211-149k23.9,sich211149k23.9
si:ch211-149l1.2,sich211149l1.2
si:ch211-14a11.2,sich21114a11.2
si:ch211-14a17.10,sich21114a17.10
si:ch211-14a17.11,sich21114a17.11
si:ch211-14a17.6,sich21114a17.6
si:ch211-14a17.7,sich21114a17.7
si:ch211-14c7.2,sich21114c7.2
si:ch211-14i3.2,sich21114i3.2
si:ch211-14k19.8,sich21114k19.8
si:ch211-14p21.3,sich21114p21.3
si:ch211-150g13.3,sich211150g13.3
si:ch211-150o23.2,sich211150o23.2
si:ch211-150o23.3,sich211150o23.3
si:ch211-151g22.1,sich211151g22.1
si:ch211-151h10.2,sich211151h10.2
si:ch211-151p13.8,sich211151p13.8
si:ch211-152c2.3,sich211152c2.3
si:ch211-152c8.2,sich211152c8.2
si:ch211-152c8.4,sich211152c8.4
si:ch211-152c8.5,sich211152c8.5
si:ch211-152f2.2,sich211152f2.2
si:ch211-152f2.3,sich211152f2.3
si:ch211-152f23.5,sich211152f23.5
si:ch211-152l15.2,sich211152l15.2
si:ch211-152p11.4,sich211152p11.4
si:ch211-152p23.2,sich211152p23.2
si:ch211-153a8.4,sich211153a8.4
si:ch211-153b23.3,sich211153b23.3
si:ch211-153b23.4,sich211153b23.4
si:ch211-153b23.5,sich211153b23.5
si:ch211-153b23.7,sich211153b23.7
si:ch211-153f2.3,sich211153f2.3
si:ch211-153f2.7,sich211153f2.7
si:ch211-153j24.3,sich211153j24.3
si:ch211-153l6.6,sich211153l6.6
si:ch211-154a22.8,sich211154a22.8
si:ch211-154c21.1,sich211154c21.1
si:ch211-154e10.1,sich211154e10.1
si:ch211-154o6.2,sich211154o6.2
si:ch211-154o6.3,sich211154o6.3
si:ch211-154o6.4,sich211154o6.4
si:ch211-155e24.3,sich211155e24.3
si:ch211-155k24.9,sich211155k24.9
si:ch211-155m12.1,sich211155m12.1
si:ch211-155m12.5,sich211155m12.5
si:ch211-155o21.3,sich211155o21.3
si:ch211-155o21.4,sich211155o21.4
si:ch211-156b7.4,sich211156b7.4
si:ch211-156j22.4,sich211156j22.4
si:ch211-156l18.4,sich211156l18.4
si:ch211-156l18.7,sich211156l18.7
si:ch211-156l18.8,sich211156l18.8
si:ch211-157b11.12,sich211157b11.12
si:ch211-157b11.8,sich211157b11.8
si:ch211-157c3.4,sich211157c3.4
si:ch211-157j23.2,sich211157j23.2
si:ch211-157j23.3,sich211157j23.3
si:ch211-157p22.10,sich211157p22.10
si:ch211-158d24.2,sich211158d24.2
si:ch211-158d24.4,sich211158d24.4
si:ch211-158m24.12,sich211158m24.12
si:ch211-159i8.4,sich211159i8.4
si:ch211-15b10.6,sich21115b10.6
si:ch211-15d5.11,sich21115d5.11
si:ch211-15d5.12,sich21115d5.12
si:ch211-15j1.4,sich21115j1.4
si:ch211-15j1.5,sich21115j1.5
si:ch211-15p9.2,sich21115p9.2
si:ch211-160b11.4,sich211160b11.4
si:ch211-160d14.15,sich211160d14.15
si:ch211-160d20.3,sich211160d20.3
si:ch211-160f23.5,sich211160f23.5
si:ch211-160f23.7,sich211160f23.7
si:ch211-160j14.2,sich211160j14.2
si:ch211-160j14.3,sich211160j14.3
si:ch211-160o17.2,sich211160o17.2
si:ch211-160o17.3,sich211160o17.3
si:ch211-160o17.4,sich211160o17.4
si:ch211-160o17.6,sich211160o17.6
si:ch211-161c3.5,sich211161c3.5
si:ch211-161c3.6,sich211161c3.6
si:ch211-161f7.2,sich211161f7.2
si:ch211-161h7.4,sich211161h7.4
si:ch211-161h7.5,sich211161h7.5
si:ch211-161h7.8,sich211161h7.8
si:ch211-161m3.1,sich211161m3.1
si:ch211-161m3.4,sich211161m3.4
si:ch211-161n3.3,sich211161n3.3
si:ch211-161n3.5,sich211161n3.5
si:ch211-162e15.3,sich211162e15.3
si:ch211-162i14.1,sich211162i14.1
si:ch211-162i8.2,sich211162i8.2
si:ch211-162i8.4,sich211162i8.4
si:ch211-162i8.5,sich211162i8.5
si:ch211-162i8.7,sich211162i8.7
si:ch211-162k9.5,sich211162k9.5
si:ch211-163b2.4,sich211163b2.4
si:ch211-163c2.2,sich211163c2.2
si:ch211-163g19.2,sich211163g19.2
si:ch211-163l21.10,sich211163l21.10
si:ch211-163l21.11,sich211163l21.11
si:ch211-163l21.7,sich211163l21.7
si:ch211-163l21.8,sich211163l21.8
si:ch211-163m17.4,sich211163m17.4
si:ch211-165b10.3,sich211165b10.3
si:ch211-165d12.4,sich211165d12.4
si:ch211-165e15.1,sich211165e15.1
si:ch211-165f21.2,sich211165f21.2
si:ch211-165f21.4,sich211165f21.4
si:ch211-165f21.7,sich211165f21.7
si:ch211-165g14.1,sich211165g14.1
si:ch211-165i18.2,sich211165i18.2
si:ch211-166a6.5,sich211166a6.5
si:ch211-166e11.5,sich211166e11.5
si:ch211-166g5.4,sich211166g5.4
si:ch211-167b20.8,sich211167b20.8
si:ch211-167j6.3,sich211167j6.3
si:ch211-167j6.5,sich211167j6.5
si:ch211-167j9.4,sich211167j9.4
si:ch211-167j9.5,sich211167j9.5
si:ch211-168b3.1,sich211168b3.1
si:ch211-168b3.2,sich211168b3.2
si:ch211-168d1.3,sich211168d1.3
si:ch211-168d23.3,sich211168d23.3
si:ch211-168f7.5,sich211168f7.5
si:ch211-169p10.1,sich211169p10.1
si:ch211-170d8.2,sich211170d8.2
si:ch211-170d8.5,sich211170d8.5
si:ch211-170d8.8,sich211170d8.8
si:ch211-171b20.3,sich211171b20.3
si:ch211-171h4.5,sich211171h4.5
si:ch211-171h4.6,sich211171h4.6
si:ch211-171l17.14,sich211171l17.14
si:ch211-172l8.4,sich211172l8.4
si:ch211-173a9.6,sich211173a9.6
si:ch211-173d10.4,sich211173d10.4
si:ch211-173m16.2,sich211173m16.2
si:ch211-173n18.3,sich211173n18.3
si:ch211-173p18.3,sich211173p18.3
si:ch211-174j14.2,sich211174j14.2
si:ch211-175f11.5,sich211175f11.5
si:ch211-175f12.2,sich211175f12.2
si:ch211-175l6.1,sich211175l6.1
si:ch211-175l6.2,sich211175l6.2
si:ch211-175m2.4,sich211175m2.4
si:ch211-175m2.5,sich211175m2.5
si:ch211-176g13.8,sich211176g13.8
si:ch211-176g6.2,sich211176g6.2
si:ch211-176l24.4,sich211176l24.4
si:ch211-178j18.4,sich211178j18.4
si:ch211-178n15.1,sich211178n15.1
si:ch211-180a12.2,sich211180a12.2
si:ch211-180f4.1,sich211180f4.1
si:ch211-180n24.3,sich211180n24.3
si:ch211-181d7.1,sich211181d7.1
si:ch211-181d7.3,sich211181d7.3
si:ch211-182p11.1,sich211182p11.1
si:ch211-183d21.1,sich211183d21.1
si:ch211-183d21.3,sich211183d21.3
si:ch211-183d5.2,sich211183d5.2
si:ch211-184m13.4,sich211184m13.4
si:ch211-185a18.2,sich211185a18.2
si:ch211-186j3.3,sich211186j3.3
si:ch211-186j3.6,sich211186j3.6
si:ch211-188c16.1,sich211188c16.1
si:ch211-188c18.1,sich211188c18.1
si:ch211-188f17.1,sich211188f17.1
si:ch211-188p14.4,sich211188p14.4
si:ch211-189a15.5,sich211189a15.5
si:ch211-189a21.1,sich211189a21.1
si:ch211-189e2.3,sich211189e2.3
si:ch211-189k9.2,sich211189k9.2
si:ch211-190k17.19,sich211190k17.19
si:ch211-191a16.2,sich211191a16.2
si:ch211-191a16.5,sich211191a16.5
si:ch211-191a24.4,sich211191a24.4
si:ch211-191c10.1,sich211191c10.1
si:ch211-191d15.2,sich211191d15.2
si:ch211-191d2.2,sich211191d2.2
si:ch211-191i18.2,sich211191i18.2
si:ch211-191i18.4,sich211191i18.4
si:ch211-191j22.3,sich211191j22.3
si:ch211-191j22.7,sich211191j22.7
si:ch211-191j22.8,sich211191j22.8
si:ch211-191o15.6,sich211191o15.6
si:ch211-193c2.2,sich211193c2.2
si:ch211-193e13.5,sich211193e13.5
si:ch211-193i15.2,sich211193i15.2
si:ch211-193k19.1,sich211193k19.1
si:ch211-193k19.2,sich211193k19.2
si:ch211-193l2.10,sich211193l2.10
si:ch211-193l2.6,sich211193l2.6
si:ch211-193l2.7,sich211193l2.7
si:ch211-194b1.1,sich211194b1.1
si:ch211-194c3.5,sich211194c3.5
si:ch211-194e1.7,sich211194e1.7
si:ch211-194e15.5,sich211194e15.5
si:ch211-194g2.4,sich211194g2.4
si:ch211-194h1.2,sich211194h1.2
si:ch211-194k22.8,sich211194k22.8
si:ch211-194p6.10,sich211194p6.10
si:ch211-195b11.3,sich211195b11.3
si:ch211-195b13.1,sich211195b13.1
si:ch211-195b13.6,sich211195b13.6
si:ch211-195b15.7,sich211195b15.7
si:ch211-195b15.8,sich211195b15.8
si:ch211-195d17.2,sich211195d17.2
si:ch211-195e19.1,sich211195e19.1
si:ch211-195h23.3,sich211195h23.3
si:ch211-195h23.4,sich211195h23.4
si:ch211-195m9.3,sich211195m9.3
si:ch211-195o20.7,sich211195o20.7
si:ch211-196c10.13,sich211196c10.13
si:ch211-196f19.1,sich211196f19.1
si:ch211-196f2.3,sich211196f2.3
si:ch211-196f2.6,sich211196f2.6
si:ch211-196f5.2,sich211196f5.2
si:ch211-196f5.9,sich211196f5.9
si:ch211-196g2.4,sich211196g2.4
si:ch211-196h16.12,sich211196h16.12
si:ch211-196h16.5,sich211196h16.5
si:ch211-196h24.1,sich211196h24.1
si:ch211-196h24.2,sich211196h24.2
si:ch211-196i2.1,sich211196i2.1
si:ch211-196l7.4,sich211196l7.4
si:ch211-196p9.1,sich211196p9.1
si:ch211-197e7.1,sich211197e7.1
si:ch211-197e7.3,sich211197e7.3
si:ch211-197f20.1,sich211197f20.1
si:ch211-197g15.10,sich211197g15.10
si:ch211-197g15.6,sich211197g15.6
si:ch211-197g15.7,sich211197g15.7
si:ch211-197g15.8,sich211197g15.8
si:ch211-197h24.6,sich211197h24.6
si:ch211-197h24.9,sich211197h24.9
si:ch211-197k17.3,sich211197k17.3
si:ch211-197l9.2,sich211197l9.2
si:ch211-197l9.5,sich211197l9.5
si:ch211-197n1.2,sich211197n1.2
si:ch211-198a12.6,sich211198a12.6
si:ch211-198c19.1,sich211198c19.1
si:ch211-198c19.3,sich211198c19.3
si:ch211-198d23.1,sich211198d23.1
si:ch211-198g14.2,sich211198g14.2
si:ch211-198g14.4,sich211198g14.4
si:ch211-198k9.6,sich211198k9.6
si:ch211-198m1.1,sich211198m1.1
si:ch211-198m17.1,sich211198m17.1
si:ch211-198n5.11,sich211198n5.11
si:ch211-198o12.4,sich211198o12.4
si:ch211-199b20.3,sich211199b20.3
si:ch211-199g17.2,sich211199g17.2
si:ch211-199g17.9,sich211199g17.9
si:ch211-199m9.3,sich211199m9.3
si:ch211-199o1.2,sich211199o1.2
si:ch211-1a19.3,sich2111a19.3
si:ch211-1e14.1,sich2111e14.1
si:ch211-1f22.1,sich2111f22.1
si:ch211-1f22.10,sich2111f22.10
si:ch211-1f22.2,sich2111f22.2
si:ch211-1i11.3,sich2111i11.3
si:ch211-1o7.2,sich2111o7.2
si:ch211-1o7.3,sich2111o7.3
si:ch211-201o1.1,sich211201o1.1
si:ch211-202c21.7,sich211202c21.7
si:ch211-202e12.3,sich211202e12.3
si:ch211-202f3.3,sich211202f3.3
si:ch211-202f5.3,sich211202f5.3
si:ch211-202h22.10,sich211202h22.10
si:ch211-202h22.7,sich211202h22.7
si:ch211-202h22.8,sich211202h22.8
si:ch211-202m22.1,sich211202m22.1
si:ch211-202p1.5,sich211202p1.5
si:ch211-203b20.4,sich211203b20.4
si:ch211-203b20.7,sich211203b20.7
si:ch211-203b8.6,sich211203b8.6
si:ch211-203d1.3,sich211203d1.3
si:ch211-203k16.3,sich211203k16.3
si:ch211-204a13.2,sich211204a13.2
si:ch211-204c21.1,sich211204c21.1
si:ch211-204d2.4,sich211204d2.4
si:ch211-205a14.1,sich211205a14.1
si:ch211-205a14.7,sich211205a14.7
si:ch211-206k20.5,sich211206k20.5
si:ch211-207b24.4,sich211207b24.4
si:ch211-207c6.2,sich211207c6.2
si:ch211-207d10.2,sich211207d10.2
si:ch211-207d6.2,sich211207d6.2
si:ch211-207e14.4,sich211207e14.4
si:ch211-207e19.15,sich211207e19.15
si:ch211-207i1.2,sich211207i1.2
si:ch211-207i20.2,sich211207i20.2
si:ch211-207i20.3,sich211207i20.3
si:ch211-207j7.2,sich211207j7.2
si:ch211-207k7.4,sich211207k7.4
si:ch211-207l14.1,sich211207l14.1
si:ch211-207n23.2,sich211207n23.2
si:ch211-208f21.2,sich211208f21.2
si:ch211-208f21.3,sich211208f21.3
si:ch211-208g1.1,sich211208g1.1
si:ch211-208g24.8,sich211208g24.8
si:ch211-208h16.4,sich211208h16.4
si:ch211-208k15.1,sich211208k15.1
si:ch211-209a2.2,sich211209a2.2
si:ch211-209f23.3,sich211209f23.3
si:ch211-209f23.6,sich211209f23.6
si:ch211-209j10.6,sich211209j10.6
si:ch211-209j12.1,sich211209j12.1
si:ch211-209j12.2,sich211209j12.2
si:ch211-209j12.3,sich211209j12.3
si:ch211-209j12.6,sich211209j12.6
si:ch211-209l18.2,sich211209l18.2
si:ch211-209l18.4,sich211209l18.4
si:ch211-209n20.1,sich211209n20.1
si:ch211-209n20.3,sich211209n20.3
si:ch211-210b2.1,sich211210b2.1
si:ch211-210b2.2,sich211210b2.2
si:ch211-210b2.3,sich211210b2.3
si:ch211-210b2.4,sich211210b2.4
si:ch211-210c8.6,sich211210c8.6
si:ch211-210c8.7,sich211210c8.7
si:ch211-210g13.5,sich211210g13.5
si:ch211-211k8.12,sich211211k8.12
si:ch211-212c13.10,sich211212c13.10
si:ch211-212d10.1,sich211212d10.1
si:ch211-212d10.2,sich211212d10.2
si:ch211-212g7.6,sich211212g7.6
si:ch211-212k18.13,sich211212k18.13
si:ch211-212k18.15,sich211212k18.15
si:ch211-212k18.4,sich211212k18.4
si:ch211-212k18.5,sich211212k18.5
si:ch211-212k18.7,sich211212k18.7
si:ch211-212k18.8,sich211212k18.8
si:ch211-212k18.9,sich211212k18.9
si:ch211-212k5.1,sich211212k5.1
si:ch211-212k5.3,sich211212k5.3
si:ch211-212k5.4,sich211212k5.4
si:ch211-212o1.2,sich211212o1.2
si:ch211-213a13.1,sich211213a13.1
si:ch211-213a13.2,sich211213a13.2
si:ch211-213a13.5,sich211213a13.5
si:ch211-213b8.4,sich211213b8.4
si:ch211-213c4.5,sich211213c4.5
si:ch211-213d14.1,sich211213d14.1
si:ch211-213d14.2,sich211213d14.2
si:ch211-214b16.2,sich211214b16.2
si:ch211-214b16.3,sich211214b16.3
si:ch211-214b16.4,sich211214b16.4
si:ch211-214c20.1,sich211214c20.1
si:ch211-214c7.4,sich211214c7.4
si:ch211-214c7.5,sich211214c7.5
si:ch211-214e3.5,sich211214e3.5
si:ch211-214j24.10,sich211214j24.10
si:ch211-214j24.14,sich211214j24.14
si:ch211-214j24.15,sich211214j24.15
si:ch211-214j24.9,sich211214j24.9
si:ch211-214j8.1,sich211214j8.1
si:ch211-214j8.12,sich211214j8.12
si:ch211-214k5.3,sich211214k5.3
si:ch211-214k5.6,sich211214k5.6
si:ch211-214p13.3,sich211214p13.3
si:ch211-214p13.8,sich211214p13.8
si:ch211-214p13.9,sich211214p13.9
si:ch211-214p16.1,sich211214p16.1
si:ch211-214p16.2,sich211214p16.2
si:ch211-214p16.3,sich211214p16.3
si:ch211-215a10.4,sich211215a10.4
si:ch211-215c18.3,sich211215c18.3
si:ch211-215d8.2,sich211215d8.2
si:ch211-215e19.6,sich211215e19.6
si:ch211-215j19.12,sich211215j19.12
si:ch211-215k15.4,sich211215k15.4
si:ch211-215p11.1,sich211215p11.1
si:ch211-215p11.3,sich211215p11.3
si:ch211-216b21.2,sich211216b21.2
si:ch211-216l23.2,sich211216l23.2
si:ch211-216p19.5,sich211216p19.5
si:ch211-216p19.6,sich211216p19.6
si:ch211-217a12.1,sich211217a12.1
si:ch211-217i17.1,sich211217i17.1
si:ch211-217k17.10,sich211217k17.10
si:ch211-217k17.12,sich211217k17.12
si:ch211-217k17.7,sich211217k17.7
si:ch211-217k17.8,sich211217k17.8
si:ch211-217k17.9,sich211217k17.9
si:ch211-218c6.8,sich211218c6.8
si:ch211-218d20.15,sich211218d20.15
si:ch211-218g23.6,sich211218g23.6
si:ch211-218g4.2,sich211218g4.2
si:ch211-218h8.1,sich211218h8.1
si:ch211-218h8.3,sich211218h8.3
si:ch211-218m3.16,sich211218m3.16
si:ch211-218m3.9,sich211218m3.9
si:ch211-218o21.4,sich211218o21.4
si:ch211-219a15.3,sich211219a15.3
si:ch211-219a15.4,sich211219a15.4
si:ch211-219a4.3,sich211219a4.3
si:ch211-220f12.4,sich211220f12.4
si:ch211-220f16.1,sich211220f16.1
si:ch211-220f16.2,sich211220f16.2
si:ch211-220f21.1,sich211220f21.1
si:ch211-220f21.2,sich211220f21.2
si:ch211-220f21.3,sich211220f21.3
si:ch211-220i18.4,sich211220i18.4
si:ch211-220m6.4,sich211220m6.4
si:ch211-221f10.2,sich211221f10.2
si:ch211-221j21.3,sich211221j21.3
si:ch211-222e20.4,sich211222e20.4
si:ch211-222k6.1,sich211222k6.1
si:ch211-222k6.2,sich211222k6.2
si:ch211-222k6.3,sich211222k6.3
si:ch211-222l21.1,sich211222l21.1
si:ch211-222m18.4,sich211222m18.4
si:ch211-222n22.1,sich211222n22.1
si:ch211-222n4.2,sich211222n4.2
si:ch211-223a10.1,sich211223a10.1
si:ch211-223a21.1,sich211223a21.1
si:ch211-223a21.3,sich211223a21.3
si:ch211-223a21.4,sich211223a21.4
si:ch211-223a21.6,sich211223a21.6
si:ch211-223g7.2,sich211223g7.2
si:ch211-223k15.1,sich211223k15.1
si:ch211-223m11.2,sich211223m11.2
si:ch211-224l10.4,sich211224l10.4
si:ch211-225b10.3,sich211225b10.3
si:ch211-225b11.1,sich211225b11.1
si:ch211-225b11.4,sich211225b11.4
si:ch211-225b7.5,sich211225b7.5
si:ch211-225g23.1,sich211225g23.1
si:ch211-225h24.2,sich211225h24.2
si:ch211-225k7.2,sich211225k7.2
si:ch211-225p5.8,sich211225p5.8
si:ch211-226f6.1,sich211226f6.1
si:ch211-226h7.5,sich211226h7.5
si:ch211-226h8.11,sich211226h8.11
si:ch211-226h8.14,sich211226h8.14
si:ch211-226h8.15,sich211226h8.15
si:ch211-226h8.4,sich211226h8.4
si:ch211-226h8.6,sich211226h8.6
si:ch211-226h8.8,sich211226h8.8
si:ch211-226l4.6,sich211226l4.6
si:ch211-226m16.2,sich211226m16.2
si:ch211-226m16.3,sich211226m16.3
si:ch211-226m7.4,sich211226m7.4
si:ch211-226o13.1,sich211226o13.1
si:ch211-227e10.2,sich211227e10.2
si:ch211-227e10.3,sich211227e10.3
si:ch211-227m13.1,sich211227m13.1
si:ch211-227n13.3,sich211227n13.3
si:ch211-227p7.5,sich211227p7.5
si:ch211-229b6.1,sich211229b6.1
si:ch211-229c8.13,sich211229c8.13
si:ch211-229c8.4,sich211229c8.4
si:ch211-229d2.5,sich211229d2.5
si:ch211-229g14.3,sich211229g14.3
si:ch211-229i14.2,sich211229i14.2
si:ch211-229l10.11,sich211229l10.11
si:ch211-229n2.6,sich211229n2.6
si:ch211-229n2.7,sich211229n2.7
si:ch211-22d5.2,sich21122d5.2
si:ch211-22i13.2,sich21122i13.2
si:ch211-22k7.9,sich21122k7.9
si:ch211-230g15.5,sich211230g15.5
si:ch211-231f6.6,sich211231f6.6
si:ch211-231i17.3,sich211231i17.3
si:ch211-231i17.4,sich211231i17.4
si:ch211-231m23.4,sich211231m23.4
si:ch211-232b12.5,sich211232b12.5
si:ch211-232d10.3,sich211232d10.3
si:ch211-232i5.1,sich211232i5.1
si:ch211-232i5.3,sich211232i5.3
si:ch211-232m10.6,sich211232m10.6
si:ch211-232m8.3,sich211232m8.3
si:ch211-232p21.6,sich211232p21.6
si:ch211-233a24.2,sich211233a24.2
si:ch211-233f11.5,sich211233f11.5
si:ch211-233h19.2,sich211233h19.2
si:ch211-233m11.1,sich211233m11.1
si:ch211-234c11.3,sich211234c11.3
si:ch211-234h8.7,sich211234h8.7
si:ch211-234p6.5,sich211234p6.5
si:ch211-234p6.9,sich211234p6.9
si:ch211-235e9.6,sich211235e9.6
si:ch211-235f1.3,sich211235f1.3
si:ch211-235i11.3,sich211235i11.3
si:ch211-235i11.4,sich211235i11.4
si:ch211-235i11.5,sich211235i11.5
si:ch211-235i11.6,sich211235i11.6
si:ch211-235m3.10,sich211235m3.10
si:ch211-235m3.5,sich211235m3.5
si:ch211-235o23.1,sich211235o23.1
si:ch211-236g6.1,sich211236g6.1
si:ch211-236k19.2,sich211236k19.2
si:ch211-236l14.4,sich211236l14.4
si:ch211-236p5.2,sich211236p5.2
si:ch211-237c6.4,sich211237c6.4
si:ch211-237i5.4,sich211237i5.4
si:ch211-237l4.6,sich211237l4.6
si:ch211-238e22.5,sich211238e22.5
si:ch211-238e22.8,sich211238e22.8
si:ch211-238n5.4,sich211238n5.4
si:ch211-239d6.2,sich211239d6.2
si:ch211-239f4.1,sich211239f4.1
si:ch211-239f4.6,sich211239f4.6
si:ch211-239j9.1,sich211239j9.1
si:ch211-239m17.1,sich211239m17.1
si:ch211-23l10.3,sich21123l10.3
si:ch211-240b21.2,sich211240b21.2
si:ch211-240l19.5,sich211240l19.5
si:ch211-240l19.6,sich211240l19.6
si:ch211-241b2.1,sich211241b2.1
si:ch211-241b2.4,sich211241b2.4
si:ch211-241b2.5,sich211241b2.5
si:ch211-241e1.3,sich211241e1.3
si:ch211-241e1.5,sich211241e1.5
si:ch211-241f5.3,sich211241f5.3
si:ch211-241j12.3,sich211241j12.3
si:ch211-241j12.4,sich211241j12.4
si:ch211-241j8.2,sich211241j8.2
si:ch211-242b18.1,sich211242b18.1
si:ch211-242e8.1,sich211242e8.1
si:ch211-242f23.8,sich211242f23.8
si:ch211-243g18.2,sich211243g18.2
si:ch211-243j20.2,sich211243j20.2
si:ch211-243o19.4,sich211243o19.4
si:ch211-244b2.3,sich211244b2.3
si:ch211-244b2.4,sich211244b2.4
si:ch211-244c8.4,sich211244c8.4
si:ch211-244e12.7,sich211244e12.7
si:ch211-244o22.2,sich211244o22.2
si:ch211-245h14.1,sich211245h14.1
si:ch211-245j22.3,sich211245j22.3
si:ch211-245n8.4,sich211245n8.4
si:ch211-246b8.2,sich211246b8.2
si:ch211-246i5.5,sich211246i5.5
si:ch211-246m6.4,sich211246m6.4
si:ch211-246m6.5,sich211246m6.5
si:ch211-247i17.1,sich211247i17.1
si:ch211-247j9.1,sich211247j9.1
si:ch211-247n2.1,sich211247n2.1
si:ch211-248e11.2,sich211248e11.2
si:ch211-248l17.3,sich211248l17.3
si:ch211-249o11.5,sich211249o11.5
si:ch211-24o8.4,sich21124o8.4
si:ch211-250c4.4,sich211250c4.4
si:ch211-250c4.5,sich211250c4.5
si:ch211-250e5.16,sich211250e5.16
si:ch211-250e5.2,sich211250e5.2
si:ch211-250g4.3,sich211250g4.3
si:ch211-250k18.5,sich211250k18.5
si:ch211-250k18.7,sich211250k18.7
si:ch211-250m6.7,sich211250m6.7
si:ch211-251b21.1,sich211251b21.1
si:ch211-251f6.6,sich211251f6.6
si:ch211-251f6.7,sich211251f6.7
si:ch211-251g8.5,sich211251g8.5
si:ch211-251p5.5,sich211251p5.5
si:ch211-252f13.5,sich211252f13.5
si:ch211-253b8.2,sich211253b8.2
si:ch211-253b8.5,sich211253b8.5
si:ch211-253h3.1,sich211253h3.1
si:ch211-253p18.2,sich211253p18.2
si:ch211-253p2.2,sich211253p2.2
si:ch211-254c8.3,sich211254c8.3
si:ch211-254n4.3,sich211254n4.3
si:ch211-254p10.2,sich211254p10.2
si:ch211-255f4.13,sich211255f4.13
si:ch211-255f4.3,sich211255f4.3
si:ch211-255f4.5,sich211255f4.5
si:ch211-255f4.7,sich211255f4.7
si:ch211-255f4.8,sich211255f4.8
si:ch211-255f4.9,sich211255f4.9
si:ch211-255g12.8,sich211255g12.8
si:ch211-255i20.3,sich211255i20.3
si:ch211-255i3.4,sich211255i3.4
si:ch211-255p10.3,sich211255p10.3
si:ch211-255p10.4,sich211255p10.4
si:ch211-256a21.4,sich211256a21.4
si:ch211-256e16.11,sich211256e16.11
si:ch211-256e16.3,sich211256e16.3
si:ch211-256e16.4,sich211256e16.4
si:ch211-256e16.6,sich211256e16.6
si:ch211-256e16.7,sich211256e16.7
si:ch211-256m1.8,sich211256m1.8
si:ch211-257p13.3,sich211257p13.3
si:ch211-258f1.3,sich211258f1.3
si:ch211-258f14.2,sich211258f14.2
si:ch211-259g3.4,sich211259g3.4
si:ch211-25d12.7,sich21125d12.7
si:ch211-260e23.7,sich211260e23.7
si:ch211-260e23.8,sich211260e23.8
si:ch211-260e23.9,sich211260e23.9
si:ch211-260p9.3,sich211260p9.3
si:ch211-261a10.5,sich211261a10.5
si:ch211-261d7.3,sich211261d7.3
si:ch211-261d7.6,sich211261d7.6
si:ch211-261d9.1,sich211261d9.1
si:ch211-261n11.3,sich211261n11.3
si:ch211-261n11.5,sich211261n11.5
si:ch211-261n11.7,sich211261n11.7
si:ch211-261n11.8,sich211261n11.8
si:ch211-261p9.4,sich211261p9.4
si:ch211-262h13.3,sich211262h13.3
si:ch211-262h13.5,sich211262h13.5
si:ch211-262i1.3,sich211262i1.3
si:ch211-262i1.5,sich211262i1.5
si:ch211-262i1.6,sich211262i1.6
si:ch211-263k4.2,sich211263k4.2
si:ch211-263m18.4,sich211263m18.4
si:ch211-263p13.7,sich211263p13.7
si:ch211-264e16.1,sich211264e16.1
si:ch211-264e16.2,sich211264e16.2
si:ch211-264f5.2,sich211264f5.2
si:ch211-264f5.6,sich211264f5.6
si:ch211-264f5.8,sich211264f5.8
si:ch211-265o23.1,sich211265o23.1
si:ch211-266a5.12,sich211266a5.12
si:ch211-266d19.4,sich211266d19.4
si:ch211-266g18.10,sich211266g18.10
si:ch211-266g18.6,sich211266g18.6
si:ch211-266g18.9,sich211266g18.9
si:ch211-266i6.3,sich211266i6.3
si:ch211-266k2.1,sich211266k2.1
si:ch211-266k22.6,sich211266k22.6
si:ch211-266k8.4,sich211266k8.4
si:ch211-266k8.6,sich211266k8.6
si:ch211-266o15.1,sich211266o15.1
si:ch211-267e7.3,sich211267e7.3
si:ch211-268b14.2,sich211268b14.2
si:ch211-269e2.1,sich211269e2.1
si:ch211-269k10.2,sich211269k10.2
si:ch211-269k10.4,sich211269k10.4
si:ch211-269k10.5,sich211269k10.5
si:ch211-270g19.5,sich211270g19.5
si:ch211-270n8.1,sich211270n8.1
si:ch211-270n8.4,sich211270n8.4
si:ch211-271b14.1,sich211271b14.1
si:ch211-271d10.2,sich211271d10.2
si:ch211-271e10.2,sich211271e10.2
si:ch211-271g18.1,sich211271g18.1
si:ch211-271g18.4,sich211271g18.4
si:ch211-272b8.6,sich211272b8.6
si:ch211-272h9.5,sich211272h9.5
si:ch211-272h9.6,sich211272h9.6
si:ch211-272n13.3,sich211272n13.3
si:ch211-273k1.5,sich211273k1.5
si:ch211-274f20.2,sich211274f20.2
si:ch211-274k16.2,sich211274k16.2
si:ch211-274k16.9,sich211274k16.9
si:ch211-274p24.4,sich211274p24.4
si:ch211-275j6.5,sich211275j6.5
si:ch211-276a23.5,sich211276a23.5
si:ch211-276c2.2,sich211276c2.2
si:ch211-276c2.4,sich211276c2.4
si:ch211-276i12.11,sich211276i12.11
si:ch211-276i12.4,sich211276i12.4
si:ch211-276i12.9,sich211276i12.9
si:ch211-276k2.1,sich211276k2.1
si:ch211-277c7.7,sich211277c7.7
si:ch211-277e21.1,sich211277e21.1
si:ch211-278j3.3,sich211278j3.3
si:ch211-278p9.1,sich211278p9.1
si:ch211-278p9.2,sich211278p9.2
si:ch211-278p9.3,sich211278p9.3
si:ch211-279g13.1,sich211279g13.1
si:ch211-27e6.1,sich21127e6.1
si:ch211-281g13.4,sich211281g13.4
si:ch211-281g13.5,sich211281g13.5
si:ch211-281l24.3,sich211281l24.3
si:ch211-281p14.2,sich211281p14.2
si:ch211-282b22.1,sich211282b22.1
si:ch211-282j17.11,sich211282j17.11
si:ch211-282j17.12,sich211282j17.12
si:ch211-282j17.13,sich211282j17.13
si:ch211-282j17.5,sich211282j17.5
si:ch211-282j17.7,sich211282j17.7
si:ch211-282j17.8,sich211282j17.8
si:ch211-282j22.3,sich211282j22.3
si:ch211-282k23.2,sich211282k23.2
si:ch211-283g2.1,sich211283g2.1
si:ch211-283g2.2,sich211283g2.2
si:ch211-283g2.3,sich211283g2.3
si:ch211-283h6.4,sich211283h6.4
si:ch211-283l16.1,sich211283l16.1
si:ch211-284b7.3,sich211284b7.3
si:ch211-284e13.12,sich211284e13.12
si:ch211-284e13.14,sich211284e13.14
si:ch211-284e13.4,sich211284e13.4
si:ch211-284e13.5,sich211284e13.5
si:ch211-284e13.6,sich211284e13.6
si:ch211-284e13.9,sich211284e13.9
si:ch211-284e20.8,sich211284e20.8
si:ch211-284f22.3,sich211284f22.3
si:ch211-284k5.2,sich211284k5.2
si:ch211-284o19.8,sich211284o19.8
si:ch211-285c6.1,sich211285c6.1
si:ch211-285c6.3,sich211285c6.3
si:ch211-285c6.4,sich211285c6.4
si:ch211-285c6.6,sich211285c6.6
si:ch211-285f17.1,sich211285f17.1
si:ch211-285j22.5,sich211285j22.5
si:ch211-286b4.4,sich211286b4.4
si:ch211-286b5.2,sich211286b5.2
si:ch211-286b5.4,sich211286b5.4
si:ch211-286b5.5,sich211286b5.5
si:ch211-286b5.6,sich211286b5.6
si:ch211-286b5.8,sich211286b5.8
si:ch211-286b5.9,sich211286b5.9
si:ch211-288d18.1,sich211288d18.1
si:ch211-288g17.3,sich211288g17.3
si:ch211-288g17.4,sich211288g17.4
si:ch211-28e16.5,sich21128e16.5
si:ch211-28p3.4,sich21128p3.4
si:ch211-33e4.3,sich21133e4.3
si:ch211-37e10.1,sich21137e10.1
si:ch211-37e10.2,sich21137e10.2
si:ch211-38m6.6,sich21138m6.6
si:ch211-39a7.1,sich21139a7.1
si:ch211-39i2.2,sich21139i2.2
si:ch211-39i22.1,sich21139i22.1
si:ch211-39k3.2,sich21139k3.2
si:ch211-40k21.5,sich21140k21.5
si:ch211-40k21.9,sich21140k21.9
si:ch211-42i6.2,sich21142i6.2
si:ch211-42i9.8,sich21142i9.8
si:ch211-43f4.1,sich21143f4.1
si:ch211-51a19.5,sich21151a19.5
si:ch211-51a6.2,sich21151a6.2
si:ch211-51c14.1,sich21151c14.1
si:ch211-51e12.7,sich21151e12.7
si:ch211-51f19.1,sich21151f19.1
si:ch211-51h4.2,sich21151h4.2
si:ch211-51h9.6,sich21151h9.6
si:ch211-51h9.7,sich21151h9.7
si:ch211-51i16.3,sich21151i16.3
si:ch211-56a11.2,sich21156a11.2
si:ch211-57b15.1,sich21157b15.1
si:ch211-57b15.2,sich21157b15.2
si:ch211-57f7.7,sich21157f7.7
si:ch211-57i17.1,sich21157i17.1
si:ch211-57i17.2,sich21157i17.2
si:ch211-57i17.5,sich21157i17.5
si:ch211-57m13.1,sich21157m13.1
si:ch211-57m13.7,sich21157m13.7
si:ch211-57m13.8,sich21157m13.8
si:ch211-57n23.4,sich21157n23.4
si:ch211-59d15.4,sich21159d15.4
si:ch211-59d15.9,sich21159d15.9
si:ch211-59d17.3,sich21159d17.3
si:ch211-59d8.2,sich21159d8.2
si:ch211-59d8.3,sich21159d8.3
si:ch211-59h6.1,sich21159h6.1
si:ch211-59o9.10,sich21159o9.10
si:ch211-59p23.1,sich21159p23.1
si:ch211-5k11.8,sich2115k11.8
si:ch211-62a1.3,sich21162a1.3
si:ch211-62a1.4,sich21162a1.4
si:ch211-63b16.4,sich21163b16.4
si:ch211-63i20.3,sich21163i20.3
si:ch211-63o20.7,sich21163o20.7
si:ch211-63p21.1,sich21163p21.1
si:ch211-63p21.2,sich21163p21.2
si:ch211-63p21.4,sich21163p21.4
si:ch211-63p21.8,sich21163p21.8
si:ch211-64i20.3,sich21164i20.3
si:ch211-66e2.3,sich21166e2.3
si:ch211-66e2.5,sich21166e2.5
si:ch211-66h3.4,sich21166h3.4
si:ch211-66i15.4,sich21166i15.4
si:ch211-66i15.5,sich21166i15.5
si:ch211-66i8.3,sich21166i8.3
si:ch211-66k16.2,sich21166k16.2
si:ch211-66k16.27,sich21166k16.27
si:ch211-66k16.28,sich21166k16.28
si:ch211-67e16.11,sich21167e16.11
si:ch211-67e16.3,sich21167e16.3
si:ch211-67e16.4,sich21167e16.4
si:ch211-67f13.7,sich21167f13.7
si:ch211-67f13.8,sich21167f13.8
si:ch211-67f24.7,sich21167f24.7
si:ch211-68a17.7,sich21168a17.7
si:ch211-69b22.5,sich21169b22.5
si:ch211-69b7.6,sich21169b7.6
si:ch211-69e13.6,sich21169e13.6
si:ch211-69g19.2,sich21169g19.2
si:ch211-69l10.4,sich21169l10.4
si:ch211-71m22.3,sich21171m22.3
si:ch211-71m22.5,sich21171m22.5
si:ch211-71n6.4,sich21171n6.4
si:ch211-74f19.2,sich21174f19.2
si:ch211-74m13.1,sich21174m13.1
si:ch211-74m13.3,sich21174m13.3
si:ch211-76l23.4,sich21176l23.4
si:ch211-76l23.7,sich21176l23.7
si:ch211-76m11.7,sich21176m11.7
si:ch211-77g15.32,sich21177g15.32
si:ch211-79g12.1,sich21179g12.1
si:ch211-79h18.2,sich21179h18.2
si:ch211-79k12.1,sich21179k12.1
si:ch211-79k12.2,sich21179k12.2
si:ch211-79l17.1,sich21179l17.1
si:ch211-80h18.1,sich21180h18.1
si:ch211-81a5.1,sich21181a5.1
si:ch211-81a5.5,sich21181a5.5
si:ch211-81a5.8,sich21181a5.8
si:ch211-81n22.1,sich21181n22.1
si:ch211-85n16.3,sich21185n16.3
si:ch211-85n16.4,sich21185n16.4
si:ch211-86h15.1,sich21186h15.1
si:ch211-87j1.4,sich21187j1.4
si:ch211-87m7.2,sich21187m7.2
si:ch211-89o9.4,sich21189o9.4
si:ch211-89o9.6,sich21189o9.6
si:ch211-8c17.3,sich2118c17.3
si:ch211-91p5.3,sich21191p5.3
si:ch211-92l17.1,sich21192l17.1
si:ch211-93e11.8,sich21193e11.8
si:ch211-93f2.1,sich21193f2.1
si:ch211-93g21.1,sich21193g21.1
si:ch211-93g23.2,sich21193g23.2
si:ch211-93n23.7,sich21193n23.7
si:ch211-95j8.3,sich21195j8.3
si:ch211-98n17.5,sich21198n17.5
si:ch211-9d9.1,sich2119d9.1
si:ch211-9d9.8,sich2119d9.8
si:ch73-100l22.3,sich73100l22.3
si:ch73-103b9.2,sich73103b9.2
si:ch73-103l1.2,sich73103l1.2
si:ch73-105b23.6,sich73105b23.6
si:ch73-106g13.1,sich73106g13.1
si:ch73-106k19.2,sich73106k19.2
si:ch73-106k19.5,sich73106k19.5
si:ch73-106l15.2,sich73106l15.2
si:ch73-106l15.4,sich73106l15.4
si:ch73-109d9.1,sich73109d9.1
si:ch73-109d9.2,sich73109d9.2
si:ch73-109d9.3,sich73109d9.3
si:ch73-109i22.2,sich73109i22.2
si:ch73-111e15.1,sich73111e15.1
si:ch73-111k22.2,sich73111k22.2
si:ch73-111k22.3,sich73111k22.3
si:ch73-112l6.1,sich73112l6.1
si:ch73-113g13.2,sich73113g13.2
si:ch73-116o1.2,sich73116o1.2
si:ch73-119p20.1,sich73119p20.1
si:ch73-120g24.4,sich73120g24.4
si:ch73-125k17.2,sich73125k17.2
si:ch73-127m5.1,sich73127m5.1
si:ch73-127m5.2,sich73127m5.2
si:ch73-12o23.1,sich7312o23.1
si:ch73-130a3.4,sich73130a3.4
si:ch73-132f6.5,sich73132f6.5
si:ch73-132k15.2,sich73132k15.2
si:ch73-138e16.2,sich73138e16.2
si:ch73-138e16.3,sich73138e16.3
si:ch73-138e16.4,sich73138e16.4
si:ch73-138e16.5,sich73138e16.5
si:ch73-138e16.6,sich73138e16.6
si:ch73-138e16.8,sich73138e16.8
si:ch73-138n13.1,sich73138n13.1
si:ch73-139e5.2,sich73139e5.2
si:ch73-139e5.4,sich73139e5.4
si:ch73-140j24.4,sich73140j24.4
si:ch73-141c7.1,sich73141c7.1
si:ch73-144d13.4,sich73144d13.4
si:ch73-144d13.5,sich73144d13.5
si:ch73-144d13.7,sich73144d13.7
si:ch73-144d13.8,sich73144d13.8
si:ch73-144l3.1,sich73144l3.1
si:ch73-147o17.1,sich73147o17.1
si:ch73-14h1.2,sich7314h1.2
si:ch73-14h10.2,sich7314h10.2
si:ch73-151m17.5,sich73151m17.5
si:ch73-156l6.2,sich73156l6.2
si:ch73-158p21.2,sich73158p21.2
si:ch73-158p21.3,sich73158p21.3
si:ch73-15b2.5,sich7315b2.5
si:ch73-15n15.3,sich7315n15.3
si:ch73-15n24.1,sich7315n24.1
si:ch73-160h15.3,sich73160h15.3
si:ch73-160i9.2,sich73160i9.2
si:ch73-160i9.3,sich73160i9.3
si:ch73-160p18.3,sich73160p18.3
si:ch73-160p18.4,sich73160p18.4
si:ch73-166o21.1,sich73166o21.1
si:ch73-167f10.1,sich73167f10.1
si:ch73-168d20.1,sich73168d20.1
si:ch73-170d6.2,sich73170d6.2
si:ch73-170d6.3,sich73170d6.3
si:ch73-171o20.1,sich73171o20.1
si:ch73-173h19.3,sich73173h19.3
si:ch73-173p19.1,sich73173p19.1
si:ch73-173p19.2,sich73173p19.2
si:ch73-174h16.4,sich73174h16.4
si:ch73-177h5.2,sich73177h5.2
si:ch73-177h5.3,sich73177h5.3
si:ch73-181d5.4,sich73181d5.4
si:ch73-181m17.1,sich73181m17.1
si:ch73-182a11.2,sich73182a11.2
si:ch73-182e20.4,sich73182e20.4
si:ch73-184c24.1,sich73184c24.1
si:ch73-185c24.2,sich73185c24.2
si:ch73-186j5.2,sich73186j5.2
si:ch73-189n23.1,sich73189n23.1
si:ch73-18b11.2,sich7318b11.2
si:ch73-190f9.4,sich73190f9.4
si:ch73-190m4.1,sich73190m4.1
si:ch73-191k20.3,sich73191k20.3
si:ch73-193c12.2,sich73193c12.2
si:ch73-194h10.2,sich73194h10.2
si:ch73-196i15.3,sich73196i15.3
si:ch73-196i15.5,sich73196i15.5
si:ch73-196l6.5,sich73196l6.5
si:ch73-199e17.1,sich73199e17.1
si:ch73-199g24.2,sich73199g24.2
si:ch73-1a9.3,sich731a9.3
si:ch73-1a9.4,sich731a9.4
si:ch73-1f23.1,sich731f23.1
si:ch73-204p21.2,sich73204p21.2
si:ch73-206d17.1,sich73206d17.1
si:ch73-206p6.1,sich73206p6.1
si:ch73-208g10.1,sich73208g10.1
si:ch73-208h1.1,sich73208h1.1
si:ch73-211e3.1,sich73211e3.1
si:ch73-211l13.2,sich73211l13.2
si:ch73-211l2.3,sich73211l2.3
si:ch73-212j7.3,sich73212j7.3
si:ch73-213k20.5,sich73213k20.5
si:ch73-215d9.1,sich73215d9.1
si:ch73-215f7.1,sich73215f7.1
si:ch73-216m24.3,sich73216m24.3
si:ch73-217b7.1,sich73217b7.1
si:ch73-217n20.1,sich73217n20.1
si:ch73-21g5.7,sich7321g5.7
si:ch73-21k16.1,sich7321k16.1
si:ch73-21k16.5,sich7321k16.5
si:ch73-221f6.1,sich73221f6.1
si:ch73-221f6.3,sich73221f6.3
si:ch73-221f6.4,sich73221f6.4
si:ch73-222h13.1,sich73222h13.1
si:ch73-223f5.1,sich73223f5.1
si:ch73-223p23.2,sich73223p23.2
si:ch73-226i7.1,sich73226i7.1
si:ch73-226l13.2,sich73226l13.2
si:ch73-22a13.3,sich7322a13.3
si:ch73-22o12.1,sich7322o12.1
si:ch73-22o18.1,sich7322o18.1
si:ch73-233f7.1,sich73233f7.1
si:ch73-233k15.2,sich73233k15.2
si:ch73-233m11.2,sich73233m11.2
si:ch73-234b20.5,sich73234b20.5
si:ch73-236c18.3,sich73236c18.3
si:ch73-236c18.5,sich73236c18.5
si:ch73-236c18.7,sich73236c18.7
si:ch73-236c18.8,sich73236c18.8
si:ch73-236c18.9,sich73236c18.9
si:ch73-236e11.2,sich73236e11.2
si:ch73-236j9.2,sich73236j9.2
si:ch73-237c6.1,sich73237c6.1
si:ch73-238c9.1,sich73238c9.1
si:ch73-23l24.1,sich7323l24.1
si:ch73-242m19.1,sich73242m19.1
si:ch73-244f7.3,sich73244f7.3
si:ch73-248e21.1,sich73248e21.1
si:ch73-248e21.5,sich73248e21.5
si:ch73-248e21.7,sich73248e21.7
si:ch73-249k16.4,sich73249k16.4
si:ch73-24k9.2,sich7324k9.2
si:ch73-250a16.5,sich73250a16.5
si:ch73-252i11.1,sich73252i11.1
si:ch73-252p3.1,sich73252p3.1
si:ch73-256g18.2,sich73256g18.2
si:ch73-256j6.4,sich73256j6.4
si:ch73-257c13.2,sich73257c13.2
si:ch73-25f10.6,sich7325f10.6
si:ch73-261i21.2,sich73261i21.2
si:ch73-261i21.5,sich73261i21.5
si:ch73-263o4.4,sich73263o4.4
si:ch73-264p11.1,sich73264p11.1
si:ch73-265d7.2,sich73265d7.2
si:ch73-265h17.1,sich73265h17.1
si:ch73-265h17.2,sich73265h17.2
si:ch73-265h17.4,sich73265h17.4
si:ch73-266f23.1,sich73266f23.1
si:ch73-266f23.3,sich73266f23.3
si:ch73-266m14.1,sich73266m14.1
si:ch73-267c23.10,sich73267c23.10
si:ch73-269m14.2,sich73269m14.2
si:ch73-269m23.5,sich73269m23.5
si:ch73-274k23.1,sich73274k23.1
si:ch73-278m9.1,sich73278m9.1
si:ch73-27e22.1,sich7327e22.1
si:ch73-27e22.2,sich7327e22.2
si:ch73-27e22.3,sich7327e22.3
si:ch73-27e22.6,sich7327e22.6
si:ch73-27e22.7,sich7327e22.7
si:ch73-27e22.8,sich7327e22.8
si:ch73-280o22.2,sich73280o22.2
si:ch73-281f12.4,sich73281f12.4
si:ch73-281i18.3,sich73281i18.3
si:ch73-281i18.4,sich73281i18.4
si:ch73-281i18.6,sich73281i18.6
si:ch73-281i18.7,sich73281i18.7
si:ch73-281k2.5,sich73281k2.5
si:ch73-281n10.2,sich73281n10.2
si:ch73-285p12.4,sich73285p12.4
si:ch73-286h23.4,sich73286h23.4
si:ch73-288o11.4,sich73288o11.4
si:ch73-288o11.5,sich73288o11.5
si:ch73-28h20.1,sich7328h20.1
si:ch73-290k24.5,sich73290k24.5
si:ch73-290k24.6,sich73290k24.6
si:ch73-296e2.3,sich73296e2.3
si:ch73-299h12.1,sich73299h12.1
si:ch73-299h12.2,sich73299h12.2
si:ch73-299h12.3,sich73299h12.3
si:ch73-299h12.4,sich73299h12.4
si:ch73-299h12.6,sich73299h12.6
si:ch73-299h12.8,sich73299h12.8
si:ch73-299h12.9,sich73299h12.9
si:ch73-29c22.1,sich7329c22.1
si:ch73-29l19.1,sich7329l19.1
si:ch73-301j1.1,sich73301j1.1
si:ch73-302o18.2,sich73302o18.2
si:ch73-303b9.1,sich73303b9.1
si:ch73-304f21.1,sich73304f21.1
si:ch73-305o9.3,sich73305o9.3
si:ch73-306e8.2,sich73306e8.2
si:ch73-308l14.2,sich73308l14.2
si:ch73-308m11.1,sich73308m11.1
si:ch73-309g22.1,sich73309g22.1
si:ch73-30b17.2,sich7330b17.2
si:ch73-30l9.1,sich7330l9.1
si:ch73-311h14.2,sich73311h14.2
si:ch73-314g15.3,sich73314g15.3
si:ch73-31d8.2,sich7331d8.2
si:ch73-321d9.2,sich73321d9.2
si:ch73-329n5.1,sich73329n5.1
si:ch73-329n5.2,sich73329n5.2
si:ch73-329n5.6,sich73329n5.6
si:ch73-330k17.3,sich73330k17.3
si:ch73-334d15.1,sich73334d15.1
si:ch73-334d15.2,sich73334d15.2
si:ch73-335d12.2,sich73335d12.2
si:ch73-335l21.1,sich73335l21.1
si:ch73-335l21.2,sich73335l21.2
si:ch73-335l21.4,sich73335l21.4
si:ch73-335m24.2,sich73335m24.2
si:ch73-335m24.5,sich73335m24.5
si:ch73-337l15.2,sich73337l15.2
si:ch73-338a16.3,sich73338a16.3
si:ch73-338o16.4,sich73338o16.4
si:ch73-340m8.2,sich73340m8.2
si:ch73-340n8.4,sich73340n8.4
si:ch73-341k19.1,sich73341k19.1
si:ch73-343g19.4,sich73343g19.4
si:ch73-343l4.2,sich73343l4.2
si:ch73-343l4.6,sich73343l4.6
si:ch73-344o19.1,sich73344o19.1
si:ch73-347e22.4,sich73347e22.4
si:ch73-347e22.8,sich73347e22.8
si:ch73-350k19.1,sich73350k19.1
si:ch73-352p18.4,sich73352p18.4
si:ch73-352p4.5,sich73352p4.5
si:ch73-352p4.8,sich73352p4.8
si:ch73-359m17.2,sich73359m17.2
si:ch73-359m17.5,sich73359m17.5
si:ch73-359m17.6,sich73359m17.6
si:ch73-359m17.7,sich73359m17.7
si:ch73-359m17.9,sich73359m17.9
si:ch73-361h17.1,sich73361h17.1
si:ch73-361p23.3,sich73361p23.3
si:ch73-362m14.2,sich73362m14.2
si:ch73-362m14.4,sich73362m14.4
si:ch73-364h19.2,sich73364h19.2
si:ch73-366i20.1,sich73366i20.1
si:ch73-366l1.5,sich73366l1.5
si:ch73-367f21.4,sich73367f21.4
si:ch73-367f21.5,sich73367f21.5
si:ch73-367f21.6,sich73367f21.6
si:ch73-367j5.3,sich73367j5.3
si:ch73-367p23.2,sich73367p23.2
si:ch73-368j24.1,sich73368j24.1
si:ch73-368j24.11,sich73368j24.11
si:ch73-368j24.12,sich73368j24.12
si:ch73-368j24.17,sich73368j24.17
si:ch73-36p18.1,sich7336p18.1
si:ch73-375g18.1,sich73375g18.1
si:ch73-376l24.2,sich73376l24.2
si:ch73-376l24.3,sich73376l24.3
si:ch73-378g22.1,sich73378g22.1
si:ch73-379f7.4,sich73379f7.4
si:ch73-379f7.5,sich73379f7.5
si:ch73-37h15.2,sich7337h15.2
si:ch73-380l10.2,sich73380l10.2
si:ch73-380l3.2,sich73380l3.2
si:ch73-380l3.4,sich73380l3.4
si:ch73-380n15.2,sich73380n15.2
si:ch73-382f3.1,sich73382f3.1
si:ch73-383g2.1,sich73383g2.1
si:ch73-386h18.1,sich73386h18.1
si:ch73-389b16.1,sich73389b16.1
si:ch73-389b16.2,sich73389b16.2
si:ch73-389k6.1,sich73389k6.1
si:ch73-390p7.2,sich73390p7.2
si:ch73-40a17.3,sich7340a17.3
si:ch73-40a17.4,sich7340a17.4
si:ch73-40a2.1,sich7340a2.1
si:ch73-41e3.7,sich7341e3.7
si:ch73-42k18.1,sich7342k18.1
si:ch73-42p12.2,sich7342p12.2
si:ch73-43g23.1,sich7343g23.1
si:ch73-44m9.1,sich7344m9.1
si:ch73-44m9.2,sich7344m9.2
si:ch73-44m9.3,sich7344m9.3
si:ch73-44m9.5,sich7344m9.5
si:ch73-45o6.2,sich7345o6.2
si:ch73-46j18.5,sich7346j18.5
si:ch73-46n24.1,sich7346n24.1
si:ch73-47f2.1,sich7347f2.1
si:ch73-50f9.4,sich7350f9.4
si:ch73-52f15.5,sich7352f15.5
si:ch73-54f23.4,sich7354f23.4
si:ch73-54n14.2,sich7354n14.2
si:ch73-57f22.2,sich7357f22.2
si:ch73-59c19.1,sich7359c19.1
si:ch73-59f11.3,sich7359f11.3
si:ch73-59p9.2,sich7359p9.2
si:ch73-60h1.1,sich7360h1.1
si:ch73-61d6.3,sich7361d6.3
si:ch73-62b13.1,sich7362b13.1
si:ch73-62l21.1,sich7362l21.1
si:ch73-68b22.2,sich7368b22.2
si:ch73-6k14.2,sich736k14.2
si:ch73-70k4.1,sich7370k4.1
si:ch73-71c20.5,sich7371c20.5
si:ch73-71d17.2,sich7371d17.2
si:ch73-72b7.1,sich7372b7.1
si:ch73-78o10.1,sich7378o10.1
si:ch73-7i4.1,sich737i4.1
si:ch73-7i4.2,sich737i4.2
si:ch73-7i4.3,sich737i4.3
si:ch73-81k8.2,sich7381k8.2
si:ch73-86n18.1,sich7386n18.1
si:ch73-89b15.3,sich7389b15.3
si:ch73-90k17.1,sich7390k17.1
si:ch73-91k6.2,sich7391k6.2
si:ch73-92e7.4,sich7392e7.4
si:ch73-92e7.6,sich7392e7.6
si:ch73-93k15.5,sich7393k15.5
si:ch73-95l15.5,sich7395l15.5
si:ch73-97h19.2,sich7397h19.2
si:dkey-100n19.2,sidkey100n19.2
si:dkey-100n23.3,sidkey100n23.3
si:dkey-100n23.5,sidkey100n23.5
si:dkey-101k6.5,sidkey101k6.5
si:dkey-102f14.5,sidkey102f14.5
si:dkey-102f14.7,sidkey102f14.7
si:dkey-102g19.3,sidkey102g19.3
si:dkey-102m7.3,sidkey102m7.3
si:dkey-103d23.3,sidkey103d23.3
si:dkey-103e21.5,sidkey103e21.5
si:dkey-103g5.3,sidkey103g5.3
si:dkey-103g5.4,sidkey103g5.4
si:dkey-103i16.6,sidkey103i16.6
si:dkey-104n9.1,sidkey104n9.1
si:dkey-105h12.2,sidkey105h12.2
si:dkey-105i14.1,sidkey105i14.1
si:dkey-106g10.7,sidkey106g10.7
si:dkey-106l3.7,sidkey106l3.7
si:dkey-106n21.1,sidkey106n21.1
si:dkey-108k21.10,sidkey108k21.10
si:dkey-108k21.11,sidkey108k21.11
si:dkey-108k21.14,sidkey108k21.14
si:dkey-108k21.19,sidkey108k21.19
si:dkey-108k21.21,sidkey108k21.21
si:dkey-108k21.24,sidkey108k21.24
si:dkey-108k21.7,sidkey108k21.7
si:dkey-109a10.2,sidkey109a10.2
si:dkey-109j17.5,sidkey109j17.5
si:dkey-109l4.3,sidkey109l4.3
si:dkey-10c21.1,sidkey10c21.1
si:dkey-10f21.4,sidkey10f21.4
si:dkey-10h3.2,sidkey10h3.2
si:dkey-10o6.2,sidkey10o6.2
si:dkey-10p5.10,sidkey10p5.10
si:dkey-110c1.10,sidkey110c1.10
si:dkey-110g7.8,sidkey110g7.8
si:dkey-111e8.1,sidkey111e8.1
si:dkey-111e8.4,sidkey111e8.4
si:dkey-111e8.5,sidkey111e8.5
si:dkey-111f13.5,sidkey111f13.5
si:dkey-111i23.1,sidkey111i23.1
si:dkey-111k8.2,sidkey111k8.2
si:dkey-111k8.3,sidkey111k8.3
si:dkey-111k8.5,sidkey111k8.5
si:dkey-112a7.4,sidkey112a7.4
si:dkey-112a7.5,sidkey112a7.5
si:dkey-112e17.1,sidkey112e17.1
si:dkey-112e7.2,sidkey112e7.2
si:dkey-112g5.13,sidkey112g5.13
si:dkey-112m2.1,sidkey112m2.1
si:dkey-114c15.5,sidkey114c15.5
si:dkey-117a16.1,sidkey117a16.1
si:dkey-117a8.1,sidkey117a8.1
si:dkey-117i10.1,sidkey117i10.1
si:dkey-117j14.6,sidkey117j14.6
si:dkey-117m1.4,sidkey117m1.4
si:dkey-117n7.5,sidkey117n7.5
si:dkey-118j18.2,sidkey118j18.2
si:dkey-118k5.3,sidkey118k5.3
si:dkey-119f1.1,sidkey119f1.1
si:dkey-119m7.8,sidkey119m7.8
si:dkey-11c5.11,sidkey11c5.11
si:dkey-11d20.1,sidkey11d20.1
si:dkey-11e23.9,sidkey11e23.9
si:dkey-11f4.14,sidkey11f4.14
si:dkey-11f4.16,sidkey11f4.16
si:dkey-11f4.20,sidkey11f4.20
si:dkey-11f4.7,sidkey11f4.7
si:dkey-11k2.7,sidkey11k2.7
si:dkey-11n14.1,sidkey11n14.1
si:dkey-11o1.2,sidkey11o1.2
si:dkey-11o1.3,sidkey11o1.3
si:dkey-11o1.6,sidkey11o1.6
si:dkey-11o1.7,sidkey11o1.7
si:dkey-11o15.10,sidkey11o15.10
si:dkey-11o15.5,sidkey11o15.5
si:dkey-11o15.7,sidkey11o15.7
si:dkey-11o15.8,sidkey11o15.8
si:dkey-11o18.5,sidkey11o18.5
si:dkey-120c6.5,sidkey120c6.5
si:dkey-121a11.3,sidkey121a11.3
si:dkey-121a9.3,sidkey121a9.3
si:dkey-121b10.7,sidkey121b10.7
si:dkey-121h17.7,sidkey121h17.7
si:dkey-121j17.5,sidkey121j17.5
si:dkey-121j17.6,sidkey121j17.6
si:dkey-121n8.7,sidkey121n8.7
si:dkey-122a22.2,sidkey122a22.2
si:dkey-122c11.1,sidkey122c11.1
si:dkey-122c11.8,sidkey122c11.8
si:dkey-124l13.1,sidkey124l13.1
si:dkey-125e8.3,sidkey125e8.3
si:dkey-125i10.3,sidkey125i10.3
si:dkey-126g1.7,sidkey126g1.7
si:dkey-126g1.9,sidkey126g1.9
si:dkey-126h10.1,sidkey126h10.1
si:dkey-12e7.1,sidkey12e7.1
si:dkey-12e7.4,sidkey12e7.4
si:dkey-12f6.5,sidkey12f6.5
si:dkey-12h9.6,sidkey12h9.6
si:dkey-12j5.1,sidkey12j5.1
si:dkey-12l12.1,sidkey12l12.1
si:dkey-13a21.4,sidkey13a21.4
si:dkey-13e3.1,sidkey13e3.1
si:dkey-13m1.2,sidkey13m1.2
si:dkey-13m1.5,sidkey13m1.5
si:dkey-13n15.2,sidkey13n15.2
si:dkey-13p1.4,sidkey13p1.4
si:dkey-145c18.3,sidkey145c18.3
si:dkey-145c18.4,sidkey145c18.4
si:dkey-145c18.5,sidkey145c18.5
si:dkey-147f3.4,sidkey147f3.4
si:dkey-147f3.8,sidkey147f3.8
si:dkey-148a17.5,sidkey148a17.5
si:dkey-148d16.5,sidkey148d16.5
si:dkey-148f10.4,sidkey148f10.4
si:dkey-148h10.5,sidkey148h10.5
si:dkey-149i17.11,sidkey149i17.11
si:dkey-149m13.4,sidkey149m13.4
si:dkey-149m13.5,sidkey149m13.5
si:dkey-14d8.1,sidkey14d8.1
si:dkey-14d8.20,sidkey14d8.20
si:dkey-14d8.22,sidkey14d8.22
si:dkey-14d8.6,sidkey14d8.6
si:dkey-14d8.7,sidkey14d8.7
si:dkey-14k9.3,sidkey14k9.3
si:dkey-14o1.20,sidkey14o1.20
si:dkey-14o18.2,sidkey14o18.2
si:dkey-14o6.1,sidkey14o6.1
si:dkey-14o6.2,sidkey14o6.2
si:dkey-14o6.8,sidkey14o6.8
si:dkey-150i13.2,sidkey150i13.2
si:dkey-150k17.3,sidkey150k17.3
si:dkey-151g10.3,sidkey151g10.3
si:dkey-151g10.6,sidkey151g10.6
si:dkey-151g22.1,sidkey151g22.1
si:dkey-151m22.8,sidkey151m22.8
si:dkey-151p11.2,sidkey151p11.2
si:dkey-152b24.6,sidkey152b24.6
si:dkey-152b24.7,sidkey152b24.7
si:dkey-152b24.8,sidkey152b24.8
si:dkey-154b15.1,sidkey154b15.1
si:dkey-154p10.3,sidkey154p10.3
si:dkey-156j15.1,sidkey156j15.1
si:dkey-156k2.4,sidkey156k2.4
si:dkey-156m2.3,sidkey156m2.3
si:dkey-156n14.3,sidkey156n14.3
si:dkey-157e10.6,sidkey157e10.6
si:dkey-157e10.8,sidkey157e10.8
si:dkey-157g16.6,sidkey157g16.6
si:dkey-157l19.2,sidkey157l19.2
si:dkey-159a18.1,sidkey159a18.1
si:dkey-159f12.2,sidkey159f12.2
si:dkey-159n16.2,sidkey159n16.2
si:dkey-159n16.4,sidkey159n16.4
si:dkey-15b23.3,sidkey15b23.3
si:dkey-15f23.1,sidkey15f23.1
si:dkey-15h8.10,sidkey15h8.10
si:dkey-15h8.15,sidkey15h8.15
si:dkey-15h8.16,sidkey15h8.16
si:dkey-15h8.17,sidkey15h8.17
si:dkey-15j16.3,sidkey15j16.3
si:dkey-15j16.6,sidkey15j16.6
si:dkey-160o24.3,sidkey160o24.3
si:dkey-161j23.5,sidkey161j23.5
si:dkey-161j23.6,sidkey161j23.6
si:dkey-161j23.7,sidkey161j23.7
si:dkey-163f12.10,sidkey163f12.10
si:dkey-163f12.6,sidkey163f12.6
si:dkey-163f14.6,sidkey163f14.6
si:dkey-163m14.10,sidkey163m14.10
si:dkey-163m14.6,sidkey163m14.6
si:dkey-163m14.7,sidkey163m14.7
si:dkey-164f24.2,sidkey164f24.2
si:dkey-165a24.10,sidkey165a24.10
si:dkey-165a24.9,sidkey165a24.9
si:dkey-165b20.3,sidkey165b20.3
si:dkey-165n16.1,sidkey165n16.1
si:dkey-165o8.1,sidkey165o8.1
si:dkey-165o8.2,sidkey165o8.2
si:dkey-166k12.1,sidkey166k12.1
si:dkey-167k11.5,sidkey167k11.5
si:dkey-169i5.4,sidkey169i5.4
si:dkey-16b10.1,sidkey16b10.1
si:dkey-16b10.2,sidkey16b10.2
si:dkey-16i5.8,sidkey16i5.8
si:dkey-16j16.4,sidkey16j16.4
si:dkey-16l2.16,sidkey16l2.16
si:dkey-16l2.17,sidkey16l2.17
si:dkey-16l2.20,sidkey16l2.20
si:dkey-16n15.6,sidkey16n15.6
si:dkey-16p19.1,sidkey16p19.1
si:dkey-16p19.8,sidkey16p19.8
si:dkey-16p21.7,sidkey16p21.7
si:dkey-16p21.8,sidkey16p21.8
si:dkey-16p6.2,sidkey16p6.2
si:dkey-170g13.2,sidkey170g13.2
si:dkey-170l10.1,sidkey170l10.1
si:dkey-171c9.3,sidkey171c9.3
si:dkey-172h23.2,sidkey172h23.2
si:dkey-172j4.3,sidkey172j4.3
si:dkey-172k15.11,sidkey172k15.11
si:dkey-172k15.3,sidkey172k15.3
si:dkey-172k15.4,sidkey172k15.4
si:dkey-172k15.5,sidkey172k15.5
si:dkey-172k15.6,sidkey172k15.6
si:dkey-172m14.1,sidkey172m14.1
si:dkey-172m14.2,sidkey172m14.2
si:dkey-172o19.2,sidkey172o19.2
si:dkey-174i8.1,sidkey174i8.1
si:dkey-174n20.1,sidkey174n20.1
si:dkey-175d9.2,sidkey175d9.2
si:dkey-175g6.2,sidkey175g6.2
si:dkey-175m17.6,sidkey175m17.6
si:dkey-175m17.7,sidkey175m17.7
si:dkey-176f19.4,sidkey176f19.4
si:dkey-176f19.7,sidkey176f19.7
si:dkey-177p2.18,sidkey177p2.18
si:dkey-177p2.6,sidkey177p2.6
si:dkey-178e17.1,sidkey178e17.1
si:dkey-178e17.3,sidkey178e17.3
si:dkey-178k16.1,sidkey178k16.1
si:dkey-178o16.4,sidkey178o16.4
si:dkey-179j5.5,sidkey179j5.5
si:dkey-179k24.1,sidkey179k24.1
si:dkey-179k24.2,sidkey179k24.2
si:dkey-179k24.5,sidkey179k24.5
si:dkey-17e16.15,sidkey17e16.15
si:dkey-17m8.1,sidkey17m8.1
si:dkey-17m8.2,sidkey17m8.2
si:dkey-17o15.2,sidkey17o15.2
si:dkey-180p18.9,sidkey180p18.9
si:dkey-181m9.8,sidkey181m9.8
si:dkey-182g1.2,sidkey182g1.2
si:dkey-182g1.4,sidkey182g1.4
si:dkey-182g1.6,sidkey182g1.6
si:dkey-182i3.10,sidkey182i3.10
si:dkey-182i3.11,sidkey182i3.11
si:dkey-182i3.8,sidkey182i3.8
si:dkey-182i3.9,sidkey182i3.9
si:dkey-183c2.4,sidkey183c2.4
si:dkey-183c6.7,sidkey183c6.7
si:dkey-183c6.8,sidkey183c6.8
si:dkey-183c6.9,sidkey183c6.9
si:dkey-183i3.5,sidkey183i3.5
si:dkey-183i3.6,sidkey183i3.6
si:dkey-183i3.9,sidkey183i3.9
si:dkey-183j2.10,sidkey183j2.10
si:dkey-183n20.15,sidkey183n20.15
si:dkey-183p4.10,sidkey183p4.10
si:dkey-184a18.5,sidkey184a18.5
si:dkey-184p18.2,sidkey184p18.2
si:dkey-184p9.7,sidkey184p9.7
si:dkey-185e18.7,sidkey185e18.7
si:dkey-185m8.2,sidkey185m8.2
si:dkey-185p13.1,sidkey185p13.1
si:dkey-187a12.4,sidkey187a12.4
si:dkey-187e18.1,sidkey187e18.1
si:dkey-187i8.2,sidkey187i8.2
si:dkey-187j14.4,sidkey187j14.4
si:dkey-187j14.6,sidkey187j14.6
si:dkey-188g12.1,sidkey188g12.1
si:dkey-188h10.3,sidkey188h10.3
si:dkey-188i13.10,sidkey188i13.10
si:dkey-188i13.11,sidkey188i13.11
si:dkey-188i13.6,sidkey188i13.6
si:dkey-188i13.8,sidkey188i13.8
si:dkey-188i13.9,sidkey188i13.9
si:dkey-189g17.2,sidkey189g17.2
si:dkey-189h5.6,sidkey189h5.6
si:dkey-18a10.3,sidkey18a10.3
si:dkey-18j18.3,sidkey18j18.3
si:dkey-18p12.4,sidkey18p12.4
si:dkey-190g11.3,sidkey190g11.3
si:dkey-190j3.2,sidkey190j3.2
si:dkey-190l8.2,sidkey190l8.2
si:dkey-191g9.5,sidkey191g9.5
si:dkey-191g9.7,sidkey191g9.7
si:dkey-192d15.1,sidkey192d15.1
si:dkey-192d15.2,sidkey192d15.2
si:dkey-192d15.3,sidkey192d15.3
si:dkey-192g7.3,sidkey192g7.3
si:dkey-192k22.2,sidkey192k22.2
si:dkey-192l18.9,sidkey192l18.9
si:dkey-192p21.6,sidkey192p21.6
si:dkey-193b15.5,sidkey193b15.5
si:dkey-193b15.8,sidkey193b15.8
si:dkey-193c22.1,sidkey193c22.1
si:dkey-193c22.2,sidkey193c22.2
si:dkey-193i10.1,sidkey193i10.1
si:dkey-193i10.4,sidkey193i10.4
si:dkey-193n17.9,sidkey193n17.9
si:dkey-193p11.2,sidkey193p11.2
si:dkey-194e6.1,sidkey194e6.1
si:dkey-194g4.1,sidkey194g4.1
si:dkey-195m11.11,sidkey195m11.11
si:dkey-195m11.8,sidkey195m11.8
si:dkey-196h17.9,sidkey196h17.9
si:dkey-196j8.2,sidkey196j8.2
si:dkey-197c15.6,sidkey197c15.6
si:dkey-197i20.6,sidkey197i20.6
si:dkey-197j19.5,sidkey197j19.5
si:dkey-197j19.6,sidkey197j19.6
si:dkey-199f5.6,sidkey199f5.6
si:dkey-199f5.7,sidkey199f5.7
si:dkey-199f5.8,sidkey199f5.8
si:dkey-199k11.6,sidkey199k11.6
si:dkey-199m13.4,sidkey199m13.4
si:dkey-199m13.5,sidkey199m13.5
si:dkey-19a16.1,sidkey19a16.1
si:dkey-19a16.11,sidkey19a16.11
si:dkey-19a16.12,sidkey19a16.12
si:dkey-19a16.16,sidkey19a16.16
si:dkey-19a16.2,sidkey19a16.2
si:dkey-19a16.4,sidkey19a16.4
si:dkey-19a16.5,sidkey19a16.5
si:dkey-19a16.7,sidkey19a16.7
si:dkey-19b23.10,sidkey19b23.10
si:dkey-19b23.11,sidkey19b23.11
si:dkey-19b23.12,sidkey19b23.12
si:dkey-19b23.14,sidkey19b23.14
si:dkey-19b23.7,sidkey19b23.7
si:dkey-19b23.8,sidkey19b23.8
si:dkey-19c16.12,sidkey19c16.12
si:dkey-19e4.5,sidkey19e4.5
si:dkey-19f4.2,sidkey19f4.2
si:dkey-1b17.1,sidkey1b17.1
si:dkey-1b17.2,sidkey1b17.2
si:dkey-1b17.5,sidkey1b17.5
si:dkey-1b17.9,sidkey1b17.9
si:dkey-1c11.1,sidkey1c11.1
si:dkey-1c7.2,sidkey1c7.2
si:dkey-1c7.3,sidkey1c7.3
si:dkey-1d7.3,sidkey1d7.3
si:dkey-1h24.2,sidkey1h24.2
si:dkey-1h4.4,sidkey1h4.4
si:dkey-1h6.8,sidkey1h6.8
si:dkey-1j5.4,sidkey1j5.4
si:dkey-1k23.3,sidkey1k23.3
si:dkey-1m11.5,sidkey1m11.5
si:dkey-1m11.6,sidkey1m11.6
si:dkey-200l5.4,sidkey200l5.4
si:dkey-201c13.2,sidkey201c13.2
si:dkey-201g16.1,sidkey201g16.1
si:dkey-201i24.3,sidkey201i24.3
si:dkey-201l21.2,sidkey201l21.2
si:dkey-201l21.4,sidkey201l21.4
si:dkey-202b22.5,sidkey202b22.5
si:dkey-202b22.6,sidkey202b22.6
si:dkey-202c14.3,sidkey202c14.3
si:dkey-202e17.1,sidkey202e17.1
si:dkey-202e22.2,sidkey202e22.2
si:dkey-202g17.3,sidkey202g17.3
si:dkey-202l22.6,sidkey202l22.6
si:dkey-203a12.2,sidkey203a12.2
si:dkey-203a12.4,sidkey203a12.4
si:dkey-203a12.5,sidkey203a12.5
si:dkey-203a12.7,sidkey203a12.7
si:dkey-204a24.11,sidkey204a24.11
si:dkey-204f11.64,sidkey204f11.64
si:dkey-204l11.1,sidkey204l11.1
si:dkey-205h13.1,sidkey205h13.1
si:dkey-205h13.2,sidkey205h13.2
si:dkey-205h23.2,sidkey205h23.2
si:dkey-205i10.1,sidkey205i10.1
si:dkey-205i10.2,sidkey205i10.2
si:dkey-206d17.12,sidkey206d17.12
si:dkey-206d17.15,sidkey206d17.15
si:dkey-206f10.1,sidkey206f10.1
si:dkey-206p8.1,sidkey206p8.1
si:dkey-207b20.2,sidkey207b20.2
si:dkey-207l24.2,sidkey207l24.2
si:dkey-208b23.5,sidkey208b23.5
si:dkey-208c12.2,sidkey208c12.2
si:dkey-208k22.6,sidkey208k22.6
si:dkey-208k4.2,sidkey208k4.2
si:dkey-208k4.3,sidkey208k4.3
si:dkey-208m12.2,sidkey208m12.2
si:dkey-20d21.12,sidkey20d21.12
si:dkey-20i10.7,sidkey20i10.7
si:dkey-20i20.10,sidkey20i20.10
si:dkey-20i20.11,sidkey20i20.11
si:dkey-20i20.15,sidkey20i20.15
si:dkey-20i20.2,sidkey20i20.2
si:dkey-20i20.3,sidkey20i20.3
si:dkey-20i20.4,sidkey20i20.4
si:dkey-20i20.7,sidkey20i20.7
si:dkey-20i20.8,sidkey20i20.8
si:dkey-20i20.9,sidkey20i20.9
si:dkey-210j14.3,sidkey210j14.3
si:dkey-210j14.4,sidkey210j14.4
si:dkey-210j14.5,sidkey210j14.5
si:dkey-211f22.5,sidkey211f22.5
si:dkey-211g8.4,sidkey211g8.4
si:dkey-211g8.5,sidkey211g8.5
si:dkey-211g8.6,sidkey211g8.6
si:dkey-211g8.8,sidkey211g8.8
si:dkey-211i20.2,sidkey211i20.2
si:dkey-215k6.1,sidkey215k6.1
si:dkey-216e24.3,sidkey216e24.3
si:dkey-216e24.9,sidkey216e24.9
si:dkey-217d24.6,sidkey217d24.6
si:dkey-217f16.1,sidkey217f16.1
si:dkey-217f16.5,sidkey217f16.5
si:dkey-217f16.6,sidkey217f16.6
si:dkey-217g21.3,sidkey217g21.3
si:dkey-217l24.1,sidkey217l24.1
si:dkey-217m5.8,sidkey217m5.8
si:dkey-218h11.6,sidkey218h11.6
si:dkey-219c10.4,sidkey219c10.4
si:dkey-219c3.2,sidkey219c3.2
si:dkey-219e20.2,sidkey219e20.2
si:dkey-219e21.2,sidkey219e21.2
si:dkey-219e21.4,sidkey219e21.4
si:dkey-21a6.5,sidkey21a6.5
si:dkey-21c1.1,sidkey21c1.1
si:dkey-21c1.4,sidkey21c1.4
si:dkey-21c1.8,sidkey21c1.8
si:dkey-21c19.3,sidkey21c19.3
si:dkey-21e13.3,sidkey21e13.3
si:dkey-21e2.11,sidkey21e2.11
si:dkey-21e2.13,sidkey21e2.13
si:dkey-21e2.14,sidkey21e2.14
si:dkey-21e2.3,sidkey21e2.3
si:dkey-21e2.7,sidkey21e2.7
si:dkey-21e2.8,sidkey21e2.8
si:dkey-21e5.1,sidkey21e5.1
si:dkey-21h14.3,sidkey21h14.3
si:dkey-21h14.9,sidkey21h14.9
si:dkey-21o19.2,sidkey21o19.2
si:dkey-21o22.2,sidkey21o22.2
si:dkey-21p1.3,sidkey21p1.3
si:dkey-220k22.1,sidkey220k22.1
si:dkey-220k22.3,sidkey220k22.3
si:dkey-220o5.5,sidkey220o5.5
si:dkey-221h15.4,sidkey221h15.4
si:dkey-221j11.3,sidkey221j11.3
si:dkey-221l4.10,sidkey221l4.10
si:dkey-221l4.11,sidkey221l4.11
si:dkey-222b8.4,sidkey222b8.4
si:dkey-222f2.1,sidkey222f2.1
si:dkey-222f2.7,sidkey222f2.7
si:dkey-222h21.1,sidkey222h21.1
si:dkey-222h21.5,sidkey222h21.5
si:dkey-222h21.6,sidkey222h21.6
si:dkey-222h21.7,sidkey222h21.7
si:dkey-222h21.8,sidkey222h21.8
si:dkey-222h21.9,sidkey222h21.9
si:dkey-222n6.2,sidkey222n6.2
si:dkey-222p3.1,sidkey222p3.1
si:dkey-223d7.6,sidkey223d7.6
si:dkey-223p19.1,sidkey223p19.1
si:dkey-223p19.2,sidkey223p19.2
si:dkey-225f23.4,sidkey225f23.4
si:dkey-225f23.5,sidkey225f23.5
si:dkey-225f5.5,sidkey225f5.5
si:dkey-225k4.1,sidkey225k4.1
si:dkey-225n22.4,sidkey225n22.4
si:dkey-226l10.6,sidkey226l10.6
si:dkey-226m8.10,sidkey226m8.10
si:dkey-226n24.1,sidkey226n24.1
si:dkey-228a15.1,sidkey228a15.1
si:dkey-228b2.6,sidkey228b2.6
si:dkey-228d14.5,sidkey228d14.5
si:dkey-229b18.3,sidkey229b18.3
si:dkey-229d11.3,sidkey229d11.3
si:dkey-229d11.5,sidkey229d11.5
si:dkey-229e3.2,sidkey229e3.2
si:dkey-22a18.2,sidkey22a18.2
si:dkey-22f5.9,sidkey22f5.9
si:dkey-22h13.2,sidkey22h13.2
si:dkey-22h13.3,sidkey22h13.3
si:dkey-22h13.5,sidkey22h13.5
si:dkey-22i16.9,sidkey22i16.9
si:dkey-22l1.1,sidkey22l1.1
si:dkey-22l11.6,sidkey22l11.6
si:dkey-22n8.3,sidkey22n8.3
si:dkey-22o12.2,sidkey22o12.2
si:dkey-22o22.2,sidkey22o22.2
si:dkey-231j24.3,sidkey231j24.3
si:dkey-233e3.2,sidkey233e3.2
si:dkey-233e3.3,sidkey233e3.3
si:dkey-234d14.2,sidkey234d14.2
si:dkey-234h16.7,sidkey234h16.7
si:dkey-234i14.14,sidkey234i14.14
si:dkey-234i14.2,sidkey234i14.2
si:dkey-234i14.3,sidkey234i14.3
si:dkey-234i14.6,sidkey234i14.6
si:dkey-235d18.5,sidkey235d18.5
si:dkey-237h12.3,sidkey237h12.3
si:dkey-237i9.8,sidkey237i9.8
si:dkey-237j10.2,sidkey237j10.2
si:dkey-237j11.3,sidkey237j11.3
si:dkey-237m9.2,sidkey237m9.2
si:dkey-238c7.16,sidkey238c7.16
si:dkey-238d18.15,sidkey238d18.15
si:dkey-238d18.3,sidkey238d18.3
si:dkey-238d18.4,sidkey238d18.4
si:dkey-238d18.5,sidkey238d18.5
si:dkey-238d18.6,sidkey238d18.6
si:dkey-238f9.1,sidkey238f9.1
si:dkey-238i5.2,sidkey238i5.2
si:dkey-238i5.3,sidkey238i5.3
si:dkey-238j22.1,sidkey238j22.1
si:dkey-238o13.4,sidkey238o13.4
si:dkey-238o14.1,sidkey238o14.1
si:dkey-238o14.3,sidkey238o14.3
si:dkey-238o14.7,sidkey238o14.7
si:dkey-239b22.2,sidkey239b22.2
si:dkey-239h2.3,sidkey239h2.3
si:dkey-239i20.2,sidkey239i20.2
si:dkey-239i20.4,sidkey239i20.4
si:dkey-239j18.2,sidkey239j18.2
si:dkey-239j18.3,sidkey239j18.3
si:dkey-23a13.11,sidkey23a13.11
si:dkey-23a13.14,sidkey23a13.14
si:dkey-23a13.17,sidkey23a13.17
si:dkey-23a13.2,sidkey23a13.2
si:dkey-23a13.22,sidkey23a13.22
si:dkey-23a13.9,sidkey23a13.9
si:dkey-23a23.2,sidkey23a23.2
si:dkey-23a23.3,sidkey23a23.3
si:dkey-23c22.5,sidkey23c22.5
si:dkey-23c22.7,sidkey23c22.7
si:dkey-23f9.11,sidkey23f9.11
si:dkey-23f9.12,sidkey23f9.12
si:dkey-23f9.4,sidkey23f9.4
si:dkey-23f9.8,sidkey23f9.8
si:dkey-23i12.5,sidkey23i12.5
si:dkey-23i12.7,sidkey23i12.7
si:dkey-23i12.9,sidkey23i12.9
si:dkey-23k10.3,sidkey23k10.3
si:dkey-23k10.5,sidkey23k10.5
si:dkey-23n7.10,sidkey23n7.10
si:dkey-23o4.6,sidkey23o4.6
si:dkey-240e12.6,sidkey240e12.6
si:dkey-240h12.3,sidkey240h12.3
si:dkey-240n22.6,sidkey240n22.6
si:dkey-240n22.8,sidkey240n22.8
si:dkey-241l7.2,sidkey241l7.2
si:dkey-241l7.3,sidkey241l7.3
si:dkey-241l7.4,sidkey241l7.4
si:dkey-241l7.5,sidkey241l7.5
si:dkey-241l7.6,sidkey241l7.6
si:dkey-242g16.2,sidkey242g16.2
si:dkey-242h9.3,sidkey242h9.3
si:dkey-242h9.5,sidkey242h9.5
si:dkey-243i1.1,sidkey243i1.1
si:dkey-243k1.3,sidkey243k1.3
si:dkey-244a7.1,sidkey244a7.1
si:dkey-245f22.3,sidkey245f22.3
si:dkey-245n4.2,sidkey245n4.2
si:dkey-246e1.3,sidkey246e1.3
si:dkey-246g23.2,sidkey246g23.2
si:dkey-246g23.4,sidkey246g23.4
si:dkey-246i14.3,sidkey246i14.3
si:dkey-246j6.1,sidkey246j6.1
si:dkey-246j6.3,sidkey246j6.3
si:dkey-246j7.1,sidkey246j7.1
si:dkey-247i3.1,sidkey247i3.1
si:dkey-247i3.5,sidkey247i3.5
si:dkey-247k7.2,sidkey247k7.2
si:dkey-247m21.3,sidkey247m21.3
si:dkey-248e17.5,sidkey248e17.5
si:dkey-248f6.3,sidkey248f6.3
si:dkey-248g15.3,sidkey248g15.3
si:dkey-248g21.1,sidkey248g21.1
si:dkey-249d8.1,sidkey249d8.1
si:dkey-24f15.2,sidkey24f15.2
si:dkey-24h22.5,sidkey24h22.5
si:dkey-24i24.3,sidkey24i24.3
si:dkey-24l11.2,sidkey24l11.2
si:dkey-24p1.1,sidkey24p1.1
si:dkey-24p1.6,sidkey24p1.6
si:dkey-24p1.7,sidkey24p1.7
si:dkey-250d21.1,sidkey250d21.1
si:dkey-250k10.1,sidkey250k10.1
si:dkey-250k10.4,sidkey250k10.4
si:dkey-250k15.10,sidkey250k15.10
si:dkey-250k15.4,sidkey250k15.4
si:dkey-250k15.7,sidkey250k15.7
si:dkey-250k15.9,sidkey250k15.9
si:dkey-251i10.1,sidkey251i10.1
si:dkey-251i10.2,sidkey251i10.2
si:dkey-253d23.11,sidkey253d23.11
si:dkey-253d23.2,sidkey253d23.2
si:dkey-253d23.3,sidkey253d23.3
si:dkey-253d23.4,sidkey253d23.4
si:dkey-253d23.5,sidkey253d23.5
si:dkey-253d23.8,sidkey253d23.8
si:dkey-253d23.9,sidkey253d23.9
si:dkey-253i9.4,sidkey253i9.4
si:dkey-254e13.6,sidkey254e13.6
si:dkey-256e7.8,sidkey256e7.8
si:dkey-256h2.1,sidkey256h2.1
si:dkey-256i11.2,sidkey256i11.2
si:dkey-258f14.3,sidkey258f14.3
si:dkey-259j3.5,sidkey259j3.5
si:dkey-25e12.3,sidkey25e12.3
si:dkey-25g12.4,sidkey25g12.4
si:dkey-25i10.1,sidkey25i10.1
si:dkey-25o1.7,sidkey25o1.7
si:dkey-25o16.4,sidkey25o16.4
si:dkey-260c8.6,sidkey260c8.6
si:dkey-260c8.8,sidkey260c8.8
si:dkey-260j18.2,sidkey260j18.2
si:dkey-261e22.4,sidkey261e22.4
si:dkey-261i16.5,sidkey261i16.5
si:dkey-261j11.2,sidkey261j11.2
si:dkey-261j11.3,sidkey261j11.3
si:dkey-261j15.2,sidkey261j15.2
si:dkey-261j4.3,sidkey261j4.3
si:dkey-261j4.4,sidkey261j4.4
si:dkey-261j4.5,sidkey261j4.5
si:dkey-261l7.2,sidkey261l7.2
si:dkey-261m9.12,sidkey261m9.12
si:dkey-261m9.6,sidkey261m9.6
si:dkey-261p22.1,sidkey261p22.1
si:dkey-262g12.10,sidkey262g12.10
si:dkey-262g12.12,sidkey262g12.12
si:dkey-262g12.14,sidkey262g12.14
si:dkey-262g12.3,sidkey262g12.3
si:dkey-262g12.7,sidkey262g12.7
si:dkey-262k9.2,sidkey262k9.2
si:dkey-262k9.4,sidkey262k9.4
si:dkey-264b2.3,sidkey264b2.3
si:dkey-264d12.1,sidkey264d12.1
si:dkey-264d12.4,sidkey264d12.4
si:dkey-264d12.5,sidkey264d12.5
si:dkey-264f17.2,sidkey264f17.2
si:dkey-264f17.4,sidkey264f17.4
si:dkey-265e15.5,sidkey265e15.5
si:dkey-265e7.1,sidkey265e7.1
si:dkey-266f7.10,sidkey266f7.10
si:dkey-266f7.4,sidkey266f7.4
si:dkey-266f7.5,sidkey266f7.5
si:dkey-266f7.9,sidkey266f7.9
si:dkey-266m15.5,sidkey266m15.5
si:dkey-266m15.6,sidkey266m15.6
si:dkey-266m15.7,sidkey266m15.7
si:dkey-267j14.7,sidkey267j14.7
si:dkey-267n13.1,sidkey267n13.1
si:dkey-269i1.4,sidkey269i1.4
si:dkey-269o24.1,sidkey269o24.1
si:dkey-269o24.6,sidkey269o24.6
si:dkey-269p2.1,sidkey269p2.1
si:dkey-26c10.5,sidkey26c10.5
si:dkey-26i13.6,sidkey26i13.6
si:dkey-26i13.8,sidkey26i13.8
si:dkey-26i24.1,sidkey26i24.1
si:dkey-271j15.3,sidkey271j15.3
si:dkey-273g18.1,sidkey273g18.1
si:dkey-274m17.3,sidkey274m17.3
si:dkey-275b16.2,sidkey275b16.2
si:dkey-276j7.1,sidkey276j7.1
si:dkey-276j7.2,sidkey276j7.2
si:dkey-276j7.3,sidkey276j7.3
si:dkey-279j5.1,sidkey279j5.1
si:dkey-27b3.2,sidkey27b3.2
si:dkey-27b3.4,sidkey27b3.4
si:dkey-27c15.3,sidkey27c15.3
si:dkey-27d5.10,sidkey27d5.10
si:dkey-27d5.14,sidkey27d5.14
si:dkey-27d5.3,sidkey27d5.3
si:dkey-27d5.4,sidkey27d5.4
si:dkey-27h10.2,sidkey27h10.2
si:dkey-27i16.2,sidkey27i16.2
si:dkey-27j5.5,sidkey27j5.5
si:dkey-27j5.8,sidkey27j5.8
si:dkey-27l15.1,sidkey27l15.1
si:dkey-27m7.4,sidkey27m7.4
si:dkey-27n14.1,sidkey27n14.1
si:dkey-27n6.4,sidkey27n6.4
si:dkey-27n6.9,sidkey27n6.9
si:dkey-27o4.1,sidkey27o4.1
si:dkey-27p18.3,sidkey27p18.3
si:dkey-27p18.5,sidkey27p18.5
si:dkey-27p23.3,sidkey27p23.3
si:dkey-280e21.3,sidkey280e21.3
si:dkey-280e8.1,sidkey280e8.1
si:dkey-282h22.5,sidkey282h22.5
si:dkey-283b1.6,sidkey283b1.6
si:dkey-283b1.7,sidkey283b1.7
si:dkey-283b15.2,sidkey283b15.2
si:dkey-283j8.1,sidkey283j8.1
si:dkey-284p5.3,sidkey284p5.3
si:dkey-285b23.3,sidkey285b23.3
si:dkey-285b23.4,sidkey285b23.4
si:dkey-285e18.2,sidkey285e18.2
si:dkey-285e18.5,sidkey285e18.5
si:dkey-285e18.6,sidkey285e18.6
si:dkey-286h21.1,sidkey286h21.1
si:dkey-286j15.1,sidkey286j15.1
si:dkey-286j15.3,sidkey286j15.3
si:dkey-286j17.4,sidkey286j17.4
si:dkey-287g12.6,sidkey287g12.6
si:dkey-288a3.2,sidkey288a3.2
si:dkey-288i20.2,sidkey288i20.2
si:dkey-28a3.2,sidkey28a3.2
si:dkey-28b4.7,sidkey28b4.7
si:dkey-28b4.8,sidkey28b4.8
si:dkey-28d5.11,sidkey28d5.11
si:dkey-28d5.12,sidkey28d5.12
si:dkey-28d5.13,sidkey28d5.13
si:dkey-28d5.14,sidkey28d5.14
si:dkey-28d5.4,sidkey28d5.4
si:dkey-28d5.5,sidkey28d5.5
si:dkey-28d5.8,sidkey28d5.8
si:dkey-28d5.9,sidkey28d5.9
si:dkey-28e7.3,sidkey28e7.3
si:dkey-28i19.1,sidkey28i19.1
si:dkey-28i19.3,sidkey28i19.3
si:dkey-28n18.9,sidkey28n18.9
si:dkey-28o19.1,sidkey28o19.1
si:dkey-29b11.3,sidkey29b11.3
si:dkey-29d5.1,sidkey29d5.1
si:dkey-29d5.2,sidkey29d5.2
si:dkey-29d8.3,sidkey29d8.3
si:dkey-29h14.10,sidkey29h14.10
si:dkey-29j8.2,sidkey29j8.2
si:dkey-29m1.2,sidkey29m1.2
si:dkey-29p10.4,sidkey29p10.4
si:dkey-29p23.1,sidkey29p23.1
si:dkey-29p23.2,sidkey29p23.2
si:dkey-30c15.10,sidkey30c15.10
si:dkey-30c15.12,sidkey30c15.12
si:dkey-30c15.13,sidkey30c15.13
si:dkey-30c15.17,sidkey30c15.17
si:dkey-30c15.2,sidkey30c15.2
si:dkey-30e9.6,sidkey30e9.6
si:dkey-30e9.7,sidkey30e9.7
si:dkey-30f3.2,sidkey30f3.2
si:dkey-30g5.1,sidkey30g5.1
si:dkey-30h22.11,sidkey30h22.11
si:dkey-30j10.5,sidkey30j10.5
si:dkey-30j22.1,sidkey30j22.1
si:dkey-30k22.7,sidkey30k22.7
si:dkey-30k6.5,sidkey30k6.5
si:dkey-31c13.1,sidkey31c13.1
si:dkey-31e10.1,sidkey31e10.1
si:dkey-31e10.5,sidkey31e10.5
si:dkey-31f5.11,sidkey31f5.11
si:dkey-31f5.8,sidkey31f5.8
si:dkey-31g16.2,sidkey31g16.2
si:dkey-31g6.4,sidkey31g6.4
si:dkey-31g6.6,sidkey31g6.6
si:dkey-31j3.11,sidkey31j3.11
si:dkey-32e23.4,sidkey32e23.4
si:dkey-32e6.3,sidkey32e6.3
si:dkey-32e6.6,sidkey32e6.6
si:dkey-32n7.4,sidkey32n7.4
si:dkey-32n7.7,sidkey32n7.7
si:dkey-33c12.10,sidkey33c12.10
si:dkey-33c12.11,sidkey33c12.11
si:dkey-33c12.3,sidkey33c12.3
si:dkey-33c12.4,sidkey33c12.4
si:dkey-33c14.3,sidkey33c14.3
si:dkey-33c14.6,sidkey33c14.6
si:dkey-33c14.7,sidkey33c14.7
si:dkey-33c9.6,sidkey33c9.6
si:dkey-33i11.1,sidkey33i11.1
si:dkey-33i11.4,sidkey33i11.4
si:dkey-33i11.9,sidkey33i11.9
si:dkey-33m11.8,sidkey33m11.8
si:dkey-34d22.1,sidkey34d22.1
si:dkey-34d22.2,sidkey34d22.2
si:dkey-34d22.3,sidkey34d22.3
si:dkey-34d22.5,sidkey34d22.5
si:dkey-34e4.1,sidkey34e4.1
si:dkey-34m19.3,sidkey34m19.3
si:dkey-34o23.3,sidkey34o23.3
si:dkey-35h6.1,sidkey35h6.1
si:dkey-35i13.1,sidkey35i13.1
si:dkey-35m8.1,sidkey35m8.1
si:dkey-36i7.3,sidkey36i7.3
si:dkey-37g12.1,sidkey37g12.1
si:dkey-37m8.11,sidkey37m8.11
si:dkey-37m8.3,sidkey37m8.3
si:dkey-37o8.1,sidkey37o8.1
si:dkey-38l22.2,sidkey38l22.2
si:dkey-38n4.2,sidkey38n4.2
si:dkey-38p12.3,sidkey38p12.3
si:dkey-39a18.1,sidkey39a18.1
si:dkey-3d4.3,sidkey3d4.3
si:dkey-3h23.2,sidkey3h23.2
si:dkey-3h3.3,sidkey3h3.3
si:dkey-3k24.5,sidkey3k24.5
si:dkey-3n22.9,sidkey3n22.9
si:dkey-3p4.7,sidkey3p4.7
si:dkey-3p4.8,sidkey3p4.8
si:dkey-40c11.2,sidkey40c11.2
si:dkey-40c23.1,sidkey40c23.1
si:dkey-40c23.2,sidkey40c23.2
si:dkey-40g16.5,sidkey40g16.5
si:dkey-40g16.6,sidkey40g16.6
si:dkey-40h20.1,sidkey40h20.1
si:dkey-40j3.3,sidkey40j3.3
si:dkey-40m6.14,sidkey40m6.14
si:dkey-40m6.8,sidkey40m6.8
si:dkey-40n15.1,sidkey40n15.1
si:dkey-41c6.3,sidkey41c6.3
si:dkey-42i9.16,sidkey42i9.16
si:dkey-42i9.4,sidkey42i9.4
si:dkey-42i9.6,sidkey42i9.6
si:dkey-42i9.7,sidkey42i9.7
si:dkey-42i9.8,sidkey42i9.8
si:dkey-42l23.2,sidkey42l23.2
si:dkey-42l23.7,sidkey42l23.7
si:dkey-42p14.3,sidkey42p14.3
si:dkey-43f9.4,sidkey43f9.4
si:dkey-43k4.3,sidkey43k4.3
si:dkey-43k4.5,sidkey43k4.5
si:dkey-43p13.5,sidkey43p13.5
si:dkey-44g17.6,sidkey44g17.6
si:dkey-44g23.5,sidkey44g23.5
si:dkey-44k1.5,sidkey44k1.5
si:dkey-45d16.4,sidkey45d16.4
si:dkey-45h7.1,sidkey45h7.1
si:dkey-45k15.1,sidkey45k15.1
si:dkey-46a10.3,sidkey46a10.3
si:dkey-46g23.1,sidkey46g23.1
si:dkey-46g23.2,sidkey46g23.2
si:dkey-46g23.5,sidkey46g23.5
si:dkey-46i9.1,sidkey46i9.1
si:dkey-46i9.6,sidkey46i9.6
si:dkey-47k16.4,sidkey47k16.4
si:dkey-47k20.2,sidkey47k20.2
si:dkey-47k20.3,sidkey47k20.3
si:dkey-47k20.4,sidkey47k20.4
si:dkey-47k20.5,sidkey47k20.5
si:dkey-47k20.8,sidkey47k20.8
si:dkey-47k20.9,sidkey47k20.9
si:dkey-48g21.7,sidkey48g21.7
si:dkey-48p11.3,sidkey48p11.3
si:dkey-49n23.1,sidkey49n23.1
si:dkey-4c15.12,sidkey4c15.12
si:dkey-4c15.13,sidkey4c15.13
si:dkey-4c15.14,sidkey4c15.14
si:dkey-4c15.16,sidkey4c15.16
si:dkey-4c2.11,sidkey4c2.11
si:dkey-4c23.3,sidkey4c23.3
si:dkey-4e7.3,sidkey4e7.3
si:dkey-4i23.5,sidkey4i23.5
si:dkey-4j21.1,sidkey4j21.1
si:dkey-4p15.3,sidkey4p15.3
si:dkey-4p15.5,sidkey4p15.5
si:dkey-50i6.5,sidkey50i6.5
si:dkey-50i6.6,sidkey50i6.6
si:dkey-51a16.9,sidkey51a16.9
si:dkey-51d8.1,sidkey51d8.1
si:dkey-51d8.6,sidkey51d8.6
si:dkey-51d8.9,sidkey51d8.9
si:dkey-51e6.1,sidkey51e6.1
si:dkey-52j6.3,sidkey52j6.3
si:dkey-52l18.4,sidkey52l18.4
si:dkey-52p2.5,sidkey52p2.5
si:dkey-53k12.1,sidkey53k12.1
si:dkey-54j5.2,sidkey54j5.2
si:dkey-54n8.2,sidkey54n8.2
si:dkey-54n8.4,sidkey54n8.4
si:dkey-56d12.4,sidkey56d12.4
si:dkey-56e3.3,sidkey56e3.3
si:dkey-56f14.7,sidkey56f14.7
si:dkey-56m15.3,sidkey56m15.3
si:dkey-56m15.5,sidkey56m15.5
si:dkey-56m15.6,sidkey56m15.6
si:dkey-56m15.7,sidkey56m15.7
si:dkey-56m15.8,sidkey56m15.8
si:dkey-56m15.9,sidkey56m15.9
si:dkey-56m19.5,sidkey56m19.5
si:dkey-57a22.11,sidkey57a22.11
si:dkey-57a22.13,sidkey57a22.13
si:dkey-57c15.1,sidkey57c15.1
si:dkey-57c22.1,sidkey57c22.1
si:dkey-57h18.1,sidkey57h18.1
si:dkey-57k17.1,sidkey57k17.1
si:dkey-57k2.6,sidkey57k2.6
si:dkey-57k2.7,sidkey57k2.7
si:dkey-57l19.1,sidkey57l19.1
si:dkey-57n24.6,sidkey57n24.6
si:dkey-58f10.12,sidkey58f10.12
si:dkey-58f10.13,sidkey58f10.13
si:dkey-58f10.14,sidkey58f10.14
si:dkey-58f10.4,sidkey58f10.4
si:dkey-58f10.6,sidkey58f10.6
si:dkey-58f10.7,sidkey58f10.7
si:dkey-58i8.5,sidkey58i8.5
si:dkey-58j15.10,sidkey58j15.10
si:dkey-59l11.10,sidkey59l11.10
si:dkey-5i16.5,sidkey5i16.5
si:dkey-5i3.5,sidkey5i3.5
si:dkey-5n18.1,sidkey5n18.1
si:dkey-5n7.2,sidkey5n7.2
si:dkey-60a16.1,sidkey60a16.1
si:dkey-60d5.3,sidkey60d5.3
si:dkey-61f9.1,sidkey61f9.1
si:dkey-61f9.2,sidkey61f9.2
si:dkey-61l1.4,sidkey61l1.4
si:dkey-61n16.5,sidkey61n16.5
si:dkey-61p9.11,sidkey61p9.11
si:dkey-61p9.6,sidkey61p9.6
si:dkey-61p9.7,sidkey61p9.7
si:dkey-62k3.5,sidkey62k3.5
si:dkey-62k3.6,sidkey62k3.6
si:dkey-63b1.1,sidkey63b1.1
si:dkey-65b12.10,sidkey65b12.10
si:dkey-65b12.12,sidkey65b12.12
si:dkey-65b12.6,sidkey65b12.6
si:dkey-65b13.13,sidkey65b13.13
si:dkey-65j4.2,sidkey65j4.2
si:dkey-65j6.2,sidkey65j6.2
si:dkey-66a8.7,sidkey66a8.7
si:dkey-66g10.2,sidkey66g10.2
si:dkey-66i24.7,sidkey66i24.7
si:dkey-66i24.8,sidkey66i24.8
si:dkey-66i24.9,sidkey66i24.9
si:dkey-67c22.2,sidkey67c22.2
si:dkey-68o6.5,sidkey68o6.5
si:dkey-68o6.6,sidkey68o6.6
si:dkey-68o6.8,sidkey68o6.8
si:dkey-69c1.1,sidkey69c1.1
si:dkey-69o16.5,sidkey69o16.5
si:dkey-6a5.3,sidkey6a5.3
si:dkey-6b12.5,sidkey6b12.5
si:dkey-6d5.1,sidkey6d5.1
si:dkey-6e2.2,sidkey6e2.2
si:dkey-6i22.5,sidkey6i22.5
si:dkey-6l15.1,sidkey6l15.1
si:dkey-6n21.12,sidkey6n21.12
si:dkey-6n21.13,sidkey6n21.13
si:dkey-6n6.1,sidkey6n6.1
si:dkey-6n6.2,sidkey6n6.2
si:dkey-70b23.2,sidkey70b23.2
si:dkey-70p6.1,sidkey70p6.1
si:dkey-71b5.3,sidkey71b5.3
si:dkey-71b5.6,sidkey71b5.6
si:dkey-71b5.7,sidkey71b5.7
si:dkey-71d15.2,sidkey71d15.2
si:dkey-71h2.2,sidkey71h2.2
si:dkey-71l1.1,sidkey71l1.1
si:dkey-71l4.1,sidkey71l4.1
si:dkey-71l4.2,sidkey71l4.2
si:dkey-71l4.4,sidkey71l4.4
si:dkey-71l4.5,sidkey71l4.5
si:dkey-71p21.13,sidkey71p21.13
si:dkey-72l14.3,sidkey72l14.3
si:dkey-72l14.4,sidkey72l14.4
si:dkey-72l17.6,sidkey72l17.6
si:dkey-73n10.1,sidkey73n10.1
si:dkey-73n8.3,sidkey73n8.3
si:dkey-73p2.1,sidkey73p2.1
si:dkey-73p2.2,sidkey73p2.2
si:dkey-73p2.3,sidkey73p2.3
si:dkey-74k8.3,sidkey74k8.3
si:dkey-74k8.4,sidkey74k8.4
si:dkey-75a21.2,sidkey75a21.2
si:dkey-75b17.1,sidkey75b17.1
si:dkey-76b14.2,sidkey76b14.2
si:dkey-76d14.2,sidkey76d14.2
si:dkey-76k16.5,sidkey76k16.5
si:dkey-76k16.6,sidkey76k16.6
si:dkey-76p14.2,sidkey76p14.2
si:dkey-77f5.10,sidkey77f5.10
si:dkey-77f5.11,sidkey77f5.11
si:dkey-77f5.13,sidkey77f5.13
si:dkey-77f5.14,sidkey77f5.14
si:dkey-77f5.15,sidkey77f5.15
si:dkey-77f5.3,sidkey77f5.3
si:dkey-77f5.4,sidkey77f5.4
si:dkey-77f5.6,sidkey77f5.6
si:dkey-77g12.4,sidkey77g12.4
si:dkey-78a14.4,sidkey78a14.4
si:dkey-78k11.4,sidkey78k11.4
si:dkey-78k11.9,sidkey78k11.9
si:dkey-78l4.11,sidkey78l4.11
si:dkey-78l4.13,sidkey78l4.13
si:dkey-78l4.14,sidkey78l4.14
si:dkey-78l4.2,sidkey78l4.2
si:dkey-78l4.6,sidkey78l4.6
si:dkey-78l4.7,sidkey78l4.7
si:dkey-78l4.8,sidkey78l4.8
si:dkey-78p8.1,sidkey78p8.1
si:dkey-79d12.4,sidkey79d12.4
si:dkey-79d12.5,sidkey79d12.5
si:dkey-79d12.6,sidkey79d12.6
si:dkey-79f11.10,sidkey79f11.10
si:dkey-79f11.5,sidkey79f11.5
si:dkey-79f11.7,sidkey79f11.7
si:dkey-79f11.8,sidkey79f11.8
si:dkey-79f11.9,sidkey79f11.9
si:dkey-79i2.4,sidkey79i2.4
si:dkey-7c18.24,sidkey7c18.24
si:dkey-7e14.3,sidkey7e14.3
si:dkey-7f16.3,sidkey7f16.3
si:dkey-7f3.14,sidkey7f3.14
si:dkey-7f3.9,sidkey7f3.9
si:dkey-7i4.1,sidkey7i4.1
si:dkey-7i4.10,sidkey7i4.10
si:dkey-7i4.11,sidkey7i4.11
si:dkey-7i4.14,sidkey7i4.14
si:dkey-7i4.15,sidkey7i4.15
si:dkey-7i4.19,sidkey7i4.19
si:dkey-7i4.21,sidkey7i4.21
si:dkey-7i4.23,sidkey7i4.23
si:dkey-7i4.24,sidkey7i4.24
si:dkey-7i4.5,sidkey7i4.5
si:dkey-7i4.7,sidkey7i4.7
si:dkey-7i4.8,sidkey7i4.8
si:dkey-7i4.9,sidkey7i4.9
si:dkey-7j14.5,sidkey7j14.5
si:dkey-7j14.6,sidkey7j14.6
si:dkey-7j22.1,sidkey7j22.1
si:dkey-7j22.2,sidkey7j22.2
si:dkey-7j22.4,sidkey7j22.4
si:dkey-7k24.5,sidkey7k24.5
si:dkey-7l6.3,sidkey7l6.3
si:dkey-7n6.2,sidkey7n6.2
si:dkey-80c24.1,sidkey80c24.1
si:dkey-81e3.2,sidkey81e3.2
si:dkey-81h8.1,sidkey81h8.1
si:dkey-81j8.6,sidkey81j8.6
si:dkey-81l17.6,sidkey81l17.6
si:dkey-81n2.1,sidkey81n2.1
si:dkey-81p22.11,sidkey81p22.11
si:dkey-82i20.2,sidkey82i20.2
si:dkey-82i20.5,sidkey82i20.5
si:dkey-82o10.4,sidkey82o10.4
si:dkey-83f18.10,sidkey83f18.10
si:dkey-83f18.11,sidkey83f18.11
si:dkey-83k24.5,sidkey83k24.5
si:dkey-83m22.7,sidkey83m22.7
si:dkey-84h14.2,sidkey84h14.2
si:dkey-84k17.2,sidkey84k17.2
si:dkey-85a20.4,sidkey85a20.4
si:dkey-85k15.11,sidkey85k15.11
si:dkey-85k15.4,sidkey85k15.4
si:dkey-85k15.6,sidkey85k15.6
si:dkey-85k7.11,sidkey85k7.11
si:dkey-85k7.7,sidkey85k7.7
si:dkey-85n7.6,sidkey85n7.6
si:dkey-85n7.7,sidkey85n7.7
si:dkey-85n7.8,sidkey85n7.8
si:dkey-86e18.1,sidkey86e18.1
si:dkey-87o1.2,sidkey87o1.2
si:dkey-88e18.2,sidkey88e18.2
si:dkey-88e18.8,sidkey88e18.8
si:dkey-88j15.3,sidkey88j15.3
si:dkey-88j15.4,sidkey88j15.4
si:dkey-88l16.2,sidkey88l16.2
si:dkey-88l16.3,sidkey88l16.3
si:dkey-88l16.4,sidkey88l16.4
si:dkey-88l16.5,sidkey88l16.5
si:dkey-88n24.10,sidkey88n24.10
si:dkey-88n24.11,sidkey88n24.11
si:dkey-88n24.12,sidkey88n24.12
si:dkey-88n24.5,sidkey88n24.5
si:dkey-88n24.8,sidkey88n24.8
si:dkey-88p24.11,sidkey88p24.11
si:dkey-89b17.4,sidkey89b17.4
si:dkey-8e10.2,sidkey8e10.2
si:dkey-8e10.3,sidkey8e10.3
si:dkey-8l13.5,sidkey8l13.5
si:dkey-90a13.10,sidkey90a13.10
si:dkey-90a24.1,sidkey90a24.1
si:dkey-90l23.1,sidkey90l23.1
si:dkey-90l23.2,sidkey90l23.2
si:dkey-90l8.3,sidkey90l8.3
si:dkey-90m5.4,sidkey90m5.4
si:dkey-91f15.1,sidkey91f15.1
si:dkey-91i10.2,sidkey91i10.2
si:dkey-91i10.3,sidkey91i10.3
si:dkey-91m11.5,sidkey91m11.5
si:dkey-92f12.2,sidkey92f12.2
si:dkey-92i15.4,sidkey92i15.4
si:dkey-92i17.2,sidkey92i17.2
si:dkey-92j12.5,sidkey92j12.5
si:dkey-92j16.2,sidkey92j16.2
si:dkey-93h22.7,sidkey93h22.7
si:dkey-93h22.8,sidkey93h22.8
si:dkey-93l1.6,sidkey93l1.6
si:dkey-93m18.3,sidkey93m18.3
si:dkey-93m18.4,sidkey93m18.4
si:dkey-93m18.6,sidkey93m18.6
si:dkey-93n13.1,sidkey93n13.1
si:dkey-93n13.2,sidkey93n13.2
si:dkey-94e7.1,sidkey94e7.1
si:dkey-94e7.2,sidkey94e7.2
si:dkey-94f20.4,sidkey94f20.4
si:dkey-94l16.4,sidkey94l16.4
si:dkey-95h12.1,sidkey95h12.1
si:dkey-95p16.1,sidkey95p16.1
si:dkey-95p16.2,sidkey95p16.2
si:dkey-96f10.1,sidkey96f10.1
si:dkey-96g2.1,sidkey96g2.1
si:dkey-96l17.6,sidkey96l17.6
si:dkey-97a13.12,sidkey97a13.12
si:dkey-97a13.6,sidkey97a13.6
si:dkey-97l20.6,sidkey97l20.6
si:dkey-97o5.1,sidkey97o5.1
si:dkey-98f17.3,sidkey98f17.3
si:dkey-98f17.5,sidkey98f17.5
si:dkey-98j1.5,sidkey98j1.5
si:dkey-9a6.4,sidkey9a6.4
si:dkey-9c18.3,sidkey9c18.3
si:dkey-9i23.14,sidkey9i23.14
si:dkey-9i23.15,sidkey9i23.15
si:dkey-9i23.16,sidkey9i23.16
si:dkey-9i23.4,sidkey9i23.4
si:dkey-9i23.5,sidkey9i23.5
si:dkey-9i23.6,sidkey9i23.6
si:dkey-9i23.8,sidkey9i23.8
si:dkey-9k7.3,sidkey9k7.3
si:dkey-9l20.3,sidkey9l20.3
si:dkey-9p24.5,sidkey9p24.5
si:dkeyp-100a1.6,sidkeyp100a1.6
si:dkeyp-100a5.4,sidkeyp100a5.4
si:dkeyp-100h4.1,sidkeyp100h4.1
si:dkeyp-101e12.1,sidkeyp101e12.1
si:dkeyp-104b3.18,sidkeyp104b3.18
si:dkeyp-104b3.21,sidkeyp104b3.21
si:dkeyp-104f11.6,sidkeyp104f11.6
si:dkeyp-104f11.8,sidkeyp104f11.8
si:dkeyp-104h9.5,sidkeyp104h9.5
si:dkeyp-106c3.1,sidkeyp106c3.1
si:dkeyp-110a12.4,sidkeyp110a12.4
si:dkeyp-110c7.4,sidkeyp110c7.4
si:dkeyp-110e4.6,sidkeyp110e4.6
si:dkeyp-110g5.4,sidkeyp110g5.4
si:dkeyp-113d7.1,sidkeyp113d7.1
si:dkeyp-113d7.10,sidkeyp113d7.10
si:dkeyp-114g9.1,sidkeyp114g9.1
si:dkeyp-115e12.6,sidkeyp115e12.6
si:dkeyp-115e12.7,sidkeyp115e12.7
si:dkeyp-117b11.1,sidkeyp117b11.1
si:dkeyp-117b11.2,sidkeyp117b11.2
si:dkeyp-117b11.3,sidkeyp117b11.3
si:dkeyp-117b8.4,sidkeyp117b8.4
si:dkeyp-117h8.4,sidkeyp117h8.4
si:dkeyp-118a3.2,sidkeyp118a3.2
si:dkeyp-118b1.2,sidkeyp118b1.2
si:dkeyp-118h3.6,sidkeyp118h3.6
si:dkeyp-11e3.1,sidkeyp11e3.1
si:dkeyp-120h9.1,sidkeyp120h9.1
si:dkeyp-121d2.7,sidkeyp121d2.7
si:dkeyp-121d4.3,sidkeyp121d4.3
si:dkeyp-122a9.1,sidkeyp122a9.1
si:dkeyp-123a12.2,sidkeyp123a12.2
si:dkeyp-123h10.2,sidkeyp123h10.2
si:dkeyp-13a3.10,sidkeyp13a3.10
si:dkeyp-14d3.1,sidkeyp14d3.1
si:dkeyp-19e1.3,sidkeyp19e1.3
si:dkeyp-1h4.6,sidkeyp1h4.6
si:dkeyp-20e4.8,sidkeyp20e4.8
si:dkeyp-20g2.1,sidkeyp20g2.1
si:dkeyp-20g2.3,sidkeyp20g2.3
si:dkeyp-23e4.3,sidkeyp23e4.3
si:dkeyp-26a9.2,sidkeyp26a9.2
si:dkeyp-27c8.1,sidkeyp27c8.1
si:dkeyp-27c8.2,sidkeyp27c8.2
si:dkeyp-27e10.3,sidkeyp27e10.3
si:dkeyp-28d2.4,sidkeyp28d2.4
si:dkeyp-2e4.2,sidkeyp2e4.2
si:dkeyp-2e4.3,sidkeyp2e4.3
si:dkeyp-2e4.5,sidkeyp2e4.5
si:dkeyp-2e4.6,sidkeyp2e4.6
si:dkeyp-2e4.7,sidkeyp2e4.7
si:dkeyp-2e4.8,sidkeyp2e4.8
si:dkeyp-30e7.2,sidkeyp30e7.2
si:dkeyp-33b5.4,sidkeyp33b5.4
si:dkeyp-33c10.7,sidkeyp33c10.7
si:dkeyp-34c12.1,sidkeyp34c12.1
si:dkeyp-35e5.10,sidkeyp35e5.10
si:dkeyp-35e5.5,sidkeyp35e5.5
si:dkeyp-35e5.9,sidkeyp35e5.9
si:dkeyp-38g8.5,sidkeyp38g8.5
si:dkeyp-3f10.11,sidkeyp3f10.11
si:dkeyp-3f10.14,sidkeyp3f10.14
si:dkeyp-3f10.16,sidkeyp3f10.16
si:dkeyp-3f10.17,sidkeyp3f10.17
si:dkeyp-41f9.3,sidkeyp41f9.3
si:dkeyp-41f9.4,sidkeyp41f9.4
si:dkeyp-44a8.2,sidkeyp44a8.2
si:dkeyp-44a8.4,sidkeyp44a8.4
si:dkeyp-44b5.5,sidkeyp44b5.5
si:dkeyp-44d3.1,sidkeyp44d3.1
si:dkeyp-44d3.3,sidkeyp44d3.3
si:dkeyp-44d3.5,sidkeyp44d3.5
si:dkeyp-46h3.2,sidkeyp46h3.2
si:dkeyp-46h3.3,sidkeyp46h3.3
si:dkeyp-46h3.5,sidkeyp46h3.5
si:dkeyp-46h3.6,sidkeyp46h3.6
si:dkeyp-46h3.8,sidkeyp46h3.8
si:dkeyp-4c4.1,sidkeyp4c4.1
si:dkeyp-4c4.2,sidkeyp4c4.2
si:dkeyp-4c7.3,sidkeyp4c7.3
si:dkeyp-4f2.1,sidkeyp4f2.1
si:dkeyp-4f2.3,sidkeyp4f2.3
si:dkeyp-4f2.6,sidkeyp4f2.6
si:dkeyp-4h4.1,sidkeyp4h4.1
si:dkeyp-50b9.1,sidkeyp50b9.1
si:dkeyp-50d11.2,sidkeyp50d11.2
si:dkeyp-50f7.2,sidkeyp50f7.2
si:dkeyp-51b7.3,sidkeyp51b7.3
si:dkeyp-51b9.3,sidkeyp51b9.3
si:dkeyp-51f12.2,sidkeyp51f12.2
si:dkeyp-51f12.3,sidkeyp51f12.3
si:dkeyp-51g9.4,sidkeyp51g9.4
si:dkeyp-52c3.7,sidkeyp52c3.7
si:dkeyp-53d3.3,sidkeyp53d3.3
si:dkeyp-53d3.5,sidkeyp53d3.5
si:dkeyp-53d3.6,sidkeyp53d3.6
si:dkeyp-53e4.1,sidkeyp53e4.1
si:dkeyp-53e4.4,sidkeyp53e4.4
si:dkeyp-55f12.3,sidkeyp55f12.3
si:dkeyp-59c12.1,sidkeyp59c12.1
si:dkeyp-5g9.1,sidkeyp5g9.1
si:dkeyp-61b2.1,sidkeyp61b2.1
si:dkeyp-66d1.7,sidkeyp66d1.7
si:dkeyp-67a8.4,sidkeyp67a8.4
si:dkeyp-67e1.6,sidkeyp67e1.6
si:dkeyp-68b7.10,sidkeyp68b7.10
si:dkeyp-68b7.12,sidkeyp68b7.12
si:dkeyp-68b7.5,sidkeyp68b7.5
si:dkeyp-68b7.7,sidkeyp68b7.7
si:dkeyp-69b9.3,sidkeyp69b9.3
si:dkeyp-69b9.6,sidkeyp69b9.6
si:dkeyp-69c1.6,sidkeyp69c1.6
si:dkeyp-69c1.9,sidkeyp69c1.9
si:dkeyp-69e1.8,sidkeyp69e1.8
si:dkeyp-6a3.1,sidkeyp6a3.1
si:dkeyp-70f9.7,sidkeyp70f9.7
si:dkeyp-71f10.5,sidkeyp71f10.5
si:dkeyp-72a4.1,sidkeyp72a4.1
si:dkeyp-72e1.6,sidkeyp72e1.6
si:dkeyp-72e1.7,sidkeyp72e1.7
si:dkeyp-72e1.9,sidkeyp72e1.9
si:dkeyp-72g9.4,sidkeyp72g9.4
si:dkeyp-72h1.1,sidkeyp72h1.1
si:dkeyp-73a2.2,sidkeyp73a2.2
si:dkeyp-73b11.8,sidkeyp73b11.8
si:dkeyp-73d8.6,sidkeyp73d8.6
si:dkeyp-73d8.8,sidkeyp73d8.8
si:dkeyp-73d8.9,sidkeyp73d8.9
si:dkeyp-74b6.2,sidkeyp74b6.2
si:dkeyp-75b4.10,sidkeyp75b4.10
si:dkeyp-75b4.9,sidkeyp75b4.9
si:dkeyp-75h12.2,sidkeyp75h12.2
si:dkeyp-75h12.5,sidkeyp75h12.5
si:dkeyp-77c4.1,sidkeyp77c4.1
si:dkeyp-77c4.5,sidkeyp77c4.5
si:dkeyp-77c8.1,sidkeyp77c8.1
si:dkeyp-77c8.2,sidkeyp77c8.2
si:dkeyp-77c8.3,sidkeyp77c8.3
si:dkeyp-77h1.4,sidkeyp77h1.4
si:dkeyp-79b7.12,sidkeyp79b7.12
si:dkeyp-79b7.3,sidkeyp79b7.3
si:dkeyp-7a3.1,sidkeyp7a3.1
si:dkeyp-80c12.4,sidkeyp80c12.4
si:dkeyp-80c12.5,sidkeyp80c12.5
si:dkeyp-80c12.7,sidkeyp80c12.7
si:dkeyp-80d11.1,sidkeyp80d11.1
si:dkeyp-80d11.10,sidkeyp80d11.10
si:dkeyp-80d11.12,sidkeyp80d11.12
si:dkeyp-80d11.14,sidkeyp80d11.14
si:dkeyp-80d11.4,sidkeyp80d11.4
si:dkeyp-81f3.4,sidkeyp81f3.4
si:dkeyp-82a1.2,sidkeyp82a1.2
si:dkeyp-82a1.3,sidkeyp82a1.3
si:dkeyp-82a1.4,sidkeyp82a1.4
si:dkeyp-82a1.6,sidkeyp82a1.6
si:dkeyp-82a1.8,sidkeyp82a1.8
si:dkeyp-82b4.2,sidkeyp82b4.2
si:dkeyp-82b4.3,sidkeyp82b4.3
si:dkeyp-82b4.6,sidkeyp82b4.6
si:dkeyp-82h4.3,sidkeyp82h4.3
si:dkeyp-84f3.5,sidkeyp84f3.5
si:dkeyp-84f3.9,sidkeyp84f3.9
si:dkeyp-85d8.5,sidkeyp85d8.5
si:dkeyp-85e10.3,sidkeyp85e10.3
si:dkeyp-86c4.1,sidkeyp86c4.1
si:dkeyp-86d6.2,sidkeyp86d6.2
si:dkeyp-86f7.4,sidkeyp86f7.4
si:dkeyp-86h10.3,sidkeyp86h10.3
si:dkeyp-87a6.2,sidkeyp87a6.2
si:dkeyp-87d8.8,sidkeyp87d8.8
si:dkeyp-87e7.4,sidkeyp87e7.4
si:dkeyp-92c9.2,sidkeyp92c9.2
si:dkeyp-92c9.4,sidkeyp92c9.4
si:dkeyp-93d12.1,sidkeyp93d12.1
si:dkeyp-93h6.1,sidkeyp93h6.1
si:dkeyp-94g1.1,sidkeyp94g1.1
si:dkeyp-97a10.1,sidkeyp97a10.1
si:dkeyp-97a10.2,sidkeyp97a10.2
si:dkeyp-97a10.3,sidkeyp97a10.3
si:dkeyp-97b10.3,sidkeyp97b10.3
si:dkeyp-98a7.4,sidkeyp98a7.4
si:dkeyp-98a7.7,sidkeyp98a7.7
si:dkeyp-98a7.8,sidkeyp98a7.8
si:dkeyp-98a7.9,sidkeyp98a7.9
si:dkeyp-9d4.3,sidkeyp9d4.3
si:rp71-15k1.1,sirp7115k1.1
si:rp71-17i16.5,sirp7117i16.5
si:rp71-19m20.1,sirp7119m20.1
si:rp71-1c10.10,sirp711c10.10
si:rp71-1c10.8,sirp711c10.8
si:rp71-1d10.8,sirp711d10.8
si:rp71-1f1.4,sirp711f1.4
si:rp71-1g18.1,sirp711g18.1
si:rp71-1g18.13,sirp711g18.13
si:rp71-1h20.5,sirp711h20.5
si:rp71-1h20.9,sirp711h20.9
si:rp71-1h3.1,sirp711h3.1
si:rp71-1i20.1,sirp711i20.1
si:rp71-1i20.2,sirp711i20.2
si:rp71-1k13.6,sirp711k13.6
si:rp71-23d18.8,sirp7123d18.8
si:rp71-36a1.1,sirp7136a1.1
si:rp71-36a1.2,sirp7136a1.2
si:rp71-36a1.3,sirp7136a1.3
si:rp71-36a1.5,sirp7136a1.5
si:rp71-39b20.4,sirp7139b20.4
si:rp71-45g20.10,sirp7145g20.10
si:rp71-45g20.11,sirp7145g20.11
si:rp71-45g20.4,sirp7145g20.4
si:rp71-45k5.2,sirp7145k5.2
si:rp71-45k5.4,sirp7145k5.4
si:rp71-46j2.7,sirp7146j2.7
si:rp71-68n21.9,sirp7168n21.9
si:rp71-77l1.1,sirp7177l1.1
si:rp71-77l1.2,sirp7177l1.2
si:rp71-79p20.2,sirp7179p20.2
si:rp71-80o10.4,sirp7180o10.4
si:rp71-81e14.2,sirp7181e14.2
si:rp71-84d9.1,sirp7184d9.1
si:zfos-1011f11.2,sizfos1011f11.2
si:zfos-1069f5.1,sizfos1069f5.1
si:zfos-1192g2.3,sizfos1192g2.3
si:zfos-128g4.1,sizfos128g4.1
si:zfos-128g4.2,sizfos128g4.2
si:zfos-1505d6.3,sizfos1505d6.3
si:zfos-169g10.3,sizfos169g10.3
si:zfos-1714f5.3,sizfos1714f5.3
si:zfos-1714f5.4,sizfos1714f5.4
si:zfos-1897c11.1,sizfos1897c11.1
si:zfos-2070c2.3,sizfos2070c2.3
si:zfos-2131b9.2,sizfos2131b9.2
si:zfos-2326c3.2,sizfos2326c3.2
si:zfos-2330d3.1,sizfos2330d3.1
si:zfos-2330d3.3,sizfos2330d3.3
si:zfos-323e3.4,sizfos323e3.4
si:zfos-364h11.2,sizfos364h11.2
si:zfos-411a11.2,sizfos411a11.2
si:zfos-451d2.2,sizfos451d2.2
si:zfos-452g4.1,sizfos452g4.1
si:zfos-464b6.2,sizfos464b6.2
si:zfos-741a10.3,sizfos741a10.3
si:zfos-754c12.2,sizfos754c12.2
si:zfos-80g12.1,sizfos80g12.1
si:zfos-905g2.1,sizfos905g2.1
si:zfos-911d5.4,sizfos911d5.4
si:zfos-943e10.1,sizfos943e10.1
siae,siae
siah1,siah1
siah2l,siah2l
sid1,sid1
sidt2,sidt2
sigirr,sigirr
siglec15l,siglec15l
sigmar1,sigmar1
sik1,sik1
sik2a,sik2a
sik2b,sik2b
sik3,sik3
SIKE1,SIKE1
sil1,sil1
sim1a,sim1a
sim1b,sim1b
sin3aa,sin3aa
sin3ab,sin3ab
sin3b,sin3b
sinhcaf,sinhcaf
sinup,sinup
SIPA1,SIPA1
sipa1l1,sipa1l1
sipa1l3,sipa1l3
sirt1,sirt1
sirt2,sirt2
sirt3,sirt3
sirt4,sirt4
sirt5,sirt5
sirt6,sirt6
siva1,siva1
six1a,six1a
six1b,six1b
six2a,six2a
six2b,six2b
six3a,six3a
six3b,six3b
six4a,six4a
six4b,six4b
six5,six5
six6a,six6a
six6b,six6b
six7,six7
six9,six9
ska1,ska1
ska2,ska2
ska3,ska3
skap1,skap1
skap2,skap2
skia,skia
skib,skib
skila,skila
skilb,skilb
skiv2l,skiv2l
skor1a,skor1a
skor1b,skor1b
skp1,skp1
skp2,skp2
sla1,sla1
sla2,sla2
slain1a,slain1a
slain1b,slain1b
slain2,slain2
slbp,slbp
slbp2,slbp2
slc10a1,slc10a1
slc10a2,slc10a2
slc10a3,slc10a3
slc10a4,slc10a4
slc10a7,slc10a7
slc11a2,slc11a2
slc12a1,slc12a1
slc12a10.1,slc12a10.1
slc12a2,slc12a2
slc12a3,slc12a3
slc12a4,slc12a4
slc12a5a,slc12a5a
slc12a5b,slc12a5b
slc12a7a,slc12a7a
slc12a7b,slc12a7b
slc12a8,slc12a8
slc12a9,slc12a9
slc13a1,slc13a1
slc13a2,slc13a2
slc13a3,slc13a3
slc13a4,slc13a4
slc13a5a,slc13a5a
slc13a5b,slc13a5b
slc14a2,slc14a2
slc15a1a,slc15a1a
slc15a1b,slc15a1b
slc15a2,slc15a2
slc15a4,slc15a4
SLC15A5,SLC15A5
slc16a10,slc16a10
slc16a12a,slc16a12a
slc16a12b,slc16a12b
slc16a13,slc16a13
slc16a1a,slc16a1a
slc16a1b,slc16a1b
slc16a3,slc16a3
slc16a4,slc16a4
slc16a5a,slc16a5a
slc16a5b,slc16a5b
SLC16A6,SLC16A6
slc16a8,slc16a8
slc16a9a,slc16a9a
slc16a9b,slc16a9b
slc17a5,slc17a5
slc17a6a,slc17a6a
slc17a6b,slc17a6b
slc17a7a,slc17a7a
slc17a7b,slc17a7b
slc17a8,slc17a8
slc17a9a,slc17a9a
slc17a9b,slc17a9b
SLC18A1,SLC18A1
slc18a2,slc18a2
slc18a3a,slc18a3a
slc18a3b,slc18a3b
slc18b1,slc18b1
slc19a1,slc19a1
slc19a2,slc19a2
slc19a3a,slc19a3a
slc19a3b,slc19a3b
slc1a1,slc1a1
slc1a2b,slc1a2b
slc1a3a,slc1a3a
slc1a3b,slc1a3b
slc1a4,slc1a4
slc1a5,slc1a5
slc1a6,slc1a6
slc1a7a,slc1a7a
slc1a7b,slc1a7b
slc1a8b,slc1a8b
slc1a9,slc1a9
slc20a1a,slc20a1a
slc20a1b,slc20a1b
slc20a2,slc20a2
slc22a13a,slc22a13a
slc22a13b,slc22a13b
slc22a15,slc22a15
slc22a16,slc22a16
slc22a17,slc22a17
slc22a18,slc22a18
slc22a2,slc22a2
slc22a21,slc22a21
slc22a23,slc22a23
slc22a31,slc22a31
slc22a4,slc22a4
slc22a5,slc22a5
slc22a6l,slc22a6l
slc22a7b.1,slc22a7b.1
slc22a7b.2,slc22a7b.2
slc22a7b.3,slc22a7b.3
slc23a1,slc23a1
slc23a2,slc23a2
slc23a3,slc23a3
slc24a1,slc24a1
slc24a2,slc24a2
slc24a3,slc24a3
slc24a4a,slc24a4a
slc24a4b,slc24a4b
slc24a5,slc24a5
slc25a10,slc25a10
slc25a11,slc25a11
slc25a12,slc25a12
slc25a13,slc25a13
slc25a14,slc25a14
slc25a15a,slc25a15a
slc25a15b,slc25a15b
slc25a16,slc25a16
slc25a17,slc25a17
slc25a18,slc25a18
slc25a19,slc25a19
slc25a1a,slc25a1a
slc25a1b,slc25a1b
slc25a20,slc25a20
slc25a21,slc25a21
slc25a22a,slc25a22a
slc25a22b,slc25a22b
slc25a23a,slc25a23a
slc25a23b,slc25a23b
slc25a24,slc25a24
slc25a24l,slc25a24l
slc25a25a,slc25a25a
slc25a25b,slc25a25b
slc25a26,slc25a26
slc25a27,slc25a27
slc25a28,slc25a28
slc25a32a,slc25a32a
slc25a32b,slc25a32b
slc25a33,slc25a33
slc25a34,slc25a34
slc25a36a,slc25a36a
slc25a36b,slc25a36b
slc25a37,slc25a37
slc25a38a,slc25a38a
slc25a38b,slc25a38b
slc25a39,slc25a39
slc25a3a,slc25a3a
slc25a3b,slc25a3b
slc25a4,slc25a4
slc25a42,slc25a42
slc25a43,slc25a43
slc25a44a,slc25a44a
slc25a44b,slc25a44b
slc25a46,slc25a46
slc25a47a,slc25a47a
slc25a47b,slc25a47b
slc25a48,slc25a48
slc25a5,slc25a5
slc25a51a,slc25a51a
slc25a51b,slc25a51b
slc25a55a,slc25a55a
slc25a55b,slc25a55b
slc25a6,slc25a6
slc26a1,slc26a1
slc26a10,slc26a10
slc26a11,slc26a11
slc26a2,slc26a2
slc26a3.1,slc26a3.1
slc26a5,slc26a5
slc26a6,slc26a6
slc26a6l,slc26a6l
slc27a1a,slc27a1a
slc27a2a,slc27a2a
slc27a4,slc27a4
slc27a6,slc27a6
slc28a1,slc28a1
slc29a1a,slc29a1a
slc29a1b,slc29a1b
slc29a2,slc29a2
slc29a3,slc29a3
slc29a4,slc29a4
slc2a10,slc2a10
slc2a11a,slc2a11a
slc2a11b,slc2a11b
slc2a11l,slc2a11l
slc2a12,slc2a12
slc2a13b,slc2a13b
slc2a15a,slc2a15a
slc2a15b,slc2a15b
slc2a1a,slc2a1a
slc2a1b,slc2a1b
slc2a2,slc2a2
slc2a3a,slc2a3a
slc2a3b,slc2a3b
slc2a5,slc2a5
slc2a6,slc2a6
slc2a8,slc2a8
slc2a9l1,slc2a9l1
slc2a9l2,slc2a9l2
slc30a10,slc30a10
slc30a1a,slc30a1a
slc30a1b,slc30a1b
slc30a2,slc30a2
slc30a4,slc30a4
slc30a5,slc30a5
slc30a6,slc30a6
slc30a7,slc30a7
slc30a8,slc30a8
slc30a9,slc30a9
slc31a1,slc31a1
slc31a2,slc31a2
slc32a1,slc32a1
slc33a1,slc33a1
slc34a1a,slc34a1a
slc34a1b,slc34a1b
slc34a2b,slc34a2b
slc35a1,slc35a1
slc35a2,slc35a2
slc35a3a,slc35a3a
slc35a3b,slc35a3b
slc35a4,slc35a4
slc35a5,slc35a5
slc35b1,slc35b1
slc35b2,slc35b2
slc35b3,slc35b3
slc35b4,slc35b4
slc35c1,slc35c1
slc35c2,slc35c2
slc35d1a,slc35d1a
slc35d1b,slc35d1b
slc35d2,slc35d2
SLC35D3,SLC35D3
slc35e1,slc35e1
SLC35E2A,SLC35E2A
slc35e3,slc35e3
slc35e4,slc35e4
slc35f1,slc35f1
slc35f2,slc35f2
slc35f3a,slc35f3a
slc35f3b,slc35f3b
slc35f6,slc35f6
SLC35G1,SLC35G1
slc35g2a,slc35g2a
slc35g2b,slc35g2b
slc36a1,slc36a1
slc36a4,slc36a4
slc37a1,slc37a1
slc37a2,slc37a2
slc37a4a,slc37a4a
slc38a10,slc38a10
slc38a11,slc38a11
slc38a2,slc38a2
slc38a3a,slc38a3a
slc38a3b,slc38a3b
slc38a4,slc38a4
slc38a5a,slc38a5a
slc38a5b,slc38a5b
slc38a6,slc38a6
slc38a7,slc38a7
slc38a8a,slc38a8a
slc38a8b,slc38a8b
slc38a9,slc38a9
slc39a1,slc39a1
slc39a10,slc39a10
slc39a11,slc39a11
slc39a13,slc39a13
slc39a14,slc39a14
slc39a4,slc39a4
slc39a5,slc39a5
slc39a7,slc39a7
slc39a8,slc39a8
slc39a9,slc39a9
slc3a1,slc3a1
slc3a2a,slc3a2a
slc3a2b,slc3a2b
slc40a1,slc40a1
slc41a1,slc41a1
slc41a2a,slc41a2a
slc41a2b,slc41a2b
slc43a1a,slc43a1a
slc43a1b,slc43a1b
slc43a2a,slc43a2a
slc43a2b,slc43a2b
slc43a3a,slc43a3a
slc43a3b,slc43a3b
slc44a1a,slc44a1a
slc44a1b,slc44a1b
slc44a2,slc44a2
slc44a5a,slc44a5a
slc44a5b,slc44a5b
slc45a1,slc45a1
slc45a2,slc45a2
slc45a3,slc45a3
slc45a4,slc45a4
slc46a1,slc46a1
slc46a2,slc46a2
slc46a3,slc46a3
slc47a1,slc47a1
slc47a2.1,slc47a2.1
slc47a2.2,slc47a2.2
slc47a3,slc47a3
slc47a4,slc47a4
slc48a1a,slc48a1a
slc48a1b,slc48a1b
slc4a10a,slc4a10a
slc4a10b,slc4a10b
slc4a11,slc4a11
slc4a1a,slc4a1a
slc4a1ap,slc4a1ap
slc4a1b,slc4a1b
slc4a2a,slc4a2a
slc4a2b,slc4a2b
slc4a3,slc4a3
slc4a4a,slc4a4a
slc4a4b,slc4a4b
slc4a7,slc4a7
slc4a8,slc4a8
slc50a1,slc50a1
slc51a,slc51a
slc52a2,slc52a2
slc52a3,slc52a3
slc5a1,slc5a1
SLC5A10,SLC5A10
slc5a11,slc5a11
slc5a12,slc5a12
slc5a2,slc5a2
slc5a3b,slc5a3b
slc5a5,slc5a5
slc5a6a,slc5a6a
slc5a6b,slc5a6b
SLC5A7,SLC5A7
slc5a7a,slc5a7a
slc5a8,slc5a8
slc5a8l,slc5a8l
slc5a9,slc5a9
slc6a11a,slc6a11a
slc6a11b,slc6a11b
SLC6A13,SLC6A13
slc6a14,slc6a14
slc6a15,slc6a15
slc6a16a,slc6a16a
slc6a16b,slc6a16b
slc6a17,slc6a17
slc6a19a.1,slc6a19a.1
slc6a19a.2,slc6a19a.2
slc6a19b,slc6a19b
slc6a1a,slc6a1a
slc6a1b,slc6a1b
slc6a2,slc6a2
slc6a22.1,slc6a22.1
slc6a22.2,slc6a22.2
slc6a3,slc6a3
slc6a4a,slc6a4a
slc6a4b,slc6a4b
slc6a5,slc6a5
slc6a6a,slc6a6a
slc6a6b,slc6a6b
slc6a7,slc6a7
slc6a8,slc6a8
slc6a9,slc6a9
slc7a1,slc7a1
slc7a10a,slc7a10a
slc7a10b,slc7a10b
slc7a14a,slc7a14a
slc7a2,slc7a2
slc7a3a,slc7a3a
slc7a3b,slc7a3b
slc7a4,slc7a4
slc7a5,slc7a5
slc7a6,slc7a6
slc7a6os,slc7a6os
slc7a7,slc7a7
slc7a8a,slc7a8a
slc7a8b,slc7a8b
slc7a9,slc7a9
slc8a1a,slc8a1a
slc8a1b,slc8a1b
slc8a2a,slc8a2a
slc8a2b,slc8a2b
slc8a3,slc8a3
slc8a4a,slc8a4a
slc8a4b,slc8a4b
slc8b1,slc8b1
slc9a2,slc9a2
slc9a3.1,slc9a3.1
slc9a3.2,slc9a3.2
slc9a3r1a,slc9a3r1a
slc9a3r1b,slc9a3r1b
slc9a5,slc9a5
slc9a6a,slc9a6a
slc9a6b,slc9a6b
slc9a7,slc9a7
slc9a8,slc9a8
SLC9B2,SLC9B2
slco1c1,slco1c1
slco1d1,slco1d1
slco1e1,slco1e1
slco1f2,slco1f2
slco1f3,slco1f3
slco1f4,slco1f4
slco2a1,slco2a1
slco2b1,slco2b1
slco3a1,slco3a1
slco4a1,slco4a1
slco5a1a,slco5a1a
slco5a1b,slco5a1b
slf1,slf1
slf2,slf2
slirp,slirp
slit1a,slit1a
slit1b,slit1b
slit3,slit3
slitrk1,slitrk1
slitrk2,slitrk2
slitrk3a,slitrk3a
slitrk3b,slitrk3b
slitrk4,slitrk4
slitrk5a,slitrk5a
slitrk5b,slitrk5b
slitrk6,slitrk6
slka,slka
slkb,slkb
slmapa,slmapa
slmapb,slmapb
sltm,sltm
slu7,slu7
slx4,slx4
slx4ip,slx4ip
smad1,smad1
smad2,smad2
smad3a,smad3a
smad3b,smad3b
smad4a,smad4a
smad5,smad5
smad6a,smad6a
smad6b,smad6b
smad7,smad7
smad9,smad9
smap1,smap1
smap2,smap2
smarca1,smarca1
smarca2,smarca2
SMARCA4,SMARCA4
smarca4a,smarca4a
smarca5,smarca5
smarcad1a,smarcad1a
smarcad1b,smarcad1b
smarcal1,smarcal1
smarcb1a,smarcb1a
smarcb1b,smarcb1b
smarcc1a,smarcc1a
smarcc1b,smarcc1b
smarcc2,smarcc2
smarcd1,smarcd1
smarcd2,smarcd2
smarcd3a,smarcd3a
smarcd3b,smarcd3b
smarce1,smarce1
smc1a,smc1a
smc1al,smc1al
smc1b,smc1b
smc2,smc2
smc3,smc3
smc4,smc4
smc5,smc5
smc6,smc6
smchd1,smchd1
smco4,smco4
smcr8a,smcr8a
smcr8b,smcr8b
smdt1a,smdt1a
smdt1b,smdt1b
smek1,smek1
smfn,smfn
smg1,smg1
smg5,smg5
smg6,smg6
smg7,smg7
smg8,smg8
smg9,smg9
smim1,smim1
SMIM10,SMIM10
smim12,smim12
smim13,smim13
smim14,smim14
smim15,smim15
SMIM18,SMIM18
smim19,smim19
smim20,smim20
smim29,smim29
smim4,smim4
smim7,smim7
smim8,smim8
smkr1,smkr1
smn1,smn1
smndc1,smndc1
smo,smo
smoc1,smoc1
smoc2,smoc2
smox,smox
smpd1,smpd1
smpd2a,smpd2a
smpd2b,smpd2b
smpd3,smpd3
smpd4,smpd4
smpd5,smpd5
smpdl3a,smpdl3a
smpdl3b,smpdl3b
smpx,smpx
sms,sms
smtla,smtla
smtna,smtna
smtnb,smtnb
smtnl,smtnl
smtnl1,smtnl1
smu1a,smu1a
smu1b,smu1b
smug1,smug1
smurf1,smurf1
smurf2,smurf2
smyd1a,smyd1a
smyd1b,smyd1b
smyd2a,smyd2a
smyd2b,smyd2b
smyd3,smyd3
smyd4,smyd4
smyd5,smyd5
smyhc1,smyhc1
snai1a,snai1a
snai1b,snai1b
snai2,snai2
snai3,snai3
snap23.1,snap23.1
snap23.2,snap23.2
snap25a,snap25a
snap25b,snap25b
snap29,snap29
snap47,snap47
snap91,snap91
snapc1a,snapc1a
snapc1b,snapc1b
snapc2,snapc2
snapc3,snapc3
snapc4,snapc4
snapc5,snapc5
snapin,snapin
sncaip,sncaip
sncb,sncb
sncga,sncga
sncgb,sncgb
snd1,snd1
sned1,sned1
snf8,snf8
snip1,snip1
snn,snn
snorc,snorc
snpha,snpha
snphb,snphb
snrka,snrka
snrkb,snrkb
snrnp200,snrnp200
snrnp25,snrnp25
snrnp27,snrnp27
snrnp35,snrnp35
snrnp40,snrnp40
snrnp48,snrnp48
snrnp70,snrnp70
snrpa,snrpa
snrpa1,snrpa1
snrpb,snrpb
snrpb2,snrpb2
snrpc,snrpc
snrpd1,snrpd1
snrpd2,snrpd2
snrpd3,snrpd3
snrpd3l,snrpd3l
snrpe,snrpe
snrpf,snrpf
snrpg,snrpg
SNTA1,SNTA1
sntb1,sntb1
sntb2,sntb2
sntg1,sntg1
sntg2,sntg2
snu13a,snu13a
snu13b,snu13b
snupn,snupn
snw1,snw1
snx10a,snx10a
snx10b,snx10b
snx11,snx11
snx12,snx12
snx13,snx13
snx14,snx14
snx15,snx15
snx16,snx16
snx17,snx17
snx18a,snx18a
snx18b,snx18b
snx19a,snx19a
snx19b,snx19b
snx1a,snx1a
snx1b,snx1b
snx2,snx2
snx21,snx21
snx22,snx22
snx24,snx24
snx25,snx25
snx27a,snx27a
snx27b,snx27b
snx29,snx29
snx3,snx3
snx30,snx30
snx33,snx33
snx4,snx4
snx5,snx5
snx6,snx6
snx7,snx7
snx8a,snx8a
snx8b,snx8b
snx9a,snx9a
soat1,soat1
soat2,soat2
sobpa,sobpa
sobpb,sobpb
socs1a,socs1a
socs2,socs2
socs3a,socs3a
socs3b,socs3b
socs4,socs4
socs5b,socs5b
socs6a,socs6a
socs6b,socs6b
socs7,socs7
socs9,socs9
sod1,sod1
sod2,sod2
sod3a,sod3a
sod3b,sod3b
soga1,soga1
soga3a,soga3a
soga3b,soga3b
sorbs1,sorbs1
sorbs2a,sorbs2a
sorbs2b,sorbs2b
sorbs3,sorbs3
sorcs2,sorcs2
sord,sord
sorl1,sorl1
sort1a,sort1a
sort1b,sort1b
sos1,sos1
sos2,sos2
sost,sost
sostdc1a,sostdc1a
sostdc1b,sostdc1b
soul2,soul2
soul3,soul3
soul4,soul4
soul5,soul5
soul5l,soul5l
sowahaa,sowahaa
sowahab,sowahab
sowahca,sowahca
sowahcb,sowahcb
sowahd,sowahd
sox10,sox10
sox11a,sox11a
sox11b,sox11b
sox12,sox12
sox13,sox13
sox14,sox14
sox17,sox17
sox18,sox18
sox19a,sox19a
sox19b,sox19b
sox1a,sox1a
sox1b,sox1b
sox2,sox2
sox21a,sox21a
sox21b,sox21b
sox2ot,sox2ot
sox3,sox3
sox32,sox32
sox4a,sox4a
sox4b,sox4b
sox5,sox5
sox6,sox6
sox7,sox7
sox8a,sox8a
sox8b,sox8b
sox9a,sox9a
sox9b,sox9b
sp1,sp1
sp100.1,sp100.1
sp100.2,sp100.2
sp100.3,sp100.3
sp2,sp2
sp3a,sp3a
sp4,sp4
SP5,SP5
sp5a,sp5a
sp5l,sp5l
sp6,sp6
sp7,sp7
sp8a,sp8a
sp8b,sp8b
sp9,sp9
spa17,spa17
spaca4l,spaca4l
spaca9,spaca9
spag16,spag16
spag1a,spag1a
spag1b,spag1b
spag6,spag6
spag7,spag7
spag8,spag8
SPAG9,SPAG9
spag9a,spag9a
spam1,spam1
sparc,sparc
sparcl1,sparcl1
sparcl2,sparcl2
sparta,sparta
spartb,spartb
spast,spast
SPATA1,SPATA1
spata13,spata13
spata17,spata17
spata18,spata18
spata2,spata2
spata20,spata20
spata22,spata22
spata2l,spata2l
spata4,spata4
SPATA48,SPATA48
spata5l1,spata5l1
spata6,spata6
spata6l,spata6l
spata7,spata7
spaw,spaw
spc24,spc24
spc25,spc25
spcs1,spcs1
spcs2,spcs2
spcs3,spcs3
SPDEF,SPDEF
spdl1,spdl1
spdya,spdya
specc1,specc1
specc1la,specc1la
specc1lb,specc1lb
spega,spega
spegb,spegb
spen,spen
spg11,spg11
spg21,spg21
spg7,spg7
SPHK1,SPHK1
sphk2,sphk2
spi1a,spi1a
spi1b,spi1b
spi2,spi2
spic,spic
spice1,spice1
spidr,spidr
spina,spina
spinb,spinb
spink2.1,spink2.1
spink2.2,spink2.2
spink2.3,spink2.3
spink2.4,spink2.4
spink2.5,spink2.5
spink4,spink4
spint1a,spint1a
spint1b,spint1b
spint2,spint2
spire1a,spire1a
spire1b,spire1b
spire2,spire2
spns1,spns1
spns2,spns2
spns3,spns3
spo11,spo11
spock1,spock1
spock2,spock2
spock3,spock3
spon1a,spon1a
spon1b,spon1b
spon2a,spon2a
spon2b,spon2b
spop,spop
spopla,spopla
spoplb,spoplb
spout1,spout1
spp1,spp1
spp2,spp2
sppl2,sppl2
sppl3,sppl3
spra,spra
sprb,sprb
spred1,spred1
spred2a,spred2a
spred2b,spred2b
spred3,spred3
sprn,sprn
sprn2,sprn2
sprtn,sprtn
spry1,spry1
spry2,spry2
spry4,spry4
spryd3,spryd3
spryd4,spryd4
spryd7a,spryd7a
spryd7b,spryd7b
spsb1,spsb1
spsb3a,spsb3a
spsb4a,spsb4a
spsb4b,spsb4b
sptan1,sptan1
sptb,sptb
sptbn1,sptbn1
sptbn2,sptbn2
SPTBN4,SPTBN4
sptbn5,sptbn5
sptlc1,sptlc1
sptlc2a,sptlc2a
sptlc2b,sptlc2b
sptlc3,sptlc3
sptssa,sptssa
sptssb,sptssb
spty2d1,spty2d1
spx,spx
sqlea,sqlea
sqor,sqor
sqstm1,sqstm1
sra1,sra1
srbd1,srbd1
src,src
srcap,srcap
SRCIN1,SRCIN1
srd5a1,srd5a1
srd5a2b,srd5a2b
srd5a3,srd5a3
srebf1,srebf1
srebf2,srebf2
srek1,srek1
srek1ip1,srek1ip1
srfa,srfa
srfb,srfb
srfbp1,srfbp1
srgap1a,srgap1a
srgap1b,srgap1b
srgap2,srgap2
srgap3,srgap3
srgn,srgn
sri,sri
srl,srl
srm,srm
SRMS,SRMS
srp14,srp14
srp19,srp19
srp54,srp54
srp68,srp68
srp72,srp72
srp9,srp9
srpk1a,srpk1a
srpk1b,srpk1b
srpk2,srpk2
srpk3,srpk3
srpra,srpra
srprb,srprb
srpx,srpx
srpx2,srpx2
srrd,srrd
srrm1,srrm1
srrm2,srrm2
srrm4,srrm4
srrt,srrt
srsf10b,srsf10b
srsf11,srsf11
srsf1a,srsf1a
srsf1b,srsf1b
srsf2a,srsf2a
srsf2b,srsf2b
srsf3a,srsf3a
srsf3b,srsf3b
srsf4,srsf4
srsf5a,srsf5a
srsf5b,srsf5b
srsf6a,srsf6a
srsf6b,srsf6b
srsf7a,srsf7a
srsf7b,srsf7b
srsf9,srsf9
srxn1,srxn1
ss18,ss18
ss18l2,ss18l2
ssb,ssb
ssbp1,ssbp1
ssbp2,ssbp2
ssbp3a,ssbp3a
ssbp3b,ssbp3b
ssbp4,ssbp4
ssh1a,ssh1a
ssh1b,ssh1b
ssh2a,ssh2a
ssh2b,ssh2b
ssna1,ssna1
ssr1,ssr1
ssr2,ssr2
ssr3,ssr3
ssr4,ssr4
ssrp1a,ssrp1a
ssrp1b,ssrp1b
sssca1,sssca1
sst1.1,sst1.1
sst1.2,sst1.2
sst2,sst2
sst5,sst5
sst6,sst6
sstr1a,sstr1a
sstr1b,sstr1b
sstr2a,sstr2a
sstr2b,sstr2b
sstr3,sstr3
sstr5,sstr5
ssu72,ssu72
ssuh2.1,ssuh2.1
ssuh2.2,ssuh2.2
ssuh2.3,ssuh2.3
ssuh2.4,ssuh2.4
ssuh2rs1,ssuh2rs1
ssx2ipa,ssx2ipa
ssx2ipb,ssx2ipb
st13,st13
st14a,st14a
st14b,st14b
st3gal1,st3gal1
st3gal1l,st3gal1l
st3gal1l3,st3gal1l3
st3gal2,st3gal2
st3gal3a,st3gal3a
st3gal3b,st3gal3b
st3gal4,st3gal4
st3gal5,st3gal5
st3gal7,st3gal7
st3gal8,st3gal8
st5,st5
st6gal1,st6gal1
st6gal2a,st6gal2a
st6gal2b,st6gal2b
st6galnac1.1,st6galnac1.1
st6galnac1.2,st6galnac1.2
st6galnac3,st6galnac3
st6galnac4,st6galnac4
st6galnac5a,st6galnac5a
st6galnac5b,st6galnac5b
st6galnac6,st6galnac6
st7l,st7l
st8sia1,st8sia1
st8sia2,st8sia2
st8sia4,st8sia4
st8sia5,st8sia5
st8sia6,st8sia6
st8sia7.1,st8sia7.1
stab1,stab1
stab2,stab2
stac,stac
stac3,stac3
stag1a,stag1a
stag1b,stag1b
stag2a,stag2a
stag2b,stag2b
stag3,stag3
stam,stam
stam2,stam2
stambpa,stambpa
stambpb,stambpb
stambpl1,stambpl1
stap2a,stap2a
stap2b,stap2b
star,star
stard10,stard10
stard13a,stard13a
stard13b,stard13b
stard14,stard14
stard15,stard15
stard3,stard3
stard3nl,stard3nl
stard4,stard4
stard5,stard5
stard7,stard7
stard8,stard8
stard9,stard9
stat1a,stat1a
stat1b,stat1b
stat2,stat2
stat3,stat3
stat4,stat4
stat5a,stat5a
stat5b,stat5b
stat6,stat6
stau1,stau1
stau2,stau2
stbd1,stbd1
stc1,stc1
stc1l,stc1l
stc2a,stc2a
stc2b,stc2b
steap2,steap2
steap3,steap3
steap4,steap4
stil,stil
stim1a,stim1a
stim1b,stim1b
stim2a,stim2a
stim2b,stim2b
stip1,stip1
stk10,stk10
stk11,stk11
stk11ip,stk11ip
stk16,stk16
stk17a,stk17a
stk17al,stk17al
stk17b,stk17b
stk19,stk19
stk24a,stk24a
stk25a,stk25a
stk25b,stk25b
stk26,stk26
stk3,stk3
stk31,stk31
stk33,stk33
stk35,stk35
stk35l,stk35l
stk36,stk36
stk38a,stk38a
stk38b,stk38b
stk38l,stk38l
stk39,stk39
stk40,stk40
stm,stm
stmn1a,stmn1a
stmn1b,stmn1b
stmn2a,stmn2a
stmn2b,stmn2b
stmn3,stmn3
stmn4,stmn4
stmn4l,stmn4l
stmnd1,stmnd1
STMP1,STMP1
stn1,stn1
stom,stom
stoml1,stoml1
stoml2,stoml2
stoml3a,stoml3a
stoml3b,stoml3b
ston2,ston2
stox1,stox1
stox2b,stox2b
stpg1,stpg1
stpg2,stpg2
stra6,stra6
strada,strada
strap,strap
strbp,strbp
strc1,strc1
strip1,strip1
strip2,strip2
strn,strn
strn3,strn3
strn4,strn4
sts,sts
stt3a,stt3a
stt3b,stt3b
stub1,stub1
stum,stum
stx10,stx10
stx11a,stx11a
stx11b.1,stx11b.1
stx11b.2,stx11b.2
stx12,stx12
stx12l,stx12l
stx16,stx16
stx17,stx17
stx18,stx18
stx1a,stx1a
stx1b,stx1b
stx2a,stx2a
stx2b,stx2b
STX3,STX3
stx3a,stx3a
stx4,stx4
stx5a,stx5a
stx5al,stx5al
stx6,stx6
stx7l,stx7l
stx8,stx8
stxbp1b,stxbp1b
stxbp2,stxbp2
stxbp3,stxbp3
stxbp4,stxbp4
stxbp5b,stxbp5b
stxbp5l,stxbp5l
stxbp6,stxbp6
stxbp6l,stxbp6l
styk1a,styk1a
styk1b,styk1b
styx,styx
styxl1,styxl1
sub1a,sub1a
sub1b,sub1b
sucla2,sucla2
suclg1,suclg1
suclg2,suclg2
suco,suco
suds3,suds3
sufu,sufu
sugct,sugct
sugp1,sugp1
sugt1,sugt1
sulf1,sulf1
sulf2a,sulf2a
sulf2b,sulf2b
sult1st1,sult1st1
sult1st2,sult1st2
sult1st3,sult1st3
sult1st5,sult1st5
sult1st7,sult1st7
sult1st9,sult1st9
sult2st1,sult2st1
sult2st2,sult2st2
sult2st3,sult2st3
sult3st1,sult3st1
sult3st2,sult3st2
sult3st3,sult3st3
sult3st4,sult3st4
sult4a1,sult4a1
sult5a1,sult5a1
sult6b1,sult6b1
sumf1,sumf1
sumf2,sumf2
sumo1,sumo1
sumo2a,sumo2a
sumo2b,sumo2b
sumo3a,sumo3a
sumo3b,sumo3b
sun1,sun1
suox,suox
supt16h,supt16h
supt20,supt20
supt3h,supt3h
supt4h1,supt4h1
supt5h,supt5h
supt6h,supt6h
supt7l,supt7l
supv3l1,supv3l1
surf1,surf1
surf2,surf2
surf4,surf4
surf4l,surf4l
surf6,surf6
susd1,susd1
SUSD2,SUSD2
susd4,susd4
susd6,susd6
suv39h1a,suv39h1a
suv39h1b,suv39h1b
suz12a,suz12a
suz12b,suz12b
sv2,sv2
sv2a,sv2a
sv2ba,sv2ba
sv2bb,sv2bb
sv2c,sv2c
svbp,svbp
svep1,svep1
svila,svila
svilb,svilb
svilc,svilc
svild,svild
svopa,svopa
svopb,svopb
svopl,svopl
swap70a,swap70a
swap70b,swap70b
swi5,swi5
swsap1,swsap1
swt1,swt1
syap1,syap1
sybl1,sybl1
sybu,sybu
syce2,syce2
sycn.2,sycn.2
sycp1,sycp1
sycp2,sycp2
sycp3,sycp3
SYDE1,SYDE1
SYDE2,SYDE2
syf2,syf2
syk,syk
sympk,sympk
syn1,syn1
syn2a,syn2a
syn2b,syn2b
sync,sync
syncrip,syncrip
syncripl,syncripl
SYNDIG1,SYNDIG1
syndig1l,syndig1l
syne1a,syne1a
syne1b,syne1b
syne2a,syne2a
syne2b,syne2b
syne3,syne3
syngap1a,syngap1a
syngap1b,syngap1b
syngr1a,syngr1a
syngr2a,syngr2a
syngr2b,syngr2b
syngr3a,syngr3a
syngr3b,syngr3b
synj1,synj1
synj2bp,synj2bp
synm,synm
synpo2b,synpo2b
synpo2la,synpo2la
synpo2lb,synpo2lb
synrg,synrg
sypa,sypa
sypb,sypb
sypl1,sypl1
sypl2a,sypl2a
sypl2b,sypl2b
sys1,sys1
syt10,syt10
syt11a,syt11a
syt11b,syt11b
syt12,syt12
syt13,syt13
syt14a,syt14a
syt14b,syt14b
syt15,syt15
syt16,syt16
syt17,syt17
syt1b,syt1b
syt2a,syt2a
syt3,syt3
syt4,syt4
syt5a,syt5a
syt5b,syt5b
syt6a,syt6a
syt6b,syt6b
syt7a,syt7a
syt7b,syt7b
syt9a,syt9a
syt9b,syt9b
sytl1,sytl1
sytl2a,sytl2a
sytl2b,sytl2b
sytl3,sytl3
sytl4,sytl4
sytl5,sytl5
syvn1,syvn1
szl,szl
szrd1,szrd1
taar10,taar10
taar10b,taar10b
taar11,taar11
taar12j,taar12j
taar13c,taar13c
taar16a,taar16a
taar16b,taar16b
taar16f,taar16f
taar18d,taar18d
taar18j,taar18j
taar19a,taar19a
taar19q,taar19q
taar19t,taar19t
taar20i,taar20i
taar20u,taar20u
taar20w,taar20w
taar20z,taar20z
tab1,tab1
tab2,tab2
tab3,tab3
tac3a,tac3a
tac3b,tac3b
tac4,tac4
tacc1,tacc1
tacc3,tacc3
tacr1a,tacr1a
tacr1b,tacr1b
tacr2,tacr2
tacr3a,tacr3a
tacr3l,tacr3l
TADA1,TADA1
tada2a,tada2a
tada2b,tada2b
tada3l,tada3l
taf1,taf1
taf10,taf10
taf11,taf11
taf12,taf12
taf13,taf13
taf15,taf15
taf1a,taf1a
taf1b,taf1b
taf2,taf2
taf3,taf3
taf4a,taf4a
taf4b,taf4b
taf5,taf5
taf5l,taf5l
taf6,taf6
taf6l,taf6l
taf7,taf7
taf9,taf9
tagapa,tagapa
tagln2,tagln2
tagln3a,tagln3a
tagln3b,tagln3b
tal1,tal1
tal2,tal2
taldo1,taldo1
tamm41,tamm41
tanc1a,tanc1a
tanc1b,tanc1b
TANC2,TANC2
tanc2a,tanc2a
tango2,tango2
tango6,tango6
tank,tank
taok1a,taok1a
taok1b,taok1b
taok2a,taok2a
taok2b,taok2b
taok3a,taok3a
taok3b,taok3b
tap1,tap1
tap2a,tap2a
tap2t,tap2t
tapbp.1,tapbp.1
tapbp.2,tapbp.2
tapbpl,tapbpl
tapt1a,tapt1a
tapt1b,tapt1b
tarbp2,tarbp2
tardbp,tardbp
tardbpl,tardbpl
tars,tars
tarsl2,tarsl2
tas1r2.1,tas1r2.1
tas1r2.2,tas1r2.2
tas2r200.2,tas2r200.2
tas2r201.1,tas2r201.1
tas2r202,tas2r202
tas2r3,tas2r3
tasp1,tasp1
tat,tat
tatdn1,tatdn1
tatdn2,tatdn2
tax1bp1a,tax1bp1a
tax1bp1b,tax1bp1b
tax1bp3,tax1bp3
taz,taz
tbata,tbata
tbc1d1,tbc1d1
tbc1d10aa,tbc1d10aa
tbc1d10ab,tbc1d10ab
tbc1d10b,tbc1d10b
tbc1d12b,tbc1d12b
tbc1d13,tbc1d13
tbc1d14,tbc1d14
tbc1d15,tbc1d15
tbc1d16,tbc1d16
tbc1d17,tbc1d17
tbc1d19,tbc1d19
tbc1d2,tbc1d2
tbc1d20,tbc1d20
tbc1d22a,tbc1d22a
tbc1d22b,tbc1d22b
tbc1d23,tbc1d23
tbc1d24,tbc1d24
tbc1d25,tbc1d25
tbc1d2b,tbc1d2b
tbc1d30,tbc1d30
tbc1d31,tbc1d31
tbc1d32,tbc1d32
tbc1d4,tbc1d4
tbc1d5,tbc1d5
tbc1d7,tbc1d7
TBC1D8B,TBC1D8B
tbca,tbca
tbcb,tbcb
tbcc,tbcc
tbccd1,tbccd1
tbcd,tbcd
tbce,tbce
tbcela,tbcela
tbcelb,tbcelb
tbck,tbck
tbk1,tbk1
tbkbp1,tbkbp1
tbl1x,tbl1x
tbl1xr1a,tbl1xr1a
tbl1xr1b,tbl1xr1b
tbl2,tbl2
tbl3,tbl3
tbp,tbp
tbpl1,tbpl1
tbpl2,tbpl2
tbr1a,tbr1a
tbr1b,tbr1b
tbrg1,tbrg1
tbrg4,tbrg4
tbx1,tbx1
tbx15,tbx15
tbx16,tbx16
tbx16l,tbx16l
tbx18,tbx18
tbx19,tbx19
tbx20,tbx20
tbx21,tbx21
tbx22,tbx22
tbx2a,tbx2a
tbx2b,tbx2b
tbx3a,tbx3a
tbx3b,tbx3b
tbx4,tbx4
tbx5a,tbx5a
tbx5b,tbx5b
tbx6,tbx6
tbxa2r,tbxa2r
tbxas1,tbxas1
tbxta,tbxta
tbxtb,tbxtb
TC2N,TC2N
tcaim,tcaim
tcap,tcap
tcea1,tcea1
tcea2,tcea2
tcea3,tcea3
tceanc2,tceanc2
tceb2,tceb2
tcerg1a,tcerg1a
TCERG1L,TCERG1L
tcf12,tcf12
tcf15,tcf15
tcf19l,tcf19l
tcf20,tcf20
tcf21,tcf21
tcf23,tcf23
TCF24,TCF24
tcf25,tcf25
tcf3a,tcf3a
tcf4,tcf4
tcf7,tcf7
tcf7l1a,tcf7l1a
tcf7l1b,tcf7l1b
tcf7l2,tcf7l2
tchp,tchp
TCIM,TCIM
tcima,tcima
tcirg1a,tcirg1a
tcirg1b,tcirg1b
tcn2,tcn2
tcnbb,tcnbb
tcp1,tcp1
tcp11l1,tcp11l1
tcp11l2,tcp11l2
tcta,tcta
tcte1,tcte1
tctex1d1,tctex1d1
tctex1d2,tctex1d2
tctn1,tctn1
tctn2,tctn2
tdg.1,tdg.1
tdg.2,tdg.2
tdgf1,tdgf1
tdh,tdh
tdh2,tdh2
tdo2a,tdo2a
tdo2b,tdo2b
tdp1,tdp1
tdp2a,tdp2a
tdp2b,tdp2b
tdrd1,tdrd1
tdrd12,tdrd12
tdrd3,tdrd3
tdrd5,tdrd5
tdrd6,tdrd6
tdrd7a,tdrd7a
tdrd9,tdrd9
tdrkh,tdrkh
tead1a,tead1a
tead1b,tead1b
tead3a,tead3a
tead3b,tead3b
tec,tec
tecpr1a,tecpr1a
tecpr1b,tecpr1b
tecpr2,tecpr2
tecrb,tecrb
tecrl2a,tecrl2a
tecrl2b,tecrl2b
tecta,tecta
tectb,tectb
tefa,tefa
tefb,tefb
tefm,tefm
tegt,tegt
tek,tek
tekt1,tekt1
tekt2,tekt2
tekt3,tekt3
tekt4,tekt4
telo2,telo2
ten1,ten1
TENM2,TENM2
tenm4,tenm4
tent2,tent2
tent4a,tent4a
tent4b,tent4b
TENT5A,TENT5A
tent5ab,tent5ab
tent5ba,tent5ba
tent5bb,tent5bb
tent5c,tent5c
tent5d,tent5d
tep1,tep1
tepsin,tepsin
terb1,terb1
terf1,terf1
terf2ip,terf2ip
terfa,terfa
tert,tert
tes,tes
tesca,tesca
tescb,tescb
TESK1,TESK1
tesk2,tesk2
tesmin,tesmin
tespa1,tespa1
tet1,tet1
tet2,tet2
tet3,tet3
tex10,tex10
tex11,tex11
tex2,tex2
tex26,tex26
tex261,tex261
tex264a,tex264a
tex2l,tex2l
tex30,tex30
tex33,tex33
tex36,tex36
tex9,tex9
tfa,tfa
tfam,tfam
tfap2a,tfap2a
tfap2c,tfap2c
tfap2d,tfap2d
tfap2e,tfap2e
tfap4,tfap4
tfb1m,tfb1m
tfb2m,tfb2m
tfcp2,tfcp2
tfcp2l1,tfcp2l1
tfdp1a,tfdp1a
tfdp1b,tfdp1b
tfdp2,tfdp2
tfe3a,tfe3a
tfe3b,tfe3b
tfeb,tfeb
tfec,tfec
tfg,tfg
tfip11,tfip11
tfpi2,tfpi2
tfpt,tfpt
tfr1a,tfr1a
tfr1b,tfr1b
tfr2,tfr2
tg,tg
tgds,tgds
tgfa,tgfa
tgfb1a,tgfb1a
tgfb1b,tgfb1b
tgfb2,tgfb2
tgfb2l,tgfb2l
tgfb3,tgfb3
tgfbi,tgfbi
tgfbr1a,tgfbr1a
tgfbr1b,tgfbr1b
tgfbr2a,tgfbr2a
tgfbr2b,tgfbr2b
tgfbr3,tgfbr3
tgfbrap1,tgfbrap1
tgif1,tgif1
tgm1,tgm1
tgm1l1,tgm1l1
tgm1l2,tgm1l2
tgm1l3,tgm1l3
tgm1l4,tgm1l4
tgm2b,tgm2b
tgm2l,tgm2l
tgm5l,tgm5l
tgm8,tgm8
th,th
thada,thada
thap1,thap1
thap11,thap11
thap12a,thap12a
thap12b,thap12b
thap3,thap3
thap4,thap4
thap7,thap7
thbd,thbd
thbs1a,thbs1a
thbs1b,thbs1b
thbs2a,thbs2a
thbs2b,thbs2b
thbs3a,thbs3a
thbs3b,thbs3b
thbs4a,thbs4a
thbs4b,thbs4b
theg,theg
thegl,thegl
them4,them4
them6,them6
themis,themis
themis2,themis2
thg1l,thg1l
thnsl2,thnsl2
thoc1,thoc1
thoc2,thoc2
thoc3,thoc3
thoc5,thoc5
thoc6,thoc6
thoc7,thoc7
thop1,thop1
thpo,thpo
thraa,thraa
thrab,thrab
thrap3a,thrap3a
thrap3b,thrap3b
thrb,thrb
thsd1,thsd1
thsd7aa,thsd7aa
thsd7ab,thsd7ab
thsd7ba,thsd7ba
thsd7bb,thsd7bb
thumpd1,thumpd1
thumpd2,thumpd2
thumpd3,thumpd3
thy1,thy1
thyn1,thyn1
tia1,tia1
tia1l,tia1l
tial1,tial1
tiam1a,tiam1a
tiam1b,tiam1b
tiam2a,tiam2a
tiam2b,tiam2b
ticam1,ticam1
ticrr,ticrr
tigara,tigara
tigarb,tigarb
timeless,timeless
timm10,timm10
timm10b,timm10b
timm13,timm13
timm17a,timm17a
timm17b,timm17b
TIMM21,TIMM21
TIMM22,TIMM22
timm23a,timm23a
timm23b,timm23b
timm29,timm29
timm44,timm44
timm50,timm50
timm8a,timm8a
timm8b,timm8b
timm9,timm9
timmdc1,timmdc1
timp2a,timp2a
timp2b,timp2b
timp4.1,timp4.1
timp4.2,timp4.2
timp4.3,timp4.3
tinagl1,tinagl1
tinf2,tinf2
tiparp,tiparp
tipin,tipin
tiprl,tiprl
tirap,tirap
tjp1a,tjp1a
tjp1b,tjp1b
tjp2a,tjp2a
tjp2b,tjp2b
tjp3,tjp3
tk1,tk1
tk2,tk2
tkfc,tkfc
tkta,tkta
tktb,tktb
tlcd1,tlcd1
tlcd2,tlcd2
tle2a,tle2a
tle2b,tle2b
tle2c,tle2c
tle3a,tle3a
tle3b,tle3b
tlk1a,tlk1a
tlk1b,tlk1b
tlk2,tlk2
tll1,tll1
tln1,tln1
tln2a,tln2a
tln2b,tln2b
tlnrd1,tlnrd1
tlr1,tlr1
tlr18,tlr18
tlr19,tlr19
tlr2,tlr2
tlr20.1,tlr20.1
tlr20.2,tlr20.2
tlr20.3,tlr20.3
tlr21,tlr21
tlr22,tlr22
tlr3,tlr3
tlr4al,tlr4al
tlr4ba,tlr4ba
tlr4bb,tlr4bb
tlr5a,tlr5a
tlr5b,tlr5b
tlr7,tlr7
tlr8a,tlr8a
tlr8b,tlr8b
tlr9,tlr9
tlx1,tlx1
tlx2,tlx2
tlx3b,tlx3b
tm2d1,tm2d1
tm2d2,tm2d2
tm2d3,tm2d3
tm4sf18,tm4sf18
TM4SF19,TM4SF19
tm4sf4,tm4sf4
tm6sf2,tm6sf2
tm7sf3,tm7sf3
tm9sf1,tm9sf1
tm9sf2,tm9sf2
tm9sf3,tm9sf3
tm9sf4,tm9sf4
tm9sf5,tm9sf5
tma7,tma7
tmbim1a,tmbim1a
tmbim1b,tmbim1b
tmbim4,tmbim4
TMC1,TMC1
tmc2a,tmc2a
tmc2b,tmc2b
tmc4,tmc4
tmc5,tmc5
tmc6a,tmc6a
tmc6b,tmc6b
tmc8,tmc8
TMCC1,TMCC1
tmcc1b,tmcc1b
tmcc2,tmcc2
tmcc3,tmcc3
tmco1,tmco1
tmco3,tmco3
tmco4,tmco4
tmco6,tmco6
tmed10,tmed10
tmed1b,tmed1b
tmed2,tmed2
tmed3,tmed3
tmed4,tmed4
tmed5,tmed5
tmed6,tmed6
tmed7,tmed7
tmed8,tmed8
tmed9,tmed9
tmeff1a,tmeff1a
tmeff1b,tmeff1b
tmeff2a,tmeff2a
tmeff2b,tmeff2b
tmem100a,tmem100a
tmem101,tmem101
tmem102,tmem102
tmem104,tmem104
tmem106a,tmem106a
tmem106ba,tmem106ba
tmem106bb,tmem106bb
tmem106c,tmem106c
tmem107l,tmem107l
tmem108,tmem108
tmem11,tmem11
tmem110l,tmem110l
TMEM114,TMEM114
tmem115,tmem115
tmem117,tmem117
tmem119a,tmem119a
tmem119b,tmem119b
tmem120a,tmem120a
tmem120b,tmem120b
tmem121aa,tmem121aa
tmem121ab,tmem121ab
tmem123,tmem123
tmem125,tmem125
tmem125b,tmem125b
tmem126a,tmem126a
tmem127,tmem127
tmem129,tmem129
tmem130,tmem130
tmem131,tmem131
tmem131l,tmem131l
TMEM132D,TMEM132D
tmem132e,tmem132e
tmem135,tmem135
tmem136a,tmem136a
tmem136b,tmem136b
tmem138,tmem138
tmem141,tmem141
tmem144b,tmem144b
tmem145,tmem145
tmem147,tmem147
tmem14ca,tmem14ca
tmem14cb,tmem14cb
tmem150aa,tmem150aa
tmem150ab,tmem150ab
tmem150c,tmem150c
tmem151ba,tmem151ba
tmem154,tmem154
tmem158,tmem158
tmem160,tmem160
tmem161a,tmem161a
tmem161b,tmem161b
tmem163a,tmem163a
tmem163b,tmem163b
TMEM164,TMEM164
tmem165,tmem165
tmem167a,tmem167a
tmem167b,tmem167b
tmem168a,tmem168a
tmem168b,tmem168b
tmem169a,tmem169a
tmem169b,tmem169b
tmem17,tmem17
tmem170a,tmem170a
tmem170b,tmem170b
tmem173,tmem173
tmem174,tmem174
tmem175,tmem175
tmem176,tmem176
tmem176l.1,tmem176l.1
tmem176l.2,tmem176l.2
tmem176l.3a,tmem176l.3a
tmem176l.3b,tmem176l.3b
tmem176l.4,tmem176l.4
tmem177,tmem177
tmem178,tmem178
tmem178b,tmem178b
tmem179,tmem179
tmem179b,tmem179b
tmem18,tmem18
tmem181,tmem181
tmem182a,tmem182a
tmem183a,tmem183a
tmem184a,tmem184a
tmem184ba,tmem184ba
tmem184bb,tmem184bb
tmem184c,tmem184c
tmem185,tmem185
tmem186,tmem186
tmem187,tmem187
tmem189,tmem189
TMEM19,TMEM19
tmem192,tmem192
TMEM196,TMEM196
tmem196b,tmem196b
tmem198a,tmem198a
tmem198b,tmem198b
tmem199,tmem199
tmem200a,tmem200a
TMEM200C,TMEM200C
tmem201,tmem201
tmem203,tmem203
tmem204,tmem204
tmem205,tmem205
TMEM208,TMEM208
tmem209,tmem209
tmem214,tmem214
TMEM216,TMEM216
tmem218,tmem218
tmem220,tmem220
tmem222a,tmem222a
tmem222b,tmem222b
tmem223,tmem223
tmem229a,tmem229a
tmem229b,tmem229b
tmem230a,tmem230a
tmem230b,tmem230b
tmem231,tmem231
tmem232,tmem232
tmem234,tmem234
tmem235,tmem235
TMEM236,TMEM236
tmem237a,tmem237a
tmem237b,tmem237b
tmem238a,tmem238a
tmem238b,tmem238b
tmem240a,tmem240a
tmem240b,tmem240b
tmem241,tmem241
tmem242,tmem242
tmem243a,tmem243a
tmem243b,tmem243b
tmem244,tmem244
tmem245,tmem245
tmem246,tmem246
tmem248,tmem248
tmem250,tmem250
tmem251,tmem251
tmem254,tmem254
tmem255a,tmem255a
tmem258,tmem258
tmem259,tmem259
tmem260,tmem260
tmem263,tmem263
tmem264,tmem264
tmem265,tmem265
tmem266,tmem266
tmem267,tmem267
tmem26b,tmem26b
tmem30aa,tmem30aa
tmem30ab,tmem30ab
tmem30b,tmem30b
tmem30c,tmem30c
tmem33,tmem33
tmem35,tmem35
tmem37,tmem37
tmem38a,tmem38a
tmem39a,tmem39a
tmem39b,tmem39b
tmem41aa,tmem41aa
tmem41ab,tmem41ab
tmem41b,tmem41b
tmem42a,tmem42a
tmem42b,tmem42b
tmem43,tmem43
tmem44,tmem44
tmem45a,tmem45a
tmem45b,tmem45b
tmem47,tmem47
tmem5,tmem5
tmem50a,tmem50a
tmem51a,tmem51a
tmem51b,tmem51b
tmem53,tmem53
tmem54a,tmem54a
tmem56a,tmem56a
tmem56b,tmem56b
tmem59,tmem59
tmem59l,tmem59l
tmem60,tmem60
tmem62,tmem62
tmem63a,tmem63a
tmem63ba,tmem63ba
tmem63bb,tmem63bb
tmem63c,tmem63c
tmem64,tmem64
tmem65,tmem65
tmem67,tmem67
tmem68,tmem68
tmem69,tmem69
tmem70,tmem70
tmem72,tmem72
tmem74,tmem74
tmem74b,tmem74b
tmem79a,tmem79a
tmem79b,tmem79b
tmem82,tmem82
tmem86a,tmem86a
tmem86b,tmem86b
TMEM87B,TMEM87B
tmem88a,tmem88a
TMEM8B,TMEM8B
tmem9,tmem9
tmem91,tmem91
tmem94,tmem94
tmem97,tmem97
tmem98,tmem98
tmem9b,tmem9b
tmf1,tmf1
tmie,tmie
tmigd1,tmigd1
tmlhe,tmlhe
tmod1,tmod1
tmod2,tmod2
tmod4,tmod4
tmpoa,tmpoa
tmpob,tmpob
tmppe,tmppe
tmprss13a,tmprss13a
tmprss13b,tmprss13b
tmprss15,tmprss15
tmprss2,tmprss2
tmprss3a,tmprss3a
tmprss3b,tmprss3b
tmprss4a,tmprss4a
tmprss4b,tmprss4b
tmprss5,tmprss5
tmprss7,tmprss7
tmprss9,tmprss9
tmsb,tmsb
tmsb1,tmsb1
tmsb2,tmsb2
tmsb4x,tmsb4x
tmsb5,tmsb5
tmtc1,tmtc1
tmtc2a,tmtc2a
tmtc2b,tmtc2b
tmtc3,tmtc3
tmtc4,tmtc4
tmtops2a,tmtops2a
tmtops2b,tmtops2b
tmtops3a,tmtops3a
tmtops3b,tmtops3b
tmtopsb,tmtopsb
tmub1,tmub1
tmub2,tmub2
tmx1,tmx1
tmx2a,tmx2a
tmx2b,tmx2b
tmx3a,tmx3a
tmx3b,tmx3b
tmx4,tmx4
tnc,tnc
tnfaip1,tnfaip1
tnfaip2a,tnfaip2a
tnfaip2b,tnfaip2b
tnfaip3,tnfaip3
tnfaip6,tnfaip6
tnfaip8l1,tnfaip8l1
tnfaip8l2b,tnfaip8l2b
tnfaip8l3,tnfaip8l3
tnfb,tnfb
tnfrsf11a,tnfrsf11a
tnfrsf11b,tnfrsf11b
tnfrsf13b,tnfrsf13b
tnfrsf18,tnfrsf18
tnfrsf19,tnfrsf19
tnfrsf1a,tnfrsf1a
tnfrsf1b,tnfrsf1b
tnfrsf21,tnfrsf21
tnfrsf9a,tnfrsf9a
tnfrsf9b,tnfrsf9b
tnfrsfa,tnfrsfa
tnfsf10,tnfsf10
tnfsf10l,tnfsf10l
tnfsf10l3,tnfsf10l3
tnfsf10l4,tnfsf10l4
tnfsf11,tnfsf11
tnfsf12,tnfsf12
tnfsf13,tnfsf13
tnfsf13b,tnfsf13b
tnfsf14,tnfsf14
tnfsf18,tnfsf18
tnika,tnika
tnikb,tnikb
tnip1,tnip1
tnip2,tnip2
tnk1,tnk1
tnk2a,tnk2a
tnk2b,tnk2b
tnks1bp1,tnks1bp1
tnksa,tnksa
tnksb,tnksb
tnmd,tnmd
tnn,tnn
tnnc1a,tnnc1a
tnnc1b,tnnc1b
tnnc2,tnnc2
tnni1b,tnni1b
tnni1c,tnni1c
tnni1d,tnni1d
tnni2a.1,tnni2a.1
tnni2a.2,tnni2a.2
tnni2a.3,tnni2a.3
tnni2a.4,tnni2a.4
tnni2b.1,tnni2b.1
tnni2b.2,tnni2b.2
tnni4a,tnni4a
tnni4b.1,tnni4b.1
tnni4b.2,tnni4b.2
tnnt1,tnnt1
tnnt2a,tnnt2a
tnnt2b,tnnt2b
tnnt2c,tnnt2c
tnnt2d,tnnt2d
tnnt2e,tnnt2e
tnnt3a,tnnt3a
tnnt3b,tnnt3b
tnpo1,tnpo1
tnpo3,tnpo3
tnr,tnr
tnrc18,tnrc18
tnrc6b,tnrc6b
tnrc6c1,tnrc6c1
tnrc6c2,tnrc6c2
tns1a,tns1a
tns1b,tns1b
tns2a,tns2a
tns2b,tns2b
tns3.2,tns3.2
tnxba,tnxba
tob1a,tob1a
tob1b,tob1b
toe1,toe1
togaram1,togaram1
tollip,tollip
tom1,tom1
tomm20a,tomm20a
tomm20b,tomm20b
tomm22,tomm22
tomm34,tomm34
tomm40,tomm40
tomm40l,tomm40l
tomm5,tomm5
tomm6,tomm6
tomm7,tomm7
tomm70a,tomm70a
tomt,tomt
tonsl,tonsl
top1,top1
top1l,top1l
top1mt,top1mt
top2a,top2a
top2b,top2b
top3a,top3a
top3b,top3b
topaz1,topaz1
topbp1,topbp1
toporsa,toporsa
toporsb,toporsb
tor1,tor1
tor1l3,tor1l3
tor2a,tor2a
tor3a,tor3a
tor4aa,tor4aa
tor4ab,tor4ab
tox,tox
tox2,tox2
tox3,tox3
tox4a,tox4a
tox4b,tox4b
tp53,tp53
tp53bp2a,tp53bp2a
tp53bp2b,tp53bp2b
tp53i11a,tp53i11a
tp53i11b,tp53i11b
TP53I3,TP53I3
tp53inp1,tp53inp1
tp53inp2,tp53inp2
tp53rk,tp53rk
tp63,tp63
tp73,tp73
tpbga,tpbga
tpbgb,tpbgb
tpbgl,tpbgl
tpcn1,tpcn1
tpcn2,tpcn2
tpcn3,tpcn3
tpd52,tpd52
tpd52l1,tpd52l1
tpd52l2a,tpd52l2a
tpd52l2b,tpd52l2b
TPGS1,TPGS1
tpgs2,tpgs2
tph1a,tph1a
tph1b,tph1b
tph2,tph2
tpi1a,tpi1a
tpi1b,tpi1b
tpk1,tpk1
tpm1,tpm1
tpm2,tpm2
tpm3,tpm3
tpm4a,tpm4a
tpm4b,tpm4b
tpma,tpma
tpmt.1,tpmt.1
tpmt.2,tpmt.2
tpo,tpo
tpp1,tpp1
tpp2,tpp2
tppp2,tppp2
tppp3,tppp3
tpra,tpra
tpra1,tpra1
tprb,tprb
tprg1,tprg1
tprg1l,tprg1l
tprkb,tprkb
tprn,tprn
tpst1,tpst1
tpst1l,tpst1l
tpst2,tpst2
tpt1,tpt1
tpte,tpte
tpx2,tpx2
tra2a,tra2a
tra2b,tra2b
trabd,trabd
trabd2b,trabd2b
tradd,tradd
tradv10.0.2,tradv10.0.2
tradv10.0.3,tradv10.0.3
tradv10.0.4,tradv10.0.4
tradv10.0.5,tradv10.0.5
tradv17.0,tradv17.0
tradv2.0.2,tradv2.0.2
tradv24.0.1,tradv24.0.1
tradv24.0.2,tradv24.0.2
tradv3.0.4,tradv3.0.4
tradv41.0,tradv41.0
tradv8.0,tradv8.0
traf1,traf1
traf2a,traf2a
traf2b,traf2b
traf3,traf3
traf3ip1,traf3ip1
traf3ip2l,traf3ip2l
traf4a,traf4a
traf4b,traf4b
traf5,traf5
traf6,traf6
traf7,traf7
trafd1,trafd1
traip,traip
traj5,traj5
trak1a,trak1a
trak2,trak2
tram1,tram1
tram2,tram2
trap1,trap1
trappc1,trappc1
trappc10,trappc10
trappc11,trappc11
trappc12,trappc12
trappc13,trappc13
trappc2l,trappc2l
trappc3,trappc3
trappc4,trappc4
trappc5,trappc5
trappc6b,trappc6b
trappc6bl,trappc6bl
trappc8,trappc8
trappc9,trappc9
trarg1a,trarg1a
trarg1b,trarg1b
trdc,trdc
trdmt1,trdmt1
treh,treh
trgv2,trgv2
trgv7,trgv7
trh,trh
trhr2,trhr2
trhra,trhra
trhrb,trhrb
triap1,triap1
trib1,trib1
trib2,trib2
trib3,trib3
tril,tril
trim101,trim101
trim105,trim105
trim107,trim107
trim108,trim108
trim109,trim109
trim110,trim110
trim13,trim13
trim16,trim16
trim23,trim23
trim24,trim24
trim25,trim25
trim25l,trim25l
trim2b,trim2b
trim32,trim32
trim33,trim33
trim33l,trim33l
trim35-1,trim35-1
trim35-10,trim35-10
trim35-12,trim35-12
trim35-13,trim35-13
trim35-19,trim35-19
trim35-20,trim35-20
trim35-22,trim35-22
trim35-23,trim35-23
trim35-24,trim35-24
trim35-25,trim35-25
trim35-27,trim35-27
trim35-28,trim35-28
trim35-3,trim35-3
trim35-30,trim35-30
trim35-31,trim35-31
trim35-33,trim35-33
trim35-34,trim35-34
trim35-39,trim35-39
trim35-40,trim35-40
trim35-7,trim35-7
trim35-9,trim35-9
trim36,trim36
trim37,trim37
trim3a,trim3a
trim3b,trim3b
trim44,trim44
trim45,trim45
trim46a,trim46a
trim46b,trim46b
trim47,trim47
trim54,trim54
trim55a,trim55a
trim55b,trim55b
trim62,trim62
trim63a,trim63a
trim63b,trim63b
trim65,trim65
trim66,trim66
TRIM67,TRIM67
trim69,trim69
trim71,trim71
trim8a,trim8a
trim8b,trim8b
trim9,trim9
trioa,trioa
triob,triob
triobpa,triobpa
triobpb,triobpb
trip10a,trip10a
trip10b,trip10b
trip11,trip11
trip12,trip12
trip13,trip13
trip4,trip4
trip6,trip6
triqk,triqk
trir,trir
trit1,trit1
trmo,trmo
trmt1,trmt1
trmt10a,trmt10a
trmt10b,trmt10b
trmt10c,trmt10c
trmt11,trmt11
trmt112,trmt112
trmt12,trmt12
trmt13,trmt13
trmt2a,trmt2a
trmt2b,trmt2b
trmt44,trmt44
trmt5,trmt5
trmt6,trmt6
trmt61a,trmt61a
trmt61b,trmt61b
trmt9b,trmt9b
trmu,trmu
trnau1apa,trnau1apa
trnau1apb,trnau1apb
trnC,trnC
trnG,trnG
trnH,trnH
trnR,trnR
trnS2,trnS2
trnt1,trnt1
trnW,trnW
trnY,trnY
trove2,trove2
trpa1a,trpa1a
trpa1b,trpa1b
trpc1,trpc1
trpc2a,trpc2a
trpc3,trpc3
trpc4a,trpc4a
trpc4apa,trpc4apa
trpc4apb,trpc4apb
trpc4b,trpc4b
trpc5a,trpc5a
trpc5b,trpc5b
trpc6a,trpc6a
trpc6b,trpc6b
trpc7a,trpc7a
trpc7b,trpc7b
trpm1a,trpm1a
trpm1b,trpm1b
trpm3,trpm3
trpm4a,trpm4a
trpm4b.2,trpm4b.2
trpm5,trpm5
trpm7,trpm7
trps1,trps1
trpt1,trpt1
trpv1,trpv1
trpv4,trpv4
trpv6,trpv6
trrap,trrap
trub1,trub1
trub2,trub2
tsc1a,tsc1a
tsc1b,tsc1b
tsc2,tsc2
tsc22d1,tsc22d1
tsc22d2,tsc22d2
tsc22d3,tsc22d3
tsen15,tsen15
tsen2,tsen2
tsen34,tsen34
tsen54,tsen54
tsfm,tsfm
tsg101a,tsg101a
tsg101b,tsg101b
tsga10,tsga10
tshr,tshr
tshz1,tshz1
tshz2,tshz2
tshz3a,tshz3a
tshz3b,tshz3b
tsku,tsku
tsn,tsn
tsnax,tsnax
tsnaxip1,tsnaxip1
tspan1,tspan1
tspan10,tspan10
tspan11,tspan11
tspan12,tspan12
tspan13a,tspan13a
tspan13b,tspan13b
tspan14,tspan14
tspan15,tspan15
tspan17,tspan17
tspan18a,tspan18a
tspan18b,tspan18b
tspan2a,tspan2a
tspan2b,tspan2b
tspan31,tspan31
tspan33a,tspan33a
tspan33b,tspan33b
tspan34,tspan34
tspan35,tspan35
tspan36,tspan36
tspan37,tspan37
tspan3a,tspan3a
tspan3b,tspan3b
tspan4a,tspan4a
tspan4b,tspan4b
tspan5b,tspan5b
tspan7,tspan7
tspan7b,tspan7b
tspan9a,tspan9a
tspan9b,tspan9b
tspeara,tspeara
tspearb,tspearb
tspo,tspo
tspoap1,tspoap1
tspy,tspy
tsr1,tsr1
tsr2,tsr2
tsr3,tsr3
tssc4,tssc4
tssk6,tssk6
TST,TST
tsta3,tsta3
TSTD1,TSTD1
ttbk1a,ttbk1a
ttbk1b,ttbk1b
ttbk2a,ttbk2a
ttbk2b,ttbk2b
ttc1,ttc1
ttc12,ttc12
ttc13,ttc13
ttc14,ttc14
ttc16,ttc16
ttc17,ttc17
ttc19,ttc19
ttc21b,ttc21b
ttc22,ttc22
ttc23,ttc23
ttc25,ttc25
ttc26,ttc26
ttc27,ttc27
TTC28,TTC28
ttc29,ttc29
ttc3,ttc3
ttc32,ttc32
ttc33,ttc33
ttc34,ttc34
ttc36,ttc36
ttc37,ttc37
ttc38,ttc38
ttc39a,ttc39a
ttc39b,ttc39b
ttc39c,ttc39c
ttc4,ttc4
ttc41,ttc41
ttc5,ttc5
ttc6,ttc6
ttc7a,ttc7a
ttc7b,ttc7b
TTC9,TTC9
ttc9b,ttc9b
ttc9c,ttc9c
ttf1,ttf1
ttf2,ttf2
tti1,tti1
tti2,tti2
ttk,ttk
ttl,ttl
ttll1,ttll1
ttll10,ttll10
ttll11,ttll11
ttll12,ttll12
ttll2,ttll2
ttll3,ttll3
ttll4,ttll4
ttll5,ttll5
ttll6,ttll6
ttll7,ttll7
ttll9,ttll9
ttn.1,ttn.1
ttn.2,ttn.2
ttpa,ttpa
ttpal,ttpal
ttr,ttr
ttyh1,ttyh1
ttyh2,ttyh2
ttyh3a,ttyh3a
ttyh3b,ttyh3b
tub,tub
tuba1a,tuba1a
tuba1b,tuba1b
tuba1c,tuba1c
tuba2,tuba2
tuba4l,tuba4l
tuba7l,tuba7l
tuba8l,tuba8l
tuba8l2,tuba8l2
tuba8l3,tuba8l3
tuba8l4,tuba8l4
tubb1,tubb1
tubb2,tubb2
tubb2b,tubb2b
tubb4b,tubb4b
tubb5,tubb5
tubb6,tubb6
tubd1,tubd1
tube1,tube1
tubg1,tubg1
tubgcp2,tubgcp2
tubgcp3,tubgcp3
tubgcp4,tubgcp4
tubgcp5,tubgcp5
tufm,tufm
tuft1a,tuft1a
tuft1b,tuft1b
TULP1,TULP1
tulp1a,tulp1a
tulp1b,tulp1b
tulp4a,tulp4a
tulp4b,tulp4b
tusc2a,tusc2a
tusc2b,tusc2b
tusc3,tusc3
tut1,tut1
tut4,tut4
tvp23b,tvp23b
twf1a,twf1a
twf1b,twf1b
twf2a,twf2a
twf2b,twf2b
twist1a,twist1a
twist1b,twist1b
twist2,twist2
twistnb,twistnb
twnk,twnk
twsg1a,twsg1a
twsg1b,twsg1b
txk,txk
txlna,txlna
txlnba,txlnba
txlnbb,txlnbb
txlng,txlng
txn2,txn2
txndc11,txndc11
txndc12,txndc12
txndc15,txndc15
txndc16,txndc16
txndc17,txndc17
txndc9,txndc9
txnipa,txnipa
txnipb,txnipb
txnl1,txnl1
txnl4a,txnl4a
txnl4b,txnl4b
txnrd2.2,txnrd2.2
txnrd3,txnrd3
tyk2,tyk2
tymp,tymp
tyms,tyms
tyr,tyr
tyro3,tyro3
tyrobp,tyrobp
tyrp1a,tyrp1a
tysnd1,tysnd1
tyw1,tyw1
tyw3,tyw3
tyw5,tyw5
u2af1,u2af1
u2af2a,u2af2a
u2af2b,u2af2b
u2surp,u2surp
uacaa,uacaa
uacab,uacab
uap1,uap1
uap1l1,uap1l1
uba1,uba1
uba2,uba2
uba3,uba3
uba5,uba5
uba52,uba52
UBA6,UBA6
uba7,uba7
ubac1,ubac1
ubac2,ubac2
ubald1a,ubald1a
ubald1b,ubald1b
ubald2,ubald2
ubap1,ubap1
ubap1la,ubap1la
ubap2a,ubap2a
ubap2b,ubap2b
ubap2l,ubap2l
ubash3ba,ubash3ba
ubash3bb,ubash3bb
ubb,ubb
ubc,ubc
ube2a,ube2a
ube2al,ube2al
ube2b,ube2b
ube2c,ube2c
ube2d1a,ube2d1a
ube2d1b,ube2d1b
ube2d2,ube2d2
ube2d2l,ube2d2l
ube2d3,ube2d3
ube2d4,ube2d4
ube2e1,ube2e1
ube2e2,ube2e2
ube2e3,ube2e3
ube2f,ube2f
ube2g1a,ube2g1a
ube2g1b,ube2g1b
ube2g2,ube2g2
ube2h,ube2h
ube2ia,ube2ia
ube2ib,ube2ib
ube2j1,ube2j1
ube2j2,ube2j2
ube2ka,ube2ka
ube2kb,ube2kb
ube2l3a,ube2l3a
ube2l3b,ube2l3b
UBE2M,UBE2M
ube2na,ube2na
ube2nb,ube2nb
UBE2O,UBE2O
ube2q1,ube2q1
ube2q2,ube2q2
ube2ql1,ube2ql1
ube2r2,ube2r2
ube2s,ube2s
ube2t,ube2t
ube2v1,ube2v1
ube2v2,ube2v2
ube2w,ube2w
ube2z,ube2z
ube3a,ube3a
ube3b,ube3b
ube3c,ube3c
ube3d,ube3d
ube4a,ube4a
ube4b,ube4b
ubfd1,ubfd1
ubiad1,ubiad1
ubl3a,ubl3a
ubl3b,ubl3b
UBL4A,UBL4A
ubl7a,ubl7a
ubl7b,ubl7b
ubn1,ubn1
ubn2a,ubn2a
ubn2b,ubn2b
ubox5,ubox5
ubp1,ubp1
ubqln4,ubqln4
ubr1,ubr1
ubr2,ubr2
ubr3,ubr3
ubr4,ubr4
ubr5,ubr5
ubr7,ubr7
ubtd1a,ubtd1a
ubtd1b,ubtd1b
ubtd2,ubtd2
ubtf,ubtf
ubtfl,ubtfl
ubxn1,ubxn1
ubxn10,ubxn10
ubxn11,ubxn11
ubxn2a,ubxn2a
ubxn4,ubxn4
ubxn6,ubxn6
ubxn7,ubxn7
ubxn8,ubxn8
uchl1,uchl1
uchl3,uchl3
uchl5,uchl5
uck1,uck1
uck2a,uck2a
uck2b,uck2b
uckl1a,uckl1a
uckl1b,uckl1b
ucmaa,ucmaa
ucn3l,ucn3l
ucp1,ucp1
ucp2,ucp2
ucp3,ucp3
uevld,uevld
ufc1,ufc1
ufd1l,ufd1l
ufl1,ufl1
ufm1,ufm1
ufsp1,ufsp1
ufsp2,ufsp2
ugcg,ugcg
uggt1,uggt1
uggt2,uggt2
ugp2a,ugp2a
ugp2b,ugp2b
ugt1a7,ugt1a7
ugt1b1,ugt1b1
ugt1b5,ugt1b5
ugt1b6p,ugt1b6p
ugt1b7,ugt1b7
ugt2a2,ugt2a2
ugt2a3,ugt2a3
ugt2a5,ugt2a5
ugt2a6,ugt2a6
ugt2a7,ugt2a7
ugt5a1,ugt5a1
ugt5a2,ugt5a2
ugt5a4,ugt5a4
ugt5b1,ugt5b1
ugt5b2,ugt5b2
ugt5b3,ugt5b3
ugt5b4,ugt5b4
ugt5b5,ugt5b5
ugt5c2,ugt5c2
ugt5c3,ugt5c3
ugt5d1,ugt5d1
ugt5e1,ugt5e1
ugt5f1,ugt5f1
ugt5g1,ugt5g1
ugt5g2,ugt5g2
ugt8,ugt8
uhmk1,uhmk1
uhrf1,uhrf1
uhrf1bp1,uhrf1bp1
uhrf1bp1l,uhrf1bp1l
ulk1a,ulk1a
ulk2,ulk2
ulk3,ulk3
ulk4,ulk4
umad1,umad1
umodl1,umodl1
umps,umps
unc119.1,unc119.1
unc119.2,unc119.2
unc119a,unc119a
unc119b,unc119b
UNC13A,UNC13A
UNC13B,UNC13B
unc13ba,unc13ba
unc13c,unc13c
unc13d,unc13d
unc45a,unc45a
unc50,unc50
unc5a,unc5a
unc5b,unc5b
unc5c,unc5c
unc5da,unc5da
unc5db,unc5db
unc80,unc80
unc93a,unc93a
unc93b1,unc93b1
uncx,uncx
uncx4.1,uncx4.1
unga,unga
ungb,ungb
unk,unk
unkl,unkl
unm-hu7910,unm-hu7910
unm-hu7912,unm-hu7912
unm-sa1261,unm-sa1261
unm-sa1614,unm-sa1614
unm-sa808,unm-sa808
unm-sa821,unm-sa821
unm-sa911,unm-sa911
uox,uox
upb1,upb1
upf1,upf1
upf3a,upf3a
upf3b,upf3b
upk1a,upk1a
upk3b,upk3b
upp1,upp1
uprt,uprt
uqcc1,uqcc1
uqcc2,uqcc2
uqcc3,uqcc3
uqcr10,uqcr10
uqcrb,uqcrb
uqcrc1,uqcrc1
uqcrc2a,uqcrc2a
uqcrc2b,uqcrc2b
uqcrfs1,uqcrfs1
uqcrh,uqcrh
uqcrq,uqcrq
urad,urad
uraha,uraha
urahb,urahb
urb1,urb1
urb2,urb2
urgcp,urgcp
uri1,uri1
urm1,urm1
uroc1,uroc1
urod,urod
uros,uros
urp1,urp1
urp2,urp2
usb1,usb1
use1,use1
usf1,usf1
usf1l,usf1l
usf2,usf2
usf3,usf3
ush1c,ush1c
ush1ga,ush1ga
ush1gb,ush1gb
ush2a,ush2a
ushbp1,ushbp1
uso1,uso1
usp1,usp1
usp10,usp10
usp11,usp11
usp12a,usp12a
usp12b,usp12b
usp13,usp13
usp14,usp14
usp16,usp16
usp18,usp18
usp19,usp19
usp20,usp20
usp21,usp21
usp22,usp22
usp24,usp24
usp25,usp25
usp28,usp28
usp2a,usp2a
usp2b,usp2b
usp3,usp3
usp30,usp30
usp31,usp31
usp32,usp32
usp33,usp33
USP34,USP34
usp36,usp36
usp37,usp37
usp38,usp38
usp39,usp39
usp4,usp4
usp40,usp40
usp42,usp42
usp43a,usp43a
usp44,usp44
usp45,usp45
usp46,usp46
usp47,usp47
usp48,usp48
usp49,usp49
usp5,usp5
USP53,USP53
usp53b,usp53b
usp54a,usp54a
usp54b,usp54b
usp6nl,usp6nl
usp7,usp7
usp8,usp8
usp9,usp9
uspl1,uspl1
UST,UST
utp11l,utp11l
UTP14C,UTP14C
utp15,utp15
utp20,utp20
utp23,utp23
utp25,utp25
utp3,utp3
utp4,utp4
utp6,utp6
utrn,utrn
uts1,uts1
uts2b,uts2b
uts2d,uts2d
uvrag,uvrag
uvssa,uvssa
uxs1,uxs1
uxt,uxt
v2ra1,v2ra1
v2ra17,v2ra17
v2rc1,v2rc1
v2rc2,v2rc2
v2rh1,v2rh1
v2rh12,v2rh12
v2rh7,v2rh7
vac14,vac14
valopa,valopa
valopb,valopb
vamp1,vamp1
vamp2,vamp2
vamp3,vamp3
vamp4,vamp4
vamp5,vamp5
vamp8,vamp8
vangl1,vangl1
vangl2,vangl2
vapal,vapal
vapb,vapb
vars,vars
vars2,vars2
VASH1,VASH1
vash2,vash2
vasna,vasna
vasnb,vasnb
vaspa,vaspa
vaspb,vaspb
vat1,vat1
vat1l,vat1l
vav2,vav2
vav3,vav3
vax1,vax1
vbp1,vbp1
vcam1a,vcam1a
vcam1b,vcam1b
vcana,vcana
vcanb,vcanb
vcla,vcla
vclb,vclb
vcp,vcp
vcpip1,vcpip1
vcpkmt,vcpkmt
vdac1,vdac1
vdac2,vdac2
vdac3,vdac3
vdra,vdra
vdrb,vdrb
ved,ved
vegfaa,vegfaa
vegfab,vegfab
vegfba,vegfba
vegfbb,vegfbb
vegfc,vegfc
vegfd,vegfd
vent,vent
veph1,veph1
vezf1a,vezf1a
vezf1b,vezf1b
vezt,vezt
vgf,vgf
vgll2a,vgll2a
vgll2b,vgll2b
vgll3,vgll3
vgll4a,vgll4a
vgll4b,vgll4b
vgll4l,vgll4l
vhl,vhl
vhll,vhll
vil1,vil1
vill,vill
viml,viml
vimr1,vimr1
vimr2,vimr2
vip,vip
vipas39,vipas39
vipb,vipb
vipr1a,vipr1a
vipr1b,vipr1b
vipr2,vipr2
virma,virma
VIT,VIT
vkorc1,vkorc1
vkorc1l1,vkorc1l1
vldlr,vldlr
vma21,vma21
vmac,vmac
vmo1a,vmo1a
vmo1b,vmo1b
vmp1,vmp1
vopp1,vopp1
vox,vox
vps11,vps11
vps13a,vps13a
vps13c,vps13c
vps13d,vps13d
vps16,vps16
vps18,vps18
vps25,vps25
vps26a,vps26a
vps26b,vps26b
vps26bl,vps26bl
vps26c,vps26c
vps28,vps28
vps29,vps29
vps33a,vps33a
vps33b,vps33b
vps35,vps35
vps35l,vps35l
vps36,vps36
vps37a,vps37a
vps37b,vps37b
vps37c,vps37c
vps39,vps39
vps41,vps41
vps45,vps45
vps4a,vps4a
vps4b,vps4b
vps50,vps50
vps51,vps51
vps52,vps52
vps53,vps53
vps54,vps54
vps72a,vps72a
vps72b,vps72b
vps8,vps8
vps9d1,vps9d1
vrk1,vrk1
vrk2,vrk2
vrk3,vrk3
vrtn,vrtn
vsig10,vsig10
vsig10l,vsig10l
vsig10l2,vsig10l2
vsig8a,vsig8a
vsig8b,vsig8b
vsir,vsir
vsnl1a,vsnl1a
vsnl1b,vsnl1b
VSTM2A,VSTM2A
VSTM2B,VSTM2B
vstm2l,vstm2l
vstm4a,vstm4a
vstm4b,vstm4b
vsx1,vsx1
vsx2,vsx2
vta1,vta1
vtcn1,vtcn1
vtg1,vtg1
vtg2,vtg2
vtg3,vtg3
vti1a,vti1a
vti1b,vti1b
vtna,vtna
vtnb,vtnb
vwa1,vwa1
vwa10.1,vwa10.1
vwa10.2,vwa10.2
vwa11,vwa11
vwa2,vwa2
vwa3a,vwa3a
vwa5b1,vwa5b1
vwa5b2,vwa5b2
vwa7,vwa7
vwa8,vwa8
vwde,vwde
vwf,vwf
waca,waca
wacb,wacb
waif2,waif2
wapla,wapla
waplb,waplb
wars,wars
wars2,wars2
wasa,wasa
wasb,wasb
wasf1,wasf1
wasf2,wasf2
wasf3a,wasf3a
wasf3b,wasf3b
wash1,wash1
washc2c,washc2c
washc3,washc3
washc4,washc4
washc5,washc5
wasla,wasla
waslb,waslb
wbp1,wbp1
wbp1la,wbp1la
wbp1lb,wbp1lb
wbp2,wbp2
wbp2nl,wbp2nl
wbp4,wbp4
wdcp,wdcp
wdfy1,wdfy1
wdfy2,wdfy2
wdfy3,wdfy3
wdfy4,wdfy4
wdhd1,wdhd1
wdpcp,wdpcp
wdr1,wdr1
wdr11,wdr11
wdr12,wdr12
wdr13,wdr13
wdr17,wdr17
wdr18,wdr18
wdr19,wdr19
wdr20a,wdr20a
wdr20b,wdr20b
wdr24,wdr24
wdr26a,wdr26a
wdr26b,wdr26b
wdr27,wdr27
wdr3,wdr3
WDR31,WDR31
wdr32,wdr32
wdr33,wdr33
wdr34,wdr34
wdr35,wdr35
wdr36,wdr36
wdr37,wdr37
wdr4,wdr4
wdr41,wdr41
wdr43,wdr43
wdr44,wdr44
wdr45,wdr45
wdr45b,wdr45b
wdr46,wdr46
wdr47a,wdr47a
wdr47b,wdr47b
wdr48a,wdr48a
wdr48b,wdr48b
wdr5,wdr5
wdr53,wdr53
wdr54,wdr54
wdr55,wdr55
wdr59,wdr59
wdr6,wdr6
wdr60,wdr60
wdr61,wdr61
wdr62,wdr62
WDR63,WDR63
wdr66,wdr66
WDR7,WDR7
WDR70,WDR70
wdr73,wdr73
wdr74,wdr74
wdr75,wdr75
wdr76,wdr76
wdr78,wdr78
wdr81,wdr81
wdr82,wdr82
wdr83,wdr83
wdr83os,wdr83os
wdr89,wdr89
wdr90,wdr90
wdr91,wdr91
wdr92,wdr92
wdr93,wdr93
wdr95,wdr95
wdsub1,wdsub1
wdtc1,wdtc1
wdyhv1,wdyhv1
wee1,wee1
wee2,wee2
wfdc1,wfdc1
wfdc2,wfdc2
wfikkn1,wfikkn1
wfikkn2a,wfikkn2a
wfikkn2b,wfikkn2b
wfs1a,wfs1a
wfs1b,wfs1b
whrna,whrna
whrnb,whrnb
wif1,wif1
wipf1a,wipf1a
wipf1b,wipf1b
wipf2a,wipf2a
wipf2b,wipf2b
wipi1,wipi1
wipi2,wipi2
wisp1b,wisp1b
wisp2,wisp2
wisp3,wisp3
wls,wls
wnk1a,wnk1a
wnk1b,wnk1b
wnk2,wnk2
wnk4b,wnk4b
wnt1,wnt1
wnt10a,wnt10a
wnt10b,wnt10b
wnt11f2,wnt11f2
wnt11r,wnt11r
wnt16,wnt16
wnt2,wnt2
wnt2ba,wnt2ba
wnt2bb,wnt2bb
wnt3,wnt3
wnt3a,wnt3a
wnt5a,wnt5a
wnt5b,wnt5b
wnt6a,wnt6a
wnt6b,wnt6b
wnt7aa,wnt7aa
wnt7ab,wnt7ab
wnt7ba,wnt7ba
wnt7bb,wnt7bb
wnt8b,wnt8b
wnt9a,wnt9a
wnt9b,wnt9b
wrap53,wrap53
wrap73,wrap73
wrb,wrb
wrn,wrn
wrnip1,wrnip1
wsb1,wsb1
wsb2,wsb2
WSCD1,WSCD1
wscd1b,wscd1b
wscd2,wscd2
wt1a,wt1a
wt1b,wt1b
wtap,wtap
wtip,wtip
wu:fa03e10,wufa03e10
wu:fa05b01,wufa05b01
wu:fa19b12,wufa19b12
wu:fa56d06,wufa56d06
wu:fb05h10,wufb05h10
wu:fb16f03,wufb16f03
wu:fb18f06,wufb18f06
wu:fb55g09,wufb55g09
wu:fb59d01,wufb59d01
wu:fb63a08,wufb63a08
wu:fb64b08,wufb64b08
wu:fb74b10,wufb74b10
wu:fb97g03,wufb97g03
wu:fc01d11,wufc01d11
wu:fc17b08,wufc17b08
wu:fc21g02,wufc21g02
wu:fc23c09,wufc23c09
wu:fc27b11,wufc27b11
wu:fc30c06,wufc30c06
wu:fc38h03,wufc38h03
wu:fc75a09,wufc75a09
wu:fe05a04,wufe05a04
wu:fe17e08,wufe17e08
wu:fi04e12,wufi04e12
wu:fi34b01,wufi34b01
wu:fi36c02,wufi36c02
wu:fi37e09,wufi37e09
wu:fi42e03,wufi42e03
wu:fi46h04,wufi46h04
wu:fi75a02,wufi75a02
wu:fj05g07,wufj05g07
wu:fj11g02,wufj11g02
wu:fj13e08,wufj13e08
wu:fj16a03,wufj16a03
wu:fj19g03,wufj19g03
wu:fj29h11,wufj29h11
wu:fj39g12,wufj39g12
wu:fj49a02,wufj49a02
wu:fj64h06,wufj64h06
wu:fk65c09,wufk65c09
wu:fu71h07,wufu71h07
wwc1,wwc1
wwc3,wwc3
wwox,wwox
wwp1,wwp1
wwp2,wwp2
wwtr1,wwtr1
xab2,xab2
xaf1,xaf1
xbp1,xbp1
xcl32a.1,xcl32a.1
xcr1a.1,xcr1a.1
xdh,xdh
xgb,xgb
xiap,xiap
xirp1,xirp1
xirp2a,xirp2a
xirp2b,xirp2b
xk,xk
XKR4,XKR4
xkr5a,xkr5a
xkr5b,xkr5b
xkr6a,xkr6a
xkr6b,xkr6b
xkr7,xkr7
xkr8.2,xkr8.2
xkr8.3,xkr8.3
xkr9,xkr9
xkrx,xkrx
XLOC-000086,XLOC-000086
XLOC-000210,XLOC-000210
XLOC-000293,XLOC-000293
XLOC-000322,XLOC-000322
XLOC-000324,XLOC-000324
XLOC-000326,XLOC-000326
XLOC-000339,XLOC-000339
XLOC-000341,XLOC-000341
XLOC-000342,XLOC-000342
XLOC-000367,XLOC-000367
XLOC-000380,XLOC-000380
XLOC-000431,XLOC-000431
XLOC-000439,XLOC-000439
XLOC-000449,XLOC-000449
XLOC-000490,XLOC-000490
XLOC-000527,XLOC-000527
XLOC-000597,XLOC-000597
XLOC-000598,XLOC-000598
XLOC-000666,XLOC-000666
XLOC-000667,XLOC-000667
XLOC-000879,XLOC-000879
XLOC-000910,XLOC-000910
XLOC-000936,XLOC-000936
XLOC-000941,XLOC-000941
XLOC-000946,XLOC-000946
XLOC-000947,XLOC-000947
XLOC-001102,XLOC-001102
XLOC-001113,XLOC-001113
XLOC-001115,XLOC-001115
XLOC-001155,XLOC-001155
XLOC-001247,XLOC-001247
XLOC-001283,XLOC-001283
XLOC-001294,XLOC-001294
XLOC-001298,XLOC-001298
XLOC-001318,XLOC-001318
XLOC-001352,XLOC-001352
XLOC-001364,XLOC-001364
XLOC-001374,XLOC-001374
XLOC-001375,XLOC-001375
XLOC-001430,XLOC-001430
XLOC-001437,XLOC-001437
XLOC-001482,XLOC-001482
XLOC-001600,XLOC-001600
XLOC-001601,XLOC-001601
XLOC-001602,XLOC-001602
XLOC-001603,XLOC-001603
XLOC-001638,XLOC-001638
XLOC-001639,XLOC-001639
XLOC-001683,XLOC-001683
XLOC-001707,XLOC-001707
XLOC-001742,XLOC-001742
XLOC-001767,XLOC-001767
XLOC-001835,XLOC-001835
XLOC-001964,XLOC-001964
XLOC-001974,XLOC-001974
XLOC-001975,XLOC-001975
XLOC-001992,XLOC-001992
XLOC-002129,XLOC-002129
XLOC-002188,XLOC-002188
XLOC-002207,XLOC-002207
XLOC-002233,XLOC-002233
XLOC-002238,XLOC-002238
XLOC-002305,XLOC-002305
XLOC-002408,XLOC-002408
XLOC-002411,XLOC-002411
XLOC-002422,XLOC-002422
XLOC-002452,XLOC-002452
XLOC-002521,XLOC-002521
XLOC-002533,XLOC-002533
XLOC-002539,XLOC-002539
XLOC-002540,XLOC-002540
XLOC-002555,XLOC-002555
XLOC-002557,XLOC-002557
XLOC-002610,XLOC-002610
XLOC-002618,XLOC-002618
XLOC-002638,XLOC-002638
XLOC-002640,XLOC-002640
XLOC-002654,XLOC-002654
XLOC-002665,XLOC-002665
XLOC-002671,XLOC-002671
XLOC-002688,XLOC-002688
XLOC-002710,XLOC-002710
XLOC-002763,XLOC-002763
XLOC-002816,XLOC-002816
XLOC-002869,XLOC-002869
XLOC-002952,XLOC-002952
XLOC-003052,XLOC-003052
XLOC-003053,XLOC-003053
XLOC-003075,XLOC-003075
XLOC-003082,XLOC-003082
XLOC-003084,XLOC-003084
XLOC-003136,XLOC-003136
XLOC-003138,XLOC-003138
XLOC-003147,XLOC-003147
XLOC-003357,XLOC-003357
XLOC-003375,XLOC-003375
XLOC-003395,XLOC-003395
XLOC-003396,XLOC-003396
XLOC-003453,XLOC-003453
XLOC-003548,XLOC-003548
XLOC-003625,XLOC-003625
XLOC-003642,XLOC-003642
XLOC-003678,XLOC-003678
XLOC-003685,XLOC-003685
XLOC-003689,XLOC-003689
XLOC-003690,XLOC-003690
XLOC-003692,XLOC-003692
XLOC-003718,XLOC-003718
XLOC-003903,XLOC-003903
XLOC-003984,XLOC-003984
XLOC-004006,XLOC-004006
XLOC-004014,XLOC-004014
XLOC-004016,XLOC-004016
XLOC-004018,XLOC-004018
XLOC-004036,XLOC-004036
XLOC-004037,XLOC-004037
XLOC-004075,XLOC-004075
XLOC-004081,XLOC-004081
XLOC-004189,XLOC-004189
XLOC-004195,XLOC-004195
XLOC-004280,XLOC-004280
XLOC-004335,XLOC-004335
XLOC-004357,XLOC-004357
XLOC-004390,XLOC-004390
XLOC-004407,XLOC-004407
XLOC-004408,XLOC-004408
XLOC-004482,XLOC-004482
XLOC-004483,XLOC-004483
XLOC-004519,XLOC-004519
XLOC-004546,XLOC-004546
XLOC-004547,XLOC-004547
XLOC-004556,XLOC-004556
XLOC-004567,XLOC-004567
XLOC-004568,XLOC-004568
XLOC-004589,XLOC-004589
XLOC-004644,XLOC-004644
XLOC-004652,XLOC-004652
XLOC-004668,XLOC-004668
XLOC-004681,XLOC-004681
XLOC-004682,XLOC-004682
XLOC-004729,XLOC-004729
XLOC-004796,XLOC-004796
XLOC-004843,XLOC-004843
XLOC-004872,XLOC-004872
XLOC-004886,XLOC-004886
XLOC-004932,XLOC-004932
XLOC-004936,XLOC-004936
XLOC-004944,XLOC-004944
XLOC-004959,XLOC-004959
XLOC-004987,XLOC-004987
XLOC-004991,XLOC-004991
XLOC-004994,XLOC-004994
XLOC-004998,XLOC-004998
XLOC-005048,XLOC-005048
XLOC-005083,XLOC-005083
XLOC-005124,XLOC-005124
XLOC-005140,XLOC-005140
XLOC-005179,XLOC-005179
XLOC-005199,XLOC-005199
XLOC-005215,XLOC-005215
XLOC-005216,XLOC-005216
XLOC-005257,XLOC-005257
XLOC-005272,XLOC-005272
XLOC-005276,XLOC-005276
XLOC-005294,XLOC-005294
XLOC-005350,XLOC-005350
XLOC-005357,XLOC-005357
XLOC-005432,XLOC-005432
XLOC-005442,XLOC-005442
XLOC-005580,XLOC-005580
XLOC-005605,XLOC-005605
XLOC-005612,XLOC-005612
XLOC-005615,XLOC-005615
XLOC-005677,XLOC-005677
XLOC-005726,XLOC-005726
XLOC-005727,XLOC-005727
XLOC-005769,XLOC-005769
XLOC-005779,XLOC-005779
XLOC-005794,XLOC-005794
XLOC-005865,XLOC-005865
XLOC-005893,XLOC-005893
XLOC-005894,XLOC-005894
XLOC-005905,XLOC-005905
XLOC-005982,XLOC-005982
XLOC-005983,XLOC-005983
XLOC-006152,XLOC-006152
XLOC-006197,XLOC-006197
XLOC-006258,XLOC-006258
XLOC-006268,XLOC-006268
XLOC-006273,XLOC-006273
XLOC-006282,XLOC-006282
XLOC-006295,XLOC-006295
XLOC-006316,XLOC-006316
XLOC-006319,XLOC-006319
XLOC-006330,XLOC-006330
XLOC-006345,XLOC-006345
XLOC-006367,XLOC-006367
XLOC-006508,XLOC-006508
XLOC-006515,XLOC-006515
XLOC-006525,XLOC-006525
XLOC-006561,XLOC-006561
XLOC-006573,XLOC-006573
XLOC-006609,XLOC-006609
XLOC-006630,XLOC-006630
XLOC-006820,XLOC-006820
XLOC-006824,XLOC-006824
XLOC-006827,XLOC-006827
XLOC-006868,XLOC-006868
XLOC-006988,XLOC-006988
XLOC-006989,XLOC-006989
XLOC-007006,XLOC-007006
XLOC-007007,XLOC-007007
XLOC-007078,XLOC-007078
XLOC-007138,XLOC-007138
XLOC-007141,XLOC-007141
XLOC-007145,XLOC-007145
XLOC-007146,XLOC-007146
XLOC-007147,XLOC-007147
XLOC-007169,XLOC-007169
XLOC-007193,XLOC-007193
XLOC-007195,XLOC-007195
XLOC-007199,XLOC-007199
XLOC-007224,XLOC-007224
XLOC-007225,XLOC-007225
XLOC-007238,XLOC-007238
XLOC-007245,XLOC-007245
XLOC-007246,XLOC-007246
XLOC-007275,XLOC-007275
XLOC-007299,XLOC-007299
XLOC-007300,XLOC-007300
XLOC-007364,XLOC-007364
XLOC-007466,XLOC-007466
XLOC-007488,XLOC-007488
XLOC-007509,XLOC-007509
XLOC-007518,XLOC-007518
XLOC-007520,XLOC-007520
XLOC-007524,XLOC-007524
XLOC-007530,XLOC-007530
XLOC-007541,XLOC-007541
XLOC-007556,XLOC-007556
XLOC-007662,XLOC-007662
XLOC-007663,XLOC-007663
XLOC-007664,XLOC-007664
XLOC-007665,XLOC-007665
XLOC-007704,XLOC-007704
XLOC-007706,XLOC-007706
XLOC-007707,XLOC-007707
XLOC-007709,XLOC-007709
XLOC-007711,XLOC-007711
XLOC-007715,XLOC-007715
XLOC-007764,XLOC-007764
XLOC-007768,XLOC-007768
XLOC-007771,XLOC-007771
XLOC-007853,XLOC-007853
XLOC-007906,XLOC-007906
XLOC-007977,XLOC-007977
XLOC-008016,XLOC-008016
XLOC-008029,XLOC-008029
XLOC-008086,XLOC-008086
XLOC-008101,XLOC-008101
XLOC-008110,XLOC-008110
XLOC-008119,XLOC-008119
XLOC-008184,XLOC-008184
XLOC-008185,XLOC-008185
XLOC-008202,XLOC-008202
XLOC-008233,XLOC-008233
XLOC-008269,XLOC-008269
XLOC-008303,XLOC-008303
XLOC-008367,XLOC-008367
XLOC-008391,XLOC-008391
XLOC-008420,XLOC-008420
XLOC-008475,XLOC-008475
XLOC-008494,XLOC-008494
XLOC-008507,XLOC-008507
XLOC-008601,XLOC-008601
XLOC-008602,XLOC-008602
XLOC-008680,XLOC-008680
XLOC-008693,XLOC-008693
XLOC-008708,XLOC-008708
XLOC-008734,XLOC-008734
XLOC-008781,XLOC-008781
XLOC-008804,XLOC-008804
XLOC-008823,XLOC-008823
XLOC-008912,XLOC-008912
XLOC-008935,XLOC-008935
XLOC-008993,XLOC-008993
XLOC-009121,XLOC-009121
XLOC-009257,XLOC-009257
XLOC-009496,XLOC-009496
XLOC-009525,XLOC-009525
XLOC-009527,XLOC-009527
XLOC-009548,XLOC-009548
XLOC-009550,XLOC-009550
XLOC-009557,XLOC-009557
XLOC-009562,XLOC-009562
XLOC-009608,XLOC-009608
XLOC-009622,XLOC-009622
XLOC-009629,XLOC-009629
XLOC-009640,XLOC-009640
XLOC-009781,XLOC-009781
XLOC-009783,XLOC-009783
XLOC-009784,XLOC-009784
XLOC-009785,XLOC-009785
XLOC-009786,XLOC-009786
XLOC-009787,XLOC-009787
XLOC-009807,XLOC-009807
XLOC-009815,XLOC-009815
XLOC-009819,XLOC-009819
XLOC-009823,XLOC-009823
XLOC-009862,XLOC-009862
XLOC-009917,XLOC-009917
XLOC-009918,XLOC-009918
XLOC-009919,XLOC-009919
XLOC-009948,XLOC-009948
XLOC-009967,XLOC-009967
XLOC-010012,XLOC-010012
XLOC-010030,XLOC-010030
XLOC-010033,XLOC-010033
XLOC-010093,XLOC-010093
XLOC-010131,XLOC-010131
XLOC-010184,XLOC-010184
XLOC-010242,XLOC-010242
XLOC-010247,XLOC-010247
XLOC-010286,XLOC-010286
XLOC-010289,XLOC-010289
XLOC-010328,XLOC-010328
XLOC-010337,XLOC-010337
XLOC-010379,XLOC-010379
XLOC-010435,XLOC-010435
XLOC-010458,XLOC-010458
XLOC-010543,XLOC-010543
XLOC-010544,XLOC-010544
XLOC-010548,XLOC-010548
XLOC-010592,XLOC-010592
XLOC-010593,XLOC-010593
XLOC-010723,XLOC-010723
XLOC-010731,XLOC-010731
XLOC-010795,XLOC-010795
XLOC-010875,XLOC-010875
XLOC-010897,XLOC-010897
XLOC-010898,XLOC-010898
XLOC-010899,XLOC-010899
XLOC-010908,XLOC-010908
XLOC-011020,XLOC-011020
XLOC-011085,XLOC-011085
XLOC-011092,XLOC-011092
XLOC-011107,XLOC-011107
XLOC-011121,XLOC-011121
XLOC-011126,XLOC-011126
XLOC-011133,XLOC-011133
XLOC-011153,XLOC-011153
XLOC-011160,XLOC-011160
XLOC-011190,XLOC-011190
XLOC-011211,XLOC-011211
XLOC-011266,XLOC-011266
XLOC-011272,XLOC-011272
XLOC-011414,XLOC-011414
XLOC-011415,XLOC-011415
XLOC-011416,XLOC-011416
XLOC-011417,XLOC-011417
XLOC-011450,XLOC-011450
XLOC-011522,XLOC-011522
XLOC-011600,XLOC-011600
XLOC-011673,XLOC-011673
XLOC-011687,XLOC-011687
XLOC-011709,XLOC-011709
XLOC-011723,XLOC-011723
XLOC-011738,XLOC-011738
XLOC-011780,XLOC-011780
XLOC-011835,XLOC-011835
XLOC-011850,XLOC-011850
XLOC-011871,XLOC-011871
XLOC-011873,XLOC-011873
XLOC-011878,XLOC-011878
XLOC-011900,XLOC-011900
XLOC-011909,XLOC-011909
XLOC-011916,XLOC-011916
XLOC-011926,XLOC-011926
XLOC-011941,XLOC-011941
XLOC-011949,XLOC-011949
XLOC-011956,XLOC-011956
XLOC-011976,XLOC-011976
XLOC-012207,XLOC-012207
XLOC-012358,XLOC-012358
XLOC-012390,XLOC-012390
XLOC-012410,XLOC-012410
XLOC-012418,XLOC-012418
XLOC-012502,XLOC-012502
XLOC-012561,XLOC-012561
XLOC-012571,XLOC-012571
XLOC-012572,XLOC-012572
XLOC-012652,XLOC-012652
XLOC-012657,XLOC-012657
XLOC-012680,XLOC-012680
XLOC-012729,XLOC-012729
XLOC-012749,XLOC-012749
XLOC-012761,XLOC-012761
XLOC-012772,XLOC-012772
XLOC-012846,XLOC-012846
XLOC-012926,XLOC-012926
XLOC-012946,XLOC-012946
XLOC-012995,XLOC-012995
XLOC-013005,XLOC-013005
XLOC-013061,XLOC-013061
XLOC-013065,XLOC-013065
XLOC-013081,XLOC-013081
XLOC-013086,XLOC-013086
XLOC-013106,XLOC-013106
XLOC-013129,XLOC-013129
XLOC-013149,XLOC-013149
XLOC-013197,XLOC-013197
XLOC-013212,XLOC-013212
XLOC-013219,XLOC-013219
XLOC-013240,XLOC-013240
XLOC-013294,XLOC-013294
XLOC-013311,XLOC-013311
XLOC-013326,XLOC-013326
XLOC-013339,XLOC-013339
XLOC-013344,XLOC-013344
XLOC-013439,XLOC-013439
XLOC-013497,XLOC-013497
XLOC-013608,XLOC-013608
XLOC-013609,XLOC-013609
XLOC-013624,XLOC-013624
XLOC-013628,XLOC-013628
XLOC-013632,XLOC-013632
XLOC-013634,XLOC-013634
XLOC-013646,XLOC-013646
XLOC-013689,XLOC-013689
XLOC-013744,XLOC-013744
XLOC-013776,XLOC-013776
XLOC-013854,XLOC-013854
XLOC-013920,XLOC-013920
XLOC-013964,XLOC-013964
XLOC-014032,XLOC-014032
XLOC-014033,XLOC-014033
XLOC-014039,XLOC-014039
XLOC-014080,XLOC-014080
XLOC-014146,XLOC-014146
XLOC-014147,XLOC-014147
XLOC-014155,XLOC-014155
XLOC-014175,XLOC-014175
XLOC-014186,XLOC-014186
XLOC-014188,XLOC-014188
XLOC-014193,XLOC-014193
XLOC-014336,XLOC-014336
XLOC-014349,XLOC-014349
XLOC-014378,XLOC-014378
XLOC-014397,XLOC-014397
XLOC-014398,XLOC-014398
XLOC-014427,XLOC-014427
XLOC-014466,XLOC-014466
XLOC-014477,XLOC-014477
XLOC-014485,XLOC-014485
XLOC-014486,XLOC-014486
XLOC-014488,XLOC-014488
XLOC-014490,XLOC-014490
XLOC-014532,XLOC-014532
XLOC-014585,XLOC-014585
XLOC-014659,XLOC-014659
XLOC-014732,XLOC-014732
XLOC-014733,XLOC-014733
XLOC-014736,XLOC-014736
XLOC-014747,XLOC-014747
XLOC-014749,XLOC-014749
XLOC-014755,XLOC-014755
XLOC-014767,XLOC-014767
XLOC-014769,XLOC-014769
XLOC-014770,XLOC-014770
XLOC-014774,XLOC-014774
XLOC-014778,XLOC-014778
XLOC-014782,XLOC-014782
XLOC-014787,XLOC-014787
XLOC-014827,XLOC-014827
XLOC-014840,XLOC-014840
XLOC-014851,XLOC-014851
XLOC-014886,XLOC-014886
XLOC-014889,XLOC-014889
XLOC-014924,XLOC-014924
XLOC-014955,XLOC-014955
XLOC-014956,XLOC-014956
XLOC-014974,XLOC-014974
XLOC-015089,XLOC-015089
XLOC-015093,XLOC-015093
XLOC-015209,XLOC-015209
XLOC-015238,XLOC-015238
XLOC-015256,XLOC-015256
XLOC-015260,XLOC-015260
XLOC-015268,XLOC-015268
XLOC-015291,XLOC-015291
XLOC-015374,XLOC-015374
XLOC-015407,XLOC-015407
XLOC-015411,XLOC-015411
XLOC-015424,XLOC-015424
XLOC-015426,XLOC-015426
XLOC-015429,XLOC-015429
XLOC-015432,XLOC-015432
XLOC-015433,XLOC-015433
XLOC-015437,XLOC-015437
XLOC-015445,XLOC-015445
XLOC-015447,XLOC-015447
XLOC-015449,XLOC-015449
XLOC-015452,XLOC-015452
XLOC-015481,XLOC-015481
XLOC-015643,XLOC-015643
XLOC-015741,XLOC-015741
XLOC-015765,XLOC-015765
XLOC-015908,XLOC-015908
XLOC-015922,XLOC-015922
XLOC-015934,XLOC-015934
XLOC-016004,XLOC-016004
XLOC-016006,XLOC-016006
XLOC-016022,XLOC-016022
XLOC-016042,XLOC-016042
XLOC-016045,XLOC-016045
XLOC-016049,XLOC-016049
XLOC-016089,XLOC-016089
XLOC-016094,XLOC-016094
XLOC-016096,XLOC-016096
XLOC-016099,XLOC-016099
XLOC-016167,XLOC-016167
XLOC-016168,XLOC-016168
XLOC-016178,XLOC-016178
XLOC-016197,XLOC-016197
XLOC-016198,XLOC-016198
XLOC-016203,XLOC-016203
XLOC-016325,XLOC-016325
XLOC-016343,XLOC-016343
XLOC-016403,XLOC-016403
XLOC-016411,XLOC-016411
XLOC-016428,XLOC-016428
XLOC-016430,XLOC-016430
XLOC-016432,XLOC-016432
XLOC-016463,XLOC-016463
XLOC-016511,XLOC-016511
XLOC-016512,XLOC-016512
XLOC-016518,XLOC-016518
XLOC-016546,XLOC-016546
XLOC-016559,XLOC-016559
XLOC-016582,XLOC-016582
XLOC-016778,XLOC-016778
XLOC-016788,XLOC-016788
XLOC-016798,XLOC-016798
XLOC-016803,XLOC-016803
XLOC-016822,XLOC-016822
XLOC-016838,XLOC-016838
XLOC-016856,XLOC-016856
XLOC-016965,XLOC-016965
XLOC-017014,XLOC-017014
XLOC-017021,XLOC-017021
XLOC-017060,XLOC-017060
XLOC-017089,XLOC-017089
XLOC-017111,XLOC-017111
XLOC-017114,XLOC-017114
XLOC-017132,XLOC-017132
XLOC-017135,XLOC-017135
XLOC-017188,XLOC-017188
XLOC-017191,XLOC-017191
XLOC-017216,XLOC-017216
XLOC-017226,XLOC-017226
XLOC-017229,XLOC-017229
XLOC-017322,XLOC-017322
XLOC-017410,XLOC-017410
XLOC-017414,XLOC-017414
XLOC-017416,XLOC-017416
XLOC-017423,XLOC-017423
XLOC-017459,XLOC-017459
XLOC-017471,XLOC-017471
XLOC-017482,XLOC-017482
XLOC-017492,XLOC-017492
XLOC-017499,XLOC-017499
XLOC-017534,XLOC-017534
XLOC-017564,XLOC-017564
XLOC-017738,XLOC-017738
XLOC-017837,XLOC-017837
XLOC-017847,XLOC-017847
XLOC-017895,XLOC-017895
XLOC-017914,XLOC-017914
XLOC-018054,XLOC-018054
XLOC-018061,XLOC-018061
XLOC-018082,XLOC-018082
XLOC-018083,XLOC-018083
XLOC-018084,XLOC-018084
XLOC-018110,XLOC-018110
XLOC-018182,XLOC-018182
XLOC-018188,XLOC-018188
XLOC-018221,XLOC-018221
XLOC-018328,XLOC-018328
XLOC-018342,XLOC-018342
XLOC-018343,XLOC-018343
XLOC-018346,XLOC-018346
XLOC-018356,XLOC-018356
XLOC-018359,XLOC-018359
XLOC-018363,XLOC-018363
XLOC-018367,XLOC-018367
XLOC-018373,XLOC-018373
XLOC-018384,XLOC-018384
XLOC-018389,XLOC-018389
XLOC-018407,XLOC-018407
XLOC-018429,XLOC-018429
XLOC-018430,XLOC-018430
XLOC-018653,XLOC-018653
XLOC-018654,XLOC-018654
XLOC-018699,XLOC-018699
XLOC-018776,XLOC-018776
XLOC-018876,XLOC-018876
XLOC-018915,XLOC-018915
XLOC-018935,XLOC-018935
XLOC-018953,XLOC-018953
XLOC-018958,XLOC-018958
XLOC-018968,XLOC-018968
XLOC-018977,XLOC-018977
XLOC-018981,XLOC-018981
XLOC-019030,XLOC-019030
XLOC-019038,XLOC-019038
XLOC-019042,XLOC-019042
XLOC-019047,XLOC-019047
XLOC-019059,XLOC-019059
XLOC-019062,XLOC-019062
XLOC-019069,XLOC-019069
XLOC-019096,XLOC-019096
XLOC-019120,XLOC-019120
XLOC-019150,XLOC-019150
XLOC-019549,XLOC-019549
XLOC-019592,XLOC-019592
XLOC-019599,XLOC-019599
XLOC-019613,XLOC-019613
XLOC-019614,XLOC-019614
XLOC-019649,XLOC-019649
XLOC-019653,XLOC-019653
XLOC-019672,XLOC-019672
XLOC-019674,XLOC-019674
XLOC-019696,XLOC-019696
XLOC-019741,XLOC-019741
XLOC-019753,XLOC-019753
XLOC-019772,XLOC-019772
XLOC-019823,XLOC-019823
XLOC-019859,XLOC-019859
XLOC-019866,XLOC-019866
XLOC-019883,XLOC-019883
XLOC-019884,XLOC-019884
XLOC-019901,XLOC-019901
XLOC-019908,XLOC-019908
XLOC-019912,XLOC-019912
XLOC-019975,XLOC-019975
XLOC-020031,XLOC-020031
XLOC-020079,XLOC-020079
XLOC-020099,XLOC-020099
XLOC-020101,XLOC-020101
XLOC-020106,XLOC-020106
XLOC-020170,XLOC-020170
XLOC-020172,XLOC-020172
XLOC-020173,XLOC-020173
XLOC-020174,XLOC-020174
XLOC-020175,XLOC-020175
XLOC-020187,XLOC-020187
XLOC-020232,XLOC-020232
XLOC-020238,XLOC-020238
XLOC-020303,XLOC-020303
XLOC-020304,XLOC-020304
XLOC-020450,XLOC-020450
XLOC-020458,XLOC-020458
XLOC-020459,XLOC-020459
XLOC-020460,XLOC-020460
XLOC-020465,XLOC-020465
XLOC-020480,XLOC-020480
XLOC-020497,XLOC-020497
XLOC-020535,XLOC-020535
XLOC-020556,XLOC-020556
XLOC-020666,XLOC-020666
XLOC-020687,XLOC-020687
XLOC-020692,XLOC-020692
XLOC-020693,XLOC-020693
XLOC-020712,XLOC-020712
XLOC-020714,XLOC-020714
XLOC-020730,XLOC-020730
XLOC-020735,XLOC-020735
XLOC-020797,XLOC-020797
XLOC-020843,XLOC-020843
XLOC-020898,XLOC-020898
XLOC-020906,XLOC-020906
XLOC-020958,XLOC-020958
XLOC-021043,XLOC-021043
XLOC-021140,XLOC-021140
XLOC-021180,XLOC-021180
XLOC-021187,XLOC-021187
XLOC-021212,XLOC-021212
XLOC-021234,XLOC-021234
XLOC-021244,XLOC-021244
XLOC-021254,XLOC-021254
XLOC-021259,XLOC-021259
XLOC-021301,XLOC-021301
XLOC-021306,XLOC-021306
XLOC-021351,XLOC-021351
XLOC-021352,XLOC-021352
XLOC-021361,XLOC-021361
XLOC-021399,XLOC-021399
XLOC-021400,XLOC-021400
XLOC-021406,XLOC-021406
XLOC-021436,XLOC-021436
XLOC-021534,XLOC-021534
XLOC-021582,XLOC-021582
XLOC-021586,XLOC-021586
XLOC-021835,XLOC-021835
XLOC-021866,XLOC-021866
XLOC-021867,XLOC-021867
XLOC-021896,XLOC-021896
XLOC-021899,XLOC-021899
XLOC-021942,XLOC-021942
XLOC-021944,XLOC-021944
XLOC-022007,XLOC-022007
XLOC-022032,XLOC-022032
XLOC-022034,XLOC-022034
XLOC-022081,XLOC-022081
XLOC-022119,XLOC-022119
XLOC-022129,XLOC-022129
XLOC-022150,XLOC-022150
XLOC-022158,XLOC-022158
XLOC-022188,XLOC-022188
XLOC-022245,XLOC-022245
XLOC-022250,XLOC-022250
XLOC-022251,XLOC-022251
XLOC-022269,XLOC-022269
XLOC-022277,XLOC-022277
XLOC-022281,XLOC-022281
XLOC-022550,XLOC-022550
XLOC-022611,XLOC-022611
XLOC-022621,XLOC-022621
XLOC-022666,XLOC-022666
XLOC-022683,XLOC-022683
XLOC-022705,XLOC-022705
XLOC-022718,XLOC-022718
XLOC-022736,XLOC-022736
XLOC-022740,XLOC-022740
XLOC-022751,XLOC-022751
XLOC-022776,XLOC-022776
XLOC-022799,XLOC-022799
XLOC-022871,XLOC-022871
XLOC-022888,XLOC-022888
XLOC-022898,XLOC-022898
XLOC-022900,XLOC-022900
XLOC-022924,XLOC-022924
XLOC-022929,XLOC-022929
XLOC-022930,XLOC-022930
XLOC-023085,XLOC-023085
XLOC-023138,XLOC-023138
XLOC-023211,XLOC-023211
XLOC-023226,XLOC-023226
XLOC-023228,XLOC-023228
XLOC-023265,XLOC-023265
XLOC-023279,XLOC-023279
XLOC-023300,XLOC-023300
XLOC-023301,XLOC-023301
XLOC-023304,XLOC-023304
XLOC-023308,XLOC-023308
XLOC-023329,XLOC-023329
XLOC-023335,XLOC-023335
XLOC-023369,XLOC-023369
XLOC-023372,XLOC-023372
XLOC-023380,XLOC-023380
XLOC-023402,XLOC-023402
XLOC-023447,XLOC-023447
XLOC-023448,XLOC-023448
XLOC-023479,XLOC-023479
XLOC-023481,XLOC-023481
XLOC-023492,XLOC-023492
XLOC-023549,XLOC-023549
XLOC-023594,XLOC-023594
XLOC-023624,XLOC-023624
XLOC-023752,XLOC-023752
XLOC-023754,XLOC-023754
XLOC-023755,XLOC-023755
XLOC-023761,XLOC-023761
XLOC-023799,XLOC-023799
XLOC-023801,XLOC-023801
XLOC-023808,XLOC-023808
XLOC-023847,XLOC-023847
XLOC-023858,XLOC-023858
XLOC-023863,XLOC-023863
XLOC-023879,XLOC-023879
XLOC-023916,XLOC-023916
XLOC-023979,XLOC-023979
XLOC-023991,XLOC-023991
XLOC-023997,XLOC-023997
XLOC-024017,XLOC-024017
XLOC-024079,XLOC-024079
XLOC-024151,XLOC-024151
XLOC-024206,XLOC-024206
XLOC-024221,XLOC-024221
XLOC-024231,XLOC-024231
XLOC-024248,XLOC-024248
XLOC-024261,XLOC-024261
XLOC-024285,XLOC-024285
XLOC-024337,XLOC-024337
XLOC-024343,XLOC-024343
XLOC-024377,XLOC-024377
XLOC-024390,XLOC-024390
XLOC-024446,XLOC-024446
XLOC-024447,XLOC-024447
XLOC-024455,XLOC-024455
XLOC-024456,XLOC-024456
XLOC-024472,XLOC-024472
XLOC-024516,XLOC-024516
XLOC-024530,XLOC-024530
XLOC-024629,XLOC-024629
XLOC-024706,XLOC-024706
XLOC-024725,XLOC-024725
XLOC-024750,XLOC-024750
XLOC-024824,XLOC-024824
XLOC-024825,XLOC-024825
XLOC-024826,XLOC-024826
XLOC-024828,XLOC-024828
XLOC-024867,XLOC-024867
XLOC-024885,XLOC-024885
XLOC-025024,XLOC-025024
XLOC-025051,XLOC-025051
XLOC-025098,XLOC-025098
XLOC-025107,XLOC-025107
XLOC-025146,XLOC-025146
XLOC-025148,XLOC-025148
XLOC-025168,XLOC-025168
XLOC-025278,XLOC-025278
XLOC-025298,XLOC-025298
XLOC-025327,XLOC-025327
XLOC-025414,XLOC-025414
XLOC-025418,XLOC-025418
XLOC-025424,XLOC-025424
XLOC-025425,XLOC-025425
XLOC-025426,XLOC-025426
XLOC-025455,XLOC-025455
XLOC-025468,XLOC-025468
XLOC-025473,XLOC-025473
XLOC-025546,XLOC-025546
XLOC-025565,XLOC-025565
XLOC-025566,XLOC-025566
XLOC-025573,XLOC-025573
XLOC-025655,XLOC-025655
XLOC-025657,XLOC-025657
XLOC-025673,XLOC-025673
XLOC-025686,XLOC-025686
XLOC-025689,XLOC-025689
XLOC-025795,XLOC-025795
XLOC-025804,XLOC-025804
XLOC-025815,XLOC-025815
XLOC-025819,XLOC-025819
XLOC-025821,XLOC-025821
XLOC-025822,XLOC-025822
XLOC-025875,XLOC-025875
XLOC-025977,XLOC-025977
XLOC-026004,XLOC-026004
XLOC-026010,XLOC-026010
XLOC-026037,XLOC-026037
XLOC-026153,XLOC-026153
XLOC-026228,XLOC-026228
XLOC-026330,XLOC-026330
XLOC-026334,XLOC-026334
XLOC-026336,XLOC-026336
XLOC-026450,XLOC-026450
XLOC-026454,XLOC-026454
XLOC-026497,XLOC-026497
XLOC-026514,XLOC-026514
XLOC-026536,XLOC-026536
XLOC-026578,XLOC-026578
XLOC-026582,XLOC-026582
XLOC-026673,XLOC-026673
XLOC-026682,XLOC-026682
XLOC-026705,XLOC-026705
XLOC-026713,XLOC-026713
XLOC-026715,XLOC-026715
XLOC-026741,XLOC-026741
XLOC-026756,XLOC-026756
XLOC-026761,XLOC-026761
XLOC-026765,XLOC-026765
XLOC-026773,XLOC-026773
XLOC-026774,XLOC-026774
XLOC-026821,XLOC-026821
XLOC-026824,XLOC-026824
XLOC-026839,XLOC-026839
XLOC-026841,XLOC-026841
XLOC-026855,XLOC-026855
XLOC-026920,XLOC-026920
XLOC-026937,XLOC-026937
XLOC-026945,XLOC-026945
XLOC-026946,XLOC-026946
XLOC-026950,XLOC-026950
XLOC-027009,XLOC-027009
XLOC-027111,XLOC-027111
XLOC-027129,XLOC-027129
XLOC-027134,XLOC-027134
XLOC-027155,XLOC-027155
XLOC-027304,XLOC-027304
XLOC-027591,XLOC-027591
XLOC-027664,XLOC-027664
XLOC-027692,XLOC-027692
XLOC-027708,XLOC-027708
XLOC-027709,XLOC-027709
XLOC-027769,XLOC-027769
XLOC-027796,XLOC-027796
XLOC-027844,XLOC-027844
XLOC-027877,XLOC-027877
XLOC-027892,XLOC-027892
XLOC-027918,XLOC-027918
XLOC-027931,XLOC-027931
XLOC-028010,XLOC-028010
XLOC-028064,XLOC-028064
XLOC-028243,XLOC-028243
XLOC-028299,XLOC-028299
XLOC-028339,XLOC-028339
XLOC-028354,XLOC-028354
XLOC-028373,XLOC-028373
XLOC-028443,XLOC-028443
XLOC-028450,XLOC-028450
XLOC-028451,XLOC-028451
XLOC-028452,XLOC-028452
XLOC-028453,XLOC-028453
XLOC-028454,XLOC-028454
XLOC-028456,XLOC-028456
XLOC-028457,XLOC-028457
XLOC-028466,XLOC-028466
XLOC-028470,XLOC-028470
XLOC-028486,XLOC-028486
XLOC-028531,XLOC-028531
XLOC-028555,XLOC-028555
XLOC-028556,XLOC-028556
XLOC-028644,XLOC-028644
XLOC-028649,XLOC-028649
XLOC-028660,XLOC-028660
XLOC-028682,XLOC-028682
XLOC-028687,XLOC-028687
XLOC-028703,XLOC-028703
XLOC-028711,XLOC-028711
XLOC-028772,XLOC-028772
XLOC-028774,XLOC-028774
XLOC-028807,XLOC-028807
XLOC-028814,XLOC-028814
XLOC-028865,XLOC-028865
XLOC-028894,XLOC-028894
XLOC-028899,XLOC-028899
XLOC-028905,XLOC-028905
XLOC-028916,XLOC-028916
XLOC-028935,XLOC-028935
XLOC-028948,XLOC-028948
XLOC-028954,XLOC-028954
XLOC-029028,XLOC-029028
XLOC-029030,XLOC-029030
XLOC-029036,XLOC-029036
XLOC-029041,XLOC-029041
XLOC-029130,XLOC-029130
XLOC-029220,XLOC-029220
XLOC-029257,XLOC-029257
XLOC-029260,XLOC-029260
XLOC-029274,XLOC-029274
XLOC-029275,XLOC-029275
XLOC-029278,XLOC-029278
XLOC-029303,XLOC-029303
XLOC-029373,XLOC-029373
XLOC-029386,XLOC-029386
XLOC-029389,XLOC-029389
XLOC-029420,XLOC-029420
XLOC-029423,XLOC-029423
XLOC-029426,XLOC-029426
XLOC-029463,XLOC-029463
XLOC-029465,XLOC-029465
XLOC-029505,XLOC-029505
XLOC-029508,XLOC-029508
XLOC-029527,XLOC-029527
XLOC-029547,XLOC-029547
XLOC-029568,XLOC-029568
XLOC-029591,XLOC-029591
XLOC-029603,XLOC-029603
XLOC-029608,XLOC-029608
XLOC-029609,XLOC-029609
XLOC-029634,XLOC-029634
XLOC-029654,XLOC-029654
XLOC-029657,XLOC-029657
XLOC-029676,XLOC-029676
XLOC-029763,XLOC-029763
XLOC-029772,XLOC-029772
XLOC-029851,XLOC-029851
XLOC-029870,XLOC-029870
XLOC-029887,XLOC-029887
XLOC-029890,XLOC-029890
XLOC-029934,XLOC-029934
XLOC-029998,XLOC-029998
XLOC-030027,XLOC-030027
XLOC-030218,XLOC-030218
XLOC-030226,XLOC-030226
XLOC-030237,XLOC-030237
XLOC-030238,XLOC-030238
XLOC-030240,XLOC-030240
XLOC-030244,XLOC-030244
XLOC-030262,XLOC-030262
XLOC-030307,XLOC-030307
XLOC-030409,XLOC-030409
XLOC-030503,XLOC-030503
XLOC-030513,XLOC-030513
XLOC-030570,XLOC-030570
XLOC-030587,XLOC-030587
XLOC-030590,XLOC-030590
XLOC-030672,XLOC-030672
XLOC-030786,XLOC-030786
XLOC-030902,XLOC-030902
XLOC-031005,XLOC-031005
XLOC-031033,XLOC-031033
XLOC-031035,XLOC-031035
XLOC-031060,XLOC-031060
XLOC-031061,XLOC-031061
XLOC-031067,XLOC-031067
XLOC-031070,XLOC-031070
XLOC-031073,XLOC-031073
XLOC-031080,XLOC-031080
XLOC-031091,XLOC-031091
XLOC-031097,XLOC-031097
XLOC-031098,XLOC-031098
XLOC-031109,XLOC-031109
XLOC-031115,XLOC-031115
XLOC-031121,XLOC-031121
XLOC-031176,XLOC-031176
XLOC-031177,XLOC-031177
XLOC-031182,XLOC-031182
XLOC-031211,XLOC-031211
XLOC-031229,XLOC-031229
XLOC-031233,XLOC-031233
XLOC-031260,XLOC-031260
XLOC-031339,XLOC-031339
XLOC-031363,XLOC-031363
XLOC-031367,XLOC-031367
XLOC-031372,XLOC-031372
XLOC-031373,XLOC-031373
XLOC-031542,XLOC-031542
XLOC-031547,XLOC-031547
XLOC-031557,XLOC-031557
XLOC-031563,XLOC-031563
XLOC-031564,XLOC-031564
XLOC-031579,XLOC-031579
XLOC-031580,XLOC-031580
XLOC-031589,XLOC-031589
XLOC-031633,XLOC-031633
XLOC-031678,XLOC-031678
XLOC-031679,XLOC-031679
XLOC-031680,XLOC-031680
XLOC-031737,XLOC-031737
XLOC-031805,XLOC-031805
XLOC-031884,XLOC-031884
XLOC-031892,XLOC-031892
XLOC-031893,XLOC-031893
XLOC-031900,XLOC-031900
XLOC-031987,XLOC-031987
XLOC-032081,XLOC-032081
XLOC-032087,XLOC-032087
XLOC-032092,XLOC-032092
XLOC-032110,XLOC-032110
XLOC-032112,XLOC-032112
XLOC-032119,XLOC-032119
XLOC-032121,XLOC-032121
XLOC-032129,XLOC-032129
XLOC-032136,XLOC-032136
XLOC-032154,XLOC-032154
XLOC-032159,XLOC-032159
XLOC-032243,XLOC-032243
XLOC-032256,XLOC-032256
XLOC-032258,XLOC-032258
XLOC-032271,XLOC-032271
XLOC-032276,XLOC-032276
XLOC-032387,XLOC-032387
XLOC-032394,XLOC-032394
XLOC-032440,XLOC-032440
XLOC-032526,XLOC-032526
XLOC-032541,XLOC-032541
XLOC-032543,XLOC-032543
XLOC-032570,XLOC-032570
XLOC-032577,XLOC-032577
XLOC-032630,XLOC-032630
XLOC-032636,XLOC-032636
XLOC-032706,XLOC-032706
XLOC-032707,XLOC-032707
XLOC-032715,XLOC-032715
XLOC-032720,XLOC-032720
XLOC-032721,XLOC-032721
XLOC-032722,XLOC-032722
XLOC-032764,XLOC-032764
XLOC-032772,XLOC-032772
XLOC-032793,XLOC-032793
XLOC-032803,XLOC-032803
XLOC-032810,XLOC-032810
XLOC-032836,XLOC-032836
XLOC-032837,XLOC-032837
XLOC-032843,XLOC-032843
XLOC-032844,XLOC-032844
XLOC-032845,XLOC-032845
XLOC-032857,XLOC-032857
XLOC-032903,XLOC-032903
XLOC-032912,XLOC-032912
XLOC-032954,XLOC-032954
XLOC-032976,XLOC-032976
XLOC-033023,XLOC-033023
XLOC-033024,XLOC-033024
XLOC-033031,XLOC-033031
XLOC-033063,XLOC-033063
XLOC-033065,XLOC-033065
XLOC-033067,XLOC-033067
XLOC-033087,XLOC-033087
XLOC-033093,XLOC-033093
XLOC-033123,XLOC-033123
XLOC-033174,XLOC-033174
XLOC-033352,XLOC-033352
XLOC-033378,XLOC-033378
XLOC-033403,XLOC-033403
XLOC-033414,XLOC-033414
XLOC-033428,XLOC-033428
XLOC-033456,XLOC-033456
XLOC-033475,XLOC-033475
XLOC-033512,XLOC-033512
XLOC-033528,XLOC-033528
XLOC-033543,XLOC-033543
XLOC-033631,XLOC-033631
XLOC-033650,XLOC-033650
XLOC-033651,XLOC-033651
XLOC-033704,XLOC-033704
XLOC-033809,XLOC-033809
XLOC-033938,XLOC-033938
XLOC-033950,XLOC-033950
XLOC-033951,XLOC-033951
XLOC-033953,XLOC-033953
XLOC-034149,XLOC-034149
XLOC-034167,XLOC-034167
XLOC-034170,XLOC-034170
XLOC-034181,XLOC-034181
XLOC-034192,XLOC-034192
XLOC-034199,XLOC-034199
XLOC-034203,XLOC-034203
XLOC-034214,XLOC-034214
XLOC-034223,XLOC-034223
XLOC-034235,XLOC-034235
XLOC-034272,XLOC-034272
XLOC-034373,XLOC-034373
XLOC-034394,XLOC-034394
XLOC-034430,XLOC-034430
XLOC-034431,XLOC-034431
XLOC-034437,XLOC-034437
XLOC-034488,XLOC-034488
XLOC-034492,XLOC-034492
XLOC-034498,XLOC-034498
XLOC-034521,XLOC-034521
XLOC-034522,XLOC-034522
XLOC-034525,XLOC-034525
XLOC-034538,XLOC-034538
XLOC-034584,XLOC-034584
XLOC-034585,XLOC-034585
XLOC-034631,XLOC-034631
XLOC-034734,XLOC-034734
XLOC-034776,XLOC-034776
XLOC-034863,XLOC-034863
XLOC-034911,XLOC-034911
XLOC-034991,XLOC-034991
XLOC-035147,XLOC-035147
XLOC-035162,XLOC-035162
XLOC-035174,XLOC-035174
XLOC-035202,XLOC-035202
XLOC-035243,XLOC-035243
XLOC-035272,XLOC-035272
XLOC-035300,XLOC-035300
XLOC-035318,XLOC-035318
XLOC-035371,XLOC-035371
XLOC-035411,XLOC-035411
XLOC-035413,XLOC-035413
XLOC-035424,XLOC-035424
XLOC-035493,XLOC-035493
XLOC-035513,XLOC-035513
XLOC-035578,XLOC-035578
XLOC-035677,XLOC-035677
XLOC-035679,XLOC-035679
XLOC-035742,XLOC-035742
XLOC-035744,XLOC-035744
XLOC-035750,XLOC-035750
XLOC-035776,XLOC-035776
XLOC-035844,XLOC-035844
XLOC-035847,XLOC-035847
XLOC-035884,XLOC-035884
XLOC-035907,XLOC-035907
XLOC-035949,XLOC-035949
XLOC-036010,XLOC-036010
XLOC-036111,XLOC-036111
XLOC-036173,XLOC-036173
XLOC-036186,XLOC-036186
XLOC-036187,XLOC-036187
XLOC-036220,XLOC-036220
XLOC-036224,XLOC-036224
XLOC-036261,XLOC-036261
XLOC-036274,XLOC-036274
XLOC-036284,XLOC-036284
XLOC-036361,XLOC-036361
XLOC-036408,XLOC-036408
XLOC-036447,XLOC-036447
XLOC-036505,XLOC-036505
XLOC-036506,XLOC-036506
XLOC-036507,XLOC-036507
XLOC-036508,XLOC-036508
XLOC-036509,XLOC-036509
XLOC-036510,XLOC-036510
XLOC-036513,XLOC-036513
XLOC-036545,XLOC-036545
XLOC-036573,XLOC-036573
XLOC-036623,XLOC-036623
XLOC-036624,XLOC-036624
XLOC-036658,XLOC-036658
XLOC-036663,XLOC-036663
XLOC-036686,XLOC-036686
XLOC-036690,XLOC-036690
XLOC-036879,XLOC-036879
XLOC-036897,XLOC-036897
XLOC-036929,XLOC-036929
XLOC-036961,XLOC-036961
XLOC-037016,XLOC-037016
XLOC-037017,XLOC-037017
XLOC-037028,XLOC-037028
XLOC-037213,XLOC-037213
XLOC-037221,XLOC-037221
XLOC-037240,XLOC-037240
XLOC-037388,XLOC-037388
XLOC-037389,XLOC-037389
XLOC-037391,XLOC-037391
XLOC-037523,XLOC-037523
XLOC-037556,XLOC-037556
XLOC-037648,XLOC-037648
XLOC-037780,XLOC-037780
XLOC-037781,XLOC-037781
XLOC-037784,XLOC-037784
XLOC-037878,XLOC-037878
XLOC-037922,XLOC-037922
XLOC-037952,XLOC-037952
XLOC-038013,XLOC-038013
XLOC-038019,XLOC-038019
XLOC-038035,XLOC-038035
XLOC-038055,XLOC-038055
XLOC-038060,XLOC-038060
XLOC-038073,XLOC-038073
XLOC-038084,XLOC-038084
XLOC-038088,XLOC-038088
XLOC-038091,XLOC-038091
XLOC-038098,XLOC-038098
XLOC-038160,XLOC-038160
XLOC-038161,XLOC-038161
XLOC-038254,XLOC-038254
XLOC-038255,XLOC-038255
XLOC-038290,XLOC-038290
XLOC-038315,XLOC-038315
XLOC-038343,XLOC-038343
XLOC-038611,XLOC-038611
XLOC-038699,XLOC-038699
XLOC-038703,XLOC-038703
XLOC-038717,XLOC-038717
XLOC-038745,XLOC-038745
XLOC-038795,XLOC-038795
XLOC-038816,XLOC-038816
XLOC-038869,XLOC-038869
XLOC-038902,XLOC-038902
XLOC-038909,XLOC-038909
XLOC-038929,XLOC-038929
XLOC-038935,XLOC-038935
XLOC-038945,XLOC-038945
XLOC-038946,XLOC-038946
XLOC-038986,XLOC-038986
XLOC-039021,XLOC-039021
XLOC-039079,XLOC-039079
XLOC-039113,XLOC-039113
XLOC-039121,XLOC-039121
XLOC-039146,XLOC-039146
XLOC-039163,XLOC-039163
XLOC-039166,XLOC-039166
XLOC-039167,XLOC-039167
XLOC-039214,XLOC-039214
XLOC-039363,XLOC-039363
XLOC-039619,XLOC-039619
XLOC-039623,XLOC-039623
XLOC-039630,XLOC-039630
XLOC-039631,XLOC-039631
XLOC-039632,XLOC-039632
XLOC-039646,XLOC-039646
XLOC-039647,XLOC-039647
XLOC-039668,XLOC-039668
XLOC-039672,XLOC-039672
XLOC-039713,XLOC-039713
XLOC-039714,XLOC-039714
XLOC-039754,XLOC-039754
XLOC-039757,XLOC-039757
XLOC-039758,XLOC-039758
XLOC-039766,XLOC-039766
XLOC-039769,XLOC-039769
XLOC-039817,XLOC-039817
XLOC-039821,XLOC-039821
XLOC-039839,XLOC-039839
XLOC-039841,XLOC-039841
XLOC-039903,XLOC-039903
XLOC-039931,XLOC-039931
XLOC-039965,XLOC-039965
XLOC-039966,XLOC-039966
XLOC-039987,XLOC-039987
XLOC-040020,XLOC-040020
XLOC-040040,XLOC-040040
XLOC-040068,XLOC-040068
XLOC-040069,XLOC-040069
XLOC-040073,XLOC-040073
XLOC-040108,XLOC-040108
XLOC-040198,XLOC-040198
XLOC-040310,XLOC-040310
XLOC-040350,XLOC-040350
XLOC-040355,XLOC-040355
XLOC-040364,XLOC-040364
XLOC-040374,XLOC-040374
XLOC-040511,XLOC-040511
XLOC-040514,XLOC-040514
XLOC-040515,XLOC-040515
XLOC-040516,XLOC-040516
XLOC-040517,XLOC-040517
XLOC-040575,XLOC-040575
XLOC-040582,XLOC-040582
XLOC-040753,XLOC-040753
XLOC-040754,XLOC-040754
XLOC-040756,XLOC-040756
XLOC-040787,XLOC-040787
XLOC-040812,XLOC-040812
XLOC-040862,XLOC-040862
XLOC-040864,XLOC-040864
XLOC-040894,XLOC-040894
XLOC-040962,XLOC-040962
XLOC-041002,XLOC-041002
XLOC-041030,XLOC-041030
XLOC-041047,XLOC-041047
XLOC-041081,XLOC-041081
XLOC-041220,XLOC-041220
XLOC-041269,XLOC-041269
XLOC-041348,XLOC-041348
XLOC-041356,XLOC-041356
XLOC-041394,XLOC-041394
XLOC-041436,XLOC-041436
XLOC-041451,XLOC-041451
XLOC-041467,XLOC-041467
XLOC-041499,XLOC-041499
XLOC-041566,XLOC-041566
XLOC-041574,XLOC-041574
XLOC-041601,XLOC-041601
XLOC-041612,XLOC-041612
XLOC-041698,XLOC-041698
XLOC-041707,XLOC-041707
XLOC-041734,XLOC-041734
XLOC-041832,XLOC-041832
XLOC-041834,XLOC-041834
XLOC-041857,XLOC-041857
XLOC-041885,XLOC-041885
XLOC-041945,XLOC-041945
XLOC-041980,XLOC-041980
XLOC-041998,XLOC-041998
XLOC-042085,XLOC-042085
XLOC-042135,XLOC-042135
XLOC-042136,XLOC-042136
XLOC-042165,XLOC-042165
XLOC-042200,XLOC-042200
XLOC-042209,XLOC-042209
XLOC-042210,XLOC-042210
XLOC-042219,XLOC-042219
XLOC-042220,XLOC-042220
XLOC-042221,XLOC-042221
XLOC-042222,XLOC-042222
XLOC-042228,XLOC-042228
XLOC-042229,XLOC-042229
XLOC-042234,XLOC-042234
XLOC-042263,XLOC-042263
XLOC-042265,XLOC-042265
XLOC-042292,XLOC-042292
XLOC-042317,XLOC-042317
XLOC-042319,XLOC-042319
XLOC-042334,XLOC-042334
XLOC-042341,XLOC-042341
XLOC-042342,XLOC-042342
XLOC-042487,XLOC-042487
XLOC-042505,XLOC-042505
XLOC-042506,XLOC-042506
XLOC-042512,XLOC-042512
XLOC-042514,XLOC-042514
XLOC-042515,XLOC-042515
XLOC-042556,XLOC-042556
XLOC-042557,XLOC-042557
XLOC-042561,XLOC-042561
XLOC-042562,XLOC-042562
XLOC-042563,XLOC-042563
XLOC-042565,XLOC-042565
XLOC-042568,XLOC-042568
XLOC-042570,XLOC-042570
XLOC-042595,XLOC-042595
XLOC-042596,XLOC-042596
XLOC-042662,XLOC-042662
XLOC-042668,XLOC-042668
XLOC-042669,XLOC-042669
XLOC-042707,XLOC-042707
XLOC-042711,XLOC-042711
XLOC-042735,XLOC-042735
XLOC-042763,XLOC-042763
XLOC-042774,XLOC-042774
XLOC-042788,XLOC-042788
XLOC-042792,XLOC-042792
XLOC-042806,XLOC-042806
XLOC-042812,XLOC-042812
XLOC-042868,XLOC-042868
XLOC-042882,XLOC-042882
XLOC-042898,XLOC-042898
XLOC-042899,XLOC-042899
XLOC-042909,XLOC-042909
XLOC-042915,XLOC-042915
XLOC-042917,XLOC-042917
XLOC-042919,XLOC-042919
XLOC-042923,XLOC-042923
XLOC-042928,XLOC-042928
XLOC-042934,XLOC-042934
XLOC-042938,XLOC-042938
XLOC-042949,XLOC-042949
XLOC-042955,XLOC-042955
XLOC-042971,XLOC-042971
XLOC-042975,XLOC-042975
XLOC-042977,XLOC-042977
XLOC-042992,XLOC-042992
XLOC-042993,XLOC-042993
XLOC-042999,XLOC-042999
XLOC-043000,XLOC-043000
XLOC-043001,XLOC-043001
XLOC-043010,XLOC-043010
XLOC-043013,XLOC-043013
XLOC-043020,XLOC-043020
XLOC-043028,XLOC-043028
XLOC-043043,XLOC-043043
XLOC-043072,XLOC-043072
XLOC-043073,XLOC-043073
XLOC-043091,XLOC-043091
XLOC-043097,XLOC-043097
XLOC-043106,XLOC-043106
XLOC-043113,XLOC-043113
XLOC-043122,XLOC-043122
XLOC-043124,XLOC-043124
XLOC-043131,XLOC-043131
XLOC-043135,XLOC-043135
XLOC-043151,XLOC-043151
XLOC-043195,XLOC-043195
XLOC-043201,XLOC-043201
XLOC-043211,XLOC-043211
XLOC-043218,XLOC-043218
XLOC-043220,XLOC-043220
XLOC-043229,XLOC-043229
XLOC-043245,XLOC-043245
XLOC-043310,XLOC-043310
XLOC-043334,XLOC-043334
XLOC-043347,XLOC-043347
XLOC-043349,XLOC-043349
XLOC-043351,XLOC-043351
XLOC-043355,XLOC-043355
XLOC-043372,XLOC-043372
XLOC-043397,XLOC-043397
XLOC-043400,XLOC-043400
XLOC-043418,XLOC-043418
XLOC-043445,XLOC-043445
XLOC-043447,XLOC-043447
XLOC-043449,XLOC-043449
XLOC-043454,XLOC-043454
XLOC-043457,XLOC-043457
XLOC-043462,XLOC-043462
XLOC-043545,XLOC-043545
XLOC-043546,XLOC-043546
XLOC-043548,XLOC-043548
XLOC-043567,XLOC-043567
XLOC-043568,XLOC-043568
XLOC-043569,XLOC-043569
XLOC-043579,XLOC-043579
XLOC-043619,XLOC-043619
XLOC-043621,XLOC-043621
XLOC-043623,XLOC-043623
XLOC-043624,XLOC-043624
XLOC-043630,XLOC-043630
XLOC-043650,XLOC-043650
XLOC-043654,XLOC-043654
XLOC-043659,XLOC-043659
XLOC-043665,XLOC-043665
XLOC-043669,XLOC-043669
XLOC-043670,XLOC-043670
XLOC-043685,XLOC-043685
XLOC-043694,XLOC-043694
XLOC-043736,XLOC-043736
XLOC-043741,XLOC-043741
XLOC-043755,XLOC-043755
XLOC-043760,XLOC-043760
XLOC-043762,XLOC-043762
XLOC-043765,XLOC-043765
XLOC-043769,XLOC-043769
XLOC-043778,XLOC-043778
XLOC-043782,XLOC-043782
XLOC-043788,XLOC-043788
XLOC-043789,XLOC-043789
XLOC-043826,XLOC-043826
XLOC-043833,XLOC-043833
XLOC-043840,XLOC-043840
XLOC-043846,XLOC-043846
XLOC-043847,XLOC-043847
XLOC-043852,XLOC-043852
XLOC-043857,XLOC-043857
XLOC-043859,XLOC-043859
XLOC-043861,XLOC-043861
XLOC-043871,XLOC-043871
XLOC-043919,XLOC-043919
XLOC-043931,XLOC-043931
XLOC-043935,XLOC-043935
XLOC-043953,XLOC-043953
XLOC-043962,XLOC-043962
XLOC-043965,XLOC-043965
XLOC-043970,XLOC-043970
XLOC-043975,XLOC-043975
XLOC-043976,XLOC-043976
XLOC-043980,XLOC-043980
XLOC-043986,XLOC-043986
XLOC-044035,XLOC-044035
XLOC-044048,XLOC-044048
XLOC-044050,XLOC-044050
XLOC-044070,XLOC-044070
XLOC-044090,XLOC-044090
XLOC-044110,XLOC-044110
XLOC-044113,XLOC-044113
XLOC-044118,XLOC-044118
XLOC-044140,XLOC-044140
XLOC-044147,XLOC-044147
XLOC-044166,XLOC-044166
XLOC-044186,XLOC-044186
XLOC-044191,XLOC-044191
XLOC-044202,XLOC-044202
XLOC-044204,XLOC-044204
XLOC-044226,XLOC-044226
XLOC-044238,XLOC-044238
XLOC-044244,XLOC-044244
XLOC-044245,XLOC-044245
XLOC-044266,XLOC-044266
XLOC-044268,XLOC-044268
XLOC-044272,XLOC-044272
XLOC-044280,XLOC-044280
XLOC-044281,XLOC-044281
XLOC-044286,XLOC-044286
XLOC-044287,XLOC-044287
XLOC-044290,XLOC-044290
XLOC-044291,XLOC-044291
XLOC-044297,XLOC-044297
XLOC-044302,XLOC-044302
XLOC-044303,XLOC-044303
xpa,xpa
xpc,xpc
xpnpep1,xpnpep1
xpnpep2,xpnpep2
xpnpep3,xpnpep3
xpo1a,xpo1a
xpo1b,xpo1b
xpo4,xpo4
XPO5,XPO5
xpo6,xpo6
xpo7,xpo7
xpot,xpot
xpr1a,xpr1a
xpr1b,xpr1b
xrcc1,xrcc1
XRCC2,XRCC2
xrcc3,xrcc3
xrcc4,xrcc4
xrcc5,xrcc5
xrcc6,xrcc6
xrn1,xrn1
xrn2,xrn2
xrra1,xrra1
xxylt1,xxylt1
xylb,xylb
xylt1,xylt1
xylt2,xylt2
yaf2,yaf2
yap1,yap1
yars,yars
yars2,yars2
ybx1,ybx1
ydjc,ydjc
yeats2,yeats2
yeats4,yeats4
yes1,yes1
yif1a,yif1a
yif1b,yif1b
yipf1,yipf1
yipf2,yipf2
yipf3,yipf3
yipf4,yipf4
yipf5,yipf5
yipf6,yipf6
yjefn3,yjefn3
yju2,yju2
ykt6,ykt6
ylpm1,ylpm1
yme1l1a,yme1l1a
yme1l1b,yme1l1b
yod1,yod1
ypel1,ypel1
ypel2a,ypel2a
ypel2b,ypel2b
ypel3,ypel3
ypel5,ypel5
yrk,yrk
ythdc1,ythdc1
YTHDC2,YTHDC2
ythdf1,ythdf1
ythdf2,ythdf2
ythdf3,ythdf3
ywhaba,ywhaba
ywhabb,ywhabb
ywhabl,ywhabl
ywhae1,ywhae1
ywhae2,ywhae2
ywhag1,ywhag1
ywhag2,ywhag2
ywhah,ywhah
ywhaqa,ywhaqa
ywhaqb,ywhaqb
ywhaz,ywhaz
yy1a,yy1a
yy1b,yy1b
zanl,zanl
zar1,zar1
zar1l,zar1l
zbbx,zbbx
zbed4,zbed4
zbtb1,zbtb1
zbtb10,zbtb10
zbtb11,zbtb11
zbtb12.1,zbtb12.1
zbtb12.2,zbtb12.2
zbtb14,zbtb14
zbtb16a,zbtb16a
zbtb16b,zbtb16b
zbtb17,zbtb17
zbtb18,zbtb18
zbtb20,zbtb20
zbtb21,zbtb21
zbtb22a,zbtb22a
zbtb22b,zbtb22b
zbtb24,zbtb24
zbtb25,zbtb25
ZBTB26,ZBTB26
zbtb2a,zbtb2a
zbtb2b,zbtb2b
zbtb3,zbtb3
zbtb32,zbtb32
zbtb33,zbtb33
zbtb34,zbtb34
zbtb37,zbtb37
zbtb38,zbtb38
zbtb39,zbtb39
zbtb4,zbtb4
zbtb40,zbtb40
zbtb41,zbtb41
zbtb42,zbtb42
zbtb43,zbtb43
zbtb44,zbtb44
zbtb46,zbtb46
zbtb47a,zbtb47a
zbtb47b,zbtb47b
zbtb48,zbtb48
zbtb49,zbtb49
zbtb7a,zbtb7a
zbtb7b,zbtb7b
zbtb7c,zbtb7c
zbtb8a,zbtb8a
zbtb8b,zbtb8b
zbtb8os,zbtb8os
zc2hc1a,zc2hc1a
zc2hc1c,zc2hc1c
zc3h10,zc3h10
zc3h11a,zc3h11a
zc3h12a,zc3h12a
zc3h12b,zc3h12b
zc3h13,zc3h13
zc3h14,zc3h14
zc3h15,zc3h15
zc3h18,zc3h18
zc3h4,zc3h4
zc3h6,zc3h6
zc3h7a,zc3h7a
zc3h7ba,zc3h7ba
zc3h7bb,zc3h7bb
zc3hc1,zc3hc1
zc4h2,zc4h2
zcchc10,zcchc10
zcchc14,zcchc14
zcchc17,zcchc17
zcchc2,zcchc2
zcchc24,zcchc24
zcchc3,zcchc3
zcchc4,zcchc4
zcchc7,zcchc7
zcchc8,zcchc8
zcchc9,zcchc9
zcrb1,zcrb1
zdbf2,zdbf2
zdhhc1,zdhhc1
zdhhc11,zdhhc11
zdhhc12a,zdhhc12a
zdhhc12b,zdhhc12b
zdhhc13,zdhhc13
zdhhc14,zdhhc14
zdhhc15a,zdhhc15a
zdhhc15b,zdhhc15b
zdhhc16a,zdhhc16a
zdhhc16b,zdhhc16b
zdhhc17,zdhhc17
zdhhc18a,zdhhc18a
zdhhc18b,zdhhc18b
zdhhc2,zdhhc2
zdhhc20a,zdhhc20a
zdhhc20b,zdhhc20b
zdhhc22,zdhhc22
zdhhc23a,zdhhc23a
zdhhc23b,zdhhc23b
zdhhc24,zdhhc24
zdhhc3a,zdhhc3a
zdhhc3b,zdhhc3b
zdhhc4,zdhhc4
zdhhc5a,zdhhc5a
zdhhc5b,zdhhc5b
zdhhc6,zdhhc6
zdhhc7,zdhhc7
zdhhc8a,zdhhc8a
zdhhc8b,zdhhc8b
zdhhc9,zdhhc9
zeb1a,zeb1a
zeb1b,zeb1b
zeb2a,zeb2a
zeb2b,zeb2b
zer1,zer1
zfand1,zfand1
zfand2a,zfand2a
zfand3,zfand3
zfand4,zfand4
zfand5a,zfand5a
zfand5b,zfand5b
zfand6,zfand6
zfat,zfat
zfhx3,zfhx3
zfhx4,zfhx4
zfp36l1a,zfp36l1a
zfp36l1b,zfp36l1b
zfp36l2,zfp36l2
zfp64,zfp64
zfpl1,zfpl1
zfpm1,zfpm1
zfpm2a,zfpm2a
zfpm2b,zfpm2b
zfr,zfr
zfr2,zfr2
zfx,zfx
zfyve1,zfyve1
zfyve16,zfyve16
zfyve19,zfyve19
zfyve21,zfyve21
zfyve26,zfyve26
zfyve27,zfyve27
zfyve28,zfyve28
zfyve9a,zfyve9a
zfyve9b,zfyve9b
zgc:100829,zgc100829
zgc:100832,zgc100832
zgc:100846,zgc100846
zgc:100868,zgc100868
zgc:100906,zgc100906
zgc:100918,zgc100918
zgc:100920,zgc100920
zgc:100951,zgc100951
zgc:100997,zgc100997
zgc:101016,zgc101016
zgc:101040,zgc101040
zgc:101100,zgc101100
zgc:101130,zgc101130
zgc:101540,zgc101540
zgc:101559,zgc101559
zgc:101562,zgc101562
zgc:101566,zgc101566
zgc:101569,zgc101569
zgc:101577,zgc101577
zgc:101583,zgc101583
zgc:101663,zgc101663
zgc:101664,zgc101664
zgc:101679,zgc101679
zgc:101715,zgc101715
zgc:101716,zgc101716
zgc:101731,zgc101731
zgc:101744,zgc101744
zgc:101765,zgc101765
zgc:101783,zgc101783
zgc:101785,zgc101785
zgc:101810,zgc101810
zgc:101851,zgc101851
zgc:101853,zgc101853
zgc:101858,zgc101858
zgc:103438,zgc103438
zgc:103482,zgc103482
zgc:103499,zgc103499
zgc:103508,zgc103508
zgc:103510,zgc103510
zgc:103559,zgc103559
zgc:103564,zgc103564
zgc:103586,zgc103586
zgc:103625,zgc103625
zgc:103678,zgc103678
zgc:103681,zgc103681
zgc:103692,zgc103692
zgc:103697,zgc103697
zgc:103700,zgc103700
zgc:103755,zgc103755
zgc:103759,zgc103759
zgc:109744,zgc109744
zgc:109889,zgc109889
zgc:109913,zgc109913
zgc:109949,zgc109949
zgc:109965,zgc109965
zgc:109982,zgc109982
zgc:109986,zgc109986
zgc:110006,zgc110006
zgc:110045,zgc110045
zgc:110063,zgc110063
zgc:110130,zgc110130
zgc:110158,zgc110158
zgc:110171,zgc110171
zgc:110182,zgc110182
zgc:110197,zgc110197
zgc:110216,zgc110216
zgc:110224,zgc110224
zgc:110239,zgc110239
zgc:110249,zgc110249
zgc:110269,zgc110269
zgc:110319,zgc110319
zgc:110329,zgc110329
zgc:110333,zgc110333
zgc:110339,zgc110339
zgc:110348,zgc110348
zgc:110353,zgc110353
zgc:110366,zgc110366
zgc:110410,zgc110410
zgc:110425,zgc110425
zgc:110540,zgc110540
zgc:110591,zgc110591
zgc:110626,zgc110626
zgc:110699,zgc110699
zgc:110716,zgc110716
zgc:110782,zgc110782
zgc:110783,zgc110783
zgc:110789,zgc110789
zgc:110796,zgc110796
zgc:110821,zgc110821
zgc:110843,zgc110843
zgc:111868,zgc111868
zgc:111976,zgc111976
zgc:111983,zgc111983
zgc:111986,zgc111986
zgc:112001,zgc112001
zgc:112023,zgc112023
zgc:112038,zgc112038
zgc:112083,zgc112083
zgc:112102,zgc112102
zgc:112146,zgc112146
zgc:112148,zgc112148
zgc:112160,zgc112160
zgc:112163,zgc112163
zgc:112183,zgc112183
zgc:112185,zgc112185
zgc:112255,zgc112255
zgc:112265,zgc112265
zgc:112285,zgc112285
zgc:112294,zgc112294
zgc:112332,zgc112332
zgc:112334,zgc112334
zgc:112356,zgc112356
zgc:112408,zgc112408
zgc:112433,zgc112433
zgc:112437,zgc112437
zgc:112492,zgc112492
zgc:112496,zgc112496
zgc:112962,zgc112962
zgc:112964,zgc112964
zgc:112965,zgc112965
zgc:112970,zgc112970
zgc:112977,zgc112977
zgc:112980,zgc112980
zgc:112982,zgc112982
zgc:112994,zgc112994
zgc:112998,zgc112998
zgc:113019,zgc113019
zgc:113030,zgc113030
zgc:113054,zgc113054
zgc:113057,zgc113057
zgc:113090,zgc113090
zgc:113096,zgc113096
zgc:113102,zgc113102
zgc:113119,zgc113119
zgc:113149,zgc113149
zgc:113162,zgc113162
zgc:113176,zgc113176
zgc:113184,zgc113184
zgc:113208,zgc113208
zgc:113209,zgc113209
zgc:113210,zgc113210
zgc:113220,zgc113220
zgc:113227,zgc113227
zgc:113229,zgc113229
zgc:113232,zgc113232
zgc:113263,zgc113263
zgc:113265,zgc113265
zgc:113274,zgc113274
zgc:113276,zgc113276
zgc:113278,zgc113278
zgc:113279,zgc113279
zgc:113293,zgc113293
zgc:113294,zgc113294
zgc:113295,zgc113295
zgc:113298,zgc113298
zgc:113307,zgc113307
zgc:113314,zgc113314
zgc:113333,zgc113333
zgc:113336,zgc113336
zgc:113337,zgc113337
zgc:113340,zgc113340
zgc:113343,zgc113343
zgc:113348,zgc113348
zgc:113363,zgc113363
zgc:113364,zgc113364
zgc:113372,zgc113372
zgc:113377,zgc113377
zgc:113411,zgc113411
zgc:113423,zgc113423
zgc:113424,zgc113424
zgc:113425,zgc113425
zgc:113426,zgc113426
zgc:113436,zgc113436
zgc:113442,zgc113442
zgc:113452,zgc113452
zgc:113518,zgc113518
zgc:113531,zgc113531
zgc:113625,zgc113625
zgc:113886,zgc113886
zgc:113921,zgc113921
zgc:113983,zgc113983
zgc:114041,zgc114041
zgc:114045,zgc114045
zgc:114046,zgc114046
zgc:114081,zgc114081
zgc:114104,zgc114104
zgc:114118,zgc114118
zgc:114119,zgc114119
zgc:114120,zgc114120
zgc:114123,zgc114123
zgc:114130,zgc114130
zgc:114173,zgc114173
zgc:114174,zgc114174
zgc:114175,zgc114175
zgc:114181,zgc114181
zgc:114200,zgc114200
zgc:122979,zgc122979
zgc:123010,zgc123010
zgc:123060,zgc123060
zgc:123103,zgc123103
zgc:123105,zgc123105
zgc:123107,zgc123107
zgc:123217,zgc123217
zgc:123238,zgc123238
zgc:123258,zgc123258
zgc:123278,zgc123278
zgc:123284,zgc123284
zgc:123295,zgc123295
zgc:123297,zgc123297
zgc:123299,zgc123299
zgc:123305,zgc123305
zgc:123321,zgc123321
zgc:136254,zgc136254
zgc:136308,zgc136308
zgc:136410,zgc136410
zgc:136439,zgc136439
zgc:136461,zgc136461
zgc:136493,zgc136493
zgc:136564,zgc136564
zgc:136605,zgc136605
zgc:136683,zgc136683
zgc:136767,zgc136767
zgc:136858,zgc136858
zgc:136870,zgc136870
zgc:136872,zgc136872
zgc:136892,zgc136892
zgc:136908,zgc136908
zgc:136963,zgc136963
zgc:136971,zgc136971
zgc:152652,zgc152652
zgc:152658,zgc152658
zgc:152670,zgc152670
zgc:152753,zgc152753
zgc:152791,zgc152791
zgc:152830,zgc152830
zgc:152857,zgc152857
zgc:152863,zgc152863
zgc:152891,zgc152891
zgc:152904,zgc152904
zgc:152938,zgc152938
zgc:152948,zgc152948
zgc:152951,zgc152951
zgc:152968,zgc152968
zgc:152977,zgc152977
zgc:152986,zgc152986
zgc:153012,zgc153012
zgc:153018,zgc153018
zgc:153031,zgc153031
zgc:153044,zgc153044
zgc:153115,zgc153115
zgc:153116,zgc153116
zgc:153118,zgc153118
zgc:153119,zgc153119
zgc:153142,zgc153142
zgc:153146,zgc153146
zgc:153151,zgc153151
zgc:153157,zgc153157
zgc:153169,zgc153169
zgc:153184,zgc153184
zgc:153215,zgc153215
zgc:153219,zgc153219
zgc:153240,zgc153240
zgc:153284,zgc153284
zgc:153292,zgc153292
zgc:153293,zgc153293
zgc:153311,zgc153311
zgc:153317,zgc153317
zgc:153345,zgc153345
zgc:153352,zgc153352
zgc:153372,zgc153372
zgc:153383,zgc153383
zgc:153395,zgc153395
zgc:153405,zgc153405
zgc:153426,zgc153426
zgc:153431,zgc153431
zgc:153441,zgc153441
zgc:153499,zgc153499
zgc:153521,zgc153521
zgc:153615,zgc153615
zgc:153631,zgc153631
zgc:153654,zgc153654
zgc:153659,zgc153659
zgc:153665,zgc153665
zgc:153675,zgc153675
zgc:153681,zgc153681
zgc:153704,zgc153704
zgc:153713,zgc153713
zgc:153722,zgc153722
zgc:153733,zgc153733
zgc:153738,zgc153738
zgc:153759,zgc153759
zgc:153760,zgc153760
zgc:153846,zgc153846
zgc:153867,zgc153867
zgc:153896,zgc153896
zgc:153901,zgc153901
zgc:153911,zgc153911
zgc:153913,zgc153913
zgc:153920,zgc153920
zgc:153921,zgc153921
zgc:153932,zgc153932
zgc:153935,zgc153935
zgc:153968,zgc153968
zgc:153981,zgc153981
zgc:153990,zgc153990
zgc:153993,zgc153993
zgc:154046,zgc154046
zgc:154054,zgc154054
zgc:154055,zgc154055
zgc:154058,zgc154058
zgc:154061,zgc154061
zgc:154064,zgc154064
zgc:154075,zgc154075
zgc:154077,zgc154077
zgc:154086,zgc154086
zgc:154093,zgc154093
zgc:154125,zgc154125
zgc:154142,zgc154142
zgc:154164,zgc154164
zgc:158222,zgc158222
zgc:158254,zgc158254
zgc:158257,zgc158257
zgc:158258,zgc158258
zgc:158260,zgc158260
zgc:158263,zgc158263
zgc:158270,zgc158270
zgc:158291,zgc158291
zgc:158316,zgc158316
zgc:158320,zgc158320
zgc:158328,zgc158328
zgc:158343,zgc158343
zgc:158376,zgc158376
zgc:158398,zgc158398
zgc:158403,zgc158403
zgc:158404,zgc158404
zgc:158412,zgc158412
zgc:158417,zgc158417
zgc:158427,zgc158427
zgc:158432,zgc158432
zgc:158445,zgc158445
zgc:158463,zgc158463
zgc:158464,zgc158464
zgc:158482,zgc158482
zgc:158517,zgc158517
zgc:158564,zgc158564
zgc:158640,zgc158640
zgc:158659,zgc158659
zgc:158689,zgc158689
zgc:158701,zgc158701
zgc:158785,zgc158785
zgc:158803,zgc158803
zgc:158846,zgc158846
zgc:158862,zgc158862
zgc:158868,zgc158868
zgc:161969,zgc161969
zgc:161973,zgc161973
zgc:162025,zgc162025
zgc:162160,zgc162160
zgc:162171,zgc162171
zgc:162182,zgc162182
zgc:162184,zgc162184
zgc:162193,zgc162193
zgc:162200,zgc162200
zgc:162255,zgc162255
zgc:162297,zgc162297
zgc:162324,zgc162324
zgc:162331,zgc162331
zgc:162339,zgc162339
zgc:162344,zgc162344
zgc:162396,zgc162396
zgc:162472,zgc162472
zgc:162509,zgc162509
zgc:162592,zgc162592
zgc:162608,zgc162608
zgc:162611,zgc162611
zgc:162612,zgc162612
zgc:162613,zgc162613
zgc:162698,zgc162698
zgc:162707,zgc162707
zgc:162730,zgc162730
zgc:162780,zgc162780
zgc:162816,zgc162816
zgc:162858,zgc162858
zgc:162872,zgc162872
zgc:162879,zgc162879
zgc:162898,zgc162898
zgc:162928,zgc162928
zgc:162939,zgc162939
zgc:162944,zgc162944
zgc:162948,zgc162948
zgc:162952,zgc162952
zgc:162962,zgc162962
zgc:162964,zgc162964
zgc:162971,zgc162971
zgc:162972,zgc162972
zgc:162989,zgc162989
zgc:163014,zgc163014
zgc:163030,zgc163030
zgc:163057,zgc163057
zgc:163077,zgc163077
zgc:163079,zgc163079
zgc:163080,zgc163080
zgc:163083,zgc163083
zgc:163098,zgc163098
zgc:163121,zgc163121
zgc:163143,zgc163143
zgc:165409,zgc165409
zgc:165423,zgc165423
zgc:165453,zgc165453
zgc:165461,zgc165461
zgc:165481,zgc165481
zgc:165508,zgc165508
zgc:165514,zgc165514
zgc:165515,zgc165515
zgc:165518,zgc165518
zgc:165519,zgc165519
zgc:165539,zgc165539
zgc:165573,zgc165573
zgc:165582,zgc165582
zgc:165603,zgc165603
zgc:165604,zgc165604
zgc:165653,zgc165653
zgc:165656,zgc165656
zgc:171220,zgc171220
zgc:171242,zgc171242
zgc:171310,zgc171310
zgc:171424,zgc171424
zgc:171426,zgc171426
zgc:171435,zgc171435
zgc:171445,zgc171445
zgc:171446,zgc171446
zgc:171452,zgc171452
zgc:171459,zgc171459
zgc:171470,zgc171470
zgc:171474,zgc171474
zgc:171480,zgc171480
zgc:171482,zgc171482
zgc:171489,zgc171489
zgc:171490,zgc171490
zgc:171497,zgc171497
zgc:171500,zgc171500
zgc:171501,zgc171501
zgc:171506,zgc171506
zgc:171509,zgc171509
zgc:171517,zgc171517
zgc:171534,zgc171534
zgc:171551,zgc171551
zgc:171558,zgc171558
zgc:171592,zgc171592
zgc:171599,zgc171599
zgc:171601,zgc171601
zgc:171604,zgc171604
zgc:171673,zgc171673
zgc:171679,zgc171679
zgc:171686,zgc171686
zgc:171687,zgc171687
zgc:171695,zgc171695
zgc:171699,zgc171699
zgc:171704,zgc171704
zgc:171711,zgc171711
zgc:171717,zgc171717
zgc:171727,zgc171727
zgc:171731,zgc171731
zgc:171734,zgc171734
zgc:171740,zgc171740
zgc:171750,zgc171750
zgc:171775,zgc171775
zgc:171776,zgc171776
zgc:171779,zgc171779
zgc:171844,zgc171844
zgc:171857,zgc171857
zgc:171887,zgc171887
zgc:171901,zgc171901
zgc:171927,zgc171927
zgc:171965,zgc171965
zgc:171967,zgc171967
zgc:171971,zgc171971
zgc:171977,zgc171977
zgc:172014,zgc172014
zgc:172051,zgc172051
zgc:172053,zgc172053
zgc:172065,zgc172065
zgc:172079,zgc172079
zgc:172090,zgc172090
zgc:172091,zgc172091
zgc:172106,zgc172106
zgc:172120,zgc172120
zgc:172121,zgc172121
zgc:172122,zgc172122
zgc:172128,zgc172128
zgc:172131,zgc172131
zgc:172133,zgc172133
zgc:172139,zgc172139
zgc:172145,zgc172145
zgc:172182,zgc172182
zgc:172215,zgc172215
zgc:172253,zgc172253
zgc:172270,zgc172270
zgc:172271,zgc172271
zgc:172282,zgc172282
zgc:172302,zgc172302
zgc:172323,zgc172323
zgc:172339,zgc172339
zgc:172341,zgc172341
zgc:173443,zgc173443
zgc:173480,zgc173480
zgc:173486,zgc173486
zgc:173517,zgc173517
zgc:173544,zgc173544
zgc:173545,zgc173545
zgc:173548,zgc173548
zgc:173570,zgc173570
zgc:173575,zgc173575
zgc:173577,zgc173577
zgc:173581,zgc173581
zgc:173585,zgc173585
zgc:173587,zgc173587
zgc:173615,zgc173615
zgc:173619,zgc173619
zgc:173624,zgc173624
zgc:173693,zgc173693
zgc:173705,zgc173705
zgc:173709,zgc173709
zgc:173714,zgc173714
zgc:173720,zgc173720
zgc:173726,zgc173726
zgc:173737,zgc173737
zgc:173742,zgc173742
zgc:173770,zgc173770
zgc:173816,zgc173816
zgc:173837,zgc173837
zgc:173856,zgc173856
zgc:173915,zgc173915
zgc:174153,zgc174153
zgc:174164,zgc174164
zgc:174222,zgc174222
zgc:174224,zgc174224
zgc:174259,zgc174259
zgc:174263,zgc174263
zgc:174268,zgc174268
zgc:174275,zgc174275
zgc:174288,zgc174288
zgc:174310,zgc174310
zgc:174314,zgc174314
zgc:174315,zgc174315
zgc:174320,zgc174320
zgc:174354,zgc174354
zgc:174355,zgc174355
zgc:174573,zgc174573
zgc:174574,zgc174574
zgc:174624,zgc174624
zgc:174646,zgc174646
zgc:174653,zgc174653
zgc:174680,zgc174680
zgc:174696,zgc174696
zgc:174698,zgc174698
zgc:174702,zgc174702
zgc:174704,zgc174704
zgc:174710,zgc174710
zgc:174719,zgc174719
zgc:174862,zgc174862
zgc:174863,zgc174863
zgc:174877,zgc174877
zgc:174888,zgc174888
zgc:174890,zgc174890
zgc:174895,zgc174895
zgc:174904,zgc174904
zgc:174906,zgc174906
zgc:174917,zgc174917
zgc:174931,zgc174931
zgc:174935,zgc174935
zgc:174938,zgc174938
zgc:174945,zgc174945
zgc:174972,zgc174972
zgc:175088,zgc175088
zgc:175107,zgc175107
zgc:175135,zgc175135
zgc:175136,zgc175136
zgc:175139,zgc175139
zgc:175177,zgc175177
zgc:175214,zgc175214
zgc:175248,zgc175248
zgc:175264,zgc175264
zgc:175280,zgc175280
zgc:175284,zgc175284
zgc:193505,zgc193505
zgc:193541,zgc193541
zgc:193690,zgc193690
zgc:193711,zgc193711
zgc:193726,zgc193726
zgc:193742,zgc193742
zgc:193790,zgc193790
zgc:193801,zgc193801
zgc:193807,zgc193807
zgc:193811,zgc193811
zgc:193812,zgc193812
zgc:194007,zgc194007
zgc:194101,zgc194101
zgc:194114,zgc194114
zgc:194189,zgc194189
zgc:194202,zgc194202
zgc:194209,zgc194209
zgc:194210,zgc194210
zgc:194215,zgc194215
zgc:194224,zgc194224
zgc:194242,zgc194242
zgc:194246,zgc194246
zgc:194252,zgc194252
zgc:194275,zgc194275
zgc:194281,zgc194281
zgc:194285,zgc194285
zgc:194312,zgc194312
zgc:194330,zgc194330
zgc:194336,zgc194336
zgc:194398,zgc194398
zgc:194418,zgc194418
zgc:194443,zgc194443
zgc:194469,zgc194469
zgc:194551,zgc194551
zgc:194578,zgc194578
zgc:194621,zgc194621
zgc:194627,zgc194627
zgc:194629,zgc194629
zgc:194655,zgc194655
zgc:194659,zgc194659
zgc:194665,zgc194665
zgc:194679,zgc194679
zgc:194839,zgc194839
zgc:194887,zgc194887
zgc:194908,zgc194908
zgc:194930,zgc194930
zgc:194948,zgc194948
zgc:194981,zgc194981
zgc:194989,zgc194989
zgc:194990,zgc194990
zgc:195001,zgc195001
zgc:195023,zgc195023
zgc:195050,zgc195050
zgc:195075,zgc195075
zgc:195077,zgc195077
zgc:195081,zgc195081
zgc:195170,zgc195170
zgc:195173,zgc195173
zgc:195175,zgc195175
zgc:195212,zgc195212
zgc:195245,zgc195245
zgc:195282,zgc195282
zgc:195356,zgc195356
zgc:198241,zgc198241
zgc:198329,zgc198329
zgc:198371,zgc198371
zgc:55262,zgc55262
zgc:55461,zgc55461
zgc:55558,zgc55558
zgc:55733,zgc55733
zgc:55781,zgc55781
zgc:55888,zgc55888
zgc:55943,zgc55943
zgc:56095,zgc56095
zgc:56106,zgc56106
zgc:56231,zgc56231
zgc:56235,zgc56235
zgc:56304,zgc56304
zgc:56409,zgc56409
zgc:56525,zgc56525
zgc:56556,zgc56556
zgc:56585,zgc56585
zgc:56622,zgc56622
zgc:56628,zgc56628
zgc:56676,zgc56676
zgc:56699,zgc56699
zgc:63470,zgc63470
zgc:63568,zgc63568
zgc:63569,zgc63569
zgc:63587,zgc63587
zgc:63831,zgc63831
zgc:63863,zgc63863
zgc:63882,zgc63882
zgc:63972,zgc63972
zgc:64002,zgc64002
zgc:64022,zgc64022
zgc:64065,zgc64065
zgc:64106,zgc64106
zgc:64189,zgc64189
zgc:64201,zgc64201
zgc:65873,zgc65873
zgc:65894,zgc65894
zgc:65895,zgc65895
zgc:65997,zgc65997
zgc:66024,zgc66024
zgc:66160,zgc66160
zgc:66313,zgc66313
zgc:66388,zgc66388
zgc:66426,zgc66426
zgc:66427,zgc66427
zgc:66433,zgc66433
zgc:66440,zgc66440
zgc:66443,zgc66443
zgc:66447,zgc66447
zgc:66448,zgc66448
zgc:66455,zgc66455
zgc:66472,zgc66472
zgc:66473,zgc66473
zgc:66474,zgc66474
zgc:66475,zgc66475
zgc:66479,zgc66479
zgc:66483,zgc66483
zgc:66484,zgc66484
zgc:73226,zgc73226
zgc:73359,zgc73359
zgc:76872,zgc76872
zgc:77056,zgc77056
zgc:77058,zgc77058
zgc:77086,zgc77086
zgc:77112,zgc77112
zgc:77118,zgc77118
zgc:77151,zgc77151
zgc:77197,zgc77197
zgc:77262,zgc77262
zgc:77287,zgc77287
zgc:77375,zgc77375
zgc:77398,zgc77398
zgc:77439,zgc77439
zgc:77486,zgc77486
zgc:77650,zgc77650
zgc:77739,zgc77739
zgc:77748,zgc77748
zgc:77752,zgc77752
zgc:77784,zgc77784
zgc:77838,zgc77838
zgc:77849,zgc77849
zgc:77880,zgc77880
zgc:77929,zgc77929
zgc:77938,zgc77938
zgc:85722,zgc85722
zgc:85777,zgc85777
zgc:85789,zgc85789
zgc:85843,zgc85843
zgc:85858,zgc85858
zgc:85932,zgc85932
zgc:85936,zgc85936
zgc:86598,zgc86598
zgc:86609,zgc86609
zgc:86709,zgc86709
zgc:86738,zgc86738
zgc:86764,zgc86764
zgc:86896,zgc86896
zgc:91849,zgc91849
zgc:91850,zgc91850
zgc:91860,zgc91860
zgc:91890,zgc91890
zgc:91910,zgc91910
zgc:91944,zgc91944
zgc:91968,zgc91968
zgc:91976,zgc91976
zgc:91999,zgc91999
zgc:92040,zgc92040
zgc:92107,zgc92107
zgc:92137,zgc92137
zgc:92140,zgc92140
zgc:92161,zgc92161
zgc:92162,zgc92162
zgc:92242,zgc92242
zgc:92275,zgc92275
zgc:92287,zgc92287
zgc:92313,zgc92313
zgc:92335,zgc92335
zgc:92360,zgc92360
zgc:92380,zgc92380
zgc:92429,zgc92429
zgc:92481,zgc92481
zgc:92518,zgc92518
zgc:92590,zgc92590
zgc:92591,zgc92591
zgc:92594,zgc92594
zgc:92606,zgc92606
zgc:92630,zgc92630
zgc:92664,zgc92664
zgc:92749,zgc92749
zgc:92818,zgc92818
zgc:92873,zgc92873
zgc:92907,zgc92907
zgc:92912,zgc92912
zglp1,zglp1
zgpat,zgpat
zhx2a,zhx2a
zhx2b,zhx2b
zhx3,zhx3
zic1,zic1
zic2a,zic2a
zic2b,zic2b
zic3,zic3
zic4,zic4
zic5,zic5
zic6,zic6
zmat2,zmat2
zmat3,zmat3
zmat4a,zmat4a
zmat4b,zmat4b
zmat5,zmat5
zmiz1a,zmiz1a
zmiz1b,zmiz1b
zmiz2,zmiz2
zmp:0000000521,zmp0000000521
zmp:0000000529,zmp0000000529
zmp:0000000606,zmp0000000606
zmp:0000000608,zmp0000000608
zmp:0000000619,zmp0000000619
zmp:0000000624,zmp0000000624
zmp:0000000625,zmp0000000625
zmp:0000000650,zmp0000000650
zmp:0000000652,zmp0000000652
zmp:0000000662,zmp0000000662
zmp:0000000711,zmp0000000711
zmp:0000000735,zmp0000000735
zmp:0000000755,zmp0000000755
zmp:0000000760,zmp0000000760
zmp:0000000794,zmp0000000794
zmp:0000000845,zmp0000000845
zmp:0000000846,zmp0000000846
zmp:0000000881,zmp0000000881
zmp:0000000906,zmp0000000906
zmp:0000000912,zmp0000000912
zmp:0000000924,zmp0000000924
zmp:0000000932,zmp0000000932
zmp:0000000936,zmp0000000936
zmp:0000000937,zmp0000000937
zmp:0000000951,zmp0000000951
zmp:0000000971,zmp0000000971
zmp:0000000984,zmp0000000984
zmp:0000000991,zmp0000000991
zmp:0000001003,zmp0000001003
zmp:0000001006,zmp0000001006
zmp:0000001020,zmp0000001020
zmp:0000001031,zmp0000001031
zmp:0000001048,zmp0000001048
zmp:0000001062,zmp0000001062
zmp:0000001069,zmp0000001069
zmp:0000001073,zmp0000001073
zmp:0000001074,zmp0000001074
zmp:0000001082,zmp0000001082
zmp:0000001088,zmp0000001088
zmp:0000001114,zmp0000001114
zmp:0000001127,zmp0000001127
zmp:0000001138,zmp0000001138
zmp:0000001161,zmp0000001161
zmp:0000001172,zmp0000001172
zmp:0000001174,zmp0000001174
zmp:0000001228,zmp0000001228
zmp:0000001267,zmp0000001267
zmp:0000001268,zmp0000001268
zmp:0000001289,zmp0000001289
zmp:0000001301,zmp0000001301
zmp:0000001316,zmp0000001316
zmp:0000001323,zmp0000001323
zmpste24,zmpste24
zmym2,zmym2
zmym4,zmym4
zmynd10,zmynd10
zmynd19,zmynd19
zmynd8,zmynd8
znf1000,znf1000
znf1001,znf1001
znf1002,znf1002
znf1003,znf1003
znf1005,znf1005
znf1007,znf1007
znf1008,znf1008
znf1009,znf1009
znf1010,znf1010
znf1011,znf1011
znf1013,znf1013
znf1014,znf1014
znf1015,znf1015
znf1016,znf1016
znf1017,znf1017
znf1018,znf1018
znf1020,znf1020
znf1024,znf1024
znf1025,znf1025
znf1027,znf1027
znf1028,znf1028
znf1029,znf1029
znf1030,znf1030
znf1032,znf1032
znf1033,znf1033
znf1034,znf1034
znf1035,znf1035
znf1036,znf1036
znf1037,znf1037
znf1038,znf1038
znf1039,znf1039
znf1040,znf1040
znf1041,znf1041
znf1042,znf1042
znf1043,znf1043
znf1045,znf1045
znf1047,znf1047
znf1048,znf1048
znf1049,znf1049
znf1050,znf1050
znf1051,znf1051
znf1052,znf1052
znf1055,znf1055
znf1056,znf1056
znf1057,znf1057
znf1058,znf1058
znf1059,znf1059
znf1061,znf1061
znf1063,znf1063
znf1064,znf1064
znf1065,znf1065
znf1066,znf1066
znf1068,znf1068
znf1069,znf1069
znf106a,znf106a
znf106b,znf106b
znf1070,znf1070
znf1071,znf1071
znf1072,znf1072
znf1073,znf1073
znf1074,znf1074
znf1077,znf1077
znf1078,znf1078
znf1079,znf1079
znf1080,znf1080
znf1081,znf1081
znf1082,znf1082
znf1083,znf1083
znf1084,znf1084
znf1087,znf1087
znf1089,znf1089
znf1090,znf1090
znf1091,znf1091
znf1092,znf1092
znf1093,znf1093
znf1094,znf1094
znf1095,znf1095
znf1096,znf1096
znf1097,znf1097
znf1098,znf1098
znf1099,znf1099
znf1100,znf1100
znf1101,znf1101
znf1103,znf1103
znf1105,znf1105
znf1106,znf1106
znf1107,znf1107
znf1109,znf1109
znf1110,znf1110
znf1111,znf1111
znf1112,znf1112
znf1113,znf1113
znf1114,znf1114
znf1116,znf1116
znf1117,znf1117
znf1119,znf1119
znf1122,znf1122
znf1124,znf1124
znf1125,znf1125
znf1126,znf1126
znf1128,znf1128
znf1129,znf1129
znf1130,znf1130
znf1131,znf1131
znf1132,znf1132
znf1133,znf1133
znf1134,znf1134
znf1135,znf1135
znf1136,znf1136
znf1138,znf1138
znf1139,znf1139
znf1140,znf1140
znf1143,znf1143
znf1144,znf1144
znf1145,znf1145
znf1147,znf1147
znf1148,znf1148
znf1150,znf1150
znf1151,znf1151
znf1152,znf1152
znf1153,znf1153
znf1154,znf1154
znf1155,znf1155
znf1156,znf1156
znf1157,znf1157
znf1158,znf1158
znf1159,znf1159
znf1160,znf1160
znf1161,znf1161
znf1162,znf1162
znf1163,znf1163
znf1164,znf1164
znf1166,znf1166
znf1167,znf1167
znf1168,znf1168
znf1169,znf1169
znf1171,znf1171
znf1172,znf1172
znf1173,znf1173
znf1174,znf1174
znf1175,znf1175
znf1178,znf1178
znf1179,znf1179
znf1181,znf1181
znf1182,znf1182
znf1183,znf1183
znf1184,znf1184
znf131,znf131
znf142,znf142
znf143a,znf143a
znf143b,znf143b
znf148,znf148
znf16l,znf16l
znf185,znf185
znf207a,znf207a
znf207b,znf207b
znf217,znf217
znf219,znf219
znf236,znf236
ZNF276,ZNF276
znf277,znf277
znf280d,znf280d
znf281a,znf281a
znf281b,znf281b
znf292a,znf292a
znf292b,znf292b
znf296,znf296
znf318,znf318
znf319b,znf319b
znf326,znf326
znf330,znf330
ZNF335,ZNF335
znf341,znf341
znf346,znf346
znf362a,znf362a
znf362b,znf362b
znf365,znf365
znf366,znf366
znf367,znf367
znf385a,znf385a
znf385b,znf385b
znf385c,znf385c
znf385d,znf385d
znf395a,znf395a
znf395b,znf395b
znf407,znf407
znf408,znf408
znf410,znf410
znf414,znf414
znf423,znf423
znf438,znf438
znf451,znf451
znf45l,znf45l
ZNF462,ZNF462
znf503,znf503
znf507,znf507
znf511,znf511
znf512,znf512
ZNF512B,ZNF512B
znf513a,znf513a
znf513b,znf513b
znf516,znf516
znf518b,znf518b
znf521,znf521
znf526,znf526
znf532,znf532
znf536,znf536
znf541,znf541
znf569l,znf569l
znf574,znf574
znf576.1,znf576.1
znf576.2,znf576.2
znf592,znf592
znf593,znf593
znf598,znf598
znf608,znf608
znf609a,znf609a
znf609b,znf609b
znf618,znf618
znf622,znf622
znf628,znf628
znf644a,znf644a
znf644b,znf644b
znf646,znf646
znf648,znf648
znf652,znf652
znf653,znf653
znf654,znf654
znf668,znf668
znf687a,znf687a
znf687b,znf687b
znf692,znf692
znf703,znf703
znf704,znf704
znf706,znf706
znf710a,znf710a
znf710b,znf710b
znf711,znf711
znf740a,znf740a
znf740b,znf740b
znf750,znf750
znf76,znf76
znf770,znf770
znf800a,znf800a
znf800b,znf800b
znf804a,znf804a
znf804b,znf804b
znf827,znf827
znf831,znf831
znf839,znf839
znf865,znf865
znf970,znf970
znf971,znf971
znf972,znf972
znf973,znf973
znf975,znf975
znf976,znf976
znf977,znf977
znf979,znf979
znf982,znf982
znf983,znf983
znf986,znf986
znf987,znf987
znf988,znf988
znf989,znf989
znf990,znf990
znf991,znf991
znf992,znf992
znf994,znf994
znf995,znf995
znf996,znf996
znf997,znf997
znf998,znf998
znf999,znf999
znfl1,znfl1
znfl1b,znfl1b
znfl1c,znfl1c
znfl1g,znfl1g
znfl1h,znfl1h
znfl1i,znfl1i
znfl1k,znfl1k
znfl2a,znfl2a
znfx1,znfx1
znhit1,znhit1
znhit2,znhit2
znhit3,znhit3
znhit6,znhit6
znrd1,znrd1
znrf1,znrf1
znrf2a,znrf2a
znrf2b,znrf2b
znrf3,znrf3
zp2.1,zp2.1
zp2.2,zp2.2
zp2.3,zp2.3
zp2.5,zp2.5
zp2.6,zp2.6
zp2l2,zp2l2
zp3,zp3
zp3.2,zp3.2
zp3a.1,zp3a.1
zp3a.2,zp3a.2
zp3b,zp3b
zp3c,zp3c
zp3d.1,zp3d.1
zp3d.2,zp3d.2
zpcx,zpcx
zpld1a,zpld1a
zpld1b,zpld1b
zpr1,zpr1
zranb1a,zranb1a
zranb1b,zranb1b
zranb2,zranb2
zranb3,zranb3
zrsr2,zrsr2
zswim2,zswim2
zswim5,zswim5
zswim6,zswim6
zswim7,zswim7
zswim8,zswim8
zte38,zte38
zufsp,zufsp
zw10,zw10
zwi,zwi
zwilch,zwilch
zyg11,zyg11
zyx,zyx
zzef1,zzef1
zzz3,zzz3
aanat2,aanat2
abca4a,abca4a
abcc6b.1,abcc6b.1
ABCD2 (1 of many),ABCD2 (1 of many)
abcg2d,abcg2d
abhd6a,abhd6a
abi3bpa,abi3bpa
ace,ace
acod1,acod1
acot22,acot22
ADAM12 (1 of many),ADAM12 (1 of many)
adamts15b,adamts15b
adarb2,adarb2
adgra1a,adgra1a
adgre15,adgre15
adgre16,adgre16
adgre5a,adgre5a
adgre7,adgre7
adipoqb,adipoqb
adm2a,adm2a
adra1aa,adra1aa
adra2db,adra2db
agtr1a,agtr1a
ahsg1,ahsg1
ak9,ak9
akr1a1a,akr1a1a
AL590145.1,AL590145.1
AL590149.1,AL590149.1
AL590152.1,AL590152.1
AL627088.1,AL627088.1
AL732567.1,AL732567.1
AL732629.1,AL732629.1
AL772146.1,AL772146.1
AL772300.2,AL772300.2
AL807749.2,AL807749.2
AL808121.1,AL808121.1
AL831726.2,AL831726.2
AL844185.1,AL844185.1
AL844563.1,AL844563.1
AL845324.2,AL845324.2
AL845362.1,AL845362.1
AL845428.1,AL845428.1
AL928685.3,AL928685.3
AL928725.1,AL928725.1
AL928824.2,AL928824.2
AL928824.3,AL928824.3
AL928866.1,AL928866.1
AL928866.2,AL928866.2
AL928977.1,AL928977.1
AL929017.1,AL929017.1
AL929114.2,AL929114.2
AL929208.1,AL929208.1
AL929229.1,AL929229.1
AL929276.2,AL929276.2
AL929294.1,AL929294.1
AL929435.2,AL929435.2
AL929493.2,AL929493.2
AL935145.1,AL935145.1
AL935174.3,AL935174.3
AL935186.9,AL935186.9
AL935195.1,AL935195.1
AL935198.1,AL935198.1
AL935269.1,AL935269.1
AL935294.1,AL935294.1
AL935300.1,AL935300.1
AL935303.1,AL935303.1
AL953841.1,AL953841.1
AL953858.1,AL953858.1
AL953893.1,AL953893.1
AL953894.1,AL953894.1
AL954149.2,AL954149.2
AL954359.1,AL954359.1
AL954361.1,AL954361.1
AL954387.1,AL954387.1
AL954682.1,AL954682.1
AL954695.1,AL954695.1
AL954767.1,AL954767.1
alpi.2,alpi.2
AMDHD1,AMDHD1
and4,and4
ankrd2,ankrd2
ankrd27,ankrd27
ankrd34ba,ankrd34ba
anks4b,anks4b
ANO2 (1 of many),ANO2 (1 of many)
ano9a,ano9a
antxr2b,antxr2b
ANXA1 (1 of many),ANXA1 (1 of many)
aoc1,aoc1
ap1m1,ap1m1
ap3b1a,ap3b1a
apoc4,apoc4
appl2,appl2
aqp3b,aqp3b
aqp9a,aqp9a
ARF5 (1 of many),ARF5 (1 of many)
arfgef1,arfgef1
arhgap10,arhgap10
ARHGAP22 (1 of many),ARHGAP22 (1 of many)
arhgap27l,arhgap27l
arhgef10la,arhgef10la
artna,artna
asb10,asb10
asb15b,asb15b
asic1b,asic1b
atat1,atat1
ATG2A,ATG2A
atp2a1,atp2a1
atp6v1f,atp6v1f
atp8b2,atp8b2
atr,atr
avp,avp
avpr1aa,avpr1aa
b2ml,b2ml
b3gat1b,b3gat1b
B3GNT10,B3GNT10
baalcb,baalcb
bcl11aa,bcl11aa
bcorl1,bcorl1
bdkrb1,bdkrb1
bdnf,bdnf
best1,best1
bhmt,bhmt
bicc1b,bicc1b
bmp10,bmp10
bmp10l,bmp10l
bmp2a,bmp2a
bmp8a,bmp8a
bmpr1bb,bmpr1bb
bmpr2b,bmpr2b
braf,braf
btr16,btr16
btr18,btr18
btr24,btr24
btr31,btr31
btr32,btr32
BX000363.1,BX000363.1
BX000705.1,BX000705.1
BX000981.2,BX000981.2
BX001023.1,BX001023.1
BX001023.2,BX001023.2
BX001047.1,BX001047.1
BX004770.1,BX004770.1
BX004774.1,BX004774.1
BX004779.2,BX004779.2
BX004785.1,BX004785.1
BX004800.1,BX004800.1
BX004812.1,BX004812.1
BX004816.2,BX004816.2
BX004873.1,BX004873.1
BX004962.1,BX004962.1
BX004996.1,BX004996.1
BX005024.2,BX005024.2
BX005043.2,BX005043.2
BX005054.1,BX005054.1
BX005079.1,BX005079.1
BX005108.1,BX005108.1
BX005124.2,BX005124.2
BX005129.2,BX005129.2
BX005129.3,BX005129.3
BX005129.4,BX005129.4
BX005153.1,BX005153.1
BX005153.2,BX005153.2
BX005154.1,BX005154.1
BX005183.1,BX005183.1
BX005183.2,BX005183.2
BX005183.3,BX005183.3
BX005234.1,BX005234.1
BX005256.1,BX005256.1
BX005286.3,BX005286.3
BX005313.2,BX005313.2
BX005364.1,BX005364.1
BX005372.1,BX005372.1
BX005380.1,BX005380.1
BX005389.1,BX005389.1
BX005389.2,BX005389.2
BX005389.3,BX005389.3
BX005392.4,BX005392.4
BX005399.3,BX005399.3
BX005417.1,BX005417.1
BX005445.1,BX005445.1
BX005454.1,BX005454.1
BX072554.1,BX072554.1
BX072564.1,BX072564.1
BX072577.1,BX072577.1
BX088644.1,BX088644.1
BX088649.2,BX088649.2
BX119902.1,BX119902.1
BX119902.3,BX119902.3
BX119963.1,BX119963.1
BX119963.2,BX119963.2
BX119963.4,BX119963.4
BX247865.2,BX247865.2
BX248082.1,BX248082.1
BX248097.3,BX248097.3
BX248118.1,BX248118.1
BX248243.1,BX248243.1
BX248331.4,BX248331.4
BX248332.1,BX248332.1
BX248399.1,BX248399.1
BX248410.3,BX248410.3
BX248410.4,BX248410.4
BX248512.1,BX248512.1
BX248517.1,BX248517.1
BX255897.1,BX255897.1
BX255944.1,BX255944.1
BX276102.1,BX276102.1
BX276128.1,BX276128.1
BX284697.2,BX284697.2
BX293991.1,BX293991.1
BX294113.1,BX294113.1
BX294163.1,BX294163.1
BX294165.1,BX294165.1
BX294181.1,BX294181.1
BX294379.1,BX294379.1
BX294387.1,BX294387.1
BX294661.1,BX294661.1
BX296516.1,BX296516.1
BX321875.3,BX321875.3
BX322575.1,BX322575.1
BX322618.1,BX322618.1
BX322647.1,BX322647.1
BX322657.1,BX322657.1
BX322657.4,BX322657.4
BX322660.1,BX322660.1
BX323060.3,BX323060.3
BX323064.2,BX323064.2
BX323065.1,BX323065.1
BX323076.1,BX323076.1
BX323079.1,BX323079.1
BX323444.2,BX323444.2
BX323457.3,BX323457.3
BX323461.1,BX323461.1
BX323543.4,BX323543.4
BX323544.1,BX323544.1
BX323550.1,BX323550.1
BX323797.1,BX323797.1
BX323812.1,BX323812.1
BX323839.1,BX323839.1
BX323854.1,BX323854.1
BX323876.1,BX323876.1
BX323884.1,BX323884.1
BX324003.1,BX324003.1
BX324006.1,BX324006.1
BX324006.2,BX324006.2
BX324006.3,BX324006.3
BX324134.1,BX324134.1
BX324137.1,BX324137.1
BX324142.1,BX324142.1
BX324164.1,BX324164.1
BX324166.1,BX324166.1
BX324177.1,BX324177.1
BX324206.1,BX324206.1
BX324213.1,BX324213.1
BX324216.3,BX324216.3
BX324227.3,BX324227.3
BX324233.1,BX324233.1
BX465205.1,BX465205.1
BX465206.1,BX465206.1
BX465208.1,BX465208.1
BX465225.1,BX465225.1
BX465834.1,BX465834.1
BX465836.1,BX465836.1
BX465848.2,BX465848.2
BX465864.1,BX465864.1
BX469910.2,BX469910.2
BX469918.1,BX469918.1
BX469925.3,BX469925.3
BX470107.1,BX470107.1
BX470128.1,BX470128.1
BX470224.2,BX470224.2
BX470224.3,BX470224.3
BX510309.2,BX510309.2
BX510324.1,BX510324.1
BX510657.1,BX510657.1
BX510917.1,BX510917.1
BX510928.1,BX510928.1
BX510934.1,BX510934.1
BX510934.3,BX510934.3
BX510938.1,BX510938.1
BX510989.2,BX510989.2
BX510996.1,BX510996.1
BX511018.2,BX511018.2
BX511024.1,BX511024.1
BX511066.2,BX511066.2
BX511080.1,BX511080.1
BX511082.1,BX511082.1
BX511089.1,BX511089.1
BX511089.3,BX511089.3
BX511089.4,BX511089.4
BX511128.3,BX511128.3
BX511132.1,BX511132.1
BX511224.1,BX511224.1
BX511227.1,BX511227.1
BX511308.1,BX511308.1
BX511311.3,BX511311.3
BX530018.1,BX530018.1
BX530032.1,BX530032.1
BX530034.1,BX530034.1
BX537103.1,BX537103.1
BX537137.2,BX537137.2
BX537162.1,BX537162.1
BX537249.1,BX537249.1
BX537263.3,BX537263.3
BX537274.2,BX537274.2
BX537338.1,BX537338.1
BX539307.2,BX539307.2
BX539313.1,BX539313.1
BX545855.1,BX545855.1
BX545917.1,BX545917.1
BX545917.2,BX545917.2
BX545917.4,BX545917.4
BX545917.7,BX545917.7
BX546499.1,BX546499.1
BX547928.1,BX547928.1
BX547930.2,BX547930.2
BX547930.3,BX547930.3
BX547993.2,BX547993.2
BX548011.3,BX548011.3
BX548032.2,BX548032.2
BX548164.1,BX548164.1
BX569779.1,BX569779.1
BX569790.1,BX569790.1
BX569801.1,BX569801.1
BX571665.1,BX571665.1
BX571681.5,BX571681.5
BX571711.1,BX571711.1
BX571719.1,BX571719.1
BX571724.1,BX571724.1
BX571803.2,BX571803.2
BX571803.3,BX571803.3
BX571880.1,BX571880.1
BX601648.1,BX601648.1
BX629346.1,BX629346.1
BX640462.3,BX640462.3
BX640465.1,BX640465.1
BX640537.1,BX640537.1
BX640547.1,BX640547.1
BX640576.1,BX640576.1
BX640584.1,BX640584.1
BX649266.1,BX649266.1
BX649282.2,BX649282.2
BX649282.3,BX649282.3
BX649292.1,BX649292.1
BX649307.1,BX649307.1
BX649345.1,BX649345.1
BX649349.2,BX649349.2
BX649355.1,BX649355.1
BX649416.3,BX649416.3
BX649417.1,BX649417.1
BX649423.1,BX649423.1
BX649423.2,BX649423.2
BX649431.2,BX649431.2
BX649434.3,BX649434.3
BX649448.2,BX649448.2
BX649471.3,BX649471.3
BX649476.1,BX649476.1
BX649485.3,BX649485.3
BX649490.1,BX649490.1
BX649490.2,BX649490.2
BX649490.4,BX649490.4
BX649499.1,BX649499.1
BX649499.2,BX649499.2
BX649500.1,BX649500.1
BX649516.5,BX649516.5
BX649518.1,BX649518.1
BX649608.1,BX649608.1
BX649608.2,BX649608.2
BX649610.1,BX649610.1
BX649620.1,BX649620.1
BX649639.1,BX649639.1
BX663503.3,BX663503.3
BX663516.2,BX663516.2
BX663520.1,BX663520.1
BX664610.1,BX664610.1
BX664625.3,BX664625.3
BX664705.1,BX664705.1
BX664721.2,BX664721.2
BX664750.1,BX664750.1
BX666064.1,BX666064.1
BX677667.2,BX677667.2
BX681416.1,BX681416.1
BX682557.2,BX682557.2
BX784029.3,BX784029.3
BX784032.1,BX784032.1
BX842692.1,BX842692.1
BX842699.1,BX842699.1
BX842702.1,BX842702.1
BX855590.1,BX855590.1
BX890543.1,BX890543.1
BX890551.1,BX890551.1
BX890559.2,BX890559.2
BX890572.1,BX890572.1
BX890602.1,BX890602.1
BX897670.1,BX897670.1
BX897685.1,BX897685.1
BX897692.1,BX897692.1
BX901889.1,BX901889.1
BX901889.2,BX901889.2
BX901907.4,BX901907.4
BX901920.1,BX901920.1
BX901923.1,BX901923.1
BX901962.1,BX901962.1
BX908388.1,BX908388.1
BX908740.1,BX908740.1
BX908750.1,BX908750.1
BX908757.3,BX908757.3
BX908763.1,BX908763.1
BX908780.2,BX908780.2
BX908780.5,BX908780.5
BX908782.1,BX908782.1
BX908782.2,BX908782.2
BX908796.2,BX908796.2
BX914197.1,BX914197.1
BX914205.2,BX914205.2
BX914214.1,BX914214.1
BX914214.2,BX914214.2
BX927101.1,BX927101.1
BX927122.1,BX927122.1
BX927122.2,BX927122.2
BX927123.1,BX927123.1
BX927130.2,BX927130.2
BX927216.1,BX927216.1
BX927218.1,BX927218.1
BX927234.1,BX927234.1
BX927253.2,BX927253.2
BX927260.1,BX927260.1
BX927261.1,BX927261.1
BX927300.1,BX927300.1
BX927333.1,BX927333.1
BX927349.1,BX927349.1
BX927369.1,BX927369.1
BX927374.1,BX927374.1
BX927401.1,BX927401.1
BX936284.1,BX936284.1
BX936298.1,BX936298.1
BX936303.1,BX936303.1
BX936393.1,BX936393.1
BX936431.1,BX936431.1
BX950188.2,BX950188.2
BX950225.1,BX950225.1
BX950868.1,BX950868.1
BX957228.1,BX957228.1
BX957274.1,BX957274.1
BX957297.2,BX957297.2
BX957297.3,BX957297.3
BX957317.3,BX957317.3
BX957318.1,BX957318.1
BX957333.1,BX957333.1
BX957333.2,BX957333.2
BX957362.2,BX957362.2
c14h4orf45,c14h4orf45
C14orf132,C14orf132
c19h1orf216,c19h1orf216
c1qa,c1qa
c1qb,c1qb
c1ql2,c1ql2
c1qtnf5,c1qtnf5
c1qtnf6b,c1qtnf6b
c1r,c1r
C3AR1,C3AR1
ca15c,ca15c
cabp7b,cabp7b
CABZ01000635.1,CABZ01000635.1
CABZ01001434.2,CABZ01001434.2
CABZ01002809.1,CABZ01002809.1
CABZ01003056.1,CABZ01003056.1
CABZ01003476.1,CABZ01003476.1
CABZ01012957.1,CABZ01012957.1
CABZ01012962.1,CABZ01012962.1
CABZ01015525.1,CABZ01015525.1
CABZ01015815.3,CABZ01015815.3
CABZ01017717.1,CABZ01017717.1
CABZ01018956.1,CABZ01018956.1
CABZ01019904.1,CABZ01019904.1
CABZ01022564.1,CABZ01022564.1
CABZ01024659.1,CABZ01024659.1
CABZ01025162.1,CABZ01025162.1
CABZ01027551.1,CABZ01027551.1
CABZ01028298.1,CABZ01028298.1
CABZ01028768.1,CABZ01028768.1
CABZ01028771.1,CABZ01028771.1
CABZ01030278.1,CABZ01030278.1
CABZ01038521.1,CABZ01038521.1
CABZ01038697.1,CABZ01038697.1
CABZ01039096.1,CABZ01039096.1
CABZ01039863.1,CABZ01039863.1
CABZ01040626.1,CABZ01040626.1
CABZ01041494.1,CABZ01041494.1
CABZ01041495.1,CABZ01041495.1
CABZ01041610.1,CABZ01041610.1
CABZ01042594.1,CABZ01042594.1
CABZ01043956.1,CABZ01043956.1
CABZ01044108.1,CABZ01044108.1
CABZ01044746.1,CABZ01044746.1
CABZ01044765.1,CABZ01044765.1
CABZ01045212.1,CABZ01045212.1
CABZ01045414.1,CABZ01045414.1
CABZ01046093.1,CABZ01046093.1
CABZ01046427.1,CABZ01046427.1
CABZ01046427.2,CABZ01046427.2
CABZ01046949.1,CABZ01046949.1
CABZ01046980.1,CABZ01046980.1
CABZ01050062.1,CABZ01050062.1
CABZ01050105.2,CABZ01050105.2
CABZ01051901.1,CABZ01051901.1
CABZ01051977.1,CABZ01051977.1
CABZ01052573.1,CABZ01052573.1
CABZ01054391.1,CABZ01054391.1
CABZ01054509.1,CABZ01054509.1
CABZ01056051.1,CABZ01056051.1
CABZ01056054.1,CABZ01056054.1
CABZ01056637.1,CABZ01056637.1
CABZ01057928.1,CABZ01057928.1
CABZ01058222.1,CABZ01058222.1
CABZ01058277.1,CABZ01058277.1
CABZ01058647.1,CABZ01058647.1
CABZ01059392.1,CABZ01059392.1
CABZ01061501.1,CABZ01061501.1
CABZ01061894.1,CABZ01061894.1
CABZ01063203.1,CABZ01063203.1
CABZ01064248.1,CABZ01064248.1
CABZ01065416.1,CABZ01065416.1
CABZ01065423.1,CABZ01065423.1
CABZ01065684.1,CABZ01065684.1
CABZ01066312.1,CABZ01066312.1
CABZ01066611.1,CABZ01066611.1
CABZ01067151.1,CABZ01067151.1
CABZ01067175.1,CABZ01067175.1
CABZ01068208.1,CABZ01068208.1
CABZ01068359.1,CABZ01068359.1
CABZ01069324.1,CABZ01069324.1
CABZ01069436.1,CABZ01069436.1
CABZ01069945.1,CABZ01069945.1
CABZ01071061.1,CABZ01071061.1
CABZ01071909.1,CABZ01071909.1
CABZ01072242.1,CABZ01072242.1
CABZ01072309.2,CABZ01072309.2
CABZ01072563.1,CABZ01072563.1
CABZ01072815.1,CABZ01072815.1
CABZ01072989.1,CABZ01072989.1
CABZ01073015.1,CABZ01073015.1
CABZ01074470.1,CABZ01074470.1
CABZ01074886.1,CABZ01074886.1
CABZ01075125.1,CABZ01075125.1
CABZ01075611.1,CABZ01075611.1
CABZ01077176.1,CABZ01077176.1
CABZ01078080.1,CABZ01078080.1
CABZ01078600.1,CABZ01078600.1
CABZ01078663.1,CABZ01078663.1
CABZ01078858.1,CABZ01078858.1
CABZ01079116.1,CABZ01079116.1
CABZ01079748.1,CABZ01079748.1
CABZ01079804.1,CABZ01079804.1
CABZ01079818.1,CABZ01079818.1
CABZ01079870.1,CABZ01079870.1
CABZ01079873.1,CABZ01079873.1
CABZ01080098.1,CABZ01080098.1
CABZ01081535.1,CABZ01081535.1
CABZ01081748.1,CABZ01081748.1
CABZ01083546.1,CABZ01083546.1
CABZ01083778.1,CABZ01083778.1
CABZ01083815.1,CABZ01083815.1
CABZ01083937.1,CABZ01083937.1
CABZ01084961.1,CABZ01084961.1
CABZ01085140.1,CABZ01085140.1
CABZ01086139.1,CABZ01086139.1
CABZ01086611.1,CABZ01086611.1
CABZ01086835.1,CABZ01086835.1
CABZ01087502.1,CABZ01087502.1
CABZ01087566.1,CABZ01087566.1
CABZ01088275.1,CABZ01088275.1
CABZ01088346.1,CABZ01088346.1
CABZ01088982.1,CABZ01088982.1
CABZ01089777.1,CABZ01089777.1
CABZ01090544.1,CABZ01090544.1
CABZ01092942.1,CABZ01092942.1
CABZ01093429.1,CABZ01093429.1
CABZ01100185.1,CABZ01100185.1
CABZ01102039.1,CABZ01102039.1
CABZ01103860.1,CABZ01103860.1
CABZ01109058.1,CABZ01109058.1
CABZ01111555.1,CABZ01111555.1
CABZ01112050.1,CABZ01112050.1
CABZ01112344.1,CABZ01112344.1
CABZ01113373.1,CABZ01113373.1
CABZ01113981.1,CABZ01113981.1
CABZ01114581.1,CABZ01114581.1
CABZ01117357.1,CABZ01117357.1
CABZ01118004.1,CABZ01118004.1
CABZ01118270.1,CABZ01118270.1
CACNA2D3 (1 of many),CACNA2D3 (1 of many)
cacnb2a,cacnb2a
cacng1b,cacng1b
calb2a,calb2a
cald1b,cald1b
camk1db,camk1db
camkmt,camkmt
card14,card14
cart1,cart1
cbln6,cbln6
cbln8,cbln8
cbln9,cbln9
cbx7a,cbx7a
ccdc135,ccdc135
ccdc162,ccdc162
ccdc171,ccdc171
ccdc191,ccdc191
ccdc33,ccdc33
cckb,cckb
ccl20a.3,ccl20a.3
ccl20b,ccl20b
ccl25a,ccl25a
ccl34a.3,ccl34a.3
ccl34b.1,ccl34b.1
ccl35.2,ccl35.2
ccl39.2,ccl39.2
ccni2,ccni2
ccnt1,ccnt1
ccpg1,ccpg1
ccr12a,ccr12a
ccr6a,ccr6a
ccr6b,ccr6b
CCR8 (1 of many),CCR8 (1 of many)
ccr9b,ccr9b
cct2,cct2
cd180,cd180
cd247,cd247
cd27,cd27
cd79b,cd79b
cd8b,cd8b
cdc42ep1b,cdc42ep1b
cdh13,cdh13
cdh23,cdh23
CDHR1 (1 of many),CDHR1 (1 of many)
cel.1,cel.1
CELA1 (1 of many),CELA1 (1 of many)
celf3b,celf3b
CEP170B (1 of many),CEP170B (1 of many)
cfap299,cfap299
cfap36,cfap36
cfap45,cfap45
cfap57,cfap57
ch25hl2,ch25hl2
chchd7,chchd7
chrm2a,chrm2a
chrm3b,chrm3b
chrm5a,chrm5a
chrm5b,chrm5b
chst12b,chst12b
cisd2,cisd2
cldn15a,cldn15a
cldnj,cldnj
clec3bb,clec3bb
clic5b,clic5b
clic6,clic6
CMKLR1 (1 of many),CMKLR1 (1 of many)
cmpk2,cmpk2
cnga2b,cnga2b
cnga3b,cnga3b
cnga4,cnga4
cnr2,cnr2
cntd1,cntd1
cntrob,cntrob
cog4,cog4
col5a1,col5a1
col9a1a,col9a1a
COLGALT1 (1 of many),COLGALT1 (1 of many)
cops6,cops6
COQ8A (1 of many),COQ8A (1 of many)
COX7A2 (1 of many),COX7A2 (1 of many)
cplane2,cplane2
cplx4c,cplx4c
cpne4b,cpne4b
cpt1ab,cpt1ab
cpt2,cpt2
cpxm1a,cpxm1a
CR318603.2,CR318603.2
CR318607.1,CR318607.1
CR318624.1,CR318624.1
CR352209.1,CR352209.1
CR352226.1,CR352226.1
CR352226.2,CR352226.2
CR352263.1,CR352263.1
CR352265.3,CR352265.3
CR352285.1,CR352285.1
CR352338.1,CR352338.1
CR354395.1,CR354395.1
CR354398.1,CR354398.1
CR354402.1,CR354402.1
CR354429.1,CR354429.1
CR354547.3,CR354547.3
CR354549.1,CR354549.1
CR354549.10,CR354549.10
CR354549.2,CR354549.2
CR354549.5,CR354549.5
CR354549.6,CR354549.6
CR354549.7,CR354549.7
CR354549.8,CR354549.8
CR354549.9,CR354549.9
CR354556.1,CR354556.1
CR354610.2,CR354610.2
CR354611.1,CR354611.1
CR354612.1,CR354612.1
CR361551.1,CR361551.1
CR361564.1,CR361564.1
CR376738.1,CR376738.1
CR376738.2,CR376738.2
CR376740.1,CR376740.1
CR376741.5,CR376741.5
CR376774.1,CR376774.1
CR376779.1,CR376779.1
CR376785.1,CR376785.1
CR376835.1,CR376835.1
CR381579.1,CR381579.1
CR381579.3,CR381579.3
CR381621.1,CR381621.1
CR381647.2,CR381647.2
CR382281.1,CR382281.1
CR382296.1,CR382296.1
CR382363.1,CR382363.1
CR382385.1,CR382385.1
CR383662.1,CR383662.1
CR383662.3,CR383662.3
CR383662.5,CR383662.5
CR383662.6,CR383662.6
CR383668.1,CR383668.1
CR383669.7,CR383669.7
CR384062.1,CR384062.1
CR384075.1,CR384075.1
CR385026.2,CR385026.2
CR385035.1,CR385035.1
CR385050.2,CR385050.2
CR385050.3,CR385050.3
CR385077.1,CR385077.1
CR385078.2,CR385078.2
CR387921.1,CR387921.1
CR387932.1,CR387932.1
CR388040.1,CR388040.1
CR388042.2,CR388042.2
CR388052.3,CR388052.3
CR388079.3,CR388079.3
CR388132.1,CR388132.1
CR388164.1,CR388164.1
CR388164.3,CR388164.3
CR388178.2,CR388178.2
CR388184.2,CR388184.2
CR388195.1,CR388195.1
CR388373.1,CR388373.1
CR388373.3,CR388373.3
CR388413.1,CR388413.1
CR388413.5,CR388413.5
CR391925.1,CR391925.1
CR391953.1,CR391953.1
CR391963.1,CR391963.1
CR391991.1,CR391991.1
CR391991.2,CR391991.2
CR391998.1,CR391998.1
CR392001.1,CR392001.1
CR392001.2,CR392001.2
CR392001.3,CR392001.3
CR392003.1,CR392003.1
CR392026.1,CR392026.1
CR394528.1,CR394528.1
CR394546.2,CR394546.2
CR394546.3,CR394546.3
CR394546.5,CR394546.5
CR394555.1,CR394555.1
CR405687.1,CR405687.1
CR405715.1,CR405715.1
CR450686.1,CR450686.1
CR450686.4,CR450686.4
CR450686.5,CR450686.5
CR450698.1,CR450698.1
CR450716.1,CR450716.1
CR450720.1,CR450720.1
CR450749.2,CR450749.2
CR450780.3,CR450780.3
CR450814.1,CR450814.1
CR450824.2,CR450824.2
CR456628.1,CR456628.1
CR456635.1,CR456635.1
CR456642.1,CR456642.1
CR457444.10,CR457444.10
CR457444.3,CR457444.3
CR457444.4,CR457444.4
CR457444.6,CR457444.6
CR457445.1,CR457445.1
CR457447.1,CR457447.1
CR513782.2,CR513782.2
CR513782.3,CR513782.3
CR533571.1,CR533571.1
CR533578.1,CR533578.1
CR550304.1,CR550304.1
CR559945.1,CR559945.1
CR589874.1,CR589874.1
CR589875.2,CR589875.2
CR589876.1,CR589876.1
CR589941.1,CR589941.1
CR626884.3,CR626884.3
CR626884.5,CR626884.5
CR626902.1,CR626902.1
CR626923.1,CR626923.1
CR626935.1,CR626935.1
CR626941.1,CR626941.1
CR628341.2,CR628341.2
CR628410.1,CR628410.1
CR631122.1,CR631122.1
CR678435.1,CR678435.1
CR735104.1,CR735104.1
CR749167.2,CR749167.2
CR749168.1,CR749168.1
CR749168.3,CR749168.3
CR749168.4,CR749168.4
CR749763.2,CR749763.2
CR749763.4,CR749763.4
CR749763.6,CR749763.6
CR749763.7,CR749763.7
CR749775.2,CR749775.2
CR751224.1,CR751224.1
CR751227.2,CR751227.2
CR753837.1,CR753837.1
CR753837.2,CR753837.2
CR753844.1,CR753844.1
CR759845.4,CR759845.4
CR759863.1,CR759863.1
CR759878.1,CR759878.1
CR759907.1,CR759907.1
CR762395.1,CR762395.1
CR762475.2,CR762475.2
CR762483.1,CR762483.1
CR769772.2,CR769772.2
CR769772.4,CR769772.4
CR769777.1,CR769777.1
CR774179.5,CR774179.5
CR774189.1,CR774189.1
CR774194.1,CR774194.1
CR786571.3,CR786571.3
CR788230.2,CR788230.2
CR788249.1,CR788249.1
CR788255.1,CR788255.1
CR788285.1,CR788285.1
CR790365.1,CR790365.1
CR790366.3,CR790366.3
CR790388.2,CR790388.2
CR792453.3,CR792453.3
CR792457.1,CR792457.1
CR812464.1,CR812464.1
CR812470.1,CR812470.1
CR812836.1,CR812836.1
CR812896.1,CR812896.1
CR847870.2,CR847870.2
CR847898.3,CR847898.3
CR847906.1,CR847906.1
CR847936.10,CR847936.10
CR847973.1,CR847973.1
CR847983.2,CR847983.2
CR848049.1,CR848049.1
CR848703.1,CR848703.1
CR848717.1,CR848717.1
CR848757.1,CR848757.1
CR848784.1,CR848784.1
CR848784.3,CR848784.3
CR848836.1,CR848836.1
CR854897.1,CR854897.1
CR854899.1,CR854899.1
CR854907.1,CR854907.1
CR854926.1,CR854926.1
CR854945.1,CR854945.1
CR854948.1,CR854948.1
CR854963.1,CR854963.1
CR855206.1,CR855206.1
CR855206.2,CR855206.2
CR855274.1,CR855274.1
CR855277.4,CR855277.4
CR855320.1,CR855320.1
CR855375.2,CR855375.2
CR855375.3,CR855375.3
CR855379.2,CR855379.2
CR925720.1,CR925720.1
CR925723.2,CR925723.2
CR925755.2,CR925755.2
CR925761.2,CR925761.2
CR925800.1,CR925800.1
CR925802.1,CR925802.1
CR925803.1,CR925803.1
CR925863.1,CR925863.1
CR927050.1,CR927050.1
CR931802.1,CR931802.1
CR932983.2,CR932983.2
CR933017.1,CR933017.1
CR936240.1,CR936240.1
CR936300.1,CR936300.1
CR936371.1,CR936371.1
CR936378.1,CR936378.1
CR936479.1,CR936479.1
CR936968.2,CR936968.2
CR936974.1,CR936974.1
CR936977.1,CR936977.1
CR954298.1,CR954298.1
crb2b,crb2b
creb3l4,creb3l4
creb5b,creb5b
crestin,crestin
crfb4,crfb4
crlf1b,crlf1b
crtac1b,crtac1b
cryaa,cryaa
cryaba,cryaba
crygm1,crygm1
crygm2c,crygm2c
crygm2d10,crygm2d10
crygm2d11,crygm2d11
crygm2d13,crygm2d13
crygm2d15,crygm2d15
crygm2d21,crygm2d21
crygm2d4,crygm2d4
crygm2d5,crygm2d5
crygm2d7,crygm2d7
crygm2d9,crygm2d9
crygm2e,crygm2e
CSDC2 (1 of many),CSDC2 (1 of many)
csf1b,csf1b
csrp1b,csrp1b
csrp2,csrp2
CT009487.1,CT009487.1
CT027589.1,CT027589.1
CT027638.1,CT027638.1
CT027676.1,CT027676.1
CT027696.1,CT027696.1
CT027718.1,CT027718.1
CT027744.1,CT027744.1
CT027756.1,CT027756.1
CT027756.2,CT027756.2
CT027759.1,CT027759.1
CT027772.1,CT027772.1
CT027772.2,CT027772.2
CT027791.1,CT027791.1
CT027805.1,CT027805.1
CT027832.1,CT027832.1
CT030031.1,CT030031.1
CT030044.1,CT030044.1
CT030048.1,CT030048.1
CT030160.1,CT030160.1
CT573247.1,CT573247.1
CT573282.1,CT573282.1
CT573316.3,CT573316.3
CT573337.1,CT573337.1
CT573344.2,CT573344.2
CT573357.1,CT573357.1
CT573423.1,CT573423.1
CT573446.1,CT573446.1
CT573494.1,CT573494.1
CT574587.1,CT574587.1
CT583625.1,CT583625.1
CT583625.2,CT583625.2
CT583625.6,CT583625.6
CT583626.1,CT583626.1
CT583652.1,CT583652.1
CT583662.1,CT583662.1
CT583687.2,CT583687.2
CT583726.1,CT583726.1
CT583728.15,CT583728.15
CT583728.24,CT583728.24
CT583728.26,CT583728.26
CT583728.3,CT583728.3
CT737131.1,CT737131.1
CT737162.3,CT737162.3
CT737184.2,CT737184.2
CT737227.1,CT737227.1
CT955962.3,CT955962.3
CT956066.1,CT956066.1
ctnnb2,ctnnb2
ctnnd2a,ctnnd2a
CU013548.1,CU013548.1
CU019562.1,CU019562.1
CU041345.1,CU041345.1
CU041346.1,CU041346.1
CU062431.1,CU062431.1
CU062479.1,CU062479.1
CU062647.1,CU062647.1
CU074330.1,CU074330.1
CU104741.1,CU104741.1
CU137648.1,CU137648.1
CU137681.1,CU137681.1
CU137681.8,CU137681.8
CU137717.1,CU137717.1
CU138547.1,CU138547.1
CU184832.1,CU184832.1
CU207238.1,CU207238.1
CU207257.1,CU207257.1
CU207269.2,CU207269.2
CU207269.3,CU207269.3
CU207269.4,CU207269.4
CU207343.2,CU207343.2
CU207354.2,CU207354.2
CU302253.1,CU302253.1
CU302323.1,CU302323.1
CU394253.1,CU394253.1
CU459094.1,CU459094.1
CU459147.1,CU459147.1
CU462878.2,CU462878.2
CU462913.1,CU462913.1
CU463231.1,CU463231.1
CU463231.2,CU463231.2
CU464125.1,CU464125.1
CU466278.2,CU466278.2
CU467646.3,CU467646.3
CU467655.1,CU467655.1
CU467862.1,CU467862.1
CU467961.1,CU467961.1
CU468041.1,CU468041.1
CU468826.3,CU468826.3
CU468915.1,CU468915.1
CU469420.4,CU469420.4
CU469514.1,CU469514.1
CU469524.1,CU469524.1
CU499336.2,CU499336.2
CU539058.1,CU539058.1
CU550713.1,CU550713.1
CU550719.2,CU550719.2
CU565528.1,CU565528.1
CU570782.2,CU570782.2
CU570800.2,CU570800.2
CU570889.1,CU570889.1
CU570972.1,CU570972.1
CU570976.1,CU570976.1
CU571081.1,CU571081.1
CU571328.1,CU571328.1
CU571382.4,CU571382.4
CU571398.1,CU571398.1
CU633479.1,CU633479.1
CU633479.2,CU633479.2
CU633486.1,CU633486.1
CU633762.1,CU633762.1
CU633775.1,CU633775.1
CU633855.1,CU633855.1
CU634008.1,CU634008.1
CU638714.1,CU638714.1
CU639471.1,CU639471.1
CU651662.1,CU651662.1
CU652528.1,CU652528.1
CU655820.1,CU655820.1
CU655829.1,CU655829.1
CU655870.1,CU655870.1
CU657925.1,CU657925.1
CU660013.1,CU660013.1
CU660013.4,CU660013.4
CU682780.1,CU682780.1
CU693479.1,CU693479.1
CU693494.1,CU693494.1
CU694378.1,CU694378.1
CU694445.1,CU694445.1
CU695073.1,CU695073.1
CU695207.1,CU695207.1
CU695215.1,CU695215.1
CU695222.2,CU695222.2
CU855552.1,CU855552.1
CU855688.1,CU855688.1
CU855885.1,CU855885.1
CU855917.1,CU855917.1
CU855936.2,CU855936.2
CU856344.1,CU856344.1
CU856523.1,CU856523.1
CU856621.1,CU856621.1
CU861651.1,CU861651.1
CU862020.1,CU862020.1
CU896640.1,CU896640.1
CU896644.1,CU896644.1
CU914144.1,CU914144.1
CU914617.1,CU914617.1
CU914776.1,CU914776.1
CU914811.1,CU914811.1
CU915762.1,CU915762.1
CU915770.1,CU915770.1
CU915770.2,CU915770.2
CU928046.1,CU928046.1
CU928063.1,CU928063.1
CU928069.1,CU928069.1
CU928117.1,CU928117.1
CU928847.1,CU928847.1
CU929037.3,CU929037.3
CU929094.1,CU929094.1
CU929094.2,CU929094.2
CU929145.1,CU929145.1
CU929145.2,CU929145.2
CU929150.3,CU929150.3
CU929154.1,CU929154.1
CU929171.1,CU929171.1
CU929206.1,CU929206.1
CU929262.1,CU929262.1
CU929312.1,CU929312.1
CU929317.1,CU929317.1
CU929317.2,CU929317.2
CU929359.2,CU929359.2
CU929360.1,CU929360.1
CU929365.1,CU929365.1
CU929379.1,CU929379.1
CU929458.1,CU929458.1
CU929568.2,CU929568.2
CU984583.1,CU984583.1
CU986306.1,CU986306.1
cul9,cul9
cunh18orf32,cunh18orf32
cux1a,cux1a
cx28.9,cx28.9
cx30.9,cx30.9
cx31.7,cx31.7
cx36.7,cx36.7
cx40.8,cx40.8
cx52.7,cx52.7
cxcl18a.1,cxcl18a.1
cxcl19,cxcl19
cxcl32b.1,cxcl32b.1
cxcl8a,cxcl8a
cxcr5,cxcr5
cyb5d2,cyb5d2
cyp2aa11,cyp2aa11
cyp2k20,cyp2k20
cyp2k6,cyp2k6
cyp2n13,cyp2n13
cyp46a1.2,cyp46a1.2
cyp4f3,cyp4f3
cyp4v7,cyp4v7
cytip,cytip
dachd,dachd
dao.2,dao.2
dap1b,dap1b
dbx1b,dbx1b
dct,dct
ddrgk1,ddrgk1
derl2,derl2
dgkb,dgkb
dhx40,dhx40
dicp1.1,dicp1.1
dicp2.1,dicp2.1
dicp3.3,dicp3.3
dio3b,dio3b
disp2,disp2
dlg5a,dlg5a
DNAL1 (1 of many),DNAL1 (1 of many)
dock10,dock10
DOCK4 (1 of many),DOCK4 (1 of many)
dock7,dock7
dpt,dpt
dpyda.3,dpyda.3
DPYSL2 (1 of many),DPYSL2 (1 of many)
dpysl2b,dpysl2b
dre-let-7a-1,dre-let-7a-1
dre-let-7a-3,dre-let-7a-3
dre-let-7c-1,dre-let-7c-1
dscaml1,dscaml1
dusp13a,dusp13a
dusp3b,dusp3b
dusp8b,dusp8b
dynlt1,dynlt1
EBF1 (1 of many),EBF1 (1 of many)
ebi3,ebi3
ece1,ece1
ece2b,ece2b
ecscr,ecscr
ect2l,ect2l
efhc1,efhc1
egln3,egln3
ela2l,ela2l
endou2,endou2
enkur,enkur
enpp7.1,enpp7.1
entpd2a.1,entpd2a.1
epd,epd
epha4l,epha4l
ephb3,ephb3
epoa,epoa
ERBB4 (1 of many),ERBB4 (1 of many)
erc1b,erc1b
erlin2,erlin2
ext1b,ext1b
ext1c,ext1c
F13A1 (1 of many),F13A1 (1 of many)
f2r,f2r
f7,f7
F7 (1 of many),F7 (1 of many)
fabp1a,fabp1a
fam149a,fam149a
fam161b,fam161b
FAM163B (1 of many),FAM163B (1 of many)
fam166b,fam166b
fam177b,fam177b
fam208aa,fam208aa
FAM3D,FAM3D
fam78bb,fam78bb
fam81b,fam81b
fam83e,fam83e
fank1,fank1
fbln1,fbln1
fbn2a,fbn2a
fbn2a.1,fbn2a.1
fbxo36a,fbxo36a
fbxo40.1,fbxo40.1
fbxw5,fbxw5
fcer1g,fcer1g
FERMT3 (1 of many),FERMT3 (1 of many)
fgf21,fgf21
fgf23,fgf23
fgf6b,fgf6b
fgf7,fgf7
fgf9,fgf9
fhod3a,fhod3a
FITM1 (1 of many),FITM1 (1 of many)
fnbp1b,fnbp1b
fndc7rs1,fndc7rs1
fndc7rs2,fndc7rs2
fndc7rs3,fndc7rs3
FO203514.1,FO203514.1
FO393424.1,FO393424.1
FO393424.3,FO393424.3
FO393424.4,FO393424.4
FO681288.3,FO681288.3
FO704622.1,FO704622.1
FO704635.1,FO704635.1
FO704748.1,FO704748.1
FO818699.1,FO818699.1
FO818704.1,FO818704.1
FO834800.2,FO834800.2
FO834828.2,FO834828.2
FO904868.1,FO904868.1
FO904943.1,FO904943.1
FOXN2 (1 of many),FOXN2 (1 of many)
FP015862.1,FP015862.1
FP015866.4,FP015866.4
FP016005.2,FP016005.2
FP016142.2,FP016142.2
FP016142.5,FP016142.5
FP016142.6,FP016142.6
FP016142.7,FP016142.7
FP016205.1,FP016205.1
FP017151.1,FP017151.1
FP074874.1,FP074874.1
FP085398.2,FP085398.2
FP085399.1,FP085399.1
FP085399.5,FP085399.5
FP085414.2,FP085414.2
FP085428.1,FP085428.1
FP101990.1,FP101990.1
FP102052.1,FP102052.1
FP102052.2,FP102052.2
FP102892.1,FP102892.1
FP102921.1,FP102921.1
FP102921.2,FP102921.2
FP103005.1,FP103005.1
FP103005.2,FP103005.2
FP103048.1,FP103048.1
FP236157.4,FP236157.4
FP236157.5,FP236157.5
FP236157.6,FP236157.6
FP236327.1,FP236327.1
FP236354.1,FP236354.1
FP236356.2,FP236356.2
FP236542.2,FP236542.2
FP236734.1,FP236734.1
FP236741.1,FP236741.1
FP236810.2,FP236810.2
FP325112.2,FP325112.2
FP326649.1,FP326649.1
FP340257.1,FP340257.1
FQ311879.1,FQ311879.1
FQ377605.1,FQ377605.1
FQ790367.1,FQ790367.1
FQ976909.1,FQ976909.1
FQ976913.1,FQ976913.1
frg1,frg1
frrs1a,frrs1a
fthl30,fthl30
ftr12,ftr12
ftr19,ftr19
ftr33,ftr33
ftr35,ftr35
ftr37,ftr37
ftr54,ftr54
ftr60,ftr60
ftr61,ftr61
ftr83,ftr83
ftr95,ftr95
ftr97,ftr97
ftsj3,ftsj3
fubp3,fubp3
fzd6,fzd6
fzd9a,fzd9a
GAA (1 of many),GAA (1 of many)
gabrb2l,gabrb2l
gabrb4,gabrb4
gabrg2,gabrg2
GABRR1 (1 of many),GABRR1 (1 of many)
gabrr3a,gabrr3a
gal3st1a,gal3st1a
galnt11,galnt11
GBGT1 (1 of many),GBGT1 (1 of many)
gckr,gckr
gcnt3,gcnt3
gdf10b,gdf10b
gdf2,gdf2
gfra1a,gfra1a
gfra2a,gfra2a
ghrl,ghrl
gig2i,gig2i
gig2p,gig2p
gig2q,gig2q
gip,gip
gli3,gli3
glis3,glis3
glra3,glra3
glra4a,glra4a
gmfg,gmfg
gmnn,gmnn
gna15.4,gna15.4
gnb5b,gnb5b
gnptg,gnptg
golgb1,golgb1
gphb5,gphb5
gphnb,gphnb
gpr101,gpr101
GPR139,GPR139
GPR151,GPR151
gpr184,gpr184
gpr19,gpr19
gpr34a,gpr34a
GPR62 (1 of many),GPR62 (1 of many)
gpr65,gpr65
GPR68,GPR68
GPR83,GPR83
gramd2b,gramd2b
gria4a,gria4a
grin1a,grin1a
grm2a,grm2a
gtf3c6,gtf3c6
guca1g,guca1g
gyg2,gyg2
h6pd,h6pd
has1,has1
hdac7b,hdac7b
he1.1,he1.1
he1.1.1,he1.1.1
her1,her1
her15.1,her15.1
her4.2,her4.2
hhla2a.1,hhla2a.1
hip1ra,hip1ra
hist1h2a11,hist1h2a11
hmha1a,hmha1a
hnrnpdl,hnrnpdl
HOOK3,HOOK3
hoxb10a,hoxb10a
hoxc11b,hoxc11b
hoxd10a,hoxd10a
hpda,hpda
hpdb,hpdb
rida,rida
hsc70,hsc70
hsd17b1,hsd17b1
hsd17b7,hsd17b7
hspb2,hspb2
hspb3,hspb3
htr2cl2,htr2cl2
htr3a,htr3a
htr6,htr6
htr7a,htr7a
hyi,hyi
hykk.1,hykk.1
hykk.2,hykk.2
idh3a,idh3a
ifit15,ifit15
ifitm1,ifitm1
ifnphi4,ifnphi4
ift43,ift43
igf2bp2a,igf2bp2a
igfals,igfals
igfn1.1,igfn1.1
igic1s1,igic1s1
igl1c3,igl1c3
igl3v1,igl3v1
igl3v2,igl3v2
igl3v5,igl3v5
igl4v8,igl4v8
il12bb,il12bb
il15,il15
il17a/f1,il17af1
il17a/f3,il17af3
il17ra1b,il17ra1b
il19l,il19l
il1rapl1b,il1rapl1b
il21,il21
il21r.2,il21r.2
il22,il22
il26,il26
il2rga,il2rga
ildr2,ildr2
illr3,illr3
impg2b,impg2b
insl5b,insl5b
ints11,ints11
ints8,ints8
intu,intu
iqsec3a,iqsec3a
irbpl,irbpl
irf4a,irf4a
irgq2,irgq2
ISCU (1 of many),ISCU (1 of many)
itga1,itga1
itga2.1,itga2.1
itgbl1,itgbl1
izumo1,izumo1
jac1,jac1
jade2,jade2
jak2a,jak2a
jph2,jph2
kank3,kank3
kat5b,kat5b
kbtbd13,kbtbd13
kcna6a,kcna6a
kcnab1b,kcnab1b
kcnc3a,kcnc3a
kcnh2a,kcnh2a
kcnj11,kcnj11
kcnj11l,kcnj11l
kcnj1a.2,kcnj1a.2
kcnj1a.3,kcnj1a.3
kcnj1a.4,kcnj1a.4
kcnj1a.6,kcnj1a.6
kcnj5,kcnj5
KCNK12,KCNK12
kcnk3a,kcnk3a
kcnn3,kcnn3
kctd20,kctd20
klhl12,klhl12
klhl43,klhl43
kpna7,kpna7
krt95,krt95
lacc1,lacc1
lat,lat
LECT2 (1 of many),LECT2 (1 of many)
leg1.1,leg1.1
lepb,lepb
lhfpl5b,lhfpl5b
lhx6,lhx6
lim2.5,lim2.5
lin7a,lin7a
lmx1al,lmx1al
LO016987.2,LO016987.2
LO017682.1,LO017682.1
LO017784.1,LO017784.1
LO017829.1,LO017829.1
LO017917.1,LO017917.1
LO017951.1,LO017951.1
LO018020.2,LO018020.2
LO018029.2,LO018029.2
LO018104.1,LO018104.1
LO018106.1,LO018106.1
LO018106.2,LO018106.2
LO018107.1,LO018107.1
LO018205.3,LO018205.3
LO018254.1,LO018254.1
LO018256.1,LO018256.1
LO018260.2,LO018260.2
LO018315.6,LO018315.6
LO018363.2,LO018363.2
LO018437.1,LO018437.1
LO018493.1,LO018493.1
LO018564.1,LO018564.1
LO018597.1,LO018597.1
LO018597.2,LO018597.2
LO018680.1,LO018680.1
LOC100000365,LOC100000365
LOC100000504,LOC100000504
LOC100000752,LOC100000752
LOC100001363,LOC100001363
LOC100001713,LOC100001713
LOC100001930,LOC100001930
LOC100002054,LOC100002054
LOC100002266,LOC100002266
LOC100002960,LOC100002960
LOC100003687,LOC100003687
LOC100004392,LOC100004392
LOC100004499,LOC100004499
LOC100004848,LOC100004848
LOC100005187,LOC100005187
LOC100005207,LOC100005207
LOC100005640,LOC100005640
LOC100005685,LOC100005685
LOC100006542,LOC100006542
LOC100006895,LOC100006895
LOC100006950,LOC100006950
LOC100007791,LOC100007791
LOC100007813,LOC100007813
LOC100148254,LOC100148254
LOC100148750,LOC100148750
LOC100148950,LOC100148950
LOC100149007,LOC100149007
LOC100149074,LOC100149074
LOC100149223,LOC100149223
LOC100149554,LOC100149554
LOC100150005,LOC100150005
LOC100150033,LOC100150033
LOC100150116,LOC100150116
LOC100150791,LOC100150791
LOC100151486,LOC100151486
LOC100329676,LOC100329676
LOC100329768,LOC100329768
LOC100329772,LOC100329772
LOC100330349,LOC100330349
LOC100330485,LOC100330485
LOC100330653,LOC100330653
LOC100331067,LOC100331067
LOC100331072,LOC100331072
LOC100331407,LOC100331407
LOC100331497,LOC100331497
LOC100331720,LOC100331720
LOC100331742,LOC100331742
LOC100332004,LOC100332004
LOC100332351,LOC100332351
LOC100332458,LOC100332458
LOC100332834,LOC100332834
LOC100332841,LOC100332841
LOC100333051,LOC100333051
LOC100333163,LOC100333163
LOC100333290,LOC100333290
LOC100333355,LOC100333355
LOC100333926,LOC100333926
LOC100334288,LOC100334288
LOC100334341,LOC100334341
LOC100334365,LOC100334365
LOC100334422,LOC100334422
LOC100334883,LOC100334883
LOC100534722,LOC100534722
LOC100534771,LOC100534771
LOC100534780,LOC100534780
LOC100535079,LOC100535079
LOC100535133,LOC100535133
LOC100535170,LOC100535170
LOC100535225,LOC100535225
LOC100535229,LOC100535229
LOC100535286,LOC100535286
LOC100535331,LOC100535331
LOC100535390,LOC100535390
LOC100535396,LOC100535396
LOC100535487,LOC100535487
LOC100535552,LOC100535552
LOC100535655,LOC100535655
LOC100535676,LOC100535676
LOC100535800,LOC100535800
LOC100535869,LOC100535869
LOC100535907,LOC100535907
LOC100536170,LOC100536170
LOC100536206,LOC100536206
LOC100536618,LOC100536618
LOC100536629,LOC100536629
LOC100536790,LOC100536790
LOC100536800,LOC100536800
LOC100536819,LOC100536819
LOC100536890,LOC100536890
LOC100536946,LOC100536946
LOC100536981,LOC100536981
LOC100537368,LOC100537368
LOC100537369,LOC100537369
LOC100537389,LOC100537389
LOC100537401,LOC100537401
LOC100537439,LOC100537439
LOC100537504,LOC100537504
LOC100537585,LOC100537585
LOC100537649,LOC100537649
LOC100537679,LOC100537679
LOC100537764,LOC100537764
LOC100538032,LOC100538032
LOC100538177,LOC100538177
LOC101882015,LOC101882015
LOC101882032,LOC101882032
LOC101882033,LOC101882033
LOC101882128,LOC101882128
LOC101882151,LOC101882151
LOC101882164,LOC101882164
LOC101882178,LOC101882178
LOC101882203,LOC101882203
LOC101882213,LOC101882213
LOC101882249,LOC101882249
LOC101882250,LOC101882250
LOC101882264,LOC101882264
LOC101882312,LOC101882312
LOC101882339,LOC101882339
LOC101882356,LOC101882356
LOC101882367,LOC101882367
LOC101882378,LOC101882378
LOC101882403,LOC101882403
LOC101882433,LOC101882433
LOC101882460,LOC101882460
LOC101882470,LOC101882470
LOC101882492,LOC101882492
LOC101882499,LOC101882499
LOC101882515,LOC101882515
LOC101882530,LOC101882530
LOC101882570,LOC101882570
LOC101882590,LOC101882590
LOC101882689,LOC101882689
LOC101882758,LOC101882758
LOC101882766,LOC101882766
LOC101882771,LOC101882771
LOC101882772,LOC101882772
LOC101882784,LOC101882784
LOC101882789,LOC101882789
LOC101882795,LOC101882795
LOC101882805,LOC101882805
LOC101882843,LOC101882843
LOC101882845,LOC101882845
LOC101882910,LOC101882910
LOC101882933,LOC101882933
LOC101882968,LOC101882968
LOC101882973,LOC101882973
LOC101882981,LOC101882981
LOC101882982,LOC101882982
LOC101883014,LOC101883014
LOC101883036,LOC101883036
LOC101883052,LOC101883052
LOC101883054,LOC101883054
LOC101883074,LOC101883074
LOC101883113,LOC101883113
LOC101883131,LOC101883131
LOC101883142,LOC101883142
LOC101883144,LOC101883144
LOC101883185,LOC101883185
LOC101883188,LOC101883188
LOC101883276,LOC101883276
LOC101883354,LOC101883354
LOC101883382,LOC101883382
LOC101883440,LOC101883440
LOC101883541,LOC101883541
LOC101883549,LOC101883549
LOC101883560,LOC101883560
LOC101883592,LOC101883592
LOC101883628,LOC101883628
LOC101883645,LOC101883645
LOC101883647,LOC101883647
LOC101883659,LOC101883659
LOC101883693,LOC101883693
LOC101883748,LOC101883748
LOC101883761,LOC101883761
LOC101883783,LOC101883783
LOC101883803,LOC101883803
LOC101883820,LOC101883820
LOC101883823,LOC101883823
LOC101883884,LOC101883884
LOC101883903,LOC101883903
LOC101883917,LOC101883917
LOC101883921,LOC101883921
LOC101884019,LOC101884019
LOC101884025,LOC101884025
LOC101884027,LOC101884027
LOC101884032,LOC101884032
LOC101884095,LOC101884095
LOC101884167,LOC101884167
LOC101884173,LOC101884173
LOC101884197,LOC101884197
LOC101884216,LOC101884216
LOC101884251,LOC101884251
LOC101884255,LOC101884255
LOC101884286,LOC101884286
LOC101884337,LOC101884337
LOC101884357,LOC101884357
LOC101884387,LOC101884387
LOC101884392,LOC101884392
LOC101884446,LOC101884446
LOC101884456,LOC101884456
LOC101884462,LOC101884462
LOC101884507,LOC101884507
LOC101884514,LOC101884514
LOC101884545,LOC101884545
LOC101884568,LOC101884568
LOC101884583,LOC101884583
LOC101884586,LOC101884586
LOC101884596,LOC101884596
LOC101884617,LOC101884617
LOC101884638,LOC101884638
LOC101884647,LOC101884647
LOC101884655,LOC101884655
LOC101884708,LOC101884708
LOC101884729,LOC101884729
LOC101884743,LOC101884743
LOC101884748,LOC101884748
LOC101884753,LOC101884753
LOC101884777,LOC101884777
LOC101884789,LOC101884789
LOC101884801,LOC101884801
LOC101884899,LOC101884899
LOC101884918,LOC101884918
LOC101884923,LOC101884923
LOC101884961,LOC101884961
LOC101884963,LOC101884963
LOC101885016,LOC101885016
LOC101885037,LOC101885037
LOC101885096,LOC101885096
LOC101885108,LOC101885108
LOC101885158,LOC101885158
LOC101885188,LOC101885188
LOC101885256,LOC101885256
LOC101885337,LOC101885337
LOC101885363,LOC101885363
LOC101885377,LOC101885377
LOC101885382,LOC101885382
LOC101885386,LOC101885386
LOC101885388,LOC101885388
LOC101885459,LOC101885459
LOC101885464,LOC101885464
LOC101885465,LOC101885465
LOC101885472,LOC101885472
LOC101885484,LOC101885484
LOC101885545,LOC101885545
LOC101885588,LOC101885588
LOC101885626,LOC101885626
LOC101885638,LOC101885638
LOC101885658,LOC101885658
LOC101885685,LOC101885685
LOC101885686,LOC101885686
LOC101885703,LOC101885703
LOC101885705,LOC101885705
LOC101885725,LOC101885725
LOC101885738,LOC101885738
LOC101885742,LOC101885742
LOC101885764,LOC101885764
LOC101885772,LOC101885772
LOC101885779,LOC101885779
LOC101885785,LOC101885785
LOC101885806,LOC101885806
LOC101885813,LOC101885813
LOC101885853,LOC101885853
LOC101885885,LOC101885885
LOC101885907,LOC101885907
LOC101885908,LOC101885908
LOC101885934,LOC101885934
LOC101885952,LOC101885952
LOC101885980,LOC101885980
LOC101886000,LOC101886000
LOC101886029,LOC101886029
LOC101886038,LOC101886038
LOC101886052,LOC101886052
LOC101886070,LOC101886070
LOC101886116,LOC101886116
LOC101886143,LOC101886143
LOC101886174,LOC101886174
LOC101886186,LOC101886186
LOC101886244,LOC101886244
LOC101886433,LOC101886433
LOC101886465,LOC101886465
LOC101886468,LOC101886468
LOC101886469,LOC101886469
LOC101886471,LOC101886471
LOC101886505,LOC101886505
LOC101886557,LOC101886557
LOC101886558,LOC101886558
LOC101886574,LOC101886574
LOC101886597,LOC101886597
LOC101886601,LOC101886601
LOC101886608,LOC101886608
LOC101886653,LOC101886653
LOC101886695,LOC101886695
LOC101886711,LOC101886711
LOC101886722,LOC101886722
LOC101886742,LOC101886742
LOC101886766,LOC101886766
LOC101886774,LOC101886774
LOC101886796,LOC101886796
LOC101886807,LOC101886807
LOC101886811,LOC101886811
LOC101886839,LOC101886839
LOC101886864,LOC101886864
LOC101886923,LOC101886923
LOC101886946,LOC101886946
LOC101886966,LOC101886966
LOC101886973,LOC101886973
LOC101886979,LOC101886979
LOC101886985,LOC101886985
LOC101887019,LOC101887019
LOC101887033,LOC101887033
LOC101887065,LOC101887065
LOC101887095,LOC101887095
LOC101887106,LOC101887106
LOC101887108,LOC101887108
LOC101887115,LOC101887115
LOC101887122,LOC101887122
LOC101887172,LOC101887172
LOC101887174,LOC101887174
LOC103908612,LOC103908612
LOC103908620,LOC103908620
LOC103908672,LOC103908672
LOC103908683,LOC103908683
LOC103908705,LOC103908705
LOC103908707,LOC103908707
LOC103908713,LOC103908713
LOC103908746,LOC103908746
LOC103908748,LOC103908748
LOC103908752,LOC103908752
LOC103908826,LOC103908826
LOC103908836,LOC103908836
LOC103908846,LOC103908846
LOC103908857,LOC103908857
LOC103908858,LOC103908858
LOC103908890,LOC103908890
LOC103908906,LOC103908906
LOC103908908,LOC103908908
LOC103908927,LOC103908927
LOC103908953,LOC103908953
LOC103908954,LOC103908954
LOC103909006,LOC103909006
LOC103909020,LOC103909020
LOC103909037,LOC103909037
LOC103909084,LOC103909084
LOC103909128,LOC103909128
LOC103909142,LOC103909142
LOC103909158,LOC103909158
LOC103909163,LOC103909163
LOC103909194,LOC103909194
LOC103909212,LOC103909212
LOC103909215,LOC103909215
LOC103909261,LOC103909261
LOC103909265,LOC103909265
LOC103909267,LOC103909267
LOC103909274,LOC103909274
LOC103909293,LOC103909293
LOC103909306,LOC103909306
LOC103909315,LOC103909315
LOC103909373,LOC103909373
LOC103909382,LOC103909382
LOC103909401,LOC103909401
LOC103909406,LOC103909406
LOC103909412,LOC103909412
LOC103909416,LOC103909416
LOC103909418,LOC103909418
LOC103909419,LOC103909419
LOC103909437,LOC103909437
LOC103909439,LOC103909439
LOC103909449,LOC103909449
LOC103909452,LOC103909452
LOC103909454,LOC103909454
LOC103909459,LOC103909459
LOC103909482,LOC103909482
LOC103909513,LOC103909513
LOC103909525,LOC103909525
LOC103909570,LOC103909570
LOC103909615,LOC103909615
LOC103909616,LOC103909616
LOC103909642,LOC103909642
LOC103909650,LOC103909650
LOC103909705,LOC103909705
LOC103909738,LOC103909738
LOC103909787,LOC103909787
LOC103909803,LOC103909803
LOC103909807,LOC103909807
LOC103909841,LOC103909841
LOC103909845,LOC103909845
LOC103909861,LOC103909861
LOC103909874,LOC103909874
LOC103909937,LOC103909937
LOC103909948,LOC103909948
LOC103909957,LOC103909957
LOC103909971,LOC103909971
LOC103909991,LOC103909991
LOC103910008,LOC103910008
LOC103910014,LOC103910014
LOC103910018,LOC103910018
LOC103910049,LOC103910049
LOC103910098,LOC103910098
LOC103910111,LOC103910111
LOC103910150,LOC103910150
LOC103910198,LOC103910198
LOC103910221,LOC103910221
LOC103910224,LOC103910224
LOC103910227,LOC103910227
LOC103910254,LOC103910254
LOC103910259,LOC103910259
LOC103910304,LOC103910304
LOC103910321,LOC103910321
LOC103910333,LOC103910333
LOC103910374,LOC103910374
LOC103910380,LOC103910380
LOC103910381,LOC103910381
LOC103910388,LOC103910388
LOC103910395,LOC103910395
LOC103910414,LOC103910414
LOC103910417,LOC103910417
LOC103910418,LOC103910418
LOC103910429,LOC103910429
LOC103910437,LOC103910437
LOC103910472,LOC103910472
LOC103910500,LOC103910500
LOC103910512,LOC103910512
LOC103910514,LOC103910514
LOC103910515,LOC103910515
LOC103910542,LOC103910542
LOC103910575,LOC103910575
LOC103910596,LOC103910596
LOC103910598,LOC103910598
LOC103910644,LOC103910644
LOC103910653,LOC103910653
LOC103910695,LOC103910695
LOC103910736,LOC103910736
LOC103910738,LOC103910738
LOC103910744,LOC103910744
LOC103910793,LOC103910793
LOC103910804,LOC103910804
LOC103910818,LOC103910818
LOC103910819,LOC103910819
LOC103910835,LOC103910835
LOC103910840,LOC103910840
LOC103910847,LOC103910847
LOC103910855,LOC103910855
LOC103910878,LOC103910878
LOC103910880,LOC103910880
LOC103910883,LOC103910883
LOC103910884,LOC103910884
LOC103910888,LOC103910888
LOC103910902,LOC103910902
LOC103910935,LOC103910935
LOC103910939,LOC103910939
LOC103910951,LOC103910951
LOC103910959,LOC103910959
LOC103911003,LOC103911003
LOC103911004,LOC103911004
LOC103911034,LOC103911034
LOC103911060,LOC103911060
LOC103911092,LOC103911092
LOC103911141,LOC103911141
LOC103911176,LOC103911176
LOC103911201,LOC103911201
LOC103911208,LOC103911208
LOC103911216,LOC103911216
LOC103911233,LOC103911233
LOC103911269,LOC103911269
LOC103911277,LOC103911277
LOC103911284,LOC103911284
LOC103911298,LOC103911298
LOC103911320,LOC103911320
LOC103911324,LOC103911324
LOC103911388,LOC103911388
LOC103911428,LOC103911428
LOC103911431,LOC103911431
LOC103911445,LOC103911445
LOC103911446,LOC103911446
LOC103911475,LOC103911475
LOC103911479,LOC103911479
LOC103911482,LOC103911482
LOC103911518,LOC103911518
LOC103911520,LOC103911520
LOC103911612,LOC103911612
LOC103911631,LOC103911631
LOC103911652,LOC103911652
LOC103911682,LOC103911682
LOC103911683,LOC103911683
LOC103911696,LOC103911696
LOC103911705,LOC103911705
LOC103911707,LOC103911707
LOC103911713,LOC103911713
LOC103911728,LOC103911728
LOC103911739,LOC103911739
LOC103911742,LOC103911742
LOC103911745,LOC103911745
LOC103911774,LOC103911774
LOC103911814,LOC103911814
LOC103911838,LOC103911838
LOC103911903,LOC103911903
LOC103911910,LOC103911910
LOC103911911,LOC103911911
LOC103911913,LOC103911913
LOC103911947,LOC103911947
LOC103911950,LOC103911950
LOC103911968,LOC103911968
LOC103911986,LOC103911986
LOC103912007,LOC103912007
LOC103912033,LOC103912033
LOC103912043,LOC103912043
LOC103912056,LOC103912056
LOC103912072,LOC103912072
LOC107195253,LOC107195253
LOC108179089,LOC108179089
LOC108179100,LOC108179100
LOC108179118,LOC108179118
LOC108179119,LOC108179119
LOC108179123,LOC108179123
LOC108179133,LOC108179133
LOC108179166,LOC108179166
LOC108179181,LOC108179181
LOC108179220,LOC108179220
LOC108179225,LOC108179225
LOC108179338,LOC108179338
LOC108179556,LOC108179556
LOC108179558,LOC108179558
LOC108179626,LOC108179626
LOC108179630,LOC108179630
LOC108179633,LOC108179633
LOC108179652,LOC108179652
LOC108179693,LOC108179693
LOC108179776,LOC108179776
LOC108179777,LOC108179777
LOC108179803,LOC108179803
LOC108179813,LOC108179813
LOC108179989,LOC108179989
LOC108179993,LOC108179993
LOC108180041,LOC108180041
LOC108180065,LOC108180065
LOC108180076,LOC108180076
LOC108180087,LOC108180087
LOC108180102,LOC108180102
LOC108180103,LOC108180103
LOC108180147,LOC108180147
LOC108180169,LOC108180169
LOC108180211,LOC108180211
LOC108180270,LOC108180270
LOC108180313,LOC108180313
LOC108180344,LOC108180344
LOC108180715,LOC108180715
LOC108180774,LOC108180774
LOC108180805,LOC108180805
LOC108181081,LOC108181081
LOC108181391,LOC108181391
LOC108181419,LOC108181419
LOC108181504,LOC108181504
LOC108181544,LOC108181544
LOC108181586,LOC108181586
LOC108181591,LOC108181591
LOC108181651,LOC108181651
LOC108181656,LOC108181656
LOC108181673,LOC108181673
LOC108181943,LOC108181943
LOC108182168,LOC108182168
LOC108182213,LOC108182213
LOC108182217,LOC108182217
LOC108182237,LOC108182237
LOC108182242,LOC108182242
LOC108182317,LOC108182317
LOC108182421,LOC108182421
LOC108182671,LOC108182671
LOC108182771,LOC108182771
LOC108182773,LOC108182773
LOC108182782,LOC108182782
LOC108182814,LOC108182814
LOC108182870,LOC108182870
LOC108182910,LOC108182910
LOC108182911,LOC108182911
LOC108182916,LOC108182916
LOC108183287,LOC108183287
LOC108183295,LOC108183295
LOC108183296,LOC108183296
LOC108183297,LOC108183297
LOC108183327,LOC108183327
LOC108183335,LOC108183335
LOC108183344,LOC108183344
LOC108183380,LOC108183380
LOC108183407,LOC108183407
LOC108183454,LOC108183454
LOC108183524,LOC108183524
LOC108183529,LOC108183529
LOC108183538,LOC108183538
LOC108183547,LOC108183547
LOC108183566,LOC108183566
LOC108183596,LOC108183596
LOC108183600,LOC108183600
LOC108183630,LOC108183630
LOC108183639,LOC108183639
LOC108183657,LOC108183657
LOC108183671,LOC108183671
LOC108183685,LOC108183685
LOC108183707,LOC108183707
LOC108183714,LOC108183714
LOC108183720,LOC108183720
LOC108183749,LOC108183749
LOC108183757,LOC108183757
LOC108183854,LOC108183854
LOC108183900,LOC108183900
LOC108183991,LOC108183991
LOC108184002,LOC108184002
LOC108184009,LOC108184009
LOC108184066,LOC108184066
LOC108184069,LOC108184069
LOC108184071,LOC108184071
LOC108186582,LOC108186582
LOC108189376,LOC108189376
LOC108189470,LOC108189470
LOC108190033,LOC108190033
LOC108190047,LOC108190047
LOC108190117,LOC108190117
LOC108190132,LOC108190132
LOC108190353,LOC108190353
LOC108190380,LOC108190380
LOC108190395,LOC108190395
LOC108190446,LOC108190446
LOC108190486,LOC108190486
LOC108190563,LOC108190563
LOC108190565,LOC108190565
LOC108190625,LOC108190625
LOC108190676,LOC108190676
LOC108190693,LOC108190693
LOC108190697,LOC108190697
LOC108190717,LOC108190717
LOC108190755,LOC108190755
LOC108190762,LOC108190762
LOC108190811,LOC108190811
LOC108191020,LOC108191020
LOC108191338,LOC108191338
LOC108191357,LOC108191357
LOC108191476,LOC108191476
LOC108191530,LOC108191530
LOC108191533,LOC108191533
LOC108191536,LOC108191536
LOC108191541,LOC108191541
LOC108191543,LOC108191543
LOC108191592,LOC108191592
LOC108191611,LOC108191611
LOC108191631,LOC108191631
LOC108191638,LOC108191638
LOC108191643,LOC108191643
LOC108191666,LOC108191666
LOC108191668,LOC108191668
LOC108191706,LOC108191706
LOC108191771,LOC108191771
LOC108191775,LOC108191775
LOC108191949,LOC108191949
LOC108191951,LOC108191951
LOC108191969,LOC108191969
LOC108191976,LOC108191976
LOC108192020,LOC108192020
LOC108192077,LOC108192077
LOC108192079,LOC108192079
LOC108192080,LOC108192080
LOC108192083,LOC108192083
LOC108192085,LOC108192085
LOC108192086,LOC108192086
LOC108192163,LOC108192163
LOC108192181,LOC108192181
LOC110437705,LOC110437705
LOC110437706,LOC110437706
LOC110437711,LOC110437711
LOC110437725,LOC110437725
LOC110437771,LOC110437771
LOC110437785,LOC110437785
LOC110437791,LOC110437791
LOC110437792,LOC110437792
LOC110437800,LOC110437800
LOC110437806,LOC110437806
LOC110437810,LOC110437810
LOC110437820,LOC110437820
LOC110437830,LOC110437830
LOC110437833,LOC110437833
LOC110437834,LOC110437834
LOC110437837,LOC110437837
LOC110437845,LOC110437845
LOC110437849,LOC110437849
LOC110437897,LOC110437897
LOC110437912,LOC110437912
LOC110437919,LOC110437919
LOC110437924,LOC110437924
LOC110437937,LOC110437937
LOC110437940,LOC110437940
LOC110437941,LOC110437941
LOC110437961,LOC110437961
LOC110437963,LOC110437963
LOC110437964,LOC110437964
LOC110437965,LOC110437965
LOC110437966,LOC110437966
LOC110437992,LOC110437992
LOC110437999,LOC110437999
LOC110438008,LOC110438008
LOC110438010,LOC110438010
LOC110438014,LOC110438014
LOC110438016,LOC110438016
LOC110438035,LOC110438035
LOC110438046,LOC110438046
LOC110438047,LOC110438047
LOC110438054,LOC110438054
LOC110438060,LOC110438060
LOC110438061,LOC110438061
LOC110438065,LOC110438065
LOC110438084,LOC110438084
LOC110438094,LOC110438094
LOC110438096,LOC110438096
LOC110438104,LOC110438104
LOC110438112,LOC110438112
LOC110438126,LOC110438126
LOC110438131,LOC110438131
LOC110438137,LOC110438137
LOC110438157,LOC110438157
LOC110438162,LOC110438162
LOC110438165,LOC110438165
LOC110438172,LOC110438172
LOC110438185,LOC110438185
LOC110438211,LOC110438211
LOC110438213,LOC110438213
LOC110438238,LOC110438238
LOC110438242,LOC110438242
LOC110438246,LOC110438246
LOC110438255,LOC110438255
LOC110438267,LOC110438267
LOC110438274,LOC110438274
LOC110438276,LOC110438276
LOC110438279,LOC110438279
LOC110438281,LOC110438281
LOC110438283,LOC110438283
LOC110438294,LOC110438294
LOC110438299,LOC110438299
LOC110438300,LOC110438300
LOC110438309,LOC110438309
LOC110438312,LOC110438312
LOC110438313,LOC110438313
LOC110438315,LOC110438315
LOC110438323,LOC110438323
LOC110438330,LOC110438330
LOC110438332,LOC110438332
LOC110438338,LOC110438338
LOC110438344,LOC110438344
LOC110438349,LOC110438349
LOC110438353,LOC110438353
LOC110438359,LOC110438359
LOC110438361,LOC110438361
LOC110438381,LOC110438381
LOC110438393,LOC110438393
LOC110438399,LOC110438399
LOC110438406,LOC110438406
LOC110438410,LOC110438410
LOC110438412,LOC110438412
LOC110438421,LOC110438421
LOC110438426,LOC110438426
LOC110438432,LOC110438432
LOC110438433,LOC110438433
LOC110438438,LOC110438438
LOC110438440,LOC110438440
LOC110438454,LOC110438454
LOC110438455,LOC110438455
LOC110438462,LOC110438462
LOC110438471,LOC110438471
LOC110438481,LOC110438481
LOC110438488,LOC110438488
LOC110438489,LOC110438489
LOC110438492,LOC110438492
LOC110438500,LOC110438500
LOC110438505,LOC110438505
LOC110438510,LOC110438510
LOC110438512,LOC110438512
LOC110438513,LOC110438513
LOC110438539,LOC110438539
LOC110438540,LOC110438540
LOC110438542,LOC110438542
LOC110438548,LOC110438548
LOC110438550,LOC110438550
LOC110438555,LOC110438555
LOC110438591,LOC110438591
LOC110438650,LOC110438650
LOC110438662,LOC110438662
LOC110438663,LOC110438663
LOC110438722,LOC110438722
LOC110438747,LOC110438747
LOC110438752,LOC110438752
LOC110438834,LOC110438834
LOC110438835,LOC110438835
LOC110438839,LOC110438839
LOC110438840,LOC110438840
LOC110438862,LOC110438862
LOC110438908,LOC110438908
LOC110438934,LOC110438934
LOC110438935,LOC110438935
LOC110438970,LOC110438970
LOC110439009,LOC110439009
LOC110439104,LOC110439104
LOC110439128,LOC110439128
LOC110439155,LOC110439155
LOC110439163,LOC110439163
LOC110439169,LOC110439169
LOC110439199,LOC110439199
LOC110439243,LOC110439243
LOC110439264,LOC110439264
LOC110439268,LOC110439268
LOC110439282,LOC110439282
LOC110439298,LOC110439298
LOC110439301,LOC110439301
LOC110439308,LOC110439308
LOC110439319,LOC110439319
LOC110439340,LOC110439340
LOC110439344,LOC110439344
LOC110439345,LOC110439345
LOC110439348,LOC110439348
LOC110439349,LOC110439349
LOC110439359,LOC110439359
LOC110439366,LOC110439366
LOC110439376,LOC110439376
LOC110439377,LOC110439377
LOC110439380,LOC110439380
LOC110439381,LOC110439381
LOC110439391,LOC110439391
LOC110439392,LOC110439392
LOC110439397,LOC110439397
LOC110439398,LOC110439398
LOC110439405,LOC110439405
LOC110439417,LOC110439417
LOC110439422,LOC110439422
LOC110439428,LOC110439428
LOC110439451,LOC110439451
LOC110439452,LOC110439452
LOC110439463,LOC110439463
LOC110439474,LOC110439474
LOC110439480,LOC110439480
LOC110439485,LOC110439485
LOC110439501,LOC110439501
LOC110439505,LOC110439505
LOC110439506,LOC110439506
LOC110439507,LOC110439507
LOC110439517,LOC110439517
LOC110439518,LOC110439518
LOC110439519,LOC110439519
LOC110439526,LOC110439526
LOC110439538,LOC110439538
LOC110439541,LOC110439541
LOC110439542,LOC110439542
LOC110439549,LOC110439549
LOC110439551,LOC110439551
LOC110439553,LOC110439553
LOC110439567,LOC110439567
LOC110439571,LOC110439571
LOC110439575,LOC110439575
LOC110439578,LOC110439578
LOC110439585,LOC110439585
LOC110439592,LOC110439592
LOC110439594,LOC110439594
LOC110439597,LOC110439597
LOC110439601,LOC110439601
LOC110439603,LOC110439603
LOC110439605,LOC110439605
LOC110439611,LOC110439611
LOC110439612,LOC110439612
LOC110439627,LOC110439627
LOC110439629,LOC110439629
LOC110439636,LOC110439636
LOC110439637,LOC110439637
LOC110439700,LOC110439700
LOC110439708,LOC110439708
LOC110439713,LOC110439713
LOC110439716,LOC110439716
LOC110439743,LOC110439743
LOC110439775,LOC110439775
LOC110439784,LOC110439784
LOC110439803,LOC110439803
LOC110439808,LOC110439808
LOC110439810,LOC110439810
LOC110439816,LOC110439816
LOC110439822,LOC110439822
LOC110439823,LOC110439823
LOC110439829,LOC110439829
LOC110439831,LOC110439831
LOC110439832,LOC110439832
LOC110439834,LOC110439834
LOC110439838,LOC110439838
LOC110439843,LOC110439843
LOC110439846,LOC110439846
LOC110439847,LOC110439847
LOC110439850,LOC110439850
LOC110439851,LOC110439851
LOC110439854,LOC110439854
LOC110439864,LOC110439864
LOC110439873,LOC110439873
LOC110439904,LOC110439904
LOC110439905,LOC110439905
LOC110439906,LOC110439906
LOC110439914,LOC110439914
LOC110439915,LOC110439915
LOC110439924,LOC110439924
LOC110439933,LOC110439933
LOC110439943,LOC110439943
LOC110439945,LOC110439945
LOC110439946,LOC110439946
LOC110439949,LOC110439949
LOC110439950,LOC110439950
LOC110439952,LOC110439952
LOC110439954,LOC110439954
LOC110439955,LOC110439955
LOC110439956,LOC110439956
LOC110439959,LOC110439959
LOC110439964,LOC110439964
LOC110439965,LOC110439965
LOC110439967,LOC110439967
LOC110439973,LOC110439973
LOC110439978,LOC110439978
LOC110439979,LOC110439979
LOC110439983,LOC110439983
LOC110439986,LOC110439986
LOC110439987,LOC110439987
LOC110439989,LOC110439989
LOC110439991,LOC110439991
LOC110439992,LOC110439992
LOC110439999,LOC110439999
LOC110440000,LOC110440000
LOC110440001,LOC110440001
LOC110440007,LOC110440007
LOC110440018,LOC110440018
LOC110440019,LOC110440019
LOC110440020,LOC110440020
LOC110440024,LOC110440024
LOC110440031,LOC110440031
LOC110440032,LOC110440032
LOC110440034,LOC110440034
LOC110440043,LOC110440043
LOC110440044,LOC110440044
LOC110440045,LOC110440045
LOC110440047,LOC110440047
LOC110440051,LOC110440051
LOC110440064,LOC110440064
LOC110440065,LOC110440065
LOC110440066,LOC110440066
LOC110440086,LOC110440086
LOC110440093,LOC110440093
LOC110440101,LOC110440101
LOC110440112,LOC110440112
LOC110440119,LOC110440119
LOC110440125,LOC110440125
LOC110440129,LOC110440129
LOC110440137,LOC110440137
LOC110440139,LOC110440139
LOC110440142,LOC110440142
LOC110440153,LOC110440153
LOC110440154,LOC110440154
LOC110440155,LOC110440155
LOC110440158,LOC110440158
LOC110440162,LOC110440162
LOC110440169,LOC110440169
LOC110440174,LOC110440174
LOC110440189,LOC110440189
LOC110440194,LOC110440194
LOC110440202,LOC110440202
LOC110440209,LOC110440209
LOC110440213,LOC110440213
LOC110440219,LOC110440219
LOC110440222,LOC110440222
LOC555502,LOC555502
LOC560461,LOC560461
LOC561873,LOC561873
LOC564610,LOC564610
LOC565002,LOC565002
LOC565594,LOC565594
LOC567909,LOC567909
LOC568392,LOC568392
LOC569097,LOC569097
LOC570405,LOC570405
LOC570903,LOC570903
LOC792447,LOC792447
LOC793843,LOC793843
LOC794117,LOC794117
LOC794838,LOC794838
LOC795526,LOC795526
LOC795962,LOC795962
LOC796311,LOC796311
LOC797168,LOC797168
LOC798089,LOC798089
LOC799227,LOC799227
loxl3b,loxl3b
lpar2a,lpar2a
lpar5a,lpar5a
lpxn,lpxn
lrit3b,lrit3b
lrp5,lrp5
lrrc14b,lrrc14b
lrrc3b,lrrc3b
lrtm2b,lrtm2b
ly6m7,ly6m7
macf1b,macf1b
mafga,mafga
mala,mala
MAN1C1,MAN1C1
map3k20,map3k20
map3k7cl,map3k7cl
MAPK8IP1 (1 of many),MAPK8IP1 (1 of many)
march1,march1
MARCH4 (1 of many),MARCH4 (1 of many)
marcksl1a,marcksl1a
mbd3b,mbd3b
mc3r,mc3r
mchr1a,mchr1a
mchr1b,mchr1b
MCMDC2,MCMDC2
meak7,meak7
meiob,meiob
metap2a,metap2a
mex3c,mex3c
mfap2,mfap2
MFAP4 (1 of many),MFAP4 (1 of many)
mgp,mgp
mhc1lfa,mhc1lfa
mhc1lla,mhc1lla
mhc1zba,mhc1zba
mir124-2,mir124-2
mir125b-1,mir125b-1
mir125b-3,mir125b-3
mir133a-1,mir133a-1
mir153b,mir153b
mir153c,mir153c
mir181b-2,mir181b-2
mir181c,mir181c
mir183,mir183
mir196c,mir196c
mir199-3a,mir199-3a
mir20b,mir20b
mir218b,mir218b
mir2197,mir2197
mir2198,mir2198
mir222a,mir222a
mir29a-1,mir29a-1
mir338-2,mir338-2
mir365-1,mir365-1
mir430b-10,mir430b-10
mir7148,mir7148
mir729,mir729
mir7a-1,mir7a-1
mir7a-3,mir7a-3
mir9-2,mir9-2
mir9-5,mir9-5
mixl1,mixl1
mkrn2os.2,mkrn2os.2
mlana,mlana
mlnr,mlnr
mlphb,mlphb
mmp20b,mmp20b
MMP23B,MMP23B
mmp23bb,mmp23bb
mmp25a,mmp25a
mmp9,mmp9
mocs2,mocs2
mogat2,mogat2
mpeg1.2,mpeg1.2
mpg,mpg
mpp1,mpp1
mpp7b,mpp7b
mrc1a,mrc1a
ms4a17c.1,ms4a17c.1
mst1,mst1
mthfs,mthfs
mtnr1al,mtnr1al
mtnr1c,mtnr1c
mto1,mto1
muc2.1,muc2.1
mycbp,mycbp
myh11b,myh11b
mylk4a,mylk4a
myo16,myo16
myo7bb,myo7bb
n4bp3,n4bp3
naa80,naa80
NAT16 (1 of many),NAT16 (1 of many)
nat6,nat6
NAV1 (1 of many),NAV1 (1 of many)
nbeab,nbeab
NCEH1 (1 of many),NCEH1 (1 of many)
ncf1,ncf1
ndp,ndp
ndufa3,ndufa3
ndufa4l2b,ndufa4l2b
ndufaf6,ndufaf6
nf1a,nf1a
nfe2,nfe2
nfixa,nfixa
nipal2,nipal2
nitr1h,nitr1h
nitr2a,nitr2a
nitr6a,nitr6a
nitr8,nitr8
nkl.3,nkl.3
nkl.4,nkl.4
nkx6.3,nkx6.3
nlk2,nlk2
nmbb,nmbb
nmbr,nmbr
nme2b.2,nme2b.2
nmnat1-rbp7a,nmnat1-rbp7a
NPAS3,NPAS3
NPC1L1,NPC1L1
NPC2 (1 of many),NPC2 (1 of many)
npffr1l2,npffr1l2
npm2b,npm2b
npy1r,npy1r
npy2r,npy2r
npy8ar,npy8ar
nr1d1,nr1d1
nrsn1,nrsn1
nrxn2a,nrxn2a
ntrk1,ntrk1
nts,nts
nudt6,nudt6
NUP85 (1 of many),NUP85 (1 of many)
ocstamp,ocstamp
olfcg5,olfcg5
olfcg6,olfcg6
olfcs1,olfcs1
ompa,ompa
onecut1,onecut1
onecut3b,onecut3b
opn4a,opn4a
opn7a,opn7a
opn8a,opn8a
or101-1,or101-1
or102-1,or102-1
or102-2,or102-2
or102-3,or102-3
or102-4,or102-4
or102-5,or102-5
or103-1,or103-1
or103-4,or103-4
or103-5,or103-5
or104-2,or104-2
or106-10,or106-10
or106-12,or106-12
or106-2,or106-2
or106-3,or106-3
or106-4,or106-4
or106-6,or106-6
or106-7,or106-7
or106-8,or106-8
or106-9,or106-9
or108-1,or108-1
or108-2,or108-2
or108-3,or108-3
or111-1,or111-1
or111-3,or111-3
or111-4,or111-4
or111-5,or111-5
or111-6,or111-6
or111-7,or111-7
or111-9,or111-9
or115-10,or115-10
or115-11,or115-11
or115-12,or115-12
or115-13,or115-13
or115-15,or115-15
or115-6,or115-6
or115-7,or115-7
or117-1,or117-1
or118-3,or118-3
or119-2,or119-2
or122-2,or122-2
or123-1,or123-1
or124-1,or124-1
or125-1,or125-1
or125-3,or125-3
or125-4,or125-4
or125-5,or125-5
or125-6,or125-6
or125-7,or125-7
or125-8,or125-8
or126-3,or126-3
or128-10,or128-10
or128-2,or128-2
or128-4,or128-4
or128-5,or128-5
or128-8,or128-8
or128-9,or128-9
or131-1,or131-1
or132-4,or132-4
or132-5,or132-5
or133-1,or133-1
or133-5,or133-5
or133-9,or133-9
or134-1,or134-1
or136-1,or136-1
or137-6,or137-6
or137-7,or137-7
ora5,ora5
OSCP1 (1 of many),OSCP1 (1 of many)
oscp1b,oscp1b
osmr,osmr
ovch2,ovch2
oxgr1a.1,oxgr1a.1
P2RY14,P2RY14
p2ry2.3,p2ry2.3
PAMR1 (1 of many),PAMR1 (1 of many)
PARD3 (1 of many),PARD3 (1 of many)
parla,parla
pax10,pax10
pax7b,pax7b
pbldp,pbldp
pcbp4,pcbp4
pcdh1g9,pcdh1g9
pcdh1gb2,pcdh1gb2
pcdh2aa1,pcdh2aa1
pcdh2aa15,pcdh2aa15
pcdh2ab1,pcdh2ab1
pcdh2ab3,pcdh2ab3
pcdh2ab5,pcdh2ab5
pcdh2ac,pcdh2ac
pcdh2g1,pcdh2g1
pcdh2g10,pcdh2g10
pcdh2g12,pcdh2g12
pcdh2g13,pcdh2g13
pcdh2g2,pcdh2g2
pcdh2g3,pcdh2g3
pcdh2g5,pcdh2g5
pcdh2g6,pcdh2g6
pcdh2g7,pcdh2g7
pcdh2g9,pcdh2g9
pcdh8,pcdh8
pcdhb,pcdhb
PCMTD2 (1 of many),PCMTD2 (1 of many)
pdca,pdca
pde8a,pde8a
pex6,pex6
pgam2,pgam2
pih1d2,pih1d2
pimr100,pimr100
pimr106,pimr106
pimr113,pimr113
pimr120,pimr120
pimr127,pimr127
pimr132,pimr132
pimr133,pimr133
pimr134,pimr134
pimr168,pimr168
pimr169,pimr169
pimr170,pimr170
pimr171,pimr171
pimr174,pimr174
pimr177,pimr177
pimr181,pimr181
pimr187,pimr187
pimr192,pimr192
pimr193,pimr193
pimr194,pimr194
pimr197,pimr197
pimr203,pimr203
pimr204,pimr204
pimr213,pimr213
pimr214,pimr214
pimr24,pimr24
pimr28,pimr28
pimr47,pimr47
pimr48,pimr48
pimr49,pimr49
pimr51,pimr51
pimr53,pimr53
pimr54,pimr54
pimr58,pimr58
pimr60,pimr60
pimr64,pimr64
pimr69,pimr69
pimr72,pimr72
pimr73,pimr73
pimr74,pimr74
pimr78,pimr78
pimr85,pimr85
pimr87,pimr87
pitpnab,pitpnab
pkd1l2a,pkd1l2a
pkp1a,pkp1a
pla1a,pla1a
plcl2,plcl2
plekhj1,plekhj1
PLPP7 (1 of many),PLPP7 (1 of many)
plppr4b,plppr4b
plrdgb,plrdgb
pmm1,pmm1
pnck,pnck
pnp4b,pnp4b
POLR2E (1 of many),POLR2E (1 of many)
polr3glb,polr3glb
ponzr10,ponzr10
pou4f1,pou4f1
ppfia3,ppfia3
ppfibp1a,ppfibp1a
ppip5k1a,ppip5k1a
ppp1r32,ppp1r32
prf1.2,prf1.2
prkacaa,prkacaa
prkg1a,prkg1a
prlh2,prlh2
prop1,prop1
prox1a,prox1a
prrx1b,prrx1b
prss56,prss56
psmb10,psmb10
ptger4c,ptger4c
pth2,pth2
ptmaa,ptmaa
ptprh,ptprh
ptprjb.2,ptprjb.2
purab,purab
rab39bb,rab39bb
rabl3,rabl3
RAMP1,RAMP1
rapgef5a,rapgef5a
rbm20,rbm20
RBP1 (1 of many),RBP1 (1 of many)
rbp5,rbp5
recql,recql
reep3a,reep3a
RF00392,RF00392
RF00397,RF00397
RF00410,RF00410
RF00426,RF00426
RF00443,RF00443
RF00494,RF00494
RF00564,RF00564
RF01225,RF01225
RF01229,RF01229
RF02250,RF02250
RFESD (1 of many),RFESD (1 of many)
rffl,rffl
rfx5,rfx5
RGS13 (1 of many),RGS13 (1 of many)
rgs8,rgs8
rh50,rh50
RHOU (1 of many),RHOU (1 of many)
ribc1,ribc1
rida.1,rida.1
ripor1.1,ripor1.1
rit1,rit1
rln3a,rln3a
RNF14 (1 of many),RNF14 (1 of many)
RNF180 (1 of many),RNF180 (1 of many)
rnf182,rnf182
rorb,rorb
rps10,rps10
rpusd4,rpusd4
rpz3,rpz3
rpz6,rpz6
rsrc2,rsrc2
rtn3,rtn3
rtn4rl1b,rtn4rl1b
runx2a,runx2a
rxfp3,rxfp3
rxfp3.3a1,rxfp3.3a1
rxfp3.3a2,rxfp3.3a2
sall4,sall4
samd11,samd11
sash3,sash3
sb:cb230,sbcb230
sc:d156,scd156
SCCPDH (1 of many),SCCPDH (1 of many)
scn12aa,scn12aa
scn2b,scn2b
scxb,scxb
sdk1a,sdk1a
SDK2 (1 of many),SDK2 (1 of many)
selenop,selenop
senp7a,senp7a
sept4,sept4
serpina7,serpina7
SERPINB8 (1 of many),SERPINB8 (1 of many)
serpine3,serpine3
sftpba,sftpba
sh3d19,sh3d19
sh3pxd2ab,sh3pxd2ab
shc1,shc1
shisa7a,shisa7a
shisal1b,shisal1b
si:busm1-180g5.6,sibusm1180g5.6
si:busm1-194e12.8,sibusm1194e12.8
si:busm1-266f07.2,sibusm1266f07.2
si:cabz01021428.1,sicabz01021428.1
si:cabz01030277.1,sicabz01030277.1
si:cabz01040626.2,sicabz01040626.2
si:ch1073-110a20.7,sich1073110a20.7
si:ch1073-153i20.2,sich1073153i20.2
si:ch1073-159d7.10,sich1073159d7.10
si:ch1073-15f12.3,sich107315f12.3
si:ch1073-166e24.4,sich1073166e24.4
si:ch1073-178p5.3,sich1073178p5.3
si:ch1073-181h11.1,sich1073181h11.1
si:ch1073-186i23.1,sich1073186i23.1
si:ch1073-204b8.1,sich1073204b8.1
si:ch1073-291c23.2,sich1073291c23.2
si:ch1073-324l1.1,sich1073324l1.1
si:ch1073-398c20.3,sich1073398c20.3
si:ch1073-429i10.3,sich1073429i10.3
si:ch1073-44g3.1,sich107344g3.1
si:ch211-106j21.2,sich211106j21.2
si:ch211-106j21.4,sich211106j21.4
si:ch211-106j24.1,sich211106j24.1
si:ch211-112b1.2,sich211112b1.2
si:ch211-112f3.4,sich211112f3.4
si:ch211-113d11.8,sich211113d11.8
si:ch211-114l13.13,sich211114l13.13
si:ch211-116o3.3,sich211116o3.3
si:ch211-117c19.1,sich211117c19.1
si:ch211-119c20.2,sich211119c20.2
si:ch211-120e1.1,sich211120e1.1
si:ch211-122h15.4,sich211122h15.4
si:ch211-122l14.7,sich211122l14.7
si:ch211-125a15.1,sich211125a15.1
si:ch211-125c23.3,sich211125c23.3
si:ch211-127b6.2,sich211127b6.2
si:ch211-131k2.3,sich211131k2.3
si:ch211-132g1.4,sich211132g1.4
si:ch211-133n4.12,sich211133n4.12
si:ch211-133n4.7,sich211133n4.7
si:ch211-134a4.2,sich211134a4.2
si:ch211-135n15.3,sich211135n15.3
si:ch211-137j23.6,sich211137j23.6
si:ch211-137j23.7,sich211137j23.7
si:ch211-137j23.8,sich211137j23.8
si:ch211-138g9.3,sich211138g9.3
si:ch211-139a5.9,sich211139a5.9
si:ch211-139n6.10,sich211139n6.10
si:ch211-142d6.2,sich211142d6.2
si:ch211-147m6.2,sich211147m6.2
si:ch211-150d5.3,sich211150d5.3
si:ch211-151m7.6,sich211151m7.6
si:ch211-152f2.4,sich211152f2.4
si:ch211-152f22.4,sich211152f22.4
si:ch211-156j16.1,sich211156j16.1
si:ch211-156l18.6,sich211156l18.6
si:ch211-156p11.1,sich211156p11.1
si:ch211-157b11.14,sich211157b11.14
si:ch211-15j1.1,sich21115j1.1
si:ch211-160d20.5,sich211160d20.5
si:ch211-161m3.2,sich211161m3.2
si:ch211-161m3.6,sich211161m3.6
si:ch211-162k9.6,sich211162k9.6
si:ch211-163c2.1,sich211163c2.1
si:ch211-168k14.2,sich211168k14.2
si:ch211-171h4.3,sich211171h4.3
si:ch211-171h4.7,sich211171h4.7
si:ch211-171l17.4,sich211171l17.4
si:ch211-181l5.2,sich211181l5.2
si:ch211-186e20.2,sich211186e20.2
si:ch211-186e20.7,sich211186e20.7
si:ch211-188i4.4,sich211188i4.4
si:ch211-191c10.3,sich211191c10.3
si:ch211-193i15.1,sich211193i15.1
si:ch211-194e18.2,sich211194e18.2
si:ch211-194m7.3,sich211194m7.3
si:ch211-194m7.4,sich211194m7.4
si:ch211-194m7.5,sich211194m7.5
si:ch211-194m7.8,sich211194m7.8
si:ch211-195j11.30,sich211195j11.30
si:ch211-197h24.8,sich211197h24.8
si:ch211-198b3.4,sich211198b3.4
si:ch211-199i15.5,sich211199i15.5
si:ch211-1a19.2,sich2111a19.2
si:ch211-1f22.11,sich2111f22.11
si:ch211-1f22.13,sich2111f22.13
si:ch211-1f22.16,sich2111f22.16
si:ch211-1f22.3,sich2111f22.3
si:ch211-1f22.5,sich2111f22.5
si:ch211-1f22.9,sich2111f22.9
si:ch211-201h21.5,sich211201h21.5
si:ch211-202h22.9,sich211202h22.9
si:ch211-202n12.2,sich211202n12.2
si:ch211-205a14.3,sich211205a14.3
si:ch211-207c7.2,sich211207c7.2
si:ch211-207e19.2,sich211207e19.2
si:ch211-209a2.1,sich211209a2.1
si:ch211-209f23.7,sich211209f23.7
si:ch211-209n20.59,sich211209n20.59
si:ch211-212c13.8,sich211212c13.8
si:ch211-212k18.6,sich211212k18.6
si:ch211-215e19.3,sich211215e19.3
si:ch211-215e19.4,sich211215e19.4
si:ch211-215e19.8,sich211215e19.8
si:ch211-215m21.22,sich211215m21.22
si:ch211-217k17.11,sich211217k17.11
si:ch211-218m3.11,sich211218m3.11
si:ch211-218m3.13,sich211218m3.13
si:ch211-218m3.18,sich211218m3.18
si:ch211-218m3.19,sich211218m3.19
si:ch211-222f23.6,sich211222f23.6
si:ch211-223g7.6,sich211223g7.6
si:ch211-225k7.3,sich211225k7.3
si:ch211-225k7.5,sich211225k7.5
si:ch211-225k7.6,sich211225k7.6
si:ch211-226h7.8,sich211226h7.8
si:ch211-227e10.1,sich211227e10.1
si:ch211-227e10.6,sich211227e10.6
si:ch211-229l10.4,sich211229l10.4
si:ch211-229l10.9,sich211229l10.9
si:ch211-230g14.3,sich211230g14.3
si:ch211-232d10.1,sich211232d10.1
si:ch211-232h12.2,sich211232h12.2
si:ch211-234c11.2,sich211234c11.2
si:ch211-236p22.1,sich211236p22.1
si:ch211-237a4.2,sich211237a4.2
si:ch211-238e22.2,sich211238e22.2
si:ch211-238e22.7,sich211238e22.7
si:ch211-238g23.1,sich211238g23.1
si:ch211-238p8.10,sich211238p8.10
si:ch211-238p8.24,sich211238p8.24
si:ch211-240l19.7,sich211240l19.7
si:ch211-240l19.8,sich211240l19.8
si:ch211-243a20.3,sich211243a20.3
si:ch211-243a20.4,sich211243a20.4
si:ch211-243p7.3,sich211243p7.3
si:ch211-244a23.1,sich211244a23.1
si:ch211-246b8.5,sich211246b8.5
si:ch211-246e12.3,sich211246e12.3
si:ch211-248a14.8,sich211248a14.8
si:ch211-249c2.1,sich211249c2.1
si:ch211-249h16.8,sich211249h16.8
si:ch211-250n8.1,sich211250n8.1
si:ch211-253p14.2,sich211253p14.2
si:ch211-253p18.5,sich211253p18.5
si:ch211-255a21.2,sich211255a21.2
si:ch211-255f4.11,sich211255f4.11
si:ch211-255f4.2,sich211255f4.2
si:ch211-255g12.6,sich211255g12.6
si:ch211-256e16.8,sich211256e16.8
si:ch211-25g7.5,sich21125g7.5
si:ch211-262i1.4,sich211262i1.4
si:ch211-265g22.4,sich211265g22.4
si:ch211-26b3.4,sich21126b3.4
si:ch211-271e10.1,sich211271e10.1
si:ch211-271e10.6,sich211271e10.6
si:ch211-272b8.7,sich211272b8.7
si:ch211-272h9.3,sich211272h9.3
si:ch211-274p24.2,sich211274p24.2
si:ch211-276a17.5,sich211276a17.5
si:ch211-276i6.1,sich211276i6.1
si:ch211-277c7.6,sich211277c7.6
si:ch211-281k19.2,sich211281k19.2
si:ch211-282j17.1,sich211282j17.1
si:ch211-282j17.10,sich211282j17.10
si:ch211-282j17.2,sich211282j17.2
si:ch211-284d12.3,sich211284d12.3
si:ch211-284e13.11,sich211284e13.11
si:ch211-285c6.2,sich211285c6.2
si:ch211-285c6.5,sich211285c6.5
si:ch211-285j22.3,sich211285j22.3
si:ch211-286o17.1,sich211286o17.1
si:ch211-287a12.9,sich211287a12.9
si:ch211-28p3.3,sich21128p3.3
si:ch211-33e4.2,sich21133e4.2
si:ch211-38m6.7,sich21138m6.7
si:ch211-39f2.3,sich21139f2.3
si:ch211-45c16.2,sich21145c16.2
si:ch211-51i16.1,sich21151i16.1
si:ch211-53m15.2,sich21153m15.2
si:ch211-57h10.1,sich21157h10.1
si:ch211-57m13.10,sich21157m13.10
si:ch211-57m13.6,sich21157m13.6
si:ch211-57m13.9,sich21157m13.9
si:ch211-57n23.1,sich21157n23.1
si:ch211-63b16.3,sich21163b16.3
si:ch211-66c13.1,sich21166c13.1
si:ch211-67n3.9,sich21167n3.9
si:ch211-71m22.1,sich21171m22.1
si:ch211-73m21.1,sich21173m21.1
si:ch211-76m11.15,sich21176m11.15
si:ch211-76m11.3,sich21176m11.3
si:ch211-76m11.5,sich21176m11.5
si:ch211-76m11.8,sich21176m11.8
si:ch211-76m11.9,sich21176m11.9
si:ch211-8c17.2,sich2118c17.2
si:ch211-93g21.2,sich21193g21.2
si:ch211-9d9.7,sich2119d9.7
si:ch211-9n13.3,sich2119n13.3
si:ch73-105b23.1,sich73105b23.1
si:ch73-106n3.1,sich73106n3.1
si:ch73-106n3.2,sich73106n3.2
si:ch73-109d9.4,sich73109d9.4
si:ch73-113g13.1,sich73113g13.1
si:ch73-113g13.3,sich73113g13.3
si:ch73-122g19.1,sich73122g19.1
si:ch73-138i16.1,sich73138i16.1
si:ch73-139j3.4,sich73139j3.4
si:ch73-160i9.1,sich73160i9.1
si:ch73-170d6.4,sich73170d6.4
si:ch73-174h16.5,sich73174h16.5
si:ch73-180n10.1,sich73180n10.1
si:ch73-193i2.2,sich73193i2.2
si:ch73-193i22.1,sich73193i22.1
si:ch73-194c23.1,sich73194c23.1
si:ch73-194h10.3,sich73194h10.3
si:ch73-197b13.1,sich73197b13.1
si:ch73-205h11.1,sich73205h11.1
si:ch73-21d24.1,sich7321d24.1
si:ch73-233f7.3,sich73233f7.3
si:ch73-233f7.4,sich73233f7.4
si:ch73-233f7.5,sich73233f7.5
si:ch73-233f7.6,sich73233f7.6
si:ch73-233f7.7,sich73233f7.7
si:ch73-233f7.8,sich73233f7.8
si:ch73-236c18.6,sich73236c18.6
si:ch73-256j6.2,sich73256j6.2
si:ch73-256j6.3,sich73256j6.3
si:ch73-256j6.5,sich73256j6.5
si:ch73-256j6.6,sich73256j6.6
si:ch73-262h23.4,sich73262h23.4
si:ch73-27e22.4,sich7327e22.4
si:ch73-289h5.4,sich73289h5.4
si:ch73-289h5.5,sich73289h5.5
si:ch73-313l22.2,sich73313l22.2
si:ch73-315f9.2,sich73315f9.2
si:ch73-322b17.4,sich73322b17.4
si:ch73-334d15.4,sich73334d15.4
si:ch73-335l21.3,sich73335l21.3
si:ch73-343l4.5,sich73343l4.5
si:ch73-343l4.8,sich73343l4.8
si:ch73-345f18.3,sich73345f18.3
si:ch73-34h11.1,sich7334h11.1
si:ch73-358j7.2,sich73358j7.2
si:ch73-359m17.11,sich73359m17.11
si:ch73-359m17.8,sich73359m17.8
si:ch73-364h19.1,sich73364h19.1
si:ch73-368j24.10,sich73368j24.10
si:ch73-368j24.3,sich73368j24.3
si:ch73-376l24.6,sich73376l24.6
si:ch73-379f5.5,sich73379f5.5
si:ch73-379j16.2,sich73379j16.2
si:ch73-380l3.3,sich73380l3.3
si:ch73-51i5.2,sich7351i5.2
si:ch73-52p7.1,sich7352p7.1
si:ch73-55i23.1,sich7355i23.1
si:ch73-90p23.1,sich7390p23.1
si:ch73-91k6.1,sich7391k6.1
si:ch73-92i20.1,sich7392i20.1
si:ch73-94k4.1,sich7394k4.1
si:ch73-94k4.5,sich7394k4.5
si:dkey-102c8.2,sidkey102c8.2
si:dkey-102c8.3,sidkey102c8.3
si:dkey-103j14.5,sidkey103j14.5
si:dkey-103k4.1,sidkey103k4.1
si:dkey-103k4.2,sidkey103k4.2
si:dkey-108k24.2,sidkey108k24.2
si:dkey-112g5.11,sidkey112g5.11
si:dkey-112g5.12,sidkey112g5.12
si:dkey-114l24.2,sidkey114l24.2
si:dkey-117a8.4,sidkey117a8.4
si:dkey-117n7.4,sidkey117n7.4
si:dkey-119m7.4,sidkey119m7.4
si:dkey-11d18.4,sidkey11d18.4
si:dkey-11m19.5,sidkey11m19.5
si:dkey-11p23.7,sidkey11p23.7
si:dkey-121n8.8,sidkey121n8.8
si:dkey-13n15.11,sidkey13n15.11
si:dkey-13p1.3,sidkey13p1.3
si:dkey-146c18.2,sidkey146c18.2
si:dkey-146c18.5,sidkey146c18.5
si:dkey-146m20.13,sidkey146m20.13
si:dkey-148a17.6,sidkey148a17.6
si:dkey-149i17.7,sidkey149i17.7
si:dkey-14o6.4,sidkey14o6.4
si:dkey-151j17.4,sidkey151j17.4
si:dkey-153k10.9,sidkey153k10.9
si:dkey-156k2.7,sidkey156k2.7
si:dkey-162b23.4,sidkey162b23.4
si:dkey-163f12.11,sidkey163f12.11
si:dkey-163m14.2,sidkey163m14.2
si:dkey-165e24.1,sidkey165e24.1
si:dkey-16m19.1,sidkey16m19.1
si:dkey-16p19.5,sidkey16p19.5
si:dkey-16p6.1,sidkey16p6.1
si:dkey-16p6.4,sidkey16p6.4
si:dkey-174k12.3,sidkey174k12.3
si:dkey-174m14.3,sidkey174m14.3
si:dkey-178j11.5,sidkey178j11.5
si:dkey-181c13.1,sidkey181c13.1
si:dkey-181m19.17,sidkey181m19.17
si:dkey-182g1.10,sidkey182g1.10
si:dkey-182o15.5,sidkey182o15.5
si:dkey-183k8.2,sidkey183k8.2
si:dkey-187j14.7,sidkey187j14.7
si:dkey-187k19.2,sidkey187k19.2
si:dkey-190j3.4,sidkey190j3.4
si:dkey-190j3.6,sidkey190j3.6
si:dkey-191c17.2,sidkey191c17.2
si:dkey-191j3.2,sidkey191j3.2
si:dkey-196n19.2,sidkey196n19.2
si:dkey-199f5.3,sidkey199f5.3
si:dkey-199m13.7,sidkey199m13.7
si:dkey-19a16.13,sidkey19a16.13
si:dkey-19b23.13,sidkey19b23.13
si:dkey-1c7.1,sidkey1c7.1
si:dkey-1h24.6,sidkey1h24.6
si:dkey-201i6.8,sidkey201i6.8
si:dkey-201k7.1,sidkey201k7.1
si:dkey-203a12.9,sidkey203a12.9
si:dkey-207m2.4,sidkey207m2.4
si:dkey-208m12.3,sidkey208m12.3
si:dkey-211g8.1,sidkey211g8.1
si:dkey-211i20.5,sidkey211i20.5
si:dkey-21e2.10,sidkey21e2.10
si:dkey-21e2.15,sidkey21e2.15
si:dkey-21e2.16,sidkey21e2.16
si:dkey-21h14.10,sidkey21h14.10
si:dkey-21h14.12,sidkey21h14.12
si:dkey-220a11.5,sidkey220a11.5
si:dkey-220f10.4,sidkey220f10.4
si:dkey-220o21.3,sidkey220o21.3
si:dkey-220o21.4,sidkey220o21.4
si:dkey-222f8.3,sidkey222f8.3
si:dkey-222h21.10,sidkey222h21.10
si:dkey-222h21.11,sidkey222h21.11
si:dkey-222h21.12,sidkey222h21.12
si:dkey-222h21.2,sidkey222h21.2
si:dkey-222h21.3,sidkey222h21.3
si:dkey-224b4.5,sidkey224b4.5
si:dkey-22i16.7,sidkey22i16.7
si:dkey-22p6.2,sidkey22p6.2
si:dkey-230i18.2,sidkey230i18.2
si:dkey-230p4.1,sidkey230p4.1
si:dkey-234i14.12,sidkey234i14.12
si:dkey-234l24.1,sidkey234l24.1
si:dkey-236e20.3,sidkey236e20.3
si:dkey-237g15.2,sidkey237g15.2
si:dkey-237m9.1,sidkey237m9.1
si:dkey-238d18.10,sidkey238d18.10
si:dkey-238d18.12,sidkey238d18.12
si:dkey-238d18.8,sidkey238d18.8
si:dkey-238k10.1,sidkey238k10.1
si:dkey-238k10.2,sidkey238k10.2
si:dkey-238k10.3,sidkey238k10.3
si:dkey-238m4.3,sidkey238m4.3
si:dkey-238m4.4,sidkey238m4.4
si:dkey-239b22.1,sidkey239b22.1
si:dkey-239n17.6,sidkey239n17.6
si:dkey-23a13.1,sidkey23a13.1
si:dkey-23f9.9,sidkey23f9.9
si:dkey-23k10.2,sidkey23k10.2
si:dkey-240h12.4,sidkey240h12.4
si:dkey-240n22.3,sidkey240n22.3
si:dkey-245p14.4,sidkey245p14.4
si:dkey-246e3.4,sidkey246e3.4
si:dkey-247i3.6,sidkey247i3.6
si:dkey-249p7.4,sidkey249p7.4
si:dkey-24c2.7,sidkey24c2.7
si:dkey-24c2.9,sidkey24c2.9
si:dkey-256e7.5,sidkey256e7.5
si:dkey-256i11.3,sidkey256i11.3
si:dkey-260g12.1,sidkey260g12.1
si:dkey-261h17.1,sidkey261h17.1
si:dkey-261j11.1,sidkey261j11.1
si:dkey-261m9.9,sidkey261m9.9
si:dkey-261o4.8,sidkey261o4.8
si:dkey-261o4.9,sidkey261o4.9
si:dkey-264f17.3,sidkey264f17.3
si:dkey-265e15.2,sidkey265e15.2
si:dkey-26g8.4,sidkey26g8.4
si:dkey-26h11.2,sidkey26h11.2
si:dkey-26i13.3,sidkey26i13.3
si:dkey-26i13.7,sidkey26i13.7
si:dkey-26m3.3,sidkey26m3.3
si:dkey-277m11.2,sidkey277m11.2
si:dkey-27j5.10,sidkey27j5.10
si:dkey-27j5.6,sidkey27j5.6
si:dkey-27n6.1,sidkey27n6.1
si:dkey-27p18.7,sidkey27p18.7
si:dkey-286h2.3,sidkey286h2.3
si:dkey-28d5.1,sidkey28d5.1
si:dkey-28d5.10,sidkey28d5.10
si:dkey-28d5.3,sidkey28d5.3
si:dkey-28k24.2,sidkey28k24.2
si:dkey-29j8.1,sidkey29j8.1
si:dkey-29j8.3,sidkey29j8.3
si:dkey-31b16.7,sidkey31b16.7
si:dkey-31i7.2,sidkey31i7.2
si:dkey-31m5.5,sidkey31m5.5
si:dkey-31n13.4,sidkey31n13.4
si:dkey-32n7.8,sidkey32n7.8
si:dkey-32n7.9,sidkey32n7.9
si:dkey-33b17.3,sidkey33b17.3
si:dkey-33c12.12,sidkey33c12.12
si:dkey-33c3.1,sidkey33c3.1
si:dkey-33m11.7,sidkey33m11.7
si:dkey-33o22.1,sidkey33o22.1
si:dkey-34f9.3,sidkey34f9.3
si:dkey-3d18.5,sidkey3d18.5
si:dkey-3h2.2,sidkey3h2.2
si:dkey-3h2.3,sidkey3h2.3
si:dkey-3h2.4,sidkey3h2.4
si:dkey-3k20.1,sidkey3k20.1
si:dkey-3p4.1,sidkey3p4.1
si:dkey-42l16.1,sidkey42l16.1
si:dkey-42l23.1,sidkey42l23.1
si:dkey-42l23.4,sidkey42l23.4
si:dkey-42l23.5,sidkey42l23.5
si:dkey-42l23.6,sidkey42l23.6
si:dkey-42l23.9,sidkey42l23.9
si:dkey-47k20.1,sidkey47k20.1
si:dkey-49c17.4,sidkey49c17.4
si:dkey-49n23.3,sidkey49n23.3
si:dkey-4c15.8,sidkey4c15.8
si:dkey-4c23.5,sidkey4c23.5
si:dkey-4e4.1,sidkey4e4.1
si:dkey-4j21.2,sidkey4j21.2
si:dkey-51d8.3,sidkey51d8.3
si:dkey-53k12.2,sidkey53k12.2
si:dkey-56e3.2,sidkey56e3.2
si:dkey-56f14.4,sidkey56f14.4
si:dkey-56i24.1,sidkey56i24.1
si:dkey-56m15.2,sidkey56m15.2
si:dkey-57a22.15,sidkey57a22.15
si:dkey-58b18.5,sidkey58b18.5
si:dkey-58b18.8,sidkey58b18.8
si:dkey-58f10.10,sidkey58f10.10
si:dkey-58f10.11,sidkey58f10.11
si:dkey-58f6.2,sidkey58f6.2
si:dkey-58j15.11,sidkey58j15.11
si:dkey-61p9.9,sidkey61p9.9
si:dkey-63d15.12,sidkey63d15.12
si:dkey-65b13.1,sidkey65b13.1
si:dkey-68l7.2,sidkey68l7.2
si:dkey-6f10.3,sidkey6f10.3
si:dkey-71l4.3,sidkey71l4.3
si:dkey-73n10.8,sidkey73n10.8
si:dkey-74h17.3,sidkey74h17.3
si:dkey-77f5.8,sidkey77f5.8
si:dkey-78l4.12,sidkey78l4.12
si:dkey-78l4.5,sidkey78l4.5
si:dkey-78o7.3,sidkey78o7.3
si:dkey-80c24.5,sidkey80c24.5
si:dkey-82i20.1,sidkey82i20.1
si:dkey-82k12.13,sidkey82k12.13
si:dkey-83f18.15,sidkey83f18.15
si:dkey-83f18.2,sidkey83f18.2
si:dkey-83f18.4,sidkey83f18.4
si:dkey-83f18.5,sidkey83f18.5
si:dkey-83f18.6,sidkey83f18.6
si:dkey-83f18.8,sidkey83f18.8
si:dkey-84h14.1,sidkey84h14.1
si:dkey-85k7.12,sidkey85k7.12
si:dkey-86l18.10,sidkey86l18.10
si:dkey-88n24.3,sidkey88n24.3
si:dkey-88n24.7,sidkey88n24.7
si:dkey-88n24.9,sidkey88n24.9
si:dkey-93h22.4,sidkey93h22.4
si:dkey-96n2.3,sidkey96n2.3
si:dkey-9p20.1,sidkey9p20.1
si:dkeyp-104b3.1,sidkeyp104b3.1
si:dkeyp-104b3.2,sidkeyp104b3.2
si:dkeyp-104f11.9,sidkeyp104f11.9
si:dkeyp-106c3.2,sidkeyp106c3.2
si:dkeyp-106c3.3,sidkeyp106c3.3
si:dkeyp-107f9.2,sidkeyp107f9.2
si:dkeyp-110c12.3,sidkeyp110c12.3
si:dkeyp-115d7.2,sidkeyp115d7.2
si:dkeyp-117h8.2,sidkeyp117h8.2
si:dkeyp-122a9.2,sidkeyp122a9.2
si:dkeyp-13d12.23,sidkeyp13d12.23
si:dkeyp-26a9.7,sidkeyp26a9.7
si:dkeyp-30d6.2,sidkeyp30d6.2
si:dkeyp-32g11.8,sidkeyp32g11.8
si:dkeyp-34f6.4,sidkeyp34f6.4
si:dkeyp-3f10.12,sidkeyp3f10.12
si:dkeyp-44b5.4,sidkeyp44b5.4
si:dkeyp-46h3.1,sidkeyp46h3.1
si:dkeyp-57d7.4,sidkeyp57d7.4
si:dkeyp-69c1.7,sidkeyp69c1.7
si:dkeyp-73g8.5,sidkeyp73g8.5
si:dkeyp-75b4.7,sidkeyp75b4.7
si:dkeyp-75b4.8,sidkeyp75b4.8
si:dkeyp-75h12.7,sidkeyp75h12.7
si:dkeyp-77c8.4,sidkeyp77c8.4
si:dkeyp-77c8.5,sidkeyp77c8.5
si:dkeyp-80c12.8,sidkeyp80c12.8
si:dkeyp-82h4.1,sidkeyp82h4.1
si:dkeyp-85h7.1,sidkeyp85h7.1
si:dkeyp-90h9.1,sidkeyp90h9.1
si:dkeyp-93a5.2,sidkeyp93a5.2
si:dkeyp-93a5.3,sidkeyp93a5.3
si:dkeyp-97e7.9,sidkeyp97e7.9
si:dkeyp-9d4.2,sidkeyp9d4.2
si:rp71-17i16.4,sirp7117i16.4
si:rp71-17i16.6,sirp7117i16.6
si:rp71-1f1.5,sirp711f1.5
si:rp71-62i8.1,sirp7162i8.1
si:rp71-7l19.2,sirp717l19.2
si:zfos-1056e6.1,sizfos1056e6.1
si:zfos-169g10.2,sizfos169g10.2
si:zfos-2372e4.1,sizfos2372e4.1
si:zfos-364h11.1,sizfos364h11.1
si:zfos-375h5.1,sizfos375h5.1
sinhcafl,sinhcafl
sipa1l2,sipa1l2
sirt7,sirt7
SLA (1 of many),SLA (1 of many)
slc12a10.2,slc12a10.2
slc12a10.3,slc12a10.3
slc16a2,slc16a2
slc16a6a,slc16a6a
slc16a6b,slc16a6b
slc1a2a,slc1a2a
slc1a8a,slc1a8a
SLC22A7 (1 of many),SLC22A7 (1 of many)
slc22a7a,slc22a7a
slc25a35,slc25a35
slc25a40,slc25a40
slc26a3.2,slc26a3.2
slc26a4,slc26a4
slc27a1b,slc27a1b
SLC29A4 (1 of many),SLC29A4 (1 of many)
slc34a2a,slc34a2a
slc35e2b,slc35e2b
slc35f2l,slc35f2l
slc35f4,slc35f4
slc37a4b,slc37a4b
slc39a6,slc39a6
slc44a4,slc44a4
SLC45A4 (1 of many),SLC45A4 (1 of many)
SLC46A3 (1 of many),SLC46A3 (1 of many)
slc5a3a,slc5a3a
slc6a18,slc6a18
slc6a1l,slc6a1l
SLC7A1 (1 of many),SLC7A1 (1 of many)
slc7a11,slc7a11
slc7a14b,slc7a14b
slc9a1b,slc9a1b
slc9a1b.1,slc9a1b.1
slco1f1,slco1f1
SLCO3A1 (1 of many),SLCO3A1 (1 of many)
slit2,slit2
slx1b,slx1b
smtlb,smtlb
smyhc3,smyhc3
snx20,snx20
snx9b,snx9b
socs1b,socs1b
soga3,soga3
sorcs3b,sorcs3b
sp3b,sp3b
SP5 (1 of many),SP5 (1 of many)
spef2,spef2
sphkap,sphkap
spsb3b,spsb3b
srd5a2a,srd5a2a
sspn,sspn
st18,st18
st3gal1l2,st3gal1l2
st7,st7
st8sia3,st8sia3
stimate,stimate
stk24b,stk24b
stox2a,stox2a
stra6l,stra6l
stxbp1a,stxbp1a
stxbp5a,stxbp5a
sult1st4,sult1st4
sult1st6,sult1st6
susd5,susd5
sycn.1,sycn.1
sycn.3,sycn.3
syn3,syn3
syt18b,syt18b
syt1a,syt1a
taar10a,taar10a
taar10c,taar10c
taar10d,taar10d
taar12c,taar12c
taar12e,taar12e
taar12h,taar12h
taar12i,taar12i
taar13b,taar13b
taar13d,taar13d
taar14a,taar14a
taar14b,taar14b
taar14e,taar14e
taar14f,taar14f
taar14h,taar14h
taar14i,taar14i
taar14j,taar14j
taar14l,taar14l
taar16g,taar16g
taar17a,taar17a
taar18a,taar18a
taar18c,taar18c
taar18e,taar18e
taar18h,taar18h
taar18i,taar18i
taar19b,taar19b
taar19c,taar19c
taar19d,taar19d
taar19e,taar19e
taar19h,taar19h
taar19i,taar19i
taar19k,taar19k
taar19l,taar19l
taar19n,taar19n
taar19o,taar19o
taar19p,taar19p
taar19s,taar19s
taar1b,taar1b
taar20a,taar20a
taar20a1,taar20a1
taar20b,taar20b
taar20b1,taar20b1
taar20c,taar20c
taar20d1,taar20d1
taar20f,taar20f
taar20j,taar20j
taar20o,taar20o
taar20p,taar20p
taar20q,taar20q
taar20r,taar20r
taar20t,taar20t
taar20x,taar20x
tac1,tac1
taf8,taf8
tagapb,tagapb
tagln,tagln
tas1r1,tas1r1
tas1r3,tas1r3
tas2r203,tas2r203
tbc1d10c,tbc1d10c
tcf3b,tcf3b
TCIM (1 of many),TCIM (1 of many)
tcnba,tcnba
tdrd7b,tdrd7b
tecra,tecra
tenm1,tenm1
tenm3,tenm3
terb2,terb2
tex15,tex15
tfap2b,tfap2b
tfpia,tfpia
tgm1l5,tgm1l5
tgm2a,tgm2a
th2,th2
tha1,tha1
thtpa,thtpa
tie1,tie1
timd4,timd4
tjap1,tjap1
tm4sf5,tm4sf5
tm7sf2,tm7sf2
tma16,tma16
tmed1a,tmed1a
tmem107,tmem107
tmem121b,tmem121b
tmem134,tmem134
tmem144a,tmem144a
tmem151bb,tmem151bb
TMEM179 (1 of many),TMEM179 (1 of many)
tmem182b,tmem182b
TMEM196 (1 of many),TMEM196 (1 of many)
tmem206,tmem206
TMEM235 (1 of many),TMEM235 (1 of many)
tmem255b,tmem255b
tmem256,tmem256
tmem26a,tmem26a
tmem54b,tmem54b
tmem8a,tmem8a
tmprss12,tmprss12
tmtopsa,tmtopsa
tnfa,tnfa
tnfaip8l2a,tnfaip8l2a
tnni1a,tnni1a
tnni3k,tnni3k
tnrc6a,tnrc6a
tns3.1,tns3.1
tnxbb,tnxbb
tor1l1,tor1l1
tor1l2,tor1l2
tp53bp1,tp53bp1
trabd2a,trabd2a
tradv14.0,tradv14.0
tradv15.0,tradv15.0
tradv24.0.5,tradv24.0.5
tradv25.0.4,tradv25.0.4
tradv26.0,tradv26.0
trak1b,trak1b
trappc2,trappc2
trdn,trdn
trgv1,trgv1
trhde.2,trhde.2
trim2a,trim2a
trim35-14,trim35-14
trim35-21,trim35-21
trim35-29,trim35-29
trim59,trim59
trmt1l,trmt1l
trpc2b,trpc2b
trpm6,trpm6
tshba,tshba
tspan5a,tspan5a
TSTA3 (1 of many),TSTA3 (1 of many)
ttyh2l,ttyh2l
tunar,tunar
twist3,twist3
txndc5,txndc5
tyrp1b,tyrp1b
ucmab,ucmab
ugdh,ugdh
ugt1b2,ugt1b2
ugt1b4,ugt1b4
ugt2a1,ugt2a1
ugt2a4,ugt2a4
ugt2b3,ugt2b3
ulk1b,ulk1b
unc45b,unc45b
unm-sa1506,unm-sa1506
upp2,upp2
usp43b,usp43b
USP53 (1 of many),USP53 (1 of many)
UST (1 of many),UST (1 of many)
utp18,utp18
utrnp,utrnp
uts2a,uts2a
v2ra16,v2ra16
v2ra18,v2ra18
v2rh10,v2rh10
v2rh14,v2rh14
v2rh32,v2rh32
v2rl1,v2rl1
v2rx1,v2rx1
v2rx3,v2rx3
v2rx4,v2rx4
vap,vap
vav3a,vav3a
vav3b,vav3b
vax2,vax2
vim,vim
vtg4,vtg4
vtg5,vtg5
vtg6,vtg6
vtg7,vtg7
vwc2,vwc2
vwc2l,vwc2l
wdr38,wdr38
wisp1a,wisp1a
wnt4a,wnt4a
wnt4b,wnt4b
wu:fc31d10,wufc31d10
wu:fc34e06,wufc34e06
wu:fd14a01,wufd14a01
wu:fd46c06,wufd46c06
wu:fi09b08,wufi09b08
wu:fj20b03,wufj20b03
wu:fl23c11,wufl23c11
xcr1b.3,xcr1b.3
xkr8.1,xkr8.1
XLOC-000357,XLOC-000357
LOC108190059.1,LOC108190059.1
XLOC-000523,XLOC-000523
XLOC-000574,XLOC-000574
XLOC-000695,XLOC-000695
XLOC-000817,XLOC-000817
XLOC-001661,XLOC-001661
XLOC-001673,XLOC-001673
XLOC-001741,XLOC-001741
XLOC-001768,XLOC-001768
XLOC-002406,XLOC-002406
XLOC-002497,XLOC-002497
XLOC-002522,XLOC-002522
XLOC-002636,XLOC-002636
XLOC-002639,XLOC-002639
XLOC-002642,XLOC-002642
XLOC-002644,XLOC-002644
XLOC-002703,XLOC-002703
LOC103911776.1,LOC103911776.1
XLOC-002962,XLOC-002962
LOC108191643.1,LOC108191643.1
XLOC-003223,XLOC-003223
LOC110438906,LOC110438906
LOC108191636,LOC108191636
XLOC-004437,XLOC-004437
XLOC-004878,XLOC-004878
XLOC-004950,XLOC-004950
XLOC-004951,XLOC-004951
XLOC-005004,XLOC-005004
XLOC-005056,XLOC-005056
LOC110440142.1,LOC110440142.1
XLOC-005448,XLOC-005448
XLOC-005449,XLOC-005449
XLOC-005647,XLOC-005647
XLOC-005660,XLOC-005660
XLOC-006317,XLOC-006317
XLOC-006500,XLOC-006500
XLOC-006511,XLOC-006511
XLOC-007126,XLOC-007126
XLOC-007139,XLOC-007139
XLOC-007209,XLOC-007209
XLOC-007242,XLOC-007242
XLOC-007423,XLOC-007423
XLOC-007573,XLOC-007573
XLOC-007676,XLOC-007676
XLOC-008030,XLOC-008030
XLOC-008474,XLOC-008474
XLOC-008724,XLOC-008724
XLOC-009289,XLOC-009289
XLOC-009340,XLOC-009340
XLOC-009541,XLOC-009541
XLOC-009558,XLOC-009558
LOC100333749.1,LOC100333749.1
XLOC-009632,XLOC-009632
XLOC-009780,XLOC-009780
XLOC-009794,XLOC-009794
XLOC-009861,XLOC-009861
XLOC-010161,XLOC-010161
XLOC-010278,XLOC-010278
XLOC-010331,XLOC-010331
XLOC-010604,XLOC-010604
XLOC-011066,XLOC-011066
XLOC-011119,XLOC-011119
LOC101885705.1,LOC101885705.1
XLOC-011156,XLOC-011156
LOC103909037.1,LOC103909037.1
XLOC-011609,XLOC-011609
XLOC-011830,XLOC-011830
XLOC-011844,XLOC-011844
XLOC-011861,XLOC-011861
XLOC-011868,XLOC-011868
XLOC-012083,XLOC-012083
XLOC-012427,XLOC-012427
XLOC-012620,XLOC-012620
XLOC-012822,XLOC-012822
XLOC-012935,XLOC-012935
XLOC-012973,XLOC-012973
XLOC-013711,XLOC-013711
XLOC-014079,XLOC-014079
XLOC-014082,XLOC-014082
XLOC-014093,XLOC-014093
XLOC-014102,XLOC-014102
XLOC-014173,XLOC-014173
XLOC-014238,XLOC-014238
XLOC-014460,XLOC-014460
XLOC-014530,XLOC-014530
XLOC-014911,XLOC-014911
LOC101883771,LOC101883771
XLOC-015075,XLOC-015075
XLOC-015228,XLOC-015228
XLOC-015286,XLOC-015286
XLOC-015422,XLOC-015422
XLOC-016003,XLOC-016003
XLOC-016005,XLOC-016005
LOC101884032.1,LOC101884032.1
XLOC-016097,XLOC-016097
XLOC-016165,XLOC-016165
XLOC-016189,XLOC-016189
XLOC-016199,XLOC-016199
XLOC-016780,XLOC-016780
XLOC-016789,XLOC-016789
XLOC-016791,XLOC-016791
XLOC-016793,XLOC-016793
XLOC-016801,XLOC-016801
XLOC-016804,XLOC-016804
LOC101884586.1,LOC101884586.1
XLOC-016974,XLOC-016974
XLOC-017252,XLOC-017252
XLOC-017424,XLOC-017424
XLOC-018000,XLOC-018000
LOC103909381.1,LOC103909381.1
XLOC-018236,XLOC-018236
XLOC-018368,XLOC-018368
LOC103909306.1,LOC103909306.1
LOC103909382.1,LOC103909382.1
LOC110437744,LOC110437744
XLOC-019725,XLOC-019725
XLOC-019960,XLOC-019960
XLOC-019963,XLOC-019963
XLOC-020301,XLOC-020301
XLOC-020499,XLOC-020499
XLOC-020651,XLOC-020651
LOC101882460.1,LOC101882460.1
LOC108179085,LOC108179085
XLOC-021253,XLOC-021253
XLOC-021256,XLOC-021256
XLOC-021262,XLOC-021262
XLOC-021387,XLOC-021387
XLOC-021984,XLOC-021984
XLOC-022171,XLOC-022171
LOC108181461,LOC108181461
XLOC-023345,XLOC-023345
XLOC-023348,XLOC-023348
XLOC-023375,XLOC-023375
XLOC-023404,XLOC-023404
XLOC-023519,XLOC-023519
XLOC-023704,XLOC-023704
XLOC-023730,XLOC-023730
XLOC-023769,XLOC-023769
XLOC-023770,XLOC-023770
XLOC-023835,XLOC-023835
XLOC-023943,XLOC-023943
XLOC-024353,XLOC-024353
XLOC-024358,XLOC-024358
XLOC-024440,XLOC-024440
LOC101883538,LOC101883538
XLOC-024493,XLOC-024493
XLOC-025423,XLOC-025423
XLOC-025495,XLOC-025495
XLOC-025509,XLOC-025509
XLOC-025568,XLOC-025568
XLOC-025671,XLOC-025671
XLOC-026547,XLOC-026547
XLOC-026554,XLOC-026554
XLOC-026746,XLOC-026746
XLOC-026835,XLOC-026835
XLOC-026836,XLOC-026836
XLOC-026848,XLOC-026848
XLOC-026881,XLOC-026881
LOC110439128.1,LOC110439128.1
LOC101883104,LOC101883104
XLOC-027751,XLOC-027751
XLOC-027772,XLOC-027772
XLOC-027907,XLOC-027907
XLOC-028023,XLOC-028023
LOC110439422.1,LOC110439422.1
XLOC-028370,XLOC-028370
XLOC-028371,XLOC-028371
XLOC-028473,XLOC-028473
XLOC-028498,XLOC-028498
XLOC-028659,XLOC-028659
XLOC-028716,XLOC-028716
XLOC-029061,XLOC-029061
LOC103910763.1,LOC103910763.1
XLOC-029661,XLOC-029661
XLOC-030515,XLOC-030515
XLOC-030610,XLOC-030610
LOC101882492.1,LOC101882492.1
LOC101882584,LOC101882584
LOC101882663,LOC101882663
XLOC-030940,XLOC-030940
XLOC-031364,XLOC-031364
XLOC-031544,XLOC-031544
LOC108183760,LOC108183760
XLOC-031786,XLOC-031786
XLOC-031824,XLOC-031824
XLOC-032001,XLOC-032001
XLOC-032002,XLOC-032002
XLOC-032264,XLOC-032264
XLOC-032267,XLOC-032267
XLOC-032270,XLOC-032270
LOC100149554.1,LOC100149554.1
XLOC-033136,XLOC-033136
XLOC-033137,XLOC-033137
XLOC-033366,XLOC-033366
XLOC-034178,XLOC-034178
XLOC-034224,XLOC-034224
XLOC-034393,XLOC-034393
XLOC-034435,XLOC-034435
XLOC-034550,XLOC-034550
XLOC-034936,XLOC-034936
XLOC-035103,XLOC-035103
XLOC-035194,XLOC-035194
XLOC-035196,XLOC-035196
LOC110437859,LOC110437859
XLOC-035229,XLOC-035229
XLOC-035465,XLOC-035465
XLOC-035540,XLOC-035540
XLOC-035694,XLOC-035694
XLOC-036242,XLOC-036242
XLOC-036254,XLOC-036254
LOC110439864.1,LOC110439864.1
LOC110439867,LOC110439867
XLOC-036754,XLOC-036754
XLOC-036755,XLOC-036755
XLOC-036926,XLOC-036926
XLOC-036963,XLOC-036963
XLOC-037073,XLOC-037073
XLOC-037763,XLOC-037763
XLOC-037785,XLOC-037785
LOC103908683.1,LOC103908683.1
si:cabz01068815.1.1,sicabz01068815.1.1
XLOC-038939,XLOC-038939
XLOC-039086,XLOC-039086
XLOC-039295,XLOC-039295
XLOC-039747,XLOC-039747
XLOC-039748,XLOC-039748
LOC101882501.1,LOC101882501.1
XLOC-039765,XLOC-039765
XLOC-039971,XLOC-039971
XLOC-039979,XLOC-039979
LOC110439999.1,LOC110439999.1
XLOC-040452,XLOC-040452
XLOC-040495,XLOC-040495
XLOC-040584,XLOC-040584
XLOC-040910,XLOC-040910
XLOC-041052,XLOC-041052
XLOC-041297,XLOC-041297
XLOC-041531,XLOC-041531
XLOC-041558,XLOC-041558
XLOC-041559,XLOC-041559
XLOC-041672,XLOC-041672
XLOC-041870,XLOC-041870
LOC101886946.1,LOC101886946.1
XLOC-042465,XLOC-042465
XLOC-042485,XLOC-042485
XLOC-042488,XLOC-042488
XLOC-042510,XLOC-042510
XLOC-042930,XLOC-042930
XLOC-042978,XLOC-042978
XLOC-043071,XLOC-043071
XLOC-043092,XLOC-043092
XLOC-043174,XLOC-043174
XLOC-043216,XLOC-043216
XLOC-043261,XLOC-043261
chst8,chst8
cul9.1,cul9.1
LOC101884025.1,LOC101884025.1
XLOC-043370,XLOC-043370
XLOC-043390,XLOC-043390
XLOC-043444,XLOC-043444
XLOC-043489,XLOC-043489
XLOC-043534,XLOC-043534
XLOC-043690,XLOC-043690
XLOC-043696,XLOC-043696
XLOC-043716,XLOC-043716
XLOC-043742,XLOC-043742
XLOC-043761,XLOC-043761
XLOC-043772,XLOC-043772
XLOC-043834,XLOC-043834
XLOC-043910,XLOC-043910
XLOC-043912,XLOC-043912
XLOC-043918,XLOC-043918
XLOC-043934,XLOC-043934
LOC110438512.1,LOC110438512.1
XLOC-044229,XLOC-044229
yrdc,yrdc
zap70,zap70
zc3h3,zc3h3
zgc:101699,zgc101699
zgc:101840,zgc101840
zgc:112052,zgc112052
zgc:112416,zgc112416
zgc:113142,zgc113142
zgc:113223,zgc113223
zgc:113691,zgc113691
zgc:113984,zgc113984
zgc:123181,zgc123181
zgc:123244,zgc123244
zgc:136333,zgc136333
zgc:136472,zgc136472
zgc:136864,zgc136864
zgc:136930,zgc136930
zgc:152774,zgc152774
zgc:153039,zgc153039
zgc:153642,zgc153642
zgc:154006,zgc154006
zgc:158296,zgc158296
zgc:158345,zgc158345
zgc:158366,zgc158366
zgc:158423,zgc158423
zgc:162060,zgc162060
zgc:162144,zgc162144
zgc:162183,zgc162183
zgc:162936,zgc162936
zgc:162941,zgc162941
zgc:162945,zgc162945
zgc:162999,zgc162999
zgc:163061,zgc163061
zgc:163073,zgc163073
zgc:165583,zgc165583
zgc:171422,zgc171422
zgc:171566,zgc171566
zgc:171579,zgc171579
zgc:172075,zgc172075
zgc:172143,zgc172143
zgc:173607,zgc173607
zgc:174180,zgc174180
zgc:174353,zgc174353
zgc:174564,zgc174564
zgc:174690,zgc174690
zgc:193593,zgc193593
zgc:194221,zgc194221
zgc:194392,zgc194392
zgc:194686,zgc194686
zgc:55621,zgc55621
zgc:64051,zgc64051
zgc:65811,zgc65811
zgc:65851,zgc65851
zgc:66156,zgc66156
zgc:77158,zgc77158
zmp:0000000545,zmp0000000545
zmp:0000000629,zmp0000000629
zmp:0000000634,zmp0000000634
zmp:0000001103,zmp0000001103
zmp:0000001132,zmp0000001132
zmp:0000001175,zmp0000001175
zmynd11,zmynd11
zmynd12,zmynd12
znf1004,znf1004
znf1021,znf1021
znf1023,znf1023
znf1026,znf1026
znf1046,znf1046
znf1053,znf1053
znf1060,znf1060
znf1062,znf1062
znf1067,znf1067
znf1076,znf1076
znf1085,znf1085
znf1102,znf1102
znf1104,znf1104
znf1108,znf1108
znf1115,znf1115
znf1118,znf1118
znf1121,znf1121
znf1127,znf1127
znf1137,znf1137
znf1146,znf1146
znf1165,znf1165
znf384l,znf384l
ZNF521 (1 of many),ZNF521 (1 of many)
ZNF821,ZNF821
znf974,znf974
znf980,znf980
znf985,znf985
znf993,znf993
znfl1l,znfl1l
zp2l1,zp2l1
LOC100750260,LOC100750260
LOC100750260.1,LOC100750260.1
LOC101886030,LOC101886030
LOC103910015,LOC103910015
LOC110438473,LOC110438473
actc1a,actc1a
adcyap1r1a,adcyap1r1a
adcyap1r1b,adcyap1r1b
adgra1a.1,adgra1a.1
ap3s1,ap3s1
ap3s1.1,ap3s1.1
bicd2,bicd2
btr04,btr04
btr16.1,btr16.1
btr18.1,btr18.1
c1ql1a,c1ql1a
c1ql3b,c1ql3b
cabp4,cabp4
CABZ01043953.1.1,CABZ01043953.1.1
calm1a,calm1a
calm3a,calm3a
camsap3,camsap3
ccdc136b,ccdc136b
chst8.1,chst8.1
cks2,cks2
cldn20,cldn20
coa1,coa1
col27a1a,col27a1a
col27a1a.1,col27a1a.1
cplx3a,cplx3a
cpne8,cpne8
crhr2,crhr2
crhr2.1,crhr2.1
crhr2.2,crhr2.2
ctbp2l.1,ctbp2l.1
ctxn1,ctxn1
sim2,sim2
dtx4b,dtx4b
ebf1a,ebf1a
ebf3a,ebf3a
efna5b,efna5b
erc2.1,erc2.1
erc2.2,erc2.2
ewsr1b,ewsr1b
exosc3,exosc3
FAM107A (1 of many),FAM107A (1 of many)
fam155a,fam155a
fam155a.1,fam155a.1
fbn1.1,fbn1.1
fbxo11a,fbxo11a
fbxo11b,fbxo11b
fgfbp1a,fgfbp1a
fgfbp1b,fgfbp1b
flnb,flnb
flnbl,flnbl
flrt2,flrt2
foxk2,foxk2
frmd5,frmd5
frmd7,frmd7
fsip1,fsip1
fsip1.1,fsip1.1
gaa3-as,gaa3-as
galnt10,galnt10
gga3a,gga3a
golim4a,golim4a
golim4a.1,golim4a.1
grxcr1b,grxcr1b
grxcr1a,grxcr1a
gzf1,gzf1
h3f3a,h3f3a
hist1h2a4,hist1h2a4
hist1h4l,hist1h4l
hnrnpa0l,hnrnpa0l
hp,hp
hpdl,hpdl
HTRA2 (1 of many).1,HTRA2 (1 of many).1
HTRA2 (1 of many).4,HTRA2 (1 of many).4
HTRA2 (1 of many).6,HTRA2 (1 of many).6
HTRA2 (1 of many).8,HTRA2 (1 of many).8
HTRA2 (1 of many).9,HTRA2 (1 of many).9
HTRA2 (1 of many).10,HTRA2 (1 of many).10
HTRA2 (1 of many).11,HTRA2 (1 of many).11
itln1,itln1
itln1l,itln1l
kcnb2,kcnb2
kcnh1a,kcnh1a
kcnh1b,kcnh1b
kif1c,kif1c
kif1cl,kif1cl
kif5ba,kif5ba
kif5bb,kif5bb
kmo,kmo
lhfpl6,lhfpl6
lin28a,lin28a
LOC100002202,LOC100002202
LOC100002266.1,LOC100002266.1
LOC100005187.1,LOC100005187.1
LOC100005536,LOC100005536
LOC100005689,LOC100005689
LOC100006401,LOC100006401
LOC100006752,LOC100006752
LOC100007608.1,LOC100007608.1
LOC100149475,LOC100149475
LOC100149554.2,LOC100149554.2
LOC100149700,LOC100149700
LOC100150882,LOC100150882
LOC100329358,LOC100329358
LOC100330186,LOC100330186
LOC100330746.1,LOC100330746.1
LOC100330864,LOC100330864
LOC100332329,LOC100332329
LOC100333482,LOC100333482
LOC100334706,LOC100334706
LOC100334934,LOC100334934
LOC100534805,LOC100534805
LOC100534993,LOC100534993
LOC100535033,LOC100535033
LOC100537384,LOC100537384
LOC100537538,LOC100537538
LOC100538032.1,LOC100538032.1
LOC101882257.1,LOC101882257.1
LOC101882606,LOC101882606
LOC101882617,LOC101882617
LOC101882848,LOC101882848
LOC101883088,LOC101883088
LOC101883431,LOC101883431
LOC101883466,LOC101883466
LOC101883804,LOC101883804
LOC101884100,LOC101884100
LOC101884202,LOC101884202
LOC101884281,LOC101884281
LOC101884401,LOC101884401
LOC101885014,LOC101885014
LOC101885220,LOC101885220
LOC101885457,LOC101885457
LOC101885479.1,LOC101885479.1
LOC101885528.1,LOC101885528.1
LOC101885580,LOC101885580
LOC101885921,LOC101885921
LOC101886601.1,LOC101886601.1
LOC101886911,LOC101886911
LOC103908680,LOC103908680
LOC103908802,LOC103908802
LOC103908846.1,LOC103908846.1
LOC103908978.1,LOC103908978.1
LOC103909072,LOC103909072
LOC103909111,LOC103909111
LOC103909209,LOC103909209
LOC103909212.1,LOC103909212.1
LOC103909566,LOC103909566
LOC103909812,LOC103909812
LOC103909899,LOC103909899
LOC103909901,LOC103909901
LOC103909923,LOC103909923
LOC103909944,LOC103909944
LOC103909971.1,LOC103909971.1
LOC103910001,LOC103910001
LOC103910155,LOC103910155
LOC103910192,LOC103910192
LOC103910311,LOC103910311
LOC103910489,LOC103910489
LOC103910984,LOC103910984
LOC103911377,LOC103911377
LOC103911531.1,LOC103911531.1
LOC103911812,LOC103911812
LOC103911814.1,LOC103911814.1
LOC108179070,LOC108179070
LOC108179074,LOC108179074
LOC108179085.1,LOC108179085.1
LOC108179656,LOC108179656
LOC108180087.1,LOC108180087.1
LOC108181225,LOC108181225
LOC108181627,LOC108181627
LOC108182866,LOC108182866
LOC108182912.1,LOC108182912.1
LOC108182930,LOC108182930
LOC108183320,LOC108183320
LOC108183355,LOC108183355
LOC108183464.1,LOC108183464.1
LOC108190449,LOC108190449
LOC108190746,LOC108190746
LOC108190747,LOC108190747
LOC108191475,LOC108191475
LOC108191704,LOC108191704
LOC110437731,LOC110437731
LOC110437744.1,LOC110437744.1
LOC110437759,LOC110437759
LOC110437917,LOC110437917
LOC110437968,LOC110437968
LOC110438308.1,LOC110438308.1
LOC110438484,LOC110438484
LOC110438491,LOC110438491
LOC110438495,LOC110438495
LOC110438534,LOC110438534
LOC110439320,LOC110439320
LOC110439500,LOC110439500
LOC110439795.1,LOC110439795.1
LOC110439837,LOC110439837
LOC110439849,LOC110439849
LOC110440146,LOC110440146
LOC110440160,LOC110440160
LOC110440168,LOC110440168
LOC405768,LOC405768
LOC553308,LOC553308
LOC556707,LOC556707
LOC557811,LOC557811
LOC562770,LOC562770
LOC564610.1,LOC564610.1
LOC570115,LOC570115
LOC570405.1,LOC570405.1
LOC571912,LOC571912
LOC799072,LOC799072
lrig3,lrig3
lrig3.1,lrig3.1
lrig3.2,lrig3.2
lrp5.1,lrp5.1
lrp5.2,lrp5.2
mb21d2,mb21d2
mchr2l,mchr2l
megf8,megf8
megf8l,megf8l
meis2a,meis2a
meis2b,meis2b
mepce,mepce
mir2193.1,mir2193.1
mmd2b,mmd2b
MPP4 (1 of many),MPP4 (1 of many)
mprip,mprip
myhz1.1,myhz1.1
myo9bl,myo9bl
naa40,naa40
nadsyn1,nadsyn1
nadsyn1.1,nadsyn1.1
neto2a,neto2a
neto2b,neto2b
XLOC-044309,XLOC-044309
XLOC-044310,XLOC-044310
XLOC-044313,XLOC-044313
XLOC-044314,XLOC-044314
XLOC-044316,XLOC-044316
XLOC-044317,XLOC-044317
XLOC-044318,XLOC-044318
XLOC-044320,XLOC-044320
XLOC-044322,XLOC-044322
XLOC-044323,XLOC-044323
XLOC-044324,XLOC-044324
XLOC-044325,XLOC-044325
XLOC-044326,XLOC-044326
XLOC-044327,XLOC-044327
nxph4,nxph4
pcdh20,pcdh20
pcdh20.1,pcdh20.1
pimr108,pimr108
pimr197.1,pimr197.1
pimr205,pimr205
pkn2,pkn2
plcb4,plcb4
pou2f2a,pou2f2a
ppp1r15b-1,ppp1r15b-1
ppp1r15b-2,ppp1r15b-2
ppp2caa,ppp2caa
ppp2r2ba,ppp2r2ba
ppp2r2ca,ppp2r2ca
prtga,prtga
prtga.1,prtga.1
psmd2,psmd2
ptgfrn,ptgfrn
ptprsa,ptprsa
ptprsb,ptprsb
rap1gap,rap1gap
rasal1a,rasal1a
rasgrp2,rasgrp2
rasgrp2l,rasgrp2l
rassf4a,rassf4a
rgs9bp,rgs9bp
rimbp2,rimbp2
rnps1,rnps1
rpl37,rpl37
rps17,rps17
rrm2,rrm2
scg5,scg5
sec14l1,sec14l1
serp1,serp1
shroom3,shroom3
shroom3.1,shroom3.1
si:busm1-105l16.2,sibusm1105l16.2
si:cabz01076231.1,sicabz01076231.1
si:ch1073-153i20.2.1,sich1073153i20.2.1
si:ch1073-153i20.3,sich1073153i20.3
si:ch1073-157b13.1,sich1073157b13.1
si:ch1073-159d7.10.1,sich1073159d7.10.1
si:ch1073-159d7.13,sich1073159d7.13
si:ch1073-159d7.5.1,sich1073159d7.5.1
si:ch1073-159d7.6,sich1073159d7.6
si:ch1073-284b18.2,sich1073284b18.2
si:ch1073-429i10.3.1,sich1073429i10.3.1
si:ch211-113a14.15,sich211113a14.15
si:ch211-113a14.17,sich211113a14.17
si:ch211-113a14.19,sich211113a14.19
si:ch211-113a14.22,sich211113a14.22
si:ch211-113a14.26,sich211113a14.26
si:ch211-113a14.27,sich211113a14.27
si:ch211-113a14.29,sich211113a14.29
si:ch211-113a14.6,sich211113a14.6
dtx4a,dtx4a
si:ch211-11p18.6,sich21111p18.6
si:ch211-11p18.6.1,sich21111p18.6.1
si:ch211-132g1.7,sich211132g1.7
si:ch211-161m3.2.1,sich211161m3.2.1
si:ch211-182e10.4,sich211182e10.4
si:ch211-196c10.15,sich211196c10.15
si:ch211-200p22.4,sich211200p22.4
si:ch211-235e9.8.2,sich211235e9.8.2
si:ch211-247l8.10,sich211247l8.10
si:ch211-262e15.1,sich211262e15.1
si:ch211-269c21.2,sich211269c21.2
si:ch211-285j22.3.1,sich211285j22.3.1
slc4a5a,slc4a5a
si:ch73-103b11.2,sich73103b11.2
si:ch73-103b2.1.1,sich73103b2.1.1
si:ch73-110p20.1,sich73110p20.1
gga3b,gga3b
si:ch73-167i17.6,sich73167i17.6
si:ch73-187m15.4,sich73187m15.4
si:ch73-236c18.2,sich73236c18.2
si:ch73-236c18.2.1,sich73236c18.2.1
mpp4b,mpp4b
si:ch73-287m6.1,sich73287m6.1
si:ch73-368j24.10.1,sich73368j24.10.1
si:ch73-368j24.14,sich73368j24.14
si:ch73-368j24.8,sich73368j24.8
si:ch73-368j24.9,sich73368j24.9
si:ch73-36p18.4,sich7336p18.4
hist1h2a9,hist1h2a9
si:ch73-40i7.2,sich7340i7.2
si:ch73-51i5.2.1,sich7351i5.2.1
si:dkey-106c17.2,sidkey106c17.2
si:dkey-106c17.2.1,sidkey106c17.2.1
si:dkey-108k21.12,sidkey108k21.12
si:dkey-108k21.13,sidkey108k21.13
si:dkey-108k21.18,sidkey108k21.18
hist1h2a10,hist1h2a10
si:dkey-108k21.27,sidkey108k21.27
si:dkey-108k21.28,sidkey108k21.28
grxcr1a.1,grxcr1a.1
si:dkey-112g5.12.1,sidkey112g5.12.1
si:dkey-13n23.3.1,sidkey13n23.3.1
si:dkey-165n16.5,sidkey165n16.5
si:dkey-166d12.2,sidkey166d12.2
si:dkey-192j17.1,sidkey192j17.1
si:dkey-222b8.1,sidkey222b8.1
si:dkey-237i9.1,sidkey237i9.1
si:dkey-239n17.4,sidkey239n17.4
si:dkey-23a13.1.1,sidkey23a13.1.1
si:dkey-23a13.5,sidkey23a13.5
si:dkey-23a13.6,sidkey23a13.6
si:dkey-23a13.7,sidkey23a13.7
si:dkey-23a13.8,sidkey23a13.8
si:dkey-261m9.17,sidkey261m9.17
si:dkey-261m9.9.3,sidkey261m9.9.3
si:dkey-261m9.9.4,sidkey261m9.9.4
si:dkey-263j23.1,sidkey263j23.1
si:dkey-29p9.3,sidkey29p9.3
si:dkey-30j16.3,sidkey30j16.3
si:dkey-33c12.5,sidkey33c12.5
si:dkey-63j12.4,sidkey63j12.4
si:dkey-63j12.4.1,sidkey63j12.4.1
si:dkey-65b13.8,sidkey65b13.8
si:dkey-65l23.2,sidkey65l23.2
si:dkey-6f10.4,sidkey6f10.4
si:dkey-87k14.1,sidkey87k14.1
si:dkeyp-13d11.2,sidkeyp13d11.2
si:dkeyp-34c12.4,sidkeyp34c12.4
sim2.1,sim2.1
slc16a7,slc16a7
slc25a29,slc25a29
slc25a29b,slc25a29b
slc39a3,slc39a3
slc39a3.1,slc39a3.1
slc4a5b,slc4a5b
smyhc2,smyhc2
socs5a,socs5a
synpr,synpr
taco1,taco1
tatdn3,tatdn3
tbc1d9a,tbc1d9a
tbc1d9b,tbc1d9b
tmem151a,tmem151a
tmem88b,tmem88b
tnpo2,tnpo2
tom1l2a,tom1l2a
tom1l2b,tom1l2b
trpm2,trpm2
trpm2-as,trpm2-as
ttc8,ttc8
ttc8.1,ttc8.1
txn,txn
ublcp1,ublcp1
wbp11,wbp11
wdr21,wdr21
wu:fc33b09,wufc33b09
wu:fd14a01.1,wufd14a01.1
ybey,ybey
zak,zak
zdhhc21,zdhhc21
zdhhc21.1,zdhhc21.1
zgc:112966,zgc112966
zgc:112966.1,zgc112966.1
zgc:113516.1,zgc113516.1
zgc:113984.1,zgc113984.1
hist1h2a4.1,hist1h2a4.1
zgc:114188,zgc114188
zgc:153409,zgc153409
zgc:153916,zgc153916
zgc:162239,zgc162239
zgc:162239.1,zgc162239.1
zgc:163040,zgc163040
zgc:163040.1,zgc163040.1
zgc:165507,zgc165507
zgc:165555,zgc165555
zgc:165555.2,zgc165555.2
zgc:165555.3,zgc165555.3
zgc:171572,zgc171572
zgc:171759,zgc171759
zgc:171929,zgc171929
zgc:173552,zgc173552
zgc:174193,zgc174193
zgc:174356,zgc174356
zgc:174944,zgc174944
zgc:174944.1,zgc174944.1
zgc:194906,zgc194906
zgc:194906.1,zgc194906.1
ppp2cab,ppp2cab
zgc:56493,zgc56493
zgc:86839,zgc86839
zgc:92744,zgc92744
CT573186.2,CT573186.2
taar18b,taar18b
LOC108191590,LOC108191590
wu:fa26c03,wufa26c03
si:dkey-269i1.3,sidkey269i1.3
si:dkey-26g8.5,sidkey26g8.5
LOC103911992,LOC103911992
si:ch211-116o3.6,sich211116o3.6
CR848784.5,CR848784.5
si:ch211-198e20.10,sich211198e20.10
BX908796.5,BX908796.5
lgals9l4,lgals9l4
LOC110437924.1,LOC110437924.1
si:dkey-199f5.4,sidkey199f5.4
LOC101884510,LOC101884510
LOC101884250,LOC101884250
LOC110437898,LOC110437898
LOC101883005,LOC101883005
si:dkey-65b13.9,sidkey65b13.9
AL929237.2,AL929237.2
CR385078.6,CR385078.6
LOC108180351,LOC108180351
LOC101886033,LOC101886033
LOC101883451,LOC101883451
BX649295.1,BX649295.1
LOC100537147,LOC100537147
LOC101883052.1,LOC101883052.1
CR354430.1,CR354430.1
LOC108181677,LOC108181677
LOC101882990,LOC101882990
si:dkey-261m9.18,sidkey261m9.18
hist1h4l.2,hist1h4l.2
hist1h4l.3,hist1h4l.3
LOC103910615,LOC103910615
si:ch211-246n15.2,sich211246n15.2
LOC103910744.1,LOC103910744.1
LOC108183851,LOC108183851
LOC100535857,LOC100535857
si:dkey-27n6.1.1,sidkey27n6.1.1
LOC101886954,LOC101886954
AL935186.9.1,AL935186.9.1
LOC103911096,LOC103911096
LOC101887034,LOC101887034
LOC100537138,LOC100537138
LOC798495,LOC798495
LOC564660,LOC564660
LOC110439931,LOC110439931
crygm2b,crygm2b
nek5,nek5
LOC100536144,LOC100536144
BX649431.4,BX649431.4
taar12f,taar12f
sipa1l2.1,sipa1l2.1
taar10c.1,taar10c.1